<?xml version="1.0" encoding="utf-8"?>
<gpx version="1.1"><trk><trkseg>
<trkpt lat="33.00469" lon="35.21547"><ele>351.0</ele><time>2013-09-19T15:06:00Z</time></trkpt>
<trkpt lat="33.00509" lon="35.21557"><ele>351.0</ele><time>2013-09-19T15:06:09Z</time></trkpt>
<trkpt lat="33.00518" lon="35.21563"><ele>351.0</ele><time>2013-09-19T15:06:15Z</time></trkpt>
<trkpt lat="33.00524" lon="35.21555"><ele>350.0</ele><time>2013-09-19T15:06:19Z</time></trkpt>
<trkpt lat="33.00531" lon="35.21549"><ele>350.0</ele><time>2013-09-19T15:06:22Z</time></trkpt>
<trkpt lat="33.0054" lon="35.21545"><ele>350.0</ele><time>2013-09-19T15:06:25Z</time></trkpt>
<trkpt lat="33.00548" lon="35.21544"><ele>350.0</ele><time>2013-09-19T15:06:28Z</time></trkpt>
<trkpt lat="33.00556" lon="35.21539"><ele>350.0</ele><time>2013-09-19T15:06:32Z</time></trkpt>
<trkpt lat="33.00557" lon="35.21527"><ele>349.0</ele><time>2013-09-19T15:06:36Z</time></trkpt>
<trkpt lat="33.00549" lon="35.21517"><ele>349.0</ele><time>2013-09-19T15:06:39Z</time></trkpt>
<trkpt lat="33.00542" lon="35.21506"><ele>348.0</ele><time>2013-09-19T15:06:42Z</time></trkpt>
<trkpt lat="33.00532" lon="35.21502"><ele>348.0</ele><time>2013-09-19T15:06:46Z</time></trkpt>
<trkpt lat="33.00523" lon="35.215"><ele>347.0</ele><time>2013-09-19T15:06:49Z</time></trkpt>
<trkpt lat="33.00515" lon="35.21491"><ele>346.0</ele><time>2013-09-19T15:06:52Z</time></trkpt>
<trkpt lat="33.00517" lon="35.21479"><ele>345.0</ele><time>2013-09-19T15:06:54Z</time></trkpt>
<trkpt lat="33.00523" lon="35.21468"><ele>344.0</ele><time>2013-09-19T15:06:56Z</time></trkpt>
<trkpt lat="33.00529" lon="35.2146"><ele>344.0</ele><time>2013-09-19T15:06:58Z</time></trkpt>
<trkpt lat="33.00537" lon="35.21454"><ele>343.0</ele><time>2013-09-19T15:07:01Z</time></trkpt>
<trkpt lat="33.00543" lon="35.21445"><ele>342.0</ele><time>2013-09-19T15:07:04Z</time></trkpt>
<trkpt lat="33.00538" lon="35.21434"><ele>341.0</ele><time>2013-09-19T15:07:08Z</time></trkpt>
<trkpt lat="33.00534" lon="35.21422"><ele>341.0</ele><time>2013-09-19T15:07:12Z</time></trkpt>
<trkpt lat="33.00531" lon="35.21408"><ele>341.0</ele><time>2013-09-19T15:07:15Z</time></trkpt>
<trkpt lat="33.00532" lon="35.21395"><ele>341.0</ele><time>2013-09-19T15:07:18Z</time></trkpt>
<trkpt lat="33.00537" lon="35.21386"><ele>341.0</ele><time>2013-09-19T15:07:21Z</time></trkpt>
<trkpt lat="33.00544" lon="35.21377"><ele>341.0</ele><time>2013-09-19T15:07:24Z</time></trkpt>
<trkpt lat="33.00551" lon="35.21366"><ele>342.0</ele><time>2013-09-19T15:07:27Z</time></trkpt>
<trkpt lat="33.00556" lon="35.21355"><ele>341.0</ele><time>2013-09-19T15:07:29Z</time></trkpt>
<trkpt lat="33.00561" lon="35.21344"><ele>341.0</ele><time>2013-09-19T15:07:30Z</time></trkpt>
<trkpt lat="33.00567" lon="35.21332"><ele>341.0</ele><time>2013-09-19T15:07:32Z</time></trkpt>
<trkpt lat="33.00575" lon="35.21322"><ele>341.0</ele><time>2013-09-19T15:07:34Z</time></trkpt>
<trkpt lat="33.00583" lon="35.21311"><ele>341.0</ele><time>2013-09-19T15:07:36Z</time></trkpt>
<trkpt lat="33.0059" lon="35.213"><ele>340.0</ele><time>2013-09-19T15:07:38Z</time></trkpt>
<trkpt lat="33.00599" lon="35.21287"><ele>340.0</ele><time>2013-09-19T15:07:40Z</time></trkpt>
<trkpt lat="33.00607" lon="35.21274"><ele>339.0</ele><time>2013-09-19T15:07:42Z</time></trkpt>
<trkpt lat="33.00615" lon="35.21261"><ele>338.0</ele><time>2013-09-19T15:07:44Z</time></trkpt>
<trkpt lat="33.00625" lon="35.21249"><ele>337.0</ele><time>2013-09-19T15:07:46Z</time></trkpt>
<trkpt lat="33.00634" lon="35.21236"><ele>336.0</ele><time>2013-09-19T15:07:48Z</time></trkpt>
<trkpt lat="33.00641" lon="35.21221"><ele>336.0</ele><time>2013-09-19T15:07:50Z</time></trkpt>
<trkpt lat="33.00646" lon="35.21204"><ele>335.0</ele><time>2013-09-19T15:07:52Z</time></trkpt>
<trkpt lat="33.00647" lon="35.21194"><ele>335.0</ele><time>2013-09-19T15:07:53Z</time></trkpt>
<trkpt lat="33.00649" lon="35.21184"><ele>334.0</ele><time>2013-09-19T15:07:54Z</time></trkpt>
<trkpt lat="33.0065" lon="35.21173"><ele>333.0</ele><time>2013-09-19T15:07:55Z</time></trkpt>
<trkpt lat="33.00651" lon="35.21162"><ele>332.0</ele><time>2013-09-19T15:07:56Z</time></trkpt>
<trkpt lat="33.00652" lon="35.21152"><ele>331.0</ele><time>2013-09-19T15:07:57Z</time></trkpt>
<trkpt lat="33.00654" lon="35.21141"><ele>331.0</ele><time>2013-09-19T15:07:58Z</time></trkpt>
<trkpt lat="33.00655" lon="35.2113"><ele>330.0</ele><time>2013-09-19T15:08:00Z</time></trkpt>
<trkpt lat="33.00656" lon="35.21119"><ele>330.0</ele><time>2013-09-19T15:08:01Z</time></trkpt>
<trkpt lat="33.00657" lon="35.21108"><ele>329.0</ele><time>2013-09-19T15:08:02Z</time></trkpt>
<trkpt lat="33.00658" lon="35.21097"><ele>328.0</ele><time>2013-09-19T15:08:03Z</time></trkpt>
<trkpt lat="33.0066" lon="35.2108"><ele>326.0</ele><time>2013-09-19T15:08:05Z</time></trkpt>
<trkpt lat="33.0066" lon="35.21067"><ele>325.0</ele><time>2013-09-19T15:08:07Z</time></trkpt>
<trkpt lat="33.00659" lon="35.21055"><ele>325.0</ele><time>2013-09-19T15:08:11Z</time></trkpt>
<trkpt lat="33.00657" lon="35.21042"><ele>324.0</ele><time>2013-09-19T15:08:13Z</time></trkpt>
<trkpt lat="33.00657" lon="35.21031"><ele>323.0</ele><time>2013-09-19T15:08:16Z</time></trkpt>
<trkpt lat="33.00656" lon="35.21017"><ele>323.0</ele><time>2013-09-19T15:08:19Z</time></trkpt>
<trkpt lat="33.00656" lon="35.21005"><ele>322.0</ele><time>2013-09-19T15:08:21Z</time></trkpt>
<trkpt lat="33.00656" lon="35.20992"><ele>321.0</ele><time>2013-09-19T15:08:23Z</time></trkpt>
<trkpt lat="33.00654" lon="35.2098"><ele>320.0</ele><time>2013-09-19T15:08:25Z</time></trkpt>
<trkpt lat="33.00654" lon="35.20967"><ele>320.0</ele><time>2013-09-19T15:08:27Z</time></trkpt>
<trkpt lat="33.00654" lon="35.20951"><ele>320.0</ele><time>2013-09-19T15:08:29Z</time></trkpt>
<trkpt lat="33.00653" lon="35.20936"><ele>319.0</ele><time>2013-09-19T15:08:30Z</time></trkpt>
<trkpt lat="33.00654" lon="35.2092"><ele>319.0</ele><time>2013-09-19T15:08:32Z</time></trkpt>
<trkpt lat="33.00655" lon="35.20904"><ele>319.0</ele><time>2013-09-19T15:08:34Z</time></trkpt>
<trkpt lat="33.00662" lon="35.20892"><ele>318.0</ele><time>2013-09-19T15:08:36Z</time></trkpt>
<trkpt lat="33.00676" lon="35.20893"><ele>317.0</ele><time>2013-09-19T15:08:38Z</time></trkpt>
<trkpt lat="33.00682" lon="35.209"><ele>317.0</ele><time>2013-09-19T15:08:39Z</time></trkpt>
<trkpt lat="33.00693" lon="35.20911"><ele>316.0</ele><time>2013-09-19T15:08:41Z</time></trkpt>
<trkpt lat="33.00702" lon="35.20921"><ele>316.0</ele><time>2013-09-19T15:08:43Z</time></trkpt>
<trkpt lat="33.00712" lon="35.20932"><ele>316.0</ele><time>2013-09-19T15:08:45Z</time></trkpt>
<trkpt lat="33.00722" lon="35.20944"><ele>316.0</ele><time>2013-09-19T15:08:47Z</time></trkpt>
<trkpt lat="33.00731" lon="35.20956"><ele>316.0</ele><time>2013-09-19T15:08:49Z</time></trkpt>
<trkpt lat="33.00739" lon="35.2097"><ele>315.0</ele><time>2013-09-19T15:08:51Z</time></trkpt>
<trkpt lat="33.00745" lon="35.20985"><ele>315.0</ele><time>2013-09-19T15:08:53Z</time></trkpt>
<trkpt lat="33.0075" lon="35.21"><ele>315.0</ele><time>2013-09-19T15:08:55Z</time></trkpt>
<trkpt lat="33.00753" lon="35.21015"><ele>316.0</ele><time>2013-09-19T15:08:57Z</time></trkpt>
<trkpt lat="33.00757" lon="35.21029"><ele>317.0</ele><time>2013-09-19T15:09:00Z</time></trkpt>
<trkpt lat="33.00761" lon="35.21042"><ele>317.0</ele><time>2013-09-19T15:09:02Z</time></trkpt>
<trkpt lat="33.00764" lon="35.21054"><ele>318.0</ele><time>2013-09-19T15:09:04Z</time></trkpt>
<trkpt lat="33.00767" lon="35.21066"><ele>318.0</ele><time>2013-09-19T15:09:07Z</time></trkpt>
<trkpt lat="33.0077" lon="35.21075"><ele>318.0</ele><time>2013-09-19T15:09:25Z</time></trkpt>
<trkpt lat="33.00773" lon="35.21088"><ele>319.0</ele><time>2013-09-19T15:09:29Z</time></trkpt>
<trkpt lat="33.00776" lon="35.21099"><ele>320.0</ele><time>2013-09-19T15:09:31Z</time></trkpt>
<trkpt lat="33.00779" lon="35.21111"><ele>320.0</ele><time>2013-09-19T15:09:34Z</time></trkpt>
<trkpt lat="33.00783" lon="35.21123"><ele>320.0</ele><time>2013-09-19T15:09:37Z</time></trkpt>
<trkpt lat="33.00786" lon="35.21133"><ele>320.0</ele><time>2013-09-19T15:09:39Z</time></trkpt>
<trkpt lat="33.00789" lon="35.21142"><ele>320.0</ele><time>2013-09-19T15:09:41Z</time></trkpt>
<trkpt lat="33.00791" lon="35.21151"><ele>319.0</ele><time>2013-09-19T15:09:43Z</time></trkpt>
<trkpt lat="33.00795" lon="35.21165"><ele>320.0</ele><time>2013-09-19T15:09:46Z</time></trkpt>
<trkpt lat="33.00799" lon="35.21178"><ele>320.0</ele><time>2013-09-19T15:09:49Z</time></trkpt>
<trkpt lat="33.00803" lon="35.2119"><ele>321.0</ele><time>2013-09-19T15:09:52Z</time></trkpt>
<trkpt lat="33.00806" lon="35.21203"><ele>321.0</ele><time>2013-09-19T15:09:55Z</time></trkpt>
<trkpt lat="33.0081" lon="35.21215"><ele>321.0</ele><time>2013-09-19T15:09:58Z</time></trkpt>
<trkpt lat="33.00814" lon="35.21228"><ele>321.0</ele><time>2013-09-19T15:10:02Z</time></trkpt>
<trkpt lat="33.00818" lon="35.21239"><ele>322.0</ele><time>2013-09-19T15:10:05Z</time></trkpt>
<trkpt lat="33.00821" lon="35.21252"><ele>323.0</ele><time>2013-09-19T15:10:08Z</time></trkpt>
<trkpt lat="33.00824" lon="35.21264"><ele>324.0</ele><time>2013-09-19T15:10:11Z</time></trkpt>
<trkpt lat="33.00825" lon="35.21276"><ele>325.0</ele><time>2013-09-19T15:10:14Z</time></trkpt>
<trkpt lat="33.00825" lon="35.21288"><ele>326.0</ele><time>2013-09-19T15:10:17Z</time></trkpt>
<trkpt lat="33.00825" lon="35.21299"><ele>326.0</ele><time>2013-09-19T15:10:20Z</time></trkpt>
<trkpt lat="33.00825" lon="35.2131"><ele>326.0</ele><time>2013-09-19T15:10:23Z</time></trkpt>
<trkpt lat="33.00825" lon="35.21321"><ele>326.0</ele><time>2013-09-19T15:10:26Z</time></trkpt>
<trkpt lat="33.00826" lon="35.21332"><ele>327.0</ele><time>2013-09-19T15:10:29Z</time></trkpt>
<trkpt lat="33.00827" lon="35.21343"><ele>328.0</ele><time>2013-09-19T15:10:31Z</time></trkpt>
<trkpt lat="33.00828" lon="35.21355"><ele>328.0</ele><time>2013-09-19T15:10:34Z</time></trkpt>
<trkpt lat="33.00828" lon="35.21367"><ele>329.0</ele><time>2013-09-19T15:10:37Z</time></trkpt>
<trkpt lat="33.00829" lon="35.21379"><ele>329.0</ele><time>2013-09-19T15:10:40Z</time></trkpt>
<trkpt lat="33.0083" lon="35.21391"><ele>330.0</ele><time>2013-09-19T15:10:43Z</time></trkpt>
<trkpt lat="33.00832" lon="35.21403"><ele>330.0</ele><time>2013-09-19T15:10:46Z</time></trkpt>
<trkpt lat="33.00834" lon="35.21415"><ele>331.0</ele><time>2013-09-19T15:10:49Z</time></trkpt>
<trkpt lat="33.00836" lon="35.21427"><ele>332.0</ele><time>2013-09-19T15:10:52Z</time></trkpt>
<trkpt lat="33.00838" lon="35.21438"><ele>333.0</ele><time>2013-09-19T15:10:55Z</time></trkpt>
<trkpt lat="33.00841" lon="35.21447"><ele>334.0</ele><time>2013-09-19T15:10:58Z</time></trkpt>
<trkpt lat="33.00843" lon="35.2146"><ele>334.0</ele><time>2013-09-19T15:11:03Z</time></trkpt>
<trkpt lat="33.00845" lon="35.21471"><ele>335.0</ele><time>2013-09-19T15:11:07Z</time></trkpt>
<trkpt lat="33.00847" lon="35.21481"><ele>335.0</ele><time>2013-09-19T15:11:11Z</time></trkpt>
<trkpt lat="33.00849" lon="35.21493"><ele>336.0</ele><time>2013-09-19T15:11:16Z</time></trkpt>
<trkpt lat="33.00851" lon="35.21503"><ele>337.0</ele><time>2013-09-19T15:11:20Z</time></trkpt>
<trkpt lat="33.00853" lon="35.21513"><ele>338.0</ele><time>2013-09-19T15:11:24Z</time></trkpt>
<trkpt lat="33.00855" lon="35.21524"><ele>339.0</ele><time>2013-09-19T15:11:28Z</time></trkpt>
<trkpt lat="33.00857" lon="35.21535"><ele>340.0</ele><time>2013-09-19T15:11:31Z</time></trkpt>
<trkpt lat="33.0086" lon="35.21546"><ele>341.0</ele><time>2013-09-19T15:11:35Z</time></trkpt>
<trkpt lat="33.00862" lon="35.21557"><ele>341.0</ele><time>2013-09-19T15:11:39Z</time></trkpt>
<trkpt lat="33.00863" lon="35.21568"><ele>342.0</ele><time>2013-09-19T15:11:43Z</time></trkpt>
<trkpt lat="33.00865" lon="35.2158"><ele>343.0</ele><time>2013-09-19T15:11:47Z</time></trkpt>
<trkpt lat="33.00865" lon="35.21591"><ele>344.0</ele><time>2013-09-19T15:11:51Z</time></trkpt>
<trkpt lat="33.00867" lon="35.21601"><ele>346.0</ele><time>2013-09-19T15:11:55Z</time></trkpt>
<trkpt lat="33.00867" lon="35.2161"><ele>347.0</ele><time>2013-09-19T15:12:00Z</time></trkpt>
<trkpt lat="33.00868" lon="35.2162"><ele>347.0</ele><time>2013-09-19T15:12:04Z</time></trkpt>
<trkpt lat="33.00868" lon="35.2163"><ele>348.0</ele><time>2013-09-19T15:12:08Z</time></trkpt>
<trkpt lat="33.00868" lon="35.2164"><ele>348.0</ele><time>2013-09-19T15:12:12Z</time></trkpt>
<trkpt lat="33.00869" lon="35.2165"><ele>349.0</ele><time>2013-09-19T15:12:16Z</time></trkpt>
<trkpt lat="33.00869" lon="35.21661"><ele>350.0</ele><time>2013-09-19T15:12:20Z</time></trkpt>
<trkpt lat="33.0087" lon="35.21671"><ele>351.0</ele><time>2013-09-19T15:12:24Z</time></trkpt>
<trkpt lat="33.00871" lon="35.21682"><ele>352.0</ele><time>2013-09-19T15:12:28Z</time></trkpt>
<trkpt lat="33.00872" lon="35.21694"><ele>352.0</ele><time>2013-09-19T15:12:31Z</time></trkpt>
<trkpt lat="33.00872" lon="35.21706"><ele>352.0</ele><time>2013-09-19T15:12:35Z</time></trkpt>
<trkpt lat="33.00872" lon="35.21718"><ele>352.0</ele><time>2013-09-19T15:12:39Z</time></trkpt>
<trkpt lat="33.00873" lon="35.2173"><ele>352.0</ele><time>2013-09-19T15:12:43Z</time></trkpt>
<trkpt lat="33.00873" lon="35.21741"><ele>353.0</ele><time>2013-09-19T15:12:47Z</time></trkpt>
<trkpt lat="33.00874" lon="35.21753"><ele>353.0</ele><time>2013-09-19T15:12:51Z</time></trkpt>
<trkpt lat="33.00875" lon="35.21764"><ele>354.0</ele><time>2013-09-19T15:12:55Z</time></trkpt>
<trkpt lat="33.00876" lon="35.21774"><ele>354.0</ele><time>2013-09-19T15:13:00Z</time></trkpt>
<trkpt lat="33.00876" lon="35.21784"><ele>355.0</ele><time>2013-09-19T15:13:04Z</time></trkpt>
<trkpt lat="33.00876" lon="35.21794"><ele>355.0</ele><time>2013-09-19T15:13:08Z</time></trkpt>
<trkpt lat="33.00876" lon="35.21804"><ele>355.0</ele><time>2013-09-19T15:13:12Z</time></trkpt>
<trkpt lat="33.00876" lon="35.21816"><ele>355.0</ele><time>2013-09-19T15:13:17Z</time></trkpt>
<trkpt lat="33.00876" lon="35.21825"><ele>356.0</ele><time>2013-09-19T15:13:21Z</time></trkpt>
<trkpt lat="33.00876" lon="35.21835"><ele>356.0</ele><time>2013-09-19T15:13:25Z</time></trkpt>
<trkpt lat="33.00876" lon="35.21845"><ele>357.0</ele><time>2013-09-19T15:13:29Z</time></trkpt>
<trkpt lat="33.00876" lon="35.21855"><ele>357.0</ele><time>2013-09-19T15:13:32Z</time></trkpt>
<trkpt lat="33.00877" lon="35.21865"><ele>357.0</ele><time>2013-09-19T15:13:36Z</time></trkpt>
<trkpt lat="33.00877" lon="35.21875"><ele>357.0</ele><time>2013-09-19T15:13:40Z</time></trkpt>
<trkpt lat="33.00877" lon="35.21885"><ele>358.0</ele><time>2013-09-19T15:13:44Z</time></trkpt>
<trkpt lat="33.00877" lon="35.21896"><ele>358.0</ele><time>2013-09-19T15:13:48Z</time></trkpt>
<trkpt lat="33.00877" lon="35.21907"><ele>358.0</ele><time>2013-09-19T15:13:52Z</time></trkpt>
<trkpt lat="33.00876" lon="35.21918"><ele>358.0</ele><time>2013-09-19T15:13:56Z</time></trkpt>
<trkpt lat="33.00878" lon="35.21928"><ele>359.0</ele><time>2013-09-19T15:14:01Z</time></trkpt>
<trkpt lat="33.00878" lon="35.21939"><ele>359.0</ele><time>2013-09-19T15:14:05Z</time></trkpt>
<trkpt lat="33.00878" lon="35.21949"><ele>360.0</ele><time>2013-09-19T15:14:09Z</time></trkpt>
<trkpt lat="33.00878" lon="35.2196"><ele>360.0</ele><time>2013-09-19T15:14:13Z</time></trkpt>
<trkpt lat="33.00878" lon="35.21971"><ele>361.0</ele><time>2013-09-19T15:14:17Z</time></trkpt>
<trkpt lat="33.00879" lon="35.21982"><ele>361.0</ele><time>2013-09-19T15:14:21Z</time></trkpt>
<trkpt lat="33.00879" lon="35.21993"><ele>362.0</ele><time>2013-09-19T15:14:25Z</time></trkpt>
<trkpt lat="33.00879" lon="35.22005"><ele>362.0</ele><time>2013-09-19T15:14:29Z</time></trkpt>
<trkpt lat="33.00879" lon="35.22016"><ele>363.0</ele><time>2013-09-19T15:14:32Z</time></trkpt>
<trkpt lat="33.00879" lon="35.22028"><ele>364.0</ele><time>2013-09-19T15:14:36Z</time></trkpt>
<trkpt lat="33.00879" lon="35.22039"><ele>365.0</ele><time>2013-09-19T15:14:40Z</time></trkpt>
<trkpt lat="33.00879" lon="35.2205"><ele>365.0</ele><time>2013-09-19T15:14:44Z</time></trkpt>
<trkpt lat="33.0088" lon="35.22062"><ele>365.0</ele><time>2013-09-19T15:14:48Z</time></trkpt>
<trkpt lat="33.0088" lon="35.22073"><ele>365.0</ele><time>2013-09-19T15:14:52Z</time></trkpt>
<trkpt lat="33.0088" lon="35.22084"><ele>366.0</ele><time>2013-09-19T15:14:56Z</time></trkpt>
<trkpt lat="33.0088" lon="35.22094"><ele>367.0</ele><time>2013-09-19T15:15:01Z</time></trkpt>
<trkpt lat="33.0088" lon="35.22104"><ele>368.0</ele><time>2013-09-19T15:15:05Z</time></trkpt>
<trkpt lat="33.0088" lon="35.22114"><ele>369.0</ele><time>2013-09-19T15:15:09Z</time></trkpt>
<trkpt lat="33.0088" lon="35.22126"><ele>370.0</ele><time>2013-09-19T15:15:14Z</time></trkpt>
<trkpt lat="33.00879" lon="35.22137"><ele>370.0</ele><time>2013-09-19T15:15:19Z</time></trkpt>
<trkpt lat="33.00879" lon="35.22149"><ele>371.0</ele><time>2013-09-19T15:15:24Z</time></trkpt>
<trkpt lat="33.00879" lon="35.22159"><ele>372.0</ele><time>2013-09-19T15:15:28Z</time></trkpt>
<trkpt lat="33.00878" lon="35.22171"><ele>374.0</ele><time>2013-09-19T15:15:32Z</time></trkpt>
<trkpt lat="33.00878" lon="35.22181"><ele>375.0</ele><time>2013-09-19T15:15:36Z</time></trkpt>
<trkpt lat="33.00877" lon="35.22191"><ele>377.0</ele><time>2013-09-19T15:15:40Z</time></trkpt>
<trkpt lat="33.00876" lon="35.22202"><ele>378.0</ele><time>2013-09-19T15:15:44Z</time></trkpt>
<trkpt lat="33.00875" lon="35.22214"><ele>379.0</ele><time>2013-09-19T15:15:49Z</time></trkpt>
<trkpt lat="33.00872" lon="35.22225"><ele>380.0</ele><time>2013-09-19T15:15:54Z</time></trkpt>
<trkpt lat="33.00871" lon="35.22236"><ele>381.0</ele><time>2013-09-19T15:16:00Z</time></trkpt>
<trkpt lat="33.00869" lon="35.22247"><ele>383.0</ele><time>2013-09-19T15:16:05Z</time></trkpt>
<trkpt lat="33.00868" lon="35.22258"><ele>384.0</ele><time>2013-09-19T15:16:10Z</time></trkpt>
<trkpt lat="33.00867" lon="35.2227"><ele>386.0</ele><time>2013-09-19T15:16:15Z</time></trkpt>
<trkpt lat="33.00866" lon="35.22282"><ele>387.0</ele><time>2013-09-19T15:16:20Z</time></trkpt>
<trkpt lat="33.00865" lon="35.22294"><ele>387.0</ele><time>2013-09-19T15:16:25Z</time></trkpt>
<trkpt lat="33.00864" lon="35.22305"><ele>388.0</ele><time>2013-09-19T15:16:29Z</time></trkpt>
<trkpt lat="33.00862" lon="35.22316"><ele>388.0</ele><time>2013-09-19T15:16:34Z</time></trkpt>
<trkpt lat="33.00861" lon="35.22326"><ele>389.0</ele><time>2013-09-19T15:16:38Z</time></trkpt>
<trkpt lat="33.00861" lon="35.22336"><ele>390.0</ele><time>2013-09-19T15:16:42Z</time></trkpt>
<trkpt lat="33.00859" lon="35.22346"><ele>391.0</ele><time>2013-09-19T15:16:46Z</time></trkpt>
<trkpt lat="33.00862" lon="35.22356"><ele>392.0</ele><time>2013-09-19T15:16:50Z</time></trkpt>
<trkpt lat="33.00863" lon="35.22367"><ele>392.0</ele><time>2013-09-19T15:16:55Z</time></trkpt>
<trkpt lat="33.00863" lon="35.22378"><ele>392.0</ele><time>2013-09-19T15:17:01Z</time></trkpt>
<trkpt lat="33.00862" lon="35.22388"><ele>393.0</ele><time>2013-09-19T15:17:06Z</time></trkpt>
<trkpt lat="33.00861" lon="35.22399"><ele>393.0</ele><time>2013-09-19T15:17:11Z</time></trkpt>
<trkpt lat="33.0086" lon="35.22411"><ele>394.0</ele><time>2013-09-19T15:17:16Z</time></trkpt>
<trkpt lat="33.0086" lon="35.22422"><ele>395.0</ele><time>2013-09-19T15:17:21Z</time></trkpt>
<trkpt lat="33.00858" lon="35.22434"><ele>396.0</ele><time>2013-09-19T15:17:26Z</time></trkpt>
<trkpt lat="33.00856" lon="35.22445"><ele>397.0</ele><time>2013-09-19T15:17:30Z</time></trkpt>
<trkpt lat="33.00852" lon="35.22456"><ele>397.0</ele><time>2013-09-19T15:17:35Z</time></trkpt>
<trkpt lat="33.0085" lon="35.22468"><ele>398.0</ele><time>2013-09-19T15:17:40Z</time></trkpt>
<trkpt lat="33.00847" lon="35.22477"><ele>398.0</ele><time>2013-09-19T15:17:44Z</time></trkpt>
<trkpt lat="33.00844" lon="35.22486"><ele>399.0</ele><time>2013-09-19T15:17:48Z</time></trkpt>
<trkpt lat="33.00844" lon="35.22496"><ele>400.0</ele><time>2013-09-19T15:17:52Z</time></trkpt>
<trkpt lat="33.00846" lon="35.22506"><ele>401.0</ele><time>2013-09-19T15:17:56Z</time></trkpt>
<trkpt lat="33.00847" lon="35.22517"><ele>402.0</ele><time>2013-09-19T15:18:01Z</time></trkpt>
<trkpt lat="33.00847" lon="35.22528"><ele>403.0</ele><time>2013-09-19T15:18:05Z</time></trkpt>
<trkpt lat="33.00846" lon="35.22538"><ele>403.0</ele><time>2013-09-19T15:18:09Z</time></trkpt>
<trkpt lat="33.00844" lon="35.22548"><ele>403.0</ele><time>2013-09-19T15:18:13Z</time></trkpt>
<trkpt lat="33.00844" lon="35.22558"><ele>403.0</ele><time>2013-09-19T15:18:17Z</time></trkpt>
<trkpt lat="33.0085" lon="35.22567"><ele>403.0</ele><time>2013-09-19T15:18:22Z</time></trkpt>
<trkpt lat="33.00859" lon="35.22571"><ele>403.0</ele><time>2013-09-19T15:18:26Z</time></trkpt>
<trkpt lat="33.00868" lon="35.22575"><ele>403.0</ele><time>2013-09-19T15:18:29Z</time></trkpt>
<trkpt lat="33.00876" lon="35.2258"><ele>403.0</ele><time>2013-09-19T15:18:31Z</time></trkpt>
<trkpt lat="33.00884" lon="35.22585"><ele>403.0</ele><time>2013-09-19T15:18:34Z</time></trkpt>
<trkpt lat="33.00893" lon="35.22591"><ele>403.0</ele><time>2013-09-19T15:18:37Z</time></trkpt>
<trkpt lat="33.009" lon="35.226"><ele>404.0</ele><time>2013-09-19T15:18:40Z</time></trkpt>
<trkpt lat="33.00905" lon="35.2261"><ele>404.0</ele><time>2013-09-19T15:18:43Z</time></trkpt>
<trkpt lat="33.00908" lon="35.22622"><ele>404.0</ele><time>2013-09-19T15:18:46Z</time></trkpt>
<trkpt lat="33.00909" lon="35.22634"><ele>404.0</ele><time>2013-09-19T15:18:49Z</time></trkpt>
<trkpt lat="33.0091" lon="35.22645"><ele>405.0</ele><time>2013-09-19T15:18:52Z</time></trkpt>
<trkpt lat="33.00911" lon="35.22655"><ele>406.0</ele><time>2013-09-19T15:18:55Z</time></trkpt>
<trkpt lat="33.00913" lon="35.22665"><ele>407.0</ele><time>2013-09-19T15:18:58Z</time></trkpt>
<trkpt lat="33.00916" lon="35.22675"><ele>408.0</ele><time>2013-09-19T15:19:02Z</time></trkpt>
<trkpt lat="33.00919" lon="35.22685"><ele>409.0</ele><time>2013-09-19T15:19:05Z</time></trkpt>
<trkpt lat="33.00925" lon="35.22696"><ele>409.0</ele><time>2013-09-19T15:19:08Z</time></trkpt>
<trkpt lat="33.0093" lon="35.22707"><ele>410.0</ele><time>2013-09-19T15:19:11Z</time></trkpt>
<trkpt lat="33.00935" lon="35.22718"><ele>410.0</ele><time>2013-09-19T15:19:14Z</time></trkpt>
<trkpt lat="33.00941" lon="35.22729"><ele>410.0</ele><time>2013-09-19T15:19:17Z</time></trkpt>
<trkpt lat="33.00947" lon="35.22739"><ele>410.0</ele><time>2013-09-19T15:19:20Z</time></trkpt>
<trkpt lat="33.00954" lon="35.22748"><ele>410.0</ele><time>2013-09-19T15:19:23Z</time></trkpt>
<trkpt lat="33.00961" lon="35.22756"><ele>410.0</ele><time>2013-09-19T15:19:26Z</time></trkpt>
<trkpt lat="33.00967" lon="35.22763"><ele>411.0</ele><time>2013-09-19T15:19:29Z</time></trkpt>
<trkpt lat="33.00974" lon="35.22771"><ele>411.0</ele><time>2013-09-19T15:19:31Z</time></trkpt>
<trkpt lat="33.00981" lon="35.22778"><ele>411.0</ele><time>2013-09-19T15:19:34Z</time></trkpt>
<trkpt lat="33.00987" lon="35.22785"><ele>412.0</ele><time>2013-09-19T15:19:37Z</time></trkpt>
<trkpt lat="33.00994" lon="35.22791"><ele>412.0</ele><time>2013-09-19T15:19:40Z</time></trkpt>
<trkpt lat="33.01002" lon="35.22796"><ele>412.0</ele><time>2013-09-19T15:19:43Z</time></trkpt>
<trkpt lat="33.0101" lon="35.22798"><ele>413.0</ele><time>2013-09-19T15:19:46Z</time></trkpt>
<trkpt lat="33.0102" lon="35.22801"><ele>414.0</ele><time>2013-09-19T15:19:49Z</time></trkpt>
<trkpt lat="33.0103" lon="35.22806"><ele>415.0</ele><time>2013-09-19T15:19:52Z</time></trkpt>
<trkpt lat="33.0104" lon="35.2281"><ele>416.0</ele><time>2013-09-19T15:19:55Z</time></trkpt>
<trkpt lat="33.01049" lon="35.22814"><ele>417.0</ele><time>2013-09-19T15:19:58Z</time></trkpt>
<trkpt lat="33.01059" lon="35.22816"><ele>417.0</ele><time>2013-09-19T15:20:02Z</time></trkpt>
<trkpt lat="33.01068" lon="35.22816"><ele>417.0</ele><time>2013-09-19T15:20:05Z</time></trkpt>
<trkpt lat="33.01079" lon="35.22816"><ele>417.0</ele><time>2013-09-19T15:20:08Z</time></trkpt>
<trkpt lat="33.01091" lon="35.22815"><ele>416.0</ele><time>2013-09-19T15:20:11Z</time></trkpt>
<trkpt lat="33.011" lon="35.22815"><ele>416.0</ele><time>2013-09-19T15:20:13Z</time></trkpt>
<trkpt lat="33.01109" lon="35.22814"><ele>415.0</ele><time>2013-09-19T15:20:15Z</time></trkpt>
<trkpt lat="33.01119" lon="35.22814"><ele>415.0</ele><time>2013-09-19T15:20:17Z</time></trkpt>
<trkpt lat="33.01128" lon="35.22814"><ele>415.0</ele><time>2013-09-19T15:20:19Z</time></trkpt>
<trkpt lat="33.01138" lon="35.22814"><ele>414.0</ele><time>2013-09-19T15:20:21Z</time></trkpt>
<trkpt lat="33.01148" lon="35.22813"><ele>414.0</ele><time>2013-09-19T15:20:23Z</time></trkpt>
<trkpt lat="33.01158" lon="35.22813"><ele>413.0</ele><time>2013-09-19T15:20:25Z</time></trkpt>
<trkpt lat="33.01169" lon="35.22813"><ele>412.0</ele><time>2013-09-19T15:20:27Z</time></trkpt>
<trkpt lat="33.0118" lon="35.22813"><ele>411.0</ele><time>2013-09-19T15:20:29Z</time></trkpt>
<trkpt lat="33.01192" lon="35.22813"><ele>410.0</ele><time>2013-09-19T15:20:30Z</time></trkpt>
<trkpt lat="33.01205" lon="35.22813"><ele>410.0</ele><time>2013-09-19T15:20:32Z</time></trkpt>
<trkpt lat="33.01218" lon="35.22814"><ele>409.0</ele><time>2013-09-19T15:20:34Z</time></trkpt>
<trkpt lat="33.01232" lon="35.22816"><ele>409.0</ele><time>2013-09-19T15:20:36Z</time></trkpt>
<trkpt lat="33.01244" lon="35.2282"><ele>408.0</ele><time>2013-09-19T15:20:38Z</time></trkpt>
<trkpt lat="33.01255" lon="35.22825"><ele>407.0</ele><time>2013-09-19T15:20:40Z</time></trkpt>
<trkpt lat="33.01265" lon="35.22831"><ele>406.0</ele><time>2013-09-19T15:20:42Z</time></trkpt>
<trkpt lat="33.01274" lon="35.22836"><ele>405.0</ele><time>2013-09-19T15:20:44Z</time></trkpt>
<trkpt lat="33.01284" lon="35.22836"><ele>404.0</ele><time>2013-09-19T15:20:47Z</time></trkpt>
<trkpt lat="33.01294" lon="35.22832"><ele>404.0</ele><time>2013-09-19T15:20:51Z</time></trkpt>
<trkpt lat="33.01302" lon="35.22827"><ele>403.0</ele><time>2013-09-19T15:20:55Z</time></trkpt>
<trkpt lat="33.0131" lon="35.22822"><ele>403.0</ele><time>2013-09-19T15:20:58Z</time></trkpt>
<trkpt lat="33.01316" lon="35.22816"><ele>402.0</ele><time>2013-09-19T15:21:01Z</time></trkpt>
<trkpt lat="33.01324" lon="35.22809"><ele>402.0</ele><time>2013-09-19T15:21:03Z</time></trkpt>
<trkpt lat="33.01333" lon="35.22802"><ele>402.0</ele><time>2013-09-19T15:21:05Z</time></trkpt>
<trkpt lat="33.01344" lon="35.22798"><ele>401.0</ele><time>2013-09-19T15:21:07Z</time></trkpt>
<trkpt lat="33.01354" lon="35.22798"><ele>400.0</ele><time>2013-09-19T15:21:09Z</time></trkpt>
<trkpt lat="33.01365" lon="35.22804"><ele>400.0</ele><time>2013-09-19T15:21:12Z</time></trkpt>
<trkpt lat="33.0137" lon="35.22813"><ele>399.0</ele><time>2013-09-19T15:21:15Z</time></trkpt>
<trkpt lat="33.01375" lon="35.22823"><ele>398.0</ele><time>2013-09-19T15:21:20Z</time></trkpt>
<trkpt lat="33.01379" lon="35.22831"><ele>398.0</ele><time>2013-09-19T15:21:23Z</time></trkpt>
<trkpt lat="33.01385" lon="35.22841"><ele>398.0</ele><time>2013-09-19T15:21:26Z</time></trkpt>
<trkpt lat="33.0139" lon="35.22851"><ele>398.0</ele><time>2013-09-19T15:21:29Z</time></trkpt>
<trkpt lat="33.01393" lon="35.22862"><ele>398.0</ele><time>2013-09-19T15:21:31Z</time></trkpt>
<trkpt lat="33.01398" lon="35.22875"><ele>397.0</ele><time>2013-09-19T15:21:34Z</time></trkpt>
<trkpt lat="33.01404" lon="35.22887"><ele>397.0</ele><time>2013-09-19T15:21:37Z</time></trkpt>
<trkpt lat="33.01409" lon="35.22895"><ele>398.0</ele><time>2013-09-19T15:21:39Z</time></trkpt>
<trkpt lat="33.01414" lon="35.22903"><ele>398.0</ele><time>2013-09-19T15:21:41Z</time></trkpt>
<trkpt lat="33.0142" lon="35.2291"><ele>399.0</ele><time>2013-09-19T15:21:43Z</time></trkpt>
<trkpt lat="33.01427" lon="35.2292"><ele>400.0</ele><time>2013-09-19T15:21:46Z</time></trkpt>
<trkpt lat="33.0143" lon="35.22932"><ele>401.0</ele><time>2013-09-19T15:21:49Z</time></trkpt>
<trkpt lat="33.01434" lon="35.22945"><ele>401.0</ele><time>2013-09-19T15:21:52Z</time></trkpt>
<trkpt lat="33.01437" lon="35.22959"><ele>402.0</ele><time>2013-09-19T15:21:55Z</time></trkpt>
<trkpt lat="33.0144" lon="35.22973"><ele>402.0</ele><time>2013-09-19T15:21:58Z</time></trkpt>
<trkpt lat="33.01443" lon="35.22986"><ele>403.0</ele><time>2013-09-19T15:22:02Z</time></trkpt>
<trkpt lat="33.01445" lon="35.22997"><ele>403.0</ele><time>2013-09-19T15:22:05Z</time></trkpt>
<trkpt lat="33.01448" lon="35.23011"><ele>404.0</ele><time>2013-09-19T15:22:08Z</time></trkpt>
<trkpt lat="33.0145" lon="35.2302"><ele>404.0</ele><time>2013-09-19T15:22:10Z</time></trkpt>
<trkpt lat="33.01453" lon="35.23034"><ele>405.0</ele><time>2013-09-19T15:22:13Z</time></trkpt>
<trkpt lat="33.01454" lon="35.23048"><ele>405.0</ele><time>2013-09-19T15:22:16Z</time></trkpt>
<trkpt lat="33.01456" lon="35.23061"><ele>404.0</ele><time>2013-09-19T15:22:19Z</time></trkpt>
<trkpt lat="33.01458" lon="35.23074"><ele>403.0</ele><time>2013-09-19T15:22:22Z</time></trkpt>
<trkpt lat="33.0146" lon="35.23088"><ele>403.0</ele><time>2013-09-19T15:22:25Z</time></trkpt>
<trkpt lat="33.01462" lon="35.23102"><ele>402.0</ele><time>2013-09-19T15:22:28Z</time></trkpt>
<trkpt lat="33.01464" lon="35.23116"><ele>402.0</ele><time>2013-09-19T15:22:30Z</time></trkpt>
<trkpt lat="33.01466" lon="35.23126"><ele>401.0</ele><time>2013-09-19T15:22:32Z</time></trkpt>
<trkpt lat="33.01467" lon="35.23136"><ele>401.0</ele><time>2013-09-19T15:22:34Z</time></trkpt>
<trkpt lat="33.01469" lon="35.2315"><ele>400.0</ele><time>2013-09-19T15:22:37Z</time></trkpt>
<trkpt lat="33.01472" lon="35.23163"><ele>399.0</ele><time>2013-09-19T15:22:40Z</time></trkpt>
<trkpt lat="33.01475" lon="35.23177"><ele>399.0</ele><time>2013-09-19T15:22:43Z</time></trkpt>
<trkpt lat="33.01477" lon="35.2319"><ele>398.0</ele><time>2013-09-19T15:22:46Z</time></trkpt>
<trkpt lat="33.01478" lon="35.23203"><ele>399.0</ele><time>2013-09-19T15:22:49Z</time></trkpt>
<trkpt lat="33.0148" lon="35.23217"><ele>399.0</ele><time>2013-09-19T15:22:52Z</time></trkpt>
<trkpt lat="33.01482" lon="35.23232"><ele>399.0</ele><time>2013-09-19T15:22:55Z</time></trkpt>
<trkpt lat="33.01483" lon="35.23242"><ele>399.0</ele><time>2013-09-19T15:22:57Z</time></trkpt>
<trkpt lat="33.01483" lon="35.23252"><ele>399.0</ele><time>2013-09-19T15:23:00Z</time></trkpt>
<trkpt lat="33.01482" lon="35.23262"><ele>399.0</ele><time>2013-09-19T15:23:02Z</time></trkpt>
<trkpt lat="33.0148" lon="35.23276"><ele>398.0</ele><time>2013-09-19T15:23:05Z</time></trkpt>
<trkpt lat="33.01479" lon="35.23289"><ele>398.0</ele><time>2013-09-19T15:23:08Z</time></trkpt>
<trkpt lat="33.01477" lon="35.23304"><ele>398.0</ele><time>2013-09-19T15:23:11Z</time></trkpt>
<trkpt lat="33.01476" lon="35.23313"><ele>398.0</ele><time>2013-09-19T15:23:13Z</time></trkpt>
<trkpt lat="33.01475" lon="35.23323"><ele>397.0</ele><time>2013-09-19T15:23:15Z</time></trkpt>
<trkpt lat="33.01474" lon="35.23333"><ele>397.0</ele><time>2013-09-19T15:23:17Z</time></trkpt>
<trkpt lat="33.01472" lon="35.23343"><ele>396.0</ele><time>2013-09-19T15:23:19Z</time></trkpt>
<trkpt lat="33.01472" lon="35.23353"><ele>396.0</ele><time>2013-09-19T15:23:21Z</time></trkpt>
<trkpt lat="33.01471" lon="35.23367"><ele>396.0</ele><time>2013-09-19T15:23:24Z</time></trkpt>
<trkpt lat="33.0147" lon="35.23377"><ele>396.0</ele><time>2013-09-19T15:23:26Z</time></trkpt>
<trkpt lat="33.0147" lon="35.23387"><ele>395.0</ele><time>2013-09-19T15:23:28Z</time></trkpt>
<trkpt lat="33.0147" lon="35.23397"><ele>397.0</ele><time>2013-09-19T15:23:29Z</time></trkpt>
<trkpt lat="33.01468" lon="35.23407"><ele>399.0</ele><time>2013-09-19T15:23:31Z</time></trkpt>
<trkpt lat="33.01467" lon="35.23417"><ele>401.0</ele><time>2013-09-19T15:23:33Z</time></trkpt>
<trkpt lat="33.01465" lon="35.23427"><ele>402.0</ele><time>2013-09-19T15:23:35Z</time></trkpt>
<trkpt lat="33.01465" lon="35.23437"><ele>404.0</ele><time>2013-09-19T15:23:37Z</time></trkpt>
<trkpt lat="33.01463" lon="35.23447"><ele>405.0</ele><time>2013-09-19T15:23:39Z</time></trkpt>
<trkpt lat="33.01461" lon="35.23457"><ele>407.0</ele><time>2013-09-19T15:23:41Z</time></trkpt>
<trkpt lat="33.0146" lon="35.23467"><ele>408.0</ele><time>2013-09-19T15:23:43Z</time></trkpt>
<trkpt lat="33.01457" lon="35.23477"><ele>410.0</ele><time>2013-09-19T15:23:45Z</time></trkpt>
<trkpt lat="33.01455" lon="35.23487"><ele>411.0</ele><time>2013-09-19T15:23:47Z</time></trkpt>
<trkpt lat="33.01454" lon="35.23497"><ele>413.0</ele><time>2013-09-19T15:23:49Z</time></trkpt>
<trkpt lat="33.01452" lon="35.23507"><ele>412.0</ele><time>2013-09-19T15:23:51Z</time></trkpt>
<trkpt lat="33.01449" lon="35.23516"><ele>410.0</ele><time>2013-09-19T15:23:53Z</time></trkpt>
<trkpt lat="33.01446" lon="35.23525"><ele>410.0</ele><time>2013-09-19T15:23:55Z</time></trkpt>
<trkpt lat="33.01442" lon="35.23534"><ele>409.0</ele><time>2013-09-19T15:23:57Z</time></trkpt>
<trkpt lat="33.01438" lon="35.23543"><ele>408.0</ele><time>2013-09-19T15:24:00Z</time></trkpt>
<trkpt lat="33.01434" lon="35.23552"><ele>408.0</ele><time>2013-09-19T15:24:02Z</time></trkpt>
<trkpt lat="33.01429" lon="35.23565"><ele>407.0</ele><time>2013-09-19T15:24:05Z</time></trkpt>
<trkpt lat="33.01425" lon="35.23574"><ele>406.0</ele><time>2013-09-19T15:24:07Z</time></trkpt>
<trkpt lat="33.01421" lon="35.23583"><ele>406.0</ele><time>2013-09-19T15:24:09Z</time></trkpt>
<trkpt lat="33.01418" lon="35.23592"><ele>405.0</ele><time>2013-09-19T15:24:11Z</time></trkpt>
<trkpt lat="33.01413" lon="35.23601"><ele>404.0</ele><time>2013-09-19T15:24:13Z</time></trkpt>
<trkpt lat="33.01409" lon="35.2361"><ele>404.0</ele><time>2013-09-19T15:24:15Z</time></trkpt>
<trkpt lat="33.01406" lon="35.2362"><ele>404.0</ele><time>2013-09-19T15:24:17Z</time></trkpt>
<trkpt lat="33.01402" lon="35.23629"><ele>404.0</ele><time>2013-09-19T15:24:19Z</time></trkpt>
<trkpt lat="33.01399" lon="35.23638"><ele>404.0</ele><time>2013-09-19T15:24:21Z</time></trkpt>
<trkpt lat="33.01396" lon="35.23648"><ele>404.0</ele><time>2013-09-19T15:24:23Z</time></trkpt>
<trkpt lat="33.01393" lon="35.23658"><ele>404.0</ele><time>2013-09-19T15:24:25Z</time></trkpt>
<trkpt lat="33.01393" lon="35.23667"><ele>404.0</ele><time>2013-09-19T15:24:27Z</time></trkpt>
<trkpt lat="33.01394" lon="35.23677"><ele>404.0</ele><time>2013-09-19T15:24:29Z</time></trkpt>
<trkpt lat="33.01397" lon="35.23687"><ele>404.0</ele><time>2013-09-19T15:24:30Z</time></trkpt>
<trkpt lat="33.01401" lon="35.23697"><ele>404.0</ele><time>2013-09-19T15:24:32Z</time></trkpt>
<trkpt lat="33.01405" lon="35.23707"><ele>404.0</ele><time>2013-09-19T15:24:34Z</time></trkpt>
<trkpt lat="33.01408" lon="35.23717"><ele>404.0</ele><time>2013-09-19T15:24:36Z</time></trkpt>
<trkpt lat="33.01411" lon="35.23726"><ele>404.0</ele><time>2013-09-19T15:24:38Z</time></trkpt>
<trkpt lat="33.01413" lon="35.23736"><ele>404.0</ele><time>2013-09-19T15:24:40Z</time></trkpt>
<trkpt lat="33.01414" lon="35.23747"><ele>405.0</ele><time>2013-09-19T15:24:42Z</time></trkpt>
<trkpt lat="33.01414" lon="35.23757"><ele>405.0</ele><time>2013-09-19T15:24:44Z</time></trkpt>
<trkpt lat="33.01414" lon="35.23767"><ele>405.0</ele><time>2013-09-19T15:24:46Z</time></trkpt>
<trkpt lat="33.01414" lon="35.23777"><ele>405.0</ele><time>2013-09-19T15:24:48Z</time></trkpt>
<trkpt lat="33.01414" lon="35.23787"><ele>405.0</ele><time>2013-09-19T15:24:50Z</time></trkpt>
<trkpt lat="33.01413" lon="35.23797"><ele>406.0</ele><time>2013-09-19T15:24:52Z</time></trkpt>
<trkpt lat="33.01411" lon="35.23807"><ele>406.0</ele><time>2013-09-19T15:24:54Z</time></trkpt>
<trkpt lat="33.01409" lon="35.23817"><ele>406.0</ele><time>2013-09-19T15:24:56Z</time></trkpt>
<trkpt lat="33.01407" lon="35.23827"><ele>406.0</ele><time>2013-09-19T15:24:58Z</time></trkpt>
<trkpt lat="33.01405" lon="35.23837"><ele>406.0</ele><time>2013-09-19T15:25:01Z</time></trkpt>
<trkpt lat="33.01402" lon="35.23847"><ele>406.0</ele><time>2013-09-19T15:25:03Z</time></trkpt>
<trkpt lat="33.014" lon="35.23857"><ele>406.0</ele><time>2013-09-19T15:25:05Z</time></trkpt>
<trkpt lat="33.01399" lon="35.23867"><ele>406.0</ele><time>2013-09-19T15:25:07Z</time></trkpt>
<trkpt lat="33.01396" lon="35.23877"><ele>405.0</ele><time>2013-09-19T15:25:09Z</time></trkpt>
<trkpt lat="33.01394" lon="35.23887"><ele>405.0</ele><time>2013-09-19T15:25:11Z</time></trkpt>
<trkpt lat="33.01391" lon="35.23896"><ele>405.0</ele><time>2013-09-19T15:25:13Z</time></trkpt>
<trkpt lat="33.01389" lon="35.23906"><ele>405.0</ele><time>2013-09-19T15:25:15Z</time></trkpt>
<trkpt lat="33.01387" lon="35.23916"><ele>406.0</ele><time>2013-09-19T15:25:17Z</time></trkpt>
<trkpt lat="33.01384" lon="35.23926"><ele>407.0</ele><time>2013-09-19T15:25:19Z</time></trkpt>
<trkpt lat="33.01381" lon="35.23935"><ele>409.0</ele><time>2013-09-19T15:25:21Z</time></trkpt>
<trkpt lat="33.01379" lon="35.23945"><ele>410.0</ele><time>2013-09-19T15:25:23Z</time></trkpt>
<trkpt lat="33.01376" lon="35.23954"><ele>412.0</ele><time>2013-09-19T15:25:25Z</time></trkpt>
<trkpt lat="33.01373" lon="35.23964"><ele>413.0</ele><time>2013-09-19T15:25:27Z</time></trkpt>
<trkpt lat="33.01372" lon="35.23973"><ele>414.0</ele><time>2013-09-19T15:25:29Z</time></trkpt>
<trkpt lat="33.01371" lon="35.23983"><ele>416.0</ele><time>2013-09-19T15:25:30Z</time></trkpt>
<trkpt lat="33.01368" lon="35.23997"><ele>417.0</ele><time>2013-09-19T15:25:33Z</time></trkpt>
<trkpt lat="33.01368" lon="35.24012"><ele>417.0</ele><time>2013-09-19T15:25:36Z</time></trkpt>
<trkpt lat="33.01368" lon="35.24026"><ele>417.0</ele><time>2013-09-19T15:25:39Z</time></trkpt>
<trkpt lat="33.01369" lon="35.2404"><ele>415.0</ele><time>2013-09-19T15:25:42Z</time></trkpt>
<trkpt lat="33.01371" lon="35.2405"><ele>414.0</ele><time>2013-09-19T15:25:44Z</time></trkpt>
<trkpt lat="33.01373" lon="35.2406"><ele>412.0</ele><time>2013-09-19T15:25:46Z</time></trkpt>
<trkpt lat="33.01376" lon="35.2407"><ele>411.0</ele><time>2013-09-19T15:25:48Z</time></trkpt>
<trkpt lat="33.01377" lon="35.24079"><ele>409.0</ele><time>2013-09-19T15:25:50Z</time></trkpt>
<trkpt lat="33.01379" lon="35.24089"><ele>408.0</ele><time>2013-09-19T15:25:52Z</time></trkpt>
<trkpt lat="33.01382" lon="35.24103"><ele>407.0</ele><time>2013-09-19T15:25:55Z</time></trkpt>
<trkpt lat="33.01385" lon="35.24116"><ele>405.0</ele><time>2013-09-19T15:25:58Z</time></trkpt>
<trkpt lat="33.01387" lon="35.2413"><ele>404.0</ele><time>2013-09-19T15:26:02Z</time></trkpt>
<trkpt lat="33.0139" lon="35.24143"><ele>404.0</ele><time>2013-09-19T15:26:05Z</time></trkpt>
<trkpt lat="33.01393" lon="35.24156"><ele>404.0</ele><time>2013-09-19T15:26:08Z</time></trkpt>
<trkpt lat="33.01397" lon="35.24168"><ele>405.0</ele><time>2013-09-19T15:26:11Z</time></trkpt>
<trkpt lat="33.014" lon="35.24181"><ele>406.0</ele><time>2013-09-19T15:26:14Z</time></trkpt>
<trkpt lat="33.01403" lon="35.24195"><ele>407.0</ele><time>2013-09-19T15:26:17Z</time></trkpt>
<trkpt lat="33.01406" lon="35.24206"><ele>407.0</ele><time>2013-09-19T15:26:20Z</time></trkpt>
<trkpt lat="33.01408" lon="35.24218"><ele>408.0</ele><time>2013-09-19T15:26:23Z</time></trkpt>
<trkpt lat="33.01409" lon="35.24228"><ele>408.0</ele><time>2013-09-19T15:26:26Z</time></trkpt>
<trkpt lat="33.0141" lon="35.24239"><ele>409.0</ele><time>2013-09-19T15:26:29Z</time></trkpt>
<trkpt lat="33.01411" lon="35.24251"><ele>409.0</ele><time>2013-09-19T15:26:32Z</time></trkpt>
<trkpt lat="33.01416" lon="35.24259"><ele>409.0</ele><time>2013-09-19T15:26:37Z</time></trkpt>
<trkpt lat="33.01412" lon="35.24268"><ele>410.0</ele><time>2013-09-19T15:26:42Z</time></trkpt>
<trkpt lat="33.01411" lon="35.2428"><ele>410.0</ele><time>2013-09-19T15:26:47Z</time></trkpt>
<trkpt lat="33.0141" lon="35.24291"><ele>410.0</ele><time>2013-09-19T15:26:51Z</time></trkpt>
<trkpt lat="33.01408" lon="35.24301"><ele>409.0</ele><time>2013-09-19T15:26:55Z</time></trkpt>
<trkpt lat="33.01408" lon="35.24313"><ele>409.0</ele><time>2013-09-19T15:26:59Z</time></trkpt>
<trkpt lat="33.01407" lon="35.24322"><ele>409.0</ele><time>2013-09-19T15:27:04Z</time></trkpt>
<trkpt lat="33.01407" lon="35.24332"><ele>409.0</ele><time>2013-09-19T15:27:08Z</time></trkpt>
<trkpt lat="33.01406" lon="35.24343"><ele>409.0</ele><time>2013-09-19T15:27:13Z</time></trkpt>
<trkpt lat="33.01405" lon="35.24354"><ele>410.0</ele><time>2013-09-19T15:27:17Z</time></trkpt>
<trkpt lat="33.01404" lon="35.24365"><ele>410.0</ele><time>2013-09-19T15:27:21Z</time></trkpt>
<trkpt lat="33.01404" lon="35.24375"><ele>410.0</ele><time>2013-09-19T15:27:26Z</time></trkpt>
<trkpt lat="33.01402" lon="35.24387"><ele>411.0</ele><time>2013-09-19T15:27:29Z</time></trkpt>
<trkpt lat="33.01401" lon="35.24399"><ele>411.0</ele><time>2013-09-19T15:27:32Z</time></trkpt>
<trkpt lat="33.014" lon="35.2441"><ele>411.0</ele><time>2013-09-19T15:27:36Z</time></trkpt>
<trkpt lat="33.014" lon="35.24421"><ele>412.0</ele><time>2013-09-19T15:27:40Z</time></trkpt>
<trkpt lat="33.01396" lon="35.24432"><ele>413.0</ele><time>2013-09-19T15:27:45Z</time></trkpt>
<trkpt lat="33.01392" lon="35.24441"><ele>414.0</ele><time>2013-09-19T15:27:49Z</time></trkpt>
<trkpt lat="33.01389" lon="35.24452"><ele>414.0</ele><time>2013-09-19T15:27:53Z</time></trkpt>
<trkpt lat="33.01389" lon="35.24462"><ele>414.0</ele><time>2013-09-19T15:27:57Z</time></trkpt>
<trkpt lat="33.01397" lon="35.24468"><ele>414.0</ele><time>2013-09-19T15:28:02Z</time></trkpt>
<trkpt lat="33.01405" lon="35.24465"><ele>414.0</ele><time>2013-09-19T15:28:05Z</time></trkpt>
<trkpt lat="33.01414" lon="35.24462"><ele>414.0</ele><time>2013-09-19T15:28:08Z</time></trkpt>
<trkpt lat="33.01424" lon="35.24459"><ele>414.0</ele><time>2013-09-19T15:28:11Z</time></trkpt>
<trkpt lat="33.01433" lon="35.24459"><ele>414.0</ele><time>2013-09-19T15:28:14Z</time></trkpt>
<trkpt lat="33.01443" lon="35.24457"><ele>414.0</ele><time>2013-09-19T15:28:17Z</time></trkpt>
<trkpt lat="33.01452" lon="35.24452"><ele>415.0</ele><time>2013-09-19T15:28:20Z</time></trkpt>
<trkpt lat="33.01459" lon="35.24446"><ele>415.0</ele><time>2013-09-19T15:28:23Z</time></trkpt>
<trkpt lat="33.01468" lon="35.24443"><ele>416.0</ele><time>2013-09-19T15:28:27Z</time></trkpt>
<trkpt lat="33.01476" lon="35.24449"><ele>416.0</ele><time>2013-09-19T15:28:30Z</time></trkpt>
<trkpt lat="33.01482" lon="35.24459"><ele>417.0</ele><time>2013-09-19T15:28:34Z</time></trkpt>
<trkpt lat="33.01487" lon="35.24467"><ele>418.0</ele><time>2013-09-19T15:28:37Z</time></trkpt>
<trkpt lat="33.01493" lon="35.24477"><ele>418.0</ele><time>2013-09-19T15:28:41Z</time></trkpt>
<trkpt lat="33.01499" lon="35.24486"><ele>419.0</ele><time>2013-09-19T15:28:45Z</time></trkpt>
<trkpt lat="33.01504" lon="35.24493"><ele>420.0</ele><time>2013-09-19T15:28:49Z</time></trkpt>
<trkpt lat="33.01511" lon="35.245"><ele>421.0</ele><time>2013-09-19T15:28:53Z</time></trkpt>
<trkpt lat="33.01518" lon="35.24506"><ele>422.0</ele><time>2013-09-19T15:28:57Z</time></trkpt>
<trkpt lat="33.01527" lon="35.24512"><ele>423.0</ele><time>2013-09-19T15:29:02Z</time></trkpt>
<trkpt lat="33.01536" lon="35.24518"><ele>424.0</ele><time>2013-09-19T15:29:06Z</time></trkpt>
<trkpt lat="33.01545" lon="35.24524"><ele>425.0</ele><time>2013-09-19T15:29:10Z</time></trkpt>
<trkpt lat="33.01552" lon="35.2453"><ele>425.0</ele><time>2013-09-19T15:29:14Z</time></trkpt>
<trkpt lat="33.01559" lon="35.24537"><ele>426.0</ele><time>2013-09-19T15:29:18Z</time></trkpt>
<trkpt lat="33.01566" lon="35.24543"><ele>427.0</ele><time>2013-09-19T15:29:22Z</time></trkpt>
<trkpt lat="33.01574" lon="35.24549"><ele>428.0</ele><time>2013-09-19T15:29:26Z</time></trkpt>
<trkpt lat="33.0158" lon="35.24556"><ele>429.0</ele><time>2013-09-19T15:29:29Z</time></trkpt>
<trkpt lat="33.01587" lon="35.24562"><ele>430.0</ele><time>2013-09-19T15:29:33Z</time></trkpt>
<trkpt lat="33.01593" lon="35.24568"><ele>430.0</ele><time>2013-09-19T15:29:37Z</time></trkpt>
<trkpt lat="33.016" lon="35.24575"><ele>430.0</ele><time>2013-09-19T15:29:42Z</time></trkpt>
<trkpt lat="33.01607" lon="35.24583"><ele>431.0</ele><time>2013-09-19T15:29:47Z</time></trkpt>
<trkpt lat="33.01614" lon="35.24589"><ele>431.0</ele><time>2013-09-19T15:29:52Z</time></trkpt>
<trkpt lat="33.01621" lon="35.24597"><ele>430.0</ele><time>2013-09-19T15:29:57Z</time></trkpt>
<trkpt lat="33.01629" lon="35.24603"><ele>430.0</ele><time>2013-09-19T15:30:02Z</time></trkpt>
<trkpt lat="33.01637" lon="35.2461"><ele>430.0</ele><time>2013-09-19T15:30:06Z</time></trkpt>
<trkpt lat="33.01643" lon="35.24616"><ele>430.0</ele><time>2013-09-19T15:30:09Z</time></trkpt>
<trkpt lat="33.01651" lon="35.24624"><ele>430.0</ele><time>2013-09-19T15:30:12Z</time></trkpt>
<trkpt lat="33.01657" lon="35.24635"><ele>430.0</ele><time>2013-09-19T15:30:15Z</time></trkpt>
<trkpt lat="33.01659" lon="35.24648"><ele>431.0</ele><time>2013-09-19T15:30:18Z</time></trkpt>
<trkpt lat="33.0166" lon="35.24661"><ele>431.0</ele><time>2013-09-19T15:30:21Z</time></trkpt>
<trkpt lat="33.01662" lon="35.24674"><ele>432.0</ele><time>2013-09-19T15:30:24Z</time></trkpt>
<trkpt lat="33.01662" lon="35.24687"><ele>433.0</ele><time>2013-09-19T15:30:27Z</time></trkpt>
<trkpt lat="33.01662" lon="35.247"><ele>434.0</ele><time>2013-09-19T15:30:29Z</time></trkpt>
<trkpt lat="33.01662" lon="35.24714"><ele>434.0</ele><time>2013-09-19T15:30:32Z</time></trkpt>
<trkpt lat="33.01662" lon="35.24727"><ele>435.0</ele><time>2013-09-19T15:30:35Z</time></trkpt>
<trkpt lat="33.01667" lon="35.24739"><ele>436.0</ele><time>2013-09-19T15:30:38Z</time></trkpt>
<trkpt lat="33.01676" lon="35.24748"><ele>437.0</ele><time>2013-09-19T15:30:41Z</time></trkpt>
<trkpt lat="33.01686" lon="35.2475"><ele>437.0</ele><time>2013-09-19T15:30:44Z</time></trkpt>
<trkpt lat="33.01696" lon="35.24744"><ele>437.0</ele><time>2013-09-19T15:30:47Z</time></trkpt>
<trkpt lat="33.01701" lon="35.24736"><ele>436.0</ele><time>2013-09-19T15:30:49Z</time></trkpt>
<trkpt lat="33.01705" lon="35.24727"><ele>436.0</ele><time>2013-09-19T15:30:51Z</time></trkpt>
<trkpt lat="33.0171" lon="35.24719"><ele>435.0</ele><time>2013-09-19T15:30:53Z</time></trkpt>
<trkpt lat="33.01715" lon="35.24711"><ele>434.0</ele><time>2013-09-19T15:30:55Z</time></trkpt>
<trkpt lat="33.01721" lon="35.24703"><ele>433.0</ele><time>2013-09-19T15:30:57Z</time></trkpt>
<trkpt lat="33.01727" lon="35.24696"><ele>433.0</ele><time>2013-09-19T15:30:59Z</time></trkpt>
<trkpt lat="33.01734" lon="35.24689"><ele>432.0</ele><time>2013-09-19T15:31:02Z</time></trkpt>
<trkpt lat="33.01742" lon="35.24684"><ele>431.0</ele><time>2013-09-19T15:31:04Z</time></trkpt>
<trkpt lat="33.01752" lon="35.24683"><ele>430.0</ele><time>2013-09-19T15:31:06Z</time></trkpt>
<trkpt lat="33.01761" lon="35.24682"><ele>430.0</ele><time>2013-09-19T15:31:08Z</time></trkpt>
<trkpt lat="33.0177" lon="35.24681"><ele>430.0</ele><time>2013-09-19T15:31:10Z</time></trkpt>
<trkpt lat="33.01779" lon="35.24682"><ele>429.0</ele><time>2013-09-19T15:31:12Z</time></trkpt>
<trkpt lat="33.01787" lon="35.24683"><ele>429.0</ele><time>2013-09-19T15:31:14Z</time></trkpt>
<trkpt lat="33.01796" lon="35.24685"><ele>429.0</ele><time>2013-09-19T15:31:16Z</time></trkpt>
<trkpt lat="33.01805" lon="35.24687"><ele>429.0</ele><time>2013-09-19T15:31:18Z</time></trkpt>
<trkpt lat="33.01814" lon="35.2469"><ele>428.0</ele><time>2013-09-19T15:31:20Z</time></trkpt>
<trkpt lat="33.01823" lon="35.24694"><ele>430.0</ele><time>2013-09-19T15:31:22Z</time></trkpt>
<trkpt lat="33.01832" lon="35.24698"><ele>431.0</ele><time>2013-09-19T15:31:24Z</time></trkpt>
<trkpt lat="33.01841" lon="35.24702"><ele>432.0</ele><time>2013-09-19T15:31:26Z</time></trkpt>
<trkpt lat="33.0185" lon="35.24706"><ele>432.0</ele><time>2013-09-19T15:31:28Z</time></trkpt>
<trkpt lat="33.01858" lon="35.24709"><ele>433.0</ele><time>2013-09-19T15:31:29Z</time></trkpt>
<trkpt lat="33.01866" lon="35.24714"><ele>434.0</ele><time>2013-09-19T15:31:31Z</time></trkpt>
<trkpt lat="33.01875" lon="35.24718"><ele>434.0</ele><time>2013-09-19T15:31:33Z</time></trkpt>
<trkpt lat="33.01883" lon="35.24724"><ele>435.0</ele><time>2013-09-19T15:31:35Z</time></trkpt>
<trkpt lat="33.01891" lon="35.2473"><ele>435.0</ele><time>2013-09-19T15:31:37Z</time></trkpt>
<trkpt lat="33.01898" lon="35.24736"><ele>436.0</ele><time>2013-09-19T15:31:39Z</time></trkpt>
<trkpt lat="33.01906" lon="35.24742"><ele>437.0</ele><time>2013-09-19T15:31:41Z</time></trkpt>
<trkpt lat="33.01913" lon="35.24748"><ele>436.0</ele><time>2013-09-19T15:31:43Z</time></trkpt>
<trkpt lat="33.0192" lon="35.24755"><ele>435.0</ele><time>2013-09-19T15:31:46Z</time></trkpt>
<trkpt lat="33.01928" lon="35.24762"><ele>436.0</ele><time>2013-09-19T15:31:49Z</time></trkpt>
<trkpt lat="33.01934" lon="35.24769"><ele>437.0</ele><time>2013-09-19T15:31:51Z</time></trkpt>
<trkpt lat="33.0194" lon="35.24776"><ele>437.0</ele><time>2013-09-19T15:31:53Z</time></trkpt>
<trkpt lat="33.01945" lon="35.24784"><ele>437.0</ele><time>2013-09-19T15:31:55Z</time></trkpt>
<trkpt lat="33.01951" lon="35.24791"><ele>436.0</ele><time>2013-09-19T15:31:57Z</time></trkpt>
<trkpt lat="33.01958" lon="35.24799"><ele>436.0</ele><time>2013-09-19T15:31:59Z</time></trkpt>
<trkpt lat="33.01964" lon="35.24806"><ele>436.0</ele><time>2013-09-19T15:32:02Z</time></trkpt>
<trkpt lat="33.0197" lon="35.24814"><ele>435.0</ele><time>2013-09-19T15:32:04Z</time></trkpt>
<trkpt lat="33.01976" lon="35.24822"><ele>435.0</ele><time>2013-09-19T15:32:06Z</time></trkpt>
<trkpt lat="33.01982" lon="35.2483"><ele>435.0</ele><time>2013-09-19T15:32:08Z</time></trkpt>
<trkpt lat="33.01987" lon="35.24838"><ele>436.0</ele><time>2013-09-19T15:32:10Z</time></trkpt>
<trkpt lat="33.01993" lon="35.24847"><ele>435.0</ele><time>2013-09-19T15:32:12Z</time></trkpt>
<trkpt lat="33.01998" lon="35.24857"><ele>434.0</ele><time>2013-09-19T15:32:14Z</time></trkpt>
<trkpt lat="33.02002" lon="35.24868"><ele>434.0</ele><time>2013-09-19T15:32:16Z</time></trkpt>
<trkpt lat="33.02006" lon="35.24879"><ele>435.0</ele><time>2013-09-19T15:32:18Z</time></trkpt>
<trkpt lat="33.02009" lon="35.24891"><ele>435.0</ele><time>2013-09-19T15:32:20Z</time></trkpt>
<trkpt lat="33.02012" lon="35.24902"><ele>436.0</ele><time>2013-09-19T15:32:22Z</time></trkpt>
<trkpt lat="33.02014" lon="35.24914"><ele>436.0</ele><time>2013-09-19T15:32:24Z</time></trkpt>
<trkpt lat="33.02016" lon="35.24925"><ele>437.0</ele><time>2013-09-19T15:32:26Z</time></trkpt>
<trkpt lat="33.02016" lon="35.24936"><ele>438.0</ele><time>2013-09-19T15:32:28Z</time></trkpt>
<trkpt lat="33.02017" lon="35.24948"><ele>438.0</ele><time>2013-09-19T15:32:29Z</time></trkpt>
<trkpt lat="33.02016" lon="35.2496"><ele>439.0</ele><time>2013-09-19T15:32:31Z</time></trkpt>
<trkpt lat="33.02016" lon="35.24971"><ele>439.0</ele><time>2013-09-19T15:32:33Z</time></trkpt>
<trkpt lat="33.02015" lon="35.24983"><ele>439.0</ele><time>2013-09-19T15:32:35Z</time></trkpt>
<trkpt lat="33.02014" lon="35.24995"><ele>439.0</ele><time>2013-09-19T15:32:37Z</time></trkpt>
<trkpt lat="33.02012" lon="35.25007"><ele>439.0</ele><time>2013-09-19T15:32:39Z</time></trkpt>
<trkpt lat="33.02009" lon="35.25018"><ele>439.0</ele><time>2013-09-19T15:32:41Z</time></trkpt>
<trkpt lat="33.02007" lon="35.25029"><ele>439.0</ele><time>2013-09-19T15:32:43Z</time></trkpt>
<trkpt lat="33.02004" lon="35.25039"><ele>439.0</ele><time>2013-09-19T15:32:45Z</time></trkpt>
<trkpt lat="33.02001" lon="35.2505"><ele>439.0</ele><time>2013-09-19T15:32:47Z</time></trkpt>
<trkpt lat="33.01998" lon="35.25061"><ele>439.0</ele><time>2013-09-19T15:32:49Z</time></trkpt>
<trkpt lat="33.01995" lon="35.25073"><ele>439.0</ele><time>2013-09-19T15:32:51Z</time></trkpt>
<trkpt lat="33.01992" lon="35.25084"><ele>438.0</ele><time>2013-09-19T15:32:53Z</time></trkpt>
<trkpt lat="33.0199" lon="35.25095"><ele>438.0</ele><time>2013-09-19T15:32:55Z</time></trkpt>
<trkpt lat="33.01989" lon="35.25107"><ele>438.0</ele><time>2013-09-19T15:32:57Z</time></trkpt>
<trkpt lat="33.01989" lon="35.25119"><ele>437.0</ele><time>2013-09-19T15:33:00Z</time></trkpt>
<trkpt lat="33.01989" lon="35.25131"><ele>437.0</ele><time>2013-09-19T15:33:02Z</time></trkpt>
<trkpt lat="33.01988" lon="35.25143"><ele>437.0</ele><time>2013-09-19T15:33:04Z</time></trkpt>
<trkpt lat="33.01987" lon="35.25155"><ele>437.0</ele><time>2013-09-19T15:33:06Z</time></trkpt>
<trkpt lat="33.01985" lon="35.25166"><ele>437.0</ele><time>2013-09-19T15:33:08Z</time></trkpt>
<trkpt lat="33.01984" lon="35.25178"><ele>436.0</ele><time>2013-09-19T15:33:10Z</time></trkpt>
<trkpt lat="33.01982" lon="35.2519"><ele>436.0</ele><time>2013-09-19T15:33:12Z</time></trkpt>
<trkpt lat="33.0198" lon="35.25201"><ele>436.0</ele><time>2013-09-19T15:33:14Z</time></trkpt>
<trkpt lat="33.01977" lon="35.25212"><ele>436.0</ele><time>2013-09-19T15:33:16Z</time></trkpt>
<trkpt lat="33.01974" lon="35.25223"><ele>437.0</ele><time>2013-09-19T15:33:18Z</time></trkpt>
<trkpt lat="33.01971" lon="35.25235"><ele>439.0</ele><time>2013-09-19T15:33:20Z</time></trkpt>
<trkpt lat="33.01968" lon="35.25246"><ele>439.0</ele><time>2013-09-19T15:33:22Z</time></trkpt>
<trkpt lat="33.01967" lon="35.25258"><ele>439.0</ele><time>2013-09-19T15:33:24Z</time></trkpt>
<trkpt lat="33.01964" lon="35.2527"><ele>439.0</ele><time>2013-09-19T15:33:27Z</time></trkpt>
<trkpt lat="33.01964" lon="35.25282"><ele>440.0</ele><time>2013-09-19T15:33:28Z</time></trkpt>
<trkpt lat="33.01963" lon="35.25293"><ele>440.0</ele><time>2013-09-19T15:33:29Z</time></trkpt>
<trkpt lat="33.01964" lon="35.25305"><ele>440.0</ele><time>2013-09-19T15:33:31Z</time></trkpt>
<trkpt lat="33.01967" lon="35.25316"><ele>441.0</ele><time>2013-09-19T15:33:33Z</time></trkpt>
<trkpt lat="33.01969" lon="35.25327"><ele>441.0</ele><time>2013-09-19T15:33:35Z</time></trkpt>
<trkpt lat="33.01973" lon="35.25339"><ele>441.0</ele><time>2013-09-19T15:33:37Z</time></trkpt>
<trkpt lat="33.01976" lon="35.2535"><ele>440.0</ele><time>2013-09-19T15:33:39Z</time></trkpt>
<trkpt lat="33.01978" lon="35.25361"><ele>438.0</ele><time>2013-09-19T15:33:41Z</time></trkpt>
<trkpt lat="33.01979" lon="35.25372"><ele>438.0</ele><time>2013-09-19T15:33:43Z</time></trkpt>
<trkpt lat="33.0198" lon="35.25382"><ele>438.0</ele><time>2013-09-19T15:33:45Z</time></trkpt>
<trkpt lat="33.0198" lon="35.25392"><ele>438.0</ele><time>2013-09-19T15:33:47Z</time></trkpt>
<trkpt lat="33.01978" lon="35.25406"><ele>439.0</ele><time>2013-09-19T15:33:50Z</time></trkpt>
<trkpt lat="33.01975" lon="35.25419"><ele>439.0</ele><time>2013-09-19T15:33:53Z</time></trkpt>
<trkpt lat="33.01972" lon="35.25431"><ele>439.0</ele><time>2013-09-19T15:33:56Z</time></trkpt>
<trkpt lat="33.01968" lon="35.25444"><ele>439.0</ele><time>2013-09-19T15:34:00Z</time></trkpt>
<trkpt lat="33.01963" lon="35.25456"><ele>439.0</ele><time>2013-09-19T15:34:03Z</time></trkpt>
<trkpt lat="33.0196" lon="35.25468"><ele>439.0</ele><time>2013-09-19T15:34:06Z</time></trkpt>
<trkpt lat="33.01962" lon="35.2548"><ele>440.0</ele><time>2013-09-19T15:34:09Z</time></trkpt>
<trkpt lat="33.01972" lon="35.25487"><ele>440.0</ele><time>2013-09-19T15:34:12Z</time></trkpt>
<trkpt lat="33.01981" lon="35.2549"><ele>440.0</ele><time>2013-09-19T15:34:14Z</time></trkpt>
<trkpt lat="33.01991" lon="35.25492"><ele>440.0</ele><time>2013-09-19T15:34:16Z</time></trkpt>
<trkpt lat="33.02002" lon="35.25494"><ele>439.0</ele><time>2013-09-19T15:34:18Z</time></trkpt>
<trkpt lat="33.02012" lon="35.25495"><ele>439.0</ele><time>2013-09-19T15:34:20Z</time></trkpt>
<trkpt lat="33.0202" lon="35.25498"><ele>439.0</ele><time>2013-09-19T15:34:22Z</time></trkpt>
<trkpt lat="33.02028" lon="35.25503"><ele>439.0</ele><time>2013-09-19T15:34:25Z</time></trkpt>
<trkpt lat="33.02032" lon="35.25513"><ele>439.0</ele><time>2013-09-19T15:34:29Z</time></trkpt>
<trkpt lat="33.02031" lon="35.25525"><ele>439.0</ele><time>2013-09-19T15:34:32Z</time></trkpt>
<trkpt lat="33.02028" lon="35.25535"><ele>439.0</ele><time>2013-09-19T15:34:35Z</time></trkpt>
<trkpt lat="33.02025" lon="35.25545"><ele>439.0</ele><time>2013-09-19T15:34:38Z</time></trkpt>
<trkpt lat="33.02022" lon="35.25556"><ele>440.0</ele><time>2013-09-19T15:34:41Z</time></trkpt>
<trkpt lat="33.02019" lon="35.25566"><ele>440.0</ele><time>2013-09-19T15:34:44Z</time></trkpt>
<trkpt lat="33.02016" lon="35.25576"><ele>440.0</ele><time>2013-09-19T15:34:47Z</time></trkpt>
<trkpt lat="33.02014" lon="35.25585"><ele>440.0</ele><time>2013-09-19T15:34:50Z</time></trkpt>
<trkpt lat="33.02013" lon="35.25597"><ele>440.0</ele><time>2013-09-19T15:34:54Z</time></trkpt>
<trkpt lat="33.02018" lon="35.25605"><ele>440.0</ele><time>2013-09-19T15:35:00Z</time></trkpt>
<trkpt lat="33.02027" lon="35.25604"><ele>440.0</ele><time>2013-09-19T15:35:04Z</time></trkpt>
<trkpt lat="33.02029" lon="35.25615"><ele>440.0</ele><time>2013-09-19T15:35:09Z</time></trkpt>
<trkpt lat="33.02031" lon="35.25627"><ele>440.0</ele><time>2013-09-19T15:35:13Z</time></trkpt>
<trkpt lat="33.02033" lon="35.25639"><ele>440.0</ele><time>2013-09-19T15:35:17Z</time></trkpt>
<trkpt lat="33.02034" lon="35.25652"><ele>440.0</ele><time>2013-09-19T15:35:21Z</time></trkpt>
<trkpt lat="33.02032" lon="35.25664"><ele>440.0</ele><time>2013-09-19T15:35:25Z</time></trkpt>
<trkpt lat="33.02031" lon="35.25674"><ele>441.0</ele><time>2013-09-19T15:35:28Z</time></trkpt>
<trkpt lat="33.02029" lon="35.25683"><ele>441.0</ele><time>2013-09-19T15:35:30Z</time></trkpt>
<trkpt lat="33.02027" lon="35.25696"><ele>442.0</ele><time>2013-09-19T15:35:34Z</time></trkpt>
<trkpt lat="33.02027" lon="35.25708"><ele>443.0</ele><time>2013-09-19T15:35:38Z</time></trkpt>
<trkpt lat="33.02033" lon="35.25718"><ele>444.0</ele><time>2013-09-19T15:35:42Z</time></trkpt>
<trkpt lat="33.02043" lon="35.25719"><ele>445.0</ele><time>2013-09-19T15:35:47Z</time></trkpt>
<trkpt lat="33.02053" lon="35.2572"><ele>446.0</ele><time>2013-09-19T15:35:51Z</time></trkpt>
<trkpt lat="33.02062" lon="35.25721"><ele>447.0</ele><time>2013-09-19T15:35:55Z</time></trkpt>
<trkpt lat="33.02071" lon="35.25722"><ele>448.0</ele><time>2013-09-19T15:36:00Z</time></trkpt>
<trkpt lat="33.0208" lon="35.25723"><ele>449.0</ele><time>2013-09-19T15:36:05Z</time></trkpt>
<trkpt lat="33.02088" lon="35.25724"><ele>450.0</ele><time>2013-09-19T15:36:10Z</time></trkpt>
<trkpt lat="33.02097" lon="35.25727"><ele>451.0</ele><time>2013-09-19T15:36:15Z</time></trkpt>
<trkpt lat="33.02107" lon="35.2573"><ele>451.0</ele><time>2013-09-19T15:36:20Z</time></trkpt>
<trkpt lat="33.02116" lon="35.25731"><ele>452.0</ele><time>2013-09-19T15:36:25Z</time></trkpt>
<trkpt lat="33.02125" lon="35.25732"><ele>453.0</ele><time>2013-09-19T15:36:29Z</time></trkpt>
<trkpt lat="33.02134" lon="35.25733"><ele>453.0</ele><time>2013-09-19T15:36:34Z</time></trkpt>
<trkpt lat="33.02143" lon="35.25735"><ele>454.0</ele><time>2013-09-19T15:36:39Z</time></trkpt>
<trkpt lat="33.02152" lon="35.25737"><ele>455.0</ele><time>2013-09-19T15:36:44Z</time></trkpt>
<trkpt lat="33.02162" lon="35.25738"><ele>457.0</ele><time>2013-09-19T15:36:49Z</time></trkpt>
<trkpt lat="33.02172" lon="35.25739"><ele>458.0</ele><time>2013-09-19T15:36:54Z</time></trkpt>
<trkpt lat="33.0218" lon="35.2574"><ele>460.0</ele><time>2013-09-19T15:37:00Z</time></trkpt>
<trkpt lat="33.0219" lon="35.2574"><ele>461.0</ele><time>2013-09-19T15:37:06Z</time></trkpt>
<trkpt lat="33.02205" lon="35.25735"><ele>462.0</ele><time>2013-09-19T15:37:17Z</time></trkpt>
<trkpt lat="33.02223" lon="35.25729"><ele>463.0</ele><time>2013-09-19T15:37:30Z</time></trkpt>
<trkpt lat="33.02232" lon="35.25726"><ele>464.0</ele><time>2013-09-19T15:37:36Z</time></trkpt>
<trkpt lat="33.02239" lon="35.25719"><ele>464.0</ele><time>2013-09-19T15:37:41Z</time></trkpt>
<trkpt lat="33.02244" lon="35.25711"><ele>465.0</ele><time>2013-09-19T15:37:46Z</time></trkpt>
<trkpt lat="33.02249" lon="35.25702"><ele>466.0</ele><time>2013-09-19T15:37:53Z</time></trkpt>
<trkpt lat="33.02254" lon="35.25692"><ele>467.0</ele><time>2013-09-19T15:38:00Z</time></trkpt>
<trkpt lat="33.02259" lon="35.25685"><ele>466.0</ele><time>2013-09-19T15:38:05Z</time></trkpt>
<trkpt lat="33.02266" lon="35.25676"><ele>467.0</ele><time>2013-09-19T15:38:11Z</time></trkpt>
<trkpt lat="33.02272" lon="35.25667"><ele>468.0</ele><time>2013-09-19T15:38:17Z</time></trkpt>
<trkpt lat="33.02278" lon="35.2566"><ele>470.0</ele><time>2013-09-19T15:38:22Z</time></trkpt>
<trkpt lat="33.02284" lon="35.25653"><ele>471.0</ele><time>2013-09-19T15:38:27Z</time></trkpt>
<trkpt lat="33.02292" lon="35.25648"><ele>471.0</ele><time>2013-09-19T15:38:31Z</time></trkpt>
<trkpt lat="33.02299" lon="35.25644"><ele>472.0</ele><time>2013-09-19T15:38:36Z</time></trkpt>
<trkpt lat="33.02308" lon="35.25639"><ele>473.0</ele><time>2013-09-19T15:38:42Z</time></trkpt>
<trkpt lat="33.02317" lon="35.25635"><ele>474.0</ele><time>2013-09-19T15:38:48Z</time></trkpt>
<trkpt lat="33.02325" lon="35.25628"><ele>475.0</ele><time>2013-09-19T15:38:54Z</time></trkpt>
<trkpt lat="33.02333" lon="35.25623"><ele>476.0</ele><time>2013-09-19T15:39:00Z</time></trkpt>
<trkpt lat="33.0234" lon="35.25615"><ele>477.0</ele><time>2013-09-19T15:39:06Z</time></trkpt>
<trkpt lat="33.02347" lon="35.25609"><ele>477.0</ele><time>2013-09-19T15:39:11Z</time></trkpt>
<trkpt lat="33.02355" lon="35.25607"><ele>477.0</ele><time>2013-09-19T15:39:17Z</time></trkpt>
<trkpt lat="33.02358" lon="35.25618"><ele>477.0</ele><time>2013-09-19T15:39:23Z</time></trkpt>
<trkpt lat="33.02355" lon="35.25628"><ele>478.0</ele><time>2013-09-19T15:39:29Z</time></trkpt>
<trkpt lat="33.02351" lon="35.25639"><ele>478.0</ele><time>2013-09-19T15:39:34Z</time></trkpt>
<trkpt lat="33.02349" lon="35.2565"><ele>479.0</ele><time>2013-09-19T15:39:39Z</time></trkpt>
<trkpt lat="33.02346" lon="35.25661"><ele>479.0</ele><time>2013-09-19T15:39:44Z</time></trkpt>
<trkpt lat="33.0234" lon="35.25685"><ele>480.0</ele><time>2013-09-19T15:40:01Z</time></trkpt>
<trkpt lat="33.02355" lon="35.25677"><ele>481.0</ele><time>2013-09-19T15:40:29Z</time></trkpt>
<trkpt lat="33.02359" lon="35.25666"><ele>482.0</ele><time>2013-09-19T15:40:34Z</time></trkpt>
<trkpt lat="33.02363" lon="35.25656"><ele>483.0</ele><time>2013-09-19T15:40:39Z</time></trkpt>
<trkpt lat="33.02367" lon="35.25647"><ele>484.0</ele><time>2013-09-19T15:40:44Z</time></trkpt>
<trkpt lat="33.02371" lon="35.25637"><ele>485.0</ele><time>2013-09-19T15:40:49Z</time></trkpt>
<trkpt lat="33.02375" lon="35.25627"><ele>485.0</ele><time>2013-09-19T15:40:54Z</time></trkpt>
<trkpt lat="33.0238" lon="35.25616"><ele>486.0</ele><time>2013-09-19T15:41:00Z</time></trkpt>
<trkpt lat="33.02384" lon="35.25607"><ele>487.0</ele><time>2013-09-19T15:41:04Z</time></trkpt>
<trkpt lat="33.02388" lon="35.25597"><ele>488.0</ele><time>2013-09-19T15:41:09Z</time></trkpt>
<trkpt lat="33.02391" lon="35.25588"><ele>489.0</ele><time>2013-09-19T15:41:14Z</time></trkpt>
<trkpt lat="33.02395" lon="35.25579"><ele>489.0</ele><time>2013-09-19T15:41:19Z</time></trkpt>
<trkpt lat="33.02398" lon="35.2557"><ele>489.0</ele><time>2013-09-19T15:41:23Z</time></trkpt>
<trkpt lat="33.02402" lon="35.25561"><ele>489.0</ele><time>2013-09-19T15:41:27Z</time></trkpt>
<trkpt lat="33.02406" lon="35.2555"><ele>489.0</ele><time>2013-09-19T15:41:31Z</time></trkpt>
<trkpt lat="33.0241" lon="35.2554"><ele>489.0</ele><time>2013-09-19T15:41:36Z</time></trkpt>
<trkpt lat="33.02412" lon="35.25529"><ele>489.0</ele><time>2013-09-19T15:41:40Z</time></trkpt>
<trkpt lat="33.02416" lon="35.25517"><ele>489.0</ele><time>2013-09-19T15:41:44Z</time></trkpt>
<trkpt lat="33.02418" lon="35.25507"><ele>489.0</ele><time>2013-09-19T15:41:47Z</time></trkpt>
<trkpt lat="33.02421" lon="35.25498"><ele>489.0</ele><time>2013-09-19T15:41:50Z</time></trkpt>
<trkpt lat="33.0242" lon="35.25508"><ele>489.0</ele><time>2013-09-19T15:43:28Z</time></trkpt>
<trkpt lat="33.02417" lon="35.2552"><ele>489.0</ele><time>2013-09-19T15:43:31Z</time></trkpt>
<trkpt lat="33.02414" lon="35.25531"><ele>489.0</ele><time>2013-09-19T15:43:34Z</time></trkpt>
<trkpt lat="33.02411" lon="35.25542"><ele>489.0</ele><time>2013-09-19T15:43:37Z</time></trkpt>
<trkpt lat="33.02408" lon="35.25553"><ele>489.0</ele><time>2013-09-19T15:43:40Z</time></trkpt>
<trkpt lat="33.02405" lon="35.25563"><ele>489.0</ele><time>2013-09-19T15:43:43Z</time></trkpt>
<trkpt lat="33.02401" lon="35.25573"><ele>490.0</ele><time>2013-09-19T15:43:46Z</time></trkpt>
<trkpt lat="33.02396" lon="35.25585"><ele>489.0</ele><time>2013-09-19T15:43:49Z</time></trkpt>
<trkpt lat="33.02392" lon="35.25597"><ele>488.0</ele><time>2013-09-19T15:43:52Z</time></trkpt>
<trkpt lat="33.02386" lon="35.25609"><ele>488.0</ele><time>2013-09-19T15:43:55Z</time></trkpt>
<trkpt lat="33.02381" lon="35.25622"><ele>487.0</ele><time>2013-09-19T15:43:58Z</time></trkpt>
<trkpt lat="33.02376" lon="35.25635"><ele>486.0</ele><time>2013-09-19T15:44:02Z</time></trkpt>
<trkpt lat="33.02372" lon="35.25644"><ele>485.0</ele><time>2013-09-19T15:44:04Z</time></trkpt>
<trkpt lat="33.02368" lon="35.25653"><ele>484.0</ele><time>2013-09-19T15:44:06Z</time></trkpt>
<trkpt lat="33.02365" lon="35.25661"><ele>484.0</ele><time>2013-09-19T15:44:08Z</time></trkpt>
<trkpt lat="33.0236" lon="35.25674"><ele>483.0</ele><time>2013-09-19T15:44:11Z</time></trkpt>
<trkpt lat="33.02356" lon="35.25683"><ele>483.0</ele><time>2013-09-19T15:44:13Z</time></trkpt>
<trkpt lat="33.02352" lon="35.25692"><ele>482.0</ele><time>2013-09-19T15:44:15Z</time></trkpt>
<trkpt lat="33.02348" lon="35.25702"><ele>482.0</ele><time>2013-09-19T15:44:17Z</time></trkpt>
<trkpt lat="33.02344" lon="35.25713"><ele>483.0</ele><time>2013-09-19T15:44:19Z</time></trkpt>
<trkpt lat="33.0234" lon="35.25724"><ele>483.0</ele><time>2013-09-19T15:44:21Z</time></trkpt>
<trkpt lat="33.02337" lon="35.25735"><ele>483.0</ele><time>2013-09-19T15:44:23Z</time></trkpt>
<trkpt lat="33.02334" lon="35.25746"><ele>484.0</ele><time>2013-09-19T15:44:25Z</time></trkpt>
<trkpt lat="33.02331" lon="35.25758"><ele>484.0</ele><time>2013-09-19T15:44:27Z</time></trkpt>
<trkpt lat="33.02328" lon="35.25767"><ele>483.0</ele><time>2013-09-19T15:44:29Z</time></trkpt>
<trkpt lat="33.0232" lon="35.25772"><ele>482.0</ele><time>2013-09-19T15:44:33Z</time></trkpt>
<trkpt lat="33.02311" lon="35.25772"><ele>481.0</ele><time>2013-09-19T15:44:36Z</time></trkpt>
<trkpt lat="33.02301" lon="35.25776"><ele>479.0</ele><time>2013-09-19T15:44:40Z</time></trkpt>
<trkpt lat="33.02294" lon="35.2578"><ele>478.0</ele><time>2013-09-19T15:44:45Z</time></trkpt>
<trkpt lat="33.02284" lon="35.25784"><ele>477.0</ele><time>2013-09-19T15:44:50Z</time></trkpt>
<trkpt lat="33.02276" lon="35.25786"><ele>476.0</ele><time>2013-09-19T15:44:54Z</time></trkpt>
<trkpt lat="33.02267" lon="35.25779"><ele>474.0</ele><time>2013-09-19T15:44:58Z</time></trkpt>
<trkpt lat="33.02259" lon="35.25772"><ele>473.0</ele><time>2013-09-19T15:45:02Z</time></trkpt>
<trkpt lat="33.02251" lon="35.25768"><ele>472.0</ele><time>2013-09-19T15:45:05Z</time></trkpt>
<trkpt lat="33.02242" lon="35.25767"><ele>469.0</ele><time>2013-09-19T15:45:08Z</time></trkpt>
<trkpt lat="33.02233" lon="35.25767"><ele>468.0</ele><time>2013-09-19T15:45:11Z</time></trkpt>
<trkpt lat="33.02226" lon="35.25762"><ele>467.0</ele><time>2013-09-19T15:45:14Z</time></trkpt>
<trkpt lat="33.0222" lon="35.25752"><ele>465.0</ele><time>2013-09-19T15:45:17Z</time></trkpt>
<trkpt lat="33.02215" lon="35.25742"><ele>464.0</ele><time>2013-09-19T15:45:20Z</time></trkpt>
<trkpt lat="33.02205" lon="35.25742"><ele>463.0</ele><time>2013-09-19T15:45:25Z</time></trkpt>
<trkpt lat="33.02196" lon="35.25742"><ele>462.0</ele><time>2013-09-19T15:45:28Z</time></trkpt>
<trkpt lat="33.02186" lon="35.25742"><ele>460.0</ele><time>2013-09-19T15:45:31Z</time></trkpt>
<trkpt lat="33.02177" lon="35.2574"><ele>459.0</ele><time>2013-09-19T15:45:35Z</time></trkpt>
<trkpt lat="33.02167" lon="35.25739"><ele>457.0</ele><time>2013-09-19T15:45:39Z</time></trkpt>
<trkpt lat="33.02158" lon="35.25739"><ele>455.0</ele><time>2013-09-19T15:45:43Z</time></trkpt>
<trkpt lat="33.0215" lon="35.25739"><ele>455.0</ele><time>2013-09-19T15:45:47Z</time></trkpt>
<trkpt lat="33.02141" lon="35.25737"><ele>454.0</ele><time>2013-09-19T15:45:52Z</time></trkpt>
<trkpt lat="33.02133" lon="35.25735"><ele>453.0</ele><time>2013-09-19T15:45:56Z</time></trkpt>
<trkpt lat="33.02124" lon="35.25733"><ele>453.0</ele><time>2013-09-19T15:46:01Z</time></trkpt>
<trkpt lat="33.02116" lon="35.25732"><ele>452.0</ele><time>2013-09-19T15:46:04Z</time></trkpt>
<trkpt lat="33.02106" lon="35.25731"><ele>451.0</ele><time>2013-09-19T15:46:07Z</time></trkpt>
<trkpt lat="33.02096" lon="35.25728"><ele>450.0</ele><time>2013-09-19T15:46:10Z</time></trkpt>
<trkpt lat="33.02085" lon="35.25725"><ele>449.0</ele><time>2013-09-19T15:46:13Z</time></trkpt>
<trkpt lat="33.02075" lon="35.25723"><ele>448.0</ele><time>2013-09-19T15:46:16Z</time></trkpt>
<trkpt lat="33.02064" lon="35.25723"><ele>448.0</ele><time>2013-09-19T15:46:19Z</time></trkpt>
<trkpt lat="33.02055" lon="35.25721"><ele>447.0</ele><time>2013-09-19T15:46:22Z</time></trkpt>
<trkpt lat="33.02046" lon="35.2572"><ele>446.0</ele><time>2013-09-19T15:46:25Z</time></trkpt>
<trkpt lat="33.02036" lon="35.25717"><ele>445.0</ele><time>2013-09-19T15:46:29Z</time></trkpt>
<trkpt lat="33.02027" lon="35.25718"><ele>445.0</ele><time>2013-09-19T15:46:34Z</time></trkpt>
<trkpt lat="33.02019" lon="35.25718"><ele>444.0</ele><time>2013-09-19T15:46:40Z</time></trkpt>
<trkpt lat="33.02008" lon="35.25714"><ele>443.0</ele><time>2013-09-19T15:47:13Z</time></trkpt>
<trkpt lat="33.02009" lon="35.25704"><ele>442.0</ele><time>2013-09-19T15:47:18Z</time></trkpt>
<trkpt lat="33.02011" lon="35.25693"><ele>441.0</ele><time>2013-09-19T15:47:23Z</time></trkpt>
<trkpt lat="33.02014" lon="35.2568"><ele>441.0</ele><time>2013-09-19T15:47:27Z</time></trkpt>
<trkpt lat="33.02015" lon="35.25669"><ele>441.0</ele><time>2013-09-19T15:47:29Z</time></trkpt>
<trkpt lat="33.02017" lon="35.25658"><ele>440.0</ele><time>2013-09-19T15:47:32Z</time></trkpt>
<trkpt lat="33.02018" lon="35.25645"><ele>440.0</ele><time>2013-09-19T15:47:35Z</time></trkpt>
<trkpt lat="33.02018" lon="35.25631"><ele>440.0</ele><time>2013-09-19T15:47:38Z</time></trkpt>
<trkpt lat="33.02015" lon="35.25618"><ele>440.0</ele><time>2013-09-19T15:47:41Z</time></trkpt>
<trkpt lat="33.02012" lon="35.25606"><ele>440.0</ele><time>2013-09-19T15:47:44Z</time></trkpt>
<trkpt lat="33.02011" lon="35.25594"><ele>440.0</ele><time>2013-09-19T15:47:47Z</time></trkpt>
<trkpt lat="33.02012" lon="35.25583"><ele>440.0</ele><time>2013-09-19T15:47:50Z</time></trkpt>
<trkpt lat="33.02014" lon="35.25572"><ele>440.0</ele><time>2013-09-19T15:47:53Z</time></trkpt>
<trkpt lat="33.02017" lon="35.25559"><ele>440.0</ele><time>2013-09-19T15:47:56Z</time></trkpt>
<trkpt lat="33.02019" lon="35.2555"><ele>440.0</ele><time>2013-09-19T15:47:58Z</time></trkpt>
<trkpt lat="33.02021" lon="35.2554"><ele>439.0</ele><time>2013-09-19T15:48:01Z</time></trkpt>
<trkpt lat="33.02024" lon="35.25529"><ele>439.0</ele><time>2013-09-19T15:48:03Z</time></trkpt>
<trkpt lat="33.02027" lon="35.25519"><ele>439.0</ele><time>2013-09-19T15:48:05Z</time></trkpt>
<trkpt lat="33.02028" lon="35.25509"><ele>439.0</ele><time>2013-09-19T15:48:07Z</time></trkpt>
<trkpt lat="33.02021" lon="35.25498"><ele>439.0</ele><time>2013-09-19T15:48:10Z</time></trkpt>
<trkpt lat="33.02011" lon="35.25495"><ele>439.0</ele><time>2013-09-19T15:48:12Z</time></trkpt>
<trkpt lat="33.02001" lon="35.25493"><ele>439.0</ele><time>2013-09-19T15:48:14Z</time></trkpt>
<trkpt lat="33.01991" lon="35.25491"><ele>440.0</ele><time>2013-09-19T15:48:16Z</time></trkpt>
<trkpt lat="33.01982" lon="35.25489"><ele>440.0</ele><time>2013-09-19T15:48:18Z</time></trkpt>
<trkpt lat="33.01972" lon="35.25486"><ele>440.0</ele><time>2013-09-19T15:48:21Z</time></trkpt>
<trkpt lat="33.01963" lon="35.25482"><ele>440.0</ele><time>2013-09-19T15:48:24Z</time></trkpt>
<trkpt lat="33.01958" lon="35.25471"><ele>439.0</ele><time>2013-09-19T15:48:28Z</time></trkpt>
<trkpt lat="33.0196" lon="35.25461"><ele>439.0</ele><time>2013-09-19T15:48:30Z</time></trkpt>
<trkpt lat="33.01964" lon="35.25449"><ele>439.0</ele><time>2013-09-19T15:48:33Z</time></trkpt>
<trkpt lat="33.01969" lon="35.25436"><ele>439.0</ele><time>2013-09-19T15:48:36Z</time></trkpt>
<trkpt lat="33.01972" lon="35.25426"><ele>439.0</ele><time>2013-09-19T15:48:38Z</time></trkpt>
<trkpt lat="33.01974" lon="35.25415"><ele>439.0</ele><time>2013-09-19T15:48:40Z</time></trkpt>
<trkpt lat="33.01977" lon="35.25404"><ele>438.0</ele><time>2013-09-19T15:48:42Z</time></trkpt>
<trkpt lat="33.01979" lon="35.25392"><ele>437.0</ele><time>2013-09-19T15:48:44Z</time></trkpt>
<trkpt lat="33.0198" lon="35.25379"><ele>438.0</ele><time>2013-09-19T15:48:46Z</time></trkpt>
<trkpt lat="33.01979" lon="35.25364"><ele>437.0</ele><time>2013-09-19T15:48:48Z</time></trkpt>
<trkpt lat="33.01977" lon="35.2535"><ele>439.0</ele><time>2013-09-19T15:48:50Z</time></trkpt>
<trkpt lat="33.01973" lon="35.25336"><ele>441.0</ele><time>2013-09-19T15:48:52Z</time></trkpt>
<trkpt lat="33.0197" lon="35.25321"><ele>441.0</ele><time>2013-09-19T15:48:54Z</time></trkpt>
<trkpt lat="33.01967" lon="35.25309"><ele>440.0</ele><time>2013-09-19T15:48:56Z</time></trkpt>
<trkpt lat="33.01964" lon="35.25296"><ele>440.0</ele><time>2013-09-19T15:48:58Z</time></trkpt>
<trkpt lat="33.01964" lon="35.25282"><ele>440.0</ele><time>2013-09-19T15:49:01Z</time></trkpt>
<trkpt lat="33.01964" lon="35.25268"><ele>440.0</ele><time>2013-09-19T15:49:03Z</time></trkpt>
<trkpt lat="33.01966" lon="35.25254"><ele>439.0</ele><time>2013-09-19T15:49:05Z</time></trkpt>
<trkpt lat="33.01969" lon="35.2524"><ele>439.0</ele><time>2013-09-19T15:49:07Z</time></trkpt>
<trkpt lat="33.01972" lon="35.25226"><ele>439.0</ele><time>2013-09-19T15:49:09Z</time></trkpt>
<trkpt lat="33.01975" lon="35.25213"><ele>439.0</ele><time>2013-09-19T15:49:11Z</time></trkpt>
<trkpt lat="33.01978" lon="35.25199"><ele>438.0</ele><time>2013-09-19T15:49:13Z</time></trkpt>
<trkpt lat="33.01981" lon="35.25186"><ele>436.0</ele><time>2013-09-19T15:49:15Z</time></trkpt>
<trkpt lat="33.01984" lon="35.25172"><ele>436.0</ele><time>2013-09-19T15:49:17Z</time></trkpt>
<trkpt lat="33.01986" lon="35.25158"><ele>437.0</ele><time>2013-09-19T15:49:19Z</time></trkpt>
<trkpt lat="33.01987" lon="35.25144"><ele>437.0</ele><time>2013-09-19T15:49:21Z</time></trkpt>
<trkpt lat="33.01988" lon="35.25131"><ele>437.0</ele><time>2013-09-19T15:49:23Z</time></trkpt>
<trkpt lat="33.01989" lon="35.25117"><ele>437.0</ele><time>2013-09-19T15:49:25Z</time></trkpt>
<trkpt lat="33.01989" lon="35.25104"><ele>438.0</ele><time>2013-09-19T15:49:27Z</time></trkpt>
<trkpt lat="33.0199" lon="35.2509"><ele>438.0</ele><time>2013-09-19T15:49:29Z</time></trkpt>
<trkpt lat="33.01993" lon="35.25077"><ele>439.0</ele><time>2013-09-19T15:49:30Z</time></trkpt>
<trkpt lat="33.01996" lon="35.25065"><ele>439.0</ele><time>2013-09-19T15:49:32Z</time></trkpt>
<trkpt lat="33.01999" lon="35.25053"><ele>439.0</ele><time>2013-09-19T15:49:34Z</time></trkpt>
<trkpt lat="33.02002" lon="35.25041"><ele>439.0</ele><time>2013-09-19T15:49:36Z</time></trkpt>
<trkpt lat="33.02005" lon="35.25029"><ele>439.0</ele><time>2013-09-19T15:49:38Z</time></trkpt>
<trkpt lat="33.02008" lon="35.25016"><ele>439.0</ele><time>2013-09-19T15:49:40Z</time></trkpt>
<trkpt lat="33.02011" lon="35.25003"><ele>439.0</ele><time>2013-09-19T15:49:42Z</time></trkpt>
<trkpt lat="33.02013" lon="35.2499"><ele>439.0</ele><time>2013-09-19T15:49:44Z</time></trkpt>
<trkpt lat="33.02015" lon="35.24976"><ele>439.0</ele><time>2013-09-19T15:49:46Z</time></trkpt>
<trkpt lat="33.02016" lon="35.24961"><ele>439.0</ele><time>2013-09-19T15:49:48Z</time></trkpt>
<trkpt lat="33.02016" lon="35.24946"><ele>439.0</ele><time>2013-09-19T15:49:50Z</time></trkpt>
<trkpt lat="33.02015" lon="35.24932"><ele>438.0</ele><time>2013-09-19T15:49:52Z</time></trkpt>
<trkpt lat="33.02014" lon="35.24918"><ele>437.0</ele><time>2013-09-19T15:49:54Z</time></trkpt>
<trkpt lat="33.02013" lon="35.24904"><ele>436.0</ele><time>2013-09-19T15:49:56Z</time></trkpt>
<trkpt lat="33.0201" lon="35.24891"><ele>435.0</ele><time>2013-09-19T15:49:58Z</time></trkpt>
<trkpt lat="33.02007" lon="35.24877"><ele>435.0</ele><time>2013-09-19T15:50:01Z</time></trkpt>
<trkpt lat="33.02002" lon="35.24865"><ele>434.0</ele><time>2013-09-19T15:50:03Z</time></trkpt>
<trkpt lat="33.01997" lon="35.24852"><ele>435.0</ele><time>2013-09-19T15:50:05Z</time></trkpt>
<trkpt lat="33.01991" lon="35.24841"><ele>435.0</ele><time>2013-09-19T15:50:07Z</time></trkpt>
<trkpt lat="33.01985" lon="35.2483"><ele>435.0</ele><time>2013-09-19T15:50:09Z</time></trkpt>
<trkpt lat="33.01978" lon="35.2482"><ele>434.0</ele><time>2013-09-19T15:50:11Z</time></trkpt>
<trkpt lat="33.0197" lon="35.24809"><ele>434.0</ele><time>2013-09-19T15:50:13Z</time></trkpt>
<trkpt lat="33.01962" lon="35.248"><ele>434.0</ele><time>2013-09-19T15:50:15Z</time></trkpt>
<trkpt lat="33.01953" lon="35.2479"><ele>435.0</ele><time>2013-09-19T15:50:17Z</time></trkpt>
<trkpt lat="33.01945" lon="35.24781"><ele>435.0</ele><time>2013-09-19T15:50:19Z</time></trkpt>
<trkpt lat="33.01937" lon="35.24771"><ele>435.0</ele><time>2013-09-19T15:50:21Z</time></trkpt>
<trkpt lat="33.01929" lon="35.24761"><ele>436.0</ele><time>2013-09-19T15:50:23Z</time></trkpt>
<trkpt lat="33.0192" lon="35.24753"><ele>436.0</ele><time>2013-09-19T15:50:25Z</time></trkpt>
<trkpt lat="33.01911" lon="35.24745"><ele>434.0</ele><time>2013-09-19T15:50:27Z</time></trkpt>
<trkpt lat="33.01903" lon="35.24738"><ele>433.0</ele><time>2013-09-19T15:50:29Z</time></trkpt>
<trkpt lat="33.01894" lon="35.2473"><ele>433.0</ele><time>2013-09-19T15:50:30Z</time></trkpt>
<trkpt lat="33.01885" lon="35.24723"><ele>432.0</ele><time>2013-09-19T15:50:32Z</time></trkpt>
<trkpt lat="33.01875" lon="35.24717"><ele>431.0</ele><time>2013-09-19T15:50:34Z</time></trkpt>
<trkpt lat="33.01865" lon="35.24711"><ele>431.0</ele><time>2013-09-19T15:50:36Z</time></trkpt>
<trkpt lat="33.01855" lon="35.24706"><ele>430.0</ele><time>2013-09-19T15:50:38Z</time></trkpt>
<trkpt lat="33.01844" lon="35.24701"><ele>430.0</ele><time>2013-09-19T15:50:40Z</time></trkpt>
<trkpt lat="33.01833" lon="35.24697"><ele>429.0</ele><time>2013-09-19T15:50:42Z</time></trkpt>
<trkpt lat="33.01822" lon="35.24692"><ele>429.0</ele><time>2013-09-19T15:50:44Z</time></trkpt>
<trkpt lat="33.01811" lon="35.24688"><ele>429.0</ele><time>2013-09-19T15:50:46Z</time></trkpt>
<trkpt lat="33.018" lon="35.24684"><ele>429.0</ele><time>2013-09-19T15:50:48Z</time></trkpt>
<trkpt lat="33.01788" lon="35.24681"><ele>429.0</ele><time>2013-09-19T15:50:50Z</time></trkpt>
<trkpt lat="33.01776" lon="35.24679"><ele>429.0</ele><time>2013-09-19T15:50:52Z</time></trkpt>
<trkpt lat="33.01765" lon="35.24679"><ele>430.0</ele><time>2013-09-19T15:50:54Z</time></trkpt>
<trkpt lat="33.01754" lon="35.24679"><ele>430.0</ele><time>2013-09-19T15:50:56Z</time></trkpt>
<trkpt lat="33.01742" lon="35.24681"><ele>431.0</ele><time>2013-09-19T15:50:58Z</time></trkpt>
<trkpt lat="33.01731" lon="35.24685"><ele>432.0</ele><time>2013-09-19T15:51:01Z</time></trkpt>
<trkpt lat="33.01723" lon="35.24691"><ele>433.0</ele><time>2013-09-19T15:51:03Z</time></trkpt>
<trkpt lat="33.01716" lon="35.24701"><ele>433.0</ele><time>2013-09-19T15:51:06Z</time></trkpt>
<trkpt lat="33.01709" lon="35.2471"><ele>434.0</ele><time>2013-09-19T15:51:12Z</time></trkpt>
<trkpt lat="33.01704" lon="35.24721"><ele>435.0</ele><time>2013-09-19T15:51:17Z</time></trkpt>
<trkpt lat="33.01699" lon="35.2473"><ele>436.0</ele><time>2013-09-19T15:51:20Z</time></trkpt>
<trkpt lat="33.01692" lon="35.24739"><ele>436.0</ele><time>2013-09-19T15:51:23Z</time></trkpt>
<trkpt lat="33.01682" lon="35.24747"><ele>436.0</ele><time>2013-09-19T15:51:26Z</time></trkpt>
<trkpt lat="33.01673" lon="35.24745"><ele>436.0</ele><time>2013-09-19T15:51:28Z</time></trkpt>
<trkpt lat="33.01666" lon="35.24738"><ele>436.0</ele><time>2013-09-19T15:51:29Z</time></trkpt>
<trkpt lat="33.01661" lon="35.24728"><ele>435.0</ele><time>2013-09-19T15:51:31Z</time></trkpt>
<trkpt lat="33.0166" lon="35.24715"><ele>434.0</ele><time>2013-09-19T15:51:33Z</time></trkpt>
<trkpt lat="33.0166" lon="35.24702"><ele>434.0</ele><time>2013-09-19T15:51:35Z</time></trkpt>
<trkpt lat="33.0166" lon="35.24689"><ele>433.0</ele><time>2013-09-19T15:51:37Z</time></trkpt>
<trkpt lat="33.0166" lon="35.24676"><ele>432.0</ele><time>2013-09-19T15:51:39Z</time></trkpt>
<trkpt lat="33.01659" lon="35.24663"><ele>431.0</ele><time>2013-09-19T15:51:41Z</time></trkpt>
<trkpt lat="33.01658" lon="35.24649"><ele>431.0</ele><time>2013-09-19T15:51:43Z</time></trkpt>
<trkpt lat="33.01657" lon="35.24638"><ele>430.0</ele><time>2013-09-19T15:51:45Z</time></trkpt>
<trkpt lat="33.01654" lon="35.24627"><ele>430.0</ele><time>2013-09-19T15:51:47Z</time></trkpt>
<trkpt lat="33.01648" lon="35.24619"><ele>430.0</ele><time>2013-09-19T15:51:49Z</time></trkpt>
<trkpt lat="33.01641" lon="35.24612"><ele>430.0</ele><time>2013-09-19T15:51:51Z</time></trkpt>
<trkpt lat="33.01633" lon="35.24606"><ele>430.0</ele><time>2013-09-19T15:51:53Z</time></trkpt>
<trkpt lat="33.01624" lon="35.24599"><ele>430.0</ele><time>2013-09-19T15:51:55Z</time></trkpt>
<trkpt lat="33.01616" lon="35.24592"><ele>431.0</ele><time>2013-09-19T15:51:58Z</time></trkpt>
<trkpt lat="33.01608" lon="35.24585"><ele>430.0</ele><time>2013-09-19T15:52:00Z</time></trkpt>
<trkpt lat="33.016" lon="35.24578"><ele>430.0</ele><time>2013-09-19T15:52:02Z</time></trkpt>
<trkpt lat="33.01591" lon="35.24571"><ele>429.0</ele><time>2013-09-19T15:52:04Z</time></trkpt>
<trkpt lat="33.01582" lon="35.24561"><ele>428.0</ele><time>2013-09-19T15:52:06Z</time></trkpt>
<trkpt lat="33.01572" lon="35.24551"><ele>427.0</ele><time>2013-09-19T15:52:08Z</time></trkpt>
<trkpt lat="33.01561" lon="35.24541"><ele>427.0</ele><time>2013-09-19T15:52:10Z</time></trkpt>
<trkpt lat="33.0155" lon="35.24531"><ele>426.0</ele><time>2013-09-19T15:52:12Z</time></trkpt>
<trkpt lat="33.0154" lon="35.24522"><ele>425.0</ele><time>2013-09-19T15:52:14Z</time></trkpt>
<trkpt lat="33.0153" lon="35.24515"><ele>424.0</ele><time>2013-09-19T15:52:16Z</time></trkpt>
<trkpt lat="33.01521" lon="35.24509"><ele>422.0</ele><time>2013-09-19T15:52:18Z</time></trkpt>
<trkpt lat="33.01512" lon="35.24503"><ele>421.0</ele><time>2013-09-19T15:52:20Z</time></trkpt>
<trkpt lat="33.01504" lon="35.24495"><ele>420.0</ele><time>2013-09-19T15:52:22Z</time></trkpt>
<trkpt lat="33.01496" lon="35.24486"><ele>419.0</ele><time>2013-09-19T15:52:24Z</time></trkpt>
<trkpt lat="33.01489" lon="35.24474"><ele>419.0</ele><time>2013-09-19T15:52:26Z</time></trkpt>
<trkpt lat="33.01482" lon="35.24464"><ele>418.0</ele><time>2013-09-19T15:52:28Z</time></trkpt>
<trkpt lat="33.01477" lon="35.24455"><ele>418.0</ele><time>2013-09-19T15:52:29Z</time></trkpt>
<trkpt lat="33.01469" lon="35.24445"><ele>418.0</ele><time>2013-09-19T15:52:32Z</time></trkpt>
<trkpt lat="33.01418" lon="35.24463"><ele>417.0</ele><time>2013-09-19T15:53:23Z</time></trkpt>
<trkpt lat="33.01409" lon="35.24464"><ele>418.0</ele><time>2013-09-19T15:53:29Z</time></trkpt>
<trkpt lat="33.014" lon="35.24467"><ele>419.0</ele><time>2013-09-19T15:53:32Z</time></trkpt>
<trkpt lat="33.01391" lon="35.24473"><ele>420.0</ele><time>2013-09-19T15:53:36Z</time></trkpt>
<trkpt lat="33.01384" lon="35.24479"><ele>420.0</ele><time>2013-09-19T15:53:40Z</time></trkpt>
<trkpt lat="33.01376" lon="35.24483"><ele>421.0</ele><time>2013-09-19T15:53:44Z</time></trkpt>
<trkpt lat="33.01368" lon="35.24486"><ele>422.0</ele><time>2013-09-19T15:53:48Z</time></trkpt>
<trkpt lat="33.01364" lon="35.24494"><ele>423.0</ele><time>2013-09-19T15:53:52Z</time></trkpt>
<trkpt lat="33.01361" lon="35.24504"><ele>424.0</ele><time>2013-09-19T15:53:56Z</time></trkpt>
<trkpt lat="33.0136" lon="35.24515"><ele>425.0</ele><time>2013-09-19T15:54:01Z</time></trkpt>
<trkpt lat="33.01356" lon="35.24526"><ele>426.0</ele><time>2013-09-19T15:54:05Z</time></trkpt>
<trkpt lat="33.01351" lon="35.24535"><ele>427.0</ele><time>2013-09-19T15:54:09Z</time></trkpt>
<trkpt lat="33.01347" lon="35.24546"><ele>427.0</ele><time>2013-09-19T15:54:14Z</time></trkpt>
<trkpt lat="33.01345" lon="35.24555"><ele>427.0</ele><time>2013-09-19T15:54:18Z</time></trkpt>
<trkpt lat="33.01341" lon="35.24564"><ele>427.0</ele><time>2013-09-19T15:54:22Z</time></trkpt>
<trkpt lat="33.01336" lon="35.24572"><ele>428.0</ele><time>2013-09-19T15:54:26Z</time></trkpt>
<trkpt lat="33.01331" lon="35.24581"><ele>428.0</ele><time>2013-09-19T15:54:29Z</time></trkpt>
<trkpt lat="33.01325" lon="35.24588"><ele>428.0</ele><time>2013-09-19T15:54:33Z</time></trkpt>
<trkpt lat="33.0132" lon="35.24597"><ele>429.0</ele><time>2013-09-19T15:54:37Z</time></trkpt>
<trkpt lat="33.01314" lon="35.24606"><ele>430.0</ele><time>2013-09-19T15:54:41Z</time></trkpt>
<trkpt lat="33.01307" lon="35.24612"><ele>430.0</ele><time>2013-09-19T15:54:45Z</time></trkpt>
<trkpt lat="33.01301" lon="35.24619"><ele>431.0</ele><time>2013-09-19T15:54:50Z</time></trkpt>
<trkpt lat="33.01294" lon="35.24627"><ele>431.0</ele><time>2013-09-19T15:54:56Z</time></trkpt>
<trkpt lat="33.01286" lon="35.24634"><ele>432.0</ele><time>2013-09-19T15:55:03Z</time></trkpt>
<trkpt lat="33.01278" lon="35.24639"><ele>432.0</ele><time>2013-09-19T15:55:09Z</time></trkpt>
<trkpt lat="33.01273" lon="35.24648"><ele>433.0</ele><time>2013-09-19T15:55:15Z</time></trkpt>
<trkpt lat="33.01268" lon="35.24656"><ele>433.0</ele><time>2013-09-19T15:55:20Z</time></trkpt>
<trkpt lat="33.01263" lon="35.24665"><ele>434.0</ele><time>2013-09-19T15:55:25Z</time></trkpt>
<trkpt lat="33.01258" lon="35.24674"><ele>435.0</ele><time>2013-09-19T15:55:29Z</time></trkpt>
<trkpt lat="33.01253" lon="35.24683"><ele>435.0</ele><time>2013-09-19T15:55:34Z</time></trkpt>
<trkpt lat="33.01247" lon="35.24692"><ele>435.0</ele><time>2013-09-19T15:55:39Z</time></trkpt>
<trkpt lat="33.01241" lon="35.24701"><ele>436.0</ele><time>2013-09-19T15:55:44Z</time></trkpt>
<trkpt lat="33.01236" lon="35.2471"><ele>436.0</ele><time>2013-09-19T15:55:49Z</time></trkpt>
<trkpt lat="33.01231" lon="35.24718"><ele>437.0</ele><time>2013-09-19T15:55:54Z</time></trkpt>
<trkpt lat="33.01226" lon="35.24726"><ele>438.0</ele><time>2013-09-19T15:56:00Z</time></trkpt>
<trkpt lat="33.01222" lon="35.24736"><ele>440.0</ele><time>2013-09-19T15:56:08Z</time></trkpt>
<trkpt lat="33.01219" lon="35.24747"><ele>441.0</ele><time>2013-09-19T15:56:14Z</time></trkpt>
<trkpt lat="33.01213" lon="35.24756"><ele>442.0</ele><time>2013-09-19T15:56:19Z</time></trkpt>
<trkpt lat="33.01206" lon="35.24763"><ele>443.0</ele><time>2013-09-19T15:56:24Z</time></trkpt>
<trkpt lat="33.01199" lon="35.24771"><ele>444.0</ele><time>2013-09-19T15:56:29Z</time></trkpt>
<trkpt lat="33.01193" lon="35.24778"><ele>445.0</ele><time>2013-09-19T15:56:32Z</time></trkpt>
<trkpt lat="33.01186" lon="35.24785"><ele>446.0</ele><time>2013-09-19T15:56:37Z</time></trkpt>
<trkpt lat="33.0118" lon="35.24792"><ele>447.0</ele><time>2013-09-19T15:56:42Z</time></trkpt>
<trkpt lat="33.01173" lon="35.24799"><ele>447.0</ele><time>2013-09-19T15:56:48Z</time></trkpt>
<trkpt lat="33.01165" lon="35.24806"><ele>447.0</ele><time>2013-09-19T15:56:54Z</time></trkpt>
<trkpt lat="33.01158" lon="35.24812"><ele>447.0</ele><time>2013-09-19T15:57:00Z</time></trkpt>
<trkpt lat="33.01151" lon="35.24819"><ele>447.0</ele><time>2013-09-19T15:57:05Z</time></trkpt>
<trkpt lat="33.01145" lon="35.24825"><ele>447.0</ele><time>2013-09-19T15:57:10Z</time></trkpt>
<trkpt lat="33.01139" lon="35.24832"><ele>447.0</ele><time>2013-09-19T15:57:15Z</time></trkpt>
<trkpt lat="33.01133" lon="35.24811"><ele>447.0</ele><time>2013-09-19T15:58:38Z</time></trkpt>
<trkpt lat="33.01134" lon="35.24801"><ele>447.0</ele><time>2013-09-19T15:58:43Z</time></trkpt>
<trkpt lat="33.01134" lon="35.24789"><ele>448.0</ele><time>2013-09-19T15:58:48Z</time></trkpt>
<trkpt lat="33.01136" lon="35.24779"><ele>448.0</ele><time>2013-09-19T15:58:53Z</time></trkpt>
<trkpt lat="33.0114" lon="35.24769"><ele>448.0</ele><time>2013-09-19T15:58:57Z</time></trkpt>
<trkpt lat="33.01145" lon="35.24761"><ele>448.0</ele><time>2013-09-19T15:59:02Z</time></trkpt>
<trkpt lat="33.01149" lon="35.24752"><ele>449.0</ele><time>2013-09-19T15:59:06Z</time></trkpt>
<trkpt lat="33.01153" lon="35.24743"><ele>450.0</ele><time>2013-09-19T15:59:10Z</time></trkpt>
<trkpt lat="33.01157" lon="35.24732"><ele>450.0</ele><time>2013-09-19T15:59:14Z</time></trkpt>
<trkpt lat="33.0116" lon="35.24723"><ele>451.0</ele><time>2013-09-19T15:59:17Z</time></trkpt>
<trkpt lat="33.01164" lon="35.24712"><ele>451.0</ele><time>2013-09-19T15:59:21Z</time></trkpt>
<trkpt lat="33.01167" lon="35.24701"><ele>452.0</ele><time>2013-09-19T15:59:25Z</time></trkpt>
<trkpt lat="33.01171" lon="35.2469"><ele>452.0</ele><time>2013-09-19T15:59:29Z</time></trkpt>
<trkpt lat="33.01174" lon="35.24678"><ele>454.0</ele><time>2013-09-19T15:59:32Z</time></trkpt>
<trkpt lat="33.01175" lon="35.24667"><ele>455.0</ele><time>2013-09-19T15:59:36Z</time></trkpt>
<trkpt lat="33.01179" lon="35.24657"><ele>456.0</ele><time>2013-09-19T15:59:40Z</time></trkpt>
<trkpt lat="33.01182" lon="35.24647"><ele>457.0</ele><time>2013-09-19T15:59:44Z</time></trkpt>
<trkpt lat="33.01185" lon="35.24638"><ele>458.0</ele><time>2013-09-19T16:00:57Z</time></trkpt>
<trkpt lat="33.01187" lon="35.24629"><ele>459.0</ele><time>2013-09-19T16:03:00Z</time></trkpt>
<trkpt lat="33.01193" lon="35.24619"><ele>460.0</ele><time>2013-09-19T16:03:04Z</time></trkpt>
<trkpt lat="33.01198" lon="35.24609"><ele>462.0</ele><time>2013-09-19T16:03:08Z</time></trkpt>
<trkpt lat="33.01202" lon="35.246"><ele>465.0</ele><time>2013-09-19T16:03:13Z</time></trkpt>
<trkpt lat="33.01207" lon="35.24591"><ele>468.0</ele><time>2013-09-19T16:03:18Z</time></trkpt>
<trkpt lat="33.0119" lon="35.24624"><ele>470.0</ele><time>2013-09-19T16:04:07Z</time></trkpt>
<trkpt lat="33.01153" lon="35.24623"><ele>474.0</ele><time>2013-09-19T16:04:53Z</time></trkpt>
<trkpt lat="33.01118" lon="35.24606"><ele>478.0</ele><time>2013-09-19T16:05:42Z</time></trkpt>
<trkpt lat="33.01087" lon="35.2458"><ele>483.0</ele><time>2013-09-19T16:06:38Z</time></trkpt>
<trkpt lat="33.01091" lon="35.24535"><ele>487.0</ele><time>2013-09-19T16:07:21Z</time></trkpt>
<trkpt lat="33.01059" lon="35.2455"><ele>491.0</ele><time>2013-09-19T16:08:29Z</time></trkpt>
<trkpt lat="33.01031" lon="35.2458"><ele>496.0</ele><time>2013-09-19T16:09:14Z</time></trkpt>
<trkpt lat="33.00992" lon="35.24578"><ele>500.0</ele><time>2013-09-19T16:10:07Z</time></trkpt>
<trkpt lat="33.00953" lon="35.24573"><ele>503.0</ele><time>2013-09-19T16:10:49Z</time></trkpt>
<trkpt lat="33.00914" lon="35.24571"><ele>505.0</ele><time>2013-09-19T16:11:32Z</time></trkpt>
<trkpt lat="33.00875" lon="35.24568"><ele>507.0</ele><time>2013-09-19T16:12:13Z</time></trkpt>
<trkpt lat="33.00863" lon="35.24562"><ele>509.0</ele><time>2013-09-19T16:13:11Z</time></trkpt>
<trkpt lat="33.00862" lon="35.2455"><ele>510.0</ele><time>2013-09-19T16:13:16Z</time></trkpt>
<trkpt lat="33.00861" lon="35.24539"><ele>510.0</ele><time>2013-09-19T16:13:20Z</time></trkpt>
<trkpt lat="33.00861" lon="35.2453"><ele>510.0</ele><time>2013-09-19T16:13:23Z</time></trkpt>
<trkpt lat="33.0086" lon="35.2452"><ele>509.0</ele><time>2013-09-19T16:13:26Z</time></trkpt>
<trkpt lat="33.00859" lon="35.2451"><ele>509.0</ele><time>2013-09-19T16:13:29Z</time></trkpt>
<trkpt lat="33.00858" lon="35.245"><ele>509.0</ele><time>2013-09-19T16:13:31Z</time></trkpt>
<trkpt lat="33.00856" lon="35.24488"><ele>508.0</ele><time>2013-09-19T16:13:34Z</time></trkpt>
<trkpt lat="33.00855" lon="35.24474"><ele>508.0</ele><time>2013-09-19T16:13:37Z</time></trkpt>
<trkpt lat="33.00855" lon="35.24463"><ele>508.0</ele><time>2013-09-19T16:13:39Z</time></trkpt>
<trkpt lat="33.00855" lon="35.24451"><ele>508.0</ele><time>2013-09-19T16:13:41Z</time></trkpt>
<trkpt lat="33.00855" lon="35.24438"><ele>507.0</ele><time>2013-09-19T16:13:43Z</time></trkpt>
<trkpt lat="33.00855" lon="35.24425"><ele>507.0</ele><time>2013-09-19T16:13:45Z</time></trkpt>
<trkpt lat="33.00856" lon="35.2441"><ele>507.0</ele><time>2013-09-19T16:13:47Z</time></trkpt>
<trkpt lat="33.00856" lon="35.24395"><ele>506.0</ele><time>2013-09-19T16:13:49Z</time></trkpt>
<trkpt lat="33.00857" lon="35.2438"><ele>506.0</ele><time>2013-09-19T16:13:51Z</time></trkpt>
<trkpt lat="33.00858" lon="35.24363"><ele>505.0</ele><time>2013-09-19T16:13:53Z</time></trkpt>
<trkpt lat="33.00859" lon="35.24347"><ele>504.0</ele><time>2013-09-19T16:13:55Z</time></trkpt>
<trkpt lat="33.0086" lon="35.24329"><ele>504.0</ele><time>2013-09-19T16:13:57Z</time></trkpt>
<trkpt lat="33.00861" lon="35.24311"><ele>503.0</ele><time>2013-09-19T16:14:00Z</time></trkpt>
<trkpt lat="33.00861" lon="35.24292"><ele>502.0</ele><time>2013-09-19T16:14:02Z</time></trkpt>
<trkpt lat="33.00863" lon="35.24273"><ele>501.0</ele><time>2013-09-19T16:14:04Z</time></trkpt>
<trkpt lat="33.00863" lon="35.24263"><ele>501.0</ele><time>2013-09-19T16:14:05Z</time></trkpt>
<trkpt lat="33.00864" lon="35.24253"><ele>500.0</ele><time>2013-09-19T16:14:06Z</time></trkpt>
<trkpt lat="33.00865" lon="35.24234"><ele>500.0</ele><time>2013-09-19T16:14:08Z</time></trkpt>
<trkpt lat="33.00865" lon="35.24215"><ele>499.0</ele><time>2013-09-19T16:14:11Z</time></trkpt>
<trkpt lat="33.00866" lon="35.24197"><ele>498.0</ele><time>2013-09-19T16:14:12Z</time></trkpt>
<trkpt lat="33.00867" lon="35.24178"><ele>498.0</ele><time>2013-09-19T16:14:14Z</time></trkpt>
<trkpt lat="33.00868" lon="35.2416"><ele>498.0</ele><time>2013-09-19T16:14:16Z</time></trkpt>
<trkpt lat="33.00869" lon="35.24142"><ele>497.0</ele><time>2013-09-19T16:14:18Z</time></trkpt>
<trkpt lat="33.0087" lon="35.24124"><ele>497.0</ele><time>2013-09-19T16:14:20Z</time></trkpt>
<trkpt lat="33.0087" lon="35.24107"><ele>497.0</ele><time>2013-09-19T16:14:22Z</time></trkpt>
<trkpt lat="33.0087" lon="35.2409"><ele>496.0</ele><time>2013-09-19T16:14:24Z</time></trkpt>
<trkpt lat="33.00869" lon="35.24073"><ele>496.0</ele><time>2013-09-19T16:14:26Z</time></trkpt>
<trkpt lat="33.00866" lon="35.24057"><ele>496.0</ele><time>2013-09-19T16:14:28Z</time></trkpt>
<trkpt lat="33.00864" lon="35.24041"><ele>495.0</ele><time>2013-09-19T16:14:29Z</time></trkpt>
<trkpt lat="33.00861" lon="35.24025"><ele>495.0</ele><time>2013-09-19T16:14:31Z</time></trkpt>
<trkpt lat="33.00858" lon="35.24008"><ele>495.0</ele><time>2013-09-19T16:14:33Z</time></trkpt>
<trkpt lat="33.00855" lon="35.23992"><ele>495.0</ele><time>2013-09-19T16:14:35Z</time></trkpt>
<trkpt lat="33.00852" lon="35.23976"><ele>495.0</ele><time>2013-09-19T16:14:37Z</time></trkpt>
<trkpt lat="33.00849" lon="35.2396"><ele>495.0</ele><time>2013-09-19T16:14:39Z</time></trkpt>
<trkpt lat="33.00846" lon="35.23942"><ele>495.0</ele><time>2013-09-19T16:14:41Z</time></trkpt>
<trkpt lat="33.00843" lon="35.23925"><ele>495.0</ele><time>2013-09-19T16:14:43Z</time></trkpt>
<trkpt lat="33.0084" lon="35.23908"><ele>495.0</ele><time>2013-09-19T16:14:45Z</time></trkpt>
<trkpt lat="33.00836" lon="35.23891"><ele>495.0</ele><time>2013-09-19T16:14:47Z</time></trkpt>
<trkpt lat="33.00832" lon="35.23875"><ele>495.0</ele><time>2013-09-19T16:14:49Z</time></trkpt>
<trkpt lat="33.00825" lon="35.23859"><ele>495.0</ele><time>2013-09-19T16:14:51Z</time></trkpt>
<trkpt lat="33.00817" lon="35.23842"><ele>495.0</ele><time>2013-09-19T16:14:53Z</time></trkpt>
<trkpt lat="33.00813" lon="35.23834"><ele>494.0</ele><time>2013-09-19T16:14:54Z</time></trkpt>
<trkpt lat="33.00809" lon="35.23824"><ele>494.0</ele><time>2013-09-19T16:14:55Z</time></trkpt>
<trkpt lat="33.00805" lon="35.23815"><ele>494.0</ele><time>2013-09-19T16:14:56Z</time></trkpt>
<trkpt lat="33.00802" lon="35.23806"><ele>494.0</ele><time>2013-09-19T16:14:57Z</time></trkpt>
<trkpt lat="33.00799" lon="35.23796"><ele>493.0</ele><time>2013-09-19T16:14:58Z</time></trkpt>
<trkpt lat="33.00797" lon="35.23786"><ele>492.0</ele><time>2013-09-19T16:15:00Z</time></trkpt>
<trkpt lat="33.00795" lon="35.23776"><ele>490.0</ele><time>2013-09-19T16:15:01Z</time></trkpt>
<trkpt lat="33.00794" lon="35.23765"><ele>489.0</ele><time>2013-09-19T16:15:02Z</time></trkpt>
<trkpt lat="33.00793" lon="35.23755"><ele>488.0</ele><time>2013-09-19T16:15:03Z</time></trkpt>
<trkpt lat="33.00793" lon="35.23745"><ele>486.0</ele><time>2013-09-19T16:15:04Z</time></trkpt>
<trkpt lat="33.00792" lon="35.23735"><ele>485.0</ele><time>2013-09-19T16:15:05Z</time></trkpt>
<trkpt lat="33.00791" lon="35.23726"><ele>484.0</ele><time>2013-09-19T16:15:06Z</time></trkpt>
<trkpt lat="33.0079" lon="35.23707"><ele>484.0</ele><time>2013-09-19T16:15:08Z</time></trkpt>
<trkpt lat="33.0079" lon="35.23687"><ele>483.0</ele><time>2013-09-19T16:15:10Z</time></trkpt>
<trkpt lat="33.00789" lon="35.23678"><ele>483.0</ele><time>2013-09-19T16:15:11Z</time></trkpt>
<trkpt lat="33.00788" lon="35.2366"><ele>484.0</ele><time>2013-09-19T16:15:13Z</time></trkpt>
<trkpt lat="33.00791" lon="35.23644"><ele>484.0</ele><time>2013-09-19T16:15:15Z</time></trkpt>
<trkpt lat="33.008" lon="35.23633"><ele>485.0</ele><time>2013-09-19T16:15:17Z</time></trkpt>
<trkpt lat="33.00809" lon="35.23628"><ele>486.0</ele><time>2013-09-19T16:15:19Z</time></trkpt>
<trkpt lat="33.00819" lon="35.23623"><ele>487.0</ele><time>2013-09-19T16:15:22Z</time></trkpt>
<trkpt lat="33.00828" lon="35.23619"><ele>488.0</ele><time>2013-09-19T16:15:25Z</time></trkpt>
<trkpt lat="33.00836" lon="35.23613"><ele>489.0</ele><time>2013-09-19T16:15:28Z</time></trkpt>
<trkpt lat="33.00844" lon="35.23608"><ele>491.0</ele><time>2013-09-19T16:15:30Z</time></trkpt>
<trkpt lat="33.00852" lon="35.23603"><ele>491.0</ele><time>2013-09-19T16:15:33Z</time></trkpt>
<trkpt lat="33.0086" lon="35.23597"><ele>492.0</ele><time>2013-09-19T16:15:37Z</time></trkpt>
<trkpt lat="33.00868" lon="35.2359"><ele>492.0</ele><time>2013-09-19T16:15:41Z</time></trkpt>
<trkpt lat="33.00876" lon="35.23583"><ele>492.0</ele><time>2013-09-19T16:15:45Z</time></trkpt>
<trkpt lat="33.00882" lon="35.23577"><ele>492.0</ele><time>2013-09-19T16:15:49Z</time></trkpt>
<trkpt lat="33.0089" lon="35.23571"><ele>493.0</ele><time>2013-09-19T16:15:54Z</time></trkpt>
<trkpt lat="33.00899" lon="35.23565"><ele>493.0</ele><time>2013-09-19T16:16:09Z</time></trkpt>
<trkpt lat="33.00904" lon="35.23555"><ele>493.0</ele><time>2013-09-19T16:16:13Z</time></trkpt>
<trkpt lat="33.00911" lon="35.23547"><ele>493.0</ele><time>2013-09-19T16:16:16Z</time></trkpt>
<trkpt lat="33.00918" lon="35.23536"><ele>492.0</ele><time>2013-09-19T16:16:19Z</time></trkpt>
<trkpt lat="33.00923" lon="35.23528"><ele>492.0</ele><time>2013-09-19T16:16:21Z</time></trkpt>
<trkpt lat="33.00929" lon="35.23519"><ele>491.0</ele><time>2013-09-19T16:16:23Z</time></trkpt>
<trkpt lat="33.00934" lon="35.23509"><ele>490.0</ele><time>2013-09-19T16:16:25Z</time></trkpt>
<trkpt lat="33.00939" lon="35.23499"><ele>489.0</ele><time>2013-09-19T16:16:27Z</time></trkpt>
<trkpt lat="33.00945" lon="35.23486"><ele>489.0</ele><time>2013-09-19T16:16:29Z</time></trkpt>
<trkpt lat="33.00951" lon="35.23472"><ele>489.0</ele><time>2013-09-19T16:16:30Z</time></trkpt>
<trkpt lat="33.00956" lon="35.23457"><ele>489.0</ele><time>2013-09-19T16:16:32Z</time></trkpt>
<trkpt lat="33.00961" lon="35.2344"><ele>488.0</ele><time>2013-09-19T16:16:34Z</time></trkpt>
<trkpt lat="33.00966" lon="35.23421"><ele>488.0</ele><time>2013-09-19T16:16:36Z</time></trkpt>
<trkpt lat="33.00968" lon="35.23412"><ele>487.0</ele><time>2013-09-19T16:16:37Z</time></trkpt>
<trkpt lat="33.0097" lon="35.23402"><ele>486.0</ele><time>2013-09-19T16:16:38Z</time></trkpt>
<trkpt lat="33.00971" lon="35.23392"><ele>486.0</ele><time>2013-09-19T16:16:39Z</time></trkpt>
<trkpt lat="33.00972" lon="35.23383"><ele>486.0</ele><time>2013-09-19T16:16:40Z</time></trkpt>
<trkpt lat="33.00974" lon="35.23373"><ele>485.0</ele><time>2013-09-19T16:16:41Z</time></trkpt>
<trkpt lat="33.00976" lon="35.23354"><ele>483.0</ele><time>2013-09-19T16:16:43Z</time></trkpt>
<trkpt lat="33.00979" lon="35.23336"><ele>482.0</ele><time>2013-09-19T16:16:45Z</time></trkpt>
<trkpt lat="33.0098" lon="35.23317"><ele>481.0</ele><time>2013-09-19T16:16:47Z</time></trkpt>
<trkpt lat="33.00981" lon="35.23307"><ele>480.0</ele><time>2013-09-19T16:16:48Z</time></trkpt>
<trkpt lat="33.00983" lon="35.23296"><ele>479.0</ele><time>2013-09-19T16:16:49Z</time></trkpt>
<trkpt lat="33.00985" lon="35.23285"><ele>478.0</ele><time>2013-09-19T16:16:50Z</time></trkpt>
<trkpt lat="33.00986" lon="35.23274"><ele>477.0</ele><time>2013-09-19T16:16:51Z</time></trkpt>
<trkpt lat="33.00987" lon="35.23263"><ele>475.0</ele><time>2013-09-19T16:16:52Z</time></trkpt>
<trkpt lat="33.00988" lon="35.23251"><ele>474.0</ele><time>2013-09-19T16:16:53Z</time></trkpt>
<trkpt lat="33.0099" lon="35.23239"><ele>472.0</ele><time>2013-09-19T16:16:54Z</time></trkpt>
<trkpt lat="33.00991" lon="35.23227"><ele>471.0</ele><time>2013-09-19T16:16:55Z</time></trkpt>
<trkpt lat="33.00991" lon="35.23215"><ele>471.0</ele><time>2013-09-19T16:16:56Z</time></trkpt>
<trkpt lat="33.00992" lon="35.23204"><ele>469.0</ele><time>2013-09-19T16:16:57Z</time></trkpt>
<trkpt lat="33.00993" lon="35.23188"><ele>467.0</ele><time>2013-09-19T16:17:00Z</time></trkpt>
<trkpt lat="33.00993" lon="35.23176"><ele>465.0</ele><time>2013-09-19T16:17:02Z</time></trkpt>
<trkpt lat="33.00993" lon="35.23162"><ele>463.0</ele><time>2013-09-19T16:17:04Z</time></trkpt>
<trkpt lat="33.00993" lon="35.23146"><ele>461.0</ele><time>2013-09-19T16:17:06Z</time></trkpt>
<trkpt lat="33.00994" lon="35.23127"><ele>460.0</ele><time>2013-09-19T16:17:08Z</time></trkpt>
<trkpt lat="33.00995" lon="35.2311"><ele>459.0</ele><time>2013-09-19T16:17:10Z</time></trkpt>
<trkpt lat="33.00995" lon="35.23096"><ele>458.0</ele><time>2013-09-19T16:17:12Z</time></trkpt>
<trkpt lat="33.00995" lon="35.23086"><ele>457.0</ele><time>2013-09-19T16:17:14Z</time></trkpt>
<trkpt lat="33.00988" lon="35.23078"><ele>455.0</ele><time>2013-09-19T16:17:17Z</time></trkpt>
<trkpt lat="33.0098" lon="35.23076"><ele>454.0</ele><time>2013-09-19T16:17:19Z</time></trkpt>
<trkpt lat="33.0097" lon="35.23076"><ele>454.0</ele><time>2013-09-19T16:17:21Z</time></trkpt>
<trkpt lat="33.00959" lon="35.23076"><ele>454.0</ele><time>2013-09-19T16:17:23Z</time></trkpt>
<trkpt lat="33.00946" lon="35.23077"><ele>453.0</ele><time>2013-09-19T16:17:25Z</time></trkpt>
<trkpt lat="33.00935" lon="35.23078"><ele>452.0</ele><time>2013-09-19T16:17:27Z</time></trkpt>
<trkpt lat="33.00927" lon="35.23078"><ele>451.0</ele><time>2013-09-19T16:17:29Z</time></trkpt>
<trkpt lat="33.00917" lon="35.23069"><ele>450.0</ele><time>2013-09-19T16:17:31Z</time></trkpt>
<trkpt lat="33.00915" lon="35.23056"><ele>449.0</ele><time>2013-09-19T16:17:33Z</time></trkpt>
<trkpt lat="33.00911" lon="35.23042"><ele>448.0</ele><time>2013-09-19T16:17:35Z</time></trkpt>
<trkpt lat="33.00906" lon="35.23032"><ele>447.0</ele><time>2013-09-19T16:17:37Z</time></trkpt>
<trkpt lat="33.00896" lon="35.23023"><ele>446.0</ele><time>2013-09-19T16:17:39Z</time></trkpt>
<trkpt lat="33.00885" lon="35.23017"><ele>446.0</ele><time>2013-09-19T16:17:41Z</time></trkpt>
<trkpt lat="33.00875" lon="35.2301"><ele>445.0</ele><time>2013-09-19T16:17:43Z</time></trkpt>
<trkpt lat="33.00866" lon="35.23004"><ele>444.0</ele><time>2013-09-19T16:17:45Z</time></trkpt>
<trkpt lat="33.00858" lon="35.22998"><ele>444.0</ele><time>2013-09-19T16:17:47Z</time></trkpt>
<trkpt lat="33.00851" lon="35.22991"><ele>443.0</ele><time>2013-09-19T16:17:49Z</time></trkpt>
<trkpt lat="33.00843" lon="35.22985"><ele>443.0</ele><time>2013-09-19T16:17:51Z</time></trkpt>
<trkpt lat="33.00835" lon="35.22979"><ele>442.0</ele><time>2013-09-19T16:17:53Z</time></trkpt>
<trkpt lat="33.00827" lon="35.22972"><ele>442.0</ele><time>2013-09-19T16:17:55Z</time></trkpt>
<trkpt lat="33.00821" lon="35.22964"><ele>441.0</ele><time>2013-09-19T16:17:57Z</time></trkpt>
<trkpt lat="33.00821" lon="35.22953"><ele>440.0</ele><time>2013-09-19T16:18:00Z</time></trkpt>
<trkpt lat="33.00824" lon="35.22939"><ele>439.0</ele><time>2013-09-19T16:18:02Z</time></trkpt>
<trkpt lat="33.00827" lon="35.22923"><ele>437.0</ele><time>2013-09-19T16:18:04Z</time></trkpt>
<trkpt lat="33.00822" lon="35.22905"><ele>436.0</ele><time>2013-09-19T16:18:06Z</time></trkpt>
<trkpt lat="33.00814" lon="35.22889"><ele>435.0</ele><time>2013-09-19T16:18:08Z</time></trkpt>
<trkpt lat="33.00808" lon="35.22881"><ele>434.0</ele><time>2013-09-19T16:18:09Z</time></trkpt>
<trkpt lat="33.00803" lon="35.22873"><ele>434.0</ele><time>2013-09-19T16:18:10Z</time></trkpt>
<trkpt lat="33.00797" lon="35.22866"><ele>433.0</ele><time>2013-09-19T16:18:11Z</time></trkpt>
<trkpt lat="33.0079" lon="35.22858"><ele>433.0</ele><time>2013-09-19T16:18:12Z</time></trkpt>
<trkpt lat="33.00783" lon="35.2285"><ele>433.0</ele><time>2013-09-19T16:18:13Z</time></trkpt>
<trkpt lat="33.00776" lon="35.22843"><ele>432.0</ele><time>2013-09-19T16:18:14Z</time></trkpt>
<trkpt lat="33.00769" lon="35.22835"><ele>432.0</ele><time>2013-09-19T16:18:15Z</time></trkpt>
<trkpt lat="33.00763" lon="35.22828"><ele>431.0</ele><time>2013-09-19T16:18:16Z</time></trkpt>
<trkpt lat="33.00757" lon="35.22821"><ele>431.0</ele><time>2013-09-19T16:18:17Z</time></trkpt>
<trkpt lat="33.00751" lon="35.22814"><ele>430.0</ele><time>2013-09-19T16:18:18Z</time></trkpt>
<trkpt lat="33.00744" lon="35.22807"><ele>429.0</ele><time>2013-09-19T16:18:19Z</time></trkpt>
<trkpt lat="33.00738" lon="35.22799"><ele>428.0</ele><time>2013-09-19T16:18:20Z</time></trkpt>
<trkpt lat="33.00731" lon="35.22792"><ele>427.0</ele><time>2013-09-19T16:18:21Z</time></trkpt>
<trkpt lat="33.00725" lon="35.22784"><ele>427.0</ele><time>2013-09-19T16:18:22Z</time></trkpt>
<trkpt lat="33.00719" lon="35.22777"><ele>426.0</ele><time>2013-09-19T16:18:23Z</time></trkpt>
<trkpt lat="33.00712" lon="35.2277"><ele>425.0</ele><time>2013-09-19T16:18:24Z</time></trkpt>
<trkpt lat="33.00706" lon="35.22763"><ele>423.0</ele><time>2013-09-19T16:18:25Z</time></trkpt>
<trkpt lat="33.007" lon="35.22755"><ele>422.0</ele><time>2013-09-19T16:18:26Z</time></trkpt>
<trkpt lat="33.00691" lon="35.22741"><ele>421.0</ele><time>2013-09-19T16:18:28Z</time></trkpt>
<trkpt lat="33.00685" lon="35.22726"><ele>421.0</ele><time>2013-09-19T16:18:29Z</time></trkpt>
<trkpt lat="33.00683" lon="35.22709"><ele>421.0</ele><time>2013-09-19T16:18:31Z</time></trkpt>
<trkpt lat="33.00685" lon="35.22699"><ele>420.0</ele><time>2013-09-19T16:18:32Z</time></trkpt>
<trkpt lat="33.00687" lon="35.2269"><ele>419.0</ele><time>2013-09-19T16:18:33Z</time></trkpt>
<trkpt lat="33.00691" lon="35.22681"><ele>419.0</ele><time>2013-09-19T16:18:34Z</time></trkpt>
<trkpt lat="33.00696" lon="35.22673"><ele>418.0</ele><time>2013-09-19T16:18:35Z</time></trkpt>
<trkpt lat="33.00703" lon="35.22665"><ele>418.0</ele><time>2013-09-19T16:18:36Z</time></trkpt>
<trkpt lat="33.00711" lon="35.22659"><ele>418.0</ele><time>2013-09-19T16:18:37Z</time></trkpt>
<trkpt lat="33.0072" lon="35.22654"><ele>418.0</ele><time>2013-09-19T16:18:38Z</time></trkpt>
<trkpt lat="33.00728" lon="35.22651"><ele>418.0</ele><time>2013-09-19T16:18:39Z</time></trkpt>
<trkpt lat="33.00741" lon="35.22648"><ele>418.0</ele><time>2013-09-19T16:18:41Z</time></trkpt>
<trkpt lat="33.00751" lon="35.22646"><ele>417.0</ele><time>2013-09-19T16:18:44Z</time></trkpt>
<trkpt lat="33.00761" lon="35.22641"><ele>416.0</ele><time>2013-09-19T16:18:47Z</time></trkpt>
<trkpt lat="33.0077" lon="35.22638"><ele>415.0</ele><time>2013-09-19T16:18:49Z</time></trkpt>
<trkpt lat="33.0078" lon="35.22634"><ele>414.0</ele><time>2013-09-19T16:18:51Z</time></trkpt>
<trkpt lat="33.00791" lon="35.2263"><ele>413.0</ele><time>2013-09-19T16:18:53Z</time></trkpt>
<trkpt lat="33.00803" lon="35.22624"><ele>412.0</ele><time>2013-09-19T16:18:55Z</time></trkpt>
<trkpt lat="33.00814" lon="35.22616"><ele>411.0</ele><time>2013-09-19T16:18:57Z</time></trkpt>
<trkpt lat="33.00826" lon="35.22605"><ele>410.0</ele><time>2013-09-19T16:19:00Z</time></trkpt>
<trkpt lat="33.00836" lon="35.22589"><ele>408.0</ele><time>2013-09-19T16:19:02Z</time></trkpt>
<trkpt lat="33.00839" lon="35.2258"><ele>406.0</ele><time>2013-09-19T16:19:03Z</time></trkpt>
<trkpt lat="33.00842" lon="35.22569"><ele>405.0</ele><time>2013-09-19T16:19:04Z</time></trkpt>
<trkpt lat="33.00844" lon="35.22559"><ele>404.0</ele><time>2013-09-19T16:19:05Z</time></trkpt>
<trkpt lat="33.00846" lon="35.22548"><ele>404.0</ele><time>2013-09-19T16:19:06Z</time></trkpt>
<trkpt lat="33.00847" lon="35.22538"><ele>403.0</ele><time>2013-09-19T16:19:07Z</time></trkpt>
<trkpt lat="33.00848" lon="35.22529"><ele>402.0</ele><time>2013-09-19T16:19:08Z</time></trkpt>
<trkpt lat="33.00848" lon="35.22511"><ele>401.0</ele><time>2013-09-19T16:19:10Z</time></trkpt>
<trkpt lat="33.00846" lon="35.22497"><ele>400.0</ele><time>2013-09-19T16:19:12Z</time></trkpt>
<trkpt lat="33.00845" lon="35.22483"><ele>399.0</ele><time>2013-09-19T16:19:15Z</time></trkpt>
<trkpt lat="33.00848" lon="35.22472"><ele>398.0</ele><time>2013-09-19T16:19:17Z</time></trkpt>
<trkpt lat="33.00852" lon="35.2246"><ele>397.0</ele><time>2013-09-19T16:19:19Z</time></trkpt>
<trkpt lat="33.00855" lon="35.22445"><ele>396.0</ele><time>2013-09-19T16:19:21Z</time></trkpt>
<trkpt lat="33.00858" lon="35.22428"><ele>395.0</ele><time>2013-09-19T16:19:23Z</time></trkpt>
<trkpt lat="33.0086" lon="35.22409"><ele>395.0</ele><time>2013-09-19T16:19:25Z</time></trkpt>
<trkpt lat="33.00861" lon="35.22398"><ele>394.0</ele><time>2013-09-19T16:19:26Z</time></trkpt>
<trkpt lat="33.00862" lon="35.22388"><ele>393.0</ele><time>2013-09-19T16:19:27Z</time></trkpt>
<trkpt lat="33.00863" lon="35.22377"><ele>392.0</ele><time>2013-09-19T16:19:28Z</time></trkpt>
<trkpt lat="33.00864" lon="35.22366"><ele>392.0</ele><time>2013-09-19T16:19:29Z</time></trkpt>
<trkpt lat="33.00867" lon="35.22342"><ele>390.0</ele><time>2013-09-19T16:19:30Z</time></trkpt>
<trkpt lat="33.00868" lon="35.2233"><ele>389.0</ele><time>2013-09-19T16:19:31Z</time></trkpt>
<trkpt lat="33.00869" lon="35.22317"><ele>388.0</ele><time>2013-09-19T16:19:32Z</time></trkpt>
<trkpt lat="33.0087" lon="35.22304"><ele>387.0</ele><time>2013-09-19T16:19:33Z</time></trkpt>
<trkpt lat="33.00871" lon="35.22291"><ele>386.0</ele><time>2013-09-19T16:19:34Z</time></trkpt>
<trkpt lat="33.00873" lon="35.22278"><ele>385.0</ele><time>2013-09-19T16:19:35Z</time></trkpt>
<trkpt lat="33.00874" lon="35.22265"><ele>383.0</ele><time>2013-09-19T16:19:36Z</time></trkpt>
<trkpt lat="33.00875" lon="35.22251"><ele>382.0</ele><time>2013-09-19T16:19:37Z</time></trkpt>
<trkpt lat="33.00876" lon="35.22237"><ele>380.0</ele><time>2013-09-19T16:19:38Z</time></trkpt>
<trkpt lat="33.00878" lon="35.22223"><ele>379.0</ele><time>2013-09-19T16:19:39Z</time></trkpt>
<trkpt lat="33.0088" lon="35.22209"><ele>377.0</ele><time>2013-09-19T16:19:40Z</time></trkpt>
<trkpt lat="33.00881" lon="35.22194"><ele>375.0</ele><time>2013-09-19T16:19:41Z</time></trkpt>
<trkpt lat="33.00883" lon="35.2218"><ele>374.0</ele><time>2013-09-19T16:19:42Z</time></trkpt>
<trkpt lat="33.00884" lon="35.22165"><ele>372.0</ele><time>2013-09-19T16:19:43Z</time></trkpt>
<trkpt lat="33.00885" lon="35.2215"><ele>371.0</ele><time>2013-09-19T16:19:44Z</time></trkpt>
<trkpt lat="33.00885" lon="35.22135"><ele>370.0</ele><time>2013-09-19T16:19:45Z</time></trkpt>
<trkpt lat="33.00885" lon="35.2212"><ele>369.0</ele><time>2013-09-19T16:19:46Z</time></trkpt>
<trkpt lat="33.00885" lon="35.22105"><ele>368.0</ele><time>2013-09-19T16:19:47Z</time></trkpt>
<trkpt lat="33.00885" lon="35.2209"><ele>367.0</ele><time>2013-09-19T16:19:48Z</time></trkpt>
<trkpt lat="33.00885" lon="35.22074"><ele>366.0</ele><time>2013-09-19T16:19:49Z</time></trkpt>
<trkpt lat="33.00885" lon="35.22058"><ele>365.0</ele><time>2013-09-19T16:19:50Z</time></trkpt>
<trkpt lat="33.00885" lon="35.22043"><ele>364.0</ele><time>2013-09-19T16:19:51Z</time></trkpt>
<trkpt lat="33.00884" lon="35.22027"><ele>364.0</ele><time>2013-09-19T16:19:52Z</time></trkpt>
<trkpt lat="33.00884" lon="35.22011"><ele>363.0</ele><time>2013-09-19T16:19:53Z</time></trkpt>
<trkpt lat="33.00884" lon="35.21995"><ele>362.0</ele><time>2013-09-19T16:19:54Z</time></trkpt>
<trkpt lat="33.00884" lon="35.21979"><ele>362.0</ele><time>2013-09-19T16:19:55Z</time></trkpt>
<trkpt lat="33.00884" lon="35.21963"><ele>361.0</ele><time>2013-09-19T16:19:56Z</time></trkpt>
<trkpt lat="33.00884" lon="35.21948"><ele>360.0</ele><time>2013-09-19T16:19:57Z</time></trkpt>
<trkpt lat="33.00884" lon="35.21932"><ele>360.0</ele><time>2013-09-19T16:19:58Z</time></trkpt>
<trkpt lat="33.00883" lon="35.21917"><ele>359.0</ele><time>2013-09-19T16:20:00Z</time></trkpt>
<trkpt lat="33.00883" lon="35.21901"><ele>358.0</ele><time>2013-09-19T16:20:01Z</time></trkpt>
<trkpt lat="33.00883" lon="35.21886"><ele>358.0</ele><time>2013-09-19T16:20:02Z</time></trkpt>
<trkpt lat="33.00883" lon="35.21871"><ele>357.0</ele><time>2013-09-19T16:20:03Z</time></trkpt>
<trkpt lat="33.00883" lon="35.21856"><ele>357.0</ele><time>2013-09-19T16:20:04Z</time></trkpt>
<trkpt lat="33.00883" lon="35.21841"><ele>356.0</ele><time>2013-09-19T16:20:05Z</time></trkpt>
<trkpt lat="33.00882" lon="35.21826"><ele>356.0</ele><time>2013-09-19T16:20:06Z</time></trkpt>
<trkpt lat="33.00882" lon="35.21811"><ele>355.0</ele><time>2013-09-19T16:20:07Z</time></trkpt>
<trkpt lat="33.00881" lon="35.21796"><ele>354.0</ele><time>2013-09-19T16:20:08Z</time></trkpt>
<trkpt lat="33.00881" lon="35.21781"><ele>353.0</ele><time>2013-09-19T16:20:09Z</time></trkpt>
<trkpt lat="33.0088" lon="35.21766"><ele>353.0</ele><time>2013-09-19T16:20:10Z</time></trkpt>
<trkpt lat="33.00879" lon="35.21751"><ele>352.0</ele><time>2013-09-19T16:20:11Z</time></trkpt>
<trkpt lat="33.00878" lon="35.21735"><ele>351.0</ele><time>2013-09-19T16:20:12Z</time></trkpt>
<trkpt lat="33.00878" lon="35.2172"><ele>351.0</ele><time>2013-09-19T16:20:13Z</time></trkpt>
<trkpt lat="33.00877" lon="35.21705"><ele>350.0</ele><time>2013-09-19T16:20:14Z</time></trkpt>
<trkpt lat="33.00876" lon="35.21689"><ele>349.0</ele><time>2013-09-19T16:20:15Z</time></trkpt>
<trkpt lat="33.00876" lon="35.21673"><ele>348.0</ele><time>2013-09-19T16:20:16Z</time></trkpt>
<trkpt lat="33.00875" lon="35.21658"><ele>348.0</ele><time>2013-09-19T16:20:17Z</time></trkpt>
<trkpt lat="33.00874" lon="35.21642"><ele>347.0</ele><time>2013-09-19T16:20:18Z</time></trkpt>
<trkpt lat="33.00873" lon="35.21626"><ele>346.0</ele><time>2013-09-19T16:20:19Z</time></trkpt>
<trkpt lat="33.00872" lon="35.21611"><ele>345.0</ele><time>2013-09-19T16:20:20Z</time></trkpt>
<trkpt lat="33.00871" lon="35.21595"><ele>344.0</ele><time>2013-09-19T16:20:21Z</time></trkpt>
<trkpt lat="33.0087" lon="35.21578"><ele>343.0</ele><time>2013-09-19T16:20:22Z</time></trkpt>
<trkpt lat="33.00867" lon="35.21563"><ele>342.0</ele><time>2013-09-19T16:20:23Z</time></trkpt>
<trkpt lat="33.00864" lon="35.21547"><ele>341.0</ele><time>2013-09-19T16:20:24Z</time></trkpt>
<trkpt lat="33.00861" lon="35.21531"><ele>340.0</ele><time>2013-09-19T16:20:25Z</time></trkpt>
<trkpt lat="33.00858" lon="35.21515"><ele>338.0</ele><time>2013-09-19T16:20:26Z</time></trkpt>
<trkpt lat="33.00855" lon="35.21499"><ele>337.0</ele><time>2013-09-19T16:20:27Z</time></trkpt>
<trkpt lat="33.00852" lon="35.21482"><ele>336.0</ele><time>2013-09-19T16:20:28Z</time></trkpt>
<trkpt lat="33.00849" lon="35.21466"><ele>335.0</ele><time>2013-09-19T16:20:29Z</time></trkpt>
<trkpt lat="33.00842" lon="35.21433"><ele>333.0</ele><time>2013-09-19T16:20:30Z</time></trkpt>
<trkpt lat="33.00838" lon="35.21417"><ele>332.0</ele><time>2013-09-19T16:20:31Z</time></trkpt>
<trkpt lat="33.00836" lon="35.21401"><ele>331.0</ele><time>2013-09-19T16:20:32Z</time></trkpt>
<trkpt lat="33.00833" lon="35.21385"><ele>330.0</ele><time>2013-09-19T16:20:33Z</time></trkpt>
<trkpt lat="33.00832" lon="35.21369"><ele>329.0</ele><time>2013-09-19T16:20:34Z</time></trkpt>
<trkpt lat="33.00831" lon="35.21353"><ele>328.0</ele><time>2013-09-19T16:20:35Z</time></trkpt>
<trkpt lat="33.0083" lon="35.21337"><ele>328.0</ele><time>2013-09-19T16:20:36Z</time></trkpt>
<trkpt lat="33.00829" lon="35.21322"><ele>327.0</ele><time>2013-09-19T16:20:37Z</time></trkpt>
<trkpt lat="33.00829" lon="35.21308"><ele>327.0</ele><time>2013-09-19T16:20:38Z</time></trkpt>
<trkpt lat="33.00829" lon="35.21293"><ele>326.0</ele><time>2013-09-19T16:20:39Z</time></trkpt>
<trkpt lat="33.00828" lon="35.21279"><ele>325.0</ele><time>2013-09-19T16:20:40Z</time></trkpt>
<trkpt lat="33.00827" lon="35.21265"><ele>324.0</ele><time>2013-09-19T16:20:41Z</time></trkpt>
<trkpt lat="33.00826" lon="35.21251"><ele>323.0</ele><time>2013-09-19T16:20:42Z</time></trkpt>
<trkpt lat="33.00823" lon="35.21238"><ele>322.0</ele><time>2013-09-19T16:20:43Z</time></trkpt>
<trkpt lat="33.0082" lon="35.21224"><ele>321.0</ele><time>2013-09-19T16:20:44Z</time></trkpt>
<trkpt lat="33.00816" lon="35.21211"><ele>320.0</ele><time>2013-09-19T16:20:45Z</time></trkpt>
<trkpt lat="33.00812" lon="35.21199"><ele>320.0</ele><time>2013-09-19T16:20:46Z</time></trkpt>
<trkpt lat="33.00808" lon="35.21186"><ele>320.0</ele><time>2013-09-19T16:20:47Z</time></trkpt>
<trkpt lat="33.00804" lon="35.21174"><ele>319.0</ele><time>2013-09-19T16:20:48Z</time></trkpt>
<trkpt lat="33.008" lon="35.21161"><ele>319.0</ele><time>2013-09-19T16:20:49Z</time></trkpt>
<trkpt lat="33.00797" lon="35.21149"><ele>318.0</ele><time>2013-09-19T16:20:50Z</time></trkpt>
<trkpt lat="33.00793" lon="35.21137"><ele>319.0</ele><time>2013-09-19T16:20:51Z</time></trkpt>
<trkpt lat="33.00789" lon="35.21125"><ele>319.0</ele><time>2013-09-19T16:20:52Z</time></trkpt>
<trkpt lat="33.00786" lon="35.21113"><ele>319.0</ele><time>2013-09-19T16:20:53Z</time></trkpt>
<trkpt lat="33.00782" lon="35.21101"><ele>319.0</ele><time>2013-09-19T16:20:54Z</time></trkpt>
<trkpt lat="33.00779" lon="35.21089"><ele>319.0</ele><time>2013-09-19T16:20:55Z</time></trkpt>
<trkpt lat="33.00775" lon="35.21077"><ele>319.0</ele><time>2013-09-19T16:20:56Z</time></trkpt>
<trkpt lat="33.00771" lon="35.21066"><ele>318.0</ele><time>2013-09-19T16:20:57Z</time></trkpt>
<trkpt lat="33.00768" lon="35.21055"><ele>318.0</ele><time>2013-09-19T16:20:58Z</time></trkpt>
<trkpt lat="33.00765" lon="35.21044"><ele>318.0</ele><time>2013-09-19T16:20:59Z</time></trkpt>
<trkpt lat="33.00762" lon="35.21033"><ele>318.0</ele><time>2013-09-19T16:21:01Z</time></trkpt>
<trkpt lat="33.00759" lon="35.21023"><ele>317.0</ele><time>2013-09-19T16:21:02Z</time></trkpt>
<trkpt lat="33.00755" lon="35.21013"><ele>316.0</ele><time>2013-09-19T16:21:03Z</time></trkpt>
<trkpt lat="33.00752" lon="35.21003"><ele>316.0</ele><time>2013-09-19T16:21:04Z</time></trkpt>
<trkpt lat="33.00749" lon="35.20993"><ele>316.0</ele><time>2013-09-19T16:21:05Z</time></trkpt>
<trkpt lat="33.00746" lon="35.20984"><ele>316.0</ele><time>2013-09-19T16:21:06Z</time></trkpt>
<trkpt lat="33.00738" lon="35.20968"><ele>316.0</ele><time>2013-09-19T16:21:08Z</time></trkpt>
<trkpt lat="33.00728" lon="35.20955"><ele>316.0</ele><time>2013-09-19T16:21:10Z</time></trkpt>
<trkpt lat="33.00719" lon="35.20944"><ele>316.0</ele><time>2013-09-19T16:21:12Z</time></trkpt>
<trkpt lat="33.0071" lon="35.20934"><ele>317.0</ele><time>2013-09-19T16:21:14Z</time></trkpt>
<trkpt lat="33.00701" lon="35.20925"><ele>317.0</ele><time>2013-09-19T16:21:16Z</time></trkpt>
<trkpt lat="33.00693" lon="35.20917"><ele>317.0</ele><time>2013-09-19T16:21:18Z</time></trkpt>
<trkpt lat="33.00686" lon="35.20909"><ele>317.0</ele><time>2013-09-19T16:21:20Z</time></trkpt>
<trkpt lat="33.0068" lon="35.20902"><ele>318.0</ele><time>2013-09-19T16:21:22Z</time></trkpt>
<trkpt lat="33.0067" lon="35.20894"><ele>319.0</ele><time>2013-09-19T16:21:25Z</time></trkpt>
<trkpt lat="33.0066" lon="35.20893"><ele>319.0</ele><time>2013-09-19T16:21:28Z</time></trkpt>
<trkpt lat="33.00654" lon="35.20901"><ele>319.0</ele><time>2013-09-19T16:21:30Z</time></trkpt>
<trkpt lat="33.00651" lon="35.20914"><ele>319.0</ele><time>2013-09-19T16:21:34Z</time></trkpt>
<trkpt lat="33.0065" lon="35.20927"><ele>319.0</ele><time>2013-09-19T16:21:38Z</time></trkpt>
<trkpt lat="33.0065" lon="35.20936"><ele>319.0</ele><time>2013-09-19T16:21:41Z</time></trkpt>
<trkpt lat="33.00652" lon="35.20949"><ele>320.0</ele><time>2013-09-19T16:21:45Z</time></trkpt>
<trkpt lat="33.00653" lon="35.2096"><ele>320.0</ele><time>2013-09-19T16:21:49Z</time></trkpt>
<trkpt lat="33.00653" lon="35.20973"><ele>320.0</ele><time>2013-09-19T16:21:53Z</time></trkpt>
<trkpt lat="33.00654" lon="35.20985"><ele>320.0</ele><time>2013-09-19T16:21:57Z</time></trkpt>
<trkpt lat="33.00654" lon="35.20995"><ele>321.0</ele><time>2013-09-19T16:22:01Z</time></trkpt>
<trkpt lat="33.00654" lon="35.21008"><ele>322.0</ele><time>2013-09-19T16:22:05Z</time></trkpt>
<trkpt lat="33.00654" lon="35.21019"><ele>322.0</ele><time>2013-09-19T16:22:08Z</time></trkpt>
<trkpt lat="33.00653" lon="35.21029"><ele>323.0</ele><time>2013-09-19T16:22:11Z</time></trkpt>
<trkpt lat="33.00654" lon="35.21041"><ele>324.0</ele><time>2013-09-19T16:22:15Z</time></trkpt>
<trkpt lat="33.00656" lon="35.21053"><ele>324.0</ele><time>2013-09-19T16:22:19Z</time></trkpt>
<trkpt lat="33.00656" lon="35.21063"><ele>325.0</ele><time>2013-09-19T16:22:22Z</time></trkpt>
<trkpt lat="33.00656" lon="35.21072"><ele>325.0</ele><time>2013-09-19T16:22:25Z</time></trkpt>
<trkpt lat="33.00656" lon="35.21083"><ele>326.0</ele><time>2013-09-19T16:22:28Z</time></trkpt>
<trkpt lat="33.00656" lon="35.21093"><ele>327.0</ele><time>2013-09-19T16:22:30Z</time></trkpt>
<trkpt lat="33.00655" lon="35.21103"><ele>328.0</ele><time>2013-09-19T16:22:33Z</time></trkpt>
<trkpt lat="33.00654" lon="35.21113"><ele>329.0</ele><time>2013-09-19T16:22:36Z</time></trkpt>
<trkpt lat="33.00653" lon="35.21123"><ele>330.0</ele><time>2013-09-19T16:22:39Z</time></trkpt>
<trkpt lat="33.00652" lon="35.21133"><ele>330.0</ele><time>2013-09-19T16:22:42Z</time></trkpt>
<trkpt lat="33.0065" lon="35.21144"><ele>331.0</ele><time>2013-09-19T16:22:45Z</time></trkpt>
<trkpt lat="33.0065" lon="35.21155"><ele>331.0</ele><time>2013-09-19T16:22:48Z</time></trkpt>
<trkpt lat="33.00648" lon="35.21166"><ele>332.0</ele><time>2013-09-19T16:22:51Z</time></trkpt>
<trkpt lat="33.00647" lon="35.21177"><ele>333.0</ele><time>2013-09-19T16:22:54Z</time></trkpt>
<trkpt lat="33.00646" lon="35.21188"><ele>334.0</ele><time>2013-09-19T16:22:58Z</time></trkpt>
<trkpt lat="33.00643" lon="35.21199"><ele>335.0</ele><time>2013-09-19T16:23:04Z</time></trkpt>
<trkpt lat="33.00641" lon="35.2121"><ele>335.0</ele><time>2013-09-19T16:23:08Z</time></trkpt>
<trkpt lat="33.00639" lon="35.2122"><ele>335.0</ele><time>2013-09-19T16:23:12Z</time></trkpt>
<trkpt lat="33.00635" lon="35.21229"><ele>336.0</ele><time>2013-09-19T16:23:16Z</time></trkpt>
<trkpt lat="33.00629" lon="35.21237"><ele>336.0</ele><time>2013-09-19T16:23:21Z</time></trkpt>
<trkpt lat="33.00623" lon="35.21245"><ele>337.0</ele><time>2013-09-19T16:23:26Z</time></trkpt>
<trkpt lat="33.00618" lon="35.21254"><ele>337.0</ele><time>2013-09-19T16:23:30Z</time></trkpt>
<trkpt lat="33.00612" lon="35.21264"><ele>338.0</ele><time>2013-09-19T16:23:38Z</time></trkpt>
<trkpt lat="33.00606" lon="35.21271"><ele>338.0</ele><time>2013-09-19T16:23:43Z</time></trkpt>
<trkpt lat="33.00601" lon="35.2128"><ele>339.0</ele><time>2013-09-19T16:23:47Z</time></trkpt>
<trkpt lat="33.00594" lon="35.21291"><ele>340.0</ele><time>2013-09-19T16:23:51Z</time></trkpt>
<trkpt lat="33.00588" lon="35.213"><ele>340.0</ele><time>2013-09-19T16:23:55Z</time></trkpt>
<trkpt lat="33.00583" lon="35.21307"><ele>341.0</ele><time>2013-09-19T16:23:58Z</time></trkpt>
<trkpt lat="33.00578" lon="35.21315"><ele>341.0</ele><time>2013-09-19T16:24:02Z</time></trkpt>
<trkpt lat="33.00572" lon="35.21325"><ele>340.0</ele><time>2013-09-19T16:24:06Z</time></trkpt>
<trkpt lat="33.00565" lon="35.21334"><ele>340.0</ele><time>2013-09-19T16:24:10Z</time></trkpt>
<trkpt lat="33.00558" lon="35.21341"><ele>340.0</ele><time>2013-09-19T16:24:13Z</time></trkpt>
<trkpt lat="33.00551" lon="35.21347"><ele>340.0</ele><time>2013-09-19T16:24:16Z</time></trkpt>
<trkpt lat="33.00543" lon="35.21351"><ele>340.0</ele><time>2013-09-19T16:24:19Z</time></trkpt>
<trkpt lat="33.00536" lon="35.21356"><ele>339.0</ele><time>2013-09-19T16:24:22Z</time></trkpt>
<trkpt lat="33.00529" lon="35.21364"><ele>339.0</ele><time>2013-09-19T16:24:25Z</time></trkpt>
<trkpt lat="33.00527" lon="35.21375"><ele>339.0</ele><time>2013-09-19T16:24:28Z</time></trkpt>
<trkpt lat="33.00532" lon="35.21385"><ele>339.0</ele><time>2013-09-19T16:24:30Z</time></trkpt>
<trkpt lat="33.00534" lon="35.21396"><ele>338.0</ele><time>2013-09-19T16:24:34Z</time></trkpt>
<trkpt lat="33.00531" lon="35.21406"><ele>339.0</ele><time>2013-09-19T16:24:39Z</time></trkpt>
<trkpt lat="33.00532" lon="35.21417"><ele>339.0</ele><time>2013-09-19T16:24:43Z</time></trkpt>
<trkpt lat="33.00535" lon="35.21428"><ele>341.0</ele><time>2013-09-19T16:24:47Z</time></trkpt>
<trkpt lat="33.00537" lon="35.21437"><ele>342.0</ele><time>2013-09-19T16:24:51Z</time></trkpt>
<trkpt lat="33.00541" lon="35.21447"><ele>342.0</ele><time>2013-09-19T16:24:56Z</time></trkpt>
<trkpt lat="33.00537" lon="35.21456"><ele>343.0</ele><time>2013-09-19T16:25:02Z</time></trkpt>
<trkpt lat="33.00529" lon="35.21462"><ele>344.0</ele><time>2013-09-19T16:25:06Z</time></trkpt>
<trkpt lat="33.00523" lon="35.21469"><ele>344.0</ele><time>2013-09-19T16:25:09Z</time></trkpt>
<trkpt lat="33.00518" lon="35.21478"><ele>345.0</ele><time>2013-09-19T16:25:12Z</time></trkpt>
<trkpt lat="33.00516" lon="35.21489"><ele>346.0</ele><time>2013-09-19T16:25:16Z</time></trkpt>
<trkpt lat="33.0052" lon="35.21498"><ele>347.0</ele><time>2013-09-19T16:25:20Z</time></trkpt>
<trkpt lat="33.00527" lon="35.21503"><ele>347.0</ele><time>2013-09-19T16:25:24Z</time></trkpt>
<trkpt lat="33.00537" lon="35.21502"><ele>348.0</ele><time>2013-09-19T16:25:29Z</time></trkpt>
<trkpt lat="33.00543" lon="35.2151"><ele>348.0</ele><time>2013-09-19T16:25:32Z</time></trkpt>
<trkpt lat="33.00549" lon="35.21518"><ele>349.0</ele><time>2013-09-19T16:25:36Z</time></trkpt>
<trkpt lat="33.00555" lon="35.21526"><ele>349.0</ele><time>2013-09-19T16:25:40Z</time></trkpt>
<trkpt lat="33.00556" lon="35.21537"><ele>350.0</ele><time>2013-09-19T16:25:45Z</time></trkpt>
<trkpt lat="33.0055" lon="35.21547"><ele>350.0</ele><time>2013-09-19T16:25:53Z</time></trkpt>
<trkpt lat="33.00538" lon="35.21546"><ele>350.0</ele><time>2013-09-19T16:25:57Z</time></trkpt>
<trkpt lat="33.00529" lon="35.21551"><ele>351.0</ele><time>2013-09-19T16:26:01Z</time></trkpt>
<trkpt lat="33.00523" lon="35.21558"><ele>351.0</ele><time>2013-09-19T16:26:04Z</time></trkpt>
<trkpt lat="33.00513" lon="35.2156"><ele>351.0</ele><time>2013-09-19T16:26:08Z</time></trkpt>
<trkpt lat="33.00505" lon="35.21552"><ele>351.0</ele><time>2013-09-19T16:26:11Z</time></trkpt>
</trkseg></trk></gpx>