<?xml version="1.0" encoding="utf-8"?>
<gpx version="1.1"><trk><trkseg>
<trkpt lat="33.0050599" lon="35.2154525"><ele>347.1</ele><time>2021-09-12T04:18:24Z</time></trkpt>
<trkpt lat="33.0050599" lon="35.2154525"><ele>347.1</ele><time>2021-09-12T04:18:25Z</time></trkpt>
<trkpt lat="33.0050599" lon="35.2154525"><ele>347.1</ele><time>2021-09-12T04:18:26Z</time></trkpt>
<trkpt lat="33.0050599" lon="35.2154525"><ele>347.1</ele><time>2021-09-12T04:18:27Z</time></trkpt>
<trkpt lat="33.0050599" lon="35.2154525"><ele>347.1</ele><time>2021-09-12T04:18:28Z</time></trkpt>
<trkpt lat="33.0050599" lon="35.2154525"><ele>347.1</ele><time>2021-09-12T04:18:29Z</time></trkpt>
<trkpt lat="33.0050599" lon="35.2154525"><ele>347.1</ele><time>2021-09-12T04:18:30Z</time></trkpt>
<trkpt lat="33.0050599" lon="35.2154525"><ele>347.1</ele><time>2021-09-12T04:18:31Z</time></trkpt>
<trkpt lat="33.0050599" lon="35.2154525"><ele>347.1</ele><time>2021-09-12T04:18:32Z</time></trkpt>
<trkpt lat="33.0050491" lon="35.215463"><ele>347.1</ele><time>2021-09-12T04:18:33Z</time></trkpt>
<trkpt lat="33.0050463" lon="35.2154644"><ele>347.1</ele><time>2021-09-12T04:18:34Z</time></trkpt>
<trkpt lat="33.0050481" lon="35.2154639"><ele>347.0</ele><time>2021-09-12T04:18:35Z</time></trkpt>
<trkpt lat="33.0050506" lon="35.2154658"><ele>347.0</ele><time>2021-09-12T04:18:36Z</time></trkpt>
<trkpt lat="33.005052" lon="35.2154648"><ele>347.0</ele><time>2021-09-12T04:18:37Z</time></trkpt>
<trkpt lat="33.0050529" lon="35.2154668"><ele>347.0</ele><time>2021-09-12T04:18:38Z</time></trkpt>
<trkpt lat="33.0050551" lon="35.2154783"><ele>347.0</ele><time>2021-09-12T04:18:39Z</time></trkpt>
<trkpt lat="33.0050607" lon="35.2154907"><ele>347.0</ele><time>2021-09-12T04:18:40Z</time></trkpt>
<trkpt lat="33.0050653" lon="35.2155026"><ele>347.0</ele><time>2021-09-12T04:18:41Z</time></trkpt>
<trkpt lat="33.0050738" lon="35.2155136"><ele>347.0</ele><time>2021-09-12T04:18:42Z</time></trkpt>
<trkpt lat="33.0050919" lon="35.2155257"><ele>347.1</ele><time>2021-09-12T04:18:43Z</time></trkpt>
<trkpt lat="33.0051049" lon="35.2155386"><ele>347.2</ele><time>2021-09-12T04:18:44Z</time></trkpt>
<trkpt lat="33.0051185" lon="35.2155494"><ele>347.3</ele><time>2021-09-12T04:18:45Z</time></trkpt>
<trkpt lat="33.0051283" lon="35.2155618"><ele>347.4</ele><time>2021-09-12T04:18:46Z</time></trkpt>
<trkpt lat="33.0051395" lon="35.2155723"><ele>347.5</ele><time>2021-09-12T04:18:47Z</time></trkpt>
<trkpt lat="33.0051532" lon="35.2155798"><ele>347.7</ele><time>2021-09-12T04:18:48Z</time></trkpt>
<trkpt lat="33.0051677" lon="35.2155838"><ele>347.9</ele><time>2021-09-12T04:18:49Z</time></trkpt>
<trkpt lat="33.0051789" lon="35.2155872"><ele>348.1</ele><time>2021-09-12T04:18:50Z</time></trkpt>
<trkpt lat="33.0051567" lon="35.215578"><ele>349.7</ele><time>2021-09-12T04:18:51Z</time></trkpt>
<trkpt lat="33.0051579" lon="35.2155604"><ele>349.7</ele><time>2021-09-12T04:18:52Z</time></trkpt>
<trkpt lat="33.0051677" lon="35.2155452"><ele>349.8</ele><time>2021-09-12T04:18:53Z</time></trkpt>
<trkpt lat="33.0051836" lon="35.2155326"><ele>349.6</ele><time>2021-09-12T04:18:54Z</time></trkpt>
<trkpt lat="33.0052076" lon="35.2155168"><ele>349.4</ele><time>2021-09-12T04:18:55Z</time></trkpt>
<trkpt lat="33.0052241" lon="35.2154936"><ele>349.3</ele><time>2021-09-12T04:18:56Z</time></trkpt>
<trkpt lat="33.0052478" lon="35.2154804"><ele>349.5</ele><time>2021-09-12T04:18:57Z</time></trkpt>
<trkpt lat="33.0052726" lon="35.2154709"><ele>349.6</ele><time>2021-09-12T04:18:58Z</time></trkpt>
<trkpt lat="33.0052939" lon="35.2154444"><ele>349.8</ele><time>2021-09-12T04:18:59Z</time></trkpt>
<trkpt lat="33.0053159" lon="35.2154294"><ele>350.3</ele><time>2021-09-12T04:19:00Z</time></trkpt>
<trkpt lat="33.0053437" lon="35.2154141"><ele>350.5</ele><time>2021-09-12T04:19:01Z</time></trkpt>
<trkpt lat="33.0053657" lon="35.215401"><ele>351.0</ele><time>2021-09-12T04:19:02Z</time></trkpt>
<trkpt lat="33.0053897" lon="35.2153982"><ele>351.4</ele><time>2021-09-12T04:19:03Z</time></trkpt>
<trkpt lat="33.0054129" lon="35.2153874"><ele>351.9</ele><time>2021-09-12T04:19:04Z</time></trkpt>
<trkpt lat="33.0054386" lon="35.2153798"><ele>352.2</ele><time>2021-09-12T04:19:05Z</time></trkpt>
<trkpt lat="33.005463" lon="35.2153913"><ele>352.5</ele><time>2021-09-12T04:19:06Z</time></trkpt>
<trkpt lat="33.0054776" lon="35.2153915"><ele>352.8</ele><time>2021-09-12T04:19:07Z</time></trkpt>
<trkpt lat="33.0054992" lon="35.2153979"><ele>352.9</ele><time>2021-09-12T04:19:08Z</time></trkpt>
<trkpt lat="33.0055194" lon="35.2154"><ele>352.9</ele><time>2021-09-12T04:19:09Z</time></trkpt>
<trkpt lat="33.0055424" lon="35.215386"><ele>353.0</ele><time>2021-09-12T04:19:10Z</time></trkpt>
<trkpt lat="33.0055633" lon="35.2153618"><ele>353.1</ele><time>2021-09-12T04:19:11Z</time></trkpt>
<trkpt lat="33.0055795" lon="35.2153373"><ele>353.5</ele><time>2021-09-12T04:19:12Z</time></trkpt>
<trkpt lat="33.0055957" lon="35.2152997"><ele>353.9</ele><time>2021-09-12T04:19:13Z</time></trkpt>
<trkpt lat="33.005608" lon="35.2152583"><ele>354.1</ele><time>2021-09-12T04:19:14Z</time></trkpt>
<trkpt lat="33.0056265" lon="35.2152042"><ele>354.0</ele><time>2021-09-12T04:19:15Z</time></trkpt>
<trkpt lat="33.0056574" lon="35.2151588"><ele>354.3</ele><time>2021-09-12T04:19:16Z</time></trkpt>
<trkpt lat="33.0056948" lon="35.2151158"><ele>354.3</ele><time>2021-09-12T04:19:17Z</time></trkpt>
<trkpt lat="33.0057381" lon="35.2150773"><ele>354.0</ele><time>2021-09-12T04:19:18Z</time></trkpt>
<trkpt lat="33.0057815" lon="35.215045"><ele>353.9</ele><time>2021-09-12T04:19:19Z</time></trkpt>
<trkpt lat="33.0058295" lon="35.2150133"><ele>353.5</ele><time>2021-09-12T04:19:20Z</time></trkpt>
<trkpt lat="33.0058793" lon="35.2149927"><ele>353.3</ele><time>2021-09-12T04:19:21Z</time></trkpt>
<trkpt lat="33.0059193" lon="35.214975"><ele>353.4</ele><time>2021-09-12T04:19:22Z</time></trkpt>
<trkpt lat="33.00595" lon="35.2149557"><ele>353.6</ele><time>2021-09-12T04:19:23Z</time></trkpt>
<trkpt lat="33.0059776" lon="35.2149321"><ele>353.6</ele><time>2021-09-12T04:19:24Z</time></trkpt>
<trkpt lat="33.0060047" lon="35.2149016"><ele>353.1</ele><time>2021-09-12T04:19:25Z</time></trkpt>
<trkpt lat="33.0060193" lon="35.2148568"><ele>353.1</ele><time>2021-09-12T04:19:26Z</time></trkpt>
<trkpt lat="33.0060157" lon="35.2148057"><ele>352.6</ele><time>2021-09-12T04:19:27Z</time></trkpt>
<trkpt lat="33.0059836" lon="35.2147601"><ele>352.5</ele><time>2021-09-12T04:19:28Z</time></trkpt>
<trkpt lat="33.0059441" lon="35.2147092"><ele>352.1</ele><time>2021-09-12T04:19:29Z</time></trkpt>
<trkpt lat="33.0059125" lon="35.2146476"><ele>351.5</ele><time>2021-09-12T04:19:30Z</time></trkpt>
<trkpt lat="33.0058756" lon="35.2145863"><ele>351.1</ele><time>2021-09-12T04:19:31Z</time></trkpt>
<trkpt lat="33.0058326" lon="35.2145322"><ele>350.7</ele><time>2021-09-12T04:19:32Z</time></trkpt>
<trkpt lat="33.0057966" lon="35.2144698"><ele>349.9</ele><time>2021-09-12T04:19:33Z</time></trkpt>
<trkpt lat="33.0057494" lon="35.2144084"><ele>349.6</ele><time>2021-09-12T04:19:34Z</time></trkpt>
<trkpt lat="33.0056905" lon="35.2143489"><ele>348.6</ele><time>2021-09-12T04:19:35Z</time></trkpt>
<trkpt lat="33.0056369" lon="35.2142811"><ele>348.0</ele><time>2021-09-12T04:19:36Z</time></trkpt>
<trkpt lat="33.0055957" lon="35.2142059"><ele>347.1</ele><time>2021-09-12T04:19:37Z</time></trkpt>
<trkpt lat="33.0055514" lon="35.214131"><ele>345.9</ele><time>2021-09-12T04:19:38Z</time></trkpt>
<trkpt lat="33.0054992" lon="35.2140633"><ele>344.7</ele><time>2021-09-12T04:19:39Z</time></trkpt>
<trkpt lat="33.0054536" lon="35.2139914"><ele>343.3</ele><time>2021-09-12T04:19:40Z</time></trkpt>
<trkpt lat="33.0054188" lon="35.2139102"><ele>341.9</ele><time>2021-09-12T04:19:41Z</time></trkpt>
<trkpt lat="33.0054154" lon="35.2138037"><ele>340.5</ele><time>2021-09-12T04:19:42Z</time></trkpt>
<trkpt lat="33.0054339" lon="35.2136895"><ele>339.3</ele><time>2021-09-12T04:19:43Z</time></trkpt>
<trkpt lat="33.005463" lon="35.2135977"><ele>338.5</ele><time>2021-09-12T04:19:44Z</time></trkpt>
<trkpt lat="33.0055067" lon="35.2134932"><ele>337.8</ele><time>2021-09-12T04:19:45Z</time></trkpt>
<trkpt lat="33.0055822" lon="35.2133988"><ele>337.5</ele><time>2021-09-12T04:19:46Z</time></trkpt>
<trkpt lat="33.0056489" lon="35.2133245"><ele>337.9</ele><time>2021-09-12T04:19:47Z</time></trkpt>
<trkpt lat="33.0057088" lon="35.2132621"><ele>338.3</ele><time>2021-09-12T04:19:48Z</time></trkpt>
<trkpt lat="33.0057719" lon="35.21319"><ele>338.7</ele><time>2021-09-12T04:19:49Z</time></trkpt>
<trkpt lat="33.00583" lon="35.2131012"><ele>339.2</ele><time>2021-09-12T04:19:50Z</time></trkpt>
<trkpt lat="33.0058752" lon="35.2130101"><ele>338.1</ele><time>2021-09-12T04:19:51Z</time></trkpt>
<trkpt lat="33.0059343" lon="35.2129221"><ele>337.6</ele><time>2021-09-12T04:19:52Z</time></trkpt>
<trkpt lat="33.0059849" lon="35.212846"><ele>338.2</ele><time>2021-09-12T04:19:53Z</time></trkpt>
<trkpt lat="33.0060469" lon="35.2127681"><ele>338.4</ele><time>2021-09-12T04:19:54Z</time></trkpt>
<trkpt lat="33.0061037" lon="35.2126919"><ele>338.5</ele><time>2021-09-12T04:19:55Z</time></trkpt>
<trkpt lat="33.0061571" lon="35.2126012"><ele>338.4</ele><time>2021-09-12T04:19:56Z</time></trkpt>
<trkpt lat="33.0062131" lon="35.2125238"><ele>339.0</ele><time>2021-09-12T04:19:57Z</time></trkpt>
<trkpt lat="33.0062733" lon="35.2124299"><ele>339.6</ele><time>2021-09-12T04:19:58Z</time></trkpt>
<trkpt lat="33.0063295" lon="35.2123413"><ele>339.2</ele><time>2021-09-12T04:19:59Z</time></trkpt>
<trkpt lat="33.0063722" lon="35.2122526"><ele>337.8</ele><time>2021-09-12T04:20:00Z</time></trkpt>
<trkpt lat="33.0064018" lon="35.2121425"><ele>337.3</ele><time>2021-09-12T04:20:01Z</time></trkpt>
<trkpt lat="33.0064288" lon="35.2120393"><ele>337.1</ele><time>2021-09-12T04:20:02Z</time></trkpt>
<trkpt lat="33.0064482" lon="35.2119333"><ele>336.1</ele><time>2021-09-12T04:20:03Z</time></trkpt>
<trkpt lat="33.0064583" lon="35.2118122"><ele>335.4</ele><time>2021-09-12T04:20:04Z</time></trkpt>
<trkpt lat="33.0064749" lon="35.2116902"><ele>334.3</ele><time>2021-09-12T04:20:05Z</time></trkpt>
<trkpt lat="33.006486" lon="35.2115662"><ele>333.9</ele><time>2021-09-12T04:20:06Z</time></trkpt>
<trkpt lat="33.0065019" lon="35.2114413"><ele>333.0</ele><time>2021-09-12T04:20:07Z</time></trkpt>
<trkpt lat="33.0065128" lon="35.2113211"><ele>332.1</ele><time>2021-09-12T04:20:08Z</time></trkpt>
<trkpt lat="33.0065246" lon="35.2111959"><ele>330.7</ele><time>2021-09-12T04:20:09Z</time></trkpt>
<trkpt lat="33.0065335" lon="35.2110714"><ele>330.3</ele><time>2021-09-12T04:20:10Z</time></trkpt>
<trkpt lat="33.0065544" lon="35.2109513"><ele>329.6</ele><time>2021-09-12T04:20:11Z</time></trkpt>
<trkpt lat="33.006567" lon="35.21082"><ele>328.6</ele><time>2021-09-12T04:20:12Z</time></trkpt>
<trkpt lat="33.0065671" lon="35.2106872"><ele>327.9</ele><time>2021-09-12T04:20:13Z</time></trkpt>
<trkpt lat="33.0065647" lon="35.2105551"><ele>327.5</ele><time>2021-09-12T04:20:14Z</time></trkpt>
<trkpt lat="33.0065593" lon="35.2104245"><ele>326.7</ele><time>2021-09-12T04:20:15Z</time></trkpt>
<trkpt lat="33.0065503" lon="35.2102981"><ele>326.0</ele><time>2021-09-12T04:20:16Z</time></trkpt>
<trkpt lat="33.0065463" lon="35.2101647"><ele>326.0</ele><time>2021-09-12T04:20:17Z</time></trkpt>
<trkpt lat="33.0065378" lon="35.2100373"><ele>325.3</ele><time>2021-09-12T04:20:18Z</time></trkpt>
<trkpt lat="33.0065274" lon="35.2099479"><ele>324.3</ele><time>2021-09-12T04:20:19Z</time></trkpt>
<trkpt lat="33.0065381" lon="35.2098649"><ele>323.2</ele><time>2021-09-12T04:20:20Z</time></trkpt>
<trkpt lat="33.0065405" lon="35.2098"><ele>323.3</ele><time>2021-09-12T04:20:21Z</time></trkpt>
<trkpt lat="33.0065241" lon="35.2097645"><ele>323.0</ele><time>2021-09-12T04:20:22Z</time></trkpt>
<trkpt lat="33.00653" lon="35.2097128"><ele>322.8</ele><time>2021-09-12T04:20:23Z</time></trkpt>
<trkpt lat="33.0065301" lon="35.2096548"><ele>323.2</ele><time>2021-09-12T04:20:24Z</time></trkpt>
<trkpt lat="33.0065311" lon="35.209589"><ele>322.1</ele><time>2021-09-12T04:20:25Z</time></trkpt>
<trkpt lat="33.0065269" lon="35.209526"><ele>322.6</ele><time>2021-09-12T04:20:26Z</time></trkpt>
<trkpt lat="33.0065308" lon="35.2094667"><ele>322.6</ele><time>2021-09-12T04:20:27Z</time></trkpt>
<trkpt lat="33.0065314" lon="35.2093897"><ele>322.4</ele><time>2021-09-12T04:20:28Z</time></trkpt>
<trkpt lat="33.0065185" lon="35.209309"><ele>321.2</ele><time>2021-09-12T04:20:29Z</time></trkpt>
<trkpt lat="33.0065138" lon="35.2092322"><ele>321.7</ele><time>2021-09-12T04:20:30Z</time></trkpt>
<trkpt lat="33.0065118" lon="35.2091464"><ele>321.1</ele><time>2021-09-12T04:20:31Z</time></trkpt>
<trkpt lat="33.0065243" lon="35.2090618"><ele>320.2</ele><time>2021-09-12T04:20:32Z</time></trkpt>
<trkpt lat="33.0065294" lon="35.2089789"><ele>319.6</ele><time>2021-09-12T04:20:33Z</time></trkpt>
<trkpt lat="33.0065399" lon="35.2089275"><ele>319.4</ele><time>2021-09-12T04:20:34Z</time></trkpt>
<trkpt lat="33.0065613" lon="35.2088973"><ele>319.3</ele><time>2021-09-12T04:20:35Z</time></trkpt>
<trkpt lat="33.0065724" lon="35.2088752"><ele>319.1</ele><time>2021-09-12T04:20:36Z</time></trkpt>
<trkpt lat="33.0065909" lon="35.2088463"><ele>318.9</ele><time>2021-09-12T04:20:37Z</time></trkpt>
<trkpt lat="33.0066056" lon="35.2088108"><ele>318.4</ele><time>2021-09-12T04:20:38Z</time></trkpt>
<trkpt lat="33.0066218" lon="35.2087645"><ele>318.4</ele><time>2021-09-12T04:20:39Z</time></trkpt>
<trkpt lat="33.0066203" lon="35.2086974"><ele>318.5</ele><time>2021-09-12T04:20:40Z</time></trkpt>
<trkpt lat="33.0065916" lon="35.2086361"><ele>317.7</ele><time>2021-09-12T04:20:41Z</time></trkpt>
<trkpt lat="33.0065586" lon="35.2085718"><ele>317.6</ele><time>2021-09-12T04:20:42Z</time></trkpt>
<trkpt lat="33.0065252" lon="35.2085096"><ele>317.5</ele><time>2021-09-12T04:20:43Z</time></trkpt>
<trkpt lat="33.0064977" lon="35.2084357"><ele>316.7</ele><time>2021-09-12T04:20:44Z</time></trkpt>
<trkpt lat="33.0064793" lon="35.2083551"><ele>316.7</ele><time>2021-09-12T04:20:45Z</time></trkpt>
<trkpt lat="33.0064633" lon="35.2082703"><ele>316.7</ele><time>2021-09-12T04:20:46Z</time></trkpt>
<trkpt lat="33.006452" lon="35.2081787"><ele>316.2</ele><time>2021-09-12T04:20:47Z</time></trkpt>
<trkpt lat="33.0064413" lon="35.2080876"><ele>315.4</ele><time>2021-09-12T04:20:48Z</time></trkpt>
<trkpt lat="33.0064297" lon="35.2079899"><ele>314.5</ele><time>2021-09-12T04:20:49Z</time></trkpt>
<trkpt lat="33.0064157" lon="35.2078779"><ele>313.4</ele><time>2021-09-12T04:20:50Z</time></trkpt>
<trkpt lat="33.0064047" lon="35.2077686"><ele>314.2</ele><time>2021-09-12T04:20:51Z</time></trkpt>
<trkpt lat="33.0063922" lon="35.2076577"><ele>312.3</ele><time>2021-09-12T04:20:52Z</time></trkpt>
<trkpt lat="33.0063807" lon="35.2075409"><ele>311.7</ele><time>2021-09-12T04:20:53Z</time></trkpt>
<trkpt lat="33.0063655" lon="35.2074217"><ele>312.3</ele><time>2021-09-12T04:20:54Z</time></trkpt>
<trkpt lat="33.0063511" lon="35.2073023"><ele>309.5</ele><time>2021-09-12T04:20:55Z</time></trkpt>
<trkpt lat="33.0063374" lon="35.2071777"><ele>309.5</ele><time>2021-09-12T04:20:56Z</time></trkpt>
<trkpt lat="33.0063228" lon="35.2070536"><ele>309.2</ele><time>2021-09-12T04:20:57Z</time></trkpt>
<trkpt lat="33.0063094" lon="35.2069228"><ele>308.3</ele><time>2021-09-12T04:20:58Z</time></trkpt>
<trkpt lat="33.0062923" lon="35.2067949"><ele>307.8</ele><time>2021-09-12T04:20:59Z</time></trkpt>
<trkpt lat="33.0062784" lon="35.2066657"><ele>307.7</ele><time>2021-09-12T04:21:00Z</time></trkpt>
<trkpt lat="33.0062651" lon="35.2065368"><ele>307.1</ele><time>2021-09-12T04:21:01Z</time></trkpt>
<trkpt lat="33.0062525" lon="35.2064022"><ele>305.7</ele><time>2021-09-12T04:21:02Z</time></trkpt>
<trkpt lat="33.006243" lon="35.2062637"><ele>304.9</ele><time>2021-09-12T04:21:03Z</time></trkpt>
<trkpt lat="33.0062365" lon="35.206123"><ele>303.9</ele><time>2021-09-12T04:21:04Z</time></trkpt>
<trkpt lat="33.006239" lon="35.2059776"><ele>302.9</ele><time>2021-09-12T04:21:05Z</time></trkpt>
<trkpt lat="33.006251" lon="35.2058308"><ele>302.6</ele><time>2021-09-12T04:21:06Z</time></trkpt>
<trkpt lat="33.0062532" lon="35.2056841"><ele>301.8</ele><time>2021-09-12T04:21:07Z</time></trkpt>
<trkpt lat="33.0062645" lon="35.2055497"><ele>300.5</ele><time>2021-09-12T04:21:08Z</time></trkpt>
<trkpt lat="33.0062662" lon="35.2054063"><ele>300.4</ele><time>2021-09-12T04:21:09Z</time></trkpt>
<trkpt lat="33.0062732" lon="35.2052665"><ele>299.1</ele><time>2021-09-12T04:21:10Z</time></trkpt>
<trkpt lat="33.006281" lon="35.2051234"><ele>298.4</ele><time>2021-09-12T04:21:11Z</time></trkpt>
<trkpt lat="33.0062907" lon="35.2049816"><ele>298.5</ele><time>2021-09-12T04:21:12Z</time></trkpt>
<trkpt lat="33.006301" lon="35.2048368"><ele>297.6</ele><time>2021-09-12T04:21:13Z</time></trkpt>
<trkpt lat="33.006312" lon="35.2047021"><ele>297.8</ele><time>2021-09-12T04:21:14Z</time></trkpt>
<trkpt lat="33.0063268" lon="35.204557"><ele>297.6</ele><time>2021-09-12T04:21:15Z</time></trkpt>
<trkpt lat="33.0063412" lon="35.2044148"><ele>296.5</ele><time>2021-09-12T04:21:16Z</time></trkpt>
<trkpt lat="33.0063566" lon="35.2042739"><ele>296.0</ele><time>2021-09-12T04:21:17Z</time></trkpt>
<trkpt lat="33.0063713" lon="35.2041265"><ele>294.9</ele><time>2021-09-12T04:21:18Z</time></trkpt>
<trkpt lat="33.0063913" lon="35.2039848"><ele>293.9</ele><time>2021-09-12T04:21:19Z</time></trkpt>
<trkpt lat="33.0064095" lon="35.2038406"><ele>292.8</ele><time>2021-09-12T04:21:20Z</time></trkpt>
<trkpt lat="33.0064294" lon="35.2036942"><ele>292.7</ele><time>2021-09-12T04:21:21Z</time></trkpt>
<trkpt lat="33.006451" lon="35.2035455"><ele>291.5</ele><time>2021-09-12T04:21:22Z</time></trkpt>
<trkpt lat="33.0064708" lon="35.203397"><ele>290.8</ele><time>2021-09-12T04:21:23Z</time></trkpt>
<trkpt lat="33.006496" lon="35.2032495"><ele>290.5</ele><time>2021-09-12T04:21:24Z</time></trkpt>
<trkpt lat="33.0065269" lon="35.2031017"><ele>289.2</ele><time>2021-09-12T04:21:25Z</time></trkpt>
<trkpt lat="33.0065551" lon="35.2029522"><ele>288.7</ele><time>2021-09-12T04:21:26Z</time></trkpt>
<trkpt lat="33.0065893" lon="35.2028064"><ele>287.4</ele><time>2021-09-12T04:21:27Z</time></trkpt>
<trkpt lat="33.0066331" lon="35.2026559"><ele>287.0</ele><time>2021-09-12T04:21:28Z</time></trkpt>
<trkpt lat="33.0066846" lon="35.2025133"><ele>286.4</ele><time>2021-09-12T04:21:29Z</time></trkpt>
<trkpt lat="33.0067389" lon="35.2023653"><ele>285.7</ele><time>2021-09-12T04:21:30Z</time></trkpt>
<trkpt lat="33.0068108" lon="35.2022356"><ele>285.5</ele><time>2021-09-12T04:21:31Z</time></trkpt>
<trkpt lat="33.0068876" lon="35.2021154"><ele>284.5</ele><time>2021-09-12T04:21:32Z</time></trkpt>
<trkpt lat="33.0069651" lon="35.2019972"><ele>284.0</ele><time>2021-09-12T04:21:33Z</time></trkpt>
<trkpt lat="33.0070446" lon="35.2018844"><ele>283.9</ele><time>2021-09-12T04:21:34Z</time></trkpt>
<trkpt lat="33.0071296" lon="35.2017825"><ele>283.5</ele><time>2021-09-12T04:21:35Z</time></trkpt>
<trkpt lat="33.007219" lon="35.2016892"><ele>282.6</ele><time>2021-09-12T04:21:36Z</time></trkpt>
<trkpt lat="33.007307" lon="35.2015992"><ele>281.9</ele><time>2021-09-12T04:21:37Z</time></trkpt>
<trkpt lat="33.0073912" lon="35.2015096"><ele>282.0</ele><time>2021-09-12T04:21:38Z</time></trkpt>
<trkpt lat="33.0074733" lon="35.2014196"><ele>281.8</ele><time>2021-09-12T04:21:39Z</time></trkpt>
<trkpt lat="33.0075528" lon="35.2013352"><ele>282.1</ele><time>2021-09-12T04:21:40Z</time></trkpt>
<trkpt lat="33.0076309" lon="35.201252"><ele>281.6</ele><time>2021-09-12T04:21:41Z</time></trkpt>
<trkpt lat="33.0077073" lon="35.2011647"><ele>282.0</ele><time>2021-09-12T04:21:42Z</time></trkpt>
<trkpt lat="33.0077875" lon="35.2010809"><ele>281.3</ele><time>2021-09-12T04:21:43Z</time></trkpt>
<trkpt lat="33.0078681" lon="35.201003"><ele>281.4</ele><time>2021-09-12T04:21:44Z</time></trkpt>
<trkpt lat="33.0079461" lon="35.2009195"><ele>280.9</ele><time>2021-09-12T04:21:45Z</time></trkpt>
<trkpt lat="33.0080218" lon="35.2008399"><ele>281.1</ele><time>2021-09-12T04:21:46Z</time></trkpt>
<trkpt lat="33.008099" lon="35.2007566"><ele>280.8</ele><time>2021-09-12T04:21:47Z</time></trkpt>
<trkpt lat="33.0081771" lon="35.2006738"><ele>280.7</ele><time>2021-09-12T04:21:48Z</time></trkpt>
<trkpt lat="33.0082501" lon="35.200594"><ele>280.7</ele><time>2021-09-12T04:21:49Z</time></trkpt>
<trkpt lat="33.008326" lon="35.2005078"><ele>280.6</ele><time>2021-09-12T04:21:50Z</time></trkpt>
<trkpt lat="33.0084044" lon="35.2004254"><ele>280.0</ele><time>2021-09-12T04:21:51Z</time></trkpt>
<trkpt lat="33.0084807" lon="35.2003431"><ele>280.4</ele><time>2021-09-12T04:21:52Z</time></trkpt>
<trkpt lat="33.0085566" lon="35.200258"><ele>280.0</ele><time>2021-09-12T04:21:53Z</time></trkpt>
<trkpt lat="33.0086354" lon="35.2001734"><ele>279.7</ele><time>2021-09-12T04:21:54Z</time></trkpt>
<trkpt lat="33.0087112" lon="35.200095"><ele>279.5</ele><time>2021-09-12T04:21:55Z</time></trkpt>
<trkpt lat="33.0087874" lon="35.2000134"><ele>278.9</ele><time>2021-09-12T04:21:56Z</time></trkpt>
<trkpt lat="33.0088665" lon="35.1999289"><ele>278.7</ele><time>2021-09-12T04:21:57Z</time></trkpt>
<trkpt lat="33.008945" lon="35.1998413"><ele>278.5</ele><time>2021-09-12T04:21:58Z</time></trkpt>
<trkpt lat="33.0090243" lon="35.1997549"><ele>277.5</ele><time>2021-09-12T04:21:59Z</time></trkpt>
<trkpt lat="33.0091002" lon="35.199674"><ele>277.3</ele><time>2021-09-12T04:22:00Z</time></trkpt>
<trkpt lat="33.0091662" lon="35.1995826"><ele>277.1</ele><time>2021-09-12T04:22:01Z</time></trkpt>
<trkpt lat="33.0092331" lon="35.1994895"><ele>276.4</ele><time>2021-09-12T04:22:02Z</time></trkpt>
<trkpt lat="33.0092877" lon="35.1993825"><ele>276.2</ele><time>2021-09-12T04:22:03Z</time></trkpt>
<trkpt lat="33.0093255" lon="35.1992646"><ele>276.1</ele><time>2021-09-12T04:22:04Z</time></trkpt>
<trkpt lat="33.009361" lon="35.199139"><ele>275.2</ele><time>2021-09-12T04:22:05Z</time></trkpt>
<trkpt lat="33.009394" lon="35.1990074"><ele>273.1</ele><time>2021-09-12T04:22:06Z</time></trkpt>
<trkpt lat="33.0094283" lon="35.1988801"><ele>273.0</ele><time>2021-09-12T04:22:07Z</time></trkpt>
<trkpt lat="33.00946" lon="35.1987704"><ele>274.3</ele><time>2021-09-12T04:22:08Z</time></trkpt>
<trkpt lat="33.0094903" lon="35.1986619"><ele>273.4</ele><time>2021-09-12T04:22:09Z</time></trkpt>
<trkpt lat="33.0095213" lon="35.1985488"><ele>272.1</ele><time>2021-09-12T04:22:10Z</time></trkpt>
<trkpt lat="33.0095441" lon="35.1984161"><ele>271.4</ele><time>2021-09-12T04:22:11Z</time></trkpt>
<trkpt lat="33.0095674" lon="35.1982937"><ele>270.9</ele><time>2021-09-12T04:22:12Z</time></trkpt>
<trkpt lat="33.0095831" lon="35.1981675"><ele>269.7</ele><time>2021-09-12T04:22:13Z</time></trkpt>
<trkpt lat="33.0095977" lon="35.19804"><ele>269.9</ele><time>2021-09-12T04:22:14Z</time></trkpt>
<trkpt lat="33.0096089" lon="35.1979008"><ele>268.8</ele><time>2021-09-12T04:22:15Z</time></trkpt>
<trkpt lat="33.009624" lon="35.197763"><ele>267.6</ele><time>2021-09-12T04:22:16Z</time></trkpt>
<trkpt lat="33.0096373" lon="35.1976201"><ele>266.8</ele><time>2021-09-12T04:22:17Z</time></trkpt>
<trkpt lat="33.0096538" lon="35.1974747"><ele>265.9</ele><time>2021-09-12T04:22:18Z</time></trkpt>
<trkpt lat="33.0096703" lon="35.1973267"><ele>264.9</ele><time>2021-09-12T04:22:19Z</time></trkpt>
<trkpt lat="33.009673" lon="35.1971738"><ele>264.3</ele><time>2021-09-12T04:22:20Z</time></trkpt>
<trkpt lat="33.0096599" lon="35.1970184"><ele>263.2</ele><time>2021-09-12T04:22:21Z</time></trkpt>
<trkpt lat="33.0096323" lon="35.1968711"><ele>263.1</ele><time>2021-09-12T04:22:22Z</time></trkpt>
<trkpt lat="33.0095989" lon="35.1967193"><ele>261.6</ele><time>2021-09-12T04:22:23Z</time></trkpt>
<trkpt lat="33.0095563" lon="35.1965722"><ele>260.9</ele><time>2021-09-12T04:22:24Z</time></trkpt>
<trkpt lat="33.0095101" lon="35.1964278"><ele>260.0</ele><time>2021-09-12T04:22:25Z</time></trkpt>
<trkpt lat="33.0094675" lon="35.1962833"><ele>259.0</ele><time>2021-09-12T04:22:26Z</time></trkpt>
<trkpt lat="33.0094249" lon="35.19614"><ele>257.9</ele><time>2021-09-12T04:22:27Z</time></trkpt>
<trkpt lat="33.0093785" lon="35.1959931"><ele>257.7</ele><time>2021-09-12T04:22:28Z</time></trkpt>
<trkpt lat="33.0093339" lon="35.1958439"><ele>256.0</ele><time>2021-09-12T04:22:29Z</time></trkpt>
<trkpt lat="33.0092867" lon="35.1956979"><ele>256.1</ele><time>2021-09-12T04:22:30Z</time></trkpt>
<trkpt lat="33.0092432" lon="35.1955492"><ele>254.9</ele><time>2021-09-12T04:22:31Z</time></trkpt>
<trkpt lat="33.0091944" lon="35.1954011"><ele>254.3</ele><time>2021-09-12T04:22:32Z</time></trkpt>
<trkpt lat="33.009143" lon="35.1952517"><ele>252.4</ele><time>2021-09-12T04:22:33Z</time></trkpt>
<trkpt lat="33.0090861" lon="35.195109"><ele>252.5</ele><time>2021-09-12T04:22:34Z</time></trkpt>
<trkpt lat="33.0090181" lon="35.1949738"><ele>251.5</ele><time>2021-09-12T04:22:35Z</time></trkpt>
<trkpt lat="33.0089454" lon="35.1948372"><ele>250.4</ele><time>2021-09-12T04:22:36Z</time></trkpt>
<trkpt lat="33.0088712" lon="35.194701"><ele>249.6</ele><time>2021-09-12T04:22:37Z</time></trkpt>
<trkpt lat="33.008802" lon="35.1945578"><ele>247.9</ele><time>2021-09-12T04:22:38Z</time></trkpt>
<trkpt lat="33.0087346" lon="35.194412"><ele>246.7</ele><time>2021-09-12T04:22:39Z</time></trkpt>
<trkpt lat="33.0086743" lon="35.194259"><ele>247.3</ele><time>2021-09-12T04:22:40Z</time></trkpt>
<trkpt lat="33.0086243" lon="35.194099"><ele>244.7</ele><time>2021-09-12T04:22:41Z</time></trkpt>
<trkpt lat="33.0085962" lon="35.1939362"><ele>244.6</ele><time>2021-09-12T04:22:42Z</time></trkpt>
<trkpt lat="33.0085799" lon="35.1937728"><ele>243.7</ele><time>2021-09-12T04:22:43Z</time></trkpt>
<trkpt lat="33.0085502" lon="35.1936052"><ele>242.3</ele><time>2021-09-12T04:22:44Z</time></trkpt>
<trkpt lat="33.008522" lon="35.1934413"><ele>242.0</ele><time>2021-09-12T04:22:45Z</time></trkpt>
<trkpt lat="33.0085008" lon="35.1932804"><ele>241.0</ele><time>2021-09-12T04:22:46Z</time></trkpt>
<trkpt lat="33.0084672" lon="35.1931143"><ele>240.6</ele><time>2021-09-12T04:22:47Z</time></trkpt>
<trkpt lat="33.00844" lon="35.1929487"><ele>239.1</ele><time>2021-09-12T04:22:48Z</time></trkpt>
<trkpt lat="33.0084124" lon="35.1927858"><ele>238.2</ele><time>2021-09-12T04:22:49Z</time></trkpt>
<trkpt lat="33.0083892" lon="35.1926212"><ele>237.6</ele><time>2021-09-12T04:22:50Z</time></trkpt>
<trkpt lat="33.0083708" lon="35.1924588"><ele>236.3</ele><time>2021-09-12T04:22:51Z</time></trkpt>
<trkpt lat="33.0083692" lon="35.1922932"><ele>236.4</ele><time>2021-09-12T04:22:52Z</time></trkpt>
<trkpt lat="33.0083908" lon="35.1921282"><ele>234.7</ele><time>2021-09-12T04:22:53Z</time></trkpt>
<trkpt lat="33.0084138" lon="35.1919677"><ele>234.4</ele><time>2021-09-12T04:22:54Z</time></trkpt>
<trkpt lat="33.0084308" lon="35.1918105"><ele>234.3</ele><time>2021-09-12T04:22:55Z</time></trkpt>
<trkpt lat="33.0084474" lon="35.1916496"><ele>233.4</ele><time>2021-09-12T04:22:56Z</time></trkpt>
<trkpt lat="33.0084714" lon="35.1914896"><ele>232.8</ele><time>2021-09-12T04:22:57Z</time></trkpt>
<trkpt lat="33.0084948" lon="35.1913341"><ele>232.6</ele><time>2021-09-12T04:22:58Z</time></trkpt>
<trkpt lat="33.0085209" lon="35.1911785"><ele>231.6</ele><time>2021-09-12T04:22:59Z</time></trkpt>
<trkpt lat="33.0085488" lon="35.1910181"><ele>230.5</ele><time>2021-09-12T04:23:00Z</time></trkpt>
<trkpt lat="33.0085698" lon="35.1908628"><ele>229.7</ele><time>2021-09-12T04:23:01Z</time></trkpt>
<trkpt lat="33.0085926" lon="35.1907109"><ele>229.3</ele><time>2021-09-12T04:23:02Z</time></trkpt>
<trkpt lat="33.008616" lon="35.1905558"><ele>228.6</ele><time>2021-09-12T04:23:03Z</time></trkpt>
<trkpt lat="33.0086393" lon="35.1904034"><ele>228.3</ele><time>2021-09-12T04:23:04Z</time></trkpt>
<trkpt lat="33.0086638" lon="35.1902528"><ele>228.0</ele><time>2021-09-12T04:23:05Z</time></trkpt>
<trkpt lat="33.0086885" lon="35.1901033"><ele>227.2</ele><time>2021-09-12T04:23:06Z</time></trkpt>
<trkpt lat="33.0087122" lon="35.1899525"><ele>226.0</ele><time>2021-09-12T04:23:07Z</time></trkpt>
<trkpt lat="33.0087365" lon="35.1898028"><ele>225.9</ele><time>2021-09-12T04:23:08Z</time></trkpt>
<trkpt lat="33.008759" lon="35.1896525"><ele>224.8</ele><time>2021-09-12T04:23:09Z</time></trkpt>
<trkpt lat="33.0087811" lon="35.1894987"><ele>224.1</ele><time>2021-09-12T04:23:10Z</time></trkpt>
<trkpt lat="33.0088082" lon="35.1893464"><ele>223.2</ele><time>2021-09-12T04:23:11Z</time></trkpt>
<trkpt lat="33.0088386" lon="35.1891942"><ele>222.9</ele><time>2021-09-12T04:23:12Z</time></trkpt>
<trkpt lat="33.0088659" lon="35.1890406"><ele>221.7</ele><time>2021-09-12T04:23:13Z</time></trkpt>
<trkpt lat="33.0089009" lon="35.1888901"><ele>220.6</ele><time>2021-09-12T04:23:14Z</time></trkpt>
<trkpt lat="33.0089328" lon="35.1887357"><ele>218.9</ele><time>2021-09-12T04:23:15Z</time></trkpt>
<trkpt lat="33.0089657" lon="35.1885776"><ele>217.6</ele><time>2021-09-12T04:23:16Z</time></trkpt>
<trkpt lat="33.0089959" lon="35.1884201"><ele>217.3</ele><time>2021-09-12T04:23:17Z</time></trkpt>
<trkpt lat="33.0090291" lon="35.1882595"><ele>215.9</ele><time>2021-09-12T04:23:18Z</time></trkpt>
<trkpt lat="33.009064" lon="35.1880981"><ele>213.8</ele><time>2021-09-12T04:23:19Z</time></trkpt>
<trkpt lat="33.0090984" lon="35.1879306"><ele>212.2</ele><time>2021-09-12T04:23:20Z</time></trkpt>
<trkpt lat="33.0091268" lon="35.187757"><ele>210.3</ele><time>2021-09-12T04:23:21Z</time></trkpt>
<trkpt lat="33.0091527" lon="35.1875742"><ele>208.6</ele><time>2021-09-12T04:23:22Z</time></trkpt>
<trkpt lat="33.0091736" lon="35.1873919"><ele>206.7</ele><time>2021-09-12T04:23:23Z</time></trkpt>
<trkpt lat="33.0091966" lon="35.1872098"><ele>205.5</ele><time>2021-09-12T04:23:24Z</time></trkpt>
<trkpt lat="33.0092232" lon="35.1870278"><ele>203.8</ele><time>2021-09-12T04:23:25Z</time></trkpt>
<trkpt lat="33.009258" lon="35.1868409"><ele>201.5</ele><time>2021-09-12T04:23:26Z</time></trkpt>
<trkpt lat="33.0093126" lon="35.186667"><ele>200.0</ele><time>2021-09-12T04:23:27Z</time></trkpt>
<trkpt lat="33.0093832" lon="35.1864905"><ele>198.5</ele><time>2021-09-12T04:23:28Z</time></trkpt>
<trkpt lat="33.0094608" lon="35.1863256"><ele>197.5</ele><time>2021-09-12T04:23:29Z</time></trkpt>
<trkpt lat="33.0095526" lon="35.1861698"><ele>195.7</ele><time>2021-09-12T04:23:30Z</time></trkpt>
<trkpt lat="33.009656" lon="35.1860175"><ele>194.3</ele><time>2021-09-12T04:23:31Z</time></trkpt>
<trkpt lat="33.0097649" lon="35.1858698"><ele>192.2</ele><time>2021-09-12T04:23:32Z</time></trkpt>
<trkpt lat="33.0098754" lon="35.1857306"><ele>191.5</ele><time>2021-09-12T04:23:33Z</time></trkpt>
<trkpt lat="33.0099718" lon="35.1855775"><ele>190.6</ele><time>2021-09-12T04:23:34Z</time></trkpt>
<trkpt lat="33.0100584" lon="35.1854216"><ele>188.6</ele><time>2021-09-12T04:23:35Z</time></trkpt>
<trkpt lat="33.0101385" lon="35.1852644"><ele>188.5</ele><time>2021-09-12T04:23:36Z</time></trkpt>
<trkpt lat="33.010218" lon="35.1851128"><ele>188.4</ele><time>2021-09-12T04:23:37Z</time></trkpt>
<trkpt lat="33.0102907" lon="35.1849596"><ele>188.4</ele><time>2021-09-12T04:23:38Z</time></trkpt>
<trkpt lat="33.010367" lon="35.184816"><ele>188.2</ele><time>2021-09-12T04:23:39Z</time></trkpt>
<trkpt lat="33.010438" lon="35.1846752"><ele>187.9</ele><time>2021-09-12T04:23:40Z</time></trkpt>
<trkpt lat="33.0105032" lon="35.1845334"><ele>187.6</ele><time>2021-09-12T04:23:41Z</time></trkpt>
<trkpt lat="33.0105676" lon="35.1843991"><ele>188.2</ele><time>2021-09-12T04:23:42Z</time></trkpt>
<trkpt lat="33.0106233" lon="35.1842568"><ele>187.7</ele><time>2021-09-12T04:23:43Z</time></trkpt>
<trkpt lat="33.0106743" lon="35.1841147"><ele>186.7</ele><time>2021-09-12T04:23:44Z</time></trkpt>
<trkpt lat="33.0107258" lon="35.1839853"><ele>187.4</ele><time>2021-09-12T04:23:45Z</time></trkpt>
<trkpt lat="33.0107822" lon="35.1838562"><ele>187.2</ele><time>2021-09-12T04:23:46Z</time></trkpt>
<trkpt lat="33.0108397" lon="35.1837372"><ele>187.5</ele><time>2021-09-12T04:23:47Z</time></trkpt>
<trkpt lat="33.0108995" lon="35.1836192"><ele>186.7</ele><time>2021-09-12T04:23:48Z</time></trkpt>
<trkpt lat="33.0109612" lon="35.1835082"><ele>187.3</ele><time>2021-09-12T04:23:49Z</time></trkpt>
<trkpt lat="33.0110228" lon="35.1834035"><ele>186.6</ele><time>2021-09-12T04:23:50Z</time></trkpt>
<trkpt lat="33.0110896" lon="35.1833075"><ele>186.8</ele><time>2021-09-12T04:23:51Z</time></trkpt>
<trkpt lat="33.0111541" lon="35.183207"><ele>186.6</ele><time>2021-09-12T04:23:52Z</time></trkpt>
<trkpt lat="33.0112196" lon="35.1831125"><ele>186.4</ele><time>2021-09-12T04:23:53Z</time></trkpt>
<trkpt lat="33.0112752" lon="35.1830135"><ele>186.4</ele><time>2021-09-12T04:23:54Z</time></trkpt>
<trkpt lat="33.0113338" lon="35.1829185"><ele>186.1</ele><time>2021-09-12T04:23:55Z</time></trkpt>
<trkpt lat="33.0113853" lon="35.1828244"><ele>185.8</ele><time>2021-09-12T04:23:56Z</time></trkpt>
<trkpt lat="33.011437" lon="35.1827158"><ele>185.9</ele><time>2021-09-12T04:23:57Z</time></trkpt>
<trkpt lat="33.0114857" lon="35.182622"><ele>185.4</ele><time>2021-09-12T04:23:58Z</time></trkpt>
<trkpt lat="33.0115348" lon="35.1825144"><ele>184.4</ele><time>2021-09-12T04:23:59Z</time></trkpt>
<trkpt lat="33.0115855" lon="35.1824065"><ele>185.2</ele><time>2021-09-12T04:24:00Z</time></trkpt>
<trkpt lat="33.0116388" lon="35.1823017"><ele>183.4</ele><time>2021-09-12T04:24:01Z</time></trkpt>
<trkpt lat="33.011693" lon="35.1821962"><ele>182.8</ele><time>2021-09-12T04:24:02Z</time></trkpt>
<trkpt lat="33.0117471" lon="35.1820883"><ele>181.9</ele><time>2021-09-12T04:24:03Z</time></trkpt>
<trkpt lat="33.0118025" lon="35.1819792"><ele>180.9</ele><time>2021-09-12T04:24:04Z</time></trkpt>
<trkpt lat="33.0118528" lon="35.1818678"><ele>180.6</ele><time>2021-09-12T04:24:05Z</time></trkpt>
<trkpt lat="33.0119009" lon="35.1817562"><ele>179.7</ele><time>2021-09-12T04:24:06Z</time></trkpt>
<trkpt lat="33.0119414" lon="35.1816408"><ele>178.9</ele><time>2021-09-12T04:24:07Z</time></trkpt>
<trkpt lat="33.0119674" lon="35.1815184"><ele>179.4</ele><time>2021-09-12T04:24:08Z</time></trkpt>
<trkpt lat="33.0119839" lon="35.1814039"><ele>177.7</ele><time>2021-09-12T04:24:09Z</time></trkpt>
<trkpt lat="33.0119948" lon="35.1812763"><ele>177.0</ele><time>2021-09-12T04:24:10Z</time></trkpt>
<trkpt lat="33.0120057" lon="35.1811516"><ele>177.3</ele><time>2021-09-12T04:24:11Z</time></trkpt>
<trkpt lat="33.01201" lon="35.1810261"><ele>177.1</ele><time>2021-09-12T04:24:12Z</time></trkpt>
<trkpt lat="33.0120154" lon="35.1809018"><ele>176.8</ele><time>2021-09-12T04:24:13Z</time></trkpt>
<trkpt lat="33.0120175" lon="35.180776"><ele>176.0</ele><time>2021-09-12T04:24:14Z</time></trkpt>
<trkpt lat="33.01202" lon="35.1806516"><ele>176.0</ele><time>2021-09-12T04:24:15Z</time></trkpt>
<trkpt lat="33.0120229" lon="35.1805298"><ele>175.6</ele><time>2021-09-12T04:24:16Z</time></trkpt>
<trkpt lat="33.0120196" lon="35.1804003"><ele>175.0</ele><time>2021-09-12T04:24:17Z</time></trkpt>
<trkpt lat="33.0120438" lon="35.1802765"><ele>175.1</ele><time>2021-09-12T04:24:18Z</time></trkpt>
<trkpt lat="33.0120636" lon="35.1801589"><ele>175.2</ele><time>2021-09-12T04:24:19Z</time></trkpt>
<trkpt lat="33.0120761" lon="35.1800345"><ele>174.7</ele><time>2021-09-12T04:24:20Z</time></trkpt>
<trkpt lat="33.0121035" lon="35.1799118"><ele>174.4</ele><time>2021-09-12T04:24:21Z</time></trkpt>
<trkpt lat="33.0121238" lon="35.1797874"><ele>173.7</ele><time>2021-09-12T04:24:22Z</time></trkpt>
<trkpt lat="33.0121491" lon="35.1796645"><ele>173.3</ele><time>2021-09-12T04:24:23Z</time></trkpt>
<trkpt lat="33.0121762" lon="35.1795435"><ele>172.9</ele><time>2021-09-12T04:24:24Z</time></trkpt>
<trkpt lat="33.012202" lon="35.1794196"><ele>172.2</ele><time>2021-09-12T04:24:25Z</time></trkpt>
<trkpt lat="33.0122261" lon="35.1792958"><ele>172.2</ele><time>2021-09-12T04:24:26Z</time></trkpt>
<trkpt lat="33.0122511" lon="35.1791747"><ele>170.9</ele><time>2021-09-12T04:24:27Z</time></trkpt>
<trkpt lat="33.0122796" lon="35.1790473"><ele>170.4</ele><time>2021-09-12T04:24:28Z</time></trkpt>
<trkpt lat="33.0122986" lon="35.1789223"><ele>170.2</ele><time>2021-09-12T04:24:29Z</time></trkpt>
<trkpt lat="33.0123261" lon="35.1787974"><ele>169.3</ele><time>2021-09-12T04:24:30Z</time></trkpt>
<trkpt lat="33.012352" lon="35.178663"><ele>168.3</ele><time>2021-09-12T04:24:31Z</time></trkpt>
<trkpt lat="33.0123783" lon="35.1785382"><ele>168.1</ele><time>2021-09-12T04:24:32Z</time></trkpt>
<trkpt lat="33.0124066" lon="35.1784094"><ele>167.2</ele><time>2021-09-12T04:24:33Z</time></trkpt>
<trkpt lat="33.0124357" lon="35.1782735"><ele>166.1</ele><time>2021-09-12T04:24:34Z</time></trkpt>
<trkpt lat="33.0124717" lon="35.1781377"><ele>165.5</ele><time>2021-09-12T04:24:35Z</time></trkpt>
<trkpt lat="33.0125045" lon="35.1780011"><ele>164.5</ele><time>2021-09-12T04:24:36Z</time></trkpt>
<trkpt lat="33.0125338" lon="35.1778581"><ele>163.7</ele><time>2021-09-12T04:24:37Z</time></trkpt>
<trkpt lat="33.0125641" lon="35.1777153"><ele>163.2</ele><time>2021-09-12T04:24:38Z</time></trkpt>
<trkpt lat="33.0125969" lon="35.1775687"><ele>162.5</ele><time>2021-09-12T04:24:39Z</time></trkpt>
<trkpt lat="33.0126321" lon="35.1774177"><ele>161.2</ele><time>2021-09-12T04:24:40Z</time></trkpt>
<trkpt lat="33.0126699" lon="35.1772702"><ele>160.7</ele><time>2021-09-12T04:24:41Z</time></trkpt>
<trkpt lat="33.012704" lon="35.1771138"><ele>159.7</ele><time>2021-09-12T04:24:42Z</time></trkpt>
<trkpt lat="33.0127388" lon="35.1769568"><ele>158.2</ele><time>2021-09-12T04:24:43Z</time></trkpt>
<trkpt lat="33.0127768" lon="35.1768055"><ele>157.0</ele><time>2021-09-12T04:24:44Z</time></trkpt>
<trkpt lat="33.0128125" lon="35.1766509"><ele>155.1</ele><time>2021-09-12T04:24:45Z</time></trkpt>
<trkpt lat="33.0128459" lon="35.1764987"><ele>153.5</ele><time>2021-09-12T04:24:46Z</time></trkpt>
<trkpt lat="33.0128793" lon="35.1763515"><ele>152.6</ele><time>2021-09-12T04:24:47Z</time></trkpt>
<trkpt lat="33.012916" lon="35.1762124"><ele>150.6</ele><time>2021-09-12T04:24:48Z</time></trkpt>
<trkpt lat="33.0129535" lon="35.1760812"><ele>149.9</ele><time>2021-09-12T04:24:49Z</time></trkpt>
<trkpt lat="33.0129891" lon="35.1759446"><ele>148.9</ele><time>2021-09-12T04:24:50Z</time></trkpt>
<trkpt lat="33.0130194" lon="35.1758046"><ele>148.9</ele><time>2021-09-12T04:24:51Z</time></trkpt>
<trkpt lat="33.0130604" lon="35.1756655"><ele>148.1</ele><time>2021-09-12T04:24:52Z</time></trkpt>
<trkpt lat="33.0131028" lon="35.1755193"><ele>147.4</ele><time>2021-09-12T04:24:53Z</time></trkpt>
<trkpt lat="33.013144" lon="35.1753829"><ele>146.9</ele><time>2021-09-12T04:24:54Z</time></trkpt>
<trkpt lat="33.0131866" lon="35.1752429"><ele>145.6</ele><time>2021-09-12T04:24:55Z</time></trkpt>
<trkpt lat="33.0132399" lon="35.1751122"><ele>145.3</ele><time>2021-09-12T04:24:56Z</time></trkpt>
<trkpt lat="33.0132935" lon="35.1749907"><ele>144.3</ele><time>2021-09-12T04:24:57Z</time></trkpt>
<trkpt lat="33.0133412" lon="35.1748698"><ele>143.5</ele><time>2021-09-12T04:24:58Z</time></trkpt>
<trkpt lat="33.0133868" lon="35.1747472"><ele>143.0</ele><time>2021-09-12T04:24:59Z</time></trkpt>
<trkpt lat="33.0134339" lon="35.1746387"><ele>142.0</ele><time>2021-09-12T04:25:00Z</time></trkpt>
<trkpt lat="33.0134803" lon="35.1745336"><ele>142.0</ele><time>2021-09-12T04:25:01Z</time></trkpt>
<trkpt lat="33.0135432" lon="35.174445"><ele>141.3</ele><time>2021-09-12T04:25:02Z</time></trkpt>
<trkpt lat="33.013615" lon="35.1743739"><ele>141.5</ele><time>2021-09-12T04:25:03Z</time></trkpt>
<trkpt lat="33.0136862" lon="35.1743119"><ele>141.7</ele><time>2021-09-12T04:25:04Z</time></trkpt>
<trkpt lat="33.013746" lon="35.1742779"><ele>140.5</ele><time>2021-09-12T04:25:05Z</time></trkpt>
<trkpt lat="33.0137857" lon="35.1742633"><ele>140.6</ele><time>2021-09-12T04:25:06Z</time></trkpt>
<trkpt lat="33.0138109" lon="35.1742561"><ele>140.2</ele><time>2021-09-12T04:25:07Z</time></trkpt>
<trkpt lat="33.013818" lon="35.1742741"><ele>140.8</ele><time>2021-09-12T04:25:08Z</time></trkpt>
<trkpt lat="33.0138213" lon="35.1742999"><ele>140.8</ele><time>2021-09-12T04:25:09Z</time></trkpt>
<trkpt lat="33.0138248" lon="35.1743263"><ele>140.6</ele><time>2021-09-12T04:25:10Z</time></trkpt>
<trkpt lat="33.0138318" lon="35.1743427"><ele>140.4</ele><time>2021-09-12T04:25:11Z</time></trkpt>
<trkpt lat="33.0138512" lon="35.1743645"><ele>141.2</ele><time>2021-09-12T04:25:12Z</time></trkpt>
<trkpt lat="33.0138666" lon="35.1743738"><ele>141.4</ele><time>2021-09-12T04:25:13Z</time></trkpt>
<trkpt lat="33.0138692" lon="35.1743914"><ele>142.5</ele><time>2021-09-12T04:25:14Z</time></trkpt>
<trkpt lat="33.013868" lon="35.1744173"><ele>142.7</ele><time>2021-09-12T04:25:15Z</time></trkpt>
<trkpt lat="33.0138609" lon="35.1744373"><ele>142.0</ele><time>2021-09-12T04:25:16Z</time></trkpt>
<trkpt lat="33.013859" lon="35.1744629"><ele>142.1</ele><time>2021-09-12T04:25:17Z</time></trkpt>
<trkpt lat="33.0138582" lon="35.1744873"><ele>142.3</ele><time>2021-09-12T04:25:18Z</time></trkpt>
<trkpt lat="33.0138557" lon="35.1745102"><ele>142.6</ele><time>2021-09-12T04:25:19Z</time></trkpt>
<trkpt lat="33.0138482" lon="35.1745312"><ele>141.9</ele><time>2021-09-12T04:25:20Z</time></trkpt>
<trkpt lat="33.0138487" lon="35.1745535"><ele>142.9</ele><time>2021-09-12T04:25:21Z</time></trkpt>
<trkpt lat="33.0138616" lon="35.1745672"><ele>143.3</ele><time>2021-09-12T04:25:22Z</time></trkpt>
<trkpt lat="33.0138882" lon="35.174566"><ele>142.9</ele><time>2021-09-12T04:25:23Z</time></trkpt>
<trkpt lat="33.0138998" lon="35.1745487"><ele>143.3</ele><time>2021-09-12T04:25:24Z</time></trkpt>
<trkpt lat="33.0138998" lon="35.1745144"><ele>142.6</ele><time>2021-09-12T04:25:25Z</time></trkpt>
<trkpt lat="33.0138958" lon="35.1744902"><ele>142.6</ele><time>2021-09-12T04:25:26Z</time></trkpt>
<trkpt lat="33.0138916" lon="35.1744742"><ele>142.6</ele><time>2021-09-12T04:25:27Z</time></trkpt>
<trkpt lat="33.0138915" lon="35.1744645"><ele>142.8</ele><time>2021-09-12T04:25:28Z</time></trkpt>
<trkpt lat="33.01389" lon="35.1744519"><ele>142.8</ele><time>2021-09-12T04:25:29Z</time></trkpt>
<trkpt lat="33.013888" lon="35.174441"><ele>142.8</ele><time>2021-09-12T04:25:30Z</time></trkpt>
<trkpt lat="33.0138853" lon="35.1744255"><ele>142.5</ele><time>2021-09-12T04:25:31Z</time></trkpt>
<trkpt lat="33.0138794" lon="35.1744068"><ele>142.9</ele><time>2021-09-12T04:25:32Z</time></trkpt>
<trkpt lat="33.0138722" lon="35.1743881"><ele>143.3</ele><time>2021-09-12T04:25:33Z</time></trkpt>
<trkpt lat="33.0138533" lon="35.1743778"><ele>142.9</ele><time>2021-09-12T04:25:34Z</time></trkpt>
<trkpt lat="33.0138378" lon="35.1743473"><ele>142.1</ele><time>2021-09-12T04:25:35Z</time></trkpt>
<trkpt lat="33.0138361" lon="35.1743204"><ele>141.9</ele><time>2021-09-12T04:25:36Z</time></trkpt>
<trkpt lat="33.0138284" lon="35.1742927"><ele>141.8</ele><time>2021-09-12T04:25:37Z</time></trkpt>
<trkpt lat="33.0138229" lon="35.1742791"><ele>141.5</ele><time>2021-09-12T04:25:38Z</time></trkpt>
<trkpt lat="33.0138206" lon="35.1742833"><ele>141.3</ele><time>2021-09-12T04:25:39Z</time></trkpt>
<trkpt lat="33.0138191" lon="35.1742861"><ele>141.6</ele><time>2021-09-12T04:25:40Z</time></trkpt>
<trkpt lat="33.0138181" lon="35.1742867"><ele>141.4</ele><time>2021-09-12T04:25:41Z</time></trkpt>
<trkpt lat="33.0138157" lon="35.1742847"><ele>141.2</ele><time>2021-09-12T04:25:42Z</time></trkpt>
<trkpt lat="33.0138122" lon="35.1742831"><ele>141.5</ele><time>2021-09-12T04:25:43Z</time></trkpt>
<trkpt lat="33.0138105" lon="35.1742821"><ele>141.4</ele><time>2021-09-12T04:25:44Z</time></trkpt>
<trkpt lat="33.0138038" lon="35.17428"><ele>141.3</ele><time>2021-09-12T04:25:45Z</time></trkpt>
<trkpt lat="33.0137987" lon="35.174282"><ele>140.8</ele><time>2021-09-12T04:25:46Z</time></trkpt>
<trkpt lat="33.0137971" lon="35.1742841"><ele>141.3</ele><time>2021-09-12T04:25:47Z</time></trkpt>
<trkpt lat="33.0137968" lon="35.1742809"><ele>140.8</ele><time>2021-09-12T04:25:48Z</time></trkpt>
<trkpt lat="33.0137982" lon="35.1742812"><ele>140.5</ele><time>2021-09-12T04:25:49Z</time></trkpt>
<trkpt lat="33.0137962" lon="35.1742825"><ele>141.1</ele><time>2021-09-12T04:25:50Z</time></trkpt>
<trkpt lat="33.0137986" lon="35.1742842"><ele>141.4</ele><time>2021-09-12T04:25:51Z</time></trkpt>
<trkpt lat="33.0138008" lon="35.1742871"><ele>141.2</ele><time>2021-09-12T04:25:52Z</time></trkpt>
<trkpt lat="33.0137988" lon="35.1742849"><ele>141.1</ele><time>2021-09-12T04:25:53Z</time></trkpt>
<trkpt lat="33.0137979" lon="35.1742849"><ele>141.0</ele><time>2021-09-12T04:25:54Z</time></trkpt>
<trkpt lat="33.0137986" lon="35.1742852"><ele>140.9</ele><time>2021-09-12T04:25:55Z</time></trkpt>
<trkpt lat="33.0137986" lon="35.1742853"><ele>140.9</ele><time>2021-09-12T04:25:56Z</time></trkpt>
<trkpt lat="33.0137986" lon="35.1742851"><ele>140.9</ele><time>2021-09-12T04:25:57Z</time></trkpt>
<trkpt lat="33.0137991" lon="35.1742833"><ele>140.8</ele><time>2021-09-12T04:25:58Z</time></trkpt>
<trkpt lat="33.0137995" lon="35.1742836"><ele>140.7</ele><time>2021-09-12T04:25:59Z</time></trkpt>
<trkpt lat="33.0137994" lon="35.1742835"><ele>140.7</ele><time>2021-09-12T04:26:00Z</time></trkpt>
<trkpt lat="33.0137976" lon="35.1742825"><ele>140.5</ele><time>2021-09-12T04:26:01Z</time></trkpt>
<trkpt lat="33.0137976" lon="35.1742825"><ele>140.5</ele><time>2021-09-12T04:26:02Z</time></trkpt>
<trkpt lat="33.0137976" lon="35.1742825"><ele>140.5</ele><time>2021-09-12T04:26:03Z</time></trkpt>
<trkpt lat="33.0137996" lon="35.1742819"><ele>140.6</ele><time>2021-09-12T04:26:04Z</time></trkpt>
<trkpt lat="33.0137974" lon="35.1742808"><ele>141.0</ele><time>2021-09-12T04:26:05Z</time></trkpt>
<trkpt lat="33.0137925" lon="35.1742799"><ele>140.4</ele><time>2021-09-12T04:26:06Z</time></trkpt>
<trkpt lat="33.01378" lon="35.1742753"><ele>140.5</ele><time>2021-09-12T04:26:07Z</time></trkpt>
<trkpt lat="33.0137654" lon="35.1742604"><ele>140.5</ele><time>2021-09-12T04:26:08Z</time></trkpt>
<trkpt lat="33.0137445" lon="35.1742551"><ele>140.1</ele><time>2021-09-12T04:26:09Z</time></trkpt>
<trkpt lat="33.0137139" lon="35.1742694"><ele>140.7</ele><time>2021-09-12T04:26:10Z</time></trkpt>
<trkpt lat="33.0136921" lon="35.1742918"><ele>140.3</ele><time>2021-09-12T04:26:11Z</time></trkpt>
<trkpt lat="33.0136635" lon="35.1743122"><ele>140.7</ele><time>2021-09-12T04:26:12Z</time></trkpt>
<trkpt lat="33.0136399" lon="35.1743316"><ele>140.8</ele><time>2021-09-12T04:26:13Z</time></trkpt>
<trkpt lat="33.0136138" lon="35.1743497"><ele>140.6</ele><time>2021-09-12T04:26:14Z</time></trkpt>
<trkpt lat="33.0135933" lon="35.1743658"><ele>141.0</ele><time>2021-09-12T04:26:15Z</time></trkpt>
<trkpt lat="33.013573" lon="35.1743857"><ele>141.1</ele><time>2021-09-12T04:26:16Z</time></trkpt>
<trkpt lat="33.0135522" lon="35.1744022"><ele>141.3</ele><time>2021-09-12T04:26:17Z</time></trkpt>
<trkpt lat="33.0135286" lon="35.1744191"><ele>141.0</ele><time>2021-09-12T04:26:18Z</time></trkpt>
<trkpt lat="33.0135109" lon="35.174445"><ele>141.4</ele><time>2021-09-12T04:26:19Z</time></trkpt>
<trkpt lat="33.0134929" lon="35.1744689"><ele>141.8</ele><time>2021-09-12T04:26:20Z</time></trkpt>
<trkpt lat="33.0134714" lon="35.1744936"><ele>142.3</ele><time>2021-09-12T04:26:21Z</time></trkpt>
<trkpt lat="33.0134578" lon="35.1745146"><ele>143.1</ele><time>2021-09-12T04:26:22Z</time></trkpt>
<trkpt lat="33.0134402" lon="35.1745436"><ele>142.4</ele><time>2021-09-12T04:26:23Z</time></trkpt>
<trkpt lat="33.0134247" lon="35.1745723"><ele>142.5</ele><time>2021-09-12T04:26:24Z</time></trkpt>
<trkpt lat="33.0134105" lon="35.174601"><ele>142.3</ele><time>2021-09-12T04:26:25Z</time></trkpt>
<trkpt lat="33.0133973" lon="35.1746241"><ele>142.0</ele><time>2021-09-12T04:26:26Z</time></trkpt>
<trkpt lat="33.0133878" lon="35.1746589"><ele>142.6</ele><time>2021-09-12T04:26:27Z</time></trkpt>
<trkpt lat="33.0133752" lon="35.1746872"><ele>142.4</ele><time>2021-09-12T04:26:28Z</time></trkpt>
<trkpt lat="33.0133603" lon="35.1747143"><ele>142.3</ele><time>2021-09-12T04:26:29Z</time></trkpt>
<trkpt lat="33.0133549" lon="35.1747434"><ele>142.3</ele><time>2021-09-12T04:26:30Z</time></trkpt>
<trkpt lat="33.0133402" lon="35.1747713"><ele>142.0</ele><time>2021-09-12T04:26:31Z</time></trkpt>
<trkpt lat="33.0133255" lon="35.1747984"><ele>142.0</ele><time>2021-09-12T04:26:32Z</time></trkpt>
<trkpt lat="33.0133115" lon="35.1748268"><ele>142.1</ele><time>2021-09-12T04:26:33Z</time></trkpt>
<trkpt lat="33.0133043" lon="35.1748545"><ele>142.2</ele><time>2021-09-12T04:26:34Z</time></trkpt>
<trkpt lat="33.0132951" lon="35.1748785"><ele>142.1</ele><time>2021-09-12T04:26:35Z</time></trkpt>
<trkpt lat="33.013283" lon="35.1749025"><ele>142.8</ele><time>2021-09-12T04:26:36Z</time></trkpt>
<trkpt lat="33.0132764" lon="35.174926"><ele>142.8</ele><time>2021-09-12T04:26:37Z</time></trkpt>
<trkpt lat="33.0132669" lon="35.1749508"><ele>143.0</ele><time>2021-09-12T04:26:38Z</time></trkpt>
<trkpt lat="33.0132535" lon="35.1749776"><ele>143.1</ele><time>2021-09-12T04:26:39Z</time></trkpt>
<trkpt lat="33.0132472" lon="35.175001"><ele>143.0</ele><time>2021-09-12T04:26:40Z</time></trkpt>
<trkpt lat="33.0132379" lon="35.1750288"><ele>143.4</ele><time>2021-09-12T04:26:41Z</time></trkpt>
<trkpt lat="33.0132274" lon="35.1750569"><ele>143.6</ele><time>2021-09-12T04:26:42Z</time></trkpt>
<trkpt lat="33.0132165" lon="35.1750826"><ele>143.8</ele><time>2021-09-12T04:26:43Z</time></trkpt>
<trkpt lat="33.0132062" lon="35.1751088"><ele>144.1</ele><time>2021-09-12T04:26:44Z</time></trkpt>
<trkpt lat="33.0131967" lon="35.1751322"><ele>143.9</ele><time>2021-09-12T04:26:45Z</time></trkpt>
<trkpt lat="33.0131873" lon="35.1751603"><ele>144.1</ele><time>2021-09-12T04:26:46Z</time></trkpt>
<trkpt lat="33.0131753" lon="35.1751887"><ele>145.9</ele><time>2021-09-12T04:26:47Z</time></trkpt>
<trkpt lat="33.0131663" lon="35.1752109"><ele>144.0</ele><time>2021-09-12T04:26:48Z</time></trkpt>
<trkpt lat="33.013158" lon="35.1752402"><ele>144.6</ele><time>2021-09-12T04:26:49Z</time></trkpt>
<trkpt lat="33.013151" lon="35.1752728"><ele>145.2</ele><time>2021-09-12T04:26:50Z</time></trkpt>
<trkpt lat="33.0131409" lon="35.1752997"><ele>145.6</ele><time>2021-09-12T04:26:51Z</time></trkpt>
<trkpt lat="33.0131321" lon="35.1753247"><ele>145.3</ele><time>2021-09-12T04:26:52Z</time></trkpt>
<trkpt lat="33.0131181" lon="35.1753525"><ele>145.9</ele><time>2021-09-12T04:26:53Z</time></trkpt>
<trkpt lat="33.0131159" lon="35.1753806"><ele>145.8</ele><time>2021-09-12T04:26:54Z</time></trkpt>
<trkpt lat="33.0131079" lon="35.1754027"><ele>146.2</ele><time>2021-09-12T04:26:55Z</time></trkpt>
<trkpt lat="33.0130962" lon="35.1754314"><ele>146.4</ele><time>2021-09-12T04:26:56Z</time></trkpt>
<trkpt lat="33.013088" lon="35.1754551"><ele>146.4</ele><time>2021-09-12T04:26:57Z</time></trkpt>
<trkpt lat="33.0130782" lon="35.1754823"><ele>146.4</ele><time>2021-09-12T04:26:58Z</time></trkpt>
<trkpt lat="33.0130703" lon="35.1755081"><ele>146.7</ele><time>2021-09-12T04:26:59Z</time></trkpt>
<trkpt lat="33.0130605" lon="35.1755359"><ele>146.6</ele><time>2021-09-12T04:27:00Z</time></trkpt>
<trkpt lat="33.0130547" lon="35.1755609"><ele>146.7</ele><time>2021-09-12T04:27:01Z</time></trkpt>
<trkpt lat="33.0130452" lon="35.1755856"><ele>146.7</ele><time>2021-09-12T04:27:02Z</time></trkpt>
<trkpt lat="33.0130386" lon="35.1756104"><ele>147.0</ele><time>2021-09-12T04:27:03Z</time></trkpt>
<trkpt lat="33.0130309" lon="35.1756377"><ele>147.2</ele><time>2021-09-12T04:27:04Z</time></trkpt>
<trkpt lat="33.0130233" lon="35.1756639"><ele>147.1</ele><time>2021-09-12T04:27:05Z</time></trkpt>
<trkpt lat="33.013018" lon="35.1756903"><ele>147.6</ele><time>2021-09-12T04:27:06Z</time></trkpt>
<trkpt lat="33.0130172" lon="35.1757159"><ele>147.7</ele><time>2021-09-12T04:27:07Z</time></trkpt>
<trkpt lat="33.0130081" lon="35.1757428"><ele>147.9</ele><time>2021-09-12T04:27:08Z</time></trkpt>
<trkpt lat="33.0130033" lon="35.1757659"><ele>148.1</ele><time>2021-09-12T04:27:09Z</time></trkpt>
<trkpt lat="33.0129946" lon="35.1757925"><ele>148.2</ele><time>2021-09-12T04:27:10Z</time></trkpt>
<trkpt lat="33.0129895" lon="35.1758149"><ele>148.1</ele><time>2021-09-12T04:27:11Z</time></trkpt>
<trkpt lat="33.0129791" lon="35.1758396"><ele>148.5</ele><time>2021-09-12T04:27:12Z</time></trkpt>
<trkpt lat="33.0129701" lon="35.175864"><ele>148.7</ele><time>2021-09-12T04:27:13Z</time></trkpt>
<trkpt lat="33.0129636" lon="35.175891"><ele>148.9</ele><time>2021-09-12T04:27:14Z</time></trkpt>
<trkpt lat="33.0129633" lon="35.1759116"><ele>148.6</ele><time>2021-09-12T04:27:15Z</time></trkpt>
<trkpt lat="33.0129569" lon="35.1759412"><ele>149.5</ele><time>2021-09-12T04:27:16Z</time></trkpt>
<trkpt lat="33.0129497" lon="35.1759641"><ele>149.6</ele><time>2021-09-12T04:27:17Z</time></trkpt>
<trkpt lat="33.0129425" lon="35.1759897"><ele>149.8</ele><time>2021-09-12T04:27:18Z</time></trkpt>
<trkpt lat="33.0129414" lon="35.1760068"><ele>149.9</ele><time>2021-09-12T04:27:19Z</time></trkpt>
<trkpt lat="33.012942" lon="35.1760288"><ele>149.5</ele><time>2021-09-12T04:27:20Z</time></trkpt>
<trkpt lat="33.0129359" lon="35.176055"><ele>149.8</ele><time>2021-09-12T04:27:21Z</time></trkpt>
<trkpt lat="33.0129278" lon="35.1760735"><ele>149.8</ele><time>2021-09-12T04:27:22Z</time></trkpt>
<trkpt lat="33.0129236" lon="35.176099"><ele>150.2</ele><time>2021-09-12T04:27:23Z</time></trkpt>
<trkpt lat="33.0129175" lon="35.1761194"><ele>150.1</ele><time>2021-09-12T04:27:24Z</time></trkpt>
<trkpt lat="33.0129165" lon="35.176138"><ele>150.3</ele><time>2021-09-12T04:27:25Z</time></trkpt>
<trkpt lat="33.0129077" lon="35.17616"><ele>150.6</ele><time>2021-09-12T04:27:26Z</time></trkpt>
<trkpt lat="33.0129013" lon="35.1761859"><ele>151.0</ele><time>2021-09-12T04:27:27Z</time></trkpt>
<trkpt lat="33.0128945" lon="35.1762085"><ele>150.6</ele><time>2021-09-12T04:27:28Z</time></trkpt>
<trkpt lat="33.0128923" lon="35.1762324"><ele>150.9</ele><time>2021-09-12T04:27:29Z</time></trkpt>
<trkpt lat="33.0128869" lon="35.1762535"><ele>151.0</ele><time>2021-09-12T04:27:30Z</time></trkpt>
<trkpt lat="33.0128848" lon="35.1762782"><ele>151.4</ele><time>2021-09-12T04:27:31Z</time></trkpt>
<trkpt lat="33.0128827" lon="35.176299"><ele>151.3</ele><time>2021-09-12T04:27:32Z</time></trkpt>
<trkpt lat="33.0128733" lon="35.1763183"><ele>151.6</ele><time>2021-09-12T04:27:33Z</time></trkpt>
<trkpt lat="33.0128686" lon="35.1763408"><ele>151.6</ele><time>2021-09-12T04:27:34Z</time></trkpt>
<trkpt lat="33.0128671" lon="35.1763608"><ele>151.8</ele><time>2021-09-12T04:27:35Z</time></trkpt>
<trkpt lat="33.0128614" lon="35.1763868"><ele>152.0</ele><time>2021-09-12T04:27:36Z</time></trkpt>
<trkpt lat="33.0128581" lon="35.1764097"><ele>152.3</ele><time>2021-09-12T04:27:37Z</time></trkpt>
<trkpt lat="33.012854" lon="35.1764286"><ele>152.5</ele><time>2021-09-12T04:27:38Z</time></trkpt>
<trkpt lat="33.0128511" lon="35.176449"><ele>152.6</ele><time>2021-09-12T04:27:39Z</time></trkpt>
<trkpt lat="33.0128517" lon="35.1764683"><ele>152.7</ele><time>2021-09-12T04:27:40Z</time></trkpt>
<trkpt lat="33.0128468" lon="35.1764894"><ele>152.9</ele><time>2021-09-12T04:27:41Z</time></trkpt>
<trkpt lat="33.0128426" lon="35.1765095"><ele>152.9</ele><time>2021-09-12T04:27:42Z</time></trkpt>
<trkpt lat="33.0128372" lon="35.1765305"><ele>153.1</ele><time>2021-09-12T04:27:43Z</time></trkpt>
<trkpt lat="33.0128341" lon="35.1765502"><ele>153.5</ele><time>2021-09-12T04:27:44Z</time></trkpt>
<trkpt lat="33.0128278" lon="35.1765708"><ele>153.5</ele><time>2021-09-12T04:27:45Z</time></trkpt>
<trkpt lat="33.0128195" lon="35.1765922"><ele>153.6</ele><time>2021-09-12T04:27:46Z</time></trkpt>
<trkpt lat="33.0128183" lon="35.1766153"><ele>153.7</ele><time>2021-09-12T04:27:47Z</time></trkpt>
<trkpt lat="33.0128116" lon="35.1766353"><ele>153.6</ele><time>2021-09-12T04:27:48Z</time></trkpt>
<trkpt lat="33.0128044" lon="35.1766565"><ele>153.8</ele><time>2021-09-12T04:27:49Z</time></trkpt>
<trkpt lat="33.0127985" lon="35.1766769"><ele>154.7</ele><time>2021-09-12T04:27:50Z</time></trkpt>
<trkpt lat="33.0127899" lon="35.1766955"><ele>153.7</ele><time>2021-09-12T04:27:51Z</time></trkpt>
<trkpt lat="33.0127851" lon="35.1767189"><ele>153.9</ele><time>2021-09-12T04:27:52Z</time></trkpt>
<trkpt lat="33.0127819" lon="35.1767387"><ele>154.3</ele><time>2021-09-12T04:27:53Z</time></trkpt>
<trkpt lat="33.0127807" lon="35.1767594"><ele>154.3</ele><time>2021-09-12T04:27:54Z</time></trkpt>
<trkpt lat="33.0127815" lon="35.1767818"><ele>154.4</ele><time>2021-09-12T04:27:55Z</time></trkpt>
<trkpt lat="33.0127759" lon="35.1768028"><ele>154.7</ele><time>2021-09-12T04:27:56Z</time></trkpt>
<trkpt lat="33.0127651" lon="35.1768185"><ele>155.0</ele><time>2021-09-12T04:27:57Z</time></trkpt>
<trkpt lat="33.0127564" lon="35.1768408"><ele>155.2</ele><time>2021-09-12T04:27:58Z</time></trkpt>
<trkpt lat="33.0127489" lon="35.1768595"><ele>155.4</ele><time>2021-09-12T04:27:59Z</time></trkpt>
<trkpt lat="33.0127377" lon="35.1768811"><ele>155.5</ele><time>2021-09-12T04:28:00Z</time></trkpt>
<trkpt lat="33.0127253" lon="35.1768982"><ele>155.5</ele><time>2021-09-12T04:28:01Z</time></trkpt>
<trkpt lat="33.0127245" lon="35.176918"><ele>156.0</ele><time>2021-09-12T04:28:02Z</time></trkpt>
<trkpt lat="33.0127207" lon="35.1769387"><ele>156.5</ele><time>2021-09-12T04:28:03Z</time></trkpt>
<trkpt lat="33.01271" lon="35.1769601"><ele>156.3</ele><time>2021-09-12T04:28:04Z</time></trkpt>
<trkpt lat="33.0127061" lon="35.1769818"><ele>156.5</ele><time>2021-09-12T04:28:05Z</time></trkpt>
<trkpt lat="33.0127038" lon="35.1770064"><ele>157.8</ele><time>2021-09-12T04:28:06Z</time></trkpt>
<trkpt lat="33.0127003" lon="35.1770239"><ele>157.0</ele><time>2021-09-12T04:28:07Z</time></trkpt>
<trkpt lat="33.0126968" lon="35.17705"><ele>157.4</ele><time>2021-09-12T04:28:08Z</time></trkpt>
<trkpt lat="33.012692" lon="35.1770715"><ele>157.8</ele><time>2021-09-12T04:28:09Z</time></trkpt>
<trkpt lat="33.0126891" lon="35.1770978"><ele>157.9</ele><time>2021-09-12T04:28:10Z</time></trkpt>
<trkpt lat="33.0126868" lon="35.1771234"><ele>158.2</ele><time>2021-09-12T04:28:11Z</time></trkpt>
<trkpt lat="33.0126854" lon="35.177145"><ele>158.6</ele><time>2021-09-12T04:28:12Z</time></trkpt>
<trkpt lat="33.0126763" lon="35.1771687"><ele>158.9</ele><time>2021-09-12T04:28:13Z</time></trkpt>
<trkpt lat="33.0126661" lon="35.1771909"><ele>159.1</ele><time>2021-09-12T04:28:14Z</time></trkpt>
<trkpt lat="33.0126582" lon="35.1772113"><ele>159.3</ele><time>2021-09-12T04:28:15Z</time></trkpt>
<trkpt lat="33.0126502" lon="35.1772356"><ele>159.3</ele><time>2021-09-12T04:28:16Z</time></trkpt>
<trkpt lat="33.0126513" lon="35.1772541"><ele>159.6</ele><time>2021-09-12T04:28:17Z</time></trkpt>
<trkpt lat="33.0126389" lon="35.1772797"><ele>159.7</ele><time>2021-09-12T04:28:18Z</time></trkpt>
<trkpt lat="33.0126345" lon="35.1773033"><ele>160.0</ele><time>2021-09-12T04:28:19Z</time></trkpt>
<trkpt lat="33.0126273" lon="35.1773244"><ele>160.2</ele><time>2021-09-12T04:28:20Z</time></trkpt>
<trkpt lat="33.012618" lon="35.1773471"><ele>160.7</ele><time>2021-09-12T04:28:21Z</time></trkpt>
<trkpt lat="33.012613" lon="35.1773667"><ele>160.7</ele><time>2021-09-12T04:28:22Z</time></trkpt>
<trkpt lat="33.0126081" lon="35.17739"><ele>160.9</ele><time>2021-09-12T04:28:23Z</time></trkpt>
<trkpt lat="33.0125999" lon="35.1774132"><ele>161.3</ele><time>2021-09-12T04:28:24Z</time></trkpt>
<trkpt lat="33.0125927" lon="35.1774376"><ele>161.7</ele><time>2021-09-12T04:28:25Z</time></trkpt>
<trkpt lat="33.0125911" lon="35.1774566"><ele>162.5</ele><time>2021-09-12T04:28:26Z</time></trkpt>
<trkpt lat="33.0125856" lon="35.1774817"><ele>161.9</ele><time>2021-09-12T04:28:27Z</time></trkpt>
<trkpt lat="33.0125794" lon="35.1775029"><ele>162.6</ele><time>2021-09-12T04:28:28Z</time></trkpt>
<trkpt lat="33.0125725" lon="35.1775267"><ele>162.8</ele><time>2021-09-12T04:28:29Z</time></trkpt>
<trkpt lat="33.012562" lon="35.1775507"><ele>163.0</ele><time>2021-09-12T04:28:30Z</time></trkpt>
<trkpt lat="33.0125585" lon="35.1775743"><ele>163.6</ele><time>2021-09-12T04:28:31Z</time></trkpt>
<trkpt lat="33.0125548" lon="35.1775916"><ele>163.5</ele><time>2021-09-12T04:28:32Z</time></trkpt>
<trkpt lat="33.0125489" lon="35.1776164"><ele>163.5</ele><time>2021-09-12T04:28:33Z</time></trkpt>
<trkpt lat="33.0125519" lon="35.1776408"><ele>164.0</ele><time>2021-09-12T04:28:34Z</time></trkpt>
<trkpt lat="33.0125462" lon="35.1776611"><ele>163.6</ele><time>2021-09-12T04:28:35Z</time></trkpt>
<trkpt lat="33.0125464" lon="35.1776846"><ele>163.7</ele><time>2021-09-12T04:28:36Z</time></trkpt>
<trkpt lat="33.0125433" lon="35.1777074"><ele>164.1</ele><time>2021-09-12T04:28:37Z</time></trkpt>
<trkpt lat="33.0125377" lon="35.1777263"><ele>164.2</ele><time>2021-09-12T04:28:38Z</time></trkpt>
<trkpt lat="33.0125376" lon="35.1777511"><ele>164.1</ele><time>2021-09-12T04:28:39Z</time></trkpt>
<trkpt lat="33.0125336" lon="35.1777737"><ele>164.1</ele><time>2021-09-12T04:28:40Z</time></trkpt>
<trkpt lat="33.0125306" lon="35.1777976"><ele>164.2</ele><time>2021-09-12T04:28:41Z</time></trkpt>
<trkpt lat="33.0125247" lon="35.1778187"><ele>164.2</ele><time>2021-09-12T04:28:42Z</time></trkpt>
<trkpt lat="33.0125216" lon="35.1778395"><ele>164.3</ele><time>2021-09-12T04:28:43Z</time></trkpt>
<trkpt lat="33.0125138" lon="35.1778652"><ele>164.6</ele><time>2021-09-12T04:28:44Z</time></trkpt>
<trkpt lat="33.0125082" lon="35.1778843"><ele>164.2</ele><time>2021-09-12T04:28:45Z</time></trkpt>
<trkpt lat="33.0125065" lon="35.1779068"><ele>163.8</ele><time>2021-09-12T04:28:46Z</time></trkpt>
<trkpt lat="33.0125025" lon="35.1779355"><ele>164.2</ele><time>2021-09-12T04:28:47Z</time></trkpt>
<trkpt lat="33.0124972" lon="35.1779574"><ele>163.6</ele><time>2021-09-12T04:28:48Z</time></trkpt>
<trkpt lat="33.012492" lon="35.1779809"><ele>164.1</ele><time>2021-09-12T04:28:49Z</time></trkpt>
<trkpt lat="33.0124886" lon="35.1780025"><ele>164.2</ele><time>2021-09-12T04:28:50Z</time></trkpt>
<trkpt lat="33.0124804" lon="35.1780288"><ele>165.2</ele><time>2021-09-12T04:28:51Z</time></trkpt>
<trkpt lat="33.0124769" lon="35.1780476"><ele>164.8</ele><time>2021-09-12T04:28:52Z</time></trkpt>
<trkpt lat="33.0124704" lon="35.1780675"><ele>165.1</ele><time>2021-09-12T04:28:53Z</time></trkpt>
<trkpt lat="33.0124646" lon="35.1780924"><ele>165.1</ele><time>2021-09-12T04:28:54Z</time></trkpt>
<trkpt lat="33.0124578" lon="35.1781125"><ele>164.7</ele><time>2021-09-12T04:28:55Z</time></trkpt>
<trkpt lat="33.0124555" lon="35.1781337"><ele>164.8</ele><time>2021-09-12T04:28:56Z</time></trkpt>
<trkpt lat="33.0124481" lon="35.1781561"><ele>165.1</ele><time>2021-09-12T04:28:57Z</time></trkpt>
<trkpt lat="33.0124436" lon="35.1781784"><ele>165.2</ele><time>2021-09-12T04:28:58Z</time></trkpt>
<trkpt lat="33.0124376" lon="35.1781989"><ele>165.4</ele><time>2021-09-12T04:28:59Z</time></trkpt>
<trkpt lat="33.0124298" lon="35.1782175"><ele>165.6</ele><time>2021-09-12T04:29:00Z</time></trkpt>
<trkpt lat="33.0124296" lon="35.178235"><ele>165.6</ele><time>2021-09-12T04:29:01Z</time></trkpt>
<trkpt lat="33.0124236" lon="35.1782527"><ele>165.8</ele><time>2021-09-12T04:29:02Z</time></trkpt>
<trkpt lat="33.0124172" lon="35.1782708"><ele>165.9</ele><time>2021-09-12T04:29:03Z</time></trkpt>
<trkpt lat="33.0124099" lon="35.1782876"><ele>165.9</ele><time>2021-09-12T04:29:04Z</time></trkpt>
<trkpt lat="33.0124062" lon="35.1783046"><ele>166.0</ele><time>2021-09-12T04:29:05Z</time></trkpt>
<trkpt lat="33.0124005" lon="35.1783224"><ele>166.2</ele><time>2021-09-12T04:29:06Z</time></trkpt>
<trkpt lat="33.0123945" lon="35.1783384"><ele>166.1</ele><time>2021-09-12T04:29:07Z</time></trkpt>
<trkpt lat="33.012389" lon="35.1783578"><ele>166.2</ele><time>2021-09-12T04:29:08Z</time></trkpt>
<trkpt lat="33.0123868" lon="35.1783799"><ele>166.7</ele><time>2021-09-12T04:29:09Z</time></trkpt>
<trkpt lat="33.0123811" lon="35.1783998"><ele>166.8</ele><time>2021-09-12T04:29:10Z</time></trkpt>
<trkpt lat="33.0123785" lon="35.1784174"><ele>166.6</ele><time>2021-09-12T04:29:11Z</time></trkpt>
<trkpt lat="33.0123771" lon="35.1784369"><ele>167.1</ele><time>2021-09-12T04:29:12Z</time></trkpt>
<trkpt lat="33.0123743" lon="35.1784604"><ele>167.5</ele><time>2021-09-12T04:29:13Z</time></trkpt>
<trkpt lat="33.0123712" lon="35.17848"><ele>167.5</ele><time>2021-09-12T04:29:14Z</time></trkpt>
<trkpt lat="33.0123678" lon="35.1784978"><ele>167.4</ele><time>2021-09-12T04:29:15Z</time></trkpt>
<trkpt lat="33.0123653" lon="35.1785167"><ele>167.1</ele><time>2021-09-12T04:29:16Z</time></trkpt>
<trkpt lat="33.0123596" lon="35.1785406"><ele>167.8</ele><time>2021-09-12T04:29:17Z</time></trkpt>
<trkpt lat="33.0123554" lon="35.1785638"><ele>168.0</ele><time>2021-09-12T04:29:18Z</time></trkpt>
<trkpt lat="33.0123514" lon="35.1785845"><ele>168.1</ele><time>2021-09-12T04:29:19Z</time></trkpt>
<trkpt lat="33.0123456" lon="35.1786046"><ele>168.1</ele><time>2021-09-12T04:29:20Z</time></trkpt>
<trkpt lat="33.0123393" lon="35.1786201"><ele>167.9</ele><time>2021-09-12T04:29:21Z</time></trkpt>
<trkpt lat="33.0123312" lon="35.1786406"><ele>168.3</ele><time>2021-09-12T04:29:22Z</time></trkpt>
<trkpt lat="33.0123223" lon="35.1786584"><ele>168.4</ele><time>2021-09-12T04:29:23Z</time></trkpt>
<trkpt lat="33.0123201" lon="35.1786792"><ele>168.5</ele><time>2021-09-12T04:29:24Z</time></trkpt>
<trkpt lat="33.0123163" lon="35.1787023"><ele>168.7</ele><time>2021-09-12T04:29:25Z</time></trkpt>
<trkpt lat="33.0123129" lon="35.1787265"><ele>168.6</ele><time>2021-09-12T04:29:26Z</time></trkpt>
<trkpt lat="33.0123072" lon="35.1787452"><ele>168.8</ele><time>2021-09-12T04:29:27Z</time></trkpt>
<trkpt lat="33.0123021" lon="35.1787664"><ele>169.0</ele><time>2021-09-12T04:29:28Z</time></trkpt>
<trkpt lat="33.0122937" lon="35.1787901"><ele>169.6</ele><time>2021-09-12T04:29:29Z</time></trkpt>
<trkpt lat="33.0122887" lon="35.178811"><ele>169.3</ele><time>2021-09-12T04:29:30Z</time></trkpt>
<trkpt lat="33.0122882" lon="35.1788332"><ele>169.2</ele><time>2021-09-12T04:29:31Z</time></trkpt>
<trkpt lat="33.0122865" lon="35.1788521"><ele>169.1</ele><time>2021-09-12T04:29:32Z</time></trkpt>
<trkpt lat="33.0122826" lon="35.1788778"><ele>169.1</ele><time>2021-09-12T04:29:33Z</time></trkpt>
<trkpt lat="33.0122769" lon="35.178902"><ele>169.0</ele><time>2021-09-12T04:29:34Z</time></trkpt>
<trkpt lat="33.0122723" lon="35.1789207"><ele>169.0</ele><time>2021-09-12T04:29:35Z</time></trkpt>
<trkpt lat="33.0122681" lon="35.1789383"><ele>168.7</ele><time>2021-09-12T04:29:36Z</time></trkpt>
<trkpt lat="33.0122624" lon="35.1789609"><ele>169.4</ele><time>2021-09-12T04:29:37Z</time></trkpt>
<trkpt lat="33.0122585" lon="35.1789895"><ele>169.5</ele><time>2021-09-12T04:29:38Z</time></trkpt>
<trkpt lat="33.0122557" lon="35.1790092"><ele>168.9</ele><time>2021-09-12T04:29:39Z</time></trkpt>
<trkpt lat="33.0122495" lon="35.1790328"><ele>169.2</ele><time>2021-09-12T04:29:40Z</time></trkpt>
<trkpt lat="33.0122444" lon="35.1790554"><ele>169.4</ele><time>2021-09-12T04:29:41Z</time></trkpt>
<trkpt lat="33.0122372" lon="35.1790762"><ele>169.4</ele><time>2021-09-12T04:29:42Z</time></trkpt>
<trkpt lat="33.0122293" lon="35.1790986"><ele>169.9</ele><time>2021-09-12T04:29:43Z</time></trkpt>
<trkpt lat="33.0122207" lon="35.1791248"><ele>169.7</ele><time>2021-09-12T04:29:44Z</time></trkpt>
<trkpt lat="33.0122158" lon="35.1791441"><ele>170.4</ele><time>2021-09-12T04:29:45Z</time></trkpt>
<trkpt lat="33.0122039" lon="35.1791671"><ele>170.6</ele><time>2021-09-12T04:29:46Z</time></trkpt>
<trkpt lat="33.0122002" lon="35.1791881"><ele>170.8</ele><time>2021-09-12T04:29:47Z</time></trkpt>
<trkpt lat="33.0121956" lon="35.1792131"><ele>170.6</ele><time>2021-09-12T04:29:48Z</time></trkpt>
<trkpt lat="33.0121901" lon="35.1792402"><ele>171.1</ele><time>2021-09-12T04:29:49Z</time></trkpt>
<trkpt lat="33.0121876" lon="35.1792603"><ele>171.3</ele><time>2021-09-12T04:29:50Z</time></trkpt>
<trkpt lat="33.0121847" lon="35.1792848"><ele>171.5</ele><time>2021-09-12T04:29:51Z</time></trkpt>
<trkpt lat="33.0121818" lon="35.1793071"><ele>171.6</ele><time>2021-09-12T04:29:52Z</time></trkpt>
<trkpt lat="33.0121769" lon="35.1793291"><ele>171.9</ele><time>2021-09-12T04:29:53Z</time></trkpt>
<trkpt lat="33.012173" lon="35.1793505"><ele>171.9</ele><time>2021-09-12T04:29:54Z</time></trkpt>
<trkpt lat="33.0121715" lon="35.1793719"><ele>171.7</ele><time>2021-09-12T04:29:55Z</time></trkpt>
<trkpt lat="33.0121671" lon="35.1793959"><ele>172.0</ele><time>2021-09-12T04:29:56Z</time></trkpt>
<trkpt lat="33.01216" lon="35.1794183"><ele>172.3</ele><time>2021-09-12T04:29:57Z</time></trkpt>
<trkpt lat="33.0121579" lon="35.1794392"><ele>172.3</ele><time>2021-09-12T04:29:58Z</time></trkpt>
<trkpt lat="33.0121562" lon="35.1794601"><ele>172.5</ele><time>2021-09-12T04:29:59Z</time></trkpt>
<trkpt lat="33.0121532" lon="35.1794853"><ele>172.6</ele><time>2021-09-12T04:30:00Z</time></trkpt>
<trkpt lat="33.0121478" lon="35.1795096"><ele>172.6</ele><time>2021-09-12T04:30:01Z</time></trkpt>
<trkpt lat="33.0121436" lon="35.1795361"><ele>172.6</ele><time>2021-09-12T04:30:02Z</time></trkpt>
<trkpt lat="33.0121403" lon="35.1795564"><ele>173.0</ele><time>2021-09-12T04:30:03Z</time></trkpt>
<trkpt lat="33.0121394" lon="35.1795783"><ele>172.7</ele><time>2021-09-12T04:30:04Z</time></trkpt>
<trkpt lat="33.0121337" lon="35.1795997"><ele>172.9</ele><time>2021-09-12T04:30:05Z</time></trkpt>
<trkpt lat="33.0121282" lon="35.1796246"><ele>173.1</ele><time>2021-09-12T04:30:06Z</time></trkpt>
<trkpt lat="33.0121265" lon="35.1796471"><ele>173.3</ele><time>2021-09-12T04:30:07Z</time></trkpt>
<trkpt lat="33.0121256" lon="35.1796761"><ele>173.4</ele><time>2021-09-12T04:30:08Z</time></trkpt>
<trkpt lat="33.0121207" lon="35.1796974"><ele>173.5</ele><time>2021-09-12T04:30:09Z</time></trkpt>
<trkpt lat="33.012117" lon="35.1797194"><ele>173.6</ele><time>2021-09-12T04:30:10Z</time></trkpt>
<trkpt lat="33.0121113" lon="35.1797437"><ele>173.7</ele><time>2021-09-12T04:30:11Z</time></trkpt>
<trkpt lat="33.0121097" lon="35.1797692"><ele>173.6</ele><time>2021-09-12T04:30:12Z</time></trkpt>
<trkpt lat="33.0121061" lon="35.17979"><ele>173.7</ele><time>2021-09-12T04:30:13Z</time></trkpt>
<trkpt lat="33.0121035" lon="35.1798154"><ele>173.7</ele><time>2021-09-12T04:30:14Z</time></trkpt>
<trkpt lat="33.0120952" lon="35.1798385"><ele>173.8</ele><time>2021-09-12T04:30:15Z</time></trkpt>
<trkpt lat="33.0120886" lon="35.1798628"><ele>174.4</ele><time>2021-09-12T04:30:16Z</time></trkpt>
<trkpt lat="33.0120804" lon="35.1798829"><ele>174.2</ele><time>2021-09-12T04:30:17Z</time></trkpt>
<trkpt lat="33.0120776" lon="35.1799127"><ele>174.2</ele><time>2021-09-12T04:30:18Z</time></trkpt>
<trkpt lat="33.012071" lon="35.1799373"><ele>174.5</ele><time>2021-09-12T04:30:19Z</time></trkpt>
<trkpt lat="33.0120711" lon="35.1799576"><ele>174.9</ele><time>2021-09-12T04:30:20Z</time></trkpt>
<trkpt lat="33.0120715" lon="35.1799836"><ele>175.2</ele><time>2021-09-12T04:30:21Z</time></trkpt>
<trkpt lat="33.0120678" lon="35.1800104"><ele>175.2</ele><time>2021-09-12T04:30:22Z</time></trkpt>
<trkpt lat="33.0120638" lon="35.1800348"><ele>175.5</ele><time>2021-09-12T04:30:23Z</time></trkpt>
<trkpt lat="33.0120612" lon="35.1800598"><ele>175.4</ele><time>2021-09-12T04:30:24Z</time></trkpt>
<trkpt lat="33.0120638" lon="35.1800867"><ele>175.5</ele><time>2021-09-12T04:30:25Z</time></trkpt>
<trkpt lat="33.0120577" lon="35.1801077"><ele>175.4</ele><time>2021-09-12T04:30:26Z</time></trkpt>
<trkpt lat="33.0120587" lon="35.180131"><ele>175.6</ele><time>2021-09-12T04:30:27Z</time></trkpt>
<trkpt lat="33.0120607" lon="35.180154"><ele>175.7</ele><time>2021-09-12T04:30:28Z</time></trkpt>
<trkpt lat="33.0120608" lon="35.1801784"><ele>176.0</ele><time>2021-09-12T04:30:29Z</time></trkpt>
<trkpt lat="33.0120683" lon="35.1802045"><ele>176.2</ele><time>2021-09-12T04:30:30Z</time></trkpt>
<trkpt lat="33.0120695" lon="35.180231"><ele>176.3</ele><time>2021-09-12T04:30:31Z</time></trkpt>
<trkpt lat="33.0120641" lon="35.1802586"><ele>176.6</ele><time>2021-09-12T04:30:32Z</time></trkpt>
<trkpt lat="33.0120627" lon="35.1802842"><ele>176.1</ele><time>2021-09-12T04:30:33Z</time></trkpt>
<trkpt lat="33.0120571" lon="35.1803124"><ele>176.4</ele><time>2021-09-12T04:30:34Z</time></trkpt>
<trkpt lat="33.0120604" lon="35.1803377"><ele>176.4</ele><time>2021-09-12T04:30:35Z</time></trkpt>
<trkpt lat="33.0120591" lon="35.1803629"><ele>176.8</ele><time>2021-09-12T04:30:36Z</time></trkpt>
<trkpt lat="33.0120628" lon="35.1803889"><ele>176.8</ele><time>2021-09-12T04:30:37Z</time></trkpt>
<trkpt lat="33.0120597" lon="35.1804147"><ele>176.8</ele><time>2021-09-12T04:30:38Z</time></trkpt>
<trkpt lat="33.0120565" lon="35.1804441"><ele>176.9</ele><time>2021-09-12T04:30:39Z</time></trkpt>
<trkpt lat="33.0120479" lon="35.1804692"><ele>177.0</ele><time>2021-09-12T04:30:40Z</time></trkpt>
<trkpt lat="33.0120383" lon="35.1804932"><ele>177.0</ele><time>2021-09-12T04:30:41Z</time></trkpt>
<trkpt lat="33.0120368" lon="35.1805157"><ele>176.9</ele><time>2021-09-12T04:30:42Z</time></trkpt>
<trkpt lat="33.0120346" lon="35.1805436"><ele>177.1</ele><time>2021-09-12T04:30:43Z</time></trkpt>
<trkpt lat="33.0120307" lon="35.1805742"><ele>176.7</ele><time>2021-09-12T04:30:44Z</time></trkpt>
<trkpt lat="33.0120219" lon="35.1805977"><ele>176.9</ele><time>2021-09-12T04:30:45Z</time></trkpt>
<trkpt lat="33.0120154" lon="35.1806298"><ele>177.1</ele><time>2021-09-12T04:30:46Z</time></trkpt>
<trkpt lat="33.0120092" lon="35.1806592"><ele>176.9</ele><time>2021-09-12T04:30:47Z</time></trkpt>
<trkpt lat="33.0120087" lon="35.1806868"><ele>177.1</ele><time>2021-09-12T04:30:48Z</time></trkpt>
<trkpt lat="33.012001" lon="35.1807205"><ele>177.2</ele><time>2021-09-12T04:30:49Z</time></trkpt>
<trkpt lat="33.0119975" lon="35.1807481"><ele>177.3</ele><time>2021-09-12T04:30:50Z</time></trkpt>
<trkpt lat="33.0119969" lon="35.180774"><ele>177.4</ele><time>2021-09-12T04:30:51Z</time></trkpt>
<trkpt lat="33.0119915" lon="35.1808005"><ele>177.7</ele><time>2021-09-12T04:30:52Z</time></trkpt>
<trkpt lat="33.0119903" lon="35.1808323"><ele>177.5</ele><time>2021-09-12T04:30:53Z</time></trkpt>
<trkpt lat="33.0119864" lon="35.1808603"><ele>177.6</ele><time>2021-09-12T04:30:54Z</time></trkpt>
<trkpt lat="33.0119826" lon="35.1808925"><ele>177.7</ele><time>2021-09-12T04:30:55Z</time></trkpt>
<trkpt lat="33.0119825" lon="35.1809223"><ele>177.6</ele><time>2021-09-12T04:30:56Z</time></trkpt>
<trkpt lat="33.0119819" lon="35.1809545"><ele>177.8</ele><time>2021-09-12T04:30:57Z</time></trkpt>
<trkpt lat="33.0119732" lon="35.1809845"><ele>177.8</ele><time>2021-09-12T04:30:58Z</time></trkpt>
<trkpt lat="33.0119762" lon="35.1810135"><ele>178.1</ele><time>2021-09-12T04:30:59Z</time></trkpt>
<trkpt lat="33.0119748" lon="35.1810431"><ele>178.3</ele><time>2021-09-12T04:31:00Z</time></trkpt>
<trkpt lat="33.0119721" lon="35.1810732"><ele>178.4</ele><time>2021-09-12T04:31:01Z</time></trkpt>
<trkpt lat="33.011968" lon="35.1811048"><ele>178.4</ele><time>2021-09-12T04:31:02Z</time></trkpt>
<trkpt lat="33.0119608" lon="35.1811341"><ele>178.4</ele><time>2021-09-12T04:31:03Z</time></trkpt>
<trkpt lat="33.011961" lon="35.1811656"><ele>178.5</ele><time>2021-09-12T04:31:04Z</time></trkpt>
<trkpt lat="33.0119594" lon="35.1811974"><ele>178.6</ele><time>2021-09-12T04:31:05Z</time></trkpt>
<trkpt lat="33.0119583" lon="35.1812305"><ele>178.8</ele><time>2021-09-12T04:31:06Z</time></trkpt>
<trkpt lat="33.0119574" lon="35.1812623"><ele>178.7</ele><time>2021-09-12T04:31:07Z</time></trkpt>
<trkpt lat="33.0119568" lon="35.1812919"><ele>178.8</ele><time>2021-09-12T04:31:08Z</time></trkpt>
<trkpt lat="33.0119485" lon="35.1813226"><ele>178.7</ele><time>2021-09-12T04:31:09Z</time></trkpt>
<trkpt lat="33.0119468" lon="35.1813544"><ele>178.6</ele><time>2021-09-12T04:31:10Z</time></trkpt>
<trkpt lat="33.0119447" lon="35.1813857"><ele>178.6</ele><time>2021-09-12T04:31:11Z</time></trkpt>
<trkpt lat="33.0119409" lon="35.1814163"><ele>178.6</ele><time>2021-09-12T04:31:12Z</time></trkpt>
<trkpt lat="33.0119375" lon="35.181446"><ele>178.5</ele><time>2021-09-12T04:31:13Z</time></trkpt>
<trkpt lat="33.0119336" lon="35.1814771"><ele>178.5</ele><time>2021-09-12T04:31:14Z</time></trkpt>
<trkpt lat="33.0119299" lon="35.1815052"><ele>178.6</ele><time>2021-09-12T04:31:15Z</time></trkpt>
<trkpt lat="33.0119243" lon="35.181536"><ele>178.5</ele><time>2021-09-12T04:31:16Z</time></trkpt>
<trkpt lat="33.0119155" lon="35.1815652"><ele>178.5</ele><time>2021-09-12T04:31:17Z</time></trkpt>
<trkpt lat="33.0119123" lon="35.181597"><ele>178.6</ele><time>2021-09-12T04:31:18Z</time></trkpt>
<trkpt lat="33.0119072" lon="35.1816286"><ele>178.8</ele><time>2021-09-12T04:31:19Z</time></trkpt>
<trkpt lat="33.0118995" lon="35.1816578"><ele>178.5</ele><time>2021-09-12T04:31:20Z</time></trkpt>
<trkpt lat="33.01189" lon="35.1816898"><ele>178.8</ele><time>2021-09-12T04:31:21Z</time></trkpt>
<trkpt lat="33.0118823" lon="35.181723"><ele>178.6</ele><time>2021-09-12T04:31:22Z</time></trkpt>
<trkpt lat="33.011871" lon="35.1817513"><ele>179.1</ele><time>2021-09-12T04:31:23Z</time></trkpt>
<trkpt lat="33.0118591" lon="35.1817813"><ele>179.2</ele><time>2021-09-12T04:31:24Z</time></trkpt>
<trkpt lat="33.0118483" lon="35.1818138"><ele>179.1</ele><time>2021-09-12T04:31:25Z</time></trkpt>
<trkpt lat="33.0118353" lon="35.1818437"><ele>179.2</ele><time>2021-09-12T04:31:26Z</time></trkpt>
<trkpt lat="33.0118239" lon="35.1818706"><ele>179.4</ele><time>2021-09-12T04:31:27Z</time></trkpt>
<trkpt lat="33.0118119" lon="35.1818975"><ele>179.2</ele><time>2021-09-12T04:31:28Z</time></trkpt>
<trkpt lat="33.0117974" lon="35.1819278"><ele>179.3</ele><time>2021-09-12T04:31:29Z</time></trkpt>
<trkpt lat="33.0117805" lon="35.1819538"><ele>179.4</ele><time>2021-09-12T04:31:30Z</time></trkpt>
<trkpt lat="33.0117682" lon="35.1819825"><ele>179.6</ele><time>2021-09-12T04:31:31Z</time></trkpt>
<trkpt lat="33.0117516" lon="35.1820077"><ele>179.7</ele><time>2021-09-12T04:31:32Z</time></trkpt>
<trkpt lat="33.0117391" lon="35.1820314"><ele>179.9</ele><time>2021-09-12T04:31:33Z</time></trkpt>
<trkpt lat="33.0117259" lon="35.1820553"><ele>180.2</ele><time>2021-09-12T04:31:34Z</time></trkpt>
<trkpt lat="33.0117106" lon="35.1820835"><ele>180.6</ele><time>2021-09-12T04:31:35Z</time></trkpt>
<trkpt lat="33.011695" lon="35.1821131"><ele>180.6</ele><time>2021-09-12T04:31:36Z</time></trkpt>
<trkpt lat="33.0116837" lon="35.1821376"><ele>180.8</ele><time>2021-09-12T04:31:37Z</time></trkpt>
<trkpt lat="33.0116737" lon="35.1821614"><ele>181.0</ele><time>2021-09-12T04:31:38Z</time></trkpt>
<trkpt lat="33.0116638" lon="35.1821884"><ele>181.3</ele><time>2021-09-12T04:31:39Z</time></trkpt>
<trkpt lat="33.0116477" lon="35.1822108"><ele>181.5</ele><time>2021-09-12T04:31:40Z</time></trkpt>
<trkpt lat="33.0116345" lon="35.1822354"><ele>181.7</ele><time>2021-09-12T04:31:41Z</time></trkpt>
<trkpt lat="33.0116225" lon="35.1822621"><ele>182.0</ele><time>2021-09-12T04:31:42Z</time></trkpt>
<trkpt lat="33.0116103" lon="35.1822894"><ele>182.1</ele><time>2021-09-12T04:31:43Z</time></trkpt>
<trkpt lat="33.0115976" lon="35.1823135"><ele>182.4</ele><time>2021-09-12T04:31:44Z</time></trkpt>
<trkpt lat="33.0115852" lon="35.1823404"><ele>182.4</ele><time>2021-09-12T04:31:45Z</time></trkpt>
<trkpt lat="33.0115723" lon="35.1823661"><ele>182.5</ele><time>2021-09-12T04:31:46Z</time></trkpt>
<trkpt lat="33.0115615" lon="35.1823959"><ele>182.9</ele><time>2021-09-12T04:31:47Z</time></trkpt>
<trkpt lat="33.0115517" lon="35.1824211"><ele>183.1</ele><time>2021-09-12T04:31:48Z</time></trkpt>
<trkpt lat="33.0115377" lon="35.1824447"><ele>183.2</ele><time>2021-09-12T04:31:49Z</time></trkpt>
<trkpt lat="33.011523" lon="35.1824661"><ele>183.3</ele><time>2021-09-12T04:31:50Z</time></trkpt>
<trkpt lat="33.011515" lon="35.1824915"><ele>183.4</ele><time>2021-09-12T04:31:51Z</time></trkpt>
<trkpt lat="33.0115055" lon="35.1825131"><ele>183.6</ele><time>2021-09-12T04:31:52Z</time></trkpt>
<trkpt lat="33.0114965" lon="35.1825412"><ele>184.1</ele><time>2021-09-12T04:31:53Z</time></trkpt>
<trkpt lat="33.0114842" lon="35.1825645"><ele>184.1</ele><time>2021-09-12T04:31:54Z</time></trkpt>
<trkpt lat="33.0114698" lon="35.1825838"><ele>184.2</ele><time>2021-09-12T04:31:55Z</time></trkpt>
<trkpt lat="33.0114575" lon="35.1826062"><ele>184.1</ele><time>2021-09-12T04:31:56Z</time></trkpt>
<trkpt lat="33.0114442" lon="35.1826319"><ele>184.1</ele><time>2021-09-12T04:31:57Z</time></trkpt>
<trkpt lat="33.0114299" lon="35.182654"><ele>184.5</ele><time>2021-09-12T04:31:58Z</time></trkpt>
<trkpt lat="33.0114222" lon="35.1826803"><ele>184.4</ele><time>2021-09-12T04:31:59Z</time></trkpt>
<trkpt lat="33.0114096" lon="35.1827056"><ele>184.6</ele><time>2021-09-12T04:32:00Z</time></trkpt>
<trkpt lat="33.0113964" lon="35.1827295"><ele>184.5</ele><time>2021-09-12T04:32:01Z</time></trkpt>
<trkpt lat="33.0113879" lon="35.1827606"><ele>184.7</ele><time>2021-09-12T04:32:02Z</time></trkpt>
<trkpt lat="33.011371" lon="35.1827818"><ele>185.0</ele><time>2021-09-12T04:32:03Z</time></trkpt>
<trkpt lat="33.0113582" lon="35.1828119"><ele>184.8</ele><time>2021-09-12T04:32:04Z</time></trkpt>
<trkpt lat="33.0113444" lon="35.182839"><ele>184.6</ele><time>2021-09-12T04:32:05Z</time></trkpt>
<trkpt lat="33.0113369" lon="35.1828686"><ele>185.2</ele><time>2021-09-12T04:32:06Z</time></trkpt>
<trkpt lat="33.0113236" lon="35.1829002"><ele>185.5</ele><time>2021-09-12T04:32:07Z</time></trkpt>
<trkpt lat="33.0113093" lon="35.1829352"><ele>185.7</ele><time>2021-09-12T04:32:08Z</time></trkpt>
<trkpt lat="33.0112999" lon="35.1829621"><ele>185.8</ele><time>2021-09-12T04:32:09Z</time></trkpt>
<trkpt lat="33.0112882" lon="35.1829936"><ele>185.8</ele><time>2021-09-12T04:32:10Z</time></trkpt>
<trkpt lat="33.0112695" lon="35.1830284"><ele>185.8</ele><time>2021-09-12T04:32:11Z</time></trkpt>
<trkpt lat="33.0112558" lon="35.1830591"><ele>186.1</ele><time>2021-09-12T04:32:12Z</time></trkpt>
<trkpt lat="33.0112324" lon="35.1830875"><ele>185.8</ele><time>2021-09-12T04:32:13Z</time></trkpt>
<trkpt lat="33.0112173" lon="35.1831172"><ele>185.8</ele><time>2021-09-12T04:32:14Z</time></trkpt>
<trkpt lat="33.0112026" lon="35.1831484"><ele>186.4</ele><time>2021-09-12T04:32:15Z</time></trkpt>
<trkpt lat="33.0111786" lon="35.1831731"><ele>186.2</ele><time>2021-09-12T04:32:16Z</time></trkpt>
<trkpt lat="33.0111616" lon="35.1832067"><ele>186.1</ele><time>2021-09-12T04:32:17Z</time></trkpt>
<trkpt lat="33.0111481" lon="35.183238"><ele>186.4</ele><time>2021-09-12T04:32:18Z</time></trkpt>
<trkpt lat="33.011129" lon="35.1832725"><ele>186.2</ele><time>2021-09-12T04:32:19Z</time></trkpt>
<trkpt lat="33.0111119" lon="35.1832987"><ele>186.1</ele><time>2021-09-12T04:32:20Z</time></trkpt>
<trkpt lat="33.0110939" lon="35.1833299"><ele>185.8</ele><time>2021-09-12T04:32:21Z</time></trkpt>
<trkpt lat="33.0110733" lon="35.1833603"><ele>186.6</ele><time>2021-09-12T04:32:22Z</time></trkpt>
<trkpt lat="33.0110554" lon="35.1833919"><ele>186.2</ele><time>2021-09-12T04:32:23Z</time></trkpt>
<trkpt lat="33.0110364" lon="35.1834241"><ele>186.0</ele><time>2021-09-12T04:32:24Z</time></trkpt>
<trkpt lat="33.0110169" lon="35.1834539"><ele>185.9</ele><time>2021-09-12T04:32:25Z</time></trkpt>
<trkpt lat="33.0110017" lon="35.1834847"><ele>185.6</ele><time>2021-09-12T04:32:26Z</time></trkpt>
<trkpt lat="33.0109815" lon="35.1835187"><ele>186.0</ele><time>2021-09-12T04:32:27Z</time></trkpt>
<trkpt lat="33.0109694" lon="35.1835481"><ele>185.8</ele><time>2021-09-12T04:32:28Z</time></trkpt>
<trkpt lat="33.0109579" lon="35.183584"><ele>186.1</ele><time>2021-09-12T04:32:29Z</time></trkpt>
<trkpt lat="33.0109437" lon="35.1836238"><ele>185.2</ele><time>2021-09-12T04:32:30Z</time></trkpt>
<trkpt lat="33.0109207" lon="35.1836594"><ele>185.2</ele><time>2021-09-12T04:32:31Z</time></trkpt>
<trkpt lat="33.0109067" lon="35.1836988"><ele>185.5</ele><time>2021-09-12T04:32:32Z</time></trkpt>
<trkpt lat="33.0108924" lon="35.1837377"><ele>185.6</ele><time>2021-09-12T04:32:33Z</time></trkpt>
<trkpt lat="33.0108782" lon="35.1837709"><ele>186.2</ele><time>2021-09-12T04:32:34Z</time></trkpt>
<trkpt lat="33.0108546" lon="35.1838077"><ele>186.4</ele><time>2021-09-12T04:32:35Z</time></trkpt>
<trkpt lat="33.0108436" lon="35.1838493"><ele>186.3</ele><time>2021-09-12T04:32:36Z</time></trkpt>
<trkpt lat="33.010828" lon="35.1838877"><ele>186.5</ele><time>2021-09-12T04:32:37Z</time></trkpt>
<trkpt lat="33.0108099" lon="35.1839265"><ele>186.7</ele><time>2021-09-12T04:32:38Z</time></trkpt>
<trkpt lat="33.0107963" lon="35.1839623"><ele>187.4</ele><time>2021-09-12T04:32:39Z</time></trkpt>
<trkpt lat="33.010781" lon="35.1840014"><ele>187.5</ele><time>2021-09-12T04:32:40Z</time></trkpt>
<trkpt lat="33.0107674" lon="35.1840438"><ele>187.3</ele><time>2021-09-12T04:32:41Z</time></trkpt>
<trkpt lat="33.0107413" lon="35.1840779"><ele>187.4</ele><time>2021-09-12T04:32:42Z</time></trkpt>
<trkpt lat="33.0107176" lon="35.1841142"><ele>187.5</ele><time>2021-09-12T04:32:43Z</time></trkpt>
<trkpt lat="33.0107065" lon="35.1841512"><ele>187.8</ele><time>2021-09-12T04:32:44Z</time></trkpt>
<trkpt lat="33.0106907" lon="35.1841907"><ele>187.5</ele><time>2021-09-12T04:32:45Z</time></trkpt>
<trkpt lat="33.0106755" lon="35.1842185"><ele>188.0</ele><time>2021-09-12T04:32:46Z</time></trkpt>
<trkpt lat="33.0106634" lon="35.1842627"><ele>187.8</ele><time>2021-09-12T04:32:47Z</time></trkpt>
<trkpt lat="33.0106407" lon="35.1843068"><ele>187.9</ele><time>2021-09-12T04:32:48Z</time></trkpt>
<trkpt lat="33.0106223" lon="35.1843472"><ele>187.7</ele><time>2021-09-12T04:32:49Z</time></trkpt>
<trkpt lat="33.0106079" lon="35.1843841"><ele>187.8</ele><time>2021-09-12T04:32:50Z</time></trkpt>
<trkpt lat="33.0105933" lon="35.1844228"><ele>187.5</ele><time>2021-09-12T04:32:51Z</time></trkpt>
<trkpt lat="33.0105731" lon="35.1844598"><ele>187.3</ele><time>2021-09-12T04:32:52Z</time></trkpt>
<trkpt lat="33.0105562" lon="35.1844988"><ele>187.1</ele><time>2021-09-12T04:32:53Z</time></trkpt>
<trkpt lat="33.0105419" lon="35.1845338"><ele>187.0</ele><time>2021-09-12T04:32:54Z</time></trkpt>
<trkpt lat="33.0105285" lon="35.1845766"><ele>186.8</ele><time>2021-09-12T04:32:55Z</time></trkpt>
<trkpt lat="33.0105133" lon="35.1846162"><ele>186.9</ele><time>2021-09-12T04:32:56Z</time></trkpt>
<trkpt lat="33.0104906" lon="35.1846622"><ele>186.7</ele><time>2021-09-12T04:32:57Z</time></trkpt>
<trkpt lat="33.0104687" lon="35.1847008"><ele>187.6</ele><time>2021-09-12T04:32:58Z</time></trkpt>
<trkpt lat="33.0104504" lon="35.1847461"><ele>186.6</ele><time>2021-09-12T04:32:59Z</time></trkpt>
<trkpt lat="33.0104348" lon="35.1847793"><ele>186.5</ele><time>2021-09-12T04:33:00Z</time></trkpt>
<trkpt lat="33.0104106" lon="35.1848157"><ele>186.7</ele><time>2021-09-12T04:33:01Z</time></trkpt>
<trkpt lat="33.0103909" lon="35.184846"><ele>187.9</ele><time>2021-09-12T04:33:02Z</time></trkpt>
<trkpt lat="33.0103749" lon="35.1848791"><ele>187.6</ele><time>2021-09-12T04:33:03Z</time></trkpt>
<trkpt lat="33.0103646" lon="35.1849158"><ele>187.9</ele><time>2021-09-12T04:33:04Z</time></trkpt>
<trkpt lat="33.010349" lon="35.1849475"><ele>188.2</ele><time>2021-09-12T04:33:05Z</time></trkpt>
<trkpt lat="33.0103307" lon="35.1849805"><ele>188.2</ele><time>2021-09-12T04:33:06Z</time></trkpt>
<trkpt lat="33.0103166" lon="35.1850165"><ele>188.5</ele><time>2021-09-12T04:33:07Z</time></trkpt>
<trkpt lat="33.0102947" lon="35.1850487"><ele>188.6</ele><time>2021-09-12T04:33:08Z</time></trkpt>
<trkpt lat="33.0102833" lon="35.1850742"><ele>188.9</ele><time>2021-09-12T04:33:09Z</time></trkpt>
<trkpt lat="33.0102652" lon="35.1851092"><ele>188.7</ele><time>2021-09-12T04:33:10Z</time></trkpt>
<trkpt lat="33.0102441" lon="35.1851468"><ele>188.7</ele><time>2021-09-12T04:33:11Z</time></trkpt>
<trkpt lat="33.0102297" lon="35.1851789"><ele>189.0</ele><time>2021-09-12T04:33:12Z</time></trkpt>
<trkpt lat="33.0102076" lon="35.1852085"><ele>188.8</ele><time>2021-09-12T04:33:13Z</time></trkpt>
<trkpt lat="33.0101965" lon="35.185239"><ele>189.2</ele><time>2021-09-12T04:33:14Z</time></trkpt>
<trkpt lat="33.0101751" lon="35.1852694"><ele>189.5</ele><time>2021-09-12T04:33:15Z</time></trkpt>
<trkpt lat="33.0101567" lon="35.1852961"><ele>189.3</ele><time>2021-09-12T04:33:16Z</time></trkpt>
<trkpt lat="33.0101388" lon="35.1853259"><ele>189.8</ele><time>2021-09-12T04:33:17Z</time></trkpt>
<trkpt lat="33.0101287" lon="35.1853578"><ele>190.5</ele><time>2021-09-12T04:33:18Z</time></trkpt>
<trkpt lat="33.0101065" lon="35.1853844"><ele>190.4</ele><time>2021-09-12T04:33:19Z</time></trkpt>
<trkpt lat="33.0100926" lon="35.1854131"><ele>190.3</ele><time>2021-09-12T04:33:20Z</time></trkpt>
<trkpt lat="33.0100738" lon="35.1854403"><ele>190.4</ele><time>2021-09-12T04:33:21Z</time></trkpt>
<trkpt lat="33.0100529" lon="35.1854675"><ele>190.3</ele><time>2021-09-12T04:33:22Z</time></trkpt>
<trkpt lat="33.010036" lon="35.1854955"><ele>190.2</ele><time>2021-09-12T04:33:23Z</time></trkpt>
<trkpt lat="33.010019" lon="35.1855255"><ele>190.1</ele><time>2021-09-12T04:33:24Z</time></trkpt>
<trkpt lat="33.0100046" lon="35.1855587"><ele>190.0</ele><time>2021-09-12T04:33:25Z</time></trkpt>
<trkpt lat="33.0099844" lon="35.1855862"><ele>190.2</ele><time>2021-09-12T04:33:26Z</time></trkpt>
<trkpt lat="33.0099647" lon="35.1856142"><ele>189.9</ele><time>2021-09-12T04:33:27Z</time></trkpt>
<trkpt lat="33.0099447" lon="35.185641"><ele>190.1</ele><time>2021-09-12T04:33:28Z</time></trkpt>
<trkpt lat="33.009923" lon="35.1856653"><ele>190.0</ele><time>2021-09-12T04:33:29Z</time></trkpt>
<trkpt lat="33.0099044" lon="35.1856886"><ele>190.1</ele><time>2021-09-12T04:33:30Z</time></trkpt>
<trkpt lat="33.0098898" lon="35.1857135"><ele>190.2</ele><time>2021-09-12T04:33:31Z</time></trkpt>
<trkpt lat="33.0098734" lon="35.1857385"><ele>190.6</ele><time>2021-09-12T04:33:32Z</time></trkpt>
<trkpt lat="33.0098569" lon="35.1857598"><ele>190.6</ele><time>2021-09-12T04:33:33Z</time></trkpt>
<trkpt lat="33.0098352" lon="35.1857772"><ele>190.9</ele><time>2021-09-12T04:33:34Z</time></trkpt>
<trkpt lat="33.0098177" lon="35.1857931"><ele>191.0</ele><time>2021-09-12T04:33:35Z</time></trkpt>
<trkpt lat="33.009799" lon="35.1858089"><ele>191.3</ele><time>2021-09-12T04:33:36Z</time></trkpt>
<trkpt lat="33.0097815" lon="35.1858233"><ele>191.3</ele><time>2021-09-12T04:33:37Z</time></trkpt>
<trkpt lat="33.0097712" lon="35.18584"><ele>191.4</ele><time>2021-09-12T04:33:38Z</time></trkpt>
<trkpt lat="33.0097594" lon="35.1858543"><ele>191.7</ele><time>2021-09-12T04:33:39Z</time></trkpt>
<trkpt lat="33.009746" lon="35.1858719"><ele>191.6</ele><time>2021-09-12T04:33:40Z</time></trkpt>
<trkpt lat="33.0097309" lon="35.185889"><ele>191.8</ele><time>2021-09-12T04:33:41Z</time></trkpt>
<trkpt lat="33.0097213" lon="35.1859017"><ele>192.0</ele><time>2021-09-12T04:33:42Z</time></trkpt>
<trkpt lat="33.0097077" lon="35.1859167"><ele>192.1</ele><time>2021-09-12T04:33:43Z</time></trkpt>
<trkpt lat="33.0096954" lon="35.1859357"><ele>192.6</ele><time>2021-09-12T04:33:44Z</time></trkpt>
<trkpt lat="33.0096846" lon="35.1859507"><ele>192.8</ele><time>2021-09-12T04:33:45Z</time></trkpt>
<trkpt lat="33.0096757" lon="35.1859681"><ele>193.1</ele><time>2021-09-12T04:33:46Z</time></trkpt>
<trkpt lat="33.0096598" lon="35.1859867"><ele>193.3</ele><time>2021-09-12T04:33:47Z</time></trkpt>
<trkpt lat="33.0096528" lon="35.1860032"><ele>193.8</ele><time>2021-09-12T04:33:48Z</time></trkpt>
<trkpt lat="33.0096421" lon="35.186029"><ele>194.6</ele><time>2021-09-12T04:33:49Z</time></trkpt>
<trkpt lat="33.0096313" lon="35.1860441"><ele>194.7</ele><time>2021-09-12T04:33:50Z</time></trkpt>
<trkpt lat="33.0096168" lon="35.1860629"><ele>195.2</ele><time>2021-09-12T04:33:51Z</time></trkpt>
<trkpt lat="33.0096054" lon="35.1860766"><ele>195.1</ele><time>2021-09-12T04:33:52Z</time></trkpt>
<trkpt lat="33.0095966" lon="35.1860938"><ele>195.3</ele><time>2021-09-12T04:33:53Z</time></trkpt>
<trkpt lat="33.0095871" lon="35.1861089"><ele>195.2</ele><time>2021-09-12T04:33:54Z</time></trkpt>
<trkpt lat="33.0095737" lon="35.1861245"><ele>195.5</ele><time>2021-09-12T04:33:55Z</time></trkpt>
<trkpt lat="33.0095631" lon="35.1861404"><ele>195.7</ele><time>2021-09-12T04:33:56Z</time></trkpt>
<trkpt lat="33.0095567" lon="35.1861562"><ele>196.0</ele><time>2021-09-12T04:33:57Z</time></trkpt>
<trkpt lat="33.009547" lon="35.1861792"><ele>196.0</ele><time>2021-09-12T04:33:58Z</time></trkpt>
<trkpt lat="33.0095331" lon="35.1861978"><ele>196.3</ele><time>2021-09-12T04:33:59Z</time></trkpt>
<trkpt lat="33.0095207" lon="35.186214"><ele>196.9</ele><time>2021-09-12T04:34:00Z</time></trkpt>
<trkpt lat="33.0095044" lon="35.1862269"><ele>197.0</ele><time>2021-09-12T04:34:01Z</time></trkpt>
<trkpt lat="33.0094961" lon="35.1862428"><ele>197.1</ele><time>2021-09-12T04:34:02Z</time></trkpt>
<trkpt lat="33.0094855" lon="35.1862612"><ele>197.2</ele><time>2021-09-12T04:34:03Z</time></trkpt>
<trkpt lat="33.0094735" lon="35.1862795"><ele>198.2</ele><time>2021-09-12T04:34:04Z</time></trkpt>
<trkpt lat="33.0094675" lon="35.1862943"><ele>197.8</ele><time>2021-09-12T04:34:05Z</time></trkpt>
<trkpt lat="33.0094562" lon="35.1863077"><ele>197.9</ele><time>2021-09-12T04:34:06Z</time></trkpt>
<trkpt lat="33.0094477" lon="35.186327"><ele>198.1</ele><time>2021-09-12T04:34:07Z</time></trkpt>
<trkpt lat="33.0094397" lon="35.1863457"><ele>198.2</ele><time>2021-09-12T04:34:08Z</time></trkpt>
<trkpt lat="33.0094294" lon="35.186361"><ele>198.3</ele><time>2021-09-12T04:34:09Z</time></trkpt>
<trkpt lat="33.0094208" lon="35.1863775"><ele>198.3</ele><time>2021-09-12T04:34:10Z</time></trkpt>
<trkpt lat="33.0094094" lon="35.186395"><ele>198.5</ele><time>2021-09-12T04:34:11Z</time></trkpt>
<trkpt lat="33.0093995" lon="35.1864088"><ele>198.4</ele><time>2021-09-12T04:34:12Z</time></trkpt>
<trkpt lat="33.0093918" lon="35.1864258"><ele>198.7</ele><time>2021-09-12T04:34:13Z</time></trkpt>
<trkpt lat="33.009382" lon="35.1864418"><ele>198.7</ele><time>2021-09-12T04:34:14Z</time></trkpt>
<trkpt lat="33.0093765" lon="35.1864573"><ele>198.7</ele><time>2021-09-12T04:34:15Z</time></trkpt>
<trkpt lat="33.009369" lon="35.1864733"><ele>199.0</ele><time>2021-09-12T04:34:16Z</time></trkpt>
<trkpt lat="33.0093589" lon="35.1864916"><ele>199.2</ele><time>2021-09-12T04:34:17Z</time></trkpt>
<trkpt lat="33.0093511" lon="35.1865088"><ele>199.3</ele><time>2021-09-12T04:34:18Z</time></trkpt>
<trkpt lat="33.0093426" lon="35.1865228"><ele>199.2</ele><time>2021-09-12T04:34:19Z</time></trkpt>
<trkpt lat="33.0093337" lon="35.1865405"><ele>199.4</ele><time>2021-09-12T04:34:20Z</time></trkpt>
<trkpt lat="33.0093266" lon="35.1865566"><ele>199.6</ele><time>2021-09-12T04:34:21Z</time></trkpt>
<trkpt lat="33.0093222" lon="35.186576"><ele>199.8</ele><time>2021-09-12T04:34:22Z</time></trkpt>
<trkpt lat="33.0093199" lon="35.186594"><ele>200.1</ele><time>2021-09-12T04:34:23Z</time></trkpt>
<trkpt lat="33.0093156" lon="35.1866104"><ele>200.3</ele><time>2021-09-12T04:34:24Z</time></trkpt>
<trkpt lat="33.0093087" lon="35.1866266"><ele>200.3</ele><time>2021-09-12T04:34:25Z</time></trkpt>
<trkpt lat="33.0093034" lon="35.186646"><ele>200.7</ele><time>2021-09-12T04:34:26Z</time></trkpt>
<trkpt lat="33.0092995" lon="35.1866622"><ele>200.9</ele><time>2021-09-12T04:34:27Z</time></trkpt>
<trkpt lat="33.0092906" lon="35.1866778"><ele>201.5</ele><time>2021-09-12T04:34:28Z</time></trkpt>
<trkpt lat="33.0092838" lon="35.1866973"><ele>201.4</ele><time>2021-09-12T04:34:29Z</time></trkpt>
<trkpt lat="33.0092778" lon="35.1867172"><ele>201.4</ele><time>2021-09-12T04:34:30Z</time></trkpt>
<trkpt lat="33.0092751" lon="35.1867345"><ele>201.9</ele><time>2021-09-12T04:34:31Z</time></trkpt>
<trkpt lat="33.0092698" lon="35.1867551"><ele>202.1</ele><time>2021-09-12T04:34:32Z</time></trkpt>
<trkpt lat="33.0092638" lon="35.1867723"><ele>202.1</ele><time>2021-09-12T04:34:33Z</time></trkpt>
<trkpt lat="33.0092571" lon="35.1867931"><ele>202.7</ele><time>2021-09-12T04:34:34Z</time></trkpt>
<trkpt lat="33.0092512" lon="35.1868093"><ele>202.6</ele><time>2021-09-12T04:34:35Z</time></trkpt>
<trkpt lat="33.0092492" lon="35.1868305"><ele>203.0</ele><time>2021-09-12T04:34:36Z</time></trkpt>
<trkpt lat="33.0092442" lon="35.1868518"><ele>203.3</ele><time>2021-09-12T04:34:37Z</time></trkpt>
<trkpt lat="33.0092389" lon="35.1868659"><ele>203.6</ele><time>2021-09-12T04:34:38Z</time></trkpt>
<trkpt lat="33.009236" lon="35.1868838"><ele>203.6</ele><time>2021-09-12T04:34:39Z</time></trkpt>
<trkpt lat="33.0092367" lon="35.1868977"><ele>204.0</ele><time>2021-09-12T04:34:40Z</time></trkpt>
<trkpt lat="33.0092334" lon="35.1869128"><ele>204.3</ele><time>2021-09-12T04:34:41Z</time></trkpt>
<trkpt lat="33.0092298" lon="35.1869288"><ele>204.2</ele><time>2021-09-12T04:34:42Z</time></trkpt>
<trkpt lat="33.0092339" lon="35.1869505"><ele>204.6</ele><time>2021-09-12T04:34:43Z</time></trkpt>
<trkpt lat="33.0092343" lon="35.1869647"><ele>205.1</ele><time>2021-09-12T04:34:44Z</time></trkpt>
<trkpt lat="33.0092268" lon="35.1869851"><ele>205.0</ele><time>2021-09-12T04:34:45Z</time></trkpt>
<trkpt lat="33.0092229" lon="35.1870041"><ele>205.0</ele><time>2021-09-12T04:34:46Z</time></trkpt>
<trkpt lat="33.0092133" lon="35.1870212"><ele>205.2</ele><time>2021-09-12T04:34:47Z</time></trkpt>
<trkpt lat="33.0092079" lon="35.1870388"><ele>204.7</ele><time>2021-09-12T04:34:48Z</time></trkpt>
<trkpt lat="33.0092111" lon="35.1870586"><ele>205.2</ele><time>2021-09-12T04:34:49Z</time></trkpt>
<trkpt lat="33.0092078" lon="35.187079"><ele>205.5</ele><time>2021-09-12T04:34:50Z</time></trkpt>
<trkpt lat="33.0092058" lon="35.1870949"><ele>205.5</ele><time>2021-09-12T04:34:51Z</time></trkpt>
<trkpt lat="33.0092026" lon="35.1871162"><ele>205.5</ele><time>2021-09-12T04:34:52Z</time></trkpt>
<trkpt lat="33.0092035" lon="35.1871363"><ele>205.9</ele><time>2021-09-12T04:34:53Z</time></trkpt>
<trkpt lat="33.009203" lon="35.1871524"><ele>206.1</ele><time>2021-09-12T04:34:54Z</time></trkpt>
<trkpt lat="33.0091971" lon="35.1871697"><ele>206.3</ele><time>2021-09-12T04:34:55Z</time></trkpt>
<trkpt lat="33.0091927" lon="35.187185"><ele>206.2</ele><time>2021-09-12T04:34:56Z</time></trkpt>
<trkpt lat="33.0091869" lon="35.1872032"><ele>206.2</ele><time>2021-09-12T04:34:57Z</time></trkpt>
<trkpt lat="33.0091839" lon="35.1872192"><ele>206.3</ele><time>2021-09-12T04:34:58Z</time></trkpt>
<trkpt lat="33.0091816" lon="35.1872362"><ele>206.4</ele><time>2021-09-12T04:34:59Z</time></trkpt>
<trkpt lat="33.0091785" lon="35.187252"><ele>206.3</ele><time>2021-09-12T04:35:00Z</time></trkpt>
<trkpt lat="33.009178" lon="35.1872685"><ele>206.4</ele><time>2021-09-12T04:35:01Z</time></trkpt>
<trkpt lat="33.0091727" lon="35.1872864"><ele>206.6</ele><time>2021-09-12T04:35:02Z</time></trkpt>
<trkpt lat="33.0091723" lon="35.1873042"><ele>206.9</ele><time>2021-09-12T04:35:03Z</time></trkpt>
<trkpt lat="33.0091684" lon="35.1873227"><ele>206.8</ele><time>2021-09-12T04:35:04Z</time></trkpt>
<trkpt lat="33.0091639" lon="35.1873399"><ele>206.9</ele><time>2021-09-12T04:35:05Z</time></trkpt>
<trkpt lat="33.0091599" lon="35.1873557"><ele>206.9</ele><time>2021-09-12T04:35:06Z</time></trkpt>
<trkpt lat="33.009158" lon="35.1873727"><ele>207.0</ele><time>2021-09-12T04:35:07Z</time></trkpt>
<trkpt lat="33.0091537" lon="35.1873914"><ele>207.2</ele><time>2021-09-12T04:35:08Z</time></trkpt>
<trkpt lat="33.0091506" lon="35.1874081"><ele>207.2</ele><time>2021-09-12T04:35:09Z</time></trkpt>
<trkpt lat="33.0091503" lon="35.1874242"><ele>207.7</ele><time>2021-09-12T04:35:10Z</time></trkpt>
<trkpt lat="33.0091526" lon="35.1874464"><ele>207.6</ele><time>2021-09-12T04:35:11Z</time></trkpt>
<trkpt lat="33.0091513" lon="35.1874683"><ele>207.7</ele><time>2021-09-12T04:35:12Z</time></trkpt>
<trkpt lat="33.0091447" lon="35.1874829"><ele>207.5</ele><time>2021-09-12T04:35:13Z</time></trkpt>
<trkpt lat="33.0091404" lon="35.1875004"><ele>207.7</ele><time>2021-09-12T04:35:14Z</time></trkpt>
<trkpt lat="33.0091372" lon="35.1875205"><ele>207.7</ele><time>2021-09-12T04:35:15Z</time></trkpt>
<trkpt lat="33.0091316" lon="35.1875384"><ele>207.5</ele><time>2021-09-12T04:35:16Z</time></trkpt>
<trkpt lat="33.0091306" lon="35.1875558"><ele>207.7</ele><time>2021-09-12T04:35:17Z</time></trkpt>
<trkpt lat="33.009127" lon="35.1875743"><ele>207.7</ele><time>2021-09-12T04:35:18Z</time></trkpt>
<trkpt lat="33.009121" lon="35.1875905"><ele>208.1</ele><time>2021-09-12T04:35:19Z</time></trkpt>
<trkpt lat="33.0091164" lon="35.1876078"><ele>208.3</ele><time>2021-09-12T04:35:20Z</time></trkpt>
<trkpt lat="33.0091173" lon="35.1876253"><ele>208.7</ele><time>2021-09-12T04:35:21Z</time></trkpt>
<trkpt lat="33.0091133" lon="35.1876447"><ele>208.8</ele><time>2021-09-12T04:35:22Z</time></trkpt>
<trkpt lat="33.0091108" lon="35.1876612"><ele>209.1</ele><time>2021-09-12T04:35:23Z</time></trkpt>
<trkpt lat="33.0091037" lon="35.1876777"><ele>208.8</ele><time>2021-09-12T04:35:24Z</time></trkpt>
<trkpt lat="33.0091014" lon="35.1876978"><ele>209.1</ele><time>2021-09-12T04:35:25Z</time></trkpt>
<trkpt lat="33.0090999" lon="35.1877152"><ele>209.5</ele><time>2021-09-12T04:35:26Z</time></trkpt>
<trkpt lat="33.0091005" lon="35.1877326"><ele>209.9</ele><time>2021-09-12T04:35:27Z</time></trkpt>
<trkpt lat="33.0090965" lon="35.1877502"><ele>210.0</ele><time>2021-09-12T04:35:28Z</time></trkpt>
<trkpt lat="33.0090919" lon="35.1877684"><ele>210.0</ele><time>2021-09-12T04:35:29Z</time></trkpt>
<trkpt lat="33.0090899" lon="35.1877861"><ele>210.3</ele><time>2021-09-12T04:35:30Z</time></trkpt>
<trkpt lat="33.009087" lon="35.1878059"><ele>210.5</ele><time>2021-09-12T04:35:31Z</time></trkpt>
<trkpt lat="33.0090852" lon="35.1878257"><ele>210.6</ele><time>2021-09-12T04:35:32Z</time></trkpt>
<trkpt lat="33.0090845" lon="35.1878433"><ele>211.0</ele><time>2021-09-12T04:35:33Z</time></trkpt>
<trkpt lat="33.0090796" lon="35.1878604"><ele>211.2</ele><time>2021-09-12T04:35:34Z</time></trkpt>
<trkpt lat="33.0090775" lon="35.1878776"><ele>211.6</ele><time>2021-09-12T04:35:35Z</time></trkpt>
<trkpt lat="33.0090776" lon="35.1878966"><ele>211.6</ele><time>2021-09-12T04:35:36Z</time></trkpt>
<trkpt lat="33.0090749" lon="35.187914"><ele>212.1</ele><time>2021-09-12T04:35:37Z</time></trkpt>
<trkpt lat="33.009076" lon="35.1879321"><ele>212.2</ele><time>2021-09-12T04:35:38Z</time></trkpt>
<trkpt lat="33.0090735" lon="35.1879493"><ele>212.5</ele><time>2021-09-12T04:35:39Z</time></trkpt>
<trkpt lat="33.0090727" lon="35.1879665"><ele>212.8</ele><time>2021-09-12T04:35:40Z</time></trkpt>
<trkpt lat="33.0090697" lon="35.1879881"><ele>212.8</ele><time>2021-09-12T04:35:41Z</time></trkpt>
<trkpt lat="33.0090657" lon="35.1880062"><ele>213.1</ele><time>2021-09-12T04:35:42Z</time></trkpt>
<trkpt lat="33.0090639" lon="35.1880234"><ele>213.0</ele><time>2021-09-12T04:35:43Z</time></trkpt>
<trkpt lat="33.0090565" lon="35.1880427"><ele>213.1</ele><time>2021-09-12T04:35:44Z</time></trkpt>
<trkpt lat="33.0090549" lon="35.1880602"><ele>214.0</ele><time>2021-09-12T04:35:45Z</time></trkpt>
<trkpt lat="33.0090499" lon="35.1880808"><ele>213.6</ele><time>2021-09-12T04:35:46Z</time></trkpt>
<trkpt lat="33.0090396" lon="35.1880934"><ele>214.0</ele><time>2021-09-12T04:35:47Z</time></trkpt>
<trkpt lat="33.0090357" lon="35.1881177"><ele>214.2</ele><time>2021-09-12T04:35:48Z</time></trkpt>
<trkpt lat="33.0090302" lon="35.188137"><ele>214.7</ele><time>2021-09-12T04:35:49Z</time></trkpt>
<trkpt lat="33.0090262" lon="35.1881544"><ele>215.0</ele><time>2021-09-12T04:35:50Z</time></trkpt>
<trkpt lat="33.0090238" lon="35.1881711"><ele>215.2</ele><time>2021-09-12T04:35:51Z</time></trkpt>
<trkpt lat="33.0090221" lon="35.1881887"><ele>215.6</ele><time>2021-09-12T04:35:52Z</time></trkpt>
<trkpt lat="33.0090187" lon="35.188208"><ele>215.0</ele><time>2021-09-12T04:35:53Z</time></trkpt>
<trkpt lat="33.0090135" lon="35.1882251"><ele>215.6</ele><time>2021-09-12T04:35:54Z</time></trkpt>
<trkpt lat="33.0090094" lon="35.1882434"><ele>215.4</ele><time>2021-09-12T04:35:55Z</time></trkpt>
<trkpt lat="33.0090058" lon="35.1882594"><ele>215.7</ele><time>2021-09-12T04:35:56Z</time></trkpt>
<trkpt lat="33.0090041" lon="35.1882789"><ele>215.5</ele><time>2021-09-12T04:35:57Z</time></trkpt>
<trkpt lat="33.0089982" lon="35.1882979"><ele>215.6</ele><time>2021-09-12T04:35:58Z</time></trkpt>
<trkpt lat="33.0089947" lon="35.1883143"><ele>216.2</ele><time>2021-09-12T04:35:59Z</time></trkpt>
<trkpt lat="33.008989" lon="35.1883327"><ele>215.9</ele><time>2021-09-12T04:36:00Z</time></trkpt>
<trkpt lat="33.0089863" lon="35.1883471"><ele>216.4</ele><time>2021-09-12T04:36:01Z</time></trkpt>
<trkpt lat="33.0089796" lon="35.1883663"><ele>215.9</ele><time>2021-09-12T04:36:02Z</time></trkpt>
<trkpt lat="33.0089757" lon="35.1883837"><ele>216.2</ele><time>2021-09-12T04:36:03Z</time></trkpt>
<trkpt lat="33.0089733" lon="35.1884022"><ele>216.6</ele><time>2021-09-12T04:36:04Z</time></trkpt>
<trkpt lat="33.0089716" lon="35.188422"><ele>216.8</ele><time>2021-09-12T04:36:05Z</time></trkpt>
<trkpt lat="33.0089671" lon="35.1884384"><ele>216.8</ele><time>2021-09-12T04:36:06Z</time></trkpt>
<trkpt lat="33.0089635" lon="35.1884565"><ele>216.9</ele><time>2021-09-12T04:36:07Z</time></trkpt>
<trkpt lat="33.0089593" lon="35.1884763"><ele>217.2</ele><time>2021-09-12T04:36:08Z</time></trkpt>
<trkpt lat="33.0089551" lon="35.1884945"><ele>217.3</ele><time>2021-09-12T04:36:09Z</time></trkpt>
<trkpt lat="33.0089509" lon="35.1885128"><ele>217.3</ele><time>2021-09-12T04:36:10Z</time></trkpt>
<trkpt lat="33.0089435" lon="35.1885288"><ele>217.3</ele><time>2021-09-12T04:36:11Z</time></trkpt>
<trkpt lat="33.0089402" lon="35.1885466"><ele>217.4</ele><time>2021-09-12T04:36:12Z</time></trkpt>
<trkpt lat="33.008936" lon="35.1885654"><ele>218.1</ele><time>2021-09-12T04:36:13Z</time></trkpt>
<trkpt lat="33.0089271" lon="35.1885843"><ele>217.2</ele><time>2021-09-12T04:36:14Z</time></trkpt>
<trkpt lat="33.0089251" lon="35.1886033"><ele>217.6</ele><time>2021-09-12T04:36:15Z</time></trkpt>
<trkpt lat="33.0089213" lon="35.1886225"><ele>218.0</ele><time>2021-09-12T04:36:16Z</time></trkpt>
<trkpt lat="33.0089183" lon="35.1886401"><ele>218.2</ele><time>2021-09-12T04:36:17Z</time></trkpt>
<trkpt lat="33.0089166" lon="35.1886602"><ele>218.4</ele><time>2021-09-12T04:36:18Z</time></trkpt>
<trkpt lat="33.0089128" lon="35.1886763"><ele>218.7</ele><time>2021-09-12T04:36:19Z</time></trkpt>
<trkpt lat="33.0089075" lon="35.1886884"><ele>218.8</ele><time>2021-09-12T04:36:20Z</time></trkpt>
<trkpt lat="33.0089054" lon="35.1887039"><ele>218.8</ele><time>2021-09-12T04:36:21Z</time></trkpt>
<trkpt lat="33.0089018" lon="35.1887239"><ele>218.9</ele><time>2021-09-12T04:36:22Z</time></trkpt>
<trkpt lat="33.0088965" lon="35.1887411"><ele>219.1</ele><time>2021-09-12T04:36:23Z</time></trkpt>
<trkpt lat="33.0088901" lon="35.1887578"><ele>219.2</ele><time>2021-09-12T04:36:24Z</time></trkpt>
<trkpt lat="33.0088895" lon="35.1887748"><ele>219.4</ele><time>2021-09-12T04:36:25Z</time></trkpt>
<trkpt lat="33.0088831" lon="35.1887918"><ele>219.7</ele><time>2021-09-12T04:36:26Z</time></trkpt>
<trkpt lat="33.0088758" lon="35.1888092"><ele>219.8</ele><time>2021-09-12T04:36:27Z</time></trkpt>
<trkpt lat="33.0088719" lon="35.1888264"><ele>219.9</ele><time>2021-09-12T04:36:28Z</time></trkpt>
<trkpt lat="33.0088673" lon="35.1888433"><ele>220.1</ele><time>2021-09-12T04:36:29Z</time></trkpt>
<trkpt lat="33.0088638" lon="35.1888612"><ele>220.1</ele><time>2021-09-12T04:36:30Z</time></trkpt>
<trkpt lat="33.0088585" lon="35.1888794"><ele>220.1</ele><time>2021-09-12T04:36:31Z</time></trkpt>
<trkpt lat="33.0088595" lon="35.188899"><ele>220.5</ele><time>2021-09-12T04:36:32Z</time></trkpt>
<trkpt lat="33.0088569" lon="35.1889183"><ele>220.7</ele><time>2021-09-12T04:36:33Z</time></trkpt>
<trkpt lat="33.008855" lon="35.188938"><ele>220.6</ele><time>2021-09-12T04:36:34Z</time></trkpt>
<trkpt lat="33.0088541" lon="35.1889572"><ele>220.9</ele><time>2021-09-12T04:36:35Z</time></trkpt>
<trkpt lat="33.0088479" lon="35.188972"><ele>221.0</ele><time>2021-09-12T04:36:36Z</time></trkpt>
<trkpt lat="33.0088443" lon="35.1889912"><ele>221.2</ele><time>2021-09-12T04:36:37Z</time></trkpt>
<trkpt lat="33.0088408" lon="35.1890093"><ele>221.3</ele><time>2021-09-12T04:36:38Z</time></trkpt>
<trkpt lat="33.0088395" lon="35.1890297"><ele>221.3</ele><time>2021-09-12T04:36:39Z</time></trkpt>
<trkpt lat="33.0088347" lon="35.1890511"><ele>221.5</ele><time>2021-09-12T04:36:40Z</time></trkpt>
<trkpt lat="33.0088273" lon="35.189068"><ele>221.7</ele><time>2021-09-12T04:36:41Z</time></trkpt>
<trkpt lat="33.0088219" lon="35.1890867"><ele>222.0</ele><time>2021-09-12T04:36:42Z</time></trkpt>
<trkpt lat="33.0088165" lon="35.1891026"><ele>222.0</ele><time>2021-09-12T04:36:43Z</time></trkpt>
<trkpt lat="33.0088131" lon="35.1891214"><ele>222.2</ele><time>2021-09-12T04:36:44Z</time></trkpt>
<trkpt lat="33.0088092" lon="35.1891436"><ele>223.7</ele><time>2021-09-12T04:36:45Z</time></trkpt>
<trkpt lat="33.0088047" lon="35.1891575"><ele>222.0</ele><time>2021-09-12T04:36:46Z</time></trkpt>
<trkpt lat="33.0088005" lon="35.1891784"><ele>222.4</ele><time>2021-09-12T04:36:47Z</time></trkpt>
<trkpt lat="33.0087963" lon="35.1891973"><ele>222.6</ele><time>2021-09-12T04:36:48Z</time></trkpt>
<trkpt lat="33.0087959" lon="35.189219"><ele>223.0</ele><time>2021-09-12T04:36:49Z</time></trkpt>
<trkpt lat="33.0087908" lon="35.1892403"><ele>223.2</ele><time>2021-09-12T04:36:50Z</time></trkpt>
<trkpt lat="33.0087866" lon="35.1892602"><ele>223.3</ele><time>2021-09-12T04:36:51Z</time></trkpt>
<trkpt lat="33.0087839" lon="35.1892763"><ele>223.3</ele><time>2021-09-12T04:36:52Z</time></trkpt>
<trkpt lat="33.0087802" lon="35.1892975"><ele>223.6</ele><time>2021-09-12T04:36:53Z</time></trkpt>
<trkpt lat="33.0087766" lon="35.1893193"><ele>223.7</ele><time>2021-09-12T04:36:54Z</time></trkpt>
<trkpt lat="33.008776" lon="35.1893414"><ele>223.9</ele><time>2021-09-12T04:36:55Z</time></trkpt>
<trkpt lat="33.0087719" lon="35.1893624"><ele>223.7</ele><time>2021-09-12T04:36:56Z</time></trkpt>
<trkpt lat="33.0087629" lon="35.1893791"><ele>224.1</ele><time>2021-09-12T04:36:57Z</time></trkpt>
<trkpt lat="33.0087632" lon="35.1894"><ele>224.3</ele><time>2021-09-12T04:36:58Z</time></trkpt>
<trkpt lat="33.0087584" lon="35.1894219"><ele>224.3</ele><time>2021-09-12T04:36:59Z</time></trkpt>
<trkpt lat="33.0087524" lon="35.189441"><ele>224.4</ele><time>2021-09-12T04:37:00Z</time></trkpt>
<trkpt lat="33.0087501" lon="35.1894622"><ele>224.7</ele><time>2021-09-12T04:37:01Z</time></trkpt>
<trkpt lat="33.0087442" lon="35.189481"><ele>224.6</ele><time>2021-09-12T04:37:02Z</time></trkpt>
<trkpt lat="33.0087436" lon="35.1895031"><ele>224.8</ele><time>2021-09-12T04:37:03Z</time></trkpt>
<trkpt lat="33.0087404" lon="35.1895265"><ele>224.6</ele><time>2021-09-12T04:37:04Z</time></trkpt>
<trkpt lat="33.008737" lon="35.1895501"><ele>224.9</ele><time>2021-09-12T04:37:05Z</time></trkpt>
<trkpt lat="33.0087381" lon="35.189573"><ele>224.6</ele><time>2021-09-12T04:37:06Z</time></trkpt>
<trkpt lat="33.0087295" lon="35.1895923"><ele>224.9</ele><time>2021-09-12T04:37:07Z</time></trkpt>
<trkpt lat="33.0087277" lon="35.1896144"><ele>224.9</ele><time>2021-09-12T04:37:08Z</time></trkpt>
<trkpt lat="33.0087281" lon="35.1896384"><ele>225.2</ele><time>2021-09-12T04:37:09Z</time></trkpt>
<trkpt lat="33.0087261" lon="35.1896608"><ele>225.0</ele><time>2021-09-12T04:37:10Z</time></trkpt>
<trkpt lat="33.008722" lon="35.1896838"><ele>225.1</ele><time>2021-09-12T04:37:11Z</time></trkpt>
<trkpt lat="33.0087222" lon="35.1897035"><ele>225.1</ele><time>2021-09-12T04:37:12Z</time></trkpt>
<trkpt lat="33.0087205" lon="35.1897243"><ele>225.3</ele><time>2021-09-12T04:37:13Z</time></trkpt>
<trkpt lat="33.0087186" lon="35.1897456"><ele>225.4</ele><time>2021-09-12T04:37:14Z</time></trkpt>
<trkpt lat="33.0087146" lon="35.189767"><ele>225.4</ele><time>2021-09-12T04:37:15Z</time></trkpt>
<trkpt lat="33.0087109" lon="35.1897886"><ele>225.3</ele><time>2021-09-12T04:37:16Z</time></trkpt>
<trkpt lat="33.0087137" lon="35.1898135"><ele>225.6</ele><time>2021-09-12T04:37:17Z</time></trkpt>
<trkpt lat="33.0087106" lon="35.1898365"><ele>225.7</ele><time>2021-09-12T04:37:18Z</time></trkpt>
<trkpt lat="33.0087101" lon="35.1898581"><ele>225.9</ele><time>2021-09-12T04:37:19Z</time></trkpt>
<trkpt lat="33.0087047" lon="35.1898778"><ele>225.9</ele><time>2021-09-12T04:37:20Z</time></trkpt>
<trkpt lat="33.0087006" lon="35.1898995"><ele>226.0</ele><time>2021-09-12T04:37:21Z</time></trkpt>
<trkpt lat="33.0086972" lon="35.1899255"><ele>226.0</ele><time>2021-09-12T04:37:22Z</time></trkpt>
<trkpt lat="33.0086939" lon="35.1899469"><ele>226.2</ele><time>2021-09-12T04:37:23Z</time></trkpt>
<trkpt lat="33.0086912" lon="35.1899701"><ele>226.4</ele><time>2021-09-12T04:37:24Z</time></trkpt>
<trkpt lat="33.008686" lon="35.1899932"><ele>226.9</ele><time>2021-09-12T04:37:25Z</time></trkpt>
<trkpt lat="33.0086766" lon="35.1900123"><ele>226.5</ele><time>2021-09-12T04:37:26Z</time></trkpt>
<trkpt lat="33.0086708" lon="35.1900356"><ele>226.7</ele><time>2021-09-12T04:37:27Z</time></trkpt>
<trkpt lat="33.0086646" lon="35.190059"><ele>226.7</ele><time>2021-09-12T04:37:28Z</time></trkpt>
<trkpt lat="33.0086594" lon="35.1900799"><ele>226.8</ele><time>2021-09-12T04:37:29Z</time></trkpt>
<trkpt lat="33.0086558" lon="35.1900988"><ele>226.6</ele><time>2021-09-12T04:37:30Z</time></trkpt>
<trkpt lat="33.0086502" lon="35.1901246"><ele>226.5</ele><time>2021-09-12T04:37:31Z</time></trkpt>
<trkpt lat="33.008644" lon="35.1901489"><ele>227.0</ele><time>2021-09-12T04:37:32Z</time></trkpt>
<trkpt lat="33.0086422" lon="35.1901735"><ele>227.0</ele><time>2021-09-12T04:37:33Z</time></trkpt>
<trkpt lat="33.0086387" lon="35.1901958"><ele>227.0</ele><time>2021-09-12T04:37:34Z</time></trkpt>
<trkpt lat="33.0086349" lon="35.1902223"><ele>227.4</ele><time>2021-09-12T04:37:35Z</time></trkpt>
<trkpt lat="33.008634" lon="35.190247"><ele>227.3</ele><time>2021-09-12T04:37:36Z</time></trkpt>
<trkpt lat="33.0086321" lon="35.1902731"><ele>227.4</ele><time>2021-09-12T04:37:37Z</time></trkpt>
<trkpt lat="33.0086316" lon="35.1902981"><ele>227.4</ele><time>2021-09-12T04:37:38Z</time></trkpt>
<trkpt lat="33.0086308" lon="35.1903227"><ele>227.4</ele><time>2021-09-12T04:37:39Z</time></trkpt>
<trkpt lat="33.0086247" lon="35.1903506"><ele>227.5</ele><time>2021-09-12T04:37:40Z</time></trkpt>
<trkpt lat="33.0086197" lon="35.1903748"><ele>227.8</ele><time>2021-09-12T04:37:41Z</time></trkpt>
<trkpt lat="33.0086162" lon="35.1904037"><ele>228.1</ele><time>2021-09-12T04:37:42Z</time></trkpt>
<trkpt lat="33.0086136" lon="35.1904301"><ele>228.1</ele><time>2021-09-12T04:37:43Z</time></trkpt>
<trkpt lat="33.0086115" lon="35.1904569"><ele>228.5</ele><time>2021-09-12T04:37:44Z</time></trkpt>
<trkpt lat="33.0086075" lon="35.1904827"><ele>228.4</ele><time>2021-09-12T04:37:45Z</time></trkpt>
<trkpt lat="33.0086002" lon="35.1905082"><ele>228.6</ele><time>2021-09-12T04:37:46Z</time></trkpt>
<trkpt lat="33.0085968" lon="35.1905351"><ele>228.5</ele><time>2021-09-12T04:37:47Z</time></trkpt>
<trkpt lat="33.008592" lon="35.1905584"><ele>228.8</ele><time>2021-09-12T04:37:48Z</time></trkpt>
<trkpt lat="33.0085903" lon="35.1905825"><ele>228.8</ele><time>2021-09-12T04:37:49Z</time></trkpt>
<trkpt lat="33.0085866" lon="35.1906057"><ele>229.0</ele><time>2021-09-12T04:37:50Z</time></trkpt>
<trkpt lat="33.0085843" lon="35.1906329"><ele>229.2</ele><time>2021-09-12T04:37:51Z</time></trkpt>
<trkpt lat="33.0085821" lon="35.1906585"><ele>229.4</ele><time>2021-09-12T04:37:52Z</time></trkpt>
<trkpt lat="33.0085801" lon="35.190685"><ele>229.3</ele><time>2021-09-12T04:37:53Z</time></trkpt>
<trkpt lat="33.0085783" lon="35.1907131"><ele>229.5</ele><time>2021-09-12T04:37:54Z</time></trkpt>
<trkpt lat="33.008576" lon="35.19074"><ele>229.6</ele><time>2021-09-12T04:37:55Z</time></trkpt>
<trkpt lat="33.0085705" lon="35.190767"><ele>229.7</ele><time>2021-09-12T04:37:56Z</time></trkpt>
<trkpt lat="33.0085706" lon="35.1907935"><ele>229.8</ele><time>2021-09-12T04:37:57Z</time></trkpt>
<trkpt lat="33.0085637" lon="35.1908175"><ele>229.9</ele><time>2021-09-12T04:37:58Z</time></trkpt>
<trkpt lat="33.0085607" lon="35.1908453"><ele>230.0</ele><time>2021-09-12T04:37:59Z</time></trkpt>
<trkpt lat="33.0085571" lon="35.1908722"><ele>230.0</ele><time>2021-09-12T04:38:00Z</time></trkpt>
<trkpt lat="33.0085546" lon="35.1908983"><ele>230.0</ele><time>2021-09-12T04:38:01Z</time></trkpt>
<trkpt lat="33.0085518" lon="35.190925"><ele>230.2</ele><time>2021-09-12T04:38:02Z</time></trkpt>
<trkpt lat="33.0085472" lon="35.1909498"><ele>230.2</ele><time>2021-09-12T04:38:03Z</time></trkpt>
<trkpt lat="33.0085424" lon="35.1909746"><ele>230.2</ele><time>2021-09-12T04:38:04Z</time></trkpt>
<trkpt lat="33.0085405" lon="35.1910015"><ele>230.2</ele><time>2021-09-12T04:38:05Z</time></trkpt>
<trkpt lat="33.0085371" lon="35.1910288"><ele>230.4</ele><time>2021-09-12T04:38:06Z</time></trkpt>
<trkpt lat="33.0085372" lon="35.1910581"><ele>230.4</ele><time>2021-09-12T04:38:07Z</time></trkpt>
<trkpt lat="33.0085321" lon="35.1910832"><ele>230.6</ele><time>2021-09-12T04:38:08Z</time></trkpt>
<trkpt lat="33.0085262" lon="35.1911091"><ele>231.0</ele><time>2021-09-12T04:38:09Z</time></trkpt>
<trkpt lat="33.008517" lon="35.1911341"><ele>230.9</ele><time>2021-09-12T04:38:10Z</time></trkpt>
<trkpt lat="33.0085125" lon="35.1911605"><ele>231.0</ele><time>2021-09-12T04:38:11Z</time></trkpt>
<trkpt lat="33.0085078" lon="35.1911864"><ele>231.0</ele><time>2021-09-12T04:38:12Z</time></trkpt>
<trkpt lat="33.0085023" lon="35.1912133"><ele>231.1</ele><time>2021-09-12T04:38:13Z</time></trkpt>
<trkpt lat="33.0084977" lon="35.191245"><ele>230.8</ele><time>2021-09-12T04:38:14Z</time></trkpt>
<trkpt lat="33.0084946" lon="35.1912709"><ele>231.7</ele><time>2021-09-12T04:38:15Z</time></trkpt>
<trkpt lat="33.0084962" lon="35.1912989"><ele>231.6</ele><time>2021-09-12T04:38:16Z</time></trkpt>
<trkpt lat="33.0084906" lon="35.1913229"><ele>231.7</ele><time>2021-09-12T04:38:17Z</time></trkpt>
<trkpt lat="33.0084825" lon="35.1913491"><ele>231.7</ele><time>2021-09-12T04:38:18Z</time></trkpt>
<trkpt lat="33.0084803" lon="35.1913741"><ele>232.0</ele><time>2021-09-12T04:38:19Z</time></trkpt>
<trkpt lat="33.008477" lon="35.1913977"><ele>231.9</ele><time>2021-09-12T04:38:20Z</time></trkpt>
<trkpt lat="33.0084741" lon="35.191421"><ele>232.4</ele><time>2021-09-12T04:38:21Z</time></trkpt>
<trkpt lat="33.0084668" lon="35.191447"><ele>232.4</ele><time>2021-09-12T04:38:22Z</time></trkpt>
<trkpt lat="33.0084637" lon="35.1914725"><ele>232.5</ele><time>2021-09-12T04:38:23Z</time></trkpt>
<trkpt lat="33.0084628" lon="35.1914969"><ele>232.6</ele><time>2021-09-12T04:38:24Z</time></trkpt>
<trkpt lat="33.0084608" lon="35.1915242"><ele>232.7</ele><time>2021-09-12T04:38:25Z</time></trkpt>
<trkpt lat="33.0084567" lon="35.1915504"><ele>232.8</ele><time>2021-09-12T04:38:26Z</time></trkpt>
<trkpt lat="33.0084483" lon="35.1915758"><ele>233.6</ele><time>2021-09-12T04:38:27Z</time></trkpt>
<trkpt lat="33.0084421" lon="35.1915993"><ele>232.8</ele><time>2021-09-12T04:38:28Z</time></trkpt>
<trkpt lat="33.0084447" lon="35.1916281"><ele>233.3</ele><time>2021-09-12T04:38:29Z</time></trkpt>
<trkpt lat="33.0084346" lon="35.1916546"><ele>233.2</ele><time>2021-09-12T04:38:30Z</time></trkpt>
<trkpt lat="33.0084359" lon="35.191681"><ele>233.4</ele><time>2021-09-12T04:38:31Z</time></trkpt>
<trkpt lat="33.0084303" lon="35.1917079"><ele>233.5</ele><time>2021-09-12T04:38:32Z</time></trkpt>
<trkpt lat="33.0084264" lon="35.1917349"><ele>233.7</ele><time>2021-09-12T04:38:33Z</time></trkpt>
<trkpt lat="33.0084234" lon="35.1917619"><ele>233.8</ele><time>2021-09-12T04:38:34Z</time></trkpt>
<trkpt lat="33.008414" lon="35.1917839"><ele>233.9</ele><time>2021-09-12T04:38:35Z</time></trkpt>
<trkpt lat="33.0084152" lon="35.1918139"><ele>234.1</ele><time>2021-09-12T04:38:36Z</time></trkpt>
<trkpt lat="33.0084168" lon="35.1918408"><ele>234.0</ele><time>2021-09-12T04:38:37Z</time></trkpt>
<trkpt lat="33.0084152" lon="35.1918664"><ele>234.6</ele><time>2021-09-12T04:38:38Z</time></trkpt>
<trkpt lat="33.0084114" lon="35.1918914"><ele>234.8</ele><time>2021-09-12T04:38:39Z</time></trkpt>
<trkpt lat="33.0084104" lon="35.1919192"><ele>234.9</ele><time>2021-09-12T04:38:40Z</time></trkpt>
<trkpt lat="33.0084052" lon="35.1919439"><ele>235.3</ele><time>2021-09-12T04:38:41Z</time></trkpt>
<trkpt lat="33.0084004" lon="35.1919674"><ele>235.2</ele><time>2021-09-12T04:38:42Z</time></trkpt>
<trkpt lat="33.0083942" lon="35.1919922"><ele>235.6</ele><time>2021-09-12T04:38:43Z</time></trkpt>
<trkpt lat="33.0083923" lon="35.1920165"><ele>235.5</ele><time>2021-09-12T04:38:44Z</time></trkpt>
<trkpt lat="33.0083873" lon="35.1920426"><ele>235.7</ele><time>2021-09-12T04:38:45Z</time></trkpt>
<trkpt lat="33.008383" lon="35.1920672"><ele>235.8</ele><time>2021-09-12T04:38:46Z</time></trkpt>
<trkpt lat="33.008379" lon="35.19209"><ele>235.9</ele><time>2021-09-12T04:38:47Z</time></trkpt>
<trkpt lat="33.0083805" lon="35.1921151"><ele>236.0</ele><time>2021-09-12T04:38:48Z</time></trkpt>
<trkpt lat="33.0083803" lon="35.1921425"><ele>236.2</ele><time>2021-09-12T04:38:49Z</time></trkpt>
<trkpt lat="33.0083821" lon="35.1921682"><ele>236.2</ele><time>2021-09-12T04:38:50Z</time></trkpt>
<trkpt lat="33.0083806" lon="35.1921941"><ele>236.4</ele><time>2021-09-12T04:38:51Z</time></trkpt>
<trkpt lat="33.0083755" lon="35.1922195"><ele>236.7</ele><time>2021-09-12T04:38:52Z</time></trkpt>
<trkpt lat="33.0083681" lon="35.1922422"><ele>236.6</ele><time>2021-09-12T04:38:53Z</time></trkpt>
<trkpt lat="33.0083657" lon="35.19227"><ele>236.5</ele><time>2021-09-12T04:38:54Z</time></trkpt>
<trkpt lat="33.0083635" lon="35.1922972"><ele>236.9</ele><time>2021-09-12T04:38:55Z</time></trkpt>
<trkpt lat="33.0083559" lon="35.1923206"><ele>237.0</ele><time>2021-09-12T04:38:56Z</time></trkpt>
<trkpt lat="33.0083572" lon="35.1923444"><ele>236.5</ele><time>2021-09-12T04:38:57Z</time></trkpt>
<trkpt lat="33.00834" lon="35.1923659"><ele>238.5</ele><time>2021-09-12T04:38:58Z</time></trkpt>
<trkpt lat="33.008339" lon="35.192391"><ele>238.6</ele><time>2021-09-12T04:38:59Z</time></trkpt>
<trkpt lat="33.0083434" lon="35.1924179"><ele>236.9</ele><time>2021-09-12T04:39:00Z</time></trkpt>
<trkpt lat="33.0083441" lon="35.1924433"><ele>238.0</ele><time>2021-09-12T04:39:01Z</time></trkpt>
<trkpt lat="33.0083475" lon="35.1924723"><ele>237.7</ele><time>2021-09-12T04:39:02Z</time></trkpt>
<trkpt lat="33.00835" lon="35.192501"><ele>237.4</ele><time>2021-09-12T04:39:03Z</time></trkpt>
<trkpt lat="33.0083564" lon="35.192525"><ele>237.8</ele><time>2021-09-12T04:39:04Z</time></trkpt>
<trkpt lat="33.0083548" lon="35.1925513"><ele>238.0</ele><time>2021-09-12T04:39:05Z</time></trkpt>
<trkpt lat="33.008359" lon="35.1925742"><ele>238.0</ele><time>2021-09-12T04:39:06Z</time></trkpt>
<trkpt lat="33.0083622" lon="35.1925994"><ele>238.3</ele><time>2021-09-12T04:39:07Z</time></trkpt>
<trkpt lat="33.0083677" lon="35.1926263"><ele>238.0</ele><time>2021-09-12T04:39:08Z</time></trkpt>
<trkpt lat="33.0083691" lon="35.1926548"><ele>238.6</ele><time>2021-09-12T04:39:09Z</time></trkpt>
<trkpt lat="33.0083794" lon="35.1926794"><ele>238.5</ele><time>2021-09-12T04:39:10Z</time></trkpt>
<trkpt lat="33.0083821" lon="35.192704"><ele>238.3</ele><time>2021-09-12T04:39:11Z</time></trkpt>
<trkpt lat="33.0083907" lon="35.1927301"><ele>238.3</ele><time>2021-09-12T04:39:12Z</time></trkpt>
<trkpt lat="33.0083956" lon="35.1927521"><ele>238.6</ele><time>2021-09-12T04:39:13Z</time></trkpt>
<trkpt lat="33.0083969" lon="35.1927807"><ele>238.5</ele><time>2021-09-12T04:39:14Z</time></trkpt>
<trkpt lat="33.0083996" lon="35.1928071"><ele>238.4</ele><time>2021-09-12T04:39:15Z</time></trkpt>
<trkpt lat="33.0084063" lon="35.1928323"><ele>238.4</ele><time>2021-09-12T04:39:16Z</time></trkpt>
<trkpt lat="33.0084106" lon="35.1928583"><ele>238.6</ele><time>2021-09-12T04:39:17Z</time></trkpt>
<trkpt lat="33.0084195" lon="35.1928839"><ele>238.6</ele><time>2021-09-12T04:39:18Z</time></trkpt>
<trkpt lat="33.0084187" lon="35.1929093"><ele>238.7</ele><time>2021-09-12T04:39:19Z</time></trkpt>
<trkpt lat="33.0084187" lon="35.1929312"><ele>238.9</ele><time>2021-09-12T04:39:20Z</time></trkpt>
<trkpt lat="33.0084199" lon="35.1929589"><ele>238.8</ele><time>2021-09-12T04:39:21Z</time></trkpt>
<trkpt lat="33.0084218" lon="35.1929862"><ele>238.9</ele><time>2021-09-12T04:39:22Z</time></trkpt>
<trkpt lat="33.0084235" lon="35.1930051"><ele>239.1</ele><time>2021-09-12T04:39:23Z</time></trkpt>
<trkpt lat="33.0084311" lon="35.1930251"><ele>238.9</ele><time>2021-09-12T04:39:24Z</time></trkpt>
<trkpt lat="33.0084327" lon="35.1930458"><ele>239.4</ele><time>2021-09-12T04:39:25Z</time></trkpt>
<trkpt lat="33.0084398" lon="35.1930668"><ele>239.8</ele><time>2021-09-12T04:39:26Z</time></trkpt>
<trkpt lat="33.0084426" lon="35.1930894"><ele>239.8</ele><time>2021-09-12T04:39:27Z</time></trkpt>
<trkpt lat="33.0084497" lon="35.193113"><ele>239.3</ele><time>2021-09-12T04:39:28Z</time></trkpt>
<trkpt lat="33.0084499" lon="35.1931343"><ele>239.8</ele><time>2021-09-12T04:39:29Z</time></trkpt>
<trkpt lat="33.0084566" lon="35.1931602"><ele>239.9</ele><time>2021-09-12T04:39:30Z</time></trkpt>
<trkpt lat="33.0084612" lon="35.1931834"><ele>240.0</ele><time>2021-09-12T04:39:31Z</time></trkpt>
<trkpt lat="33.0084689" lon="35.1932061"><ele>240.2</ele><time>2021-09-12T04:39:32Z</time></trkpt>
<trkpt lat="33.0084691" lon="35.1932294"><ele>240.1</ele><time>2021-09-12T04:39:33Z</time></trkpt>
<trkpt lat="33.0084723" lon="35.1932522"><ele>240.1</ele><time>2021-09-12T04:39:34Z</time></trkpt>
<trkpt lat="33.0084752" lon="35.1932778"><ele>240.3</ele><time>2021-09-12T04:39:35Z</time></trkpt>
<trkpt lat="33.0084802" lon="35.1932991"><ele>240.4</ele><time>2021-09-12T04:39:36Z</time></trkpt>
<trkpt lat="33.0084846" lon="35.1933238"><ele>240.5</ele><time>2021-09-12T04:39:37Z</time></trkpt>
<trkpt lat="33.0084839" lon="35.1933435"><ele>240.7</ele><time>2021-09-12T04:39:38Z</time></trkpt>
<trkpt lat="33.0084892" lon="35.1933677"><ele>240.8</ele><time>2021-09-12T04:39:39Z</time></trkpt>
<trkpt lat="33.0084957" lon="35.1933904"><ele>241.1</ele><time>2021-09-12T04:39:40Z</time></trkpt>
<trkpt lat="33.0085001" lon="35.1934139"><ele>241.3</ele><time>2021-09-12T04:39:41Z</time></trkpt>
<trkpt lat="33.0085007" lon="35.1934365"><ele>241.3</ele><time>2021-09-12T04:39:42Z</time></trkpt>
<trkpt lat="33.0085103" lon="35.1934595"><ele>242.3</ele><time>2021-09-12T04:39:43Z</time></trkpt>
<trkpt lat="33.0085148" lon="35.1934813"><ele>242.0</ele><time>2021-09-12T04:39:44Z</time></trkpt>
<trkpt lat="33.0085182" lon="35.193504"><ele>242.3</ele><time>2021-09-12T04:39:45Z</time></trkpt>
<trkpt lat="33.0085241" lon="35.1935285"><ele>242.3</ele><time>2021-09-12T04:39:46Z</time></trkpt>
<trkpt lat="33.0085291" lon="35.1935536"><ele>242.4</ele><time>2021-09-12T04:39:47Z</time></trkpt>
<trkpt lat="33.008537" lon="35.193577"><ele>242.5</ele><time>2021-09-12T04:39:48Z</time></trkpt>
<trkpt lat="33.0085398" lon="35.1936037"><ele>242.6</ele><time>2021-09-12T04:39:49Z</time></trkpt>
<trkpt lat="33.0085454" lon="35.1936231"><ele>243.0</ele><time>2021-09-12T04:39:50Z</time></trkpt>
<trkpt lat="33.0085486" lon="35.1936431"><ele>243.3</ele><time>2021-09-12T04:39:51Z</time></trkpt>
<trkpt lat="33.0085535" lon="35.193667"><ele>243.3</ele><time>2021-09-12T04:39:52Z</time></trkpt>
<trkpt lat="33.0085552" lon="35.1936892"><ele>243.5</ele><time>2021-09-12T04:39:53Z</time></trkpt>
<trkpt lat="33.0085591" lon="35.193711"><ele>244.5</ele><time>2021-09-12T04:39:54Z</time></trkpt>
<trkpt lat="33.0085616" lon="35.1937358"><ele>243.5</ele><time>2021-09-12T04:39:55Z</time></trkpt>
<trkpt lat="33.0085672" lon="35.1937565"><ele>243.7</ele><time>2021-09-12T04:39:56Z</time></trkpt>
<trkpt lat="33.0085719" lon="35.1937787"><ele>244.0</ele><time>2021-09-12T04:39:57Z</time></trkpt>
<trkpt lat="33.0085775" lon="35.193805"><ele>244.2</ele><time>2021-09-12T04:39:58Z</time></trkpt>
<trkpt lat="33.0085808" lon="35.1938288"><ele>244.5</ele><time>2021-09-12T04:39:59Z</time></trkpt>
<trkpt lat="33.0085848" lon="35.1938544"><ele>244.3</ele><time>2021-09-12T04:40:00Z</time></trkpt>
<trkpt lat="33.0085952" lon="35.1938792"><ele>244.9</ele><time>2021-09-12T04:40:01Z</time></trkpt>
<trkpt lat="33.0086014" lon="35.1939001"><ele>244.5</ele><time>2021-09-12T04:40:02Z</time></trkpt>
<trkpt lat="33.0086038" lon="35.1939268"><ele>245.1</ele><time>2021-09-12T04:40:03Z</time></trkpt>
<trkpt lat="33.0086046" lon="35.1939496"><ele>245.1</ele><time>2021-09-12T04:40:04Z</time></trkpt>
<trkpt lat="33.0086096" lon="35.1939745"><ele>245.5</ele><time>2021-09-12T04:40:05Z</time></trkpt>
<trkpt lat="33.0086178" lon="35.1939964"><ele>246.5</ele><time>2021-09-12T04:40:06Z</time></trkpt>
<trkpt lat="33.00862" lon="35.1940205"><ele>245.2</ele><time>2021-09-12T04:40:07Z</time></trkpt>
<trkpt lat="33.0086232" lon="35.1940431"><ele>245.5</ele><time>2021-09-12T04:40:08Z</time></trkpt>
<trkpt lat="33.0086244" lon="35.1940614"><ele>245.6</ele><time>2021-09-12T04:40:09Z</time></trkpt>
<trkpt lat="33.0086239" lon="35.1940766"><ele>245.5</ele><time>2021-09-12T04:40:10Z</time></trkpt>
<trkpt lat="33.0086289" lon="35.194097"><ele>245.6</ele><time>2021-09-12T04:40:11Z</time></trkpt>
<trkpt lat="33.0086305" lon="35.1941164"><ele>245.8</ele><time>2021-09-12T04:40:12Z</time></trkpt>
<trkpt lat="33.0086328" lon="35.1941353"><ele>245.9</ele><time>2021-09-12T04:40:13Z</time></trkpt>
<trkpt lat="33.0086334" lon="35.1941505"><ele>245.9</ele><time>2021-09-12T04:40:14Z</time></trkpt>
<trkpt lat="33.0086377" lon="35.1941731"><ele>245.6</ele><time>2021-09-12T04:40:15Z</time></trkpt>
<trkpt lat="33.0086377" lon="35.1941965"><ele>245.7</ele><time>2021-09-12T04:40:16Z</time></trkpt>
<trkpt lat="33.0086351" lon="35.1942137"><ele>245.8</ele><time>2021-09-12T04:40:17Z</time></trkpt>
<trkpt lat="33.0086385" lon="35.1942332"><ele>245.8</ele><time>2021-09-12T04:40:18Z</time></trkpt>
<trkpt lat="33.0086372" lon="35.1942541"><ele>245.6</ele><time>2021-09-12T04:40:19Z</time></trkpt>
<trkpt lat="33.0086362" lon="35.1942726"><ele>245.7</ele><time>2021-09-12T04:40:20Z</time></trkpt>
<trkpt lat="33.008642" lon="35.1942962"><ele>245.7</ele><time>2021-09-12T04:40:21Z</time></trkpt>
<trkpt lat="33.0086462" lon="35.1943153"><ele>246.2</ele><time>2021-09-12T04:40:22Z</time></trkpt>
<trkpt lat="33.0086523" lon="35.1943374"><ele>246.5</ele><time>2021-09-12T04:40:23Z</time></trkpt>
<trkpt lat="33.0086574" lon="35.1943556"><ele>246.8</ele><time>2021-09-12T04:40:24Z</time></trkpt>
<trkpt lat="33.0086668" lon="35.1943783"><ele>247.0</ele><time>2021-09-12T04:40:25Z</time></trkpt>
<trkpt lat="33.0086776" lon="35.1944012"><ele>247.1</ele><time>2021-09-12T04:40:26Z</time></trkpt>
<trkpt lat="33.0086844" lon="35.1944198"><ele>247.4</ele><time>2021-09-12T04:40:27Z</time></trkpt>
<trkpt lat="33.0086902" lon="35.1944398"><ele>247.5</ele><time>2021-09-12T04:40:28Z</time></trkpt>
<trkpt lat="33.008704" lon="35.1944595"><ele>247.7</ele><time>2021-09-12T04:40:29Z</time></trkpt>
<trkpt lat="33.0087118" lon="35.1944803"><ele>247.9</ele><time>2021-09-12T04:40:30Z</time></trkpt>
<trkpt lat="33.0087195" lon="35.1945016"><ele>248.1</ele><time>2021-09-12T04:40:31Z</time></trkpt>
<trkpt lat="33.0087314" lon="35.1945218"><ele>248.4</ele><time>2021-09-12T04:40:32Z</time></trkpt>
<trkpt lat="33.008744" lon="35.1945418"><ele>248.5</ele><time>2021-09-12T04:40:33Z</time></trkpt>
<trkpt lat="33.0087531" lon="35.1945613"><ele>248.5</ele><time>2021-09-12T04:40:34Z</time></trkpt>
<trkpt lat="33.0087655" lon="35.1945802"><ele>248.9</ele><time>2021-09-12T04:40:35Z</time></trkpt>
<trkpt lat="33.008774" lon="35.1945998"><ele>249.1</ele><time>2021-09-12T04:40:36Z</time></trkpt>
<trkpt lat="33.0087861" lon="35.1946222"><ele>249.1</ele><time>2021-09-12T04:40:37Z</time></trkpt>
<trkpt lat="33.0087946" lon="35.1946419"><ele>249.5</ele><time>2021-09-12T04:40:38Z</time></trkpt>
<trkpt lat="33.0088019" lon="35.19466"><ele>249.7</ele><time>2021-09-12T04:40:39Z</time></trkpt>
<trkpt lat="33.0088135" lon="35.1946783"><ele>249.8</ele><time>2021-09-12T04:40:40Z</time></trkpt>
<trkpt lat="33.0088242" lon="35.1946953"><ele>249.6</ele><time>2021-09-12T04:40:41Z</time></trkpt>
<trkpt lat="33.0088314" lon="35.1947144"><ele>250.1</ele><time>2021-09-12T04:40:42Z</time></trkpt>
<trkpt lat="33.0088373" lon="35.1947353"><ele>250.4</ele><time>2021-09-12T04:40:43Z</time></trkpt>
<trkpt lat="33.008849" lon="35.1947526"><ele>250.2</ele><time>2021-09-12T04:40:44Z</time></trkpt>
<trkpt lat="33.0088604" lon="35.1947729"><ele>250.9</ele><time>2021-09-12T04:40:45Z</time></trkpt>
<trkpt lat="33.0088708" lon="35.194792"><ele>250.8</ele><time>2021-09-12T04:40:46Z</time></trkpt>
<trkpt lat="33.0088791" lon="35.1948103"><ele>251.1</ele><time>2021-09-12T04:40:47Z</time></trkpt>
<trkpt lat="33.008889" lon="35.1948315"><ele>251.0</ele><time>2021-09-12T04:40:48Z</time></trkpt>
<trkpt lat="33.0088956" lon="35.1948538"><ele>251.1</ele><time>2021-09-12T04:40:49Z</time></trkpt>
<trkpt lat="33.008903" lon="35.1948739"><ele>251.4</ele><time>2021-09-12T04:40:50Z</time></trkpt>
<trkpt lat="33.0089115" lon="35.1948944"><ele>251.4</ele><time>2021-09-12T04:40:51Z</time></trkpt>
<trkpt lat="33.0089195" lon="35.1949159"><ele>252.0</ele><time>2021-09-12T04:40:52Z</time></trkpt>
<trkpt lat="33.008935" lon="35.194933"><ele>252.9</ele><time>2021-09-12T04:40:53Z</time></trkpt>
<trkpt lat="33.0089481" lon="35.1949526"><ele>250.7</ele><time>2021-09-12T04:40:54Z</time></trkpt>
<trkpt lat="33.0089538" lon="35.1949685"><ele>251.9</ele><time>2021-09-12T04:40:55Z</time></trkpt>
<trkpt lat="33.0089723" lon="35.1949907"><ele>252.1</ele><time>2021-09-12T04:40:56Z</time></trkpt>
<trkpt lat="33.0089773" lon="35.1950116"><ele>252.4</ele><time>2021-09-12T04:40:57Z</time></trkpt>
<trkpt lat="33.0089897" lon="35.1950308"><ele>252.2</ele><time>2021-09-12T04:40:58Z</time></trkpt>
<trkpt lat="33.0090023" lon="35.1950525"><ele>252.2</ele><time>2021-09-12T04:40:59Z</time></trkpt>
<trkpt lat="33.0090129" lon="35.1950715"><ele>252.3</ele><time>2021-09-12T04:41:00Z</time></trkpt>
<trkpt lat="33.0090222" lon="35.1950887"><ele>252.3</ele><time>2021-09-12T04:41:01Z</time></trkpt>
<trkpt lat="33.0090337" lon="35.1951061"><ele>252.7</ele><time>2021-09-12T04:41:02Z</time></trkpt>
<trkpt lat="33.0090414" lon="35.1951258"><ele>252.9</ele><time>2021-09-12T04:41:03Z</time></trkpt>
<trkpt lat="33.0090488" lon="35.195146"><ele>253.1</ele><time>2021-09-12T04:41:04Z</time></trkpt>
<trkpt lat="33.009056" lon="35.1951674"><ele>253.2</ele><time>2021-09-12T04:41:05Z</time></trkpt>
<trkpt lat="33.0090627" lon="35.1951869"><ele>252.9</ele><time>2021-09-12T04:41:06Z</time></trkpt>
<trkpt lat="33.0090691" lon="35.1952118"><ele>252.7</ele><time>2021-09-12T04:41:07Z</time></trkpt>
<trkpt lat="33.009072" lon="35.1952341"><ele>252.9</ele><time>2021-09-12T04:41:08Z</time></trkpt>
<trkpt lat="33.009078" lon="35.1952566"><ele>253.0</ele><time>2021-09-12T04:41:09Z</time></trkpt>
<trkpt lat="33.0090863" lon="35.1952781"><ele>253.0</ele><time>2021-09-12T04:41:10Z</time></trkpt>
<trkpt lat="33.0090954" lon="35.1952999"><ele>253.3</ele><time>2021-09-12T04:41:11Z</time></trkpt>
<trkpt lat="33.0091016" lon="35.19532"><ele>253.4</ele><time>2021-09-12T04:41:12Z</time></trkpt>
<trkpt lat="33.0091107" lon="35.1953424"><ele>253.3</ele><time>2021-09-12T04:41:13Z</time></trkpt>
<trkpt lat="33.0091173" lon="35.195364"><ele>252.0</ele><time>2021-09-12T04:41:14Z</time></trkpt>
<trkpt lat="33.009119" lon="35.1953899"><ele>254.7</ele><time>2021-09-12T04:41:15Z</time></trkpt>
<trkpt lat="33.0091371" lon="35.1954131"><ele>254.4</ele><time>2021-09-12T04:41:16Z</time></trkpt>
<trkpt lat="33.0091418" lon="35.1954351"><ele>254.5</ele><time>2021-09-12T04:41:17Z</time></trkpt>
<trkpt lat="33.0091477" lon="35.1954573"><ele>254.3</ele><time>2021-09-12T04:41:18Z</time></trkpt>
<trkpt lat="33.0091555" lon="35.1954796"><ele>254.4</ele><time>2021-09-12T04:41:19Z</time></trkpt>
<trkpt lat="33.0091614" lon="35.1955036"><ele>254.8</ele><time>2021-09-12T04:41:20Z</time></trkpt>
<trkpt lat="33.0091673" lon="35.1955261"><ele>254.8</ele><time>2021-09-12T04:41:21Z</time></trkpt>
<trkpt lat="33.0091746" lon="35.1955508"><ele>255.3</ele><time>2021-09-12T04:41:22Z</time></trkpt>
<trkpt lat="33.0091818" lon="35.1955744"><ele>255.1</ele><time>2021-09-12T04:41:23Z</time></trkpt>
<trkpt lat="33.0091871" lon="35.1955969"><ele>255.3</ele><time>2021-09-12T04:41:24Z</time></trkpt>
<trkpt lat="33.0091955" lon="35.1956205"><ele>255.6</ele><time>2021-09-12T04:41:25Z</time></trkpt>
<trkpt lat="33.0092006" lon="35.1956403"><ele>255.7</ele><time>2021-09-12T04:41:26Z</time></trkpt>
<trkpt lat="33.009208" lon="35.1956636"><ele>255.5</ele><time>2021-09-12T04:41:27Z</time></trkpt>
<trkpt lat="33.0092155" lon="35.1956899"><ele>255.7</ele><time>2021-09-12T04:41:28Z</time></trkpt>
<trkpt lat="33.0092213" lon="35.1957124"><ele>256.0</ele><time>2021-09-12T04:41:29Z</time></trkpt>
<trkpt lat="33.0092283" lon="35.1957337"><ele>255.9</ele><time>2021-09-12T04:41:30Z</time></trkpt>
<trkpt lat="33.0092344" lon="35.1957587"><ele>255.8</ele><time>2021-09-12T04:41:31Z</time></trkpt>
<trkpt lat="33.0092416" lon="35.1957812"><ele>256.1</ele><time>2021-09-12T04:41:32Z</time></trkpt>
<trkpt lat="33.0092526" lon="35.1958077"><ele>256.2</ele><time>2021-09-12T04:41:33Z</time></trkpt>
<trkpt lat="33.0092594" lon="35.1958299"><ele>256.4</ele><time>2021-09-12T04:41:34Z</time></trkpt>
<trkpt lat="33.0092669" lon="35.1958507"><ele>256.3</ele><time>2021-09-12T04:41:35Z</time></trkpt>
<trkpt lat="33.0092739" lon="35.1958735"><ele>255.9</ele><time>2021-09-12T04:41:36Z</time></trkpt>
<trkpt lat="33.0092786" lon="35.1958998"><ele>257.2</ele><time>2021-09-12T04:41:37Z</time></trkpt>
<trkpt lat="33.0092838" lon="35.195924"><ele>257.4</ele><time>2021-09-12T04:41:38Z</time></trkpt>
<trkpt lat="33.0092905" lon="35.1959446"><ele>255.7</ele><time>2021-09-12T04:41:39Z</time></trkpt>
<trkpt lat="33.0092979" lon="35.1959702"><ele>256.5</ele><time>2021-09-12T04:41:40Z</time></trkpt>
<trkpt lat="33.0093056" lon="35.1959953"><ele>256.9</ele><time>2021-09-12T04:41:41Z</time></trkpt>
<trkpt lat="33.0093103" lon="35.1960141"><ele>257.0</ele><time>2021-09-12T04:41:42Z</time></trkpt>
<trkpt lat="33.0093175" lon="35.1960414"><ele>257.1</ele><time>2021-09-12T04:41:43Z</time></trkpt>
<trkpt lat="33.0093268" lon="35.196066"><ele>256.9</ele><time>2021-09-12T04:41:44Z</time></trkpt>
<trkpt lat="33.0093347" lon="35.1960863"><ele>257.3</ele><time>2021-09-12T04:41:45Z</time></trkpt>
<trkpt lat="33.0093434" lon="35.1961104"><ele>257.3</ele><time>2021-09-12T04:41:46Z</time></trkpt>
<trkpt lat="33.0093469" lon="35.1961337"><ele>257.9</ele><time>2021-09-12T04:41:47Z</time></trkpt>
<trkpt lat="33.0093599" lon="35.19616"><ele>257.8</ele><time>2021-09-12T04:41:48Z</time></trkpt>
<trkpt lat="33.0093664" lon="35.1961839"><ele>258.0</ele><time>2021-09-12T04:41:49Z</time></trkpt>
<trkpt lat="33.0093754" lon="35.1962088"><ele>258.3</ele><time>2021-09-12T04:41:50Z</time></trkpt>
<trkpt lat="33.0093792" lon="35.1962318"><ele>258.4</ele><time>2021-09-12T04:41:51Z</time></trkpt>
<trkpt lat="33.0093859" lon="35.1962585"><ele>258.5</ele><time>2021-09-12T04:41:52Z</time></trkpt>
<trkpt lat="33.0093945" lon="35.1962816"><ele>258.7</ele><time>2021-09-12T04:41:53Z</time></trkpt>
<trkpt lat="33.0094018" lon="35.1963077"><ele>259.0</ele><time>2021-09-12T04:41:54Z</time></trkpt>
<trkpt lat="33.0094092" lon="35.1963313"><ele>259.1</ele><time>2021-09-12T04:41:55Z</time></trkpt>
<trkpt lat="33.0094177" lon="35.1963545"><ele>259.3</ele><time>2021-09-12T04:41:56Z</time></trkpt>
<trkpt lat="33.0094245" lon="35.1963792"><ele>259.4</ele><time>2021-09-12T04:41:57Z</time></trkpt>
<trkpt lat="33.0094289" lon="35.196401"><ele>259.6</ele><time>2021-09-12T04:41:58Z</time></trkpt>
<trkpt lat="33.0094383" lon="35.1964281"><ele>259.6</ele><time>2021-09-12T04:41:59Z</time></trkpt>
<trkpt lat="33.0094444" lon="35.19645"><ele>259.8</ele><time>2021-09-12T04:42:00Z</time></trkpt>
<trkpt lat="33.0094524" lon="35.1964759"><ele>260.0</ele><time>2021-09-12T04:42:01Z</time></trkpt>
<trkpt lat="33.0094591" lon="35.1964994"><ele>260.2</ele><time>2021-09-12T04:42:02Z</time></trkpt>
<trkpt lat="33.009467" lon="35.1965225"><ele>260.3</ele><time>2021-09-12T04:42:03Z</time></trkpt>
<trkpt lat="33.0094763" lon="35.1965496"><ele>260.4</ele><time>2021-09-12T04:42:04Z</time></trkpt>
<trkpt lat="33.009484" lon="35.196575"><ele>260.4</ele><time>2021-09-12T04:42:05Z</time></trkpt>
<trkpt lat="33.0094912" lon="35.1966005"><ele>260.5</ele><time>2021-09-12T04:42:06Z</time></trkpt>
<trkpt lat="33.0095002" lon="35.1966259"><ele>260.8</ele><time>2021-09-12T04:42:07Z</time></trkpt>
<trkpt lat="33.0095097" lon="35.1966488"><ele>260.7</ele><time>2021-09-12T04:42:08Z</time></trkpt>
<trkpt lat="33.0095164" lon="35.196675"><ele>260.5</ele><time>2021-09-12T04:42:09Z</time></trkpt>
<trkpt lat="33.009524" lon="35.1967004"><ele>261.0</ele><time>2021-09-12T04:42:10Z</time></trkpt>
<trkpt lat="33.0095326" lon="35.1967215"><ele>261.3</ele><time>2021-09-12T04:42:11Z</time></trkpt>
<trkpt lat="33.0095349" lon="35.1967439"><ele>261.3</ele><time>2021-09-12T04:42:12Z</time></trkpt>
<trkpt lat="33.0095425" lon="35.1967694"><ele>261.3</ele><time>2021-09-12T04:42:13Z</time></trkpt>
<trkpt lat="33.0095482" lon="35.1967932"><ele>261.4</ele><time>2021-09-12T04:42:14Z</time></trkpt>
<trkpt lat="33.0095526" lon="35.1968194"><ele>261.5</ele><time>2021-09-12T04:42:15Z</time></trkpt>
<trkpt lat="33.0095607" lon="35.1968451"><ele>261.5</ele><time>2021-09-12T04:42:16Z</time></trkpt>
<trkpt lat="33.0095617" lon="35.1968659"><ele>262.0</ele><time>2021-09-12T04:42:17Z</time></trkpt>
<trkpt lat="33.0095693" lon="35.196894"><ele>262.3</ele><time>2021-09-12T04:42:18Z</time></trkpt>
<trkpt lat="33.0095802" lon="35.1969183"><ele>262.1</ele><time>2021-09-12T04:42:19Z</time></trkpt>
<trkpt lat="33.0095873" lon="35.1969434"><ele>262.3</ele><time>2021-09-12T04:42:20Z</time></trkpt>
<trkpt lat="33.0095949" lon="35.196966"><ele>262.8</ele><time>2021-09-12T04:42:21Z</time></trkpt>
<trkpt lat="33.0095986" lon="35.1969893"><ele>262.8</ele><time>2021-09-12T04:42:22Z</time></trkpt>
<trkpt lat="33.0096037" lon="35.1970115"><ele>262.7</ele><time>2021-09-12T04:42:23Z</time></trkpt>
<trkpt lat="33.0096065" lon="35.1970375"><ele>262.9</ele><time>2021-09-12T04:42:24Z</time></trkpt>
<trkpt lat="33.009611" lon="35.197062"><ele>263.0</ele><time>2021-09-12T04:42:25Z</time></trkpt>
<trkpt lat="33.0096154" lon="35.1970855"><ele>263.4</ele><time>2021-09-12T04:42:26Z</time></trkpt>
<trkpt lat="33.0096182" lon="35.1971092"><ele>263.6</ele><time>2021-09-12T04:42:27Z</time></trkpt>
<trkpt lat="33.0096204" lon="35.1971354"><ele>263.4</ele><time>2021-09-12T04:42:28Z</time></trkpt>
<trkpt lat="33.0096228" lon="35.1971603"><ele>263.6</ele><time>2021-09-12T04:42:29Z</time></trkpt>
<trkpt lat="33.0096241" lon="35.1971882"><ele>263.6</ele><time>2021-09-12T04:42:30Z</time></trkpt>
<trkpt lat="33.009623" lon="35.1972154"><ele>263.9</ele><time>2021-09-12T04:42:31Z</time></trkpt>
<trkpt lat="33.0096227" lon="35.1972433"><ele>264.0</ele><time>2021-09-12T04:42:32Z</time></trkpt>
<trkpt lat="33.0096215" lon="35.1972689"><ele>263.9</ele><time>2021-09-12T04:42:33Z</time></trkpt>
<trkpt lat="33.0096182" lon="35.1972936"><ele>264.0</ele><time>2021-09-12T04:42:34Z</time></trkpt>
<trkpt lat="33.0096143" lon="35.1973174"><ele>264.4</ele><time>2021-09-12T04:42:35Z</time></trkpt>
<trkpt lat="33.0096141" lon="35.1973405"><ele>264.4</ele><time>2021-09-12T04:42:36Z</time></trkpt>
<trkpt lat="33.009615" lon="35.1973641"><ele>264.4</ele><time>2021-09-12T04:42:37Z</time></trkpt>
<trkpt lat="33.0096101" lon="35.1973866"><ele>264.6</ele><time>2021-09-12T04:42:38Z</time></trkpt>
<trkpt lat="33.0096057" lon="35.1974114"><ele>265.0</ele><time>2021-09-12T04:42:39Z</time></trkpt>
<trkpt lat="33.0096034" lon="35.1974356"><ele>265.3</ele><time>2021-09-12T04:42:40Z</time></trkpt>
<trkpt lat="33.0095982" lon="35.1974588"><ele>265.6</ele><time>2021-09-12T04:42:41Z</time></trkpt>
<trkpt lat="33.0095991" lon="35.1974831"><ele>265.9</ele><time>2021-09-12T04:42:42Z</time></trkpt>
<trkpt lat="33.0095992" lon="35.1975065"><ele>266.0</ele><time>2021-09-12T04:42:43Z</time></trkpt>
<trkpt lat="33.0095962" lon="35.1975296"><ele>266.4</ele><time>2021-09-12T04:42:44Z</time></trkpt>
<trkpt lat="33.0095947" lon="35.1975543"><ele>266.5</ele><time>2021-09-12T04:42:45Z</time></trkpt>
<trkpt lat="33.0095921" lon="35.1975794"><ele>266.3</ele><time>2021-09-12T04:42:46Z</time></trkpt>
<trkpt lat="33.0095895" lon="35.1976002"><ele>266.5</ele><time>2021-09-12T04:42:47Z</time></trkpt>
<trkpt lat="33.009587" lon="35.1976241"><ele>266.9</ele><time>2021-09-12T04:42:48Z</time></trkpt>
<trkpt lat="33.0095901" lon="35.197649"><ele>266.5</ele><time>2021-09-12T04:42:49Z</time></trkpt>
<trkpt lat="33.0095892" lon="35.1976734"><ele>266.6</ele><time>2021-09-12T04:42:50Z</time></trkpt>
<trkpt lat="33.0095842" lon="35.197696"><ele>266.9</ele><time>2021-09-12T04:42:51Z</time></trkpt>
<trkpt lat="33.0095846" lon="35.1977193"><ele>267.0</ele><time>2021-09-12T04:42:52Z</time></trkpt>
<trkpt lat="33.0095775" lon="35.197737"><ele>267.1</ele><time>2021-09-12T04:42:53Z</time></trkpt>
<trkpt lat="33.0095777" lon="35.1977631"><ele>267.1</ele><time>2021-09-12T04:42:54Z</time></trkpt>
<trkpt lat="33.0095764" lon="35.1977865"><ele>267.1</ele><time>2021-09-12T04:42:55Z</time></trkpt>
<trkpt lat="33.0095754" lon="35.1978088"><ele>267.4</ele><time>2021-09-12T04:42:56Z</time></trkpt>
<trkpt lat="33.0095752" lon="35.1978327"><ele>267.1</ele><time>2021-09-12T04:42:57Z</time></trkpt>
<trkpt lat="33.0095724" lon="35.1978602"><ele>267.5</ele><time>2021-09-12T04:42:58Z</time></trkpt>
<trkpt lat="33.0095712" lon="35.1978806"><ele>267.4</ele><time>2021-09-12T04:42:59Z</time></trkpt>
<trkpt lat="33.0095671" lon="35.1979014"><ele>268.0</ele><time>2021-09-12T04:43:00Z</time></trkpt>
<trkpt lat="33.009561" lon="35.1979204"><ele>268.2</ele><time>2021-09-12T04:43:01Z</time></trkpt>
<trkpt lat="33.0095544" lon="35.1979426"><ele>268.2</ele><time>2021-09-12T04:43:02Z</time></trkpt>
<trkpt lat="33.0095547" lon="35.1979636"><ele>268.2</ele><time>2021-09-12T04:43:03Z</time></trkpt>
<trkpt lat="33.0095545" lon="35.1979846"><ele>268.7</ele><time>2021-09-12T04:43:04Z</time></trkpt>
<trkpt lat="33.0095521" lon="35.198007"><ele>268.7</ele><time>2021-09-12T04:43:05Z</time></trkpt>
<trkpt lat="33.0095489" lon="35.19803"><ele>268.9</ele><time>2021-09-12T04:43:06Z</time></trkpt>
<trkpt lat="33.0095475" lon="35.1980537"><ele>269.4</ele><time>2021-09-12T04:43:07Z</time></trkpt>
<trkpt lat="33.0095446" lon="35.1980774"><ele>269.6</ele><time>2021-09-12T04:43:08Z</time></trkpt>
<trkpt lat="33.0095416" lon="35.1980991"><ele>269.3</ele><time>2021-09-12T04:43:09Z</time></trkpt>
<trkpt lat="33.0095388" lon="35.1981236"><ele>269.5</ele><time>2021-09-12T04:43:10Z</time></trkpt>
<trkpt lat="33.0095413" lon="35.198141"><ele>269.7</ele><time>2021-09-12T04:43:11Z</time></trkpt>
<trkpt lat="33.009538" lon="35.1981628"><ele>269.5</ele><time>2021-09-12T04:43:12Z</time></trkpt>
<trkpt lat="33.0095331" lon="35.1981852"><ele>270.1</ele><time>2021-09-12T04:43:13Z</time></trkpt>
<trkpt lat="33.0095306" lon="35.1982086"><ele>270.0</ele><time>2021-09-12T04:43:14Z</time></trkpt>
<trkpt lat="33.0095263" lon="35.1982324"><ele>269.8</ele><time>2021-09-12T04:43:15Z</time></trkpt>
<trkpt lat="33.0095245" lon="35.1982558"><ele>270.2</ele><time>2021-09-12T04:43:16Z</time></trkpt>
<trkpt lat="33.0095214" lon="35.1982773"><ele>270.3</ele><time>2021-09-12T04:43:17Z</time></trkpt>
<trkpt lat="33.0095126" lon="35.1983014"><ele>270.5</ele><time>2021-09-12T04:43:18Z</time></trkpt>
<trkpt lat="33.0095055" lon="35.1983233"><ele>270.6</ele><time>2021-09-12T04:43:19Z</time></trkpt>
<trkpt lat="33.0095009" lon="35.1983444"><ele>270.9</ele><time>2021-09-12T04:43:20Z</time></trkpt>
<trkpt lat="33.0094967" lon="35.1983664"><ele>271.1</ele><time>2021-09-12T04:43:21Z</time></trkpt>
<trkpt lat="33.0094911" lon="35.198388"><ele>271.2</ele><time>2021-09-12T04:43:22Z</time></trkpt>
<trkpt lat="33.0094864" lon="35.1984107"><ele>270.9</ele><time>2021-09-12T04:43:23Z</time></trkpt>
<trkpt lat="33.0094792" lon="35.1984339"><ele>271.1</ele><time>2021-09-12T04:43:24Z</time></trkpt>
<trkpt lat="33.0094716" lon="35.1984572"><ele>271.5</ele><time>2021-09-12T04:43:25Z</time></trkpt>
<trkpt lat="33.0094697" lon="35.1984807"><ele>271.5</ele><time>2021-09-12T04:43:26Z</time></trkpt>
<trkpt lat="33.0094655" lon="35.1985053"><ele>271.3</ele><time>2021-09-12T04:43:27Z</time></trkpt>
<trkpt lat="33.0094576" lon="35.1985285"><ele>271.6</ele><time>2021-09-12T04:43:28Z</time></trkpt>
<trkpt lat="33.0094527" lon="35.198552"><ele>271.3</ele><time>2021-09-12T04:43:29Z</time></trkpt>
<trkpt lat="33.0094475" lon="35.1985762"><ele>272.0</ele><time>2021-09-12T04:43:30Z</time></trkpt>
<trkpt lat="33.009446" lon="35.1985987"><ele>272.2</ele><time>2021-09-12T04:43:31Z</time></trkpt>
<trkpt lat="33.0094394" lon="35.1986244"><ele>272.4</ele><time>2021-09-12T04:43:32Z</time></trkpt>
<trkpt lat="33.0094328" lon="35.1986477"><ele>272.6</ele><time>2021-09-12T04:43:33Z</time></trkpt>
<trkpt lat="33.0094287" lon="35.1986687"><ele>272.9</ele><time>2021-09-12T04:43:34Z</time></trkpt>
<trkpt lat="33.0094233" lon="35.1986927"><ele>272.9</ele><time>2021-09-12T04:43:35Z</time></trkpt>
<trkpt lat="33.0094183" lon="35.1987149"><ele>273.1</ele><time>2021-09-12T04:43:36Z</time></trkpt>
<trkpt lat="33.0094092" lon="35.1987368"><ele>273.0</ele><time>2021-09-12T04:43:37Z</time></trkpt>
<trkpt lat="33.0094048" lon="35.198761"><ele>273.0</ele><time>2021-09-12T04:43:38Z</time></trkpt>
<trkpt lat="33.0093991" lon="35.1987867"><ele>273.2</ele><time>2021-09-12T04:43:39Z</time></trkpt>
<trkpt lat="33.0093888" lon="35.1988089"><ele>273.0</ele><time>2021-09-12T04:43:40Z</time></trkpt>
<trkpt lat="33.0093807" lon="35.1988332"><ele>273.4</ele><time>2021-09-12T04:43:41Z</time></trkpt>
<trkpt lat="33.0093752" lon="35.198857"><ele>273.2</ele><time>2021-09-12T04:43:42Z</time></trkpt>
<trkpt lat="33.0093735" lon="35.1988817"><ele>273.2</ele><time>2021-09-12T04:43:43Z</time></trkpt>
<trkpt lat="33.0093658" lon="35.1989039"><ele>273.0</ele><time>2021-09-12T04:43:44Z</time></trkpt>
<trkpt lat="33.0093633" lon="35.1989262"><ele>273.3</ele><time>2021-09-12T04:43:45Z</time></trkpt>
<trkpt lat="33.0093595" lon="35.1989495"><ele>273.8</ele><time>2021-09-12T04:43:46Z</time></trkpt>
<trkpt lat="33.0093548" lon="35.1989716"><ele>273.3</ele><time>2021-09-12T04:43:47Z</time></trkpt>
<trkpt lat="33.0093492" lon="35.198996"><ele>273.5</ele><time>2021-09-12T04:43:48Z</time></trkpt>
<trkpt lat="33.0093415" lon="35.1990167"><ele>273.7</ele><time>2021-09-12T04:43:49Z</time></trkpt>
<trkpt lat="33.0093343" lon="35.1990375"><ele>273.9</ele><time>2021-09-12T04:43:50Z</time></trkpt>
<trkpt lat="33.0093316" lon="35.1990644"><ele>274.2</ele><time>2021-09-12T04:43:51Z</time></trkpt>
<trkpt lat="33.0093234" lon="35.1990912"><ele>274.0</ele><time>2021-09-12T04:43:52Z</time></trkpt>
<trkpt lat="33.0093186" lon="35.1991129"><ele>274.0</ele><time>2021-09-12T04:43:53Z</time></trkpt>
<trkpt lat="33.0093115" lon="35.1991408"><ele>274.6</ele><time>2021-09-12T04:43:54Z</time></trkpt>
<trkpt lat="33.0093058" lon="35.1991657"><ele>274.6</ele><time>2021-09-12T04:43:55Z</time></trkpt>
<trkpt lat="33.0092984" lon="35.1991912"><ele>274.6</ele><time>2021-09-12T04:43:56Z</time></trkpt>
<trkpt lat="33.0092914" lon="35.1992163"><ele>274.4</ele><time>2021-09-12T04:43:57Z</time></trkpt>
<trkpt lat="33.0092851" lon="35.1992427"><ele>274.9</ele><time>2021-09-12T04:43:58Z</time></trkpt>
<trkpt lat="33.0092751" lon="35.1992644"><ele>275.5</ele><time>2021-09-12T04:43:59Z</time></trkpt>
<trkpt lat="33.0092652" lon="35.1992918"><ele>275.3</ele><time>2021-09-12T04:44:00Z</time></trkpt>
<trkpt lat="33.0092543" lon="35.1993168"><ele>275.1</ele><time>2021-09-12T04:44:01Z</time></trkpt>
<trkpt lat="33.0092458" lon="35.1993411"><ele>275.4</ele><time>2021-09-12T04:44:02Z</time></trkpt>
<trkpt lat="33.0092387" lon="35.1993663"><ele>275.7</ele><time>2021-09-12T04:44:03Z</time></trkpt>
<trkpt lat="33.0092367" lon="35.1993918"><ele>275.7</ele><time>2021-09-12T04:44:04Z</time></trkpt>
<trkpt lat="33.0092263" lon="35.1994132"><ele>276.0</ele><time>2021-09-12T04:44:05Z</time></trkpt>
<trkpt lat="33.0092145" lon="35.1994393"><ele>275.9</ele><time>2021-09-12T04:44:06Z</time></trkpt>
<trkpt lat="33.0092008" lon="35.1994602"><ele>276.1</ele><time>2021-09-12T04:44:07Z</time></trkpt>
<trkpt lat="33.0091893" lon="35.1994825"><ele>276.3</ele><time>2021-09-12T04:44:08Z</time></trkpt>
<trkpt lat="33.0091777" lon="35.1995048"><ele>276.6</ele><time>2021-09-12T04:44:09Z</time></trkpt>
<trkpt lat="33.0091657" lon="35.1995277"><ele>276.7</ele><time>2021-09-12T04:44:10Z</time></trkpt>
<trkpt lat="33.0091507" lon="35.1995491"><ele>276.7</ele><time>2021-09-12T04:44:11Z</time></trkpt>
<trkpt lat="33.0091306" lon="35.1995704"><ele>276.7</ele><time>2021-09-12T04:44:12Z</time></trkpt>
<trkpt lat="33.0091138" lon="35.1995906"><ele>277.0</ele><time>2021-09-12T04:44:13Z</time></trkpt>
<trkpt lat="33.0090979" lon="35.1996118"><ele>277.0</ele><time>2021-09-12T04:44:14Z</time></trkpt>
<trkpt lat="33.0090784" lon="35.1996267"><ele>277.1</ele><time>2021-09-12T04:44:15Z</time></trkpt>
<trkpt lat="33.0090664" lon="35.1996458"><ele>276.9</ele><time>2021-09-12T04:44:16Z</time></trkpt>
<trkpt lat="33.0090515" lon="35.1996634"><ele>276.9</ele><time>2021-09-12T04:44:17Z</time></trkpt>
<trkpt lat="33.0090329" lon="35.1996782"><ele>276.9</ele><time>2021-09-12T04:44:18Z</time></trkpt>
<trkpt lat="33.009017" lon="35.1996953"><ele>276.8</ele><time>2021-09-12T04:44:19Z</time></trkpt>
<trkpt lat="33.0090009" lon="35.1997144"><ele>276.9</ele><time>2021-09-12T04:44:20Z</time></trkpt>
<trkpt lat="33.0089848" lon="35.1997326"><ele>277.1</ele><time>2021-09-12T04:44:21Z</time></trkpt>
<trkpt lat="33.0089698" lon="35.1997508"><ele>277.1</ele><time>2021-09-12T04:44:22Z</time></trkpt>
<trkpt lat="33.0089531" lon="35.199768"><ele>277.0</ele><time>2021-09-12T04:44:23Z</time></trkpt>
<trkpt lat="33.0089391" lon="35.1997818"><ele>277.1</ele><time>2021-09-12T04:44:24Z</time></trkpt>
<trkpt lat="33.0089199" lon="35.1997976"><ele>277.3</ele><time>2021-09-12T04:44:25Z</time></trkpt>
<trkpt lat="33.008905" lon="35.1998162"><ele>277.4</ele><time>2021-09-12T04:44:26Z</time></trkpt>
<trkpt lat="33.0088877" lon="35.1998382"><ele>277.6</ele><time>2021-09-12T04:44:27Z</time></trkpt>
<trkpt lat="33.0088716" lon="35.199856"><ele>277.7</ele><time>2021-09-12T04:44:28Z</time></trkpt>
<trkpt lat="33.0088537" lon="35.1998714"><ele>277.8</ele><time>2021-09-12T04:44:29Z</time></trkpt>
<trkpt lat="33.00884" lon="35.1998922"><ele>278.2</ele><time>2021-09-12T04:44:30Z</time></trkpt>
<trkpt lat="33.0088189" lon="35.1999091"><ele>278.5</ele><time>2021-09-12T04:44:31Z</time></trkpt>
<trkpt lat="33.0088008" lon="35.1999239"><ele>278.5</ele><time>2021-09-12T04:44:32Z</time></trkpt>
<trkpt lat="33.0087922" lon="35.1999411"><ele>278.3</ele><time>2021-09-12T04:44:33Z</time></trkpt>
<trkpt lat="33.0087772" lon="35.1999585"><ele>278.3</ele><time>2021-09-12T04:44:34Z</time></trkpt>
<trkpt lat="33.0087643" lon="35.1999773"><ele>278.5</ele><time>2021-09-12T04:44:35Z</time></trkpt>
<trkpt lat="33.0087497" lon="35.1999969"><ele>278.8</ele><time>2021-09-12T04:44:36Z</time></trkpt>
<trkpt lat="33.0087333" lon="35.2000156"><ele>279.1</ele><time>2021-09-12T04:44:37Z</time></trkpt>
<trkpt lat="33.0087204" lon="35.2000317"><ele>278.7</ele><time>2021-09-12T04:44:38Z</time></trkpt>
<trkpt lat="33.0086918" lon="35.2000586"><ele>280.2</ele><time>2021-09-12T04:44:39Z</time></trkpt>
<trkpt lat="33.0086764" lon="35.2000764"><ele>280.1</ele><time>2021-09-12T04:44:40Z</time></trkpt>
<trkpt lat="33.0086549" lon="35.2000966"><ele>279.9</ele><time>2021-09-12T04:44:41Z</time></trkpt>
<trkpt lat="33.008636" lon="35.2001207"><ele>279.7</ele><time>2021-09-12T04:44:42Z</time></trkpt>
<trkpt lat="33.0086162" lon="35.2001406"><ele>279.4</ele><time>2021-09-12T04:44:43Z</time></trkpt>
<trkpt lat="33.0085985" lon="35.2001614"><ele>280.1</ele><time>2021-09-12T04:44:44Z</time></trkpt>
<trkpt lat="33.0085808" lon="35.2001793"><ele>279.8</ele><time>2021-09-12T04:44:45Z</time></trkpt>
<trkpt lat="33.0085633" lon="35.2001984"><ele>280.3</ele><time>2021-09-12T04:44:46Z</time></trkpt>
<trkpt lat="33.0085465" lon="35.200216"><ele>279.6</ele><time>2021-09-12T04:44:47Z</time></trkpt>
<trkpt lat="33.0085261" lon="35.2002325"><ele>279.8</ele><time>2021-09-12T04:44:48Z</time></trkpt>
<trkpt lat="33.0085062" lon="35.2002597"><ele>279.7</ele><time>2021-09-12T04:44:49Z</time></trkpt>
<trkpt lat="33.0084895" lon="35.200274"><ele>279.6</ele><time>2021-09-12T04:44:50Z</time></trkpt>
<trkpt lat="33.0084663" lon="35.2002919"><ele>280.2</ele><time>2021-09-12T04:44:51Z</time></trkpt>
<trkpt lat="33.0084502" lon="35.2003125"><ele>279.8</ele><time>2021-09-12T04:44:52Z</time></trkpt>
<trkpt lat="33.0084322" lon="35.2003302"><ele>281.6</ele><time>2021-09-12T04:44:53Z</time></trkpt>
<trkpt lat="33.0084088" lon="35.2003495"><ele>279.9</ele><time>2021-09-12T04:44:54Z</time></trkpt>
<trkpt lat="33.0083975" lon="35.2003693"><ele>280.2</ele><time>2021-09-12T04:44:55Z</time></trkpt>
<trkpt lat="33.0083836" lon="35.2003917"><ele>280.8</ele><time>2021-09-12T04:44:56Z</time></trkpt>
<trkpt lat="33.0083633" lon="35.2004171"><ele>281.0</ele><time>2021-09-12T04:44:57Z</time></trkpt>
<trkpt lat="33.0083378" lon="35.2004369"><ele>281.0</ele><time>2021-09-12T04:44:58Z</time></trkpt>
<trkpt lat="33.0083168" lon="35.2004565"><ele>281.0</ele><time>2021-09-12T04:44:59Z</time></trkpt>
<trkpt lat="33.0082945" lon="35.2004741"><ele>281.2</ele><time>2021-09-12T04:45:00Z</time></trkpt>
<trkpt lat="33.008274" lon="35.2004958"><ele>280.9</ele><time>2021-09-12T04:45:01Z</time></trkpt>
<trkpt lat="33.0082531" lon="35.2005211"><ele>280.9</ele><time>2021-09-12T04:45:02Z</time></trkpt>
<trkpt lat="33.0082289" lon="35.2005466"><ele>280.8</ele><time>2021-09-12T04:45:03Z</time></trkpt>
<trkpt lat="33.0082031" lon="35.2005639"><ele>280.6</ele><time>2021-09-12T04:45:04Z</time></trkpt>
<trkpt lat="33.0081836" lon="35.2005841"><ele>280.7</ele><time>2021-09-12T04:45:05Z</time></trkpt>
<trkpt lat="33.008158" lon="35.2006082"><ele>280.5</ele><time>2021-09-12T04:45:06Z</time></trkpt>
<trkpt lat="33.008139" lon="35.2006344"><ele>281.4</ele><time>2021-09-12T04:45:07Z</time></trkpt>
<trkpt lat="33.0081205" lon="35.2006624"><ele>280.1</ele><time>2021-09-12T04:45:08Z</time></trkpt>
<trkpt lat="33.0080958" lon="35.200685"><ele>280.6</ele><time>2021-09-12T04:45:09Z</time></trkpt>
<trkpt lat="33.008076" lon="35.2007091"><ele>280.8</ele><time>2021-09-12T04:45:10Z</time></trkpt>
<trkpt lat="33.0080604" lon="35.2007364"><ele>280.8</ele><time>2021-09-12T04:45:11Z</time></trkpt>
<trkpt lat="33.0080415" lon="35.2007639"><ele>281.1</ele><time>2021-09-12T04:45:12Z</time></trkpt>
<trkpt lat="33.0080254" lon="35.200791"><ele>280.8</ele><time>2021-09-12T04:45:13Z</time></trkpt>
<trkpt lat="33.0080037" lon="35.2008168"><ele>280.8</ele><time>2021-09-12T04:45:14Z</time></trkpt>
<trkpt lat="33.0079808" lon="35.2008396"><ele>281.2</ele><time>2021-09-12T04:45:15Z</time></trkpt>
<trkpt lat="33.0079562" lon="35.2008656"><ele>280.9</ele><time>2021-09-12T04:45:16Z</time></trkpt>
<trkpt lat="33.007934" lon="35.2008918"><ele>281.3</ele><time>2021-09-12T04:45:17Z</time></trkpt>
<trkpt lat="33.0079032" lon="35.2009091"><ele>280.8</ele><time>2021-09-12T04:45:18Z</time></trkpt>
<trkpt lat="33.0078741" lon="35.2009362"><ele>280.8</ele><time>2021-09-12T04:45:19Z</time></trkpt>
<trkpt lat="33.0078469" lon="35.2009567"><ele>280.7</ele><time>2021-09-12T04:45:20Z</time></trkpt>
<trkpt lat="33.007825" lon="35.2009812"><ele>280.8</ele><time>2021-09-12T04:45:21Z</time></trkpt>
<trkpt lat="33.0078022" lon="35.2010012"><ele>280.7</ele><time>2021-09-12T04:45:22Z</time></trkpt>
<trkpt lat="33.0077799" lon="35.2010215"><ele>280.7</ele><time>2021-09-12T04:45:23Z</time></trkpt>
<trkpt lat="33.0077558" lon="35.2010481"><ele>280.9</ele><time>2021-09-12T04:45:24Z</time></trkpt>
<trkpt lat="33.0077318" lon="35.2010733"><ele>280.8</ele><time>2021-09-12T04:45:25Z</time></trkpt>
<trkpt lat="33.0077088" lon="35.2010999"><ele>280.9</ele><time>2021-09-12T04:45:26Z</time></trkpt>
<trkpt lat="33.0076867" lon="35.2011218"><ele>280.6</ele><time>2021-09-12T04:45:27Z</time></trkpt>
<trkpt lat="33.0076652" lon="35.2011451"><ele>280.1</ele><time>2021-09-12T04:45:28Z</time></trkpt>
<trkpt lat="33.0076412" lon="35.2011772"><ele>280.4</ele><time>2021-09-12T04:45:29Z</time></trkpt>
<trkpt lat="33.0076135" lon="35.201201"><ele>280.6</ele><time>2021-09-12T04:45:30Z</time></trkpt>
<trkpt lat="33.0075911" lon="35.2012239"><ele>280.2</ele><time>2021-09-12T04:45:31Z</time></trkpt>
<trkpt lat="33.0075656" lon="35.2012544"><ele>280.7</ele><time>2021-09-12T04:45:32Z</time></trkpt>
<trkpt lat="33.00754" lon="35.2012807"><ele>281.0</ele><time>2021-09-12T04:45:33Z</time></trkpt>
<trkpt lat="33.007511" lon="35.2013127"><ele>281.2</ele><time>2021-09-12T04:45:34Z</time></trkpt>
<trkpt lat="33.0074886" lon="35.2013377"><ele>281.1</ele><time>2021-09-12T04:45:35Z</time></trkpt>
<trkpt lat="33.0074599" lon="35.2013649"><ele>280.9</ele><time>2021-09-12T04:45:36Z</time></trkpt>
<trkpt lat="33.0074342" lon="35.2013908"><ele>280.9</ele><time>2021-09-12T04:45:37Z</time></trkpt>
<trkpt lat="33.0074078" lon="35.2014113"><ele>280.9</ele><time>2021-09-12T04:45:38Z</time></trkpt>
<trkpt lat="33.0073814" lon="35.2014382"><ele>281.0</ele><time>2021-09-12T04:45:39Z</time></trkpt>
<trkpt lat="33.0073586" lon="35.2014602"><ele>281.5</ele><time>2021-09-12T04:45:40Z</time></trkpt>
<trkpt lat="33.0073393" lon="35.201491"><ele>281.3</ele><time>2021-09-12T04:45:41Z</time></trkpt>
<trkpt lat="33.0073192" lon="35.2015174"><ele>281.4</ele><time>2021-09-12T04:45:42Z</time></trkpt>
<trkpt lat="33.0073012" lon="35.2015419"><ele>281.5</ele><time>2021-09-12T04:45:43Z</time></trkpt>
<trkpt lat="33.0072849" lon="35.2015648"><ele>281.3</ele><time>2021-09-12T04:45:44Z</time></trkpt>
<trkpt lat="33.0072726" lon="35.2015857"><ele>281.2</ele><time>2021-09-12T04:45:45Z</time></trkpt>
<trkpt lat="33.0072548" lon="35.201613"><ele>281.3</ele><time>2021-09-12T04:45:46Z</time></trkpt>
<trkpt lat="33.0072302" lon="35.2016415"><ele>281.4</ele><time>2021-09-12T04:45:47Z</time></trkpt>
<trkpt lat="33.0072028" lon="35.2016683"><ele>280.9</ele><time>2021-09-12T04:45:48Z</time></trkpt>
<trkpt lat="33.0071764" lon="35.2016895"><ele>281.0</ele><time>2021-09-12T04:45:49Z</time></trkpt>
<trkpt lat="33.0071528" lon="35.2017156"><ele>281.0</ele><time>2021-09-12T04:45:50Z</time></trkpt>
<trkpt lat="33.0071334" lon="35.201741"><ele>281.4</ele><time>2021-09-12T04:45:51Z</time></trkpt>
<trkpt lat="33.0071131" lon="35.2017677"><ele>281.5</ele><time>2021-09-12T04:45:52Z</time></trkpt>
<trkpt lat="33.0070906" lon="35.2017919"><ele>281.5</ele><time>2021-09-12T04:45:53Z</time></trkpt>
<trkpt lat="33.0070718" lon="35.2018184"><ele>282.0</ele><time>2021-09-12T04:45:54Z</time></trkpt>
<trkpt lat="33.0070473" lon="35.2018449"><ele>281.9</ele><time>2021-09-12T04:45:55Z</time></trkpt>
<trkpt lat="33.0070244" lon="35.2018664"><ele>282.4</ele><time>2021-09-12T04:45:56Z</time></trkpt>
<trkpt lat="33.0070046" lon="35.2018884"><ele>282.1</ele><time>2021-09-12T04:45:57Z</time></trkpt>
<trkpt lat="33.0069897" lon="35.2019139"><ele>282.1</ele><time>2021-09-12T04:45:58Z</time></trkpt>
<trkpt lat="33.0069711" lon="35.2019371"><ele>282.8</ele><time>2021-09-12T04:45:59Z</time></trkpt>
<trkpt lat="33.0069582" lon="35.2019691"><ele>282.8</ele><time>2021-09-12T04:46:00Z</time></trkpt>
<trkpt lat="33.0069401" lon="35.2019987"><ele>283.1</ele><time>2021-09-12T04:46:01Z</time></trkpt>
<trkpt lat="33.0069229" lon="35.202016"><ele>283.6</ele><time>2021-09-12T04:46:02Z</time></trkpt>
<trkpt lat="33.0069063" lon="35.2020411"><ele>283.6</ele><time>2021-09-12T04:46:03Z</time></trkpt>
<trkpt lat="33.006893" lon="35.2020682"><ele>283.8</ele><time>2021-09-12T04:46:04Z</time></trkpt>
<trkpt lat="33.0068786" lon="35.2020917"><ele>284.1</ele><time>2021-09-12T04:46:05Z</time></trkpt>
<trkpt lat="33.0068591" lon="35.2021125"><ele>284.3</ele><time>2021-09-12T04:46:06Z</time></trkpt>
<trkpt lat="33.0068439" lon="35.2021368"><ele>284.5</ele><time>2021-09-12T04:46:07Z</time></trkpt>
<trkpt lat="33.0068325" lon="35.2021658"><ele>285.2</ele><time>2021-09-12T04:46:08Z</time></trkpt>
<trkpt lat="33.0068173" lon="35.202191"><ele>285.0</ele><time>2021-09-12T04:46:09Z</time></trkpt>
<trkpt lat="33.0068019" lon="35.2022181"><ele>285.1</ele><time>2021-09-12T04:46:10Z</time></trkpt>
<trkpt lat="33.0067927" lon="35.2022494"><ele>285.3</ele><time>2021-09-12T04:46:11Z</time></trkpt>
<trkpt lat="33.0067822" lon="35.2022779"><ele>285.4</ele><time>2021-09-12T04:46:12Z</time></trkpt>
<trkpt lat="33.0067718" lon="35.2023062"><ele>285.6</ele><time>2021-09-12T04:46:13Z</time></trkpt>
<trkpt lat="33.0067584" lon="35.2023348"><ele>285.7</ele><time>2021-09-12T04:46:14Z</time></trkpt>
<trkpt lat="33.0067431" lon="35.2023633"><ele>285.5</ele><time>2021-09-12T04:46:15Z</time></trkpt>
<trkpt lat="33.0067289" lon="35.202391"><ele>285.1</ele><time>2021-09-12T04:46:16Z</time></trkpt>
<trkpt lat="33.0067152" lon="35.2024206"><ele>285.9</ele><time>2021-09-12T04:46:17Z</time></trkpt>
<trkpt lat="33.0067064" lon="35.2024469"><ele>286.1</ele><time>2021-09-12T04:46:18Z</time></trkpt>
<trkpt lat="33.0066951" lon="35.2024796"><ele>286.2</ele><time>2021-09-12T04:46:19Z</time></trkpt>
<trkpt lat="33.0066815" lon="35.2025059"><ele>285.9</ele><time>2021-09-12T04:46:20Z</time></trkpt>
<trkpt lat="33.0066682" lon="35.2025336"><ele>286.0</ele><time>2021-09-12T04:46:21Z</time></trkpt>
<trkpt lat="33.0066586" lon="35.2025656"><ele>286.3</ele><time>2021-09-12T04:46:22Z</time></trkpt>
<trkpt lat="33.0066506" lon="35.2025908"><ele>286.2</ele><time>2021-09-12T04:46:23Z</time></trkpt>
<trkpt lat="33.0066393" lon="35.2026195"><ele>286.1</ele><time>2021-09-12T04:46:24Z</time></trkpt>
<trkpt lat="33.0066338" lon="35.202648"><ele>286.6</ele><time>2021-09-12T04:46:25Z</time></trkpt>
<trkpt lat="33.0066206" lon="35.2026769"><ele>286.7</ele><time>2021-09-12T04:46:26Z</time></trkpt>
<trkpt lat="33.0066163" lon="35.2027059"><ele>286.9</ele><time>2021-09-12T04:46:27Z</time></trkpt>
<trkpt lat="33.0066071" lon="35.2027358"><ele>287.4</ele><time>2021-09-12T04:46:28Z</time></trkpt>
<trkpt lat="33.0066024" lon="35.2027599"><ele>287.2</ele><time>2021-09-12T04:46:29Z</time></trkpt>
<trkpt lat="33.0065975" lon="35.2027882"><ele>287.2</ele><time>2021-09-12T04:46:30Z</time></trkpt>
<trkpt lat="33.0065865" lon="35.2028129"><ele>287.6</ele><time>2021-09-12T04:46:31Z</time></trkpt>
<trkpt lat="33.0065842" lon="35.2028402"><ele>287.6</ele><time>2021-09-12T04:46:32Z</time></trkpt>
<trkpt lat="33.0065866" lon="35.2028635"><ele>286.9</ele><time>2021-09-12T04:46:33Z</time></trkpt>
<trkpt lat="33.0065758" lon="35.202897"><ele>288.0</ele><time>2021-09-12T04:46:34Z</time></trkpt>
<trkpt lat="33.0065652" lon="35.2029232"><ele>288.4</ele><time>2021-09-12T04:46:35Z</time></trkpt>
<trkpt lat="33.0065592" lon="35.2029508"><ele>288.2</ele><time>2021-09-12T04:46:36Z</time></trkpt>
<trkpt lat="33.0065517" lon="35.2029738"><ele>288.2</ele><time>2021-09-12T04:46:37Z</time></trkpt>
<trkpt lat="33.0065399" lon="35.2030001"><ele>288.6</ele><time>2021-09-12T04:46:38Z</time></trkpt>
<trkpt lat="33.0065298" lon="35.203021"><ele>288.5</ele><time>2021-09-12T04:46:39Z</time></trkpt>
<trkpt lat="33.0065233" lon="35.2030474"><ele>288.8</ele><time>2021-09-12T04:46:40Z</time></trkpt>
<trkpt lat="33.0065165" lon="35.2030707"><ele>289.0</ele><time>2021-09-12T04:46:41Z</time></trkpt>
<trkpt lat="33.0065114" lon="35.2030956"><ele>289.0</ele><time>2021-09-12T04:46:42Z</time></trkpt>
<trkpt lat="33.0065067" lon="35.2031216"><ele>289.2</ele><time>2021-09-12T04:46:43Z</time></trkpt>
<trkpt lat="33.0065014" lon="35.2031483"><ele>289.2</ele><time>2021-09-12T04:46:44Z</time></trkpt>
<trkpt lat="33.0064993" lon="35.203175"><ele>289.4</ele><time>2021-09-12T04:46:45Z</time></trkpt>
<trkpt lat="33.006491" lon="35.2031998"><ele>289.6</ele><time>2021-09-12T04:46:46Z</time></trkpt>
<trkpt lat="33.0064872" lon="35.2032283"><ele>289.2</ele><time>2021-09-12T04:46:47Z</time></trkpt>
<trkpt lat="33.0064789" lon="35.2032521"><ele>289.7</ele><time>2021-09-12T04:46:48Z</time></trkpt>
<trkpt lat="33.0064775" lon="35.2032769"><ele>290.1</ele><time>2021-09-12T04:46:49Z</time></trkpt>
<trkpt lat="33.006468" lon="35.2033025"><ele>290.0</ele><time>2021-09-12T04:46:50Z</time></trkpt>
<trkpt lat="33.0064618" lon="35.2033291"><ele>289.9</ele><time>2021-09-12T04:46:51Z</time></trkpt>
<trkpt lat="33.0064582" lon="35.2033533"><ele>290.0</ele><time>2021-09-12T04:46:52Z</time></trkpt>
<trkpt lat="33.006456" lon="35.2033807"><ele>290.1</ele><time>2021-09-12T04:46:53Z</time></trkpt>
<trkpt lat="33.0064524" lon="35.2034075"><ele>290.2</ele><time>2021-09-12T04:46:54Z</time></trkpt>
<trkpt lat="33.0064456" lon="35.2034329"><ele>290.4</ele><time>2021-09-12T04:46:55Z</time></trkpt>
<trkpt lat="33.0064405" lon="35.2034554"><ele>290.6</ele><time>2021-09-12T04:46:56Z</time></trkpt>
<trkpt lat="33.0064386" lon="35.2034764"><ele>290.5</ele><time>2021-09-12T04:46:57Z</time></trkpt>
<trkpt lat="33.0064337" lon="35.2034971"><ele>290.8</ele><time>2021-09-12T04:46:58Z</time></trkpt>
<trkpt lat="33.0064288" lon="35.2035174"><ele>290.7</ele><time>2021-09-12T04:46:59Z</time></trkpt>
<trkpt lat="33.0064273" lon="35.203536"><ele>290.6</ele><time>2021-09-12T04:47:00Z</time></trkpt>
<trkpt lat="33.0064207" lon="35.2035613"><ele>290.9</ele><time>2021-09-12T04:47:01Z</time></trkpt>
<trkpt lat="33.0064172" lon="35.2035841"><ele>291.0</ele><time>2021-09-12T04:47:02Z</time></trkpt>
<trkpt lat="33.0064112" lon="35.2036063"><ele>291.5</ele><time>2021-09-12T04:47:03Z</time></trkpt>
<trkpt lat="33.006411" lon="35.2036263"><ele>291.4</ele><time>2021-09-12T04:47:04Z</time></trkpt>
<trkpt lat="33.006409" lon="35.2036496"><ele>291.6</ele><time>2021-09-12T04:47:05Z</time></trkpt>
<trkpt lat="33.0064041" lon="35.2036727"><ele>291.7</ele><time>2021-09-12T04:47:06Z</time></trkpt>
<trkpt lat="33.0064005" lon="35.2036952"><ele>291.8</ele><time>2021-09-12T04:47:07Z</time></trkpt>
<trkpt lat="33.0063987" lon="35.2037183"><ele>292.2</ele><time>2021-09-12T04:47:08Z</time></trkpt>
<trkpt lat="33.006397" lon="35.2037424"><ele>292.3</ele><time>2021-09-12T04:47:09Z</time></trkpt>
<trkpt lat="33.0063919" lon="35.2037661"><ele>292.5</ele><time>2021-09-12T04:47:10Z</time></trkpt>
<trkpt lat="33.0063887" lon="35.2037916"><ele>292.8</ele><time>2021-09-12T04:47:11Z</time></trkpt>
<trkpt lat="33.0063848" lon="35.2038151"><ele>292.8</ele><time>2021-09-12T04:47:12Z</time></trkpt>
<trkpt lat="33.0063829" lon="35.203838"><ele>292.5</ele><time>2021-09-12T04:47:13Z</time></trkpt>
<trkpt lat="33.006377" lon="35.2038666"><ele>293.1</ele><time>2021-09-12T04:47:14Z</time></trkpt>
<trkpt lat="33.0063721" lon="35.2038933"><ele>293.7</ele><time>2021-09-12T04:47:15Z</time></trkpt>
<trkpt lat="33.0063681" lon="35.2039168"><ele>293.7</ele><time>2021-09-12T04:47:16Z</time></trkpt>
<trkpt lat="33.0063623" lon="35.2039408"><ele>293.8</ele><time>2021-09-12T04:47:17Z</time></trkpt>
<trkpt lat="33.0063591" lon="35.2039668"><ele>293.9</ele><time>2021-09-12T04:47:18Z</time></trkpt>
<trkpt lat="33.0063569" lon="35.2039954"><ele>293.8</ele><time>2021-09-12T04:47:19Z</time></trkpt>
<trkpt lat="33.006348" lon="35.2040205"><ele>293.8</ele><time>2021-09-12T04:47:20Z</time></trkpt>
<trkpt lat="33.0063472" lon="35.2040465"><ele>293.9</ele><time>2021-09-12T04:47:21Z</time></trkpt>
<trkpt lat="33.006343" lon="35.2040727"><ele>293.9</ele><time>2021-09-12T04:47:22Z</time></trkpt>
<trkpt lat="33.0063416" lon="35.204098"><ele>294.3</ele><time>2021-09-12T04:47:23Z</time></trkpt>
<trkpt lat="33.006337" lon="35.2041258"><ele>294.0</ele><time>2021-09-12T04:47:24Z</time></trkpt>
<trkpt lat="33.0063325" lon="35.2041517"><ele>294.2</ele><time>2021-09-12T04:47:25Z</time></trkpt>
<trkpt lat="33.0063271" lon="35.2041782"><ele>294.5</ele><time>2021-09-12T04:47:26Z</time></trkpt>
<trkpt lat="33.0063288" lon="35.2042074"><ele>294.0</ele><time>2021-09-12T04:47:27Z</time></trkpt>
<trkpt lat="33.0063285" lon="35.2042278"><ele>294.4</ele><time>2021-09-12T04:47:28Z</time></trkpt>
<trkpt lat="33.0063247" lon="35.204248"><ele>294.3</ele><time>2021-09-12T04:47:29Z</time></trkpt>
<trkpt lat="33.0063205" lon="35.2042694"><ele>294.4</ele><time>2021-09-12T04:47:30Z</time></trkpt>
<trkpt lat="33.00632" lon="35.2042958"><ele>294.3</ele><time>2021-09-12T04:47:31Z</time></trkpt>
<trkpt lat="33.0063168" lon="35.2043274"><ele>294.8</ele><time>2021-09-12T04:47:32Z</time></trkpt>
<trkpt lat="33.0063157" lon="35.2043512"><ele>294.8</ele><time>2021-09-12T04:47:33Z</time></trkpt>
<trkpt lat="33.0063092" lon="35.204377"><ele>295.0</ele><time>2021-09-12T04:47:34Z</time></trkpt>
<trkpt lat="33.0063061" lon="35.2044046"><ele>295.4</ele><time>2021-09-12T04:47:35Z</time></trkpt>
<trkpt lat="33.0062999" lon="35.2044284"><ele>295.4</ele><time>2021-09-12T04:47:36Z</time></trkpt>
<trkpt lat="33.0062973" lon="35.204456"><ele>295.4</ele><time>2021-09-12T04:47:37Z</time></trkpt>
<trkpt lat="33.0062925" lon="35.2044805"><ele>295.7</ele><time>2021-09-12T04:47:38Z</time></trkpt>
<trkpt lat="33.0062876" lon="35.2045067"><ele>295.7</ele><time>2021-09-12T04:47:39Z</time></trkpt>
<trkpt lat="33.0062885" lon="35.2045321"><ele>296.1</ele><time>2021-09-12T04:47:40Z</time></trkpt>
<trkpt lat="33.0062849" lon="35.2045577"><ele>296.6</ele><time>2021-09-12T04:47:41Z</time></trkpt>
<trkpt lat="33.006284" lon="35.2045841"><ele>296.7</ele><time>2021-09-12T04:47:42Z</time></trkpt>
<trkpt lat="33.0062776" lon="35.2046108"><ele>296.8</ele><time>2021-09-12T04:47:43Z</time></trkpt>
<trkpt lat="33.0062671" lon="35.2046329"><ele>297.0</ele><time>2021-09-12T04:47:44Z</time></trkpt>
<trkpt lat="33.0062669" lon="35.2046631"><ele>297.1</ele><time>2021-09-12T04:47:45Z</time></trkpt>
<trkpt lat="33.0062641" lon="35.2046923"><ele>298.0</ele><time>2021-09-12T04:47:46Z</time></trkpt>
<trkpt lat="33.0062583" lon="35.2047181"><ele>297.5</ele><time>2021-09-12T04:47:47Z</time></trkpt>
<trkpt lat="33.0062499" lon="35.204745"><ele>297.5</ele><time>2021-09-12T04:47:48Z</time></trkpt>
<trkpt lat="33.0062477" lon="35.2047731"><ele>298.1</ele><time>2021-09-12T04:47:49Z</time></trkpt>
<trkpt lat="33.0062449" lon="35.204799"><ele>298.0</ele><time>2021-09-12T04:47:50Z</time></trkpt>
<trkpt lat="33.006242" lon="35.2048264"><ele>298.1</ele><time>2021-09-12T04:47:51Z</time></trkpt>
<trkpt lat="33.0062426" lon="35.2048543"><ele>297.9</ele><time>2021-09-12T04:47:52Z</time></trkpt>
<trkpt lat="33.0062319" lon="35.2048807"><ele>298.4</ele><time>2021-09-12T04:47:53Z</time></trkpt>
<trkpt lat="33.0062293" lon="35.2049086"><ele>298.5</ele><time>2021-09-12T04:47:54Z</time></trkpt>
<trkpt lat="33.0062296" lon="35.2049371"><ele>298.5</ele><time>2021-09-12T04:47:55Z</time></trkpt>
<trkpt lat="33.0062354" lon="35.2049651"><ele>298.7</ele><time>2021-09-12T04:47:56Z</time></trkpt>
<trkpt lat="33.0062306" lon="35.2049923"><ele>299.4</ele><time>2021-09-12T04:47:57Z</time></trkpt>
<trkpt lat="33.0062269" lon="35.2050165"><ele>299.0</ele><time>2021-09-12T04:47:58Z</time></trkpt>
<trkpt lat="33.0062232" lon="35.2050413"><ele>299.1</ele><time>2021-09-12T04:47:59Z</time></trkpt>
<trkpt lat="33.0062174" lon="35.2050667"><ele>299.3</ele><time>2021-09-12T04:48:00Z</time></trkpt>
<trkpt lat="33.0062136" lon="35.2050929"><ele>299.0</ele><time>2021-09-12T04:48:01Z</time></trkpt>
<trkpt lat="33.0062117" lon="35.2051171"><ele>299.4</ele><time>2021-09-12T04:48:02Z</time></trkpt>
<trkpt lat="33.0062078" lon="35.2051446"><ele>299.4</ele><time>2021-09-12T04:48:03Z</time></trkpt>
<trkpt lat="33.0062078" lon="35.2051706"><ele>299.9</ele><time>2021-09-12T04:48:04Z</time></trkpt>
<trkpt lat="33.0062032" lon="35.2051977"><ele>299.6</ele><time>2021-09-12T04:48:05Z</time></trkpt>
<trkpt lat="33.0062056" lon="35.2052251"><ele>300.1</ele><time>2021-09-12T04:48:06Z</time></trkpt>
<trkpt lat="33.0062071" lon="35.2052536"><ele>300.2</ele><time>2021-09-12T04:48:07Z</time></trkpt>
<trkpt lat="33.006207" lon="35.2052795"><ele>300.3</ele><time>2021-09-12T04:48:08Z</time></trkpt>
<trkpt lat="33.0061998" lon="35.2053017"><ele>300.3</ele><time>2021-09-12T04:48:09Z</time></trkpt>
<trkpt lat="33.0061968" lon="35.205322"><ele>300.3</ele><time>2021-09-12T04:48:10Z</time></trkpt>
<trkpt lat="33.0061972" lon="35.2053427"><ele>300.4</ele><time>2021-09-12T04:48:11Z</time></trkpt>
<trkpt lat="33.0061874" lon="35.2053617"><ele>300.9</ele><time>2021-09-12T04:48:12Z</time></trkpt>
<trkpt lat="33.0061856" lon="35.2053838"><ele>300.7</ele><time>2021-09-12T04:48:13Z</time></trkpt>
<trkpt lat="33.0061888" lon="35.2054043"><ele>300.9</ele><time>2021-09-12T04:48:14Z</time></trkpt>
<trkpt lat="33.0061842" lon="35.2054256"><ele>300.7</ele><time>2021-09-12T04:48:15Z</time></trkpt>
<trkpt lat="33.0061843" lon="35.2054512"><ele>300.8</ele><time>2021-09-12T04:48:16Z</time></trkpt>
<trkpt lat="33.0061811" lon="35.2054784"><ele>300.8</ele><time>2021-09-12T04:48:17Z</time></trkpt>
<trkpt lat="33.0061813" lon="35.2055008"><ele>300.9</ele><time>2021-09-12T04:48:18Z</time></trkpt>
<trkpt lat="33.0061914" lon="35.2055247"><ele>300.9</ele><time>2021-09-12T04:48:19Z</time></trkpt>
<trkpt lat="33.0061943" lon="35.2055517"><ele>300.8</ele><time>2021-09-12T04:48:20Z</time></trkpt>
<trkpt lat="33.006201" lon="35.2055822"><ele>300.8</ele><time>2021-09-12T04:48:21Z</time></trkpt>
<trkpt lat="33.0062021" lon="35.2056115"><ele>300.8</ele><time>2021-09-12T04:48:22Z</time></trkpt>
<trkpt lat="33.0061904" lon="35.2056339"><ele>301.2</ele><time>2021-09-12T04:48:23Z</time></trkpt>
<trkpt lat="33.0061944" lon="35.2056653"><ele>301.3</ele><time>2021-09-12T04:48:24Z</time></trkpt>
<trkpt lat="33.0061859" lon="35.2056949"><ele>301.7</ele><time>2021-09-12T04:48:25Z</time></trkpt>
<trkpt lat="33.0061894" lon="35.2057282"><ele>301.5</ele><time>2021-09-12T04:48:26Z</time></trkpt>
<trkpt lat="33.006189" lon="35.2057558"><ele>301.5</ele><time>2021-09-12T04:48:27Z</time></trkpt>
<trkpt lat="33.0061866" lon="35.2057838"><ele>301.5</ele><time>2021-09-12T04:48:28Z</time></trkpt>
<trkpt lat="33.0061824" lon="35.2058098"><ele>301.9</ele><time>2021-09-12T04:48:29Z</time></trkpt>
<trkpt lat="33.0061783" lon="35.2058375"><ele>301.9</ele><time>2021-09-12T04:48:30Z</time></trkpt>
<trkpt lat="33.0061694" lon="35.2058642"><ele>301.8</ele><time>2021-09-12T04:48:31Z</time></trkpt>
<trkpt lat="33.0061605" lon="35.205894"><ele>301.7</ele><time>2021-09-12T04:48:32Z</time></trkpt>
<trkpt lat="33.006153" lon="35.2059134"><ele>301.6</ele><time>2021-09-12T04:48:33Z</time></trkpt>
<trkpt lat="33.0061501" lon="35.2059354"><ele>301.6</ele><time>2021-09-12T04:48:34Z</time></trkpt>
<trkpt lat="33.0061536" lon="35.2059577"><ele>301.7</ele><time>2021-09-12T04:48:35Z</time></trkpt>
<trkpt lat="33.006168" lon="35.2059815"><ele>301.7</ele><time>2021-09-12T04:48:36Z</time></trkpt>
<trkpt lat="33.0061793" lon="35.2060025"><ele>301.9</ele><time>2021-09-12T04:48:37Z</time></trkpt>
<trkpt lat="33.0061835" lon="35.2060277"><ele>301.9</ele><time>2021-09-12T04:48:38Z</time></trkpt>
<trkpt lat="33.0061863" lon="35.2060518"><ele>301.8</ele><time>2021-09-12T04:48:39Z</time></trkpt>
<trkpt lat="33.0061861" lon="35.2060711"><ele>301.9</ele><time>2021-09-12T04:48:40Z</time></trkpt>
<trkpt lat="33.0061893" lon="35.2060987"><ele>301.7</ele><time>2021-09-12T04:48:41Z</time></trkpt>
<trkpt lat="33.0061942" lon="35.2061246"><ele>302.4</ele><time>2021-09-12T04:48:42Z</time></trkpt>
<trkpt lat="33.0062024" lon="35.2061519"><ele>302.7</ele><time>2021-09-12T04:48:43Z</time></trkpt>
<trkpt lat="33.0062064" lon="35.2061767"><ele>303.0</ele><time>2021-09-12T04:48:44Z</time></trkpt>
<trkpt lat="33.0062086" lon="35.2061985"><ele>303.3</ele><time>2021-09-12T04:48:45Z</time></trkpt>
<trkpt lat="33.0062111" lon="35.2062281"><ele>303.3</ele><time>2021-09-12T04:48:46Z</time></trkpt>
<trkpt lat="33.006216" lon="35.2062588"><ele>303.4</ele><time>2021-09-12T04:48:47Z</time></trkpt>
<trkpt lat="33.0062184" lon="35.2062841"><ele>303.8</ele><time>2021-09-12T04:48:48Z</time></trkpt>
<trkpt lat="33.0062252" lon="35.2063099"><ele>303.9</ele><time>2021-09-12T04:48:49Z</time></trkpt>
<trkpt lat="33.0062277" lon="35.206344"><ele>304.0</ele><time>2021-09-12T04:48:50Z</time></trkpt>
<trkpt lat="33.0062312" lon="35.206368"><ele>304.6</ele><time>2021-09-12T04:48:51Z</time></trkpt>
<trkpt lat="33.0062425" lon="35.2063965"><ele>304.3</ele><time>2021-09-12T04:48:52Z</time></trkpt>
<trkpt lat="33.0062498" lon="35.2064219"><ele>304.3</ele><time>2021-09-12T04:48:53Z</time></trkpt>
<trkpt lat="33.006252" lon="35.2064504"><ele>305.0</ele><time>2021-09-12T04:48:54Z</time></trkpt>
<trkpt lat="33.0062545" lon="35.2064729"><ele>305.1</ele><time>2021-09-12T04:48:55Z</time></trkpt>
<trkpt lat="33.0062689" lon="35.2064994"><ele>305.4</ele><time>2021-09-12T04:48:56Z</time></trkpt>
<trkpt lat="33.0062807" lon="35.206525"><ele>305.6</ele><time>2021-09-12T04:48:57Z</time></trkpt>
<trkpt lat="33.0062884" lon="35.2065504"><ele>306.0</ele><time>2021-09-12T04:48:58Z</time></trkpt>
<trkpt lat="33.0062988" lon="35.2065801"><ele>305.9</ele><time>2021-09-12T04:48:59Z</time></trkpt>
<trkpt lat="33.0063074" lon="35.2066101"><ele>306.3</ele><time>2021-09-12T04:49:00Z</time></trkpt>
<trkpt lat="33.0063066" lon="35.2066351"><ele>306.8</ele><time>2021-09-12T04:49:01Z</time></trkpt>
<trkpt lat="33.0063081" lon="35.2066633"><ele>306.9</ele><time>2021-09-12T04:49:02Z</time></trkpt>
<trkpt lat="33.0063091" lon="35.2066943"><ele>307.2</ele><time>2021-09-12T04:49:03Z</time></trkpt>
<trkpt lat="33.0063163" lon="35.2067225"><ele>307.1</ele><time>2021-09-12T04:49:04Z</time></trkpt>
<trkpt lat="33.0063171" lon="35.2067537"><ele>307.5</ele><time>2021-09-12T04:49:05Z</time></trkpt>
<trkpt lat="33.0063156" lon="35.2067746"><ele>307.6</ele><time>2021-09-12T04:49:06Z</time></trkpt>
<trkpt lat="33.0063191" lon="35.2068095"><ele>307.4</ele><time>2021-09-12T04:49:07Z</time></trkpt>
<trkpt lat="33.0063313" lon="35.2068445"><ele>308.2</ele><time>2021-09-12T04:49:08Z</time></trkpt>
<trkpt lat="33.0063382" lon="35.20687"><ele>308.8</ele><time>2021-09-12T04:49:09Z</time></trkpt>
<trkpt lat="33.0063398" lon="35.2069029"><ele>308.2</ele><time>2021-09-12T04:49:10Z</time></trkpt>
<trkpt lat="33.00634" lon="35.2069397"><ele>308.2</ele><time>2021-09-12T04:49:11Z</time></trkpt>
<trkpt lat="33.0063413" lon="35.2069616"><ele>308.4</ele><time>2021-09-12T04:49:12Z</time></trkpt>
<trkpt lat="33.0063391" lon="35.2069906"><ele>308.5</ele><time>2021-09-12T04:49:13Z</time></trkpt>
<trkpt lat="33.0063413" lon="35.2070227"><ele>309.0</ele><time>2021-09-12T04:49:14Z</time></trkpt>
<trkpt lat="33.0063427" lon="35.2070498"><ele>309.3</ele><time>2021-09-12T04:49:15Z</time></trkpt>
<trkpt lat="33.0063449" lon="35.2070731"><ele>309.6</ele><time>2021-09-12T04:49:16Z</time></trkpt>
<trkpt lat="33.0063448" lon="35.2071023"><ele>309.4</ele><time>2021-09-12T04:49:17Z</time></trkpt>
<trkpt lat="33.0063473" lon="35.2071344"><ele>309.8</ele><time>2021-09-12T04:49:18Z</time></trkpt>
<trkpt lat="33.0063546" lon="35.2071686"><ele>309.9</ele><time>2021-09-12T04:49:19Z</time></trkpt>
<trkpt lat="33.0063644" lon="35.2071955"><ele>310.1</ele><time>2021-09-12T04:49:20Z</time></trkpt>
<trkpt lat="33.0063635" lon="35.2072157"><ele>310.3</ele><time>2021-09-12T04:49:21Z</time></trkpt>
<trkpt lat="33.0063677" lon="35.2072403"><ele>310.2</ele><time>2021-09-12T04:49:22Z</time></trkpt>
<trkpt lat="33.0063722" lon="35.2072683"><ele>310.2</ele><time>2021-09-12T04:49:23Z</time></trkpt>
<trkpt lat="33.0063684" lon="35.2072903"><ele>310.6</ele><time>2021-09-12T04:49:24Z</time></trkpt>
<trkpt lat="33.0063652" lon="35.2073124"><ele>310.5</ele><time>2021-09-12T04:49:25Z</time></trkpt>
<trkpt lat="33.0063667" lon="35.2073458"><ele>310.6</ele><time>2021-09-12T04:49:26Z</time></trkpt>
<trkpt lat="33.0063716" lon="35.2073698"><ele>310.6</ele><time>2021-09-12T04:49:27Z</time></trkpt>
<trkpt lat="33.0063697" lon="35.2073965"><ele>310.7</ele><time>2021-09-12T04:49:28Z</time></trkpt>
<trkpt lat="33.0063725" lon="35.2074211"><ele>311.0</ele><time>2021-09-12T04:49:29Z</time></trkpt>
<trkpt lat="33.0063744" lon="35.2074459"><ele>311.3</ele><time>2021-09-12T04:49:30Z</time></trkpt>
<trkpt lat="33.0063745" lon="35.2074709"><ele>311.5</ele><time>2021-09-12T04:49:31Z</time></trkpt>
<trkpt lat="33.0063794" lon="35.2074959"><ele>311.8</ele><time>2021-09-12T04:49:32Z</time></trkpt>
<trkpt lat="33.0063831" lon="35.2075207"><ele>311.7</ele><time>2021-09-12T04:49:33Z</time></trkpt>
<trkpt lat="33.0063889" lon="35.2075501"><ele>311.7</ele><time>2021-09-12T04:49:34Z</time></trkpt>
<trkpt lat="33.0063954" lon="35.2075752"><ele>311.8</ele><time>2021-09-12T04:49:35Z</time></trkpt>
<trkpt lat="33.0063972" lon="35.2076037"><ele>311.9</ele><time>2021-09-12T04:49:36Z</time></trkpt>
<trkpt lat="33.0064027" lon="35.2076288"><ele>311.8</ele><time>2021-09-12T04:49:37Z</time></trkpt>
<trkpt lat="33.0064071" lon="35.2076562"><ele>312.5</ele><time>2021-09-12T04:49:38Z</time></trkpt>
<trkpt lat="33.0064119" lon="35.207679"><ele>312.5</ele><time>2021-09-12T04:49:39Z</time></trkpt>
<trkpt lat="33.0064154" lon="35.2077031"><ele>312.7</ele><time>2021-09-12T04:49:40Z</time></trkpt>
<trkpt lat="33.006416" lon="35.2077281"><ele>312.7</ele><time>2021-09-12T04:49:41Z</time></trkpt>
<trkpt lat="33.006417" lon="35.2077485"><ele>313.0</ele><time>2021-09-12T04:49:42Z</time></trkpt>
<trkpt lat="33.0064245" lon="35.2077761"><ele>313.2</ele><time>2021-09-12T04:49:43Z</time></trkpt>
<trkpt lat="33.0064285" lon="35.2077987"><ele>313.6</ele><time>2021-09-12T04:49:44Z</time></trkpt>
<trkpt lat="33.0064326" lon="35.207825"><ele>313.7</ele><time>2021-09-12T04:49:45Z</time></trkpt>
<trkpt lat="33.006432" lon="35.2078496"><ele>313.8</ele><time>2021-09-12T04:49:46Z</time></trkpt>
<trkpt lat="33.0064342" lon="35.207873"><ele>314.0</ele><time>2021-09-12T04:49:47Z</time></trkpt>
<trkpt lat="33.0064348" lon="35.2078958"><ele>313.9</ele><time>2021-09-12T04:49:48Z</time></trkpt>
<trkpt lat="33.006434" lon="35.2079155"><ele>313.8</ele><time>2021-09-12T04:49:49Z</time></trkpt>
<trkpt lat="33.0064343" lon="35.2079367"><ele>313.9</ele><time>2021-09-12T04:49:50Z</time></trkpt>
<trkpt lat="33.0064362" lon="35.2079609"><ele>314.3</ele><time>2021-09-12T04:49:51Z</time></trkpt>
<trkpt lat="33.0064372" lon="35.2079832"><ele>314.4</ele><time>2021-09-12T04:49:52Z</time></trkpt>
<trkpt lat="33.006439" lon="35.2080049"><ele>314.1</ele><time>2021-09-12T04:49:53Z</time></trkpt>
<trkpt lat="33.0064354" lon="35.2080272"><ele>314.2</ele><time>2021-09-12T04:49:54Z</time></trkpt>
<trkpt lat="33.0064354" lon="35.2080514"><ele>314.5</ele><time>2021-09-12T04:49:55Z</time></trkpt>
<trkpt lat="33.0064362" lon="35.2080741"><ele>314.5</ele><time>2021-09-12T04:49:56Z</time></trkpt>
<trkpt lat="33.0064402" lon="35.2080948"><ele>314.5</ele><time>2021-09-12T04:49:57Z</time></trkpt>
<trkpt lat="33.0064452" lon="35.2081189"><ele>314.5</ele><time>2021-09-12T04:49:58Z</time></trkpt>
<trkpt lat="33.0064444" lon="35.208137"><ele>314.9</ele><time>2021-09-12T04:49:59Z</time></trkpt>
<trkpt lat="33.006452" lon="35.2081591"><ele>314.5</ele><time>2021-09-12T04:50:00Z</time></trkpt>
<trkpt lat="33.0064456" lon="35.2081879"><ele>315.0</ele><time>2021-09-12T04:50:01Z</time></trkpt>
<trkpt lat="33.0064539" lon="35.2082059"><ele>315.4</ele><time>2021-09-12T04:50:02Z</time></trkpt>
<trkpt lat="33.006461" lon="35.2082251"><ele>315.8</ele><time>2021-09-12T04:50:03Z</time></trkpt>
<trkpt lat="33.0064683" lon="35.2082485"><ele>315.3</ele><time>2021-09-12T04:50:04Z</time></trkpt>
<trkpt lat="33.0064697" lon="35.2082677"><ele>315.5</ele><time>2021-09-12T04:50:05Z</time></trkpt>
<trkpt lat="33.0064757" lon="35.2082802"><ele>315.9</ele><time>2021-09-12T04:50:06Z</time></trkpt>
<trkpt lat="33.0064821" lon="35.2082991"><ele>315.8</ele><time>2021-09-12T04:50:07Z</time></trkpt>
<trkpt lat="33.0064857" lon="35.2083195"><ele>315.6</ele><time>2021-09-12T04:50:08Z</time></trkpt>
<trkpt lat="33.006482" lon="35.2083404"><ele>315.5</ele><time>2021-09-12T04:50:09Z</time></trkpt>
<trkpt lat="33.0064844" lon="35.2083649"><ele>315.7</ele><time>2021-09-12T04:50:10Z</time></trkpt>
<trkpt lat="33.0064916" lon="35.2083848"><ele>316.0</ele><time>2021-09-12T04:50:11Z</time></trkpt>
<trkpt lat="33.0064946" lon="35.208409"><ele>315.8</ele><time>2021-09-12T04:50:12Z</time></trkpt>
<trkpt lat="33.0064969" lon="35.2084301"><ele>316.2</ele><time>2021-09-12T04:50:13Z</time></trkpt>
<trkpt lat="33.0065013" lon="35.208442"><ele>316.5</ele><time>2021-09-12T04:50:14Z</time></trkpt>
<trkpt lat="33.0065064" lon="35.2084679"><ele>316.5</ele><time>2021-09-12T04:50:15Z</time></trkpt>
<trkpt lat="33.0065044" lon="35.2084892"><ele>316.6</ele><time>2021-09-12T04:50:16Z</time></trkpt>
<trkpt lat="33.006506" lon="35.2085121"><ele>316.9</ele><time>2021-09-12T04:50:17Z</time></trkpt>
<trkpt lat="33.0065096" lon="35.2085353"><ele>316.6</ele><time>2021-09-12T04:50:18Z</time></trkpt>
<trkpt lat="33.0065165" lon="35.2085635"><ele>316.7</ele><time>2021-09-12T04:50:19Z</time></trkpt>
<trkpt lat="33.0065186" lon="35.2085879"><ele>317.3</ele><time>2021-09-12T04:50:20Z</time></trkpt>
<trkpt lat="33.0065208" lon="35.2086154"><ele>317.2</ele><time>2021-09-12T04:50:21Z</time></trkpt>
<trkpt lat="33.0065238" lon="35.2086406"><ele>317.7</ele><time>2021-09-12T04:50:22Z</time></trkpt>
<trkpt lat="33.0065277" lon="35.2086716"><ele>318.1</ele><time>2021-09-12T04:50:23Z</time></trkpt>
<trkpt lat="33.0065297" lon="35.208695"><ele>318.1</ele><time>2021-09-12T04:50:24Z</time></trkpt>
<trkpt lat="33.0065309" lon="35.2087227"><ele>318.1</ele><time>2021-09-12T04:50:25Z</time></trkpt>
<trkpt lat="33.0065371" lon="35.208747"><ele>318.2</ele><time>2021-09-12T04:50:26Z</time></trkpt>
<trkpt lat="33.0065446" lon="35.2087744"><ele>318.5</ele><time>2021-09-12T04:50:27Z</time></trkpt>
<trkpt lat="33.0065481" lon="35.2088038"><ele>318.6</ele><time>2021-09-12T04:50:28Z</time></trkpt>
<trkpt lat="33.0065445" lon="35.2088311"><ele>318.7</ele><time>2021-09-12T04:50:29Z</time></trkpt>
<trkpt lat="33.0065477" lon="35.2088597"><ele>318.6</ele><time>2021-09-12T04:50:30Z</time></trkpt>
<trkpt lat="33.0065484" lon="35.2088917"><ele>318.8</ele><time>2021-09-12T04:50:31Z</time></trkpt>
<trkpt lat="33.0065516" lon="35.208916"><ele>319.0</ele><time>2021-09-12T04:50:32Z</time></trkpt>
<trkpt lat="33.0065492" lon="35.2089417"><ele>318.6</ele><time>2021-09-12T04:50:33Z</time></trkpt>
<trkpt lat="33.0065487" lon="35.2089689"><ele>318.9</ele><time>2021-09-12T04:50:34Z</time></trkpt>
<trkpt lat="33.0065472" lon="35.2089964"><ele>318.6</ele><time>2021-09-12T04:50:35Z</time></trkpt>
<trkpt lat="33.0065497" lon="35.2090246"><ele>318.5</ele><time>2021-09-12T04:50:36Z</time></trkpt>
<trkpt lat="33.0065492" lon="35.209051"><ele>318.7</ele><time>2021-09-12T04:50:37Z</time></trkpt>
<trkpt lat="33.0065517" lon="35.209079"><ele>319.2</ele><time>2021-09-12T04:50:38Z</time></trkpt>
<trkpt lat="33.0065476" lon="35.2091052"><ele>319.5</ele><time>2021-09-12T04:50:39Z</time></trkpt>
<trkpt lat="33.0065459" lon="35.2091311"><ele>319.6</ele><time>2021-09-12T04:50:40Z</time></trkpt>
<trkpt lat="33.0065476" lon="35.2091569"><ele>319.8</ele><time>2021-09-12T04:50:41Z</time></trkpt>
<trkpt lat="33.0065473" lon="35.2091828"><ele>320.0</ele><time>2021-09-12T04:50:42Z</time></trkpt>
<trkpt lat="33.0065469" lon="35.2091951"><ele>320.2</ele><time>2021-09-12T04:50:43Z</time></trkpt>
<trkpt lat="33.0065505" lon="35.209221"><ele>320.6</ele><time>2021-09-12T04:50:44Z</time></trkpt>
<trkpt lat="33.0065525" lon="35.209236"><ele>320.5</ele><time>2021-09-12T04:50:45Z</time></trkpt>
<trkpt lat="33.0065572" lon="35.2092583"><ele>320.7</ele><time>2021-09-12T04:50:46Z</time></trkpt>
<trkpt lat="33.0065661" lon="35.2092812"><ele>321.0</ele><time>2021-09-12T04:50:47Z</time></trkpt>
<trkpt lat="33.0065694" lon="35.2092983"><ele>321.1</ele><time>2021-09-12T04:50:48Z</time></trkpt>
<trkpt lat="33.0065665" lon="35.2093155"><ele>321.2</ele><time>2021-09-12T04:50:49Z</time></trkpt>
<trkpt lat="33.0065583" lon="35.2093337"><ele>321.3</ele><time>2021-09-12T04:50:50Z</time></trkpt>
<trkpt lat="33.0065531" lon="35.209357"><ele>321.4</ele><time>2021-09-12T04:50:51Z</time></trkpt>
<trkpt lat="33.0065521" lon="35.2093801"><ele>321.8</ele><time>2021-09-12T04:50:52Z</time></trkpt>
<trkpt lat="33.0065503" lon="35.2094056"><ele>321.9</ele><time>2021-09-12T04:50:53Z</time></trkpt>
<trkpt lat="33.0065477" lon="35.209424"><ele>321.8</ele><time>2021-09-12T04:50:54Z</time></trkpt>
<trkpt lat="33.0065437" lon="35.2094427"><ele>322.3</ele><time>2021-09-12T04:50:55Z</time></trkpt>
<trkpt lat="33.0065482" lon="35.2094702"><ele>322.4</ele><time>2021-09-12T04:50:56Z</time></trkpt>
<trkpt lat="33.0065521" lon="35.2095002"><ele>322.4</ele><time>2021-09-12T04:50:57Z</time></trkpt>
<trkpt lat="33.0065542" lon="35.2095219"><ele>322.3</ele><time>2021-09-12T04:50:58Z</time></trkpt>
<trkpt lat="33.0065588" lon="35.2095361"><ele>322.3</ele><time>2021-09-12T04:50:59Z</time></trkpt>
<trkpt lat="33.0065599" lon="35.2095531"><ele>322.4</ele><time>2021-09-12T04:51:00Z</time></trkpt>
<trkpt lat="33.0065597" lon="35.2095702"><ele>322.7</ele><time>2021-09-12T04:51:01Z</time></trkpt>
<trkpt lat="33.0065508" lon="35.2095816"><ele>322.8</ele><time>2021-09-12T04:51:02Z</time></trkpt>
<trkpt lat="33.0065509" lon="35.2095956"><ele>323.0</ele><time>2021-09-12T04:51:03Z</time></trkpt>
<trkpt lat="33.00655" lon="35.2096187"><ele>323.1</ele><time>2021-09-12T04:51:04Z</time></trkpt>
<trkpt lat="33.0065512" lon="35.2096366"><ele>323.1</ele><time>2021-09-12T04:51:05Z</time></trkpt>
<trkpt lat="33.0065478" lon="35.2096494"><ele>323.4</ele><time>2021-09-12T04:51:06Z</time></trkpt>
<trkpt lat="33.006542" lon="35.209665"><ele>323.4</ele><time>2021-09-12T04:51:07Z</time></trkpt>
<trkpt lat="33.0065417" lon="35.2096845"><ele>323.8</ele><time>2021-09-12T04:51:08Z</time></trkpt>
<trkpt lat="33.0065432" lon="35.2096995"><ele>323.8</ele><time>2021-09-12T04:51:09Z</time></trkpt>
<trkpt lat="33.0065432" lon="35.20971"><ele>324.3</ele><time>2021-09-12T04:51:10Z</time></trkpt>
<trkpt lat="33.00654" lon="35.2097222"><ele>324.2</ele><time>2021-09-12T04:51:11Z</time></trkpt>
<trkpt lat="33.0065331" lon="35.2097337"><ele>324.3</ele><time>2021-09-12T04:51:12Z</time></trkpt>
<trkpt lat="33.006537" lon="35.209757"><ele>324.1</ele><time>2021-09-12T04:51:13Z</time></trkpt>
<trkpt lat="33.0065399" lon="35.209782"><ele>323.8</ele><time>2021-09-12T04:51:14Z</time></trkpt>
<trkpt lat="33.0065421" lon="35.2098079"><ele>324.0</ele><time>2021-09-12T04:51:15Z</time></trkpt>
<trkpt lat="33.0065456" lon="35.2098252"><ele>324.0</ele><time>2021-09-12T04:51:16Z</time></trkpt>
<trkpt lat="33.0065461" lon="35.209843"><ele>324.1</ele><time>2021-09-12T04:51:17Z</time></trkpt>
<trkpt lat="33.0065502" lon="35.2098692"><ele>324.0</ele><time>2021-09-12T04:51:18Z</time></trkpt>
<trkpt lat="33.0065537" lon="35.2098979"><ele>324.2</ele><time>2021-09-12T04:51:19Z</time></trkpt>
<trkpt lat="33.0065524" lon="35.2099227"><ele>324.4</ele><time>2021-09-12T04:51:20Z</time></trkpt>
<trkpt lat="33.0065564" lon="35.2099504"><ele>324.2</ele><time>2021-09-12T04:51:21Z</time></trkpt>
<trkpt lat="33.0065494" lon="35.2099746"><ele>324.6</ele><time>2021-09-12T04:51:22Z</time></trkpt>
<trkpt lat="33.0065518" lon="35.2100116"><ele>324.5</ele><time>2021-09-12T04:51:23Z</time></trkpt>
<trkpt lat="33.0065525" lon="35.210036"><ele>325.0</ele><time>2021-09-12T04:51:24Z</time></trkpt>
<trkpt lat="33.0065516" lon="35.2100575"><ele>324.9</ele><time>2021-09-12T04:51:25Z</time></trkpt>
<trkpt lat="33.006552" lon="35.2100827"><ele>325.3</ele><time>2021-09-12T04:51:26Z</time></trkpt>
<trkpt lat="33.0065511" lon="35.210113"><ele>325.4</ele><time>2021-09-12T04:51:27Z</time></trkpt>
<trkpt lat="33.0065515" lon="35.2101376"><ele>325.1</ele><time>2021-09-12T04:51:28Z</time></trkpt>
<trkpt lat="33.0065473" lon="35.2101606"><ele>325.0</ele><time>2021-09-12T04:51:29Z</time></trkpt>
<trkpt lat="33.0065463" lon="35.2101893"><ele>325.1</ele><time>2021-09-12T04:51:30Z</time></trkpt>
<trkpt lat="33.0065516" lon="35.2102115"><ele>325.2</ele><time>2021-09-12T04:51:31Z</time></trkpt>
<trkpt lat="33.0065529" lon="35.2102393"><ele>325.3</ele><time>2021-09-12T04:51:32Z</time></trkpt>
<trkpt lat="33.0065551" lon="35.210262"><ele>325.7</ele><time>2021-09-12T04:51:33Z</time></trkpt>
<trkpt lat="33.0065548" lon="35.210282"><ele>325.2</ele><time>2021-09-12T04:51:34Z</time></trkpt>
<trkpt lat="33.0065601" lon="35.210303"><ele>325.6</ele><time>2021-09-12T04:51:35Z</time></trkpt>
<trkpt lat="33.0065602" lon="35.2103298"><ele>325.8</ele><time>2021-09-12T04:51:36Z</time></trkpt>
<trkpt lat="33.0065628" lon="35.2103542"><ele>326.5</ele><time>2021-09-12T04:51:37Z</time></trkpt>
<trkpt lat="33.0065644" lon="35.2103769"><ele>326.5</ele><time>2021-09-12T04:51:38Z</time></trkpt>
<trkpt lat="33.006566" lon="35.2103996"><ele>326.1</ele><time>2021-09-12T04:51:39Z</time></trkpt>
<trkpt lat="33.006571" lon="35.2104238"><ele>326.3</ele><time>2021-09-12T04:51:40Z</time></trkpt>
<trkpt lat="33.0065747" lon="35.2104507"><ele>326.6</ele><time>2021-09-12T04:51:41Z</time></trkpt>
<trkpt lat="33.006581" lon="35.2104764"><ele>326.7</ele><time>2021-09-12T04:51:42Z</time></trkpt>
<trkpt lat="33.0065812" lon="35.2105083"><ele>326.5</ele><time>2021-09-12T04:51:43Z</time></trkpt>
<trkpt lat="33.0065805" lon="35.2105401"><ele>326.9</ele><time>2021-09-12T04:51:44Z</time></trkpt>
<trkpt lat="33.0065767" lon="35.2105619"><ele>326.9</ele><time>2021-09-12T04:51:45Z</time></trkpt>
<trkpt lat="33.0065748" lon="35.2105851"><ele>327.0</ele><time>2021-09-12T04:51:46Z</time></trkpt>
<trkpt lat="33.0065745" lon="35.2106142"><ele>327.0</ele><time>2021-09-12T04:51:47Z</time></trkpt>
<trkpt lat="33.0065745" lon="35.2106344"><ele>327.7</ele><time>2021-09-12T04:51:48Z</time></trkpt>
<trkpt lat="33.0065775" lon="35.2106563"><ele>327.3</ele><time>2021-09-12T04:51:49Z</time></trkpt>
<trkpt lat="33.0065803" lon="35.2106689"><ele>327.3</ele><time>2021-09-12T04:51:50Z</time></trkpt>
<trkpt lat="33.006585" lon="35.2106933"><ele>327.1</ele><time>2021-09-12T04:51:51Z</time></trkpt>
<trkpt lat="33.0065851" lon="35.210714"><ele>327.7</ele><time>2021-09-12T04:51:52Z</time></trkpt>
<trkpt lat="33.0065836" lon="35.2107444"><ele>328.0</ele><time>2021-09-12T04:51:53Z</time></trkpt>
<trkpt lat="33.0065846" lon="35.2107695"><ele>328.0</ele><time>2021-09-12T04:51:54Z</time></trkpt>
<trkpt lat="33.0065892" lon="35.2107909"><ele>327.8</ele><time>2021-09-12T04:51:55Z</time></trkpt>
<trkpt lat="33.0065914" lon="35.2108183"><ele>328.3</ele><time>2021-09-12T04:51:56Z</time></trkpt>
<trkpt lat="33.0065871" lon="35.2108475"><ele>328.4</ele><time>2021-09-12T04:51:57Z</time></trkpt>
<trkpt lat="33.0065827" lon="35.2108747"><ele>328.3</ele><time>2021-09-12T04:51:58Z</time></trkpt>
<trkpt lat="33.0065845" lon="35.2108984"><ele>328.6</ele><time>2021-09-12T04:51:59Z</time></trkpt>
<trkpt lat="33.0065813" lon="35.2109253"><ele>328.8</ele><time>2021-09-12T04:52:00Z</time></trkpt>
<trkpt lat="33.0065723" lon="35.2109446"><ele>328.8</ele><time>2021-09-12T04:52:01Z</time></trkpt>
<trkpt lat="33.0065711" lon="35.2109644"><ele>329.2</ele><time>2021-09-12T04:52:02Z</time></trkpt>
<trkpt lat="33.0065685" lon="35.2109947"><ele>329.0</ele><time>2021-09-12T04:52:03Z</time></trkpt>
<trkpt lat="33.0065675" lon="35.2110193"><ele>329.1</ele><time>2021-09-12T04:52:04Z</time></trkpt>
<trkpt lat="33.0065729" lon="35.2110459"><ele>329.1</ele><time>2021-09-12T04:52:05Z</time></trkpt>
<trkpt lat="33.0065736" lon="35.2110726"><ele>329.1</ele><time>2021-09-12T04:52:06Z</time></trkpt>
<trkpt lat="33.006572" lon="35.2110981"><ele>329.0</ele><time>2021-09-12T04:52:07Z</time></trkpt>
<trkpt lat="33.0065695" lon="35.2111194"><ele>329.0</ele><time>2021-09-12T04:52:08Z</time></trkpt>
<trkpt lat="33.0065667" lon="35.2111473"><ele>329.2</ele><time>2021-09-12T04:52:09Z</time></trkpt>
<trkpt lat="33.006567" lon="35.2111702"><ele>329.1</ele><time>2021-09-12T04:52:10Z</time></trkpt>
<trkpt lat="33.0065631" lon="35.2111959"><ele>329.1</ele><time>2021-09-12T04:52:11Z</time></trkpt>
<trkpt lat="33.0065612" lon="35.2112201"><ele>329.2</ele><time>2021-09-12T04:52:12Z</time></trkpt>
<trkpt lat="33.0065616" lon="35.2112448"><ele>329.4</ele><time>2021-09-12T04:52:13Z</time></trkpt>
<trkpt lat="33.0065568" lon="35.2112667"><ele>329.7</ele><time>2021-09-12T04:52:14Z</time></trkpt>
<trkpt lat="33.0065545" lon="35.211293"><ele>330.1</ele><time>2021-09-12T04:52:15Z</time></trkpt>
<trkpt lat="33.0065533" lon="35.2113157"><ele>330.3</ele><time>2021-09-12T04:52:16Z</time></trkpt>
<trkpt lat="33.0065477" lon="35.2113391"><ele>330.9</ele><time>2021-09-12T04:52:17Z</time></trkpt>
<trkpt lat="33.0065426" lon="35.2113624"><ele>330.9</ele><time>2021-09-12T04:52:18Z</time></trkpt>
<trkpt lat="33.0065373" lon="35.2113833"><ele>330.9</ele><time>2021-09-12T04:52:19Z</time></trkpt>
<trkpt lat="33.0065325" lon="35.2114041"><ele>331.1</ele><time>2021-09-12T04:52:20Z</time></trkpt>
<trkpt lat="33.0065244" lon="35.2114228"><ele>330.9</ele><time>2021-09-12T04:52:21Z</time></trkpt>
<trkpt lat="33.0065242" lon="35.2114479"><ele>331.1</ele><time>2021-09-12T04:52:22Z</time></trkpt>
<trkpt lat="33.0065234" lon="35.2114736"><ele>331.2</ele><time>2021-09-12T04:52:23Z</time></trkpt>
<trkpt lat="33.0065153" lon="35.2114946"><ele>331.3</ele><time>2021-09-12T04:52:24Z</time></trkpt>
<trkpt lat="33.0065141" lon="35.2115202"><ele>331.3</ele><time>2021-09-12T04:52:25Z</time></trkpt>
<trkpt lat="33.0065178" lon="35.2115435"><ele>331.9</ele><time>2021-09-12T04:52:26Z</time></trkpt>
<trkpt lat="33.0065129" lon="35.2115647"><ele>331.5</ele><time>2021-09-12T04:52:27Z</time></trkpt>
<trkpt lat="33.0065066" lon="35.2115803"><ele>332.0</ele><time>2021-09-12T04:52:28Z</time></trkpt>
<trkpt lat="33.0064936" lon="35.2116007"><ele>332.1</ele><time>2021-09-12T04:52:29Z</time></trkpt>
<trkpt lat="33.0064869" lon="35.2116196"><ele>332.2</ele><time>2021-09-12T04:52:30Z</time></trkpt>
<trkpt lat="33.0064794" lon="35.2116376"><ele>332.3</ele><time>2021-09-12T04:52:31Z</time></trkpt>
<trkpt lat="33.0064783" lon="35.2116604"><ele>332.6</ele><time>2021-09-12T04:52:32Z</time></trkpt>
<trkpt lat="33.0064728" lon="35.211684"><ele>333.0</ele><time>2021-09-12T04:52:33Z</time></trkpt>
<trkpt lat="33.0064686" lon="35.2117097"><ele>333.4</ele><time>2021-09-12T04:52:34Z</time></trkpt>
<trkpt lat="33.0064701" lon="35.2117347"><ele>333.2</ele><time>2021-09-12T04:52:35Z</time></trkpt>
<trkpt lat="33.0064704" lon="35.2117584"><ele>333.2</ele><time>2021-09-12T04:52:36Z</time></trkpt>
<trkpt lat="33.0064682" lon="35.2117835"><ele>333.3</ele><time>2021-09-12T04:52:37Z</time></trkpt>
<trkpt lat="33.0064677" lon="35.2118014"><ele>333.8</ele><time>2021-09-12T04:52:38Z</time></trkpt>
<trkpt lat="33.0064696" lon="35.2118263"><ele>333.8</ele><time>2021-09-12T04:52:39Z</time></trkpt>
<trkpt lat="33.0064666" lon="35.2118487"><ele>334.1</ele><time>2021-09-12T04:52:40Z</time></trkpt>
<trkpt lat="33.0064617" lon="35.2118701"><ele>334.4</ele><time>2021-09-12T04:52:41Z</time></trkpt>
<trkpt lat="33.0064681" lon="35.2118917"><ele>334.8</ele><time>2021-09-12T04:52:42Z</time></trkpt>
<trkpt lat="33.0064664" lon="35.2119083"><ele>335.0</ele><time>2021-09-12T04:52:43Z</time></trkpt>
<trkpt lat="33.0064676" lon="35.211924"><ele>335.0</ele><time>2021-09-12T04:52:44Z</time></trkpt>
<trkpt lat="33.0064648" lon="35.2119443"><ele>335.2</ele><time>2021-09-12T04:52:45Z</time></trkpt>
<trkpt lat="33.0064631" lon="35.2119678"><ele>335.3</ele><time>2021-09-12T04:52:46Z</time></trkpt>
<trkpt lat="33.006464" lon="35.2119864"><ele>335.5</ele><time>2021-09-12T04:52:47Z</time></trkpt>
<trkpt lat="33.0064692" lon="35.2120002"><ele>335.9</ele><time>2021-09-12T04:52:48Z</time></trkpt>
<trkpt lat="33.0064689" lon="35.2120183"><ele>336.4</ele><time>2021-09-12T04:52:49Z</time></trkpt>
<trkpt lat="33.0064627" lon="35.2120349"><ele>336.6</ele><time>2021-09-12T04:52:50Z</time></trkpt>
<trkpt lat="33.0064628" lon="35.2120586"><ele>336.4</ele><time>2021-09-12T04:52:51Z</time></trkpt>
<trkpt lat="33.0064604" lon="35.2120784"><ele>336.5</ele><time>2021-09-12T04:52:52Z</time></trkpt>
<trkpt lat="33.0064598" lon="35.2120967"><ele>336.9</ele><time>2021-09-12T04:52:53Z</time></trkpt>
<trkpt lat="33.0064572" lon="35.2121155"><ele>336.9</ele><time>2021-09-12T04:52:54Z</time></trkpt>
<trkpt lat="33.0064552" lon="35.2121369"><ele>337.1</ele><time>2021-09-12T04:52:55Z</time></trkpt>
<trkpt lat="33.0064485" lon="35.212158"><ele>337.4</ele><time>2021-09-12T04:52:56Z</time></trkpt>
<trkpt lat="33.006445" lon="35.2121836"><ele>337.5</ele><time>2021-09-12T04:52:57Z</time></trkpt>
<trkpt lat="33.0064402" lon="35.212203"><ele>337.6</ele><time>2021-09-12T04:52:58Z</time></trkpt>
<trkpt lat="33.0064317" lon="35.2122264"><ele>337.7</ele><time>2021-09-12T04:52:59Z</time></trkpt>
<trkpt lat="33.0064047" lon="35.2122451"><ele>337.4</ele><time>2021-09-12T04:53:00Z</time></trkpt>
<trkpt lat="33.0064007" lon="35.212259"><ele>337.7</ele><time>2021-09-12T04:53:01Z</time></trkpt>
<trkpt lat="33.0063999" lon="35.2122748"><ele>337.8</ele><time>2021-09-12T04:53:02Z</time></trkpt>
<trkpt lat="33.0063969" lon="35.2122947"><ele>338.3</ele><time>2021-09-12T04:53:03Z</time></trkpt>
<trkpt lat="33.0063883" lon="35.2123094"><ele>338.6</ele><time>2021-09-12T04:53:04Z</time></trkpt>
<trkpt lat="33.0063805" lon="35.2123263"><ele>338.8</ele><time>2021-09-12T04:53:05Z</time></trkpt>
<trkpt lat="33.0063798" lon="35.2123418"><ele>339.1</ele><time>2021-09-12T04:53:06Z</time></trkpt>
<trkpt lat="33.0063701" lon="35.2123589"><ele>339.1</ele><time>2021-09-12T04:53:07Z</time></trkpt>
<trkpt lat="33.0063597" lon="35.2123792"><ele>339.2</ele><time>2021-09-12T04:53:08Z</time></trkpt>
<trkpt lat="33.0063481" lon="35.2123956"><ele>339.4</ele><time>2021-09-12T04:53:09Z</time></trkpt>
<trkpt lat="33.0063362" lon="35.2124168"><ele>339.4</ele><time>2021-09-12T04:53:10Z</time></trkpt>
<trkpt lat="33.0063277" lon="35.2124413"><ele>339.7</ele><time>2021-09-12T04:53:11Z</time></trkpt>
<trkpt lat="33.0063181" lon="35.2124612"><ele>339.9</ele><time>2021-09-12T04:53:12Z</time></trkpt>
<trkpt lat="33.0063071" lon="35.2124812"><ele>340.0</ele><time>2021-09-12T04:53:13Z</time></trkpt>
<trkpt lat="33.0062936" lon="35.2124953"><ele>340.3</ele><time>2021-09-12T04:53:14Z</time></trkpt>
<trkpt lat="33.006278" lon="35.2125048"><ele>340.7</ele><time>2021-09-12T04:53:15Z</time></trkpt>
<trkpt lat="33.0062555" lon="35.212515"><ele>340.9</ele><time>2021-09-12T04:53:16Z</time></trkpt>
<trkpt lat="33.0062338" lon="35.2125307"><ele>341.2</ele><time>2021-09-12T04:53:17Z</time></trkpt>
<trkpt lat="33.0062255" lon="35.212542"><ele>341.5</ele><time>2021-09-12T04:53:18Z</time></trkpt>
<trkpt lat="33.0062206" lon="35.212563"><ele>341.5</ele><time>2021-09-12T04:53:19Z</time></trkpt>
<trkpt lat="33.0062136" lon="35.2125832"><ele>341.9</ele><time>2021-09-12T04:53:20Z</time></trkpt>
<trkpt lat="33.0061899" lon="35.2126002"><ele>341.9</ele><time>2021-09-12T04:53:21Z</time></trkpt>
<trkpt lat="33.0061711" lon="35.2126115"><ele>342.1</ele><time>2021-09-12T04:53:22Z</time></trkpt>
<trkpt lat="33.0061516" lon="35.2126327"><ele>342.4</ele><time>2021-09-12T04:53:23Z</time></trkpt>
<trkpt lat="33.0061406" lon="35.2126503"><ele>342.7</ele><time>2021-09-12T04:53:24Z</time></trkpt>
<trkpt lat="33.0061331" lon="35.2126717"><ele>342.6</ele><time>2021-09-12T04:53:25Z</time></trkpt>
<trkpt lat="33.0061172" lon="35.2126824"><ele>342.9</ele><time>2021-09-12T04:53:26Z</time></trkpt>
<trkpt lat="33.006103" lon="35.2126988"><ele>343.1</ele><time>2021-09-12T04:53:27Z</time></trkpt>
<trkpt lat="33.0060855" lon="35.2127174"><ele>343.1</ele><time>2021-09-12T04:53:28Z</time></trkpt>
<trkpt lat="33.0060808" lon="35.2127356"><ele>343.0</ele><time>2021-09-12T04:53:29Z</time></trkpt>
<trkpt lat="33.0060682" lon="35.2127563"><ele>342.3</ele><time>2021-09-12T04:53:30Z</time></trkpt>
<trkpt lat="33.0060594" lon="35.2127788"><ele>342.2</ele><time>2021-09-12T04:53:31Z</time></trkpt>
<trkpt lat="33.0060459" lon="35.2128039"><ele>342.2</ele><time>2021-09-12T04:53:32Z</time></trkpt>
<trkpt lat="33.0060344" lon="35.2128279"><ele>341.9</ele><time>2021-09-12T04:53:33Z</time></trkpt>
<trkpt lat="33.0060158" lon="35.2128477"><ele>341.7</ele><time>2021-09-12T04:53:34Z</time></trkpt>
<trkpt lat="33.0059989" lon="35.2128667"><ele>341.6</ele><time>2021-09-12T04:53:35Z</time></trkpt>
<trkpt lat="33.0059924" lon="35.2128855"><ele>341.6</ele><time>2021-09-12T04:53:36Z</time></trkpt>
<trkpt lat="33.0059799" lon="35.2129061"><ele>341.3</ele><time>2021-09-12T04:53:37Z</time></trkpt>
<trkpt lat="33.0059654" lon="35.2129256"><ele>341.5</ele><time>2021-09-12T04:53:38Z</time></trkpt>
<trkpt lat="33.0059543" lon="35.2129475"><ele>341.4</ele><time>2021-09-12T04:53:39Z</time></trkpt>
<trkpt lat="33.0059477" lon="35.2129594"><ele>341.3</ele><time>2021-09-12T04:53:40Z</time></trkpt>
<trkpt lat="33.0059419" lon="35.2129787"><ele>341.2</ele><time>2021-09-12T04:53:41Z</time></trkpt>
<trkpt lat="33.0059176" lon="35.2129948"><ele>341.2</ele><time>2021-09-12T04:53:42Z</time></trkpt>
<trkpt lat="33.0058963" lon="35.2130145"><ele>340.9</ele><time>2021-09-12T04:53:43Z</time></trkpt>
<trkpt lat="33.0058824" lon="35.2130324"><ele>340.4</ele><time>2021-09-12T04:53:44Z</time></trkpt>
<trkpt lat="33.0058725" lon="35.2130549"><ele>340.1</ele><time>2021-09-12T04:53:45Z</time></trkpt>
<trkpt lat="33.0058496" lon="35.2130821"><ele>340.1</ele><time>2021-09-12T04:53:46Z</time></trkpt>
<trkpt lat="33.0058253" lon="35.2131085"><ele>340.1</ele><time>2021-09-12T04:53:47Z</time></trkpt>
<trkpt lat="33.005817" lon="35.2131354"><ele>339.8</ele><time>2021-09-12T04:53:48Z</time></trkpt>
<trkpt lat="33.0058032" lon="35.2131578"><ele>339.4</ele><time>2021-09-12T04:53:49Z</time></trkpt>
<trkpt lat="33.0057894" lon="35.2131866"><ele>339.4</ele><time>2021-09-12T04:53:50Z</time></trkpt>
<trkpt lat="33.0057771" lon="35.2132092"><ele>339.5</ele><time>2021-09-12T04:53:51Z</time></trkpt>
<trkpt lat="33.0057703" lon="35.2132337"><ele>339.5</ele><time>2021-09-12T04:53:52Z</time></trkpt>
<trkpt lat="33.005755" lon="35.2132624"><ele>339.8</ele><time>2021-09-12T04:53:53Z</time></trkpt>
<trkpt lat="33.0057404" lon="35.2132876"><ele>339.9</ele><time>2021-09-12T04:53:54Z</time></trkpt>
<trkpt lat="33.0057332" lon="35.2133121"><ele>340.3</ele><time>2021-09-12T04:53:55Z</time></trkpt>
<trkpt lat="33.0057179" lon="35.2133454"><ele>340.6</ele><time>2021-09-12T04:53:56Z</time></trkpt>
<trkpt lat="33.0056878" lon="35.2133619"><ele>340.9</ele><time>2021-09-12T04:53:57Z</time></trkpt>
<trkpt lat="33.0056559" lon="35.2133803"><ele>341.0</ele><time>2021-09-12T04:53:58Z</time></trkpt>
<trkpt lat="33.0056369" lon="35.2134004"><ele>341.0</ele><time>2021-09-12T04:53:59Z</time></trkpt>
<trkpt lat="33.0056104" lon="35.2134295"><ele>341.1</ele><time>2021-09-12T04:54:00Z</time></trkpt>
<trkpt lat="33.0055854" lon="35.2134538"><ele>341.2</ele><time>2021-09-12T04:54:01Z</time></trkpt>
<trkpt lat="33.0055506" lon="35.2134775"><ele>341.3</ele><time>2021-09-12T04:54:02Z</time></trkpt>
<trkpt lat="33.0055247" lon="35.213489"><ele>341.1</ele><time>2021-09-12T04:54:03Z</time></trkpt>
<trkpt lat="33.005495" lon="35.2135075"><ele>340.8</ele><time>2021-09-12T04:54:04Z</time></trkpt>
<trkpt lat="33.0054674" lon="35.2135236"><ele>340.3</ele><time>2021-09-12T04:54:05Z</time></trkpt>
<trkpt lat="33.0054374" lon="35.2135319"><ele>340.0</ele><time>2021-09-12T04:54:06Z</time></trkpt>
<trkpt lat="33.0054157" lon="35.2135463"><ele>339.9</ele><time>2021-09-12T04:54:07Z</time></trkpt>
<trkpt lat="33.0053924" lon="35.2135706"><ele>339.6</ele><time>2021-09-12T04:54:08Z</time></trkpt>
<trkpt lat="33.0053733" lon="35.2135972"><ele>339.1</ele><time>2021-09-12T04:54:09Z</time></trkpt>
<trkpt lat="33.0053619" lon="35.2136219"><ele>338.9</ele><time>2021-09-12T04:54:10Z</time></trkpt>
<trkpt lat="33.0053483" lon="35.2136441"><ele>338.6</ele><time>2021-09-12T04:54:11Z</time></trkpt>
<trkpt lat="33.0053391" lon="35.2136739"><ele>338.5</ele><time>2021-09-12T04:54:12Z</time></trkpt>
<trkpt lat="33.0053262" lon="35.2137037"><ele>338.2</ele><time>2021-09-12T04:54:13Z</time></trkpt>
<trkpt lat="33.005315" lon="35.2137338"><ele>337.8</ele><time>2021-09-12T04:54:14Z</time></trkpt>
<trkpt lat="33.0053056" lon="35.2137647"><ele>338.0</ele><time>2021-09-12T04:54:15Z</time></trkpt>
<trkpt lat="33.0052989" lon="35.2137971"><ele>337.8</ele><time>2021-09-12T04:54:16Z</time></trkpt>
<trkpt lat="33.0052863" lon="35.2138326"><ele>338.2</ele><time>2021-09-12T04:54:17Z</time></trkpt>
<trkpt lat="33.0052688" lon="35.2138565"><ele>337.6</ele><time>2021-09-12T04:54:18Z</time></trkpt>
<trkpt lat="33.0052588" lon="35.2138847"><ele>337.8</ele><time>2021-09-12T04:54:19Z</time></trkpt>
<trkpt lat="33.0052472" lon="35.2139085"><ele>337.8</ele><time>2021-09-12T04:54:20Z</time></trkpt>
<trkpt lat="33.0052392" lon="35.213933"><ele>337.8</ele><time>2021-09-12T04:54:21Z</time></trkpt>
<trkpt lat="33.0052225" lon="35.2139612"><ele>338.1</ele><time>2021-09-12T04:54:22Z</time></trkpt>
<trkpt lat="33.0052007" lon="35.2139845"><ele>338.0</ele><time>2021-09-12T04:54:23Z</time></trkpt>
<trkpt lat="33.0051855" lon="35.2140141"><ele>337.9</ele><time>2021-09-12T04:54:24Z</time></trkpt>
<trkpt lat="33.0051688" lon="35.214042"><ele>338.3</ele><time>2021-09-12T04:54:25Z</time></trkpt>
<trkpt lat="33.0051522" lon="35.2140663"><ele>338.0</ele><time>2021-09-12T04:54:26Z</time></trkpt>
<trkpt lat="33.005129" lon="35.2141041"><ele>338.3</ele><time>2021-09-12T04:54:27Z</time></trkpt>
<trkpt lat="33.0051052" lon="35.2141382"><ele>337.8</ele><time>2021-09-12T04:54:28Z</time></trkpt>
<trkpt lat="33.0050863" lon="35.2141721"><ele>338.1</ele><time>2021-09-12T04:54:29Z</time></trkpt>
<trkpt lat="33.0050665" lon="35.2142059"><ele>338.5</ele><time>2021-09-12T04:54:30Z</time></trkpt>
<trkpt lat="33.0050459" lon="35.2142391"><ele>338.6</ele><time>2021-09-12T04:54:31Z</time></trkpt>
<trkpt lat="33.0050215" lon="35.2142706"><ele>338.2</ele><time>2021-09-12T04:54:32Z</time></trkpt>
<trkpt lat="33.0050055" lon="35.2143069"><ele>338.7</ele><time>2021-09-12T04:54:33Z</time></trkpt>
<trkpt lat="33.0049728" lon="35.2143396"><ele>339.0</ele><time>2021-09-12T04:54:34Z</time></trkpt>
<trkpt lat="33.0049468" lon="35.2143707"><ele>338.7</ele><time>2021-09-12T04:54:35Z</time></trkpt>
<trkpt lat="33.0049209" lon="35.214405"><ele>338.5</ele><time>2021-09-12T04:54:36Z</time></trkpt>
<trkpt lat="33.004904" lon="35.214438"><ele>338.5</ele><time>2021-09-12T04:54:37Z</time></trkpt>
<trkpt lat="33.004888" lon="35.2144727"><ele>338.5</ele><time>2021-09-12T04:54:38Z</time></trkpt>
<trkpt lat="33.0048742" lon="35.2145093"><ele>338.4</ele><time>2021-09-12T04:54:39Z</time></trkpt>
<trkpt lat="33.0048548" lon="35.2145442"><ele>338.3</ele><time>2021-09-12T04:54:40Z</time></trkpt>
<trkpt lat="33.0048395" lon="35.2145808"><ele>338.7</ele><time>2021-09-12T04:54:41Z</time></trkpt>
<trkpt lat="33.0048203" lon="35.2146183"><ele>338.7</ele><time>2021-09-12T04:54:42Z</time></trkpt>
<trkpt lat="33.0048048" lon="35.2146562"><ele>339.0</ele><time>2021-09-12T04:54:43Z</time></trkpt>
<trkpt lat="33.0047937" lon="35.2146831"><ele>339.1</ele><time>2021-09-12T04:54:44Z</time></trkpt>
<trkpt lat="33.0047729" lon="35.2147242"><ele>339.2</ele><time>2021-09-12T04:54:45Z</time></trkpt>
<trkpt lat="33.0047551" lon="35.2147603"><ele>339.0</ele><time>2021-09-12T04:54:46Z</time></trkpt>
<trkpt lat="33.0047394" lon="35.214796"><ele>338.7</ele><time>2021-09-12T04:54:47Z</time></trkpt>
<trkpt lat="33.0047414" lon="35.2148378"><ele>338.8</ele><time>2021-09-12T04:54:48Z</time></trkpt>
<trkpt lat="33.0047387" lon="35.2148791"><ele>339.1</ele><time>2021-09-12T04:54:49Z</time></trkpt>
<trkpt lat="33.0047321" lon="35.2149276"><ele>339.0</ele><time>2021-09-12T04:54:50Z</time></trkpt>
<trkpt lat="33.004725" lon="35.2149744"><ele>338.9</ele><time>2021-09-12T04:54:51Z</time></trkpt>
<trkpt lat="33.0047113" lon="35.215009"><ele>339.4</ele><time>2021-09-12T04:54:52Z</time></trkpt>
<trkpt lat="33.0046917" lon="35.215041"><ele>339.5</ele><time>2021-09-12T04:54:53Z</time></trkpt>
<trkpt lat="33.0046897" lon="35.2150824"><ele>339.9</ele><time>2021-09-12T04:54:54Z</time></trkpt>
<trkpt lat="33.0046892" lon="35.2151133"><ele>340.3</ele><time>2021-09-12T04:54:55Z</time></trkpt>
<trkpt lat="33.0046839" lon="35.2151477"><ele>340.6</ele><time>2021-09-12T04:54:56Z</time></trkpt>
<trkpt lat="33.0046745" lon="35.2151765"><ele>341.1</ele><time>2021-09-12T04:54:57Z</time></trkpt>
<trkpt lat="33.0046613" lon="35.2152093"><ele>341.4</ele><time>2021-09-12T04:54:58Z</time></trkpt>
<trkpt lat="33.0046597" lon="35.2152549"><ele>341.4</ele><time>2021-09-12T04:54:59Z</time></trkpt>
<trkpt lat="33.0046558" lon="35.2152867"><ele>341.7</ele><time>2021-09-12T04:55:00Z</time></trkpt>
<trkpt lat="33.0046521" lon="35.2153129"><ele>342.4</ele><time>2021-09-12T04:55:01Z</time></trkpt>
<trkpt lat="33.0046498" lon="35.2153535"><ele>342.4</ele><time>2021-09-12T04:55:02Z</time></trkpt>
<trkpt lat="33.0046482" lon="35.2153841"><ele>342.8</ele><time>2021-09-12T04:55:03Z</time></trkpt>
<trkpt lat="33.0046395" lon="35.2154108"><ele>343.4</ele><time>2021-09-12T04:55:04Z</time></trkpt>
<trkpt lat="33.0046321" lon="35.2154431"><ele>343.6</ele><time>2021-09-12T04:55:05Z</time></trkpt>
<trkpt lat="33.0046141" lon="35.2154732"><ele>344.0</ele><time>2021-09-12T04:55:06Z</time></trkpt>
<trkpt lat="33.0046067" lon="35.2155099"><ele>344.6</ele><time>2021-09-12T04:55:07Z</time></trkpt>
<trkpt lat="33.0046019" lon="35.2155359"><ele>344.8</ele><time>2021-09-12T04:55:08Z</time></trkpt>
<trkpt lat="33.0045962" lon="35.2155748"><ele>344.9</ele><time>2021-09-12T04:55:09Z</time></trkpt>
<trkpt lat="33.0045841" lon="35.2156154"><ele>344.9</ele><time>2021-09-12T04:55:10Z</time></trkpt>
<trkpt lat="33.0045687" lon="35.2156464"><ele>345.7</ele><time>2021-09-12T04:55:11Z</time></trkpt>
<trkpt lat="33.0045528" lon="35.2156831"><ele>345.9</ele><time>2021-09-12T04:55:12Z</time></trkpt>
<trkpt lat="33.0045379" lon="35.2157127"><ele>346.6</ele><time>2021-09-12T04:55:13Z</time></trkpt>
<trkpt lat="33.0045254" lon="35.2157434"><ele>347.3</ele><time>2021-09-12T04:55:14Z</time></trkpt>
<trkpt lat="33.0045177" lon="35.2157826"><ele>347.6</ele><time>2021-09-12T04:55:15Z</time></trkpt>
<trkpt lat="33.0045098" lon="35.2158214"><ele>348.2</ele><time>2021-09-12T04:55:16Z</time></trkpt>
<trkpt lat="33.0045054" lon="35.215854"><ele>348.4</ele><time>2021-09-12T04:55:17Z</time></trkpt>
<trkpt lat="33.0044941" lon="35.2158869"><ele>349.3</ele><time>2021-09-12T04:55:18Z</time></trkpt>
<trkpt lat="33.0044865" lon="35.2159269"><ele>349.8</ele><time>2021-09-12T04:55:19Z</time></trkpt>
<trkpt lat="33.0044798" lon="35.2159643"><ele>350.0</ele><time>2021-09-12T04:55:20Z</time></trkpt>
<trkpt lat="33.0044752" lon="35.2160002"><ele>349.7</ele><time>2021-09-12T04:55:21Z</time></trkpt>
<trkpt lat="33.0044725" lon="35.2160397"><ele>349.6</ele><time>2021-09-12T04:55:22Z</time></trkpt>
<trkpt lat="33.0044702" lon="35.2160744"><ele>349.5</ele><time>2021-09-12T04:55:23Z</time></trkpt>
<trkpt lat="33.0044688" lon="35.2161094"><ele>349.8</ele><time>2021-09-12T04:55:24Z</time></trkpt>
<trkpt lat="33.0044637" lon="35.2161406"><ele>349.7</ele><time>2021-09-12T04:55:25Z</time></trkpt>
<trkpt lat="33.0044591" lon="35.2161727"><ele>349.7</ele><time>2021-09-12T04:55:26Z</time></trkpt>
<trkpt lat="33.0044578" lon="35.2162091"><ele>349.7</ele><time>2021-09-12T04:55:27Z</time></trkpt>
<trkpt lat="33.0044542" lon="35.2162366"><ele>349.9</ele><time>2021-09-12T04:55:28Z</time></trkpt>
<trkpt lat="33.0044504" lon="35.2162694"><ele>350.2</ele><time>2021-09-12T04:55:29Z</time></trkpt>
<trkpt lat="33.0044417" lon="35.2163016"><ele>350.2</ele><time>2021-09-12T04:55:30Z</time></trkpt>
<trkpt lat="33.0044379" lon="35.2163347"><ele>350.3</ele><time>2021-09-12T04:55:31Z</time></trkpt>
<trkpt lat="33.0044351" lon="35.216365"><ele>350.6</ele><time>2021-09-12T04:55:32Z</time></trkpt>
<trkpt lat="33.0044362" lon="35.2163906"><ele>350.7</ele><time>2021-09-12T04:55:33Z</time></trkpt>
<trkpt lat="33.0044349" lon="35.2164196"><ele>350.6</ele><time>2021-09-12T04:55:34Z</time></trkpt>
<trkpt lat="33.0044296" lon="35.2164466"><ele>350.7</ele><time>2021-09-12T04:55:35Z</time></trkpt>
<trkpt lat="33.0044284" lon="35.2164743"><ele>351.0</ele><time>2021-09-12T04:55:36Z</time></trkpt>
<trkpt lat="33.0044296" lon="35.2164984"><ele>351.1</ele><time>2021-09-12T04:55:37Z</time></trkpt>
<trkpt lat="33.0044298" lon="35.2165248"><ele>351.5</ele><time>2021-09-12T04:55:38Z</time></trkpt>
<trkpt lat="33.0044227" lon="35.2165511"><ele>351.4</ele><time>2021-09-12T04:55:39Z</time></trkpt>
<trkpt lat="33.0044231" lon="35.2165768"><ele>351.6</ele><time>2021-09-12T04:55:40Z</time></trkpt>
<trkpt lat="33.004423" lon="35.2166037"><ele>351.9</ele><time>2021-09-12T04:55:41Z</time></trkpt>
<trkpt lat="33.0044211" lon="35.2166317"><ele>352.1</ele><time>2021-09-12T04:55:42Z</time></trkpt>
<trkpt lat="33.0044222" lon="35.2166569"><ele>352.1</ele><time>2021-09-12T04:55:43Z</time></trkpt>
<trkpt lat="33.0044272" lon="35.2166817"><ele>352.3</ele><time>2021-09-12T04:55:44Z</time></trkpt>
<trkpt lat="33.0044347" lon="35.2167013"><ele>352.4</ele><time>2021-09-12T04:55:45Z</time></trkpt>
<trkpt lat="33.0044306" lon="35.2167237"><ele>353.0</ele><time>2021-09-12T04:55:46Z</time></trkpt>
<trkpt lat="33.0044352" lon="35.2167443"><ele>353.2</ele><time>2021-09-12T04:55:47Z</time></trkpt>
<trkpt lat="33.0044367" lon="35.216764"><ele>353.8</ele><time>2021-09-12T04:55:48Z</time></trkpt>
<trkpt lat="33.0044356" lon="35.2167872"><ele>353.4</ele><time>2021-09-12T04:55:49Z</time></trkpt>
<trkpt lat="33.0044327" lon="35.2168128"><ele>353.4</ele><time>2021-09-12T04:55:50Z</time></trkpt>
<trkpt lat="33.00443" lon="35.2168232"><ele>353.4</ele><time>2021-09-12T04:55:51Z</time></trkpt>
<trkpt lat="33.0044365" lon="35.216835"><ele>354.6</ele><time>2021-09-12T04:55:52Z</time></trkpt>
<trkpt lat="33.0044502" lon="35.2168385"><ele>354.6</ele><time>2021-09-12T04:55:53Z</time></trkpt>
<trkpt lat="33.0044726" lon="35.2168257"><ele>354.1</ele><time>2021-09-12T04:55:54Z</time></trkpt>
<trkpt lat="33.004478" lon="35.2168107"><ele>354.9</ele><time>2021-09-12T04:55:55Z</time></trkpt>
<trkpt lat="33.0044849" lon="35.2167985"><ele>355.4</ele><time>2021-09-12T04:55:56Z</time></trkpt>
<trkpt lat="33.0044921" lon="35.2167879"><ele>355.2</ele><time>2021-09-12T04:55:57Z</time></trkpt>
<trkpt lat="33.0044992" lon="35.2167863"><ele>355.5</ele><time>2021-09-12T04:55:58Z</time></trkpt>
<trkpt lat="33.0045179" lon="35.2167797"><ele>355.7</ele><time>2021-09-12T04:55:59Z</time></trkpt>
<trkpt lat="33.004531" lon="35.2167685"><ele>355.7</ele><time>2021-09-12T04:56:00Z</time></trkpt>
<trkpt lat="33.0045449" lon="35.2167594"><ele>355.9</ele><time>2021-09-12T04:56:01Z</time></trkpt>
<trkpt lat="33.0045549" lon="35.216755"><ele>356.5</ele><time>2021-09-12T04:56:02Z</time></trkpt>
<trkpt lat="33.0045723" lon="35.2167481"><ele>356.1</ele><time>2021-09-12T04:56:03Z</time></trkpt>
<trkpt lat="33.004585" lon="35.2167364"><ele>356.3</ele><time>2021-09-12T04:56:04Z</time></trkpt>
<trkpt lat="33.0045983" lon="35.2167334"><ele>357.1</ele><time>2021-09-12T04:56:05Z</time></trkpt>
<trkpt lat="33.0046151" lon="35.2167255"><ele>356.6</ele><time>2021-09-12T04:56:06Z</time></trkpt>
<trkpt lat="33.0046313" lon="35.216723"><ele>356.7</ele><time>2021-09-12T04:56:07Z</time></trkpt>
<trkpt lat="33.0046423" lon="35.2167131"><ele>356.4</ele><time>2021-09-12T04:56:08Z</time></trkpt>
<trkpt lat="33.0046578" lon="35.2167013"><ele>356.2</ele><time>2021-09-12T04:56:09Z</time></trkpt>
<trkpt lat="33.0046694" lon="35.2166973"><ele>356.7</ele><time>2021-09-12T04:56:10Z</time></trkpt>
<trkpt lat="33.0046857" lon="35.2166899"><ele>356.8</ele><time>2021-09-12T04:56:11Z</time></trkpt>
<trkpt lat="33.0046984" lon="35.2166895"><ele>357.6</ele><time>2021-09-12T04:56:12Z</time></trkpt>
<trkpt lat="33.0047162" lon="35.2166862"><ele>357.3</ele><time>2021-09-12T04:56:13Z</time></trkpt>
<trkpt lat="33.0047281" lon="35.2166858"><ele>357.3</ele><time>2021-09-12T04:56:14Z</time></trkpt>
<trkpt lat="33.0047388" lon="35.2166793"><ele>357.5</ele><time>2021-09-12T04:56:15Z</time></trkpt>
<trkpt lat="33.0047524" lon="35.2166691"><ele>358.0</ele><time>2021-09-12T04:56:16Z</time></trkpt>
<trkpt lat="33.0047649" lon="35.2166711"><ele>358.2</ele><time>2021-09-12T04:56:17Z</time></trkpt>
<trkpt lat="33.0047735" lon="35.2166682"><ele>358.2</ele><time>2021-09-12T04:56:18Z</time></trkpt>
<trkpt lat="33.0047855" lon="35.2166655"><ele>358.1</ele><time>2021-09-12T04:56:19Z</time></trkpt>
<trkpt lat="33.0047935" lon="35.2166668"><ele>358.7</ele><time>2021-09-12T04:56:20Z</time></trkpt>
<trkpt lat="33.0048055" lon="35.2166634"><ele>358.9</ele><time>2021-09-12T04:56:21Z</time></trkpt>
<trkpt lat="33.0048235" lon="35.2166533"><ele>358.4</ele><time>2021-09-12T04:56:22Z</time></trkpt>
<trkpt lat="33.00483" lon="35.2166519"><ele>358.6</ele><time>2021-09-12T04:56:23Z</time></trkpt>
<trkpt lat="33.0048394" lon="35.2166505"><ele>358.9</ele><time>2021-09-12T04:56:24Z</time></trkpt>
<trkpt lat="33.0048515" lon="35.2166476"><ele>359.0</ele><time>2021-09-12T04:56:25Z</time></trkpt>
<trkpt lat="33.0048681" lon="35.2166431"><ele>359.5</ele><time>2021-09-12T04:56:26Z</time></trkpt>
<trkpt lat="33.0048761" lon="35.2166423"><ele>359.1</ele><time>2021-09-12T04:56:27Z</time></trkpt>
<trkpt lat="33.004883" lon="35.2166372"><ele>358.9</ele><time>2021-09-12T04:56:28Z</time></trkpt>
<trkpt lat="33.0048933" lon="35.2166389"><ele>359.5</ele><time>2021-09-12T04:56:29Z</time></trkpt>
<trkpt lat="33.0049024" lon="35.2166424"><ele>359.4</ele><time>2021-09-12T04:56:30Z</time></trkpt>
<trkpt lat="33.0049164" lon="35.2166399"><ele>359.2</ele><time>2021-09-12T04:56:31Z</time></trkpt>
<trkpt lat="33.0049269" lon="35.2166366"><ele>359.5</ele><time>2021-09-12T04:56:32Z</time></trkpt>
<trkpt lat="33.0049457" lon="35.2166371"><ele>359.5</ele><time>2021-09-12T04:56:33Z</time></trkpt>
<trkpt lat="33.0049506" lon="35.2166344"><ele>359.3</ele><time>2021-09-12T04:56:34Z</time></trkpt>
<trkpt lat="33.0049597" lon="35.2166335"><ele>359.8</ele><time>2021-09-12T04:56:35Z</time></trkpt>
<trkpt lat="33.0049752" lon="35.216635"><ele>360.0</ele><time>2021-09-12T04:56:36Z</time></trkpt>
<trkpt lat="33.0049938" lon="35.2166335"><ele>359.9</ele><time>2021-09-12T04:56:37Z</time></trkpt>
<trkpt lat="33.0050127" lon="35.216633"><ele>360.2</ele><time>2021-09-12T04:56:38Z</time></trkpt>
<trkpt lat="33.0050333" lon="35.2166367"><ele>360.7</ele><time>2021-09-12T04:56:39Z</time></trkpt>
<trkpt lat="33.0050519" lon="35.2166383"><ele>360.8</ele><time>2021-09-12T04:56:40Z</time></trkpt>
<trkpt lat="33.005066" lon="35.2166403"><ele>361.3</ele><time>2021-09-12T04:56:41Z</time></trkpt>
<trkpt lat="33.0050794" lon="35.216641"><ele>361.1</ele><time>2021-09-12T04:56:42Z</time></trkpt>
<trkpt lat="33.0051034" lon="35.2166409"><ele>361.3</ele><time>2021-09-12T04:56:43Z</time></trkpt>
<trkpt lat="33.0051183" lon="35.2166353"><ele>361.4</ele><time>2021-09-12T04:56:44Z</time></trkpt>
<trkpt lat="33.0051452" lon="35.216637"><ele>361.1</ele><time>2021-09-12T04:56:45Z</time></trkpt>
<trkpt lat="33.0051618" lon="35.2166339"><ele>361.7</ele><time>2021-09-12T04:56:46Z</time></trkpt>
<trkpt lat="33.0051772" lon="35.2166361"><ele>361.4</ele><time>2021-09-12T04:56:47Z</time></trkpt>
<trkpt lat="33.0051926" lon="35.2166378"><ele>361.3</ele><time>2021-09-12T04:56:48Z</time></trkpt>
<trkpt lat="33.0052022" lon="35.2166394"><ele>361.0</ele><time>2021-09-12T04:56:49Z</time></trkpt>
<trkpt lat="33.0052188" lon="35.216648"><ele>361.2</ele><time>2021-09-12T04:56:50Z</time></trkpt>
<trkpt lat="33.0052421" lon="35.2166478"><ele>360.9</ele><time>2021-09-12T04:56:51Z</time></trkpt>
<trkpt lat="33.005253" lon="35.216646"><ele>360.9</ele><time>2021-09-12T04:56:52Z</time></trkpt>
<trkpt lat="33.0052726" lon="35.2166503"><ele>361.1</ele><time>2021-09-12T04:56:53Z</time></trkpt>
<trkpt lat="33.0052911" lon="35.2166493"><ele>361.0</ele><time>2021-09-12T04:56:54Z</time></trkpt>
<trkpt lat="33.0053064" lon="35.2166539"><ele>360.5</ele><time>2021-09-12T04:56:55Z</time></trkpt>
<trkpt lat="33.0053238" lon="35.2166585"><ele>360.4</ele><time>2021-09-12T04:56:56Z</time></trkpt>
<trkpt lat="33.0053345" lon="35.2166627"><ele>361.0</ele><time>2021-09-12T04:56:57Z</time></trkpt>
<trkpt lat="33.0053531" lon="35.2166673"><ele>360.3</ele><time>2021-09-12T04:56:58Z</time></trkpt>
<trkpt lat="33.0053681" lon="35.2166716"><ele>360.7</ele><time>2021-09-12T04:56:59Z</time></trkpt>
<trkpt lat="33.0053795" lon="35.2166766"><ele>360.3</ele><time>2021-09-12T04:57:00Z</time></trkpt>
<trkpt lat="33.0053973" lon="35.2166764"><ele>360.2</ele><time>2021-09-12T04:57:01Z</time></trkpt>
<trkpt lat="33.0054087" lon="35.2166797"><ele>359.8</ele><time>2021-09-12T04:57:02Z</time></trkpt>
<trkpt lat="33.005432" lon="35.2166937"><ele>359.6</ele><time>2021-09-12T04:57:03Z</time></trkpt>
<trkpt lat="33.005453" lon="35.2166941"><ele>359.1</ele><time>2021-09-12T04:57:04Z</time></trkpt>
<trkpt lat="33.0054662" lon="35.216679"><ele>359.5</ele><time>2021-09-12T04:57:05Z</time></trkpt>
<trkpt lat="33.0054781" lon="35.2166612"><ele>360.0</ele><time>2021-09-12T04:57:06Z</time></trkpt>
<trkpt lat="33.0054853" lon="35.2166389"><ele>359.7</ele><time>2021-09-12T04:57:07Z</time></trkpt>
<trkpt lat="33.005487" lon="35.2166118"><ele>359.2</ele><time>2021-09-12T04:57:08Z</time></trkpt>
<trkpt lat="33.0054839" lon="35.2165829"><ele>359.1</ele><time>2021-09-12T04:57:09Z</time></trkpt>
<trkpt lat="33.0054866" lon="35.2165525"><ele>358.9</ele><time>2021-09-12T04:57:10Z</time></trkpt>
<trkpt lat="33.0054843" lon="35.2165216"><ele>358.9</ele><time>2021-09-12T04:57:11Z</time></trkpt>
<trkpt lat="33.0054828" lon="35.2164862"><ele>359.1</ele><time>2021-09-12T04:57:12Z</time></trkpt>
<trkpt lat="33.0054854" lon="35.2164427"><ele>358.5</ele><time>2021-09-12T04:57:13Z</time></trkpt>
<trkpt lat="33.0054841" lon="35.2163898"><ele>358.7</ele><time>2021-09-12T04:57:14Z</time></trkpt>
<trkpt lat="33.0054834" lon="35.2163302"><ele>358.3</ele><time>2021-09-12T04:57:15Z</time></trkpt>
<trkpt lat="33.0054784" lon="35.2162702"><ele>358.3</ele><time>2021-09-12T04:57:16Z</time></trkpt>
<trkpt lat="33.0054757" lon="35.2162235"><ele>358.0</ele><time>2021-09-12T04:57:17Z</time></trkpt>
<trkpt lat="33.0054745" lon="35.2161882"><ele>357.6</ele><time>2021-09-12T04:57:18Z</time></trkpt>
<trkpt lat="33.0054736" lon="35.2161358"><ele>357.3</ele><time>2021-09-12T04:57:19Z</time></trkpt>
<trkpt lat="33.0054615" lon="35.2160715"><ele>356.9</ele><time>2021-09-12T04:57:20Z</time></trkpt>
<trkpt lat="33.0054552" lon="35.2159997"><ele>356.4</ele><time>2021-09-12T04:57:21Z</time></trkpt>
<trkpt lat="33.0054478" lon="35.2159304"><ele>355.8</ele><time>2021-09-12T04:57:22Z</time></trkpt>
<trkpt lat="33.0054484" lon="35.2158679"><ele>355.6</ele><time>2021-09-12T04:57:23Z</time></trkpt>
<trkpt lat="33.0054391" lon="35.2158008"><ele>355.0</ele><time>2021-09-12T04:57:24Z</time></trkpt>
<trkpt lat="33.0054457" lon="35.2157293"><ele>354.4</ele><time>2021-09-12T04:57:25Z</time></trkpt>
<trkpt lat="33.0054609" lon="35.2156665"><ele>354.3</ele><time>2021-09-12T04:57:26Z</time></trkpt>
<trkpt lat="33.0054716" lon="35.2156317"><ele>353.5</ele><time>2021-09-12T04:57:27Z</time></trkpt>
<trkpt lat="33.0054813" lon="35.2155915"><ele>353.4</ele><time>2021-09-12T04:57:28Z</time></trkpt>
<trkpt lat="33.0054846" lon="35.2155689"><ele>353.5</ele><time>2021-09-12T04:57:29Z</time></trkpt>
<trkpt lat="33.0054871" lon="35.2155482"><ele>353.7</ele><time>2021-09-12T04:57:30Z</time></trkpt>
<trkpt lat="33.0054995" lon="35.2155259"><ele>353.4</ele><time>2021-09-12T04:57:31Z</time></trkpt>
<trkpt lat="33.0055051" lon="35.2155035"><ele>353.6</ele><time>2021-09-12T04:57:32Z</time></trkpt>
<trkpt lat="33.0054993" lon="35.2154906"><ele>353.2</ele><time>2021-09-12T04:57:33Z</time></trkpt>
<trkpt lat="33.0054887" lon="35.2154707"><ele>353.8</ele><time>2021-09-12T04:57:34Z</time></trkpt>
<trkpt lat="33.0054746" lon="35.2154667"><ele>353.1</ele><time>2021-09-12T04:57:35Z</time></trkpt>
<trkpt lat="33.0054554" lon="35.2154575"><ele>353.9</ele><time>2021-09-12T04:57:36Z</time></trkpt>
<trkpt lat="33.0054287" lon="35.2154613"><ele>353.4</ele><time>2021-09-12T04:57:37Z</time></trkpt>
<trkpt lat="33.0054067" lon="35.2154494"><ele>353.2</ele><time>2021-09-12T04:57:38Z</time></trkpt>
<trkpt lat="33.0053836" lon="35.215451"><ele>352.7</ele><time>2021-09-12T04:57:39Z</time></trkpt>
<trkpt lat="33.0053489" lon="35.2154458"><ele>352.7</ele><time>2021-09-12T04:57:40Z</time></trkpt>
<trkpt lat="33.0053179" lon="35.2154569"><ele>352.3</ele><time>2021-09-12T04:57:41Z</time></trkpt>
<trkpt lat="33.0052871" lon="35.215467"><ele>352.2</ele><time>2021-09-12T04:57:42Z</time></trkpt>
<trkpt lat="33.00528" lon="35.2154874"><ele>352.1</ele><time>2021-09-12T04:57:43Z</time></trkpt>
<trkpt lat="33.005254" lon="35.2155121"><ele>352.0</ele><time>2021-09-12T04:57:44Z</time></trkpt>
<trkpt lat="33.0052315" lon="35.2155224"><ele>351.8</ele><time>2021-09-12T04:57:45Z</time></trkpt>
<trkpt lat="33.0052199" lon="35.2155512"><ele>351.6</ele><time>2021-09-12T04:57:46Z</time></trkpt>
<trkpt lat="33.0052044" lon="35.2155666"><ele>351.5</ele><time>2021-09-12T04:57:47Z</time></trkpt>
<trkpt lat="33.0051901" lon="35.2155894"><ele>351.1</ele><time>2021-09-12T04:57:48Z</time></trkpt>
<trkpt lat="33.0051895" lon="35.215593"><ele>350.8</ele><time>2021-09-12T04:57:49Z</time></trkpt>
<trkpt lat="33.0051845" lon="35.2155899"><ele>350.7</ele><time>2021-09-12T04:57:50Z</time></trkpt>
<trkpt lat="33.0051594" lon="35.2155781"><ele>350.9</ele><time>2021-09-12T04:57:51Z</time></trkpt>
<trkpt lat="33.0051388" lon="35.2155775"><ele>350.8</ele><time>2021-09-12T04:57:52Z</time></trkpt>
<trkpt lat="33.0051138" lon="35.2155587"><ele>350.6</ele><time>2021-09-12T04:57:53Z</time></trkpt>
<trkpt lat="33.0050904" lon="35.2155482"><ele>350.3</ele><time>2021-09-12T04:57:54Z</time></trkpt>
<trkpt lat="33.0050672" lon="35.2155314"><ele>350.0</ele><time>2021-09-12T04:57:55Z</time></trkpt>
<trkpt lat="33.0050547" lon="35.2155105"><ele>349.6</ele><time>2021-09-12T04:57:56Z</time></trkpt>
<trkpt lat="33.0050513" lon="35.2155068"><ele>349.5</ele><time>2021-09-12T04:57:57Z</time></trkpt>
<trkpt lat="33.0050491" lon="35.2155092"><ele>349.4</ele><time>2021-09-12T04:57:58Z</time></trkpt>
<trkpt lat="33.0050409" lon="35.2154995"><ele>349.1</ele><time>2021-09-12T04:57:59Z</time></trkpt>
<trkpt lat="33.0050401" lon="35.2155028"><ele>349.4</ele><time>2021-09-12T04:58:00Z</time></trkpt>
<trkpt lat="33.0050397" lon="35.2155046"><ele>349.0</ele><time>2021-09-12T04:58:01Z</time></trkpt>
<trkpt lat="33.0050357" lon="35.2155007"><ele>348.8</ele><time>2021-09-12T04:58:02Z</time></trkpt>
<trkpt lat="33.0050334" lon="35.2154976"><ele>348.7</ele><time>2021-09-12T04:58:03Z</time></trkpt>
<trkpt lat="33.0050308" lon="35.2154927"><ele>348.3</ele><time>2021-09-12T04:58:04Z</time></trkpt>
<trkpt lat="33.0050303" lon="35.2154914"><ele>348.1</ele><time>2021-09-12T04:58:05Z</time></trkpt>
<trkpt lat="33.0050297" lon="35.2154852"><ele>348.0</ele><time>2021-09-12T04:58:06Z</time></trkpt>
<trkpt lat="33.0050263" lon="35.2154784"><ele>347.8</ele><time>2021-09-12T04:58:07Z</time></trkpt>
<trkpt lat="33.0050265" lon="35.2154692"><ele>347.5</ele><time>2021-09-12T04:58:08Z</time></trkpt>
<trkpt lat="33.0050255" lon="35.2154686"><ele>347.0</ele><time>2021-09-12T04:58:09Z</time></trkpt>
<trkpt lat="33.0050234" lon="35.2154726"><ele>347.4</ele><time>2021-09-12T04:58:10Z</time></trkpt>
<trkpt lat="33.005025" lon="35.2154675"><ele>346.9</ele><time>2021-09-12T04:58:11Z</time></trkpt>
<trkpt lat="33.0050261" lon="35.2154659"><ele>347.8</ele><time>2021-09-12T04:58:12Z</time></trkpt>
<trkpt lat="33.005027" lon="35.2154663"><ele>347.1</ele><time>2021-09-12T04:58:13Z</time></trkpt>
<trkpt lat="33.0050286" lon="35.2154711"><ele>346.8</ele><time>2021-09-12T04:58:14Z</time></trkpt>
<trkpt lat="33.0050261" lon="35.2154739"><ele>347.0</ele><time>2021-09-12T04:58:15Z</time></trkpt>
<trkpt lat="33.0050263" lon="35.2154724"><ele>346.9</ele><time>2021-09-12T04:58:16Z</time></trkpt>
<trkpt lat="33.0050276" lon="35.2154696"><ele>346.6</ele><time>2021-09-12T04:58:17Z</time></trkpt>
<trkpt lat="33.0050274" lon="35.2154695"><ele>347.0</ele><time>2021-09-12T04:58:18Z</time></trkpt>
<trkpt lat="33.0050245" lon="35.2154641"><ele>347.1</ele><time>2021-09-12T04:58:19Z</time></trkpt>
<trkpt lat="33.0050266" lon="35.2154664"><ele>347.2</ele><time>2021-09-12T04:58:20Z</time></trkpt>
<trkpt lat="33.0050281" lon="35.2154686"><ele>347.1</ele><time>2021-09-12T04:58:21Z</time></trkpt>
<trkpt lat="33.0050391" lon="35.215466"><ele>347.3</ele><time>2021-09-12T04:58:22Z</time></trkpt>
<trkpt lat="33.0050408" lon="35.2154671"><ele>347.4</ele><time>2021-09-12T04:58:23Z</time></trkpt>
<trkpt lat="33.0050394" lon="35.2154687"><ele>347.4</ele><time>2021-09-12T04:58:24Z</time></trkpt>
<trkpt lat="33.0050382" lon="35.2154725"><ele>347.1</ele><time>2021-09-12T04:58:25Z</time></trkpt>
<trkpt lat="33.0050408" lon="35.2154745"><ele>347.3</ele><time>2021-09-12T04:58:26Z</time></trkpt>
<trkpt lat="33.0050373" lon="35.2154773"><ele>347.5</ele><time>2021-09-12T04:58:27Z</time></trkpt>
<trkpt lat="33.0050311" lon="35.2154795"><ele>347.5</ele><time>2021-09-12T04:58:28Z</time></trkpt>
<trkpt lat="33.0050289" lon="35.2154793"><ele>347.5</ele><time>2021-09-12T04:58:29Z</time></trkpt>
<trkpt lat="33.0050289" lon="35.2154793"><ele>347.5</ele><time>2021-09-12T04:58:30Z</time></trkpt>
<trkpt lat="33.0050289" lon="35.2154793"><ele>347.5</ele><time>2021-09-12T04:58:31Z</time></trkpt>
<trkpt lat="33.0050289" lon="35.2154793"><ele>347.5</ele><time>2021-09-12T04:58:32Z</time></trkpt>
<trkpt lat="33.0050289" lon="35.2154793"><ele>347.5</ele><time>2021-09-12T04:58:33Z</time></trkpt>
<trkpt lat="33.0050289" lon="35.2154793"><ele>347.5</ele><time>2021-09-12T04:58:34Z</time></trkpt>
<trkpt lat="33.0050289" lon="35.2154793"><ele>347.5</ele><time>2021-09-12T04:58:35Z</time></trkpt>
<trkpt lat="33.0050289" lon="35.2154793"><ele>347.5</ele><time>2021-09-12T04:58:36Z</time></trkpt>
<trkpt lat="33.0050289" lon="35.2154793"><ele>347.5</ele><time>2021-09-12T04:58:37Z</time></trkpt>
<trkpt lat="33.0050289" lon="35.2154793"><ele>347.5</ele><time>2021-09-12T04:58:38Z</time></trkpt>
<trkpt lat="33.0050289" lon="35.2154793"><ele>347.5</ele><time>2021-09-12T04:58:39Z</time></trkpt>
<trkpt lat="33.0050289" lon="35.2154793"><ele>347.5</ele><time>2021-09-12T04:58:40Z</time></trkpt>
<trkpt lat="33.0050289" lon="35.2154793"><ele>347.5</ele><time>2021-09-12T04:58:41Z</time></trkpt>
<trkpt lat="33.0050289" lon="35.2154793"><ele>347.5</ele><time>2021-09-12T04:58:42Z</time></trkpt>
<trkpt lat="33.0050289" lon="35.2154793"><ele>347.5</ele><time>2021-09-12T04:58:43Z</time></trkpt>
<trkpt lat="33.0050289" lon="35.2154793"><ele>347.5</ele><time>2021-09-12T04:58:44Z</time></trkpt>
<trkpt lat="33.0050289" lon="35.2154793"><ele>347.5</ele><time>2021-09-12T04:58:45Z</time></trkpt>
<trkpt lat="33.0050289" lon="35.2154793"><ele>347.5</ele><time>2021-09-12T04:58:46Z</time></trkpt>
<trkpt lat="33.0050289" lon="35.2154793"><ele>347.5</ele><time>2021-09-12T04:58:47Z</time></trkpt>
<trkpt lat="33.0050289" lon="35.2154793"><ele>347.5</ele><time>2021-09-12T04:58:48Z</time></trkpt>
<trkpt lat="33.0050289" lon="35.2154793"><ele>347.5</ele><time>2021-09-12T04:58:49Z</time></trkpt>
<trkpt lat="33.0050289" lon="35.2154793"><ele>347.5</ele><time>2021-09-12T04:58:50Z</time></trkpt>
<trkpt lat="33.0050289" lon="35.2154793"><ele>347.5</ele><time>2021-09-12T04:58:51Z</time></trkpt>
<trkpt lat="33.0050289" lon="35.2154793"><ele>347.5</ele><time>2021-09-12T04:58:52Z</time></trkpt>
<trkpt lat="33.0050289" lon="35.2154793"><ele>347.5</ele><time>2021-09-12T04:58:53Z</time></trkpt>
<trkpt lat="33.0050289" lon="35.2154793"><ele>347.5</ele><time>2021-09-12T04:58:54Z</time></trkpt>
<trkpt lat="33.0050289" lon="35.2154793"><ele>347.5</ele><time>2021-09-12T04:58:55Z</time></trkpt>
<trkpt lat="33.0050289" lon="35.2154793"><ele>347.5</ele><time>2021-09-12T04:58:56Z</time></trkpt>
<trkpt lat="33.0050289" lon="35.2154793"><ele>347.5</ele><time>2021-09-12T04:58:57Z</time></trkpt>
<trkpt lat="33.0050289" lon="35.2154793"><ele>347.5</ele><time>2021-09-12T04:58:58Z</time></trkpt>
<trkpt lat="33.0050289" lon="35.2154793"><ele>347.5</ele><time>2021-09-12T04:58:59Z</time></trkpt>
<trkpt lat="33.0050289" lon="35.2154793"><ele>347.5</ele><time>2021-09-12T04:59:00Z</time></trkpt>
<trkpt lat="33.0050289" lon="35.2154793"><ele>347.5</ele><time>2021-09-12T04:59:01Z</time></trkpt>
<trkpt lat="33.0050025" lon="35.2154672"><ele>347.3</ele><time>2021-09-12T04:59:02Z</time></trkpt>
<trkpt lat="33.0050041" lon="35.2154675"><ele>347.3</ele><time>2021-09-12T04:59:03Z</time></trkpt>
<trkpt lat="33.0050048" lon="35.215467"><ele>347.2</ele><time>2021-09-12T04:59:04Z</time></trkpt>
<trkpt lat="33.0050076" lon="35.2154653"><ele>345.7</ele><time>2021-09-12T04:59:05Z</time></trkpt>
<trkpt lat="33.0050057" lon="35.2154665"><ele>346.0</ele><time>2021-09-12T04:59:06Z</time></trkpt>
<trkpt lat="33.0050025" lon="35.2154656"><ele>347.0</ele><time>2021-09-12T04:59:07Z</time></trkpt>
<trkpt lat="33.0050062" lon="35.2154672"><ele>345.3</ele><time>2021-09-12T04:59:08Z</time></trkpt>
<trkpt lat="33.0050039" lon="35.215475"><ele>345.4</ele><time>2021-09-12T04:59:09Z</time></trkpt>
<trkpt lat="33.0050014" lon="35.2154719"><ele>345.2</ele><time>2021-09-12T04:59:10Z</time></trkpt>
<trkpt lat="33.0049999" lon="35.2154721"><ele>345.2</ele><time>2021-09-12T04:59:11Z</time></trkpt>
<trkpt lat="33.0050026" lon="35.2154697"><ele>345.8</ele><time>2021-09-12T04:59:12Z</time></trkpt>
<trkpt lat="33.005002" lon="35.2154729"><ele>345.5</ele><time>2021-09-12T04:59:13Z</time></trkpt>
<trkpt lat="33.0049924" lon="35.2154763"><ele>346.2</ele><time>2021-09-12T04:59:14Z</time></trkpt>
<trkpt lat="33.0049958" lon="35.2154808"><ele>346.5</ele><time>2021-09-12T04:59:15Z</time></trkpt>
<trkpt lat="33.0049935" lon="35.215476"><ele>346.5</ele><time>2021-09-12T04:59:16Z</time></trkpt>
<trkpt lat="33.004996" lon="35.2154736"><ele>346.3</ele><time>2021-09-12T04:59:17Z</time></trkpt>
<trkpt lat="33.0049973" lon="35.2154711"><ele>346.6</ele><time>2021-09-12T04:59:18Z</time></trkpt>
<trkpt lat="33.0049945" lon="35.2154674"><ele>346.1</ele><time>2021-09-12T04:59:19Z</time></trkpt>
<trkpt lat="33.00501" lon="35.2154631"><ele>345.2</ele><time>2021-09-12T04:59:20Z</time></trkpt>
<trkpt lat="33.0050097" lon="35.2154625"><ele>345.4</ele><time>2021-09-12T04:59:21Z</time></trkpt>
<trkpt lat="33.0050163" lon="35.2154671"><ele>346.0</ele><time>2021-09-12T04:59:22Z</time></trkpt>
<trkpt lat="33.0050167" lon="35.215468"><ele>346.1</ele><time>2021-09-12T04:59:23Z</time></trkpt>
<trkpt lat="33.0050167" lon="35.215468"><ele>346.1</ele><time>2021-09-12T04:59:24Z</time></trkpt>
<trkpt lat="33.0050167" lon="35.215468"><ele>346.1</ele><time>2021-09-12T04:59:25Z</time></trkpt>
<trkpt lat="33.0050167" lon="35.215468"><ele>346.1</ele><time>2021-09-12T04:59:26Z</time></trkpt>
<trkpt lat="33.0050167" lon="35.215468"><ele>346.1</ele><time>2021-09-12T04:59:27Z</time></trkpt>
<trkpt lat="33.0050167" lon="35.215468"><ele>346.1</ele><time>2021-09-12T04:59:28Z</time></trkpt>
<trkpt lat="33.0050167" lon="35.215468"><ele>346.1</ele><time>2021-09-12T04:59:29Z</time></trkpt>
</trkseg></trk></gpx>