<?xml version="1.0" encoding="utf-8"?>
<gpx version="1.1"><trk><trkseg>
<trkpt lat="33.0050303" lon="35.2154306"><ele>346.5</ele><time>2023-09-18T03:51:35Z</time></trkpt>
<trkpt lat="33.0050302" lon="35.2154305"><ele>346.5</ele><time>2023-09-18T03:51:36Z</time></trkpt>
<trkpt lat="33.0050302" lon="35.2154304"><ele>346.5</ele><time>2023-09-18T03:51:37Z</time></trkpt>
<trkpt lat="33.0050303" lon="35.2154304"><ele>346.5</ele><time>2023-09-18T03:51:38Z</time></trkpt>
<trkpt lat="33.0050303" lon="35.2154304"><ele>346.5</ele><time>2023-09-18T03:51:39Z</time></trkpt>
<trkpt lat="33.0050303" lon="35.2154304"><ele>346.5</ele><time>2023-09-18T03:51:40Z</time></trkpt>
<trkpt lat="33.0050303" lon="35.2154304"><ele>346.5</ele><time>2023-09-18T03:51:41Z</time></trkpt>
<trkpt lat="33.0050303" lon="35.2154304"><ele>346.5</ele><time>2023-09-18T03:51:42Z</time></trkpt>
<trkpt lat="33.0050303" lon="35.2154303"><ele>346.5</ele><time>2023-09-18T03:51:43Z</time></trkpt>
<trkpt lat="33.0050296" lon="35.2154302"><ele>346.4</ele><time>2023-09-18T03:51:44Z</time></trkpt>
<trkpt lat="33.0050293" lon="35.2154298"><ele>346.4</ele><time>2023-09-18T03:51:45Z</time></trkpt>
<trkpt lat="33.0050296" lon="35.2154285"><ele>346.4</ele><time>2023-09-18T03:51:46Z</time></trkpt>
<trkpt lat="33.0050299" lon="35.2154271"><ele>346.4</ele><time>2023-09-18T03:51:47Z</time></trkpt>
<trkpt lat="33.00503" lon="35.2154254"><ele>346.4</ele><time>2023-09-18T03:51:48Z</time></trkpt>
<trkpt lat="33.0050296" lon="35.2154234"><ele>346.1</ele><time>2023-09-18T03:51:49Z</time></trkpt>
<trkpt lat="33.0050291" lon="35.2154213"><ele>346.0</ele><time>2023-09-18T03:51:50Z</time></trkpt>
<trkpt lat="33.0050287" lon="35.2154188"><ele>345.9</ele><time>2023-09-18T03:51:51Z</time></trkpt>
<trkpt lat="33.0050282" lon="35.2154159"><ele>345.9</ele><time>2023-09-18T03:51:52Z</time></trkpt>
<trkpt lat="33.0050274" lon="35.2154123"><ele>345.8</ele><time>2023-09-18T03:51:53Z</time></trkpt>
<trkpt lat="33.0050259" lon="35.2154077"><ele>345.7</ele><time>2023-09-18T03:51:54Z</time></trkpt>
<trkpt lat="33.0050246" lon="35.2154014"><ele>345.7</ele><time>2023-09-18T03:51:55Z</time></trkpt>
<trkpt lat="33.0050245" lon="35.2153928"><ele>345.6</ele><time>2023-09-18T03:51:56Z</time></trkpt>
<trkpt lat="33.0050251" lon="35.2153827"><ele>345.5</ele><time>2023-09-18T03:51:57Z</time></trkpt>
<trkpt lat="33.0050251" lon="35.2153723"><ele>345.5</ele><time>2023-09-18T03:51:58Z</time></trkpt>
<trkpt lat="33.0050245" lon="35.2153623"><ele>345.5</ele><time>2023-09-18T03:51:59Z</time></trkpt>
<trkpt lat="33.0050242" lon="35.215354"><ele>345.4</ele><time>2023-09-18T03:52:00Z</time></trkpt>
<trkpt lat="33.0050242" lon="35.2153484"><ele>345.4</ele><time>2023-09-18T03:52:01Z</time></trkpt>
<trkpt lat="33.0050247" lon="35.2153452"><ele>345.4</ele><time>2023-09-18T03:52:02Z</time></trkpt>
<trkpt lat="33.0050254" lon="35.2153437"><ele>345.4</ele><time>2023-09-18T03:52:03Z</time></trkpt>
<trkpt lat="33.0050261" lon="35.2153431"><ele>345.4</ele><time>2023-09-18T03:52:04Z</time></trkpt>
<trkpt lat="33.0050268" lon="35.2153428"><ele>345.4</ele><time>2023-09-18T03:52:05Z</time></trkpt>
<trkpt lat="33.0050275" lon="35.2153427"><ele>345.4</ele><time>2023-09-18T03:52:06Z</time></trkpt>
<trkpt lat="33.005028" lon="35.2153423"><ele>345.4</ele><time>2023-09-18T03:52:07Z</time></trkpt>
<trkpt lat="33.0050271" lon="35.2153383"><ele>345.4</ele><time>2023-09-18T03:52:08Z</time></trkpt>
<trkpt lat="33.005026" lon="35.2153343"><ele>345.4</ele><time>2023-09-18T03:52:09Z</time></trkpt>
<trkpt lat="33.0050251" lon="35.2153314"><ele>345.4</ele><time>2023-09-18T03:52:10Z</time></trkpt>
<trkpt lat="33.0050246" lon="35.2153299"><ele>345.4</ele><time>2023-09-18T03:52:11Z</time></trkpt>
<trkpt lat="33.0050243" lon="35.215329"><ele>345.4</ele><time>2023-09-18T03:52:12Z</time></trkpt>
<trkpt lat="33.005024" lon="35.2153283"><ele>345.5</ele><time>2023-09-18T03:52:13Z</time></trkpt>
<trkpt lat="33.0050238" lon="35.2153276"><ele>345.5</ele><time>2023-09-18T03:52:14Z</time></trkpt>
<trkpt lat="33.0050235" lon="35.2153269"><ele>345.5</ele><time>2023-09-18T03:52:15Z</time></trkpt>
<trkpt lat="33.0050231" lon="35.2153258"><ele>345.5</ele><time>2023-09-18T03:52:16Z</time></trkpt>
<trkpt lat="33.0050214" lon="35.2153212"><ele>345.5</ele><time>2023-09-18T03:52:17Z</time></trkpt>
<trkpt lat="33.005018" lon="35.2153122"><ele>345.6</ele><time>2023-09-18T03:52:18Z</time></trkpt>
<trkpt lat="33.0050144" lon="35.2153027"><ele>345.6</ele><time>2023-09-18T03:52:19Z</time></trkpt>
<trkpt lat="33.0050115" lon="35.215295"><ele>345.6</ele><time>2023-09-18T03:52:20Z</time></trkpt>
<trkpt lat="33.0050092" lon="35.2152892"><ele>345.6</ele><time>2023-09-18T03:52:21Z</time></trkpt>
<trkpt lat="33.0050076" lon="35.215285"><ele>345.6</ele><time>2023-09-18T03:52:22Z</time></trkpt>
<trkpt lat="33.0050064" lon="35.2152821"><ele>345.6</ele><time>2023-09-18T03:52:23Z</time></trkpt>
<trkpt lat="33.0050057" lon="35.2152801"><ele>345.7</ele><time>2023-09-18T03:52:24Z</time></trkpt>
<trkpt lat="33.0050051" lon="35.2152788"><ele>345.7</ele><time>2023-09-18T03:52:25Z</time></trkpt>
<trkpt lat="33.0050048" lon="35.2152779"><ele>345.7</ele><time>2023-09-18T03:52:26Z</time></trkpt>
<trkpt lat="33.0050046" lon="35.2152773"><ele>345.7</ele><time>2023-09-18T03:52:27Z</time></trkpt>
<trkpt lat="33.0050044" lon="35.215277"><ele>345.7</ele><time>2023-09-18T03:52:28Z</time></trkpt>
<trkpt lat="33.0050041" lon="35.2152761"><ele>345.7</ele><time>2023-09-18T03:52:29Z</time></trkpt>
<trkpt lat="33.0050037" lon="35.2152753"><ele>345.7</ele><time>2023-09-18T03:52:30Z</time></trkpt>
<trkpt lat="33.0050034" lon="35.2152745"><ele>345.6</ele><time>2023-09-18T03:52:31Z</time></trkpt>
<trkpt lat="33.005003" lon="35.2152736"><ele>345.6</ele><time>2023-09-18T03:52:32Z</time></trkpt>
<trkpt lat="33.0050023" lon="35.2152723"><ele>345.5</ele><time>2023-09-18T03:52:33Z</time></trkpt>
<trkpt lat="33.0050013" lon="35.2152699"><ele>345.5</ele><time>2023-09-18T03:52:34Z</time></trkpt>
<trkpt lat="33.0049995" lon="35.2152659"><ele>345.4</ele><time>2023-09-18T03:52:35Z</time></trkpt>
<trkpt lat="33.0049969" lon="35.2152603"><ele>345.3</ele><time>2023-09-18T03:52:36Z</time></trkpt>
<trkpt lat="33.0049934" lon="35.2152526"><ele>345.3</ele><time>2023-09-18T03:52:37Z</time></trkpt>
<trkpt lat="33.0049891" lon="35.2152431"><ele>345.2</ele><time>2023-09-18T03:52:38Z</time></trkpt>
<trkpt lat="33.0049843" lon="35.2152326"><ele>345.1</ele><time>2023-09-18T03:52:39Z</time></trkpt>
<trkpt lat="33.0049797" lon="35.2152228"><ele>345.0</ele><time>2023-09-18T03:52:40Z</time></trkpt>
<trkpt lat="33.0049758" lon="35.2152149"><ele>344.9</ele><time>2023-09-18T03:52:41Z</time></trkpt>
<trkpt lat="33.0049728" lon="35.2152092"><ele>344.8</ele><time>2023-09-18T03:52:42Z</time></trkpt>
<trkpt lat="33.0049706" lon="35.2152057"><ele>344.7</ele><time>2023-09-18T03:52:43Z</time></trkpt>
<trkpt lat="33.0049692" lon="35.2152042"><ele>344.6</ele><time>2023-09-18T03:52:44Z</time></trkpt>
<trkpt lat="33.0049681" lon="35.2152041"><ele>344.5</ele><time>2023-09-18T03:52:45Z</time></trkpt>
<trkpt lat="33.0049673" lon="35.215205"><ele>344.4</ele><time>2023-09-18T03:52:46Z</time></trkpt>
<trkpt lat="33.0049664" lon="35.2152066"><ele>344.3</ele><time>2023-09-18T03:52:47Z</time></trkpt>
<trkpt lat="33.004965" lon="35.2152087"><ele>344.2</ele><time>2023-09-18T03:52:48Z</time></trkpt>
<trkpt lat="33.0049627" lon="35.2152109"><ele>344.2</ele><time>2023-09-18T03:52:49Z</time></trkpt>
<trkpt lat="33.004959" lon="35.2152133"><ele>344.1</ele><time>2023-09-18T03:52:50Z</time></trkpt>
<trkpt lat="33.0049537" lon="35.2152158"><ele>344.0</ele><time>2023-09-18T03:52:51Z</time></trkpt>
<trkpt lat="33.0049467" lon="35.2152183"><ele>343.9</ele><time>2023-09-18T03:52:52Z</time></trkpt>
<trkpt lat="33.0049378" lon="35.2152212"><ele>343.8</ele><time>2023-09-18T03:52:53Z</time></trkpt>
<trkpt lat="33.0049276" lon="35.2152252"><ele>343.7</ele><time>2023-09-18T03:52:54Z</time></trkpt>
<trkpt lat="33.0049168" lon="35.2152307"><ele>343.6</ele><time>2023-09-18T03:52:55Z</time></trkpt>
<trkpt lat="33.0049062" lon="35.2152378"><ele>343.6</ele><time>2023-09-18T03:52:56Z</time></trkpt>
<trkpt lat="33.0048963" lon="35.2152458"><ele>343.5</ele><time>2023-09-18T03:52:57Z</time></trkpt>
<trkpt lat="33.0048868" lon="35.2152541"><ele>343.4</ele><time>2023-09-18T03:52:58Z</time></trkpt>
<trkpt lat="33.0048772" lon="35.2152624"><ele>343.3</ele><time>2023-09-18T03:52:59Z</time></trkpt>
<trkpt lat="33.0048674" lon="35.2152707"><ele>343.2</ele><time>2023-09-18T03:53:00Z</time></trkpt>
<trkpt lat="33.0048573" lon="35.2152786"><ele>343.2</ele><time>2023-09-18T03:53:01Z</time></trkpt>
<trkpt lat="33.0048464" lon="35.2152862"><ele>343.1</ele><time>2023-09-18T03:53:02Z</time></trkpt>
<trkpt lat="33.0048345" lon="35.2152937"><ele>343.1</ele><time>2023-09-18T03:53:03Z</time></trkpt>
<trkpt lat="33.0048217" lon="35.2153011"><ele>343.0</ele><time>2023-09-18T03:53:04Z</time></trkpt>
<trkpt lat="33.0048083" lon="35.2153082"><ele>343.0</ele><time>2023-09-18T03:53:05Z</time></trkpt>
<trkpt lat="33.0047952" lon="35.2153151"><ele>343.0</ele><time>2023-09-18T03:53:06Z</time></trkpt>
<trkpt lat="33.0047828" lon="35.2153212"><ele>343.0</ele><time>2023-09-18T03:53:07Z</time></trkpt>
<trkpt lat="33.0047714" lon="35.2153258"><ele>343.0</ele><time>2023-09-18T03:53:08Z</time></trkpt>
<trkpt lat="33.0047608" lon="35.2153285"><ele>342.9</ele><time>2023-09-18T03:53:09Z</time></trkpt>
<trkpt lat="33.0047507" lon="35.2153295"><ele>342.9</ele><time>2023-09-18T03:53:10Z</time></trkpt>
<trkpt lat="33.004741" lon="35.2153292"><ele>342.9</ele><time>2023-09-18T03:53:11Z</time></trkpt>
<trkpt lat="33.0047315" lon="35.2153277"><ele>342.9</ele><time>2023-09-18T03:53:12Z</time></trkpt>
<trkpt lat="33.004722" lon="35.2153256"><ele>342.8</ele><time>2023-09-18T03:53:13Z</time></trkpt>
<trkpt lat="33.0047123" lon="35.2153228"><ele>342.8</ele><time>2023-09-18T03:53:14Z</time></trkpt>
<trkpt lat="33.0047028" lon="35.2153192"><ele>342.8</ele><time>2023-09-18T03:53:15Z</time></trkpt>
<trkpt lat="33.0046942" lon="35.2153149"><ele>342.7</ele><time>2023-09-18T03:53:16Z</time></trkpt>
<trkpt lat="33.0046868" lon="35.2153099"><ele>342.7</ele><time>2023-09-18T03:53:17Z</time></trkpt>
<trkpt lat="33.0046805" lon="35.2153043"><ele>342.6</ele><time>2023-09-18T03:53:18Z</time></trkpt>
<trkpt lat="33.004675" lon="35.2152976"><ele>342.5</ele><time>2023-09-18T03:53:19Z</time></trkpt>
<trkpt lat="33.0046704" lon="35.2152893"><ele>342.5</ele><time>2023-09-18T03:53:20Z</time></trkpt>
<trkpt lat="33.0046665" lon="35.2152789"><ele>342.4</ele><time>2023-09-18T03:53:21Z</time></trkpt>
<trkpt lat="33.0046634" lon="35.2152665"><ele>342.3</ele><time>2023-09-18T03:53:22Z</time></trkpt>
<trkpt lat="33.004661" lon="35.2152528"><ele>342.2</ele><time>2023-09-18T03:53:23Z</time></trkpt>
<trkpt lat="33.004659" lon="35.2152394"><ele>342.1</ele><time>2023-09-18T03:53:24Z</time></trkpt>
<trkpt lat="33.0046573" lon="35.2152271"><ele>342.0</ele><time>2023-09-18T03:53:25Z</time></trkpt>
<trkpt lat="33.0046561" lon="35.2152161"><ele>341.9</ele><time>2023-09-18T03:53:26Z</time></trkpt>
<trkpt lat="33.0046559" lon="35.2152058"><ele>341.8</ele><time>2023-09-18T03:53:27Z</time></trkpt>
<trkpt lat="33.0046563" lon="35.2151947"><ele>341.7</ele><time>2023-09-18T03:53:28Z</time></trkpt>
<trkpt lat="33.0046572" lon="35.2151818"><ele>341.6</ele><time>2023-09-18T03:53:29Z</time></trkpt>
<trkpt lat="33.0046582" lon="35.2151674"><ele>341.5</ele><time>2023-09-18T03:53:30Z</time></trkpt>
<trkpt lat="33.0046591" lon="35.2151524"><ele>341.4</ele><time>2023-09-18T03:53:31Z</time></trkpt>
<trkpt lat="33.00466" lon="35.2151373"><ele>341.3</ele><time>2023-09-18T03:53:32Z</time></trkpt>
<trkpt lat="33.004661" lon="35.215123"><ele>341.2</ele><time>2023-09-18T03:53:33Z</time></trkpt>
<trkpt lat="33.0046625" lon="35.2151093"><ele>341.1</ele><time>2023-09-18T03:53:34Z</time></trkpt>
<trkpt lat="33.004665" lon="35.2150953"><ele>341.0</ele><time>2023-09-18T03:53:35Z</time></trkpt>
<trkpt lat="33.0046688" lon="35.2150812"><ele>340.9</ele><time>2023-09-18T03:53:36Z</time></trkpt>
<trkpt lat="33.0046737" lon="35.2150667"><ele>340.8</ele><time>2023-09-18T03:53:37Z</time></trkpt>
<trkpt lat="33.0046794" lon="35.2150512"><ele>340.7</ele><time>2023-09-18T03:53:38Z</time></trkpt>
<trkpt lat="33.0046858" lon="35.2150349"><ele>340.6</ele><time>2023-09-18T03:53:39Z</time></trkpt>
<trkpt lat="33.0046925" lon="35.2150183"><ele>340.5</ele><time>2023-09-18T03:53:40Z</time></trkpt>
<trkpt lat="33.004699" lon="35.2150012"><ele>340.4</ele><time>2023-09-18T03:53:41Z</time></trkpt>
<trkpt lat="33.0047052" lon="35.2149838"><ele>340.3</ele><time>2023-09-18T03:53:42Z</time></trkpt>
<trkpt lat="33.0047122" lon="35.2149665"><ele>340.2</ele><time>2023-09-18T03:53:43Z</time></trkpt>
<trkpt lat="33.0047199" lon="35.2149495"><ele>340.1</ele><time>2023-09-18T03:53:44Z</time></trkpt>
<trkpt lat="33.0047277" lon="35.2149329"><ele>340.0</ele><time>2023-09-18T03:53:45Z</time></trkpt>
<trkpt lat="33.0047358" lon="35.2149169"><ele>339.9</ele><time>2023-09-18T03:53:46Z</time></trkpt>
<trkpt lat="33.0047442" lon="35.2149015"><ele>339.8</ele><time>2023-09-18T03:53:47Z</time></trkpt>
<trkpt lat="33.0047517" lon="35.2148859"><ele>339.7</ele><time>2023-09-18T03:53:48Z</time></trkpt>
<trkpt lat="33.0047581" lon="35.2148698"><ele>339.6</ele><time>2023-09-18T03:53:49Z</time></trkpt>
<trkpt lat="33.004764" lon="35.2148534"><ele>339.6</ele><time>2023-09-18T03:53:50Z</time></trkpt>
<trkpt lat="33.0047698" lon="35.2148368"><ele>339.5</ele><time>2023-09-18T03:53:51Z</time></trkpt>
<trkpt lat="33.0047754" lon="35.2148202"><ele>339.4</ele><time>2023-09-18T03:53:52Z</time></trkpt>
<trkpt lat="33.0047807" lon="35.2148037"><ele>339.3</ele><time>2023-09-18T03:53:53Z</time></trkpt>
<trkpt lat="33.0047858" lon="35.2147871"><ele>339.3</ele><time>2023-09-18T03:53:54Z</time></trkpt>
<trkpt lat="33.0047901" lon="35.21477"><ele>339.2</ele><time>2023-09-18T03:53:55Z</time></trkpt>
<trkpt lat="33.004794" lon="35.2147527"><ele>339.1</ele><time>2023-09-18T03:53:56Z</time></trkpt>
<trkpt lat="33.0047981" lon="35.2147356"><ele>339.0</ele><time>2023-09-18T03:53:57Z</time></trkpt>
<trkpt lat="33.0048023" lon="35.2147189"><ele>338.9</ele><time>2023-09-18T03:53:58Z</time></trkpt>
<trkpt lat="33.0048067" lon="35.2147025"><ele>338.9</ele><time>2023-09-18T03:53:59Z</time></trkpt>
<trkpt lat="33.0048119" lon="35.2146864"><ele>338.8</ele><time>2023-09-18T03:54:00Z</time></trkpt>
<trkpt lat="33.0048178" lon="35.214671"><ele>338.8</ele><time>2023-09-18T03:54:01Z</time></trkpt>
<trkpt lat="33.0048227" lon="35.2146575"><ele>338.7</ele><time>2023-09-18T03:54:02Z</time></trkpt>
<trkpt lat="33.0048256" lon="35.2146465"><ele>338.6</ele><time>2023-09-18T03:54:03Z</time></trkpt>
<trkpt lat="33.004827" lon="35.2146371"><ele>338.6</ele><time>2023-09-18T03:54:04Z</time></trkpt>
<trkpt lat="33.0048278" lon="35.2146281"><ele>338.5</ele><time>2023-09-18T03:54:05Z</time></trkpt>
<trkpt lat="33.0048283" lon="35.2146192"><ele>338.4</ele><time>2023-09-18T03:54:06Z</time></trkpt>
<trkpt lat="33.0048294" lon="35.2146099"><ele>338.4</ele><time>2023-09-18T03:54:07Z</time></trkpt>
<trkpt lat="33.0048315" lon="35.2145998"><ele>338.3</ele><time>2023-09-18T03:54:08Z</time></trkpt>
<trkpt lat="33.0048349" lon="35.214589"><ele>338.3</ele><time>2023-09-18T03:54:09Z</time></trkpt>
<trkpt lat="33.0048392" lon="35.2145778"><ele>338.2</ele><time>2023-09-18T03:54:10Z</time></trkpt>
<trkpt lat="33.0048442" lon="35.2145665"><ele>338.2</ele><time>2023-09-18T03:54:11Z</time></trkpt>
<trkpt lat="33.0048495" lon="35.2145547"><ele>338.1</ele><time>2023-09-18T03:54:12Z</time></trkpt>
<trkpt lat="33.004855" lon="35.2145425"><ele>338.1</ele><time>2023-09-18T03:54:13Z</time></trkpt>
<trkpt lat="33.0048605" lon="35.2145297"><ele>338.0</ele><time>2023-09-18T03:54:14Z</time></trkpt>
<trkpt lat="33.0048662" lon="35.2145163"><ele>338.0</ele><time>2023-09-18T03:54:15Z</time></trkpt>
<trkpt lat="33.0048718" lon="35.2145028"><ele>337.9</ele><time>2023-09-18T03:54:16Z</time></trkpt>
<trkpt lat="33.0048771" lon="35.2144898"><ele>337.9</ele><time>2023-09-18T03:54:17Z</time></trkpt>
<trkpt lat="33.0048826" lon="35.214477"><ele>337.9</ele><time>2023-09-18T03:54:18Z</time></trkpt>
<trkpt lat="33.0048882" lon="35.2144646"><ele>337.9</ele><time>2023-09-18T03:54:19Z</time></trkpt>
<trkpt lat="33.0048938" lon="35.2144523"><ele>337.8</ele><time>2023-09-18T03:54:20Z</time></trkpt>
<trkpt lat="33.0048995" lon="35.2144399"><ele>337.8</ele><time>2023-09-18T03:54:21Z</time></trkpt>
<trkpt lat="33.0049053" lon="35.2144274"><ele>337.8</ele><time>2023-09-18T03:54:22Z</time></trkpt>
<trkpt lat="33.0049113" lon="35.2144148"><ele>337.7</ele><time>2023-09-18T03:54:23Z</time></trkpt>
<trkpt lat="33.0049176" lon="35.2144019"><ele>337.7</ele><time>2023-09-18T03:54:24Z</time></trkpt>
<trkpt lat="33.0049246" lon="35.2143887"><ele>337.7</ele><time>2023-09-18T03:54:25Z</time></trkpt>
<trkpt lat="33.0049321" lon="35.2143754"><ele>337.7</ele><time>2023-09-18T03:54:26Z</time></trkpt>
<trkpt lat="33.0049398" lon="35.2143625"><ele>337.7</ele><time>2023-09-18T03:54:27Z</time></trkpt>
<trkpt lat="33.0049474" lon="35.2143497"><ele>337.7</ele><time>2023-09-18T03:54:28Z</time></trkpt>
<trkpt lat="33.0049551" lon="35.2143374"><ele>337.7</ele><time>2023-09-18T03:54:29Z</time></trkpt>
<trkpt lat="33.0049629" lon="35.2143257"><ele>337.7</ele><time>2023-09-18T03:54:30Z</time></trkpt>
<trkpt lat="33.0049706" lon="35.2143145"><ele>337.8</ele><time>2023-09-18T03:54:31Z</time></trkpt>
<trkpt lat="33.0049781" lon="35.2143037"><ele>337.8</ele><time>2023-09-18T03:54:32Z</time></trkpt>
<trkpt lat="33.0049858" lon="35.2142927"><ele>337.8</ele><time>2023-09-18T03:54:33Z</time></trkpt>
<trkpt lat="33.004994" lon="35.2142808"><ele>337.8</ele><time>2023-09-18T03:54:34Z</time></trkpt>
<trkpt lat="33.0050027" lon="35.2142682"><ele>337.8</ele><time>2023-09-18T03:54:35Z</time></trkpt>
<trkpt lat="33.0050118" lon="35.2142549"><ele>337.9</ele><time>2023-09-18T03:54:36Z</time></trkpt>
<trkpt lat="33.0050213" lon="35.2142412"><ele>337.9</ele><time>2023-09-18T03:54:37Z</time></trkpt>
<trkpt lat="33.0050306" lon="35.2142269"><ele>337.9</ele><time>2023-09-18T03:54:38Z</time></trkpt>
<trkpt lat="33.0050392" lon="35.2142125"><ele>337.9</ele><time>2023-09-18T03:54:39Z</time></trkpt>
<trkpt lat="33.0050471" lon="35.214198"><ele>338.0</ele><time>2023-09-18T03:54:40Z</time></trkpt>
<trkpt lat="33.0050547" lon="35.2141833"><ele>338.0</ele><time>2023-09-18T03:54:41Z</time></trkpt>
<trkpt lat="33.0050621" lon="35.2141688"><ele>338.0</ele><time>2023-09-18T03:54:42Z</time></trkpt>
<trkpt lat="33.0050691" lon="35.2141545"><ele>338.0</ele><time>2023-09-18T03:54:43Z</time></trkpt>
<trkpt lat="33.005076" lon="35.2141404"><ele>338.0</ele><time>2023-09-18T03:54:44Z</time></trkpt>
<trkpt lat="33.0050834" lon="35.2141268"><ele>338.0</ele><time>2023-09-18T03:54:45Z</time></trkpt>
<trkpt lat="33.0050913" lon="35.2141139"><ele>338.0</ele><time>2023-09-18T03:54:46Z</time></trkpt>
<trkpt lat="33.0050994" lon="35.2141014"><ele>338.0</ele><time>2023-09-18T03:54:47Z</time></trkpt>
<trkpt lat="33.0051077" lon="35.2140887"><ele>338.0</ele><time>2023-09-18T03:54:48Z</time></trkpt>
<trkpt lat="33.0051164" lon="35.214076"><ele>338.0</ele><time>2023-09-18T03:54:49Z</time></trkpt>
<trkpt lat="33.0051248" lon="35.2140629"><ele>338.0</ele><time>2023-09-18T03:54:50Z</time></trkpt>
<trkpt lat="33.0051325" lon="35.2140486"><ele>338.0</ele><time>2023-09-18T03:54:51Z</time></trkpt>
<trkpt lat="33.0051397" lon="35.2140328"><ele>337.9</ele><time>2023-09-18T03:54:52Z</time></trkpt>
<trkpt lat="33.0051467" lon="35.214016"><ele>337.9</ele><time>2023-09-18T03:54:53Z</time></trkpt>
<trkpt lat="33.0051542" lon="35.213999"><ele>337.8</ele><time>2023-09-18T03:54:54Z</time></trkpt>
<trkpt lat="33.0051622" lon="35.2139823"><ele>337.8</ele><time>2023-09-18T03:54:55Z</time></trkpt>
<trkpt lat="33.0051707" lon="35.2139662"><ele>337.7</ele><time>2023-09-18T03:54:56Z</time></trkpt>
<trkpt lat="33.005179" lon="35.2139503"><ele>337.6</ele><time>2023-09-18T03:54:57Z</time></trkpt>
<trkpt lat="33.0051865" lon="35.2139343"><ele>337.5</ele><time>2023-09-18T03:54:58Z</time></trkpt>
<trkpt lat="33.0051925" lon="35.2139176"><ele>337.5</ele><time>2023-09-18T03:54:59Z</time></trkpt>
<trkpt lat="33.0051959" lon="35.2138996"><ele>337.4</ele><time>2023-09-18T03:55:00Z</time></trkpt>
<trkpt lat="33.0051966" lon="35.2138807"><ele>337.3</ele><time>2023-09-18T03:55:01Z</time></trkpt>
<trkpt lat="33.0051946" lon="35.2138617"><ele>337.1</ele><time>2023-09-18T03:55:02Z</time></trkpt>
<trkpt lat="33.0051908" lon="35.2138454"><ele>337.1</ele><time>2023-09-18T03:55:03Z</time></trkpt>
<trkpt lat="33.0051863" lon="35.2138269"><ele>337.0</ele><time>2023-09-18T03:55:04Z</time></trkpt>
<trkpt lat="33.0051816" lon="35.2138087"><ele>336.9</ele><time>2023-09-18T03:55:05Z</time></trkpt>
<trkpt lat="33.0051757" lon="35.2137912"><ele>336.8</ele><time>2023-09-18T03:55:06Z</time></trkpt>
<trkpt lat="33.0051683" lon="35.2137745"><ele>336.6</ele><time>2023-09-18T03:55:07Z</time></trkpt>
<trkpt lat="33.0051588" lon="35.2137591"><ele>336.5</ele><time>2023-09-18T03:55:08Z</time></trkpt>
<trkpt lat="33.0051471" lon="35.2137452"><ele>336.3</ele><time>2023-09-18T03:55:09Z</time></trkpt>
<trkpt lat="33.0051344" lon="35.2137322"><ele>336.2</ele><time>2023-09-18T03:55:10Z</time></trkpt>
<trkpt lat="33.0051222" lon="35.2137197"><ele>336.0</ele><time>2023-09-18T03:55:11Z</time></trkpt>
<trkpt lat="33.0051122" lon="35.2137068"><ele>335.8</ele><time>2023-09-18T03:55:12Z</time></trkpt>
<trkpt lat="33.0051024" lon="35.2136931"><ele>335.7</ele><time>2023-09-18T03:55:13Z</time></trkpt>
<trkpt lat="33.0050898" lon="35.2136796"><ele>335.5</ele><time>2023-09-18T03:55:14Z</time></trkpt>
<trkpt lat="33.0050763" lon="35.2136671"><ele>335.3</ele><time>2023-09-18T03:55:15Z</time></trkpt>
<trkpt lat="33.005062" lon="35.2136564"><ele>335.1</ele><time>2023-09-18T03:55:16Z</time></trkpt>
<trkpt lat="33.0050471" lon="35.2136476"><ele>335.0</ele><time>2023-09-18T03:55:17Z</time></trkpt>
<trkpt lat="33.0050318" lon="35.2136408"><ele>334.8</ele><time>2023-09-18T03:55:18Z</time></trkpt>
<trkpt lat="33.005017" lon="35.2136343"><ele>334.7</ele><time>2023-09-18T03:55:19Z</time></trkpt>
<trkpt lat="33.0050026" lon="35.2136276"><ele>334.5</ele><time>2023-09-18T03:55:20Z</time></trkpt>
<trkpt lat="33.0049888" lon="35.2136206"><ele>334.4</ele><time>2023-09-18T03:55:21Z</time></trkpt>
<trkpt lat="33.004976" lon="35.2136122"><ele>334.2</ele><time>2023-09-18T03:55:22Z</time></trkpt>
<trkpt lat="33.0049643" lon="35.2136028"><ele>334.1</ele><time>2023-09-18T03:55:23Z</time></trkpt>
<trkpt lat="33.0049535" lon="35.2135934"><ele>334.0</ele><time>2023-09-18T03:55:24Z</time></trkpt>
<trkpt lat="33.0049442" lon="35.2135824"><ele>333.9</ele><time>2023-09-18T03:55:25Z</time></trkpt>
<trkpt lat="33.0049371" lon="35.2135692"><ele>333.8</ele><time>2023-09-18T03:55:26Z</time></trkpt>
<trkpt lat="33.0049317" lon="35.2135552"><ele>333.7</ele><time>2023-09-18T03:55:27Z</time></trkpt>
<trkpt lat="33.0049284" lon="35.213541"><ele>333.6</ele><time>2023-09-18T03:55:28Z</time></trkpt>
<trkpt lat="33.0049271" lon="35.2135258"><ele>333.5</ele><time>2023-09-18T03:55:29Z</time></trkpt>
<trkpt lat="33.004927" lon="35.213509"><ele>333.4</ele><time>2023-09-18T03:55:30Z</time></trkpt>
<trkpt lat="33.0049282" lon="35.2134918"><ele>333.4</ele><time>2023-09-18T03:55:31Z</time></trkpt>
<trkpt lat="33.0049312" lon="35.2134745"><ele>333.4</ele><time>2023-09-18T03:55:32Z</time></trkpt>
<trkpt lat="33.0049365" lon="35.2134573"><ele>333.4</ele><time>2023-09-18T03:55:33Z</time></trkpt>
<trkpt lat="33.0049445" lon="35.2134407"><ele>333.4</ele><time>2023-09-18T03:55:34Z</time></trkpt>
<trkpt lat="33.0049555" lon="35.2134254"><ele>333.4</ele><time>2023-09-18T03:55:35Z</time></trkpt>
<trkpt lat="33.0049687" lon="35.2134116"><ele>333.4</ele><time>2023-09-18T03:55:36Z</time></trkpt>
<trkpt lat="33.0049826" lon="35.2133991"><ele>333.4</ele><time>2023-09-18T03:55:37Z</time></trkpt>
<trkpt lat="33.0049966" lon="35.2133872"><ele>333.5</ele><time>2023-09-18T03:55:38Z</time></trkpt>
<trkpt lat="33.0050109" lon="35.2133762"><ele>333.5</ele><time>2023-09-18T03:55:39Z</time></trkpt>
<trkpt lat="33.0050255" lon="35.213366"><ele>333.6</ele><time>2023-09-18T03:55:40Z</time></trkpt>
<trkpt lat="33.0050399" lon="35.2133559"><ele>333.6</ele><time>2023-09-18T03:55:41Z</time></trkpt>
<trkpt lat="33.005054" lon="35.213346"><ele>333.7</ele><time>2023-09-18T03:55:42Z</time></trkpt>
<trkpt lat="33.0050678" lon="35.2133363"><ele>333.7</ele><time>2023-09-18T03:55:43Z</time></trkpt>
<trkpt lat="33.0050818" lon="35.2133271"><ele>333.8</ele><time>2023-09-18T03:55:44Z</time></trkpt>
<trkpt lat="33.0050957" lon="35.2133183"><ele>333.8</ele><time>2023-09-18T03:55:45Z</time></trkpt>
<trkpt lat="33.0051084" lon="35.2133081"><ele>333.9</ele><time>2023-09-18T03:55:46Z</time></trkpt>
<trkpt lat="33.0051202" lon="35.2132967"><ele>333.9</ele><time>2023-09-18T03:55:47Z</time></trkpt>
<trkpt lat="33.0051314" lon="35.2132849"><ele>333.9</ele><time>2023-09-18T03:55:48Z</time></trkpt>
<trkpt lat="33.0051414" lon="35.2132725"><ele>333.9</ele><time>2023-09-18T03:55:49Z</time></trkpt>
<trkpt lat="33.0051512" lon="35.2132598"><ele>333.9</ele><time>2023-09-18T03:55:50Z</time></trkpt>
<trkpt lat="33.0051611" lon="35.2132472"><ele>334.0</ele><time>2023-09-18T03:55:51Z</time></trkpt>
<trkpt lat="33.0051709" lon="35.2132342"><ele>334.0</ele><time>2023-09-18T03:55:52Z</time></trkpt>
<trkpt lat="33.0051806" lon="35.2132208"><ele>334.0</ele><time>2023-09-18T03:55:53Z</time></trkpt>
<trkpt lat="33.0051903" lon="35.2132073"><ele>334.0</ele><time>2023-09-18T03:55:54Z</time></trkpt>
<trkpt lat="33.0052001" lon="35.2131936"><ele>334.0</ele><time>2023-09-18T03:55:55Z</time></trkpt>
<trkpt lat="33.0052098" lon="35.2131798"><ele>334.0</ele><time>2023-09-18T03:55:56Z</time></trkpt>
<trkpt lat="33.0052194" lon="35.2131665"><ele>334.0</ele><time>2023-09-18T03:55:57Z</time></trkpt>
<trkpt lat="33.0052294" lon="35.2131541"><ele>334.1</ele><time>2023-09-18T03:55:58Z</time></trkpt>
<trkpt lat="33.00524" lon="35.2131424"><ele>334.0</ele><time>2023-09-18T03:55:59Z</time></trkpt>
<trkpt lat="33.005251" lon="35.2131308"><ele>334.0</ele><time>2023-09-18T03:56:00Z</time></trkpt>
<trkpt lat="33.0052623" lon="35.2131189"><ele>334.0</ele><time>2023-09-18T03:56:01Z</time></trkpt>
<trkpt lat="33.0052734" lon="35.2131066"><ele>334.0</ele><time>2023-09-18T03:56:02Z</time></trkpt>
<trkpt lat="33.005284" lon="35.2130934"><ele>334.0</ele><time>2023-09-18T03:56:03Z</time></trkpt>
<trkpt lat="33.0052943" lon="35.2130799"><ele>334.0</ele><time>2023-09-18T03:56:04Z</time></trkpt>
<trkpt lat="33.0053043" lon="35.2130662"><ele>333.9</ele><time>2023-09-18T03:56:05Z</time></trkpt>
<trkpt lat="33.0053136" lon="35.2130522"><ele>333.9</ele><time>2023-09-18T03:56:06Z</time></trkpt>
<trkpt lat="33.0053222" lon="35.2130375"><ele>333.8</ele><time>2023-09-18T03:56:07Z</time></trkpt>
<trkpt lat="33.0053308" lon="35.2130225"><ele>333.8</ele><time>2023-09-18T03:56:08Z</time></trkpt>
<trkpt lat="33.0053401" lon="35.2130084"><ele>333.7</ele><time>2023-09-18T03:56:09Z</time></trkpt>
<trkpt lat="33.0053501" lon="35.2129954"><ele>333.6</ele><time>2023-09-18T03:56:10Z</time></trkpt>
<trkpt lat="33.0053607" lon="35.2129829"><ele>333.6</ele><time>2023-09-18T03:56:11Z</time></trkpt>
<trkpt lat="33.0053716" lon="35.2129708"><ele>333.5</ele><time>2023-09-18T03:56:12Z</time></trkpt>
<trkpt lat="33.0053827" lon="35.2129586"><ele>333.5</ele><time>2023-09-18T03:56:13Z</time></trkpt>
<trkpt lat="33.0053934" lon="35.2129463"><ele>333.4</ele><time>2023-09-18T03:56:14Z</time></trkpt>
<trkpt lat="33.0054038" lon="35.2129338"><ele>333.3</ele><time>2023-09-18T03:56:15Z</time></trkpt>
<trkpt lat="33.0054144" lon="35.2129215"><ele>333.3</ele><time>2023-09-18T03:56:16Z</time></trkpt>
<trkpt lat="33.005425" lon="35.2129096"><ele>333.2</ele><time>2023-09-18T03:56:17Z</time></trkpt>
<trkpt lat="33.0054353" lon="35.2128972"><ele>333.2</ele><time>2023-09-18T03:56:18Z</time></trkpt>
<trkpt lat="33.005445" lon="35.212884"><ele>333.2</ele><time>2023-09-18T03:56:19Z</time></trkpt>
<trkpt lat="33.0054545" lon="35.2128704"><ele>333.1</ele><time>2023-09-18T03:56:20Z</time></trkpt>
<trkpt lat="33.0054637" lon="35.2128566"><ele>333.1</ele><time>2023-09-18T03:56:21Z</time></trkpt>
<trkpt lat="33.0054722" lon="35.2128425"><ele>333.1</ele><time>2023-09-18T03:56:22Z</time></trkpt>
<trkpt lat="33.0054801" lon="35.2128284"><ele>333.1</ele><time>2023-09-18T03:56:23Z</time></trkpt>
<trkpt lat="33.0054889" lon="35.212815"><ele>333.1</ele><time>2023-09-18T03:56:24Z</time></trkpt>
<trkpt lat="33.0054987" lon="35.2128019"><ele>333.1</ele><time>2023-09-18T03:56:25Z</time></trkpt>
<trkpt lat="33.0055084" lon="35.2127887"><ele>333.2</ele><time>2023-09-18T03:56:26Z</time></trkpt>
<trkpt lat="33.0055175" lon="35.2127751"><ele>333.2</ele><time>2023-09-18T03:56:27Z</time></trkpt>
<trkpt lat="33.0055253" lon="35.2127604"><ele>333.2</ele><time>2023-09-18T03:56:28Z</time></trkpt>
<trkpt lat="33.0055323" lon="35.212745"><ele>333.2</ele><time>2023-09-18T03:56:29Z</time></trkpt>
<trkpt lat="33.0055383" lon="35.2127292"><ele>333.3</ele><time>2023-09-18T03:56:30Z</time></trkpt>
<trkpt lat="33.0055435" lon="35.2127129"><ele>333.3</ele><time>2023-09-18T03:56:31Z</time></trkpt>
<trkpt lat="33.0055483" lon="35.2126964"><ele>333.4</ele><time>2023-09-18T03:56:32Z</time></trkpt>
<trkpt lat="33.0055527" lon="35.2126795"><ele>333.4</ele><time>2023-09-18T03:56:33Z</time></trkpt>
<trkpt lat="33.0055566" lon="35.2126625"><ele>333.5</ele><time>2023-09-18T03:56:34Z</time></trkpt>
<trkpt lat="33.0055602" lon="35.2126454"><ele>333.5</ele><time>2023-09-18T03:56:35Z</time></trkpt>
<trkpt lat="33.0055643" lon="35.2126282"><ele>333.6</ele><time>2023-09-18T03:56:36Z</time></trkpt>
<trkpt lat="33.0055689" lon="35.2126113"><ele>333.6</ele><time>2023-09-18T03:56:37Z</time></trkpt>
<trkpt lat="33.005574" lon="35.2125948"><ele>333.6</ele><time>2023-09-18T03:56:38Z</time></trkpt>
<trkpt lat="33.0055797" lon="35.2125791"><ele>333.7</ele><time>2023-09-18T03:56:39Z</time></trkpt>
<trkpt lat="33.0055855" lon="35.2125633"><ele>333.7</ele><time>2023-09-18T03:56:40Z</time></trkpt>
<trkpt lat="33.0055907" lon="35.2125472"><ele>333.8</ele><time>2023-09-18T03:56:41Z</time></trkpt>
<trkpt lat="33.0055956" lon="35.2125307"><ele>333.8</ele><time>2023-09-18T03:56:42Z</time></trkpt>
<trkpt lat="33.0056005" lon="35.2125142"><ele>333.8</ele><time>2023-09-18T03:56:43Z</time></trkpt>
<trkpt lat="33.0056055" lon="35.2124978"><ele>333.8</ele><time>2023-09-18T03:56:44Z</time></trkpt>
<trkpt lat="33.00561" lon="35.212481"><ele>333.8</ele><time>2023-09-18T03:56:45Z</time></trkpt>
<trkpt lat="33.0056141" lon="35.2124643"><ele>333.9</ele><time>2023-09-18T03:56:46Z</time></trkpt>
<trkpt lat="33.0056188" lon="35.2124481"><ele>333.9</ele><time>2023-09-18T03:56:47Z</time></trkpt>
<trkpt lat="33.0056242" lon="35.2124319"><ele>333.9</ele><time>2023-09-18T03:56:48Z</time></trkpt>
<trkpt lat="33.0056296" lon="35.2124158"><ele>333.9</ele><time>2023-09-18T03:56:49Z</time></trkpt>
<trkpt lat="33.0056349" lon="35.2123996"><ele>333.9</ele><time>2023-09-18T03:56:50Z</time></trkpt>
<trkpt lat="33.0056397" lon="35.2123836"><ele>333.9</ele><time>2023-09-18T03:56:51Z</time></trkpt>
<trkpt lat="33.0056442" lon="35.2123675"><ele>333.8</ele><time>2023-09-18T03:56:52Z</time></trkpt>
<trkpt lat="33.0056489" lon="35.2123513"><ele>333.8</ele><time>2023-09-18T03:56:53Z</time></trkpt>
<trkpt lat="33.0056545" lon="35.2123354"><ele>333.8</ele><time>2023-09-18T03:56:54Z</time></trkpt>
<trkpt lat="33.0056606" lon="35.2123198"><ele>333.8</ele><time>2023-09-18T03:56:55Z</time></trkpt>
<trkpt lat="33.0056664" lon="35.2123041"><ele>333.8</ele><time>2023-09-18T03:56:56Z</time></trkpt>
<trkpt lat="33.0056714" lon="35.212288"><ele>333.7</ele><time>2023-09-18T03:56:57Z</time></trkpt>
<trkpt lat="33.0056755" lon="35.2122714"><ele>333.7</ele><time>2023-09-18T03:56:58Z</time></trkpt>
<trkpt lat="33.0056788" lon="35.2122542"><ele>333.7</ele><time>2023-09-18T03:56:59Z</time></trkpt>
<trkpt lat="33.0056814" lon="35.2122368"><ele>333.6</ele><time>2023-09-18T03:57:00Z</time></trkpt>
<trkpt lat="33.0056833" lon="35.2122196"><ele>333.6</ele><time>2023-09-18T03:57:01Z</time></trkpt>
<trkpt lat="33.0056845" lon="35.2122022"><ele>333.6</ele><time>2023-09-18T03:57:02Z</time></trkpt>
<trkpt lat="33.0056856" lon="35.2121848"><ele>333.5</ele><time>2023-09-18T03:57:03Z</time></trkpt>
<trkpt lat="33.0056871" lon="35.2121676"><ele>333.4</ele><time>2023-09-18T03:57:04Z</time></trkpt>
<trkpt lat="33.0056889" lon="35.2121505"><ele>333.4</ele><time>2023-09-18T03:57:05Z</time></trkpt>
<trkpt lat="33.0056911" lon="35.2121334"><ele>333.3</ele><time>2023-09-18T03:57:06Z</time></trkpt>
<trkpt lat="33.0056941" lon="35.2121163"><ele>333.2</ele><time>2023-09-18T03:57:07Z</time></trkpt>
<trkpt lat="33.0056985" lon="35.2120996"><ele>333.2</ele><time>2023-09-18T03:57:08Z</time></trkpt>
<trkpt lat="33.0057048" lon="35.2120839"><ele>333.1</ele><time>2023-09-18T03:57:09Z</time></trkpt>
<trkpt lat="33.0057117" lon="35.2120688"><ele>333.0</ele><time>2023-09-18T03:57:10Z</time></trkpt>
<trkpt lat="33.0057186" lon="35.2120538"><ele>332.9</ele><time>2023-09-18T03:57:11Z</time></trkpt>
<trkpt lat="33.0057253" lon="35.2120385"><ele>332.8</ele><time>2023-09-18T03:57:12Z</time></trkpt>
<trkpt lat="33.0057318" lon="35.2120232"><ele>332.7</ele><time>2023-09-18T03:57:13Z</time></trkpt>
<trkpt lat="33.0057388" lon="35.2120086"><ele>332.7</ele><time>2023-09-18T03:57:14Z</time></trkpt>
<trkpt lat="33.0057463" lon="35.2119945"><ele>332.6</ele><time>2023-09-18T03:57:15Z</time></trkpt>
<trkpt lat="33.0057539" lon="35.2119804"><ele>332.5</ele><time>2023-09-18T03:57:16Z</time></trkpt>
<trkpt lat="33.0057621" lon="35.2119667"><ele>332.4</ele><time>2023-09-18T03:57:17Z</time></trkpt>
<trkpt lat="33.0057703" lon="35.2119533"><ele>332.3</ele><time>2023-09-18T03:57:18Z</time></trkpt>
<trkpt lat="33.0057778" lon="35.2119395"><ele>332.3</ele><time>2023-09-18T03:57:19Z</time></trkpt>
<trkpt lat="33.005784" lon="35.2119248"><ele>332.2</ele><time>2023-09-18T03:57:20Z</time></trkpt>
<trkpt lat="33.0057889" lon="35.2119091"><ele>332.1</ele><time>2023-09-18T03:57:21Z</time></trkpt>
<trkpt lat="33.0057926" lon="35.2118928"><ele>332.0</ele><time>2023-09-18T03:57:22Z</time></trkpt>
<trkpt lat="33.0057957" lon="35.2118764"><ele>331.9</ele><time>2023-09-18T03:57:23Z</time></trkpt>
<trkpt lat="33.0057996" lon="35.2118605"><ele>331.9</ele><time>2023-09-18T03:57:24Z</time></trkpt>
<trkpt lat="33.0058048" lon="35.2118452"><ele>331.8</ele><time>2023-09-18T03:57:25Z</time></trkpt>
<trkpt lat="33.0058106" lon="35.2118298"><ele>331.7</ele><time>2023-09-18T03:57:26Z</time></trkpt>
<trkpt lat="33.0058163" lon="35.2118147"><ele>331.6</ele><time>2023-09-18T03:57:27Z</time></trkpt>
<trkpt lat="33.0058216" lon="35.2117996"><ele>331.6</ele><time>2023-09-18T03:57:28Z</time></trkpt>
<trkpt lat="33.0058265" lon="35.2117847"><ele>331.5</ele><time>2023-09-18T03:57:29Z</time></trkpt>
<trkpt lat="33.0058325" lon="35.211771"><ele>331.4</ele><time>2023-09-18T03:57:30Z</time></trkpt>
<trkpt lat="33.0058398" lon="35.2117579"><ele>331.4</ele><time>2023-09-18T03:57:31Z</time></trkpt>
<trkpt lat="33.0058464" lon="35.2117442"><ele>331.3</ele><time>2023-09-18T03:57:32Z</time></trkpt>
<trkpt lat="33.0058521" lon="35.2117301"><ele>331.3</ele><time>2023-09-18T03:57:33Z</time></trkpt>
<trkpt lat="33.0058577" lon="35.2117159"><ele>331.2</ele><time>2023-09-18T03:57:34Z</time></trkpt>
<trkpt lat="33.0058632" lon="35.2117016"><ele>331.2</ele><time>2023-09-18T03:57:35Z</time></trkpt>
<trkpt lat="33.0058686" lon="35.2116881"><ele>331.1</ele><time>2023-09-18T03:57:36Z</time></trkpt>
<trkpt lat="33.0058737" lon="35.2116765"><ele>331.0</ele><time>2023-09-18T03:57:37Z</time></trkpt>
<trkpt lat="33.0058784" lon="35.211665"><ele>330.9</ele><time>2023-09-18T03:57:38Z</time></trkpt>
<trkpt lat="33.0058831" lon="35.2116527"><ele>330.8</ele><time>2023-09-18T03:57:39Z</time></trkpt>
<trkpt lat="33.0058876" lon="35.2116403"><ele>330.7</ele><time>2023-09-18T03:57:40Z</time></trkpt>
<trkpt lat="33.005892" lon="35.2116279"><ele>330.6</ele><time>2023-09-18T03:57:41Z</time></trkpt>
<trkpt lat="33.005897" lon="35.211616"><ele>330.5</ele><time>2023-09-18T03:57:42Z</time></trkpt>
<trkpt lat="33.0059024" lon="35.2116063"><ele>330.5</ele><time>2023-09-18T03:57:43Z</time></trkpt>
<trkpt lat="33.0059087" lon="35.2115987"><ele>330.4</ele><time>2023-09-18T03:57:44Z</time></trkpt>
<trkpt lat="33.0059157" lon="35.2115934"><ele>330.3</ele><time>2023-09-18T03:57:45Z</time></trkpt>
<trkpt lat="33.0059229" lon="35.2115924"><ele>330.3</ele><time>2023-09-18T03:57:46Z</time></trkpt>
<trkpt lat="33.0059281" lon="35.2115967"><ele>330.2</ele><time>2023-09-18T03:57:47Z</time></trkpt>
<trkpt lat="33.0059278" lon="35.2116041"><ele>330.2</ele><time>2023-09-18T03:57:48Z</time></trkpt>
<trkpt lat="33.005924" lon="35.2116101"><ele>330.2</ele><time>2023-09-18T03:57:49Z</time></trkpt>
<trkpt lat="33.0059198" lon="35.2116139"><ele>330.2</ele><time>2023-09-18T03:57:50Z</time></trkpt>
<trkpt lat="33.0059152" lon="35.2116165"><ele>330.2</ele><time>2023-09-18T03:57:51Z</time></trkpt>
<trkpt lat="33.0059104" lon="35.2116179"><ele>330.2</ele><time>2023-09-18T03:57:52Z</time></trkpt>
<trkpt lat="33.0059058" lon="35.2116175"><ele>330.3</ele><time>2023-09-18T03:57:53Z</time></trkpt>
<trkpt lat="33.0059013" lon="35.2116149"><ele>330.3</ele><time>2023-09-18T03:57:54Z</time></trkpt>
<trkpt lat="33.0058972" lon="35.2116102"><ele>330.3</ele><time>2023-09-18T03:57:55Z</time></trkpt>
<trkpt lat="33.0058935" lon="35.2116042"><ele>330.4</ele><time>2023-09-18T03:57:56Z</time></trkpt>
<trkpt lat="33.00589" lon="35.2115973"><ele>330.4</ele><time>2023-09-18T03:57:57Z</time></trkpt>
<trkpt lat="33.0058864" lon="35.2115903"><ele>330.4</ele><time>2023-09-18T03:57:58Z</time></trkpt>
<trkpt lat="33.0058819" lon="35.2115826"><ele>330.4</ele><time>2023-09-18T03:57:59Z</time></trkpt>
<trkpt lat="33.0058758" lon="35.2115733"><ele>330.4</ele><time>2023-09-18T03:58:00Z</time></trkpt>
<trkpt lat="33.0058684" lon="35.211563"><ele>330.4</ele><time>2023-09-18T03:58:01Z</time></trkpt>
<trkpt lat="33.0058599" lon="35.2115522"><ele>330.4</ele><time>2023-09-18T03:58:02Z</time></trkpt>
<trkpt lat="33.0058506" lon="35.2115408"><ele>330.4</ele><time>2023-09-18T03:58:03Z</time></trkpt>
<trkpt lat="33.0058408" lon="35.2115291"><ele>330.4</ele><time>2023-09-18T03:58:04Z</time></trkpt>
<trkpt lat="33.0058304" lon="35.2115179"><ele>330.3</ele><time>2023-09-18T03:58:05Z</time></trkpt>
<trkpt lat="33.0058193" lon="35.2115073"><ele>330.3</ele><time>2023-09-18T03:58:06Z</time></trkpt>
<trkpt lat="33.0058076" lon="35.2114974"><ele>330.2</ele><time>2023-09-18T03:58:07Z</time></trkpt>
<trkpt lat="33.0057954" lon="35.2114884"><ele>330.1</ele><time>2023-09-18T03:58:08Z</time></trkpt>
<trkpt lat="33.0057823" lon="35.2114801"><ele>330.1</ele><time>2023-09-18T03:58:09Z</time></trkpt>
<trkpt lat="33.0057684" lon="35.2114725"><ele>330.0</ele><time>2023-09-18T03:58:10Z</time></trkpt>
<trkpt lat="33.0057543" lon="35.211466"><ele>329.9</ele><time>2023-09-18T03:58:11Z</time></trkpt>
<trkpt lat="33.0057398" lon="35.2114599"><ele>329.9</ele><time>2023-09-18T03:58:12Z</time></trkpt>
<trkpt lat="33.005725" lon="35.2114538"><ele>329.8</ele><time>2023-09-18T03:58:13Z</time></trkpt>
<trkpt lat="33.0057104" lon="35.2114476"><ele>329.8</ele><time>2023-09-18T03:58:14Z</time></trkpt>
<trkpt lat="33.0056963" lon="35.2114412"><ele>329.7</ele><time>2023-09-18T03:58:15Z</time></trkpt>
<trkpt lat="33.0056827" lon="35.2114344"><ele>329.7</ele><time>2023-09-18T03:58:16Z</time></trkpt>
<trkpt lat="33.0056694" lon="35.2114268"><ele>329.6</ele><time>2023-09-18T03:58:17Z</time></trkpt>
<trkpt lat="33.0056566" lon="35.2114186"><ele>329.6</ele><time>2023-09-18T03:58:18Z</time></trkpt>
<trkpt lat="33.0056442" lon="35.2114099"><ele>329.5</ele><time>2023-09-18T03:58:19Z</time></trkpt>
<trkpt lat="33.0056318" lon="35.2114006"><ele>329.5</ele><time>2023-09-18T03:58:20Z</time></trkpt>
<trkpt lat="33.0056192" lon="35.2113907"><ele>329.4</ele><time>2023-09-18T03:58:21Z</time></trkpt>
<trkpt lat="33.0056062" lon="35.2113803"><ele>329.3</ele><time>2023-09-18T03:58:22Z</time></trkpt>
<trkpt lat="33.0055928" lon="35.2113698"><ele>329.3</ele><time>2023-09-18T03:58:23Z</time></trkpt>
<trkpt lat="33.0055787" lon="35.2113596"><ele>329.2</ele><time>2023-09-18T03:58:24Z</time></trkpt>
<trkpt lat="33.0055635" lon="35.2113497"><ele>329.1</ele><time>2023-09-18T03:58:25Z</time></trkpt>
<trkpt lat="33.005547" lon="35.2113397"><ele>329.1</ele><time>2023-09-18T03:58:26Z</time></trkpt>
<trkpt lat="33.0055293" lon="35.2113297"><ele>329.0</ele><time>2023-09-18T03:58:27Z</time></trkpt>
<trkpt lat="33.0055117" lon="35.2113204"><ele>328.9</ele><time>2023-09-18T03:58:28Z</time></trkpt>
<trkpt lat="33.0054947" lon="35.2113121"><ele>328.8</ele><time>2023-09-18T03:58:29Z</time></trkpt>
<trkpt lat="33.0054779" lon="35.2113041"><ele>328.7</ele><time>2023-09-18T03:58:30Z</time></trkpt>
<trkpt lat="33.005461" lon="35.2112972"><ele>328.6</ele><time>2023-09-18T03:58:31Z</time></trkpt>
<trkpt lat="33.0054439" lon="35.2112914"><ele>328.6</ele><time>2023-09-18T03:58:32Z</time></trkpt>
<trkpt lat="33.0054271" lon="35.2112842"><ele>328.5</ele><time>2023-09-18T03:58:33Z</time></trkpt>
<trkpt lat="33.0054109" lon="35.2112751"><ele>328.4</ele><time>2023-09-18T03:58:34Z</time></trkpt>
<trkpt lat="33.0053949" lon="35.2112662"><ele>328.3</ele><time>2023-09-18T03:58:35Z</time></trkpt>
<trkpt lat="33.0053793" lon="35.2112574"><ele>328.2</ele><time>2023-09-18T03:58:36Z</time></trkpt>
<trkpt lat="33.0053643" lon="35.2112481"><ele>328.2</ele><time>2023-09-18T03:58:37Z</time></trkpt>
<trkpt lat="33.0053497" lon="35.211239"><ele>328.1</ele><time>2023-09-18T03:58:38Z</time></trkpt>
<trkpt lat="33.0053354" lon="35.2112299"><ele>328.0</ele><time>2023-09-18T03:58:39Z</time></trkpt>
<trkpt lat="33.0053216" lon="35.21122"><ele>327.9</ele><time>2023-09-18T03:58:40Z</time></trkpt>
<trkpt lat="33.0053085" lon="35.2112097"><ele>327.8</ele><time>2023-09-18T03:58:41Z</time></trkpt>
<trkpt lat="33.0052956" lon="35.2112"><ele>327.7</ele><time>2023-09-18T03:58:42Z</time></trkpt>
<trkpt lat="33.0052828" lon="35.2111908"><ele>327.7</ele><time>2023-09-18T03:58:43Z</time></trkpt>
<trkpt lat="33.0052703" lon="35.2111814"><ele>327.6</ele><time>2023-09-18T03:58:44Z</time></trkpt>
<trkpt lat="33.0052583" lon="35.211172"><ele>327.5</ele><time>2023-09-18T03:58:45Z</time></trkpt>
<trkpt lat="33.0052467" lon="35.2111623"><ele>327.4</ele><time>2023-09-18T03:58:46Z</time></trkpt>
<trkpt lat="33.0052356" lon="35.2111524"><ele>327.4</ele><time>2023-09-18T03:58:47Z</time></trkpt>
<trkpt lat="33.0052255" lon="35.2111419"><ele>327.3</ele><time>2023-09-18T03:58:48Z</time></trkpt>
<trkpt lat="33.0052162" lon="35.2111305"><ele>327.2</ele><time>2023-09-18T03:58:49Z</time></trkpt>
<trkpt lat="33.0052084" lon="35.2111183"><ele>327.2</ele><time>2023-09-18T03:58:50Z</time></trkpt>
<trkpt lat="33.005202" lon="35.2111049"><ele>327.1</ele><time>2023-09-18T03:58:51Z</time></trkpt>
<trkpt lat="33.0051972" lon="35.2110902"><ele>327.0</ele><time>2023-09-18T03:58:52Z</time></trkpt>
<trkpt lat="33.0051943" lon="35.2110744"><ele>327.0</ele><time>2023-09-18T03:58:53Z</time></trkpt>
<trkpt lat="33.0051938" lon="35.2110581"><ele>326.9</ele><time>2023-09-18T03:58:54Z</time></trkpt>
<trkpt lat="33.0051957" lon="35.2110417"><ele>326.9</ele><time>2023-09-18T03:58:55Z</time></trkpt>
<trkpt lat="33.0051991" lon="35.2110252"><ele>326.8</ele><time>2023-09-18T03:58:56Z</time></trkpt>
<trkpt lat="33.0052027" lon="35.2110086"><ele>326.8</ele><time>2023-09-18T03:58:57Z</time></trkpt>
<trkpt lat="33.0052058" lon="35.2109925"><ele>326.8</ele><time>2023-09-18T03:58:58Z</time></trkpt>
<trkpt lat="33.0052091" lon="35.2109771"><ele>326.7</ele><time>2023-09-18T03:58:59Z</time></trkpt>
<trkpt lat="33.0052116" lon="35.210962"><ele>326.7</ele><time>2023-09-18T03:59:00Z</time></trkpt>
<trkpt lat="33.0052126" lon="35.2109473"><ele>326.7</ele><time>2023-09-18T03:59:01Z</time></trkpt>
<trkpt lat="33.0052123" lon="35.2109328"><ele>326.6</ele><time>2023-09-18T03:59:02Z</time></trkpt>
<trkpt lat="33.0052099" lon="35.2109188"><ele>326.5</ele><time>2023-09-18T03:59:03Z</time></trkpt>
<trkpt lat="33.0052037" lon="35.2109053"><ele>326.5</ele><time>2023-09-18T03:59:04Z</time></trkpt>
<trkpt lat="33.0051938" lon="35.2108927"><ele>326.4</ele><time>2023-09-18T03:59:05Z</time></trkpt>
<trkpt lat="33.0051804" lon="35.2108826"><ele>326.4</ele><time>2023-09-18T03:59:06Z</time></trkpt>
<trkpt lat="33.0051642" lon="35.2108756"><ele>326.3</ele><time>2023-09-18T03:59:07Z</time></trkpt>
<trkpt lat="33.005146" lon="35.2108719"><ele>326.2</ele><time>2023-09-18T03:59:08Z</time></trkpt>
<trkpt lat="33.0051266" lon="35.2108706"><ele>326.1</ele><time>2023-09-18T03:59:09Z</time></trkpt>
<trkpt lat="33.0051068" lon="35.2108701"><ele>326.0</ele><time>2023-09-18T03:59:10Z</time></trkpt>
<trkpt lat="33.005087" lon="35.2108709"><ele>326.0</ele><time>2023-09-18T03:59:11Z</time></trkpt>
<trkpt lat="33.0050676" lon="35.2108731"><ele>325.9</ele><time>2023-09-18T03:59:12Z</time></trkpt>
<trkpt lat="33.0050489" lon="35.210877"><ele>325.8</ele><time>2023-09-18T03:59:13Z</time></trkpt>
<trkpt lat="33.005031" lon="35.2108825"><ele>325.7</ele><time>2023-09-18T03:59:14Z</time></trkpt>
<trkpt lat="33.0050134" lon="35.2108874"><ele>325.6</ele><time>2023-09-18T03:59:15Z</time></trkpt>
<trkpt lat="33.0049955" lon="35.2108891"><ele>325.5</ele><time>2023-09-18T03:59:16Z</time></trkpt>
<trkpt lat="33.0049771" lon="35.2108855"><ele>325.4</ele><time>2023-09-18T03:59:17Z</time></trkpt>
<trkpt lat="33.0049589" lon="35.2108773"><ele>325.3</ele><time>2023-09-18T03:59:18Z</time></trkpt>
<trkpt lat="33.0049405" lon="35.2108685"><ele>325.3</ele><time>2023-09-18T03:59:19Z</time></trkpt>
<trkpt lat="33.0049221" lon="35.210861"><ele>325.2</ele><time>2023-09-18T03:59:20Z</time></trkpt>
<trkpt lat="33.0049041" lon="35.2108551"><ele>325.1</ele><time>2023-09-18T03:59:21Z</time></trkpt>
<trkpt lat="33.0048863" lon="35.2108498"><ele>325.0</ele><time>2023-09-18T03:59:22Z</time></trkpt>
<trkpt lat="33.0048686" lon="35.2108448"><ele>324.9</ele><time>2023-09-18T03:59:23Z</time></trkpt>
<trkpt lat="33.0048509" lon="35.2108414"><ele>324.8</ele><time>2023-09-18T03:59:24Z</time></trkpt>
<trkpt lat="33.0048335" lon="35.2108384"><ele>324.7</ele><time>2023-09-18T03:59:25Z</time></trkpt>
<trkpt lat="33.0048166" lon="35.2108353"><ele>324.6</ele><time>2023-09-18T03:59:26Z</time></trkpt>
<trkpt lat="33.0047999" lon="35.2108324"><ele>324.5</ele><time>2023-09-18T03:59:27Z</time></trkpt>
<trkpt lat="33.0047832" lon="35.2108298"><ele>324.5</ele><time>2023-09-18T03:59:28Z</time></trkpt>
<trkpt lat="33.0047666" lon="35.210828"><ele>324.4</ele><time>2023-09-18T03:59:29Z</time></trkpt>
<trkpt lat="33.0047501" lon="35.2108274"><ele>324.3</ele><time>2023-09-18T03:59:30Z</time></trkpt>
<trkpt lat="33.0047338" lon="35.210827"><ele>324.3</ele><time>2023-09-18T03:59:31Z</time></trkpt>
<trkpt lat="33.0047177" lon="35.2108262"><ele>324.2</ele><time>2023-09-18T03:59:32Z</time></trkpt>
<trkpt lat="33.0047018" lon="35.2108247"><ele>324.1</ele><time>2023-09-18T03:59:33Z</time></trkpt>
<trkpt lat="33.0046862" lon="35.2108235"><ele>324.0</ele><time>2023-09-18T03:59:34Z</time></trkpt>
<trkpt lat="33.0046712" lon="35.2108236"><ele>323.9</ele><time>2023-09-18T03:59:35Z</time></trkpt>
<trkpt lat="33.0046566" lon="35.2108246"><ele>323.8</ele><time>2023-09-18T03:59:36Z</time></trkpt>
<trkpt lat="33.0046423" lon="35.2108261"><ele>323.7</ele><time>2023-09-18T03:59:37Z</time></trkpt>
<trkpt lat="33.0046281" lon="35.2108276"><ele>323.6</ele><time>2023-09-18T03:59:38Z</time></trkpt>
<trkpt lat="33.0046139" lon="35.2108281"><ele>323.4</ele><time>2023-09-18T03:59:39Z</time></trkpt>
<trkpt lat="33.0045995" lon="35.2108269"><ele>323.3</ele><time>2023-09-18T03:59:40Z</time></trkpt>
<trkpt lat="33.0045852" lon="35.2108243"><ele>323.2</ele><time>2023-09-18T03:59:41Z</time></trkpt>
<trkpt lat="33.0045712" lon="35.2108213"><ele>323.1</ele><time>2023-09-18T03:59:42Z</time></trkpt>
<trkpt lat="33.0045583" lon="35.2108175"><ele>323.0</ele><time>2023-09-18T03:59:43Z</time></trkpt>
<trkpt lat="33.0045464" lon="35.2108129"><ele>322.9</ele><time>2023-09-18T03:59:44Z</time></trkpt>
<trkpt lat="33.0045353" lon="35.2108093"><ele>322.8</ele><time>2023-09-18T03:59:45Z</time></trkpt>
<trkpt lat="33.0045249" lon="35.210806"><ele>322.7</ele><time>2023-09-18T03:59:46Z</time></trkpt>
<trkpt lat="33.0045152" lon="35.2108019"><ele>322.7</ele><time>2023-09-18T03:59:47Z</time></trkpt>
<trkpt lat="33.0045064" lon="35.2107985"><ele>322.6</ele><time>2023-09-18T03:59:48Z</time></trkpt>
<trkpt lat="33.0044975" lon="35.2107961"><ele>322.6</ele><time>2023-09-18T03:59:49Z</time></trkpt>
<trkpt lat="33.0044876" lon="35.2107934"><ele>322.5</ele><time>2023-09-18T03:59:50Z</time></trkpt>
<trkpt lat="33.004478" lon="35.2107893"><ele>322.5</ele><time>2023-09-18T03:59:51Z</time></trkpt>
<trkpt lat="33.0044699" lon="35.2107832"><ele>322.4</ele><time>2023-09-18T03:59:52Z</time></trkpt>
<trkpt lat="33.0044634" lon="35.2107737"><ele>322.4</ele><time>2023-09-18T03:59:53Z</time></trkpt>
<trkpt lat="33.004459" lon="35.2107609"><ele>322.4</ele><time>2023-09-18T03:59:54Z</time></trkpt>
<trkpt lat="33.0044572" lon="35.210746"><ele>322.4</ele><time>2023-09-18T03:59:55Z</time></trkpt>
<trkpt lat="33.0044597" lon="35.2107291"><ele>322.4</ele><time>2023-09-18T03:59:56Z</time></trkpt>
<trkpt lat="33.0044658" lon="35.2107114"><ele>322.5</ele><time>2023-09-18T03:59:57Z</time></trkpt>
<trkpt lat="33.004475" lon="35.2106941"><ele>322.5</ele><time>2023-09-18T03:59:58Z</time></trkpt>
<trkpt lat="33.0044854" lon="35.2106774"><ele>322.6</ele><time>2023-09-18T03:59:59Z</time></trkpt>
<trkpt lat="33.004495" lon="35.2106613"><ele>322.7</ele><time>2023-09-18T04:00:00Z</time></trkpt>
<trkpt lat="33.0045026" lon="35.2106455"><ele>322.7</ele><time>2023-09-18T04:00:01Z</time></trkpt>
<trkpt lat="33.0045076" lon="35.2106297"><ele>322.8</ele><time>2023-09-18T04:00:02Z</time></trkpt>
<trkpt lat="33.0045093" lon="35.2106135"><ele>322.9</ele><time>2023-09-18T04:00:03Z</time></trkpt>
<trkpt lat="33.0045079" lon="35.2105981"><ele>322.9</ele><time>2023-09-18T04:00:04Z</time></trkpt>
<trkpt lat="33.0045042" lon="35.2105849"><ele>323.0</ele><time>2023-09-18T04:00:05Z</time></trkpt>
<trkpt lat="33.0045004" lon="35.2105732"><ele>323.1</ele><time>2023-09-18T04:00:06Z</time></trkpt>
<trkpt lat="33.0044977" lon="35.2105608"><ele>323.1</ele><time>2023-09-18T04:00:07Z</time></trkpt>
<trkpt lat="33.0044959" lon="35.2105464"><ele>323.2</ele><time>2023-09-18T04:00:08Z</time></trkpt>
<trkpt lat="33.0044953" lon="35.2105304"><ele>323.2</ele><time>2023-09-18T04:00:09Z</time></trkpt>
<trkpt lat="33.0044962" lon="35.2105135"><ele>323.2</ele><time>2023-09-18T04:00:10Z</time></trkpt>
<trkpt lat="33.0044981" lon="35.2104961"><ele>323.2</ele><time>2023-09-18T04:00:11Z</time></trkpt>
<trkpt lat="33.004501" lon="35.2104785"><ele>323.1</ele><time>2023-09-18T04:00:12Z</time></trkpt>
<trkpt lat="33.0045048" lon="35.2104608"><ele>323.1</ele><time>2023-09-18T04:00:13Z</time></trkpt>
<trkpt lat="33.0045093" lon="35.210443"><ele>323.0</ele><time>2023-09-18T04:00:14Z</time></trkpt>
<trkpt lat="33.0045143" lon="35.2104252"><ele>322.9</ele><time>2023-09-18T04:00:15Z</time></trkpt>
<trkpt lat="33.0045202" lon="35.210408"><ele>322.8</ele><time>2023-09-18T04:00:16Z</time></trkpt>
<trkpt lat="33.0045266" lon="35.2103912"><ele>322.7</ele><time>2023-09-18T04:00:17Z</time></trkpt>
<trkpt lat="33.0045335" lon="35.2103751"><ele>322.6</ele><time>2023-09-18T04:00:18Z</time></trkpt>
<trkpt lat="33.0045418" lon="35.2103599"><ele>322.6</ele><time>2023-09-18T04:00:19Z</time></trkpt>
<trkpt lat="33.004552" lon="35.2103454"><ele>322.5</ele><time>2023-09-18T04:00:20Z</time></trkpt>
<trkpt lat="33.0045632" lon="35.2103314"><ele>322.4</ele><time>2023-09-18T04:00:21Z</time></trkpt>
<trkpt lat="33.004575" lon="35.2103181"><ele>322.4</ele><time>2023-09-18T04:00:22Z</time></trkpt>
<trkpt lat="33.0045877" lon="35.2103057"><ele>322.4</ele><time>2023-09-18T04:00:23Z</time></trkpt>
<trkpt lat="33.0046007" lon="35.2102938"><ele>322.4</ele><time>2023-09-18T04:00:24Z</time></trkpt>
<trkpt lat="33.0046131" lon="35.2102821"><ele>322.4</ele><time>2023-09-18T04:00:25Z</time></trkpt>
<trkpt lat="33.0046251" lon="35.2102713"><ele>322.4</ele><time>2023-09-18T04:00:26Z</time></trkpt>
<trkpt lat="33.0046369" lon="35.2102625"><ele>322.4</ele><time>2023-09-18T04:00:27Z</time></trkpt>
<trkpt lat="33.0046478" lon="35.2102572"><ele>322.4</ele><time>2023-09-18T04:00:28Z</time></trkpt>
<trkpt lat="33.0046567" lon="35.210255"><ele>322.5</ele><time>2023-09-18T04:00:29Z</time></trkpt>
<trkpt lat="33.0046642" lon="35.2102539"><ele>322.5</ele><time>2023-09-18T04:00:30Z</time></trkpt>
<trkpt lat="33.0046707" lon="35.2102521"><ele>322.6</ele><time>2023-09-18T04:00:31Z</time></trkpt>
<trkpt lat="33.0046772" lon="35.2102493"><ele>322.7</ele><time>2023-09-18T04:00:32Z</time></trkpt>
<trkpt lat="33.0046844" lon="35.2102452"><ele>322.7</ele><time>2023-09-18T04:00:33Z</time></trkpt>
<trkpt lat="33.0046926" lon="35.2102405"><ele>322.8</ele><time>2023-09-18T04:00:34Z</time></trkpt>
<trkpt lat="33.0047014" lon="35.210236"><ele>322.8</ele><time>2023-09-18T04:00:35Z</time></trkpt>
<trkpt lat="33.0047107" lon="35.2102321"><ele>322.9</ele><time>2023-09-18T04:00:36Z</time></trkpt>
<trkpt lat="33.0047206" lon="35.2102287"><ele>322.9</ele><time>2023-09-18T04:00:37Z</time></trkpt>
<trkpt lat="33.0047311" lon="35.2102263"><ele>323.0</ele><time>2023-09-18T04:00:38Z</time></trkpt>
<trkpt lat="33.004742" lon="35.2102254"><ele>323.0</ele><time>2023-09-18T04:00:39Z</time></trkpt>
<trkpt lat="33.0047534" lon="35.2102264"><ele>323.1</ele><time>2023-09-18T04:00:40Z</time></trkpt>
<trkpt lat="33.0047655" lon="35.210229"><ele>323.1</ele><time>2023-09-18T04:00:41Z</time></trkpt>
<trkpt lat="33.0047785" lon="35.2102319"><ele>323.1</ele><time>2023-09-18T04:00:42Z</time></trkpt>
<trkpt lat="33.0047924" lon="35.2102338"><ele>323.2</ele><time>2023-09-18T04:00:43Z</time></trkpt>
<trkpt lat="33.0048065" lon="35.2102338"><ele>323.2</ele><time>2023-09-18T04:00:44Z</time></trkpt>
<trkpt lat="33.0048209" lon="35.2102314"><ele>323.2</ele><time>2023-09-18T04:00:45Z</time></trkpt>
<trkpt lat="33.0048358" lon="35.2102267"><ele>323.2</ele><time>2023-09-18T04:00:46Z</time></trkpt>
<trkpt lat="33.0048512" lon="35.2102201"><ele>323.2</ele><time>2023-09-18T04:00:47Z</time></trkpt>
<trkpt lat="33.004867" lon="35.2102122"><ele>323.2</ele><time>2023-09-18T04:00:48Z</time></trkpt>
<trkpt lat="33.004883" lon="35.2102034"><ele>323.2</ele><time>2023-09-18T04:00:49Z</time></trkpt>
<trkpt lat="33.0048996" lon="35.2101933"><ele>323.2</ele><time>2023-09-18T04:00:50Z</time></trkpt>
<trkpt lat="33.0049163" lon="35.2101819"><ele>323.1</ele><time>2023-09-18T04:00:51Z</time></trkpt>
<trkpt lat="33.0049325" lon="35.2101697"><ele>323.1</ele><time>2023-09-18T04:00:52Z</time></trkpt>
<trkpt lat="33.0049479" lon="35.2101573"><ele>323.1</ele><time>2023-09-18T04:00:53Z</time></trkpt>
<trkpt lat="33.0049627" lon="35.2101449"><ele>323.1</ele><time>2023-09-18T04:00:54Z</time></trkpt>
<trkpt lat="33.0049773" lon="35.2101322"><ele>323.1</ele><time>2023-09-18T04:00:55Z</time></trkpt>
<trkpt lat="33.0049913" lon="35.2101193"><ele>323.1</ele><time>2023-09-18T04:00:56Z</time></trkpt>
<trkpt lat="33.0050044" lon="35.2101067"><ele>323.0</ele><time>2023-09-18T04:00:57Z</time></trkpt>
<trkpt lat="33.0050167" lon="35.2100939"><ele>323.0</ele><time>2023-09-18T04:00:58Z</time></trkpt>
<trkpt lat="33.0050284" lon="35.2100807"><ele>323.0</ele><time>2023-09-18T04:00:59Z</time></trkpt>
<trkpt lat="33.0050392" lon="35.210067"><ele>323.0</ele><time>2023-09-18T04:01:00Z</time></trkpt>
<trkpt lat="33.0050494" lon="35.210053"><ele>323.0</ele><time>2023-09-18T04:01:01Z</time></trkpt>
<trkpt lat="33.0050591" lon="35.2100388"><ele>323.0</ele><time>2023-09-18T04:01:02Z</time></trkpt>
<trkpt lat="33.0050687" lon="35.2100244"><ele>322.9</ele><time>2023-09-18T04:01:03Z</time></trkpt>
<trkpt lat="33.0050781" lon="35.2100103"><ele>322.9</ele><time>2023-09-18T04:01:04Z</time></trkpt>
<trkpt lat="33.0050871" lon="35.209997"><ele>322.9</ele><time>2023-09-18T04:01:05Z</time></trkpt>
<trkpt lat="33.0050952" lon="35.2099844"><ele>322.9</ele><time>2023-09-18T04:01:06Z</time></trkpt>
<trkpt lat="33.0051028" lon="35.209972"><ele>322.9</ele><time>2023-09-18T04:01:07Z</time></trkpt>
<trkpt lat="33.0051104" lon="35.209959"><ele>322.9</ele><time>2023-09-18T04:01:08Z</time></trkpt>
<trkpt lat="33.0051186" lon="35.2099452"><ele>322.9</ele><time>2023-09-18T04:01:09Z</time></trkpt>
<trkpt lat="33.0051272" lon="35.2099319"><ele>322.9</ele><time>2023-09-18T04:01:10Z</time></trkpt>
<trkpt lat="33.0051361" lon="35.20992"><ele>322.9</ele><time>2023-09-18T04:01:11Z</time></trkpt>
<trkpt lat="33.0051456" lon="35.2099091"><ele>322.9</ele><time>2023-09-18T04:01:12Z</time></trkpt>
<trkpt lat="33.0051557" lon="35.2098991"><ele>322.9</ele><time>2023-09-18T04:01:13Z</time></trkpt>
<trkpt lat="33.005166" lon="35.2098907"><ele>322.9</ele><time>2023-09-18T04:01:14Z</time></trkpt>
<trkpt lat="33.0051761" lon="35.2098836"><ele>322.9</ele><time>2023-09-18T04:01:15Z</time></trkpt>
<trkpt lat="33.0051862" lon="35.2098774"><ele>323.0</ele><time>2023-09-18T04:01:16Z</time></trkpt>
<trkpt lat="33.0051969" lon="35.2098721"><ele>323.0</ele><time>2023-09-18T04:01:17Z</time></trkpt>
<trkpt lat="33.005208" lon="35.2098678"><ele>323.0</ele><time>2023-09-18T04:01:18Z</time></trkpt>
<trkpt lat="33.0052191" lon="35.209864"><ele>323.0</ele><time>2023-09-18T04:01:19Z</time></trkpt>
<trkpt lat="33.0052302" lon="35.2098607"><ele>323.0</ele><time>2023-09-18T04:01:20Z</time></trkpt>
<trkpt lat="33.0052409" lon="35.2098583"><ele>323.0</ele><time>2023-09-18T04:01:21Z</time></trkpt>
<trkpt lat="33.0052514" lon="35.2098568"><ele>323.0</ele><time>2023-09-18T04:01:22Z</time></trkpt>
<trkpt lat="33.0052619" lon="35.2098559"><ele>323.0</ele><time>2023-09-18T04:01:23Z</time></trkpt>
<trkpt lat="33.0052732" lon="35.209855"><ele>323.0</ele><time>2023-09-18T04:01:24Z</time></trkpt>
<trkpt lat="33.0052852" lon="35.2098535"><ele>322.9</ele><time>2023-09-18T04:01:25Z</time></trkpt>
<trkpt lat="33.0052975" lon="35.2098511"><ele>322.9</ele><time>2023-09-18T04:01:26Z</time></trkpt>
<trkpt lat="33.00531" lon="35.2098479"><ele>322.9</ele><time>2023-09-18T04:01:27Z</time></trkpt>
<trkpt lat="33.0053225" lon="35.2098444"><ele>322.9</ele><time>2023-09-18T04:01:28Z</time></trkpt>
<trkpt lat="33.005335" lon="35.209841"><ele>322.9</ele><time>2023-09-18T04:01:29Z</time></trkpt>
<trkpt lat="33.0053467" lon="35.209838"><ele>322.9</ele><time>2023-09-18T04:01:30Z</time></trkpt>
<trkpt lat="33.0053576" lon="35.2098349"><ele>322.9</ele><time>2023-09-18T04:01:31Z</time></trkpt>
<trkpt lat="33.0053678" lon="35.2098317"><ele>322.9</ele><time>2023-09-18T04:01:32Z</time></trkpt>
<trkpt lat="33.0053776" lon="35.2098288"><ele>323.0</ele><time>2023-09-18T04:01:33Z</time></trkpt>
<trkpt lat="33.0053872" lon="35.2098263"><ele>323.0</ele><time>2023-09-18T04:01:34Z</time></trkpt>
<trkpt lat="33.0053969" lon="35.209824"><ele>323.0</ele><time>2023-09-18T04:01:35Z</time></trkpt>
<trkpt lat="33.0054068" lon="35.2098214"><ele>323.0</ele><time>2023-09-18T04:01:36Z</time></trkpt>
<trkpt lat="33.0054173" lon="35.209819"><ele>323.0</ele><time>2023-09-18T04:01:37Z</time></trkpt>
<trkpt lat="33.0054285" lon="35.2098167"><ele>323.1</ele><time>2023-09-18T04:01:38Z</time></trkpt>
<trkpt lat="33.0054404" lon="35.2098143"><ele>323.1</ele><time>2023-09-18T04:01:39Z</time></trkpt>
<trkpt lat="33.0054528" lon="35.2098122"><ele>323.1</ele><time>2023-09-18T04:01:40Z</time></trkpt>
<trkpt lat="33.0054652" lon="35.2098102"><ele>323.1</ele><time>2023-09-18T04:01:41Z</time></trkpt>
<trkpt lat="33.0054777" lon="35.2098087"><ele>323.2</ele><time>2023-09-18T04:01:42Z</time></trkpt>
<trkpt lat="33.0054902" lon="35.2098077"><ele>323.2</ele><time>2023-09-18T04:01:43Z</time></trkpt>
<trkpt lat="33.0055026" lon="35.2098075"><ele>323.2</ele><time>2023-09-18T04:01:44Z</time></trkpt>
<trkpt lat="33.0055146" lon="35.2098079"><ele>323.3</ele><time>2023-09-18T04:01:45Z</time></trkpt>
<trkpt lat="33.0055261" lon="35.2098082"><ele>323.3</ele><time>2023-09-18T04:01:46Z</time></trkpt>
<trkpt lat="33.0055377" lon="35.2098078"><ele>323.3</ele><time>2023-09-18T04:01:47Z</time></trkpt>
<trkpt lat="33.0055498" lon="35.2098065"><ele>323.4</ele><time>2023-09-18T04:01:48Z</time></trkpt>
<trkpt lat="33.0055623" lon="35.2098041"><ele>323.4</ele><time>2023-09-18T04:01:49Z</time></trkpt>
<trkpt lat="33.0055745" lon="35.2098003"><ele>323.4</ele><time>2023-09-18T04:01:50Z</time></trkpt>
<trkpt lat="33.0055867" lon="35.2097956"><ele>323.5</ele><time>2023-09-18T04:01:51Z</time></trkpt>
<trkpt lat="33.0055993" lon="35.2097901"><ele>323.5</ele><time>2023-09-18T04:01:52Z</time></trkpt>
<trkpt lat="33.0056126" lon="35.2097837"><ele>323.5</ele><time>2023-09-18T04:01:53Z</time></trkpt>
<trkpt lat="33.0056265" lon="35.2097771"><ele>323.5</ele><time>2023-09-18T04:01:54Z</time></trkpt>
<trkpt lat="33.0056412" lon="35.2097706"><ele>323.5</ele><time>2023-09-18T04:01:55Z</time></trkpt>
<trkpt lat="33.0056568" lon="35.2097653"><ele>323.5</ele><time>2023-09-18T04:01:56Z</time></trkpt>
<trkpt lat="33.0056728" lon="35.209761"><ele>323.5</ele><time>2023-09-18T04:01:57Z</time></trkpt>
<trkpt lat="33.0056889" lon="35.2097573"><ele>323.5</ele><time>2023-09-18T04:01:58Z</time></trkpt>
<trkpt lat="33.0057049" lon="35.2097544"><ele>323.5</ele><time>2023-09-18T04:01:59Z</time></trkpt>
<trkpt lat="33.0057209" lon="35.2097527"><ele>323.5</ele><time>2023-09-18T04:02:00Z</time></trkpt>
<trkpt lat="33.0057366" lon="35.2097523"><ele>323.5</ele><time>2023-09-18T04:02:01Z</time></trkpt>
<trkpt lat="33.0057523" lon="35.2097515"><ele>323.5</ele><time>2023-09-18T04:02:02Z</time></trkpt>
<trkpt lat="33.005768" lon="35.2097497"><ele>323.5</ele><time>2023-09-18T04:02:03Z</time></trkpt>
<trkpt lat="33.0057835" lon="35.2097475"><ele>323.5</ele><time>2023-09-18T04:02:04Z</time></trkpt>
<trkpt lat="33.0057989" lon="35.2097449"><ele>323.5</ele><time>2023-09-18T04:02:05Z</time></trkpt>
<trkpt lat="33.0058142" lon="35.2097421"><ele>323.5</ele><time>2023-09-18T04:02:06Z</time></trkpt>
<trkpt lat="33.0058294" lon="35.2097391"><ele>323.5</ele><time>2023-09-18T04:02:07Z</time></trkpt>
<trkpt lat="33.0058445" lon="35.2097365"><ele>323.5</ele><time>2023-09-18T04:02:08Z</time></trkpt>
<trkpt lat="33.0058596" lon="35.2097342"><ele>323.5</ele><time>2023-09-18T04:02:09Z</time></trkpt>
<trkpt lat="33.0058747" lon="35.2097322"><ele>323.4</ele><time>2023-09-18T04:02:10Z</time></trkpt>
<trkpt lat="33.0058897" lon="35.2097311"><ele>323.4</ele><time>2023-09-18T04:02:11Z</time></trkpt>
<trkpt lat="33.0059041" lon="35.2097291"><ele>323.4</ele><time>2023-09-18T04:02:12Z</time></trkpt>
<trkpt lat="33.0059173" lon="35.2097258"><ele>323.4</ele><time>2023-09-18T04:02:13Z</time></trkpt>
<trkpt lat="33.0059292" lon="35.2097226"><ele>323.3</ele><time>2023-09-18T04:02:14Z</time></trkpt>
<trkpt lat="33.0059406" lon="35.2097196"><ele>323.3</ele><time>2023-09-18T04:02:15Z</time></trkpt>
<trkpt lat="33.0059519" lon="35.2097169"><ele>323.3</ele><time>2023-09-18T04:02:16Z</time></trkpt>
<trkpt lat="33.0059633" lon="35.2097143"><ele>323.2</ele><time>2023-09-18T04:02:17Z</time></trkpt>
<trkpt lat="33.0059754" lon="35.209712"><ele>323.2</ele><time>2023-09-18T04:02:18Z</time></trkpt>
<trkpt lat="33.0059877" lon="35.2097103"><ele>323.2</ele><time>2023-09-18T04:02:19Z</time></trkpt>
<trkpt lat="33.0059994" lon="35.2097088"><ele>323.2</ele><time>2023-09-18T04:02:20Z</time></trkpt>
<trkpt lat="33.0060104" lon="35.2097074"><ele>323.1</ele><time>2023-09-18T04:02:21Z</time></trkpt>
<trkpt lat="33.0060212" lon="35.209706"><ele>323.1</ele><time>2023-09-18T04:02:22Z</time></trkpt>
<trkpt lat="33.0060321" lon="35.2097052"><ele>323.1</ele><time>2023-09-18T04:02:23Z</time></trkpt>
<trkpt lat="33.0060431" lon="35.2097051"><ele>323.1</ele><time>2023-09-18T04:02:24Z</time></trkpt>
<trkpt lat="33.0060547" lon="35.2097054"><ele>323.1</ele><time>2023-09-18T04:02:25Z</time></trkpt>
<trkpt lat="33.0060669" lon="35.2097056"><ele>323.1</ele><time>2023-09-18T04:02:26Z</time></trkpt>
<trkpt lat="33.0060794" lon="35.2097054"><ele>323.1</ele><time>2023-09-18T04:02:27Z</time></trkpt>
<trkpt lat="33.0060914" lon="35.209706"><ele>323.1</ele><time>2023-09-18T04:02:28Z</time></trkpt>
<trkpt lat="33.0061033" lon="35.2097086"><ele>323.2</ele><time>2023-09-18T04:02:29Z</time></trkpt>
<trkpt lat="33.0061147" lon="35.2097125"><ele>323.2</ele><time>2023-09-18T04:02:30Z</time></trkpt>
<trkpt lat="33.0061256" lon="35.2097167"><ele>323.3</ele><time>2023-09-18T04:02:31Z</time></trkpt>
<trkpt lat="33.0061366" lon="35.2097205"><ele>323.3</ele><time>2023-09-18T04:02:32Z</time></trkpt>
<trkpt lat="33.0061474" lon="35.2097233"><ele>323.4</ele><time>2023-09-18T04:02:33Z</time></trkpt>
<trkpt lat="33.0061571" lon="35.2097247"><ele>323.4</ele><time>2023-09-18T04:02:34Z</time></trkpt>
<trkpt lat="33.0061656" lon="35.2097256"><ele>323.5</ele><time>2023-09-18T04:02:35Z</time></trkpt>
<trkpt lat="33.006173" lon="35.2097264"><ele>323.5</ele><time>2023-09-18T04:02:36Z</time></trkpt>
<trkpt lat="33.0061792" lon="35.2097275"><ele>323.5</ele><time>2023-09-18T04:02:37Z</time></trkpt>
<trkpt lat="33.0061849" lon="35.2097292"><ele>323.6</ele><time>2023-09-18T04:02:38Z</time></trkpt>
<trkpt lat="33.0061908" lon="35.2097316"><ele>323.6</ele><time>2023-09-18T04:02:39Z</time></trkpt>
<trkpt lat="33.0061968" lon="35.2097351"><ele>323.6</ele><time>2023-09-18T04:02:40Z</time></trkpt>
<trkpt lat="33.0062032" lon="35.2097395"><ele>323.7</ele><time>2023-09-18T04:02:41Z</time></trkpt>
<trkpt lat="33.0062098" lon="35.209744"><ele>323.7</ele><time>2023-09-18T04:02:42Z</time></trkpt>
<trkpt lat="33.0062163" lon="35.2097481"><ele>323.7</ele><time>2023-09-18T04:02:43Z</time></trkpt>
<trkpt lat="33.0062235" lon="35.2097513"><ele>323.7</ele><time>2023-09-18T04:02:44Z</time></trkpt>
<trkpt lat="33.0062323" lon="35.2097541"><ele>323.7</ele><time>2023-09-18T04:02:45Z</time></trkpt>
<trkpt lat="33.006243" lon="35.2097563"><ele>323.6</ele><time>2023-09-18T04:02:46Z</time></trkpt>
<trkpt lat="33.0062557" lon="35.2097572"><ele>323.6</ele><time>2023-09-18T04:02:47Z</time></trkpt>
<trkpt lat="33.0062702" lon="35.2097566"><ele>323.6</ele><time>2023-09-18T04:02:48Z</time></trkpt>
<trkpt lat="33.0062868" lon="35.2097552"><ele>323.5</ele><time>2023-09-18T04:02:49Z</time></trkpt>
<trkpt lat="33.0063047" lon="35.2097546"><ele>323.5</ele><time>2023-09-18T04:02:50Z</time></trkpt>
<trkpt lat="33.0063231" lon="35.209753"><ele>323.5</ele><time>2023-09-18T04:02:51Z</time></trkpt>
<trkpt lat="33.0063421" lon="35.2097469"><ele>323.4</ele><time>2023-09-18T04:02:52Z</time></trkpt>
<trkpt lat="33.0063607" lon="35.2097363"><ele>323.3</ele><time>2023-09-18T04:02:53Z</time></trkpt>
<trkpt lat="33.0063777" lon="35.2097216"><ele>323.3</ele><time>2023-09-18T04:02:54Z</time></trkpt>
<trkpt lat="33.0063927" lon="35.2097034"><ele>323.2</ele><time>2023-09-18T04:02:55Z</time></trkpt>
<trkpt lat="33.0064064" lon="35.2096827"><ele>323.2</ele><time>2023-09-18T04:02:56Z</time></trkpt>
<trkpt lat="33.0064194" lon="35.2096606"><ele>323.1</ele><time>2023-09-18T04:02:57Z</time></trkpt>
<trkpt lat="33.0064315" lon="35.209638"><ele>323.0</ele><time>2023-09-18T04:02:58Z</time></trkpt>
<trkpt lat="33.0064419" lon="35.2096148"><ele>323.0</ele><time>2023-09-18T04:02:59Z</time></trkpt>
<trkpt lat="33.0064498" lon="35.2095913"><ele>322.9</ele><time>2023-09-18T04:03:00Z</time></trkpt>
<trkpt lat="33.006455" lon="35.2095675"><ele>322.9</ele><time>2023-09-18T04:03:01Z</time></trkpt>
<trkpt lat="33.006458" lon="35.2095435"><ele>322.8</ele><time>2023-09-18T04:03:02Z</time></trkpt>
<trkpt lat="33.0064593" lon="35.2095197"><ele>322.8</ele><time>2023-09-18T04:03:03Z</time></trkpt>
<trkpt lat="33.0064598" lon="35.2094967"><ele>322.7</ele><time>2023-09-18T04:03:04Z</time></trkpt>
<trkpt lat="33.0064602" lon="35.2094745"><ele>322.7</ele><time>2023-09-18T04:03:05Z</time></trkpt>
<trkpt lat="33.0064606" lon="35.2094528"><ele>322.6</ele><time>2023-09-18T04:03:06Z</time></trkpt>
<trkpt lat="33.0064603" lon="35.2094316"><ele>322.5</ele><time>2023-09-18T04:03:07Z</time></trkpt>
<trkpt lat="33.0064596" lon="35.209411"><ele>322.5</ele><time>2023-09-18T04:03:08Z</time></trkpt>
<trkpt lat="33.0064584" lon="35.209391"><ele>322.4</ele><time>2023-09-18T04:03:09Z</time></trkpt>
<trkpt lat="33.0064573" lon="35.2093713"><ele>322.3</ele><time>2023-09-18T04:03:10Z</time></trkpt>
<trkpt lat="33.0064568" lon="35.2093517"><ele>322.2</ele><time>2023-09-18T04:03:11Z</time></trkpt>
<trkpt lat="33.0064569" lon="35.2093321"><ele>322.1</ele><time>2023-09-18T04:03:12Z</time></trkpt>
<trkpt lat="33.006458" lon="35.2093125"><ele>322.1</ele><time>2023-09-18T04:03:13Z</time></trkpt>
<trkpt lat="33.0064605" lon="35.209293"><ele>322.0</ele><time>2023-09-18T04:03:14Z</time></trkpt>
<trkpt lat="33.0064637" lon="35.2092738"><ele>321.9</ele><time>2023-09-18T04:03:15Z</time></trkpt>
<trkpt lat="33.0064674" lon="35.2092549"><ele>321.8</ele><time>2023-09-18T04:03:16Z</time></trkpt>
<trkpt lat="33.006471" lon="35.2092361"><ele>321.7</ele><time>2023-09-18T04:03:17Z</time></trkpt>
<trkpt lat="33.0064745" lon="35.2092174"><ele>321.6</ele><time>2023-09-18T04:03:18Z</time></trkpt>
<trkpt lat="33.0064778" lon="35.209199"><ele>321.4</ele><time>2023-09-18T04:03:19Z</time></trkpt>
<trkpt lat="33.0064806" lon="35.2091807"><ele>321.3</ele><time>2023-09-18T04:03:20Z</time></trkpt>
<trkpt lat="33.0064833" lon="35.2091623"><ele>321.2</ele><time>2023-09-18T04:03:21Z</time></trkpt>
<trkpt lat="33.006486" lon="35.2091438"><ele>321.1</ele><time>2023-09-18T04:03:22Z</time></trkpt>
<trkpt lat="33.0064889" lon="35.2091262"><ele>321.0</ele><time>2023-09-18T04:03:23Z</time></trkpt>
<trkpt lat="33.0064926" lon="35.2091102"><ele>320.9</ele><time>2023-09-18T04:03:24Z</time></trkpt>
<trkpt lat="33.0064969" lon="35.2090957"><ele>320.8</ele><time>2023-09-18T04:03:25Z</time></trkpt>
<trkpt lat="33.0065008" lon="35.2090821"><ele>320.7</ele><time>2023-09-18T04:03:26Z</time></trkpt>
<trkpt lat="33.0065041" lon="35.2090684"><ele>320.6</ele><time>2023-09-18T04:03:27Z</time></trkpt>
<trkpt lat="33.0065067" lon="35.209054"><ele>320.5</ele><time>2023-09-18T04:03:28Z</time></trkpt>
<trkpt lat="33.0065088" lon="35.2090385"><ele>320.4</ele><time>2023-09-18T04:03:29Z</time></trkpt>
<trkpt lat="33.0065105" lon="35.2090223"><ele>320.3</ele><time>2023-09-18T04:03:30Z</time></trkpt>
<trkpt lat="33.0065114" lon="35.2090058"><ele>320.2</ele><time>2023-09-18T04:03:31Z</time></trkpt>
<trkpt lat="33.0065112" lon="35.2089893"><ele>320.1</ele><time>2023-09-18T04:03:32Z</time></trkpt>
<trkpt lat="33.0065106" lon="35.2089732"><ele>320.1</ele><time>2023-09-18T04:03:33Z</time></trkpt>
<trkpt lat="33.00651" lon="35.2089571"><ele>320.0</ele><time>2023-09-18T04:03:34Z</time></trkpt>
<trkpt lat="33.0065095" lon="35.2089409"><ele>320.0</ele><time>2023-09-18T04:03:35Z</time></trkpt>
<trkpt lat="33.0065093" lon="35.2089235"><ele>319.9</ele><time>2023-09-18T04:03:36Z</time></trkpt>
<trkpt lat="33.0065096" lon="35.2089046"><ele>319.9</ele><time>2023-09-18T04:03:37Z</time></trkpt>
<trkpt lat="33.0065106" lon="35.2088851"><ele>319.9</ele><time>2023-09-18T04:03:38Z</time></trkpt>
<trkpt lat="33.006512" lon="35.2088662"><ele>319.8</ele><time>2023-09-18T04:03:39Z</time></trkpt>
<trkpt lat="33.0065126" lon="35.2088487"><ele>319.7</ele><time>2023-09-18T04:03:40Z</time></trkpt>
<trkpt lat="33.0065113" lon="35.208833"><ele>319.7</ele><time>2023-09-18T04:03:41Z</time></trkpt>
<trkpt lat="33.0065075" lon="35.2088186"><ele>319.6</ele><time>2023-09-18T04:03:42Z</time></trkpt>
<trkpt lat="33.006502" lon="35.2088045"><ele>319.5</ele><time>2023-09-18T04:03:43Z</time></trkpt>
<trkpt lat="33.0064966" lon="35.2087908"><ele>319.4</ele><time>2023-09-18T04:03:44Z</time></trkpt>
<trkpt lat="33.0064918" lon="35.2087777"><ele>319.4</ele><time>2023-09-18T04:03:45Z</time></trkpt>
<trkpt lat="33.0064871" lon="35.2087648"><ele>319.3</ele><time>2023-09-18T04:03:46Z</time></trkpt>
<trkpt lat="33.0064826" lon="35.2087514"><ele>319.2</ele><time>2023-09-18T04:03:47Z</time></trkpt>
<trkpt lat="33.0064786" lon="35.2087372"><ele>319.1</ele><time>2023-09-18T04:03:48Z</time></trkpt>
<trkpt lat="33.0064752" lon="35.2087222"><ele>319.0</ele><time>2023-09-18T04:03:49Z</time></trkpt>
<trkpt lat="33.0064724" lon="35.2087064"><ele>318.9</ele><time>2023-09-18T04:03:50Z</time></trkpt>
<trkpt lat="33.00647" lon="35.2086896"><ele>318.8</ele><time>2023-09-18T04:03:51Z</time></trkpt>
<trkpt lat="33.0064677" lon="35.2086725"><ele>318.8</ele><time>2023-09-18T04:03:52Z</time></trkpt>
<trkpt lat="33.0064654" lon="35.2086554"><ele>318.7</ele><time>2023-09-18T04:03:53Z</time></trkpt>
<trkpt lat="33.0064632" lon="35.2086383"><ele>318.6</ele><time>2023-09-18T04:03:54Z</time></trkpt>
<trkpt lat="33.0064611" lon="35.2086214"><ele>318.6</ele><time>2023-09-18T04:03:55Z</time></trkpt>
<trkpt lat="33.0064592" lon="35.2086049"><ele>318.5</ele><time>2023-09-18T04:03:56Z</time></trkpt>
<trkpt lat="33.0064573" lon="35.2085885"><ele>318.4</ele><time>2023-09-18T04:03:57Z</time></trkpt>
<trkpt lat="33.0064555" lon="35.2085716"><ele>318.3</ele><time>2023-09-18T04:03:58Z</time></trkpt>
<trkpt lat="33.006454" lon="35.2085547"><ele>318.3</ele><time>2023-09-18T04:03:59Z</time></trkpt>
<trkpt lat="33.006453" lon="35.2085381"><ele>318.2</ele><time>2023-09-18T04:04:00Z</time></trkpt>
<trkpt lat="33.0064524" lon="35.208522"><ele>318.1</ele><time>2023-09-18T04:04:01Z</time></trkpt>
<trkpt lat="33.0064521" lon="35.2085059"><ele>318.0</ele><time>2023-09-18T04:04:02Z</time></trkpt>
<trkpt lat="33.0064522" lon="35.2084899"><ele>317.9</ele><time>2023-09-18T04:04:03Z</time></trkpt>
<trkpt lat="33.0064523" lon="35.2084739"><ele>317.8</ele><time>2023-09-18T04:04:04Z</time></trkpt>
<trkpt lat="33.0064521" lon="35.208457"><ele>317.6</ele><time>2023-09-18T04:04:05Z</time></trkpt>
<trkpt lat="33.0064517" lon="35.2084392"><ele>317.5</ele><time>2023-09-18T04:04:06Z</time></trkpt>
<trkpt lat="33.0064508" lon="35.2084209"><ele>317.3</ele><time>2023-09-18T04:04:07Z</time></trkpt>
<trkpt lat="33.0064495" lon="35.2084021"><ele>317.2</ele><time>2023-09-18T04:04:08Z</time></trkpt>
<trkpt lat="33.0064481" lon="35.208383"><ele>317.0</ele><time>2023-09-18T04:04:09Z</time></trkpt>
<trkpt lat="33.0064467" lon="35.208364"><ele>316.9</ele><time>2023-09-18T04:04:10Z</time></trkpt>
<trkpt lat="33.0064451" lon="35.2083452"><ele>316.7</ele><time>2023-09-18T04:04:11Z</time></trkpt>
<trkpt lat="33.0064436" lon="35.2083264"><ele>316.6</ele><time>2023-09-18T04:04:12Z</time></trkpt>
<trkpt lat="33.006442" lon="35.2083074"><ele>316.4</ele><time>2023-09-18T04:04:13Z</time></trkpt>
<trkpt lat="33.0064398" lon="35.2082883"><ele>316.2</ele><time>2023-09-18T04:04:14Z</time></trkpt>
<trkpt lat="33.0064371" lon="35.2082693"><ele>316.1</ele><time>2023-09-18T04:04:15Z</time></trkpt>
<trkpt lat="33.006434" lon="35.2082505"><ele>315.9</ele><time>2023-09-18T04:04:16Z</time></trkpt>
<trkpt lat="33.0064312" lon="35.2082315"><ele>315.8</ele><time>2023-09-18T04:04:17Z</time></trkpt>
<trkpt lat="33.0064285" lon="35.2082128"><ele>315.6</ele><time>2023-09-18T04:04:18Z</time></trkpt>
<trkpt lat="33.0064257" lon="35.2081946"><ele>315.5</ele><time>2023-09-18T04:04:19Z</time></trkpt>
<trkpt lat="33.0064233" lon="35.2081764"><ele>315.3</ele><time>2023-09-18T04:04:20Z</time></trkpt>
<trkpt lat="33.0064217" lon="35.2081582"><ele>315.2</ele><time>2023-09-18T04:04:21Z</time></trkpt>
<trkpt lat="33.0064207" lon="35.2081399"><ele>315.1</ele><time>2023-09-18T04:04:22Z</time></trkpt>
<trkpt lat="33.0064199" lon="35.2081215"><ele>314.9</ele><time>2023-09-18T04:04:23Z</time></trkpt>
<trkpt lat="33.0064187" lon="35.208103"><ele>314.8</ele><time>2023-09-18T04:04:24Z</time></trkpt>
<trkpt lat="33.0064173" lon="35.2080844"><ele>314.7</ele><time>2023-09-18T04:04:25Z</time></trkpt>
<trkpt lat="33.0064163" lon="35.2080662"><ele>314.6</ele><time>2023-09-18T04:04:26Z</time></trkpt>
<trkpt lat="33.0064153" lon="35.2080484"><ele>314.5</ele><time>2023-09-18T04:04:27Z</time></trkpt>
<trkpt lat="33.0064137" lon="35.2080308"><ele>314.4</ele><time>2023-09-18T04:04:28Z</time></trkpt>
<trkpt lat="33.0064117" lon="35.2080135"><ele>314.4</ele><time>2023-09-18T04:04:29Z</time></trkpt>
<trkpt lat="33.0064098" lon="35.207996"><ele>314.4</ele><time>2023-09-18T04:04:30Z</time></trkpt>
<trkpt lat="33.0064082" lon="35.2079786"><ele>314.3</ele><time>2023-09-18T04:04:31Z</time></trkpt>
<trkpt lat="33.0064071" lon="35.2079611"><ele>314.3</ele><time>2023-09-18T04:04:32Z</time></trkpt>
<trkpt lat="33.0064064" lon="35.2079435"><ele>314.3</ele><time>2023-09-18T04:04:33Z</time></trkpt>
<trkpt lat="33.0064057" lon="35.2079259"><ele>314.3</ele><time>2023-09-18T04:04:34Z</time></trkpt>
<trkpt lat="33.0064043" lon="35.2079081"><ele>314.3</ele><time>2023-09-18T04:04:35Z</time></trkpt>
<trkpt lat="33.0064029" lon="35.2078899"><ele>314.3</ele><time>2023-09-18T04:04:36Z</time></trkpt>
<trkpt lat="33.006402" lon="35.2078717"><ele>314.3</ele><time>2023-09-18T04:04:37Z</time></trkpt>
<trkpt lat="33.0064023" lon="35.2078537"><ele>314.3</ele><time>2023-09-18T04:04:38Z</time></trkpt>
<trkpt lat="33.006404" lon="35.2078362"><ele>314.3</ele><time>2023-09-18T04:04:39Z</time></trkpt>
<trkpt lat="33.0064073" lon="35.2078195"><ele>314.3</ele><time>2023-09-18T04:04:40Z</time></trkpt>
<trkpt lat="33.0064104" lon="35.2078031"><ele>314.2</ele><time>2023-09-18T04:04:41Z</time></trkpt>
<trkpt lat="33.0064122" lon="35.2077861"><ele>314.2</ele><time>2023-09-18T04:04:42Z</time></trkpt>
<trkpt lat="33.0064135" lon="35.2077687"><ele>314.1</ele><time>2023-09-18T04:04:43Z</time></trkpt>
<trkpt lat="33.0064158" lon="35.2077513"><ele>314.0</ele><time>2023-09-18T04:04:44Z</time></trkpt>
<trkpt lat="33.0064191" lon="35.2077345"><ele>313.9</ele><time>2023-09-18T04:04:45Z</time></trkpt>
<trkpt lat="33.006422" lon="35.2077179"><ele>313.8</ele><time>2023-09-18T04:04:46Z</time></trkpt>
<trkpt lat="33.0064237" lon="35.2077007"><ele>313.7</ele><time>2023-09-18T04:04:47Z</time></trkpt>
<trkpt lat="33.0064249" lon="35.2076832"><ele>313.6</ele><time>2023-09-18T04:04:48Z</time></trkpt>
<trkpt lat="33.0064257" lon="35.2076658"><ele>313.4</ele><time>2023-09-18T04:04:49Z</time></trkpt>
<trkpt lat="33.0064251" lon="35.2076485"><ele>313.3</ele><time>2023-09-18T04:04:50Z</time></trkpt>
<trkpt lat="33.0064229" lon="35.207631"><ele>313.1</ele><time>2023-09-18T04:04:51Z</time></trkpt>
<trkpt lat="33.0064197" lon="35.2076132"><ele>313.0</ele><time>2023-09-18T04:04:52Z</time></trkpt>
<trkpt lat="33.0064163" lon="35.2075958"><ele>312.9</ele><time>2023-09-18T04:04:53Z</time></trkpt>
<trkpt lat="33.0064123" lon="35.2075788"><ele>312.7</ele><time>2023-09-18T04:04:54Z</time></trkpt>
<trkpt lat="33.0064079" lon="35.2075616"><ele>312.6</ele><time>2023-09-18T04:04:55Z</time></trkpt>
<trkpt lat="33.0064032" lon="35.2075443"><ele>312.5</ele><time>2023-09-18T04:04:56Z</time></trkpt>
<trkpt lat="33.0063987" lon="35.2075271"><ele>312.4</ele><time>2023-09-18T04:04:57Z</time></trkpt>
<trkpt lat="33.0063947" lon="35.20751"><ele>312.3</ele><time>2023-09-18T04:04:58Z</time></trkpt>
<trkpt lat="33.0063915" lon="35.2074928"><ele>312.2</ele><time>2023-09-18T04:04:59Z</time></trkpt>
<trkpt lat="33.0063888" lon="35.207475"><ele>312.1</ele><time>2023-09-18T04:05:00Z</time></trkpt>
<trkpt lat="33.0063864" lon="35.2074571"><ele>312.0</ele><time>2023-09-18T04:05:01Z</time></trkpt>
<trkpt lat="33.0063845" lon="35.2074397"><ele>311.9</ele><time>2023-09-18T04:05:02Z</time></trkpt>
<trkpt lat="33.0063824" lon="35.2074229"><ele>311.7</ele><time>2023-09-18T04:05:03Z</time></trkpt>
<trkpt lat="33.0063804" lon="35.2074064"><ele>311.6</ele><time>2023-09-18T04:05:04Z</time></trkpt>
<trkpt lat="33.0063776" lon="35.2073892"><ele>311.4</ele><time>2023-09-18T04:05:05Z</time></trkpt>
<trkpt lat="33.0063741" lon="35.2073712"><ele>311.3</ele><time>2023-09-18T04:05:06Z</time></trkpt>
<trkpt lat="33.006371" lon="35.2073528"><ele>311.1</ele><time>2023-09-18T04:05:07Z</time></trkpt>
<trkpt lat="33.0063687" lon="35.2073342"><ele>311.0</ele><time>2023-09-18T04:05:08Z</time></trkpt>
<trkpt lat="33.0063671" lon="35.2073161"><ele>310.8</ele><time>2023-09-18T04:05:09Z</time></trkpt>
<trkpt lat="33.0063657" lon="35.207299"><ele>310.6</ele><time>2023-09-18T04:05:10Z</time></trkpt>
<trkpt lat="33.0063637" lon="35.2072829"><ele>310.5</ele><time>2023-09-18T04:05:11Z</time></trkpt>
<trkpt lat="33.0063614" lon="35.2072677"><ele>310.3</ele><time>2023-09-18T04:05:12Z</time></trkpt>
<trkpt lat="33.0063588" lon="35.2072535"><ele>310.2</ele><time>2023-09-18T04:05:13Z</time></trkpt>
<trkpt lat="33.0063559" lon="35.207241"><ele>310.1</ele><time>2023-09-18T04:05:14Z</time></trkpt>
<trkpt lat="33.006353" lon="35.2072292"><ele>310.0</ele><time>2023-09-18T04:05:15Z</time></trkpt>
<trkpt lat="33.0063499" lon="35.2072171"><ele>309.9</ele><time>2023-09-18T04:05:16Z</time></trkpt>
<trkpt lat="33.0063465" lon="35.2072038"><ele>309.9</ele><time>2023-09-18T04:05:17Z</time></trkpt>
<trkpt lat="33.0063432" lon="35.2071887"><ele>309.8</ele><time>2023-09-18T04:05:18Z</time></trkpt>
<trkpt lat="33.0063405" lon="35.207172"><ele>309.8</ele><time>2023-09-18T04:05:19Z</time></trkpt>
<trkpt lat="33.0063391" lon="35.2071548"><ele>309.7</ele><time>2023-09-18T04:05:20Z</time></trkpt>
<trkpt lat="33.0063392" lon="35.207137"><ele>309.7</ele><time>2023-09-18T04:05:21Z</time></trkpt>
<trkpt lat="33.0063407" lon="35.2071193"><ele>309.7</ele><time>2023-09-18T04:05:22Z</time></trkpt>
<trkpt lat="33.0063434" lon="35.2071025"><ele>309.6</ele><time>2023-09-18T04:05:23Z</time></trkpt>
<trkpt lat="33.006346" lon="35.207086"><ele>309.6</ele><time>2023-09-18T04:05:24Z</time></trkpt>
<trkpt lat="33.0063476" lon="35.2070693"><ele>309.6</ele><time>2023-09-18T04:05:25Z</time></trkpt>
<trkpt lat="33.0063478" lon="35.2070528"><ele>309.5</ele><time>2023-09-18T04:05:26Z</time></trkpt>
<trkpt lat="33.0063462" lon="35.2070363"><ele>309.5</ele><time>2023-09-18T04:05:27Z</time></trkpt>
<trkpt lat="33.0063433" lon="35.2070197"><ele>309.5</ele><time>2023-09-18T04:05:28Z</time></trkpt>
<trkpt lat="33.0063388" lon="35.2070033"><ele>309.4</ele><time>2023-09-18T04:05:29Z</time></trkpt>
<trkpt lat="33.0063331" lon="35.2069872"><ele>309.4</ele><time>2023-09-18T04:05:30Z</time></trkpt>
<trkpt lat="33.006328" lon="35.2069708"><ele>309.4</ele><time>2023-09-18T04:05:31Z</time></trkpt>
<trkpt lat="33.0063244" lon="35.2069536"><ele>309.4</ele><time>2023-09-18T04:05:32Z</time></trkpt>
<trkpt lat="33.0063226" lon="35.206936"><ele>309.4</ele><time>2023-09-18T04:05:33Z</time></trkpt>
<trkpt lat="33.0063223" lon="35.2069186"><ele>309.4</ele><time>2023-09-18T04:05:34Z</time></trkpt>
<trkpt lat="33.0063234" lon="35.2069018"><ele>309.4</ele><time>2023-09-18T04:05:35Z</time></trkpt>
<trkpt lat="33.0063251" lon="35.2068856"><ele>309.4</ele><time>2023-09-18T04:05:36Z</time></trkpt>
<trkpt lat="33.0063265" lon="35.2068697"><ele>309.3</ele><time>2023-09-18T04:05:37Z</time></trkpt>
<trkpt lat="33.0063277" lon="35.2068539"><ele>309.3</ele><time>2023-09-18T04:05:38Z</time></trkpt>
<trkpt lat="33.0063293" lon="35.206838"><ele>309.3</ele><time>2023-09-18T04:05:39Z</time></trkpt>
<trkpt lat="33.0063314" lon="35.2068222"><ele>309.3</ele><time>2023-09-18T04:05:40Z</time></trkpt>
<trkpt lat="33.0063335" lon="35.2068062"><ele>309.2</ele><time>2023-09-18T04:05:41Z</time></trkpt>
<trkpt lat="33.0063352" lon="35.2067896"><ele>309.2</ele><time>2023-09-18T04:05:42Z</time></trkpt>
<trkpt lat="33.0063367" lon="35.2067727"><ele>309.1</ele><time>2023-09-18T04:05:43Z</time></trkpt>
<trkpt lat="33.0063376" lon="35.2067558"><ele>309.0</ele><time>2023-09-18T04:05:44Z</time></trkpt>
<trkpt lat="33.0063378" lon="35.206739"><ele>308.9</ele><time>2023-09-18T04:05:45Z</time></trkpt>
<trkpt lat="33.0063374" lon="35.206722"><ele>308.8</ele><time>2023-09-18T04:05:46Z</time></trkpt>
<trkpt lat="33.0063365" lon="35.2067047"><ele>308.6</ele><time>2023-09-18T04:05:47Z</time></trkpt>
<trkpt lat="33.0063357" lon="35.2066879"><ele>308.5</ele><time>2023-09-18T04:05:48Z</time></trkpt>
<trkpt lat="33.0063351" lon="35.2066723"><ele>308.3</ele><time>2023-09-18T04:05:49Z</time></trkpt>
<trkpt lat="33.006334" lon="35.2066568"><ele>308.1</ele><time>2023-09-18T04:05:50Z</time></trkpt>
<trkpt lat="33.0063324" lon="35.2066409"><ele>308.0</ele><time>2023-09-18T04:05:51Z</time></trkpt>
<trkpt lat="33.0063309" lon="35.2066245"><ele>307.8</ele><time>2023-09-18T04:05:52Z</time></trkpt>
<trkpt lat="33.0063298" lon="35.2066078"><ele>307.6</ele><time>2023-09-18T04:05:53Z</time></trkpt>
<trkpt lat="33.0063288" lon="35.2065909"><ele>307.5</ele><time>2023-09-18T04:05:54Z</time></trkpt>
<trkpt lat="33.0063275" lon="35.206574"><ele>307.3</ele><time>2023-09-18T04:05:55Z</time></trkpt>
<trkpt lat="33.0063254" lon="35.2065571"><ele>307.1</ele><time>2023-09-18T04:05:56Z</time></trkpt>
<trkpt lat="33.0063226" lon="35.2065403"><ele>307.0</ele><time>2023-09-18T04:05:57Z</time></trkpt>
<trkpt lat="33.0063202" lon="35.2065235"><ele>306.8</ele><time>2023-09-18T04:05:58Z</time></trkpt>
<trkpt lat="33.0063184" lon="35.2065064"><ele>306.7</ele><time>2023-09-18T04:05:59Z</time></trkpt>
<trkpt lat="33.0063165" lon="35.2064893"><ele>306.5</ele><time>2023-09-18T04:06:00Z</time></trkpt>
<trkpt lat="33.0063147" lon="35.2064726"><ele>306.4</ele><time>2023-09-18T04:06:01Z</time></trkpt>
<trkpt lat="33.0063126" lon="35.2064563"><ele>306.2</ele><time>2023-09-18T04:06:02Z</time></trkpt>
<trkpt lat="33.0063104" lon="35.2064401"><ele>306.1</ele><time>2023-09-18T04:06:03Z</time></trkpt>
<trkpt lat="33.0063085" lon="35.2064241"><ele>306.0</ele><time>2023-09-18T04:06:04Z</time></trkpt>
<trkpt lat="33.006307" lon="35.2064083"><ele>305.8</ele><time>2023-09-18T04:06:05Z</time></trkpt>
<trkpt lat="33.0063059" lon="35.2063924"><ele>305.7</ele><time>2023-09-18T04:06:06Z</time></trkpt>
<trkpt lat="33.0063046" lon="35.2063765"><ele>305.6</ele><time>2023-09-18T04:06:07Z</time></trkpt>
<trkpt lat="33.0063029" lon="35.2063607"><ele>305.5</ele><time>2023-09-18T04:06:08Z</time></trkpt>
<trkpt lat="33.0063012" lon="35.2063445"><ele>305.4</ele><time>2023-09-18T04:06:09Z</time></trkpt>
<trkpt lat="33.0062997" lon="35.206328"><ele>305.3</ele><time>2023-09-18T04:06:10Z</time></trkpt>
<trkpt lat="33.0062988" lon="35.2063114"><ele>305.2</ele><time>2023-09-18T04:06:11Z</time></trkpt>
<trkpt lat="33.0062981" lon="35.2062947"><ele>305.2</ele><time>2023-09-18T04:06:12Z</time></trkpt>
<trkpt lat="33.0062967" lon="35.2062779"><ele>305.1</ele><time>2023-09-18T04:06:13Z</time></trkpt>
<trkpt lat="33.0062948" lon="35.2062609"><ele>305.0</ele><time>2023-09-18T04:06:14Z</time></trkpt>
<trkpt lat="33.0062933" lon="35.2062436"><ele>304.9</ele><time>2023-09-18T04:06:15Z</time></trkpt>
<trkpt lat="33.0062916" lon="35.2062263"><ele>304.8</ele><time>2023-09-18T04:06:16Z</time></trkpt>
<trkpt lat="33.0062888" lon="35.2062092"><ele>304.8</ele><time>2023-09-18T04:06:17Z</time></trkpt>
<trkpt lat="33.0062856" lon="35.2061922"><ele>304.7</ele><time>2023-09-18T04:06:18Z</time></trkpt>
<trkpt lat="33.0062819" lon="35.2061754"><ele>304.6</ele><time>2023-09-18T04:06:19Z</time></trkpt>
<trkpt lat="33.0062778" lon="35.2061587"><ele>304.5</ele><time>2023-09-18T04:06:20Z</time></trkpt>
<trkpt lat="33.0062739" lon="35.2061421"><ele>304.4</ele><time>2023-09-18T04:06:21Z</time></trkpt>
<trkpt lat="33.0062704" lon="35.2061254"><ele>304.3</ele><time>2023-09-18T04:06:22Z</time></trkpt>
<trkpt lat="33.0062671" lon="35.2061085"><ele>304.2</ele><time>2023-09-18T04:06:23Z</time></trkpt>
<trkpt lat="33.0062637" lon="35.2060921"><ele>304.1</ele><time>2023-09-18T04:06:24Z</time></trkpt>
<trkpt lat="33.0062603" lon="35.2060761"><ele>304.0</ele><time>2023-09-18T04:06:25Z</time></trkpt>
<trkpt lat="33.0062577" lon="35.206061"><ele>303.8</ele><time>2023-09-18T04:06:26Z</time></trkpt>
<trkpt lat="33.0062567" lon="35.2060471"><ele>303.7</ele><time>2023-09-18T04:06:27Z</time></trkpt>
<trkpt lat="33.0062556" lon="35.2060334"><ele>303.6</ele><time>2023-09-18T04:06:28Z</time></trkpt>
<trkpt lat="33.006253" lon="35.2060181"><ele>303.4</ele><time>2023-09-18T04:06:29Z</time></trkpt>
<trkpt lat="33.0062476" lon="35.2060019"><ele>303.3</ele><time>2023-09-18T04:06:30Z</time></trkpt>
<trkpt lat="33.00624" lon="35.2059857"><ele>303.1</ele><time>2023-09-18T04:06:31Z</time></trkpt>
<trkpt lat="33.0062299" lon="35.2059701"><ele>302.9</ele><time>2023-09-18T04:06:32Z</time></trkpt>
<trkpt lat="33.0062171" lon="35.2059556"><ele>302.8</ele><time>2023-09-18T04:06:33Z</time></trkpt>
<trkpt lat="33.0062018" lon="35.2059423"><ele>302.6</ele><time>2023-09-18T04:06:34Z</time></trkpt>
<trkpt lat="33.0061841" lon="35.2059319"><ele>302.5</ele><time>2023-09-18T04:06:35Z</time></trkpt>
<trkpt lat="33.0061647" lon="35.2059256"><ele>302.3</ele><time>2023-09-18T04:06:36Z</time></trkpt>
<trkpt lat="33.0061445" lon="35.2059223"><ele>302.1</ele><time>2023-09-18T04:06:37Z</time></trkpt>
<trkpt lat="33.0061241" lon="35.2059201"><ele>302.0</ele><time>2023-09-18T04:06:38Z</time></trkpt>
<trkpt lat="33.0061041" lon="35.2059184"><ele>301.9</ele><time>2023-09-18T04:06:39Z</time></trkpt>
<trkpt lat="33.0060843" lon="35.2059174"><ele>301.7</ele><time>2023-09-18T04:06:40Z</time></trkpt>
<trkpt lat="33.0060648" lon="35.2059172"><ele>301.6</ele><time>2023-09-18T04:06:41Z</time></trkpt>
<trkpt lat="33.0060456" lon="35.2059177"><ele>301.5</ele><time>2023-09-18T04:06:42Z</time></trkpt>
<trkpt lat="33.0060268" lon="35.2059181"><ele>301.4</ele><time>2023-09-18T04:06:43Z</time></trkpt>
<trkpt lat="33.0060084" lon="35.2059174"><ele>301.3</ele><time>2023-09-18T04:06:44Z</time></trkpt>
<trkpt lat="33.0059906" lon="35.2059163"><ele>301.2</ele><time>2023-09-18T04:06:45Z</time></trkpt>
<trkpt lat="33.0059731" lon="35.205916"><ele>301.1</ele><time>2023-09-18T04:06:46Z</time></trkpt>
<trkpt lat="33.0059557" lon="35.2059168"><ele>301.1</ele><time>2023-09-18T04:06:47Z</time></trkpt>
<trkpt lat="33.0059386" lon="35.2059179"><ele>301.1</ele><time>2023-09-18T04:06:48Z</time></trkpt>
<trkpt lat="33.0059218" lon="35.2059187"><ele>301.1</ele><time>2023-09-18T04:06:49Z</time></trkpt>
<trkpt lat="33.0059052" lon="35.2059187"><ele>301.1</ele><time>2023-09-18T04:06:50Z</time></trkpt>
<trkpt lat="33.0058886" lon="35.2059191"><ele>301.1</ele><time>2023-09-18T04:06:51Z</time></trkpt>
<trkpt lat="33.0058721" lon="35.2059212"><ele>301.1</ele><time>2023-09-18T04:06:52Z</time></trkpt>
<trkpt lat="33.0058557" lon="35.2059251"><ele>301.1</ele><time>2023-09-18T04:06:53Z</time></trkpt>
<trkpt lat="33.0058397" lon="35.2059303"><ele>301.1</ele><time>2023-09-18T04:06:54Z</time></trkpt>
<trkpt lat="33.0058239" lon="35.2059363"><ele>301.1</ele><time>2023-09-18T04:06:55Z</time></trkpt>
<trkpt lat="33.0058083" lon="35.2059426"><ele>301.2</ele><time>2023-09-18T04:06:56Z</time></trkpt>
<trkpt lat="33.0057929" lon="35.2059487"><ele>301.2</ele><time>2023-09-18T04:06:57Z</time></trkpt>
<trkpt lat="33.0057775" lon="35.2059542"><ele>301.2</ele><time>2023-09-18T04:06:58Z</time></trkpt>
<trkpt lat="33.005762" lon="35.2059593"><ele>301.2</ele><time>2023-09-18T04:06:59Z</time></trkpt>
<trkpt lat="33.0057463" lon="35.205964"><ele>301.2</ele><time>2023-09-18T04:07:00Z</time></trkpt>
<trkpt lat="33.0057305" lon="35.2059681"><ele>301.2</ele><time>2023-09-18T04:07:01Z</time></trkpt>
<trkpt lat="33.0057148" lon="35.2059724"><ele>301.2</ele><time>2023-09-18T04:07:02Z</time></trkpt>
<trkpt lat="33.0056993" lon="35.2059778"><ele>301.3</ele><time>2023-09-18T04:07:03Z</time></trkpt>
<trkpt lat="33.005684" lon="35.2059839"><ele>301.3</ele><time>2023-09-18T04:07:04Z</time></trkpt>
<trkpt lat="33.005669" lon="35.2059905"><ele>301.3</ele><time>2023-09-18T04:07:05Z</time></trkpt>
<trkpt lat="33.0056539" lon="35.2059968"><ele>301.3</ele><time>2023-09-18T04:07:06Z</time></trkpt>
<trkpt lat="33.0056389" lon="35.2060028"><ele>301.3</ele><time>2023-09-18T04:07:07Z</time></trkpt>
<trkpt lat="33.0056241" lon="35.206009"><ele>301.3</ele><time>2023-09-18T04:07:08Z</time></trkpt>
<trkpt lat="33.0056097" lon="35.2060163"><ele>301.3</ele><time>2023-09-18T04:07:09Z</time></trkpt>
<trkpt lat="33.0055958" lon="35.2060243"><ele>301.3</ele><time>2023-09-18T04:07:10Z</time></trkpt>
<trkpt lat="33.0055824" lon="35.2060331"><ele>301.4</ele><time>2023-09-18T04:07:11Z</time></trkpt>
<trkpt lat="33.0055695" lon="35.2060428"><ele>301.4</ele><time>2023-09-18T04:07:12Z</time></trkpt>
<trkpt lat="33.0055573" lon="35.2060538"><ele>301.4</ele><time>2023-09-18T04:07:13Z</time></trkpt>
<trkpt lat="33.0055454" lon="35.2060653"><ele>301.4</ele><time>2023-09-18T04:07:14Z</time></trkpt>
<trkpt lat="33.0055334" lon="35.2060772"><ele>301.5</ele><time>2023-09-18T04:07:15Z</time></trkpt>
<trkpt lat="33.0055218" lon="35.2060897"><ele>301.5</ele><time>2023-09-18T04:07:16Z</time></trkpt>
<trkpt lat="33.0055104" lon="35.2061025"><ele>301.5</ele><time>2023-09-18T04:07:17Z</time></trkpt>
<trkpt lat="33.0054994" lon="35.2061153"><ele>301.6</ele><time>2023-09-18T04:07:18Z</time></trkpt>
<trkpt lat="33.0054884" lon="35.206128"><ele>301.6</ele><time>2023-09-18T04:07:19Z</time></trkpt>
<trkpt lat="33.0054777" lon="35.206141"><ele>301.7</ele><time>2023-09-18T04:07:20Z</time></trkpt>
<trkpt lat="33.0054671" lon="35.2061539"><ele>301.7</ele><time>2023-09-18T04:07:21Z</time></trkpt>
<trkpt lat="33.0054564" lon="35.2061666"><ele>301.8</ele><time>2023-09-18T04:07:22Z</time></trkpt>
<trkpt lat="33.0054455" lon="35.2061792"><ele>301.8</ele><time>2023-09-18T04:07:23Z</time></trkpt>
<trkpt lat="33.0054348" lon="35.2061918"><ele>301.8</ele><time>2023-09-18T04:07:24Z</time></trkpt>
<trkpt lat="33.0054241" lon="35.2062045"><ele>301.9</ele><time>2023-09-18T04:07:25Z</time></trkpt>
<trkpt lat="33.0054131" lon="35.2062174"><ele>302.0</ele><time>2023-09-18T04:07:26Z</time></trkpt>
<trkpt lat="33.0054021" lon="35.2062301"><ele>302.0</ele><time>2023-09-18T04:07:27Z</time></trkpt>
<trkpt lat="33.0053916" lon="35.2062435"><ele>302.1</ele><time>2023-09-18T04:07:28Z</time></trkpt>
<trkpt lat="33.0053819" lon="35.2062581"><ele>302.1</ele><time>2023-09-18T04:07:29Z</time></trkpt>
<trkpt lat="33.0053729" lon="35.2062732"><ele>302.2</ele><time>2023-09-18T04:07:30Z</time></trkpt>
<trkpt lat="33.0053646" lon="35.2062886"><ele>302.3</ele><time>2023-09-18T04:07:31Z</time></trkpt>
<trkpt lat="33.005356" lon="35.2063032"><ele>302.3</ele><time>2023-09-18T04:07:32Z</time></trkpt>
<trkpt lat="33.0053471" lon="35.2063175"><ele>302.4</ele><time>2023-09-18T04:07:33Z</time></trkpt>
<trkpt lat="33.0053383" lon="35.2063318"><ele>302.5</ele><time>2023-09-18T04:07:34Z</time></trkpt>
<trkpt lat="33.0053295" lon="35.2063458"><ele>302.6</ele><time>2023-09-18T04:07:35Z</time></trkpt>
<trkpt lat="33.0053199" lon="35.2063587"><ele>302.7</ele><time>2023-09-18T04:07:36Z</time></trkpt>
<trkpt lat="33.0053093" lon="35.2063702"><ele>302.8</ele><time>2023-09-18T04:07:37Z</time></trkpt>
<trkpt lat="33.0052982" lon="35.2063811"><ele>302.8</ele><time>2023-09-18T04:07:38Z</time></trkpt>
<trkpt lat="33.0052872" lon="35.2063924"><ele>302.9</ele><time>2023-09-18T04:07:39Z</time></trkpt>
<trkpt lat="33.0052766" lon="35.2064042"><ele>303.0</ele><time>2023-09-18T04:07:40Z</time></trkpt>
<trkpt lat="33.0052666" lon="35.2064165"><ele>303.0</ele><time>2023-09-18T04:07:41Z</time></trkpt>
<trkpt lat="33.005257" lon="35.2064291"><ele>303.0</ele><time>2023-09-18T04:07:42Z</time></trkpt>
<trkpt lat="33.0052471" lon="35.2064415"><ele>303.1</ele><time>2023-09-18T04:07:43Z</time></trkpt>
<trkpt lat="33.0052374" lon="35.2064535"><ele>303.1</ele><time>2023-09-18T04:07:44Z</time></trkpt>
<trkpt lat="33.0052284" lon="35.2064654"><ele>303.1</ele><time>2023-09-18T04:07:45Z</time></trkpt>
<trkpt lat="33.0052208" lon="35.2064774"><ele>303.2</ele><time>2023-09-18T04:07:46Z</time></trkpt>
<trkpt lat="33.0052145" lon="35.2064891"><ele>303.2</ele><time>2023-09-18T04:07:47Z</time></trkpt>
<trkpt lat="33.0052094" lon="35.2065006"><ele>303.2</ele><time>2023-09-18T04:07:48Z</time></trkpt>
<trkpt lat="33.0052048" lon="35.2065125"><ele>303.2</ele><time>2023-09-18T04:07:49Z</time></trkpt>
<trkpt lat="33.0052003" lon="35.2065247"><ele>303.2</ele><time>2023-09-18T04:07:50Z</time></trkpt>
<trkpt lat="33.0051958" lon="35.2065368"><ele>303.2</ele><time>2023-09-18T04:07:51Z</time></trkpt>
<trkpt lat="33.0051911" lon="35.2065485"><ele>303.2</ele><time>2023-09-18T04:07:52Z</time></trkpt>
<trkpt lat="33.0051857" lon="35.2065599"><ele>303.2</ele><time>2023-09-18T04:07:53Z</time></trkpt>
<trkpt lat="33.0051797" lon="35.2065711"><ele>303.2</ele><time>2023-09-18T04:07:54Z</time></trkpt>
<trkpt lat="33.005173" lon="35.206582"><ele>303.2</ele><time>2023-09-18T04:07:55Z</time></trkpt>
<trkpt lat="33.0051659" lon="35.2065928"><ele>303.2</ele><time>2023-09-18T04:07:56Z</time></trkpt>
<trkpt lat="33.0051583" lon="35.2066038"><ele>303.2</ele><time>2023-09-18T04:07:57Z</time></trkpt>
<trkpt lat="33.0051507" lon="35.2066149"><ele>303.2</ele><time>2023-09-18T04:07:58Z</time></trkpt>
<trkpt lat="33.0051432" lon="35.2066263"><ele>303.2</ele><time>2023-09-18T04:07:59Z</time></trkpt>
<trkpt lat="33.0051357" lon="35.2066381"><ele>303.2</ele><time>2023-09-18T04:08:00Z</time></trkpt>
<trkpt lat="33.0051282" lon="35.2066507"><ele>303.2</ele><time>2023-09-18T04:08:01Z</time></trkpt>
<trkpt lat="33.0051203" lon="35.2066638"><ele>303.2</ele><time>2023-09-18T04:08:02Z</time></trkpt>
<trkpt lat="33.0051121" lon="35.206677"><ele>303.2</ele><time>2023-09-18T04:08:03Z</time></trkpt>
<trkpt lat="33.0051038" lon="35.20669"><ele>303.2</ele><time>2023-09-18T04:08:04Z</time></trkpt>
<trkpt lat="33.0050957" lon="35.2067025"><ele>303.2</ele><time>2023-09-18T04:08:05Z</time></trkpt>
<trkpt lat="33.0050875" lon="35.2067145"><ele>303.2</ele><time>2023-09-18T04:08:06Z</time></trkpt>
<trkpt lat="33.005079" lon="35.2067264"><ele>303.3</ele><time>2023-09-18T04:08:07Z</time></trkpt>
<trkpt lat="33.0050705" lon="35.206738"><ele>303.3</ele><time>2023-09-18T04:08:08Z</time></trkpt>
<trkpt lat="33.0050625" lon="35.206749"><ele>303.4</ele><time>2023-09-18T04:08:09Z</time></trkpt>
<trkpt lat="33.0050548" lon="35.2067599"><ele>303.4</ele><time>2023-09-18T04:08:10Z</time></trkpt>
<trkpt lat="33.0050471" lon="35.2067713"><ele>303.5</ele><time>2023-09-18T04:08:11Z</time></trkpt>
<trkpt lat="33.0050391" lon="35.2067832"><ele>303.6</ele><time>2023-09-18T04:08:12Z</time></trkpt>
<trkpt lat="33.005031" lon="35.2067954"><ele>303.7</ele><time>2023-09-18T04:08:13Z</time></trkpt>
<trkpt lat="33.0050225" lon="35.2068079"><ele>303.8</ele><time>2023-09-18T04:08:14Z</time></trkpt>
<trkpt lat="33.0050137" lon="35.2068201"><ele>303.9</ele><time>2023-09-18T04:08:15Z</time></trkpt>
<trkpt lat="33.0050049" lon="35.2068318"><ele>304.0</ele><time>2023-09-18T04:08:16Z</time></trkpt>
<trkpt lat="33.0049961" lon="35.2068434"><ele>304.1</ele><time>2023-09-18T04:08:17Z</time></trkpt>
<trkpt lat="33.0049871" lon="35.2068552"><ele>304.2</ele><time>2023-09-18T04:08:18Z</time></trkpt>
<trkpt lat="33.004978" lon="35.2068673"><ele>304.3</ele><time>2023-09-18T04:08:19Z</time></trkpt>
<trkpt lat="33.0049691" lon="35.2068796"><ele>304.4</ele><time>2023-09-18T04:08:20Z</time></trkpt>
<trkpt lat="33.0049603" lon="35.2068927"><ele>304.5</ele><time>2023-09-18T04:08:21Z</time></trkpt>
<trkpt lat="33.0049519" lon="35.2069061"><ele>304.5</ele><time>2023-09-18T04:08:22Z</time></trkpt>
<trkpt lat="33.004944" lon="35.2069196"><ele>304.6</ele><time>2023-09-18T04:08:23Z</time></trkpt>
<trkpt lat="33.0049365" lon="35.2069336"><ele>304.7</ele><time>2023-09-18T04:08:24Z</time></trkpt>
<trkpt lat="33.0049293" lon="35.2069474"><ele>304.7</ele><time>2023-09-18T04:08:25Z</time></trkpt>
<trkpt lat="33.004922" lon="35.2069609"><ele>304.8</ele><time>2023-09-18T04:08:26Z</time></trkpt>
<trkpt lat="33.0049147" lon="35.2069744"><ele>304.9</ele><time>2023-09-18T04:08:27Z</time></trkpt>
<trkpt lat="33.0049075" lon="35.2069876"><ele>304.9</ele><time>2023-09-18T04:08:28Z</time></trkpt>
<trkpt lat="33.0049004" lon="35.2070008"><ele>304.9</ele><time>2023-09-18T04:08:29Z</time></trkpt>
<trkpt lat="33.0048933" lon="35.2070138"><ele>305.0</ele><time>2023-09-18T04:08:30Z</time></trkpt>
<trkpt lat="33.0048857" lon="35.2070264"><ele>305.0</ele><time>2023-09-18T04:08:31Z</time></trkpt>
<trkpt lat="33.0048773" lon="35.2070387"><ele>305.1</ele><time>2023-09-18T04:08:32Z</time></trkpt>
<trkpt lat="33.004868" lon="35.2070503"><ele>305.1</ele><time>2023-09-18T04:08:33Z</time></trkpt>
<trkpt lat="33.0048581" lon="35.2070619"><ele>305.1</ele><time>2023-09-18T04:08:34Z</time></trkpt>
<trkpt lat="33.0048476" lon="35.2070737"><ele>305.2</ele><time>2023-09-18T04:08:35Z</time></trkpt>
<trkpt lat="33.004837" lon="35.2070857"><ele>305.2</ele><time>2023-09-18T04:08:36Z</time></trkpt>
<trkpt lat="33.0048264" lon="35.2070979"><ele>305.3</ele><time>2023-09-18T04:08:37Z</time></trkpt>
<trkpt lat="33.0048159" lon="35.2071101"><ele>305.3</ele><time>2023-09-18T04:08:38Z</time></trkpt>
<trkpt lat="33.0048053" lon="35.207122"><ele>305.3</ele><time>2023-09-18T04:08:39Z</time></trkpt>
<trkpt lat="33.0047951" lon="35.207133"><ele>305.4</ele><time>2023-09-18T04:08:40Z</time></trkpt>
<trkpt lat="33.0047851" lon="35.2071435"><ele>305.4</ele><time>2023-09-18T04:08:41Z</time></trkpt>
<trkpt lat="33.0047754" lon="35.2071539"><ele>305.4</ele><time>2023-09-18T04:08:42Z</time></trkpt>
<trkpt lat="33.0047658" lon="35.2071644"><ele>305.4</ele><time>2023-09-18T04:08:43Z</time></trkpt>
<trkpt lat="33.0047561" lon="35.207175"><ele>305.4</ele><time>2023-09-18T04:08:44Z</time></trkpt>
<trkpt lat="33.0047461" lon="35.2071856"><ele>305.5</ele><time>2023-09-18T04:08:45Z</time></trkpt>
<trkpt lat="33.0047356" lon="35.207196"><ele>305.5</ele><time>2023-09-18T04:08:46Z</time></trkpt>
<trkpt lat="33.0047247" lon="35.2072057"><ele>305.5</ele><time>2023-09-18T04:08:47Z</time></trkpt>
<trkpt lat="33.0047137" lon="35.2072152"><ele>305.5</ele><time>2023-09-18T04:08:48Z</time></trkpt>
<trkpt lat="33.0047027" lon="35.2072249"><ele>305.5</ele><time>2023-09-18T04:08:49Z</time></trkpt>
<trkpt lat="33.0046918" lon="35.2072349"><ele>305.6</ele><time>2023-09-18T04:08:50Z</time></trkpt>
<trkpt lat="33.0046806" lon="35.2072454"><ele>305.6</ele><time>2023-09-18T04:08:51Z</time></trkpt>
<trkpt lat="33.0046692" lon="35.2072561"><ele>305.6</ele><time>2023-09-18T04:08:52Z</time></trkpt>
<trkpt lat="33.0046579" lon="35.2072666"><ele>305.6</ele><time>2023-09-18T04:08:53Z</time></trkpt>
<trkpt lat="33.0046471" lon="35.2072771"><ele>305.7</ele><time>2023-09-18T04:08:54Z</time></trkpt>
<trkpt lat="33.0046368" lon="35.2072875"><ele>305.7</ele><time>2023-09-18T04:08:55Z</time></trkpt>
<trkpt lat="33.0046265" lon="35.2072972"><ele>305.8</ele><time>2023-09-18T04:08:56Z</time></trkpt>
<trkpt lat="33.0046162" lon="35.2073063"><ele>305.8</ele><time>2023-09-18T04:08:57Z</time></trkpt>
<trkpt lat="33.0046056" lon="35.2073159"><ele>305.8</ele><time>2023-09-18T04:08:58Z</time></trkpt>
<trkpt lat="33.0045948" lon="35.2073256"><ele>305.9</ele><time>2023-09-18T04:08:59Z</time></trkpt>
<trkpt lat="33.0045839" lon="35.2073349"><ele>305.9</ele><time>2023-09-18T04:09:00Z</time></trkpt>
<trkpt lat="33.0045729" lon="35.2073443"><ele>305.9</ele><time>2023-09-18T04:09:01Z</time></trkpt>
<trkpt lat="33.0045621" lon="35.2073537"><ele>305.9</ele><time>2023-09-18T04:09:02Z</time></trkpt>
<trkpt lat="33.0045514" lon="35.2073627"><ele>305.9</ele><time>2023-09-18T04:09:03Z</time></trkpt>
<trkpt lat="33.0045407" lon="35.2073708"><ele>306.0</ele><time>2023-09-18T04:09:04Z</time></trkpt>
<trkpt lat="33.0045299" lon="35.2073789"><ele>306.0</ele><time>2023-09-18T04:09:05Z</time></trkpt>
<trkpt lat="33.0045194" lon="35.2073873"><ele>305.9</ele><time>2023-09-18T04:09:06Z</time></trkpt>
<trkpt lat="33.004509" lon="35.2073961"><ele>305.9</ele><time>2023-09-18T04:09:07Z</time></trkpt>
<trkpt lat="33.0044984" lon="35.2074054"><ele>305.9</ele><time>2023-09-18T04:09:08Z</time></trkpt>
<trkpt lat="33.0044875" lon="35.2074149"><ele>305.9</ele><time>2023-09-18T04:09:09Z</time></trkpt>
<trkpt lat="33.0044764" lon="35.2074247"><ele>305.8</ele><time>2023-09-18T04:09:10Z</time></trkpt>
<trkpt lat="33.0044649" lon="35.2074352"><ele>305.7</ele><time>2023-09-18T04:09:11Z</time></trkpt>
<trkpt lat="33.0044527" lon="35.207446"><ele>305.7</ele><time>2023-09-18T04:09:12Z</time></trkpt>
<trkpt lat="33.0044401" lon="35.2074568"><ele>305.6</ele><time>2023-09-18T04:09:13Z</time></trkpt>
<trkpt lat="33.0044272" lon="35.2074676"><ele>305.6</ele><time>2023-09-18T04:09:14Z</time></trkpt>
<trkpt lat="33.0044143" lon="35.2074785"><ele>305.5</ele><time>2023-09-18T04:09:15Z</time></trkpt>
<trkpt lat="33.0044008" lon="35.2074896"><ele>305.5</ele><time>2023-09-18T04:09:16Z</time></trkpt>
<trkpt lat="33.0043868" lon="35.2075005"><ele>305.5</ele><time>2023-09-18T04:09:17Z</time></trkpt>
<trkpt lat="33.004373" lon="35.207512"><ele>305.5</ele><time>2023-09-18T04:09:18Z</time></trkpt>
<trkpt lat="33.0043596" lon="35.2075238"><ele>305.5</ele><time>2023-09-18T04:09:19Z</time></trkpt>
<trkpt lat="33.0043465" lon="35.2075356"><ele>305.6</ele><time>2023-09-18T04:09:20Z</time></trkpt>
<trkpt lat="33.0043334" lon="35.207547"><ele>305.6</ele><time>2023-09-18T04:09:21Z</time></trkpt>
<trkpt lat="33.0043203" lon="35.207558"><ele>305.6</ele><time>2023-09-18T04:09:22Z</time></trkpt>
<trkpt lat="33.0043068" lon="35.2075685"><ele>305.6</ele><time>2023-09-18T04:09:23Z</time></trkpt>
<trkpt lat="33.0042931" lon="35.2075779"><ele>305.6</ele><time>2023-09-18T04:09:24Z</time></trkpt>
<trkpt lat="33.004279" lon="35.2075859"><ele>305.6</ele><time>2023-09-18T04:09:25Z</time></trkpt>
<trkpt lat="33.004265" lon="35.2075934"><ele>305.6</ele><time>2023-09-18T04:09:26Z</time></trkpt>
<trkpt lat="33.0042513" lon="35.207601"><ele>305.6</ele><time>2023-09-18T04:09:27Z</time></trkpt>
<trkpt lat="33.0042379" lon="35.2076092"><ele>305.6</ele><time>2023-09-18T04:09:28Z</time></trkpt>
<trkpt lat="33.0042251" lon="35.2076187"><ele>305.6</ele><time>2023-09-18T04:09:29Z</time></trkpt>
<trkpt lat="33.0042128" lon="35.2076294"><ele>305.6</ele><time>2023-09-18T04:09:30Z</time></trkpt>
<trkpt lat="33.004201" lon="35.2076406"><ele>305.7</ele><time>2023-09-18T04:09:31Z</time></trkpt>
<trkpt lat="33.0041891" lon="35.2076516"><ele>305.6</ele><time>2023-09-18T04:09:32Z</time></trkpt>
<trkpt lat="33.0041773" lon="35.2076627"><ele>305.6</ele><time>2023-09-18T04:09:33Z</time></trkpt>
<trkpt lat="33.0041662" lon="35.2076748"><ele>305.6</ele><time>2023-09-18T04:09:34Z</time></trkpt>
<trkpt lat="33.0041564" lon="35.2076887"><ele>305.6</ele><time>2023-09-18T04:09:35Z</time></trkpt>
<trkpt lat="33.0041486" lon="35.2077043"><ele>305.6</ele><time>2023-09-18T04:09:36Z</time></trkpt>
<trkpt lat="33.0041428" lon="35.2077215"><ele>305.5</ele><time>2023-09-18T04:09:37Z</time></trkpt>
<trkpt lat="33.0041388" lon="35.20774"><ele>305.5</ele><time>2023-09-18T04:09:38Z</time></trkpt>
<trkpt lat="33.0041366" lon="35.2077592"><ele>305.5</ele><time>2023-09-18T04:09:39Z</time></trkpt>
<trkpt lat="33.0041353" lon="35.2077784"><ele>305.6</ele><time>2023-09-18T04:09:40Z</time></trkpt>
<trkpt lat="33.0041348" lon="35.2077976"><ele>305.6</ele><time>2023-09-18T04:09:41Z</time></trkpt>
<trkpt lat="33.0041351" lon="35.2078169"><ele>305.6</ele><time>2023-09-18T04:09:42Z</time></trkpt>
<trkpt lat="33.0041359" lon="35.2078361"><ele>305.7</ele><time>2023-09-18T04:09:43Z</time></trkpt>
<trkpt lat="33.004137" lon="35.2078555"><ele>305.7</ele><time>2023-09-18T04:09:44Z</time></trkpt>
<trkpt lat="33.004138" lon="35.2078748"><ele>305.8</ele><time>2023-09-18T04:09:45Z</time></trkpt>
<trkpt lat="33.0041388" lon="35.2078937"><ele>305.8</ele><time>2023-09-18T04:09:46Z</time></trkpt>
<trkpt lat="33.0041391" lon="35.2079123"><ele>305.8</ele><time>2023-09-18T04:09:47Z</time></trkpt>
<trkpt lat="33.0041389" lon="35.2079306"><ele>305.9</ele><time>2023-09-18T04:09:48Z</time></trkpt>
<trkpt lat="33.0041382" lon="35.2079486"><ele>306.0</ele><time>2023-09-18T04:09:49Z</time></trkpt>
<trkpt lat="33.004137" lon="35.2079663"><ele>306.1</ele><time>2023-09-18T04:09:50Z</time></trkpt>
<trkpt lat="33.004135" lon="35.2079836"><ele>306.1</ele><time>2023-09-18T04:09:51Z</time></trkpt>
<trkpt lat="33.0041326" lon="35.2080005"><ele>306.2</ele><time>2023-09-18T04:09:52Z</time></trkpt>
<trkpt lat="33.0041299" lon="35.2080172"><ele>306.3</ele><time>2023-09-18T04:09:53Z</time></trkpt>
<trkpt lat="33.0041268" lon="35.2080337"><ele>306.4</ele><time>2023-09-18T04:09:54Z</time></trkpt>
<trkpt lat="33.0041232" lon="35.2080504"><ele>306.5</ele><time>2023-09-18T04:09:55Z</time></trkpt>
<trkpt lat="33.0041194" lon="35.2080668"><ele>306.6</ele><time>2023-09-18T04:09:56Z</time></trkpt>
<trkpt lat="33.0041166" lon="35.2080831"><ele>306.7</ele><time>2023-09-18T04:09:57Z</time></trkpt>
<trkpt lat="33.0041147" lon="35.2080995"><ele>306.8</ele><time>2023-09-18T04:09:58Z</time></trkpt>
<trkpt lat="33.0041132" lon="35.2081162"><ele>306.8</ele><time>2023-09-18T04:09:59Z</time></trkpt>
<trkpt lat="33.0041123" lon="35.2081332"><ele>307.0</ele><time>2023-09-18T04:10:00Z</time></trkpt>
<trkpt lat="33.0041119" lon="35.2081504"><ele>307.1</ele><time>2023-09-18T04:10:01Z</time></trkpt>
<trkpt lat="33.0041112" lon="35.2081668"><ele>307.2</ele><time>2023-09-18T04:10:02Z</time></trkpt>
<trkpt lat="33.0041097" lon="35.2081818"><ele>307.3</ele><time>2023-09-18T04:10:03Z</time></trkpt>
<trkpt lat="33.0041073" lon="35.2081963"><ele>307.4</ele><time>2023-09-18T04:10:04Z</time></trkpt>
<trkpt lat="33.0041043" lon="35.2082107"><ele>307.5</ele><time>2023-09-18T04:10:05Z</time></trkpt>
<trkpt lat="33.0041011" lon="35.2082249"><ele>307.6</ele><time>2023-09-18T04:10:06Z</time></trkpt>
<trkpt lat="33.0040975" lon="35.2082389"><ele>307.7</ele><time>2023-09-18T04:10:07Z</time></trkpt>
<trkpt lat="33.0040939" lon="35.2082526"><ele>307.8</ele><time>2023-09-18T04:10:08Z</time></trkpt>
<trkpt lat="33.0040904" lon="35.2082659"><ele>307.9</ele><time>2023-09-18T04:10:09Z</time></trkpt>
<trkpt lat="33.0040878" lon="35.2082791"><ele>308.0</ele><time>2023-09-18T04:10:10Z</time></trkpt>
<trkpt lat="33.0040862" lon="35.2082928"><ele>308.1</ele><time>2023-09-18T04:10:11Z</time></trkpt>
<trkpt lat="33.0040856" lon="35.2083074"><ele>308.2</ele><time>2023-09-18T04:10:12Z</time></trkpt>
<trkpt lat="33.0040854" lon="35.2083225"><ele>308.2</ele><time>2023-09-18T04:10:13Z</time></trkpt>
<trkpt lat="33.0040846" lon="35.208338"><ele>308.3</ele><time>2023-09-18T04:10:14Z</time></trkpt>
<trkpt lat="33.0040826" lon="35.2083535"><ele>308.4</ele><time>2023-09-18T04:10:15Z</time></trkpt>
<trkpt lat="33.0040791" lon="35.2083686"><ele>308.6</ele><time>2023-09-18T04:10:16Z</time></trkpt>
<trkpt lat="33.0040749" lon="35.2083829"><ele>308.7</ele><time>2023-09-18T04:10:17Z</time></trkpt>
<trkpt lat="33.0040703" lon="35.208397"><ele>308.8</ele><time>2023-09-18T04:10:18Z</time></trkpt>
<trkpt lat="33.0040655" lon="35.2084115"><ele>308.9</ele><time>2023-09-18T04:10:19Z</time></trkpt>
<trkpt lat="33.0040599" lon="35.208426"><ele>309.0</ele><time>2023-09-18T04:10:20Z</time></trkpt>
<trkpt lat="33.0040541" lon="35.2084403"><ele>309.0</ele><time>2023-09-18T04:10:21Z</time></trkpt>
<trkpt lat="33.0040483" lon="35.2084543"><ele>309.1</ele><time>2023-09-18T04:10:22Z</time></trkpt>
<trkpt lat="33.004044" lon="35.2084672"><ele>309.2</ele><time>2023-09-18T04:10:23Z</time></trkpt>
<trkpt lat="33.0040418" lon="35.2084783"><ele>309.3</ele><time>2023-09-18T04:10:24Z</time></trkpt>
<trkpt lat="33.0040408" lon="35.208487"><ele>309.3</ele><time>2023-09-18T04:10:25Z</time></trkpt>
<trkpt lat="33.0040406" lon="35.2084933"><ele>309.4</ele><time>2023-09-18T04:10:26Z</time></trkpt>
<trkpt lat="33.0040401" lon="35.2084986"><ele>309.5</ele><time>2023-09-18T04:10:27Z</time></trkpt>
<trkpt lat="33.0040388" lon="35.208504"><ele>309.6</ele><time>2023-09-18T04:10:28Z</time></trkpt>
<trkpt lat="33.0040365" lon="35.2085102"><ele>309.7</ele><time>2023-09-18T04:10:29Z</time></trkpt>
<trkpt lat="33.0040334" lon="35.2085174"><ele>309.7</ele><time>2023-09-18T04:10:30Z</time></trkpt>
<trkpt lat="33.0040295" lon="35.2085254"><ele>309.8</ele><time>2023-09-18T04:10:31Z</time></trkpt>
<trkpt lat="33.0040248" lon="35.2085345"><ele>309.8</ele><time>2023-09-18T04:10:32Z</time></trkpt>
<trkpt lat="33.0040191" lon="35.2085452"><ele>309.9</ele><time>2023-09-18T04:10:33Z</time></trkpt>
<trkpt lat="33.004013" lon="35.2085569"><ele>310.0</ele><time>2023-09-18T04:10:34Z</time></trkpt>
<trkpt lat="33.0040082" lon="35.2085687"><ele>310.0</ele><time>2023-09-18T04:10:35Z</time></trkpt>
<trkpt lat="33.0040047" lon="35.2085801"><ele>310.1</ele><time>2023-09-18T04:10:36Z</time></trkpt>
<trkpt lat="33.0040024" lon="35.2085908"><ele>310.1</ele><time>2023-09-18T04:10:37Z</time></trkpt>
<trkpt lat="33.0040006" lon="35.2086012"><ele>310.2</ele><time>2023-09-18T04:10:38Z</time></trkpt>
<trkpt lat="33.003999" lon="35.2086114"><ele>310.2</ele><time>2023-09-18T04:10:39Z</time></trkpt>
<trkpt lat="33.0039976" lon="35.2086218"><ele>310.3</ele><time>2023-09-18T04:10:40Z</time></trkpt>
<trkpt lat="33.0039965" lon="35.2086325"><ele>310.3</ele><time>2023-09-18T04:10:41Z</time></trkpt>
<trkpt lat="33.0039953" lon="35.2086436"><ele>310.3</ele><time>2023-09-18T04:10:42Z</time></trkpt>
<trkpt lat="33.003994" lon="35.208655"><ele>310.3</ele><time>2023-09-18T04:10:43Z</time></trkpt>
<trkpt lat="33.0039928" lon="35.2086665"><ele>310.3</ele><time>2023-09-18T04:10:44Z</time></trkpt>
<trkpt lat="33.0039917" lon="35.2086787"><ele>310.3</ele><time>2023-09-18T04:10:45Z</time></trkpt>
<trkpt lat="33.0039902" lon="35.2086921"><ele>310.3</ele><time>2023-09-18T04:10:46Z</time></trkpt>
<trkpt lat="33.003988" lon="35.208706"><ele>310.3</ele><time>2023-09-18T04:10:47Z</time></trkpt>
<trkpt lat="33.0039851" lon="35.2087195"><ele>310.3</ele><time>2023-09-18T04:10:48Z</time></trkpt>
<trkpt lat="33.003982" lon="35.2087322"><ele>310.3</ele><time>2023-09-18T04:10:49Z</time></trkpt>
<trkpt lat="33.0039791" lon="35.2087443"><ele>310.3</ele><time>2023-09-18T04:10:50Z</time></trkpt>
<trkpt lat="33.0039765" lon="35.2087562"><ele>310.3</ele><time>2023-09-18T04:10:51Z</time></trkpt>
<trkpt lat="33.003974" lon="35.2087682"><ele>310.3</ele><time>2023-09-18T04:10:52Z</time></trkpt>
<trkpt lat="33.0039713" lon="35.2087816"><ele>310.2</ele><time>2023-09-18T04:10:53Z</time></trkpt>
<trkpt lat="33.0039683" lon="35.208797"><ele>310.2</ele><time>2023-09-18T04:10:54Z</time></trkpt>
<trkpt lat="33.003965" lon="35.2088132"><ele>310.2</ele><time>2023-09-18T04:10:55Z</time></trkpt>
<trkpt lat="33.0039617" lon="35.2088293"><ele>310.2</ele><time>2023-09-18T04:10:56Z</time></trkpt>
<trkpt lat="33.0039586" lon="35.2088447"><ele>310.2</ele><time>2023-09-18T04:10:57Z</time></trkpt>
<trkpt lat="33.0039562" lon="35.2088592"><ele>310.2</ele><time>2023-09-18T04:10:58Z</time></trkpt>
<trkpt lat="33.0039541" lon="35.2088731"><ele>310.2</ele><time>2023-09-18T04:10:59Z</time></trkpt>
<trkpt lat="33.0039519" lon="35.2088874"><ele>310.2</ele><time>2023-09-18T04:11:00Z</time></trkpt>
<trkpt lat="33.0039494" lon="35.2089025"><ele>310.2</ele><time>2023-09-18T04:11:01Z</time></trkpt>
<trkpt lat="33.0039462" lon="35.2089188"><ele>310.2</ele><time>2023-09-18T04:11:02Z</time></trkpt>
<trkpt lat="33.0039421" lon="35.2089364"><ele>310.2</ele><time>2023-09-18T04:11:03Z</time></trkpt>
<trkpt lat="33.0039372" lon="35.208955"><ele>310.2</ele><time>2023-09-18T04:11:04Z</time></trkpt>
<trkpt lat="33.0039317" lon="35.2089741"><ele>310.1</ele><time>2023-09-18T04:11:05Z</time></trkpt>
<trkpt lat="33.0039257" lon="35.2089925"><ele>310.1</ele><time>2023-09-18T04:11:06Z</time></trkpt>
<trkpt lat="33.0039194" lon="35.2090101"><ele>310.1</ele><time>2023-09-18T04:11:07Z</time></trkpt>
<trkpt lat="33.0039133" lon="35.2090275"><ele>310.0</ele><time>2023-09-18T04:11:08Z</time></trkpt>
<trkpt lat="33.0039079" lon="35.2090451"><ele>310.0</ele><time>2023-09-18T04:11:09Z</time></trkpt>
<trkpt lat="33.0039037" lon="35.2090628"><ele>309.9</ele><time>2023-09-18T04:11:10Z</time></trkpt>
<trkpt lat="33.0039004" lon="35.2090807"><ele>309.9</ele><time>2023-09-18T04:11:11Z</time></trkpt>
<trkpt lat="33.0038973" lon="35.2090983"><ele>309.8</ele><time>2023-09-18T04:11:12Z</time></trkpt>
<trkpt lat="33.0038945" lon="35.2091155"><ele>309.8</ele><time>2023-09-18T04:11:13Z</time></trkpt>
<trkpt lat="33.0038926" lon="35.2091321"><ele>309.8</ele><time>2023-09-18T04:11:14Z</time></trkpt>
<trkpt lat="33.003892" lon="35.2091481"><ele>309.7</ele><time>2023-09-18T04:11:15Z</time></trkpt>
<trkpt lat="33.0038919" lon="35.2091641"><ele>309.7</ele><time>2023-09-18T04:11:16Z</time></trkpt>
<trkpt lat="33.0038915" lon="35.2091802"><ele>309.7</ele><time>2023-09-18T04:11:17Z</time></trkpt>
<trkpt lat="33.0038906" lon="35.2091967"><ele>309.7</ele><time>2023-09-18T04:11:18Z</time></trkpt>
<trkpt lat="33.0038888" lon="35.209214"><ele>309.7</ele><time>2023-09-18T04:11:19Z</time></trkpt>
<trkpt lat="33.0038867" lon="35.2092319"><ele>309.7</ele><time>2023-09-18T04:11:20Z</time></trkpt>
<trkpt lat="33.0038846" lon="35.2092501"><ele>309.7</ele><time>2023-09-18T04:11:21Z</time></trkpt>
<trkpt lat="33.0038831" lon="35.2092684"><ele>309.8</ele><time>2023-09-18T04:11:22Z</time></trkpt>
<trkpt lat="33.003882" lon="35.2092867"><ele>309.8</ele><time>2023-09-18T04:11:23Z</time></trkpt>
<trkpt lat="33.0038809" lon="35.209305"><ele>309.8</ele><time>2023-09-18T04:11:24Z</time></trkpt>
<trkpt lat="33.0038792" lon="35.2093229"><ele>309.8</ele><time>2023-09-18T04:11:25Z</time></trkpt>
<trkpt lat="33.0038767" lon="35.2093405"><ele>309.8</ele><time>2023-09-18T04:11:26Z</time></trkpt>
<trkpt lat="33.0038732" lon="35.2093576"><ele>309.8</ele><time>2023-09-18T04:11:27Z</time></trkpt>
<trkpt lat="33.0038691" lon="35.2093742"><ele>309.8</ele><time>2023-09-18T04:11:28Z</time></trkpt>
<trkpt lat="33.0038645" lon="35.2093905"><ele>309.8</ele><time>2023-09-18T04:11:29Z</time></trkpt>
<trkpt lat="33.0038598" lon="35.2094065"><ele>309.8</ele><time>2023-09-18T04:11:30Z</time></trkpt>
<trkpt lat="33.003855" lon="35.2094224"><ele>309.8</ele><time>2023-09-18T04:11:31Z</time></trkpt>
<trkpt lat="33.0038502" lon="35.2094384"><ele>309.8</ele><time>2023-09-18T04:11:32Z</time></trkpt>
<trkpt lat="33.0038455" lon="35.2094545"><ele>309.8</ele><time>2023-09-18T04:11:33Z</time></trkpt>
<trkpt lat="33.0038412" lon="35.2094707"><ele>309.9</ele><time>2023-09-18T04:11:34Z</time></trkpt>
<trkpt lat="33.0038373" lon="35.209487"><ele>309.9</ele><time>2023-09-18T04:11:35Z</time></trkpt>
<trkpt lat="33.0038331" lon="35.2095037"><ele>309.9</ele><time>2023-09-18T04:11:36Z</time></trkpt>
<trkpt lat="33.003828" lon="35.2095202"><ele>309.9</ele><time>2023-09-18T04:11:37Z</time></trkpt>
<trkpt lat="33.0038228" lon="35.2095362"><ele>309.9</ele><time>2023-09-18T04:11:38Z</time></trkpt>
<trkpt lat="33.0038182" lon="35.209552"><ele>309.9</ele><time>2023-09-18T04:11:39Z</time></trkpt>
<trkpt lat="33.0038137" lon="35.2095676"><ele>310.0</ele><time>2023-09-18T04:11:40Z</time></trkpt>
<trkpt lat="33.0038093" lon="35.2095832"><ele>310.0</ele><time>2023-09-18T04:11:41Z</time></trkpt>
<trkpt lat="33.0038049" lon="35.2095986"><ele>310.0</ele><time>2023-09-18T04:11:42Z</time></trkpt>
<trkpt lat="33.0038" lon="35.2096138"><ele>310.1</ele><time>2023-09-18T04:11:43Z</time></trkpt>
<trkpt lat="33.0037947" lon="35.2096287"><ele>310.1</ele><time>2023-09-18T04:11:44Z</time></trkpt>
<trkpt lat="33.003789" lon="35.2096433"><ele>310.2</ele><time>2023-09-18T04:11:45Z</time></trkpt>
<trkpt lat="33.0037834" lon="35.2096581"><ele>310.2</ele><time>2023-09-18T04:11:46Z</time></trkpt>
<trkpt lat="33.0037774" lon="35.2096728"><ele>310.3</ele><time>2023-09-18T04:11:47Z</time></trkpt>
<trkpt lat="33.0037704" lon="35.2096872"><ele>310.3</ele><time>2023-09-18T04:11:48Z</time></trkpt>
<trkpt lat="33.0037629" lon="35.209701"><ele>310.4</ele><time>2023-09-18T04:11:49Z</time></trkpt>
<trkpt lat="33.0037559" lon="35.2097151"><ele>310.4</ele><time>2023-09-18T04:11:50Z</time></trkpt>
<trkpt lat="33.0037493" lon="35.2097296"><ele>310.5</ele><time>2023-09-18T04:11:51Z</time></trkpt>
<trkpt lat="33.0037432" lon="35.2097442"><ele>310.5</ele><time>2023-09-18T04:11:52Z</time></trkpt>
<trkpt lat="33.0037373" lon="35.209759"><ele>310.6</ele><time>2023-09-18T04:11:53Z</time></trkpt>
<trkpt lat="33.0037313" lon="35.2097732"><ele>310.6</ele><time>2023-09-18T04:11:54Z</time></trkpt>
<trkpt lat="33.0037248" lon="35.2097862"><ele>310.6</ele><time>2023-09-18T04:11:55Z</time></trkpt>
<trkpt lat="33.0037173" lon="35.209799"><ele>310.7</ele><time>2023-09-18T04:11:56Z</time></trkpt>
<trkpt lat="33.0037088" lon="35.209812"><ele>310.7</ele><time>2023-09-18T04:11:57Z</time></trkpt>
<trkpt lat="33.0036997" lon="35.2098253"><ele>310.7</ele><time>2023-09-18T04:11:58Z</time></trkpt>
<trkpt lat="33.0036908" lon="35.2098391"><ele>310.7</ele><time>2023-09-18T04:11:59Z</time></trkpt>
<trkpt lat="33.0036829" lon="35.2098537"><ele>310.8</ele><time>2023-09-18T04:12:00Z</time></trkpt>
<trkpt lat="33.0036757" lon="35.2098685"><ele>310.8</ele><time>2023-09-18T04:12:01Z</time></trkpt>
<trkpt lat="33.0036688" lon="35.2098837"><ele>310.8</ele><time>2023-09-18T04:12:02Z</time></trkpt>
<trkpt lat="33.0036627" lon="35.2098996"><ele>310.8</ele><time>2023-09-18T04:12:03Z</time></trkpt>
<trkpt lat="33.0036577" lon="35.2099163"><ele>310.8</ele><time>2023-09-18T04:12:04Z</time></trkpt>
<trkpt lat="33.0036534" lon="35.2099332"><ele>310.9</ele><time>2023-09-18T04:12:05Z</time></trkpt>
<trkpt lat="33.0036484" lon="35.2099495"><ele>310.8</ele><time>2023-09-18T04:12:06Z</time></trkpt>
<trkpt lat="33.0036419" lon="35.2099649"><ele>310.8</ele><time>2023-09-18T04:12:07Z</time></trkpt>
<trkpt lat="33.0036349" lon="35.2099798"><ele>310.8</ele><time>2023-09-18T04:12:08Z</time></trkpt>
<trkpt lat="33.0036278" lon="35.2099947"><ele>310.8</ele><time>2023-09-18T04:12:09Z</time></trkpt>
<trkpt lat="33.0036215" lon="35.2100099"><ele>310.7</ele><time>2023-09-18T04:12:10Z</time></trkpt>
<trkpt lat="33.0036159" lon="35.2100255"><ele>310.6</ele><time>2023-09-18T04:12:11Z</time></trkpt>
<trkpt lat="33.003611" lon="35.2100416"><ele>310.6</ele><time>2023-09-18T04:12:12Z</time></trkpt>
<trkpt lat="33.0036068" lon="35.2100582"><ele>310.5</ele><time>2023-09-18T04:12:13Z</time></trkpt>
<trkpt lat="33.0036028" lon="35.2100749"><ele>310.4</ele><time>2023-09-18T04:12:14Z</time></trkpt>
<trkpt lat="33.0035988" lon="35.2100915"><ele>310.3</ele><time>2023-09-18T04:12:15Z</time></trkpt>
<trkpt lat="33.0035953" lon="35.2101083"><ele>310.2</ele><time>2023-09-18T04:12:16Z</time></trkpt>
<trkpt lat="33.0035913" lon="35.2101252"><ele>310.2</ele><time>2023-09-18T04:12:17Z</time></trkpt>
<trkpt lat="33.003587" lon="35.210142"><ele>310.1</ele><time>2023-09-18T04:12:18Z</time></trkpt>
<trkpt lat="33.0035822" lon="35.2101584"><ele>310.0</ele><time>2023-09-18T04:12:19Z</time></trkpt>
<trkpt lat="33.0035771" lon="35.2101746"><ele>310.0</ele><time>2023-09-18T04:12:20Z</time></trkpt>
<trkpt lat="33.0035721" lon="35.2101906"><ele>309.9</ele><time>2023-09-18T04:12:21Z</time></trkpt>
<trkpt lat="33.0035672" lon="35.2102064"><ele>309.8</ele><time>2023-09-18T04:12:22Z</time></trkpt>
<trkpt lat="33.003562" lon="35.2102219"><ele>309.7</ele><time>2023-09-18T04:12:23Z</time></trkpt>
<trkpt lat="33.0035563" lon="35.2102368"><ele>309.7</ele><time>2023-09-18T04:12:24Z</time></trkpt>
<trkpt lat="33.00355" lon="35.2102513"><ele>309.6</ele><time>2023-09-18T04:12:25Z</time></trkpt>
<trkpt lat="33.0035438" lon="35.2102657"><ele>309.6</ele><time>2023-09-18T04:12:26Z</time></trkpt>
<trkpt lat="33.0035376" lon="35.2102802"><ele>309.6</ele><time>2023-09-18T04:12:27Z</time></trkpt>
<trkpt lat="33.003532" lon="35.2102953"><ele>309.5</ele><time>2023-09-18T04:12:28Z</time></trkpt>
<trkpt lat="33.0035269" lon="35.2103108"><ele>309.5</ele><time>2023-09-18T04:12:29Z</time></trkpt>
<trkpt lat="33.0035214" lon="35.2103261"><ele>309.4</ele><time>2023-09-18T04:12:30Z</time></trkpt>
<trkpt lat="33.0035155" lon="35.2103416"><ele>309.4</ele><time>2023-09-18T04:12:31Z</time></trkpt>
<trkpt lat="33.0035098" lon="35.2103573"><ele>309.4</ele><time>2023-09-18T04:12:32Z</time></trkpt>
<trkpt lat="33.0035043" lon="35.2103726"><ele>309.3</ele><time>2023-09-18T04:12:33Z</time></trkpt>
<trkpt lat="33.0034996" lon="35.2103873"><ele>309.3</ele><time>2023-09-18T04:12:34Z</time></trkpt>
<trkpt lat="33.0034952" lon="35.2104015"><ele>309.3</ele><time>2023-09-18T04:12:35Z</time></trkpt>
<trkpt lat="33.0034896" lon="35.2104154"><ele>309.2</ele><time>2023-09-18T04:12:36Z</time></trkpt>
<trkpt lat="33.0034834" lon="35.2104295"><ele>309.1</ele><time>2023-09-18T04:12:37Z</time></trkpt>
<trkpt lat="33.003478" lon="35.2104444"><ele>309.0</ele><time>2023-09-18T04:12:38Z</time></trkpt>
<trkpt lat="33.0034735" lon="35.2104604"><ele>309.0</ele><time>2023-09-18T04:12:39Z</time></trkpt>
<trkpt lat="33.0034697" lon="35.210477"><ele>308.9</ele><time>2023-09-18T04:12:40Z</time></trkpt>
<trkpt lat="33.0034659" lon="35.2104937"><ele>308.8</ele><time>2023-09-18T04:12:41Z</time></trkpt>
<trkpt lat="33.0034618" lon="35.2105101"><ele>308.8</ele><time>2023-09-18T04:12:42Z</time></trkpt>
<trkpt lat="33.0034578" lon="35.2105266"><ele>308.8</ele><time>2023-09-18T04:12:43Z</time></trkpt>
<trkpt lat="33.0034542" lon="35.2105431"><ele>308.8</ele><time>2023-09-18T04:12:44Z</time></trkpt>
<trkpt lat="33.0034508" lon="35.2105598"><ele>308.8</ele><time>2023-09-18T04:12:45Z</time></trkpt>
<trkpt lat="33.0034473" lon="35.2105763"><ele>308.8</ele><time>2023-09-18T04:12:46Z</time></trkpt>
<trkpt lat="33.0034442" lon="35.2105931"><ele>308.8</ele><time>2023-09-18T04:12:47Z</time></trkpt>
<trkpt lat="33.0034422" lon="35.2106107"><ele>308.8</ele><time>2023-09-18T04:12:48Z</time></trkpt>
<trkpt lat="33.0034412" lon="35.2106286"><ele>308.8</ele><time>2023-09-18T04:12:49Z</time></trkpt>
<trkpt lat="33.0034403" lon="35.2106463"><ele>308.8</ele><time>2023-09-18T04:12:50Z</time></trkpt>
<trkpt lat="33.0034392" lon="35.2106634"><ele>308.9</ele><time>2023-09-18T04:12:51Z</time></trkpt>
<trkpt lat="33.0034379" lon="35.2106801"><ele>309.0</ele><time>2023-09-18T04:12:52Z</time></trkpt>
<trkpt lat="33.0034366" lon="35.2106968"><ele>309.0</ele><time>2023-09-18T04:12:53Z</time></trkpt>
<trkpt lat="33.0034349" lon="35.2107135"><ele>309.1</ele><time>2023-09-18T04:12:54Z</time></trkpt>
<trkpt lat="33.003433" lon="35.2107302"><ele>309.2</ele><time>2023-09-18T04:12:55Z</time></trkpt>
<trkpt lat="33.0034319" lon="35.2107472"><ele>309.2</ele><time>2023-09-18T04:12:56Z</time></trkpt>
<trkpt lat="33.0034319" lon="35.2107646"><ele>309.2</ele><time>2023-09-18T04:12:57Z</time></trkpt>
<trkpt lat="33.0034327" lon="35.2107823"><ele>309.3</ele><time>2023-09-18T04:12:58Z</time></trkpt>
<trkpt lat="33.0034336" lon="35.2107999"><ele>309.3</ele><time>2023-09-18T04:12:59Z</time></trkpt>
<trkpt lat="33.0034339" lon="35.210817"><ele>309.3</ele><time>2023-09-18T04:13:00Z</time></trkpt>
<trkpt lat="33.0034336" lon="35.210833"><ele>309.3</ele><time>2023-09-18T04:13:01Z</time></trkpt>
<trkpt lat="33.0034341" lon="35.2108486"><ele>309.3</ele><time>2023-09-18T04:13:02Z</time></trkpt>
<trkpt lat="33.0034349" lon="35.2108649"><ele>309.3</ele><time>2023-09-18T04:13:03Z</time></trkpt>
<trkpt lat="33.0034355" lon="35.2108819"><ele>309.3</ele><time>2023-09-18T04:13:04Z</time></trkpt>
<trkpt lat="33.0034357" lon="35.2108989"><ele>309.2</ele><time>2023-09-18T04:13:05Z</time></trkpt>
<trkpt lat="33.0034357" lon="35.2109158"><ele>309.2</ele><time>2023-09-18T04:13:06Z</time></trkpt>
<trkpt lat="33.0034362" lon="35.210933"><ele>309.1</ele><time>2023-09-18T04:13:07Z</time></trkpt>
<trkpt lat="33.0034371" lon="35.2109503"><ele>309.1</ele><time>2023-09-18T04:13:08Z</time></trkpt>
<trkpt lat="33.0034377" lon="35.2109678"><ele>309.1</ele><time>2023-09-18T04:13:09Z</time></trkpt>
<trkpt lat="33.003438" lon="35.2109848"><ele>309.0</ele><time>2023-09-18T04:13:10Z</time></trkpt>
<trkpt lat="33.0034373" lon="35.211001"><ele>309.0</ele><time>2023-09-18T04:13:11Z</time></trkpt>
<trkpt lat="33.0034367" lon="35.2110161"><ele>309.0</ele><time>2023-09-18T04:13:12Z</time></trkpt>
<trkpt lat="33.0034376" lon="35.2110301"><ele>309.0</ele><time>2023-09-18T04:13:13Z</time></trkpt>
<trkpt lat="33.0034409" lon="35.2110429"><ele>308.9</ele><time>2023-09-18T04:13:14Z</time></trkpt>
<trkpt lat="33.0034465" lon="35.2110543"><ele>308.9</ele><time>2023-09-18T04:13:15Z</time></trkpt>
<trkpt lat="33.0034532" lon="35.2110647"><ele>308.9</ele><time>2023-09-18T04:13:16Z</time></trkpt>
<trkpt lat="33.0034602" lon="35.2110753"><ele>308.9</ele><time>2023-09-18T04:13:17Z</time></trkpt>
<trkpt lat="33.0034665" lon="35.211087"><ele>308.8</ele><time>2023-09-18T04:13:18Z</time></trkpt>
<trkpt lat="33.0034724" lon="35.2110992"><ele>308.8</ele><time>2023-09-18T04:13:19Z</time></trkpt>
<trkpt lat="33.0034787" lon="35.2111114"><ele>308.8</ele><time>2023-09-18T04:13:20Z</time></trkpt>
<trkpt lat="33.0034849" lon="35.2111231"><ele>308.8</ele><time>2023-09-18T04:13:21Z</time></trkpt>
<trkpt lat="33.0034907" lon="35.2111343"><ele>308.8</ele><time>2023-09-18T04:13:22Z</time></trkpt>
<trkpt lat="33.003496" lon="35.2111453"><ele>308.7</ele><time>2023-09-18T04:13:23Z</time></trkpt>
<trkpt lat="33.0035014" lon="35.2111562"><ele>308.7</ele><time>2023-09-18T04:13:24Z</time></trkpt>
<trkpt lat="33.0035063" lon="35.2111668"><ele>308.7</ele><time>2023-09-18T04:13:25Z</time></trkpt>
<trkpt lat="33.0035104" lon="35.2111768"><ele>308.7</ele><time>2023-09-18T04:13:26Z</time></trkpt>
<trkpt lat="33.0035133" lon="35.2111868"><ele>308.6</ele><time>2023-09-18T04:13:27Z</time></trkpt>
<trkpt lat="33.0035155" lon="35.211198"><ele>308.6</ele><time>2023-09-18T04:13:28Z</time></trkpt>
<trkpt lat="33.0035171" lon="35.2112099"><ele>308.6</ele><time>2023-09-18T04:13:29Z</time></trkpt>
<trkpt lat="33.0035181" lon="35.2112221"><ele>308.6</ele><time>2023-09-18T04:13:30Z</time></trkpt>
<trkpt lat="33.0035187" lon="35.2112343"><ele>308.6</ele><time>2023-09-18T04:13:31Z</time></trkpt>
<trkpt lat="33.0035186" lon="35.2112466"><ele>308.7</ele><time>2023-09-18T04:13:32Z</time></trkpt>
<trkpt lat="33.0035179" lon="35.2112593"><ele>308.7</ele><time>2023-09-18T04:13:33Z</time></trkpt>
<trkpt lat="33.0035168" lon="35.2112723"><ele>308.7</ele><time>2023-09-18T04:13:34Z</time></trkpt>
<trkpt lat="33.0035154" lon="35.2112855"><ele>308.7</ele><time>2023-09-18T04:13:35Z</time></trkpt>
<trkpt lat="33.0035141" lon="35.2112989"><ele>308.7</ele><time>2023-09-18T04:13:36Z</time></trkpt>
<trkpt lat="33.0035131" lon="35.2113129"><ele>308.7</ele><time>2023-09-18T04:13:37Z</time></trkpt>
<trkpt lat="33.0035125" lon="35.2113277"><ele>308.7</ele><time>2023-09-18T04:13:38Z</time></trkpt>
<trkpt lat="33.003512" lon="35.2113428"><ele>308.7</ele><time>2023-09-18T04:13:39Z</time></trkpt>
<trkpt lat="33.0035115" lon="35.2113583"><ele>308.7</ele><time>2023-09-18T04:13:40Z</time></trkpt>
<trkpt lat="33.003511" lon="35.211374"><ele>308.7</ele><time>2023-09-18T04:13:41Z</time></trkpt>
<trkpt lat="33.0035102" lon="35.2113895"><ele>308.7</ele><time>2023-09-18T04:13:42Z</time></trkpt>
<trkpt lat="33.0035092" lon="35.2114045"><ele>308.7</ele><time>2023-09-18T04:13:43Z</time></trkpt>
<trkpt lat="33.0035083" lon="35.2114191"><ele>308.6</ele><time>2023-09-18T04:13:44Z</time></trkpt>
<trkpt lat="33.0035074" lon="35.2114331"><ele>308.6</ele><time>2023-09-18T04:13:45Z</time></trkpt>
<trkpt lat="33.0035064" lon="35.2114465"><ele>308.6</ele><time>2023-09-18T04:13:46Z</time></trkpt>
<trkpt lat="33.003505" lon="35.2114597"><ele>308.6</ele><time>2023-09-18T04:13:47Z</time></trkpt>
<trkpt lat="33.0035031" lon="35.2114732"><ele>308.5</ele><time>2023-09-18T04:13:48Z</time></trkpt>
<trkpt lat="33.0035005" lon="35.2114868"><ele>308.5</ele><time>2023-09-18T04:13:49Z</time></trkpt>
<trkpt lat="33.0034978" lon="35.2115007"><ele>308.4</ele><time>2023-09-18T04:13:50Z</time></trkpt>
<trkpt lat="33.0034957" lon="35.2115153"><ele>308.4</ele><time>2023-09-18T04:13:51Z</time></trkpt>
<trkpt lat="33.003494" lon="35.2115305"><ele>308.3</ele><time>2023-09-18T04:13:52Z</time></trkpt>
<trkpt lat="33.0034923" lon="35.2115459"><ele>308.3</ele><time>2023-09-18T04:13:53Z</time></trkpt>
<trkpt lat="33.0034906" lon="35.211561"><ele>308.2</ele><time>2023-09-18T04:13:54Z</time></trkpt>
<trkpt lat="33.0034891" lon="35.2115751"><ele>308.1</ele><time>2023-09-18T04:13:55Z</time></trkpt>
<trkpt lat="33.0034877" lon="35.2115893"><ele>308.0</ele><time>2023-09-18T04:13:56Z</time></trkpt>
<trkpt lat="33.0034864" lon="35.2116041"><ele>307.9</ele><time>2023-09-18T04:13:57Z</time></trkpt>
<trkpt lat="33.0034853" lon="35.2116185"><ele>307.8</ele><time>2023-09-18T04:13:58Z</time></trkpt>
<trkpt lat="33.0034842" lon="35.2116322"><ele>307.7</ele><time>2023-09-18T04:13:59Z</time></trkpt>
<trkpt lat="33.0034833" lon="35.2116446"><ele>307.5</ele><time>2023-09-18T04:14:00Z</time></trkpt>
<trkpt lat="33.0034825" lon="35.211656"><ele>307.4</ele><time>2023-09-18T04:14:01Z</time></trkpt>
<trkpt lat="33.0034815" lon="35.2116674"><ele>307.3</ele><time>2023-09-18T04:14:02Z</time></trkpt>
<trkpt lat="33.0034799" lon="35.2116794"><ele>307.1</ele><time>2023-09-18T04:14:03Z</time></trkpt>
<trkpt lat="33.0034773" lon="35.2116921"><ele>307.0</ele><time>2023-09-18T04:14:04Z</time></trkpt>
<trkpt lat="33.0034728" lon="35.2117057"><ele>306.9</ele><time>2023-09-18T04:14:05Z</time></trkpt>
<trkpt lat="33.0034671" lon="35.2117205"><ele>306.7</ele><time>2023-09-18T04:14:06Z</time></trkpt>
<trkpt lat="33.0034617" lon="35.2117358"><ele>306.6</ele><time>2023-09-18T04:14:07Z</time></trkpt>
<trkpt lat="33.0034573" lon="35.2117512"><ele>306.5</ele><time>2023-09-18T04:14:08Z</time></trkpt>
<trkpt lat="33.0034531" lon="35.2117669"><ele>306.4</ele><time>2023-09-18T04:14:09Z</time></trkpt>
<trkpt lat="33.0034485" lon="35.2117832"><ele>306.3</ele><time>2023-09-18T04:14:10Z</time></trkpt>
<trkpt lat="33.0034436" lon="35.2117996"><ele>306.2</ele><time>2023-09-18T04:14:11Z</time></trkpt>
<trkpt lat="33.0034385" lon="35.2118161"><ele>306.1</ele><time>2023-09-18T04:14:12Z</time></trkpt>
<trkpt lat="33.0034331" lon="35.2118325"><ele>306.0</ele><time>2023-09-18T04:14:13Z</time></trkpt>
<trkpt lat="33.0034272" lon="35.2118483"><ele>305.9</ele><time>2023-09-18T04:14:14Z</time></trkpt>
<trkpt lat="33.003421" lon="35.2118637"><ele>305.9</ele><time>2023-09-18T04:14:15Z</time></trkpt>
<trkpt lat="33.0034145" lon="35.2118786"><ele>305.8</ele><time>2023-09-18T04:14:16Z</time></trkpt>
<trkpt lat="33.0034082" lon="35.2118932"><ele>305.8</ele><time>2023-09-18T04:14:17Z</time></trkpt>
<trkpt lat="33.003402" lon="35.2119082"><ele>305.7</ele><time>2023-09-18T04:14:18Z</time></trkpt>
<trkpt lat="33.0033955" lon="35.211923"><ele>305.7</ele><time>2023-09-18T04:14:19Z</time></trkpt>
<trkpt lat="33.0033899" lon="35.211937"><ele>305.6</ele><time>2023-09-18T04:14:20Z</time></trkpt>
<trkpt lat="33.0033856" lon="35.21195"><ele>305.6</ele><time>2023-09-18T04:14:21Z</time></trkpt>
<trkpt lat="33.0033826" lon="35.2119621"><ele>305.5</ele><time>2023-09-18T04:14:22Z</time></trkpt>
<trkpt lat="33.0033805" lon="35.2119733"><ele>305.4</ele><time>2023-09-18T04:14:23Z</time></trkpt>
<trkpt lat="33.0033785" lon="35.2119839"><ele>305.4</ele><time>2023-09-18T04:14:24Z</time></trkpt>
<trkpt lat="33.0033764" lon="35.2119946"><ele>305.3</ele><time>2023-09-18T04:14:25Z</time></trkpt>
<trkpt lat="33.0033739" lon="35.212005"><ele>305.2</ele><time>2023-09-18T04:14:26Z</time></trkpt>
<trkpt lat="33.0033711" lon="35.2120147"><ele>305.2</ele><time>2023-09-18T04:14:27Z</time></trkpt>
<trkpt lat="33.0033689" lon="35.2120247"><ele>305.1</ele><time>2023-09-18T04:14:28Z</time></trkpt>
<trkpt lat="33.0033672" lon="35.2120353"><ele>305.1</ele><time>2023-09-18T04:14:29Z</time></trkpt>
<trkpt lat="33.003366" lon="35.2120459"><ele>305.0</ele><time>2023-09-18T04:14:30Z</time></trkpt>
<trkpt lat="33.003365" lon="35.2120566"><ele>304.9</ele><time>2023-09-18T04:14:31Z</time></trkpt>
<trkpt lat="33.0033638" lon="35.212068"><ele>304.9</ele><time>2023-09-18T04:14:32Z</time></trkpt>
<trkpt lat="33.0033624" lon="35.2120804"><ele>304.8</ele><time>2023-09-18T04:14:33Z</time></trkpt>
<trkpt lat="33.0033606" lon="35.2120935"><ele>304.7</ele><time>2023-09-18T04:14:34Z</time></trkpt>
<trkpt lat="33.0033586" lon="35.2121069"><ele>304.7</ele><time>2023-09-18T04:14:35Z</time></trkpt>
<trkpt lat="33.0033564" lon="35.2121208"><ele>304.6</ele><time>2023-09-18T04:14:36Z</time></trkpt>
<trkpt lat="33.0033541" lon="35.2121357"><ele>304.5</ele><time>2023-09-18T04:14:37Z</time></trkpt>
<trkpt lat="33.0033516" lon="35.2121515"><ele>304.4</ele><time>2023-09-18T04:14:38Z</time></trkpt>
<trkpt lat="33.0033487" lon="35.2121682"><ele>304.3</ele><time>2023-09-18T04:14:39Z</time></trkpt>
<trkpt lat="33.0033453" lon="35.212186"><ele>304.2</ele><time>2023-09-18T04:14:40Z</time></trkpt>
<trkpt lat="33.0033416" lon="35.2122042"><ele>304.1</ele><time>2023-09-18T04:14:41Z</time></trkpt>
<trkpt lat="33.0033379" lon="35.2122225"><ele>304.0</ele><time>2023-09-18T04:14:42Z</time></trkpt>
<trkpt lat="33.0033341" lon="35.2122406"><ele>303.8</ele><time>2023-09-18T04:14:43Z</time></trkpt>
<trkpt lat="33.0033301" lon="35.2122585"><ele>303.7</ele><time>2023-09-18T04:14:44Z</time></trkpt>
<trkpt lat="33.0033255" lon="35.212276"><ele>303.5</ele><time>2023-09-18T04:14:45Z</time></trkpt>
<trkpt lat="33.0033203" lon="35.2122933"><ele>303.4</ele><time>2023-09-18T04:14:46Z</time></trkpt>
<trkpt lat="33.0033147" lon="35.2123103"><ele>303.2</ele><time>2023-09-18T04:14:47Z</time></trkpt>
<trkpt lat="33.0033089" lon="35.2123272"><ele>303.1</ele><time>2023-09-18T04:14:48Z</time></trkpt>
<trkpt lat="33.0033029" lon="35.212344"><ele>302.9</ele><time>2023-09-18T04:14:49Z</time></trkpt>
<trkpt lat="33.0032974" lon="35.2123609"><ele>302.8</ele><time>2023-09-18T04:14:50Z</time></trkpt>
<trkpt lat="33.0032934" lon="35.2123784"><ele>302.7</ele><time>2023-09-18T04:14:51Z</time></trkpt>
<trkpt lat="33.0032907" lon="35.2123962"><ele>302.5</ele><time>2023-09-18T04:14:52Z</time></trkpt>
<trkpt lat="33.0032879" lon="35.2124141"><ele>302.4</ele><time>2023-09-18T04:14:53Z</time></trkpt>
<trkpt lat="33.0032838" lon="35.2124316"><ele>302.3</ele><time>2023-09-18T04:14:54Z</time></trkpt>
<trkpt lat="33.0032784" lon="35.2124485"><ele>302.2</ele><time>2023-09-18T04:14:55Z</time></trkpt>
<trkpt lat="33.0032725" lon="35.212465"><ele>302.2</ele><time>2023-09-18T04:14:56Z</time></trkpt>
<trkpt lat="33.0032658" lon="35.2124809"><ele>302.1</ele><time>2023-09-18T04:14:57Z</time></trkpt>
<trkpt lat="33.0032592" lon="35.2124969"><ele>302.1</ele><time>2023-09-18T04:14:58Z</time></trkpt>
<trkpt lat="33.0032535" lon="35.2125134"><ele>302.0</ele><time>2023-09-18T04:14:59Z</time></trkpt>
<trkpt lat="33.0032487" lon="35.2125307"><ele>302.0</ele><time>2023-09-18T04:15:00Z</time></trkpt>
<trkpt lat="33.0032441" lon="35.2125481"><ele>302.0</ele><time>2023-09-18T04:15:01Z</time></trkpt>
<trkpt lat="33.0032396" lon="35.2125654"><ele>302.0</ele><time>2023-09-18T04:15:02Z</time></trkpt>
<trkpt lat="33.0032355" lon="35.2125825"><ele>301.9</ele><time>2023-09-18T04:15:03Z</time></trkpt>
<trkpt lat="33.0032316" lon="35.2125993"><ele>301.9</ele><time>2023-09-18T04:15:04Z</time></trkpt>
<trkpt lat="33.0032275" lon="35.2126158"><ele>301.9</ele><time>2023-09-18T04:15:05Z</time></trkpt>
<trkpt lat="33.0032233" lon="35.2126323"><ele>301.9</ele><time>2023-09-18T04:15:06Z</time></trkpt>
<trkpt lat="33.0032196" lon="35.2126489"><ele>301.9</ele><time>2023-09-18T04:15:07Z</time></trkpt>
<trkpt lat="33.0032162" lon="35.2126659"><ele>301.9</ele><time>2023-09-18T04:15:08Z</time></trkpt>
<trkpt lat="33.0032133" lon="35.2126835"><ele>301.9</ele><time>2023-09-18T04:15:09Z</time></trkpt>
<trkpt lat="33.0032113" lon="35.2127013"><ele>301.9</ele><time>2023-09-18T04:15:10Z</time></trkpt>
<trkpt lat="33.0032094" lon="35.2127189"><ele>301.8</ele><time>2023-09-18T04:15:11Z</time></trkpt>
<trkpt lat="33.0032074" lon="35.2127364"><ele>301.8</ele><time>2023-09-18T04:15:12Z</time></trkpt>
<trkpt lat="33.0032058" lon="35.2127541"><ele>301.8</ele><time>2023-09-18T04:15:13Z</time></trkpt>
<trkpt lat="33.0032043" lon="35.2127722"><ele>301.7</ele><time>2023-09-18T04:15:14Z</time></trkpt>
<trkpt lat="33.0032027" lon="35.2127903"><ele>301.7</ele><time>2023-09-18T04:15:15Z</time></trkpt>
<trkpt lat="33.0032015" lon="35.2128085"><ele>301.6</ele><time>2023-09-18T04:15:16Z</time></trkpt>
<trkpt lat="33.0032013" lon="35.2128269"><ele>301.6</ele><time>2023-09-18T04:15:17Z</time></trkpt>
<trkpt lat="33.0032022" lon="35.2128459"><ele>301.6</ele><time>2023-09-18T04:15:18Z</time></trkpt>
<trkpt lat="33.0032031" lon="35.2128649"><ele>301.5</ele><time>2023-09-18T04:15:19Z</time></trkpt>
<trkpt lat="33.0032037" lon="35.2128839"><ele>301.5</ele><time>2023-09-18T04:15:20Z</time></trkpt>
<trkpt lat="33.0032043" lon="35.2129025"><ele>301.5</ele><time>2023-09-18T04:15:21Z</time></trkpt>
<trkpt lat="33.0032042" lon="35.2129207"><ele>301.5</ele><time>2023-09-18T04:15:22Z</time></trkpt>
<trkpt lat="33.0032024" lon="35.2129385"><ele>301.4</ele><time>2023-09-18T04:15:23Z</time></trkpt>
<trkpt lat="33.0031999" lon="35.2129562"><ele>301.4</ele><time>2023-09-18T04:15:24Z</time></trkpt>
<trkpt lat="33.0031979" lon="35.2129739"><ele>301.4</ele><time>2023-09-18T04:15:25Z</time></trkpt>
<trkpt lat="33.0031967" lon="35.2129915"><ele>301.3</ele><time>2023-09-18T04:15:26Z</time></trkpt>
<trkpt lat="33.0031965" lon="35.2130092"><ele>301.3</ele><time>2023-09-18T04:15:27Z</time></trkpt>
<trkpt lat="33.0031969" lon="35.213027"><ele>301.3</ele><time>2023-09-18T04:15:28Z</time></trkpt>
<trkpt lat="33.003197" lon="35.2130448"><ele>301.2</ele><time>2023-09-18T04:15:29Z</time></trkpt>
<trkpt lat="33.0031962" lon="35.2130623"><ele>301.2</ele><time>2023-09-18T04:15:30Z</time></trkpt>
<trkpt lat="33.0031948" lon="35.2130797"><ele>301.1</ele><time>2023-09-18T04:15:31Z</time></trkpt>
<trkpt lat="33.0031928" lon="35.213097"><ele>301.1</ele><time>2023-09-18T04:15:32Z</time></trkpt>
<trkpt lat="33.0031904" lon="35.2131144"><ele>301.1</ele><time>2023-09-18T04:15:33Z</time></trkpt>
<trkpt lat="33.0031879" lon="35.2131315"><ele>301.0</ele><time>2023-09-18T04:15:34Z</time></trkpt>
<trkpt lat="33.0031855" lon="35.2131483"><ele>301.0</ele><time>2023-09-18T04:15:35Z</time></trkpt>
<trkpt lat="33.0031829" lon="35.2131647"><ele>301.0</ele><time>2023-09-18T04:15:36Z</time></trkpt>
<trkpt lat="33.0031799" lon="35.2131807"><ele>301.0</ele><time>2023-09-18T04:15:37Z</time></trkpt>
<trkpt lat="33.0031767" lon="35.2131966"><ele>301.0</ele><time>2023-09-18T04:15:38Z</time></trkpt>
<trkpt lat="33.0031737" lon="35.2132128"><ele>301.0</ele><time>2023-09-18T04:15:39Z</time></trkpt>
<trkpt lat="33.0031712" lon="35.2132293"><ele>301.0</ele><time>2023-09-18T04:15:40Z</time></trkpt>
<trkpt lat="33.0031677" lon="35.2132456"><ele>301.0</ele><time>2023-09-18T04:15:41Z</time></trkpt>
<trkpt lat="33.0031634" lon="35.2132617"><ele>301.0</ele><time>2023-09-18T04:15:42Z</time></trkpt>
<trkpt lat="33.0031587" lon="35.2132777"><ele>301.1</ele><time>2023-09-18T04:15:43Z</time></trkpt>
<trkpt lat="33.0031534" lon="35.2132933"><ele>301.1</ele><time>2023-09-18T04:15:44Z</time></trkpt>
<trkpt lat="33.003148" lon="35.2133089"><ele>301.2</ele><time>2023-09-18T04:15:45Z</time></trkpt>
<trkpt lat="33.0031431" lon="35.2133243"><ele>301.2</ele><time>2023-09-18T04:15:46Z</time></trkpt>
<trkpt lat="33.0031386" lon="35.2133398"><ele>301.3</ele><time>2023-09-18T04:15:47Z</time></trkpt>
<trkpt lat="33.0031345" lon="35.2133556"><ele>301.4</ele><time>2023-09-18T04:15:48Z</time></trkpt>
<trkpt lat="33.003131" lon="35.2133718"><ele>301.5</ele><time>2023-09-18T04:15:49Z</time></trkpt>
<trkpt lat="33.0031277" lon="35.2133885"><ele>301.5</ele><time>2023-09-18T04:15:50Z</time></trkpt>
<trkpt lat="33.0031245" lon="35.2134054"><ele>301.6</ele><time>2023-09-18T04:15:51Z</time></trkpt>
<trkpt lat="33.0031205" lon="35.2134222"><ele>301.7</ele><time>2023-09-18T04:15:52Z</time></trkpt>
<trkpt lat="33.0031161" lon="35.2134386"><ele>301.7</ele><time>2023-09-18T04:15:53Z</time></trkpt>
<trkpt lat="33.003112" lon="35.2134548"><ele>301.8</ele><time>2023-09-18T04:15:54Z</time></trkpt>
<trkpt lat="33.0031084" lon="35.213471"><ele>301.9</ele><time>2023-09-18T04:15:55Z</time></trkpt>
<trkpt lat="33.0031046" lon="35.2134865"><ele>302.0</ele><time>2023-09-18T04:15:56Z</time></trkpt>
<trkpt lat="33.0031003" lon="35.2135013"><ele>302.1</ele><time>2023-09-18T04:15:57Z</time></trkpt>
<trkpt lat="33.0030964" lon="35.2135146"><ele>302.2</ele><time>2023-09-18T04:15:58Z</time></trkpt>
<trkpt lat="33.0030937" lon="35.2135262"><ele>302.2</ele><time>2023-09-18T04:15:59Z</time></trkpt>
<trkpt lat="33.0030921" lon="35.2135373"><ele>302.3</ele><time>2023-09-18T04:16:00Z</time></trkpt>
<trkpt lat="33.0030909" lon="35.2135485"><ele>302.4</ele><time>2023-09-18T04:16:01Z</time></trkpt>
<trkpt lat="33.0030899" lon="35.21356"><ele>302.5</ele><time>2023-09-18T04:16:02Z</time></trkpt>
<trkpt lat="33.0030892" lon="35.2135721"><ele>302.6</ele><time>2023-09-18T04:16:03Z</time></trkpt>
<trkpt lat="33.0030886" lon="35.2135849"><ele>302.7</ele><time>2023-09-18T04:16:04Z</time></trkpt>
<trkpt lat="33.0030879" lon="35.2135985"><ele>302.9</ele><time>2023-09-18T04:16:05Z</time></trkpt>
<trkpt lat="33.0030873" lon="35.2136125"><ele>303.0</ele><time>2023-09-18T04:16:06Z</time></trkpt>
<trkpt lat="33.0030865" lon="35.2136269"><ele>303.1</ele><time>2023-09-18T04:16:07Z</time></trkpt>
<trkpt lat="33.0030856" lon="35.2136419"><ele>303.3</ele><time>2023-09-18T04:16:08Z</time></trkpt>
<trkpt lat="33.0030847" lon="35.2136575"><ele>303.4</ele><time>2023-09-18T04:16:09Z</time></trkpt>
<trkpt lat="33.0030842" lon="35.2136734"><ele>303.6</ele><time>2023-09-18T04:16:10Z</time></trkpt>
<trkpt lat="33.0030843" lon="35.2136895"><ele>303.7</ele><time>2023-09-18T04:16:11Z</time></trkpt>
<trkpt lat="33.0030846" lon="35.2137051"><ele>303.9</ele><time>2023-09-18T04:16:12Z</time></trkpt>
<trkpt lat="33.0030855" lon="35.21372"><ele>304.0</ele><time>2023-09-18T04:16:13Z</time></trkpt>
<trkpt lat="33.0030872" lon="35.2137348"><ele>304.2</ele><time>2023-09-18T04:16:14Z</time></trkpt>
<trkpt lat="33.0030899" lon="35.213749"><ele>304.4</ele><time>2023-09-18T04:16:15Z</time></trkpt>
<trkpt lat="33.0030932" lon="35.2137625"><ele>304.5</ele><time>2023-09-18T04:16:16Z</time></trkpt>
<trkpt lat="33.0030965" lon="35.2137751"><ele>304.7</ele><time>2023-09-18T04:16:17Z</time></trkpt>
<trkpt lat="33.0030992" lon="35.2137862"><ele>304.8</ele><time>2023-09-18T04:16:18Z</time></trkpt>
<trkpt lat="33.0031014" lon="35.213796"><ele>305.0</ele><time>2023-09-18T04:16:19Z</time></trkpt>
<trkpt lat="33.0031035" lon="35.2138056"><ele>305.2</ele><time>2023-09-18T04:16:20Z</time></trkpt>
<trkpt lat="33.0031058" lon="35.2138157"><ele>305.3</ele><time>2023-09-18T04:16:21Z</time></trkpt>
<trkpt lat="33.0031087" lon="35.2138265"><ele>305.5</ele><time>2023-09-18T04:16:22Z</time></trkpt>
<trkpt lat="33.0031121" lon="35.2138379"><ele>305.7</ele><time>2023-09-18T04:16:23Z</time></trkpt>
<trkpt lat="33.0031158" lon="35.2138495"><ele>305.9</ele><time>2023-09-18T04:16:24Z</time></trkpt>
<trkpt lat="33.0031195" lon="35.2138611"><ele>306.0</ele><time>2023-09-18T04:16:25Z</time></trkpt>
<trkpt lat="33.0031227" lon="35.2138725"><ele>306.2</ele><time>2023-09-18T04:16:26Z</time></trkpt>
<trkpt lat="33.0031253" lon="35.2138835"><ele>306.4</ele><time>2023-09-18T04:16:27Z</time></trkpt>
<trkpt lat="33.0031274" lon="35.2138943"><ele>306.6</ele><time>2023-09-18T04:16:28Z</time></trkpt>
<trkpt lat="33.003129" lon="35.2139049"><ele>306.7</ele><time>2023-09-18T04:16:29Z</time></trkpt>
<trkpt lat="33.0031305" lon="35.2139156"><ele>306.9</ele><time>2023-09-18T04:16:30Z</time></trkpt>
<trkpt lat="33.003132" lon="35.2139268"><ele>307.1</ele><time>2023-09-18T04:16:31Z</time></trkpt>
<trkpt lat="33.0031342" lon="35.2139386"><ele>307.3</ele><time>2023-09-18T04:16:32Z</time></trkpt>
<trkpt lat="33.0031372" lon="35.2139513"><ele>307.4</ele><time>2023-09-18T04:16:33Z</time></trkpt>
<trkpt lat="33.0031401" lon="35.213964"><ele>307.6</ele><time>2023-09-18T04:16:34Z</time></trkpt>
<trkpt lat="33.0031427" lon="35.2139763"><ele>307.8</ele><time>2023-09-18T04:16:35Z</time></trkpt>
<trkpt lat="33.003145" lon="35.2139885"><ele>307.9</ele><time>2023-09-18T04:16:36Z</time></trkpt>
<trkpt lat="33.0031471" lon="35.2140007"><ele>308.1</ele><time>2023-09-18T04:16:37Z</time></trkpt>
<trkpt lat="33.0031489" lon="35.2140124"><ele>308.2</ele><time>2023-09-18T04:16:38Z</time></trkpt>
<trkpt lat="33.0031504" lon="35.2140239"><ele>308.3</ele><time>2023-09-18T04:16:39Z</time></trkpt>
<trkpt lat="33.0031512" lon="35.2140355"><ele>308.5</ele><time>2023-09-18T04:16:40Z</time></trkpt>
<trkpt lat="33.0031513" lon="35.2140473"><ele>308.6</ele><time>2023-09-18T04:16:41Z</time></trkpt>
<trkpt lat="33.0031506" lon="35.2140594"><ele>308.7</ele><time>2023-09-18T04:16:42Z</time></trkpt>
<trkpt lat="33.0031495" lon="35.214072"><ele>308.8</ele><time>2023-09-18T04:16:43Z</time></trkpt>
<trkpt lat="33.0031482" lon="35.2140856"><ele>308.9</ele><time>2023-09-18T04:16:44Z</time></trkpt>
<trkpt lat="33.0031468" lon="35.2141007"><ele>309.0</ele><time>2023-09-18T04:16:45Z</time></trkpt>
<trkpt lat="33.0031452" lon="35.2141174"><ele>309.1</ele><time>2023-09-18T04:16:46Z</time></trkpt>
<trkpt lat="33.0031433" lon="35.2141354"><ele>309.2</ele><time>2023-09-18T04:16:47Z</time></trkpt>
<trkpt lat="33.0031413" lon="35.2141543"><ele>309.3</ele><time>2023-09-18T04:16:48Z</time></trkpt>
<trkpt lat="33.0031389" lon="35.2141732"><ele>309.4</ele><time>2023-09-18T04:16:49Z</time></trkpt>
<trkpt lat="33.003135" lon="35.2141917"><ele>309.5</ele><time>2023-09-18T04:16:50Z</time></trkpt>
<trkpt lat="33.0031294" lon="35.2142096"><ele>309.6</ele><time>2023-09-18T04:16:51Z</time></trkpt>
<trkpt lat="33.0031233" lon="35.2142271"><ele>309.7</ele><time>2023-09-18T04:16:52Z</time></trkpt>
<trkpt lat="33.0031168" lon="35.2142441"><ele>309.7</ele><time>2023-09-18T04:16:53Z</time></trkpt>
<trkpt lat="33.0031102" lon="35.214261"><ele>309.8</ele><time>2023-09-18T04:16:54Z</time></trkpt>
<trkpt lat="33.0031041" lon="35.214278"><ele>310.0</ele><time>2023-09-18T04:16:55Z</time></trkpt>
<trkpt lat="33.0030985" lon="35.2142953"><ele>310.1</ele><time>2023-09-18T04:16:56Z</time></trkpt>
<trkpt lat="33.0030934" lon="35.2143128"><ele>310.2</ele><time>2023-09-18T04:16:57Z</time></trkpt>
<trkpt lat="33.0030884" lon="35.2143304"><ele>310.4</ele><time>2023-09-18T04:16:58Z</time></trkpt>
<trkpt lat="33.0030842" lon="35.2143485"><ele>310.6</ele><time>2023-09-18T04:16:59Z</time></trkpt>
<trkpt lat="33.0030818" lon="35.2143671"><ele>310.7</ele><time>2023-09-18T04:17:00Z</time></trkpt>
<trkpt lat="33.0030817" lon="35.2143861"><ele>310.9</ele><time>2023-09-18T04:17:01Z</time></trkpt>
<trkpt lat="33.0030826" lon="35.2144052"><ele>311.1</ele><time>2023-09-18T04:17:02Z</time></trkpt>
<trkpt lat="33.0030825" lon="35.214424"><ele>311.3</ele><time>2023-09-18T04:17:03Z</time></trkpt>
<trkpt lat="33.0030814" lon="35.2144422"><ele>311.6</ele><time>2023-09-18T04:17:04Z</time></trkpt>
<trkpt lat="33.0030804" lon="35.2144602"><ele>311.8</ele><time>2023-09-18T04:17:05Z</time></trkpt>
<trkpt lat="33.0030796" lon="35.214478"><ele>312.0</ele><time>2023-09-18T04:17:06Z</time></trkpt>
<trkpt lat="33.0030792" lon="35.214496"><ele>312.3</ele><time>2023-09-18T04:17:07Z</time></trkpt>
<trkpt lat="33.0030792" lon="35.2145139"><ele>312.5</ele><time>2023-09-18T04:17:08Z</time></trkpt>
<trkpt lat="33.0030799" lon="35.214532"><ele>312.8</ele><time>2023-09-18T04:17:09Z</time></trkpt>
<trkpt lat="33.0030813" lon="35.2145506"><ele>313.0</ele><time>2023-09-18T04:17:10Z</time></trkpt>
<trkpt lat="33.0030836" lon="35.214569"><ele>313.3</ele><time>2023-09-18T04:17:11Z</time></trkpt>
<trkpt lat="33.0030868" lon="35.2145866"><ele>313.6</ele><time>2023-09-18T04:17:12Z</time></trkpt>
<trkpt lat="33.0030901" lon="35.2146038"><ele>313.8</ele><time>2023-09-18T04:17:13Z</time></trkpt>
<trkpt lat="33.0030929" lon="35.2146212"><ele>314.1</ele><time>2023-09-18T04:17:14Z</time></trkpt>
<trkpt lat="33.0030953" lon="35.2146388"><ele>314.3</ele><time>2023-09-18T04:17:15Z</time></trkpt>
<trkpt lat="33.0030977" lon="35.2146565"><ele>314.6</ele><time>2023-09-18T04:17:16Z</time></trkpt>
<trkpt lat="33.0031005" lon="35.2146737"><ele>314.9</ele><time>2023-09-18T04:17:17Z</time></trkpt>
<trkpt lat="33.0031039" lon="35.2146899"><ele>315.1</ele><time>2023-09-18T04:17:18Z</time></trkpt>
<trkpt lat="33.0031081" lon="35.2147045"><ele>315.4</ele><time>2023-09-18T04:17:19Z</time></trkpt>
<trkpt lat="33.0031133" lon="35.2147169"><ele>315.7</ele><time>2023-09-18T04:17:20Z</time></trkpt>
<trkpt lat="33.0031189" lon="35.214727"><ele>316.0</ele><time>2023-09-18T04:17:21Z</time></trkpt>
<trkpt lat="33.0031243" lon="35.2147357"><ele>316.2</ele><time>2023-09-18T04:17:22Z</time></trkpt>
<trkpt lat="33.0031293" lon="35.2147431"><ele>316.5</ele><time>2023-09-18T04:17:23Z</time></trkpt>
<trkpt lat="33.0031342" lon="35.2147489"><ele>316.7</ele><time>2023-09-18T04:17:24Z</time></trkpt>
<trkpt lat="33.0031388" lon="35.2147535"><ele>316.9</ele><time>2023-09-18T04:17:25Z</time></trkpt>
<trkpt lat="33.0031429" lon="35.2147579"><ele>317.1</ele><time>2023-09-18T04:17:26Z</time></trkpt>
<trkpt lat="33.003147" lon="35.214762"><ele>317.3</ele><time>2023-09-18T04:17:27Z</time></trkpt>
<trkpt lat="33.0031516" lon="35.214766"><ele>317.5</ele><time>2023-09-18T04:17:28Z</time></trkpt>
<trkpt lat="33.0031567" lon="35.2147703"><ele>317.6</ele><time>2023-09-18T04:17:29Z</time></trkpt>
<trkpt lat="33.003162" lon="35.2147752"><ele>317.8</ele><time>2023-09-18T04:17:30Z</time></trkpt>
<trkpt lat="33.0031676" lon="35.2147805"><ele>317.9</ele><time>2023-09-18T04:17:31Z</time></trkpt>
<trkpt lat="33.0031731" lon="35.214786"><ele>318.1</ele><time>2023-09-18T04:17:32Z</time></trkpt>
<trkpt lat="33.0031781" lon="35.2147918"><ele>318.2</ele><time>2023-09-18T04:17:33Z</time></trkpt>
<trkpt lat="33.0031825" lon="35.2147983"><ele>318.3</ele><time>2023-09-18T04:17:34Z</time></trkpt>
<trkpt lat="33.0031868" lon="35.2148067"><ele>318.5</ele><time>2023-09-18T04:17:35Z</time></trkpt>
<trkpt lat="33.0031912" lon="35.2148172"><ele>318.6</ele><time>2023-09-18T04:17:36Z</time></trkpt>
<trkpt lat="33.0031958" lon="35.2148297"><ele>318.8</ele><time>2023-09-18T04:17:37Z</time></trkpt>
<trkpt lat="33.0032004" lon="35.2148427"><ele>318.9</ele><time>2023-09-18T04:17:38Z</time></trkpt>
<trkpt lat="33.0032042" lon="35.2148549"><ele>319.1</ele><time>2023-09-18T04:17:39Z</time></trkpt>
<trkpt lat="33.0032074" lon="35.2148659"><ele>319.2</ele><time>2023-09-18T04:17:40Z</time></trkpt>
<trkpt lat="33.0032103" lon="35.2148764"><ele>319.4</ele><time>2023-09-18T04:17:41Z</time></trkpt>
<trkpt lat="33.0032136" lon="35.2148873"><ele>319.5</ele><time>2023-09-18T04:17:42Z</time></trkpt>
<trkpt lat="33.0032175" lon="35.2148988"><ele>319.7</ele><time>2023-09-18T04:17:43Z</time></trkpt>
<trkpt lat="33.0032217" lon="35.2149105"><ele>319.8</ele><time>2023-09-18T04:17:44Z</time></trkpt>
<trkpt lat="33.0032262" lon="35.2149224"><ele>320.0</ele><time>2023-09-18T04:17:45Z</time></trkpt>
<trkpt lat="33.0032309" lon="35.2149341"><ele>320.2</ele><time>2023-09-18T04:17:46Z</time></trkpt>
<trkpt lat="33.0032357" lon="35.2149454"><ele>320.3</ele><time>2023-09-18T04:17:47Z</time></trkpt>
<trkpt lat="33.0032402" lon="35.2149564"><ele>320.5</ele><time>2023-09-18T04:17:48Z</time></trkpt>
<trkpt lat="33.0032446" lon="35.2149673"><ele>320.7</ele><time>2023-09-18T04:17:49Z</time></trkpt>
<trkpt lat="33.003249" lon="35.2149787"><ele>320.8</ele><time>2023-09-18T04:17:50Z</time></trkpt>
<trkpt lat="33.0032535" lon="35.2149906"><ele>321.0</ele><time>2023-09-18T04:17:51Z</time></trkpt>
<trkpt lat="33.0032577" lon="35.2150025"><ele>321.1</ele><time>2023-09-18T04:17:52Z</time></trkpt>
<trkpt lat="33.0032613" lon="35.215014"><ele>321.3</ele><time>2023-09-18T04:17:53Z</time></trkpt>
<trkpt lat="33.0032643" lon="35.2150248"><ele>321.4</ele><time>2023-09-18T04:17:54Z</time></trkpt>
<trkpt lat="33.0032669" lon="35.2150354"><ele>321.5</ele><time>2023-09-18T04:17:55Z</time></trkpt>
<trkpt lat="33.0032697" lon="35.2150458"><ele>321.7</ele><time>2023-09-18T04:17:56Z</time></trkpt>
<trkpt lat="33.0032727" lon="35.2150567"><ele>321.8</ele><time>2023-09-18T04:17:57Z</time></trkpt>
<trkpt lat="33.0032758" lon="35.2150686"><ele>321.9</ele><time>2023-09-18T04:17:58Z</time></trkpt>
<trkpt lat="33.0032786" lon="35.2150809"><ele>322.0</ele><time>2023-09-18T04:17:59Z</time></trkpt>
<trkpt lat="33.0032809" lon="35.215093"><ele>322.1</ele><time>2023-09-18T04:18:00Z</time></trkpt>
<trkpt lat="33.0032825" lon="35.2151046"><ele>322.2</ele><time>2023-09-18T04:18:01Z</time></trkpt>
<trkpt lat="33.0032836" lon="35.2151156"><ele>322.4</ele><time>2023-09-18T04:18:02Z</time></trkpt>
<trkpt lat="33.0032844" lon="35.2151258"><ele>322.5</ele><time>2023-09-18T04:18:03Z</time></trkpt>
<trkpt lat="33.0032851" lon="35.215136"><ele>322.6</ele><time>2023-09-18T04:18:04Z</time></trkpt>
<trkpt lat="33.0032861" lon="35.2151474"><ele>322.7</ele><time>2023-09-18T04:18:05Z</time></trkpt>
<trkpt lat="33.0032874" lon="35.2151599"><ele>322.8</ele><time>2023-09-18T04:18:06Z</time></trkpt>
<trkpt lat="33.0032889" lon="35.2151723"><ele>322.9</ele><time>2023-09-18T04:18:07Z</time></trkpt>
<trkpt lat="33.0032906" lon="35.2151844"><ele>323.0</ele><time>2023-09-18T04:18:08Z</time></trkpt>
<trkpt lat="33.0032923" lon="35.2151964"><ele>323.1</ele><time>2023-09-18T04:18:09Z</time></trkpt>
<trkpt lat="33.0032934" lon="35.2152085"><ele>323.3</ele><time>2023-09-18T04:18:10Z</time></trkpt>
<trkpt lat="33.0032937" lon="35.2152212"><ele>323.4</ele><time>2023-09-18T04:18:11Z</time></trkpt>
<trkpt lat="33.0032938" lon="35.2152349"><ele>323.6</ele><time>2023-09-18T04:18:12Z</time></trkpt>
<trkpt lat="33.0032945" lon="35.2152495"><ele>323.7</ele><time>2023-09-18T04:18:13Z</time></trkpt>
<trkpt lat="33.0032959" lon="35.2152648"><ele>323.9</ele><time>2023-09-18T04:18:14Z</time></trkpt>
<trkpt lat="33.0032979" lon="35.2152815"><ele>324.1</ele><time>2023-09-18T04:18:15Z</time></trkpt>
<trkpt lat="33.0033006" lon="35.2152994"><ele>324.3</ele><time>2023-09-18T04:18:16Z</time></trkpt>
<trkpt lat="33.0033036" lon="35.2153179"><ele>324.5</ele><time>2023-09-18T04:18:17Z</time></trkpt>
<trkpt lat="33.0033071" lon="35.2153362"><ele>324.6</ele><time>2023-09-18T04:18:18Z</time></trkpt>
<trkpt lat="33.0033107" lon="35.2153531"><ele>324.8</ele><time>2023-09-18T04:18:19Z</time></trkpt>
<trkpt lat="33.0033142" lon="35.2153681"><ele>325.0</ele><time>2023-09-18T04:18:20Z</time></trkpt>
<trkpt lat="33.0033174" lon="35.2153814"><ele>325.2</ele><time>2023-09-18T04:18:21Z</time></trkpt>
<trkpt lat="33.0033207" lon="35.2153939"><ele>325.4</ele><time>2023-09-18T04:18:22Z</time></trkpt>
<trkpt lat="33.0033242" lon="35.2154058"><ele>325.6</ele><time>2023-09-18T04:18:23Z</time></trkpt>
<trkpt lat="33.0033279" lon="35.2154169"><ele>325.8</ele><time>2023-09-18T04:18:24Z</time></trkpt>
<trkpt lat="33.0033314" lon="35.2154271"><ele>326.0</ele><time>2023-09-18T04:18:25Z</time></trkpt>
<trkpt lat="33.0033351" lon="35.215437"><ele>326.2</ele><time>2023-09-18T04:18:26Z</time></trkpt>
<trkpt lat="33.0033389" lon="35.2154469"><ele>326.3</ele><time>2023-09-18T04:18:27Z</time></trkpt>
<trkpt lat="33.0033428" lon="35.2154568"><ele>326.5</ele><time>2023-09-18T04:18:28Z</time></trkpt>
<trkpt lat="33.0033469" lon="35.2154673"><ele>326.6</ele><time>2023-09-18T04:18:29Z</time></trkpt>
<trkpt lat="33.0033511" lon="35.2154783"><ele>326.8</ele><time>2023-09-18T04:18:30Z</time></trkpt>
<trkpt lat="33.003355" lon="35.2154895"><ele>326.9</ele><time>2023-09-18T04:18:31Z</time></trkpt>
<trkpt lat="33.0033584" lon="35.2155005"><ele>327.0</ele><time>2023-09-18T04:18:32Z</time></trkpt>
<trkpt lat="33.0033612" lon="35.2155114"><ele>327.1</ele><time>2023-09-18T04:18:33Z</time></trkpt>
<trkpt lat="33.0033637" lon="35.2155224"><ele>327.2</ele><time>2023-09-18T04:18:34Z</time></trkpt>
<trkpt lat="33.0033659" lon="35.2155338"><ele>327.3</ele><time>2023-09-18T04:18:35Z</time></trkpt>
<trkpt lat="33.0033682" lon="35.2155455"><ele>327.4</ele><time>2023-09-18T04:18:36Z</time></trkpt>
<trkpt lat="33.0033706" lon="35.2155575"><ele>327.4</ele><time>2023-09-18T04:18:37Z</time></trkpt>
<trkpt lat="33.0033729" lon="35.2155693"><ele>327.4</ele><time>2023-09-18T04:18:38Z</time></trkpt>
<trkpt lat="33.003375" lon="35.2155807"><ele>327.5</ele><time>2023-09-18T04:18:39Z</time></trkpt>
<trkpt lat="33.0033769" lon="35.215592"><ele>327.5</ele><time>2023-09-18T04:18:40Z</time></trkpt>
<trkpt lat="33.0033788" lon="35.2156034"><ele>327.4</ele><time>2023-09-18T04:18:41Z</time></trkpt>
<trkpt lat="33.0033807" lon="35.2156156"><ele>327.4</ele><time>2023-09-18T04:18:42Z</time></trkpt>
<trkpt lat="33.0033826" lon="35.2156287"><ele>327.3</ele><time>2023-09-18T04:18:43Z</time></trkpt>
<trkpt lat="33.0033844" lon="35.2156431"><ele>327.3</ele><time>2023-09-18T04:18:44Z</time></trkpt>
<trkpt lat="33.0033856" lon="35.2156578"><ele>327.2</ele><time>2023-09-18T04:18:45Z</time></trkpt>
<trkpt lat="33.0033862" lon="35.2156718"><ele>327.2</ele><time>2023-09-18T04:18:46Z</time></trkpt>
<trkpt lat="33.0033861" lon="35.2156845"><ele>327.1</ele><time>2023-09-18T04:18:47Z</time></trkpt>
<trkpt lat="33.0033855" lon="35.2156966"><ele>327.0</ele><time>2023-09-18T04:18:48Z</time></trkpt>
<trkpt lat="33.0033847" lon="35.2157086"><ele>326.9</ele><time>2023-09-18T04:18:49Z</time></trkpt>
<trkpt lat="33.0033841" lon="35.2157208"><ele>326.7</ele><time>2023-09-18T04:18:50Z</time></trkpt>
<trkpt lat="33.0033835" lon="35.2157337"><ele>326.6</ele><time>2023-09-18T04:18:51Z</time></trkpt>
<trkpt lat="33.0033829" lon="35.2157474"><ele>326.5</ele><time>2023-09-18T04:18:52Z</time></trkpt>
<trkpt lat="33.0033821" lon="35.2157619"><ele>326.4</ele><time>2023-09-18T04:18:53Z</time></trkpt>
<trkpt lat="33.0033811" lon="35.2157771"><ele>326.3</ele><time>2023-09-18T04:18:54Z</time></trkpt>
<trkpt lat="33.0033802" lon="35.2157924"><ele>326.2</ele><time>2023-09-18T04:18:55Z</time></trkpt>
<trkpt lat="33.0033798" lon="35.2158076"><ele>326.1</ele><time>2023-09-18T04:18:56Z</time></trkpt>
<trkpt lat="33.0033803" lon="35.2158229"><ele>326.0</ele><time>2023-09-18T04:18:57Z</time></trkpt>
<trkpt lat="33.0033815" lon="35.2158382"><ele>325.9</ele><time>2023-09-18T04:18:58Z</time></trkpt>
<trkpt lat="33.0033831" lon="35.2158536"><ele>325.9</ele><time>2023-09-18T04:18:59Z</time></trkpt>
<trkpt lat="33.0033848" lon="35.2158689"><ele>325.8</ele><time>2023-09-18T04:19:00Z</time></trkpt>
<trkpt lat="33.0033864" lon="35.2158834"><ele>325.8</ele><time>2023-09-18T04:19:01Z</time></trkpt>
<trkpt lat="33.003388" lon="35.2158965"><ele>325.8</ele><time>2023-09-18T04:19:02Z</time></trkpt>
<trkpt lat="33.0033895" lon="35.2159085"><ele>325.9</ele><time>2023-09-18T04:19:03Z</time></trkpt>
<trkpt lat="33.0033907" lon="35.2159202"><ele>325.9</ele><time>2023-09-18T04:19:04Z</time></trkpt>
<trkpt lat="33.0033915" lon="35.2159327"><ele>326.0</ele><time>2023-09-18T04:19:05Z</time></trkpt>
<trkpt lat="33.0033924" lon="35.2159463"><ele>326.1</ele><time>2023-09-18T04:19:06Z</time></trkpt>
<trkpt lat="33.0033939" lon="35.2159609"><ele>326.2</ele><time>2023-09-18T04:19:07Z</time></trkpt>
<trkpt lat="33.0033954" lon="35.2159754"><ele>326.3</ele><time>2023-09-18T04:19:08Z</time></trkpt>
<trkpt lat="33.003397" lon="35.2159892"><ele>326.5</ele><time>2023-09-18T04:19:09Z</time></trkpt>
<trkpt lat="33.0033986" lon="35.2160027"><ele>326.7</ele><time>2023-09-18T04:19:10Z</time></trkpt>
<trkpt lat="33.0034001" lon="35.2160164"><ele>326.8</ele><time>2023-09-18T04:19:11Z</time></trkpt>
<trkpt lat="33.0034014" lon="35.2160302"><ele>327.0</ele><time>2023-09-18T04:19:12Z</time></trkpt>
<trkpt lat="33.0034026" lon="35.2160439"><ele>327.1</ele><time>2023-09-18T04:19:13Z</time></trkpt>
<trkpt lat="33.0034038" lon="35.2160568"><ele>327.3</ele><time>2023-09-18T04:19:14Z</time></trkpt>
<trkpt lat="33.0034049" lon="35.2160678"><ele>327.5</ele><time>2023-09-18T04:19:15Z</time></trkpt>
<trkpt lat="33.0034062" lon="35.2160773"><ele>327.7</ele><time>2023-09-18T04:19:16Z</time></trkpt>
<trkpt lat="33.0034075" lon="35.2160865"><ele>327.9</ele><time>2023-09-18T04:19:17Z</time></trkpt>
<trkpt lat="33.003409" lon="35.2160959"><ele>328.1</ele><time>2023-09-18T04:19:18Z</time></trkpt>
<trkpt lat="33.0034105" lon="35.2161055"><ele>328.3</ele><time>2023-09-18T04:19:19Z</time></trkpt>
<trkpt lat="33.0034119" lon="35.2161152"><ele>328.5</ele><time>2023-09-18T04:19:20Z</time></trkpt>
<trkpt lat="33.0034136" lon="35.2161255"><ele>328.7</ele><time>2023-09-18T04:19:21Z</time></trkpt>
<trkpt lat="33.0034152" lon="35.2161368"><ele>328.8</ele><time>2023-09-18T04:19:22Z</time></trkpt>
<trkpt lat="33.0034168" lon="35.2161496"><ele>329.0</ele><time>2023-09-18T04:19:23Z</time></trkpt>
<trkpt lat="33.0034182" lon="35.2161632"><ele>329.2</ele><time>2023-09-18T04:19:24Z</time></trkpt>
<trkpt lat="33.0034193" lon="35.2161767"><ele>329.3</ele><time>2023-09-18T04:19:25Z</time></trkpt>
<trkpt lat="33.0034201" lon="35.2161896"><ele>329.5</ele><time>2023-09-18T04:19:26Z</time></trkpt>
<trkpt lat="33.0034206" lon="35.2162017"><ele>329.6</ele><time>2023-09-18T04:19:27Z</time></trkpt>
<trkpt lat="33.0034211" lon="35.2162131"><ele>329.7</ele><time>2023-09-18T04:19:28Z</time></trkpt>
<trkpt lat="33.0034219" lon="35.2162245"><ele>329.8</ele><time>2023-09-18T04:19:29Z</time></trkpt>
<trkpt lat="33.003423" lon="35.216236"><ele>329.9</ele><time>2023-09-18T04:19:30Z</time></trkpt>
<trkpt lat="33.003424" lon="35.2162476"><ele>330.0</ele><time>2023-09-18T04:19:31Z</time></trkpt>
<trkpt lat="33.0034247" lon="35.2162591"><ele>330.1</ele><time>2023-09-18T04:19:32Z</time></trkpt>
<trkpt lat="33.0034255" lon="35.2162703"><ele>330.2</ele><time>2023-09-18T04:19:33Z</time></trkpt>
<trkpt lat="33.0034266" lon="35.2162816"><ele>330.3</ele><time>2023-09-18T04:19:34Z</time></trkpt>
<trkpt lat="33.0034284" lon="35.2162932"><ele>330.4</ele><time>2023-09-18T04:19:35Z</time></trkpt>
<trkpt lat="33.0034308" lon="35.2163051"><ele>330.5</ele><time>2023-09-18T04:19:36Z</time></trkpt>
<trkpt lat="33.0034335" lon="35.2163176"><ele>330.6</ele><time>2023-09-18T04:19:37Z</time></trkpt>
<trkpt lat="33.0034361" lon="35.2163304"><ele>330.7</ele><time>2023-09-18T04:19:38Z</time></trkpt>
<trkpt lat="33.0034381" lon="35.2163431"><ele>330.8</ele><time>2023-09-18T04:19:39Z</time></trkpt>
<trkpt lat="33.0034398" lon="35.2163556"><ele>330.9</ele><time>2023-09-18T04:19:40Z</time></trkpt>
<trkpt lat="33.0034415" lon="35.2163682"><ele>331.0</ele><time>2023-09-18T04:19:41Z</time></trkpt>
<trkpt lat="33.0034437" lon="35.2163807"><ele>331.2</ele><time>2023-09-18T04:19:42Z</time></trkpt>
<trkpt lat="33.0034462" lon="35.2163924"><ele>331.3</ele><time>2023-09-18T04:19:43Z</time></trkpt>
<trkpt lat="33.0034483" lon="35.2164031"><ele>331.5</ele><time>2023-09-18T04:19:44Z</time></trkpt>
<trkpt lat="33.0034498" lon="35.2164131"><ele>331.6</ele><time>2023-09-18T04:19:45Z</time></trkpt>
<trkpt lat="33.0034511" lon="35.2164227"><ele>331.8</ele><time>2023-09-18T04:19:46Z</time></trkpt>
<trkpt lat="33.003453" lon="35.216432"><ele>331.9</ele><time>2023-09-18T04:19:47Z</time></trkpt>
<trkpt lat="33.0034553" lon="35.2164415"><ele>332.0</ele><time>2023-09-18T04:19:48Z</time></trkpt>
<trkpt lat="33.0034579" lon="35.2164518"><ele>332.2</ele><time>2023-09-18T04:19:49Z</time></trkpt>
<trkpt lat="33.0034606" lon="35.2164631"><ele>332.3</ele><time>2023-09-18T04:19:50Z</time></trkpt>
<trkpt lat="33.0034633" lon="35.2164756"><ele>332.5</ele><time>2023-09-18T04:19:51Z</time></trkpt>
<trkpt lat="33.0034656" lon="35.2164885"><ele>332.6</ele><time>2023-09-18T04:19:52Z</time></trkpt>
<trkpt lat="33.0034674" lon="35.2165015"><ele>332.7</ele><time>2023-09-18T04:19:53Z</time></trkpt>
<trkpt lat="33.003469" lon="35.2165147"><ele>332.9</ele><time>2023-09-18T04:19:54Z</time></trkpt>
<trkpt lat="33.0034706" lon="35.2165278"><ele>333.0</ele><time>2023-09-18T04:19:55Z</time></trkpt>
<trkpt lat="33.0034726" lon="35.2165416"><ele>333.1</ele><time>2023-09-18T04:19:56Z</time></trkpt>
<trkpt lat="33.0034755" lon="35.2165563"><ele>333.2</ele><time>2023-09-18T04:19:57Z</time></trkpt>
<trkpt lat="33.0034788" lon="35.2165712"><ele>333.3</ele><time>2023-09-18T04:19:58Z</time></trkpt>
<trkpt lat="33.0034817" lon="35.2165853"><ele>333.3</ele><time>2023-09-18T04:19:59Z</time></trkpt>
<trkpt lat="33.003484" lon="35.2165982"><ele>333.4</ele><time>2023-09-18T04:20:00Z</time></trkpt>
<trkpt lat="33.0034858" lon="35.2166101"><ele>333.4</ele><time>2023-09-18T04:20:01Z</time></trkpt>
<trkpt lat="33.0034873" lon="35.2166214"><ele>333.5</ele><time>2023-09-18T04:20:02Z</time></trkpt>
<trkpt lat="33.0034882" lon="35.2166332"><ele>333.5</ele><time>2023-09-18T04:20:03Z</time></trkpt>
<trkpt lat="33.0034883" lon="35.2166458"><ele>333.5</ele><time>2023-09-18T04:20:04Z</time></trkpt>
<trkpt lat="33.0034872" lon="35.2166593"><ele>333.5</ele><time>2023-09-18T04:20:05Z</time></trkpt>
<trkpt lat="33.0034849" lon="35.2166735"><ele>333.5</ele><time>2023-09-18T04:20:06Z</time></trkpt>
<trkpt lat="33.0034817" lon="35.2166879"><ele>333.6</ele><time>2023-09-18T04:20:07Z</time></trkpt>
<trkpt lat="33.0034779" lon="35.2167023"><ele>333.6</ele><time>2023-09-18T04:20:08Z</time></trkpt>
<trkpt lat="33.003474" lon="35.2167169"><ele>333.6</ele><time>2023-09-18T04:20:09Z</time></trkpt>
<trkpt lat="33.0034698" lon="35.2167315"><ele>333.6</ele><time>2023-09-18T04:20:10Z</time></trkpt>
<trkpt lat="33.0034659" lon="35.2167461"><ele>333.6</ele><time>2023-09-18T04:20:11Z</time></trkpt>
<trkpt lat="33.003462" lon="35.2167608"><ele>333.6</ele><time>2023-09-18T04:20:12Z</time></trkpt>
<trkpt lat="33.003458" lon="35.2167761"><ele>333.7</ele><time>2023-09-18T04:20:13Z</time></trkpt>
<trkpt lat="33.0034538" lon="35.2167921"><ele>333.7</ele><time>2023-09-18T04:20:14Z</time></trkpt>
<trkpt lat="33.0034494" lon="35.216809"><ele>333.7</ele><time>2023-09-18T04:20:15Z</time></trkpt>
<trkpt lat="33.0034452" lon="35.2168261"><ele>333.8</ele><time>2023-09-18T04:20:16Z</time></trkpt>
<trkpt lat="33.0034408" lon="35.2168428"><ele>333.8</ele><time>2023-09-18T04:20:17Z</time></trkpt>
<trkpt lat="33.0034363" lon="35.2168592"><ele>333.9</ele><time>2023-09-18T04:20:18Z</time></trkpt>
<trkpt lat="33.0034319" lon="35.2168747"><ele>334.0</ele><time>2023-09-18T04:20:19Z</time></trkpt>
<trkpt lat="33.0034282" lon="35.2168889"><ele>334.1</ele><time>2023-09-18T04:20:20Z</time></trkpt>
<trkpt lat="33.0034257" lon="35.2169019"><ele>334.1</ele><time>2023-09-18T04:20:21Z</time></trkpt>
<trkpt lat="33.0034241" lon="35.2169141"><ele>334.2</ele><time>2023-09-18T04:20:22Z</time></trkpt>
<trkpt lat="33.0034233" lon="35.2169258"><ele>334.3</ele><time>2023-09-18T04:20:23Z</time></trkpt>
<trkpt lat="33.0034227" lon="35.2169377"><ele>334.3</ele><time>2023-09-18T04:20:24Z</time></trkpt>
<trkpt lat="33.0034219" lon="35.2169499"><ele>334.4</ele><time>2023-09-18T04:20:25Z</time></trkpt>
<trkpt lat="33.0034209" lon="35.2169626"><ele>334.5</ele><time>2023-09-18T04:20:26Z</time></trkpt>
<trkpt lat="33.0034197" lon="35.2169764"><ele>334.6</ele><time>2023-09-18T04:20:27Z</time></trkpt>
<trkpt lat="33.0034183" lon="35.2169919"><ele>334.7</ele><time>2023-09-18T04:20:28Z</time></trkpt>
<trkpt lat="33.0034166" lon="35.2170092"><ele>334.8</ele><time>2023-09-18T04:20:29Z</time></trkpt>
<trkpt lat="33.0034142" lon="35.2170271"><ele>334.9</ele><time>2023-09-18T04:20:30Z</time></trkpt>
<trkpt lat="33.0034117" lon="35.2170446"><ele>335.0</ele><time>2023-09-18T04:20:31Z</time></trkpt>
<trkpt lat="33.003409" lon="35.2170619"><ele>335.1</ele><time>2023-09-18T04:20:32Z</time></trkpt>
<trkpt lat="33.003406" lon="35.2170792"><ele>335.3</ele><time>2023-09-18T04:20:33Z</time></trkpt>
<trkpt lat="33.003403" lon="35.2170965"><ele>335.4</ele><time>2023-09-18T04:20:34Z</time></trkpt>
<trkpt lat="33.0034" lon="35.217114"><ele>335.6</ele><time>2023-09-18T04:20:35Z</time></trkpt>
<trkpt lat="33.0033972" lon="35.2171317"><ele>335.8</ele><time>2023-09-18T04:20:36Z</time></trkpt>
<trkpt lat="33.003395" lon="35.2171498"><ele>335.9</ele><time>2023-09-18T04:20:37Z</time></trkpt>
<trkpt lat="33.0033933" lon="35.2171679"><ele>336.1</ele><time>2023-09-18T04:20:38Z</time></trkpt>
<trkpt lat="33.0033919" lon="35.2171858"><ele>336.3</ele><time>2023-09-18T04:20:39Z</time></trkpt>
<trkpt lat="33.0033909" lon="35.2172034"><ele>336.5</ele><time>2023-09-18T04:20:40Z</time></trkpt>
<trkpt lat="33.0033904" lon="35.2172203"><ele>336.7</ele><time>2023-09-18T04:20:41Z</time></trkpt>
<trkpt lat="33.0033907" lon="35.2172364"><ele>336.8</ele><time>2023-09-18T04:20:42Z</time></trkpt>
<trkpt lat="33.0033922" lon="35.2172516"><ele>337.0</ele><time>2023-09-18T04:20:43Z</time></trkpt>
<trkpt lat="33.0033947" lon="35.2172659"><ele>337.2</ele><time>2023-09-18T04:20:44Z</time></trkpt>
<trkpt lat="33.0033977" lon="35.2172798"><ele>337.4</ele><time>2023-09-18T04:20:45Z</time></trkpt>
<trkpt lat="33.0034004" lon="35.2172941"><ele>337.6</ele><time>2023-09-18T04:20:46Z</time></trkpt>
<trkpt lat="33.0034027" lon="35.2173087"><ele>337.8</ele><time>2023-09-18T04:20:47Z</time></trkpt>
<trkpt lat="33.0034047" lon="35.2173237"><ele>338.0</ele><time>2023-09-18T04:20:48Z</time></trkpt>
<trkpt lat="33.0034069" lon="35.2173392"><ele>338.2</ele><time>2023-09-18T04:20:49Z</time></trkpt>
<trkpt lat="33.0034094" lon="35.2173549"><ele>338.4</ele><time>2023-09-18T04:20:50Z</time></trkpt>
<trkpt lat="33.0034122" lon="35.2173704"><ele>338.6</ele><time>2023-09-18T04:20:51Z</time></trkpt>
<trkpt lat="33.0034149" lon="35.2173854"><ele>338.8</ele><time>2023-09-18T04:20:52Z</time></trkpt>
<trkpt lat="33.0034173" lon="35.2173998"><ele>339.0</ele><time>2023-09-18T04:20:53Z</time></trkpt>
<trkpt lat="33.0034193" lon="35.2174132"><ele>339.2</ele><time>2023-09-18T04:20:54Z</time></trkpt>
<trkpt lat="33.0034208" lon="35.2174258"><ele>339.4</ele><time>2023-09-18T04:20:55Z</time></trkpt>
<trkpt lat="33.0034217" lon="35.2174382"><ele>339.5</ele><time>2023-09-18T04:20:56Z</time></trkpt>
<trkpt lat="33.0034223" lon="35.2174513"><ele>339.7</ele><time>2023-09-18T04:20:57Z</time></trkpt>
<trkpt lat="33.0034227" lon="35.2174653"><ele>339.8</ele><time>2023-09-18T04:20:58Z</time></trkpt>
<trkpt lat="33.0034231" lon="35.2174799"><ele>339.9</ele><time>2023-09-18T04:20:59Z</time></trkpt>
<trkpt lat="33.0034238" lon="35.2174946"><ele>340.0</ele><time>2023-09-18T04:21:00Z</time></trkpt>
<trkpt lat="33.003425" lon="35.2175094"><ele>340.1</ele><time>2023-09-18T04:21:01Z</time></trkpt>
<trkpt lat="33.003427" lon="35.2175245"><ele>340.2</ele><time>2023-09-18T04:21:02Z</time></trkpt>
<trkpt lat="33.0034297" lon="35.2175395"><ele>340.3</ele><time>2023-09-18T04:21:03Z</time></trkpt>
<trkpt lat="33.0034334" lon="35.2175549"><ele>340.4</ele><time>2023-09-18T04:21:04Z</time></trkpt>
<trkpt lat="33.0034376" lon="35.217571"><ele>340.4</ele><time>2023-09-18T04:21:05Z</time></trkpt>
<trkpt lat="33.0034422" lon="35.2175878"><ele>340.5</ele><time>2023-09-18T04:21:06Z</time></trkpt>
<trkpt lat="33.0034468" lon="35.2176053"><ele>340.5</ele><time>2023-09-18T04:21:07Z</time></trkpt>
<trkpt lat="33.0034508" lon="35.2176232"><ele>340.6</ele><time>2023-09-18T04:21:08Z</time></trkpt>
<trkpt lat="33.0034541" lon="35.217641"><ele>340.6</ele><time>2023-09-18T04:21:09Z</time></trkpt>
<trkpt lat="33.0034568" lon="35.2176579"><ele>340.6</ele><time>2023-09-18T04:21:10Z</time></trkpt>
<trkpt lat="33.0034593" lon="35.2176733"><ele>340.6</ele><time>2023-09-18T04:21:11Z</time></trkpt>
<trkpt lat="33.0034614" lon="35.2176873"><ele>340.6</ele><time>2023-09-18T04:21:12Z</time></trkpt>
<trkpt lat="33.0034631" lon="35.2177006"><ele>340.6</ele><time>2023-09-18T04:21:13Z</time></trkpt>
<trkpt lat="33.003464" lon="35.2177136"><ele>340.6</ele><time>2023-09-18T04:21:14Z</time></trkpt>
<trkpt lat="33.0034645" lon="35.2177265"><ele>340.6</ele><time>2023-09-18T04:21:15Z</time></trkpt>
<trkpt lat="33.0034647" lon="35.2177396"><ele>340.6</ele><time>2023-09-18T04:21:16Z</time></trkpt>
<trkpt lat="33.0034648" lon="35.2177533"><ele>340.6</ele><time>2023-09-18T04:21:17Z</time></trkpt>
<trkpt lat="33.003465" lon="35.2177677"><ele>340.6</ele><time>2023-09-18T04:21:18Z</time></trkpt>
<trkpt lat="33.0034652" lon="35.2177829"><ele>340.6</ele><time>2023-09-18T04:21:19Z</time></trkpt>
<trkpt lat="33.0034656" lon="35.2177991"><ele>340.6</ele><time>2023-09-18T04:21:20Z</time></trkpt>
<trkpt lat="33.0034663" lon="35.2178157"><ele>340.6</ele><time>2023-09-18T04:21:21Z</time></trkpt>
<trkpt lat="33.003467" lon="35.2178313"><ele>340.6</ele><time>2023-09-18T04:21:22Z</time></trkpt>
<trkpt lat="33.0034678" lon="35.2178452"><ele>340.7</ele><time>2023-09-18T04:21:23Z</time></trkpt>
<trkpt lat="33.0034683" lon="35.2178576"><ele>340.7</ele><time>2023-09-18T04:21:24Z</time></trkpt>
<trkpt lat="33.0034684" lon="35.217869"><ele>340.7</ele><time>2023-09-18T04:21:25Z</time></trkpt>
<trkpt lat="33.0034681" lon="35.2178797"><ele>340.8</ele><time>2023-09-18T04:21:26Z</time></trkpt>
<trkpt lat="33.0034678" lon="35.2178898"><ele>340.8</ele><time>2023-09-18T04:21:27Z</time></trkpt>
<trkpt lat="33.003468" lon="35.2178996"><ele>340.9</ele><time>2023-09-18T04:21:28Z</time></trkpt>
<trkpt lat="33.003469" lon="35.2179088"><ele>341.0</ele><time>2023-09-18T04:21:29Z</time></trkpt>
<trkpt lat="33.0034708" lon="35.2179178"><ele>341.1</ele><time>2023-09-18T04:21:30Z</time></trkpt>
<trkpt lat="33.0034734" lon="35.217927"><ele>341.2</ele><time>2023-09-18T04:21:31Z</time></trkpt>
<trkpt lat="33.0034768" lon="35.2179365"><ele>341.4</ele><time>2023-09-18T04:21:32Z</time></trkpt>
<trkpt lat="33.0034805" lon="35.2179467"><ele>341.5</ele><time>2023-09-18T04:21:33Z</time></trkpt>
<trkpt lat="33.0034845" lon="35.2179582"><ele>341.6</ele><time>2023-09-18T04:21:34Z</time></trkpt>
<trkpt lat="33.0034892" lon="35.2179714"><ele>341.8</ele><time>2023-09-18T04:21:35Z</time></trkpt>
<trkpt lat="33.0034941" lon="35.2179859"><ele>341.9</ele><time>2023-09-18T04:21:36Z</time></trkpt>
<trkpt lat="33.0034991" lon="35.2180009"><ele>342.1</ele><time>2023-09-18T04:21:37Z</time></trkpt>
<trkpt lat="33.0035036" lon="35.2180157"><ele>342.3</ele><time>2023-09-18T04:21:38Z</time></trkpt>
<trkpt lat="33.0035073" lon="35.2180298"><ele>342.5</ele><time>2023-09-18T04:21:39Z</time></trkpt>
<trkpt lat="33.0035105" lon="35.2180432"><ele>342.7</ele><time>2023-09-18T04:21:40Z</time></trkpt>
<trkpt lat="33.0035137" lon="35.2180566"><ele>342.9</ele><time>2023-09-18T04:21:41Z</time></trkpt>
<trkpt lat="33.0035176" lon="35.2180706"><ele>343.1</ele><time>2023-09-18T04:21:42Z</time></trkpt>
<trkpt lat="33.0035223" lon="35.2180855"><ele>343.3</ele><time>2023-09-18T04:21:43Z</time></trkpt>
<trkpt lat="33.0035273" lon="35.2181008"><ele>343.5</ele><time>2023-09-18T04:21:44Z</time></trkpt>
<trkpt lat="33.003532" lon="35.2181155"><ele>343.7</ele><time>2023-09-18T04:21:45Z</time></trkpt>
<trkpt lat="33.0035362" lon="35.21813"><ele>343.8</ele><time>2023-09-18T04:21:46Z</time></trkpt>
<trkpt lat="33.0035404" lon="35.2181452"><ele>344.0</ele><time>2023-09-18T04:21:47Z</time></trkpt>
<trkpt lat="33.0035449" lon="35.218161"><ele>344.2</ele><time>2023-09-18T04:21:48Z</time></trkpt>
<trkpt lat="33.00355" lon="35.218178"><ele>344.3</ele><time>2023-09-18T04:21:49Z</time></trkpt>
<trkpt lat="33.0035554" lon="35.2181964"><ele>344.5</ele><time>2023-09-18T04:21:50Z</time></trkpt>
<trkpt lat="33.0035601" lon="35.2182156"><ele>344.7</ele><time>2023-09-18T04:21:51Z</time></trkpt>
<trkpt lat="33.0035639" lon="35.2182351"><ele>344.8</ele><time>2023-09-18T04:21:52Z</time></trkpt>
<trkpt lat="33.0035664" lon="35.2182549"><ele>345.0</ele><time>2023-09-18T04:21:53Z</time></trkpt>
<trkpt lat="33.0035678" lon="35.2182744"><ele>345.1</ele><time>2023-09-18T04:21:54Z</time></trkpt>
<trkpt lat="33.0035692" lon="35.2182938"><ele>345.2</ele><time>2023-09-18T04:21:55Z</time></trkpt>
<trkpt lat="33.0035713" lon="35.2183131"><ele>345.4</ele><time>2023-09-18T04:21:56Z</time></trkpt>
<trkpt lat="33.0035742" lon="35.2183323"><ele>345.5</ele><time>2023-09-18T04:21:57Z</time></trkpt>
<trkpt lat="33.0035776" lon="35.2183514"><ele>345.6</ele><time>2023-09-18T04:21:58Z</time></trkpt>
<trkpt lat="33.0035811" lon="35.2183704"><ele>345.7</ele><time>2023-09-18T04:21:59Z</time></trkpt>
<trkpt lat="33.0035841" lon="35.2183891"><ele>345.8</ele><time>2023-09-18T04:22:00Z</time></trkpt>
<trkpt lat="33.0035863" lon="35.2184074"><ele>345.9</ele><time>2023-09-18T04:22:01Z</time></trkpt>
<trkpt lat="33.003588" lon="35.218425"><ele>346.0</ele><time>2023-09-18T04:22:02Z</time></trkpt>
<trkpt lat="33.0035893" lon="35.2184414"><ele>346.1</ele><time>2023-09-18T04:22:03Z</time></trkpt>
<trkpt lat="33.0035905" lon="35.2184563"><ele>346.2</ele><time>2023-09-18T04:22:04Z</time></trkpt>
<trkpt lat="33.0035918" lon="35.2184697"><ele>346.2</ele><time>2023-09-18T04:22:05Z</time></trkpt>
<trkpt lat="33.0035935" lon="35.2184819"><ele>346.3</ele><time>2023-09-18T04:22:06Z</time></trkpt>
<trkpt lat="33.0035955" lon="35.218493"><ele>346.4</ele><time>2023-09-18T04:22:07Z</time></trkpt>
<trkpt lat="33.0035975" lon="35.2185034"><ele>346.4</ele><time>2023-09-18T04:22:08Z</time></trkpt>
<trkpt lat="33.0035994" lon="35.218514"><ele>346.5</ele><time>2023-09-18T04:22:09Z</time></trkpt>
<trkpt lat="33.0036012" lon="35.2185247"><ele>346.5</ele><time>2023-09-18T04:22:10Z</time></trkpt>
<trkpt lat="33.003603" lon="35.2185359"><ele>346.5</ele><time>2023-09-18T04:22:11Z</time></trkpt>
<trkpt lat="33.0036049" lon="35.2185478"><ele>346.5</ele><time>2023-09-18T04:22:12Z</time></trkpt>
<trkpt lat="33.0036067" lon="35.2185601"><ele>346.5</ele><time>2023-09-18T04:22:13Z</time></trkpt>
<trkpt lat="33.0036079" lon="35.2185725"><ele>346.5</ele><time>2023-09-18T04:22:14Z</time></trkpt>
<trkpt lat="33.0036083" lon="35.2185846"><ele>346.5</ele><time>2023-09-18T04:22:15Z</time></trkpt>
<trkpt lat="33.003608" lon="35.2185967"><ele>346.5</ele><time>2023-09-18T04:22:16Z</time></trkpt>
<trkpt lat="33.0036075" lon="35.21861"><ele>346.5</ele><time>2023-09-18T04:22:17Z</time></trkpt>
<trkpt lat="33.0036071" lon="35.2186252"><ele>346.4</ele><time>2023-09-18T04:22:18Z</time></trkpt>
<trkpt lat="33.0036069" lon="35.2186419"><ele>346.4</ele><time>2023-09-18T04:22:19Z</time></trkpt>
<trkpt lat="33.0036067" lon="35.2186596"><ele>346.4</ele><time>2023-09-18T04:22:20Z</time></trkpt>
<trkpt lat="33.0036062" lon="35.2186772"><ele>346.4</ele><time>2023-09-18T04:22:21Z</time></trkpt>
<trkpt lat="33.0036058" lon="35.2186943"><ele>346.3</ele><time>2023-09-18T04:22:22Z</time></trkpt>
<trkpt lat="33.0036057" lon="35.2187108"><ele>346.3</ele><time>2023-09-18T04:22:23Z</time></trkpt>
<trkpt lat="33.0036055" lon="35.2187269"><ele>346.3</ele><time>2023-09-18T04:22:24Z</time></trkpt>
<trkpt lat="33.0036051" lon="35.2187423"><ele>346.2</ele><time>2023-09-18T04:22:25Z</time></trkpt>
<trkpt lat="33.0036042" lon="35.218757"><ele>346.2</ele><time>2023-09-18T04:22:26Z</time></trkpt>
<trkpt lat="33.0036029" lon="35.2187711"><ele>346.1</ele><time>2023-09-18T04:22:27Z</time></trkpt>
<trkpt lat="33.0036013" lon="35.2187846"><ele>346.0</ele><time>2023-09-18T04:22:28Z</time></trkpt>
<trkpt lat="33.0035995" lon="35.2187978"><ele>346.0</ele><time>2023-09-18T04:22:29Z</time></trkpt>
<trkpt lat="33.0035975" lon="35.2188113"><ele>345.9</ele><time>2023-09-18T04:22:30Z</time></trkpt>
<trkpt lat="33.0035958" lon="35.2188252"><ele>345.8</ele><time>2023-09-18T04:22:31Z</time></trkpt>
<trkpt lat="33.0035944" lon="35.2188396"><ele>345.8</ele><time>2023-09-18T04:22:32Z</time></trkpt>
<trkpt lat="33.0035932" lon="35.2188548"><ele>345.7</ele><time>2023-09-18T04:22:33Z</time></trkpt>
<trkpt lat="33.0035921" lon="35.2188706"><ele>345.6</ele><time>2023-09-18T04:22:34Z</time></trkpt>
<trkpt lat="33.0035912" lon="35.2188864"><ele>345.6</ele><time>2023-09-18T04:22:35Z</time></trkpt>
<trkpt lat="33.0035904" lon="35.2189014"><ele>345.5</ele><time>2023-09-18T04:22:36Z</time></trkpt>
<trkpt lat="33.0035897" lon="35.2189158"><ele>345.5</ele><time>2023-09-18T04:22:37Z</time></trkpt>
<trkpt lat="33.0035891" lon="35.2189308"><ele>345.5</ele><time>2023-09-18T04:22:38Z</time></trkpt>
<trkpt lat="33.0035885" lon="35.2189468"><ele>345.4</ele><time>2023-09-18T04:22:39Z</time></trkpt>
<trkpt lat="33.003588" lon="35.2189634"><ele>345.4</ele><time>2023-09-18T04:22:40Z</time></trkpt>
<trkpt lat="33.0035878" lon="35.2189801"><ele>345.4</ele><time>2023-09-18T04:22:41Z</time></trkpt>
<trkpt lat="33.003588" lon="35.2189967"><ele>345.4</ele><time>2023-09-18T04:22:42Z</time></trkpt>
<trkpt lat="33.0035884" lon="35.2190132"><ele>345.4</ele><time>2023-09-18T04:22:43Z</time></trkpt>
<trkpt lat="33.0035885" lon="35.2190287"><ele>345.4</ele><time>2023-09-18T04:22:44Z</time></trkpt>
<trkpt lat="33.0035884" lon="35.2190426"><ele>345.4</ele><time>2023-09-18T04:22:45Z</time></trkpt>
<trkpt lat="33.0035885" lon="35.2190556"><ele>345.4</ele><time>2023-09-18T04:22:46Z</time></trkpt>
<trkpt lat="33.0035894" lon="35.2190693"><ele>345.4</ele><time>2023-09-18T04:22:47Z</time></trkpt>
<trkpt lat="33.0035909" lon="35.2190845"><ele>345.4</ele><time>2023-09-18T04:22:48Z</time></trkpt>
<trkpt lat="33.0035924" lon="35.2191007"><ele>345.4</ele><time>2023-09-18T04:22:49Z</time></trkpt>
<trkpt lat="33.0035935" lon="35.2191168"><ele>345.4</ele><time>2023-09-18T04:22:50Z</time></trkpt>
<trkpt lat="33.0035942" lon="35.2191317"><ele>345.4</ele><time>2023-09-18T04:22:51Z</time></trkpt>
<trkpt lat="33.0035945" lon="35.2191465"><ele>345.4</ele><time>2023-09-18T04:22:52Z</time></trkpt>
<trkpt lat="33.0035944" lon="35.2191625"><ele>345.3</ele><time>2023-09-18T04:22:53Z</time></trkpt>
<trkpt lat="33.0035938" lon="35.2191792"><ele>345.3</ele><time>2023-09-18T04:22:54Z</time></trkpt>
<trkpt lat="33.0035925" lon="35.2191958"><ele>345.2</ele><time>2023-09-18T04:22:55Z</time></trkpt>
<trkpt lat="33.0035906" lon="35.2192116"><ele>345.2</ele><time>2023-09-18T04:22:56Z</time></trkpt>
<trkpt lat="33.0035882" lon="35.2192263"><ele>345.1</ele><time>2023-09-18T04:22:57Z</time></trkpt>
<trkpt lat="33.0035855" lon="35.2192409"><ele>345.0</ele><time>2023-09-18T04:22:58Z</time></trkpt>
<trkpt lat="33.0035825" lon="35.2192568"><ele>344.9</ele><time>2023-09-18T04:22:59Z</time></trkpt>
<trkpt lat="33.0035794" lon="35.2192733"><ele>344.9</ele><time>2023-09-18T04:23:00Z</time></trkpt>
<trkpt lat="33.0035758" lon="35.2192893"><ele>344.8</ele><time>2023-09-18T04:23:01Z</time></trkpt>
<trkpt lat="33.0035716" lon="35.2193042"><ele>344.7</ele><time>2023-09-18T04:23:02Z</time></trkpt>
<trkpt lat="33.0035665" lon="35.2193173"><ele>344.5</ele><time>2023-09-18T04:23:03Z</time></trkpt>
<trkpt lat="33.0035607" lon="35.2193292"><ele>344.4</ele><time>2023-09-18T04:23:04Z</time></trkpt>
<trkpt lat="33.003555" lon="35.2193401"><ele>344.3</ele><time>2023-09-18T04:23:05Z</time></trkpt>
<trkpt lat="33.0035495" lon="35.2193503"><ele>344.1</ele><time>2023-09-18T04:23:06Z</time></trkpt>
<trkpt lat="33.0035438" lon="35.21936"><ele>344.0</ele><time>2023-09-18T04:23:07Z</time></trkpt>
<trkpt lat="33.0035378" lon="35.2193693"><ele>343.8</ele><time>2023-09-18T04:23:08Z</time></trkpt>
<trkpt lat="33.0035317" lon="35.2193787"><ele>343.6</ele><time>2023-09-18T04:23:09Z</time></trkpt>
<trkpt lat="33.0035259" lon="35.219388"><ele>343.5</ele><time>2023-09-18T04:23:10Z</time></trkpt>
<trkpt lat="33.0035211" lon="35.2193967"><ele>343.3</ele><time>2023-09-18T04:23:11Z</time></trkpt>
<trkpt lat="33.0035168" lon="35.2194055"><ele>343.1</ele><time>2023-09-18T04:23:12Z</time></trkpt>
<trkpt lat="33.003513" lon="35.2194143"><ele>342.9</ele><time>2023-09-18T04:23:13Z</time></trkpt>
<trkpt lat="33.0035095" lon="35.2194231"><ele>342.7</ele><time>2023-09-18T04:23:14Z</time></trkpt>
<trkpt lat="33.0035063" lon="35.2194323"><ele>342.4</ele><time>2023-09-18T04:23:15Z</time></trkpt>
<trkpt lat="33.003503" lon="35.2194421"><ele>342.2</ele><time>2023-09-18T04:23:16Z</time></trkpt>
<trkpt lat="33.0034995" lon="35.219453"><ele>342.0</ele><time>2023-09-18T04:23:17Z</time></trkpt>
<trkpt lat="33.0034957" lon="35.2194647"><ele>341.7</ele><time>2023-09-18T04:23:18Z</time></trkpt>
<trkpt lat="33.0034919" lon="35.2194771"><ele>341.5</ele><time>2023-09-18T04:23:19Z</time></trkpt>
<trkpt lat="33.0034876" lon="35.2194898"><ele>341.3</ele><time>2023-09-18T04:23:20Z</time></trkpt>
<trkpt lat="33.0034829" lon="35.2195025"><ele>341.0</ele><time>2023-09-18T04:23:21Z</time></trkpt>
<trkpt lat="33.0034779" lon="35.2195151"><ele>340.7</ele><time>2023-09-18T04:23:22Z</time></trkpt>
<trkpt lat="33.0034726" lon="35.219528"><ele>340.5</ele><time>2023-09-18T04:23:23Z</time></trkpt>
<trkpt lat="33.0034668" lon="35.2195419"><ele>340.2</ele><time>2023-09-18T04:23:24Z</time></trkpt>
<trkpt lat="33.0034609" lon="35.2195568"><ele>339.9</ele><time>2023-09-18T04:23:25Z</time></trkpt>
<trkpt lat="33.003455" lon="35.2195725"><ele>339.6</ele><time>2023-09-18T04:23:26Z</time></trkpt>
<trkpt lat="33.0034487" lon="35.2195889"><ele>339.3</ele><time>2023-09-18T04:23:27Z</time></trkpt>
<trkpt lat="33.0034422" lon="35.2196053"><ele>339.0</ele><time>2023-09-18T04:23:28Z</time></trkpt>
<trkpt lat="33.0034357" lon="35.2196211"><ele>338.6</ele><time>2023-09-18T04:23:29Z</time></trkpt>
<trkpt lat="33.0034297" lon="35.2196363"><ele>338.3</ele><time>2023-09-18T04:23:30Z</time></trkpt>
<trkpt lat="33.0034244" lon="35.2196507"><ele>338.0</ele><time>2023-09-18T04:23:31Z</time></trkpt>
<trkpt lat="33.0034201" lon="35.2196646"><ele>337.7</ele><time>2023-09-18T04:23:32Z</time></trkpt>
<trkpt lat="33.0034167" lon="35.2196781"><ele>337.4</ele><time>2023-09-18T04:23:33Z</time></trkpt>
<trkpt lat="33.003414" lon="35.2196917"><ele>337.1</ele><time>2023-09-18T04:23:34Z</time></trkpt>
<trkpt lat="33.0034121" lon="35.2197053"><ele>336.8</ele><time>2023-09-18T04:23:35Z</time></trkpt>
<trkpt lat="33.0034111" lon="35.2197189"><ele>336.5</ele><time>2023-09-18T04:23:36Z</time></trkpt>
<trkpt lat="33.0034106" lon="35.2197336"><ele>336.3</ele><time>2023-09-18T04:23:37Z</time></trkpt>
<trkpt lat="33.0034101" lon="35.21975"><ele>336.1</ele><time>2023-09-18T04:23:38Z</time></trkpt>
<trkpt lat="33.0034096" lon="35.2197675"><ele>335.8</ele><time>2023-09-18T04:23:39Z</time></trkpt>
<trkpt lat="33.003409" lon="35.2197857"><ele>335.7</ele><time>2023-09-18T04:23:40Z</time></trkpt>
<trkpt lat="33.0034081" lon="35.2198046"><ele>335.5</ele><time>2023-09-18T04:23:41Z</time></trkpt>
<trkpt lat="33.0034071" lon="35.2198243"><ele>335.3</ele><time>2023-09-18T04:23:42Z</time></trkpt>
<trkpt lat="33.003406" lon="35.2198444"><ele>335.2</ele><time>2023-09-18T04:23:43Z</time></trkpt>
<trkpt lat="33.0034048" lon="35.2198646"><ele>335.0</ele><time>2023-09-18T04:23:44Z</time></trkpt>
<trkpt lat="33.0034035" lon="35.2198845"><ele>334.9</ele><time>2023-09-18T04:23:45Z</time></trkpt>
<trkpt lat="33.003402" lon="35.2199038"><ele>334.8</ele><time>2023-09-18T04:23:46Z</time></trkpt>
<trkpt lat="33.0034002" lon="35.2199231"><ele>334.7</ele><time>2023-09-18T04:23:47Z</time></trkpt>
<trkpt lat="33.0033983" lon="35.2199429"><ele>334.6</ele><time>2023-09-18T04:23:48Z</time></trkpt>
<trkpt lat="33.0033963" lon="35.2199623"><ele>334.6</ele><time>2023-09-18T04:23:49Z</time></trkpt>
<trkpt lat="33.0033943" lon="35.2199808"><ele>334.5</ele><time>2023-09-18T04:23:50Z</time></trkpt>
<trkpt lat="33.0033923" lon="35.2199987"><ele>334.4</ele><time>2023-09-18T04:23:51Z</time></trkpt>
<trkpt lat="33.0033907" lon="35.2200164"><ele>334.4</ele><time>2023-09-18T04:23:52Z</time></trkpt>
<trkpt lat="33.0033896" lon="35.2200342"><ele>334.3</ele><time>2023-09-18T04:23:53Z</time></trkpt>
<trkpt lat="33.0033885" lon="35.2200526"><ele>334.3</ele><time>2023-09-18T04:23:54Z</time></trkpt>
<trkpt lat="33.0033876" lon="35.220072"><ele>334.3</ele><time>2023-09-18T04:23:55Z</time></trkpt>
<trkpt lat="33.0033863" lon="35.2200923"><ele>334.3</ele><time>2023-09-18T04:23:56Z</time></trkpt>
<trkpt lat="33.0033839" lon="35.2201128"><ele>334.3</ele><time>2023-09-18T04:23:57Z</time></trkpt>
<trkpt lat="33.0033806" lon="35.2201335"><ele>334.2</ele><time>2023-09-18T04:23:58Z</time></trkpt>
<trkpt lat="33.0033777" lon="35.2201544"><ele>334.3</ele><time>2023-09-18T04:23:59Z</time></trkpt>
<trkpt lat="33.0033759" lon="35.2201753"><ele>334.3</ele><time>2023-09-18T04:24:00Z</time></trkpt>
<trkpt lat="33.0033752" lon="35.2201961"><ele>334.3</ele><time>2023-09-18T04:24:01Z</time></trkpt>
<trkpt lat="33.0033749" lon="35.2202166"><ele>334.3</ele><time>2023-09-18T04:24:02Z</time></trkpt>
<trkpt lat="33.0033754" lon="35.2202372"><ele>334.3</ele><time>2023-09-18T04:24:03Z</time></trkpt>
<trkpt lat="33.0033764" lon="35.2202577"><ele>334.3</ele><time>2023-09-18T04:24:04Z</time></trkpt>
<trkpt lat="33.0033776" lon="35.220278"><ele>334.3</ele><time>2023-09-18T04:24:05Z</time></trkpt>
<trkpt lat="33.0033793" lon="35.2202982"><ele>334.3</ele><time>2023-09-18T04:24:06Z</time></trkpt>
<trkpt lat="33.0033799" lon="35.2203183"><ele>334.3</ele><time>2023-09-18T04:24:07Z</time></trkpt>
<trkpt lat="33.0033796" lon="35.2203384"><ele>334.3</ele><time>2023-09-18T04:24:08Z</time></trkpt>
<trkpt lat="33.0033792" lon="35.2203583"><ele>334.3</ele><time>2023-09-18T04:24:09Z</time></trkpt>
<trkpt lat="33.0033794" lon="35.220378"><ele>334.3</ele><time>2023-09-18T04:24:10Z</time></trkpt>
<trkpt lat="33.0033807" lon="35.2203977"><ele>334.2</ele><time>2023-09-18T04:24:11Z</time></trkpt>
<trkpt lat="33.0033833" lon="35.2204172"><ele>334.2</ele><time>2023-09-18T04:24:12Z</time></trkpt>
<trkpt lat="33.0033875" lon="35.2204364"><ele>334.2</ele><time>2023-09-18T04:24:13Z</time></trkpt>
<trkpt lat="33.0033938" lon="35.2204553"><ele>334.2</ele><time>2023-09-18T04:24:14Z</time></trkpt>
<trkpt lat="33.0034011" lon="35.2204737"><ele>334.2</ele><time>2023-09-18T04:24:15Z</time></trkpt>
<trkpt lat="33.003408" lon="35.2204923"><ele>334.1</ele><time>2023-09-18T04:24:16Z</time></trkpt>
<trkpt lat="33.003414" lon="35.2205111"><ele>334.1</ele><time>2023-09-18T04:24:17Z</time></trkpt>
<trkpt lat="33.0034189" lon="35.2205299"><ele>334.1</ele><time>2023-09-18T04:24:18Z</time></trkpt>
<trkpt lat="33.0034234" lon="35.2205485"><ele>334.1</ele><time>2023-09-18T04:24:19Z</time></trkpt>
<trkpt lat="33.0034282" lon="35.2205669"><ele>334.1</ele><time>2023-09-18T04:24:20Z</time></trkpt>
<trkpt lat="33.0034336" lon="35.2205848"><ele>334.1</ele><time>2023-09-18T04:24:21Z</time></trkpt>
<trkpt lat="33.0034394" lon="35.2206022"><ele>334.1</ele><time>2023-09-18T04:24:22Z</time></trkpt>
<trkpt lat="33.0034456" lon="35.2206192"><ele>334.2</ele><time>2023-09-18T04:24:23Z</time></trkpt>
<trkpt lat="33.0034513" lon="35.2206362"><ele>334.2</ele><time>2023-09-18T04:24:24Z</time></trkpt>
<trkpt lat="33.0034561" lon="35.2206533"><ele>334.3</ele><time>2023-09-18T04:24:25Z</time></trkpt>
<trkpt lat="33.0034595" lon="35.2206701"><ele>334.3</ele><time>2023-09-18T04:24:26Z</time></trkpt>
<trkpt lat="33.0034613" lon="35.2206869"><ele>334.4</ele><time>2023-09-18T04:24:27Z</time></trkpt>
<trkpt lat="33.0034632" lon="35.2207035"><ele>334.5</ele><time>2023-09-18T04:24:28Z</time></trkpt>
<trkpt lat="33.0034658" lon="35.2207199"><ele>334.6</ele><time>2023-09-18T04:24:29Z</time></trkpt>
<trkpt lat="33.0034686" lon="35.2207364"><ele>334.8</ele><time>2023-09-18T04:24:30Z</time></trkpt>
<trkpt lat="33.0034717" lon="35.220753"><ele>334.9</ele><time>2023-09-18T04:24:31Z</time></trkpt>
<trkpt lat="33.0034753" lon="35.2207697"><ele>335.0</ele><time>2023-09-18T04:24:32Z</time></trkpt>
<trkpt lat="33.0034796" lon="35.2207863"><ele>335.1</ele><time>2023-09-18T04:24:33Z</time></trkpt>
<trkpt lat="33.0034843" lon="35.2208029"><ele>335.1</ele><time>2023-09-18T04:24:34Z</time></trkpt>
<trkpt lat="33.0034886" lon="35.2208195"><ele>335.2</ele><time>2023-09-18T04:24:35Z</time></trkpt>
<trkpt lat="33.0034917" lon="35.2208365"><ele>335.3</ele><time>2023-09-18T04:24:36Z</time></trkpt>
<trkpt lat="33.0034938" lon="35.2208534"><ele>335.3</ele><time>2023-09-18T04:24:37Z</time></trkpt>
<trkpt lat="33.0034948" lon="35.2208696"><ele>335.3</ele><time>2023-09-18T04:24:38Z</time></trkpt>
<trkpt lat="33.0034951" lon="35.2208846"><ele>335.3</ele><time>2023-09-18T04:24:39Z</time></trkpt>
<trkpt lat="33.0034954" lon="35.2208991"><ele>335.2</ele><time>2023-09-18T04:24:40Z</time></trkpt>
<trkpt lat="33.0034959" lon="35.2209144"><ele>335.1</ele><time>2023-09-18T04:24:41Z</time></trkpt>
<trkpt lat="33.0034967" lon="35.220931"><ele>335.0</ele><time>2023-09-18T04:24:42Z</time></trkpt>
<trkpt lat="33.0034972" lon="35.2209478"><ele>334.8</ele><time>2023-09-18T04:24:43Z</time></trkpt>
<trkpt lat="33.003497" lon="35.2209645"><ele>334.7</ele><time>2023-09-18T04:24:44Z</time></trkpt>
<trkpt lat="33.0034959" lon="35.2209809"><ele>334.5</ele><time>2023-09-18T04:24:45Z</time></trkpt>
<trkpt lat="33.0034935" lon="35.220997"><ele>334.2</ele><time>2023-09-18T04:24:46Z</time></trkpt>
<trkpt lat="33.0034912" lon="35.221013"><ele>334.0</ele><time>2023-09-18T04:24:47Z</time></trkpt>
<trkpt lat="33.0034907" lon="35.2210294"><ele>333.7</ele><time>2023-09-18T04:24:48Z</time></trkpt>
<trkpt lat="33.0034918" lon="35.2210464"><ele>333.4</ele><time>2023-09-18T04:24:49Z</time></trkpt>
<trkpt lat="33.0034934" lon="35.2210637"><ele>333.2</ele><time>2023-09-18T04:24:50Z</time></trkpt>
<trkpt lat="33.0034949" lon="35.2210813"><ele>332.9</ele><time>2023-09-18T04:24:51Z</time></trkpt>
<trkpt lat="33.0034967" lon="35.2210989"><ele>332.6</ele><time>2023-09-18T04:24:52Z</time></trkpt>
<trkpt lat="33.0035" lon="35.2211166"><ele>332.4</ele><time>2023-09-18T04:24:53Z</time></trkpt>
<trkpt lat="33.0035051" lon="35.2211346"><ele>332.2</ele><time>2023-09-18T04:24:54Z</time></trkpt>
<trkpt lat="33.0035111" lon="35.2211526"><ele>332.0</ele><time>2023-09-18T04:24:55Z</time></trkpt>
<trkpt lat="33.0035176" lon="35.2211704"><ele>331.8</ele><time>2023-09-18T04:24:56Z</time></trkpt>
<trkpt lat="33.0035236" lon="35.2211882"><ele>331.6</ele><time>2023-09-18T04:24:57Z</time></trkpt>
<trkpt lat="33.0035281" lon="35.2212061"><ele>331.5</ele><time>2023-09-18T04:24:58Z</time></trkpt>
<trkpt lat="33.003532" lon="35.2212239"><ele>331.4</ele><time>2023-09-18T04:24:59Z</time></trkpt>
<trkpt lat="33.0035354" lon="35.2212419"><ele>331.3</ele><time>2023-09-18T04:25:00Z</time></trkpt>
<trkpt lat="33.0035381" lon="35.2212598"><ele>331.3</ele><time>2023-09-18T04:25:01Z</time></trkpt>
<trkpt lat="33.0035404" lon="35.2212773"><ele>331.4</ele><time>2023-09-18T04:25:02Z</time></trkpt>
<trkpt lat="33.0035428" lon="35.2212947"><ele>331.4</ele><time>2023-09-18T04:25:03Z</time></trkpt>
<trkpt lat="33.0035455" lon="35.2213123"><ele>331.5</ele><time>2023-09-18T04:25:04Z</time></trkpt>
<trkpt lat="33.0035479" lon="35.22133"><ele>331.6</ele><time>2023-09-18T04:25:05Z</time></trkpt>
<trkpt lat="33.0035504" lon="35.2213479"><ele>331.7</ele><time>2023-09-18T04:25:06Z</time></trkpt>
<trkpt lat="33.0035535" lon="35.2213656"><ele>331.8</ele><time>2023-09-18T04:25:07Z</time></trkpt>
<trkpt lat="33.0035566" lon="35.2213832"><ele>332.0</ele><time>2023-09-18T04:25:08Z</time></trkpt>
<trkpt lat="33.00356" lon="35.2214005"><ele>332.2</ele><time>2023-09-18T04:25:09Z</time></trkpt>
<trkpt lat="33.0035639" lon="35.2214173"><ele>332.4</ele><time>2023-09-18T04:25:10Z</time></trkpt>
<trkpt lat="33.0035678" lon="35.2214321"><ele>332.6</ele><time>2023-09-18T04:25:11Z</time></trkpt>
<trkpt lat="33.0035728" lon="35.221444"><ele>332.9</ele><time>2023-09-18T04:25:12Z</time></trkpt>
<trkpt lat="33.0035799" lon="35.2214537"><ele>333.1</ele><time>2023-09-18T04:25:13Z</time></trkpt>
<trkpt lat="33.0035883" lon="35.2214625"><ele>333.4</ele><time>2023-09-18T04:25:14Z</time></trkpt>
<trkpt lat="33.0035973" lon="35.2214713"><ele>333.7</ele><time>2023-09-18T04:25:15Z</time></trkpt>
<trkpt lat="33.0036066" lon="35.2214805"><ele>334.0</ele><time>2023-09-18T04:25:16Z</time></trkpt>
<trkpt lat="33.0036158" lon="35.2214893"><ele>334.3</ele><time>2023-09-18T04:25:17Z</time></trkpt>
<trkpt lat="33.0036248" lon="35.2214973"><ele>334.5</ele><time>2023-09-18T04:25:18Z</time></trkpt>
<trkpt lat="33.0036335" lon="35.2215047"><ele>334.8</ele><time>2023-09-18T04:25:19Z</time></trkpt>
<trkpt lat="33.0036418" lon="35.2215117"><ele>335.2</ele><time>2023-09-18T04:25:20Z</time></trkpt>
<trkpt lat="33.0036498" lon="35.221519"><ele>335.5</ele><time>2023-09-18T04:25:21Z</time></trkpt>
<trkpt lat="33.003657" lon="35.221527"><ele>335.8</ele><time>2023-09-18T04:25:22Z</time></trkpt>
<trkpt lat="33.0036642" lon="35.2215364"><ele>336.1</ele><time>2023-09-18T04:25:23Z</time></trkpt>
<trkpt lat="33.0036715" lon="35.2215468"><ele>336.5</ele><time>2023-09-18T04:25:24Z</time></trkpt>
<trkpt lat="33.0036788" lon="35.2215571"><ele>336.8</ele><time>2023-09-18T04:25:25Z</time></trkpt>
<trkpt lat="33.0036865" lon="35.2215673"><ele>337.2</ele><time>2023-09-18T04:25:26Z</time></trkpt>
<trkpt lat="33.0036946" lon="35.2215773"><ele>337.6</ele><time>2023-09-18T04:25:27Z</time></trkpt>
<trkpt lat="33.0037026" lon="35.2215874"><ele>338.0</ele><time>2023-09-18T04:25:28Z</time></trkpt>
<trkpt lat="33.0037096" lon="35.2215973"><ele>338.4</ele><time>2023-09-18T04:25:29Z</time></trkpt>
<trkpt lat="33.0037152" lon="35.2216067"><ele>338.8</ele><time>2023-09-18T04:25:30Z</time></trkpt>
<trkpt lat="33.0037191" lon="35.2216156"><ele>339.2</ele><time>2023-09-18T04:25:31Z</time></trkpt>
<trkpt lat="33.0037217" lon="35.2216244"><ele>339.6</ele><time>2023-09-18T04:25:32Z</time></trkpt>
<trkpt lat="33.0037229" lon="35.221633"><ele>339.9</ele><time>2023-09-18T04:25:33Z</time></trkpt>
<trkpt lat="33.0037233" lon="35.2216419"><ele>340.3</ele><time>2023-09-18T04:25:34Z</time></trkpt>
<trkpt lat="33.003723" lon="35.2216515"><ele>340.6</ele><time>2023-09-18T04:25:35Z</time></trkpt>
<trkpt lat="33.0037219" lon="35.2216613"><ele>340.9</ele><time>2023-09-18T04:25:36Z</time></trkpt>
<trkpt lat="33.0037198" lon="35.2216712"><ele>341.1</ele><time>2023-09-18T04:25:37Z</time></trkpt>
<trkpt lat="33.0037172" lon="35.2216811"><ele>341.4</ele><time>2023-09-18T04:25:38Z</time></trkpt>
<trkpt lat="33.0037143" lon="35.2216907"><ele>341.5</ele><time>2023-09-18T04:25:39Z</time></trkpt>
<trkpt lat="33.003711" lon="35.2217002"><ele>341.7</ele><time>2023-09-18T04:25:40Z</time></trkpt>
<trkpt lat="33.003707" lon="35.2217097"><ele>341.8</ele><time>2023-09-18T04:25:41Z</time></trkpt>
<trkpt lat="33.0037026" lon="35.2217193"><ele>341.9</ele><time>2023-09-18T04:25:42Z</time></trkpt>
<trkpt lat="33.0036977" lon="35.2217293"><ele>342.0</ele><time>2023-09-18T04:25:43Z</time></trkpt>
<trkpt lat="33.0036927" lon="35.2217398"><ele>342.1</ele><time>2023-09-18T04:25:44Z</time></trkpt>
<trkpt lat="33.003688" lon="35.2217509"><ele>342.1</ele><time>2023-09-18T04:25:45Z</time></trkpt>
<trkpt lat="33.0036838" lon="35.2217628"><ele>342.2</ele><time>2023-09-18T04:25:46Z</time></trkpt>
<trkpt lat="33.0036798" lon="35.2217754"><ele>342.2</ele><time>2023-09-18T04:25:47Z</time></trkpt>
<trkpt lat="33.0036764" lon="35.2217888"><ele>342.2</ele><time>2023-09-18T04:25:48Z</time></trkpt>
<trkpt lat="33.0036735" lon="35.2218031"><ele>342.3</ele><time>2023-09-18T04:25:49Z</time></trkpt>
<trkpt lat="33.0036711" lon="35.2218183"><ele>342.4</ele><time>2023-09-18T04:25:50Z</time></trkpt>
<trkpt lat="33.0036692" lon="35.221834"><ele>342.4</ele><time>2023-09-18T04:25:51Z</time></trkpt>
<trkpt lat="33.0036682" lon="35.2218499"><ele>342.5</ele><time>2023-09-18T04:25:52Z</time></trkpt>
<trkpt lat="33.003668" lon="35.2218659"><ele>342.7</ele><time>2023-09-18T04:25:53Z</time></trkpt>
<trkpt lat="33.0036687" lon="35.2218821"><ele>342.8</ele><time>2023-09-18T04:25:54Z</time></trkpt>
<trkpt lat="33.0036699" lon="35.2218984"><ele>343.0</ele><time>2023-09-18T04:25:55Z</time></trkpt>
<trkpt lat="33.0036712" lon="35.2219145"><ele>343.2</ele><time>2023-09-18T04:25:56Z</time></trkpt>
<trkpt lat="33.0036726" lon="35.2219301"><ele>343.4</ele><time>2023-09-18T04:25:57Z</time></trkpt>
<trkpt lat="33.0036742" lon="35.2219442"><ele>343.6</ele><time>2023-09-18T04:25:58Z</time></trkpt>
<trkpt lat="33.0036761" lon="35.2219574"><ele>343.8</ele><time>2023-09-18T04:25:59Z</time></trkpt>
<trkpt lat="33.0036779" lon="35.2219709"><ele>344.0</ele><time>2023-09-18T04:26:00Z</time></trkpt>
<trkpt lat="33.0036793" lon="35.2219849"><ele>344.2</ele><time>2023-09-18T04:26:01Z</time></trkpt>
<trkpt lat="33.0036801" lon="35.2219982"><ele>344.4</ele><time>2023-09-18T04:26:02Z</time></trkpt>
<trkpt lat="33.0036805" lon="35.2220103"><ele>344.7</ele><time>2023-09-18T04:26:03Z</time></trkpt>
<trkpt lat="33.003681" lon="35.2220221"><ele>344.9</ele><time>2023-09-18T04:26:04Z</time></trkpt>
<trkpt lat="33.0036819" lon="35.222034"><ele>345.1</ele><time>2023-09-18T04:26:05Z</time></trkpt>
<trkpt lat="33.0036832" lon="35.2220459"><ele>345.4</ele><time>2023-09-18T04:26:06Z</time></trkpt>
<trkpt lat="33.003685" lon="35.2220584"><ele>345.6</ele><time>2023-09-18T04:26:07Z</time></trkpt>
<trkpt lat="33.0036873" lon="35.2220719"><ele>345.9</ele><time>2023-09-18T04:26:08Z</time></trkpt>
<trkpt lat="33.0036897" lon="35.222086"><ele>346.1</ele><time>2023-09-18T04:26:09Z</time></trkpt>
<trkpt lat="33.003692" lon="35.2221002"><ele>346.4</ele><time>2023-09-18T04:26:10Z</time></trkpt>
<trkpt lat="33.0036942" lon="35.2221142"><ele>346.6</ele><time>2023-09-18T04:26:11Z</time></trkpt>
<trkpt lat="33.0036965" lon="35.222128"><ele>346.9</ele><time>2023-09-18T04:26:12Z</time></trkpt>
<trkpt lat="33.0036989" lon="35.2221417"><ele>347.1</ele><time>2023-09-18T04:26:13Z</time></trkpt>
<trkpt lat="33.003701" lon="35.2221552"><ele>347.4</ele><time>2023-09-18T04:26:14Z</time></trkpt>
<trkpt lat="33.0037031" lon="35.2221694"><ele>347.6</ele><time>2023-09-18T04:26:15Z</time></trkpt>
<trkpt lat="33.0037053" lon="35.2221845"><ele>347.9</ele><time>2023-09-18T04:26:16Z</time></trkpt>
<trkpt lat="33.0037078" lon="35.2222"><ele>348.1</ele><time>2023-09-18T04:26:17Z</time></trkpt>
<trkpt lat="33.0037103" lon="35.2222157"><ele>348.4</ele><time>2023-09-18T04:26:18Z</time></trkpt>
<trkpt lat="33.0037122" lon="35.2222315"><ele>348.6</ele><time>2023-09-18T04:26:19Z</time></trkpt>
<trkpt lat="33.0037136" lon="35.2222468"><ele>348.8</ele><time>2023-09-18T04:26:20Z</time></trkpt>
<trkpt lat="33.0037148" lon="35.2222615"><ele>349.0</ele><time>2023-09-18T04:26:21Z</time></trkpt>
<trkpt lat="33.003716" lon="35.2222755"><ele>349.2</ele><time>2023-09-18T04:26:22Z</time></trkpt>
<trkpt lat="33.0037177" lon="35.222289"><ele>349.4</ele><time>2023-09-18T04:26:23Z</time></trkpt>
<trkpt lat="33.0037198" lon="35.222302"><ele>349.5</ele><time>2023-09-18T04:26:24Z</time></trkpt>
<trkpt lat="33.0037226" lon="35.2223146"><ele>349.6</ele><time>2023-09-18T04:26:25Z</time></trkpt>
<trkpt lat="33.0037258" lon="35.2223275"><ele>349.7</ele><time>2023-09-18T04:26:26Z</time></trkpt>
<trkpt lat="33.0037295" lon="35.2223413"><ele>349.8</ele><time>2023-09-18T04:26:27Z</time></trkpt>
<trkpt lat="33.0037338" lon="35.2223563"><ele>349.9</ele><time>2023-09-18T04:26:28Z</time></trkpt>
<trkpt lat="33.0037388" lon="35.2223719"><ele>350.0</ele><time>2023-09-18T04:26:29Z</time></trkpt>
<trkpt lat="33.003744" lon="35.2223871"><ele>350.0</ele><time>2023-09-18T04:26:30Z</time></trkpt>
<trkpt lat="33.003749" lon="35.2224015"><ele>350.1</ele><time>2023-09-18T04:26:31Z</time></trkpt>
<trkpt lat="33.0037538" lon="35.2224144"><ele>350.1</ele><time>2023-09-18T04:26:32Z</time></trkpt>
<trkpt lat="33.0037582" lon="35.2224265"><ele>350.1</ele><time>2023-09-18T04:26:33Z</time></trkpt>
<trkpt lat="33.0037624" lon="35.2224386"><ele>350.1</ele><time>2023-09-18T04:26:34Z</time></trkpt>
<trkpt lat="33.0037661" lon="35.2224511"><ele>350.0</ele><time>2023-09-18T04:26:35Z</time></trkpt>
<trkpt lat="33.0037693" lon="35.2224641"><ele>350.0</ele><time>2023-09-18T04:26:36Z</time></trkpt>
<trkpt lat="33.003772" lon="35.222478"><ele>350.0</ele><time>2023-09-18T04:26:37Z</time></trkpt>
<trkpt lat="33.0037741" lon="35.2224924"><ele>350.0</ele><time>2023-09-18T04:26:38Z</time></trkpt>
<trkpt lat="33.003775" lon="35.2225066"><ele>349.9</ele><time>2023-09-18T04:26:39Z</time></trkpt>
<trkpt lat="33.0037746" lon="35.2225203"><ele>349.9</ele><time>2023-09-18T04:26:40Z</time></trkpt>
<trkpt lat="33.0037737" lon="35.2225337"><ele>349.8</ele><time>2023-09-18T04:26:41Z</time></trkpt>
<trkpt lat="33.0037726" lon="35.2225481"><ele>349.7</ele><time>2023-09-18T04:26:42Z</time></trkpt>
<trkpt lat="33.0037713" lon="35.222564"><ele>349.7</ele><time>2023-09-18T04:26:43Z</time></trkpt>
<trkpt lat="33.0037697" lon="35.2225812"><ele>349.6</ele><time>2023-09-18T04:26:44Z</time></trkpt>
<trkpt lat="33.0037677" lon="35.2225993"><ele>349.6</ele><time>2023-09-18T04:26:45Z</time></trkpt>
<trkpt lat="33.0037657" lon="35.2226172"><ele>349.6</ele><time>2023-09-18T04:26:46Z</time></trkpt>
<trkpt lat="33.0037642" lon="35.2226339"><ele>349.5</ele><time>2023-09-18T04:26:47Z</time></trkpt>
<trkpt lat="33.003763" lon="35.2226498"><ele>349.5</ele><time>2023-09-18T04:26:48Z</time></trkpt>
<trkpt lat="33.0037617" lon="35.222665"><ele>349.4</ele><time>2023-09-18T04:26:49Z</time></trkpt>
<trkpt lat="33.0037602" lon="35.2226794"><ele>349.3</ele><time>2023-09-18T04:26:50Z</time></trkpt>
<trkpt lat="33.0037581" lon="35.2226933"><ele>349.3</ele><time>2023-09-18T04:26:51Z</time></trkpt>
<trkpt lat="33.0037555" lon="35.2227067"><ele>349.2</ele><time>2023-09-18T04:26:52Z</time></trkpt>
<trkpt lat="33.0037524" lon="35.2227195"><ele>349.2</ele><time>2023-09-18T04:26:53Z</time></trkpt>
<trkpt lat="33.0037489" lon="35.2227321"><ele>349.1</ele><time>2023-09-18T04:26:54Z</time></trkpt>
<trkpt lat="33.0037447" lon="35.2227444"><ele>349.1</ele><time>2023-09-18T04:26:55Z</time></trkpt>
<trkpt lat="33.0037398" lon="35.2227562"><ele>349.0</ele><time>2023-09-18T04:26:56Z</time></trkpt>
<trkpt lat="33.0037345" lon="35.2227679"><ele>349.0</ele><time>2023-09-18T04:26:57Z</time></trkpt>
<trkpt lat="33.0037291" lon="35.2227798"><ele>348.9</ele><time>2023-09-18T04:26:58Z</time></trkpt>
<trkpt lat="33.0037241" lon="35.2227913"><ele>348.9</ele><time>2023-09-18T04:26:59Z</time></trkpt>
<trkpt lat="33.0037197" lon="35.2228019"><ele>348.8</ele><time>2023-09-18T04:27:00Z</time></trkpt>
<trkpt lat="33.0037158" lon="35.2228117"><ele>348.7</ele><time>2023-09-18T04:27:01Z</time></trkpt>
<trkpt lat="33.003712" lon="35.2228215"><ele>348.6</ele><time>2023-09-18T04:27:02Z</time></trkpt>
<trkpt lat="33.003708" lon="35.2228323"><ele>348.6</ele><time>2023-09-18T04:27:03Z</time></trkpt>
<trkpt lat="33.0037037" lon="35.2228443"><ele>348.5</ele><time>2023-09-18T04:27:04Z</time></trkpt>
<trkpt lat="33.003699" lon="35.2228572"><ele>348.5</ele><time>2023-09-18T04:27:05Z</time></trkpt>
<trkpt lat="33.0036942" lon="35.2228705"><ele>348.4</ele><time>2023-09-18T04:27:06Z</time></trkpt>
<trkpt lat="33.0036891" lon="35.2228839"><ele>348.4</ele><time>2023-09-18T04:27:07Z</time></trkpt>
<trkpt lat="33.0036839" lon="35.2228971"><ele>348.3</ele><time>2023-09-18T04:27:08Z</time></trkpt>
<trkpt lat="33.0036782" lon="35.2229109"><ele>348.3</ele><time>2023-09-18T04:27:09Z</time></trkpt>
<trkpt lat="33.003672" lon="35.2229253"><ele>348.3</ele><time>2023-09-18T04:27:10Z</time></trkpt>
<trkpt lat="33.003666" lon="35.2229396"><ele>348.2</ele><time>2023-09-18T04:27:11Z</time></trkpt>
<trkpt lat="33.0036602" lon="35.2229539"><ele>348.2</ele><time>2023-09-18T04:27:12Z</time></trkpt>
<trkpt lat="33.0036546" lon="35.2229687"><ele>348.1</ele><time>2023-09-18T04:27:13Z</time></trkpt>
<trkpt lat="33.0036493" lon="35.222984"><ele>348.1</ele><time>2023-09-18T04:27:14Z</time></trkpt>
<trkpt lat="33.0036447" lon="35.2229994"><ele>348.0</ele><time>2023-09-18T04:27:15Z</time></trkpt>
<trkpt lat="33.0036417" lon="35.2230145"><ele>348.0</ele><time>2023-09-18T04:27:16Z</time></trkpt>
<trkpt lat="33.0036402" lon="35.2230292"><ele>347.9</ele><time>2023-09-18T04:27:17Z</time></trkpt>
<trkpt lat="33.0036399" lon="35.2230436"><ele>347.9</ele><time>2023-09-18T04:27:18Z</time></trkpt>
<trkpt lat="33.0036405" lon="35.2230577"><ele>347.8</ele><time>2023-09-18T04:27:19Z</time></trkpt>
<trkpt lat="33.0036416" lon="35.2230719"><ele>347.8</ele><time>2023-09-18T04:27:20Z</time></trkpt>
<trkpt lat="33.0036431" lon="35.2230863"><ele>347.7</ele><time>2023-09-18T04:27:21Z</time></trkpt>
<trkpt lat="33.0036454" lon="35.2231008"><ele>347.7</ele><time>2023-09-18T04:27:22Z</time></trkpt>
<trkpt lat="33.0036484" lon="35.2231152"><ele>347.7</ele><time>2023-09-18T04:27:23Z</time></trkpt>
<trkpt lat="33.0036518" lon="35.2231296"><ele>347.6</ele><time>2023-09-18T04:27:24Z</time></trkpt>
<trkpt lat="33.0036556" lon="35.223144"><ele>347.6</ele><time>2023-09-18T04:27:25Z</time></trkpt>
<trkpt lat="33.0036597" lon="35.2231581"><ele>347.6</ele><time>2023-09-18T04:27:26Z</time></trkpt>
<trkpt lat="33.0036642" lon="35.2231722"><ele>347.6</ele><time>2023-09-18T04:27:27Z</time></trkpt>
<trkpt lat="33.0036684" lon="35.2231861"><ele>347.7</ele><time>2023-09-18T04:27:28Z</time></trkpt>
<trkpt lat="33.0036723" lon="35.2232002"><ele>347.7</ele><time>2023-09-18T04:27:29Z</time></trkpt>
<trkpt lat="33.0036759" lon="35.2232146"><ele>347.7</ele><time>2023-09-18T04:27:30Z</time></trkpt>
<trkpt lat="33.0036789" lon="35.2232297"><ele>347.8</ele><time>2023-09-18T04:27:31Z</time></trkpt>
<trkpt lat="33.0036815" lon="35.2232452"><ele>347.8</ele><time>2023-09-18T04:27:32Z</time></trkpt>
<trkpt lat="33.0036836" lon="35.223261"><ele>347.9</ele><time>2023-09-18T04:27:33Z</time></trkpt>
<trkpt lat="33.0036854" lon="35.2232761"><ele>347.9</ele><time>2023-09-18T04:27:34Z</time></trkpt>
<trkpt lat="33.0036876" lon="35.22329"><ele>348.0</ele><time>2023-09-18T04:27:35Z</time></trkpt>
<trkpt lat="33.0036906" lon="35.2233032"><ele>348.1</ele><time>2023-09-18T04:27:36Z</time></trkpt>
<trkpt lat="33.003694" lon="35.2233163"><ele>348.1</ele><time>2023-09-18T04:27:37Z</time></trkpt>
<trkpt lat="33.0036976" lon="35.2233297"><ele>348.2</ele><time>2023-09-18T04:27:38Z</time></trkpt>
<trkpt lat="33.0037012" lon="35.2233438"><ele>348.3</ele><time>2023-09-18T04:27:39Z</time></trkpt>
<trkpt lat="33.0037041" lon="35.2233583"><ele>348.3</ele><time>2023-09-18T04:27:40Z</time></trkpt>
<trkpt lat="33.0037062" lon="35.2233722"><ele>348.4</ele><time>2023-09-18T04:27:41Z</time></trkpt>
<trkpt lat="33.0037081" lon="35.2233851"><ele>348.4</ele><time>2023-09-18T04:27:42Z</time></trkpt>
<trkpt lat="33.0037103" lon="35.2233971"><ele>348.5</ele><time>2023-09-18T04:27:43Z</time></trkpt>
<trkpt lat="33.0037131" lon="35.2234091"><ele>348.6</ele><time>2023-09-18T04:27:44Z</time></trkpt>
<trkpt lat="33.0037167" lon="35.2234219"><ele>348.7</ele><time>2023-09-18T04:27:45Z</time></trkpt>
<trkpt lat="33.0037211" lon="35.2234355"><ele>348.7</ele><time>2023-09-18T04:27:46Z</time></trkpt>
<trkpt lat="33.0037262" lon="35.2234495"><ele>348.8</ele><time>2023-09-18T04:27:47Z</time></trkpt>
<trkpt lat="33.0037317" lon="35.2234632"><ele>348.9</ele><time>2023-09-18T04:27:48Z</time></trkpt>
<trkpt lat="33.0037374" lon="35.2234763"><ele>349.1</ele><time>2023-09-18T04:27:49Z</time></trkpt>
<trkpt lat="33.0037433" lon="35.2234882"><ele>349.2</ele><time>2023-09-18T04:27:50Z</time></trkpt>
<trkpt lat="33.0037495" lon="35.2234986"><ele>349.3</ele><time>2023-09-18T04:27:51Z</time></trkpt>
<trkpt lat="33.0037566" lon="35.2235087"><ele>349.5</ele><time>2023-09-18T04:27:52Z</time></trkpt>
<trkpt lat="33.0037647" lon="35.2235189"><ele>349.6</ele><time>2023-09-18T04:27:53Z</time></trkpt>
<trkpt lat="33.0037731" lon="35.2235284"><ele>349.8</ele><time>2023-09-18T04:27:54Z</time></trkpt>
<trkpt lat="33.0037823" lon="35.2235377"><ele>350.0</ele><time>2023-09-18T04:27:55Z</time></trkpt>
<trkpt lat="33.0037923" lon="35.2235473"><ele>350.2</ele><time>2023-09-18T04:27:56Z</time></trkpt>
<trkpt lat="33.0038015" lon="35.2235562"><ele>350.5</ele><time>2023-09-18T04:27:57Z</time></trkpt>
<trkpt lat="33.0038101" lon="35.2235638"><ele>350.7</ele><time>2023-09-18T04:27:58Z</time></trkpt>
<trkpt lat="33.0038186" lon="35.2235709"><ele>351.0</ele><time>2023-09-18T04:27:59Z</time></trkpt>
<trkpt lat="33.0038277" lon="35.2235781"><ele>351.2</ele><time>2023-09-18T04:28:00Z</time></trkpt>
<trkpt lat="33.0038371" lon="35.2235857"><ele>351.5</ele><time>2023-09-18T04:28:01Z</time></trkpt>
<trkpt lat="33.0038467" lon="35.2235936"><ele>351.8</ele><time>2023-09-18T04:28:02Z</time></trkpt>
<trkpt lat="33.0038563" lon="35.2236019"><ele>352.0</ele><time>2023-09-18T04:28:03Z</time></trkpt>
<trkpt lat="33.0038652" lon="35.2236105"><ele>352.3</ele><time>2023-09-18T04:28:04Z</time></trkpt>
<trkpt lat="33.0038733" lon="35.2236192"><ele>352.6</ele><time>2023-09-18T04:28:05Z</time></trkpt>
<trkpt lat="33.003881" lon="35.2236278"><ele>352.8</ele><time>2023-09-18T04:28:06Z</time></trkpt>
<trkpt lat="33.0038887" lon="35.2236362"><ele>353.1</ele><time>2023-09-18T04:28:07Z</time></trkpt>
<trkpt lat="33.0038967" lon="35.2236445"><ele>353.3</ele><time>2023-09-18T04:28:08Z</time></trkpt>
<trkpt lat="33.0039047" lon="35.2236534"><ele>353.6</ele><time>2023-09-18T04:28:09Z</time></trkpt>
<trkpt lat="33.0039121" lon="35.2236624"><ele>353.8</ele><time>2023-09-18T04:28:10Z</time></trkpt>
<trkpt lat="33.0039185" lon="35.2236716"><ele>354.0</ele><time>2023-09-18T04:28:11Z</time></trkpt>
<trkpt lat="33.0039243" lon="35.2236812"><ele>354.3</ele><time>2023-09-18T04:28:12Z</time></trkpt>
<trkpt lat="33.0039302" lon="35.2236913"><ele>354.4</ele><time>2023-09-18T04:28:13Z</time></trkpt>
<trkpt lat="33.0039364" lon="35.2237022"><ele>354.6</ele><time>2023-09-18T04:28:14Z</time></trkpt>
<trkpt lat="33.0039431" lon="35.223714"><ele>354.8</ele><time>2023-09-18T04:28:15Z</time></trkpt>
<trkpt lat="33.0039498" lon="35.2237264"><ele>355.0</ele><time>2023-09-18T04:28:16Z</time></trkpt>
<trkpt lat="33.0039555" lon="35.2237388"><ele>355.1</ele><time>2023-09-18T04:28:17Z</time></trkpt>
<trkpt lat="33.0039602" lon="35.2237509"><ele>355.3</ele><time>2023-09-18T04:28:18Z</time></trkpt>
<trkpt lat="33.0039645" lon="35.2237628"><ele>355.5</ele><time>2023-09-18T04:28:19Z</time></trkpt>
<trkpt lat="33.0039687" lon="35.2237747"><ele>355.6</ele><time>2023-09-18T04:28:20Z</time></trkpt>
<trkpt lat="33.003973" lon="35.2237868"><ele>355.8</ele><time>2023-09-18T04:28:21Z</time></trkpt>
<trkpt lat="33.0039777" lon="35.2237993"><ele>356.0</ele><time>2023-09-18T04:28:22Z</time></trkpt>
<trkpt lat="33.0039828" lon="35.223812"><ele>356.1</ele><time>2023-09-18T04:28:23Z</time></trkpt>
<trkpt lat="33.0039878" lon="35.2238249"><ele>356.3</ele><time>2023-09-18T04:28:24Z</time></trkpt>
<trkpt lat="33.0039928" lon="35.223838"><ele>356.4</ele><time>2023-09-18T04:28:25Z</time></trkpt>
<trkpt lat="33.0039977" lon="35.2238506"><ele>356.6</ele><time>2023-09-18T04:28:26Z</time></trkpt>
<trkpt lat="33.0040018" lon="35.2238619"><ele>356.8</ele><time>2023-09-18T04:28:27Z</time></trkpt>
<trkpt lat="33.0040052" lon="35.2238722"><ele>356.9</ele><time>2023-09-18T04:28:28Z</time></trkpt>
<trkpt lat="33.0040083" lon="35.2238825"><ele>357.1</ele><time>2023-09-18T04:28:29Z</time></trkpt>
<trkpt lat="33.0040115" lon="35.223893"><ele>357.2</ele><time>2023-09-18T04:28:30Z</time></trkpt>
<trkpt lat="33.0040152" lon="35.2239034"><ele>357.4</ele><time>2023-09-18T04:28:31Z</time></trkpt>
<trkpt lat="33.0040197" lon="35.223914"><ele>357.5</ele><time>2023-09-18T04:28:32Z</time></trkpt>
<trkpt lat="33.0040253" lon="35.2239244"><ele>357.7</ele><time>2023-09-18T04:28:33Z</time></trkpt>
<trkpt lat="33.0040315" lon="35.2239348"><ele>357.8</ele><time>2023-09-18T04:28:34Z</time></trkpt>
<trkpt lat="33.0040378" lon="35.2239455"><ele>358.0</ele><time>2023-09-18T04:28:35Z</time></trkpt>
<trkpt lat="33.0040437" lon="35.2239565"><ele>358.1</ele><time>2023-09-18T04:28:36Z</time></trkpt>
<trkpt lat="33.004049" lon="35.2239676"><ele>358.3</ele><time>2023-09-18T04:28:37Z</time></trkpt>
<trkpt lat="33.0040536" lon="35.2239793"><ele>358.4</ele><time>2023-09-18T04:28:38Z</time></trkpt>
<trkpt lat="33.004058" lon="35.2239918"><ele>358.5</ele><time>2023-09-18T04:28:39Z</time></trkpt>
<trkpt lat="33.0040624" lon="35.2240053"><ele>358.7</ele><time>2023-09-18T04:28:40Z</time></trkpt>
<trkpt lat="33.0040669" lon="35.2240192"><ele>358.9</ele><time>2023-09-18T04:28:41Z</time></trkpt>
<trkpt lat="33.0040713" lon="35.2240328"><ele>359.1</ele><time>2023-09-18T04:28:42Z</time></trkpt>
<trkpt lat="33.0040754" lon="35.2240458"><ele>359.2</ele><time>2023-09-18T04:28:43Z</time></trkpt>
<trkpt lat="33.0040797" lon="35.2240579"><ele>359.4</ele><time>2023-09-18T04:28:44Z</time></trkpt>
<trkpt lat="33.0040837" lon="35.2240691"><ele>359.6</ele><time>2023-09-18T04:28:45Z</time></trkpt>
<trkpt lat="33.0040875" lon="35.2240795"><ele>359.8</ele><time>2023-09-18T04:28:46Z</time></trkpt>
<trkpt lat="33.0040915" lon="35.2240895"><ele>360.0</ele><time>2023-09-18T04:28:47Z</time></trkpt>
<trkpt lat="33.0040958" lon="35.2240997"><ele>360.2</ele><time>2023-09-18T04:28:48Z</time></trkpt>
<trkpt lat="33.0041003" lon="35.2241104"><ele>360.3</ele><time>2023-09-18T04:28:49Z</time></trkpt>
<trkpt lat="33.0041045" lon="35.2241223"><ele>360.5</ele><time>2023-09-18T04:28:50Z</time></trkpt>
<trkpt lat="33.0041083" lon="35.2241351"><ele>360.6</ele><time>2023-09-18T04:28:51Z</time></trkpt>
<trkpt lat="33.0041121" lon="35.2241477"><ele>360.8</ele><time>2023-09-18T04:28:52Z</time></trkpt>
<trkpt lat="33.004116" lon="35.2241593"><ele>360.9</ele><time>2023-09-18T04:28:53Z</time></trkpt>
<trkpt lat="33.0041198" lon="35.22417"><ele>361.1</ele><time>2023-09-18T04:28:54Z</time></trkpt>
<trkpt lat="33.0041238" lon="35.2241803"><ele>361.2</ele><time>2023-09-18T04:28:55Z</time></trkpt>
<trkpt lat="33.0041282" lon="35.2241904"><ele>361.3</ele><time>2023-09-18T04:28:56Z</time></trkpt>
<trkpt lat="33.0041331" lon="35.2242002"><ele>361.4</ele><time>2023-09-18T04:28:57Z</time></trkpt>
<trkpt lat="33.0041383" lon="35.2242098"><ele>361.5</ele><time>2023-09-18T04:28:58Z</time></trkpt>
<trkpt lat="33.0041433" lon="35.2242193"><ele>361.6</ele><time>2023-09-18T04:28:59Z</time></trkpt>
<trkpt lat="33.0041481" lon="35.2242289"><ele>361.7</ele><time>2023-09-18T04:29:00Z</time></trkpt>
<trkpt lat="33.0041532" lon="35.2242394"><ele>361.8</ele><time>2023-09-18T04:29:01Z</time></trkpt>
<trkpt lat="33.0041588" lon="35.2242511"><ele>361.9</ele><time>2023-09-18T04:29:02Z</time></trkpt>
<trkpt lat="33.0041649" lon="35.2242642"><ele>362.0</ele><time>2023-09-18T04:29:03Z</time></trkpt>
<trkpt lat="33.0041711" lon="35.2242786"><ele>362.1</ele><time>2023-09-18T04:29:04Z</time></trkpt>
<trkpt lat="33.0041769" lon="35.224294"><ele>362.3</ele><time>2023-09-18T04:29:05Z</time></trkpt>
<trkpt lat="33.004182" lon="35.2243093"><ele>362.4</ele><time>2023-09-18T04:29:06Z</time></trkpt>
<trkpt lat="33.0041867" lon="35.2243236"><ele>362.5</ele><time>2023-09-18T04:29:07Z</time></trkpt>
<trkpt lat="33.0041916" lon="35.2243367"><ele>362.7</ele><time>2023-09-18T04:29:08Z</time></trkpt>
<trkpt lat="33.0041969" lon="35.2243494"><ele>362.9</ele><time>2023-09-18T04:29:09Z</time></trkpt>
<trkpt lat="33.0042028" lon="35.2243624"><ele>363.0</ele><time>2023-09-18T04:29:10Z</time></trkpt>
<trkpt lat="33.0042092" lon="35.2243755"><ele>363.2</ele><time>2023-09-18T04:29:11Z</time></trkpt>
<trkpt lat="33.0042153" lon="35.2243876"><ele>363.4</ele><time>2023-09-18T04:29:12Z</time></trkpt>
<trkpt lat="33.0042213" lon="35.224399"><ele>363.6</ele><time>2023-09-18T04:29:13Z</time></trkpt>
<trkpt lat="33.0042267" lon="35.2244103"><ele>363.8</ele><time>2023-09-18T04:29:14Z</time></trkpt>
<trkpt lat="33.0042312" lon="35.2244214"><ele>363.9</ele><time>2023-09-18T04:29:15Z</time></trkpt>
<trkpt lat="33.0042342" lon="35.2244324"><ele>364.1</ele><time>2023-09-18T04:29:16Z</time></trkpt>
<trkpt lat="33.0042357" lon="35.2244434"><ele>364.3</ele><time>2023-09-18T04:29:17Z</time></trkpt>
<trkpt lat="33.0042363" lon="35.2244549"><ele>364.5</ele><time>2023-09-18T04:29:18Z</time></trkpt>
<trkpt lat="33.0042369" lon="35.2244675"><ele>364.7</ele><time>2023-09-18T04:29:19Z</time></trkpt>
<trkpt lat="33.0042374" lon="35.2244814"><ele>364.8</ele><time>2023-09-18T04:29:20Z</time></trkpt>
<trkpt lat="33.0042377" lon="35.2244958"><ele>364.9</ele><time>2023-09-18T04:29:21Z</time></trkpt>
<trkpt lat="33.0042374" lon="35.2245105"><ele>365.0</ele><time>2023-09-18T04:29:22Z</time></trkpt>
<trkpt lat="33.0042361" lon="35.2245248"><ele>365.1</ele><time>2023-09-18T04:29:23Z</time></trkpt>
<trkpt lat="33.0042338" lon="35.2245386"><ele>365.2</ele><time>2023-09-18T04:29:24Z</time></trkpt>
<trkpt lat="33.004231" lon="35.2245524"><ele>365.3</ele><time>2023-09-18T04:29:25Z</time></trkpt>
<trkpt lat="33.0042278" lon="35.2245661"><ele>365.3</ele><time>2023-09-18T04:29:26Z</time></trkpt>
<trkpt lat="33.0042245" lon="35.2245795"><ele>365.3</ele><time>2023-09-18T04:29:27Z</time></trkpt>
<trkpt lat="33.0042213" lon="35.2245927"><ele>365.4</ele><time>2023-09-18T04:29:28Z</time></trkpt>
<trkpt lat="33.0042184" lon="35.2246059"><ele>365.4</ele><time>2023-09-18T04:29:29Z</time></trkpt>
<trkpt lat="33.0042158" lon="35.224619"><ele>365.4</ele><time>2023-09-18T04:29:30Z</time></trkpt>
<trkpt lat="33.0042134" lon="35.2246322"><ele>365.4</ele><time>2023-09-18T04:29:31Z</time></trkpt>
<trkpt lat="33.0042113" lon="35.2246455"><ele>365.4</ele><time>2023-09-18T04:29:32Z</time></trkpt>
<trkpt lat="33.0042091" lon="35.2246587"><ele>365.4</ele><time>2023-09-18T04:29:33Z</time></trkpt>
<trkpt lat="33.0042068" lon="35.2246716"><ele>365.4</ele><time>2023-09-18T04:29:34Z</time></trkpt>
<trkpt lat="33.0042042" lon="35.2246844"><ele>365.4</ele><time>2023-09-18T04:29:35Z</time></trkpt>
<trkpt lat="33.0042014" lon="35.2246974"><ele>365.3</ele><time>2023-09-18T04:29:36Z</time></trkpt>
<trkpt lat="33.0041982" lon="35.224711"><ele>365.3</ele><time>2023-09-18T04:29:37Z</time></trkpt>
<trkpt lat="33.0041946" lon="35.2247246"><ele>365.3</ele><time>2023-09-18T04:29:38Z</time></trkpt>
<trkpt lat="33.004191" lon="35.2247379"><ele>365.3</ele><time>2023-09-18T04:29:39Z</time></trkpt>
<trkpt lat="33.0041877" lon="35.2247509"><ele>365.3</ele><time>2023-09-18T04:29:40Z</time></trkpt>
<trkpt lat="33.0041851" lon="35.2247637"><ele>365.2</ele><time>2023-09-18T04:29:41Z</time></trkpt>
<trkpt lat="33.0041832" lon="35.2247769"><ele>365.2</ele><time>2023-09-18T04:29:42Z</time></trkpt>
<trkpt lat="33.0041816" lon="35.2247904"><ele>365.2</ele><time>2023-09-18T04:29:43Z</time></trkpt>
<trkpt lat="33.0041803" lon="35.2248047"><ele>365.2</ele><time>2023-09-18T04:29:44Z</time></trkpt>
<trkpt lat="33.0041791" lon="35.2248205"><ele>365.2</ele><time>2023-09-18T04:29:45Z</time></trkpt>
<trkpt lat="33.004178" lon="35.2248371"><ele>365.3</ele><time>2023-09-18T04:29:46Z</time></trkpt>
<trkpt lat="33.004177" lon="35.224853"><ele>365.3</ele><time>2023-09-18T04:29:47Z</time></trkpt>
<trkpt lat="33.0041761" lon="35.2248678"><ele>365.4</ele><time>2023-09-18T04:29:48Z</time></trkpt>
<trkpt lat="33.0041754" lon="35.2248817"><ele>365.5</ele><time>2023-09-18T04:29:49Z</time></trkpt>
<trkpt lat="33.0041748" lon="35.2248959"><ele>365.6</ele><time>2023-09-18T04:29:50Z</time></trkpt>
<trkpt lat="33.0041743" lon="35.2249111"><ele>365.7</ele><time>2023-09-18T04:29:51Z</time></trkpt>
<trkpt lat="33.0041737" lon="35.2249273"><ele>365.8</ele><time>2023-09-18T04:29:52Z</time></trkpt>
<trkpt lat="33.004173" lon="35.2249438"><ele>365.9</ele><time>2023-09-18T04:29:53Z</time></trkpt>
<trkpt lat="33.0041724" lon="35.2249603"><ele>366.0</ele><time>2023-09-18T04:29:54Z</time></trkpt>
<trkpt lat="33.004172" lon="35.224977"><ele>366.1</ele><time>2023-09-18T04:29:55Z</time></trkpt>
<trkpt lat="33.0041716" lon="35.2249942"><ele>366.2</ele><time>2023-09-18T04:29:56Z</time></trkpt>
<trkpt lat="33.0041713" lon="35.2250116"><ele>366.2</ele><time>2023-09-18T04:29:57Z</time></trkpt>
<trkpt lat="33.0041712" lon="35.2250286"><ele>366.3</ele><time>2023-09-18T04:29:58Z</time></trkpt>
<trkpt lat="33.0041713" lon="35.2250448"><ele>366.4</ele><time>2023-09-18T04:29:59Z</time></trkpt>
<trkpt lat="33.0041716" lon="35.2250606"><ele>366.5</ele><time>2023-09-18T04:30:00Z</time></trkpt>
<trkpt lat="33.0041722" lon="35.2250765"><ele>366.5</ele><time>2023-09-18T04:30:01Z</time></trkpt>
<trkpt lat="33.0041729" lon="35.2250926"><ele>366.6</ele><time>2023-09-18T04:30:02Z</time></trkpt>
<trkpt lat="33.0041737" lon="35.2251088"><ele>366.6</ele><time>2023-09-18T04:30:03Z</time></trkpt>
<trkpt lat="33.0041744" lon="35.2251248"><ele>366.6</ele><time>2023-09-18T04:30:04Z</time></trkpt>
<trkpt lat="33.0041748" lon="35.225141"><ele>366.7</ele><time>2023-09-18T04:30:05Z</time></trkpt>
<trkpt lat="33.0041749" lon="35.2251576"><ele>366.8</ele><time>2023-09-18T04:30:06Z</time></trkpt>
<trkpt lat="33.0041746" lon="35.2251745"><ele>366.8</ele><time>2023-09-18T04:30:07Z</time></trkpt>
<trkpt lat="33.0041743" lon="35.2251916"><ele>366.9</ele><time>2023-09-18T04:30:08Z</time></trkpt>
<trkpt lat="33.0041741" lon="35.2252089"><ele>367.0</ele><time>2023-09-18T04:30:09Z</time></trkpt>
<trkpt lat="33.0041742" lon="35.2252256"><ele>367.0</ele><time>2023-09-18T04:30:10Z</time></trkpt>
<trkpt lat="33.0041745" lon="35.2252414"><ele>367.1</ele><time>2023-09-18T04:30:11Z</time></trkpt>
<trkpt lat="33.0041748" lon="35.2252569"><ele>367.1</ele><time>2023-09-18T04:30:12Z</time></trkpt>
<trkpt lat="33.0041752" lon="35.2252729"><ele>367.2</ele><time>2023-09-18T04:30:13Z</time></trkpt>
<trkpt lat="33.0041757" lon="35.2252898"><ele>367.2</ele><time>2023-09-18T04:30:14Z</time></trkpt>
<trkpt lat="33.0041762" lon="35.2253076"><ele>367.3</ele><time>2023-09-18T04:30:15Z</time></trkpt>
<trkpt lat="33.0041766" lon="35.2253257"><ele>367.4</ele><time>2023-09-18T04:30:16Z</time></trkpt>
<trkpt lat="33.0041768" lon="35.2253438"><ele>367.4</ele><time>2023-09-18T04:30:17Z</time></trkpt>
<trkpt lat="33.0041769" lon="35.2253615"><ele>367.5</ele><time>2023-09-18T04:30:18Z</time></trkpt>
<trkpt lat="33.0041772" lon="35.2253784"><ele>367.6</ele><time>2023-09-18T04:30:19Z</time></trkpt>
<trkpt lat="33.0041779" lon="35.2253945"><ele>367.7</ele><time>2023-09-18T04:30:20Z</time></trkpt>
<trkpt lat="33.0041791" lon="35.2254099"><ele>367.7</ele><time>2023-09-18T04:30:21Z</time></trkpt>
<trkpt lat="33.0041807" lon="35.2254247"><ele>367.8</ele><time>2023-09-18T04:30:22Z</time></trkpt>
<trkpt lat="33.0041826" lon="35.2254394"><ele>367.9</ele><time>2023-09-18T04:30:23Z</time></trkpt>
<trkpt lat="33.0041847" lon="35.2254544"><ele>368.0</ele><time>2023-09-18T04:30:24Z</time></trkpt>
<trkpt lat="33.0041868" lon="35.2254697"><ele>368.1</ele><time>2023-09-18T04:30:25Z</time></trkpt>
<trkpt lat="33.0041886" lon="35.225485"><ele>368.1</ele><time>2023-09-18T04:30:26Z</time></trkpt>
<trkpt lat="33.0041901" lon="35.2255004"><ele>368.2</ele><time>2023-09-18T04:30:27Z</time></trkpt>
<trkpt lat="33.0041914" lon="35.225516"><ele>368.3</ele><time>2023-09-18T04:30:28Z</time></trkpt>
<trkpt lat="33.0041924" lon="35.2255314"><ele>368.4</ele><time>2023-09-18T04:30:29Z</time></trkpt>
<trkpt lat="33.0041932" lon="35.2255462"><ele>368.4</ele><time>2023-09-18T04:30:30Z</time></trkpt>
<trkpt lat="33.004194" lon="35.2255605"><ele>368.5</ele><time>2023-09-18T04:30:31Z</time></trkpt>
<trkpt lat="33.004195" lon="35.2255747"><ele>368.5</ele><time>2023-09-18T04:30:32Z</time></trkpt>
<trkpt lat="33.0041963" lon="35.2255892"><ele>368.5</ele><time>2023-09-18T04:30:33Z</time></trkpt>
<trkpt lat="33.0041977" lon="35.2256037"><ele>368.5</ele><time>2023-09-18T04:30:34Z</time></trkpt>
<trkpt lat="33.0041995" lon="35.2256183"><ele>368.5</ele><time>2023-09-18T04:30:35Z</time></trkpt>
<trkpt lat="33.0042019" lon="35.2256334"><ele>368.4</ele><time>2023-09-18T04:30:36Z</time></trkpt>
<trkpt lat="33.0042049" lon="35.2256492"><ele>368.3</ele><time>2023-09-18T04:30:37Z</time></trkpt>
<trkpt lat="33.0042082" lon="35.2256659"><ele>368.2</ele><time>2023-09-18T04:30:38Z</time></trkpt>
<trkpt lat="33.0042117" lon="35.2256829"><ele>368.1</ele><time>2023-09-18T04:30:39Z</time></trkpt>
<trkpt lat="33.0042148" lon="35.2256988"><ele>367.9</ele><time>2023-09-18T04:30:40Z</time></trkpt>
<trkpt lat="33.0042178" lon="35.2257135"><ele>367.7</ele><time>2023-09-18T04:30:41Z</time></trkpt>
<trkpt lat="33.004221" lon="35.225727"><ele>367.5</ele><time>2023-09-18T04:30:42Z</time></trkpt>
<trkpt lat="33.0042248" lon="35.2257408"><ele>367.3</ele><time>2023-09-18T04:30:43Z</time></trkpt>
<trkpt lat="33.0042291" lon="35.225756"><ele>367.1</ele><time>2023-09-18T04:30:44Z</time></trkpt>
<trkpt lat="33.0042336" lon="35.2257726"><ele>366.9</ele><time>2023-09-18T04:30:45Z</time></trkpt>
<trkpt lat="33.0042381" lon="35.2257898"><ele>366.7</ele><time>2023-09-18T04:30:46Z</time></trkpt>
<trkpt lat="33.0042426" lon="35.2258073"><ele>366.4</ele><time>2023-09-18T04:30:47Z</time></trkpt>
<trkpt lat="33.004247" lon="35.2258245"><ele>366.2</ele><time>2023-09-18T04:30:48Z</time></trkpt>
<trkpt lat="33.0042513" lon="35.2258411"><ele>366.1</ele><time>2023-09-18T04:30:49Z</time></trkpt>
<trkpt lat="33.0042555" lon="35.2258567"><ele>365.9</ele><time>2023-09-18T04:30:50Z</time></trkpt>
<trkpt lat="33.0042596" lon="35.2258714"><ele>365.7</ele><time>2023-09-18T04:30:51Z</time></trkpt>
<trkpt lat="33.0042636" lon="35.2258857"><ele>365.6</ele><time>2023-09-18T04:30:52Z</time></trkpt>
<trkpt lat="33.0042675" lon="35.2259001"><ele>365.4</ele><time>2023-09-18T04:30:53Z</time></trkpt>
<trkpt lat="33.0042713" lon="35.2259145"><ele>365.3</ele><time>2023-09-18T04:30:54Z</time></trkpt>
<trkpt lat="33.0042748" lon="35.2259291"><ele>365.2</ele><time>2023-09-18T04:30:55Z</time></trkpt>
<trkpt lat="33.004278" lon="35.2259439"><ele>365.1</ele><time>2023-09-18T04:30:56Z</time></trkpt>
<trkpt lat="33.0042811" lon="35.2259582"><ele>365.0</ele><time>2023-09-18T04:30:57Z</time></trkpt>
<trkpt lat="33.0042841" lon="35.225972"><ele>364.9</ele><time>2023-09-18T04:30:58Z</time></trkpt>
<trkpt lat="33.0042874" lon="35.2259853"><ele>364.8</ele><time>2023-09-18T04:30:59Z</time></trkpt>
<trkpt lat="33.0042908" lon="35.225999"><ele>364.7</ele><time>2023-09-18T04:31:00Z</time></trkpt>
<trkpt lat="33.0042944" lon="35.2260138"><ele>364.7</ele><time>2023-09-18T04:31:01Z</time></trkpt>
<trkpt lat="33.0042982" lon="35.2260299"><ele>364.6</ele><time>2023-09-18T04:31:02Z</time></trkpt>
<trkpt lat="33.0043024" lon="35.2260466"><ele>364.6</ele><time>2023-09-18T04:31:03Z</time></trkpt>
<trkpt lat="33.004307" lon="35.2260639"><ele>364.6</ele><time>2023-09-18T04:31:04Z</time></trkpt>
<trkpt lat="33.0043118" lon="35.2260814"><ele>364.6</ele><time>2023-09-18T04:31:05Z</time></trkpt>
<trkpt lat="33.0043166" lon="35.2260982"><ele>364.5</ele><time>2023-09-18T04:31:06Z</time></trkpt>
<trkpt lat="33.0043212" lon="35.2261137"><ele>364.5</ele><time>2023-09-18T04:31:07Z</time></trkpt>
<trkpt lat="33.0043255" lon="35.2261283"><ele>364.4</ele><time>2023-09-18T04:31:08Z</time></trkpt>
<trkpt lat="33.0043297" lon="35.2261421"><ele>364.4</ele><time>2023-09-18T04:31:09Z</time></trkpt>
<trkpt lat="33.0043343" lon="35.2261554"><ele>364.4</ele><time>2023-09-18T04:31:10Z</time></trkpt>
<trkpt lat="33.0043394" lon="35.2261683"><ele>364.4</ele><time>2023-09-18T04:31:11Z</time></trkpt>
<trkpt lat="33.0043452" lon="35.226181"><ele>364.4</ele><time>2023-09-18T04:31:12Z</time></trkpt>
<trkpt lat="33.0043519" lon="35.2261939"><ele>364.4</ele><time>2023-09-18T04:31:13Z</time></trkpt>
<trkpt lat="33.0043588" lon="35.2262069"><ele>364.3</ele><time>2023-09-18T04:31:14Z</time></trkpt>
<trkpt lat="33.0043652" lon="35.2262191"><ele>364.3</ele><time>2023-09-18T04:31:15Z</time></trkpt>
<trkpt lat="33.0043708" lon="35.2262309"><ele>364.3</ele><time>2023-09-18T04:31:16Z</time></trkpt>
<trkpt lat="33.0043759" lon="35.2262433"><ele>364.3</ele><time>2023-09-18T04:31:17Z</time></trkpt>
<trkpt lat="33.0043805" lon="35.2262566"><ele>364.3</ele><time>2023-09-18T04:31:18Z</time></trkpt>
<trkpt lat="33.004385" lon="35.2262705"><ele>364.3</ele><time>2023-09-18T04:31:19Z</time></trkpt>
<trkpt lat="33.0043894" lon="35.2262848"><ele>364.3</ele><time>2023-09-18T04:31:20Z</time></trkpt>
<trkpt lat="33.0043938" lon="35.2262997"><ele>364.3</ele><time>2023-09-18T04:31:21Z</time></trkpt>
<trkpt lat="33.0043984" lon="35.2263154"><ele>364.3</ele><time>2023-09-18T04:31:22Z</time></trkpt>
<trkpt lat="33.0044026" lon="35.226331"><ele>364.3</ele><time>2023-09-18T04:31:23Z</time></trkpt>
<trkpt lat="33.004406" lon="35.2263461"><ele>364.3</ele><time>2023-09-18T04:31:24Z</time></trkpt>
<trkpt lat="33.0044081" lon="35.2263604"><ele>364.3</ele><time>2023-09-18T04:31:25Z</time></trkpt>
<trkpt lat="33.0044094" lon="35.2263741"><ele>364.4</ele><time>2023-09-18T04:31:26Z</time></trkpt>
<trkpt lat="33.0044104" lon="35.2263886"><ele>364.4</ele><time>2023-09-18T04:31:27Z</time></trkpt>
<trkpt lat="33.0044118" lon="35.2264039"><ele>364.5</ele><time>2023-09-18T04:31:28Z</time></trkpt>
<trkpt lat="33.0044142" lon="35.2264202"><ele>364.6</ele><time>2023-09-18T04:31:29Z</time></trkpt>
<trkpt lat="33.0044178" lon="35.2264374"><ele>364.6</ele><time>2023-09-18T04:31:30Z</time></trkpt>
<trkpt lat="33.0044223" lon="35.2264546"><ele>364.7</ele><time>2023-09-18T04:31:31Z</time></trkpt>
<trkpt lat="33.0044272" lon="35.2264712"><ele>364.9</ele><time>2023-09-18T04:31:32Z</time></trkpt>
<trkpt lat="33.0044318" lon="35.2264866"><ele>365.0</ele><time>2023-09-18T04:31:33Z</time></trkpt>
<trkpt lat="33.0044358" lon="35.2265013"><ele>365.1</ele><time>2023-09-18T04:31:34Z</time></trkpt>
<trkpt lat="33.0044394" lon="35.2265167"><ele>365.2</ele><time>2023-09-18T04:31:35Z</time></trkpt>
<trkpt lat="33.0044426" lon="35.2265328"><ele>365.4</ele><time>2023-09-18T04:31:36Z</time></trkpt>
<trkpt lat="33.0044457" lon="35.2265492"><ele>365.5</ele><time>2023-09-18T04:31:37Z</time></trkpt>
<trkpt lat="33.0044487" lon="35.226565"><ele>365.6</ele><time>2023-09-18T04:31:38Z</time></trkpt>
<trkpt lat="33.0044518" lon="35.2265804"><ele>365.8</ele><time>2023-09-18T04:31:39Z</time></trkpt>
<trkpt lat="33.0044549" lon="35.2265964"><ele>365.9</ele><time>2023-09-18T04:31:40Z</time></trkpt>
<trkpt lat="33.0044578" lon="35.2266127"><ele>366.0</ele><time>2023-09-18T04:31:41Z</time></trkpt>
<trkpt lat="33.0044602" lon="35.2266292"><ele>366.2</ele><time>2023-09-18T04:31:42Z</time></trkpt>
<trkpt lat="33.0044622" lon="35.226646"><ele>366.3</ele><time>2023-09-18T04:31:43Z</time></trkpt>
<trkpt lat="33.004464" lon="35.2266631"><ele>366.4</ele><time>2023-09-18T04:31:44Z</time></trkpt>
<trkpt lat="33.0044655" lon="35.2266805"><ele>366.6</ele><time>2023-09-18T04:31:45Z</time></trkpt>
<trkpt lat="33.0044672" lon="35.2266976"><ele>366.7</ele><time>2023-09-18T04:31:46Z</time></trkpt>
<trkpt lat="33.0044695" lon="35.2267137"><ele>366.9</ele><time>2023-09-18T04:31:47Z</time></trkpt>
<trkpt lat="33.0044723" lon="35.226729"><ele>367.1</ele><time>2023-09-18T04:31:48Z</time></trkpt>
<trkpt lat="33.0044751" lon="35.2267439"><ele>367.3</ele><time>2023-09-18T04:31:49Z</time></trkpt>
<trkpt lat="33.0044779" lon="35.2267584"><ele>367.4</ele><time>2023-09-18T04:31:50Z</time></trkpt>
<trkpt lat="33.0044804" lon="35.2267719"><ele>367.6</ele><time>2023-09-18T04:31:51Z</time></trkpt>
<trkpt lat="33.0044827" lon="35.2267849"><ele>367.8</ele><time>2023-09-18T04:31:52Z</time></trkpt>
<trkpt lat="33.0044849" lon="35.226798"><ele>368.0</ele><time>2023-09-18T04:31:53Z</time></trkpt>
<trkpt lat="33.0044872" lon="35.2268114"><ele>368.2</ele><time>2023-09-18T04:31:54Z</time></trkpt>
<trkpt lat="33.0044895" lon="35.226825"><ele>368.4</ele><time>2023-09-18T04:31:55Z</time></trkpt>
<trkpt lat="33.0044916" lon="35.2268383"><ele>368.6</ele><time>2023-09-18T04:31:56Z</time></trkpt>
<trkpt lat="33.0044932" lon="35.2268516"><ele>368.8</ele><time>2023-09-18T04:31:57Z</time></trkpt>
<trkpt lat="33.0044945" lon="35.2268652"><ele>368.9</ele><time>2023-09-18T04:31:58Z</time></trkpt>
<trkpt lat="33.0044959" lon="35.2268795"><ele>369.1</ele><time>2023-09-18T04:31:59Z</time></trkpt>
<trkpt lat="33.0044979" lon="35.2268944"><ele>369.2</ele><time>2023-09-18T04:32:00Z</time></trkpt>
<trkpt lat="33.0045006" lon="35.2269099"><ele>369.4</ele><time>2023-09-18T04:32:01Z</time></trkpt>
<trkpt lat="33.0045039" lon="35.2269252"><ele>369.5</ele><time>2023-09-18T04:32:02Z</time></trkpt>
<trkpt lat="33.0045075" lon="35.2269404"><ele>369.6</ele><time>2023-09-18T04:32:03Z</time></trkpt>
<trkpt lat="33.004511" lon="35.226956"><ele>369.7</ele><time>2023-09-18T04:32:04Z</time></trkpt>
<trkpt lat="33.0045142" lon="35.2269717"><ele>369.8</ele><time>2023-09-18T04:32:05Z</time></trkpt>
<trkpt lat="33.0045168" lon="35.2269868"><ele>369.9</ele><time>2023-09-18T04:32:06Z</time></trkpt>
<trkpt lat="33.0045188" lon="35.227001"><ele>370.0</ele><time>2023-09-18T04:32:07Z</time></trkpt>
<trkpt lat="33.0045203" lon="35.2270147"><ele>370.1</ele><time>2023-09-18T04:32:08Z</time></trkpt>
<trkpt lat="33.0045218" lon="35.227029"><ele>370.1</ele><time>2023-09-18T04:32:09Z</time></trkpt>
<trkpt lat="33.0045233" lon="35.2270446"><ele>370.2</ele><time>2023-09-18T04:32:10Z</time></trkpt>
<trkpt lat="33.0045252" lon="35.2270612"><ele>370.2</ele><time>2023-09-18T04:32:11Z</time></trkpt>
<trkpt lat="33.0045274" lon="35.2270785"><ele>370.3</ele><time>2023-09-18T04:32:12Z</time></trkpt>
<trkpt lat="33.0045296" lon="35.2270961"><ele>370.3</ele><time>2023-09-18T04:32:13Z</time></trkpt>
<trkpt lat="33.0045317" lon="35.2271137"><ele>370.3</ele><time>2023-09-18T04:32:14Z</time></trkpt>
<trkpt lat="33.0045337" lon="35.2271307"><ele>370.4</ele><time>2023-09-18T04:32:15Z</time></trkpt>
<trkpt lat="33.0045356" lon="35.2271472"><ele>370.4</ele><time>2023-09-18T04:32:16Z</time></trkpt>
<trkpt lat="33.0045377" lon="35.2271633"><ele>370.4</ele><time>2023-09-18T04:32:17Z</time></trkpt>
<trkpt lat="33.00454" lon="35.2271785"><ele>370.4</ele><time>2023-09-18T04:32:18Z</time></trkpt>
<trkpt lat="33.0045429" lon="35.2271933"><ele>370.5</ele><time>2023-09-18T04:32:19Z</time></trkpt>
<trkpt lat="33.0045461" lon="35.2272079"><ele>370.5</ele><time>2023-09-18T04:32:20Z</time></trkpt>
<trkpt lat="33.004549" lon="35.2272217"><ele>370.5</ele><time>2023-09-18T04:32:21Z</time></trkpt>
<trkpt lat="33.0045516" lon="35.2272342"><ele>370.6</ele><time>2023-09-18T04:32:22Z</time></trkpt>
<trkpt lat="33.0045541" lon="35.2272465"><ele>370.6</ele><time>2023-09-18T04:32:23Z</time></trkpt>
<trkpt lat="33.0045568" lon="35.2272603"><ele>370.6</ele><time>2023-09-18T04:32:24Z</time></trkpt>
<trkpt lat="33.0045599" lon="35.2272761"><ele>370.7</ele><time>2023-09-18T04:32:25Z</time></trkpt>
<trkpt lat="33.0045631" lon="35.2272933"><ele>370.7</ele><time>2023-09-18T04:32:26Z</time></trkpt>
<trkpt lat="33.0045664" lon="35.227311"><ele>370.8</ele><time>2023-09-18T04:32:27Z</time></trkpt>
<trkpt lat="33.0045703" lon="35.2273286"><ele>370.8</ele><time>2023-09-18T04:32:28Z</time></trkpt>
<trkpt lat="33.0045753" lon="35.227345"><ele>370.9</ele><time>2023-09-18T04:32:29Z</time></trkpt>
<trkpt lat="33.004581" lon="35.22736"><ele>370.9</ele><time>2023-09-18T04:32:30Z</time></trkpt>
<trkpt lat="33.0045868" lon="35.2273737"><ele>371.0</ele><time>2023-09-18T04:32:31Z</time></trkpt>
<trkpt lat="33.004593" lon="35.2273862"><ele>371.0</ele><time>2023-09-18T04:32:32Z</time></trkpt>
<trkpt lat="33.0046001" lon="35.2273978"><ele>371.1</ele><time>2023-09-18T04:32:33Z</time></trkpt>
<trkpt lat="33.004608" lon="35.227409"><ele>371.1</ele><time>2023-09-18T04:32:34Z</time></trkpt>
<trkpt lat="33.0046164" lon="35.2274206"><ele>371.2</ele><time>2023-09-18T04:32:35Z</time></trkpt>
<trkpt lat="33.0046251" lon="35.2274331"><ele>371.3</ele><time>2023-09-18T04:32:36Z</time></trkpt>
<trkpt lat="33.0046341" lon="35.2274461"><ele>371.3</ele><time>2023-09-18T04:32:37Z</time></trkpt>
<trkpt lat="33.0046428" lon="35.2274592"><ele>371.4</ele><time>2023-09-18T04:32:38Z</time></trkpt>
<trkpt lat="33.00465" lon="35.2274711"><ele>371.5</ele><time>2023-09-18T04:32:39Z</time></trkpt>
<trkpt lat="33.0046561" lon="35.2274824"><ele>371.7</ele><time>2023-09-18T04:32:40Z</time></trkpt>
<trkpt lat="33.0046621" lon="35.2274941"><ele>371.8</ele><time>2023-09-18T04:32:41Z</time></trkpt>
<trkpt lat="33.004668" lon="35.2275063"><ele>371.9</ele><time>2023-09-18T04:32:42Z</time></trkpt>
<trkpt lat="33.0046741" lon="35.2275193"><ele>372.0</ele><time>2023-09-18T04:32:43Z</time></trkpt>
<trkpt lat="33.0046806" lon="35.227533"><ele>372.1</ele><time>2023-09-18T04:32:44Z</time></trkpt>
<trkpt lat="33.0046873" lon="35.2275477"><ele>372.3</ele><time>2023-09-18T04:32:45Z</time></trkpt>
<trkpt lat="33.0046939" lon="35.2275632"><ele>372.4</ele><time>2023-09-18T04:32:46Z</time></trkpt>
<trkpt lat="33.0047002" lon="35.2275789"><ele>372.5</ele><time>2023-09-18T04:32:47Z</time></trkpt>
<trkpt lat="33.0047061" lon="35.2275945"><ele>372.7</ele><time>2023-09-18T04:32:48Z</time></trkpt>
<trkpt lat="33.004712" lon="35.2276096"><ele>372.8</ele><time>2023-09-18T04:32:49Z</time></trkpt>
<trkpt lat="33.0047183" lon="35.2276238"><ele>372.9</ele><time>2023-09-18T04:32:50Z</time></trkpt>
<trkpt lat="33.0047248" lon="35.2276371"><ele>373.1</ele><time>2023-09-18T04:32:51Z</time></trkpt>
<trkpt lat="33.0047316" lon="35.2276499"><ele>373.2</ele><time>2023-09-18T04:32:52Z</time></trkpt>
<trkpt lat="33.0047386" lon="35.2276619"><ele>373.3</ele><time>2023-09-18T04:32:53Z</time></trkpt>
<trkpt lat="33.0047459" lon="35.227673"><ele>373.5</ele><time>2023-09-18T04:32:54Z</time></trkpt>
<trkpt lat="33.0047538" lon="35.2276834"><ele>373.6</ele><time>2023-09-18T04:32:55Z</time></trkpt>
<trkpt lat="33.0047627" lon="35.227693"><ele>373.7</ele><time>2023-09-18T04:32:56Z</time></trkpt>
<trkpt lat="33.0047727" lon="35.2277017"><ele>373.9</ele><time>2023-09-18T04:32:57Z</time></trkpt>
<trkpt lat="33.0047836" lon="35.2277091"><ele>374.1</ele><time>2023-09-18T04:32:58Z</time></trkpt>
<trkpt lat="33.0047952" lon="35.227715"><ele>374.3</ele><time>2023-09-18T04:32:59Z</time></trkpt>
<trkpt lat="33.0048074" lon="35.2277192"><ele>374.4</ele><time>2023-09-18T04:33:00Z</time></trkpt>
<trkpt lat="33.0048203" lon="35.2277217"><ele>374.6</ele><time>2023-09-18T04:33:01Z</time></trkpt>
<trkpt lat="33.0048334" lon="35.2277223"><ele>374.8</ele><time>2023-09-18T04:33:02Z</time></trkpt>
<trkpt lat="33.0048466" lon="35.2277207"><ele>375.0</ele><time>2023-09-18T04:33:03Z</time></trkpt>
<trkpt lat="33.0048588" lon="35.2277166"><ele>375.2</ele><time>2023-09-18T04:33:04Z</time></trkpt>
<trkpt lat="33.0048694" lon="35.2277104"><ele>375.4</ele><time>2023-09-18T04:33:05Z</time></trkpt>
<trkpt lat="33.0048788" lon="35.2277022"><ele>375.5</ele><time>2023-09-18T04:33:06Z</time></trkpt>
<trkpt lat="33.0048873" lon="35.2276921"><ele>375.7</ele><time>2023-09-18T04:33:07Z</time></trkpt>
<trkpt lat="33.0048954" lon="35.2276801"><ele>375.9</ele><time>2023-09-18T04:33:08Z</time></trkpt>
<trkpt lat="33.004904" lon="35.2276662"><ele>376.1</ele><time>2023-09-18T04:33:09Z</time></trkpt>
<trkpt lat="33.0049132" lon="35.2276506"><ele>376.3</ele><time>2023-09-18T04:33:10Z</time></trkpt>
<trkpt lat="33.0049219" lon="35.2276345"><ele>376.4</ele><time>2023-09-18T04:33:11Z</time></trkpt>
<trkpt lat="33.0049297" lon="35.2276191"><ele>376.5</ele><time>2023-09-18T04:33:12Z</time></trkpt>
<trkpt lat="33.0049364" lon="35.2276051"><ele>376.6</ele><time>2023-09-18T04:33:13Z</time></trkpt>
<trkpt lat="33.0049422" lon="35.227592"><ele>376.7</ele><time>2023-09-18T04:33:14Z</time></trkpt>
<trkpt lat="33.0049475" lon="35.2275792"><ele>376.7</ele><time>2023-09-18T04:33:15Z</time></trkpt>
<trkpt lat="33.0049523" lon="35.2275659"><ele>376.8</ele><time>2023-09-18T04:33:16Z</time></trkpt>
<trkpt lat="33.0049565" lon="35.2275512"><ele>376.9</ele><time>2023-09-18T04:33:17Z</time></trkpt>
<trkpt lat="33.0049606" lon="35.2275355"><ele>377.0</ele><time>2023-09-18T04:33:18Z</time></trkpt>
<trkpt lat="33.0049648" lon="35.2275191"><ele>377.1</ele><time>2023-09-18T04:33:19Z</time></trkpt>
<trkpt lat="33.004969" lon="35.2275024"><ele>377.2</ele><time>2023-09-18T04:33:20Z</time></trkpt>
<trkpt lat="33.0049732" lon="35.2274865"><ele>377.3</ele><time>2023-09-18T04:33:21Z</time></trkpt>
<trkpt lat="33.0049783" lon="35.2274716"><ele>377.4</ele><time>2023-09-18T04:33:22Z</time></trkpt>
<trkpt lat="33.0049842" lon="35.2274572"><ele>377.5</ele><time>2023-09-18T04:33:23Z</time></trkpt>
<trkpt lat="33.00499" lon="35.2274439"><ele>377.7</ele><time>2023-09-18T04:33:24Z</time></trkpt>
<trkpt lat="33.0049954" lon="35.2274314"><ele>377.9</ele><time>2023-09-18T04:33:25Z</time></trkpt>
<trkpt lat="33.0050002" lon="35.2274187"><ele>378.1</ele><time>2023-09-18T04:33:26Z</time></trkpt>
<trkpt lat="33.0050046" lon="35.2274049"><ele>378.3</ele><time>2023-09-18T04:33:27Z</time></trkpt>
<trkpt lat="33.0050094" lon="35.2273896"><ele>378.5</ele><time>2023-09-18T04:33:28Z</time></trkpt>
<trkpt lat="33.0050145" lon="35.2273735"><ele>378.8</ele><time>2023-09-18T04:33:29Z</time></trkpt>
<trkpt lat="33.0050199" lon="35.2273572"><ele>379.0</ele><time>2023-09-18T04:33:30Z</time></trkpt>
<trkpt lat="33.0050255" lon="35.2273415"><ele>379.3</ele><time>2023-09-18T04:33:31Z</time></trkpt>
<trkpt lat="33.0050309" lon="35.2273267"><ele>379.5</ele><time>2023-09-18T04:33:32Z</time></trkpt>
<trkpt lat="33.005036" lon="35.2273131"><ele>379.8</ele><time>2023-09-18T04:33:33Z</time></trkpt>
<trkpt lat="33.0050409" lon="35.2272997"><ele>380.0</ele><time>2023-09-18T04:33:34Z</time></trkpt>
<trkpt lat="33.0050452" lon="35.2272858"><ele>380.2</ele><time>2023-09-18T04:33:35Z</time></trkpt>
<trkpt lat="33.0050491" lon="35.2272707"><ele>380.5</ele><time>2023-09-18T04:33:36Z</time></trkpt>
<trkpt lat="33.0050524" lon="35.2272541"><ele>380.7</ele><time>2023-09-18T04:33:37Z</time></trkpt>
<trkpt lat="33.0050553" lon="35.227236"><ele>380.9</ele><time>2023-09-18T04:33:38Z</time></trkpt>
<trkpt lat="33.0050577" lon="35.2272168"><ele>381.1</ele><time>2023-09-18T04:33:39Z</time></trkpt>
<trkpt lat="33.0050601" lon="35.2271973"><ele>381.3</ele><time>2023-09-18T04:33:40Z</time></trkpt>
<trkpt lat="33.0050629" lon="35.2271785"><ele>381.5</ele><time>2023-09-18T04:33:41Z</time></trkpt>
<trkpt lat="33.0050663" lon="35.2271597"><ele>381.7</ele><time>2023-09-18T04:33:42Z</time></trkpt>
<trkpt lat="33.0050699" lon="35.2271413"><ele>381.9</ele><time>2023-09-18T04:33:43Z</time></trkpt>
<trkpt lat="33.0050734" lon="35.2271242"><ele>382.0</ele><time>2023-09-18T04:33:44Z</time></trkpt>
<trkpt lat="33.0050766" lon="35.2271088"><ele>382.1</ele><time>2023-09-18T04:33:45Z</time></trkpt>
<trkpt lat="33.005079" lon="35.2270947"><ele>382.2</ele><time>2023-09-18T04:33:46Z</time></trkpt>
<trkpt lat="33.0050803" lon="35.2270806"><ele>382.4</ele><time>2023-09-18T04:33:47Z</time></trkpt>
<trkpt lat="33.0050808" lon="35.2270651"><ele>382.4</ele><time>2023-09-18T04:33:48Z</time></trkpt>
<trkpt lat="33.0050808" lon="35.227048"><ele>382.5</ele><time>2023-09-18T04:33:49Z</time></trkpt>
<trkpt lat="33.0050809" lon="35.2270296"><ele>382.6</ele><time>2023-09-18T04:33:50Z</time></trkpt>
<trkpt lat="33.0050813" lon="35.2270107"><ele>382.6</ele><time>2023-09-18T04:33:51Z</time></trkpt>
<trkpt lat="33.0050822" lon="35.2269916"><ele>382.7</ele><time>2023-09-18T04:33:52Z</time></trkpt>
<trkpt lat="33.0050836" lon="35.2269723"><ele>382.8</ele><time>2023-09-18T04:33:53Z</time></trkpt>
<trkpt lat="33.005085" lon="35.2269528"><ele>382.8</ele><time>2023-09-18T04:33:54Z</time></trkpt>
<trkpt lat="33.005086" lon="35.2269332"><ele>382.9</ele><time>2023-09-18T04:33:55Z</time></trkpt>
<trkpt lat="33.0050863" lon="35.226914"><ele>383.0</ele><time>2023-09-18T04:33:56Z</time></trkpt>
<trkpt lat="33.0050862" lon="35.2268952"><ele>383.0</ele><time>2023-09-18T04:33:57Z</time></trkpt>
<trkpt lat="33.0050863" lon="35.2268769"><ele>383.1</ele><time>2023-09-18T04:33:58Z</time></trkpt>
<trkpt lat="33.0050868" lon="35.2268588"><ele>383.2</ele><time>2023-09-18T04:33:59Z</time></trkpt>
<trkpt lat="33.0050876" lon="35.2268413"><ele>383.2</ele><time>2023-09-18T04:34:00Z</time></trkpt>
<trkpt lat="33.0050888" lon="35.2268247"><ele>383.3</ele><time>2023-09-18T04:34:01Z</time></trkpt>
<trkpt lat="33.0050904" lon="35.2268096"><ele>383.4</ele><time>2023-09-18T04:34:02Z</time></trkpt>
<trkpt lat="33.0050921" lon="35.2267956"><ele>383.4</ele><time>2023-09-18T04:34:03Z</time></trkpt>
<trkpt lat="33.0050937" lon="35.2267828"><ele>383.5</ele><time>2023-09-18T04:34:04Z</time></trkpt>
<trkpt lat="33.0050945" lon="35.2267706"><ele>383.5</ele><time>2023-09-18T04:34:05Z</time></trkpt>
<trkpt lat="33.0050948" lon="35.2267585"><ele>383.5</ele><time>2023-09-18T04:34:06Z</time></trkpt>
<trkpt lat="33.0050946" lon="35.2267458"><ele>383.6</ele><time>2023-09-18T04:34:07Z</time></trkpt>
<trkpt lat="33.0050944" lon="35.2267325"><ele>383.6</ele><time>2023-09-18T04:34:08Z</time></trkpt>
<trkpt lat="33.0050946" lon="35.2267183"><ele>383.6</ele><time>2023-09-18T04:34:09Z</time></trkpt>
<trkpt lat="33.0050953" lon="35.2267031"><ele>383.6</ele><time>2023-09-18T04:34:10Z</time></trkpt>
<trkpt lat="33.0050965" lon="35.226687"><ele>383.6</ele><time>2023-09-18T04:34:11Z</time></trkpt>
<trkpt lat="33.005098" lon="35.2266698"><ele>383.5</ele><time>2023-09-18T04:34:12Z</time></trkpt>
<trkpt lat="33.0050991" lon="35.2266524"><ele>383.5</ele><time>2023-09-18T04:34:13Z</time></trkpt>
<trkpt lat="33.0050998" lon="35.2266347"><ele>383.4</ele><time>2023-09-18T04:34:14Z</time></trkpt>
<trkpt lat="33.0051005" lon="35.2266168"><ele>383.4</ele><time>2023-09-18T04:34:15Z</time></trkpt>
<trkpt lat="33.0051011" lon="35.2265987"><ele>383.3</ele><time>2023-09-18T04:34:16Z</time></trkpt>
<trkpt lat="33.0051017" lon="35.2265807"><ele>383.3</ele><time>2023-09-18T04:34:17Z</time></trkpt>
<trkpt lat="33.0051026" lon="35.2265632"><ele>383.2</ele><time>2023-09-18T04:34:18Z</time></trkpt>
<trkpt lat="33.005104" lon="35.2265461"><ele>383.2</ele><time>2023-09-18T04:34:19Z</time></trkpt>
<trkpt lat="33.0051062" lon="35.2265295"><ele>383.1</ele><time>2023-09-18T04:34:20Z</time></trkpt>
<trkpt lat="33.0051089" lon="35.2265139"><ele>383.1</ele><time>2023-09-18T04:34:21Z</time></trkpt>
<trkpt lat="33.005112" lon="35.2264998"><ele>383.0</ele><time>2023-09-18T04:34:22Z</time></trkpt>
<trkpt lat="33.0051154" lon="35.2264873"><ele>383.0</ele><time>2023-09-18T04:34:23Z</time></trkpt>
<trkpt lat="33.0051186" lon="35.226476"><ele>382.9</ele><time>2023-09-18T04:34:24Z</time></trkpt>
<trkpt lat="33.0051217" lon="35.2264658"><ele>382.9</ele><time>2023-09-18T04:34:25Z</time></trkpt>
<trkpt lat="33.0051248" lon="35.2264563"><ele>382.8</ele><time>2023-09-18T04:34:26Z</time></trkpt>
<trkpt lat="33.0051283" lon="35.2264469"><ele>382.8</ele><time>2023-09-18T04:34:27Z</time></trkpt>
<trkpt lat="33.0051324" lon="35.2264372"><ele>382.7</ele><time>2023-09-18T04:34:28Z</time></trkpt>
<trkpt lat="33.0051368" lon="35.2264274"><ele>382.7</ele><time>2023-09-18T04:34:29Z</time></trkpt>
<trkpt lat="33.0051412" lon="35.2264177"><ele>382.7</ele><time>2023-09-18T04:34:30Z</time></trkpt>
<trkpt lat="33.0051454" lon="35.226408"><ele>382.6</ele><time>2023-09-18T04:34:31Z</time></trkpt>
<trkpt lat="33.0051494" lon="35.2263986"><ele>382.6</ele><time>2023-09-18T04:34:32Z</time></trkpt>
<trkpt lat="33.0051533" lon="35.2263896"><ele>382.6</ele><time>2023-09-18T04:34:33Z</time></trkpt>
<trkpt lat="33.005157" lon="35.226381"><ele>382.6</ele><time>2023-09-18T04:34:34Z</time></trkpt>
<trkpt lat="33.0051606" lon="35.2263727"><ele>382.6</ele><time>2023-09-18T04:34:35Z</time></trkpt>
<trkpt lat="33.0051642" lon="35.2263645"><ele>382.6</ele><time>2023-09-18T04:34:36Z</time></trkpt>
<trkpt lat="33.005168" lon="35.2263561"><ele>382.7</ele><time>2023-09-18T04:34:37Z</time></trkpt>
<trkpt lat="33.0051719" lon="35.2263472"><ele>382.7</ele><time>2023-09-18T04:34:38Z</time></trkpt>
<trkpt lat="33.0051761" lon="35.2263379"><ele>382.7</ele><time>2023-09-18T04:34:39Z</time></trkpt>
<trkpt lat="33.0051808" lon="35.2263288"><ele>382.8</ele><time>2023-09-18T04:34:40Z</time></trkpt>
<trkpt lat="33.005186" lon="35.2263203"><ele>382.8</ele><time>2023-09-18T04:34:41Z</time></trkpt>
<trkpt lat="33.0051916" lon="35.2263124"><ele>382.9</ele><time>2023-09-18T04:34:42Z</time></trkpt>
<trkpt lat="33.0051978" lon="35.2263048"><ele>383.0</ele><time>2023-09-18T04:34:43Z</time></trkpt>
<trkpt lat="33.0052044" lon="35.2262968"><ele>383.1</ele><time>2023-09-18T04:34:44Z</time></trkpt>
<trkpt lat="33.0052113" lon="35.2262881"><ele>383.2</ele><time>2023-09-18T04:34:45Z</time></trkpt>
<trkpt lat="33.0052183" lon="35.226279"><ele>383.2</ele><time>2023-09-18T04:34:46Z</time></trkpt>
<trkpt lat="33.0052251" lon="35.2262701"><ele>383.3</ele><time>2023-09-18T04:34:47Z</time></trkpt>
<trkpt lat="33.0052314" lon="35.2262616"><ele>383.4</ele><time>2023-09-18T04:34:48Z</time></trkpt>
<trkpt lat="33.0052374" lon="35.2262531"><ele>383.5</ele><time>2023-09-18T04:34:49Z</time></trkpt>
<trkpt lat="33.0052433" lon="35.2262446"><ele>383.6</ele><time>2023-09-18T04:34:50Z</time></trkpt>
<trkpt lat="33.0052489" lon="35.2262361"><ele>383.7</ele><time>2023-09-18T04:34:51Z</time></trkpt>
<trkpt lat="33.0052543" lon="35.2262273"><ele>383.8</ele><time>2023-09-18T04:34:52Z</time></trkpt>
<trkpt lat="33.0052597" lon="35.2262175"><ele>383.9</ele><time>2023-09-18T04:34:53Z</time></trkpt>
<trkpt lat="33.0052652" lon="35.2262064"><ele>384.0</ele><time>2023-09-18T04:34:54Z</time></trkpt>
<trkpt lat="33.0052706" lon="35.2261947"><ele>384.0</ele><time>2023-09-18T04:34:55Z</time></trkpt>
<trkpt lat="33.0052757" lon="35.2261829"><ele>384.1</ele><time>2023-09-18T04:34:56Z</time></trkpt>
<trkpt lat="33.0052811" lon="35.2261707"><ele>384.2</ele><time>2023-09-18T04:34:57Z</time></trkpt>
<trkpt lat="33.0052863" lon="35.2261579"><ele>384.3</ele><time>2023-09-18T04:34:58Z</time></trkpt>
<trkpt lat="33.005291" lon="35.2261449"><ele>384.4</ele><time>2023-09-18T04:34:59Z</time></trkpt>
<trkpt lat="33.0052951" lon="35.2261316"><ele>384.5</ele><time>2023-09-18T04:35:00Z</time></trkpt>
<trkpt lat="33.0052984" lon="35.2261185"><ele>384.7</ele><time>2023-09-18T04:35:01Z</time></trkpt>
<trkpt lat="33.005301" lon="35.2261057"><ele>384.8</ele><time>2023-09-18T04:35:02Z</time></trkpt>
<trkpt lat="33.0053028" lon="35.2260932"><ele>384.9</ele><time>2023-09-18T04:35:03Z</time></trkpt>
<trkpt lat="33.0053041" lon="35.2260803"><ele>385.0</ele><time>2023-09-18T04:35:04Z</time></trkpt>
<trkpt lat="33.0053051" lon="35.2260664"><ele>385.2</ele><time>2023-09-18T04:35:05Z</time></trkpt>
<trkpt lat="33.0053059" lon="35.2260516"><ele>385.3</ele><time>2023-09-18T04:35:06Z</time></trkpt>
<trkpt lat="33.0053062" lon="35.2260362"><ele>385.4</ele><time>2023-09-18T04:35:07Z</time></trkpt>
<trkpt lat="33.005306" lon="35.2260199"><ele>385.5</ele><time>2023-09-18T04:35:08Z</time></trkpt>
<trkpt lat="33.0053055" lon="35.2260027"><ele>385.7</ele><time>2023-09-18T04:35:09Z</time></trkpt>
<trkpt lat="33.0053049" lon="35.225985"><ele>385.8</ele><time>2023-09-18T04:35:10Z</time></trkpt>
<trkpt lat="33.0053046" lon="35.2259677"><ele>385.9</ele><time>2023-09-18T04:35:11Z</time></trkpt>
<trkpt lat="33.0053046" lon="35.2259515"><ele>386.0</ele><time>2023-09-18T04:35:12Z</time></trkpt>
<trkpt lat="33.0053045" lon="35.2259362"><ele>386.1</ele><time>2023-09-18T04:35:13Z</time></trkpt>
<trkpt lat="33.0053044" lon="35.225921"><ele>386.2</ele><time>2023-09-18T04:35:14Z</time></trkpt>
<trkpt lat="33.005304" lon="35.2259057"><ele>386.3</ele><time>2023-09-18T04:35:15Z</time></trkpt>
<trkpt lat="33.0053035" lon="35.22589"><ele>386.4</ele><time>2023-09-18T04:35:16Z</time></trkpt>
<trkpt lat="33.0053027" lon="35.2258737"><ele>386.5</ele><time>2023-09-18T04:35:17Z</time></trkpt>
<trkpt lat="33.0053022" lon="35.2258573"><ele>386.6</ele><time>2023-09-18T04:35:18Z</time></trkpt>
<trkpt lat="33.0053021" lon="35.2258413"><ele>386.7</ele><time>2023-09-18T04:35:19Z</time></trkpt>
<trkpt lat="33.0053022" lon="35.225826"><ele>386.9</ele><time>2023-09-18T04:35:20Z</time></trkpt>
<trkpt lat="33.0053027" lon="35.225811"><ele>387.0</ele><time>2023-09-18T04:35:21Z</time></trkpt>
<trkpt lat="33.0053033" lon="35.2257965"><ele>387.1</ele><time>2023-09-18T04:35:22Z</time></trkpt>
<trkpt lat="33.0053038" lon="35.2257824"><ele>387.2</ele><time>2023-09-18T04:35:23Z</time></trkpt>
<trkpt lat="33.0053038" lon="35.2257683"><ele>387.3</ele><time>2023-09-18T04:35:24Z</time></trkpt>
<trkpt lat="33.0053036" lon="35.2257533"><ele>387.4</ele><time>2023-09-18T04:35:25Z</time></trkpt>
<trkpt lat="33.0053033" lon="35.2257372"><ele>387.5</ele><time>2023-09-18T04:35:26Z</time></trkpt>
<trkpt lat="33.005303" lon="35.2257208"><ele>387.6</ele><time>2023-09-18T04:35:27Z</time></trkpt>
<trkpt lat="33.0053024" lon="35.2257049"><ele>387.7</ele><time>2023-09-18T04:35:28Z</time></trkpt>
<trkpt lat="33.0053009" lon="35.2256895"><ele>387.9</ele><time>2023-09-18T04:35:29Z</time></trkpt>
<trkpt lat="33.0052992" lon="35.2256742"><ele>388.0</ele><time>2023-09-18T04:35:30Z</time></trkpt>
<trkpt lat="33.0052974" lon="35.2256599"><ele>388.1</ele><time>2023-09-18T04:35:31Z</time></trkpt>
<trkpt lat="33.0052956" lon="35.2256461"><ele>388.2</ele><time>2023-09-18T04:35:32Z</time></trkpt>
<trkpt lat="33.0052937" lon="35.2256322"><ele>388.3</ele><time>2023-09-18T04:35:33Z</time></trkpt>
<trkpt lat="33.0052915" lon="35.2256178"><ele>388.3</ele><time>2023-09-18T04:35:34Z</time></trkpt>
<trkpt lat="33.0052893" lon="35.2256029"><ele>388.4</ele><time>2023-09-18T04:35:35Z</time></trkpt>
<trkpt lat="33.0052874" lon="35.2255876"><ele>388.6</ele><time>2023-09-18T04:35:36Z</time></trkpt>
<trkpt lat="33.0052859" lon="35.2255722"><ele>388.7</ele><time>2023-09-18T04:35:37Z</time></trkpt>
<trkpt lat="33.0052844" lon="35.2255572"><ele>388.8</ele><time>2023-09-18T04:35:38Z</time></trkpt>
<trkpt lat="33.0052831" lon="35.2255431"><ele>388.9</ele><time>2023-09-18T04:35:39Z</time></trkpt>
<trkpt lat="33.0052821" lon="35.2255298"><ele>389.0</ele><time>2023-09-18T04:35:40Z</time></trkpt>
<trkpt lat="33.0052814" lon="35.2255169"><ele>389.1</ele><time>2023-09-18T04:35:41Z</time></trkpt>
<trkpt lat="33.0052808" lon="35.2255038"><ele>389.2</ele><time>2023-09-18T04:35:42Z</time></trkpt>
<trkpt lat="33.0052801" lon="35.2254899"><ele>389.3</ele><time>2023-09-18T04:35:43Z</time></trkpt>
<trkpt lat="33.0052795" lon="35.2254747"><ele>389.4</ele><time>2023-09-18T04:35:44Z</time></trkpt>
<trkpt lat="33.0052786" lon="35.2254586"><ele>389.6</ele><time>2023-09-18T04:35:45Z</time></trkpt>
<trkpt lat="33.0052773" lon="35.2254426"><ele>389.7</ele><time>2023-09-18T04:35:46Z</time></trkpt>
<trkpt lat="33.0052753" lon="35.225427"><ele>389.8</ele><time>2023-09-18T04:35:47Z</time></trkpt>
<trkpt lat="33.0052725" lon="35.2254116"><ele>389.9</ele><time>2023-09-18T04:35:48Z</time></trkpt>
<trkpt lat="33.0052691" lon="35.2253965"><ele>390.1</ele><time>2023-09-18T04:35:49Z</time></trkpt>
<trkpt lat="33.0052659" lon="35.225382"><ele>390.2</ele><time>2023-09-18T04:35:50Z</time></trkpt>
<trkpt lat="33.0052627" lon="35.2253677"><ele>390.4</ele><time>2023-09-18T04:35:51Z</time></trkpt>
<trkpt lat="33.0052592" lon="35.225353"><ele>390.5</ele><time>2023-09-18T04:35:52Z</time></trkpt>
<trkpt lat="33.0052555" lon="35.2253373"><ele>390.7</ele><time>2023-09-18T04:35:53Z</time></trkpt>
<trkpt lat="33.0052519" lon="35.2253199"><ele>390.8</ele><time>2023-09-18T04:35:54Z</time></trkpt>
<trkpt lat="33.0052488" lon="35.2253009"><ele>390.9</ele><time>2023-09-18T04:35:55Z</time></trkpt>
<trkpt lat="33.0052466" lon="35.2252815"><ele>391.1</ele><time>2023-09-18T04:35:56Z</time></trkpt>
<trkpt lat="33.0052454" lon="35.2252625"><ele>391.2</ele><time>2023-09-18T04:35:57Z</time></trkpt>
<trkpt lat="33.0052443" lon="35.2252438"><ele>391.3</ele><time>2023-09-18T04:35:58Z</time></trkpt>
<trkpt lat="33.0052427" lon="35.2252255"><ele>391.5</ele><time>2023-09-18T04:35:59Z</time></trkpt>
<trkpt lat="33.0052409" lon="35.2252077"><ele>391.6</ele><time>2023-09-18T04:36:00Z</time></trkpt>
<trkpt lat="33.0052392" lon="35.2251899"><ele>391.8</ele><time>2023-09-18T04:36:01Z</time></trkpt>
<trkpt lat="33.0052375" lon="35.2251722"><ele>391.9</ele><time>2023-09-18T04:36:02Z</time></trkpt>
<trkpt lat="33.0052358" lon="35.2251544"><ele>392.1</ele><time>2023-09-18T04:36:03Z</time></trkpt>
<trkpt lat="33.0052341" lon="35.2251367"><ele>392.2</ele><time>2023-09-18T04:36:04Z</time></trkpt>
<trkpt lat="33.0052325" lon="35.2251192"><ele>392.3</ele><time>2023-09-18T04:36:05Z</time></trkpt>
<trkpt lat="33.0052313" lon="35.2251021"><ele>392.4</ele><time>2023-09-18T04:36:06Z</time></trkpt>
<trkpt lat="33.0052309" lon="35.2250855"><ele>392.6</ele><time>2023-09-18T04:36:07Z</time></trkpt>
<trkpt lat="33.0052315" lon="35.2250699"><ele>392.8</ele><time>2023-09-18T04:36:08Z</time></trkpt>
<trkpt lat="33.0052329" lon="35.2250559"><ele>392.9</ele><time>2023-09-18T04:36:09Z</time></trkpt>
<trkpt lat="33.0052349" lon="35.2250435"><ele>393.1</ele><time>2023-09-18T04:36:10Z</time></trkpt>
<trkpt lat="33.0052373" lon="35.225033"><ele>393.3</ele><time>2023-09-18T04:36:11Z</time></trkpt>
<trkpt lat="33.0052403" lon="35.2250233"><ele>393.5</ele><time>2023-09-18T04:36:12Z</time></trkpt>
<trkpt lat="33.0052436" lon="35.2250134"><ele>393.6</ele><time>2023-09-18T04:36:13Z</time></trkpt>
<trkpt lat="33.005247" lon="35.2250032"><ele>393.8</ele><time>2023-09-18T04:36:14Z</time></trkpt>
<trkpt lat="33.0052504" lon="35.2249924"><ele>394.0</ele><time>2023-09-18T04:36:15Z</time></trkpt>
<trkpt lat="33.0052538" lon="35.2249803"><ele>394.1</ele><time>2023-09-18T04:36:16Z</time></trkpt>
<trkpt lat="33.0052577" lon="35.2249667"><ele>394.3</ele><time>2023-09-18T04:36:17Z</time></trkpt>
<trkpt lat="33.0052621" lon="35.2249518"><ele>394.4</ele><time>2023-09-18T04:36:18Z</time></trkpt>
<trkpt lat="33.0052668" lon="35.2249359"><ele>394.5</ele><time>2023-09-18T04:36:19Z</time></trkpt>
<trkpt lat="33.0052717" lon="35.224919"><ele>394.6</ele><time>2023-09-18T04:36:20Z</time></trkpt>
<trkpt lat="33.0052764" lon="35.2249013"><ele>394.7</ele><time>2023-09-18T04:36:21Z</time></trkpt>
<trkpt lat="33.0052811" lon="35.2248833"><ele>394.7</ele><time>2023-09-18T04:36:22Z</time></trkpt>
<trkpt lat="33.0052864" lon="35.2248658"><ele>394.8</ele><time>2023-09-18T04:36:23Z</time></trkpt>
<trkpt lat="33.005292" lon="35.2248494"><ele>394.8</ele><time>2023-09-18T04:36:24Z</time></trkpt>
<trkpt lat="33.0052983" lon="35.2248353"><ele>394.9</ele><time>2023-09-18T04:36:25Z</time></trkpt>
<trkpt lat="33.005305" lon="35.2248234"><ele>394.9</ele><time>2023-09-18T04:36:26Z</time></trkpt>
<trkpt lat="33.0053111" lon="35.224813"><ele>394.9</ele><time>2023-09-18T04:36:27Z</time></trkpt>
<trkpt lat="33.0053167" lon="35.2248032"><ele>394.9</ele><time>2023-09-18T04:36:28Z</time></trkpt>
<trkpt lat="33.0053216" lon="35.2247934"><ele>394.9</ele><time>2023-09-18T04:36:29Z</time></trkpt>
<trkpt lat="33.0053263" lon="35.224783"><ele>394.9</ele><time>2023-09-18T04:36:30Z</time></trkpt>
<trkpt lat="33.0053308" lon="35.2247724"><ele>394.9</ele><time>2023-09-18T04:36:31Z</time></trkpt>
<trkpt lat="33.0053354" lon="35.2247625"><ele>394.9</ele><time>2023-09-18T04:36:32Z</time></trkpt>
<trkpt lat="33.0053396" lon="35.2247538"><ele>394.8</ele><time>2023-09-18T04:36:33Z</time></trkpt>
<trkpt lat="33.0053434" lon="35.2247462"><ele>394.8</ele><time>2023-09-18T04:36:34Z</time></trkpt>
<trkpt lat="33.005347" lon="35.224739"><ele>394.8</ele><time>2023-09-18T04:36:35Z</time></trkpt>
<trkpt lat="33.0053507" lon="35.2247313"><ele>394.7</ele><time>2023-09-18T04:36:36Z</time></trkpt>
<trkpt lat="33.0053549" lon="35.2247226"><ele>394.7</ele><time>2023-09-18T04:36:37Z</time></trkpt>
<trkpt lat="33.00536" lon="35.2247124"><ele>394.6</ele><time>2023-09-18T04:36:38Z</time></trkpt>
<trkpt lat="33.005366" lon="35.2247013"><ele>394.6</ele><time>2023-09-18T04:36:39Z</time></trkpt>
<trkpt lat="33.0053727" lon="35.2246899"><ele>394.5</ele><time>2023-09-18T04:36:40Z</time></trkpt>
<trkpt lat="33.0053797" lon="35.2246791"><ele>394.5</ele><time>2023-09-18T04:36:41Z</time></trkpt>
<trkpt lat="33.0053867" lon="35.2246691"><ele>394.5</ele><time>2023-09-18T04:36:42Z</time></trkpt>
<trkpt lat="33.0053936" lon="35.2246599"><ele>394.5</ele><time>2023-09-18T04:36:43Z</time></trkpt>
<trkpt lat="33.0054005" lon="35.2246508"><ele>394.6</ele><time>2023-09-18T04:36:44Z</time></trkpt>
<trkpt lat="33.0054075" lon="35.2246415"><ele>394.6</ele><time>2023-09-18T04:36:45Z</time></trkpt>
<trkpt lat="33.0054147" lon="35.2246321"><ele>394.6</ele><time>2023-09-18T04:36:46Z</time></trkpt>
<trkpt lat="33.0054219" lon="35.2246228"><ele>394.6</ele><time>2023-09-18T04:36:47Z</time></trkpt>
<trkpt lat="33.005429" lon="35.224614"><ele>394.7</ele><time>2023-09-18T04:36:48Z</time></trkpt>
<trkpt lat="33.0054359" lon="35.2246053"><ele>394.8</ele><time>2023-09-18T04:36:49Z</time></trkpt>
<trkpt lat="33.0054429" lon="35.2245964"><ele>394.9</ele><time>2023-09-18T04:36:50Z</time></trkpt>
<trkpt lat="33.00545" lon="35.224587"><ele>395.0</ele><time>2023-09-18T04:36:51Z</time></trkpt>
<trkpt lat="33.0054574" lon="35.224577"><ele>395.1</ele><time>2023-09-18T04:36:52Z</time></trkpt>
<trkpt lat="33.0054656" lon="35.2245662"><ele>395.2</ele><time>2023-09-18T04:36:53Z</time></trkpt>
<trkpt lat="33.0054745" lon="35.224555"><ele>395.3</ele><time>2023-09-18T04:36:54Z</time></trkpt>
<trkpt lat="33.0054838" lon="35.2245437"><ele>395.4</ele><time>2023-09-18T04:36:55Z</time></trkpt>
<trkpt lat="33.0054934" lon="35.2245326"><ele>395.5</ele><time>2023-09-18T04:36:56Z</time></trkpt>
<trkpt lat="33.0055038" lon="35.2245222"><ele>395.6</ele><time>2023-09-18T04:36:57Z</time></trkpt>
<trkpt lat="33.0055151" lon="35.2245124"><ele>395.7</ele><time>2023-09-18T04:36:58Z</time></trkpt>
<trkpt lat="33.0055271" lon="35.2245027"><ele>395.8</ele><time>2023-09-18T04:36:59Z</time></trkpt>
<trkpt lat="33.0055398" lon="35.2244923"><ele>395.8</ele><time>2023-09-18T04:37:00Z</time></trkpt>
<trkpt lat="33.005553" lon="35.2244813"><ele>395.9</ele><time>2023-09-18T04:37:01Z</time></trkpt>
<trkpt lat="33.0055664" lon="35.22447"><ele>395.9</ele><time>2023-09-18T04:37:02Z</time></trkpt>
<trkpt lat="33.0055801" lon="35.2244588"><ele>396.0</ele><time>2023-09-18T04:37:03Z</time></trkpt>
<trkpt lat="33.0055936" lon="35.2244484"><ele>396.0</ele><time>2023-09-18T04:37:04Z</time></trkpt>
<trkpt lat="33.0056061" lon="35.2244399"><ele>396.0</ele><time>2023-09-18T04:37:05Z</time></trkpt>
<trkpt lat="33.0056174" lon="35.2244335"><ele>396.0</ele><time>2023-09-18T04:37:06Z</time></trkpt>
<trkpt lat="33.0056273" lon="35.2244289"><ele>396.0</ele><time>2023-09-18T04:37:07Z</time></trkpt>
<trkpt lat="33.005636" lon="35.2244253"><ele>396.0</ele><time>2023-09-18T04:37:08Z</time></trkpt>
<trkpt lat="33.0056437" lon="35.2244224"><ele>395.9</ele><time>2023-09-18T04:37:09Z</time></trkpt>
<trkpt lat="33.0056507" lon="35.2244196"><ele>395.9</ele><time>2023-09-18T04:37:10Z</time></trkpt>
<trkpt lat="33.0056572" lon="35.2244168"><ele>395.9</ele><time>2023-09-18T04:37:11Z</time></trkpt>
<trkpt lat="33.005663" lon="35.2244142"><ele>395.9</ele><time>2023-09-18T04:37:12Z</time></trkpt>
<trkpt lat="33.0056678" lon="35.2244124"><ele>395.8</ele><time>2023-09-18T04:37:13Z</time></trkpt>
<trkpt lat="33.0056717" lon="35.2244112"><ele>395.8</ele><time>2023-09-18T04:37:14Z</time></trkpt>
<trkpt lat="33.005675" lon="35.2244102"><ele>395.8</ele><time>2023-09-18T04:37:15Z</time></trkpt>
<trkpt lat="33.0056786" lon="35.2244085"><ele>395.7</ele><time>2023-09-18T04:37:16Z</time></trkpt>
<trkpt lat="33.0056831" lon="35.2244057"><ele>395.7</ele><time>2023-09-18T04:37:17Z</time></trkpt>
<trkpt lat="33.0056889" lon="35.2244011"><ele>395.6</ele><time>2023-09-18T04:37:18Z</time></trkpt>
<trkpt lat="33.0056962" lon="35.2243944"><ele>395.6</ele><time>2023-09-18T04:37:19Z</time></trkpt>
<trkpt lat="33.0057044" lon="35.2243856"><ele>395.6</ele><time>2023-09-18T04:37:20Z</time></trkpt>
<trkpt lat="33.0057131" lon="35.224375"><ele>395.5</ele><time>2023-09-18T04:37:21Z</time></trkpt>
<trkpt lat="33.0057215" lon="35.2243632"><ele>395.5</ele><time>2023-09-18T04:37:22Z</time></trkpt>
<trkpt lat="33.0057295" lon="35.2243509"><ele>395.5</ele><time>2023-09-18T04:37:23Z</time></trkpt>
<trkpt lat="33.0057368" lon="35.2243386"><ele>395.5</ele><time>2023-09-18T04:37:24Z</time></trkpt>
<trkpt lat="33.0057434" lon="35.2243275"><ele>395.5</ele><time>2023-09-18T04:37:25Z</time></trkpt>
<trkpt lat="33.0057497" lon="35.2243178"><ele>395.5</ele><time>2023-09-18T04:37:26Z</time></trkpt>
<trkpt lat="33.0057557" lon="35.2243095"><ele>395.5</ele><time>2023-09-18T04:37:27Z</time></trkpt>
<trkpt lat="33.0057618" lon="35.2243022"><ele>395.5</ele><time>2023-09-18T04:37:28Z</time></trkpt>
<trkpt lat="33.0057683" lon="35.2242953"><ele>395.5</ele><time>2023-09-18T04:37:29Z</time></trkpt>
<trkpt lat="33.0057757" lon="35.2242888"><ele>395.5</ele><time>2023-09-18T04:37:30Z</time></trkpt>
<trkpt lat="33.005784" lon="35.2242823"><ele>395.5</ele><time>2023-09-18T04:37:31Z</time></trkpt>
<trkpt lat="33.0057933" lon="35.2242761"><ele>395.5</ele><time>2023-09-18T04:37:32Z</time></trkpt>
<trkpt lat="33.0058039" lon="35.2242698"><ele>395.5</ele><time>2023-09-18T04:37:33Z</time></trkpt>
<trkpt lat="33.0058151" lon="35.2242635"><ele>395.4</ele><time>2023-09-18T04:37:34Z</time></trkpt>
<trkpt lat="33.0058261" lon="35.2242572"><ele>395.4</ele><time>2023-09-18T04:37:35Z</time></trkpt>
<trkpt lat="33.0058365" lon="35.2242506"><ele>395.3</ele><time>2023-09-18T04:37:36Z</time></trkpt>
<trkpt lat="33.0058459" lon="35.2242433"><ele>395.3</ele><time>2023-09-18T04:37:37Z</time></trkpt>
<trkpt lat="33.0058551" lon="35.2242349"><ele>395.2</ele><time>2023-09-18T04:37:38Z</time></trkpt>
<trkpt lat="33.0058648" lon="35.2242254"><ele>395.2</ele><time>2023-09-18T04:37:39Z</time></trkpt>
<trkpt lat="33.0058745" lon="35.2242151"><ele>395.1</ele><time>2023-09-18T04:37:40Z</time></trkpt>
<trkpt lat="33.0058842" lon="35.2242033"><ele>395.0</ele><time>2023-09-18T04:37:41Z</time></trkpt>
<trkpt lat="33.0058945" lon="35.2241898"><ele>394.9</ele><time>2023-09-18T04:37:42Z</time></trkpt>
<trkpt lat="33.0059053" lon="35.2241752"><ele>394.8</ele><time>2023-09-18T04:37:43Z</time></trkpt>
<trkpt lat="33.0059169" lon="35.2241606"><ele>394.7</ele><time>2023-09-18T04:37:44Z</time></trkpt>
<trkpt lat="33.0059292" lon="35.2241468"><ele>394.6</ele><time>2023-09-18T04:37:45Z</time></trkpt>
<trkpt lat="33.0059419" lon="35.2241336"><ele>394.5</ele><time>2023-09-18T04:37:46Z</time></trkpt>
<trkpt lat="33.0059549" lon="35.2241208"><ele>394.4</ele><time>2023-09-18T04:37:47Z</time></trkpt>
<trkpt lat="33.0059684" lon="35.2241088"><ele>394.4</ele><time>2023-09-18T04:37:48Z</time></trkpt>
<trkpt lat="33.0059821" lon="35.2240977"><ele>394.3</ele><time>2023-09-18T04:37:49Z</time></trkpt>
<trkpt lat="33.0059956" lon="35.2240869"><ele>394.2</ele><time>2023-09-18T04:37:50Z</time></trkpt>
<trkpt lat="33.0060088" lon="35.2240761"><ele>394.2</ele><time>2023-09-18T04:37:51Z</time></trkpt>
<trkpt lat="33.0060219" lon="35.2240654"><ele>394.1</ele><time>2023-09-18T04:37:52Z</time></trkpt>
<trkpt lat="33.0060349" lon="35.224055"><ele>394.0</ele><time>2023-09-18T04:37:53Z</time></trkpt>
<trkpt lat="33.0060478" lon="35.2240448"><ele>394.0</ele><time>2023-09-18T04:37:54Z</time></trkpt>
<trkpt lat="33.0060607" lon="35.2240347"><ele>393.9</ele><time>2023-09-18T04:37:55Z</time></trkpt>
<trkpt lat="33.0060736" lon="35.2240242"><ele>393.9</ele><time>2023-09-18T04:37:56Z</time></trkpt>
<trkpt lat="33.0060864" lon="35.2240137"><ele>393.8</ele><time>2023-09-18T04:37:57Z</time></trkpt>
<trkpt lat="33.0060996" lon="35.224004"><ele>393.8</ele><time>2023-09-18T04:37:58Z</time></trkpt>
<trkpt lat="33.0061131" lon="35.2239947"><ele>393.8</ele><time>2023-09-18T04:37:59Z</time></trkpt>
<trkpt lat="33.0061265" lon="35.2239853"><ele>393.8</ele><time>2023-09-18T04:38:00Z</time></trkpt>
<trkpt lat="33.0061394" lon="35.2239754"><ele>393.8</ele><time>2023-09-18T04:38:01Z</time></trkpt>
<trkpt lat="33.0061519" lon="35.2239657"><ele>393.7</ele><time>2023-09-18T04:38:02Z</time></trkpt>
<trkpt lat="33.0061648" lon="35.2239568"><ele>393.7</ele><time>2023-09-18T04:38:03Z</time></trkpt>
<trkpt lat="33.0061779" lon="35.2239481"><ele>393.7</ele><time>2023-09-18T04:38:04Z</time></trkpt>
<trkpt lat="33.0061909" lon="35.2239384"><ele>393.7</ele><time>2023-09-18T04:38:05Z</time></trkpt>
<trkpt lat="33.0062036" lon="35.2239279"><ele>393.7</ele><time>2023-09-18T04:38:06Z</time></trkpt>
<trkpt lat="33.0062162" lon="35.2239174"><ele>393.7</ele><time>2023-09-18T04:38:07Z</time></trkpt>
<trkpt lat="33.0062288" lon="35.2239075"><ele>393.7</ele><time>2023-09-18T04:38:08Z</time></trkpt>
<trkpt lat="33.0062414" lon="35.2238982"><ele>393.7</ele><time>2023-09-18T04:38:09Z</time></trkpt>
<trkpt lat="33.006254" lon="35.223889"><ele>393.6</ele><time>2023-09-18T04:38:10Z</time></trkpt>
<trkpt lat="33.0062664" lon="35.2238792"><ele>393.6</ele><time>2023-09-18T04:38:11Z</time></trkpt>
<trkpt lat="33.0062767" lon="35.2238691"><ele>393.5</ele><time>2023-09-18T04:38:12Z</time></trkpt>
<trkpt lat="33.0062854" lon="35.2238593"><ele>393.5</ele><time>2023-09-18T04:38:13Z</time></trkpt>
<trkpt lat="33.0062942" lon="35.2238507"><ele>393.4</ele><time>2023-09-18T04:38:14Z</time></trkpt>
<trkpt lat="33.006303" lon="35.2238426"><ele>393.3</ele><time>2023-09-18T04:38:15Z</time></trkpt>
<trkpt lat="33.0063115" lon="35.2238338"><ele>393.2</ele><time>2023-09-18T04:38:16Z</time></trkpt>
<trkpt lat="33.00632" lon="35.2238248"><ele>393.2</ele><time>2023-09-18T04:38:17Z</time></trkpt>
<trkpt lat="33.0063283" lon="35.2238155"><ele>393.0</ele><time>2023-09-18T04:38:18Z</time></trkpt>
<trkpt lat="33.0063367" lon="35.2238063"><ele>392.9</ele><time>2023-09-18T04:38:19Z</time></trkpt>
<trkpt lat="33.0063456" lon="35.223797"><ele>392.8</ele><time>2023-09-18T04:38:20Z</time></trkpt>
<trkpt lat="33.006355" lon="35.2237873"><ele>392.6</ele><time>2023-09-18T04:38:21Z</time></trkpt>
<trkpt lat="33.0063649" lon="35.2237772"><ele>392.5</ele><time>2023-09-18T04:38:22Z</time></trkpt>
<trkpt lat="33.0063756" lon="35.2237668"><ele>392.4</ele><time>2023-09-18T04:38:23Z</time></trkpt>
<trkpt lat="33.0063871" lon="35.2237564"><ele>392.3</ele><time>2023-09-18T04:38:24Z</time></trkpt>
<trkpt lat="33.0063988" lon="35.2237461"><ele>392.2</ele><time>2023-09-18T04:38:25Z</time></trkpt>
<trkpt lat="33.0064098" lon="35.2237355"><ele>392.1</ele><time>2023-09-18T04:38:26Z</time></trkpt>
<trkpt lat="33.0064199" lon="35.2237241"><ele>392.0</ele><time>2023-09-18T04:38:27Z</time></trkpt>
<trkpt lat="33.0064298" lon="35.2237116"><ele>391.9</ele><time>2023-09-18T04:38:28Z</time></trkpt>
<trkpt lat="33.0064397" lon="35.2236989"><ele>391.9</ele><time>2023-09-18T04:38:29Z</time></trkpt>
<trkpt lat="33.0064501" lon="35.2236874"><ele>391.9</ele><time>2023-09-18T04:38:30Z</time></trkpt>
<trkpt lat="33.0064609" lon="35.2236765"><ele>391.8</ele><time>2023-09-18T04:38:31Z</time></trkpt>
<trkpt lat="33.0064709" lon="35.2236654"><ele>391.8</ele><time>2023-09-18T04:38:32Z</time></trkpt>
<trkpt lat="33.0064801" lon="35.223654"><ele>391.8</ele><time>2023-09-18T04:38:33Z</time></trkpt>
<trkpt lat="33.0064889" lon="35.2236425"><ele>391.7</ele><time>2023-09-18T04:38:34Z</time></trkpt>
<trkpt lat="33.0064978" lon="35.2236304"><ele>391.7</ele><time>2023-09-18T04:38:35Z</time></trkpt>
<trkpt lat="33.0065069" lon="35.2236175"><ele>391.6</ele><time>2023-09-18T04:38:36Z</time></trkpt>
<trkpt lat="33.0065164" lon="35.2236042"><ele>391.6</ele><time>2023-09-18T04:38:37Z</time></trkpt>
<trkpt lat="33.0065259" lon="35.2235909"><ele>391.5</ele><time>2023-09-18T04:38:38Z</time></trkpt>
<trkpt lat="33.006535" lon="35.2235772"><ele>391.5</ele><time>2023-09-18T04:38:39Z</time></trkpt>
<trkpt lat="33.0065433" lon="35.2235627"><ele>391.4</ele><time>2023-09-18T04:38:40Z</time></trkpt>
<trkpt lat="33.0065516" lon="35.2235487"><ele>391.3</ele><time>2023-09-18T04:38:41Z</time></trkpt>
<trkpt lat="33.00656" lon="35.2235358"><ele>391.2</ele><time>2023-09-18T04:38:42Z</time></trkpt>
<trkpt lat="33.0065687" lon="35.2235244"><ele>391.2</ele><time>2023-09-18T04:38:43Z</time></trkpt>
<trkpt lat="33.0065772" lon="35.2235144"><ele>391.1</ele><time>2023-09-18T04:38:44Z</time></trkpt>
<trkpt lat="33.0065852" lon="35.2235045"><ele>391.0</ele><time>2023-09-18T04:38:45Z</time></trkpt>
<trkpt lat="33.0065931" lon="35.223494"><ele>390.9</ele><time>2023-09-18T04:38:46Z</time></trkpt>
<trkpt lat="33.0066014" lon="35.2234826"><ele>390.8</ele><time>2023-09-18T04:38:47Z</time></trkpt>
<trkpt lat="33.0066101" lon="35.2234704"><ele>390.7</ele><time>2023-09-18T04:38:48Z</time></trkpt>
<trkpt lat="33.0066191" lon="35.223458"><ele>390.5</ele><time>2023-09-18T04:38:49Z</time></trkpt>
<trkpt lat="33.0066284" lon="35.2234453"><ele>390.4</ele><time>2023-09-18T04:38:50Z</time></trkpt>
<trkpt lat="33.006638" lon="35.2234325"><ele>390.3</ele><time>2023-09-18T04:38:51Z</time></trkpt>
<trkpt lat="33.0066476" lon="35.2234196"><ele>390.2</ele><time>2023-09-18T04:38:52Z</time></trkpt>
<trkpt lat="33.0066569" lon="35.2234064"><ele>390.1</ele><time>2023-09-18T04:38:53Z</time></trkpt>
<trkpt lat="33.0066656" lon="35.2233932"><ele>390.0</ele><time>2023-09-18T04:38:54Z</time></trkpt>
<trkpt lat="33.0066735" lon="35.2233798"><ele>389.9</ele><time>2023-09-18T04:38:55Z</time></trkpt>
<trkpt lat="33.0066809" lon="35.223367"><ele>389.9</ele><time>2023-09-18T04:38:56Z</time></trkpt>
<trkpt lat="33.0066886" lon="35.2233549"><ele>389.8</ele><time>2023-09-18T04:38:57Z</time></trkpt>
<trkpt lat="33.0066971" lon="35.223343"><ele>389.7</ele><time>2023-09-18T04:38:58Z</time></trkpt>
<trkpt lat="33.0067065" lon="35.2233311"><ele>389.6</ele><time>2023-09-18T04:38:59Z</time></trkpt>
<trkpt lat="33.0067172" lon="35.2233195"><ele>389.5</ele><time>2023-09-18T04:39:00Z</time></trkpt>
<trkpt lat="33.0067286" lon="35.2233084"><ele>389.5</ele><time>2023-09-18T04:39:01Z</time></trkpt>
<trkpt lat="33.00674" lon="35.2232974"><ele>389.4</ele><time>2023-09-18T04:39:02Z</time></trkpt>
<trkpt lat="33.0067506" lon="35.2232855"><ele>389.3</ele><time>2023-09-18T04:39:03Z</time></trkpt>
<trkpt lat="33.0067602" lon="35.2232727"><ele>389.2</ele><time>2023-09-18T04:39:04Z</time></trkpt>
<trkpt lat="33.0067691" lon="35.2232594"><ele>389.1</ele><time>2023-09-18T04:39:05Z</time></trkpt>
<trkpt lat="33.0067781" lon="35.2232462"><ele>389.1</ele><time>2023-09-18T04:39:06Z</time></trkpt>
<trkpt lat="33.0067869" lon="35.2232328"><ele>389.0</ele><time>2023-09-18T04:39:07Z</time></trkpt>
<trkpt lat="33.0067955" lon="35.2232188"><ele>388.9</ele><time>2023-09-18T04:39:08Z</time></trkpt>
<trkpt lat="33.0068041" lon="35.2232045"><ele>388.9</ele><time>2023-09-18T04:39:09Z</time></trkpt>
<trkpt lat="33.0068132" lon="35.2231906"><ele>388.8</ele><time>2023-09-18T04:39:10Z</time></trkpt>
<trkpt lat="33.0068229" lon="35.2231772"><ele>388.7</ele><time>2023-09-18T04:39:11Z</time></trkpt>
<trkpt lat="33.0068327" lon="35.2231645"><ele>388.7</ele><time>2023-09-18T04:39:12Z</time></trkpt>
<trkpt lat="33.0068423" lon="35.2231512"><ele>388.6</ele><time>2023-09-18T04:39:13Z</time></trkpt>
<trkpt lat="33.006852" lon="35.2231366"><ele>388.5</ele><time>2023-09-18T04:39:14Z</time></trkpt>
<trkpt lat="33.0068618" lon="35.2231213"><ele>388.5</ele><time>2023-09-18T04:39:15Z</time></trkpt>
<trkpt lat="33.0068714" lon="35.223106"><ele>388.4</ele><time>2023-09-18T04:39:16Z</time></trkpt>
<trkpt lat="33.006881" lon="35.2230911"><ele>388.4</ele><time>2023-09-18T04:39:17Z</time></trkpt>
<trkpt lat="33.0068908" lon="35.2230768"><ele>388.3</ele><time>2023-09-18T04:39:18Z</time></trkpt>
<trkpt lat="33.0069008" lon="35.2230626"><ele>388.3</ele><time>2023-09-18T04:39:19Z</time></trkpt>
<trkpt lat="33.006911" lon="35.2230485"><ele>388.3</ele><time>2023-09-18T04:39:20Z</time></trkpt>
<trkpt lat="33.0069211" lon="35.223035"><ele>388.2</ele><time>2023-09-18T04:39:21Z</time></trkpt>
<trkpt lat="33.006931" lon="35.2230221"><ele>388.2</ele><time>2023-09-18T04:39:22Z</time></trkpt>
<trkpt lat="33.0069409" lon="35.2230094"><ele>388.2</ele><time>2023-09-18T04:39:23Z</time></trkpt>
<trkpt lat="33.0069502" lon="35.222996"><ele>388.2</ele><time>2023-09-18T04:39:24Z</time></trkpt>
<trkpt lat="33.0069586" lon="35.2229818"><ele>388.2</ele><time>2023-09-18T04:39:25Z</time></trkpt>
<trkpt lat="33.0069671" lon="35.2229674"><ele>388.2</ele><time>2023-09-18T04:39:26Z</time></trkpt>
<trkpt lat="33.0069757" lon="35.2229532"><ele>388.1</ele><time>2023-09-18T04:39:27Z</time></trkpt>
<trkpt lat="33.0069848" lon="35.2229393"><ele>388.1</ele><time>2023-09-18T04:39:28Z</time></trkpt>
<trkpt lat="33.0069939" lon="35.2229254"><ele>388.1</ele><time>2023-09-18T04:39:29Z</time></trkpt>
<trkpt lat="33.0070028" lon="35.2229116"><ele>388.1</ele><time>2023-09-18T04:39:30Z</time></trkpt>
<trkpt lat="33.007012" lon="35.2228985"><ele>388.1</ele><time>2023-09-18T04:39:31Z</time></trkpt>
<trkpt lat="33.0070216" lon="35.222886"><ele>388.1</ele><time>2023-09-18T04:39:32Z</time></trkpt>
<trkpt lat="33.0070313" lon="35.2228736"><ele>388.1</ele><time>2023-09-18T04:39:33Z</time></trkpt>
<trkpt lat="33.0070408" lon="35.2228609"><ele>388.1</ele><time>2023-09-18T04:39:34Z</time></trkpt>
<trkpt lat="33.00705" lon="35.2228479"><ele>388.1</ele><time>2023-09-18T04:39:35Z</time></trkpt>
<trkpt lat="33.0070591" lon="35.222835"><ele>388.1</ele><time>2023-09-18T04:39:36Z</time></trkpt>
<trkpt lat="33.0070685" lon="35.2228229"><ele>388.1</ele><time>2023-09-18T04:39:37Z</time></trkpt>
<trkpt lat="33.0070784" lon="35.2228114"><ele>388.1</ele><time>2023-09-18T04:39:38Z</time></trkpt>
<trkpt lat="33.0070889" lon="35.2228009"><ele>388.1</ele><time>2023-09-18T04:39:39Z</time></trkpt>
<trkpt lat="33.0070992" lon="35.2227912"><ele>388.1</ele><time>2023-09-18T04:39:40Z</time></trkpt>
<trkpt lat="33.0071099" lon="35.2227821"><ele>388.0</ele><time>2023-09-18T04:39:41Z</time></trkpt>
<trkpt lat="33.0071212" lon="35.2227733"><ele>388.0</ele><time>2023-09-18T04:39:42Z</time></trkpt>
<trkpt lat="33.0071329" lon="35.2227649"><ele>388.0</ele><time>2023-09-18T04:39:43Z</time></trkpt>
<trkpt lat="33.0071448" lon="35.2227573"><ele>388.0</ele><time>2023-09-18T04:39:44Z</time></trkpt>
<trkpt lat="33.0071568" lon="35.2227502"><ele>388.0</ele><time>2023-09-18T04:39:45Z</time></trkpt>
<trkpt lat="33.0071689" lon="35.2227433"><ele>388.0</ele><time>2023-09-18T04:39:46Z</time></trkpt>
<trkpt lat="33.0071812" lon="35.2227365"><ele>388.1</ele><time>2023-09-18T04:39:47Z</time></trkpt>
<trkpt lat="33.0071934" lon="35.2227294"><ele>388.1</ele><time>2023-09-18T04:39:48Z</time></trkpt>
<trkpt lat="33.0072056" lon="35.222722"><ele>388.1</ele><time>2023-09-18T04:39:49Z</time></trkpt>
<trkpt lat="33.0072183" lon="35.2227148"><ele>388.1</ele><time>2023-09-18T04:39:50Z</time></trkpt>
<trkpt lat="33.0072315" lon="35.222708"><ele>388.1</ele><time>2023-09-18T04:39:51Z</time></trkpt>
<trkpt lat="33.0072448" lon="35.222702"><ele>388.2</ele><time>2023-09-18T04:39:52Z</time></trkpt>
<trkpt lat="33.0072578" lon="35.222697"><ele>388.2</ele><time>2023-09-18T04:39:53Z</time></trkpt>
<trkpt lat="33.0072697" lon="35.2226935"><ele>388.2</ele><time>2023-09-18T04:39:54Z</time></trkpt>
<trkpt lat="33.0072805" lon="35.2226917"><ele>388.2</ele><time>2023-09-18T04:39:55Z</time></trkpt>
<trkpt lat="33.0072901" lon="35.2226907"><ele>388.2</ele><time>2023-09-18T04:39:56Z</time></trkpt>
<trkpt lat="33.0072987" lon="35.2226899"><ele>388.2</ele><time>2023-09-18T04:39:57Z</time></trkpt>
<trkpt lat="33.007307" lon="35.2226889"><ele>388.1</ele><time>2023-09-18T04:39:58Z</time></trkpt>
<trkpt lat="33.0073158" lon="35.2226873"><ele>388.1</ele><time>2023-09-18T04:39:59Z</time></trkpt>
<trkpt lat="33.0073258" lon="35.2226855"><ele>388.0</ele><time>2023-09-18T04:40:00Z</time></trkpt>
<trkpt lat="33.0073369" lon="35.2226842"><ele>388.0</ele><time>2023-09-18T04:40:01Z</time></trkpt>
<trkpt lat="33.0073489" lon="35.2226834"><ele>388.0</ele><time>2023-09-18T04:40:02Z</time></trkpt>
<trkpt lat="33.007362" lon="35.2226835"><ele>387.9</ele><time>2023-09-18T04:40:03Z</time></trkpt>
<trkpt lat="33.0073759" lon="35.2226844"><ele>387.9</ele><time>2023-09-18T04:40:04Z</time></trkpt>
<trkpt lat="33.0073902" lon="35.222685"><ele>387.9</ele><time>2023-09-18T04:40:05Z</time></trkpt>
<trkpt lat="33.0074045" lon="35.2226851"><ele>387.9</ele><time>2023-09-18T04:40:06Z</time></trkpt>
<trkpt lat="33.0074184" lon="35.2226845"><ele>387.9</ele><time>2023-09-18T04:40:07Z</time></trkpt>
<trkpt lat="33.0074318" lon="35.2226836"><ele>387.9</ele><time>2023-09-18T04:40:08Z</time></trkpt>
<trkpt lat="33.0074453" lon="35.2226834"><ele>387.9</ele><time>2023-09-18T04:40:09Z</time></trkpt>
<trkpt lat="33.007459" lon="35.2226838"><ele>387.9</ele><time>2023-09-18T04:40:10Z</time></trkpt>
<trkpt lat="33.0074727" lon="35.2226845"><ele>387.9</ele><time>2023-09-18T04:40:11Z</time></trkpt>
<trkpt lat="33.0074864" lon="35.2226857"><ele>387.9</ele><time>2023-09-18T04:40:12Z</time></trkpt>
<trkpt lat="33.0075002" lon="35.222688"><ele>387.9</ele><time>2023-09-18T04:40:13Z</time></trkpt>
<trkpt lat="33.0075139" lon="35.2226917"><ele>387.9</ele><time>2023-09-18T04:40:14Z</time></trkpt>
<trkpt lat="33.0075276" lon="35.2226956"><ele>387.9</ele><time>2023-09-18T04:40:15Z</time></trkpt>
<trkpt lat="33.0075414" lon="35.2226993"><ele>387.9</ele><time>2023-09-18T04:40:16Z</time></trkpt>
<trkpt lat="33.007555" lon="35.2227019"><ele>387.9</ele><time>2023-09-18T04:40:17Z</time></trkpt>
<trkpt lat="33.0075685" lon="35.2227039"><ele>388.0</ele><time>2023-09-18T04:40:18Z</time></trkpt>
<trkpt lat="33.0075825" lon="35.2227054"><ele>388.0</ele><time>2023-09-18T04:40:19Z</time></trkpt>
<trkpt lat="33.0075966" lon="35.2227069"><ele>388.0</ele><time>2023-09-18T04:40:20Z</time></trkpt>
<trkpt lat="33.0076107" lon="35.2227088"><ele>388.0</ele><time>2023-09-18T04:40:21Z</time></trkpt>
<trkpt lat="33.0076249" lon="35.2227109"><ele>388.0</ele><time>2023-09-18T04:40:22Z</time></trkpt>
<trkpt lat="33.0076389" lon="35.2227136"><ele>388.0</ele><time>2023-09-18T04:40:23Z</time></trkpt>
<trkpt lat="33.0076525" lon="35.2227178"><ele>388.0</ele><time>2023-09-18T04:40:24Z</time></trkpt>
<trkpt lat="33.0076655" lon="35.2227241"><ele>388.0</ele><time>2023-09-18T04:40:25Z</time></trkpt>
<trkpt lat="33.0076783" lon="35.2227316"><ele>388.0</ele><time>2023-09-18T04:40:26Z</time></trkpt>
<trkpt lat="33.0076909" lon="35.2227399"><ele>388.0</ele><time>2023-09-18T04:40:27Z</time></trkpt>
<trkpt lat="33.0077033" lon="35.2227485"><ele>388.0</ele><time>2023-09-18T04:40:28Z</time></trkpt>
<trkpt lat="33.0077159" lon="35.222757"><ele>388.0</ele><time>2023-09-18T04:40:29Z</time></trkpt>
<trkpt lat="33.0077289" lon="35.2227646"><ele>388.1</ele><time>2023-09-18T04:40:30Z</time></trkpt>
<trkpt lat="33.0077423" lon="35.2227709"><ele>388.1</ele><time>2023-09-18T04:40:31Z</time></trkpt>
<trkpt lat="33.007756" lon="35.2227756"><ele>388.1</ele><time>2023-09-18T04:40:32Z</time></trkpt>
<trkpt lat="33.0077699" lon="35.2227788"><ele>388.1</ele><time>2023-09-18T04:40:33Z</time></trkpt>
<trkpt lat="33.0077837" lon="35.2227816"><ele>388.2</ele><time>2023-09-18T04:40:34Z</time></trkpt>
<trkpt lat="33.0077972" lon="35.2227854"><ele>388.2</ele><time>2023-09-18T04:40:35Z</time></trkpt>
<trkpt lat="33.00781" lon="35.2227907"><ele>388.3</ele><time>2023-09-18T04:40:36Z</time></trkpt>
<trkpt lat="33.0078211" lon="35.2227982"><ele>388.3</ele><time>2023-09-18T04:40:37Z</time></trkpt>
<trkpt lat="33.0078304" lon="35.2228083"><ele>388.4</ele><time>2023-09-18T04:40:38Z</time></trkpt>
<trkpt lat="33.0078387" lon="35.2228198"><ele>388.5</ele><time>2023-09-18T04:40:39Z</time></trkpt>
<trkpt lat="33.0078464" lon="35.2228321"><ele>388.5</ele><time>2023-09-18T04:40:40Z</time></trkpt>
<trkpt lat="33.0078545" lon="35.2228445"><ele>388.6</ele><time>2023-09-18T04:40:41Z</time></trkpt>
<trkpt lat="33.0078637" lon="35.2228567"><ele>388.7</ele><time>2023-09-18T04:40:42Z</time></trkpt>
<trkpt lat="33.0078749" lon="35.2228675"><ele>388.7</ele><time>2023-09-18T04:40:43Z</time></trkpt>
<trkpt lat="33.0078876" lon="35.2228763"><ele>388.8</ele><time>2023-09-18T04:40:44Z</time></trkpt>
<trkpt lat="33.0079007" lon="35.2228838"><ele>388.8</ele><time>2023-09-18T04:40:45Z</time></trkpt>
<trkpt lat="33.0079139" lon="35.2228914"><ele>388.9</ele><time>2023-09-18T04:40:46Z</time></trkpt>
<trkpt lat="33.0079268" lon="35.2228998"><ele>389.0</ele><time>2023-09-18T04:40:47Z</time></trkpt>
<trkpt lat="33.0079395" lon="35.2229082"><ele>389.0</ele><time>2023-09-18T04:40:48Z</time></trkpt>
<trkpt lat="33.0079526" lon="35.2229161"><ele>389.1</ele><time>2023-09-18T04:40:49Z</time></trkpt>
<trkpt lat="33.0079659" lon="35.2229233"><ele>389.2</ele><time>2023-09-18T04:40:50Z</time></trkpt>
<trkpt lat="33.0079792" lon="35.2229301"><ele>389.3</ele><time>2023-09-18T04:40:51Z</time></trkpt>
<trkpt lat="33.0079923" lon="35.2229374"><ele>389.3</ele><time>2023-09-18T04:40:52Z</time></trkpt>
<trkpt lat="33.0080054" lon="35.2229449"><ele>389.4</ele><time>2023-09-18T04:40:53Z</time></trkpt>
<trkpt lat="33.0080185" lon="35.2229526"><ele>389.5</ele><time>2023-09-18T04:40:54Z</time></trkpt>
<trkpt lat="33.0080315" lon="35.2229607"><ele>389.6</ele><time>2023-09-18T04:40:55Z</time></trkpt>
<trkpt lat="33.0080444" lon="35.2229681"><ele>389.6</ele><time>2023-09-18T04:40:56Z</time></trkpt>
<trkpt lat="33.0080575" lon="35.2229749"><ele>389.7</ele><time>2023-09-18T04:40:57Z</time></trkpt>
<trkpt lat="33.0080706" lon="35.2229818"><ele>389.8</ele><time>2023-09-18T04:40:58Z</time></trkpt>
<trkpt lat="33.0080836" lon="35.222989"><ele>389.9</ele><time>2023-09-18T04:40:59Z</time></trkpt>
<trkpt lat="33.0080965" lon="35.2229959"><ele>390.0</ele><time>2023-09-18T04:41:00Z</time></trkpt>
<trkpt lat="33.0081094" lon="35.2230019"><ele>390.1</ele><time>2023-09-18T04:41:01Z</time></trkpt>
<trkpt lat="33.008122" lon="35.2230068"><ele>390.2</ele><time>2023-09-18T04:41:02Z</time></trkpt>
<trkpt lat="33.0081347" lon="35.2230106"><ele>390.2</ele><time>2023-09-18T04:41:03Z</time></trkpt>
<trkpt lat="33.0081477" lon="35.2230129"><ele>390.3</ele><time>2023-09-18T04:41:04Z</time></trkpt>
<trkpt lat="33.0081609" lon="35.2230136"><ele>390.4</ele><time>2023-09-18T04:41:05Z</time></trkpt>
<trkpt lat="33.0081743" lon="35.2230146"><ele>390.4</ele><time>2023-09-18T04:41:06Z</time></trkpt>
<trkpt lat="33.0081874" lon="35.2230169"><ele>390.5</ele><time>2023-09-18T04:41:07Z</time></trkpt>
<trkpt lat="33.0082002" lon="35.2230197"><ele>390.6</ele><time>2023-09-18T04:41:08Z</time></trkpt>
<trkpt lat="33.0082133" lon="35.2230225"><ele>390.7</ele><time>2023-09-18T04:41:09Z</time></trkpt>
<trkpt lat="33.0082274" lon="35.2230253"><ele>390.7</ele><time>2023-09-18T04:41:10Z</time></trkpt>
<trkpt lat="33.0082421" lon="35.2230274"><ele>390.7</ele><time>2023-09-18T04:41:11Z</time></trkpt>
<trkpt lat="33.0082572" lon="35.2230289"><ele>390.7</ele><time>2023-09-18T04:41:12Z</time></trkpt>
<trkpt lat="33.0082725" lon="35.2230296"><ele>390.7</ele><time>2023-09-18T04:41:13Z</time></trkpt>
<trkpt lat="33.0082878" lon="35.223029"><ele>390.7</ele><time>2023-09-18T04:41:14Z</time></trkpt>
<trkpt lat="33.008303" lon="35.2230276"><ele>390.7</ele><time>2023-09-18T04:41:15Z</time></trkpt>
<trkpt lat="33.008318" lon="35.2230263"><ele>390.7</ele><time>2023-09-18T04:41:16Z</time></trkpt>
<trkpt lat="33.0083326" lon="35.2230255"><ele>390.7</ele><time>2023-09-18T04:41:17Z</time></trkpt>
<trkpt lat="33.0083471" lon="35.2230244"><ele>390.7</ele><time>2023-09-18T04:41:18Z</time></trkpt>
<trkpt lat="33.0083611" lon="35.2230233"><ele>390.6</ele><time>2023-09-18T04:41:19Z</time></trkpt>
<trkpt lat="33.0083744" lon="35.2230219"><ele>390.5</ele><time>2023-09-18T04:41:20Z</time></trkpt>
<trkpt lat="33.0083877" lon="35.2230207"><ele>390.4</ele><time>2023-09-18T04:41:21Z</time></trkpt>
<trkpt lat="33.0084014" lon="35.2230205"><ele>390.3</ele><time>2023-09-18T04:41:22Z</time></trkpt>
<trkpt lat="33.0084153" lon="35.2230205"><ele>390.2</ele><time>2023-09-18T04:41:23Z</time></trkpt>
<trkpt lat="33.0084295" lon="35.2230199"><ele>390.0</ele><time>2023-09-18T04:41:24Z</time></trkpt>
<trkpt lat="33.0084437" lon="35.2230193"><ele>389.9</ele><time>2023-09-18T04:41:25Z</time></trkpt>
<trkpt lat="33.0084579" lon="35.2230186"><ele>389.8</ele><time>2023-09-18T04:41:26Z</time></trkpt>
<trkpt lat="33.0084718" lon="35.2230177"><ele>389.6</ele><time>2023-09-18T04:41:27Z</time></trkpt>
<trkpt lat="33.0084855" lon="35.2230159"><ele>389.5</ele><time>2023-09-18T04:41:28Z</time></trkpt>
<trkpt lat="33.0084992" lon="35.2230131"><ele>389.3</ele><time>2023-09-18T04:41:29Z</time></trkpt>
<trkpt lat="33.0085127" lon="35.2230089"><ele>389.2</ele><time>2023-09-18T04:41:30Z</time></trkpt>
<trkpt lat="33.0085257" lon="35.2230033"><ele>389.1</ele><time>2023-09-18T04:41:31Z</time></trkpt>
<trkpt lat="33.0085387" lon="35.2229973"><ele>388.9</ele><time>2023-09-18T04:41:32Z</time></trkpt>
<trkpt lat="33.0085524" lon="35.222992"><ele>388.8</ele><time>2023-09-18T04:41:33Z</time></trkpt>
<trkpt lat="33.0085665" lon="35.2229876"><ele>388.6</ele><time>2023-09-18T04:41:34Z</time></trkpt>
<trkpt lat="33.0085806" lon="35.2229834"><ele>388.5</ele><time>2023-09-18T04:41:35Z</time></trkpt>
<trkpt lat="33.0085944" lon="35.2229789"><ele>388.4</ele><time>2023-09-18T04:41:36Z</time></trkpt>
<trkpt lat="33.0086058" lon="35.222973"><ele>388.3</ele><time>2023-09-18T04:41:37Z</time></trkpt>
<trkpt lat="33.0086133" lon="35.2229645"><ele>388.1</ele><time>2023-09-18T04:41:38Z</time></trkpt>
<trkpt lat="33.0086182" lon="35.222954"><ele>388.0</ele><time>2023-09-18T04:41:39Z</time></trkpt>
<trkpt lat="33.0086219" lon="35.2229418"><ele>387.9</ele><time>2023-09-18T04:41:40Z</time></trkpt>
<trkpt lat="33.0086251" lon="35.2229278"><ele>387.7</ele><time>2023-09-18T04:41:41Z</time></trkpt>
<trkpt lat="33.0086278" lon="35.2229133"><ele>387.6</ele><time>2023-09-18T04:41:42Z</time></trkpt>
<trkpt lat="33.0086295" lon="35.2228975"><ele>387.5</ele><time>2023-09-18T04:41:43Z</time></trkpt>
<trkpt lat="33.0086306" lon="35.2228799"><ele>387.3</ele><time>2023-09-18T04:41:44Z</time></trkpt>
<trkpt lat="33.0086316" lon="35.2228623"><ele>387.2</ele><time>2023-09-18T04:41:45Z</time></trkpt>
<trkpt lat="33.0086326" lon="35.2228459"><ele>387.0</ele><time>2023-09-18T04:41:46Z</time></trkpt>
<trkpt lat="33.0086337" lon="35.2228305"><ele>386.9</ele><time>2023-09-18T04:41:47Z</time></trkpt>
<trkpt lat="33.0086347" lon="35.2228149"><ele>386.8</ele><time>2023-09-18T04:41:48Z</time></trkpt>
<trkpt lat="33.0086359" lon="35.2227984"><ele>386.6</ele><time>2023-09-18T04:41:49Z</time></trkpt>
<trkpt lat="33.0086378" lon="35.2227818"><ele>386.5</ele><time>2023-09-18T04:41:50Z</time></trkpt>
<trkpt lat="33.0086403" lon="35.2227651"><ele>386.4</ele><time>2023-09-18T04:41:51Z</time></trkpt>
<trkpt lat="33.0086433" lon="35.2227479"><ele>386.2</ele><time>2023-09-18T04:41:52Z</time></trkpt>
<trkpt lat="33.0086472" lon="35.2227305"><ele>386.1</ele><time>2023-09-18T04:41:53Z</time></trkpt>
<trkpt lat="33.0086514" lon="35.2227129"><ele>385.9</ele><time>2023-09-18T04:41:54Z</time></trkpt>
<trkpt lat="33.0086554" lon="35.2226946"><ele>385.8</ele><time>2023-09-18T04:41:55Z</time></trkpt>
<trkpt lat="33.0086592" lon="35.2226754"><ele>385.6</ele><time>2023-09-18T04:41:56Z</time></trkpt>
<trkpt lat="33.0086624" lon="35.2226564"><ele>385.5</ele><time>2023-09-18T04:41:57Z</time></trkpt>
<trkpt lat="33.0086651" lon="35.2226383"><ele>385.3</ele><time>2023-09-18T04:41:58Z</time></trkpt>
<trkpt lat="33.0086676" lon="35.2226201"><ele>385.2</ele><time>2023-09-18T04:41:59Z</time></trkpt>
<trkpt lat="33.0086702" lon="35.2226018"><ele>385.0</ele><time>2023-09-18T04:42:00Z</time></trkpt>
<trkpt lat="33.008673" lon="35.2225835"><ele>384.9</ele><time>2023-09-18T04:42:01Z</time></trkpt>
<trkpt lat="33.0086759" lon="35.2225653"><ele>384.7</ele><time>2023-09-18T04:42:02Z</time></trkpt>
<trkpt lat="33.0086788" lon="35.2225475"><ele>384.6</ele><time>2023-09-18T04:42:03Z</time></trkpt>
<trkpt lat="33.0086812" lon="35.22253"><ele>384.5</ele><time>2023-09-18T04:42:04Z</time></trkpt>
<trkpt lat="33.0086829" lon="35.222513"><ele>384.4</ele><time>2023-09-18T04:42:05Z</time></trkpt>
<trkpt lat="33.0086844" lon="35.2224968"><ele>384.3</ele><time>2023-09-18T04:42:06Z</time></trkpt>
<trkpt lat="33.0086855" lon="35.2224819"><ele>384.2</ele><time>2023-09-18T04:42:07Z</time></trkpt>
<trkpt lat="33.0086863" lon="35.2224682"><ele>384.1</ele><time>2023-09-18T04:42:08Z</time></trkpt>
<trkpt lat="33.0086868" lon="35.2224549"><ele>384.0</ele><time>2023-09-18T04:42:09Z</time></trkpt>
<trkpt lat="33.0086874" lon="35.2224408"><ele>384.0</ele><time>2023-09-18T04:42:10Z</time></trkpt>
<trkpt lat="33.0086885" lon="35.2224263"><ele>383.9</ele><time>2023-09-18T04:42:11Z</time></trkpt>
<trkpt lat="33.0086899" lon="35.2224116"><ele>383.9</ele><time>2023-09-18T04:42:12Z</time></trkpt>
<trkpt lat="33.0086916" lon="35.222397"><ele>383.9</ele><time>2023-09-18T04:42:13Z</time></trkpt>
<trkpt lat="33.0086934" lon="35.2223824"><ele>383.8</ele><time>2023-09-18T04:42:14Z</time></trkpt>
<trkpt lat="33.0086952" lon="35.2223675"><ele>383.8</ele><time>2023-09-18T04:42:15Z</time></trkpt>
<trkpt lat="33.008697" lon="35.2223521"><ele>383.7</ele><time>2023-09-18T04:42:16Z</time></trkpt>
<trkpt lat="33.0086987" lon="35.2223362"><ele>383.7</ele><time>2023-09-18T04:42:17Z</time></trkpt>
<trkpt lat="33.0086999" lon="35.2223198"><ele>383.7</ele><time>2023-09-18T04:42:18Z</time></trkpt>
<trkpt lat="33.0087003" lon="35.2223032"><ele>383.6</ele><time>2023-09-18T04:42:19Z</time></trkpt>
<trkpt lat="33.0087003" lon="35.2222871"><ele>383.5</ele><time>2023-09-18T04:42:20Z</time></trkpt>
<trkpt lat="33.0087008" lon="35.2222723"><ele>383.5</ele><time>2023-09-18T04:42:21Z</time></trkpt>
<trkpt lat="33.0087023" lon="35.2222587"><ele>383.4</ele><time>2023-09-18T04:42:22Z</time></trkpt>
<trkpt lat="33.0087048" lon="35.2222445"><ele>383.3</ele><time>2023-09-18T04:42:23Z</time></trkpt>
<trkpt lat="33.0087077" lon="35.2222288"><ele>383.2</ele><time>2023-09-18T04:42:24Z</time></trkpt>
<trkpt lat="33.0087109" lon="35.2222127"><ele>383.2</ele><time>2023-09-18T04:42:25Z</time></trkpt>
<trkpt lat="33.0087141" lon="35.2221965"><ele>383.1</ele><time>2023-09-18T04:42:26Z</time></trkpt>
<trkpt lat="33.0087171" lon="35.2221801"><ele>383.0</ele><time>2023-09-18T04:42:27Z</time></trkpt>
<trkpt lat="33.0087199" lon="35.2221642"><ele>382.9</ele><time>2023-09-18T04:42:28Z</time></trkpt>
<trkpt lat="33.0087225" lon="35.2221488"><ele>382.8</ele><time>2023-09-18T04:42:29Z</time></trkpt>
<trkpt lat="33.0087248" lon="35.2221335"><ele>382.7</ele><time>2023-09-18T04:42:30Z</time></trkpt>
<trkpt lat="33.0087267" lon="35.2221186"><ele>382.6</ele><time>2023-09-18T04:42:31Z</time></trkpt>
<trkpt lat="33.0087286" lon="35.2221042"><ele>382.5</ele><time>2023-09-18T04:42:32Z</time></trkpt>
<trkpt lat="33.0087307" lon="35.2220899"><ele>382.4</ele><time>2023-09-18T04:42:33Z</time></trkpt>
<trkpt lat="33.008733" lon="35.2220756"><ele>382.3</ele><time>2023-09-18T04:42:34Z</time></trkpt>
<trkpt lat="33.0087357" lon="35.222061"><ele>382.2</ele><time>2023-09-18T04:42:35Z</time></trkpt>
<trkpt lat="33.0087385" lon="35.222046"><ele>382.1</ele><time>2023-09-18T04:42:36Z</time></trkpt>
<trkpt lat="33.0087409" lon="35.222031"><ele>382.0</ele><time>2023-09-18T04:42:37Z</time></trkpt>
<trkpt lat="33.0087426" lon="35.2220162"><ele>381.9</ele><time>2023-09-18T04:42:38Z</time></trkpt>
<trkpt lat="33.008744" lon="35.2220012"><ele>381.8</ele><time>2023-09-18T04:42:39Z</time></trkpt>
<trkpt lat="33.0087452" lon="35.2219861"><ele>381.7</ele><time>2023-09-18T04:42:40Z</time></trkpt>
<trkpt lat="33.0087463" lon="35.2219712"><ele>381.6</ele><time>2023-09-18T04:42:41Z</time></trkpt>
<trkpt lat="33.0087472" lon="35.2219567"><ele>381.5</ele><time>2023-09-18T04:42:42Z</time></trkpt>
<trkpt lat="33.0087483" lon="35.2219428"><ele>381.4</ele><time>2023-09-18T04:42:43Z</time></trkpt>
<trkpt lat="33.0087493" lon="35.2219287"><ele>381.3</ele><time>2023-09-18T04:42:44Z</time></trkpt>
<trkpt lat="33.0087502" lon="35.2219141"><ele>381.2</ele><time>2023-09-18T04:42:45Z</time></trkpt>
<trkpt lat="33.0087514" lon="35.2218993"><ele>381.1</ele><time>2023-09-18T04:42:46Z</time></trkpt>
<trkpt lat="33.008753" lon="35.2218848"><ele>381.0</ele><time>2023-09-18T04:42:47Z</time></trkpt>
<trkpt lat="33.0087551" lon="35.2218703"><ele>380.9</ele><time>2023-09-18T04:42:48Z</time></trkpt>
<trkpt lat="33.0087576" lon="35.2218552"><ele>380.9</ele><time>2023-09-18T04:42:49Z</time></trkpt>
<trkpt lat="33.0087605" lon="35.2218395"><ele>380.8</ele><time>2023-09-18T04:42:50Z</time></trkpt>
<trkpt lat="33.0087634" lon="35.2218244"><ele>380.8</ele><time>2023-09-18T04:42:51Z</time></trkpt>
<trkpt lat="33.008766" lon="35.2218095"><ele>380.7</ele><time>2023-09-18T04:42:52Z</time></trkpt>
<trkpt lat="33.0087686" lon="35.2217945"><ele>380.7</ele><time>2023-09-18T04:42:53Z</time></trkpt>
<trkpt lat="33.008771" lon="35.2217797"><ele>380.7</ele><time>2023-09-18T04:42:54Z</time></trkpt>
<trkpt lat="33.008773" lon="35.2217653"><ele>380.7</ele><time>2023-09-18T04:42:55Z</time></trkpt>
<trkpt lat="33.008775" lon="35.2217506"><ele>380.7</ele><time>2023-09-18T04:42:56Z</time></trkpt>
<trkpt lat="33.0087769" lon="35.2217351"><ele>380.7</ele><time>2023-09-18T04:42:57Z</time></trkpt>
<trkpt lat="33.0087788" lon="35.2217192"><ele>380.7</ele><time>2023-09-18T04:42:58Z</time></trkpt>
<trkpt lat="33.0087808" lon="35.2217029"><ele>380.6</ele><time>2023-09-18T04:42:59Z</time></trkpt>
<trkpt lat="33.0087827" lon="35.2216868"><ele>380.6</ele><time>2023-09-18T04:43:00Z</time></trkpt>
<trkpt lat="33.0087845" lon="35.2216712"><ele>380.6</ele><time>2023-09-18T04:43:01Z</time></trkpt>
<trkpt lat="33.0087861" lon="35.2216566"><ele>380.6</ele><time>2023-09-18T04:43:02Z</time></trkpt>
<trkpt lat="33.0087876" lon="35.2216431"><ele>380.6</ele><time>2023-09-18T04:43:03Z</time></trkpt>
<trkpt lat="33.0087892" lon="35.2216295"><ele>380.6</ele><time>2023-09-18T04:43:04Z</time></trkpt>
<trkpt lat="33.0087908" lon="35.2216152"><ele>380.6</ele><time>2023-09-18T04:43:05Z</time></trkpt>
<trkpt lat="33.0087923" lon="35.2216003"><ele>380.6</ele><time>2023-09-18T04:43:06Z</time></trkpt>
<trkpt lat="33.0087934" lon="35.2215852"><ele>380.5</ele><time>2023-09-18T04:43:07Z</time></trkpt>
<trkpt lat="33.0087943" lon="35.2215697"><ele>380.5</ele><time>2023-09-18T04:43:08Z</time></trkpt>
<trkpt lat="33.0087952" lon="35.2215534"><ele>380.5</ele><time>2023-09-18T04:43:09Z</time></trkpt>
<trkpt lat="33.0087961" lon="35.2215362"><ele>380.4</ele><time>2023-09-18T04:43:10Z</time></trkpt>
<trkpt lat="33.0087973" lon="35.2215184"><ele>380.3</ele><time>2023-09-18T04:43:11Z</time></trkpt>
<trkpt lat="33.0087989" lon="35.2215008"><ele>380.3</ele><time>2023-09-18T04:43:12Z</time></trkpt>
<trkpt lat="33.008801" lon="35.2214835"><ele>380.2</ele><time>2023-09-18T04:43:13Z</time></trkpt>
<trkpt lat="33.0088034" lon="35.2214665"><ele>380.1</ele><time>2023-09-18T04:43:14Z</time></trkpt>
<trkpt lat="33.0088055" lon="35.2214498"><ele>380.0</ele><time>2023-09-18T04:43:15Z</time></trkpt>
<trkpt lat="33.0088066" lon="35.2214331"><ele>379.9</ele><time>2023-09-18T04:43:16Z</time></trkpt>
<trkpt lat="33.0088065" lon="35.2214165"><ele>379.7</ele><time>2023-09-18T04:43:17Z</time></trkpt>
<trkpt lat="33.0088059" lon="35.2213998"><ele>379.6</ele><time>2023-09-18T04:43:18Z</time></trkpt>
<trkpt lat="33.0088051" lon="35.2213831"><ele>379.4</ele><time>2023-09-18T04:43:19Z</time></trkpt>
<trkpt lat="33.0088042" lon="35.2213664"><ele>379.3</ele><time>2023-09-18T04:43:20Z</time></trkpt>
<trkpt lat="33.0088035" lon="35.2213499"><ele>379.1</ele><time>2023-09-18T04:43:21Z</time></trkpt>
<trkpt lat="33.0088028" lon="35.2213336"><ele>378.9</ele><time>2023-09-18T04:43:22Z</time></trkpt>
<trkpt lat="33.0088017" lon="35.2213174"><ele>378.7</ele><time>2023-09-18T04:43:23Z</time></trkpt>
<trkpt lat="33.0088004" lon="35.2213011"><ele>378.5</ele><time>2023-09-18T04:43:24Z</time></trkpt>
<trkpt lat="33.0087989" lon="35.2212849"><ele>378.4</ele><time>2023-09-18T04:43:25Z</time></trkpt>
<trkpt lat="33.0087968" lon="35.2212687"><ele>378.2</ele><time>2023-09-18T04:43:26Z</time></trkpt>
<trkpt lat="33.0087943" lon="35.2212526"><ele>378.0</ele><time>2023-09-18T04:43:27Z</time></trkpt>
<trkpt lat="33.0087911" lon="35.221237"><ele>377.8</ele><time>2023-09-18T04:43:28Z</time></trkpt>
<trkpt lat="33.0087873" lon="35.2212221"><ele>377.6</ele><time>2023-09-18T04:43:29Z</time></trkpt>
<trkpt lat="33.0087822" lon="35.2212076"><ele>377.4</ele><time>2023-09-18T04:43:30Z</time></trkpt>
<trkpt lat="33.008775" lon="35.2211942"><ele>377.2</ele><time>2023-09-18T04:43:31Z</time></trkpt>
<trkpt lat="33.0087655" lon="35.2211824"><ele>377.0</ele><time>2023-09-18T04:43:32Z</time></trkpt>
<trkpt lat="33.0087539" lon="35.2211726"><ele>376.8</ele><time>2023-09-18T04:43:33Z</time></trkpt>
<trkpt lat="33.0087411" lon="35.2211644"><ele>376.6</ele><time>2023-09-18T04:43:34Z</time></trkpt>
<trkpt lat="33.0087275" lon="35.2211566"><ele>376.5</ele><time>2023-09-18T04:43:35Z</time></trkpt>
<trkpt lat="33.0087135" lon="35.2211484"><ele>376.3</ele><time>2023-09-18T04:43:36Z</time></trkpt>
<trkpt lat="33.0087002" lon="35.2211398"><ele>376.1</ele><time>2023-09-18T04:43:37Z</time></trkpt>
<trkpt lat="33.0086871" lon="35.2211306"><ele>376.0</ele><time>2023-09-18T04:43:38Z</time></trkpt>
<trkpt lat="33.0086739" lon="35.2211208"><ele>375.9</ele><time>2023-09-18T04:43:39Z</time></trkpt>
<trkpt lat="33.008661" lon="35.2211105"><ele>375.7</ele><time>2023-09-18T04:43:40Z</time></trkpt>
<trkpt lat="33.0086487" lon="35.2210994"><ele>375.6</ele><time>2023-09-18T04:43:41Z</time></trkpt>
<trkpt lat="33.0086373" lon="35.2210873"><ele>375.5</ele><time>2023-09-18T04:43:42Z</time></trkpt>
<trkpt lat="33.0086267" lon="35.2210744"><ele>375.4</ele><time>2023-09-18T04:43:43Z</time></trkpt>
<trkpt lat="33.008617" lon="35.2210611"><ele>375.3</ele><time>2023-09-18T04:43:44Z</time></trkpt>
<trkpt lat="33.0086076" lon="35.2210478"><ele>375.2</ele><time>2023-09-18T04:43:45Z</time></trkpt>
<trkpt lat="33.0085981" lon="35.2210353"><ele>375.1</ele><time>2023-09-18T04:43:46Z</time></trkpt>
<trkpt lat="33.0085886" lon="35.2210232"><ele>375.0</ele><time>2023-09-18T04:43:47Z</time></trkpt>
<trkpt lat="33.0085793" lon="35.2210109"><ele>374.9</ele><time>2023-09-18T04:43:48Z</time></trkpt>
<trkpt lat="33.0085702" lon="35.2209983"><ele>374.8</ele><time>2023-09-18T04:43:49Z</time></trkpt>
<trkpt lat="33.0085615" lon="35.2209853"><ele>374.7</ele><time>2023-09-18T04:43:50Z</time></trkpt>
<trkpt lat="33.0085533" lon="35.220972"><ele>374.6</ele><time>2023-09-18T04:43:51Z</time></trkpt>
<trkpt lat="33.0085448" lon="35.2209598"><ele>374.6</ele><time>2023-09-18T04:43:52Z</time></trkpt>
<trkpt lat="33.0085348" lon="35.2209503"><ele>374.6</ele><time>2023-09-18T04:43:53Z</time></trkpt>
<trkpt lat="33.0085229" lon="35.2209447"><ele>374.5</ele><time>2023-09-18T04:43:54Z</time></trkpt>
<trkpt lat="33.0085097" lon="35.2209438"><ele>374.5</ele><time>2023-09-18T04:43:55Z</time></trkpt>
<trkpt lat="33.0084959" lon="35.2209476"><ele>374.5</ele><time>2023-09-18T04:43:56Z</time></trkpt>
<trkpt lat="33.0084823" lon="35.2209541"><ele>374.5</ele><time>2023-09-18T04:43:57Z</time></trkpt>
<trkpt lat="33.0084691" lon="35.2209608"><ele>374.5</ele><time>2023-09-18T04:43:58Z</time></trkpt>
<trkpt lat="33.0084566" lon="35.2209669"><ele>374.5</ele><time>2023-09-18T04:43:59Z</time></trkpt>
<trkpt lat="33.0084475" lon="35.2209721"><ele>374.6</ele><time>2023-09-18T04:44:00Z</time></trkpt>
<trkpt lat="33.0084445" lon="35.2209755"><ele>374.6</ele><time>2023-09-18T04:44:01Z</time></trkpt>
<trkpt lat="33.0084462" lon="35.220977"><ele>374.6</ele><time>2023-09-18T04:44:02Z</time></trkpt>
<trkpt lat="33.0084501" lon="35.220977"><ele>374.7</ele><time>2023-09-18T04:44:03Z</time></trkpt>
<trkpt lat="33.0084545" lon="35.2209761"><ele>374.7</ele><time>2023-09-18T04:44:04Z</time></trkpt>
<trkpt lat="33.0084587" lon="35.2209743"><ele>374.8</ele><time>2023-09-18T04:44:05Z</time></trkpt>
<trkpt lat="33.0084622" lon="35.2209719"><ele>374.8</ele><time>2023-09-18T04:44:06Z</time></trkpt>
<trkpt lat="33.0084649" lon="35.220969"><ele>374.9</ele><time>2023-09-18T04:44:07Z</time></trkpt>
<trkpt lat="33.0084666" lon="35.2209655"><ele>374.9</ele><time>2023-09-18T04:44:08Z</time></trkpt>
<trkpt lat="33.0084678" lon="35.2209617"><ele>375.0</ele><time>2023-09-18T04:44:09Z</time></trkpt>
<trkpt lat="33.0084692" lon="35.2209581"><ele>375.0</ele><time>2023-09-18T04:44:10Z</time></trkpt>
<trkpt lat="33.008471" lon="35.2209554"><ele>375.0</ele><time>2023-09-18T04:44:11Z</time></trkpt>
<trkpt lat="33.0084727" lon="35.2209539"><ele>375.1</ele><time>2023-09-18T04:44:12Z</time></trkpt>
<trkpt lat="33.0084741" lon="35.2209531"><ele>375.1</ele><time>2023-09-18T04:44:13Z</time></trkpt>
<trkpt lat="33.0084749" lon="35.2209528"><ele>375.1</ele><time>2023-09-18T04:44:14Z</time></trkpt>
<trkpt lat="33.0084751" lon="35.2209528"><ele>375.2</ele><time>2023-09-18T04:44:15Z</time></trkpt>
<trkpt lat="33.0084751" lon="35.2209532"><ele>375.2</ele><time>2023-09-18T04:44:16Z</time></trkpt>
<trkpt lat="33.008475" lon="35.220954"><ele>375.2</ele><time>2023-09-18T04:44:17Z</time></trkpt>
<trkpt lat="33.0084752" lon="35.2209552"><ele>375.2</ele><time>2023-09-18T04:44:18Z</time></trkpt>
<trkpt lat="33.0084754" lon="35.2209567"><ele>375.2</ele><time>2023-09-18T04:44:19Z</time></trkpt>
<trkpt lat="33.008476" lon="35.2209584"><ele>375.3</ele><time>2023-09-18T04:44:20Z</time></trkpt>
<trkpt lat="33.0084767" lon="35.2209601"><ele>375.3</ele><time>2023-09-18T04:44:21Z</time></trkpt>
<trkpt lat="33.0084776" lon="35.2209614"><ele>375.3</ele><time>2023-09-18T04:44:22Z</time></trkpt>
<trkpt lat="33.0084786" lon="35.2209625"><ele>375.3</ele><time>2023-09-18T04:44:23Z</time></trkpt>
<trkpt lat="33.0084798" lon="35.2209631"><ele>375.3</ele><time>2023-09-18T04:44:24Z</time></trkpt>
<trkpt lat="33.0084811" lon="35.2209634"><ele>375.3</ele><time>2023-09-18T04:44:25Z</time></trkpt>
<trkpt lat="33.0084824" lon="35.2209632"><ele>375.3</ele><time>2023-09-18T04:44:26Z</time></trkpt>
<trkpt lat="33.0084838" lon="35.2209629"><ele>375.3</ele><time>2023-09-18T04:44:27Z</time></trkpt>
<trkpt lat="33.0084852" lon="35.2209624"><ele>375.3</ele><time>2023-09-18T04:44:28Z</time></trkpt>
<trkpt lat="33.0084868" lon="35.2209618"><ele>375.3</ele><time>2023-09-18T04:44:29Z</time></trkpt>
<trkpt lat="33.0084885" lon="35.220961"><ele>375.3</ele><time>2023-09-18T04:44:30Z</time></trkpt>
<trkpt lat="33.0084903" lon="35.2209598"><ele>375.2</ele><time>2023-09-18T04:44:31Z</time></trkpt>
<trkpt lat="33.0084921" lon="35.2209579"><ele>375.2</ele><time>2023-09-18T04:44:32Z</time></trkpt>
<trkpt lat="33.0084937" lon="35.220955"><ele>375.2</ele><time>2023-09-18T04:44:33Z</time></trkpt>
<trkpt lat="33.0084949" lon="35.2209518"><ele>375.2</ele><time>2023-09-18T04:44:34Z</time></trkpt>
<trkpt lat="33.0084956" lon="35.2209487"><ele>375.2</ele><time>2023-09-18T04:44:35Z</time></trkpt>
<trkpt lat="33.0084957" lon="35.2209465"><ele>375.2</ele><time>2023-09-18T04:44:36Z</time></trkpt>
<trkpt lat="33.0084949" lon="35.2209449"><ele>375.1</ele><time>2023-09-18T04:44:37Z</time></trkpt>
<trkpt lat="33.0084927" lon="35.2209441"><ele>375.1</ele><time>2023-09-18T04:44:38Z</time></trkpt>
<trkpt lat="33.0084888" lon="35.2209444"><ele>375.1</ele><time>2023-09-18T04:44:39Z</time></trkpt>
<trkpt lat="33.0084835" lon="35.2209461"><ele>375.1</ele><time>2023-09-18T04:44:40Z</time></trkpt>
<trkpt lat="33.008478" lon="35.220949"><ele>375.1</ele><time>2023-09-18T04:44:41Z</time></trkpt>
<trkpt lat="33.0084739" lon="35.2209523"><ele>375.1</ele><time>2023-09-18T04:44:42Z</time></trkpt>
<trkpt lat="33.0084719" lon="35.2209552"><ele>375.1</ele><time>2023-09-18T04:44:43Z</time></trkpt>
<trkpt lat="33.0084719" lon="35.2209573"><ele>375.1</ele><time>2023-09-18T04:44:44Z</time></trkpt>
<trkpt lat="33.0084731" lon="35.2209585"><ele>375.1</ele><time>2023-09-18T04:44:45Z</time></trkpt>
<trkpt lat="33.0084746" lon="35.2209593"><ele>375.1</ele><time>2023-09-18T04:44:46Z</time></trkpt>
<trkpt lat="33.0084761" lon="35.2209597"><ele>375.1</ele><time>2023-09-18T04:44:47Z</time></trkpt>
<trkpt lat="33.0084773" lon="35.22096"><ele>375.1</ele><time>2023-09-18T04:44:48Z</time></trkpt>
<trkpt lat="33.0084784" lon="35.2209601"><ele>375.1</ele><time>2023-09-18T04:44:49Z</time></trkpt>
<trkpt lat="33.0084794" lon="35.22096"><ele>375.1</ele><time>2023-09-18T04:44:50Z</time></trkpt>
<trkpt lat="33.0084802" lon="35.2209597"><ele>375.1</ele><time>2023-09-18T04:44:51Z</time></trkpt>
<trkpt lat="33.0084809" lon="35.2209595"><ele>375.1</ele><time>2023-09-18T04:44:52Z</time></trkpt>
<trkpt lat="33.0084815" lon="35.2209591"><ele>375.2</ele><time>2023-09-18T04:44:53Z</time></trkpt>
<trkpt lat="33.0084822" lon="35.2209586"><ele>375.2</ele><time>2023-09-18T04:44:54Z</time></trkpt>
<trkpt lat="33.0084828" lon="35.2209581"><ele>375.2</ele><time>2023-09-18T04:44:55Z</time></trkpt>
<trkpt lat="33.0084834" lon="35.2209574"><ele>375.2</ele><time>2023-09-18T04:44:56Z</time></trkpt>
<trkpt lat="33.0084841" lon="35.2209566"><ele>375.2</ele><time>2023-09-18T04:44:57Z</time></trkpt>
<trkpt lat="33.0084849" lon="35.2209557"><ele>375.2</ele><time>2023-09-18T04:44:58Z</time></trkpt>
<trkpt lat="33.0084857" lon="35.2209548"><ele>375.2</ele><time>2023-09-18T04:44:59Z</time></trkpt>
<trkpt lat="33.0084866" lon="35.220954"><ele>375.2</ele><time>2023-09-18T04:45:00Z</time></trkpt>
<trkpt lat="33.0084875" lon="35.2209534"><ele>375.2</ele><time>2023-09-18T04:45:01Z</time></trkpt>
<trkpt lat="33.0084885" lon="35.2209529"><ele>375.2</ele><time>2023-09-18T04:45:02Z</time></trkpt>
<trkpt lat="33.0084895" lon="35.2209526"><ele>375.2</ele><time>2023-09-18T04:45:03Z</time></trkpt>
<trkpt lat="33.0084905" lon="35.2209523"><ele>375.2</ele><time>2023-09-18T04:45:04Z</time></trkpt>
<trkpt lat="33.0084913" lon="35.2209519"><ele>375.2</ele><time>2023-09-18T04:45:05Z</time></trkpt>
<trkpt lat="33.008492" lon="35.2209516"><ele>375.2</ele><time>2023-09-18T04:45:06Z</time></trkpt>
<trkpt lat="33.0084925" lon="35.2209513"><ele>375.2</ele><time>2023-09-18T04:45:07Z</time></trkpt>
<trkpt lat="33.0084929" lon="35.2209511"><ele>375.2</ele><time>2023-09-18T04:45:08Z</time></trkpt>
<trkpt lat="33.0084933" lon="35.2209509"><ele>375.2</ele><time>2023-09-18T04:45:09Z</time></trkpt>
<trkpt lat="33.0084936" lon="35.2209507"><ele>375.2</ele><time>2023-09-18T04:45:10Z</time></trkpt>
<trkpt lat="33.0084938" lon="35.2209505"><ele>375.1</ele><time>2023-09-18T04:45:11Z</time></trkpt>
<trkpt lat="33.008494" lon="35.2209504"><ele>375.1</ele><time>2023-09-18T04:45:12Z</time></trkpt>
<trkpt lat="33.008494" lon="35.2209502"><ele>375.1</ele><time>2023-09-18T04:45:13Z</time></trkpt>
<trkpt lat="33.008494" lon="35.22095"><ele>375.2</ele><time>2023-09-18T04:45:14Z</time></trkpt>
<trkpt lat="33.0084936" lon="35.2209497"><ele>375.1</ele><time>2023-09-18T04:45:15Z</time></trkpt>
<trkpt lat="33.0084928" lon="35.2209493"><ele>375.1</ele><time>2023-09-18T04:45:16Z</time></trkpt>
<trkpt lat="33.0084912" lon="35.2209486"><ele>375.1</ele><time>2023-09-18T04:45:17Z</time></trkpt>
<trkpt lat="33.0084883" lon="35.2209477"><ele>375.2</ele><time>2023-09-18T04:45:18Z</time></trkpt>
<trkpt lat="33.0084832" lon="35.2209466"><ele>375.2</ele><time>2023-09-18T04:45:19Z</time></trkpt>
<trkpt lat="33.0084759" lon="35.2209454"><ele>375.2</ele><time>2023-09-18T04:45:20Z</time></trkpt>
<trkpt lat="33.0084674" lon="35.2209443"><ele>375.3</ele><time>2023-09-18T04:45:21Z</time></trkpt>
<trkpt lat="33.0084581" lon="35.2209433"><ele>375.3</ele><time>2023-09-18T04:45:22Z</time></trkpt>
<trkpt lat="33.0084484" lon="35.2209425"><ele>375.4</ele><time>2023-09-18T04:45:23Z</time></trkpt>
<trkpt lat="33.0084382" lon="35.2209422"><ele>375.4</ele><time>2023-09-18T04:45:24Z</time></trkpt>
<trkpt lat="33.0084276" lon="35.2209429"><ele>375.5</ele><time>2023-09-18T04:45:25Z</time></trkpt>
<trkpt lat="33.0084162" lon="35.2209443"><ele>375.5</ele><time>2023-09-18T04:45:26Z</time></trkpt>
<trkpt lat="33.008404" lon="35.2209459"><ele>375.6</ele><time>2023-09-18T04:45:27Z</time></trkpt>
<trkpt lat="33.0083914" lon="35.2209473"><ele>375.6</ele><time>2023-09-18T04:45:28Z</time></trkpt>
<trkpt lat="33.0083786" lon="35.2209482"><ele>375.7</ele><time>2023-09-18T04:45:29Z</time></trkpt>
<trkpt lat="33.0083658" lon="35.2209487"><ele>375.7</ele><time>2023-09-18T04:45:30Z</time></trkpt>
<trkpt lat="33.0083529" lon="35.2209489"><ele>375.8</ele><time>2023-09-18T04:45:31Z</time></trkpt>
<trkpt lat="33.0083401" lon="35.2209491"><ele>375.9</ele><time>2023-09-18T04:45:32Z</time></trkpt>
<trkpt lat="33.0083277" lon="35.2209494"><ele>375.9</ele><time>2023-09-18T04:45:33Z</time></trkpt>
<trkpt lat="33.0083156" lon="35.2209496"><ele>376.0</ele><time>2023-09-18T04:45:34Z</time></trkpt>
<trkpt lat="33.0083038" lon="35.2209499"><ele>376.0</ele><time>2023-09-18T04:45:35Z</time></trkpt>
<trkpt lat="33.0082922" lon="35.2209503"><ele>376.1</ele><time>2023-09-18T04:45:36Z</time></trkpt>
<trkpt lat="33.0082808" lon="35.2209508"><ele>376.1</ele><time>2023-09-18T04:45:37Z</time></trkpt>
<trkpt lat="33.0082694" lon="35.2209509"><ele>376.2</ele><time>2023-09-18T04:45:38Z</time></trkpt>
<trkpt lat="33.0082575" lon="35.2209504"><ele>376.2</ele><time>2023-09-18T04:45:39Z</time></trkpt>
<trkpt lat="33.0082451" lon="35.2209496"><ele>376.3</ele><time>2023-09-18T04:45:40Z</time></trkpt>
<trkpt lat="33.0082319" lon="35.2209488"><ele>376.3</ele><time>2023-09-18T04:45:41Z</time></trkpt>
<trkpt lat="33.0082183" lon="35.2209484"><ele>376.4</ele><time>2023-09-18T04:45:42Z</time></trkpt>
<trkpt lat="33.0082045" lon="35.2209484"><ele>376.4</ele><time>2023-09-18T04:45:43Z</time></trkpt>
<trkpt lat="33.0081909" lon="35.2209489"><ele>376.5</ele><time>2023-09-18T04:45:44Z</time></trkpt>
<trkpt lat="33.0081773" lon="35.2209494"><ele>376.5</ele><time>2023-09-18T04:45:45Z</time></trkpt>
<trkpt lat="33.0081635" lon="35.2209498"><ele>376.6</ele><time>2023-09-18T04:45:46Z</time></trkpt>
<trkpt lat="33.0081496" lon="35.2209504"><ele>376.6</ele><time>2023-09-18T04:45:47Z</time></trkpt>
<trkpt lat="33.0081357" lon="35.2209513"><ele>376.7</ele><time>2023-09-18T04:45:48Z</time></trkpt>
<trkpt lat="33.0081219" lon="35.2209527"><ele>376.7</ele><time>2023-09-18T04:45:49Z</time></trkpt>
<trkpt lat="33.0081085" lon="35.2209541"><ele>376.8</ele><time>2023-09-18T04:45:50Z</time></trkpt>
<trkpt lat="33.0080957" lon="35.2209555"><ele>376.9</ele><time>2023-09-18T04:45:51Z</time></trkpt>
<trkpt lat="33.0080829" lon="35.2209571"><ele>376.9</ele><time>2023-09-18T04:45:52Z</time></trkpt>
<trkpt lat="33.0080699" lon="35.220959"><ele>377.0</ele><time>2023-09-18T04:45:53Z</time></trkpt>
<trkpt lat="33.0080573" lon="35.2209613"><ele>377.0</ele><time>2023-09-18T04:45:54Z</time></trkpt>
<trkpt lat="33.008045" lon="35.2209641"><ele>377.1</ele><time>2023-09-18T04:45:55Z</time></trkpt>
<trkpt lat="33.008032" lon="35.2209673"><ele>377.1</ele><time>2023-09-18T04:45:56Z</time></trkpt>
<trkpt lat="33.0080184" lon="35.2209705"><ele>377.2</ele><time>2023-09-18T04:45:57Z</time></trkpt>
<trkpt lat="33.0080042" lon="35.2209734"><ele>377.2</ele><time>2023-09-18T04:45:58Z</time></trkpt>
<trkpt lat="33.0079895" lon="35.2209755"><ele>377.3</ele><time>2023-09-18T04:45:59Z</time></trkpt>
<trkpt lat="33.0079739" lon="35.2209769"><ele>377.3</ele><time>2023-09-18T04:46:00Z</time></trkpt>
<trkpt lat="33.0079573" lon="35.2209786"><ele>377.4</ele><time>2023-09-18T04:46:01Z</time></trkpt>
<trkpt lat="33.0079404" lon="35.2209806"><ele>377.5</ele><time>2023-09-18T04:46:02Z</time></trkpt>
<trkpt lat="33.007924" lon="35.2209833"><ele>377.5</ele><time>2023-09-18T04:46:03Z</time></trkpt>
<trkpt lat="33.0079079" lon="35.2209861"><ele>377.6</ele><time>2023-09-18T04:46:04Z</time></trkpt>
<trkpt lat="33.0078922" lon="35.220988"><ele>377.7</ele><time>2023-09-18T04:46:05Z</time></trkpt>
<trkpt lat="33.0078765" lon="35.2209885"><ele>377.8</ele><time>2023-09-18T04:46:06Z</time></trkpt>
<trkpt lat="33.0078609" lon="35.2209884"><ele>377.9</ele><time>2023-09-18T04:46:07Z</time></trkpt>
<trkpt lat="33.0078455" lon="35.2209871"><ele>378.0</ele><time>2023-09-18T04:46:08Z</time></trkpt>
<trkpt lat="33.0078306" lon="35.2209843"><ele>378.0</ele><time>2023-09-18T04:46:09Z</time></trkpt>
<trkpt lat="33.0078158" lon="35.2209808"><ele>378.1</ele><time>2023-09-18T04:46:10Z</time></trkpt>
<trkpt lat="33.0078009" lon="35.2209778"><ele>378.2</ele><time>2023-09-18T04:46:11Z</time></trkpt>
<trkpt lat="33.0077861" lon="35.2209757"><ele>378.3</ele><time>2023-09-18T04:46:12Z</time></trkpt>
<trkpt lat="33.0077723" lon="35.2209746"><ele>378.4</ele><time>2023-09-18T04:46:13Z</time></trkpt>
<trkpt lat="33.0077601" lon="35.2209743"><ele>378.5</ele><time>2023-09-18T04:46:14Z</time></trkpt>
<trkpt lat="33.007749" lon="35.2209742"><ele>378.6</ele><time>2023-09-18T04:46:15Z</time></trkpt>
<trkpt lat="33.0077384" lon="35.2209736"><ele>378.7</ele><time>2023-09-18T04:46:16Z</time></trkpt>
<trkpt lat="33.0077274" lon="35.2209722"><ele>378.7</ele><time>2023-09-18T04:46:17Z</time></trkpt>
<trkpt lat="33.0077162" lon="35.2209702"><ele>378.8</ele><time>2023-09-18T04:46:18Z</time></trkpt>
<trkpt lat="33.0077044" lon="35.220968"><ele>378.8</ele><time>2023-09-18T04:46:19Z</time></trkpt>
<trkpt lat="33.0076918" lon="35.220966"><ele>378.9</ele><time>2023-09-18T04:46:20Z</time></trkpt>
<trkpt lat="33.007679" lon="35.2209642"><ele>378.9</ele><time>2023-09-18T04:46:21Z</time></trkpt>
<trkpt lat="33.007666" lon="35.2209625"><ele>379.0</ele><time>2023-09-18T04:46:22Z</time></trkpt>
<trkpt lat="33.0076528" lon="35.2209607"><ele>379.0</ele><time>2023-09-18T04:46:23Z</time></trkpt>
<trkpt lat="33.0076391" lon="35.2209591"><ele>379.1</ele><time>2023-09-18T04:46:24Z</time></trkpt>
<trkpt lat="33.0076248" lon="35.2209578"><ele>379.1</ele><time>2023-09-18T04:46:25Z</time></trkpt>
<trkpt lat="33.0076105" lon="35.2209569"><ele>379.2</ele><time>2023-09-18T04:46:26Z</time></trkpt>
<trkpt lat="33.007597" lon="35.2209562"><ele>379.2</ele><time>2023-09-18T04:46:27Z</time></trkpt>
<trkpt lat="33.0075848" lon="35.2209557"><ele>379.3</ele><time>2023-09-18T04:46:28Z</time></trkpt>
<trkpt lat="33.0075731" lon="35.2209556"><ele>379.3</ele><time>2023-09-18T04:46:29Z</time></trkpt>
<trkpt lat="33.007561" lon="35.2209561"><ele>379.4</ele><time>2023-09-18T04:46:30Z</time></trkpt>
<trkpt lat="33.0075479" lon="35.2209571"><ele>379.4</ele><time>2023-09-18T04:46:31Z</time></trkpt>
<trkpt lat="33.0075342" lon="35.2209583"><ele>379.5</ele><time>2023-09-18T04:46:32Z</time></trkpt>
<trkpt lat="33.00752" lon="35.220959"><ele>379.5</ele><time>2023-09-18T04:46:33Z</time></trkpt>
<trkpt lat="33.0075065" lon="35.2209591"><ele>379.6</ele><time>2023-09-18T04:46:34Z</time></trkpt>
<trkpt lat="33.0074934" lon="35.2209589"><ele>379.6</ele><time>2023-09-18T04:46:35Z</time></trkpt>
<trkpt lat="33.0074803" lon="35.2209586"><ele>379.6</ele><time>2023-09-18T04:46:36Z</time></trkpt>
<trkpt lat="33.0074677" lon="35.2209581"><ele>379.7</ele><time>2023-09-18T04:46:37Z</time></trkpt>
<trkpt lat="33.0074555" lon="35.2209574"><ele>379.7</ele><time>2023-09-18T04:46:38Z</time></trkpt>
<trkpt lat="33.0074434" lon="35.2209565"><ele>379.7</ele><time>2023-09-18T04:46:39Z</time></trkpt>
<trkpt lat="33.0074312" lon="35.2209555"><ele>379.8</ele><time>2023-09-18T04:46:40Z</time></trkpt>
<trkpt lat="33.0074187" lon="35.2209545"><ele>379.8</ele><time>2023-09-18T04:46:41Z</time></trkpt>
<trkpt lat="33.007406" lon="35.2209535"><ele>379.8</ele><time>2023-09-18T04:46:42Z</time></trkpt>
<trkpt lat="33.007393" lon="35.2209526"><ele>379.9</ele><time>2023-09-18T04:46:43Z</time></trkpt>
<trkpt lat="33.0073799" lon="35.2209516"><ele>379.9</ele><time>2023-09-18T04:46:44Z</time></trkpt>
<trkpt lat="33.0073669" lon="35.2209504"><ele>380.0</ele><time>2023-09-18T04:46:45Z</time></trkpt>
<trkpt lat="33.0073539" lon="35.2209488"><ele>380.0</ele><time>2023-09-18T04:46:46Z</time></trkpt>
<trkpt lat="33.0073409" lon="35.220947"><ele>380.1</ele><time>2023-09-18T04:46:47Z</time></trkpt>
<trkpt lat="33.0073279" lon="35.2209453"><ele>380.2</ele><time>2023-09-18T04:46:48Z</time></trkpt>
<trkpt lat="33.0073145" lon="35.220944"><ele>380.2</ele><time>2023-09-18T04:46:49Z</time></trkpt>
<trkpt lat="33.0073005" lon="35.2209433"><ele>380.2</ele><time>2023-09-18T04:46:50Z</time></trkpt>
<trkpt lat="33.0072858" lon="35.2209433"><ele>380.3</ele><time>2023-09-18T04:46:51Z</time></trkpt>
<trkpt lat="33.0072708" lon="35.2209439"><ele>380.3</ele><time>2023-09-18T04:46:52Z</time></trkpt>
<trkpt lat="33.0072557" lon="35.220945"><ele>380.4</ele><time>2023-09-18T04:46:53Z</time></trkpt>
<trkpt lat="33.0072408" lon="35.2209466"><ele>380.4</ele><time>2023-09-18T04:46:54Z</time></trkpt>
<trkpt lat="33.0072265" lon="35.2209481"><ele>380.5</ele><time>2023-09-18T04:46:55Z</time></trkpt>
<trkpt lat="33.0072132" lon="35.220949"><ele>380.5</ele><time>2023-09-18T04:46:56Z</time></trkpt>
<trkpt lat="33.0072007" lon="35.2209499"><ele>380.5</ele><time>2023-09-18T04:46:57Z</time></trkpt>
<trkpt lat="33.0071883" lon="35.2209511"><ele>380.6</ele><time>2023-09-18T04:46:58Z</time></trkpt>
<trkpt lat="33.0071757" lon="35.2209525"><ele>380.6</ele><time>2023-09-18T04:46:59Z</time></trkpt>
<trkpt lat="33.0071629" lon="35.2209538"><ele>380.6</ele><time>2023-09-18T04:47:00Z</time></trkpt>
<trkpt lat="33.0071501" lon="35.2209551"><ele>380.6</ele><time>2023-09-18T04:47:01Z</time></trkpt>
<trkpt lat="33.0071375" lon="35.2209564"><ele>380.7</ele><time>2023-09-18T04:47:02Z</time></trkpt>
<trkpt lat="33.0071244" lon="35.2209578"><ele>380.7</ele><time>2023-09-18T04:47:03Z</time></trkpt>
<trkpt lat="33.0071108" lon="35.2209595"><ele>380.7</ele><time>2023-09-18T04:47:04Z</time></trkpt>
<trkpt lat="33.0070971" lon="35.2209615"><ele>380.7</ele><time>2023-09-18T04:47:05Z</time></trkpt>
<trkpt lat="33.0070836" lon="35.2209637"><ele>380.7</ele><time>2023-09-18T04:47:06Z</time></trkpt>
<trkpt lat="33.0070698" lon="35.2209662"><ele>380.6</ele><time>2023-09-18T04:47:07Z</time></trkpt>
<trkpt lat="33.0070559" lon="35.2209689"><ele>380.6</ele><time>2023-09-18T04:47:08Z</time></trkpt>
<trkpt lat="33.0070422" lon="35.2209711"><ele>380.6</ele><time>2023-09-18T04:47:09Z</time></trkpt>
<trkpt lat="33.0070283" lon="35.2209728"><ele>380.6</ele><time>2023-09-18T04:47:10Z</time></trkpt>
<trkpt lat="33.0070143" lon="35.2209743"><ele>380.6</ele><time>2023-09-18T04:47:11Z</time></trkpt>
<trkpt lat="33.0070008" lon="35.2209759"><ele>380.6</ele><time>2023-09-18T04:47:12Z</time></trkpt>
<trkpt lat="33.006988" lon="35.2209777"><ele>380.5</ele><time>2023-09-18T04:47:13Z</time></trkpt>
<trkpt lat="33.0069753" lon="35.220979"><ele>380.5</ele><time>2023-09-18T04:47:14Z</time></trkpt>
<trkpt lat="33.0069628" lon="35.2209797"><ele>380.5</ele><time>2023-09-18T04:47:15Z</time></trkpt>
<trkpt lat="33.0069508" lon="35.2209799"><ele>380.5</ele><time>2023-09-18T04:47:16Z</time></trkpt>
<trkpt lat="33.0069386" lon="35.2209795"><ele>380.4</ele><time>2023-09-18T04:47:17Z</time></trkpt>
<trkpt lat="33.0069261" lon="35.2209788"><ele>380.4</ele><time>2023-09-18T04:47:18Z</time></trkpt>
<trkpt lat="33.0069132" lon="35.2209775"><ele>380.4</ele><time>2023-09-18T04:47:19Z</time></trkpt>
<trkpt lat="33.0068999" lon="35.2209758"><ele>380.3</ele><time>2023-09-18T04:47:20Z</time></trkpt>
<trkpt lat="33.0068864" lon="35.2209737"><ele>380.3</ele><time>2023-09-18T04:47:21Z</time></trkpt>
<trkpt lat="33.0068727" lon="35.2209711"><ele>380.3</ele><time>2023-09-18T04:47:22Z</time></trkpt>
<trkpt lat="33.0068589" lon="35.2209681"><ele>380.2</ele><time>2023-09-18T04:47:23Z</time></trkpt>
<trkpt lat="33.0068449" lon="35.2209647"><ele>380.2</ele><time>2023-09-18T04:47:24Z</time></trkpt>
<trkpt lat="33.0068311" lon="35.2209609"><ele>380.1</ele><time>2023-09-18T04:47:25Z</time></trkpt>
<trkpt lat="33.0068178" lon="35.220957"><ele>380.1</ele><time>2023-09-18T04:47:26Z</time></trkpt>
<trkpt lat="33.006805" lon="35.2209529"><ele>380.0</ele><time>2023-09-18T04:47:27Z</time></trkpt>
<trkpt lat="33.0067924" lon="35.2209491"><ele>380.0</ele><time>2023-09-18T04:47:28Z</time></trkpt>
<trkpt lat="33.0067798" lon="35.2209458"><ele>379.9</ele><time>2023-09-18T04:47:29Z</time></trkpt>
<trkpt lat="33.0067674" lon="35.220943"><ele>379.9</ele><time>2023-09-18T04:47:30Z</time></trkpt>
<trkpt lat="33.006755" lon="35.2209406"><ele>379.8</ele><time>2023-09-18T04:47:31Z</time></trkpt>
<trkpt lat="33.0067422" lon="35.2209387"><ele>379.8</ele><time>2023-09-18T04:47:32Z</time></trkpt>
<trkpt lat="33.0067294" lon="35.2209369"><ele>379.8</ele><time>2023-09-18T04:47:33Z</time></trkpt>
<trkpt lat="33.0067164" lon="35.2209351"><ele>379.7</ele><time>2023-09-18T04:47:34Z</time></trkpt>
<trkpt lat="33.0067033" lon="35.2209334"><ele>379.7</ele><time>2023-09-18T04:47:35Z</time></trkpt>
<trkpt lat="33.0066903" lon="35.2209316"><ele>379.6</ele><time>2023-09-18T04:47:36Z</time></trkpt>
<trkpt lat="33.0066772" lon="35.2209293"><ele>379.6</ele><time>2023-09-18T04:47:37Z</time></trkpt>
<trkpt lat="33.0066641" lon="35.2209266"><ele>379.6</ele><time>2023-09-18T04:47:38Z</time></trkpt>
<trkpt lat="33.0066504" lon="35.2209235"><ele>379.6</ele><time>2023-09-18T04:47:39Z</time></trkpt>
<trkpt lat="33.0066364" lon="35.2209202"><ele>379.5</ele><time>2023-09-18T04:47:40Z</time></trkpt>
<trkpt lat="33.0066223" lon="35.220917"><ele>379.5</ele><time>2023-09-18T04:47:41Z</time></trkpt>
<trkpt lat="33.0066085" lon="35.2209137"><ele>379.5</ele><time>2023-09-18T04:47:42Z</time></trkpt>
<trkpt lat="33.0065946" lon="35.2209102"><ele>379.4</ele><time>2023-09-18T04:47:43Z</time></trkpt>
<trkpt lat="33.0065809" lon="35.2209068"><ele>379.4</ele><time>2023-09-18T04:47:44Z</time></trkpt>
<trkpt lat="33.0065677" lon="35.2209039"><ele>379.3</ele><time>2023-09-18T04:47:45Z</time></trkpt>
<trkpt lat="33.0065553" lon="35.2209017"><ele>379.3</ele><time>2023-09-18T04:47:46Z</time></trkpt>
<trkpt lat="33.0065433" lon="35.2208999"><ele>379.2</ele><time>2023-09-18T04:47:47Z</time></trkpt>
<trkpt lat="33.0065311" lon="35.2208983"><ele>379.2</ele><time>2023-09-18T04:47:48Z</time></trkpt>
<trkpt lat="33.0065183" lon="35.2208969"><ele>379.1</ele><time>2023-09-18T04:47:49Z</time></trkpt>
<trkpt lat="33.0065051" lon="35.2208951"><ele>379.1</ele><time>2023-09-18T04:47:50Z</time></trkpt>
<trkpt lat="33.0064917" lon="35.2208926"><ele>379.0</ele><time>2023-09-18T04:47:51Z</time></trkpt>
<trkpt lat="33.0064788" lon="35.2208899"><ele>378.9</ele><time>2023-09-18T04:47:52Z</time></trkpt>
<trkpt lat="33.0064664" lon="35.2208873"><ele>378.8</ele><time>2023-09-18T04:47:53Z</time></trkpt>
<trkpt lat="33.0064541" lon="35.2208847"><ele>378.8</ele><time>2023-09-18T04:47:54Z</time></trkpt>
<trkpt lat="33.0064414" lon="35.2208816"><ele>378.7</ele><time>2023-09-18T04:47:55Z</time></trkpt>
<trkpt lat="33.0064283" lon="35.220878"><ele>378.6</ele><time>2023-09-18T04:47:56Z</time></trkpt>
<trkpt lat="33.0064152" lon="35.2208739"><ele>378.5</ele><time>2023-09-18T04:47:57Z</time></trkpt>
<trkpt lat="33.006402" lon="35.2208693"><ele>378.4</ele><time>2023-09-18T04:47:58Z</time></trkpt>
<trkpt lat="33.0063887" lon="35.2208646"><ele>378.2</ele><time>2023-09-18T04:47:59Z</time></trkpt>
<trkpt lat="33.0063753" lon="35.2208598"><ele>378.1</ele><time>2023-09-18T04:48:00Z</time></trkpt>
<trkpt lat="33.0063619" lon="35.2208548"><ele>378.0</ele><time>2023-09-18T04:48:01Z</time></trkpt>
<trkpt lat="33.0063491" lon="35.2208497"><ele>377.9</ele><time>2023-09-18T04:48:02Z</time></trkpt>
<trkpt lat="33.0063373" lon="35.2208446"><ele>377.7</ele><time>2023-09-18T04:48:03Z</time></trkpt>
<trkpt lat="33.0063255" lon="35.2208394"><ele>377.6</ele><time>2023-09-18T04:48:04Z</time></trkpt>
<trkpt lat="33.006313" lon="35.2208342"><ele>377.4</ele><time>2023-09-18T04:48:05Z</time></trkpt>
<trkpt lat="33.0062997" lon="35.220829"><ele>377.3</ele><time>2023-09-18T04:48:06Z</time></trkpt>
<trkpt lat="33.0062856" lon="35.2208239"><ele>377.1</ele><time>2023-09-18T04:48:07Z</time></trkpt>
<trkpt lat="33.0062708" lon="35.2208187"><ele>377.0</ele><time>2023-09-18T04:48:08Z</time></trkpt>
<trkpt lat="33.0062559" lon="35.2208129"><ele>376.8</ele><time>2023-09-18T04:48:09Z</time></trkpt>
<trkpt lat="33.0062413" lon="35.2208065"><ele>376.6</ele><time>2023-09-18T04:48:10Z</time></trkpt>
<trkpt lat="33.0062269" lon="35.2207997"><ele>376.5</ele><time>2023-09-18T04:48:11Z</time></trkpt>
<trkpt lat="33.0062128" lon="35.2207921"><ele>376.3</ele><time>2023-09-18T04:48:12Z</time></trkpt>
<trkpt lat="33.0061991" lon="35.2207836"><ele>376.2</ele><time>2023-09-18T04:48:13Z</time></trkpt>
<trkpt lat="33.0061853" lon="35.2207751"><ele>376.0</ele><time>2023-09-18T04:48:14Z</time></trkpt>
<trkpt lat="33.0061715" lon="35.2207673"><ele>375.9</ele><time>2023-09-18T04:48:15Z</time></trkpt>
<trkpt lat="33.0061582" lon="35.2207595"><ele>375.8</ele><time>2023-09-18T04:48:16Z</time></trkpt>
<trkpt lat="33.0061454" lon="35.2207512"><ele>375.6</ele><time>2023-09-18T04:48:17Z</time></trkpt>
<trkpt lat="33.0061329" lon="35.2207426"><ele>375.5</ele><time>2023-09-18T04:48:18Z</time></trkpt>
<trkpt lat="33.0061211" lon="35.2207332"><ele>375.4</ele><time>2023-09-18T04:48:19Z</time></trkpt>
<trkpt lat="33.0061116" lon="35.220721"><ele>375.2</ele><time>2023-09-18T04:48:20Z</time></trkpt>
<trkpt lat="33.0061036" lon="35.2207073"><ele>375.1</ele><time>2023-09-18T04:48:21Z</time></trkpt>
<trkpt lat="33.0060951" lon="35.2206937"><ele>375.0</ele><time>2023-09-18T04:48:22Z</time></trkpt>
<trkpt lat="33.0060861" lon="35.2206807"><ele>374.9</ele><time>2023-09-18T04:48:23Z</time></trkpt>
<trkpt lat="33.0060761" lon="35.2206691"><ele>374.7</ele><time>2023-09-18T04:48:24Z</time></trkpt>
<trkpt lat="33.006065" lon="35.2206586"><ele>374.6</ele><time>2023-09-18T04:48:25Z</time></trkpt>
<trkpt lat="33.0060529" lon="35.2206495"><ele>374.5</ele><time>2023-09-18T04:48:26Z</time></trkpt>
<trkpt lat="33.0060403" lon="35.2206416"><ele>374.4</ele><time>2023-09-18T04:48:27Z</time></trkpt>
<trkpt lat="33.0060277" lon="35.2206342"><ele>374.3</ele><time>2023-09-18T04:48:28Z</time></trkpt>
<trkpt lat="33.0060147" lon="35.2206273"><ele>374.2</ele><time>2023-09-18T04:48:29Z</time></trkpt>
<trkpt lat="33.0060016" lon="35.2206209"><ele>374.1</ele><time>2023-09-18T04:48:30Z</time></trkpt>
<trkpt lat="33.0059882" lon="35.2206158"><ele>374.0</ele><time>2023-09-18T04:48:31Z</time></trkpt>
<trkpt lat="33.0059747" lon="35.2206121"><ele>373.9</ele><time>2023-09-18T04:48:32Z</time></trkpt>
<trkpt lat="33.0059616" lon="35.2206093"><ele>373.8</ele><time>2023-09-18T04:48:33Z</time></trkpt>
<trkpt lat="33.0059485" lon="35.2206071"><ele>373.7</ele><time>2023-09-18T04:48:34Z</time></trkpt>
<trkpt lat="33.0059355" lon="35.2206042"><ele>373.7</ele><time>2023-09-18T04:48:35Z</time></trkpt>
<trkpt lat="33.0059225" lon="35.2206006"><ele>373.6</ele><time>2023-09-18T04:48:36Z</time></trkpt>
<trkpt lat="33.0059097" lon="35.2205965"><ele>373.6</ele><time>2023-09-18T04:48:37Z</time></trkpt>
<trkpt lat="33.0058982" lon="35.2205905"><ele>373.5</ele><time>2023-09-18T04:48:38Z</time></trkpt>
<trkpt lat="33.005889" lon="35.2205808"><ele>373.5</ele><time>2023-09-18T04:48:39Z</time></trkpt>
<trkpt lat="33.0058832" lon="35.2205674"><ele>373.4</ele><time>2023-09-18T04:48:40Z</time></trkpt>
<trkpt lat="33.0058826" lon="35.2205517"><ele>373.4</ele><time>2023-09-18T04:48:41Z</time></trkpt>
<trkpt lat="33.0058872" lon="35.2205369"><ele>373.3</ele><time>2023-09-18T04:48:42Z</time></trkpt>
<trkpt lat="33.0058966" lon="35.2205254"><ele>373.3</ele><time>2023-09-18T04:48:43Z</time></trkpt>
<trkpt lat="33.005909" lon="35.220516"><ele>373.3</ele><time>2023-09-18T04:48:44Z</time></trkpt>
<trkpt lat="33.0059217" lon="35.2205074"><ele>373.3</ele><time>2023-09-18T04:48:45Z</time></trkpt>
<trkpt lat="33.0059335" lon="35.2204988"><ele>373.3</ele><time>2023-09-18T04:48:46Z</time></trkpt>
<trkpt lat="33.0059441" lon="35.2204897"><ele>373.3</ele><time>2023-09-18T04:48:47Z</time></trkpt>
<trkpt lat="33.0059537" lon="35.2204804"><ele>373.3</ele><time>2023-09-18T04:48:48Z</time></trkpt>
<trkpt lat="33.0059626" lon="35.2204707"><ele>373.3</ele><time>2023-09-18T04:48:49Z</time></trkpt>
<trkpt lat="33.0059708" lon="35.2204611"><ele>373.3</ele><time>2023-09-18T04:48:50Z</time></trkpt>
<trkpt lat="33.0059782" lon="35.2204518"><ele>373.4</ele><time>2023-09-18T04:48:51Z</time></trkpt>
<trkpt lat="33.0059848" lon="35.220443"><ele>373.4</ele><time>2023-09-18T04:48:52Z</time></trkpt>
<trkpt lat="33.0059911" lon="35.2204346"><ele>373.5</ele><time>2023-09-18T04:48:53Z</time></trkpt>
<trkpt lat="33.0059972" lon="35.2204259"><ele>373.6</ele><time>2023-09-18T04:48:54Z</time></trkpt>
<trkpt lat="33.0060034" lon="35.2204173"><ele>373.7</ele><time>2023-09-18T04:48:55Z</time></trkpt>
<trkpt lat="33.0060095" lon="35.2204089"><ele>373.8</ele><time>2023-09-18T04:48:56Z</time></trkpt>
<trkpt lat="33.0060161" lon="35.2204004"><ele>373.9</ele><time>2023-09-18T04:48:57Z</time></trkpt>
<trkpt lat="33.0060236" lon="35.2203917"><ele>374.0</ele><time>2023-09-18T04:48:58Z</time></trkpt>
<trkpt lat="33.0060318" lon="35.2203824"><ele>374.1</ele><time>2023-09-18T04:48:59Z</time></trkpt>
<trkpt lat="33.0060408" lon="35.2203724"><ele>374.2</ele><time>2023-09-18T04:49:00Z</time></trkpt>
<trkpt lat="33.0060504" lon="35.2203617"><ele>374.3</ele><time>2023-09-18T04:49:01Z</time></trkpt>
<trkpt lat="33.0060606" lon="35.22035"><ele>374.5</ele><time>2023-09-18T04:49:02Z</time></trkpt>
<trkpt lat="33.0060712" lon="35.2203373"><ele>374.6</ele><time>2023-09-18T04:49:03Z</time></trkpt>
<trkpt lat="33.006082" lon="35.220324"><ele>374.7</ele><time>2023-09-18T04:49:04Z</time></trkpt>
<trkpt lat="33.0060929" lon="35.22031"><ele>374.8</ele><time>2023-09-18T04:49:05Z</time></trkpt>
<trkpt lat="33.0061035" lon="35.2202952"><ele>374.9</ele><time>2023-09-18T04:49:06Z</time></trkpt>
<trkpt lat="33.0061136" lon="35.2202796"><ele>375.0</ele><time>2023-09-18T04:49:07Z</time></trkpt>
<trkpt lat="33.0061222" lon="35.2202647"><ele>375.1</ele><time>2023-09-18T04:49:08Z</time></trkpt>
<trkpt lat="33.0061304" lon="35.2202501"><ele>375.2</ele><time>2023-09-18T04:49:09Z</time></trkpt>
<trkpt lat="33.0061395" lon="35.2202344"><ele>375.3</ele><time>2023-09-18T04:49:10Z</time></trkpt>
<trkpt lat="33.0061493" lon="35.2202189"><ele>375.4</ele><time>2023-09-18T04:49:11Z</time></trkpt>
<trkpt lat="33.0061595" lon="35.2202042"><ele>375.4</ele><time>2023-09-18T04:49:12Z</time></trkpt>
<trkpt lat="33.0061701" lon="35.2201895"><ele>375.5</ele><time>2023-09-18T04:49:13Z</time></trkpt>
<trkpt lat="33.006181" lon="35.2201748"><ele>375.5</ele><time>2023-09-18T04:49:14Z</time></trkpt>
<trkpt lat="33.0061921" lon="35.2201608"><ele>375.6</ele><time>2023-09-18T04:49:15Z</time></trkpt>
<trkpt lat="33.0062031" lon="35.2201478"><ele>375.6</ele><time>2023-09-18T04:49:16Z</time></trkpt>
<trkpt lat="33.006214" lon="35.2201359"><ele>375.6</ele><time>2023-09-18T04:49:17Z</time></trkpt>
<trkpt lat="33.0062251" lon="35.2201242"><ele>375.7</ele><time>2023-09-18T04:49:18Z</time></trkpt>
<trkpt lat="33.0062362" lon="35.2201124"><ele>375.7</ele><time>2023-09-18T04:49:19Z</time></trkpt>
<trkpt lat="33.006247" lon="35.2201007"><ele>375.7</ele><time>2023-09-18T04:49:20Z</time></trkpt>
<trkpt lat="33.0062572" lon="35.2200893"><ele>375.7</ele><time>2023-09-18T04:49:21Z</time></trkpt>
<trkpt lat="33.0062668" lon="35.2200782"><ele>375.6</ele><time>2023-09-18T04:49:22Z</time></trkpt>
<trkpt lat="33.0062754" lon="35.2200669"><ele>375.6</ele><time>2023-09-18T04:49:23Z</time></trkpt>
<trkpt lat="33.0062828" lon="35.220055"><ele>375.6</ele><time>2023-09-18T04:49:24Z</time></trkpt>
<trkpt lat="33.006289" lon="35.2200421"><ele>375.6</ele><time>2023-09-18T04:49:25Z</time></trkpt>
<trkpt lat="33.0062941" lon="35.2200279"><ele>375.6</ele><time>2023-09-18T04:49:26Z</time></trkpt>
<trkpt lat="33.0062984" lon="35.2200122"><ele>375.6</ele><time>2023-09-18T04:49:27Z</time></trkpt>
<trkpt lat="33.006302" lon="35.2199955"><ele>375.5</ele><time>2023-09-18T04:49:28Z</time></trkpt>
<trkpt lat="33.0063045" lon="35.2199792"><ele>375.5</ele><time>2023-09-18T04:49:29Z</time></trkpt>
<trkpt lat="33.0063057" lon="35.2199639"><ele>375.5</ele><time>2023-09-18T04:49:30Z</time></trkpt>
<trkpt lat="33.0063056" lon="35.2199495"><ele>375.5</ele><time>2023-09-18T04:49:31Z</time></trkpt>
<trkpt lat="33.0063046" lon="35.2199355"><ele>375.4</ele><time>2023-09-18T04:49:32Z</time></trkpt>
<trkpt lat="33.0063034" lon="35.219921"><ele>375.4</ele><time>2023-09-18T04:49:33Z</time></trkpt>
<trkpt lat="33.0063024" lon="35.2199059"><ele>375.4</ele><time>2023-09-18T04:49:34Z</time></trkpt>
<trkpt lat="33.006302" lon="35.2198906"><ele>375.4</ele><time>2023-09-18T04:49:35Z</time></trkpt>
<trkpt lat="33.0063026" lon="35.2198751"><ele>375.4</ele><time>2023-09-18T04:49:36Z</time></trkpt>
<trkpt lat="33.0063043" lon="35.2198593"><ele>375.4</ele><time>2023-09-18T04:49:37Z</time></trkpt>
<trkpt lat="33.0063076" lon="35.2198432"><ele>375.4</ele><time>2023-09-18T04:49:38Z</time></trkpt>
<trkpt lat="33.0063121" lon="35.2198273"><ele>375.4</ele><time>2023-09-18T04:49:39Z</time></trkpt>
<trkpt lat="33.0063177" lon="35.2198118"><ele>375.4</ele><time>2023-09-18T04:49:40Z</time></trkpt>
<trkpt lat="33.0063236" lon="35.2197971"><ele>375.4</ele><time>2023-09-18T04:49:41Z</time></trkpt>
<trkpt lat="33.0063294" lon="35.219783"><ele>375.4</ele><time>2023-09-18T04:49:42Z</time></trkpt>
<trkpt lat="33.0063354" lon="35.2197689"><ele>375.4</ele><time>2023-09-18T04:49:43Z</time></trkpt>
<trkpt lat="33.0063414" lon="35.2197554"><ele>375.4</ele><time>2023-09-18T04:49:44Z</time></trkpt>
<trkpt lat="33.0063474" lon="35.2197428"><ele>375.4</ele><time>2023-09-18T04:49:45Z</time></trkpt>
<trkpt lat="33.0063539" lon="35.2197304"><ele>375.4</ele><time>2023-09-18T04:49:46Z</time></trkpt>
<trkpt lat="33.0063607" lon="35.219718"><ele>375.4</ele><time>2023-09-18T04:49:47Z</time></trkpt>
<trkpt lat="33.0063676" lon="35.2197055"><ele>375.4</ele><time>2023-09-18T04:49:48Z</time></trkpt>
<trkpt lat="33.0063746" lon="35.2196936"><ele>375.3</ele><time>2023-09-18T04:49:49Z</time></trkpt>
<trkpt lat="33.0063816" lon="35.2196822"><ele>375.3</ele><time>2023-09-18T04:49:50Z</time></trkpt>
<trkpt lat="33.0063888" lon="35.2196701"><ele>375.2</ele><time>2023-09-18T04:49:51Z</time></trkpt>
<trkpt lat="33.0063968" lon="35.2196571"><ele>375.2</ele><time>2023-09-18T04:49:52Z</time></trkpt>
<trkpt lat="33.0064053" lon="35.2196441"><ele>375.1</ele><time>2023-09-18T04:49:53Z</time></trkpt>
<trkpt lat="33.0064144" lon="35.2196314"><ele>375.0</ele><time>2023-09-18T04:49:54Z</time></trkpt>
<trkpt lat="33.0064241" lon="35.2196189"><ele>374.9</ele><time>2023-09-18T04:49:55Z</time></trkpt>
<trkpt lat="33.0064338" lon="35.2196065"><ele>374.8</ele><time>2023-09-18T04:49:56Z</time></trkpt>
<trkpt lat="33.0064429" lon="35.2195937"><ele>374.7</ele><time>2023-09-18T04:49:57Z</time></trkpt>
<trkpt lat="33.0064513" lon="35.21958"><ele>374.6</ele><time>2023-09-18T04:49:58Z</time></trkpt>
<trkpt lat="33.006459" lon="35.2195658"><ele>374.5</ele><time>2023-09-18T04:49:59Z</time></trkpt>
<trkpt lat="33.0064665" lon="35.2195516"><ele>374.4</ele><time>2023-09-18T04:50:00Z</time></trkpt>
<trkpt lat="33.0064738" lon="35.2195373"><ele>374.2</ele><time>2023-09-18T04:50:01Z</time></trkpt>
<trkpt lat="33.0064808" lon="35.2195232"><ele>374.1</ele><time>2023-09-18T04:50:02Z</time></trkpt>
<trkpt lat="33.0064871" lon="35.2195091"><ele>374.0</ele><time>2023-09-18T04:50:03Z</time></trkpt>
<trkpt lat="33.0064926" lon="35.2194945"><ele>373.9</ele><time>2023-09-18T04:50:04Z</time></trkpt>
<trkpt lat="33.0064976" lon="35.2194792"><ele>373.8</ele><time>2023-09-18T04:50:05Z</time></trkpt>
<trkpt lat="33.0065021" lon="35.2194632"><ele>373.6</ele><time>2023-09-18T04:50:06Z</time></trkpt>
<trkpt lat="33.0065065" lon="35.2194468"><ele>373.5</ele><time>2023-09-18T04:50:07Z</time></trkpt>
<trkpt lat="33.006511" lon="35.2194308"><ele>373.4</ele><time>2023-09-18T04:50:08Z</time></trkpt>
<trkpt lat="33.0065151" lon="35.2194156"><ele>373.4</ele><time>2023-09-18T04:50:09Z</time></trkpt>
<trkpt lat="33.0065188" lon="35.2194014"><ele>373.3</ele><time>2023-09-18T04:50:10Z</time></trkpt>
<trkpt lat="33.0065227" lon="35.2193877"><ele>373.2</ele><time>2023-09-18T04:50:11Z</time></trkpt>
<trkpt lat="33.0065273" lon="35.2193743"><ele>373.1</ele><time>2023-09-18T04:50:12Z</time></trkpt>
<trkpt lat="33.0065329" lon="35.219361"><ele>373.0</ele><time>2023-09-18T04:50:13Z</time></trkpt>
<trkpt lat="33.0065397" lon="35.2193477"><ele>373.0</ele><time>2023-09-18T04:50:14Z</time></trkpt>
<trkpt lat="33.0065473" lon="35.2193346"><ele>372.9</ele><time>2023-09-18T04:50:15Z</time></trkpt>
<trkpt lat="33.006555" lon="35.2193216"><ele>372.8</ele><time>2023-09-18T04:50:16Z</time></trkpt>
<trkpt lat="33.0065627" lon="35.2193088"><ele>372.7</ele><time>2023-09-18T04:50:17Z</time></trkpt>
<trkpt lat="33.00657" lon="35.2192957"><ele>372.7</ele><time>2023-09-18T04:50:18Z</time></trkpt>
<trkpt lat="33.0065768" lon="35.2192818"><ele>372.6</ele><time>2023-09-18T04:50:19Z</time></trkpt>
<trkpt lat="33.0065833" lon="35.2192671"><ele>372.5</ele><time>2023-09-18T04:50:20Z</time></trkpt>
<trkpt lat="33.0065894" lon="35.2192522"><ele>372.4</ele><time>2023-09-18T04:50:21Z</time></trkpt>
<trkpt lat="33.006595" lon="35.2192376"><ele>372.4</ele><time>2023-09-18T04:50:22Z</time></trkpt>
<trkpt lat="33.0066001" lon="35.2192232"><ele>372.3</ele><time>2023-09-18T04:50:23Z</time></trkpt>
<trkpt lat="33.0066052" lon="35.2192086"><ele>372.2</ele><time>2023-09-18T04:50:24Z</time></trkpt>
<trkpt lat="33.0066105" lon="35.219194"><ele>372.1</ele><time>2023-09-18T04:50:25Z</time></trkpt>
<trkpt lat="33.0066162" lon="35.2191798"><ele>372.0</ele><time>2023-09-18T04:50:26Z</time></trkpt>
<trkpt lat="33.0066224" lon="35.2191656"><ele>371.9</ele><time>2023-09-18T04:50:27Z</time></trkpt>
<trkpt lat="33.0066291" lon="35.2191513"><ele>371.8</ele><time>2023-09-18T04:50:28Z</time></trkpt>
<trkpt lat="33.0066359" lon="35.2191371"><ele>371.7</ele><time>2023-09-18T04:50:29Z</time></trkpt>
<trkpt lat="33.0066424" lon="35.2191229"><ele>371.6</ele><time>2023-09-18T04:50:30Z</time></trkpt>
<trkpt lat="33.0066484" lon="35.2191088"><ele>371.6</ele><time>2023-09-18T04:50:31Z</time></trkpt>
<trkpt lat="33.0066544" lon="35.2190946"><ele>371.5</ele><time>2023-09-18T04:50:32Z</time></trkpt>
<trkpt lat="33.0066604" lon="35.2190804"><ele>371.4</ele><time>2023-09-18T04:50:33Z</time></trkpt>
<trkpt lat="33.0066662" lon="35.2190663"><ele>371.3</ele><time>2023-09-18T04:50:34Z</time></trkpt>
<trkpt lat="33.0066717" lon="35.2190525"><ele>371.3</ele><time>2023-09-18T04:50:35Z</time></trkpt>
<trkpt lat="33.0066776" lon="35.2190389"><ele>371.2</ele><time>2023-09-18T04:50:36Z</time></trkpt>
<trkpt lat="33.0066841" lon="35.219026"><ele>371.1</ele><time>2023-09-18T04:50:37Z</time></trkpt>
<trkpt lat="33.0066913" lon="35.2190135"><ele>371.1</ele><time>2023-09-18T04:50:38Z</time></trkpt>
<trkpt lat="33.0066995" lon="35.2190003"><ele>371.0</ele><time>2023-09-18T04:50:39Z</time></trkpt>
<trkpt lat="33.0067089" lon="35.2189866"><ele>371.0</ele><time>2023-09-18T04:50:40Z</time></trkpt>
<trkpt lat="33.0067194" lon="35.2189726"><ele>370.9</ele><time>2023-09-18T04:50:41Z</time></trkpt>
<trkpt lat="33.006731" lon="35.2189588"><ele>370.8</ele><time>2023-09-18T04:50:42Z</time></trkpt>
<trkpt lat="33.0067434" lon="35.2189458"><ele>370.7</ele><time>2023-09-18T04:50:43Z</time></trkpt>
<trkpt lat="33.0067565" lon="35.2189336"><ele>370.7</ele><time>2023-09-18T04:50:44Z</time></trkpt>
<trkpt lat="33.0067697" lon="35.2189219"><ele>370.6</ele><time>2023-09-18T04:50:45Z</time></trkpt>
<trkpt lat="33.006783" lon="35.2189106"><ele>370.6</ele><time>2023-09-18T04:50:46Z</time></trkpt>
<trkpt lat="33.0067964" lon="35.2188998"><ele>370.6</ele><time>2023-09-18T04:50:47Z</time></trkpt>
<trkpt lat="33.00681" lon="35.218889"><ele>370.6</ele><time>2023-09-18T04:50:48Z</time></trkpt>
<trkpt lat="33.0068232" lon="35.2188784"><ele>370.5</ele><time>2023-09-18T04:50:49Z</time></trkpt>
<trkpt lat="33.0068364" lon="35.2188685"><ele>370.5</ele><time>2023-09-18T04:50:50Z</time></trkpt>
<trkpt lat="33.0068495" lon="35.2188592"><ele>370.5</ele><time>2023-09-18T04:50:51Z</time></trkpt>
<trkpt lat="33.006862" lon="35.2188487"><ele>370.5</ele><time>2023-09-18T04:50:52Z</time></trkpt>
<trkpt lat="33.006874" lon="35.2188367"><ele>370.5</ele><time>2023-09-18T04:50:53Z</time></trkpt>
<trkpt lat="33.0068855" lon="35.2188234"><ele>370.5</ele><time>2023-09-18T04:50:54Z</time></trkpt>
<trkpt lat="33.006896" lon="35.2188093"><ele>370.4</ele><time>2023-09-18T04:50:55Z</time></trkpt>
<trkpt lat="33.0069056" lon="35.2187944"><ele>370.4</ele><time>2023-09-18T04:50:56Z</time></trkpt>
<trkpt lat="33.0069134" lon="35.2187785"><ele>370.4</ele><time>2023-09-18T04:50:57Z</time></trkpt>
<trkpt lat="33.0069193" lon="35.2187614"><ele>370.4</ele><time>2023-09-18T04:50:58Z</time></trkpt>
<trkpt lat="33.0069246" lon="35.2187436"><ele>370.3</ele><time>2023-09-18T04:50:59Z</time></trkpt>
<trkpt lat="33.0069296" lon="35.2187259"><ele>370.3</ele><time>2023-09-18T04:51:00Z</time></trkpt>
<trkpt lat="33.0069348" lon="35.2187088"><ele>370.2</ele><time>2023-09-18T04:51:01Z</time></trkpt>
<trkpt lat="33.0069405" lon="35.2186922"><ele>370.1</ele><time>2023-09-18T04:51:02Z</time></trkpt>
<trkpt lat="33.0069463" lon="35.2186756"><ele>370.0</ele><time>2023-09-18T04:51:03Z</time></trkpt>
<trkpt lat="33.006951" lon="35.2186588"><ele>369.9</ele><time>2023-09-18T04:51:04Z</time></trkpt>
<trkpt lat="33.0069544" lon="35.218641"><ele>369.8</ele><time>2023-09-18T04:51:05Z</time></trkpt>
<trkpt lat="33.0069569" lon="35.2186221"><ele>369.7</ele><time>2023-09-18T04:51:06Z</time></trkpt>
<trkpt lat="33.0069576" lon="35.2186028"><ele>369.5</ele><time>2023-09-18T04:51:07Z</time></trkpt>
<trkpt lat="33.006956" lon="35.2185831"><ele>369.4</ele><time>2023-09-18T04:51:08Z</time></trkpt>
<trkpt lat="33.0069524" lon="35.2185635"><ele>369.2</ele><time>2023-09-18T04:51:09Z</time></trkpt>
<trkpt lat="33.0069472" lon="35.2185443"><ele>369.1</ele><time>2023-09-18T04:51:10Z</time></trkpt>
<trkpt lat="33.0069398" lon="35.2185256"><ele>368.9</ele><time>2023-09-18T04:51:11Z</time></trkpt>
<trkpt lat="33.006931" lon="35.218508"><ele>368.8</ele><time>2023-09-18T04:51:12Z</time></trkpt>
<trkpt lat="33.006921" lon="35.2184924"><ele>368.6</ele><time>2023-09-18T04:51:13Z</time></trkpt>
<trkpt lat="33.0069085" lon="35.2184797"><ele>368.5</ele><time>2023-09-18T04:51:14Z</time></trkpt>
<trkpt lat="33.0068938" lon="35.2184691"><ele>368.4</ele><time>2023-09-18T04:51:15Z</time></trkpt>
<trkpt lat="33.0068789" lon="35.2184597"><ele>368.3</ele><time>2023-09-18T04:51:16Z</time></trkpt>
<trkpt lat="33.0068646" lon="35.2184509"><ele>368.2</ele><time>2023-09-18T04:51:17Z</time></trkpt>
<trkpt lat="33.0068508" lon="35.2184423"><ele>368.1</ele><time>2023-09-18T04:51:18Z</time></trkpt>
<trkpt lat="33.0068372" lon="35.2184338"><ele>368.0</ele><time>2023-09-18T04:51:19Z</time></trkpt>
<trkpt lat="33.0068235" lon="35.2184253"><ele>367.9</ele><time>2023-09-18T04:51:20Z</time></trkpt>
<trkpt lat="33.00681" lon="35.2184165"><ele>367.8</ele><time>2023-09-18T04:51:21Z</time></trkpt>
<trkpt lat="33.0067964" lon="35.2184071"><ele>367.8</ele><time>2023-09-18T04:51:22Z</time></trkpt>
<trkpt lat="33.0067826" lon="35.2183972"><ele>367.7</ele><time>2023-09-18T04:51:23Z</time></trkpt>
<trkpt lat="33.0067686" lon="35.2183872"><ele>367.6</ele><time>2023-09-18T04:51:24Z</time></trkpt>
<trkpt lat="33.0067548" lon="35.2183773"><ele>367.6</ele><time>2023-09-18T04:51:25Z</time></trkpt>
<trkpt lat="33.0067416" lon="35.2183683"><ele>367.5</ele><time>2023-09-18T04:51:26Z</time></trkpt>
<trkpt lat="33.0067291" lon="35.2183605"><ele>367.5</ele><time>2023-09-18T04:51:27Z</time></trkpt>
<trkpt lat="33.0067165" lon="35.2183536"><ele>367.4</ele><time>2023-09-18T04:51:28Z</time></trkpt>
<trkpt lat="33.0067029" lon="35.2183472"><ele>367.4</ele><time>2023-09-18T04:51:29Z</time></trkpt>
<trkpt lat="33.0066884" lon="35.2183411"><ele>367.3</ele><time>2023-09-18T04:51:30Z</time></trkpt>
<trkpt lat="33.0066736" lon="35.2183353"><ele>367.3</ele><time>2023-09-18T04:51:31Z</time></trkpt>
<trkpt lat="33.006659" lon="35.2183299"><ele>367.2</ele><time>2023-09-18T04:51:32Z</time></trkpt>
<trkpt lat="33.0066443" lon="35.2183248"><ele>367.2</ele><time>2023-09-18T04:51:33Z</time></trkpt>
<trkpt lat="33.0066297" lon="35.2183199"><ele>367.1</ele><time>2023-09-18T04:51:34Z</time></trkpt>
<trkpt lat="33.0066159" lon="35.218315"><ele>367.1</ele><time>2023-09-18T04:51:35Z</time></trkpt>
<trkpt lat="33.0066034" lon="35.2183101"><ele>367.0</ele><time>2023-09-18T04:51:36Z</time></trkpt>
<trkpt lat="33.0065919" lon="35.218305"><ele>367.0</ele><time>2023-09-18T04:51:37Z</time></trkpt>
<trkpt lat="33.006581" lon="35.2182994"><ele>367.0</ele><time>2023-09-18T04:51:38Z</time></trkpt>
<trkpt lat="33.0065705" lon="35.2182934"><ele>367.0</ele><time>2023-09-18T04:51:39Z</time></trkpt>
<trkpt lat="33.0065595" lon="35.2182866"><ele>367.0</ele><time>2023-09-18T04:51:40Z</time></trkpt>
<trkpt lat="33.0065477" lon="35.2182791"><ele>367.1</ele><time>2023-09-18T04:51:41Z</time></trkpt>
<trkpt lat="33.0065353" lon="35.2182713"><ele>367.1</ele><time>2023-09-18T04:51:42Z</time></trkpt>
<trkpt lat="33.0065226" lon="35.2182633"><ele>367.1</ele><time>2023-09-18T04:51:43Z</time></trkpt>
<trkpt lat="33.0065092" lon="35.2182551"><ele>367.2</ele><time>2023-09-18T04:51:44Z</time></trkpt>
<trkpt lat="33.0064952" lon="35.2182464"><ele>367.2</ele><time>2023-09-18T04:51:45Z</time></trkpt>
<trkpt lat="33.0064809" lon="35.2182372"><ele>367.3</ele><time>2023-09-18T04:51:46Z</time></trkpt>
<trkpt lat="33.0064666" lon="35.2182272"><ele>367.3</ele><time>2023-09-18T04:51:47Z</time></trkpt>
<trkpt lat="33.0064525" lon="35.2182168"><ele>367.3</ele><time>2023-09-18T04:51:48Z</time></trkpt>
<trkpt lat="33.0064387" lon="35.2182061"><ele>367.4</ele><time>2023-09-18T04:51:49Z</time></trkpt>
<trkpt lat="33.0064252" lon="35.2181952"><ele>367.4</ele><time>2023-09-18T04:51:50Z</time></trkpt>
<trkpt lat="33.0064123" lon="35.2181837"><ele>367.4</ele><time>2023-09-18T04:51:51Z</time></trkpt>
<trkpt lat="33.0063998" lon="35.2181714"><ele>367.3</ele><time>2023-09-18T04:51:52Z</time></trkpt>
<trkpt lat="33.0063879" lon="35.2181588"><ele>367.3</ele><time>2023-09-18T04:51:53Z</time></trkpt>
<trkpt lat="33.0063764" lon="35.2181458"><ele>367.2</ele><time>2023-09-18T04:51:54Z</time></trkpt>
<trkpt lat="33.0063646" lon="35.2181335"><ele>367.1</ele><time>2023-09-18T04:51:55Z</time></trkpt>
<trkpt lat="33.0063521" lon="35.2181222"><ele>367.0</ele><time>2023-09-18T04:51:56Z</time></trkpt>
<trkpt lat="33.0063393" lon="35.2181113"><ele>366.9</ele><time>2023-09-18T04:51:57Z</time></trkpt>
<trkpt lat="33.0063268" lon="35.2180999"><ele>366.8</ele><time>2023-09-18T04:51:58Z</time></trkpt>
<trkpt lat="33.0063154" lon="35.2180876"><ele>366.7</ele><time>2023-09-18T04:51:59Z</time></trkpt>
<trkpt lat="33.0063051" lon="35.2180742"><ele>366.6</ele><time>2023-09-18T04:52:00Z</time></trkpt>
<trkpt lat="33.0062955" lon="35.2180603"><ele>366.5</ele><time>2023-09-18T04:52:01Z</time></trkpt>
<trkpt lat="33.0062856" lon="35.2180468"><ele>366.4</ele><time>2023-09-18T04:52:02Z</time></trkpt>
<trkpt lat="33.0062756" lon="35.2180339"><ele>366.3</ele><time>2023-09-18T04:52:03Z</time></trkpt>
<trkpt lat="33.0062656" lon="35.2180213"><ele>366.3</ele><time>2023-09-18T04:52:04Z</time></trkpt>
<trkpt lat="33.0062559" lon="35.2180086"><ele>366.2</ele><time>2023-09-18T04:52:05Z</time></trkpt>
<trkpt lat="33.0062459" lon="35.2179961"><ele>366.2</ele><time>2023-09-18T04:52:06Z</time></trkpt>
<trkpt lat="33.0062357" lon="35.2179838"><ele>366.2</ele><time>2023-09-18T04:52:07Z</time></trkpt>
<trkpt lat="33.0062259" lon="35.2179713"><ele>366.1</ele><time>2023-09-18T04:52:08Z</time></trkpt>
<trkpt lat="33.0062163" lon="35.2179587"><ele>366.1</ele><time>2023-09-18T04:52:09Z</time></trkpt>
<trkpt lat="33.0062071" lon="35.2179462"><ele>366.1</ele><time>2023-09-18T04:52:10Z</time></trkpt>
<trkpt lat="33.0061984" lon="35.2179335"><ele>366.1</ele><time>2023-09-18T04:52:11Z</time></trkpt>
<trkpt lat="33.0061896" lon="35.2179206"><ele>366.1</ele><time>2023-09-18T04:52:12Z</time></trkpt>
<trkpt lat="33.0061813" lon="35.2179077"><ele>366.1</ele><time>2023-09-18T04:52:13Z</time></trkpt>
<trkpt lat="33.0061737" lon="35.2178943"><ele>366.1</ele><time>2023-09-18T04:52:14Z</time></trkpt>
<trkpt lat="33.0061668" lon="35.2178802"><ele>366.1</ele><time>2023-09-18T04:52:15Z</time></trkpt>
<trkpt lat="33.0061601" lon="35.2178656"><ele>366.1</ele><time>2023-09-18T04:52:16Z</time></trkpt>
<trkpt lat="33.006153" lon="35.2178512"><ele>366.0</ele><time>2023-09-18T04:52:17Z</time></trkpt>
<trkpt lat="33.0061455" lon="35.2178369"><ele>366.0</ele><time>2023-09-18T04:52:18Z</time></trkpt>
<trkpt lat="33.0061376" lon="35.2178231"><ele>365.9</ele><time>2023-09-18T04:52:19Z</time></trkpt>
<trkpt lat="33.0061295" lon="35.2178095"><ele>365.9</ele><time>2023-09-18T04:52:20Z</time></trkpt>
<trkpt lat="33.0061217" lon="35.2177952"><ele>365.8</ele><time>2023-09-18T04:52:21Z</time></trkpt>
<trkpt lat="33.0061137" lon="35.2177805"><ele>365.7</ele><time>2023-09-18T04:52:22Z</time></trkpt>
<trkpt lat="33.0061052" lon="35.2177663"><ele>365.6</ele><time>2023-09-18T04:52:23Z</time></trkpt>
<trkpt lat="33.0060964" lon="35.2177527"><ele>365.5</ele><time>2023-09-18T04:52:24Z</time></trkpt>
<trkpt lat="33.0060877" lon="35.2177392"><ele>365.4</ele><time>2023-09-18T04:52:25Z</time></trkpt>
<trkpt lat="33.0060791" lon="35.2177256"><ele>365.3</ele><time>2023-09-18T04:52:26Z</time></trkpt>
<trkpt lat="33.0060702" lon="35.2177124"><ele>365.2</ele><time>2023-09-18T04:52:27Z</time></trkpt>
<trkpt lat="33.0060612" lon="35.2176993"><ele>365.1</ele><time>2023-09-18T04:52:28Z</time></trkpt>
<trkpt lat="33.0060525" lon="35.217686"><ele>365.0</ele><time>2023-09-18T04:52:29Z</time></trkpt>
<trkpt lat="33.0060444" lon="35.2176724"><ele>364.9</ele><time>2023-09-18T04:52:30Z</time></trkpt>
<trkpt lat="33.0060368" lon="35.2176584"><ele>364.8</ele><time>2023-09-18T04:52:31Z</time></trkpt>
<trkpt lat="33.0060289" lon="35.2176444"><ele>364.7</ele><time>2023-09-18T04:52:32Z</time></trkpt>
<trkpt lat="33.0060206" lon="35.2176309"><ele>364.6</ele><time>2023-09-18T04:52:33Z</time></trkpt>
<trkpt lat="33.0060117" lon="35.2176176"><ele>364.5</ele><time>2023-09-18T04:52:34Z</time></trkpt>
<trkpt lat="33.0060021" lon="35.2176045"><ele>364.4</ele><time>2023-09-18T04:52:35Z</time></trkpt>
<trkpt lat="33.0059926" lon="35.2175912"><ele>364.4</ele><time>2023-09-18T04:52:36Z</time></trkpt>
<trkpt lat="33.0059835" lon="35.2175775"><ele>364.3</ele><time>2023-09-18T04:52:37Z</time></trkpt>
<trkpt lat="33.0059744" lon="35.2175635"><ele>364.2</ele><time>2023-09-18T04:52:38Z</time></trkpt>
<trkpt lat="33.0059652" lon="35.2175493"><ele>364.2</ele><time>2023-09-18T04:52:39Z</time></trkpt>
<trkpt lat="33.0059564" lon="35.2175356"><ele>364.1</ele><time>2023-09-18T04:52:40Z</time></trkpt>
<trkpt lat="33.0059481" lon="35.2175223"><ele>364.1</ele><time>2023-09-18T04:52:41Z</time></trkpt>
<trkpt lat="33.0059404" lon="35.2175094"><ele>364.0</ele><time>2023-09-18T04:52:42Z</time></trkpt>
<trkpt lat="33.0059334" lon="35.2174972"><ele>364.0</ele><time>2023-09-18T04:52:43Z</time></trkpt>
<trkpt lat="33.0059271" lon="35.2174859"><ele>363.9</ele><time>2023-09-18T04:52:44Z</time></trkpt>
<trkpt lat="33.0059213" lon="35.2174754"><ele>363.9</ele><time>2023-09-18T04:52:45Z</time></trkpt>
<trkpt lat="33.0059156" lon="35.2174659"><ele>363.9</ele><time>2023-09-18T04:52:46Z</time></trkpt>
<trkpt lat="33.0059096" lon="35.2174573"><ele>363.9</ele><time>2023-09-18T04:52:47Z</time></trkpt>
<trkpt lat="33.0059034" lon="35.2174499"><ele>363.8</ele><time>2023-09-18T04:52:48Z</time></trkpt>
<trkpt lat="33.005897" lon="35.2174435"><ele>363.8</ele><time>2023-09-18T04:52:49Z</time></trkpt>
<trkpt lat="33.0058897" lon="35.2174381"><ele>363.8</ele><time>2023-09-18T04:52:50Z</time></trkpt>
<trkpt lat="33.0058815" lon="35.2174335"><ele>363.8</ele><time>2023-09-18T04:52:51Z</time></trkpt>
<trkpt lat="33.0058718" lon="35.2174295"><ele>363.7</ele><time>2023-09-18T04:52:52Z</time></trkpt>
<trkpt lat="33.0058601" lon="35.2174258"><ele>363.7</ele><time>2023-09-18T04:52:53Z</time></trkpt>
<trkpt lat="33.0058474" lon="35.2174221"><ele>363.7</ele><time>2023-09-18T04:52:54Z</time></trkpt>
<trkpt lat="33.005834" lon="35.2174184"><ele>363.7</ele><time>2023-09-18T04:52:55Z</time></trkpt>
<trkpt lat="33.0058201" lon="35.2174147"><ele>363.7</ele><time>2023-09-18T04:52:56Z</time></trkpt>
<trkpt lat="33.005806" lon="35.2174109"><ele>363.6</ele><time>2023-09-18T04:52:57Z</time></trkpt>
<trkpt lat="33.0057919" lon="35.217407"><ele>363.6</ele><time>2023-09-18T04:52:58Z</time></trkpt>
<trkpt lat="33.0057782" lon="35.217403"><ele>363.6</ele><time>2023-09-18T04:52:59Z</time></trkpt>
<trkpt lat="33.0057648" lon="35.217399"><ele>363.5</ele><time>2023-09-18T04:53:00Z</time></trkpt>
<trkpt lat="33.0057519" lon="35.2173954"><ele>363.5</ele><time>2023-09-18T04:53:01Z</time></trkpt>
<trkpt lat="33.0057397" lon="35.2173918"><ele>363.5</ele><time>2023-09-18T04:53:02Z</time></trkpt>
<trkpt lat="33.0057281" lon="35.2173877"><ele>363.5</ele><time>2023-09-18T04:53:03Z</time></trkpt>
<trkpt lat="33.0057167" lon="35.217383"><ele>363.4</ele><time>2023-09-18T04:53:04Z</time></trkpt>
<trkpt lat="33.0057053" lon="35.2173774"><ele>363.4</ele><time>2023-09-18T04:53:05Z</time></trkpt>
<trkpt lat="33.0056937" lon="35.2173708"><ele>363.3</ele><time>2023-09-18T04:53:06Z</time></trkpt>
<trkpt lat="33.0056814" lon="35.217363"><ele>363.3</ele><time>2023-09-18T04:53:07Z</time></trkpt>
<trkpt lat="33.0056681" lon="35.217354"><ele>363.2</ele><time>2023-09-18T04:53:08Z</time></trkpt>
<trkpt lat="33.0056541" lon="35.217344"><ele>363.2</ele><time>2023-09-18T04:53:09Z</time></trkpt>
<trkpt lat="33.0056406" lon="35.2173331"><ele>363.2</ele><time>2023-09-18T04:53:10Z</time></trkpt>
<trkpt lat="33.0056277" lon="35.2173213"><ele>363.1</ele><time>2023-09-18T04:53:11Z</time></trkpt>
<trkpt lat="33.0056158" lon="35.2173086"><ele>363.1</ele><time>2023-09-18T04:53:12Z</time></trkpt>
<trkpt lat="33.0056048" lon="35.2172948"><ele>363.0</ele><time>2023-09-18T04:53:13Z</time></trkpt>
<trkpt lat="33.0055943" lon="35.2172807"><ele>363.0</ele><time>2023-09-18T04:53:14Z</time></trkpt>
<trkpt lat="33.0055838" lon="35.2172669"><ele>362.9</ele><time>2023-09-18T04:53:15Z</time></trkpt>
<trkpt lat="33.0055735" lon="35.2172534"><ele>362.9</ele><time>2023-09-18T04:53:16Z</time></trkpt>
<trkpt lat="33.0055635" lon="35.2172396"><ele>362.9</ele><time>2023-09-18T04:53:17Z</time></trkpt>
<trkpt lat="33.0055538" lon="35.2172257"><ele>362.8</ele><time>2023-09-18T04:53:18Z</time></trkpt>
<trkpt lat="33.0055444" lon="35.2172118"><ele>362.8</ele><time>2023-09-18T04:53:19Z</time></trkpt>
<trkpt lat="33.0055357" lon="35.2171974"><ele>362.7</ele><time>2023-09-18T04:53:20Z</time></trkpt>
<trkpt lat="33.0055279" lon="35.2171823"><ele>362.7</ele><time>2023-09-18T04:53:21Z</time></trkpt>
<trkpt lat="33.0055209" lon="35.2171669"><ele>362.6</ele><time>2023-09-18T04:53:22Z</time></trkpt>
<trkpt lat="33.0055148" lon="35.217151"><ele>362.5</ele><time>2023-09-18T04:53:23Z</time></trkpt>
<trkpt lat="33.0055091" lon="35.217135"><ele>362.5</ele><time>2023-09-18T04:53:24Z</time></trkpt>
<trkpt lat="33.0055044" lon="35.2171189"><ele>362.4</ele><time>2023-09-18T04:53:25Z</time></trkpt>
<trkpt lat="33.0055006" lon="35.2171028"><ele>362.3</ele><time>2023-09-18T04:53:26Z</time></trkpt>
<trkpt lat="33.0054964" lon="35.2170872"><ele>362.2</ele><time>2023-09-18T04:53:27Z</time></trkpt>
<trkpt lat="33.005492" lon="35.2170721"><ele>362.1</ele><time>2023-09-18T04:53:28Z</time></trkpt>
<trkpt lat="33.0054873" lon="35.2170578"><ele>362.1</ele><time>2023-09-18T04:53:29Z</time></trkpt>
<trkpt lat="33.0054814" lon="35.2170443"><ele>362.0</ele><time>2023-09-18T04:53:30Z</time></trkpt>
<trkpt lat="33.0054748" lon="35.2170308"><ele>362.0</ele><time>2023-09-18T04:53:31Z</time></trkpt>
<trkpt lat="33.0054684" lon="35.2170168"><ele>361.9</ele><time>2023-09-18T04:53:32Z</time></trkpt>
<trkpt lat="33.0054632" lon="35.2170024"><ele>361.9</ele><time>2023-09-18T04:53:33Z</time></trkpt>
<trkpt lat="33.0054599" lon="35.2169873"><ele>361.8</ele><time>2023-09-18T04:53:34Z</time></trkpt>
<trkpt lat="33.0054588" lon="35.2169714"><ele>361.8</ele><time>2023-09-18T04:53:35Z</time></trkpt>
<trkpt lat="33.0054598" lon="35.2169553"><ele>361.7</ele><time>2023-09-18T04:53:36Z</time></trkpt>
<trkpt lat="33.0054626" lon="35.2169399"><ele>361.7</ele><time>2023-09-18T04:53:37Z</time></trkpt>
<trkpt lat="33.0054675" lon="35.2169252"><ele>361.7</ele><time>2023-09-18T04:53:38Z</time></trkpt>
<trkpt lat="33.0054738" lon="35.2169107"><ele>361.6</ele><time>2023-09-18T04:53:39Z</time></trkpt>
<trkpt lat="33.0054804" lon="35.2168964"><ele>361.6</ele><time>2023-09-18T04:53:40Z</time></trkpt>
<trkpt lat="33.0054873" lon="35.2168826"><ele>361.6</ele><time>2023-09-18T04:53:41Z</time></trkpt>
<trkpt lat="33.0054943" lon="35.2168684"><ele>361.5</ele><time>2023-09-18T04:53:42Z</time></trkpt>
<trkpt lat="33.005501" lon="35.2168539"><ele>361.5</ele><time>2023-09-18T04:53:43Z</time></trkpt>
<trkpt lat="33.0055079" lon="35.2168394"><ele>361.4</ele><time>2023-09-18T04:53:44Z</time></trkpt>
<trkpt lat="33.0055145" lon="35.2168256"><ele>361.3</ele><time>2023-09-18T04:53:45Z</time></trkpt>
<trkpt lat="33.0055208" lon="35.2168119"><ele>361.3</ele><time>2023-09-18T04:53:46Z</time></trkpt>
<trkpt lat="33.0055271" lon="35.2167987"><ele>361.2</ele><time>2023-09-18T04:53:47Z</time></trkpt>
<trkpt lat="33.005534" lon="35.2167853"><ele>361.1</ele><time>2023-09-18T04:53:48Z</time></trkpt>
<trkpt lat="33.0055409" lon="35.216771"><ele>361.1</ele><time>2023-09-18T04:53:49Z</time></trkpt>
<trkpt lat="33.0055479" lon="35.2167562"><ele>361.0</ele><time>2023-09-18T04:53:50Z</time></trkpt>
<trkpt lat="33.0055552" lon="35.2167413"><ele>360.9</ele><time>2023-09-18T04:53:51Z</time></trkpt>
<trkpt lat="33.0055625" lon="35.2167264"><ele>360.9</ele><time>2023-09-18T04:53:52Z</time></trkpt>
<trkpt lat="33.0055691" lon="35.2167115"><ele>360.8</ele><time>2023-09-18T04:53:53Z</time></trkpt>
<trkpt lat="33.0055741" lon="35.2166961"><ele>360.7</ele><time>2023-09-18T04:53:54Z</time></trkpt>
<trkpt lat="33.0055773" lon="35.2166799"><ele>360.7</ele><time>2023-09-18T04:53:55Z</time></trkpt>
<trkpt lat="33.0055795" lon="35.2166632"><ele>360.6</ele><time>2023-09-18T04:53:56Z</time></trkpt>
<trkpt lat="33.0055812" lon="35.2166468"><ele>360.5</ele><time>2023-09-18T04:53:57Z</time></trkpt>
<trkpt lat="33.0055825" lon="35.2166303"><ele>360.5</ele><time>2023-09-18T04:53:58Z</time></trkpt>
<trkpt lat="33.0055835" lon="35.2166133"><ele>360.5</ele><time>2023-09-18T04:53:59Z</time></trkpt>
<trkpt lat="33.0055843" lon="35.2165965"><ele>360.4</ele><time>2023-09-18T04:54:00Z</time></trkpt>
<trkpt lat="33.005585" lon="35.2165799"><ele>360.4</ele><time>2023-09-18T04:54:01Z</time></trkpt>
<trkpt lat="33.0055855" lon="35.2165639"><ele>360.3</ele><time>2023-09-18T04:54:02Z</time></trkpt>
<trkpt lat="33.0055854" lon="35.2165479"><ele>360.2</ele><time>2023-09-18T04:54:03Z</time></trkpt>
<trkpt lat="33.0055844" lon="35.2165313"><ele>360.2</ele><time>2023-09-18T04:54:04Z</time></trkpt>
<trkpt lat="33.005582" lon="35.2165146"><ele>360.1</ele><time>2023-09-18T04:54:05Z</time></trkpt>
<trkpt lat="33.005579" lon="35.2164979"><ele>360.1</ele><time>2023-09-18T04:54:06Z</time></trkpt>
<trkpt lat="33.005576" lon="35.2164813"><ele>360.1</ele><time>2023-09-18T04:54:07Z</time></trkpt>
<trkpt lat="33.005574" lon="35.2164646"><ele>360.1</ele><time>2023-09-18T04:54:08Z</time></trkpt>
<trkpt lat="33.0055729" lon="35.216448"><ele>360.1</ele><time>2023-09-18T04:54:09Z</time></trkpt>
<trkpt lat="33.0055729" lon="35.2164322"><ele>360.1</ele><time>2023-09-18T04:54:10Z</time></trkpt>
<trkpt lat="33.005574" lon="35.216417"><ele>360.1</ele><time>2023-09-18T04:54:11Z</time></trkpt>
<trkpt lat="33.0055758" lon="35.216402"><ele>360.1</ele><time>2023-09-18T04:54:12Z</time></trkpt>
<trkpt lat="33.0055768" lon="35.2163877"><ele>360.1</ele><time>2023-09-18T04:54:13Z</time></trkpt>
<trkpt lat="33.0055767" lon="35.2163734"><ele>360.1</ele><time>2023-09-18T04:54:14Z</time></trkpt>
<trkpt lat="33.0055766" lon="35.2163583"><ele>360.1</ele><time>2023-09-18T04:54:15Z</time></trkpt>
<trkpt lat="33.0055765" lon="35.2163429"><ele>360.1</ele><time>2023-09-18T04:54:16Z</time></trkpt>
<trkpt lat="33.0055762" lon="35.216328"><ele>360.1</ele><time>2023-09-18T04:54:17Z</time></trkpt>
<trkpt lat="33.0055761" lon="35.2163134"><ele>360.0</ele><time>2023-09-18T04:54:18Z</time></trkpt>
<trkpt lat="33.0055758" lon="35.2162988"><ele>360.0</ele><time>2023-09-18T04:54:19Z</time></trkpt>
<trkpt lat="33.0055753" lon="35.2162843"><ele>359.9</ele><time>2023-09-18T04:54:20Z</time></trkpt>
<trkpt lat="33.0055742" lon="35.2162696"><ele>359.9</ele><time>2023-09-18T04:54:21Z</time></trkpt>
<trkpt lat="33.0055724" lon="35.2162548"><ele>359.8</ele><time>2023-09-18T04:54:22Z</time></trkpt>
<trkpt lat="33.0055701" lon="35.2162409"><ele>359.7</ele><time>2023-09-18T04:54:23Z</time></trkpt>
<trkpt lat="33.0055677" lon="35.2162272"><ele>359.6</ele><time>2023-09-18T04:54:24Z</time></trkpt>
<trkpt lat="33.0055655" lon="35.2162127"><ele>359.5</ele><time>2023-09-18T04:54:25Z</time></trkpt>
<trkpt lat="33.0055636" lon="35.2161975"><ele>359.4</ele><time>2023-09-18T04:54:26Z</time></trkpt>
<trkpt lat="33.005562" lon="35.2161822"><ele>359.3</ele><time>2023-09-18T04:54:27Z</time></trkpt>
<trkpt lat="33.0055607" lon="35.2161669"><ele>359.2</ele><time>2023-09-18T04:54:28Z</time></trkpt>
<trkpt lat="33.0055594" lon="35.2161526"><ele>359.1</ele><time>2023-09-18T04:54:29Z</time></trkpt>
<trkpt lat="33.005558" lon="35.2161399"><ele>358.9</ele><time>2023-09-18T04:54:30Z</time></trkpt>
<trkpt lat="33.0055569" lon="35.2161286"><ele>358.8</ele><time>2023-09-18T04:54:31Z</time></trkpt>
<trkpt lat="33.0055557" lon="35.2161178"><ele>358.6</ele><time>2023-09-18T04:54:32Z</time></trkpt>
<trkpt lat="33.0055545" lon="35.2161069"><ele>358.5</ele><time>2023-09-18T04:54:33Z</time></trkpt>
<trkpt lat="33.0055529" lon="35.2160955"><ele>358.3</ele><time>2023-09-18T04:54:34Z</time></trkpt>
<trkpt lat="33.0055511" lon="35.2160836"><ele>358.2</ele><time>2023-09-18T04:54:35Z</time></trkpt>
<trkpt lat="33.005549" lon="35.2160713"><ele>358.0</ele><time>2023-09-18T04:54:36Z</time></trkpt>
<trkpt lat="33.0055465" lon="35.2160584"><ele>357.9</ele><time>2023-09-18T04:54:37Z</time></trkpt>
<trkpt lat="33.0055439" lon="35.2160456"><ele>357.7</ele><time>2023-09-18T04:54:38Z</time></trkpt>
<trkpt lat="33.0055411" lon="35.2160327"><ele>357.5</ele><time>2023-09-18T04:54:39Z</time></trkpt>
<trkpt lat="33.0055376" lon="35.216019"><ele>357.4</ele><time>2023-09-18T04:54:40Z</time></trkpt>
<trkpt lat="33.005534" lon="35.2160046"><ele>357.2</ele><time>2023-09-18T04:54:41Z</time></trkpt>
<trkpt lat="33.00553" lon="35.2159892"><ele>357.1</ele><time>2023-09-18T04:54:42Z</time></trkpt>
<trkpt lat="33.0055252" lon="35.2159727"><ele>357.0</ele><time>2023-09-18T04:54:43Z</time></trkpt>
<trkpt lat="33.0055197" lon="35.2159561"><ele>356.8</ele><time>2023-09-18T04:54:44Z</time></trkpt>
<trkpt lat="33.005514" lon="35.2159394"><ele>356.7</ele><time>2023-09-18T04:54:45Z</time></trkpt>
<trkpt lat="33.0055092" lon="35.2159222"><ele>356.6</ele><time>2023-09-18T04:54:46Z</time></trkpt>
<trkpt lat="33.0055051" lon="35.2159048"><ele>356.4</ele><time>2023-09-18T04:54:47Z</time></trkpt>
<trkpt lat="33.0055019" lon="35.2158873"><ele>356.3</ele><time>2023-09-18T04:54:48Z</time></trkpt>
<trkpt lat="33.0055002" lon="35.2158699"><ele>356.2</ele><time>2023-09-18T04:54:49Z</time></trkpt>
<trkpt lat="33.0054995" lon="35.2158526"><ele>356.1</ele><time>2023-09-18T04:54:50Z</time></trkpt>
<trkpt lat="33.0054997" lon="35.2158351"><ele>356.0</ele><time>2023-09-18T04:54:51Z</time></trkpt>
<trkpt lat="33.0055014" lon="35.2158179"><ele>355.8</ele><time>2023-09-18T04:54:52Z</time></trkpt>
<trkpt lat="33.0055042" lon="35.2158029"><ele>355.7</ele><time>2023-09-18T04:54:53Z</time></trkpt>
<trkpt lat="33.0055071" lon="35.2157905"><ele>355.6</ele><time>2023-09-18T04:54:54Z</time></trkpt>
<trkpt lat="33.0055097" lon="35.2157796"><ele>355.5</ele><time>2023-09-18T04:54:55Z</time></trkpt>
<trkpt lat="33.0055113" lon="35.21577"><ele>355.4</ele><time>2023-09-18T04:54:56Z</time></trkpt>
<trkpt lat="33.005512" lon="35.2157608"><ele>355.4</ele><time>2023-09-18T04:54:57Z</time></trkpt>
<trkpt lat="33.0055118" lon="35.2157512"><ele>355.3</ele><time>2023-09-18T04:54:58Z</time></trkpt>
<trkpt lat="33.005511" lon="35.2157405"><ele>355.3</ele><time>2023-09-18T04:54:59Z</time></trkpt>
<trkpt lat="33.0055104" lon="35.2157288"><ele>355.2</ele><time>2023-09-18T04:55:00Z</time></trkpt>
<trkpt lat="33.0055103" lon="35.2157168"><ele>355.2</ele><time>2023-09-18T04:55:01Z</time></trkpt>
<trkpt lat="33.0055111" lon="35.2157051"><ele>355.2</ele><time>2023-09-18T04:55:02Z</time></trkpt>
<trkpt lat="33.0055125" lon="35.2156934"><ele>355.1</ele><time>2023-09-18T04:55:03Z</time></trkpt>
<trkpt lat="33.0055139" lon="35.2156816"><ele>355.1</ele><time>2023-09-18T04:55:04Z</time></trkpt>
<trkpt lat="33.0055153" lon="35.2156692"><ele>355.1</ele><time>2023-09-18T04:55:05Z</time></trkpt>
<trkpt lat="33.0055169" lon="35.215656"><ele>355.1</ele><time>2023-09-18T04:55:06Z</time></trkpt>
<trkpt lat="33.0055194" lon="35.2156424"><ele>355.1</ele><time>2023-09-18T04:55:07Z</time></trkpt>
<trkpt lat="33.0055228" lon="35.2156287"><ele>355.0</ele><time>2023-09-18T04:55:08Z</time></trkpt>
<trkpt lat="33.0055265" lon="35.2156149"><ele>355.1</ele><time>2023-09-18T04:55:09Z</time></trkpt>
<trkpt lat="33.0055303" lon="35.2156009"><ele>355.1</ele><time>2023-09-18T04:55:10Z</time></trkpt>
<trkpt lat="33.0055343" lon="35.2155867"><ele>355.1</ele><time>2023-09-18T04:55:11Z</time></trkpt>
<trkpt lat="33.0055382" lon="35.2155725"><ele>355.0</ele><time>2023-09-18T04:55:12Z</time></trkpt>
<trkpt lat="33.0055422" lon="35.2155585"><ele>355.0</ele><time>2023-09-18T04:55:13Z</time></trkpt>
<trkpt lat="33.005546" lon="35.2155453"><ele>355.0</ele><time>2023-09-18T04:55:14Z</time></trkpt>
<trkpt lat="33.0055485" lon="35.215533"><ele>354.9</ele><time>2023-09-18T04:55:15Z</time></trkpt>
<trkpt lat="33.0055489" lon="35.2155214"><ele>354.9</ele><time>2023-09-18T04:55:16Z</time></trkpt>
<trkpt lat="33.0055473" lon="35.215511"><ele>354.8</ele><time>2023-09-18T04:55:17Z</time></trkpt>
<trkpt lat="33.0055438" lon="35.2155023"><ele>354.8</ele><time>2023-09-18T04:55:18Z</time></trkpt>
<trkpt lat="33.0055374" lon="35.2154956"><ele>354.7</ele><time>2023-09-18T04:55:19Z</time></trkpt>
<trkpt lat="33.0055275" lon="35.2154907"><ele>354.6</ele><time>2023-09-18T04:55:20Z</time></trkpt>
<trkpt lat="33.0055154" lon="35.2154871"><ele>354.5</ele><time>2023-09-18T04:55:21Z</time></trkpt>
<trkpt lat="33.0055026" lon="35.2154846"><ele>354.4</ele><time>2023-09-18T04:55:22Z</time></trkpt>
<trkpt lat="33.0054894" lon="35.2154825"><ele>354.3</ele><time>2023-09-18T04:55:23Z</time></trkpt>
<trkpt lat="33.0054761" lon="35.2154802"><ele>354.1</ele><time>2023-09-18T04:55:24Z</time></trkpt>
<trkpt lat="33.0054624" lon="35.2154778"><ele>354.0</ele><time>2023-09-18T04:55:25Z</time></trkpt>
<trkpt lat="33.0054486" lon="35.2154756"><ele>353.8</ele><time>2023-09-18T04:55:26Z</time></trkpt>
<trkpt lat="33.005436" lon="35.2154739"><ele>353.7</ele><time>2023-09-18T04:55:27Z</time></trkpt>
<trkpt lat="33.0054237" lon="35.2154728"><ele>353.5</ele><time>2023-09-18T04:55:28Z</time></trkpt>
<trkpt lat="33.0054105" lon="35.2154727"><ele>353.4</ele><time>2023-09-18T04:55:29Z</time></trkpt>
<trkpt lat="33.0053969" lon="35.2154738"><ele>353.2</ele><time>2023-09-18T04:55:30Z</time></trkpt>
<trkpt lat="33.0053825" lon="35.2154762"><ele>353.0</ele><time>2023-09-18T04:55:31Z</time></trkpt>
<trkpt lat="33.005368" lon="35.2154796"><ele>352.9</ele><time>2023-09-18T04:55:32Z</time></trkpt>
<trkpt lat="33.005354" lon="35.2154834"><ele>352.7</ele><time>2023-09-18T04:55:33Z</time></trkpt>
<trkpt lat="33.0053416" lon="35.215487"><ele>352.5</ele><time>2023-09-18T04:55:34Z</time></trkpt>
<trkpt lat="33.0053309" lon="35.2154905"><ele>352.3</ele><time>2023-09-18T04:55:35Z</time></trkpt>
<trkpt lat="33.0053201" lon="35.2154948"><ele>352.2</ele><time>2023-09-18T04:55:36Z</time></trkpt>
<trkpt lat="33.0053083" lon="35.2155001"><ele>352.0</ele><time>2023-09-18T04:55:37Z</time></trkpt>
<trkpt lat="33.0052964" lon="35.2155058"><ele>351.9</ele><time>2023-09-18T04:55:38Z</time></trkpt>
<trkpt lat="33.005285" lon="35.2155114"><ele>351.7</ele><time>2023-09-18T04:55:39Z</time></trkpt>
<trkpt lat="33.0052743" lon="35.2155171"><ele>351.6</ele><time>2023-09-18T04:55:40Z</time></trkpt>
<trkpt lat="33.0052633" lon="35.2155236"><ele>351.4</ele><time>2023-09-18T04:55:41Z</time></trkpt>
<trkpt lat="33.0052517" lon="35.2155307"><ele>351.3</ele><time>2023-09-18T04:55:42Z</time></trkpt>
<trkpt lat="33.0052401" lon="35.2155384"><ele>351.1</ele><time>2023-09-18T04:55:43Z</time></trkpt>
<trkpt lat="33.0052292" lon="35.2155465"><ele>351.0</ele><time>2023-09-18T04:55:44Z</time></trkpt>
<trkpt lat="33.0052191" lon="35.2155553"><ele>350.9</ele><time>2023-09-18T04:55:45Z</time></trkpt>
<trkpt lat="33.0052096" lon="35.2155636"><ele>350.7</ele><time>2023-09-18T04:55:46Z</time></trkpt>
<trkpt lat="33.0052003" lon="35.2155711"><ele>350.6</ele><time>2023-09-18T04:55:47Z</time></trkpt>
<trkpt lat="33.0051911" lon="35.2155784"><ele>350.5</ele><time>2023-09-18T04:55:48Z</time></trkpt>
<trkpt lat="33.0051817" lon="35.2155858"><ele>350.4</ele><time>2023-09-18T04:55:49Z</time></trkpt>
<trkpt lat="33.0051718" lon="35.2155928"><ele>350.3</ele><time>2023-09-18T04:55:50Z</time></trkpt>
<trkpt lat="33.005161" lon="35.2155986"><ele>350.1</ele><time>2023-09-18T04:55:51Z</time></trkpt>
<trkpt lat="33.0051498" lon="35.2156016"><ele>350.0</ele><time>2023-09-18T04:55:52Z</time></trkpt>
<trkpt lat="33.0051391" lon="35.2156009"><ele>349.9</ele><time>2023-09-18T04:55:53Z</time></trkpt>
<trkpt lat="33.0051291" lon="35.2155971"><ele>349.8</ele><time>2023-09-18T04:55:54Z</time></trkpt>
<trkpt lat="33.0051197" lon="35.2155913"><ele>349.6</ele><time>2023-09-18T04:55:55Z</time></trkpt>
<trkpt lat="33.0051107" lon="35.2155843"><ele>349.5</ele><time>2023-09-18T04:55:56Z</time></trkpt>
<trkpt lat="33.0051023" lon="35.2155764"><ele>349.4</ele><time>2023-09-18T04:55:57Z</time></trkpt>
<trkpt lat="33.005094" lon="35.2155674"><ele>349.2</ele><time>2023-09-18T04:55:58Z</time></trkpt>
<trkpt lat="33.005086" lon="35.2155574"><ele>349.1</ele><time>2023-09-18T04:55:59Z</time></trkpt>
<trkpt lat="33.0050786" lon="35.2155467"><ele>348.9</ele><time>2023-09-18T04:56:00Z</time></trkpt>
<trkpt lat="33.0050718" lon="35.215536"><ele>348.8</ele><time>2023-09-18T04:56:01Z</time></trkpt>
<trkpt lat="33.005066" lon="35.2155254"><ele>348.7</ele><time>2023-09-18T04:56:02Z</time></trkpt>
<trkpt lat="33.0050612" lon="35.2155151"><ele>348.5</ele><time>2023-09-18T04:56:03Z</time></trkpt>
<trkpt lat="33.0050575" lon="35.2155054"><ele>348.4</ele><time>2023-09-18T04:56:04Z</time></trkpt>
<trkpt lat="33.005055" lon="35.2154968"><ele>348.3</ele><time>2023-09-18T04:56:05Z</time></trkpt>
<trkpt lat="33.0050537" lon="35.2154896"><ele>348.2</ele><time>2023-09-18T04:56:06Z</time></trkpt>
<trkpt lat="33.0050535" lon="35.2154838"><ele>348.1</ele><time>2023-09-18T04:56:07Z</time></trkpt>
<trkpt lat="33.0050539" lon="35.2154795"><ele>348.0</ele><time>2023-09-18T04:56:08Z</time></trkpt>
<trkpt lat="33.0050545" lon="35.2154768"><ele>347.9</ele><time>2023-09-18T04:56:09Z</time></trkpt>
<trkpt lat="33.0050548" lon="35.215476"><ele>347.8</ele><time>2023-09-18T04:56:10Z</time></trkpt>
<trkpt lat="33.0050546" lon="35.2154768"><ele>347.7</ele><time>2023-09-18T04:56:11Z</time></trkpt>
<trkpt lat="33.0050538" lon="35.2154785"><ele>347.6</ele><time>2023-09-18T04:56:12Z</time></trkpt>
<trkpt lat="33.0050525" lon="35.2154804"><ele>347.6</ele><time>2023-09-18T04:56:13Z</time></trkpt>
<trkpt lat="33.005051" lon="35.2154824"><ele>347.5</ele><time>2023-09-18T04:56:14Z</time></trkpt>
<trkpt lat="33.0050495" lon="35.2154842"><ele>347.4</ele><time>2023-09-18T04:56:15Z</time></trkpt>
<trkpt lat="33.0050479" lon="35.2154859"><ele>347.4</ele><time>2023-09-18T04:56:16Z</time></trkpt>
<trkpt lat="33.0050464" lon="35.2154873"><ele>347.3</ele><time>2023-09-18T04:56:17Z</time></trkpt>
<trkpt lat="33.0050452" lon="35.2154879"><ele>347.3</ele><time>2023-09-18T04:56:18Z</time></trkpt>
<trkpt lat="33.0050442" lon="35.2154879"><ele>347.3</ele><time>2023-09-18T04:56:19Z</time></trkpt>
<trkpt lat="33.0050431" lon="35.2154874"><ele>347.2</ele><time>2023-09-18T04:56:20Z</time></trkpt>
<trkpt lat="33.0050419" lon="35.2154866"><ele>347.2</ele><time>2023-09-18T04:56:21Z</time></trkpt>
<trkpt lat="33.0050407" lon="35.2154858"><ele>347.1</ele><time>2023-09-18T04:56:22Z</time></trkpt>
<trkpt lat="33.0050394" lon="35.2154851"><ele>347.1</ele><time>2023-09-18T04:56:23Z</time></trkpt>
<trkpt lat="33.0050385" lon="35.2154846"><ele>347.1</ele><time>2023-09-18T04:56:24Z</time></trkpt>
<trkpt lat="33.0050379" lon="35.2154844"><ele>347.0</ele><time>2023-09-18T04:56:25Z</time></trkpt>
<trkpt lat="33.0050375" lon="35.2154843"><ele>347.0</ele><time>2023-09-18T04:56:26Z</time></trkpt>
</trkseg></trk></gpx>