<?xml version="1.0" encoding="utf-8"?>
<gpx version="1.1"><trk><trkseg>
<trkpt lat="33.0052495" lon="35.2155322"><ele>352.9</ele><time>2024-02-25T05:52:26Z</time></trkpt>
<trkpt lat="33.0052673" lon="35.2155189"><ele>352.8</ele><time>2024-02-25T05:52:27Z</time></trkpt>
<trkpt lat="33.0052913" lon="35.215502"><ele>352.8</ele><time>2024-02-25T05:52:28Z</time></trkpt>
<trkpt lat="33.0053088" lon="35.2154911"><ele>352.7</ele><time>2024-02-25T05:52:29Z</time></trkpt>
<trkpt lat="33.0053256" lon="35.2154811"><ele>352.7</ele><time>2024-02-25T05:52:30Z</time></trkpt>
<trkpt lat="33.0053418" lon="35.2154713"><ele>352.7</ele><time>2024-02-25T05:52:31Z</time></trkpt>
<trkpt lat="33.0053575" lon="35.2154613"><ele>352.7</ele><time>2024-02-25T05:52:32Z</time></trkpt>
<trkpt lat="33.0053726" lon="35.215452"><ele>352.7</ele><time>2024-02-25T05:52:33Z</time></trkpt>
<trkpt lat="33.0053878" lon="35.2154457"><ele>352.7</ele><time>2024-02-25T05:52:34Z</time></trkpt>
<trkpt lat="33.0054037" lon="35.2154448"><ele>352.7</ele><time>2024-02-25T05:52:35Z</time></trkpt>
<trkpt lat="33.005419" lon="35.2154482"><ele>352.8</ele><time>2024-02-25T05:52:36Z</time></trkpt>
<trkpt lat="33.0054344" lon="35.2154535"><ele>352.9</ele><time>2024-02-25T05:52:37Z</time></trkpt>
<trkpt lat="33.0054505" lon="35.2154597"><ele>353.0</ele><time>2024-02-25T05:52:38Z</time></trkpt>
<trkpt lat="33.0054661" lon="35.2154656"><ele>353.1</ele><time>2024-02-25T05:52:39Z</time></trkpt>
<trkpt lat="33.0054796" lon="35.2154709"><ele>353.2</ele><time>2024-02-25T05:52:40Z</time></trkpt>
<trkpt lat="33.0054903" lon="35.2154753"><ele>353.3</ele><time>2024-02-25T05:52:41Z</time></trkpt>
<trkpt lat="33.0055001" lon="35.21548"><ele>353.5</ele><time>2024-02-25T05:52:42Z</time></trkpt>
<trkpt lat="33.0055108" lon="35.2154855"><ele>353.6</ele><time>2024-02-25T05:52:43Z</time></trkpt>
<trkpt lat="33.0055219" lon="35.2154917"><ele>353.8</ele><time>2024-02-25T05:52:44Z</time></trkpt>
<trkpt lat="33.0055332" lon="35.2154982"><ele>353.9</ele><time>2024-02-25T05:52:45Z</time></trkpt>
<trkpt lat="33.0055447" lon="35.2155043"><ele>354.1</ele><time>2024-02-25T05:52:46Z</time></trkpt>
<trkpt lat="33.0055553" lon="35.2155091"><ele>354.3</ele><time>2024-02-25T05:52:47Z</time></trkpt>
<trkpt lat="33.0055633" lon="35.2155121"><ele>354.4</ele><time>2024-02-25T05:52:48Z</time></trkpt>
<trkpt lat="33.0055676" lon="35.2155134"><ele>354.5</ele><time>2024-02-25T05:52:49Z</time></trkpt>
<trkpt lat="33.0055688" lon="35.2155135"><ele>354.7</ele><time>2024-02-25T05:52:50Z</time></trkpt>
<trkpt lat="33.0055689" lon="35.2155133"><ele>354.8</ele><time>2024-02-25T05:52:51Z</time></trkpt>
<trkpt lat="33.0055686" lon="35.215513"><ele>354.9</ele><time>2024-02-25T05:52:52Z</time></trkpt>
<trkpt lat="33.0055685" lon="35.2155127"><ele>355.0</ele><time>2024-02-25T05:52:53Z</time></trkpt>
<trkpt lat="33.0055685" lon="35.2155123"><ele>355.1</ele><time>2024-02-25T05:52:54Z</time></trkpt>
<trkpt lat="33.0055684" lon="35.2155118"><ele>355.1</ele><time>2024-02-25T05:52:55Z</time></trkpt>
<trkpt lat="33.005568" lon="35.215511"><ele>355.2</ele><time>2024-02-25T05:52:56Z</time></trkpt>
<trkpt lat="33.0055678" lon="35.2155098"><ele>355.2</ele><time>2024-02-25T05:52:57Z</time></trkpt>
<trkpt lat="33.0055687" lon="35.2155079"><ele>355.3</ele><time>2024-02-25T05:52:58Z</time></trkpt>
<trkpt lat="33.0055706" lon="35.2155049"><ele>355.3</ele><time>2024-02-25T05:52:59Z</time></trkpt>
<trkpt lat="33.0055721" lon="35.2155014"><ele>355.3</ele><time>2024-02-25T05:53:00Z</time></trkpt>
<trkpt lat="33.0055725" lon="35.2154985"><ele>355.3</ele><time>2024-02-25T05:53:01Z</time></trkpt>
<trkpt lat="33.005572" lon="35.2154964"><ele>355.3</ele><time>2024-02-25T05:53:02Z</time></trkpt>
<trkpt lat="33.0055716" lon="35.2154947"><ele>355.2</ele><time>2024-02-25T05:53:03Z</time></trkpt>
<trkpt lat="33.0055712" lon="35.215493"><ele>355.2</ele><time>2024-02-25T05:53:04Z</time></trkpt>
<trkpt lat="33.0055708" lon="35.2154916"><ele>355.2</ele><time>2024-02-25T05:53:05Z</time></trkpt>
<trkpt lat="33.0055705" lon="35.2154902"><ele>355.2</ele><time>2024-02-25T05:53:06Z</time></trkpt>
<trkpt lat="33.0055704" lon="35.2154886"><ele>355.1</ele><time>2024-02-25T05:53:07Z</time></trkpt>
<trkpt lat="33.0055709" lon="35.2154867"><ele>355.1</ele><time>2024-02-25T05:53:08Z</time></trkpt>
<trkpt lat="33.005572" lon="35.215485"><ele>355.1</ele><time>2024-02-25T05:53:09Z</time></trkpt>
<trkpt lat="33.0055731" lon="35.2154834"><ele>355.1</ele><time>2024-02-25T05:53:10Z</time></trkpt>
<trkpt lat="33.0055744" lon="35.215482"><ele>355.1</ele><time>2024-02-25T05:53:11Z</time></trkpt>
<trkpt lat="33.0055757" lon="35.2154807"><ele>355.1</ele><time>2024-02-25T05:53:12Z</time></trkpt>
<trkpt lat="33.0055766" lon="35.2154795"><ele>355.2</ele><time>2024-02-25T05:53:13Z</time></trkpt>
<trkpt lat="33.0055772" lon="35.215478"><ele>355.2</ele><time>2024-02-25T05:53:14Z</time></trkpt>
<trkpt lat="33.0055775" lon="35.2154761"><ele>355.2</ele><time>2024-02-25T05:53:15Z</time></trkpt>
<trkpt lat="33.0055773" lon="35.2154734"><ele>355.2</ele><time>2024-02-25T05:53:16Z</time></trkpt>
<trkpt lat="33.0055763" lon="35.2154692"><ele>355.2</ele><time>2024-02-25T05:53:17Z</time></trkpt>
<trkpt lat="33.0055737" lon="35.215463"><ele>355.2</ele><time>2024-02-25T05:53:18Z</time></trkpt>
<trkpt lat="33.0055683" lon="35.215453"><ele>355.2</ele><time>2024-02-25T05:53:19Z</time></trkpt>
<trkpt lat="33.0055605" lon="35.21544"><ele>355.1</ele><time>2024-02-25T05:53:20Z</time></trkpt>
<trkpt lat="33.0055531" lon="35.2154266"><ele>355.1</ele><time>2024-02-25T05:53:21Z</time></trkpt>
<trkpt lat="33.005548" lon="35.2154137"><ele>355.1</ele><time>2024-02-25T05:53:22Z</time></trkpt>
<trkpt lat="33.0055459" lon="35.2154001"><ele>355.0</ele><time>2024-02-25T05:53:23Z</time></trkpt>
<trkpt lat="33.0055474" lon="35.2153828"><ele>354.9</ele><time>2024-02-25T05:53:24Z</time></trkpt>
<trkpt lat="33.0055532" lon="35.2153624"><ele>354.8</ele><time>2024-02-25T05:53:25Z</time></trkpt>
<trkpt lat="33.0055632" lon="35.2153411"><ele>354.7</ele><time>2024-02-25T05:53:26Z</time></trkpt>
<trkpt lat="33.0055775" lon="35.2153179"><ele>354.6</ele><time>2024-02-25T05:53:27Z</time></trkpt>
<trkpt lat="33.0055955" lon="35.2152905"><ele>354.5</ele><time>2024-02-25T05:53:28Z</time></trkpt>
<trkpt lat="33.0056162" lon="35.21526"><ele>354.4</ele><time>2024-02-25T05:53:29Z</time></trkpt>
<trkpt lat="33.0056386" lon="35.2152284"><ele>354.2</ele><time>2024-02-25T05:53:30Z</time></trkpt>
<trkpt lat="33.0056628" lon="35.2151969"><ele>354.1</ele><time>2024-02-25T05:53:31Z</time></trkpt>
<trkpt lat="33.0056895" lon="35.2151659"><ele>354.0</ele><time>2024-02-25T05:53:32Z</time></trkpt>
<trkpt lat="33.005719" lon="35.2151359"><ele>353.9</ele><time>2024-02-25T05:53:33Z</time></trkpt>
<trkpt lat="33.0057501" lon="35.2151072"><ele>353.8</ele><time>2024-02-25T05:53:34Z</time></trkpt>
<trkpt lat="33.0057809" lon="35.2150799"><ele>353.7</ele><time>2024-02-25T05:53:35Z</time></trkpt>
<trkpt lat="33.0058109" lon="35.2150536"><ele>353.6</ele><time>2024-02-25T05:53:36Z</time></trkpt>
<trkpt lat="33.0058655" lon="35.2149999"><ele>353.4</ele><time>2024-02-25T05:53:38Z</time></trkpt>
<trkpt lat="33.0058887" lon="35.2149726"><ele>353.3</ele><time>2024-02-25T05:53:39Z</time></trkpt>
<trkpt lat="33.0059088" lon="35.2149452"><ele>353.2</ele><time>2024-02-25T05:53:40Z</time></trkpt>
<trkpt lat="33.0059252" lon="35.2149171"><ele>353.2</ele><time>2024-02-25T05:53:41Z</time></trkpt>
<trkpt lat="33.0059375" lon="35.214887"><ele>353.1</ele><time>2024-02-25T05:53:42Z</time></trkpt>
<trkpt lat="33.0059455" lon="35.2148539"><ele>353.0</ele><time>2024-02-25T05:53:43Z</time></trkpt>
<trkpt lat="33.0059493" lon="35.2148166"><ele>352.9</ele><time>2024-02-25T05:53:44Z</time></trkpt>
<trkpt lat="33.0059494" lon="35.2147754"><ele>352.8</ele><time>2024-02-25T05:53:45Z</time></trkpt>
<trkpt lat="33.0059466" lon="35.214732"><ele>352.7</ele><time>2024-02-25T05:53:46Z</time></trkpt>
<trkpt lat="33.0059413" lon="35.2146881"><ele>352.6</ele><time>2024-02-25T05:53:47Z</time></trkpt>
<trkpt lat="33.0059337" lon="35.2146448"><ele>352.5</ele><time>2024-02-25T05:53:48Z</time></trkpt>
<trkpt lat="33.0062817" lon="35.2123812"><ele>341.8</ele><time>2024-02-25T05:54:22Z</time></trkpt>
<trkpt lat="33.0063154" lon="35.2123129"><ele>341.2</ele><time>2024-02-25T05:54:23Z</time></trkpt>
<trkpt lat="33.0063489" lon="35.2122441"><ele>340.6</ele><time>2024-02-25T05:54:24Z</time></trkpt>
<trkpt lat="33.0063802" lon="35.2121714"><ele>340.1</ele><time>2024-02-25T05:54:25Z</time></trkpt>
<trkpt lat="33.0064073" lon="35.2120909"><ele>339.5</ele><time>2024-02-25T05:54:26Z</time></trkpt>
<trkpt lat="33.0064298" lon="35.2120032"><ele>338.9</ele><time>2024-02-25T05:54:27Z</time></trkpt>
<trkpt lat="33.0064491" lon="35.211912"><ele>338.3</ele><time>2024-02-25T05:54:28Z</time></trkpt>
<trkpt lat="33.0064664" lon="35.2118197"><ele>337.6</ele><time>2024-02-25T05:54:29Z</time></trkpt>
<trkpt lat="33.0064821" lon="35.211726"><ele>337.0</ele><time>2024-02-25T05:54:30Z</time></trkpt>
<trkpt lat="33.0064963" lon="35.21163"><ele>336.3</ele><time>2024-02-25T05:54:31Z</time></trkpt>
<trkpt lat="33.0065094" lon="35.211532"><ele>335.7</ele><time>2024-02-25T05:54:32Z</time></trkpt>
<trkpt lat="33.0065214" lon="35.2114341"><ele>335.0</ele><time>2024-02-25T05:54:33Z</time></trkpt>
<trkpt lat="33.0065324" lon="35.2113357"><ele>334.3</ele><time>2024-02-25T05:54:34Z</time></trkpt>
<trkpt lat="33.0065428" lon="35.2112329"><ele>333.6</ele><time>2024-02-25T05:54:35Z</time></trkpt>
<trkpt lat="33.0065528" lon="35.2111239"><ele>333.0</ele><time>2024-02-25T05:54:36Z</time></trkpt>
<trkpt lat="33.0065619" lon="35.2110114"><ele>332.3</ele><time>2024-02-25T05:54:37Z</time></trkpt>
<trkpt lat="33.0065695" lon="35.2108974"><ele>331.6</ele><time>2024-02-25T05:54:38Z</time></trkpt>
<trkpt lat="33.0065754" lon="35.2107834"><ele>330.9</ele><time>2024-02-25T05:54:39Z</time></trkpt>
<trkpt lat="33.0065795" lon="35.2106708"><ele>330.3</ele><time>2024-02-25T05:54:40Z</time></trkpt>
<trkpt lat="33.0065819" lon="35.2105606"><ele>329.7</ele><time>2024-02-25T05:54:41Z</time></trkpt>
<trkpt lat="33.0065823" lon="35.2104535"><ele>329.0</ele><time>2024-02-25T05:54:42Z</time></trkpt>
<trkpt lat="33.0065813" lon="35.21035"><ele>328.4</ele><time>2024-02-25T05:54:43Z</time></trkpt>
<trkpt lat="33.0065795" lon="35.2102495"><ele>327.9</ele><time>2024-02-25T05:54:44Z</time></trkpt>
<trkpt lat="33.0065775" lon="35.2101518"><ele>327.3</ele><time>2024-02-25T05:54:45Z</time></trkpt>
<trkpt lat="33.0065762" lon="35.2100624"><ele>326.8</ele><time>2024-02-25T05:54:46Z</time></trkpt>
<trkpt lat="33.0065754" lon="35.2099864"><ele>326.3</ele><time>2024-02-25T05:54:47Z</time></trkpt>
<trkpt lat="33.0065738" lon="35.2099228"><ele>325.9</ele><time>2024-02-25T05:54:48Z</time></trkpt>
<trkpt lat="33.0065705" lon="35.2098665"><ele>325.5</ele><time>2024-02-25T05:54:49Z</time></trkpt>
<trkpt lat="33.006566" lon="35.2098161"><ele>325.1</ele><time>2024-02-25T05:54:50Z</time></trkpt>
<trkpt lat="33.0065607" lon="35.2097737"><ele>324.7</ele><time>2024-02-25T05:54:51Z</time></trkpt>
<trkpt lat="33.0065553" lon="35.2097379"><ele>324.4</ele><time>2024-02-25T05:54:52Z</time></trkpt>
<trkpt lat="33.006551" lon="35.2097089"><ele>324.1</ele><time>2024-02-25T05:54:53Z</time></trkpt>
<trkpt lat="33.0065472" lon="35.2096848"><ele>323.8</ele><time>2024-02-25T05:54:54Z</time></trkpt>
<trkpt lat="33.0065441" lon="35.2096617"><ele>323.6</ele><time>2024-02-25T05:54:55Z</time></trkpt>
<trkpt lat="33.0065452" lon="35.2096369"><ele>323.4</ele><time>2024-02-25T05:54:56Z</time></trkpt>
<trkpt lat="33.0065501" lon="35.2096118"><ele>323.2</ele><time>2024-02-25T05:54:57Z</time></trkpt>
<trkpt lat="33.0065567" lon="35.2095903"><ele>323.1</ele><time>2024-02-25T05:54:58Z</time></trkpt>
<trkpt lat="33.0065661" lon="35.2095722"><ele>322.9</ele><time>2024-02-25T05:54:59Z</time></trkpt>
<trkpt lat="33.0065756" lon="35.2095582"><ele>322.8</ele><time>2024-02-25T05:55:00Z</time></trkpt>
<trkpt lat="33.0065829" lon="35.20955"><ele>322.7</ele><time>2024-02-25T05:55:01Z</time></trkpt>
<trkpt lat="33.0065873" lon="35.2095461"><ele>322.7</ele><time>2024-02-25T05:55:02Z</time></trkpt>
<trkpt lat="33.0065894" lon="35.2095447"><ele>322.6</ele><time>2024-02-25T05:55:03Z</time></trkpt>
<trkpt lat="33.0065902" lon="35.2095449"><ele>322.6</ele><time>2024-02-25T05:55:04Z</time></trkpt>
<trkpt lat="33.006591" lon="35.2095456"><ele>322.6</ele><time>2024-02-25T05:55:05Z</time></trkpt>
<trkpt lat="33.006591" lon="35.209547"><ele>322.6</ele><time>2024-02-25T05:55:06Z</time></trkpt>
<trkpt lat="33.0065903" lon="35.209549"><ele>322.6</ele><time>2024-02-25T05:55:07Z</time></trkpt>
<trkpt lat="33.0065898" lon="35.2095512"><ele>322.6</ele><time>2024-02-25T05:55:08Z</time></trkpt>
<trkpt lat="33.00659" lon="35.2095527"><ele>322.6</ele><time>2024-02-25T05:55:09Z</time></trkpt>
<trkpt lat="33.0065915" lon="35.2095538"><ele>322.6</ele><time>2024-02-25T05:55:10Z</time></trkpt>
<trkpt lat="33.0065936" lon="35.2095554"><ele>322.6</ele><time>2024-02-25T05:55:11Z</time></trkpt>
<trkpt lat="33.0065951" lon="35.2095575"><ele>322.6</ele><time>2024-02-25T05:55:12Z</time></trkpt>
<trkpt lat="33.0065961" lon="35.2095593"><ele>322.6</ele><time>2024-02-25T05:55:13Z</time></trkpt>
<trkpt lat="33.0065969" lon="35.2095607"><ele>322.7</ele><time>2024-02-25T05:55:14Z</time></trkpt>
<trkpt lat="33.0065969" lon="35.2095621"><ele>322.7</ele><time>2024-02-25T05:55:15Z</time></trkpt>
<trkpt lat="33.0065969" lon="35.2095631"><ele>322.7</ele><time>2024-02-25T05:55:16Z</time></trkpt>
<trkpt lat="33.0065966" lon="35.209564"><ele>322.7</ele><time>2024-02-25T05:55:17Z</time></trkpt>
<trkpt lat="33.0065957" lon="35.2095653"><ele>322.7</ele><time>2024-02-25T05:55:18Z</time></trkpt>
<trkpt lat="33.0065946" lon="35.2095666"><ele>322.7</ele><time>2024-02-25T05:55:19Z</time></trkpt>
<trkpt lat="33.0065937" lon="35.2095676"><ele>322.7</ele><time>2024-02-25T05:55:20Z</time></trkpt>
<trkpt lat="33.006593" lon="35.2095683"><ele>322.7</ele><time>2024-02-25T05:55:21Z</time></trkpt>
<trkpt lat="33.0065923" lon="35.2095672"><ele>322.8</ele><time>2024-02-25T05:55:22Z</time></trkpt>
<trkpt lat="33.0065915" lon="35.2095661"><ele>322.8</ele><time>2024-02-25T05:55:23Z</time></trkpt>
<trkpt lat="33.0065903" lon="35.2095667"><ele>322.8</ele><time>2024-02-25T05:55:24Z</time></trkpt>
<trkpt lat="33.0065886" lon="35.2095674"><ele>322.8</ele><time>2024-02-25T05:55:25Z</time></trkpt>
<trkpt lat="33.0065866" lon="35.2095677"><ele>322.8</ele><time>2024-02-25T05:55:26Z</time></trkpt>
<trkpt lat="33.0065843" lon="35.2095681"><ele>322.8</ele><time>2024-02-25T05:55:27Z</time></trkpt>
<trkpt lat="33.0065818" lon="35.2095689"><ele>322.8</ele><time>2024-02-25T05:55:28Z</time></trkpt>
<trkpt lat="33.0065789" lon="35.2095698"><ele>322.8</ele><time>2024-02-25T05:55:29Z</time></trkpt>
<trkpt lat="33.0065756" lon="35.2095708"><ele>322.8</ele><time>2024-02-25T05:55:30Z</time></trkpt>
<trkpt lat="33.0065722" lon="35.2095716"><ele>322.7</ele><time>2024-02-25T05:55:31Z</time></trkpt>
<trkpt lat="33.0065691" lon="35.2095722"><ele>322.7</ele><time>2024-02-25T05:55:32Z</time></trkpt>
<trkpt lat="33.0065662" lon="35.2095721"><ele>322.7</ele><time>2024-02-25T05:55:33Z</time></trkpt>
<trkpt lat="33.0065627" lon="35.2095701"><ele>322.7</ele><time>2024-02-25T05:55:34Z</time></trkpt>
<trkpt lat="33.0065585" lon="35.2095654"><ele>322.7</ele><time>2024-02-25T05:55:35Z</time></trkpt>
<trkpt lat="33.0065547" lon="35.2095585"><ele>322.7</ele><time>2024-02-25T05:55:36Z</time></trkpt>
<trkpt lat="33.0065522" lon="35.2095511"><ele>322.7</ele><time>2024-02-25T05:55:37Z</time></trkpt>
<trkpt lat="33.0065502" lon="35.2095456"><ele>322.7</ele><time>2024-02-25T05:55:38Z</time></trkpt>
<trkpt lat="33.0065486" lon="35.2095409"><ele>322.7</ele><time>2024-02-25T05:55:39Z</time></trkpt>
<trkpt lat="33.006547" lon="35.2095354"><ele>322.7</ele><time>2024-02-25T05:55:40Z</time></trkpt>
<trkpt lat="33.0065449" lon="35.2095303"><ele>322.7</ele><time>2024-02-25T05:55:41Z</time></trkpt>
<trkpt lat="33.0065428" lon="35.2095267"><ele>322.7</ele><time>2024-02-25T05:55:42Z</time></trkpt>
<trkpt lat="33.0065407" lon="35.2095237"><ele>322.7</ele><time>2024-02-25T05:55:43Z</time></trkpt>
<trkpt lat="33.006539" lon="35.2095207"><ele>322.7</ele><time>2024-02-25T05:55:44Z</time></trkpt>
<trkpt lat="33.006538" lon="35.20952"><ele>322.7</ele><time>2024-02-25T05:55:45Z</time></trkpt>
<trkpt lat="33.0065376" lon="35.2095221"><ele>322.7</ele><time>2024-02-25T05:55:46Z</time></trkpt>
<trkpt lat="33.0065375" lon="35.2095244"><ele>322.7</ele><time>2024-02-25T05:55:47Z</time></trkpt>
<trkpt lat="33.0065375" lon="35.2095261"><ele>322.7</ele><time>2024-02-25T05:55:48Z</time></trkpt>
<trkpt lat="33.0065376" lon="35.2095275"><ele>322.7</ele><time>2024-02-25T05:55:49Z</time></trkpt>
<trkpt lat="33.0065375" lon="35.2095286"><ele>322.7</ele><time>2024-02-25T05:55:50Z</time></trkpt>
<trkpt lat="33.0065375" lon="35.2095297"><ele>322.7</ele><time>2024-02-25T05:55:51Z</time></trkpt>
<trkpt lat="33.0065376" lon="35.2095314"><ele>322.8</ele><time>2024-02-25T05:55:52Z</time></trkpt>
<trkpt lat="33.0065381" lon="35.2095344"><ele>322.8</ele><time>2024-02-25T05:55:53Z</time></trkpt>
<trkpt lat="33.006539" lon="35.2095391"><ele>322.8</ele><time>2024-02-25T05:55:54Z</time></trkpt>
<trkpt lat="33.0065399" lon="35.2095436"><ele>322.8</ele><time>2024-02-25T05:55:55Z</time></trkpt>
<trkpt lat="33.0065404" lon="35.2095462"><ele>322.8</ele><time>2024-02-25T05:55:56Z</time></trkpt>
<trkpt lat="33.0065406" lon="35.2095474"><ele>322.8</ele><time>2024-02-25T05:55:57Z</time></trkpt>
<trkpt lat="33.0065406" lon="35.209548"><ele>322.8</ele><time>2024-02-25T05:55:58Z</time></trkpt>
<trkpt lat="33.0065408" lon="35.2095489"><ele>322.8</ele><time>2024-02-25T05:55:59Z</time></trkpt>
<trkpt lat="33.0065413" lon="35.2095504"><ele>322.8</ele><time>2024-02-25T05:56:00Z</time></trkpt>
<trkpt lat="33.0065415" lon="35.2095516"><ele>322.8</ele><time>2024-02-25T05:56:01Z</time></trkpt>
<trkpt lat="33.0065418" lon="35.2095527"><ele>322.8</ele><time>2024-02-25T05:56:02Z</time></trkpt>
<trkpt lat="33.0065422" lon="35.2095541"><ele>322.8</ele><time>2024-02-25T05:56:03Z</time></trkpt>
<trkpt lat="33.0065425" lon="35.2095556"><ele>322.8</ele><time>2024-02-25T05:56:04Z</time></trkpt>
<trkpt lat="33.0065428" lon="35.2095569"><ele>322.8</ele><time>2024-02-25T05:56:05Z</time></trkpt>
<trkpt lat="33.0065431" lon="35.2095579"><ele>322.8</ele><time>2024-02-25T05:56:06Z</time></trkpt>
<trkpt lat="33.0065434" lon="35.2095588"><ele>322.8</ele><time>2024-02-25T05:56:07Z</time></trkpt>
<trkpt lat="33.0065436" lon="35.2095598"><ele>322.8</ele><time>2024-02-25T05:56:08Z</time></trkpt>
<trkpt lat="33.0065438" lon="35.2095606"><ele>322.8</ele><time>2024-02-25T05:56:09Z</time></trkpt>
<trkpt lat="33.0065441" lon="35.2095621"><ele>322.8</ele><time>2024-02-25T05:56:10Z</time></trkpt>
<trkpt lat="33.0065444" lon="35.2095634"><ele>322.8</ele><time>2024-02-25T05:56:11Z</time></trkpt>
<trkpt lat="33.0065445" lon="35.2095642"><ele>322.8</ele><time>2024-02-25T05:56:12Z</time></trkpt>
<trkpt lat="33.0065446" lon="35.2095648"><ele>322.8</ele><time>2024-02-25T05:56:13Z</time></trkpt>
<trkpt lat="33.0065448" lon="35.2095656"><ele>322.8</ele><time>2024-02-25T05:56:14Z</time></trkpt>
<trkpt lat="33.006545" lon="35.209567"><ele>322.8</ele><time>2024-02-25T05:56:15Z</time></trkpt>
<trkpt lat="33.0065451" lon="35.2095671"><ele>322.8</ele><time>2024-02-25T05:56:16Z</time></trkpt>
<trkpt lat="33.0065452" lon="35.2095668"><ele>322.8</ele><time>2024-02-25T05:56:17Z</time></trkpt>
<trkpt lat="33.0065453" lon="35.2095671"><ele>322.8</ele><time>2024-02-25T05:56:18Z</time></trkpt>
<trkpt lat="33.0065454" lon="35.2095669"><ele>322.8</ele><time>2024-02-25T05:56:19Z</time></trkpt>
<trkpt lat="33.0065453" lon="35.2095666"><ele>322.8</ele><time>2024-02-25T05:56:20Z</time></trkpt>
<trkpt lat="33.0065454" lon="35.2095669"><ele>322.8</ele><time>2024-02-25T05:56:21Z</time></trkpt>
<trkpt lat="33.0065455" lon="35.2095675"><ele>322.8</ele><time>2024-02-25T05:56:22Z</time></trkpt>
<trkpt lat="33.0065455" lon="35.2095681"><ele>322.8</ele><time>2024-02-25T05:56:23Z</time></trkpt>
<trkpt lat="33.0065456" lon="35.2095686"><ele>322.8</ele><time>2024-02-25T05:56:24Z</time></trkpt>
<trkpt lat="33.0065457" lon="35.2095691"><ele>322.8</ele><time>2024-02-25T05:56:25Z</time></trkpt>
<trkpt lat="33.0065457" lon="35.209569"><ele>322.8</ele><time>2024-02-25T05:56:26Z</time></trkpt>
<trkpt lat="33.0065457" lon="35.2095689"><ele>322.8</ele><time>2024-02-25T05:56:27Z</time></trkpt>
<trkpt lat="33.0065457" lon="35.2095693"><ele>322.8</ele><time>2024-02-25T05:56:28Z</time></trkpt>
<trkpt lat="33.0065457" lon="35.2095695"><ele>322.8</ele><time>2024-02-25T05:56:29Z</time></trkpt>
<trkpt lat="33.0065457" lon="35.2095697"><ele>322.8</ele><time>2024-02-25T05:56:30Z</time></trkpt>
<trkpt lat="33.0065458" lon="35.2095701"><ele>322.8</ele><time>2024-02-25T05:56:31Z</time></trkpt>
<trkpt lat="33.0065459" lon="35.2095711"><ele>322.8</ele><time>2024-02-25T05:56:32Z</time></trkpt>
<trkpt lat="33.006546" lon="35.209572"><ele>322.8</ele><time>2024-02-25T05:56:33Z</time></trkpt>
<trkpt lat="33.006546" lon="35.2095724"><ele>322.8</ele><time>2024-02-25T05:56:34Z</time></trkpt>
<trkpt lat="33.006546" lon="35.2095726"><ele>322.8</ele><time>2024-02-25T05:56:35Z</time></trkpt>
<trkpt lat="33.006546" lon="35.2095726"><ele>322.8</ele><time>2024-02-25T05:56:36Z</time></trkpt>
<trkpt lat="33.006546" lon="35.2095725"><ele>322.8</ele><time>2024-02-25T05:56:37Z</time></trkpt>
<trkpt lat="33.0065461" lon="35.2095727"><ele>322.8</ele><time>2024-02-25T05:56:38Z</time></trkpt>
<trkpt lat="33.0065461" lon="35.209573"><ele>322.8</ele><time>2024-02-25T05:56:39Z</time></trkpt>
<trkpt lat="33.006546" lon="35.2095728"><ele>322.8</ele><time>2024-02-25T05:56:40Z</time></trkpt>
<trkpt lat="33.0065458" lon="35.2095723"><ele>322.8</ele><time>2024-02-25T05:56:41Z</time></trkpt>
<trkpt lat="33.0065457" lon="35.2095712"><ele>322.8</ele><time>2024-02-25T05:56:42Z</time></trkpt>
<trkpt lat="33.0065456" lon="35.2095705"><ele>322.8</ele><time>2024-02-25T05:56:43Z</time></trkpt>
<trkpt lat="33.0065456" lon="35.2095707"><ele>322.8</ele><time>2024-02-25T05:56:44Z</time></trkpt>
<trkpt lat="33.0065456" lon="35.2095712"><ele>322.8</ele><time>2024-02-25T05:56:45Z</time></trkpt>
<trkpt lat="33.0065457" lon="35.2095719"><ele>322.8</ele><time>2024-02-25T05:56:46Z</time></trkpt>
<trkpt lat="33.0065457" lon="35.2095723"><ele>322.8</ele><time>2024-02-25T05:56:47Z</time></trkpt>
<trkpt lat="33.0065457" lon="35.2095724"><ele>322.8</ele><time>2024-02-25T05:56:48Z</time></trkpt>
<trkpt lat="33.0065457" lon="35.2095724"><ele>322.8</ele><time>2024-02-25T05:56:49Z</time></trkpt>
<trkpt lat="33.0065457" lon="35.2095724"><ele>322.8</ele><time>2024-02-25T05:56:50Z</time></trkpt>
<trkpt lat="33.0065457" lon="35.2095725"><ele>322.8</ele><time>2024-02-25T05:56:51Z</time></trkpt>
<trkpt lat="33.0065457" lon="35.2095726"><ele>322.8</ele><time>2024-02-25T05:56:52Z</time></trkpt>
<trkpt lat="33.0065457" lon="35.2095728"><ele>322.8</ele><time>2024-02-25T05:56:53Z</time></trkpt>
<trkpt lat="33.0065457" lon="35.209573"><ele>322.8</ele><time>2024-02-25T05:56:54Z</time></trkpt>
<trkpt lat="33.0065458" lon="35.2095731"><ele>322.8</ele><time>2024-02-25T05:56:55Z</time></trkpt>
<trkpt lat="33.0065458" lon="35.2095732"><ele>322.8</ele><time>2024-02-25T05:56:56Z</time></trkpt>
<trkpt lat="33.0065456" lon="35.2095728"><ele>322.8</ele><time>2024-02-25T05:56:57Z</time></trkpt>
<trkpt lat="33.0065454" lon="35.2095719"><ele>322.8</ele><time>2024-02-25T05:56:58Z</time></trkpt>
<trkpt lat="33.0065453" lon="35.2095715"><ele>322.8</ele><time>2024-02-25T05:56:59Z</time></trkpt>
<trkpt lat="33.0065452" lon="35.2095717"><ele>322.8</ele><time>2024-02-25T05:57:00Z</time></trkpt>
<trkpt lat="33.0065452" lon="35.2095719"><ele>322.8</ele><time>2024-02-25T05:57:01Z</time></trkpt>
<trkpt lat="33.0065452" lon="35.2095719"><ele>322.8</ele><time>2024-02-25T05:57:02Z</time></trkpt>
<trkpt lat="33.0065451" lon="35.2095719"><ele>322.8</ele><time>2024-02-25T05:57:03Z</time></trkpt>
<trkpt lat="33.0065451" lon="35.2095721"><ele>322.8</ele><time>2024-02-25T05:57:04Z</time></trkpt>
<trkpt lat="33.0065452" lon="35.2095723"><ele>322.8</ele><time>2024-02-25T05:57:05Z</time></trkpt>
<trkpt lat="33.0065452" lon="35.2095726"><ele>322.8</ele><time>2024-02-25T05:57:06Z</time></trkpt>
<trkpt lat="33.0065452" lon="35.2095728"><ele>322.8</ele><time>2024-02-25T05:57:07Z</time></trkpt>
<trkpt lat="33.0065452" lon="35.2095729"><ele>322.8</ele><time>2024-02-25T05:57:08Z</time></trkpt>
<trkpt lat="33.0065452" lon="35.209573"><ele>322.7</ele><time>2024-02-25T05:57:09Z</time></trkpt>
<trkpt lat="33.0065452" lon="35.209573"><ele>322.7</ele><time>2024-02-25T05:57:10Z</time></trkpt>
<trkpt lat="33.0065452" lon="35.2095731"><ele>322.7</ele><time>2024-02-25T05:57:11Z</time></trkpt>
<trkpt lat="33.0065453" lon="35.2095732"><ele>322.7</ele><time>2024-02-25T05:57:12Z</time></trkpt>
<trkpt lat="33.0065453" lon="35.2095736"><ele>322.7</ele><time>2024-02-25T05:57:13Z</time></trkpt>
<trkpt lat="33.0065454" lon="35.2095739"><ele>322.7</ele><time>2024-02-25T05:57:14Z</time></trkpt>
<trkpt lat="33.0065456" lon="35.2095745"><ele>322.7</ele><time>2024-02-25T05:57:15Z</time></trkpt>
<trkpt lat="33.0065457" lon="35.2095753"><ele>322.7</ele><time>2024-02-25T05:57:16Z</time></trkpt>
<trkpt lat="33.0065458" lon="35.2095755"><ele>322.7</ele><time>2024-02-25T05:57:17Z</time></trkpt>
<trkpt lat="33.0065456" lon="35.2095752"><ele>322.7</ele><time>2024-02-25T05:57:18Z</time></trkpt>
<trkpt lat="33.0065456" lon="35.2095756"><ele>322.7</ele><time>2024-02-25T05:57:19Z</time></trkpt>
<trkpt lat="33.0065459" lon="35.2095768"><ele>322.7</ele><time>2024-02-25T05:57:20Z</time></trkpt>
<trkpt lat="33.006546" lon="35.2095775"><ele>322.7</ele><time>2024-02-25T05:57:21Z</time></trkpt>
<trkpt lat="33.0065459" lon="35.2095776"><ele>322.7</ele><time>2024-02-25T05:57:22Z</time></trkpt>
<trkpt lat="33.0065456" lon="35.2095777"><ele>322.7</ele><time>2024-02-25T05:57:23Z</time></trkpt>
<trkpt lat="33.0065455" lon="35.209578"><ele>322.7</ele><time>2024-02-25T05:57:24Z</time></trkpt>
<trkpt lat="33.0065455" lon="35.2095784"><ele>322.7</ele><time>2024-02-25T05:57:25Z</time></trkpt>
<trkpt lat="33.0065456" lon="35.2095789"><ele>322.7</ele><time>2024-02-25T05:57:26Z</time></trkpt>
<trkpt lat="33.0065456" lon="35.2095797"><ele>322.7</ele><time>2024-02-25T05:57:27Z</time></trkpt>
<trkpt lat="33.0065457" lon="35.2095803"><ele>322.7</ele><time>2024-02-25T05:57:28Z</time></trkpt>
<trkpt lat="33.0065455" lon="35.2095804"><ele>322.7</ele><time>2024-02-25T05:57:29Z</time></trkpt>
<trkpt lat="33.0065455" lon="35.2095807"><ele>322.7</ele><time>2024-02-25T05:57:30Z</time></trkpt>
<trkpt lat="33.0065455" lon="35.209581"><ele>322.7</ele><time>2024-02-25T05:57:31Z</time></trkpt>
<trkpt lat="33.0065455" lon="35.2095812"><ele>322.7</ele><time>2024-02-25T05:57:32Z</time></trkpt>
<trkpt lat="33.0065455" lon="35.2095815"><ele>322.7</ele><time>2024-02-25T05:57:33Z</time></trkpt>
<trkpt lat="33.0065455" lon="35.2095819"><ele>322.7</ele><time>2024-02-25T05:57:34Z</time></trkpt>
<trkpt lat="33.0065455" lon="35.2095823"><ele>322.7</ele><time>2024-02-25T05:57:35Z</time></trkpt>
<trkpt lat="33.0065455" lon="35.2095826"><ele>322.7</ele><time>2024-02-25T05:57:36Z</time></trkpt>
<trkpt lat="33.0065455" lon="35.2095832"><ele>322.7</ele><time>2024-02-25T05:57:37Z</time></trkpt>
<trkpt lat="33.0065453" lon="35.2095839"><ele>322.7</ele><time>2024-02-25T05:57:38Z</time></trkpt>
<trkpt lat="33.0065451" lon="35.2095843"><ele>322.7</ele><time>2024-02-25T05:57:39Z</time></trkpt>
<trkpt lat="33.006545" lon="35.2095845"><ele>322.7</ele><time>2024-02-25T05:57:40Z</time></trkpt>
<trkpt lat="33.0065449" lon="35.2095853"><ele>322.7</ele><time>2024-02-25T05:57:41Z</time></trkpt>
<trkpt lat="33.0065448" lon="35.2095873"><ele>322.7</ele><time>2024-02-25T05:57:42Z</time></trkpt>
<trkpt lat="33.0065447" lon="35.20959"><ele>322.7</ele><time>2024-02-25T05:57:43Z</time></trkpt>
<trkpt lat="33.0065447" lon="35.2095926"><ele>322.7</ele><time>2024-02-25T05:57:44Z</time></trkpt>
<trkpt lat="33.0065447" lon="35.2095949"><ele>322.7</ele><time>2024-02-25T05:57:45Z</time></trkpt>
<trkpt lat="33.0065447" lon="35.2095967"><ele>322.7</ele><time>2024-02-25T05:57:46Z</time></trkpt>
<trkpt lat="33.0065447" lon="35.2095981"><ele>322.7</ele><time>2024-02-25T05:57:47Z</time></trkpt>
<trkpt lat="33.0065447" lon="35.2095992"><ele>322.7</ele><time>2024-02-25T05:57:48Z</time></trkpt>
<trkpt lat="33.0065447" lon="35.2096001"><ele>322.7</ele><time>2024-02-25T05:57:49Z</time></trkpt>
<trkpt lat="33.0065447" lon="35.2096007"><ele>322.7</ele><time>2024-02-25T05:57:50Z</time></trkpt>
<trkpt lat="33.0065446" lon="35.2096011"><ele>322.7</ele><time>2024-02-25T05:57:51Z</time></trkpt>
<trkpt lat="33.0065446" lon="35.2096015"><ele>322.7</ele><time>2024-02-25T05:57:52Z</time></trkpt>
<trkpt lat="33.0065446" lon="35.2096017"><ele>322.7</ele><time>2024-02-25T05:57:53Z</time></trkpt>
<trkpt lat="33.0065445" lon="35.2096019"><ele>322.7</ele><time>2024-02-25T05:57:54Z</time></trkpt>
<trkpt lat="33.0065444" lon="35.209602"><ele>322.7</ele><time>2024-02-25T05:57:55Z</time></trkpt>
<trkpt lat="33.0065443" lon="35.2096021"><ele>322.7</ele><time>2024-02-25T05:57:56Z</time></trkpt>
<trkpt lat="33.0065442" lon="35.2096021"><ele>322.7</ele><time>2024-02-25T05:57:57Z</time></trkpt>
<trkpt lat="33.006544" lon="35.2096022"><ele>322.7</ele><time>2024-02-25T05:57:58Z</time></trkpt>
<trkpt lat="33.0065437" lon="35.2096022"><ele>322.7</ele><time>2024-02-25T05:57:59Z</time></trkpt>
<trkpt lat="33.0065434" lon="35.2096022"><ele>322.7</ele><time>2024-02-25T05:58:00Z</time></trkpt>
<trkpt lat="33.006543" lon="35.2096023"><ele>322.7</ele><time>2024-02-25T05:58:01Z</time></trkpt>
<trkpt lat="33.0065424" lon="35.2096023"><ele>322.7</ele><time>2024-02-25T05:58:02Z</time></trkpt>
<trkpt lat="33.0065417" lon="35.2096022"><ele>322.7</ele><time>2024-02-25T05:58:03Z</time></trkpt>
<trkpt lat="33.0065409" lon="35.2096021"><ele>322.7</ele><time>2024-02-25T05:58:04Z</time></trkpt>
<trkpt lat="33.0065399" lon="35.2096019"><ele>322.7</ele><time>2024-02-25T05:58:05Z</time></trkpt>
<trkpt lat="33.0065389" lon="35.2096013"><ele>322.7</ele><time>2024-02-25T05:58:06Z</time></trkpt>
<trkpt lat="33.0065382" lon="35.2096003"><ele>322.7</ele><time>2024-02-25T05:58:07Z</time></trkpt>
<trkpt lat="33.0065377" lon="35.2095992"><ele>322.7</ele><time>2024-02-25T05:58:08Z</time></trkpt>
<trkpt lat="33.0065373" lon="35.2095979"><ele>322.7</ele><time>2024-02-25T05:58:09Z</time></trkpt>
<trkpt lat="33.0065372" lon="35.2095964"><ele>322.7</ele><time>2024-02-25T05:58:10Z</time></trkpt>
<trkpt lat="33.0065372" lon="35.2095946"><ele>322.7</ele><time>2024-02-25T05:58:11Z</time></trkpt>
<trkpt lat="33.0065374" lon="35.2095925"><ele>322.7</ele><time>2024-02-25T05:58:12Z</time></trkpt>
<trkpt lat="33.0065377" lon="35.2095903"><ele>322.7</ele><time>2024-02-25T05:58:13Z</time></trkpt>
<trkpt lat="33.0065381" lon="35.2095883"><ele>322.7</ele><time>2024-02-25T05:58:14Z</time></trkpt>
<trkpt lat="33.0065383" lon="35.2095867"><ele>322.7</ele><time>2024-02-25T05:58:15Z</time></trkpt>
<trkpt lat="33.0065385" lon="35.2095854"><ele>322.7</ele><time>2024-02-25T05:58:16Z</time></trkpt>
<trkpt lat="33.0065386" lon="35.2095845"><ele>322.7</ele><time>2024-02-25T05:58:17Z</time></trkpt>
<trkpt lat="33.0065387" lon="35.2095839"><ele>322.7</ele><time>2024-02-25T05:58:18Z</time></trkpt>
<trkpt lat="33.0065388" lon="35.2095834"><ele>322.7</ele><time>2024-02-25T05:58:19Z</time></trkpt>
<trkpt lat="33.0065388" lon="35.209583"><ele>322.7</ele><time>2024-02-25T05:58:20Z</time></trkpt>
<trkpt lat="33.0065389" lon="35.2095828"><ele>322.7</ele><time>2024-02-25T05:58:21Z</time></trkpt>
<trkpt lat="33.0065389" lon="35.2095827"><ele>322.7</ele><time>2024-02-25T05:58:22Z</time></trkpt>
<trkpt lat="33.0065388" lon="35.2095826"><ele>322.7</ele><time>2024-02-25T05:58:23Z</time></trkpt>
<trkpt lat="33.0065388" lon="35.2095826"><ele>322.7</ele><time>2024-02-25T05:58:24Z</time></trkpt>
<trkpt lat="33.0065387" lon="35.2095827"><ele>322.7</ele><time>2024-02-25T05:58:25Z</time></trkpt>
<trkpt lat="33.0065386" lon="35.2095828"><ele>322.7</ele><time>2024-02-25T05:58:26Z</time></trkpt>
<trkpt lat="33.0065385" lon="35.2095831"><ele>322.8</ele><time>2024-02-25T05:58:27Z</time></trkpt>
<trkpt lat="33.0065383" lon="35.2095835"><ele>322.8</ele><time>2024-02-25T05:58:28Z</time></trkpt>
<trkpt lat="33.006538" lon="35.209584"><ele>322.8</ele><time>2024-02-25T05:58:29Z</time></trkpt>
<trkpt lat="33.0065378" lon="35.2095847"><ele>322.8</ele><time>2024-02-25T05:58:30Z</time></trkpt>
<trkpt lat="33.0065375" lon="35.2095855"><ele>322.8</ele><time>2024-02-25T05:58:31Z</time></trkpt>
<trkpt lat="33.0065375" lon="35.2095864"><ele>322.8</ele><time>2024-02-25T05:58:32Z</time></trkpt>
<trkpt lat="33.0065377" lon="35.2095872"><ele>322.8</ele><time>2024-02-25T05:58:33Z</time></trkpt>
<trkpt lat="33.0065379" lon="35.2095876"><ele>322.8</ele><time>2024-02-25T05:58:34Z</time></trkpt>
<trkpt lat="33.006538" lon="35.2095876"><ele>322.8</ele><time>2024-02-25T05:58:35Z</time></trkpt>
<trkpt lat="33.0065376" lon="35.2095874"><ele>322.8</ele><time>2024-02-25T05:58:36Z</time></trkpt>
<trkpt lat="33.0065366" lon="35.209587"><ele>322.7</ele><time>2024-02-25T05:58:37Z</time></trkpt>
<trkpt lat="33.0065358" lon="35.2095861"><ele>322.7</ele><time>2024-02-25T05:58:38Z</time></trkpt>
<trkpt lat="33.0065356" lon="35.209584"><ele>322.7</ele><time>2024-02-25T05:58:39Z</time></trkpt>
<trkpt lat="33.0065363" lon="35.2095802"><ele>322.6</ele><time>2024-02-25T05:58:40Z</time></trkpt>
<trkpt lat="33.0065384" lon="35.209574"><ele>322.6</ele><time>2024-02-25T05:58:41Z</time></trkpt>
<trkpt lat="33.0065431" lon="35.2095646"><ele>322.5</ele><time>2024-02-25T05:58:42Z</time></trkpt>
<trkpt lat="33.0065504" lon="35.2095514"><ele>322.4</ele><time>2024-02-25T05:58:43Z</time></trkpt>
<trkpt lat="33.0065577" lon="35.2095336"><ele>322.3</ele><time>2024-02-25T05:58:44Z</time></trkpt>
<trkpt lat="33.0065621" lon="35.2095104"><ele>322.2</ele><time>2024-02-25T05:58:45Z</time></trkpt>
<trkpt lat="33.0065626" lon="35.2094809"><ele>322.0</ele><time>2024-02-25T05:58:46Z</time></trkpt>
<trkpt lat="33.0065586" lon="35.2094445"><ele>321.9</ele><time>2024-02-25T05:58:47Z</time></trkpt>
<trkpt lat="33.0065508" lon="35.2094017"><ele>321.7</ele><time>2024-02-25T05:58:48Z</time></trkpt>
<trkpt lat="33.0065421" lon="35.2093525"><ele>321.5</ele><time>2024-02-25T05:58:49Z</time></trkpt>
<trkpt lat="33.0065356" lon="35.2092986"><ele>321.3</ele><time>2024-02-25T05:58:50Z</time></trkpt>
<trkpt lat="33.0065312" lon="35.209242"><ele>321.0</ele><time>2024-02-25T05:58:51Z</time></trkpt>
<trkpt lat="33.0065272" lon="35.2091827"><ele>320.8</ele><time>2024-02-25T05:58:52Z</time></trkpt>
<trkpt lat="33.0065231" lon="35.2091208"><ele>320.5</ele><time>2024-02-25T05:58:53Z</time></trkpt>
<trkpt lat="33.0065177" lon="35.2090575"><ele>320.2</ele><time>2024-02-25T05:58:54Z</time></trkpt>
<trkpt lat="33.00651" lon="35.2089933"><ele>319.9</ele><time>2024-02-25T05:58:55Z</time></trkpt>
<trkpt lat="33.0065014" lon="35.2089291"><ele>319.6</ele><time>2024-02-25T05:58:56Z</time></trkpt>
<trkpt lat="33.006496" lon="35.2088643"><ele>319.2</ele><time>2024-02-25T05:58:57Z</time></trkpt>
<trkpt lat="33.0064946" lon="35.2087962"><ele>318.8</ele><time>2024-02-25T05:58:58Z</time></trkpt>
<trkpt lat="33.0064942" lon="35.2087252"><ele>318.5</ele><time>2024-02-25T05:58:59Z</time></trkpt>
<trkpt lat="33.0064915" lon="35.2086516"><ele>318.1</ele><time>2024-02-25T05:59:00Z</time></trkpt>
<trkpt lat="33.0064854" lon="35.2085763"><ele>317.7</ele><time>2024-02-25T05:59:01Z</time></trkpt>
<trkpt lat="33.0064774" lon="35.2085004"><ele>317.2</ele><time>2024-02-25T05:59:02Z</time></trkpt>
<trkpt lat="33.0064692" lon="35.2084236"><ele>316.8</ele><time>2024-02-25T05:59:03Z</time></trkpt>
<trkpt lat="33.0064625" lon="35.2083445"><ele>316.3</ele><time>2024-02-25T05:59:04Z</time></trkpt>
<trkpt lat="33.0064587" lon="35.208261"><ele>315.8</ele><time>2024-02-25T05:59:05Z</time></trkpt>
<trkpt lat="33.0064577" lon="35.2081711"><ele>315.4</ele><time>2024-02-25T05:59:06Z</time></trkpt>
<trkpt lat="33.0064572" lon="35.2080754"><ele>314.9</ele><time>2024-02-25T05:59:07Z</time></trkpt>
<trkpt lat="33.0064542" lon="35.2079761"><ele>314.3</ele><time>2024-02-25T05:59:08Z</time></trkpt>
<trkpt lat="33.006448" lon="35.2078748"><ele>313.8</ele><time>2024-02-25T05:59:09Z</time></trkpt>
<trkpt lat="33.0064386" lon="35.2077732"><ele>313.3</ele><time>2024-02-25T05:59:10Z</time></trkpt>
<trkpt lat="33.0064265" lon="35.2076719"><ele>312.8</ele><time>2024-02-25T05:59:11Z</time></trkpt>
<trkpt lat="33.0064133" lon="35.2075709"><ele>312.2</ele><time>2024-02-25T05:59:12Z</time></trkpt>
<trkpt lat="33.0064001" lon="35.2074692"><ele>311.6</ele><time>2024-02-25T05:59:13Z</time></trkpt>
<trkpt lat="33.0063868" lon="35.207366"><ele>311.1</ele><time>2024-02-25T05:59:14Z</time></trkpt>
<trkpt lat="33.0063734" lon="35.2072615"><ele>310.5</ele><time>2024-02-25T05:59:15Z</time></trkpt>
<trkpt lat="33.0063608" lon="35.2071558"><ele>309.9</ele><time>2024-02-25T05:59:16Z</time></trkpt>
<trkpt lat="33.0063486" lon="35.2070492"><ele>309.3</ele><time>2024-02-25T05:59:17Z</time></trkpt>
<trkpt lat="33.0063362" lon="35.2069417"><ele>308.7</ele><time>2024-02-25T05:59:18Z</time></trkpt>
<trkpt lat="33.0063235" lon="35.2068327"><ele>308.1</ele><time>2024-02-25T05:59:19Z</time></trkpt>
<trkpt lat="33.0063103" lon="35.2067222"><ele>307.5</ele><time>2024-02-25T05:59:20Z</time></trkpt>
<trkpt lat="33.0062972" lon="35.2066108"><ele>306.9</ele><time>2024-02-25T05:59:21Z</time></trkpt>
<trkpt lat="33.0062842" lon="35.2064987"><ele>306.3</ele><time>2024-02-25T05:59:22Z</time></trkpt>
<trkpt lat="33.0062718" lon="35.2063861"><ele>305.7</ele><time>2024-02-25T05:59:23Z</time></trkpt>
<trkpt lat="33.0062604" lon="35.2062733"><ele>305.1</ele><time>2024-02-25T05:59:24Z</time></trkpt>
<trkpt lat="33.0062506" lon="35.2061608"><ele>304.5</ele><time>2024-02-25T05:59:25Z</time></trkpt>
<trkpt lat="33.0062435" lon="35.2060488"><ele>303.9</ele><time>2024-02-25T05:59:26Z</time></trkpt>
<trkpt lat="33.0062399" lon="35.2059378"><ele>303.4</ele><time>2024-02-25T05:59:27Z</time></trkpt>
<trkpt lat="33.0062403" lon="35.2058282"><ele>302.8</ele><time>2024-02-25T05:59:28Z</time></trkpt>
<trkpt lat="33.0062443" lon="35.2057204"><ele>302.3</ele><time>2024-02-25T05:59:29Z</time></trkpt>
<trkpt lat="33.0062505" lon="35.2056145"><ele>301.8</ele><time>2024-02-25T05:59:30Z</time></trkpt>
<trkpt lat="33.0062572" lon="35.2055104"><ele>301.3</ele><time>2024-02-25T05:59:31Z</time></trkpt>
<trkpt lat="33.0062637" lon="35.2054077"><ele>300.8</ele><time>2024-02-25T05:59:32Z</time></trkpt>
<trkpt lat="33.0062694" lon="35.205306"><ele>300.4</ele><time>2024-02-25T05:59:33Z</time></trkpt>
<trkpt lat="33.0062743" lon="35.2052051"><ele>299.9</ele><time>2024-02-25T05:59:34Z</time></trkpt>
<trkpt lat="33.0062791" lon="35.2051047"><ele>299.5</ele><time>2024-02-25T05:59:35Z</time></trkpt>
<trkpt lat="33.0062841" lon="35.2050046"><ele>299.1</ele><time>2024-02-25T05:59:36Z</time></trkpt>
<trkpt lat="33.0062901" lon="35.2049046"><ele>298.7</ele><time>2024-02-25T05:59:37Z</time></trkpt>
<trkpt lat="33.0062973" lon="35.2048047"><ele>298.3</ele><time>2024-02-25T05:59:38Z</time></trkpt>
<trkpt lat="33.0063055" lon="35.2047051"><ele>297.8</ele><time>2024-02-25T05:59:39Z</time></trkpt>
<trkpt lat="33.0063144" lon="35.2046062"><ele>297.4</ele><time>2024-02-25T05:59:40Z</time></trkpt>
<trkpt lat="33.0063235" lon="35.2045078"><ele>296.9</ele><time>2024-02-25T05:59:41Z</time></trkpt>
<trkpt lat="33.0063325" lon="35.20441"><ele>296.4</ele><time>2024-02-25T05:59:42Z</time></trkpt>
<trkpt lat="33.0063417" lon="35.2043123"><ele>295.9</ele><time>2024-02-25T05:59:43Z</time></trkpt>
<trkpt lat="33.0063516" lon="35.2042145"><ele>295.4</ele><time>2024-02-25T05:59:44Z</time></trkpt>
<trkpt lat="33.0063625" lon="35.2041164"><ele>294.8</ele><time>2024-02-25T05:59:45Z</time></trkpt>
<trkpt lat="33.0063744" lon="35.204018"><ele>294.3</ele><time>2024-02-25T05:59:46Z</time></trkpt>
<trkpt lat="33.0063873" lon="35.2039195"><ele>293.7</ele><time>2024-02-25T05:59:47Z</time></trkpt>
<trkpt lat="33.006401" lon="35.2038211"><ele>293.2</ele><time>2024-02-25T05:59:48Z</time></trkpt>
<trkpt lat="33.0064154" lon="35.2037229"><ele>292.6</ele><time>2024-02-25T05:59:49Z</time></trkpt>
<trkpt lat="33.0064305" lon="35.203625"><ele>292.1</ele><time>2024-02-25T05:59:50Z</time></trkpt>
<trkpt lat="33.0064462" lon="35.2035277"><ele>291.5</ele><time>2024-02-25T05:59:51Z</time></trkpt>
<trkpt lat="33.0064623" lon="35.2034308"><ele>290.9</ele><time>2024-02-25T05:59:52Z</time></trkpt>
<trkpt lat="33.0064786" lon="35.203334"><ele>290.4</ele><time>2024-02-25T05:59:53Z</time></trkpt>
<trkpt lat="33.0064954" lon="35.2032372"><ele>289.8</ele><time>2024-02-25T05:59:54Z</time></trkpt>
<trkpt lat="33.0065128" lon="35.2031406"><ele>289.2</ele><time>2024-02-25T05:59:55Z</time></trkpt>
<trkpt lat="33.0065312" lon="35.2030444"><ele>288.7</ele><time>2024-02-25T05:59:56Z</time></trkpt>
<trkpt lat="33.0065508" lon="35.2029487"><ele>288.1</ele><time>2024-02-25T05:59:57Z</time></trkpt>
<trkpt lat="33.0065721" lon="35.2028535"><ele>287.6</ele><time>2024-02-25T05:59:58Z</time></trkpt>
<trkpt lat="33.0065957" lon="35.2027591"><ele>287.1</ele><time>2024-02-25T05:59:59Z</time></trkpt>
<trkpt lat="33.0066221" lon="35.2026658"><ele>286.6</ele><time>2024-02-25T06:00:00Z</time></trkpt>
<trkpt lat="33.0066521" lon="35.2025742"><ele>286.1</ele><time>2024-02-25T06:00:01Z</time></trkpt>
<trkpt lat="33.0066859" lon="35.2024847"><ele>285.6</ele><time>2024-02-25T06:00:02Z</time></trkpt>
<trkpt lat="33.0067238" lon="35.2023978"><ele>285.2</ele><time>2024-02-25T06:00:03Z</time></trkpt>
<trkpt lat="33.0067662" lon="35.2023133"><ele>284.8</ele><time>2024-02-25T06:00:04Z</time></trkpt>
<trkpt lat="33.0068134" lon="35.2022308"><ele>284.4</ele><time>2024-02-25T06:00:05Z</time></trkpt>
<trkpt lat="33.006865" lon="35.2021501"><ele>284.1</ele><time>2024-02-25T06:00:06Z</time></trkpt>
<trkpt lat="33.0069202" lon="35.202071"><ele>283.8</ele><time>2024-02-25T06:00:07Z</time></trkpt>
<trkpt lat="33.006978" lon="35.2019937"><ele>283.5</ele><time>2024-02-25T06:00:08Z</time></trkpt>
<trkpt lat="33.0070372" lon="35.2019186"><ele>283.2</ele><time>2024-02-25T06:00:09Z</time></trkpt>
<trkpt lat="33.0070968" lon="35.2018458"><ele>283.0</ele><time>2024-02-25T06:00:10Z</time></trkpt>
<trkpt lat="33.007156" lon="35.2017757"><ele>282.7</ele><time>2024-02-25T06:00:11Z</time></trkpt>
<trkpt lat="33.0072145" lon="35.2017083"><ele>282.5</ele><time>2024-02-25T06:00:12Z</time></trkpt>
<trkpt lat="33.0072721" lon="35.2016439"><ele>282.3</ele><time>2024-02-25T06:00:13Z</time></trkpt>
<trkpt lat="33.0073286" lon="35.2015823"><ele>282.2</ele><time>2024-02-25T06:00:14Z</time></trkpt>
<trkpt lat="33.0073837" lon="35.2015228"><ele>282.0</ele><time>2024-02-25T06:00:15Z</time></trkpt>
<trkpt lat="33.0074372" lon="35.2014648"><ele>281.9</ele><time>2024-02-25T06:00:16Z</time></trkpt>
<trkpt lat="33.0074892" lon="35.2014078"><ele>281.7</ele><time>2024-02-25T06:00:17Z</time></trkpt>
<trkpt lat="33.00754" lon="35.201352"><ele>281.6</ele><time>2024-02-25T06:00:18Z</time></trkpt>
<trkpt lat="33.0075896" lon="35.2012978"><ele>281.5</ele><time>2024-02-25T06:00:19Z</time></trkpt>
<trkpt lat="33.0076383" lon="35.2012455"><ele>281.4</ele><time>2024-02-25T06:00:20Z</time></trkpt>
<trkpt lat="33.0076863" lon="35.2011952"><ele>281.3</ele><time>2024-02-25T06:00:21Z</time></trkpt>
<trkpt lat="33.0077337" lon="35.2011466"><ele>281.2</ele><time>2024-02-25T06:00:22Z</time></trkpt>
<trkpt lat="33.0077809" lon="35.2010995"><ele>281.1</ele><time>2024-02-25T06:00:23Z</time></trkpt>
<trkpt lat="33.0078279" lon="35.2010538"><ele>281.0</ele><time>2024-02-25T06:00:24Z</time></trkpt>
<trkpt lat="33.0078748" lon="35.201009"><ele>280.9</ele><time>2024-02-25T06:00:25Z</time></trkpt>
<trkpt lat="33.0079215" lon="35.2009647"><ele>280.9</ele><time>2024-02-25T06:00:26Z</time></trkpt>
<trkpt lat="33.0079681" lon="35.2009204"><ele>280.8</ele><time>2024-02-25T06:00:27Z</time></trkpt>
<trkpt lat="33.0080142" lon="35.2008755"><ele>280.7</ele><time>2024-02-25T06:00:28Z</time></trkpt>
<trkpt lat="33.00806" lon="35.2008297"><ele>280.6</ele><time>2024-02-25T06:00:29Z</time></trkpt>
<trkpt lat="33.0081054" lon="35.200783"><ele>280.5</ele><time>2024-02-25T06:00:30Z</time></trkpt>
<trkpt lat="33.008151" lon="35.2007352"><ele>280.5</ele><time>2024-02-25T06:00:31Z</time></trkpt>
<trkpt lat="33.0081969" lon="35.2006867"><ele>280.4</ele><time>2024-02-25T06:00:32Z</time></trkpt>
<trkpt lat="33.0082434" lon="35.2006376"><ele>280.3</ele><time>2024-02-25T06:00:33Z</time></trkpt>
<trkpt lat="33.0082906" lon="35.2005879"><ele>280.3</ele><time>2024-02-25T06:00:34Z</time></trkpt>
<trkpt lat="33.0083383" lon="35.2005377"><ele>280.2</ele><time>2024-02-25T06:00:35Z</time></trkpt>
<trkpt lat="33.0083863" lon="35.2004871"><ele>280.1</ele><time>2024-02-25T06:00:36Z</time></trkpt>
<trkpt lat="33.0084344" lon="35.2004363"><ele>280.1</ele><time>2024-02-25T06:00:37Z</time></trkpt>
<trkpt lat="33.0084824" lon="35.2003853"><ele>280.0</ele><time>2024-02-25T06:00:38Z</time></trkpt>
<trkpt lat="33.0085306" lon="35.2003339"><ele>279.9</ele><time>2024-02-25T06:00:39Z</time></trkpt>
<trkpt lat="33.008579" lon="35.2002826"><ele>279.8</ele><time>2024-02-25T06:00:40Z</time></trkpt>
<trkpt lat="33.0086278" lon="35.2002313"><ele>279.7</ele><time>2024-02-25T06:00:41Z</time></trkpt>
<trkpt lat="33.0086767" lon="35.2001802"><ele>279.6</ele><time>2024-02-25T06:00:42Z</time></trkpt>
<trkpt lat="33.008726" lon="35.2001294"><ele>279.5</ele><time>2024-02-25T06:00:43Z</time></trkpt>
<trkpt lat="33.0087754" lon="35.2000786"><ele>279.4</ele><time>2024-02-25T06:00:44Z</time></trkpt>
<trkpt lat="33.0088247" lon="35.2000277"><ele>279.3</ele><time>2024-02-25T06:00:45Z</time></trkpt>
<trkpt lat="33.0088739" lon="35.199976"><ele>279.1</ele><time>2024-02-25T06:00:46Z</time></trkpt>
<trkpt lat="33.0089231" lon="35.1999232"><ele>278.9</ele><time>2024-02-25T06:00:47Z</time></trkpt>
<trkpt lat="33.008972" lon="35.199869"><ele>278.7</ele><time>2024-02-25T06:00:48Z</time></trkpt>
<trkpt lat="33.0090204" lon="35.199813"><ele>278.5</ele><time>2024-02-25T06:00:49Z</time></trkpt>
<trkpt lat="33.0090679" lon="35.199755"><ele>278.2</ele><time>2024-02-25T06:00:50Z</time></trkpt>
<trkpt lat="33.0091139" lon="35.1996948"><ele>277.9</ele><time>2024-02-25T06:00:51Z</time></trkpt>
<trkpt lat="33.0091582" lon="35.1996324"><ele>277.6</ele><time>2024-02-25T06:00:52Z</time></trkpt>
<trkpt lat="33.0092007" lon="35.199568"><ele>277.3</ele><time>2024-02-25T06:00:53Z</time></trkpt>
<trkpt lat="33.0092412" lon="35.1995013"><ele>277.0</ele><time>2024-02-25T06:00:54Z</time></trkpt>
<trkpt lat="33.0092791" lon="35.1994311"><ele>276.6</ele><time>2024-02-25T06:00:55Z</time></trkpt>
<trkpt lat="33.0093142" lon="35.199356"><ele>276.2</ele><time>2024-02-25T06:00:56Z</time></trkpt>
<trkpt lat="33.009347" lon="35.1992749"><ele>275.8</ele><time>2024-02-25T06:00:57Z</time></trkpt>
<trkpt lat="33.0093776" lon="35.1991873"><ele>275.4</ele><time>2024-02-25T06:00:58Z</time></trkpt>
<trkpt lat="33.0094064" lon="35.1990935"><ele>275.0</ele><time>2024-02-25T06:00:59Z</time></trkpt>
<trkpt lat="33.0094335" lon="35.1989945"><ele>274.6</ele><time>2024-02-25T06:01:00Z</time></trkpt>
<trkpt lat="33.0094595" lon="35.1988914"><ele>274.1</ele><time>2024-02-25T06:01:01Z</time></trkpt>
<trkpt lat="33.0094843" lon="35.1987855"><ele>273.6</ele><time>2024-02-25T06:01:02Z</time></trkpt>
<trkpt lat="33.0095081" lon="35.1986772"><ele>273.0</ele><time>2024-02-25T06:01:03Z</time></trkpt>
<trkpt lat="33.0095308" lon="35.1985667"><ele>272.5</ele><time>2024-02-25T06:01:04Z</time></trkpt>
<trkpt lat="33.0095522" lon="35.1984544"><ele>271.9</ele><time>2024-02-25T06:01:05Z</time></trkpt>
<trkpt lat="33.0095718" lon="35.1983404"><ele>271.3</ele><time>2024-02-25T06:01:06Z</time></trkpt>
<trkpt lat="33.0095894" lon="35.1982244"><ele>270.6</ele><time>2024-02-25T06:01:07Z</time></trkpt>
<trkpt lat="33.0096052" lon="35.1981058"><ele>269.9</ele><time>2024-02-25T06:01:08Z</time></trkpt>
<trkpt lat="33.0096194" lon="35.1979842"><ele>269.2</ele><time>2024-02-25T06:01:09Z</time></trkpt>
<trkpt lat="33.0096323" lon="35.1978598"><ele>268.5</ele><time>2024-02-25T06:01:10Z</time></trkpt>
<trkpt lat="33.0096443" lon="35.197733"><ele>267.7</ele><time>2024-02-25T06:01:11Z</time></trkpt>
<trkpt lat="33.0096554" lon="35.1976049"><ele>266.9</ele><time>2024-02-25T06:01:12Z</time></trkpt>
<trkpt lat="33.009665" lon="35.1974762"><ele>266.1</ele><time>2024-02-25T06:01:13Z</time></trkpt>
<trkpt lat="33.0096721" lon="35.1973478"><ele>265.4</ele><time>2024-02-25T06:01:14Z</time></trkpt>
<trkpt lat="33.0096754" lon="35.1972207"><ele>264.6</ele><time>2024-02-25T06:01:15Z</time></trkpt>
<trkpt lat="33.009674" lon="35.1970958"><ele>263.9</ele><time>2024-02-25T06:01:16Z</time></trkpt>
<trkpt lat="33.0096672" lon="35.1969736"><ele>263.2</ele><time>2024-02-25T06:01:17Z</time></trkpt>
<trkpt lat="33.0096549" lon="35.1968537"><ele>262.4</ele><time>2024-02-25T06:01:18Z</time></trkpt>
<trkpt lat="33.0096371" lon="35.1967357"><ele>261.7</ele><time>2024-02-25T06:01:19Z</time></trkpt>
<trkpt lat="33.0096139" lon="35.1966184"><ele>261.0</ele><time>2024-02-25T06:01:20Z</time></trkpt>
<trkpt lat="33.0095855" lon="35.1965006"><ele>260.3</ele><time>2024-02-25T06:01:21Z</time></trkpt>
<trkpt lat="33.0095528" lon="35.1963811"><ele>259.6</ele><time>2024-02-25T06:01:22Z</time></trkpt>
<trkpt lat="33.0095167" lon="35.1962594"><ele>258.9</ele><time>2024-02-25T06:01:23Z</time></trkpt>
<trkpt lat="33.0094779" lon="35.1961353"><ele>258.1</ele><time>2024-02-25T06:01:24Z</time></trkpt>
<trkpt lat="33.0094369" lon="35.196009"><ele>257.4</ele><time>2024-02-25T06:01:25Z</time></trkpt>
<trkpt lat="33.0093942" lon="35.1958809"><ele>256.7</ele><time>2024-02-25T06:01:26Z</time></trkpt>
<trkpt lat="33.0093505" lon="35.1957515"><ele>255.9</ele><time>2024-02-25T06:01:27Z</time></trkpt>
<trkpt lat="33.0093064" lon="35.1956219"><ele>255.2</ele><time>2024-02-25T06:01:28Z</time></trkpt>
<trkpt lat="33.0092618" lon="35.1954931"><ele>254.4</ele><time>2024-02-25T06:01:29Z</time></trkpt>
<trkpt lat="33.0092167" lon="35.195366"><ele>253.6</ele><time>2024-02-25T06:01:30Z</time></trkpt>
<trkpt lat="33.0091704" lon="35.195241"><ele>252.9</ele><time>2024-02-25T06:01:31Z</time></trkpt>
<trkpt lat="33.009122" lon="35.1951183"><ele>252.1</ele><time>2024-02-25T06:01:32Z</time></trkpt>
<trkpt lat="33.0090705" lon="35.1949974"><ele>251.3</ele><time>2024-02-25T06:01:33Z</time></trkpt>
<trkpt lat="33.0090157" lon="35.1948776"><ele>250.5</ele><time>2024-02-25T06:01:34Z</time></trkpt>
<trkpt lat="33.0089578" lon="35.1947581"><ele>249.7</ele><time>2024-02-25T06:01:35Z</time></trkpt>
<trkpt lat="33.0088979" lon="35.194638"><ele>248.9</ele><time>2024-02-25T06:01:36Z</time></trkpt>
<trkpt lat="33.0088376" lon="35.1945163"><ele>248.1</ele><time>2024-02-25T06:01:37Z</time></trkpt>
<trkpt lat="33.0087786" lon="35.1943923"><ele>247.3</ele><time>2024-02-25T06:01:38Z</time></trkpt>
<trkpt lat="33.0087228" lon="35.1942655"><ele>246.5</ele><time>2024-02-25T06:01:39Z</time></trkpt>
<trkpt lat="33.0086722" lon="35.1941364"><ele>245.7</ele><time>2024-02-25T06:01:40Z</time></trkpt>
<trkpt lat="33.0086287" lon="35.1940061"><ele>245.0</ele><time>2024-02-25T06:01:41Z</time></trkpt>
<trkpt lat="33.0085926" lon="35.1938763"><ele>244.3</ele><time>2024-02-25T06:01:42Z</time></trkpt>
<trkpt lat="33.0085634" lon="35.193748"><ele>243.5</ele><time>2024-02-25T06:01:43Z</time></trkpt>
<trkpt lat="33.0085395" lon="35.1936209"><ele>242.8</ele><time>2024-02-25T06:01:44Z</time></trkpt>
<trkpt lat="33.008519" lon="35.193494"><ele>242.1</ele><time>2024-02-25T06:01:45Z</time></trkpt>
<trkpt lat="33.0085" lon="35.193366"><ele>241.4</ele><time>2024-02-25T06:01:46Z</time></trkpt>
<trkpt lat="33.0084816" lon="35.1932368"><ele>240.8</ele><time>2024-02-25T06:01:47Z</time></trkpt>
<trkpt lat="33.0084635" lon="35.1931066"><ele>240.1</ele><time>2024-02-25T06:01:48Z</time></trkpt>
<trkpt lat="33.0084462" lon="35.1929763"><ele>239.4</ele><time>2024-02-25T06:01:49Z</time></trkpt>
<trkpt lat="33.0084305" lon="35.1928465"><ele>238.8</ele><time>2024-02-25T06:01:50Z</time></trkpt>
<trkpt lat="33.0084176" lon="35.1927175"><ele>238.2</ele><time>2024-02-25T06:01:51Z</time></trkpt>
<trkpt lat="33.0084083" lon="35.1925896"><ele>237.6</ele><time>2024-02-25T06:01:52Z</time></trkpt>
<trkpt lat="33.0084034" lon="35.1924622"><ele>237.0</ele><time>2024-02-25T06:01:53Z</time></trkpt>
<trkpt lat="33.0084036" lon="35.1923353"><ele>236.4</ele><time>2024-02-25T06:01:54Z</time></trkpt>
<trkpt lat="33.008409" lon="35.1922095"><ele>235.9</ele><time>2024-02-25T06:01:55Z</time></trkpt>
<trkpt lat="33.0084191" lon="35.1920857"><ele>235.4</ele><time>2024-02-25T06:01:56Z</time></trkpt>
<trkpt lat="33.0084326" lon="35.1919651"><ele>234.9</ele><time>2024-02-25T06:01:57Z</time></trkpt>
<trkpt lat="33.0084483" lon="35.191849"><ele>234.5</ele><time>2024-02-25T06:01:58Z</time></trkpt>
<trkpt lat="33.0084652" lon="35.1917387"><ele>234.0</ele><time>2024-02-25T06:01:59Z</time></trkpt>
<trkpt lat="33.0084829" lon="35.1916357"><ele>233.6</ele><time>2024-02-25T06:02:00Z</time></trkpt>
<trkpt lat="33.0085011" lon="35.1915419"><ele>233.3</ele><time>2024-02-25T06:02:01Z</time></trkpt>
<trkpt lat="33.0085191" lon="35.1914591"><ele>232.9</ele><time>2024-02-25T06:02:02Z</time></trkpt>
<trkpt lat="33.0085356" lon="35.1913881"><ele>232.6</ele><time>2024-02-25T06:02:03Z</time></trkpt>
<trkpt lat="33.0085502" lon="35.1913295"><ele>232.3</ele><time>2024-02-25T06:02:04Z</time></trkpt>
<trkpt lat="33.0085633" lon="35.1912835"><ele>232.0</ele><time>2024-02-25T06:02:05Z</time></trkpt>
<trkpt lat="33.0085769" lon="35.1912504"><ele>231.8</ele><time>2024-02-25T06:02:06Z</time></trkpt>
<trkpt lat="33.008593" lon="35.1912309"><ele>231.6</ele><time>2024-02-25T06:02:07Z</time></trkpt>
<trkpt lat="33.0086112" lon="35.1912254"><ele>231.3</ele><time>2024-02-25T06:02:08Z</time></trkpt>
<trkpt lat="33.0086293" lon="35.1912335"><ele>231.1</ele><time>2024-02-25T06:02:09Z</time></trkpt>
<trkpt lat="33.0086455" lon="35.1912533"><ele>230.9</ele><time>2024-02-25T06:02:10Z</time></trkpt>
<trkpt lat="33.0086595" lon="35.1912812"><ele>230.7</ele><time>2024-02-25T06:02:11Z</time></trkpt>
<trkpt lat="33.0086716" lon="35.1913132"><ele>230.6</ele><time>2024-02-25T06:02:12Z</time></trkpt>
<trkpt lat="33.0086824" lon="35.1913462"><ele>230.4</ele><time>2024-02-25T06:02:13Z</time></trkpt>
<trkpt lat="33.0086926" lon="35.1913781"><ele>230.2</ele><time>2024-02-25T06:02:14Z</time></trkpt>
<trkpt lat="33.0087028" lon="35.1914081"><ele>230.1</ele><time>2024-02-25T06:02:15Z</time></trkpt>
<trkpt lat="33.0087137" lon="35.1914362"><ele>229.9</ele><time>2024-02-25T06:02:16Z</time></trkpt>
<trkpt lat="33.008726" lon="35.1914633"><ele>229.7</ele><time>2024-02-25T06:02:17Z</time></trkpt>
<trkpt lat="33.0087404" lon="35.1914907"><ele>229.6</ele><time>2024-02-25T06:02:18Z</time></trkpt>
<trkpt lat="33.0087569" lon="35.1915191"><ele>229.5</ele><time>2024-02-25T06:02:19Z</time></trkpt>
<trkpt lat="33.0087753" lon="35.1915485"><ele>229.3</ele><time>2024-02-25T06:02:20Z</time></trkpt>
<trkpt lat="33.0087951" lon="35.1915784"><ele>229.2</ele><time>2024-02-25T06:02:21Z</time></trkpt>
<trkpt lat="33.008816" lon="35.1916085"><ele>229.0</ele><time>2024-02-25T06:02:22Z</time></trkpt>
<trkpt lat="33.0088377" lon="35.1916385"><ele>228.9</ele><time>2024-02-25T06:02:23Z</time></trkpt>
<trkpt lat="33.0088599" lon="35.1916686"><ele>228.8</ele><time>2024-02-25T06:02:24Z</time></trkpt>
<trkpt lat="33.0088821" lon="35.1916992"><ele>228.6</ele><time>2024-02-25T06:02:25Z</time></trkpt>
<trkpt lat="33.0089043" lon="35.1917306"><ele>228.5</ele><time>2024-02-25T06:02:26Z</time></trkpt>
<trkpt lat="33.0089267" lon="35.1917632"><ele>228.4</ele><time>2024-02-25T06:02:27Z</time></trkpt>
<trkpt lat="33.0089496" lon="35.1917972"><ele>228.3</ele><time>2024-02-25T06:02:28Z</time></trkpt>
<trkpt lat="33.008973" lon="35.191833"><ele>228.3</ele><time>2024-02-25T06:02:29Z</time></trkpt>
<trkpt lat="33.0089965" lon="35.1918705"><ele>228.2</ele><time>2024-02-25T06:02:30Z</time></trkpt>
<trkpt lat="33.0090199" lon="35.1919097"><ele>228.2</ele><time>2024-02-25T06:02:31Z</time></trkpt>
<trkpt lat="33.0090427" lon="35.19195"><ele>228.2</ele><time>2024-02-25T06:02:32Z</time></trkpt>
<trkpt lat="33.0090649" lon="35.1919909"><ele>228.2</ele><time>2024-02-25T06:02:33Z</time></trkpt>
<trkpt lat="33.0090868" lon="35.1920314"><ele>228.2</ele><time>2024-02-25T06:02:34Z</time></trkpt>
<trkpt lat="33.0091088" lon="35.1920704"><ele>228.2</ele><time>2024-02-25T06:02:35Z</time></trkpt>
<trkpt lat="33.0091315" lon="35.1921075"><ele>228.3</ele><time>2024-02-25T06:02:36Z</time></trkpt>
<trkpt lat="33.0091549" lon="35.1921426"><ele>228.3</ele><time>2024-02-25T06:02:37Z</time></trkpt>
<trkpt lat="33.0091786" lon="35.1921754"><ele>228.4</ele><time>2024-02-25T06:02:38Z</time></trkpt>
<trkpt lat="33.0092023" lon="35.192206"><ele>228.5</ele><time>2024-02-25T06:02:39Z</time></trkpt>
<trkpt lat="33.0092263" lon="35.1922345"><ele>228.6</ele><time>2024-02-25T06:02:40Z</time></trkpt>
<trkpt lat="33.0092505" lon="35.1922615"><ele>228.7</ele><time>2024-02-25T06:02:41Z</time></trkpt>
<trkpt lat="33.0092748" lon="35.1922875"><ele>228.8</ele><time>2024-02-25T06:02:42Z</time></trkpt>
<trkpt lat="33.0092988" lon="35.1923127"><ele>228.9</ele><time>2024-02-25T06:02:43Z</time></trkpt>
<trkpt lat="33.0093222" lon="35.192337"><ele>229.0</ele><time>2024-02-25T06:02:44Z</time></trkpt>
<trkpt lat="33.0093449" lon="35.1923605"><ele>229.1</ele><time>2024-02-25T06:02:45Z</time></trkpt>
<trkpt lat="33.0093669" lon="35.1923836"><ele>229.3</ele><time>2024-02-25T06:02:46Z</time></trkpt>
<trkpt lat="33.009388" lon="35.1924062"><ele>229.4</ele><time>2024-02-25T06:02:47Z</time></trkpt>
<trkpt lat="33.0094084" lon="35.1924283"><ele>229.6</ele><time>2024-02-25T06:02:48Z</time></trkpt>
<trkpt lat="33.0094279" lon="35.1924497"><ele>229.7</ele><time>2024-02-25T06:02:49Z</time></trkpt>
<trkpt lat="33.0094468" lon="35.1924705"><ele>229.9</ele><time>2024-02-25T06:02:50Z</time></trkpt>
<trkpt lat="33.0094652" lon="35.1924906"><ele>230.0</ele><time>2024-02-25T06:02:51Z</time></trkpt>
<trkpt lat="33.0094832" lon="35.1925104"><ele>230.2</ele><time>2024-02-25T06:02:52Z</time></trkpt>
<trkpt lat="33.0095007" lon="35.1925304"><ele>230.4</ele><time>2024-02-25T06:02:53Z</time></trkpt>
<trkpt lat="33.0095178" lon="35.1925507"><ele>230.6</ele><time>2024-02-25T06:02:54Z</time></trkpt>
<trkpt lat="33.0095342" lon="35.1925717"><ele>230.9</ele><time>2024-02-25T06:02:55Z</time></trkpt>
<trkpt lat="33.0095498" lon="35.1925933"><ele>231.1</ele><time>2024-02-25T06:02:56Z</time></trkpt>
<trkpt lat="33.0095645" lon="35.1926152"><ele>231.3</ele><time>2024-02-25T06:02:57Z</time></trkpt>
<trkpt lat="33.0095787" lon="35.1926373"><ele>231.6</ele><time>2024-02-25T06:02:58Z</time></trkpt>
<trkpt lat="33.0095925" lon="35.1926591"><ele>231.8</ele><time>2024-02-25T06:02:59Z</time></trkpt>
<trkpt lat="33.0096062" lon="35.1926805"><ele>232.1</ele><time>2024-02-25T06:03:00Z</time></trkpt>
<trkpt lat="33.0096198" lon="35.1927013"><ele>232.3</ele><time>2024-02-25T06:03:01Z</time></trkpt>
<trkpt lat="33.0096336" lon="35.1927213"><ele>232.6</ele><time>2024-02-25T06:03:02Z</time></trkpt>
<trkpt lat="33.0096475" lon="35.1927407"><ele>232.8</ele><time>2024-02-25T06:03:03Z</time></trkpt>
<trkpt lat="33.0096617" lon="35.1927594"><ele>233.1</ele><time>2024-02-25T06:03:04Z</time></trkpt>
<trkpt lat="33.0096763" lon="35.1927776"><ele>233.3</ele><time>2024-02-25T06:03:05Z</time></trkpt>
<trkpt lat="33.0096913" lon="35.1927955"><ele>233.6</ele><time>2024-02-25T06:03:06Z</time></trkpt>
<trkpt lat="33.0097065" lon="35.1928134"><ele>233.8</ele><time>2024-02-25T06:03:07Z</time></trkpt>
<trkpt lat="33.0097219" lon="35.1928313"><ele>234.0</ele><time>2024-02-25T06:03:08Z</time></trkpt>
<trkpt lat="33.0097371" lon="35.1928493"><ele>234.2</ele><time>2024-02-25T06:03:09Z</time></trkpt>
<trkpt lat="33.009752" lon="35.1928667"><ele>234.4</ele><time>2024-02-25T06:03:10Z</time></trkpt>
<trkpt lat="33.0097665" lon="35.1928833"><ele>234.6</ele><time>2024-02-25T06:03:11Z</time></trkpt>
<trkpt lat="33.0097805" lon="35.1928989"><ele>234.8</ele><time>2024-02-25T06:03:12Z</time></trkpt>
<trkpt lat="33.0097939" lon="35.1929134"><ele>234.9</ele><time>2024-02-25T06:03:13Z</time></trkpt>
<trkpt lat="33.0098066" lon="35.192927"><ele>235.1</ele><time>2024-02-25T06:03:14Z</time></trkpt>
<trkpt lat="33.0098184" lon="35.1929397"><ele>235.2</ele><time>2024-02-25T06:03:15Z</time></trkpt>
<trkpt lat="33.009829" lon="35.1929513"><ele>235.3</ele><time>2024-02-25T06:03:16Z</time></trkpt>
<trkpt lat="33.0098384" lon="35.1929613"><ele>235.4</ele><time>2024-02-25T06:03:17Z</time></trkpt>
<trkpt lat="33.0098465" lon="35.1929696"><ele>235.5</ele><time>2024-02-25T06:03:18Z</time></trkpt>
<trkpt lat="33.0098534" lon="35.1929764"><ele>235.6</ele><time>2024-02-25T06:03:19Z</time></trkpt>
<trkpt lat="33.0098588" lon="35.1929819"><ele>235.7</ele><time>2024-02-25T06:03:20Z</time></trkpt>
<trkpt lat="33.0098627" lon="35.192986"><ele>235.7</ele><time>2024-02-25T06:03:21Z</time></trkpt>
<trkpt lat="33.0098652" lon="35.1929887"><ele>235.8</ele><time>2024-02-25T06:03:22Z</time></trkpt>
<trkpt lat="33.0098669" lon="35.1929901"><ele>235.9</ele><time>2024-02-25T06:03:23Z</time></trkpt>
<trkpt lat="33.009868" lon="35.1929907"><ele>235.9</ele><time>2024-02-25T06:03:24Z</time></trkpt>
<trkpt lat="33.0098688" lon="35.1929908"><ele>236.0</ele><time>2024-02-25T06:03:25Z</time></trkpt>
<trkpt lat="33.0098694" lon="35.1929907"><ele>236.1</ele><time>2024-02-25T06:03:26Z</time></trkpt>
<trkpt lat="33.00987" lon="35.1929906"><ele>236.1</ele><time>2024-02-25T06:03:27Z</time></trkpt>
<trkpt lat="33.0098707" lon="35.1929906"><ele>236.2</ele><time>2024-02-25T06:03:28Z</time></trkpt>
<trkpt lat="33.0098716" lon="35.1929907"><ele>236.2</ele><time>2024-02-25T06:03:29Z</time></trkpt>
<trkpt lat="33.0098727" lon="35.1929912"><ele>236.3</ele><time>2024-02-25T06:03:30Z</time></trkpt>
<trkpt lat="33.0098739" lon="35.192992"><ele>236.3</ele><time>2024-02-25T06:03:31Z</time></trkpt>
<trkpt lat="33.009875" lon="35.1929933"><ele>236.4</ele><time>2024-02-25T06:03:32Z</time></trkpt>
<trkpt lat="33.0098759" lon="35.192995"><ele>236.4</ele><time>2024-02-25T06:03:33Z</time></trkpt>
<trkpt lat="33.0098765" lon="35.1929968"><ele>236.4</ele><time>2024-02-25T06:03:34Z</time></trkpt>
<trkpt lat="33.0098769" lon="35.1929984"><ele>236.5</ele><time>2024-02-25T06:03:35Z</time></trkpt>
<trkpt lat="33.009877" lon="35.1929996"><ele>236.5</ele><time>2024-02-25T06:03:36Z</time></trkpt>
<trkpt lat="33.009877" lon="35.1930003"><ele>236.5</ele><time>2024-02-25T06:03:37Z</time></trkpt>
<trkpt lat="33.009877" lon="35.1930005"><ele>236.5</ele><time>2024-02-25T06:03:38Z</time></trkpt>
<trkpt lat="33.0098772" lon="35.1930002"><ele>236.5</ele><time>2024-02-25T06:03:39Z</time></trkpt>
<trkpt lat="33.0098776" lon="35.1929995"><ele>236.5</ele><time>2024-02-25T06:03:40Z</time></trkpt>
<trkpt lat="33.0098781" lon="35.1929986"><ele>236.5</ele><time>2024-02-25T06:03:41Z</time></trkpt>
<trkpt lat="33.0098788" lon="35.1929978"><ele>236.5</ele><time>2024-02-25T06:03:42Z</time></trkpt>
<trkpt lat="33.0098795" lon="35.1929972"><ele>236.5</ele><time>2024-02-25T06:03:43Z</time></trkpt>
<trkpt lat="33.0098804" lon="35.1929968"><ele>236.5</ele><time>2024-02-25T06:03:44Z</time></trkpt>
<trkpt lat="33.0098813" lon="35.1929967"><ele>236.5</ele><time>2024-02-25T06:03:45Z</time></trkpt>
<trkpt lat="33.0098824" lon="35.1929968"><ele>236.5</ele><time>2024-02-25T06:03:46Z</time></trkpt>
<trkpt lat="33.0098835" lon="35.1929972"><ele>236.4</ele><time>2024-02-25T06:03:47Z</time></trkpt>
<trkpt lat="33.0098847" lon="35.1929977"><ele>236.4</ele><time>2024-02-25T06:03:48Z</time></trkpt>
<trkpt lat="33.0098856" lon="35.1929984"><ele>236.4</ele><time>2024-02-25T06:03:49Z</time></trkpt>
<trkpt lat="33.0098862" lon="35.192999"><ele>236.3</ele><time>2024-02-25T06:03:50Z</time></trkpt>
<trkpt lat="33.0098864" lon="35.1929995"><ele>236.3</ele><time>2024-02-25T06:03:51Z</time></trkpt>
<trkpt lat="33.0098862" lon="35.1929999"><ele>236.2</ele><time>2024-02-25T06:03:52Z</time></trkpt>
<trkpt lat="33.0098859" lon="35.1930002"><ele>236.2</ele><time>2024-02-25T06:03:53Z</time></trkpt>
<trkpt lat="33.0098856" lon="35.1930004"><ele>236.1</ele><time>2024-02-25T06:03:54Z</time></trkpt>
<trkpt lat="33.0098857" lon="35.1930006"><ele>236.0</ele><time>2024-02-25T06:03:55Z</time></trkpt>
<trkpt lat="33.0098867" lon="35.1930011"><ele>236.0</ele><time>2024-02-25T06:03:56Z</time></trkpt>
<trkpt lat="33.009889" lon="35.1930023"><ele>235.9</ele><time>2024-02-25T06:03:57Z</time></trkpt>
<trkpt lat="33.0098929" lon="35.1930044"><ele>235.8</ele><time>2024-02-25T06:03:58Z</time></trkpt>
<trkpt lat="33.0098988" lon="35.1930078"><ele>235.7</ele><time>2024-02-25T06:03:59Z</time></trkpt>
<trkpt lat="33.0099071" lon="35.1930129"><ele>235.7</ele><time>2024-02-25T06:04:00Z</time></trkpt>
<trkpt lat="33.009918" lon="35.19302"><ele>235.6</ele><time>2024-02-25T06:04:01Z</time></trkpt>
<trkpt lat="33.0099318" lon="35.1930294"><ele>235.5</ele><time>2024-02-25T06:04:02Z</time></trkpt>
<trkpt lat="33.0099482" lon="35.193041"><ele>235.4</ele><time>2024-02-25T06:04:03Z</time></trkpt>
<trkpt lat="33.0099667" lon="35.1930545"><ele>235.3</ele><time>2024-02-25T06:04:04Z</time></trkpt>
<trkpt lat="33.0099869" lon="35.1930691"><ele>235.2</ele><time>2024-02-25T06:04:05Z</time></trkpt>
<trkpt lat="33.0100082" lon="35.1930844"><ele>235.2</ele><time>2024-02-25T06:04:06Z</time></trkpt>
<trkpt lat="33.0100298" lon="35.1931001"><ele>235.1</ele><time>2024-02-25T06:04:07Z</time></trkpt>
<trkpt lat="33.0100509" lon="35.1931162"><ele>235.1</ele><time>2024-02-25T06:04:08Z</time></trkpt>
<trkpt lat="33.010071" lon="35.1931329"><ele>235.0</ele><time>2024-02-25T06:04:09Z</time></trkpt>
<trkpt lat="33.0100897" lon="35.1931506"><ele>235.0</ele><time>2024-02-25T06:04:10Z</time></trkpt>
<trkpt lat="33.010107" lon="35.1931701"><ele>235.0</ele><time>2024-02-25T06:04:11Z</time></trkpt>
<trkpt lat="33.0101232" lon="35.1931926"><ele>235.0</ele><time>2024-02-25T06:04:12Z</time></trkpt>
<trkpt lat="33.010138" lon="35.1932187"><ele>235.0</ele><time>2024-02-25T06:04:13Z</time></trkpt>
<trkpt lat="33.0101507" lon="35.1932481"><ele>235.1</ele><time>2024-02-25T06:04:14Z</time></trkpt>
<trkpt lat="33.0101605" lon="35.1932797"><ele>235.1</ele><time>2024-02-25T06:04:15Z</time></trkpt>
<trkpt lat="33.0101674" lon="35.193312"><ele>235.2</ele><time>2024-02-25T06:04:16Z</time></trkpt>
<trkpt lat="33.0101714" lon="35.1933436"><ele>235.3</ele><time>2024-02-25T06:04:17Z</time></trkpt>
<trkpt lat="33.0101727" lon="35.1933736"><ele>235.4</ele><time>2024-02-25T06:04:18Z</time></trkpt>
<trkpt lat="33.0101722" lon="35.1934022"><ele>235.5</ele><time>2024-02-25T06:04:19Z</time></trkpt>
<trkpt lat="33.0101706" lon="35.1934296"><ele>235.6</ele><time>2024-02-25T06:04:20Z</time></trkpt>
<trkpt lat="33.0101683" lon="35.1934563"><ele>235.7</ele><time>2024-02-25T06:04:21Z</time></trkpt>
<trkpt lat="33.0101655" lon="35.1934824"><ele>235.9</ele><time>2024-02-25T06:04:22Z</time></trkpt>
<trkpt lat="33.0101626" lon="35.1935075"><ele>236.0</ele><time>2024-02-25T06:04:23Z</time></trkpt>
<trkpt lat="33.0101598" lon="35.1935316"><ele>236.2</ele><time>2024-02-25T06:04:24Z</time></trkpt>
<trkpt lat="33.0101574" lon="35.1935549"><ele>236.3</ele><time>2024-02-25T06:04:25Z</time></trkpt>
<trkpt lat="33.0101555" lon="35.1935779"><ele>236.5</ele><time>2024-02-25T06:04:26Z</time></trkpt>
<trkpt lat="33.010154" lon="35.1936008"><ele>236.7</ele><time>2024-02-25T06:04:27Z</time></trkpt>
<trkpt lat="33.0101528" lon="35.1936236"><ele>236.9</ele><time>2024-02-25T06:04:28Z</time></trkpt>
<trkpt lat="33.0101514" lon="35.1936464"><ele>237.1</ele><time>2024-02-25T06:04:29Z</time></trkpt>
<trkpt lat="33.0101497" lon="35.1936689"><ele>237.2</ele><time>2024-02-25T06:04:30Z</time></trkpt>
<trkpt lat="33.0101475" lon="35.1936909"><ele>237.4</ele><time>2024-02-25T06:04:31Z</time></trkpt>
<trkpt lat="33.0101445" lon="35.1937127"><ele>237.6</ele><time>2024-02-25T06:04:32Z</time></trkpt>
<trkpt lat="33.0101407" lon="35.1937344"><ele>237.8</ele><time>2024-02-25T06:04:33Z</time></trkpt>
<trkpt lat="33.0101364" lon="35.1937563"><ele>238.0</ele><time>2024-02-25T06:04:34Z</time></trkpt>
<trkpt lat="33.0101319" lon="35.1937786"><ele>238.2</ele><time>2024-02-25T06:04:35Z</time></trkpt>
<trkpt lat="33.0101277" lon="35.1938018"><ele>238.3</ele><time>2024-02-25T06:04:36Z</time></trkpt>
<trkpt lat="33.0101242" lon="35.193826"><ele>238.5</ele><time>2024-02-25T06:04:37Z</time></trkpt>
<trkpt lat="33.0101214" lon="35.193851"><ele>238.7</ele><time>2024-02-25T06:04:38Z</time></trkpt>
<trkpt lat="33.0101191" lon="35.1938766"><ele>238.9</ele><time>2024-02-25T06:04:39Z</time></trkpt>
<trkpt lat="33.0101169" lon="35.1939025"><ele>239.0</ele><time>2024-02-25T06:04:40Z</time></trkpt>
<trkpt lat="33.0101146" lon="35.1939285"><ele>239.2</ele><time>2024-02-25T06:04:41Z</time></trkpt>
<trkpt lat="33.0101119" lon="35.1939545"><ele>239.3</ele><time>2024-02-25T06:04:42Z</time></trkpt>
<trkpt lat="33.0101087" lon="35.1939798"><ele>239.5</ele><time>2024-02-25T06:04:43Z</time></trkpt>
<trkpt lat="33.0101054" lon="35.1940042"><ele>239.6</ele><time>2024-02-25T06:04:44Z</time></trkpt>
<trkpt lat="33.0101021" lon="35.1940275"><ele>239.8</ele><time>2024-02-25T06:04:45Z</time></trkpt>
<trkpt lat="33.0100994" lon="35.1940499"><ele>239.9</ele><time>2024-02-25T06:04:46Z</time></trkpt>
<trkpt lat="33.0100974" lon="35.1940722"><ele>240.1</ele><time>2024-02-25T06:04:47Z</time></trkpt>
<trkpt lat="33.0100965" lon="35.1940946"><ele>240.2</ele><time>2024-02-25T06:04:48Z</time></trkpt>
<trkpt lat="33.0100969" lon="35.1941175"><ele>240.4</ele><time>2024-02-25T06:04:49Z</time></trkpt>
<trkpt lat="33.0100989" lon="35.1941412"><ele>240.5</ele><time>2024-02-25T06:04:50Z</time></trkpt>
<trkpt lat="33.0101022" lon="35.1941654"><ele>240.6</ele><time>2024-02-25T06:04:51Z</time></trkpt>
<trkpt lat="33.010107" lon="35.1941896"><ele>240.7</ele><time>2024-02-25T06:04:52Z</time></trkpt>
<trkpt lat="33.0101132" lon="35.1942131"><ele>240.8</ele><time>2024-02-25T06:04:53Z</time></trkpt>
<trkpt lat="33.0101208" lon="35.1942359"><ele>240.9</ele><time>2024-02-25T06:04:54Z</time></trkpt>
<trkpt lat="33.0101298" lon="35.1942582"><ele>241.0</ele><time>2024-02-25T06:04:55Z</time></trkpt>
<trkpt lat="33.0101397" lon="35.1942804"><ele>241.0</ele><time>2024-02-25T06:04:56Z</time></trkpt>
<trkpt lat="33.0101501" lon="35.1943028"><ele>241.1</ele><time>2024-02-25T06:04:57Z</time></trkpt>
<trkpt lat="33.0101607" lon="35.1943251"><ele>241.1</ele><time>2024-02-25T06:04:58Z</time></trkpt>
<trkpt lat="33.0101712" lon="35.1943476"><ele>241.1</ele><time>2024-02-25T06:04:59Z</time></trkpt>
<trkpt lat="33.0101816" lon="35.1943704"><ele>241.1</ele><time>2024-02-25T06:05:00Z</time></trkpt>
<trkpt lat="33.0101921" lon="35.1943943"><ele>241.1</ele><time>2024-02-25T06:05:01Z</time></trkpt>
<trkpt lat="33.0102029" lon="35.1944199"><ele>241.0</ele><time>2024-02-25T06:05:02Z</time></trkpt>
<trkpt lat="33.0102141" lon="35.1944479"><ele>241.0</ele><time>2024-02-25T06:05:03Z</time></trkpt>
<trkpt lat="33.0102257" lon="35.1944785"><ele>240.9</ele><time>2024-02-25T06:05:04Z</time></trkpt>
<trkpt lat="33.0102377" lon="35.194512"><ele>240.8</ele><time>2024-02-25T06:05:05Z</time></trkpt>
<trkpt lat="33.01025" lon="35.1945481"><ele>240.6</ele><time>2024-02-25T06:05:06Z</time></trkpt>
<trkpt lat="33.0102624" lon="35.1945866"><ele>240.5</ele><time>2024-02-25T06:05:07Z</time></trkpt>
<trkpt lat="33.0102745" lon="35.1946271"><ele>240.3</ele><time>2024-02-25T06:05:08Z</time></trkpt>
<trkpt lat="33.0102862" lon="35.1946691"><ele>240.2</ele><time>2024-02-25T06:05:09Z</time></trkpt>
<trkpt lat="33.0102979" lon="35.1947124"><ele>240.0</ele><time>2024-02-25T06:05:10Z</time></trkpt>
<trkpt lat="33.0103097" lon="35.1947571"><ele>239.8</ele><time>2024-02-25T06:05:11Z</time></trkpt>
<trkpt lat="33.0103217" lon="35.1948039"><ele>239.6</ele><time>2024-02-25T06:05:12Z</time></trkpt>
<trkpt lat="33.0103341" lon="35.194853"><ele>239.4</ele><time>2024-02-25T06:05:13Z</time></trkpt>
<trkpt lat="33.0103469" lon="35.1949041"><ele>239.2</ele><time>2024-02-25T06:05:14Z</time></trkpt>
<trkpt lat="33.01036" lon="35.1949569"><ele>239.0</ele><time>2024-02-25T06:05:15Z</time></trkpt>
<trkpt lat="33.0103733" lon="35.1950108"><ele>238.8</ele><time>2024-02-25T06:05:16Z</time></trkpt>
<trkpt lat="33.0103863" lon="35.1950654"><ele>238.6</ele><time>2024-02-25T06:05:17Z</time></trkpt>
<trkpt lat="33.0103987" lon="35.1951201"><ele>238.4</ele><time>2024-02-25T06:05:18Z</time></trkpt>
<trkpt lat="33.0104102" lon="35.1951745"><ele>238.2</ele><time>2024-02-25T06:05:19Z</time></trkpt>
<trkpt lat="33.0104209" lon="35.1952285"><ele>238.1</ele><time>2024-02-25T06:05:20Z</time></trkpt>
<trkpt lat="33.0104308" lon="35.1952819"><ele>238.0</ele><time>2024-02-25T06:05:21Z</time></trkpt>
<trkpt lat="33.0104398" lon="35.1953346"><ele>237.9</ele><time>2024-02-25T06:05:22Z</time></trkpt>
<trkpt lat="33.0104482" lon="35.1953858"><ele>237.8</ele><time>2024-02-25T06:05:23Z</time></trkpt>
<trkpt lat="33.010456" lon="35.1954343"><ele>237.8</ele><time>2024-02-25T06:05:24Z</time></trkpt>
<trkpt lat="33.0104629" lon="35.1954791"><ele>237.7</ele><time>2024-02-25T06:05:25Z</time></trkpt>
<trkpt lat="33.0104691" lon="35.1955192"><ele>237.7</ele><time>2024-02-25T06:05:26Z</time></trkpt>
<trkpt lat="33.0104744" lon="35.1955537"><ele>237.7</ele><time>2024-02-25T06:05:27Z</time></trkpt>
<trkpt lat="33.0104792" lon="35.1955825"><ele>237.8</ele><time>2024-02-25T06:05:28Z</time></trkpt>
<trkpt lat="33.0104842" lon="35.1956065"><ele>237.8</ele><time>2024-02-25T06:05:29Z</time></trkpt>
<trkpt lat="33.0104898" lon="35.1956273"><ele>237.9</ele><time>2024-02-25T06:05:30Z</time></trkpt>
<trkpt lat="33.010496" lon="35.1956464"><ele>238.0</ele><time>2024-02-25T06:05:31Z</time></trkpt>
<trkpt lat="33.0105025" lon="35.1956656"><ele>238.1</ele><time>2024-02-25T06:05:32Z</time></trkpt>
<trkpt lat="33.0105096" lon="35.1956864"><ele>238.3</ele><time>2024-02-25T06:05:33Z</time></trkpt>
<trkpt lat="33.0105172" lon="35.1957093"><ele>238.4</ele><time>2024-02-25T06:05:34Z</time></trkpt>
<trkpt lat="33.0105251" lon="35.195734"><ele>238.5</ele><time>2024-02-25T06:05:35Z</time></trkpt>
<trkpt lat="33.0105333" lon="35.1957598"><ele>238.7</ele><time>2024-02-25T06:05:36Z</time></trkpt>
<trkpt lat="33.0105419" lon="35.1957858"><ele>238.8</ele><time>2024-02-25T06:05:37Z</time></trkpt>
<trkpt lat="33.0105509" lon="35.1958121"><ele>239.0</ele><time>2024-02-25T06:05:38Z</time></trkpt>
<trkpt lat="33.0105605" lon="35.1958389"><ele>239.1</ele><time>2024-02-25T06:05:39Z</time></trkpt>
<trkpt lat="33.0105709" lon="35.1958667"><ele>239.3</ele><time>2024-02-25T06:05:40Z</time></trkpt>
<trkpt lat="33.0105819" lon="35.1958956"><ele>239.4</ele><time>2024-02-25T06:05:41Z</time></trkpt>
<trkpt lat="33.0105934" lon="35.1959256"><ele>239.6</ele><time>2024-02-25T06:05:42Z</time></trkpt>
<trkpt lat="33.0106052" lon="35.1959557"><ele>239.7</ele><time>2024-02-25T06:05:43Z</time></trkpt>
<trkpt lat="33.0106172" lon="35.1959854"><ele>239.8</ele><time>2024-02-25T06:05:44Z</time></trkpt>
<trkpt lat="33.0106292" lon="35.1960142"><ele>239.9</ele><time>2024-02-25T06:05:45Z</time></trkpt>
<trkpt lat="33.0106412" lon="35.1960418"><ele>240.0</ele><time>2024-02-25T06:05:46Z</time></trkpt>
<trkpt lat="33.0106532" lon="35.1960679"><ele>240.0</ele><time>2024-02-25T06:05:47Z</time></trkpt>
<trkpt lat="33.0106653" lon="35.1960924"><ele>240.1</ele><time>2024-02-25T06:05:48Z</time></trkpt>
<trkpt lat="33.0106777" lon="35.1961157"><ele>240.1</ele><time>2024-02-25T06:05:49Z</time></trkpt>
<trkpt lat="33.0106905" lon="35.1961385"><ele>240.1</ele><time>2024-02-25T06:05:50Z</time></trkpt>
<trkpt lat="33.0107037" lon="35.1961613"><ele>240.1</ele><time>2024-02-25T06:05:51Z</time></trkpt>
<trkpt lat="33.0107171" lon="35.1961851"><ele>240.1</ele><time>2024-02-25T06:05:52Z</time></trkpt>
<trkpt lat="33.0107308" lon="35.1962104"><ele>240.1</ele><time>2024-02-25T06:05:53Z</time></trkpt>
<trkpt lat="33.0107443" lon="35.1962379"><ele>240.0</ele><time>2024-02-25T06:05:54Z</time></trkpt>
<trkpt lat="33.0107575" lon="35.1962678"><ele>240.0</ele><time>2024-02-25T06:05:55Z</time></trkpt>
<trkpt lat="33.01077" lon="35.1963001"><ele>239.9</ele><time>2024-02-25T06:05:56Z</time></trkpt>
<trkpt lat="33.0107816" lon="35.1963343"><ele>239.8</ele><time>2024-02-25T06:05:57Z</time></trkpt>
<trkpt lat="33.0107924" lon="35.1963699"><ele>239.8</ele><time>2024-02-25T06:05:58Z</time></trkpt>
<trkpt lat="33.0108024" lon="35.1964062"><ele>239.7</ele><time>2024-02-25T06:05:59Z</time></trkpt>
<trkpt lat="33.0108116" lon="35.1964425"><ele>239.7</ele><time>2024-02-25T06:06:00Z</time></trkpt>
<trkpt lat="33.0108199" lon="35.1964777"><ele>239.6</ele><time>2024-02-25T06:06:01Z</time></trkpt>
<trkpt lat="33.0108275" lon="35.196511"><ele>239.5</ele><time>2024-02-25T06:06:02Z</time></trkpt>
<trkpt lat="33.0108345" lon="35.1965422"><ele>239.5</ele><time>2024-02-25T06:06:03Z</time></trkpt>
<trkpt lat="33.0108411" lon="35.1965715"><ele>239.5</ele><time>2024-02-25T06:06:04Z</time></trkpt>
<trkpt lat="33.0108473" lon="35.1965993"><ele>239.4</ele><time>2024-02-25T06:06:05Z</time></trkpt>
<trkpt lat="33.0108528" lon="35.1966261"><ele>239.4</ele><time>2024-02-25T06:06:06Z</time></trkpt>
<trkpt lat="33.0108575" lon="35.196652"><ele>239.4</ele><time>2024-02-25T06:06:07Z</time></trkpt>
<trkpt lat="33.0108614" lon="35.1966765"><ele>239.3</ele><time>2024-02-25T06:06:08Z</time></trkpt>
<trkpt lat="33.010865" lon="35.1966994"><ele>239.3</ele><time>2024-02-25T06:06:09Z</time></trkpt>
<trkpt lat="33.0108686" lon="35.1967208"><ele>239.3</ele><time>2024-02-25T06:06:10Z</time></trkpt>
<trkpt lat="33.0108726" lon="35.1967411"><ele>239.3</ele><time>2024-02-25T06:06:11Z</time></trkpt>
<trkpt lat="33.0108775" lon="35.1967612"><ele>239.3</ele><time>2024-02-25T06:06:12Z</time></trkpt>
<trkpt lat="33.0108834" lon="35.196782"><ele>239.4</ele><time>2024-02-25T06:06:13Z</time></trkpt>
<trkpt lat="33.0108908" lon="35.1968045"><ele>239.4</ele><time>2024-02-25T06:06:14Z</time></trkpt>
<trkpt lat="33.0108996" lon="35.1968299"><ele>239.5</ele><time>2024-02-25T06:06:15Z</time></trkpt>
<trkpt lat="33.0109098" lon="35.1968592"><ele>239.5</ele><time>2024-02-25T06:06:16Z</time></trkpt>
<trkpt lat="33.0109212" lon="35.1968925"><ele>239.6</ele><time>2024-02-25T06:06:17Z</time></trkpt>
<trkpt lat="33.0109331" lon="35.196929"><ele>239.7</ele><time>2024-02-25T06:06:18Z</time></trkpt>
<trkpt lat="33.0109446" lon="35.1969671"><ele>239.8</ele><time>2024-02-25T06:06:19Z</time></trkpt>
<trkpt lat="33.0109549" lon="35.1970058"><ele>240.0</ele><time>2024-02-25T06:06:20Z</time></trkpt>
<trkpt lat="33.0109633" lon="35.1970439"><ele>240.2</ele><time>2024-02-25T06:06:21Z</time></trkpt>
<trkpt lat="33.0109692" lon="35.1970805"><ele>240.4</ele><time>2024-02-25T06:06:22Z</time></trkpt>
<trkpt lat="33.010973" lon="35.1971144"><ele>240.6</ele><time>2024-02-25T06:06:23Z</time></trkpt>
<trkpt lat="33.0109756" lon="35.1971453"><ele>240.8</ele><time>2024-02-25T06:06:24Z</time></trkpt>
<trkpt lat="33.0109782" lon="35.1971734"><ele>241.1</ele><time>2024-02-25T06:06:25Z</time></trkpt>
<trkpt lat="33.0109819" lon="35.1971994"><ele>241.3</ele><time>2024-02-25T06:06:26Z</time></trkpt>
<trkpt lat="33.0109876" lon="35.1972242"><ele>241.6</ele><time>2024-02-25T06:06:27Z</time></trkpt>
<trkpt lat="33.0109958" lon="35.1972488"><ele>241.8</ele><time>2024-02-25T06:06:28Z</time></trkpt>
<trkpt lat="33.0110065" lon="35.1972739"><ele>242.1</ele><time>2024-02-25T06:06:29Z</time></trkpt>
<trkpt lat="33.0110193" lon="35.1973002"><ele>242.3</ele><time>2024-02-25T06:06:30Z</time></trkpt>
<trkpt lat="33.0110334" lon="35.197328"><ele>242.5</ele><time>2024-02-25T06:06:31Z</time></trkpt>
<trkpt lat="33.011048" lon="35.1973571"><ele>242.6</ele><time>2024-02-25T06:06:32Z</time></trkpt>
<trkpt lat="33.011062" lon="35.197387"><ele>242.8</ele><time>2024-02-25T06:06:33Z</time></trkpt>
<trkpt lat="33.0110749" lon="35.1974174"><ele>242.9</ele><time>2024-02-25T06:06:34Z</time></trkpt>
<trkpt lat="33.0110862" lon="35.197448"><ele>243.0</ele><time>2024-02-25T06:06:35Z</time></trkpt>
<trkpt lat="33.0110958" lon="35.1974789"><ele>243.0</ele><time>2024-02-25T06:06:36Z</time></trkpt>
<trkpt lat="33.0111037" lon="35.1975097"><ele>243.0</ele><time>2024-02-25T06:06:37Z</time></trkpt>
<trkpt lat="33.0111106" lon="35.1975405"><ele>242.9</ele><time>2024-02-25T06:06:38Z</time></trkpt>
<trkpt lat="33.0111172" lon="35.1975712"><ele>242.8</ele><time>2024-02-25T06:06:39Z</time></trkpt>
<trkpt lat="33.0111242" lon="35.1976015"><ele>242.6</ele><time>2024-02-25T06:06:40Z</time></trkpt>
<trkpt lat="33.0111318" lon="35.1976314"><ele>242.4</ele><time>2024-02-25T06:06:41Z</time></trkpt>
<trkpt lat="33.0111402" lon="35.1976609"><ele>242.2</ele><time>2024-02-25T06:06:42Z</time></trkpt>
<trkpt lat="33.011149" lon="35.1976897"><ele>241.9</ele><time>2024-02-25T06:06:43Z</time></trkpt>
<trkpt lat="33.0111579" lon="35.197718"><ele>241.6</ele><time>2024-02-25T06:06:44Z</time></trkpt>
<trkpt lat="33.0111666" lon="35.1977461"><ele>241.3</ele><time>2024-02-25T06:06:45Z</time></trkpt>
<trkpt lat="33.0111752" lon="35.1977743"><ele>240.9</ele><time>2024-02-25T06:06:46Z</time></trkpt>
<trkpt lat="33.0111838" lon="35.1978034"><ele>240.5</ele><time>2024-02-25T06:06:47Z</time></trkpt>
<trkpt lat="33.0111926" lon="35.1978342"><ele>240.1</ele><time>2024-02-25T06:06:48Z</time></trkpt>
<trkpt lat="33.0112018" lon="35.1978669"><ele>239.7</ele><time>2024-02-25T06:06:49Z</time></trkpt>
<trkpt lat="33.0112115" lon="35.1979014"><ele>239.2</ele><time>2024-02-25T06:06:50Z</time></trkpt>
<trkpt lat="33.0112219" lon="35.1979369"><ele>238.8</ele><time>2024-02-25T06:06:51Z</time></trkpt>
<trkpt lat="33.0112329" lon="35.1979728"><ele>238.4</ele><time>2024-02-25T06:06:52Z</time></trkpt>
<trkpt lat="33.0112439" lon="35.1980087"><ele>238.0</ele><time>2024-02-25T06:06:53Z</time></trkpt>
<trkpt lat="33.0112543" lon="35.1980443"><ele>237.6</ele><time>2024-02-25T06:06:54Z</time></trkpt>
<trkpt lat="33.0112639" lon="35.19808"><ele>237.2</ele><time>2024-02-25T06:06:55Z</time></trkpt>
<trkpt lat="33.0112729" lon="35.1981159"><ele>236.8</ele><time>2024-02-25T06:06:56Z</time></trkpt>
<trkpt lat="33.0112817" lon="35.1981516"><ele>236.4</ele><time>2024-02-25T06:06:57Z</time></trkpt>
<trkpt lat="33.0112912" lon="35.198187"><ele>236.1</ele><time>2024-02-25T06:06:58Z</time></trkpt>
<trkpt lat="33.0113014" lon="35.1982227"><ele>235.8</ele><time>2024-02-25T06:06:59Z</time></trkpt>
<trkpt lat="33.0113123" lon="35.1982589"><ele>235.5</ele><time>2024-02-25T06:07:00Z</time></trkpt>
<trkpt lat="33.0113236" lon="35.1982955"><ele>235.2</ele><time>2024-02-25T06:07:01Z</time></trkpt>
<trkpt lat="33.011335" lon="35.1983321"><ele>234.9</ele><time>2024-02-25T06:07:02Z</time></trkpt>
<trkpt lat="33.0113462" lon="35.1983681"><ele>234.6</ele><time>2024-02-25T06:07:03Z</time></trkpt>
<trkpt lat="33.0113573" lon="35.1984029"><ele>234.4</ele><time>2024-02-25T06:07:04Z</time></trkpt>
<trkpt lat="33.011368" lon="35.1984362"><ele>234.2</ele><time>2024-02-25T06:07:05Z</time></trkpt>
<trkpt lat="33.0113785" lon="35.1984681"><ele>234.0</ele><time>2024-02-25T06:07:06Z</time></trkpt>
<trkpt lat="33.0113885" lon="35.1984982"><ele>233.8</ele><time>2024-02-25T06:07:07Z</time></trkpt>
<trkpt lat="33.0113976" lon="35.1985265"><ele>233.6</ele><time>2024-02-25T06:07:08Z</time></trkpt>
<trkpt lat="33.0114058" lon="35.1985528"><ele>233.4</ele><time>2024-02-25T06:07:09Z</time></trkpt>
<trkpt lat="33.0114135" lon="35.1985776"><ele>233.3</ele><time>2024-02-25T06:07:10Z</time></trkpt>
<trkpt lat="33.011421" lon="35.1986015"><ele>233.2</ele><time>2024-02-25T06:07:11Z</time></trkpt>
<trkpt lat="33.0114286" lon="35.1986246"><ele>233.1</ele><time>2024-02-25T06:07:12Z</time></trkpt>
<trkpt lat="33.0114362" lon="35.198647"><ele>233.0</ele><time>2024-02-25T06:07:13Z</time></trkpt>
<trkpt lat="33.0114439" lon="35.1986685"><ele>233.0</ele><time>2024-02-25T06:07:14Z</time></trkpt>
<trkpt lat="33.0114512" lon="35.198689"><ele>233.0</ele><time>2024-02-25T06:07:15Z</time></trkpt>
<trkpt lat="33.0114574" lon="35.1987082"><ele>233.0</ele><time>2024-02-25T06:07:16Z</time></trkpt>
<trkpt lat="33.0114616" lon="35.1987259"><ele>233.0</ele><time>2024-02-25T06:07:17Z</time></trkpt>
<trkpt lat="33.011463" lon="35.1987413"><ele>233.1</ele><time>2024-02-25T06:07:18Z</time></trkpt>
<trkpt lat="33.0114614" lon="35.1987536"><ele>233.2</ele><time>2024-02-25T06:07:19Z</time></trkpt>
<trkpt lat="33.0114576" lon="35.1987617"><ele>233.3</ele><time>2024-02-25T06:07:20Z</time></trkpt>
<trkpt lat="33.0114526" lon="35.1987655"><ele>233.4</ele><time>2024-02-25T06:07:21Z</time></trkpt>
<trkpt lat="33.0114474" lon="35.1987649"><ele>233.6</ele><time>2024-02-25T06:07:22Z</time></trkpt>
<trkpt lat="33.0114427" lon="35.1987603"><ele>233.7</ele><time>2024-02-25T06:07:23Z</time></trkpt>
<trkpt lat="33.0114389" lon="35.198752"><ele>233.9</ele><time>2024-02-25T06:07:24Z</time></trkpt>
<trkpt lat="33.0114364" lon="35.1987408"><ele>234.0</ele><time>2024-02-25T06:07:25Z</time></trkpt>
<trkpt lat="33.011435" lon="35.1987278"><ele>234.2</ele><time>2024-02-25T06:07:26Z</time></trkpt>
<trkpt lat="33.0114342" lon="35.1987137"><ele>234.4</ele><time>2024-02-25T06:07:27Z</time></trkpt>
<trkpt lat="33.0114332" lon="35.1986993"><ele>234.6</ele><time>2024-02-25T06:07:28Z</time></trkpt>
<trkpt lat="33.0114315" lon="35.198685"><ele>234.8</ele><time>2024-02-25T06:07:29Z</time></trkpt>
<trkpt lat="33.0114288" lon="35.1986709"><ele>235.0</ele><time>2024-02-25T06:07:30Z</time></trkpt>
<trkpt lat="33.0114251" lon="35.198657"><ele>235.1</ele><time>2024-02-25T06:07:31Z</time></trkpt>
<trkpt lat="33.0114207" lon="35.1986435"><ele>235.3</ele><time>2024-02-25T06:07:32Z</time></trkpt>
<trkpt lat="33.0114156" lon="35.1986299"><ele>235.5</ele><time>2024-02-25T06:07:33Z</time></trkpt>
<trkpt lat="33.0114099" lon="35.1986162"><ele>235.7</ele><time>2024-02-25T06:07:34Z</time></trkpt>
<trkpt lat="33.0114039" lon="35.1986022"><ele>235.8</ele><time>2024-02-25T06:07:35Z</time></trkpt>
<trkpt lat="33.0113977" lon="35.1985877"><ele>236.0</ele><time>2024-02-25T06:07:36Z</time></trkpt>
<trkpt lat="33.0113916" lon="35.1985725"><ele>236.2</ele><time>2024-02-25T06:07:37Z</time></trkpt>
<trkpt lat="33.011386" lon="35.1985564"><ele>236.3</ele><time>2024-02-25T06:07:38Z</time></trkpt>
<trkpt lat="33.011381" lon="35.1985393"><ele>236.5</ele><time>2024-02-25T06:07:39Z</time></trkpt>
<trkpt lat="33.0113767" lon="35.1985216"><ele>236.6</ele><time>2024-02-25T06:07:40Z</time></trkpt>
<trkpt lat="33.0113727" lon="35.1985035"><ele>236.8</ele><time>2024-02-25T06:07:41Z</time></trkpt>
<trkpt lat="33.0113688" lon="35.1984853"><ele>236.9</ele><time>2024-02-25T06:07:42Z</time></trkpt>
<trkpt lat="33.0113647" lon="35.1984671"><ele>237.1</ele><time>2024-02-25T06:07:43Z</time></trkpt>
<trkpt lat="33.0113601" lon="35.1984488"><ele>237.2</ele><time>2024-02-25T06:07:44Z</time></trkpt>
<trkpt lat="33.0113549" lon="35.1984307"><ele>237.3</ele><time>2024-02-25T06:07:45Z</time></trkpt>
<trkpt lat="33.0113492" lon="35.1984128"><ele>237.5</ele><time>2024-02-25T06:07:46Z</time></trkpt>
<trkpt lat="33.0113433" lon="35.1983949"><ele>237.6</ele><time>2024-02-25T06:07:47Z</time></trkpt>
<trkpt lat="33.0113375" lon="35.1983769"><ele>237.7</ele><time>2024-02-25T06:07:48Z</time></trkpt>
<trkpt lat="33.0113319" lon="35.1983585"><ele>237.9</ele><time>2024-02-25T06:07:49Z</time></trkpt>
<trkpt lat="33.0113264" lon="35.1983396"><ele>238.0</ele><time>2024-02-25T06:07:50Z</time></trkpt>
<trkpt lat="33.0113211" lon="35.1983203"><ele>238.1</ele><time>2024-02-25T06:07:51Z</time></trkpt>
<trkpt lat="33.011316" lon="35.1983007"><ele>238.2</ele><time>2024-02-25T06:07:52Z</time></trkpt>
<trkpt lat="33.0113112" lon="35.1982809"><ele>238.4</ele><time>2024-02-25T06:07:53Z</time></trkpt>
<trkpt lat="33.0113069" lon="35.1982605"><ele>238.5</ele><time>2024-02-25T06:07:54Z</time></trkpt>
<trkpt lat="33.011303" lon="35.1982395"><ele>238.6</ele><time>2024-02-25T06:07:55Z</time></trkpt>
<trkpt lat="33.0112993" lon="35.1982179"><ele>238.7</ele><time>2024-02-25T06:07:56Z</time></trkpt>
<trkpt lat="33.0112955" lon="35.1981959"><ele>238.8</ele><time>2024-02-25T06:07:57Z</time></trkpt>
<trkpt lat="33.0112912" lon="35.1981739"><ele>238.9</ele><time>2024-02-25T06:07:58Z</time></trkpt>
<trkpt lat="33.0112861" lon="35.1981517"><ele>239.0</ele><time>2024-02-25T06:07:59Z</time></trkpt>
<trkpt lat="33.0112803" lon="35.1981296"><ele>239.1</ele><time>2024-02-25T06:08:00Z</time></trkpt>
<trkpt lat="33.0112742" lon="35.1981078"><ele>239.2</ele><time>2024-02-25T06:08:01Z</time></trkpt>
<trkpt lat="33.011268" lon="35.1980863"><ele>239.3</ele><time>2024-02-25T06:08:02Z</time></trkpt>
<trkpt lat="33.011262" lon="35.1980653"><ele>239.4</ele><time>2024-02-25T06:08:03Z</time></trkpt>
<trkpt lat="33.0112561" lon="35.1980447"><ele>239.5</ele><time>2024-02-25T06:08:04Z</time></trkpt>
<trkpt lat="33.0112506" lon="35.1980244"><ele>239.6</ele><time>2024-02-25T06:08:05Z</time></trkpt>
<trkpt lat="33.0112456" lon="35.1980044"><ele>239.7</ele><time>2024-02-25T06:08:06Z</time></trkpt>
<trkpt lat="33.011241" lon="35.1979847"><ele>239.8</ele><time>2024-02-25T06:08:07Z</time></trkpt>
<trkpt lat="33.0112369" lon="35.1979654"><ele>239.9</ele><time>2024-02-25T06:08:08Z</time></trkpt>
<trkpt lat="33.0112329" lon="35.1979465"><ele>240.0</ele><time>2024-02-25T06:08:09Z</time></trkpt>
<trkpt lat="33.0112288" lon="35.1979278"><ele>240.1</ele><time>2024-02-25T06:08:10Z</time></trkpt>
<trkpt lat="33.0112244" lon="35.1979088"><ele>240.2</ele><time>2024-02-25T06:08:11Z</time></trkpt>
<trkpt lat="33.0112196" lon="35.1978893"><ele>240.4</ele><time>2024-02-25T06:08:12Z</time></trkpt>
<trkpt lat="33.0112144" lon="35.1978689"><ele>240.5</ele><time>2024-02-25T06:08:13Z</time></trkpt>
<trkpt lat="33.0112089" lon="35.1978474"><ele>240.6</ele><time>2024-02-25T06:08:14Z</time></trkpt>
<trkpt lat="33.011203" lon="35.1978247"><ele>240.7</ele><time>2024-02-25T06:08:15Z</time></trkpt>
<trkpt lat="33.0111967" lon="35.1978009"><ele>240.8</ele><time>2024-02-25T06:08:16Z</time></trkpt>
<trkpt lat="33.0111898" lon="35.1977761"><ele>240.9</ele><time>2024-02-25T06:08:17Z</time></trkpt>
<trkpt lat="33.0111825" lon="35.1977506"><ele>241.1</ele><time>2024-02-25T06:08:18Z</time></trkpt>
<trkpt lat="33.0111749" lon="35.1977246"><ele>241.2</ele><time>2024-02-25T06:08:19Z</time></trkpt>
<trkpt lat="33.0111673" lon="35.1976988"><ele>241.3</ele><time>2024-02-25T06:08:20Z</time></trkpt>
<trkpt lat="33.0111602" lon="35.1976734"><ele>241.5</ele><time>2024-02-25T06:08:21Z</time></trkpt>
<trkpt lat="33.0111537" lon="35.1976486"><ele>241.6</ele><time>2024-02-25T06:08:22Z</time></trkpt>
<trkpt lat="33.0111475" lon="35.1976243"><ele>241.7</ele><time>2024-02-25T06:08:23Z</time></trkpt>
<trkpt lat="33.0111415" lon="35.1976003"><ele>241.9</ele><time>2024-02-25T06:08:24Z</time></trkpt>
<trkpt lat="33.0111355" lon="35.1975767"><ele>242.0</ele><time>2024-02-25T06:08:25Z</time></trkpt>
<trkpt lat="33.0111293" lon="35.1975536"><ele>242.1</ele><time>2024-02-25T06:08:26Z</time></trkpt>
<trkpt lat="33.0111227" lon="35.1975312"><ele>242.2</ele><time>2024-02-25T06:08:27Z</time></trkpt>
<trkpt lat="33.0111154" lon="35.1975094"><ele>242.3</ele><time>2024-02-25T06:08:28Z</time></trkpt>
<trkpt lat="33.0111072" lon="35.1974879"><ele>242.4</ele><time>2024-02-25T06:08:29Z</time></trkpt>
<trkpt lat="33.011098" lon="35.1974666"><ele>242.5</ele><time>2024-02-25T06:08:30Z</time></trkpt>
<trkpt lat="33.0110878" lon="35.1974453"><ele>242.6</ele><time>2024-02-25T06:08:31Z</time></trkpt>
<trkpt lat="33.0110766" lon="35.197424"><ele>242.7</ele><time>2024-02-25T06:08:32Z</time></trkpt>
<trkpt lat="33.0110646" lon="35.1974027"><ele>242.8</ele><time>2024-02-25T06:08:33Z</time></trkpt>
<trkpt lat="33.011052" lon="35.1973812"><ele>242.8</ele><time>2024-02-25T06:08:34Z</time></trkpt>
<trkpt lat="33.0110394" lon="35.1973593"><ele>242.8</ele><time>2024-02-25T06:08:35Z</time></trkpt>
<trkpt lat="33.0110271" lon="35.1973369"><ele>242.9</ele><time>2024-02-25T06:08:36Z</time></trkpt>
<trkpt lat="33.0110155" lon="35.1973138"><ele>242.9</ele><time>2024-02-25T06:08:37Z</time></trkpt>
<trkpt lat="33.0110047" lon="35.19729"><ele>242.9</ele><time>2024-02-25T06:08:38Z</time></trkpt>
<trkpt lat="33.0109947" lon="35.1972658"><ele>242.9</ele><time>2024-02-25T06:08:39Z</time></trkpt>
<trkpt lat="33.0109856" lon="35.197241"><ele>242.8</ele><time>2024-02-25T06:08:40Z</time></trkpt>
<trkpt lat="33.0109771" lon="35.1972154"><ele>242.8</ele><time>2024-02-25T06:08:41Z</time></trkpt>
<trkpt lat="33.0109689" lon="35.1971886"><ele>242.7</ele><time>2024-02-25T06:08:42Z</time></trkpt>
<trkpt lat="33.0109609" lon="35.1971604"><ele>242.7</ele><time>2024-02-25T06:08:43Z</time></trkpt>
<trkpt lat="33.0109529" lon="35.1971309"><ele>242.6</ele><time>2024-02-25T06:08:44Z</time></trkpt>
<trkpt lat="33.0109446" lon="35.1971007"><ele>242.5</ele><time>2024-02-25T06:08:45Z</time></trkpt>
<trkpt lat="33.010936" lon="35.1970704"><ele>242.5</ele><time>2024-02-25T06:08:46Z</time></trkpt>
<trkpt lat="33.010927" lon="35.197041"><ele>242.4</ele><time>2024-02-25T06:08:47Z</time></trkpt>
<trkpt lat="33.0109176" lon="35.1970131"><ele>242.3</ele><time>2024-02-25T06:08:48Z</time></trkpt>
<trkpt lat="33.010908" lon="35.1969866"><ele>242.2</ele><time>2024-02-25T06:08:49Z</time></trkpt>
<trkpt lat="33.0108983" lon="35.1969612"><ele>242.1</ele><time>2024-02-25T06:08:50Z</time></trkpt>
<trkpt lat="33.0108888" lon="35.1969364"><ele>241.9</ele><time>2024-02-25T06:08:51Z</time></trkpt>
<trkpt lat="33.0108796" lon="35.1969114"><ele>241.8</ele><time>2024-02-25T06:08:52Z</time></trkpt>
<trkpt lat="33.0108709" lon="35.1968853"><ele>241.7</ele><time>2024-02-25T06:08:53Z</time></trkpt>
<trkpt lat="33.0108629" lon="35.1968577"><ele>241.6</ele><time>2024-02-25T06:08:54Z</time></trkpt>
<trkpt lat="33.0108554" lon="35.1968278"><ele>241.4</ele><time>2024-02-25T06:08:55Z</time></trkpt>
<trkpt lat="33.0108486" lon="35.1967955"><ele>241.3</ele><time>2024-02-25T06:08:56Z</time></trkpt>
<trkpt lat="33.0108422" lon="35.1967607"><ele>241.2</ele><time>2024-02-25T06:08:57Z</time></trkpt>
<trkpt lat="33.0108359" lon="35.1967241"><ele>241.0</ele><time>2024-02-25T06:08:58Z</time></trkpt>
<trkpt lat="33.0108295" lon="35.1966861"><ele>240.9</ele><time>2024-02-25T06:08:59Z</time></trkpt>
<trkpt lat="33.0108225" lon="35.196647"><ele>240.8</ele><time>2024-02-25T06:09:00Z</time></trkpt>
<trkpt lat="33.0108145" lon="35.1966068"><ele>240.6</ele><time>2024-02-25T06:09:01Z</time></trkpt>
<trkpt lat="33.0108056" lon="35.1965658"><ele>240.5</ele><time>2024-02-25T06:09:02Z</time></trkpt>
<trkpt lat="33.0107958" lon="35.1965243"><ele>240.4</ele><time>2024-02-25T06:09:03Z</time></trkpt>
<trkpt lat="33.0107852" lon="35.1964831"><ele>240.3</ele><time>2024-02-25T06:09:04Z</time></trkpt>
<trkpt lat="33.0107737" lon="35.1964427"><ele>240.2</ele><time>2024-02-25T06:09:05Z</time></trkpt>
<trkpt lat="33.0107611" lon="35.1964038"><ele>240.1</ele><time>2024-02-25T06:09:06Z</time></trkpt>
<trkpt lat="33.0107477" lon="35.1963668"><ele>240.0</ele><time>2024-02-25T06:09:07Z</time></trkpt>
<trkpt lat="33.0107339" lon="35.1963317"><ele>240.0</ele><time>2024-02-25T06:09:08Z</time></trkpt>
<trkpt lat="33.0107198" lon="35.1962981"><ele>239.9</ele><time>2024-02-25T06:09:09Z</time></trkpt>
<trkpt lat="33.0107055" lon="35.1962655"><ele>239.9</ele><time>2024-02-25T06:09:10Z</time></trkpt>
<trkpt lat="33.0106909" lon="35.196233"><ele>239.8</ele><time>2024-02-25T06:09:11Z</time></trkpt>
<trkpt lat="33.0106757" lon="35.1962"><ele>239.8</ele><time>2024-02-25T06:09:12Z</time></trkpt>
<trkpt lat="33.0106599" lon="35.196166"><ele>239.7</ele><time>2024-02-25T06:09:13Z</time></trkpt>
<trkpt lat="33.0106434" lon="35.1961303"><ele>239.7</ele><time>2024-02-25T06:09:14Z</time></trkpt>
<trkpt lat="33.0106267" lon="35.1960926"><ele>239.6</ele><time>2024-02-25T06:09:15Z</time></trkpt>
<trkpt lat="33.0106102" lon="35.1960528"><ele>239.6</ele><time>2024-02-25T06:09:16Z</time></trkpt>
<trkpt lat="33.0105945" lon="35.1960113"><ele>239.6</ele><time>2024-02-25T06:09:17Z</time></trkpt>
<trkpt lat="33.0105799" lon="35.1959686"><ele>239.5</ele><time>2024-02-25T06:09:18Z</time></trkpt>
<trkpt lat="33.0105668" lon="35.1959253"><ele>239.5</ele><time>2024-02-25T06:09:19Z</time></trkpt>
<trkpt lat="33.0105551" lon="35.1958817"><ele>239.5</ele><time>2024-02-25T06:09:20Z</time></trkpt>
<trkpt lat="33.0105446" lon="35.1958381"><ele>239.5</ele><time>2024-02-25T06:09:21Z</time></trkpt>
<trkpt lat="33.0105349" lon="35.1957948"><ele>239.5</ele><time>2024-02-25T06:09:22Z</time></trkpt>
<trkpt lat="33.0105259" lon="35.1957525"><ele>239.5</ele><time>2024-02-25T06:09:23Z</time></trkpt>
<trkpt lat="33.010517" lon="35.1957118"><ele>239.5</ele><time>2024-02-25T06:09:24Z</time></trkpt>
<trkpt lat="33.0105083" lon="35.1956733"><ele>239.5</ele><time>2024-02-25T06:09:25Z</time></trkpt>
<trkpt lat="33.0104996" lon="35.1956372"><ele>239.5</ele><time>2024-02-25T06:09:26Z</time></trkpt>
<trkpt lat="33.0104912" lon="35.1956034"><ele>239.5</ele><time>2024-02-25T06:09:27Z</time></trkpt>
<trkpt lat="33.0104833" lon="35.1955717"><ele>239.5</ele><time>2024-02-25T06:09:28Z</time></trkpt>
<trkpt lat="33.010476" lon="35.1955415"><ele>239.6</ele><time>2024-02-25T06:09:29Z</time></trkpt>
<trkpt lat="33.0104693" lon="35.1955119"><ele>239.6</ele><time>2024-02-25T06:09:30Z</time></trkpt>
<trkpt lat="33.0104629" lon="35.1954823"><ele>239.6</ele><time>2024-02-25T06:09:31Z</time></trkpt>
<trkpt lat="33.0104565" lon="35.1954521"><ele>239.7</ele><time>2024-02-25T06:09:32Z</time></trkpt>
<trkpt lat="33.0104498" lon="35.1954209"><ele>239.7</ele><time>2024-02-25T06:09:33Z</time></trkpt>
<trkpt lat="33.0104423" lon="35.1953885"><ele>239.7</ele><time>2024-02-25T06:09:34Z</time></trkpt>
<trkpt lat="33.0104337" lon="35.195355"><ele>239.8</ele><time>2024-02-25T06:09:35Z</time></trkpt>
<trkpt lat="33.0104241" lon="35.1953207"><ele>239.8</ele><time>2024-02-25T06:09:36Z</time></trkpt>
<trkpt lat="33.0104138" lon="35.1952859"><ele>239.9</ele><time>2024-02-25T06:09:37Z</time></trkpt>
<trkpt lat="33.0104037" lon="35.1952509"><ele>239.9</ele><time>2024-02-25T06:09:38Z</time></trkpt>
<trkpt lat="33.0103944" lon="35.1952161"><ele>239.9</ele><time>2024-02-25T06:09:39Z</time></trkpt>
<trkpt lat="33.0103863" lon="35.1951818"><ele>239.9</ele><time>2024-02-25T06:09:40Z</time></trkpt>
<trkpt lat="33.0103794" lon="35.195148"><ele>240.0</ele><time>2024-02-25T06:09:41Z</time></trkpt>
<trkpt lat="33.0103733" lon="35.1951148"><ele>240.0</ele><time>2024-02-25T06:09:42Z</time></trkpt>
<trkpt lat="33.0103676" lon="35.195082"><ele>240.0</ele><time>2024-02-25T06:09:43Z</time></trkpt>
<trkpt lat="33.010362" lon="35.1950501"><ele>240.0</ele><time>2024-02-25T06:09:44Z</time></trkpt>
<trkpt lat="33.0103563" lon="35.1950189"><ele>240.0</ele><time>2024-02-25T06:09:45Z</time></trkpt>
<trkpt lat="33.01035" lon="35.1949888"><ele>240.0</ele><time>2024-02-25T06:09:46Z</time></trkpt>
<trkpt lat="33.0103431" lon="35.1949596"><ele>240.1</ele><time>2024-02-25T06:09:47Z</time></trkpt>
<trkpt lat="33.0103354" lon="35.1949314"><ele>240.1</ele><time>2024-02-25T06:09:48Z</time></trkpt>
<trkpt lat="33.010327" lon="35.194904"><ele>240.1</ele><time>2024-02-25T06:09:49Z</time></trkpt>
<trkpt lat="33.010318" lon="35.1948771"><ele>240.1</ele><time>2024-02-25T06:09:50Z</time></trkpt>
<trkpt lat="33.0103087" lon="35.1948503"><ele>240.1</ele><time>2024-02-25T06:09:51Z</time></trkpt>
<trkpt lat="33.0102996" lon="35.1948233"><ele>240.2</ele><time>2024-02-25T06:09:52Z</time></trkpt>
<trkpt lat="33.0102907" lon="35.1947963"><ele>240.2</ele><time>2024-02-25T06:09:53Z</time></trkpt>
<trkpt lat="33.0102823" lon="35.1947693"><ele>240.2</ele><time>2024-02-25T06:09:54Z</time></trkpt>
<trkpt lat="33.0102744" lon="35.1947424"><ele>240.3</ele><time>2024-02-25T06:09:55Z</time></trkpt>
<trkpt lat="33.0102669" lon="35.1947156"><ele>240.3</ele><time>2024-02-25T06:09:56Z</time></trkpt>
<trkpt lat="33.0102597" lon="35.1946887"><ele>240.4</ele><time>2024-02-25T06:09:57Z</time></trkpt>
<trkpt lat="33.0102526" lon="35.1946616"><ele>240.4</ele><time>2024-02-25T06:09:58Z</time></trkpt>
<trkpt lat="33.0102454" lon="35.1946343"><ele>240.5</ele><time>2024-02-25T06:09:59Z</time></trkpt>
<trkpt lat="33.0102381" lon="35.1946067"><ele>240.6</ele><time>2024-02-25T06:10:00Z</time></trkpt>
<trkpt lat="33.0102307" lon="35.1945791"><ele>240.7</ele><time>2024-02-25T06:10:01Z</time></trkpt>
<trkpt lat="33.0102233" lon="35.1945517"><ele>240.8</ele><time>2024-02-25T06:10:02Z</time></trkpt>
<trkpt lat="33.0102161" lon="35.1945249"><ele>240.8</ele><time>2024-02-25T06:10:03Z</time></trkpt>
<trkpt lat="33.0102089" lon="35.1944989"><ele>240.9</ele><time>2024-02-25T06:10:04Z</time></trkpt>
<trkpt lat="33.0102017" lon="35.1944737"><ele>241.0</ele><time>2024-02-25T06:10:05Z</time></trkpt>
<trkpt lat="33.0101942" lon="35.1944491"><ele>241.1</ele><time>2024-02-25T06:10:06Z</time></trkpt>
<trkpt lat="33.0101857" lon="35.1944246"><ele>241.2</ele><time>2024-02-25T06:10:07Z</time></trkpt>
<trkpt lat="33.010176" lon="35.1943998"><ele>241.2</ele><time>2024-02-25T06:10:08Z</time></trkpt>
<trkpt lat="33.0101649" lon="35.1943739"><ele>241.2</ele><time>2024-02-25T06:10:09Z</time></trkpt>
<trkpt lat="33.0101528" lon="35.1943464"><ele>241.3</ele><time>2024-02-25T06:10:10Z</time></trkpt>
<trkpt lat="33.01014" lon="35.1943169"><ele>241.3</ele><time>2024-02-25T06:10:11Z</time></trkpt>
<trkpt lat="33.0101274" lon="35.194285"><ele>241.2</ele><time>2024-02-25T06:10:12Z</time></trkpt>
<trkpt lat="33.0101156" lon="35.1942501"><ele>241.2</ele><time>2024-02-25T06:10:13Z</time></trkpt>
<trkpt lat="33.0101056" lon="35.1942119"><ele>241.1</ele><time>2024-02-25T06:10:14Z</time></trkpt>
<trkpt lat="33.010098" lon="35.1941704"><ele>241.0</ele><time>2024-02-25T06:10:15Z</time></trkpt>
<trkpt lat="33.0100935" lon="35.1941255"><ele>240.8</ele><time>2024-02-25T06:10:16Z</time></trkpt>
<trkpt lat="33.0100924" lon="35.1940778"><ele>240.7</ele><time>2024-02-25T06:10:17Z</time></trkpt>
<trkpt lat="33.0100944" lon="35.1940275"><ele>240.4</ele><time>2024-02-25T06:10:18Z</time></trkpt>
<trkpt lat="33.0100993" lon="35.1939751"><ele>240.2</ele><time>2024-02-25T06:10:19Z</time></trkpt>
<trkpt lat="33.0101067" lon="35.1939205"><ele>239.9</ele><time>2024-02-25T06:10:20Z</time></trkpt>
<trkpt lat="33.0101159" lon="35.1938633"><ele>239.7</ele><time>2024-02-25T06:10:21Z</time></trkpt>
<trkpt lat="33.0101265" lon="35.1938028"><ele>239.4</ele><time>2024-02-25T06:10:22Z</time></trkpt>
<trkpt lat="33.0101382" lon="35.1937381"><ele>239.0</ele><time>2024-02-25T06:10:23Z</time></trkpt>
<trkpt lat="33.0101509" lon="35.1936693"><ele>238.7</ele><time>2024-02-25T06:10:24Z</time></trkpt>
<trkpt lat="33.0101636" lon="35.1935976"><ele>238.4</ele><time>2024-02-25T06:10:25Z</time></trkpt>
<trkpt lat="33.0101745" lon="35.1935254"><ele>238.1</ele><time>2024-02-25T06:10:26Z</time></trkpt>
<trkpt lat="33.0101826" lon="35.1934546"><ele>237.7</ele><time>2024-02-25T06:10:27Z</time></trkpt>
<trkpt lat="33.0101862" lon="35.1933865"><ele>237.4</ele><time>2024-02-25T06:10:28Z</time></trkpt>
<trkpt lat="33.0101835" lon="35.1933224"><ele>237.1</ele><time>2024-02-25T06:10:29Z</time></trkpt>
<trkpt lat="33.0101734" lon="35.1932644"><ele>236.8</ele><time>2024-02-25T06:10:30Z</time></trkpt>
<trkpt lat="33.0101548" lon="35.1932142"><ele>236.5</ele><time>2024-02-25T06:10:31Z</time></trkpt>
<trkpt lat="33.0101283" lon="35.1931728"><ele>236.2</ele><time>2024-02-25T06:10:32Z</time></trkpt>
<trkpt lat="33.0100954" lon="35.1931392"><ele>235.9</ele><time>2024-02-25T06:10:33Z</time></trkpt>
<trkpt lat="33.0100583" lon="35.1931112"><ele>235.6</ele><time>2024-02-25T06:10:34Z</time></trkpt>
<trkpt lat="33.0100188" lon="35.1930868"><ele>235.3</ele><time>2024-02-25T06:10:35Z</time></trkpt>
<trkpt lat="33.0099787" lon="35.1930647"><ele>235.0</ele><time>2024-02-25T06:10:36Z</time></trkpt>
<trkpt lat="33.009939" lon="35.1930435"><ele>234.6</ele><time>2024-02-25T06:10:37Z</time></trkpt>
<trkpt lat="33.0099003" lon="35.1930215"><ele>234.3</ele><time>2024-02-25T06:10:38Z</time></trkpt>
<trkpt lat="33.0098626" lon="35.1929972"><ele>233.9</ele><time>2024-02-25T06:10:39Z</time></trkpt>
<trkpt lat="33.0098258" lon="35.1929693"><ele>233.5</ele><time>2024-02-25T06:10:40Z</time></trkpt>
<trkpt lat="33.0097897" lon="35.1929372"><ele>233.1</ele><time>2024-02-25T06:10:41Z</time></trkpt>
<trkpt lat="33.0097538" lon="35.1929011"><ele>232.7</ele><time>2024-02-25T06:10:42Z</time></trkpt>
<trkpt lat="33.0097178" lon="35.1928614"><ele>232.3</ele><time>2024-02-25T06:10:43Z</time></trkpt>
<trkpt lat="33.0096816" lon="35.1928187"><ele>231.9</ele><time>2024-02-25T06:10:44Z</time></trkpt>
<trkpt lat="33.009646" lon="35.1927729"><ele>231.5</ele><time>2024-02-25T06:10:45Z</time></trkpt>
<trkpt lat="33.0096113" lon="35.1927244"><ele>231.0</ele><time>2024-02-25T06:10:46Z</time></trkpt>
<trkpt lat="33.0095776" lon="35.1926733"><ele>230.6</ele><time>2024-02-25T06:10:47Z</time></trkpt>
<trkpt lat="33.0095446" lon="35.192621"><ele>230.2</ele><time>2024-02-25T06:10:48Z</time></trkpt>
<trkpt lat="33.0095117" lon="35.1925692"><ele>229.9</ele><time>2024-02-25T06:10:49Z</time></trkpt>
<trkpt lat="33.0094786" lon="35.192519"><ele>229.6</ele><time>2024-02-25T06:10:50Z</time></trkpt>
<trkpt lat="33.0094448" lon="35.192471"><ele>229.3</ele><time>2024-02-25T06:10:51Z</time></trkpt>
<trkpt lat="33.00941" lon="35.1924252"><ele>229.1</ele><time>2024-02-25T06:10:52Z</time></trkpt>
<trkpt lat="33.0093738" lon="35.1923814"><ele>228.9</ele><time>2024-02-25T06:10:53Z</time></trkpt>
<trkpt lat="33.0093367" lon="35.1923391"><ele>228.8</ele><time>2024-02-25T06:10:54Z</time></trkpt>
<trkpt lat="33.0092993" lon="35.1922972"><ele>228.7</ele><time>2024-02-25T06:10:55Z</time></trkpt>
<trkpt lat="33.0092622" lon="35.1922548"><ele>228.7</ele><time>2024-02-25T06:10:56Z</time></trkpt>
<trkpt lat="33.0092254" lon="35.1922117"><ele>228.7</ele><time>2024-02-25T06:10:57Z</time></trkpt>
<trkpt lat="33.0091884" lon="35.1921687"><ele>228.7</ele><time>2024-02-25T06:10:58Z</time></trkpt>
<trkpt lat="33.0091513" lon="35.1921263"><ele>228.8</ele><time>2024-02-25T06:10:59Z</time></trkpt>
<trkpt lat="33.0091146" lon="35.1920851"><ele>228.9</ele><time>2024-02-25T06:11:00Z</time></trkpt>
<trkpt lat="33.0090793" lon="35.1920455"><ele>229.1</ele><time>2024-02-25T06:11:01Z</time></trkpt>
<trkpt lat="33.0090469" lon="35.1920074"><ele>229.2</ele><time>2024-02-25T06:11:02Z</time></trkpt>
<trkpt lat="33.0090181" lon="35.1919713"><ele>229.4</ele><time>2024-02-25T06:11:03Z</time></trkpt>
<trkpt lat="33.0089932" lon="35.1919375"><ele>229.6</ele><time>2024-02-25T06:11:04Z</time></trkpt>
<trkpt lat="33.0089717" lon="35.191906"><ele>229.8</ele><time>2024-02-25T06:11:05Z</time></trkpt>
<trkpt lat="33.0089533" lon="35.1918761"><ele>229.9</ele><time>2024-02-25T06:11:06Z</time></trkpt>
<trkpt lat="33.0089374" lon="35.1918467"><ele>230.1</ele><time>2024-02-25T06:11:07Z</time></trkpt>
<trkpt lat="33.0089231" lon="35.1918169"><ele>230.3</ele><time>2024-02-25T06:11:08Z</time></trkpt>
<trkpt lat="33.0089094" lon="35.1917862"><ele>230.4</ele><time>2024-02-25T06:11:09Z</time></trkpt>
<trkpt lat="33.0088951" lon="35.1917547"><ele>230.6</ele><time>2024-02-25T06:11:10Z</time></trkpt>
<trkpt lat="33.0088798" lon="35.1917223"><ele>230.7</ele><time>2024-02-25T06:11:11Z</time></trkpt>
<trkpt lat="33.0088636" lon="35.1916896"><ele>230.8</ele><time>2024-02-25T06:11:12Z</time></trkpt>
<trkpt lat="33.0088467" lon="35.1916565"><ele>230.9</ele><time>2024-02-25T06:11:13Z</time></trkpt>
<trkpt lat="33.0088292" lon="35.1916232"><ele>231.0</ele><time>2024-02-25T06:11:14Z</time></trkpt>
<trkpt lat="33.0088113" lon="35.1915899"><ele>231.1</ele><time>2024-02-25T06:11:15Z</time></trkpt>
<trkpt lat="33.008793" lon="35.1915572"><ele>231.2</ele><time>2024-02-25T06:11:16Z</time></trkpt>
<trkpt lat="33.0087742" lon="35.1915254"><ele>231.3</ele><time>2024-02-25T06:11:17Z</time></trkpt>
<trkpt lat="33.008755" lon="35.1914949"><ele>231.4</ele><time>2024-02-25T06:11:18Z</time></trkpt>
<trkpt lat="33.0087358" lon="35.1914663"><ele>231.5</ele><time>2024-02-25T06:11:19Z</time></trkpt>
<trkpt lat="33.0087165" lon="35.1914396"><ele>231.6</ele><time>2024-02-25T06:11:20Z</time></trkpt>
<trkpt lat="33.0086972" lon="35.1914146"><ele>231.7</ele><time>2024-02-25T06:11:21Z</time></trkpt>
<trkpt lat="33.008678" lon="35.1913908"><ele>231.8</ele><time>2024-02-25T06:11:22Z</time></trkpt>
<trkpt lat="33.0086586" lon="35.1913671"><ele>231.9</ele><time>2024-02-25T06:11:23Z</time></trkpt>
<trkpt lat="33.0086394" lon="35.1913429"><ele>232.0</ele><time>2024-02-25T06:11:24Z</time></trkpt>
<trkpt lat="33.0086211" lon="35.1913177"><ele>232.1</ele><time>2024-02-25T06:11:25Z</time></trkpt>
<trkpt lat="33.0086039" lon="35.1912919"><ele>232.2</ele><time>2024-02-25T06:11:26Z</time></trkpt>
<trkpt lat="33.0085876" lon="35.1912663"><ele>232.3</ele><time>2024-02-25T06:11:27Z</time></trkpt>
<trkpt lat="33.0085724" lon="35.1912416"><ele>232.3</ele><time>2024-02-25T06:11:28Z</time></trkpt>
<trkpt lat="33.0085583" lon="35.1912179"><ele>232.4</ele><time>2024-02-25T06:11:29Z</time></trkpt>
<trkpt lat="33.0085459" lon="35.1911942"><ele>232.4</ele><time>2024-02-25T06:11:30Z</time></trkpt>
<trkpt lat="33.0085362" lon="35.1911691"><ele>232.3</ele><time>2024-02-25T06:11:31Z</time></trkpt>
<trkpt lat="33.0085307" lon="35.1911413"><ele>232.3</ele><time>2024-02-25T06:11:32Z</time></trkpt>
<trkpt lat="33.0085304" lon="35.1911096"><ele>232.2</ele><time>2024-02-25T06:11:33Z</time></trkpt>
<trkpt lat="33.0085354" lon="35.1910736"><ele>232.2</ele><time>2024-02-25T06:11:34Z</time></trkpt>
<trkpt lat="33.0085444" lon="35.1910334"><ele>232.0</ele><time>2024-02-25T06:11:35Z</time></trkpt>
<trkpt lat="33.0085554" lon="35.1909897"><ele>231.9</ele><time>2024-02-25T06:11:36Z</time></trkpt>
<trkpt lat="33.0085669" lon="35.1909431"><ele>231.7</ele><time>2024-02-25T06:11:37Z</time></trkpt>
<trkpt lat="33.008578" lon="35.1908941"><ele>231.6</ele><time>2024-02-25T06:11:38Z</time></trkpt>
<trkpt lat="33.0085885" lon="35.1908431"><ele>231.4</ele><time>2024-02-25T06:11:39Z</time></trkpt>
<trkpt lat="33.0085984" lon="35.1907904"><ele>231.1</ele><time>2024-02-25T06:11:40Z</time></trkpt>
<trkpt lat="33.0086078" lon="35.1907359"><ele>230.9</ele><time>2024-02-25T06:11:41Z</time></trkpt>
<trkpt lat="33.0086167" lon="35.1906798"><ele>230.7</ele><time>2024-02-25T06:11:42Z</time></trkpt>
<trkpt lat="33.0086251" lon="35.1906222"><ele>230.4</ele><time>2024-02-25T06:11:43Z</time></trkpt>
<trkpt lat="33.0086334" lon="35.190563"><ele>230.1</ele><time>2024-02-25T06:11:44Z</time></trkpt>
<trkpt lat="33.0086416" lon="35.1905021"><ele>229.8</ele><time>2024-02-25T06:11:45Z</time></trkpt>
<trkpt lat="33.0086498" lon="35.1904395"><ele>229.5</ele><time>2024-02-25T06:11:46Z</time></trkpt>
<trkpt lat="33.008658" lon="35.1903752"><ele>229.2</ele><time>2024-02-25T06:11:47Z</time></trkpt>
<trkpt lat="33.0086666" lon="35.1903091"><ele>228.8</ele><time>2024-02-25T06:11:48Z</time></trkpt>
<trkpt lat="33.0086758" lon="35.1902411"><ele>228.4</ele><time>2024-02-25T06:11:49Z</time></trkpt>
<trkpt lat="33.0086857" lon="35.1901707"><ele>228.0</ele><time>2024-02-25T06:11:50Z</time></trkpt>
<trkpt lat="33.0086964" lon="35.190097"><ele>227.6</ele><time>2024-02-25T06:11:51Z</time></trkpt>
<trkpt lat="33.0087077" lon="35.1900192"><ele>227.2</ele><time>2024-02-25T06:11:52Z</time></trkpt>
<trkpt lat="33.0087195" lon="35.189937"><ele>226.8</ele><time>2024-02-25T06:11:53Z</time></trkpt>
<trkpt lat="33.0087317" lon="35.1898506"><ele>226.3</ele><time>2024-02-25T06:11:54Z</time></trkpt>
<trkpt lat="33.0087444" lon="35.1897607"><ele>225.8</ele><time>2024-02-25T06:11:55Z</time></trkpt>
<trkpt lat="33.0087579" lon="35.1896682"><ele>225.2</ele><time>2024-02-25T06:11:56Z</time></trkpt>
<trkpt lat="33.0087723" lon="35.1895736"><ele>224.7</ele><time>2024-02-25T06:11:57Z</time></trkpt>
<trkpt lat="33.0087878" lon="35.1894776"><ele>224.1</ele><time>2024-02-25T06:11:58Z</time></trkpt>
<trkpt lat="33.0088043" lon="35.1893807"><ele>223.5</ele><time>2024-02-25T06:11:59Z</time></trkpt>
<trkpt lat="33.0088218" lon="35.1892832"><ele>222.9</ele><time>2024-02-25T06:12:00Z</time></trkpt>
<trkpt lat="33.0088407" lon="35.189185"><ele>222.2</ele><time>2024-02-25T06:12:01Z</time></trkpt>
<trkpt lat="33.008861" lon="35.1890857"><ele>221.4</ele><time>2024-02-25T06:12:02Z</time></trkpt>
<trkpt lat="33.0088828" lon="35.1889852"><ele>220.7</ele><time>2024-02-25T06:12:03Z</time></trkpt>
<trkpt lat="33.0089059" lon="35.1888831"><ele>219.9</ele><time>2024-02-25T06:12:04Z</time></trkpt>
<trkpt lat="33.00893" lon="35.1887794"><ele>219.0</ele><time>2024-02-25T06:12:05Z</time></trkpt>
<trkpt lat="33.0089548" lon="35.1886737"><ele>218.2</ele><time>2024-02-25T06:12:06Z</time></trkpt>
<trkpt lat="33.0089797" lon="35.1885657"><ele>217.2</ele><time>2024-02-25T06:12:07Z</time></trkpt>
<trkpt lat="33.0090044" lon="35.1884556"><ele>216.3</ele><time>2024-02-25T06:12:08Z</time></trkpt>
<trkpt lat="33.0090284" lon="35.1883435"><ele>215.3</ele><time>2024-02-25T06:12:09Z</time></trkpt>
<trkpt lat="33.0090516" lon="35.1882293"><ele>214.2</ele><time>2024-02-25T06:12:10Z</time></trkpt>
<trkpt lat="33.0090738" lon="35.188113"><ele>213.1</ele><time>2024-02-25T06:12:11Z</time></trkpt>
<trkpt lat="33.0090948" lon="35.1879946"><ele>212.0</ele><time>2024-02-25T06:12:12Z</time></trkpt>
<trkpt lat="33.0091145" lon="35.1878742"><ele>210.9</ele><time>2024-02-25T06:12:13Z</time></trkpt>
<trkpt lat="33.0091328" lon="35.1877521"><ele>209.8</ele><time>2024-02-25T06:12:14Z</time></trkpt>
<trkpt lat="33.0091501" lon="35.187629"><ele>208.7</ele><time>2024-02-25T06:12:15Z</time></trkpt>
<trkpt lat="33.009167" lon="35.1875055"><ele>207.5</ele><time>2024-02-25T06:12:16Z</time></trkpt>
<trkpt lat="33.009184" lon="35.187382"><ele>206.4</ele><time>2024-02-25T06:12:17Z</time></trkpt>
<trkpt lat="33.0092019" lon="35.1872593"><ele>205.3</ele><time>2024-02-25T06:12:18Z</time></trkpt>
<trkpt lat="33.0092217" lon="35.1871377"><ele>204.2</ele><time>2024-02-25T06:12:19Z</time></trkpt>
<trkpt lat="33.0092442" lon="35.1870179"><ele>203.1</ele><time>2024-02-25T06:12:20Z</time></trkpt>
<trkpt lat="33.0092704" lon="35.1869003"><ele>202.0</ele><time>2024-02-25T06:12:21Z</time></trkpt>
<trkpt lat="33.0093011" lon="35.1867852"><ele>200.9</ele><time>2024-02-25T06:12:22Z</time></trkpt>
<trkpt lat="33.0093368" lon="35.1866729"><ele>199.9</ele><time>2024-02-25T06:12:23Z</time></trkpt>
<trkpt lat="33.0093776" lon="35.1865631"><ele>198.9</ele><time>2024-02-25T06:12:24Z</time></trkpt>
<trkpt lat="33.0094238" lon="35.1864557"><ele>197.9</ele><time>2024-02-25T06:12:25Z</time></trkpt>
<trkpt lat="33.0094754" lon="35.1863506"><ele>197.0</ele><time>2024-02-25T06:12:26Z</time></trkpt>
<trkpt lat="33.0095326" lon="35.1862476"><ele>196.0</ele><time>2024-02-25T06:12:27Z</time></trkpt>
<trkpt lat="33.0095952" lon="35.1861461"><ele>195.2</ele><time>2024-02-25T06:12:28Z</time></trkpt>
<trkpt lat="33.0096621" lon="35.1860452"><ele>194.3</ele><time>2024-02-25T06:12:29Z</time></trkpt>
<trkpt lat="33.0097318" lon="35.1859436"><ele>193.5</ele><time>2024-02-25T06:12:30Z</time></trkpt>
<trkpt lat="33.0098025" lon="35.1858402"><ele>192.8</ele><time>2024-02-25T06:12:31Z</time></trkpt>
<trkpt lat="33.0098727" lon="35.1857343"><ele>192.1</ele><time>2024-02-25T06:12:32Z</time></trkpt>
<trkpt lat="33.0099411" lon="35.1856259"><ele>191.4</ele><time>2024-02-25T06:12:33Z</time></trkpt>
<trkpt lat="33.010007" lon="35.1855158"><ele>190.8</ele><time>2024-02-25T06:12:34Z</time></trkpt>
<trkpt lat="33.0100704" lon="35.185405"><ele>190.3</ele><time>2024-02-25T06:12:35Z</time></trkpt>
<trkpt lat="33.0101312" lon="35.1852938"><ele>189.8</ele><time>2024-02-25T06:12:36Z</time></trkpt>
<trkpt lat="33.0101898" lon="35.1851824"><ele>189.3</ele><time>2024-02-25T06:12:37Z</time></trkpt>
<trkpt lat="33.0102465" lon="35.1850712"><ele>188.9</ele><time>2024-02-25T06:12:38Z</time></trkpt>
<trkpt lat="33.0103015" lon="35.1849601"><ele>188.6</ele><time>2024-02-25T06:12:39Z</time></trkpt>
<trkpt lat="33.0103548" lon="35.1848491"><ele>188.3</ele><time>2024-02-25T06:12:40Z</time></trkpt>
<trkpt lat="33.0104065" lon="35.1847386"><ele>188.0</ele><time>2024-02-25T06:12:41Z</time></trkpt>
<trkpt lat="33.0104566" lon="35.1846285"><ele>187.8</ele><time>2024-02-25T06:12:42Z</time></trkpt>
<trkpt lat="33.0105049" lon="35.1845192"><ele>187.6</ele><time>2024-02-25T06:12:43Z</time></trkpt>
<trkpt lat="33.0105515" lon="35.1844107"><ele>187.4</ele><time>2024-02-25T06:12:44Z</time></trkpt>
<trkpt lat="33.0105968" lon="35.184303"><ele>187.3</ele><time>2024-02-25T06:12:45Z</time></trkpt>
<trkpt lat="33.0106412" lon="35.1841966"><ele>187.2</ele><time>2024-02-25T06:12:46Z</time></trkpt>
<trkpt lat="33.0106853" lon="35.1840918"><ele>187.1</ele><time>2024-02-25T06:12:47Z</time></trkpt>
<trkpt lat="33.0107297" lon="35.1839893"><ele>187.0</ele><time>2024-02-25T06:12:48Z</time></trkpt>
<trkpt lat="33.0107748" lon="35.1838894"><ele>186.9</ele><time>2024-02-25T06:12:49Z</time></trkpt>
<trkpt lat="33.0108206" lon="35.1837926"><ele>186.9</ele><time>2024-02-25T06:12:50Z</time></trkpt>
<trkpt lat="33.010867" lon="35.183699"><ele>186.8</ele><time>2024-02-25T06:12:51Z</time></trkpt>
<trkpt lat="33.010914" lon="35.1836087"><ele>186.8</ele><time>2024-02-25T06:12:52Z</time></trkpt>
<trkpt lat="33.0109615" lon="35.1835218"><ele>186.7</ele><time>2024-02-25T06:12:53Z</time></trkpt>
<trkpt lat="33.0110092" lon="35.1834383"><ele>186.7</ele><time>2024-02-25T06:12:54Z</time></trkpt>
<trkpt lat="33.0110566" lon="35.183358"><ele>186.6</ele><time>2024-02-25T06:12:55Z</time></trkpt>
<trkpt lat="33.0111033" lon="35.1832809"><ele>186.5</ele><time>2024-02-25T06:12:56Z</time></trkpt>
<trkpt lat="33.0111492" lon="35.1832067"><ele>186.4</ele><time>2024-02-25T06:12:57Z</time></trkpt>
<trkpt lat="33.011194" lon="35.1831351"><ele>186.3</ele><time>2024-02-25T06:12:58Z</time></trkpt>
<trkpt lat="33.0112374" lon="35.1830659"><ele>186.2</ele><time>2024-02-25T06:12:59Z</time></trkpt>
<trkpt lat="33.0112792" lon="35.1829986"><ele>186.1</ele><time>2024-02-25T06:13:00Z</time></trkpt>
<trkpt lat="33.0113189" lon="35.182933"><ele>185.9</ele><time>2024-02-25T06:13:01Z</time></trkpt>
<trkpt lat="33.011356" lon="35.1828687"><ele>185.7</ele><time>2024-02-25T06:13:02Z</time></trkpt>
<trkpt lat="33.0113903" lon="35.1828061"><ele>185.5</ele><time>2024-02-25T06:13:03Z</time></trkpt>
<trkpt lat="33.0114216" lon="35.1827463"><ele>185.2</ele><time>2024-02-25T06:13:04Z</time></trkpt>
<trkpt lat="33.0114501" lon="35.182691"><ele>185.0</ele><time>2024-02-25T06:13:05Z</time></trkpt>
<trkpt lat="33.0114768" lon="35.1826425"><ele>184.7</ele><time>2024-02-25T06:13:06Z</time></trkpt>
<trkpt lat="33.0115027" lon="35.1826035"><ele>184.4</ele><time>2024-02-25T06:13:07Z</time></trkpt>
<trkpt lat="33.0115289" lon="35.1825764"><ele>184.1</ele><time>2024-02-25T06:13:08Z</time></trkpt>
<trkpt lat="33.0115562" lon="35.1825626"><ele>183.7</ele><time>2024-02-25T06:13:09Z</time></trkpt>
<trkpt lat="33.0115849" lon="35.182562"><ele>183.4</ele><time>2024-02-25T06:13:10Z</time></trkpt>
<trkpt lat="33.0116148" lon="35.1825735"><ele>183.1</ele><time>2024-02-25T06:13:11Z</time></trkpt>
<trkpt lat="33.0116452" lon="35.1825951"><ele>182.7</ele><time>2024-02-25T06:13:12Z</time></trkpt>
<trkpt lat="33.0116754" lon="35.1826245"><ele>182.3</ele><time>2024-02-25T06:13:13Z</time></trkpt>
<trkpt lat="33.0117056" lon="35.1826599"><ele>182.0</ele><time>2024-02-25T06:13:14Z</time></trkpt>
<trkpt lat="33.0117365" lon="35.1827001"><ele>181.6</ele><time>2024-02-25T06:13:15Z</time></trkpt>
<trkpt lat="33.0117688" lon="35.1827442"><ele>181.3</ele><time>2024-02-25T06:13:16Z</time></trkpt>
<trkpt lat="33.0118029" lon="35.1827907"><ele>180.9</ele><time>2024-02-25T06:13:17Z</time></trkpt>
<trkpt lat="33.0118385" lon="35.1828387"><ele>180.6</ele><time>2024-02-25T06:13:18Z</time></trkpt>
<trkpt lat="33.0118744" lon="35.1828874"><ele>180.3</ele><time>2024-02-25T06:13:19Z</time></trkpt>
<trkpt lat="33.0119098" lon="35.1829366"><ele>180.0</ele><time>2024-02-25T06:13:20Z</time></trkpt>
<trkpt lat="33.011944" lon="35.1829865"><ele>179.8</ele><time>2024-02-25T06:13:21Z</time></trkpt>
<trkpt lat="33.0119769" lon="35.1830367"><ele>179.6</ele><time>2024-02-25T06:13:22Z</time></trkpt>
<trkpt lat="33.012008" lon="35.1830874"><ele>179.4</ele><time>2024-02-25T06:13:23Z</time></trkpt>
<trkpt lat="33.0120375" lon="35.1831382"><ele>179.2</ele><time>2024-02-25T06:13:24Z</time></trkpt>
<trkpt lat="33.0120656" lon="35.1831889"><ele>179.0</ele><time>2024-02-25T06:13:25Z</time></trkpt>
<trkpt lat="33.0120927" lon="35.1832393"><ele>178.9</ele><time>2024-02-25T06:13:26Z</time></trkpt>
<trkpt lat="33.0121192" lon="35.1832889"><ele>178.7</ele><time>2024-02-25T06:13:27Z</time></trkpt>
<trkpt lat="33.0121459" lon="35.1833372"><ele>178.6</ele><time>2024-02-25T06:13:28Z</time></trkpt>
<trkpt lat="33.0121733" lon="35.1833838"><ele>178.5</ele><time>2024-02-25T06:13:29Z</time></trkpt>
<trkpt lat="33.0122016" lon="35.1834284"><ele>178.5</ele><time>2024-02-25T06:13:30Z</time></trkpt>
<trkpt lat="33.0122304" lon="35.1834715"><ele>178.4</ele><time>2024-02-25T06:13:31Z</time></trkpt>
<trkpt lat="33.0122595" lon="35.1835134"><ele>178.3</ele><time>2024-02-25T06:13:32Z</time></trkpt>
<trkpt lat="33.0122887" lon="35.1835543"><ele>178.2</ele><time>2024-02-25T06:13:33Z</time></trkpt>
<trkpt lat="33.0123183" lon="35.1835943"><ele>178.1</ele><time>2024-02-25T06:13:34Z</time></trkpt>
<trkpt lat="33.0123484" lon="35.1836335"><ele>178.1</ele><time>2024-02-25T06:13:35Z</time></trkpt>
<trkpt lat="33.0123788" lon="35.1836722"><ele>178.0</ele><time>2024-02-25T06:13:36Z</time></trkpt>
<trkpt lat="33.012409" lon="35.1837107"><ele>177.9</ele><time>2024-02-25T06:13:37Z</time></trkpt>
<trkpt lat="33.0124385" lon="35.1837485"><ele>177.8</ele><time>2024-02-25T06:13:38Z</time></trkpt>
<trkpt lat="33.0124672" lon="35.183785"><ele>177.8</ele><time>2024-02-25T06:13:39Z</time></trkpt>
<trkpt lat="33.0124951" lon="35.183819"><ele>177.7</ele><time>2024-02-25T06:13:40Z</time></trkpt>
<trkpt lat="33.0125227" lon="35.1838492"><ele>177.6</ele><time>2024-02-25T06:13:41Z</time></trkpt>
<trkpt lat="33.0125503" lon="35.1838749"><ele>177.5</ele><time>2024-02-25T06:13:42Z</time></trkpt>
<trkpt lat="33.0125785" lon="35.1838956"><ele>177.4</ele><time>2024-02-25T06:13:43Z</time></trkpt>
<trkpt lat="33.012607" lon="35.1839123"><ele>177.4</ele><time>2024-02-25T06:13:44Z</time></trkpt>
<trkpt lat="33.0126348" lon="35.1839271"><ele>177.3</ele><time>2024-02-25T06:13:45Z</time></trkpt>
<trkpt lat="33.012661" lon="35.1839425"><ele>177.2</ele><time>2024-02-25T06:13:46Z</time></trkpt>
<trkpt lat="33.0126849" lon="35.1839599"><ele>177.2</ele><time>2024-02-25T06:13:47Z</time></trkpt>
<trkpt lat="33.0127061" lon="35.1839795"><ele>177.2</ele><time>2024-02-25T06:13:48Z</time></trkpt>
<trkpt lat="33.0127245" lon="35.1840007"><ele>177.1</ele><time>2024-02-25T06:13:49Z</time></trkpt>
<trkpt lat="33.0127397" lon="35.1840221"><ele>177.1</ele><time>2024-02-25T06:13:50Z</time></trkpt>
<trkpt lat="33.0127513" lon="35.1840424"><ele>177.1</ele><time>2024-02-25T06:13:51Z</time></trkpt>
<trkpt lat="33.0127594" lon="35.1840604"><ele>177.1</ele><time>2024-02-25T06:13:52Z</time></trkpt>
<trkpt lat="33.0127642" lon="35.1840746"><ele>177.1</ele><time>2024-02-25T06:13:53Z</time></trkpt>
<trkpt lat="33.0127663" lon="35.1840841"><ele>177.1</ele><time>2024-02-25T06:13:54Z</time></trkpt>
<trkpt lat="33.0127664" lon="35.1840894"><ele>177.2</ele><time>2024-02-25T06:13:55Z</time></trkpt>
<trkpt lat="33.0127654" lon="35.1840916"><ele>177.2</ele><time>2024-02-25T06:13:56Z</time></trkpt>
<trkpt lat="33.0127642" lon="35.184092"><ele>177.3</ele><time>2024-02-25T06:13:57Z</time></trkpt>
<trkpt lat="33.0127633" lon="35.1840915"><ele>177.3</ele><time>2024-02-25T06:13:58Z</time></trkpt>
<trkpt lat="33.0127628" lon="35.1840908"><ele>177.4</ele><time>2024-02-25T06:13:59Z</time></trkpt>
<trkpt lat="33.0127628" lon="35.18409"><ele>177.4</ele><time>2024-02-25T06:14:00Z</time></trkpt>
<trkpt lat="33.0127632" lon="35.1840895"><ele>177.5</ele><time>2024-02-25T06:14:01Z</time></trkpt>
<trkpt lat="33.012764" lon="35.1840893"><ele>177.6</ele><time>2024-02-25T06:14:02Z</time></trkpt>
<trkpt lat="33.0127652" lon="35.1840894"><ele>177.6</ele><time>2024-02-25T06:14:03Z</time></trkpt>
<trkpt lat="33.0127666" lon="35.1840895"><ele>177.7</ele><time>2024-02-25T06:14:04Z</time></trkpt>
<trkpt lat="33.012768" lon="35.1840895"><ele>177.7</ele><time>2024-02-25T06:14:05Z</time></trkpt>
<trkpt lat="33.0127693" lon="35.1840895"><ele>177.8</ele><time>2024-02-25T06:14:06Z</time></trkpt>
<trkpt lat="33.0127702" lon="35.1840894"><ele>177.8</ele><time>2024-02-25T06:14:07Z</time></trkpt>
<trkpt lat="33.0127706" lon="35.1840894"><ele>177.9</ele><time>2024-02-25T06:14:08Z</time></trkpt>
<trkpt lat="33.0127707" lon="35.1840896"><ele>177.9</ele><time>2024-02-25T06:14:09Z</time></trkpt>
<trkpt lat="33.0127705" lon="35.1840899"><ele>177.9</ele><time>2024-02-25T06:14:10Z</time></trkpt>
<trkpt lat="33.0127701" lon="35.1840906"><ele>177.9</ele><time>2024-02-25T06:14:11Z</time></trkpt>
<trkpt lat="33.0127696" lon="35.1840916"><ele>177.9</ele><time>2024-02-25T06:14:12Z</time></trkpt>
<trkpt lat="33.0127691" lon="35.1840928"><ele>177.9</ele><time>2024-02-25T06:14:13Z</time></trkpt>
<trkpt lat="33.0127685" lon="35.1840941"><ele>177.9</ele><time>2024-02-25T06:14:14Z</time></trkpt>
<trkpt lat="33.0127679" lon="35.1840955"><ele>177.9</ele><time>2024-02-25T06:14:15Z</time></trkpt>
<trkpt lat="33.0127672" lon="35.1840966"><ele>177.9</ele><time>2024-02-25T06:14:16Z</time></trkpt>
<trkpt lat="33.0127666" lon="35.1840975"><ele>177.9</ele><time>2024-02-25T06:14:17Z</time></trkpt>
<trkpt lat="33.012766" lon="35.1840981"><ele>177.9</ele><time>2024-02-25T06:14:18Z</time></trkpt>
<trkpt lat="33.0127655" lon="35.1840985"><ele>177.8</ele><time>2024-02-25T06:14:19Z</time></trkpt>
<trkpt lat="33.0127651" lon="35.1840987"><ele>177.8</ele><time>2024-02-25T06:14:20Z</time></trkpt>
<trkpt lat="33.0127648" lon="35.184099"><ele>177.7</ele><time>2024-02-25T06:14:21Z</time></trkpt>
<trkpt lat="33.0127645" lon="35.1840993"><ele>177.7</ele><time>2024-02-25T06:14:22Z</time></trkpt>
<trkpt lat="33.0127643" lon="35.1840997"><ele>177.6</ele><time>2024-02-25T06:14:23Z</time></trkpt>
<trkpt lat="33.0127641" lon="35.1841003"><ele>177.6</ele><time>2024-02-25T06:14:24Z</time></trkpt>
<trkpt lat="33.0127638" lon="35.1841009"><ele>177.5</ele><time>2024-02-25T06:14:25Z</time></trkpt>
<trkpt lat="33.0127636" lon="35.1841015"><ele>177.5</ele><time>2024-02-25T06:14:26Z</time></trkpt>
<trkpt lat="33.0127635" lon="35.184102"><ele>177.4</ele><time>2024-02-25T06:14:27Z</time></trkpt>
<trkpt lat="33.0127634" lon="35.1841022"><ele>177.4</ele><time>2024-02-25T06:14:28Z</time></trkpt>
<trkpt lat="33.0127633" lon="35.1841024"><ele>177.3</ele><time>2024-02-25T06:14:29Z</time></trkpt>
<trkpt lat="33.0127632" lon="35.1841026"><ele>177.3</ele><time>2024-02-25T06:14:30Z</time></trkpt>
<trkpt lat="33.012763" lon="35.1841029"><ele>177.3</ele><time>2024-02-25T06:14:31Z</time></trkpt>
<trkpt lat="33.0127626" lon="35.1841034"><ele>177.2</ele><time>2024-02-25T06:14:32Z</time></trkpt>
<trkpt lat="33.012762" lon="35.1841041"><ele>177.2</ele><time>2024-02-25T06:14:33Z</time></trkpt>
<trkpt lat="33.0127613" lon="35.1841051"><ele>177.2</ele><time>2024-02-25T06:14:34Z</time></trkpt>
<trkpt lat="33.0127604" lon="35.1841064"><ele>177.2</ele><time>2024-02-25T06:14:35Z</time></trkpt>
<trkpt lat="33.0127595" lon="35.1841077"><ele>177.2</ele><time>2024-02-25T06:14:36Z</time></trkpt>
<trkpt lat="33.0127588" lon="35.1841089"><ele>177.1</ele><time>2024-02-25T06:14:37Z</time></trkpt>
<trkpt lat="33.0127583" lon="35.18411"><ele>177.1</ele><time>2024-02-25T06:14:38Z</time></trkpt>
<trkpt lat="33.0127579" lon="35.184111"><ele>177.1</ele><time>2024-02-25T06:14:39Z</time></trkpt>
<trkpt lat="33.0127577" lon="35.1841118"><ele>177.1</ele><time>2024-02-25T06:14:40Z</time></trkpt>
<trkpt lat="33.0127576" lon="35.1841126"><ele>177.1</ele><time>2024-02-25T06:14:41Z</time></trkpt>
<trkpt lat="33.0127575" lon="35.1841132"><ele>177.1</ele><time>2024-02-25T06:14:42Z</time></trkpt>
<trkpt lat="33.0127575" lon="35.1841136"><ele>177.1</ele><time>2024-02-25T06:14:43Z</time></trkpt>
<trkpt lat="33.0127574" lon="35.1841134"><ele>177.1</ele><time>2024-02-25T06:14:44Z</time></trkpt>
<trkpt lat="33.0127574" lon="35.1841125"><ele>177.1</ele><time>2024-02-25T06:14:45Z</time></trkpt>
<trkpt lat="33.0127571" lon="35.1841109"><ele>177.1</ele><time>2024-02-25T06:14:46Z</time></trkpt>
<trkpt lat="33.012757" lon="35.184109"><ele>177.1</ele><time>2024-02-25T06:14:47Z</time></trkpt>
<trkpt lat="33.0127573" lon="35.1841073"><ele>177.1</ele><time>2024-02-25T06:14:48Z</time></trkpt>
<trkpt lat="33.0127579" lon="35.1841061"><ele>177.1</ele><time>2024-02-25T06:14:49Z</time></trkpt>
<trkpt lat="33.0127587" lon="35.1841056"><ele>177.1</ele><time>2024-02-25T06:14:50Z</time></trkpt>
<trkpt lat="33.0127593" lon="35.1841057"><ele>177.1</ele><time>2024-02-25T06:14:51Z</time></trkpt>
<trkpt lat="33.0127596" lon="35.1841064"><ele>177.1</ele><time>2024-02-25T06:14:52Z</time></trkpt>
<trkpt lat="33.0127597" lon="35.1841073"><ele>177.1</ele><time>2024-02-25T06:14:53Z</time></trkpt>
<trkpt lat="33.0127597" lon="35.1841082"><ele>177.1</ele><time>2024-02-25T06:14:54Z</time></trkpt>
<trkpt lat="33.0127598" lon="35.1841088"><ele>177.1</ele><time>2024-02-25T06:14:55Z</time></trkpt>
<trkpt lat="33.0127599" lon="35.1841088"><ele>177.1</ele><time>2024-02-25T06:14:56Z</time></trkpt>
<trkpt lat="33.0127599" lon="35.1841078"><ele>177.1</ele><time>2024-02-25T06:14:57Z</time></trkpt>
<trkpt lat="33.0127592" lon="35.1841056"><ele>177.1</ele><time>2024-02-25T06:14:58Z</time></trkpt>
<trkpt lat="33.0127573" lon="35.1841018"><ele>177.1</ele><time>2024-02-25T06:14:59Z</time></trkpt>
<trkpt lat="33.0127537" lon="35.1840965"><ele>177.2</ele><time>2024-02-25T06:15:00Z</time></trkpt>
<trkpt lat="33.0127479" lon="35.1840897"><ele>177.2</ele><time>2024-02-25T06:15:01Z</time></trkpt>
<trkpt lat="33.0127397" lon="35.1840817"><ele>177.2</ele><time>2024-02-25T06:15:02Z</time></trkpt>
<trkpt lat="33.0127293" lon="35.1840729"><ele>177.3</ele><time>2024-02-25T06:15:03Z</time></trkpt>
<trkpt lat="33.0127172" lon="35.1840632"><ele>177.3</ele><time>2024-02-25T06:15:04Z</time></trkpt>
<trkpt lat="33.0127035" lon="35.1840528"><ele>177.4</ele><time>2024-02-25T06:15:05Z</time></trkpt>
<trkpt lat="33.0126885" lon="35.1840416"><ele>177.5</ele><time>2024-02-25T06:15:06Z</time></trkpt>
<trkpt lat="33.0126724" lon="35.1840291"><ele>177.5</ele><time>2024-02-25T06:15:07Z</time></trkpt>
<trkpt lat="33.0126556" lon="35.1840149"><ele>177.6</ele><time>2024-02-25T06:15:08Z</time></trkpt>
<trkpt lat="33.0126388" lon="35.183999"><ele>177.7</ele><time>2024-02-25T06:15:09Z</time></trkpt>
<trkpt lat="33.0126229" lon="35.1839815"><ele>177.8</ele><time>2024-02-25T06:15:10Z</time></trkpt>
<trkpt lat="33.0126079" lon="35.1839635"><ele>177.9</ele><time>2024-02-25T06:15:11Z</time></trkpt>
<trkpt lat="33.0125934" lon="35.1839455"><ele>178.0</ele><time>2024-02-25T06:15:12Z</time></trkpt>
<trkpt lat="33.0125789" lon="35.1839279"><ele>178.1</ele><time>2024-02-25T06:15:13Z</time></trkpt>
<trkpt lat="33.0125643" lon="35.1839104"><ele>178.2</ele><time>2024-02-25T06:15:14Z</time></trkpt>
<trkpt lat="33.0125498" lon="35.1838914"><ele>178.3</ele><time>2024-02-25T06:15:15Z</time></trkpt>
<trkpt lat="33.0125355" lon="35.1838712"><ele>178.4</ele><time>2024-02-25T06:15:16Z</time></trkpt>
<trkpt lat="33.0125213" lon="35.183851"><ele>178.5</ele><time>2024-02-25T06:15:17Z</time></trkpt>
<trkpt lat="33.0125064" lon="35.1838304"><ele>178.6</ele><time>2024-02-25T06:15:18Z</time></trkpt>
<trkpt lat="33.0124906" lon="35.183809"><ele>178.7</ele><time>2024-02-25T06:15:19Z</time></trkpt>
<trkpt lat="33.0124738" lon="35.1837872"><ele>178.8</ele><time>2024-02-25T06:15:20Z</time></trkpt>
<trkpt lat="33.0124565" lon="35.1837651"><ele>178.9</ele><time>2024-02-25T06:15:21Z</time></trkpt>
<trkpt lat="33.0124399" lon="35.1837428"><ele>179.0</ele><time>2024-02-25T06:15:22Z</time></trkpt>
<trkpt lat="33.0124249" lon="35.18372"><ele>179.0</ele><time>2024-02-25T06:15:23Z</time></trkpt>
<trkpt lat="33.0124101" lon="35.1836958"><ele>179.1</ele><time>2024-02-25T06:15:24Z</time></trkpt>
<trkpt lat="33.0123944" lon="35.1836714"><ele>179.2</ele><time>2024-02-25T06:15:25Z</time></trkpt>
<trkpt lat="33.0123774" lon="35.183648"><ele>179.3</ele><time>2024-02-25T06:15:26Z</time></trkpt>
<trkpt lat="33.0123589" lon="35.1836264"><ele>179.4</ele><time>2024-02-25T06:15:27Z</time></trkpt>
<trkpt lat="33.0123406" lon="35.1836056"><ele>179.5</ele><time>2024-02-25T06:15:28Z</time></trkpt>
<trkpt lat="33.0123227" lon="35.1835837"><ele>179.6</ele><time>2024-02-25T06:15:29Z</time></trkpt>
<trkpt lat="33.0123049" lon="35.1835611"><ele>179.7</ele><time>2024-02-25T06:15:30Z</time></trkpt>
<trkpt lat="33.0122879" lon="35.1835375"><ele>179.8</ele><time>2024-02-25T06:15:31Z</time></trkpt>
<trkpt lat="33.0122715" lon="35.1835132"><ele>179.9</ele><time>2024-02-25T06:15:32Z</time></trkpt>
<trkpt lat="33.0122551" lon="35.1834894"><ele>180.0</ele><time>2024-02-25T06:15:33Z</time></trkpt>
<trkpt lat="33.0122382" lon="35.1834648"><ele>180.0</ele><time>2024-02-25T06:15:34Z</time></trkpt>
<trkpt lat="33.0122212" lon="35.1834403"><ele>180.1</ele><time>2024-02-25T06:15:35Z</time></trkpt>
<trkpt lat="33.0122046" lon="35.1834173"><ele>180.2</ele><time>2024-02-25T06:15:36Z</time></trkpt>
<trkpt lat="33.0121882" lon="35.1833949"><ele>180.3</ele><time>2024-02-25T06:15:37Z</time></trkpt>
<trkpt lat="33.0121719" lon="35.183372"><ele>180.3</ele><time>2024-02-25T06:15:38Z</time></trkpt>
<trkpt lat="33.0121557" lon="35.1833487"><ele>180.4</ele><time>2024-02-25T06:15:39Z</time></trkpt>
<trkpt lat="33.0121388" lon="35.1833248"><ele>180.5</ele><time>2024-02-25T06:15:40Z</time></trkpt>
<trkpt lat="33.0121212" lon="35.1833009"><ele>180.5</ele><time>2024-02-25T06:15:41Z</time></trkpt>
<trkpt lat="33.0121034" lon="35.1832776"><ele>180.6</ele><time>2024-02-25T06:15:42Z</time></trkpt>
<trkpt lat="33.012086" lon="35.1832537"><ele>180.6</ele><time>2024-02-25T06:15:43Z</time></trkpt>
<trkpt lat="33.0120692" lon="35.183228"><ele>180.7</ele><time>2024-02-25T06:15:44Z</time></trkpt>
<trkpt lat="33.0120525" lon="35.1832022"><ele>180.7</ele><time>2024-02-25T06:15:45Z</time></trkpt>
<trkpt lat="33.0120358" lon="35.1831774"><ele>180.7</ele><time>2024-02-25T06:15:46Z</time></trkpt>
<trkpt lat="33.012019" lon="35.1831527"><ele>180.8</ele><time>2024-02-25T06:15:47Z</time></trkpt>
<trkpt lat="33.012002" lon="35.1831278"><ele>180.8</ele><time>2024-02-25T06:15:48Z</time></trkpt>
<trkpt lat="33.0119844" lon="35.1831036"><ele>180.8</ele><time>2024-02-25T06:15:49Z</time></trkpt>
<trkpt lat="33.0119661" lon="35.1830798"><ele>180.8</ele><time>2024-02-25T06:15:50Z</time></trkpt>
<trkpt lat="33.0119495" lon="35.1830545"><ele>180.8</ele><time>2024-02-25T06:15:51Z</time></trkpt>
<trkpt lat="33.0119359" lon="35.1830272"><ele>180.8</ele><time>2024-02-25T06:15:52Z</time></trkpt>
<trkpt lat="33.0119234" lon="35.1829988"><ele>180.8</ele><time>2024-02-25T06:15:53Z</time></trkpt>
<trkpt lat="33.0119102" lon="35.1829692"><ele>180.8</ele><time>2024-02-25T06:15:54Z</time></trkpt>
<trkpt lat="33.0118958" lon="35.1829395"><ele>180.8</ele><time>2024-02-25T06:15:55Z</time></trkpt>
<trkpt lat="33.0118809" lon="35.1829119"><ele>180.8</ele><time>2024-02-25T06:15:56Z</time></trkpt>
<trkpt lat="33.0118651" lon="35.1828868"><ele>180.8</ele><time>2024-02-25T06:15:57Z</time></trkpt>
<trkpt lat="33.0118497" lon="35.1828635"><ele>180.8</ele><time>2024-02-25T06:15:58Z</time></trkpt>
<trkpt lat="33.0118353" lon="35.1828423"><ele>180.8</ele><time>2024-02-25T06:15:59Z</time></trkpt>
<trkpt lat="33.0118212" lon="35.1828223"><ele>180.9</ele><time>2024-02-25T06:16:00Z</time></trkpt>
<trkpt lat="33.0118068" lon="35.1828023"><ele>180.9</ele><time>2024-02-25T06:16:01Z</time></trkpt>
<trkpt lat="33.0117918" lon="35.182783"><ele>180.9</ele><time>2024-02-25T06:16:02Z</time></trkpt>
<trkpt lat="33.0117771" lon="35.1827643"><ele>181.0</ele><time>2024-02-25T06:16:03Z</time></trkpt>
<trkpt lat="33.0117635" lon="35.1827456"><ele>181.1</ele><time>2024-02-25T06:16:04Z</time></trkpt>
<trkpt lat="33.0117493" lon="35.1827266"><ele>181.1</ele><time>2024-02-25T06:16:05Z</time></trkpt>
<trkpt lat="33.0117346" lon="35.1827082"><ele>181.2</ele><time>2024-02-25T06:16:06Z</time></trkpt>
<trkpt lat="33.0117206" lon="35.1826922"><ele>181.2</ele><time>2024-02-25T06:16:07Z</time></trkpt>
<trkpt lat="33.0117073" lon="35.1826781"><ele>181.3</ele><time>2024-02-25T06:16:08Z</time></trkpt>
<trkpt lat="33.0116931" lon="35.1826642"><ele>181.4</ele><time>2024-02-25T06:16:09Z</time></trkpt>
<trkpt lat="33.0116788" lon="35.1826494"><ele>181.4</ele><time>2024-02-25T06:16:10Z</time></trkpt>
<trkpt lat="33.0116653" lon="35.1826336"><ele>181.5</ele><time>2024-02-25T06:16:11Z</time></trkpt>
<trkpt lat="33.0116529" lon="35.1826172"><ele>181.5</ele><time>2024-02-25T06:16:12Z</time></trkpt>
<trkpt lat="33.0116412" lon="35.1826009"><ele>181.6</ele><time>2024-02-25T06:16:13Z</time></trkpt>
<trkpt lat="33.0116299" lon="35.1825846"><ele>181.6</ele><time>2024-02-25T06:16:14Z</time></trkpt>
<trkpt lat="33.0116187" lon="35.1825668"><ele>181.6</ele><time>2024-02-25T06:16:15Z</time></trkpt>
<trkpt lat="33.0116074" lon="35.1825468"><ele>181.6</ele><time>2024-02-25T06:16:16Z</time></trkpt>
<trkpt lat="33.0115976" lon="35.1825248"><ele>181.6</ele><time>2024-02-25T06:16:17Z</time></trkpt>
<trkpt lat="33.0115911" lon="35.1824999"><ele>181.5</ele><time>2024-02-25T06:16:18Z</time></trkpt>
<trkpt lat="33.0115891" lon="35.1824712"><ele>181.5</ele><time>2024-02-25T06:16:19Z</time></trkpt>
<trkpt lat="33.0115928" lon="35.1824391"><ele>181.4</ele><time>2024-02-25T06:16:20Z</time></trkpt>
<trkpt lat="33.0116041" lon="35.1824039"><ele>181.3</ele><time>2024-02-25T06:16:21Z</time></trkpt>
<trkpt lat="33.011622" lon="35.1823659"><ele>181.2</ele><time>2024-02-25T06:16:22Z</time></trkpt>
<trkpt lat="33.011643" lon="35.1823253"><ele>181.0</ele><time>2024-02-25T06:16:23Z</time></trkpt>
<trkpt lat="33.0116656" lon="35.1822817"><ele>180.9</ele><time>2024-02-25T06:16:24Z</time></trkpt>
<trkpt lat="33.0116904" lon="35.1822358"><ele>180.7</ele><time>2024-02-25T06:16:25Z</time></trkpt>
<trkpt lat="33.0117168" lon="35.1821878"><ele>180.5</ele><time>2024-02-25T06:16:26Z</time></trkpt>
<trkpt lat="33.0117427" lon="35.1821371"><ele>180.3</ele><time>2024-02-25T06:16:27Z</time></trkpt>
<trkpt lat="33.0117683" lon="35.182085"><ele>180.1</ele><time>2024-02-25T06:16:28Z</time></trkpt>
<trkpt lat="33.0117939" lon="35.182032"><ele>179.9</ele><time>2024-02-25T06:16:29Z</time></trkpt>
<trkpt lat="33.0118189" lon="35.1819773"><ele>179.7</ele><time>2024-02-25T06:16:30Z</time></trkpt>
<trkpt lat="33.0118446" lon="35.1819211"><ele>179.5</ele><time>2024-02-25T06:16:31Z</time></trkpt>
<trkpt lat="33.0118711" lon="35.1818639"><ele>179.3</ele><time>2024-02-25T06:16:32Z</time></trkpt>
<trkpt lat="33.0118972" lon="35.1818051"><ele>179.0</ele><time>2024-02-25T06:16:33Z</time></trkpt>
<trkpt lat="33.011922" lon="35.1817444"><ele>178.8</ele><time>2024-02-25T06:16:34Z</time></trkpt>
<trkpt lat="33.0119436" lon="35.1816814"><ele>178.6</ele><time>2024-02-25T06:16:35Z</time></trkpt>
<trkpt lat="33.0119607" lon="35.1816163"><ele>178.4</ele><time>2024-02-25T06:16:36Z</time></trkpt>
<trkpt lat="33.0119744" lon="35.1815493"><ele>178.1</ele><time>2024-02-25T06:16:37Z</time></trkpt>
<trkpt lat="33.0119855" lon="35.1814808"><ele>177.9</ele><time>2024-02-25T06:16:38Z</time></trkpt>
<trkpt lat="33.0119944" lon="35.1814109"><ele>177.7</ele><time>2024-02-25T06:16:39Z</time></trkpt>
<trkpt lat="33.0120022" lon="35.1813396"><ele>177.5</ele><time>2024-02-25T06:16:40Z</time></trkpt>
<trkpt lat="33.0120084" lon="35.1812664"><ele>177.3</ele><time>2024-02-25T06:16:41Z</time></trkpt>
<trkpt lat="33.0120121" lon="35.1811908"><ele>177.1</ele><time>2024-02-25T06:16:42Z</time></trkpt>
<trkpt lat="33.0120138" lon="35.1811128"><ele>176.9</ele><time>2024-02-25T06:16:43Z</time></trkpt>
<trkpt lat="33.0120154" lon="35.181033"><ele>176.8</ele><time>2024-02-25T06:16:44Z</time></trkpt>
<trkpt lat="33.0120184" lon="35.1809527"><ele>176.6</ele><time>2024-02-25T06:16:45Z</time></trkpt>
<trkpt lat="33.0120226" lon="35.1808722"><ele>176.4</ele><time>2024-02-25T06:16:46Z</time></trkpt>
<trkpt lat="33.0120274" lon="35.1807913"><ele>176.2</ele><time>2024-02-25T06:16:47Z</time></trkpt>
<trkpt lat="33.0120324" lon="35.1807104"><ele>176.0</ele><time>2024-02-25T06:16:48Z</time></trkpt>
<trkpt lat="33.012038" lon="35.1806296"><ele>175.7</ele><time>2024-02-25T06:16:49Z</time></trkpt>
<trkpt lat="33.0120441" lon="35.180548"><ele>175.5</ele><time>2024-02-25T06:16:50Z</time></trkpt>
<trkpt lat="33.0120502" lon="35.1804642"><ele>175.3</ele><time>2024-02-25T06:16:51Z</time></trkpt>
<trkpt lat="33.0120576" lon="35.1803786"><ele>175.0</ele><time>2024-02-25T06:16:52Z</time></trkpt>
<trkpt lat="33.0120671" lon="35.1802921"><ele>174.8</ele><time>2024-02-25T06:16:53Z</time></trkpt>
<trkpt lat="33.0120774" lon="35.1802057"><ele>174.5</ele><time>2024-02-25T06:16:54Z</time></trkpt>
<trkpt lat="33.0120886" lon="35.1801194"><ele>174.2</ele><time>2024-02-25T06:16:55Z</time></trkpt>
<trkpt lat="33.0121011" lon="35.1800323"><ele>173.9</ele><time>2024-02-25T06:16:56Z</time></trkpt>
<trkpt lat="33.0121154" lon="35.1799433"><ele>173.6</ele><time>2024-02-25T06:16:57Z</time></trkpt>
<trkpt lat="33.0121316" lon="35.1798521"><ele>173.3</ele><time>2024-02-25T06:16:58Z</time></trkpt>
<trkpt lat="33.012149" lon="35.1797588"><ele>172.9</ele><time>2024-02-25T06:16:59Z</time></trkpt>
<trkpt lat="33.0121672" lon="35.1796643"><ele>172.5</ele><time>2024-02-25T06:17:00Z</time></trkpt>
<trkpt lat="33.0121853" lon="35.17957"><ele>172.1</ele><time>2024-02-25T06:17:01Z</time></trkpt>
<trkpt lat="33.0122035" lon="35.1794751"><ele>171.6</ele><time>2024-02-25T06:17:02Z</time></trkpt>
<trkpt lat="33.0122222" lon="35.179379"><ele>171.2</ele><time>2024-02-25T06:17:03Z</time></trkpt>
<trkpt lat="33.0122411" lon="35.1792812"><ele>170.7</ele><time>2024-02-25T06:17:04Z</time></trkpt>
<trkpt lat="33.0122602" lon="35.1791814"><ele>170.2</ele><time>2024-02-25T06:17:05Z</time></trkpt>
<trkpt lat="33.0122804" lon="35.1790799"><ele>169.7</ele><time>2024-02-25T06:17:06Z</time></trkpt>
<trkpt lat="33.0123015" lon="35.1789766"><ele>169.1</ele><time>2024-02-25T06:17:07Z</time></trkpt>
<trkpt lat="33.0123222" lon="35.1788718"><ele>168.6</ele><time>2024-02-25T06:17:08Z</time></trkpt>
<trkpt lat="33.0123436" lon="35.1787665"><ele>168.0</ele><time>2024-02-25T06:17:09Z</time></trkpt>
<trkpt lat="33.012367" lon="35.178661"><ele>167.4</ele><time>2024-02-25T06:17:10Z</time></trkpt>
<trkpt lat="33.012391" lon="35.1785552"><ele>166.7</ele><time>2024-02-25T06:17:11Z</time></trkpt>
<trkpt lat="33.0124147" lon="35.1784482"><ele>166.1</ele><time>2024-02-25T06:17:12Z</time></trkpt>
<trkpt lat="33.0124384" lon="35.1783401"><ele>165.4</ele><time>2024-02-25T06:17:13Z</time></trkpt>
<trkpt lat="33.0124619" lon="35.1782314"><ele>164.7</ele><time>2024-02-25T06:17:14Z</time></trkpt>
<trkpt lat="33.0124858" lon="35.1781222"><ele>164.1</ele><time>2024-02-25T06:17:15Z</time></trkpt>
<trkpt lat="33.0125104" lon="35.1780124"><ele>163.4</ele><time>2024-02-25T06:17:16Z</time></trkpt>
<trkpt lat="33.0125353" lon="35.1779021"><ele>162.6</ele><time>2024-02-25T06:17:17Z</time></trkpt>
<trkpt lat="33.0125601" lon="35.1777911"><ele>161.9</ele><time>2024-02-25T06:17:18Z</time></trkpt>
<trkpt lat="33.0125852" lon="35.1776798"><ele>161.2</ele><time>2024-02-25T06:17:19Z</time></trkpt>
<trkpt lat="33.0126109" lon="35.1775682"><ele>160.4</ele><time>2024-02-25T06:17:20Z</time></trkpt>
<trkpt lat="33.012637" lon="35.1774565"><ele>159.6</ele><time>2024-02-25T06:17:21Z</time></trkpt>
<trkpt lat="33.0126632" lon="35.1773449"><ele>158.9</ele><time>2024-02-25T06:17:22Z</time></trkpt>
<trkpt lat="33.0126893" lon="35.1772327"><ele>158.1</ele><time>2024-02-25T06:17:23Z</time></trkpt>
<trkpt lat="33.0127156" lon="35.1771196"><ele>157.3</ele><time>2024-02-25T06:17:24Z</time></trkpt>
<trkpt lat="33.0127421" lon="35.1770049"><ele>156.5</ele><time>2024-02-25T06:17:25Z</time></trkpt>
<trkpt lat="33.0127686" lon="35.1768877"><ele>155.6</ele><time>2024-02-25T06:17:26Z</time></trkpt>
<trkpt lat="33.0127948" lon="35.1767671"><ele>154.8</ele><time>2024-02-25T06:17:27Z</time></trkpt>
<trkpt lat="33.0128202" lon="35.1766423"><ele>154.0</ele><time>2024-02-25T06:17:28Z</time></trkpt>
<trkpt lat="33.0128443" lon="35.1765132"><ele>153.2</ele><time>2024-02-25T06:17:29Z</time></trkpt>
<trkpt lat="33.012867" lon="35.1763805"><ele>152.4</ele><time>2024-02-25T06:17:30Z</time></trkpt>
<trkpt lat="33.012889" lon="35.1762453"><ele>151.7</ele><time>2024-02-25T06:17:31Z</time></trkpt>
<trkpt lat="33.0129122" lon="35.1761093"><ele>150.9</ele><time>2024-02-25T06:17:32Z</time></trkpt>
<trkpt lat="33.0129383" lon="35.175974"><ele>150.2</ele><time>2024-02-25T06:17:33Z</time></trkpt>
<trkpt lat="33.0129686" lon="35.1758407"><ele>149.4</ele><time>2024-02-25T06:17:34Z</time></trkpt>
<trkpt lat="33.0130033" lon="35.1757103"><ele>148.7</ele><time>2024-02-25T06:17:35Z</time></trkpt>
<trkpt lat="33.0130411" lon="35.1755829"><ele>148.1</ele><time>2024-02-25T06:17:36Z</time></trkpt>
<trkpt lat="33.0130805" lon="35.175459"><ele>147.4</ele><time>2024-02-25T06:17:37Z</time></trkpt>
<trkpt lat="33.0131201" lon="35.17534"><ele>146.8</ele><time>2024-02-25T06:17:38Z</time></trkpt>
<trkpt lat="33.013159" lon="35.1752275"><ele>146.2</ele><time>2024-02-25T06:17:39Z</time></trkpt>
<trkpt lat="33.0131965" lon="35.1751227"><ele>145.6</ele><time>2024-02-25T06:17:40Z</time></trkpt>
<trkpt lat="33.0132318" lon="35.1750265"><ele>145.0</ele><time>2024-02-25T06:17:41Z</time></trkpt>
<trkpt lat="33.0132644" lon="35.1749397"><ele>144.5</ele><time>2024-02-25T06:17:42Z</time></trkpt>
<trkpt lat="33.0132935" lon="35.1748624"><ele>144.0</ele><time>2024-02-25T06:17:43Z</time></trkpt>
<trkpt lat="33.0133186" lon="35.1747945"><ele>143.5</ele><time>2024-02-25T06:17:44Z</time></trkpt>
<trkpt lat="33.0133394" lon="35.1747348"><ele>143.0</ele><time>2024-02-25T06:17:45Z</time></trkpt>
<trkpt lat="33.0133558" lon="35.1746812"><ele>142.5</ele><time>2024-02-25T06:17:46Z</time></trkpt>
<trkpt lat="33.0133682" lon="35.1746305"><ele>142.1</ele><time>2024-02-25T06:17:47Z</time></trkpt>
<trkpt lat="33.013378" lon="35.1745797"><ele>141.7</ele><time>2024-02-25T06:17:48Z</time></trkpt>
<trkpt lat="33.0133869" lon="35.1745271"><ele>141.3</ele><time>2024-02-25T06:17:49Z</time></trkpt>
<trkpt lat="33.0133966" lon="35.1744726"><ele>140.9</ele><time>2024-02-25T06:17:50Z</time></trkpt>
<trkpt lat="33.0134082" lon="35.1744169"><ele>140.5</ele><time>2024-02-25T06:17:51Z</time></trkpt>
<trkpt lat="33.0134216" lon="35.1743608"><ele>140.2</ele><time>2024-02-25T06:17:52Z</time></trkpt>
<trkpt lat="33.0134361" lon="35.1743048"><ele>139.8</ele><time>2024-02-25T06:17:53Z</time></trkpt>
<trkpt lat="33.0134509" lon="35.1742494"><ele>139.4</ele><time>2024-02-25T06:17:54Z</time></trkpt>
<trkpt lat="33.0134656" lon="35.1741947"><ele>139.1</ele><time>2024-02-25T06:17:55Z</time></trkpt>
<trkpt lat="33.0134798" lon="35.1741403"><ele>138.7</ele><time>2024-02-25T06:17:56Z</time></trkpt>
<trkpt lat="33.013493" lon="35.1740852"><ele>138.3</ele><time>2024-02-25T06:17:57Z</time></trkpt>
<trkpt lat="33.0135052" lon="35.1740277"><ele>138.0</ele><time>2024-02-25T06:17:58Z</time></trkpt>
<trkpt lat="33.0135161" lon="35.1739675"><ele>137.6</ele><time>2024-02-25T06:17:59Z</time></trkpt>
<trkpt lat="33.0135254" lon="35.1739057"><ele>137.3</ele><time>2024-02-25T06:18:00Z</time></trkpt>
<trkpt lat="33.0135331" lon="35.1738448"><ele>137.0</ele><time>2024-02-25T06:18:01Z</time></trkpt>
<trkpt lat="33.0135399" lon="35.1737876"><ele>136.7</ele><time>2024-02-25T06:18:02Z</time></trkpt>
<trkpt lat="33.0135461" lon="35.1737363"><ele>136.4</ele><time>2024-02-25T06:18:03Z</time></trkpt>
<trkpt lat="33.0135517" lon="35.1736918"><ele>136.1</ele><time>2024-02-25T06:18:04Z</time></trkpt>
<trkpt lat="33.0135571" lon="35.1736541"><ele>135.8</ele><time>2024-02-25T06:18:05Z</time></trkpt>
<trkpt lat="33.0135624" lon="35.1736222"><ele>135.6</ele><time>2024-02-25T06:18:06Z</time></trkpt>
<trkpt lat="33.0135678" lon="35.1735946"><ele>135.4</ele><time>2024-02-25T06:18:07Z</time></trkpt>
<trkpt lat="33.0135731" lon="35.1735702"><ele>135.1</ele><time>2024-02-25T06:18:08Z</time></trkpt>
<trkpt lat="33.0135784" lon="35.1735482"><ele>135.0</ele><time>2024-02-25T06:18:09Z</time></trkpt>
<trkpt lat="33.0135834" lon="35.1735281"><ele>134.8</ele><time>2024-02-25T06:18:10Z</time></trkpt>
<trkpt lat="33.0135881" lon="35.1735094"><ele>134.6</ele><time>2024-02-25T06:18:11Z</time></trkpt>
<trkpt lat="33.0135926" lon="35.1734912"><ele>134.5</ele><time>2024-02-25T06:18:12Z</time></trkpt>
<trkpt lat="33.013597" lon="35.1734727"><ele>134.3</ele><time>2024-02-25T06:18:13Z</time></trkpt>
<trkpt lat="33.0136014" lon="35.1734528"><ele>134.2</ele><time>2024-02-25T06:18:14Z</time></trkpt>
<trkpt lat="33.013606" lon="35.1734302"><ele>134.1</ele><time>2024-02-25T06:18:15Z</time></trkpt>
<trkpt lat="33.013611" lon="35.1734037"><ele>134.0</ele><time>2024-02-25T06:18:16Z</time></trkpt>
<trkpt lat="33.0136163" lon="35.1733724"><ele>134.0</ele><time>2024-02-25T06:18:17Z</time></trkpt>
<trkpt lat="33.0136215" lon="35.1733359"><ele>133.9</ele><time>2024-02-25T06:18:18Z</time></trkpt>
<trkpt lat="33.0136256" lon="35.1732938"><ele>133.9</ele><time>2024-02-25T06:18:19Z</time></trkpt>
<trkpt lat="33.0136277" lon="35.1732465"><ele>133.9</ele><time>2024-02-25T06:18:20Z</time></trkpt>
<trkpt lat="33.0136271" lon="35.1731949"><ele>134.0</ele><time>2024-02-25T06:18:21Z</time></trkpt>
<trkpt lat="33.013623" lon="35.1731408"><ele>134.1</ele><time>2024-02-25T06:18:22Z</time></trkpt>
<trkpt lat="33.0136148" lon="35.173086"><ele>134.2</ele><time>2024-02-25T06:18:23Z</time></trkpt>
<trkpt lat="33.0136024" lon="35.1730331"><ele>134.4</ele><time>2024-02-25T06:18:24Z</time></trkpt>
<trkpt lat="33.0135864" lon="35.1729845"><ele>134.6</ele><time>2024-02-25T06:18:25Z</time></trkpt>
<trkpt lat="33.0135674" lon="35.1729426"><ele>134.8</ele><time>2024-02-25T06:18:26Z</time></trkpt>
<trkpt lat="33.0135469" lon="35.1729088"><ele>135.1</ele><time>2024-02-25T06:18:27Z</time></trkpt>
<trkpt lat="33.0135258" lon="35.1728837"><ele>135.4</ele><time>2024-02-25T06:18:28Z</time></trkpt>
<trkpt lat="33.0135051" lon="35.1728665"><ele>135.8</ele><time>2024-02-25T06:18:29Z</time></trkpt>
<trkpt lat="33.0134852" lon="35.1728556"><ele>136.1</ele><time>2024-02-25T06:18:30Z</time></trkpt>
<trkpt lat="33.013466" lon="35.1728489"><ele>136.5</ele><time>2024-02-25T06:18:31Z</time></trkpt>
<trkpt lat="33.0134474" lon="35.1728447"><ele>136.9</ele><time>2024-02-25T06:18:32Z</time></trkpt>
<trkpt lat="33.0134292" lon="35.1728423"><ele>137.3</ele><time>2024-02-25T06:18:33Z</time></trkpt>
<trkpt lat="33.013411" lon="35.1728412"><ele>137.7</ele><time>2024-02-25T06:18:34Z</time></trkpt>
<trkpt lat="33.0133927" lon="35.1728414"><ele>138.1</ele><time>2024-02-25T06:18:35Z</time></trkpt>
<trkpt lat="33.0133742" lon="35.172843"><ele>138.5</ele><time>2024-02-25T06:18:36Z</time></trkpt>
<trkpt lat="33.0133555" lon="35.1728458"><ele>138.9</ele><time>2024-02-25T06:18:37Z</time></trkpt>
<trkpt lat="33.013337" lon="35.1728497"><ele>139.3</ele><time>2024-02-25T06:18:38Z</time></trkpt>
<trkpt lat="33.0133187" lon="35.1728544"><ele>139.6</ele><time>2024-02-25T06:18:39Z</time></trkpt>
<trkpt lat="33.0133009" lon="35.1728596"><ele>139.9</ele><time>2024-02-25T06:18:40Z</time></trkpt>
<trkpt lat="33.0132836" lon="35.1728651"><ele>140.2</ele><time>2024-02-25T06:18:41Z</time></trkpt>
<trkpt lat="33.0132667" lon="35.1728707"><ele>140.5</ele><time>2024-02-25T06:18:42Z</time></trkpt>
<trkpt lat="33.0132503" lon="35.1728762"><ele>140.8</ele><time>2024-02-25T06:18:43Z</time></trkpt>
<trkpt lat="33.013234" lon="35.1728812"><ele>141.0</ele><time>2024-02-25T06:18:44Z</time></trkpt>
<trkpt lat="33.0132179" lon="35.1728856"><ele>141.2</ele><time>2024-02-25T06:18:45Z</time></trkpt>
<trkpt lat="33.0132018" lon="35.172889"><ele>141.4</ele><time>2024-02-25T06:18:46Z</time></trkpt>
<trkpt lat="33.0131858" lon="35.1728915"><ele>141.5</ele><time>2024-02-25T06:18:47Z</time></trkpt>
<trkpt lat="33.0131699" lon="35.172893"><ele>141.6</ele><time>2024-02-25T06:18:48Z</time></trkpt>
<trkpt lat="33.0131544" lon="35.1728938"><ele>141.7</ele><time>2024-02-25T06:18:49Z</time></trkpt>
<trkpt lat="33.0131392" lon="35.1728941"><ele>141.8</ele><time>2024-02-25T06:18:50Z</time></trkpt>
<trkpt lat="33.0131244" lon="35.1728942"><ele>141.9</ele><time>2024-02-25T06:18:51Z</time></trkpt>
<trkpt lat="33.0131098" lon="35.1728945"><ele>142.0</ele><time>2024-02-25T06:18:52Z</time></trkpt>
<trkpt lat="33.0130953" lon="35.1728949"><ele>142.0</ele><time>2024-02-25T06:18:53Z</time></trkpt>
<trkpt lat="33.0130808" lon="35.1728952"><ele>142.0</ele><time>2024-02-25T06:18:54Z</time></trkpt>
<trkpt lat="33.0130662" lon="35.1728955"><ele>142.1</ele><time>2024-02-25T06:18:55Z</time></trkpt>
<trkpt lat="33.0130512" lon="35.1728955"><ele>142.1</ele><time>2024-02-25T06:18:56Z</time></trkpt>
<trkpt lat="33.0130359" lon="35.1728952"><ele>142.1</ele><time>2024-02-25T06:18:57Z</time></trkpt>
<trkpt lat="33.0130202" lon="35.1728945"><ele>142.2</ele><time>2024-02-25T06:18:58Z</time></trkpt>
<trkpt lat="33.0130043" lon="35.1728932"><ele>142.2</ele><time>2024-02-25T06:18:59Z</time></trkpt>
<trkpt lat="33.0129885" lon="35.1728912"><ele>142.2</ele><time>2024-02-25T06:19:00Z</time></trkpt>
<trkpt lat="33.012973" lon="35.1728887"><ele>142.2</ele><time>2024-02-25T06:19:01Z</time></trkpt>
<trkpt lat="33.0129581" lon="35.1728857"><ele>142.3</ele><time>2024-02-25T06:19:02Z</time></trkpt>
<trkpt lat="33.0129436" lon="35.1728825"><ele>142.3</ele><time>2024-02-25T06:19:03Z</time></trkpt>
<trkpt lat="33.0129293" lon="35.1728795"><ele>142.4</ele><time>2024-02-25T06:19:04Z</time></trkpt>
<trkpt lat="33.012915" lon="35.1728771"><ele>142.4</ele><time>2024-02-25T06:19:05Z</time></trkpt>
<trkpt lat="33.0129003" lon="35.1728752"><ele>142.5</ele><time>2024-02-25T06:19:06Z</time></trkpt>
<trkpt lat="33.0128852" lon="35.1728739"><ele>142.6</ele><time>2024-02-25T06:19:07Z</time></trkpt>
<trkpt lat="33.0128697" lon="35.1728727"><ele>142.7</ele><time>2024-02-25T06:19:08Z</time></trkpt>
<trkpt lat="33.0128539" lon="35.1728711"><ele>142.8</ele><time>2024-02-25T06:19:09Z</time></trkpt>
<trkpt lat="33.0128379" lon="35.1728689"><ele>142.9</ele><time>2024-02-25T06:19:10Z</time></trkpt>
<trkpt lat="33.0128219" lon="35.1728659"><ele>143.0</ele><time>2024-02-25T06:19:11Z</time></trkpt>
<trkpt lat="33.0128061" lon="35.1728621"><ele>143.2</ele><time>2024-02-25T06:19:12Z</time></trkpt>
<trkpt lat="33.0127906" lon="35.1728579"><ele>143.3</ele><time>2024-02-25T06:19:13Z</time></trkpt>
<trkpt lat="33.0127753" lon="35.1728533"><ele>143.5</ele><time>2024-02-25T06:19:14Z</time></trkpt>
<trkpt lat="33.0127603" lon="35.1728487"><ele>143.7</ele><time>2024-02-25T06:19:15Z</time></trkpt>
<trkpt lat="33.0127455" lon="35.1728441"><ele>143.9</ele><time>2024-02-25T06:19:16Z</time></trkpt>
<trkpt lat="33.012731" lon="35.1728399"><ele>144.1</ele><time>2024-02-25T06:19:17Z</time></trkpt>
<trkpt lat="33.0127165" lon="35.1728363"><ele>144.3</ele><time>2024-02-25T06:19:18Z</time></trkpt>
<trkpt lat="33.0127022" lon="35.1728333"><ele>144.5</ele><time>2024-02-25T06:19:19Z</time></trkpt>
<trkpt lat="33.0126879" lon="35.1728312"><ele>144.7</ele><time>2024-02-25T06:19:20Z</time></trkpt>
<trkpt lat="33.0126735" lon="35.1728301"><ele>145.0</ele><time>2024-02-25T06:19:21Z</time></trkpt>
<trkpt lat="33.012659" lon="35.1728298"><ele>145.2</ele><time>2024-02-25T06:19:22Z</time></trkpt>
<trkpt lat="33.0126442" lon="35.1728301"><ele>145.4</ele><time>2024-02-25T06:19:23Z</time></trkpt>
<trkpt lat="33.0126289" lon="35.1728307"><ele>145.7</ele><time>2024-02-25T06:19:24Z</time></trkpt>
<trkpt lat="33.0126131" lon="35.1728315"><ele>145.9</ele><time>2024-02-25T06:19:25Z</time></trkpt>
<trkpt lat="33.012597" lon="35.1728325"><ele>146.1</ele><time>2024-02-25T06:19:26Z</time></trkpt>
<trkpt lat="33.0125808" lon="35.1728341"><ele>146.4</ele><time>2024-02-25T06:19:27Z</time></trkpt>
<trkpt lat="33.0125649" lon="35.1728362"><ele>146.6</ele><time>2024-02-25T06:19:28Z</time></trkpt>
<trkpt lat="33.0125494" lon="35.1728389"><ele>146.8</ele><time>2024-02-25T06:19:29Z</time></trkpt>
<trkpt lat="33.0125345" lon="35.1728419"><ele>147.0</ele><time>2024-02-25T06:19:30Z</time></trkpt>
<trkpt lat="33.01252" lon="35.172845"><ele>147.2</ele><time>2024-02-25T06:19:31Z</time></trkpt>
<trkpt lat="33.0125059" lon="35.1728479"><ele>147.5</ele><time>2024-02-25T06:19:32Z</time></trkpt>
<trkpt lat="33.0124923" lon="35.1728507"><ele>147.6</ele><time>2024-02-25T06:19:33Z</time></trkpt>
<trkpt lat="33.0124789" lon="35.1728532"><ele>147.8</ele><time>2024-02-25T06:19:34Z</time></trkpt>
<trkpt lat="33.0124655" lon="35.1728556"><ele>148.0</ele><time>2024-02-25T06:19:35Z</time></trkpt>
<trkpt lat="33.0124521" lon="35.1728576"><ele>148.2</ele><time>2024-02-25T06:19:36Z</time></trkpt>
<trkpt lat="33.0124385" lon="35.1728593"><ele>148.4</ele><time>2024-02-25T06:19:37Z</time></trkpt>
<trkpt lat="33.0124247" lon="35.1728608"><ele>148.5</ele><time>2024-02-25T06:19:38Z</time></trkpt>
<trkpt lat="33.0124107" lon="35.1728622"><ele>148.7</ele><time>2024-02-25T06:19:39Z</time></trkpt>
<trkpt lat="33.0123966" lon="35.1728638"><ele>148.9</ele><time>2024-02-25T06:19:40Z</time></trkpt>
<trkpt lat="33.0123822" lon="35.1728657"><ele>149.0</ele><time>2024-02-25T06:19:41Z</time></trkpt>
<trkpt lat="33.0123678" lon="35.1728681"><ele>149.2</ele><time>2024-02-25T06:19:42Z</time></trkpt>
<trkpt lat="33.0123535" lon="35.172871"><ele>149.3</ele><time>2024-02-25T06:19:43Z</time></trkpt>
<trkpt lat="33.0123394" lon="35.1728744"><ele>149.5</ele><time>2024-02-25T06:19:44Z</time></trkpt>
<trkpt lat="33.0123255" lon="35.1728781"><ele>149.6</ele><time>2024-02-25T06:19:45Z</time></trkpt>
<trkpt lat="33.012312" lon="35.1728818"><ele>149.7</ele><time>2024-02-25T06:19:46Z</time></trkpt>
<trkpt lat="33.0122986" lon="35.1728855"><ele>149.9</ele><time>2024-02-25T06:19:47Z</time></trkpt>
<trkpt lat="33.0122856" lon="35.1728889"><ele>150.0</ele><time>2024-02-25T06:19:48Z</time></trkpt>
<trkpt lat="33.0122728" lon="35.172892"><ele>150.1</ele><time>2024-02-25T06:19:49Z</time></trkpt>
<trkpt lat="33.0122604" lon="35.1728948"><ele>150.3</ele><time>2024-02-25T06:19:50Z</time></trkpt>
<trkpt lat="33.0122484" lon="35.1728972"><ele>150.4</ele><time>2024-02-25T06:19:51Z</time></trkpt>
<trkpt lat="33.0122365" lon="35.1728995"><ele>150.5</ele><time>2024-02-25T06:19:52Z</time></trkpt>
<trkpt lat="33.0122248" lon="35.1729017"><ele>150.6</ele><time>2024-02-25T06:19:53Z</time></trkpt>
<trkpt lat="33.0122133" lon="35.1729041"><ele>150.8</ele><time>2024-02-25T06:19:54Z</time></trkpt>
<trkpt lat="33.0122019" lon="35.1729068"><ele>150.9</ele><time>2024-02-25T06:19:55Z</time></trkpt>
<trkpt lat="33.0121905" lon="35.1729099"><ele>151.0</ele><time>2024-02-25T06:19:56Z</time></trkpt>
<trkpt lat="33.012179" lon="35.1729132"><ele>151.1</ele><time>2024-02-25T06:19:57Z</time></trkpt>
<trkpt lat="33.0121673" lon="35.1729168"><ele>151.2</ele><time>2024-02-25T06:19:58Z</time></trkpt>
<trkpt lat="33.0121553" lon="35.1729204"><ele>151.3</ele><time>2024-02-25T06:19:59Z</time></trkpt>
<trkpt lat="33.0121429" lon="35.1729241"><ele>151.4</ele><time>2024-02-25T06:20:00Z</time></trkpt>
<trkpt lat="33.0121301" lon="35.1729278"><ele>151.5</ele><time>2024-02-25T06:20:01Z</time></trkpt>
<trkpt lat="33.0121172" lon="35.1729312"><ele>151.6</ele><time>2024-02-25T06:20:02Z</time></trkpt>
<trkpt lat="33.0121041" lon="35.1729344"><ele>151.7</ele><time>2024-02-25T06:20:03Z</time></trkpt>
<trkpt lat="33.012091" lon="35.1729373"><ele>151.9</ele><time>2024-02-25T06:20:04Z</time></trkpt>
<trkpt lat="33.0120779" lon="35.1729402"><ele>152.0</ele><time>2024-02-25T06:20:05Z</time></trkpt>
<trkpt lat="33.012065" lon="35.1729429"><ele>152.1</ele><time>2024-02-25T06:20:06Z</time></trkpt>
<trkpt lat="33.0120522" lon="35.1729456"><ele>152.2</ele><time>2024-02-25T06:20:07Z</time></trkpt>
<trkpt lat="33.0120394" lon="35.1729482"><ele>152.3</ele><time>2024-02-25T06:20:08Z</time></trkpt>
<trkpt lat="33.0120266" lon="35.1729509"><ele>152.4</ele><time>2024-02-25T06:20:09Z</time></trkpt>
<trkpt lat="33.0120135" lon="35.1729538"><ele>152.6</ele><time>2024-02-25T06:20:10Z</time></trkpt>
<trkpt lat="33.0120001" lon="35.1729569"><ele>152.7</ele><time>2024-02-25T06:20:11Z</time></trkpt>
<trkpt lat="33.0119865" lon="35.17296"><ele>152.8</ele><time>2024-02-25T06:20:12Z</time></trkpt>
<trkpt lat="33.0119726" lon="35.1729632"><ele>152.9</ele><time>2024-02-25T06:20:13Z</time></trkpt>
<trkpt lat="33.0119584" lon="35.1729662"><ele>153.1</ele><time>2024-02-25T06:20:14Z</time></trkpt>
<trkpt lat="33.0119441" lon="35.1729693"><ele>153.2</ele><time>2024-02-25T06:20:15Z</time></trkpt>
<trkpt lat="33.0119298" lon="35.1729725"><ele>153.4</ele><time>2024-02-25T06:20:16Z</time></trkpt>
<trkpt lat="33.0119155" lon="35.1729761"><ele>153.5</ele><time>2024-02-25T06:20:17Z</time></trkpt>
<trkpt lat="33.0119013" lon="35.1729802"><ele>153.6</ele><time>2024-02-25T06:20:18Z</time></trkpt>
<trkpt lat="33.011887" lon="35.1729845"><ele>153.8</ele><time>2024-02-25T06:20:19Z</time></trkpt>
<trkpt lat="33.0118726" lon="35.1729885"><ele>153.9</ele><time>2024-02-25T06:20:20Z</time></trkpt>
<trkpt lat="33.0118582" lon="35.1729915"><ele>154.0</ele><time>2024-02-25T06:20:21Z</time></trkpt>
<trkpt lat="33.0118439" lon="35.1729929"><ele>154.1</ele><time>2024-02-25T06:20:22Z</time></trkpt>
<trkpt lat="33.0118296" lon="35.1729922"><ele>154.3</ele><time>2024-02-25T06:20:23Z</time></trkpt>
<trkpt lat="33.0118153" lon="35.1729895"><ele>154.4</ele><time>2024-02-25T06:20:24Z</time></trkpt>
<trkpt lat="33.011801" lon="35.172985"><ele>154.5</ele><time>2024-02-25T06:20:25Z</time></trkpt>
<trkpt lat="33.0117866" lon="35.1729791"><ele>154.6</ele><time>2024-02-25T06:20:26Z</time></trkpt>
<trkpt lat="33.0117721" lon="35.172972"><ele>154.7</ele><time>2024-02-25T06:20:27Z</time></trkpt>
<trkpt lat="33.0117577" lon="35.1729639"><ele>154.8</ele><time>2024-02-25T06:20:28Z</time></trkpt>
<trkpt lat="33.0117434" lon="35.1729547"><ele>154.9</ele><time>2024-02-25T06:20:29Z</time></trkpt>
<trkpt lat="33.0117293" lon="35.1729445"><ele>155.0</ele><time>2024-02-25T06:20:30Z</time></trkpt>
<trkpt lat="33.0117155" lon="35.1729331"><ele>155.1</ele><time>2024-02-25T06:20:31Z</time></trkpt>
<trkpt lat="33.0117022" lon="35.1729208"><ele>155.2</ele><time>2024-02-25T06:20:32Z</time></trkpt>
<trkpt lat="33.0116896" lon="35.1729076"><ele>155.2</ele><time>2024-02-25T06:20:33Z</time></trkpt>
<trkpt lat="33.0116779" lon="35.1728937"><ele>155.3</ele><time>2024-02-25T06:20:34Z</time></trkpt>
<trkpt lat="33.0116673" lon="35.1728791"><ele>155.3</ele><time>2024-02-25T06:20:35Z</time></trkpt>
<trkpt lat="33.0116579" lon="35.1728638"><ele>155.4</ele><time>2024-02-25T06:20:36Z</time></trkpt>
<trkpt lat="33.0116497" lon="35.1728479"><ele>155.4</ele><time>2024-02-25T06:20:37Z</time></trkpt>
<trkpt lat="33.0116425" lon="35.1728315"><ele>155.4</ele><time>2024-02-25T06:20:38Z</time></trkpt>
<trkpt lat="33.0116363" lon="35.1728145"><ele>155.5</ele><time>2024-02-25T06:20:39Z</time></trkpt>
<trkpt lat="33.0116311" lon="35.1727971"><ele>155.5</ele><time>2024-02-25T06:20:40Z</time></trkpt>
<trkpt lat="33.0116271" lon="35.1727788"><ele>155.5</ele><time>2024-02-25T06:20:41Z</time></trkpt>
<trkpt lat="33.0116239" lon="35.1727595"><ele>155.5</ele><time>2024-02-25T06:20:42Z</time></trkpt>
<trkpt lat="33.0116216" lon="35.1727388"><ele>155.5</ele><time>2024-02-25T06:20:43Z</time></trkpt>
<trkpt lat="33.01162" lon="35.1727164"><ele>155.5</ele><time>2024-02-25T06:20:44Z</time></trkpt>
<trkpt lat="33.0116188" lon="35.1726923"><ele>155.4</ele><time>2024-02-25T06:20:45Z</time></trkpt>
<trkpt lat="33.011618" lon="35.1726667"><ele>155.4</ele><time>2024-02-25T06:20:46Z</time></trkpt>
<trkpt lat="33.0116175" lon="35.1726395"><ele>155.4</ele><time>2024-02-25T06:20:47Z</time></trkpt>
<trkpt lat="33.0116176" lon="35.172611"><ele>155.4</ele><time>2024-02-25T06:20:48Z</time></trkpt>
<trkpt lat="33.0116182" lon="35.1725813"><ele>155.4</ele><time>2024-02-25T06:20:49Z</time></trkpt>
<trkpt lat="33.0116196" lon="35.1725509"><ele>155.4</ele><time>2024-02-25T06:20:50Z</time></trkpt>
<trkpt lat="33.0116218" lon="35.17252"><ele>155.3</ele><time>2024-02-25T06:20:51Z</time></trkpt>
<trkpt lat="33.0116249" lon="35.1724889"><ele>155.3</ele><time>2024-02-25T06:20:52Z</time></trkpt>
<trkpt lat="33.0116287" lon="35.1724576"><ele>155.3</ele><time>2024-02-25T06:20:53Z</time></trkpt>
<trkpt lat="33.0116329" lon="35.1724261"><ele>155.3</ele><time>2024-02-25T06:20:54Z</time></trkpt>
<trkpt lat="33.0116373" lon="35.1723946"><ele>155.3</ele><time>2024-02-25T06:20:55Z</time></trkpt>
<trkpt lat="33.0116419" lon="35.1723633"><ele>155.3</ele><time>2024-02-25T06:20:56Z</time></trkpt>
<trkpt lat="33.0116466" lon="35.1723325"><ele>155.2</ele><time>2024-02-25T06:20:57Z</time></trkpt>
<trkpt lat="33.0116515" lon="35.1723023"><ele>155.2</ele><time>2024-02-25T06:20:58Z</time></trkpt>
<trkpt lat="33.0116566" lon="35.1722725"><ele>155.2</ele><time>2024-02-25T06:20:59Z</time></trkpt>
<trkpt lat="33.011662" lon="35.1722427"><ele>155.2</ele><time>2024-02-25T06:21:00Z</time></trkpt>
<trkpt lat="33.0116674" lon="35.1722127"><ele>155.2</ele><time>2024-02-25T06:21:01Z</time></trkpt>
<trkpt lat="33.0116728" lon="35.1721824"><ele>155.2</ele><time>2024-02-25T06:21:02Z</time></trkpt>
<trkpt lat="33.0116783" lon="35.1721513"><ele>155.1</ele><time>2024-02-25T06:21:03Z</time></trkpt>
<trkpt lat="33.0116839" lon="35.1721193"><ele>155.1</ele><time>2024-02-25T06:21:04Z</time></trkpt>
<trkpt lat="33.01169" lon="35.1720859"><ele>155.1</ele><time>2024-02-25T06:21:05Z</time></trkpt>
<trkpt lat="33.0116966" lon="35.1720511"><ele>155.1</ele><time>2024-02-25T06:21:06Z</time></trkpt>
<trkpt lat="33.0117041" lon="35.172015"><ele>155.0</ele><time>2024-02-25T06:21:07Z</time></trkpt>
<trkpt lat="33.0117125" lon="35.1719782"><ele>155.0</ele><time>2024-02-25T06:21:08Z</time></trkpt>
<trkpt lat="33.0117219" lon="35.171941"><ele>154.9</ele><time>2024-02-25T06:21:09Z</time></trkpt>
<trkpt lat="33.0117323" lon="35.1719039"><ele>154.9</ele><time>2024-02-25T06:21:10Z</time></trkpt>
<trkpt lat="33.0117436" lon="35.1718669"><ele>154.8</ele><time>2024-02-25T06:21:11Z</time></trkpt>
<trkpt lat="33.0117558" lon="35.1718303"><ele>154.7</ele><time>2024-02-25T06:21:12Z</time></trkpt>
<trkpt lat="33.011769" lon="35.1717944"><ele>154.6</ele><time>2024-02-25T06:21:13Z</time></trkpt>
<trkpt lat="33.0117834" lon="35.1717588"><ele>154.5</ele><time>2024-02-25T06:21:14Z</time></trkpt>
<trkpt lat="33.0117986" lon="35.1717247"><ele>154.4</ele><time>2024-02-25T06:21:15Z</time></trkpt>
<trkpt lat="33.0118145" lon="35.1716919"><ele>154.3</ele><time>2024-02-25T06:21:16Z</time></trkpt>
<trkpt lat="33.0118307" lon="35.1716605"><ele>154.2</ele><time>2024-02-25T06:21:17Z</time></trkpt>
<trkpt lat="33.011847" lon="35.1716306"><ele>154.0</ele><time>2024-02-25T06:21:18Z</time></trkpt>
<trkpt lat="33.0118629" lon="35.1716023"><ele>153.9</ele><time>2024-02-25T06:21:19Z</time></trkpt>
<trkpt lat="33.0118802" lon="35.1715719"><ele>153.8</ele><time>2024-02-25T06:21:20Z</time></trkpt>
<trkpt lat="33.0118941" lon="35.1715471"><ele>153.7</ele><time>2024-02-25T06:21:21Z</time></trkpt>
<trkpt lat="33.0119068" lon="35.1715237"><ele>153.6</ele><time>2024-02-25T06:21:22Z</time></trkpt>
<trkpt lat="33.011918" lon="35.1715013"><ele>153.5</ele><time>2024-02-25T06:21:23Z</time></trkpt>
<trkpt lat="33.0119277" lon="35.1714799"><ele>153.4</ele><time>2024-02-25T06:21:24Z</time></trkpt>
<trkpt lat="33.0119358" lon="35.1714591"><ele>153.3</ele><time>2024-02-25T06:21:25Z</time></trkpt>
<trkpt lat="33.0119423" lon="35.1714391"><ele>153.2</ele><time>2024-02-25T06:21:26Z</time></trkpt>
<trkpt lat="33.0119474" lon="35.1714198"><ele>153.1</ele><time>2024-02-25T06:21:27Z</time></trkpt>
<trkpt lat="33.0119512" lon="35.1714013"><ele>153.1</ele><time>2024-02-25T06:21:28Z</time></trkpt>
<trkpt lat="33.0119537" lon="35.1713837"><ele>153.0</ele><time>2024-02-25T06:21:29Z</time></trkpt>
<trkpt lat="33.0119549" lon="35.1713671"><ele>152.9</ele><time>2024-02-25T06:21:30Z</time></trkpt>
<trkpt lat="33.0119549" lon="35.1713513"><ele>152.9</ele><time>2024-02-25T06:21:31Z</time></trkpt>
<trkpt lat="33.0119538" lon="35.1713364"><ele>152.9</ele><time>2024-02-25T06:21:32Z</time></trkpt>
<trkpt lat="33.0119517" lon="35.1713224"><ele>152.8</ele><time>2024-02-25T06:21:33Z</time></trkpt>
<trkpt lat="33.0119489" lon="35.171309"><ele>152.8</ele><time>2024-02-25T06:21:34Z</time></trkpt>
<trkpt lat="33.0119455" lon="35.1712962"><ele>152.8</ele><time>2024-02-25T06:21:35Z</time></trkpt>
<trkpt lat="33.0119417" lon="35.1712837"><ele>152.8</ele><time>2024-02-25T06:21:36Z</time></trkpt>
<trkpt lat="33.0108117" lon="35.165522"><ele>126.2</ele><time>2024-02-25T06:23:13Z</time></trkpt>
<trkpt lat="33.0107938" lon="35.1654582"><ele>126.0</ele><time>2024-02-25T06:23:14Z</time></trkpt>
<trkpt lat="33.0107753" lon="35.1653916"><ele>125.8</ele><time>2024-02-25T06:23:15Z</time></trkpt>
<trkpt lat="33.0107558" lon="35.1653218"><ele>125.6</ele><time>2024-02-25T06:23:16Z</time></trkpt>
<trkpt lat="33.0107349" lon="35.1652493"><ele>125.5</ele><time>2024-02-25T06:23:17Z</time></trkpt>
<trkpt lat="33.0107123" lon="35.1651746"><ele>125.3</ele><time>2024-02-25T06:23:18Z</time></trkpt>
<trkpt lat="33.010688" lon="35.1651001"><ele>125.2</ele><time>2024-02-25T06:23:19Z</time></trkpt>
<trkpt lat="33.0106489" lon="35.1649865"><ele>124.8</ele><time>2024-02-25T06:23:22Z</time></trkpt>
<trkpt lat="33.0106397" lon="35.1649602"><ele>124.7</ele><time>2024-02-25T06:23:23Z</time></trkpt>
<trkpt lat="33.0106171" lon="35.1648961"><ele>124.6</ele><time>2024-02-25T06:23:24Z</time></trkpt>
<trkpt lat="33.0105923" lon="35.1648282"><ele>124.4</ele><time>2024-02-25T06:23:25Z</time></trkpt>
<trkpt lat="33.0105651" lon="35.1647573"><ele>124.3</ele><time>2024-02-25T06:23:26Z</time></trkpt>
<trkpt lat="33.0105367" lon="35.1646874"><ele>124.2</ele><time>2024-02-25T06:23:27Z</time></trkpt>
<trkpt lat="33.010508" lon="35.1646194"><ele>124.0</ele><time>2024-02-25T06:23:28Z</time></trkpt>
<trkpt lat="33.0104804" lon="35.1645519"><ele>123.8</ele><time>2024-02-25T06:23:29Z</time></trkpt>
<trkpt lat="33.0104555" lon="35.1644829"><ele>123.6</ele><time>2024-02-25T06:23:30Z</time></trkpt>
<trkpt lat="33.0104356" lon="35.164414"><ele>123.4</ele><time>2024-02-25T06:23:31Z</time></trkpt>
<trkpt lat="33.0104209" lon="35.1643459"><ele>123.2</ele><time>2024-02-25T06:23:32Z</time></trkpt>
<trkpt lat="33.0104117" lon="35.1642781"><ele>123.0</ele><time>2024-02-25T06:23:33Z</time></trkpt>
<trkpt lat="33.0104089" lon="35.1642112"><ele>122.8</ele><time>2024-02-25T06:23:34Z</time></trkpt>
<trkpt lat="33.0104137" lon="35.1641474"><ele>122.6</ele><time>2024-02-25T06:23:35Z</time></trkpt>
<trkpt lat="33.0104244" lon="35.1640904"><ele>122.4</ele><time>2024-02-25T06:23:36Z</time></trkpt>
<trkpt lat="33.010438" lon="35.1640421"><ele>122.1</ele><time>2024-02-25T06:23:37Z</time></trkpt>
<trkpt lat="33.0104529" lon="35.1640025"><ele>121.9</ele><time>2024-02-25T06:23:38Z</time></trkpt>
<trkpt lat="33.0104694" lon="35.1639703"><ele>121.7</ele><time>2024-02-25T06:23:39Z</time></trkpt>
<trkpt lat="33.0104876" lon="35.1639461"><ele>121.5</ele><time>2024-02-25T06:23:40Z</time></trkpt>
<trkpt lat="33.0105071" lon="35.1639308"><ele>121.2</ele><time>2024-02-25T06:23:41Z</time></trkpt>
<trkpt lat="33.0105295" lon="35.163922"><ele>121.0</ele><time>2024-02-25T06:23:42Z</time></trkpt>
<trkpt lat="33.0105555" lon="35.1639171"><ele>120.7</ele><time>2024-02-25T06:23:43Z</time></trkpt>
<trkpt lat="33.0105841" lon="35.1639131"><ele>120.5</ele><time>2024-02-25T06:23:44Z</time></trkpt>
<trkpt lat="33.0106147" lon="35.1639075"><ele>120.2</ele><time>2024-02-25T06:23:45Z</time></trkpt>
<trkpt lat="33.0106463" lon="35.1638995"><ele>119.9</ele><time>2024-02-25T06:23:46Z</time></trkpt>
<trkpt lat="33.0106772" lon="35.1638898"><ele>119.7</ele><time>2024-02-25T06:23:47Z</time></trkpt>
<trkpt lat="33.0107059" lon="35.1638768"><ele>119.4</ele><time>2024-02-25T06:23:48Z</time></trkpt>
<trkpt lat="33.0107297" lon="35.163857"><ele>119.1</ele><time>2024-02-25T06:23:49Z</time></trkpt>
<trkpt lat="33.0107517" lon="35.16383"><ele>118.8</ele><time>2024-02-25T06:23:50Z</time></trkpt>
<trkpt lat="33.0107759" lon="35.1638003"><ele>118.5</ele><time>2024-02-25T06:23:51Z</time></trkpt>
<trkpt lat="33.0108007" lon="35.16377"><ele>118.2</ele><time>2024-02-25T06:23:52Z</time></trkpt>
<trkpt lat="33.010825" lon="35.1637367"><ele>117.8</ele><time>2024-02-25T06:23:53Z</time></trkpt>
<trkpt lat="33.0108502" lon="35.1636974"><ele>117.5</ele><time>2024-02-25T06:23:54Z</time></trkpt>
<trkpt lat="33.0108769" lon="35.163652"><ele>117.1</ele><time>2024-02-25T06:23:55Z</time></trkpt>
<trkpt lat="33.0109027" lon="35.1636033"><ele>116.8</ele><time>2024-02-25T06:23:56Z</time></trkpt>
<trkpt lat="33.0109275" lon="35.1635516"><ele>116.4</ele><time>2024-02-25T06:23:57Z</time></trkpt>
<trkpt lat="33.0109523" lon="35.1634961"><ele>116.0</ele><time>2024-02-25T06:23:58Z</time></trkpt>
<trkpt lat="33.0109767" lon="35.1634373"><ele>115.6</ele><time>2024-02-25T06:23:59Z</time></trkpt>
<trkpt lat="33.0109998" lon="35.1633766"><ele>115.2</ele><time>2024-02-25T06:24:00Z</time></trkpt>
<trkpt lat="33.0110215" lon="35.1633146"><ele>114.8</ele><time>2024-02-25T06:24:01Z</time></trkpt>
<trkpt lat="33.0110426" lon="35.1632504"><ele>114.4</ele><time>2024-02-25T06:24:02Z</time></trkpt>
<trkpt lat="33.0110633" lon="35.1631844"><ele>114.0</ele><time>2024-02-25T06:24:03Z</time></trkpt>
<trkpt lat="33.0110833" lon="35.1631185"><ele>113.6</ele><time>2024-02-25T06:24:04Z</time></trkpt>
<trkpt lat="33.0111026" lon="35.163053"><ele>113.2</ele><time>2024-02-25T06:24:05Z</time></trkpt>
<trkpt lat="33.0111212" lon="35.1629876"><ele>112.7</ele><time>2024-02-25T06:24:06Z</time></trkpt>
<trkpt lat="33.0111391" lon="35.1629225"><ele>112.3</ele><time>2024-02-25T06:24:07Z</time></trkpt>
<trkpt lat="33.0111558" lon="35.1628571"><ele>111.9</ele><time>2024-02-25T06:24:08Z</time></trkpt>
<trkpt lat="33.0111711" lon="35.1627924"><ele>111.4</ele><time>2024-02-25T06:24:09Z</time></trkpt>
<trkpt lat="33.0111851" lon="35.1627297"><ele>111.0</ele><time>2024-02-25T06:24:10Z</time></trkpt>
<trkpt lat="33.0111984" lon="35.162668"><ele>110.6</ele><time>2024-02-25T06:24:11Z</time></trkpt>
<trkpt lat="33.0112117" lon="35.1626067"><ele>110.1</ele><time>2024-02-25T06:24:12Z</time></trkpt>
<trkpt lat="33.0112254" lon="35.1625458"><ele>109.7</ele><time>2024-02-25T06:24:13Z</time></trkpt>
<trkpt lat="33.0112397" lon="35.1624841"><ele>109.2</ele><time>2024-02-25T06:24:14Z</time></trkpt>
<trkpt lat="33.0112544" lon="35.16242"><ele>108.8</ele><time>2024-02-25T06:24:15Z</time></trkpt>
<trkpt lat="33.0112687" lon="35.1623542"><ele>108.4</ele><time>2024-02-25T06:24:16Z</time></trkpt>
<trkpt lat="33.0112818" lon="35.162288"><ele>107.9</ele><time>2024-02-25T06:24:17Z</time></trkpt>
<trkpt lat="33.0112934" lon="35.1622224"><ele>107.5</ele><time>2024-02-25T06:24:18Z</time></trkpt>
<trkpt lat="33.0113038" lon="35.162157"><ele>107.1</ele><time>2024-02-25T06:24:19Z</time></trkpt>
<trkpt lat="33.0113134" lon="35.1620916"><ele>106.6</ele><time>2024-02-25T06:24:20Z</time></trkpt>
<trkpt lat="33.0113221" lon="35.1620264"><ele>106.2</ele><time>2024-02-25T06:24:21Z</time></trkpt>
<trkpt lat="33.01133" lon="35.1619608"><ele>105.8</ele><time>2024-02-25T06:24:22Z</time></trkpt>
<trkpt lat="33.0113376" lon="35.1618936"><ele>105.4</ele><time>2024-02-25T06:24:23Z</time></trkpt>
<trkpt lat="33.0113453" lon="35.1618255"><ele>104.9</ele><time>2024-02-25T06:24:24Z</time></trkpt>
<trkpt lat="33.011355" lon="35.1617583"><ele>104.5</ele><time>2024-02-25T06:24:25Z</time></trkpt>
<trkpt lat="33.0113657" lon="35.1616927"><ele>104.2</ele><time>2024-02-25T06:24:26Z</time></trkpt>
<trkpt lat="33.0113748" lon="35.1616285"><ele>103.8</ele><time>2024-02-25T06:24:27Z</time></trkpt>
<trkpt lat="33.0113804" lon="35.1615647"><ele>103.4</ele><time>2024-02-25T06:24:28Z</time></trkpt>
<trkpt lat="33.011384" lon="35.1615016"><ele>103.1</ele><time>2024-02-25T06:24:29Z</time></trkpt>
<trkpt lat="33.0113876" lon="35.16144"><ele>102.7</ele><time>2024-02-25T06:24:30Z</time></trkpt>
<trkpt lat="33.0113905" lon="35.1613789"><ele>102.4</ele><time>2024-02-25T06:24:31Z</time></trkpt>
<trkpt lat="33.011392" lon="35.1613178"><ele>102.1</ele><time>2024-02-25T06:24:32Z</time></trkpt>
<trkpt lat="33.0113917" lon="35.1612565"><ele>101.7</ele><time>2024-02-25T06:24:33Z</time></trkpt>
<trkpt lat="33.0113906" lon="35.1611947"><ele>101.4</ele><time>2024-02-25T06:24:34Z</time></trkpt>
<trkpt lat="33.0113884" lon="35.1611314"><ele>101.1</ele><time>2024-02-25T06:24:35Z</time></trkpt>
<trkpt lat="33.0113856" lon="35.1610662"><ele>100.8</ele><time>2024-02-25T06:24:36Z</time></trkpt>
<trkpt lat="33.0113827" lon="35.1610003"><ele>100.5</ele><time>2024-02-25T06:24:37Z</time></trkpt>
<trkpt lat="33.0113806" lon="35.1609328"><ele>100.2</ele><time>2024-02-25T06:24:38Z</time></trkpt>
<trkpt lat="33.0113797" lon="35.1608637"><ele>99.9</ele><time>2024-02-25T06:24:39Z</time></trkpt>
<trkpt lat="33.0113815" lon="35.1607942"><ele>99.6</ele><time>2024-02-25T06:24:40Z</time></trkpt>
<trkpt lat="33.011386" lon="35.1607253"><ele>99.3</ele><time>2024-02-25T06:24:41Z</time></trkpt>
<trkpt lat="33.0113896" lon="35.1606573"><ele>99.0</ele><time>2024-02-25T06:24:42Z</time></trkpt>
<trkpt lat="33.0113904" lon="35.1605914"><ele>98.7</ele><time>2024-02-25T06:24:43Z</time></trkpt>
<trkpt lat="33.0113884" lon="35.1605265"><ele>98.3</ele><time>2024-02-25T06:24:44Z</time></trkpt>
<trkpt lat="33.0113849" lon="35.1604609"><ele>98.0</ele><time>2024-02-25T06:24:45Z</time></trkpt>
<trkpt lat="33.0113785" lon="35.1603952"><ele>97.7</ele><time>2024-02-25T06:24:46Z</time></trkpt>
<trkpt lat="33.0113684" lon="35.1603294"><ele>97.4</ele><time>2024-02-25T06:24:47Z</time></trkpt>
<trkpt lat="33.0113564" lon="35.1602642"><ele>97.1</ele><time>2024-02-25T06:24:48Z</time></trkpt>
<trkpt lat="33.0113436" lon="35.1601995"><ele>96.8</ele><time>2024-02-25T06:24:49Z</time></trkpt>
<trkpt lat="33.0113305" lon="35.1601347"><ele>96.5</ele><time>2024-02-25T06:24:50Z</time></trkpt>
<trkpt lat="33.0113169" lon="35.1600696"><ele>96.2</ele><time>2024-02-25T06:24:51Z</time></trkpt>
<trkpt lat="33.0113036" lon="35.1600049"><ele>95.9</ele><time>2024-02-25T06:24:52Z</time></trkpt>
<trkpt lat="33.0112911" lon="35.1599414"><ele>95.7</ele><time>2024-02-25T06:24:53Z</time></trkpt>
<trkpt lat="33.0112785" lon="35.1598804"><ele>95.4</ele><time>2024-02-25T06:24:54Z</time></trkpt>
<trkpt lat="33.0112661" lon="35.1598234"><ele>95.2</ele><time>2024-02-25T06:24:55Z</time></trkpt>
<trkpt lat="33.0112535" lon="35.1597714"><ele>94.9</ele><time>2024-02-25T06:24:56Z</time></trkpt>
<trkpt lat="33.0112408" lon="35.1597245"><ele>94.7</ele><time>2024-02-25T06:24:57Z</time></trkpt>
<trkpt lat="33.0112286" lon="35.1596807"><ele>94.5</ele><time>2024-02-25T06:24:58Z</time></trkpt>
<trkpt lat="33.0112169" lon="35.1596386"><ele>94.3</ele><time>2024-02-25T06:24:59Z</time></trkpt>
<trkpt lat="33.0112063" lon="35.1595985"><ele>94.1</ele><time>2024-02-25T06:25:00Z</time></trkpt>
<trkpt lat="33.011196" lon="35.1595634"><ele>94.0</ele><time>2024-02-25T06:25:01Z</time></trkpt>
<trkpt lat="33.0111886" lon="35.1595405"><ele>93.8</ele><time>2024-02-25T06:25:02Z</time></trkpt>
<trkpt lat="33.0111812" lon="35.1595302"><ele>93.7</ele><time>2024-02-25T06:25:03Z</time></trkpt>
<trkpt lat="33.0111745" lon="35.1595285"><ele>93.6</ele><time>2024-02-25T06:25:04Z</time></trkpt>
<trkpt lat="33.0111724" lon="35.1595321"><ele>93.5</ele><time>2024-02-25T06:25:05Z</time></trkpt>
<trkpt lat="33.0111713" lon="35.1595372"><ele>93.5</ele><time>2024-02-25T06:25:06Z</time></trkpt>
<trkpt lat="33.0111704" lon="35.1595432"><ele>93.5</ele><time>2024-02-25T06:25:07Z</time></trkpt>
<trkpt lat="33.0111702" lon="35.1595495"><ele>93.4</ele><time>2024-02-25T06:25:08Z</time></trkpt>
<trkpt lat="33.0111704" lon="35.1595581"><ele>93.4</ele><time>2024-02-25T06:25:09Z</time></trkpt>
<trkpt lat="33.0111711" lon="35.1595688"><ele>93.5</ele><time>2024-02-25T06:25:10Z</time></trkpt>
<trkpt lat="33.0111723" lon="35.1595792"><ele>93.5</ele><time>2024-02-25T06:25:11Z</time></trkpt>
<trkpt lat="33.0111734" lon="35.1595897"><ele>93.5</ele><time>2024-02-25T06:25:12Z</time></trkpt>
<trkpt lat="33.011177" lon="35.1596059"><ele>93.6</ele><time>2024-02-25T06:25:13Z</time></trkpt>
<trkpt lat="33.0111836" lon="35.1596287"><ele>93.6</ele><time>2024-02-25T06:25:14Z</time></trkpt>
<trkpt lat="33.0111917" lon="35.1596549"><ele>93.7</ele><time>2024-02-25T06:25:15Z</time></trkpt>
<trkpt lat="33.0112001" lon="35.159684"><ele>93.7</ele><time>2024-02-25T06:25:16Z</time></trkpt>
<trkpt lat="33.011209" lon="35.1597142"><ele>93.8</ele><time>2024-02-25T06:25:17Z</time></trkpt>
<trkpt lat="33.0112183" lon="35.1597443"><ele>93.9</ele><time>2024-02-25T06:25:18Z</time></trkpt>
<trkpt lat="33.0112262" lon="35.1597744"><ele>94.0</ele><time>2024-02-25T06:25:19Z</time></trkpt>
<trkpt lat="33.0112335" lon="35.1598032"><ele>94.1</ele><time>2024-02-25T06:25:20Z</time></trkpt>
<trkpt lat="33.0112404" lon="35.1598296"><ele>94.2</ele><time>2024-02-25T06:25:21Z</time></trkpt>
<trkpt lat="33.0112471" lon="35.1598546"><ele>94.3</ele><time>2024-02-25T06:25:22Z</time></trkpt>
<trkpt lat="33.0112537" lon="35.1598794"><ele>94.4</ele><time>2024-02-25T06:25:23Z</time></trkpt>
<trkpt lat="33.0112599" lon="35.1599043"><ele>94.5</ele><time>2024-02-25T06:25:24Z</time></trkpt>
<trkpt lat="33.0112659" lon="35.159929"><ele>94.6</ele><time>2024-02-25T06:25:25Z</time></trkpt>
<trkpt lat="33.0112718" lon="35.1599533"><ele>94.7</ele><time>2024-02-25T06:25:26Z</time></trkpt>
<trkpt lat="33.0112779" lon="35.1599773"><ele>94.9</ele><time>2024-02-25T06:25:27Z</time></trkpt>
<trkpt lat="33.0112848" lon="35.1600008"><ele>95.0</ele><time>2024-02-25T06:25:28Z</time></trkpt>
<trkpt lat="33.0112921" lon="35.1600242"><ele>95.1</ele><time>2024-02-25T06:25:29Z</time></trkpt>
<trkpt lat="33.0112997" lon="35.1600478"><ele>95.2</ele><time>2024-02-25T06:25:30Z</time></trkpt>
<trkpt lat="33.0113075" lon="35.1600715"><ele>95.3</ele><time>2024-02-25T06:25:31Z</time></trkpt>
<trkpt lat="33.011315" lon="35.1600948"><ele>95.3</ele><time>2024-02-25T06:25:32Z</time></trkpt>
<trkpt lat="33.0113221" lon="35.160118"><ele>95.4</ele><time>2024-02-25T06:25:33Z</time></trkpt>
<trkpt lat="33.0113286" lon="35.1601408"><ele>95.5</ele><time>2024-02-25T06:25:34Z</time></trkpt>
<trkpt lat="33.0113345" lon="35.1601627"><ele>95.6</ele><time>2024-02-25T06:25:35Z</time></trkpt>
<trkpt lat="33.01134" lon="35.1601831"><ele>95.6</ele><time>2024-02-25T06:25:36Z</time></trkpt>
<trkpt lat="33.0113453" lon="35.1602036"><ele>95.7</ele><time>2024-02-25T06:25:37Z</time></trkpt>
<trkpt lat="33.0113508" lon="35.160225"><ele>95.8</ele><time>2024-02-25T06:25:38Z</time></trkpt>
<trkpt lat="33.0113568" lon="35.1602464"><ele>95.8</ele><time>2024-02-25T06:25:39Z</time></trkpt>
<trkpt lat="33.0113632" lon="35.1602674"><ele>95.9</ele><time>2024-02-25T06:25:40Z</time></trkpt>
<trkpt lat="33.0113696" lon="35.1602877"><ele>95.9</ele><time>2024-02-25T06:25:41Z</time></trkpt>
<trkpt lat="33.0113758" lon="35.1603082"><ele>96.0</ele><time>2024-02-25T06:25:42Z</time></trkpt>
<trkpt lat="33.0113814" lon="35.1603295"><ele>96.0</ele><time>2024-02-25T06:25:43Z</time></trkpt>
<trkpt lat="33.0113862" lon="35.1603509"><ele>96.1</ele><time>2024-02-25T06:25:44Z</time></trkpt>
<trkpt lat="33.0113904" lon="35.1603727"><ele>96.1</ele><time>2024-02-25T06:25:45Z</time></trkpt>
<trkpt lat="33.0113935" lon="35.1603953"><ele>96.2</ele><time>2024-02-25T06:25:46Z</time></trkpt>
<trkpt lat="33.0113961" lon="35.1604185"><ele>96.2</ele><time>2024-02-25T06:25:47Z</time></trkpt>
<trkpt lat="33.0113994" lon="35.1604413"><ele>96.3</ele><time>2024-02-25T06:25:48Z</time></trkpt>
<trkpt lat="33.0114033" lon="35.1604633"><ele>96.4</ele><time>2024-02-25T06:25:49Z</time></trkpt>
<trkpt lat="33.0114077" lon="35.1604844"><ele>96.5</ele><time>2024-02-25T06:25:50Z</time></trkpt>
<trkpt lat="33.0114119" lon="35.1605048"><ele>96.6</ele><time>2024-02-25T06:25:51Z</time></trkpt>
<trkpt lat="33.0114146" lon="35.1605256"><ele>96.7</ele><time>2024-02-25T06:25:52Z</time></trkpt>
<trkpt lat="33.0114165" lon="35.1605466"><ele>96.8</ele><time>2024-02-25T06:25:53Z</time></trkpt>
<trkpt lat="33.0114184" lon="35.1605678"><ele>96.9</ele><time>2024-02-25T06:25:54Z</time></trkpt>
<trkpt lat="33.0114204" lon="35.1605891"><ele>97.0</ele><time>2024-02-25T06:25:55Z</time></trkpt>
<trkpt lat="33.0114223" lon="35.1606105"><ele>97.2</ele><time>2024-02-25T06:25:56Z</time></trkpt>
<trkpt lat="33.0114239" lon="35.1606317"><ele>97.3</ele><time>2024-02-25T06:25:57Z</time></trkpt>
<trkpt lat="33.0114254" lon="35.1606522"><ele>97.4</ele><time>2024-02-25T06:25:58Z</time></trkpt>
<trkpt lat="33.0114266" lon="35.1606721"><ele>97.6</ele><time>2024-02-25T06:25:59Z</time></trkpt>
<trkpt lat="33.0114278" lon="35.1606921"><ele>97.7</ele><time>2024-02-25T06:26:00Z</time></trkpt>
<trkpt lat="33.0114292" lon="35.1607132"><ele>97.9</ele><time>2024-02-25T06:26:01Z</time></trkpt>
<trkpt lat="33.0114302" lon="35.1607354"><ele>98.1</ele><time>2024-02-25T06:26:02Z</time></trkpt>
<trkpt lat="33.0114309" lon="35.1607579"><ele>98.2</ele><time>2024-02-25T06:26:03Z</time></trkpt>
<trkpt lat="33.0114314" lon="35.1607803"><ele>98.4</ele><time>2024-02-25T06:26:04Z</time></trkpt>
<trkpt lat="33.0114317" lon="35.1608024"><ele>98.6</ele><time>2024-02-25T06:26:05Z</time></trkpt>
<trkpt lat="33.0114318" lon="35.1608247"><ele>98.8</ele><time>2024-02-25T06:26:06Z</time></trkpt>
<trkpt lat="33.0114316" lon="35.1608474"><ele>98.9</ele><time>2024-02-25T06:26:07Z</time></trkpt>
<trkpt lat="33.0114311" lon="35.1608705"><ele>99.1</ele><time>2024-02-25T06:26:08Z</time></trkpt>
<trkpt lat="33.0114287" lon="35.1608951"><ele>99.3</ele><time>2024-02-25T06:26:09Z</time></trkpt>
<trkpt lat="33.0114245" lon="35.1609213"><ele>99.5</ele><time>2024-02-25T06:26:10Z</time></trkpt>
<trkpt lat="33.0114205" lon="35.1609476"><ele>99.6</ele><time>2024-02-25T06:26:11Z</time></trkpt>
<trkpt lat="33.011418" lon="35.160973"><ele>99.8</ele><time>2024-02-25T06:26:12Z</time></trkpt>
<trkpt lat="33.0114171" lon="35.1609974"><ele>99.9</ele><time>2024-02-25T06:26:13Z</time></trkpt>
<trkpt lat="33.0114176" lon="35.1610209"><ele>100.1</ele><time>2024-02-25T06:26:14Z</time></trkpt>
<trkpt lat="33.0114188" lon="35.1610436"><ele>100.2</ele><time>2024-02-25T06:26:15Z</time></trkpt>
<trkpt lat="33.0114204" lon="35.1610658"><ele>100.3</ele><time>2024-02-25T06:26:16Z</time></trkpt>
<trkpt lat="33.0114221" lon="35.1610879"><ele>100.5</ele><time>2024-02-25T06:26:17Z</time></trkpt>
<trkpt lat="33.0114236" lon="35.1611099"><ele>100.6</ele><time>2024-02-25T06:26:18Z</time></trkpt>
<trkpt lat="33.0114251" lon="35.161132"><ele>100.6</ele><time>2024-02-25T06:26:19Z</time></trkpt>
<trkpt lat="33.0114267" lon="35.161154"><ele>100.7</ele><time>2024-02-25T06:26:20Z</time></trkpt>
<trkpt lat="33.0114283" lon="35.161176"><ele>100.8</ele><time>2024-02-25T06:26:21Z</time></trkpt>
<trkpt lat="33.0114302" lon="35.161198"><ele>100.9</ele><time>2024-02-25T06:26:22Z</time></trkpt>
<trkpt lat="33.0114324" lon="35.16122"><ele>100.9</ele><time>2024-02-25T06:26:23Z</time></trkpt>
<trkpt lat="33.0114347" lon="35.1612423"><ele>101.0</ele><time>2024-02-25T06:26:24Z</time></trkpt>
<trkpt lat="33.0114369" lon="35.1612649"><ele>101.0</ele><time>2024-02-25T06:26:25Z</time></trkpt>
<trkpt lat="33.0114389" lon="35.1612876"><ele>101.0</ele><time>2024-02-25T06:26:26Z</time></trkpt>
<trkpt lat="33.0114404" lon="35.1613102"><ele>101.1</ele><time>2024-02-25T06:26:27Z</time></trkpt>
<trkpt lat="33.0114413" lon="35.1613326"><ele>101.1</ele><time>2024-02-25T06:26:28Z</time></trkpt>
<trkpt lat="33.0114416" lon="35.1613545"><ele>101.1</ele><time>2024-02-25T06:26:29Z</time></trkpt>
<trkpt lat="33.0114412" lon="35.1613759"><ele>101.2</ele><time>2024-02-25T06:26:30Z</time></trkpt>
<trkpt lat="33.0114402" lon="35.161397"><ele>101.2</ele><time>2024-02-25T06:26:31Z</time></trkpt>
<trkpt lat="33.0114385" lon="35.1614179"><ele>101.3</ele><time>2024-02-25T06:26:32Z</time></trkpt>
<trkpt lat="33.0114362" lon="35.161439"><ele>101.3</ele><time>2024-02-25T06:26:33Z</time></trkpt>
<trkpt lat="33.0114334" lon="35.1614605"><ele>101.4</ele><time>2024-02-25T06:26:34Z</time></trkpt>
<trkpt lat="33.0114298" lon="35.1614826"><ele>101.4</ele><time>2024-02-25T06:26:35Z</time></trkpt>
<trkpt lat="33.0114258" lon="35.1615052"><ele>101.5</ele><time>2024-02-25T06:26:36Z</time></trkpt>
<trkpt lat="33.0114214" lon="35.1615281"><ele>101.6</ele><time>2024-02-25T06:26:37Z</time></trkpt>
<trkpt lat="33.0114169" lon="35.1615511"><ele>101.6</ele><time>2024-02-25T06:26:38Z</time></trkpt>
<trkpt lat="33.0114124" lon="35.1615739"><ele>101.7</ele><time>2024-02-25T06:26:39Z</time></trkpt>
<trkpt lat="33.0114081" lon="35.1615963"><ele>101.8</ele><time>2024-02-25T06:26:40Z</time></trkpt>
<trkpt lat="33.0114041" lon="35.1616181"><ele>101.9</ele><time>2024-02-25T06:26:41Z</time></trkpt>
<trkpt lat="33.0114006" lon="35.1616396"><ele>102.0</ele><time>2024-02-25T06:26:42Z</time></trkpt>
<trkpt lat="33.0113974" lon="35.1616608"><ele>102.1</ele><time>2024-02-25T06:26:43Z</time></trkpt>
<trkpt lat="33.0113944" lon="35.1616818"><ele>102.2</ele><time>2024-02-25T06:26:44Z</time></trkpt>
<trkpt lat="33.0113913" lon="35.1617027"><ele>102.3</ele><time>2024-02-25T06:26:45Z</time></trkpt>
<trkpt lat="33.011388" lon="35.1617236"><ele>102.4</ele><time>2024-02-25T06:26:46Z</time></trkpt>
<trkpt lat="33.0113844" lon="35.1617447"><ele>102.5</ele><time>2024-02-25T06:26:47Z</time></trkpt>
<trkpt lat="33.0113805" lon="35.161766"><ele>102.7</ele><time>2024-02-25T06:26:48Z</time></trkpt>
<trkpt lat="33.0113762" lon="35.1617876"><ele>102.8</ele><time>2024-02-25T06:26:49Z</time></trkpt>
<trkpt lat="33.0113716" lon="35.1618091"><ele>102.9</ele><time>2024-02-25T06:26:50Z</time></trkpt>
<trkpt lat="33.0113669" lon="35.1618304"><ele>103.0</ele><time>2024-02-25T06:26:51Z</time></trkpt>
<trkpt lat="33.0113623" lon="35.1618515"><ele>103.1</ele><time>2024-02-25T06:26:52Z</time></trkpt>
<trkpt lat="33.011358" lon="35.1618725"><ele>103.2</ele><time>2024-02-25T06:26:53Z</time></trkpt>
<trkpt lat="33.011354" lon="35.1618933"><ele>103.3</ele><time>2024-02-25T06:26:54Z</time></trkpt>
<trkpt lat="33.0113504" lon="35.1619141"><ele>103.4</ele><time>2024-02-25T06:26:55Z</time></trkpt>
<trkpt lat="33.0113473" lon="35.161935"><ele>103.5</ele><time>2024-02-25T06:26:56Z</time></trkpt>
<trkpt lat="33.0113444" lon="35.1619562"><ele>103.7</ele><time>2024-02-25T06:26:57Z</time></trkpt>
<trkpt lat="33.0113418" lon="35.1619775"><ele>103.8</ele><time>2024-02-25T06:26:58Z</time></trkpt>
<trkpt lat="33.0113394" lon="35.1619988"><ele>103.9</ele><time>2024-02-25T06:26:59Z</time></trkpt>
<trkpt lat="33.0113369" lon="35.16202"><ele>104.0</ele><time>2024-02-25T06:27:00Z</time></trkpt>
<trkpt lat="33.0113343" lon="35.1620411"><ele>104.1</ele><time>2024-02-25T06:27:01Z</time></trkpt>
<trkpt lat="33.0113314" lon="35.1620619"><ele>104.2</ele><time>2024-02-25T06:27:02Z</time></trkpt>
<trkpt lat="33.0113282" lon="35.1620826"><ele>104.3</ele><time>2024-02-25T06:27:03Z</time></trkpt>
<trkpt lat="33.0113249" lon="35.1621031"><ele>104.4</ele><time>2024-02-25T06:27:04Z</time></trkpt>
<trkpt lat="33.0113214" lon="35.1621236"><ele>104.5</ele><time>2024-02-25T06:27:05Z</time></trkpt>
<trkpt lat="33.0113181" lon="35.1621439"><ele>104.7</ele><time>2024-02-25T06:27:06Z</time></trkpt>
<trkpt lat="33.0113152" lon="35.1621643"><ele>104.8</ele><time>2024-02-25T06:27:07Z</time></trkpt>
<trkpt lat="33.0113125" lon="35.1621848"><ele>104.9</ele><time>2024-02-25T06:27:08Z</time></trkpt>
<trkpt lat="33.0113099" lon="35.1622054"><ele>105.1</ele><time>2024-02-25T06:27:09Z</time></trkpt>
<trkpt lat="33.0113071" lon="35.162226"><ele>105.2</ele><time>2024-02-25T06:27:10Z</time></trkpt>
<trkpt lat="33.0113042" lon="35.1622465"><ele>105.4</ele><time>2024-02-25T06:27:11Z</time></trkpt>
<trkpt lat="33.011301" lon="35.1622671"><ele>105.5</ele><time>2024-02-25T06:27:12Z</time></trkpt>
<trkpt lat="33.0112976" lon="35.1622876"><ele>105.7</ele><time>2024-02-25T06:27:13Z</time></trkpt>
<trkpt lat="33.0112944" lon="35.1623079"><ele>105.8</ele><time>2024-02-25T06:27:14Z</time></trkpt>
<trkpt lat="33.0112914" lon="35.1623281"><ele>106.0</ele><time>2024-02-25T06:27:15Z</time></trkpt>
<trkpt lat="33.0112886" lon="35.1623482"><ele>106.2</ele><time>2024-02-25T06:27:16Z</time></trkpt>
<trkpt lat="33.0112861" lon="35.1623683"><ele>106.3</ele><time>2024-02-25T06:27:17Z</time></trkpt>
<trkpt lat="33.0112839" lon="35.1623885"><ele>106.5</ele><time>2024-02-25T06:27:18Z</time></trkpt>
<trkpt lat="33.0112817" lon="35.1624087"><ele>106.7</ele><time>2024-02-25T06:27:19Z</time></trkpt>
<trkpt lat="33.0112795" lon="35.162429"><ele>106.9</ele><time>2024-02-25T06:27:20Z</time></trkpt>
<trkpt lat="33.0112771" lon="35.1624491"><ele>107.1</ele><time>2024-02-25T06:27:21Z</time></trkpt>
<trkpt lat="33.0112743" lon="35.1624692"><ele>107.3</ele><time>2024-02-25T06:27:22Z</time></trkpt>
<trkpt lat="33.0112713" lon="35.1624891"><ele>107.5</ele><time>2024-02-25T06:27:23Z</time></trkpt>
<trkpt lat="33.0112682" lon="35.162509"><ele>107.6</ele><time>2024-02-25T06:27:24Z</time></trkpt>
<trkpt lat="33.011265" lon="35.1625291"><ele>107.8</ele><time>2024-02-25T06:27:25Z</time></trkpt>
<trkpt lat="33.0112617" lon="35.1625496"><ele>108.0</ele><time>2024-02-25T06:27:26Z</time></trkpt>
<trkpt lat="33.0112583" lon="35.1625704"><ele>108.2</ele><time>2024-02-25T06:27:27Z</time></trkpt>
<trkpt lat="33.0112547" lon="35.1625915"><ele>108.3</ele><time>2024-02-25T06:27:28Z</time></trkpt>
<trkpt lat="33.0112509" lon="35.1626128"><ele>108.5</ele><time>2024-02-25T06:27:29Z</time></trkpt>
<trkpt lat="33.0112468" lon="35.1626341"><ele>108.6</ele><time>2024-02-25T06:27:30Z</time></trkpt>
<trkpt lat="33.0112424" lon="35.1626552"><ele>108.8</ele><time>2024-02-25T06:27:31Z</time></trkpt>
<trkpt lat="33.0112377" lon="35.162676"><ele>108.9</ele><time>2024-02-25T06:27:32Z</time></trkpt>
<trkpt lat="33.0112329" lon="35.1626965"><ele>109.0</ele><time>2024-02-25T06:27:33Z</time></trkpt>
<trkpt lat="33.0112281" lon="35.1627168"><ele>109.2</ele><time>2024-02-25T06:27:34Z</time></trkpt>
<trkpt lat="33.0112233" lon="35.1627371"><ele>109.3</ele><time>2024-02-25T06:27:35Z</time></trkpt>
<trkpt lat="33.0112186" lon="35.1627575"><ele>109.4</ele><time>2024-02-25T06:27:36Z</time></trkpt>
<trkpt lat="33.0112143" lon="35.162778"><ele>109.5</ele><time>2024-02-25T06:27:37Z</time></trkpt>
<trkpt lat="33.0112102" lon="35.1627988"><ele>109.6</ele><time>2024-02-25T06:27:38Z</time></trkpt>
<trkpt lat="33.0112062" lon="35.1628197"><ele>109.7</ele><time>2024-02-25T06:27:39Z</time></trkpt>
<trkpt lat="33.0112023" lon="35.1628407"><ele>109.9</ele><time>2024-02-25T06:27:40Z</time></trkpt>
<trkpt lat="33.0111985" lon="35.1628614"><ele>110.0</ele><time>2024-02-25T06:27:41Z</time></trkpt>
<trkpt lat="33.0111949" lon="35.1628818"><ele>110.1</ele><time>2024-02-25T06:27:42Z</time></trkpt>
<trkpt lat="33.0111915" lon="35.1629019"><ele>110.2</ele><time>2024-02-25T06:27:43Z</time></trkpt>
<trkpt lat="33.0111882" lon="35.1629215"><ele>110.3</ele><time>2024-02-25T06:27:44Z</time></trkpt>
<trkpt lat="33.0111849" lon="35.1629408"><ele>110.4</ele><time>2024-02-25T06:27:45Z</time></trkpt>
<trkpt lat="33.0111811" lon="35.1629598"><ele>110.5</ele><time>2024-02-25T06:27:46Z</time></trkpt>
<trkpt lat="33.0111766" lon="35.1629785"><ele>110.6</ele><time>2024-02-25T06:27:47Z</time></trkpt>
<trkpt lat="33.0111713" lon="35.162997"><ele>110.7</ele><time>2024-02-25T06:27:48Z</time></trkpt>
<trkpt lat="33.0111653" lon="35.1630152"><ele>110.9</ele><time>2024-02-25T06:27:49Z</time></trkpt>
<trkpt lat="33.0111584" lon="35.163033"><ele>111.0</ele><time>2024-02-25T06:27:50Z</time></trkpt>
<trkpt lat="33.0111511" lon="35.1630504"><ele>111.1</ele><time>2024-02-25T06:27:51Z</time></trkpt>
<trkpt lat="33.0111436" lon="35.1630675"><ele>111.2</ele><time>2024-02-25T06:27:52Z</time></trkpt>
<trkpt lat="33.0111366" lon="35.1630844"><ele>111.4</ele><time>2024-02-25T06:27:53Z</time></trkpt>
<trkpt lat="33.0111303" lon="35.1631013"><ele>111.5</ele><time>2024-02-25T06:27:54Z</time></trkpt>
<trkpt lat="33.0111248" lon="35.1631183"><ele>111.6</ele><time>2024-02-25T06:27:55Z</time></trkpt>
<trkpt lat="33.0111199" lon="35.1631356"><ele>111.8</ele><time>2024-02-25T06:27:56Z</time></trkpt>
<trkpt lat="33.0111154" lon="35.1631531"><ele>111.9</ele><time>2024-02-25T06:27:57Z</time></trkpt>
<trkpt lat="33.0111112" lon="35.1631706"><ele>112.1</ele><time>2024-02-25T06:27:58Z</time></trkpt>
<trkpt lat="33.011107" lon="35.1631884"><ele>112.2</ele><time>2024-02-25T06:27:59Z</time></trkpt>
<trkpt lat="33.011103" lon="35.1632062"><ele>112.3</ele><time>2024-02-25T06:28:00Z</time></trkpt>
<trkpt lat="33.011099" lon="35.1632241"><ele>112.5</ele><time>2024-02-25T06:28:01Z</time></trkpt>
<trkpt lat="33.0110953" lon="35.1632417"><ele>112.6</ele><time>2024-02-25T06:28:02Z</time></trkpt>
<trkpt lat="33.0110917" lon="35.1632591"><ele>112.8</ele><time>2024-02-25T06:28:03Z</time></trkpt>
<trkpt lat="33.0110882" lon="35.1632762"><ele>112.9</ele><time>2024-02-25T06:28:04Z</time></trkpt>
<trkpt lat="33.0110846" lon="35.1632929"><ele>113.1</ele><time>2024-02-25T06:28:05Z</time></trkpt>
<trkpt lat="33.0110807" lon="35.1633094"><ele>113.2</ele><time>2024-02-25T06:28:06Z</time></trkpt>
<trkpt lat="33.0110766" lon="35.1633257"><ele>113.3</ele><time>2024-02-25T06:28:07Z</time></trkpt>
<trkpt lat="33.0110722" lon="35.163342"><ele>113.5</ele><time>2024-02-25T06:28:08Z</time></trkpt>
<trkpt lat="33.0110677" lon="35.1633583"><ele>113.6</ele><time>2024-02-25T06:28:09Z</time></trkpt>
<trkpt lat="33.0110632" lon="35.1633748"><ele>113.8</ele><time>2024-02-25T06:28:10Z</time></trkpt>
<trkpt lat="33.0110589" lon="35.1633912"><ele>113.9</ele><time>2024-02-25T06:28:11Z</time></trkpt>
<trkpt lat="33.0110549" lon="35.1634075"><ele>114.0</ele><time>2024-02-25T06:28:12Z</time></trkpt>
<trkpt lat="33.011051" lon="35.1634238"><ele>114.2</ele><time>2024-02-25T06:28:13Z</time></trkpt>
<trkpt lat="33.0110474" lon="35.16344"><ele>114.3</ele><time>2024-02-25T06:28:14Z</time></trkpt>
<trkpt lat="33.011044" lon="35.1634561"><ele>114.4</ele><time>2024-02-25T06:28:15Z</time></trkpt>
<trkpt lat="33.0110409" lon="35.1634722"><ele>114.6</ele><time>2024-02-25T06:28:16Z</time></trkpt>
<trkpt lat="33.0110382" lon="35.1634883"><ele>114.7</ele><time>2024-02-25T06:28:17Z</time></trkpt>
<trkpt lat="33.0110359" lon="35.1635045"><ele>114.8</ele><time>2024-02-25T06:28:18Z</time></trkpt>
<trkpt lat="33.0110339" lon="35.1635205"><ele>114.9</ele><time>2024-02-25T06:28:19Z</time></trkpt>
<trkpt lat="33.0110321" lon="35.1635363"><ele>115.0</ele><time>2024-02-25T06:28:20Z</time></trkpt>
<trkpt lat="33.0110304" lon="35.1635519"><ele>115.1</ele><time>2024-02-25T06:28:21Z</time></trkpt>
<trkpt lat="33.0110284" lon="35.1635676"><ele>115.3</ele><time>2024-02-25T06:28:22Z</time></trkpt>
<trkpt lat="33.0110263" lon="35.1635835"><ele>115.4</ele><time>2024-02-25T06:28:23Z</time></trkpt>
<trkpt lat="33.0110238" lon="35.1635998"><ele>115.5</ele><time>2024-02-25T06:28:24Z</time></trkpt>
<trkpt lat="33.0110209" lon="35.1636164"><ele>115.6</ele><time>2024-02-25T06:28:25Z</time></trkpt>
<trkpt lat="33.0110174" lon="35.163633"><ele>115.7</ele><time>2024-02-25T06:28:26Z</time></trkpt>
<trkpt lat="33.0110134" lon="35.1636494"><ele>115.8</ele><time>2024-02-25T06:28:27Z</time></trkpt>
<trkpt lat="33.0110089" lon="35.1636656"><ele>115.9</ele><time>2024-02-25T06:28:28Z</time></trkpt>
<trkpt lat="33.0110039" lon="35.1636814"><ele>116.0</ele><time>2024-02-25T06:28:29Z</time></trkpt>
<trkpt lat="33.0109985" lon="35.1636968"><ele>116.1</ele><time>2024-02-25T06:28:30Z</time></trkpt>
<trkpt lat="33.0109928" lon="35.163712"><ele>116.2</ele><time>2024-02-25T06:28:31Z</time></trkpt>
<trkpt lat="33.0109871" lon="35.1637271"><ele>116.3</ele><time>2024-02-25T06:28:32Z</time></trkpt>
<trkpt lat="33.0109815" lon="35.1637422"><ele>116.4</ele><time>2024-02-25T06:28:33Z</time></trkpt>
<trkpt lat="33.0109762" lon="35.1637575"><ele>116.5</ele><time>2024-02-25T06:28:34Z</time></trkpt>
<trkpt lat="33.0109711" lon="35.1637727"><ele>116.6</ele><time>2024-02-25T06:28:35Z</time></trkpt>
<trkpt lat="33.0109662" lon="35.163788"><ele>116.7</ele><time>2024-02-25T06:28:36Z</time></trkpt>
<trkpt lat="33.0109613" lon="35.163803"><ele>116.8</ele><time>2024-02-25T06:28:37Z</time></trkpt>
<trkpt lat="33.0109562" lon="35.1638177"><ele>116.9</ele><time>2024-02-25T06:28:38Z</time></trkpt>
<trkpt lat="33.0109509" lon="35.1638322"><ele>117.1</ele><time>2024-02-25T06:28:39Z</time></trkpt>
<trkpt lat="33.0109454" lon="35.1638465"><ele>117.2</ele><time>2024-02-25T06:28:40Z</time></trkpt>
<trkpt lat="33.0109397" lon="35.1638609"><ele>117.3</ele><time>2024-02-25T06:28:41Z</time></trkpt>
<trkpt lat="33.0109338" lon="35.1638753"><ele>117.4</ele><time>2024-02-25T06:28:42Z</time></trkpt>
<trkpt lat="33.0109274" lon="35.16389"><ele>117.5</ele><time>2024-02-25T06:28:43Z</time></trkpt>
<trkpt lat="33.0109207" lon="35.1639049"><ele>117.6</ele><time>2024-02-25T06:28:44Z</time></trkpt>
<trkpt lat="33.0109134" lon="35.1639199"><ele>117.7</ele><time>2024-02-25T06:28:45Z</time></trkpt>
<trkpt lat="33.0109055" lon="35.1639349"><ele>117.8</ele><time>2024-02-25T06:28:46Z</time></trkpt>
<trkpt lat="33.010897" lon="35.1639497"><ele>118.0</ele><time>2024-02-25T06:28:47Z</time></trkpt>
<trkpt lat="33.0108881" lon="35.1639643"><ele>118.1</ele><time>2024-02-25T06:28:48Z</time></trkpt>
<trkpt lat="33.0108788" lon="35.1639784"><ele>118.2</ele><time>2024-02-25T06:28:49Z</time></trkpt>
<trkpt lat="33.0108692" lon="35.1639922"><ele>118.3</ele><time>2024-02-25T06:28:50Z</time></trkpt>
<trkpt lat="33.0108594" lon="35.1640055"><ele>118.4</ele><time>2024-02-25T06:28:51Z</time></trkpt>
<trkpt lat="33.0108496" lon="35.1640184"><ele>118.5</ele><time>2024-02-25T06:28:52Z</time></trkpt>
<trkpt lat="33.0108398" lon="35.1640309"><ele>118.6</ele><time>2024-02-25T06:28:53Z</time></trkpt>
<trkpt lat="33.0108298" lon="35.1640431"><ele>118.7</ele><time>2024-02-25T06:28:54Z</time></trkpt>
<trkpt lat="33.0108195" lon="35.1640549"><ele>118.8</ele><time>2024-02-25T06:28:55Z</time></trkpt>
<trkpt lat="33.0108087" lon="35.164066"><ele>118.9</ele><time>2024-02-25T06:28:56Z</time></trkpt>
<trkpt lat="33.0107973" lon="35.1640763"><ele>119.0</ele><time>2024-02-25T06:28:57Z</time></trkpt>
<trkpt lat="33.0107852" lon="35.1640855"><ele>119.1</ele><time>2024-02-25T06:28:58Z</time></trkpt>
<trkpt lat="33.0107723" lon="35.1640934"><ele>119.2</ele><time>2024-02-25T06:28:59Z</time></trkpt>
<trkpt lat="33.0107588" lon="35.1641001"><ele>119.4</ele><time>2024-02-25T06:29:00Z</time></trkpt>
<trkpt lat="33.0107447" lon="35.1641056"><ele>119.5</ele><time>2024-02-25T06:29:01Z</time></trkpt>
<trkpt lat="33.0107302" lon="35.1641099"><ele>119.6</ele><time>2024-02-25T06:29:02Z</time></trkpt>
<trkpt lat="33.0107154" lon="35.1641132"><ele>119.8</ele><time>2024-02-25T06:29:03Z</time></trkpt>
<trkpt lat="33.0107003" lon="35.1641156"><ele>119.9</ele><time>2024-02-25T06:29:04Z</time></trkpt>
<trkpt lat="33.0106849" lon="35.1641171"><ele>120.1</ele><time>2024-02-25T06:29:05Z</time></trkpt>
<trkpt lat="33.0106692" lon="35.1641177"><ele>120.2</ele><time>2024-02-25T06:29:06Z</time></trkpt>
<trkpt lat="33.0106536" lon="35.1641178"><ele>120.3</ele><time>2024-02-25T06:29:07Z</time></trkpt>
<trkpt lat="33.0106383" lon="35.1641174"><ele>120.5</ele><time>2024-02-25T06:29:08Z</time></trkpt>
<trkpt lat="33.0106235" lon="35.1641168"><ele>120.6</ele><time>2024-02-25T06:29:09Z</time></trkpt>
<trkpt lat="33.010609" lon="35.1641159"><ele>120.8</ele><time>2024-02-25T06:29:10Z</time></trkpt>
<trkpt lat="33.0105946" lon="35.1641145"><ele>120.9</ele><time>2024-02-25T06:29:11Z</time></trkpt>
<trkpt lat="33.0105801" lon="35.1641123"><ele>121.0</ele><time>2024-02-25T06:29:12Z</time></trkpt>
<trkpt lat="33.0105654" lon="35.1641091"><ele>121.1</ele><time>2024-02-25T06:29:13Z</time></trkpt>
<trkpt lat="33.0105506" lon="35.1641054"><ele>121.2</ele><time>2024-02-25T06:29:14Z</time></trkpt>
<trkpt lat="33.0105356" lon="35.1641016"><ele>121.3</ele><time>2024-02-25T06:29:15Z</time></trkpt>
<trkpt lat="33.0105208" lon="35.1640988"><ele>121.4</ele><time>2024-02-25T06:29:16Z</time></trkpt>
<trkpt lat="33.0105063" lon="35.164098"><ele>121.4</ele><time>2024-02-25T06:29:17Z</time></trkpt>
<trkpt lat="33.0104923" lon="35.1640999"><ele>121.5</ele><time>2024-02-25T06:29:18Z</time></trkpt>
<trkpt lat="33.0104788" lon="35.1641053"><ele>121.5</ele><time>2024-02-25T06:29:19Z</time></trkpt>
<trkpt lat="33.0104658" lon="35.1641142"><ele>121.6</ele><time>2024-02-25T06:29:20Z</time></trkpt>
<trkpt lat="33.0104533" lon="35.1641267"><ele>121.6</ele><time>2024-02-25T06:29:21Z</time></trkpt>
<trkpt lat="33.0104415" lon="35.1641422"><ele>121.6</ele><time>2024-02-25T06:29:22Z</time></trkpt>
<trkpt lat="33.0104309" lon="35.1641599"><ele>121.6</ele><time>2024-02-25T06:29:23Z</time></trkpt>
<trkpt lat="33.0104217" lon="35.1641789"><ele>121.6</ele><time>2024-02-25T06:29:24Z</time></trkpt>
<trkpt lat="33.0104142" lon="35.1641984"><ele>121.7</ele><time>2024-02-25T06:29:25Z</time></trkpt>
<trkpt lat="33.0104083" lon="35.1642181"><ele>121.7</ele><time>2024-02-25T06:29:26Z</time></trkpt>
<trkpt lat="33.0104043" lon="35.1642376"><ele>121.7</ele><time>2024-02-25T06:29:27Z</time></trkpt>
<trkpt lat="33.0104018" lon="35.1642568"><ele>121.7</ele><time>2024-02-25T06:29:28Z</time></trkpt>
<trkpt lat="33.0104007" lon="35.1642757"><ele>121.7</ele><time>2024-02-25T06:29:29Z</time></trkpt>
<trkpt lat="33.0104006" lon="35.1642945"><ele>121.7</ele><time>2024-02-25T06:29:30Z</time></trkpt>
<trkpt lat="33.0104011" lon="35.1643131"><ele>121.8</ele><time>2024-02-25T06:29:31Z</time></trkpt>
<trkpt lat="33.0104021" lon="35.1643318"><ele>121.8</ele><time>2024-02-25T06:29:32Z</time></trkpt>
<trkpt lat="33.0104036" lon="35.1643506"><ele>121.8</ele><time>2024-02-25T06:29:33Z</time></trkpt>
<trkpt lat="33.0104054" lon="35.1643695"><ele>121.9</ele><time>2024-02-25T06:29:34Z</time></trkpt>
<trkpt lat="33.0104078" lon="35.1643885"><ele>121.9</ele><time>2024-02-25T06:29:35Z</time></trkpt>
<trkpt lat="33.0104109" lon="35.1644076"><ele>122.0</ele><time>2024-02-25T06:29:36Z</time></trkpt>
<trkpt lat="33.0104148" lon="35.1644268"><ele>122.0</ele><time>2024-02-25T06:29:37Z</time></trkpt>
<trkpt lat="33.0104194" lon="35.1644462"><ele>122.1</ele><time>2024-02-25T06:29:38Z</time></trkpt>
<trkpt lat="33.0104247" lon="35.1644658"><ele>122.2</ele><time>2024-02-25T06:29:39Z</time></trkpt>
<trkpt lat="33.0104308" lon="35.1644854"><ele>122.3</ele><time>2024-02-25T06:29:40Z</time></trkpt>
<trkpt lat="33.0104375" lon="35.1645048"><ele>122.3</ele><time>2024-02-25T06:29:41Z</time></trkpt>
<trkpt lat="33.0104449" lon="35.1645241"><ele>122.4</ele><time>2024-02-25T06:29:42Z</time></trkpt>
<trkpt lat="33.0104531" lon="35.1645435"><ele>122.5</ele><time>2024-02-25T06:29:43Z</time></trkpt>
<trkpt lat="33.0104616" lon="35.164563"><ele>122.6</ele><time>2024-02-25T06:29:44Z</time></trkpt>
<trkpt lat="33.0104704" lon="35.1645828"><ele>122.8</ele><time>2024-02-25T06:29:45Z</time></trkpt>
<trkpt lat="33.010479" lon="35.1646027"><ele>122.9</ele><time>2024-02-25T06:29:46Z</time></trkpt>
<trkpt lat="33.0104872" lon="35.1646226"><ele>123.0</ele><time>2024-02-25T06:29:47Z</time></trkpt>
<trkpt lat="33.0104951" lon="35.1646423"><ele>123.1</ele><time>2024-02-25T06:29:48Z</time></trkpt>
<trkpt lat="33.0105026" lon="35.1646616"><ele>123.3</ele><time>2024-02-25T06:29:49Z</time></trkpt>
<trkpt lat="33.0105098" lon="35.1646807"><ele>123.4</ele><time>2024-02-25T06:29:50Z</time></trkpt>
<trkpt lat="33.0105169" lon="35.1646994"><ele>123.5</ele><time>2024-02-25T06:29:51Z</time></trkpt>
<trkpt lat="33.0105239" lon="35.164718"><ele>123.7</ele><time>2024-02-25T06:29:52Z</time></trkpt>
<trkpt lat="33.0105308" lon="35.1647367"><ele>123.8</ele><time>2024-02-25T06:29:53Z</time></trkpt>
<trkpt lat="33.0105378" lon="35.1647554"><ele>123.9</ele><time>2024-02-25T06:29:54Z</time></trkpt>
<trkpt lat="33.010545" lon="35.1647744"><ele>124.1</ele><time>2024-02-25T06:29:55Z</time></trkpt>
<trkpt lat="33.0105523" lon="35.1647936"><ele>124.2</ele><time>2024-02-25T06:29:56Z</time></trkpt>
<trkpt lat="33.01056" lon="35.1648132"><ele>124.3</ele><time>2024-02-25T06:29:57Z</time></trkpt>
<trkpt lat="33.0105681" lon="35.1648328"><ele>124.5</ele><time>2024-02-25T06:29:58Z</time></trkpt>
<trkpt lat="33.0105764" lon="35.1648525"><ele>124.6</ele><time>2024-02-25T06:29:59Z</time></trkpt>
<trkpt lat="33.010585" lon="35.1648723"><ele>124.7</ele><time>2024-02-25T06:30:00Z</time></trkpt>
<trkpt lat="33.0105936" lon="35.164892"><ele>124.9</ele><time>2024-02-25T06:30:01Z</time></trkpt>
<trkpt lat="33.0106022" lon="35.1649115"><ele>125.0</ele><time>2024-02-25T06:30:02Z</time></trkpt>
<trkpt lat="33.0106106" lon="35.1649307"><ele>125.1</ele><time>2024-02-25T06:30:03Z</time></trkpt>
<trkpt lat="33.0106189" lon="35.1649495"><ele>125.2</ele><time>2024-02-25T06:30:04Z</time></trkpt>
<trkpt lat="33.0106272" lon="35.1649682"><ele>125.4</ele><time>2024-02-25T06:30:05Z</time></trkpt>
<trkpt lat="33.0106355" lon="35.1649867"><ele>125.5</ele><time>2024-02-25T06:30:06Z</time></trkpt>
<trkpt lat="33.0106439" lon="35.1650053"><ele>125.6</ele><time>2024-02-25T06:30:07Z</time></trkpt>
<trkpt lat="33.0106522" lon="35.1650239"><ele>125.7</ele><time>2024-02-25T06:30:08Z</time></trkpt>
<trkpt lat="33.0106605" lon="35.1650427"><ele>125.8</ele><time>2024-02-25T06:30:09Z</time></trkpt>
<trkpt lat="33.0106685" lon="35.1650618"><ele>125.9</ele><time>2024-02-25T06:30:10Z</time></trkpt>
<trkpt lat="33.0106762" lon="35.1650811"><ele>126.1</ele><time>2024-02-25T06:30:11Z</time></trkpt>
<trkpt lat="33.0106838" lon="35.1651006"><ele>126.2</ele><time>2024-02-25T06:30:12Z</time></trkpt>
<trkpt lat="33.0106912" lon="35.1651202"><ele>126.3</ele><time>2024-02-25T06:30:13Z</time></trkpt>
<trkpt lat="33.0106985" lon="35.1651398"><ele>126.4</ele><time>2024-02-25T06:30:14Z</time></trkpt>
<trkpt lat="33.0107057" lon="35.1651591"><ele>126.5</ele><time>2024-02-25T06:30:15Z</time></trkpt>
<trkpt lat="33.0107129" lon="35.1651783"><ele>126.6</ele><time>2024-02-25T06:30:16Z</time></trkpt>
<trkpt lat="33.0107201" lon="35.1651972"><ele>126.8</ele><time>2024-02-25T06:30:17Z</time></trkpt>
<trkpt lat="33.0107274" lon="35.1652161"><ele>126.9</ele><time>2024-02-25T06:30:18Z</time></trkpt>
<trkpt lat="33.0107349" lon="35.165235"><ele>127.0</ele><time>2024-02-25T06:30:19Z</time></trkpt>
<trkpt lat="33.0107425" lon="35.1652542"><ele>127.1</ele><time>2024-02-25T06:30:20Z</time></trkpt>
<trkpt lat="33.0107499" lon="35.1652735"><ele>127.2</ele><time>2024-02-25T06:30:21Z</time></trkpt>
<trkpt lat="33.010757" lon="35.1652928"><ele>127.3</ele><time>2024-02-25T06:30:22Z</time></trkpt>
<trkpt lat="33.0107636" lon="35.165312"><ele>127.5</ele><time>2024-02-25T06:30:23Z</time></trkpt>
<trkpt lat="33.0107697" lon="35.1653309"><ele>127.6</ele><time>2024-02-25T06:30:24Z</time></trkpt>
<trkpt lat="33.0107756" lon="35.1653496"><ele>127.7</ele><time>2024-02-25T06:30:25Z</time></trkpt>
<trkpt lat="33.0107814" lon="35.1653681"><ele>127.8</ele><time>2024-02-25T06:30:26Z</time></trkpt>
<trkpt lat="33.0107876" lon="35.1653861"><ele>127.9</ele><time>2024-02-25T06:30:27Z</time></trkpt>
<trkpt lat="33.0107945" lon="35.1654036"><ele>128.0</ele><time>2024-02-25T06:30:28Z</time></trkpt>
<trkpt lat="33.0108025" lon="35.1654203"><ele>128.1</ele><time>2024-02-25T06:30:29Z</time></trkpt>
<trkpt lat="33.0108118" lon="35.165436"><ele>128.3</ele><time>2024-02-25T06:30:30Z</time></trkpt>
<trkpt lat="33.0108226" lon="35.1654507"><ele>128.4</ele><time>2024-02-25T06:30:31Z</time></trkpt>
<trkpt lat="33.0108348" lon="35.1654646"><ele>128.5</ele><time>2024-02-25T06:30:32Z</time></trkpt>
<trkpt lat="33.0108483" lon="35.1654777"><ele>128.6</ele><time>2024-02-25T06:30:33Z</time></trkpt>
<trkpt lat="33.0108626" lon="35.1654903"><ele>128.7</ele><time>2024-02-25T06:30:34Z</time></trkpt>
<trkpt lat="33.0108775" lon="35.1655025"><ele>128.8</ele><time>2024-02-25T06:30:35Z</time></trkpt>
<trkpt lat="33.0108925" lon="35.1655141"><ele>128.9</ele><time>2024-02-25T06:30:36Z</time></trkpt>
<trkpt lat="33.0109075" lon="35.1655249"><ele>129.0</ele><time>2024-02-25T06:30:37Z</time></trkpt>
<trkpt lat="33.0109226" lon="35.1655345"><ele>129.1</ele><time>2024-02-25T06:30:38Z</time></trkpt>
<trkpt lat="33.0109379" lon="35.1655425"><ele>129.2</ele><time>2024-02-25T06:30:39Z</time></trkpt>
<trkpt lat="33.0109536" lon="35.1655485"><ele>129.3</ele><time>2024-02-25T06:30:40Z</time></trkpt>
<trkpt lat="33.0109698" lon="35.1655522"><ele>129.3</ele><time>2024-02-25T06:30:41Z</time></trkpt>
<trkpt lat="33.0109868" lon="35.1655538"><ele>129.4</ele><time>2024-02-25T06:30:42Z</time></trkpt>
<trkpt lat="33.0110047" lon="35.1655537"><ele>129.5</ele><time>2024-02-25T06:30:43Z</time></trkpt>
<trkpt lat="33.0110236" lon="35.1655525"><ele>129.6</ele><time>2024-02-25T06:30:44Z</time></trkpt>
<trkpt lat="33.0110432" lon="35.1655509"><ele>129.6</ele><time>2024-02-25T06:30:45Z</time></trkpt>
<trkpt lat="33.0110634" lon="35.1655491"><ele>129.7</ele><time>2024-02-25T06:30:46Z</time></trkpt>
<trkpt lat="33.0110842" lon="35.1655475"><ele>129.7</ele><time>2024-02-25T06:30:47Z</time></trkpt>
<trkpt lat="33.0111055" lon="35.1655464"><ele>129.8</ele><time>2024-02-25T06:30:48Z</time></trkpt>
<trkpt lat="33.0111268" lon="35.165546"><ele>129.8</ele><time>2024-02-25T06:30:49Z</time></trkpt>
<trkpt lat="33.0111479" lon="35.1655466"><ele>129.8</ele><time>2024-02-25T06:30:50Z</time></trkpt>
<trkpt lat="33.0111685" lon="35.1655481"><ele>129.9</ele><time>2024-02-25T06:30:51Z</time></trkpt>
<trkpt lat="33.0111886" lon="35.1655504"><ele>129.9</ele><time>2024-02-25T06:30:52Z</time></trkpt>
<trkpt lat="33.0112082" lon="35.165553"><ele>129.9</ele><time>2024-02-25T06:30:53Z</time></trkpt>
<trkpt lat="33.0112275" lon="35.1655556"><ele>129.9</ele><time>2024-02-25T06:30:54Z</time></trkpt>
<trkpt lat="33.0112465" lon="35.1655577"><ele>129.8</ele><time>2024-02-25T06:30:55Z</time></trkpt>
<trkpt lat="33.0112654" lon="35.1655592"><ele>129.8</ele><time>2024-02-25T06:30:56Z</time></trkpt>
<trkpt lat="33.0112841" lon="35.16556"><ele>129.8</ele><time>2024-02-25T06:30:57Z</time></trkpt>
<trkpt lat="33.0113028" lon="35.1655601"><ele>129.8</ele><time>2024-02-25T06:30:58Z</time></trkpt>
<trkpt lat="33.0113215" lon="35.1655595"><ele>129.7</ele><time>2024-02-25T06:30:59Z</time></trkpt>
<trkpt lat="33.0113405" lon="35.1655586"><ele>129.7</ele><time>2024-02-25T06:31:00Z</time></trkpt>
<trkpt lat="33.0113595" lon="35.1655573"><ele>129.6</ele><time>2024-02-25T06:31:01Z</time></trkpt>
<trkpt lat="33.0113784" lon="35.165556"><ele>129.6</ele><time>2024-02-25T06:31:02Z</time></trkpt>
<trkpt lat="33.0113969" lon="35.1655547"><ele>129.5</ele><time>2024-02-25T06:31:03Z</time></trkpt>
<trkpt lat="33.0114148" lon="35.1655536"><ele>129.5</ele><time>2024-02-25T06:31:04Z</time></trkpt>
<trkpt lat="33.0114321" lon="35.1655529"><ele>129.4</ele><time>2024-02-25T06:31:05Z</time></trkpt>
<trkpt lat="33.0114489" lon="35.1655526"><ele>129.4</ele><time>2024-02-25T06:31:06Z</time></trkpt>
<trkpt lat="33.0114656" lon="35.1655528"><ele>129.3</ele><time>2024-02-25T06:31:07Z</time></trkpt>
<trkpt lat="33.011483" lon="35.1655533"><ele>129.3</ele><time>2024-02-25T06:31:08Z</time></trkpt>
<trkpt lat="33.0115021" lon="35.1655543"><ele>129.3</ele><time>2024-02-25T06:31:09Z</time></trkpt>
<trkpt lat="33.0115227" lon="35.165556"><ele>129.3</ele><time>2024-02-25T06:31:10Z</time></trkpt>
<trkpt lat="33.0115436" lon="35.1655586"><ele>129.3</ele><time>2024-02-25T06:31:11Z</time></trkpt>
<trkpt lat="33.0115645" lon="35.1655622"><ele>129.3</ele><time>2024-02-25T06:31:12Z</time></trkpt>
<trkpt lat="33.0115848" lon="35.1655669"><ele>129.3</ele><time>2024-02-25T06:31:13Z</time></trkpt>
<trkpt lat="33.0116046" lon="35.165573"><ele>129.4</ele><time>2024-02-25T06:31:14Z</time></trkpt>
<trkpt lat="33.0116238" lon="35.1655805"><ele>129.5</ele><time>2024-02-25T06:31:15Z</time></trkpt>
<trkpt lat="33.0116422" lon="35.1655895"><ele>129.5</ele><time>2024-02-25T06:31:16Z</time></trkpt>
<trkpt lat="33.0116596" lon="35.1656002"><ele>129.7</ele><time>2024-02-25T06:31:17Z</time></trkpt>
<trkpt lat="33.0116756" lon="35.1656124"><ele>129.8</ele><time>2024-02-25T06:31:18Z</time></trkpt>
<trkpt lat="33.0116898" lon="35.1656262"><ele>129.9</ele><time>2024-02-25T06:31:19Z</time></trkpt>
<trkpt lat="33.011702" lon="35.1656416"><ele>130.1</ele><time>2024-02-25T06:31:20Z</time></trkpt>
<trkpt lat="33.0117118" lon="35.1656581"><ele>130.3</ele><time>2024-02-25T06:31:21Z</time></trkpt>
<trkpt lat="33.0117195" lon="35.1656756"><ele>130.5</ele><time>2024-02-25T06:31:22Z</time></trkpt>
<trkpt lat="33.0117255" lon="35.1656939"><ele>130.7</ele><time>2024-02-25T06:31:23Z</time></trkpt>
<trkpt lat="33.0117303" lon="35.1657127"><ele>130.9</ele><time>2024-02-25T06:31:24Z</time></trkpt>
<trkpt lat="33.0117344" lon="35.1657317"><ele>131.1</ele><time>2024-02-25T06:31:25Z</time></trkpt>
<trkpt lat="33.0117383" lon="35.1657508"><ele>131.3</ele><time>2024-02-25T06:31:26Z</time></trkpt>
<trkpt lat="33.0117424" lon="35.1657699"><ele>131.6</ele><time>2024-02-25T06:31:27Z</time></trkpt>
<trkpt lat="33.0117466" lon="35.1657891"><ele>131.8</ele><time>2024-02-25T06:31:28Z</time></trkpt>
<trkpt lat="33.0117508" lon="35.1658085"><ele>132.0</ele><time>2024-02-25T06:31:29Z</time></trkpt>
<trkpt lat="33.0117548" lon="35.1658282"><ele>132.3</ele><time>2024-02-25T06:31:30Z</time></trkpt>
<trkpt lat="33.0117584" lon="35.1658481"><ele>132.5</ele><time>2024-02-25T06:31:31Z</time></trkpt>
<trkpt lat="33.0117616" lon="35.165868"><ele>132.7</ele><time>2024-02-25T06:31:32Z</time></trkpt>
<trkpt lat="33.0117645" lon="35.1658876"><ele>132.9</ele><time>2024-02-25T06:31:33Z</time></trkpt>
<trkpt lat="33.0117671" lon="35.1659068"><ele>133.1</ele><time>2024-02-25T06:31:34Z</time></trkpt>
<trkpt lat="33.0117695" lon="35.1659253"><ele>133.3</ele><time>2024-02-25T06:31:35Z</time></trkpt>
<trkpt lat="33.0117718" lon="35.1659425"><ele>133.5</ele><time>2024-02-25T06:31:36Z</time></trkpt>
<trkpt lat="33.0117741" lon="35.1659582"><ele>133.6</ele><time>2024-02-25T06:31:37Z</time></trkpt>
<trkpt lat="33.0117765" lon="35.165972"><ele>133.8</ele><time>2024-02-25T06:31:38Z</time></trkpt>
<trkpt lat="33.0117792" lon="35.165984"><ele>133.9</ele><time>2024-02-25T06:31:39Z</time></trkpt>
<trkpt lat="33.0117827" lon="35.1659957"><ele>134.0</ele><time>2024-02-25T06:31:40Z</time></trkpt>
<trkpt lat="33.0117864" lon="35.1660047"><ele>134.1</ele><time>2024-02-25T06:31:41Z</time></trkpt>
<trkpt lat="33.0117903" lon="35.166013"><ele>134.2</ele><time>2024-02-25T06:31:42Z</time></trkpt>
<trkpt lat="33.0117945" lon="35.166021"><ele>134.3</ele><time>2024-02-25T06:31:43Z</time></trkpt>
<trkpt lat="33.0117988" lon="35.1660287"><ele>134.3</ele><time>2024-02-25T06:31:44Z</time></trkpt>
<trkpt lat="33.0118031" lon="35.1660366"><ele>134.4</ele><time>2024-02-25T06:31:45Z</time></trkpt>
<trkpt lat="33.0118074" lon="35.1660443"><ele>134.5</ele><time>2024-02-25T06:31:46Z</time></trkpt>
<trkpt lat="33.0116761" lon="35.1722683"><ele>155.3</ele><time>2024-02-25T06:36:05Z</time></trkpt>
<trkpt lat="33.0116759" lon="35.1722699"><ele>155.3</ele><time>2024-02-25T06:36:06Z</time></trkpt>
<trkpt lat="33.0116757" lon="35.172272"><ele>155.3</ele><time>2024-02-25T06:36:07Z</time></trkpt>
<trkpt lat="33.0116741" lon="35.1722897"><ele>155.3</ele><time>2024-02-25T06:36:08Z</time></trkpt>
<trkpt lat="33.0116718" lon="35.1723179"><ele>155.4</ele><time>2024-02-25T06:36:09Z</time></trkpt>
<trkpt lat="33.0116696" lon="35.1723463"><ele>155.4</ele><time>2024-02-25T06:36:10Z</time></trkpt>
<trkpt lat="33.011667" lon="35.1723748"><ele>155.4</ele><time>2024-02-25T06:36:11Z</time></trkpt>
<trkpt lat="33.0116644" lon="35.172404"><ele>155.4</ele><time>2024-02-25T06:36:12Z</time></trkpt>
<trkpt lat="33.0116622" lon="35.172434"><ele>155.4</ele><time>2024-02-25T06:36:13Z</time></trkpt>
<trkpt lat="33.0116601" lon="35.1724639"><ele>155.4</ele><time>2024-02-25T06:36:14Z</time></trkpt>
<trkpt lat="33.0116579" lon="35.1724938"><ele>155.4</ele><time>2024-02-25T06:36:15Z</time></trkpt>
<trkpt lat="33.0116558" lon="35.1725226"><ele>155.5</ele><time>2024-02-25T06:36:16Z</time></trkpt>
<trkpt lat="33.011654" lon="35.1725509"><ele>155.5</ele><time>2024-02-25T06:36:17Z</time></trkpt>
<trkpt lat="33.0116525" lon="35.1725805"><ele>155.5</ele><time>2024-02-25T06:36:18Z</time></trkpt>
<trkpt lat="33.0116516" lon="35.1726107"><ele>155.5</ele><time>2024-02-25T06:36:19Z</time></trkpt>
<trkpt lat="33.0116512" lon="35.1726409"><ele>155.5</ele><time>2024-02-25T06:36:20Z</time></trkpt>
<trkpt lat="33.0116513" lon="35.1726707"><ele>155.5</ele><time>2024-02-25T06:36:21Z</time></trkpt>
<trkpt lat="33.0116526" lon="35.1727001"><ele>155.5</ele><time>2024-02-25T06:36:22Z</time></trkpt>
<trkpt lat="33.0116552" lon="35.1727294"><ele>155.5</ele><time>2024-02-25T06:36:23Z</time></trkpt>
<trkpt lat="33.0116582" lon="35.1727584"><ele>155.4</ele><time>2024-02-25T06:36:24Z</time></trkpt>
<trkpt lat="33.0116615" lon="35.1727862"><ele>155.4</ele><time>2024-02-25T06:36:25Z</time></trkpt>
<trkpt lat="33.0116655" lon="35.1728127"><ele>155.4</ele><time>2024-02-25T06:36:26Z</time></trkpt>
<trkpt lat="33.0116703" lon="35.172839"><ele>155.4</ele><time>2024-02-25T06:36:27Z</time></trkpt>
<trkpt lat="33.0116756" lon="35.1728652"><ele>155.3</ele><time>2024-02-25T06:36:28Z</time></trkpt>
<trkpt lat="33.0116826" lon="35.1728899"><ele>155.3</ele><time>2024-02-25T06:36:29Z</time></trkpt>
<trkpt lat="33.0116929" lon="35.172912"><ele>155.2</ele><time>2024-02-25T06:36:30Z</time></trkpt>
<trkpt lat="33.0117071" lon="35.1729322"><ele>155.1</ele><time>2024-02-25T06:36:31Z</time></trkpt>
<trkpt lat="33.0117248" lon="35.1729507"><ele>155.1</ele><time>2024-02-25T06:36:32Z</time></trkpt>
<trkpt lat="33.0117451" lon="35.1729668"><ele>154.9</ele><time>2024-02-25T06:36:33Z</time></trkpt>
<trkpt lat="33.0117685" lon="35.172979"><ele>154.8</ele><time>2024-02-25T06:36:34Z</time></trkpt>
<trkpt lat="33.011795" lon="35.1729877"><ele>154.7</ele><time>2024-02-25T06:36:35Z</time></trkpt>
<trkpt lat="33.0118238" lon="35.1729928"><ele>154.5</ele><time>2024-02-25T06:36:36Z</time></trkpt>
<trkpt lat="33.0118552" lon="35.1729928"><ele>154.4</ele><time>2024-02-25T06:36:37Z</time></trkpt>
<trkpt lat="33.011889" lon="35.1729868"><ele>154.2</ele><time>2024-02-25T06:36:38Z</time></trkpt>
<trkpt lat="33.0119238" lon="35.1729777"><ele>154.0</ele><time>2024-02-25T06:36:39Z</time></trkpt>
<trkpt lat="33.0119596" lon="35.1729683"><ele>153.7</ele><time>2024-02-25T06:36:40Z</time></trkpt>
<trkpt lat="33.0119965" lon="35.1729591"><ele>153.5</ele><time>2024-02-25T06:36:41Z</time></trkpt>
<trkpt lat="33.0120345" lon="35.1729493"><ele>153.2</ele><time>2024-02-25T06:36:42Z</time></trkpt>
<trkpt lat="33.0120734" lon="35.1729388"><ele>152.9</ele><time>2024-02-25T06:36:43Z</time></trkpt>
<trkpt lat="33.0121133" lon="35.1729287"><ele>152.6</ele><time>2024-02-25T06:36:44Z</time></trkpt>
<trkpt lat="33.0121548" lon="35.1729195"><ele>152.2</ele><time>2024-02-25T06:36:45Z</time></trkpt>
<trkpt lat="33.0121984" lon="35.1729102"><ele>151.9</ele><time>2024-02-25T06:36:46Z</time></trkpt>
<trkpt lat="33.0122435" lon="35.1729002"><ele>151.5</ele><time>2024-02-25T06:36:47Z</time></trkpt>
<trkpt lat="33.0122904" lon="35.1728896"><ele>151.2</ele><time>2024-02-25T06:36:48Z</time></trkpt>
<trkpt lat="33.012339" lon="35.1728789"><ele>150.8</ele><time>2024-02-25T06:36:49Z</time></trkpt>
<trkpt lat="33.0123885" lon="35.1728676"><ele>150.4</ele><time>2024-02-25T06:36:50Z</time></trkpt>
<trkpt lat="33.0124379" lon="35.1728552"><ele>149.9</ele><time>2024-02-25T06:36:51Z</time></trkpt>
<trkpt lat="33.0124872" lon="35.1728424"><ele>149.5</ele><time>2024-02-25T06:36:52Z</time></trkpt>
<trkpt lat="33.012537" lon="35.1728304"><ele>149.1</ele><time>2024-02-25T06:36:53Z</time></trkpt>
<trkpt lat="33.012587" lon="35.1728203"><ele>148.6</ele><time>2024-02-25T06:36:54Z</time></trkpt>
<trkpt lat="33.0126372" lon="35.1728146"><ele>148.2</ele><time>2024-02-25T06:36:55Z</time></trkpt>
<trkpt lat="33.0126876" lon="35.1728135"><ele>147.7</ele><time>2024-02-25T06:36:56Z</time></trkpt>
<trkpt lat="33.0127381" lon="35.1728151"><ele>147.2</ele><time>2024-02-25T06:36:57Z</time></trkpt>
<trkpt lat="33.0127883" lon="35.1728212"><ele>146.8</ele><time>2024-02-25T06:36:58Z</time></trkpt>
<trkpt lat="33.0128379" lon="35.1728306"><ele>146.3</ele><time>2024-02-25T06:36:59Z</time></trkpt>
<trkpt lat="33.0128865" lon="35.172838"><ele>145.8</ele><time>2024-02-25T06:37:00Z</time></trkpt>
<trkpt lat="33.0129341" lon="35.1728431"><ele>145.3</ele><time>2024-02-25T06:37:01Z</time></trkpt>
<trkpt lat="33.0129814" lon="35.1728472"><ele>144.8</ele><time>2024-02-25T06:37:02Z</time></trkpt>
<trkpt lat="33.0130289" lon="35.1728505"><ele>144.3</ele><time>2024-02-25T06:37:03Z</time></trkpt>
<trkpt lat="33.0130764" lon="35.1728532"><ele>143.8</ele><time>2024-02-25T06:37:04Z</time></trkpt>
<trkpt lat="33.0131238" lon="35.1728549"><ele>143.3</ele><time>2024-02-25T06:37:05Z</time></trkpt>
<trkpt lat="33.0131708" lon="35.1728554"><ele>142.8</ele><time>2024-02-25T06:37:06Z</time></trkpt>
<trkpt lat="33.0132171" lon="35.1728544"><ele>142.3</ele><time>2024-02-25T06:37:07Z</time></trkpt>
<trkpt lat="33.0132628" lon="35.1728516"><ele>141.8</ele><time>2024-02-25T06:37:08Z</time></trkpt>
<trkpt lat="33.0133093" lon="35.1728479"><ele>141.3</ele><time>2024-02-25T06:37:09Z</time></trkpt>
<trkpt lat="33.0133571" lon="35.1728448"><ele>140.8</ele><time>2024-02-25T06:37:10Z</time></trkpt>
<trkpt lat="33.0134057" lon="35.1728458"><ele>140.3</ele><time>2024-02-25T06:37:11Z</time></trkpt>
<trkpt lat="33.0134545" lon="35.1728534"><ele>139.8</ele><time>2024-02-25T06:37:12Z</time></trkpt>
<trkpt lat="33.0135021" lon="35.1728689"><ele>139.3</ele><time>2024-02-25T06:37:13Z</time></trkpt>
<trkpt lat="33.0135454" lon="35.1728949"><ele>138.7</ele><time>2024-02-25T06:37:14Z</time></trkpt>
<trkpt lat="33.0135816" lon="35.1729321"><ele>138.2</ele><time>2024-02-25T06:37:15Z</time></trkpt>
<trkpt lat="33.0136096" lon="35.1729769"><ele>137.7</ele><time>2024-02-25T06:37:16Z</time></trkpt>
<trkpt lat="33.0136303" lon="35.1730252"><ele>137.2</ele><time>2024-02-25T06:37:17Z</time></trkpt>
<trkpt lat="33.0136449" lon="35.1730744"><ele>136.7</ele><time>2024-02-25T06:37:18Z</time></trkpt>
<trkpt lat="33.0136546" lon="35.173123"><ele>136.2</ele><time>2024-02-25T06:37:19Z</time></trkpt>
<trkpt lat="33.0136604" lon="35.1731698"><ele>135.8</ele><time>2024-02-25T06:37:20Z</time></trkpt>
<trkpt lat="33.0136636" lon="35.1732121"><ele>135.4</ele><time>2024-02-25T06:37:21Z</time></trkpt>
<trkpt lat="33.0136645" lon="35.173249"><ele>135.0</ele><time>2024-02-25T06:37:22Z</time></trkpt>
<trkpt lat="33.0136625" lon="35.1732824"><ele>134.7</ele><time>2024-02-25T06:37:23Z</time></trkpt>
<trkpt lat="33.0136585" lon="35.1733151"><ele>134.4</ele><time>2024-02-25T06:37:24Z</time></trkpt>
<trkpt lat="33.0136536" lon="35.1733469"><ele>134.2</ele><time>2024-02-25T06:37:25Z</time></trkpt>
<trkpt lat="33.0136483" lon="35.1733778"><ele>134.1</ele><time>2024-02-25T06:37:26Z</time></trkpt>
<trkpt lat="33.0136433" lon="35.1734071"><ele>134.0</ele><time>2024-02-25T06:37:27Z</time></trkpt>
<trkpt lat="33.0136385" lon="35.1734349"><ele>133.9</ele><time>2024-02-25T06:37:28Z</time></trkpt>
<trkpt lat="33.0136335" lon="35.1734624"><ele>133.9</ele><time>2024-02-25T06:37:29Z</time></trkpt>
<trkpt lat="33.0136282" lon="35.1734899"><ele>134.0</ele><time>2024-02-25T06:37:30Z</time></trkpt>
<trkpt lat="33.0136225" lon="35.1735173"><ele>134.0</ele><time>2024-02-25T06:37:31Z</time></trkpt>
<trkpt lat="33.0136171" lon="35.1735435"><ele>134.1</ele><time>2024-02-25T06:37:32Z</time></trkpt>
<trkpt lat="33.0136119" lon="35.1735686"><ele>134.3</ele><time>2024-02-25T06:37:33Z</time></trkpt>
<trkpt lat="33.013607" lon="35.1735935"><ele>134.4</ele><time>2024-02-25T06:37:34Z</time></trkpt>
<trkpt lat="33.0136028" lon="35.1736174"><ele>134.6</ele><time>2024-02-25T06:37:35Z</time></trkpt>
<trkpt lat="33.0135991" lon="35.1736401"><ele>134.7</ele><time>2024-02-25T06:37:36Z</time></trkpt>
<trkpt lat="33.0135955" lon="35.173662"><ele>134.9</ele><time>2024-02-25T06:37:37Z</time></trkpt>
<trkpt lat="33.0135921" lon="35.1736833"><ele>135.1</ele><time>2024-02-25T06:37:38Z</time></trkpt>
<trkpt lat="33.0135886" lon="35.1737046"><ele>135.2</ele><time>2024-02-25T06:37:39Z</time></trkpt>
<trkpt lat="33.0135848" lon="35.1737256"><ele>135.4</ele><time>2024-02-25T06:37:40Z</time></trkpt>
<trkpt lat="33.0135808" lon="35.1737467"><ele>135.5</ele><time>2024-02-25T06:37:41Z</time></trkpt>
<trkpt lat="33.0135764" lon="35.173768"><ele>135.7</ele><time>2024-02-25T06:37:42Z</time></trkpt>
<trkpt lat="33.0135723" lon="35.1737895"><ele>135.8</ele><time>2024-02-25T06:37:43Z</time></trkpt>
<trkpt lat="33.0135694" lon="35.1738108"><ele>135.9</ele><time>2024-02-25T06:37:44Z</time></trkpt>
<trkpt lat="33.0135669" lon="35.1738316"><ele>136.1</ele><time>2024-02-25T06:37:45Z</time></trkpt>
<trkpt lat="33.0135639" lon="35.1738521"><ele>136.2</ele><time>2024-02-25T06:37:46Z</time></trkpt>
<trkpt lat="33.0135599" lon="35.1738731"><ele>136.3</ele><time>2024-02-25T06:37:47Z</time></trkpt>
<trkpt lat="33.0135548" lon="35.1738945"><ele>136.4</ele><time>2024-02-25T06:37:48Z</time></trkpt>
<trkpt lat="33.0135493" lon="35.1739159"><ele>136.5</ele><time>2024-02-25T06:37:49Z</time></trkpt>
<trkpt lat="33.0135438" lon="35.1739374"><ele>136.6</ele><time>2024-02-25T06:37:50Z</time></trkpt>
<trkpt lat="33.0135385" lon="35.1739591"><ele>136.8</ele><time>2024-02-25T06:37:51Z</time></trkpt>
<trkpt lat="33.0135341" lon="35.1739796"><ele>136.9</ele><time>2024-02-25T06:37:52Z</time></trkpt>
<trkpt lat="33.0135314" lon="35.1739989"><ele>137.0</ele><time>2024-02-25T06:37:53Z</time></trkpt>
<trkpt lat="33.0135297" lon="35.1740181"><ele>137.2</ele><time>2024-02-25T06:37:54Z</time></trkpt>
<trkpt lat="33.0135275" lon="35.1740372"><ele>137.3</ele><time>2024-02-25T06:37:55Z</time></trkpt>
<trkpt lat="33.0135245" lon="35.1740558"><ele>137.5</ele><time>2024-02-25T06:37:56Z</time></trkpt>
<trkpt lat="33.0135209" lon="35.1740745"><ele>137.6</ele><time>2024-02-25T06:37:57Z</time></trkpt>
<trkpt lat="33.0135171" lon="35.1740935"><ele>137.8</ele><time>2024-02-25T06:37:58Z</time></trkpt>
<trkpt lat="33.0135131" lon="35.1741125"><ele>138.0</ele><time>2024-02-25T06:37:59Z</time></trkpt>
<trkpt lat="33.0135085" lon="35.1741308"><ele>138.2</ele><time>2024-02-25T06:38:00Z</time></trkpt>
<trkpt lat="33.0135034" lon="35.1741488"><ele>138.4</ele><time>2024-02-25T06:38:01Z</time></trkpt>
<trkpt lat="33.0134982" lon="35.1741669"><ele>138.6</ele><time>2024-02-25T06:38:02Z</time></trkpt>
<trkpt lat="33.0134934" lon="35.1741852"><ele>138.8</ele><time>2024-02-25T06:38:03Z</time></trkpt>
<trkpt lat="33.0134893" lon="35.1742038"><ele>139.1</ele><time>2024-02-25T06:38:04Z</time></trkpt>
<trkpt lat="33.0134856" lon="35.1742232"><ele>139.3</ele><time>2024-02-25T06:38:05Z</time></trkpt>
<trkpt lat="33.0134821" lon="35.174244"><ele>139.5</ele><time>2024-02-25T06:38:06Z</time></trkpt>
<trkpt lat="33.0134784" lon="35.1742653"><ele>139.8</ele><time>2024-02-25T06:38:07Z</time></trkpt>
<trkpt lat="33.0134744" lon="35.1742867"><ele>140.0</ele><time>2024-02-25T06:38:08Z</time></trkpt>
<trkpt lat="33.0134704" lon="35.1743081"><ele>140.2</ele><time>2024-02-25T06:38:09Z</time></trkpt>
<trkpt lat="33.0134666" lon="35.1743291"><ele>140.5</ele><time>2024-02-25T06:38:10Z</time></trkpt>
<trkpt lat="33.013463" lon="35.1743498"><ele>140.7</ele><time>2024-02-25T06:38:11Z</time></trkpt>
<trkpt lat="33.0134593" lon="35.1743705"><ele>140.9</ele><time>2024-02-25T06:38:12Z</time></trkpt>
<trkpt lat="33.0134552" lon="35.1743917"><ele>141.1</ele><time>2024-02-25T06:38:13Z</time></trkpt>
<trkpt lat="33.013451" lon="35.1744124"><ele>141.3</ele><time>2024-02-25T06:38:14Z</time></trkpt>
<trkpt lat="33.0134469" lon="35.1744322"><ele>141.5</ele><time>2024-02-25T06:38:15Z</time></trkpt>
<trkpt lat="33.0134432" lon="35.1744517"><ele>141.7</ele><time>2024-02-25T06:38:16Z</time></trkpt>
<trkpt lat="33.0134395" lon="35.1744719"><ele>141.8</ele><time>2024-02-25T06:38:17Z</time></trkpt>
<trkpt lat="33.0134355" lon="35.1744931"><ele>141.9</ele><time>2024-02-25T06:38:18Z</time></trkpt>
<trkpt lat="33.0134315" lon="35.1745137"><ele>142.0</ele><time>2024-02-25T06:38:19Z</time></trkpt>
<trkpt lat="33.0134279" lon="35.1745335"><ele>142.1</ele><time>2024-02-25T06:38:20Z</time></trkpt>
<trkpt lat="33.0134245" lon="35.1745529"><ele>142.1</ele><time>2024-02-25T06:38:21Z</time></trkpt>
<trkpt lat="33.0134221" lon="35.1745707"><ele>142.1</ele><time>2024-02-25T06:38:22Z</time></trkpt>
<trkpt lat="33.0134203" lon="35.1745874"><ele>142.2</ele><time>2024-02-25T06:38:23Z</time></trkpt>
<trkpt lat="33.0134184" lon="35.1746042"><ele>142.1</ele><time>2024-02-25T06:38:24Z</time></trkpt>
<trkpt lat="33.0134153" lon="35.1746211"><ele>142.1</ele><time>2024-02-25T06:38:25Z</time></trkpt>
<trkpt lat="33.013411" lon="35.1746382"><ele>142.1</ele><time>2024-02-25T06:38:26Z</time></trkpt>
<trkpt lat="33.0134048" lon="35.1746557"><ele>142.0</ele><time>2024-02-25T06:38:27Z</time></trkpt>
<trkpt lat="33.0133973" lon="35.1746733"><ele>142.0</ele><time>2024-02-25T06:38:28Z</time></trkpt>
<trkpt lat="33.0133899" lon="35.1746909"><ele>141.9</ele><time>2024-02-25T06:38:29Z</time></trkpt>
<trkpt lat="33.0133828" lon="35.1747077"><ele>141.9</ele><time>2024-02-25T06:38:30Z</time></trkpt>
<trkpt lat="33.0133759" lon="35.1747243"><ele>141.9</ele><time>2024-02-25T06:38:31Z</time></trkpt>
<trkpt lat="33.0133684" lon="35.1747432"><ele>141.9</ele><time>2024-02-25T06:38:32Z</time></trkpt>
<trkpt lat="33.0133599" lon="35.1747641"><ele>141.9</ele><time>2024-02-25T06:38:33Z</time></trkpt>
<trkpt lat="33.0133517" lon="35.1747836"><ele>141.9</ele><time>2024-02-25T06:38:34Z</time></trkpt>
<trkpt lat="33.0133441" lon="35.1748014"><ele>141.9</ele><time>2024-02-25T06:38:35Z</time></trkpt>
<trkpt lat="33.0133366" lon="35.1748189"><ele>141.9</ele><time>2024-02-25T06:38:36Z</time></trkpt>
<trkpt lat="33.013329" lon="35.1748363"><ele>142.0</ele><time>2024-02-25T06:38:37Z</time></trkpt>
<trkpt lat="33.0133213" lon="35.1748535"><ele>142.1</ele><time>2024-02-25T06:38:38Z</time></trkpt>
<trkpt lat="33.0133139" lon="35.1748709"><ele>142.1</ele><time>2024-02-25T06:38:39Z</time></trkpt>
<trkpt lat="33.0133067" lon="35.1748884"><ele>142.2</ele><time>2024-02-25T06:38:40Z</time></trkpt>
<trkpt lat="33.0132998" lon="35.1749056"><ele>142.3</ele><time>2024-02-25T06:38:41Z</time></trkpt>
<trkpt lat="33.0132929" lon="35.1749231"><ele>142.5</ele><time>2024-02-25T06:38:42Z</time></trkpt>
<trkpt lat="33.0132858" lon="35.1749416"><ele>142.6</ele><time>2024-02-25T06:38:43Z</time></trkpt>
<trkpt lat="33.0132786" lon="35.1749601"><ele>142.7</ele><time>2024-02-25T06:38:44Z</time></trkpt>
<trkpt lat="33.0132711" lon="35.1749786"><ele>142.8</ele><time>2024-02-25T06:38:45Z</time></trkpt>
<trkpt lat="33.0132637" lon="35.1749974"><ele>143.0</ele><time>2024-02-25T06:38:46Z</time></trkpt>
<trkpt lat="33.0132563" lon="35.175017"><ele>143.1</ele><time>2024-02-25T06:38:47Z</time></trkpt>
<trkpt lat="33.0132489" lon="35.1750369"><ele>143.3</ele><time>2024-02-25T06:38:48Z</time></trkpt>
<trkpt lat="33.0132416" lon="35.1750562"><ele>143.4</ele><time>2024-02-25T06:38:49Z</time></trkpt>
<trkpt lat="33.0132347" lon="35.1750748"><ele>143.6</ele><time>2024-02-25T06:38:50Z</time></trkpt>
<trkpt lat="33.0132278" lon="35.1750934"><ele>143.7</ele><time>2024-02-25T06:38:51Z</time></trkpt>
<trkpt lat="33.0132206" lon="35.1751111"><ele>143.9</ele><time>2024-02-25T06:38:52Z</time></trkpt>
<trkpt lat="33.0132133" lon="35.1751279"><ele>144.0</ele><time>2024-02-25T06:38:53Z</time></trkpt>
<trkpt lat="33.0132062" lon="35.1751445"><ele>144.2</ele><time>2024-02-25T06:38:54Z</time></trkpt>
<trkpt lat="33.0131996" lon="35.1751611"><ele>144.3</ele><time>2024-02-25T06:38:55Z</time></trkpt>
<trkpt lat="33.0131932" lon="35.1751777"><ele>144.5</ele><time>2024-02-25T06:38:56Z</time></trkpt>
<trkpt lat="33.0131865" lon="35.1751945"><ele>144.6</ele><time>2024-02-25T06:38:57Z</time></trkpt>
<trkpt lat="33.0131796" lon="35.1752118"><ele>144.8</ele><time>2024-02-25T06:38:58Z</time></trkpt>
<trkpt lat="33.013173" lon="35.1752293"><ele>144.9</ele><time>2024-02-25T06:38:59Z</time></trkpt>
<trkpt lat="33.0131664" lon="35.1752471"><ele>145.1</ele><time>2024-02-25T06:39:00Z</time></trkpt>
<trkpt lat="33.0131596" lon="35.1752655"><ele>145.2</ele><time>2024-02-25T06:39:01Z</time></trkpt>
<trkpt lat="33.0131529" lon="35.1752836"><ele>145.4</ele><time>2024-02-25T06:39:02Z</time></trkpt>
<trkpt lat="33.0131463" lon="35.1753011"><ele>145.5</ele><time>2024-02-25T06:39:03Z</time></trkpt>
<trkpt lat="33.0131399" lon="35.1753188"><ele>145.6</ele><time>2024-02-25T06:39:04Z</time></trkpt>
<trkpt lat="33.0131332" lon="35.1753368"><ele>145.8</ele><time>2024-02-25T06:39:05Z</time></trkpt>
<trkpt lat="33.013126" lon="35.1753555"><ele>145.9</ele><time>2024-02-25T06:39:06Z</time></trkpt>
<trkpt lat="33.0131188" lon="35.1753737"><ele>146.0</ele><time>2024-02-25T06:39:07Z</time></trkpt>
<trkpt lat="33.0131118" lon="35.1753909"><ele>146.2</ele><time>2024-02-25T06:39:08Z</time></trkpt>
<trkpt lat="33.0131049" lon="35.175408"><ele>146.3</ele><time>2024-02-25T06:39:09Z</time></trkpt>
<trkpt lat="33.0130984" lon="35.1754255"><ele>146.4</ele><time>2024-02-25T06:39:10Z</time></trkpt>
<trkpt lat="33.0130921" lon="35.1754435"><ele>146.5</ele><time>2024-02-25T06:39:11Z</time></trkpt>
<trkpt lat="33.0130858" lon="35.1754619"><ele>146.6</ele><time>2024-02-25T06:39:12Z</time></trkpt>
<trkpt lat="33.0130798" lon="35.1754803"><ele>146.7</ele><time>2024-02-25T06:39:13Z</time></trkpt>
<trkpt lat="33.0130739" lon="35.1754986"><ele>146.8</ele><time>2024-02-25T06:39:14Z</time></trkpt>
<trkpt lat="33.013068" lon="35.1755167"><ele>146.9</ele><time>2024-02-25T06:39:15Z</time></trkpt>
<trkpt lat="33.0130621" lon="35.1755347"><ele>147.1</ele><time>2024-02-25T06:39:16Z</time></trkpt>
<trkpt lat="33.0130562" lon="35.1755526"><ele>147.2</ele><time>2024-02-25T06:39:17Z</time></trkpt>
<trkpt lat="33.0130502" lon="35.1755707"><ele>147.3</ele><time>2024-02-25T06:39:18Z</time></trkpt>
<trkpt lat="33.0130443" lon="35.1755891"><ele>147.4</ele><time>2024-02-25T06:39:19Z</time></trkpt>
<trkpt lat="33.0130384" lon="35.1756077"><ele>147.5</ele><time>2024-02-25T06:39:20Z</time></trkpt>
<trkpt lat="33.0130326" lon="35.1756265"><ele>147.6</ele><time>2024-02-25T06:39:21Z</time></trkpt>
<trkpt lat="33.0130269" lon="35.1756456"><ele>147.7</ele><time>2024-02-25T06:39:22Z</time></trkpt>
<trkpt lat="33.0130215" lon="35.1756648"><ele>147.8</ele><time>2024-02-25T06:39:23Z</time></trkpt>
<trkpt lat="33.0130165" lon="35.175684"><ele>148.0</ele><time>2024-02-25T06:39:24Z</time></trkpt>
<trkpt lat="33.0130118" lon="35.1757033"><ele>148.1</ele><time>2024-02-25T06:39:25Z</time></trkpt>
<trkpt lat="33.0130073" lon="35.1757223"><ele>148.2</ele><time>2024-02-25T06:39:26Z</time></trkpt>
<trkpt lat="33.0130031" lon="35.1757409"><ele>148.4</ele><time>2024-02-25T06:39:27Z</time></trkpt>
<trkpt lat="33.012999" lon="35.1757591"><ele>148.5</ele><time>2024-02-25T06:39:28Z</time></trkpt>
<trkpt lat="33.012995" lon="35.175777"><ele>148.7</ele><time>2024-02-25T06:39:29Z</time></trkpt>
<trkpt lat="33.012991" lon="35.1757948"><ele>148.8</ele><time>2024-02-25T06:39:30Z</time></trkpt>
<trkpt lat="33.012987" lon="35.1758129"><ele>148.9</ele><time>2024-02-25T06:39:31Z</time></trkpt>
<trkpt lat="33.0129828" lon="35.1758315"><ele>149.1</ele><time>2024-02-25T06:39:32Z</time></trkpt>
<trkpt lat="33.0129783" lon="35.1758508"><ele>149.2</ele><time>2024-02-25T06:39:33Z</time></trkpt>
<trkpt lat="33.0129736" lon="35.1758708"><ele>149.3</ele><time>2024-02-25T06:39:34Z</time></trkpt>
<trkpt lat="33.0129688" lon="35.1758915"><ele>149.5</ele><time>2024-02-25T06:39:35Z</time></trkpt>
<trkpt lat="33.0129638" lon="35.1759126"><ele>149.6</ele><time>2024-02-25T06:39:36Z</time></trkpt>
<trkpt lat="33.0129589" lon="35.1759338"><ele>149.7</ele><time>2024-02-25T06:39:37Z</time></trkpt>
<trkpt lat="33.012954" lon="35.1759548"><ele>149.8</ele><time>2024-02-25T06:39:38Z</time></trkpt>
<trkpt lat="33.0129493" lon="35.1759755"><ele>150.0</ele><time>2024-02-25T06:39:39Z</time></trkpt>
<trkpt lat="33.0129446" lon="35.1759959"><ele>150.1</ele><time>2024-02-25T06:39:40Z</time></trkpt>
<trkpt lat="33.0129398" lon="35.1760161"><ele>150.2</ele><time>2024-02-25T06:39:41Z</time></trkpt>
<trkpt lat="33.012935" lon="35.1760362"><ele>150.3</ele><time>2024-02-25T06:39:42Z</time></trkpt>
<trkpt lat="33.0129301" lon="35.176056"><ele>150.4</ele><time>2024-02-25T06:39:43Z</time></trkpt>
<trkpt lat="33.0129251" lon="35.1760755"><ele>150.5</ele><time>2024-02-25T06:39:44Z</time></trkpt>
<trkpt lat="33.01292" lon="35.1760947"><ele>150.6</ele><time>2024-02-25T06:39:45Z</time></trkpt>
<trkpt lat="33.0129148" lon="35.1761135"><ele>150.7</ele><time>2024-02-25T06:39:46Z</time></trkpt>
<trkpt lat="33.0129094" lon="35.1761316"><ele>150.8</ele><time>2024-02-25T06:39:47Z</time></trkpt>
<trkpt lat="33.0129038" lon="35.176149"><ele>150.9</ele><time>2024-02-25T06:39:48Z</time></trkpt>
<trkpt lat="33.012898" lon="35.1761658"><ele>151.0</ele><time>2024-02-25T06:39:49Z</time></trkpt>
<trkpt lat="33.0128921" lon="35.176182"><ele>151.1</ele><time>2024-02-25T06:39:50Z</time></trkpt>
<trkpt lat="33.0128863" lon="35.1761979"><ele>151.2</ele><time>2024-02-25T06:39:51Z</time></trkpt>
<trkpt lat="33.0128807" lon="35.1762135"><ele>151.3</ele><time>2024-02-25T06:39:52Z</time></trkpt>
<trkpt lat="33.0128751" lon="35.1762288"><ele>151.4</ele><time>2024-02-25T06:39:53Z</time></trkpt>
<trkpt lat="33.0128695" lon="35.1762442"><ele>151.5</ele><time>2024-02-25T06:39:54Z</time></trkpt>
<trkpt lat="33.0128639" lon="35.1762598"><ele>151.7</ele><time>2024-02-25T06:39:55Z</time></trkpt>
<trkpt lat="33.0128582" lon="35.1762757"><ele>151.8</ele><time>2024-02-25T06:39:56Z</time></trkpt>
<trkpt lat="33.0128522" lon="35.1762918"><ele>151.9</ele><time>2024-02-25T06:39:57Z</time></trkpt>
<trkpt lat="33.0128461" lon="35.1763081"><ele>152.0</ele><time>2024-02-25T06:39:58Z</time></trkpt>
<trkpt lat="33.0128398" lon="35.1763245"><ele>152.2</ele><time>2024-02-25T06:39:59Z</time></trkpt>
<trkpt lat="33.0128336" lon="35.176341"><ele>152.3</ele><time>2024-02-25T06:40:00Z</time></trkpt>
<trkpt lat="33.0128273" lon="35.1763573"><ele>152.5</ele><time>2024-02-25T06:40:01Z</time></trkpt>
<trkpt lat="33.0128213" lon="35.1763737"><ele>152.6</ele><time>2024-02-25T06:40:02Z</time></trkpt>
<trkpt lat="33.0128156" lon="35.17639"><ele>152.7</ele><time>2024-02-25T06:40:03Z</time></trkpt>
<trkpt lat="33.0128104" lon="35.1764063"><ele>152.9</ele><time>2024-02-25T06:40:04Z</time></trkpt>
<trkpt lat="33.0128057" lon="35.1764226"><ele>153.0</ele><time>2024-02-25T06:40:05Z</time></trkpt>
<trkpt lat="33.0128013" lon="35.1764389"><ele>153.1</ele><time>2024-02-25T06:40:06Z</time></trkpt>
<trkpt lat="33.0127974" lon="35.1764554"><ele>153.3</ele><time>2024-02-25T06:40:07Z</time></trkpt>
<trkpt lat="33.0127936" lon="35.176472"><ele>153.4</ele><time>2024-02-25T06:40:08Z</time></trkpt>
<trkpt lat="33.01279" lon="35.1764888"><ele>153.5</ele><time>2024-02-25T06:40:09Z</time></trkpt>
<trkpt lat="33.0127864" lon="35.1765058"><ele>153.6</ele><time>2024-02-25T06:40:10Z</time></trkpt>
<trkpt lat="33.0127829" lon="35.176523"><ele>153.7</ele><time>2024-02-25T06:40:11Z</time></trkpt>
<trkpt lat="33.0127794" lon="35.1765403"><ele>153.8</ele><time>2024-02-25T06:40:12Z</time></trkpt>
<trkpt lat="33.0127758" lon="35.1765576"><ele>153.9</ele><time>2024-02-25T06:40:13Z</time></trkpt>
<trkpt lat="33.0127721" lon="35.1765747"><ele>154.0</ele><time>2024-02-25T06:40:14Z</time></trkpt>
<trkpt lat="33.0127683" lon="35.1765916"><ele>154.1</ele><time>2024-02-25T06:40:15Z</time></trkpt>
<trkpt lat="33.0127643" lon="35.1766083"><ele>154.2</ele><time>2024-02-25T06:40:16Z</time></trkpt>
<trkpt lat="33.0127603" lon="35.1766248"><ele>154.3</ele><time>2024-02-25T06:40:17Z</time></trkpt>
<trkpt lat="33.0127562" lon="35.1766411"><ele>154.4</ele><time>2024-02-25T06:40:18Z</time></trkpt>
<trkpt lat="33.012752" lon="35.1766569"><ele>154.5</ele><time>2024-02-25T06:40:19Z</time></trkpt>
<trkpt lat="33.0127478" lon="35.1766719"><ele>154.6</ele><time>2024-02-25T06:40:20Z</time></trkpt>
<trkpt lat="33.0127435" lon="35.1766861"><ele>154.7</ele><time>2024-02-25T06:40:21Z</time></trkpt>
<trkpt lat="33.0127393" lon="35.1766997"><ele>154.8</ele><time>2024-02-25T06:40:22Z</time></trkpt>
<trkpt lat="33.0127352" lon="35.1767129"><ele>154.9</ele><time>2024-02-25T06:40:23Z</time></trkpt>
<trkpt lat="33.0127314" lon="35.176726"><ele>155.0</ele><time>2024-02-25T06:40:24Z</time></trkpt>
<trkpt lat="33.0127279" lon="35.1767393"><ele>155.1</ele><time>2024-02-25T06:40:25Z</time></trkpt>
<trkpt lat="33.0127245" lon="35.1767528"><ele>155.2</ele><time>2024-02-25T06:40:26Z</time></trkpt>
<trkpt lat="33.0127212" lon="35.1767666"><ele>155.4</ele><time>2024-02-25T06:40:27Z</time></trkpt>
<trkpt lat="33.012718" lon="35.1767807"><ele>155.5</ele><time>2024-02-25T06:40:28Z</time></trkpt>
<trkpt lat="33.0127148" lon="35.1767952"><ele>155.7</ele><time>2024-02-25T06:40:29Z</time></trkpt>
<trkpt lat="33.0127114" lon="35.1768101"><ele>155.8</ele><time>2024-02-25T06:40:30Z</time></trkpt>
<trkpt lat="33.0127078" lon="35.1768253"><ele>156.0</ele><time>2024-02-25T06:40:31Z</time></trkpt>
<trkpt lat="33.0127038" lon="35.1768406"><ele>156.2</ele><time>2024-02-25T06:40:32Z</time></trkpt>
<trkpt lat="33.0126995" lon="35.1768558"><ele>156.3</ele><time>2024-02-25T06:40:33Z</time></trkpt>
<trkpt lat="33.0126948" lon="35.1768708"><ele>156.5</ele><time>2024-02-25T06:40:34Z</time></trkpt>
<trkpt lat="33.0126901" lon="35.1768859"><ele>156.7</ele><time>2024-02-25T06:40:35Z</time></trkpt>
<trkpt lat="33.0126853" lon="35.176901"><ele>156.9</ele><time>2024-02-25T06:40:36Z</time></trkpt>
<trkpt lat="33.0126809" lon="35.1769163"><ele>157.1</ele><time>2024-02-25T06:40:37Z</time></trkpt>
<trkpt lat="33.0126768" lon="35.1769319"><ele>157.3</ele><time>2024-02-25T06:40:38Z</time></trkpt>
<trkpt lat="33.0126731" lon="35.1769474"><ele>157.5</ele><time>2024-02-25T06:40:39Z</time></trkpt>
<trkpt lat="33.0126699" lon="35.176963"><ele>157.7</ele><time>2024-02-25T06:40:40Z</time></trkpt>
<trkpt lat="33.0126671" lon="35.1769784"><ele>157.9</ele><time>2024-02-25T06:40:41Z</time></trkpt>
<trkpt lat="33.0126647" lon="35.1769938"><ele>158.1</ele><time>2024-02-25T06:40:42Z</time></trkpt>
<trkpt lat="33.0126624" lon="35.1770093"><ele>158.3</ele><time>2024-02-25T06:40:43Z</time></trkpt>
<trkpt lat="33.01266" lon="35.1770247"><ele>158.5</ele><time>2024-02-25T06:40:44Z</time></trkpt>
<trkpt lat="33.0126572" lon="35.1770401"><ele>158.7</ele><time>2024-02-25T06:40:45Z</time></trkpt>
<trkpt lat="33.0126539" lon="35.1770554"><ele>158.9</ele><time>2024-02-25T06:40:46Z</time></trkpt>
<trkpt lat="33.01265" lon="35.1770706"><ele>159.1</ele><time>2024-02-25T06:40:47Z</time></trkpt>
<trkpt lat="33.0126459" lon="35.1770859"><ele>159.3</ele><time>2024-02-25T06:40:48Z</time></trkpt>
<trkpt lat="33.0126417" lon="35.1771012"><ele>159.5</ele><time>2024-02-25T06:40:49Z</time></trkpt>
<trkpt lat="33.0126375" lon="35.1771167"><ele>159.7</ele><time>2024-02-25T06:40:50Z</time></trkpt>
<trkpt lat="33.0126334" lon="35.1771323"><ele>159.9</ele><time>2024-02-25T06:40:51Z</time></trkpt>
<trkpt lat="33.0126293" lon="35.1771482"><ele>160.1</ele><time>2024-02-25T06:40:52Z</time></trkpt>
<trkpt lat="33.0126252" lon="35.1771644"><ele>160.3</ele><time>2024-02-25T06:40:53Z</time></trkpt>
<trkpt lat="33.0126213" lon="35.1771807"><ele>160.5</ele><time>2024-02-25T06:40:54Z</time></trkpt>
<trkpt lat="33.0126176" lon="35.1771972"><ele>160.7</ele><time>2024-02-25T06:40:55Z</time></trkpt>
<trkpt lat="33.012614" lon="35.1772138"><ele>160.9</ele><time>2024-02-25T06:40:56Z</time></trkpt>
<trkpt lat="33.0126105" lon="35.1772305"><ele>161.1</ele><time>2024-02-25T06:40:57Z</time></trkpt>
<trkpt lat="33.0126068" lon="35.1772472"><ele>161.3</ele><time>2024-02-25T06:40:58Z</time></trkpt>
<trkpt lat="33.0126032" lon="35.1772639"><ele>161.5</ele><time>2024-02-25T06:40:59Z</time></trkpt>
<trkpt lat="33.0125995" lon="35.1772806"><ele>161.7</ele><time>2024-02-25T06:41:00Z</time></trkpt>
<trkpt lat="33.0125961" lon="35.1772973"><ele>161.8</ele><time>2024-02-25T06:41:01Z</time></trkpt>
<trkpt lat="33.0125931" lon="35.1773139"><ele>162.0</ele><time>2024-02-25T06:41:02Z</time></trkpt>
<trkpt lat="33.0125905" lon="35.1773304"><ele>162.2</ele><time>2024-02-25T06:41:03Z</time></trkpt>
<trkpt lat="33.0125882" lon="35.1773468"><ele>162.4</ele><time>2024-02-25T06:41:04Z</time></trkpt>
<trkpt lat="33.0125861" lon="35.1773633"><ele>162.5</ele><time>2024-02-25T06:41:05Z</time></trkpt>
<trkpt lat="33.0125841" lon="35.1773798"><ele>162.7</ele><time>2024-02-25T06:41:06Z</time></trkpt>
<trkpt lat="33.0125821" lon="35.1773966"><ele>162.9</ele><time>2024-02-25T06:41:07Z</time></trkpt>
<trkpt lat="33.0125799" lon="35.1774135"><ele>163.0</ele><time>2024-02-25T06:41:08Z</time></trkpt>
<trkpt lat="33.0125774" lon="35.1774306"><ele>163.2</ele><time>2024-02-25T06:41:09Z</time></trkpt>
<trkpt lat="33.0125746" lon="35.1774478"><ele>163.3</ele><time>2024-02-25T06:41:10Z</time></trkpt>
<trkpt lat="33.0125713" lon="35.1774651"><ele>163.5</ele><time>2024-02-25T06:41:11Z</time></trkpt>
<trkpt lat="33.0125677" lon="35.1774824"><ele>163.6</ele><time>2024-02-25T06:41:12Z</time></trkpt>
<trkpt lat="33.0125637" lon="35.1774995"><ele>163.8</ele><time>2024-02-25T06:41:13Z</time></trkpt>
<trkpt lat="33.0125595" lon="35.1775166"><ele>163.9</ele><time>2024-02-25T06:41:14Z</time></trkpt>
<trkpt lat="33.0125549" lon="35.1775336"><ele>164.0</ele><time>2024-02-25T06:41:15Z</time></trkpt>
<trkpt lat="33.01255" lon="35.1775505"><ele>164.1</ele><time>2024-02-25T06:41:16Z</time></trkpt>
<trkpt lat="33.0125445" lon="35.1775672"><ele>164.3</ele><time>2024-02-25T06:41:17Z</time></trkpt>
<trkpt lat="33.0125385" lon="35.1775836"><ele>164.4</ele><time>2024-02-25T06:41:18Z</time></trkpt>
<trkpt lat="33.0125322" lon="35.1776"><ele>164.5</ele><time>2024-02-25T06:41:19Z</time></trkpt>
<trkpt lat="33.0125257" lon="35.1776164"><ele>164.6</ele><time>2024-02-25T06:41:20Z</time></trkpt>
<trkpt lat="33.0125193" lon="35.1776328"><ele>164.7</ele><time>2024-02-25T06:41:21Z</time></trkpt>
<trkpt lat="33.0125132" lon="35.1776495"><ele>164.8</ele><time>2024-02-25T06:41:22Z</time></trkpt>
<trkpt lat="33.0125075" lon="35.1776664"><ele>164.8</ele><time>2024-02-25T06:41:23Z</time></trkpt>
<trkpt lat="33.0125024" lon="35.1776834"><ele>164.9</ele><time>2024-02-25T06:41:24Z</time></trkpt>
<trkpt lat="33.0124977" lon="35.1777005"><ele>165.0</ele><time>2024-02-25T06:41:25Z</time></trkpt>
<trkpt lat="33.0124935" lon="35.1777174"><ele>165.0</ele><time>2024-02-25T06:41:26Z</time></trkpt>
<trkpt lat="33.0124896" lon="35.1777343"><ele>165.1</ele><time>2024-02-25T06:41:27Z</time></trkpt>
<trkpt lat="33.0124859" lon="35.177751"><ele>165.1</ele><time>2024-02-25T06:41:28Z</time></trkpt>
<trkpt lat="33.0124825" lon="35.1777674"><ele>165.1</ele><time>2024-02-25T06:41:29Z</time></trkpt>
<trkpt lat="33.0124791" lon="35.1777836"><ele>165.2</ele><time>2024-02-25T06:41:30Z</time></trkpt>
<trkpt lat="33.0124756" lon="35.1777996"><ele>165.2</ele><time>2024-02-25T06:41:31Z</time></trkpt>
<trkpt lat="33.012472" lon="35.1778155"><ele>165.2</ele><time>2024-02-25T06:41:32Z</time></trkpt>
<trkpt lat="33.0124684" lon="35.1778316"><ele>165.2</ele><time>2024-02-25T06:41:33Z</time></trkpt>
<trkpt lat="33.012465" lon="35.1778479"><ele>165.2</ele><time>2024-02-25T06:41:34Z</time></trkpt>
<trkpt lat="33.0124619" lon="35.1778645"><ele>165.2</ele><time>2024-02-25T06:41:35Z</time></trkpt>
<trkpt lat="33.012459" lon="35.1778811"><ele>165.2</ele><time>2024-02-25T06:41:36Z</time></trkpt>
<trkpt lat="33.0124563" lon="35.1778977"><ele>165.2</ele><time>2024-02-25T06:41:37Z</time></trkpt>
<trkpt lat="33.0124535" lon="35.1779141"><ele>165.2</ele><time>2024-02-25T06:41:38Z</time></trkpt>
<trkpt lat="33.0124507" lon="35.1779303"><ele>165.2</ele><time>2024-02-25T06:41:39Z</time></trkpt>
<trkpt lat="33.012448" lon="35.1779464"><ele>165.2</ele><time>2024-02-25T06:41:40Z</time></trkpt>
<trkpt lat="33.0124455" lon="35.1779625"><ele>165.2</ele><time>2024-02-25T06:41:41Z</time></trkpt>
<trkpt lat="33.0124429" lon="35.1779788"><ele>165.2</ele><time>2024-02-25T06:41:42Z</time></trkpt>
<trkpt lat="33.0124403" lon="35.1779953"><ele>165.3</ele><time>2024-02-25T06:41:43Z</time></trkpt>
<trkpt lat="33.0124372" lon="35.1780121"><ele>165.3</ele><time>2024-02-25T06:41:44Z</time></trkpt>
<trkpt lat="33.0124335" lon="35.1780292"><ele>165.3</ele><time>2024-02-25T06:41:45Z</time></trkpt>
<trkpt lat="33.0124292" lon="35.1780462"><ele>165.3</ele><time>2024-02-25T06:41:46Z</time></trkpt>
<trkpt lat="33.0124243" lon="35.178063"><ele>165.4</ele><time>2024-02-25T06:41:47Z</time></trkpt>
<trkpt lat="33.0124192" lon="35.1780794"><ele>165.4</ele><time>2024-02-25T06:41:48Z</time></trkpt>
<trkpt lat="33.012414" lon="35.1780956"><ele>165.4</ele><time>2024-02-25T06:41:49Z</time></trkpt>
<trkpt lat="33.0124091" lon="35.1781118"><ele>165.5</ele><time>2024-02-25T06:41:50Z</time></trkpt>
<trkpt lat="33.0124047" lon="35.1781281"><ele>165.5</ele><time>2024-02-25T06:41:51Z</time></trkpt>
<trkpt lat="33.0124009" lon="35.1781446"><ele>165.6</ele><time>2024-02-25T06:41:52Z</time></trkpt>
<trkpt lat="33.0123975" lon="35.1781611"><ele>165.7</ele><time>2024-02-25T06:41:53Z</time></trkpt>
<trkpt lat="33.0123943" lon="35.1781774"><ele>165.8</ele><time>2024-02-25T06:41:54Z</time></trkpt>
<trkpt lat="33.012391" lon="35.1781935"><ele>165.9</ele><time>2024-02-25T06:41:55Z</time></trkpt>
<trkpt lat="33.0123874" lon="35.1782093"><ele>165.9</ele><time>2024-02-25T06:41:56Z</time></trkpt>
<trkpt lat="33.0123836" lon="35.1782249"><ele>166.0</ele><time>2024-02-25T06:41:57Z</time></trkpt>
<trkpt lat="33.0123796" lon="35.1782404"><ele>166.2</ele><time>2024-02-25T06:41:58Z</time></trkpt>
<trkpt lat="33.0123756" lon="35.1782561"><ele>166.3</ele><time>2024-02-25T06:41:59Z</time></trkpt>
<trkpt lat="33.0123715" lon="35.1782721"><ele>166.4</ele><time>2024-02-25T06:42:00Z</time></trkpt>
<trkpt lat="33.0123675" lon="35.1782885"><ele>166.5</ele><time>2024-02-25T06:42:01Z</time></trkpt>
<trkpt lat="33.0123635" lon="35.1783053"><ele>166.6</ele><time>2024-02-25T06:42:02Z</time></trkpt>
<trkpt lat="33.0123596" lon="35.1783225"><ele>166.8</ele><time>2024-02-25T06:42:03Z</time></trkpt>
<trkpt lat="33.0123558" lon="35.1783399"><ele>166.9</ele><time>2024-02-25T06:42:04Z</time></trkpt>
<trkpt lat="33.0123518" lon="35.1783573"><ele>167.1</ele><time>2024-02-25T06:42:05Z</time></trkpt>
<trkpt lat="33.0123476" lon="35.1783748"><ele>167.2</ele><time>2024-02-25T06:42:06Z</time></trkpt>
<trkpt lat="33.0123431" lon="35.1783924"><ele>167.4</ele><time>2024-02-25T06:42:07Z</time></trkpt>
<trkpt lat="33.0123385" lon="35.1784103"><ele>167.6</ele><time>2024-02-25T06:42:08Z</time></trkpt>
<trkpt lat="33.0123339" lon="35.1784283"><ele>167.8</ele><time>2024-02-25T06:42:09Z</time></trkpt>
<trkpt lat="33.0123296" lon="35.1784464"><ele>167.9</ele><time>2024-02-25T06:42:10Z</time></trkpt>
<trkpt lat="33.0123256" lon="35.1784645"><ele>168.1</ele><time>2024-02-25T06:42:11Z</time></trkpt>
<trkpt lat="33.0123218" lon="35.1784828"><ele>168.3</ele><time>2024-02-25T06:42:12Z</time></trkpt>
<trkpt lat="33.0123182" lon="35.1785011"><ele>168.5</ele><time>2024-02-25T06:42:13Z</time></trkpt>
<trkpt lat="33.0123145" lon="35.1785194"><ele>168.6</ele><time>2024-02-25T06:42:14Z</time></trkpt>
<trkpt lat="33.0123108" lon="35.1785376"><ele>168.8</ele><time>2024-02-25T06:42:15Z</time></trkpt>
<trkpt lat="33.0123069" lon="35.1785556"><ele>169.0</ele><time>2024-02-25T06:42:16Z</time></trkpt>
<trkpt lat="33.0123028" lon="35.1785735"><ele>169.1</ele><time>2024-02-25T06:42:17Z</time></trkpt>
<trkpt lat="33.0122986" lon="35.1785911"><ele>169.3</ele><time>2024-02-25T06:42:18Z</time></trkpt>
<trkpt lat="33.0122942" lon="35.1786087"><ele>169.4</ele><time>2024-02-25T06:42:19Z</time></trkpt>
<trkpt lat="33.0122898" lon="35.1786263"><ele>169.5</ele><time>2024-02-25T06:42:20Z</time></trkpt>
<trkpt lat="33.0122852" lon="35.1786439"><ele>169.6</ele><time>2024-02-25T06:42:21Z</time></trkpt>
<trkpt lat="33.0122806" lon="35.1786616"><ele>169.7</ele><time>2024-02-25T06:42:22Z</time></trkpt>
<trkpt lat="33.0122762" lon="35.1786793"><ele>169.8</ele><time>2024-02-25T06:42:23Z</time></trkpt>
<trkpt lat="33.0122719" lon="35.1786967"><ele>169.8</ele><time>2024-02-25T06:42:24Z</time></trkpt>
<trkpt lat="33.0122678" lon="35.1787137"><ele>169.9</ele><time>2024-02-25T06:42:25Z</time></trkpt>
<trkpt lat="33.0122638" lon="35.1787303"><ele>169.9</ele><time>2024-02-25T06:42:26Z</time></trkpt>
<trkpt lat="33.01226" lon="35.1787465"><ele>169.9</ele><time>2024-02-25T06:42:27Z</time></trkpt>
<trkpt lat="33.0122563" lon="35.1787624"><ele>169.9</ele><time>2024-02-25T06:42:28Z</time></trkpt>
<trkpt lat="33.0122529" lon="35.1787782"><ele>169.8</ele><time>2024-02-25T06:42:29Z</time></trkpt>
<trkpt lat="33.0122499" lon="35.1787941"><ele>169.8</ele><time>2024-02-25T06:42:30Z</time></trkpt>
<trkpt lat="33.0122472" lon="35.1788102"><ele>169.8</ele><time>2024-02-25T06:42:31Z</time></trkpt>
<trkpt lat="33.0122449" lon="35.1788267"><ele>169.7</ele><time>2024-02-25T06:42:32Z</time></trkpt>
<trkpt lat="33.0122428" lon="35.1788436"><ele>169.6</ele><time>2024-02-25T06:42:33Z</time></trkpt>
<trkpt lat="33.012241" lon="35.178861"><ele>169.6</ele><time>2024-02-25T06:42:34Z</time></trkpt>
<trkpt lat="33.0122395" lon="35.1788789"><ele>169.5</ele><time>2024-02-25T06:42:35Z</time></trkpt>
<trkpt lat="33.0122383" lon="35.1788973"><ele>169.4</ele><time>2024-02-25T06:42:36Z</time></trkpt>
<trkpt lat="33.0122372" lon="35.1789161"><ele>169.4</ele><time>2024-02-25T06:42:37Z</time></trkpt>
<trkpt lat="33.012236" lon="35.1789353"><ele>169.3</ele><time>2024-02-25T06:42:38Z</time></trkpt>
<trkpt lat="33.0122343" lon="35.1789547"><ele>169.3</ele><time>2024-02-25T06:42:39Z</time></trkpt>
<trkpt lat="33.012232" lon="35.1789741"><ele>169.3</ele><time>2024-02-25T06:42:40Z</time></trkpt>
<trkpt lat="33.012229" lon="35.1789932"><ele>169.3</ele><time>2024-02-25T06:42:41Z</time></trkpt>
<trkpt lat="33.0122255" lon="35.1790121"><ele>169.3</ele><time>2024-02-25T06:42:42Z</time></trkpt>
<trkpt lat="33.0122216" lon="35.1790308"><ele>169.3</ele><time>2024-02-25T06:42:43Z</time></trkpt>
<trkpt lat="33.0122177" lon="35.1790493"><ele>169.4</ele><time>2024-02-25T06:42:44Z</time></trkpt>
<trkpt lat="33.0122141" lon="35.1790679"><ele>169.5</ele><time>2024-02-25T06:42:45Z</time></trkpt>
<trkpt lat="33.0122111" lon="35.1790869"><ele>169.6</ele><time>2024-02-25T06:42:46Z</time></trkpt>
<trkpt lat="33.0122087" lon="35.1791063"><ele>169.7</ele><time>2024-02-25T06:42:47Z</time></trkpt>
<trkpt lat="33.0122067" lon="35.1791261"><ele>169.8</ele><time>2024-02-25T06:42:48Z</time></trkpt>
<trkpt lat="33.0122051" lon="35.1791462"><ele>169.9</ele><time>2024-02-25T06:42:49Z</time></trkpt>
<trkpt lat="33.0122035" lon="35.1791663"><ele>170.0</ele><time>2024-02-25T06:42:50Z</time></trkpt>
<trkpt lat="33.0122019" lon="35.1791864"><ele>170.2</ele><time>2024-02-25T06:42:51Z</time></trkpt>
<trkpt lat="33.0122001" lon="35.1792065"><ele>170.3</ele><time>2024-02-25T06:42:52Z</time></trkpt>
<trkpt lat="33.012198" lon="35.1792264"><ele>170.5</ele><time>2024-02-25T06:42:53Z</time></trkpt>
<trkpt lat="33.0121957" lon="35.1792464"><ele>170.6</ele><time>2024-02-25T06:42:54Z</time></trkpt>
<trkpt lat="33.0121933" lon="35.1792663"><ele>170.8</ele><time>2024-02-25T06:42:55Z</time></trkpt>
<trkpt lat="33.0121908" lon="35.1792862"><ele>170.9</ele><time>2024-02-25T06:42:56Z</time></trkpt>
<trkpt lat="33.0121883" lon="35.1793063"><ele>171.1</ele><time>2024-02-25T06:42:57Z</time></trkpt>
<trkpt lat="33.0121859" lon="35.1793264"><ele>171.2</ele><time>2024-02-25T06:42:58Z</time></trkpt>
<trkpt lat="33.0121836" lon="35.1793467"><ele>171.3</ele><time>2024-02-25T06:42:59Z</time></trkpt>
<trkpt lat="33.0121814" lon="35.179367"><ele>171.4</ele><time>2024-02-25T06:43:00Z</time></trkpt>
<trkpt lat="33.0121791" lon="35.1793874"><ele>171.6</ele><time>2024-02-25T06:43:01Z</time></trkpt>
<trkpt lat="33.0121766" lon="35.1794078"><ele>171.7</ele><time>2024-02-25T06:43:02Z</time></trkpt>
<trkpt lat="33.0121738" lon="35.1794282"><ele>171.8</ele><time>2024-02-25T06:43:03Z</time></trkpt>
<trkpt lat="33.0121706" lon="35.1794485"><ele>171.9</ele><time>2024-02-25T06:43:04Z</time></trkpt>
<trkpt lat="33.0121667" lon="35.1794685"><ele>171.9</ele><time>2024-02-25T06:43:05Z</time></trkpt>
<trkpt lat="33.0121621" lon="35.1794881"><ele>172.0</ele><time>2024-02-25T06:43:06Z</time></trkpt>
<trkpt lat="33.0121571" lon="35.1795074"><ele>172.1</ele><time>2024-02-25T06:43:07Z</time></trkpt>
<trkpt lat="33.0121521" lon="35.1795262"><ele>172.2</ele><time>2024-02-25T06:43:08Z</time></trkpt>
<trkpt lat="33.0121473" lon="35.1795448"><ele>172.3</ele><time>2024-02-25T06:43:09Z</time></trkpt>
<trkpt lat="33.012143" lon="35.1795632"><ele>172.3</ele><time>2024-02-25T06:43:10Z</time></trkpt>
<trkpt lat="33.0121392" lon="35.1795819"><ele>172.4</ele><time>2024-02-25T06:43:11Z</time></trkpt>
<trkpt lat="33.0121358" lon="35.1796009"><ele>172.5</ele><time>2024-02-25T06:43:12Z</time></trkpt>
<trkpt lat="33.0121328" lon="35.1796202"><ele>172.6</ele><time>2024-02-25T06:43:13Z</time></trkpt>
<trkpt lat="33.01213" lon="35.17964"><ele>172.7</ele><time>2024-02-25T06:43:14Z</time></trkpt>
<trkpt lat="33.0121274" lon="35.17966"><ele>172.7</ele><time>2024-02-25T06:43:15Z</time></trkpt>
<trkpt lat="33.0121252" lon="35.1796803"><ele>172.8</ele><time>2024-02-25T06:43:16Z</time></trkpt>
<trkpt lat="33.0121233" lon="35.1797007"><ele>172.9</ele><time>2024-02-25T06:43:17Z</time></trkpt>
<trkpt lat="33.0121214" lon="35.1797211"><ele>173.0</ele><time>2024-02-25T06:43:18Z</time></trkpt>
<trkpt lat="33.0121194" lon="35.1797414"><ele>173.1</ele><time>2024-02-25T06:43:19Z</time></trkpt>
<trkpt lat="33.0121173" lon="35.1797616"><ele>173.2</ele><time>2024-02-25T06:43:20Z</time></trkpt>
<trkpt lat="33.012115" lon="35.1797815"><ele>173.3</ele><time>2024-02-25T06:43:21Z</time></trkpt>
<trkpt lat="33.0121126" lon="35.1798014"><ele>173.4</ele><time>2024-02-25T06:43:22Z</time></trkpt>
<trkpt lat="33.0121102" lon="35.1798213"><ele>173.5</ele><time>2024-02-25T06:43:23Z</time></trkpt>
<trkpt lat="33.0121079" lon="35.1798415"><ele>173.6</ele><time>2024-02-25T06:43:24Z</time></trkpt>
<trkpt lat="33.0121055" lon="35.1798619"><ele>173.7</ele><time>2024-02-25T06:43:25Z</time></trkpt>
<trkpt lat="33.0121029" lon="35.1798825"><ele>173.8</ele><time>2024-02-25T06:43:26Z</time></trkpt>
<trkpt lat="33.0121002" lon="35.1799033"><ele>173.9</ele><time>2024-02-25T06:43:27Z</time></trkpt>
<trkpt lat="33.0120974" lon="35.1799243"><ele>174.0</ele><time>2024-02-25T06:43:28Z</time></trkpt>
<trkpt lat="33.0120944" lon="35.1799453"><ele>174.2</ele><time>2024-02-25T06:43:29Z</time></trkpt>
<trkpt lat="33.0120914" lon="35.1799662"><ele>174.3</ele><time>2024-02-25T06:43:30Z</time></trkpt>
<trkpt lat="33.0120882" lon="35.179987"><ele>174.4</ele><time>2024-02-25T06:43:31Z</time></trkpt>
<trkpt lat="33.0120848" lon="35.1800078"><ele>174.5</ele><time>2024-02-25T06:43:32Z</time></trkpt>
<trkpt lat="33.0120814" lon="35.1800285"><ele>174.6</ele><time>2024-02-25T06:43:33Z</time></trkpt>
<trkpt lat="33.0120781" lon="35.1800493"><ele>174.7</ele><time>2024-02-25T06:43:34Z</time></trkpt>
<trkpt lat="33.0120749" lon="35.1800701"><ele>174.8</ele><time>2024-02-25T06:43:35Z</time></trkpt>
<trkpt lat="33.012072" lon="35.1800906"><ele>174.9</ele><time>2024-02-25T06:43:36Z</time></trkpt>
<trkpt lat="33.0120693" lon="35.1801108"><ele>175.1</ele><time>2024-02-25T06:43:37Z</time></trkpt>
<trkpt lat="33.0120671" lon="35.1801305"><ele>175.2</ele><time>2024-02-25T06:43:38Z</time></trkpt>
<trkpt lat="33.0120653" lon="35.18015"><ele>175.3</ele><time>2024-02-25T06:43:39Z</time></trkpt>
<trkpt lat="33.0120642" lon="35.1801695"><ele>175.3</ele><time>2024-02-25T06:43:40Z</time></trkpt>
<trkpt lat="33.0120636" lon="35.1801892"><ele>175.4</ele><time>2024-02-25T06:43:41Z</time></trkpt>
<trkpt lat="33.0120634" lon="35.1802095"><ele>175.5</ele><time>2024-02-25T06:43:42Z</time></trkpt>
<trkpt lat="33.0120633" lon="35.1802305"><ele>175.6</ele><time>2024-02-25T06:43:43Z</time></trkpt>
<trkpt lat="33.0120631" lon="35.1802523"><ele>175.7</ele><time>2024-02-25T06:43:44Z</time></trkpt>
<trkpt lat="33.0120626" lon="35.1802748"><ele>175.7</ele><time>2024-02-25T06:43:45Z</time></trkpt>
<trkpt lat="33.0120617" lon="35.180298"><ele>175.8</ele><time>2024-02-25T06:43:46Z</time></trkpt>
<trkpt lat="33.0120605" lon="35.1803216"><ele>175.9</ele><time>2024-02-25T06:43:47Z</time></trkpt>
<trkpt lat="33.0120592" lon="35.1803455"><ele>175.9</ele><time>2024-02-25T06:43:48Z</time></trkpt>
<trkpt lat="33.0120579" lon="35.1803695"><ele>176.0</ele><time>2024-02-25T06:43:49Z</time></trkpt>
<trkpt lat="33.0120565" lon="35.1803935"><ele>176.0</ele><time>2024-02-25T06:43:50Z</time></trkpt>
<trkpt lat="33.0120553" lon="35.1804173"><ele>176.0</ele><time>2024-02-25T06:43:51Z</time></trkpt>
<trkpt lat="33.0120541" lon="35.1804411"><ele>176.1</ele><time>2024-02-25T06:43:52Z</time></trkpt>
<trkpt lat="33.0120531" lon="35.1804648"><ele>176.1</ele><time>2024-02-25T06:43:53Z</time></trkpt>
<trkpt lat="33.012052" lon="35.1804884"><ele>176.1</ele><time>2024-02-25T06:43:54Z</time></trkpt>
<trkpt lat="33.0120509" lon="35.1805121"><ele>176.1</ele><time>2024-02-25T06:43:55Z</time></trkpt>
<trkpt lat="33.0120495" lon="35.1805359"><ele>176.1</ele><time>2024-02-25T06:43:56Z</time></trkpt>
<trkpt lat="33.0120479" lon="35.1805597"><ele>176.1</ele><time>2024-02-25T06:43:57Z</time></trkpt>
<trkpt lat="33.0120459" lon="35.1805836"><ele>176.1</ele><time>2024-02-25T06:43:58Z</time></trkpt>
<trkpt lat="33.0120437" lon="35.1806073"><ele>176.1</ele><time>2024-02-25T06:43:59Z</time></trkpt>
<trkpt lat="33.0120414" lon="35.1806309"><ele>176.1</ele><time>2024-02-25T06:44:00Z</time></trkpt>
<trkpt lat="33.0120392" lon="35.1806543"><ele>176.1</ele><time>2024-02-25T06:44:01Z</time></trkpt>
<trkpt lat="33.0120373" lon="35.1806776"><ele>176.1</ele><time>2024-02-25T06:44:02Z</time></trkpt>
<trkpt lat="33.0120356" lon="35.1807008"><ele>176.1</ele><time>2024-02-25T06:44:03Z</time></trkpt>
<trkpt lat="33.0120342" lon="35.1807239"><ele>176.1</ele><time>2024-02-25T06:44:04Z</time></trkpt>
<trkpt lat="33.0120328" lon="35.180747"><ele>176.1</ele><time>2024-02-25T06:44:05Z</time></trkpt>
<trkpt lat="33.0120313" lon="35.1807703"><ele>176.1</ele><time>2024-02-25T06:44:06Z</time></trkpt>
<trkpt lat="33.0120298" lon="35.1807939"><ele>176.2</ele><time>2024-02-25T06:44:07Z</time></trkpt>
<trkpt lat="33.0120281" lon="35.1808179"><ele>176.2</ele><time>2024-02-25T06:44:08Z</time></trkpt>
<trkpt lat="33.0120263" lon="35.1808423"><ele>176.2</ele><time>2024-02-25T06:44:09Z</time></trkpt>
<trkpt lat="33.0120243" lon="35.180867"><ele>176.3</ele><time>2024-02-25T06:44:10Z</time></trkpt>
<trkpt lat="33.0120224" lon="35.1808917"><ele>176.4</ele><time>2024-02-25T06:44:11Z</time></trkpt>
<trkpt lat="33.0120204" lon="35.1809165"><ele>176.4</ele><time>2024-02-25T06:44:12Z</time></trkpt>
<trkpt lat="33.0120187" lon="35.1809413"><ele>176.5</ele><time>2024-02-25T06:44:13Z</time></trkpt>
<trkpt lat="33.0120171" lon="35.180966"><ele>176.6</ele><time>2024-02-25T06:44:14Z</time></trkpt>
<trkpt lat="33.0120156" lon="35.1809908"><ele>176.7</ele><time>2024-02-25T06:44:15Z</time></trkpt>
<trkpt lat="33.0120141" lon="35.1810156"><ele>176.8</ele><time>2024-02-25T06:44:16Z</time></trkpt>
<trkpt lat="33.0120126" lon="35.1810402"><ele>176.9</ele><time>2024-02-25T06:44:17Z</time></trkpt>
<trkpt lat="33.0120109" lon="35.1810646"><ele>177.0</ele><time>2024-02-25T06:44:18Z</time></trkpt>
<trkpt lat="33.012009" lon="35.1810886"><ele>177.1</ele><time>2024-02-25T06:44:19Z</time></trkpt>
<trkpt lat="33.012007" lon="35.1811123"><ele>177.2</ele><time>2024-02-25T06:44:20Z</time></trkpt>
<trkpt lat="33.0120054" lon="35.1811358"><ele>177.3</ele><time>2024-02-25T06:44:21Z</time></trkpt>
<trkpt lat="33.0120041" lon="35.1811593"><ele>177.4</ele><time>2024-02-25T06:44:22Z</time></trkpt>
<trkpt lat="33.0120031" lon="35.181183"><ele>177.5</ele><time>2024-02-25T06:44:23Z</time></trkpt>
<trkpt lat="33.0120024" lon="35.1812068"><ele>177.6</ele><time>2024-02-25T06:44:24Z</time></trkpt>
<trkpt lat="33.0120017" lon="35.181231"><ele>177.7</ele><time>2024-02-25T06:44:25Z</time></trkpt>
<trkpt lat="33.012001" lon="35.1812553"><ele>177.8</ele><time>2024-02-25T06:44:26Z</time></trkpt>
<trkpt lat="33.0120001" lon="35.1812798"><ele>177.9</ele><time>2024-02-25T06:44:27Z</time></trkpt>
<trkpt lat="33.0119991" lon="35.1813044"><ele>178.0</ele><time>2024-02-25T06:44:28Z</time></trkpt>
<trkpt lat="33.011998" lon="35.181329"><ele>178.1</ele><time>2024-02-25T06:44:29Z</time></trkpt>
<trkpt lat="33.0119969" lon="35.1813535"><ele>178.1</ele><time>2024-02-25T06:44:30Z</time></trkpt>
<trkpt lat="33.0119957" lon="35.1813779"><ele>178.2</ele><time>2024-02-25T06:44:31Z</time></trkpt>
<trkpt lat="33.0119944" lon="35.1814022"><ele>178.2</ele><time>2024-02-25T06:44:32Z</time></trkpt>
<trkpt lat="33.011993" lon="35.1814266"><ele>178.3</ele><time>2024-02-25T06:44:33Z</time></trkpt>
<trkpt lat="33.0119914" lon="35.1814509"><ele>178.4</ele><time>2024-02-25T06:44:34Z</time></trkpt>
<trkpt lat="33.0119895" lon="35.1814753"><ele>178.4</ele><time>2024-02-25T06:44:35Z</time></trkpt>
<trkpt lat="33.0119871" lon="35.1814999"><ele>178.4</ele><time>2024-02-25T06:44:36Z</time></trkpt>
<trkpt lat="33.0119838" lon="35.1815247"><ele>178.5</ele><time>2024-02-25T06:44:37Z</time></trkpt>
<trkpt lat="33.0119795" lon="35.1815496"><ele>178.5</ele><time>2024-02-25T06:44:38Z</time></trkpt>
<trkpt lat="33.0119742" lon="35.1815745"><ele>178.6</ele><time>2024-02-25T06:44:39Z</time></trkpt>
<trkpt lat="33.0119677" lon="35.1815993"><ele>178.6</ele><time>2024-02-25T06:44:40Z</time></trkpt>
<trkpt lat="33.0119601" lon="35.1816238"><ele>178.6</ele><time>2024-02-25T06:44:41Z</time></trkpt>
<trkpt lat="33.0119513" lon="35.1816481"><ele>178.7</ele><time>2024-02-25T06:44:42Z</time></trkpt>
<trkpt lat="33.0119412" lon="35.1816721"><ele>178.7</ele><time>2024-02-25T06:44:43Z</time></trkpt>
<trkpt lat="33.0119299" lon="35.1816958"><ele>178.7</ele><time>2024-02-25T06:44:44Z</time></trkpt>
<trkpt lat="33.0119179" lon="35.181719"><ele>178.8</ele><time>2024-02-25T06:44:45Z</time></trkpt>
<trkpt lat="33.0119053" lon="35.1817419"><ele>178.8</ele><time>2024-02-25T06:44:46Z</time></trkpt>
<trkpt lat="33.0118923" lon="35.1817644"><ele>178.9</ele><time>2024-02-25T06:44:47Z</time></trkpt>
<trkpt lat="33.0118792" lon="35.1817865"><ele>178.9</ele><time>2024-02-25T06:44:48Z</time></trkpt>
<trkpt lat="33.0118658" lon="35.1818081"><ele>179.0</ele><time>2024-02-25T06:44:49Z</time></trkpt>
<trkpt lat="33.0118524" lon="35.181829"><ele>179.0</ele><time>2024-02-25T06:44:50Z</time></trkpt>
<trkpt lat="33.0118391" lon="35.1818495"><ele>179.1</ele><time>2024-02-25T06:44:51Z</time></trkpt>
<trkpt lat="33.0118263" lon="35.1818697"><ele>179.2</ele><time>2024-02-25T06:44:52Z</time></trkpt>
<trkpt lat="33.0118141" lon="35.1818897"><ele>179.3</ele><time>2024-02-25T06:44:53Z</time></trkpt>
<trkpt lat="33.011803" lon="35.1819095"><ele>179.3</ele><time>2024-02-25T06:44:54Z</time></trkpt>
<trkpt lat="33.0117927" lon="35.1819292"><ele>179.4</ele><time>2024-02-25T06:44:55Z</time></trkpt>
<trkpt lat="33.0117831" lon="35.1819485"><ele>179.5</ele><time>2024-02-25T06:44:56Z</time></trkpt>
<trkpt lat="33.0117737" lon="35.1819674"><ele>179.6</ele><time>2024-02-25T06:44:57Z</time></trkpt>
<trkpt lat="33.0117643" lon="35.1819861"><ele>179.7</ele><time>2024-02-25T06:44:58Z</time></trkpt>
<trkpt lat="33.0117545" lon="35.1820048"><ele>179.8</ele><time>2024-02-25T06:44:59Z</time></trkpt>
<trkpt lat="33.0117443" lon="35.1820238"><ele>180.0</ele><time>2024-02-25T06:45:00Z</time></trkpt>
<trkpt lat="33.0117336" lon="35.1820431"><ele>180.1</ele><time>2024-02-25T06:45:01Z</time></trkpt>
<trkpt lat="33.0117227" lon="35.1820628"><ele>180.2</ele><time>2024-02-25T06:45:02Z</time></trkpt>
<trkpt lat="33.0117116" lon="35.1820825"><ele>180.4</ele><time>2024-02-25T06:45:03Z</time></trkpt>
<trkpt lat="33.0117005" lon="35.1821022"><ele>180.5</ele><time>2024-02-25T06:45:04Z</time></trkpt>
<trkpt lat="33.0116893" lon="35.1821217"><ele>180.7</ele><time>2024-02-25T06:45:05Z</time></trkpt>
<trkpt lat="33.0116783" lon="35.1821411"><ele>180.8</ele><time>2024-02-25T06:45:06Z</time></trkpt>
<trkpt lat="33.0116673" lon="35.1821605"><ele>181.0</ele><time>2024-02-25T06:45:07Z</time></trkpt>
<trkpt lat="33.0116566" lon="35.1821801"><ele>181.1</ele><time>2024-02-25T06:45:08Z</time></trkpt>
<trkpt lat="33.0116459" lon="35.1821998"><ele>181.3</ele><time>2024-02-25T06:45:09Z</time></trkpt>
<trkpt lat="33.0116355" lon="35.1822197"><ele>181.5</ele><time>2024-02-25T06:45:10Z</time></trkpt>
<trkpt lat="33.0116253" lon="35.1822399"><ele>181.7</ele><time>2024-02-25T06:45:11Z</time></trkpt>
<trkpt lat="33.0116153" lon="35.1822601"><ele>181.8</ele><time>2024-02-25T06:45:12Z</time></trkpt>
<trkpt lat="33.0116056" lon="35.1822804"><ele>182.0</ele><time>2024-02-25T06:45:13Z</time></trkpt>
<trkpt lat="33.011596" lon="35.1823006"><ele>182.2</ele><time>2024-02-25T06:45:14Z</time></trkpt>
<trkpt lat="33.0115867" lon="35.1823208"><ele>182.4</ele><time>2024-02-25T06:45:15Z</time></trkpt>
<trkpt lat="33.0115774" lon="35.1823408"><ele>182.5</ele><time>2024-02-25T06:45:16Z</time></trkpt>
<trkpt lat="33.0115683" lon="35.1823606"><ele>182.7</ele><time>2024-02-25T06:45:17Z</time></trkpt>
<trkpt lat="33.011559" lon="35.1823801"><ele>182.9</ele><time>2024-02-25T06:45:18Z</time></trkpt>
<trkpt lat="33.0115496" lon="35.1823991"><ele>183.0</ele><time>2024-02-25T06:45:19Z</time></trkpt>
<trkpt lat="33.01154" lon="35.1824175"><ele>183.2</ele><time>2024-02-25T06:45:20Z</time></trkpt>
<trkpt lat="33.0115304" lon="35.1824353"><ele>183.3</ele><time>2024-02-25T06:45:21Z</time></trkpt>
<trkpt lat="33.0115209" lon="35.1824524"><ele>183.5</ele><time>2024-02-25T06:45:22Z</time></trkpt>
<trkpt lat="33.0115118" lon="35.182469"><ele>183.6</ele><time>2024-02-25T06:45:23Z</time></trkpt>
<trkpt lat="33.0115032" lon="35.1824854"><ele>183.7</ele><time>2024-02-25T06:45:24Z</time></trkpt>
<trkpt lat="33.011495" lon="35.1825017"><ele>183.9</ele><time>2024-02-25T06:45:25Z</time></trkpt>
<trkpt lat="33.0114872" lon="35.1825181"><ele>184.0</ele><time>2024-02-25T06:45:26Z</time></trkpt>
<trkpt lat="33.0114798" lon="35.1825348"><ele>184.1</ele><time>2024-02-25T06:45:27Z</time></trkpt>
<trkpt lat="33.0114726" lon="35.1825518"><ele>184.2</ele><time>2024-02-25T06:45:28Z</time></trkpt>
<trkpt lat="33.0114655" lon="35.182569"><ele>184.3</ele><time>2024-02-25T06:45:29Z</time></trkpt>
<trkpt lat="33.0114583" lon="35.1825864"><ele>184.4</ele><time>2024-02-25T06:45:30Z</time></trkpt>
<trkpt lat="33.011451" lon="35.182604"><ele>184.5</ele><time>2024-02-25T06:45:31Z</time></trkpt>
<trkpt lat="33.0114433" lon="35.1826219"><ele>184.6</ele><time>2024-02-25T06:45:32Z</time></trkpt>
<trkpt lat="33.0114351" lon="35.1826401"><ele>184.7</ele><time>2024-02-25T06:45:33Z</time></trkpt>
<trkpt lat="33.0114264" lon="35.1826585"><ele>184.8</ele><time>2024-02-25T06:45:34Z</time></trkpt>
<trkpt lat="33.0114173" lon="35.1826773"><ele>184.9</ele><time>2024-02-25T06:45:35Z</time></trkpt>
<trkpt lat="33.011408" lon="35.1826963"><ele>185.0</ele><time>2024-02-25T06:45:36Z</time></trkpt>
<trkpt lat="33.0113985" lon="35.1827157"><ele>185.1</ele><time>2024-02-25T06:45:37Z</time></trkpt>
<trkpt lat="33.0113888" lon="35.1827354"><ele>185.2</ele><time>2024-02-25T06:45:38Z</time></trkpt>
<trkpt lat="33.011379" lon="35.1827554"><ele>185.2</ele><time>2024-02-25T06:45:39Z</time></trkpt>
<trkpt lat="33.011369" lon="35.1827756"><ele>185.3</ele><time>2024-02-25T06:45:40Z</time></trkpt>
<trkpt lat="33.011359" lon="35.1827963"><ele>185.4</ele><time>2024-02-25T06:45:41Z</time></trkpt>
<trkpt lat="33.0113488" lon="35.1828176"><ele>185.5</ele><time>2024-02-25T06:45:42Z</time></trkpt>
<trkpt lat="33.0113386" lon="35.1828393"><ele>185.6</ele><time>2024-02-25T06:45:43Z</time></trkpt>
<trkpt lat="33.0113284" lon="35.1828613"><ele>185.6</ele><time>2024-02-25T06:45:44Z</time></trkpt>
<trkpt lat="33.0113185" lon="35.1828834"><ele>185.7</ele><time>2024-02-25T06:45:45Z</time></trkpt>
<trkpt lat="33.0113088" lon="35.1829055"><ele>185.8</ele><time>2024-02-25T06:45:46Z</time></trkpt>
<trkpt lat="33.0112992" lon="35.1829274"><ele>185.9</ele><time>2024-02-25T06:45:47Z</time></trkpt>
<trkpt lat="33.0112898" lon="35.182949"><ele>186.0</ele><time>2024-02-25T06:45:48Z</time></trkpt>
<trkpt lat="33.0112803" lon="35.1829703"><ele>186.0</ele><time>2024-02-25T06:45:49Z</time></trkpt>
<trkpt lat="33.0112706" lon="35.1829913"><ele>186.1</ele><time>2024-02-25T06:45:50Z</time></trkpt>
<trkpt lat="33.0112608" lon="35.183012"><ele>186.1</ele><time>2024-02-25T06:45:51Z</time></trkpt>
<trkpt lat="33.0112507" lon="35.1830325"><ele>186.2</ele><time>2024-02-25T06:45:52Z</time></trkpt>
<trkpt lat="33.0112403" lon="35.1830528"><ele>186.3</ele><time>2024-02-25T06:45:53Z</time></trkpt>
<trkpt lat="33.0112296" lon="35.1830732"><ele>186.3</ele><time>2024-02-25T06:45:54Z</time></trkpt>
<trkpt lat="33.0112186" lon="35.1830936"><ele>186.3</ele><time>2024-02-25T06:45:55Z</time></trkpt>
<trkpt lat="33.0112073" lon="35.1831141"><ele>186.4</ele><time>2024-02-25T06:45:56Z</time></trkpt>
<trkpt lat="33.0111957" lon="35.1831344"><ele>186.4</ele><time>2024-02-25T06:45:57Z</time></trkpt>
<trkpt lat="33.011184" lon="35.1831545"><ele>186.4</ele><time>2024-02-25T06:45:58Z</time></trkpt>
<trkpt lat="33.0111724" lon="35.1831743"><ele>186.4</ele><time>2024-02-25T06:45:59Z</time></trkpt>
<trkpt lat="33.0111612" lon="35.183194"><ele>186.4</ele><time>2024-02-25T06:46:00Z</time></trkpt>
<trkpt lat="33.0111504" lon="35.1832135"><ele>186.4</ele><time>2024-02-25T06:46:01Z</time></trkpt>
<trkpt lat="33.0111399" lon="35.1832331"><ele>186.4</ele><time>2024-02-25T06:46:02Z</time></trkpt>
<trkpt lat="33.0111294" lon="35.1832526"><ele>186.4</ele><time>2024-02-25T06:46:03Z</time></trkpt>
<trkpt lat="33.0111187" lon="35.1832724"><ele>186.4</ele><time>2024-02-25T06:46:04Z</time></trkpt>
<trkpt lat="33.0111073" lon="35.1832924"><ele>186.4</ele><time>2024-02-25T06:46:05Z</time></trkpt>
<trkpt lat="33.0110952" lon="35.1833126"><ele>186.3</ele><time>2024-02-25T06:46:06Z</time></trkpt>
<trkpt lat="33.0110824" lon="35.1833331"><ele>186.3</ele><time>2024-02-25T06:46:07Z</time></trkpt>
<trkpt lat="33.011069" lon="35.1833542"><ele>186.3</ele><time>2024-02-25T06:46:08Z</time></trkpt>
<trkpt lat="33.0110554" lon="35.1833759"><ele>186.2</ele><time>2024-02-25T06:46:09Z</time></trkpt>
<trkpt lat="33.0110419" lon="35.1833979"><ele>186.2</ele><time>2024-02-25T06:46:10Z</time></trkpt>
<trkpt lat="33.0110288" lon="35.1834199"><ele>186.1</ele><time>2024-02-25T06:46:11Z</time></trkpt>
<trkpt lat="33.0110161" lon="35.1834416"><ele>186.1</ele><time>2024-02-25T06:46:12Z</time></trkpt>
<trkpt lat="33.0110041" lon="35.1834631"><ele>186.0</ele><time>2024-02-25T06:46:13Z</time></trkpt>
<trkpt lat="33.0109927" lon="35.1834846"><ele>186.0</ele><time>2024-02-25T06:46:14Z</time></trkpt>
<trkpt lat="33.0109818" lon="35.1835063"><ele>186.0</ele><time>2024-02-25T06:46:15Z</time></trkpt>
<trkpt lat="33.0109713" lon="35.1835284"><ele>185.9</ele><time>2024-02-25T06:46:16Z</time></trkpt>
<trkpt lat="33.010961" lon="35.183551"><ele>185.9</ele><time>2024-02-25T06:46:17Z</time></trkpt>
<trkpt lat="33.0109506" lon="35.1835743"><ele>185.9</ele><time>2024-02-25T06:46:18Z</time></trkpt>
<trkpt lat="33.01094" lon="35.1835981"><ele>185.9</ele><time>2024-02-25T06:46:19Z</time></trkpt>
<trkpt lat="33.0109292" lon="35.1836222"><ele>185.9</ele><time>2024-02-25T06:46:20Z</time></trkpt>
<trkpt lat="33.0109182" lon="35.1836464"><ele>185.9</ele><time>2024-02-25T06:46:21Z</time></trkpt>
<trkpt lat="33.010907" lon="35.1836705"><ele>185.9</ele><time>2024-02-25T06:46:22Z</time></trkpt>
<trkpt lat="33.0108954" lon="35.1836944"><ele>186.0</ele><time>2024-02-25T06:46:23Z</time></trkpt>
<trkpt lat="33.0108834" lon="35.1837181"><ele>186.0</ele><time>2024-02-25T06:46:24Z</time></trkpt>
<trkpt lat="33.0108713" lon="35.1837416"><ele>186.1</ele><time>2024-02-25T06:46:25Z</time></trkpt>
<trkpt lat="33.0108592" lon="35.1837647"><ele>186.2</ele><time>2024-02-25T06:46:26Z</time></trkpt>
<trkpt lat="33.0108475" lon="35.1837876"><ele>186.3</ele><time>2024-02-25T06:46:27Z</time></trkpt>
<trkpt lat="33.0108362" lon="35.1838102"><ele>186.4</ele><time>2024-02-25T06:46:28Z</time></trkpt>
<trkpt lat="33.0108254" lon="35.1838329"><ele>186.5</ele><time>2024-02-25T06:46:29Z</time></trkpt>
<trkpt lat="33.0108153" lon="35.1838558"><ele>186.6</ele><time>2024-02-25T06:46:30Z</time></trkpt>
<trkpt lat="33.0108057" lon="35.1838789"><ele>186.7</ele><time>2024-02-25T06:46:31Z</time></trkpt>
<trkpt lat="33.0107965" lon="35.1839023"><ele>186.9</ele><time>2024-02-25T06:46:32Z</time></trkpt>
<trkpt lat="33.0107873" lon="35.1839261"><ele>187.0</ele><time>2024-02-25T06:46:33Z</time></trkpt>
<trkpt lat="33.0107777" lon="35.1839503"><ele>187.1</ele><time>2024-02-25T06:46:34Z</time></trkpt>
<trkpt lat="33.0107676" lon="35.1839748"><ele>187.2</ele><time>2024-02-25T06:46:35Z</time></trkpt>
<trkpt lat="33.0107568" lon="35.1839997"><ele>187.3</ele><time>2024-02-25T06:46:36Z</time></trkpt>
<trkpt lat="33.0107454" lon="35.1840248"><ele>187.4</ele><time>2024-02-25T06:46:37Z</time></trkpt>
<trkpt lat="33.0107335" lon="35.18405"><ele>187.5</ele><time>2024-02-25T06:46:38Z</time></trkpt>
<trkpt lat="33.0107214" lon="35.1840752"><ele>187.5</ele><time>2024-02-25T06:46:39Z</time></trkpt>
<trkpt lat="33.0107093" lon="35.1841004"><ele>187.6</ele><time>2024-02-25T06:46:40Z</time></trkpt>
<trkpt lat="33.0106973" lon="35.1841255"><ele>187.6</ele><time>2024-02-25T06:46:41Z</time></trkpt>
<trkpt lat="33.0106855" lon="35.1841506"><ele>187.7</ele><time>2024-02-25T06:46:42Z</time></trkpt>
<trkpt lat="33.0106737" lon="35.1841759"><ele>187.7</ele><time>2024-02-25T06:46:43Z</time></trkpt>
<trkpt lat="33.0106615" lon="35.1842016"><ele>187.7</ele><time>2024-02-25T06:46:44Z</time></trkpt>
<trkpt lat="33.010649" lon="35.1842277"><ele>187.7</ele><time>2024-02-25T06:46:45Z</time></trkpt>
<trkpt lat="33.0106364" lon="35.184254"><ele>187.6</ele><time>2024-02-25T06:46:46Z</time></trkpt>
<trkpt lat="33.0106237" lon="35.1842802"><ele>187.6</ele><time>2024-02-25T06:46:47Z</time></trkpt>
<trkpt lat="33.0106113" lon="35.1843062"><ele>187.6</ele><time>2024-02-25T06:46:48Z</time></trkpt>
<trkpt lat="33.0105991" lon="35.1843318"><ele>187.5</ele><time>2024-02-25T06:46:49Z</time></trkpt>
<trkpt lat="33.0105873" lon="35.1843572"><ele>187.4</ele><time>2024-02-25T06:46:50Z</time></trkpt>
<trkpt lat="33.0105759" lon="35.1843826"><ele>187.4</ele><time>2024-02-25T06:46:51Z</time></trkpt>
<trkpt lat="33.010565" lon="35.1844081"><ele>187.3</ele><time>2024-02-25T06:46:52Z</time></trkpt>
<trkpt lat="33.0105545" lon="35.1844334"><ele>187.2</ele><time>2024-02-25T06:46:53Z</time></trkpt>
<trkpt lat="33.0105443" lon="35.1844588"><ele>187.1</ele><time>2024-02-25T06:46:54Z</time></trkpt>
<trkpt lat="33.0105341" lon="35.1844841"><ele>187.1</ele><time>2024-02-25T06:46:55Z</time></trkpt>
<trkpt lat="33.0105239" lon="35.1845097"><ele>187.0</ele><time>2024-02-25T06:46:56Z</time></trkpt>
<trkpt lat="33.0105136" lon="35.1845356"><ele>187.0</ele><time>2024-02-25T06:46:57Z</time></trkpt>
<trkpt lat="33.0105031" lon="35.1845616"><ele>186.9</ele><time>2024-02-25T06:46:58Z</time></trkpt>
<trkpt lat="33.010492" lon="35.1845879"><ele>186.9</ele><time>2024-02-25T06:46:59Z</time></trkpt>
<trkpt lat="33.0104803" lon="35.1846143"><ele>186.9</ele><time>2024-02-25T06:47:00Z</time></trkpt>
<trkpt lat="33.0104678" lon="35.184641"><ele>186.9</ele><time>2024-02-25T06:47:01Z</time></trkpt>
<trkpt lat="33.0104545" lon="35.184668"><ele>187.0</ele><time>2024-02-25T06:47:02Z</time></trkpt>
<trkpt lat="33.0104404" lon="35.1846949"><ele>187.0</ele><time>2024-02-25T06:47:03Z</time></trkpt>
<trkpt lat="33.0104257" lon="35.1847215"><ele>187.1</ele><time>2024-02-25T06:47:04Z</time></trkpt>
<trkpt lat="33.0104105" lon="35.1847476"><ele>187.2</ele><time>2024-02-25T06:47:05Z</time></trkpt>
<trkpt lat="33.0103955" lon="35.1847731"><ele>187.3</ele><time>2024-02-25T06:47:06Z</time></trkpt>
<trkpt lat="33.0103812" lon="35.1847981"><ele>187.4</ele><time>2024-02-25T06:47:07Z</time></trkpt>
<trkpt lat="33.0103678" lon="35.1848225"><ele>187.5</ele><time>2024-02-25T06:47:08Z</time></trkpt>
<trkpt lat="33.0103553" lon="35.1848463"><ele>187.6</ele><time>2024-02-25T06:47:09Z</time></trkpt>
<trkpt lat="33.0103434" lon="35.1848694"><ele>187.7</ele><time>2024-02-25T06:47:10Z</time></trkpt>
<trkpt lat="33.0103319" lon="35.1848919"><ele>187.9</ele><time>2024-02-25T06:47:11Z</time></trkpt>
<trkpt lat="33.0103206" lon="35.184914"><ele>188.0</ele><time>2024-02-25T06:47:12Z</time></trkpt>
<trkpt lat="33.0103095" lon="35.1849359"><ele>188.2</ele><time>2024-02-25T06:47:13Z</time></trkpt>
<trkpt lat="33.0102986" lon="35.1849574"><ele>188.3</ele><time>2024-02-25T06:47:14Z</time></trkpt>
<trkpt lat="33.0102876" lon="35.1849787"><ele>188.5</ele><time>2024-02-25T06:47:15Z</time></trkpt>
<trkpt lat="33.0102765" lon="35.1849997"><ele>188.7</ele><time>2024-02-25T06:47:16Z</time></trkpt>
<trkpt lat="33.010265" lon="35.1850206"><ele>188.8</ele><time>2024-02-25T06:47:17Z</time></trkpt>
<trkpt lat="33.0102533" lon="35.1850414"><ele>189.0</ele><time>2024-02-25T06:47:18Z</time></trkpt>
<trkpt lat="33.0102414" lon="35.1850621"><ele>189.1</ele><time>2024-02-25T06:47:19Z</time></trkpt>
<trkpt lat="33.0102294" lon="35.1850831"><ele>189.3</ele><time>2024-02-25T06:47:20Z</time></trkpt>
<trkpt lat="33.0102174" lon="35.1851042"><ele>189.4</ele><time>2024-02-25T06:47:21Z</time></trkpt>
<trkpt lat="33.0102055" lon="35.1851257"><ele>189.6</ele><time>2024-02-25T06:47:22Z</time></trkpt>
<trkpt lat="33.0101939" lon="35.1851473"><ele>189.8</ele><time>2024-02-25T06:47:23Z</time></trkpt>
<trkpt lat="33.0101822" lon="35.185169"><ele>189.9</ele><time>2024-02-25T06:47:24Z</time></trkpt>
<trkpt lat="33.0101705" lon="35.1851907"><ele>190.0</ele><time>2024-02-25T06:47:25Z</time></trkpt>
<trkpt lat="33.0101585" lon="35.1852123"><ele>190.2</ele><time>2024-02-25T06:47:26Z</time></trkpt>
<trkpt lat="33.0101466" lon="35.1852337"><ele>190.3</ele><time>2024-02-25T06:47:27Z</time></trkpt>
<trkpt lat="33.0101349" lon="35.185255"><ele>190.5</ele><time>2024-02-25T06:47:28Z</time></trkpt>
<trkpt lat="33.0101237" lon="35.185276"><ele>190.6</ele><time>2024-02-25T06:47:29Z</time></trkpt>
<trkpt lat="33.0101128" lon="35.1852966"><ele>190.7</ele><time>2024-02-25T06:47:30Z</time></trkpt>
<trkpt lat="33.010102" lon="35.1853165"><ele>190.8</ele><time>2024-02-25T06:47:31Z</time></trkpt>
<trkpt lat="33.0100914" lon="35.1853359"><ele>190.9</ele><time>2024-02-25T06:47:32Z</time></trkpt>
<trkpt lat="33.0100809" lon="35.1853548"><ele>191.0</ele><time>2024-02-25T06:47:33Z</time></trkpt>
<trkpt lat="33.0100703" lon="35.1853732"><ele>191.0</ele><time>2024-02-25T06:47:34Z</time></trkpt>
<trkpt lat="33.0100596" lon="35.1853913"><ele>191.1</ele><time>2024-02-25T06:47:35Z</time></trkpt>
<trkpt lat="33.0100488" lon="35.1854092"><ele>191.1</ele><time>2024-02-25T06:47:36Z</time></trkpt>
<trkpt lat="33.0100378" lon="35.1854271"><ele>191.1</ele><time>2024-02-25T06:47:37Z</time></trkpt>
<trkpt lat="33.0100269" lon="35.185445"><ele>191.2</ele><time>2024-02-25T06:47:38Z</time></trkpt>
<trkpt lat="33.0100159" lon="35.1854632"><ele>191.2</ele><time>2024-02-25T06:47:39Z</time></trkpt>
<trkpt lat="33.0100051" lon="35.1854817"><ele>191.2</ele><time>2024-02-25T06:47:40Z</time></trkpt>
<trkpt lat="33.0099945" lon="35.1855005"><ele>191.1</ele><time>2024-02-25T06:47:41Z</time></trkpt>
<trkpt lat="33.0099842" lon="35.1855193"><ele>191.1</ele><time>2024-02-25T06:47:42Z</time></trkpt>
<trkpt lat="33.009974" lon="35.1855382"><ele>191.1</ele><time>2024-02-25T06:47:43Z</time></trkpt>
<trkpt lat="33.0099636" lon="35.185557"><ele>191.1</ele><time>2024-02-25T06:47:44Z</time></trkpt>
<trkpt lat="33.009953" lon="35.1855758"><ele>191.1</ele><time>2024-02-25T06:47:45Z</time></trkpt>
<trkpt lat="33.0099419" lon="35.1855946"><ele>191.0</ele><time>2024-02-25T06:47:46Z</time></trkpt>
<trkpt lat="33.0099305" lon="35.1856131"><ele>191.0</ele><time>2024-02-25T06:47:47Z</time></trkpt>
<trkpt lat="33.0099187" lon="35.1856312"><ele>191.0</ele><time>2024-02-25T06:47:48Z</time></trkpt>
<trkpt lat="33.0099064" lon="35.1856488"><ele>191.0</ele><time>2024-02-25T06:47:49Z</time></trkpt>
<trkpt lat="33.0098937" lon="35.1856658"><ele>191.0</ele><time>2024-02-25T06:47:50Z</time></trkpt>
<trkpt lat="33.0098807" lon="35.1856823"><ele>191.1</ele><time>2024-02-25T06:47:51Z</time></trkpt>
<trkpt lat="33.0098677" lon="35.1856984"><ele>191.1</ele><time>2024-02-25T06:47:52Z</time></trkpt>
<trkpt lat="33.0098548" lon="35.1857143"><ele>191.1</ele><time>2024-02-25T06:47:53Z</time></trkpt>
<trkpt lat="33.009842" lon="35.18573"><ele>191.2</ele><time>2024-02-25T06:47:54Z</time></trkpt>
<trkpt lat="33.0098294" lon="35.1857456"><ele>191.3</ele><time>2024-02-25T06:47:55Z</time></trkpt>
<trkpt lat="33.0098169" lon="35.1857611"><ele>191.4</ele><time>2024-02-25T06:47:56Z</time></trkpt>
<trkpt lat="33.0098045" lon="35.1857763"><ele>191.5</ele><time>2024-02-25T06:47:57Z</time></trkpt>
<trkpt lat="33.0097922" lon="35.1857914"><ele>191.6</ele><time>2024-02-25T06:47:58Z</time></trkpt>
<trkpt lat="33.0097798" lon="35.1858065"><ele>191.7</ele><time>2024-02-25T06:47:59Z</time></trkpt>
<trkpt lat="33.0097674" lon="35.1858216"><ele>191.9</ele><time>2024-02-25T06:48:00Z</time></trkpt>
<trkpt lat="33.0097551" lon="35.1858369"><ele>192.0</ele><time>2024-02-25T06:48:01Z</time></trkpt>
<trkpt lat="33.0097429" lon="35.1858521"><ele>192.2</ele><time>2024-02-25T06:48:02Z</time></trkpt>
<trkpt lat="33.0097311" lon="35.1858671"><ele>192.3</ele><time>2024-02-25T06:48:03Z</time></trkpt>
<trkpt lat="33.0097197" lon="35.1858817"><ele>192.5</ele><time>2024-02-25T06:48:04Z</time></trkpt>
<trkpt lat="33.0097085" lon="35.1858959"><ele>192.7</ele><time>2024-02-25T06:48:05Z</time></trkpt>
<trkpt lat="33.0096977" lon="35.1859098"><ele>192.9</ele><time>2024-02-25T06:48:06Z</time></trkpt>
<trkpt lat="33.0096872" lon="35.1859237"><ele>193.1</ele><time>2024-02-25T06:48:07Z</time></trkpt>
<trkpt lat="33.0096768" lon="35.1859375"><ele>193.3</ele><time>2024-02-25T06:48:08Z</time></trkpt>
<trkpt lat="33.0096667" lon="35.1859514"><ele>193.5</ele><time>2024-02-25T06:48:09Z</time></trkpt>
<trkpt lat="33.0096568" lon="35.1859658"><ele>193.8</ele><time>2024-02-25T06:48:10Z</time></trkpt>
<trkpt lat="33.0096473" lon="35.1859806"><ele>194.0</ele><time>2024-02-25T06:48:11Z</time></trkpt>
<trkpt lat="33.009638" lon="35.1859959"><ele>194.2</ele><time>2024-02-25T06:48:12Z</time></trkpt>
<trkpt lat="33.0096291" lon="35.1860114"><ele>194.5</ele><time>2024-02-25T06:48:13Z</time></trkpt>
<trkpt lat="33.0096203" lon="35.1860268"><ele>194.7</ele><time>2024-02-25T06:48:14Z</time></trkpt>
<trkpt lat="33.0096116" lon="35.1860418"><ele>194.9</ele><time>2024-02-25T06:48:15Z</time></trkpt>
<trkpt lat="33.0096027" lon="35.1860564"><ele>195.2</ele><time>2024-02-25T06:48:16Z</time></trkpt>
<trkpt lat="33.0095936" lon="35.1860706"><ele>195.4</ele><time>2024-02-25T06:48:17Z</time></trkpt>
<trkpt lat="33.0095844" lon="35.1860845"><ele>195.6</ele><time>2024-02-25T06:48:18Z</time></trkpt>
<trkpt lat="33.0095753" lon="35.1860981"><ele>195.8</ele><time>2024-02-25T06:48:19Z</time></trkpt>
<trkpt lat="33.0095664" lon="35.1861116"><ele>196.1</ele><time>2024-02-25T06:48:20Z</time></trkpt>
<trkpt lat="33.0095578" lon="35.186125"><ele>196.3</ele><time>2024-02-25T06:48:21Z</time></trkpt>
<trkpt lat="33.0095493" lon="35.1861383"><ele>196.5</ele><time>2024-02-25T06:48:22Z</time></trkpt>
<trkpt lat="33.0095411" lon="35.1861516"><ele>196.7</ele><time>2024-02-25T06:48:23Z</time></trkpt>
<trkpt lat="33.009533" lon="35.1861648"><ele>196.9</ele><time>2024-02-25T06:48:24Z</time></trkpt>
<trkpt lat="33.009525" lon="35.186178"><ele>197.0</ele><time>2024-02-25T06:48:25Z</time></trkpt>
<trkpt lat="33.009517" lon="35.1861912"><ele>197.2</ele><time>2024-02-25T06:48:26Z</time></trkpt>
<trkpt lat="33.0095089" lon="35.1862044"><ele>197.4</ele><time>2024-02-25T06:48:27Z</time></trkpt>
<trkpt lat="33.0095005" lon="35.1862177"><ele>197.6</ele><time>2024-02-25T06:48:28Z</time></trkpt>
<trkpt lat="33.0094917" lon="35.1862312"><ele>197.7</ele><time>2024-02-25T06:48:29Z</time></trkpt>
<trkpt lat="33.0094823" lon="35.186245"><ele>197.9</ele><time>2024-02-25T06:48:30Z</time></trkpt>
<trkpt lat="33.0094722" lon="35.186259"><ele>198.0</ele><time>2024-02-25T06:48:31Z</time></trkpt>
<trkpt lat="33.0094619" lon="35.1862734"><ele>198.2</ele><time>2024-02-25T06:48:32Z</time></trkpt>
<trkpt lat="33.0094517" lon="35.1862881"><ele>198.3</ele><time>2024-02-25T06:48:33Z</time></trkpt>
<trkpt lat="33.0094421" lon="35.1863028"><ele>198.4</ele><time>2024-02-25T06:48:34Z</time></trkpt>
<trkpt lat="33.009433" lon="35.1863173"><ele>198.6</ele><time>2024-02-25T06:48:35Z</time></trkpt>
<trkpt lat="33.0094243" lon="35.1863316"><ele>198.7</ele><time>2024-02-25T06:48:36Z</time></trkpt>
<trkpt lat="33.0094159" lon="35.1863455"><ele>198.8</ele><time>2024-02-25T06:48:37Z</time></trkpt>
<trkpt lat="33.0094077" lon="35.186359"><ele>198.9</ele><time>2024-02-25T06:48:38Z</time></trkpt>
<trkpt lat="33.0093996" lon="35.1863724"><ele>199.1</ele><time>2024-02-25T06:48:39Z</time></trkpt>
<trkpt lat="33.0093914" lon="35.1863856"><ele>199.2</ele><time>2024-02-25T06:48:40Z</time></trkpt>
<trkpt lat="33.0093833" lon="35.1863989"><ele>199.3</ele><time>2024-02-25T06:48:41Z</time></trkpt>
<trkpt lat="33.0093752" lon="35.1864124"><ele>199.4</ele><time>2024-02-25T06:48:42Z</time></trkpt>
<trkpt lat="33.0093674" lon="35.1864261"><ele>199.5</ele><time>2024-02-25T06:48:43Z</time></trkpt>
<trkpt lat="33.0093599" lon="35.18644"><ele>199.6</ele><time>2024-02-25T06:48:44Z</time></trkpt>
<trkpt lat="33.0093527" lon="35.1864541"><ele>199.7</ele><time>2024-02-25T06:48:45Z</time></trkpt>
<trkpt lat="33.0093457" lon="35.1864684"><ele>199.9</ele><time>2024-02-25T06:48:46Z</time></trkpt>
<trkpt lat="33.0093387" lon="35.1864828"><ele>200.0</ele><time>2024-02-25T06:48:47Z</time></trkpt>
<trkpt lat="33.0093317" lon="35.1864975"><ele>200.1</ele><time>2024-02-25T06:48:48Z</time></trkpt>
<trkpt lat="33.0093246" lon="35.1865123"><ele>200.2</ele><time>2024-02-25T06:48:49Z</time></trkpt>
<trkpt lat="33.0093176" lon="35.1865274"><ele>200.4</ele><time>2024-02-25T06:48:50Z</time></trkpt>
<trkpt lat="33.0093108" lon="35.1865428"><ele>200.5</ele><time>2024-02-25T06:48:51Z</time></trkpt>
<trkpt lat="33.0093042" lon="35.1865582"><ele>200.6</ele><time>2024-02-25T06:48:52Z</time></trkpt>
<trkpt lat="33.009298" lon="35.1865737"><ele>200.8</ele><time>2024-02-25T06:48:53Z</time></trkpt>
<trkpt lat="33.0092922" lon="35.1865889"><ele>200.9</ele><time>2024-02-25T06:48:54Z</time></trkpt>
<trkpt lat="33.0092868" lon="35.1866036"><ele>201.1</ele><time>2024-02-25T06:48:55Z</time></trkpt>
<trkpt lat="33.0092818" lon="35.1866179"><ele>201.2</ele><time>2024-02-25T06:48:56Z</time></trkpt>
<trkpt lat="33.0092775" lon="35.1866315"><ele>201.4</ele><time>2024-02-25T06:48:57Z</time></trkpt>
<trkpt lat="33.0092739" lon="35.1866447"><ele>201.5</ele><time>2024-02-25T06:48:58Z</time></trkpt>
<trkpt lat="33.009271" lon="35.1866578"><ele>201.7</ele><time>2024-02-25T06:48:59Z</time></trkpt>
<trkpt lat="33.0092686" lon="35.1866712"><ele>201.8</ele><time>2024-02-25T06:49:00Z</time></trkpt>
<trkpt lat="33.0092666" lon="35.186685"><ele>202.0</ele><time>2024-02-25T06:49:01Z</time></trkpt>
<trkpt lat="33.0092648" lon="35.186699"><ele>202.1</ele><time>2024-02-25T06:49:02Z</time></trkpt>
<trkpt lat="33.0092629" lon="35.1867134"><ele>202.3</ele><time>2024-02-25T06:49:03Z</time></trkpt>
<trkpt lat="33.0092607" lon="35.1867278"><ele>202.4</ele><time>2024-02-25T06:49:04Z</time></trkpt>
<trkpt lat="33.0092582" lon="35.1867422"><ele>202.6</ele><time>2024-02-25T06:49:05Z</time></trkpt>
<trkpt lat="33.0092552" lon="35.1867562"><ele>202.8</ele><time>2024-02-25T06:49:06Z</time></trkpt>
<trkpt lat="33.0092517" lon="35.1867698"><ele>202.9</ele><time>2024-02-25T06:49:07Z</time></trkpt>
<trkpt lat="33.0092476" lon="35.186783"><ele>203.1</ele><time>2024-02-25T06:49:08Z</time></trkpt>
<trkpt lat="33.0092429" lon="35.1867959"><ele>203.2</ele><time>2024-02-25T06:49:09Z</time></trkpt>
<trkpt lat="33.0092378" lon="35.1868088"><ele>203.4</ele><time>2024-02-25T06:49:10Z</time></trkpt>
<trkpt lat="33.0092324" lon="35.1868218"><ele>203.6</ele><time>2024-02-25T06:49:11Z</time></trkpt>
<trkpt lat="33.0092268" lon="35.1868349"><ele>203.7</ele><time>2024-02-25T06:49:12Z</time></trkpt>
<trkpt lat="33.0092215" lon="35.1868481"><ele>203.9</ele><time>2024-02-25T06:49:13Z</time></trkpt>
<trkpt lat="33.0092167" lon="35.1868616"><ele>204.0</ele><time>2024-02-25T06:49:14Z</time></trkpt>
<trkpt lat="33.0092126" lon="35.1868752"><ele>204.2</ele><time>2024-02-25T06:49:15Z</time></trkpt>
<trkpt lat="33.0092094" lon="35.1868889"><ele>204.4</ele><time>2024-02-25T06:49:16Z</time></trkpt>
<trkpt lat="33.009207" lon="35.1869027"><ele>204.5</ele><time>2024-02-25T06:49:17Z</time></trkpt>
<trkpt lat="33.0092054" lon="35.1869165"><ele>204.7</ele><time>2024-02-25T06:49:18Z</time></trkpt>
<trkpt lat="33.0092043" lon="35.1869304"><ele>204.8</ele><time>2024-02-25T06:49:19Z</time></trkpt>
<trkpt lat="33.0092034" lon="35.1869444"><ele>205.0</ele><time>2024-02-25T06:49:20Z</time></trkpt>
<trkpt lat="33.0092026" lon="35.1869585"><ele>205.1</ele><time>2024-02-25T06:49:21Z</time></trkpt>
<trkpt lat="33.0092018" lon="35.1869726"><ele>205.2</ele><time>2024-02-25T06:49:22Z</time></trkpt>
<trkpt lat="33.009201" lon="35.1869868"><ele>205.4</ele><time>2024-02-25T06:49:23Z</time></trkpt>
<trkpt lat="33.0092005" lon="35.187001"><ele>205.5</ele><time>2024-02-25T06:49:24Z</time></trkpt>
<trkpt lat="33.0092002" lon="35.1870152"><ele>205.6</ele><time>2024-02-25T06:49:25Z</time></trkpt>
<trkpt lat="33.0092003" lon="35.1870294"><ele>205.7</ele><time>2024-02-25T06:49:26Z</time></trkpt>
<trkpt lat="33.0092007" lon="35.1870434"><ele>205.8</ele><time>2024-02-25T06:49:27Z</time></trkpt>
<trkpt lat="33.0092012" lon="35.1870572"><ele>205.9</ele><time>2024-02-25T06:49:28Z</time></trkpt>
<trkpt lat="33.0092019" lon="35.1870707"><ele>206.0</ele><time>2024-02-25T06:49:29Z</time></trkpt>
<trkpt lat="33.0092024" lon="35.1870839"><ele>206.0</ele><time>2024-02-25T06:49:30Z</time></trkpt>
<trkpt lat="33.0092026" lon="35.1870969"><ele>206.1</ele><time>2024-02-25T06:49:31Z</time></trkpt>
<trkpt lat="33.0092023" lon="35.1871097"><ele>206.2</ele><time>2024-02-25T06:49:32Z</time></trkpt>
<trkpt lat="33.0092012" lon="35.1871225"><ele>206.2</ele><time>2024-02-25T06:49:33Z</time></trkpt>
<trkpt lat="33.0091993" lon="35.1871353"><ele>206.3</ele><time>2024-02-25T06:49:34Z</time></trkpt>
<trkpt lat="33.0091966" lon="35.1871484"><ele>206.3</ele><time>2024-02-25T06:49:35Z</time></trkpt>
<trkpt lat="33.0091936" lon="35.1871617"><ele>206.4</ele><time>2024-02-25T06:49:36Z</time></trkpt>
<trkpt lat="33.0091904" lon="35.1871755"><ele>206.4</ele><time>2024-02-25T06:49:37Z</time></trkpt>
<trkpt lat="33.0091873" lon="35.1871896"><ele>206.5</ele><time>2024-02-25T06:49:38Z</time></trkpt>
<trkpt lat="33.0091843" lon="35.1872039"><ele>206.5</ele><time>2024-02-25T06:49:39Z</time></trkpt>
<trkpt lat="33.0091815" lon="35.1872184"><ele>206.5</ele><time>2024-02-25T06:49:40Z</time></trkpt>
<trkpt lat="33.009179" lon="35.1872328"><ele>206.6</ele><time>2024-02-25T06:49:41Z</time></trkpt>
<trkpt lat="33.0091767" lon="35.1872471"><ele>206.6</ele><time>2024-02-25T06:49:42Z</time></trkpt>
<trkpt lat="33.0091746" lon="35.1872613"><ele>206.7</ele><time>2024-02-25T06:49:43Z</time></trkpt>
<trkpt lat="33.0091726" lon="35.1872754"><ele>206.7</ele><time>2024-02-25T06:49:44Z</time></trkpt>
<trkpt lat="33.0091705" lon="35.1872896"><ele>206.8</ele><time>2024-02-25T06:49:45Z</time></trkpt>
<trkpt lat="33.0091684" lon="35.1873039"><ele>206.8</ele><time>2024-02-25T06:49:46Z</time></trkpt>
<trkpt lat="33.0091663" lon="35.1873183"><ele>206.8</ele><time>2024-02-25T06:49:47Z</time></trkpt>
<trkpt lat="33.0091644" lon="35.187333"><ele>206.9</ele><time>2024-02-25T06:49:48Z</time></trkpt>
<trkpt lat="33.0091626" lon="35.1873479"><ele>206.9</ele><time>2024-02-25T06:49:49Z</time></trkpt>
<trkpt lat="33.0091608" lon="35.187363"><ele>207.0</ele><time>2024-02-25T06:49:50Z</time></trkpt>
<trkpt lat="33.0091589" lon="35.1873782"><ele>207.0</ele><time>2024-02-25T06:49:51Z</time></trkpt>
<trkpt lat="33.0091569" lon="35.1873934"><ele>207.1</ele><time>2024-02-25T06:49:52Z</time></trkpt>
<trkpt lat="33.0091548" lon="35.1874087"><ele>207.1</ele><time>2024-02-25T06:49:53Z</time></trkpt>
<trkpt lat="33.0091526" lon="35.187424"><ele>207.2</ele><time>2024-02-25T06:49:54Z</time></trkpt>
<trkpt lat="33.0091505" lon="35.1874394"><ele>207.2</ele><time>2024-02-25T06:49:55Z</time></trkpt>
<trkpt lat="33.0091483" lon="35.1874547"><ele>207.3</ele><time>2024-02-25T06:49:56Z</time></trkpt>
<trkpt lat="33.0091463" lon="35.1874699"><ele>207.3</ele><time>2024-02-25T06:49:57Z</time></trkpt>
<trkpt lat="33.0091444" lon="35.187485"><ele>207.4</ele><time>2024-02-25T06:49:58Z</time></trkpt>
<trkpt lat="33.0091427" lon="35.1875"><ele>207.4</ele><time>2024-02-25T06:49:59Z</time></trkpt>
<trkpt lat="33.0091411" lon="35.1875148"><ele>207.5</ele><time>2024-02-25T06:50:00Z</time></trkpt>
<trkpt lat="33.0091395" lon="35.1875294"><ele>207.6</ele><time>2024-02-25T06:50:01Z</time></trkpt>
<trkpt lat="33.0091379" lon="35.1875437"><ele>207.7</ele><time>2024-02-25T06:50:02Z</time></trkpt>
<trkpt lat="33.0091362" lon="35.1875578"><ele>207.7</ele><time>2024-02-25T06:50:03Z</time></trkpt>
<trkpt lat="33.0091342" lon="35.1875718"><ele>207.8</ele><time>2024-02-25T06:50:04Z</time></trkpt>
<trkpt lat="33.0091319" lon="35.1875858"><ele>207.9</ele><time>2024-02-25T06:50:05Z</time></trkpt>
<trkpt lat="33.0091294" lon="35.1876"><ele>208.0</ele><time>2024-02-25T06:50:06Z</time></trkpt>
<trkpt lat="33.0091268" lon="35.1876146"><ele>208.2</ele><time>2024-02-25T06:50:07Z</time></trkpt>
<trkpt lat="33.0091241" lon="35.1876294"><ele>208.3</ele><time>2024-02-25T06:50:08Z</time></trkpt>
<trkpt lat="33.0091214" lon="35.1876445"><ele>208.4</ele><time>2024-02-25T06:50:09Z</time></trkpt>
<trkpt lat="33.0091188" lon="35.1876599"><ele>208.5</ele><time>2024-02-25T06:50:10Z</time></trkpt>
<trkpt lat="33.0091162" lon="35.1876754"><ele>208.7</ele><time>2024-02-25T06:50:11Z</time></trkpt>
<trkpt lat="33.0091137" lon="35.187691"><ele>208.8</ele><time>2024-02-25T06:50:12Z</time></trkpt>
<trkpt lat="33.0091113" lon="35.1877067"><ele>209.0</ele><time>2024-02-25T06:50:13Z</time></trkpt>
<trkpt lat="33.009109" lon="35.1877225"><ele>209.2</ele><time>2024-02-25T06:50:14Z</time></trkpt>
<trkpt lat="33.0091066" lon="35.1877385"><ele>209.3</ele><time>2024-02-25T06:50:15Z</time></trkpt>
<trkpt lat="33.0091043" lon="35.1877545"><ele>209.5</ele><time>2024-02-25T06:50:16Z</time></trkpt>
<trkpt lat="33.0091019" lon="35.1877706"><ele>209.7</ele><time>2024-02-25T06:50:17Z</time></trkpt>
<trkpt lat="33.0090996" lon="35.1877865"><ele>209.9</ele><time>2024-02-25T06:50:18Z</time></trkpt>
<trkpt lat="33.0090973" lon="35.1878022"><ele>210.1</ele><time>2024-02-25T06:50:19Z</time></trkpt>
<trkpt lat="33.0090951" lon="35.1878176"><ele>210.3</ele><time>2024-02-25T06:50:20Z</time></trkpt>
<trkpt lat="33.0090929" lon="35.1878328"><ele>210.5</ele><time>2024-02-25T06:50:21Z</time></trkpt>
<trkpt lat="33.0090908" lon="35.1878478"><ele>210.7</ele><time>2024-02-25T06:50:22Z</time></trkpt>
<trkpt lat="33.0090888" lon="35.1878625"><ele>210.9</ele><time>2024-02-25T06:50:23Z</time></trkpt>
<trkpt lat="33.0090866" lon="35.1878771"><ele>211.1</ele><time>2024-02-25T06:50:24Z</time></trkpt>
<trkpt lat="33.0090842" lon="35.1878915"><ele>211.3</ele><time>2024-02-25T06:50:25Z</time></trkpt>
<trkpt lat="33.0090817" lon="35.1879059"><ele>211.5</ele><time>2024-02-25T06:50:26Z</time></trkpt>
<trkpt lat="33.0090791" lon="35.1879204"><ele>211.8</ele><time>2024-02-25T06:50:27Z</time></trkpt>
<trkpt lat="33.0090767" lon="35.1879351"><ele>212.0</ele><time>2024-02-25T06:50:28Z</time></trkpt>
<trkpt lat="33.0090743" lon="35.18795"><ele>212.2</ele><time>2024-02-25T06:50:29Z</time></trkpt>
<trkpt lat="33.0090719" lon="35.1879651"><ele>212.4</ele><time>2024-02-25T06:50:30Z</time></trkpt>
<trkpt lat="33.0090692" lon="35.1879802"><ele>212.6</ele><time>2024-02-25T06:50:31Z</time></trkpt>
<trkpt lat="33.0090663" lon="35.1879952"><ele>212.9</ele><time>2024-02-25T06:50:32Z</time></trkpt>
<trkpt lat="33.0090629" lon="35.18801"><ele>213.1</ele><time>2024-02-25T06:50:33Z</time></trkpt>
<trkpt lat="33.0090591" lon="35.1880247"><ele>213.3</ele><time>2024-02-25T06:50:34Z</time></trkpt>
<trkpt lat="33.0090551" lon="35.1880391"><ele>213.5</ele><time>2024-02-25T06:50:35Z</time></trkpt>
<trkpt lat="33.009051" lon="35.1880534"><ele>213.7</ele><time>2024-02-25T06:50:36Z</time></trkpt>
<trkpt lat="33.0090468" lon="35.1880675"><ele>213.9</ele><time>2024-02-25T06:50:37Z</time></trkpt>
<trkpt lat="33.0090427" lon="35.1880815"><ele>214.1</ele><time>2024-02-25T06:50:38Z</time></trkpt>
<trkpt lat="33.0090388" lon="35.1880956"><ele>214.3</ele><time>2024-02-25T06:50:39Z</time></trkpt>
<trkpt lat="33.0090352" lon="35.1881097"><ele>214.4</ele><time>2024-02-25T06:50:40Z</time></trkpt>
<trkpt lat="33.0090322" lon="35.1881239"><ele>214.6</ele><time>2024-02-25T06:50:41Z</time></trkpt>
<trkpt lat="33.0090299" lon="35.1881382"><ele>214.7</ele><time>2024-02-25T06:50:42Z</time></trkpt>
<trkpt lat="33.0090283" lon="35.1881525"><ele>214.9</ele><time>2024-02-25T06:50:43Z</time></trkpt>
<trkpt lat="33.009027" lon="35.1881667"><ele>215.0</ele><time>2024-02-25T06:50:44Z</time></trkpt>
<trkpt lat="33.009026" lon="35.1881806"><ele>215.1</ele><time>2024-02-25T06:50:45Z</time></trkpt>
<trkpt lat="33.0090249" lon="35.1881941"><ele>215.2</ele><time>2024-02-25T06:50:46Z</time></trkpt>
<trkpt lat="33.0090235" lon="35.1882072"><ele>215.4</ele><time>2024-02-25T06:50:47Z</time></trkpt>
<trkpt lat="33.0090216" lon="35.18822"><ele>215.4</ele><time>2024-02-25T06:50:48Z</time></trkpt>
<trkpt lat="33.0090193" lon="35.1882325"><ele>215.5</ele><time>2024-02-25T06:50:49Z</time></trkpt>
<trkpt lat="33.0090168" lon="35.1882447"><ele>215.6</ele><time>2024-02-25T06:50:50Z</time></trkpt>
<trkpt lat="33.0090141" lon="35.1882569"><ele>215.7</ele><time>2024-02-25T06:50:51Z</time></trkpt>
<trkpt lat="33.0090113" lon="35.1882691"><ele>215.8</ele><time>2024-02-25T06:50:52Z</time></trkpt>
<trkpt lat="33.0090085" lon="35.1882814"><ele>215.9</ele><time>2024-02-25T06:50:53Z</time></trkpt>
<trkpt lat="33.0090058" lon="35.1882937"><ele>215.9</ele><time>2024-02-25T06:50:54Z</time></trkpt>
<trkpt lat="33.0090031" lon="35.188306"><ele>216.0</ele><time>2024-02-25T06:50:55Z</time></trkpt>
<trkpt lat="33.0090004" lon="35.1883182"><ele>216.1</ele><time>2024-02-25T06:50:56Z</time></trkpt>
<trkpt lat="33.0089978" lon="35.1883303"><ele>216.1</ele><time>2024-02-25T06:50:57Z</time></trkpt>
<trkpt lat="33.008995" lon="35.1883424"><ele>216.2</ele><time>2024-02-25T06:50:58Z</time></trkpt>
<trkpt lat="33.008992" lon="35.1883547"><ele>216.3</ele><time>2024-02-25T06:50:59Z</time></trkpt>
<trkpt lat="33.0089886" lon="35.1883671"><ele>216.3</ele><time>2024-02-25T06:51:00Z</time></trkpt>
<trkpt lat="33.0089849" lon="35.1883796"><ele>216.4</ele><time>2024-02-25T06:51:01Z</time></trkpt>
<trkpt lat="33.008981" lon="35.1883922"><ele>216.5</ele><time>2024-02-25T06:51:02Z</time></trkpt>
<trkpt lat="33.0089769" lon="35.188405"><ele>216.5</ele><time>2024-02-25T06:51:03Z</time></trkpt>
<trkpt lat="33.008973" lon="35.1884181"><ele>216.6</ele><time>2024-02-25T06:51:04Z</time></trkpt>
<trkpt lat="33.0089693" lon="35.1884315"><ele>216.7</ele><time>2024-02-25T06:51:05Z</time></trkpt>
<trkpt lat="33.0089659" lon="35.1884453"><ele>216.8</ele><time>2024-02-25T06:51:06Z</time></trkpt>
<trkpt lat="33.0089627" lon="35.1884595"><ele>216.9</ele><time>2024-02-25T06:51:07Z</time></trkpt>
<trkpt lat="33.0089599" lon="35.1884741"><ele>217.0</ele><time>2024-02-25T06:51:08Z</time></trkpt>
<trkpt lat="33.0089573" lon="35.1884891"><ele>217.1</ele><time>2024-02-25T06:51:09Z</time></trkpt>
<trkpt lat="33.0089551" lon="35.1885043"><ele>217.1</ele><time>2024-02-25T06:51:10Z</time></trkpt>
<trkpt lat="33.008953" lon="35.1885196"><ele>217.2</ele><time>2024-02-25T06:51:11Z</time></trkpt>
<trkpt lat="33.0089511" lon="35.1885348"><ele>217.3</ele><time>2024-02-25T06:51:12Z</time></trkpt>
<trkpt lat="33.0089492" lon="35.1885498"><ele>217.4</ele><time>2024-02-25T06:51:13Z</time></trkpt>
<trkpt lat="33.0089474" lon="35.1885646"><ele>217.5</ele><time>2024-02-25T06:51:14Z</time></trkpt>
<trkpt lat="33.0089457" lon="35.1885791"><ele>217.6</ele><time>2024-02-25T06:51:15Z</time></trkpt>
<trkpt lat="33.0089442" lon="35.1885936"><ele>217.7</ele><time>2024-02-25T06:51:16Z</time></trkpt>
<trkpt lat="33.0089428" lon="35.1886079"><ele>217.8</ele><time>2024-02-25T06:51:17Z</time></trkpt>
<trkpt lat="33.0089417" lon="35.1886224"><ele>218.0</ele><time>2024-02-25T06:51:18Z</time></trkpt>
<trkpt lat="33.0089405" lon="35.1886369"><ele>218.1</ele><time>2024-02-25T06:51:19Z</time></trkpt>
<trkpt lat="33.0089392" lon="35.1886515"><ele>218.2</ele><time>2024-02-25T06:51:20Z</time></trkpt>
<trkpt lat="33.0089375" lon="35.1886662"><ele>218.3</ele><time>2024-02-25T06:51:21Z</time></trkpt>
<trkpt lat="33.0089355" lon="35.1886809"><ele>218.4</ele><time>2024-02-25T06:51:22Z</time></trkpt>
<trkpt lat="33.008933" lon="35.1886957"><ele>218.5</ele><time>2024-02-25T06:51:23Z</time></trkpt>
<trkpt lat="33.0089301" lon="35.1887105"><ele>218.6</ele><time>2024-02-25T06:51:24Z</time></trkpt>
<trkpt lat="33.0089267" lon="35.1887255"><ele>218.7</ele><time>2024-02-25T06:51:25Z</time></trkpt>
<trkpt lat="33.0089231" lon="35.1887408"><ele>218.9</ele><time>2024-02-25T06:51:26Z</time></trkpt>
<trkpt lat="33.0089194" lon="35.1887564"><ele>219.0</ele><time>2024-02-25T06:51:27Z</time></trkpt>
<trkpt lat="33.0089154" lon="35.1887721"><ele>219.1</ele><time>2024-02-25T06:51:28Z</time></trkpt>
<trkpt lat="33.0089114" lon="35.1887878"><ele>219.2</ele><time>2024-02-25T06:51:29Z</time></trkpt>
<trkpt lat="33.0089073" lon="35.1888034"><ele>219.4</ele><time>2024-02-25T06:51:30Z</time></trkpt>
<trkpt lat="33.0089031" lon="35.1888189"><ele>219.5</ele><time>2024-02-25T06:51:31Z</time></trkpt>
<trkpt lat="33.0088991" lon="35.1888342"><ele>219.7</ele><time>2024-02-25T06:51:32Z</time></trkpt>
<trkpt lat="33.0088952" lon="35.1888494"><ele>219.8</ele><time>2024-02-25T06:51:33Z</time></trkpt>
<trkpt lat="33.0088917" lon="35.1888646"><ele>220.0</ele><time>2024-02-25T06:51:34Z</time></trkpt>
<trkpt lat="33.0088884" lon="35.1888799"><ele>220.1</ele><time>2024-02-25T06:51:35Z</time></trkpt>
<trkpt lat="33.0088855" lon="35.1888955"><ele>220.3</ele><time>2024-02-25T06:51:36Z</time></trkpt>
<trkpt lat="33.0088827" lon="35.1889114"><ele>220.4</ele><time>2024-02-25T06:51:37Z</time></trkpt>
<trkpt lat="33.0088801" lon="35.1889276"><ele>220.6</ele><time>2024-02-25T06:51:38Z</time></trkpt>
<trkpt lat="33.0088779" lon="35.1889441"><ele>220.7</ele><time>2024-02-25T06:51:39Z</time></trkpt>
<trkpt lat="33.008876" lon="35.1889609"><ele>220.9</ele><time>2024-02-25T06:51:40Z</time></trkpt>
<trkpt lat="33.0088745" lon="35.188978"><ele>221.0</ele><time>2024-02-25T06:51:41Z</time></trkpt>
<trkpt lat="33.0088734" lon="35.1889953"><ele>221.2</ele><time>2024-02-25T06:51:42Z</time></trkpt>
<trkpt lat="33.0088726" lon="35.1890125"><ele>221.3</ele><time>2024-02-25T06:51:43Z</time></trkpt>
<trkpt lat="33.0088718" lon="35.1890294"><ele>221.5</ele><time>2024-02-25T06:51:44Z</time></trkpt>
<trkpt lat="33.0088709" lon="35.1890459"><ele>221.6</ele><time>2024-02-25T06:51:45Z</time></trkpt>
<trkpt lat="33.0088696" lon="35.1890619"><ele>221.8</ele><time>2024-02-25T06:51:46Z</time></trkpt>
<trkpt lat="33.0088678" lon="35.1890778"><ele>221.9</ele><time>2024-02-25T06:51:47Z</time></trkpt>
<trkpt lat="33.0088652" lon="35.1890936"><ele>222.0</ele><time>2024-02-25T06:51:48Z</time></trkpt>
<trkpt lat="33.0088619" lon="35.1891095"><ele>222.2</ele><time>2024-02-25T06:51:49Z</time></trkpt>
<trkpt lat="33.0088577" lon="35.1891253"><ele>222.3</ele><time>2024-02-25T06:51:50Z</time></trkpt>
<trkpt lat="33.0088528" lon="35.1891409"><ele>222.4</ele><time>2024-02-25T06:51:51Z</time></trkpt>
<trkpt lat="33.0088475" lon="35.1891564"><ele>222.6</ele><time>2024-02-25T06:51:52Z</time></trkpt>
<trkpt lat="33.0088422" lon="35.1891717"><ele>222.7</ele><time>2024-02-25T06:51:53Z</time></trkpt>
<trkpt lat="33.0088369" lon="35.1891869"><ele>222.8</ele><time>2024-02-25T06:51:54Z</time></trkpt>
<trkpt lat="33.0088319" lon="35.1892021"><ele>223.0</ele><time>2024-02-25T06:51:55Z</time></trkpt>
<trkpt lat="33.0088271" lon="35.1892174"><ele>223.1</ele><time>2024-02-25T06:51:56Z</time></trkpt>
<trkpt lat="33.0088226" lon="35.189233"><ele>223.2</ele><time>2024-02-25T06:51:57Z</time></trkpt>
<trkpt lat="33.0088182" lon="35.1892488"><ele>223.3</ele><time>2024-02-25T06:51:58Z</time></trkpt>
<trkpt lat="33.008814" lon="35.1892649"><ele>223.5</ele><time>2024-02-25T06:51:59Z</time></trkpt>
<trkpt lat="33.0088101" lon="35.1892812"><ele>223.6</ele><time>2024-02-25T06:52:00Z</time></trkpt>
<trkpt lat="33.0088062" lon="35.1892975"><ele>223.7</ele><time>2024-02-25T06:52:01Z</time></trkpt>
<trkpt lat="33.0088023" lon="35.1893138"><ele>223.8</ele><time>2024-02-25T06:52:02Z</time></trkpt>
<trkpt lat="33.0087985" lon="35.1893301"><ele>223.9</ele><time>2024-02-25T06:52:03Z</time></trkpt>
<trkpt lat="33.008795" lon="35.1893463"><ele>224.0</ele><time>2024-02-25T06:52:04Z</time></trkpt>
<trkpt lat="33.008792" lon="35.1893625"><ele>224.1</ele><time>2024-02-25T06:52:05Z</time></trkpt>
<trkpt lat="33.0087892" lon="35.1893786"><ele>224.2</ele><time>2024-02-25T06:52:06Z</time></trkpt>
<trkpt lat="33.0087866" lon="35.1893946"><ele>224.3</ele><time>2024-02-25T06:52:07Z</time></trkpt>
<trkpt lat="33.0087838" lon="35.1894104"><ele>224.4</ele><time>2024-02-25T06:52:08Z</time></trkpt>
<trkpt lat="33.0087807" lon="35.1894259"><ele>224.5</ele><time>2024-02-25T06:52:09Z</time></trkpt>
<trkpt lat="33.0087775" lon="35.1894411"><ele>224.6</ele><time>2024-02-25T06:52:10Z</time></trkpt>
<trkpt lat="33.0087741" lon="35.1894561"><ele>224.7</ele><time>2024-02-25T06:52:11Z</time></trkpt>
<trkpt lat="33.0087707" lon="35.189471"><ele>224.7</ele><time>2024-02-25T06:52:12Z</time></trkpt>
<trkpt lat="33.0087676" lon="35.1894861"><ele>224.8</ele><time>2024-02-25T06:52:13Z</time></trkpt>
<trkpt lat="33.0087647" lon="35.1895014"><ele>224.9</ele><time>2024-02-25T06:52:14Z</time></trkpt>
<trkpt lat="33.0087621" lon="35.1895172"><ele>224.9</ele><time>2024-02-25T06:52:15Z</time></trkpt>
<trkpt lat="33.0087597" lon="35.1895333"><ele>225.0</ele><time>2024-02-25T06:52:16Z</time></trkpt>
<trkpt lat="33.0087573" lon="35.1895498"><ele>225.0</ele><time>2024-02-25T06:52:17Z</time></trkpt>
<trkpt lat="33.0087551" lon="35.1895666"><ele>225.1</ele><time>2024-02-25T06:52:18Z</time></trkpt>
<trkpt lat="33.0087532" lon="35.1895837"><ele>225.1</ele><time>2024-02-25T06:52:19Z</time></trkpt>
<trkpt lat="33.0087515" lon="35.1896011"><ele>225.1</ele><time>2024-02-25T06:52:20Z</time></trkpt>
<trkpt lat="33.0087503" lon="35.1896187"><ele>225.2</ele><time>2024-02-25T06:52:21Z</time></trkpt>
<trkpt lat="33.0087494" lon="35.1896362"><ele>225.2</ele><time>2024-02-25T06:52:22Z</time></trkpt>
<trkpt lat="33.0087488" lon="35.1896537"><ele>225.2</ele><time>2024-02-25T06:52:23Z</time></trkpt>
<trkpt lat="33.0087484" lon="35.1896711"><ele>225.3</ele><time>2024-02-25T06:52:24Z</time></trkpt>
<trkpt lat="33.0087479" lon="35.1896884"><ele>225.3</ele><time>2024-02-25T06:52:25Z</time></trkpt>
<trkpt lat="33.0087472" lon="35.1897057"><ele>225.3</ele><time>2024-02-25T06:52:26Z</time></trkpt>
<trkpt lat="33.0087461" lon="35.1897231"><ele>225.4</ele><time>2024-02-25T06:52:27Z</time></trkpt>
<trkpt lat="33.0087446" lon="35.1897408"><ele>225.4</ele><time>2024-02-25T06:52:28Z</time></trkpt>
<trkpt lat="33.0087427" lon="35.1897589"><ele>225.4</ele><time>2024-02-25T06:52:29Z</time></trkpt>
<trkpt lat="33.0087406" lon="35.1897773"><ele>225.5</ele><time>2024-02-25T06:52:30Z</time></trkpt>
<trkpt lat="33.0087381" lon="35.1897958"><ele>225.5</ele><time>2024-02-25T06:52:31Z</time></trkpt>
<trkpt lat="33.0087353" lon="35.1898144"><ele>225.6</ele><time>2024-02-25T06:52:32Z</time></trkpt>
<trkpt lat="33.0087319" lon="35.189833"><ele>225.6</ele><time>2024-02-25T06:52:33Z</time></trkpt>
<trkpt lat="33.0087281" lon="35.1898513"><ele>225.7</ele><time>2024-02-25T06:52:34Z</time></trkpt>
<trkpt lat="33.0087238" lon="35.1898694"><ele>225.7</ele><time>2024-02-25T06:52:35Z</time></trkpt>
<trkpt lat="33.008719" lon="35.1898872"><ele>225.8</ele><time>2024-02-25T06:52:36Z</time></trkpt>
<trkpt lat="33.0087139" lon="35.1899049"><ele>225.9</ele><time>2024-02-25T06:52:37Z</time></trkpt>
<trkpt lat="33.0087085" lon="35.1899226"><ele>226.0</ele><time>2024-02-25T06:52:38Z</time></trkpt>
<trkpt lat="33.008703" lon="35.1899406"><ele>226.0</ele><time>2024-02-25T06:52:39Z</time></trkpt>
<trkpt lat="33.0086978" lon="35.189959"><ele>226.1</ele><time>2024-02-25T06:52:40Z</time></trkpt>
<trkpt lat="33.0086931" lon="35.1899777"><ele>226.2</ele><time>2024-02-25T06:52:41Z</time></trkpt>
<trkpt lat="33.0086891" lon="35.1899968"><ele>226.3</ele><time>2024-02-25T06:52:42Z</time></trkpt>
<trkpt lat="33.0086856" lon="35.1900161"><ele>226.4</ele><time>2024-02-25T06:52:43Z</time></trkpt>
<trkpt lat="33.0086825" lon="35.1900357"><ele>226.5</ele><time>2024-02-25T06:52:44Z</time></trkpt>
<trkpt lat="33.0086797" lon="35.1900552"><ele>226.6</ele><time>2024-02-25T06:52:45Z</time></trkpt>
<trkpt lat="33.008677" lon="35.1900745"><ele>226.6</ele><time>2024-02-25T06:52:46Z</time></trkpt>
<trkpt lat="33.0086746" lon="35.1900934"><ele>226.7</ele><time>2024-02-25T06:52:47Z</time></trkpt>
<trkpt lat="33.0086722" lon="35.1901122"><ele>226.8</ele><time>2024-02-25T06:52:48Z</time></trkpt>
<trkpt lat="33.0086695" lon="35.1901308"><ele>226.9</ele><time>2024-02-25T06:52:49Z</time></trkpt>
<trkpt lat="33.0086664" lon="35.1901497"><ele>227.0</ele><time>2024-02-25T06:52:50Z</time></trkpt>
<trkpt lat="33.0086627" lon="35.1901689"><ele>227.1</ele><time>2024-02-25T06:52:51Z</time></trkpt>
<trkpt lat="33.0086586" lon="35.1901885"><ele>227.1</ele><time>2024-02-25T06:52:52Z</time></trkpt>
<trkpt lat="33.0086543" lon="35.1902084"><ele>227.2</ele><time>2024-02-25T06:52:53Z</time></trkpt>
<trkpt lat="33.0086501" lon="35.1902286"><ele>227.3</ele><time>2024-02-25T06:52:54Z</time></trkpt>
<trkpt lat="33.0086461" lon="35.190249"><ele>227.4</ele><time>2024-02-25T06:52:55Z</time></trkpt>
<trkpt lat="33.0086423" lon="35.1902695"><ele>227.5</ele><time>2024-02-25T06:52:56Z</time></trkpt>
<trkpt lat="33.0086388" lon="35.1902903"><ele>227.6</ele><time>2024-02-25T06:52:57Z</time></trkpt>
<trkpt lat="33.008636" lon="35.1903114"><ele>227.7</ele><time>2024-02-25T06:52:58Z</time></trkpt>
<trkpt lat="33.0086337" lon="35.1903326"><ele>227.8</ele><time>2024-02-25T06:52:59Z</time></trkpt>
<trkpt lat="33.0086318" lon="35.1903537"><ele>227.9</ele><time>2024-02-25T06:53:00Z</time></trkpt>
<trkpt lat="33.0086298" lon="35.1903745"><ele>228.0</ele><time>2024-02-25T06:53:01Z</time></trkpt>
<trkpt lat="33.0086275" lon="35.1903948"><ele>228.1</ele><time>2024-02-25T06:53:02Z</time></trkpt>
<trkpt lat="33.0086247" lon="35.1904148"><ele>228.2</ele><time>2024-02-25T06:53:03Z</time></trkpt>
<trkpt lat="33.0086214" lon="35.1904343"><ele>228.3</ele><time>2024-02-25T06:53:04Z</time></trkpt>
<trkpt lat="33.0086179" lon="35.1904535"><ele>228.4</ele><time>2024-02-25T06:53:05Z</time></trkpt>
<trkpt lat="33.0086145" lon="35.1904725"><ele>228.5</ele><time>2024-02-25T06:53:06Z</time></trkpt>
<trkpt lat="33.0086114" lon="35.1904914"><ele>228.6</ele><time>2024-02-25T06:53:07Z</time></trkpt>
<trkpt lat="33.0086088" lon="35.1905105"><ele>228.7</ele><time>2024-02-25T06:53:08Z</time></trkpt>
<trkpt lat="33.0086066" lon="35.1905296"><ele>228.8</ele><time>2024-02-25T06:53:09Z</time></trkpt>
<trkpt lat="33.0086048" lon="35.1905489"><ele>228.9</ele><time>2024-02-25T06:53:10Z</time></trkpt>
<trkpt lat="33.0086034" lon="35.1905683"><ele>229.1</ele><time>2024-02-25T06:53:11Z</time></trkpt>
<trkpt lat="33.008602" lon="35.1905878"><ele>229.2</ele><time>2024-02-25T06:53:12Z</time></trkpt>
<trkpt lat="33.0086005" lon="35.1906074"><ele>229.3</ele><time>2024-02-25T06:53:13Z</time></trkpt>
<trkpt lat="33.0085986" lon="35.1906271"><ele>229.3</ele><time>2024-02-25T06:53:14Z</time></trkpt>
<trkpt lat="33.0085962" lon="35.1906473"><ele>229.4</ele><time>2024-02-25T06:53:15Z</time></trkpt>
<trkpt lat="33.0085934" lon="35.1906677"><ele>229.5</ele><time>2024-02-25T06:53:16Z</time></trkpt>
<trkpt lat="33.0085901" lon="35.1906884"><ele>229.6</ele><time>2024-02-25T06:53:17Z</time></trkpt>
<trkpt lat="33.0085865" lon="35.1907091"><ele>229.7</ele><time>2024-02-25T06:53:18Z</time></trkpt>
<trkpt lat="33.0085829" lon="35.1907296"><ele>229.7</ele><time>2024-02-25T06:53:19Z</time></trkpt>
<trkpt lat="33.0085793" lon="35.1907496"><ele>229.8</ele><time>2024-02-25T06:53:20Z</time></trkpt>
<trkpt lat="33.008576" lon="35.1907692"><ele>229.8</ele><time>2024-02-25T06:53:21Z</time></trkpt>
<trkpt lat="33.008573" lon="35.1907882"><ele>229.9</ele><time>2024-02-25T06:53:22Z</time></trkpt>
<trkpt lat="33.0085704" lon="35.1908068"><ele>229.9</ele><time>2024-02-25T06:53:23Z</time></trkpt>
<trkpt lat="33.0085683" lon="35.1908251"><ele>230.0</ele><time>2024-02-25T06:53:24Z</time></trkpt>
<trkpt lat="33.0085668" lon="35.1908431"><ele>230.0</ele><time>2024-02-25T06:53:25Z</time></trkpt>
<trkpt lat="33.0085656" lon="35.190861"><ele>230.0</ele><time>2024-02-25T06:53:26Z</time></trkpt>
<trkpt lat="33.0085647" lon="35.1908789"><ele>230.1</ele><time>2024-02-25T06:53:27Z</time></trkpt>
<trkpt lat="33.0085638" lon="35.190897"><ele>230.1</ele><time>2024-02-25T06:53:28Z</time></trkpt>
<trkpt lat="33.0085629" lon="35.1909151"><ele>230.1</ele><time>2024-02-25T06:53:29Z</time></trkpt>
<trkpt lat="33.008562" lon="35.1909335"><ele>230.1</ele><time>2024-02-25T06:53:30Z</time></trkpt>
<trkpt lat="33.008561" lon="35.1909521"><ele>230.2</ele><time>2024-02-25T06:53:31Z</time></trkpt>
<trkpt lat="33.00856" lon="35.1909707"><ele>230.2</ele><time>2024-02-25T06:53:32Z</time></trkpt>
<trkpt lat="33.0085589" lon="35.1909895"><ele>230.2</ele><time>2024-02-25T06:53:33Z</time></trkpt>
<trkpt lat="33.0085575" lon="35.1910084"><ele>230.2</ele><time>2024-02-25T06:53:34Z</time></trkpt>
<trkpt lat="33.0085557" lon="35.1910272"><ele>230.3</ele><time>2024-02-25T06:53:35Z</time></trkpt>
<trkpt lat="33.0085532" lon="35.1910459"><ele>230.3</ele><time>2024-02-25T06:53:36Z</time></trkpt>
<trkpt lat="33.0085502" lon="35.1910644"><ele>230.3</ele><time>2024-02-25T06:53:37Z</time></trkpt>
<trkpt lat="33.0085466" lon="35.191083"><ele>230.4</ele><time>2024-02-25T06:53:38Z</time></trkpt>
<trkpt lat="33.0085423" lon="35.1911016"><ele>230.4</ele><time>2024-02-25T06:53:39Z</time></trkpt>
<trkpt lat="33.0085377" lon="35.1911203"><ele>230.5</ele><time>2024-02-25T06:53:40Z</time></trkpt>
<trkpt lat="33.0085329" lon="35.1911391"><ele>230.6</ele><time>2024-02-25T06:53:41Z</time></trkpt>
<trkpt lat="33.0085282" lon="35.191158"><ele>230.6</ele><time>2024-02-25T06:53:42Z</time></trkpt>
<trkpt lat="33.008524" lon="35.1911767"><ele>230.7</ele><time>2024-02-25T06:53:43Z</time></trkpt>
<trkpt lat="33.0085203" lon="35.1911952"><ele>230.8</ele><time>2024-02-25T06:53:44Z</time></trkpt>
<trkpt lat="33.008517" lon="35.1912135"><ele>230.9</ele><time>2024-02-25T06:53:45Z</time></trkpt>
<trkpt lat="33.0085142" lon="35.1912316"><ele>231.0</ele><time>2024-02-25T06:53:46Z</time></trkpt>
<trkpt lat="33.0085115" lon="35.1912494"><ele>231.1</ele><time>2024-02-25T06:53:47Z</time></trkpt>
<trkpt lat="33.0085089" lon="35.1912669"><ele>231.2</ele><time>2024-02-25T06:53:48Z</time></trkpt>
<trkpt lat="33.0085063" lon="35.1912843"><ele>231.4</ele><time>2024-02-25T06:53:49Z</time></trkpt>
<trkpt lat="33.0085037" lon="35.1913017"><ele>231.5</ele><time>2024-02-25T06:53:50Z</time></trkpt>
<trkpt lat="33.0085012" lon="35.1913191"><ele>231.6</ele><time>2024-02-25T06:53:51Z</time></trkpt>
<trkpt lat="33.0084987" lon="35.1913367"><ele>231.8</ele><time>2024-02-25T06:53:52Z</time></trkpt>
<trkpt lat="33.0084962" lon="35.1913544"><ele>231.9</ele><time>2024-02-25T06:53:53Z</time></trkpt>
<trkpt lat="33.0084937" lon="35.1913721"><ele>232.0</ele><time>2024-02-25T06:53:54Z</time></trkpt>
<trkpt lat="33.008491" lon="35.1913897"><ele>232.2</ele><time>2024-02-25T06:53:55Z</time></trkpt>
<trkpt lat="33.0084881" lon="35.1914074"><ele>232.3</ele><time>2024-02-25T06:53:56Z</time></trkpt>
<trkpt lat="33.0084851" lon="35.1914251"><ele>232.4</ele><time>2024-02-25T06:53:57Z</time></trkpt>
<trkpt lat="33.0084822" lon="35.1914429"><ele>232.6</ele><time>2024-02-25T06:53:58Z</time></trkpt>
<trkpt lat="33.0084794" lon="35.1914609"><ele>232.7</ele><time>2024-02-25T06:53:59Z</time></trkpt>
<trkpt lat="33.0084767" lon="35.1914789"><ele>232.8</ele><time>2024-02-25T06:54:00Z</time></trkpt>
<trkpt lat="33.0084741" lon="35.1914967"><ele>232.9</ele><time>2024-02-25T06:54:01Z</time></trkpt>
<trkpt lat="33.0084715" lon="35.1915142"><ele>233.0</ele><time>2024-02-25T06:54:02Z</time></trkpt>
<trkpt lat="33.0084688" lon="35.1915313"><ele>233.1</ele><time>2024-02-25T06:54:03Z</time></trkpt>
<trkpt lat="33.0084661" lon="35.1915477"><ele>233.2</ele><time>2024-02-25T06:54:04Z</time></trkpt>
<trkpt lat="33.0084631" lon="35.1915636"><ele>233.3</ele><time>2024-02-25T06:54:05Z</time></trkpt>
<trkpt lat="33.00846" lon="35.1915795"><ele>233.4</ele><time>2024-02-25T06:54:06Z</time></trkpt>
<trkpt lat="33.008457" lon="35.1915954"><ele>233.5</ele><time>2024-02-25T06:54:07Z</time></trkpt>
<trkpt lat="33.0084544" lon="35.1916118"><ele>233.5</ele><time>2024-02-25T06:54:08Z</time></trkpt>
<trkpt lat="33.0084522" lon="35.1916287"><ele>233.6</ele><time>2024-02-25T06:54:09Z</time></trkpt>
<trkpt lat="33.0084503" lon="35.191646"><ele>233.7</ele><time>2024-02-25T06:54:10Z</time></trkpt>
<trkpt lat="33.0084484" lon="35.1916636"><ele>233.7</ele><time>2024-02-25T06:54:11Z</time></trkpt>
<trkpt lat="33.0084462" lon="35.1916814"><ele>233.8</ele><time>2024-02-25T06:54:12Z</time></trkpt>
<trkpt lat="33.0084438" lon="35.1916995"><ele>233.8</ele><time>2024-02-25T06:54:13Z</time></trkpt>
<trkpt lat="33.0084411" lon="35.1917177"><ele>233.9</ele><time>2024-02-25T06:54:14Z</time></trkpt>
<trkpt lat="33.0084382" lon="35.191736"><ele>234.0</ele><time>2024-02-25T06:54:15Z</time></trkpt>
<trkpt lat="33.0084354" lon="35.1917543"><ele>234.0</ele><time>2024-02-25T06:54:16Z</time></trkpt>
<trkpt lat="33.008433" lon="35.1917724"><ele>234.1</ele><time>2024-02-25T06:54:17Z</time></trkpt>
<trkpt lat="33.0084308" lon="35.1917903"><ele>234.2</ele><time>2024-02-25T06:54:18Z</time></trkpt>
<trkpt lat="33.0084291" lon="35.1918083"><ele>234.3</ele><time>2024-02-25T06:54:19Z</time></trkpt>
<trkpt lat="33.0084276" lon="35.1918268"><ele>234.4</ele><time>2024-02-25T06:54:20Z</time></trkpt>
<trkpt lat="33.0084265" lon="35.1918457"><ele>234.5</ele><time>2024-02-25T06:54:21Z</time></trkpt>
<trkpt lat="33.0084257" lon="35.1918649"><ele>234.6</ele><time>2024-02-25T06:54:22Z</time></trkpt>
<trkpt lat="33.0084251" lon="35.1918842"><ele>234.6</ele><time>2024-02-25T06:54:23Z</time></trkpt>
<trkpt lat="33.0084244" lon="35.1919033"><ele>234.7</ele><time>2024-02-25T06:54:24Z</time></trkpt>
<trkpt lat="33.0084235" lon="35.1919221"><ele>234.8</ele><time>2024-02-25T06:54:25Z</time></trkpt>
<trkpt lat="33.0084222" lon="35.1919404"><ele>234.9</ele><time>2024-02-25T06:54:26Z</time></trkpt>
<trkpt lat="33.0084204" lon="35.1919583"><ele>235.0</ele><time>2024-02-25T06:54:27Z</time></trkpt>
<trkpt lat="33.0084183" lon="35.1919759"><ele>235.1</ele><time>2024-02-25T06:54:28Z</time></trkpt>
<trkpt lat="33.008416" lon="35.1919933"><ele>235.2</ele><time>2024-02-25T06:54:29Z</time></trkpt>
<trkpt lat="33.0084139" lon="35.1920108"><ele>235.3</ele><time>2024-02-25T06:54:30Z</time></trkpt>
<trkpt lat="33.0084117" lon="35.1920285"><ele>235.4</ele><time>2024-02-25T06:54:31Z</time></trkpt>
<trkpt lat="33.0084094" lon="35.1920463"><ele>235.5</ele><time>2024-02-25T06:54:32Z</time></trkpt>
<trkpt lat="33.008407" lon="35.1920641"><ele>235.6</ele><time>2024-02-25T06:54:33Z</time></trkpt>
<trkpt lat="33.0084043" lon="35.1920819"><ele>235.7</ele><time>2024-02-25T06:54:34Z</time></trkpt>
<trkpt lat="33.0084015" lon="35.1920997"><ele>235.8</ele><time>2024-02-25T06:54:35Z</time></trkpt>
<trkpt lat="33.0083985" lon="35.1921173"><ele>235.8</ele><time>2024-02-25T06:54:36Z</time></trkpt>
<trkpt lat="33.0083956" lon="35.192135"><ele>235.9</ele><time>2024-02-25T06:54:37Z</time></trkpt>
<trkpt lat="33.0083926" lon="35.1921527"><ele>236.0</ele><time>2024-02-25T06:54:38Z</time></trkpt>
<trkpt lat="33.0083898" lon="35.1921705"><ele>236.0</ele><time>2024-02-25T06:54:39Z</time></trkpt>
<trkpt lat="33.0083871" lon="35.1921885"><ele>236.1</ele><time>2024-02-25T06:54:40Z</time></trkpt>
<trkpt lat="33.0083846" lon="35.1922067"><ele>236.2</ele><time>2024-02-25T06:54:41Z</time></trkpt>
<trkpt lat="33.0083821" lon="35.1922249"><ele>236.3</ele><time>2024-02-25T06:54:42Z</time></trkpt>
<trkpt lat="33.0083796" lon="35.1922433"><ele>236.3</ele><time>2024-02-25T06:54:43Z</time></trkpt>
<trkpt lat="33.0083772" lon="35.1922617"><ele>236.4</ele><time>2024-02-25T06:54:44Z</time></trkpt>
<trkpt lat="33.0083753" lon="35.1922801"><ele>236.5</ele><time>2024-02-25T06:54:45Z</time></trkpt>
<trkpt lat="33.008374" lon="35.1922985"><ele>236.6</ele><time>2024-02-25T06:54:46Z</time></trkpt>
<trkpt lat="33.0083735" lon="35.192317"><ele>236.6</ele><time>2024-02-25T06:54:47Z</time></trkpt>
<trkpt lat="33.0083735" lon="35.1923354"><ele>236.7</ele><time>2024-02-25T06:54:48Z</time></trkpt>
<trkpt lat="33.008374" lon="35.1923539"><ele>236.8</ele><time>2024-02-25T06:54:49Z</time></trkpt>
<trkpt lat="33.0083746" lon="35.1923726"><ele>236.9</ele><time>2024-02-25T06:54:50Z</time></trkpt>
<trkpt lat="33.0083754" lon="35.1923914"><ele>237.0</ele><time>2024-02-25T06:54:51Z</time></trkpt>
<trkpt lat="33.0083762" lon="35.1924101"><ele>237.1</ele><time>2024-02-25T06:54:52Z</time></trkpt>
<trkpt lat="33.008377" lon="35.1924288"><ele>237.2</ele><time>2024-02-25T06:54:53Z</time></trkpt>
<trkpt lat="33.0083778" lon="35.1924473"><ele>237.2</ele><time>2024-02-25T06:54:54Z</time></trkpt>
<trkpt lat="33.0083786" lon="35.1924657"><ele>237.3</ele><time>2024-02-25T06:54:55Z</time></trkpt>
<trkpt lat="33.0083793" lon="35.1924842"><ele>237.4</ele><time>2024-02-25T06:54:56Z</time></trkpt>
<trkpt lat="33.00838" lon="35.1925029"><ele>237.5</ele><time>2024-02-25T06:54:57Z</time></trkpt>
<trkpt lat="33.0083807" lon="35.1925216"><ele>237.6</ele><time>2024-02-25T06:54:58Z</time></trkpt>
<trkpt lat="33.0083815" lon="35.1925404"><ele>237.6</ele><time>2024-02-25T06:54:59Z</time></trkpt>
<trkpt lat="33.0083822" lon="35.1925591"><ele>237.7</ele><time>2024-02-25T06:55:00Z</time></trkpt>
<trkpt lat="33.0083827" lon="35.1925775"><ele>237.8</ele><time>2024-02-25T06:55:01Z</time></trkpt>
<trkpt lat="33.0083831" lon="35.1925957"><ele>237.8</ele><time>2024-02-25T06:55:02Z</time></trkpt>
<trkpt lat="33.0083831" lon="35.1926137"><ele>237.9</ele><time>2024-02-25T06:55:03Z</time></trkpt>
<trkpt lat="33.0083829" lon="35.1926316"><ele>237.9</ele><time>2024-02-25T06:55:04Z</time></trkpt>
<trkpt lat="33.0083828" lon="35.1926494"><ele>238.0</ele><time>2024-02-25T06:55:05Z</time></trkpt>
<trkpt lat="33.008383" lon="35.1926673"><ele>238.0</ele><time>2024-02-25T06:55:06Z</time></trkpt>
<trkpt lat="33.0083839" lon="35.1926852"><ele>238.0</ele><time>2024-02-25T06:55:07Z</time></trkpt>
<trkpt lat="33.0083855" lon="35.1927033"><ele>238.1</ele><time>2024-02-25T06:55:08Z</time></trkpt>
<trkpt lat="33.0083879" lon="35.1927215"><ele>238.1</ele><time>2024-02-25T06:55:09Z</time></trkpt>
<trkpt lat="33.0083909" lon="35.1927396"><ele>238.2</ele><time>2024-02-25T06:55:10Z</time></trkpt>
<trkpt lat="33.0083941" lon="35.1927576"><ele>238.2</ele><time>2024-02-25T06:55:11Z</time></trkpt>
<trkpt lat="33.0083973" lon="35.1927755"><ele>238.2</ele><time>2024-02-25T06:55:12Z</time></trkpt>
<trkpt lat="33.0084004" lon="35.1927933"><ele>238.3</ele><time>2024-02-25T06:55:13Z</time></trkpt>
<trkpt lat="33.0084034" lon="35.1928112"><ele>238.3</ele><time>2024-02-25T06:55:14Z</time></trkpt>
<trkpt lat="33.0084062" lon="35.1928293"><ele>238.4</ele><time>2024-02-25T06:55:15Z</time></trkpt>
<trkpt lat="33.008409" lon="35.1928477"><ele>238.4</ele><time>2024-02-25T06:55:16Z</time></trkpt>
<trkpt lat="33.0084119" lon="35.1928662"><ele>238.5</ele><time>2024-02-25T06:55:17Z</time></trkpt>
<trkpt lat="33.0084147" lon="35.192885"><ele>238.6</ele><time>2024-02-25T06:55:18Z</time></trkpt>
<trkpt lat="33.0084176" lon="35.1929039"><ele>238.6</ele><time>2024-02-25T06:55:19Z</time></trkpt>
<trkpt lat="33.0084205" lon="35.1929229"><ele>238.7</ele><time>2024-02-25T06:55:20Z</time></trkpt>
<trkpt lat="33.0084237" lon="35.1929419"><ele>238.8</ele><time>2024-02-25T06:55:21Z</time></trkpt>
<trkpt lat="33.0084271" lon="35.1929608"><ele>238.9</ele><time>2024-02-25T06:55:22Z</time></trkpt>
<trkpt lat="33.0084309" lon="35.1929796"><ele>239.0</ele><time>2024-02-25T06:55:23Z</time></trkpt>
<trkpt lat="33.0084351" lon="35.1929983"><ele>239.1</ele><time>2024-02-25T06:55:24Z</time></trkpt>
<trkpt lat="33.0084397" lon="35.193017"><ele>239.2</ele><time>2024-02-25T06:55:25Z</time></trkpt>
<trkpt lat="33.0084447" lon="35.1930354"><ele>239.3</ele><time>2024-02-25T06:55:26Z</time></trkpt>
<trkpt lat="33.0084501" lon="35.1930538"><ele>239.4</ele><time>2024-02-25T06:55:27Z</time></trkpt>
<trkpt lat="33.0084556" lon="35.1930721"><ele>239.5</ele><time>2024-02-25T06:55:28Z</time></trkpt>
<trkpt lat="33.008461" lon="35.1930905"><ele>239.6</ele><time>2024-02-25T06:55:29Z</time></trkpt>
<trkpt lat="33.008466" lon="35.1931091"><ele>239.7</ele><time>2024-02-25T06:55:30Z</time></trkpt>
<trkpt lat="33.0084704" lon="35.1931277"><ele>239.8</ele><time>2024-02-25T06:55:31Z</time></trkpt>
<trkpt lat="33.0084741" lon="35.1931464"><ele>239.9</ele><time>2024-02-25T06:55:32Z</time></trkpt>
<trkpt lat="33.008477" lon="35.1931651"><ele>240.0</ele><time>2024-02-25T06:55:33Z</time></trkpt>
<trkpt lat="33.0084793" lon="35.1931837"><ele>240.1</ele><time>2024-02-25T06:55:34Z</time></trkpt>
<trkpt lat="33.0084811" lon="35.1932021"><ele>240.2</ele><time>2024-02-25T06:55:35Z</time></trkpt>
<trkpt lat="33.0084828" lon="35.1932202"><ele>240.2</ele><time>2024-02-25T06:55:36Z</time></trkpt>
<trkpt lat="33.0084844" lon="35.193238"><ele>240.3</ele><time>2024-02-25T06:55:37Z</time></trkpt>
<trkpt lat="33.0084864" lon="35.1932556"><ele>240.4</ele><time>2024-02-25T06:55:38Z</time></trkpt>
<trkpt lat="33.0084888" lon="35.1932729"><ele>240.5</ele><time>2024-02-25T06:55:39Z</time></trkpt>
<trkpt lat="33.0084915" lon="35.1932902"><ele>240.6</ele><time>2024-02-25T06:55:40Z</time></trkpt>
<trkpt lat="33.0084944" lon="35.1933076"><ele>240.7</ele><time>2024-02-25T06:55:41Z</time></trkpt>
<trkpt lat="33.0084972" lon="35.193325"><ele>240.8</ele><time>2024-02-25T06:55:42Z</time></trkpt>
<trkpt lat="33.0084996" lon="35.1933424"><ele>240.9</ele><time>2024-02-25T06:55:43Z</time></trkpt>
<trkpt lat="33.0085015" lon="35.1933599"><ele>241.0</ele><time>2024-02-25T06:55:44Z</time></trkpt>
<trkpt lat="33.008503" lon="35.1933773"><ele>241.1</ele><time>2024-02-25T06:55:45Z</time></trkpt>
<trkpt lat="33.0085039" lon="35.1933945"><ele>241.2</ele><time>2024-02-25T06:55:46Z</time></trkpt>
<trkpt lat="33.0085047" lon="35.1934113"><ele>241.4</ele><time>2024-02-25T06:55:47Z</time></trkpt>
<trkpt lat="33.0085056" lon="35.1934276"><ele>241.5</ele><time>2024-02-25T06:55:48Z</time></trkpt>
<trkpt lat="33.0085069" lon="35.1934434"><ele>241.6</ele><time>2024-02-25T06:55:49Z</time></trkpt>
<trkpt lat="33.008509" lon="35.1934586"><ele>241.7</ele><time>2024-02-25T06:55:50Z</time></trkpt>
<trkpt lat="33.0085119" lon="35.1934734"><ele>241.8</ele><time>2024-02-25T06:55:51Z</time></trkpt>
<trkpt lat="33.0085156" lon="35.1934881"><ele>241.9</ele><time>2024-02-25T06:55:52Z</time></trkpt>
<trkpt lat="33.0085199" lon="35.193503"><ele>242.1</ele><time>2024-02-25T06:55:53Z</time></trkpt>
<trkpt lat="33.0085244" lon="35.1935181"><ele>242.2</ele><time>2024-02-25T06:55:54Z</time></trkpt>
<trkpt lat="33.0085289" lon="35.1935337"><ele>242.3</ele><time>2024-02-25T06:55:55Z</time></trkpt>
<trkpt lat="33.0085333" lon="35.1935499"><ele>242.5</ele><time>2024-02-25T06:55:56Z</time></trkpt>
<trkpt lat="33.0085376" lon="35.1935665"><ele>242.6</ele><time>2024-02-25T06:55:57Z</time></trkpt>
<trkpt lat="33.0085417" lon="35.1935837"><ele>242.7</ele><time>2024-02-25T06:55:58Z</time></trkpt>
<trkpt lat="33.0085455" lon="35.1936014"><ele>242.9</ele><time>2024-02-25T06:55:59Z</time></trkpt>
<trkpt lat="33.0085491" lon="35.1936197"><ele>243.0</ele><time>2024-02-25T06:56:00Z</time></trkpt>
<trkpt lat="33.0085524" lon="35.1936387"><ele>243.2</ele><time>2024-02-25T06:56:01Z</time></trkpt>
<trkpt lat="33.0085554" lon="35.1936583"><ele>243.3</ele><time>2024-02-25T06:56:02Z</time></trkpt>
<trkpt lat="33.0085581" lon="35.1936784"><ele>243.5</ele><time>2024-02-25T06:56:03Z</time></trkpt>
<trkpt lat="33.0085603" lon="35.1936988"><ele>243.6</ele><time>2024-02-25T06:56:04Z</time></trkpt>
<trkpt lat="33.0085622" lon="35.1937191"><ele>243.8</ele><time>2024-02-25T06:56:05Z</time></trkpt>
<trkpt lat="33.0085638" lon="35.1937391"><ele>243.9</ele><time>2024-02-25T06:56:06Z</time></trkpt>
<trkpt lat="33.0085651" lon="35.1937586"><ele>244.1</ele><time>2024-02-25T06:56:07Z</time></trkpt>
<trkpt lat="33.0085662" lon="35.1937776"><ele>244.2</ele><time>2024-02-25T06:56:08Z</time></trkpt>
<trkpt lat="33.0085672" lon="35.1937962"><ele>244.4</ele><time>2024-02-25T06:56:09Z</time></trkpt>
<trkpt lat="33.0085679" lon="35.1938145"><ele>244.5</ele><time>2024-02-25T06:56:10Z</time></trkpt>
<trkpt lat="33.0085685" lon="35.1938325"><ele>244.7</ele><time>2024-02-25T06:56:11Z</time></trkpt>
<trkpt lat="33.0085688" lon="35.1938505"><ele>244.8</ele><time>2024-02-25T06:56:12Z</time></trkpt>
<trkpt lat="33.0085691" lon="35.1938684"><ele>244.9</ele><time>2024-02-25T06:56:13Z</time></trkpt>
<trkpt lat="33.0085694" lon="35.1938864"><ele>245.0</ele><time>2024-02-25T06:56:14Z</time></trkpt>
<trkpt lat="33.0085697" lon="35.1939046"><ele>245.2</ele><time>2024-02-25T06:56:15Z</time></trkpt>
<trkpt lat="33.0085702" lon="35.1939231"><ele>245.3</ele><time>2024-02-25T06:56:16Z</time></trkpt>
<trkpt lat="33.0085707" lon="35.193942"><ele>245.4</ele><time>2024-02-25T06:56:17Z</time></trkpt>
<trkpt lat="33.0085714" lon="35.1939614"><ele>245.4</ele><time>2024-02-25T06:56:18Z</time></trkpt>
<trkpt lat="33.0085721" lon="35.193981"><ele>245.5</ele><time>2024-02-25T06:56:19Z</time></trkpt>
<trkpt lat="33.008573" lon="35.1940008"><ele>245.6</ele><time>2024-02-25T06:56:20Z</time></trkpt>
<trkpt lat="33.0085742" lon="35.1940206"><ele>245.7</ele><time>2024-02-25T06:56:21Z</time></trkpt>
<trkpt lat="33.0085757" lon="35.1940401"><ele>245.7</ele><time>2024-02-25T06:56:22Z</time></trkpt>
<trkpt lat="33.0085776" lon="35.1940593"><ele>245.7</ele><time>2024-02-25T06:56:23Z</time></trkpt>
<trkpt lat="33.00858" lon="35.1940781"><ele>245.8</ele><time>2024-02-25T06:56:24Z</time></trkpt>
<trkpt lat="33.0085829" lon="35.1940965"><ele>245.8</ele><time>2024-02-25T06:56:25Z</time></trkpt>
<trkpt lat="33.0085862" lon="35.1941145"><ele>245.8</ele><time>2024-02-25T06:56:26Z</time></trkpt>
<trkpt lat="33.0085897" lon="35.1941321"><ele>245.9</ele><time>2024-02-25T06:56:27Z</time></trkpt>
<trkpt lat="33.0085932" lon="35.1941495"><ele>245.9</ele><time>2024-02-25T06:56:28Z</time></trkpt>
<trkpt lat="33.0085969" lon="35.1941669"><ele>245.9</ele><time>2024-02-25T06:56:29Z</time></trkpt>
<trkpt lat="33.0086007" lon="35.1941845"><ele>245.9</ele><time>2024-02-25T06:56:30Z</time></trkpt>
<trkpt lat="33.0086049" lon="35.1942025"><ele>246.0</ele><time>2024-02-25T06:56:31Z</time></trkpt>
<trkpt lat="33.0086098" lon="35.1942208"><ele>246.0</ele><time>2024-02-25T06:56:32Z</time></trkpt>
<trkpt lat="33.0086154" lon="35.1942393"><ele>246.1</ele><time>2024-02-25T06:56:33Z</time></trkpt>
<trkpt lat="33.0086217" lon="35.1942576"><ele>246.2</ele><time>2024-02-25T06:56:34Z</time></trkpt>
<trkpt lat="33.0086285" lon="35.1942756"><ele>246.3</ele><time>2024-02-25T06:56:35Z</time></trkpt>
<trkpt lat="33.0086355" lon="35.1942931"><ele>246.4</ele><time>2024-02-25T06:56:36Z</time></trkpt>
<trkpt lat="33.0086429" lon="35.1943102"><ele>246.5</ele><time>2024-02-25T06:56:37Z</time></trkpt>
<trkpt lat="33.0086505" lon="35.1943269"><ele>246.6</ele><time>2024-02-25T06:56:38Z</time></trkpt>
<trkpt lat="33.0086584" lon="35.1943432"><ele>246.7</ele><time>2024-02-25T06:56:39Z</time></trkpt>
<trkpt lat="33.0086664" lon="35.1943593"><ele>246.9</ele><time>2024-02-25T06:56:40Z</time></trkpt>
<trkpt lat="33.0086746" lon="35.1943752"><ele>247.0</ele><time>2024-02-25T06:56:41Z</time></trkpt>
<trkpt lat="33.0086828" lon="35.1943909"><ele>247.1</ele><time>2024-02-25T06:56:42Z</time></trkpt>
<trkpt lat="33.008691" lon="35.1944065"><ele>247.3</ele><time>2024-02-25T06:56:43Z</time></trkpt>
<trkpt lat="33.0086992" lon="35.194422"><ele>247.4</ele><time>2024-02-25T06:56:44Z</time></trkpt>
<trkpt lat="33.0087074" lon="35.1944374"><ele>247.6</ele><time>2024-02-25T06:56:45Z</time></trkpt>
<trkpt lat="33.0087156" lon="35.1944528"><ele>247.7</ele><time>2024-02-25T06:56:46Z</time></trkpt>
<trkpt lat="33.0087238" lon="35.1944681"><ele>247.9</ele><time>2024-02-25T06:56:47Z</time></trkpt>
<trkpt lat="33.008732" lon="35.1944834"><ele>248.0</ele><time>2024-02-25T06:56:48Z</time></trkpt>
<trkpt lat="33.0087399" lon="35.1944988"><ele>248.2</ele><time>2024-02-25T06:56:49Z</time></trkpt>
<trkpt lat="33.0087474" lon="35.1945143"><ele>248.3</ele><time>2024-02-25T06:56:50Z</time></trkpt>
<trkpt lat="33.0087544" lon="35.1945298"><ele>248.5</ele><time>2024-02-25T06:56:51Z</time></trkpt>
<trkpt lat="33.0087608" lon="35.1945452"><ele>248.6</ele><time>2024-02-25T06:56:52Z</time></trkpt>
<trkpt lat="33.0087668" lon="35.1945602"><ele>248.7</ele><time>2024-02-25T06:56:53Z</time></trkpt>
<trkpt lat="33.0087724" lon="35.194575"><ele>248.9</ele><time>2024-02-25T06:56:54Z</time></trkpt>
<trkpt lat="33.0087777" lon="35.1945896"><ele>249.0</ele><time>2024-02-25T06:56:55Z</time></trkpt>
<trkpt lat="33.0087829" lon="35.194604"><ele>249.2</ele><time>2024-02-25T06:56:56Z</time></trkpt>
<trkpt lat="33.0087882" lon="35.1946183"><ele>249.3</ele><time>2024-02-25T06:56:57Z</time></trkpt>
<trkpt lat="33.0087938" lon="35.1946325"><ele>249.4</ele><time>2024-02-25T06:56:58Z</time></trkpt>
<trkpt lat="33.0087997" lon="35.1946467"><ele>249.6</ele><time>2024-02-25T06:56:59Z</time></trkpt>
<trkpt lat="33.0088059" lon="35.194661"><ele>249.7</ele><time>2024-02-25T06:57:00Z</time></trkpt>
<trkpt lat="33.0088122" lon="35.1946755"><ele>249.8</ele><time>2024-02-25T06:57:01Z</time></trkpt>
<trkpt lat="33.0088187" lon="35.1946903"><ele>250.0</ele><time>2024-02-25T06:57:02Z</time></trkpt>
<trkpt lat="33.0088254" lon="35.1947055"><ele>250.1</ele><time>2024-02-25T06:57:03Z</time></trkpt>
<trkpt lat="33.0088321" lon="35.194721"><ele>250.3</ele><time>2024-02-25T06:57:04Z</time></trkpt>
<trkpt lat="33.0088392" lon="35.194737"><ele>250.4</ele><time>2024-02-25T06:57:05Z</time></trkpt>
<trkpt lat="33.0088467" lon="35.1947532"><ele>250.5</ele><time>2024-02-25T06:57:06Z</time></trkpt>
<trkpt lat="33.0088549" lon="35.1947698"><ele>250.7</ele><time>2024-02-25T06:57:07Z</time></trkpt>
<trkpt lat="33.0088637" lon="35.1947864"><ele>250.8</ele><time>2024-02-25T06:57:08Z</time></trkpt>
<trkpt lat="33.008873" lon="35.1948029"><ele>251.0</ele><time>2024-02-25T06:57:09Z</time></trkpt>
<trkpt lat="33.0088824" lon="35.1948192"><ele>251.1</ele><time>2024-02-25T06:57:10Z</time></trkpt>
<trkpt lat="33.0088918" lon="35.1948351"><ele>251.2</ele><time>2024-02-25T06:57:11Z</time></trkpt>
<trkpt lat="33.0089011" lon="35.1948507"><ele>251.3</ele><time>2024-02-25T06:57:12Z</time></trkpt>
<trkpt lat="33.0089102" lon="35.1948661"><ele>251.5</ele><time>2024-02-25T06:57:13Z</time></trkpt>
<trkpt lat="33.008919" lon="35.1948814"><ele>251.6</ele><time>2024-02-25T06:57:14Z</time></trkpt>
<trkpt lat="33.0089273" lon="35.1948965"><ele>251.7</ele><time>2024-02-25T06:57:15Z</time></trkpt>
<trkpt lat="33.0089352" lon="35.1949116"><ele>251.8</ele><time>2024-02-25T06:57:16Z</time></trkpt>
<trkpt lat="33.0089426" lon="35.1949267"><ele>251.9</ele><time>2024-02-25T06:57:17Z</time></trkpt>
<trkpt lat="33.0089495" lon="35.1949418"><ele>252.0</ele><time>2024-02-25T06:57:18Z</time></trkpt>
<trkpt lat="33.008956" lon="35.1949568"><ele>252.0</ele><time>2024-02-25T06:57:19Z</time></trkpt>
<trkpt lat="33.0089623" lon="35.194972"><ele>252.1</ele><time>2024-02-25T06:57:20Z</time></trkpt>
<trkpt lat="33.0089685" lon="35.1949873"><ele>252.2</ele><time>2024-02-25T06:57:21Z</time></trkpt>
<trkpt lat="33.0089749" lon="35.1950028"><ele>252.2</ele><time>2024-02-25T06:57:22Z</time></trkpt>
<trkpt lat="33.0089818" lon="35.1950184"><ele>252.3</ele><time>2024-02-25T06:57:23Z</time></trkpt>
<trkpt lat="33.0089891" lon="35.1950344"><ele>252.3</ele><time>2024-02-25T06:57:24Z</time></trkpt>
<trkpt lat="33.0089966" lon="35.1950506"><ele>252.4</ele><time>2024-02-25T06:57:25Z</time></trkpt>
<trkpt lat="33.009004" lon="35.1950669"><ele>252.4</ele><time>2024-02-25T06:57:26Z</time></trkpt>
<trkpt lat="33.0090112" lon="35.1950835"><ele>252.4</ele><time>2024-02-25T06:57:27Z</time></trkpt>
<trkpt lat="33.0090178" lon="35.1951001"><ele>252.5</ele><time>2024-02-25T06:57:28Z</time></trkpt>
<trkpt lat="33.0090237" lon="35.1951168"><ele>252.5</ele><time>2024-02-25T06:57:29Z</time></trkpt>
<trkpt lat="33.009029" lon="35.1951338"><ele>252.5</ele><time>2024-02-25T06:57:30Z</time></trkpt>
<trkpt lat="33.0090339" lon="35.1951508"><ele>252.6</ele><time>2024-02-25T06:57:31Z</time></trkpt>
<trkpt lat="33.0090387" lon="35.1951677"><ele>252.6</ele><time>2024-02-25T06:57:32Z</time></trkpt>
<trkpt lat="33.0090438" lon="35.1951845"><ele>252.6</ele><time>2024-02-25T06:57:33Z</time></trkpt>
<trkpt lat="33.0090494" lon="35.1952011"><ele>252.7</ele><time>2024-02-25T06:57:34Z</time></trkpt>
<trkpt lat="33.0090554" lon="35.1952175"><ele>252.7</ele><time>2024-02-25T06:57:35Z</time></trkpt>
<trkpt lat="33.009062" lon="35.1952339"><ele>252.8</ele><time>2024-02-25T06:57:36Z</time></trkpt>
<trkpt lat="33.0090691" lon="35.1952504"><ele>252.8</ele><time>2024-02-25T06:57:37Z</time></trkpt>
<trkpt lat="33.0090765" lon="35.1952669"><ele>252.9</ele><time>2024-02-25T06:57:38Z</time></trkpt>
<trkpt lat="33.0090839" lon="35.1952836"><ele>252.9</ele><time>2024-02-25T06:57:39Z</time></trkpt>
<trkpt lat="33.0090912" lon="35.1953004"><ele>253.0</ele><time>2024-02-25T06:57:40Z</time></trkpt>
<trkpt lat="33.0090981" lon="35.1953172"><ele>253.1</ele><time>2024-02-25T06:57:41Z</time></trkpt>
<trkpt lat="33.0091048" lon="35.1953339"><ele>253.2</ele><time>2024-02-25T06:57:42Z</time></trkpt>
<trkpt lat="33.009111" lon="35.1953505"><ele>253.3</ele><time>2024-02-25T06:57:43Z</time></trkpt>
<trkpt lat="33.0091167" lon="35.1953669"><ele>253.4</ele><time>2024-02-25T06:57:44Z</time></trkpt>
<trkpt lat="33.0091219" lon="35.1953831"><ele>253.5</ele><time>2024-02-25T06:57:45Z</time></trkpt>
<trkpt lat="33.0091267" lon="35.1953992"><ele>253.6</ele><time>2024-02-25T06:57:46Z</time></trkpt>
<trkpt lat="33.0091314" lon="35.1954151"><ele>253.7</ele><time>2024-02-25T06:57:47Z</time></trkpt>
<trkpt lat="33.0091362" lon="35.1954307"><ele>253.9</ele><time>2024-02-25T06:57:48Z</time></trkpt>
<trkpt lat="33.0091412" lon="35.1954462"><ele>254.0</ele><time>2024-02-25T06:57:49Z</time></trkpt>
<trkpt lat="33.0091464" lon="35.1954617"><ele>254.1</ele><time>2024-02-25T06:57:50Z</time></trkpt>
<trkpt lat="33.0091517" lon="35.1954773"><ele>254.3</ele><time>2024-02-25T06:57:51Z</time></trkpt>
<trkpt lat="33.0091572" lon="35.1954932"><ele>254.4</ele><time>2024-02-25T06:57:52Z</time></trkpt>
<trkpt lat="33.0091628" lon="35.1955097"><ele>254.6</ele><time>2024-02-25T06:57:53Z</time></trkpt>
<trkpt lat="33.0091686" lon="35.1955265"><ele>254.7</ele><time>2024-02-25T06:57:54Z</time></trkpt>
<trkpt lat="33.0091745" lon="35.1955438"><ele>254.9</ele><time>2024-02-25T06:57:55Z</time></trkpt>
<trkpt lat="33.0091807" lon="35.1955613"><ele>255.0</ele><time>2024-02-25T06:57:56Z</time></trkpt>
<trkpt lat="33.0091869" lon="35.1955788"><ele>255.2</ele><time>2024-02-25T06:57:57Z</time></trkpt>
<trkpt lat="33.009193" lon="35.1955963"><ele>255.3</ele><time>2024-02-25T06:57:58Z</time></trkpt>
<trkpt lat="33.0091988" lon="35.1956137"><ele>255.4</ele><time>2024-02-25T06:57:59Z</time></trkpt>
<trkpt lat="33.0092043" lon="35.195631"><ele>255.6</ele><time>2024-02-25T06:58:00Z</time></trkpt>
<trkpt lat="33.0092094" lon="35.1956482"><ele>255.7</ele><time>2024-02-25T06:58:01Z</time></trkpt>
<trkpt lat="33.0092145" lon="35.1956655"><ele>255.8</ele><time>2024-02-25T06:58:02Z</time></trkpt>
<trkpt lat="33.0092196" lon="35.1956827"><ele>255.9</ele><time>2024-02-25T06:58:03Z</time></trkpt>
<trkpt lat="33.009225" lon="35.1956998"><ele>256.0</ele><time>2024-02-25T06:58:04Z</time></trkpt>
<trkpt lat="33.0092306" lon="35.1957168"><ele>256.0</ele><time>2024-02-25T06:58:05Z</time></trkpt>
<trkpt lat="33.0092363" lon="35.1957337"><ele>256.1</ele><time>2024-02-25T06:58:06Z</time></trkpt>
<trkpt lat="33.0092423" lon="35.1957503"><ele>256.2</ele><time>2024-02-25T06:58:07Z</time></trkpt>
<trkpt lat="33.0092488" lon="35.1957669"><ele>256.2</ele><time>2024-02-25T06:58:08Z</time></trkpt>
<trkpt lat="33.0092559" lon="35.1957835"><ele>256.3</ele><time>2024-02-25T06:58:09Z</time></trkpt>
<trkpt lat="33.0092636" lon="35.1958001"><ele>256.4</ele><time>2024-02-25T06:58:10Z</time></trkpt>
<trkpt lat="33.0092716" lon="35.1958165"><ele>256.4</ele><time>2024-02-25T06:58:11Z</time></trkpt>
<trkpt lat="33.0092795" lon="35.1958329"><ele>256.5</ele><time>2024-02-25T06:58:12Z</time></trkpt>
<trkpt lat="33.0092871" lon="35.1958491"><ele>256.5</ele><time>2024-02-25T06:58:13Z</time></trkpt>
<trkpt lat="33.0092942" lon="35.1958654"><ele>256.6</ele><time>2024-02-25T06:58:14Z</time></trkpt>
<trkpt lat="33.0093009" lon="35.1958818"><ele>256.6</ele><time>2024-02-25T06:58:15Z</time></trkpt>
<trkpt lat="33.0093072" lon="35.1958983"><ele>256.7</ele><time>2024-02-25T06:58:16Z</time></trkpt>
<trkpt lat="33.0093131" lon="35.1959152"><ele>256.8</ele><time>2024-02-25T06:58:17Z</time></trkpt>
<trkpt lat="33.0093187" lon="35.1959322"><ele>256.8</ele><time>2024-02-25T06:58:18Z</time></trkpt>
<trkpt lat="33.0093239" lon="35.1959496"><ele>256.9</ele><time>2024-02-25T06:58:19Z</time></trkpt>
<trkpt lat="33.0093287" lon="35.1959671"><ele>257.0</ele><time>2024-02-25T06:58:20Z</time></trkpt>
<trkpt lat="33.0093332" lon="35.1959845"><ele>257.1</ele><time>2024-02-25T06:58:21Z</time></trkpt>
<trkpt lat="33.0093376" lon="35.1960019"><ele>257.2</ele><time>2024-02-25T06:58:22Z</time></trkpt>
<trkpt lat="33.009342" lon="35.196019"><ele>257.3</ele><time>2024-02-25T06:58:23Z</time></trkpt>
<trkpt lat="33.0093466" lon="35.196036"><ele>257.4</ele><time>2024-02-25T06:58:24Z</time></trkpt>
<trkpt lat="33.0093517" lon="35.1960529"><ele>257.5</ele><time>2024-02-25T06:58:25Z</time></trkpt>
<trkpt lat="33.0093572" lon="35.1960699"><ele>257.6</ele><time>2024-02-25T06:58:26Z</time></trkpt>
<trkpt lat="33.0093631" lon="35.1960871"><ele>257.7</ele><time>2024-02-25T06:58:27Z</time></trkpt>
<trkpt lat="33.0093694" lon="35.1961045"><ele>257.8</ele><time>2024-02-25T06:58:28Z</time></trkpt>
<trkpt lat="33.0093756" lon="35.1961221"><ele>257.9</ele><time>2024-02-25T06:58:29Z</time></trkpt>
<trkpt lat="33.0093813" lon="35.1961399"><ele>258.0</ele><time>2024-02-25T06:58:30Z</time></trkpt>
<trkpt lat="33.0093863" lon="35.1961578"><ele>258.1</ele><time>2024-02-25T06:58:31Z</time></trkpt>
<trkpt lat="33.0093905" lon="35.1961758"><ele>258.2</ele><time>2024-02-25T06:58:32Z</time></trkpt>
<trkpt lat="33.0093941" lon="35.1961938"><ele>258.3</ele><time>2024-02-25T06:58:33Z</time></trkpt>
<trkpt lat="33.0093975" lon="35.1962116"><ele>258.4</ele><time>2024-02-25T06:58:34Z</time></trkpt>
<trkpt lat="33.009401" lon="35.1962292"><ele>258.5</ele><time>2024-02-25T06:58:35Z</time></trkpt>
<trkpt lat="33.0094048" lon="35.1962464"><ele>258.6</ele><time>2024-02-25T06:58:36Z</time></trkpt>
<trkpt lat="33.009409" lon="35.1962633"><ele>258.7</ele><time>2024-02-25T06:58:37Z</time></trkpt>
<trkpt lat="33.0094134" lon="35.1962801"><ele>258.8</ele><time>2024-02-25T06:58:38Z</time></trkpt>
<trkpt lat="33.0094183" lon="35.1962968"><ele>258.9</ele><time>2024-02-25T06:58:39Z</time></trkpt>
<trkpt lat="33.0094234" lon="35.1963136"><ele>259.0</ele><time>2024-02-25T06:58:40Z</time></trkpt>
<trkpt lat="33.0094288" lon="35.1963306"><ele>259.1</ele><time>2024-02-25T06:58:41Z</time></trkpt>
<trkpt lat="33.0094344" lon="35.1963477"><ele>259.2</ele><time>2024-02-25T06:58:42Z</time></trkpt>
<trkpt lat="33.0094398" lon="35.1963649"><ele>259.3</ele><time>2024-02-25T06:58:43Z</time></trkpt>
<trkpt lat="33.0094448" lon="35.1963823"><ele>259.3</ele><time>2024-02-25T06:58:44Z</time></trkpt>
<trkpt lat="33.0094494" lon="35.1964"><ele>259.4</ele><time>2024-02-25T06:58:45Z</time></trkpt>
<trkpt lat="33.0094537" lon="35.1964179"><ele>259.5</ele><time>2024-02-25T06:58:46Z</time></trkpt>
<trkpt lat="33.009458" lon="35.1964359"><ele>259.6</ele><time>2024-02-25T06:58:47Z</time></trkpt>
<trkpt lat="33.0094627" lon="35.196454"><ele>259.7</ele><time>2024-02-25T06:58:48Z</time></trkpt>
<trkpt lat="33.0094677" lon="35.1964721"><ele>259.8</ele><time>2024-02-25T06:58:49Z</time></trkpt>
<trkpt lat="33.0094734" lon="35.1964902"><ele>259.8</ele><time>2024-02-25T06:58:50Z</time></trkpt>
<trkpt lat="33.0094796" lon="35.1965082"><ele>259.9</ele><time>2024-02-25T06:58:51Z</time></trkpt>
<trkpt lat="33.0094863" lon="35.1965261"><ele>260.0</ele><time>2024-02-25T06:58:52Z</time></trkpt>
<trkpt lat="33.0094935" lon="35.1965438"><ele>260.1</ele><time>2024-02-25T06:58:53Z</time></trkpt>
<trkpt lat="33.0095008" lon="35.1965613"><ele>260.2</ele><time>2024-02-25T06:58:54Z</time></trkpt>
<trkpt lat="33.0095081" lon="35.1965786"><ele>260.2</ele><time>2024-02-25T06:58:55Z</time></trkpt>
<trkpt lat="33.0095152" lon="35.1965957"><ele>260.3</ele><time>2024-02-25T06:58:56Z</time></trkpt>
<trkpt lat="33.009522" lon="35.1966126"><ele>260.4</ele><time>2024-02-25T06:58:57Z</time></trkpt>
<trkpt lat="33.0095283" lon="35.1966295"><ele>260.5</ele><time>2024-02-25T06:58:58Z</time></trkpt>
<trkpt lat="33.0095339" lon="35.1966463"><ele>260.5</ele><time>2024-02-25T06:58:59Z</time></trkpt>
<trkpt lat="33.009539" lon="35.1966631"><ele>260.6</ele><time>2024-02-25T06:59:00Z</time></trkpt>
<trkpt lat="33.0095438" lon="35.19668"><ele>260.7</ele><time>2024-02-25T06:59:01Z</time></trkpt>
<trkpt lat="33.0095486" lon="35.1966969"><ele>260.8</ele><time>2024-02-25T06:59:02Z</time></trkpt>
<trkpt lat="33.0095533" lon="35.196714"><ele>260.9</ele><time>2024-02-25T06:59:03Z</time></trkpt>
<trkpt lat="33.0095581" lon="35.1967311"><ele>261.0</ele><time>2024-02-25T06:59:04Z</time></trkpt>
<trkpt lat="33.0095627" lon="35.1967485"><ele>261.1</ele><time>2024-02-25T06:59:05Z</time></trkpt>
<trkpt lat="33.0095671" lon="35.1967661"><ele>261.2</ele><time>2024-02-25T06:59:06Z</time></trkpt>
<trkpt lat="33.009571" lon="35.1967841"><ele>261.3</ele><time>2024-02-25T06:59:07Z</time></trkpt>
<trkpt lat="33.0095744" lon="35.1968024"><ele>261.4</ele><time>2024-02-25T06:59:08Z</time></trkpt>
<trkpt lat="33.0095773" lon="35.1968209"><ele>261.5</ele><time>2024-02-25T06:59:09Z</time></trkpt>
<trkpt lat="33.0095798" lon="35.1968396"><ele>261.6</ele><time>2024-02-25T06:59:10Z</time></trkpt>
<trkpt lat="33.0095823" lon="35.1968585"><ele>261.7</ele><time>2024-02-25T06:59:11Z</time></trkpt>
<trkpt lat="33.0095849" lon="35.1968776"><ele>261.9</ele><time>2024-02-25T06:59:12Z</time></trkpt>
<trkpt lat="33.009588" lon="35.1968968"><ele>262.0</ele><time>2024-02-25T06:59:13Z</time></trkpt>
<trkpt lat="33.0095917" lon="35.196916"><ele>262.1</ele><time>2024-02-25T06:59:14Z</time></trkpt>
<trkpt lat="33.0095962" lon="35.1969352"><ele>262.3</ele><time>2024-02-25T06:59:15Z</time></trkpt>
<trkpt lat="33.0096014" lon="35.1969544"><ele>262.4</ele><time>2024-02-25T06:59:16Z</time></trkpt>
<trkpt lat="33.0096075" lon="35.1969735"><ele>262.5</ele><time>2024-02-25T06:59:17Z</time></trkpt>
<trkpt lat="33.0096141" lon="35.1969926"><ele>262.7</ele><time>2024-02-25T06:59:18Z</time></trkpt>
<trkpt lat="33.0096211" lon="35.1970115"><ele>262.8</ele><time>2024-02-25T06:59:19Z</time></trkpt>
<trkpt lat="33.0096283" lon="35.1970303"><ele>262.9</ele><time>2024-02-25T06:59:20Z</time></trkpt>
<trkpt lat="33.0096356" lon="35.1970488"><ele>263.1</ele><time>2024-02-25T06:59:21Z</time></trkpt>
<trkpt lat="33.0096425" lon="35.197067"><ele>263.2</ele><time>2024-02-25T06:59:22Z</time></trkpt>
<trkpt lat="33.009649" lon="35.1970848"><ele>263.3</ele><time>2024-02-25T06:59:23Z</time></trkpt>
<trkpt lat="33.0096546" lon="35.1971021"><ele>263.4</ele><time>2024-02-25T06:59:24Z</time></trkpt>
<trkpt lat="33.009659" lon="35.1971192"><ele>263.5</ele><time>2024-02-25T06:59:25Z</time></trkpt>
<trkpt lat="33.009662" lon="35.1971361"><ele>263.6</ele><time>2024-02-25T06:59:26Z</time></trkpt>
<trkpt lat="33.0096631" lon="35.197153"><ele>263.7</ele><time>2024-02-25T06:59:27Z</time></trkpt>
<trkpt lat="33.0096623" lon="35.1971701"><ele>263.8</ele><time>2024-02-25T06:59:28Z</time></trkpt>
<trkpt lat="33.00966" lon="35.1971874"><ele>263.9</ele><time>2024-02-25T06:59:29Z</time></trkpt>
<trkpt lat="33.0096567" lon="35.1972048"><ele>264.0</ele><time>2024-02-25T06:59:30Z</time></trkpt>
<trkpt lat="33.0096533" lon="35.1972224"><ele>264.1</ele><time>2024-02-25T06:59:31Z</time></trkpt>
<trkpt lat="33.0096505" lon="35.1972399"><ele>264.2</ele><time>2024-02-25T06:59:32Z</time></trkpt>
<trkpt lat="33.0096487" lon="35.1972573"><ele>264.3</ele><time>2024-02-25T06:59:33Z</time></trkpt>
<trkpt lat="33.0096478" lon="35.1972745"><ele>264.4</ele><time>2024-02-25T06:59:34Z</time></trkpt>
<trkpt lat="33.0096474" lon="35.1972916"><ele>264.5</ele><time>2024-02-25T06:59:35Z</time></trkpt>
<trkpt lat="33.009647" lon="35.1973084"><ele>264.6</ele><time>2024-02-25T06:59:36Z</time></trkpt>
<trkpt lat="33.0096463" lon="35.1973249"><ele>264.7</ele><time>2024-02-25T06:59:37Z</time></trkpt>
<trkpt lat="33.0096451" lon="35.1973409"><ele>264.9</ele><time>2024-02-25T06:59:38Z</time></trkpt>
<trkpt lat="33.0096434" lon="35.1973566"><ele>265.0</ele><time>2024-02-25T06:59:39Z</time></trkpt>
<trkpt lat="33.0096416" lon="35.197372"><ele>265.1</ele><time>2024-02-25T06:59:40Z</time></trkpt>
<trkpt lat="33.0096398" lon="35.1973873"><ele>265.2</ele><time>2024-02-25T06:59:41Z</time></trkpt>
<trkpt lat="33.0096383" lon="35.1974028"><ele>265.4</ele><time>2024-02-25T06:59:42Z</time></trkpt>
<trkpt lat="33.0096371" lon="35.1974185"><ele>265.5</ele><time>2024-02-25T06:59:43Z</time></trkpt>
<trkpt lat="33.0096364" lon="35.1974347"><ele>265.7</ele><time>2024-02-25T06:59:44Z</time></trkpt>
<trkpt lat="33.0096361" lon="35.1974515"><ele>265.8</ele><time>2024-02-25T06:59:45Z</time></trkpt>
<trkpt lat="33.009636" lon="35.1974688"><ele>265.9</ele><time>2024-02-25T06:59:46Z</time></trkpt>
<trkpt lat="33.0096357" lon="35.1974865"><ele>266.1</ele><time>2024-02-25T06:59:47Z</time></trkpt>
<trkpt lat="33.0096352" lon="35.1975045"><ele>266.2</ele><time>2024-02-25T06:59:48Z</time></trkpt>
<trkpt lat="33.0096341" lon="35.1975227"><ele>266.3</ele><time>2024-02-25T06:59:49Z</time></trkpt>
<trkpt lat="33.0096323" lon="35.1975407"><ele>266.4</ele><time>2024-02-25T06:59:50Z</time></trkpt>
<trkpt lat="33.0096301" lon="35.1975586"><ele>266.6</ele><time>2024-02-25T06:59:51Z</time></trkpt>
<trkpt lat="33.0096275" lon="35.1975762"><ele>266.7</ele><time>2024-02-25T06:59:52Z</time></trkpt>
<trkpt lat="33.0096251" lon="35.1975936"><ele>266.8</ele><time>2024-02-25T06:59:53Z</time></trkpt>
<trkpt lat="33.0096229" lon="35.1976108"><ele>266.9</ele><time>2024-02-25T06:59:54Z</time></trkpt>
<trkpt lat="33.0096212" lon="35.197628"><ele>266.9</ele><time>2024-02-25T06:59:55Z</time></trkpt>
<trkpt lat="33.0096198" lon="35.197645"><ele>267.0</ele><time>2024-02-25T06:59:56Z</time></trkpt>
<trkpt lat="33.0096184" lon="35.197662"><ele>267.1</ele><time>2024-02-25T06:59:57Z</time></trkpt>
<trkpt lat="33.0096168" lon="35.1976788"><ele>267.2</ele><time>2024-02-25T06:59:58Z</time></trkpt>
<trkpt lat="33.0096151" lon="35.1976955"><ele>267.2</ele><time>2024-02-25T06:59:59Z</time></trkpt>
<trkpt lat="33.0096134" lon="35.1977121"><ele>267.3</ele><time>2024-02-25T07:00:00Z</time></trkpt>
<trkpt lat="33.009612" lon="35.1977288"><ele>267.4</ele><time>2024-02-25T07:00:01Z</time></trkpt>
<trkpt lat="33.0096108" lon="35.1977456"><ele>267.4</ele><time>2024-02-25T07:00:02Z</time></trkpt>
<trkpt lat="33.00961" lon="35.1977625"><ele>267.5</ele><time>2024-02-25T07:00:03Z</time></trkpt>
<trkpt lat="33.0096095" lon="35.1977795"><ele>267.6</ele><time>2024-02-25T07:00:04Z</time></trkpt>
<trkpt lat="33.0096092" lon="35.1977964"><ele>267.6</ele><time>2024-02-25T07:00:05Z</time></trkpt>
<trkpt lat="33.0096091" lon="35.1978134"><ele>267.7</ele><time>2024-02-25T07:00:06Z</time></trkpt>
<trkpt lat="33.0096093" lon="35.1978302"><ele>267.8</ele><time>2024-02-25T07:00:07Z</time></trkpt>
<trkpt lat="33.0096095" lon="35.1978469"><ele>267.9</ele><time>2024-02-25T07:00:08Z</time></trkpt>
<trkpt lat="33.0096094" lon="35.1978636"><ele>268.0</ele><time>2024-02-25T07:00:09Z</time></trkpt>
<trkpt lat="33.0096086" lon="35.1978803"><ele>268.1</ele><time>2024-02-25T07:00:10Z</time></trkpt>
<trkpt lat="33.0096069" lon="35.1978973"><ele>268.2</ele><time>2024-02-25T07:00:11Z</time></trkpt>
<trkpt lat="33.0096042" lon="35.1979146"><ele>268.3</ele><time>2024-02-25T07:00:12Z</time></trkpt>
<trkpt lat="33.0096007" lon="35.1979322"><ele>268.4</ele><time>2024-02-25T07:00:13Z</time></trkpt>
<trkpt lat="33.0095968" lon="35.1979501"><ele>268.5</ele><time>2024-02-25T07:00:14Z</time></trkpt>
<trkpt lat="33.0095926" lon="35.1979682"><ele>268.7</ele><time>2024-02-25T07:00:15Z</time></trkpt>
<trkpt lat="33.0095885" lon="35.1979866"><ele>268.8</ele><time>2024-02-25T07:00:16Z</time></trkpt>
<trkpt lat="33.0095846" lon="35.198005"><ele>269.0</ele><time>2024-02-25T07:00:17Z</time></trkpt>
<trkpt lat="33.0095808" lon="35.1980234"><ele>269.1</ele><time>2024-02-25T07:00:18Z</time></trkpt>
<trkpt lat="33.0095773" lon="35.1980417"><ele>269.3</ele><time>2024-02-25T07:00:19Z</time></trkpt>
<trkpt lat="33.0095739" lon="35.1980601"><ele>269.5</ele><time>2024-02-25T07:00:20Z</time></trkpt>
<trkpt lat="33.0095706" lon="35.1980784"><ele>269.6</ele><time>2024-02-25T07:00:21Z</time></trkpt>
<trkpt lat="33.0095671" lon="35.1980967"><ele>269.8</ele><time>2024-02-25T07:00:22Z</time></trkpt>
<trkpt lat="33.0095636" lon="35.198115"><ele>269.9</ele><time>2024-02-25T07:00:23Z</time></trkpt>
<trkpt lat="33.0095598" lon="35.1981333"><ele>270.1</ele><time>2024-02-25T07:00:24Z</time></trkpt>
<trkpt lat="33.0095558" lon="35.1981513"><ele>270.2</ele><time>2024-02-25T07:00:25Z</time></trkpt>
<trkpt lat="33.0095517" lon="35.198169"><ele>270.4</ele><time>2024-02-25T07:00:26Z</time></trkpt>
<trkpt lat="33.0095478" lon="35.1981863"><ele>270.5</ele><time>2024-02-25T07:00:27Z</time></trkpt>
<trkpt lat="33.0095445" lon="35.1982035"><ele>270.6</ele><time>2024-02-25T07:00:28Z</time></trkpt>
<trkpt lat="33.0095417" lon="35.1982204"><ele>270.7</ele><time>2024-02-25T07:00:29Z</time></trkpt>
<trkpt lat="33.0095391" lon="35.1982374"><ele>270.8</ele><time>2024-02-25T07:00:30Z</time></trkpt>
<trkpt lat="33.0095363" lon="35.1982546"><ele>270.9</ele><time>2024-02-25T07:00:31Z</time></trkpt>
<trkpt lat="33.0095329" lon="35.1982722"><ele>271.0</ele><time>2024-02-25T07:00:32Z</time></trkpt>
<trkpt lat="33.0095287" lon="35.1982902"><ele>271.1</ele><time>2024-02-25T07:00:33Z</time></trkpt>
<trkpt lat="33.0095238" lon="35.1983084"><ele>271.2</ele><time>2024-02-25T07:00:34Z</time></trkpt>
<trkpt lat="33.0095183" lon="35.1983267"><ele>271.3</ele><time>2024-02-25T07:00:35Z</time></trkpt>
<trkpt lat="33.0095124" lon="35.1983449"><ele>271.4</ele><time>2024-02-25T07:00:36Z</time></trkpt>
<trkpt lat="33.0095065" lon="35.1983628"><ele>271.5</ele><time>2024-02-25T07:00:37Z</time></trkpt>
<trkpt lat="33.0095011" lon="35.1983802"><ele>271.6</ele><time>2024-02-25T07:00:38Z</time></trkpt>
<trkpt lat="33.0094964" lon="35.1983973"><ele>271.7</ele><time>2024-02-25T07:00:39Z</time></trkpt>
<trkpt lat="33.0094926" lon="35.198414"><ele>271.8</ele><time>2024-02-25T07:00:40Z</time></trkpt>
<trkpt lat="33.0094896" lon="35.1984304"><ele>271.9</ele><time>2024-02-25T07:00:41Z</time></trkpt>
<trkpt lat="33.009487" lon="35.1984468"><ele>272.0</ele><time>2024-02-25T07:00:42Z</time></trkpt>
<trkpt lat="33.0094846" lon="35.1984634"><ele>272.1</ele><time>2024-02-25T07:00:43Z</time></trkpt>
<trkpt lat="33.0094822" lon="35.1984805"><ele>272.2</ele><time>2024-02-25T07:00:44Z</time></trkpt>
<trkpt lat="33.0094795" lon="35.1984981"><ele>272.3</ele><time>2024-02-25T07:00:45Z</time></trkpt>
<trkpt lat="33.0094765" lon="35.198516"><ele>272.5</ele><time>2024-02-25T07:00:46Z</time></trkpt>
<trkpt lat="33.0094734" lon="35.1985344"><ele>272.6</ele><time>2024-02-25T07:00:47Z</time></trkpt>
<trkpt lat="33.0094699" lon="35.1985531"><ele>272.7</ele><time>2024-02-25T07:00:48Z</time></trkpt>
<trkpt lat="33.0094659" lon="35.1985721"><ele>272.8</ele><time>2024-02-25T07:00:49Z</time></trkpt>
<trkpt lat="33.0094613" lon="35.1985913"><ele>272.9</ele><time>2024-02-25T07:00:50Z</time></trkpt>
<trkpt lat="33.0094562" lon="35.1986106"><ele>273.0</ele><time>2024-02-25T07:00:51Z</time></trkpt>
<trkpt lat="33.0094507" lon="35.1986301"><ele>273.1</ele><time>2024-02-25T07:00:52Z</time></trkpt>
<trkpt lat="33.009445" lon="35.1986496"><ele>273.2</ele><time>2024-02-25T07:00:53Z</time></trkpt>
<trkpt lat="33.0094393" lon="35.198669"><ele>273.3</ele><time>2024-02-25T07:00:54Z</time></trkpt>
<trkpt lat="33.009434" lon="35.1986881"><ele>273.4</ele><time>2024-02-25T07:00:55Z</time></trkpt>
<trkpt lat="33.0094291" lon="35.1987068"><ele>273.5</ele><time>2024-02-25T07:00:56Z</time></trkpt>
<trkpt lat="33.0094246" lon="35.198725"><ele>273.6</ele><time>2024-02-25T07:00:57Z</time></trkpt>
<trkpt lat="33.0094205" lon="35.1987426"><ele>273.6</ele><time>2024-02-25T07:00:58Z</time></trkpt>
<trkpt lat="33.0094164" lon="35.1987598"><ele>273.7</ele><time>2024-02-25T07:00:59Z</time></trkpt>
<trkpt lat="33.0094122" lon="35.1987769"><ele>273.8</ele><time>2024-02-25T07:01:00Z</time></trkpt>
<trkpt lat="33.0094077" lon="35.1987941"><ele>273.8</ele><time>2024-02-25T07:01:01Z</time></trkpt>
<trkpt lat="33.0094028" lon="35.1988117"><ele>273.9</ele><time>2024-02-25T07:01:02Z</time></trkpt>
<trkpt lat="33.0093976" lon="35.1988299"><ele>273.9</ele><time>2024-02-25T07:01:03Z</time></trkpt>
<trkpt lat="33.0093921" lon="35.1988487"><ele>274.0</ele><time>2024-02-25T07:01:04Z</time></trkpt>
<trkpt lat="33.0093865" lon="35.1988679"><ele>274.0</ele><time>2024-02-25T07:01:05Z</time></trkpt>
<trkpt lat="33.009381" lon="35.1988876"><ele>274.1</ele><time>2024-02-25T07:01:06Z</time></trkpt>
<trkpt lat="33.0093758" lon="35.1989074"><ele>274.1</ele><time>2024-02-25T07:01:07Z</time></trkpt>
<trkpt lat="33.0093708" lon="35.1989273"><ele>274.2</ele><time>2024-02-25T07:01:08Z</time></trkpt>
<trkpt lat="33.0093658" lon="35.1989472"><ele>274.3</ele><time>2024-02-25T07:01:09Z</time></trkpt>
<trkpt lat="33.0093607" lon="35.1989671"><ele>274.3</ele><time>2024-02-25T07:01:10Z</time></trkpt>
<trkpt lat="33.0093553" lon="35.1989868"><ele>274.4</ele><time>2024-02-25T07:01:11Z</time></trkpt>
<trkpt lat="33.0093496" lon="35.1990061"><ele>274.4</ele><time>2024-02-25T07:01:12Z</time></trkpt>
<trkpt lat="33.0093436" lon="35.1990249"><ele>274.5</ele><time>2024-02-25T07:01:13Z</time></trkpt>
<trkpt lat="33.0093376" lon="35.1990433"><ele>274.6</ele><time>2024-02-25T07:01:14Z</time></trkpt>
<trkpt lat="33.0093319" lon="35.1990611"><ele>274.7</ele><time>2024-02-25T07:01:15Z</time></trkpt>
<trkpt lat="33.0093266" lon="35.1990786"><ele>274.7</ele><time>2024-02-25T07:01:16Z</time></trkpt>
<trkpt lat="33.0093218" lon="35.1990957"><ele>274.8</ele><time>2024-02-25T07:01:17Z</time></trkpt>
<trkpt lat="33.0093173" lon="35.1991125"><ele>274.9</ele><time>2024-02-25T07:01:18Z</time></trkpt>
<trkpt lat="33.0093129" lon="35.199129"><ele>275.0</ele><time>2024-02-25T07:01:19Z</time></trkpt>
<trkpt lat="33.0093082" lon="35.1991457"><ele>275.1</ele><time>2024-02-25T07:01:20Z</time></trkpt>
<trkpt lat="33.0093033" lon="35.1991629"><ele>275.2</ele><time>2024-02-25T07:01:21Z</time></trkpt>
<trkpt lat="33.0092983" lon="35.1991808"><ele>275.3</ele><time>2024-02-25T07:01:22Z</time></trkpt>
<trkpt lat="33.0092933" lon="35.1991996"><ele>275.4</ele><time>2024-02-25T07:01:23Z</time></trkpt>
<trkpt lat="33.0092887" lon="35.1992192"><ele>275.5</ele><time>2024-02-25T07:01:24Z</time></trkpt>
<trkpt lat="33.0092844" lon="35.1992393"><ele>275.6</ele><time>2024-02-25T07:01:25Z</time></trkpt>
<trkpt lat="33.0092804" lon="35.1992597"><ele>275.7</ele><time>2024-02-25T07:01:26Z</time></trkpt>
<trkpt lat="33.0092767" lon="35.1992802"><ele>275.8</ele><time>2024-02-25T07:01:27Z</time></trkpt>
<trkpt lat="33.009273" lon="35.1993006"><ele>276.0</ele><time>2024-02-25T07:01:28Z</time></trkpt>
<trkpt lat="33.009269" lon="35.1993208"><ele>276.1</ele><time>2024-02-25T07:01:29Z</time></trkpt>
<trkpt lat="33.0092644" lon="35.1993405"><ele>276.2</ele><time>2024-02-25T07:01:30Z</time></trkpt>
<trkpt lat="33.0092591" lon="35.1993597"><ele>276.3</ele><time>2024-02-25T07:01:31Z</time></trkpt>
<trkpt lat="33.009253" lon="35.1993785"><ele>276.4</ele><time>2024-02-25T07:01:32Z</time></trkpt>
<trkpt lat="33.0092463" lon="35.199397"><ele>276.5</ele><time>2024-02-25T07:01:33Z</time></trkpt>
<trkpt lat="33.009239" lon="35.1994156"><ele>276.7</ele><time>2024-02-25T07:01:34Z</time></trkpt>
<trkpt lat="33.0092313" lon="35.1994343"><ele>276.8</ele><time>2024-02-25T07:01:35Z</time></trkpt>
<trkpt lat="33.0092232" lon="35.1994534"><ele>276.9</ele><time>2024-02-25T07:01:36Z</time></trkpt>
<trkpt lat="33.0092147" lon="35.199473"><ele>276.9</ele><time>2024-02-25T07:01:37Z</time></trkpt>
<trkpt lat="33.0092058" lon="35.199493"><ele>277.0</ele><time>2024-02-25T07:01:38Z</time></trkpt>
<trkpt lat="33.0091965" lon="35.1995133"><ele>277.1</ele><time>2024-02-25T07:01:39Z</time></trkpt>
<trkpt lat="33.009187" lon="35.1995338"><ele>277.2</ele><time>2024-02-25T07:01:40Z</time></trkpt>
<trkpt lat="33.009177" lon="35.1995544"><ele>277.2</ele><time>2024-02-25T07:01:41Z</time></trkpt>
<trkpt lat="33.0091667" lon="35.1995749"><ele>277.3</ele><time>2024-02-25T07:01:42Z</time></trkpt>
<trkpt lat="33.009156" lon="35.1995953"><ele>277.3</ele><time>2024-02-25T07:01:43Z</time></trkpt>
<trkpt lat="33.0091449" lon="35.1996153"><ele>277.3</ele><time>2024-02-25T07:01:44Z</time></trkpt>
<trkpt lat="33.0091335" lon="35.1996349"><ele>277.4</ele><time>2024-02-25T07:01:45Z</time></trkpt>
<trkpt lat="33.009122" lon="35.1996538"><ele>277.4</ele><time>2024-02-25T07:01:46Z</time></trkpt>
<trkpt lat="33.0091104" lon="35.1996717"><ele>277.4</ele><time>2024-02-25T07:01:47Z</time></trkpt>
<trkpt lat="33.0090988" lon="35.1996885"><ele>277.4</ele><time>2024-02-25T07:01:48Z</time></trkpt>
<trkpt lat="33.0090874" lon="35.199704"><ele>277.4</ele><time>2024-02-25T07:01:49Z</time></trkpt>
<trkpt lat="33.009076" lon="35.1997182"><ele>277.4</ele><time>2024-02-25T07:01:50Z</time></trkpt>
<trkpt lat="33.0090645" lon="35.1997313"><ele>277.4</ele><time>2024-02-25T07:01:51Z</time></trkpt>
<trkpt lat="33.0090529" lon="35.1997435"><ele>277.4</ele><time>2024-02-25T07:01:52Z</time></trkpt>
<trkpt lat="33.0090412" lon="35.1997551"><ele>277.4</ele><time>2024-02-25T07:01:53Z</time></trkpt>
<trkpt lat="33.0090292" lon="35.1997665"><ele>277.4</ele><time>2024-02-25T07:01:54Z</time></trkpt>
<trkpt lat="33.0090168" lon="35.1997778"><ele>277.5</ele><time>2024-02-25T07:01:55Z</time></trkpt>
<trkpt lat="33.0090039" lon="35.1997889"><ele>277.5</ele><time>2024-02-25T07:01:56Z</time></trkpt>
<trkpt lat="33.0089905" lon="35.1998002"><ele>277.6</ele><time>2024-02-25T07:01:57Z</time></trkpt>
<trkpt lat="33.0089763" lon="35.1998116"><ele>277.6</ele><time>2024-02-25T07:01:58Z</time></trkpt>
<trkpt lat="33.0089614" lon="35.1998234"><ele>277.7</ele><time>2024-02-25T07:01:59Z</time></trkpt>
<trkpt lat="33.0089458" lon="35.1998357"><ele>277.8</ele><time>2024-02-25T07:02:00Z</time></trkpt>
<trkpt lat="33.0089298" lon="35.1998484"><ele>277.9</ele><time>2024-02-25T07:02:01Z</time></trkpt>
<trkpt lat="33.0089134" lon="35.1998614"><ele>278.1</ele><time>2024-02-25T07:02:02Z</time></trkpt>
<trkpt lat="33.0088968" lon="35.1998746"><ele>278.2</ele><time>2024-02-25T07:02:03Z</time></trkpt>
<trkpt lat="33.00888" lon="35.199888"><ele>278.3</ele><time>2024-02-25T07:02:04Z</time></trkpt>
<trkpt lat="33.0088628" lon="35.1999017"><ele>278.4</ele><time>2024-02-25T07:02:05Z</time></trkpt>
<trkpt lat="33.0088453" lon="35.1999157"><ele>278.6</ele><time>2024-02-25T07:02:06Z</time></trkpt>
<trkpt lat="33.0088276" lon="35.1999302"><ele>278.7</ele><time>2024-02-25T07:02:07Z</time></trkpt>
<trkpt lat="33.0088098" lon="35.1999451"><ele>278.9</ele><time>2024-02-25T07:02:08Z</time></trkpt>
<trkpt lat="33.008792" lon="35.1999606"><ele>279.0</ele><time>2024-02-25T07:02:09Z</time></trkpt>
<trkpt lat="33.0087743" lon="35.1999767"><ele>279.1</ele><time>2024-02-25T07:02:10Z</time></trkpt>
<trkpt lat="33.0087568" lon="35.1999931"><ele>279.3</ele><time>2024-02-25T07:02:11Z</time></trkpt>
<trkpt lat="33.0087398" lon="35.2000097"><ele>279.4</ele><time>2024-02-25T07:02:12Z</time></trkpt>
<trkpt lat="33.0087231" lon="35.2000263"><ele>279.5</ele><time>2024-02-25T07:02:13Z</time></trkpt>
<trkpt lat="33.0087068" lon="35.2000428"><ele>279.6</ele><time>2024-02-25T07:02:14Z</time></trkpt>
<trkpt lat="33.0086908" lon="35.2000589"><ele>279.6</ele><time>2024-02-25T07:02:15Z</time></trkpt>
<trkpt lat="33.0086752" lon="35.2000747"><ele>279.7</ele><time>2024-02-25T07:02:16Z</time></trkpt>
<trkpt lat="33.00866" lon="35.2000901"><ele>279.8</ele><time>2024-02-25T07:02:17Z</time></trkpt>
<trkpt lat="33.0086451" lon="35.2001049"><ele>279.8</ele><time>2024-02-25T07:02:18Z</time></trkpt>
<trkpt lat="33.0086304" lon="35.2001192"><ele>279.9</ele><time>2024-02-25T07:02:19Z</time></trkpt>
<trkpt lat="33.0086161" lon="35.200133"><ele>279.9</ele><time>2024-02-25T07:02:20Z</time></trkpt>
<trkpt lat="33.0086019" lon="35.2001465"><ele>280.0</ele><time>2024-02-25T07:02:21Z</time></trkpt>
<trkpt lat="33.0085879" lon="35.2001598"><ele>280.0</ele><time>2024-02-25T07:02:22Z</time></trkpt>
<trkpt lat="33.008574" lon="35.2001733"><ele>280.1</ele><time>2024-02-25T07:02:23Z</time></trkpt>
<trkpt lat="33.0085601" lon="35.200187"><ele>280.1</ele><time>2024-02-25T07:02:24Z</time></trkpt>
<trkpt lat="33.0085464" lon="35.200201"><ele>280.2</ele><time>2024-02-25T07:02:25Z</time></trkpt>
<trkpt lat="33.0085328" lon="35.2002151"><ele>280.2</ele><time>2024-02-25T07:02:26Z</time></trkpt>
<trkpt lat="33.0085193" lon="35.2002291"><ele>280.3</ele><time>2024-02-25T07:02:27Z</time></trkpt>
<trkpt lat="33.0085057" lon="35.2002431"><ele>280.3</ele><time>2024-02-25T07:02:28Z</time></trkpt>
<trkpt lat="33.0084916" lon="35.2002571"><ele>280.4</ele><time>2024-02-25T07:02:29Z</time></trkpt>
<trkpt lat="33.0084769" lon="35.2002714"><ele>280.4</ele><time>2024-02-25T07:02:30Z</time></trkpt>
<trkpt lat="33.0084619" lon="35.2002859"><ele>280.4</ele><time>2024-02-25T07:02:31Z</time></trkpt>
<trkpt lat="33.0084467" lon="35.2003009"><ele>280.5</ele><time>2024-02-25T07:02:32Z</time></trkpt>
<trkpt lat="33.0084316" lon="35.2003163"><ele>280.5</ele><time>2024-02-25T07:02:33Z</time></trkpt>
<trkpt lat="33.0084166" lon="35.2003321"><ele>280.6</ele><time>2024-02-25T07:02:34Z</time></trkpt>
<trkpt lat="33.0084015" lon="35.2003484"><ele>280.6</ele><time>2024-02-25T07:02:35Z</time></trkpt>
<trkpt lat="33.0083863" lon="35.2003651"><ele>280.6</ele><time>2024-02-25T07:02:36Z</time></trkpt>
<trkpt lat="33.0083711" lon="35.2003821"><ele>280.6</ele><time>2024-02-25T07:02:37Z</time></trkpt>
<trkpt lat="33.0083558" lon="35.2003992"><ele>280.6</ele><time>2024-02-25T07:02:38Z</time></trkpt>
<trkpt lat="33.0083406" lon="35.2004162"><ele>280.6</ele><time>2024-02-25T07:02:39Z</time></trkpt>
<trkpt lat="33.0083256" lon="35.2004328"><ele>280.6</ele><time>2024-02-25T07:02:40Z</time></trkpt>
<trkpt lat="33.0083109" lon="35.2004487"><ele>280.6</ele><time>2024-02-25T07:02:41Z</time></trkpt>
<trkpt lat="33.0082968" lon="35.2004638"><ele>280.6</ele><time>2024-02-25T07:02:42Z</time></trkpt>
<trkpt lat="33.0082834" lon="35.200478"><ele>280.6</ele><time>2024-02-25T07:02:43Z</time></trkpt>
<trkpt lat="33.0082706" lon="35.2004914"><ele>280.6</ele><time>2024-02-25T07:02:44Z</time></trkpt>
<trkpt lat="33.0082584" lon="35.2005041"><ele>280.6</ele><time>2024-02-25T07:02:45Z</time></trkpt>
<trkpt lat="33.0082466" lon="35.2005165"><ele>280.6</ele><time>2024-02-25T07:02:46Z</time></trkpt>
<trkpt lat="33.0082352" lon="35.2005289"><ele>280.6</ele><time>2024-02-25T07:02:47Z</time></trkpt>
<trkpt lat="33.0082241" lon="35.2005417"><ele>280.6</ele><time>2024-02-25T07:02:48Z</time></trkpt>
<trkpt lat="33.0082132" lon="35.2005548"><ele>280.6</ele><time>2024-02-25T07:02:49Z</time></trkpt>
<trkpt lat="33.0082025" lon="35.2005684"><ele>280.5</ele><time>2024-02-25T07:02:50Z</time></trkpt>
<trkpt lat="33.0081918" lon="35.2005821"><ele>280.5</ele><time>2024-02-25T07:02:51Z</time></trkpt>
<trkpt lat="33.0081814" lon="35.2005955"><ele>280.5</ele><time>2024-02-25T07:02:52Z</time></trkpt>
<trkpt lat="33.0081713" lon="35.2006085"><ele>280.5</ele><time>2024-02-25T07:02:53Z</time></trkpt>
<trkpt lat="33.0081614" lon="35.2006209"><ele>280.5</ele><time>2024-02-25T07:02:54Z</time></trkpt>
<trkpt lat="33.0081515" lon="35.200633"><ele>280.5</ele><time>2024-02-25T07:02:55Z</time></trkpt>
<trkpt lat="33.0081413" lon="35.200645"><ele>280.5</ele><time>2024-02-25T07:02:56Z</time></trkpt>
<trkpt lat="33.0081307" lon="35.2006574"><ele>280.5</ele><time>2024-02-25T07:02:57Z</time></trkpt>
<trkpt lat="33.0081197" lon="35.2006702"><ele>280.5</ele><time>2024-02-25T07:02:58Z</time></trkpt>
<trkpt lat="33.0081083" lon="35.2006835"><ele>280.6</ele><time>2024-02-25T07:02:59Z</time></trkpt>
<trkpt lat="33.0080965" lon="35.2006975"><ele>280.6</ele><time>2024-02-25T07:03:00Z</time></trkpt>
<trkpt lat="33.0080841" lon="35.2007123"><ele>280.6</ele><time>2024-02-25T07:03:01Z</time></trkpt>
<trkpt lat="33.0080709" lon="35.2007278"><ele>280.6</ele><time>2024-02-25T07:03:02Z</time></trkpt>
<trkpt lat="33.0080565" lon="35.2007442"><ele>280.6</ele><time>2024-02-25T07:03:03Z</time></trkpt>
<trkpt lat="33.008041" lon="35.2007611"><ele>280.6</ele><time>2024-02-25T07:03:04Z</time></trkpt>
<trkpt lat="33.0080247" lon="35.2007783"><ele>280.6</ele><time>2024-02-25T07:03:05Z</time></trkpt>
<trkpt lat="33.0080079" lon="35.2007955"><ele>280.6</ele><time>2024-02-25T07:03:06Z</time></trkpt>
<trkpt lat="33.0079909" lon="35.2008129"><ele>280.6</ele><time>2024-02-25T07:03:07Z</time></trkpt>
<trkpt lat="33.0079739" lon="35.2008304"><ele>280.6</ele><time>2024-02-25T07:03:08Z</time></trkpt>
<trkpt lat="33.0079569" lon="35.200848"><ele>280.6</ele><time>2024-02-25T07:03:09Z</time></trkpt>
<trkpt lat="33.0079399" lon="35.2008659"><ele>280.6</ele><time>2024-02-25T07:03:10Z</time></trkpt>
<trkpt lat="33.007923" lon="35.2008838"><ele>280.6</ele><time>2024-02-25T07:03:11Z</time></trkpt>
<trkpt lat="33.0079062" lon="35.2009018"><ele>280.6</ele><time>2024-02-25T07:03:12Z</time></trkpt>
<trkpt lat="33.0078897" lon="35.2009195"><ele>280.7</ele><time>2024-02-25T07:03:13Z</time></trkpt>
<trkpt lat="33.0078735" lon="35.2009371"><ele>280.7</ele><time>2024-02-25T07:03:14Z</time></trkpt>
<trkpt lat="33.0078573" lon="35.2009544"><ele>280.7</ele><time>2024-02-25T07:03:15Z</time></trkpt>
<trkpt lat="33.0078411" lon="35.2009716"><ele>280.7</ele><time>2024-02-25T07:03:16Z</time></trkpt>
<trkpt lat="33.0078246" lon="35.2009886"><ele>280.7</ele><time>2024-02-25T07:03:17Z</time></trkpt>
<trkpt lat="33.0078078" lon="35.2010057"><ele>280.7</ele><time>2024-02-25T07:03:18Z</time></trkpt>
<trkpt lat="33.0077906" lon="35.201023"><ele>280.7</ele><time>2024-02-25T07:03:19Z</time></trkpt>
<trkpt lat="33.0077731" lon="35.2010409"><ele>280.8</ele><time>2024-02-25T07:03:20Z</time></trkpt>
<trkpt lat="33.0077555" lon="35.2010594"><ele>280.8</ele><time>2024-02-25T07:03:21Z</time></trkpt>
<trkpt lat="33.0077375" lon="35.2010787"><ele>280.8</ele><time>2024-02-25T07:03:22Z</time></trkpt>
<trkpt lat="33.0077194" lon="35.2010987"><ele>280.8</ele><time>2024-02-25T07:03:23Z</time></trkpt>
<trkpt lat="33.0077009" lon="35.2011193"><ele>280.9</ele><time>2024-02-25T07:03:24Z</time></trkpt>
<trkpt lat="33.0076822" lon="35.2011404"><ele>280.9</ele><time>2024-02-25T07:03:25Z</time></trkpt>
<trkpt lat="33.0076634" lon="35.2011618"><ele>280.9</ele><time>2024-02-25T07:03:26Z</time></trkpt>
<trkpt lat="33.0076447" lon="35.2011834"><ele>281.0</ele><time>2024-02-25T07:03:27Z</time></trkpt>
<trkpt lat="33.0076261" lon="35.201205"><ele>281.0</ele><time>2024-02-25T07:03:28Z</time></trkpt>
<trkpt lat="33.0076076" lon="35.2012262"><ele>281.1</ele><time>2024-02-25T07:03:29Z</time></trkpt>
<trkpt lat="33.007589" lon="35.2012467"><ele>281.1</ele><time>2024-02-25T07:03:30Z</time></trkpt>
<trkpt lat="33.0075706" lon="35.2012666"><ele>281.2</ele><time>2024-02-25T07:03:31Z</time></trkpt>
<trkpt lat="33.0075524" lon="35.2012856"><ele>281.3</ele><time>2024-02-25T07:03:32Z</time></trkpt>
<trkpt lat="33.007535" lon="35.2013037"><ele>281.3</ele><time>2024-02-25T07:03:33Z</time></trkpt>
<trkpt lat="33.0075186" lon="35.2013208"><ele>281.4</ele><time>2024-02-25T07:03:34Z</time></trkpt>
<trkpt lat="33.0075032" lon="35.2013366"><ele>281.5</ele><time>2024-02-25T07:03:35Z</time></trkpt>
<trkpt lat="33.0074888" lon="35.2013511"><ele>281.5</ele><time>2024-02-25T07:03:36Z</time></trkpt>
<trkpt lat="33.007475" lon="35.2013644"><ele>281.6</ele><time>2024-02-25T07:03:37Z</time></trkpt>
<trkpt lat="33.0074617" lon="35.2013768"><ele>281.7</ele><time>2024-02-25T07:03:38Z</time></trkpt>
<trkpt lat="33.0074487" lon="35.2013888"><ele>281.7</ele><time>2024-02-25T07:03:39Z</time></trkpt>
<trkpt lat="33.0074358" lon="35.2014007"><ele>281.7</ele><time>2024-02-25T07:03:40Z</time></trkpt>
<trkpt lat="33.007423" lon="35.2014127"><ele>281.8</ele><time>2024-02-25T07:03:41Z</time></trkpt>
<trkpt lat="33.0074104" lon="35.2014248"><ele>281.8</ele><time>2024-02-25T07:03:42Z</time></trkpt>
<trkpt lat="33.0073979" lon="35.2014371"><ele>281.8</ele><time>2024-02-25T07:03:43Z</time></trkpt>
<trkpt lat="33.0073854" lon="35.2014496"><ele>281.8</ele><time>2024-02-25T07:03:44Z</time></trkpt>
<trkpt lat="33.0073726" lon="35.2014624"><ele>281.8</ele><time>2024-02-25T07:03:45Z</time></trkpt>
<trkpt lat="33.0073595" lon="35.2014759"><ele>281.8</ele><time>2024-02-25T07:03:46Z</time></trkpt>
<trkpt lat="33.007346" lon="35.2014901"><ele>281.8</ele><time>2024-02-25T07:03:47Z</time></trkpt>
<trkpt lat="33.0073321" lon="35.2015051"><ele>281.8</ele><time>2024-02-25T07:03:48Z</time></trkpt>
<trkpt lat="33.007318" lon="35.2015206"><ele>281.7</ele><time>2024-02-25T07:03:49Z</time></trkpt>
<trkpt lat="33.0073037" lon="35.2015366"><ele>281.7</ele><time>2024-02-25T07:03:50Z</time></trkpt>
<trkpt lat="33.0072892" lon="35.2015526"><ele>281.6</ele><time>2024-02-25T07:03:51Z</time></trkpt>
<trkpt lat="33.0072745" lon="35.2015685"><ele>281.6</ele><time>2024-02-25T07:03:52Z</time></trkpt>
<trkpt lat="33.0072599" lon="35.2015842"><ele>281.5</ele><time>2024-02-25T07:03:53Z</time></trkpt>
<trkpt lat="33.0072456" lon="35.2015997"><ele>281.5</ele><time>2024-02-25T07:03:54Z</time></trkpt>
<trkpt lat="33.0072318" lon="35.2016153"><ele>281.4</ele><time>2024-02-25T07:03:55Z</time></trkpt>
<trkpt lat="33.0072183" lon="35.2016312"><ele>281.3</ele><time>2024-02-25T07:03:56Z</time></trkpt>
<trkpt lat="33.0072051" lon="35.2016478"><ele>281.3</ele><time>2024-02-25T07:03:57Z</time></trkpt>
<trkpt lat="33.0071915" lon="35.2016651"><ele>281.3</ele><time>2024-02-25T07:03:58Z</time></trkpt>
<trkpt lat="33.0071774" lon="35.2016827"><ele>281.3</ele><time>2024-02-25T07:03:59Z</time></trkpt>
<trkpt lat="33.007163" lon="35.2017001"><ele>281.2</ele><time>2024-02-25T07:04:00Z</time></trkpt>
<trkpt lat="33.0071482" lon="35.2017173"><ele>281.3</ele><time>2024-02-25T07:04:01Z</time></trkpt>
<trkpt lat="33.0071321" lon="35.2017341"><ele>281.3</ele><time>2024-02-25T07:04:02Z</time></trkpt>
<trkpt lat="33.0071155" lon="35.2017515"><ele>281.3</ele><time>2024-02-25T07:04:03Z</time></trkpt>
<trkpt lat="33.0070999" lon="35.2017695"><ele>281.4</ele><time>2024-02-25T07:04:04Z</time></trkpt>
<trkpt lat="33.0070854" lon="35.2017885"><ele>281.5</ele><time>2024-02-25T07:04:05Z</time></trkpt>
<trkpt lat="33.0070715" lon="35.2018094"><ele>281.6</ele><time>2024-02-25T07:04:06Z</time></trkpt>
<trkpt lat="33.0070575" lon="35.2018322"><ele>281.7</ele><time>2024-02-25T07:04:07Z</time></trkpt>
<trkpt lat="33.0070428" lon="35.2018566"><ele>281.9</ele><time>2024-02-25T07:04:08Z</time></trkpt>
<trkpt lat="33.0070273" lon="35.201882"><ele>282.0</ele><time>2024-02-25T07:04:09Z</time></trkpt>
<trkpt lat="33.0070114" lon="35.2019074"><ele>282.1</ele><time>2024-02-25T07:04:10Z</time></trkpt>
<trkpt lat="33.0069957" lon="35.2019322"><ele>282.3</ele><time>2024-02-25T07:04:11Z</time></trkpt>
<trkpt lat="33.0069805" lon="35.2019561"><ele>282.5</ele><time>2024-02-25T07:04:12Z</time></trkpt>
<trkpt lat="33.0069665" lon="35.2019782"><ele>282.6</ele><time>2024-02-25T07:04:13Z</time></trkpt>
<trkpt lat="33.0069539" lon="35.2019981"><ele>282.8</ele><time>2024-02-25T07:04:14Z</time></trkpt>
<trkpt lat="33.0069419" lon="35.2020169"><ele>283.0</ele><time>2024-02-25T07:04:15Z</time></trkpt>
<trkpt lat="33.0069298" lon="35.2020355"><ele>283.1</ele><time>2024-02-25T07:04:16Z</time></trkpt>
<trkpt lat="33.0069173" lon="35.2020541"><ele>283.2</ele><time>2024-02-25T07:04:17Z</time></trkpt>
<trkpt lat="33.0069041" lon="35.2020718"><ele>283.4</ele><time>2024-02-25T07:04:18Z</time></trkpt>
<trkpt lat="33.0068904" lon="35.2020881"><ele>283.5</ele><time>2024-02-25T07:04:19Z</time></trkpt>
<trkpt lat="33.0068767" lon="35.202104"><ele>283.6</ele><time>2024-02-25T07:04:20Z</time></trkpt>
<trkpt lat="33.0068639" lon="35.202121"><ele>283.7</ele><time>2024-02-25T07:04:21Z</time></trkpt>
<trkpt lat="33.0068514" lon="35.2021388"><ele>283.9</ele><time>2024-02-25T07:04:22Z</time></trkpt>
<trkpt lat="33.0068383" lon="35.202157"><ele>284.0</ele><time>2024-02-25T07:04:23Z</time></trkpt>
<trkpt lat="33.0068246" lon="35.2021754"><ele>284.1</ele><time>2024-02-25T07:04:24Z</time></trkpt>
<trkpt lat="33.0068113" lon="35.2021941"><ele>284.2</ele><time>2024-02-25T07:04:25Z</time></trkpt>
<trkpt lat="33.006799" lon="35.2022136"><ele>284.2</ele><time>2024-02-25T07:04:26Z</time></trkpt>
<trkpt lat="33.0067873" lon="35.2022334"><ele>284.3</ele><time>2024-02-25T07:04:27Z</time></trkpt>
<trkpt lat="33.0067762" lon="35.2022526"><ele>284.4</ele><time>2024-02-25T07:04:28Z</time></trkpt>
<trkpt lat="33.0067657" lon="35.2022717"><ele>284.5</ele><time>2024-02-25T07:04:29Z</time></trkpt>
<trkpt lat="33.006756" lon="35.2022918"><ele>284.6</ele><time>2024-02-25T07:04:30Z</time></trkpt>
<trkpt lat="33.0067475" lon="35.2023122"><ele>284.7</ele><time>2024-02-25T07:04:31Z</time></trkpt>
<trkpt lat="33.0067394" lon="35.2023322"><ele>284.8</ele><time>2024-02-25T07:04:32Z</time></trkpt>
<trkpt lat="33.0067316" lon="35.2023516"><ele>284.9</ele><time>2024-02-25T07:04:33Z</time></trkpt>
<trkpt lat="33.0067237" lon="35.2023712"><ele>285.0</ele><time>2024-02-25T07:04:34Z</time></trkpt>
<trkpt lat="33.0067154" lon="35.2023914"><ele>285.1</ele><time>2024-02-25T07:04:35Z</time></trkpt>
<trkpt lat="33.0067071" lon="35.2024114"><ele>285.2</ele><time>2024-02-25T07:04:36Z</time></trkpt>
<trkpt lat="33.0066989" lon="35.2024302"><ele>285.3</ele><time>2024-02-25T07:04:37Z</time></trkpt>
<trkpt lat="33.0066908" lon="35.2024485"><ele>285.4</ele><time>2024-02-25T07:04:38Z</time></trkpt>
<trkpt lat="33.0066826" lon="35.2024674"><ele>285.5</ele><time>2024-02-25T07:04:39Z</time></trkpt>
<trkpt lat="33.0066745" lon="35.2024877"><ele>285.6</ele><time>2024-02-25T07:04:40Z</time></trkpt>
<trkpt lat="33.0066668" lon="35.2025094"><ele>285.7</ele><time>2024-02-25T07:04:41Z</time></trkpt>
<trkpt lat="33.0066599" lon="35.202533"><ele>285.8</ele><time>2024-02-25T07:04:42Z</time></trkpt>
<trkpt lat="33.0066527" lon="35.2025571"><ele>285.9</ele><time>2024-02-25T07:04:43Z</time></trkpt>
<trkpt lat="33.0066445" lon="35.2025793"><ele>286.0</ele><time>2024-02-25T07:04:44Z</time></trkpt>
<trkpt lat="33.0066365" lon="35.2025997"><ele>286.1</ele><time>2024-02-25T07:04:45Z</time></trkpt>
<trkpt lat="33.0066294" lon="35.2026199"><ele>286.3</ele><time>2024-02-25T07:04:46Z</time></trkpt>
<trkpt lat="33.0066232" lon="35.202641"><ele>286.4</ele><time>2024-02-25T07:04:47Z</time></trkpt>
<trkpt lat="33.0066176" lon="35.2026629"><ele>286.5</ele><time>2024-02-25T07:04:48Z</time></trkpt>
<trkpt lat="33.0066116" lon="35.2026851"><ele>286.7</ele><time>2024-02-25T07:04:49Z</time></trkpt>
<trkpt lat="33.006605" lon="35.2027071"><ele>286.8</ele><time>2024-02-25T07:04:50Z</time></trkpt>
<trkpt lat="33.0065982" lon="35.2027293"><ele>287.0</ele><time>2024-02-25T07:04:51Z</time></trkpt>
<trkpt lat="33.0065918" lon="35.2027516"><ele>287.1</ele><time>2024-02-25T07:04:52Z</time></trkpt>
<trkpt lat="33.0065858" lon="35.202774"><ele>287.3</ele><time>2024-02-25T07:04:53Z</time></trkpt>
<trkpt lat="33.0065799" lon="35.2027967"><ele>287.4</ele><time>2024-02-25T07:04:54Z</time></trkpt>
<trkpt lat="33.0065742" lon="35.2028198"><ele>287.6</ele><time>2024-02-25T07:04:55Z</time></trkpt>
<trkpt lat="33.0065692" lon="35.2028426"><ele>287.7</ele><time>2024-02-25T07:04:56Z</time></trkpt>
<trkpt lat="33.006565" lon="35.2028646"><ele>287.9</ele><time>2024-02-25T07:04:57Z</time></trkpt>
<trkpt lat="33.0065612" lon="35.202886"><ele>288.0</ele><time>2024-02-25T07:04:58Z</time></trkpt>
<trkpt lat="33.0065577" lon="35.2029073"><ele>288.2</ele><time>2024-02-25T07:04:59Z</time></trkpt>
<trkpt lat="33.0065543" lon="35.2029283"><ele>288.3</ele><time>2024-02-25T07:05:00Z</time></trkpt>
<trkpt lat="33.0065508" lon="35.2029489"><ele>288.4</ele><time>2024-02-25T07:05:01Z</time></trkpt>
<trkpt lat="33.0065469" lon="35.2029688"><ele>288.5</ele><time>2024-02-25T07:05:02Z</time></trkpt>
<trkpt lat="33.0065422" lon="35.2029875"><ele>288.6</ele><time>2024-02-25T07:05:03Z</time></trkpt>
<trkpt lat="33.0065367" lon="35.2030053"><ele>288.7</ele><time>2024-02-25T07:05:04Z</time></trkpt>
<trkpt lat="33.0065301" lon="35.2030222"><ele>288.8</ele><time>2024-02-25T07:05:05Z</time></trkpt>
<trkpt lat="33.0065229" lon="35.2030387"><ele>288.9</ele><time>2024-02-25T07:05:06Z</time></trkpt>
<trkpt lat="33.0065159" lon="35.2030563"><ele>289.0</ele><time>2024-02-25T07:05:07Z</time></trkpt>
<trkpt lat="33.0065097" lon="35.2030755"><ele>289.0</ele><time>2024-02-25T07:05:08Z</time></trkpt>
<trkpt lat="33.0065044" lon="35.2030959"><ele>289.1</ele><time>2024-02-25T07:05:09Z</time></trkpt>
<trkpt lat="33.0064999" lon="35.2031164"><ele>289.2</ele><time>2024-02-25T07:05:10Z</time></trkpt>
<trkpt lat="33.006496" lon="35.203137"><ele>289.3</ele><time>2024-02-25T07:05:11Z</time></trkpt>
<trkpt lat="33.006492" lon="35.2031582"><ele>289.4</ele><time>2024-02-25T07:05:12Z</time></trkpt>
<trkpt lat="33.0064869" lon="35.2031797"><ele>289.4</ele><time>2024-02-25T07:05:13Z</time></trkpt>
<trkpt lat="33.0064803" lon="35.2032"><ele>289.5</ele><time>2024-02-25T07:05:14Z</time></trkpt>
<trkpt lat="33.0064729" lon="35.2032193"><ele>289.6</ele><time>2024-02-25T07:05:15Z</time></trkpt>
<trkpt lat="33.0064662" lon="35.2032391"><ele>289.7</ele><time>2024-02-25T07:05:16Z</time></trkpt>
<trkpt lat="33.0064607" lon="35.2032593"><ele>289.8</ele><time>2024-02-25T07:05:17Z</time></trkpt>
<trkpt lat="33.0064564" lon="35.2032799"><ele>289.9</ele><time>2024-02-25T07:05:18Z</time></trkpt>
<trkpt lat="33.0064525" lon="35.203301"><ele>290.0</ele><time>2024-02-25T07:05:19Z</time></trkpt>
<trkpt lat="33.0064484" lon="35.2033229"><ele>290.1</ele><time>2024-02-25T07:05:20Z</time></trkpt>
<trkpt lat="33.0064443" lon="35.2033456"><ele>290.2</ele><time>2024-02-25T07:05:21Z</time></trkpt>
<trkpt lat="33.0064405" lon="35.2033688"><ele>290.4</ele><time>2024-02-25T07:05:22Z</time></trkpt>
<trkpt lat="33.0064379" lon="35.2033924"><ele>290.5</ele><time>2024-02-25T07:05:23Z</time></trkpt>
<trkpt lat="33.0064355" lon="35.2034156"><ele>290.6</ele><time>2024-02-25T07:05:24Z</time></trkpt>
<trkpt lat="33.0064323" lon="35.2034387"><ele>290.7</ele><time>2024-02-25T07:05:25Z</time></trkpt>
<trkpt lat="33.0064284" lon="35.2034616"><ele>290.9</ele><time>2024-02-25T07:05:26Z</time></trkpt>
<trkpt lat="33.0064244" lon="35.2034843"><ele>291.0</ele><time>2024-02-25T07:05:27Z</time></trkpt>
<trkpt lat="33.0064204" lon="35.2035065"><ele>291.1</ele><time>2024-02-25T07:05:28Z</time></trkpt>
<trkpt lat="33.0064167" lon="35.2035289"><ele>291.3</ele><time>2024-02-25T07:05:29Z</time></trkpt>
<trkpt lat="33.0064132" lon="35.203552"><ele>291.4</ele><time>2024-02-25T07:05:30Z</time></trkpt>
<trkpt lat="33.0064093" lon="35.2035751"><ele>291.5</ele><time>2024-02-25T07:05:31Z</time></trkpt>
<trkpt lat="33.0064052" lon="35.2035973"><ele>291.7</ele><time>2024-02-25T07:05:32Z</time></trkpt>
<trkpt lat="33.006401" lon="35.2036183"><ele>291.8</ele><time>2024-02-25T07:05:33Z</time></trkpt>
<trkpt lat="33.0063967" lon="35.2036391"><ele>292.0</ele><time>2024-02-25T07:05:34Z</time></trkpt>
<trkpt lat="33.0063925" lon="35.2036604"><ele>292.1</ele><time>2024-02-25T07:05:35Z</time></trkpt>
<trkpt lat="33.0063887" lon="35.2036823"><ele>292.3</ele><time>2024-02-25T07:05:36Z</time></trkpt>
<trkpt lat="33.0063858" lon="35.2037043"><ele>292.4</ele><time>2024-02-25T07:05:37Z</time></trkpt>
<trkpt lat="33.0063836" lon="35.2037255"><ele>292.6</ele><time>2024-02-25T07:05:38Z</time></trkpt>
<trkpt lat="33.0063822" lon="35.2037455"><ele>292.7</ele><time>2024-02-25T07:05:39Z</time></trkpt>
<trkpt lat="33.0063814" lon="35.2037652"><ele>292.9</ele><time>2024-02-25T07:05:40Z</time></trkpt>
<trkpt lat="33.006381" lon="35.2037848"><ele>293.0</ele><time>2024-02-25T07:05:41Z</time></trkpt>
<trkpt lat="33.0063806" lon="35.2038052"><ele>293.1</ele><time>2024-02-25T07:05:42Z</time></trkpt>
<trkpt lat="33.0063797" lon="35.2038265"><ele>293.3</ele><time>2024-02-25T07:05:43Z</time></trkpt>
<trkpt lat="33.0063783" lon="35.203849"><ele>293.4</ele><time>2024-02-25T07:05:44Z</time></trkpt>
<trkpt lat="33.0063762" lon="35.2038724"><ele>293.5</ele><time>2024-02-25T07:05:45Z</time></trkpt>
<trkpt lat="33.0063735" lon="35.2038957"><ele>293.6</ele><time>2024-02-25T07:05:46Z</time></trkpt>
<trkpt lat="33.0063709" lon="35.2039185"><ele>293.7</ele><time>2024-02-25T07:05:47Z</time></trkpt>
<trkpt lat="33.0063687" lon="35.2039403"><ele>293.8</ele><time>2024-02-25T07:05:48Z</time></trkpt>
<trkpt lat="33.0063658" lon="35.2039605"><ele>293.9</ele><time>2024-02-25T07:05:49Z</time></trkpt>
<trkpt lat="33.006362" lon="35.2039789"><ele>294.0</ele><time>2024-02-25T07:05:50Z</time></trkpt>
<trkpt lat="33.0063575" lon="35.2039965"><ele>294.1</ele><time>2024-02-25T07:05:51Z</time></trkpt>
<trkpt lat="33.0063522" lon="35.2040142"><ele>294.1</ele><time>2024-02-25T07:05:52Z</time></trkpt>
<trkpt lat="33.0063462" lon="35.2040328"><ele>294.2</ele><time>2024-02-25T07:05:53Z</time></trkpt>
<trkpt lat="33.0063401" lon="35.204053"><ele>294.3</ele><time>2024-02-25T07:05:54Z</time></trkpt>
<trkpt lat="33.0063351" lon="35.2040744"><ele>294.3</ele><time>2024-02-25T07:05:55Z</time></trkpt>
<trkpt lat="33.0063317" lon="35.2040959"><ele>294.4</ele><time>2024-02-25T07:05:56Z</time></trkpt>
<trkpt lat="33.0063291" lon="35.2041173"><ele>294.5</ele><time>2024-02-25T07:05:57Z</time></trkpt>
<trkpt lat="33.0063268" lon="35.2041386"><ele>294.5</ele><time>2024-02-25T07:05:58Z</time></trkpt>
<trkpt lat="33.0063249" lon="35.2041599"><ele>294.6</ele><time>2024-02-25T07:05:59Z</time></trkpt>
<trkpt lat="33.0063229" lon="35.2041815"><ele>294.7</ele><time>2024-02-25T07:06:00Z</time></trkpt>
<trkpt lat="33.00632" lon="35.2042039"><ele>294.8</ele><time>2024-02-25T07:06:01Z</time></trkpt>
<trkpt lat="33.0063159" lon="35.2042272"><ele>294.8</ele><time>2024-02-25T07:06:02Z</time></trkpt>
<trkpt lat="33.0063115" lon="35.204251"><ele>294.9</ele><time>2024-02-25T07:06:03Z</time></trkpt>
<trkpt lat="33.0063071" lon="35.2042753"><ele>295.0</ele><time>2024-02-25T07:06:04Z</time></trkpt>
<trkpt lat="33.0063027" lon="35.2042999"><ele>295.1</ele><time>2024-02-25T07:06:05Z</time></trkpt>
<trkpt lat="33.0062989" lon="35.2043237"><ele>295.3</ele><time>2024-02-25T07:06:06Z</time></trkpt>
<trkpt lat="33.0062974" lon="35.2043454"><ele>295.4</ele><time>2024-02-25T07:06:07Z</time></trkpt>
<trkpt lat="33.0062984" lon="35.204365"><ele>295.5</ele><time>2024-02-25T07:06:08Z</time></trkpt>
<trkpt lat="33.0063005" lon="35.2043829"><ele>295.6</ele><time>2024-02-25T07:06:09Z</time></trkpt>
<trkpt lat="33.0063024" lon="35.2044007"><ele>295.7</ele><time>2024-02-25T07:06:10Z</time></trkpt>
<trkpt lat="33.0063027" lon="35.2044197"><ele>295.9</ele><time>2024-02-25T07:06:11Z</time></trkpt>
<trkpt lat="33.0063006" lon="35.20444"><ele>296.0</ele><time>2024-02-25T07:06:12Z</time></trkpt>
<trkpt lat="33.0062963" lon="35.2044613"><ele>296.2</ele><time>2024-02-25T07:06:13Z</time></trkpt>
<trkpt lat="33.0062907" lon="35.2044832"><ele>296.4</ele><time>2024-02-25T07:06:14Z</time></trkpt>
<trkpt lat="33.0062841" lon="35.2045052"><ele>296.5</ele><time>2024-02-25T07:06:15Z</time></trkpt>
<trkpt lat="33.0062768" lon="35.2045272"><ele>296.7</ele><time>2024-02-25T07:06:16Z</time></trkpt>
<trkpt lat="33.0062694" lon="35.2045491"><ele>296.9</ele><time>2024-02-25T07:06:17Z</time></trkpt>
<trkpt lat="33.0062631" lon="35.2045707"><ele>297.0</ele><time>2024-02-25T07:06:18Z</time></trkpt>
<trkpt lat="33.0062579" lon="35.2045923"><ele>297.2</ele><time>2024-02-25T07:06:19Z</time></trkpt>
<trkpt lat="33.0062526" lon="35.2046138"><ele>297.3</ele><time>2024-02-25T07:06:20Z</time></trkpt>
<trkpt lat="33.0062472" lon="35.2046342"><ele>297.5</ele><time>2024-02-25T07:06:21Z</time></trkpt>
<trkpt lat="33.0062419" lon="35.2046529"><ele>297.6</ele><time>2024-02-25T07:06:22Z</time></trkpt>
<trkpt lat="33.0062366" lon="35.2046711"><ele>297.8</ele><time>2024-02-25T07:06:23Z</time></trkpt>
<trkpt lat="33.0062317" lon="35.2046897"><ele>297.9</ele><time>2024-02-25T07:06:24Z</time></trkpt>
<trkpt lat="33.0062278" lon="35.2047093"><ele>298.1</ele><time>2024-02-25T07:06:25Z</time></trkpt>
<trkpt lat="33.0062251" lon="35.2047299"><ele>298.2</ele><time>2024-02-25T07:06:26Z</time></trkpt>
<trkpt lat="33.0062235" lon="35.204751"><ele>298.3</ele><time>2024-02-25T07:06:27Z</time></trkpt>
<trkpt lat="33.0062225" lon="35.2047725"><ele>298.4</ele><time>2024-02-25T07:06:28Z</time></trkpt>
<trkpt lat="33.0062214" lon="35.2047949"><ele>298.6</ele><time>2024-02-25T07:06:29Z</time></trkpt>
<trkpt lat="33.0062197" lon="35.2048184"><ele>298.7</ele><time>2024-02-25T07:06:30Z</time></trkpt>
<trkpt lat="33.0062171" lon="35.2048424"><ele>298.8</ele><time>2024-02-25T07:06:31Z</time></trkpt>
<trkpt lat="33.0062145" lon="35.2048659"><ele>298.9</ele><time>2024-02-25T07:06:32Z</time></trkpt>
<trkpt lat="33.0062123" lon="35.2048889"><ele>299.0</ele><time>2024-02-25T07:06:33Z</time></trkpt>
<trkpt lat="33.0062105" lon="35.2049116"><ele>299.1</ele><time>2024-02-25T07:06:34Z</time></trkpt>
<trkpt lat="33.0062088" lon="35.2049334"><ele>299.2</ele><time>2024-02-25T07:06:35Z</time></trkpt>
<trkpt lat="33.006207" lon="35.2049544"><ele>299.3</ele><time>2024-02-25T07:06:36Z</time></trkpt>
<trkpt lat="33.0062052" lon="35.2049752"><ele>299.3</ele><time>2024-02-25T07:06:37Z</time></trkpt>
<trkpt lat="33.0062034" lon="35.2049963"><ele>299.4</ele><time>2024-02-25T07:06:38Z</time></trkpt>
<trkpt lat="33.0062016" lon="35.2050175"><ele>299.5</ele><time>2024-02-25T07:06:39Z</time></trkpt>
<trkpt lat="33.0061998" lon="35.2050392"><ele>299.6</ele><time>2024-02-25T07:06:40Z</time></trkpt>
<trkpt lat="33.0061985" lon="35.2050615"><ele>299.7</ele><time>2024-02-25T07:06:41Z</time></trkpt>
<trkpt lat="33.0061977" lon="35.2050841"><ele>299.7</ele><time>2024-02-25T07:06:42Z</time></trkpt>
<trkpt lat="33.0061967" lon="35.2051064"><ele>299.8</ele><time>2024-02-25T07:06:43Z</time></trkpt>
<trkpt lat="33.0061948" lon="35.2051282"><ele>299.9</ele><time>2024-02-25T07:06:44Z</time></trkpt>
<trkpt lat="33.0061925" lon="35.2051501"><ele>300.0</ele><time>2024-02-25T07:06:45Z</time></trkpt>
<trkpt lat="33.006191" lon="35.2051726"><ele>300.1</ele><time>2024-02-25T07:06:46Z</time></trkpt>
<trkpt lat="33.0061908" lon="35.2051959"><ele>300.2</ele><time>2024-02-25T07:06:47Z</time></trkpt>
<trkpt lat="33.0061916" lon="35.2052201"><ele>300.2</ele><time>2024-02-25T07:06:48Z</time></trkpt>
<trkpt lat="33.006193" lon="35.2052444"><ele>300.3</ele><time>2024-02-25T07:06:49Z</time></trkpt>
<trkpt lat="33.0061944" lon="35.2052681"><ele>300.4</ele><time>2024-02-25T07:06:50Z</time></trkpt>
<trkpt lat="33.0061948" lon="35.2052909"><ele>300.5</ele><time>2024-02-25T07:06:51Z</time></trkpt>
<trkpt lat="33.0061946" lon="35.2053132"><ele>300.6</ele><time>2024-02-25T07:06:52Z</time></trkpt>
<trkpt lat="33.0061939" lon="35.2053355"><ele>300.6</ele><time>2024-02-25T07:06:53Z</time></trkpt>
<trkpt lat="33.0061916" lon="35.2053583"><ele>300.7</ele><time>2024-02-25T07:06:54Z</time></trkpt>
<trkpt lat="33.0061875" lon="35.2053815"><ele>300.8</ele><time>2024-02-25T07:06:55Z</time></trkpt>
<trkpt lat="33.0061832" lon="35.2054049"><ele>300.8</ele><time>2024-02-25T07:06:56Z</time></trkpt>
<trkpt lat="33.0061801" lon="35.2054292"><ele>300.9</ele><time>2024-02-25T07:06:57Z</time></trkpt>
<trkpt lat="33.006178" lon="35.2054543"><ele>301.0</ele><time>2024-02-25T07:06:58Z</time></trkpt>
<trkpt lat="33.0061762" lon="35.2054791"><ele>301.0</ele><time>2024-02-25T07:06:59Z</time></trkpt>
<trkpt lat="33.0061746" lon="35.2055031"><ele>301.1</ele><time>2024-02-25T07:07:00Z</time></trkpt>
<trkpt lat="33.0061733" lon="35.2055268"><ele>301.1</ele><time>2024-02-25T07:07:01Z</time></trkpt>
<trkpt lat="33.0061725" lon="35.2055502"><ele>301.2</ele><time>2024-02-25T07:07:02Z</time></trkpt>
<trkpt lat="33.0061725" lon="35.2055733"><ele>301.2</ele><time>2024-02-25T07:07:03Z</time></trkpt>
<trkpt lat="33.0061729" lon="35.2055963"><ele>301.2</ele><time>2024-02-25T07:07:04Z</time></trkpt>
<trkpt lat="33.0061734" lon="35.2056197"><ele>301.3</ele><time>2024-02-25T07:07:05Z</time></trkpt>
<trkpt lat="33.0061737" lon="35.2056436"><ele>301.3</ele><time>2024-02-25T07:07:06Z</time></trkpt>
<trkpt lat="33.0061734" lon="35.2056683"><ele>301.4</ele><time>2024-02-25T07:07:07Z</time></trkpt>
<trkpt lat="33.006172" lon="35.2056935"><ele>301.4</ele><time>2024-02-25T07:07:08Z</time></trkpt>
<trkpt lat="33.0061698" lon="35.205718"><ele>301.5</ele><time>2024-02-25T07:07:09Z</time></trkpt>
<trkpt lat="33.0061669" lon="35.2057411"><ele>301.5</ele><time>2024-02-25T07:07:10Z</time></trkpt>
<trkpt lat="33.0061629" lon="35.2057637"><ele>301.5</ele><time>2024-02-25T07:07:11Z</time></trkpt>
<trkpt lat="33.0061577" lon="35.2057868"><ele>301.6</ele><time>2024-02-25T07:07:12Z</time></trkpt>
<trkpt lat="33.0061512" lon="35.2058101"><ele>301.6</ele><time>2024-02-25T07:07:13Z</time></trkpt>
<trkpt lat="33.0061442" lon="35.2058333"><ele>301.7</ele><time>2024-02-25T07:07:14Z</time></trkpt>
<trkpt lat="33.0061376" lon="35.2058558"><ele>301.7</ele><time>2024-02-25T07:07:15Z</time></trkpt>
<trkpt lat="33.0061321" lon="35.205877"><ele>301.8</ele><time>2024-02-25T07:07:16Z</time></trkpt>
<trkpt lat="33.0061277" lon="35.2058971"><ele>301.8</ele><time>2024-02-25T07:07:17Z</time></trkpt>
<trkpt lat="33.0061243" lon="35.2059173"><ele>301.8</ele><time>2024-02-25T07:07:18Z</time></trkpt>
<trkpt lat="33.0061218" lon="35.2059381"><ele>301.9</ele><time>2024-02-25T07:07:19Z</time></trkpt>
<trkpt lat="33.0061196" lon="35.2059595"><ele>302.0</ele><time>2024-02-25T07:07:20Z</time></trkpt>
<trkpt lat="33.0061178" lon="35.2059806"><ele>302.0</ele><time>2024-02-25T07:07:21Z</time></trkpt>
<trkpt lat="33.0061167" lon="35.2060012"><ele>302.1</ele><time>2024-02-25T07:07:22Z</time></trkpt>
<trkpt lat="33.006116" lon="35.2060212"><ele>302.2</ele><time>2024-02-25T07:07:23Z</time></trkpt>
<trkpt lat="33.0061147" lon="35.2060409"><ele>302.2</ele><time>2024-02-25T07:07:24Z</time></trkpt>
<trkpt lat="33.0061124" lon="35.2060601"><ele>302.3</ele><time>2024-02-25T07:07:25Z</time></trkpt>
<trkpt lat="33.0061095" lon="35.2060789"><ele>302.4</ele><time>2024-02-25T07:07:26Z</time></trkpt>
<trkpt lat="33.0061062" lon="35.2060974"><ele>302.5</ele><time>2024-02-25T07:07:27Z</time></trkpt>
<trkpt lat="33.0061025" lon="35.2061151"><ele>302.6</ele><time>2024-02-25T07:07:28Z</time></trkpt>
<trkpt lat="33.0060979" lon="35.2061319"><ele>302.8</ele><time>2024-02-25T07:07:29Z</time></trkpt>
<trkpt lat="33.0060936" lon="35.2061485"><ele>302.9</ele><time>2024-02-25T07:07:30Z</time></trkpt>
<trkpt lat="33.0060916" lon="35.2061655"><ele>303.0</ele><time>2024-02-25T07:07:31Z</time></trkpt>
<trkpt lat="33.0060922" lon="35.2061834"><ele>303.1</ele><time>2024-02-25T07:07:32Z</time></trkpt>
<trkpt lat="33.0060939" lon="35.2062023"><ele>303.3</ele><time>2024-02-25T07:07:33Z</time></trkpt>
<trkpt lat="33.006095" lon="35.2062218"><ele>303.4</ele><time>2024-02-25T07:07:34Z</time></trkpt>
<trkpt lat="33.0060961" lon="35.206241"><ele>303.6</ele><time>2024-02-25T07:07:35Z</time></trkpt>
<trkpt lat="33.0060982" lon="35.2062598"><ele>303.7</ele><time>2024-02-25T07:07:36Z</time></trkpt>
<trkpt lat="33.0061017" lon="35.2062783"><ele>303.8</ele><time>2024-02-25T07:07:37Z</time></trkpt>
<trkpt lat="33.0061064" lon="35.2062969"><ele>304.0</ele><time>2024-02-25T07:07:38Z</time></trkpt>
<trkpt lat="33.0061115" lon="35.206316"><ele>304.1</ele><time>2024-02-25T07:07:39Z</time></trkpt>
<trkpt lat="33.0061167" lon="35.2063354"><ele>304.3</ele><time>2024-02-25T07:07:40Z</time></trkpt>
<trkpt lat="33.0061216" lon="35.2063543"><ele>304.4</ele><time>2024-02-25T07:07:41Z</time></trkpt>
<trkpt lat="33.0061253" lon="35.206373"><ele>304.6</ele><time>2024-02-25T07:07:42Z</time></trkpt>
<trkpt lat="33.0061283" lon="35.206392"><ele>304.7</ele><time>2024-02-25T07:07:43Z</time></trkpt>
<trkpt lat="33.0061319" lon="35.2064114"><ele>304.9</ele><time>2024-02-25T07:07:44Z</time></trkpt>
<trkpt lat="33.0061359" lon="35.2064309"><ele>305.0</ele><time>2024-02-25T07:07:45Z</time></trkpt>
<trkpt lat="33.0061405" lon="35.2064507"><ele>305.1</ele><time>2024-02-25T07:07:46Z</time></trkpt>
<trkpt lat="33.0061462" lon="35.2064705"><ele>305.3</ele><time>2024-02-25T07:07:47Z</time></trkpt>
<trkpt lat="33.0061535" lon="35.2064895"><ele>305.4</ele><time>2024-02-25T07:07:48Z</time></trkpt>
<trkpt lat="33.0061628" lon="35.2065073"><ele>305.6</ele><time>2024-02-25T07:07:49Z</time></trkpt>
<trkpt lat="33.006173" lon="35.206525"><ele>305.7</ele><time>2024-02-25T07:07:50Z</time></trkpt>
<trkpt lat="33.0061827" lon="35.2065434"><ele>305.8</ele><time>2024-02-25T07:07:51Z</time></trkpt>
<trkpt lat="33.0061909" lon="35.2065625"><ele>306.0</ele><time>2024-02-25T07:07:52Z</time></trkpt>
<trkpt lat="33.0061978" lon="35.2065819"><ele>306.1</ele><time>2024-02-25T07:07:53Z</time></trkpt>
<trkpt lat="33.0062039" lon="35.2066013"><ele>306.3</ele><time>2024-02-25T07:07:54Z</time></trkpt>
<trkpt lat="33.0062089" lon="35.2066208"><ele>306.4</ele><time>2024-02-25T07:07:55Z</time></trkpt>
<trkpt lat="33.0062129" lon="35.2066401"><ele>306.6</ele><time>2024-02-25T07:07:56Z</time></trkpt>
<trkpt lat="33.0062165" lon="35.2066591"><ele>306.7</ele><time>2024-02-25T07:07:57Z</time></trkpt>
<trkpt lat="33.0062196" lon="35.2066783"><ele>306.9</ele><time>2024-02-25T07:07:58Z</time></trkpt>
<trkpt lat="33.0062221" lon="35.2066975"><ele>307.0</ele><time>2024-02-25T07:07:59Z</time></trkpt>
<trkpt lat="33.0062237" lon="35.206717"><ele>307.2</ele><time>2024-02-25T07:08:00Z</time></trkpt>
<trkpt lat="33.0062244" lon="35.2067371"><ele>307.3</ele><time>2024-02-25T07:08:01Z</time></trkpt>
<trkpt lat="33.0062251" lon="35.2067573"><ele>307.5</ele><time>2024-02-25T07:08:02Z</time></trkpt>
<trkpt lat="33.0062264" lon="35.2067772"><ele>307.6</ele><time>2024-02-25T07:08:03Z</time></trkpt>
<trkpt lat="33.0062283" lon="35.2067969"><ele>307.8</ele><time>2024-02-25T07:08:04Z</time></trkpt>
<trkpt lat="33.0062308" lon="35.2068163"><ele>307.9</ele><time>2024-02-25T07:08:05Z</time></trkpt>
<trkpt lat="33.0062337" lon="35.2068352"><ele>308.1</ele><time>2024-02-25T07:08:06Z</time></trkpt>
<trkpt lat="33.0062361" lon="35.2068538"><ele>308.2</ele><time>2024-02-25T07:08:07Z</time></trkpt>
<trkpt lat="33.0062377" lon="35.2068726"><ele>308.4</ele><time>2024-02-25T07:08:08Z</time></trkpt>
<trkpt lat="33.0062388" lon="35.2068917"><ele>308.5</ele><time>2024-02-25T07:08:09Z</time></trkpt>
<trkpt lat="33.0062397" lon="35.2069109"><ele>308.7</ele><time>2024-02-25T07:08:10Z</time></trkpt>
<trkpt lat="33.0062405" lon="35.2069298"><ele>308.8</ele><time>2024-02-25T07:08:11Z</time></trkpt>
<trkpt lat="33.0062421" lon="35.2069484"><ele>308.9</ele><time>2024-02-25T07:08:12Z</time></trkpt>
<trkpt lat="33.0062457" lon="35.2069672"><ele>309.1</ele><time>2024-02-25T07:08:13Z</time></trkpt>
<trkpt lat="33.0062506" lon="35.2069862"><ele>309.2</ele><time>2024-02-25T07:08:14Z</time></trkpt>
<trkpt lat="33.0062556" lon="35.2070056"><ele>309.4</ele><time>2024-02-25T07:08:15Z</time></trkpt>
<trkpt lat="33.0062602" lon="35.2070253"><ele>309.5</ele><time>2024-02-25T07:08:16Z</time></trkpt>
<trkpt lat="33.0062641" lon="35.2070452"><ele>309.6</ele><time>2024-02-25T07:08:17Z</time></trkpt>
<trkpt lat="33.0062667" lon="35.2070647"><ele>309.7</ele><time>2024-02-25T07:08:18Z</time></trkpt>
<trkpt lat="33.0062679" lon="35.2070838"><ele>309.8</ele><time>2024-02-25T07:08:19Z</time></trkpt>
<trkpt lat="33.0062678" lon="35.2071026"><ele>309.9</ele><time>2024-02-25T07:08:20Z</time></trkpt>
<trkpt lat="33.0062672" lon="35.2071214"><ele>310.0</ele><time>2024-02-25T07:08:21Z</time></trkpt>
<trkpt lat="33.0062673" lon="35.20714"><ele>310.1</ele><time>2024-02-25T07:08:22Z</time></trkpt>
<trkpt lat="33.0062686" lon="35.207158"><ele>310.2</ele><time>2024-02-25T07:08:23Z</time></trkpt>
<trkpt lat="33.0062713" lon="35.2071755"><ele>310.3</ele><time>2024-02-25T07:08:24Z</time></trkpt>
<trkpt lat="33.006275" lon="35.207193"><ele>310.4</ele><time>2024-02-25T07:08:25Z</time></trkpt>
<trkpt lat="33.0062793" lon="35.2072104"><ele>310.4</ele><time>2024-02-25T07:08:26Z</time></trkpt>
<trkpt lat="33.0062837" lon="35.2072279"><ele>310.5</ele><time>2024-02-25T07:08:27Z</time></trkpt>
<trkpt lat="33.0062879" lon="35.2072455"><ele>310.6</ele><time>2024-02-25T07:08:28Z</time></trkpt>
<trkpt lat="33.0062917" lon="35.207263"><ele>310.7</ele><time>2024-02-25T07:08:29Z</time></trkpt>
<trkpt lat="33.0062949" lon="35.2072805"><ele>310.7</ele><time>2024-02-25T07:08:30Z</time></trkpt>
<trkpt lat="33.006297" lon="35.2072979"><ele>310.8</ele><time>2024-02-25T07:08:31Z</time></trkpt>
<trkpt lat="33.0062986" lon="35.2073149"><ele>310.9</ele><time>2024-02-25T07:08:32Z</time></trkpt>
<trkpt lat="33.0063008" lon="35.207332"><ele>311.0</ele><time>2024-02-25T07:08:33Z</time></trkpt>
<trkpt lat="33.0063039" lon="35.2073492"><ele>311.1</ele><time>2024-02-25T07:08:34Z</time></trkpt>
<trkpt lat="33.0063074" lon="35.2073668"><ele>311.1</ele><time>2024-02-25T07:08:35Z</time></trkpt>
<trkpt lat="33.0063111" lon="35.2073849"><ele>311.2</ele><time>2024-02-25T07:08:36Z</time></trkpt>
<trkpt lat="33.006315" lon="35.2074028"><ele>311.3</ele><time>2024-02-25T07:08:37Z</time></trkpt>
<trkpt lat="33.0063185" lon="35.2074197"><ele>311.4</ele><time>2024-02-25T07:08:38Z</time></trkpt>
<trkpt lat="33.0063212" lon="35.2074355"><ele>311.5</ele><time>2024-02-25T07:08:39Z</time></trkpt>
<trkpt lat="33.0063232" lon="35.2074509"><ele>311.6</ele><time>2024-02-25T07:08:40Z</time></trkpt>
<trkpt lat="33.0063247" lon="35.2074665"><ele>311.7</ele><time>2024-02-25T07:08:41Z</time></trkpt>
<trkpt lat="33.0063264" lon="35.2074825"><ele>311.8</ele><time>2024-02-25T07:08:42Z</time></trkpt>
<trkpt lat="33.0063286" lon="35.2074989"><ele>311.9</ele><time>2024-02-25T07:08:43Z</time></trkpt>
<trkpt lat="33.0063315" lon="35.2075155"><ele>312.0</ele><time>2024-02-25T07:08:44Z</time></trkpt>
<trkpt lat="33.0063347" lon="35.2075325"><ele>312.1</ele><time>2024-02-25T07:08:45Z</time></trkpt>
<trkpt lat="33.0063384" lon="35.2075497"><ele>312.2</ele><time>2024-02-25T07:08:46Z</time></trkpt>
<trkpt lat="33.0063424" lon="35.2075667"><ele>312.3</ele><time>2024-02-25T07:08:47Z</time></trkpt>
<trkpt lat="33.0063471" lon="35.2075836"><ele>312.4</ele><time>2024-02-25T07:08:48Z</time></trkpt>
<trkpt lat="33.0063522" lon="35.2076005"><ele>312.5</ele><time>2024-02-25T07:08:49Z</time></trkpt>
<trkpt lat="33.0063568" lon="35.207617"><ele>312.6</ele><time>2024-02-25T07:08:50Z</time></trkpt>
<trkpt lat="33.0063601" lon="35.2076327"><ele>312.7</ele><time>2024-02-25T07:08:51Z</time></trkpt>
<trkpt lat="33.0063621" lon="35.2076485"><ele>312.8</ele><time>2024-02-25T07:08:52Z</time></trkpt>
<trkpt lat="33.0063626" lon="35.2076639"><ele>312.8</ele><time>2024-02-25T07:08:53Z</time></trkpt>
<trkpt lat="33.0063615" lon="35.2076782"><ele>312.9</ele><time>2024-02-25T07:08:54Z</time></trkpt>
<trkpt lat="33.0063597" lon="35.2076919"><ele>313.0</ele><time>2024-02-25T07:08:55Z</time></trkpt>
<trkpt lat="33.0063575" lon="35.2077046"><ele>313.0</ele><time>2024-02-25T07:08:56Z</time></trkpt>
<trkpt lat="33.0063547" lon="35.2077152"><ele>313.1</ele><time>2024-02-25T07:08:57Z</time></trkpt>
<trkpt lat="33.0063519" lon="35.2077227"><ele>313.1</ele><time>2024-02-25T07:08:58Z</time></trkpt>
<trkpt lat="33.0063494" lon="35.2077272"><ele>313.1</ele><time>2024-02-25T07:08:59Z</time></trkpt>
<trkpt lat="33.0063476" lon="35.207729"><ele>313.1</ele><time>2024-02-25T07:09:00Z</time></trkpt>
<trkpt lat="33.0063466" lon="35.207729"><ele>313.2</ele><time>2024-02-25T07:09:01Z</time></trkpt>
<trkpt lat="33.0063459" lon="35.2077282"><ele>313.2</ele><time>2024-02-25T07:09:02Z</time></trkpt>
<trkpt lat="33.0063455" lon="35.2077272"><ele>313.2</ele><time>2024-02-25T07:09:03Z</time></trkpt>
<trkpt lat="33.0063452" lon="35.2077264"><ele>313.2</ele><time>2024-02-25T07:09:04Z</time></trkpt>
<trkpt lat="33.006345" lon="35.2077259"><ele>313.2</ele><time>2024-02-25T07:09:05Z</time></trkpt>
<trkpt lat="33.0063447" lon="35.2077256"><ele>313.2</ele><time>2024-02-25T07:09:06Z</time></trkpt>
<trkpt lat="33.0063443" lon="35.2077256"><ele>313.2</ele><time>2024-02-25T07:09:07Z</time></trkpt>
<trkpt lat="33.0063438" lon="35.207726"><ele>313.2</ele><time>2024-02-25T07:09:08Z</time></trkpt>
<trkpt lat="33.0063431" lon="35.2077267"><ele>313.2</ele><time>2024-02-25T07:09:09Z</time></trkpt>
<trkpt lat="33.0063423" lon="35.2077275"><ele>313.2</ele><time>2024-02-25T07:09:10Z</time></trkpt>
<trkpt lat="33.0063415" lon="35.2077282"><ele>313.2</ele><time>2024-02-25T07:09:11Z</time></trkpt>
<trkpt lat="33.0063408" lon="35.2077288"><ele>313.2</ele><time>2024-02-25T07:09:12Z</time></trkpt>
<trkpt lat="33.0063401" lon="35.2077292"><ele>313.2</ele><time>2024-02-25T07:09:13Z</time></trkpt>
<trkpt lat="33.0063395" lon="35.2077295"><ele>313.2</ele><time>2024-02-25T07:09:14Z</time></trkpt>
<trkpt lat="33.006339" lon="35.2077299"><ele>313.2</ele><time>2024-02-25T07:09:15Z</time></trkpt>
<trkpt lat="33.0063389" lon="35.2077307"><ele>313.2</ele><time>2024-02-25T07:09:16Z</time></trkpt>
<trkpt lat="33.0063392" lon="35.2077319"><ele>313.2</ele><time>2024-02-25T07:09:17Z</time></trkpt>
<trkpt lat="33.0063398" lon="35.207733"><ele>313.2</ele><time>2024-02-25T07:09:18Z</time></trkpt>
<trkpt lat="33.0063405" lon="35.2077337"><ele>313.2</ele><time>2024-02-25T07:09:19Z</time></trkpt>
<trkpt lat="33.0063411" lon="35.2077341"><ele>313.3</ele><time>2024-02-25T07:09:20Z</time></trkpt>
<trkpt lat="33.0063417" lon="35.2077346"><ele>313.3</ele><time>2024-02-25T07:09:21Z</time></trkpt>
<trkpt lat="33.006342" lon="35.2077354"><ele>313.3</ele><time>2024-02-25T07:09:22Z</time></trkpt>
<trkpt lat="33.0063421" lon="35.207737"><ele>313.3</ele><time>2024-02-25T07:09:23Z</time></trkpt>
<trkpt lat="33.0063419" lon="35.2077394"><ele>313.3</ele><time>2024-02-25T07:09:24Z</time></trkpt>
<trkpt lat="33.0063414" lon="35.2077423"><ele>313.3</ele><time>2024-02-25T07:09:25Z</time></trkpt>
<trkpt lat="33.0063409" lon="35.2077447"><ele>313.3</ele><time>2024-02-25T07:09:26Z</time></trkpt>
<trkpt lat="33.0063407" lon="35.2077462"><ele>313.3</ele><time>2024-02-25T07:09:27Z</time></trkpt>
<trkpt lat="33.0063407" lon="35.2077472"><ele>313.3</ele><time>2024-02-25T07:09:28Z</time></trkpt>
<trkpt lat="33.0063407" lon="35.2077482"><ele>313.4</ele><time>2024-02-25T07:09:29Z</time></trkpt>
<trkpt lat="33.0063407" lon="35.2077492"><ele>313.4</ele><time>2024-02-25T07:09:30Z</time></trkpt>
<trkpt lat="33.0063408" lon="35.2077503"><ele>313.4</ele><time>2024-02-25T07:09:31Z</time></trkpt>
<trkpt lat="33.0063408" lon="35.2077516"><ele>313.4</ele><time>2024-02-25T07:09:32Z</time></trkpt>
<trkpt lat="33.0063409" lon="35.207753"><ele>313.4</ele><time>2024-02-25T07:09:33Z</time></trkpt>
<trkpt lat="33.0063411" lon="35.2077547"><ele>313.5</ele><time>2024-02-25T07:09:34Z</time></trkpt>
<trkpt lat="33.0063414" lon="35.2077567"><ele>313.5</ele><time>2024-02-25T07:09:35Z</time></trkpt>
<trkpt lat="33.0063417" lon="35.2077589"><ele>313.5</ele><time>2024-02-25T07:09:36Z</time></trkpt>
<trkpt lat="33.006342" lon="35.2077615"><ele>313.6</ele><time>2024-02-25T07:09:37Z</time></trkpt>
<trkpt lat="33.0063422" lon="35.2077643"><ele>313.6</ele><time>2024-02-25T07:09:38Z</time></trkpt>
<trkpt lat="33.0063424" lon="35.207767"><ele>313.7</ele><time>2024-02-25T07:09:39Z</time></trkpt>
<trkpt lat="33.0063425" lon="35.2077695"><ele>313.7</ele><time>2024-02-25T07:09:40Z</time></trkpt>
<trkpt lat="33.0063427" lon="35.2077719"><ele>313.8</ele><time>2024-02-25T07:09:41Z</time></trkpt>
<trkpt lat="33.0063427" lon="35.2077743"><ele>313.8</ele><time>2024-02-25T07:09:42Z</time></trkpt>
<trkpt lat="33.0063424" lon="35.2077767"><ele>313.9</ele><time>2024-02-25T07:09:43Z</time></trkpt>
<trkpt lat="33.0063409" lon="35.2077793"><ele>313.9</ele><time>2024-02-25T07:09:44Z</time></trkpt>
<trkpt lat="33.0063382" lon="35.2077818"><ele>314.0</ele><time>2024-02-25T07:09:45Z</time></trkpt>
<trkpt lat="33.0063347" lon="35.2077837"><ele>314.0</ele><time>2024-02-25T07:09:46Z</time></trkpt>
<trkpt lat="33.0063315" lon="35.2077844"><ele>314.0</ele><time>2024-02-25T07:09:47Z</time></trkpt>
<trkpt lat="33.0063298" lon="35.2077842"><ele>314.1</ele><time>2024-02-25T07:09:48Z</time></trkpt>
<trkpt lat="33.0063292" lon="35.2077835"><ele>314.1</ele><time>2024-02-25T07:09:49Z</time></trkpt>
<trkpt lat="33.006329" lon="35.2077827"><ele>314.1</ele><time>2024-02-25T07:09:50Z</time></trkpt>
<trkpt lat="33.0063291" lon="35.2077822"><ele>314.2</ele><time>2024-02-25T07:09:51Z</time></trkpt>
<trkpt lat="33.0063292" lon="35.2077818"><ele>314.2</ele><time>2024-02-25T07:09:52Z</time></trkpt>
<trkpt lat="33.0063293" lon="35.2077815"><ele>314.2</ele><time>2024-02-25T07:09:53Z</time></trkpt>
<trkpt lat="33.0063294" lon="35.2077812"><ele>314.2</ele><time>2024-02-25T07:09:54Z</time></trkpt>
<trkpt lat="33.0063295" lon="35.207781"><ele>314.2</ele><time>2024-02-25T07:09:55Z</time></trkpt>
<trkpt lat="33.0063296" lon="35.2077808"><ele>314.2</ele><time>2024-02-25T07:09:56Z</time></trkpt>
<trkpt lat="33.0063297" lon="35.2077806"><ele>314.2</ele><time>2024-02-25T07:09:57Z</time></trkpt>
<trkpt lat="33.0063299" lon="35.2077804"><ele>314.2</ele><time>2024-02-25T07:09:58Z</time></trkpt>
<trkpt lat="33.0063301" lon="35.2077801"><ele>314.1</ele><time>2024-02-25T07:09:59Z</time></trkpt>
<trkpt lat="33.0063303" lon="35.2077796"><ele>314.1</ele><time>2024-02-25T07:10:00Z</time></trkpt>
<trkpt lat="33.0063307" lon="35.2077791"><ele>314.1</ele><time>2024-02-25T07:10:01Z</time></trkpt>
<trkpt lat="33.0063312" lon="35.2077784"><ele>314.1</ele><time>2024-02-25T07:10:02Z</time></trkpt>
<trkpt lat="33.0063319" lon="35.2077774"><ele>314.0</ele><time>2024-02-25T07:10:03Z</time></trkpt>
<trkpt lat="33.0063328" lon="35.207776"><ele>314.0</ele><time>2024-02-25T07:10:04Z</time></trkpt>
<trkpt lat="33.0063341" lon="35.2077742"><ele>313.9</ele><time>2024-02-25T07:10:05Z</time></trkpt>
<trkpt lat="33.0063359" lon="35.2077717"><ele>313.8</ele><time>2024-02-25T07:10:06Z</time></trkpt>
<trkpt lat="33.0063383" lon="35.2077684"><ele>313.8</ele><time>2024-02-25T07:10:07Z</time></trkpt>
<trkpt lat="33.0063415" lon="35.2077642"><ele>313.7</ele><time>2024-02-25T07:10:08Z</time></trkpt>
<trkpt lat="33.0063454" lon="35.2077595"><ele>313.6</ele><time>2024-02-25T07:10:09Z</time></trkpt>
<trkpt lat="33.00635" lon="35.2077552"><ele>313.6</ele><time>2024-02-25T07:10:10Z</time></trkpt>
<trkpt lat="33.0063544" lon="35.2077504"><ele>313.5</ele><time>2024-02-25T07:10:11Z</time></trkpt>
<trkpt lat="33.0063578" lon="35.2077438"><ele>313.4</ele><time>2024-02-25T07:10:12Z</time></trkpt>
<trkpt lat="33.006361" lon="35.2077366"><ele>313.4</ele><time>2024-02-25T07:10:13Z</time></trkpt>
<trkpt lat="33.0063643" lon="35.2077297"><ele>313.3</ele><time>2024-02-25T07:10:14Z</time></trkpt>
<trkpt lat="33.0063677" lon="35.2077236"><ele>313.3</ele><time>2024-02-25T07:10:15Z</time></trkpt>
<trkpt lat="33.0063708" lon="35.2077185"><ele>313.2</ele><time>2024-02-25T07:10:16Z</time></trkpt>
<trkpt lat="33.0063736" lon="35.2077143"><ele>313.2</ele><time>2024-02-25T07:10:17Z</time></trkpt>
<trkpt lat="33.006376" lon="35.207711"><ele>313.2</ele><time>2024-02-25T07:10:18Z</time></trkpt>
<trkpt lat="33.006378" lon="35.2077087"><ele>313.2</ele><time>2024-02-25T07:10:19Z</time></trkpt>
<trkpt lat="33.0063798" lon="35.2077071"><ele>313.2</ele><time>2024-02-25T07:10:20Z</time></trkpt>
<trkpt lat="33.0063817" lon="35.2077056"><ele>313.2</ele><time>2024-02-25T07:10:21Z</time></trkpt>
<trkpt lat="33.0063835" lon="35.2077041"><ele>313.2</ele><time>2024-02-25T07:10:22Z</time></trkpt>
<trkpt lat="33.0063856" lon="35.2077021"><ele>313.2</ele><time>2024-02-25T07:10:23Z</time></trkpt>
<trkpt lat="33.0063877" lon="35.2077007"><ele>313.2</ele><time>2024-02-25T07:10:24Z</time></trkpt>
<trkpt lat="33.0063897" lon="35.2077008"><ele>313.3</ele><time>2024-02-25T07:10:25Z</time></trkpt>
<trkpt lat="33.0063915" lon="35.2077028"><ele>313.3</ele><time>2024-02-25T07:10:26Z</time></trkpt>
<trkpt lat="33.0063931" lon="35.2077069"><ele>313.3</ele><time>2024-02-25T07:10:27Z</time></trkpt>
<trkpt lat="33.006395" lon="35.2077127"><ele>313.4</ele><time>2024-02-25T07:10:28Z</time></trkpt>
<trkpt lat="33.0063974" lon="35.2077203"><ele>313.4</ele><time>2024-02-25T07:10:29Z</time></trkpt>
<trkpt lat="33.0064009" lon="35.2077306"><ele>313.5</ele><time>2024-02-25T07:10:30Z</time></trkpt>
<trkpt lat="33.0064056" lon="35.207744"><ele>313.6</ele><time>2024-02-25T07:10:31Z</time></trkpt>
<trkpt lat="33.0064106" lon="35.2077599"><ele>313.6</ele><time>2024-02-25T07:10:32Z</time></trkpt>
<trkpt lat="33.0064149" lon="35.207778"><ele>313.7</ele><time>2024-02-25T07:10:33Z</time></trkpt>
<trkpt lat="33.0064175" lon="35.2077976"><ele>313.7</ele><time>2024-02-25T07:10:34Z</time></trkpt>
<trkpt lat="33.0064174" lon="35.2078182"><ele>313.8</ele><time>2024-02-25T07:10:35Z</time></trkpt>
<trkpt lat="33.006415" lon="35.2078397"><ele>313.9</ele><time>2024-02-25T07:10:36Z</time></trkpt>
<trkpt lat="33.0064113" lon="35.2078622"><ele>313.9</ele><time>2024-02-25T07:10:37Z</time></trkpt>
<trkpt lat="33.0064074" lon="35.2078848"><ele>314.0</ele><time>2024-02-25T07:10:38Z</time></trkpt>
<trkpt lat="33.0064034" lon="35.2079068"><ele>314.1</ele><time>2024-02-25T07:10:39Z</time></trkpt>
<trkpt lat="33.0063995" lon="35.2079281"><ele>314.1</ele><time>2024-02-25T07:10:40Z</time></trkpt>
<trkpt lat="33.0063957" lon="35.2079484"><ele>314.2</ele><time>2024-02-25T07:10:41Z</time></trkpt>
<trkpt lat="33.006392" lon="35.2079676"><ele>314.3</ele><time>2024-02-25T07:10:42Z</time></trkpt>
<trkpt lat="33.0063878" lon="35.2079859"><ele>314.3</ele><time>2024-02-25T07:10:43Z</time></trkpt>
<trkpt lat="33.0063836" lon="35.2080036"><ele>314.4</ele><time>2024-02-25T07:10:44Z</time></trkpt>
<trkpt lat="33.0063799" lon="35.2080223"><ele>314.4</ele><time>2024-02-25T07:10:45Z</time></trkpt>
<trkpt lat="33.0063773" lon="35.2080421"><ele>314.5</ele><time>2024-02-25T07:10:46Z</time></trkpt>
<trkpt lat="33.0063765" lon="35.2080618"><ele>314.5</ele><time>2024-02-25T07:10:47Z</time></trkpt>
<trkpt lat="33.0063773" lon="35.2080801"><ele>314.6</ele><time>2024-02-25T07:10:48Z</time></trkpt>
<trkpt lat="33.0063794" lon="35.2080973"><ele>314.6</ele><time>2024-02-25T07:10:49Z</time></trkpt>
<trkpt lat="33.0063826" lon="35.2081141"><ele>314.7</ele><time>2024-02-25T07:10:50Z</time></trkpt>
<trkpt lat="33.0063867" lon="35.2081313"><ele>314.7</ele><time>2024-02-25T07:10:51Z</time></trkpt>
<trkpt lat="33.0063918" lon="35.2081479"><ele>314.8</ele><time>2024-02-25T07:10:52Z</time></trkpt>
<trkpt lat="33.0063982" lon="35.208162"><ele>314.8</ele><time>2024-02-25T07:10:53Z</time></trkpt>
<trkpt lat="33.0064056" lon="35.2081728"><ele>314.8</ele><time>2024-02-25T07:10:54Z</time></trkpt>
<trkpt lat="33.0064134" lon="35.2081798"><ele>314.9</ele><time>2024-02-25T07:10:55Z</time></trkpt>
<trkpt lat="33.0064191" lon="35.2081829"><ele>314.9</ele><time>2024-02-25T07:10:56Z</time></trkpt>
<trkpt lat="33.0064227" lon="35.2081833"><ele>314.9</ele><time>2024-02-25T07:10:57Z</time></trkpt>
<trkpt lat="33.0064256" lon="35.2081827"><ele>314.9</ele><time>2024-02-25T07:10:58Z</time></trkpt>
<trkpt lat="33.0064278" lon="35.2081815"><ele>314.9</ele><time>2024-02-25T07:10:59Z</time></trkpt>
<trkpt lat="33.0064293" lon="35.2081802"><ele>314.9</ele><time>2024-02-25T07:11:00Z</time></trkpt>
<trkpt lat="33.00643" lon="35.208179"><ele>314.9</ele><time>2024-02-25T07:11:01Z</time></trkpt>
<trkpt lat="33.0064303" lon="35.2081778"><ele>314.9</ele><time>2024-02-25T07:11:02Z</time></trkpt>
<trkpt lat="33.0064303" lon="35.2081763"><ele>314.9</ele><time>2024-02-25T07:11:03Z</time></trkpt>
<trkpt lat="33.0064299" lon="35.2081747"><ele>314.9</ele><time>2024-02-25T07:11:04Z</time></trkpt>
<trkpt lat="33.0064293" lon="35.2081729"><ele>314.9</ele><time>2024-02-25T07:11:05Z</time></trkpt>
<trkpt lat="33.0064285" lon="35.2081711"><ele>315.0</ele><time>2024-02-25T07:11:06Z</time></trkpt>
<trkpt lat="33.0064276" lon="35.2081697"><ele>315.0</ele><time>2024-02-25T07:11:07Z</time></trkpt>
<trkpt lat="33.0064265" lon="35.2081689"><ele>315.0</ele><time>2024-02-25T07:11:08Z</time></trkpt>
<trkpt lat="33.0064252" lon="35.2081687"><ele>315.0</ele><time>2024-02-25T07:11:09Z</time></trkpt>
<trkpt lat="33.0064235" lon="35.2081693"><ele>315.1</ele><time>2024-02-25T07:11:10Z</time></trkpt>
<trkpt lat="33.006421" lon="35.2081704"><ele>315.1</ele><time>2024-02-25T07:11:11Z</time></trkpt>
<trkpt lat="33.0064169" lon="35.2081722"><ele>315.2</ele><time>2024-02-25T07:11:12Z</time></trkpt>
<trkpt lat="33.0064117" lon="35.208174"><ele>315.2</ele><time>2024-02-25T07:11:13Z</time></trkpt>
<trkpt lat="33.0064071" lon="35.2081745"><ele>315.3</ele><time>2024-02-25T07:11:14Z</time></trkpt>
<trkpt lat="33.0064035" lon="35.2081738"><ele>315.3</ele><time>2024-02-25T07:11:15Z</time></trkpt>
<trkpt lat="33.0064008" lon="35.2081723"><ele>315.4</ele><time>2024-02-25T07:11:16Z</time></trkpt>
<trkpt lat="33.006399" lon="35.2081705"><ele>315.4</ele><time>2024-02-25T07:11:17Z</time></trkpt>
<trkpt lat="33.0063976" lon="35.2081689"><ele>315.4</ele><time>2024-02-25T07:11:18Z</time></trkpt>
<trkpt lat="33.0063965" lon="35.2081675"><ele>315.4</ele><time>2024-02-25T07:11:19Z</time></trkpt>
<trkpt lat="33.0063959" lon="35.2081658"><ele>315.4</ele><time>2024-02-25T07:11:20Z</time></trkpt>
<trkpt lat="33.0063957" lon="35.208163"><ele>315.4</ele><time>2024-02-25T07:11:21Z</time></trkpt>
<trkpt lat="33.0063957" lon="35.2081597"><ele>315.3</ele><time>2024-02-25T07:11:22Z</time></trkpt>
<trkpt lat="33.0063958" lon="35.2081561"><ele>315.2</ele><time>2024-02-25T07:11:23Z</time></trkpt>
<trkpt lat="33.006396" lon="35.2081528"><ele>315.2</ele><time>2024-02-25T07:11:24Z</time></trkpt>
<trkpt lat="33.0063964" lon="35.2081499"><ele>315.1</ele><time>2024-02-25T07:11:25Z</time></trkpt>
<trkpt lat="33.006397" lon="35.2081467"><ele>315.0</ele><time>2024-02-25T07:11:26Z</time></trkpt>
<trkpt lat="33.006398" lon="35.2081435"><ele>314.8</ele><time>2024-02-25T07:11:27Z</time></trkpt>
<trkpt lat="33.0063992" lon="35.2081409"><ele>314.7</ele><time>2024-02-25T07:11:28Z</time></trkpt>
<trkpt lat="33.0064003" lon="35.2081384"><ele>314.6</ele><time>2024-02-25T07:11:29Z</time></trkpt>
<trkpt lat="33.0064012" lon="35.2081357"><ele>314.5</ele><time>2024-02-25T07:11:30Z</time></trkpt>
<trkpt lat="33.0064034" lon="35.2081305"><ele>314.4</ele><time>2024-02-25T07:11:31Z</time></trkpt>
<trkpt lat="33.0064074" lon="35.2081221"><ele>314.3</ele><time>2024-02-25T07:11:32Z</time></trkpt>
<trkpt lat="33.0064121" lon="35.2081142"><ele>314.3</ele><time>2024-02-25T07:11:33Z</time></trkpt>
<trkpt lat="33.006417" lon="35.2081092"><ele>314.2</ele><time>2024-02-25T07:11:34Z</time></trkpt>
<trkpt lat="33.0064218" lon="35.2081078"><ele>314.2</ele><time>2024-02-25T07:11:35Z</time></trkpt>
<trkpt lat="33.0064266" lon="35.2081093"><ele>314.2</ele><time>2024-02-25T07:11:36Z</time></trkpt>
<trkpt lat="33.0064314" lon="35.208113"><ele>314.2</ele><time>2024-02-25T07:11:37Z</time></trkpt>
<trkpt lat="33.0064363" lon="35.2081181"><ele>314.3</ele><time>2024-02-25T07:11:38Z</time></trkpt>
<trkpt lat="33.0064418" lon="35.2081234"><ele>314.3</ele><time>2024-02-25T07:11:39Z</time></trkpt>
<trkpt lat="33.0064475" lon="35.208128"><ele>314.4</ele><time>2024-02-25T07:11:40Z</time></trkpt>
<trkpt lat="33.0064532" lon="35.2081316"><ele>314.4</ele><time>2024-02-25T07:11:41Z</time></trkpt>
<trkpt lat="33.0064577" lon="35.2081346"><ele>314.5</ele><time>2024-02-25T07:11:42Z</time></trkpt>
<trkpt lat="33.006461" lon="35.2081376"><ele>314.6</ele><time>2024-02-25T07:11:43Z</time></trkpt>
<trkpt lat="33.0064639" lon="35.2081404"><ele>314.7</ele><time>2024-02-25T07:11:44Z</time></trkpt>
<trkpt lat="33.0064666" lon="35.2081429"><ele>314.7</ele><time>2024-02-25T07:11:45Z</time></trkpt>
<trkpt lat="33.006469" lon="35.2081455"><ele>314.8</ele><time>2024-02-25T07:11:46Z</time></trkpt>
<trkpt lat="33.0064717" lon="35.2081491"><ele>314.9</ele><time>2024-02-25T07:11:47Z</time></trkpt>
<trkpt lat="33.0064746" lon="35.2081553"><ele>315.0</ele><time>2024-02-25T07:11:48Z</time></trkpt>
<trkpt lat="33.0064777" lon="35.2081652"><ele>315.1</ele><time>2024-02-25T07:11:49Z</time></trkpt>
<trkpt lat="33.0064812" lon="35.208179"><ele>315.2</ele><time>2024-02-25T07:11:50Z</time></trkpt>
<trkpt lat="33.0064851" lon="35.2081949"><ele>315.3</ele><time>2024-02-25T07:11:51Z</time></trkpt>
<trkpt lat="33.0064885" lon="35.2082116"><ele>315.4</ele><time>2024-02-25T07:11:52Z</time></trkpt>
<trkpt lat="33.006491" lon="35.208229"><ele>315.6</ele><time>2024-02-25T07:11:53Z</time></trkpt>
<trkpt lat="33.0064922" lon="35.2082472"><ele>315.7</ele><time>2024-02-25T07:11:54Z</time></trkpt>
<trkpt lat="33.0064922" lon="35.2082666"><ele>315.8</ele><time>2024-02-25T07:11:55Z</time></trkpt>
<trkpt lat="33.0064912" lon="35.2082873"><ele>315.9</ele><time>2024-02-25T07:11:56Z</time></trkpt>
<trkpt lat="33.0064895" lon="35.2083084"><ele>316.0</ele><time>2024-02-25T07:11:57Z</time></trkpt>
<trkpt lat="33.0064872" lon="35.2083296"><ele>316.2</ele><time>2024-02-25T07:11:58Z</time></trkpt>
<trkpt lat="33.0064849" lon="35.2083512"><ele>316.3</ele><time>2024-02-25T07:11:59Z</time></trkpt>
<trkpt lat="33.0064835" lon="35.2083727"><ele>316.4</ele><time>2024-02-25T07:12:00Z</time></trkpt>
<trkpt lat="33.0064836" lon="35.2083935"><ele>316.5</ele><time>2024-02-25T07:12:01Z</time></trkpt>
<trkpt lat="33.0064854" lon="35.2084139"><ele>316.7</ele><time>2024-02-25T07:12:02Z</time></trkpt>
<trkpt lat="33.0064888" lon="35.2084342"><ele>316.8</ele><time>2024-02-25T07:12:03Z</time></trkpt>
<trkpt lat="33.0064938" lon="35.2084544"><ele>316.9</ele><time>2024-02-25T07:12:04Z</time></trkpt>
<trkpt lat="33.0064989" lon="35.2084744"><ele>317.0</ele><time>2024-02-25T07:12:05Z</time></trkpt>
<trkpt lat="33.0065023" lon="35.2084948"><ele>317.1</ele><time>2024-02-25T07:12:06Z</time></trkpt>
<trkpt lat="33.0065043" lon="35.2085159"><ele>317.2</ele><time>2024-02-25T07:12:07Z</time></trkpt>
<trkpt lat="33.0065052" lon="35.2085375"><ele>317.4</ele><time>2024-02-25T07:12:08Z</time></trkpt>
<trkpt lat="33.0065055" lon="35.2085594"><ele>317.5</ele><time>2024-02-25T07:12:09Z</time></trkpt>
<trkpt lat="33.0065061" lon="35.2085814"><ele>317.6</ele><time>2024-02-25T07:12:10Z</time></trkpt>
<trkpt lat="33.0065072" lon="35.2086042"><ele>317.7</ele><time>2024-02-25T07:12:11Z</time></trkpt>
<trkpt lat="33.006509" lon="35.2086277"><ele>317.8</ele><time>2024-02-25T07:12:12Z</time></trkpt>
<trkpt lat="33.0065107" lon="35.2086509"><ele>318.0</ele><time>2024-02-25T07:12:13Z</time></trkpt>
<trkpt lat="33.006512" lon="35.2086738"><ele>318.1</ele><time>2024-02-25T07:12:14Z</time></trkpt>
<trkpt lat="33.006513" lon="35.2086972"><ele>318.2</ele><time>2024-02-25T07:12:15Z</time></trkpt>
<trkpt lat="33.0065142" lon="35.2087211"><ele>318.4</ele><time>2024-02-25T07:12:16Z</time></trkpt>
<trkpt lat="33.0065161" lon="35.2087451"><ele>318.5</ele><time>2024-02-25T07:12:17Z</time></trkpt>
<trkpt lat="33.0065188" lon="35.2087685"><ele>318.7</ele><time>2024-02-25T07:12:18Z</time></trkpt>
<trkpt lat="33.0065216" lon="35.20879"><ele>318.8</ele><time>2024-02-25T07:12:19Z</time></trkpt>
<trkpt lat="33.0065236" lon="35.208809"><ele>318.9</ele><time>2024-02-25T07:12:20Z</time></trkpt>
<trkpt lat="33.006525" lon="35.2088267"><ele>319.1</ele><time>2024-02-25T07:12:21Z</time></trkpt>
<trkpt lat="33.0065259" lon="35.208845"><ele>319.2</ele><time>2024-02-25T07:12:22Z</time></trkpt>
<trkpt lat="33.0065269" lon="35.208864"><ele>319.3</ele><time>2024-02-25T07:12:23Z</time></trkpt>
<trkpt lat="33.0065276" lon="35.2088829"><ele>319.5</ele><time>2024-02-25T07:12:24Z</time></trkpt>
<trkpt lat="33.0065273" lon="35.2089015"><ele>319.6</ele><time>2024-02-25T07:12:25Z</time></trkpt>
<trkpt lat="33.0065254" lon="35.2089205"><ele>319.7</ele><time>2024-02-25T07:12:26Z</time></trkpt>
<trkpt lat="33.0065221" lon="35.2089405"><ele>319.8</ele><time>2024-02-25T07:12:27Z</time></trkpt>
<trkpt lat="33.0065174" lon="35.2089609"><ele>319.9</ele><time>2024-02-25T07:12:28Z</time></trkpt>
<trkpt lat="33.006512" lon="35.2089811"><ele>320.0</ele><time>2024-02-25T07:12:29Z</time></trkpt>
<trkpt lat="33.0065071" lon="35.2090011"><ele>320.1</ele><time>2024-02-25T07:12:30Z</time></trkpt>
<trkpt lat="33.0065038" lon="35.2090211"><ele>320.2</ele><time>2024-02-25T07:12:31Z</time></trkpt>
<trkpt lat="33.0065025" lon="35.2090413"><ele>320.3</ele><time>2024-02-25T07:12:32Z</time></trkpt>
<trkpt lat="33.0065023" lon="35.2090613"><ele>320.3</ele><time>2024-02-25T07:12:33Z</time></trkpt>
<trkpt lat="33.0065036" lon="35.2090799"><ele>320.4</ele><time>2024-02-25T07:12:34Z</time></trkpt>
<trkpt lat="33.0065065" lon="35.209097"><ele>320.5</ele><time>2024-02-25T07:12:35Z</time></trkpt>
<trkpt lat="33.0065102" lon="35.209114"><ele>320.6</ele><time>2024-02-25T07:12:36Z</time></trkpt>
<trkpt lat="33.0065144" lon="35.2091323"><ele>320.6</ele><time>2024-02-25T07:12:37Z</time></trkpt>
<trkpt lat="33.0065184" lon="35.2091518"><ele>320.7</ele><time>2024-02-25T07:12:38Z</time></trkpt>
<trkpt lat="33.0065223" lon="35.2091716"><ele>320.8</ele><time>2024-02-25T07:12:39Z</time></trkpt>
<trkpt lat="33.0065264" lon="35.2091914"><ele>320.9</ele><time>2024-02-25T07:12:40Z</time></trkpt>
<trkpt lat="33.0065312" lon="35.2092116"><ele>321.0</ele><time>2024-02-25T07:12:41Z</time></trkpt>
<trkpt lat="33.0065368" lon="35.2092319"><ele>321.1</ele><time>2024-02-25T07:12:42Z</time></trkpt>
<trkpt lat="33.0065424" lon="35.2092516"><ele>321.2</ele><time>2024-02-25T07:12:43Z</time></trkpt>
<trkpt lat="33.0065466" lon="35.2092704"><ele>321.3</ele><time>2024-02-25T07:12:44Z</time></trkpt>
<trkpt lat="33.0065487" lon="35.2092889"><ele>321.4</ele><time>2024-02-25T07:12:45Z</time></trkpt>
<trkpt lat="33.006549" lon="35.209308"><ele>321.5</ele><time>2024-02-25T07:12:46Z</time></trkpt>
<trkpt lat="33.0065477" lon="35.2093276"><ele>321.6</ele><time>2024-02-25T07:12:47Z</time></trkpt>
<trkpt lat="33.0065454" lon="35.2093467"><ele>321.7</ele><time>2024-02-25T07:12:48Z</time></trkpt>
<trkpt lat="33.0065433" lon="35.2093652"><ele>321.8</ele><time>2024-02-25T07:12:49Z</time></trkpt>
<trkpt lat="33.0065418" lon="35.2093837"><ele>321.9</ele><time>2024-02-25T07:12:50Z</time></trkpt>
<trkpt lat="33.0065406" lon="35.2094022"><ele>322.0</ele><time>2024-02-25T07:12:51Z</time></trkpt>
<trkpt lat="33.0065392" lon="35.2094206"><ele>322.2</ele><time>2024-02-25T07:12:52Z</time></trkpt>
<trkpt lat="33.0065371" lon="35.2094392"><ele>322.3</ele><time>2024-02-25T07:12:53Z</time></trkpt>
<trkpt lat="33.0065344" lon="35.2094585"><ele>322.4</ele><time>2024-02-25T07:12:54Z</time></trkpt>
<trkpt lat="33.006532" lon="35.2094775"><ele>322.5</ele><time>2024-02-25T07:12:55Z</time></trkpt>
<trkpt lat="33.0065306" lon="35.2094955"><ele>322.6</ele><time>2024-02-25T07:12:56Z</time></trkpt>
<trkpt lat="33.0065297" lon="35.2095123"><ele>322.7</ele><time>2024-02-25T07:12:57Z</time></trkpt>
<trkpt lat="33.0065279" lon="35.2095284"><ele>322.7</ele><time>2024-02-25T07:12:58Z</time></trkpt>
<trkpt lat="33.0065246" lon="35.2095447"><ele>322.8</ele><time>2024-02-25T07:12:59Z</time></trkpt>
<trkpt lat="33.0065198" lon="35.2095619"><ele>322.9</ele><time>2024-02-25T07:13:00Z</time></trkpt>
<trkpt lat="33.0065137" lon="35.2095793"><ele>322.9</ele><time>2024-02-25T07:13:01Z</time></trkpt>
<trkpt lat="33.0065072" lon="35.2095954"><ele>322.9</ele><time>2024-02-25T07:13:02Z</time></trkpt>
<trkpt lat="33.0065014" lon="35.2096107"><ele>323.0</ele><time>2024-02-25T07:13:03Z</time></trkpt>
<trkpt lat="33.0064971" lon="35.2096255"><ele>323.0</ele><time>2024-02-25T07:13:04Z</time></trkpt>
<trkpt lat="33.006495" lon="35.2096402"><ele>323.0</ele><time>2024-02-25T07:13:05Z</time></trkpt>
<trkpt lat="33.0064954" lon="35.2096542"><ele>323.1</ele><time>2024-02-25T07:13:06Z</time></trkpt>
<trkpt lat="33.0064978" lon="35.2096664"><ele>323.1</ele><time>2024-02-25T07:13:07Z</time></trkpt>
<trkpt lat="33.0065012" lon="35.2096754"><ele>323.1</ele><time>2024-02-25T07:13:08Z</time></trkpt>
<trkpt lat="33.0065046" lon="35.209681"><ele>323.1</ele><time>2024-02-25T07:13:09Z</time></trkpt>
<trkpt lat="33.0065073" lon="35.2096841"><ele>323.1</ele><time>2024-02-25T07:13:10Z</time></trkpt>
<trkpt lat="33.0065089" lon="35.2096853"><ele>323.1</ele><time>2024-02-25T07:13:11Z</time></trkpt>
<trkpt lat="33.0065095" lon="35.2096853"><ele>323.1</ele><time>2024-02-25T07:13:12Z</time></trkpt>
<trkpt lat="33.0065094" lon="35.2096848"><ele>323.1</ele><time>2024-02-25T07:13:13Z</time></trkpt>
<trkpt lat="33.0065089" lon="35.2096842"><ele>323.1</ele><time>2024-02-25T07:13:14Z</time></trkpt>
<trkpt lat="33.006508" lon="35.2096838"><ele>323.0</ele><time>2024-02-25T07:13:15Z</time></trkpt>
<trkpt lat="33.0065071" lon="35.2096837"><ele>323.0</ele><time>2024-02-25T07:13:16Z</time></trkpt>
<trkpt lat="33.0065063" lon="35.2096841"><ele>323.0</ele><time>2024-02-25T07:13:17Z</time></trkpt>
<trkpt lat="33.0065055" lon="35.2096845"><ele>323.0</ele><time>2024-02-25T07:13:18Z</time></trkpt>
<trkpt lat="33.006505" lon="35.2096847"><ele>323.0</ele><time>2024-02-25T07:13:19Z</time></trkpt>
<trkpt lat="33.0065047" lon="35.2096852"><ele>322.9</ele><time>2024-02-25T07:13:20Z</time></trkpt>
<trkpt lat="33.0065048" lon="35.2096865"><ele>322.9</ele><time>2024-02-25T07:13:21Z</time></trkpt>
<trkpt lat="33.0065058" lon="35.2096898"><ele>322.9</ele><time>2024-02-25T07:13:22Z</time></trkpt>
<trkpt lat="33.0065081" lon="35.2096965"><ele>322.8</ele><time>2024-02-25T07:13:23Z</time></trkpt>
<trkpt lat="33.0065119" lon="35.2097065"><ele>322.8</ele><time>2024-02-25T07:13:24Z</time></trkpt>
<trkpt lat="33.0065169" lon="35.2097181"><ele>322.7</ele><time>2024-02-25T07:13:25Z</time></trkpt>
<trkpt lat="33.0065223" lon="35.2097305"><ele>322.7</ele><time>2024-02-25T07:13:26Z</time></trkpt>
<trkpt lat="33.0065278" lon="35.2097427"><ele>322.6</ele><time>2024-02-25T07:13:27Z</time></trkpt>
<trkpt lat="33.0065337" lon="35.209753"><ele>322.5</ele><time>2024-02-25T07:13:28Z</time></trkpt>
<trkpt lat="33.0065411" lon="35.2097594"><ele>322.4</ele><time>2024-02-25T07:13:29Z</time></trkpt>
<trkpt lat="33.0065511" lon="35.2097592"><ele>322.3</ele><time>2024-02-25T07:13:30Z</time></trkpt>
<trkpt lat="33.0065649" lon="35.2097522"><ele>322.2</ele><time>2024-02-25T07:13:31Z</time></trkpt>
<trkpt lat="33.0065833" lon="35.2097418"><ele>322.1</ele><time>2024-02-25T07:13:32Z</time></trkpt>
<trkpt lat="33.006606" lon="35.2097319"><ele>322.0</ele><time>2024-02-25T07:13:33Z</time></trkpt>
<trkpt lat="33.0066339" lon="35.2097256"><ele>321.9</ele><time>2024-02-25T07:13:34Z</time></trkpt>
<trkpt lat="33.006667" lon="35.2097247"><ele>321.8</ele><time>2024-02-25T07:13:35Z</time></trkpt>
<trkpt lat="33.0067044" lon="35.2097316"><ele>321.6</ele><time>2024-02-25T07:13:36Z</time></trkpt>
<trkpt lat="33.0067457" lon="35.2097489"><ele>321.5</ele><time>2024-02-25T07:13:37Z</time></trkpt>
<trkpt lat="33.0067906" lon="35.2097791"><ele>321.4</ele><time>2024-02-25T07:13:38Z</time></trkpt>
<trkpt lat="33.0068378" lon="35.2098222"><ele>321.3</ele><time>2024-02-25T07:13:39Z</time></trkpt>
<trkpt lat="33.0068855" lon="35.2098744"><ele>321.2</ele><time>2024-02-25T07:13:40Z</time></trkpt>
<trkpt lat="33.006932" lon="35.2099311"><ele>321.1</ele><time>2024-02-25T07:13:41Z</time></trkpt>
<trkpt lat="33.0069765" lon="35.2099897"><ele>321.1</ele><time>2024-02-25T07:13:42Z</time></trkpt>
<trkpt lat="33.0070183" lon="35.2100494"><ele>321.0</ele><time>2024-02-25T07:13:43Z</time></trkpt>
<trkpt lat="33.0070566" lon="35.2101093"><ele>320.9</ele><time>2024-02-25T07:13:44Z</time></trkpt>
<trkpt lat="33.007091" lon="35.2101689"><ele>320.9</ele><time>2024-02-25T07:13:45Z</time></trkpt>
<trkpt lat="33.007122" lon="35.2102279"><ele>320.9</ele><time>2024-02-25T07:13:46Z</time></trkpt>
<trkpt lat="33.0071498" lon="35.2102855"><ele>320.8</ele><time>2024-02-25T07:13:47Z</time></trkpt>
<trkpt lat="33.0071741" lon="35.2103406"><ele>320.8</ele><time>2024-02-25T07:13:48Z</time></trkpt>
<trkpt lat="33.0071955" lon="35.2103924"><ele>320.8</ele><time>2024-02-25T07:13:49Z</time></trkpt>
<trkpt lat="33.0072156" lon="35.2104405"><ele>320.7</ele><time>2024-02-25T07:13:50Z</time></trkpt>
<trkpt lat="33.0072345" lon="35.2104852"><ele>320.7</ele><time>2024-02-25T07:13:51Z</time></trkpt>
<trkpt lat="33.0072512" lon="35.2105269"><ele>320.7</ele><time>2024-02-25T07:13:52Z</time></trkpt>
<trkpt lat="33.007265" lon="35.210566"><ele>320.7</ele><time>2024-02-25T07:13:53Z</time></trkpt>
<trkpt lat="33.0072769" lon="35.210603"><ele>320.7</ele><time>2024-02-25T07:13:54Z</time></trkpt>
<trkpt lat="33.0072877" lon="35.2106373"><ele>320.7</ele><time>2024-02-25T07:13:55Z</time></trkpt>
<trkpt lat="33.0072979" lon="35.2106681"><ele>320.7</ele><time>2024-02-25T07:13:56Z</time></trkpt>
<trkpt lat="33.007308" lon="35.2106951"><ele>320.7</ele><time>2024-02-25T07:13:57Z</time></trkpt>
<trkpt lat="33.007318" lon="35.2107186"><ele>320.7</ele><time>2024-02-25T07:13:58Z</time></trkpt>
<trkpt lat="33.007328" lon="35.2107406"><ele>320.7</ele><time>2024-02-25T07:13:59Z</time></trkpt>
<trkpt lat="33.0073381" lon="35.2107626"><ele>320.8</ele><time>2024-02-25T07:14:00Z</time></trkpt>
<trkpt lat="33.0073485" lon="35.2107845"><ele>320.8</ele><time>2024-02-25T07:14:01Z</time></trkpt>
<trkpt lat="33.0073589" lon="35.2108071"><ele>320.8</ele><time>2024-02-25T07:14:02Z</time></trkpt>
<trkpt lat="33.007369" lon="35.2108311"><ele>320.8</ele><time>2024-02-25T07:14:03Z</time></trkpt>
<trkpt lat="33.0073798" lon="35.210856"><ele>320.9</ele><time>2024-02-25T07:14:04Z</time></trkpt>
<trkpt lat="33.0073918" lon="35.2108808"><ele>320.9</ele><time>2024-02-25T07:14:05Z</time></trkpt>
<trkpt lat="33.0074041" lon="35.2109057"><ele>320.9</ele><time>2024-02-25T07:14:06Z</time></trkpt>
<trkpt lat="33.0074165" lon="35.2109311"><ele>320.9</ele><time>2024-02-25T07:14:07Z</time></trkpt>
<trkpt lat="33.0074295" lon="35.2109563"><ele>320.9</ele><time>2024-02-25T07:14:08Z</time></trkpt>
<trkpt lat="33.0074428" lon="35.2109816"><ele>320.9</ele><time>2024-02-25T07:14:09Z</time></trkpt>
<trkpt lat="33.0074558" lon="35.2110075"><ele>321.0</ele><time>2024-02-25T07:14:10Z</time></trkpt>
<trkpt lat="33.0074685" lon="35.2110335"><ele>321.0</ele><time>2024-02-25T07:14:11Z</time></trkpt>
<trkpt lat="33.007481" lon="35.2110599"><ele>321.0</ele><time>2024-02-25T07:14:12Z</time></trkpt>
<trkpt lat="33.0074939" lon="35.2110868"><ele>321.0</ele><time>2024-02-25T07:14:13Z</time></trkpt>
<trkpt lat="33.0075079" lon="35.211114"><ele>321.0</ele><time>2024-02-25T07:14:14Z</time></trkpt>
<trkpt lat="33.0075224" lon="35.2111415"><ele>321.0</ele><time>2024-02-25T07:14:15Z</time></trkpt>
<trkpt lat="33.0075375" lon="35.2111684"><ele>321.0</ele><time>2024-02-25T07:14:16Z</time></trkpt>
<trkpt lat="33.0075536" lon="35.2111945"><ele>321.0</ele><time>2024-02-25T07:14:17Z</time></trkpt>
<trkpt lat="33.0075692" lon="35.2112208"><ele>321.0</ele><time>2024-02-25T07:14:18Z</time></trkpt>
<trkpt lat="33.0075835" lon="35.211248"><ele>321.0</ele><time>2024-02-25T07:14:19Z</time></trkpt>
<trkpt lat="33.0075967" lon="35.2112762"><ele>321.1</ele><time>2024-02-25T07:14:20Z</time></trkpt>
<trkpt lat="33.0076094" lon="35.2113049"><ele>321.1</ele><time>2024-02-25T07:14:21Z</time></trkpt>
<trkpt lat="33.0076228" lon="35.2113331"><ele>321.1</ele><time>2024-02-25T07:14:22Z</time></trkpt>
<trkpt lat="33.0076375" lon="35.2113602"><ele>321.2</ele><time>2024-02-25T07:14:23Z</time></trkpt>
<trkpt lat="33.0076525" lon="35.2113867"><ele>321.2</ele><time>2024-02-25T07:14:24Z</time></trkpt>
<trkpt lat="33.0076667" lon="35.2114131"><ele>321.3</ele><time>2024-02-25T07:14:25Z</time></trkpt>
<trkpt lat="33.0076805" lon="35.2114397"><ele>321.4</ele><time>2024-02-25T07:14:26Z</time></trkpt>
<trkpt lat="33.0076936" lon="35.2114669"><ele>321.5</ele><time>2024-02-25T07:14:27Z</time></trkpt>
<trkpt lat="33.0077056" lon="35.2114953"><ele>321.6</ele><time>2024-02-25T07:14:28Z</time></trkpt>
<trkpt lat="33.0077171" lon="35.2115239"><ele>321.7</ele><time>2024-02-25T07:14:29Z</time></trkpt>
<trkpt lat="33.0077281" lon="35.2115527"><ele>321.8</ele><time>2024-02-25T07:14:30Z</time></trkpt>
<trkpt lat="33.0077375" lon="35.2115815"><ele>321.9</ele><time>2024-02-25T07:14:31Z</time></trkpt>
<trkpt lat="33.0077462" lon="35.2116093"><ele>322.0</ele><time>2024-02-25T07:14:32Z</time></trkpt>
<trkpt lat="33.0077544" lon="35.2116364"><ele>322.2</ele><time>2024-02-25T07:14:33Z</time></trkpt>
<trkpt lat="33.0077613" lon="35.2116639"><ele>322.3</ele><time>2024-02-25T07:14:34Z</time></trkpt>
<trkpt lat="33.0077671" lon="35.2116914"><ele>322.4</ele><time>2024-02-25T07:14:35Z</time></trkpt>
<trkpt lat="33.0077724" lon="35.2117182"><ele>322.6</ele><time>2024-02-25T07:14:36Z</time></trkpt>
<trkpt lat="33.0077778" lon="35.2117446"><ele>322.8</ele><time>2024-02-25T07:14:37Z</time></trkpt>
<trkpt lat="33.0077832" lon="35.2117718"><ele>322.9</ele><time>2024-02-25T07:14:38Z</time></trkpt>
<trkpt lat="33.0077889" lon="35.2118003"><ele>323.1</ele><time>2024-02-25T07:14:39Z</time></trkpt>
<trkpt lat="33.0077947" lon="35.2118286"><ele>323.2</ele><time>2024-02-25T07:14:40Z</time></trkpt>
<trkpt lat="33.0077999" lon="35.2118566"><ele>323.4</ele><time>2024-02-25T07:14:41Z</time></trkpt>
<trkpt lat="33.0078051" lon="35.2118845"><ele>323.6</ele><time>2024-02-25T07:14:42Z</time></trkpt>
<trkpt lat="33.0078109" lon="35.2119117"><ele>323.7</ele><time>2024-02-25T07:14:43Z</time></trkpt>
<trkpt lat="33.0078162" lon="35.2119381"><ele>323.9</ele><time>2024-02-25T07:14:44Z</time></trkpt>
<trkpt lat="33.0078204" lon="35.2119636"><ele>324.0</ele><time>2024-02-25T07:14:45Z</time></trkpt>
<trkpt lat="33.0078238" lon="35.211988"><ele>324.2</ele><time>2024-02-25T07:14:46Z</time></trkpt>
<trkpt lat="33.0078274" lon="35.2120106"><ele>324.3</ele><time>2024-02-25T07:14:47Z</time></trkpt>
<trkpt lat="33.0078313" lon="35.2120319"><ele>324.4</ele><time>2024-02-25T07:14:48Z</time></trkpt>
<trkpt lat="33.0078343" lon="35.2120534"><ele>324.5</ele><time>2024-02-25T07:14:49Z</time></trkpt>
<trkpt lat="33.0078372" lon="35.2120751"><ele>324.6</ele><time>2024-02-25T07:14:50Z</time></trkpt>
<trkpt lat="33.007841" lon="35.2120966"><ele>324.7</ele><time>2024-02-25T07:14:51Z</time></trkpt>
<trkpt lat="33.0078456" lon="35.2121184"><ele>324.8</ele><time>2024-02-25T07:14:52Z</time></trkpt>
<trkpt lat="33.0078499" lon="35.2121409"><ele>324.9</ele><time>2024-02-25T07:14:53Z</time></trkpt>
<trkpt lat="33.0078538" lon="35.2121634"><ele>325.0</ele><time>2024-02-25T07:14:54Z</time></trkpt>
<trkpt lat="33.0078577" lon="35.2121855"><ele>325.1</ele><time>2024-02-25T07:14:55Z</time></trkpt>
<trkpt lat="33.0078614" lon="35.2122075"><ele>325.2</ele><time>2024-02-25T07:14:56Z</time></trkpt>
<trkpt lat="33.0078649" lon="35.2122294"><ele>325.2</ele><time>2024-02-25T07:14:57Z</time></trkpt>
<trkpt lat="33.0078678" lon="35.2122514"><ele>325.3</ele><time>2024-02-25T07:14:58Z</time></trkpt>
<trkpt lat="33.0078703" lon="35.2122738"><ele>325.4</ele><time>2024-02-25T07:14:59Z</time></trkpt>
<trkpt lat="33.0078729" lon="35.2122961"><ele>325.5</ele><time>2024-02-25T07:15:00Z</time></trkpt>
<trkpt lat="33.0078753" lon="35.2123178"><ele>325.6</ele><time>2024-02-25T07:15:01Z</time></trkpt>
<trkpt lat="33.0078775" lon="35.2123387"><ele>325.7</ele><time>2024-02-25T07:15:02Z</time></trkpt>
<trkpt lat="33.0078796" lon="35.212359"><ele>325.8</ele><time>2024-02-25T07:15:03Z</time></trkpt>
<trkpt lat="33.0078815" lon="35.2123791"><ele>325.9</ele><time>2024-02-25T07:15:04Z</time></trkpt>
<trkpt lat="33.0078839" lon="35.212399"><ele>326.0</ele><time>2024-02-25T07:15:05Z</time></trkpt>
<trkpt lat="33.0078871" lon="35.2124188"><ele>326.2</ele><time>2024-02-25T07:15:06Z</time></trkpt>
<trkpt lat="33.0078908" lon="35.2124387"><ele>326.3</ele><time>2024-02-25T07:15:07Z</time></trkpt>
<trkpt lat="33.0078945" lon="35.2124583"><ele>326.4</ele><time>2024-02-25T07:15:08Z</time></trkpt>
<trkpt lat="33.0078972" lon="35.2124773"><ele>326.6</ele><time>2024-02-25T07:15:09Z</time></trkpt>
<trkpt lat="33.0078985" lon="35.2124965"><ele>326.7</ele><time>2024-02-25T07:15:10Z</time></trkpt>
<trkpt lat="33.0078996" lon="35.2125165"><ele>326.8</ele><time>2024-02-25T07:15:11Z</time></trkpt>
<trkpt lat="33.0079016" lon="35.2125367"><ele>327.0</ele><time>2024-02-25T07:15:12Z</time></trkpt>
<trkpt lat="33.007905" lon="35.2125569"><ele>327.1</ele><time>2024-02-25T07:15:13Z</time></trkpt>
<trkpt lat="33.0079087" lon="35.2125768"><ele>327.2</ele><time>2024-02-25T07:15:14Z</time></trkpt>
<trkpt lat="33.0079119" lon="35.2125962"><ele>327.4</ele><time>2024-02-25T07:15:15Z</time></trkpt>
<trkpt lat="33.0079144" lon="35.2126152"><ele>327.5</ele><time>2024-02-25T07:15:16Z</time></trkpt>
<trkpt lat="33.0079166" lon="35.2126333"><ele>327.6</ele><time>2024-02-25T07:15:17Z</time></trkpt>
<trkpt lat="33.0079187" lon="35.212651"><ele>327.8</ele><time>2024-02-25T07:15:18Z</time></trkpt>
<trkpt lat="33.0079212" lon="35.2126692"><ele>327.9</ele><time>2024-02-25T07:15:19Z</time></trkpt>
<trkpt lat="33.0079244" lon="35.2126876"><ele>328.0</ele><time>2024-02-25T07:15:20Z</time></trkpt>
<trkpt lat="33.0079279" lon="35.2127056"><ele>328.1</ele><time>2024-02-25T07:15:21Z</time></trkpt>
<trkpt lat="33.0079313" lon="35.2127249"><ele>328.2</ele><time>2024-02-25T07:15:22Z</time></trkpt>
<trkpt lat="33.007934" lon="35.2127456"><ele>328.3</ele><time>2024-02-25T07:15:23Z</time></trkpt>
<trkpt lat="33.0079366" lon="35.2127665"><ele>328.4</ele><time>2024-02-25T07:15:24Z</time></trkpt>
<trkpt lat="33.0079394" lon="35.212787"><ele>328.5</ele><time>2024-02-25T07:15:25Z</time></trkpt>
<trkpt lat="33.007943" lon="35.2128072"><ele>328.6</ele><time>2024-02-25T07:15:26Z</time></trkpt>
<trkpt lat="33.0079477" lon="35.2128274"><ele>328.6</ele><time>2024-02-25T07:15:27Z</time></trkpt>
<trkpt lat="33.0079532" lon="35.2128474"><ele>328.7</ele><time>2024-02-25T07:15:28Z</time></trkpt>
<trkpt lat="33.0079588" lon="35.2128663"><ele>328.8</ele><time>2024-02-25T07:15:29Z</time></trkpt>
<trkpt lat="33.0079641" lon="35.212885"><ele>328.9</ele><time>2024-02-25T07:15:30Z</time></trkpt>
<trkpt lat="33.0079689" lon="35.2129049"><ele>329.0</ele><time>2024-02-25T07:15:31Z</time></trkpt>
<trkpt lat="33.0079732" lon="35.212926"><ele>329.1</ele><time>2024-02-25T07:15:32Z</time></trkpt>
<trkpt lat="33.0079762" lon="35.2129476"><ele>329.2</ele><time>2024-02-25T07:15:33Z</time></trkpt>
<trkpt lat="33.007978" lon="35.2129693"><ele>329.3</ele><time>2024-02-25T07:15:34Z</time></trkpt>
<trkpt lat="33.0079797" lon="35.2129905"><ele>329.4</ele><time>2024-02-25T07:15:35Z</time></trkpt>
<trkpt lat="33.0079821" lon="35.2130105"><ele>329.5</ele><time>2024-02-25T07:15:36Z</time></trkpt>
<trkpt lat="33.0079852" lon="35.2130294"><ele>329.7</ele><time>2024-02-25T07:15:37Z</time></trkpt>
<trkpt lat="33.007988" lon="35.2130471"><ele>329.8</ele><time>2024-02-25T07:15:38Z</time></trkpt>
<trkpt lat="33.0079897" lon="35.2130649"><ele>329.9</ele><time>2024-02-25T07:15:39Z</time></trkpt>
<trkpt lat="33.0079916" lon="35.2130843"><ele>330.1</ele><time>2024-02-25T07:15:40Z</time></trkpt>
<trkpt lat="33.0079945" lon="35.2131047"><ele>330.2</ele><time>2024-02-25T07:15:41Z</time></trkpt>
<trkpt lat="33.0079974" lon="35.2131247"><ele>330.3</ele><time>2024-02-25T07:15:42Z</time></trkpt>
<trkpt lat="33.0079997" lon="35.2131442"><ele>330.5</ele><time>2024-02-25T07:15:43Z</time></trkpt>
<trkpt lat="33.0080019" lon="35.213164"><ele>330.6</ele><time>2024-02-25T07:15:44Z</time></trkpt>
<trkpt lat="33.0080041" lon="35.2131845"><ele>330.8</ele><time>2024-02-25T07:15:45Z</time></trkpt>
<trkpt lat="33.0080061" lon="35.2132054"><ele>330.9</ele><time>2024-02-25T07:15:46Z</time></trkpt>
<trkpt lat="33.0080076" lon="35.2132263"><ele>331.1</ele><time>2024-02-25T07:15:47Z</time></trkpt>
<trkpt lat="33.008008" lon="35.2132466"><ele>331.2</ele><time>2024-02-25T07:15:48Z</time></trkpt>
<trkpt lat="33.0080077" lon="35.2132665"><ele>331.4</ele><time>2024-02-25T07:15:49Z</time></trkpt>
<trkpt lat="33.0080072" lon="35.2132864"><ele>331.5</ele><time>2024-02-25T07:15:50Z</time></trkpt>
<trkpt lat="33.008007" lon="35.213307"><ele>331.6</ele><time>2024-02-25T07:15:51Z</time></trkpt>
<trkpt lat="33.0080075" lon="35.2133274"><ele>331.8</ele><time>2024-02-25T07:15:52Z</time></trkpt>
<trkpt lat="33.0080089" lon="35.2133469"><ele>331.9</ele><time>2024-02-25T07:15:53Z</time></trkpt>
<trkpt lat="33.00801" lon="35.2133665"><ele>332.0</ele><time>2024-02-25T07:15:54Z</time></trkpt>
<trkpt lat="33.0080108" lon="35.2133867"><ele>332.1</ele><time>2024-02-25T07:15:55Z</time></trkpt>
<trkpt lat="33.0080116" lon="35.2134068"><ele>332.2</ele><time>2024-02-25T07:15:56Z</time></trkpt>
<trkpt lat="33.0080121" lon="35.2134255"><ele>332.3</ele><time>2024-02-25T07:15:57Z</time></trkpt>
<trkpt lat="33.0080119" lon="35.2134438"><ele>332.4</ele><time>2024-02-25T07:15:58Z</time></trkpt>
<trkpt lat="33.0080112" lon="35.2134626"><ele>332.5</ele><time>2024-02-25T07:15:59Z</time></trkpt>
<trkpt lat="33.0080111" lon="35.2134812"><ele>332.6</ele><time>2024-02-25T07:16:00Z</time></trkpt>
<trkpt lat="33.0080121" lon="35.2134992"><ele>332.7</ele><time>2024-02-25T07:16:01Z</time></trkpt>
<trkpt lat="33.0080131" lon="35.2135168"><ele>332.7</ele><time>2024-02-25T07:16:02Z</time></trkpt>
<trkpt lat="33.0080142" lon="35.2135342"><ele>332.8</ele><time>2024-02-25T07:16:03Z</time></trkpt>
<trkpt lat="33.0080157" lon="35.2135515"><ele>332.9</ele><time>2024-02-25T07:16:04Z</time></trkpt>
<trkpt lat="33.0080173" lon="35.2135692"><ele>332.9</ele><time>2024-02-25T07:16:05Z</time></trkpt>
<trkpt lat="33.0080196" lon="35.2135873"><ele>332.9</ele><time>2024-02-25T07:16:06Z</time></trkpt>
<trkpt lat="33.008023" lon="35.2136057"><ele>333.0</ele><time>2024-02-25T07:16:07Z</time></trkpt>
<trkpt lat="33.0080276" lon="35.2136243"><ele>333.0</ele><time>2024-02-25T07:16:08Z</time></trkpt>
<trkpt lat="33.0080325" lon="35.2136435"><ele>333.0</ele><time>2024-02-25T07:16:09Z</time></trkpt>
<trkpt lat="33.0080365" lon="35.213663"><ele>333.1</ele><time>2024-02-25T07:16:10Z</time></trkpt>
<trkpt lat="33.008039" lon="35.2136824"><ele>333.1</ele><time>2024-02-25T07:16:11Z</time></trkpt>
<trkpt lat="33.0080402" lon="35.2137009"><ele>333.1</ele><time>2024-02-25T07:16:12Z</time></trkpt>
<trkpt lat="33.0080408" lon="35.2137193"><ele>333.2</ele><time>2024-02-25T07:16:13Z</time></trkpt>
<trkpt lat="33.0080416" lon="35.2137382"><ele>333.2</ele><time>2024-02-25T07:16:14Z</time></trkpt>
<trkpt lat="33.0080425" lon="35.213758"><ele>333.3</ele><time>2024-02-25T07:16:15Z</time></trkpt>
<trkpt lat="33.0080436" lon="35.2137781"><ele>333.3</ele><time>2024-02-25T07:16:16Z</time></trkpt>
<trkpt lat="33.0080452" lon="35.213798"><ele>333.4</ele><time>2024-02-25T07:16:17Z</time></trkpt>
<trkpt lat="33.0080468" lon="35.2138183"><ele>333.4</ele><time>2024-02-25T07:16:18Z</time></trkpt>
<trkpt lat="33.0080482" lon="35.2138393"><ele>333.5</ele><time>2024-02-25T07:16:19Z</time></trkpt>
<trkpt lat="33.0080498" lon="35.2138609"><ele>333.5</ele><time>2024-02-25T07:16:20Z</time></trkpt>
<trkpt lat="33.0080515" lon="35.2138821"><ele>333.6</ele><time>2024-02-25T07:16:21Z</time></trkpt>
<trkpt lat="33.0080531" lon="35.2139024"><ele>333.6</ele><time>2024-02-25T07:16:22Z</time></trkpt>
<trkpt lat="33.0080554" lon="35.2139229"><ele>333.7</ele><time>2024-02-25T07:16:23Z</time></trkpt>
<trkpt lat="33.0080581" lon="35.2139434"><ele>333.8</ele><time>2024-02-25T07:16:24Z</time></trkpt>
<trkpt lat="33.0080605" lon="35.2139642"><ele>333.8</ele><time>2024-02-25T07:16:25Z</time></trkpt>
<trkpt lat="33.0080631" lon="35.2139857"><ele>333.9</ele><time>2024-02-25T07:16:26Z</time></trkpt>
<trkpt lat="33.0080659" lon="35.2140079"><ele>333.9</ele><time>2024-02-25T07:16:27Z</time></trkpt>
<trkpt lat="33.0080697" lon="35.2140315"><ele>334.0</ele><time>2024-02-25T07:16:28Z</time></trkpt>
<trkpt lat="33.0080751" lon="35.2140564"><ele>334.1</ele><time>2024-02-25T07:16:29Z</time></trkpt>
<trkpt lat="33.0080811" lon="35.2140811"><ele>334.1</ele><time>2024-02-25T07:16:30Z</time></trkpt>
<trkpt lat="33.0080859" lon="35.2141045"><ele>334.2</ele><time>2024-02-25T07:16:31Z</time></trkpt>
<trkpt lat="33.008089" lon="35.2141276"><ele>334.3</ele><time>2024-02-25T07:16:32Z</time></trkpt>
<trkpt lat="33.0080922" lon="35.214151"><ele>334.3</ele><time>2024-02-25T07:16:33Z</time></trkpt>
<trkpt lat="33.0080966" lon="35.2141748"><ele>334.4</ele><time>2024-02-25T07:16:34Z</time></trkpt>
<trkpt lat="33.008101" lon="35.2141999"><ele>334.5</ele><time>2024-02-25T07:16:35Z</time></trkpt>
<trkpt lat="33.0081052" lon="35.2142258"><ele>334.5</ele><time>2024-02-25T07:16:36Z</time></trkpt>
<trkpt lat="33.0081099" lon="35.2142516"><ele>334.6</ele><time>2024-02-25T07:16:37Z</time></trkpt>
<trkpt lat="33.0081149" lon="35.2142774"><ele>334.7</ele><time>2024-02-25T07:16:38Z</time></trkpt>
<trkpt lat="33.008119" lon="35.2143027"><ele>334.7</ele><time>2024-02-25T07:16:39Z</time></trkpt>
<trkpt lat="33.0081217" lon="35.2143275"><ele>334.8</ele><time>2024-02-25T07:16:40Z</time></trkpt>
<trkpt lat="33.0081238" lon="35.2143525"><ele>334.9</ele><time>2024-02-25T07:16:41Z</time></trkpt>
<trkpt lat="33.0081263" lon="35.2143774"><ele>335.0</ele><time>2024-02-25T07:16:42Z</time></trkpt>
<trkpt lat="33.0081297" lon="35.214402"><ele>335.0</ele><time>2024-02-25T07:16:43Z</time></trkpt>
<trkpt lat="33.0081333" lon="35.2144261"><ele>335.1</ele><time>2024-02-25T07:16:44Z</time></trkpt>
<trkpt lat="33.008136" lon="35.2144504"><ele>335.2</ele><time>2024-02-25T07:16:45Z</time></trkpt>
<trkpt lat="33.0081386" lon="35.2144756"><ele>335.3</ele><time>2024-02-25T07:16:46Z</time></trkpt>
<trkpt lat="33.0081412" lon="35.2145014"><ele>335.4</ele><time>2024-02-25T07:16:47Z</time></trkpt>
<trkpt lat="33.0081437" lon="35.214527"><ele>335.5</ele><time>2024-02-25T07:16:48Z</time></trkpt>
<trkpt lat="33.0081463" lon="35.2145519"><ele>335.6</ele><time>2024-02-25T07:16:49Z</time></trkpt>
<trkpt lat="33.0081495" lon="35.2145763"><ele>335.7</ele><time>2024-02-25T07:16:50Z</time></trkpt>
<trkpt lat="33.0081533" lon="35.2146005"><ele>335.8</ele><time>2024-02-25T07:16:51Z</time></trkpt>
<trkpt lat="33.0081577" lon="35.2146241"><ele>335.9</ele><time>2024-02-25T07:16:52Z</time></trkpt>
<trkpt lat="33.0081625" lon="35.2146466"><ele>336.0</ele><time>2024-02-25T07:16:53Z</time></trkpt>
<trkpt lat="33.0081668" lon="35.2146684"><ele>336.2</ele><time>2024-02-25T07:16:54Z</time></trkpt>
<trkpt lat="33.00817" lon="35.2146897"><ele>336.3</ele><time>2024-02-25T07:16:55Z</time></trkpt>
<trkpt lat="33.0081719" lon="35.2147106"><ele>336.4</ele><time>2024-02-25T07:16:56Z</time></trkpt>
<trkpt lat="33.0081739" lon="35.2147326"><ele>336.5</ele><time>2024-02-25T07:16:57Z</time></trkpt>
<trkpt lat="33.0081768" lon="35.2147562"><ele>336.7</ele><time>2024-02-25T07:16:58Z</time></trkpt>
<trkpt lat="33.0081808" lon="35.2147791"><ele>336.8</ele><time>2024-02-25T07:16:59Z</time></trkpt>
<trkpt lat="33.008186" lon="35.2148004"><ele>336.9</ele><time>2024-02-25T07:17:00Z</time></trkpt>
<trkpt lat="33.0081914" lon="35.214821"><ele>337.0</ele><time>2024-02-25T07:17:01Z</time></trkpt>
<trkpt lat="33.008196" lon="35.2148397"><ele>337.1</ele><time>2024-02-25T07:17:02Z</time></trkpt>
<trkpt lat="33.0081998" lon="35.2148567"><ele>337.3</ele><time>2024-02-25T07:17:03Z</time></trkpt>
<trkpt lat="33.0082029" lon="35.2148736"><ele>337.4</ele><time>2024-02-25T07:17:04Z</time></trkpt>
<trkpt lat="33.0082055" lon="35.2148906"><ele>337.5</ele><time>2024-02-25T07:17:05Z</time></trkpt>
<trkpt lat="33.0082078" lon="35.2149081"><ele>337.6</ele><time>2024-02-25T07:17:06Z</time></trkpt>
<trkpt lat="33.0082108" lon="35.2149262"><ele>337.7</ele><time>2024-02-25T07:17:07Z</time></trkpt>
<trkpt lat="33.008215" lon="35.2149448"><ele>337.8</ele><time>2024-02-25T07:17:08Z</time></trkpt>
<trkpt lat="33.0082197" lon="35.2149633"><ele>337.9</ele><time>2024-02-25T07:17:09Z</time></trkpt>
<trkpt lat="33.0082239" lon="35.2149818"><ele>338.0</ele><time>2024-02-25T07:17:10Z</time></trkpt>
<trkpt lat="33.0082266" lon="35.2150006"><ele>338.1</ele><time>2024-02-25T07:17:11Z</time></trkpt>
<trkpt lat="33.0082282" lon="35.2150191"><ele>338.2</ele><time>2024-02-25T07:17:12Z</time></trkpt>
<trkpt lat="33.0082295" lon="35.2150374"><ele>338.3</ele><time>2024-02-25T07:17:13Z</time></trkpt>
<trkpt lat="33.0082311" lon="35.2150551"><ele>338.4</ele><time>2024-02-25T07:17:14Z</time></trkpt>
<trkpt lat="33.0082332" lon="35.215072"><ele>338.5</ele><time>2024-02-25T07:17:15Z</time></trkpt>
<trkpt lat="33.0082358" lon="35.2150894"><ele>338.6</ele><time>2024-02-25T07:17:16Z</time></trkpt>
<trkpt lat="33.0082385" lon="35.2151076"><ele>338.8</ele><time>2024-02-25T07:17:17Z</time></trkpt>
<trkpt lat="33.0082409" lon="35.2151258"><ele>338.9</ele><time>2024-02-25T07:17:18Z</time></trkpt>
<trkpt lat="33.0082428" lon="35.2151441"><ele>339.0</ele><time>2024-02-25T07:17:19Z</time></trkpt>
<trkpt lat="33.0082445" lon="35.2151619"><ele>339.1</ele><time>2024-02-25T07:17:20Z</time></trkpt>
<trkpt lat="33.0082462" lon="35.2151795"><ele>339.3</ele><time>2024-02-25T07:17:21Z</time></trkpt>
<trkpt lat="33.0082478" lon="35.2151966"><ele>339.4</ele><time>2024-02-25T07:17:22Z</time></trkpt>
<trkpt lat="33.0082492" lon="35.2152126"><ele>339.5</ele><time>2024-02-25T07:17:23Z</time></trkpt>
<trkpt lat="33.0082503" lon="35.2152281"><ele>339.7</ele><time>2024-02-25T07:17:24Z</time></trkpt>
<trkpt lat="33.0082511" lon="35.2152436"><ele>339.8</ele><time>2024-02-25T07:17:25Z</time></trkpt>
<trkpt lat="33.0082515" lon="35.215259"><ele>340.0</ele><time>2024-02-25T07:17:26Z</time></trkpt>
<trkpt lat="33.0082517" lon="35.2152745"><ele>340.1</ele><time>2024-02-25T07:17:27Z</time></trkpt>
<trkpt lat="33.0082522" lon="35.2152909"><ele>340.2</ele><time>2024-02-25T07:17:28Z</time></trkpt>
<trkpt lat="33.0082537" lon="35.2153074"><ele>340.4</ele><time>2024-02-25T07:17:29Z</time></trkpt>
<trkpt lat="33.0082563" lon="35.2153244"><ele>340.5</ele><time>2024-02-25T07:17:30Z</time></trkpt>
<trkpt lat="33.0082594" lon="35.2153425"><ele>340.7</ele><time>2024-02-25T07:17:31Z</time></trkpt>
<trkpt lat="33.008263" lon="35.2153603"><ele>340.8</ele><time>2024-02-25T07:17:32Z</time></trkpt>
<trkpt lat="33.0082668" lon="35.2153763"><ele>341.0</ele><time>2024-02-25T07:17:33Z</time></trkpt>
<trkpt lat="33.0082706" lon="35.2153904"><ele>341.1</ele><time>2024-02-25T07:17:34Z</time></trkpt>
<trkpt lat="33.008274" lon="35.2154051"><ele>341.3</ele><time>2024-02-25T07:17:35Z</time></trkpt>
<trkpt lat="33.0082762" lon="35.2154217"><ele>341.5</ele><time>2024-02-25T07:17:36Z</time></trkpt>
<trkpt lat="33.0082776" lon="35.215439"><ele>341.7</ele><time>2024-02-25T07:17:37Z</time></trkpt>
<trkpt lat="33.0082792" lon="35.215456"><ele>341.8</ele><time>2024-02-25T07:17:38Z</time></trkpt>
<trkpt lat="33.0082811" lon="35.215473"><ele>342.0</ele><time>2024-02-25T07:17:39Z</time></trkpt>
<trkpt lat="33.0082837" lon="35.2154904"><ele>342.2</ele><time>2024-02-25T07:17:40Z</time></trkpt>
<trkpt lat="33.0082873" lon="35.2155075"><ele>342.5</ele><time>2024-02-25T07:17:41Z</time></trkpt>
<trkpt lat="33.0082914" lon="35.2155242"><ele>342.7</ele><time>2024-02-25T07:17:42Z</time></trkpt>
<trkpt lat="33.0082955" lon="35.2155403"><ele>342.9</ele><time>2024-02-25T07:17:43Z</time></trkpt>
<trkpt lat="33.0082995" lon="35.2155557"><ele>343.1</ele><time>2024-02-25T07:17:44Z</time></trkpt>
<trkpt lat="33.008304" lon="35.2155704"><ele>343.4</ele><time>2024-02-25T07:17:45Z</time></trkpt>
<trkpt lat="33.0083081" lon="35.2155842"><ele>343.6</ele><time>2024-02-25T07:17:46Z</time></trkpt>
<trkpt lat="33.0083109" lon="35.2155975"><ele>343.8</ele><time>2024-02-25T07:17:47Z</time></trkpt>
<trkpt lat="33.0083133" lon="35.2156101"><ele>344.0</ele><time>2024-02-25T07:17:48Z</time></trkpt>
<trkpt lat="33.0083164" lon="35.2156227"><ele>344.2</ele><time>2024-02-25T07:17:49Z</time></trkpt>
<trkpt lat="33.0083202" lon="35.215636"><ele>344.5</ele><time>2024-02-25T07:17:50Z</time></trkpt>
<trkpt lat="33.0083239" lon="35.2156492"><ele>344.7</ele><time>2024-02-25T07:17:51Z</time></trkpt>
<trkpt lat="33.0083269" lon="35.2156623"><ele>344.9</ele><time>2024-02-25T07:17:52Z</time></trkpt>
<trkpt lat="33.0083297" lon="35.2156761"><ele>345.1</ele><time>2024-02-25T07:17:53Z</time></trkpt>
<trkpt lat="33.0083325" lon="35.2156906"><ele>345.3</ele><time>2024-02-25T07:17:54Z</time></trkpt>
<trkpt lat="33.0083351" lon="35.2157056"><ele>345.4</ele><time>2024-02-25T07:17:55Z</time></trkpt>
<trkpt lat="33.0083374" lon="35.2157202"><ele>345.6</ele><time>2024-02-25T07:17:56Z</time></trkpt>
<trkpt lat="33.0083395" lon="35.2157345"><ele>345.8</ele><time>2024-02-25T07:17:57Z</time></trkpt>
<trkpt lat="33.0083424" lon="35.215749"><ele>345.9</ele><time>2024-02-25T07:17:58Z</time></trkpt>
<trkpt lat="33.0083461" lon="35.2157631"><ele>346.0</ele><time>2024-02-25T07:17:59Z</time></trkpt>
<trkpt lat="33.0083503" lon="35.215777"><ele>346.2</ele><time>2024-02-25T07:18:00Z</time></trkpt>
<trkpt lat="33.0083543" lon="35.2157903"><ele>346.3</ele><time>2024-02-25T07:18:01Z</time></trkpt>
<trkpt lat="33.0083583" lon="35.2158036"><ele>346.4</ele><time>2024-02-25T07:18:02Z</time></trkpt>
<trkpt lat="33.0083624" lon="35.2158171"><ele>346.5</ele><time>2024-02-25T07:18:03Z</time></trkpt>
<trkpt lat="33.0083664" lon="35.2158299"><ele>346.6</ele><time>2024-02-25T07:18:04Z</time></trkpt>
<trkpt lat="33.0083701" lon="35.2158422"><ele>346.7</ele><time>2024-02-25T07:18:05Z</time></trkpt>
<trkpt lat="33.0083738" lon="35.2158546"><ele>346.8</ele><time>2024-02-25T07:18:06Z</time></trkpt>
<trkpt lat="33.0083767" lon="35.2158679"><ele>346.8</ele><time>2024-02-25T07:18:07Z</time></trkpt>
<trkpt lat="33.0083787" lon="35.2158819"><ele>346.9</ele><time>2024-02-25T07:18:08Z</time></trkpt>
<trkpt lat="33.0083801" lon="35.2158958"><ele>347.0</ele><time>2024-02-25T07:18:09Z</time></trkpt>
<trkpt lat="33.0083814" lon="35.2159095"><ele>347.0</ele><time>2024-02-25T07:18:10Z</time></trkpt>
<trkpt lat="33.0083831" lon="35.2159232"><ele>347.1</ele><time>2024-02-25T07:18:11Z</time></trkpt>
<trkpt lat="33.0083853" lon="35.215937"><ele>347.1</ele><time>2024-02-25T07:18:12Z</time></trkpt>
<trkpt lat="33.0083876" lon="35.2159505"><ele>347.2</ele><time>2024-02-25T07:18:13Z</time></trkpt>
<trkpt lat="33.0083897" lon="35.2159638"><ele>347.2</ele><time>2024-02-25T07:18:14Z</time></trkpt>
<trkpt lat="33.0083916" lon="35.215977"><ele>347.2</ele><time>2024-02-25T07:18:15Z</time></trkpt>
<trkpt lat="33.0083937" lon="35.2159905"><ele>347.3</ele><time>2024-02-25T07:18:16Z</time></trkpt>
<trkpt lat="33.0083955" lon="35.2160042"><ele>347.3</ele><time>2024-02-25T07:18:17Z</time></trkpt>
<trkpt lat="33.0083969" lon="35.2160186"><ele>347.3</ele><time>2024-02-25T07:18:18Z</time></trkpt>
<trkpt lat="33.008398" lon="35.2160332"><ele>347.4</ele><time>2024-02-25T07:18:19Z</time></trkpt>
<trkpt lat="33.0083996" lon="35.2160479"><ele>347.4</ele><time>2024-02-25T07:18:20Z</time></trkpt>
<trkpt lat="33.0084012" lon="35.2160636"><ele>347.4</ele><time>2024-02-25T07:18:21Z</time></trkpt>
<trkpt lat="33.0084017" lon="35.216079"><ele>347.4</ele><time>2024-02-25T07:18:22Z</time></trkpt>
<trkpt lat="33.0084012" lon="35.2160936"><ele>347.5</ele><time>2024-02-25T07:18:23Z</time></trkpt>
<trkpt lat="33.0084001" lon="35.216107"><ele>347.5</ele><time>2024-02-25T07:18:24Z</time></trkpt>
<trkpt lat="33.0083992" lon="35.2161193"><ele>347.5</ele><time>2024-02-25T07:18:25Z</time></trkpt>
<trkpt lat="33.0083982" lon="35.2161317"><ele>347.6</ele><time>2024-02-25T07:18:26Z</time></trkpt>
<trkpt lat="33.0083971" lon="35.2161447"><ele>347.6</ele><time>2024-02-25T07:18:27Z</time></trkpt>
<trkpt lat="33.0083959" lon="35.2161582"><ele>347.6</ele><time>2024-02-25T07:18:28Z</time></trkpt>
<trkpt lat="33.0083949" lon="35.2161716"><ele>347.7</ele><time>2024-02-25T07:18:29Z</time></trkpt>
<trkpt lat="33.0083947" lon="35.2161853"><ele>347.7</ele><time>2024-02-25T07:18:30Z</time></trkpt>
<trkpt lat="33.0083957" lon="35.2161995"><ele>347.8</ele><time>2024-02-25T07:18:31Z</time></trkpt>
<trkpt lat="33.0083976" lon="35.216214"><ele>347.8</ele><time>2024-02-25T07:18:32Z</time></trkpt>
<trkpt lat="33.0083998" lon="35.2162282"><ele>347.9</ele><time>2024-02-25T07:18:33Z</time></trkpt>
<trkpt lat="33.0084025" lon="35.2162427"><ele>347.9</ele><time>2024-02-25T07:18:34Z</time></trkpt>
<trkpt lat="33.0084049" lon="35.2162581"><ele>348.0</ele><time>2024-02-25T07:18:35Z</time></trkpt>
<trkpt lat="33.0084067" lon="35.2162738"><ele>348.1</ele><time>2024-02-25T07:18:36Z</time></trkpt>
<trkpt lat="33.0084077" lon="35.2162898"><ele>348.2</ele><time>2024-02-25T07:18:37Z</time></trkpt>
<trkpt lat="33.0084077" lon="35.2163062"><ele>348.3</ele><time>2024-02-25T07:18:38Z</time></trkpt>
<trkpt lat="33.0084074" lon="35.2163234"><ele>348.3</ele><time>2024-02-25T07:18:39Z</time></trkpt>
<trkpt lat="33.0084069" lon="35.2163401"><ele>348.4</ele><time>2024-02-25T07:18:40Z</time></trkpt>
<trkpt lat="33.0084065" lon="35.2163556"><ele>348.5</ele><time>2024-02-25T07:18:41Z</time></trkpt>
<trkpt lat="33.0084065" lon="35.2163707"><ele>348.6</ele><time>2024-02-25T07:18:42Z</time></trkpt>
<trkpt lat="33.008407" lon="35.2163856"><ele>348.7</ele><time>2024-02-25T07:18:43Z</time></trkpt>
<trkpt lat="33.0084081" lon="35.2164005"><ele>348.8</ele><time>2024-02-25T07:18:44Z</time></trkpt>
<trkpt lat="33.0084092" lon="35.2164152"><ele>348.9</ele><time>2024-02-25T07:18:45Z</time></trkpt>
<trkpt lat="33.00841" lon="35.2164298"><ele>348.9</ele><time>2024-02-25T07:18:46Z</time></trkpt>
<trkpt lat="33.008411" lon="35.2164442"><ele>349.0</ele><time>2024-02-25T07:18:47Z</time></trkpt>
<trkpt lat="33.0084125" lon="35.2164589"><ele>349.1</ele><time>2024-02-25T07:18:48Z</time></trkpt>
<trkpt lat="33.0084144" lon="35.2164739"><ele>349.2</ele><time>2024-02-25T07:18:49Z</time></trkpt>
<trkpt lat="33.0084169" lon="35.216489"><ele>349.2</ele><time>2024-02-25T07:18:50Z</time></trkpt>
<trkpt lat="33.0084193" lon="35.2165038"><ele>349.3</ele><time>2024-02-25T07:18:51Z</time></trkpt>
<trkpt lat="33.0084213" lon="35.216519"><ele>349.4</ele><time>2024-02-25T07:18:52Z</time></trkpt>
<trkpt lat="33.008423" lon="35.2165341"><ele>349.4</ele><time>2024-02-25T07:18:53Z</time></trkpt>
<trkpt lat="33.0084246" lon="35.2165488"><ele>349.5</ele><time>2024-02-25T07:18:54Z</time></trkpt>
<trkpt lat="33.008426" lon="35.2165635"><ele>349.5</ele><time>2024-02-25T07:18:55Z</time></trkpt>
<trkpt lat="33.0084275" lon="35.2165784"><ele>349.6</ele><time>2024-02-25T07:18:56Z</time></trkpt>
<trkpt lat="33.0084293" lon="35.2165933"><ele>349.6</ele><time>2024-02-25T07:18:57Z</time></trkpt>
<trkpt lat="33.0084302" lon="35.2166082"><ele>349.7</ele><time>2024-02-25T07:18:58Z</time></trkpt>
<trkpt lat="33.0084295" lon="35.2166229"><ele>349.7</ele><time>2024-02-25T07:18:59Z</time></trkpt>
<trkpt lat="33.0084288" lon="35.2166383"><ele>349.8</ele><time>2024-02-25T07:19:00Z</time></trkpt>
<trkpt lat="33.008429" lon="35.2166545"><ele>349.8</ele><time>2024-02-25T07:19:01Z</time></trkpt>
<trkpt lat="33.00843" lon="35.2166708"><ele>349.8</ele><time>2024-02-25T07:19:02Z</time></trkpt>
<trkpt lat="33.0084307" lon="35.2166867"><ele>349.9</ele><time>2024-02-25T07:19:03Z</time></trkpt>
<trkpt lat="33.0084305" lon="35.2167019"><ele>349.9</ele><time>2024-02-25T07:19:04Z</time></trkpt>
<trkpt lat="33.0084291" lon="35.2167167"><ele>350.0</ele><time>2024-02-25T07:19:05Z</time></trkpt>
<trkpt lat="33.0084275" lon="35.2167314"><ele>350.0</ele><time>2024-02-25T07:19:06Z</time></trkpt>
<trkpt lat="33.0084264" lon="35.2167464"><ele>350.0</ele><time>2024-02-25T07:19:07Z</time></trkpt>
<trkpt lat="33.0084264" lon="35.2167623"><ele>350.1</ele><time>2024-02-25T07:19:08Z</time></trkpt>
<trkpt lat="33.008427" lon="35.2167793"><ele>350.1</ele><time>2024-02-25T07:19:09Z</time></trkpt>
<trkpt lat="33.0084277" lon="35.216796"><ele>350.2</ele><time>2024-02-25T07:19:10Z</time></trkpt>
<trkpt lat="33.0084282" lon="35.2168117"><ele>350.3</ele><time>2024-02-25T07:19:11Z</time></trkpt>
<trkpt lat="33.0084284" lon="35.2168268"><ele>350.3</ele><time>2024-02-25T07:19:12Z</time></trkpt>
<trkpt lat="33.0084283" lon="35.2168421"><ele>350.4</ele><time>2024-02-25T07:19:13Z</time></trkpt>
<trkpt lat="33.0084279" lon="35.2168582"><ele>350.5</ele><time>2024-02-25T07:19:14Z</time></trkpt>
<trkpt lat="33.008428" lon="35.2168736"><ele>350.5</ele><time>2024-02-25T07:19:15Z</time></trkpt>
<trkpt lat="33.0084291" lon="35.2168883"><ele>350.6</ele><time>2024-02-25T07:19:16Z</time></trkpt>
<trkpt lat="33.0084306" lon="35.2169036"><ele>350.7</ele><time>2024-02-25T07:19:17Z</time></trkpt>
<trkpt lat="33.0084314" lon="35.216919"><ele>350.8</ele><time>2024-02-25T07:19:18Z</time></trkpt>
<trkpt lat="33.0084308" lon="35.2169347"><ele>350.9</ele><time>2024-02-25T07:19:19Z</time></trkpt>
<trkpt lat="33.0084293" lon="35.2169509"><ele>350.9</ele><time>2024-02-25T07:19:20Z</time></trkpt>
<trkpt lat="33.0084278" lon="35.2169666"><ele>351.0</ele><time>2024-02-25T07:19:21Z</time></trkpt>
<trkpt lat="33.0084265" lon="35.2169814"><ele>351.1</ele><time>2024-02-25T07:19:22Z</time></trkpt>
<trkpt lat="33.0084255" lon="35.2169962"><ele>351.2</ele><time>2024-02-25T07:19:23Z</time></trkpt>
<trkpt lat="33.0084248" lon="35.217012"><ele>351.3</ele><time>2024-02-25T07:19:24Z</time></trkpt>
<trkpt lat="33.008424" lon="35.2170282"><ele>351.4</ele><time>2024-02-25T07:19:25Z</time></trkpt>
<trkpt lat="33.0084231" lon="35.2170448"><ele>351.5</ele><time>2024-02-25T07:19:26Z</time></trkpt>
<trkpt lat="33.0084216" lon="35.2170616"><ele>351.6</ele><time>2024-02-25T07:19:27Z</time></trkpt>
<trkpt lat="33.0084193" lon="35.2170783"><ele>351.6</ele><time>2024-02-25T07:19:28Z</time></trkpt>
<trkpt lat="33.0084167" lon="35.2170954"><ele>351.7</ele><time>2024-02-25T07:19:29Z</time></trkpt>
<trkpt lat="33.0084144" lon="35.2171122"><ele>351.8</ele><time>2024-02-25T07:19:30Z</time></trkpt>
<trkpt lat="33.0084122" lon="35.2171291"><ele>351.9</ele><time>2024-02-25T07:19:31Z</time></trkpt>
<trkpt lat="33.0084099" lon="35.2171462"><ele>352.1</ele><time>2024-02-25T07:19:32Z</time></trkpt>
<trkpt lat="33.0084069" lon="35.2171628"><ele>352.2</ele><time>2024-02-25T07:19:33Z</time></trkpt>
<trkpt lat="33.0084032" lon="35.2171785"><ele>352.3</ele><time>2024-02-25T07:19:34Z</time></trkpt>
<trkpt lat="33.0083994" lon="35.2171941"><ele>352.4</ele><time>2024-02-25T07:19:35Z</time></trkpt>
<trkpt lat="33.0083964" lon="35.2172097"><ele>352.5</ele><time>2024-02-25T07:19:36Z</time></trkpt>
<trkpt lat="33.0083939" lon="35.2172252"><ele>352.6</ele><time>2024-02-25T07:19:37Z</time></trkpt>
<trkpt lat="33.0083917" lon="35.2172409"><ele>352.8</ele><time>2024-02-25T07:19:38Z</time></trkpt>
<trkpt lat="33.0083897" lon="35.2172561"><ele>352.9</ele><time>2024-02-25T07:19:39Z</time></trkpt>
<trkpt lat="33.0083879" lon="35.2172703"><ele>353.0</ele><time>2024-02-25T07:19:40Z</time></trkpt>
<trkpt lat="33.0083864" lon="35.217284"><ele>353.2</ele><time>2024-02-25T07:19:41Z</time></trkpt>
<trkpt lat="33.0083855" lon="35.2172976"><ele>353.3</ele><time>2024-02-25T07:19:42Z</time></trkpt>
<trkpt lat="33.008386" lon="35.2173106"><ele>353.4</ele><time>2024-02-25T07:19:43Z</time></trkpt>
<trkpt lat="33.0083869" lon="35.2173223"><ele>353.6</ele><time>2024-02-25T07:19:44Z</time></trkpt>
<trkpt lat="33.0083868" lon="35.2173358"><ele>353.7</ele><time>2024-02-25T07:19:45Z</time></trkpt>
<trkpt lat="33.0083851" lon="35.2173519"><ele>353.8</ele><time>2024-02-25T07:19:46Z</time></trkpt>
<trkpt lat="33.0083817" lon="35.217369"><ele>353.9</ele><time>2024-02-25T07:19:47Z</time></trkpt>
<trkpt lat="33.0083776" lon="35.2173859"><ele>354.1</ele><time>2024-02-25T07:19:48Z</time></trkpt>
<trkpt lat="33.0083732" lon="35.2174021"><ele>354.2</ele><time>2024-02-25T07:19:49Z</time></trkpt>
<trkpt lat="33.0083687" lon="35.2174182"><ele>354.3</ele><time>2024-02-25T07:19:50Z</time></trkpt>
<trkpt lat="33.0083647" lon="35.2174344"><ele>354.4</ele><time>2024-02-25T07:19:51Z</time></trkpt>
<trkpt lat="33.0083611" lon="35.2174508"><ele>354.5</ele><time>2024-02-25T07:19:52Z</time></trkpt>
<trkpt lat="33.0083567" lon="35.2174675"><ele>354.5</ele><time>2024-02-25T07:19:53Z</time></trkpt>
<trkpt lat="33.0083513" lon="35.217484"><ele>354.6</ele><time>2024-02-25T07:19:54Z</time></trkpt>
<trkpt lat="33.0083454" lon="35.2175"><ele>354.7</ele><time>2024-02-25T07:19:55Z</time></trkpt>
<trkpt lat="33.0083402" lon="35.2175161"><ele>354.8</ele><time>2024-02-25T07:19:56Z</time></trkpt>
<trkpt lat="33.0083362" lon="35.2175327"><ele>354.8</ele><time>2024-02-25T07:19:57Z</time></trkpt>
<trkpt lat="33.008333" lon="35.2175481"><ele>354.9</ele><time>2024-02-25T07:19:58Z</time></trkpt>
<trkpt lat="33.0083294" lon="35.2175635"><ele>354.9</ele><time>2024-02-25T07:19:59Z</time></trkpt>
<trkpt lat="33.0083247" lon="35.2175799"><ele>355.0</ele><time>2024-02-25T07:20:00Z</time></trkpt>
<trkpt lat="33.0083194" lon="35.2175965"><ele>355.1</ele><time>2024-02-25T07:20:01Z</time></trkpt>
<trkpt lat="33.0083141" lon="35.2176136"><ele>355.1</ele><time>2024-02-25T07:20:02Z</time></trkpt>
<trkpt lat="33.0083092" lon="35.2176306"><ele>355.2</ele><time>2024-02-25T07:20:03Z</time></trkpt>
<trkpt lat="33.0083043" lon="35.2176473"><ele>355.3</ele><time>2024-02-25T07:20:04Z</time></trkpt>
<trkpt lat="33.0082988" lon="35.2176638"><ele>355.4</ele><time>2024-02-25T07:20:05Z</time></trkpt>
<trkpt lat="33.008293" lon="35.2176798"><ele>355.4</ele><time>2024-02-25T07:20:06Z</time></trkpt>
<trkpt lat="33.0082876" lon="35.2176947"><ele>355.5</ele><time>2024-02-25T07:20:07Z</time></trkpt>
<trkpt lat="33.0082826" lon="35.2177091"><ele>355.6</ele><time>2024-02-25T07:20:08Z</time></trkpt>
<trkpt lat="33.0082778" lon="35.2177238"><ele>355.7</ele><time>2024-02-25T07:20:09Z</time></trkpt>
<trkpt lat="33.0082725" lon="35.2177391"><ele>355.8</ele><time>2024-02-25T07:20:10Z</time></trkpt>
<trkpt lat="33.0082664" lon="35.2177546"><ele>356.0</ele><time>2024-02-25T07:20:11Z</time></trkpt>
<trkpt lat="33.0082598" lon="35.2177694"><ele>356.1</ele><time>2024-02-25T07:20:12Z</time></trkpt>
<trkpt lat="33.0082532" lon="35.2177838"><ele>356.2</ele><time>2024-02-25T07:20:13Z</time></trkpt>
<trkpt lat="33.0082471" lon="35.2177981"><ele>356.4</ele><time>2024-02-25T07:20:14Z</time></trkpt>
<trkpt lat="33.0082412" lon="35.2178126"><ele>356.5</ele><time>2024-02-25T07:20:15Z</time></trkpt>
<trkpt lat="33.0082355" lon="35.2178273"><ele>356.7</ele><time>2024-02-25T07:20:16Z</time></trkpt>
<trkpt lat="33.0082299" lon="35.2178417"><ele>356.9</ele><time>2024-02-25T07:20:17Z</time></trkpt>
<trkpt lat="33.0082244" lon="35.2178559"><ele>357.1</ele><time>2024-02-25T07:20:18Z</time></trkpt>
<trkpt lat="33.0082189" lon="35.2178701"><ele>357.2</ele><time>2024-02-25T07:20:19Z</time></trkpt>
<trkpt lat="33.0082131" lon="35.2178844"><ele>357.4</ele><time>2024-02-25T07:20:20Z</time></trkpt>
<trkpt lat="33.0082066" lon="35.2178987"><ele>357.7</ele><time>2024-02-25T07:20:21Z</time></trkpt>
<trkpt lat="33.0081993" lon="35.2179121"><ele>357.9</ele><time>2024-02-25T07:20:22Z</time></trkpt>
<trkpt lat="33.0081916" lon="35.2179243"><ele>358.1</ele><time>2024-02-25T07:20:23Z</time></trkpt>
<trkpt lat="33.0081847" lon="35.2179357"><ele>358.3</ele><time>2024-02-25T07:20:24Z</time></trkpt>
<trkpt lat="33.0081782" lon="35.2179473"><ele>358.6</ele><time>2024-02-25T07:20:25Z</time></trkpt>
<trkpt lat="33.008171" lon="35.2179602"><ele>358.8</ele><time>2024-02-25T07:20:26Z</time></trkpt>
<trkpt lat="33.0081637" lon="35.2179733"><ele>359.0</ele><time>2024-02-25T07:20:27Z</time></trkpt>
<trkpt lat="33.0081566" lon="35.217986"><ele>359.3</ele><time>2024-02-25T07:20:28Z</time></trkpt>
<trkpt lat="33.0081501" lon="35.2179987"><ele>359.5</ele><time>2024-02-25T07:20:29Z</time></trkpt>
<trkpt lat="33.0081447" lon="35.2180117"><ele>359.7</ele><time>2024-02-25T07:20:30Z</time></trkpt>
<trkpt lat="33.0081402" lon="35.2180256"><ele>360.0</ele><time>2024-02-25T07:20:31Z</time></trkpt>
<trkpt lat="33.0081362" lon="35.2180402"><ele>360.2</ele><time>2024-02-25T07:20:32Z</time></trkpt>
<trkpt lat="33.0081322" lon="35.2180551"><ele>360.5</ele><time>2024-02-25T07:20:33Z</time></trkpt>
<trkpt lat="33.0081282" lon="35.2180699"><ele>360.7</ele><time>2024-02-25T07:20:34Z</time></trkpt>
<trkpt lat="33.0081245" lon="35.2180847"><ele>360.9</ele><time>2024-02-25T07:20:35Z</time></trkpt>
<trkpt lat="33.0081209" lon="35.2180999"><ele>361.1</ele><time>2024-02-25T07:20:36Z</time></trkpt>
<trkpt lat="33.0081171" lon="35.2181153"><ele>361.4</ele><time>2024-02-25T07:20:37Z</time></trkpt>
<trkpt lat="33.008113" lon="35.2181303"><ele>361.6</ele><time>2024-02-25T07:20:38Z</time></trkpt>
<trkpt lat="33.0081087" lon="35.218145"><ele>361.8</ele><time>2024-02-25T07:20:39Z</time></trkpt>
<trkpt lat="33.0081045" lon="35.2181592"><ele>362.0</ele><time>2024-02-25T07:20:40Z</time></trkpt>
<trkpt lat="33.0081002" lon="35.2181732"><ele>362.2</ele><time>2024-02-25T07:20:41Z</time></trkpt>
<trkpt lat="33.008096" lon="35.2181874"><ele>362.4</ele><time>2024-02-25T07:20:42Z</time></trkpt>
<trkpt lat="33.0080916" lon="35.2182017"><ele>362.6</ele><time>2024-02-25T07:20:43Z</time></trkpt>
<trkpt lat="33.0080867" lon="35.2182161"><ele>362.8</ele><time>2024-02-25T07:20:44Z</time></trkpt>
<trkpt lat="33.0080812" lon="35.2182305"><ele>363.0</ele><time>2024-02-25T07:20:45Z</time></trkpt>
<trkpt lat="33.0080754" lon="35.2182447"><ele>363.1</ele><time>2024-02-25T07:20:46Z</time></trkpt>
<trkpt lat="33.0080691" lon="35.2182585"><ele>363.3</ele><time>2024-02-25T07:20:47Z</time></trkpt>
<trkpt lat="33.0080625" lon="35.2182723"><ele>363.5</ele><time>2024-02-25T07:20:48Z</time></trkpt>
<trkpt lat="33.0080557" lon="35.2182859"><ele>363.7</ele><time>2024-02-25T07:20:49Z</time></trkpt>
<trkpt lat="33.0080496" lon="35.2182995"><ele>363.8</ele><time>2024-02-25T07:20:50Z</time></trkpt>
<trkpt lat="33.0080446" lon="35.2183128"><ele>364.0</ele><time>2024-02-25T07:20:51Z</time></trkpt>
<trkpt lat="33.0080401" lon="35.2183261"><ele>364.1</ele><time>2024-02-25T07:20:52Z</time></trkpt>
<trkpt lat="33.008036" lon="35.2183406"><ele>364.3</ele><time>2024-02-25T07:20:53Z</time></trkpt>
<trkpt lat="33.0080325" lon="35.218356"><ele>364.5</ele><time>2024-02-25T07:20:54Z</time></trkpt>
<trkpt lat="33.0080292" lon="35.2183718"><ele>364.6</ele><time>2024-02-25T07:20:55Z</time></trkpt>
<trkpt lat="33.0080254" lon="35.218388"><ele>364.8</ele><time>2024-02-25T07:20:56Z</time></trkpt>
<trkpt lat="33.0080215" lon="35.2184044"><ele>364.9</ele><time>2024-02-25T07:20:57Z</time></trkpt>
<trkpt lat="33.0080183" lon="35.2184206"><ele>365.1</ele><time>2024-02-25T07:20:58Z</time></trkpt>
<trkpt lat="33.0080159" lon="35.2184364"><ele>365.2</ele><time>2024-02-25T07:20:59Z</time></trkpt>
<trkpt lat="33.0080135" lon="35.2184523"><ele>365.4</ele><time>2024-02-25T07:21:00Z</time></trkpt>
<trkpt lat="33.0080105" lon="35.2184683"><ele>365.5</ele><time>2024-02-25T07:21:01Z</time></trkpt>
<trkpt lat="33.0080062" lon="35.2184843"><ele>365.7</ele><time>2024-02-25T07:21:02Z</time></trkpt>
<trkpt lat="33.0080014" lon="35.2184998"><ele>365.8</ele><time>2024-02-25T07:21:03Z</time></trkpt>
<trkpt lat="33.0079968" lon="35.2185145"><ele>365.9</ele><time>2024-02-25T07:21:04Z</time></trkpt>
<trkpt lat="33.007992" lon="35.2185283"><ele>366.0</ele><time>2024-02-25T07:21:05Z</time></trkpt>
<trkpt lat="33.0079863" lon="35.2185418"><ele>366.1</ele><time>2024-02-25T07:21:06Z</time></trkpt>
<trkpt lat="33.0079798" lon="35.218556"><ele>366.2</ele><time>2024-02-25T07:21:07Z</time></trkpt>
<trkpt lat="33.0079736" lon="35.2185705"><ele>366.3</ele><time>2024-02-25T07:21:08Z</time></trkpt>
<trkpt lat="33.0079682" lon="35.2185845"><ele>366.4</ele><time>2024-02-25T07:21:09Z</time></trkpt>
<trkpt lat="33.0079633" lon="35.2185987"><ele>366.5</ele><time>2024-02-25T07:21:10Z</time></trkpt>
<trkpt lat="33.007958" lon="35.2186133"><ele>366.5</ele><time>2024-02-25T07:21:11Z</time></trkpt>
<trkpt lat="33.0079528" lon="35.2186279"><ele>366.6</ele><time>2024-02-25T07:21:12Z</time></trkpt>
<trkpt lat="33.0079486" lon="35.2186426"><ele>366.6</ele><time>2024-02-25T07:21:13Z</time></trkpt>
<trkpt lat="33.007945" lon="35.2186577"><ele>366.7</ele><time>2024-02-25T07:21:14Z</time></trkpt>
<trkpt lat="33.0079415" lon="35.2186734"><ele>366.7</ele><time>2024-02-25T07:21:15Z</time></trkpt>
<trkpt lat="33.0079377" lon="35.2186891"><ele>366.8</ele><time>2024-02-25T07:21:16Z</time></trkpt>
<trkpt lat="33.0079337" lon="35.2187045"><ele>366.8</ele><time>2024-02-25T07:21:17Z</time></trkpt>
<trkpt lat="33.0079303" lon="35.2187193"><ele>366.8</ele><time>2024-02-25T07:21:18Z</time></trkpt>
<trkpt lat="33.0079279" lon="35.2187333"><ele>366.9</ele><time>2024-02-25T07:21:19Z</time></trkpt>
<trkpt lat="33.007926" lon="35.2187469"><ele>366.9</ele><time>2024-02-25T07:21:20Z</time></trkpt>
<trkpt lat="33.0079236" lon="35.2187607"><ele>366.9</ele><time>2024-02-25T07:21:21Z</time></trkpt>
<trkpt lat="33.0079198" lon="35.2187749"><ele>367.0</ele><time>2024-02-25T07:21:22Z</time></trkpt>
<trkpt lat="33.0079147" lon="35.2187889"><ele>367.0</ele><time>2024-02-25T07:21:23Z</time></trkpt>
<trkpt lat="33.0079092" lon="35.2188027"><ele>367.0</ele><time>2024-02-25T07:21:24Z</time></trkpt>
<trkpt lat="33.0079037" lon="35.2188168"><ele>367.0</ele><time>2024-02-25T07:21:25Z</time></trkpt>
<trkpt lat="33.0078987" lon="35.2188312"><ele>367.1</ele><time>2024-02-25T07:21:26Z</time></trkpt>
<trkpt lat="33.0078943" lon="35.218846"><ele>367.1</ele><time>2024-02-25T07:21:27Z</time></trkpt>
<trkpt lat="33.0078899" lon="35.2188617"><ele>367.1</ele><time>2024-02-25T07:21:28Z</time></trkpt>
<trkpt lat="33.0078858" lon="35.2188779"><ele>367.2</ele><time>2024-02-25T07:21:29Z</time></trkpt>
<trkpt lat="33.0078824" lon="35.2188938"><ele>367.2</ele><time>2024-02-25T07:21:30Z</time></trkpt>
<trkpt lat="33.0078794" lon="35.2189095"><ele>367.2</ele><time>2024-02-25T07:21:31Z</time></trkpt>
<trkpt lat="33.0078766" lon="35.2189249"><ele>367.3</ele><time>2024-02-25T07:21:32Z</time></trkpt>
<trkpt lat="33.0078739" lon="35.2189398"><ele>367.3</ele><time>2024-02-25T07:21:33Z</time></trkpt>
<trkpt lat="33.0078711" lon="35.2189547"><ele>367.4</ele><time>2024-02-25T07:21:34Z</time></trkpt>
<trkpt lat="33.0078678" lon="35.2189701"><ele>367.4</ele><time>2024-02-25T07:21:35Z</time></trkpt>
<trkpt lat="33.007863" lon="35.2189863"><ele>367.5</ele><time>2024-02-25T07:21:36Z</time></trkpt>
<trkpt lat="33.0078557" lon="35.2190022"><ele>367.5</ele><time>2024-02-25T07:21:37Z</time></trkpt>
<trkpt lat="33.0078463" lon="35.2190165"><ele>367.6</ele><time>2024-02-25T07:21:38Z</time></trkpt>
<trkpt lat="33.007835" lon="35.2190294"><ele>367.6</ele><time>2024-02-25T07:21:39Z</time></trkpt>
<trkpt lat="33.0078219" lon="35.2190392"><ele>367.7</ele><time>2024-02-25T07:21:40Z</time></trkpt>
<trkpt lat="33.0078076" lon="35.2190444"><ele>367.8</ele><time>2024-02-25T07:21:41Z</time></trkpt>
<trkpt lat="33.0077932" lon="35.2190452"><ele>367.8</ele><time>2024-02-25T07:21:42Z</time></trkpt>
<trkpt lat="33.0077793" lon="35.2190439"><ele>367.9</ele><time>2024-02-25T07:21:43Z</time></trkpt>
<trkpt lat="33.0077651" lon="35.2190423"><ele>367.9</ele><time>2024-02-25T07:21:44Z</time></trkpt>
<trkpt lat="33.0077505" lon="35.2190406"><ele>368.0</ele><time>2024-02-25T07:21:45Z</time></trkpt>
<trkpt lat="33.0077353" lon="35.2190391"><ele>368.0</ele><time>2024-02-25T07:21:46Z</time></trkpt>
<trkpt lat="33.0077201" lon="35.2190384"><ele>368.1</ele><time>2024-02-25T07:21:47Z</time></trkpt>
<trkpt lat="33.0077048" lon="35.2190387"><ele>368.1</ele><time>2024-02-25T07:21:48Z</time></trkpt>
<trkpt lat="33.0076895" lon="35.2190397"><ele>368.1</ele><time>2024-02-25T07:21:49Z</time></trkpt>
<trkpt lat="33.0076748" lon="35.219042"><ele>368.2</ele><time>2024-02-25T07:21:50Z</time></trkpt>
<trkpt lat="33.0076611" lon="35.2190457"><ele>368.2</ele><time>2024-02-25T07:21:51Z</time></trkpt>
<trkpt lat="33.0076478" lon="35.2190504"><ele>368.2</ele><time>2024-02-25T07:21:52Z</time></trkpt>
<trkpt lat="33.0076341" lon="35.2190561"><ele>368.2</ele><time>2024-02-25T07:21:53Z</time></trkpt>
<trkpt lat="33.0076196" lon="35.2190616"><ele>368.2</ele><time>2024-02-25T07:21:54Z</time></trkpt>
<trkpt lat="33.0076043" lon="35.2190654"><ele>368.2</ele><time>2024-02-25T07:21:55Z</time></trkpt>
<trkpt lat="33.007588" lon="35.2190665"><ele>368.3</ele><time>2024-02-25T07:21:56Z</time></trkpt>
<trkpt lat="33.0075713" lon="35.2190663"><ele>368.2</ele><time>2024-02-25T07:21:57Z</time></trkpt>
<trkpt lat="33.0075548" lon="35.2190662"><ele>368.2</ele><time>2024-02-25T07:21:58Z</time></trkpt>
<trkpt lat="33.007538" lon="35.2190657"><ele>368.2</ele><time>2024-02-25T07:21:59Z</time></trkpt>
<trkpt lat="33.0075209" lon="35.2190636"><ele>368.2</ele><time>2024-02-25T07:22:00Z</time></trkpt>
<trkpt lat="33.0075044" lon="35.2190595"><ele>368.2</ele><time>2024-02-25T07:22:01Z</time></trkpt>
<trkpt lat="33.007489" lon="35.2190539"><ele>368.2</ele><time>2024-02-25T07:22:02Z</time></trkpt>
<trkpt lat="33.0074737" lon="35.2190475"><ele>368.2</ele><time>2024-02-25T07:22:03Z</time></trkpt>
<trkpt lat="33.0074585" lon="35.2190403"><ele>368.1</ele><time>2024-02-25T07:22:04Z</time></trkpt>
<trkpt lat="33.0074453" lon="35.2190334"><ele>368.1</ele><time>2024-02-25T07:22:05Z</time></trkpt>
<trkpt lat="33.0074343" lon="35.2190264"><ele>368.1</ele><time>2024-02-25T07:22:06Z</time></trkpt>
<trkpt lat="33.007424" lon="35.2190176"><ele>368.1</ele><time>2024-02-25T07:22:07Z</time></trkpt>
<trkpt lat="33.0074134" lon="35.2190069"><ele>368.1</ele><time>2024-02-25T07:22:08Z</time></trkpt>
<trkpt lat="33.0074024" lon="35.2189947"><ele>368.1</ele><time>2024-02-25T07:22:09Z</time></trkpt>
<trkpt lat="33.0073917" lon="35.2189824"><ele>368.1</ele><time>2024-02-25T07:22:10Z</time></trkpt>
<trkpt lat="33.0073812" lon="35.2189724"><ele>368.1</ele><time>2024-02-25T07:22:11Z</time></trkpt>
<trkpt lat="33.0073692" lon="35.2189647"><ele>368.2</ele><time>2024-02-25T07:22:12Z</time></trkpt>
<trkpt lat="33.0073557" lon="35.2189577"><ele>368.2</ele><time>2024-02-25T07:22:13Z</time></trkpt>
<trkpt lat="33.0073421" lon="35.2189514"><ele>368.2</ele><time>2024-02-25T07:22:14Z</time></trkpt>
<trkpt lat="33.0073294" lon="35.2189463"><ele>368.3</ele><time>2024-02-25T07:22:15Z</time></trkpt>
<trkpt lat="33.0073168" lon="35.218943"><ele>368.3</ele><time>2024-02-25T07:22:16Z</time></trkpt>
<trkpt lat="33.0073029" lon="35.2189411"><ele>368.4</ele><time>2024-02-25T07:22:17Z</time></trkpt>
<trkpt lat="33.0072886" lon="35.21894"><ele>368.4</ele><time>2024-02-25T07:22:18Z</time></trkpt>
<trkpt lat="33.0072747" lon="35.2189397"><ele>368.5</ele><time>2024-02-25T07:22:19Z</time></trkpt>
<trkpt lat="33.0072606" lon="35.2189405"><ele>368.5</ele><time>2024-02-25T07:22:20Z</time></trkpt>
<trkpt lat="33.007245" lon="35.2189422"><ele>368.6</ele><time>2024-02-25T07:22:21Z</time></trkpt>
<trkpt lat="33.0072275" lon="35.2189439"><ele>368.7</ele><time>2024-02-25T07:22:22Z</time></trkpt>
<trkpt lat="33.0072091" lon="35.2189441"><ele>368.8</ele><time>2024-02-25T07:22:23Z</time></trkpt>
<trkpt lat="33.0071911" lon="35.2189419"><ele>368.9</ele><time>2024-02-25T07:22:24Z</time></trkpt>
<trkpt lat="33.0071733" lon="35.2189377"><ele>369.0</ele><time>2024-02-25T07:22:25Z</time></trkpt>
<trkpt lat="33.0071551" lon="35.2189333"><ele>369.1</ele><time>2024-02-25T07:22:26Z</time></trkpt>
<trkpt lat="33.0071362" lon="35.2189301"><ele>369.2</ele><time>2024-02-25T07:22:27Z</time></trkpt>
<trkpt lat="33.0071168" lon="35.2189282"><ele>369.3</ele><time>2024-02-25T07:22:28Z</time></trkpt>
<trkpt lat="33.0070967" lon="35.2189269"><ele>369.4</ele><time>2024-02-25T07:22:29Z</time></trkpt>
<trkpt lat="33.007076" lon="35.2189247"><ele>369.5</ele><time>2024-02-25T07:22:30Z</time></trkpt>
<trkpt lat="33.0070558" lon="35.2189211"><ele>369.6</ele><time>2024-02-25T07:22:31Z</time></trkpt>
<trkpt lat="33.0070367" lon="35.2189167"><ele>369.7</ele><time>2024-02-25T07:22:32Z</time></trkpt>
<trkpt lat="33.0070186" lon="35.2189121"><ele>369.8</ele><time>2024-02-25T07:22:33Z</time></trkpt>
<trkpt lat="33.0070005" lon="35.2189074"><ele>369.9</ele><time>2024-02-25T07:22:34Z</time></trkpt>
<trkpt lat="33.0069822" lon="35.2189022"><ele>370.0</ele><time>2024-02-25T07:22:35Z</time></trkpt>
<trkpt lat="33.0069643" lon="35.2188968"><ele>370.0</ele><time>2024-02-25T07:22:36Z</time></trkpt>
<trkpt lat="33.0069471" lon="35.2188912"><ele>370.1</ele><time>2024-02-25T07:22:37Z</time></trkpt>
<trkpt lat="33.0069312" lon="35.2188851"><ele>370.1</ele><time>2024-02-25T07:22:38Z</time></trkpt>
<trkpt lat="33.0069178" lon="35.2188771"><ele>370.1</ele><time>2024-02-25T07:22:39Z</time></trkpt>
<trkpt lat="33.0069079" lon="35.2188658"><ele>370.1</ele><time>2024-02-25T07:22:40Z</time></trkpt>
<trkpt lat="33.0069016" lon="35.2188501"><ele>370.0</ele><time>2024-02-25T07:22:41Z</time></trkpt>
<trkpt lat="33.0068987" lon="35.21883"><ele>370.0</ele><time>2024-02-25T07:22:42Z</time></trkpt>
<trkpt lat="33.0068989" lon="35.2188063"><ele>369.9</ele><time>2024-02-25T07:22:43Z</time></trkpt>
<trkpt lat="33.0069013" lon="35.2187806"><ele>369.8</ele><time>2024-02-25T07:22:44Z</time></trkpt>
<trkpt lat="33.0069049" lon="35.2187541"><ele>369.7</ele><time>2024-02-25T07:22:45Z</time></trkpt>
<trkpt lat="33.0069093" lon="35.2187266"><ele>369.5</ele><time>2024-02-25T07:22:46Z</time></trkpt>
<trkpt lat="33.0069131" lon="35.2186974"><ele>369.4</ele><time>2024-02-25T07:22:47Z</time></trkpt>
<trkpt lat="33.0069148" lon="35.2186658"><ele>369.2</ele><time>2024-02-25T07:22:48Z</time></trkpt>
<trkpt lat="33.0069128" lon="35.2186313"><ele>369.1</ele><time>2024-02-25T07:22:49Z</time></trkpt>
<trkpt lat="33.0069059" lon="35.2185951"><ele>369.0</ele><time>2024-02-25T07:22:50Z</time></trkpt>
<trkpt lat="33.0068938" lon="35.2185592"><ele>368.8</ele><time>2024-02-25T07:22:51Z</time></trkpt>
<trkpt lat="33.0068769" lon="35.2185243"><ele>368.7</ele><time>2024-02-25T07:22:52Z</time></trkpt>
<trkpt lat="33.0068563" lon="35.2184906"><ele>368.5</ele><time>2024-02-25T07:22:53Z</time></trkpt>
<trkpt lat="33.006833" lon="35.2184598"><ele>368.4</ele><time>2024-02-25T07:22:54Z</time></trkpt>
<trkpt lat="33.006807" lon="35.2184339"><ele>368.3</ele><time>2024-02-25T07:22:55Z</time></trkpt>
<trkpt lat="33.0067791" lon="35.2184127"><ele>368.2</ele><time>2024-02-25T07:22:56Z</time></trkpt>
<trkpt lat="33.0067507" lon="35.2183947"><ele>368.1</ele><time>2024-02-25T07:22:57Z</time></trkpt>
<trkpt lat="33.0067236" lon="35.2183797"><ele>368.0</ele><time>2024-02-25T07:22:58Z</time></trkpt>
<trkpt lat="33.0066986" lon="35.2183667"><ele>367.9</ele><time>2024-02-25T07:22:59Z</time></trkpt>
<trkpt lat="33.0066752" lon="35.2183545"><ele>367.8</ele><time>2024-02-25T07:23:00Z</time></trkpt>
<trkpt lat="33.0066518" lon="35.2183416"><ele>367.7</ele><time>2024-02-25T07:23:01Z</time></trkpt>
<trkpt lat="33.006628" lon="35.2183277"><ele>367.5</ele><time>2024-02-25T07:23:02Z</time></trkpt>
<trkpt lat="33.0066037" lon="35.218313"><ele>367.4</ele><time>2024-02-25T07:23:03Z</time></trkpt>
<trkpt lat="33.0065792" lon="35.2182981"><ele>367.3</ele><time>2024-02-25T07:23:04Z</time></trkpt>
<trkpt lat="33.0065549" lon="35.2182833"><ele>367.2</ele><time>2024-02-25T07:23:05Z</time></trkpt>
<trkpt lat="33.006531" lon="35.2182685"><ele>367.1</ele><time>2024-02-25T07:23:06Z</time></trkpt>
<trkpt lat="33.0065077" lon="35.2182531"><ele>366.9</ele><time>2024-02-25T07:23:07Z</time></trkpt>
<trkpt lat="33.0064851" lon="35.2182361"><ele>366.8</ele><time>2024-02-25T07:23:08Z</time></trkpt>
<trkpt lat="33.0064622" lon="35.2182172"><ele>366.7</ele><time>2024-02-25T07:23:09Z</time></trkpt>
<trkpt lat="33.0064379" lon="35.2181965"><ele>366.5</ele><time>2024-02-25T07:23:10Z</time></trkpt>
<trkpt lat="33.0064124" lon="35.218174"><ele>366.4</ele><time>2024-02-25T07:23:11Z</time></trkpt>
<trkpt lat="33.0063856" lon="35.2181498"><ele>366.2</ele><time>2024-02-25T07:23:12Z</time></trkpt>
<trkpt lat="33.0063575" lon="35.2181234"><ele>366.1</ele><time>2024-02-25T07:23:13Z</time></trkpt>
<trkpt lat="33.0063289" lon="35.2180938"><ele>365.9</ele><time>2024-02-25T07:23:14Z</time></trkpt>
<trkpt lat="33.0063003" lon="35.2180605"><ele>365.7</ele><time>2024-02-25T07:23:15Z</time></trkpt>
<trkpt lat="33.0062723" lon="35.2180244"><ele>365.6</ele><time>2024-02-25T07:23:16Z</time></trkpt>
<trkpt lat="33.0062443" lon="35.2179868"><ele>365.4</ele><time>2024-02-25T07:23:17Z</time></trkpt>
<trkpt lat="33.0062158" lon="35.2179486"><ele>365.2</ele><time>2024-02-25T07:23:18Z</time></trkpt>
<trkpt lat="33.0061874" lon="35.2179104"><ele>365.0</ele><time>2024-02-25T07:23:19Z</time></trkpt>
<trkpt lat="33.0061597" lon="35.2178723"><ele>364.9</ele><time>2024-02-25T07:23:20Z</time></trkpt>
<trkpt lat="33.0061326" lon="35.2178339"><ele>364.7</ele><time>2024-02-25T07:23:21Z</time></trkpt>
<trkpt lat="33.0061063" lon="35.2177945"><ele>364.5</ele><time>2024-02-25T07:23:22Z</time></trkpt>
<trkpt lat="33.0060804" lon="35.217753"><ele>364.4</ele><time>2024-02-25T07:23:23Z</time></trkpt>
<trkpt lat="33.0060538" lon="35.2177095"><ele>364.2</ele><time>2024-02-25T07:23:24Z</time></trkpt>
<trkpt lat="33.0060253" lon="35.2176663"><ele>364.1</ele><time>2024-02-25T07:23:25Z</time></trkpt>
<trkpt lat="33.005994" lon="35.2176251"><ele>363.9</ele><time>2024-02-25T07:23:26Z</time></trkpt>
<trkpt lat="33.0059594" lon="35.2175868"><ele>363.8</ele><time>2024-02-25T07:23:27Z</time></trkpt>
<trkpt lat="33.0059214" lon="35.2175524"><ele>363.7</ele><time>2024-02-25T07:23:28Z</time></trkpt>
<trkpt lat="33.0058805" lon="35.2175223"><ele>363.6</ele><time>2024-02-25T07:23:29Z</time></trkpt>
<trkpt lat="33.0058368" lon="35.2174958"><ele>363.4</ele><time>2024-02-25T07:23:30Z</time></trkpt>
<trkpt lat="33.0057911" lon="35.2174729"><ele>363.3</ele><time>2024-02-25T07:23:31Z</time></trkpt>
<trkpt lat="33.0057448" lon="35.2174535"><ele>363.2</ele><time>2024-02-25T07:23:32Z</time></trkpt>
<trkpt lat="33.0056994" lon="35.2174359"><ele>363.1</ele><time>2024-02-25T07:23:33Z</time></trkpt>
<trkpt lat="33.0056558" lon="35.2174188"><ele>363.0</ele><time>2024-02-25T07:23:34Z</time></trkpt>
<trkpt lat="33.0056139" lon="35.2174024"><ele>362.9</ele><time>2024-02-25T07:23:35Z</time></trkpt>
<trkpt lat="33.0055743" lon="35.217387"><ele>362.8</ele><time>2024-02-25T07:23:36Z</time></trkpt>
<trkpt lat="33.0055377" lon="35.2173717"><ele>362.7</ele><time>2024-02-25T07:23:37Z</time></trkpt>
<trkpt lat="33.0055048" lon="35.2173548"><ele>362.5</ele><time>2024-02-25T07:23:38Z</time></trkpt>
<trkpt lat="33.0054769" lon="35.2173337"><ele>362.4</ele><time>2024-02-25T07:23:39Z</time></trkpt>
<trkpt lat="33.0054559" lon="35.2173057"><ele>362.2</ele><time>2024-02-25T07:23:40Z</time></trkpt>
<trkpt lat="33.0054438" lon="35.2172709"><ele>362.1</ele><time>2024-02-25T07:23:41Z</time></trkpt>
<trkpt lat="33.005441" lon="35.2172308"><ele>361.9</ele><time>2024-02-25T07:23:42Z</time></trkpt>
<trkpt lat="33.005446" lon="35.217186"><ele>361.7</ele><time>2024-02-25T07:23:43Z</time></trkpt>
<trkpt lat="33.0054561" lon="35.217136"><ele>361.5</ele><time>2024-02-25T07:23:44Z</time></trkpt>
<trkpt lat="33.005469" lon="35.2170811"><ele>361.4</ele><time>2024-02-25T07:23:45Z</time></trkpt>
<trkpt lat="33.0054826" lon="35.2170231"><ele>361.2</ele><time>2024-02-25T07:23:46Z</time></trkpt>
<trkpt lat="33.0054952" lon="35.2169643"><ele>361.0</ele><time>2024-02-25T07:23:47Z</time></trkpt>
<trkpt lat="33.0055054" lon="35.2169054"><ele>360.7</ele><time>2024-02-25T07:23:48Z</time></trkpt>
<trkpt lat="33.005514" lon="35.2168465"><ele>360.5</ele><time>2024-02-25T07:23:49Z</time></trkpt>
<trkpt lat="33.0055222" lon="35.2167872"><ele>360.3</ele><time>2024-02-25T07:23:50Z</time></trkpt>
<trkpt lat="33.0055301" lon="35.2167269"><ele>360.1</ele><time>2024-02-25T07:23:51Z</time></trkpt>
<trkpt lat="33.0055369" lon="35.2166656"><ele>359.8</ele><time>2024-02-25T07:23:52Z</time></trkpt>
<trkpt lat="33.0055424" lon="35.216603"><ele>359.6</ele><time>2024-02-25T07:23:53Z</time></trkpt>
<trkpt lat="33.0055461" lon="35.2165392"><ele>359.3</ele><time>2024-02-25T07:23:54Z</time></trkpt>
<trkpt lat="33.005548" lon="35.2164745"><ele>359.1</ele><time>2024-02-25T07:23:55Z</time></trkpt>
<trkpt lat="33.0055477" lon="35.2164098"><ele>358.8</ele><time>2024-02-25T07:23:56Z</time></trkpt>
<trkpt lat="33.0055453" lon="35.2163457"><ele>358.5</ele><time>2024-02-25T07:23:57Z</time></trkpt>
<trkpt lat="33.0055415" lon="35.2162831"><ele>358.3</ele><time>2024-02-25T07:23:58Z</time></trkpt>
<trkpt lat="33.0055371" lon="35.2162225"><ele>358.0</ele><time>2024-02-25T07:23:59Z</time></trkpt>
<trkpt lat="33.0055322" lon="35.2161636"><ele>357.7</ele><time>2024-02-25T07:24:00Z</time></trkpt>
<trkpt lat="33.0055273" lon="35.2161049"><ele>357.4</ele><time>2024-02-25T07:24:01Z</time></trkpt>
<trkpt lat="33.0055232" lon="35.2160449"><ele>357.1</ele><time>2024-02-25T07:24:02Z</time></trkpt>
<trkpt lat="33.0055201" lon="35.2159833"><ele>356.8</ele><time>2024-02-25T07:24:03Z</time></trkpt>
<trkpt lat="33.0055176" lon="35.2159208"><ele>356.5</ele><time>2024-02-25T07:24:04Z</time></trkpt>
<trkpt lat="33.0055157" lon="35.215859"><ele>356.2</ele><time>2024-02-25T07:24:05Z</time></trkpt>
<trkpt lat="33.0055139" lon="35.2157996"><ele>355.9</ele><time>2024-02-25T07:24:06Z</time></trkpt>
<trkpt lat="33.0055123" lon="35.2157443"><ele>355.6</ele><time>2024-02-25T07:24:07Z</time></trkpt>
<trkpt lat="33.0055117" lon="35.2156939"><ele>355.4</ele><time>2024-02-25T07:24:08Z</time></trkpt>
<trkpt lat="33.0055127" lon="35.2156487"><ele>355.2</ele><time>2024-02-25T07:24:09Z</time></trkpt>
<trkpt lat="33.0055149" lon="35.2156088"><ele>355.0</ele><time>2024-02-25T07:24:10Z</time></trkpt>
<trkpt lat="33.0055165" lon="35.2155747"><ele>354.8</ele><time>2024-02-25T07:24:11Z</time></trkpt>
<trkpt lat="33.0055155" lon="35.2155466"><ele>354.7</ele><time>2024-02-25T07:24:12Z</time></trkpt>
<trkpt lat="33.0055104" lon="35.215525"><ele>354.5</ele><time>2024-02-25T07:24:13Z</time></trkpt>
<trkpt lat="33.0055002" lon="35.21551"><ele>354.4</ele><time>2024-02-25T07:24:14Z</time></trkpt>
<trkpt lat="33.0054842" lon="35.2155003"><ele>354.2</ele><time>2024-02-25T07:24:15Z</time></trkpt>
<trkpt lat="33.0054629" lon="35.2154943"><ele>354.0</ele><time>2024-02-25T07:24:16Z</time></trkpt>
<trkpt lat="33.005438" lon="35.2154915"><ele>353.8</ele><time>2024-02-25T07:24:17Z</time></trkpt>
<trkpt lat="33.0054117" lon="35.2154928"><ele>353.6</ele><time>2024-02-25T07:24:18Z</time></trkpt>
<trkpt lat="33.0053859" lon="35.2154985"><ele>353.4</ele><time>2024-02-25T07:24:19Z</time></trkpt>
<trkpt lat="33.0053615" lon="35.2155088"><ele>353.2</ele><time>2024-02-25T07:24:20Z</time></trkpt>
<trkpt lat="33.0053386" lon="35.2155236"><ele>353.0</ele><time>2024-02-25T07:24:21Z</time></trkpt>
<trkpt lat="33.0053173" lon="35.2155431"><ele>352.8</ele><time>2024-02-25T07:24:22Z</time></trkpt>
<trkpt lat="33.005298" lon="35.2155663"><ele>352.6</ele><time>2024-02-25T07:24:23Z</time></trkpt>
<trkpt lat="33.0052811" lon="35.2155919"><ele>352.5</ele><time>2024-02-25T07:24:24Z</time></trkpt>
<trkpt lat="33.0052665" lon="35.2156183"><ele>352.4</ele><time>2024-02-25T07:24:25Z</time></trkpt>
<trkpt lat="33.0052536" lon="35.2156439"><ele>352.3</ele><time>2024-02-25T07:24:26Z</time></trkpt>
<trkpt lat="33.0052416" lon="35.2156678"><ele>352.3</ele><time>2024-02-25T07:24:27Z</time></trkpt>
<trkpt lat="33.0052295" lon="35.2156896"><ele>352.2</ele><time>2024-02-25T07:24:28Z</time></trkpt>
<trkpt lat="33.0052167" lon="35.2157091"><ele>352.3</ele><time>2024-02-25T07:24:29Z</time></trkpt>
<trkpt lat="33.0052007" lon="35.2157281"><ele>352.3</ele><time>2024-02-25T07:24:30Z</time></trkpt>
<trkpt lat="33.0051854" lon="35.2157419"><ele>352.4</ele><time>2024-02-25T07:24:31Z</time></trkpt>
<trkpt lat="33.0051688" lon="35.2157531"><ele>352.5</ele><time>2024-02-25T07:24:32Z</time></trkpt>
<trkpt lat="33.0051508" lon="35.2157618"><ele>352.6</ele><time>2024-02-25T07:24:33Z</time></trkpt>
<trkpt lat="33.0051316" lon="35.2157681"><ele>352.7</ele><time>2024-02-25T07:24:34Z</time></trkpt>
<trkpt lat="33.0051113" lon="35.2157719"><ele>352.8</ele><time>2024-02-25T07:24:35Z</time></trkpt>
<trkpt lat="33.0050901" lon="35.2157737"><ele>352.9</ele><time>2024-02-25T07:24:36Z</time></trkpt>
<trkpt lat="33.0050683" lon="35.2157739"><ele>352.9</ele><time>2024-02-25T07:24:37Z</time></trkpt>
<trkpt lat="33.0050266" lon="35.2157733"><ele>353.0</ele><time>2024-02-25T07:24:39Z</time></trkpt>
<trkpt lat="33.0050082" lon="35.2157725"><ele>353.0</ele><time>2024-02-25T07:24:40Z</time></trkpt>
<trkpt lat="33.0049934" lon="35.2157694"><ele>353.0</ele><time>2024-02-25T07:24:41Z</time></trkpt>
<trkpt lat="33.0049839" lon="35.215763"><ele>353.0</ele><time>2024-02-25T07:24:42Z</time></trkpt>
<trkpt lat="33.0049807" lon="35.215754"><ele>353.0</ele><time>2024-02-25T07:24:43Z</time></trkpt>
<trkpt lat="33.0049833" lon="35.2157417"><ele>352.9</ele><time>2024-02-25T07:24:44Z</time></trkpt>
<trkpt lat="33.0049903" lon="35.215725"><ele>352.8</ele><time>2024-02-25T07:24:45Z</time></trkpt>
<trkpt lat="33.0050012" lon="35.2157041"><ele>352.7</ele><time>2024-02-25T07:24:46Z</time></trkpt>
<trkpt lat="33.0050148" lon="35.2156804"><ele>352.7</ele><time>2024-02-25T07:24:47Z</time></trkpt>
<trkpt lat="33.0050293" lon="35.2156565"><ele>352.6</ele><time>2024-02-25T07:24:48Z</time></trkpt>
<trkpt lat="33.0050425" lon="35.2156359"><ele>352.5</ele><time>2024-02-25T07:24:49Z</time></trkpt>
<trkpt lat="33.0050536" lon="35.2156192"><ele>352.4</ele><time>2024-02-25T07:24:50Z</time></trkpt>
<trkpt lat="33.0050638" lon="35.2156045"><ele>352.3</ele><time>2024-02-25T07:24:51Z</time></trkpt>
<trkpt lat="33.005074" lon="35.2155903"><ele>352.2</ele><time>2024-02-25T07:24:52Z</time></trkpt>
<trkpt lat="33.0050846" lon="35.215576"><ele>352.1</ele><time>2024-02-25T07:24:53Z</time></trkpt>
<trkpt lat="33.0050957" lon="35.2155613"><ele>352.0</ele><time>2024-02-25T07:24:54Z</time></trkpt>
<trkpt lat="33.0051054" lon="35.2155486"><ele>351.9</ele><time>2024-02-25T07:24:55Z</time></trkpt>
<trkpt lat="33.0051162" lon="35.2155345"><ele>351.9</ele><time>2024-02-25T07:24:56Z</time></trkpt>
<trkpt lat="33.0051257" lon="35.2155221"><ele>351.8</ele><time>2024-02-25T07:24:57Z</time></trkpt>
<trkpt lat="33.0051345" lon="35.2155107"><ele>351.7</ele><time>2024-02-25T07:24:58Z</time></trkpt>
<trkpt lat="33.0051427" lon="35.2155"><ele>351.7</ele><time>2024-02-25T07:24:59Z</time></trkpt>
<trkpt lat="33.00515" lon="35.2154906"><ele>351.6</ele><time>2024-02-25T07:25:00Z</time></trkpt>
<trkpt lat="33.0051564" lon="35.2154823"><ele>351.6</ele><time>2024-02-25T07:25:01Z</time></trkpt>
<trkpt lat="33.0051626" lon="35.2154743"><ele>351.6</ele><time>2024-02-25T07:25:02Z</time></trkpt>
<trkpt lat="33.0051688" lon="35.2154663"><ele>351.6</ele><time>2024-02-25T07:25:03Z</time></trkpt>
<trkpt lat="33.0051743" lon="35.2154592"><ele>351.6</ele><time>2024-02-25T07:25:04Z</time></trkpt>
<trkpt lat="33.0051787" lon="35.2154534"><ele>351.5</ele><time>2024-02-25T07:25:05Z</time></trkpt>
<trkpt lat="33.0051822" lon="35.2154489"><ele>351.5</ele><time>2024-02-25T07:25:06Z</time></trkpt>
<trkpt lat="33.0051848" lon="35.2154456"><ele>351.5</ele><time>2024-02-25T07:25:07Z</time></trkpt>
<trkpt lat="33.0051866" lon="35.2154432"><ele>351.5</ele><time>2024-02-25T07:25:08Z</time></trkpt>
<trkpt lat="33.0051878" lon="35.2154416"><ele>351.5</ele><time>2024-02-25T07:25:09Z</time></trkpt>
<trkpt lat="33.0051886" lon="35.2154405"><ele>351.5</ele><time>2024-02-25T07:25:10Z</time></trkpt>
<trkpt lat="33.0051892" lon="35.2154398"><ele>351.5</ele><time>2024-02-25T07:25:11Z</time></trkpt>
</trkseg></trk></gpx>