<?xml version="1.0" encoding="utf-8"?>
<gpx version="1.1"><trk><trkseg>
<trkpt lat="33.0050488" lon="35.2155077"><ele>346.1</ele><time>2025-09-10T03:53:49Z</time></trkpt>
<trkpt lat="33.0050487" lon="35.2155078"><ele>346.1</ele><time>2025-09-10T03:53:50Z</time></trkpt>
<trkpt lat="33.0050487" lon="35.2155079"><ele>346.1</ele><time>2025-09-10T03:53:51Z</time></trkpt>
<trkpt lat="33.0050486" lon="35.215508"><ele>346.1</ele><time>2025-09-10T03:53:52Z</time></trkpt>
<trkpt lat="33.0050485" lon="35.2155082"><ele>346.1</ele><time>2025-09-10T03:53:53Z</time></trkpt>
<trkpt lat="33.0050484" lon="35.2155084"><ele>346.1</ele><time>2025-09-10T03:53:54Z</time></trkpt>
<trkpt lat="33.0050483" lon="35.2155086"><ele>346.1</ele><time>2025-09-10T03:53:55Z</time></trkpt>
<trkpt lat="33.0050482" lon="35.2155089"><ele>346.2</ele><time>2025-09-10T03:53:56Z</time></trkpt>
<trkpt lat="33.005048" lon="35.2155092"><ele>346.2</ele><time>2025-09-10T03:53:57Z</time></trkpt>
<trkpt lat="33.0050478" lon="35.2155096"><ele>346.2</ele><time>2025-09-10T03:53:58Z</time></trkpt>
<trkpt lat="33.0050476" lon="35.21551"><ele>346.2</ele><time>2025-09-10T03:53:59Z</time></trkpt>
<trkpt lat="33.0050475" lon="35.2155103"><ele>346.2</ele><time>2025-09-10T03:54:00Z</time></trkpt>
<trkpt lat="33.0050473" lon="35.2155105"><ele>346.3</ele><time>2025-09-10T03:54:01Z</time></trkpt>
<trkpt lat="33.0050472" lon="35.2155109"><ele>346.3</ele><time>2025-09-10T03:54:02Z</time></trkpt>
<trkpt lat="33.005047" lon="35.2155112"><ele>346.3</ele><time>2025-09-10T03:54:03Z</time></trkpt>
<trkpt lat="33.0050468" lon="35.2155117"><ele>346.3</ele><time>2025-09-10T03:54:04Z</time></trkpt>
<trkpt lat="33.0050465" lon="35.2155122"><ele>346.4</ele><time>2025-09-10T03:54:05Z</time></trkpt>
<trkpt lat="33.0050463" lon="35.2155127"><ele>346.4</ele><time>2025-09-10T03:54:06Z</time></trkpt>
<trkpt lat="33.005046" lon="35.2155133"><ele>346.4</ele><time>2025-09-10T03:54:07Z</time></trkpt>
<trkpt lat="33.0050457" lon="35.2155139"><ele>346.5</ele><time>2025-09-10T03:54:08Z</time></trkpt>
<trkpt lat="33.0050454" lon="35.2155145"><ele>346.5</ele><time>2025-09-10T03:54:09Z</time></trkpt>
<trkpt lat="33.005045" lon="35.2155151"><ele>346.5</ele><time>2025-09-10T03:54:10Z</time></trkpt>
<trkpt lat="33.0050447" lon="35.2155158"><ele>346.6</ele><time>2025-09-10T03:54:11Z</time></trkpt>
<trkpt lat="33.0050443" lon="35.2155165"><ele>346.6</ele><time>2025-09-10T03:54:12Z</time></trkpt>
<trkpt lat="33.0050439" lon="35.2155173"><ele>346.7</ele><time>2025-09-10T03:54:13Z</time></trkpt>
<trkpt lat="33.0050435" lon="35.2155181"><ele>346.7</ele><time>2025-09-10T03:54:14Z</time></trkpt>
<trkpt lat="33.0050435" lon="35.2155185"><ele>346.8</ele><time>2025-09-10T03:54:15Z</time></trkpt>
<trkpt lat="33.0050431" lon="35.2155196"><ele>346.8</ele><time>2025-09-10T03:54:16Z</time></trkpt>
<trkpt lat="33.0050415" lon="35.2155221"><ele>346.9</ele><time>2025-09-10T03:54:17Z</time></trkpt>
<trkpt lat="33.0050399" lon="35.2155247"><ele>347.0</ele><time>2025-09-10T03:54:18Z</time></trkpt>
<trkpt lat="33.0050387" lon="35.2155267"><ele>347.0</ele><time>2025-09-10T03:54:19Z</time></trkpt>
<trkpt lat="33.005038" lon="35.2155287"><ele>347.1</ele><time>2025-09-10T03:54:20Z</time></trkpt>
<trkpt lat="33.005038" lon="35.2155323"><ele>347.2</ele><time>2025-09-10T03:54:21Z</time></trkpt>
<trkpt lat="33.0050394" lon="35.2155384"><ele>347.3</ele><time>2025-09-10T03:54:22Z</time></trkpt>
<trkpt lat="33.0050436" lon="35.2155458"><ele>347.3</ele><time>2025-09-10T03:54:23Z</time></trkpt>
<trkpt lat="33.0050507" lon="35.2155534"><ele>347.4</ele><time>2025-09-10T03:54:24Z</time></trkpt>
<trkpt lat="33.0050599" lon="35.2155601"><ele>347.5</ele><time>2025-09-10T03:54:25Z</time></trkpt>
<trkpt lat="33.0050706" lon="35.2155654"><ele>347.6</ele><time>2025-09-10T03:54:26Z</time></trkpt>
<trkpt lat="33.0050823" lon="35.2155697"><ele>347.7</ele><time>2025-09-10T03:54:27Z</time></trkpt>
<trkpt lat="33.0050944" lon="35.2155734"><ele>347.8</ele><time>2025-09-10T03:54:28Z</time></trkpt>
<trkpt lat="33.0051066" lon="35.2155769"><ele>347.9</ele><time>2025-09-10T03:54:29Z</time></trkpt>
<trkpt lat="33.0051186" lon="35.2155799"><ele>348.0</ele><time>2025-09-10T03:54:30Z</time></trkpt>
<trkpt lat="33.0051308" lon="35.2155822"><ele>348.2</ele><time>2025-09-10T03:54:31Z</time></trkpt>
<trkpt lat="33.0051431" lon="35.215584"><ele>348.3</ele><time>2025-09-10T03:54:32Z</time></trkpt>
<trkpt lat="33.0051556" lon="35.2155844"><ele>348.4</ele><time>2025-09-10T03:54:33Z</time></trkpt>
<trkpt lat="33.0051677" lon="35.2155817"><ele>348.5</ele><time>2025-09-10T03:54:34Z</time></trkpt>
<trkpt lat="33.0051793" lon="35.215575"><ele>348.6</ele><time>2025-09-10T03:54:35Z</time></trkpt>
<trkpt lat="33.00519" lon="35.2155647"><ele>348.7</ele><time>2025-09-10T03:54:36Z</time></trkpt>
<trkpt lat="33.0052005" lon="35.2155516"><ele>348.8</ele><time>2025-09-10T03:54:37Z</time></trkpt>
<trkpt lat="33.005212" lon="35.2155369"><ele>349.0</ele><time>2025-09-10T03:54:38Z</time></trkpt>
<trkpt lat="33.0052246" lon="35.2155214"><ele>349.1</ele><time>2025-09-10T03:54:39Z</time></trkpt>
<trkpt lat="33.0052386" lon="35.2155049"><ele>349.2</ele><time>2025-09-10T03:54:40Z</time></trkpt>
<trkpt lat="33.0052542" lon="35.2154879"><ele>349.3</ele><time>2025-09-10T03:54:41Z</time></trkpt>
<trkpt lat="33.0052718" lon="35.2154713"><ele>349.4</ele><time>2025-09-10T03:54:42Z</time></trkpt>
<trkpt lat="33.0053142" lon="35.215437"><ele>349.7</ele><time>2025-09-10T03:54:44Z</time></trkpt>
<trkpt lat="33.0053298" lon="35.2154259"><ele>349.8</ele><time>2025-09-10T03:54:45Z</time></trkpt>
<trkpt lat="33.0053453" lon="35.2154163"><ele>349.9</ele><time>2025-09-10T03:54:46Z</time></trkpt>
<trkpt lat="33.005362" lon="35.2154089"><ele>350.0</ele><time>2025-09-10T03:54:47Z</time></trkpt>
<trkpt lat="33.0053794" lon="35.2154048"><ele>350.1</ele><time>2025-09-10T03:54:48Z</time></trkpt>
<trkpt lat="33.0053967" lon="35.2154039"><ele>350.2</ele><time>2025-09-10T03:54:49Z</time></trkpt>
<trkpt lat="33.0054137" lon="35.2154049"><ele>350.3</ele><time>2025-09-10T03:54:50Z</time></trkpt>
<trkpt lat="33.0054301" lon="35.2154074"><ele>350.4</ele><time>2025-09-10T03:54:51Z</time></trkpt>
<trkpt lat="33.0054478" lon="35.2154104"><ele>350.5</ele><time>2025-09-10T03:54:52Z</time></trkpt>
<trkpt lat="33.0054666" lon="35.2154132"><ele>350.6</ele><time>2025-09-10T03:54:53Z</time></trkpt>
<trkpt lat="33.0054833" lon="35.2154164"><ele>350.7</ele><time>2025-09-10T03:54:54Z</time></trkpt>
<trkpt lat="33.005499" lon="35.2154183"><ele>350.8</ele><time>2025-09-10T03:54:55Z</time></trkpt>
<trkpt lat="33.0055136" lon="35.2154163"><ele>350.9</ele><time>2025-09-10T03:54:56Z</time></trkpt>
<trkpt lat="33.0055271" lon="35.2154099"><ele>351.0</ele><time>2025-09-10T03:54:57Z</time></trkpt>
<trkpt lat="33.0055419" lon="35.2153974"><ele>351.0</ele><time>2025-09-10T03:54:58Z</time></trkpt>
<trkpt lat="33.0055569" lon="35.2153779"><ele>351.1</ele><time>2025-09-10T03:54:59Z</time></trkpt>
<trkpt lat="33.0055698" lon="35.2153539"><ele>351.1</ele><time>2025-09-10T03:55:00Z</time></trkpt>
<trkpt lat="33.0055818" lon="35.2153265"><ele>351.2</ele><time>2025-09-10T03:55:01Z</time></trkpt>
<trkpt lat="33.0055949" lon="35.215297"><ele>351.2</ele><time>2025-09-10T03:55:02Z</time></trkpt>
<trkpt lat="33.0056127" lon="35.2152623"><ele>351.2</ele><time>2025-09-10T03:55:03Z</time></trkpt>
<trkpt lat="33.0056348" lon="35.215224"><ele>351.2</ele><time>2025-09-10T03:55:04Z</time></trkpt>
<trkpt lat="33.0056601" lon="35.2151866"><ele>351.2</ele><time>2025-09-10T03:55:05Z</time></trkpt>
<trkpt lat="33.0056896" lon="35.2151512"><ele>351.2</ele><time>2025-09-10T03:55:06Z</time></trkpt>
<trkpt lat="33.0057222" lon="35.2151192"><ele>351.2</ele><time>2025-09-10T03:55:07Z</time></trkpt>
<trkpt lat="33.0057578" lon="35.21509"><ele>351.2</ele><time>2025-09-10T03:55:08Z</time></trkpt>
<trkpt lat="33.0057954" lon="35.215063"><ele>351.1</ele><time>2025-09-10T03:55:09Z</time></trkpt>
<trkpt lat="33.0058344" lon="35.2150391"><ele>351.0</ele><time>2025-09-10T03:55:10Z</time></trkpt>
<trkpt lat="33.0058735" lon="35.2150194"><ele>351.0</ele><time>2025-09-10T03:55:11Z</time></trkpt>
<trkpt lat="33.0059087" lon="35.2150015"><ele>350.9</ele><time>2025-09-10T03:55:12Z</time></trkpt>
<trkpt lat="33.0059449" lon="35.2149364"><ele>350.6</ele><time>2025-09-10T03:55:14Z</time></trkpt>
<trkpt lat="33.005942" lon="35.2149008"><ele>350.4</ele><time>2025-09-10T03:55:15Z</time></trkpt>
<trkpt lat="33.0059364" lon="35.214863"><ele>350.3</ele><time>2025-09-10T03:55:16Z</time></trkpt>
<trkpt lat="33.0059265" lon="35.2148233"><ele>350.1</ele><time>2025-09-10T03:55:17Z</time></trkpt>
<trkpt lat="33.0059102" lon="35.214783"><ele>349.9</ele><time>2025-09-10T03:55:18Z</time></trkpt>
<trkpt lat="33.0058904" lon="35.2147406"><ele>349.7</ele><time>2025-09-10T03:55:19Z</time></trkpt>
<trkpt lat="33.0058696" lon="35.2146944"><ele>349.4</ele><time>2025-09-10T03:55:20Z</time></trkpt>
<trkpt lat="33.0058468" lon="35.2146454"><ele>349.2</ele><time>2025-09-10T03:55:21Z</time></trkpt>
<trkpt lat="33.0058216" lon="35.2145957"><ele>348.9</ele><time>2025-09-10T03:55:22Z</time></trkpt>
<trkpt lat="33.0057912" lon="35.2145442"><ele>348.7</ele><time>2025-09-10T03:55:23Z</time></trkpt>
<trkpt lat="33.0057561" lon="35.2144934"><ele>348.4</ele><time>2025-09-10T03:55:24Z</time></trkpt>
<trkpt lat="33.0057176" lon="35.2144413"><ele>348.0</ele><time>2025-09-10T03:55:25Z</time></trkpt>
<trkpt lat="33.0056786" lon="35.2143858"><ele>347.7</ele><time>2025-09-10T03:55:26Z</time></trkpt>
<trkpt lat="33.0056415" lon="35.2143265"><ele>347.4</ele><time>2025-09-10T03:55:27Z</time></trkpt>
<trkpt lat="33.005606" lon="35.2142645"><ele>347.0</ele><time>2025-09-10T03:55:28Z</time></trkpt>
<trkpt lat="33.0055715" lon="35.2142007"><ele>346.6</ele><time>2025-09-10T03:55:29Z</time></trkpt>
<trkpt lat="33.0055381" lon="35.2141337"><ele>346.3</ele><time>2025-09-10T03:55:30Z</time></trkpt>
<trkpt lat="33.0055087" lon="35.2140626"><ele>345.9</ele><time>2025-09-10T03:55:31Z</time></trkpt>
<trkpt lat="33.0054872" lon="35.2139878"><ele>345.5</ele><time>2025-09-10T03:55:32Z</time></trkpt>
<trkpt lat="33.005476" lon="35.2139096"><ele>345.1</ele><time>2025-09-10T03:55:33Z</time></trkpt>
<trkpt lat="33.0054765" lon="35.2138295"><ele>344.7</ele><time>2025-09-10T03:55:34Z</time></trkpt>
<trkpt lat="33.0054891" lon="35.2137476"><ele>344.3</ele><time>2025-09-10T03:55:35Z</time></trkpt>
<trkpt lat="33.0055119" lon="35.2136646"><ele>343.9</ele><time>2025-09-10T03:55:36Z</time></trkpt>
<trkpt lat="33.0055426" lon="35.2135814"><ele>343.5</ele><time>2025-09-10T03:55:37Z</time></trkpt>
<trkpt lat="33.0055787" lon="35.2135"><ele>343.1</ele><time>2025-09-10T03:55:38Z</time></trkpt>
<trkpt lat="33.0056191" lon="35.2134211"><ele>342.7</ele><time>2025-09-10T03:55:39Z</time></trkpt>
<trkpt lat="33.0056645" lon="35.2133436"><ele>342.3</ele><time>2025-09-10T03:55:40Z</time></trkpt>
<trkpt lat="33.0057129" lon="35.2132672"><ele>341.9</ele><time>2025-09-10T03:55:41Z</time></trkpt>
<trkpt lat="33.0057625" lon="35.2131921"><ele>341.5</ele><time>2025-09-10T03:55:42Z</time></trkpt>
<trkpt lat="33.0058137" lon="35.2131198"><ele>341.1</ele><time>2025-09-10T03:55:43Z</time></trkpt>
<trkpt lat="33.0058647" lon="35.2130508"><ele>340.7</ele><time>2025-09-10T03:55:44Z</time></trkpt>
<trkpt lat="33.0059144" lon="35.2129826"><ele>340.3</ele><time>2025-09-10T03:55:45Z</time></trkpt>
<trkpt lat="33.0059629" lon="35.2129138"><ele>340.0</ele><time>2025-09-10T03:55:46Z</time></trkpt>
<trkpt lat="33.0060112" lon="35.2128421"><ele>339.6</ele><time>2025-09-10T03:55:47Z</time></trkpt>
<trkpt lat="33.0060598" lon="35.212767"><ele>339.2</ele><time>2025-09-10T03:55:48Z</time></trkpt>
<trkpt lat="33.0061085" lon="35.2126912"><ele>338.8</ele><time>2025-09-10T03:55:49Z</time></trkpt>
<trkpt lat="33.0061569" lon="35.2126153"><ele>338.5</ele><time>2025-09-10T03:55:50Z</time></trkpt>
<trkpt lat="33.0062045" lon="35.2125389"><ele>338.1</ele><time>2025-09-10T03:55:51Z</time></trkpt>
<trkpt lat="33.0062508" lon="35.2124618"><ele>337.7</ele><time>2025-09-10T03:55:52Z</time></trkpt>
<trkpt lat="33.0062948" lon="35.2123849"><ele>337.3</ele><time>2025-09-10T03:55:53Z</time></trkpt>
<trkpt lat="33.0063349" lon="35.2123089"><ele>336.9</ele><time>2025-09-10T03:55:54Z</time></trkpt>
<trkpt lat="33.0063703" lon="35.2122324"><ele>336.4</ele><time>2025-09-10T03:55:55Z</time></trkpt>
<trkpt lat="33.0064006" lon="35.2121534"><ele>336.0</ele><time>2025-09-10T03:55:56Z</time></trkpt>
<trkpt lat="33.0064264" lon="35.2120705"><ele>335.5</ele><time>2025-09-10T03:55:57Z</time></trkpt>
<trkpt lat="33.0064485" lon="35.2119845"><ele>335.1</ele><time>2025-09-10T03:55:58Z</time></trkpt>
<trkpt lat="33.0064671" lon="35.2118967"><ele>334.6</ele><time>2025-09-10T03:55:59Z</time></trkpt>
<trkpt lat="33.0064822" lon="35.2118065"><ele>334.1</ele><time>2025-09-10T03:56:00Z</time></trkpt>
<trkpt lat="33.0064935" lon="35.2117123"><ele>333.6</ele><time>2025-09-10T03:56:01Z</time></trkpt>
<trkpt lat="33.0065026" lon="35.2116131"><ele>333.1</ele><time>2025-09-10T03:56:02Z</time></trkpt>
<trkpt lat="33.006512" lon="35.2115107"><ele>332.6</ele><time>2025-09-10T03:56:03Z</time></trkpt>
<trkpt lat="33.0065223" lon="35.2114062"><ele>332.0</ele><time>2025-09-10T03:56:04Z</time></trkpt>
<trkpt lat="33.0065325" lon="35.2112989"><ele>331.5</ele><time>2025-09-10T03:56:05Z</time></trkpt>
<trkpt lat="33.0065423" lon="35.2111871"><ele>331.0</ele><time>2025-09-10T03:56:06Z</time></trkpt>
<trkpt lat="33.0065512" lon="35.211071"><ele>330.5</ele><time>2025-09-10T03:56:07Z</time></trkpt>
<trkpt lat="33.0065589" lon="35.2109532"><ele>330.0</ele><time>2025-09-10T03:56:08Z</time></trkpt>
<trkpt lat="33.0065649" lon="35.2108357"><ele>329.4</ele><time>2025-09-10T03:56:09Z</time></trkpt>
<trkpt lat="33.0065689" lon="35.2107206"><ele>328.9</ele><time>2025-09-10T03:56:10Z</time></trkpt>
<trkpt lat="33.00657" lon="35.2106098"><ele>328.4</ele><time>2025-09-10T03:56:11Z</time></trkpt>
<trkpt lat="33.0065681" lon="35.2105047"><ele>328.0</ele><time>2025-09-10T03:56:12Z</time></trkpt>
<trkpt lat="33.0065636" lon="35.2104033"><ele>327.5</ele><time>2025-09-10T03:56:13Z</time></trkpt>
<trkpt lat="33.0065572" lon="35.2103023"><ele>327.0</ele><time>2025-09-10T03:56:14Z</time></trkpt>
<trkpt lat="33.0065506" lon="35.210203"><ele>326.6</ele><time>2025-09-10T03:56:15Z</time></trkpt>
<trkpt lat="33.006545" lon="35.2101077"><ele>326.2</ele><time>2025-09-10T03:56:16Z</time></trkpt>
<trkpt lat="33.0065407" lon="35.2100176"><ele>325.8</ele><time>2025-09-10T03:56:17Z</time></trkpt>
<trkpt lat="33.0065367" lon="35.2099363"><ele>325.4</ele><time>2025-09-10T03:56:18Z</time></trkpt>
<trkpt lat="33.0065323" lon="35.2098665"><ele>325.0</ele><time>2025-09-10T03:56:19Z</time></trkpt>
<trkpt lat="33.0065283" lon="35.2098064"><ele>324.7</ele><time>2025-09-10T03:56:20Z</time></trkpt>
<trkpt lat="33.0065257" lon="35.2097538"><ele>324.4</ele><time>2025-09-10T03:56:21Z</time></trkpt>
<trkpt lat="33.0065245" lon="35.209707"><ele>324.1</ele><time>2025-09-10T03:56:22Z</time></trkpt>
<trkpt lat="33.0065238" lon="35.2096656"><ele>323.8</ele><time>2025-09-10T03:56:23Z</time></trkpt>
<trkpt lat="33.0065236" lon="35.2096303"><ele>323.6</ele><time>2025-09-10T03:56:24Z</time></trkpt>
<trkpt lat="33.006524" lon="35.2096016"><ele>323.3</ele><time>2025-09-10T03:56:25Z</time></trkpt>
<trkpt lat="33.006524" lon="35.2095778"><ele>323.2</ele><time>2025-09-10T03:56:26Z</time></trkpt>
<trkpt lat="33.0065237" lon="35.2095577"><ele>323.0</ele><time>2025-09-10T03:56:27Z</time></trkpt>
<trkpt lat="33.0065235" lon="35.2095401"><ele>322.8</ele><time>2025-09-10T03:56:28Z</time></trkpt>
<trkpt lat="33.006523" lon="35.2095235"><ele>322.7</ele><time>2025-09-10T03:56:29Z</time></trkpt>
<trkpt lat="33.0065222" lon="35.2095073"><ele>322.6</ele><time>2025-09-10T03:56:30Z</time></trkpt>
<trkpt lat="33.0065214" lon="35.2094914"><ele>322.5</ele><time>2025-09-10T03:56:31Z</time></trkpt>
<trkpt lat="33.0065206" lon="35.2094767"><ele>322.4</ele><time>2025-09-10T03:56:32Z</time></trkpt>
<trkpt lat="33.00652" lon="35.2094633"><ele>322.4</ele><time>2025-09-10T03:56:33Z</time></trkpt>
<trkpt lat="33.0065198" lon="35.2094509"><ele>322.3</ele><time>2025-09-10T03:56:34Z</time></trkpt>
<trkpt lat="33.0065202" lon="35.2094392"><ele>322.3</ele><time>2025-09-10T03:56:35Z</time></trkpt>
<trkpt lat="33.0065214" lon="35.2094274"><ele>322.2</ele><time>2025-09-10T03:56:36Z</time></trkpt>
<trkpt lat="33.0065228" lon="35.2094155"><ele>322.1</ele><time>2025-09-10T03:56:37Z</time></trkpt>
<trkpt lat="33.0065241" lon="35.2094037"><ele>322.1</ele><time>2025-09-10T03:56:38Z</time></trkpt>
<trkpt lat="33.006525" lon="35.209392"><ele>322.0</ele><time>2025-09-10T03:56:39Z</time></trkpt>
<trkpt lat="33.0065257" lon="35.2093802"><ele>321.9</ele><time>2025-09-10T03:56:40Z</time></trkpt>
<trkpt lat="33.0065261" lon="35.2093676"><ele>321.8</ele><time>2025-09-10T03:56:41Z</time></trkpt>
<trkpt lat="33.0065265" lon="35.209353"><ele>321.7</ele><time>2025-09-10T03:56:42Z</time></trkpt>
<trkpt lat="33.0065269" lon="35.2093356"><ele>321.6</ele><time>2025-09-10T03:56:43Z</time></trkpt>
<trkpt lat="33.0065275" lon="35.209315"><ele>321.5</ele><time>2025-09-10T03:56:44Z</time></trkpt>
<trkpt lat="33.0065282" lon="35.20929"><ele>321.3</ele><time>2025-09-10T03:56:45Z</time></trkpt>
<trkpt lat="33.0065289" lon="35.209261"><ele>321.1</ele><time>2025-09-10T03:56:46Z</time></trkpt>
<trkpt lat="33.0065292" lon="35.2092285"><ele>321.0</ele><time>2025-09-10T03:56:47Z</time></trkpt>
<trkpt lat="33.0065293" lon="35.2091928"><ele>320.8</ele><time>2025-09-10T03:56:48Z</time></trkpt>
<trkpt lat="33.0065297" lon="35.2091552"><ele>320.6</ele><time>2025-09-10T03:56:49Z</time></trkpt>
<trkpt lat="33.0065308" lon="35.2091142"><ele>320.4</ele><time>2025-09-10T03:56:50Z</time></trkpt>
<trkpt lat="33.0065326" lon="35.2090695"><ele>320.2</ele><time>2025-09-10T03:56:51Z</time></trkpt>
<trkpt lat="33.006535" lon="35.2090249"><ele>320.0</ele><time>2025-09-10T03:56:52Z</time></trkpt>
<trkpt lat="33.0065358" lon="35.2089853"><ele>319.8</ele><time>2025-09-10T03:56:53Z</time></trkpt>
<trkpt lat="33.0065335" lon="35.2089499"><ele>319.7</ele><time>2025-09-10T03:56:54Z</time></trkpt>
<trkpt lat="33.006528" lon="35.2089148"><ele>319.5</ele><time>2025-09-10T03:56:55Z</time></trkpt>
<trkpt lat="33.0065187" lon="35.2088785"><ele>319.3</ele><time>2025-09-10T03:56:56Z</time></trkpt>
<trkpt lat="33.0065067" lon="35.2088382"><ele>319.1</ele><time>2025-09-10T03:56:57Z</time></trkpt>
<trkpt lat="33.0064939" lon="35.2087931"><ele>318.9</ele><time>2025-09-10T03:56:58Z</time></trkpt>
<trkpt lat="33.0064821" lon="35.2087453"><ele>318.8</ele><time>2025-09-10T03:56:59Z</time></trkpt>
<trkpt lat="33.006471" lon="35.2086971"><ele>318.6</ele><time>2025-09-10T03:57:00Z</time></trkpt>
<trkpt lat="33.0064597" lon="35.2086493"><ele>318.4</ele><time>2025-09-10T03:57:01Z</time></trkpt>
<trkpt lat="33.0064491" lon="35.2086031"><ele>318.2</ele><time>2025-09-10T03:57:02Z</time></trkpt>
<trkpt lat="33.0064412" lon="35.2085614"><ele>318.0</ele><time>2025-09-10T03:57:03Z</time></trkpt>
<trkpt lat="33.0064373" lon="35.2085267"><ele>317.8</ele><time>2025-09-10T03:57:04Z</time></trkpt>
<trkpt lat="33.0064366" lon="35.2084972"><ele>317.5</ele><time>2025-09-10T03:57:05Z</time></trkpt>
<trkpt lat="33.0064379" lon="35.2084679"><ele>317.3</ele><time>2025-09-10T03:57:06Z</time></trkpt>
<trkpt lat="33.0064404" lon="35.2084353"><ele>317.0</ele><time>2025-09-10T03:57:07Z</time></trkpt>
<trkpt lat="33.0064437" lon="35.2083972"><ele>316.7</ele><time>2025-09-10T03:57:08Z</time></trkpt>
<trkpt lat="33.0064474" lon="35.2083516"><ele>316.4</ele><time>2025-09-10T03:57:09Z</time></trkpt>
<trkpt lat="33.0064505" lon="35.2082976"><ele>316.0</ele><time>2025-09-10T03:57:10Z</time></trkpt>
<trkpt lat="33.0064517" lon="35.2082352"><ele>315.6</ele><time>2025-09-10T03:57:11Z</time></trkpt>
<trkpt lat="33.0064501" lon="35.2081659"><ele>315.2</ele><time>2025-09-10T03:57:12Z</time></trkpt>
<trkpt lat="33.0064456" lon="35.2080914"><ele>314.8</ele><time>2025-09-10T03:57:13Z</time></trkpt>
<trkpt lat="33.006439" lon="35.2080123"><ele>314.4</ele><time>2025-09-10T03:57:14Z</time></trkpt>
<trkpt lat="33.0064311" lon="35.2079291"><ele>313.9</ele><time>2025-09-10T03:57:15Z</time></trkpt>
<trkpt lat="33.0064225" lon="35.2078415"><ele>313.4</ele><time>2025-09-10T03:57:16Z</time></trkpt>
<trkpt lat="33.0064132" lon="35.2077493"><ele>312.9</ele><time>2025-09-10T03:57:17Z</time></trkpt>
<trkpt lat="33.0064023" lon="35.2076528"><ele>312.3</ele><time>2025-09-10T03:57:18Z</time></trkpt>
<trkpt lat="33.0063904" lon="35.2075528"><ele>311.8</ele><time>2025-09-10T03:57:19Z</time></trkpt>
<trkpt lat="33.0063782" lon="35.2074497"><ele>311.2</ele><time>2025-09-10T03:57:20Z</time></trkpt>
<trkpt lat="33.0063664" lon="35.207343"><ele>310.6</ele><time>2025-09-10T03:57:21Z</time></trkpt>
<trkpt lat="33.0063547" lon="35.2072326"><ele>310.0</ele><time>2025-09-10T03:57:22Z</time></trkpt>
<trkpt lat="33.0063421" lon="35.2071183"><ele>309.4</ele><time>2025-09-10T03:57:23Z</time></trkpt>
<trkpt lat="33.0063282" lon="35.2070006"><ele>308.8</ele><time>2025-09-10T03:57:24Z</time></trkpt>
<trkpt lat="33.0063137" lon="35.2068808"><ele>308.2</ele><time>2025-09-10T03:57:25Z</time></trkpt>
<trkpt lat="33.0062997" lon="35.2067592"><ele>307.6</ele><time>2025-09-10T03:57:26Z</time></trkpt>
<trkpt lat="33.006287" lon="35.2066357"><ele>307.0</ele><time>2025-09-10T03:57:27Z</time></trkpt>
<trkpt lat="33.0062756" lon="35.2065107"><ele>306.3</ele><time>2025-09-10T03:57:28Z</time></trkpt>
<trkpt lat="33.0062658" lon="35.2063842"><ele>305.7</ele><time>2025-09-10T03:57:29Z</time></trkpt>
<trkpt lat="33.0062581" lon="35.2062566"><ele>305.1</ele><time>2025-09-10T03:57:30Z</time></trkpt>
<trkpt lat="33.0062536" lon="35.2061286"><ele>304.5</ele><time>2025-09-10T03:57:31Z</time></trkpt>
<trkpt lat="33.006253" lon="35.2060007"><ele>303.9</ele><time>2025-09-10T03:57:32Z</time></trkpt>
<trkpt lat="33.0062558" lon="35.2058735"><ele>303.3</ele><time>2025-09-10T03:57:33Z</time></trkpt>
<trkpt lat="33.0062608" lon="35.205747"><ele>302.7</ele><time>2025-09-10T03:57:34Z</time></trkpt>
<trkpt lat="33.0062666" lon="35.2056206"><ele>302.1</ele><time>2025-09-10T03:57:35Z</time></trkpt>
<trkpt lat="33.0062725" lon="35.2054935"><ele>301.5</ele><time>2025-09-10T03:57:36Z</time></trkpt>
<trkpt lat="33.0062786" lon="35.2053658"><ele>300.9</ele><time>2025-09-10T03:57:37Z</time></trkpt>
<trkpt lat="33.0062854" lon="35.2052376"><ele>300.3</ele><time>2025-09-10T03:57:38Z</time></trkpt>
<trkpt lat="33.006293" lon="35.2051092"><ele>299.8</ele><time>2025-09-10T03:57:39Z</time></trkpt>
<trkpt lat="33.0063013" lon="35.2049811"><ele>299.2</ele><time>2025-09-10T03:57:40Z</time></trkpt>
<trkpt lat="33.00631" lon="35.2048539"><ele>298.7</ele><time>2025-09-10T03:57:41Z</time></trkpt>
<trkpt lat="33.006319" lon="35.204729"><ele>298.2</ele><time>2025-09-10T03:57:42Z</time></trkpt>
<trkpt lat="33.0063393" lon="35.2044973"><ele>297.1</ele><time>2025-09-10T03:57:44Z</time></trkpt>
<trkpt lat="33.0063521" lon="35.2043751"><ele>296.6</ele><time>2025-09-10T03:57:45Z</time></trkpt>
<trkpt lat="33.0063654" lon="35.2042565"><ele>296.1</ele><time>2025-09-10T03:57:46Z</time></trkpt>
<trkpt lat="33.00638" lon="35.2041355"><ele>295.6</ele><time>2025-09-10T03:57:47Z</time></trkpt>
<trkpt lat="33.006396" lon="35.2040124"><ele>295.1</ele><time>2025-09-10T03:57:48Z</time></trkpt>
<trkpt lat="33.0064133" lon="35.2038878"><ele>294.6</ele><time>2025-09-10T03:57:49Z</time></trkpt>
<trkpt lat="33.0064318" lon="35.203762"><ele>294.1</ele><time>2025-09-10T03:57:50Z</time></trkpt>
<trkpt lat="33.0064513" lon="35.2036352"><ele>293.5</ele><time>2025-09-10T03:57:51Z</time></trkpt>
<trkpt lat="33.0064935" lon="35.2033794"><ele>292.5</ele><time>2025-09-10T03:57:52Z</time></trkpt>
<trkpt lat="33.0065167" lon="35.2032508"><ele>292.0</ele><time>2025-09-10T03:57:53Z</time></trkpt>
<trkpt lat="33.0065417" lon="35.203122"><ele>291.5</ele><time>2025-09-10T03:57:54Z</time></trkpt>
<trkpt lat="33.0065689" lon="35.2029933"><ele>291.0</ele><time>2025-09-10T03:57:55Z</time></trkpt>
<trkpt lat="33.006599" lon="35.2028652"><ele>290.5</ele><time>2025-09-10T03:57:56Z</time></trkpt>
<trkpt lat="33.0066329" lon="35.202738"><ele>290.0</ele><time>2025-09-10T03:57:57Z</time></trkpt>
<trkpt lat="33.0066715" lon="35.2026125"><ele>289.5</ele><time>2025-09-10T03:57:58Z</time></trkpt>
<trkpt lat="33.0067156" lon="35.2024892"><ele>289.1</ele><time>2025-09-10T03:57:59Z</time></trkpt>
<trkpt lat="33.0067658" lon="35.202369"><ele>288.6</ele><time>2025-09-10T03:58:00Z</time></trkpt>
<trkpt lat="33.0068219" lon="35.2022528"><ele>288.1</ele><time>2025-09-10T03:58:01Z</time></trkpt>
<trkpt lat="33.0068835" lon="35.2021408"><ele>287.7</ele><time>2025-09-10T03:58:02Z</time></trkpt>
<trkpt lat="33.0069524" lon="35.2020293"><ele>287.2</ele><time>2025-09-10T03:58:03Z</time></trkpt>
<trkpt lat="33.0070249" lon="35.2019241"><ele>286.7</ele><time>2025-09-10T03:58:04Z</time></trkpt>
<trkpt lat="33.0070998" lon="35.2018254"><ele>286.3</ele><time>2025-09-10T03:58:05Z</time></trkpt>
<trkpt lat="33.0071766" lon="35.2017327"><ele>285.9</ele><time>2025-09-10T03:58:06Z</time></trkpt>
<trkpt lat="33.0072543" lon="35.2016456"><ele>285.4</ele><time>2025-09-10T03:58:07Z</time></trkpt>
<trkpt lat="33.0073316" lon="35.2015631"><ele>285.0</ele><time>2025-09-10T03:58:08Z</time></trkpt>
<trkpt lat="33.0074075" lon="35.2014843"><ele>284.6</ele><time>2025-09-10T03:58:09Z</time></trkpt>
<trkpt lat="33.0074814" lon="35.2014089"><ele>284.3</ele><time>2025-09-10T03:58:10Z</time></trkpt>
<trkpt lat="33.007553" lon="35.2013363"><ele>283.9</ele><time>2025-09-10T03:58:11Z</time></trkpt>
<trkpt lat="33.0076225" lon="35.2012665"><ele>283.5</ele><time>2025-09-10T03:58:12Z</time></trkpt>
<trkpt lat="33.00769" lon="35.2011992"><ele>283.2</ele><time>2025-09-10T03:58:13Z</time></trkpt>
<trkpt lat="33.0077561" lon="35.2011338"><ele>282.9</ele><time>2025-09-10T03:58:14Z</time></trkpt>
<trkpt lat="33.007822" lon="35.2010689"><ele>282.6</ele><time>2025-09-10T03:58:15Z</time></trkpt>
<trkpt lat="33.0078863" lon="35.2010061"><ele>282.3</ele><time>2025-09-10T03:58:16Z</time></trkpt>
<trkpt lat="33.0079479" lon="35.2009463"><ele>282.0</ele><time>2025-09-10T03:58:17Z</time></trkpt>
<trkpt lat="33.0080076" lon="35.2008877"><ele>281.8</ele><time>2025-09-10T03:58:18Z</time></trkpt>
<trkpt lat="33.0080653" lon="35.2008294"><ele>281.6</ele><time>2025-09-10T03:58:19Z</time></trkpt>
<trkpt lat="33.008121" lon="35.2007711"><ele>281.4</ele><time>2025-09-10T03:58:20Z</time></trkpt>
<trkpt lat="33.0081756" lon="35.2007135"><ele>281.2</ele><time>2025-09-10T03:58:21Z</time></trkpt>
<trkpt lat="33.0082301" lon="35.2006561"><ele>281.0</ele><time>2025-09-10T03:58:22Z</time></trkpt>
<trkpt lat="33.0082848" lon="35.2005977"><ele>280.8</ele><time>2025-09-10T03:58:23Z</time></trkpt>
<trkpt lat="33.0083397" lon="35.2005382"><ele>280.6</ele><time>2025-09-10T03:58:24Z</time></trkpt>
<trkpt lat="33.0083949" lon="35.2004779"><ele>280.5</ele><time>2025-09-10T03:58:25Z</time></trkpt>
<trkpt lat="33.0084505" lon="35.2004179"><ele>280.3</ele><time>2025-09-10T03:58:26Z</time></trkpt>
<trkpt lat="33.0085065" lon="35.2003591"><ele>280.2</ele><time>2025-09-10T03:58:27Z</time></trkpt>
<trkpt lat="33.0085628" lon="35.2003011"><ele>280.0</ele><time>2025-09-10T03:58:28Z</time></trkpt>
<trkpt lat="33.0086197" lon="35.2002425"><ele>279.8</ele><time>2025-09-10T03:58:29Z</time></trkpt>
<trkpt lat="33.0086773" lon="35.200184"><ele>279.7</ele><time>2025-09-10T03:58:30Z</time></trkpt>
<trkpt lat="33.0087355" lon="35.2001257"><ele>279.5</ele><time>2025-09-10T03:58:31Z</time></trkpt>
<trkpt lat="33.0087937" lon="35.2000668"><ele>279.3</ele><time>2025-09-10T03:58:32Z</time></trkpt>
<trkpt lat="33.0088512" lon="35.2000059"><ele>279.1</ele><time>2025-09-10T03:58:33Z</time></trkpt>
<trkpt lat="33.0089085" lon="35.1999422"><ele>278.8</ele><time>2025-09-10T03:58:34Z</time></trkpt>
<trkpt lat="33.0089662" lon="35.1998769"><ele>278.6</ele><time>2025-09-10T03:58:35Z</time></trkpt>
<trkpt lat="33.0090242" lon="35.1998116"><ele>278.3</ele><time>2025-09-10T03:58:36Z</time></trkpt>
<trkpt lat="33.009082" lon="35.1997471"><ele>278.0</ele><time>2025-09-10T03:58:37Z</time></trkpt>
<trkpt lat="33.0091384" lon="35.1996823"><ele>277.6</ele><time>2025-09-10T03:58:38Z</time></trkpt>
<trkpt lat="33.0091921" lon="35.1996152"><ele>277.3</ele><time>2025-09-10T03:58:39Z</time></trkpt>
<trkpt lat="33.0092415" lon="35.1995439"><ele>276.9</ele><time>2025-09-10T03:58:40Z</time></trkpt>
<trkpt lat="33.0092852" lon="35.1994667"><ele>276.5</ele><time>2025-09-10T03:58:41Z</time></trkpt>
<trkpt lat="33.0093224" lon="35.1993833"><ele>276.1</ele><time>2025-09-10T03:58:42Z</time></trkpt>
<trkpt lat="33.0093533" lon="35.1992946"><ele>275.7</ele><time>2025-09-10T03:58:43Z</time></trkpt>
<trkpt lat="33.0093792" lon="35.1992013"><ele>275.3</ele><time>2025-09-10T03:58:44Z</time></trkpt>
<trkpt lat="33.0094031" lon="35.1991033"><ele>274.8</ele><time>2025-09-10T03:58:45Z</time></trkpt>
<trkpt lat="33.0094273" lon="35.1990017"><ele>274.3</ele><time>2025-09-10T03:58:46Z</time></trkpt>
<trkpt lat="33.0094523" lon="35.1988985"><ele>273.8</ele><time>2025-09-10T03:58:47Z</time></trkpt>
<trkpt lat="33.0094776" lon="35.1987941"><ele>273.3</ele><time>2025-09-10T03:58:48Z</time></trkpt>
<trkpt lat="33.0095031" lon="35.1986876"><ele>272.8</ele><time>2025-09-10T03:58:49Z</time></trkpt>
<trkpt lat="33.0095282" lon="35.1985783"><ele>272.2</ele><time>2025-09-10T03:58:50Z</time></trkpt>
<trkpt lat="33.009552" lon="35.1984662"><ele>271.6</ele><time>2025-09-10T03:58:51Z</time></trkpt>
<trkpt lat="33.0095732" lon="35.1983509"><ele>271.0</ele><time>2025-09-10T03:58:52Z</time></trkpt>
<trkpt lat="33.0095904" lon="35.198232"><ele>270.4</ele><time>2025-09-10T03:58:53Z</time></trkpt>
<trkpt lat="33.009604" lon="35.19811"><ele>269.7</ele><time>2025-09-10T03:58:54Z</time></trkpt>
<trkpt lat="33.0096157" lon="35.1979858"><ele>269.0</ele><time>2025-09-10T03:58:55Z</time></trkpt>
<trkpt lat="33.0096272" lon="35.1978602"><ele>268.3</ele><time>2025-09-10T03:58:56Z</time></trkpt>
<trkpt lat="33.0096395" lon="35.1977333"><ele>267.6</ele><time>2025-09-10T03:58:57Z</time></trkpt>
<trkpt lat="33.0096521" lon="35.1976041"><ele>266.8</ele><time>2025-09-10T03:58:58Z</time></trkpt>
<trkpt lat="33.0096636" lon="35.1974712"><ele>266.1</ele><time>2025-09-10T03:58:59Z</time></trkpt>
<trkpt lat="33.0096719" lon="35.1973343"><ele>265.3</ele><time>2025-09-10T03:59:00Z</time></trkpt>
<trkpt lat="33.0096737" lon="35.1971942"><ele>264.5</ele><time>2025-09-10T03:59:01Z</time></trkpt>
<trkpt lat="33.0096654" lon="35.1970528"><ele>263.7</ele><time>2025-09-10T03:59:02Z</time></trkpt>
<trkpt lat="33.0096454" lon="35.1969118"><ele>262.9</ele><time>2025-09-10T03:59:03Z</time></trkpt>
<trkpt lat="33.009615" lon="35.1967724"><ele>262.1</ele><time>2025-09-10T03:59:04Z</time></trkpt>
<trkpt lat="33.0095776" lon="35.1966351"><ele>261.3</ele><time>2025-09-10T03:59:05Z</time></trkpt>
<trkpt lat="33.0095368" lon="35.1965"><ele>260.5</ele><time>2025-09-10T03:59:06Z</time></trkpt>
<trkpt lat="33.0094949" lon="35.196366"><ele>259.7</ele><time>2025-09-10T03:59:07Z</time></trkpt>
<trkpt lat="33.0094526" lon="35.1962316"><ele>258.8</ele><time>2025-09-10T03:59:08Z</time></trkpt>
<trkpt lat="33.0094104" lon="35.1960962"><ele>258.0</ele><time>2025-09-10T03:59:09Z</time></trkpt>
<trkpt lat="33.0093681" lon="35.1959597"><ele>257.2</ele><time>2025-09-10T03:59:10Z</time></trkpt>
<trkpt lat="33.0093255" lon="35.1958219"><ele>256.4</ele><time>2025-09-10T03:59:11Z</time></trkpt>
<trkpt lat="33.0092824" lon="35.1956832"><ele>255.5</ele><time>2025-09-10T03:59:12Z</time></trkpt>
<trkpt lat="33.0092386" lon="35.1955439"><ele>254.7</ele><time>2025-09-10T03:59:13Z</time></trkpt>
<trkpt lat="33.0091931" lon="35.1954051"><ele>253.8</ele><time>2025-09-10T03:59:14Z</time></trkpt>
<trkpt lat="33.0091443" lon="35.195268"><ele>253.0</ele><time>2025-09-10T03:59:15Z</time></trkpt>
<trkpt lat="33.0090904" lon="35.1951334"><ele>252.1</ele><time>2025-09-10T03:59:16Z</time></trkpt>
<trkpt lat="33.0090306" lon="35.1950012"><ele>251.3</ele><time>2025-09-10T03:59:17Z</time></trkpt>
<trkpt lat="33.0089656" lon="35.1948696"><ele>250.4</ele><time>2025-09-10T03:59:18Z</time></trkpt>
<trkpt lat="33.0088978" lon="35.1947371"><ele>249.5</ele><time>2025-09-10T03:59:19Z</time></trkpt>
<trkpt lat="33.0088305" lon="35.1946025"><ele>248.6</ele><time>2025-09-10T03:59:20Z</time></trkpt>
<trkpt lat="33.008767" lon="35.1944647"><ele>247.8</ele><time>2025-09-10T03:59:21Z</time></trkpt>
<trkpt lat="33.0087102" lon="35.1943224"><ele>246.9</ele><time>2025-09-10T03:59:22Z</time></trkpt>
<trkpt lat="33.0086625" lon="35.1941757"><ele>246.0</ele><time>2025-09-10T03:59:23Z</time></trkpt>
<trkpt lat="33.0086245" lon="35.194025"><ele>245.2</ele><time>2025-09-10T03:59:24Z</time></trkpt>
<trkpt lat="33.0085943" lon="35.1938714"><ele>244.3</ele><time>2025-09-10T03:59:25Z</time></trkpt>
<trkpt lat="33.0085681" lon="35.193716"><ele>243.5</ele><time>2025-09-10T03:59:26Z</time></trkpt>
<trkpt lat="33.0085431" lon="35.1935602"><ele>242.6</ele><time>2025-09-10T03:59:27Z</time></trkpt>
<trkpt lat="33.0085179" lon="35.1934049"><ele>241.8</ele><time>2025-09-10T03:59:28Z</time></trkpt>
<trkpt lat="33.0084924" lon="35.193251"><ele>241.0</ele><time>2025-09-10T03:59:29Z</time></trkpt>
<trkpt lat="33.0084668" lon="35.1930983"><ele>240.2</ele><time>2025-09-10T03:59:30Z</time></trkpt>
<trkpt lat="33.0084417" lon="35.1929461"><ele>239.4</ele><time>2025-09-10T03:59:31Z</time></trkpt>
<trkpt lat="33.0084184" lon="35.1927938"><ele>238.7</ele><time>2025-09-10T03:59:32Z</time></trkpt>
<trkpt lat="33.0083996" lon="35.1926405"><ele>237.9</ele><time>2025-09-10T03:59:33Z</time></trkpt>
<trkpt lat="33.0083887" lon="35.1924861"><ele>237.2</ele><time>2025-09-10T03:59:34Z</time></trkpt>
<trkpt lat="33.0083886" lon="35.1923312"><ele>236.5</ele><time>2025-09-10T03:59:35Z</time></trkpt>
<trkpt lat="33.0083989" lon="35.1921771"><ele>235.8</ele><time>2025-09-10T03:59:36Z</time></trkpt>
<trkpt lat="33.0084161" lon="35.192025"><ele>235.2</ele><time>2025-09-10T03:59:37Z</time></trkpt>
<trkpt lat="33.0084362" lon="35.1918756"><ele>234.5</ele><time>2025-09-10T03:59:38Z</time></trkpt>
<trkpt lat="33.0084575" lon="35.1917282"><ele>233.9</ele><time>2025-09-10T03:59:39Z</time></trkpt>
<trkpt lat="33.0084794" lon="35.1915825"><ele>233.3</ele><time>2025-09-10T03:59:40Z</time></trkpt>
<trkpt lat="33.0085019" lon="35.1914379"><ele>232.7</ele><time>2025-09-10T03:59:41Z</time></trkpt>
<trkpt lat="33.0085246" lon="35.1912941"><ele>232.1</ele><time>2025-09-10T03:59:42Z</time></trkpt>
<trkpt lat="33.008547" lon="35.1911514"><ele>231.5</ele><time>2025-09-10T03:59:43Z</time></trkpt>
<trkpt lat="33.0085686" lon="35.1910099"><ele>230.9</ele><time>2025-09-10T03:59:44Z</time></trkpt>
<trkpt lat="33.0085894" lon="35.1908695"><ele>230.3</ele><time>2025-09-10T03:59:45Z</time></trkpt>
<trkpt lat="33.0086098" lon="35.1907298"><ele>229.7</ele><time>2025-09-10T03:59:46Z</time></trkpt>
<trkpt lat="33.0086297" lon="35.1905906"><ele>229.1</ele><time>2025-09-10T03:59:47Z</time></trkpt>
<trkpt lat="33.0086496" lon="35.1904521"><ele>228.4</ele><time>2025-09-10T03:59:48Z</time></trkpt>
<trkpt lat="33.0086693" lon="35.1903143"><ele>227.8</ele><time>2025-09-10T03:59:49Z</time></trkpt>
<trkpt lat="33.0086883" lon="35.1901775"><ele>227.1</ele><time>2025-09-10T03:59:50Z</time></trkpt>
<trkpt lat="33.0087068" lon="35.1900413"><ele>226.4</ele><time>2025-09-10T03:59:51Z</time></trkpt>
<trkpt lat="33.0087253" lon="35.1899056"><ele>225.7</ele><time>2025-09-10T03:59:52Z</time></trkpt>
<trkpt lat="33.0087448" lon="35.1897701"><ele>224.9</ele><time>2025-09-10T03:59:53Z</time></trkpt>
<trkpt lat="33.0087663" lon="35.1896342"><ele>224.1</ele><time>2025-09-10T03:59:54Z</time></trkpt>
<trkpt lat="33.0087901" lon="35.1894969"><ele>223.3</ele><time>2025-09-10T03:59:55Z</time></trkpt>
<trkpt lat="33.0088157" lon="35.1893577"><ele>222.4</ele><time>2025-09-10T03:59:56Z</time></trkpt>
<trkpt lat="33.0088427" lon="35.1892169"><ele>221.4</ele><time>2025-09-10T03:59:57Z</time></trkpt>
<trkpt lat="33.0088709" lon="35.1890751"><ele>220.4</ele><time>2025-09-10T03:59:58Z</time></trkpt>
<trkpt lat="33.0089005" lon="35.188933"><ele>219.4</ele><time>2025-09-10T03:59:59Z</time></trkpt>
<trkpt lat="33.008931" lon="35.1887904"><ele>218.3</ele><time>2025-09-10T04:00:00Z</time></trkpt>
<trkpt lat="33.0089623" lon="35.1886467"><ele>217.1</ele><time>2025-09-10T04:00:01Z</time></trkpt>
<trkpt lat="33.0089936" lon="35.1885011"><ele>215.9</ele><time>2025-09-10T04:00:02Z</time></trkpt>
<trkpt lat="33.0090244" lon="35.1883533"><ele>214.6</ele><time>2025-09-10T04:00:03Z</time></trkpt>
<trkpt lat="33.0090545" lon="35.188203"><ele>213.3</ele><time>2025-09-10T04:00:04Z</time></trkpt>
<trkpt lat="33.0090835" lon="35.1880492"><ele>211.9</ele><time>2025-09-10T04:00:05Z</time></trkpt>
<trkpt lat="33.0091107" lon="35.1878909"><ele>210.6</ele><time>2025-09-10T04:00:06Z</time></trkpt>
<trkpt lat="33.009136" lon="35.1877278"><ele>209.2</ele><time>2025-09-10T04:00:07Z</time></trkpt>
<trkpt lat="33.0091597" lon="35.1875605"><ele>207.7</ele><time>2025-09-10T04:00:08Z</time></trkpt>
<trkpt lat="33.009183" lon="35.1873904"><ele>206.3</ele><time>2025-09-10T04:00:09Z</time></trkpt>
<trkpt lat="33.0092077" lon="35.1872187"><ele>204.9</ele><time>2025-09-10T04:00:10Z</time></trkpt>
<trkpt lat="33.0092367" lon="35.1870469"><ele>203.5</ele><time>2025-09-10T04:00:11Z</time></trkpt>
<trkpt lat="33.0092728" lon="35.1868763"><ele>202.1</ele><time>2025-09-10T04:00:12Z</time></trkpt>
<trkpt lat="33.0093182" lon="35.1867088"><ele>200.8</ele><time>2025-09-10T04:00:13Z</time></trkpt>
<trkpt lat="33.0093744" lon="35.1865458"><ele>199.4</ele><time>2025-09-10T04:00:14Z</time></trkpt>
<trkpt lat="33.0094419" lon="35.1863882"><ele>198.2</ele><time>2025-09-10T04:00:15Z</time></trkpt>
<trkpt lat="33.0095211" lon="35.186236"><ele>197.0</ele><time>2025-09-10T04:00:16Z</time></trkpt>
<trkpt lat="33.009611" lon="35.1860887"><ele>195.8</ele><time>2025-09-10T04:00:17Z</time></trkpt>
<trkpt lat="33.0097088" lon="35.185945"><ele>194.7</ele><time>2025-09-10T04:00:18Z</time></trkpt>
<trkpt lat="33.0098095" lon="35.1858029"><ele>193.7</ele><time>2025-09-10T04:00:19Z</time></trkpt>
<trkpt lat="33.0099077" lon="35.1856601"><ele>192.8</ele><time>2025-09-10T04:00:20Z</time></trkpt>
<trkpt lat="33.0099999" lon="35.1855149"><ele>191.9</ele><time>2025-09-10T04:00:21Z</time></trkpt>
<trkpt lat="33.0100852" lon="35.1853675"><ele>191.1</ele><time>2025-09-10T04:00:22Z</time></trkpt>
<trkpt lat="33.0101649" lon="35.1852191"><ele>190.5</ele><time>2025-09-10T04:00:23Z</time></trkpt>
<trkpt lat="33.0102408" lon="35.1850714"><ele>189.8</ele><time>2025-09-10T04:00:24Z</time></trkpt>
<trkpt lat="33.0103141" lon="35.1849254"><ele>189.3</ele><time>2025-09-10T04:00:25Z</time></trkpt>
<trkpt lat="33.0103845" lon="35.1847821"><ele>188.8</ele><time>2025-09-10T04:00:26Z</time></trkpt>
<trkpt lat="33.0104514" lon="35.1846423"><ele>188.4</ele><time>2025-09-10T04:00:27Z</time></trkpt>
<trkpt lat="33.0105146" lon="35.1845059"><ele>188.1</ele><time>2025-09-10T04:00:28Z</time></trkpt>
<trkpt lat="33.0105746" lon="35.1843724"><ele>187.7</ele><time>2025-09-10T04:00:29Z</time></trkpt>
<trkpt lat="33.0106323" lon="35.1842416"><ele>187.5</ele><time>2025-09-10T04:00:30Z</time></trkpt>
<trkpt lat="33.0106889" lon="35.1841138"><ele>187.2</ele><time>2025-09-10T04:00:31Z</time></trkpt>
<trkpt lat="33.0107454" lon="35.1839895"><ele>187.0</ele><time>2025-09-10T04:00:32Z</time></trkpt>
<trkpt lat="33.010802" lon="35.1838689"><ele>186.9</ele><time>2025-09-10T04:00:33Z</time></trkpt>
<trkpt lat="33.0108589" lon="35.1837524"><ele>186.7</ele><time>2025-09-10T04:00:34Z</time></trkpt>
<trkpt lat="33.0109165" lon="35.1836407"><ele>186.5</ele><time>2025-09-10T04:00:35Z</time></trkpt>
<trkpt lat="33.010975" lon="35.1835344"><ele>186.4</ele><time>2025-09-10T04:00:36Z</time></trkpt>
<trkpt lat="33.0110342" lon="35.1834338"><ele>186.2</ele><time>2025-09-10T04:00:37Z</time></trkpt>
<trkpt lat="33.0110933" lon="35.1833385"><ele>186.1</ele><time>2025-09-10T04:00:38Z</time></trkpt>
<trkpt lat="33.0111508" lon="35.1832471"><ele>185.9</ele><time>2025-09-10T04:00:39Z</time></trkpt>
<trkpt lat="33.0112056" lon="35.1831586"><ele>185.7</ele><time>2025-09-10T04:00:40Z</time></trkpt>
<trkpt lat="33.0112572" lon="35.1830721"><ele>185.5</ele><time>2025-09-10T04:00:41Z</time></trkpt>
<trkpt lat="33.0113055" lon="35.1829872"><ele>185.3</ele><time>2025-09-10T04:00:42Z</time></trkpt>
<trkpt lat="33.0113505" lon="35.1829036"><ele>185.0</ele><time>2025-09-10T04:00:43Z</time></trkpt>
<trkpt lat="33.0113927" lon="35.182821"><ele>184.7</ele><time>2025-09-10T04:00:44Z</time></trkpt>
<trkpt lat="33.0114333" lon="35.1827386"><ele>184.4</ele><time>2025-09-10T04:00:45Z</time></trkpt>
<trkpt lat="33.0114737" lon="35.182656"><ele>184.1</ele><time>2025-09-10T04:00:46Z</time></trkpt>
<trkpt lat="33.0115157" lon="35.1825725"><ele>183.7</ele><time>2025-09-10T04:00:47Z</time></trkpt>
<trkpt lat="33.0115602" lon="35.1824875"><ele>183.3</ele><time>2025-09-10T04:00:48Z</time></trkpt>
<trkpt lat="33.0116071" lon="35.1824004"><ele>182.8</ele><time>2025-09-10T04:00:49Z</time></trkpt>
<trkpt lat="33.0116557" lon="35.1823107"><ele>182.4</ele><time>2025-09-10T04:00:50Z</time></trkpt>
<trkpt lat="33.0117049" lon="35.1822186"><ele>182.0</ele><time>2025-09-10T04:00:51Z</time></trkpt>
<trkpt lat="33.0117536" lon="35.1821241"><ele>181.5</ele><time>2025-09-10T04:00:52Z</time></trkpt>
<trkpt lat="33.0118015" lon="35.1820273"><ele>181.0</ele><time>2025-09-10T04:00:53Z</time></trkpt>
<trkpt lat="33.011848" lon="35.181929"><ele>180.6</ele><time>2025-09-10T04:00:54Z</time></trkpt>
<trkpt lat="33.0118916" lon="35.1818294"><ele>180.1</ele><time>2025-09-10T04:00:55Z</time></trkpt>
<trkpt lat="33.0119298" lon="35.1817283"><ele>179.7</ele><time>2025-09-10T04:00:56Z</time></trkpt>
<trkpt lat="33.01196" lon="35.1816253"><ele>179.3</ele><time>2025-09-10T04:00:57Z</time></trkpt>
<trkpt lat="33.0119814" lon="35.1815199"><ele>178.8</ele><time>2025-09-10T04:00:58Z</time></trkpt>
<trkpt lat="33.0119949" lon="35.1814112"><ele>178.5</ele><time>2025-09-10T04:00:59Z</time></trkpt>
<trkpt lat="33.0120028" lon="35.1812988"><ele>178.1</ele><time>2025-09-10T04:01:00Z</time></trkpt>
<trkpt lat="33.0120072" lon="35.1811831"><ele>177.7</ele><time>2025-09-10T04:01:01Z</time></trkpt>
<trkpt lat="33.01201" lon="35.1810647"><ele>177.4</ele><time>2025-09-10T04:01:02Z</time></trkpt>
<trkpt lat="33.0120122" lon="35.180945"><ele>177.0</ele><time>2025-09-10T04:01:03Z</time></trkpt>
<trkpt lat="33.0120147" lon="35.180825"><ele>176.7</ele><time>2025-09-10T04:01:04Z</time></trkpt>
<trkpt lat="33.0120182" lon="35.1807051"><ele>176.3</ele><time>2025-09-10T04:01:05Z</time></trkpt>
<trkpt lat="33.0120232" lon="35.1805851"><ele>176.0</ele><time>2025-09-10T04:01:06Z</time></trkpt>
<trkpt lat="33.0120301" lon="35.1804651"><ele>175.7</ele><time>2025-09-10T04:01:07Z</time></trkpt>
<trkpt lat="33.0120395" lon="35.1803456"><ele>175.4</ele><time>2025-09-10T04:01:08Z</time></trkpt>
<trkpt lat="33.0120514" lon="35.1802275"><ele>175.0</ele><time>2025-09-10T04:01:09Z</time></trkpt>
<trkpt lat="33.0120659" lon="35.180111"><ele>174.6</ele><time>2025-09-10T04:01:10Z</time></trkpt>
<trkpt lat="33.0120828" lon="35.1799957"><ele>174.3</ele><time>2025-09-10T04:01:11Z</time></trkpt>
<trkpt lat="33.0121014" lon="35.1798811"><ele>173.9</ele><time>2025-09-10T04:01:12Z</time></trkpt>
<trkpt lat="33.0121213" lon="35.1797665"><ele>173.4</ele><time>2025-09-10T04:01:13Z</time></trkpt>
<trkpt lat="33.0121425" lon="35.1796508"><ele>173.0</ele><time>2025-09-10T04:01:14Z</time></trkpt>
<trkpt lat="33.0121649" lon="35.1795332"><ele>172.5</ele><time>2025-09-10T04:01:15Z</time></trkpt>
<trkpt lat="33.0121885" lon="35.1794132"><ele>172.0</ele><time>2025-09-10T04:01:16Z</time></trkpt>
<trkpt lat="33.012213" lon="35.1792913"><ele>171.4</ele><time>2025-09-10T04:01:17Z</time></trkpt>
<trkpt lat="33.0122385" lon="35.1791677"><ele>170.8</ele><time>2025-09-10T04:01:18Z</time></trkpt>
<trkpt lat="33.0122653" lon="35.1790429"><ele>170.2</ele><time>2025-09-10T04:01:19Z</time></trkpt>
<trkpt lat="33.0122933" lon="35.1789165"><ele>169.5</ele><time>2025-09-10T04:01:20Z</time></trkpt>
<trkpt lat="33.0123224" lon="35.1787882"><ele>168.8</ele><time>2025-09-10T04:01:21Z</time></trkpt>
<trkpt lat="33.0123522" lon="35.1786574"><ele>168.0</ele><time>2025-09-10T04:01:22Z</time></trkpt>
<trkpt lat="33.0123827" lon="35.178524"><ele>167.3</ele><time>2025-09-10T04:01:23Z</time></trkpt>
<trkpt lat="33.0124133" lon="35.1783878"><ele>166.4</ele><time>2025-09-10T04:01:24Z</time></trkpt>
<trkpt lat="33.0124443" lon="35.1782494"><ele>165.6</ele><time>2025-09-10T04:01:25Z</time></trkpt>
<trkpt lat="33.0124761" lon="35.178109"><ele>164.7</ele><time>2025-09-10T04:01:26Z</time></trkpt>
<trkpt lat="33.0125091" lon="35.1779674"><ele>163.8</ele><time>2025-09-10T04:01:27Z</time></trkpt>
<trkpt lat="33.0125427" lon="35.1778249"><ele>162.9</ele><time>2025-09-10T04:01:28Z</time></trkpt>
<trkpt lat="33.0125764" lon="35.1776822"><ele>161.9</ele><time>2025-09-10T04:01:29Z</time></trkpt>
<trkpt lat="33.0126098" lon="35.1775401"><ele>161.0</ele><time>2025-09-10T04:01:30Z</time></trkpt>
<trkpt lat="33.0126432" lon="35.1773991"><ele>160.0</ele><time>2025-09-10T04:01:31Z</time></trkpt>
<trkpt lat="33.0126766" lon="35.1772589"><ele>159.0</ele><time>2025-09-10T04:01:32Z</time></trkpt>
<trkpt lat="33.0127104" lon="35.177119"><ele>158.0</ele><time>2025-09-10T04:01:33Z</time></trkpt>
<trkpt lat="33.0127443" lon="35.1769794"><ele>157.0</ele><time>2025-09-10T04:01:34Z</time></trkpt>
<trkpt lat="33.0127778" lon="35.1768407"><ele>156.0</ele><time>2025-09-10T04:01:35Z</time></trkpt>
<trkpt lat="33.0128098" lon="35.1767036"><ele>155.0</ele><time>2025-09-10T04:01:36Z</time></trkpt>
<trkpt lat="33.0128391" lon="35.1765677"><ele>154.0</ele><time>2025-09-10T04:01:37Z</time></trkpt>
<trkpt lat="33.0128646" lon="35.1764317"><ele>153.0</ele><time>2025-09-10T04:01:38Z</time></trkpt>
<trkpt lat="33.0128866" lon="35.1762948"><ele>152.1</ele><time>2025-09-10T04:01:39Z</time></trkpt>
<trkpt lat="33.0129069" lon="35.1761578"><ele>151.2</ele><time>2025-09-10T04:01:40Z</time></trkpt>
<trkpt lat="33.0129282" lon="35.1760231"><ele>150.3</ele><time>2025-09-10T04:01:41Z</time></trkpt>
<trkpt lat="33.0129527" lon="35.1758929"><ele>149.5</ele><time>2025-09-10T04:01:42Z</time></trkpt>
<trkpt lat="33.0129815" lon="35.1757678"><ele>148.6</ele><time>2025-09-10T04:01:43Z</time></trkpt>
<trkpt lat="33.0130145" lon="35.1756463"><ele>147.8</ele><time>2025-09-10T04:01:44Z</time></trkpt>
<trkpt lat="33.0130511" lon="35.1755263"><ele>147.1</ele><time>2025-09-10T04:01:45Z</time></trkpt>
<trkpt lat="33.0130913" lon="35.1754061"><ele>146.4</ele><time>2025-09-10T04:01:46Z</time></trkpt>
<trkpt lat="33.0131343" lon="35.1752858"><ele>145.7</ele><time>2025-09-10T04:01:47Z</time></trkpt>
<trkpt lat="33.0131788" lon="35.1751673"><ele>145.0</ele><time>2025-09-10T04:01:48Z</time></trkpt>
<trkpt lat="33.0132229" lon="35.1750534"><ele>144.4</ele><time>2025-09-10T04:01:49Z</time></trkpt>
<trkpt lat="33.0132648" lon="35.1749474"><ele>143.7</ele><time>2025-09-10T04:01:50Z</time></trkpt>
<trkpt lat="33.0133032" lon="35.1748516"><ele>143.1</ele><time>2025-09-10T04:01:51Z</time></trkpt>
<trkpt lat="33.0133379" lon="35.174767"><ele>142.5</ele><time>2025-09-10T04:01:52Z</time></trkpt>
<trkpt lat="33.0133686" lon="35.174693"><ele>142.0</ele><time>2025-09-10T04:01:53Z</time></trkpt>
<trkpt lat="33.0133946" lon="35.1746276"><ele>141.4</ele><time>2025-09-10T04:01:54Z</time></trkpt>
<trkpt lat="33.0134156" lon="35.1745678"><ele>140.9</ele><time>2025-09-10T04:01:55Z</time></trkpt>
<trkpt lat="33.0134319" lon="35.1745102"><ele>140.4</ele><time>2025-09-10T04:01:56Z</time></trkpt>
<trkpt lat="33.0134443" lon="35.1744513"><ele>139.9</ele><time>2025-09-10T04:01:57Z</time></trkpt>
<trkpt lat="33.0134537" lon="35.1743894"><ele>139.4</ele><time>2025-09-10T04:01:58Z</time></trkpt>
<trkpt lat="33.0134613" lon="35.174325"><ele>138.9</ele><time>2025-09-10T04:01:59Z</time></trkpt>
<trkpt lat="33.0134688" lon="35.1742595"><ele>138.5</ele><time>2025-09-10T04:02:00Z</time></trkpt>
<trkpt lat="33.0134778" lon="35.1741935"><ele>138.0</ele><time>2025-09-10T04:02:01Z</time></trkpt>
<trkpt lat="33.0134887" lon="35.1741266"><ele>137.6</ele><time>2025-09-10T04:02:02Z</time></trkpt>
<trkpt lat="33.0135015" lon="35.1740579"><ele>137.2</ele><time>2025-09-10T04:02:03Z</time></trkpt>
<trkpt lat="33.0135162" lon="35.1739853"><ele>136.8</ele><time>2025-09-10T04:02:04Z</time></trkpt>
<trkpt lat="33.0135327" lon="35.1739069"><ele>136.4</ele><time>2025-09-10T04:02:05Z</time></trkpt>
<trkpt lat="33.0135499" lon="35.1738251"><ele>136.1</ele><time>2025-09-10T04:02:06Z</time></trkpt>
<trkpt lat="33.0135667" lon="35.1737432"><ele>135.8</ele><time>2025-09-10T04:02:07Z</time></trkpt>
<trkpt lat="33.0135817" lon="35.173664"><ele>135.5</ele><time>2025-09-10T04:02:08Z</time></trkpt>
<trkpt lat="33.0135948" lon="35.173587"><ele>135.3</ele><time>2025-09-10T04:02:09Z</time></trkpt>
<trkpt lat="33.0136069" lon="35.1735106"><ele>135.1</ele><time>2025-09-10T04:02:10Z</time></trkpt>
<trkpt lat="33.0136179" lon="35.1734355"><ele>134.9</ele><time>2025-09-10T04:02:11Z</time></trkpt>
<trkpt lat="33.0136272" lon="35.1733636"><ele>134.8</ele><time>2025-09-10T04:02:12Z</time></trkpt>
<trkpt lat="33.0136336" lon="35.1732947"><ele>134.7</ele><time>2025-09-10T04:02:13Z</time></trkpt>
<trkpt lat="33.0136362" lon="35.1732271"><ele>134.7</ele><time>2025-09-10T04:02:14Z</time></trkpt>
<trkpt lat="33.0136332" lon="35.1731601"><ele>134.7</ele><time>2025-09-10T04:02:15Z</time></trkpt>
<trkpt lat="33.0136227" lon="35.1730943"><ele>134.7</ele><time>2025-09-10T04:02:16Z</time></trkpt>
<trkpt lat="33.0136046" lon="35.1730314"><ele>134.8</ele><time>2025-09-10T04:02:17Z</time></trkpt>
<trkpt lat="33.0135794" lon="35.1729748"><ele>135.0</ele><time>2025-09-10T04:02:18Z</time></trkpt>
<trkpt lat="33.0135486" lon="35.1729283"><ele>135.1</ele><time>2025-09-10T04:02:19Z</time></trkpt>
<trkpt lat="33.013514" lon="35.1728947"><ele>135.3</ele><time>2025-09-10T04:02:20Z</time></trkpt>
<trkpt lat="33.0134792" lon="35.1728753"><ele>135.6</ele><time>2025-09-10T04:02:21Z</time></trkpt>
<trkpt lat="33.013448" lon="35.1728684"><ele>135.8</ele><time>2025-09-10T04:02:22Z</time></trkpt>
<trkpt lat="33.0134221" lon="35.1728689"><ele>136.1</ele><time>2025-09-10T04:02:23Z</time></trkpt>
<trkpt lat="33.0134009" lon="35.1728716"><ele>136.4</ele><time>2025-09-10T04:02:24Z</time></trkpt>
<trkpt lat="33.013383" lon="35.1728734"><ele>136.8</ele><time>2025-09-10T04:02:25Z</time></trkpt>
<trkpt lat="33.0133672" lon="35.1728738"><ele>137.1</ele><time>2025-09-10T04:02:26Z</time></trkpt>
<trkpt lat="33.0133522" lon="35.1728736"><ele>137.4</ele><time>2025-09-10T04:02:27Z</time></trkpt>
<trkpt lat="33.0133373" lon="35.1728732"><ele>137.7</ele><time>2025-09-10T04:02:28Z</time></trkpt>
<trkpt lat="33.0133227" lon="35.172873"><ele>138.1</ele><time>2025-09-10T04:02:29Z</time></trkpt>
<trkpt lat="33.0133084" lon="35.1728739"><ele>138.4</ele><time>2025-09-10T04:02:30Z</time></trkpt>
<trkpt lat="33.0132942" lon="35.1728764"><ele>138.7</ele><time>2025-09-10T04:02:31Z</time></trkpt>
<trkpt lat="33.0132795" lon="35.1728799"><ele>139.0</ele><time>2025-09-10T04:02:32Z</time></trkpt>
<trkpt lat="33.0132639" lon="35.1728841"><ele>139.3</ele><time>2025-09-10T04:02:33Z</time></trkpt>
<trkpt lat="33.0132477" lon="35.1728883"><ele>139.6</ele><time>2025-09-10T04:02:34Z</time></trkpt>
<trkpt lat="33.0132313" lon="35.1728923"><ele>139.8</ele><time>2025-09-10T04:02:35Z</time></trkpt>
<trkpt lat="33.0132148" lon="35.1728958"><ele>140.0</ele><time>2025-09-10T04:02:36Z</time></trkpt>
<trkpt lat="33.0131989" lon="35.1728988"><ele>140.3</ele><time>2025-09-10T04:02:37Z</time></trkpt>
<trkpt lat="33.0131835" lon="35.1729014"><ele>140.5</ele><time>2025-09-10T04:02:38Z</time></trkpt>
<trkpt lat="33.0131688" lon="35.1729038"><ele>140.7</ele><time>2025-09-10T04:02:39Z</time></trkpt>
<trkpt lat="33.0131545" lon="35.1729061"><ele>140.9</ele><time>2025-09-10T04:02:40Z</time></trkpt>
<trkpt lat="33.0131401" lon="35.1729082"><ele>141.0</ele><time>2025-09-10T04:02:41Z</time></trkpt>
<trkpt lat="33.0131256" lon="35.17291"><ele>141.2</ele><time>2025-09-10T04:02:42Z</time></trkpt>
<trkpt lat="33.0131108" lon="35.1729113"><ele>141.3</ele><time>2025-09-10T04:02:43Z</time></trkpt>
<trkpt lat="33.0130956" lon="35.1729119"><ele>141.5</ele><time>2025-09-10T04:02:44Z</time></trkpt>
<trkpt lat="33.0130803" lon="35.1729117"><ele>141.6</ele><time>2025-09-10T04:02:45Z</time></trkpt>
<trkpt lat="33.0130649" lon="35.1729108"><ele>141.7</ele><time>2025-09-10T04:02:46Z</time></trkpt>
<trkpt lat="33.0130495" lon="35.1729093"><ele>141.8</ele><time>2025-09-10T04:02:47Z</time></trkpt>
<trkpt lat="33.0130341" lon="35.1729079"><ele>141.9</ele><time>2025-09-10T04:02:48Z</time></trkpt>
<trkpt lat="33.0130189" lon="35.172907"><ele>142.1</ele><time>2025-09-10T04:02:49Z</time></trkpt>
<trkpt lat="33.013004" lon="35.1729067"><ele>142.2</ele><time>2025-09-10T04:02:50Z</time></trkpt>
<trkpt lat="33.0129893" lon="35.1729067"><ele>142.3</ele><time>2025-09-10T04:02:51Z</time></trkpt>
<trkpt lat="33.0129749" lon="35.1729066"><ele>142.4</ele><time>2025-09-10T04:02:52Z</time></trkpt>
<trkpt lat="33.012961" lon="35.1729062"><ele>142.5</ele><time>2025-09-10T04:02:53Z</time></trkpt>
<trkpt lat="33.0129473" lon="35.1729057"><ele>142.6</ele><time>2025-09-10T04:02:54Z</time></trkpt>
<trkpt lat="33.0129337" lon="35.1729051"><ele>142.7</ele><time>2025-09-10T04:02:55Z</time></trkpt>
<trkpt lat="33.0129201" lon="35.1729042"><ele>142.8</ele><time>2025-09-10T04:02:56Z</time></trkpt>
<trkpt lat="33.0129064" lon="35.1729025"><ele>142.8</ele><time>2025-09-10T04:02:57Z</time></trkpt>
<trkpt lat="33.0128927" lon="35.1728997"><ele>142.9</ele><time>2025-09-10T04:02:58Z</time></trkpt>
<trkpt lat="33.0128791" lon="35.1728959"><ele>143.0</ele><time>2025-09-10T04:02:59Z</time></trkpt>
<trkpt lat="33.0128657" lon="35.1728915"><ele>143.1</ele><time>2025-09-10T04:03:00Z</time></trkpt>
<trkpt lat="33.0128526" lon="35.1728866"><ele>143.2</ele><time>2025-09-10T04:03:01Z</time></trkpt>
<trkpt lat="33.0128398" lon="35.1728813"><ele>143.3</ele><time>2025-09-10T04:03:02Z</time></trkpt>
<trkpt lat="33.0128269" lon="35.1728757"><ele>143.5</ele><time>2025-09-10T04:03:03Z</time></trkpt>
<trkpt lat="33.0128136" lon="35.1728699"><ele>143.6</ele><time>2025-09-10T04:03:04Z</time></trkpt>
<trkpt lat="33.0128" lon="35.1728641"><ele>143.7</ele><time>2025-09-10T04:03:05Z</time></trkpt>
<trkpt lat="33.0127864" lon="35.1728583"><ele>143.8</ele><time>2025-09-10T04:03:06Z</time></trkpt>
<trkpt lat="33.012773" lon="35.1728525"><ele>143.9</ele><time>2025-09-10T04:03:07Z</time></trkpt>
<trkpt lat="33.0127598" lon="35.172847"><ele>144.0</ele><time>2025-09-10T04:03:08Z</time></trkpt>
<trkpt lat="33.0127466" lon="35.1728422"><ele>144.1</ele><time>2025-09-10T04:03:09Z</time></trkpt>
<trkpt lat="33.0127326" lon="35.1728388"><ele>144.3</ele><time>2025-09-10T04:03:10Z</time></trkpt>
<trkpt lat="33.0127174" lon="35.1728369"><ele>144.4</ele><time>2025-09-10T04:03:11Z</time></trkpt>
<trkpt lat="33.0127007" lon="35.1728366"><ele>144.5</ele><time>2025-09-10T04:03:12Z</time></trkpt>
<trkpt lat="33.0126779" lon="35.1728384"><ele>144.7</ele><time>2025-09-10T04:03:14Z</time></trkpt>
<trkpt lat="33.0126708" lon="35.1728399"><ele>144.9</ele><time>2025-09-10T04:03:15Z</time></trkpt>
<trkpt lat="33.0126636" lon="35.1728414"><ele>145.0</ele><time>2025-09-10T04:03:16Z</time></trkpt>
<trkpt lat="33.0126552" lon="35.1728431"><ele>145.1</ele><time>2025-09-10T04:03:17Z</time></trkpt>
<trkpt lat="33.0126448" lon="35.1728445"><ele>145.2</ele><time>2025-09-10T04:03:18Z</time></trkpt>
<trkpt lat="33.0126325" lon="35.1728467"><ele>145.3</ele><time>2025-09-10T04:03:19Z</time></trkpt>
<trkpt lat="33.0126187" lon="35.1728497"><ele>145.5</ele><time>2025-09-10T04:03:20Z</time></trkpt>
<trkpt lat="33.0126042" lon="35.172852"><ele>145.6</ele><time>2025-09-10T04:03:21Z</time></trkpt>
<trkpt lat="33.0125748" lon="35.1728559"><ele>145.8</ele><time>2025-09-10T04:03:22Z</time></trkpt>
<trkpt lat="33.0125604" lon="35.1728554"><ele>146.0</ele><time>2025-09-10T04:03:23Z</time></trkpt>
<trkpt lat="33.0125464" lon="35.1728531"><ele>146.1</ele><time>2025-09-10T04:03:24Z</time></trkpt>
<trkpt lat="33.0125327" lon="35.1728512"><ele>146.2</ele><time>2025-09-10T04:03:25Z</time></trkpt>
<trkpt lat="33.012519" lon="35.1728505"><ele>146.4</ele><time>2025-09-10T04:03:26Z</time></trkpt>
<trkpt lat="33.0125057" lon="35.1728504"><ele>146.5</ele><time>2025-09-10T04:03:27Z</time></trkpt>
<trkpt lat="33.0124928" lon="35.1728517"><ele>146.6</ele><time>2025-09-10T04:03:28Z</time></trkpt>
<trkpt lat="33.0124804" lon="35.172854"><ele>146.8</ele><time>2025-09-10T04:03:29Z</time></trkpt>
<trkpt lat="33.0124681" lon="35.1728566"><ele>146.9</ele><time>2025-09-10T04:03:30Z</time></trkpt>
<trkpt lat="33.0124561" lon="35.1728607"><ele>147.1</ele><time>2025-09-10T04:03:31Z</time></trkpt>
<trkpt lat="33.0124436" lon="35.1728651"><ele>147.2</ele><time>2025-09-10T04:03:32Z</time></trkpt>
<trkpt lat="33.0124302" lon="35.1728675"><ele>147.4</ele><time>2025-09-10T04:03:33Z</time></trkpt>
<trkpt lat="33.0124173" lon="35.1728695"><ele>147.6</ele><time>2025-09-10T04:03:34Z</time></trkpt>
<trkpt lat="33.012403" lon="35.1728732"><ele>147.7</ele><time>2025-09-10T04:03:35Z</time></trkpt>
<trkpt lat="33.0123881" lon="35.1728777"><ele>147.9</ele><time>2025-09-10T04:03:36Z</time></trkpt>
<trkpt lat="33.0123744" lon="35.1728816"><ele>148.1</ele><time>2025-09-10T04:03:37Z</time></trkpt>
<trkpt lat="33.012361" lon="35.1728854"><ele>148.2</ele><time>2025-09-10T04:03:38Z</time></trkpt>
<trkpt lat="33.0123485" lon="35.1728893"><ele>148.4</ele><time>2025-09-10T04:03:39Z</time></trkpt>
<trkpt lat="33.0123362" lon="35.1728926"><ele>148.6</ele><time>2025-09-10T04:03:40Z</time></trkpt>
<trkpt lat="33.0123234" lon="35.1728954"><ele>148.7</ele><time>2025-09-10T04:03:41Z</time></trkpt>
<trkpt lat="33.0123106" lon="35.1728985"><ele>148.9</ele><time>2025-09-10T04:03:42Z</time></trkpt>
<trkpt lat="33.0122978" lon="35.1729019"><ele>149.1</ele><time>2025-09-10T04:03:43Z</time></trkpt>
<trkpt lat="33.0122845" lon="35.1729048"><ele>149.3</ele><time>2025-09-10T04:03:44Z</time></trkpt>
<trkpt lat="33.0122712" lon="35.1729077"><ele>149.4</ele><time>2025-09-10T04:03:45Z</time></trkpt>
<trkpt lat="33.0122581" lon="35.1729109"><ele>149.6</ele><time>2025-09-10T04:03:46Z</time></trkpt>
<trkpt lat="33.0122448" lon="35.1729146"><ele>149.8</ele><time>2025-09-10T04:03:47Z</time></trkpt>
<trkpt lat="33.0122318" lon="35.172919"><ele>150.0</ele><time>2025-09-10T04:03:48Z</time></trkpt>
<trkpt lat="33.0122189" lon="35.1729234"><ele>150.1</ele><time>2025-09-10T04:03:49Z</time></trkpt>
<trkpt lat="33.0122059" lon="35.1729277"><ele>150.3</ele><time>2025-09-10T04:03:50Z</time></trkpt>
<trkpt lat="33.0121931" lon="35.1729317"><ele>150.5</ele><time>2025-09-10T04:03:51Z</time></trkpt>
<trkpt lat="33.0121802" lon="35.1729359"><ele>150.6</ele><time>2025-09-10T04:03:52Z</time></trkpt>
<trkpt lat="33.0121673" lon="35.1729402"><ele>150.8</ele><time>2025-09-10T04:03:53Z</time></trkpt>
<trkpt lat="33.0121543" lon="35.1729444"><ele>150.9</ele><time>2025-09-10T04:03:54Z</time></trkpt>
<trkpt lat="33.0121414" lon="35.1729484"><ele>151.1</ele><time>2025-09-10T04:03:55Z</time></trkpt>
<trkpt lat="33.0121284" lon="35.172952"><ele>151.2</ele><time>2025-09-10T04:03:56Z</time></trkpt>
<trkpt lat="33.0121149" lon="35.1729547"><ele>151.4</ele><time>2025-09-10T04:03:57Z</time></trkpt>
<trkpt lat="33.0121013" lon="35.1729567"><ele>151.5</ele><time>2025-09-10T04:03:58Z</time></trkpt>
<trkpt lat="33.0120878" lon="35.1729589"><ele>151.7</ele><time>2025-09-10T04:03:59Z</time></trkpt>
<trkpt lat="33.0120743" lon="35.1729614"><ele>151.8</ele><time>2025-09-10T04:04:00Z</time></trkpt>
<trkpt lat="33.0120608" lon="35.1729637"><ele>151.9</ele><time>2025-09-10T04:04:01Z</time></trkpt>
<trkpt lat="33.0120471" lon="35.1729659"><ele>152.1</ele><time>2025-09-10T04:04:02Z</time></trkpt>
<trkpt lat="33.0120333" lon="35.1729683"><ele>152.2</ele><time>2025-09-10T04:04:03Z</time></trkpt>
<trkpt lat="33.0120196" lon="35.1729701"><ele>152.3</ele><time>2025-09-10T04:04:04Z</time></trkpt>
<trkpt lat="33.0120061" lon="35.172971"><ele>152.4</ele><time>2025-09-10T04:04:05Z</time></trkpt>
<trkpt lat="33.0119928" lon="35.1729712"><ele>152.5</ele><time>2025-09-10T04:04:06Z</time></trkpt>
<trkpt lat="33.0119794" lon="35.1729715"><ele>152.7</ele><time>2025-09-10T04:04:07Z</time></trkpt>
<trkpt lat="33.0119656" lon="35.1729722"><ele>152.8</ele><time>2025-09-10T04:04:08Z</time></trkpt>
<trkpt lat="33.0119512" lon="35.172973"><ele>152.9</ele><time>2025-09-10T04:04:09Z</time></trkpt>
<trkpt lat="33.0119359" lon="35.1729746"><ele>153.0</ele><time>2025-09-10T04:04:10Z</time></trkpt>
<trkpt lat="33.0119219" lon="35.1729763"><ele>153.1</ele><time>2025-09-10T04:04:11Z</time></trkpt>
<trkpt lat="33.0119101" lon="35.1729767"><ele>153.2</ele><time>2025-09-10T04:04:12Z</time></trkpt>
<trkpt lat="33.0118951" lon="35.1729768"><ele>153.4</ele><time>2025-09-10T04:04:14Z</time></trkpt>
<trkpt lat="33.0118897" lon="35.1729771"><ele>153.4</ele><time>2025-09-10T04:04:15Z</time></trkpt>
<trkpt lat="33.0118833" lon="35.1729775"><ele>153.5</ele><time>2025-09-10T04:04:16Z</time></trkpt>
<trkpt lat="33.0118751" lon="35.1729777"><ele>153.6</ele><time>2025-09-10T04:04:17Z</time></trkpt>
<trkpt lat="33.0118643" lon="35.1729775"><ele>153.7</ele><time>2025-09-10T04:04:18Z</time></trkpt>
<trkpt lat="33.0118514" lon="35.1729758"><ele>153.8</ele><time>2025-09-10T04:04:19Z</time></trkpt>
<trkpt lat="33.0118374" lon="35.1729727"><ele>153.8</ele><time>2025-09-10T04:04:20Z</time></trkpt>
<trkpt lat="33.0118233" lon="35.1729704"><ele>153.9</ele><time>2025-09-10T04:04:21Z</time></trkpt>
<trkpt lat="33.0117959" lon="35.172965"><ele>154.0</ele><time>2025-09-10T04:04:22Z</time></trkpt>
<trkpt lat="33.0117828" lon="35.1729601"><ele>154.1</ele><time>2025-09-10T04:04:23Z</time></trkpt>
<trkpt lat="33.0117703" lon="35.1729541"><ele>154.2</ele><time>2025-09-10T04:04:24Z</time></trkpt>
<trkpt lat="33.0117582" lon="35.1729477"><ele>154.2</ele><time>2025-09-10T04:04:25Z</time></trkpt>
<trkpt lat="33.011746" lon="35.1729415"><ele>154.3</ele><time>2025-09-10T04:04:26Z</time></trkpt>
<trkpt lat="33.0117337" lon="35.1729346"><ele>154.4</ele><time>2025-09-10T04:04:27Z</time></trkpt>
<trkpt lat="33.0117216" lon="35.1729264"><ele>154.4</ele><time>2025-09-10T04:04:28Z</time></trkpt>
<trkpt lat="33.0117104" lon="35.1729172"><ele>154.5</ele><time>2025-09-10T04:04:29Z</time></trkpt>
<trkpt lat="33.0117004" lon="35.1729068"><ele>154.5</ele><time>2025-09-10T04:04:30Z</time></trkpt>
<trkpt lat="33.0116909" lon="35.1728955"><ele>154.6</ele><time>2025-09-10T04:04:31Z</time></trkpt>
<trkpt lat="33.0116811" lon="35.1728835"><ele>154.7</ele><time>2025-09-10T04:04:32Z</time></trkpt>
<trkpt lat="33.0116716" lon="35.1728707"><ele>154.7</ele><time>2025-09-10T04:04:33Z</time></trkpt>
<trkpt lat="33.0116628" lon="35.1728567"><ele>154.8</ele><time>2025-09-10T04:04:34Z</time></trkpt>
<trkpt lat="33.0116555" lon="35.1728404"><ele>154.8</ele><time>2025-09-10T04:04:35Z</time></trkpt>
<trkpt lat="33.0116498" lon="35.1728227"><ele>154.9</ele><time>2025-09-10T04:04:36Z</time></trkpt>
<trkpt lat="33.0116441" lon="35.1728048"><ele>154.9</ele><time>2025-09-10T04:04:37Z</time></trkpt>
<trkpt lat="33.011638" lon="35.1727864"><ele>155.0</ele><time>2025-09-10T04:04:38Z</time></trkpt>
<trkpt lat="33.0116319" lon="35.1727678"><ele>155.0</ele><time>2025-09-10T04:04:39Z</time></trkpt>
<trkpt lat="33.0116266" lon="35.1727475"><ele>155.1</ele><time>2025-09-10T04:04:40Z</time></trkpt>
<trkpt lat="33.0116226" lon="35.172725"><ele>155.1</ele><time>2025-09-10T04:04:41Z</time></trkpt>
<trkpt lat="33.0116204" lon="35.1727016"><ele>155.1</ele><time>2025-09-10T04:04:42Z</time></trkpt>
<trkpt lat="33.0116203" lon="35.1726768"><ele>155.2</ele><time>2025-09-10T04:04:43Z</time></trkpt>
<trkpt lat="33.011621" lon="35.1726498"><ele>155.2</ele><time>2025-09-10T04:04:44Z</time></trkpt>
<trkpt lat="33.0116215" lon="35.1726205"><ele>155.2</ele><time>2025-09-10T04:04:45Z</time></trkpt>
<trkpt lat="33.0116219" lon="35.1725887"><ele>155.2</ele><time>2025-09-10T04:04:46Z</time></trkpt>
<trkpt lat="33.0116228" lon="35.1725543"><ele>155.2</ele><time>2025-09-10T04:04:47Z</time></trkpt>
<trkpt lat="33.011625" lon="35.1725181"><ele>155.3</ele><time>2025-09-10T04:04:48Z</time></trkpt>
<trkpt lat="33.0116282" lon="35.1724807"><ele>155.3</ele><time>2025-09-10T04:04:49Z</time></trkpt>
<trkpt lat="33.0116324" lon="35.1724421"><ele>155.2</ele><time>2025-09-10T04:04:50Z</time></trkpt>
<trkpt lat="33.0116372" lon="35.1724025"><ele>155.2</ele><time>2025-09-10T04:04:51Z</time></trkpt>
<trkpt lat="33.0116423" lon="35.1723621"><ele>155.2</ele><time>2025-09-10T04:04:52Z</time></trkpt>
<trkpt lat="33.0116475" lon="35.1723215"><ele>155.2</ele><time>2025-09-10T04:04:53Z</time></trkpt>
<trkpt lat="33.0116525" lon="35.172281"><ele>155.2</ele><time>2025-09-10T04:04:54Z</time></trkpt>
<trkpt lat="33.0116571" lon="35.1722411"><ele>155.1</ele><time>2025-09-10T04:04:55Z</time></trkpt>
<trkpt lat="33.0116614" lon="35.1722017"><ele>155.1</ele><time>2025-09-10T04:04:56Z</time></trkpt>
<trkpt lat="33.0116658" lon="35.1721638"><ele>155.1</ele><time>2025-09-10T04:04:57Z</time></trkpt>
<trkpt lat="33.0116707" lon="35.1721267"><ele>155.0</ele><time>2025-09-10T04:04:58Z</time></trkpt>
<trkpt lat="33.011676" lon="35.1720897"><ele>155.0</ele><time>2025-09-10T04:04:59Z</time></trkpt>
<trkpt lat="33.0116811" lon="35.1720524"><ele>154.9</ele><time>2025-09-10T04:05:00Z</time></trkpt>
<trkpt lat="33.0116858" lon="35.172015"><ele>154.9</ele><time>2025-09-10T04:05:01Z</time></trkpt>
<trkpt lat="33.0116907" lon="35.1719787"><ele>154.8</ele><time>2025-09-10T04:05:02Z</time></trkpt>
<trkpt lat="33.011696" lon="35.1719427"><ele>154.8</ele><time>2025-09-10T04:05:03Z</time></trkpt>
<trkpt lat="33.0117011" lon="35.1719057"><ele>154.7</ele><time>2025-09-10T04:05:04Z</time></trkpt>
<trkpt lat="33.0117063" lon="35.1718684"><ele>154.6</ele><time>2025-09-10T04:05:05Z</time></trkpt>
<trkpt lat="33.0117118" lon="35.1718314"><ele>154.6</ele><time>2025-09-10T04:05:06Z</time></trkpt>
<trkpt lat="33.0117168" lon="35.1717962"><ele>154.5</ele><time>2025-09-10T04:05:07Z</time></trkpt>
<trkpt lat="33.0117211" lon="35.1717607"><ele>154.4</ele><time>2025-09-10T04:05:08Z</time></trkpt>
<trkpt lat="33.0117255" lon="35.171722"><ele>154.3</ele><time>2025-09-10T04:05:09Z</time></trkpt>
<trkpt lat="33.011731" lon="35.1716807"><ele>154.3</ele><time>2025-09-10T04:05:10Z</time></trkpt>
<trkpt lat="33.0117376" lon="35.1716391"><ele>154.2</ele><time>2025-09-10T04:05:11Z</time></trkpt>
<trkpt lat="33.0117444" lon="35.1715972"><ele>154.1</ele><time>2025-09-10T04:05:12Z</time></trkpt>
<trkpt lat="33.0117505" lon="35.1715534"><ele>154.0</ele><time>2025-09-10T04:05:13Z</time></trkpt>
<trkpt lat="33.0117557" lon="35.1715078"><ele>153.9</ele><time>2025-09-10T04:05:14Z</time></trkpt>
<trkpt lat="33.0117614" lon="35.1714615"><ele>153.8</ele><time>2025-09-10T04:05:15Z</time></trkpt>
<trkpt lat="33.0117684" lon="35.1714135"><ele>153.7</ele><time>2025-09-10T04:05:16Z</time></trkpt>
<trkpt lat="33.0117764" lon="35.1713648"><ele>153.6</ele><time>2025-09-10T04:05:17Z</time></trkpt>
<trkpt lat="33.0117855" lon="35.1713169"><ele>153.5</ele><time>2025-09-10T04:05:18Z</time></trkpt>
<trkpt lat="33.0117954" lon="35.1712688"><ele>153.4</ele><time>2025-09-10T04:05:19Z</time></trkpt>
<trkpt lat="33.0118049" lon="35.1712205"><ele>153.3</ele><time>2025-09-10T04:05:20Z</time></trkpt>
<trkpt lat="33.0118129" lon="35.1711734"><ele>153.2</ele><time>2025-09-10T04:05:21Z</time></trkpt>
<trkpt lat="33.0118202" lon="35.1711267"><ele>153.1</ele><time>2025-09-10T04:05:22Z</time></trkpt>
<trkpt lat="33.0118281" lon="35.1710787"><ele>153.0</ele><time>2025-09-10T04:05:23Z</time></trkpt>
<trkpt lat="33.0118368" lon="35.17103"><ele>152.9</ele><time>2025-09-10T04:05:24Z</time></trkpt>
<trkpt lat="33.0118456" lon="35.1709806"><ele>152.7</ele><time>2025-09-10T04:05:25Z</time></trkpt>
<trkpt lat="33.0118533" lon="35.17093"><ele>152.6</ele><time>2025-09-10T04:05:26Z</time></trkpt>
<trkpt lat="33.0118592" lon="35.1708794"><ele>152.5</ele><time>2025-09-10T04:05:27Z</time></trkpt>
<trkpt lat="33.0118644" lon="35.1708287"><ele>152.4</ele><time>2025-09-10T04:05:28Z</time></trkpt>
<trkpt lat="33.0118698" lon="35.1707757"><ele>152.3</ele><time>2025-09-10T04:05:29Z</time></trkpt>
<trkpt lat="33.0118751" lon="35.1707193"><ele>152.1</ele><time>2025-09-10T04:05:30Z</time></trkpt>
<trkpt lat="33.0118799" lon="35.170661"><ele>152.0</ele><time>2025-09-10T04:05:31Z</time></trkpt>
<trkpt lat="33.0118844" lon="35.1706019"><ele>151.9</ele><time>2025-09-10T04:05:32Z</time></trkpt>
<trkpt lat="33.0118883" lon="35.1705422"><ele>151.7</ele><time>2025-09-10T04:05:33Z</time></trkpt>
<trkpt lat="33.0118914" lon="35.1704823"><ele>151.6</ele><time>2025-09-10T04:05:34Z</time></trkpt>
<trkpt lat="33.0118931" lon="35.170422"><ele>151.5</ele><time>2025-09-10T04:05:35Z</time></trkpt>
<trkpt lat="33.0118931" lon="35.1703627"><ele>151.3</ele><time>2025-09-10T04:05:36Z</time></trkpt>
<trkpt lat="33.0118919" lon="35.1703031"><ele>151.2</ele><time>2025-09-10T04:05:37Z</time></trkpt>
<trkpt lat="33.0118897" lon="35.1702414"><ele>151.0</ele><time>2025-09-10T04:05:38Z</time></trkpt>
<trkpt lat="33.0118865" lon="35.1701779"><ele>150.9</ele><time>2025-09-10T04:05:39Z</time></trkpt>
<trkpt lat="33.0118818" lon="35.1701127"><ele>150.7</ele><time>2025-09-10T04:05:40Z</time></trkpt>
<trkpt lat="33.0118763" lon="35.1700454"><ele>150.6</ele><time>2025-09-10T04:05:41Z</time></trkpt>
<trkpt lat="33.0118706" lon="35.169976"><ele>150.4</ele><time>2025-09-10T04:05:42Z</time></trkpt>
<trkpt lat="33.0118648" lon="35.1699052"><ele>150.2</ele><time>2025-09-10T04:05:43Z</time></trkpt>
<trkpt lat="33.0118585" lon="35.1698332"><ele>150.1</ele><time>2025-09-10T04:05:44Z</time></trkpt>
<trkpt lat="33.0118527" lon="35.1697611"><ele>149.9</ele><time>2025-09-10T04:05:45Z</time></trkpt>
<trkpt lat="33.0118476" lon="35.1696882"><ele>149.7</ele><time>2025-09-10T04:05:46Z</time></trkpt>
<trkpt lat="33.0118425" lon="35.1696127"><ele>149.6</ele><time>2025-09-10T04:05:47Z</time></trkpt>
<trkpt lat="33.0118368" lon="35.1695342"><ele>149.4</ele><time>2025-09-10T04:05:48Z</time></trkpt>
<trkpt lat="33.0118301" lon="35.1694531"><ele>149.2</ele><time>2025-09-10T04:05:49Z</time></trkpt>
<trkpt lat="33.0118224" lon="35.1693701"><ele>149.0</ele><time>2025-09-10T04:05:50Z</time></trkpt>
<trkpt lat="33.0118146" lon="35.1692875"><ele>148.8</ele><time>2025-09-10T04:05:51Z</time></trkpt>
<trkpt lat="33.0118075" lon="35.1692066"><ele>148.6</ele><time>2025-09-10T04:05:52Z</time></trkpt>
<trkpt lat="33.0118016" lon="35.1691271"><ele>148.4</ele><time>2025-09-10T04:05:53Z</time></trkpt>
<trkpt lat="33.0117957" lon="35.1690473"><ele>148.2</ele><time>2025-09-10T04:05:54Z</time></trkpt>
<trkpt lat="33.0117889" lon="35.1689658"><ele>148.0</ele><time>2025-09-10T04:05:55Z</time></trkpt>
<trkpt lat="33.0117817" lon="35.1688831"><ele>147.8</ele><time>2025-09-10T04:05:56Z</time></trkpt>
<trkpt lat="33.0117743" lon="35.1688018"><ele>147.6</ele><time>2025-09-10T04:05:57Z</time></trkpt>
<trkpt lat="33.011767" lon="35.1687233"><ele>147.4</ele><time>2025-09-10T04:05:58Z</time></trkpt>
<trkpt lat="33.0117601" lon="35.1686462"><ele>147.1</ele><time>2025-09-10T04:05:59Z</time></trkpt>
<trkpt lat="33.011754" lon="35.1685687"><ele>146.9</ele><time>2025-09-10T04:06:00Z</time></trkpt>
<trkpt lat="33.0117481" lon="35.16849"><ele>146.6</ele><time>2025-09-10T04:06:01Z</time></trkpt>
<trkpt lat="33.011742" lon="35.1684099"><ele>146.4</ele><time>2025-09-10T04:06:02Z</time></trkpt>
<trkpt lat="33.0117355" lon="35.1683286"><ele>146.1</ele><time>2025-09-10T04:06:03Z</time></trkpt>
<trkpt lat="33.0117288" lon="35.1682464"><ele>145.8</ele><time>2025-09-10T04:06:04Z</time></trkpt>
<trkpt lat="33.0117225" lon="35.1681633"><ele>145.6</ele><time>2025-09-10T04:06:05Z</time></trkpt>
<trkpt lat="33.011717" lon="35.1680793"><ele>145.3</ele><time>2025-09-10T04:06:06Z</time></trkpt>
<trkpt lat="33.0117115" lon="35.1679947"><ele>145.0</ele><time>2025-09-10T04:06:07Z</time></trkpt>
<trkpt lat="33.0117057" lon="35.16791"><ele>144.7</ele><time>2025-09-10T04:06:08Z</time></trkpt>
<trkpt lat="33.0117019" lon="35.1678237"><ele>144.3</ele><time>2025-09-10T04:06:09Z</time></trkpt>
<trkpt lat="33.0117013" lon="35.1677344"><ele>144.0</ele><time>2025-09-10T04:06:10Z</time></trkpt>
<trkpt lat="33.0117028" lon="35.1676429"><ele>143.7</ele><time>2025-09-10T04:06:11Z</time></trkpt>
<trkpt lat="33.0117054" lon="35.1675505"><ele>143.3</ele><time>2025-09-10T04:06:12Z</time></trkpt>
<trkpt lat="33.0117136" lon="35.1673289"><ele>142.4</ele><time>2025-09-10T04:06:14Z</time></trkpt>
<trkpt lat="33.0117173" lon="35.1672381"><ele>142.0</ele><time>2025-09-10T04:06:15Z</time></trkpt>
<trkpt lat="33.0117205" lon="35.1671466"><ele>141.6</ele><time>2025-09-10T04:06:16Z</time></trkpt>
<trkpt lat="33.0117215" lon="35.1670551"><ele>141.2</ele><time>2025-09-10T04:06:17Z</time></trkpt>
<trkpt lat="33.0117201" lon="35.1669637"><ele>140.8</ele><time>2025-09-10T04:06:18Z</time></trkpt>
<trkpt lat="33.0117162" lon="35.1668716"><ele>140.4</ele><time>2025-09-10T04:06:19Z</time></trkpt>
<trkpt lat="33.01171" lon="35.1667791"><ele>140.0</ele><time>2025-09-10T04:06:20Z</time></trkpt>
<trkpt lat="33.0117016" lon="35.1666868"><ele>139.5</ele><time>2025-09-10T04:06:21Z</time></trkpt>
<trkpt lat="33.0116901" lon="35.1665924"><ele>139.1</ele><time>2025-09-10T04:06:22Z</time></trkpt>
<trkpt lat="33.0116784" lon="35.1664972"><ele>138.6</ele><time>2025-09-10T04:06:23Z</time></trkpt>
<trkpt lat="33.0116735" lon="35.166401"><ele>138.2</ele><time>2025-09-10T04:06:24Z</time></trkpt>
<trkpt lat="33.0116786" lon="35.1663028"><ele>137.7</ele><time>2025-09-10T04:06:25Z</time></trkpt>
<trkpt lat="33.0116918" lon="35.1662039"><ele>137.2</ele><time>2025-09-10T04:06:26Z</time></trkpt>
<trkpt lat="33.0117078" lon="35.1661053"><ele>136.8</ele><time>2025-09-10T04:06:27Z</time></trkpt>
<trkpt lat="33.0117224" lon="35.1660065"><ele>136.3</ele><time>2025-09-10T04:06:28Z</time></trkpt>
<trkpt lat="33.011732" lon="35.1659097"><ele>135.8</ele><time>2025-09-10T04:06:29Z</time></trkpt>
<trkpt lat="33.0117322" lon="35.1658207"><ele>135.4</ele><time>2025-09-10T04:06:30Z</time></trkpt>
<trkpt lat="33.0117204" lon="35.1657412"><ele>134.9</ele><time>2025-09-10T04:06:31Z</time></trkpt>
<trkpt lat="33.0116944" lon="35.1656729"><ele>134.5</ele><time>2025-09-10T04:06:32Z</time></trkpt>
<trkpt lat="33.0116541" lon="35.1656201"><ele>134.0</ele><time>2025-09-10T04:06:33Z</time></trkpt>
<trkpt lat="33.0116025" lon="35.1655831"><ele>133.6</ele><time>2025-09-10T04:06:34Z</time></trkpt>
<trkpt lat="33.0115437" lon="35.1655632"><ele>133.1</ele><time>2025-09-10T04:06:35Z</time></trkpt>
<trkpt lat="33.011482" lon="35.1655564"><ele>132.7</ele><time>2025-09-10T04:06:36Z</time></trkpt>
<trkpt lat="33.0114203" lon="35.1655551"><ele>132.2</ele><time>2025-09-10T04:06:37Z</time></trkpt>
<trkpt lat="33.0113587" lon="35.1655556"><ele>131.8</ele><time>2025-09-10T04:06:38Z</time></trkpt>
<trkpt lat="33.011296" lon="35.1655577"><ele>131.4</ele><time>2025-09-10T04:06:39Z</time></trkpt>
<trkpt lat="33.0112322" lon="35.1655604"><ele>131.0</ele><time>2025-09-10T04:06:40Z</time></trkpt>
<trkpt lat="33.0111683" lon="35.1655605"><ele>130.6</ele><time>2025-09-10T04:06:41Z</time></trkpt>
<trkpt lat="33.0111053" lon="35.1655577"><ele>130.2</ele><time>2025-09-10T04:06:42Z</time></trkpt>
<trkpt lat="33.0110435" lon="35.1655541"><ele>129.8</ele><time>2025-09-10T04:06:43Z</time></trkpt>
<trkpt lat="33.0109823" lon="35.1655494"><ele>129.4</ele><time>2025-09-10T04:06:44Z</time></trkpt>
<trkpt lat="33.0109227" lon="35.1655409"><ele>129.0</ele><time>2025-09-10T04:06:45Z</time></trkpt>
<trkpt lat="33.0108657" lon="35.1655248"><ele>128.6</ele><time>2025-09-10T04:06:46Z</time></trkpt>
<trkpt lat="33.0108155" lon="35.1654935"><ele>128.2</ele><time>2025-09-10T04:06:47Z</time></trkpt>
<trkpt lat="33.0107761" lon="35.1654453"><ele>127.9</ele><time>2025-09-10T04:06:48Z</time></trkpt>
<trkpt lat="33.0107454" lon="35.165386"><ele>127.5</ele><time>2025-09-10T04:06:49Z</time></trkpt>
<trkpt lat="33.0107197" lon="35.1653201"><ele>127.1</ele><time>2025-09-10T04:06:50Z</time></trkpt>
<trkpt lat="33.0106963" lon="35.1652516"><ele>126.7</ele><time>2025-09-10T04:06:51Z</time></trkpt>
<trkpt lat="33.0106732" lon="35.1651807"><ele>126.3</ele><time>2025-09-10T04:06:52Z</time></trkpt>
<trkpt lat="33.0106491" lon="35.1651055"><ele>125.9</ele><time>2025-09-10T04:06:53Z</time></trkpt>
<trkpt lat="33.0106239" lon="35.1650266"><ele>125.6</ele><time>2025-09-10T04:06:54Z</time></trkpt>
<trkpt lat="33.0105978" lon="35.1649446"><ele>125.2</ele><time>2025-09-10T04:06:55Z</time></trkpt>
<trkpt lat="33.0105714" lon="35.164862"><ele>124.8</ele><time>2025-09-10T04:06:56Z</time></trkpt>
<trkpt lat="33.0105445" lon="35.16478"><ele>124.4</ele><time>2025-09-10T04:06:57Z</time></trkpt>
<trkpt lat="33.0105167" lon="35.1646994"><ele>124.0</ele><time>2025-09-10T04:06:58Z</time></trkpt>
<trkpt lat="33.0104889" lon="35.1646226"><ele>123.6</ele><time>2025-09-10T04:06:59Z</time></trkpt>
<trkpt lat="33.0104633" lon="35.1645499"><ele>123.2</ele><time>2025-09-10T04:07:00Z</time></trkpt>
<trkpt lat="33.010443" lon="35.1644797"><ele>122.8</ele><time>2025-09-10T04:07:01Z</time></trkpt>
<trkpt lat="33.0104314" lon="35.1644125"><ele>122.4</ele><time>2025-09-10T04:07:02Z</time></trkpt>
<trkpt lat="33.0104303" lon="35.1643495"><ele>122.0</ele><time>2025-09-10T04:07:03Z</time></trkpt>
<trkpt lat="33.0104402" lon="35.1642908"><ele>121.6</ele><time>2025-09-10T04:07:04Z</time></trkpt>
<trkpt lat="33.010461" lon="35.1642379"><ele>121.2</ele><time>2025-09-10T04:07:05Z</time></trkpt>
<trkpt lat="33.0104918" lon="35.1641927"><ele>120.7</ele><time>2025-09-10T04:07:06Z</time></trkpt>
<trkpt lat="33.0105302" lon="35.1641571"><ele>120.3</ele><time>2025-09-10T04:07:07Z</time></trkpt>
<trkpt lat="33.0105734" lon="35.1641318"><ele>119.9</ele><time>2025-09-10T04:07:08Z</time></trkpt>
<trkpt lat="33.0106199" lon="35.1641143"><ele>119.4</ele><time>2025-09-10T04:07:09Z</time></trkpt>
<trkpt lat="33.0106685" lon="35.1641008"><ele>119.0</ele><time>2025-09-10T04:07:10Z</time></trkpt>
<trkpt lat="33.0107172" lon="35.1640876"><ele>118.5</ele><time>2025-09-10T04:07:11Z</time></trkpt>
<trkpt lat="33.0107631" lon="35.1640709"><ele>118.0</ele><time>2025-09-10T04:07:12Z</time></trkpt>
<trkpt lat="33.0108045" lon="35.1640464"><ele>117.6</ele><time>2025-09-10T04:07:13Z</time></trkpt>
<trkpt lat="33.0108413" lon="35.1640117"><ele>117.1</ele><time>2025-09-10T04:07:14Z</time></trkpt>
<trkpt lat="33.0108734" lon="35.163966"><ele>116.6</ele><time>2025-09-10T04:07:15Z</time></trkpt>
<trkpt lat="33.0109017" lon="35.1639104"><ele>116.1</ele><time>2025-09-10T04:07:16Z</time></trkpt>
<trkpt lat="33.0109281" lon="35.1638458"><ele>115.6</ele><time>2025-09-10T04:07:17Z</time></trkpt>
<trkpt lat="33.0109514" lon="35.1637754"><ele>115.0</ele><time>2025-09-10T04:07:18Z</time></trkpt>
<trkpt lat="33.0109712" lon="35.1637007"><ele>114.5</ele><time>2025-09-10T04:07:19Z</time></trkpt>
<trkpt lat="33.0109896" lon="35.1636215"><ele>114.0</ele><time>2025-09-10T04:07:20Z</time></trkpt>
<trkpt lat="33.011009" lon="35.1635377"><ele>113.5</ele><time>2025-09-10T04:07:21Z</time></trkpt>
<trkpt lat="33.0110306" lon="35.1634485"><ele>112.9</ele><time>2025-09-10T04:07:22Z</time></trkpt>
<trkpt lat="33.0110537" lon="35.1633553"><ele>112.4</ele><time>2025-09-10T04:07:23Z</time></trkpt>
<trkpt lat="33.0110768" lon="35.1632597"><ele>111.9</ele><time>2025-09-10T04:07:24Z</time></trkpt>
<trkpt lat="33.0111003" lon="35.1631624"><ele>111.3</ele><time>2025-09-10T04:07:25Z</time></trkpt>
<trkpt lat="33.0111248" lon="35.1630646"><ele>110.8</ele><time>2025-09-10T04:07:26Z</time></trkpt>
<trkpt lat="33.0111514" lon="35.1629659"><ele>110.2</ele><time>2025-09-10T04:07:27Z</time></trkpt>
<trkpt lat="33.0111798" lon="35.1628655"><ele>109.7</ele><time>2025-09-10T04:07:28Z</time></trkpt>
<trkpt lat="33.0112081" lon="35.1627623"><ele>109.1</ele><time>2025-09-10T04:07:29Z</time></trkpt>
<trkpt lat="33.0112351" lon="35.1626562"><ele>108.6</ele><time>2025-09-10T04:07:30Z</time></trkpt>
<trkpt lat="33.0112606" lon="35.1625493"><ele>108.1</ele><time>2025-09-10T04:07:31Z</time></trkpt>
<trkpt lat="33.0112842" lon="35.1624434"><ele>107.6</ele><time>2025-09-10T04:07:32Z</time></trkpt>
<trkpt lat="33.0113054" lon="35.1623382"><ele>107.0</ele><time>2025-09-10T04:07:33Z</time></trkpt>
<trkpt lat="33.0113243" lon="35.1622335"><ele>106.5</ele><time>2025-09-10T04:07:34Z</time></trkpt>
<trkpt lat="33.0113414" lon="35.1621301"><ele>106.0</ele><time>2025-09-10T04:07:35Z</time></trkpt>
<trkpt lat="33.0113567" lon="35.1620283"><ele>105.5</ele><time>2025-09-10T04:07:36Z</time></trkpt>
<trkpt lat="33.0113693" lon="35.1619275"><ele>105.0</ele><time>2025-09-10T04:07:37Z</time></trkpt>
<trkpt lat="33.0113795" lon="35.1618268"><ele>104.5</ele><time>2025-09-10T04:07:38Z</time></trkpt>
<trkpt lat="33.0113882" lon="35.1617253"><ele>104.0</ele><time>2025-09-10T04:07:39Z</time></trkpt>
<trkpt lat="33.0113953" lon="35.161623"><ele>103.5</ele><time>2025-09-10T04:07:40Z</time></trkpt>
<trkpt lat="33.0114002" lon="35.1615199"><ele>103.1</ele><time>2025-09-10T04:07:41Z</time></trkpt>
<trkpt lat="33.011403" lon="35.1614171"><ele>102.6</ele><time>2025-09-10T04:07:42Z</time></trkpt>
<trkpt lat="33.011404" lon="35.1613154"><ele>102.1</ele><time>2025-09-10T04:07:43Z</time></trkpt>
<trkpt lat="33.0114037" lon="35.1612132"><ele>101.7</ele><time>2025-09-10T04:07:44Z</time></trkpt>
<trkpt lat="33.0114021" lon="35.1611103"><ele>101.2</ele><time>2025-09-10T04:07:45Z</time></trkpt>
<trkpt lat="33.0113987" lon="35.1610079"><ele>100.7</ele><time>2025-09-10T04:07:46Z</time></trkpt>
<trkpt lat="33.0113935" lon="35.1609063"><ele>100.3</ele><time>2025-09-10T04:07:47Z</time></trkpt>
<trkpt lat="33.0113883" lon="35.1608055"><ele>99.8</ele><time>2025-09-10T04:07:48Z</time></trkpt>
<trkpt lat="33.0113844" lon="35.1607047"><ele>99.4</ele><time>2025-09-10T04:07:49Z</time></trkpt>
<trkpt lat="33.0113813" lon="35.1606041"><ele>99.0</ele><time>2025-09-10T04:07:50Z</time></trkpt>
<trkpt lat="33.0113764" lon="35.1605035"><ele>98.5</ele><time>2025-09-10T04:07:51Z</time></trkpt>
<trkpt lat="33.0113675" lon="35.1604033"><ele>98.1</ele><time>2025-09-10T04:07:52Z</time></trkpt>
<trkpt lat="33.0113529" lon="35.1603052"><ele>97.7</ele><time>2025-09-10T04:07:53Z</time></trkpt>
<trkpt lat="33.0113321" lon="35.1602112"><ele>97.2</ele><time>2025-09-10T04:07:54Z</time></trkpt>
<trkpt lat="33.0113081" lon="35.1601202"><ele>96.8</ele><time>2025-09-10T04:07:55Z</time></trkpt>
<trkpt lat="33.0112835" lon="35.1600282"><ele>96.4</ele><time>2025-09-10T04:07:56Z</time></trkpt>
<trkpt lat="33.0112589" lon="35.1599339"><ele>95.9</ele><time>2025-09-10T04:07:57Z</time></trkpt>
<trkpt lat="33.0112346" lon="35.15984"><ele>95.5</ele><time>2025-09-10T04:07:58Z</time></trkpt>
<trkpt lat="33.0112101" lon="35.1597474"><ele>95.1</ele><time>2025-09-10T04:07:59Z</time></trkpt>
<trkpt lat="33.0111838" lon="35.1596555"><ele>94.7</ele><time>2025-09-10T04:08:00Z</time></trkpt>
<trkpt lat="33.0111546" lon="35.1595661"><ele>94.2</ele><time>2025-09-10T04:08:01Z</time></trkpt>
<trkpt lat="33.0111227" lon="35.1594804"><ele>93.8</ele><time>2025-09-10T04:08:02Z</time></trkpt>
<trkpt lat="33.0110894" lon="35.159398"><ele>93.3</ele><time>2025-09-10T04:08:03Z</time></trkpt>
<trkpt lat="33.011056" lon="35.1593173"><ele>92.9</ele><time>2025-09-10T04:08:04Z</time></trkpt>
<trkpt lat="33.0110233" lon="35.1592365"><ele>92.5</ele><time>2025-09-10T04:08:05Z</time></trkpt>
<trkpt lat="33.0109922" lon="35.1591534"><ele>92.0</ele><time>2025-09-10T04:08:06Z</time></trkpt>
<trkpt lat="33.0109658" lon="35.1590673"><ele>91.6</ele><time>2025-09-10T04:08:07Z</time></trkpt>
<trkpt lat="33.0109472" lon="35.1589782"><ele>91.1</ele><time>2025-09-10T04:08:08Z</time></trkpt>
<trkpt lat="33.0109378" lon="35.1588861"><ele>90.6</ele><time>2025-09-10T04:08:09Z</time></trkpt>
<trkpt lat="33.0109368" lon="35.1587915"><ele>90.2</ele><time>2025-09-10T04:08:10Z</time></trkpt>
<trkpt lat="33.0109417" lon="35.1586949"><ele>89.7</ele><time>2025-09-10T04:08:11Z</time></trkpt>
<trkpt lat="33.0109505" lon="35.1585974"><ele>89.2</ele><time>2025-09-10T04:08:12Z</time></trkpt>
<trkpt lat="33.0109635" lon="35.1585"><ele>88.7</ele><time>2025-09-10T04:08:13Z</time></trkpt>
<trkpt lat="33.0109813" lon="35.1584014"><ele>88.2</ele><time>2025-09-10T04:08:14Z</time></trkpt>
<trkpt lat="33.0110049" lon="35.1583012"><ele>87.7</ele><time>2025-09-10T04:08:15Z</time></trkpt>
<trkpt lat="33.0110349" lon="35.1582007"><ele>87.2</ele><time>2025-09-10T04:08:16Z</time></trkpt>
<trkpt lat="33.0110709" lon="35.1580992"><ele>86.6</ele><time>2025-09-10T04:08:17Z</time></trkpt>
<trkpt lat="33.0111101" lon="35.1579963"><ele>86.1</ele><time>2025-09-10T04:08:18Z</time></trkpt>
<trkpt lat="33.0111496" lon="35.1578926"><ele>85.6</ele><time>2025-09-10T04:08:19Z</time></trkpt>
<trkpt lat="33.0111865" lon="35.1577885"><ele>85.0</ele><time>2025-09-10T04:08:20Z</time></trkpt>
<trkpt lat="33.0112192" lon="35.1576855"><ele>84.5</ele><time>2025-09-10T04:08:21Z</time></trkpt>
<trkpt lat="33.0112487" lon="35.1575793"><ele>83.9</ele><time>2025-09-10T04:08:22Z</time></trkpt>
<trkpt lat="33.0112763" lon="35.1574664"><ele>83.4</ele><time>2025-09-10T04:08:23Z</time></trkpt>
<trkpt lat="33.0113018" lon="35.157349"><ele>82.8</ele><time>2025-09-10T04:08:24Z</time></trkpt>
<trkpt lat="33.0113248" lon="35.1572289"><ele>82.3</ele><time>2025-09-10T04:08:25Z</time></trkpt>
<trkpt lat="33.0113446" lon="35.1571074"><ele>81.8</ele><time>2025-09-10T04:08:26Z</time></trkpt>
<trkpt lat="33.011361" lon="35.1569859"><ele>81.3</ele><time>2025-09-10T04:08:27Z</time></trkpt>
<trkpt lat="33.0113741" lon="35.1568653"><ele>80.8</ele><time>2025-09-10T04:08:28Z</time></trkpt>
<trkpt lat="33.0113846" lon="35.1567469"><ele>80.3</ele><time>2025-09-10T04:08:29Z</time></trkpt>
<trkpt lat="33.0113943" lon="35.1566319"><ele>79.8</ele><time>2025-09-10T04:08:30Z</time></trkpt>
<trkpt lat="33.0114054" lon="35.1565214"><ele>79.4</ele><time>2025-09-10T04:08:31Z</time></trkpt>
<trkpt lat="33.0114193" lon="35.1564162"><ele>79.0</ele><time>2025-09-10T04:08:32Z</time></trkpt>
<trkpt lat="33.0114365" lon="35.1563157"><ele>78.6</ele><time>2025-09-10T04:08:33Z</time></trkpt>
<trkpt lat="33.0114561" lon="35.1562203"><ele>78.2</ele><time>2025-09-10T04:08:34Z</time></trkpt>
<trkpt lat="33.0114764" lon="35.1561312"><ele>77.8</ele><time>2025-09-10T04:08:35Z</time></trkpt>
<trkpt lat="33.0114949" lon="35.156048"><ele>77.5</ele><time>2025-09-10T04:08:36Z</time></trkpt>
<trkpt lat="33.0115069" lon="35.1559689"><ele>77.1</ele><time>2025-09-10T04:08:37Z</time></trkpt>
<trkpt lat="33.011508" lon="35.15589"><ele>76.8</ele><time>2025-09-10T04:08:38Z</time></trkpt>
<trkpt lat="33.0114953" lon="35.1558102"><ele>76.6</ele><time>2025-09-10T04:08:39Z</time></trkpt>
<trkpt lat="33.0114678" lon="35.1557331"><ele>76.3</ele><time>2025-09-10T04:08:40Z</time></trkpt>
<trkpt lat="33.0114284" lon="35.1556615"><ele>76.1</ele><time>2025-09-10T04:08:41Z</time></trkpt>
<trkpt lat="33.0113817" lon="35.1555962"><ele>75.8</ele><time>2025-09-10T04:08:42Z</time></trkpt>
<trkpt lat="33.0113305" lon="35.1555378"><ele>75.6</ele><time>2025-09-10T04:08:43Z</time></trkpt>
<trkpt lat="33.0112756" lon="35.1554879"><ele>75.4</ele><time>2025-09-10T04:08:44Z</time></trkpt>
<trkpt lat="33.011218" lon="35.1554487"><ele>75.3</ele><time>2025-09-10T04:08:45Z</time></trkpt>
<trkpt lat="33.0111582" lon="35.1554205"><ele>75.1</ele><time>2025-09-10T04:08:46Z</time></trkpt>
<trkpt lat="33.0110968" lon="35.1554009"><ele>75.0</ele><time>2025-09-10T04:08:47Z</time></trkpt>
<trkpt lat="33.0110363" lon="35.1553856"><ele>74.9</ele><time>2025-09-10T04:08:48Z</time></trkpt>
<trkpt lat="33.0109796" lon="35.15537"><ele>74.8</ele><time>2025-09-10T04:08:49Z</time></trkpt>
<trkpt lat="33.0109296" lon="35.1553507"><ele>74.7</ele><time>2025-09-10T04:08:50Z</time></trkpt>
<trkpt lat="33.0108886" lon="35.1553264"><ele>74.6</ele><time>2025-09-10T04:08:51Z</time></trkpt>
<trkpt lat="33.010855" lon="35.155301"><ele>74.6</ele><time>2025-09-10T04:08:52Z</time></trkpt>
<trkpt lat="33.0108267" lon="35.1552803"><ele>74.5</ele><time>2025-09-10T04:08:53Z</time></trkpt>
<trkpt lat="33.0108032" lon="35.1552661"><ele>74.5</ele><time>2025-09-10T04:08:54Z</time></trkpt>
<trkpt lat="33.0107835" lon="35.155255"><ele>74.4</ele><time>2025-09-10T04:08:55Z</time></trkpt>
<trkpt lat="33.0107684" lon="35.1552431"><ele>74.4</ele><time>2025-09-10T04:08:56Z</time></trkpt>
<trkpt lat="33.0107594" lon="35.1552292"><ele>74.4</ele><time>2025-09-10T04:08:57Z</time></trkpt>
<trkpt lat="33.010758" lon="35.1552144"><ele>74.3</ele><time>2025-09-10T04:08:58Z</time></trkpt>
<trkpt lat="33.0107634" lon="35.1552001"><ele>74.3</ele><time>2025-09-10T04:08:59Z</time></trkpt>
<trkpt lat="33.0107759" lon="35.1551888"><ele>74.3</ele><time>2025-09-10T04:09:00Z</time></trkpt>
<trkpt lat="33.0107935" lon="35.1551845"><ele>74.4</ele><time>2025-09-10T04:09:01Z</time></trkpt>
<trkpt lat="33.0108117" lon="35.1551891"><ele>74.4</ele><time>2025-09-10T04:09:02Z</time></trkpt>
<trkpt lat="33.0108276" lon="35.1552013"><ele>74.4</ele><time>2025-09-10T04:09:03Z</time></trkpt>
<trkpt lat="33.0108404" lon="35.1552187"><ele>74.5</ele><time>2025-09-10T04:09:04Z</time></trkpt>
<trkpt lat="33.0108508" lon="35.1552391"><ele>74.5</ele><time>2025-09-10T04:09:05Z</time></trkpt>
<trkpt lat="33.0108604" lon="35.1552607"><ele>74.6</ele><time>2025-09-10T04:09:06Z</time></trkpt>
<trkpt lat="33.0108709" lon="35.155282"><ele>74.6</ele><time>2025-09-10T04:09:07Z</time></trkpt>
<trkpt lat="33.0108839" lon="35.1553016"><ele>74.7</ele><time>2025-09-10T04:09:08Z</time></trkpt>
<trkpt lat="33.0108999" lon="35.1553187"><ele>74.8</ele><time>2025-09-10T04:09:09Z</time></trkpt>
<trkpt lat="33.0109186" lon="35.1553329"><ele>74.8</ele><time>2025-09-10T04:09:10Z</time></trkpt>
<trkpt lat="33.0109399" lon="35.1553444"><ele>74.9</ele><time>2025-09-10T04:09:11Z</time></trkpt>
<trkpt lat="33.0109636" lon="35.1553536"><ele>75.0</ele><time>2025-09-10T04:09:12Z</time></trkpt>
<trkpt lat="33.010989" lon="35.1553607"><ele>75.1</ele><time>2025-09-10T04:09:13Z</time></trkpt>
<trkpt lat="33.0110153" lon="35.1553664"><ele>75.1</ele><time>2025-09-10T04:09:14Z</time></trkpt>
<trkpt lat="33.0110415" lon="35.155371"><ele>75.2</ele><time>2025-09-10T04:09:15Z</time></trkpt>
<trkpt lat="33.0110675" lon="35.155375"><ele>75.2</ele><time>2025-09-10T04:09:16Z</time></trkpt>
<trkpt lat="33.011093" lon="35.1553787"><ele>75.3</ele><time>2025-09-10T04:09:17Z</time></trkpt>
<trkpt lat="33.0111179" lon="35.1553826"><ele>75.3</ele><time>2025-09-10T04:09:18Z</time></trkpt>
<trkpt lat="33.0111422" lon="35.1553873"><ele>75.3</ele><time>2025-09-10T04:09:19Z</time></trkpt>
<trkpt lat="33.0111662" lon="35.1553932"><ele>75.4</ele><time>2025-09-10T04:09:20Z</time></trkpt>
<trkpt lat="33.01119" lon="35.1554008"><ele>75.4</ele><time>2025-09-10T04:09:21Z</time></trkpt>
<trkpt lat="33.0112137" lon="35.1554102"><ele>75.4</ele><time>2025-09-10T04:09:22Z</time></trkpt>
<trkpt lat="33.0112371" lon="35.1554217"><ele>75.4</ele><time>2025-09-10T04:09:23Z</time></trkpt>
<trkpt lat="33.0112602" lon="35.1554356"><ele>75.3</ele><time>2025-09-10T04:09:24Z</time></trkpt>
<trkpt lat="33.0112827" lon="35.1554519"><ele>75.3</ele><time>2025-09-10T04:09:25Z</time></trkpt>
<trkpt lat="33.0113045" lon="35.1554703"><ele>75.3</ele><time>2025-09-10T04:09:26Z</time></trkpt>
<trkpt lat="33.0113252" lon="35.1554907"><ele>75.3</ele><time>2025-09-10T04:09:27Z</time></trkpt>
<trkpt lat="33.0113444" lon="35.1555127"><ele>75.2</ele><time>2025-09-10T04:09:28Z</time></trkpt>
<trkpt lat="33.0113622" lon="35.1555358"><ele>75.2</ele><time>2025-09-10T04:09:29Z</time></trkpt>
<trkpt lat="33.0113787" lon="35.1555594"><ele>75.2</ele><time>2025-09-10T04:09:30Z</time></trkpt>
<trkpt lat="33.0113944" lon="35.155583"><ele>75.1</ele><time>2025-09-10T04:09:31Z</time></trkpt>
<trkpt lat="33.0114094" lon="35.1556062"><ele>75.1</ele><time>2025-09-10T04:09:32Z</time></trkpt>
<trkpt lat="33.0114239" lon="35.1556291"><ele>75.1</ele><time>2025-09-10T04:09:33Z</time></trkpt>
<trkpt lat="33.0114379" lon="35.1556517"><ele>75.1</ele><time>2025-09-10T04:09:34Z</time></trkpt>
<trkpt lat="33.0114515" lon="35.1556744"><ele>75.1</ele><time>2025-09-10T04:09:35Z</time></trkpt>
<trkpt lat="33.0114644" lon="35.1556974"><ele>75.1</ele><time>2025-09-10T04:09:36Z</time></trkpt>
<trkpt lat="33.0114767" lon="35.155721"><ele>75.1</ele><time>2025-09-10T04:09:37Z</time></trkpt>
<trkpt lat="33.0114882" lon="35.1557452"><ele>75.2</ele><time>2025-09-10T04:09:38Z</time></trkpt>
<trkpt lat="33.011499" lon="35.1557702"><ele>75.2</ele><time>2025-09-10T04:09:39Z</time></trkpt>
<trkpt lat="33.0115088" lon="35.1557963"><ele>75.3</ele><time>2025-09-10T04:09:40Z</time></trkpt>
<trkpt lat="33.0115173" lon="35.1558233"><ele>75.3</ele><time>2025-09-10T04:09:41Z</time></trkpt>
<trkpt lat="33.011524" lon="35.1558511"><ele>75.4</ele><time>2025-09-10T04:09:42Z</time></trkpt>
<trkpt lat="33.0115287" lon="35.1558798"><ele>75.5</ele><time>2025-09-10T04:09:43Z</time></trkpt>
<trkpt lat="33.0115311" lon="35.1559089"><ele>75.6</ele><time>2025-09-10T04:09:44Z</time></trkpt>
<trkpt lat="33.0115312" lon="35.1559383"><ele>75.7</ele><time>2025-09-10T04:09:45Z</time></trkpt>
<trkpt lat="33.0115291" lon="35.1559674"><ele>75.8</ele><time>2025-09-10T04:09:46Z</time></trkpt>
<trkpt lat="33.0115251" lon="35.1559959"><ele>76.0</ele><time>2025-09-10T04:09:47Z</time></trkpt>
<trkpt lat="33.0115194" lon="35.1560236"><ele>76.1</ele><time>2025-09-10T04:09:48Z</time></trkpt>
<trkpt lat="33.0115125" lon="35.1560503"><ele>76.3</ele><time>2025-09-10T04:09:49Z</time></trkpt>
<trkpt lat="33.0115049" lon="35.1560762"><ele>76.4</ele><time>2025-09-10T04:09:50Z</time></trkpt>
<trkpt lat="33.0114968" lon="35.1561016"><ele>76.6</ele><time>2025-09-10T04:09:51Z</time></trkpt>
<trkpt lat="33.0114886" lon="35.1561269"><ele>76.8</ele><time>2025-09-10T04:09:52Z</time></trkpt>
<trkpt lat="33.0114803" lon="35.1561525"><ele>77.0</ele><time>2025-09-10T04:09:53Z</time></trkpt>
<trkpt lat="33.0114722" lon="35.1561783"><ele>77.1</ele><time>2025-09-10T04:09:54Z</time></trkpt>
<trkpt lat="33.0114645" lon="35.1562042"><ele>77.3</ele><time>2025-09-10T04:09:55Z</time></trkpt>
<trkpt lat="33.0114576" lon="35.15623"><ele>77.5</ele><time>2025-09-10T04:09:56Z</time></trkpt>
<trkpt lat="33.0114514" lon="35.1562557"><ele>77.7</ele><time>2025-09-10T04:09:57Z</time></trkpt>
<trkpt lat="33.0114462" lon="35.1562815"><ele>77.9</ele><time>2025-09-10T04:09:58Z</time></trkpt>
<trkpt lat="33.0114417" lon="35.1563076"><ele>78.1</ele><time>2025-09-10T04:09:59Z</time></trkpt>
<trkpt lat="33.0114375" lon="35.156334"><ele>78.3</ele><time>2025-09-10T04:10:00Z</time></trkpt>
<trkpt lat="33.0114332" lon="35.1563608"><ele>78.5</ele><time>2025-09-10T04:10:01Z</time></trkpt>
<trkpt lat="33.0114286" lon="35.1563878"><ele>78.7</ele><time>2025-09-10T04:10:02Z</time></trkpt>
<trkpt lat="33.0114236" lon="35.1564149"><ele>78.9</ele><time>2025-09-10T04:10:03Z</time></trkpt>
<trkpt lat="33.0114184" lon="35.1564418"><ele>79.0</ele><time>2025-09-10T04:10:04Z</time></trkpt>
<trkpt lat="33.0114138" lon="35.1564686"><ele>79.2</ele><time>2025-09-10T04:10:05Z</time></trkpt>
<trkpt lat="33.01141" lon="35.1564956"><ele>79.4</ele><time>2025-09-10T04:10:06Z</time></trkpt>
<trkpt lat="33.0114074" lon="35.156523"><ele>79.5</ele><time>2025-09-10T04:10:07Z</time></trkpt>
<trkpt lat="33.0114055" lon="35.156551"><ele>79.6</ele><time>2025-09-10T04:10:08Z</time></trkpt>
<trkpt lat="33.0114039" lon="35.1565793"><ele>79.8</ele><time>2025-09-10T04:10:09Z</time></trkpt>
<trkpt lat="33.0114023" lon="35.1566076"><ele>79.9</ele><time>2025-09-10T04:10:10Z</time></trkpt>
<trkpt lat="33.0114009" lon="35.1566357"><ele>80.0</ele><time>2025-09-10T04:10:11Z</time></trkpt>
<trkpt lat="33.0113997" lon="35.1566634"><ele>80.1</ele><time>2025-09-10T04:10:12Z</time></trkpt>
<trkpt lat="33.011398" lon="35.1567164"><ele>80.3</ele><time>2025-09-10T04:10:14Z</time></trkpt>
<trkpt lat="33.0113972" lon="35.1567453"><ele>80.4</ele><time>2025-09-10T04:10:15Z</time></trkpt>
<trkpt lat="33.0113963" lon="35.1567732"><ele>80.5</ele><time>2025-09-10T04:10:16Z</time></trkpt>
<trkpt lat="33.0113956" lon="35.1568007"><ele>80.6</ele><time>2025-09-10T04:10:17Z</time></trkpt>
<trkpt lat="33.0113944" lon="35.1568275"><ele>80.6</ele><time>2025-09-10T04:10:18Z</time></trkpt>
<trkpt lat="33.0113923" lon="35.1568543"><ele>80.7</ele><time>2025-09-10T04:10:19Z</time></trkpt>
<trkpt lat="33.01139" lon="35.1568813"><ele>80.8</ele><time>2025-09-10T04:10:20Z</time></trkpt>
<trkpt lat="33.0113875" lon="35.1569078"><ele>80.9</ele><time>2025-09-10T04:10:21Z</time></trkpt>
<trkpt lat="33.0113855" lon="35.156958"><ele>81.0</ele><time>2025-09-10T04:10:22Z</time></trkpt>
<trkpt lat="33.0113845" lon="35.1569824"><ele>81.1</ele><time>2025-09-10T04:10:23Z</time></trkpt>
<trkpt lat="33.0113805" lon="35.157006"><ele>81.2</ele><time>2025-09-10T04:10:24Z</time></trkpt>
<trkpt lat="33.0113762" lon="35.1570289"><ele>81.3</ele><time>2025-09-10T04:10:25Z</time></trkpt>
<trkpt lat="33.0113728" lon="35.1570514"><ele>81.4</ele><time>2025-09-10T04:10:26Z</time></trkpt>
<trkpt lat="33.011369" lon="35.1570733"><ele>81.4</ele><time>2025-09-10T04:10:27Z</time></trkpt>
<trkpt lat="33.0113646" lon="35.1570948"><ele>81.5</ele><time>2025-09-10T04:10:28Z</time></trkpt>
<trkpt lat="33.0113604" lon="35.1571159"><ele>81.6</ele><time>2025-09-10T04:10:29Z</time></trkpt>
<trkpt lat="33.0113567" lon="35.1571374"><ele>81.7</ele><time>2025-09-10T04:10:30Z</time></trkpt>
<trkpt lat="33.0113534" lon="35.1571591"><ele>81.8</ele><time>2025-09-10T04:10:31Z</time></trkpt>
<trkpt lat="33.0113499" lon="35.157181"><ele>81.9</ele><time>2025-09-10T04:10:32Z</time></trkpt>
<trkpt lat="33.011346" lon="35.1572039"><ele>82.0</ele><time>2025-09-10T04:10:33Z</time></trkpt>
<trkpt lat="33.0113428" lon="35.1572269"><ele>82.1</ele><time>2025-09-10T04:10:34Z</time></trkpt>
<trkpt lat="33.0113396" lon="35.15725"><ele>82.3</ele><time>2025-09-10T04:10:35Z</time></trkpt>
<trkpt lat="33.0113353" lon="35.157273"><ele>82.4</ele><time>2025-09-10T04:10:36Z</time></trkpt>
<trkpt lat="33.0113301" lon="35.1572954"><ele>82.5</ele><time>2025-09-10T04:10:37Z</time></trkpt>
<trkpt lat="33.0113251" lon="35.1573178"><ele>82.6</ele><time>2025-09-10T04:10:38Z</time></trkpt>
<trkpt lat="33.0113209" lon="35.1573405"><ele>82.7</ele><time>2025-09-10T04:10:39Z</time></trkpt>
<trkpt lat="33.0113159" lon="35.157363"><ele>82.9</ele><time>2025-09-10T04:10:40Z</time></trkpt>
<trkpt lat="33.0113109" lon="35.1573855"><ele>83.0</ele><time>2025-09-10T04:10:41Z</time></trkpt>
<trkpt lat="33.0113069" lon="35.1574084"><ele>83.1</ele><time>2025-09-10T04:10:42Z</time></trkpt>
<trkpt lat="33.0113017" lon="35.1574311"><ele>83.3</ele><time>2025-09-10T04:10:43Z</time></trkpt>
<trkpt lat="33.0112949" lon="35.1574543"><ele>83.4</ele><time>2025-09-10T04:10:44Z</time></trkpt>
<trkpt lat="33.0112887" lon="35.1574784"><ele>83.6</ele><time>2025-09-10T04:10:45Z</time></trkpt>
<trkpt lat="33.0112847" lon="35.157503"><ele>83.7</ele><time>2025-09-10T04:10:46Z</time></trkpt>
<trkpt lat="33.011282" lon="35.1575274"><ele>83.9</ele><time>2025-09-10T04:10:47Z</time></trkpt>
<trkpt lat="33.0112792" lon="35.1575511"><ele>84.0</ele><time>2025-09-10T04:10:48Z</time></trkpt>
<trkpt lat="33.0112755" lon="35.1575736"><ele>84.2</ele><time>2025-09-10T04:10:49Z</time></trkpt>
<trkpt lat="33.0112707" lon="35.157595"><ele>84.3</ele><time>2025-09-10T04:10:50Z</time></trkpt>
<trkpt lat="33.0112653" lon="35.1576159"><ele>84.5</ele><time>2025-09-10T04:10:51Z</time></trkpt>
<trkpt lat="33.0112595" lon="35.1576371"><ele>84.6</ele><time>2025-09-10T04:10:52Z</time></trkpt>
<trkpt lat="33.011254" lon="35.1576585"><ele>84.8</ele><time>2025-09-10T04:10:53Z</time></trkpt>
<trkpt lat="33.0112488" lon="35.15768"><ele>84.9</ele><time>2025-09-10T04:10:54Z</time></trkpt>
<trkpt lat="33.0112436" lon="35.1577012"><ele>85.1</ele><time>2025-09-10T04:10:55Z</time></trkpt>
<trkpt lat="33.0112385" lon="35.1577215"><ele>85.3</ele><time>2025-09-10T04:10:56Z</time></trkpt>
<trkpt lat="33.0112334" lon="35.157741"><ele>85.4</ele><time>2025-09-10T04:10:57Z</time></trkpt>
<trkpt lat="33.0112284" lon="35.1577596"><ele>85.6</ele><time>2025-09-10T04:10:58Z</time></trkpt>
<trkpt lat="33.0112236" lon="35.1577779"><ele>85.8</ele><time>2025-09-10T04:10:59Z</time></trkpt>
<trkpt lat="33.0112184" lon="35.1577966"><ele>85.9</ele><time>2025-09-10T04:11:00Z</time></trkpt>
<trkpt lat="33.0112125" lon="35.1578157"><ele>86.1</ele><time>2025-09-10T04:11:01Z</time></trkpt>
<trkpt lat="33.0112059" lon="35.1578344"><ele>86.3</ele><time>2025-09-10T04:11:02Z</time></trkpt>
<trkpt lat="33.0111992" lon="35.1578526"><ele>86.4</ele><time>2025-09-10T04:11:03Z</time></trkpt>
<trkpt lat="33.0111929" lon="35.1578706"><ele>86.6</ele><time>2025-09-10T04:11:04Z</time></trkpt>
<trkpt lat="33.0111867" lon="35.1578885"><ele>86.7</ele><time>2025-09-10T04:11:05Z</time></trkpt>
<trkpt lat="33.0111798" lon="35.1579065"><ele>86.9</ele><time>2025-09-10T04:11:06Z</time></trkpt>
<trkpt lat="33.0111723" lon="35.1579241"><ele>87.1</ele><time>2025-09-10T04:11:07Z</time></trkpt>
<trkpt lat="33.0111643" lon="35.1579415"><ele>87.2</ele><time>2025-09-10T04:11:08Z</time></trkpt>
<trkpt lat="33.0111563" lon="35.1579591"><ele>87.4</ele><time>2025-09-10T04:11:09Z</time></trkpt>
<trkpt lat="33.0111483" lon="35.157977"><ele>87.5</ele><time>2025-09-10T04:11:10Z</time></trkpt>
<trkpt lat="33.0111401" lon="35.157995"><ele>87.6</ele><time>2025-09-10T04:11:11Z</time></trkpt>
<trkpt lat="33.0111315" lon="35.1580134"><ele>87.8</ele><time>2025-09-10T04:11:12Z</time></trkpt>
<trkpt lat="33.0111225" lon="35.1580319"><ele>87.9</ele><time>2025-09-10T04:11:13Z</time></trkpt>
<trkpt lat="33.0111132" lon="35.1580507"><ele>88.1</ele><time>2025-09-10T04:11:14Z</time></trkpt>
<trkpt lat="33.0111033" lon="35.1580703"><ele>88.2</ele><time>2025-09-10T04:11:15Z</time></trkpt>
<trkpt lat="33.0110934" lon="35.1580899"><ele>88.3</ele><time>2025-09-10T04:11:16Z</time></trkpt>
<trkpt lat="33.0110837" lon="35.1581091"><ele>88.5</ele><time>2025-09-10T04:11:17Z</time></trkpt>
<trkpt lat="33.0110743" lon="35.158128"><ele>88.6</ele><time>2025-09-10T04:11:18Z</time></trkpt>
<trkpt lat="33.0110657" lon="35.1581468"><ele>88.8</ele><time>2025-09-10T04:11:19Z</time></trkpt>
<trkpt lat="33.0110577" lon="35.1581655"><ele>88.9</ele><time>2025-09-10T04:11:20Z</time></trkpt>
<trkpt lat="33.0110499" lon="35.1581838"><ele>89.0</ele><time>2025-09-10T04:11:21Z</time></trkpt>
<trkpt lat="33.0110422" lon="35.1582022"><ele>89.2</ele><time>2025-09-10T04:11:22Z</time></trkpt>
<trkpt lat="33.0110344" lon="35.1582211"><ele>89.3</ele><time>2025-09-10T04:11:23Z</time></trkpt>
<trkpt lat="33.0110266" lon="35.1582401"><ele>89.5</ele><time>2025-09-10T04:11:24Z</time></trkpt>
<trkpt lat="33.0110189" lon="35.158259"><ele>89.6</ele><time>2025-09-10T04:11:25Z</time></trkpt>
<trkpt lat="33.0110114" lon="35.1582781"><ele>89.7</ele><time>2025-09-10T04:11:26Z</time></trkpt>
<trkpt lat="33.0110042" lon="35.1582978"><ele>89.9</ele><time>2025-09-10T04:11:27Z</time></trkpt>
<trkpt lat="33.0109972" lon="35.1583183"><ele>90.0</ele><time>2025-09-10T04:11:28Z</time></trkpt>
<trkpt lat="33.0109903" lon="35.1583392"><ele>90.1</ele><time>2025-09-10T04:11:29Z</time></trkpt>
<trkpt lat="33.0109839" lon="35.1583601"><ele>90.3</ele><time>2025-09-10T04:11:30Z</time></trkpt>
<trkpt lat="33.0109781" lon="35.1583804"><ele>90.4</ele><time>2025-09-10T04:11:31Z</time></trkpt>
<trkpt lat="33.0109731" lon="35.1584009"><ele>90.5</ele><time>2025-09-10T04:11:32Z</time></trkpt>
<trkpt lat="33.0109688" lon="35.1584217"><ele>90.6</ele><time>2025-09-10T04:11:33Z</time></trkpt>
<trkpt lat="33.0109644" lon="35.1584424"><ele>90.7</ele><time>2025-09-10T04:11:34Z</time></trkpt>
<trkpt lat="33.0109596" lon="35.1584632"><ele>90.8</ele><time>2025-09-10T04:11:35Z</time></trkpt>
<trkpt lat="33.0109549" lon="35.1584844"><ele>90.9</ele><time>2025-09-10T04:11:36Z</time></trkpt>
<trkpt lat="33.010951" lon="35.1585058"><ele>91.0</ele><time>2025-09-10T04:11:37Z</time></trkpt>
<trkpt lat="33.0109484" lon="35.1585276"><ele>91.1</ele><time>2025-09-10T04:11:38Z</time></trkpt>
<trkpt lat="33.0109474" lon="35.1585503"><ele>91.1</ele><time>2025-09-10T04:11:39Z</time></trkpt>
<trkpt lat="33.0109475" lon="35.1585739"><ele>91.2</ele><time>2025-09-10T04:11:40Z</time></trkpt>
<trkpt lat="33.0109484" lon="35.1585978"><ele>91.3</ele><time>2025-09-10T04:11:41Z</time></trkpt>
<trkpt lat="33.0109498" lon="35.1586223"><ele>91.3</ele><time>2025-09-10T04:11:42Z</time></trkpt>
<trkpt lat="33.0109519" lon="35.158658"><ele>91.4</ele><time>2025-09-10T04:11:44Z</time></trkpt>
<trkpt lat="33.0109523" lon="35.1586722"><ele>91.5</ele><time>2025-09-10T04:11:45Z</time></trkpt>
<trkpt lat="33.0109523" lon="35.1586867"><ele>91.6</ele><time>2025-09-10T04:11:46Z</time></trkpt>
<trkpt lat="33.0109522" lon="35.1587033"><ele>91.6</ele><time>2025-09-10T04:11:47Z</time></trkpt>
<trkpt lat="33.0109516" lon="35.1587226"><ele>91.7</ele><time>2025-09-10T04:11:48Z</time></trkpt>
<trkpt lat="33.0109504" lon="35.1587437"><ele>91.7</ele><time>2025-09-10T04:11:49Z</time></trkpt>
<trkpt lat="33.0109491" lon="35.1587655"><ele>91.8</ele><time>2025-09-10T04:11:50Z</time></trkpt>
<trkpt lat="33.0109477" lon="35.1587871"><ele>91.8</ele><time>2025-09-10T04:11:51Z</time></trkpt>
<trkpt lat="33.0109442" lon="35.1588297"><ele>91.9</ele><time>2025-09-10T04:11:52Z</time></trkpt>
<trkpt lat="33.0109421" lon="35.1588507"><ele>92.0</ele><time>2025-09-10T04:11:53Z</time></trkpt>
<trkpt lat="33.0109409" lon="35.1588713"><ele>92.1</ele><time>2025-09-10T04:11:54Z</time></trkpt>
<trkpt lat="33.0109411" lon="35.1588916"><ele>92.1</ele><time>2025-09-10T04:11:55Z</time></trkpt>
<trkpt lat="33.0109419" lon="35.158912"><ele>92.2</ele><time>2025-09-10T04:11:56Z</time></trkpt>
<trkpt lat="33.0109426" lon="35.1589329"><ele>92.3</ele><time>2025-09-10T04:11:57Z</time></trkpt>
<trkpt lat="33.0109431" lon="35.1589545"><ele>92.4</ele><time>2025-09-10T04:11:58Z</time></trkpt>
<trkpt lat="33.0109435" lon="35.1589773"><ele>92.4</ele><time>2025-09-10T04:11:59Z</time></trkpt>
<trkpt lat="33.0109447" lon="35.1590009"><ele>92.5</ele><time>2025-09-10T04:12:00Z</time></trkpt>
<trkpt lat="33.0109464" lon="35.1590239"><ele>92.6</ele><time>2025-09-10T04:12:01Z</time></trkpt>
<trkpt lat="33.0109482" lon="35.1590473"><ele>92.7</ele><time>2025-09-10T04:12:02Z</time></trkpt>
<trkpt lat="33.0109503" lon="35.159071"><ele>92.8</ele><time>2025-09-10T04:12:03Z</time></trkpt>
<trkpt lat="33.0109534" lon="35.1590953"><ele>92.8</ele><time>2025-09-10T04:12:04Z</time></trkpt>
<trkpt lat="33.0109579" lon="35.1591199"><ele>92.9</ele><time>2025-09-10T04:12:05Z</time></trkpt>
<trkpt lat="33.0109637" lon="35.1591439"><ele>93.0</ele><time>2025-09-10T04:12:06Z</time></trkpt>
<trkpt lat="33.0109706" lon="35.1591672"><ele>93.1</ele><time>2025-09-10T04:12:07Z</time></trkpt>
<trkpt lat="33.0109785" lon="35.1591899"><ele>93.1</ele><time>2025-09-10T04:12:08Z</time></trkpt>
<trkpt lat="33.0109871" lon="35.1592133"><ele>93.2</ele><time>2025-09-10T04:12:09Z</time></trkpt>
<trkpt lat="33.0109968" lon="35.1592372"><ele>93.3</ele><time>2025-09-10T04:12:10Z</time></trkpt>
<trkpt lat="33.0110069" lon="35.1592603"><ele>93.3</ele><time>2025-09-10T04:12:11Z</time></trkpt>
<trkpt lat="33.011017" lon="35.1592826"><ele>93.4</ele><time>2025-09-10T04:12:12Z</time></trkpt>
<trkpt lat="33.0110273" lon="35.1593044"><ele>93.4</ele><time>2025-09-10T04:12:13Z</time></trkpt>
<trkpt lat="33.0110375" lon="35.1593261"><ele>93.5</ele><time>2025-09-10T04:12:14Z</time></trkpt>
<trkpt lat="33.0110479" lon="35.1593475"><ele>93.5</ele><time>2025-09-10T04:12:15Z</time></trkpt>
<trkpt lat="33.011058" lon="35.1593694"><ele>93.5</ele><time>2025-09-10T04:12:16Z</time></trkpt>
<trkpt lat="33.0110675" lon="35.1593915"><ele>93.5</ele><time>2025-09-10T04:12:17Z</time></trkpt>
<trkpt lat="33.0110769" lon="35.1594126"><ele>93.5</ele><time>2025-09-10T04:12:18Z</time></trkpt>
<trkpt lat="33.0110867" lon="35.1594326"><ele>93.5</ele><time>2025-09-10T04:12:19Z</time></trkpt>
<trkpt lat="33.0110964" lon="35.1594523"><ele>93.5</ele><time>2025-09-10T04:12:20Z</time></trkpt>
<trkpt lat="33.0111059" lon="35.1594723"><ele>93.5</ele><time>2025-09-10T04:12:21Z</time></trkpt>
<trkpt lat="33.0111151" lon="35.1594932"><ele>93.5</ele><time>2025-09-10T04:12:22Z</time></trkpt>
<trkpt lat="33.0111239" lon="35.1595146"><ele>93.5</ele><time>2025-09-10T04:12:23Z</time></trkpt>
<trkpt lat="33.0111325" lon="35.1595365"><ele>93.5</ele><time>2025-09-10T04:12:24Z</time></trkpt>
<trkpt lat="33.0111412" lon="35.1595592"><ele>93.5</ele><time>2025-09-10T04:12:25Z</time></trkpt>
<trkpt lat="33.0111502" lon="35.1595824"><ele>93.5</ele><time>2025-09-10T04:12:26Z</time></trkpt>
<trkpt lat="33.0111592" lon="35.1596063"><ele>93.5</ele><time>2025-09-10T04:12:27Z</time></trkpt>
<trkpt lat="33.0111679" lon="35.1596307"><ele>93.5</ele><time>2025-09-10T04:12:28Z</time></trkpt>
<trkpt lat="33.0111764" lon="35.1596556"><ele>93.5</ele><time>2025-09-10T04:12:29Z</time></trkpt>
<trkpt lat="33.0111848" lon="35.1596806"><ele>93.6</ele><time>2025-09-10T04:12:30Z</time></trkpt>
<trkpt lat="33.0111928" lon="35.159705"><ele>93.6</ele><time>2025-09-10T04:12:31Z</time></trkpt>
<trkpt lat="33.0112003" lon="35.1597287"><ele>93.7</ele><time>2025-09-10T04:12:32Z</time></trkpt>
<trkpt lat="33.0112072" lon="35.1597517"><ele>93.8</ele><time>2025-09-10T04:12:33Z</time></trkpt>
<trkpt lat="33.0112134" lon="35.159774"><ele>93.9</ele><time>2025-09-10T04:12:34Z</time></trkpt>
<trkpt lat="33.0112191" lon="35.1597957"><ele>94.0</ele><time>2025-09-10T04:12:35Z</time></trkpt>
<trkpt lat="33.011225" lon="35.1598171"><ele>94.1</ele><time>2025-09-10T04:12:36Z</time></trkpt>
<trkpt lat="33.0112316" lon="35.1598386"><ele>94.2</ele><time>2025-09-10T04:12:37Z</time></trkpt>
<trkpt lat="33.0112382" lon="35.1598609"><ele>94.3</ele><time>2025-09-10T04:12:38Z</time></trkpt>
<trkpt lat="33.0112439" lon="35.159884"><ele>94.4</ele><time>2025-09-10T04:12:39Z</time></trkpt>
<trkpt lat="33.0112491" lon="35.1599074"><ele>94.5</ele><time>2025-09-10T04:12:40Z</time></trkpt>
<trkpt lat="33.0112544" lon="35.1599306"><ele>94.6</ele><time>2025-09-10T04:12:41Z</time></trkpt>
<trkpt lat="33.01126" lon="35.1599539"><ele>94.8</ele><time>2025-09-10T04:12:42Z</time></trkpt>
<trkpt lat="33.011266" lon="35.1599771"><ele>94.9</ele><time>2025-09-10T04:12:43Z</time></trkpt>
<trkpt lat="33.0112719" lon="35.16"><ele>95.0</ele><time>2025-09-10T04:12:44Z</time></trkpt>
<trkpt lat="33.0112776" lon="35.1600227"><ele>95.1</ele><time>2025-09-10T04:12:45Z</time></trkpt>
<trkpt lat="33.0112829" lon="35.1600453"><ele>95.3</ele><time>2025-09-10T04:12:46Z</time></trkpt>
<trkpt lat="33.0112876" lon="35.1600682"><ele>95.4</ele><time>2025-09-10T04:12:47Z</time></trkpt>
<trkpt lat="33.0112915" lon="35.1600911"><ele>95.5</ele><time>2025-09-10T04:12:48Z</time></trkpt>
<trkpt lat="33.011295" lon="35.1601139"><ele>95.6</ele><time>2025-09-10T04:12:49Z</time></trkpt>
<trkpt lat="33.0112985" lon="35.1601367"><ele>95.7</ele><time>2025-09-10T04:12:50Z</time></trkpt>
<trkpt lat="33.0113025" lon="35.1601596"><ele>95.8</ele><time>2025-09-10T04:12:51Z</time></trkpt>
<trkpt lat="33.0113068" lon="35.1601836"><ele>95.9</ele><time>2025-09-10T04:12:52Z</time></trkpt>
<trkpt lat="33.0113118" lon="35.1602073"><ele>96.0</ele><time>2025-09-10T04:12:53Z</time></trkpt>
<trkpt lat="33.0113175" lon="35.1602301"><ele>96.1</ele><time>2025-09-10T04:12:54Z</time></trkpt>
<trkpt lat="33.0113241" lon="35.1602518"><ele>96.2</ele><time>2025-09-10T04:12:55Z</time></trkpt>
<trkpt lat="33.0113319" lon="35.1602735"><ele>96.3</ele><time>2025-09-10T04:12:56Z</time></trkpt>
<trkpt lat="33.0113405" lon="35.1602956"><ele>96.4</ele><time>2025-09-10T04:12:57Z</time></trkpt>
<trkpt lat="33.011349" lon="35.1603182"><ele>96.4</ele><time>2025-09-10T04:12:58Z</time></trkpt>
<trkpt lat="33.0113574" lon="35.1603423"><ele>96.5</ele><time>2025-09-10T04:12:59Z</time></trkpt>
<trkpt lat="33.0113652" lon="35.1603674"><ele>96.6</ele><time>2025-09-10T04:13:00Z</time></trkpt>
<trkpt lat="33.0113723" lon="35.1603931"><ele>96.7</ele><time>2025-09-10T04:13:01Z</time></trkpt>
<trkpt lat="33.0113787" lon="35.1604192"><ele>96.8</ele><time>2025-09-10T04:13:02Z</time></trkpt>
<trkpt lat="33.0113839" lon="35.1604451"><ele>96.9</ele><time>2025-09-10T04:13:03Z</time></trkpt>
<trkpt lat="33.0113878" lon="35.1604702"><ele>97.0</ele><time>2025-09-10T04:13:04Z</time></trkpt>
<trkpt lat="33.0113904" lon="35.1604941"><ele>97.1</ele><time>2025-09-10T04:13:05Z</time></trkpt>
<trkpt lat="33.0113921" lon="35.1605179"><ele>97.2</ele><time>2025-09-10T04:13:06Z</time></trkpt>
<trkpt lat="33.0113934" lon="35.1605422"><ele>97.3</ele><time>2025-09-10T04:13:07Z</time></trkpt>
<trkpt lat="33.0113941" lon="35.1605656"><ele>97.4</ele><time>2025-09-10T04:13:08Z</time></trkpt>
<trkpt lat="33.0113942" lon="35.1605886"><ele>97.5</ele><time>2025-09-10T04:13:09Z</time></trkpt>
<trkpt lat="33.011394" lon="35.1606115"><ele>97.7</ele><time>2025-09-10T04:13:10Z</time></trkpt>
<trkpt lat="33.0113939" lon="35.1606342"><ele>97.8</ele><time>2025-09-10T04:13:11Z</time></trkpt>
<trkpt lat="33.0113942" lon="35.1606581"><ele>97.9</ele><time>2025-09-10T04:13:12Z</time></trkpt>
<trkpt lat="33.0113949" lon="35.160682"><ele>98.0</ele><time>2025-09-10T04:13:13Z</time></trkpt>
<trkpt lat="33.0113961" lon="35.1607045"><ele>98.1</ele><time>2025-09-10T04:13:14Z</time></trkpt>
<trkpt lat="33.0113975" lon="35.1607259"><ele>98.3</ele><time>2025-09-10T04:13:15Z</time></trkpt>
<trkpt lat="33.0113986" lon="35.1607476"><ele>98.4</ele><time>2025-09-10T04:13:16Z</time></trkpt>
<trkpt lat="33.0113994" lon="35.1607708"><ele>98.5</ele><time>2025-09-10T04:13:17Z</time></trkpt>
<trkpt lat="33.0113999" lon="35.1607938"><ele>98.6</ele><time>2025-09-10T04:13:18Z</time></trkpt>
<trkpt lat="33.0114001" lon="35.1608157"><ele>98.8</ele><time>2025-09-10T04:13:19Z</time></trkpt>
<trkpt lat="33.0114001" lon="35.1608371"><ele>98.9</ele><time>2025-09-10T04:13:20Z</time></trkpt>
<trkpt lat="33.0113997" lon="35.1608591"><ele>99.0</ele><time>2025-09-10T04:13:21Z</time></trkpt>
<trkpt lat="33.0113989" lon="35.1608817"><ele>99.2</ele><time>2025-09-10T04:13:22Z</time></trkpt>
<trkpt lat="33.0113976" lon="35.160905"><ele>99.3</ele><time>2025-09-10T04:13:23Z</time></trkpt>
<trkpt lat="33.0113963" lon="35.1609289"><ele>99.4</ele><time>2025-09-10T04:13:24Z</time></trkpt>
<trkpt lat="33.0113952" lon="35.1609533"><ele>99.6</ele><time>2025-09-10T04:13:25Z</time></trkpt>
<trkpt lat="33.0113944" lon="35.1609782"><ele>99.7</ele><time>2025-09-10T04:13:26Z</time></trkpt>
<trkpt lat="33.0113939" lon="35.1610038"><ele>99.8</ele><time>2025-09-10T04:13:27Z</time></trkpt>
<trkpt lat="33.0113936" lon="35.1610291"><ele>100.0</ele><time>2025-09-10T04:13:28Z</time></trkpt>
<trkpt lat="33.0113934" lon="35.1610528"><ele>100.1</ele><time>2025-09-10T04:13:29Z</time></trkpt>
<trkpt lat="33.0113933" lon="35.1610757"><ele>100.2</ele><time>2025-09-10T04:13:30Z</time></trkpt>
<trkpt lat="33.0113933" lon="35.1610982"><ele>100.3</ele><time>2025-09-10T04:13:31Z</time></trkpt>
<trkpt lat="33.0113936" lon="35.1611199"><ele>100.5</ele><time>2025-09-10T04:13:32Z</time></trkpt>
<trkpt lat="33.0113943" lon="35.1611401"><ele>100.6</ele><time>2025-09-10T04:13:33Z</time></trkpt>
<trkpt lat="33.0113952" lon="35.1611601"><ele>100.7</ele><time>2025-09-10T04:13:34Z</time></trkpt>
<trkpt lat="33.0113963" lon="35.1611814"><ele>100.8</ele><time>2025-09-10T04:13:35Z</time></trkpt>
<trkpt lat="33.0113976" lon="35.1612033"><ele>100.9</ele><time>2025-09-10T04:13:36Z</time></trkpt>
<trkpt lat="33.011399" lon="35.1612252"><ele>101.0</ele><time>2025-09-10T04:13:37Z</time></trkpt>
<trkpt lat="33.0114001" lon="35.1612477"><ele>101.0</ele><time>2025-09-10T04:13:38Z</time></trkpt>
<trkpt lat="33.0114008" lon="35.1612705"><ele>101.1</ele><time>2025-09-10T04:13:39Z</time></trkpt>
<trkpt lat="33.0114009" lon="35.1612938"><ele>101.2</ele><time>2025-09-10T04:13:40Z</time></trkpt>
<trkpt lat="33.0114008" lon="35.1613176"><ele>101.2</ele><time>2025-09-10T04:13:41Z</time></trkpt>
<trkpt lat="33.0114007" lon="35.1613411"><ele>101.3</ele><time>2025-09-10T04:13:42Z</time></trkpt>
<trkpt lat="33.0114008" lon="35.1613627"><ele>101.3</ele><time>2025-09-10T04:13:43Z</time></trkpt>
<trkpt lat="33.0114011" lon="35.1613823"><ele>101.3</ele><time>2025-09-10T04:13:44Z</time></trkpt>
<trkpt lat="33.0114012" lon="35.1614013"><ele>101.4</ele><time>2025-09-10T04:13:45Z</time></trkpt>
<trkpt lat="33.0114013" lon="35.1614207"><ele>101.4</ele><time>2025-09-10T04:13:46Z</time></trkpt>
<trkpt lat="33.0114014" lon="35.1614414"><ele>101.5</ele><time>2025-09-10T04:13:47Z</time></trkpt>
<trkpt lat="33.0114019" lon="35.1614631"><ele>101.5</ele><time>2025-09-10T04:13:48Z</time></trkpt>
<trkpt lat="33.0114029" lon="35.161486"><ele>101.6</ele><time>2025-09-10T04:13:49Z</time></trkpt>
<trkpt lat="33.0114041" lon="35.1615098"><ele>101.6</ele><time>2025-09-10T04:13:50Z</time></trkpt>
<trkpt lat="33.0114051" lon="35.161533"><ele>101.7</ele><time>2025-09-10T04:13:51Z</time></trkpt>
<trkpt lat="33.0114055" lon="35.1615555"><ele>101.8</ele><time>2025-09-10T04:13:52Z</time></trkpt>
<trkpt lat="33.0114051" lon="35.1615788"><ele>101.9</ele><time>2025-09-10T04:13:53Z</time></trkpt>
<trkpt lat="33.011404" lon="35.161603"><ele>102.0</ele><time>2025-09-10T04:13:54Z</time></trkpt>
<trkpt lat="33.011402" lon="35.1616278"><ele>102.1</ele><time>2025-09-10T04:13:55Z</time></trkpt>
<trkpt lat="33.0113993" lon="35.1616533"><ele>102.2</ele><time>2025-09-10T04:13:56Z</time></trkpt>
<trkpt lat="33.0113966" lon="35.1616784"><ele>102.3</ele><time>2025-09-10T04:13:57Z</time></trkpt>
<trkpt lat="33.011394" lon="35.1617032"><ele>102.4</ele><time>2025-09-10T04:13:58Z</time></trkpt>
<trkpt lat="33.0113923" lon="35.1617272"><ele>102.5</ele><time>2025-09-10T04:13:59Z</time></trkpt>
<trkpt lat="33.0113913" lon="35.1617498"><ele>102.6</ele><time>2025-09-10T04:14:00Z</time></trkpt>
<trkpt lat="33.0113901" lon="35.161773"><ele>102.7</ele><time>2025-09-10T04:14:01Z</time></trkpt>
<trkpt lat="33.0113881" lon="35.1617975"><ele>102.8</ele><time>2025-09-10T04:14:02Z</time></trkpt>
<trkpt lat="33.0113857" lon="35.1618218"><ele>102.9</ele><time>2025-09-10T04:14:03Z</time></trkpt>
<trkpt lat="33.0113836" lon="35.1618446"><ele>103.0</ele><time>2025-09-10T04:14:04Z</time></trkpt>
<trkpt lat="33.0113819" lon="35.1618662"><ele>103.1</ele><time>2025-09-10T04:14:05Z</time></trkpt>
<trkpt lat="33.0113803" lon="35.1618874"><ele>103.2</ele><time>2025-09-10T04:14:06Z</time></trkpt>
<trkpt lat="33.0113784" lon="35.1619097"><ele>103.3</ele><time>2025-09-10T04:14:07Z</time></trkpt>
<trkpt lat="33.0113758" lon="35.1619335"><ele>103.4</ele><time>2025-09-10T04:14:08Z</time></trkpt>
<trkpt lat="33.011373" lon="35.1619572"><ele>103.5</ele><time>2025-09-10T04:14:09Z</time></trkpt>
<trkpt lat="33.0113706" lon="35.161979"><ele>103.6</ele><time>2025-09-10T04:14:10Z</time></trkpt>
<trkpt lat="33.0113683" lon="35.1620006"><ele>103.7</ele><time>2025-09-10T04:14:11Z</time></trkpt>
<trkpt lat="33.0113662" lon="35.1620225"><ele>103.8</ele><time>2025-09-10T04:14:12Z</time></trkpt>
<trkpt lat="33.0113637" lon="35.1620439"><ele>103.9</ele><time>2025-09-10T04:14:13Z</time></trkpt>
<trkpt lat="33.0113607" lon="35.1620651"><ele>104.0</ele><time>2025-09-10T04:14:14Z</time></trkpt>
<trkpt lat="33.011357" lon="35.1620863"><ele>104.1</ele><time>2025-09-10T04:14:15Z</time></trkpt>
<trkpt lat="33.0113528" lon="35.1621077"><ele>104.2</ele><time>2025-09-10T04:14:16Z</time></trkpt>
<trkpt lat="33.0113481" lon="35.1621295"><ele>104.4</ele><time>2025-09-10T04:14:17Z</time></trkpt>
<trkpt lat="33.0113436" lon="35.1621516"><ele>104.5</ele><time>2025-09-10T04:14:18Z</time></trkpt>
<trkpt lat="33.0113395" lon="35.1621739"><ele>104.7</ele><time>2025-09-10T04:14:19Z</time></trkpt>
<trkpt lat="33.0113358" lon="35.1621959"><ele>104.8</ele><time>2025-09-10T04:14:20Z</time></trkpt>
<trkpt lat="33.0113323" lon="35.1622176"><ele>105.0</ele><time>2025-09-10T04:14:21Z</time></trkpt>
<trkpt lat="33.0113284" lon="35.162239"><ele>105.1</ele><time>2025-09-10T04:14:22Z</time></trkpt>
<trkpt lat="33.0113239" lon="35.1622603"><ele>105.3</ele><time>2025-09-10T04:14:23Z</time></trkpt>
<trkpt lat="33.0113193" lon="35.1622813"><ele>105.5</ele><time>2025-09-10T04:14:24Z</time></trkpt>
<trkpt lat="33.0113148" lon="35.1623017"><ele>105.7</ele><time>2025-09-10T04:14:25Z</time></trkpt>
<trkpt lat="33.0113106" lon="35.1623217"><ele>105.9</ele><time>2025-09-10T04:14:26Z</time></trkpt>
<trkpt lat="33.0113065" lon="35.1623414"><ele>106.0</ele><time>2025-09-10T04:14:27Z</time></trkpt>
<trkpt lat="33.0113027" lon="35.1623612"><ele>106.2</ele><time>2025-09-10T04:14:28Z</time></trkpt>
<trkpt lat="33.011299" lon="35.1623811"><ele>106.4</ele><time>2025-09-10T04:14:29Z</time></trkpt>
<trkpt lat="33.0112955" lon="35.1624007"><ele>106.6</ele><time>2025-09-10T04:14:30Z</time></trkpt>
<trkpt lat="33.0112919" lon="35.16242"><ele>106.8</ele><time>2025-09-10T04:14:31Z</time></trkpt>
<trkpt lat="33.0112879" lon="35.1624396"><ele>106.9</ele><time>2025-09-10T04:14:32Z</time></trkpt>
<trkpt lat="33.0112833" lon="35.1624591"><ele>107.1</ele><time>2025-09-10T04:14:33Z</time></trkpt>
<trkpt lat="33.011278" lon="35.1624791"><ele>107.3</ele><time>2025-09-10T04:14:34Z</time></trkpt>
<trkpt lat="33.0112726" lon="35.1624994"><ele>107.4</ele><time>2025-09-10T04:14:35Z</time></trkpt>
<trkpt lat="33.0112677" lon="35.1625187"><ele>107.6</ele><time>2025-09-10T04:14:36Z</time></trkpt>
<trkpt lat="33.0112634" lon="35.1625372"><ele>107.7</ele><time>2025-09-10T04:14:37Z</time></trkpt>
<trkpt lat="33.0112591" lon="35.1625563"><ele>107.8</ele><time>2025-09-10T04:14:38Z</time></trkpt>
<trkpt lat="33.0112545" lon="35.1625765"><ele>108.0</ele><time>2025-09-10T04:14:39Z</time></trkpt>
<trkpt lat="33.0112499" lon="35.162596"><ele>108.1</ele><time>2025-09-10T04:14:40Z</time></trkpt>
<trkpt lat="33.0112452" lon="35.1626147"><ele>108.2</ele><time>2025-09-10T04:14:41Z</time></trkpt>
<trkpt lat="33.0112402" lon="35.1626335"><ele>108.3</ele><time>2025-09-10T04:14:42Z</time></trkpt>
<trkpt lat="33.0112329" lon="35.16266"><ele>108.5</ele><time>2025-09-10T04:14:44Z</time></trkpt>
<trkpt lat="33.01123" lon="35.162671"><ele>108.6</ele><time>2025-09-10T04:14:45Z</time></trkpt>
<trkpt lat="33.0112269" lon="35.1626833"><ele>108.7</ele><time>2025-09-10T04:14:46Z</time></trkpt>
<trkpt lat="33.0112235" lon="35.1626973"><ele>108.7</ele><time>2025-09-10T04:14:47Z</time></trkpt>
<trkpt lat="33.0112198" lon="35.1627129"><ele>108.8</ele><time>2025-09-10T04:14:48Z</time></trkpt>
<trkpt lat="33.0112162" lon="35.1627302"><ele>108.9</ele><time>2025-09-10T04:14:49Z</time></trkpt>
<trkpt lat="33.011212" lon="35.1627486"><ele>109.0</ele><time>2025-09-10T04:14:50Z</time></trkpt>
<trkpt lat="33.0112065" lon="35.1627667"><ele>109.0</ele><time>2025-09-10T04:14:51Z</time></trkpt>
<trkpt lat="33.0111963" lon="35.1628013"><ele>109.2</ele><time>2025-09-10T04:14:52Z</time></trkpt>
<trkpt lat="33.0111934" lon="35.1628202"><ele>109.3</ele><time>2025-09-10T04:14:53Z</time></trkpt>
<trkpt lat="33.0111886" lon="35.1628391"><ele>109.3</ele><time>2025-09-10T04:14:54Z</time></trkpt>
<trkpt lat="33.0111833" lon="35.1628577"><ele>109.4</ele><time>2025-09-10T04:14:55Z</time></trkpt>
<trkpt lat="33.011179" lon="35.1628762"><ele>109.5</ele><time>2025-09-10T04:14:56Z</time></trkpt>
<trkpt lat="33.011174" lon="35.162895"><ele>109.6</ele><time>2025-09-10T04:14:57Z</time></trkpt>
<trkpt lat="33.0111684" lon="35.1629137"><ele>109.7</ele><time>2025-09-10T04:14:58Z</time></trkpt>
<trkpt lat="33.0111628" lon="35.1629324"><ele>109.7</ele><time>2025-09-10T04:14:59Z</time></trkpt>
<trkpt lat="33.0111564" lon="35.1629513"><ele>109.8</ele><time>2025-09-10T04:15:00Z</time></trkpt>
<trkpt lat="33.0111494" lon="35.1629703"><ele>109.9</ele><time>2025-09-10T04:15:01Z</time></trkpt>
<trkpt lat="33.0111431" lon="35.1629903"><ele>110.0</ele><time>2025-09-10T04:15:02Z</time></trkpt>
<trkpt lat="33.011138" lon="35.1630104"><ele>110.1</ele><time>2025-09-10T04:15:03Z</time></trkpt>
<trkpt lat="33.0111333" lon="35.1630296"><ele>110.2</ele><time>2025-09-10T04:15:04Z</time></trkpt>
<trkpt lat="33.0111282" lon="35.163049"><ele>110.3</ele><time>2025-09-10T04:15:05Z</time></trkpt>
<trkpt lat="33.0111228" lon="35.1630687"><ele>110.5</ele><time>2025-09-10T04:15:06Z</time></trkpt>
<trkpt lat="33.011117" lon="35.1630882"><ele>110.6</ele><time>2025-09-10T04:15:07Z</time></trkpt>
<trkpt lat="33.0111118" lon="35.1631077"><ele>110.7</ele><time>2025-09-10T04:15:08Z</time></trkpt>
<trkpt lat="33.0111071" lon="35.1631257"><ele>110.8</ele><time>2025-09-10T04:15:09Z</time></trkpt>
<trkpt lat="33.0111027" lon="35.1631427"><ele>110.9</ele><time>2025-09-10T04:15:10Z</time></trkpt>
<trkpt lat="33.011098" lon="35.16316"><ele>111.1</ele><time>2025-09-10T04:15:11Z</time></trkpt>
<trkpt lat="33.0110934" lon="35.1631776"><ele>111.2</ele><time>2025-09-10T04:15:12Z</time></trkpt>
<trkpt lat="33.0110876" lon="35.1632058"><ele>111.5</ele><time>2025-09-10T04:15:14Z</time></trkpt>
<trkpt lat="33.0110852" lon="35.1632188"><ele>111.6</ele><time>2025-09-10T04:15:15Z</time></trkpt>
<trkpt lat="33.0110819" lon="35.1632313"><ele>111.7</ele><time>2025-09-10T04:15:16Z</time></trkpt>
<trkpt lat="33.0110774" lon="35.1632438"><ele>111.9</ele><time>2025-09-10T04:15:17Z</time></trkpt>
<trkpt lat="33.011072" lon="35.1632567"><ele>112.0</ele><time>2025-09-10T04:15:18Z</time></trkpt>
<trkpt lat="33.0110666" lon="35.1632707"><ele>112.2</ele><time>2025-09-10T04:15:19Z</time></trkpt>
<trkpt lat="33.0110617" lon="35.1632867"><ele>112.3</ele><time>2025-09-10T04:15:20Z</time></trkpt>
<trkpt lat="33.011057" lon="35.163304"><ele>112.4</ele><time>2025-09-10T04:15:21Z</time></trkpt>
<trkpt lat="33.0110471" lon="35.1633362"><ele>112.7</ele><time>2025-09-10T04:15:22Z</time></trkpt>
<trkpt lat="33.0110431" lon="35.1633515"><ele>112.9</ele><time>2025-09-10T04:15:23Z</time></trkpt>
<trkpt lat="33.0110377" lon="35.1633665"><ele>113.0</ele><time>2025-09-10T04:15:24Z</time></trkpt>
<trkpt lat="33.0110329" lon="35.1633823"><ele>113.2</ele><time>2025-09-10T04:15:25Z</time></trkpt>
<trkpt lat="33.011029" lon="35.1633982"><ele>113.3</ele><time>2025-09-10T04:15:26Z</time></trkpt>
<trkpt lat="33.011025" lon="35.1634148"><ele>113.4</ele><time>2025-09-10T04:15:27Z</time></trkpt>
<trkpt lat="33.0110209" lon="35.1634316"><ele>113.6</ele><time>2025-09-10T04:15:28Z</time></trkpt>
<trkpt lat="33.0110166" lon="35.1634479"><ele>113.7</ele><time>2025-09-10T04:15:29Z</time></trkpt>
<trkpt lat="33.011013" lon="35.1634646"><ele>113.9</ele><time>2025-09-10T04:15:30Z</time></trkpt>
<trkpt lat="33.01101" lon="35.163482"><ele>114.0</ele><time>2025-09-10T04:15:31Z</time></trkpt>
<trkpt lat="33.011006" lon="35.1635"><ele>114.2</ele><time>2025-09-10T04:15:32Z</time></trkpt>
<trkpt lat="33.0110006" lon="35.163517"><ele>114.3</ele><time>2025-09-10T04:15:33Z</time></trkpt>
<trkpt lat="33.0109936" lon="35.1635334"><ele>114.5</ele><time>2025-09-10T04:15:34Z</time></trkpt>
<trkpt lat="33.0109876" lon="35.1635509"><ele>114.6</ele><time>2025-09-10T04:15:35Z</time></trkpt>
<trkpt lat="33.0109834" lon="35.1635693"><ele>114.8</ele><time>2025-09-10T04:15:36Z</time></trkpt>
<trkpt lat="33.0109797" lon="35.1635879"><ele>114.9</ele><time>2025-09-10T04:15:37Z</time></trkpt>
<trkpt lat="33.010977" lon="35.1636067"><ele>115.0</ele><time>2025-09-10T04:15:38Z</time></trkpt>
<trkpt lat="33.0109751" lon="35.1636255"><ele>115.2</ele><time>2025-09-10T04:15:39Z</time></trkpt>
<trkpt lat="33.0109731" lon="35.1636441"><ele>115.3</ele><time>2025-09-10T04:15:40Z</time></trkpt>
<trkpt lat="33.0109707" lon="35.1636624"><ele>115.5</ele><time>2025-09-10T04:15:41Z</time></trkpt>
<trkpt lat="33.0109683" lon="35.1636805"><ele>115.6</ele><time>2025-09-10T04:15:42Z</time></trkpt>
<trkpt lat="33.0109655" lon="35.1636984"><ele>115.7</ele><time>2025-09-10T04:15:43Z</time></trkpt>
<trkpt lat="33.010962" lon="35.1637156"><ele>115.9</ele><time>2025-09-10T04:15:44Z</time></trkpt>
<trkpt lat="33.0109586" lon="35.1637327"><ele>116.0</ele><time>2025-09-10T04:15:45Z</time></trkpt>
<trkpt lat="33.0109553" lon="35.1637522"><ele>116.1</ele><time>2025-09-10T04:15:46Z</time></trkpt>
<trkpt lat="33.0109511" lon="35.1637738"><ele>116.3</ele><time>2025-09-10T04:15:47Z</time></trkpt>
<trkpt lat="33.0109467" lon="35.1637947"><ele>116.4</ele><time>2025-09-10T04:15:48Z</time></trkpt>
<trkpt lat="33.0109424" lon="35.163814"><ele>116.5</ele><time>2025-09-10T04:15:49Z</time></trkpt>
<trkpt lat="33.0109382" lon="35.1638321"><ele>116.7</ele><time>2025-09-10T04:15:50Z</time></trkpt>
<trkpt lat="33.010934" lon="35.1638494"><ele>116.8</ele><time>2025-09-10T04:15:51Z</time></trkpt>
<trkpt lat="33.0109301" lon="35.1638662"><ele>116.9</ele><time>2025-09-10T04:15:52Z</time></trkpt>
<trkpt lat="33.0109262" lon="35.1638828"><ele>117.0</ele><time>2025-09-10T04:15:53Z</time></trkpt>
<trkpt lat="33.0109223" lon="35.163899"><ele>117.2</ele><time>2025-09-10T04:15:54Z</time></trkpt>
<trkpt lat="33.0109179" lon="35.1639155"><ele>117.3</ele><time>2025-09-10T04:15:55Z</time></trkpt>
<trkpt lat="33.0109128" lon="35.1639317"><ele>117.4</ele><time>2025-09-10T04:15:56Z</time></trkpt>
<trkpt lat="33.0109074" lon="35.1639471"><ele>117.5</ele><time>2025-09-10T04:15:57Z</time></trkpt>
<trkpt lat="33.010902" lon="35.1639616"><ele>117.6</ele><time>2025-09-10T04:15:58Z</time></trkpt>
<trkpt lat="33.0108966" lon="35.1639752"><ele>117.8</ele><time>2025-09-10T04:15:59Z</time></trkpt>
<trkpt lat="33.0108914" lon="35.163988"><ele>117.9</ele><time>2025-09-10T04:16:00Z</time></trkpt>
<trkpt lat="33.0108861" lon="35.1640005"><ele>118.0</ele><time>2025-09-10T04:16:01Z</time></trkpt>
<trkpt lat="33.0108804" lon="35.1640129"><ele>118.1</ele><time>2025-09-10T04:16:02Z</time></trkpt>
<trkpt lat="33.0108744" lon="35.1640256"><ele>118.2</ele><time>2025-09-10T04:16:03Z</time></trkpt>
<trkpt lat="33.0108679" lon="35.1640387"><ele>118.3</ele><time>2025-09-10T04:16:04Z</time></trkpt>
<trkpt lat="33.0108613" lon="35.1640518"><ele>118.5</ele><time>2025-09-10T04:16:05Z</time></trkpt>
<trkpt lat="33.0108543" lon="35.1640652"><ele>118.6</ele><time>2025-09-10T04:16:06Z</time></trkpt>
<trkpt lat="33.0108471" lon="35.1640786"><ele>118.7</ele><time>2025-09-10T04:16:07Z</time></trkpt>
<trkpt lat="33.0108395" lon="35.1640914"><ele>118.8</ele><time>2025-09-10T04:16:08Z</time></trkpt>
<trkpt lat="33.0108311" lon="35.1641036"><ele>119.0</ele><time>2025-09-10T04:16:09Z</time></trkpt>
<trkpt lat="33.0108216" lon="35.1641153"><ele>119.1</ele><time>2025-09-10T04:16:10Z</time></trkpt>
<trkpt lat="33.0108113" lon="35.1641256"><ele>119.2</ele><time>2025-09-10T04:16:11Z</time></trkpt>
<trkpt lat="33.0108002" lon="35.1641346"><ele>119.4</ele><time>2025-09-10T04:16:12Z</time></trkpt>
<trkpt lat="33.0107883" lon="35.1641424"><ele>119.5</ele><time>2025-09-10T04:16:13Z</time></trkpt>
<trkpt lat="33.0107758" lon="35.1641489"><ele>119.6</ele><time>2025-09-10T04:16:14Z</time></trkpt>
<trkpt lat="33.0107622" lon="35.1641545"><ele>119.8</ele><time>2025-09-10T04:16:15Z</time></trkpt>
<trkpt lat="33.0107478" lon="35.1641591"><ele>119.9</ele><time>2025-09-10T04:16:16Z</time></trkpt>
<trkpt lat="33.0107329" lon="35.1641627"><ele>120.0</ele><time>2025-09-10T04:16:17Z</time></trkpt>
<trkpt lat="33.0107167" lon="35.1641659"><ele>120.2</ele><time>2025-09-10T04:16:18Z</time></trkpt>
<trkpt lat="33.0106997" lon="35.1641688"><ele>120.3</ele><time>2025-09-10T04:16:19Z</time></trkpt>
<trkpt lat="33.0106833" lon="35.1641712"><ele>120.4</ele><time>2025-09-10T04:16:20Z</time></trkpt>
<trkpt lat="33.0106671" lon="35.1641732"><ele>120.6</ele><time>2025-09-10T04:16:21Z</time></trkpt>
<trkpt lat="33.0106506" lon="35.164175"><ele>120.7</ele><time>2025-09-10T04:16:22Z</time></trkpt>
<trkpt lat="33.010634" lon="35.1641765"><ele>120.8</ele><time>2025-09-10T04:16:23Z</time></trkpt>
<trkpt lat="33.0106175" lon="35.1641777"><ele>120.9</ele><time>2025-09-10T04:16:24Z</time></trkpt>
<trkpt lat="33.0106" lon="35.1641792"><ele>121.0</ele><time>2025-09-10T04:16:25Z</time></trkpt>
<trkpt lat="33.0105822" lon="35.1641815"><ele>121.1</ele><time>2025-09-10T04:16:26Z</time></trkpt>
<trkpt lat="33.0105653" lon="35.1641852"><ele>121.2</ele><time>2025-09-10T04:16:27Z</time></trkpt>
<trkpt lat="33.0105494" lon="35.1641902"><ele>121.3</ele><time>2025-09-10T04:16:28Z</time></trkpt>
<trkpt lat="33.0105344" lon="35.1641965"><ele>121.4</ele><time>2025-09-10T04:16:29Z</time></trkpt>
<trkpt lat="33.010519" lon="35.1642045"><ele>121.4</ele><time>2025-09-10T04:16:30Z</time></trkpt>
<trkpt lat="33.0105032" lon="35.164214"><ele>121.5</ele><time>2025-09-10T04:16:31Z</time></trkpt>
<trkpt lat="33.0104875" lon="35.1642252"><ele>121.6</ele><time>2025-09-10T04:16:32Z</time></trkpt>
<trkpt lat="33.0104725" lon="35.1642382"><ele>121.6</ele><time>2025-09-10T04:16:33Z</time></trkpt>
<trkpt lat="33.0104583" lon="35.1642531"><ele>121.7</ele><time>2025-09-10T04:16:34Z</time></trkpt>
<trkpt lat="33.0104449" lon="35.1642701"><ele>121.7</ele><time>2025-09-10T04:16:35Z</time></trkpt>
<trkpt lat="33.0104341" lon="35.1642877"><ele>121.7</ele><time>2025-09-10T04:16:36Z</time></trkpt>
<trkpt lat="33.0104267" lon="35.1643056"><ele>121.8</ele><time>2025-09-10T04:16:37Z</time></trkpt>
<trkpt lat="33.0104213" lon="35.1643255"><ele>121.8</ele><time>2025-09-10T04:16:38Z</time></trkpt>
<trkpt lat="33.0104171" lon="35.1643465"><ele>121.8</ele><time>2025-09-10T04:16:39Z</time></trkpt>
<trkpt lat="33.0104138" lon="35.1643682"><ele>121.8</ele><time>2025-09-10T04:16:40Z</time></trkpt>
<trkpt lat="33.0104112" lon="35.1643904"><ele>121.9</ele><time>2025-09-10T04:16:41Z</time></trkpt>
<trkpt lat="33.0104097" lon="35.1644126"><ele>121.9</ele><time>2025-09-10T04:16:42Z</time></trkpt>
<trkpt lat="33.0104107" lon="35.1644433"><ele>122.0</ele><time>2025-09-10T04:16:44Z</time></trkpt>
<trkpt lat="33.010413" lon="35.1644549"><ele>122.0</ele><time>2025-09-10T04:16:45Z</time></trkpt>
<trkpt lat="33.0104158" lon="35.1644672"><ele>122.0</ele><time>2025-09-10T04:16:46Z</time></trkpt>
<trkpt lat="33.0104193" lon="35.1644811"><ele>122.1</ele><time>2025-09-10T04:16:47Z</time></trkpt>
<trkpt lat="33.0104236" lon="35.1644969"><ele>122.1</ele><time>2025-09-10T04:16:48Z</time></trkpt>
<trkpt lat="33.0104291" lon="35.1645149"><ele>122.2</ele><time>2025-09-10T04:16:49Z</time></trkpt>
<trkpt lat="33.0104355" lon="35.1645344"><ele>122.2</ele><time>2025-09-10T04:16:50Z</time></trkpt>
<trkpt lat="33.0104414" lon="35.1645544"><ele>122.3</ele><time>2025-09-10T04:16:51Z</time></trkpt>
<trkpt lat="33.0104537" lon="35.1645934"><ele>122.4</ele><time>2025-09-10T04:16:52Z</time></trkpt>
<trkpt lat="33.01046" lon="35.1646115"><ele>122.5</ele><time>2025-09-10T04:16:53Z</time></trkpt>
<trkpt lat="33.0104676" lon="35.1646294"><ele>122.6</ele><time>2025-09-10T04:16:54Z</time></trkpt>
<trkpt lat="33.0104762" lon="35.1646482"><ele>122.7</ele><time>2025-09-10T04:16:55Z</time></trkpt>
<trkpt lat="33.0104844" lon="35.1646673"><ele>122.7</ele><time>2025-09-10T04:16:56Z</time></trkpt>
<trkpt lat="33.0104911" lon="35.1646874"><ele>122.8</ele><time>2025-09-10T04:16:57Z</time></trkpt>
<trkpt lat="33.0104974" lon="35.1647076"><ele>122.9</ele><time>2025-09-10T04:16:58Z</time></trkpt>
<trkpt lat="33.0105048" lon="35.1647269"><ele>123.0</ele><time>2025-09-10T04:16:59Z</time></trkpt>
<trkpt lat="33.0105128" lon="35.1647454"><ele>123.1</ele><time>2025-09-10T04:17:00Z</time></trkpt>
<trkpt lat="33.0105213" lon="35.1647636"><ele>123.2</ele><time>2025-09-10T04:17:01Z</time></trkpt>
<trkpt lat="33.0105303" lon="35.1647826"><ele>123.3</ele><time>2025-09-10T04:17:02Z</time></trkpt>
<trkpt lat="33.010539" lon="35.1648025"><ele>123.4</ele><time>2025-09-10T04:17:03Z</time></trkpt>
<trkpt lat="33.0105467" lon="35.1648227"><ele>123.5</ele><time>2025-09-10T04:17:04Z</time></trkpt>
<trkpt lat="33.0105534" lon="35.1648431"><ele>123.6</ele><time>2025-09-10T04:17:05Z</time></trkpt>
<trkpt lat="33.0105596" lon="35.1648637"><ele>123.8</ele><time>2025-09-10T04:17:06Z</time></trkpt>
<trkpt lat="33.0105667" lon="35.1648832"><ele>123.9</ele><time>2025-09-10T04:17:07Z</time></trkpt>
<trkpt lat="33.0105754" lon="35.1649018"><ele>124.0</ele><time>2025-09-10T04:17:08Z</time></trkpt>
<trkpt lat="33.0105848" lon="35.164921"><ele>124.1</ele><time>2025-09-10T04:17:09Z</time></trkpt>
<trkpt lat="33.0105935" lon="35.1649415"><ele>124.2</ele><time>2025-09-10T04:17:10Z</time></trkpt>
<trkpt lat="33.0106014" lon="35.164962"><ele>124.4</ele><time>2025-09-10T04:17:11Z</time></trkpt>
<trkpt lat="33.0106089" lon="35.1649819"><ele>124.5</ele><time>2025-09-10T04:17:12Z</time></trkpt>
<trkpt lat="33.0106169" lon="35.1650006"><ele>124.6</ele><time>2025-09-10T04:17:13Z</time></trkpt>
<trkpt lat="33.0106255" lon="35.1650183"><ele>124.8</ele><time>2025-09-10T04:17:14Z</time></trkpt>
<trkpt lat="33.0106337" lon="35.1650367"><ele>124.9</ele><time>2025-09-10T04:17:15Z</time></trkpt>
<trkpt lat="33.0106407" lon="35.165055"><ele>125.0</ele><time>2025-09-10T04:17:16Z</time></trkpt>
<trkpt lat="33.0106464" lon="35.165073"><ele>125.1</ele><time>2025-09-10T04:17:17Z</time></trkpt>
<trkpt lat="33.0106518" lon="35.1650914"><ele>125.3</ele><time>2025-09-10T04:17:18Z</time></trkpt>
<trkpt lat="33.0106578" lon="35.1651105"><ele>125.4</ele><time>2025-09-10T04:17:19Z</time></trkpt>
<trkpt lat="33.0106642" lon="35.1651301"><ele>125.6</ele><time>2025-09-10T04:17:20Z</time></trkpt>
<trkpt lat="33.0106704" lon="35.1651499"><ele>125.7</ele><time>2025-09-10T04:17:21Z</time></trkpt>
<trkpt lat="33.0106768" lon="35.1651694"><ele>125.8</ele><time>2025-09-10T04:17:22Z</time></trkpt>
<trkpt lat="33.0106837" lon="35.1651883"><ele>126.0</ele><time>2025-09-10T04:17:23Z</time></trkpt>
<trkpt lat="33.0106906" lon="35.1652066"><ele>126.1</ele><time>2025-09-10T04:17:24Z</time></trkpt>
<trkpt lat="33.0106976" lon="35.1652249"><ele>126.3</ele><time>2025-09-10T04:17:25Z</time></trkpt>
<trkpt lat="33.0107051" lon="35.1652435"><ele>126.4</ele><time>2025-09-10T04:17:26Z</time></trkpt>
<trkpt lat="33.0107129" lon="35.1652624"><ele>126.6</ele><time>2025-09-10T04:17:27Z</time></trkpt>
<trkpt lat="33.0107211" lon="35.1652812"><ele>126.7</ele><time>2025-09-10T04:17:28Z</time></trkpt>
<trkpt lat="33.0107295" lon="35.1653002"><ele>126.9</ele><time>2025-09-10T04:17:29Z</time></trkpt>
<trkpt lat="33.010738" lon="35.1653196"><ele>127.0</ele><time>2025-09-10T04:17:30Z</time></trkpt>
<trkpt lat="33.0107465" lon="35.165339"><ele>127.2</ele><time>2025-09-10T04:17:31Z</time></trkpt>
<trkpt lat="33.010755" lon="35.1653574"><ele>127.3</ele><time>2025-09-10T04:17:32Z</time></trkpt>
<trkpt lat="33.0107634" lon="35.165375"><ele>127.5</ele><time>2025-09-10T04:17:33Z</time></trkpt>
<trkpt lat="33.0107721" lon="35.1653918"><ele>127.6</ele><time>2025-09-10T04:17:34Z</time></trkpt>
<trkpt lat="33.0107808" lon="35.1654075"><ele>127.7</ele><time>2025-09-10T04:17:35Z</time></trkpt>
<trkpt lat="33.0107899" lon="35.1654225"><ele>127.8</ele><time>2025-09-10T04:17:36Z</time></trkpt>
<trkpt lat="33.0107996" lon="35.1654376"><ele>128.0</ele><time>2025-09-10T04:17:37Z</time></trkpt>
<trkpt lat="33.0108106" lon="35.1654539"><ele>128.1</ele><time>2025-09-10T04:17:38Z</time></trkpt>
<trkpt lat="33.010823" lon="35.1654705"><ele>128.2</ele><time>2025-09-10T04:17:39Z</time></trkpt>
<trkpt lat="33.0108368" lon="35.165487"><ele>128.3</ele><time>2025-09-10T04:17:40Z</time></trkpt>
<trkpt lat="33.0108519" lon="35.1655024"><ele>128.4</ele><time>2025-09-10T04:17:41Z</time></trkpt>
<trkpt lat="33.0108683" lon="35.1655148"><ele>128.4</ele><time>2025-09-10T04:17:42Z</time></trkpt>
<trkpt lat="33.0108957" lon="35.1655246"><ele>128.6</ele><time>2025-09-10T04:17:44Z</time></trkpt>
<trkpt lat="33.010908" lon="35.1655244"><ele>128.7</ele><time>2025-09-10T04:17:45Z</time></trkpt>
<trkpt lat="33.0109195" lon="35.1655244"><ele>128.7</ele><time>2025-09-10T04:17:46Z</time></trkpt>
<trkpt lat="33.010932" lon="35.1655257"><ele>128.8</ele><time>2025-09-10T04:17:47Z</time></trkpt>
<trkpt lat="33.0109464" lon="35.1655286"><ele>128.9</ele><time>2025-09-10T04:17:48Z</time></trkpt>
<trkpt lat="33.0109624" lon="35.165533"><ele>128.9</ele><time>2025-09-10T04:17:49Z</time></trkpt>
<trkpt lat="33.01098" lon="35.1655373"><ele>129.0</ele><time>2025-09-10T04:17:50Z</time></trkpt>
<trkpt lat="33.0109981" lon="35.1655416"><ele>129.0</ele><time>2025-09-10T04:17:51Z</time></trkpt>
<trkpt lat="33.0110341" lon="35.1655479"><ele>129.1</ele><time>2025-09-10T04:17:52Z</time></trkpt>
<trkpt lat="33.0110519" lon="35.1655495"><ele>129.2</ele><time>2025-09-10T04:17:53Z</time></trkpt>
<trkpt lat="33.01107" lon="35.1655503"><ele>129.2</ele><time>2025-09-10T04:17:54Z</time></trkpt>
<trkpt lat="33.011088" lon="35.1655504"><ele>129.3</ele><time>2025-09-10T04:17:55Z</time></trkpt>
<trkpt lat="33.0111059" lon="35.1655505"><ele>129.3</ele><time>2025-09-10T04:17:56Z</time></trkpt>
<trkpt lat="33.0111244" lon="35.1655511"><ele>129.3</ele><time>2025-09-10T04:17:57Z</time></trkpt>
<trkpt lat="33.0111432" lon="35.1655521"><ele>129.4</ele><time>2025-09-10T04:17:58Z</time></trkpt>
<trkpt lat="33.0111624" lon="35.1655539"><ele>129.4</ele><time>2025-09-10T04:17:59Z</time></trkpt>
<trkpt lat="33.011182" lon="35.1655562"><ele>129.4</ele><time>2025-09-10T04:18:00Z</time></trkpt>
<trkpt lat="33.0112016" lon="35.165558"><ele>129.5</ele><time>2025-09-10T04:18:01Z</time></trkpt>
<trkpt lat="33.0112223" lon="35.1655586"><ele>129.5</ele><time>2025-09-10T04:18:02Z</time></trkpt>
<trkpt lat="33.0112438" lon="35.1655585"><ele>129.5</ele><time>2025-09-10T04:18:03Z</time></trkpt>
<trkpt lat="33.0112651" lon="35.1655595"><ele>129.5</ele><time>2025-09-10T04:18:04Z</time></trkpt>
<trkpt lat="33.0112863" lon="35.1655612"><ele>129.5</ele><time>2025-09-10T04:18:05Z</time></trkpt>
<trkpt lat="33.0113073" lon="35.1655632"><ele>129.5</ele><time>2025-09-10T04:18:06Z</time></trkpt>
<trkpt lat="33.0113283" lon="35.165565"><ele>129.5</ele><time>2025-09-10T04:18:07Z</time></trkpt>
<trkpt lat="33.0113492" lon="35.1655672"><ele>129.5</ele><time>2025-09-10T04:18:08Z</time></trkpt>
<trkpt lat="33.01137" lon="35.16557"><ele>129.5</ele><time>2025-09-10T04:18:09Z</time></trkpt>
<trkpt lat="33.0113908" lon="35.1655722"><ele>129.5</ele><time>2025-09-10T04:18:10Z</time></trkpt>
<trkpt lat="33.0114117" lon="35.1655727"><ele>129.5</ele><time>2025-09-10T04:18:11Z</time></trkpt>
<trkpt lat="33.0114327" lon="35.1655723"><ele>129.5</ele><time>2025-09-10T04:18:12Z</time></trkpt>
<trkpt lat="33.0114538" lon="35.1655722"><ele>129.5</ele><time>2025-09-10T04:18:13Z</time></trkpt>
<trkpt lat="33.0114747" lon="35.165572"><ele>129.5</ele><time>2025-09-10T04:18:14Z</time></trkpt>
<trkpt lat="33.0114952" lon="35.1655716"><ele>129.5</ele><time>2025-09-10T04:18:15Z</time></trkpt>
<trkpt lat="33.011516" lon="35.1655717"><ele>129.5</ele><time>2025-09-10T04:18:16Z</time></trkpt>
<trkpt lat="33.0115369" lon="35.1655723"><ele>129.5</ele><time>2025-09-10T04:18:17Z</time></trkpt>
<trkpt lat="33.0115576" lon="35.1655737"><ele>129.5</ele><time>2025-09-10T04:18:18Z</time></trkpt>
<trkpt lat="33.0115779" lon="35.1655771"><ele>129.5</ele><time>2025-09-10T04:18:19Z</time></trkpt>
<trkpt lat="33.0115972" lon="35.1655839"><ele>129.5</ele><time>2025-09-10T04:18:20Z</time></trkpt>
<trkpt lat="33.0116154" lon="35.1655943"><ele>129.6</ele><time>2025-09-10T04:18:21Z</time></trkpt>
<trkpt lat="33.0116329" lon="35.165607"><ele>129.6</ele><time>2025-09-10T04:18:22Z</time></trkpt>
<trkpt lat="33.0116493" lon="35.1656203"><ele>129.7</ele><time>2025-09-10T04:18:23Z</time></trkpt>
<trkpt lat="33.0116645" lon="35.1656339"><ele>129.8</ele><time>2025-09-10T04:18:24Z</time></trkpt>
<trkpt lat="33.0116782" lon="35.1656473"><ele>129.9</ele><time>2025-09-10T04:18:25Z</time></trkpt>
<trkpt lat="33.0116902" lon="35.1656605"><ele>130.0</ele><time>2025-09-10T04:18:26Z</time></trkpt>
<trkpt lat="33.0117009" lon="35.1656747"><ele>130.1</ele><time>2025-09-10T04:18:27Z</time></trkpt>
<trkpt lat="33.0117102" lon="35.1656902"><ele>130.2</ele><time>2025-09-10T04:18:28Z</time></trkpt>
<trkpt lat="33.0117177" lon="35.1657068"><ele>130.3</ele><time>2025-09-10T04:18:29Z</time></trkpt>
<trkpt lat="33.0117238" lon="35.1657252"><ele>130.5</ele><time>2025-09-10T04:18:30Z</time></trkpt>
<trkpt lat="33.0117296" lon="35.1657468"><ele>130.6</ele><time>2025-09-10T04:18:31Z</time></trkpt>
<trkpt lat="33.0117345" lon="35.16577"><ele>130.8</ele><time>2025-09-10T04:18:32Z</time></trkpt>
<trkpt lat="33.0117383" lon="35.1657926"><ele>130.9</ele><time>2025-09-10T04:18:33Z</time></trkpt>
<trkpt lat="33.0117413" lon="35.1658152"><ele>131.1</ele><time>2025-09-10T04:18:34Z</time></trkpt>
<trkpt lat="33.011744" lon="35.1658376"><ele>131.3</ele><time>2025-09-10T04:18:35Z</time></trkpt>
<trkpt lat="33.0117461" lon="35.1658589"><ele>131.5</ele><time>2025-09-10T04:18:36Z</time></trkpt>
<trkpt lat="33.0117474" lon="35.1658785"><ele>131.7</ele><time>2025-09-10T04:18:37Z</time></trkpt>
<trkpt lat="33.0117481" lon="35.1658982"><ele>131.8</ele><time>2025-09-10T04:18:38Z</time></trkpt>
<trkpt lat="33.0117478" lon="35.1659192"><ele>132.0</ele><time>2025-09-10T04:18:39Z</time></trkpt>
<trkpt lat="33.0117466" lon="35.1659419"><ele>132.2</ele><time>2025-09-10T04:18:40Z</time></trkpt>
<trkpt lat="33.0117444" lon="35.165966"><ele>132.4</ele><time>2025-09-10T04:18:41Z</time></trkpt>
<trkpt lat="33.0117417" lon="35.1659899"><ele>132.6</ele><time>2025-09-10T04:18:42Z</time></trkpt>
<trkpt lat="33.0117389" lon="35.1660129"><ele>132.8</ele><time>2025-09-10T04:18:43Z</time></trkpt>
<trkpt lat="33.0117365" lon="35.1660362"><ele>133.0</ele><time>2025-09-10T04:18:44Z</time></trkpt>
<trkpt lat="33.0117347" lon="35.1660592"><ele>133.3</ele><time>2025-09-10T04:18:45Z</time></trkpt>
<trkpt lat="33.0117333" lon="35.1660807"><ele>133.5</ele><time>2025-09-10T04:18:46Z</time></trkpt>
<trkpt lat="33.0117321" lon="35.1661025"><ele>133.7</ele><time>2025-09-10T04:18:47Z</time></trkpt>
<trkpt lat="33.0117311" lon="35.1661254"><ele>133.8</ele><time>2025-09-10T04:18:48Z</time></trkpt>
<trkpt lat="33.0117301" lon="35.1661486"><ele>134.0</ele><time>2025-09-10T04:18:49Z</time></trkpt>
<trkpt lat="33.0117288" lon="35.1661706"><ele>134.2</ele><time>2025-09-10T04:18:50Z</time></trkpt>
<trkpt lat="33.0117274" lon="35.1661897"><ele>134.4</ele><time>2025-09-10T04:18:51Z</time></trkpt>
<trkpt lat="33.0117262" lon="35.1662059"><ele>134.6</ele><time>2025-09-10T04:18:52Z</time></trkpt>
<trkpt lat="33.0117251" lon="35.1662209"><ele>134.8</ele><time>2025-09-10T04:18:53Z</time></trkpt>
<trkpt lat="33.0117239" lon="35.1662365"><ele>134.9</ele><time>2025-09-10T04:18:54Z</time></trkpt>
<trkpt lat="33.0117222" lon="35.166254"><ele>135.1</ele><time>2025-09-10T04:18:55Z</time></trkpt>
<trkpt lat="33.0117203" lon="35.1662741"><ele>135.3</ele><time>2025-09-10T04:18:56Z</time></trkpt>
<trkpt lat="33.0117183" lon="35.1662952"><ele>135.4</ele><time>2025-09-10T04:18:57Z</time></trkpt>
<trkpt lat="33.0117169" lon="35.1663153"><ele>135.6</ele><time>2025-09-10T04:18:58Z</time></trkpt>
<trkpt lat="33.011716" lon="35.1663327"><ele>135.8</ele><time>2025-09-10T04:18:59Z</time></trkpt>
<trkpt lat="33.0117156" lon="35.1663492"><ele>135.9</ele><time>2025-09-10T04:19:00Z</time></trkpt>
<trkpt lat="33.0117152" lon="35.1663677"><ele>136.1</ele><time>2025-09-10T04:19:01Z</time></trkpt>
<trkpt lat="33.0117148" lon="35.1663881"><ele>136.2</ele><time>2025-09-10T04:19:02Z</time></trkpt>
<trkpt lat="33.0117144" lon="35.1664099"><ele>136.3</ele><time>2025-09-10T04:19:03Z</time></trkpt>
<trkpt lat="33.0117139" lon="35.1664324"><ele>136.5</ele><time>2025-09-10T04:19:04Z</time></trkpt>
<trkpt lat="33.0117132" lon="35.1664556"><ele>136.6</ele><time>2025-09-10T04:19:05Z</time></trkpt>
<trkpt lat="33.0117128" lon="35.1664786"><ele>136.7</ele><time>2025-09-10T04:19:06Z</time></trkpt>
<trkpt lat="33.0117128" lon="35.1665006"><ele>136.8</ele><time>2025-09-10T04:19:07Z</time></trkpt>
<trkpt lat="33.011713" lon="35.1665223"><ele>137.0</ele><time>2025-09-10T04:19:08Z</time></trkpt>
<trkpt lat="33.0117134" lon="35.1665445"><ele>137.1</ele><time>2025-09-10T04:19:09Z</time></trkpt>
<trkpt lat="33.0117141" lon="35.1665667"><ele>137.2</ele><time>2025-09-10T04:19:10Z</time></trkpt>
<trkpt lat="33.0117151" lon="35.1665885"><ele>137.3</ele><time>2025-09-10T04:19:11Z</time></trkpt>
<trkpt lat="33.0117157" lon="35.1666101"><ele>137.4</ele><time>2025-09-10T04:19:12Z</time></trkpt>
<trkpt lat="33.0117155" lon="35.1666417"><ele>137.5</ele><time>2025-09-10T04:19:14Z</time></trkpt>
<trkpt lat="33.0117153" lon="35.1666561"><ele>137.6</ele><time>2025-09-10T04:19:15Z</time></trkpt>
<trkpt lat="33.0117162" lon="35.1666719"><ele>137.7</ele><time>2025-09-10T04:19:16Z</time></trkpt>
<trkpt lat="33.0117184" lon="35.1666893"><ele>137.8</ele><time>2025-09-10T04:19:17Z</time></trkpt>
<trkpt lat="33.0117211" lon="35.1667085"><ele>137.9</ele><time>2025-09-10T04:19:18Z</time></trkpt>
<trkpt lat="33.0117234" lon="35.1667294"><ele>137.9</ele><time>2025-09-10T04:19:19Z</time></trkpt>
<trkpt lat="33.0117244" lon="35.1667508"><ele>138.0</ele><time>2025-09-10T04:19:20Z</time></trkpt>
<trkpt lat="33.0117233" lon="35.1667908"><ele>138.2</ele><time>2025-09-10T04:19:21Z</time></trkpt>
<trkpt lat="33.0117238" lon="35.1668078"><ele>138.3</ele><time>2025-09-10T04:19:22Z</time></trkpt>
<trkpt lat="33.0117242" lon="35.166826"><ele>138.4</ele><time>2025-09-10T04:19:23Z</time></trkpt>
<trkpt lat="33.0117259" lon="35.1668456"><ele>138.5</ele><time>2025-09-10T04:19:24Z</time></trkpt>
<trkpt lat="33.0117286" lon="35.1668646"><ele>138.7</ele><time>2025-09-10T04:19:25Z</time></trkpt>
<trkpt lat="33.0117311" lon="35.1668834"><ele>138.8</ele><time>2025-09-10T04:19:26Z</time></trkpt>
<trkpt lat="33.0117331" lon="35.1669025"><ele>138.9</ele><time>2025-09-10T04:19:27Z</time></trkpt>
<trkpt lat="33.0117342" lon="35.1669215"><ele>139.0</ele><time>2025-09-10T04:19:28Z</time></trkpt>
<trkpt lat="33.0117338" lon="35.1669403"><ele>139.1</ele><time>2025-09-10T04:19:29Z</time></trkpt>
<trkpt lat="33.0117326" lon="35.1669591"><ele>139.3</ele><time>2025-09-10T04:19:30Z</time></trkpt>
<trkpt lat="33.0117318" lon="35.1669782"><ele>139.4</ele><time>2025-09-10T04:19:31Z</time></trkpt>
<trkpt lat="33.0117311" lon="35.166998"><ele>139.5</ele><time>2025-09-10T04:19:32Z</time></trkpt>
<trkpt lat="33.0117306" lon="35.1670176"><ele>139.7</ele><time>2025-09-10T04:19:33Z</time></trkpt>
<trkpt lat="33.0117302" lon="35.1670369"><ele>139.8</ele><time>2025-09-10T04:19:34Z</time></trkpt>
<trkpt lat="33.01173" lon="35.1670564"><ele>140.0</ele><time>2025-09-10T04:19:35Z</time></trkpt>
<trkpt lat="33.0117304" lon="35.1670758"><ele>140.1</ele><time>2025-09-10T04:19:36Z</time></trkpt>
<trkpt lat="33.0117317" lon="35.167095"><ele>140.2</ele><time>2025-09-10T04:19:37Z</time></trkpt>
<trkpt lat="33.011734" lon="35.167114"><ele>140.4</ele><time>2025-09-10T04:19:38Z</time></trkpt>
<trkpt lat="33.0117359" lon="35.1671335"><ele>140.5</ele><time>2025-09-10T04:19:39Z</time></trkpt>
<trkpt lat="33.0117358" lon="35.1671535"><ele>140.7</ele><time>2025-09-10T04:19:40Z</time></trkpt>
<trkpt lat="33.0117345" lon="35.1671735"><ele>140.8</ele><time>2025-09-10T04:19:41Z</time></trkpt>
<trkpt lat="33.0117336" lon="35.1671936"><ele>141.0</ele><time>2025-09-10T04:19:42Z</time></trkpt>
<trkpt lat="33.0117332" lon="35.1672136"><ele>141.1</ele><time>2025-09-10T04:19:43Z</time></trkpt>
<trkpt lat="33.0117328" lon="35.1672337"><ele>141.3</ele><time>2025-09-10T04:19:44Z</time></trkpt>
<trkpt lat="33.0117326" lon="35.1672538"><ele>141.4</ele><time>2025-09-10T04:19:45Z</time></trkpt>
<trkpt lat="33.0117324" lon="35.1672747"><ele>141.6</ele><time>2025-09-10T04:19:46Z</time></trkpt>
<trkpt lat="33.0117319" lon="35.1672965"><ele>141.7</ele><time>2025-09-10T04:19:47Z</time></trkpt>
<trkpt lat="33.0117313" lon="35.1673182"><ele>141.8</ele><time>2025-09-10T04:19:48Z</time></trkpt>
<trkpt lat="33.0117306" lon="35.1673395"><ele>142.0</ele><time>2025-09-10T04:19:49Z</time></trkpt>
<trkpt lat="33.0117294" lon="35.1673604"><ele>142.1</ele><time>2025-09-10T04:19:50Z</time></trkpt>
<trkpt lat="33.0117281" lon="35.1673806"><ele>142.2</ele><time>2025-09-10T04:19:51Z</time></trkpt>
<trkpt lat="33.0117269" lon="35.1674"><ele>142.3</ele><time>2025-09-10T04:19:52Z</time></trkpt>
<trkpt lat="33.0117261" lon="35.1674189"><ele>142.5</ele><time>2025-09-10T04:19:53Z</time></trkpt>
<trkpt lat="33.0117253" lon="35.1674374"><ele>142.6</ele><time>2025-09-10T04:19:54Z</time></trkpt>
<trkpt lat="33.0117245" lon="35.1674555"><ele>142.7</ele><time>2025-09-10T04:19:55Z</time></trkpt>
<trkpt lat="33.0117237" lon="35.1674733"><ele>142.8</ele><time>2025-09-10T04:19:56Z</time></trkpt>
<trkpt lat="33.0117231" lon="35.1674909"><ele>142.9</ele><time>2025-09-10T04:19:57Z</time></trkpt>
<trkpt lat="33.0117226" lon="35.1675087"><ele>143.1</ele><time>2025-09-10T04:19:58Z</time></trkpt>
<trkpt lat="33.0117216" lon="35.1675271"><ele>143.2</ele><time>2025-09-10T04:19:59Z</time></trkpt>
<trkpt lat="33.0117201" lon="35.1675461"><ele>143.3</ele><time>2025-09-10T04:20:00Z</time></trkpt>
<trkpt lat="33.0117183" lon="35.1675657"><ele>143.4</ele><time>2025-09-10T04:20:01Z</time></trkpt>
<trkpt lat="33.0117168" lon="35.1675859"><ele>143.5</ele><time>2025-09-10T04:20:02Z</time></trkpt>
<trkpt lat="33.0117157" lon="35.1676062"><ele>143.7</ele><time>2025-09-10T04:20:03Z</time></trkpt>
<trkpt lat="33.011715" lon="35.1676258"><ele>143.8</ele><time>2025-09-10T04:20:04Z</time></trkpt>
<trkpt lat="33.0117146" lon="35.1676457"><ele>143.9</ele><time>2025-09-10T04:20:05Z</time></trkpt>
<trkpt lat="33.0117144" lon="35.1676656"><ele>144.0</ele><time>2025-09-10T04:20:06Z</time></trkpt>
<trkpt lat="33.0117145" lon="35.1676852"><ele>144.2</ele><time>2025-09-10T04:20:07Z</time></trkpt>
<trkpt lat="33.0117148" lon="35.1677052"><ele>144.3</ele><time>2025-09-10T04:20:08Z</time></trkpt>
<trkpt lat="33.011715" lon="35.1677256"><ele>144.4</ele><time>2025-09-10T04:20:09Z</time></trkpt>
<trkpt lat="33.0117147" lon="35.1677461"><ele>144.5</ele><time>2025-09-10T04:20:10Z</time></trkpt>
<trkpt lat="33.011714" lon="35.167767"><ele>144.6</ele><time>2025-09-10T04:20:11Z</time></trkpt>
<trkpt lat="33.0117129" lon="35.1677874"><ele>144.8</ele><time>2025-09-10T04:20:12Z</time></trkpt>
<trkpt lat="33.0117119" lon="35.1678064"><ele>144.9</ele><time>2025-09-10T04:20:13Z</time></trkpt>
<trkpt lat="33.0117115" lon="35.1678253"><ele>145.0</ele><time>2025-09-10T04:20:14Z</time></trkpt>
<trkpt lat="33.0117115" lon="35.1678451"><ele>145.1</ele><time>2025-09-10T04:20:15Z</time></trkpt>
<trkpt lat="33.0117121" lon="35.1678654"><ele>145.1</ele><time>2025-09-10T04:20:16Z</time></trkpt>
<trkpt lat="33.0117132" lon="35.1678859"><ele>145.2</ele><time>2025-09-10T04:20:17Z</time></trkpt>
<trkpt lat="33.0117147" lon="35.1679055"><ele>145.3</ele><time>2025-09-10T04:20:18Z</time></trkpt>
<trkpt lat="33.0117163" lon="35.1679247"><ele>145.4</ele><time>2025-09-10T04:20:19Z</time></trkpt>
<trkpt lat="33.0117179" lon="35.1679452"><ele>145.4</ele><time>2025-09-10T04:20:20Z</time></trkpt>
<trkpt lat="33.0117192" lon="35.1679665"><ele>145.5</ele><time>2025-09-10T04:20:21Z</time></trkpt>
<trkpt lat="33.0117202" lon="35.1679879"><ele>145.5</ele><time>2025-09-10T04:20:22Z</time></trkpt>
<trkpt lat="33.0117209" lon="35.1680077"><ele>145.5</ele><time>2025-09-10T04:20:23Z</time></trkpt>
<trkpt lat="33.0117216" lon="35.1680267"><ele>145.6</ele><time>2025-09-10T04:20:24Z</time></trkpt>
<trkpt lat="33.0117228" lon="35.168046"><ele>145.6</ele><time>2025-09-10T04:20:25Z</time></trkpt>
<trkpt lat="33.0117242" lon="35.1680651"><ele>145.6</ele><time>2025-09-10T04:20:26Z</time></trkpt>
<trkpt lat="33.0117254" lon="35.1680848"><ele>145.6</ele><time>2025-09-10T04:20:27Z</time></trkpt>
<trkpt lat="33.0117262" lon="35.168106"><ele>145.7</ele><time>2025-09-10T04:20:28Z</time></trkpt>
<trkpt lat="33.0117267" lon="35.1681284"><ele>145.7</ele><time>2025-09-10T04:20:29Z</time></trkpt>
<trkpt lat="33.0117272" lon="35.1681506"><ele>145.7</ele><time>2025-09-10T04:20:30Z</time></trkpt>
<trkpt lat="33.0117281" lon="35.1681714"><ele>145.7</ele><time>2025-09-10T04:20:31Z</time></trkpt>
<trkpt lat="33.0117294" lon="35.1681909"><ele>145.7</ele><time>2025-09-10T04:20:32Z</time></trkpt>
<trkpt lat="33.0117312" lon="35.16821"><ele>145.7</ele><time>2025-09-10T04:20:33Z</time></trkpt>
<trkpt lat="33.011733" lon="35.16823"><ele>145.7</ele><time>2025-09-10T04:20:34Z</time></trkpt>
<trkpt lat="33.0117344" lon="35.1682516"><ele>145.8</ele><time>2025-09-10T04:20:35Z</time></trkpt>
<trkpt lat="33.0117352" lon="35.1682746"><ele>145.8</ele><time>2025-09-10T04:20:36Z</time></trkpt>
<trkpt lat="33.0117355" lon="35.1682974"><ele>145.8</ele><time>2025-09-10T04:20:37Z</time></trkpt>
<trkpt lat="33.0117356" lon="35.168319"><ele>145.8</ele><time>2025-09-10T04:20:38Z</time></trkpt>
<trkpt lat="33.0117359" lon="35.1683395"><ele>145.8</ele><time>2025-09-10T04:20:39Z</time></trkpt>
<trkpt lat="33.0117366" lon="35.1683596"><ele>145.9</ele><time>2025-09-10T04:20:40Z</time></trkpt>
<trkpt lat="33.0117378" lon="35.1683802"><ele>145.9</ele><time>2025-09-10T04:20:41Z</time></trkpt>
<trkpt lat="33.0117393" lon="35.1684005"><ele>145.9</ele><time>2025-09-10T04:20:42Z</time></trkpt>
<trkpt lat="33.0117411" lon="35.1684205"><ele>146.0</ele><time>2025-09-10T04:20:43Z</time></trkpt>
<trkpt lat="33.0117431" lon="35.1684407"><ele>146.0</ele><time>2025-09-10T04:20:44Z</time></trkpt>
<trkpt lat="33.011745" lon="35.1684614"><ele>146.1</ele><time>2025-09-10T04:20:45Z</time></trkpt>
<trkpt lat="33.0117468" lon="35.1684818"><ele>146.2</ele><time>2025-09-10T04:20:46Z</time></trkpt>
<trkpt lat="33.0117485" lon="35.1685018"><ele>146.2</ele><time>2025-09-10T04:20:47Z</time></trkpt>
<trkpt lat="33.0117502" lon="35.1685221"><ele>146.3</ele><time>2025-09-10T04:20:48Z</time></trkpt>
<trkpt lat="33.0117518" lon="35.168543"><ele>146.4</ele><time>2025-09-10T04:20:49Z</time></trkpt>
<trkpt lat="33.0117536" lon="35.1685645"><ele>146.5</ele><time>2025-09-10T04:20:50Z</time></trkpt>
<trkpt lat="33.0117555" lon="35.1685859"><ele>146.6</ele><time>2025-09-10T04:20:51Z</time></trkpt>
<trkpt lat="33.0117577" lon="35.1686067"><ele>146.7</ele><time>2025-09-10T04:20:52Z</time></trkpt>
<trkpt lat="33.0117602" lon="35.1686268"><ele>146.8</ele><time>2025-09-10T04:20:53Z</time></trkpt>
<trkpt lat="33.0117631" lon="35.1686473"><ele>147.0</ele><time>2025-09-10T04:20:54Z</time></trkpt>
<trkpt lat="33.0117662" lon="35.1686682"><ele>147.1</ele><time>2025-09-10T04:20:55Z</time></trkpt>
<trkpt lat="33.0117694" lon="35.1686894"><ele>147.2</ele><time>2025-09-10T04:20:56Z</time></trkpt>
<trkpt lat="33.011772" lon="35.1687105"><ele>147.3</ele><time>2025-09-10T04:20:57Z</time></trkpt>
<trkpt lat="33.0117736" lon="35.1687324"><ele>147.4</ele><time>2025-09-10T04:20:58Z</time></trkpt>
<trkpt lat="33.0117745" lon="35.1687551"><ele>147.5</ele><time>2025-09-10T04:20:59Z</time></trkpt>
<trkpt lat="33.0117753" lon="35.1687775"><ele>147.6</ele><time>2025-09-10T04:21:00Z</time></trkpt>
<trkpt lat="33.0117763" lon="35.1687994"><ele>147.7</ele><time>2025-09-10T04:21:01Z</time></trkpt>
<trkpt lat="33.0117778" lon="35.1688215"><ele>147.8</ele><time>2025-09-10T04:21:02Z</time></trkpt>
<trkpt lat="33.0117797" lon="35.1688442"><ele>147.9</ele><time>2025-09-10T04:21:03Z</time></trkpt>
<trkpt lat="33.0117818" lon="35.1688665"><ele>148.0</ele><time>2025-09-10T04:21:04Z</time></trkpt>
<trkpt lat="33.0117838" lon="35.1688879"><ele>148.0</ele><time>2025-09-10T04:21:05Z</time></trkpt>
<trkpt lat="33.0117856" lon="35.1689094"><ele>148.1</ele><time>2025-09-10T04:21:06Z</time></trkpt>
<trkpt lat="33.0117871" lon="35.1689312"><ele>148.2</ele><time>2025-09-10T04:21:07Z</time></trkpt>
<trkpt lat="33.0117881" lon="35.1689534"><ele>148.2</ele><time>2025-09-10T04:21:08Z</time></trkpt>
<trkpt lat="33.0117887" lon="35.1689764"><ele>148.3</ele><time>2025-09-10T04:21:09Z</time></trkpt>
<trkpt lat="33.0117892" lon="35.1690001"><ele>148.3</ele><time>2025-09-10T04:21:10Z</time></trkpt>
<trkpt lat="33.01179" lon="35.1690237"><ele>148.3</ele><time>2025-09-10T04:21:11Z</time></trkpt>
<trkpt lat="33.011791" lon="35.1690464"><ele>148.4</ele><time>2025-09-10T04:21:12Z</time></trkpt>
<trkpt lat="33.0117924" lon="35.1690684"><ele>148.4</ele><time>2025-09-10T04:21:13Z</time></trkpt>
<trkpt lat="33.0117945" lon="35.1690906"><ele>148.4</ele><time>2025-09-10T04:21:14Z</time></trkpt>
<trkpt lat="33.0117972" lon="35.1691127"><ele>148.4</ele><time>2025-09-10T04:21:15Z</time></trkpt>
<trkpt lat="33.0118" lon="35.1691344"><ele>148.5</ele><time>2025-09-10T04:21:16Z</time></trkpt>
<trkpt lat="33.0118026" lon="35.1691559"><ele>148.5</ele><time>2025-09-10T04:21:17Z</time></trkpt>
<trkpt lat="33.0118047" lon="35.1691769"><ele>148.5</ele><time>2025-09-10T04:21:18Z</time></trkpt>
<trkpt lat="33.0118064" lon="35.1691987"><ele>148.6</ele><time>2025-09-10T04:21:19Z</time></trkpt>
<trkpt lat="33.011808" lon="35.1692221"><ele>148.6</ele><time>2025-09-10T04:21:20Z</time></trkpt>
<trkpt lat="33.0118097" lon="35.1692477"><ele>148.6</ele><time>2025-09-10T04:21:21Z</time></trkpt>
<trkpt lat="33.0118112" lon="35.1692746"><ele>148.7</ele><time>2025-09-10T04:21:22Z</time></trkpt>
<trkpt lat="33.0118122" lon="35.1693014"><ele>148.7</ele><time>2025-09-10T04:21:23Z</time></trkpt>
<trkpt lat="33.0118129" lon="35.1693275"><ele>148.8</ele><time>2025-09-10T04:21:24Z</time></trkpt>
<trkpt lat="33.0118135" lon="35.1693525"><ele>148.8</ele><time>2025-09-10T04:21:25Z</time></trkpt>
<trkpt lat="33.0118145" lon="35.1693771"><ele>148.9</ele><time>2025-09-10T04:21:26Z</time></trkpt>
<trkpt lat="33.0118161" lon="35.1694021"><ele>148.9</ele><time>2025-09-10T04:21:27Z</time></trkpt>
<trkpt lat="33.0118183" lon="35.1694269"><ele>149.0</ele><time>2025-09-10T04:21:28Z</time></trkpt>
<trkpt lat="33.011821" lon="35.1694508"><ele>149.1</ele><time>2025-09-10T04:21:29Z</time></trkpt>
<trkpt lat="33.011824" lon="35.169474"><ele>149.1</ele><time>2025-09-10T04:21:30Z</time></trkpt>
<trkpt lat="33.0118272" lon="35.1694966"><ele>149.2</ele><time>2025-09-10T04:21:31Z</time></trkpt>
<trkpt lat="33.0118304" lon="35.1695189"><ele>149.2</ele><time>2025-09-10T04:21:32Z</time></trkpt>
<trkpt lat="33.0118333" lon="35.1695418"><ele>149.3</ele><time>2025-09-10T04:21:33Z</time></trkpt>
<trkpt lat="33.0118361" lon="35.1695661"><ele>149.3</ele><time>2025-09-10T04:21:34Z</time></trkpt>
<trkpt lat="33.0118388" lon="35.169591"><ele>149.4</ele><time>2025-09-10T04:21:35Z</time></trkpt>
<trkpt lat="33.0118408" lon="35.1696157"><ele>149.4</ele><time>2025-09-10T04:21:36Z</time></trkpt>
<trkpt lat="33.011842" lon="35.1696401"><ele>149.5</ele><time>2025-09-10T04:21:37Z</time></trkpt>
<trkpt lat="33.0118426" lon="35.1696656"><ele>149.6</ele><time>2025-09-10T04:21:38Z</time></trkpt>
<trkpt lat="33.0118429" lon="35.1696925"><ele>149.6</ele><time>2025-09-10T04:21:39Z</time></trkpt>
<trkpt lat="33.0118429" lon="35.1697198"><ele>149.7</ele><time>2025-09-10T04:21:40Z</time></trkpt>
<trkpt lat="33.0118424" lon="35.1697468"><ele>149.7</ele><time>2025-09-10T04:21:41Z</time></trkpt>
<trkpt lat="33.0118419" lon="35.1697746"><ele>149.8</ele><time>2025-09-10T04:21:42Z</time></trkpt>
<trkpt lat="33.0118415" lon="35.1698029"><ele>149.9</ele><time>2025-09-10T04:21:43Z</time></trkpt>
<trkpt lat="33.0118415" lon="35.16983"><ele>149.9</ele><time>2025-09-10T04:21:44Z</time></trkpt>
<trkpt lat="33.0118422" lon="35.1698561"><ele>150.0</ele><time>2025-09-10T04:21:45Z</time></trkpt>
<trkpt lat="33.011844" lon="35.1698828"><ele>150.1</ele><time>2025-09-10T04:21:46Z</time></trkpt>
<trkpt lat="33.0118468" lon="35.1699101"><ele>150.1</ele><time>2025-09-10T04:21:47Z</time></trkpt>
<trkpt lat="33.0118505" lon="35.1699373"><ele>150.2</ele><time>2025-09-10T04:21:48Z</time></trkpt>
<trkpt lat="33.0118545" lon="35.1699654"><ele>150.3</ele><time>2025-09-10T04:21:49Z</time></trkpt>
<trkpt lat="33.0118586" lon="35.1699942"><ele>150.4</ele><time>2025-09-10T04:21:50Z</time></trkpt>
<trkpt lat="33.0118625" lon="35.1700229"><ele>150.5</ele><time>2025-09-10T04:21:51Z</time></trkpt>
<trkpt lat="33.0118664" lon="35.1700504"><ele>150.5</ele><time>2025-09-10T04:21:52Z</time></trkpt>
<trkpt lat="33.0118703" lon="35.1700766"><ele>150.6</ele><time>2025-09-10T04:21:53Z</time></trkpt>
<trkpt lat="33.0118742" lon="35.1701023"><ele>150.7</ele><time>2025-09-10T04:21:54Z</time></trkpt>
<trkpt lat="33.0118781" lon="35.1701285"><ele>150.7</ele><time>2025-09-10T04:21:55Z</time></trkpt>
<trkpt lat="33.0118817" lon="35.1701551"><ele>150.8</ele><time>2025-09-10T04:21:56Z</time></trkpt>
<trkpt lat="33.0118848" lon="35.1701816"><ele>150.9</ele><time>2025-09-10T04:21:57Z</time></trkpt>
<trkpt lat="33.0118874" lon="35.1702085"><ele>150.9</ele><time>2025-09-10T04:21:58Z</time></trkpt>
<trkpt lat="33.0118896" lon="35.1702356"><ele>151.0</ele><time>2025-09-10T04:21:59Z</time></trkpt>
<trkpt lat="33.0118912" lon="35.1702627"><ele>151.0</ele><time>2025-09-10T04:22:00Z</time></trkpt>
<trkpt lat="33.0118925" lon="35.170289"><ele>151.1</ele><time>2025-09-10T04:22:01Z</time></trkpt>
<trkpt lat="33.0118938" lon="35.1703154"><ele>151.1</ele><time>2025-09-10T04:22:02Z</time></trkpt>
<trkpt lat="33.0118949" lon="35.1703423"><ele>151.2</ele><time>2025-09-10T04:22:03Z</time></trkpt>
<trkpt lat="33.0118956" lon="35.170369"><ele>151.2</ele><time>2025-09-10T04:22:04Z</time></trkpt>
<trkpt lat="33.0118956" lon="35.1703962"><ele>151.2</ele><time>2025-09-10T04:22:05Z</time></trkpt>
<trkpt lat="33.0118951" lon="35.170425"><ele>151.3</ele><time>2025-09-10T04:22:06Z</time></trkpt>
<trkpt lat="33.0118943" lon="35.1704543"><ele>151.3</ele><time>2025-09-10T04:22:07Z</time></trkpt>
<trkpt lat="33.0118934" lon="35.1704828"><ele>151.3</ele><time>2025-09-10T04:22:08Z</time></trkpt>
<trkpt lat="33.0118924" lon="35.1705109"><ele>151.4</ele><time>2025-09-10T04:22:09Z</time></trkpt>
<trkpt lat="33.0118912" lon="35.1705389"><ele>151.4</ele><time>2025-09-10T04:22:10Z</time></trkpt>
<trkpt lat="33.0118898" lon="35.1705665"><ele>151.4</ele><time>2025-09-10T04:22:11Z</time></trkpt>
<trkpt lat="33.011888" lon="35.1705953"><ele>151.5</ele><time>2025-09-10T04:22:12Z</time></trkpt>
<trkpt lat="33.0118855" lon="35.170626"><ele>151.5</ele><time>2025-09-10T04:22:13Z</time></trkpt>
<trkpt lat="33.0118825" lon="35.1706578"><ele>151.6</ele><time>2025-09-10T04:22:14Z</time></trkpt>
<trkpt lat="33.0118791" lon="35.1706897"><ele>151.6</ele><time>2025-09-10T04:22:15Z</time></trkpt>
<trkpt lat="33.0118756" lon="35.170721"><ele>151.7</ele><time>2025-09-10T04:22:16Z</time></trkpt>
<trkpt lat="33.0118723" lon="35.1707515"><ele>151.8</ele><time>2025-09-10T04:22:17Z</time></trkpt>
<trkpt lat="33.0118693" lon="35.1707814"><ele>151.8</ele><time>2025-09-10T04:22:18Z</time></trkpt>
<trkpt lat="33.0118666" lon="35.1708107"><ele>151.9</ele><time>2025-09-10T04:22:19Z</time></trkpt>
<trkpt lat="33.0118644" lon="35.1708396"><ele>151.9</ele><time>2025-09-10T04:22:20Z</time></trkpt>
<trkpt lat="33.0118623" lon="35.1708678"><ele>152.0</ele><time>2025-09-10T04:22:21Z</time></trkpt>
<trkpt lat="33.01186" lon="35.1708957"><ele>152.1</ele><time>2025-09-10T04:22:22Z</time></trkpt>
<trkpt lat="33.0118572" lon="35.1709237"><ele>152.2</ele><time>2025-09-10T04:22:23Z</time></trkpt>
<trkpt lat="33.0118538" lon="35.1709524"><ele>152.2</ele><time>2025-09-10T04:22:24Z</time></trkpt>
<trkpt lat="33.0118496" lon="35.170982"><ele>152.3</ele><time>2025-09-10T04:22:25Z</time></trkpt>
<trkpt lat="33.0118453" lon="35.1710121"><ele>152.4</ele><time>2025-09-10T04:22:26Z</time></trkpt>
<trkpt lat="33.011841" lon="35.1710421"><ele>152.5</ele><time>2025-09-10T04:22:27Z</time></trkpt>
<trkpt lat="33.011837" lon="35.1710718"><ele>152.6</ele><time>2025-09-10T04:22:28Z</time></trkpt>
<trkpt lat="33.0118335" lon="35.1711015"><ele>152.7</ele><time>2025-09-10T04:22:29Z</time></trkpt>
<trkpt lat="33.01183" lon="35.1711316"><ele>152.8</ele><time>2025-09-10T04:22:30Z</time></trkpt>
<trkpt lat="33.0118263" lon="35.1711625"><ele>152.9</ele><time>2025-09-10T04:22:31Z</time></trkpt>
<trkpt lat="33.0118221" lon="35.171194"><ele>153.0</ele><time>2025-09-10T04:22:32Z</time></trkpt>
<trkpt lat="33.0118175" lon="35.1712256"><ele>153.1</ele><time>2025-09-10T04:22:33Z</time></trkpt>
<trkpt lat="33.0118124" lon="35.1712569"><ele>153.2</ele><time>2025-09-10T04:22:34Z</time></trkpt>
<trkpt lat="33.0118071" lon="35.1712875"><ele>153.3</ele><time>2025-09-10T04:22:35Z</time></trkpt>
<trkpt lat="33.0118017" lon="35.1713176"><ele>153.4</ele><time>2025-09-10T04:22:36Z</time></trkpt>
<trkpt lat="33.0117964" lon="35.1713474"><ele>153.5</ele><time>2025-09-10T04:22:37Z</time></trkpt>
<trkpt lat="33.0117909" lon="35.1713769"><ele>153.6</ele><time>2025-09-10T04:22:38Z</time></trkpt>
<trkpt lat="33.0117855" lon="35.1714065"><ele>153.6</ele><time>2025-09-10T04:22:39Z</time></trkpt>
<trkpt lat="33.0117801" lon="35.1714361"><ele>153.7</ele><time>2025-09-10T04:22:40Z</time></trkpt>
<trkpt lat="33.0117748" lon="35.171466"><ele>153.8</ele><time>2025-09-10T04:22:41Z</time></trkpt>
<trkpt lat="33.0117697" lon="35.171496"><ele>153.9</ele><time>2025-09-10T04:22:42Z</time></trkpt>
<trkpt lat="33.011765" lon="35.1715259"><ele>154.0</ele><time>2025-09-10T04:22:43Z</time></trkpt>
<trkpt lat="33.0117604" lon="35.1715556"><ele>154.1</ele><time>2025-09-10T04:22:44Z</time></trkpt>
<trkpt lat="33.0117558" lon="35.1715854"><ele>154.2</ele><time>2025-09-10T04:22:45Z</time></trkpt>
<trkpt lat="33.0117514" lon="35.1716153"><ele>154.3</ele><time>2025-09-10T04:22:46Z</time></trkpt>
<trkpt lat="33.0117472" lon="35.1716454"><ele>154.4</ele><time>2025-09-10T04:22:47Z</time></trkpt>
<trkpt lat="33.0117433" lon="35.1716757"><ele>154.5</ele><time>2025-09-10T04:22:48Z</time></trkpt>
<trkpt lat="33.0117399" lon="35.1717056"><ele>154.6</ele><time>2025-09-10T04:22:49Z</time></trkpt>
<trkpt lat="33.0117367" lon="35.1717348"><ele>154.6</ele><time>2025-09-10T04:22:50Z</time></trkpt>
<trkpt lat="33.0117334" lon="35.1717637"><ele>154.7</ele><time>2025-09-10T04:22:51Z</time></trkpt>
<trkpt lat="33.0117299" lon="35.1717927"><ele>154.8</ele><time>2025-09-10T04:22:52Z</time></trkpt>
<trkpt lat="33.0117258" lon="35.1718221"><ele>154.9</ele><time>2025-09-10T04:22:53Z</time></trkpt>
<trkpt lat="33.0117214" lon="35.171852"><ele>154.9</ele><time>2025-09-10T04:22:54Z</time></trkpt>
<trkpt lat="33.0117167" lon="35.1718823"><ele>155.0</ele><time>2025-09-10T04:22:55Z</time></trkpt>
<trkpt lat="33.0117119" lon="35.1719131"><ele>155.0</ele><time>2025-09-10T04:22:56Z</time></trkpt>
<trkpt lat="33.0117071" lon="35.1719442"><ele>155.1</ele><time>2025-09-10T04:22:57Z</time></trkpt>
<trkpt lat="33.0117022" lon="35.1719752"><ele>155.1</ele><time>2025-09-10T04:22:58Z</time></trkpt>
<trkpt lat="33.0116972" lon="35.1720058"><ele>155.2</ele><time>2025-09-10T04:22:59Z</time></trkpt>
<trkpt lat="33.0116922" lon="35.172036"><ele>155.2</ele><time>2025-09-10T04:23:00Z</time></trkpt>
<trkpt lat="33.0116872" lon="35.1720659"><ele>155.2</ele><time>2025-09-10T04:23:01Z</time></trkpt>
<trkpt lat="33.0116821" lon="35.1720957"><ele>155.2</ele><time>2025-09-10T04:23:02Z</time></trkpt>
<trkpt lat="33.0116773" lon="35.1721255"><ele>155.2</ele><time>2025-09-10T04:23:03Z</time></trkpt>
<trkpt lat="33.0116726" lon="35.1721555"><ele>155.2</ele><time>2025-09-10T04:23:04Z</time></trkpt>
<trkpt lat="33.0116681" lon="35.1721861"><ele>155.2</ele><time>2025-09-10T04:23:05Z</time></trkpt>
<trkpt lat="33.0116636" lon="35.1722171"><ele>155.2</ele><time>2025-09-10T04:23:06Z</time></trkpt>
<trkpt lat="33.0116592" lon="35.1722484"><ele>155.2</ele><time>2025-09-10T04:23:07Z</time></trkpt>
<trkpt lat="33.011655" lon="35.1722797"><ele>155.2</ele><time>2025-09-10T04:23:08Z</time></trkpt>
<trkpt lat="33.011651" lon="35.1723109"><ele>155.2</ele><time>2025-09-10T04:23:09Z</time></trkpt>
<trkpt lat="33.0116474" lon="35.1723417"><ele>155.1</ele><time>2025-09-10T04:23:10Z</time></trkpt>
<trkpt lat="33.0116442" lon="35.1723717"><ele>155.1</ele><time>2025-09-10T04:23:11Z</time></trkpt>
<trkpt lat="33.0116413" lon="35.1724011"><ele>155.1</ele><time>2025-09-10T04:23:12Z</time></trkpt>
<trkpt lat="33.0116386" lon="35.1724303"><ele>155.1</ele><time>2025-09-10T04:23:13Z</time></trkpt>
<trkpt lat="33.0116361" lon="35.1724597"><ele>155.1</ele><time>2025-09-10T04:23:14Z</time></trkpt>
<trkpt lat="33.0116338" lon="35.1724894"><ele>155.1</ele><time>2025-09-10T04:23:15Z</time></trkpt>
<trkpt lat="33.0116321" lon="35.1725197"><ele>155.1</ele><time>2025-09-10T04:23:16Z</time></trkpt>
<trkpt lat="33.0116315" lon="35.1725507"><ele>155.2</ele><time>2025-09-10T04:23:17Z</time></trkpt>
<trkpt lat="33.0116318" lon="35.1725826"><ele>155.2</ele><time>2025-09-10T04:23:18Z</time></trkpt>
<trkpt lat="33.0116329" lon="35.1726154"><ele>155.2</ele><time>2025-09-10T04:23:19Z</time></trkpt>
<trkpt lat="33.0116343" lon="35.1726482"><ele>155.2</ele><time>2025-09-10T04:23:20Z</time></trkpt>
<trkpt lat="33.0116359" lon="35.1726801"><ele>155.3</ele><time>2025-09-10T04:23:21Z</time></trkpt>
<trkpt lat="33.0116375" lon="35.1727104"><ele>155.3</ele><time>2025-09-10T04:23:22Z</time></trkpt>
<trkpt lat="33.0116391" lon="35.172739"><ele>155.3</ele><time>2025-09-10T04:23:23Z</time></trkpt>
<trkpt lat="33.011641" lon="35.1727658"><ele>155.3</ele><time>2025-09-10T04:23:24Z</time></trkpt>
<trkpt lat="33.0116439" lon="35.1727911"><ele>155.3</ele><time>2025-09-10T04:23:25Z</time></trkpt>
<trkpt lat="33.0116484" lon="35.1728157"><ele>155.3</ele><time>2025-09-10T04:23:26Z</time></trkpt>
<trkpt lat="33.0116545" lon="35.1728401"><ele>155.3</ele><time>2025-09-10T04:23:27Z</time></trkpt>
<trkpt lat="33.0116626" lon="35.1728638"><ele>155.3</ele><time>2025-09-10T04:23:28Z</time></trkpt>
<trkpt lat="33.0116729" lon="35.1728862"><ele>155.2</ele><time>2025-09-10T04:23:29Z</time></trkpt>
<trkpt lat="33.0116862" lon="35.1729075"><ele>155.2</ele><time>2025-09-10T04:23:30Z</time></trkpt>
<trkpt lat="33.0117032" lon="35.1729274"><ele>155.0</ele><time>2025-09-10T04:23:31Z</time></trkpt>
<trkpt lat="33.0117254" lon="35.1729452"><ele>154.9</ele><time>2025-09-10T04:23:32Z</time></trkpt>
<trkpt lat="33.0117541" lon="35.1729592"><ele>154.7</ele><time>2025-09-10T04:23:33Z</time></trkpt>
<trkpt lat="33.0117905" lon="35.1729675"><ele>154.5</ele><time>2025-09-10T04:23:34Z</time></trkpt>
<trkpt lat="33.011835" lon="35.1729691"><ele>154.3</ele><time>2025-09-10T04:23:35Z</time></trkpt>
<trkpt lat="33.0118862" lon="35.1729639"><ele>154.0</ele><time>2025-09-10T04:23:36Z</time></trkpt>
<trkpt lat="33.0119415" lon="35.1729539"><ele>153.7</ele><time>2025-09-10T04:23:37Z</time></trkpt>
<trkpt lat="33.0119983" lon="35.1729415"><ele>153.3</ele><time>2025-09-10T04:23:38Z</time></trkpt>
<trkpt lat="33.0120546" lon="35.1729286"><ele>152.9</ele><time>2025-09-10T04:23:39Z</time></trkpt>
<trkpt lat="33.0121095" lon="35.1729156"><ele>152.4</ele><time>2025-09-10T04:23:40Z</time></trkpt>
<trkpt lat="33.0121635" lon="35.1729021"><ele>151.9</ele><time>2025-09-10T04:23:41Z</time></trkpt>
<trkpt lat="33.0122185" lon="35.1728876"><ele>151.4</ele><time>2025-09-10T04:23:42Z</time></trkpt>
<trkpt lat="33.0122763" lon="35.1728725"><ele>150.8</ele><time>2025-09-10T04:23:43Z</time></trkpt>
<trkpt lat="33.012338" lon="35.1728575"><ele>150.2</ele><time>2025-09-10T04:23:44Z</time></trkpt>
<trkpt lat="33.012403" lon="35.1728436"><ele>149.6</ele><time>2025-09-10T04:23:45Z</time></trkpt>
<trkpt lat="33.0124705" lon="35.1728309"><ele>149.0</ele><time>2025-09-10T04:23:46Z</time></trkpt>
<trkpt lat="33.0125398" lon="35.1728195"><ele>148.3</ele><time>2025-09-10T04:23:47Z</time></trkpt>
<trkpt lat="33.0126104" lon="35.1728099"><ele>147.7</ele><time>2025-09-10T04:23:48Z</time></trkpt>
<trkpt lat="33.0126816" lon="35.1728037"><ele>147.0</ele><time>2025-09-10T04:23:49Z</time></trkpt>
<trkpt lat="33.0127519" lon="35.1728031"><ele>146.3</ele><time>2025-09-10T04:23:50Z</time></trkpt>
<trkpt lat="33.012819" lon="35.1728097"><ele>145.7</ele><time>2025-09-10T04:23:51Z</time></trkpt>
<trkpt lat="33.01288" lon="35.1728226"><ele>145.0</ele><time>2025-09-10T04:23:52Z</time></trkpt>
<trkpt lat="33.0129334" lon="35.1728383"><ele>144.3</ele><time>2025-09-10T04:23:53Z</time></trkpt>
<trkpt lat="33.0129806" lon="35.1728524"><ele>143.6</ele><time>2025-09-10T04:23:54Z</time></trkpt>
<trkpt lat="33.0130251" lon="35.172862"><ele>142.9</ele><time>2025-09-10T04:23:55Z</time></trkpt>
<trkpt lat="33.0130706" lon="35.1728669"><ele>142.2</ele><time>2025-09-10T04:23:56Z</time></trkpt>
<trkpt lat="33.0131186" lon="35.1728665"><ele>141.6</ele><time>2025-09-10T04:23:57Z</time></trkpt>
<trkpt lat="33.0131699" lon="35.17286"><ele>140.9</ele><time>2025-09-10T04:23:58Z</time></trkpt>
<trkpt lat="33.0132258" lon="35.1728485"><ele>140.3</ele><time>2025-09-10T04:23:59Z</time></trkpt>
<trkpt lat="33.0132859" lon="35.1728349"><ele>139.7</ele><time>2025-09-10T04:24:00Z</time></trkpt>
<trkpt lat="33.013348" lon="35.1728233"><ele>139.1</ele><time>2025-09-10T04:24:01Z</time></trkpt>
<trkpt lat="33.0134106" lon="35.1728179"><ele>138.5</ele><time>2025-09-10T04:24:02Z</time></trkpt>
<trkpt lat="33.0134721" lon="35.1728235"><ele>138.0</ele><time>2025-09-10T04:24:03Z</time></trkpt>
<trkpt lat="33.0135299" lon="35.1728439"><ele>137.5</ele><time>2025-09-10T04:24:04Z</time></trkpt>
<trkpt lat="33.0135805" lon="35.1728813"><ele>137.0</ele><time>2025-09-10T04:24:05Z</time></trkpt>
<trkpt lat="33.0136204" lon="35.1729351"><ele>136.6</ele><time>2025-09-10T04:24:06Z</time></trkpt>
<trkpt lat="33.0136476" lon="35.1730007"><ele>136.2</ele><time>2025-09-10T04:24:07Z</time></trkpt>
<trkpt lat="33.0136628" lon="35.1730712"><ele>135.9</ele><time>2025-09-10T04:24:08Z</time></trkpt>
<trkpt lat="33.0136677" lon="35.1731401"><ele>135.6</ele><time>2025-09-10T04:24:09Z</time></trkpt>
<trkpt lat="33.0136647" lon="35.1732024"><ele>135.3</ele><time>2025-09-10T04:24:10Z</time></trkpt>
<trkpt lat="33.0136572" lon="35.1732556"><ele>135.1</ele><time>2025-09-10T04:24:11Z</time></trkpt>
<trkpt lat="33.0136476" lon="35.1732992"><ele>134.9</ele><time>2025-09-10T04:24:12Z</time></trkpt>
<trkpt lat="33.0136372" lon="35.1733342"><ele>134.7</ele><time>2025-09-10T04:24:13Z</time></trkpt>
<trkpt lat="33.013627" lon="35.1733626"><ele>134.6</ele><time>2025-09-10T04:24:14Z</time></trkpt>
<trkpt lat="33.0136173" lon="35.1733876"><ele>134.5</ele><time>2025-09-10T04:24:15Z</time></trkpt>
<trkpt lat="33.0136085" lon="35.1734117"><ele>134.4</ele><time>2025-09-10T04:24:16Z</time></trkpt>
<trkpt lat="33.0136012" lon="35.1734367"><ele>134.3</ele><time>2025-09-10T04:24:17Z</time></trkpt>
<trkpt lat="33.0135954" lon="35.173464"><ele>134.3</ele><time>2025-09-10T04:24:18Z</time></trkpt>
<trkpt lat="33.0135906" lon="35.1734949"><ele>134.3</ele><time>2025-09-10T04:24:19Z</time></trkpt>
<trkpt lat="33.0135857" lon="35.173529"><ele>134.4</ele><time>2025-09-10T04:24:20Z</time></trkpt>
<trkpt lat="33.01358" lon="35.1735647"><ele>134.4</ele><time>2025-09-10T04:24:21Z</time></trkpt>
<trkpt lat="33.0135737" lon="35.1735996"><ele>134.5</ele><time>2025-09-10T04:24:22Z</time></trkpt>
<trkpt lat="33.0135675" lon="35.173631"><ele>134.6</ele><time>2025-09-10T04:24:23Z</time></trkpt>
<trkpt lat="33.0135617" lon="35.1736585"><ele>134.7</ele><time>2025-09-10T04:24:24Z</time></trkpt>
<trkpt lat="33.0135565" lon="35.1736831"><ele>134.8</ele><time>2025-09-10T04:24:25Z</time></trkpt>
<trkpt lat="33.013552" lon="35.1737056"><ele>135.0</ele><time>2025-09-10T04:24:26Z</time></trkpt>
<trkpt lat="33.0135481" lon="35.1737267"><ele>135.1</ele><time>2025-09-10T04:24:27Z</time></trkpt>
<trkpt lat="33.0135443" lon="35.1737472"><ele>135.2</ele><time>2025-09-10T04:24:28Z</time></trkpt>
<trkpt lat="33.0135409" lon="35.1737678"><ele>135.4</ele><time>2025-09-10T04:24:29Z</time></trkpt>
<trkpt lat="33.0135385" lon="35.1737891"><ele>135.6</ele><time>2025-09-10T04:24:30Z</time></trkpt>
<trkpt lat="33.0135376" lon="35.1738111"><ele>135.7</ele><time>2025-09-10T04:24:31Z</time></trkpt>
<trkpt lat="33.0135379" lon="35.1738336"><ele>135.9</ele><time>2025-09-10T04:24:32Z</time></trkpt>
<trkpt lat="33.0135386" lon="35.1738561"><ele>136.1</ele><time>2025-09-10T04:24:33Z</time></trkpt>
<trkpt lat="33.0135388" lon="35.1738783"><ele>136.2</ele><time>2025-09-10T04:24:34Z</time></trkpt>
<trkpt lat="33.0135377" lon="35.1738999"><ele>136.4</ele><time>2025-09-10T04:24:35Z</time></trkpt>
<trkpt lat="33.0135349" lon="35.1739209"><ele>136.6</ele><time>2025-09-10T04:24:36Z</time></trkpt>
<trkpt lat="33.0135308" lon="35.1739413"><ele>136.8</ele><time>2025-09-10T04:24:37Z</time></trkpt>
<trkpt lat="33.0135259" lon="35.1739612"><ele>137.0</ele><time>2025-09-10T04:24:38Z</time></trkpt>
<trkpt lat="33.0135208" lon="35.1739807"><ele>137.1</ele><time>2025-09-10T04:24:39Z</time></trkpt>
<trkpt lat="33.0135159" lon="35.1739996"><ele>137.3</ele><time>2025-09-10T04:24:40Z</time></trkpt>
<trkpt lat="33.0135115" lon="35.174018"><ele>137.5</ele><time>2025-09-10T04:24:41Z</time></trkpt>
<trkpt lat="33.0135074" lon="35.1740361"><ele>137.7</ele><time>2025-09-10T04:24:42Z</time></trkpt>
<trkpt lat="33.0135038" lon="35.1740542"><ele>137.9</ele><time>2025-09-10T04:24:43Z</time></trkpt>
<trkpt lat="33.0135005" lon="35.1740722"><ele>138.0</ele><time>2025-09-10T04:24:44Z</time></trkpt>
<trkpt lat="33.0134974" lon="35.1740901"><ele>138.2</ele><time>2025-09-10T04:24:45Z</time></trkpt>
<trkpt lat="33.0134949" lon="35.1741078"><ele>138.4</ele><time>2025-09-10T04:24:46Z</time></trkpt>
<trkpt lat="33.0134929" lon="35.1741254"><ele>138.5</ele><time>2025-09-10T04:24:47Z</time></trkpt>
<trkpt lat="33.0134916" lon="35.1741428"><ele>138.7</ele><time>2025-09-10T04:24:48Z</time></trkpt>
<trkpt lat="33.0134903" lon="35.17416"><ele>138.8</ele><time>2025-09-10T04:24:49Z</time></trkpt>
<trkpt lat="33.0134887" lon="35.174177"><ele>139.0</ele><time>2025-09-10T04:24:50Z</time></trkpt>
<trkpt lat="33.0134864" lon="35.1741943"><ele>139.1</ele><time>2025-09-10T04:24:51Z</time></trkpt>
<trkpt lat="33.0134831" lon="35.1742117"><ele>139.3</ele><time>2025-09-10T04:24:52Z</time></trkpt>
<trkpt lat="33.013479" lon="35.1742291"><ele>139.5</ele><time>2025-09-10T04:24:53Z</time></trkpt>
<trkpt lat="33.0134743" lon="35.1742462"><ele>139.6</ele><time>2025-09-10T04:24:54Z</time></trkpt>
<trkpt lat="33.0134693" lon="35.1742632"><ele>139.8</ele><time>2025-09-10T04:24:55Z</time></trkpt>
<trkpt lat="33.0134642" lon="35.1742803"><ele>140.0</ele><time>2025-09-10T04:24:56Z</time></trkpt>
<trkpt lat="33.0134587" lon="35.1742979"><ele>140.1</ele><time>2025-09-10T04:24:57Z</time></trkpt>
<trkpt lat="33.0134529" lon="35.174316"><ele>140.3</ele><time>2025-09-10T04:24:58Z</time></trkpt>
<trkpt lat="33.0134469" lon="35.1743348"><ele>140.5</ele><time>2025-09-10T04:24:59Z</time></trkpt>
<trkpt lat="33.0134409" lon="35.1743542"><ele>140.7</ele><time>2025-09-10T04:25:00Z</time></trkpt>
<trkpt lat="33.0134352" lon="35.1743741"><ele>140.8</ele><time>2025-09-10T04:25:01Z</time></trkpt>
<trkpt lat="33.0134298" lon="35.174394"><ele>141.0</ele><time>2025-09-10T04:25:02Z</time></trkpt>
<trkpt lat="33.0134251" lon="35.1744133"><ele>141.2</ele><time>2025-09-10T04:25:03Z</time></trkpt>
<trkpt lat="33.0134214" lon="35.1744317"><ele>141.3</ele><time>2025-09-10T04:25:04Z</time></trkpt>
<trkpt lat="33.0134188" lon="35.1744489"><ele>141.5</ele><time>2025-09-10T04:25:05Z</time></trkpt>
<trkpt lat="33.0134176" lon="35.1744657"><ele>141.6</ele><time>2025-09-10T04:25:06Z</time></trkpt>
<trkpt lat="33.0134177" lon="35.1744831"><ele>141.7</ele><time>2025-09-10T04:25:07Z</time></trkpt>
<trkpt lat="33.0134186" lon="35.1745019"><ele>141.8</ele><time>2025-09-10T04:25:08Z</time></trkpt>
<trkpt lat="33.0134197" lon="35.1745217"><ele>142.0</ele><time>2025-09-10T04:25:09Z</time></trkpt>
<trkpt lat="33.0134211" lon="35.1745417"><ele>142.0</ele><time>2025-09-10T04:25:10Z</time></trkpt>
<trkpt lat="33.0134226" lon="35.1745613"><ele>142.1</ele><time>2025-09-10T04:25:11Z</time></trkpt>
<trkpt lat="33.0134239" lon="35.1745804"><ele>142.2</ele><time>2025-09-10T04:25:12Z</time></trkpt>
<trkpt lat="33.0134244" lon="35.1745992"><ele>142.2</ele><time>2025-09-10T04:25:13Z</time></trkpt>
<trkpt lat="33.0134231" lon="35.1746182"><ele>142.3</ele><time>2025-09-10T04:25:14Z</time></trkpt>
<trkpt lat="33.0134193" lon="35.1746378"><ele>142.3</ele><time>2025-09-10T04:25:15Z</time></trkpt>
<trkpt lat="33.0134129" lon="35.1746577"><ele>142.3</ele><time>2025-09-10T04:25:16Z</time></trkpt>
<trkpt lat="33.0134048" lon="35.1746778"><ele>142.3</ele><time>2025-09-10T04:25:17Z</time></trkpt>
<trkpt lat="33.0133957" lon="35.1746978"><ele>142.3</ele><time>2025-09-10T04:25:18Z</time></trkpt>
<trkpt lat="33.0133865" lon="35.1747177"><ele>142.3</ele><time>2025-09-10T04:25:19Z</time></trkpt>
<trkpt lat="33.0133777" lon="35.1747375"><ele>142.3</ele><time>2025-09-10T04:25:20Z</time></trkpt>
<trkpt lat="33.0133692" lon="35.1747574"><ele>142.3</ele><time>2025-09-10T04:25:21Z</time></trkpt>
<trkpt lat="33.0133613" lon="35.1747774"><ele>142.3</ele><time>2025-09-10T04:25:22Z</time></trkpt>
<trkpt lat="33.0133538" lon="35.1747973"><ele>142.3</ele><time>2025-09-10T04:25:23Z</time></trkpt>
<trkpt lat="33.0133467" lon="35.174817"><ele>142.4</ele><time>2025-09-10T04:25:24Z</time></trkpt>
<trkpt lat="33.0133399" lon="35.1748366"><ele>142.4</ele><time>2025-09-10T04:25:25Z</time></trkpt>
<trkpt lat="33.0133332" lon="35.1748559"><ele>142.4</ele><time>2025-09-10T04:25:26Z</time></trkpt>
<trkpt lat="33.0133265" lon="35.1748746"><ele>142.5</ele><time>2025-09-10T04:25:27Z</time></trkpt>
<trkpt lat="33.0133197" lon="35.1748929"><ele>142.5</ele><time>2025-09-10T04:25:28Z</time></trkpt>
<trkpt lat="33.0133129" lon="35.1749109"><ele>142.6</ele><time>2025-09-10T04:25:29Z</time></trkpt>
<trkpt lat="33.0133061" lon="35.1749288"><ele>142.7</ele><time>2025-09-10T04:25:30Z</time></trkpt>
<trkpt lat="33.0132993" lon="35.1749467"><ele>142.7</ele><time>2025-09-10T04:25:31Z</time></trkpt>
<trkpt lat="33.0132924" lon="35.1749645"><ele>142.8</ele><time>2025-09-10T04:25:32Z</time></trkpt>
<trkpt lat="33.0132854" lon="35.1749822"><ele>142.9</ele><time>2025-09-10T04:25:33Z</time></trkpt>
<trkpt lat="33.0132782" lon="35.175"><ele>143.1</ele><time>2025-09-10T04:25:34Z</time></trkpt>
<trkpt lat="33.0132705" lon="35.1750182"><ele>143.2</ele><time>2025-09-10T04:25:35Z</time></trkpt>
<trkpt lat="33.0132625" lon="35.1750367"><ele>143.3</ele><time>2025-09-10T04:25:36Z</time></trkpt>
<trkpt lat="33.0132544" lon="35.1750555"><ele>143.4</ele><time>2025-09-10T04:25:37Z</time></trkpt>
<trkpt lat="33.0132465" lon="35.1750742"><ele>143.6</ele><time>2025-09-10T04:25:38Z</time></trkpt>
<trkpt lat="33.013239" lon="35.1750928"><ele>143.7</ele><time>2025-09-10T04:25:39Z</time></trkpt>
<trkpt lat="33.0132318" lon="35.1751114"><ele>143.9</ele><time>2025-09-10T04:25:40Z</time></trkpt>
<trkpt lat="33.0132248" lon="35.1751301"><ele>144.0</ele><time>2025-09-10T04:25:41Z</time></trkpt>
<trkpt lat="33.0132179" lon="35.1751493"><ele>144.2</ele><time>2025-09-10T04:25:42Z</time></trkpt>
<trkpt lat="33.0132109" lon="35.1751688"><ele>144.3</ele><time>2025-09-10T04:25:43Z</time></trkpt>
<trkpt lat="33.0132035" lon="35.1751882"><ele>144.5</ele><time>2025-09-10T04:25:44Z</time></trkpt>
<trkpt lat="33.0131959" lon="35.1752075"><ele>144.7</ele><time>2025-09-10T04:25:45Z</time></trkpt>
<trkpt lat="33.0131882" lon="35.1752265"><ele>144.8</ele><time>2025-09-10T04:25:46Z</time></trkpt>
<trkpt lat="33.0131807" lon="35.1752453"><ele>145.0</ele><time>2025-09-10T04:25:47Z</time></trkpt>
<trkpt lat="33.0131735" lon="35.1752638"><ele>145.1</ele><time>2025-09-10T04:25:48Z</time></trkpt>
<trkpt lat="33.0131665" lon="35.1752822"><ele>145.3</ele><time>2025-09-10T04:25:49Z</time></trkpt>
<trkpt lat="33.0131592" lon="35.1753006"><ele>145.4</ele><time>2025-09-10T04:25:50Z</time></trkpt>
<trkpt lat="33.0131516" lon="35.1753191"><ele>145.6</ele><time>2025-09-10T04:25:51Z</time></trkpt>
<trkpt lat="33.0131436" lon="35.1753375"><ele>145.7</ele><time>2025-09-10T04:25:52Z</time></trkpt>
<trkpt lat="33.0131352" lon="35.1753555"><ele>145.8</ele><time>2025-09-10T04:25:53Z</time></trkpt>
<trkpt lat="33.0131269" lon="35.1753732"><ele>146.0</ele><time>2025-09-10T04:25:54Z</time></trkpt>
<trkpt lat="33.0131192" lon="35.1753905"><ele>146.1</ele><time>2025-09-10T04:25:55Z</time></trkpt>
<trkpt lat="33.0131123" lon="35.1754079"><ele>146.2</ele><time>2025-09-10T04:25:56Z</time></trkpt>
<trkpt lat="33.0131065" lon="35.1754253"><ele>146.3</ele><time>2025-09-10T04:25:57Z</time></trkpt>
<trkpt lat="33.0131012" lon="35.1754427"><ele>146.4</ele><time>2025-09-10T04:25:58Z</time></trkpt>
<trkpt lat="33.0130962" lon="35.1754601"><ele>146.5</ele><time>2025-09-10T04:25:59Z</time></trkpt>
<trkpt lat="33.0130911" lon="35.1754777"><ele>146.6</ele><time>2025-09-10T04:26:00Z</time></trkpt>
<trkpt lat="33.0130861" lon="35.1754956"><ele>146.6</ele><time>2025-09-10T04:26:01Z</time></trkpt>
<trkpt lat="33.0130812" lon="35.1755139"><ele>146.7</ele><time>2025-09-10T04:26:02Z</time></trkpt>
<trkpt lat="33.0130764" lon="35.1755325"><ele>146.8</ele><time>2025-09-10T04:26:03Z</time></trkpt>
<trkpt lat="33.0130717" lon="35.1755511"><ele>146.8</ele><time>2025-09-10T04:26:04Z</time></trkpt>
<trkpt lat="33.0130667" lon="35.1755696"><ele>146.9</ele><time>2025-09-10T04:26:05Z</time></trkpt>
<trkpt lat="33.0130614" lon="35.175588"><ele>147.0</ele><time>2025-09-10T04:26:06Z</time></trkpt>
<trkpt lat="33.0130558" lon="35.1756066"><ele>147.1</ele><time>2025-09-10T04:26:07Z</time></trkpt>
<trkpt lat="33.0130502" lon="35.1756251"><ele>147.1</ele><time>2025-09-10T04:26:08Z</time></trkpt>
<trkpt lat="33.0130447" lon="35.1756437"><ele>147.2</ele><time>2025-09-10T04:26:09Z</time></trkpt>
<trkpt lat="33.0130391" lon="35.1756626"><ele>147.3</ele><time>2025-09-10T04:26:10Z</time></trkpt>
<trkpt lat="33.0130337" lon="35.1756817"><ele>147.4</ele><time>2025-09-10T04:26:11Z</time></trkpt>
<trkpt lat="33.0130281" lon="35.1757008"><ele>147.5</ele><time>2025-09-10T04:26:12Z</time></trkpt>
<trkpt lat="33.0130222" lon="35.1757192"><ele>147.6</ele><time>2025-09-10T04:26:13Z</time></trkpt>
<trkpt lat="33.0130157" lon="35.1757365"><ele>147.7</ele><time>2025-09-10T04:26:14Z</time></trkpt>
<trkpt lat="33.0130085" lon="35.1757531"><ele>147.8</ele><time>2025-09-10T04:26:15Z</time></trkpt>
<trkpt lat="33.0130009" lon="35.1757698"><ele>147.9</ele><time>2025-09-10T04:26:16Z</time></trkpt>
<trkpt lat="33.0129933" lon="35.1757871"><ele>148.1</ele><time>2025-09-10T04:26:17Z</time></trkpt>
<trkpt lat="33.0129859" lon="35.1758054"><ele>148.2</ele><time>2025-09-10T04:26:18Z</time></trkpt>
<trkpt lat="33.0129786" lon="35.1758249"><ele>148.3</ele><time>2025-09-10T04:26:19Z</time></trkpt>
<trkpt lat="33.0129715" lon="35.1758452"><ele>148.5</ele><time>2025-09-10T04:26:20Z</time></trkpt>
<trkpt lat="33.0129646" lon="35.175866"><ele>148.6</ele><time>2025-09-10T04:26:21Z</time></trkpt>
<trkpt lat="33.012958" lon="35.1758867"><ele>148.8</ele><time>2025-09-10T04:26:22Z</time></trkpt>
<trkpt lat="33.0129517" lon="35.1759071"><ele>148.9</ele><time>2025-09-10T04:26:23Z</time></trkpt>
<trkpt lat="33.0129457" lon="35.1759269"><ele>149.1</ele><time>2025-09-10T04:26:24Z</time></trkpt>
<trkpt lat="33.0129402" lon="35.1759457"><ele>149.2</ele><time>2025-09-10T04:26:25Z</time></trkpt>
<trkpt lat="33.0129351" lon="35.1759636"><ele>149.4</ele><time>2025-09-10T04:26:26Z</time></trkpt>
<trkpt lat="33.0129301" lon="35.1759811"><ele>149.5</ele><time>2025-09-10T04:26:27Z</time></trkpt>
<trkpt lat="33.0129253" lon="35.1759986"><ele>149.7</ele><time>2025-09-10T04:26:28Z</time></trkpt>
<trkpt lat="33.0129205" lon="35.1760167"><ele>149.8</ele><time>2025-09-10T04:26:29Z</time></trkpt>
<trkpt lat="33.0129159" lon="35.1760353"><ele>149.9</ele><time>2025-09-10T04:26:30Z</time></trkpt>
<trkpt lat="33.0129115" lon="35.176054"><ele>150.1</ele><time>2025-09-10T04:26:31Z</time></trkpt>
<trkpt lat="33.0129072" lon="35.1760724"><ele>150.2</ele><time>2025-09-10T04:26:32Z</time></trkpt>
<trkpt lat="33.012903" lon="35.1760906"><ele>150.4</ele><time>2025-09-10T04:26:33Z</time></trkpt>
<trkpt lat="33.0128988" lon="35.176109"><ele>150.5</ele><time>2025-09-10T04:26:34Z</time></trkpt>
<trkpt lat="33.0128945" lon="35.1761279"><ele>150.6</ele><time>2025-09-10T04:26:35Z</time></trkpt>
<trkpt lat="33.0128902" lon="35.1761474"><ele>150.8</ele><time>2025-09-10T04:26:36Z</time></trkpt>
<trkpt lat="33.0128859" lon="35.1761672"><ele>150.9</ele><time>2025-09-10T04:26:37Z</time></trkpt>
<trkpt lat="33.0128815" lon="35.176187"><ele>151.0</ele><time>2025-09-10T04:26:38Z</time></trkpt>
<trkpt lat="33.0128769" lon="35.1762063"><ele>151.2</ele><time>2025-09-10T04:26:39Z</time></trkpt>
<trkpt lat="33.012872" lon="35.1762254"><ele>151.3</ele><time>2025-09-10T04:26:40Z</time></trkpt>
<trkpt lat="33.012867" lon="35.1762443"><ele>151.4</ele><time>2025-09-10T04:26:41Z</time></trkpt>
<trkpt lat="33.0128621" lon="35.1762631"><ele>151.6</ele><time>2025-09-10T04:26:42Z</time></trkpt>
<trkpt lat="33.012857" lon="35.1762819"><ele>151.7</ele><time>2025-09-10T04:26:43Z</time></trkpt>
<trkpt lat="33.0128516" lon="35.1763007"><ele>151.8</ele><time>2025-09-10T04:26:44Z</time></trkpt>
<trkpt lat="33.012846" lon="35.1763196"><ele>152.0</ele><time>2025-09-10T04:26:45Z</time></trkpt>
<trkpt lat="33.0128405" lon="35.1763389"><ele>152.1</ele><time>2025-09-10T04:26:46Z</time></trkpt>
<trkpt lat="33.0128351" lon="35.1763588"><ele>152.2</ele><time>2025-09-10T04:26:47Z</time></trkpt>
<trkpt lat="33.01283" lon="35.1763789"><ele>152.4</ele><time>2025-09-10T04:26:48Z</time></trkpt>
<trkpt lat="33.0128251" lon="35.176399"><ele>152.5</ele><time>2025-09-10T04:26:49Z</time></trkpt>
<trkpt lat="33.0128205" lon="35.176419"><ele>152.6</ele><time>2025-09-10T04:26:50Z</time></trkpt>
<trkpt lat="33.0128159" lon="35.1764388"><ele>152.8</ele><time>2025-09-10T04:26:51Z</time></trkpt>
<trkpt lat="33.0128115" lon="35.1764585"><ele>152.9</ele><time>2025-09-10T04:26:52Z</time></trkpt>
<trkpt lat="33.0128073" lon="35.1764782"><ele>153.0</ele><time>2025-09-10T04:26:53Z</time></trkpt>
<trkpt lat="33.0128031" lon="35.1764977"><ele>153.2</ele><time>2025-09-10T04:26:54Z</time></trkpt>
<trkpt lat="33.0127992" lon="35.176517"><ele>153.3</ele><time>2025-09-10T04:26:55Z</time></trkpt>
<trkpt lat="33.0127954" lon="35.1765362"><ele>153.4</ele><time>2025-09-10T04:26:56Z</time></trkpt>
<trkpt lat="33.0127916" lon="35.1765552"><ele>153.5</ele><time>2025-09-10T04:26:57Z</time></trkpt>
<trkpt lat="33.0127876" lon="35.1765741"><ele>153.6</ele><time>2025-09-10T04:26:58Z</time></trkpt>
<trkpt lat="33.0127833" lon="35.1765926"><ele>153.8</ele><time>2025-09-10T04:26:59Z</time></trkpt>
<trkpt lat="33.012779" lon="35.1766108"><ele>153.9</ele><time>2025-09-10T04:27:00Z</time></trkpt>
<trkpt lat="33.0127748" lon="35.1766286"><ele>154.0</ele><time>2025-09-10T04:27:01Z</time></trkpt>
<trkpt lat="33.0127708" lon="35.1766459"><ele>154.1</ele><time>2025-09-10T04:27:02Z</time></trkpt>
<trkpt lat="33.0127668" lon="35.1766631"><ele>154.2</ele><time>2025-09-10T04:27:03Z</time></trkpt>
<trkpt lat="33.0127628" lon="35.1766806"><ele>154.4</ele><time>2025-09-10T04:27:04Z</time></trkpt>
<trkpt lat="33.0127589" lon="35.1766989"><ele>154.5</ele><time>2025-09-10T04:27:05Z</time></trkpt>
<trkpt lat="33.0127551" lon="35.1767179"><ele>154.6</ele><time>2025-09-10T04:27:06Z</time></trkpt>
<trkpt lat="33.0127515" lon="35.1767376"><ele>154.7</ele><time>2025-09-10T04:27:07Z</time></trkpt>
<trkpt lat="33.0127484" lon="35.1767576"><ele>154.9</ele><time>2025-09-10T04:27:08Z</time></trkpt>
<trkpt lat="33.0127457" lon="35.1767776"><ele>155.0</ele><time>2025-09-10T04:27:09Z</time></trkpt>
<trkpt lat="33.0127435" lon="35.1767973"><ele>155.1</ele><time>2025-09-10T04:27:10Z</time></trkpt>
<trkpt lat="33.0127413" lon="35.1768165"><ele>155.3</ele><time>2025-09-10T04:27:11Z</time></trkpt>
<trkpt lat="33.012739" lon="35.1768353"><ele>155.4</ele><time>2025-09-10T04:27:12Z</time></trkpt>
<trkpt lat="33.0127364" lon="35.1768539"><ele>155.6</ele><time>2025-09-10T04:27:13Z</time></trkpt>
<trkpt lat="33.0127335" lon="35.1768723"><ele>155.7</ele><time>2025-09-10T04:27:14Z</time></trkpt>
<trkpt lat="33.0127304" lon="35.1768908"><ele>155.9</ele><time>2025-09-10T04:27:15Z</time></trkpt>
<trkpt lat="33.0127271" lon="35.1769093"><ele>156.1</ele><time>2025-09-10T04:27:16Z</time></trkpt>
<trkpt lat="33.0127235" lon="35.1769278"><ele>156.3</ele><time>2025-09-10T04:27:17Z</time></trkpt>
<trkpt lat="33.0127194" lon="35.1769464"><ele>156.4</ele><time>2025-09-10T04:27:18Z</time></trkpt>
<trkpt lat="33.012715" lon="35.1769654"><ele>156.6</ele><time>2025-09-10T04:27:19Z</time></trkpt>
<trkpt lat="33.0127102" lon="35.1769847"><ele>156.8</ele><time>2025-09-10T04:27:20Z</time></trkpt>
<trkpt lat="33.012705" lon="35.1770039"><ele>157.0</ele><time>2025-09-10T04:27:21Z</time></trkpt>
<trkpt lat="33.0126994" lon="35.1770229"><ele>157.2</ele><time>2025-09-10T04:27:22Z</time></trkpt>
<trkpt lat="33.0126932" lon="35.1770414"><ele>157.4</ele><time>2025-09-10T04:27:23Z</time></trkpt>
<trkpt lat="33.0126867" lon="35.1770595"><ele>157.6</ele><time>2025-09-10T04:27:24Z</time></trkpt>
<trkpt lat="33.0126803" lon="35.1770773"><ele>157.9</ele><time>2025-09-10T04:27:25Z</time></trkpt>
<trkpt lat="33.0126741" lon="35.177095"><ele>158.1</ele><time>2025-09-10T04:27:26Z</time></trkpt>
<trkpt lat="33.0126683" lon="35.1771129"><ele>158.3</ele><time>2025-09-10T04:27:27Z</time></trkpt>
<trkpt lat="33.0126629" lon="35.1771309"><ele>158.5</ele><time>2025-09-10T04:27:28Z</time></trkpt>
<trkpt lat="33.012658" lon="35.177149"><ele>158.8</ele><time>2025-09-10T04:27:29Z</time></trkpt>
<trkpt lat="33.0126533" lon="35.1771669"><ele>159.0</ele><time>2025-09-10T04:27:30Z</time></trkpt>
<trkpt lat="33.0126486" lon="35.1771844"><ele>159.3</ele><time>2025-09-10T04:27:31Z</time></trkpt>
<trkpt lat="33.0126441" lon="35.1772014"><ele>159.5</ele><time>2025-09-10T04:27:32Z</time></trkpt>
<trkpt lat="33.0126397" lon="35.1772183"><ele>159.7</ele><time>2025-09-10T04:27:33Z</time></trkpt>
<trkpt lat="33.0126354" lon="35.1772353"><ele>160.0</ele><time>2025-09-10T04:27:34Z</time></trkpt>
<trkpt lat="33.0126311" lon="35.1772526"><ele>160.2</ele><time>2025-09-10T04:27:35Z</time></trkpt>
<trkpt lat="33.0126265" lon="35.1772703"><ele>160.4</ele><time>2025-09-10T04:27:36Z</time></trkpt>
<trkpt lat="33.0126214" lon="35.1772884"><ele>160.7</ele><time>2025-09-10T04:27:37Z</time></trkpt>
<trkpt lat="33.012616" lon="35.1773071"><ele>160.9</ele><time>2025-09-10T04:27:38Z</time></trkpt>
<trkpt lat="33.0126104" lon="35.1773266"><ele>161.2</ele><time>2025-09-10T04:27:39Z</time></trkpt>
<trkpt lat="33.0126047" lon="35.1773469"><ele>161.4</ele><time>2025-09-10T04:27:40Z</time></trkpt>
<trkpt lat="33.0125991" lon="35.1773675"><ele>161.6</ele><time>2025-09-10T04:27:41Z</time></trkpt>
<trkpt lat="33.0125937" lon="35.1773879"><ele>161.8</ele><time>2025-09-10T04:27:42Z</time></trkpt>
<trkpt lat="33.0125888" lon="35.1774078"><ele>162.0</ele><time>2025-09-10T04:27:43Z</time></trkpt>
<trkpt lat="33.0125845" lon="35.1774266"><ele>162.3</ele><time>2025-09-10T04:27:44Z</time></trkpt>
<trkpt lat="33.0125808" lon="35.1774444"><ele>162.5</ele><time>2025-09-10T04:27:45Z</time></trkpt>
<trkpt lat="33.0125777" lon="35.1774614"><ele>162.6</ele><time>2025-09-10T04:27:46Z</time></trkpt>
<trkpt lat="33.012575" lon="35.1774782"><ele>162.8</ele><time>2025-09-10T04:27:47Z</time></trkpt>
<trkpt lat="33.0125725" lon="35.1774952"><ele>163.0</ele><time>2025-09-10T04:27:48Z</time></trkpt>
<trkpt lat="33.01257" lon="35.1775127"><ele>163.2</ele><time>2025-09-10T04:27:49Z</time></trkpt>
<trkpt lat="33.0125673" lon="35.1775308"><ele>163.3</ele><time>2025-09-10T04:27:50Z</time></trkpt>
<trkpt lat="33.0125642" lon="35.1775493"><ele>163.5</ele><time>2025-09-10T04:27:51Z</time></trkpt>
<trkpt lat="33.0125609" lon="35.177568"><ele>163.6</ele><time>2025-09-10T04:27:52Z</time></trkpt>
<trkpt lat="33.0125575" lon="35.1775864"><ele>163.7</ele><time>2025-09-10T04:27:53Z</time></trkpt>
<trkpt lat="33.0125542" lon="35.1776045"><ele>163.8</ele><time>2025-09-10T04:27:54Z</time></trkpt>
<trkpt lat="33.0125508" lon="35.1776222"><ele>163.9</ele><time>2025-09-10T04:27:55Z</time></trkpt>
<trkpt lat="33.0125472" lon="35.1776397"><ele>164.0</ele><time>2025-09-10T04:27:56Z</time></trkpt>
<trkpt lat="33.0125436" lon="35.1776571"><ele>164.0</ele><time>2025-09-10T04:27:57Z</time></trkpt>
<trkpt lat="33.0125399" lon="35.1776742"><ele>164.1</ele><time>2025-09-10T04:27:58Z</time></trkpt>
<trkpt lat="33.0125362" lon="35.1776909"><ele>164.1</ele><time>2025-09-10T04:27:59Z</time></trkpt>
<trkpt lat="33.0125326" lon="35.1777073"><ele>164.2</ele><time>2025-09-10T04:28:00Z</time></trkpt>
<trkpt lat="33.0125292" lon="35.1777238"><ele>164.2</ele><time>2025-09-10T04:28:01Z</time></trkpt>
<trkpt lat="33.0125259" lon="35.1777404"><ele>164.2</ele><time>2025-09-10T04:28:02Z</time></trkpt>
<trkpt lat="33.0125226" lon="35.1777574"><ele>164.2</ele><time>2025-09-10T04:28:03Z</time></trkpt>
<trkpt lat="33.0125195" lon="35.1777748"><ele>164.3</ele><time>2025-09-10T04:28:04Z</time></trkpt>
<trkpt lat="33.0125163" lon="35.1777925"><ele>164.3</ele><time>2025-09-10T04:28:05Z</time></trkpt>
<trkpt lat="33.0125132" lon="35.1778103"><ele>164.3</ele><time>2025-09-10T04:28:06Z</time></trkpt>
<trkpt lat="33.0125099" lon="35.177828"><ele>164.3</ele><time>2025-09-10T04:28:07Z</time></trkpt>
<trkpt lat="33.0125064" lon="35.1778458"><ele>164.4</ele><time>2025-09-10T04:28:08Z</time></trkpt>
<trkpt lat="33.0125023" lon="35.1778637"><ele>164.4</ele><time>2025-09-10T04:28:09Z</time></trkpt>
<trkpt lat="33.0124976" lon="35.1778818"><ele>164.5</ele><time>2025-09-10T04:28:10Z</time></trkpt>
<trkpt lat="33.0124924" lon="35.1778998"><ele>164.5</ele><time>2025-09-10T04:28:11Z</time></trkpt>
<trkpt lat="33.0124869" lon="35.1779172"><ele>164.5</ele><time>2025-09-10T04:28:12Z</time></trkpt>
<trkpt lat="33.0124794" lon="35.1779394"><ele>164.6</ele><time>2025-09-10T04:28:14Z</time></trkpt>
<trkpt lat="33.0124765" lon="35.1779477"><ele>164.7</ele><time>2025-09-10T04:28:15Z</time></trkpt>
<trkpt lat="33.0124732" lon="35.1779576"><ele>164.8</ele><time>2025-09-10T04:28:16Z</time></trkpt>
<trkpt lat="33.0124694" lon="35.1779699"><ele>164.8</ele><time>2025-09-10T04:28:17Z</time></trkpt>
<trkpt lat="33.0124648" lon="35.1779845"><ele>164.9</ele><time>2025-09-10T04:28:18Z</time></trkpt>
<trkpt lat="33.0124597" lon="35.1780007"><ele>165.0</ele><time>2025-09-10T04:28:19Z</time></trkpt>
<trkpt lat="33.0124539" lon="35.1780177"><ele>165.1</ele><time>2025-09-10T04:28:20Z</time></trkpt>
<trkpt lat="33.0124475" lon="35.178034"><ele>165.2</ele><time>2025-09-10T04:28:21Z</time></trkpt>
<trkpt lat="33.0124364" lon="35.1780665"><ele>165.3</ele><time>2025-09-10T04:28:22Z</time></trkpt>
<trkpt lat="33.0124312" lon="35.1780836"><ele>165.4</ele><time>2025-09-10T04:28:23Z</time></trkpt>
<trkpt lat="33.0124268" lon="35.1781015"><ele>165.5</ele><time>2025-09-10T04:28:24Z</time></trkpt>
<trkpt lat="33.0124224" lon="35.1781189"><ele>165.6</ele><time>2025-09-10T04:28:25Z</time></trkpt>
<trkpt lat="33.0124175" lon="35.1781361"><ele>165.7</ele><time>2025-09-10T04:28:26Z</time></trkpt>
<trkpt lat="33.0124127" lon="35.1781534"><ele>165.8</ele><time>2025-09-10T04:28:27Z</time></trkpt>
<trkpt lat="33.0124084" lon="35.1781706"><ele>165.9</ele><time>2025-09-10T04:28:28Z</time></trkpt>
<trkpt lat="33.0124049" lon="35.1781875"><ele>166.0</ele><time>2025-09-10T04:28:29Z</time></trkpt>
<trkpt lat="33.012401" lon="35.1782037"><ele>166.1</ele><time>2025-09-10T04:28:30Z</time></trkpt>
<trkpt lat="33.0123963" lon="35.1782193"><ele>166.3</ele><time>2025-09-10T04:28:31Z</time></trkpt>
<trkpt lat="33.0123922" lon="35.1782352"><ele>166.4</ele><time>2025-09-10T04:28:32Z</time></trkpt>
<trkpt lat="33.0123877" lon="35.1782521"><ele>166.5</ele><time>2025-09-10T04:28:33Z</time></trkpt>
<trkpt lat="33.0123822" lon="35.1782694"><ele>166.6</ele><time>2025-09-10T04:28:34Z</time></trkpt>
<trkpt lat="33.0123761" lon="35.1782865"><ele>166.8</ele><time>2025-09-10T04:28:35Z</time></trkpt>
<trkpt lat="33.0123701" lon="35.1783039"><ele>166.9</ele><time>2025-09-10T04:28:36Z</time></trkpt>
<trkpt lat="33.012366" lon="35.1783219"><ele>167.0</ele><time>2025-09-10T04:28:37Z</time></trkpt>
<trkpt lat="33.0123632" lon="35.1783403"><ele>167.2</ele><time>2025-09-10T04:28:38Z</time></trkpt>
<trkpt lat="33.0123609" lon="35.1783588"><ele>167.3</ele><time>2025-09-10T04:28:39Z</time></trkpt>
<trkpt lat="33.0123585" lon="35.1783773"><ele>167.4</ele><time>2025-09-10T04:28:40Z</time></trkpt>
<trkpt lat="33.0123554" lon="35.1783957"><ele>167.6</ele><time>2025-09-10T04:28:41Z</time></trkpt>
<trkpt lat="33.0123527" lon="35.1784141"><ele>167.7</ele><time>2025-09-10T04:28:42Z</time></trkpt>
<trkpt lat="33.0123505" lon="35.1784326"><ele>167.9</ele><time>2025-09-10T04:28:43Z</time></trkpt>
<trkpt lat="33.0123474" lon="35.1784507"><ele>168.0</ele><time>2025-09-10T04:28:44Z</time></trkpt>
<trkpt lat="33.0123435" lon="35.1784687"><ele>168.1</ele><time>2025-09-10T04:28:45Z</time></trkpt>
<trkpt lat="33.0123405" lon="35.1784885"><ele>168.3</ele><time>2025-09-10T04:28:46Z</time></trkpt>
<trkpt lat="33.0123386" lon="35.1785103"><ele>168.4</ele><time>2025-09-10T04:28:47Z</time></trkpt>
<trkpt lat="33.0123369" lon="35.1785318"><ele>168.5</ele><time>2025-09-10T04:28:48Z</time></trkpt>
<trkpt lat="33.0123349" lon="35.178552"><ele>168.7</ele><time>2025-09-10T04:28:49Z</time></trkpt>
<trkpt lat="33.0123323" lon="35.1785705"><ele>168.8</ele><time>2025-09-10T04:28:50Z</time></trkpt>
<trkpt lat="33.0123285" lon="35.1785876"><ele>168.9</ele><time>2025-09-10T04:28:51Z</time></trkpt>
<trkpt lat="33.0123238" lon="35.178604"><ele>169.0</ele><time>2025-09-10T04:28:52Z</time></trkpt>
<trkpt lat="33.0123188" lon="35.1786206"><ele>169.1</ele><time>2025-09-10T04:28:53Z</time></trkpt>
<trkpt lat="33.0123138" lon="35.1786379"><ele>169.2</ele><time>2025-09-10T04:28:54Z</time></trkpt>
<trkpt lat="33.0123089" lon="35.1786556"><ele>169.2</ele><time>2025-09-10T04:28:55Z</time></trkpt>
<trkpt lat="33.012304" lon="35.1786734"><ele>169.3</ele><time>2025-09-10T04:28:56Z</time></trkpt>
<trkpt lat="33.0122994" lon="35.1786915"><ele>169.3</ele><time>2025-09-10T04:28:57Z</time></trkpt>
<trkpt lat="33.0122951" lon="35.1787097"><ele>169.4</ele><time>2025-09-10T04:28:58Z</time></trkpt>
<trkpt lat="33.0122913" lon="35.1787278"><ele>169.4</ele><time>2025-09-10T04:28:59Z</time></trkpt>
<trkpt lat="33.012288" lon="35.1787454"><ele>169.4</ele><time>2025-09-10T04:29:00Z</time></trkpt>
<trkpt lat="33.0122854" lon="35.1787625"><ele>169.4</ele><time>2025-09-10T04:29:01Z</time></trkpt>
<trkpt lat="33.0122828" lon="35.1787795"><ele>169.4</ele><time>2025-09-10T04:29:02Z</time></trkpt>
<trkpt lat="33.0122799" lon="35.1787965"><ele>169.3</ele><time>2025-09-10T04:29:03Z</time></trkpt>
<trkpt lat="33.0122765" lon="35.178814"><ele>169.3</ele><time>2025-09-10T04:29:04Z</time></trkpt>
<trkpt lat="33.0122723" lon="35.1788316"><ele>169.3</ele><time>2025-09-10T04:29:05Z</time></trkpt>
<trkpt lat="33.0122677" lon="35.1788495"><ele>169.3</ele><time>2025-09-10T04:29:06Z</time></trkpt>
<trkpt lat="33.0122632" lon="35.1788676"><ele>169.3</ele><time>2025-09-10T04:29:07Z</time></trkpt>
<trkpt lat="33.0122592" lon="35.1788861"><ele>169.2</ele><time>2025-09-10T04:29:08Z</time></trkpt>
<trkpt lat="33.0122557" lon="35.1789054"><ele>169.2</ele><time>2025-09-10T04:29:09Z</time></trkpt>
<trkpt lat="33.0122529" lon="35.1789253"><ele>169.2</ele><time>2025-09-10T04:29:10Z</time></trkpt>
<trkpt lat="33.0122503" lon="35.1789454"><ele>169.3</ele><time>2025-09-10T04:29:11Z</time></trkpt>
<trkpt lat="33.012247" lon="35.1789652"><ele>169.3</ele><time>2025-09-10T04:29:12Z</time></trkpt>
<trkpt lat="33.0122433" lon="35.1789852"><ele>169.3</ele><time>2025-09-10T04:29:13Z</time></trkpt>
<trkpt lat="33.0122394" lon="35.1790058"><ele>169.4</ele><time>2025-09-10T04:29:14Z</time></trkpt>
<trkpt lat="33.0122351" lon="35.1790261"><ele>169.5</ele><time>2025-09-10T04:29:15Z</time></trkpt>
<trkpt lat="33.0122309" lon="35.1790453"><ele>169.6</ele><time>2025-09-10T04:29:16Z</time></trkpt>
<trkpt lat="33.0122269" lon="35.1790638"><ele>169.7</ele><time>2025-09-10T04:29:17Z</time></trkpt>
<trkpt lat="33.0122231" lon="35.1790821"><ele>169.8</ele><time>2025-09-10T04:29:18Z</time></trkpt>
<trkpt lat="33.0122191" lon="35.1791009"><ele>169.9</ele><time>2025-09-10T04:29:19Z</time></trkpt>
<trkpt lat="33.0122149" lon="35.1791205"><ele>170.0</ele><time>2025-09-10T04:29:20Z</time></trkpt>
<trkpt lat="33.0122109" lon="35.179141"><ele>170.1</ele><time>2025-09-10T04:29:21Z</time></trkpt>
<trkpt lat="33.0122071" lon="35.1791622"><ele>170.3</ele><time>2025-09-10T04:29:22Z</time></trkpt>
<trkpt lat="33.0122036" lon="35.179184"><ele>170.4</ele><time>2025-09-10T04:29:23Z</time></trkpt>
<trkpt lat="33.0122004" lon="35.1792064"><ele>170.5</ele><time>2025-09-10T04:29:24Z</time></trkpt>
<trkpt lat="33.0121971" lon="35.1792291"><ele>170.6</ele><time>2025-09-10T04:29:25Z</time></trkpt>
<trkpt lat="33.0121936" lon="35.1792517"><ele>170.8</ele><time>2025-09-10T04:29:26Z</time></trkpt>
<trkpt lat="33.0121901" lon="35.1792741"><ele>170.9</ele><time>2025-09-10T04:29:27Z</time></trkpt>
<trkpt lat="33.0121868" lon="35.1792959"><ele>171.0</ele><time>2025-09-10T04:29:28Z</time></trkpt>
<trkpt lat="33.0121831" lon="35.179317"><ele>171.1</ele><time>2025-09-10T04:29:29Z</time></trkpt>
<trkpt lat="33.0121788" lon="35.1793373"><ele>171.2</ele><time>2025-09-10T04:29:30Z</time></trkpt>
<trkpt lat="33.0121737" lon="35.1793571"><ele>171.3</ele><time>2025-09-10T04:29:31Z</time></trkpt>
<trkpt lat="33.0121683" lon="35.1793769"><ele>171.4</ele><time>2025-09-10T04:29:32Z</time></trkpt>
<trkpt lat="33.0121629" lon="35.1793969"><ele>171.5</ele><time>2025-09-10T04:29:33Z</time></trkpt>
<trkpt lat="33.0121575" lon="35.179417"><ele>171.6</ele><time>2025-09-10T04:29:34Z</time></trkpt>
<trkpt lat="33.0121527" lon="35.1794373"><ele>171.6</ele><time>2025-09-10T04:29:35Z</time></trkpt>
<trkpt lat="33.0121489" lon="35.179458"><ele>171.7</ele><time>2025-09-10T04:29:36Z</time></trkpt>
<trkpt lat="33.0121455" lon="35.1794788"><ele>171.8</ele><time>2025-09-10T04:29:37Z</time></trkpt>
<trkpt lat="33.0121422" lon="35.1794995"><ele>171.9</ele><time>2025-09-10T04:29:38Z</time></trkpt>
<trkpt lat="33.0121385" lon="35.1795201"><ele>172.0</ele><time>2025-09-10T04:29:39Z</time></trkpt>
<trkpt lat="33.0121348" lon="35.1795409"><ele>172.0</ele><time>2025-09-10T04:29:40Z</time></trkpt>
<trkpt lat="33.0121312" lon="35.179562"><ele>172.1</ele><time>2025-09-10T04:29:41Z</time></trkpt>
<trkpt lat="33.012128" lon="35.1795828"><ele>172.2</ele><time>2025-09-10T04:29:42Z</time></trkpt>
<trkpt lat="33.0121246" lon="35.1796111"><ele>172.3</ele><time>2025-09-10T04:29:44Z</time></trkpt>
<trkpt lat="33.0121229" lon="35.1796217"><ele>172.4</ele><time>2025-09-10T04:29:45Z</time></trkpt>
<trkpt lat="33.0121206" lon="35.1796332"><ele>172.5</ele><time>2025-09-10T04:29:46Z</time></trkpt>
<trkpt lat="33.0121183" lon="35.1796464"><ele>172.6</ele><time>2025-09-10T04:29:47Z</time></trkpt>
<trkpt lat="33.0121159" lon="35.1796629"><ele>172.6</ele><time>2025-09-10T04:29:48Z</time></trkpt>
<trkpt lat="33.0121129" lon="35.1796825"><ele>172.7</ele><time>2025-09-10T04:29:49Z</time></trkpt>
<trkpt lat="33.01211" lon="35.1797032"><ele>172.8</ele><time>2025-09-10T04:29:50Z</time></trkpt>
<trkpt lat="33.0121077" lon="35.1797238"><ele>172.9</ele><time>2025-09-10T04:29:51Z</time></trkpt>
<trkpt lat="33.012102" lon="35.1797635"><ele>173.1</ele><time>2025-09-10T04:29:52Z</time></trkpt>
<trkpt lat="33.0120966" lon="35.1797833"><ele>173.2</ele><time>2025-09-10T04:29:53Z</time></trkpt>
<trkpt lat="33.0120925" lon="35.1798037"><ele>173.3</ele><time>2025-09-10T04:29:54Z</time></trkpt>
<trkpt lat="33.0120889" lon="35.1798241"><ele>173.3</ele><time>2025-09-10T04:29:55Z</time></trkpt>
<trkpt lat="33.0120857" lon="35.1798445"><ele>173.4</ele><time>2025-09-10T04:29:56Z</time></trkpt>
<trkpt lat="33.0120826" lon="35.1798647"><ele>173.5</ele><time>2025-09-10T04:29:57Z</time></trkpt>
<trkpt lat="33.0120795" lon="35.1798848"><ele>173.6</ele><time>2025-09-10T04:29:58Z</time></trkpt>
<trkpt lat="33.0120762" lon="35.179905"><ele>173.7</ele><time>2025-09-10T04:29:59Z</time></trkpt>
<trkpt lat="33.0120735" lon="35.1799258"><ele>173.8</ele><time>2025-09-10T04:30:00Z</time></trkpt>
<trkpt lat="33.0120718" lon="35.1799469"><ele>173.9</ele><time>2025-09-10T04:30:01Z</time></trkpt>
<trkpt lat="33.0120702" lon="35.1799687"><ele>174.0</ele><time>2025-09-10T04:30:02Z</time></trkpt>
<trkpt lat="33.0120679" lon="35.1799908"><ele>174.1</ele><time>2025-09-10T04:30:03Z</time></trkpt>
<trkpt lat="33.0120637" lon="35.1800127"><ele>174.2</ele><time>2025-09-10T04:30:04Z</time></trkpt>
<trkpt lat="33.0120591" lon="35.1800351"><ele>174.4</ele><time>2025-09-10T04:30:05Z</time></trkpt>
<trkpt lat="33.0120561" lon="35.1800576"><ele>174.5</ele><time>2025-09-10T04:30:06Z</time></trkpt>
<trkpt lat="33.0120538" lon="35.1800797"><ele>174.6</ele><time>2025-09-10T04:30:07Z</time></trkpt>
<trkpt lat="33.0120511" lon="35.1801018"><ele>174.7</ele><time>2025-09-10T04:30:08Z</time></trkpt>
<trkpt lat="33.0120477" lon="35.180125"><ele>174.8</ele><time>2025-09-10T04:30:09Z</time></trkpt>
<trkpt lat="33.0120444" lon="35.1801494"><ele>174.9</ele><time>2025-09-10T04:30:10Z</time></trkpt>
<trkpt lat="33.0120422" lon="35.1801743"><ele>175.0</ele><time>2025-09-10T04:30:11Z</time></trkpt>
<trkpt lat="33.0120408" lon="35.1801993"><ele>175.1</ele><time>2025-09-10T04:30:12Z</time></trkpt>
<trkpt lat="33.0120397" lon="35.1802236"><ele>175.2</ele><time>2025-09-10T04:30:13Z</time></trkpt>
<trkpt lat="33.0120389" lon="35.1802476"><ele>175.3</ele><time>2025-09-10T04:30:14Z</time></trkpt>
<trkpt lat="33.0120378" lon="35.180272"><ele>175.4</ele><time>2025-09-10T04:30:15Z</time></trkpt>
<trkpt lat="33.0120381" lon="35.1802979"><ele>175.5</ele><time>2025-09-10T04:30:16Z</time></trkpt>
<trkpt lat="33.0120399" lon="35.1803248"><ele>175.6</ele><time>2025-09-10T04:30:17Z</time></trkpt>
<trkpt lat="33.0120413" lon="35.180351"><ele>175.7</ele><time>2025-09-10T04:30:18Z</time></trkpt>
<trkpt lat="33.0120412" lon="35.1803764"><ele>175.8</ele><time>2025-09-10T04:30:19Z</time></trkpt>
<trkpt lat="33.0120401" lon="35.1804016"><ele>175.9</ele><time>2025-09-10T04:30:20Z</time></trkpt>
<trkpt lat="33.0120388" lon="35.1804267"><ele>175.9</ele><time>2025-09-10T04:30:21Z</time></trkpt>
<trkpt lat="33.0120373" lon="35.1804516"><ele>176.0</ele><time>2025-09-10T04:30:22Z</time></trkpt>
<trkpt lat="33.0120353" lon="35.1804759"><ele>176.1</ele><time>2025-09-10T04:30:23Z</time></trkpt>
<trkpt lat="33.0120322" lon="35.1804997"><ele>176.1</ele><time>2025-09-10T04:30:24Z</time></trkpt>
<trkpt lat="33.0120279" lon="35.1805233"><ele>176.2</ele><time>2025-09-10T04:30:25Z</time></trkpt>
<trkpt lat="33.0120232" lon="35.1805467"><ele>176.2</ele><time>2025-09-10T04:30:26Z</time></trkpt>
<trkpt lat="33.0120182" lon="35.1805702"><ele>176.3</ele><time>2025-09-10T04:30:27Z</time></trkpt>
<trkpt lat="33.0120138" lon="35.1805943"><ele>176.3</ele><time>2025-09-10T04:30:28Z</time></trkpt>
<trkpt lat="33.0120106" lon="35.180619"><ele>176.4</ele><time>2025-09-10T04:30:29Z</time></trkpt>
<trkpt lat="33.0120082" lon="35.1806441"><ele>176.4</ele><time>2025-09-10T04:30:30Z</time></trkpt>
<trkpt lat="33.0120058" lon="35.1806692"><ele>176.4</ele><time>2025-09-10T04:30:31Z</time></trkpt>
<trkpt lat="33.0120034" lon="35.1806945"><ele>176.5</ele><time>2025-09-10T04:30:32Z</time></trkpt>
<trkpt lat="33.0120013" lon="35.1807201"><ele>176.5</ele><time>2025-09-10T04:30:33Z</time></trkpt>
<trkpt lat="33.0119996" lon="35.1807455"><ele>176.5</ele><time>2025-09-10T04:30:34Z</time></trkpt>
<trkpt lat="33.0119981" lon="35.1807702"><ele>176.6</ele><time>2025-09-10T04:30:35Z</time></trkpt>
<trkpt lat="33.0119964" lon="35.180795"><ele>176.6</ele><time>2025-09-10T04:30:36Z</time></trkpt>
<trkpt lat="33.0119943" lon="35.1808201"><ele>176.7</ele><time>2025-09-10T04:30:37Z</time></trkpt>
<trkpt lat="33.0119925" lon="35.1808457"><ele>176.7</ele><time>2025-09-10T04:30:38Z</time></trkpt>
<trkpt lat="33.0119905" lon="35.1808719"><ele>176.8</ele><time>2025-09-10T04:30:39Z</time></trkpt>
<trkpt lat="33.0119886" lon="35.1808978"><ele>176.9</ele><time>2025-09-10T04:30:40Z</time></trkpt>
<trkpt lat="33.0119871" lon="35.1809234"><ele>176.9</ele><time>2025-09-10T04:30:41Z</time></trkpt>
<trkpt lat="33.0119859" lon="35.1809493"><ele>177.0</ele><time>2025-09-10T04:30:42Z</time></trkpt>
<trkpt lat="33.011985" lon="35.1809754"><ele>177.1</ele><time>2025-09-10T04:30:43Z</time></trkpt>
<trkpt lat="33.0119851" lon="35.1810016"><ele>177.2</ele><time>2025-09-10T04:30:44Z</time></trkpt>
<trkpt lat="33.0119854" lon="35.1810276"><ele>177.3</ele><time>2025-09-10T04:30:45Z</time></trkpt>
<trkpt lat="33.0119853" lon="35.1810536"><ele>177.4</ele><time>2025-09-10T04:30:46Z</time></trkpt>
<trkpt lat="33.0119848" lon="35.1810795"><ele>177.5</ele><time>2025-09-10T04:30:47Z</time></trkpt>
<trkpt lat="33.0119836" lon="35.1811052"><ele>177.6</ele><time>2025-09-10T04:30:48Z</time></trkpt>
<trkpt lat="33.011982" lon="35.1811305"><ele>177.7</ele><time>2025-09-10T04:30:49Z</time></trkpt>
<trkpt lat="33.0119806" lon="35.1811553"><ele>177.8</ele><time>2025-09-10T04:30:50Z</time></trkpt>
<trkpt lat="33.0119794" lon="35.1811801"><ele>177.8</ele><time>2025-09-10T04:30:51Z</time></trkpt>
<trkpt lat="33.0119788" lon="35.181205"><ele>177.9</ele><time>2025-09-10T04:30:52Z</time></trkpt>
<trkpt lat="33.0119785" lon="35.1812302"><ele>178.0</ele><time>2025-09-10T04:30:53Z</time></trkpt>
<trkpt lat="33.0119784" lon="35.1812556"><ele>178.1</ele><time>2025-09-10T04:30:54Z</time></trkpt>
<trkpt lat="33.0119777" lon="35.1812811"><ele>178.1</ele><time>2025-09-10T04:30:55Z</time></trkpt>
<trkpt lat="33.011976" lon="35.1813065"><ele>178.2</ele><time>2025-09-10T04:30:56Z</time></trkpt>
<trkpt lat="33.0119734" lon="35.1813315"><ele>178.2</ele><time>2025-09-10T04:30:57Z</time></trkpt>
<trkpt lat="33.0119701" lon="35.181356"><ele>178.2</ele><time>2025-09-10T04:30:58Z</time></trkpt>
<trkpt lat="33.011966" lon="35.1813807"><ele>178.3</ele><time>2025-09-10T04:30:59Z</time></trkpt>
<trkpt lat="33.0119611" lon="35.1814058"><ele>178.3</ele><time>2025-09-10T04:31:00Z</time></trkpt>
<trkpt lat="33.0119561" lon="35.1814314"><ele>178.3</ele><time>2025-09-10T04:31:01Z</time></trkpt>
<trkpt lat="33.0119513" lon="35.1814572"><ele>178.4</ele><time>2025-09-10T04:31:02Z</time></trkpt>
<trkpt lat="33.0119465" lon="35.1814829"><ele>178.4</ele><time>2025-09-10T04:31:03Z</time></trkpt>
<trkpt lat="33.0119415" lon="35.1815087"><ele>178.4</ele><time>2025-09-10T04:31:04Z</time></trkpt>
<trkpt lat="33.0119366" lon="35.1815348"><ele>178.4</ele><time>2025-09-10T04:31:05Z</time></trkpt>
<trkpt lat="33.0119314" lon="35.1815609"><ele>178.5</ele><time>2025-09-10T04:31:06Z</time></trkpt>
<trkpt lat="33.0119258" lon="35.1815868"><ele>178.5</ele><time>2025-09-10T04:31:07Z</time></trkpt>
<trkpt lat="33.01192" lon="35.1816122"><ele>178.5</ele><time>2025-09-10T04:31:08Z</time></trkpt>
<trkpt lat="33.0119141" lon="35.1816371"><ele>178.5</ele><time>2025-09-10T04:31:09Z</time></trkpt>
<trkpt lat="33.011908" lon="35.1816618"><ele>178.6</ele><time>2025-09-10T04:31:10Z</time></trkpt>
<trkpt lat="33.0119011" lon="35.1816866"><ele>178.6</ele><time>2025-09-10T04:31:11Z</time></trkpt>
<trkpt lat="33.0118937" lon="35.1817113"><ele>178.6</ele><time>2025-09-10T04:31:12Z</time></trkpt>
<trkpt lat="33.0118861" lon="35.1817357"><ele>178.7</ele><time>2025-09-10T04:31:13Z</time></trkpt>
<trkpt lat="33.0118779" lon="35.18176"><ele>178.7</ele><time>2025-09-10T04:31:14Z</time></trkpt>
<trkpt lat="33.0118686" lon="35.1817837"><ele>178.8</ele><time>2025-09-10T04:31:15Z</time></trkpt>
<trkpt lat="33.0118591" lon="35.1818066"><ele>178.8</ele><time>2025-09-10T04:31:16Z</time></trkpt>
<trkpt lat="33.0118496" lon="35.1818291"><ele>178.9</ele><time>2025-09-10T04:31:17Z</time></trkpt>
<trkpt lat="33.0118397" lon="35.1818516"><ele>179.0</ele><time>2025-09-10T04:31:18Z</time></trkpt>
<trkpt lat="33.0118297" lon="35.1818737"><ele>179.0</ele><time>2025-09-10T04:31:19Z</time></trkpt>
<trkpt lat="33.01182" lon="35.1818959"><ele>179.1</ele><time>2025-09-10T04:31:20Z</time></trkpt>
<trkpt lat="33.0118106" lon="35.1819184"><ele>179.2</ele><time>2025-09-10T04:31:21Z</time></trkpt>
<trkpt lat="33.0118012" lon="35.1819411"><ele>179.3</ele><time>2025-09-10T04:31:22Z</time></trkpt>
<trkpt lat="33.0117916" lon="35.1819634"><ele>179.4</ele><time>2025-09-10T04:31:23Z</time></trkpt>
<trkpt lat="33.0117816" lon="35.1819849"><ele>179.5</ele><time>2025-09-10T04:31:24Z</time></trkpt>
<trkpt lat="33.0117713" lon="35.1820059"><ele>179.6</ele><time>2025-09-10T04:31:25Z</time></trkpt>
<trkpt lat="33.011761" lon="35.1820268"><ele>179.7</ele><time>2025-09-10T04:31:26Z</time></trkpt>
<trkpt lat="33.0117509" lon="35.1820468"><ele>179.9</ele><time>2025-09-10T04:31:27Z</time></trkpt>
<trkpt lat="33.0117413" lon="35.1820656"><ele>180.0</ele><time>2025-09-10T04:31:28Z</time></trkpt>
<trkpt lat="33.0117326" lon="35.1820835"><ele>180.1</ele><time>2025-09-10T04:31:29Z</time></trkpt>
<trkpt lat="33.0117244" lon="35.1821015"><ele>180.3</ele><time>2025-09-10T04:31:30Z</time></trkpt>
<trkpt lat="33.0117164" lon="35.1821199"><ele>180.4</ele><time>2025-09-10T04:31:31Z</time></trkpt>
<trkpt lat="33.0117083" lon="35.1821384"><ele>180.5</ele><time>2025-09-10T04:31:32Z</time></trkpt>
<trkpt lat="33.0116999" lon="35.1821565"><ele>180.7</ele><time>2025-09-10T04:31:33Z</time></trkpt>
<trkpt lat="33.0116914" lon="35.1821742"><ele>180.8</ele><time>2025-09-10T04:31:34Z</time></trkpt>
<trkpt lat="33.0116828" lon="35.1821919"><ele>180.9</ele><time>2025-09-10T04:31:35Z</time></trkpt>
<trkpt lat="33.0116734" lon="35.1822098"><ele>181.1</ele><time>2025-09-10T04:31:36Z</time></trkpt>
<trkpt lat="33.0116633" lon="35.1822279"><ele>181.2</ele><time>2025-09-10T04:31:37Z</time></trkpt>
<trkpt lat="33.0116532" lon="35.1822459"><ele>181.4</ele><time>2025-09-10T04:31:38Z</time></trkpt>
<trkpt lat="33.0116436" lon="35.1822639"><ele>181.5</ele><time>2025-09-10T04:31:39Z</time></trkpt>
<trkpt lat="33.0116339" lon="35.1822815"><ele>181.6</ele><time>2025-09-10T04:31:40Z</time></trkpt>
<trkpt lat="33.0116237" lon="35.1822987"><ele>181.7</ele><time>2025-09-10T04:31:41Z</time></trkpt>
<trkpt lat="33.0116129" lon="35.1823151"><ele>181.9</ele><time>2025-09-10T04:31:42Z</time></trkpt>
<trkpt lat="33.0115978" lon="35.1823371"><ele>182.1</ele><time>2025-09-10T04:31:44Z</time></trkpt>
<trkpt lat="33.0115927" lon="35.1823469"><ele>182.2</ele><time>2025-09-10T04:31:45Z</time></trkpt>
<trkpt lat="33.0115875" lon="35.1823587"><ele>182.3</ele><time>2025-09-10T04:31:46Z</time></trkpt>
<trkpt lat="33.011581" lon="35.1823727"><ele>182.4</ele><time>2025-09-10T04:31:47Z</time></trkpt>
<trkpt lat="33.0115725" lon="35.182389"><ele>182.5</ele><time>2025-09-10T04:31:48Z</time></trkpt>
<trkpt lat="33.0115624" lon="35.1824071"><ele>182.6</ele><time>2025-09-10T04:31:49Z</time></trkpt>
<trkpt lat="33.0115518" lon="35.1824263"><ele>182.7</ele><time>2025-09-10T04:31:50Z</time></trkpt>
<trkpt lat="33.011541" lon="35.1824456"><ele>182.8</ele><time>2025-09-10T04:31:51Z</time></trkpt>
<trkpt lat="33.0115181" lon="35.1824817"><ele>183.0</ele><time>2025-09-10T04:31:52Z</time></trkpt>
<trkpt lat="33.0115076" lon="35.1824998"><ele>183.1</ele><time>2025-09-10T04:31:53Z</time></trkpt>
<trkpt lat="33.0114981" lon="35.1825182"><ele>183.2</ele><time>2025-09-10T04:31:54Z</time></trkpt>
<trkpt lat="33.0114889" lon="35.1825364"><ele>183.3</ele><time>2025-09-10T04:31:55Z</time></trkpt>
<trkpt lat="33.01148" lon="35.1825551"><ele>183.4</ele><time>2025-09-10T04:31:56Z</time></trkpt>
<trkpt lat="33.011471" lon="35.182574"><ele>183.5</ele><time>2025-09-10T04:31:57Z</time></trkpt>
<trkpt lat="33.0114615" lon="35.1825931"><ele>183.6</ele><time>2025-09-10T04:31:58Z</time></trkpt>
<trkpt lat="33.0114517" lon="35.1826127"><ele>183.7</ele><time>2025-09-10T04:31:59Z</time></trkpt>
<trkpt lat="33.0114423" lon="35.182633"><ele>183.8</ele><time>2025-09-10T04:32:00Z</time></trkpt>
<trkpt lat="33.0114335" lon="35.1826533"><ele>183.9</ele><time>2025-09-10T04:32:01Z</time></trkpt>
<trkpt lat="33.0114247" lon="35.1826738"><ele>184.0</ele><time>2025-09-10T04:32:02Z</time></trkpt>
<trkpt lat="33.0114149" lon="35.1826944"><ele>184.1</ele><time>2025-09-10T04:32:03Z</time></trkpt>
<trkpt lat="33.0114047" lon="35.1827149"><ele>184.2</ele><time>2025-09-10T04:32:04Z</time></trkpt>
<trkpt lat="33.0113944" lon="35.1827359"><ele>184.3</ele><time>2025-09-10T04:32:05Z</time></trkpt>
<trkpt lat="33.0113839" lon="35.1827568"><ele>184.4</ele><time>2025-09-10T04:32:06Z</time></trkpt>
<trkpt lat="33.0113732" lon="35.1827779"><ele>184.5</ele><time>2025-09-10T04:32:07Z</time></trkpt>
<trkpt lat="33.0113621" lon="35.1827992"><ele>184.6</ele><time>2025-09-10T04:32:08Z</time></trkpt>
<trkpt lat="33.0113498" lon="35.1828217"><ele>184.8</ele><time>2025-09-10T04:32:09Z</time></trkpt>
<trkpt lat="33.0113373" lon="35.1828458"><ele>184.8</ele><time>2025-09-10T04:32:10Z</time></trkpt>
<trkpt lat="33.0113265" lon="35.1828709"><ele>184.9</ele><time>2025-09-10T04:32:11Z</time></trkpt>
<trkpt lat="33.0113163" lon="35.1828963"><ele>185.0</ele><time>2025-09-10T04:32:12Z</time></trkpt>
<trkpt lat="33.0113054" lon="35.182921"><ele>185.1</ele><time>2025-09-10T04:32:13Z</time></trkpt>
<trkpt lat="33.0112937" lon="35.1829458"><ele>185.2</ele><time>2025-09-10T04:32:14Z</time></trkpt>
<trkpt lat="33.0112812" lon="35.1829724"><ele>185.3</ele><time>2025-09-10T04:32:15Z</time></trkpt>
<trkpt lat="33.0112674" lon="35.1830026"><ele>185.4</ele><time>2025-09-10T04:32:16Z</time></trkpt>
<trkpt lat="33.0112527" lon="35.1830356"><ele>185.4</ele><time>2025-09-10T04:32:17Z</time></trkpt>
<trkpt lat="33.0112376" lon="35.1830688"><ele>185.5</ele><time>2025-09-10T04:32:18Z</time></trkpt>
<trkpt lat="33.0112227" lon="35.1831011"><ele>185.5</ele><time>2025-09-10T04:32:19Z</time></trkpt>
<trkpt lat="33.0112089" lon="35.1831312"><ele>185.5</ele><time>2025-09-10T04:32:20Z</time></trkpt>
<trkpt lat="33.011196" lon="35.1831595"><ele>185.6</ele><time>2025-09-10T04:32:21Z</time></trkpt>
<trkpt lat="33.0111832" lon="35.1831862"><ele>185.6</ele><time>2025-09-10T04:32:22Z</time></trkpt>
<trkpt lat="33.01117" lon="35.1832119"><ele>185.6</ele><time>2025-09-10T04:32:23Z</time></trkpt>
<trkpt lat="33.0111563" lon="35.1832374"><ele>185.6</ele><time>2025-09-10T04:32:24Z</time></trkpt>
<trkpt lat="33.0111418" lon="35.1832628"><ele>185.6</ele><time>2025-09-10T04:32:25Z</time></trkpt>
<trkpt lat="33.0111271" lon="35.1832883"><ele>185.6</ele><time>2025-09-10T04:32:26Z</time></trkpt>
<trkpt lat="33.0111124" lon="35.1833143"><ele>185.6</ele><time>2025-09-10T04:32:27Z</time></trkpt>
<trkpt lat="33.0110978" lon="35.1833405"><ele>185.6</ele><time>2025-09-10T04:32:28Z</time></trkpt>
<trkpt lat="33.0110829" lon="35.1833663"><ele>185.5</ele><time>2025-09-10T04:32:29Z</time></trkpt>
<trkpt lat="33.0110674" lon="35.1833914"><ele>185.5</ele><time>2025-09-10T04:32:30Z</time></trkpt>
<trkpt lat="33.0110514" lon="35.1834158"><ele>185.5</ele><time>2025-09-10T04:32:31Z</time></trkpt>
<trkpt lat="33.0110356" lon="35.1834394"><ele>185.5</ele><time>2025-09-10T04:32:32Z</time></trkpt>
<trkpt lat="33.0110204" lon="35.1834626"><ele>185.5</ele><time>2025-09-10T04:32:33Z</time></trkpt>
<trkpt lat="33.0110061" lon="35.1834859"><ele>185.5</ele><time>2025-09-10T04:32:34Z</time></trkpt>
<trkpt lat="33.0109922" lon="35.1835095"><ele>185.5</ele><time>2025-09-10T04:32:35Z</time></trkpt>
<trkpt lat="33.0109783" lon="35.183534"><ele>185.6</ele><time>2025-09-10T04:32:36Z</time></trkpt>
<trkpt lat="33.0109638" lon="35.1835598"><ele>185.6</ele><time>2025-09-10T04:32:37Z</time></trkpt>
<trkpt lat="33.010948" lon="35.1835865"><ele>185.6</ele><time>2025-09-10T04:32:38Z</time></trkpt>
<trkpt lat="33.0109314" lon="35.1836134"><ele>185.7</ele><time>2025-09-10T04:32:39Z</time></trkpt>
<trkpt lat="33.0109147" lon="35.1836397"><ele>185.7</ele><time>2025-09-10T04:32:40Z</time></trkpt>
<trkpt lat="33.0108983" lon="35.1836654"><ele>185.8</ele><time>2025-09-10T04:32:41Z</time></trkpt>
<trkpt lat="33.0108826" lon="35.1836901"><ele>185.9</ele><time>2025-09-10T04:32:42Z</time></trkpt>
<trkpt lat="33.0108554" lon="35.1837343"><ele>186.1</ele><time>2025-09-10T04:32:44Z</time></trkpt>
<trkpt lat="33.0108426" lon="35.1837557"><ele>186.2</ele><time>2025-09-10T04:32:45Z</time></trkpt>
<trkpt lat="33.0108303" lon="35.1837769"><ele>186.3</ele><time>2025-09-10T04:32:46Z</time></trkpt>
<trkpt lat="33.010818" lon="35.1837988"><ele>186.4</ele><time>2025-09-10T04:32:47Z</time></trkpt>
<trkpt lat="33.0108054" lon="35.1838203"><ele>186.5</ele><time>2025-09-10T04:32:48Z</time></trkpt>
<trkpt lat="33.010793" lon="35.1838409"><ele>186.6</ele><time>2025-09-10T04:32:49Z</time></trkpt>
<trkpt lat="33.0107811" lon="35.1838611"><ele>186.7</ele><time>2025-09-10T04:32:50Z</time></trkpt>
<trkpt lat="33.0107712" lon="35.1838824"><ele>186.8</ele><time>2025-09-10T04:32:51Z</time></trkpt>
<trkpt lat="33.0107622" lon="35.1839045"><ele>186.9</ele><time>2025-09-10T04:32:52Z</time></trkpt>
<trkpt lat="33.0107522" lon="35.1839263"><ele>187.0</ele><time>2025-09-10T04:32:53Z</time></trkpt>
<trkpt lat="33.0107301" lon="35.1839722"><ele>187.2</ele><time>2025-09-10T04:32:54Z</time></trkpt>
<trkpt lat="33.0107192" lon="35.1839973"><ele>187.2</ele><time>2025-09-10T04:32:55Z</time></trkpt>
<trkpt lat="33.0107086" lon="35.1840227"><ele>187.3</ele><time>2025-09-10T04:32:56Z</time></trkpt>
<trkpt lat="33.0106976" lon="35.1840491"><ele>187.4</ele><time>2025-09-10T04:32:57Z</time></trkpt>
<trkpt lat="33.0106861" lon="35.1840762"><ele>187.4</ele><time>2025-09-10T04:32:58Z</time></trkpt>
<trkpt lat="33.0106749" lon="35.1841032"><ele>187.4</ele><time>2025-09-10T04:32:59Z</time></trkpt>
<trkpt lat="33.0106631" lon="35.1841295"><ele>187.5</ele><time>2025-09-10T04:33:00Z</time></trkpt>
<trkpt lat="33.0106504" lon="35.1841553"><ele>187.5</ele><time>2025-09-10T04:33:01Z</time></trkpt>
<trkpt lat="33.0106373" lon="35.1841817"><ele>187.5</ele><time>2025-09-10T04:33:02Z</time></trkpt>
<trkpt lat="33.0106252" lon="35.1842097"><ele>187.5</ele><time>2025-09-10T04:33:03Z</time></trkpt>
<trkpt lat="33.0106139" lon="35.1842402"><ele>187.6</ele><time>2025-09-10T04:33:04Z</time></trkpt>
<trkpt lat="33.0106023" lon="35.1842698"><ele>187.6</ele><time>2025-09-10T04:33:05Z</time></trkpt>
<trkpt lat="33.0105902" lon="35.1842987"><ele>187.6</ele><time>2025-09-10T04:33:06Z</time></trkpt>
<trkpt lat="33.0105784" lon="35.1843279"><ele>187.6</ele><time>2025-09-10T04:33:07Z</time></trkpt>
<trkpt lat="33.010567" lon="35.1843572"><ele>187.6</ele><time>2025-09-10T04:33:08Z</time></trkpt>
<trkpt lat="33.0105548" lon="35.1843865"><ele>187.6</ele><time>2025-09-10T04:33:09Z</time></trkpt>
<trkpt lat="33.0105418" lon="35.184416"><ele>187.5</ele><time>2025-09-10T04:33:10Z</time></trkpt>
<trkpt lat="33.0105289" lon="35.1844458"><ele>187.5</ele><time>2025-09-10T04:33:11Z</time></trkpt>
<trkpt lat="33.0105166" lon="35.1844753"><ele>187.5</ele><time>2025-09-10T04:33:12Z</time></trkpt>
<trkpt lat="33.0105042" lon="35.1845045"><ele>187.5</ele><time>2025-09-10T04:33:13Z</time></trkpt>
<trkpt lat="33.0104908" lon="35.1845342"><ele>187.5</ele><time>2025-09-10T04:33:14Z</time></trkpt>
<trkpt lat="33.0104766" lon="35.1845652"><ele>187.5</ele><time>2025-09-10T04:33:15Z</time></trkpt>
<trkpt lat="33.0104635" lon="35.1845971"><ele>187.5</ele><time>2025-09-10T04:33:16Z</time></trkpt>
<trkpt lat="33.0104519" lon="35.1846296"><ele>187.6</ele><time>2025-09-10T04:33:17Z</time></trkpt>
<trkpt lat="33.0104406" lon="35.1846616"><ele>187.6</ele><time>2025-09-10T04:33:18Z</time></trkpt>
<trkpt lat="33.0104289" lon="35.1846924"><ele>187.6</ele><time>2025-09-10T04:33:19Z</time></trkpt>
<trkpt lat="33.0104161" lon="35.1847223"><ele>187.7</ele><time>2025-09-10T04:33:20Z</time></trkpt>
<trkpt lat="33.0104024" lon="35.1847513"><ele>187.7</ele><time>2025-09-10T04:33:21Z</time></trkpt>
<trkpt lat="33.0103883" lon="35.1847793"><ele>187.8</ele><time>2025-09-10T04:33:22Z</time></trkpt>
<trkpt lat="33.0103743" lon="35.1848063"><ele>187.9</ele><time>2025-09-10T04:33:23Z</time></trkpt>
<trkpt lat="33.0103607" lon="35.1848324"><ele>187.9</ele><time>2025-09-10T04:33:24Z</time></trkpt>
<trkpt lat="33.0103476" lon="35.1848576"><ele>188.0</ele><time>2025-09-10T04:33:25Z</time></trkpt>
<trkpt lat="33.0103353" lon="35.1848821"><ele>188.1</ele><time>2025-09-10T04:33:26Z</time></trkpt>
<trkpt lat="33.0103233" lon="35.184906"><ele>188.2</ele><time>2025-09-10T04:33:27Z</time></trkpt>
<trkpt lat="33.0103117" lon="35.1849294"><ele>188.3</ele><time>2025-09-10T04:33:28Z</time></trkpt>
<trkpt lat="33.0103005" lon="35.1849527"><ele>188.4</ele><time>2025-09-10T04:33:29Z</time></trkpt>
<trkpt lat="33.0102898" lon="35.1849759"><ele>188.6</ele><time>2025-09-10T04:33:30Z</time></trkpt>
<trkpt lat="33.0102788" lon="35.1849988"><ele>188.7</ele><time>2025-09-10T04:33:31Z</time></trkpt>
<trkpt lat="33.0102669" lon="35.1850214"><ele>188.8</ele><time>2025-09-10T04:33:32Z</time></trkpt>
<trkpt lat="33.0102536" lon="35.185044"><ele>188.9</ele><time>2025-09-10T04:33:33Z</time></trkpt>
<trkpt lat="33.0102389" lon="35.1850669"><ele>189.1</ele><time>2025-09-10T04:33:34Z</time></trkpt>
<trkpt lat="33.0102231" lon="35.1850901"><ele>189.2</ele><time>2025-09-10T04:33:35Z</time></trkpt>
<trkpt lat="33.0102075" lon="35.1851134"><ele>189.3</ele><time>2025-09-10T04:33:36Z</time></trkpt>
<trkpt lat="33.0101932" lon="35.1851374"><ele>189.5</ele><time>2025-09-10T04:33:37Z</time></trkpt>
<trkpt lat="33.0101799" lon="35.1851618"><ele>189.6</ele><time>2025-09-10T04:33:38Z</time></trkpt>
<trkpt lat="33.0101674" lon="35.1851862"><ele>189.7</ele><time>2025-09-10T04:33:39Z</time></trkpt>
<trkpt lat="33.0101556" lon="35.1852104"><ele>189.8</ele><time>2025-09-10T04:33:40Z</time></trkpt>
<trkpt lat="33.0101439" lon="35.1852342"><ele>189.9</ele><time>2025-09-10T04:33:41Z</time></trkpt>
<trkpt lat="33.010132" lon="35.1852574"><ele>190.0</ele><time>2025-09-10T04:33:42Z</time></trkpt>
<trkpt lat="33.0101199" lon="35.1852798"><ele>190.1</ele><time>2025-09-10T04:33:43Z</time></trkpt>
<trkpt lat="33.010108" lon="35.1853015"><ele>190.2</ele><time>2025-09-10T04:33:44Z</time></trkpt>
<trkpt lat="33.0100961" lon="35.1853222"><ele>190.3</ele><time>2025-09-10T04:33:45Z</time></trkpt>
<trkpt lat="33.0100838" lon="35.1853426"><ele>190.4</ele><time>2025-09-10T04:33:46Z</time></trkpt>
<trkpt lat="33.0100716" lon="35.1853637"><ele>190.4</ele><time>2025-09-10T04:33:47Z</time></trkpt>
<trkpt lat="33.0100598" lon="35.1853852"><ele>190.5</ele><time>2025-09-10T04:33:48Z</time></trkpt>
<trkpt lat="33.0100483" lon="35.185407"><ele>190.6</ele><time>2025-09-10T04:33:49Z</time></trkpt>
<trkpt lat="33.0100368" lon="35.1854286"><ele>190.6</ele><time>2025-09-10T04:33:50Z</time></trkpt>
<trkpt lat="33.0100253" lon="35.1854502"><ele>190.6</ele><time>2025-09-10T04:33:51Z</time></trkpt>
<trkpt lat="33.0100143" lon="35.185472"><ele>190.7</ele><time>2025-09-10T04:33:52Z</time></trkpt>
<trkpt lat="33.0100034" lon="35.1854937"><ele>190.7</ele><time>2025-09-10T04:33:53Z</time></trkpt>
<trkpt lat="33.0099917" lon="35.1855151"><ele>190.7</ele><time>2025-09-10T04:33:54Z</time></trkpt>
<trkpt lat="33.0099792" lon="35.1855368"><ele>190.7</ele><time>2025-09-10T04:33:55Z</time></trkpt>
<trkpt lat="33.0099664" lon="35.1855582"><ele>190.7</ele><time>2025-09-10T04:33:56Z</time></trkpt>
<trkpt lat="33.0099536" lon="35.1855788"><ele>190.8</ele><time>2025-09-10T04:33:57Z</time></trkpt>
<trkpt lat="33.0099411" lon="35.1855985"><ele>190.8</ele><time>2025-09-10T04:33:58Z</time></trkpt>
<trkpt lat="33.0099287" lon="35.1856176"><ele>190.8</ele><time>2025-09-10T04:33:59Z</time></trkpt>
<trkpt lat="33.0099163" lon="35.1856364"><ele>190.9</ele><time>2025-09-10T04:34:00Z</time></trkpt>
<trkpt lat="33.0099037" lon="35.1856549"><ele>190.9</ele><time>2025-09-10T04:34:01Z</time></trkpt>
<trkpt lat="33.0098911" lon="35.1856734"><ele>191.0</ele><time>2025-09-10T04:34:02Z</time></trkpt>
<trkpt lat="33.0098789" lon="35.1856924"><ele>191.0</ele><time>2025-09-10T04:34:03Z</time></trkpt>
<trkpt lat="33.0098673" lon="35.1857118"><ele>191.1</ele><time>2025-09-10T04:34:04Z</time></trkpt>
<trkpt lat="33.0098563" lon="35.1857309"><ele>191.2</ele><time>2025-09-10T04:34:05Z</time></trkpt>
<trkpt lat="33.0098455" lon="35.1857493"><ele>191.3</ele><time>2025-09-10T04:34:06Z</time></trkpt>
<trkpt lat="33.0098348" lon="35.1857669"><ele>191.4</ele><time>2025-09-10T04:34:07Z</time></trkpt>
<trkpt lat="33.0098246" lon="35.1857841"><ele>191.5</ele><time>2025-09-10T04:34:08Z</time></trkpt>
<trkpt lat="33.0098146" lon="35.1858014"><ele>191.6</ele><time>2025-09-10T04:34:09Z</time></trkpt>
<trkpt lat="33.0098046" lon="35.1858185"><ele>191.7</ele><time>2025-09-10T04:34:10Z</time></trkpt>
<trkpt lat="33.0097951" lon="35.1858349"><ele>191.8</ele><time>2025-09-10T04:34:11Z</time></trkpt>
<trkpt lat="33.0097854" lon="35.1858507"><ele>192.0</ele><time>2025-09-10T04:34:12Z</time></trkpt>
<trkpt lat="33.0097758" lon="35.185866"><ele>192.1</ele><time>2025-09-10T04:34:13Z</time></trkpt>
<trkpt lat="33.0097664" lon="35.1858809"><ele>192.2</ele><time>2025-09-10T04:34:14Z</time></trkpt>
<trkpt lat="33.0097571" lon="35.1858956"><ele>192.4</ele><time>2025-09-10T04:34:15Z</time></trkpt>
<trkpt lat="33.0097477" lon="35.18591"><ele>192.5</ele><time>2025-09-10T04:34:16Z</time></trkpt>
<trkpt lat="33.009737" lon="35.1859246"><ele>192.7</ele><time>2025-09-10T04:34:17Z</time></trkpt>
<trkpt lat="33.0097245" lon="35.1859395"><ele>192.9</ele><time>2025-09-10T04:34:18Z</time></trkpt>
<trkpt lat="33.0097106" lon="35.1859545"><ele>193.1</ele><time>2025-09-10T04:34:19Z</time></trkpt>
<trkpt lat="33.0096966" lon="35.1859695"><ele>193.2</ele><time>2025-09-10T04:34:20Z</time></trkpt>
<trkpt lat="33.0096832" lon="35.1859853"><ele>193.4</ele><time>2025-09-10T04:34:21Z</time></trkpt>
<trkpt lat="33.0096698" lon="35.1860015"><ele>193.6</ele><time>2025-09-10T04:34:22Z</time></trkpt>
<trkpt lat="33.0096561" lon="35.1860174"><ele>193.8</ele><time>2025-09-10T04:34:23Z</time></trkpt>
<trkpt lat="33.0096422" lon="35.1860334"><ele>194.1</ele><time>2025-09-10T04:34:24Z</time></trkpt>
<trkpt lat="33.0096289" lon="35.1860496"><ele>194.3</ele><time>2025-09-10T04:34:25Z</time></trkpt>
<trkpt lat="33.0096169" lon="35.186066"><ele>194.5</ele><time>2025-09-10T04:34:26Z</time></trkpt>
<trkpt lat="33.0096055" lon="35.1860826"><ele>194.7</ele><time>2025-09-10T04:34:27Z</time></trkpt>
<trkpt lat="33.0095947" lon="35.186099"><ele>194.9</ele><time>2025-09-10T04:34:28Z</time></trkpt>
<trkpt lat="33.0095846" lon="35.186115"><ele>195.1</ele><time>2025-09-10T04:34:29Z</time></trkpt>
<trkpt lat="33.0095755" lon="35.1861304"><ele>195.3</ele><time>2025-09-10T04:34:30Z</time></trkpt>
<trkpt lat="33.0095677" lon="35.1861452"><ele>195.5</ele><time>2025-09-10T04:34:31Z</time></trkpt>
<trkpt lat="33.0095607" lon="35.1861597"><ele>195.6</ele><time>2025-09-10T04:34:32Z</time></trkpt>
<trkpt lat="33.009554" lon="35.1861738"><ele>195.8</ele><time>2025-09-10T04:34:33Z</time></trkpt>
<trkpt lat="33.0095467" lon="35.1861885"><ele>196.0</ele><time>2025-09-10T04:34:34Z</time></trkpt>
<trkpt lat="33.0095385" lon="35.1862032"><ele>196.1</ele><time>2025-09-10T04:34:35Z</time></trkpt>
<trkpt lat="33.0095297" lon="35.1862173"><ele>196.3</ele><time>2025-09-10T04:34:36Z</time></trkpt>
<trkpt lat="33.0095208" lon="35.1862313"><ele>196.4</ele><time>2025-09-10T04:34:37Z</time></trkpt>
<trkpt lat="33.0095119" lon="35.1862457"><ele>196.5</ele><time>2025-09-10T04:34:38Z</time></trkpt>
<trkpt lat="33.0095033" lon="35.186261"><ele>196.6</ele><time>2025-09-10T04:34:39Z</time></trkpt>
<trkpt lat="33.0094954" lon="35.1862766"><ele>196.8</ele><time>2025-09-10T04:34:40Z</time></trkpt>
<trkpt lat="33.0094886" lon="35.1862925"><ele>196.9</ele><time>2025-09-10T04:34:41Z</time></trkpt>
<trkpt lat="33.0094829" lon="35.1863085"><ele>197.0</ele><time>2025-09-10T04:34:42Z</time></trkpt>
<trkpt lat="33.0094768" lon="35.1863248"><ele>197.1</ele><time>2025-09-10T04:34:43Z</time></trkpt>
<trkpt lat="33.0094698" lon="35.1863414"><ele>197.2</ele><time>2025-09-10T04:34:44Z</time></trkpt>
<trkpt lat="33.0094626" lon="35.1863568"><ele>197.3</ele><time>2025-09-10T04:34:45Z</time></trkpt>
<trkpt lat="33.009455" lon="35.1863718"><ele>197.4</ele><time>2025-09-10T04:34:46Z</time></trkpt>
<trkpt lat="33.0094467" lon="35.1863874"><ele>197.6</ele><time>2025-09-10T04:34:47Z</time></trkpt>
<trkpt lat="33.0094382" lon="35.1864034"><ele>197.7</ele><time>2025-09-10T04:34:48Z</time></trkpt>
<trkpt lat="33.0094296" lon="35.1864193"><ele>197.8</ele><time>2025-09-10T04:34:49Z</time></trkpt>
<trkpt lat="33.0094218" lon="35.1864348"><ele>197.9</ele><time>2025-09-10T04:34:50Z</time></trkpt>
<trkpt lat="33.0094143" lon="35.1864502"><ele>198.0</ele><time>2025-09-10T04:34:51Z</time></trkpt>
<trkpt lat="33.0094065" lon="35.1864658"><ele>198.2</ele><time>2025-09-10T04:34:52Z</time></trkpt>
<trkpt lat="33.0093991" lon="35.186481"><ele>198.3</ele><time>2025-09-10T04:34:53Z</time></trkpt>
<trkpt lat="33.0093922" lon="35.1864955"><ele>198.5</ele><time>2025-09-10T04:34:54Z</time></trkpt>
<trkpt lat="33.0093859" lon="35.1865099"><ele>198.6</ele><time>2025-09-10T04:34:55Z</time></trkpt>
<trkpt lat="33.0093796" lon="35.1865256"><ele>198.8</ele><time>2025-09-10T04:34:56Z</time></trkpt>
<trkpt lat="33.0093732" lon="35.1865423"><ele>198.9</ele><time>2025-09-10T04:34:57Z</time></trkpt>
<trkpt lat="33.0093666" lon="35.1865593"><ele>199.1</ele><time>2025-09-10T04:34:58Z</time></trkpt>
<trkpt lat="33.0093602" lon="35.1865762"><ele>199.2</ele><time>2025-09-10T04:34:59Z</time></trkpt>
<trkpt lat="33.0093539" lon="35.1865936"><ele>199.4</ele><time>2025-09-10T04:35:00Z</time></trkpt>
<trkpt lat="33.0093477" lon="35.1866123"><ele>199.6</ele><time>2025-09-10T04:35:01Z</time></trkpt>
<trkpt lat="33.0093415" lon="35.1866306"><ele>199.8</ele><time>2025-09-10T04:35:02Z</time></trkpt>
<trkpt lat="33.0093356" lon="35.1866471"><ele>199.9</ele><time>2025-09-10T04:35:03Z</time></trkpt>
<trkpt lat="33.0093293" lon="35.1866633"><ele>200.1</ele><time>2025-09-10T04:35:04Z</time></trkpt>
<trkpt lat="33.0093231" lon="35.1866801"><ele>200.3</ele><time>2025-09-10T04:35:05Z</time></trkpt>
<trkpt lat="33.0093174" lon="35.1866977"><ele>200.5</ele><time>2025-09-10T04:35:06Z</time></trkpt>
<trkpt lat="33.0093118" lon="35.1867156"><ele>200.7</ele><time>2025-09-10T04:35:07Z</time></trkpt>
<trkpt lat="33.0093058" lon="35.1867334"><ele>200.9</ele><time>2025-09-10T04:35:08Z</time></trkpt>
<trkpt lat="33.0092996" lon="35.1867508"><ele>201.1</ele><time>2025-09-10T04:35:09Z</time></trkpt>
<trkpt lat="33.009293" lon="35.1867675"><ele>201.3</ele><time>2025-09-10T04:35:10Z</time></trkpt>
<trkpt lat="33.0092864" lon="35.1867839"><ele>201.4</ele><time>2025-09-10T04:35:11Z</time></trkpt>
<trkpt lat="33.0092804" lon="35.1868004"><ele>201.6</ele><time>2025-09-10T04:35:12Z</time></trkpt>
<trkpt lat="33.0092749" lon="35.186817"><ele>201.8</ele><time>2025-09-10T04:35:13Z</time></trkpt>
<trkpt lat="33.0092695" lon="35.1868342"><ele>202.0</ele><time>2025-09-10T04:35:14Z</time></trkpt>
<trkpt lat="33.0092644" lon="35.1868514"><ele>202.2</ele><time>2025-09-10T04:35:15Z</time></trkpt>
<trkpt lat="33.0092593" lon="35.1868682"><ele>202.4</ele><time>2025-09-10T04:35:16Z</time></trkpt>
<trkpt lat="33.0092539" lon="35.1868859"><ele>202.6</ele><time>2025-09-10T04:35:17Z</time></trkpt>
<trkpt lat="33.0092482" lon="35.1869037"><ele>202.7</ele><time>2025-09-10T04:35:18Z</time></trkpt>
<trkpt lat="33.0092427" lon="35.1869203"><ele>202.9</ele><time>2025-09-10T04:35:19Z</time></trkpt>
<trkpt lat="33.0092379" lon="35.1869347"><ele>203.1</ele><time>2025-09-10T04:35:20Z</time></trkpt>
<trkpt lat="33.0092332" lon="35.1869478"><ele>203.3</ele><time>2025-09-10T04:35:21Z</time></trkpt>
<trkpt lat="33.0092283" lon="35.1869602"><ele>203.5</ele><time>2025-09-10T04:35:22Z</time></trkpt>
<trkpt lat="33.0092233" lon="35.1869726"><ele>203.7</ele><time>2025-09-10T04:35:23Z</time></trkpt>
<trkpt lat="33.0092187" lon="35.1869858"><ele>203.8</ele><time>2025-09-10T04:35:24Z</time></trkpt>
<trkpt lat="33.0092148" lon="35.1870001"><ele>204.0</ele><time>2025-09-10T04:35:25Z</time></trkpt>
<trkpt lat="33.0092118" lon="35.1870147"><ele>204.2</ele><time>2025-09-10T04:35:26Z</time></trkpt>
<trkpt lat="33.0092089" lon="35.1870295"><ele>204.3</ele><time>2025-09-10T04:35:27Z</time></trkpt>
<trkpt lat="33.0092057" lon="35.1870445"><ele>204.5</ele><time>2025-09-10T04:35:28Z</time></trkpt>
<trkpt lat="33.0092023" lon="35.1870594"><ele>204.6</ele><time>2025-09-10T04:35:29Z</time></trkpt>
<trkpt lat="33.0091988" lon="35.1870741"><ele>204.8</ele><time>2025-09-10T04:35:30Z</time></trkpt>
<trkpt lat="33.0091956" lon="35.1870888"><ele>204.9</ele><time>2025-09-10T04:35:31Z</time></trkpt>
<trkpt lat="33.0091928" lon="35.1871036"><ele>205.1</ele><time>2025-09-10T04:35:32Z</time></trkpt>
<trkpt lat="33.0091902" lon="35.1871185"><ele>205.2</ele><time>2025-09-10T04:35:33Z</time></trkpt>
<trkpt lat="33.0091881" lon="35.1871339"><ele>205.3</ele><time>2025-09-10T04:35:34Z</time></trkpt>
<trkpt lat="33.0091861" lon="35.1871498"><ele>205.4</ele><time>2025-09-10T04:35:35Z</time></trkpt>
<trkpt lat="33.0091835" lon="35.1871655"><ele>205.5</ele><time>2025-09-10T04:35:36Z</time></trkpt>
<trkpt lat="33.0091806" lon="35.187181"><ele>205.7</ele><time>2025-09-10T04:35:37Z</time></trkpt>
<trkpt lat="33.0091777" lon="35.1871968"><ele>205.8</ele><time>2025-09-10T04:35:38Z</time></trkpt>
<trkpt lat="33.0091753" lon="35.1872134"><ele>205.9</ele><time>2025-09-10T04:35:39Z</time></trkpt>
<trkpt lat="33.0091734" lon="35.1872301"><ele>206.0</ele><time>2025-09-10T04:35:40Z</time></trkpt>
<trkpt lat="33.0091719" lon="35.1872462"><ele>206.1</ele><time>2025-09-10T04:35:41Z</time></trkpt>
<trkpt lat="33.0091702" lon="35.1872622"><ele>206.2</ele><time>2025-09-10T04:35:42Z</time></trkpt>
<trkpt lat="33.0091672" lon="35.1872783"><ele>206.2</ele><time>2025-09-10T04:35:43Z</time></trkpt>
<trkpt lat="33.0091632" lon="35.1872947"><ele>206.3</ele><time>2025-09-10T04:35:44Z</time></trkpt>
<trkpt lat="33.0091586" lon="35.1873126"><ele>206.4</ele><time>2025-09-10T04:35:45Z</time></trkpt>
<trkpt lat="33.0091548" lon="35.18733"><ele>206.5</ele><time>2025-09-10T04:35:46Z</time></trkpt>
<trkpt lat="33.009152" lon="35.1873458"><ele>206.6</ele><time>2025-09-10T04:35:47Z</time></trkpt>
<trkpt lat="33.0091488" lon="35.1873615"><ele>206.7</ele><time>2025-09-10T04:35:48Z</time></trkpt>
<trkpt lat="33.0091454" lon="35.1873773"><ele>206.8</ele><time>2025-09-10T04:35:49Z</time></trkpt>
<trkpt lat="33.0091425" lon="35.1873927"><ele>206.9</ele><time>2025-09-10T04:35:50Z</time></trkpt>
<trkpt lat="33.0091402" lon="35.1874081"><ele>207.0</ele><time>2025-09-10T04:35:51Z</time></trkpt>
<trkpt lat="33.0091382" lon="35.1874241"><ele>207.0</ele><time>2025-09-10T04:35:52Z</time></trkpt>
<trkpt lat="33.0091364" lon="35.1874403"><ele>207.1</ele><time>2025-09-10T04:35:53Z</time></trkpt>
<trkpt lat="33.0091344" lon="35.1874593"><ele>207.2</ele><time>2025-09-10T04:35:54Z</time></trkpt>
<trkpt lat="33.0091319" lon="35.1874799"><ele>207.3</ele><time>2025-09-10T04:35:55Z</time></trkpt>
<trkpt lat="33.0091295" lon="35.187498"><ele>207.4</ele><time>2025-09-10T04:35:56Z</time></trkpt>
<trkpt lat="33.009127" lon="35.1875129"><ele>207.5</ele><time>2025-09-10T04:35:57Z</time></trkpt>
<trkpt lat="33.0091247" lon="35.1875258"><ele>207.6</ele><time>2025-09-10T04:35:58Z</time></trkpt>
<trkpt lat="33.0091228" lon="35.1875386"><ele>207.7</ele><time>2025-09-10T04:35:59Z</time></trkpt>
<trkpt lat="33.0091211" lon="35.1875521"><ele>207.8</ele><time>2025-09-10T04:36:00Z</time></trkpt>
<trkpt lat="33.0091197" lon="35.1875669"><ele>207.9</ele><time>2025-09-10T04:36:01Z</time></trkpt>
<trkpt lat="33.0091182" lon="35.1875821"><ele>208.0</ele><time>2025-09-10T04:36:02Z</time></trkpt>
<trkpt lat="33.0091162" lon="35.1875975"><ele>208.1</ele><time>2025-09-10T04:36:03Z</time></trkpt>
<trkpt lat="33.0091137" lon="35.1876136"><ele>208.3</ele><time>2025-09-10T04:36:04Z</time></trkpt>
<trkpt lat="33.0091114" lon="35.1876292"><ele>208.4</ele><time>2025-09-10T04:36:05Z</time></trkpt>
<trkpt lat="33.0091095" lon="35.187644"><ele>208.5</ele><time>2025-09-10T04:36:06Z</time></trkpt>
<trkpt lat="33.0091078" lon="35.1876584"><ele>208.7</ele><time>2025-09-10T04:36:07Z</time></trkpt>
<trkpt lat="33.0091055" lon="35.1876731"><ele>208.8</ele><time>2025-09-10T04:36:08Z</time></trkpt>
<trkpt lat="33.0091026" lon="35.1876883"><ele>209.0</ele><time>2025-09-10T04:36:09Z</time></trkpt>
<trkpt lat="33.0090999" lon="35.187704"><ele>209.1</ele><time>2025-09-10T04:36:10Z</time></trkpt>
<trkpt lat="33.0090975" lon="35.1877192"><ele>209.3</ele><time>2025-09-10T04:36:11Z</time></trkpt>
<trkpt lat="33.0090946" lon="35.1877329"><ele>209.5</ele><time>2025-09-10T04:36:12Z</time></trkpt>
<trkpt lat="33.0090914" lon="35.1877466"><ele>209.7</ele><time>2025-09-10T04:36:13Z</time></trkpt>
<trkpt lat="33.0090886" lon="35.1877621"><ele>209.8</ele><time>2025-09-10T04:36:14Z</time></trkpt>
<trkpt lat="33.0090861" lon="35.1877771"><ele>210.0</ele><time>2025-09-10T04:36:15Z</time></trkpt>
<trkpt lat="33.0090834" lon="35.187791"><ele>210.2</ele><time>2025-09-10T04:36:16Z</time></trkpt>
<trkpt lat="33.0090804" lon="35.1878052"><ele>210.4</ele><time>2025-09-10T04:36:17Z</time></trkpt>
<trkpt lat="33.0090776" lon="35.1878197"><ele>210.6</ele><time>2025-09-10T04:36:18Z</time></trkpt>
<trkpt lat="33.009075" lon="35.1878351"><ele>210.8</ele><time>2025-09-10T04:36:19Z</time></trkpt>
<trkpt lat="33.0090723" lon="35.1878515"><ele>211.0</ele><time>2025-09-10T04:36:20Z</time></trkpt>
<trkpt lat="33.0090695" lon="35.1878672"><ele>211.2</ele><time>2025-09-10T04:36:21Z</time></trkpt>
<trkpt lat="33.0090667" lon="35.187882"><ele>211.4</ele><time>2025-09-10T04:36:22Z</time></trkpt>
<trkpt lat="33.009064" lon="35.1878965"><ele>211.6</ele><time>2025-09-10T04:36:23Z</time></trkpt>
<trkpt lat="33.0090616" lon="35.1879109"><ele>211.8</ele><time>2025-09-10T04:36:24Z</time></trkpt>
<trkpt lat="33.0090589" lon="35.1879255"><ele>212.0</ele><time>2025-09-10T04:36:25Z</time></trkpt>
<trkpt lat="33.009056" lon="35.1879398"><ele>212.2</ele><time>2025-09-10T04:36:26Z</time></trkpt>
<trkpt lat="33.0090531" lon="35.1879542"><ele>212.4</ele><time>2025-09-10T04:36:27Z</time></trkpt>
<trkpt lat="33.0090502" lon="35.1879684"><ele>212.6</ele><time>2025-09-10T04:36:28Z</time></trkpt>
<trkpt lat="33.0090476" lon="35.1879821"><ele>212.8</ele><time>2025-09-10T04:36:29Z</time></trkpt>
<trkpt lat="33.0090452" lon="35.1879965"><ele>213.0</ele><time>2025-09-10T04:36:30Z</time></trkpt>
<trkpt lat="33.0090429" lon="35.1880111"><ele>213.1</ele><time>2025-09-10T04:36:31Z</time></trkpt>
<trkpt lat="33.0090404" lon="35.1880253"><ele>213.3</ele><time>2025-09-10T04:36:32Z</time></trkpt>
<trkpt lat="33.0090377" lon="35.1880395"><ele>213.5</ele><time>2025-09-10T04:36:33Z</time></trkpt>
<trkpt lat="33.0090352" lon="35.1880531"><ele>213.6</ele><time>2025-09-10T04:36:34Z</time></trkpt>
<trkpt lat="33.0090329" lon="35.1880667"><ele>213.8</ele><time>2025-09-10T04:36:35Z</time></trkpt>
<trkpt lat="33.0090304" lon="35.1880806"><ele>213.9</ele><time>2025-09-10T04:36:36Z</time></trkpt>
<trkpt lat="33.0090273" lon="35.1880947"><ele>214.1</ele><time>2025-09-10T04:36:37Z</time></trkpt>
<trkpt lat="33.009024" lon="35.1881085"><ele>214.2</ele><time>2025-09-10T04:36:38Z</time></trkpt>
<trkpt lat="33.0090207" lon="35.1881219"><ele>214.3</ele><time>2025-09-10T04:36:39Z</time></trkpt>
<trkpt lat="33.0090175" lon="35.1881362"><ele>214.5</ele><time>2025-09-10T04:36:40Z</time></trkpt>
<trkpt lat="33.0090141" lon="35.1881505"><ele>214.6</ele><time>2025-09-10T04:36:41Z</time></trkpt>
<trkpt lat="33.0090104" lon="35.1881649"><ele>214.7</ele><time>2025-09-10T04:36:42Z</time></trkpt>
<trkpt lat="33.0090029" lon="35.188192"><ele>214.9</ele><time>2025-09-10T04:36:44Z</time></trkpt>
<trkpt lat="33.0090004" lon="35.1882006"><ele>215.0</ele><time>2025-09-10T04:36:45Z</time></trkpt>
<trkpt lat="33.0089975" lon="35.1882115"><ele>215.1</ele><time>2025-09-10T04:36:46Z</time></trkpt>
<trkpt lat="33.0089942" lon="35.1882237"><ele>215.2</ele><time>2025-09-10T04:36:47Z</time></trkpt>
<trkpt lat="33.0089909" lon="35.188236"><ele>215.3</ele><time>2025-09-10T04:36:48Z</time></trkpt>
<trkpt lat="33.0089883" lon="35.1882485"><ele>215.3</ele><time>2025-09-10T04:36:49Z</time></trkpt>
<trkpt lat="33.0089864" lon="35.1882614"><ele>215.4</ele><time>2025-09-10T04:36:50Z</time></trkpt>
<trkpt lat="33.0089837" lon="35.1882746"><ele>215.5</ele><time>2025-09-10T04:36:51Z</time></trkpt>
<trkpt lat="33.008981" lon="35.1882881"><ele>215.6</ele><time>2025-09-10T04:36:52Z</time></trkpt>
<trkpt lat="33.0089788" lon="35.1883023"><ele>215.6</ele><time>2025-09-10T04:36:53Z</time></trkpt>
<trkpt lat="33.008976" lon="35.1883164"><ele>215.7</ele><time>2025-09-10T04:36:54Z</time></trkpt>
<trkpt lat="33.0089727" lon="35.1883302"><ele>215.8</ele><time>2025-09-10T04:36:55Z</time></trkpt>
<trkpt lat="33.008969" lon="35.1883439"><ele>215.9</ele><time>2025-09-10T04:36:56Z</time></trkpt>
<trkpt lat="33.0089652" lon="35.1883578"><ele>216.0</ele><time>2025-09-10T04:36:57Z</time></trkpt>
<trkpt lat="33.0089616" lon="35.1883719"><ele>216.0</ele><time>2025-09-10T04:36:58Z</time></trkpt>
<trkpt lat="33.0089582" lon="35.1883864"><ele>216.1</ele><time>2025-09-10T04:36:59Z</time></trkpt>
<trkpt lat="33.0089558" lon="35.1884007"><ele>216.2</ele><time>2025-09-10T04:37:00Z</time></trkpt>
<trkpt lat="33.0089543" lon="35.1884143"><ele>216.3</ele><time>2025-09-10T04:37:01Z</time></trkpt>
<trkpt lat="33.0089524" lon="35.1884274"><ele>216.4</ele><time>2025-09-10T04:37:02Z</time></trkpt>
<trkpt lat="33.0089504" lon="35.1884403"><ele>216.4</ele><time>2025-09-10T04:37:03Z</time></trkpt>
<trkpt lat="33.0089482" lon="35.1884535"><ele>216.5</ele><time>2025-09-10T04:37:04Z</time></trkpt>
<trkpt lat="33.0089459" lon="35.188467"><ele>216.6</ele><time>2025-09-10T04:37:05Z</time></trkpt>
<trkpt lat="33.0089437" lon="35.1884806"><ele>216.7</ele><time>2025-09-10T04:37:06Z</time></trkpt>
<trkpt lat="33.0089412" lon="35.1884943"><ele>216.8</ele><time>2025-09-10T04:37:07Z</time></trkpt>
<trkpt lat="33.0089388" lon="35.1885084"><ele>216.9</ele><time>2025-09-10T04:37:08Z</time></trkpt>
<trkpt lat="33.0089363" lon="35.1885227"><ele>217.0</ele><time>2025-09-10T04:37:09Z</time></trkpt>
<trkpt lat="33.0089335" lon="35.188537"><ele>217.0</ele><time>2025-09-10T04:37:10Z</time></trkpt>
<trkpt lat="33.0089308" lon="35.1885512"><ele>217.1</ele><time>2025-09-10T04:37:11Z</time></trkpt>
<trkpt lat="33.0089279" lon="35.1885655"><ele>217.2</ele><time>2025-09-10T04:37:12Z</time></trkpt>
<trkpt lat="33.0089247" lon="35.18858"><ele>217.3</ele><time>2025-09-10T04:37:13Z</time></trkpt>
<trkpt lat="33.0089218" lon="35.1885949"><ele>217.4</ele><time>2025-09-10T04:37:14Z</time></trkpt>
<trkpt lat="33.0089177" lon="35.1886101"><ele>217.5</ele><time>2025-09-10T04:37:15Z</time></trkpt>
<trkpt lat="33.0089135" lon="35.1886254"><ele>217.6</ele><time>2025-09-10T04:37:16Z</time></trkpt>
<trkpt lat="33.008911" lon="35.1886414"><ele>217.7</ele><time>2025-09-10T04:37:17Z</time></trkpt>
<trkpt lat="33.0089093" lon="35.1886583"><ele>217.8</ele><time>2025-09-10T04:37:18Z</time></trkpt>
<trkpt lat="33.008908" lon="35.1886755"><ele>217.9</ele><time>2025-09-10T04:37:19Z</time></trkpt>
<trkpt lat="33.0089068" lon="35.1886931"><ele>218.0</ele><time>2025-09-10T04:37:20Z</time></trkpt>
<trkpt lat="33.0089054" lon="35.1887104"><ele>218.1</ele><time>2025-09-10T04:37:21Z</time></trkpt>
<trkpt lat="33.0089039" lon="35.1887273"><ele>218.2</ele><time>2025-09-10T04:37:22Z</time></trkpt>
<trkpt lat="33.0089022" lon="35.1887437"><ele>218.3</ele><time>2025-09-10T04:37:23Z</time></trkpt>
<trkpt lat="33.0089002" lon="35.1887597"><ele>218.5</ele><time>2025-09-10T04:37:24Z</time></trkpt>
<trkpt lat="33.0088979" lon="35.188775"><ele>218.6</ele><time>2025-09-10T04:37:25Z</time></trkpt>
<trkpt lat="33.0088949" lon="35.1887899"><ele>218.7</ele><time>2025-09-10T04:37:26Z</time></trkpt>
<trkpt lat="33.0088914" lon="35.1888052"><ele>218.8</ele><time>2025-09-10T04:37:27Z</time></trkpt>
<trkpt lat="33.0088872" lon="35.1888208"><ele>219.0</ele><time>2025-09-10T04:37:28Z</time></trkpt>
<trkpt lat="33.0088828" lon="35.1888366"><ele>219.1</ele><time>2025-09-10T04:37:29Z</time></trkpt>
<trkpt lat="33.0088788" lon="35.1888523"><ele>219.2</ele><time>2025-09-10T04:37:30Z</time></trkpt>
<trkpt lat="33.0088752" lon="35.1888678"><ele>219.4</ele><time>2025-09-10T04:37:31Z</time></trkpt>
<trkpt lat="33.0088718" lon="35.1888833"><ele>219.5</ele><time>2025-09-10T04:37:32Z</time></trkpt>
<trkpt lat="33.0088688" lon="35.1888987"><ele>219.6</ele><time>2025-09-10T04:37:33Z</time></trkpt>
<trkpt lat="33.0088663" lon="35.1889141"><ele>219.8</ele><time>2025-09-10T04:37:34Z</time></trkpt>
<trkpt lat="33.0088638" lon="35.1889291"><ele>219.9</ele><time>2025-09-10T04:37:35Z</time></trkpt>
<trkpt lat="33.0088616" lon="35.1889439"><ele>220.1</ele><time>2025-09-10T04:37:36Z</time></trkpt>
<trkpt lat="33.0088596" lon="35.1889591"><ele>220.3</ele><time>2025-09-10T04:37:37Z</time></trkpt>
<trkpt lat="33.0088575" lon="35.1889737"><ele>220.4</ele><time>2025-09-10T04:37:38Z</time></trkpt>
<trkpt lat="33.0088553" lon="35.1889883"><ele>220.6</ele><time>2025-09-10T04:37:39Z</time></trkpt>
<trkpt lat="33.0088523" lon="35.1890038"><ele>220.7</ele><time>2025-09-10T04:37:40Z</time></trkpt>
<trkpt lat="33.0088487" lon="35.1890197"><ele>220.9</ele><time>2025-09-10T04:37:41Z</time></trkpt>
<trkpt lat="33.0088453" lon="35.1890357"><ele>221.0</ele><time>2025-09-10T04:37:42Z</time></trkpt>
<trkpt lat="33.0088422" lon="35.1890517"><ele>221.2</ele><time>2025-09-10T04:37:43Z</time></trkpt>
<trkpt lat="33.0088389" lon="35.189068"><ele>221.4</ele><time>2025-09-10T04:37:44Z</time></trkpt>
<trkpt lat="33.0088352" lon="35.1890845"><ele>221.5</ele><time>2025-09-10T04:37:45Z</time></trkpt>
<trkpt lat="33.008831" lon="35.1891011"><ele>221.7</ele><time>2025-09-10T04:37:46Z</time></trkpt>
<trkpt lat="33.0088268" lon="35.189118"><ele>221.8</ele><time>2025-09-10T04:37:47Z</time></trkpt>
<trkpt lat="33.0088234" lon="35.1891351"><ele>222.0</ele><time>2025-09-10T04:37:48Z</time></trkpt>
<trkpt lat="33.0088207" lon="35.1891518"><ele>222.1</ele><time>2025-09-10T04:37:49Z</time></trkpt>
<trkpt lat="33.0088183" lon="35.189168"><ele>222.2</ele><time>2025-09-10T04:37:50Z</time></trkpt>
<trkpt lat="33.0088161" lon="35.1891845"><ele>222.4</ele><time>2025-09-10T04:37:51Z</time></trkpt>
<trkpt lat="33.0088139" lon="35.1892017"><ele>222.5</ele><time>2025-09-10T04:37:52Z</time></trkpt>
<trkpt lat="33.0088112" lon="35.1892196"><ele>222.7</ele><time>2025-09-10T04:37:53Z</time></trkpt>
<trkpt lat="33.0088083" lon="35.1892379"><ele>222.8</ele><time>2025-09-10T04:37:54Z</time></trkpt>
<trkpt lat="33.008805" lon="35.1892563"><ele>222.9</ele><time>2025-09-10T04:37:55Z</time></trkpt>
<trkpt lat="33.0088013" lon="35.1892742"><ele>223.0</ele><time>2025-09-10T04:37:56Z</time></trkpt>
<trkpt lat="33.0087975" lon="35.1892917"><ele>223.2</ele><time>2025-09-10T04:37:57Z</time></trkpt>
<trkpt lat="33.0087939" lon="35.1893085"><ele>223.3</ele><time>2025-09-10T04:37:58Z</time></trkpt>
<trkpt lat="33.0087907" lon="35.1893247"><ele>223.4</ele><time>2025-09-10T04:37:59Z</time></trkpt>
<trkpt lat="33.0087877" lon="35.1893411"><ele>223.5</ele><time>2025-09-10T04:38:00Z</time></trkpt>
<trkpt lat="33.0087846" lon="35.1893577"><ele>223.6</ele><time>2025-09-10T04:38:01Z</time></trkpt>
<trkpt lat="33.0087814" lon="35.1893744"><ele>223.7</ele><time>2025-09-10T04:38:02Z</time></trkpt>
<trkpt lat="33.0087785" lon="35.1893915"><ele>223.8</ele><time>2025-09-10T04:38:03Z</time></trkpt>
<trkpt lat="33.0087758" lon="35.1894089"><ele>223.9</ele><time>2025-09-10T04:38:04Z</time></trkpt>
<trkpt lat="33.0087734" lon="35.1894266"><ele>224.0</ele><time>2025-09-10T04:38:05Z</time></trkpt>
<trkpt lat="33.0087712" lon="35.1894444"><ele>224.1</ele><time>2025-09-10T04:38:06Z</time></trkpt>
<trkpt lat="33.0087691" lon="35.189462"><ele>224.2</ele><time>2025-09-10T04:38:07Z</time></trkpt>
<trkpt lat="33.0087669" lon="35.1894794"><ele>224.2</ele><time>2025-09-10T04:38:08Z</time></trkpt>
<trkpt lat="33.0087644" lon="35.1894964"><ele>224.3</ele><time>2025-09-10T04:38:09Z</time></trkpt>
<trkpt lat="33.008762" lon="35.1895135"><ele>224.4</ele><time>2025-09-10T04:38:10Z</time></trkpt>
<trkpt lat="33.0087595" lon="35.1895313"><ele>224.4</ele><time>2025-09-10T04:38:11Z</time></trkpt>
<trkpt lat="33.0087568" lon="35.1895492"><ele>224.5</ele><time>2025-09-10T04:38:12Z</time></trkpt>
<trkpt lat="33.0087541" lon="35.1895671"><ele>224.5</ele><time>2025-09-10T04:38:13Z</time></trkpt>
<trkpt lat="33.0087514" lon="35.1895855"><ele>224.6</ele><time>2025-09-10T04:38:14Z</time></trkpt>
<trkpt lat="33.0087489" lon="35.189604"><ele>224.6</ele><time>2025-09-10T04:38:15Z</time></trkpt>
<trkpt lat="33.0087466" lon="35.1896222"><ele>224.7</ele><time>2025-09-10T04:38:16Z</time></trkpt>
<trkpt lat="33.0087444" lon="35.1896397"><ele>224.7</ele><time>2025-09-10T04:38:17Z</time></trkpt>
<trkpt lat="33.0087422" lon="35.1896569"><ele>224.7</ele><time>2025-09-10T04:38:18Z</time></trkpt>
<trkpt lat="33.0087401" lon="35.1896743"><ele>224.7</ele><time>2025-09-10T04:38:19Z</time></trkpt>
<trkpt lat="33.0087381" lon="35.1896921"><ele>224.8</ele><time>2025-09-10T04:38:20Z</time></trkpt>
<trkpt lat="33.0087364" lon="35.1897101"><ele>224.8</ele><time>2025-09-10T04:38:21Z</time></trkpt>
<trkpt lat="33.0087347" lon="35.1897278"><ele>224.8</ele><time>2025-09-10T04:38:22Z</time></trkpt>
<trkpt lat="33.0087331" lon="35.1897455"><ele>224.8</ele><time>2025-09-10T04:38:23Z</time></trkpt>
<trkpt lat="33.0087318" lon="35.1897636"><ele>224.8</ele><time>2025-09-10T04:38:24Z</time></trkpt>
<trkpt lat="33.0087305" lon="35.1897816"><ele>224.8</ele><time>2025-09-10T04:38:25Z</time></trkpt>
<trkpt lat="33.0087286" lon="35.1897995"><ele>224.9</ele><time>2025-09-10T04:38:26Z</time></trkpt>
<trkpt lat="33.0087263" lon="35.1898181"><ele>224.9</ele><time>2025-09-10T04:38:27Z</time></trkpt>
<trkpt lat="33.0087238" lon="35.1898367"><ele>224.9</ele><time>2025-09-10T04:38:28Z</time></trkpt>
<trkpt lat="33.008721" lon="35.1898556"><ele>224.9</ele><time>2025-09-10T04:38:29Z</time></trkpt>
<trkpt lat="33.0087179" lon="35.1898748"><ele>225.0</ele><time>2025-09-10T04:38:30Z</time></trkpt>
<trkpt lat="33.0087142" lon="35.1898941"><ele>225.0</ele><time>2025-09-10T04:38:31Z</time></trkpt>
<trkpt lat="33.0087096" lon="35.1899136"><ele>225.0</ele><time>2025-09-10T04:38:32Z</time></trkpt>
<trkpt lat="33.0087043" lon="35.189933"><ele>225.1</ele><time>2025-09-10T04:38:33Z</time></trkpt>
<trkpt lat="33.0086984" lon="35.1899522"><ele>225.1</ele><time>2025-09-10T04:38:34Z</time></trkpt>
<trkpt lat="33.0086925" lon="35.1899704"><ele>225.2</ele><time>2025-09-10T04:38:35Z</time></trkpt>
<trkpt lat="33.0086868" lon="35.1899877"><ele>225.3</ele><time>2025-09-10T04:38:36Z</time></trkpt>
<trkpt lat="33.0086817" lon="35.1900049"><ele>225.4</ele><time>2025-09-10T04:38:37Z</time></trkpt>
<trkpt lat="33.0086772" lon="35.1900226"><ele>225.5</ele><time>2025-09-10T04:38:38Z</time></trkpt>
<trkpt lat="33.0086735" lon="35.1900406"><ele>225.6</ele><time>2025-09-10T04:38:39Z</time></trkpt>
<trkpt lat="33.0086702" lon="35.1900588"><ele>225.7</ele><time>2025-09-10T04:38:40Z</time></trkpt>
<trkpt lat="33.0086671" lon="35.1900772"><ele>225.8</ele><time>2025-09-10T04:38:41Z</time></trkpt>
<trkpt lat="33.0086637" lon="35.1900963"><ele>225.9</ele><time>2025-09-10T04:38:42Z</time></trkpt>
<trkpt lat="33.0086598" lon="35.190116"><ele>226.0</ele><time>2025-09-10T04:38:43Z</time></trkpt>
<trkpt lat="33.0086559" lon="35.1901357"><ele>226.2</ele><time>2025-09-10T04:38:44Z</time></trkpt>
<trkpt lat="33.0086524" lon="35.1901545"><ele>226.3</ele><time>2025-09-10T04:38:45Z</time></trkpt>
<trkpt lat="33.0086494" lon="35.1901731"><ele>226.5</ele><time>2025-09-10T04:38:46Z</time></trkpt>
<trkpt lat="33.0086464" lon="35.1901922"><ele>226.6</ele><time>2025-09-10T04:38:47Z</time></trkpt>
<trkpt lat="33.0086436" lon="35.1902114"><ele>226.7</ele><time>2025-09-10T04:38:48Z</time></trkpt>
<trkpt lat="33.0086413" lon="35.1902305"><ele>226.9</ele><time>2025-09-10T04:38:49Z</time></trkpt>
<trkpt lat="33.0086397" lon="35.1902496"><ele>227.0</ele><time>2025-09-10T04:38:50Z</time></trkpt>
<trkpt lat="33.0086385" lon="35.1902686"><ele>227.1</ele><time>2025-09-10T04:38:51Z</time></trkpt>
<trkpt lat="33.0086375" lon="35.1902878"><ele>227.3</ele><time>2025-09-10T04:38:52Z</time></trkpt>
<trkpt lat="33.0086364" lon="35.1903071"><ele>227.4</ele><time>2025-09-10T04:38:53Z</time></trkpt>
<trkpt lat="33.0086349" lon="35.1903263"><ele>227.5</ele><time>2025-09-10T04:38:54Z</time></trkpt>
<trkpt lat="33.008633" lon="35.1903456"><ele>227.7</ele><time>2025-09-10T04:38:55Z</time></trkpt>
<trkpt lat="33.0086309" lon="35.1903652"><ele>227.8</ele><time>2025-09-10T04:38:56Z</time></trkpt>
<trkpt lat="33.0086289" lon="35.1903854"><ele>227.9</ele><time>2025-09-10T04:38:57Z</time></trkpt>
<trkpt lat="33.0086265" lon="35.190406"><ele>228.0</ele><time>2025-09-10T04:38:58Z</time></trkpt>
<trkpt lat="33.0086238" lon="35.1904266"><ele>228.2</ele><time>2025-09-10T04:38:59Z</time></trkpt>
<trkpt lat="33.0086212" lon="35.1904472"><ele>228.3</ele><time>2025-09-10T04:39:00Z</time></trkpt>
<trkpt lat="33.008619" lon="35.1904677"><ele>228.4</ele><time>2025-09-10T04:39:01Z</time></trkpt>
<trkpt lat="33.0086169" lon="35.1904882"><ele>228.5</ele><time>2025-09-10T04:39:02Z</time></trkpt>
<trkpt lat="33.0086144" lon="35.1905086"><ele>228.6</ele><time>2025-09-10T04:39:03Z</time></trkpt>
<trkpt lat="33.0086118" lon="35.1905289"><ele>228.7</ele><time>2025-09-10T04:39:04Z</time></trkpt>
<trkpt lat="33.0086098" lon="35.190549"><ele>228.8</ele><time>2025-09-10T04:39:05Z</time></trkpt>
<trkpt lat="33.0086085" lon="35.1905688"><ele>228.9</ele><time>2025-09-10T04:39:06Z</time></trkpt>
<trkpt lat="33.0086077" lon="35.1905878"><ele>229.0</ele><time>2025-09-10T04:39:07Z</time></trkpt>
<trkpt lat="33.0086069" lon="35.1906067"><ele>229.1</ele><time>2025-09-10T04:39:08Z</time></trkpt>
<trkpt lat="33.0086058" lon="35.1906262"><ele>229.1</ele><time>2025-09-10T04:39:09Z</time></trkpt>
<trkpt lat="33.008604" lon="35.1906462"><ele>229.2</ele><time>2025-09-10T04:39:10Z</time></trkpt>
<trkpt lat="33.0086013" lon="35.1906661"><ele>229.2</ele><time>2025-09-10T04:39:11Z</time></trkpt>
<trkpt lat="33.0085981" lon="35.1906858"><ele>229.3</ele><time>2025-09-10T04:39:12Z</time></trkpt>
<trkpt lat="33.0085947" lon="35.1907058"><ele>229.3</ele><time>2025-09-10T04:39:13Z</time></trkpt>
<trkpt lat="33.0085913" lon="35.1907259"><ele>229.4</ele><time>2025-09-10T04:39:14Z</time></trkpt>
<trkpt lat="33.0085878" lon="35.1907464"><ele>229.4</ele><time>2025-09-10T04:39:15Z</time></trkpt>
<trkpt lat="33.0085843" lon="35.1907673"><ele>229.5</ele><time>2025-09-10T04:39:16Z</time></trkpt>
<trkpt lat="33.0085809" lon="35.1907881"><ele>229.5</ele><time>2025-09-10T04:39:17Z</time></trkpt>
<trkpt lat="33.0085774" lon="35.1908086"><ele>229.5</ele><time>2025-09-10T04:39:18Z</time></trkpt>
<trkpt lat="33.0085739" lon="35.1908295"><ele>229.6</ele><time>2025-09-10T04:39:19Z</time></trkpt>
<trkpt lat="33.0085706" lon="35.1908504"><ele>229.6</ele><time>2025-09-10T04:39:20Z</time></trkpt>
<trkpt lat="33.0085675" lon="35.190871"><ele>229.7</ele><time>2025-09-10T04:39:21Z</time></trkpt>
<trkpt lat="33.0085646" lon="35.1908916"><ele>229.7</ele><time>2025-09-10T04:39:22Z</time></trkpt>
<trkpt lat="33.0085617" lon="35.1909119"><ele>229.8</ele><time>2025-09-10T04:39:23Z</time></trkpt>
<trkpt lat="33.0085588" lon="35.1909321"><ele>229.8</ele><time>2025-09-10T04:39:24Z</time></trkpt>
<trkpt lat="33.0085554" lon="35.1909523"><ele>229.9</ele><time>2025-09-10T04:39:25Z</time></trkpt>
<trkpt lat="33.0085516" lon="35.1909725"><ele>230.0</ele><time>2025-09-10T04:39:26Z</time></trkpt>
<trkpt lat="33.0085474" lon="35.1909929"><ele>230.1</ele><time>2025-09-10T04:39:27Z</time></trkpt>
<trkpt lat="33.0085431" lon="35.1910135"><ele>230.1</ele><time>2025-09-10T04:39:28Z</time></trkpt>
<trkpt lat="33.0085386" lon="35.1910343"><ele>230.2</ele><time>2025-09-10T04:39:29Z</time></trkpt>
<trkpt lat="33.0085342" lon="35.1910548"><ele>230.3</ele><time>2025-09-10T04:39:30Z</time></trkpt>
<trkpt lat="33.0085301" lon="35.1910749"><ele>230.4</ele><time>2025-09-10T04:39:31Z</time></trkpt>
<trkpt lat="33.0085264" lon="35.1910943"><ele>230.5</ele><time>2025-09-10T04:39:32Z</time></trkpt>
<trkpt lat="33.0085231" lon="35.1911132"><ele>230.6</ele><time>2025-09-10T04:39:33Z</time></trkpt>
<trkpt lat="33.0085202" lon="35.1911325"><ele>230.7</ele><time>2025-09-10T04:39:34Z</time></trkpt>
<trkpt lat="33.0085174" lon="35.1911523"><ele>230.9</ele><time>2025-09-10T04:39:35Z</time></trkpt>
<trkpt lat="33.0085143" lon="35.1911726"><ele>231.0</ele><time>2025-09-10T04:39:36Z</time></trkpt>
<trkpt lat="33.0085112" lon="35.1911932"><ele>231.1</ele><time>2025-09-10T04:39:37Z</time></trkpt>
<trkpt lat="33.008508" lon="35.1912139"><ele>231.2</ele><time>2025-09-10T04:39:38Z</time></trkpt>
<trkpt lat="33.0085048" lon="35.1912343"><ele>231.3</ele><time>2025-09-10T04:39:39Z</time></trkpt>
<trkpt lat="33.0085013" lon="35.1912545"><ele>231.4</ele><time>2025-09-10T04:39:40Z</time></trkpt>
<trkpt lat="33.0084978" lon="35.1912745"><ele>231.5</ele><time>2025-09-10T04:39:41Z</time></trkpt>
<trkpt lat="33.0084942" lon="35.1912945"><ele>231.6</ele><time>2025-09-10T04:39:42Z</time></trkpt>
<trkpt lat="33.0084904" lon="35.1913145"><ele>231.7</ele><time>2025-09-10T04:39:43Z</time></trkpt>
<trkpt lat="33.0084873" lon="35.1913343"><ele>231.8</ele><time>2025-09-10T04:39:44Z</time></trkpt>
<trkpt lat="33.0084843" lon="35.1913546"><ele>231.9</ele><time>2025-09-10T04:39:45Z</time></trkpt>
<trkpt lat="33.0084812" lon="35.1913749"><ele>232.1</ele><time>2025-09-10T04:39:46Z</time></trkpt>
<trkpt lat="33.0084787" lon="35.1913946"><ele>232.2</ele><time>2025-09-10T04:39:47Z</time></trkpt>
<trkpt lat="33.0084766" lon="35.191414"><ele>232.3</ele><time>2025-09-10T04:39:48Z</time></trkpt>
<trkpt lat="33.0084744" lon="35.1914338"><ele>232.4</ele><time>2025-09-10T04:39:49Z</time></trkpt>
<trkpt lat="33.0084718" lon="35.1914541"><ele>232.5</ele><time>2025-09-10T04:39:50Z</time></trkpt>
<trkpt lat="33.0084689" lon="35.1914748"><ele>232.6</ele><time>2025-09-10T04:39:51Z</time></trkpt>
<trkpt lat="33.0084661" lon="35.1914956"><ele>232.7</ele><time>2025-09-10T04:39:52Z</time></trkpt>
<trkpt lat="33.0084635" lon="35.1915164"><ele>232.8</ele><time>2025-09-10T04:39:53Z</time></trkpt>
<trkpt lat="33.008461" lon="35.1915372"><ele>232.9</ele><time>2025-09-10T04:39:54Z</time></trkpt>
<trkpt lat="33.0084584" lon="35.191558"><ele>233.0</ele><time>2025-09-10T04:39:55Z</time></trkpt>
<trkpt lat="33.0084554" lon="35.191579"><ele>233.1</ele><time>2025-09-10T04:39:56Z</time></trkpt>
<trkpt lat="33.0084522" lon="35.1915998"><ele>233.2</ele><time>2025-09-10T04:39:57Z</time></trkpt>
<trkpt lat="33.008449" lon="35.1916199"><ele>233.3</ele><time>2025-09-10T04:39:58Z</time></trkpt>
<trkpt lat="33.0084459" lon="35.19164"><ele>233.4</ele><time>2025-09-10T04:39:59Z</time></trkpt>
<trkpt lat="33.0084431" lon="35.1916605"><ele>233.5</ele><time>2025-09-10T04:40:00Z</time></trkpt>
<trkpt lat="33.0084408" lon="35.1916808"><ele>233.6</ele><time>2025-09-10T04:40:01Z</time></trkpt>
<trkpt lat="33.0084391" lon="35.1917012"><ele>233.7</ele><time>2025-09-10T04:40:02Z</time></trkpt>
<trkpt lat="33.0084375" lon="35.1917218"><ele>233.8</ele><time>2025-09-10T04:40:03Z</time></trkpt>
<trkpt lat="33.0084355" lon="35.1917423"><ele>233.9</ele><time>2025-09-10T04:40:04Z</time></trkpt>
<trkpt lat="33.0084327" lon="35.1917628"><ele>234.0</ele><time>2025-09-10T04:40:05Z</time></trkpt>
<trkpt lat="33.0084296" lon="35.1917832"><ele>234.1</ele><time>2025-09-10T04:40:06Z</time></trkpt>
<trkpt lat="33.0084267" lon="35.1918027"><ele>234.2</ele><time>2025-09-10T04:40:07Z</time></trkpt>
<trkpt lat="33.0084239" lon="35.1918217"><ele>234.3</ele><time>2025-09-10T04:40:08Z</time></trkpt>
<trkpt lat="33.008421" lon="35.1918412"><ele>234.4</ele><time>2025-09-10T04:40:09Z</time></trkpt>
<trkpt lat="33.0084182" lon="35.1918612"><ele>234.5</ele><time>2025-09-10T04:40:10Z</time></trkpt>
<trkpt lat="33.008415" lon="35.1918814"><ele>234.5</ele><time>2025-09-10T04:40:11Z</time></trkpt>
<trkpt lat="33.0084117" lon="35.1919016"><ele>234.6</ele><time>2025-09-10T04:40:12Z</time></trkpt>
<trkpt lat="33.0084086" lon="35.1919219"><ele>234.7</ele><time>2025-09-10T04:40:13Z</time></trkpt>
<trkpt lat="33.0084056" lon="35.1919424"><ele>234.8</ele><time>2025-09-10T04:40:14Z</time></trkpt>
<trkpt lat="33.0084026" lon="35.1919624"><ele>234.9</ele><time>2025-09-10T04:40:15Z</time></trkpt>
<trkpt lat="33.0083994" lon="35.191982"><ele>235.0</ele><time>2025-09-10T04:40:16Z</time></trkpt>
<trkpt lat="33.0083964" lon="35.1920014"><ele>235.1</ele><time>2025-09-10T04:40:17Z</time></trkpt>
<trkpt lat="33.0083938" lon="35.192021"><ele>235.2</ele><time>2025-09-10T04:40:18Z</time></trkpt>
<trkpt lat="33.0083914" lon="35.1920409"><ele>235.3</ele><time>2025-09-10T04:40:19Z</time></trkpt>
<trkpt lat="33.0083889" lon="35.1920609"><ele>235.4</ele><time>2025-09-10T04:40:20Z</time></trkpt>
<trkpt lat="33.0083863" lon="35.1920811"><ele>235.5</ele><time>2025-09-10T04:40:21Z</time></trkpt>
<trkpt lat="33.0083839" lon="35.1921007"><ele>235.6</ele><time>2025-09-10T04:40:22Z</time></trkpt>
<trkpt lat="33.0083815" lon="35.1921195"><ele>235.7</ele><time>2025-09-10T04:40:23Z</time></trkpt>
<trkpt lat="33.0083796" lon="35.1921385"><ele>235.7</ele><time>2025-09-10T04:40:24Z</time></trkpt>
<trkpt lat="33.0083779" lon="35.1921579"><ele>235.8</ele><time>2025-09-10T04:40:25Z</time></trkpt>
<trkpt lat="33.008376" lon="35.1921775"><ele>235.9</ele><time>2025-09-10T04:40:26Z</time></trkpt>
<trkpt lat="33.0083735" lon="35.1921962"><ele>236.0</ele><time>2025-09-10T04:40:27Z</time></trkpt>
<trkpt lat="33.008371" lon="35.1922144"><ele>236.1</ele><time>2025-09-10T04:40:28Z</time></trkpt>
<trkpt lat="33.0083687" lon="35.1922338"><ele>236.2</ele><time>2025-09-10T04:40:29Z</time></trkpt>
<trkpt lat="33.0083666" lon="35.1922538"><ele>236.3</ele><time>2025-09-10T04:40:30Z</time></trkpt>
<trkpt lat="33.0083641" lon="35.1922734"><ele>236.3</ele><time>2025-09-10T04:40:31Z</time></trkpt>
<trkpt lat="33.0083613" lon="35.1922922"><ele>236.4</ele><time>2025-09-10T04:40:32Z</time></trkpt>
<trkpt lat="33.0083587" lon="35.1923103"><ele>236.5</ele><time>2025-09-10T04:40:33Z</time></trkpt>
<trkpt lat="33.0083572" lon="35.192329"><ele>236.6</ele><time>2025-09-10T04:40:34Z</time></trkpt>
<trkpt lat="33.0083565" lon="35.1923486"><ele>236.7</ele><time>2025-09-10T04:40:35Z</time></trkpt>
<trkpt lat="33.0083557" lon="35.1923679"><ele>236.8</ele><time>2025-09-10T04:40:36Z</time></trkpt>
<trkpt lat="33.0083547" lon="35.1923868"><ele>236.9</ele><time>2025-09-10T04:40:37Z</time></trkpt>
<trkpt lat="33.0083536" lon="35.1924052"><ele>236.9</ele><time>2025-09-10T04:40:38Z</time></trkpt>
<trkpt lat="33.0083526" lon="35.1924235"><ele>237.0</ele><time>2025-09-10T04:40:39Z</time></trkpt>
<trkpt lat="33.0083521" lon="35.1924425"><ele>237.1</ele><time>2025-09-10T04:40:40Z</time></trkpt>
<trkpt lat="33.0083521" lon="35.1924615"><ele>237.2</ele><time>2025-09-10T04:40:41Z</time></trkpt>
<trkpt lat="33.0083527" lon="35.1924808"><ele>237.3</ele><time>2025-09-10T04:40:42Z</time></trkpt>
<trkpt lat="33.0083535" lon="35.1925003"><ele>237.4</ele><time>2025-09-10T04:40:43Z</time></trkpt>
<trkpt lat="33.008355" lon="35.1925196"><ele>237.5</ele><time>2025-09-10T04:40:44Z</time></trkpt>
<trkpt lat="33.0083568" lon="35.1925387"><ele>237.6</ele><time>2025-09-10T04:40:45Z</time></trkpt>
<trkpt lat="33.0083586" lon="35.1925585"><ele>237.6</ele><time>2025-09-10T04:40:46Z</time></trkpt>
<trkpt lat="33.0083611" lon="35.1925789"><ele>237.7</ele><time>2025-09-10T04:40:47Z</time></trkpt>
<trkpt lat="33.008364" lon="35.192599"><ele>237.8</ele><time>2025-09-10T04:40:48Z</time></trkpt>
<trkpt lat="33.008367" lon="35.1926191"><ele>237.9</ele><time>2025-09-10T04:40:49Z</time></trkpt>
<trkpt lat="33.0083699" lon="35.192639"><ele>238.0</ele><time>2025-09-10T04:40:50Z</time></trkpt>
<trkpt lat="33.0083727" lon="35.1926592"><ele>238.1</ele><time>2025-09-10T04:40:51Z</time></trkpt>
<trkpt lat="33.0083759" lon="35.19268"><ele>238.1</ele><time>2025-09-10T04:40:52Z</time></trkpt>
<trkpt lat="33.0083794" lon="35.1927007"><ele>238.2</ele><time>2025-09-10T04:40:53Z</time></trkpt>
<trkpt lat="33.0083831" lon="35.1927212"><ele>238.3</ele><time>2025-09-10T04:40:54Z</time></trkpt>
<trkpt lat="33.0083864" lon="35.1927409"><ele>238.4</ele><time>2025-09-10T04:40:55Z</time></trkpt>
<trkpt lat="33.0083894" lon="35.1927603"><ele>238.4</ele><time>2025-09-10T04:40:56Z</time></trkpt>
<trkpt lat="33.0083926" lon="35.1927809"><ele>238.5</ele><time>2025-09-10T04:40:57Z</time></trkpt>
<trkpt lat="33.0083961" lon="35.1928027"><ele>238.6</ele><time>2025-09-10T04:40:58Z</time></trkpt>
<trkpt lat="33.0083995" lon="35.1928242"><ele>238.7</ele><time>2025-09-10T04:40:59Z</time></trkpt>
<trkpt lat="33.0084028" lon="35.1928451"><ele>238.7</ele><time>2025-09-10T04:41:00Z</time></trkpt>
<trkpt lat="33.0084062" lon="35.1928656"><ele>238.8</ele><time>2025-09-10T04:41:01Z</time></trkpt>
<trkpt lat="33.0084097" lon="35.1928858"><ele>238.9</ele><time>2025-09-10T04:41:02Z</time></trkpt>
<trkpt lat="33.0084137" lon="35.192907"><ele>238.9</ele><time>2025-09-10T04:41:03Z</time></trkpt>
<trkpt lat="33.0084176" lon="35.1929291"><ele>239.0</ele><time>2025-09-10T04:41:04Z</time></trkpt>
<trkpt lat="33.0084212" lon="35.1929507"><ele>239.1</ele><time>2025-09-10T04:41:05Z</time></trkpt>
<trkpt lat="33.0084244" lon="35.1929718"><ele>239.2</ele><time>2025-09-10T04:41:06Z</time></trkpt>
<trkpt lat="33.0084268" lon="35.1929919"><ele>239.2</ele><time>2025-09-10T04:41:07Z</time></trkpt>
<trkpt lat="33.0084291" lon="35.1930109"><ele>239.3</ele><time>2025-09-10T04:41:08Z</time></trkpt>
<trkpt lat="33.0084315" lon="35.1930291"><ele>239.4</ele><time>2025-09-10T04:41:09Z</time></trkpt>
<trkpt lat="33.0084343" lon="35.1930468"><ele>239.5</ele><time>2025-09-10T04:41:10Z</time></trkpt>
<trkpt lat="33.0084372" lon="35.1930641"><ele>239.5</ele><time>2025-09-10T04:41:11Z</time></trkpt>
<trkpt lat="33.0084398" lon="35.1930811"><ele>239.6</ele><time>2025-09-10T04:41:12Z</time></trkpt>
<trkpt lat="33.0084427" lon="35.1930986"><ele>239.7</ele><time>2025-09-10T04:41:13Z</time></trkpt>
<trkpt lat="33.0084458" lon="35.1931165"><ele>239.8</ele><time>2025-09-10T04:41:14Z</time></trkpt>
<trkpt lat="33.0084485" lon="35.1931344"><ele>239.9</ele><time>2025-09-10T04:41:15Z</time></trkpt>
<trkpt lat="33.0084506" lon="35.1931519"><ele>240.0</ele><time>2025-09-10T04:41:16Z</time></trkpt>
<trkpt lat="33.0084533" lon="35.1931687"><ele>240.1</ele><time>2025-09-10T04:41:17Z</time></trkpt>
<trkpt lat="33.0084564" lon="35.1931859"><ele>240.2</ele><time>2025-09-10T04:41:18Z</time></trkpt>
<trkpt lat="33.0084597" lon="35.1932053"><ele>240.3</ele><time>2025-09-10T04:41:19Z</time></trkpt>
<trkpt lat="33.0084633" lon="35.1932252"><ele>240.4</ele><time>2025-09-10T04:41:20Z</time></trkpt>
<trkpt lat="33.0084667" lon="35.1932438"><ele>240.6</ele><time>2025-09-10T04:41:21Z</time></trkpt>
<trkpt lat="33.0084697" lon="35.1932624"><ele>240.7</ele><time>2025-09-10T04:41:22Z</time></trkpt>
<trkpt lat="33.0084726" lon="35.1932819"><ele>240.8</ele><time>2025-09-10T04:41:23Z</time></trkpt>
<trkpt lat="33.0084755" lon="35.1933011"><ele>240.9</ele><time>2025-09-10T04:41:24Z</time></trkpt>
<trkpt lat="33.0084784" lon="35.1933205"><ele>241.0</ele><time>2025-09-10T04:41:25Z</time></trkpt>
<trkpt lat="33.0084814" lon="35.1933398"><ele>241.2</ele><time>2025-09-10T04:41:26Z</time></trkpt>
<trkpt lat="33.0084847" lon="35.193359"><ele>241.3</ele><time>2025-09-10T04:41:27Z</time></trkpt>
<trkpt lat="33.0084884" lon="35.1933785"><ele>241.4</ele><time>2025-09-10T04:41:28Z</time></trkpt>
<trkpt lat="33.0084919" lon="35.1933976"><ele>241.6</ele><time>2025-09-10T04:41:29Z</time></trkpt>
<trkpt lat="33.0084954" lon="35.1934168"><ele>241.7</ele><time>2025-09-10T04:41:30Z</time></trkpt>
<trkpt lat="33.0084994" lon="35.1934372"><ele>241.8</ele><time>2025-09-10T04:41:31Z</time></trkpt>
<trkpt lat="33.0085034" lon="35.1934571"><ele>242.0</ele><time>2025-09-10T04:41:32Z</time></trkpt>
<trkpt lat="33.0085068" lon="35.1934761"><ele>242.1</ele><time>2025-09-10T04:41:33Z</time></trkpt>
<trkpt lat="33.0085098" lon="35.1934943"><ele>242.3</ele><time>2025-09-10T04:41:34Z</time></trkpt>
<trkpt lat="33.0085127" lon="35.1935125"><ele>242.4</ele><time>2025-09-10T04:41:35Z</time></trkpt>
<trkpt lat="33.008516" lon="35.1935316"><ele>242.5</ele><time>2025-09-10T04:41:36Z</time></trkpt>
<trkpt lat="33.0085194" lon="35.1935503"><ele>242.7</ele><time>2025-09-10T04:41:37Z</time></trkpt>
<trkpt lat="33.0085228" lon="35.1935697"><ele>242.8</ele><time>2025-09-10T04:41:38Z</time></trkpt>
<trkpt lat="33.008526" lon="35.1935898"><ele>243.0</ele><time>2025-09-10T04:41:39Z</time></trkpt>
<trkpt lat="33.0085292" lon="35.1936072"><ele>243.1</ele><time>2025-09-10T04:41:40Z</time></trkpt>
<trkpt lat="33.0085326" lon="35.1936234"><ele>243.2</ele><time>2025-09-10T04:41:41Z</time></trkpt>
<trkpt lat="33.0085357" lon="35.1936412"><ele>243.4</ele><time>2025-09-10T04:41:42Z</time></trkpt>
<trkpt lat="33.0085388" lon="35.1936597"><ele>243.5</ele><time>2025-09-10T04:41:43Z</time></trkpt>
<trkpt lat="33.0085416" lon="35.1936783"><ele>243.7</ele><time>2025-09-10T04:41:44Z</time></trkpt>
<trkpt lat="33.008544" lon="35.193698"><ele>243.8</ele><time>2025-09-10T04:41:45Z</time></trkpt>
<trkpt lat="33.0085464" lon="35.193718"><ele>243.9</ele><time>2025-09-10T04:41:46Z</time></trkpt>
<trkpt lat="33.008549" lon="35.1937377"><ele>244.0</ele><time>2025-09-10T04:41:47Z</time></trkpt>
<trkpt lat="33.0085518" lon="35.1937575"><ele>244.2</ele><time>2025-09-10T04:41:48Z</time></trkpt>
<trkpt lat="33.0085546" lon="35.1937766"><ele>244.3</ele><time>2025-09-10T04:41:49Z</time></trkpt>
<trkpt lat="33.0085568" lon="35.1937954"><ele>244.4</ele><time>2025-09-10T04:41:50Z</time></trkpt>
<trkpt lat="33.0085585" lon="35.1938135"><ele>244.5</ele><time>2025-09-10T04:41:51Z</time></trkpt>
<trkpt lat="33.0085601" lon="35.1938312"><ele>244.7</ele><time>2025-09-10T04:41:52Z</time></trkpt>
<trkpt lat="33.0085622" lon="35.1938493"><ele>244.8</ele><time>2025-09-10T04:41:53Z</time></trkpt>
<trkpt lat="33.0085648" lon="35.1938679"><ele>244.9</ele><time>2025-09-10T04:41:54Z</time></trkpt>
<trkpt lat="33.0085676" lon="35.1938859"><ele>245.0</ele><time>2025-09-10T04:41:55Z</time></trkpt>
<trkpt lat="33.0085704" lon="35.1939037"><ele>245.1</ele><time>2025-09-10T04:41:56Z</time></trkpt>
<trkpt lat="33.0085732" lon="35.1939218"><ele>245.2</ele><time>2025-09-10T04:41:57Z</time></trkpt>
<trkpt lat="33.0085762" lon="35.1939399"><ele>245.3</ele><time>2025-09-10T04:41:58Z</time></trkpt>
<trkpt lat="33.0085792" lon="35.1939585"><ele>245.4</ele><time>2025-09-10T04:41:59Z</time></trkpt>
<trkpt lat="33.0085822" lon="35.1939768"><ele>245.5</ele><time>2025-09-10T04:42:00Z</time></trkpt>
<trkpt lat="33.0085854" lon="35.1939942"><ele>245.6</ele><time>2025-09-10T04:42:01Z</time></trkpt>
<trkpt lat="33.0085885" lon="35.1940112"><ele>245.7</ele><time>2025-09-10T04:42:02Z</time></trkpt>
<trkpt lat="33.0085912" lon="35.1940287"><ele>245.8</ele><time>2025-09-10T04:42:03Z</time></trkpt>
<trkpt lat="33.0085941" lon="35.1940469"><ele>245.9</ele><time>2025-09-10T04:42:04Z</time></trkpt>
<trkpt lat="33.0085972" lon="35.1940651"><ele>246.0</ele><time>2025-09-10T04:42:05Z</time></trkpt>
<trkpt lat="33.0086006" lon="35.1940831"><ele>246.1</ele><time>2025-09-10T04:42:06Z</time></trkpt>
<trkpt lat="33.0086043" lon="35.1941017"><ele>246.2</ele><time>2025-09-10T04:42:07Z</time></trkpt>
<trkpt lat="33.0086082" lon="35.1941205"><ele>246.3</ele><time>2025-09-10T04:42:08Z</time></trkpt>
<trkpt lat="33.0086121" lon="35.1941392"><ele>246.3</ele><time>2025-09-10T04:42:09Z</time></trkpt>
<trkpt lat="33.0086158" lon="35.194158"><ele>246.4</ele><time>2025-09-10T04:42:10Z</time></trkpt>
<trkpt lat="33.0086196" lon="35.1941767"><ele>246.5</ele><time>2025-09-10T04:42:11Z</time></trkpt>
<trkpt lat="33.0086237" lon="35.1941952"><ele>246.6</ele><time>2025-09-10T04:42:12Z</time></trkpt>
<trkpt lat="33.0086279" lon="35.1942131"><ele>246.7</ele><time>2025-09-10T04:42:13Z</time></trkpt>
<trkpt lat="33.0086329" lon="35.194231"><ele>246.7</ele><time>2025-09-10T04:42:14Z</time></trkpt>
<trkpt lat="33.0086388" lon="35.1942492"><ele>246.8</ele><time>2025-09-10T04:42:15Z</time></trkpt>
<trkpt lat="33.0086443" lon="35.1942672"><ele>246.9</ele><time>2025-09-10T04:42:16Z</time></trkpt>
<trkpt lat="33.0086496" lon="35.194285"><ele>247.0</ele><time>2025-09-10T04:42:17Z</time></trkpt>
<trkpt lat="33.0086554" lon="35.1943029"><ele>247.1</ele><time>2025-09-10T04:42:18Z</time></trkpt>
<trkpt lat="33.0086612" lon="35.19432"><ele>247.2</ele><time>2025-09-10T04:42:19Z</time></trkpt>
<trkpt lat="33.0086664" lon="35.1943366"><ele>247.2</ele><time>2025-09-10T04:42:20Z</time></trkpt>
<trkpt lat="33.0086716" lon="35.1943535"><ele>247.3</ele><time>2025-09-10T04:42:21Z</time></trkpt>
<trkpt lat="33.0086771" lon="35.19437"><ele>247.4</ele><time>2025-09-10T04:42:22Z</time></trkpt>
<trkpt lat="33.0086832" lon="35.1943864"><ele>247.5</ele><time>2025-09-10T04:42:23Z</time></trkpt>
<trkpt lat="33.0086898" lon="35.1944028"><ele>247.6</ele><time>2025-09-10T04:42:24Z</time></trkpt>
<trkpt lat="33.0086962" lon="35.1944187"><ele>247.7</ele><time>2025-09-10T04:42:25Z</time></trkpt>
<trkpt lat="33.0087022" lon="35.194435"><ele>247.8</ele><time>2025-09-10T04:42:26Z</time></trkpt>
<trkpt lat="33.0087083" lon="35.1944514"><ele>248.0</ele><time>2025-09-10T04:42:27Z</time></trkpt>
<trkpt lat="33.008715" lon="35.1944665"><ele>248.1</ele><time>2025-09-10T04:42:28Z</time></trkpt>
<trkpt lat="33.0087224" lon="35.1944818"><ele>248.2</ele><time>2025-09-10T04:42:29Z</time></trkpt>
<trkpt lat="33.0087304" lon="35.1944975"><ele>248.3</ele><time>2025-09-10T04:42:30Z</time></trkpt>
<trkpt lat="33.0087384" lon="35.1945127"><ele>248.4</ele><time>2025-09-10T04:42:31Z</time></trkpt>
<trkpt lat="33.0087465" lon="35.1945278"><ele>248.6</ele><time>2025-09-10T04:42:32Z</time></trkpt>
<trkpt lat="33.0087546" lon="35.1945433"><ele>248.7</ele><time>2025-09-10T04:42:33Z</time></trkpt>
<trkpt lat="33.0087626" lon="35.1945585"><ele>248.8</ele><time>2025-09-10T04:42:34Z</time></trkpt>
<trkpt lat="33.0087707" lon="35.1945733"><ele>248.9</ele><time>2025-09-10T04:42:35Z</time></trkpt>
<trkpt lat="33.008779" lon="35.1945883"><ele>249.1</ele><time>2025-09-10T04:42:36Z</time></trkpt>
<trkpt lat="33.0087871" lon="35.1946041"><ele>249.2</ele><time>2025-09-10T04:42:37Z</time></trkpt>
<trkpt lat="33.0087947" lon="35.1946199"><ele>249.3</ele><time>2025-09-10T04:42:38Z</time></trkpt>
<trkpt lat="33.0088022" lon="35.1946356"><ele>249.4</ele><time>2025-09-10T04:42:39Z</time></trkpt>
<trkpt lat="33.0088094" lon="35.1946513"><ele>249.6</ele><time>2025-09-10T04:42:40Z</time></trkpt>
<trkpt lat="33.0088162" lon="35.1946673"><ele>249.7</ele><time>2025-09-10T04:42:41Z</time></trkpt>
<trkpt lat="33.0088228" lon="35.1946836"><ele>249.8</ele><time>2025-09-10T04:42:42Z</time></trkpt>
<trkpt lat="33.0088296" lon="35.1946996"><ele>249.9</ele><time>2025-09-10T04:42:43Z</time></trkpt>
<trkpt lat="33.0088369" lon="35.1947149"><ele>250.0</ele><time>2025-09-10T04:42:44Z</time></trkpt>
<trkpt lat="33.0088446" lon="35.1947297"><ele>250.1</ele><time>2025-09-10T04:42:45Z</time></trkpt>
<trkpt lat="33.0088526" lon="35.1947451"><ele>250.2</ele><time>2025-09-10T04:42:46Z</time></trkpt>
<trkpt lat="33.0088606" lon="35.1947612"><ele>250.4</ele><time>2025-09-10T04:42:47Z</time></trkpt>
<trkpt lat="33.0088683" lon="35.1947775"><ele>250.5</ele><time>2025-09-10T04:42:48Z</time></trkpt>
<trkpt lat="33.0088762" lon="35.1947939"><ele>250.6</ele><time>2025-09-10T04:42:49Z</time></trkpt>
<trkpt lat="33.0088839" lon="35.1948105"><ele>250.7</ele><time>2025-09-10T04:42:50Z</time></trkpt>
<trkpt lat="33.0088917" lon="35.1948268"><ele>250.8</ele><time>2025-09-10T04:42:51Z</time></trkpt>
<trkpt lat="33.0088999" lon="35.194843"><ele>250.9</ele><time>2025-09-10T04:42:52Z</time></trkpt>
<trkpt lat="33.0089084" lon="35.1948593"><ele>251.0</ele><time>2025-09-10T04:42:53Z</time></trkpt>
<trkpt lat="33.0089168" lon="35.1948754"><ele>251.1</ele><time>2025-09-10T04:42:54Z</time></trkpt>
<trkpt lat="33.0089246" lon="35.1948908"><ele>251.2</ele><time>2025-09-10T04:42:55Z</time></trkpt>
<trkpt lat="33.0089321" lon="35.1949056"><ele>251.3</ele><time>2025-09-10T04:42:56Z</time></trkpt>
<trkpt lat="33.0089398" lon="35.1949208"><ele>251.4</ele><time>2025-09-10T04:42:57Z</time></trkpt>
<trkpt lat="33.0089478" lon="35.1949362"><ele>251.5</ele><time>2025-09-10T04:42:58Z</time></trkpt>
<trkpt lat="33.0089558" lon="35.1949517"><ele>251.6</ele><time>2025-09-10T04:42:59Z</time></trkpt>
<trkpt lat="33.0089637" lon="35.194967"><ele>251.7</ele><time>2025-09-10T04:43:00Z</time></trkpt>
<trkpt lat="33.0089716" lon="35.1949823"><ele>251.8</ele><time>2025-09-10T04:43:01Z</time></trkpt>
<trkpt lat="33.0089799" lon="35.194998"><ele>251.9</ele><time>2025-09-10T04:43:02Z</time></trkpt>
<trkpt lat="33.0089879" lon="35.1950134"><ele>252.0</ele><time>2025-09-10T04:43:03Z</time></trkpt>
<trkpt lat="33.0089953" lon="35.1950277"><ele>252.1</ele><time>2025-09-10T04:43:04Z</time></trkpt>
<trkpt lat="33.0090026" lon="35.1950417"><ele>252.2</ele><time>2025-09-10T04:43:05Z</time></trkpt>
<trkpt lat="33.0090096" lon="35.195056"><ele>252.3</ele><time>2025-09-10T04:43:06Z</time></trkpt>
<trkpt lat="33.009016" lon="35.19507"><ele>252.4</ele><time>2025-09-10T04:43:07Z</time></trkpt>
<trkpt lat="33.0090226" lon="35.1950846"><ele>252.5</ele><time>2025-09-10T04:43:08Z</time></trkpt>
<trkpt lat="33.00903" lon="35.1950996"><ele>252.6</ele><time>2025-09-10T04:43:09Z</time></trkpt>
<trkpt lat="33.0090377" lon="35.1951143"><ele>252.7</ele><time>2025-09-10T04:43:10Z</time></trkpt>
<trkpt lat="33.0090451" lon="35.1951291"><ele>252.8</ele><time>2025-09-10T04:43:11Z</time></trkpt>
<trkpt lat="33.0090523" lon="35.1951444"><ele>252.9</ele><time>2025-09-10T04:43:12Z</time></trkpt>
<trkpt lat="33.0090598" lon="35.1951608"><ele>253.1</ele><time>2025-09-10T04:43:13Z</time></trkpt>
<trkpt lat="33.0090674" lon="35.1951781"><ele>253.2</ele><time>2025-09-10T04:43:14Z</time></trkpt>
<trkpt lat="33.0090747" lon="35.1951957"><ele>253.3</ele><time>2025-09-10T04:43:15Z</time></trkpt>
<trkpt lat="33.009082" lon="35.1952134"><ele>253.4</ele><time>2025-09-10T04:43:16Z</time></trkpt>
<trkpt lat="33.0090892" lon="35.1952306"><ele>253.5</ele><time>2025-09-10T04:43:17Z</time></trkpt>
<trkpt lat="33.0090961" lon="35.195248"><ele>253.6</ele><time>2025-09-10T04:43:18Z</time></trkpt>
<trkpt lat="33.0091028" lon="35.1952662"><ele>253.7</ele><time>2025-09-10T04:43:19Z</time></trkpt>
<trkpt lat="33.0091094" lon="35.1952845"><ele>253.8</ele><time>2025-09-10T04:43:20Z</time></trkpt>
<trkpt lat="33.0091164" lon="35.1953028"><ele>253.9</ele><time>2025-09-10T04:43:21Z</time></trkpt>
<trkpt lat="33.0091233" lon="35.1953206"><ele>254.0</ele><time>2025-09-10T04:43:22Z</time></trkpt>
<trkpt lat="33.0091299" lon="35.195338"><ele>254.1</ele><time>2025-09-10T04:43:23Z</time></trkpt>
<trkpt lat="33.009136" lon="35.1953558"><ele>254.2</ele><time>2025-09-10T04:43:24Z</time></trkpt>
<trkpt lat="33.0091415" lon="35.1953735"><ele>254.3</ele><time>2025-09-10T04:43:25Z</time></trkpt>
<trkpt lat="33.0091465" lon="35.1953908"><ele>254.4</ele><time>2025-09-10T04:43:26Z</time></trkpt>
<trkpt lat="33.0091515" lon="35.1954076"><ele>254.5</ele><time>2025-09-10T04:43:27Z</time></trkpt>
<trkpt lat="33.0091572" lon="35.1954247"><ele>254.6</ele><time>2025-09-10T04:43:28Z</time></trkpt>
<trkpt lat="33.0091634" lon="35.1954428"><ele>254.7</ele><time>2025-09-10T04:43:29Z</time></trkpt>
<trkpt lat="33.0091696" lon="35.1954617"><ele>254.8</ele><time>2025-09-10T04:43:30Z</time></trkpt>
<trkpt lat="33.0091756" lon="35.1954807"><ele>254.9</ele><time>2025-09-10T04:43:31Z</time></trkpt>
<trkpt lat="33.0091814" lon="35.1954999"><ele>255.0</ele><time>2025-09-10T04:43:32Z</time></trkpt>
<trkpt lat="33.0091873" lon="35.1955194"><ele>255.1</ele><time>2025-09-10T04:43:33Z</time></trkpt>
<trkpt lat="33.0091929" lon="35.1955389"><ele>255.2</ele><time>2025-09-10T04:43:34Z</time></trkpt>
<trkpt lat="33.0091983" lon="35.1955583"><ele>255.3</ele><time>2025-09-10T04:43:35Z</time></trkpt>
<trkpt lat="33.0092045" lon="35.1955781"><ele>255.3</ele><time>2025-09-10T04:43:36Z</time></trkpt>
<trkpt lat="33.0092112" lon="35.1955976"><ele>255.4</ele><time>2025-09-10T04:43:37Z</time></trkpt>
<trkpt lat="33.0092177" lon="35.1956163"><ele>255.5</ele><time>2025-09-10T04:43:38Z</time></trkpt>
<trkpt lat="33.0092244" lon="35.195635"><ele>255.5</ele><time>2025-09-10T04:43:39Z</time></trkpt>
<trkpt lat="33.0092316" lon="35.1956547"><ele>255.6</ele><time>2025-09-10T04:43:40Z</time></trkpt>
<trkpt lat="33.0092386" lon="35.1956746"><ele>255.7</ele><time>2025-09-10T04:43:41Z</time></trkpt>
<trkpt lat="33.0092446" lon="35.1956948"><ele>255.7</ele><time>2025-09-10T04:43:42Z</time></trkpt>
<trkpt lat="33.0092557" lon="35.1957331"><ele>255.9</ele><time>2025-09-10T04:43:44Z</time></trkpt>
<trkpt lat="33.0092593" lon="35.1957451"><ele>255.9</ele><time>2025-09-10T04:43:45Z</time></trkpt>
<trkpt lat="33.0092623" lon="35.1957584"><ele>255.9</ele><time>2025-09-10T04:43:46Z</time></trkpt>
<trkpt lat="33.0092649" lon="35.195773"><ele>256.0</ele><time>2025-09-10T04:43:47Z</time></trkpt>
<trkpt lat="33.0092679" lon="35.1957889"><ele>256.0</ele><time>2025-09-10T04:43:48Z</time></trkpt>
<trkpt lat="33.0092722" lon="35.1958053"><ele>256.1</ele><time>2025-09-10T04:43:49Z</time></trkpt>
<trkpt lat="33.0092778" lon="35.1958215"><ele>256.1</ele><time>2025-09-10T04:43:50Z</time></trkpt>
<trkpt lat="33.009284" lon="35.1958375"><ele>256.2</ele><time>2025-09-10T04:43:51Z</time></trkpt>
<trkpt lat="33.0092899" lon="35.1958543"><ele>256.2</ele><time>2025-09-10T04:43:52Z</time></trkpt>
<trkpt lat="33.009296" lon="35.1958717"><ele>256.3</ele><time>2025-09-10T04:43:53Z</time></trkpt>
<trkpt lat="33.0093021" lon="35.1958893"><ele>256.4</ele><time>2025-09-10T04:43:54Z</time></trkpt>
<trkpt lat="33.0093079" lon="35.1959073"><ele>256.4</ele><time>2025-09-10T04:43:55Z</time></trkpt>
<trkpt lat="33.0093134" lon="35.1959254"><ele>256.5</ele><time>2025-09-10T04:43:56Z</time></trkpt>
<trkpt lat="33.0093188" lon="35.195944"><ele>256.6</ele><time>2025-09-10T04:43:57Z</time></trkpt>
<trkpt lat="33.0093247" lon="35.1959629"><ele>256.6</ele><time>2025-09-10T04:43:58Z</time></trkpt>
<trkpt lat="33.0093314" lon="35.1959819"><ele>256.7</ele><time>2025-09-10T04:43:59Z</time></trkpt>
<trkpt lat="33.0093377" lon="35.1960005"><ele>256.8</ele><time>2025-09-10T04:44:00Z</time></trkpt>
<trkpt lat="33.009344" lon="35.1960192"><ele>256.9</ele><time>2025-09-10T04:44:01Z</time></trkpt>
<trkpt lat="33.0093506" lon="35.1960379"><ele>256.9</ele><time>2025-09-10T04:44:02Z</time></trkpt>
<trkpt lat="33.0093569" lon="35.196056"><ele>257.0</ele><time>2025-09-10T04:44:03Z</time></trkpt>
<trkpt lat="33.0093622" lon="35.1960738"><ele>257.1</ele><time>2025-09-10T04:44:04Z</time></trkpt>
<trkpt lat="33.0093668" lon="35.1960915"><ele>257.2</ele><time>2025-09-10T04:44:05Z</time></trkpt>
<trkpt lat="33.0093719" lon="35.1961095"><ele>257.3</ele><time>2025-09-10T04:44:06Z</time></trkpt>
<trkpt lat="33.0093773" lon="35.1961279"><ele>257.4</ele><time>2025-09-10T04:44:07Z</time></trkpt>
<trkpt lat="33.0093829" lon="35.1961467"><ele>257.5</ele><time>2025-09-10T04:44:08Z</time></trkpt>
<trkpt lat="33.009389" lon="35.1961659"><ele>257.6</ele><time>2025-09-10T04:44:09Z</time></trkpt>
<trkpt lat="33.0093961" lon="35.1961855"><ele>257.7</ele><time>2025-09-10T04:44:10Z</time></trkpt>
<trkpt lat="33.0094036" lon="35.1962053"><ele>257.8</ele><time>2025-09-10T04:44:11Z</time></trkpt>
<trkpt lat="33.0094107" lon="35.1962251"><ele>257.9</ele><time>2025-09-10T04:44:12Z</time></trkpt>
<trkpt lat="33.0094174" lon="35.1962445"><ele>258.0</ele><time>2025-09-10T04:44:13Z</time></trkpt>
<trkpt lat="33.0094235" lon="35.1962636"><ele>258.2</ele><time>2025-09-10T04:44:14Z</time></trkpt>
<trkpt lat="33.0094281" lon="35.1962829"><ele>258.3</ele><time>2025-09-10T04:44:15Z</time></trkpt>
<trkpt lat="33.009432" lon="35.1963022"><ele>258.4</ele><time>2025-09-10T04:44:16Z</time></trkpt>
<trkpt lat="33.0094372" lon="35.1963222"><ele>258.5</ele><time>2025-09-10T04:44:17Z</time></trkpt>
<trkpt lat="33.0094427" lon="35.1963425"><ele>258.6</ele><time>2025-09-10T04:44:18Z</time></trkpt>
<trkpt lat="33.0094487" lon="35.1963626"><ele>258.8</ele><time>2025-09-10T04:44:19Z</time></trkpt>
<trkpt lat="33.009455" lon="35.1963826"><ele>258.9</ele><time>2025-09-10T04:44:20Z</time></trkpt>
<trkpt lat="33.0094615" lon="35.1964023"><ele>259.0</ele><time>2025-09-10T04:44:21Z</time></trkpt>
<trkpt lat="33.0094678" lon="35.1964217"><ele>259.1</ele><time>2025-09-10T04:44:22Z</time></trkpt>
<trkpt lat="33.0094736" lon="35.1964406"><ele>259.3</ele><time>2025-09-10T04:44:23Z</time></trkpt>
<trkpt lat="33.0094796" lon="35.1964592"><ele>259.4</ele><time>2025-09-10T04:44:24Z</time></trkpt>
<trkpt lat="33.0094851" lon="35.1964781"><ele>259.5</ele><time>2025-09-10T04:44:25Z</time></trkpt>
<trkpt lat="33.0094902" lon="35.1964971"><ele>259.7</ele><time>2025-09-10T04:44:26Z</time></trkpt>
<trkpt lat="33.0094953" lon="35.1965161"><ele>259.8</ele><time>2025-09-10T04:44:27Z</time></trkpt>
<trkpt lat="33.0095003" lon="35.1965346"><ele>259.9</ele><time>2025-09-10T04:44:28Z</time></trkpt>
<trkpt lat="33.0095051" lon="35.1965524"><ele>260.1</ele><time>2025-09-10T04:44:29Z</time></trkpt>
<trkpt lat="33.0095101" lon="35.1965704"><ele>260.2</ele><time>2025-09-10T04:44:30Z</time></trkpt>
<trkpt lat="33.0095152" lon="35.1965886"><ele>260.3</ele><time>2025-09-10T04:44:31Z</time></trkpt>
<trkpt lat="33.0095205" lon="35.196607"><ele>260.4</ele><time>2025-09-10T04:44:32Z</time></trkpt>
<trkpt lat="33.0095259" lon="35.1966255"><ele>260.5</ele><time>2025-09-10T04:44:33Z</time></trkpt>
<trkpt lat="33.0095315" lon="35.1966437"><ele>260.7</ele><time>2025-09-10T04:44:34Z</time></trkpt>
<trkpt lat="33.0095374" lon="35.1966615"><ele>260.8</ele><time>2025-09-10T04:44:35Z</time></trkpt>
<trkpt lat="33.0095441" lon="35.1966794"><ele>260.9</ele><time>2025-09-10T04:44:36Z</time></trkpt>
<trkpt lat="33.0095515" lon="35.1966978"><ele>261.0</ele><time>2025-09-10T04:44:37Z</time></trkpt>
<trkpt lat="33.0095587" lon="35.1967163"><ele>261.1</ele><time>2025-09-10T04:44:38Z</time></trkpt>
<trkpt lat="33.0095653" lon="35.1967348"><ele>261.2</ele><time>2025-09-10T04:44:39Z</time></trkpt>
<trkpt lat="33.0095714" lon="35.1967533"><ele>261.3</ele><time>2025-09-10T04:44:40Z</time></trkpt>
<trkpt lat="33.0095774" lon="35.1967718"><ele>261.4</ele><time>2025-09-10T04:44:41Z</time></trkpt>
<trkpt lat="33.0095833" lon="35.1967904"><ele>261.5</ele><time>2025-09-10T04:44:42Z</time></trkpt>
<trkpt lat="33.009589" lon="35.1968092"><ele>261.6</ele><time>2025-09-10T04:44:43Z</time></trkpt>
<trkpt lat="33.0095946" lon="35.1968284"><ele>261.7</ele><time>2025-09-10T04:44:44Z</time></trkpt>
<trkpt lat="33.0095999" lon="35.1968482"><ele>261.8</ele><time>2025-09-10T04:44:45Z</time></trkpt>
<trkpt lat="33.0096049" lon="35.1968684"><ele>261.9</ele><time>2025-09-10T04:44:46Z</time></trkpt>
<trkpt lat="33.0096094" lon="35.1968888"><ele>262.0</ele><time>2025-09-10T04:44:47Z</time></trkpt>
<trkpt lat="33.0096137" lon="35.1969093"><ele>262.1</ele><time>2025-09-10T04:44:48Z</time></trkpt>
<trkpt lat="33.0096179" lon="35.1969302"><ele>262.2</ele><time>2025-09-10T04:44:49Z</time></trkpt>
<trkpt lat="33.0096214" lon="35.1969512"><ele>262.3</ele><time>2025-09-10T04:44:50Z</time></trkpt>
<trkpt lat="33.0096241" lon="35.196972"><ele>262.4</ele><time>2025-09-10T04:44:51Z</time></trkpt>
<trkpt lat="33.0096264" lon="35.1969926"><ele>262.5</ele><time>2025-09-10T04:44:52Z</time></trkpt>
<trkpt lat="33.0096287" lon="35.197013"><ele>262.6</ele><time>2025-09-10T04:44:53Z</time></trkpt>
<trkpt lat="33.0096308" lon="35.1970335"><ele>262.7</ele><time>2025-09-10T04:44:54Z</time></trkpt>
<trkpt lat="33.0096324" lon="35.1970543"><ele>262.9</ele><time>2025-09-10T04:44:55Z</time></trkpt>
<trkpt lat="33.0096339" lon="35.1970754"><ele>263.0</ele><time>2025-09-10T04:44:56Z</time></trkpt>
<trkpt lat="33.0096355" lon="35.1970966"><ele>263.1</ele><time>2025-09-10T04:44:57Z</time></trkpt>
<trkpt lat="33.0096375" lon="35.1971177"><ele>263.2</ele><time>2025-09-10T04:44:58Z</time></trkpt>
<trkpt lat="33.0096394" lon="35.1971386"><ele>263.3</ele><time>2025-09-10T04:44:59Z</time></trkpt>
<trkpt lat="33.0096408" lon="35.1971595"><ele>263.4</ele><time>2025-09-10T04:45:00Z</time></trkpt>
<trkpt lat="33.0096417" lon="35.19718"><ele>263.6</ele><time>2025-09-10T04:45:01Z</time></trkpt>
<trkpt lat="33.0096423" lon="35.1972"><ele>263.7</ele><time>2025-09-10T04:45:02Z</time></trkpt>
<trkpt lat="33.0096424" lon="35.1972198"><ele>263.8</ele><time>2025-09-10T04:45:03Z</time></trkpt>
<trkpt lat="33.0096419" lon="35.1972396"><ele>264.0</ele><time>2025-09-10T04:45:04Z</time></trkpt>
<trkpt lat="33.0096413" lon="35.1972595"><ele>264.1</ele><time>2025-09-10T04:45:05Z</time></trkpt>
<trkpt lat="33.0096402" lon="35.1972795"><ele>264.3</ele><time>2025-09-10T04:45:06Z</time></trkpt>
<trkpt lat="33.0096383" lon="35.1972996"><ele>264.4</ele><time>2025-09-10T04:45:07Z</time></trkpt>
<trkpt lat="33.0096355" lon="35.1973202"><ele>264.6</ele><time>2025-09-10T04:45:08Z</time></trkpt>
<trkpt lat="33.0096328" lon="35.1973406"><ele>264.7</ele><time>2025-09-10T04:45:09Z</time></trkpt>
<trkpt lat="33.0096303" lon="35.1973605"><ele>264.9</ele><time>2025-09-10T04:45:10Z</time></trkpt>
<trkpt lat="33.0096274" lon="35.1973806"><ele>265.0</ele><time>2025-09-10T04:45:11Z</time></trkpt>
<trkpt lat="33.0096241" lon="35.1974009"><ele>265.2</ele><time>2025-09-10T04:45:12Z</time></trkpt>
<trkpt lat="33.0096207" lon="35.1974212"><ele>265.4</ele><time>2025-09-10T04:45:13Z</time></trkpt>
<trkpt lat="33.0096172" lon="35.1974417"><ele>265.5</ele><time>2025-09-10T04:45:14Z</time></trkpt>
<trkpt lat="33.0096138" lon="35.1974614"><ele>265.7</ele><time>2025-09-10T04:45:15Z</time></trkpt>
<trkpt lat="33.009611" lon="35.1974806"><ele>265.8</ele><time>2025-09-10T04:45:16Z</time></trkpt>
<trkpt lat="33.0096089" lon="35.1975001"><ele>265.9</ele><time>2025-09-10T04:45:17Z</time></trkpt>
<trkpt lat="33.0096075" lon="35.1975197"><ele>266.1</ele><time>2025-09-10T04:45:18Z</time></trkpt>
<trkpt lat="33.0096066" lon="35.1975394"><ele>266.2</ele><time>2025-09-10T04:45:19Z</time></trkpt>
<trkpt lat="33.0096058" lon="35.1975594"><ele>266.3</ele><time>2025-09-10T04:45:20Z</time></trkpt>
<trkpt lat="33.0096051" lon="35.1975798"><ele>266.5</ele><time>2025-09-10T04:45:21Z</time></trkpt>
<trkpt lat="33.0096041" lon="35.1975999"><ele>266.6</ele><time>2025-09-10T04:45:22Z</time></trkpt>
<trkpt lat="33.0096032" lon="35.1976199"><ele>266.7</ele><time>2025-09-10T04:45:23Z</time></trkpt>
<trkpt lat="33.0096022" lon="35.1976396"><ele>266.8</ele><time>2025-09-10T04:45:24Z</time></trkpt>
<trkpt lat="33.0096015" lon="35.197659"><ele>266.9</ele><time>2025-09-10T04:45:25Z</time></trkpt>
<trkpt lat="33.009601" lon="35.1976784"><ele>267.1</ele><time>2025-09-10T04:45:26Z</time></trkpt>
<trkpt lat="33.0096006" lon="35.197698"><ele>267.2</ele><time>2025-09-10T04:45:27Z</time></trkpt>
<trkpt lat="33.0096004" lon="35.1977177"><ele>267.3</ele><time>2025-09-10T04:45:28Z</time></trkpt>
<trkpt lat="33.0096003" lon="35.1977373"><ele>267.4</ele><time>2025-09-10T04:45:29Z</time></trkpt>
<trkpt lat="33.0096005" lon="35.197757"><ele>267.5</ele><time>2025-09-10T04:45:30Z</time></trkpt>
<trkpt lat="33.0096011" lon="35.1977767"><ele>267.6</ele><time>2025-09-10T04:45:31Z</time></trkpt>
<trkpt lat="33.0096014" lon="35.1977968"><ele>267.7</ele><time>2025-09-10T04:45:32Z</time></trkpt>
<trkpt lat="33.0096012" lon="35.1978169"><ele>267.8</ele><time>2025-09-10T04:45:33Z</time></trkpt>
<trkpt lat="33.0096008" lon="35.1978369"><ele>267.9</ele><time>2025-09-10T04:45:34Z</time></trkpt>
<trkpt lat="33.0095996" lon="35.1978569"><ele>268.0</ele><time>2025-09-10T04:45:35Z</time></trkpt>
<trkpt lat="33.0095975" lon="35.197877"><ele>268.2</ele><time>2025-09-10T04:45:36Z</time></trkpt>
<trkpt lat="33.0095949" lon="35.1978974"><ele>268.3</ele><time>2025-09-10T04:45:37Z</time></trkpt>
<trkpt lat="33.009592" lon="35.1979178"><ele>268.4</ele><time>2025-09-10T04:45:38Z</time></trkpt>
<trkpt lat="33.0095888" lon="35.1979382"><ele>268.5</ele><time>2025-09-10T04:45:39Z</time></trkpt>
<trkpt lat="33.0095855" lon="35.1979584"><ele>268.6</ele><time>2025-09-10T04:45:40Z</time></trkpt>
<trkpt lat="33.0095819" lon="35.1979786"><ele>268.7</ele><time>2025-09-10T04:45:41Z</time></trkpt>
<trkpt lat="33.0095781" lon="35.1979989"><ele>268.9</ele><time>2025-09-10T04:45:42Z</time></trkpt>
<trkpt lat="33.0095743" lon="35.1980192"><ele>269.0</ele><time>2025-09-10T04:45:43Z</time></trkpt>
<trkpt lat="33.0095709" lon="35.1980395"><ele>269.1</ele><time>2025-09-10T04:45:44Z</time></trkpt>
<trkpt lat="33.0095678" lon="35.1980599"><ele>269.2</ele><time>2025-09-10T04:45:45Z</time></trkpt>
<trkpt lat="33.0095647" lon="35.1980801"><ele>269.4</ele><time>2025-09-10T04:45:46Z</time></trkpt>
<trkpt lat="33.0095613" lon="35.1981004"><ele>269.5</ele><time>2025-09-10T04:45:47Z</time></trkpt>
<trkpt lat="33.0095578" lon="35.1981209"><ele>269.6</ele><time>2025-09-10T04:45:48Z</time></trkpt>
<trkpt lat="33.0095547" lon="35.1981414"><ele>269.8</ele><time>2025-09-10T04:45:49Z</time></trkpt>
<trkpt lat="33.0095519" lon="35.1981614"><ele>269.9</ele><time>2025-09-10T04:45:50Z</time></trkpt>
<trkpt lat="33.009549" lon="35.1981815"><ele>270.0</ele><time>2025-09-10T04:45:51Z</time></trkpt>
<trkpt lat="33.0095458" lon="35.198202"><ele>270.2</ele><time>2025-09-10T04:45:52Z</time></trkpt>
<trkpt lat="33.0095422" lon="35.1982225"><ele>270.3</ele><time>2025-09-10T04:45:53Z</time></trkpt>
<trkpt lat="33.0095383" lon="35.1982429"><ele>270.5</ele><time>2025-09-10T04:45:54Z</time></trkpt>
<trkpt lat="33.009534" lon="35.1982629"><ele>270.6</ele><time>2025-09-10T04:45:55Z</time></trkpt>
<trkpt lat="33.0095293" lon="35.1982827"><ele>270.7</ele><time>2025-09-10T04:45:56Z</time></trkpt>
<trkpt lat="33.0095239" lon="35.1983023"><ele>270.9</ele><time>2025-09-10T04:45:57Z</time></trkpt>
<trkpt lat="33.0095184" lon="35.1983222"><ele>271.0</ele><time>2025-09-10T04:45:58Z</time></trkpt>
<trkpt lat="33.0095134" lon="35.1983425"><ele>271.1</ele><time>2025-09-10T04:45:59Z</time></trkpt>
<trkpt lat="33.0095088" lon="35.1983633"><ele>271.3</ele><time>2025-09-10T04:46:00Z</time></trkpt>
<trkpt lat="33.0095047" lon="35.1983846"><ele>271.4</ele><time>2025-09-10T04:46:01Z</time></trkpt>
<trkpt lat="33.0095011" lon="35.198406"><ele>271.5</ele><time>2025-09-10T04:46:02Z</time></trkpt>
<trkpt lat="33.0094977" lon="35.1984274"><ele>271.7</ele><time>2025-09-10T04:46:03Z</time></trkpt>
<trkpt lat="33.0094942" lon="35.1984488"><ele>271.8</ele><time>2025-09-10T04:46:04Z</time></trkpt>
<trkpt lat="33.0094901" lon="35.1984701"><ele>271.9</ele><time>2025-09-10T04:46:05Z</time></trkpt>
<trkpt lat="33.0094857" lon="35.1984912"><ele>272.0</ele><time>2025-09-10T04:46:06Z</time></trkpt>
<trkpt lat="33.0094812" lon="35.1985123"><ele>272.1</ele><time>2025-09-10T04:46:07Z</time></trkpt>
<trkpt lat="33.0094768" lon="35.1985328"><ele>272.3</ele><time>2025-09-10T04:46:08Z</time></trkpt>
<trkpt lat="33.0094727" lon="35.1985527"><ele>272.4</ele><time>2025-09-10T04:46:09Z</time></trkpt>
<trkpt lat="33.0094685" lon="35.1985725"><ele>272.5</ele><time>2025-09-10T04:46:10Z</time></trkpt>
<trkpt lat="33.009464" lon="35.1985922"><ele>272.6</ele><time>2025-09-10T04:46:11Z</time></trkpt>
<trkpt lat="33.0094592" lon="35.198612"><ele>272.7</ele><time>2025-09-10T04:46:12Z</time></trkpt>
<trkpt lat="33.0094544" lon="35.1986319"><ele>272.8</ele><time>2025-09-10T04:46:13Z</time></trkpt>
<trkpt lat="33.0094494" lon="35.1986519"><ele>272.9</ele><time>2025-09-10T04:46:14Z</time></trkpt>
<trkpt lat="33.0094442" lon="35.1986721"><ele>273.1</ele><time>2025-09-10T04:46:15Z</time></trkpt>
<trkpt lat="33.0094385" lon="35.1986926"><ele>273.2</ele><time>2025-09-10T04:46:16Z</time></trkpt>
<trkpt lat="33.0094327" lon="35.1987133"><ele>273.3</ele><time>2025-09-10T04:46:17Z</time></trkpt>
<trkpt lat="33.0094273" lon="35.1987344"><ele>273.4</ele><time>2025-09-10T04:46:18Z</time></trkpt>
<trkpt lat="33.0094225" lon="35.198756"><ele>273.5</ele><time>2025-09-10T04:46:19Z</time></trkpt>
<trkpt lat="33.0094179" lon="35.1987781"><ele>273.6</ele><time>2025-09-10T04:46:20Z</time></trkpt>
<trkpt lat="33.0094135" lon="35.1988002"><ele>273.7</ele><time>2025-09-10T04:46:21Z</time></trkpt>
<trkpt lat="33.0094092" lon="35.1988225"><ele>273.8</ele><time>2025-09-10T04:46:22Z</time></trkpt>
<trkpt lat="33.0094048" lon="35.1988448"><ele>273.9</ele><time>2025-09-10T04:46:23Z</time></trkpt>
<trkpt lat="33.0094005" lon="35.1988667"><ele>274.0</ele><time>2025-09-10T04:46:24Z</time></trkpt>
<trkpt lat="33.0093961" lon="35.1988884"><ele>274.1</ele><time>2025-09-10T04:46:25Z</time></trkpt>
<trkpt lat="33.0093915" lon="35.1989099"><ele>274.2</ele><time>2025-09-10T04:46:26Z</time></trkpt>
<trkpt lat="33.0093866" lon="35.1989315"><ele>274.3</ele><time>2025-09-10T04:46:27Z</time></trkpt>
<trkpt lat="33.0093814" lon="35.1989534"><ele>274.4</ele><time>2025-09-10T04:46:28Z</time></trkpt>
<trkpt lat="33.0093758" lon="35.1989752"><ele>274.5</ele><time>2025-09-10T04:46:29Z</time></trkpt>
<trkpt lat="33.00937" lon="35.198997"><ele>274.6</ele><time>2025-09-10T04:46:30Z</time></trkpt>
<trkpt lat="33.0093642" lon="35.1990186"><ele>274.7</ele><time>2025-09-10T04:46:31Z</time></trkpt>
<trkpt lat="33.0093589" lon="35.1990397"><ele>274.8</ele><time>2025-09-10T04:46:32Z</time></trkpt>
<trkpt lat="33.0093536" lon="35.1990603"><ele>274.9</ele><time>2025-09-10T04:46:33Z</time></trkpt>
<trkpt lat="33.0093479" lon="35.1990811"><ele>275.0</ele><time>2025-09-10T04:46:34Z</time></trkpt>
<trkpt lat="33.0093421" lon="35.1991022"><ele>275.1</ele><time>2025-09-10T04:46:35Z</time></trkpt>
<trkpt lat="33.0093364" lon="35.1991236"><ele>275.2</ele><time>2025-09-10T04:46:36Z</time></trkpt>
<trkpt lat="33.0093304" lon="35.1991457"><ele>275.2</ele><time>2025-09-10T04:46:37Z</time></trkpt>
<trkpt lat="33.0093241" lon="35.1991682"><ele>275.3</ele><time>2025-09-10T04:46:38Z</time></trkpt>
<trkpt lat="33.0093174" lon="35.1991905"><ele>275.4</ele><time>2025-09-10T04:46:39Z</time></trkpt>
<trkpt lat="33.0093102" lon="35.1992127"><ele>275.4</ele><time>2025-09-10T04:46:40Z</time></trkpt>
<trkpt lat="33.0093026" lon="35.1992346"><ele>275.5</ele><time>2025-09-10T04:46:41Z</time></trkpt>
<trkpt lat="33.0092946" lon="35.1992569"><ele>275.6</ele><time>2025-09-10T04:46:42Z</time></trkpt>
<trkpt lat="33.0092866" lon="35.1992792"><ele>275.6</ele><time>2025-09-10T04:46:43Z</time></trkpt>
<trkpt lat="33.0092788" lon="35.1993011"><ele>275.7</ele><time>2025-09-10T04:46:44Z</time></trkpt>
<trkpt lat="33.009271" lon="35.1993232"><ele>275.7</ele><time>2025-09-10T04:46:45Z</time></trkpt>
<trkpt lat="33.0092632" lon="35.1993456"><ele>275.8</ele><time>2025-09-10T04:46:46Z</time></trkpt>
<trkpt lat="33.0092548" lon="35.1993679"><ele>275.9</ele><time>2025-09-10T04:46:47Z</time></trkpt>
<trkpt lat="33.0092455" lon="35.1993901"><ele>275.9</ele><time>2025-09-10T04:46:48Z</time></trkpt>
<trkpt lat="33.0092359" lon="35.1994122"><ele>276.0</ele><time>2025-09-10T04:46:49Z</time></trkpt>
<trkpt lat="33.0092263" lon="35.1994343"><ele>276.1</ele><time>2025-09-10T04:46:50Z</time></trkpt>
<trkpt lat="33.0092162" lon="35.1994566"><ele>276.1</ele><time>2025-09-10T04:46:51Z</time></trkpt>
<trkpt lat="33.0092054" lon="35.1994784"><ele>276.2</ele><time>2025-09-10T04:46:52Z</time></trkpt>
<trkpt lat="33.0091943" lon="35.199499"><ele>276.3</ele><time>2025-09-10T04:46:53Z</time></trkpt>
<trkpt lat="33.0091833" lon="35.1995183"><ele>276.3</ele><time>2025-09-10T04:46:54Z</time></trkpt>
<trkpt lat="33.0091722" lon="35.1995366"><ele>276.4</ele><time>2025-09-10T04:46:55Z</time></trkpt>
<trkpt lat="33.0091608" lon="35.1995544"><ele>276.5</ele><time>2025-09-10T04:46:56Z</time></trkpt>
<trkpt lat="33.0091487" lon="35.199572"><ele>276.6</ele><time>2025-09-10T04:46:57Z</time></trkpt>
<trkpt lat="33.0091362" lon="35.1995889"><ele>276.6</ele><time>2025-09-10T04:46:58Z</time></trkpt>
<trkpt lat="33.0091231" lon="35.1996051"><ele>276.7</ele><time>2025-09-10T04:46:59Z</time></trkpt>
<trkpt lat="33.0091096" lon="35.1996213"><ele>276.8</ele><time>2025-09-10T04:47:00Z</time></trkpt>
<trkpt lat="33.0090959" lon="35.1996378"><ele>276.9</ele><time>2025-09-10T04:47:01Z</time></trkpt>
<trkpt lat="33.0090817" lon="35.1996545"><ele>276.9</ele><time>2025-09-10T04:47:02Z</time></trkpt>
<trkpt lat="33.0090669" lon="35.1996712"><ele>277.0</ele><time>2025-09-10T04:47:03Z</time></trkpt>
<trkpt lat="33.0090516" lon="35.1996878"><ele>277.1</ele><time>2025-09-10T04:47:04Z</time></trkpt>
<trkpt lat="33.0090362" lon="35.1997047"><ele>277.2</ele><time>2025-09-10T04:47:05Z</time></trkpt>
<trkpt lat="33.0090211" lon="35.1997219"><ele>277.3</ele><time>2025-09-10T04:47:06Z</time></trkpt>
<trkpt lat="33.0090062" lon="35.1997393"><ele>277.4</ele><time>2025-09-10T04:47:07Z</time></trkpt>
<trkpt lat="33.0089912" lon="35.1997569"><ele>277.5</ele><time>2025-09-10T04:47:08Z</time></trkpt>
<trkpt lat="33.0089754" lon="35.1997743"><ele>277.6</ele><time>2025-09-10T04:47:09Z</time></trkpt>
<trkpt lat="33.008959" lon="35.1997911"><ele>277.7</ele><time>2025-09-10T04:47:10Z</time></trkpt>
<trkpt lat="33.0089423" lon="35.1998077"><ele>277.8</ele><time>2025-09-10T04:47:11Z</time></trkpt>
<trkpt lat="33.008926" lon="35.1998239"><ele>277.9</ele><time>2025-09-10T04:47:12Z</time></trkpt>
<trkpt lat="33.0089102" lon="35.1998395"><ele>278.0</ele><time>2025-09-10T04:47:13Z</time></trkpt>
<trkpt lat="33.008895" lon="35.1998545"><ele>278.1</ele><time>2025-09-10T04:47:14Z</time></trkpt>
<trkpt lat="33.0088801" lon="35.1998692"><ele>278.2</ele><time>2025-09-10T04:47:15Z</time></trkpt>
<trkpt lat="33.0088653" lon="35.1998843"><ele>278.3</ele><time>2025-09-10T04:47:16Z</time></trkpt>
<trkpt lat="33.0088504" lon="35.1998997"><ele>278.4</ele><time>2025-09-10T04:47:17Z</time></trkpt>
<trkpt lat="33.0088355" lon="35.1999157"><ele>278.5</ele><time>2025-09-10T04:47:18Z</time></trkpt>
<trkpt lat="33.0088205" lon="35.1999325"><ele>278.6</ele><time>2025-09-10T04:47:19Z</time></trkpt>
<trkpt lat="33.0088051" lon="35.1999497"><ele>278.7</ele><time>2025-09-10T04:47:20Z</time></trkpt>
<trkpt lat="33.0087897" lon="35.199967"><ele>278.8</ele><time>2025-09-10T04:47:21Z</time></trkpt>
<trkpt lat="33.0087744" lon="35.1999845"><ele>278.9</ele><time>2025-09-10T04:47:22Z</time></trkpt>
<trkpt lat="33.0087592" lon="35.2000017"><ele>279.0</ele><time>2025-09-10T04:47:23Z</time></trkpt>
<trkpt lat="33.0087441" lon="35.2000186"><ele>279.1</ele><time>2025-09-10T04:47:24Z</time></trkpt>
<trkpt lat="33.0087291" lon="35.2000356"><ele>279.2</ele><time>2025-09-10T04:47:25Z</time></trkpt>
<trkpt lat="33.0087139" lon="35.2000525"><ele>279.3</ele><time>2025-09-10T04:47:26Z</time></trkpt>
<trkpt lat="33.0086989" lon="35.2000689"><ele>279.4</ele><time>2025-09-10T04:47:27Z</time></trkpt>
<trkpt lat="33.0086854" lon="35.2000847"><ele>279.4</ele><time>2025-09-10T04:47:28Z</time></trkpt>
<trkpt lat="33.0086719" lon="35.2001"><ele>279.5</ele><time>2025-09-10T04:47:29Z</time></trkpt>
<trkpt lat="33.008657" lon="35.2001148"><ele>279.6</ele><time>2025-09-10T04:47:30Z</time></trkpt>
<trkpt lat="33.0086416" lon="35.2001297"><ele>279.6</ele><time>2025-09-10T04:47:31Z</time></trkpt>
<trkpt lat="33.0086262" lon="35.2001453"><ele>279.7</ele><time>2025-09-10T04:47:32Z</time></trkpt>
<trkpt lat="33.0086108" lon="35.2001616"><ele>279.7</ele><time>2025-09-10T04:47:33Z</time></trkpt>
<trkpt lat="33.0085953" lon="35.2001778"><ele>279.8</ele><time>2025-09-10T04:47:34Z</time></trkpt>
<trkpt lat="33.0085797" lon="35.2001937"><ele>279.9</ele><time>2025-09-10T04:47:35Z</time></trkpt>
<trkpt lat="33.0085639" lon="35.2002096"><ele>279.9</ele><time>2025-09-10T04:47:36Z</time></trkpt>
<trkpt lat="33.0085478" lon="35.2002256"><ele>280.0</ele><time>2025-09-10T04:47:37Z</time></trkpt>
<trkpt lat="33.0085319" lon="35.2002415"><ele>280.0</ele><time>2025-09-10T04:47:38Z</time></trkpt>
<trkpt lat="33.0085158" lon="35.2002575"><ele>280.1</ele><time>2025-09-10T04:47:39Z</time></trkpt>
<trkpt lat="33.0084992" lon="35.2002739"><ele>280.1</ele><time>2025-09-10T04:47:40Z</time></trkpt>
<trkpt lat="33.0084821" lon="35.2002912"><ele>280.2</ele><time>2025-09-10T04:47:41Z</time></trkpt>
<trkpt lat="33.0084645" lon="35.200309"><ele>280.3</ele><time>2025-09-10T04:47:42Z</time></trkpt>
<trkpt lat="33.0084465" lon="35.2003266"><ele>280.3</ele><time>2025-09-10T04:47:43Z</time></trkpt>
<trkpt lat="33.008429" lon="35.2003438"><ele>280.4</ele><time>2025-09-10T04:47:44Z</time></trkpt>
<trkpt lat="33.0084124" lon="35.2003607"><ele>280.4</ele><time>2025-09-10T04:47:45Z</time></trkpt>
<trkpt lat="33.0083962" lon="35.200379"><ele>280.5</ele><time>2025-09-10T04:47:46Z</time></trkpt>
<trkpt lat="33.0083797" lon="35.2003989"><ele>280.6</ele><time>2025-09-10T04:47:47Z</time></trkpt>
<trkpt lat="33.0083627" lon="35.2004192"><ele>280.6</ele><time>2025-09-10T04:47:48Z</time></trkpt>
<trkpt lat="33.0083451" lon="35.2004394"><ele>280.7</ele><time>2025-09-10T04:47:49Z</time></trkpt>
<trkpt lat="33.0083274" lon="35.2004592"><ele>280.7</ele><time>2025-09-10T04:47:50Z</time></trkpt>
<trkpt lat="33.0083096" lon="35.2004786"><ele>280.7</ele><time>2025-09-10T04:47:51Z</time></trkpt>
<trkpt lat="33.0082916" lon="35.2004981"><ele>280.8</ele><time>2025-09-10T04:47:52Z</time></trkpt>
<trkpt lat="33.0082735" lon="35.2005176"><ele>280.8</ele><time>2025-09-10T04:47:53Z</time></trkpt>
<trkpt lat="33.0082555" lon="35.2005365"><ele>280.9</ele><time>2025-09-10T04:47:54Z</time></trkpt>
<trkpt lat="33.0082376" lon="35.2005548"><ele>280.9</ele><time>2025-09-10T04:47:55Z</time></trkpt>
<trkpt lat="33.0082202" lon="35.2005723"><ele>280.9</ele><time>2025-09-10T04:47:56Z</time></trkpt>
<trkpt lat="33.0082035" lon="35.2005891"><ele>280.9</ele><time>2025-09-10T04:47:57Z</time></trkpt>
<trkpt lat="33.0081882" lon="35.2006054"><ele>281.0</ele><time>2025-09-10T04:47:58Z</time></trkpt>
<trkpt lat="33.0081744" lon="35.2006209"><ele>281.0</ele><time>2025-09-10T04:47:59Z</time></trkpt>
<trkpt lat="33.0081618" lon="35.2006356"><ele>281.0</ele><time>2025-09-10T04:48:00Z</time></trkpt>
<trkpt lat="33.00815" lon="35.2006499"><ele>281.0</ele><time>2025-09-10T04:48:01Z</time></trkpt>
<trkpt lat="33.0081383" lon="35.2006647"><ele>281.0</ele><time>2025-09-10T04:48:02Z</time></trkpt>
<trkpt lat="33.008126" lon="35.2006805"><ele>281.0</ele><time>2025-09-10T04:48:03Z</time></trkpt>
<trkpt lat="33.0081124" lon="35.2006972"><ele>281.0</ele><time>2025-09-10T04:48:04Z</time></trkpt>
<trkpt lat="33.0080978" lon="35.2007148"><ele>281.0</ele><time>2025-09-10T04:48:05Z</time></trkpt>
<trkpt lat="33.0080822" lon="35.2007332"><ele>281.0</ele><time>2025-09-10T04:48:06Z</time></trkpt>
<trkpt lat="33.0080657" lon="35.2007522"><ele>281.0</ele><time>2025-09-10T04:48:07Z</time></trkpt>
<trkpt lat="33.0080487" lon="35.2007715"><ele>281.0</ele><time>2025-09-10T04:48:08Z</time></trkpt>
<trkpt lat="33.0080318" lon="35.2007916"><ele>281.0</ele><time>2025-09-10T04:48:09Z</time></trkpt>
<trkpt lat="33.0080149" lon="35.200812"><ele>281.0</ele><time>2025-09-10T04:48:10Z</time></trkpt>
<trkpt lat="33.0079972" lon="35.2008324"><ele>281.0</ele><time>2025-09-10T04:48:11Z</time></trkpt>
<trkpt lat="33.0079786" lon="35.2008527"><ele>280.9</ele><time>2025-09-10T04:48:12Z</time></trkpt>
<trkpt lat="33.0079592" lon="35.2008732"><ele>280.9</ele><time>2025-09-10T04:48:13Z</time></trkpt>
<trkpt lat="33.0079392" lon="35.2008936"><ele>280.9</ele><time>2025-09-10T04:48:14Z</time></trkpt>
<trkpt lat="33.0079187" lon="35.2009137"><ele>280.9</ele><time>2025-09-10T04:48:15Z</time></trkpt>
<trkpt lat="33.007898" lon="35.2009336"><ele>280.8</ele><time>2025-09-10T04:48:16Z</time></trkpt>
<trkpt lat="33.007877" lon="35.2009534"><ele>280.8</ele><time>2025-09-10T04:48:17Z</time></trkpt>
<trkpt lat="33.0078557" lon="35.2009735"><ele>280.8</ele><time>2025-09-10T04:48:18Z</time></trkpt>
<trkpt lat="33.0078338" lon="35.2009945"><ele>280.8</ele><time>2025-09-10T04:48:19Z</time></trkpt>
<trkpt lat="33.0078115" lon="35.201016"><ele>280.7</ele><time>2025-09-10T04:48:20Z</time></trkpt>
<trkpt lat="33.0077892" lon="35.2010378"><ele>280.7</ele><time>2025-09-10T04:48:21Z</time></trkpt>
<trkpt lat="33.0077675" lon="35.2010593"><ele>280.7</ele><time>2025-09-10T04:48:22Z</time></trkpt>
<trkpt lat="33.0077464" lon="35.2010808"><ele>280.7</ele><time>2025-09-10T04:48:23Z</time></trkpt>
<trkpt lat="33.0077254" lon="35.201103"><ele>280.7</ele><time>2025-09-10T04:48:24Z</time></trkpt>
<trkpt lat="33.0077044" lon="35.2011257"><ele>280.7</ele><time>2025-09-10T04:48:25Z</time></trkpt>
<trkpt lat="33.0076831" lon="35.2011484"><ele>280.7</ele><time>2025-09-10T04:48:26Z</time></trkpt>
<trkpt lat="33.0076615" lon="35.2011709"><ele>280.7</ele><time>2025-09-10T04:48:27Z</time></trkpt>
<trkpt lat="33.00764" lon="35.2011931"><ele>280.7</ele><time>2025-09-10T04:48:28Z</time></trkpt>
<trkpt lat="33.0076185" lon="35.2012156"><ele>280.7</ele><time>2025-09-10T04:48:29Z</time></trkpt>
<trkpt lat="33.0075968" lon="35.2012387"><ele>280.7</ele><time>2025-09-10T04:48:30Z</time></trkpt>
<trkpt lat="33.0075749" lon="35.2012626"><ele>280.7</ele><time>2025-09-10T04:48:31Z</time></trkpt>
<trkpt lat="33.0075524" lon="35.2012869"><ele>280.7</ele><time>2025-09-10T04:48:32Z</time></trkpt>
<trkpt lat="33.0075292" lon="35.2013116"><ele>280.8</ele><time>2025-09-10T04:48:33Z</time></trkpt>
<trkpt lat="33.0075054" lon="35.2013363"><ele>280.8</ele><time>2025-09-10T04:48:34Z</time></trkpt>
<trkpt lat="33.0074814" lon="35.2013611"><ele>280.8</ele><time>2025-09-10T04:48:35Z</time></trkpt>
<trkpt lat="33.0074576" lon="35.2013861"><ele>280.8</ele><time>2025-09-10T04:48:36Z</time></trkpt>
<trkpt lat="33.0074339" lon="35.2014114"><ele>280.8</ele><time>2025-09-10T04:48:37Z</time></trkpt>
<trkpt lat="33.0074108" lon="35.2014364"><ele>280.8</ele><time>2025-09-10T04:48:38Z</time></trkpt>
<trkpt lat="33.0073882" lon="35.201461"><ele>280.8</ele><time>2025-09-10T04:48:39Z</time></trkpt>
<trkpt lat="33.0073655" lon="35.2014854"><ele>280.8</ele><time>2025-09-10T04:48:40Z</time></trkpt>
<trkpt lat="33.0073431" lon="35.2015091"><ele>280.8</ele><time>2025-09-10T04:48:41Z</time></trkpt>
<trkpt lat="33.0073212" lon="35.2015321"><ele>280.8</ele><time>2025-09-10T04:48:42Z</time></trkpt>
<trkpt lat="33.0072995" lon="35.2015547"><ele>280.8</ele><time>2025-09-10T04:48:43Z</time></trkpt>
<trkpt lat="33.0072778" lon="35.2015772"><ele>280.8</ele><time>2025-09-10T04:48:44Z</time></trkpt>
<trkpt lat="33.0072567" lon="35.2015997"><ele>280.8</ele><time>2025-09-10T04:48:45Z</time></trkpt>
<trkpt lat="33.0072373" lon="35.201621"><ele>280.8</ele><time>2025-09-10T04:48:46Z</time></trkpt>
<trkpt lat="33.0072189" lon="35.2016415"><ele>280.8</ele><time>2025-09-10T04:48:47Z</time></trkpt>
<trkpt lat="33.0072009" lon="35.2016617"><ele>280.9</ele><time>2025-09-10T04:48:48Z</time></trkpt>
<trkpt lat="33.0071828" lon="35.2016819"><ele>280.9</ele><time>2025-09-10T04:48:49Z</time></trkpt>
<trkpt lat="33.0071639" lon="35.2017025"><ele>280.9</ele><time>2025-09-10T04:48:50Z</time></trkpt>
<trkpt lat="33.0071441" lon="35.2017235"><ele>281.0</ele><time>2025-09-10T04:48:51Z</time></trkpt>
<trkpt lat="33.0071243" lon="35.201745"><ele>281.0</ele><time>2025-09-10T04:48:52Z</time></trkpt>
<trkpt lat="33.0071049" lon="35.2017668"><ele>281.1</ele><time>2025-09-10T04:48:53Z</time></trkpt>
<trkpt lat="33.0070857" lon="35.2017891"><ele>281.2</ele><time>2025-09-10T04:48:54Z</time></trkpt>
<trkpt lat="33.0070667" lon="35.2018116"><ele>281.3</ele><time>2025-09-10T04:48:55Z</time></trkpt>
<trkpt lat="33.0070482" lon="35.2018339"><ele>281.4</ele><time>2025-09-10T04:48:56Z</time></trkpt>
<trkpt lat="33.0070303" lon="35.2018556"><ele>281.5</ele><time>2025-09-10T04:48:57Z</time></trkpt>
<trkpt lat="33.0070129" lon="35.2018771"><ele>281.6</ele><time>2025-09-10T04:48:58Z</time></trkpt>
<trkpt lat="33.0069957" lon="35.2018989"><ele>281.7</ele><time>2025-09-10T04:48:59Z</time></trkpt>
<trkpt lat="33.0069792" lon="35.2019213"><ele>281.8</ele><time>2025-09-10T04:49:00Z</time></trkpt>
<trkpt lat="33.0069631" lon="35.2019443"><ele>282.0</ele><time>2025-09-10T04:49:01Z</time></trkpt>
<trkpt lat="33.0069475" lon="35.2019675"><ele>282.1</ele><time>2025-09-10T04:49:02Z</time></trkpt>
<trkpt lat="33.0069323" lon="35.2019901"><ele>282.2</ele><time>2025-09-10T04:49:03Z</time></trkpt>
<trkpt lat="33.0069172" lon="35.2020121"><ele>282.4</ele><time>2025-09-10T04:49:04Z</time></trkpt>
<trkpt lat="33.0069023" lon="35.2020342"><ele>282.5</ele><time>2025-09-10T04:49:05Z</time></trkpt>
<trkpt lat="33.0068881" lon="35.2020563"><ele>282.6</ele><time>2025-09-10T04:49:06Z</time></trkpt>
<trkpt lat="33.0068752" lon="35.2020785"><ele>282.8</ele><time>2025-09-10T04:49:07Z</time></trkpt>
<trkpt lat="33.0068632" lon="35.2021008"><ele>282.9</ele><time>2025-09-10T04:49:08Z</time></trkpt>
<trkpt lat="33.006851" lon="35.2021236"><ele>283.0</ele><time>2025-09-10T04:49:09Z</time></trkpt>
<trkpt lat="33.0068386" lon="35.2021472"><ele>283.1</ele><time>2025-09-10T04:49:10Z</time></trkpt>
<trkpt lat="33.0068262" lon="35.2021718"><ele>283.2</ele><time>2025-09-10T04:49:11Z</time></trkpt>
<trkpt lat="33.006814" lon="35.2021966"><ele>283.3</ele><time>2025-09-10T04:49:12Z</time></trkpt>
<trkpt lat="33.0068021" lon="35.2022206"><ele>283.4</ele><time>2025-09-10T04:49:13Z</time></trkpt>
<trkpt lat="33.0067903" lon="35.2022445"><ele>283.5</ele><time>2025-09-10T04:49:14Z</time></trkpt>
<trkpt lat="33.0067783" lon="35.202268"><ele>283.6</ele><time>2025-09-10T04:49:15Z</time></trkpt>
<trkpt lat="33.0067663" lon="35.2022907"><ele>283.7</ele><time>2025-09-10T04:49:16Z</time></trkpt>
<trkpt lat="33.0067543" lon="35.2023135"><ele>283.8</ele><time>2025-09-10T04:49:17Z</time></trkpt>
<trkpt lat="33.0067424" lon="35.202337"><ele>283.9</ele><time>2025-09-10T04:49:18Z</time></trkpt>
<trkpt lat="33.0067306" lon="35.2023611"><ele>284.0</ele><time>2025-09-10T04:49:19Z</time></trkpt>
<trkpt lat="33.0067192" lon="35.202385"><ele>284.1</ele><time>2025-09-10T04:49:20Z</time></trkpt>
<trkpt lat="33.0067082" lon="35.202409"><ele>284.2</ele><time>2025-09-10T04:49:21Z</time></trkpt>
<trkpt lat="33.0066978" lon="35.2024329"><ele>284.4</ele><time>2025-09-10T04:49:22Z</time></trkpt>
<trkpt lat="33.0066882" lon="35.2024557"><ele>284.5</ele><time>2025-09-10T04:49:23Z</time></trkpt>
<trkpt lat="33.0066791" lon="35.2024777"><ele>284.6</ele><time>2025-09-10T04:49:24Z</time></trkpt>
<trkpt lat="33.0066709" lon="35.2024991"><ele>284.7</ele><time>2025-09-10T04:49:25Z</time></trkpt>
<trkpt lat="33.0066637" lon="35.2025202"><ele>284.8</ele><time>2025-09-10T04:49:26Z</time></trkpt>
<trkpt lat="33.0066569" lon="35.2025416"><ele>285.0</ele><time>2025-09-10T04:49:27Z</time></trkpt>
<trkpt lat="33.0066504" lon="35.2025634"><ele>285.1</ele><time>2025-09-10T04:49:28Z</time></trkpt>
<trkpt lat="33.006644" lon="35.202585"><ele>285.2</ele><time>2025-09-10T04:49:29Z</time></trkpt>
<trkpt lat="33.0066381" lon="35.202606"><ele>285.4</ele><time>2025-09-10T04:49:30Z</time></trkpt>
<trkpt lat="33.0066323" lon="35.2026266"><ele>285.5</ele><time>2025-09-10T04:49:31Z</time></trkpt>
<trkpt lat="33.0066259" lon="35.202647"><ele>285.7</ele><time>2025-09-10T04:49:32Z</time></trkpt>
<trkpt lat="33.0066193" lon="35.2026672"><ele>285.8</ele><time>2025-09-10T04:49:33Z</time></trkpt>
<trkpt lat="33.0066131" lon="35.2026875"><ele>286.0</ele><time>2025-09-10T04:49:34Z</time></trkpt>
<trkpt lat="33.0066076" lon="35.2027084"><ele>286.1</ele><time>2025-09-10T04:49:35Z</time></trkpt>
<trkpt lat="33.0066024" lon="35.2027293"><ele>286.3</ele><time>2025-09-10T04:49:36Z</time></trkpt>
<trkpt lat="33.0065975" lon="35.2027501"><ele>286.4</ele><time>2025-09-10T04:49:37Z</time></trkpt>
<trkpt lat="33.0065929" lon="35.2027706"><ele>286.6</ele><time>2025-09-10T04:49:38Z</time></trkpt>
<trkpt lat="33.0065885" lon="35.2027911"><ele>286.8</ele><time>2025-09-10T04:49:39Z</time></trkpt>
<trkpt lat="33.0065841" lon="35.2028121"><ele>286.9</ele><time>2025-09-10T04:49:40Z</time></trkpt>
<trkpt lat="33.0065798" lon="35.2028334"><ele>287.1</ele><time>2025-09-10T04:49:41Z</time></trkpt>
<trkpt lat="33.0065756" lon="35.202855"><ele>287.2</ele><time>2025-09-10T04:49:42Z</time></trkpt>
<trkpt lat="33.0065713" lon="35.202877"><ele>287.3</ele><time>2025-09-10T04:49:43Z</time></trkpt>
<trkpt lat="33.0065669" lon="35.2028986"><ele>287.5</ele><time>2025-09-10T04:49:44Z</time></trkpt>
<trkpt lat="33.0065624" lon="35.2029193"><ele>287.6</ele><time>2025-09-10T04:49:45Z</time></trkpt>
<trkpt lat="33.0065576" lon="35.2029394"><ele>287.7</ele><time>2025-09-10T04:49:46Z</time></trkpt>
<trkpt lat="33.006553" lon="35.2029595"><ele>287.9</ele><time>2025-09-10T04:49:47Z</time></trkpt>
<trkpt lat="33.0065488" lon="35.2029797"><ele>288.0</ele><time>2025-09-10T04:49:48Z</time></trkpt>
<trkpt lat="33.0065443" lon="35.203"><ele>288.1</ele><time>2025-09-10T04:49:49Z</time></trkpt>
<trkpt lat="33.0065395" lon="35.2030203"><ele>288.2</ele><time>2025-09-10T04:49:50Z</time></trkpt>
<trkpt lat="33.0065342" lon="35.2030409"><ele>288.3</ele><time>2025-09-10T04:49:51Z</time></trkpt>
<trkpt lat="33.0065287" lon="35.2030621"><ele>288.4</ele><time>2025-09-10T04:49:52Z</time></trkpt>
<trkpt lat="33.0065233" lon="35.2030837"><ele>288.5</ele><time>2025-09-10T04:49:53Z</time></trkpt>
<trkpt lat="33.0065183" lon="35.2031054"><ele>288.6</ele><time>2025-09-10T04:49:54Z</time></trkpt>
<trkpt lat="33.0065135" lon="35.2031272"><ele>288.7</ele><time>2025-09-10T04:49:55Z</time></trkpt>
<trkpt lat="33.0065089" lon="35.203149"><ele>288.8</ele><time>2025-09-10T04:49:56Z</time></trkpt>
<trkpt lat="33.0065046" lon="35.203171"><ele>288.9</ele><time>2025-09-10T04:49:57Z</time></trkpt>
<trkpt lat="33.0065006" lon="35.2031933"><ele>289.0</ele><time>2025-09-10T04:49:58Z</time></trkpt>
<trkpt lat="33.006497" lon="35.2032157"><ele>289.1</ele><time>2025-09-10T04:49:59Z</time></trkpt>
<trkpt lat="33.0064937" lon="35.2032382"><ele>289.2</ele><time>2025-09-10T04:50:00Z</time></trkpt>
<trkpt lat="33.0064905" lon="35.2032607"><ele>289.3</ele><time>2025-09-10T04:50:01Z</time></trkpt>
<trkpt lat="33.0064871" lon="35.203283"><ele>289.5</ele><time>2025-09-10T04:50:02Z</time></trkpt>
<trkpt lat="33.0064835" lon="35.2033054"><ele>289.6</ele><time>2025-09-10T04:50:03Z</time></trkpt>
<trkpt lat="33.0064795" lon="35.2033277"><ele>289.7</ele><time>2025-09-10T04:50:04Z</time></trkpt>
<trkpt lat="33.0064756" lon="35.20335"><ele>289.8</ele><time>2025-09-10T04:50:05Z</time></trkpt>
<trkpt lat="33.0064718" lon="35.2033723"><ele>290.0</ele><time>2025-09-10T04:50:06Z</time></trkpt>
<trkpt lat="33.0064679" lon="35.2033947"><ele>290.1</ele><time>2025-09-10T04:50:07Z</time></trkpt>
<trkpt lat="33.0064638" lon="35.2034173"><ele>290.2</ele><time>2025-09-10T04:50:08Z</time></trkpt>
<trkpt lat="33.00646" lon="35.2034402"><ele>290.4</ele><time>2025-09-10T04:50:09Z</time></trkpt>
<trkpt lat="33.0064561" lon="35.2034631"><ele>290.5</ele><time>2025-09-10T04:50:10Z</time></trkpt>
<trkpt lat="33.0064523" lon="35.2034855"><ele>290.7</ele><time>2025-09-10T04:50:11Z</time></trkpt>
<trkpt lat="33.0064488" lon="35.2035079"><ele>290.8</ele><time>2025-09-10T04:50:12Z</time></trkpt>
<trkpt lat="33.0064453" lon="35.2035304"><ele>290.9</ele><time>2025-09-10T04:50:13Z</time></trkpt>
<trkpt lat="33.0064414" lon="35.2035529"><ele>291.1</ele><time>2025-09-10T04:50:14Z</time></trkpt>
<trkpt lat="33.0064373" lon="35.2035748"><ele>291.2</ele><time>2025-09-10T04:50:15Z</time></trkpt>
<trkpt lat="33.0064332" lon="35.2035967"><ele>291.4</ele><time>2025-09-10T04:50:16Z</time></trkpt>
<trkpt lat="33.0064296" lon="35.2036192"><ele>291.5</ele><time>2025-09-10T04:50:17Z</time></trkpt>
<trkpt lat="33.0064264" lon="35.2036415"><ele>291.7</ele><time>2025-09-10T04:50:18Z</time></trkpt>
<trkpt lat="33.0064233" lon="35.2036636"><ele>291.8</ele><time>2025-09-10T04:50:19Z</time></trkpt>
<trkpt lat="33.0064201" lon="35.2036855"><ele>292.0</ele><time>2025-09-10T04:50:20Z</time></trkpt>
<trkpt lat="33.0064167" lon="35.2037075"><ele>292.1</ele><time>2025-09-10T04:50:21Z</time></trkpt>
<trkpt lat="33.0064134" lon="35.2037299"><ele>292.3</ele><time>2025-09-10T04:50:22Z</time></trkpt>
<trkpt lat="33.00641" lon="35.2037524"><ele>292.4</ele><time>2025-09-10T04:50:23Z</time></trkpt>
<trkpt lat="33.0064062" lon="35.2037746"><ele>292.6</ele><time>2025-09-10T04:50:24Z</time></trkpt>
<trkpt lat="33.0064023" lon="35.2037962"><ele>292.7</ele><time>2025-09-10T04:50:25Z</time></trkpt>
<trkpt lat="33.0063985" lon="35.2038173"><ele>292.8</ele><time>2025-09-10T04:50:26Z</time></trkpt>
<trkpt lat="33.0063948" lon="35.2038384"><ele>293.0</ele><time>2025-09-10T04:50:27Z</time></trkpt>
<trkpt lat="33.0063912" lon="35.2038598"><ele>293.1</ele><time>2025-09-10T04:50:28Z</time></trkpt>
<trkpt lat="33.0063877" lon="35.2038815"><ele>293.2</ele><time>2025-09-10T04:50:29Z</time></trkpt>
<trkpt lat="33.0063841" lon="35.2039035"><ele>293.4</ele><time>2025-09-10T04:50:30Z</time></trkpt>
<trkpt lat="33.0063804" lon="35.2039258"><ele>293.5</ele><time>2025-09-10T04:50:31Z</time></trkpt>
<trkpt lat="33.0063768" lon="35.2039482"><ele>293.6</ele><time>2025-09-10T04:50:32Z</time></trkpt>
<trkpt lat="33.0063732" lon="35.2039706"><ele>293.7</ele><time>2025-09-10T04:50:33Z</time></trkpt>
<trkpt lat="33.0063694" lon="35.2039926"><ele>293.8</ele><time>2025-09-10T04:50:34Z</time></trkpt>
<trkpt lat="33.0063658" lon="35.2040142"><ele>293.9</ele><time>2025-09-10T04:50:35Z</time></trkpt>
<trkpt lat="33.0063628" lon="35.2040357"><ele>294.0</ele><time>2025-09-10T04:50:36Z</time></trkpt>
<trkpt lat="33.0063595" lon="35.2040573"><ele>294.1</ele><time>2025-09-10T04:50:37Z</time></trkpt>
<trkpt lat="33.0063559" lon="35.2040788"><ele>294.2</ele><time>2025-09-10T04:50:38Z</time></trkpt>
<trkpt lat="33.006353" lon="35.2041002"><ele>294.3</ele><time>2025-09-10T04:50:39Z</time></trkpt>
<trkpt lat="33.006351" lon="35.2041218"><ele>294.4</ele><time>2025-09-10T04:50:40Z</time></trkpt>
<trkpt lat="33.0063499" lon="35.2041433"><ele>294.5</ele><time>2025-09-10T04:50:41Z</time></trkpt>
<trkpt lat="33.0063495" lon="35.2041648"><ele>294.6</ele><time>2025-09-10T04:50:42Z</time></trkpt>
<trkpt lat="33.0063489" lon="35.2041862"><ele>294.7</ele><time>2025-09-10T04:50:43Z</time></trkpt>
<trkpt lat="33.0063481" lon="35.2042078"><ele>294.8</ele><time>2025-09-10T04:50:44Z</time></trkpt>
<trkpt lat="33.0063472" lon="35.2042295"><ele>294.9</ele><time>2025-09-10T04:50:45Z</time></trkpt>
<trkpt lat="33.0063464" lon="35.2042511"><ele>295.1</ele><time>2025-09-10T04:50:46Z</time></trkpt>
<trkpt lat="33.0063451" lon="35.204273"><ele>295.2</ele><time>2025-09-10T04:50:47Z</time></trkpt>
<trkpt lat="33.0063431" lon="35.204295"><ele>295.3</ele><time>2025-09-10T04:50:48Z</time></trkpt>
<trkpt lat="33.006341" lon="35.204317"><ele>295.4</ele><time>2025-09-10T04:50:49Z</time></trkpt>
<trkpt lat="33.0063387" lon="35.2043392"><ele>295.5</ele><time>2025-09-10T04:50:50Z</time></trkpt>
<trkpt lat="33.0063364" lon="35.2043618"><ele>295.6</ele><time>2025-09-10T04:50:51Z</time></trkpt>
<trkpt lat="33.0063345" lon="35.2043848"><ele>295.8</ele><time>2025-09-10T04:50:52Z</time></trkpt>
<trkpt lat="33.006333" lon="35.2044081"><ele>295.9</ele><time>2025-09-10T04:50:53Z</time></trkpt>
<trkpt lat="33.0063312" lon="35.2044318"><ele>296.0</ele><time>2025-09-10T04:50:54Z</time></trkpt>
<trkpt lat="33.0063289" lon="35.2044555"><ele>296.1</ele><time>2025-09-10T04:50:55Z</time></trkpt>
<trkpt lat="33.0063262" lon="35.2044787"><ele>296.2</ele><time>2025-09-10T04:50:56Z</time></trkpt>
<trkpt lat="33.0063226" lon="35.2045009"><ele>296.4</ele><time>2025-09-10T04:50:57Z</time></trkpt>
<trkpt lat="33.0063183" lon="35.2045222"><ele>296.5</ele><time>2025-09-10T04:50:58Z</time></trkpt>
<trkpt lat="33.006314" lon="35.2045424"><ele>296.6</ele><time>2025-09-10T04:50:59Z</time></trkpt>
<trkpt lat="33.0063103" lon="35.2045616"><ele>296.8</ele><time>2025-09-10T04:51:00Z</time></trkpt>
<trkpt lat="33.0063065" lon="35.2045806"><ele>296.9</ele><time>2025-09-10T04:51:01Z</time></trkpt>
<trkpt lat="33.0063026" lon="35.2045995"><ele>297.0</ele><time>2025-09-10T04:51:02Z</time></trkpt>
<trkpt lat="33.0062986" lon="35.2046181"><ele>297.2</ele><time>2025-09-10T04:51:03Z</time></trkpt>
<trkpt lat="33.0062947" lon="35.2046366"><ele>297.3</ele><time>2025-09-10T04:51:04Z</time></trkpt>
<trkpt lat="33.006291" lon="35.204655"><ele>297.4</ele><time>2025-09-10T04:51:05Z</time></trkpt>
<trkpt lat="33.0062874" lon="35.2046731"><ele>297.6</ele><time>2025-09-10T04:51:06Z</time></trkpt>
<trkpt lat="33.0062838" lon="35.2046915"><ele>297.7</ele><time>2025-09-10T04:51:07Z</time></trkpt>
<trkpt lat="33.0062799" lon="35.204711"><ele>297.8</ele><time>2025-09-10T04:51:08Z</time></trkpt>
<trkpt lat="33.0062761" lon="35.2047316"><ele>297.9</ele><time>2025-09-10T04:51:09Z</time></trkpt>
<trkpt lat="33.0062723" lon="35.2047531"><ele>298.1</ele><time>2025-09-10T04:51:10Z</time></trkpt>
<trkpt lat="33.0062686" lon="35.204775"><ele>298.2</ele><time>2025-09-10T04:51:11Z</time></trkpt>
<trkpt lat="33.0062657" lon="35.2047973"><ele>298.3</ele><time>2025-09-10T04:51:12Z</time></trkpt>
<trkpt lat="33.0062639" lon="35.2048199"><ele>298.5</ele><time>2025-09-10T04:51:13Z</time></trkpt>
<trkpt lat="33.0062631" lon="35.2048426"><ele>298.6</ele><time>2025-09-10T04:51:14Z</time></trkpt>
<trkpt lat="33.0062625" lon="35.2048653"><ele>298.7</ele><time>2025-09-10T04:51:15Z</time></trkpt>
<trkpt lat="33.0062614" lon="35.2048881"><ele>298.8</ele><time>2025-09-10T04:51:16Z</time></trkpt>
<trkpt lat="33.00626" lon="35.2049109"><ele>299.0</ele><time>2025-09-10T04:51:17Z</time></trkpt>
<trkpt lat="33.0062584" lon="35.2049338"><ele>299.1</ele><time>2025-09-10T04:51:18Z</time></trkpt>
<trkpt lat="33.0062565" lon="35.2049569"><ele>299.2</ele><time>2025-09-10T04:51:19Z</time></trkpt>
<trkpt lat="33.0062538" lon="35.2049798"><ele>299.3</ele><time>2025-09-10T04:51:20Z</time></trkpt>
<trkpt lat="33.0062509" lon="35.2050026"><ele>299.4</ele><time>2025-09-10T04:51:21Z</time></trkpt>
<trkpt lat="33.006248" lon="35.2050258"><ele>299.5</ele><time>2025-09-10T04:51:22Z</time></trkpt>
<trkpt lat="33.0062454" lon="35.2050499"><ele>299.6</ele><time>2025-09-10T04:51:23Z</time></trkpt>
<trkpt lat="33.0062431" lon="35.2050743"><ele>299.7</ele><time>2025-09-10T04:51:24Z</time></trkpt>
<trkpt lat="33.0062407" lon="35.2050985"><ele>299.8</ele><time>2025-09-10T04:51:25Z</time></trkpt>
<trkpt lat="33.0062376" lon="35.2051226"><ele>299.9</ele><time>2025-09-10T04:51:26Z</time></trkpt>
<trkpt lat="33.0062346" lon="35.2051466"><ele>300.0</ele><time>2025-09-10T04:51:27Z</time></trkpt>
<trkpt lat="33.006232" lon="35.2051705"><ele>300.1</ele><time>2025-09-10T04:51:28Z</time></trkpt>
<trkpt lat="33.00623" lon="35.2051946"><ele>300.2</ele><time>2025-09-10T04:51:29Z</time></trkpt>
<trkpt lat="33.0062284" lon="35.2052187"><ele>300.2</ele><time>2025-09-10T04:51:30Z</time></trkpt>
<trkpt lat="33.0062272" lon="35.2052432"><ele>300.3</ele><time>2025-09-10T04:51:31Z</time></trkpt>
<trkpt lat="33.0062263" lon="35.205268"><ele>300.4</ele><time>2025-09-10T04:51:32Z</time></trkpt>
<trkpt lat="33.0062257" lon="35.2052931"><ele>300.5</ele><time>2025-09-10T04:51:33Z</time></trkpt>
<trkpt lat="33.0062256" lon="35.2053187"><ele>300.5</ele><time>2025-09-10T04:51:34Z</time></trkpt>
<trkpt lat="33.006226" lon="35.2053448"><ele>300.6</ele><time>2025-09-10T04:51:35Z</time></trkpt>
<trkpt lat="33.0062263" lon="35.2053712"><ele>300.7</ele><time>2025-09-10T04:51:36Z</time></trkpt>
<trkpt lat="33.0062266" lon="35.2053978"><ele>300.7</ele><time>2025-09-10T04:51:37Z</time></trkpt>
<trkpt lat="33.0062267" lon="35.2054243"><ele>300.8</ele><time>2025-09-10T04:51:38Z</time></trkpt>
<trkpt lat="33.0062262" lon="35.2054507"><ele>300.8</ele><time>2025-09-10T04:51:39Z</time></trkpt>
<trkpt lat="33.0062255" lon="35.2054774"><ele>300.9</ele><time>2025-09-10T04:51:40Z</time></trkpt>
<trkpt lat="33.0062245" lon="35.2055044"><ele>300.9</ele><time>2025-09-10T04:51:41Z</time></trkpt>
<trkpt lat="33.0062235" lon="35.2055317"><ele>301.0</ele><time>2025-09-10T04:51:42Z</time></trkpt>
<trkpt lat="33.0062229" lon="35.2055821"><ele>301.1</ele><time>2025-09-10T04:51:44Z</time></trkpt>
<trkpt lat="33.0062231" lon="35.2055964"><ele>301.1</ele><time>2025-09-10T04:51:45Z</time></trkpt>
<trkpt lat="33.0062237" lon="35.2056106"><ele>301.2</ele><time>2025-09-10T04:51:46Z</time></trkpt>
<trkpt lat="33.0062248" lon="35.2056243"><ele>301.2</ele><time>2025-09-10T04:51:47Z</time></trkpt>
<trkpt lat="33.0062253" lon="35.2056386"><ele>301.2</ele><time>2025-09-10T04:51:48Z</time></trkpt>
<trkpt lat="33.0062252" lon="35.2056559"><ele>301.3</ele><time>2025-09-10T04:51:49Z</time></trkpt>
<trkpt lat="33.0062255" lon="35.2056765"><ele>301.3</ele><time>2025-09-10T04:51:50Z</time></trkpt>
<trkpt lat="33.006226" lon="35.2056975"><ele>301.3</ele><time>2025-09-10T04:51:51Z</time></trkpt>
<trkpt lat="33.0062241" lon="35.2057195"><ele>301.4</ele><time>2025-09-10T04:51:52Z</time></trkpt>
<trkpt lat="33.0062196" lon="35.2057428"><ele>301.4</ele><time>2025-09-10T04:51:53Z</time></trkpt>
<trkpt lat="33.0062153" lon="35.205766"><ele>301.5</ele><time>2025-09-10T04:51:54Z</time></trkpt>
<trkpt lat="33.006211" lon="35.2057887"><ele>301.5</ele><time>2025-09-10T04:51:55Z</time></trkpt>
<trkpt lat="33.0062064" lon="35.2058113"><ele>301.6</ele><time>2025-09-10T04:51:56Z</time></trkpt>
<trkpt lat="33.0062024" lon="35.2058343"><ele>301.6</ele><time>2025-09-10T04:51:57Z</time></trkpt>
<trkpt lat="33.0061996" lon="35.2058579"><ele>301.7</ele><time>2025-09-10T04:51:58Z</time></trkpt>
<trkpt lat="33.0061987" lon="35.2058817"><ele>301.8</ele><time>2025-09-10T04:51:59Z</time></trkpt>
<trkpt lat="33.0061989" lon="35.2059056"><ele>301.8</ele><time>2025-09-10T04:52:00Z</time></trkpt>
<trkpt lat="33.006199" lon="35.2059294"><ele>301.9</ele><time>2025-09-10T04:52:01Z</time></trkpt>
<trkpt lat="33.0061985" lon="35.205953"><ele>302.0</ele><time>2025-09-10T04:52:02Z</time></trkpt>
<trkpt lat="33.0061974" lon="35.2059765"><ele>302.0</ele><time>2025-09-10T04:52:03Z</time></trkpt>
<trkpt lat="33.0061964" lon="35.206"><ele>302.1</ele><time>2025-09-10T04:52:04Z</time></trkpt>
<trkpt lat="33.0061974" lon="35.2060232"><ele>302.2</ele><time>2025-09-10T04:52:05Z</time></trkpt>
<trkpt lat="33.0062" lon="35.206046"><ele>302.3</ele><time>2025-09-10T04:52:06Z</time></trkpt>
<trkpt lat="33.0062026" lon="35.2060683"><ele>302.4</ele><time>2025-09-10T04:52:07Z</time></trkpt>
<trkpt lat="33.0062051" lon="35.2060902"><ele>302.5</ele><time>2025-09-10T04:52:08Z</time></trkpt>
<trkpt lat="33.0062075" lon="35.2061119"><ele>302.6</ele><time>2025-09-10T04:52:09Z</time></trkpt>
<trkpt lat="33.0062092" lon="35.2061337"><ele>302.7</ele><time>2025-09-10T04:52:10Z</time></trkpt>
<trkpt lat="33.0062103" lon="35.2061556"><ele>302.8</ele><time>2025-09-10T04:52:11Z</time></trkpt>
<trkpt lat="33.0062116" lon="35.2061775"><ele>303.0</ele><time>2025-09-10T04:52:12Z</time></trkpt>
<trkpt lat="33.0062127" lon="35.2061994"><ele>303.1</ele><time>2025-09-10T04:52:13Z</time></trkpt>
<trkpt lat="33.0062148" lon="35.2062215"><ele>303.2</ele><time>2025-09-10T04:52:14Z</time></trkpt>
<trkpt lat="33.0062177" lon="35.2062438"><ele>303.3</ele><time>2025-09-10T04:52:15Z</time></trkpt>
<trkpt lat="33.0062199" lon="35.2062664"><ele>303.5</ele><time>2025-09-10T04:52:16Z</time></trkpt>
<trkpt lat="33.0062216" lon="35.2062903"><ele>303.6</ele><time>2025-09-10T04:52:17Z</time></trkpt>
<trkpt lat="33.006223" lon="35.2063154"><ele>303.8</ele><time>2025-09-10T04:52:18Z</time></trkpt>
<trkpt lat="33.0062247" lon="35.2063402"><ele>303.9</ele><time>2025-09-10T04:52:19Z</time></trkpt>
<trkpt lat="33.006227" lon="35.2063643"><ele>304.1</ele><time>2025-09-10T04:52:20Z</time></trkpt>
<trkpt lat="33.0062297" lon="35.2063875"><ele>304.2</ele><time>2025-09-10T04:52:21Z</time></trkpt>
<trkpt lat="33.0062325" lon="35.20641"><ele>304.4</ele><time>2025-09-10T04:52:22Z</time></trkpt>
<trkpt lat="33.0062349" lon="35.2064324"><ele>304.6</ele><time>2025-09-10T04:52:23Z</time></trkpt>
<trkpt lat="33.0062369" lon="35.206455"><ele>304.7</ele><time>2025-09-10T04:52:24Z</time></trkpt>
<trkpt lat="33.0062394" lon="35.2064776"><ele>304.9</ele><time>2025-09-10T04:52:25Z</time></trkpt>
<trkpt lat="33.0062427" lon="35.2065"><ele>305.1</ele><time>2025-09-10T04:52:26Z</time></trkpt>
<trkpt lat="33.0062461" lon="35.2065228"><ele>305.2</ele><time>2025-09-10T04:52:27Z</time></trkpt>
<trkpt lat="33.0062503" lon="35.2065455"><ele>305.4</ele><time>2025-09-10T04:52:28Z</time></trkpt>
<trkpt lat="33.0062547" lon="35.2065674"><ele>305.6</ele><time>2025-09-10T04:52:29Z</time></trkpt>
<trkpt lat="33.0062578" lon="35.2065886"><ele>305.7</ele><time>2025-09-10T04:52:30Z</time></trkpt>
<trkpt lat="33.0062597" lon="35.2066093"><ele>305.9</ele><time>2025-09-10T04:52:31Z</time></trkpt>
<trkpt lat="33.0062612" lon="35.2066291"><ele>306.1</ele><time>2025-09-10T04:52:32Z</time></trkpt>
<trkpt lat="33.006263" lon="35.2066477"><ele>306.2</ele><time>2025-09-10T04:52:33Z</time></trkpt>
<trkpt lat="33.0062645" lon="35.2066657"><ele>306.4</ele><time>2025-09-10T04:52:34Z</time></trkpt>
<trkpt lat="33.006266" lon="35.2066838"><ele>306.5</ele><time>2025-09-10T04:52:35Z</time></trkpt>
<trkpt lat="33.0062677" lon="35.2067022"><ele>306.7</ele><time>2025-09-10T04:52:36Z</time></trkpt>
<trkpt lat="33.0062694" lon="35.2067213"><ele>306.8</ele><time>2025-09-10T04:52:37Z</time></trkpt>
<trkpt lat="33.0062715" lon="35.2067408"><ele>306.9</ele><time>2025-09-10T04:52:38Z</time></trkpt>
<trkpt lat="33.0062738" lon="35.2067609"><ele>307.1</ele><time>2025-09-10T04:52:39Z</time></trkpt>
<trkpt lat="33.0062754" lon="35.2067813"><ele>307.2</ele><time>2025-09-10T04:52:40Z</time></trkpt>
<trkpt lat="33.0062764" lon="35.2068016"><ele>307.3</ele><time>2025-09-10T04:52:41Z</time></trkpt>
<trkpt lat="33.006277" lon="35.2068215"><ele>307.4</ele><time>2025-09-10T04:52:42Z</time></trkpt>
<trkpt lat="33.0062785" lon="35.2068483"><ele>307.7</ele><time>2025-09-10T04:52:44Z</time></trkpt>
<trkpt lat="33.0062801" lon="35.2068586"><ele>307.8</ele><time>2025-09-10T04:52:45Z</time></trkpt>
<trkpt lat="33.0062818" lon="35.2068705"><ele>307.9</ele><time>2025-09-10T04:52:46Z</time></trkpt>
<trkpt lat="33.0062832" lon="35.2068841"><ele>308.0</ele><time>2025-09-10T04:52:47Z</time></trkpt>
<trkpt lat="33.0062846" lon="35.2069001"><ele>308.1</ele><time>2025-09-10T04:52:48Z</time></trkpt>
<trkpt lat="33.006286" lon="35.2069179"><ele>308.2</ele><time>2025-09-10T04:52:49Z</time></trkpt>
<trkpt lat="33.006288" lon="35.2069364"><ele>308.3</ele><time>2025-09-10T04:52:50Z</time></trkpt>
<trkpt lat="33.0062893" lon="35.2069555"><ele>308.4</ele><time>2025-09-10T04:52:51Z</time></trkpt>
<trkpt lat="33.0062885" lon="35.2069938"><ele>308.6</ele><time>2025-09-10T04:52:52Z</time></trkpt>
<trkpt lat="33.0062877" lon="35.2070126"><ele>308.7</ele><time>2025-09-10T04:52:53Z</time></trkpt>
<trkpt lat="33.0062885" lon="35.207031"><ele>308.8</ele><time>2025-09-10T04:52:54Z</time></trkpt>
<trkpt lat="33.0062912" lon="35.207049"><ele>308.9</ele><time>2025-09-10T04:52:55Z</time></trkpt>
<trkpt lat="33.0062943" lon="35.2070669"><ele>309.0</ele><time>2025-09-10T04:52:56Z</time></trkpt>
<trkpt lat="33.006297" lon="35.2070852"><ele>309.1</ele><time>2025-09-10T04:52:57Z</time></trkpt>
<trkpt lat="33.0062991" lon="35.2071034"><ele>309.2</ele><time>2025-09-10T04:52:58Z</time></trkpt>
<trkpt lat="33.0063011" lon="35.2071215"><ele>309.3</ele><time>2025-09-10T04:52:59Z</time></trkpt>
<trkpt lat="33.0063027" lon="35.2071398"><ele>309.4</ele><time>2025-09-10T04:53:00Z</time></trkpt>
<trkpt lat="33.0063038" lon="35.2071581"><ele>309.5</ele><time>2025-09-10T04:53:01Z</time></trkpt>
<trkpt lat="33.0063052" lon="35.2071765"><ele>309.7</ele><time>2025-09-10T04:53:02Z</time></trkpt>
<trkpt lat="33.0063076" lon="35.2071954"><ele>309.8</ele><time>2025-09-10T04:53:03Z</time></trkpt>
<trkpt lat="33.0063104" lon="35.2072141"><ele>309.9</ele><time>2025-09-10T04:53:04Z</time></trkpt>
<trkpt lat="33.0063131" lon="35.2072329"><ele>310.0</ele><time>2025-09-10T04:53:05Z</time></trkpt>
<trkpt lat="33.0063157" lon="35.2072517"><ele>310.1</ele><time>2025-09-10T04:53:06Z</time></trkpt>
<trkpt lat="33.006318" lon="35.2072703"><ele>310.2</ele><time>2025-09-10T04:53:07Z</time></trkpt>
<trkpt lat="33.0063199" lon="35.207289"><ele>310.4</ele><time>2025-09-10T04:53:08Z</time></trkpt>
<trkpt lat="33.0063214" lon="35.2073076"><ele>310.5</ele><time>2025-09-10T04:53:09Z</time></trkpt>
<trkpt lat="33.0063227" lon="35.207326"><ele>310.6</ele><time>2025-09-10T04:53:10Z</time></trkpt>
<trkpt lat="33.0063239" lon="35.2073444"><ele>310.7</ele><time>2025-09-10T04:53:11Z</time></trkpt>
<trkpt lat="33.0063256" lon="35.2073626"><ele>310.9</ele><time>2025-09-10T04:53:12Z</time></trkpt>
<trkpt lat="33.0063278" lon="35.2073807"><ele>311.0</ele><time>2025-09-10T04:53:13Z</time></trkpt>
<trkpt lat="33.0063291" lon="35.2073996"><ele>311.1</ele><time>2025-09-10T04:53:14Z</time></trkpt>
<trkpt lat="33.0063303" lon="35.2074192"><ele>311.2</ele><time>2025-09-10T04:53:15Z</time></trkpt>
<trkpt lat="33.006333" lon="35.2074396"><ele>311.4</ele><time>2025-09-10T04:53:16Z</time></trkpt>
<trkpt lat="33.0063367" lon="35.2074612"><ele>311.5</ele><time>2025-09-10T04:53:17Z</time></trkpt>
<trkpt lat="33.0063405" lon="35.2074826"><ele>311.6</ele><time>2025-09-10T04:53:18Z</time></trkpt>
<trkpt lat="33.0063437" lon="35.2075034"><ele>311.7</ele><time>2025-09-10T04:53:19Z</time></trkpt>
<trkpt lat="33.0063466" lon="35.2075232"><ele>311.9</ele><time>2025-09-10T04:53:20Z</time></trkpt>
<trkpt lat="33.0063498" lon="35.2075422"><ele>312.0</ele><time>2025-09-10T04:53:21Z</time></trkpt>
<trkpt lat="33.0063528" lon="35.2075608"><ele>312.1</ele><time>2025-09-10T04:53:22Z</time></trkpt>
<trkpt lat="33.0063553" lon="35.2075796"><ele>312.2</ele><time>2025-09-10T04:53:23Z</time></trkpt>
<trkpt lat="33.0063572" lon="35.2075983"><ele>312.4</ele><time>2025-09-10T04:53:24Z</time></trkpt>
<trkpt lat="33.006359" lon="35.2076169"><ele>312.5</ele><time>2025-09-10T04:53:25Z</time></trkpt>
<trkpt lat="33.006361" lon="35.2076353"><ele>312.6</ele><time>2025-09-10T04:53:26Z</time></trkpt>
<trkpt lat="33.0063632" lon="35.2076532"><ele>312.7</ele><time>2025-09-10T04:53:27Z</time></trkpt>
<trkpt lat="33.0063655" lon="35.2076706"><ele>312.9</ele><time>2025-09-10T04:53:28Z</time></trkpt>
<trkpt lat="33.0063673" lon="35.2076877"><ele>313.0</ele><time>2025-09-10T04:53:29Z</time></trkpt>
<trkpt lat="33.0063683" lon="35.2077048"><ele>313.1</ele><time>2025-09-10T04:53:30Z</time></trkpt>
<trkpt lat="33.0063687" lon="35.2077217"><ele>313.2</ele><time>2025-09-10T04:53:31Z</time></trkpt>
<trkpt lat="33.0063689" lon="35.2077383"><ele>313.3</ele><time>2025-09-10T04:53:32Z</time></trkpt>
<trkpt lat="33.0063686" lon="35.2077551"><ele>313.4</ele><time>2025-09-10T04:53:33Z</time></trkpt>
<trkpt lat="33.0063679" lon="35.207772"><ele>313.5</ele><time>2025-09-10T04:53:34Z</time></trkpt>
<trkpt lat="33.0063675" lon="35.207789"><ele>313.6</ele><time>2025-09-10T04:53:35Z</time></trkpt>
<trkpt lat="33.0063675" lon="35.2078061"><ele>313.7</ele><time>2025-09-10T04:53:36Z</time></trkpt>
<trkpt lat="33.0063679" lon="35.207823"><ele>313.8</ele><time>2025-09-10T04:53:37Z</time></trkpt>
<trkpt lat="33.0063683" lon="35.2078397"><ele>313.9</ele><time>2025-09-10T04:53:38Z</time></trkpt>
<trkpt lat="33.0063688" lon="35.2078561"><ele>314.0</ele><time>2025-09-10T04:53:39Z</time></trkpt>
<trkpt lat="33.0063698" lon="35.2078725"><ele>314.0</ele><time>2025-09-10T04:53:40Z</time></trkpt>
<trkpt lat="33.0063712" lon="35.2078889"><ele>314.1</ele><time>2025-09-10T04:53:41Z</time></trkpt>
<trkpt lat="33.0063725" lon="35.2079054"><ele>314.2</ele><time>2025-09-10T04:53:42Z</time></trkpt>
<trkpt lat="33.0063737" lon="35.2079219"><ele>314.2</ele><time>2025-09-10T04:53:43Z</time></trkpt>
<trkpt lat="33.0063749" lon="35.2079384"><ele>314.3</ele><time>2025-09-10T04:53:44Z</time></trkpt>
<trkpt lat="33.0063757" lon="35.2079548"><ele>314.3</ele><time>2025-09-10T04:53:45Z</time></trkpt>
<trkpt lat="33.0063767" lon="35.2079711"><ele>314.4</ele><time>2025-09-10T04:53:46Z</time></trkpt>
<trkpt lat="33.0063787" lon="35.2079872"><ele>314.4</ele><time>2025-09-10T04:53:47Z</time></trkpt>
<trkpt lat="33.0063809" lon="35.2080036"><ele>314.5</ele><time>2025-09-10T04:53:48Z</time></trkpt>
<trkpt lat="33.006383" lon="35.2080206"><ele>314.5</ele><time>2025-09-10T04:53:49Z</time></trkpt>
<trkpt lat="33.0063848" lon="35.2080378"><ele>314.6</ele><time>2025-09-10T04:53:50Z</time></trkpt>
<trkpt lat="33.0063866" lon="35.2080552"><ele>314.6</ele><time>2025-09-10T04:53:51Z</time></trkpt>
<trkpt lat="33.0063886" lon="35.2080724"><ele>314.7</ele><time>2025-09-10T04:53:52Z</time></trkpt>
<trkpt lat="33.0063911" lon="35.2080895"><ele>314.7</ele><time>2025-09-10T04:53:53Z</time></trkpt>
<trkpt lat="33.0063941" lon="35.2081065"><ele>314.8</ele><time>2025-09-10T04:53:54Z</time></trkpt>
<trkpt lat="33.0063969" lon="35.2081233"><ele>314.8</ele><time>2025-09-10T04:53:55Z</time></trkpt>
<trkpt lat="33.0063993" lon="35.2081401"><ele>314.9</ele><time>2025-09-10T04:53:56Z</time></trkpt>
<trkpt lat="33.0064015" lon="35.2081569"><ele>315.0</ele><time>2025-09-10T04:53:57Z</time></trkpt>
<trkpt lat="33.0064036" lon="35.208174"><ele>315.0</ele><time>2025-09-10T04:53:58Z</time></trkpt>
<trkpt lat="33.0064058" lon="35.2081911"><ele>315.1</ele><time>2025-09-10T04:53:59Z</time></trkpt>
<trkpt lat="33.0064078" lon="35.2082079"><ele>315.1</ele><time>2025-09-10T04:54:00Z</time></trkpt>
<trkpt lat="33.0064099" lon="35.2082243"><ele>315.2</ele><time>2025-09-10T04:54:01Z</time></trkpt>
<trkpt lat="33.0064125" lon="35.2082405"><ele>315.3</ele><time>2025-09-10T04:54:02Z</time></trkpt>
<trkpt lat="33.0064152" lon="35.2082572"><ele>315.4</ele><time>2025-09-10T04:54:03Z</time></trkpt>
<trkpt lat="33.0064174" lon="35.2082745"><ele>315.5</ele><time>2025-09-10T04:54:04Z</time></trkpt>
<trkpt lat="33.0064193" lon="35.2082925"><ele>315.5</ele><time>2025-09-10T04:54:05Z</time></trkpt>
<trkpt lat="33.0064213" lon="35.2083106"><ele>315.6</ele><time>2025-09-10T04:54:06Z</time></trkpt>
<trkpt lat="33.0064235" lon="35.2083288"><ele>315.7</ele><time>2025-09-10T04:54:07Z</time></trkpt>
<trkpt lat="33.006426" lon="35.2083471"><ele>315.8</ele><time>2025-09-10T04:54:08Z</time></trkpt>
<trkpt lat="33.0064293" lon="35.2083656"><ele>315.9</ele><time>2025-09-10T04:54:09Z</time></trkpt>
<trkpt lat="33.0064333" lon="35.2083842"><ele>316.0</ele><time>2025-09-10T04:54:10Z</time></trkpt>
<trkpt lat="33.0064377" lon="35.2084029"><ele>316.2</ele><time>2025-09-10T04:54:11Z</time></trkpt>
<trkpt lat="33.0064427" lon="35.2084219"><ele>316.3</ele><time>2025-09-10T04:54:12Z</time></trkpt>
<trkpt lat="33.0064479" lon="35.208441"><ele>316.4</ele><time>2025-09-10T04:54:13Z</time></trkpt>
<trkpt lat="33.0064526" lon="35.20846"><ele>316.5</ele><time>2025-09-10T04:54:14Z</time></trkpt>
<trkpt lat="33.0064566" lon="35.2084785"><ele>316.6</ele><time>2025-09-10T04:54:15Z</time></trkpt>
<trkpt lat="33.0064597" lon="35.208497"><ele>316.8</ele><time>2025-09-10T04:54:16Z</time></trkpt>
<trkpt lat="33.0064626" lon="35.2085156"><ele>316.9</ele><time>2025-09-10T04:54:17Z</time></trkpt>
<trkpt lat="33.0064662" lon="35.2085341"><ele>317.0</ele><time>2025-09-10T04:54:18Z</time></trkpt>
<trkpt lat="33.0064708" lon="35.2085532"><ele>317.2</ele><time>2025-09-10T04:54:19Z</time></trkpt>
<trkpt lat="33.0064755" lon="35.208573"><ele>317.3</ele><time>2025-09-10T04:54:20Z</time></trkpt>
<trkpt lat="33.0064794" lon="35.2085933"><ele>317.4</ele><time>2025-09-10T04:54:21Z</time></trkpt>
<trkpt lat="33.0064829" lon="35.208614"><ele>317.6</ele><time>2025-09-10T04:54:22Z</time></trkpt>
<trkpt lat="33.0064865" lon="35.208635"><ele>317.7</ele><time>2025-09-10T04:54:23Z</time></trkpt>
<trkpt lat="33.0064904" lon="35.2086564"><ele>317.8</ele><time>2025-09-10T04:54:24Z</time></trkpt>
<trkpt lat="33.0064944" lon="35.2086779"><ele>317.9</ele><time>2025-09-10T04:54:25Z</time></trkpt>
<trkpt lat="33.0064987" lon="35.2086993"><ele>318.1</ele><time>2025-09-10T04:54:26Z</time></trkpt>
<trkpt lat="33.0065031" lon="35.2087203"><ele>318.2</ele><time>2025-09-10T04:54:27Z</time></trkpt>
<trkpt lat="33.0065072" lon="35.2087406"><ele>318.4</ele><time>2025-09-10T04:54:28Z</time></trkpt>
<trkpt lat="33.0065105" lon="35.2087601"><ele>318.5</ele><time>2025-09-10T04:54:29Z</time></trkpt>
<trkpt lat="33.0065139" lon="35.2087789"><ele>318.6</ele><time>2025-09-10T04:54:30Z</time></trkpt>
<trkpt lat="33.0065174" lon="35.2087969"><ele>318.8</ele><time>2025-09-10T04:54:31Z</time></trkpt>
<trkpt lat="33.0065211" lon="35.2088146"><ele>318.9</ele><time>2025-09-10T04:54:32Z</time></trkpt>
<trkpt lat="33.0065251" lon="35.2088319"><ele>319.0</ele><time>2025-09-10T04:54:33Z</time></trkpt>
<trkpt lat="33.0065287" lon="35.2088494"><ele>319.2</ele><time>2025-09-10T04:54:34Z</time></trkpt>
<trkpt lat="33.0065323" lon="35.2088671"><ele>319.3</ele><time>2025-09-10T04:54:35Z</time></trkpt>
<trkpt lat="33.0065357" lon="35.2088849"><ele>319.4</ele><time>2025-09-10T04:54:36Z</time></trkpt>
<trkpt lat="33.0065384" lon="35.2089024"><ele>319.5</ele><time>2025-09-10T04:54:37Z</time></trkpt>
<trkpt lat="33.0065407" lon="35.2089201"><ele>319.7</ele><time>2025-09-10T04:54:38Z</time></trkpt>
<trkpt lat="33.0065426" lon="35.208938"><ele>319.8</ele><time>2025-09-10T04:54:39Z</time></trkpt>
<trkpt lat="33.0065441" lon="35.208956"><ele>319.9</ele><time>2025-09-10T04:54:40Z</time></trkpt>
<trkpt lat="33.0065457" lon="35.2089743"><ele>320.0</ele><time>2025-09-10T04:54:41Z</time></trkpt>
<trkpt lat="33.0065477" lon="35.2089929"><ele>320.1</ele><time>2025-09-10T04:54:42Z</time></trkpt>
<trkpt lat="33.0065499" lon="35.2090117"><ele>320.2</ele><time>2025-09-10T04:54:43Z</time></trkpt>
<trkpt lat="33.0065519" lon="35.2090309"><ele>320.3</ele><time>2025-09-10T04:54:44Z</time></trkpt>
<trkpt lat="33.0065533" lon="35.2090503"><ele>320.3</ele><time>2025-09-10T04:54:45Z</time></trkpt>
<trkpt lat="33.0065547" lon="35.2090697"><ele>320.4</ele><time>2025-09-10T04:54:46Z</time></trkpt>
<trkpt lat="33.0065563" lon="35.2090896"><ele>320.5</ele><time>2025-09-10T04:54:47Z</time></trkpt>
<trkpt lat="33.0065574" lon="35.2091095"><ele>320.6</ele><time>2025-09-10T04:54:48Z</time></trkpt>
<trkpt lat="33.0065581" lon="35.2091294"><ele>320.7</ele><time>2025-09-10T04:54:49Z</time></trkpt>
<trkpt lat="33.0065588" lon="35.2091495"><ele>320.8</ele><time>2025-09-10T04:54:50Z</time></trkpt>
<trkpt lat="33.0065597" lon="35.2091698"><ele>320.9</ele><time>2025-09-10T04:54:51Z</time></trkpt>
<trkpt lat="33.0065605" lon="35.2091903"><ele>321.0</ele><time>2025-09-10T04:54:52Z</time></trkpt>
<trkpt lat="33.0065607" lon="35.2092108"><ele>321.0</ele><time>2025-09-10T04:54:53Z</time></trkpt>
<trkpt lat="33.0065608" lon="35.2092314"><ele>321.1</ele><time>2025-09-10T04:54:54Z</time></trkpt>
<trkpt lat="33.0065609" lon="35.2092518"><ele>321.2</ele><time>2025-09-10T04:54:55Z</time></trkpt>
<trkpt lat="33.0065608" lon="35.2092724"><ele>321.3</ele><time>2025-09-10T04:54:56Z</time></trkpt>
<trkpt lat="33.0065599" lon="35.2092934"><ele>321.4</ele><time>2025-09-10T04:54:57Z</time></trkpt>
<trkpt lat="33.0065582" lon="35.2093143"><ele>321.5</ele><time>2025-09-10T04:54:58Z</time></trkpt>
<trkpt lat="33.0065561" lon="35.2093348"><ele>321.6</ele><time>2025-09-10T04:54:59Z</time></trkpt>
<trkpt lat="33.0065538" lon="35.2093547"><ele>321.7</ele><time>2025-09-10T04:55:00Z</time></trkpt>
<trkpt lat="33.0065519" lon="35.2093745"><ele>321.8</ele><time>2025-09-10T04:55:01Z</time></trkpt>
<trkpt lat="33.006551" lon="35.2093945"><ele>321.9</ele><time>2025-09-10T04:55:02Z</time></trkpt>
<trkpt lat="33.0065512" lon="35.2094151"><ele>322.0</ele><time>2025-09-10T04:55:03Z</time></trkpt>
<trkpt lat="33.0065514" lon="35.2094354"><ele>322.1</ele><time>2025-09-10T04:55:04Z</time></trkpt>
<trkpt lat="33.0065512" lon="35.2094555"><ele>322.2</ele><time>2025-09-10T04:55:05Z</time></trkpt>
<trkpt lat="33.0065508" lon="35.2094759"><ele>322.3</ele><time>2025-09-10T04:55:06Z</time></trkpt>
<trkpt lat="33.0065504" lon="35.2094958"><ele>322.4</ele><time>2025-09-10T04:55:07Z</time></trkpt>
<trkpt lat="33.0065493" lon="35.2095152"><ele>322.5</ele><time>2025-09-10T04:55:08Z</time></trkpt>
<trkpt lat="33.0065477" lon="35.2095345"><ele>322.6</ele><time>2025-09-10T04:55:09Z</time></trkpt>
<trkpt lat="33.0065459" lon="35.2095539"><ele>322.7</ele><time>2025-09-10T04:55:10Z</time></trkpt>
<trkpt lat="33.0065435" lon="35.2095733"><ele>322.8</ele><time>2025-09-10T04:55:11Z</time></trkpt>
<trkpt lat="33.0065407" lon="35.2095927"><ele>322.9</ele><time>2025-09-10T04:55:12Z</time></trkpt>
<trkpt lat="33.0065378" lon="35.2096128"><ele>323.0</ele><time>2025-09-10T04:55:13Z</time></trkpt>
<trkpt lat="33.0065356" lon="35.2096331"><ele>323.1</ele><time>2025-09-10T04:55:14Z</time></trkpt>
<trkpt lat="33.0065341" lon="35.2096537"><ele>323.2</ele><time>2025-09-10T04:55:15Z</time></trkpt>
<trkpt lat="33.0065332" lon="35.2096748"><ele>323.4</ele><time>2025-09-10T04:55:16Z</time></trkpt>
<trkpt lat="33.0065329" lon="35.2096958"><ele>323.5</ele><time>2025-09-10T04:55:17Z</time></trkpt>
<trkpt lat="33.0065336" lon="35.2097161"><ele>323.6</ele><time>2025-09-10T04:55:18Z</time></trkpt>
<trkpt lat="33.0065351" lon="35.2097356"><ele>323.7</ele><time>2025-09-10T04:55:19Z</time></trkpt>
<trkpt lat="33.0065368" lon="35.2097547"><ele>323.8</ele><time>2025-09-10T04:55:20Z</time></trkpt>
<trkpt lat="33.006538" lon="35.2097743"><ele>323.9</ele><time>2025-09-10T04:55:21Z</time></trkpt>
<trkpt lat="33.0065385" lon="35.2097946"><ele>324.1</ele><time>2025-09-10T04:55:22Z</time></trkpt>
<trkpt lat="33.0065386" lon="35.2098156"><ele>324.2</ele><time>2025-09-10T04:55:23Z</time></trkpt>
<trkpt lat="33.0065385" lon="35.2098374"><ele>324.3</ele><time>2025-09-10T04:55:24Z</time></trkpt>
<trkpt lat="33.0065386" lon="35.2098596"><ele>324.4</ele><time>2025-09-10T04:55:25Z</time></trkpt>
<trkpt lat="33.0065389" lon="35.2098816"><ele>324.5</ele><time>2025-09-10T04:55:26Z</time></trkpt>
<trkpt lat="33.0065387" lon="35.2099032"><ele>324.6</ele><time>2025-09-10T04:55:27Z</time></trkpt>
<trkpt lat="33.0065377" lon="35.2099251"><ele>324.7</ele><time>2025-09-10T04:55:28Z</time></trkpt>
<trkpt lat="33.0065365" lon="35.2099475"><ele>324.9</ele><time>2025-09-10T04:55:29Z</time></trkpt>
<trkpt lat="33.0065358" lon="35.2099699"><ele>325.0</ele><time>2025-09-10T04:55:30Z</time></trkpt>
<trkpt lat="33.0065355" lon="35.2099922"><ele>325.1</ele><time>2025-09-10T04:55:31Z</time></trkpt>
<trkpt lat="33.0065358" lon="35.2100143"><ele>325.2</ele><time>2025-09-10T04:55:32Z</time></trkpt>
<trkpt lat="33.0065367" lon="35.2100363"><ele>325.2</ele><time>2025-09-10T04:55:33Z</time></trkpt>
<trkpt lat="33.0065379" lon="35.2100586"><ele>325.3</ele><time>2025-09-10T04:55:34Z</time></trkpt>
<trkpt lat="33.0065395" lon="35.2100813"><ele>325.4</ele><time>2025-09-10T04:55:35Z</time></trkpt>
<trkpt lat="33.0065407" lon="35.2101038"><ele>325.5</ele><time>2025-09-10T04:55:36Z</time></trkpt>
<trkpt lat="33.0065409" lon="35.2101262"><ele>325.6</ele><time>2025-09-10T04:55:37Z</time></trkpt>
<trkpt lat="33.0065407" lon="35.2101486"><ele>325.6</ele><time>2025-09-10T04:55:38Z</time></trkpt>
<trkpt lat="33.0065405" lon="35.2101705"><ele>325.7</ele><time>2025-09-10T04:55:39Z</time></trkpt>
<trkpt lat="33.0065405" lon="35.2101919"><ele>325.7</ele><time>2025-09-10T04:55:40Z</time></trkpt>
<trkpt lat="33.0065407" lon="35.2102133"><ele>325.8</ele><time>2025-09-10T04:55:41Z</time></trkpt>
<trkpt lat="33.0065412" lon="35.2102353"><ele>325.9</ele><time>2025-09-10T04:55:42Z</time></trkpt>
<trkpt lat="33.0065433" lon="35.2102756"><ele>326.0</ele><time>2025-09-10T04:55:44Z</time></trkpt>
<trkpt lat="33.0065443" lon="35.2102868"><ele>326.0</ele><time>2025-09-10T04:55:45Z</time></trkpt>
<trkpt lat="33.0065453" lon="35.2102983"><ele>326.1</ele><time>2025-09-10T04:55:46Z</time></trkpt>
<trkpt lat="33.0065462" lon="35.2103105"><ele>326.1</ele><time>2025-09-10T04:55:47Z</time></trkpt>
<trkpt lat="33.0065471" lon="35.2103242"><ele>326.2</ele><time>2025-09-10T04:55:48Z</time></trkpt>
<trkpt lat="33.0065479" lon="35.2103406"><ele>326.3</ele><time>2025-09-10T04:55:49Z</time></trkpt>
<trkpt lat="33.0065485" lon="35.2103585"><ele>326.3</ele><time>2025-09-10T04:55:50Z</time></trkpt>
<trkpt lat="33.006549" lon="35.2103769"><ele>326.4</ele><time>2025-09-10T04:55:51Z</time></trkpt>
<trkpt lat="33.0065509" lon="35.2103953"><ele>326.4</ele><time>2025-09-10T04:55:52Z</time></trkpt>
<trkpt lat="33.0065535" lon="35.2104138"><ele>326.5</ele><time>2025-09-10T04:55:53Z</time></trkpt>
<trkpt lat="33.0065538" lon="35.2104328"><ele>326.6</ele><time>2025-09-10T04:55:54Z</time></trkpt>
<trkpt lat="33.0065534" lon="35.2104521"><ele>326.6</ele><time>2025-09-10T04:55:55Z</time></trkpt>
<trkpt lat="33.0065539" lon="35.2104705"><ele>326.7</ele><time>2025-09-10T04:55:56Z</time></trkpt>
<trkpt lat="33.0065545" lon="35.2104886"><ele>326.8</ele><time>2025-09-10T04:55:57Z</time></trkpt>
<trkpt lat="33.0065555" lon="35.2105084"><ele>326.8</ele><time>2025-09-10T04:55:58Z</time></trkpt>
<trkpt lat="33.006556" lon="35.2105299"><ele>326.9</ele><time>2025-09-10T04:55:59Z</time></trkpt>
<trkpt lat="33.0065558" lon="35.2105505"><ele>327.0</ele><time>2025-09-10T04:56:00Z</time></trkpt>
<trkpt lat="33.006556" lon="35.2105688"><ele>327.1</ele><time>2025-09-10T04:56:01Z</time></trkpt>
<trkpt lat="33.0065567" lon="35.2105859"><ele>327.2</ele><time>2025-09-10T04:56:02Z</time></trkpt>
<trkpt lat="33.006558" lon="35.2106024"><ele>327.3</ele><time>2025-09-10T04:56:03Z</time></trkpt>
<trkpt lat="33.0065591" lon="35.2106186"><ele>327.3</ele><time>2025-09-10T04:56:04Z</time></trkpt>
<trkpt lat="33.0065585" lon="35.2106351"><ele>327.4</ele><time>2025-09-10T04:56:05Z</time></trkpt>
<trkpt lat="33.0065571" lon="35.210652"><ele>327.5</ele><time>2025-09-10T04:56:06Z</time></trkpt>
<trkpt lat="33.0065563" lon="35.2106693"><ele>327.6</ele><time>2025-09-10T04:56:07Z</time></trkpt>
<trkpt lat="33.0065564" lon="35.2106875"><ele>327.7</ele><time>2025-09-10T04:56:08Z</time></trkpt>
<trkpt lat="33.0065565" lon="35.2107069"><ele>327.8</ele><time>2025-09-10T04:56:09Z</time></trkpt>
<trkpt lat="33.0065564" lon="35.2107291"><ele>327.9</ele><time>2025-09-10T04:56:10Z</time></trkpt>
<trkpt lat="33.0065577" lon="35.2107541"><ele>328.0</ele><time>2025-09-10T04:56:11Z</time></trkpt>
<trkpt lat="33.0065595" lon="35.2107766"><ele>328.2</ele><time>2025-09-10T04:56:12Z</time></trkpt>
<trkpt lat="33.0065598" lon="35.2107951"><ele>328.3</ele><time>2025-09-10T04:56:13Z</time></trkpt>
<trkpt lat="33.0065594" lon="35.2108136"><ele>328.4</ele><time>2025-09-10T04:56:14Z</time></trkpt>
<trkpt lat="33.0065584" lon="35.2108337"><ele>328.5</ele><time>2025-09-10T04:56:15Z</time></trkpt>
<trkpt lat="33.0065571" lon="35.210855"><ele>328.6</ele><time>2025-09-10T04:56:16Z</time></trkpt>
<trkpt lat="33.0065564" lon="35.2108788"><ele>328.7</ele><time>2025-09-10T04:56:17Z</time></trkpt>
<trkpt lat="33.0065561" lon="35.2109053"><ele>328.9</ele><time>2025-09-10T04:56:18Z</time></trkpt>
<trkpt lat="33.0065551" lon="35.2109322"><ele>329.0</ele><time>2025-09-10T04:56:19Z</time></trkpt>
<trkpt lat="33.0065533" lon="35.2109594"><ele>329.1</ele><time>2025-09-10T04:56:20Z</time></trkpt>
<trkpt lat="33.0065511" lon="35.210987"><ele>329.2</ele><time>2025-09-10T04:56:21Z</time></trkpt>
<trkpt lat="33.0065491" lon="35.2110144"><ele>329.3</ele><time>2025-09-10T04:56:22Z</time></trkpt>
<trkpt lat="33.0065471" lon="35.2110406"><ele>329.4</ele><time>2025-09-10T04:56:23Z</time></trkpt>
<trkpt lat="33.0065451" lon="35.2110657"><ele>329.5</ele><time>2025-09-10T04:56:24Z</time></trkpt>
<trkpt lat="33.0065435" lon="35.21109"><ele>329.7</ele><time>2025-09-10T04:56:25Z</time></trkpt>
<trkpt lat="33.0065422" lon="35.2111132"><ele>329.8</ele><time>2025-09-10T04:56:26Z</time></trkpt>
<trkpt lat="33.0065406" lon="35.2111359"><ele>329.9</ele><time>2025-09-10T04:56:27Z</time></trkpt>
<trkpt lat="33.0065388" lon="35.2111588"><ele>330.0</ele><time>2025-09-10T04:56:28Z</time></trkpt>
<trkpt lat="33.006537" lon="35.211182"><ele>330.1</ele><time>2025-09-10T04:56:29Z</time></trkpt>
<trkpt lat="33.0065353" lon="35.2112053"><ele>330.2</ele><time>2025-09-10T04:56:30Z</time></trkpt>
<trkpt lat="33.0065337" lon="35.2112285"><ele>330.3</ele><time>2025-09-10T04:56:31Z</time></trkpt>
<trkpt lat="33.0065317" lon="35.2112511"><ele>330.4</ele><time>2025-09-10T04:56:32Z</time></trkpt>
<trkpt lat="33.0065293" lon="35.2112729"><ele>330.6</ele><time>2025-09-10T04:56:33Z</time></trkpt>
<trkpt lat="33.0065267" lon="35.2112941"><ele>330.7</ele><time>2025-09-10T04:56:34Z</time></trkpt>
<trkpt lat="33.0065239" lon="35.2113151"><ele>330.8</ele><time>2025-09-10T04:56:35Z</time></trkpt>
<trkpt lat="33.0065211" lon="35.2113353"><ele>330.9</ele><time>2025-09-10T04:56:36Z</time></trkpt>
<trkpt lat="33.0065179" lon="35.2113549"><ele>331.0</ele><time>2025-09-10T04:56:37Z</time></trkpt>
<trkpt lat="33.0065149" lon="35.2113748"><ele>331.2</ele><time>2025-09-10T04:56:38Z</time></trkpt>
<trkpt lat="33.0065124" lon="35.2113953"><ele>331.3</ele><time>2025-09-10T04:56:39Z</time></trkpt>
<trkpt lat="33.0065105" lon="35.2114164"><ele>331.4</ele><time>2025-09-10T04:56:40Z</time></trkpt>
<trkpt lat="33.0065083" lon="35.2114377"><ele>331.5</ele><time>2025-09-10T04:56:41Z</time></trkpt>
<trkpt lat="33.0065051" lon="35.2114588"><ele>331.7</ele><time>2025-09-10T04:56:42Z</time></trkpt>
<trkpt lat="33.0065012" lon="35.21148"><ele>331.8</ele><time>2025-09-10T04:56:43Z</time></trkpt>
<trkpt lat="33.0064975" lon="35.2115013"><ele>331.9</ele><time>2025-09-10T04:56:44Z</time></trkpt>
<trkpt lat="33.0064943" lon="35.2115219"><ele>332.1</ele><time>2025-09-10T04:56:45Z</time></trkpt>
<trkpt lat="33.0064912" lon="35.211542"><ele>332.2</ele><time>2025-09-10T04:56:46Z</time></trkpt>
<trkpt lat="33.0064884" lon="35.2115614"><ele>332.3</ele><time>2025-09-10T04:56:47Z</time></trkpt>
<trkpt lat="33.0064861" lon="35.2115798"><ele>332.5</ele><time>2025-09-10T04:56:48Z</time></trkpt>
<trkpt lat="33.0064835" lon="35.2115975"><ele>332.6</ele><time>2025-09-10T04:56:49Z</time></trkpt>
<trkpt lat="33.0064802" lon="35.2116147"><ele>332.7</ele><time>2025-09-10T04:56:50Z</time></trkpt>
<trkpt lat="33.0064773" lon="35.2116321"><ele>332.9</ele><time>2025-09-10T04:56:51Z</time></trkpt>
<trkpt lat="33.0064758" lon="35.2116502"><ele>333.0</ele><time>2025-09-10T04:56:52Z</time></trkpt>
<trkpt lat="33.006475" lon="35.2116685"><ele>333.1</ele><time>2025-09-10T04:56:53Z</time></trkpt>
<trkpt lat="33.0064746" lon="35.2116862"><ele>333.3</ele><time>2025-09-10T04:56:54Z</time></trkpt>
<trkpt lat="33.0064744" lon="35.2117034"><ele>333.4</ele><time>2025-09-10T04:56:55Z</time></trkpt>
<trkpt lat="33.0064739" lon="35.2117202"><ele>333.5</ele><time>2025-09-10T04:56:56Z</time></trkpt>
<trkpt lat="33.0064732" lon="35.211737"><ele>333.7</ele><time>2025-09-10T04:56:57Z</time></trkpt>
<trkpt lat="33.0064719" lon="35.2117541"><ele>333.8</ele><time>2025-09-10T04:56:58Z</time></trkpt>
<trkpt lat="33.00647" lon="35.2117713"><ele>333.9</ele><time>2025-09-10T04:56:59Z</time></trkpt>
<trkpt lat="33.0064679" lon="35.2117875"><ele>334.1</ele><time>2025-09-10T04:57:00Z</time></trkpt>
<trkpt lat="33.0064658" lon="35.211803"><ele>334.2</ele><time>2025-09-10T04:57:01Z</time></trkpt>
<trkpt lat="33.0064637" lon="35.2118183"><ele>334.3</ele><time>2025-09-10T04:57:02Z</time></trkpt>
<trkpt lat="33.006462" lon="35.2118337"><ele>334.4</ele><time>2025-09-10T04:57:03Z</time></trkpt>
<trkpt lat="33.0064604" lon="35.2118493"><ele>334.6</ele><time>2025-09-10T04:57:04Z</time></trkpt>
<trkpt lat="33.0064582" lon="35.2118659"><ele>334.7</ele><time>2025-09-10T04:57:05Z</time></trkpt>
<trkpt lat="33.0064559" lon="35.2118831"><ele>334.8</ele><time>2025-09-10T04:57:06Z</time></trkpt>
<trkpt lat="33.0064534" lon="35.2119011"><ele>334.9</ele><time>2025-09-10T04:57:07Z</time></trkpt>
<trkpt lat="33.0064502" lon="35.2119202"><ele>335.0</ele><time>2025-09-10T04:57:08Z</time></trkpt>
<trkpt lat="33.0064464" lon="35.2119404"><ele>335.1</ele><time>2025-09-10T04:57:09Z</time></trkpt>
<trkpt lat="33.0064428" lon="35.2119608"><ele>335.3</ele><time>2025-09-10T04:57:10Z</time></trkpt>
<trkpt lat="33.0064389" lon="35.2119817"><ele>335.4</ele><time>2025-09-10T04:57:11Z</time></trkpt>
<trkpt lat="33.0064349" lon="35.2120033"><ele>335.5</ele><time>2025-09-10T04:57:12Z</time></trkpt>
<trkpt lat="33.0064259" lon="35.2120455"><ele>335.8</ele><time>2025-09-10T04:57:14Z</time></trkpt>
<trkpt lat="33.006422" lon="35.2120584"><ele>335.9</ele><time>2025-09-10T04:57:15Z</time></trkpt>
<trkpt lat="33.0064177" lon="35.2120717"><ele>336.1</ele><time>2025-09-10T04:57:16Z</time></trkpt>
<trkpt lat="33.0064133" lon="35.2120862"><ele>336.2</ele><time>2025-09-10T04:57:17Z</time></trkpt>
<trkpt lat="33.0064086" lon="35.2121021"><ele>336.3</ele><time>2025-09-10T04:57:18Z</time></trkpt>
<trkpt lat="33.0064033" lon="35.2121181"><ele>336.5</ele><time>2025-09-10T04:57:19Z</time></trkpt>
<trkpt lat="33.0063971" lon="35.2121342"><ele>336.6</ele><time>2025-09-10T04:57:20Z</time></trkpt>
<trkpt lat="33.0063911" lon="35.2121511"><ele>336.8</ele><time>2025-09-10T04:57:21Z</time></trkpt>
<trkpt lat="33.0063845" lon="35.2121682"><ele>336.9</ele><time>2025-09-10T04:57:22Z</time></trkpt>
<trkpt lat="33.006376" lon="35.2121844"><ele>337.1</ele><time>2025-09-10T04:57:23Z</time></trkpt>
<trkpt lat="33.0063679" lon="35.2121994"><ele>337.2</ele><time>2025-09-10T04:57:24Z</time></trkpt>
<trkpt lat="33.0063614" lon="35.2122136"><ele>337.4</ele><time>2025-09-10T04:57:25Z</time></trkpt>
<trkpt lat="33.0063535" lon="35.2122257"><ele>337.6</ele><time>2025-09-10T04:57:26Z</time></trkpt>
<trkpt lat="33.0063448" lon="35.2122373"><ele>337.7</ele><time>2025-09-10T04:57:27Z</time></trkpt>
<trkpt lat="33.0063375" lon="35.2122517"><ele>337.9</ele><time>2025-09-10T04:57:28Z</time></trkpt>
<trkpt lat="33.0063311" lon="35.2122686"><ele>338.1</ele><time>2025-09-10T04:57:29Z</time></trkpt>
<trkpt lat="33.006325" lon="35.2122868"><ele>338.2</ele><time>2025-09-10T04:57:30Z</time></trkpt>
<trkpt lat="33.0063182" lon="35.2123049"><ele>338.4</ele><time>2025-09-10T04:57:31Z</time></trkpt>
<trkpt lat="33.0063097" lon="35.212322"><ele>338.6</ele><time>2025-09-10T04:57:32Z</time></trkpt>
<trkpt lat="33.0063" lon="35.2123379"><ele>338.8</ele><time>2025-09-10T04:57:33Z</time></trkpt>
<trkpt lat="33.0062899" lon="35.2123535"><ele>339.0</ele><time>2025-09-10T04:57:34Z</time></trkpt>
<trkpt lat="33.0062798" lon="35.2123696"><ele>339.1</ele><time>2025-09-10T04:57:35Z</time></trkpt>
<trkpt lat="33.0062703" lon="35.2123853"><ele>339.3</ele><time>2025-09-10T04:57:36Z</time></trkpt>
<trkpt lat="33.0062613" lon="35.2124001"><ele>339.5</ele><time>2025-09-10T04:57:37Z</time></trkpt>
<trkpt lat="33.0062517" lon="35.2124153"><ele>339.7</ele><time>2025-09-10T04:57:38Z</time></trkpt>
<trkpt lat="33.0062416" lon="35.2124313"><ele>339.8</ele><time>2025-09-10T04:57:39Z</time></trkpt>
<trkpt lat="33.0062319" lon="35.2124486"><ele>340.0</ele><time>2025-09-10T04:57:40Z</time></trkpt>
<trkpt lat="33.0062226" lon="35.2124663"><ele>340.1</ele><time>2025-09-10T04:57:41Z</time></trkpt>
<trkpt lat="33.0062137" lon="35.2124829"><ele>340.3</ele><time>2025-09-10T04:57:42Z</time></trkpt>
<trkpt lat="33.0062047" lon="35.2124991"><ele>340.5</ele><time>2025-09-10T04:57:43Z</time></trkpt>
<trkpt lat="33.006194" lon="35.2125143"><ele>340.6</ele><time>2025-09-10T04:57:44Z</time></trkpt>
<trkpt lat="33.0061822" lon="35.2125281"><ele>340.7</ele><time>2025-09-10T04:57:45Z</time></trkpt>
<trkpt lat="33.0061712" lon="35.2125419"><ele>340.9</ele><time>2025-09-10T04:57:46Z</time></trkpt>
<trkpt lat="33.0061618" lon="35.2125591"><ele>341.0</ele><time>2025-09-10T04:57:47Z</time></trkpt>
<trkpt lat="33.0061528" lon="35.2125799"><ele>341.1</ele><time>2025-09-10T04:57:48Z</time></trkpt>
<trkpt lat="33.0061442" lon="35.2126018"><ele>341.2</ele><time>2025-09-10T04:57:49Z</time></trkpt>
<trkpt lat="33.0061353" lon="35.2126234"><ele>341.3</ele><time>2025-09-10T04:57:50Z</time></trkpt>
<trkpt lat="33.0061261" lon="35.2126445"><ele>341.3</ele><time>2025-09-10T04:57:51Z</time></trkpt>
<trkpt lat="33.0061161" lon="35.2126658"><ele>341.4</ele><time>2025-09-10T04:57:52Z</time></trkpt>
<trkpt lat="33.0061054" lon="35.2126874"><ele>341.4</ele><time>2025-09-10T04:57:53Z</time></trkpt>
<trkpt lat="33.0060945" lon="35.2127086"><ele>341.4</ele><time>2025-09-10T04:57:54Z</time></trkpt>
<trkpt lat="33.006083" lon="35.2127292"><ele>341.4</ele><time>2025-09-10T04:57:55Z</time></trkpt>
<trkpt lat="33.0060709" lon="35.2127498"><ele>341.4</ele><time>2025-09-10T04:57:56Z</time></trkpt>
<trkpt lat="33.0060586" lon="35.2127708"><ele>341.4</ele><time>2025-09-10T04:57:57Z</time></trkpt>
<trkpt lat="33.0060465" lon="35.2127916"><ele>341.3</ele><time>2025-09-10T04:57:58Z</time></trkpt>
<trkpt lat="33.0060345" lon="35.2128123"><ele>341.3</ele><time>2025-09-10T04:57:59Z</time></trkpt>
<trkpt lat="33.0060221" lon="35.2128338"><ele>341.2</ele><time>2025-09-10T04:58:00Z</time></trkpt>
<trkpt lat="33.0060091" lon="35.2128554"><ele>341.1</ele><time>2025-09-10T04:58:01Z</time></trkpt>
<trkpt lat="33.0059958" lon="35.2128764"><ele>341.0</ele><time>2025-09-10T04:58:02Z</time></trkpt>
<trkpt lat="33.0059824" lon="35.2128969"><ele>340.9</ele><time>2025-09-10T04:58:03Z</time></trkpt>
<trkpt lat="33.0059691" lon="35.2129172"><ele>340.8</ele><time>2025-09-10T04:58:04Z</time></trkpt>
<trkpt lat="33.0059564" lon="35.212937"><ele>340.7</ele><time>2025-09-10T04:58:05Z</time></trkpt>
<trkpt lat="33.0059438" lon="35.212956"><ele>340.5</ele><time>2025-09-10T04:58:06Z</time></trkpt>
<trkpt lat="33.0059305" lon="35.212975"><ele>340.4</ele><time>2025-09-10T04:58:07Z</time></trkpt>
<trkpt lat="33.0059166" lon="35.2129946"><ele>340.3</ele><time>2025-09-10T04:58:08Z</time></trkpt>
<trkpt lat="33.0059029" lon="35.2130149"><ele>340.2</ele><time>2025-09-10T04:58:09Z</time></trkpt>
<trkpt lat="33.005889" lon="35.2130363"><ele>340.1</ele><time>2025-09-10T04:58:10Z</time></trkpt>
<trkpt lat="33.0058746" lon="35.2130578"><ele>340.0</ele><time>2025-09-10T04:58:11Z</time></trkpt>
<trkpt lat="33.0058605" lon="35.2130786"><ele>339.9</ele><time>2025-09-10T04:58:12Z</time></trkpt>
<trkpt lat="33.0058474" lon="35.2130984"><ele>339.8</ele><time>2025-09-10T04:58:13Z</time></trkpt>
<trkpt lat="33.0058347" lon="35.2131174"><ele>339.8</ele><time>2025-09-10T04:58:14Z</time></trkpt>
<trkpt lat="33.0058215" lon="35.2131364"><ele>339.7</ele><time>2025-09-10T04:58:15Z</time></trkpt>
<trkpt lat="33.0058086" lon="35.2131565"><ele>339.7</ele><time>2025-09-10T04:58:16Z</time></trkpt>
<trkpt lat="33.0057962" lon="35.2131777"><ele>339.7</ele><time>2025-09-10T04:58:17Z</time></trkpt>
<trkpt lat="33.0057843" lon="35.2132"><ele>339.7</ele><time>2025-09-10T04:58:18Z</time></trkpt>
<trkpt lat="33.0057729" lon="35.2132227"><ele>339.7</ele><time>2025-09-10T04:58:19Z</time></trkpt>
<trkpt lat="33.0057612" lon="35.2132453"><ele>339.7</ele><time>2025-09-10T04:58:20Z</time></trkpt>
<trkpt lat="33.0057488" lon="35.2132673"><ele>339.8</ele><time>2025-09-10T04:58:21Z</time></trkpt>
<trkpt lat="33.0057358" lon="35.2132887"><ele>339.8</ele><time>2025-09-10T04:58:22Z</time></trkpt>
<trkpt lat="33.0057226" lon="35.21331"><ele>339.9</ele><time>2025-09-10T04:58:23Z</time></trkpt>
<trkpt lat="33.0057094" lon="35.2133311"><ele>340.0</ele><time>2025-09-10T04:58:24Z</time></trkpt>
<trkpt lat="33.0056963" lon="35.2133521"><ele>340.0</ele><time>2025-09-10T04:58:25Z</time></trkpt>
<trkpt lat="33.0056829" lon="35.2133731"><ele>340.1</ele><time>2025-09-10T04:58:26Z</time></trkpt>
<trkpt lat="33.005669" lon="35.2133938"><ele>340.2</ele><time>2025-09-10T04:58:27Z</time></trkpt>
<trkpt lat="33.0056555" lon="35.2134137"><ele>340.3</ele><time>2025-09-10T04:58:28Z</time></trkpt>
<trkpt lat="33.0056429" lon="35.2134322"><ele>340.4</ele><time>2025-09-10T04:58:29Z</time></trkpt>
<trkpt lat="33.0056313" lon="35.2134493"><ele>340.5</ele><time>2025-09-10T04:58:30Z</time></trkpt>
<trkpt lat="33.0056202" lon="35.2134654"><ele>340.5</ele><time>2025-09-10T04:58:31Z</time></trkpt>
<trkpt lat="33.0056093" lon="35.2134813"><ele>340.6</ele><time>2025-09-10T04:58:32Z</time></trkpt>
<trkpt lat="33.0055994" lon="35.2134973"><ele>340.6</ele><time>2025-09-10T04:58:33Z</time></trkpt>
<trkpt lat="33.0055902" lon="35.2135139"><ele>340.7</ele><time>2025-09-10T04:58:34Z</time></trkpt>
<trkpt lat="33.0055806" lon="35.213532"><ele>340.7</ele><time>2025-09-10T04:58:35Z</time></trkpt>
<trkpt lat="33.0055706" lon="35.2135509"><ele>340.7</ele><time>2025-09-10T04:58:36Z</time></trkpt>
<trkpt lat="33.0055604" lon="35.21357"><ele>340.7</ele><time>2025-09-10T04:58:37Z</time></trkpt>
<trkpt lat="33.0055507" lon="35.2135891"><ele>340.7</ele><time>2025-09-10T04:58:38Z</time></trkpt>
<trkpt lat="33.0055416" lon="35.2136085"><ele>340.7</ele><time>2025-09-10T04:58:39Z</time></trkpt>
<trkpt lat="33.0055333" lon="35.2136282"><ele>340.7</ele><time>2025-09-10T04:58:40Z</time></trkpt>
<trkpt lat="33.0055259" lon="35.2136478"><ele>340.7</ele><time>2025-09-10T04:58:41Z</time></trkpt>
<trkpt lat="33.0055191" lon="35.2136673"><ele>340.6</ele><time>2025-09-10T04:58:42Z</time></trkpt>
<trkpt lat="33.005512" lon="35.2136863"><ele>340.6</ele><time>2025-09-10T04:58:43Z</time></trkpt>
<trkpt lat="33.0055041" lon="35.2137045"><ele>340.5</ele><time>2025-09-10T04:58:44Z</time></trkpt>
<trkpt lat="33.0054956" lon="35.2137222"><ele>340.5</ele><time>2025-09-10T04:58:45Z</time></trkpt>
<trkpt lat="33.0054877" lon="35.2137407"><ele>340.4</ele><time>2025-09-10T04:58:46Z</time></trkpt>
<trkpt lat="33.0054802" lon="35.2137602"><ele>340.4</ele><time>2025-09-10T04:58:47Z</time></trkpt>
<trkpt lat="33.0054729" lon="35.2137804"><ele>340.3</ele><time>2025-09-10T04:58:48Z</time></trkpt>
<trkpt lat="33.0054657" lon="35.2138007"><ele>340.3</ele><time>2025-09-10T04:58:49Z</time></trkpt>
<trkpt lat="33.0054588" lon="35.2138208"><ele>340.3</ele><time>2025-09-10T04:58:50Z</time></trkpt>
<trkpt lat="33.0054524" lon="35.2138409"><ele>340.2</ele><time>2025-09-10T04:58:51Z</time></trkpt>
<trkpt lat="33.0054469" lon="35.2138611"><ele>340.2</ele><time>2025-09-10T04:58:52Z</time></trkpt>
<trkpt lat="33.0054421" lon="35.2138819"><ele>340.2</ele><time>2025-09-10T04:58:53Z</time></trkpt>
<trkpt lat="33.005438" lon="35.2139036"><ele>340.2</ele><time>2025-09-10T04:58:54Z</time></trkpt>
<trkpt lat="33.0054354" lon="35.2139257"><ele>340.2</ele><time>2025-09-10T04:58:55Z</time></trkpt>
<trkpt lat="33.0054355" lon="35.2139478"><ele>340.3</ele><time>2025-09-10T04:58:56Z</time></trkpt>
<trkpt lat="33.0054388" lon="35.2139688"><ele>340.3</ele><time>2025-09-10T04:58:57Z</time></trkpt>
<trkpt lat="33.0054446" lon="35.2139877"><ele>340.4</ele><time>2025-09-10T04:58:58Z</time></trkpt>
<trkpt lat="33.0054527" lon="35.2140045"><ele>340.4</ele><time>2025-09-10T04:58:59Z</time></trkpt>
<trkpt lat="33.0054634" lon="35.2140189"><ele>340.5</ele><time>2025-09-10T04:59:00Z</time></trkpt>
<trkpt lat="33.0054761" lon="35.2140303"><ele>340.6</ele><time>2025-09-10T04:59:01Z</time></trkpt>
<trkpt lat="33.0054895" lon="35.2140388"><ele>340.8</ele><time>2025-09-10T04:59:02Z</time></trkpt>
<trkpt lat="33.0055027" lon="35.2140468"><ele>340.9</ele><time>2025-09-10T04:59:03Z</time></trkpt>
<trkpt lat="33.005515" lon="35.2140564"><ele>341.1</ele><time>2025-09-10T04:59:04Z</time></trkpt>
<trkpt lat="33.0055264" lon="35.214068"><ele>341.2</ele><time>2025-09-10T04:59:05Z</time></trkpt>
<trkpt lat="33.0055376" lon="35.2140809"><ele>341.4</ele><time>2025-09-10T04:59:06Z</time></trkpt>
<trkpt lat="33.0055486" lon="35.2140948"><ele>341.6</ele><time>2025-09-10T04:59:07Z</time></trkpt>
<trkpt lat="33.005559" lon="35.2141095"><ele>341.8</ele><time>2025-09-10T04:59:08Z</time></trkpt>
<trkpt lat="33.0055695" lon="35.2141245"><ele>342.1</ele><time>2025-09-10T04:59:09Z</time></trkpt>
<trkpt lat="33.0055801" lon="35.2141398"><ele>342.3</ele><time>2025-09-10T04:59:10Z</time></trkpt>
<trkpt lat="33.005591" lon="35.214155"><ele>342.5</ele><time>2025-09-10T04:59:11Z</time></trkpt>
<trkpt lat="33.0056023" lon="35.2141702"><ele>342.8</ele><time>2025-09-10T04:59:12Z</time></trkpt>
<trkpt lat="33.0056129" lon="35.2141854"><ele>343.0</ele><time>2025-09-10T04:59:13Z</time></trkpt>
<trkpt lat="33.0056227" lon="35.2142008"><ele>343.3</ele><time>2025-09-10T04:59:14Z</time></trkpt>
<trkpt lat="33.0056322" lon="35.2142166"><ele>343.5</ele><time>2025-09-10T04:59:15Z</time></trkpt>
<trkpt lat="33.0056414" lon="35.2142318"><ele>343.8</ele><time>2025-09-10T04:59:16Z</time></trkpt>
<trkpt lat="33.00565" lon="35.2142454"><ele>344.1</ele><time>2025-09-10T04:59:17Z</time></trkpt>
<trkpt lat="33.0056578" lon="35.2142578"><ele>344.3</ele><time>2025-09-10T04:59:18Z</time></trkpt>
<trkpt lat="33.0056655" lon="35.2142698"><ele>344.6</ele><time>2025-09-10T04:59:19Z</time></trkpt>
<trkpt lat="33.0056736" lon="35.214282"><ele>344.8</ele><time>2025-09-10T04:59:20Z</time></trkpt>
<trkpt lat="33.0056822" lon="35.2142943"><ele>345.1</ele><time>2025-09-10T04:59:21Z</time></trkpt>
<trkpt lat="33.0056914" lon="35.2143067"><ele>345.3</ele><time>2025-09-10T04:59:22Z</time></trkpt>
<trkpt lat="33.0057011" lon="35.2143195"><ele>345.6</ele><time>2025-09-10T04:59:23Z</time></trkpt>
<trkpt lat="33.0057111" lon="35.2143333"><ele>345.8</ele><time>2025-09-10T04:59:24Z</time></trkpt>
<trkpt lat="33.0057215" lon="35.2143473"><ele>346.0</ele><time>2025-09-10T04:59:25Z</time></trkpt>
<trkpt lat="33.0057323" lon="35.2143613"><ele>346.3</ele><time>2025-09-10T04:59:26Z</time></trkpt>
<trkpt lat="33.0057434" lon="35.2143753"><ele>346.5</ele><time>2025-09-10T04:59:27Z</time></trkpt>
<trkpt lat="33.0057545" lon="35.2143899"><ele>346.7</ele><time>2025-09-10T04:59:28Z</time></trkpt>
<trkpt lat="33.0057654" lon="35.2144052"><ele>346.9</ele><time>2025-09-10T04:59:29Z</time></trkpt>
<trkpt lat="33.0057758" lon="35.2144208"><ele>347.1</ele><time>2025-09-10T04:59:30Z</time></trkpt>
<trkpt lat="33.0057858" lon="35.214436"><ele>347.4</ele><time>2025-09-10T04:59:31Z</time></trkpt>
<trkpt lat="33.0057959" lon="35.2144511"><ele>347.6</ele><time>2025-09-10T04:59:32Z</time></trkpt>
<trkpt lat="33.0058064" lon="35.2144662"><ele>347.8</ele><time>2025-09-10T04:59:33Z</time></trkpt>
<trkpt lat="33.0058173" lon="35.2144816"><ele>348.0</ele><time>2025-09-10T04:59:34Z</time></trkpt>
<trkpt lat="33.0058287" lon="35.2144972"><ele>348.2</ele><time>2025-09-10T04:59:35Z</time></trkpt>
<trkpt lat="33.0058398" lon="35.2145134"><ele>348.4</ele><time>2025-09-10T04:59:36Z</time></trkpt>
<trkpt lat="33.0058502" lon="35.2145307"><ele>348.6</ele><time>2025-09-10T04:59:37Z</time></trkpt>
<trkpt lat="33.0058604" lon="35.2145486"><ele>348.8</ele><time>2025-09-10T04:59:38Z</time></trkpt>
<trkpt lat="33.0058707" lon="35.2145667"><ele>349.0</ele><time>2025-09-10T04:59:39Z</time></trkpt>
<trkpt lat="33.0058809" lon="35.214585"><ele>349.2</ele><time>2025-09-10T04:59:40Z</time></trkpt>
<trkpt lat="33.0058911" lon="35.2146037"><ele>349.4</ele><time>2025-09-10T04:59:41Z</time></trkpt>
<trkpt lat="33.005901" lon="35.2146227"><ele>349.6</ele><time>2025-09-10T04:59:42Z</time></trkpt>
<trkpt lat="33.0059103" lon="35.214642"><ele>349.7</ele><time>2025-09-10T04:59:43Z</time></trkpt>
<trkpt lat="33.0059188" lon="35.2146615"><ele>349.9</ele><time>2025-09-10T04:59:44Z</time></trkpt>
<trkpt lat="33.0059268" lon="35.2146811"><ele>350.1</ele><time>2025-09-10T04:59:45Z</time></trkpt>
<trkpt lat="33.0059347" lon="35.2147009"><ele>350.3</ele><time>2025-09-10T04:59:46Z</time></trkpt>
<trkpt lat="33.0059423" lon="35.214721"><ele>350.4</ele><time>2025-09-10T04:59:47Z</time></trkpt>
<trkpt lat="33.0059501" lon="35.2147414"><ele>350.6</ele><time>2025-09-10T04:59:48Z</time></trkpt>
<trkpt lat="33.0059581" lon="35.2147616"><ele>350.8</ele><time>2025-09-10T04:59:49Z</time></trkpt>
<trkpt lat="33.0059664" lon="35.214781"><ele>350.9</ele><time>2025-09-10T04:59:50Z</time></trkpt>
<trkpt lat="33.005975" lon="35.2147998"><ele>351.1</ele><time>2025-09-10T04:59:51Z</time></trkpt>
<trkpt lat="33.0059833" lon="35.2148184"><ele>351.2</ele><time>2025-09-10T04:59:52Z</time></trkpt>
<trkpt lat="33.0059904" lon="35.2148378"><ele>351.4</ele><time>2025-09-10T04:59:53Z</time></trkpt>
<trkpt lat="33.0059956" lon="35.2148582"><ele>351.5</ele><time>2025-09-10T04:59:54Z</time></trkpt>
<trkpt lat="33.0059987" lon="35.2148795"><ele>351.7</ele><time>2025-09-10T04:59:55Z</time></trkpt>
<trkpt lat="33.0059992" lon="35.2149011"><ele>351.8</ele><time>2025-09-10T04:59:56Z</time></trkpt>
<trkpt lat="33.005997" lon="35.2149227"><ele>352.0</ele><time>2025-09-10T04:59:57Z</time></trkpt>
<trkpt lat="33.0059925" lon="35.214944"><ele>352.1</ele><time>2025-09-10T04:59:58Z</time></trkpt>
<trkpt lat="33.005986" lon="35.2149644"><ele>352.3</ele><time>2025-09-10T04:59:59Z</time></trkpt>
<trkpt lat="33.0059778" lon="35.2149832"><ele>352.4</ele><time>2025-09-10T05:00:00Z</time></trkpt>
<trkpt lat="33.0059678" lon="35.215"><ele>352.5</ele><time>2025-09-10T05:00:01Z</time></trkpt>
<trkpt lat="33.005955" lon="35.2150142"><ele>352.6</ele><time>2025-09-10T05:00:02Z</time></trkpt>
<trkpt lat="33.0059399" lon="35.2150249"><ele>352.7</ele><time>2025-09-10T05:00:03Z</time></trkpt>
<trkpt lat="33.0059226" lon="35.2150336"><ele>352.8</ele><time>2025-09-10T05:00:04Z</time></trkpt>
<trkpt lat="33.0059032" lon="35.2150421"><ele>352.9</ele><time>2025-09-10T05:00:05Z</time></trkpt>
<trkpt lat="33.0058823" lon="35.2150513"><ele>353.0</ele><time>2025-09-10T05:00:06Z</time></trkpt>
<trkpt lat="33.0058599" lon="35.2150622"><ele>353.1</ele><time>2025-09-10T05:00:07Z</time></trkpt>
<trkpt lat="33.0058371" lon="35.2150749"><ele>353.2</ele><time>2025-09-10T05:00:08Z</time></trkpt>
<trkpt lat="33.0058147" lon="35.2150886"><ele>353.2</ele><time>2025-09-10T05:00:09Z</time></trkpt>
<trkpt lat="33.0057935" lon="35.2151029"><ele>353.3</ele><time>2025-09-10T05:00:10Z</time></trkpt>
<trkpt lat="33.0057736" lon="35.2151176"><ele>353.3</ele><time>2025-09-10T05:00:11Z</time></trkpt>
<trkpt lat="33.0057543" lon="35.2151326"><ele>353.4</ele><time>2025-09-10T05:00:12Z</time></trkpt>
<trkpt lat="33.0057198" lon="35.2151589"><ele>353.4</ele><time>2025-09-10T05:00:14Z</time></trkpt>
<trkpt lat="33.0057108" lon="35.2151658"><ele>353.5</ele><time>2025-09-10T05:00:15Z</time></trkpt>
<trkpt lat="33.005702" lon="35.215173"><ele>353.5</ele><time>2025-09-10T05:00:16Z</time></trkpt>
<trkpt lat="33.0056927" lon="35.2151815"><ele>353.5</ele><time>2025-09-10T05:00:17Z</time></trkpt>
<trkpt lat="33.0056818" lon="35.215192"><ele>353.5</ele><time>2025-09-10T05:00:18Z</time></trkpt>
<trkpt lat="33.0056694" lon="35.2152056"><ele>353.5</ele><time>2025-09-10T05:00:19Z</time></trkpt>
<trkpt lat="33.005657" lon="35.2152219"><ele>353.5</ele><time>2025-09-10T05:00:20Z</time></trkpt>
<trkpt lat="33.0056457" lon="35.2152396"><ele>353.5</ele><time>2025-09-10T05:00:21Z</time></trkpt>
<trkpt lat="33.0056355" lon="35.2152595"><ele>353.4</ele><time>2025-09-10T05:00:22Z</time></trkpt>
<trkpt lat="33.0056253" lon="35.2152808"><ele>353.4</ele><time>2025-09-10T05:00:23Z</time></trkpt>
<trkpt lat="33.0056162" lon="35.2153032"><ele>353.4</ele><time>2025-09-10T05:00:24Z</time></trkpt>
<trkpt lat="33.0056092" lon="35.2153271"><ele>353.3</ele><time>2025-09-10T05:00:25Z</time></trkpt>
<trkpt lat="33.0056029" lon="35.2153505"><ele>353.3</ele><time>2025-09-10T05:00:26Z</time></trkpt>
<trkpt lat="33.0055964" lon="35.2153727"><ele>353.2</ele><time>2025-09-10T05:00:27Z</time></trkpt>
<trkpt lat="33.0055878" lon="35.2153932"><ele>353.1</ele><time>2025-09-10T05:00:28Z</time></trkpt>
<trkpt lat="33.0055759" lon="35.2154103"><ele>353.1</ele><time>2025-09-10T05:00:29Z</time></trkpt>
<trkpt lat="33.0055608" lon="35.2154222"><ele>353.0</ele><time>2025-09-10T05:00:30Z</time></trkpt>
<trkpt lat="33.0055435" lon="35.215428"><ele>352.9</ele><time>2025-09-10T05:00:31Z</time></trkpt>
<trkpt lat="33.0055265" lon="35.215429"><ele>352.8</ele><time>2025-09-10T05:00:32Z</time></trkpt>
<trkpt lat="33.0055105" lon="35.2154269"><ele>352.7</ele><time>2025-09-10T05:00:33Z</time></trkpt>
<trkpt lat="33.0054927" lon="35.2154228"><ele>352.5</ele><time>2025-09-10T05:00:34Z</time></trkpt>
<trkpt lat="33.0054703" lon="35.2154185"><ele>352.4</ele><time>2025-09-10T05:00:35Z</time></trkpt>
<trkpt lat="33.0054444" lon="35.2154159"><ele>352.2</ele><time>2025-09-10T05:00:36Z</time></trkpt>
<trkpt lat="33.0054175" lon="35.2154168"><ele>352.1</ele><time>2025-09-10T05:00:37Z</time></trkpt>
<trkpt lat="33.0053902" lon="35.2154237"><ele>351.9</ele><time>2025-09-10T05:00:38Z</time></trkpt>
<trkpt lat="33.0053625" lon="35.2154393"><ele>351.8</ele><time>2025-09-10T05:00:39Z</time></trkpt>
<trkpt lat="33.0053357" lon="35.215463"><ele>351.6</ele><time>2025-09-10T05:00:40Z</time></trkpt>
<trkpt lat="33.0053112" lon="35.2154889"><ele>351.4</ele><time>2025-09-10T05:00:41Z</time></trkpt>
<trkpt lat="33.005289" lon="35.2155132"><ele>351.2</ele><time>2025-09-10T05:00:42Z</time></trkpt>
<trkpt lat="33.0052693" lon="35.215536"><ele>351.0</ele><time>2025-09-10T05:00:43Z</time></trkpt>
<trkpt lat="33.0052521" lon="35.2155563"><ele>350.8</ele><time>2025-09-10T05:00:44Z</time></trkpt>
<trkpt lat="33.0052349" lon="35.2155711"><ele>350.6</ele><time>2025-09-10T05:00:45Z</time></trkpt>
<trkpt lat="33.0052164" lon="35.215577"><ele>350.4</ele><time>2025-09-10T05:00:46Z</time></trkpt>
<trkpt lat="33.0051955" lon="35.2155734"><ele>350.2</ele><time>2025-09-10T05:00:47Z</time></trkpt>
<trkpt lat="33.0051715" lon="35.2155646"><ele>350.0</ele><time>2025-09-10T05:00:48Z</time></trkpt>
<trkpt lat="33.0051466" lon="35.2155542"><ele>349.8</ele><time>2025-09-10T05:00:49Z</time></trkpt>
<trkpt lat="33.0051227" lon="35.2155423"><ele>349.6</ele><time>2025-09-10T05:00:50Z</time></trkpt>
<trkpt lat="33.0051017" lon="35.2155291"><ele>349.4</ele><time>2025-09-10T05:00:51Z</time></trkpt>
<trkpt lat="33.0050855" lon="35.2155149"><ele>349.2</ele><time>2025-09-10T05:00:52Z</time></trkpt>
<trkpt lat="33.0050748" lon="35.2155004"><ele>349.0</ele><time>2025-09-10T05:00:53Z</time></trkpt>
<trkpt lat="33.0050681" lon="35.215489"><ele>348.9</ele><time>2025-09-10T05:00:54Z</time></trkpt>
<trkpt lat="33.0050631" lon="35.2154822"><ele>348.7</ele><time>2025-09-10T05:00:55Z</time></trkpt>
<trkpt lat="33.0050589" lon="35.2154788"><ele>348.5</ele><time>2025-09-10T05:00:56Z</time></trkpt>
<trkpt lat="33.0050556" lon="35.2154772"><ele>348.4</ele><time>2025-09-10T05:00:57Z</time></trkpt>
<trkpt lat="33.0050529" lon="35.2154767"><ele>348.3</ele><time>2025-09-10T05:00:58Z</time></trkpt>
<trkpt lat="33.005051" lon="35.2154767"><ele>348.1</ele><time>2025-09-10T05:00:59Z</time></trkpt>
<trkpt lat="33.0050496" lon="35.2154771"><ele>348.0</ele><time>2025-09-10T05:01:00Z</time></trkpt>
<trkpt lat="33.0050483" lon="35.2154779"><ele>347.9</ele><time>2025-09-10T05:01:01Z</time></trkpt>
<trkpt lat="33.0050473" lon="35.2154788"><ele>347.8</ele><time>2025-09-10T05:01:02Z</time></trkpt>
<trkpt lat="33.0050465" lon="35.2154797"><ele>347.7</ele><time>2025-09-10T05:01:03Z</time></trkpt>
<trkpt lat="33.0050458" lon="35.2154808"><ele>347.7</ele><time>2025-09-10T05:01:04Z</time></trkpt>
<trkpt lat="33.0050451" lon="35.2154818"><ele>347.6</ele><time>2025-09-10T05:01:05Z</time></trkpt>
<trkpt lat="33.0050445" lon="35.2154828"><ele>347.5</ele><time>2025-09-10T05:01:06Z</time></trkpt>
<trkpt lat="33.005044" lon="35.2154837"><ele>347.4</ele><time>2025-09-10T05:01:07Z</time></trkpt>
<trkpt lat="33.0050435" lon="35.2154844"><ele>347.4</ele><time>2025-09-10T05:01:08Z</time></trkpt>
<trkpt lat="33.0050433" lon="35.2154847"><ele>347.3</ele><time>2025-09-10T05:01:09Z</time></trkpt>
<trkpt lat="33.0050433" lon="35.2154847"><ele>347.3</ele><time>2025-09-10T05:01:10Z</time></trkpt>
<trkpt lat="33.0050433" lon="35.2154848"><ele>347.2</ele><time>2025-09-10T05:01:11Z</time></trkpt>
<trkpt lat="33.0050432" lon="35.2154848"><ele>347.2</ele><time>2025-09-10T05:01:12Z</time></trkpt>
<trkpt lat="33.0050432" lon="35.2154849"><ele>347.2</ele><time>2025-09-10T05:01:13Z</time></trkpt>
<trkpt lat="33.0050432" lon="35.2154849"><ele>347.1</ele><time>2025-09-10T05:01:14Z</time></trkpt>
<trkpt lat="33.0050432" lon="35.2154849"><ele>347.1</ele><time>2025-09-10T05:01:15Z</time></trkpt>
<trkpt lat="33.0050432" lon="35.2154849"><ele>347.1</ele><time>2025-09-10T05:01:16Z</time></trkpt>
<trkpt lat="33.0050432" lon="35.2154849"><ele>347.0</ele><time>2025-09-10T05:01:17Z</time></trkpt>
<trkpt lat="33.0050431" lon="35.2154849"><ele>347.0</ele><time>2025-09-10T05:01:18Z</time></trkpt>
</trkseg></trk></gpx>