<?xml version="1.0" encoding="utf-8"?>
<gpx version="1.1"><trk><trkseg>
<trkpt lat="33.0064042" lon="35.2071311"><ele>314.2</ele><time>2026-03-05T11:55:55Z</time></trkpt>
<trkpt lat="33.0064041" lon="35.2071294"><ele>313.6</ele><time>2026-03-05T11:55:56Z</time></trkpt>
<trkpt lat="33.006404" lon="35.2071274"><ele>312.9</ele><time>2026-03-05T11:55:57Z</time></trkpt>
<trkpt lat="33.0064043" lon="35.2071176"><ele>311.9</ele><time>2026-03-05T11:55:58Z</time></trkpt>
<trkpt lat="33.0064044" lon="35.2071067"><ele>311.4</ele><time>2026-03-05T11:55:59Z</time></trkpt>
<trkpt lat="33.0064029" lon="35.2070919"><ele>311.1</ele><time>2026-03-05T11:56:00Z</time></trkpt>
<trkpt lat="33.0063992" lon="35.2070733"><ele>310.8</ele><time>2026-03-05T11:56:01Z</time></trkpt>
<trkpt lat="33.0063944" lon="35.2070512"><ele>310.6</ele><time>2026-03-05T11:56:02Z</time></trkpt>
<trkpt lat="33.0063896" lon="35.2070252"><ele>310.3</ele><time>2026-03-05T11:56:03Z</time></trkpt>
<trkpt lat="33.006384" lon="35.20699"><ele>310.2</ele><time>2026-03-05T11:56:04Z</time></trkpt>
<trkpt lat="33.0063774" lon="35.2069426"><ele>310.0</ele><time>2026-03-05T11:56:05Z</time></trkpt>
<trkpt lat="33.0063709" lon="35.2068876"><ele>309.8</ele><time>2026-03-05T11:56:06Z</time></trkpt>
<trkpt lat="33.0063646" lon="35.2068285"><ele>309.5</ele><time>2026-03-05T11:56:07Z</time></trkpt>
<trkpt lat="33.0063583" lon="35.2067646"><ele>309.2</ele><time>2026-03-05T11:56:08Z</time></trkpt>
<trkpt lat="33.0063497" lon="35.2066882"><ele>308.9</ele><time>2026-03-05T11:56:09Z</time></trkpt>
<trkpt lat="33.0063391" lon="35.2066025"><ele>308.6</ele><time>2026-03-05T11:56:10Z</time></trkpt>
<trkpt lat="33.0063289" lon="35.2065163"><ele>308.2</ele><time>2026-03-05T11:56:11Z</time></trkpt>
<trkpt lat="33.0063194" lon="35.2064281"><ele>307.8</ele><time>2026-03-05T11:56:12Z</time></trkpt>
<trkpt lat="33.0063103" lon="35.2063345"><ele>307.3</ele><time>2026-03-05T11:56:13Z</time></trkpt>
<trkpt lat="33.0063014" lon="35.2062327"><ele>306.8</ele><time>2026-03-05T11:56:14Z</time></trkpt>
<trkpt lat="33.0062935" lon="35.2061062"><ele>306.3</ele><time>2026-03-05T11:56:15Z</time></trkpt>
<trkpt lat="33.0062888" lon="35.205965"><ele>305.8</ele><time>2026-03-05T11:56:16Z</time></trkpt>
<trkpt lat="33.00629" lon="35.2058301"><ele>305.2</ele><time>2026-03-05T11:56:17Z</time></trkpt>
<trkpt lat="33.0062968" lon="35.2056984"><ele>304.7</ele><time>2026-03-05T11:56:18Z</time></trkpt>
<trkpt lat="33.0063043" lon="35.2055678"><ele>304.1</ele><time>2026-03-05T11:56:19Z</time></trkpt>
<trkpt lat="33.0063084" lon="35.2054365"><ele>303.5</ele><time>2026-03-05T11:56:20Z</time></trkpt>
<trkpt lat="33.0063028" lon="35.2053057"><ele>302.9</ele><time>2026-03-05T11:56:21Z</time></trkpt>
<trkpt lat="33.0062893" lon="35.2051759"><ele>302.3</ele><time>2026-03-05T11:56:22Z</time></trkpt>
<trkpt lat="33.0062839" lon="35.2050456"><ele>301.7</ele><time>2026-03-05T11:56:23Z</time></trkpt>
<trkpt lat="33.0062896" lon="35.2049134"><ele>301.1</ele><time>2026-03-05T11:56:24Z</time></trkpt>
<trkpt lat="33.0062992" lon="35.2047795"><ele>300.4</ele><time>2026-03-05T11:56:25Z</time></trkpt>
<trkpt lat="33.0063095" lon="35.2046437"><ele>299.8</ele><time>2026-03-05T11:56:26Z</time></trkpt>
<trkpt lat="33.0063212" lon="35.2045071"><ele>299.1</ele><time>2026-03-05T11:56:27Z</time></trkpt>
<trkpt lat="33.0063351" lon="35.2043696"><ele>298.5</ele><time>2026-03-05T11:56:28Z</time></trkpt>
<trkpt lat="33.0063507" lon="35.2042313"><ele>297.8</ele><time>2026-03-05T11:56:29Z</time></trkpt>
<trkpt lat="33.006369" lon="35.2040924"><ele>297.1</ele><time>2026-03-05T11:56:30Z</time></trkpt>
<trkpt lat="33.0063892" lon="35.2039541"><ele>296.4</ele><time>2026-03-05T11:56:31Z</time></trkpt>
<trkpt lat="33.0064091" lon="35.203816"><ele>295.7</ele><time>2026-03-05T11:56:32Z</time></trkpt>
<trkpt lat="33.006429" lon="35.2036757"><ele>294.9</ele><time>2026-03-05T11:56:33Z</time></trkpt>
<trkpt lat="33.0064513" lon="35.2035346"><ele>294.2</ele><time>2026-03-05T11:56:34Z</time></trkpt>
<trkpt lat="33.0064742" lon="35.2033954"><ele>293.4</ele><time>2026-03-05T11:56:35Z</time></trkpt>
<trkpt lat="33.0064968" lon="35.203256"><ele>292.7</ele><time>2026-03-05T11:56:36Z</time></trkpt>
<trkpt lat="33.0065216" lon="35.2031144"><ele>291.9</ele><time>2026-03-05T11:56:37Z</time></trkpt>
<trkpt lat="33.0065517" lon="35.2029732"><ele>291.1</ele><time>2026-03-05T11:56:38Z</time></trkpt>
<trkpt lat="33.0065843" lon="35.202833"><ele>290.3</ele><time>2026-03-05T11:56:39Z</time></trkpt>
<trkpt lat="33.0066176" lon="35.202693"><ele>289.6</ele><time>2026-03-05T11:56:40Z</time></trkpt>
<trkpt lat="33.0066578" lon="35.2025553"><ele>288.8</ele><time>2026-03-05T11:56:41Z</time></trkpt>
<trkpt lat="33.006709" lon="35.2024215"><ele>288.0</ele><time>2026-03-05T11:56:42Z</time></trkpt>
<trkpt lat="33.0067705" lon="35.2022955"><ele>287.2</ele><time>2026-03-05T11:56:43Z</time></trkpt>
<trkpt lat="33.0068415" lon="35.2021807"><ele>286.4</ele><time>2026-03-05T11:56:44Z</time></trkpt>
<trkpt lat="33.0069154" lon="35.2020748"><ele>285.7</ele><time>2026-03-05T11:56:45Z</time></trkpt>
<trkpt lat="33.0069819" lon="35.2019687"><ele>284.9</ele><time>2026-03-05T11:56:46Z</time></trkpt>
<trkpt lat="33.0070443" lon="35.2018615"><ele>284.3</ele><time>2026-03-05T11:56:47Z</time></trkpt>
<trkpt lat="33.0071161" lon="35.2017681"><ele>283.6</ele><time>2026-03-05T11:56:48Z</time></trkpt>
<trkpt lat="33.0071964" lon="35.2016895"><ele>283.1</ele><time>2026-03-05T11:56:49Z</time></trkpt>
<trkpt lat="33.0072729" lon="35.2016162"><ele>282.6</ele><time>2026-03-05T11:56:50Z</time></trkpt>
<trkpt lat="33.0073426" lon="35.2015448"><ele>282.1</ele><time>2026-03-05T11:56:51Z</time></trkpt>
<trkpt lat="33.0074097" lon="35.2014732"><ele>281.8</ele><time>2026-03-05T11:56:52Z</time></trkpt>
<trkpt lat="33.0074769" lon="35.2014002"><ele>281.5</ele><time>2026-03-05T11:56:53Z</time></trkpt>
<trkpt lat="33.0075456" lon="35.2013286"><ele>281.3</ele><time>2026-03-05T11:56:54Z</time></trkpt>
<trkpt lat="33.0076157" lon="35.2012591"><ele>281.1</ele><time>2026-03-05T11:56:55Z</time></trkpt>
<trkpt lat="33.0076839" lon="35.2011921"><ele>281.0</ele><time>2026-03-05T11:56:56Z</time></trkpt>
<trkpt lat="33.0077489" lon="35.2011247"><ele>280.9</ele><time>2026-03-05T11:56:57Z</time></trkpt>
<trkpt lat="33.0078126" lon="35.2010551"><ele>280.9</ele><time>2026-03-05T11:56:58Z</time></trkpt>
<trkpt lat="33.0078758" lon="35.2009881"><ele>280.9</ele><time>2026-03-05T11:56:59Z</time></trkpt>
<trkpt lat="33.0079387" lon="35.2009276"><ele>280.9</ele><time>2026-03-05T11:57:00Z</time></trkpt>
<trkpt lat="33.0080008" lon="35.2008691"><ele>280.8</ele><time>2026-03-05T11:57:01Z</time></trkpt>
<trkpt lat="33.00806" lon="35.2008079"><ele>280.8</ele><time>2026-03-05T11:57:02Z</time></trkpt>
<trkpt lat="33.0081148" lon="35.2007456"><ele>280.8</ele><time>2026-03-05T11:57:03Z</time></trkpt>
<trkpt lat="33.0081689" lon="35.2006819"><ele>280.8</ele><time>2026-03-05T11:57:04Z</time></trkpt>
<trkpt lat="33.0082251" lon="35.2006166"><ele>280.7</ele><time>2026-03-05T11:57:05Z</time></trkpt>
<trkpt lat="33.0082824" lon="35.2005541"><ele>280.7</ele><time>2026-03-05T11:57:06Z</time></trkpt>
<trkpt lat="33.0083407" lon="35.2004981"><ele>280.6</ele><time>2026-03-05T11:57:07Z</time></trkpt>
<trkpt lat="33.0083984" lon="35.2004429"><ele>280.5</ele><time>2026-03-05T11:57:08Z</time></trkpt>
<trkpt lat="33.0084555" lon="35.2003837"><ele>280.4</ele><time>2026-03-05T11:57:09Z</time></trkpt>
<trkpt lat="33.0085116" lon="35.2003236"><ele>280.3</ele><time>2026-03-05T11:57:10Z</time></trkpt>
<trkpt lat="33.0085661" lon="35.2002639"><ele>280.1</ele><time>2026-03-05T11:57:11Z</time></trkpt>
<trkpt lat="33.0086218" lon="35.2002039"><ele>279.9</ele><time>2026-03-05T11:57:12Z</time></trkpt>
<trkpt lat="33.0086803" lon="35.2001465"><ele>279.8</ele><time>2026-03-05T11:57:13Z</time></trkpt>
<trkpt lat="33.00874" lon="35.2000901"><ele>279.6</ele><time>2026-03-05T11:57:14Z</time></trkpt>
<trkpt lat="33.0088011" lon="35.2000311"><ele>279.4</ele><time>2026-03-05T11:57:15Z</time></trkpt>
<trkpt lat="33.0088613" lon="35.1999711"><ele>279.2</ele><time>2026-03-05T11:57:16Z</time></trkpt>
<trkpt lat="33.0089194" lon="35.1999061"><ele>279.0</ele><time>2026-03-05T11:57:17Z</time></trkpt>
<trkpt lat="33.0089781" lon="35.1998373"><ele>278.8</ele><time>2026-03-05T11:57:18Z</time></trkpt>
<trkpt lat="33.0090369" lon="35.1997696"><ele>278.6</ele><time>2026-03-05T11:57:19Z</time></trkpt>
<trkpt lat="33.0090948" lon="35.1997011"><ele>278.4</ele><time>2026-03-05T11:57:20Z</time></trkpt>
<trkpt lat="33.0091513" lon="35.1996298"><ele>278.2</ele><time>2026-03-05T11:57:21Z</time></trkpt>
<trkpt lat="33.0092039" lon="35.1995537"><ele>277.9</ele><time>2026-03-05T11:57:22Z</time></trkpt>
<trkpt lat="33.0092492" lon="35.1994709"><ele>277.7</ele><time>2026-03-05T11:57:23Z</time></trkpt>
<trkpt lat="33.0092894" lon="35.1993819"><ele>277.4</ele><time>2026-03-05T11:57:24Z</time></trkpt>
<trkpt lat="33.009328" lon="35.1992895"><ele>277.2</ele><time>2026-03-05T11:57:25Z</time></trkpt>
<trkpt lat="33.0093614" lon="35.1991883"><ele>276.9</ele><time>2026-03-05T11:57:26Z</time></trkpt>
<trkpt lat="33.009386" lon="35.1990779"><ele>276.6</ele><time>2026-03-05T11:57:27Z</time></trkpt>
<trkpt lat="33.0094089" lon="35.1989674"><ele>276.3</ele><time>2026-03-05T11:57:28Z</time></trkpt>
<trkpt lat="33.0094375" lon="35.1988596"><ele>275.9</ele><time>2026-03-05T11:57:29Z</time></trkpt>
<trkpt lat="33.0094684" lon="35.1987531"><ele>275.5</ele><time>2026-03-05T11:57:30Z</time></trkpt>
<trkpt lat="33.0094971" lon="35.1986417"><ele>275.1</ele><time>2026-03-05T11:57:31Z</time></trkpt>
<trkpt lat="33.009524" lon="35.1985252"><ele>274.6</ele><time>2026-03-05T11:57:32Z</time></trkpt>
<trkpt lat="33.00955" lon="35.1984079"><ele>274.1</ele><time>2026-03-05T11:57:33Z</time></trkpt>
<trkpt lat="33.0095724" lon="35.1982882"><ele>273.5</ele><time>2026-03-05T11:57:34Z</time></trkpt>
<trkpt lat="33.0095888" lon="35.1981637"><ele>272.9</ele><time>2026-03-05T11:57:35Z</time></trkpt>
<trkpt lat="33.0096004" lon="35.1980349"><ele>272.2</ele><time>2026-03-05T11:57:36Z</time></trkpt>
<trkpt lat="33.0096108" lon="35.1979045"><ele>271.5</ele><time>2026-03-05T11:57:37Z</time></trkpt>
<trkpt lat="33.0096241" lon="35.1977747"><ele>270.8</ele><time>2026-03-05T11:57:38Z</time></trkpt>
<trkpt lat="33.0096383" lon="35.1976437"><ele>270.0</ele><time>2026-03-05T11:57:39Z</time></trkpt>
<trkpt lat="33.0096527" lon="35.1975119"><ele>269.2</ele><time>2026-03-05T11:57:40Z</time></trkpt>
<trkpt lat="33.0096659" lon="35.1973807"><ele>268.4</ele><time>2026-03-05T11:57:41Z</time></trkpt>
<trkpt lat="33.0096718" lon="35.1972466"><ele>267.6</ele><time>2026-03-05T11:57:42Z</time></trkpt>
<trkpt lat="33.0096684" lon="35.1971096"><ele>266.7</ele><time>2026-03-05T11:57:43Z</time></trkpt>
<trkpt lat="33.0096558" lon="35.1969742"><ele>265.8</ele><time>2026-03-05T11:57:44Z</time></trkpt>
<trkpt lat="33.0096314" lon="35.1968413"><ele>265.0</ele><time>2026-03-05T11:57:45Z</time></trkpt>
<trkpt lat="33.0095942" lon="35.1967107"><ele>264.2</ele><time>2026-03-05T11:57:46Z</time></trkpt>
<trkpt lat="33.0095511" lon="35.1965815"><ele>263.4</ele><time>2026-03-05T11:57:47Z</time></trkpt>
<trkpt lat="33.0095083" lon="35.1964537"><ele>262.7</ele><time>2026-03-05T11:57:48Z</time></trkpt>
<trkpt lat="33.0094653" lon="35.1963278"><ele>261.9</ele><time>2026-03-05T11:57:49Z</time></trkpt>
<trkpt lat="33.0094269" lon="35.1962026"><ele>261.2</ele><time>2026-03-05T11:57:50Z</time></trkpt>
<trkpt lat="33.0093955" lon="35.1960757"><ele>260.5</ele><time>2026-03-05T11:57:51Z</time></trkpt>
<trkpt lat="33.0093646" lon="35.1959476"><ele>259.9</ele><time>2026-03-05T11:57:52Z</time></trkpt>
<trkpt lat="33.0093282" lon="35.1958194"><ele>259.2</ele><time>2026-03-05T11:57:53Z</time></trkpt>
<trkpt lat="33.0092871" lon="35.1956911"><ele>258.5</ele><time>2026-03-05T11:57:54Z</time></trkpt>
<trkpt lat="33.0092454" lon="35.1955634"><ele>257.8</ele><time>2026-03-05T11:57:55Z</time></trkpt>
<trkpt lat="33.0092024" lon="35.1954348"><ele>257.1</ele><time>2026-03-05T11:57:56Z</time></trkpt>
<trkpt lat="33.0091577" lon="35.1953047"><ele>256.4</ele><time>2026-03-05T11:57:57Z</time></trkpt>
<trkpt lat="33.0091108" lon="35.1951758"><ele>255.7</ele><time>2026-03-05T11:57:58Z</time></trkpt>
<trkpt lat="33.0090573" lon="35.1950522"><ele>254.9</ele><time>2026-03-05T11:57:59Z</time></trkpt>
<trkpt lat="33.0089947" lon="35.1949332"><ele>254.2</ele><time>2026-03-05T11:58:00Z</time></trkpt>
<trkpt lat="33.008927" lon="35.1948136"><ele>253.4</ele><time>2026-03-05T11:58:01Z</time></trkpt>
<trkpt lat="33.0088607" lon="35.1946924"><ele>252.6</ele><time>2026-03-05T11:58:02Z</time></trkpt>
<trkpt lat="33.008799" lon="35.1945693"><ele>251.8</ele><time>2026-03-05T11:58:03Z</time></trkpt>
<trkpt lat="33.0087429" lon="35.1944421"><ele>251.0</ele><time>2026-03-05T11:58:04Z</time></trkpt>
<trkpt lat="33.0086932" lon="35.1943122"><ele>250.2</ele><time>2026-03-05T11:58:05Z</time></trkpt>
<trkpt lat="33.0086501" lon="35.1941776"><ele>249.3</ele><time>2026-03-05T11:58:06Z</time></trkpt>
<trkpt lat="33.0086159" lon="35.1940379"><ele>248.4</ele><time>2026-03-05T11:58:07Z</time></trkpt>
<trkpt lat="33.0085918" lon="35.1938966"><ele>247.5</ele><time>2026-03-05T11:58:08Z</time></trkpt>
<trkpt lat="33.0085737" lon="35.1937555"><ele>246.7</ele><time>2026-03-05T11:58:09Z</time></trkpt>
<trkpt lat="33.0085539" lon="35.1936154"><ele>245.8</ele><time>2026-03-05T11:58:10Z</time></trkpt>
<trkpt lat="33.0085265" lon="35.1934722"><ele>244.9</ele><time>2026-03-05T11:58:11Z</time></trkpt>
<trkpt lat="33.0084971" lon="35.1933239"><ele>244.1</ele><time>2026-03-05T11:58:12Z</time></trkpt>
<trkpt lat="33.0084711" lon="35.1931773"><ele>243.2</ele><time>2026-03-05T11:58:13Z</time></trkpt>
<trkpt lat="33.0084461" lon="35.1930361"><ele>242.4</ele><time>2026-03-05T11:58:14Z</time></trkpt>
<trkpt lat="33.0084253" lon="35.1928988"><ele>241.6</ele><time>2026-03-05T11:58:15Z</time></trkpt>
<trkpt lat="33.0084086" lon="35.1927624"><ele>240.8</ele><time>2026-03-05T11:58:16Z</time></trkpt>
<trkpt lat="33.008388" lon="35.192624"><ele>240.1</ele><time>2026-03-05T11:58:17Z</time></trkpt>
<trkpt lat="33.0083689" lon="35.1924805"><ele>239.3</ele><time>2026-03-05T11:58:18Z</time></trkpt>
<trkpt lat="33.008364" lon="35.1923347"><ele>238.5</ele><time>2026-03-05T11:58:19Z</time></trkpt>
<trkpt lat="33.008378" lon="35.192193"><ele>237.8</ele><time>2026-03-05T11:58:20Z</time></trkpt>
<trkpt lat="33.0084026" lon="35.1920546"><ele>237.1</ele><time>2026-03-05T11:58:21Z</time></trkpt>
<trkpt lat="33.0084265" lon="35.1919141"><ele>236.3</ele><time>2026-03-05T11:58:22Z</time></trkpt>
<trkpt lat="33.0084475" lon="35.1917714"><ele>235.6</ele><time>2026-03-05T11:58:23Z</time></trkpt>
<trkpt lat="33.0084639" lon="35.1916295"><ele>234.8</ele><time>2026-03-05T11:58:24Z</time></trkpt>
<trkpt lat="33.0084821" lon="35.191487"><ele>234.1</ele><time>2026-03-05T11:58:25Z</time></trkpt>
<trkpt lat="33.0085051" lon="35.1913445"><ele>233.4</ele><time>2026-03-05T11:58:26Z</time></trkpt>
<trkpt lat="33.008526" lon="35.1912045"><ele>232.8</ele><time>2026-03-05T11:58:27Z</time></trkpt>
<trkpt lat="33.0085477" lon="35.1910661"><ele>232.1</ele><time>2026-03-05T11:58:28Z</time></trkpt>
<trkpt lat="33.0085704" lon="35.1909279"><ele>231.5</ele><time>2026-03-05T11:58:29Z</time></trkpt>
<trkpt lat="33.0085884" lon="35.1907892"><ele>230.9</ele><time>2026-03-05T11:58:30Z</time></trkpt>
<trkpt lat="33.0086066" lon="35.1906516"><ele>230.3</ele><time>2026-03-05T11:58:31Z</time></trkpt>
<trkpt lat="33.0086294" lon="35.1905169"><ele>229.7</ele><time>2026-03-05T11:58:32Z</time></trkpt>
<trkpt lat="33.0086519" lon="35.1903833"><ele>229.1</ele><time>2026-03-05T11:58:33Z</time></trkpt>
<trkpt lat="33.0086707" lon="35.1902484"><ele>228.6</ele><time>2026-03-05T11:58:34Z</time></trkpt>
<trkpt lat="33.0086883" lon="35.1901121"><ele>228.0</ele><time>2026-03-05T11:58:35Z</time></trkpt>
<trkpt lat="33.0087088" lon="35.1899755"><ele>227.4</ele><time>2026-03-05T11:58:36Z</time></trkpt>
<trkpt lat="33.0087317" lon="35.1898396"><ele>226.9</ele><time>2026-03-05T11:58:37Z</time></trkpt>
<trkpt lat="33.0087545" lon="35.189704"><ele>226.3</ele><time>2026-03-05T11:58:38Z</time></trkpt>
<trkpt lat="33.0087784" lon="35.1895676"><ele>225.7</ele><time>2026-03-05T11:58:39Z</time></trkpt>
<trkpt lat="33.0088022" lon="35.1894315"><ele>225.1</ele><time>2026-03-05T11:58:40Z</time></trkpt>
<trkpt lat="33.0088264" lon="35.189296"><ele>224.5</ele><time>2026-03-05T11:58:41Z</time></trkpt>
<trkpt lat="33.0088533" lon="35.1891597"><ele>223.8</ele><time>2026-03-05T11:58:42Z</time></trkpt>
<trkpt lat="33.0088801" lon="35.1890229"><ele>223.2</ele><time>2026-03-05T11:58:43Z</time></trkpt>
<trkpt lat="33.0089048" lon="35.1888853"><ele>222.4</ele><time>2026-03-05T11:58:44Z</time></trkpt>
<trkpt lat="33.0089306" lon="35.1887468"><ele>221.6</ele><time>2026-03-05T11:58:45Z</time></trkpt>
<trkpt lat="33.0089599" lon="35.188608"><ele>220.8</ele><time>2026-03-05T11:58:46Z</time></trkpt>
<trkpt lat="33.0089895" lon="35.1884685"><ele>219.8</ele><time>2026-03-05T11:58:47Z</time></trkpt>
<trkpt lat="33.0090174" lon="35.1883268"><ele>218.8</ele><time>2026-03-05T11:58:48Z</time></trkpt>
<trkpt lat="33.0090458" lon="35.1881823"><ele>217.7</ele><time>2026-03-05T11:58:49Z</time></trkpt>
<trkpt lat="33.0090738" lon="35.1880334"><ele>216.5</ele><time>2026-03-05T11:58:50Z</time></trkpt>
<trkpt lat="33.0090975" lon="35.1878785"><ele>215.2</ele><time>2026-03-05T11:58:51Z</time></trkpt>
<trkpt lat="33.0091199" lon="35.1877192"><ele>213.9</ele><time>2026-03-05T11:58:52Z</time></trkpt>
<trkpt lat="33.0091428" lon="35.1875564"><ele>212.5</ele><time>2026-03-05T11:58:53Z</time></trkpt>
<trkpt lat="33.0091625" lon="35.1873922"><ele>211.0</ele><time>2026-03-05T11:58:54Z</time></trkpt>
<trkpt lat="33.0091823" lon="35.1872278"><ele>209.4</ele><time>2026-03-05T11:58:55Z</time></trkpt>
<trkpt lat="33.0092056" lon="35.1870614"><ele>207.8</ele><time>2026-03-05T11:58:56Z</time></trkpt>
<trkpt lat="33.0092366" lon="35.1868946"><ele>206.2</ele><time>2026-03-05T11:58:57Z</time></trkpt>
<trkpt lat="33.0092817" lon="35.1867312"><ele>204.5</ele><time>2026-03-05T11:58:58Z</time></trkpt>
<trkpt lat="33.0093369" lon="35.186571"><ele>202.8</ele><time>2026-03-05T11:58:59Z</time></trkpt>
<trkpt lat="33.009401" lon="35.1864148"><ele>201.2</ele><time>2026-03-05T11:59:00Z</time></trkpt>
<trkpt lat="33.0094765" lon="35.1862648"><ele>199.5</ele><time>2026-03-05T11:59:01Z</time></trkpt>
<trkpt lat="33.0095637" lon="35.1861217"><ele>197.9</ele><time>2026-03-05T11:59:02Z</time></trkpt>
<trkpt lat="33.00966" lon="35.185984"><ele>196.3</ele><time>2026-03-05T11:59:03Z</time></trkpt>
<trkpt lat="33.0097588" lon="35.1858474"><ele>194.8</ele><time>2026-03-05T11:59:04Z</time></trkpt>
<trkpt lat="33.0098525" lon="35.1857082"><ele>193.3</ele><time>2026-03-05T11:59:05Z</time></trkpt>
<trkpt lat="33.0099374" lon="35.1855644"><ele>191.8</ele><time>2026-03-05T11:59:06Z</time></trkpt>
<trkpt lat="33.0100155" lon="35.1854185"><ele>190.5</ele><time>2026-03-05T11:59:07Z</time></trkpt>
<trkpt lat="33.0100906" lon="35.1852757"><ele>189.2</ele><time>2026-03-05T11:59:08Z</time></trkpt>
<trkpt lat="33.0101622" lon="35.1851368"><ele>188.1</ele><time>2026-03-05T11:59:09Z</time></trkpt>
<trkpt lat="33.0102311" lon="35.1849999"><ele>187.0</ele><time>2026-03-05T11:59:10Z</time></trkpt>
<trkpt lat="33.0103003" lon="35.1848663"><ele>186.1</ele><time>2026-03-05T11:59:11Z</time></trkpt>
<trkpt lat="33.0103674" lon="35.1847347"><ele>185.4</ele><time>2026-03-05T11:59:12Z</time></trkpt>
<trkpt lat="33.0104301" lon="35.1846044"><ele>184.7</ele><time>2026-03-05T11:59:13Z</time></trkpt>
<trkpt lat="33.0104881" lon="35.1844775"><ele>184.2</ele><time>2026-03-05T11:59:14Z</time></trkpt>
<trkpt lat="33.0105414" lon="35.1843559"><ele>183.7</ele><time>2026-03-05T11:59:15Z</time></trkpt>
<trkpt lat="33.0105921" lon="35.1842411"><ele>183.4</ele><time>2026-03-05T11:59:16Z</time></trkpt>
<trkpt lat="33.0106417" lon="35.1841307"><ele>183.1</ele><time>2026-03-05T11:59:17Z</time></trkpt>
<trkpt lat="33.0106924" lon="35.1840228"><ele>182.9</ele><time>2026-03-05T11:59:18Z</time></trkpt>
<trkpt lat="33.0107434" lon="35.1839185"><ele>182.7</ele><time>2026-03-05T11:59:19Z</time></trkpt>
<trkpt lat="33.0107912" lon="35.1838187"><ele>182.6</ele><time>2026-03-05T11:59:20Z</time></trkpt>
<trkpt lat="33.0108384" lon="35.1837235"><ele>182.5</ele><time>2026-03-05T11:59:21Z</time></trkpt>
<trkpt lat="33.0108881" lon="35.1836328"><ele>182.5</ele><time>2026-03-05T11:59:22Z</time></trkpt>
<trkpt lat="33.0109391" lon="35.1835462"><ele>182.5</ele><time>2026-03-05T11:59:23Z</time></trkpt>
<trkpt lat="33.0109906" lon="35.1834619"><ele>182.5</ele><time>2026-03-05T11:59:24Z</time></trkpt>
<trkpt lat="33.0110433" lon="35.1833788"><ele>182.5</ele><time>2026-03-05T11:59:25Z</time></trkpt>
<trkpt lat="33.0110969" lon="35.1832964"><ele>182.6</ele><time>2026-03-05T11:59:26Z</time></trkpt>
<trkpt lat="33.0111499" lon="35.1832148"><ele>182.7</ele><time>2026-03-05T11:59:27Z</time></trkpt>
<trkpt lat="33.0112015" lon="35.183134"><ele>182.8</ele><time>2026-03-05T11:59:28Z</time></trkpt>
<trkpt lat="33.0112516" lon="35.1830539"><ele>182.9</ele><time>2026-03-05T11:59:29Z</time></trkpt>
<trkpt lat="33.0112993" lon="35.1829742"><ele>183.0</ele><time>2026-03-05T11:59:30Z</time></trkpt>
<trkpt lat="33.0113439" lon="35.1828938"><ele>183.1</ele><time>2026-03-05T11:59:31Z</time></trkpt>
<trkpt lat="33.0113859" lon="35.1828145"><ele>183.1</ele><time>2026-03-05T11:59:32Z</time></trkpt>
<trkpt lat="33.0114258" lon="35.1827362"><ele>183.2</ele><time>2026-03-05T11:59:33Z</time></trkpt>
<trkpt lat="33.0114638" lon="35.1826574"><ele>183.2</ele><time>2026-03-05T11:59:34Z</time></trkpt>
<trkpt lat="33.0115005" lon="35.1825769"><ele>183.1</ele><time>2026-03-05T11:59:35Z</time></trkpt>
<trkpt lat="33.0115387" lon="35.1824946"><ele>183.0</ele><time>2026-03-05T11:59:36Z</time></trkpt>
<trkpt lat="33.0115817" lon="35.182412"><ele>182.9</ele><time>2026-03-05T11:59:37Z</time></trkpt>
<trkpt lat="33.0116269" lon="35.182329"><ele>182.6</ele><time>2026-03-05T11:59:38Z</time></trkpt>
<trkpt lat="33.0116701" lon="35.1822433"><ele>182.3</ele><time>2026-03-05T11:59:39Z</time></trkpt>
<trkpt lat="33.0117133" lon="35.1821551"><ele>182.0</ele><time>2026-03-05T11:59:40Z</time></trkpt>
<trkpt lat="33.011758" lon="35.1820649"><ele>181.6</ele><time>2026-03-05T11:59:41Z</time></trkpt>
<trkpt lat="33.0118032" lon="35.1819732"><ele>181.2</ele><time>2026-03-05T11:59:42Z</time></trkpt>
<trkpt lat="33.0118472" lon="35.1818815"><ele>180.7</ele><time>2026-03-05T11:59:43Z</time></trkpt>
<trkpt lat="33.0118878" lon="35.1817896"><ele>180.3</ele><time>2026-03-05T11:59:44Z</time></trkpt>
<trkpt lat="33.0119238" lon="35.1816947"><ele>179.8</ele><time>2026-03-05T11:59:45Z</time></trkpt>
<trkpt lat="33.0119513" lon="35.1815931"><ele>179.4</ele><time>2026-03-05T11:59:46Z</time></trkpt>
<trkpt lat="33.0119695" lon="35.1814896"><ele>179.0</ele><time>2026-03-05T11:59:47Z</time></trkpt>
<trkpt lat="33.0119821" lon="35.1813872"><ele>178.6</ele><time>2026-03-05T11:59:48Z</time></trkpt>
<trkpt lat="33.0119919" lon="35.1812823"><ele>178.2</ele><time>2026-03-05T11:59:49Z</time></trkpt>
<trkpt lat="33.012" lon="35.1811773"><ele>177.8</ele><time>2026-03-05T11:59:50Z</time></trkpt>
<trkpt lat="33.0120053" lon="35.1810731"><ele>177.5</ele><time>2026-03-05T11:59:51Z</time></trkpt>
<trkpt lat="33.0120091" lon="35.1809696"><ele>177.1</ele><time>2026-03-05T11:59:52Z</time></trkpt>
<trkpt lat="33.0120124" lon="35.1808624"><ele>176.8</ele><time>2026-03-05T11:59:53Z</time></trkpt>
<trkpt lat="33.0120165" lon="35.1807541"><ele>176.5</ele><time>2026-03-05T11:59:54Z</time></trkpt>
<trkpt lat="33.0120224" lon="35.1806488"><ele>176.2</ele><time>2026-03-05T11:59:55Z</time></trkpt>
<trkpt lat="33.0120296" lon="35.1805398"><ele>176.0</ele><time>2026-03-05T11:59:56Z</time></trkpt>
<trkpt lat="33.0120368" lon="35.1804293"><ele>175.7</ele><time>2026-03-05T11:59:57Z</time></trkpt>
<trkpt lat="33.0120447" lon="35.1803221"><ele>175.5</ele><time>2026-03-05T11:59:58Z</time></trkpt>
<trkpt lat="33.012054" lon="35.1802168"><ele>175.2</ele><time>2026-03-05T11:59:59Z</time></trkpt>
<trkpt lat="33.0120649" lon="35.1801083"><ele>174.9</ele><time>2026-03-05T12:00:00Z</time></trkpt>
<trkpt lat="33.0120764" lon="35.1799997"><ele>174.6</ele><time>2026-03-05T12:00:01Z</time></trkpt>
<trkpt lat="33.0120884" lon="35.1798935"><ele>174.3</ele><time>2026-03-05T12:00:02Z</time></trkpt>
<trkpt lat="33.0121053" lon="35.179785"><ele>174.0</ele><time>2026-03-05T12:00:03Z</time></trkpt>
<trkpt lat="33.0121274" lon="35.1796748"><ele>173.7</ele><time>2026-03-05T12:00:04Z</time></trkpt>
<trkpt lat="33.0121519" lon="35.1795649"><ele>173.3</ele><time>2026-03-05T12:00:05Z</time></trkpt>
<trkpt lat="33.0121769" lon="35.1794519"><ele>172.8</ele><time>2026-03-05T12:00:06Z</time></trkpt>
<trkpt lat="33.012201" lon="35.1793373"><ele>172.4</ele><time>2026-03-05T12:00:07Z</time></trkpt>
<trkpt lat="33.0122245" lon="35.1792271"><ele>171.9</ele><time>2026-03-05T12:00:08Z</time></trkpt>
<trkpt lat="33.0122472" lon="35.1791186"><ele>171.5</ele><time>2026-03-05T12:00:09Z</time></trkpt>
<trkpt lat="33.0122681" lon="35.1790066"><ele>171.0</ele><time>2026-03-05T12:00:10Z</time></trkpt>
<trkpt lat="33.0122887" lon="35.1788913"><ele>170.5</ele><time>2026-03-05T12:00:11Z</time></trkpt>
<trkpt lat="33.0123103" lon="35.178774"><ele>170.0</ele><time>2026-03-05T12:00:12Z</time></trkpt>
<trkpt lat="33.0123345" lon="35.1786547"><ele>169.5</ele><time>2026-03-05T12:00:13Z</time></trkpt>
<trkpt lat="33.0123619" lon="35.1785345"><ele>169.0</ele><time>2026-03-05T12:00:14Z</time></trkpt>
<trkpt lat="33.01239" lon="35.1784136"><ele>168.5</ele><time>2026-03-05T12:00:15Z</time></trkpt>
<trkpt lat="33.012417" lon="35.1782901"><ele>167.9</ele><time>2026-03-05T12:00:16Z</time></trkpt>
<trkpt lat="33.0124462" lon="35.1781655"><ele>167.3</ele><time>2026-03-05T12:00:17Z</time></trkpt>
<trkpt lat="33.0124778" lon="35.1780404"><ele>166.7</ele><time>2026-03-05T12:00:18Z</time></trkpt>
<trkpt lat="33.0125095" lon="35.1779123"><ele>166.0</ele><time>2026-03-05T12:00:19Z</time></trkpt>
<trkpt lat="33.0125419" lon="35.1777829"><ele>165.2</ele><time>2026-03-05T12:00:20Z</time></trkpt>
<trkpt lat="33.0125729" lon="35.1776524"><ele>164.4</ele><time>2026-03-05T12:00:21Z</time></trkpt>
<trkpt lat="33.0126008" lon="35.1775205"><ele>163.5</ele><time>2026-03-05T12:00:22Z</time></trkpt>
<trkpt lat="33.0126295" lon="35.1773884"><ele>162.6</ele><time>2026-03-05T12:00:23Z</time></trkpt>
<trkpt lat="33.0126602" lon="35.1772565"><ele>161.7</ele><time>2026-03-05T12:00:24Z</time></trkpt>
<trkpt lat="33.0126911" lon="35.1771251"><ele>160.8</ele><time>2026-03-05T12:00:25Z</time></trkpt>
<trkpt lat="33.0127229" lon="35.1769937"><ele>159.8</ele><time>2026-03-05T12:00:26Z</time></trkpt>
<trkpt lat="33.0127561" lon="35.1768602"><ele>158.8</ele><time>2026-03-05T12:00:27Z</time></trkpt>
<trkpt lat="33.0127883" lon="35.1767235"><ele>157.8</ele><time>2026-03-05T12:00:28Z</time></trkpt>
<trkpt lat="33.0128181" lon="35.1765857"><ele>156.7</ele><time>2026-03-05T12:00:29Z</time></trkpt>
<trkpt lat="33.0128474" lon="35.1764497"><ele>155.7</ele><time>2026-03-05T12:00:30Z</time></trkpt>
<trkpt lat="33.0128779" lon="35.1763148"><ele>154.6</ele><time>2026-03-05T12:00:31Z</time></trkpt>
<trkpt lat="33.012911" lon="35.1761788"><ele>153.5</ele><time>2026-03-05T12:00:32Z</time></trkpt>
<trkpt lat="33.0129485" lon="35.1760418"><ele>152.5</ele><time>2026-03-05T12:00:33Z</time></trkpt>
<trkpt lat="33.012989" lon="35.1759044"><ele>151.5</ele><time>2026-03-05T12:00:34Z</time></trkpt>
<trkpt lat="33.013028" lon="35.1757663"><ele>150.5</ele><time>2026-03-05T12:00:35Z</time></trkpt>
<trkpt lat="33.0130668" lon="35.1756291"><ele>149.6</ele><time>2026-03-05T12:00:36Z</time></trkpt>
<trkpt lat="33.0131084" lon="35.1754941"><ele>148.7</ele><time>2026-03-05T12:00:37Z</time></trkpt>
<trkpt lat="33.0131515" lon="35.1753598"><ele>147.8</ele><time>2026-03-05T12:00:38Z</time></trkpt>
<trkpt lat="33.0131954" lon="35.1752256"><ele>147.0</ele><time>2026-03-05T12:00:39Z</time></trkpt>
<trkpt lat="33.0132414" lon="35.1750935"><ele>146.2</ele><time>2026-03-05T12:00:40Z</time></trkpt>
<trkpt lat="33.0132901" lon="35.1749639"><ele>145.5</ele><time>2026-03-05T12:00:41Z</time></trkpt>
<trkpt lat="33.0133414" lon="35.1748376"><ele>144.8</ele><time>2026-03-05T12:00:42Z</time></trkpt>
<trkpt lat="33.0133933" lon="35.1747133"><ele>144.1</ele><time>2026-03-05T12:00:43Z</time></trkpt>
<trkpt lat="33.0134472" lon="35.1745915"><ele>143.4</ele><time>2026-03-05T12:00:44Z</time></trkpt>
<trkpt lat="33.0135117" lon="35.1744788"><ele>142.7</ele><time>2026-03-05T12:00:45Z</time></trkpt>
<trkpt lat="33.0135912" lon="35.1743829"><ele>142.1</ele><time>2026-03-05T12:00:46Z</time></trkpt>
<trkpt lat="33.0136795" lon="35.1743055"><ele>141.5</ele><time>2026-03-05T12:00:47Z</time></trkpt>
<trkpt lat="33.0137656" lon="35.1742353"><ele>141.0</ele><time>2026-03-05T12:00:48Z</time></trkpt>
<trkpt lat="33.0138383" lon="35.1741541"><ele>140.5</ele><time>2026-03-05T12:00:49Z</time></trkpt>
<trkpt lat="33.0138921" lon="35.1740563"><ele>140.1</ele><time>2026-03-05T12:00:50Z</time></trkpt>
<trkpt lat="33.0139309" lon="35.1739502"><ele>139.7</ele><time>2026-03-05T12:00:51Z</time></trkpt>
<trkpt lat="33.0139625" lon="35.1738416"><ele>139.3</ele><time>2026-03-05T12:00:52Z</time></trkpt>
<trkpt lat="33.0139887" lon="35.1737303"><ele>139.0</ele><time>2026-03-05T12:00:53Z</time></trkpt>
<trkpt lat="33.0140104" lon="35.1736167"><ele>138.7</ele><time>2026-03-05T12:00:54Z</time></trkpt>
<trkpt lat="33.0140326" lon="35.1735023"><ele>138.4</ele><time>2026-03-05T12:00:55Z</time></trkpt>
<trkpt lat="33.0140575" lon="35.1733888"><ele>138.2</ele><time>2026-03-05T12:00:56Z</time></trkpt>
<trkpt lat="33.0140847" lon="35.1732775"><ele>138.0</ele><time>2026-03-05T12:00:57Z</time></trkpt>
<trkpt lat="33.0141128" lon="35.1731675"><ele>137.8</ele><time>2026-03-05T12:00:58Z</time></trkpt>
<trkpt lat="33.0141416" lon="35.1730582"><ele>137.7</ele><time>2026-03-05T12:00:59Z</time></trkpt>
<trkpt lat="33.0141718" lon="35.17295"><ele>137.6</ele><time>2026-03-05T12:01:00Z</time></trkpt>
<trkpt lat="33.0142038" lon="35.172844"><ele>137.5</ele><time>2026-03-05T12:01:01Z</time></trkpt>
<trkpt lat="33.0142402" lon="35.1727429"><ele>137.4</ele><time>2026-03-05T12:01:02Z</time></trkpt>
<trkpt lat="33.0142829" lon="35.1726479"><ele>137.4</ele><time>2026-03-05T12:01:03Z</time></trkpt>
<trkpt lat="33.0143291" lon="35.1725583"><ele>137.4</ele><time>2026-03-05T12:01:04Z</time></trkpt>
<trkpt lat="33.0143747" lon="35.1724743"><ele>137.5</ele><time>2026-03-05T12:01:05Z</time></trkpt>
<trkpt lat="33.0144191" lon="35.1723975"><ele>137.7</ele><time>2026-03-05T12:01:06Z</time></trkpt>
<trkpt lat="33.01446" lon="35.1723297"><ele>138.0</ele><time>2026-03-05T12:01:07Z</time></trkpt>
<trkpt lat="33.0144975" lon="35.1722684"><ele>138.3</ele><time>2026-03-05T12:01:08Z</time></trkpt>
<trkpt lat="33.0145339" lon="35.1722098"><ele>138.7</ele><time>2026-03-05T12:01:09Z</time></trkpt>
<trkpt lat="33.0145686" lon="35.1721544"><ele>139.2</ele><time>2026-03-05T12:01:10Z</time></trkpt>
<trkpt lat="33.0146016" lon="35.1721023"><ele>139.7</ele><time>2026-03-05T12:01:11Z</time></trkpt>
<trkpt lat="33.0146331" lon="35.1720529"><ele>140.2</ele><time>2026-03-05T12:01:12Z</time></trkpt>
<trkpt lat="33.0146637" lon="35.172006"><ele>140.7</ele><time>2026-03-05T12:01:13Z</time></trkpt>
<trkpt lat="33.0146937" lon="35.1719609"><ele>141.2</ele><time>2026-03-05T12:01:14Z</time></trkpt>
<trkpt lat="33.0147231" lon="35.1719167"><ele>141.7</ele><time>2026-03-05T12:01:15Z</time></trkpt>
<trkpt lat="33.0147517" lon="35.1718731"><ele>142.1</ele><time>2026-03-05T12:01:16Z</time></trkpt>
<trkpt lat="33.0147796" lon="35.1718298"><ele>142.5</ele><time>2026-03-05T12:01:17Z</time></trkpt>
<trkpt lat="33.0148064" lon="35.1717869"><ele>142.9</ele><time>2026-03-05T12:01:18Z</time></trkpt>
<trkpt lat="33.0148322" lon="35.1717444"><ele>143.3</ele><time>2026-03-05T12:01:19Z</time></trkpt>
<trkpt lat="33.0148573" lon="35.1717028"><ele>143.6</ele><time>2026-03-05T12:01:20Z</time></trkpt>
<trkpt lat="33.0148824" lon="35.1716626"><ele>143.9</ele><time>2026-03-05T12:01:21Z</time></trkpt>
<trkpt lat="33.0149082" lon="35.1716241"><ele>144.2</ele><time>2026-03-05T12:01:22Z</time></trkpt>
<trkpt lat="33.0149353" lon="35.1715873"><ele>144.5</ele><time>2026-03-05T12:01:23Z</time></trkpt>
<trkpt lat="33.0149637" lon="35.1715518"><ele>144.8</ele><time>2026-03-05T12:01:24Z</time></trkpt>
<trkpt lat="33.0149931" lon="35.1715176"><ele>145.1</ele><time>2026-03-05T12:01:25Z</time></trkpt>
<trkpt lat="33.0150234" lon="35.1714851"><ele>145.3</ele><time>2026-03-05T12:01:26Z</time></trkpt>
<trkpt lat="33.0150547" lon="35.1714545"><ele>145.6</ele><time>2026-03-05T12:01:27Z</time></trkpt>
<trkpt lat="33.0150864" lon="35.1714257"><ele>145.8</ele><time>2026-03-05T12:01:28Z</time></trkpt>
<trkpt lat="33.0151182" lon="35.1713983"><ele>146.0</ele><time>2026-03-05T12:01:29Z</time></trkpt>
<trkpt lat="33.0151503" lon="35.1713729"><ele>146.3</ele><time>2026-03-05T12:01:30Z</time></trkpt>
<trkpt lat="33.015183" lon="35.1713499"><ele>146.5</ele><time>2026-03-05T12:01:31Z</time></trkpt>
<trkpt lat="33.0152161" lon="35.1713294"><ele>146.7</ele><time>2026-03-05T12:01:32Z</time></trkpt>
<trkpt lat="33.015249" lon="35.1713103"><ele>146.9</ele><time>2026-03-05T12:01:33Z</time></trkpt>
<trkpt lat="33.0152807" lon="35.1712916"><ele>147.1</ele><time>2026-03-05T12:01:34Z</time></trkpt>
<trkpt lat="33.0153109" lon="35.1712729"><ele>147.4</ele><time>2026-03-05T12:01:35Z</time></trkpt>
<trkpt lat="33.0153391" lon="35.1712542"><ele>147.6</ele><time>2026-03-05T12:01:36Z</time></trkpt>
<trkpt lat="33.0153654" lon="35.1712361"><ele>147.8</ele><time>2026-03-05T12:01:37Z</time></trkpt>
<trkpt lat="33.0153903" lon="35.171219"><ele>148.0</ele><time>2026-03-05T12:01:38Z</time></trkpt>
<trkpt lat="33.0154141" lon="35.171203"><ele>148.3</ele><time>2026-03-05T12:01:39Z</time></trkpt>
<trkpt lat="33.0154377" lon="35.171188"><ele>148.5</ele><time>2026-03-05T12:01:40Z</time></trkpt>
<trkpt lat="33.0154616" lon="35.1711738"><ele>148.7</ele><time>2026-03-05T12:01:41Z</time></trkpt>
<trkpt lat="33.0154863" lon="35.1711605"><ele>149.0</ele><time>2026-03-05T12:01:42Z</time></trkpt>
<trkpt lat="33.0155123" lon="35.1711481"><ele>149.2</ele><time>2026-03-05T12:01:43Z</time></trkpt>
<trkpt lat="33.0155396" lon="35.1711364"><ele>149.4</ele><time>2026-03-05T12:01:44Z</time></trkpt>
<trkpt lat="33.0155683" lon="35.171125"><ele>149.6</ele><time>2026-03-05T12:01:45Z</time></trkpt>
<trkpt lat="33.0155983" lon="35.1711135"><ele>149.7</ele><time>2026-03-05T12:01:46Z</time></trkpt>
<trkpt lat="33.01563" lon="35.1711018"><ele>149.9</ele><time>2026-03-05T12:01:47Z</time></trkpt>
<trkpt lat="33.0156637" lon="35.1710901"><ele>150.0</ele><time>2026-03-05T12:01:48Z</time></trkpt>
<trkpt lat="33.0157" lon="35.171079"><ele>150.1</ele><time>2026-03-05T12:01:49Z</time></trkpt>
<trkpt lat="33.0157394" lon="35.1710692"><ele>150.2</ele><time>2026-03-05T12:01:50Z</time></trkpt>
<trkpt lat="33.0157823" lon="35.1710612"><ele>150.3</ele><time>2026-03-05T12:01:51Z</time></trkpt>
<trkpt lat="33.0158287" lon="35.171055"><ele>150.3</ele><time>2026-03-05T12:01:52Z</time></trkpt>
<trkpt lat="33.0158782" lon="35.1710506"><ele>150.2</ele><time>2026-03-05T12:01:53Z</time></trkpt>
<trkpt lat="33.0159301" lon="35.171048"><ele>150.2</ele><time>2026-03-05T12:01:54Z</time></trkpt>
<trkpt lat="33.0159834" lon="35.1710472"><ele>150.0</ele><time>2026-03-05T12:01:55Z</time></trkpt>
<trkpt lat="33.0160372" lon="35.1710483"><ele>149.9</ele><time>2026-03-05T12:01:56Z</time></trkpt>
<trkpt lat="33.0160915" lon="35.171051"><ele>149.7</ele><time>2026-03-05T12:01:57Z</time></trkpt>
<trkpt lat="33.0161465" lon="35.1710554"><ele>149.5</ele><time>2026-03-05T12:01:58Z</time></trkpt>
<trkpt lat="33.0162019" lon="35.1710626"><ele>149.3</ele><time>2026-03-05T12:01:59Z</time></trkpt>
<trkpt lat="33.0162561" lon="35.1710744"><ele>149.1</ele><time>2026-03-05T12:02:00Z</time></trkpt>
<trkpt lat="33.0163074" lon="35.1710927"><ele>149.0</ele><time>2026-03-05T12:02:01Z</time></trkpt>
<trkpt lat="33.0163547" lon="35.1711178"><ele>148.8</ele><time>2026-03-05T12:02:02Z</time></trkpt>
<trkpt lat="33.0163976" lon="35.1711492"><ele>148.6</ele><time>2026-03-05T12:02:03Z</time></trkpt>
<trkpt lat="33.016436" lon="35.1711862"><ele>148.5</ele><time>2026-03-05T12:02:04Z</time></trkpt>
<trkpt lat="33.0164695" lon="35.1712276"><ele>148.4</ele><time>2026-03-05T12:02:05Z</time></trkpt>
<trkpt lat="33.0164984" lon="35.1712715"><ele>148.3</ele><time>2026-03-05T12:02:06Z</time></trkpt>
<trkpt lat="33.0165231" lon="35.1713163"><ele>148.2</ele><time>2026-03-05T12:02:07Z</time></trkpt>
<trkpt lat="33.0165443" lon="35.1713611"><ele>148.2</ele><time>2026-03-05T12:02:08Z</time></trkpt>
<trkpt lat="33.0165634" lon="35.171405"><ele>148.1</ele><time>2026-03-05T12:02:09Z</time></trkpt>
<trkpt lat="33.0165807" lon="35.1714477"><ele>148.1</ele><time>2026-03-05T12:02:10Z</time></trkpt>
<trkpt lat="33.0165969" lon="35.1714901"><ele>148.1</ele><time>2026-03-05T12:02:11Z</time></trkpt>
<trkpt lat="33.0166127" lon="35.1715337"><ele>148.1</ele><time>2026-03-05T12:02:12Z</time></trkpt>
<trkpt lat="33.016628" lon="35.1715795"><ele>148.1</ele><time>2026-03-05T12:02:13Z</time></trkpt>
<trkpt lat="33.0166422" lon="35.1716267"><ele>148.1</ele><time>2026-03-05T12:02:14Z</time></trkpt>
<trkpt lat="33.0166551" lon="35.1716748"><ele>148.1</ele><time>2026-03-05T12:02:15Z</time></trkpt>
<trkpt lat="33.016667" lon="35.171722"><ele>148.2</ele><time>2026-03-05T12:02:16Z</time></trkpt>
<trkpt lat="33.0166779" lon="35.1717668"><ele>148.3</ele><time>2026-03-05T12:02:17Z</time></trkpt>
<trkpt lat="33.016688" lon="35.1718092"><ele>148.3</ele><time>2026-03-05T12:02:18Z</time></trkpt>
<trkpt lat="33.0166973" lon="35.1718491"><ele>148.5</ele><time>2026-03-05T12:02:19Z</time></trkpt>
<trkpt lat="33.0167054" lon="35.171886"><ele>148.6</ele><time>2026-03-05T12:02:20Z</time></trkpt>
<trkpt lat="33.0167128" lon="35.1719198"><ele>148.7</ele><time>2026-03-05T12:02:21Z</time></trkpt>
<trkpt lat="33.0167199" lon="35.1719506"><ele>148.9</ele><time>2026-03-05T12:02:22Z</time></trkpt>
<trkpt lat="33.0167274" lon="35.1719789"><ele>149.1</ele><time>2026-03-05T12:02:23Z</time></trkpt>
<trkpt lat="33.0167354" lon="35.1720059"><ele>149.2</ele><time>2026-03-05T12:02:24Z</time></trkpt>
<trkpt lat="33.0167438" lon="35.1720336"><ele>149.4</ele><time>2026-03-05T12:02:25Z</time></trkpt>
<trkpt lat="33.0167527" lon="35.1720628"><ele>149.6</ele><time>2026-03-05T12:02:26Z</time></trkpt>
<trkpt lat="33.0167619" lon="35.1720929"><ele>149.7</ele><time>2026-03-05T12:02:27Z</time></trkpt>
<trkpt lat="33.0167716" lon="35.1721236"><ele>149.9</ele><time>2026-03-05T12:02:28Z</time></trkpt>
<trkpt lat="33.0167823" lon="35.1721548"><ele>150.0</ele><time>2026-03-05T12:02:29Z</time></trkpt>
<trkpt lat="33.0167941" lon="35.1721854"><ele>150.1</ele><time>2026-03-05T12:02:30Z</time></trkpt>
<trkpt lat="33.0168077" lon="35.1722146"><ele>150.2</ele><time>2026-03-05T12:02:31Z</time></trkpt>
<trkpt lat="33.0168237" lon="35.1722413"><ele>150.2</ele><time>2026-03-05T12:02:32Z</time></trkpt>
<trkpt lat="33.016842" lon="35.1722649"><ele>150.3</ele><time>2026-03-05T12:02:33Z</time></trkpt>
<trkpt lat="33.0168623" lon="35.1722851"><ele>150.3</ele><time>2026-03-05T12:02:34Z</time></trkpt>
<trkpt lat="33.016884" lon="35.1723023"><ele>150.3</ele><time>2026-03-05T12:02:35Z</time></trkpt>
<trkpt lat="33.016907" lon="35.172317"><ele>150.4</ele><time>2026-03-05T12:02:36Z</time></trkpt>
<trkpt lat="33.016931" lon="35.172329"><ele>150.4</ele><time>2026-03-05T12:02:37Z</time></trkpt>
<trkpt lat="33.0169564" lon="35.1723377"><ele>150.4</ele><time>2026-03-05T12:02:38Z</time></trkpt>
<trkpt lat="33.0169837" lon="35.1723427"><ele>150.3</ele><time>2026-03-05T12:02:39Z</time></trkpt>
<trkpt lat="33.0170126" lon="35.1723445"><ele>150.3</ele><time>2026-03-05T12:02:40Z</time></trkpt>
<trkpt lat="33.0170425" lon="35.1723445"><ele>150.3</ele><time>2026-03-05T12:02:41Z</time></trkpt>
<trkpt lat="33.0170734" lon="35.1723439"><ele>150.3</ele><time>2026-03-05T12:02:42Z</time></trkpt>
<trkpt lat="33.0171052" lon="35.1723429"><ele>150.2</ele><time>2026-03-05T12:02:43Z</time></trkpt>
<trkpt lat="33.0171383" lon="35.1723407"><ele>150.1</ele><time>2026-03-05T12:02:44Z</time></trkpt>
<trkpt lat="33.0171725" lon="35.1723367"><ele>150.1</ele><time>2026-03-05T12:02:45Z</time></trkpt>
<trkpt lat="33.0172079" lon="35.1723313"><ele>150.0</ele><time>2026-03-05T12:02:46Z</time></trkpt>
<trkpt lat="33.0172445" lon="35.1723257"><ele>150.0</ele><time>2026-03-05T12:02:47Z</time></trkpt>
<trkpt lat="33.0172821" lon="35.1723205"><ele>149.9</ele><time>2026-03-05T12:02:48Z</time></trkpt>
<trkpt lat="33.0173208" lon="35.1723162"><ele>149.8</ele><time>2026-03-05T12:02:49Z</time></trkpt>
<trkpt lat="33.0173598" lon="35.1723129"><ele>149.8</ele><time>2026-03-05T12:02:50Z</time></trkpt>
<trkpt lat="33.0173991" lon="35.1723107"><ele>149.8</ele><time>2026-03-05T12:02:51Z</time></trkpt>
<trkpt lat="33.0174386" lon="35.1723087"><ele>149.7</ele><time>2026-03-05T12:02:52Z</time></trkpt>
<trkpt lat="33.0174785" lon="35.1723062"><ele>149.7</ele><time>2026-03-05T12:02:53Z</time></trkpt>
<trkpt lat="33.0175184" lon="35.1723021"><ele>149.7</ele><time>2026-03-05T12:02:54Z</time></trkpt>
<trkpt lat="33.0175578" lon="35.1722948"><ele>149.7</ele><time>2026-03-05T12:02:55Z</time></trkpt>
<trkpt lat="33.0175955" lon="35.1722825"><ele>149.7</ele><time>2026-03-05T12:02:56Z</time></trkpt>
<trkpt lat="33.0176295" lon="35.1722626"><ele>149.7</ele><time>2026-03-05T12:02:57Z</time></trkpt>
<trkpt lat="33.0176582" lon="35.1722346"><ele>149.7</ele><time>2026-03-05T12:02:58Z</time></trkpt>
<trkpt lat="33.0176801" lon="35.1722003"><ele>149.7</ele><time>2026-03-05T12:02:59Z</time></trkpt>
<trkpt lat="33.0176939" lon="35.1721615"><ele>149.7</ele><time>2026-03-05T12:03:00Z</time></trkpt>
<trkpt lat="33.0176997" lon="35.1721201"><ele>149.7</ele><time>2026-03-05T12:03:01Z</time></trkpt>
<trkpt lat="33.0176998" lon="35.1720776"><ele>149.7</ele><time>2026-03-05T12:03:02Z</time></trkpt>
<trkpt lat="33.0176971" lon="35.1720344"><ele>149.7</ele><time>2026-03-05T12:03:03Z</time></trkpt>
<trkpt lat="33.0176941" lon="35.1719904"><ele>149.7</ele><time>2026-03-05T12:03:04Z</time></trkpt>
<trkpt lat="33.0176915" lon="35.1719454"><ele>149.6</ele><time>2026-03-05T12:03:05Z</time></trkpt>
<trkpt lat="33.0176893" lon="35.1718995"><ele>149.6</ele><time>2026-03-05T12:03:06Z</time></trkpt>
<trkpt lat="33.017687" lon="35.1718528"><ele>149.5</ele><time>2026-03-05T12:03:07Z</time></trkpt>
<trkpt lat="33.0176847" lon="35.1718056"><ele>149.4</ele><time>2026-03-05T12:03:08Z</time></trkpt>
<trkpt lat="33.0176822" lon="35.171758"><ele>149.3</ele><time>2026-03-05T12:03:09Z</time></trkpt>
<trkpt lat="33.0176795" lon="35.1717101"><ele>149.3</ele><time>2026-03-05T12:03:10Z</time></trkpt>
<trkpt lat="33.0176768" lon="35.1716621"><ele>149.2</ele><time>2026-03-05T12:03:11Z</time></trkpt>
<trkpt lat="33.0176745" lon="35.1716141"><ele>149.1</ele><time>2026-03-05T12:03:12Z</time></trkpt>
<trkpt lat="33.0176727" lon="35.1715665"><ele>149.0</ele><time>2026-03-05T12:03:13Z</time></trkpt>
<trkpt lat="33.0176715" lon="35.1715194"><ele>148.9</ele><time>2026-03-05T12:03:14Z</time></trkpt>
<trkpt lat="33.0176707" lon="35.171473"><ele>148.8</ele><time>2026-03-05T12:03:15Z</time></trkpt>
<trkpt lat="33.0176703" lon="35.171427"><ele>148.7</ele><time>2026-03-05T12:03:16Z</time></trkpt>
<trkpt lat="33.0176704" lon="35.1713813"><ele>148.6</ele><time>2026-03-05T12:03:17Z</time></trkpt>
<trkpt lat="33.017671" lon="35.1713352"><ele>148.6</ele><time>2026-03-05T12:03:18Z</time></trkpt>
<trkpt lat="33.0176715" lon="35.1712886"><ele>148.5</ele><time>2026-03-05T12:03:19Z</time></trkpt>
<trkpt lat="33.0176708" lon="35.1712415"><ele>148.4</ele><time>2026-03-05T12:03:20Z</time></trkpt>
<trkpt lat="33.0176677" lon="35.1711949"><ele>148.3</ele><time>2026-03-05T12:03:21Z</time></trkpt>
<trkpt lat="33.0176602" lon="35.1711496"><ele>148.3</ele><time>2026-03-05T12:03:22Z</time></trkpt>
<trkpt lat="33.0176472" lon="35.1711064"><ele>148.2</ele><time>2026-03-05T12:03:23Z</time></trkpt>
<trkpt lat="33.0176284" lon="35.1710658"><ele>148.2</ele><time>2026-03-05T12:03:24Z</time></trkpt>
<trkpt lat="33.0176047" lon="35.1710273"><ele>148.1</ele><time>2026-03-05T12:03:25Z</time></trkpt>
<trkpt lat="33.0175777" lon="35.1709899"><ele>148.1</ele><time>2026-03-05T12:03:26Z</time></trkpt>
<trkpt lat="33.0175489" lon="35.1709528"><ele>148.1</ele><time>2026-03-05T12:03:27Z</time></trkpt>
<trkpt lat="33.0175196" lon="35.1709151"><ele>148.0</ele><time>2026-03-05T12:03:28Z</time></trkpt>
<trkpt lat="33.0174903" lon="35.1708765"><ele>148.0</ele><time>2026-03-05T12:03:29Z</time></trkpt>
<trkpt lat="33.017461" lon="35.1708362"><ele>147.9</ele><time>2026-03-05T12:03:30Z</time></trkpt>
<trkpt lat="33.0174316" lon="35.1707938"><ele>147.9</ele><time>2026-03-05T12:03:31Z</time></trkpt>
<trkpt lat="33.0174025" lon="35.170749"><ele>147.8</ele><time>2026-03-05T12:03:32Z</time></trkpt>
<trkpt lat="33.0173739" lon="35.1707014"><ele>147.7</ele><time>2026-03-05T12:03:33Z</time></trkpt>
<trkpt lat="33.0173459" lon="35.1706504"><ele>147.6</ele><time>2026-03-05T12:03:34Z</time></trkpt>
<trkpt lat="33.0173185" lon="35.1705962"><ele>147.5</ele><time>2026-03-05T12:03:35Z</time></trkpt>
<trkpt lat="33.017291" lon="35.1705391"><ele>147.3</ele><time>2026-03-05T12:03:36Z</time></trkpt>
<trkpt lat="33.017263" lon="35.1704792"><ele>147.1</ele><time>2026-03-05T12:03:37Z</time></trkpt>
<trkpt lat="33.017235" lon="35.1704166"><ele>146.8</ele><time>2026-03-05T12:03:38Z</time></trkpt>
<trkpt lat="33.0172077" lon="35.1703521"><ele>146.5</ele><time>2026-03-05T12:03:39Z</time></trkpt>
<trkpt lat="33.0171817" lon="35.1702863"><ele>146.2</ele><time>2026-03-05T12:03:40Z</time></trkpt>
<trkpt lat="33.0171602" lon="35.1702169"><ele>145.9</ele><time>2026-03-05T12:03:41Z</time></trkpt>
<trkpt lat="33.0171441" lon="35.1701424"><ele>145.6</ele><time>2026-03-05T12:03:42Z</time></trkpt>
<trkpt lat="33.0171334" lon="35.170065"><ele>145.2</ele><time>2026-03-05T12:03:43Z</time></trkpt>
<trkpt lat="33.0171309" lon="35.1699893"><ele>144.8</ele><time>2026-03-05T12:03:44Z</time></trkpt>
<trkpt lat="33.0171326" lon="35.1699163"><ele>144.4</ele><time>2026-03-05T12:03:45Z</time></trkpt>
<trkpt lat="33.0171338" lon="35.1698436"><ele>144.0</ele><time>2026-03-05T12:03:46Z</time></trkpt>
<trkpt lat="33.0171315" lon="35.1697685"><ele>143.6</ele><time>2026-03-05T12:03:47Z</time></trkpt>
<trkpt lat="33.0171249" lon="35.1696882"><ele>143.1</ele><time>2026-03-05T12:03:48Z</time></trkpt>
<trkpt lat="33.0171178" lon="35.1696023"><ele>142.7</ele><time>2026-03-05T12:03:49Z</time></trkpt>
<trkpt lat="33.0171137" lon="35.1695145"><ele>142.2</ele><time>2026-03-05T12:03:50Z</time></trkpt>
<trkpt lat="33.0171122" lon="35.1694283"><ele>141.7</ele><time>2026-03-05T12:03:51Z</time></trkpt>
<trkpt lat="33.0171093" lon="35.1693431"><ele>141.3</ele><time>2026-03-05T12:03:52Z</time></trkpt>
<trkpt lat="33.017106" lon="35.1692599"><ele>140.8</ele><time>2026-03-05T12:03:53Z</time></trkpt>
<trkpt lat="33.0171032" lon="35.1691778"><ele>140.4</ele><time>2026-03-05T12:03:54Z</time></trkpt>
<trkpt lat="33.0170995" lon="35.1690954"><ele>140.0</ele><time>2026-03-05T12:03:55Z</time></trkpt>
<trkpt lat="33.0170964" lon="35.1690155"><ele>139.6</ele><time>2026-03-05T12:03:56Z</time></trkpt>
<trkpt lat="33.0170961" lon="35.1689405"><ele>139.3</ele><time>2026-03-05T12:03:57Z</time></trkpt>
<trkpt lat="33.0170973" lon="35.1688695"><ele>139.0</ele><time>2026-03-05T12:03:58Z</time></trkpt>
<trkpt lat="33.0170992" lon="35.1688"><ele>138.7</ele><time>2026-03-05T12:03:59Z</time></trkpt>
<trkpt lat="33.0171028" lon="35.1687312"><ele>138.5</ele><time>2026-03-05T12:04:00Z</time></trkpt>
<trkpt lat="33.017111" lon="35.1686633"><ele>138.2</ele><time>2026-03-05T12:04:01Z</time></trkpt>
<trkpt lat="33.0171282" lon="35.1685977"><ele>138.0</ele><time>2026-03-05T12:04:02Z</time></trkpt>
<trkpt lat="33.0171568" lon="35.1685369"><ele>137.8</ele><time>2026-03-05T12:04:03Z</time></trkpt>
<trkpt lat="33.0171957" lon="35.1684827"><ele>137.6</ele><time>2026-03-05T12:04:04Z</time></trkpt>
<trkpt lat="33.0172417" lon="35.1684345"><ele>137.3</ele><time>2026-03-05T12:04:05Z</time></trkpt>
<trkpt lat="33.0172916" lon="35.1683897"><ele>137.0</ele><time>2026-03-05T12:04:06Z</time></trkpt>
<trkpt lat="33.0173455" lon="35.1683493"><ele>136.7</ele><time>2026-03-05T12:04:07Z</time></trkpt>
<trkpt lat="33.0174018" lon="35.1683109"><ele>136.3</ele><time>2026-03-05T12:04:08Z</time></trkpt>
<trkpt lat="33.0174572" lon="35.1682713"><ele>136.0</ele><time>2026-03-05T12:04:09Z</time></trkpt>
<trkpt lat="33.0175119" lon="35.1682329"><ele>135.6</ele><time>2026-03-05T12:04:10Z</time></trkpt>
<trkpt lat="33.017566" lon="35.1681948"><ele>135.2</ele><time>2026-03-05T12:04:11Z</time></trkpt>
<trkpt lat="33.0176204" lon="35.1681542"><ele>134.7</ele><time>2026-03-05T12:04:12Z</time></trkpt>
<trkpt lat="33.0176764" lon="35.168111"><ele>134.3</ele><time>2026-03-05T12:04:13Z</time></trkpt>
<trkpt lat="33.0177346" lon="35.1680691"><ele>133.8</ele><time>2026-03-05T12:04:14Z</time></trkpt>
<trkpt lat="33.0177867" lon="35.1680276"><ele>133.3</ele><time>2026-03-05T12:04:15Z</time></trkpt>
<trkpt lat="33.0178292" lon="35.1679841"><ele>132.8</ele><time>2026-03-05T12:04:16Z</time></trkpt>
<trkpt lat="33.017865" lon="35.1679386"><ele>132.3</ele><time>2026-03-05T12:04:17Z</time></trkpt>
<trkpt lat="33.0178914" lon="35.1678887"><ele>131.8</ele><time>2026-03-05T12:04:18Z</time></trkpt>
<trkpt lat="33.0179069" lon="35.1678338"><ele>131.3</ele><time>2026-03-05T12:04:19Z</time></trkpt>
<trkpt lat="33.0179124" lon="35.1677755"><ele>130.8</ele><time>2026-03-05T12:04:20Z</time></trkpt>
<trkpt lat="33.017912" lon="35.1677159"><ele>130.4</ele><time>2026-03-05T12:04:21Z</time></trkpt>
<trkpt lat="33.0179087" lon="35.167656"><ele>130.1</ele><time>2026-03-05T12:04:22Z</time></trkpt>
<trkpt lat="33.0179038" lon="35.1675968"><ele>129.8</ele><time>2026-03-05T12:04:23Z</time></trkpt>
<trkpt lat="33.0178986" lon="35.1675386"><ele>129.5</ele><time>2026-03-05T12:04:24Z</time></trkpt>
<trkpt lat="33.017895" lon="35.167481"><ele>129.3</ele><time>2026-03-05T12:04:25Z</time></trkpt>
<trkpt lat="33.0178941" lon="35.1674226"><ele>129.0</ele><time>2026-03-05T12:04:26Z</time></trkpt>
<trkpt lat="33.0178947" lon="35.1673633"><ele>128.9</ele><time>2026-03-05T12:04:27Z</time></trkpt>
<trkpt lat="33.0178946" lon="35.167303"><ele>128.7</ele><time>2026-03-05T12:04:28Z</time></trkpt>
<trkpt lat="33.0178926" lon="35.1672415"><ele>128.6</ele><time>2026-03-05T12:04:29Z</time></trkpt>
<trkpt lat="33.0178887" lon="35.1671794"><ele>128.4</ele><time>2026-03-05T12:04:30Z</time></trkpt>
<trkpt lat="33.0178833" lon="35.1671169"><ele>128.3</ele><time>2026-03-05T12:04:31Z</time></trkpt>
<trkpt lat="33.0178776" lon="35.1670551"><ele>128.1</ele><time>2026-03-05T12:04:32Z</time></trkpt>
<trkpt lat="33.0178723" lon="35.166995"><ele>128.0</ele><time>2026-03-05T12:04:33Z</time></trkpt>
<trkpt lat="33.0178681" lon="35.1669362"><ele>127.9</ele><time>2026-03-05T12:04:34Z</time></trkpt>
<trkpt lat="33.0178657" lon="35.166877"><ele>127.8</ele><time>2026-03-05T12:04:35Z</time></trkpt>
<trkpt lat="33.0178657" lon="35.166818"><ele>127.7</ele><time>2026-03-05T12:04:36Z</time></trkpt>
<trkpt lat="33.0178684" lon="35.1667607"><ele>127.6</ele><time>2026-03-05T12:04:37Z</time></trkpt>
<trkpt lat="33.017874" lon="35.1667073"><ele>127.6</ele><time>2026-03-05T12:04:38Z</time></trkpt>
<trkpt lat="33.0178832" lon="35.1666607"><ele>127.5</ele><time>2026-03-05T12:04:39Z</time></trkpt>
<trkpt lat="33.0178969" lon="35.1666215"><ele>127.4</ele><time>2026-03-05T12:04:40Z</time></trkpt>
<trkpt lat="33.0179169" lon="35.1665887"><ele>127.3</ele><time>2026-03-05T12:04:41Z</time></trkpt>
<trkpt lat="33.0179438" lon="35.1665619"><ele>127.2</ele><time>2026-03-05T12:04:42Z</time></trkpt>
<trkpt lat="33.0179757" lon="35.1665421"><ele>127.0</ele><time>2026-03-05T12:04:43Z</time></trkpt>
<trkpt lat="33.0180099" lon="35.1665293"><ele>126.9</ele><time>2026-03-05T12:04:44Z</time></trkpt>
<trkpt lat="33.0180441" lon="35.1665207"><ele>126.8</ele><time>2026-03-05T12:04:45Z</time></trkpt>
<trkpt lat="33.018077" lon="35.1665104"><ele>126.6</ele><time>2026-03-05T12:04:46Z</time></trkpt>
<trkpt lat="33.0181089" lon="35.1664926"><ele>126.4</ele><time>2026-03-05T12:04:47Z</time></trkpt>
<trkpt lat="33.0181411" lon="35.1664663"><ele>126.2</ele><time>2026-03-05T12:04:48Z</time></trkpt>
<trkpt lat="33.0181742" lon="35.1664343"><ele>125.9</ele><time>2026-03-05T12:04:49Z</time></trkpt>
<trkpt lat="33.0182083" lon="35.1664014"><ele>125.6</ele><time>2026-03-05T12:04:50Z</time></trkpt>
<trkpt lat="33.0182442" lon="35.1663704"><ele>125.2</ele><time>2026-03-05T12:04:51Z</time></trkpt>
<trkpt lat="33.0182833" lon="35.1663424"><ele>124.8</ele><time>2026-03-05T12:04:52Z</time></trkpt>
<trkpt lat="33.0183258" lon="35.1663177"><ele>124.3</ele><time>2026-03-05T12:04:53Z</time></trkpt>
<trkpt lat="33.0183709" lon="35.1662961"><ele>123.8</ele><time>2026-03-05T12:04:54Z</time></trkpt>
<trkpt lat="33.0184167" lon="35.166277"><ele>123.3</ele><time>2026-03-05T12:04:55Z</time></trkpt>
<trkpt lat="33.0184601" lon="35.16626"><ele>122.7</ele><time>2026-03-05T12:04:56Z</time></trkpt>
<trkpt lat="33.0184976" lon="35.1662443"><ele>122.2</ele><time>2026-03-05T12:04:57Z</time></trkpt>
<trkpt lat="33.0185274" lon="35.1662298"><ele>121.7</ele><time>2026-03-05T12:04:58Z</time></trkpt>
<trkpt lat="33.0185506" lon="35.1662154"><ele>121.2</ele><time>2026-03-05T12:04:59Z</time></trkpt>
<trkpt lat="33.0185684" lon="35.1661995"><ele>120.7</ele><time>2026-03-05T12:05:00Z</time></trkpt>
<trkpt lat="33.0185816" lon="35.1661815"><ele>120.2</ele><time>2026-03-05T12:05:01Z</time></trkpt>
<trkpt lat="33.01859" lon="35.166162"><ele>119.7</ele><time>2026-03-05T12:05:02Z</time></trkpt>
<trkpt lat="33.0185931" lon="35.166142"><ele>119.3</ele><time>2026-03-05T12:05:03Z</time></trkpt>
<trkpt lat="33.0185914" lon="35.1661215"><ele>119.0</ele><time>2026-03-05T12:05:04Z</time></trkpt>
<trkpt lat="33.0185859" lon="35.1660983"><ele>118.6</ele><time>2026-03-05T12:05:05Z</time></trkpt>
<trkpt lat="33.018577" lon="35.1660707"><ele>118.4</ele><time>2026-03-05T12:05:06Z</time></trkpt>
<trkpt lat="33.0185646" lon="35.1660409"><ele>118.2</ele><time>2026-03-05T12:05:07Z</time></trkpt>
<trkpt lat="33.0185481" lon="35.166013"><ele>118.0</ele><time>2026-03-05T12:05:08Z</time></trkpt>
<trkpt lat="33.0185273" lon="35.1659902"><ele>117.9</ele><time>2026-03-05T12:05:09Z</time></trkpt>
<trkpt lat="33.0185025" lon="35.1659731"><ele>117.8</ele><time>2026-03-05T12:05:10Z</time></trkpt>
<trkpt lat="33.0184741" lon="35.1659605"><ele>117.8</ele><time>2026-03-05T12:05:11Z</time></trkpt>
<trkpt lat="33.018444" lon="35.1659515"><ele>117.8</ele><time>2026-03-05T12:05:12Z</time></trkpt>
<trkpt lat="33.0184137" lon="35.1659444"><ele>117.9</ele><time>2026-03-05T12:05:13Z</time></trkpt>
<trkpt lat="33.0183846" lon="35.1659359"><ele>118.0</ele><time>2026-03-05T12:05:14Z</time></trkpt>
<trkpt lat="33.018359" lon="35.1659234"><ele>118.0</ele><time>2026-03-05T12:05:15Z</time></trkpt>
<trkpt lat="33.0183377" lon="35.1659064"><ele>118.2</ele><time>2026-03-05T12:05:16Z</time></trkpt>
<trkpt lat="33.0183186" lon="35.1658864"><ele>118.3</ele><time>2026-03-05T12:05:17Z</time></trkpt>
<trkpt lat="33.0182994" lon="35.165865"><ele>118.4</ele><time>2026-03-05T12:05:18Z</time></trkpt>
<trkpt lat="33.0182792" lon="35.1658433"><ele>118.5</ele><time>2026-03-05T12:05:19Z</time></trkpt>
<trkpt lat="33.0182576" lon="35.1658207"><ele>118.6</ele><time>2026-03-05T12:05:20Z</time></trkpt>
<trkpt lat="33.0182359" lon="35.1657967"><ele>118.8</ele><time>2026-03-05T12:05:21Z</time></trkpt>
<trkpt lat="33.0182154" lon="35.1657716"><ele>118.9</ele><time>2026-03-05T12:05:22Z</time></trkpt>
<trkpt lat="33.0181952" lon="35.1657451"><ele>119.0</ele><time>2026-03-05T12:05:23Z</time></trkpt>
<trkpt lat="33.0181745" lon="35.1657169"><ele>119.1</ele><time>2026-03-05T12:05:24Z</time></trkpt>
<trkpt lat="33.018154" lon="35.1656869"><ele>119.2</ele><time>2026-03-05T12:05:25Z</time></trkpt>
<trkpt lat="33.0181347" lon="35.1656555"><ele>119.3</ele><time>2026-03-05T12:05:26Z</time></trkpt>
<trkpt lat="33.0181173" lon="35.1656232"><ele>119.4</ele><time>2026-03-05T12:05:27Z</time></trkpt>
<trkpt lat="33.0181021" lon="35.16559"><ele>119.4</ele><time>2026-03-05T12:05:28Z</time></trkpt>
<trkpt lat="33.0180891" lon="35.1655556"><ele>119.5</ele><time>2026-03-05T12:05:29Z</time></trkpt>
<trkpt lat="33.0180789" lon="35.1655208"><ele>119.5</ele><time>2026-03-05T12:05:30Z</time></trkpt>
<trkpt lat="33.0180721" lon="35.1654867"><ele>119.5</ele><time>2026-03-05T12:05:31Z</time></trkpt>
<trkpt lat="33.0180682" lon="35.1654529"><ele>119.5</ele><time>2026-03-05T12:05:32Z</time></trkpt>
<trkpt lat="33.0180662" lon="35.1654177"><ele>119.4</ele><time>2026-03-05T12:05:33Z</time></trkpt>
<trkpt lat="33.0180651" lon="35.1653795"><ele>119.4</ele><time>2026-03-05T12:05:34Z</time></trkpt>
<trkpt lat="33.0180635" lon="35.1653387"><ele>119.3</ele><time>2026-03-05T12:05:35Z</time></trkpt>
<trkpt lat="33.0180614" lon="35.1652962"><ele>119.1</ele><time>2026-03-05T12:05:36Z</time></trkpt>
<trkpt lat="33.0180595" lon="35.1652515"><ele>119.0</ele><time>2026-03-05T12:05:37Z</time></trkpt>
<trkpt lat="33.0180587" lon="35.1652045"><ele>118.8</ele><time>2026-03-05T12:05:38Z</time></trkpt>
<trkpt lat="33.0180586" lon="35.1651539"><ele>118.6</ele><time>2026-03-05T12:05:39Z</time></trkpt>
<trkpt lat="33.0180565" lon="35.1651002"><ele>118.3</ele><time>2026-03-05T12:05:40Z</time></trkpt>
<trkpt lat="33.0180503" lon="35.1650467"><ele>118.1</ele><time>2026-03-05T12:05:41Z</time></trkpt>
<trkpt lat="33.0180403" lon="35.164996"><ele>117.9</ele><time>2026-03-05T12:05:42Z</time></trkpt>
<trkpt lat="33.0180276" lon="35.1649485"><ele>117.6</ele><time>2026-03-05T12:05:43Z</time></trkpt>
<trkpt lat="33.0180131" lon="35.1649032"><ele>117.3</ele><time>2026-03-05T12:05:44Z</time></trkpt>
<trkpt lat="33.017998" lon="35.1648587"><ele>117.1</ele><time>2026-03-05T12:05:45Z</time></trkpt>
<trkpt lat="33.0179837" lon="35.1648151"><ele>116.8</ele><time>2026-03-05T12:05:46Z</time></trkpt>
<trkpt lat="33.0179708" lon="35.1647732"><ele>116.6</ele><time>2026-03-05T12:05:47Z</time></trkpt>
<trkpt lat="33.0179579" lon="35.1647323"><ele>116.3</ele><time>2026-03-05T12:05:48Z</time></trkpt>
<trkpt lat="33.0179436" lon="35.1646909"><ele>116.1</ele><time>2026-03-05T12:05:49Z</time></trkpt>
<trkpt lat="33.017927" lon="35.1646486"><ele>115.9</ele><time>2026-03-05T12:05:50Z</time></trkpt>
<trkpt lat="33.0179088" lon="35.1646065"><ele>115.6</ele><time>2026-03-05T12:05:51Z</time></trkpt>
<trkpt lat="33.0178904" lon="35.1645653"><ele>115.4</ele><time>2026-03-05T12:05:52Z</time></trkpt>
<trkpt lat="33.017873" lon="35.1645256"><ele>115.1</ele><time>2026-03-05T12:05:53Z</time></trkpt>
<trkpt lat="33.0178574" lon="35.1644874"><ele>114.9</ele><time>2026-03-05T12:05:54Z</time></trkpt>
<trkpt lat="33.0178441" lon="35.1644506"><ele>114.6</ele><time>2026-03-05T12:05:55Z</time></trkpt>
<trkpt lat="33.0178324" lon="35.164414"><ele>114.4</ele><time>2026-03-05T12:05:56Z</time></trkpt>
<trkpt lat="33.017821" lon="35.1643774"><ele>114.2</ele><time>2026-03-05T12:05:57Z</time></trkpt>
<trkpt lat="33.0178095" lon="35.164343"><ele>114.0</ele><time>2026-03-05T12:05:58Z</time></trkpt>
<trkpt lat="33.0177974" lon="35.1643124"><ele>113.8</ele><time>2026-03-05T12:05:59Z</time></trkpt>
<trkpt lat="33.0177842" lon="35.1642839"><ele>113.7</ele><time>2026-03-05T12:06:00Z</time></trkpt>
<trkpt lat="33.0177695" lon="35.1642557"><ele>113.6</ele><time>2026-03-05T12:06:01Z</time></trkpt>
<trkpt lat="33.0177537" lon="35.1642271"><ele>113.5</ele><time>2026-03-05T12:06:02Z</time></trkpt>
<trkpt lat="33.0177368" lon="35.1641976"><ele>113.5</ele><time>2026-03-05T12:06:03Z</time></trkpt>
<trkpt lat="33.017719" lon="35.1641668"><ele>113.5</ele><time>2026-03-05T12:06:04Z</time></trkpt>
<trkpt lat="33.0177011" lon="35.1641352"><ele>113.5</ele><time>2026-03-05T12:06:05Z</time></trkpt>
<trkpt lat="33.0176835" lon="35.1641027"><ele>113.5</ele><time>2026-03-05T12:06:06Z</time></trkpt>
<trkpt lat="33.0176665" lon="35.1640693"><ele>113.6</ele><time>2026-03-05T12:06:07Z</time></trkpt>
<trkpt lat="33.0176509" lon="35.1640352"><ele>113.6</ele><time>2026-03-05T12:06:08Z</time></trkpt>
<trkpt lat="33.0176366" lon="35.1640003"><ele>113.7</ele><time>2026-03-05T12:06:09Z</time></trkpt>
<trkpt lat="33.0176236" lon="35.1639644"><ele>113.7</ele><time>2026-03-05T12:06:10Z</time></trkpt>
<trkpt lat="33.0176119" lon="35.1639277"><ele>113.7</ele><time>2026-03-05T12:06:11Z</time></trkpt>
<trkpt lat="33.0176013" lon="35.1638901"><ele>113.7</ele><time>2026-03-05T12:06:12Z</time></trkpt>
<trkpt lat="33.0175915" lon="35.1638522"><ele>113.7</ele><time>2026-03-05T12:06:13Z</time></trkpt>
<trkpt lat="33.017582" lon="35.1638167"><ele>113.7</ele><time>2026-03-05T12:06:14Z</time></trkpt>
<trkpt lat="33.0175719" lon="35.1637847"><ele>113.6</ele><time>2026-03-05T12:06:15Z</time></trkpt>
<trkpt lat="33.017561" lon="35.1637548"><ele>113.5</ele><time>2026-03-05T12:06:16Z</time></trkpt>
<trkpt lat="33.0175491" lon="35.1637255"><ele>113.4</ele><time>2026-03-05T12:06:17Z</time></trkpt>
<trkpt lat="33.0175367" lon="35.1636956"><ele>113.4</ele><time>2026-03-05T12:06:18Z</time></trkpt>
<trkpt lat="33.0175231" lon="35.1636637"><ele>113.3</ele><time>2026-03-05T12:06:19Z</time></trkpt>
<trkpt lat="33.0175079" lon="35.1636286"><ele>113.2</ele><time>2026-03-05T12:06:20Z</time></trkpt>
<trkpt lat="33.0174921" lon="35.1635921"><ele>113.1</ele><time>2026-03-05T12:06:21Z</time></trkpt>
<trkpt lat="33.0174772" lon="35.1635563"><ele>113.0</ele><time>2026-03-05T12:06:22Z</time></trkpt>
<trkpt lat="33.0174638" lon="35.1635215"><ele>113.0</ele><time>2026-03-05T12:06:23Z</time></trkpt>
<trkpt lat="33.0174517" lon="35.1634861"><ele>112.9</ele><time>2026-03-05T12:06:24Z</time></trkpt>
<trkpt lat="33.0174403" lon="35.1634486"><ele>112.8</ele><time>2026-03-05T12:06:25Z</time></trkpt>
<trkpt lat="33.017429" lon="35.1634086"><ele>112.8</ele><time>2026-03-05T12:06:26Z</time></trkpt>
<trkpt lat="33.0174173" lon="35.1633668"><ele>112.7</ele><time>2026-03-05T12:06:27Z</time></trkpt>
<trkpt lat="33.0174056" lon="35.1633244"><ele>112.6</ele><time>2026-03-05T12:06:28Z</time></trkpt>
<trkpt lat="33.0173942" lon="35.1632817"><ele>112.6</ele><time>2026-03-05T12:06:29Z</time></trkpt>
<trkpt lat="33.0173829" lon="35.1632385"><ele>112.5</ele><time>2026-03-05T12:06:30Z</time></trkpt>
<trkpt lat="33.0173714" lon="35.1631947"><ele>112.4</ele><time>2026-03-05T12:06:31Z</time></trkpt>
<trkpt lat="33.017359" lon="35.1631503"><ele>112.3</ele><time>2026-03-05T12:06:32Z</time></trkpt>
<trkpt lat="33.0173457" lon="35.1631048"><ele>112.1</ele><time>2026-03-05T12:06:33Z</time></trkpt>
<trkpt lat="33.0173317" lon="35.1630581"><ele>112.0</ele><time>2026-03-05T12:06:34Z</time></trkpt>
<trkpt lat="33.0173172" lon="35.16301"><ele>111.8</ele><time>2026-03-05T12:06:35Z</time></trkpt>
<trkpt lat="33.017302" lon="35.1629613"><ele>111.7</ele><time>2026-03-05T12:06:36Z</time></trkpt>
<trkpt lat="33.0172854" lon="35.1629132"><ele>111.5</ele><time>2026-03-05T12:06:37Z</time></trkpt>
<trkpt lat="33.0172677" lon="35.1628674"><ele>111.4</ele><time>2026-03-05T12:06:38Z</time></trkpt>
<trkpt lat="33.017249" lon="35.1628241"><ele>111.2</ele><time>2026-03-05T12:06:39Z</time></trkpt>
<trkpt lat="33.0172296" lon="35.1627827"><ele>111.1</ele><time>2026-03-05T12:06:40Z</time></trkpt>
<trkpt lat="33.01721" lon="35.1627422"><ele>111.0</ele><time>2026-03-05T12:06:41Z</time></trkpt>
<trkpt lat="33.0171911" lon="35.1627025"><ele>110.9</ele><time>2026-03-05T12:06:42Z</time></trkpt>
<trkpt lat="33.0171733" lon="35.1626634"><ele>110.9</ele><time>2026-03-05T12:06:43Z</time></trkpt>
<trkpt lat="33.017156" lon="35.1626243"><ele>110.8</ele><time>2026-03-05T12:06:44Z</time></trkpt>
<trkpt lat="33.0171391" lon="35.1625846"><ele>110.8</ele><time>2026-03-05T12:06:45Z</time></trkpt>
<trkpt lat="33.0171226" lon="35.162545"><ele>110.8</ele><time>2026-03-05T12:06:46Z</time></trkpt>
<trkpt lat="33.0171061" lon="35.1625048"><ele>110.8</ele><time>2026-03-05T12:06:47Z</time></trkpt>
<trkpt lat="33.0170891" lon="35.1624634"><ele>110.9</ele><time>2026-03-05T12:06:48Z</time></trkpt>
<trkpt lat="33.0170714" lon="35.1624218"><ele>110.9</ele><time>2026-03-05T12:06:49Z</time></trkpt>
<trkpt lat="33.0170528" lon="35.1623807"><ele>110.9</ele><time>2026-03-05T12:06:50Z</time></trkpt>
<trkpt lat="33.0170338" lon="35.1623394"><ele>110.9</ele><time>2026-03-05T12:06:51Z</time></trkpt>
<trkpt lat="33.0170147" lon="35.1622976"><ele>110.9</ele><time>2026-03-05T12:06:52Z</time></trkpt>
<trkpt lat="33.0169962" lon="35.1622553"><ele>110.9</ele><time>2026-03-05T12:06:53Z</time></trkpt>
<trkpt lat="33.0169791" lon="35.1622131"><ele>110.9</ele><time>2026-03-05T12:06:54Z</time></trkpt>
<trkpt lat="33.0169635" lon="35.1621705"><ele>110.9</ele><time>2026-03-05T12:06:55Z</time></trkpt>
<trkpt lat="33.0169493" lon="35.1621273"><ele>110.9</ele><time>2026-03-05T12:06:56Z</time></trkpt>
<trkpt lat="33.0169369" lon="35.1620831"><ele>110.9</ele><time>2026-03-05T12:06:57Z</time></trkpt>
<trkpt lat="33.0169251" lon="35.1620381"><ele>110.9</ele><time>2026-03-05T12:06:58Z</time></trkpt>
<trkpt lat="33.016913" lon="35.1619914"><ele>110.8</ele><time>2026-03-05T12:06:59Z</time></trkpt>
<trkpt lat="33.0168994" lon="35.1619408"><ele>110.8</ele><time>2026-03-05T12:07:00Z</time></trkpt>
<trkpt lat="33.0168836" lon="35.1618858"><ele>110.7</ele><time>2026-03-05T12:07:01Z</time></trkpt>
<trkpt lat="33.0168657" lon="35.1618284"><ele>110.6</ele><time>2026-03-05T12:07:02Z</time></trkpt>
<trkpt lat="33.0168473" lon="35.1617714"><ele>110.5</ele><time>2026-03-05T12:07:03Z</time></trkpt>
<trkpt lat="33.0168298" lon="35.1617166"><ele>110.3</ele><time>2026-03-05T12:07:04Z</time></trkpt>
<trkpt lat="33.016813" lon="35.1616622"><ele>110.1</ele><time>2026-03-05T12:07:05Z</time></trkpt>
<trkpt lat="33.0167969" lon="35.1616062"><ele>109.9</ele><time>2026-03-05T12:07:06Z</time></trkpt>
<trkpt lat="33.0167822" lon="35.1615473"><ele>109.7</ele><time>2026-03-05T12:07:07Z</time></trkpt>
<trkpt lat="33.0167686" lon="35.1614849"><ele>109.4</ele><time>2026-03-05T12:07:08Z</time></trkpt>
<trkpt lat="33.0167552" lon="35.1614207"><ele>109.2</ele><time>2026-03-05T12:07:09Z</time></trkpt>
<trkpt lat="33.0167413" lon="35.1613567"><ele>108.9</ele><time>2026-03-05T12:07:10Z</time></trkpt>
<trkpt lat="33.0167265" lon="35.1612948"><ele>108.6</ele><time>2026-03-05T12:07:11Z</time></trkpt>
<trkpt lat="33.0167106" lon="35.1612353"><ele>108.2</ele><time>2026-03-05T12:07:12Z</time></trkpt>
<trkpt lat="33.0166931" lon="35.1611762"><ele>107.9</ele><time>2026-03-05T12:07:13Z</time></trkpt>
<trkpt lat="33.0166736" lon="35.161116"><ele>107.5</ele><time>2026-03-05T12:07:14Z</time></trkpt>
<trkpt lat="33.0166528" lon="35.1610539"><ele>107.2</ele><time>2026-03-05T12:07:15Z</time></trkpt>
<trkpt lat="33.0166327" lon="35.1609914"><ele>106.9</ele><time>2026-03-05T12:07:16Z</time></trkpt>
<trkpt lat="33.0166148" lon="35.1609306"><ele>106.5</ele><time>2026-03-05T12:07:17Z</time></trkpt>
<trkpt lat="33.0165989" lon="35.1608721"><ele>106.2</ele><time>2026-03-05T12:07:18Z</time></trkpt>
<trkpt lat="33.016585" lon="35.1608154"><ele>105.8</ele><time>2026-03-05T12:07:19Z</time></trkpt>
<trkpt lat="33.0165729" lon="35.1607602"><ele>105.5</ele><time>2026-03-05T12:07:20Z</time></trkpt>
<trkpt lat="33.0165613" lon="35.160708"><ele>105.1</ele><time>2026-03-05T12:07:21Z</time></trkpt>
<trkpt lat="33.0165482" lon="35.1606609"><ele>104.8</ele><time>2026-03-05T12:07:22Z</time></trkpt>
<trkpt lat="33.0165321" lon="35.1606188"><ele>104.5</ele><time>2026-03-05T12:07:23Z</time></trkpt>
<trkpt lat="33.016513" lon="35.1605808"><ele>104.2</ele><time>2026-03-05T12:07:24Z</time></trkpt>
<trkpt lat="33.0164918" lon="35.1605464"><ele>103.9</ele><time>2026-03-05T12:07:25Z</time></trkpt>
<trkpt lat="33.0164693" lon="35.160514"><ele>103.7</ele><time>2026-03-05T12:07:26Z</time></trkpt>
<trkpt lat="33.0164456" lon="35.1604825"><ele>103.5</ele><time>2026-03-05T12:07:27Z</time></trkpt>
<trkpt lat="33.0164217" lon="35.160451"><ele>103.4</ele><time>2026-03-05T12:07:28Z</time></trkpt>
<trkpt lat="33.0163987" lon="35.1604181"><ele>103.3</ele><time>2026-03-05T12:07:29Z</time></trkpt>
<trkpt lat="33.016378" lon="35.1603837"><ele>103.2</ele><time>2026-03-05T12:07:30Z</time></trkpt>
<trkpt lat="33.0163599" lon="35.1603488"><ele>103.1</ele><time>2026-03-05T12:07:31Z</time></trkpt>
<trkpt lat="33.0163434" lon="35.160314"><ele>103.1</ele><time>2026-03-05T12:07:32Z</time></trkpt>
<trkpt lat="33.0163277" lon="35.1602793"><ele>103.1</ele><time>2026-03-05T12:07:33Z</time></trkpt>
<trkpt lat="33.016313" lon="35.1602444"><ele>103.0</ele><time>2026-03-05T12:07:34Z</time></trkpt>
<trkpt lat="33.0163014" lon="35.1602107"><ele>102.9</ele><time>2026-03-05T12:07:35Z</time></trkpt>
<trkpt lat="33.0162938" lon="35.1601789"><ele>102.9</ele><time>2026-03-05T12:07:36Z</time></trkpt>
<trkpt lat="33.0162895" lon="35.1601486"><ele>102.8</ele><time>2026-03-05T12:07:37Z</time></trkpt>
<trkpt lat="33.0162879" lon="35.1601198"><ele>102.7</ele><time>2026-03-05T12:07:38Z</time></trkpt>
<trkpt lat="33.0162882" lon="35.1600921"><ele>102.5</ele><time>2026-03-05T12:07:39Z</time></trkpt>
<trkpt lat="33.0162906" lon="35.1600648"><ele>102.3</ele><time>2026-03-05T12:07:40Z</time></trkpt>
<trkpt lat="33.0162966" lon="35.1600359"><ele>102.1</ele><time>2026-03-05T12:07:41Z</time></trkpt>
<trkpt lat="33.0163064" lon="35.1600038"><ele>101.8</ele><time>2026-03-05T12:07:42Z</time></trkpt>
<trkpt lat="33.0163192" lon="35.1599687"><ele>101.4</ele><time>2026-03-05T12:07:43Z</time></trkpt>
<trkpt lat="33.016333" lon="35.159932"><ele>101.0</ele><time>2026-03-05T12:07:44Z</time></trkpt>
<trkpt lat="33.016346" lon="35.1598952"><ele>100.6</ele><time>2026-03-05T12:07:45Z</time></trkpt>
<trkpt lat="33.0163578" lon="35.1598587"><ele>100.1</ele><time>2026-03-05T12:07:46Z</time></trkpt>
<trkpt lat="33.0163692" lon="35.1598223"><ele>99.6</ele><time>2026-03-05T12:07:47Z</time></trkpt>
<trkpt lat="33.01638" lon="35.1597874"><ele>99.0</ele><time>2026-03-05T12:07:48Z</time></trkpt>
<trkpt lat="33.0163905" lon="35.1597539"><ele>98.4</ele><time>2026-03-05T12:07:49Z</time></trkpt>
<trkpt lat="33.0164008" lon="35.1597202"><ele>97.8</ele><time>2026-03-05T12:07:50Z</time></trkpt>
<trkpt lat="33.0164102" lon="35.1596849"><ele>97.2</ele><time>2026-03-05T12:07:51Z</time></trkpt>
<trkpt lat="33.0164171" lon="35.1596483"><ele>96.7</ele><time>2026-03-05T12:07:52Z</time></trkpt>
<trkpt lat="33.0164204" lon="35.159611"><ele>96.1</ele><time>2026-03-05T12:07:53Z</time></trkpt>
<trkpt lat="33.0164214" lon="35.1595731"><ele>95.6</ele><time>2026-03-05T12:07:54Z</time></trkpt>
<trkpt lat="33.0164219" lon="35.1595363"><ele>95.1</ele><time>2026-03-05T12:07:55Z</time></trkpt>
<trkpt lat="33.0164229" lon="35.1595017"><ele>94.6</ele><time>2026-03-05T12:07:56Z</time></trkpt>
<trkpt lat="33.0164248" lon="35.1594679"><ele>94.2</ele><time>2026-03-05T12:07:57Z</time></trkpt>
<trkpt lat="33.0164267" lon="35.1594332"><ele>93.9</ele><time>2026-03-05T12:07:58Z</time></trkpt>
<trkpt lat="33.0164268" lon="35.1593977"><ele>93.5</ele><time>2026-03-05T12:07:59Z</time></trkpt>
<trkpt lat="33.0164243" lon="35.159361"><ele>93.2</ele><time>2026-03-05T12:08:00Z</time></trkpt>
<trkpt lat="33.0164199" lon="35.1593215"><ele>92.9</ele><time>2026-03-05T12:08:01Z</time></trkpt>
<trkpt lat="33.0164161" lon="35.1592806"><ele>92.7</ele><time>2026-03-05T12:08:02Z</time></trkpt>
<trkpt lat="33.0164149" lon="35.1592403"><ele>92.4</ele><time>2026-03-05T12:08:03Z</time></trkpt>
<trkpt lat="33.0164159" lon="35.1592002"><ele>92.1</ele><time>2026-03-05T12:08:04Z</time></trkpt>
<trkpt lat="33.0164179" lon="35.15916"><ele>91.8</ele><time>2026-03-05T12:08:05Z</time></trkpt>
<trkpt lat="33.0164212" lon="35.1591192"><ele>91.4</ele><time>2026-03-05T12:08:06Z</time></trkpt>
<trkpt lat="33.016426" lon="35.1590775"><ele>91.0</ele><time>2026-03-05T12:08:07Z</time></trkpt>
<trkpt lat="33.0164319" lon="35.1590359"><ele>90.5</ele><time>2026-03-05T12:08:08Z</time></trkpt>
<trkpt lat="33.0164377" lon="35.1589951"><ele>90.0</ele><time>2026-03-05T12:08:09Z</time></trkpt>
<trkpt lat="33.0164421" lon="35.158955"><ele>89.5</ele><time>2026-03-05T12:08:10Z</time></trkpt>
<trkpt lat="33.0164445" lon="35.158914"><ele>89.1</ele><time>2026-03-05T12:08:11Z</time></trkpt>
<trkpt lat="33.0164447" lon="35.1588713"><ele>88.6</ele><time>2026-03-05T12:08:12Z</time></trkpt>
<trkpt lat="33.0164424" lon="35.1588281"><ele>88.1</ele><time>2026-03-05T12:08:13Z</time></trkpt>
<trkpt lat="33.0164372" lon="35.1587865"><ele>87.7</ele><time>2026-03-05T12:08:14Z</time></trkpt>
<trkpt lat="33.0164285" lon="35.1587474"><ele>87.3</ele><time>2026-03-05T12:08:15Z</time></trkpt>
<trkpt lat="33.0164159" lon="35.1587112"><ele>86.9</ele><time>2026-03-05T12:08:16Z</time></trkpt>
<trkpt lat="33.0163993" lon="35.1586763"><ele>86.6</ele><time>2026-03-05T12:08:17Z</time></trkpt>
<trkpt lat="33.01638" lon="35.1586426"><ele>86.4</ele><time>2026-03-05T12:08:18Z</time></trkpt>
<trkpt lat="33.0163598" lon="35.1586113"><ele>86.2</ele><time>2026-03-05T12:08:19Z</time></trkpt>
<trkpt lat="33.0163395" lon="35.1585816"><ele>86.0</ele><time>2026-03-05T12:08:20Z</time></trkpt>
<trkpt lat="33.0163197" lon="35.1585526"><ele>85.9</ele><time>2026-03-05T12:08:21Z</time></trkpt>
<trkpt lat="33.0163011" lon="35.1585234"><ele>85.8</ele><time>2026-03-05T12:08:22Z</time></trkpt>
<trkpt lat="33.0162833" lon="35.1584938"><ele>85.8</ele><time>2026-03-05T12:08:23Z</time></trkpt>
<trkpt lat="33.0162656" lon="35.1584639"><ele>85.8</ele><time>2026-03-05T12:08:24Z</time></trkpt>
<trkpt lat="33.0162474" lon="35.158434"><ele>85.8</ele><time>2026-03-05T12:08:25Z</time></trkpt>
<trkpt lat="33.016229" lon="35.1584051"><ele>85.7</ele><time>2026-03-05T12:08:26Z</time></trkpt>
<trkpt lat="33.0162109" lon="35.1583767"><ele>85.7</ele><time>2026-03-05T12:08:27Z</time></trkpt>
<trkpt lat="33.0161928" lon="35.158347"><ele>85.7</ele><time>2026-03-05T12:08:28Z</time></trkpt>
<trkpt lat="33.0161751" lon="35.1583158"><ele>85.7</ele><time>2026-03-05T12:08:29Z</time></trkpt>
<trkpt lat="33.0161591" lon="35.1582836"><ele>85.7</ele><time>2026-03-05T12:08:30Z</time></trkpt>
<trkpt lat="33.0161445" lon="35.1582502"><ele>85.6</ele><time>2026-03-05T12:08:31Z</time></trkpt>
<trkpt lat="33.0161319" lon="35.1582154"><ele>85.5</ele><time>2026-03-05T12:08:32Z</time></trkpt>
<trkpt lat="33.016122" lon="35.1581798"><ele>85.4</ele><time>2026-03-05T12:08:33Z</time></trkpt>
<trkpt lat="33.0161141" lon="35.1581438"><ele>85.3</ele><time>2026-03-05T12:08:34Z</time></trkpt>
<trkpt lat="33.0161075" lon="35.1581072"><ele>85.2</ele><time>2026-03-05T12:08:35Z</time></trkpt>
<trkpt lat="33.0161017" lon="35.1580681"><ele>85.0</ele><time>2026-03-05T12:08:36Z</time></trkpt>
<trkpt lat="33.0160963" lon="35.1580242"><ele>84.9</ele><time>2026-03-05T12:08:37Z</time></trkpt>
<trkpt lat="33.0160913" lon="35.157975"><ele>84.7</ele><time>2026-03-05T12:08:38Z</time></trkpt>
<trkpt lat="33.0160868" lon="35.1579221"><ele>84.5</ele><time>2026-03-05T12:08:39Z</time></trkpt>
<trkpt lat="33.0160818" lon="35.1578673"><ele>84.3</ele><time>2026-03-05T12:08:40Z</time></trkpt>
<trkpt lat="33.0160752" lon="35.1578125"><ele>84.1</ele><time>2026-03-05T12:08:41Z</time></trkpt>
<trkpt lat="33.0160669" lon="35.157759"><ele>83.9</ele><time>2026-03-05T12:08:42Z</time></trkpt>
<trkpt lat="33.0160568" lon="35.1577063"><ele>83.7</ele><time>2026-03-05T12:08:43Z</time></trkpt>
<trkpt lat="33.0160462" lon="35.1576527"><ele>83.4</ele><time>2026-03-05T12:08:44Z</time></trkpt>
<trkpt lat="33.0160368" lon="35.1575983"><ele>83.2</ele><time>2026-03-05T12:08:45Z</time></trkpt>
<trkpt lat="33.0160304" lon="35.1575442"><ele>83.0</ele><time>2026-03-05T12:08:46Z</time></trkpt>
<trkpt lat="33.0160279" lon="35.1574907"><ele>82.9</ele><time>2026-03-05T12:08:47Z</time></trkpt>
<trkpt lat="33.0160312" lon="35.1573791"><ele>82.6</ele><time>2026-03-05T12:08:49Z</time></trkpt>
<trkpt lat="33.0160334" lon="35.1573273"><ele>82.5</ele><time>2026-03-05T12:08:50Z</time></trkpt>
<trkpt lat="33.0160326" lon="35.1572789"><ele>82.3</ele><time>2026-03-05T12:08:51Z</time></trkpt>
<trkpt lat="33.0160297" lon="35.1572318"><ele>82.2</ele><time>2026-03-05T12:08:52Z</time></trkpt>
<trkpt lat="33.0160267" lon="35.1571834"><ele>82.0</ele><time>2026-03-05T12:08:53Z</time></trkpt>
<trkpt lat="33.0160235" lon="35.1571327"><ele>81.9</ele><time>2026-03-05T12:08:54Z</time></trkpt>
<trkpt lat="33.0160209" lon="35.1570803"><ele>81.7</ele><time>2026-03-05T12:08:55Z</time></trkpt>
<trkpt lat="33.0160209" lon="35.1570277"><ele>81.6</ele><time>2026-03-05T12:08:56Z</time></trkpt>
<trkpt lat="33.0160216" lon="35.1569765"><ele>81.5</ele><time>2026-03-05T12:08:57Z</time></trkpt>
<trkpt lat="33.0160225" lon="35.156927"><ele>81.5</ele><time>2026-03-05T12:08:58Z</time></trkpt>
<trkpt lat="33.016022" lon="35.1568788"><ele>81.4</ele><time>2026-03-05T12:08:59Z</time></trkpt>
<trkpt lat="33.0160194" lon="35.1568322"><ele>81.4</ele><time>2026-03-05T12:09:00Z</time></trkpt>
<trkpt lat="33.0160167" lon="35.1567865"><ele>81.4</ele><time>2026-03-05T12:09:01Z</time></trkpt>
<trkpt lat="33.0160135" lon="35.1567428"><ele>81.3</ele><time>2026-03-05T12:09:02Z</time></trkpt>
<trkpt lat="33.0160089" lon="35.1567025"><ele>81.3</ele><time>2026-03-05T12:09:03Z</time></trkpt>
<trkpt lat="33.0160021" lon="35.1566651"><ele>81.3</ele><time>2026-03-05T12:09:04Z</time></trkpt>
<trkpt lat="33.0159955" lon="35.1566308"><ele>81.3</ele><time>2026-03-05T12:09:05Z</time></trkpt>
<trkpt lat="33.0159916" lon="35.1565984"><ele>81.3</ele><time>2026-03-05T12:09:06Z</time></trkpt>
<trkpt lat="33.0159897" lon="35.156567"><ele>81.4</ele><time>2026-03-05T12:09:07Z</time></trkpt>
<trkpt lat="33.0159875" lon="35.1565382"><ele>81.4</ele><time>2026-03-05T12:09:08Z</time></trkpt>
<trkpt lat="33.0159825" lon="35.1565122"><ele>81.4</ele><time>2026-03-05T12:09:09Z</time></trkpt>
<trkpt lat="33.0159756" lon="35.1564871"><ele>81.4</ele><time>2026-03-05T12:09:10Z</time></trkpt>
<trkpt lat="33.0159676" lon="35.1564625"><ele>81.3</ele><time>2026-03-05T12:09:11Z</time></trkpt>
<trkpt lat="33.0159622" lon="35.1564395"><ele>81.3</ele><time>2026-03-05T12:09:12Z</time></trkpt>
<trkpt lat="33.0159635" lon="35.1564176"><ele>81.3</ele><time>2026-03-05T12:09:13Z</time></trkpt>
<trkpt lat="33.0159727" lon="35.1563991"><ele>81.2</ele><time>2026-03-05T12:09:14Z</time></trkpt>
<trkpt lat="33.0159901" lon="35.1563854"><ele>81.2</ele><time>2026-03-05T12:09:15Z</time></trkpt>
<trkpt lat="33.0160131" lon="35.1563759"><ele>81.2</ele><time>2026-03-05T12:09:16Z</time></trkpt>
<trkpt lat="33.0160386" lon="35.1563706"><ele>81.1</ele><time>2026-03-05T12:09:17Z</time></trkpt>
<trkpt lat="33.0161053" lon="35.1563569"><ele>81.1</ele><time>2026-03-05T12:09:20Z</time></trkpt>
<trkpt lat="33.0161307" lon="35.1563489"><ele>81.1</ele><time>2026-03-05T12:09:21Z</time></trkpt>
<trkpt lat="33.0161542" lon="35.1563406"><ele>81.1</ele><time>2026-03-05T12:09:22Z</time></trkpt>
<trkpt lat="33.0161978" lon="35.1563211"><ele>81.0</ele><time>2026-03-05T12:09:23Z</time></trkpt>
<trkpt lat="33.0162158" lon="35.1563066"><ele>81.0</ele><time>2026-03-05T12:09:24Z</time></trkpt>
<trkpt lat="33.0162305" lon="35.1562879"><ele>80.9</ele><time>2026-03-05T12:09:25Z</time></trkpt>
<trkpt lat="33.0162415" lon="35.1562688"><ele>80.9</ele><time>2026-03-05T12:09:26Z</time></trkpt>
<trkpt lat="33.0162477" lon="35.156249"><ele>80.9</ele><time>2026-03-05T12:09:27Z</time></trkpt>
<trkpt lat="33.0162505" lon="35.1562269"><ele>80.9</ele><time>2026-03-05T12:09:28Z</time></trkpt>
<trkpt lat="33.016252" lon="35.1562022"><ele>80.8</ele><time>2026-03-05T12:09:29Z</time></trkpt>
<trkpt lat="33.0162511" lon="35.1561735"><ele>80.8</ele><time>2026-03-05T12:09:30Z</time></trkpt>
<trkpt lat="33.0162461" lon="35.1561419"><ele>80.8</ele><time>2026-03-05T12:09:31Z</time></trkpt>
<trkpt lat="33.0162383" lon="35.1561098"><ele>80.8</ele><time>2026-03-05T12:09:32Z</time></trkpt>
<trkpt lat="33.0162297" lon="35.1560767"><ele>80.7</ele><time>2026-03-05T12:09:33Z</time></trkpt>
<trkpt lat="33.0162212" lon="35.1560446"><ele>80.7</ele><time>2026-03-05T12:09:34Z</time></trkpt>
<trkpt lat="33.0162146" lon="35.156016"><ele>80.7</ele><time>2026-03-05T12:09:35Z</time></trkpt>
<trkpt lat="33.0162103" lon="35.1559897"><ele>80.6</ele><time>2026-03-05T12:09:36Z</time></trkpt>
<trkpt lat="33.0162074" lon="35.1559625"><ele>80.6</ele><time>2026-03-05T12:09:37Z</time></trkpt>
<trkpt lat="33.016205" lon="35.1559333"><ele>80.5</ele><time>2026-03-05T12:09:38Z</time></trkpt>
<trkpt lat="33.0162017" lon="35.1559023"><ele>80.4</ele><time>2026-03-05T12:09:39Z</time></trkpt>
<trkpt lat="33.0161962" lon="35.1558654"><ele>80.3</ele><time>2026-03-05T12:09:40Z</time></trkpt>
<trkpt lat="33.0161885" lon="35.155822"><ele>80.2</ele><time>2026-03-05T12:09:41Z</time></trkpt>
<trkpt lat="33.0161798" lon="35.1557795"><ele>80.1</ele><time>2026-03-05T12:09:42Z</time></trkpt>
<trkpt lat="33.0161707" lon="35.1557388"><ele>80.0</ele><time>2026-03-05T12:09:43Z</time></trkpt>
<trkpt lat="33.0161607" lon="35.1556976"><ele>79.9</ele><time>2026-03-05T12:09:44Z</time></trkpt>
<trkpt lat="33.016151" lon="35.1556578"><ele>79.8</ele><time>2026-03-05T12:09:45Z</time></trkpt>
<trkpt lat="33.0161418" lon="35.1556178"><ele>79.7</ele><time>2026-03-05T12:09:46Z</time></trkpt>
<trkpt lat="33.0161331" lon="35.1555782"><ele>79.6</ele><time>2026-03-05T12:09:47Z</time></trkpt>
<trkpt lat="33.0161269" lon="35.155541"><ele>79.6</ele><time>2026-03-05T12:09:48Z</time></trkpt>
<trkpt lat="33.0161219" lon="35.1555056"><ele>79.5</ele><time>2026-03-05T12:09:49Z</time></trkpt>
<trkpt lat="33.0161156" lon="35.1554743"><ele>79.4</ele><time>2026-03-05T12:09:50Z</time></trkpt>
<trkpt lat="33.0161077" lon="35.1554458"><ele>79.4</ele><time>2026-03-05T12:09:51Z</time></trkpt>
<trkpt lat="33.016098" lon="35.1554166"><ele>79.3</ele><time>2026-03-05T12:09:52Z</time></trkpt>
<trkpt lat="33.0160867" lon="35.1553859"><ele>79.3</ele><time>2026-03-05T12:09:53Z</time></trkpt>
<trkpt lat="33.0160748" lon="35.1553545"><ele>79.3</ele><time>2026-03-05T12:09:54Z</time></trkpt>
<trkpt lat="33.0160632" lon="35.155321"><ele>79.2</ele><time>2026-03-05T12:09:55Z</time></trkpt>
<trkpt lat="33.0160532" lon="35.1552826"><ele>79.2</ele><time>2026-03-05T12:09:56Z</time></trkpt>
<trkpt lat="33.0160454" lon="35.1552388"><ele>79.2</ele><time>2026-03-05T12:09:57Z</time></trkpt>
<trkpt lat="33.0160402" lon="35.1551916"><ele>79.1</ele><time>2026-03-05T12:09:58Z</time></trkpt>
<trkpt lat="33.0160375" lon="35.1551424"><ele>79.0</ele><time>2026-03-05T12:09:59Z</time></trkpt>
<trkpt lat="33.0160368" lon="35.1550924"><ele>78.9</ele><time>2026-03-05T12:10:00Z</time></trkpt>
<trkpt lat="33.016037" lon="35.1550426"><ele>78.8</ele><time>2026-03-05T12:10:01Z</time></trkpt>
<trkpt lat="33.0160378" lon="35.1549942"><ele>78.7</ele><time>2026-03-05T12:10:02Z</time></trkpt>
<trkpt lat="33.0160385" lon="35.1549473"><ele>78.7</ele><time>2026-03-05T12:10:03Z</time></trkpt>
<trkpt lat="33.0160388" lon="35.1549014"><ele>78.6</ele><time>2026-03-05T12:10:04Z</time></trkpt>
<trkpt lat="33.0160386" lon="35.1548569"><ele>78.5</ele><time>2026-03-05T12:10:05Z</time></trkpt>
<trkpt lat="33.0160375" lon="35.1548144"><ele>78.4</ele><time>2026-03-05T12:10:06Z</time></trkpt>
<trkpt lat="33.0160347" lon="35.1547743"><ele>78.3</ele><time>2026-03-05T12:10:07Z</time></trkpt>
<trkpt lat="33.0160289" lon="35.1547393"><ele>78.3</ele><time>2026-03-05T12:10:08Z</time></trkpt>
<trkpt lat="33.0160189" lon="35.1547107"><ele>78.2</ele><time>2026-03-05T12:10:09Z</time></trkpt>
<trkpt lat="33.0160036" lon="35.1546884"><ele>78.2</ele><time>2026-03-05T12:10:10Z</time></trkpt>
<trkpt lat="33.0159836" lon="35.154673"><ele>78.2</ele><time>2026-03-05T12:10:11Z</time></trkpt>
<trkpt lat="33.0159607" lon="35.1546666"><ele>78.1</ele><time>2026-03-05T12:10:12Z</time></trkpt>
<trkpt lat="33.0159373" lon="35.1546702"><ele>78.1</ele><time>2026-03-05T12:10:13Z</time></trkpt>
<trkpt lat="33.0159158" lon="35.1546838"><ele>78.1</ele><time>2026-03-05T12:10:14Z</time></trkpt>
<trkpt lat="33.0158985" lon="35.1547068"><ele>78.1</ele><time>2026-03-05T12:10:15Z</time></trkpt>
<trkpt lat="33.0158873" lon="35.1547382"><ele>78.1</ele><time>2026-03-05T12:10:16Z</time></trkpt>
<trkpt lat="33.0158835" lon="35.1547755"><ele>78.1</ele><time>2026-03-05T12:10:17Z</time></trkpt>
<trkpt lat="33.015884" lon="35.1548174"><ele>78.2</ele><time>2026-03-05T12:10:18Z</time></trkpt>
<trkpt lat="33.0158849" lon="35.1548634"><ele>78.2</ele><time>2026-03-05T12:10:19Z</time></trkpt>
<trkpt lat="33.0158853" lon="35.154912"><ele>78.2</ele><time>2026-03-05T12:10:20Z</time></trkpt>
<trkpt lat="33.0158841" lon="35.1549595"><ele>78.3</ele><time>2026-03-05T12:10:21Z</time></trkpt>
<trkpt lat="33.0158815" lon="35.1550056"><ele>78.3</ele><time>2026-03-05T12:10:22Z</time></trkpt>
<trkpt lat="33.0158784" lon="35.1550518"><ele>78.4</ele><time>2026-03-05T12:10:23Z</time></trkpt>
<trkpt lat="33.0158752" lon="35.1550968"><ele>78.4</ele><time>2026-03-05T12:10:24Z</time></trkpt>
<trkpt lat="33.0158711" lon="35.1551397"><ele>78.5</ele><time>2026-03-05T12:10:25Z</time></trkpt>
<trkpt lat="33.015866" lon="35.1551828"><ele>78.6</ele><time>2026-03-05T12:10:26Z</time></trkpt>
<trkpt lat="33.0158601" lon="35.1552273"><ele>78.6</ele><time>2026-03-05T12:10:27Z</time></trkpt>
<trkpt lat="33.015853" lon="35.155271"><ele>78.7</ele><time>2026-03-05T12:10:28Z</time></trkpt>
<trkpt lat="33.0158434" lon="35.1553111"><ele>78.8</ele><time>2026-03-05T12:10:29Z</time></trkpt>
<trkpt lat="33.015831" lon="35.155348"><ele>78.9</ele><time>2026-03-05T12:10:30Z</time></trkpt>
<trkpt lat="33.0158161" lon="35.1553827"><ele>78.9</ele><time>2026-03-05T12:10:31Z</time></trkpt>
<trkpt lat="33.0157991" lon="35.1554139"><ele>79.0</ele><time>2026-03-05T12:10:32Z</time></trkpt>
<trkpt lat="33.0157808" lon="35.1554404"><ele>79.1</ele><time>2026-03-05T12:10:33Z</time></trkpt>
<trkpt lat="33.0157629" lon="35.1554607"><ele>79.2</ele><time>2026-03-05T12:10:34Z</time></trkpt>
<trkpt lat="33.0157485" lon="35.1554734"><ele>79.3</ele><time>2026-03-05T12:10:35Z</time></trkpt>
<trkpt lat="33.0157393" lon="35.1554796"><ele>79.4</ele><time>2026-03-05T12:10:36Z</time></trkpt>
<trkpt lat="33.0157347" lon="35.1554816"><ele>79.4</ele><time>2026-03-05T12:10:37Z</time></trkpt>
<trkpt lat="33.0157329" lon="35.1554816"><ele>79.5</ele><time>2026-03-05T12:10:38Z</time></trkpt>
<trkpt lat="33.0157321" lon="35.1554811"><ele>79.6</ele><time>2026-03-05T12:10:39Z</time></trkpt>
<trkpt lat="33.0157318" lon="35.1554804"><ele>79.6</ele><time>2026-03-05T12:10:40Z</time></trkpt>
<trkpt lat="33.0157315" lon="35.1554798"><ele>79.7</ele><time>2026-03-05T12:10:41Z</time></trkpt>
<trkpt lat="33.0157313" lon="35.1554792"><ele>79.7</ele><time>2026-03-05T12:10:42Z</time></trkpt>
<trkpt lat="33.015731" lon="35.1554788"><ele>79.7</ele><time>2026-03-05T12:10:43Z</time></trkpt>
<trkpt lat="33.0157305" lon="35.1554785"><ele>79.8</ele><time>2026-03-05T12:10:44Z</time></trkpt>
<trkpt lat="33.0157297" lon="35.1554783"><ele>79.8</ele><time>2026-03-05T12:10:45Z</time></trkpt>
<trkpt lat="33.0157287" lon="35.1554782"><ele>79.8</ele><time>2026-03-05T12:10:46Z</time></trkpt>
<trkpt lat="33.0157275" lon="35.1554782"><ele>79.8</ele><time>2026-03-05T12:10:47Z</time></trkpt>
<trkpt lat="33.015726" lon="35.1554783"><ele>79.9</ele><time>2026-03-05T12:10:48Z</time></trkpt>
<trkpt lat="33.0157243" lon="35.1554786"><ele>79.9</ele><time>2026-03-05T12:10:49Z</time></trkpt>
<trkpt lat="33.0157221" lon="35.1554789"><ele>79.9</ele><time>2026-03-05T12:10:50Z</time></trkpt>
<trkpt lat="33.0157194" lon="35.1554793"><ele>79.9</ele><time>2026-03-05T12:10:51Z</time></trkpt>
<trkpt lat="33.0157159" lon="35.1554798"><ele>79.9</ele><time>2026-03-05T12:10:52Z</time></trkpt>
<trkpt lat="33.015711" lon="35.1554801"><ele>80.0</ele><time>2026-03-05T12:10:53Z</time></trkpt>
<trkpt lat="33.0157024" lon="35.15548"><ele>80.0</ele><time>2026-03-05T12:10:54Z</time></trkpt>
<trkpt lat="33.015689" lon="35.1554805"><ele>80.0</ele><time>2026-03-05T12:10:55Z</time></trkpt>
<trkpt lat="33.0156697" lon="35.1554838"><ele>80.0</ele><time>2026-03-05T12:10:56Z</time></trkpt>
<trkpt lat="33.0156443" lon="35.1554901"><ele>80.0</ele><time>2026-03-05T12:10:57Z</time></trkpt>
<trkpt lat="33.0156152" lon="35.1554977"><ele>80.0</ele><time>2026-03-05T12:10:58Z</time></trkpt>
<trkpt lat="33.0155824" lon="35.1555046"><ele>80.0</ele><time>2026-03-05T12:10:59Z</time></trkpt>
<trkpt lat="33.0155457" lon="35.1555093"><ele>80.0</ele><time>2026-03-05T12:11:00Z</time></trkpt>
<trkpt lat="33.015506" lon="35.1555117"><ele>80.0</ele><time>2026-03-05T12:11:01Z</time></trkpt>
<trkpt lat="33.0154654" lon="35.155513"><ele>79.9</ele><time>2026-03-05T12:11:02Z</time></trkpt>
<trkpt lat="33.0154255" lon="35.1555122"><ele>79.9</ele><time>2026-03-05T12:11:03Z</time></trkpt>
<trkpt lat="33.015385" lon="35.1555087"><ele>79.9</ele><time>2026-03-05T12:11:04Z</time></trkpt>
<trkpt lat="33.0153448" lon="35.1555021"><ele>79.8</ele><time>2026-03-05T12:11:05Z</time></trkpt>
<trkpt lat="33.0153053" lon="35.1554914"><ele>79.8</ele><time>2026-03-05T12:11:06Z</time></trkpt>
<trkpt lat="33.0152672" lon="35.1554769"><ele>79.8</ele><time>2026-03-05T12:11:07Z</time></trkpt>
<trkpt lat="33.0152291" lon="35.1554586"><ele>79.8</ele><time>2026-03-05T12:11:08Z</time></trkpt>
<trkpt lat="33.0151912" lon="35.1554362"><ele>79.8</ele><time>2026-03-05T12:11:09Z</time></trkpt>
<trkpt lat="33.015155" lon="35.1554107"><ele>79.8</ele><time>2026-03-05T12:11:10Z</time></trkpt>
<trkpt lat="33.0151191" lon="35.155383"><ele>79.8</ele><time>2026-03-05T12:11:11Z</time></trkpt>
<trkpt lat="33.0150824" lon="35.1553534"><ele>79.9</ele><time>2026-03-05T12:11:12Z</time></trkpt>
<trkpt lat="33.0150445" lon="35.1553231"><ele>79.9</ele><time>2026-03-05T12:11:13Z</time></trkpt>
<trkpt lat="33.0150076" lon="35.155294"><ele>80.0</ele><time>2026-03-05T12:11:14Z</time></trkpt>
<trkpt lat="33.0149712" lon="35.1552653"><ele>80.0</ele><time>2026-03-05T12:11:15Z</time></trkpt>
<trkpt lat="33.0149341" lon="35.1552365"><ele>80.1</ele><time>2026-03-05T12:11:16Z</time></trkpt>
<trkpt lat="33.0148974" lon="35.1552087"><ele>80.2</ele><time>2026-03-05T12:11:17Z</time></trkpt>
<trkpt lat="33.0148602" lon="35.1551823"><ele>80.3</ele><time>2026-03-05T12:11:18Z</time></trkpt>
<trkpt lat="33.0148234" lon="35.1551574"><ele>80.3</ele><time>2026-03-05T12:11:19Z</time></trkpt>
<trkpt lat="33.0147883" lon="35.1551344"><ele>80.4</ele><time>2026-03-05T12:11:20Z</time></trkpt>
<trkpt lat="33.014754" lon="35.1551122"><ele>80.5</ele><time>2026-03-05T12:11:21Z</time></trkpt>
<trkpt lat="33.0147208" lon="35.1550907"><ele>80.6</ele><time>2026-03-05T12:11:22Z</time></trkpt>
<trkpt lat="33.0146882" lon="35.1550701"><ele>80.7</ele><time>2026-03-05T12:11:23Z</time></trkpt>
<trkpt lat="33.0146558" lon="35.1550497"><ele>80.8</ele><time>2026-03-05T12:11:24Z</time></trkpt>
<trkpt lat="33.0146239" lon="35.1550298"><ele>80.9</ele><time>2026-03-05T12:11:25Z</time></trkpt>
<trkpt lat="33.0145914" lon="35.1550109"><ele>81.0</ele><time>2026-03-05T12:11:26Z</time></trkpt>
<trkpt lat="33.0145579" lon="35.1549937"><ele>81.1</ele><time>2026-03-05T12:11:27Z</time></trkpt>
<trkpt lat="33.0145249" lon="35.1549795"><ele>81.1</ele><time>2026-03-05T12:11:28Z</time></trkpt>
<trkpt lat="33.0144928" lon="35.1549695"><ele>81.2</ele><time>2026-03-05T12:11:29Z</time></trkpt>
<trkpt lat="33.0144628" lon="35.1549638"><ele>81.3</ele><time>2026-03-05T12:11:30Z</time></trkpt>
<trkpt lat="33.014438" lon="35.1549612"><ele>81.4</ele><time>2026-03-05T12:11:31Z</time></trkpt>
<trkpt lat="33.0144181" lon="35.1549599"><ele>81.4</ele><time>2026-03-05T12:11:32Z</time></trkpt>
<trkpt lat="33.0144015" lon="35.1549596"><ele>81.5</ele><time>2026-03-05T12:11:33Z</time></trkpt>
<trkpt lat="33.014388" lon="35.1549601"><ele>81.6</ele><time>2026-03-05T12:11:34Z</time></trkpt>
<trkpt lat="33.0143767" lon="35.1549609"><ele>81.7</ele><time>2026-03-05T12:11:35Z</time></trkpt>
<trkpt lat="33.0143659" lon="35.1549619"><ele>81.7</ele><time>2026-03-05T12:11:36Z</time></trkpt>
<trkpt lat="33.0143544" lon="35.154962"><ele>81.8</ele><time>2026-03-05T12:11:37Z</time></trkpt>
<trkpt lat="33.0143426" lon="35.1549605"><ele>81.8</ele><time>2026-03-05T12:11:38Z</time></trkpt>
<trkpt lat="33.0143314" lon="35.1549586"><ele>81.9</ele><time>2026-03-05T12:11:39Z</time></trkpt>
<trkpt lat="33.0143229" lon="35.1549571"><ele>81.9</ele><time>2026-03-05T12:11:40Z</time></trkpt>
<trkpt lat="33.0143183" lon="35.1549561"><ele>82.0</ele><time>2026-03-05T12:11:41Z</time></trkpt>
<trkpt lat="33.0143157" lon="35.1549551"><ele>82.0</ele><time>2026-03-05T12:11:42Z</time></trkpt>
<trkpt lat="33.014314" lon="35.1549543"><ele>82.0</ele><time>2026-03-05T12:11:43Z</time></trkpt>
<trkpt lat="33.014313" lon="35.1549536"><ele>82.1</ele><time>2026-03-05T12:11:44Z</time></trkpt>
<trkpt lat="33.0143122" lon="35.154953"><ele>82.1</ele><time>2026-03-05T12:11:45Z</time></trkpt>
<trkpt lat="33.0143116" lon="35.1549524"><ele>82.1</ele><time>2026-03-05T12:11:46Z</time></trkpt>
<trkpt lat="33.014311" lon="35.1549519"><ele>82.1</ele><time>2026-03-05T12:11:47Z</time></trkpt>
<trkpt lat="33.0143104" lon="35.1549514"><ele>82.2</ele><time>2026-03-05T12:11:48Z</time></trkpt>
<trkpt lat="33.0143098" lon="35.1549509"><ele>82.2</ele><time>2026-03-05T12:11:49Z</time></trkpt>
<trkpt lat="33.0143091" lon="35.1549504"><ele>82.2</ele><time>2026-03-05T12:11:50Z</time></trkpt>
<trkpt lat="33.0143084" lon="35.1549498"><ele>82.2</ele><time>2026-03-05T12:11:51Z</time></trkpt>
<trkpt lat="33.0143075" lon="35.1549493"><ele>82.2</ele><time>2026-03-05T12:11:52Z</time></trkpt>
<trkpt lat="33.0143067" lon="35.1549487"><ele>82.2</ele><time>2026-03-05T12:11:53Z</time></trkpt>
<trkpt lat="33.014306" lon="35.1549483"><ele>82.2</ele><time>2026-03-05T12:11:54Z</time></trkpt>
<trkpt lat="33.0143054" lon="35.1549479"><ele>82.2</ele><time>2026-03-05T12:11:55Z</time></trkpt>
<trkpt lat="33.0143048" lon="35.1549475"><ele>82.2</ele><time>2026-03-05T12:11:56Z</time></trkpt>
<trkpt lat="33.0143043" lon="35.1549472"><ele>82.2</ele><time>2026-03-05T12:11:57Z</time></trkpt>
<trkpt lat="33.0143039" lon="35.1549469"><ele>82.2</ele><time>2026-03-05T12:11:58Z</time></trkpt>
<trkpt lat="33.0143035" lon="35.1549466"><ele>82.2</ele><time>2026-03-05T12:11:59Z</time></trkpt>
<trkpt lat="33.014303" lon="35.1549464"><ele>82.2</ele><time>2026-03-05T12:12:00Z</time></trkpt>
<trkpt lat="33.0143026" lon="35.1549462"><ele>82.2</ele><time>2026-03-05T12:12:01Z</time></trkpt>
<trkpt lat="33.0143021" lon="35.154946"><ele>82.2</ele><time>2026-03-05T12:12:02Z</time></trkpt>
<trkpt lat="33.0143015" lon="35.1549458"><ele>82.2</ele><time>2026-03-05T12:12:03Z</time></trkpt>
<trkpt lat="33.0143006" lon="35.1549456"><ele>82.2</ele><time>2026-03-05T12:12:04Z</time></trkpt>
<trkpt lat="33.0142998" lon="35.1549454"><ele>82.2</ele><time>2026-03-05T12:12:05Z</time></trkpt>
<trkpt lat="33.014299" lon="35.1549452"><ele>82.2</ele><time>2026-03-05T12:12:06Z</time></trkpt>
<trkpt lat="33.0142982" lon="35.1549451"><ele>82.2</ele><time>2026-03-05T12:12:07Z</time></trkpt>
<trkpt lat="33.0142973" lon="35.154945"><ele>82.2</ele><time>2026-03-05T12:12:08Z</time></trkpt>
<trkpt lat="33.0142963" lon="35.1549448"><ele>82.2</ele><time>2026-03-05T12:12:09Z</time></trkpt>
<trkpt lat="33.014295" lon="35.1549446"><ele>82.2</ele><time>2026-03-05T12:12:10Z</time></trkpt>
<trkpt lat="33.0142929" lon="35.1549444"><ele>82.2</ele><time>2026-03-05T12:12:11Z</time></trkpt>
<trkpt lat="33.0142887" lon="35.154944"><ele>82.2</ele><time>2026-03-05T12:12:12Z</time></trkpt>
<trkpt lat="33.0142814" lon="35.1549435"><ele>82.2</ele><time>2026-03-05T12:12:13Z</time></trkpt>
<trkpt lat="33.0142718" lon="35.1549435"><ele>82.2</ele><time>2026-03-05T12:12:14Z</time></trkpt>
<trkpt lat="33.014261" lon="35.1549435"><ele>82.2</ele><time>2026-03-05T12:12:15Z</time></trkpt>
<trkpt lat="33.0142492" lon="35.1549433"><ele>82.2</ele><time>2026-03-05T12:12:16Z</time></trkpt>
<trkpt lat="33.0142344" lon="35.1549431"><ele>82.2</ele><time>2026-03-05T12:12:17Z</time></trkpt>
<trkpt lat="33.0142177" lon="35.1549429"><ele>82.2</ele><time>2026-03-05T12:12:18Z</time></trkpt>
<trkpt lat="33.0141992" lon="35.1549423"><ele>82.2</ele><time>2026-03-05T12:12:19Z</time></trkpt>
<trkpt lat="33.0141771" lon="35.1549404"><ele>82.2</ele><time>2026-03-05T12:12:20Z</time></trkpt>
<trkpt lat="33.0141518" lon="35.1549372"><ele>82.2</ele><time>2026-03-05T12:12:21Z</time></trkpt>
<trkpt lat="33.014124" lon="35.1549341"><ele>82.2</ele><time>2026-03-05T12:12:22Z</time></trkpt>
<trkpt lat="33.0140942" lon="35.1549305"><ele>82.2</ele><time>2026-03-05T12:12:23Z</time></trkpt>
<trkpt lat="33.0140628" lon="35.1549259"><ele>82.3</ele><time>2026-03-05T12:12:24Z</time></trkpt>
<trkpt lat="33.0140306" lon="35.15492"><ele>82.3</ele><time>2026-03-05T12:12:25Z</time></trkpt>
<trkpt lat="33.0139982" lon="35.1549108"><ele>82.4</ele><time>2026-03-05T12:12:26Z</time></trkpt>
<trkpt lat="33.0139645" lon="35.1548988"><ele>82.4</ele><time>2026-03-05T12:12:27Z</time></trkpt>
<trkpt lat="33.013929" lon="35.154886"><ele>82.4</ele><time>2026-03-05T12:12:28Z</time></trkpt>
<trkpt lat="33.0138926" lon="35.154873"><ele>82.5</ele><time>2026-03-05T12:12:29Z</time></trkpt>
<trkpt lat="33.0138564" lon="35.1548601"><ele>82.5</ele><time>2026-03-05T12:12:30Z</time></trkpt>
<trkpt lat="33.0138189" lon="35.1548461"><ele>82.5</ele><time>2026-03-05T12:12:31Z</time></trkpt>
<trkpt lat="33.0137781" lon="35.1548302"><ele>82.5</ele><time>2026-03-05T12:12:32Z</time></trkpt>
<trkpt lat="33.0137357" lon="35.1548136"><ele>82.5</ele><time>2026-03-05T12:12:33Z</time></trkpt>
<trkpt lat="33.0136931" lon="35.1547963"><ele>82.5</ele><time>2026-03-05T12:12:34Z</time></trkpt>
<trkpt lat="33.0136513" lon="35.1547761"><ele>82.5</ele><time>2026-03-05T12:12:35Z</time></trkpt>
<trkpt lat="33.0136116" lon="35.1547532"><ele>82.4</ele><time>2026-03-05T12:12:36Z</time></trkpt>
<trkpt lat="33.0135725" lon="35.1547302"><ele>82.4</ele><time>2026-03-05T12:12:37Z</time></trkpt>
<trkpt lat="33.0135337" lon="35.1547078"><ele>82.3</ele><time>2026-03-05T12:12:38Z</time></trkpt>
<trkpt lat="33.0134953" lon="35.1546859"><ele>82.2</ele><time>2026-03-05T12:12:39Z</time></trkpt>
<trkpt lat="33.0134571" lon="35.1546652"><ele>82.1</ele><time>2026-03-05T12:12:40Z</time></trkpt>
<trkpt lat="33.0134185" lon="35.1546455"><ele>82.0</ele><time>2026-03-05T12:12:41Z</time></trkpt>
<trkpt lat="33.0133785" lon="35.1546271"><ele>81.9</ele><time>2026-03-05T12:12:42Z</time></trkpt>
<trkpt lat="33.013339" lon="35.1546099"><ele>81.8</ele><time>2026-03-05T12:12:43Z</time></trkpt>
<trkpt lat="33.0133028" lon="35.1545928"><ele>81.7</ele><time>2026-03-05T12:12:44Z</time></trkpt>
<trkpt lat="33.0132733" lon="35.1545757"><ele>81.5</ele><time>2026-03-05T12:12:45Z</time></trkpt>
<trkpt lat="33.0132514" lon="35.1545606"><ele>81.4</ele><time>2026-03-05T12:12:46Z</time></trkpt>
<trkpt lat="33.0132366" lon="35.1545495"><ele>81.3</ele><time>2026-03-05T12:12:47Z</time></trkpt>
<trkpt lat="33.0132289" lon="35.1545433"><ele>81.2</ele><time>2026-03-05T12:12:48Z</time></trkpt>
<trkpt lat="33.0132265" lon="35.1545412"><ele>81.1</ele><time>2026-03-05T12:12:49Z</time></trkpt>
<trkpt lat="33.0132266" lon="35.1545413"><ele>81.1</ele><time>2026-03-05T12:12:50Z</time></trkpt>
<trkpt lat="33.0132275" lon="35.1545421"><ele>81.0</ele><time>2026-03-05T12:12:51Z</time></trkpt>
<trkpt lat="33.0132286" lon="35.154543"><ele>81.0</ele><time>2026-03-05T12:12:52Z</time></trkpt>
<trkpt lat="33.0132295" lon="35.1545438"><ele>80.9</ele><time>2026-03-05T12:12:53Z</time></trkpt>
<trkpt lat="33.0132302" lon="35.1545444"><ele>80.9</ele><time>2026-03-05T12:12:54Z</time></trkpt>
<trkpt lat="33.0132307" lon="35.1545448"><ele>80.9</ele><time>2026-03-05T12:12:55Z</time></trkpt>
<trkpt lat="33.0132311" lon="35.154545"><ele>80.9</ele><time>2026-03-05T12:12:56Z</time></trkpt>
<trkpt lat="33.0132311" lon="35.154545"><ele>80.9</ele><time>2026-03-05T12:12:57Z</time></trkpt>
<trkpt lat="33.0132309" lon="35.1545447"><ele>80.9</ele><time>2026-03-05T12:12:58Z</time></trkpt>
<trkpt lat="33.0132304" lon="35.1545443"><ele>81.0</ele><time>2026-03-05T12:12:59Z</time></trkpt>
<trkpt lat="33.0132297" lon="35.1545437"><ele>81.0</ele><time>2026-03-05T12:13:00Z</time></trkpt>
<trkpt lat="33.0132286" lon="35.1545428"><ele>81.0</ele><time>2026-03-05T12:13:01Z</time></trkpt>
<trkpt lat="33.0132267" lon="35.1545415"><ele>81.0</ele><time>2026-03-05T12:13:02Z</time></trkpt>
<trkpt lat="33.0132229" lon="35.1545392"><ele>81.0</ele><time>2026-03-05T12:13:03Z</time></trkpt>
<trkpt lat="33.0132163" lon="35.154536"><ele>81.0</ele><time>2026-03-05T12:13:04Z</time></trkpt>
<trkpt lat="33.0132072" lon="35.1545311"><ele>81.0</ele><time>2026-03-05T12:13:05Z</time></trkpt>
<trkpt lat="33.0131953" lon="35.1545232"><ele>81.0</ele><time>2026-03-05T12:13:06Z</time></trkpt>
<trkpt lat="33.0131805" lon="35.154513"><ele>81.0</ele><time>2026-03-05T12:13:07Z</time></trkpt>
<trkpt lat="33.0131627" lon="35.1545008"><ele>81.0</ele><time>2026-03-05T12:13:08Z</time></trkpt>
<trkpt lat="33.0131425" lon="35.1544868"><ele>81.0</ele><time>2026-03-05T12:13:09Z</time></trkpt>
<trkpt lat="33.0131202" lon="35.1544721"><ele>80.9</ele><time>2026-03-05T12:13:10Z</time></trkpt>
<trkpt lat="33.0130967" lon="35.1544561"><ele>80.9</ele><time>2026-03-05T12:13:11Z</time></trkpt>
<trkpt lat="33.0130729" lon="35.1544394"><ele>80.9</ele><time>2026-03-05T12:13:12Z</time></trkpt>
<trkpt lat="33.013049" lon="35.1544228"><ele>80.9</ele><time>2026-03-05T12:13:13Z</time></trkpt>
<trkpt lat="33.013025" lon="35.1544065"><ele>80.9</ele><time>2026-03-05T12:13:14Z</time></trkpt>
<trkpt lat="33.0130004" lon="35.154391"><ele>80.8</ele><time>2026-03-05T12:13:15Z</time></trkpt>
<trkpt lat="33.0129755" lon="35.1543766"><ele>80.8</ele><time>2026-03-05T12:13:16Z</time></trkpt>
<trkpt lat="33.0129502" lon="35.1543624"><ele>80.8</ele><time>2026-03-05T12:13:17Z</time></trkpt>
<trkpt lat="33.0129247" lon="35.1543481"><ele>80.8</ele><time>2026-03-05T12:13:18Z</time></trkpt>
<trkpt lat="33.0128981" lon="35.1543333"><ele>80.7</ele><time>2026-03-05T12:13:19Z</time></trkpt>
<trkpt lat="33.0128687" lon="35.1543176"><ele>80.7</ele><time>2026-03-05T12:13:20Z</time></trkpt>
<trkpt lat="33.0128374" lon="35.1543008"><ele>80.7</ele><time>2026-03-05T12:13:21Z</time></trkpt>
<trkpt lat="33.0128055" lon="35.1542834"><ele>80.6</ele><time>2026-03-05T12:13:22Z</time></trkpt>
<trkpt lat="33.0127728" lon="35.1542664"><ele>80.6</ele><time>2026-03-05T12:13:23Z</time></trkpt>
<trkpt lat="33.0127409" lon="35.1542503"><ele>80.5</ele><time>2026-03-05T12:13:24Z</time></trkpt>
<trkpt lat="33.0127099" lon="35.1542348"><ele>80.5</ele><time>2026-03-05T12:13:25Z</time></trkpt>
<trkpt lat="33.0126795" lon="35.1542181"><ele>80.5</ele><time>2026-03-05T12:13:26Z</time></trkpt>
<trkpt lat="33.0126487" lon="35.1541996"><ele>80.4</ele><time>2026-03-05T12:13:27Z</time></trkpt>
<trkpt lat="33.0126165" lon="35.1541807"><ele>80.4</ele><time>2026-03-05T12:13:28Z</time></trkpt>
<trkpt lat="33.012582" lon="35.1541629"><ele>80.3</ele><time>2026-03-05T12:13:29Z</time></trkpt>
<trkpt lat="33.0125455" lon="35.1541438"><ele>80.2</ele><time>2026-03-05T12:13:30Z</time></trkpt>
<trkpt lat="33.0125084" lon="35.1541234"><ele>80.2</ele><time>2026-03-05T12:13:31Z</time></trkpt>
<trkpt lat="33.0124709" lon="35.1541036"><ele>80.1</ele><time>2026-03-05T12:13:32Z</time></trkpt>
<trkpt lat="33.012433" lon="35.1540847"><ele>80.0</ele><time>2026-03-05T12:13:33Z</time></trkpt>
<trkpt lat="33.0123951" lon="35.154067"><ele>80.0</ele><time>2026-03-05T12:13:34Z</time></trkpt>
<trkpt lat="33.0123566" lon="35.1540507"><ele>79.9</ele><time>2026-03-05T12:13:35Z</time></trkpt>
<trkpt lat="33.0123166" lon="35.1540357"><ele>79.9</ele><time>2026-03-05T12:13:36Z</time></trkpt>
<trkpt lat="33.0122756" lon="35.1540215"><ele>79.8</ele><time>2026-03-05T12:13:37Z</time></trkpt>
<trkpt lat="33.0122348" lon="35.1540072"><ele>79.8</ele><time>2026-03-05T12:13:38Z</time></trkpt>
<trkpt lat="33.0121942" lon="35.1539925"><ele>79.8</ele><time>2026-03-05T12:13:39Z</time></trkpt>
<trkpt lat="33.0121536" lon="35.1539779"><ele>79.7</ele><time>2026-03-05T12:13:40Z</time></trkpt>
<trkpt lat="33.0121126" lon="35.1539637"><ele>79.7</ele><time>2026-03-05T12:13:41Z</time></trkpt>
<trkpt lat="33.0120698" lon="35.15395"><ele>79.7</ele><time>2026-03-05T12:13:42Z</time></trkpt>
<trkpt lat="33.0120257" lon="35.1539369"><ele>79.7</ele><time>2026-03-05T12:13:43Z</time></trkpt>
<trkpt lat="33.0119814" lon="35.1539247"><ele>79.7</ele><time>2026-03-05T12:13:44Z</time></trkpt>
<trkpt lat="33.0119367" lon="35.1539142"><ele>79.6</ele><time>2026-03-05T12:13:45Z</time></trkpt>
<trkpt lat="33.0118915" lon="35.1539054"><ele>79.6</ele><time>2026-03-05T12:13:46Z</time></trkpt>
<trkpt lat="33.0118464" lon="35.1538983"><ele>79.6</ele><time>2026-03-05T12:13:47Z</time></trkpt>
<trkpt lat="33.0118024" lon="35.1538943"><ele>79.6</ele><time>2026-03-05T12:13:48Z</time></trkpt>
<trkpt lat="33.0117597" lon="35.1538938"><ele>79.6</ele><time>2026-03-05T12:13:49Z</time></trkpt>
<trkpt lat="33.0117184" lon="35.1538957"><ele>79.7</ele><time>2026-03-05T12:13:50Z</time></trkpt>
<trkpt lat="33.0116777" lon="35.1538991"><ele>79.7</ele><time>2026-03-05T12:13:51Z</time></trkpt>
<trkpt lat="33.0116368" lon="35.1539057"><ele>79.7</ele><time>2026-03-05T12:13:52Z</time></trkpt>
<trkpt lat="33.0115955" lon="35.1539165"><ele>79.7</ele><time>2026-03-05T12:13:53Z</time></trkpt>
<trkpt lat="33.0115537" lon="35.1539303"><ele>79.7</ele><time>2026-03-05T12:13:54Z</time></trkpt>
<trkpt lat="33.0115119" lon="35.1539468"><ele>79.7</ele><time>2026-03-05T12:13:55Z</time></trkpt>
<trkpt lat="33.0114718" lon="35.153966"><ele>79.7</ele><time>2026-03-05T12:13:56Z</time></trkpt>
<trkpt lat="33.011433" lon="35.1539874"><ele>79.7</ele><time>2026-03-05T12:13:57Z</time></trkpt>
<trkpt lat="33.0113939" lon="35.1540101"><ele>79.6</ele><time>2026-03-05T12:13:58Z</time></trkpt>
<trkpt lat="33.0113551" lon="35.1540327"><ele>79.6</ele><time>2026-03-05T12:13:59Z</time></trkpt>
<trkpt lat="33.0113164" lon="35.1540549"><ele>79.5</ele><time>2026-03-05T12:14:00Z</time></trkpt>
<trkpt lat="33.0112777" lon="35.1540777"><ele>79.5</ele><time>2026-03-05T12:14:01Z</time></trkpt>
<trkpt lat="33.0112401" lon="35.1541"><ele>79.4</ele><time>2026-03-05T12:14:02Z</time></trkpt>
<trkpt lat="33.0112038" lon="35.1541222"><ele>79.3</ele><time>2026-03-05T12:14:03Z</time></trkpt>
<trkpt lat="33.0111685" lon="35.154146"><ele>79.3</ele><time>2026-03-05T12:14:04Z</time></trkpt>
<trkpt lat="33.0111354" lon="35.1541715"><ele>79.2</ele><time>2026-03-05T12:14:05Z</time></trkpt>
<trkpt lat="33.0111049" lon="35.1542006"><ele>79.1</ele><time>2026-03-05T12:14:06Z</time></trkpt>
<trkpt lat="33.0110786" lon="35.1542346"><ele>79.0</ele><time>2026-03-05T12:14:07Z</time></trkpt>
<trkpt lat="33.0110565" lon="35.1542742"><ele>78.8</ele><time>2026-03-05T12:14:08Z</time></trkpt>
<trkpt lat="33.011038" lon="35.1543211"><ele>78.7</ele><time>2026-03-05T12:14:09Z</time></trkpt>
<trkpt lat="33.0110229" lon="35.1543747"><ele>78.5</ele><time>2026-03-05T12:14:10Z</time></trkpt>
<trkpt lat="33.0110102" lon="35.1544321"><ele>78.3</ele><time>2026-03-05T12:14:11Z</time></trkpt>
<trkpt lat="33.010998" lon="35.1544906"><ele>78.0</ele><time>2026-03-05T12:14:12Z</time></trkpt>
<trkpt lat="33.0109845" lon="35.1545504"><ele>77.7</ele><time>2026-03-05T12:14:13Z</time></trkpt>
<trkpt lat="33.0109683" lon="35.1546129"><ele>77.3</ele><time>2026-03-05T12:14:14Z</time></trkpt>
<trkpt lat="33.0109459" lon="35.1546774"><ele>76.9</ele><time>2026-03-05T12:14:15Z</time></trkpt>
<trkpt lat="33.0109163" lon="35.154741"><ele>76.5</ele><time>2026-03-05T12:14:16Z</time></trkpt>
<trkpt lat="33.0108839" lon="35.1548032"><ele>76.1</ele><time>2026-03-05T12:14:17Z</time></trkpt>
<trkpt lat="33.0108533" lon="35.1548684"><ele>75.6</ele><time>2026-03-05T12:14:18Z</time></trkpt>
<trkpt lat="33.0108271" lon="35.1549372"><ele>75.2</ele><time>2026-03-05T12:14:19Z</time></trkpt>
<trkpt lat="33.0108055" lon="35.1550066"><ele>74.8</ele><time>2026-03-05T12:14:20Z</time></trkpt>
<trkpt lat="33.0107913" lon="35.1550776"><ele>74.4</ele><time>2026-03-05T12:14:21Z</time></trkpt>
<trkpt lat="33.0107933" lon="35.1551476"><ele>74.1</ele><time>2026-03-05T12:14:22Z</time></trkpt>
<trkpt lat="33.0108076" lon="35.1552111"><ele>73.9</ele><time>2026-03-05T12:14:23Z</time></trkpt>
<trkpt lat="33.0108256" lon="35.1552665"><ele>73.7</ele><time>2026-03-05T12:14:24Z</time></trkpt>
<trkpt lat="33.0108492" lon="35.1553125"><ele>73.5</ele><time>2026-03-05T12:14:25Z</time></trkpt>
<trkpt lat="33.0108789" lon="35.1553483"><ele>73.5</ele><time>2026-03-05T12:14:26Z</time></trkpt>
<trkpt lat="33.010914" lon="35.1553744"><ele>73.5</ele><time>2026-03-05T12:14:27Z</time></trkpt>
<trkpt lat="33.0109532" lon="35.1553929"><ele>73.5</ele><time>2026-03-05T12:14:28Z</time></trkpt>
<trkpt lat="33.0109951" lon="35.1554064"><ele>73.6</ele><time>2026-03-05T12:14:29Z</time></trkpt>
<trkpt lat="33.0110389" lon="35.1554175"><ele>73.7</ele><time>2026-03-05T12:14:30Z</time></trkpt>
<trkpt lat="33.0110839" lon="35.1554274"><ele>73.8</ele><time>2026-03-05T12:14:31Z</time></trkpt>
<trkpt lat="33.0111282" lon="35.1554373"><ele>73.9</ele><time>2026-03-05T12:14:32Z</time></trkpt>
<trkpt lat="33.0111709" lon="35.1554487"><ele>74.0</ele><time>2026-03-05T12:14:33Z</time></trkpt>
<trkpt lat="33.0112118" lon="35.1554629"><ele>74.1</ele><time>2026-03-05T12:14:34Z</time></trkpt>
<trkpt lat="33.0112501" lon="35.1554823"><ele>74.2</ele><time>2026-03-05T12:14:35Z</time></trkpt>
<trkpt lat="33.0112857" lon="35.1555092"><ele>74.3</ele><time>2026-03-05T12:14:36Z</time></trkpt>
<trkpt lat="33.0113194" lon="35.1555426"><ele>74.3</ele><time>2026-03-05T12:14:37Z</time></trkpt>
<trkpt lat="33.0113512" lon="35.1555806"><ele>74.4</ele><time>2026-03-05T12:14:38Z</time></trkpt>
<trkpt lat="33.0113802" lon="35.1556213"><ele>74.5</ele><time>2026-03-05T12:14:39Z</time></trkpt>
<trkpt lat="33.0114059" lon="35.1556629"><ele>74.5</ele><time>2026-03-05T12:14:40Z</time></trkpt>
<trkpt lat="33.0114281" lon="35.1557052"><ele>74.6</ele><time>2026-03-05T12:14:41Z</time></trkpt>
<trkpt lat="33.0114467" lon="35.1557484"><ele>74.6</ele><time>2026-03-05T12:14:42Z</time></trkpt>
<trkpt lat="33.0114623" lon="35.1557922"><ele>74.7</ele><time>2026-03-05T12:14:43Z</time></trkpt>
<trkpt lat="33.0114753" lon="35.1558359"><ele>74.8</ele><time>2026-03-05T12:14:44Z</time></trkpt>
<trkpt lat="33.0114843" lon="35.1558794"><ele>74.8</ele><time>2026-03-05T12:14:45Z</time></trkpt>
<trkpt lat="33.0114882" lon="35.1559224"><ele>74.9</ele><time>2026-03-05T12:14:46Z</time></trkpt>
<trkpt lat="33.0114877" lon="35.1559626"><ele>75.0</ele><time>2026-03-05T12:14:47Z</time></trkpt>
<trkpt lat="33.0114841" lon="35.1559996"><ele>75.1</ele><time>2026-03-05T12:14:48Z</time></trkpt>
<trkpt lat="33.0114782" lon="35.1560334"><ele>75.2</ele><time>2026-03-05T12:14:49Z</time></trkpt>
<trkpt lat="33.0114705" lon="35.1560638"><ele>75.3</ele><time>2026-03-05T12:14:50Z</time></trkpt>
<trkpt lat="33.0114613" lon="35.1560923"><ele>75.4</ele><time>2026-03-05T12:14:51Z</time></trkpt>
<trkpt lat="33.0114516" lon="35.1561208"><ele>75.5</ele><time>2026-03-05T12:14:52Z</time></trkpt>
<trkpt lat="33.0114426" lon="35.1561497"><ele>75.6</ele><time>2026-03-05T12:14:53Z</time></trkpt>
<trkpt lat="33.0114344" lon="35.15618"><ele>75.7</ele><time>2026-03-05T12:14:54Z</time></trkpt>
<trkpt lat="33.0114268" lon="35.1562117"><ele>75.9</ele><time>2026-03-05T12:14:55Z</time></trkpt>
<trkpt lat="33.0114192" lon="35.1562445"><ele>76.0</ele><time>2026-03-05T12:14:56Z</time></trkpt>
<trkpt lat="33.0114109" lon="35.1562793"><ele>76.1</ele><time>2026-03-05T12:14:57Z</time></trkpt>
<trkpt lat="33.0114026" lon="35.1563167"><ele>76.2</ele><time>2026-03-05T12:14:58Z</time></trkpt>
<trkpt lat="33.0113951" lon="35.156356"><ele>76.4</ele><time>2026-03-05T12:14:59Z</time></trkpt>
<trkpt lat="33.0113886" lon="35.1563963"><ele>76.6</ele><time>2026-03-05T12:15:00Z</time></trkpt>
<trkpt lat="33.011383" lon="35.1564371"><ele>76.7</ele><time>2026-03-05T12:15:01Z</time></trkpt>
<trkpt lat="33.0113779" lon="35.1564787"><ele>76.9</ele><time>2026-03-05T12:15:02Z</time></trkpt>
<trkpt lat="33.011372" lon="35.1565205"><ele>77.2</ele><time>2026-03-05T12:15:03Z</time></trkpt>
<trkpt lat="33.0113652" lon="35.1565621"><ele>77.4</ele><time>2026-03-05T12:15:04Z</time></trkpt>
<trkpt lat="33.0113588" lon="35.1566041"><ele>77.6</ele><time>2026-03-05T12:15:05Z</time></trkpt>
<trkpt lat="33.0113539" lon="35.1566471"><ele>77.8</ele><time>2026-03-05T12:15:06Z</time></trkpt>
<trkpt lat="33.0113508" lon="35.1566908"><ele>78.1</ele><time>2026-03-05T12:15:07Z</time></trkpt>
<trkpt lat="33.0113487" lon="35.1567349"><ele>78.3</ele><time>2026-03-05T12:15:08Z</time></trkpt>
<trkpt lat="33.0113465" lon="35.1567793"><ele>78.5</ele><time>2026-03-05T12:15:09Z</time></trkpt>
<trkpt lat="33.0113436" lon="35.1568234"><ele>78.7</ele><time>2026-03-05T12:15:10Z</time></trkpt>
<trkpt lat="33.0113401" lon="35.1568672"><ele>78.9</ele><time>2026-03-05T12:15:11Z</time></trkpt>
<trkpt lat="33.0113364" lon="35.1569106"><ele>79.1</ele><time>2026-03-05T12:15:12Z</time></trkpt>
<trkpt lat="33.0113317" lon="35.1569538"><ele>79.3</ele><time>2026-03-05T12:15:13Z</time></trkpt>
<trkpt lat="33.011326" lon="35.1569969"><ele>79.5</ele><time>2026-03-05T12:15:14Z</time></trkpt>
<trkpt lat="33.0113191" lon="35.1570396"><ele>79.7</ele><time>2026-03-05T12:15:15Z</time></trkpt>
<trkpt lat="33.0113117" lon="35.1570817"><ele>79.9</ele><time>2026-03-05T12:15:16Z</time></trkpt>
<trkpt lat="33.0113047" lon="35.1571235"><ele>80.1</ele><time>2026-03-05T12:15:17Z</time></trkpt>
<trkpt lat="33.011299" lon="35.157165"><ele>80.3</ele><time>2026-03-05T12:15:18Z</time></trkpt>
<trkpt lat="33.0112949" lon="35.1572073"><ele>80.5</ele><time>2026-03-05T12:15:19Z</time></trkpt>
<trkpt lat="33.0112893" lon="35.1572497"><ele>80.7</ele><time>2026-03-05T12:15:20Z</time></trkpt>
<trkpt lat="33.0112811" lon="35.1572912"><ele>80.9</ele><time>2026-03-05T12:15:21Z</time></trkpt>
<trkpt lat="33.0112721" lon="35.1573319"><ele>81.2</ele><time>2026-03-05T12:15:22Z</time></trkpt>
<trkpt lat="33.0112626" lon="35.157372"><ele>81.4</ele><time>2026-03-05T12:15:23Z</time></trkpt>
<trkpt lat="33.011253" lon="35.1574117"><ele>81.7</ele><time>2026-03-05T12:15:24Z</time></trkpt>
<trkpt lat="33.011243" lon="35.1574522"><ele>81.9</ele><time>2026-03-05T12:15:25Z</time></trkpt>
<trkpt lat="33.0112323" lon="35.1574927"><ele>82.1</ele><time>2026-03-05T12:15:26Z</time></trkpt>
<trkpt lat="33.0112215" lon="35.1575328"><ele>82.4</ele><time>2026-03-05T12:15:27Z</time></trkpt>
<trkpt lat="33.0112111" lon="35.1575725"><ele>82.6</ele><time>2026-03-05T12:15:28Z</time></trkpt>
<trkpt lat="33.0112008" lon="35.1576114"><ele>82.8</ele><time>2026-03-05T12:15:29Z</time></trkpt>
<trkpt lat="33.0111914" lon="35.157649"><ele>83.1</ele><time>2026-03-05T12:15:30Z</time></trkpt>
<trkpt lat="33.011183" lon="35.1576859"><ele>83.3</ele><time>2026-03-05T12:15:31Z</time></trkpt>
<trkpt lat="33.0111743" lon="35.1577231"><ele>83.5</ele><time>2026-03-05T12:15:32Z</time></trkpt>
<trkpt lat="33.011165" lon="35.1577597"><ele>83.8</ele><time>2026-03-05T12:15:33Z</time></trkpt>
<trkpt lat="33.0111544" lon="35.1577948"><ele>84.1</ele><time>2026-03-05T12:15:34Z</time></trkpt>
<trkpt lat="33.0111413" lon="35.1578288"><ele>84.3</ele><time>2026-03-05T12:15:35Z</time></trkpt>
<trkpt lat="33.0111271" lon="35.1578614"><ele>84.6</ele><time>2026-03-05T12:15:36Z</time></trkpt>
<trkpt lat="33.0111135" lon="35.1578939"><ele>84.8</ele><time>2026-03-05T12:15:37Z</time></trkpt>
<trkpt lat="33.0111002" lon="35.1579281"><ele>85.1</ele><time>2026-03-05T12:15:38Z</time></trkpt>
<trkpt lat="33.0110876" lon="35.1579618"><ele>85.4</ele><time>2026-03-05T12:15:39Z</time></trkpt>
<trkpt lat="33.0110746" lon="35.1579952"><ele>85.7</ele><time>2026-03-05T12:15:40Z</time></trkpt>
<trkpt lat="33.0110606" lon="35.1580293"><ele>85.9</ele><time>2026-03-05T12:15:41Z</time></trkpt>
<trkpt lat="33.011046" lon="35.158063"><ele>86.2</ele><time>2026-03-05T12:15:42Z</time></trkpt>
<trkpt lat="33.0110304" lon="35.1580963"><ele>86.4</ele><time>2026-03-05T12:15:43Z</time></trkpt>
<trkpt lat="33.0110137" lon="35.1581298"><ele>86.7</ele><time>2026-03-05T12:15:44Z</time></trkpt>
<trkpt lat="33.0109975" lon="35.1581638"><ele>86.9</ele><time>2026-03-05T12:15:45Z</time></trkpt>
<trkpt lat="33.0109831" lon="35.158198"><ele>87.2</ele><time>2026-03-05T12:15:46Z</time></trkpt>
<trkpt lat="33.0109706" lon="35.1582324"><ele>87.4</ele><time>2026-03-05T12:15:47Z</time></trkpt>
<trkpt lat="33.0109593" lon="35.1582681"><ele>87.7</ele><time>2026-03-05T12:15:48Z</time></trkpt>
<trkpt lat="33.0109483" lon="35.1583047"><ele>87.9</ele><time>2026-03-05T12:15:49Z</time></trkpt>
<trkpt lat="33.0109382" lon="35.1583418"><ele>88.2</ele><time>2026-03-05T12:15:50Z</time></trkpt>
<trkpt lat="33.0109303" lon="35.15838"><ele>88.4</ele><time>2026-03-05T12:15:51Z</time></trkpt>
<trkpt lat="33.0109239" lon="35.1584198"><ele>88.6</ele><time>2026-03-05T12:15:52Z</time></trkpt>
<trkpt lat="33.0109175" lon="35.15846"><ele>88.9</ele><time>2026-03-05T12:15:53Z</time></trkpt>
<trkpt lat="33.0109117" lon="35.1585008"><ele>89.1</ele><time>2026-03-05T12:15:54Z</time></trkpt>
<trkpt lat="33.0109072" lon="35.1585427"><ele>89.3</ele><time>2026-03-05T12:15:55Z</time></trkpt>
<trkpt lat="33.0109033" lon="35.158584"><ele>89.5</ele><time>2026-03-05T12:15:56Z</time></trkpt>
<trkpt lat="33.0109004" lon="35.1586252"><ele>89.6</ele><time>2026-03-05T12:15:57Z</time></trkpt>
<trkpt lat="33.0108983" lon="35.158666"><ele>89.8</ele><time>2026-03-05T12:15:58Z</time></trkpt>
<trkpt lat="33.0108957" lon="35.1587066"><ele>90.0</ele><time>2026-03-05T12:15:59Z</time></trkpt>
<trkpt lat="33.0108921" lon="35.1587475"><ele>90.1</ele><time>2026-03-05T12:16:00Z</time></trkpt>
<trkpt lat="33.0108882" lon="35.1587885"><ele>90.3</ele><time>2026-03-05T12:16:01Z</time></trkpt>
<trkpt lat="33.0108845" lon="35.1588305"><ele>90.4</ele><time>2026-03-05T12:16:02Z</time></trkpt>
<trkpt lat="33.0108814" lon="35.1588727"><ele>90.6</ele><time>2026-03-05T12:16:03Z</time></trkpt>
<trkpt lat="33.0108807" lon="35.158914"><ele>90.7</ele><time>2026-03-05T12:16:04Z</time></trkpt>
<trkpt lat="33.0108821" lon="35.1589546"><ele>90.9</ele><time>2026-03-05T12:16:05Z</time></trkpt>
<trkpt lat="33.0108852" lon="35.1589944"><ele>91.1</ele><time>2026-03-05T12:16:06Z</time></trkpt>
<trkpt lat="33.0108907" lon="35.1590349"><ele>91.2</ele><time>2026-03-05T12:16:07Z</time></trkpt>
<trkpt lat="33.0108981" lon="35.1590765"><ele>91.4</ele><time>2026-03-05T12:16:08Z</time></trkpt>
<trkpt lat="33.0109078" lon="35.1591184"><ele>91.6</ele><time>2026-03-05T12:16:09Z</time></trkpt>
<trkpt lat="33.0109196" lon="35.1591594"><ele>91.7</ele><time>2026-03-05T12:16:10Z</time></trkpt>
<trkpt lat="33.0109334" lon="35.1592005"><ele>91.8</ele><time>2026-03-05T12:16:11Z</time></trkpt>
<trkpt lat="33.0109485" lon="35.1592418"><ele>92.0</ele><time>2026-03-05T12:16:12Z</time></trkpt>
<trkpt lat="33.0109647" lon="35.159282"><ele>92.1</ele><time>2026-03-05T12:16:13Z</time></trkpt>
<trkpt lat="33.0109821" lon="35.1593211"><ele>92.2</ele><time>2026-03-05T12:16:14Z</time></trkpt>
<trkpt lat="33.0110007" lon="35.1593598"><ele>92.3</ele><time>2026-03-05T12:16:15Z</time></trkpt>
<trkpt lat="33.0110194" lon="35.1593977"><ele>92.4</ele><time>2026-03-05T12:16:16Z</time></trkpt>
<trkpt lat="33.0110369" lon="35.1594355"><ele>92.6</ele><time>2026-03-05T12:16:17Z</time></trkpt>
<trkpt lat="33.0110528" lon="35.1594734"><ele>92.7</ele><time>2026-03-05T12:16:18Z</time></trkpt>
<trkpt lat="33.0110684" lon="35.1595118"><ele>92.9</ele><time>2026-03-05T12:16:19Z</time></trkpt>
<trkpt lat="33.0110845" lon="35.1595512"><ele>93.0</ele><time>2026-03-05T12:16:20Z</time></trkpt>
<trkpt lat="33.0111013" lon="35.1595901"><ele>93.1</ele><time>2026-03-05T12:16:21Z</time></trkpt>
<trkpt lat="33.0111185" lon="35.1596287"><ele>93.3</ele><time>2026-03-05T12:16:22Z</time></trkpt>
<trkpt lat="33.0111349" lon="35.1596686"><ele>93.4</ele><time>2026-03-05T12:16:23Z</time></trkpt>
<trkpt lat="33.0111498" lon="35.15971"><ele>93.6</ele><time>2026-03-05T12:16:24Z</time></trkpt>
<trkpt lat="33.0111627" lon="35.1597525"><ele>93.7</ele><time>2026-03-05T12:16:25Z</time></trkpt>
<trkpt lat="33.0111734" lon="35.1597949"><ele>93.8</ele><time>2026-03-05T12:16:26Z</time></trkpt>
<trkpt lat="33.0111829" lon="35.1598365"><ele>93.9</ele><time>2026-03-05T12:16:27Z</time></trkpt>
<trkpt lat="33.0111922" lon="35.1598775"><ele>94.1</ele><time>2026-03-05T12:16:28Z</time></trkpt>
<trkpt lat="33.0112016" lon="35.1599185"><ele>94.2</ele><time>2026-03-05T12:16:29Z</time></trkpt>
<trkpt lat="33.0112107" lon="35.1599602"><ele>94.3</ele><time>2026-03-05T12:16:30Z</time></trkpt>
<trkpt lat="33.0112195" lon="35.1600032"><ele>94.5</ele><time>2026-03-05T12:16:31Z</time></trkpt>
<trkpt lat="33.0112286" lon="35.1600465"><ele>94.6</ele><time>2026-03-05T12:16:32Z</time></trkpt>
<trkpt lat="33.0112388" lon="35.1600891"><ele>94.7</ele><time>2026-03-05T12:16:33Z</time></trkpt>
<trkpt lat="33.01125" lon="35.1601308"><ele>94.8</ele><time>2026-03-05T12:16:34Z</time></trkpt>
<trkpt lat="33.0112614" lon="35.1601718"><ele>94.9</ele><time>2026-03-05T12:16:35Z</time></trkpt>
<trkpt lat="33.0112728" lon="35.1602122"><ele>95.0</ele><time>2026-03-05T12:16:36Z</time></trkpt>
<trkpt lat="33.0112844" lon="35.1602518"><ele>95.1</ele><time>2026-03-05T12:16:37Z</time></trkpt>
<trkpt lat="33.0112963" lon="35.1602916"><ele>95.2</ele><time>2026-03-05T12:16:38Z</time></trkpt>
<trkpt lat="33.0113072" lon="35.1603316"><ele>95.3</ele><time>2026-03-05T12:16:39Z</time></trkpt>
<trkpt lat="33.0113163" lon="35.1603713"><ele>95.4</ele><time>2026-03-05T12:16:40Z</time></trkpt>
<trkpt lat="33.011324" lon="35.1604119"><ele>95.5</ele><time>2026-03-05T12:16:41Z</time></trkpt>
<trkpt lat="33.0113301" lon="35.1604532"><ele>95.6</ele><time>2026-03-05T12:16:42Z</time></trkpt>
<trkpt lat="33.0113341" lon="35.1604936"><ele>95.7</ele><time>2026-03-05T12:16:43Z</time></trkpt>
<trkpt lat="33.0113358" lon="35.1605328"><ele>95.8</ele><time>2026-03-05T12:16:44Z</time></trkpt>
<trkpt lat="33.0113357" lon="35.160571"><ele>96.0</ele><time>2026-03-05T12:16:45Z</time></trkpt>
<trkpt lat="33.0113349" lon="35.160609"><ele>96.1</ele><time>2026-03-05T12:16:46Z</time></trkpt>
<trkpt lat="33.011334" lon="35.1606477"><ele>96.2</ele><time>2026-03-05T12:16:47Z</time></trkpt>
<trkpt lat="33.0113331" lon="35.1606873"><ele>96.4</ele><time>2026-03-05T12:16:48Z</time></trkpt>
<trkpt lat="33.0113325" lon="35.160727"><ele>96.5</ele><time>2026-03-05T12:16:49Z</time></trkpt>
<trkpt lat="33.0113321" lon="35.1607667"><ele>96.7</ele><time>2026-03-05T12:16:50Z</time></trkpt>
<trkpt lat="33.0113318" lon="35.1608053"><ele>96.9</ele><time>2026-03-05T12:16:51Z</time></trkpt>
<trkpt lat="33.0113314" lon="35.1608437"><ele>97.1</ele><time>2026-03-05T12:16:52Z</time></trkpt>
<trkpt lat="33.0113312" lon="35.1608833"><ele>97.2</ele><time>2026-03-05T12:16:53Z</time></trkpt>
<trkpt lat="33.0113312" lon="35.160924"><ele>97.4</ele><time>2026-03-05T12:16:54Z</time></trkpt>
<trkpt lat="33.0113313" lon="35.1609652"><ele>97.6</ele><time>2026-03-05T12:16:55Z</time></trkpt>
<trkpt lat="33.0113315" lon="35.1610064"><ele>97.8</ele><time>2026-03-05T12:16:56Z</time></trkpt>
<trkpt lat="33.011332" lon="35.1610472"><ele>98.0</ele><time>2026-03-05T12:16:57Z</time></trkpt>
<trkpt lat="33.011333" lon="35.1610874"><ele>98.2</ele><time>2026-03-05T12:16:58Z</time></trkpt>
<trkpt lat="33.0113342" lon="35.161127"><ele>98.4</ele><time>2026-03-05T12:16:59Z</time></trkpt>
<trkpt lat="33.0113352" lon="35.1611664"><ele>98.5</ele><time>2026-03-05T12:17:00Z</time></trkpt>
<trkpt lat="33.0113362" lon="35.1612063"><ele>98.7</ele><time>2026-03-05T12:17:01Z</time></trkpt>
<trkpt lat="33.0113375" lon="35.1612471"><ele>98.8</ele><time>2026-03-05T12:17:02Z</time></trkpt>
<trkpt lat="33.0113389" lon="35.1612878"><ele>99.0</ele><time>2026-03-05T12:17:03Z</time></trkpt>
<trkpt lat="33.0113399" lon="35.1613286"><ele>99.2</ele><time>2026-03-05T12:17:04Z</time></trkpt>
<trkpt lat="33.0113403" lon="35.1613692"><ele>99.3</ele><time>2026-03-05T12:17:05Z</time></trkpt>
<trkpt lat="33.0113406" lon="35.1614092"><ele>99.5</ele><time>2026-03-05T12:17:06Z</time></trkpt>
<trkpt lat="33.0113406" lon="35.1614492"><ele>99.7</ele><time>2026-03-05T12:17:07Z</time></trkpt>
<trkpt lat="33.0113404" lon="35.1614889"><ele>99.9</ele><time>2026-03-05T12:17:08Z</time></trkpt>
<trkpt lat="33.0113399" lon="35.1615283"><ele>100.1</ele><time>2026-03-05T12:17:09Z</time></trkpt>
<trkpt lat="33.0113389" lon="35.1615677"><ele>100.3</ele><time>2026-03-05T12:17:10Z</time></trkpt>
<trkpt lat="33.0113372" lon="35.1616073"><ele>100.5</ele><time>2026-03-05T12:17:11Z</time></trkpt>
<trkpt lat="33.0113346" lon="35.1616474"><ele>100.7</ele><time>2026-03-05T12:17:12Z</time></trkpt>
<trkpt lat="33.0113315" lon="35.1616874"><ele>100.9</ele><time>2026-03-05T12:17:13Z</time></trkpt>
<trkpt lat="33.0113283" lon="35.1617269"><ele>101.0</ele><time>2026-03-05T12:17:14Z</time></trkpt>
<trkpt lat="33.0113254" lon="35.161766"><ele>101.2</ele><time>2026-03-05T12:17:15Z</time></trkpt>
<trkpt lat="33.0113226" lon="35.1618047"><ele>101.3</ele><time>2026-03-05T12:17:16Z</time></trkpt>
<trkpt lat="33.0113202" lon="35.1618426"><ele>101.5</ele><time>2026-03-05T12:17:17Z</time></trkpt>
<trkpt lat="33.0113178" lon="35.1618801"><ele>101.6</ele><time>2026-03-05T12:17:18Z</time></trkpt>
<trkpt lat="33.011315" lon="35.1619174"><ele>101.8</ele><time>2026-03-05T12:17:19Z</time></trkpt>
<trkpt lat="33.011312" lon="35.1619543"><ele>101.9</ele><time>2026-03-05T12:17:20Z</time></trkpt>
<trkpt lat="33.011309" lon="35.161991"><ele>102.1</ele><time>2026-03-05T12:17:21Z</time></trkpt>
<trkpt lat="33.0113056" lon="35.1620272"><ele>102.3</ele><time>2026-03-05T12:17:22Z</time></trkpt>
<trkpt lat="33.0113014" lon="35.1620621"><ele>102.5</ele><time>2026-03-05T12:17:23Z</time></trkpt>
<trkpt lat="33.0112964" lon="35.1620968"><ele>102.7</ele><time>2026-03-05T12:17:24Z</time></trkpt>
<trkpt lat="33.0112909" lon="35.162132"><ele>102.9</ele><time>2026-03-05T12:17:25Z</time></trkpt>
<trkpt lat="33.0112847" lon="35.1621675"><ele>103.1</ele><time>2026-03-05T12:17:26Z</time></trkpt>
<trkpt lat="33.011278" lon="35.1622029"><ele>103.3</ele><time>2026-03-05T12:17:27Z</time></trkpt>
<trkpt lat="33.0112714" lon="35.1622387"><ele>103.5</ele><time>2026-03-05T12:17:28Z</time></trkpt>
<trkpt lat="33.0112648" lon="35.1622752"><ele>103.7</ele><time>2026-03-05T12:17:29Z</time></trkpt>
<trkpt lat="33.0112584" lon="35.1623124"><ele>104.0</ele><time>2026-03-05T12:17:30Z</time></trkpt>
<trkpt lat="33.0112521" lon="35.1623492"><ele>104.2</ele><time>2026-03-05T12:17:31Z</time></trkpt>
<trkpt lat="33.0112454" lon="35.1623845"><ele>104.4</ele><time>2026-03-05T12:17:32Z</time></trkpt>
<trkpt lat="33.0112377" lon="35.1624193"><ele>104.7</ele><time>2026-03-05T12:17:33Z</time></trkpt>
<trkpt lat="33.0112291" lon="35.162454"><ele>104.9</ele><time>2026-03-05T12:17:34Z</time></trkpt>
<trkpt lat="33.0112198" lon="35.1624884"><ele>105.1</ele><time>2026-03-05T12:17:35Z</time></trkpt>
<trkpt lat="33.0112101" lon="35.1625236"><ele>105.4</ele><time>2026-03-05T12:17:36Z</time></trkpt>
<trkpt lat="33.0112004" lon="35.1625594"><ele>105.6</ele><time>2026-03-05T12:17:37Z</time></trkpt>
<trkpt lat="33.0111914" lon="35.1625949"><ele>105.8</ele><time>2026-03-05T12:17:38Z</time></trkpt>
<trkpt lat="33.0111823" lon="35.1626297"><ele>106.0</ele><time>2026-03-05T12:17:39Z</time></trkpt>
<trkpt lat="33.0111734" lon="35.1626642"><ele>106.2</ele><time>2026-03-05T12:17:40Z</time></trkpt>
<trkpt lat="33.0111647" lon="35.1626993"><ele>106.4</ele><time>2026-03-05T12:17:41Z</time></trkpt>
<trkpt lat="33.0111562" lon="35.1627342"><ele>106.7</ele><time>2026-03-05T12:17:42Z</time></trkpt>
<trkpt lat="33.0111477" lon="35.1627677"><ele>106.9</ele><time>2026-03-05T12:17:43Z</time></trkpt>
<trkpt lat="33.0111394" lon="35.1628"><ele>107.1</ele><time>2026-03-05T12:17:44Z</time></trkpt>
<trkpt lat="33.0111313" lon="35.162832"><ele>107.4</ele><time>2026-03-05T12:17:45Z</time></trkpt>
<trkpt lat="33.0111225" lon="35.1628641"><ele>107.6</ele><time>2026-03-05T12:17:46Z</time></trkpt>
<trkpt lat="33.0111128" lon="35.1628965"><ele>107.9</ele><time>2026-03-05T12:17:47Z</time></trkpt>
<trkpt lat="33.0111027" lon="35.1629294"><ele>108.2</ele><time>2026-03-05T12:17:48Z</time></trkpt>
<trkpt lat="33.0110925" lon="35.1629628"><ele>108.5</ele><time>2026-03-05T12:17:49Z</time></trkpt>
<trkpt lat="33.0110827" lon="35.1629956"><ele>108.9</ele><time>2026-03-05T12:17:50Z</time></trkpt>
<trkpt lat="33.0110739" lon="35.1630269"><ele>109.2</ele><time>2026-03-05T12:17:51Z</time></trkpt>
<trkpt lat="33.0110657" lon="35.1630572"><ele>109.5</ele><time>2026-03-05T12:17:52Z</time></trkpt>
<trkpt lat="33.0110572" lon="35.1630871"><ele>109.8</ele><time>2026-03-05T12:17:53Z</time></trkpt>
<trkpt lat="33.0110483" lon="35.1631164"><ele>110.2</ele><time>2026-03-05T12:17:54Z</time></trkpt>
<trkpt lat="33.0110392" lon="35.1631453"><ele>110.5</ele><time>2026-03-05T12:17:55Z</time></trkpt>
<trkpt lat="33.0110303" lon="35.1631738"><ele>110.8</ele><time>2026-03-05T12:17:56Z</time></trkpt>
<trkpt lat="33.0110216" lon="35.1632026"><ele>111.0</ele><time>2026-03-05T12:17:57Z</time></trkpt>
<trkpt lat="33.0110132" lon="35.1632325"><ele>111.3</ele><time>2026-03-05T12:17:58Z</time></trkpt>
<trkpt lat="33.0110051" lon="35.1632629"><ele>111.6</ele><time>2026-03-05T12:17:59Z</time></trkpt>
<trkpt lat="33.0109973" lon="35.1632931"><ele>111.8</ele><time>2026-03-05T12:18:00Z</time></trkpt>
<trkpt lat="33.0109896" lon="35.163323"><ele>112.1</ele><time>2026-03-05T12:18:01Z</time></trkpt>
<trkpt lat="33.010982" lon="35.1633535"><ele>112.3</ele><time>2026-03-05T12:18:02Z</time></trkpt>
<trkpt lat="33.0109745" lon="35.1633843"><ele>112.6</ele><time>2026-03-05T12:18:03Z</time></trkpt>
<trkpt lat="33.0109674" lon="35.1634142"><ele>112.8</ele><time>2026-03-05T12:18:04Z</time></trkpt>
<trkpt lat="33.0109603" lon="35.1634445"><ele>113.1</ele><time>2026-03-05T12:18:05Z</time></trkpt>
<trkpt lat="33.0109529" lon="35.163476"><ele>113.4</ele><time>2026-03-05T12:18:06Z</time></trkpt>
<trkpt lat="33.0109459" lon="35.1635079"><ele>113.6</ele><time>2026-03-05T12:18:07Z</time></trkpt>
<trkpt lat="33.0109392" lon="35.1635402"><ele>113.9</ele><time>2026-03-05T12:18:08Z</time></trkpt>
<trkpt lat="33.0109327" lon="35.1635719"><ele>114.2</ele><time>2026-03-05T12:18:09Z</time></trkpt>
<trkpt lat="33.0109262" lon="35.1636026"><ele>114.4</ele><time>2026-03-05T12:18:10Z</time></trkpt>
<trkpt lat="33.0109197" lon="35.163633"><ele>114.7</ele><time>2026-03-05T12:18:11Z</time></trkpt>
<trkpt lat="33.0109133" lon="35.1636631"><ele>115.0</ele><time>2026-03-05T12:18:12Z</time></trkpt>
<trkpt lat="33.0109065" lon="35.1636926"><ele>115.2</ele><time>2026-03-05T12:18:13Z</time></trkpt>
<trkpt lat="33.0108991" lon="35.1637212"><ele>115.5</ele><time>2026-03-05T12:18:14Z</time></trkpt>
<trkpt lat="33.0108916" lon="35.1637487"><ele>115.7</ele><time>2026-03-05T12:18:15Z</time></trkpt>
<trkpt lat="33.0108844" lon="35.1637766"><ele>116.0</ele><time>2026-03-05T12:18:16Z</time></trkpt>
<trkpt lat="33.0108773" lon="35.1638059"><ele>116.2</ele><time>2026-03-05T12:18:17Z</time></trkpt>
<trkpt lat="33.0108696" lon="35.1638363"><ele>116.4</ele><time>2026-03-05T12:18:18Z</time></trkpt>
<trkpt lat="33.0108614" lon="35.1638669"><ele>116.7</ele><time>2026-03-05T12:18:19Z</time></trkpt>
<trkpt lat="33.0108524" lon="35.1638963"><ele>116.9</ele><time>2026-03-05T12:18:20Z</time></trkpt>
<trkpt lat="33.0108428" lon="35.1639236"><ele>117.1</ele><time>2026-03-05T12:18:21Z</time></trkpt>
<trkpt lat="33.010833" lon="35.1639487"><ele>117.4</ele><time>2026-03-05T12:18:22Z</time></trkpt>
<trkpt lat="33.0108234" lon="35.163972"><ele>117.6</ele><time>2026-03-05T12:18:23Z</time></trkpt>
<trkpt lat="33.0108137" lon="35.1639941"><ele>117.9</ele><time>2026-03-05T12:18:24Z</time></trkpt>
<trkpt lat="33.0108029" lon="35.1640155"><ele>118.1</ele><time>2026-03-05T12:18:25Z</time></trkpt>
<trkpt lat="33.0107894" lon="35.1640366"><ele>118.4</ele><time>2026-03-05T12:18:26Z</time></trkpt>
<trkpt lat="33.0107734" lon="35.1640566"><ele>118.6</ele><time>2026-03-05T12:18:27Z</time></trkpt>
<trkpt lat="33.0107553" lon="35.1640748"><ele>118.8</ele><time>2026-03-05T12:18:28Z</time></trkpt>
<trkpt lat="33.0107352" lon="35.1640903"><ele>119.0</ele><time>2026-03-05T12:18:29Z</time></trkpt>
<trkpt lat="33.0107132" lon="35.1641019"><ele>119.2</ele><time>2026-03-05T12:18:30Z</time></trkpt>
<trkpt lat="33.0106894" lon="35.1641102"><ele>119.5</ele><time>2026-03-05T12:18:31Z</time></trkpt>
<trkpt lat="33.0106644" lon="35.1641165"><ele>119.7</ele><time>2026-03-05T12:18:32Z</time></trkpt>
<trkpt lat="33.0106384" lon="35.1641217"><ele>119.9</ele><time>2026-03-05T12:18:33Z</time></trkpt>
<trkpt lat="33.0106111" lon="35.1641267"><ele>120.1</ele><time>2026-03-05T12:18:34Z</time></trkpt>
<trkpt lat="33.0105831" lon="35.1641317"><ele>120.2</ele><time>2026-03-05T12:18:35Z</time></trkpt>
<trkpt lat="33.0105544" lon="35.1641377"><ele>120.4</ele><time>2026-03-05T12:18:36Z</time></trkpt>
<trkpt lat="33.0105264" lon="35.1641459"><ele>120.6</ele><time>2026-03-05T12:18:37Z</time></trkpt>
<trkpt lat="33.0104999" lon="35.1641579"><ele>120.7</ele><time>2026-03-05T12:18:38Z</time></trkpt>
<trkpt lat="33.0104749" lon="35.1641749"><ele>120.9</ele><time>2026-03-05T12:18:39Z</time></trkpt>
<trkpt lat="33.0104523" lon="35.1641964"><ele>121.0</ele><time>2026-03-05T12:18:40Z</time></trkpt>
<trkpt lat="33.0104329" lon="35.1642212"><ele>121.2</ele><time>2026-03-05T12:18:41Z</time></trkpt>
<trkpt lat="33.0104162" lon="35.1642485"><ele>121.3</ele><time>2026-03-05T12:18:42Z</time></trkpt>
<trkpt lat="33.0104024" lon="35.164278"><ele>121.4</ele><time>2026-03-05T12:18:43Z</time></trkpt>
<trkpt lat="33.0103925" lon="35.1643097"><ele>121.6</ele><time>2026-03-05T12:18:44Z</time></trkpt>
<trkpt lat="33.0103868" lon="35.1643437"><ele>121.7</ele><time>2026-03-05T12:18:45Z</time></trkpt>
<trkpt lat="33.0103844" lon="35.164379"><ele>121.8</ele><time>2026-03-05T12:18:46Z</time></trkpt>
<trkpt lat="33.0103845" lon="35.1644148"><ele>122.0</ele><time>2026-03-05T12:18:47Z</time></trkpt>
<trkpt lat="33.0103866" lon="35.1644507"><ele>122.1</ele><time>2026-03-05T12:18:48Z</time></trkpt>
<trkpt lat="33.0103905" lon="35.1644865"><ele>122.2</ele><time>2026-03-05T12:18:49Z</time></trkpt>
<trkpt lat="33.0103969" lon="35.1645217"><ele>122.4</ele><time>2026-03-05T12:18:50Z</time></trkpt>
<trkpt lat="33.0104058" lon="35.1645554"><ele>122.5</ele><time>2026-03-05T12:18:51Z</time></trkpt>
<trkpt lat="33.010417" lon="35.1645875"><ele>122.6</ele><time>2026-03-05T12:18:52Z</time></trkpt>
<trkpt lat="33.0104295" lon="35.164619"><ele>122.7</ele><time>2026-03-05T12:18:53Z</time></trkpt>
<trkpt lat="33.010442" lon="35.1646506"><ele>122.8</ele><time>2026-03-05T12:18:54Z</time></trkpt>
<trkpt lat="33.0104536" lon="35.1646821"><ele>122.9</ele><time>2026-03-05T12:18:55Z</time></trkpt>
<trkpt lat="33.0104649" lon="35.1647137"><ele>123.0</ele><time>2026-03-05T12:18:56Z</time></trkpt>
<trkpt lat="33.0104768" lon="35.1647452"><ele>123.1</ele><time>2026-03-05T12:18:57Z</time></trkpt>
<trkpt lat="33.0104897" lon="35.1647761"><ele>123.2</ele><time>2026-03-05T12:18:58Z</time></trkpt>
<trkpt lat="33.0105036" lon="35.1648066"><ele>123.3</ele><time>2026-03-05T12:18:59Z</time></trkpt>
<trkpt lat="33.0105179" lon="35.1648374"><ele>123.3</ele><time>2026-03-05T12:19:00Z</time></trkpt>
<trkpt lat="33.0105318" lon="35.1648684"><ele>123.5</ele><time>2026-03-05T12:19:01Z</time></trkpt>
<trkpt lat="33.0105445" lon="35.1648997"><ele>123.6</ele><time>2026-03-05T12:19:02Z</time></trkpt>
<trkpt lat="33.0105567" lon="35.1649314"><ele>123.7</ele><time>2026-03-05T12:19:03Z</time></trkpt>
<trkpt lat="33.0105691" lon="35.1649637"><ele>123.8</ele><time>2026-03-05T12:19:04Z</time></trkpt>
<trkpt lat="33.0105813" lon="35.1649966"><ele>123.9</ele><time>2026-03-05T12:19:05Z</time></trkpt>
<trkpt lat="33.0105935" lon="35.1650292"><ele>124.0</ele><time>2026-03-05T12:19:06Z</time></trkpt>
<trkpt lat="33.0106053" lon="35.1650613"><ele>124.1</ele><time>2026-03-05T12:19:07Z</time></trkpt>
<trkpt lat="33.010616" lon="35.1650923"><ele>124.2</ele><time>2026-03-05T12:19:08Z</time></trkpt>
<trkpt lat="33.0106261" lon="35.1651227"><ele>124.4</ele><time>2026-03-05T12:19:09Z</time></trkpt>
<trkpt lat="33.0106367" lon="35.1651533"><ele>124.5</ele><time>2026-03-05T12:19:10Z</time></trkpt>
<trkpt lat="33.0106478" lon="35.1651834"><ele>124.6</ele><time>2026-03-05T12:19:11Z</time></trkpt>
<trkpt lat="33.0106591" lon="35.165213"><ele>124.8</ele><time>2026-03-05T12:19:12Z</time></trkpt>
<trkpt lat="33.0106704" lon="35.1652423"><ele>124.9</ele><time>2026-03-05T12:19:13Z</time></trkpt>
<trkpt lat="33.0106817" lon="35.1652718"><ele>125.0</ele><time>2026-03-05T12:19:14Z</time></trkpt>
<trkpt lat="33.0106934" lon="35.1653015"><ele>125.2</ele><time>2026-03-05T12:19:15Z</time></trkpt>
<trkpt lat="33.0107057" lon="35.1653314"><ele>125.4</ele><time>2026-03-05T12:19:16Z</time></trkpt>
<trkpt lat="33.0107192" lon="35.1653611"><ele>125.5</ele><time>2026-03-05T12:19:17Z</time></trkpt>
<trkpt lat="33.0107339" lon="35.1653905"><ele>125.7</ele><time>2026-03-05T12:19:18Z</time></trkpt>
<trkpt lat="33.0107493" lon="35.1654192"><ele>125.9</ele><time>2026-03-05T12:19:19Z</time></trkpt>
<trkpt lat="33.0107656" lon="35.1654467"><ele>126.0</ele><time>2026-03-05T12:19:20Z</time></trkpt>
<trkpt lat="33.0107837" lon="35.1654729"><ele>126.2</ele><time>2026-03-05T12:19:21Z</time></trkpt>
<trkpt lat="33.0108044" lon="35.1654964"><ele>126.4</ele><time>2026-03-05T12:19:22Z</time></trkpt>
<trkpt lat="33.0108279" lon="35.165516"><ele>126.5</ele><time>2026-03-05T12:19:23Z</time></trkpt>
<trkpt lat="33.0108542" lon="35.1655315"><ele>126.7</ele><time>2026-03-05T12:19:24Z</time></trkpt>
<trkpt lat="33.0108825" lon="35.1655428"><ele>126.9</ele><time>2026-03-05T12:19:25Z</time></trkpt>
<trkpt lat="33.0109125" lon="35.1655505"><ele>127.0</ele><time>2026-03-05T12:19:26Z</time></trkpt>
<trkpt lat="33.0109437" lon="35.1655556"><ele>127.2</ele><time>2026-03-05T12:19:27Z</time></trkpt>
<trkpt lat="33.0109754" lon="35.1655589"><ele>127.4</ele><time>2026-03-05T12:19:28Z</time></trkpt>
<trkpt lat="33.0110077" lon="35.1655612"><ele>127.5</ele><time>2026-03-05T12:19:29Z</time></trkpt>
<trkpt lat="33.0110404" lon="35.1655629"><ele>127.7</ele><time>2026-03-05T12:19:30Z</time></trkpt>
<trkpt lat="33.0110716" lon="35.1655642"><ele>127.8</ele><time>2026-03-05T12:19:31Z</time></trkpt>
<trkpt lat="33.0111017" lon="35.1655655"><ele>128.0</ele><time>2026-03-05T12:19:32Z</time></trkpt>
<trkpt lat="33.011132" lon="35.1655667"><ele>128.1</ele><time>2026-03-05T12:19:33Z</time></trkpt>
<trkpt lat="33.011163" lon="35.165568"><ele>128.2</ele><time>2026-03-05T12:19:34Z</time></trkpt>
<trkpt lat="33.0111942" lon="35.1655695"><ele>128.3</ele><time>2026-03-05T12:19:35Z</time></trkpt>
<trkpt lat="33.0112253" lon="35.1655711"><ele>128.4</ele><time>2026-03-05T12:19:36Z</time></trkpt>
<trkpt lat="33.0112561" lon="35.165573"><ele>128.5</ele><time>2026-03-05T12:19:37Z</time></trkpt>
<trkpt lat="33.0112859" lon="35.1655749"><ele>128.6</ele><time>2026-03-05T12:19:38Z</time></trkpt>
<trkpt lat="33.011315" lon="35.1655765"><ele>128.7</ele><time>2026-03-05T12:19:39Z</time></trkpt>
<trkpt lat="33.0113441" lon="35.1655779"><ele>128.8</ele><time>2026-03-05T12:19:40Z</time></trkpt>
<trkpt lat="33.0113728" lon="35.165579"><ele>128.9</ele><time>2026-03-05T12:19:41Z</time></trkpt>
<trkpt lat="33.0114015" lon="35.1655802"><ele>129.0</ele><time>2026-03-05T12:19:42Z</time></trkpt>
<trkpt lat="33.0114309" lon="35.1655817"><ele>129.1</ele><time>2026-03-05T12:19:43Z</time></trkpt>
<trkpt lat="33.0114602" lon="35.1655838"><ele>129.2</ele><time>2026-03-05T12:19:44Z</time></trkpt>
<trkpt lat="33.0114885" lon="35.1655864"><ele>129.3</ele><time>2026-03-05T12:19:45Z</time></trkpt>
<trkpt lat="33.0115154" lon="35.1655898"><ele>129.3</ele><time>2026-03-05T12:19:46Z</time></trkpt>
<trkpt lat="33.0115403" lon="35.165594"><ele>129.4</ele><time>2026-03-05T12:19:47Z</time></trkpt>
<trkpt lat="33.0115633" lon="35.165599"><ele>129.5</ele><time>2026-03-05T12:19:48Z</time></trkpt>
<trkpt lat="33.0115841" lon="35.1656055"><ele>129.6</ele><time>2026-03-05T12:19:49Z</time></trkpt>
<trkpt lat="33.0116033" lon="35.1656147"><ele>129.7</ele><time>2026-03-05T12:19:50Z</time></trkpt>
<trkpt lat="33.0116209" lon="35.1656265"><ele>129.8</ele><time>2026-03-05T12:19:51Z</time></trkpt>
<trkpt lat="33.011637" lon="35.1656404"><ele>129.9</ele><time>2026-03-05T12:19:52Z</time></trkpt>
<trkpt lat="33.0116524" lon="35.1656559"><ele>130.1</ele><time>2026-03-05T12:19:53Z</time></trkpt>
<trkpt lat="33.0116668" lon="35.1656729"><ele>130.2</ele><time>2026-03-05T12:19:54Z</time></trkpt>
<trkpt lat="33.0116796" lon="35.1656913"><ele>130.4</ele><time>2026-03-05T12:19:55Z</time></trkpt>
<trkpt lat="33.0116912" lon="35.1657108"><ele>130.6</ele><time>2026-03-05T12:19:56Z</time></trkpt>
<trkpt lat="33.0117022" lon="35.1657305"><ele>130.8</ele><time>2026-03-05T12:19:57Z</time></trkpt>
<trkpt lat="33.0117125" lon="35.1657497"><ele>131.0</ele><time>2026-03-05T12:19:58Z</time></trkpt>
<trkpt lat="33.0117229" lon="35.1657684"><ele>131.2</ele><time>2026-03-05T12:19:59Z</time></trkpt>
<trkpt lat="33.0117348" lon="35.1657866"><ele>131.4</ele><time>2026-03-05T12:20:00Z</time></trkpt>
<trkpt lat="33.0117487" lon="35.1658043"><ele>131.7</ele><time>2026-03-05T12:20:01Z</time></trkpt>
<trkpt lat="33.011763" lon="35.1658223"><ele>131.9</ele><time>2026-03-05T12:20:02Z</time></trkpt>
<trkpt lat="33.0117742" lon="35.1658414"><ele>132.1</ele><time>2026-03-05T12:20:03Z</time></trkpt>
<trkpt lat="33.0117801" lon="35.1658608"><ele>132.2</ele><time>2026-03-05T12:20:04Z</time></trkpt>
<trkpt lat="33.0117806" lon="35.1658795"><ele>132.4</ele><time>2026-03-05T12:20:05Z</time></trkpt>
<trkpt lat="33.0117766" lon="35.1658976"><ele>132.5</ele><time>2026-03-05T12:20:06Z</time></trkpt>
<trkpt lat="33.0117696" lon="35.1659148"><ele>132.6</ele><time>2026-03-05T12:20:07Z</time></trkpt>
<trkpt lat="33.0117608" lon="35.1659308"><ele>132.7</ele><time>2026-03-05T12:20:08Z</time></trkpt>
<trkpt lat="33.0117509" lon="35.1659442"><ele>132.8</ele><time>2026-03-05T12:20:09Z</time></trkpt>
<trkpt lat="33.0117411" lon="35.1659537"><ele>132.9</ele><time>2026-03-05T12:20:10Z</time></trkpt>
<trkpt lat="33.0117312" lon="35.1659612"><ele>133.0</ele><time>2026-03-05T12:20:11Z</time></trkpt>
<trkpt lat="33.0117224" lon="35.1659694"><ele>133.0</ele><time>2026-03-05T12:20:12Z</time></trkpt>
<trkpt lat="33.0117178" lon="35.1659794"><ele>133.1</ele><time>2026-03-05T12:20:13Z</time></trkpt>
<trkpt lat="33.0117179" lon="35.1659909"><ele>133.1</ele><time>2026-03-05T12:20:14Z</time></trkpt>
<trkpt lat="33.011722" lon="35.1660019"><ele>133.2</ele><time>2026-03-05T12:20:15Z</time></trkpt>
<trkpt lat="33.0117293" lon="35.1660099"><ele>133.3</ele><time>2026-03-05T12:20:16Z</time></trkpt>
<trkpt lat="33.0117387" lon="35.1660137"><ele>133.3</ele><time>2026-03-05T12:20:17Z</time></trkpt>
<trkpt lat="33.0117495" lon="35.1660115"><ele>133.4</ele><time>2026-03-05T12:20:18Z</time></trkpt>
<trkpt lat="33.0117612" lon="35.166002"><ele>133.4</ele><time>2026-03-05T12:20:19Z</time></trkpt>
<trkpt lat="33.0117725" lon="35.1659857"><ele>133.5</ele><time>2026-03-05T12:20:20Z</time></trkpt>
<trkpt lat="33.0117818" lon="35.1659644"><ele>133.5</ele><time>2026-03-05T12:20:21Z</time></trkpt>
<trkpt lat="33.0117885" lon="35.1659413"><ele>133.5</ele><time>2026-03-05T12:20:22Z</time></trkpt>
<trkpt lat="33.0117931" lon="35.1659188"><ele>133.4</ele><time>2026-03-05T12:20:23Z</time></trkpt>
<trkpt lat="33.0117966" lon="35.1658975"><ele>133.4</ele><time>2026-03-05T12:20:24Z</time></trkpt>
<trkpt lat="33.0117995" lon="35.1658775"><ele>133.3</ele><time>2026-03-05T12:20:25Z</time></trkpt>
<trkpt lat="33.0118015" lon="35.165858"><ele>133.2</ele><time>2026-03-05T12:20:26Z</time></trkpt>
<trkpt lat="33.011803" lon="35.1658395"><ele>133.1</ele><time>2026-03-05T12:20:27Z</time></trkpt>
<trkpt lat="33.0118036" lon="35.1658236"><ele>133.0</ele><time>2026-03-05T12:20:28Z</time></trkpt>
<trkpt lat="33.0118034" lon="35.1658108"><ele>132.9</ele><time>2026-03-05T12:20:29Z</time></trkpt>
<trkpt lat="33.0118029" lon="35.1658019"><ele>132.8</ele><time>2026-03-05T12:20:30Z</time></trkpt>
<trkpt lat="33.0118023" lon="35.165797"><ele>132.7</ele><time>2026-03-05T12:20:31Z</time></trkpt>
<trkpt lat="33.0118019" lon="35.1657951"><ele>132.6</ele><time>2026-03-05T12:20:32Z</time></trkpt>
<trkpt lat="33.0118017" lon="35.165795"><ele>132.5</ele><time>2026-03-05T12:20:33Z</time></trkpt>
<trkpt lat="33.0118016" lon="35.1657956"><ele>132.5</ele><time>2026-03-05T12:20:34Z</time></trkpt>
<trkpt lat="33.0118017" lon="35.1657963"><ele>132.4</ele><time>2026-03-05T12:20:35Z</time></trkpt>
<trkpt lat="33.0118018" lon="35.1657969"><ele>132.4</ele><time>2026-03-05T12:20:36Z</time></trkpt>
<trkpt lat="33.0118019" lon="35.1657975"><ele>132.4</ele><time>2026-03-05T12:20:37Z</time></trkpt>
<trkpt lat="33.011802" lon="35.165798"><ele>132.4</ele><time>2026-03-05T12:20:38Z</time></trkpt>
<trkpt lat="33.0118022" lon="35.1657983"><ele>132.4</ele><time>2026-03-05T12:20:39Z</time></trkpt>
<trkpt lat="33.0118023" lon="35.1657986"><ele>132.4</ele><time>2026-03-05T12:20:40Z</time></trkpt>
<trkpt lat="33.0118024" lon="35.1657988"><ele>132.4</ele><time>2026-03-05T12:20:41Z</time></trkpt>
<trkpt lat="33.0118026" lon="35.165799"><ele>132.3</ele><time>2026-03-05T12:20:42Z</time></trkpt>
<trkpt lat="33.0118027" lon="35.1657991"><ele>132.3</ele><time>2026-03-05T12:20:43Z</time></trkpt>
<trkpt lat="33.0118028" lon="35.1657991"><ele>132.3</ele><time>2026-03-05T12:20:44Z</time></trkpt>
<trkpt lat="33.0118029" lon="35.1657992"><ele>132.3</ele><time>2026-03-05T12:20:45Z</time></trkpt>
<trkpt lat="33.011803" lon="35.1657992"><ele>132.3</ele><time>2026-03-05T12:20:46Z</time></trkpt>
<trkpt lat="33.0118032" lon="35.1657992"><ele>132.3</ele><time>2026-03-05T12:20:47Z</time></trkpt>
<trkpt lat="33.0118033" lon="35.1657992"><ele>132.3</ele><time>2026-03-05T12:20:48Z</time></trkpt>
<trkpt lat="33.0118035" lon="35.1657992"><ele>132.3</ele><time>2026-03-05T12:20:49Z</time></trkpt>
<trkpt lat="33.0118038" lon="35.1657992"><ele>132.3</ele><time>2026-03-05T12:20:50Z</time></trkpt>
<trkpt lat="33.0118041" lon="35.1657991"><ele>132.3</ele><time>2026-03-05T12:20:51Z</time></trkpt>
<trkpt lat="33.0118044" lon="35.1657991"><ele>132.3</ele><time>2026-03-05T12:20:52Z</time></trkpt>
<trkpt lat="33.0118048" lon="35.165799"><ele>132.3</ele><time>2026-03-05T12:20:53Z</time></trkpt>
<trkpt lat="33.0118052" lon="35.1657989"><ele>132.3</ele><time>2026-03-05T12:20:54Z</time></trkpt>
<trkpt lat="33.0118058" lon="35.1657988"><ele>132.3</ele><time>2026-03-05T12:20:55Z</time></trkpt>
<trkpt lat="33.0118063" lon="35.1657987"><ele>132.3</ele><time>2026-03-05T12:20:56Z</time></trkpt>
<trkpt lat="33.0118068" lon="35.1657986"><ele>132.3</ele><time>2026-03-05T12:20:57Z</time></trkpt>
<trkpt lat="33.0118072" lon="35.1657985"><ele>132.3</ele><time>2026-03-05T12:20:58Z</time></trkpt>
<trkpt lat="33.0118075" lon="35.1657984"><ele>132.3</ele><time>2026-03-05T12:20:59Z</time></trkpt>
<trkpt lat="33.0118078" lon="35.1657982"><ele>132.3</ele><time>2026-03-05T12:21:00Z</time></trkpt>
<trkpt lat="33.0118079" lon="35.1657981"><ele>132.3</ele><time>2026-03-05T12:21:01Z</time></trkpt>
<trkpt lat="33.011808" lon="35.1657979"><ele>132.3</ele><time>2026-03-05T12:21:02Z</time></trkpt>
<trkpt lat="33.011808" lon="35.1657977"><ele>132.3</ele><time>2026-03-05T12:21:03Z</time></trkpt>
<trkpt lat="33.011808" lon="35.1657975"><ele>132.3</ele><time>2026-03-05T12:21:04Z</time></trkpt>
<trkpt lat="33.0118079" lon="35.1657973"><ele>132.3</ele><time>2026-03-05T12:21:05Z</time></trkpt>
<trkpt lat="33.0118077" lon="35.165797"><ele>132.3</ele><time>2026-03-05T12:21:06Z</time></trkpt>
<trkpt lat="33.0118075" lon="35.1657967"><ele>132.3</ele><time>2026-03-05T12:21:07Z</time></trkpt>
<trkpt lat="33.0118072" lon="35.1657964"><ele>132.3</ele><time>2026-03-05T12:21:08Z</time></trkpt>
<trkpt lat="33.0118069" lon="35.1657961"><ele>132.3</ele><time>2026-03-05T12:21:09Z</time></trkpt>
<trkpt lat="33.0118067" lon="35.1657958"><ele>132.3</ele><time>2026-03-05T12:21:10Z</time></trkpt>
<trkpt lat="33.0118064" lon="35.1657955"><ele>132.3</ele><time>2026-03-05T12:21:11Z</time></trkpt>
<trkpt lat="33.0118062" lon="35.1657953"><ele>132.3</ele><time>2026-03-05T12:21:12Z</time></trkpt>
<trkpt lat="33.011806" lon="35.1657951"><ele>132.4</ele><time>2026-03-05T12:21:13Z</time></trkpt>
<trkpt lat="33.0118058" lon="35.1657949"><ele>132.4</ele><time>2026-03-05T12:21:14Z</time></trkpt>
<trkpt lat="33.0118056" lon="35.1657947"><ele>132.4</ele><time>2026-03-05T12:21:15Z</time></trkpt>
<trkpt lat="33.0118055" lon="35.1657946"><ele>132.4</ele><time>2026-03-05T12:21:16Z</time></trkpt>
<trkpt lat="33.0118053" lon="35.1657944"><ele>132.5</ele><time>2026-03-05T12:21:17Z</time></trkpt>
<trkpt lat="33.0118052" lon="35.1657943"><ele>132.5</ele><time>2026-03-05T12:21:18Z</time></trkpt>
<trkpt lat="33.0118052" lon="35.1657943"><ele>132.5</ele><time>2026-03-05T12:21:19Z</time></trkpt>
<trkpt lat="33.0118051" lon="35.1657942"><ele>132.5</ele><time>2026-03-05T12:21:20Z</time></trkpt>
<trkpt lat="33.0118051" lon="35.1657941"><ele>132.5</ele><time>2026-03-05T12:21:21Z</time></trkpt>
<trkpt lat="33.011805" lon="35.1657941"><ele>132.5</ele><time>2026-03-05T12:21:22Z</time></trkpt>
<trkpt lat="33.011805" lon="35.1657941"><ele>132.5</ele><time>2026-03-05T12:21:23Z</time></trkpt>
<trkpt lat="33.011805" lon="35.1657941"><ele>132.5</ele><time>2026-03-05T12:21:24Z</time></trkpt>
<trkpt lat="33.011805" lon="35.1657941"><ele>132.5</ele><time>2026-03-05T12:21:25Z</time></trkpt>
<trkpt lat="33.011805" lon="35.1657941"><ele>132.5</ele><time>2026-03-05T12:21:26Z</time></trkpt>
<trkpt lat="33.011805" lon="35.1657941"><ele>132.5</ele><time>2026-03-05T12:21:27Z</time></trkpt>
<trkpt lat="33.011805" lon="35.1657941"><ele>132.5</ele><time>2026-03-05T12:21:28Z</time></trkpt>
<trkpt lat="33.011805" lon="35.1657941"><ele>132.5</ele><time>2026-03-05T12:21:29Z</time></trkpt>
<trkpt lat="33.0118051" lon="35.1657941"><ele>132.5</ele><time>2026-03-05T12:21:30Z</time></trkpt>
<trkpt lat="33.0118051" lon="35.1657942"><ele>132.5</ele><time>2026-03-05T12:21:31Z</time></trkpt>
<trkpt lat="33.0118052" lon="35.1657942"><ele>132.4</ele><time>2026-03-05T12:21:32Z</time></trkpt>
<trkpt lat="33.0118052" lon="35.1657943"><ele>132.4</ele><time>2026-03-05T12:21:33Z</time></trkpt>
<trkpt lat="33.0118053" lon="35.1657944"><ele>132.4</ele><time>2026-03-05T12:21:34Z</time></trkpt>
<trkpt lat="33.0118054" lon="35.1657945"><ele>132.4</ele><time>2026-03-05T12:21:35Z</time></trkpt>
<trkpt lat="33.0118055" lon="35.1657946"><ele>132.4</ele><time>2026-03-05T12:21:36Z</time></trkpt>
<trkpt lat="33.0118057" lon="35.1657947"><ele>132.4</ele><time>2026-03-05T12:21:37Z</time></trkpt>
<trkpt lat="33.0118058" lon="35.1657948"><ele>132.4</ele><time>2026-03-05T12:21:38Z</time></trkpt>
<trkpt lat="33.011806" lon="35.165795"><ele>132.4</ele><time>2026-03-05T12:21:39Z</time></trkpt>
<trkpt lat="33.0118062" lon="35.1657952"><ele>132.3</ele><time>2026-03-05T12:21:40Z</time></trkpt>
<trkpt lat="33.0118064" lon="35.1657954"><ele>132.3</ele><time>2026-03-05T12:21:41Z</time></trkpt>
<trkpt lat="33.0118067" lon="35.1657956"><ele>132.3</ele><time>2026-03-05T12:21:42Z</time></trkpt>
<trkpt lat="33.0118069" lon="35.1657958"><ele>132.3</ele><time>2026-03-05T12:21:43Z</time></trkpt>
<trkpt lat="33.0118072" lon="35.1657961"><ele>132.3</ele><time>2026-03-05T12:21:44Z</time></trkpt>
<trkpt lat="33.0118076" lon="35.1657964"><ele>132.3</ele><time>2026-03-05T12:21:45Z</time></trkpt>
<trkpt lat="33.0118079" lon="35.1657968"><ele>132.3</ele><time>2026-03-05T12:21:46Z</time></trkpt>
<trkpt lat="33.0118084" lon="35.1657972"><ele>132.3</ele><time>2026-03-05T12:21:47Z</time></trkpt>
<trkpt lat="33.0118089" lon="35.1657976"><ele>132.3</ele><time>2026-03-05T12:21:48Z</time></trkpt>
<trkpt lat="33.0118095" lon="35.1657982"><ele>132.3</ele><time>2026-03-05T12:21:49Z</time></trkpt>
<trkpt lat="33.0118102" lon="35.1657988"><ele>132.2</ele><time>2026-03-05T12:21:50Z</time></trkpt>
<trkpt lat="33.0118109" lon="35.1657995"><ele>132.2</ele><time>2026-03-05T12:21:51Z</time></trkpt>
<trkpt lat="33.0118116" lon="35.1658001"><ele>132.2</ele><time>2026-03-05T12:21:52Z</time></trkpt>
<trkpt lat="33.0118124" lon="35.1658008"><ele>132.2</ele><time>2026-03-05T12:21:53Z</time></trkpt>
<trkpt lat="33.0118133" lon="35.1658018"><ele>132.2</ele><time>2026-03-05T12:21:54Z</time></trkpt>
<trkpt lat="33.0118143" lon="35.1658027"><ele>132.2</ele><time>2026-03-05T12:21:55Z</time></trkpt>
<trkpt lat="33.0118152" lon="35.1658038"><ele>132.2</ele><time>2026-03-05T12:21:56Z</time></trkpt>
<trkpt lat="33.0118158" lon="35.1658051"><ele>132.2</ele><time>2026-03-05T12:21:57Z</time></trkpt>
<trkpt lat="33.0118162" lon="35.1658062"><ele>132.2</ele><time>2026-03-05T12:21:58Z</time></trkpt>
<trkpt lat="33.0118162" lon="35.1658066"><ele>132.2</ele><time>2026-03-05T12:21:59Z</time></trkpt>
<trkpt lat="33.0118155" lon="35.1658053"><ele>132.2</ele><time>2026-03-05T12:22:00Z</time></trkpt>
<trkpt lat="33.0118143" lon="35.1658001"><ele>132.2</ele><time>2026-03-05T12:22:01Z</time></trkpt>
<trkpt lat="33.011812" lon="35.1657922"><ele>132.2</ele><time>2026-03-05T12:22:02Z</time></trkpt>
<trkpt lat="33.011808" lon="35.1657865"><ele>132.2</ele><time>2026-03-05T12:22:03Z</time></trkpt>
<trkpt lat="33.0118008" lon="35.1657839"><ele>132.2</ele><time>2026-03-05T12:22:04Z</time></trkpt>
<trkpt lat="33.0117899" lon="35.1657858"><ele>132.2</ele><time>2026-03-05T12:22:05Z</time></trkpt>
<trkpt lat="33.0117767" lon="35.1657977"><ele>132.2</ele><time>2026-03-05T12:22:06Z</time></trkpt>
<trkpt lat="33.0117649" lon="35.165821"><ele>132.3</ele><time>2026-03-05T12:22:07Z</time></trkpt>
<trkpt lat="33.0117575" lon="35.1658527"><ele>132.3</ele><time>2026-03-05T12:22:08Z</time></trkpt>
<trkpt lat="33.0117547" lon="35.1658886"><ele>132.4</ele><time>2026-03-05T12:22:09Z</time></trkpt>
<trkpt lat="33.0117545" lon="35.1659256"><ele>132.4</ele><time>2026-03-05T12:22:10Z</time></trkpt>
<trkpt lat="33.011755" lon="35.1659622"><ele>132.5</ele><time>2026-03-05T12:22:11Z</time></trkpt>
<trkpt lat="33.0117547" lon="35.1659986"><ele>132.6</ele><time>2026-03-05T12:22:12Z</time></trkpt>
<trkpt lat="33.0117531" lon="35.1660361"><ele>132.8</ele><time>2026-03-05T12:22:13Z</time></trkpt>
<trkpt lat="33.01175" lon="35.1660736"><ele>132.9</ele><time>2026-03-05T12:22:14Z</time></trkpt>
<trkpt lat="33.0117449" lon="35.16611"><ele>133.1</ele><time>2026-03-05T12:22:15Z</time></trkpt>
<trkpt lat="33.011738" lon="35.1661449"><ele>133.3</ele><time>2026-03-05T12:22:16Z</time></trkpt>
<trkpt lat="33.01173" lon="35.166178"><ele>133.5</ele><time>2026-03-05T12:22:17Z</time></trkpt>
<trkpt lat="33.0117222" lon="35.166209"><ele>133.7</ele><time>2026-03-05T12:22:18Z</time></trkpt>
<trkpt lat="33.011715" lon="35.1662385"><ele>133.9</ele><time>2026-03-05T12:22:19Z</time></trkpt>
<trkpt lat="33.0117076" lon="35.1662682"><ele>134.2</ele><time>2026-03-05T12:22:20Z</time></trkpt>
<trkpt lat="33.0116999" lon="35.1662992"><ele>134.4</ele><time>2026-03-05T12:22:21Z</time></trkpt>
<trkpt lat="33.0116934" lon="35.1663307"><ele>134.6</ele><time>2026-03-05T12:22:22Z</time></trkpt>
<trkpt lat="33.0116896" lon="35.1663622"><ele>134.9</ele><time>2026-03-05T12:22:23Z</time></trkpt>
<trkpt lat="33.0116887" lon="35.1663947"><ele>135.1</ele><time>2026-03-05T12:22:24Z</time></trkpt>
<trkpt lat="33.0116906" lon="35.1664289"><ele>135.4</ele><time>2026-03-05T12:22:25Z</time></trkpt>
<trkpt lat="33.0116956" lon="35.1664642"><ele>135.7</ele><time>2026-03-05T12:22:26Z</time></trkpt>
<trkpt lat="33.0117027" lon="35.1665004"><ele>135.9</ele><time>2026-03-05T12:22:27Z</time></trkpt>
<trkpt lat="33.0117098" lon="35.1665371"><ele>136.1</ele><time>2026-03-05T12:22:28Z</time></trkpt>
<trkpt lat="33.0117151" lon="35.1665733"><ele>136.4</ele><time>2026-03-05T12:22:29Z</time></trkpt>
<trkpt lat="33.0117186" lon="35.1666096"><ele>136.6</ele><time>2026-03-05T12:22:30Z</time></trkpt>
<trkpt lat="33.011721" lon="35.166646"><ele>136.8</ele><time>2026-03-05T12:22:31Z</time></trkpt>
<trkpt lat="33.0117233" lon="35.1666828"><ele>137.0</ele><time>2026-03-05T12:22:32Z</time></trkpt>
<trkpt lat="33.0117258" lon="35.1667197"><ele>137.2</ele><time>2026-03-05T12:22:33Z</time></trkpt>
<trkpt lat="33.0117281" lon="35.1667558"><ele>137.4</ele><time>2026-03-05T12:22:34Z</time></trkpt>
<trkpt lat="33.0117298" lon="35.1667923"><ele>137.6</ele><time>2026-03-05T12:22:35Z</time></trkpt>
<trkpt lat="33.0117309" lon="35.1668299"><ele>137.8</ele><time>2026-03-05T12:22:36Z</time></trkpt>
<trkpt lat="33.0117311" lon="35.1668677"><ele>138.0</ele><time>2026-03-05T12:22:37Z</time></trkpt>
<trkpt lat="33.0117306" lon="35.1669044"><ele>138.2</ele><time>2026-03-05T12:22:38Z</time></trkpt>
<trkpt lat="33.0117295" lon="35.1669399"><ele>138.4</ele><time>2026-03-05T12:22:39Z</time></trkpt>
<trkpt lat="33.0117279" lon="35.1669752"><ele>138.6</ele><time>2026-03-05T12:22:40Z</time></trkpt>
<trkpt lat="33.0117257" lon="35.1670108"><ele>138.9</ele><time>2026-03-05T12:22:41Z</time></trkpt>
<trkpt lat="33.0117236" lon="35.1670462"><ele>139.1</ele><time>2026-03-05T12:22:42Z</time></trkpt>
<trkpt lat="33.0117221" lon="35.1670818"><ele>139.4</ele><time>2026-03-05T12:22:43Z</time></trkpt>
<trkpt lat="33.0117209" lon="35.1671186"><ele>139.7</ele><time>2026-03-05T12:22:44Z</time></trkpt>
<trkpt lat="33.0117188" lon="35.1671559"><ele>139.9</ele><time>2026-03-05T12:22:45Z</time></trkpt>
<trkpt lat="33.0117155" lon="35.1671928"><ele>140.2</ele><time>2026-03-05T12:22:46Z</time></trkpt>
<trkpt lat="33.0117122" lon="35.1672289"><ele>140.5</ele><time>2026-03-05T12:22:47Z</time></trkpt>
<trkpt lat="33.0117099" lon="35.1672654"><ele>140.7</ele><time>2026-03-05T12:22:48Z</time></trkpt>
<trkpt lat="33.0117083" lon="35.1673032"><ele>141.0</ele><time>2026-03-05T12:22:49Z</time></trkpt>
<trkpt lat="33.0117066" lon="35.1673412"><ele>141.2</ele><time>2026-03-05T12:22:50Z</time></trkpt>
<trkpt lat="33.0117044" lon="35.1673786"><ele>141.5</ele><time>2026-03-05T12:22:51Z</time></trkpt>
<trkpt lat="33.0117018" lon="35.1674161"><ele>141.7</ele><time>2026-03-05T12:22:52Z</time></trkpt>
<trkpt lat="33.011699" lon="35.1674534"><ele>141.9</ele><time>2026-03-05T12:22:53Z</time></trkpt>
<trkpt lat="33.0116968" lon="35.1674902"><ele>142.1</ele><time>2026-03-05T12:22:54Z</time></trkpt>
<trkpt lat="33.0116955" lon="35.1675272"><ele>142.2</ele><time>2026-03-05T12:22:55Z</time></trkpt>
<trkpt lat="33.0116944" lon="35.1675652"><ele>142.4</ele><time>2026-03-05T12:22:56Z</time></trkpt>
<trkpt lat="33.0116939" lon="35.1676045"><ele>142.5</ele><time>2026-03-05T12:22:57Z</time></trkpt>
<trkpt lat="33.0116941" lon="35.1676435"><ele>142.7</ele><time>2026-03-05T12:22:58Z</time></trkpt>
<trkpt lat="33.0116944" lon="35.1676821"><ele>142.8</ele><time>2026-03-05T12:22:59Z</time></trkpt>
<trkpt lat="33.0116948" lon="35.1677208"><ele>143.0</ele><time>2026-03-05T12:23:00Z</time></trkpt>
<trkpt lat="33.0116957" lon="35.1677598"><ele>143.1</ele><time>2026-03-05T12:23:01Z</time></trkpt>
<trkpt lat="33.0116961" lon="35.1677992"><ele>143.3</ele><time>2026-03-05T12:23:02Z</time></trkpt>
<trkpt lat="33.0116957" lon="35.1678389"><ele>143.4</ele><time>2026-03-05T12:23:03Z</time></trkpt>
<trkpt lat="33.0116948" lon="35.1678799"><ele>143.6</ele><time>2026-03-05T12:23:04Z</time></trkpt>
<trkpt lat="33.0116937" lon="35.1679215"><ele>143.7</ele><time>2026-03-05T12:23:05Z</time></trkpt>
<trkpt lat="33.0116929" lon="35.1679629"><ele>143.9</ele><time>2026-03-05T12:23:06Z</time></trkpt>
<trkpt lat="33.0116925" lon="35.1680041"><ele>144.0</ele><time>2026-03-05T12:23:07Z</time></trkpt>
<trkpt lat="33.0116929" lon="35.1680447"><ele>144.2</ele><time>2026-03-05T12:23:08Z</time></trkpt>
<trkpt lat="33.0116944" lon="35.1680852"><ele>144.3</ele><time>2026-03-05T12:23:09Z</time></trkpt>
<trkpt lat="33.0116968" lon="35.1681264"><ele>144.5</ele><time>2026-03-05T12:23:10Z</time></trkpt>
<trkpt lat="33.0117001" lon="35.1681681"><ele>144.6</ele><time>2026-03-05T12:23:11Z</time></trkpt>
<trkpt lat="33.0117032" lon="35.1682087"><ele>144.8</ele><time>2026-03-05T12:23:12Z</time></trkpt>
<trkpt lat="33.0117057" lon="35.1682493"><ele>144.9</ele><time>2026-03-05T12:23:13Z</time></trkpt>
<trkpt lat="33.0117082" lon="35.168292"><ele>145.1</ele><time>2026-03-05T12:23:14Z</time></trkpt>
<trkpt lat="33.0117115" lon="35.1683353"><ele>145.2</ele><time>2026-03-05T12:23:15Z</time></trkpt>
<trkpt lat="33.0117153" lon="35.1683785"><ele>145.4</ele><time>2026-03-05T12:23:16Z</time></trkpt>
<trkpt lat="33.0117192" lon="35.1684221"><ele>145.5</ele><time>2026-03-05T12:23:17Z</time></trkpt>
<trkpt lat="33.0117229" lon="35.1684661"><ele>145.7</ele><time>2026-03-05T12:23:18Z</time></trkpt>
<trkpt lat="33.0117258" lon="35.1685103"><ele>145.8</ele><time>2026-03-05T12:23:19Z</time></trkpt>
<trkpt lat="33.0117282" lon="35.1685549"><ele>146.0</ele><time>2026-03-05T12:23:20Z</time></trkpt>
<trkpt lat="33.0117316" lon="35.1686005"><ele>146.1</ele><time>2026-03-05T12:23:21Z</time></trkpt>
<trkpt lat="33.0117366" lon="35.1686472"><ele>146.3</ele><time>2026-03-05T12:23:22Z</time></trkpt>
<trkpt lat="33.0117421" lon="35.168695"><ele>146.4</ele><time>2026-03-05T12:23:23Z</time></trkpt>
<trkpt lat="33.0117475" lon="35.1687425"><ele>146.5</ele><time>2026-03-05T12:23:24Z</time></trkpt>
<trkpt lat="33.0117524" lon="35.1687894"><ele>146.7</ele><time>2026-03-05T12:23:25Z</time></trkpt>
<trkpt lat="33.0117575" lon="35.1688366"><ele>146.8</ele><time>2026-03-05T12:23:26Z</time></trkpt>
<trkpt lat="33.0117624" lon="35.1688837"><ele>146.9</ele><time>2026-03-05T12:23:27Z</time></trkpt>
<trkpt lat="33.0117674" lon="35.16893"><ele>147.0</ele><time>2026-03-05T12:23:28Z</time></trkpt>
<trkpt lat="33.0117731" lon="35.1689759"><ele>147.1</ele><time>2026-03-05T12:23:29Z</time></trkpt>
<trkpt lat="33.0117795" lon="35.169022"><ele>147.2</ele><time>2026-03-05T12:23:30Z</time></trkpt>
<trkpt lat="33.0117863" lon="35.1690683"><ele>147.3</ele><time>2026-03-05T12:23:31Z</time></trkpt>
<trkpt lat="33.0117926" lon="35.1691148"><ele>147.4</ele><time>2026-03-05T12:23:32Z</time></trkpt>
<trkpt lat="33.0117974" lon="35.1691612"><ele>147.5</ele><time>2026-03-05T12:23:33Z</time></trkpt>
<trkpt lat="33.0118014" lon="35.1692071"><ele>147.6</ele><time>2026-03-05T12:23:34Z</time></trkpt>
<trkpt lat="33.0118057" lon="35.1692524"><ele>147.7</ele><time>2026-03-05T12:23:35Z</time></trkpt>
<trkpt lat="33.0118105" lon="35.1692975"><ele>147.8</ele><time>2026-03-05T12:23:36Z</time></trkpt>
<trkpt lat="33.0118151" lon="35.1693429"><ele>147.9</ele><time>2026-03-05T12:23:37Z</time></trkpt>
<trkpt lat="33.0118191" lon="35.1693888"><ele>148.0</ele><time>2026-03-05T12:23:38Z</time></trkpt>
<trkpt lat="33.0118225" lon="35.1694348"><ele>148.0</ele><time>2026-03-05T12:23:39Z</time></trkpt>
<trkpt lat="33.0118256" lon="35.1694811"><ele>148.1</ele><time>2026-03-05T12:23:40Z</time></trkpt>
<trkpt lat="33.0118284" lon="35.1695276"><ele>148.2</ele><time>2026-03-05T12:23:41Z</time></trkpt>
<trkpt lat="33.0118308" lon="35.1695742"><ele>148.3</ele><time>2026-03-05T12:23:42Z</time></trkpt>
<trkpt lat="33.0118329" lon="35.1696202"><ele>148.4</ele><time>2026-03-05T12:23:43Z</time></trkpt>
<trkpt lat="33.0118349" lon="35.1696656"><ele>148.5</ele><time>2026-03-05T12:23:44Z</time></trkpt>
<trkpt lat="33.0118373" lon="35.1697108"><ele>148.6</ele><time>2026-03-05T12:23:45Z</time></trkpt>
<trkpt lat="33.0118405" lon="35.1697561"><ele>148.7</ele><time>2026-03-05T12:23:46Z</time></trkpt>
<trkpt lat="33.0118439" lon="35.1698011"><ele>148.8</ele><time>2026-03-05T12:23:47Z</time></trkpt>
<trkpt lat="33.0118472" lon="35.1698459"><ele>149.0</ele><time>2026-03-05T12:23:48Z</time></trkpt>
<trkpt lat="33.0118512" lon="35.1698908"><ele>149.1</ele><time>2026-03-05T12:23:49Z</time></trkpt>
<trkpt lat="33.0118558" lon="35.1699349"><ele>149.2</ele><time>2026-03-05T12:23:50Z</time></trkpt>
<trkpt lat="33.0118605" lon="35.1699788"><ele>149.4</ele><time>2026-03-05T12:23:51Z</time></trkpt>
<trkpt lat="33.0118653" lon="35.1700227"><ele>149.5</ele><time>2026-03-05T12:23:52Z</time></trkpt>
<trkpt lat="33.0118699" lon="35.1700663"><ele>149.7</ele><time>2026-03-05T12:23:53Z</time></trkpt>
<trkpt lat="33.0118739" lon="35.1701105"><ele>149.8</ele><time>2026-03-05T12:23:54Z</time></trkpt>
<trkpt lat="33.011878" lon="35.1701564"><ele>150.0</ele><time>2026-03-05T12:23:55Z</time></trkpt>
<trkpt lat="33.0118814" lon="35.1702027"><ele>150.2</ele><time>2026-03-05T12:23:56Z</time></trkpt>
<trkpt lat="33.0118841" lon="35.170248"><ele>150.3</ele><time>2026-03-05T12:23:57Z</time></trkpt>
<trkpt lat="33.0118865" lon="35.1702929"><ele>150.5</ele><time>2026-03-05T12:23:58Z</time></trkpt>
<trkpt lat="33.0118889" lon="35.1703385"><ele>150.6</ele><time>2026-03-05T12:23:59Z</time></trkpt>
<trkpt lat="33.0118902" lon="35.1703845"><ele>150.8</ele><time>2026-03-05T12:24:00Z</time></trkpt>
<trkpt lat="33.0118901" lon="35.1704302"><ele>151.0</ele><time>2026-03-05T12:24:01Z</time></trkpt>
<trkpt lat="33.0118887" lon="35.1704756"><ele>151.1</ele><time>2026-03-05T12:24:02Z</time></trkpt>
<trkpt lat="33.0118865" lon="35.1705203"><ele>151.2</ele><time>2026-03-05T12:24:03Z</time></trkpt>
<trkpt lat="33.0118833" lon="35.1705649"><ele>151.4</ele><time>2026-03-05T12:24:04Z</time></trkpt>
<trkpt lat="33.0118794" lon="35.1706099"><ele>151.5</ele><time>2026-03-05T12:24:05Z</time></trkpt>
<trkpt lat="33.0118746" lon="35.1706542"><ele>151.7</ele><time>2026-03-05T12:24:06Z</time></trkpt>
<trkpt lat="33.0118692" lon="35.170699"><ele>151.8</ele><time>2026-03-05T12:24:07Z</time></trkpt>
<trkpt lat="33.0118629" lon="35.1707449"><ele>152.0</ele><time>2026-03-05T12:24:08Z</time></trkpt>
<trkpt lat="33.0118555" lon="35.1707903"><ele>152.1</ele><time>2026-03-05T12:24:09Z</time></trkpt>
<trkpt lat="33.0118478" lon="35.1708345"><ele>152.2</ele><time>2026-03-05T12:24:10Z</time></trkpt>
<trkpt lat="33.0118411" lon="35.1708783"><ele>152.4</ele><time>2026-03-05T12:24:11Z</time></trkpt>
<trkpt lat="33.0118348" lon="35.170923"><ele>152.5</ele><time>2026-03-05T12:24:12Z</time></trkpt>
<trkpt lat="33.0118285" lon="35.1709672"><ele>152.6</ele><time>2026-03-05T12:24:13Z</time></trkpt>
<trkpt lat="33.011822" lon="35.1710105"><ele>152.7</ele><time>2026-03-05T12:24:14Z</time></trkpt>
<trkpt lat="33.0118145" lon="35.171055"><ele>152.8</ele><time>2026-03-05T12:24:15Z</time></trkpt>
<trkpt lat="33.0118059" lon="35.1710998"><ele>152.9</ele><time>2026-03-05T12:24:16Z</time></trkpt>
<trkpt lat="33.0117984" lon="35.1711441"><ele>152.9</ele><time>2026-03-05T12:24:17Z</time></trkpt>
<trkpt lat="33.0117922" lon="35.1711893"><ele>153.0</ele><time>2026-03-05T12:24:18Z</time></trkpt>
<trkpt lat="33.011786" lon="35.1712345"><ele>153.0</ele><time>2026-03-05T12:24:19Z</time></trkpt>
<trkpt lat="33.0117795" lon="35.1712792"><ele>153.1</ele><time>2026-03-05T12:24:20Z</time></trkpt>
<trkpt lat="33.0117731" lon="35.1713231"><ele>153.1</ele><time>2026-03-05T12:24:21Z</time></trkpt>
<trkpt lat="33.0117664" lon="35.171367"><ele>153.1</ele><time>2026-03-05T12:24:22Z</time></trkpt>
<trkpt lat="33.0117595" lon="35.1714113"><ele>153.2</ele><time>2026-03-05T12:24:23Z</time></trkpt>
<trkpt lat="33.0117532" lon="35.1714567"><ele>153.3</ele><time>2026-03-05T12:24:24Z</time></trkpt>
<trkpt lat="33.0117464" lon="35.1715029"><ele>153.3</ele><time>2026-03-05T12:24:25Z</time></trkpt>
<trkpt lat="33.0117392" lon="35.1715479"><ele>153.4</ele><time>2026-03-05T12:24:26Z</time></trkpt>
<trkpt lat="33.0117325" lon="35.1715923"><ele>153.5</ele><time>2026-03-05T12:24:27Z</time></trkpt>
<trkpt lat="33.011726" lon="35.171637"><ele>153.6</ele><time>2026-03-05T12:24:28Z</time></trkpt>
<trkpt lat="33.0117198" lon="35.1716812"><ele>153.7</ele><time>2026-03-05T12:24:29Z</time></trkpt>
<trkpt lat="33.0117133" lon="35.1717246"><ele>153.8</ele><time>2026-03-05T12:24:30Z</time></trkpt>
<trkpt lat="33.0117062" lon="35.1717677"><ele>153.9</ele><time>2026-03-05T12:24:31Z</time></trkpt>
<trkpt lat="33.0116994" lon="35.1718108"><ele>154.0</ele><time>2026-03-05T12:24:32Z</time></trkpt>
<trkpt lat="33.0116932" lon="35.1718545"><ele>154.1</ele><time>2026-03-05T12:24:33Z</time></trkpt>
<trkpt lat="33.0116873" lon="35.1718986"><ele>154.2</ele><time>2026-03-05T12:24:34Z</time></trkpt>
<trkpt lat="33.0116823" lon="35.1719412"><ele>154.3</ele><time>2026-03-05T12:24:35Z</time></trkpt>
<trkpt lat="33.0116781" lon="35.1719836"><ele>154.4</ele><time>2026-03-05T12:24:36Z</time></trkpt>
<trkpt lat="33.0116739" lon="35.1720285"><ele>154.5</ele><time>2026-03-05T12:24:37Z</time></trkpt>
<trkpt lat="33.0116698" lon="35.1720733"><ele>154.6</ele><time>2026-03-05T12:24:38Z</time></trkpt>
<trkpt lat="33.0116659" lon="35.1721165"><ele>154.7</ele><time>2026-03-05T12:24:39Z</time></trkpt>
<trkpt lat="33.0116623" lon="35.1721595"><ele>154.7</ele><time>2026-03-05T12:24:40Z</time></trkpt>
<trkpt lat="33.0116591" lon="35.172204"><ele>154.8</ele><time>2026-03-05T12:24:41Z</time></trkpt>
<trkpt lat="33.0116559" lon="35.1722506"><ele>154.9</ele><time>2026-03-05T12:24:42Z</time></trkpt>
<trkpt lat="33.0116528" lon="35.1722969"><ele>155.0</ele><time>2026-03-05T12:24:43Z</time></trkpt>
<trkpt lat="33.0116509" lon="35.1723426"><ele>155.0</ele><time>2026-03-05T12:24:44Z</time></trkpt>
<trkpt lat="33.0116505" lon="35.1723879"><ele>155.1</ele><time>2026-03-05T12:24:45Z</time></trkpt>
<trkpt lat="33.0116521" lon="35.1724318"><ele>155.2</ele><time>2026-03-05T12:24:46Z</time></trkpt>
<trkpt lat="33.0116577" lon="35.1724741"><ele>155.3</ele><time>2026-03-05T12:24:47Z</time></trkpt>
<trkpt lat="33.0116932" lon="35.17258"><ele>155.5</ele><time>2026-03-05T12:24:50Z</time></trkpt>
<trkpt lat="33.0117084" lon="35.1726178"><ele>155.5</ele><time>2026-03-05T12:24:51Z</time></trkpt>
<trkpt lat="33.0117279" lon="35.1726966"><ele>155.5</ele><time>2026-03-05T12:24:52Z</time></trkpt>
<trkpt lat="33.0117361" lon="35.1727361"><ele>155.5</ele><time>2026-03-05T12:24:53Z</time></trkpt>
<trkpt lat="33.011746" lon="35.1727733"><ele>155.5</ele><time>2026-03-05T12:24:54Z</time></trkpt>
<trkpt lat="33.0117571" lon="35.1728056"><ele>155.5</ele><time>2026-03-05T12:24:55Z</time></trkpt>
<trkpt lat="33.0117708" lon="35.1728333"><ele>155.5</ele><time>2026-03-05T12:24:56Z</time></trkpt>
<trkpt lat="33.0117881" lon="35.1728593"><ele>155.5</ele><time>2026-03-05T12:24:57Z</time></trkpt>
<trkpt lat="33.0118083" lon="35.1728845"><ele>155.4</ele><time>2026-03-05T12:24:58Z</time></trkpt>
<trkpt lat="33.0118328" lon="35.1729074"><ele>155.4</ele><time>2026-03-05T12:24:59Z</time></trkpt>
<trkpt lat="33.0118624" lon="35.1729258"><ele>155.3</ele><time>2026-03-05T12:25:00Z</time></trkpt>
<trkpt lat="33.0118972" lon="35.1729387"><ele>155.2</ele><time>2026-03-05T12:25:01Z</time></trkpt>
<trkpt lat="33.0119349" lon="35.1729477"><ele>155.1</ele><time>2026-03-05T12:25:02Z</time></trkpt>
<trkpt lat="33.0119757" lon="35.1729525"><ele>154.9</ele><time>2026-03-05T12:25:03Z</time></trkpt>
<trkpt lat="33.0120187" lon="35.1729519"><ele>154.8</ele><time>2026-03-05T12:25:04Z</time></trkpt>
<trkpt lat="33.0120649" lon="35.172948"><ele>154.5</ele><time>2026-03-05T12:25:05Z</time></trkpt>
<trkpt lat="33.0121155" lon="35.17294"><ele>154.3</ele><time>2026-03-05T12:25:06Z</time></trkpt>
<trkpt lat="33.0121701" lon="35.1729286"><ele>154.0</ele><time>2026-03-05T12:25:07Z</time></trkpt>
<trkpt lat="33.0122262" lon="35.1729162"><ele>153.7</ele><time>2026-03-05T12:25:08Z</time></trkpt>
<trkpt lat="33.012284" lon="35.1729032"><ele>153.3</ele><time>2026-03-05T12:25:09Z</time></trkpt>
<trkpt lat="33.0123484" lon="35.1728877"><ele>152.8</ele><time>2026-03-05T12:25:10Z</time></trkpt>
<trkpt lat="33.0124188" lon="35.1728697"><ele>152.3</ele><time>2026-03-05T12:25:11Z</time></trkpt>
<trkpt lat="33.0124899" lon="35.1728517"><ele>151.8</ele><time>2026-03-05T12:25:12Z</time></trkpt>
<trkpt lat="33.0125618" lon="35.1728346"><ele>151.2</ele><time>2026-03-05T12:25:13Z</time></trkpt>
<trkpt lat="33.0126349" lon="35.1728185"><ele>150.5</ele><time>2026-03-05T12:25:14Z</time></trkpt>
<trkpt lat="33.0127092" lon="35.1728074"><ele>149.8</ele><time>2026-03-05T12:25:15Z</time></trkpt>
<trkpt lat="33.0127854" lon="35.172805"><ele>149.1</ele><time>2026-03-05T12:25:16Z</time></trkpt>
<trkpt lat="33.0128619" lon="35.1728118"><ele>148.4</ele><time>2026-03-05T12:25:17Z</time></trkpt>
<trkpt lat="33.0129376" lon="35.1728281"><ele>147.6</ele><time>2026-03-05T12:25:18Z</time></trkpt>
<trkpt lat="33.0130133" lon="35.17285"><ele>146.8</ele><time>2026-03-05T12:25:19Z</time></trkpt>
<trkpt lat="33.0130884" lon="35.1728668"><ele>146.0</ele><time>2026-03-05T12:25:20Z</time></trkpt>
<trkpt lat="33.013161" lon="35.1728671"><ele>145.2</ele><time>2026-03-05T12:25:21Z</time></trkpt>
<trkpt lat="33.0132267" lon="35.1728554"><ele>144.4</ele><time>2026-03-05T12:25:22Z</time></trkpt>
<trkpt lat="33.0132875" lon="35.1728415"><ele>143.6</ele><time>2026-03-05T12:25:23Z</time></trkpt>
<trkpt lat="33.0133507" lon="35.1728293"><ele>142.7</ele><time>2026-03-05T12:25:24Z</time></trkpt>
<trkpt lat="33.0134126" lon="35.1728233"><ele>141.8</ele><time>2026-03-05T12:25:25Z</time></trkpt>
<trkpt lat="33.0134738" lon="35.1728354"><ele>140.9</ele><time>2026-03-05T12:25:26Z</time></trkpt>
<trkpt lat="33.0135332" lon="35.1728738"><ele>140.1</ele><time>2026-03-05T12:25:27Z</time></trkpt>
<trkpt lat="33.013579" lon="35.1729323"><ele>139.3</ele><time>2026-03-05T12:25:28Z</time></trkpt>
<trkpt lat="33.0136055" lon="35.1730045"><ele>138.5</ele><time>2026-03-05T12:25:29Z</time></trkpt>
<trkpt lat="33.0136114" lon="35.1730832"><ele>137.8</ele><time>2026-03-05T12:25:30Z</time></trkpt>
<trkpt lat="33.013607" lon="35.1731584"><ele>137.3</ele><time>2026-03-05T12:25:31Z</time></trkpt>
<trkpt lat="33.0136028" lon="35.1732264"><ele>136.8</ele><time>2026-03-05T12:25:32Z</time></trkpt>
<trkpt lat="33.0135988" lon="35.1732874"><ele>136.5</ele><time>2026-03-05T12:25:33Z</time></trkpt>
<trkpt lat="33.0135941" lon="35.1733404"><ele>136.2</ele><time>2026-03-05T12:25:34Z</time></trkpt>
<trkpt lat="33.0135887" lon="35.1733867"><ele>136.1</ele><time>2026-03-05T12:25:35Z</time></trkpt>
<trkpt lat="33.0135828" lon="35.1734294"><ele>136.1</ele><time>2026-03-05T12:25:36Z</time></trkpt>
<trkpt lat="33.0135759" lon="35.1734717"><ele>136.1</ele><time>2026-03-05T12:25:37Z</time></trkpt>
<trkpt lat="33.0135685" lon="35.1735149"><ele>136.2</ele><time>2026-03-05T12:25:38Z</time></trkpt>
<trkpt lat="33.013561" lon="35.1735592"><ele>136.3</ele><time>2026-03-05T12:25:39Z</time></trkpt>
<trkpt lat="33.0135533" lon="35.1736045"><ele>136.4</ele><time>2026-03-05T12:25:40Z</time></trkpt>
<trkpt lat="33.0135457" lon="35.1736475"><ele>136.5</ele><time>2026-03-05T12:25:41Z</time></trkpt>
<trkpt lat="33.0135386" lon="35.1736862"><ele>136.6</ele><time>2026-03-05T12:25:42Z</time></trkpt>
<trkpt lat="33.0135325" lon="35.1737196"><ele>136.7</ele><time>2026-03-05T12:25:43Z</time></trkpt>
<trkpt lat="33.0135259" lon="35.1737465"><ele>136.8</ele><time>2026-03-05T12:25:44Z</time></trkpt>
<trkpt lat="33.0135179" lon="35.1737671"><ele>136.9</ele><time>2026-03-05T12:25:45Z</time></trkpt>
<trkpt lat="33.013509" lon="35.1737844"><ele>136.9</ele><time>2026-03-05T12:25:46Z</time></trkpt>
<trkpt lat="33.0135007" lon="35.1737991"><ele>137.0</ele><time>2026-03-05T12:25:47Z</time></trkpt>
<trkpt lat="33.0134944" lon="35.1738105"><ele>137.1</ele><time>2026-03-05T12:25:48Z</time></trkpt>
<trkpt lat="33.01349" lon="35.1738189"><ele>137.2</ele><time>2026-03-05T12:25:49Z</time></trkpt>
<trkpt lat="33.0134872" lon="35.1738242"><ele>137.2</ele><time>2026-03-05T12:25:50Z</time></trkpt>
<trkpt lat="33.0134859" lon="35.1738265"><ele>137.3</ele><time>2026-03-05T12:25:51Z</time></trkpt>
<trkpt lat="33.0134853" lon="35.1738269"><ele>137.3</ele><time>2026-03-05T12:25:52Z</time></trkpt>
<trkpt lat="33.0134851" lon="35.1738265"><ele>137.4</ele><time>2026-03-05T12:25:53Z</time></trkpt>
<trkpt lat="33.0134849" lon="35.1738262"><ele>137.4</ele><time>2026-03-05T12:25:54Z</time></trkpt>
<trkpt lat="33.0134846" lon="35.1738259"><ele>137.4</ele><time>2026-03-05T12:25:55Z</time></trkpt>
<trkpt lat="33.0134842" lon="35.1738258"><ele>137.4</ele><time>2026-03-05T12:25:56Z</time></trkpt>
<trkpt lat="33.0134838" lon="35.1738258"><ele>137.4</ele><time>2026-03-05T12:25:57Z</time></trkpt>
<trkpt lat="33.0134835" lon="35.1738259"><ele>137.4</ele><time>2026-03-05T12:25:58Z</time></trkpt>
<trkpt lat="33.0134832" lon="35.1738259"><ele>137.4</ele><time>2026-03-05T12:25:59Z</time></trkpt>
<trkpt lat="33.013483" lon="35.1738259"><ele>137.4</ele><time>2026-03-05T12:26:00Z</time></trkpt>
<trkpt lat="33.0134828" lon="35.1738259"><ele>137.3</ele><time>2026-03-05T12:26:01Z</time></trkpt>
<trkpt lat="33.0134827" lon="35.1738259"><ele>137.3</ele><time>2026-03-05T12:26:02Z</time></trkpt>
<trkpt lat="33.0134825" lon="35.1738259"><ele>137.3</ele><time>2026-03-05T12:26:03Z</time></trkpt>
<trkpt lat="33.0134824" lon="35.173826"><ele>137.3</ele><time>2026-03-05T12:26:04Z</time></trkpt>
<trkpt lat="33.0134822" lon="35.1738261"><ele>137.3</ele><time>2026-03-05T12:26:05Z</time></trkpt>
<trkpt lat="33.0134821" lon="35.1738262"><ele>137.3</ele><time>2026-03-05T12:26:06Z</time></trkpt>
<trkpt lat="33.013482" lon="35.1738263"><ele>137.4</ele><time>2026-03-05T12:26:07Z</time></trkpt>
<trkpt lat="33.0134818" lon="35.1738264"><ele>137.4</ele><time>2026-03-05T12:26:08Z</time></trkpt>
<trkpt lat="33.0134816" lon="35.1738266"><ele>137.4</ele><time>2026-03-05T12:26:09Z</time></trkpt>
<trkpt lat="33.0134815" lon="35.1738268"><ele>137.4</ele><time>2026-03-05T12:26:10Z</time></trkpt>
<trkpt lat="33.0134813" lon="35.1738271"><ele>137.3</ele><time>2026-03-05T12:26:11Z</time></trkpt>
<trkpt lat="33.0134811" lon="35.1738274"><ele>137.3</ele><time>2026-03-05T12:26:12Z</time></trkpt>
<trkpt lat="33.0134809" lon="35.1738276"><ele>137.3</ele><time>2026-03-05T12:26:13Z</time></trkpt>
<trkpt lat="33.0134807" lon="35.173828"><ele>137.3</ele><time>2026-03-05T12:26:14Z</time></trkpt>
<trkpt lat="33.0134804" lon="35.1738283"><ele>137.3</ele><time>2026-03-05T12:26:15Z</time></trkpt>
<trkpt lat="33.0134801" lon="35.1738288"><ele>137.3</ele><time>2026-03-05T12:26:16Z</time></trkpt>
<trkpt lat="33.0134797" lon="35.1738295"><ele>137.3</ele><time>2026-03-05T12:26:17Z</time></trkpt>
<trkpt lat="33.0134793" lon="35.1738302"><ele>137.3</ele><time>2026-03-05T12:26:18Z</time></trkpt>
<trkpt lat="33.0134787" lon="35.1738311"><ele>137.3</ele><time>2026-03-05T12:26:19Z</time></trkpt>
<trkpt lat="33.0134781" lon="35.1738323"><ele>137.3</ele><time>2026-03-05T12:26:20Z</time></trkpt>
<trkpt lat="33.0134774" lon="35.1738335"><ele>137.3</ele><time>2026-03-05T12:26:21Z</time></trkpt>
<trkpt lat="33.0134768" lon="35.1738344"><ele>137.3</ele><time>2026-03-05T12:26:22Z</time></trkpt>
<trkpt lat="33.0134763" lon="35.1738351"><ele>137.3</ele><time>2026-03-05T12:26:23Z</time></trkpt>
<trkpt lat="33.0134757" lon="35.1738357"><ele>137.4</ele><time>2026-03-05T12:26:24Z</time></trkpt>
<trkpt lat="33.0134753" lon="35.1738362"><ele>137.4</ele><time>2026-03-05T12:26:25Z</time></trkpt>
<trkpt lat="33.0134748" lon="35.1738367"><ele>137.4</ele><time>2026-03-05T12:26:26Z</time></trkpt>
<trkpt lat="33.0134741" lon="35.1738373"><ele>137.4</ele><time>2026-03-05T12:26:27Z</time></trkpt>
<trkpt lat="33.0134731" lon="35.1738381"><ele>137.4</ele><time>2026-03-05T12:26:28Z</time></trkpt>
<trkpt lat="33.0134719" lon="35.1738389"><ele>137.4</ele><time>2026-03-05T12:26:29Z</time></trkpt>
<trkpt lat="33.013471" lon="35.1738396"><ele>137.4</ele><time>2026-03-05T12:26:30Z</time></trkpt>
<trkpt lat="33.0134703" lon="35.17384"><ele>137.4</ele><time>2026-03-05T12:26:31Z</time></trkpt>
<trkpt lat="33.0134697" lon="35.1738404"><ele>137.4</ele><time>2026-03-05T12:26:32Z</time></trkpt>
<trkpt lat="33.0134691" lon="35.1738407"><ele>137.4</ele><time>2026-03-05T12:26:33Z</time></trkpt>
<trkpt lat="33.0134688" lon="35.1738409"><ele>137.4</ele><time>2026-03-05T12:26:34Z</time></trkpt>
<trkpt lat="33.0134685" lon="35.173841"><ele>137.3</ele><time>2026-03-05T12:26:35Z</time></trkpt>
<trkpt lat="33.0134682" lon="35.1738411"><ele>137.3</ele><time>2026-03-05T12:26:36Z</time></trkpt>
<trkpt lat="33.0134677" lon="35.1738413"><ele>137.3</ele><time>2026-03-05T12:26:37Z</time></trkpt>
<trkpt lat="33.0134671" lon="35.1738415"><ele>137.2</ele><time>2026-03-05T12:26:38Z</time></trkpt>
<trkpt lat="33.0134667" lon="35.1738417"><ele>137.2</ele><time>2026-03-05T12:26:39Z</time></trkpt>
<trkpt lat="33.0134664" lon="35.1738417"><ele>137.2</ele><time>2026-03-05T12:26:40Z</time></trkpt>
<trkpt lat="33.0134663" lon="35.1738417"><ele>137.2</ele><time>2026-03-05T12:26:41Z</time></trkpt>
<trkpt lat="33.0134662" lon="35.1738416"><ele>137.1</ele><time>2026-03-05T12:26:42Z</time></trkpt>
<trkpt lat="33.0134661" lon="35.1738415"><ele>137.1</ele><time>2026-03-05T12:26:43Z</time></trkpt>
<trkpt lat="33.0134661" lon="35.1738415"><ele>137.1</ele><time>2026-03-05T12:26:44Z</time></trkpt>
<trkpt lat="33.013466" lon="35.1738413"><ele>137.1</ele><time>2026-03-05T12:26:45Z</time></trkpt>
<trkpt lat="33.013466" lon="35.1738412"><ele>137.1</ele><time>2026-03-05T12:26:46Z</time></trkpt>
<trkpt lat="33.013466" lon="35.1738411"><ele>137.1</ele><time>2026-03-05T12:26:47Z</time></trkpt>
<trkpt lat="33.013466" lon="35.173841"><ele>137.1</ele><time>2026-03-05T12:26:48Z</time></trkpt>
<trkpt lat="33.0134659" lon="35.1738409"><ele>137.1</ele><time>2026-03-05T12:26:49Z</time></trkpt>
<trkpt lat="33.0134658" lon="35.1738408"><ele>137.1</ele><time>2026-03-05T12:26:50Z</time></trkpt>
<trkpt lat="33.0134657" lon="35.1738408"><ele>137.1</ele><time>2026-03-05T12:26:51Z</time></trkpt>
<trkpt lat="33.0134655" lon="35.1738408"><ele>137.1</ele><time>2026-03-05T12:26:52Z</time></trkpt>
<trkpt lat="33.0134652" lon="35.1738408"><ele>137.1</ele><time>2026-03-05T12:26:53Z</time></trkpt>
<trkpt lat="33.013465" lon="35.1738409"><ele>137.1</ele><time>2026-03-05T12:26:54Z</time></trkpt>
<trkpt lat="33.0134649" lon="35.1738409"><ele>137.2</ele><time>2026-03-05T12:26:55Z</time></trkpt>
<trkpt lat="33.0134647" lon="35.173841"><ele>137.2</ele><time>2026-03-05T12:26:56Z</time></trkpt>
<trkpt lat="33.0134646" lon="35.1738411"><ele>137.2</ele><time>2026-03-05T12:26:57Z</time></trkpt>
<trkpt lat="33.0134644" lon="35.1738412"><ele>137.2</ele><time>2026-03-05T12:26:58Z</time></trkpt>
<trkpt lat="33.0134642" lon="35.1738413"><ele>137.2</ele><time>2026-03-05T12:26:59Z</time></trkpt>
<trkpt lat="33.013464" lon="35.1738415"><ele>137.3</ele><time>2026-03-05T12:27:00Z</time></trkpt>
<trkpt lat="33.0134638" lon="35.1738417"><ele>137.3</ele><time>2026-03-05T12:27:01Z</time></trkpt>
<trkpt lat="33.0134635" lon="35.1738419"><ele>137.3</ele><time>2026-03-05T12:27:02Z</time></trkpt>
<trkpt lat="33.0134633" lon="35.1738422"><ele>137.3</ele><time>2026-03-05T12:27:03Z</time></trkpt>
<trkpt lat="33.0134629" lon="35.1738425"><ele>137.4</ele><time>2026-03-05T12:27:04Z</time></trkpt>
<trkpt lat="33.0134626" lon="35.1738429"><ele>137.4</ele><time>2026-03-05T12:27:05Z</time></trkpt>
<trkpt lat="33.0134622" lon="35.1738433"><ele>137.4</ele><time>2026-03-05T12:27:06Z</time></trkpt>
<trkpt lat="33.0134618" lon="35.1738437"><ele>137.4</ele><time>2026-03-05T12:27:07Z</time></trkpt>
<trkpt lat="33.0134613" lon="35.1738442"><ele>137.4</ele><time>2026-03-05T12:27:08Z</time></trkpt>
<trkpt lat="33.0134608" lon="35.1738447"><ele>137.4</ele><time>2026-03-05T12:27:09Z</time></trkpt>
<trkpt lat="33.0134603" lon="35.1738453"><ele>137.4</ele><time>2026-03-05T12:27:10Z</time></trkpt>
<trkpt lat="33.0134597" lon="35.1738459"><ele>137.4</ele><time>2026-03-05T12:27:11Z</time></trkpt>
<trkpt lat="33.0134589" lon="35.1738467"><ele>137.3</ele><time>2026-03-05T12:27:12Z</time></trkpt>
<trkpt lat="33.0134581" lon="35.1738476"><ele>137.3</ele><time>2026-03-05T12:27:13Z</time></trkpt>
<trkpt lat="33.0134572" lon="35.1738486"><ele>137.3</ele><time>2026-03-05T12:27:14Z</time></trkpt>
<trkpt lat="33.0134563" lon="35.1738496"><ele>137.3</ele><time>2026-03-05T12:27:15Z</time></trkpt>
<trkpt lat="33.0134554" lon="35.1738505"><ele>137.3</ele><time>2026-03-05T12:27:16Z</time></trkpt>
<trkpt lat="33.0134547" lon="35.1738514"><ele>137.2</ele><time>2026-03-05T12:27:17Z</time></trkpt>
<trkpt lat="33.013454" lon="35.1738522"><ele>137.2</ele><time>2026-03-05T12:27:18Z</time></trkpt>
<trkpt lat="33.0134535" lon="35.1738528"><ele>137.2</ele><time>2026-03-05T12:27:19Z</time></trkpt>
<trkpt lat="33.0134531" lon="35.1738534"><ele>137.2</ele><time>2026-03-05T12:27:20Z</time></trkpt>
<trkpt lat="33.0134527" lon="35.1738538"><ele>137.2</ele><time>2026-03-05T12:27:21Z</time></trkpt>
<trkpt lat="33.0134524" lon="35.1738543"><ele>137.2</ele><time>2026-03-05T12:27:22Z</time></trkpt>
<trkpt lat="33.0134522" lon="35.1738548"><ele>137.2</ele><time>2026-03-05T12:27:23Z</time></trkpt>
<trkpt lat="33.013452" lon="35.1738552"><ele>137.2</ele><time>2026-03-05T12:27:24Z</time></trkpt>
<trkpt lat="33.0134518" lon="35.1738556"><ele>137.2</ele><time>2026-03-05T12:27:25Z</time></trkpt>
<trkpt lat="33.0134516" lon="35.1738561"><ele>137.2</ele><time>2026-03-05T12:27:26Z</time></trkpt>
<trkpt lat="33.0134515" lon="35.1738565"><ele>137.2</ele><time>2026-03-05T12:27:27Z</time></trkpt>
<trkpt lat="33.0134516" lon="35.1738568"><ele>137.2</ele><time>2026-03-05T12:27:28Z</time></trkpt>
<trkpt lat="33.0134517" lon="35.1738571"><ele>137.2</ele><time>2026-03-05T12:27:29Z</time></trkpt>
<trkpt lat="33.0134519" lon="35.1738573"><ele>137.3</ele><time>2026-03-05T12:27:30Z</time></trkpt>
<trkpt lat="33.0134522" lon="35.1738574"><ele>137.3</ele><time>2026-03-05T12:27:31Z</time></trkpt>
<trkpt lat="33.0134525" lon="35.1738575"><ele>137.3</ele><time>2026-03-05T12:27:32Z</time></trkpt>
<trkpt lat="33.0134529" lon="35.1738576"><ele>137.3</ele><time>2026-03-05T12:27:33Z</time></trkpt>
<trkpt lat="33.0134532" lon="35.1738578"><ele>137.3</ele><time>2026-03-05T12:27:34Z</time></trkpt>
<trkpt lat="33.0134534" lon="35.173858"><ele>137.4</ele><time>2026-03-05T12:27:35Z</time></trkpt>
<trkpt lat="33.0134535" lon="35.1738583"><ele>137.4</ele><time>2026-03-05T12:27:36Z</time></trkpt>
<trkpt lat="33.0134537" lon="35.1738585"><ele>137.4</ele><time>2026-03-05T12:27:37Z</time></trkpt>
<trkpt lat="33.0134541" lon="35.1738585"><ele>137.4</ele><time>2026-03-05T12:27:38Z</time></trkpt>
<trkpt lat="33.0134546" lon="35.1738586"><ele>137.4</ele><time>2026-03-05T12:27:39Z</time></trkpt>
<trkpt lat="33.0134552" lon="35.1738585"><ele>137.5</ele><time>2026-03-05T12:27:40Z</time></trkpt>
<trkpt lat="33.013456" lon="35.1738585"><ele>137.5</ele><time>2026-03-05T12:27:41Z</time></trkpt>
<trkpt lat="33.0134568" lon="35.1738585"><ele>137.5</ele><time>2026-03-05T12:27:42Z</time></trkpt>
<trkpt lat="33.0134576" lon="35.1738586"><ele>137.5</ele><time>2026-03-05T12:27:43Z</time></trkpt>
<trkpt lat="33.0134582" lon="35.1738589"><ele>137.6</ele><time>2026-03-05T12:27:44Z</time></trkpt>
<trkpt lat="33.0134578" lon="35.17386"><ele>137.6</ele><time>2026-03-05T12:27:45Z</time></trkpt>
<trkpt lat="33.0134553" lon="35.1738628"><ele>137.6</ele><time>2026-03-05T12:27:46Z</time></trkpt>
<trkpt lat="33.0134511" lon="35.1738681"><ele>137.6</ele><time>2026-03-05T12:27:47Z</time></trkpt>
<trkpt lat="33.0134491" lon="35.1738764"><ele>137.7</ele><time>2026-03-05T12:27:48Z</time></trkpt>
<trkpt lat="33.013451" lon="35.1738868"><ele>137.7</ele><time>2026-03-05T12:27:49Z</time></trkpt>
<trkpt lat="33.0134561" lon="35.1738976"><ele>137.7</ele><time>2026-03-05T12:27:50Z</time></trkpt>
<trkpt lat="33.0134639" lon="35.1739054"><ele>137.7</ele><time>2026-03-05T12:27:51Z</time></trkpt>
<trkpt lat="33.0134735" lon="35.1739078"><ele>137.7</ele><time>2026-03-05T12:27:52Z</time></trkpt>
<trkpt lat="33.013484" lon="35.1739045"><ele>137.7</ele><time>2026-03-05T12:27:53Z</time></trkpt>
<trkpt lat="33.0134959" lon="35.1738971"><ele>137.6</ele><time>2026-03-05T12:27:54Z</time></trkpt>
<trkpt lat="33.0135103" lon="35.1738893"><ele>137.6</ele><time>2026-03-05T12:27:55Z</time></trkpt>
<trkpt lat="33.0135268" lon="35.1738853"><ele>137.5</ele><time>2026-03-05T12:27:56Z</time></trkpt>
<trkpt lat="33.0135447" lon="35.1738863"><ele>137.5</ele><time>2026-03-05T12:27:57Z</time></trkpt>
<trkpt lat="33.0135624" lon="35.1738912"><ele>137.3</ele><time>2026-03-05T12:27:58Z</time></trkpt>
<trkpt lat="33.0135796" lon="35.173898"><ele>137.2</ele><time>2026-03-05T12:27:59Z</time></trkpt>
<trkpt lat="33.0135972" lon="35.173906"><ele>136.9</ele><time>2026-03-05T12:28:00Z</time></trkpt>
<trkpt lat="33.0136155" lon="35.1739155"><ele>136.7</ele><time>2026-03-05T12:28:01Z</time></trkpt>
<trkpt lat="33.0136328" lon="35.173926"><ele>136.4</ele><time>2026-03-05T12:28:02Z</time></trkpt>
<trkpt lat="33.0136466" lon="35.1739366"><ele>136.1</ele><time>2026-03-05T12:28:03Z</time></trkpt>
<trkpt lat="33.013657" lon="35.1739477"><ele>135.9</ele><time>2026-03-05T12:28:04Z</time></trkpt>
<trkpt lat="33.0136645" lon="35.1739602"><ele>135.6</ele><time>2026-03-05T12:28:05Z</time></trkpt>
<trkpt lat="33.0136689" lon="35.1739738"><ele>135.3</ele><time>2026-03-05T12:28:06Z</time></trkpt>
<trkpt lat="33.0136703" lon="35.1739869"><ele>135.1</ele><time>2026-03-05T12:28:07Z</time></trkpt>
<trkpt lat="33.0136692" lon="35.1739998"><ele>134.9</ele><time>2026-03-05T12:28:08Z</time></trkpt>
<trkpt lat="33.0136661" lon="35.174015"><ele>134.8</ele><time>2026-03-05T12:28:09Z</time></trkpt>
<trkpt lat="33.0136607" lon="35.1740336"><ele>134.7</ele><time>2026-03-05T12:28:10Z</time></trkpt>
<trkpt lat="33.0136544" lon="35.1740542"><ele>134.6</ele><time>2026-03-05T12:28:11Z</time></trkpt>
<trkpt lat="33.0136493" lon="35.1740743"><ele>134.6</ele><time>2026-03-05T12:28:12Z</time></trkpt>
<trkpt lat="33.013646" lon="35.1740928"><ele>134.6</ele><time>2026-03-05T12:28:13Z</time></trkpt>
<trkpt lat="33.013644" lon="35.1741092"><ele>134.6</ele><time>2026-03-05T12:28:14Z</time></trkpt>
<trkpt lat="33.0136426" lon="35.1741236"><ele>134.6</ele><time>2026-03-05T12:28:15Z</time></trkpt>
<trkpt lat="33.0136416" lon="35.174136"><ele>134.6</ele><time>2026-03-05T12:28:16Z</time></trkpt>
<trkpt lat="33.0136409" lon="35.1741451"><ele>134.6</ele><time>2026-03-05T12:28:17Z</time></trkpt>
<trkpt lat="33.0136404" lon="35.174151"><ele>134.7</ele><time>2026-03-05T12:28:18Z</time></trkpt>
<trkpt lat="33.0136398" lon="35.1741558"><ele>134.7</ele><time>2026-03-05T12:28:19Z</time></trkpt>
<trkpt lat="33.0136389" lon="35.1741609"><ele>134.8</ele><time>2026-03-05T12:28:20Z</time></trkpt>
<trkpt lat="33.0136377" lon="35.1741674"><ele>134.8</ele><time>2026-03-05T12:28:21Z</time></trkpt>
<trkpt lat="33.0136363" lon="35.1741754"><ele>134.9</ele><time>2026-03-05T12:28:22Z</time></trkpt>
<trkpt lat="33.0136347" lon="35.1741844"><ele>134.9</ele><time>2026-03-05T12:28:23Z</time></trkpt>
<trkpt lat="33.0136337" lon="35.1741939"><ele>135.0</ele><time>2026-03-05T12:28:24Z</time></trkpt>
<trkpt lat="33.0136336" lon="35.174203"><ele>135.0</ele><time>2026-03-05T12:28:25Z</time></trkpt>
<trkpt lat="33.0136343" lon="35.1742117"><ele>135.1</ele><time>2026-03-05T12:28:26Z</time></trkpt>
<trkpt lat="33.0136352" lon="35.1742198"><ele>135.1</ele><time>2026-03-05T12:28:27Z</time></trkpt>
<trkpt lat="33.0136358" lon="35.1742263"><ele>135.1</ele><time>2026-03-05T12:28:28Z</time></trkpt>
<trkpt lat="33.0136362" lon="35.1742315"><ele>135.2</ele><time>2026-03-05T12:28:29Z</time></trkpt>
<trkpt lat="33.0136368" lon="35.1742361"><ele>135.2</ele><time>2026-03-05T12:28:30Z</time></trkpt>
<trkpt lat="33.0136378" lon="35.1742408"><ele>135.2</ele><time>2026-03-05T12:28:31Z</time></trkpt>
<trkpt lat="33.0136393" lon="35.1742467"><ele>135.2</ele><time>2026-03-05T12:28:32Z</time></trkpt>
<trkpt lat="33.0136414" lon="35.1742539"><ele>135.3</ele><time>2026-03-05T12:28:33Z</time></trkpt>
<trkpt lat="33.0136432" lon="35.174261"><ele>135.3</ele><time>2026-03-05T12:28:34Z</time></trkpt>
<trkpt lat="33.0136445" lon="35.1742681"><ele>135.4</ele><time>2026-03-05T12:28:35Z</time></trkpt>
<trkpt lat="33.0136455" lon="35.1742762"><ele>135.4</ele><time>2026-03-05T12:28:36Z</time></trkpt>
<trkpt lat="33.0136459" lon="35.1742845"><ele>135.5</ele><time>2026-03-05T12:28:37Z</time></trkpt>
<trkpt lat="33.0136451" lon="35.1742931"><ele>135.6</ele><time>2026-03-05T12:28:38Z</time></trkpt>
<trkpt lat="33.013643" lon="35.1743031"><ele>135.7</ele><time>2026-03-05T12:28:39Z</time></trkpt>
<trkpt lat="33.0136407" lon="35.174314"><ele>135.8</ele><time>2026-03-05T12:28:40Z</time></trkpt>
<trkpt lat="33.0136392" lon="35.1743228"><ele>135.9</ele><time>2026-03-05T12:28:41Z</time></trkpt>
<trkpt lat="33.0136388" lon="35.1743294"><ele>136.0</ele><time>2026-03-05T12:28:42Z</time></trkpt>
<trkpt lat="33.0136387" lon="35.1743343"><ele>136.1</ele><time>2026-03-05T12:28:43Z</time></trkpt>
<trkpt lat="33.0136389" lon="35.1743377"><ele>136.2</ele><time>2026-03-05T12:28:44Z</time></trkpt>
<trkpt lat="33.0136391" lon="35.1743403"><ele>136.3</ele><time>2026-03-05T12:28:45Z</time></trkpt>
<trkpt lat="33.0136392" lon="35.1743426"><ele>136.4</ele><time>2026-03-05T12:28:46Z</time></trkpt>
<trkpt lat="33.013639" lon="35.1743453"><ele>136.4</ele><time>2026-03-05T12:28:47Z</time></trkpt>
<trkpt lat="33.0136382" lon="35.1743486"><ele>136.5</ele><time>2026-03-05T12:28:48Z</time></trkpt>
<trkpt lat="33.0136375" lon="35.1743524"><ele>136.5</ele><time>2026-03-05T12:28:49Z</time></trkpt>
<trkpt lat="33.013638" lon="35.1743576"><ele>136.6</ele><time>2026-03-05T12:28:50Z</time></trkpt>
<trkpt lat="33.0136387" lon="35.1743624"><ele>136.6</ele><time>2026-03-05T12:28:51Z</time></trkpt>
<trkpt lat="33.0136394" lon="35.1743659"><ele>136.6</ele><time>2026-03-05T12:28:52Z</time></trkpt>
<trkpt lat="33.0136403" lon="35.1743693"><ele>136.7</ele><time>2026-03-05T12:28:53Z</time></trkpt>
<trkpt lat="33.0136413" lon="35.174373"><ele>136.7</ele><time>2026-03-05T12:28:54Z</time></trkpt>
<trkpt lat="33.0136426" lon="35.1743778"><ele>136.7</ele><time>2026-03-05T12:28:55Z</time></trkpt>
<trkpt lat="33.0136444" lon="35.174384"><ele>136.8</ele><time>2026-03-05T12:28:56Z</time></trkpt>
<trkpt lat="33.0136461" lon="35.1743916"><ele>136.8</ele><time>2026-03-05T12:28:57Z</time></trkpt>
<trkpt lat="33.0136473" lon="35.1743997"><ele>136.8</ele><time>2026-03-05T12:28:58Z</time></trkpt>
<trkpt lat="33.0136487" lon="35.1744068"><ele>136.9</ele><time>2026-03-05T12:28:59Z</time></trkpt>
<trkpt lat="33.0136501" lon="35.1744143"><ele>136.9</ele><time>2026-03-05T12:29:00Z</time></trkpt>
<trkpt lat="33.013651" lon="35.1744248"><ele>137.0</ele><time>2026-03-05T12:29:01Z</time></trkpt>
<trkpt lat="33.0136509" lon="35.1744375"><ele>137.0</ele><time>2026-03-05T12:29:02Z</time></trkpt>
<trkpt lat="33.0136502" lon="35.1744507"><ele>137.1</ele><time>2026-03-05T12:29:03Z</time></trkpt>
<trkpt lat="33.0136488" lon="35.1744643"><ele>137.2</ele><time>2026-03-05T12:29:04Z</time></trkpt>
<trkpt lat="33.0136467" lon="35.1744777"><ele>137.3</ele><time>2026-03-05T12:29:05Z</time></trkpt>
<trkpt lat="33.0136446" lon="35.1744912"><ele>137.4</ele><time>2026-03-05T12:29:06Z</time></trkpt>
<trkpt lat="33.0136435" lon="35.1745058"><ele>137.4</ele><time>2026-03-05T12:29:07Z</time></trkpt>
<trkpt lat="33.0136433" lon="35.1745199"><ele>137.5</ele><time>2026-03-05T12:29:08Z</time></trkpt>
<trkpt lat="33.0136439" lon="35.1745345"><ele>137.6</ele><time>2026-03-05T12:29:09Z</time></trkpt>
<trkpt lat="33.0136456" lon="35.1745496"><ele>137.7</ele><time>2026-03-05T12:29:10Z</time></trkpt>
<trkpt lat="33.0136493" lon="35.1745645"><ele>137.9</ele><time>2026-03-05T12:29:11Z</time></trkpt>
<trkpt lat="33.0136541" lon="35.1745782"><ele>138.0</ele><time>2026-03-05T12:29:12Z</time></trkpt>
<trkpt lat="33.0136593" lon="35.1745901"><ele>138.1</ele><time>2026-03-05T12:29:13Z</time></trkpt>
<trkpt lat="33.013664" lon="35.1746014"><ele>138.3</ele><time>2026-03-05T12:29:14Z</time></trkpt>
<trkpt lat="33.0136686" lon="35.1746134"><ele>138.4</ele><time>2026-03-05T12:29:15Z</time></trkpt>
<trkpt lat="33.0136738" lon="35.1746263"><ele>138.6</ele><time>2026-03-05T12:29:16Z</time></trkpt>
<trkpt lat="33.0136793" lon="35.1746393"><ele>138.8</ele><time>2026-03-05T12:29:17Z</time></trkpt>
<trkpt lat="33.0136853" lon="35.1746512"><ele>139.0</ele><time>2026-03-05T12:29:18Z</time></trkpt>
<trkpt lat="33.0136915" lon="35.1746622"><ele>139.3</ele><time>2026-03-05T12:29:19Z</time></trkpt>
<trkpt lat="33.0136973" lon="35.1746724"><ele>139.5</ele><time>2026-03-05T12:29:20Z</time></trkpt>
<trkpt lat="33.0137021" lon="35.1746817"><ele>139.7</ele><time>2026-03-05T12:29:21Z</time></trkpt>
<trkpt lat="33.0137069" lon="35.1746925"><ele>140.0</ele><time>2026-03-05T12:29:22Z</time></trkpt>
<trkpt lat="33.0137123" lon="35.1747037"><ele>140.2</ele><time>2026-03-05T12:29:23Z</time></trkpt>
<trkpt lat="33.0137174" lon="35.1747135"><ele>140.4</ele><time>2026-03-05T12:29:24Z</time></trkpt>
<trkpt lat="33.013722" lon="35.1747229"><ele>140.6</ele><time>2026-03-05T12:29:25Z</time></trkpt>
<trkpt lat="33.0137257" lon="35.1747322"><ele>140.8</ele><time>2026-03-05T12:29:26Z</time></trkpt>
<trkpt lat="33.0137293" lon="35.1747419"><ele>141.0</ele><time>2026-03-05T12:29:27Z</time></trkpt>
<trkpt lat="33.0137329" lon="35.1747519"><ele>141.2</ele><time>2026-03-05T12:29:28Z</time></trkpt>
<trkpt lat="33.0137359" lon="35.1747611"><ele>141.3</ele><time>2026-03-05T12:29:29Z</time></trkpt>
<trkpt lat="33.0137378" lon="35.1747684"><ele>141.5</ele><time>2026-03-05T12:29:30Z</time></trkpt>
<trkpt lat="33.0137385" lon="35.1747744"><ele>141.6</ele><time>2026-03-05T12:29:31Z</time></trkpt>
<trkpt lat="33.0137387" lon="35.1747807"><ele>141.7</ele><time>2026-03-05T12:29:32Z</time></trkpt>
<trkpt lat="33.0137383" lon="35.1747888"><ele>141.7</ele><time>2026-03-05T12:29:33Z</time></trkpt>
<trkpt lat="33.013738" lon="35.1748004"><ele>141.8</ele><time>2026-03-05T12:29:34Z</time></trkpt>
<trkpt lat="33.0137387" lon="35.1748161"><ele>141.8</ele><time>2026-03-05T12:29:35Z</time></trkpt>
<trkpt lat="33.0137397" lon="35.1748346"><ele>141.9</ele><time>2026-03-05T12:29:36Z</time></trkpt>
<trkpt lat="33.0137412" lon="35.1748552"><ele>141.9</ele><time>2026-03-05T12:29:37Z</time></trkpt>
<trkpt lat="33.0137437" lon="35.174879"><ele>141.9</ele><time>2026-03-05T12:29:38Z</time></trkpt>
<trkpt lat="33.0137478" lon="35.1749045"><ele>141.9</ele><time>2026-03-05T12:29:39Z</time></trkpt>
<trkpt lat="33.0137527" lon="35.1749301"><ele>142.0</ele><time>2026-03-05T12:29:40Z</time></trkpt>
<trkpt lat="33.0137563" lon="35.1749557"><ele>142.0</ele><time>2026-03-05T12:29:41Z</time></trkpt>
<trkpt lat="33.0137583" lon="35.1749816"><ele>142.1</ele><time>2026-03-05T12:29:42Z</time></trkpt>
<trkpt lat="33.0137599" lon="35.1750074"><ele>142.2</ele><time>2026-03-05T12:29:43Z</time></trkpt>
<trkpt lat="33.0137614" lon="35.1750326"><ele>142.3</ele><time>2026-03-05T12:29:44Z</time></trkpt>
<trkpt lat="33.0137623" lon="35.1750564"><ele>142.4</ele><time>2026-03-05T12:29:45Z</time></trkpt>
<trkpt lat="33.0137624" lon="35.1750788"><ele>142.5</ele><time>2026-03-05T12:29:46Z</time></trkpt>
<trkpt lat="33.013762" lon="35.1751014"><ele>142.7</ele><time>2026-03-05T12:29:47Z</time></trkpt>
<trkpt lat="33.013761" lon="35.1751243"><ele>142.8</ele><time>2026-03-05T12:29:48Z</time></trkpt>
<trkpt lat="33.0137591" lon="35.1751468"><ele>143.0</ele><time>2026-03-05T12:29:49Z</time></trkpt>
<trkpt lat="33.013756" lon="35.1751699"><ele>143.2</ele><time>2026-03-05T12:29:50Z</time></trkpt>
<trkpt lat="33.013751" lon="35.1751944"><ele>143.3</ele><time>2026-03-05T12:29:51Z</time></trkpt>
<trkpt lat="33.0137434" lon="35.1752216"><ele>143.5</ele><time>2026-03-05T12:29:52Z</time></trkpt>
<trkpt lat="33.0137335" lon="35.1752527"><ele>143.6</ele><time>2026-03-05T12:29:53Z</time></trkpt>
<trkpt lat="33.0137216" lon="35.1752874"><ele>143.8</ele><time>2026-03-05T12:29:54Z</time></trkpt>
<trkpt lat="33.0137088" lon="35.1753227"><ele>143.9</ele><time>2026-03-05T12:29:55Z</time></trkpt>
<trkpt lat="33.0136967" lon="35.1753551"><ele>144.0</ele><time>2026-03-05T12:29:56Z</time></trkpt>
<trkpt lat="33.0136856" lon="35.1753835"><ele>144.1</ele><time>2026-03-05T12:29:57Z</time></trkpt>
<trkpt lat="33.0136753" lon="35.1754086"><ele>144.2</ele><time>2026-03-05T12:29:58Z</time></trkpt>
<trkpt lat="33.0136656" lon="35.1754316"><ele>144.3</ele><time>2026-03-05T12:29:59Z</time></trkpt>
<trkpt lat="33.0136565" lon="35.1754533"><ele>144.4</ele><time>2026-03-05T12:30:00Z</time></trkpt>
<trkpt lat="33.0136482" lon="35.1754748"><ele>144.5</ele><time>2026-03-05T12:30:01Z</time></trkpt>
<trkpt lat="33.0136406" lon="35.1754974"><ele>144.6</ele><time>2026-03-05T12:30:02Z</time></trkpt>
<trkpt lat="33.0136345" lon="35.1755204"><ele>144.8</ele><time>2026-03-05T12:30:03Z</time></trkpt>
<trkpt lat="33.01363" lon="35.1755433"><ele>144.9</ele><time>2026-03-05T12:30:04Z</time></trkpt>
<trkpt lat="33.0136266" lon="35.1755672"><ele>145.1</ele><time>2026-03-05T12:30:05Z</time></trkpt>
<trkpt lat="33.0136233" lon="35.1755926"><ele>145.3</ele><time>2026-03-05T12:30:06Z</time></trkpt>
<trkpt lat="33.0136194" lon="35.175619"><ele>145.4</ele><time>2026-03-05T12:30:07Z</time></trkpt>
<trkpt lat="33.0136147" lon="35.175646"><ele>145.6</ele><time>2026-03-05T12:30:08Z</time></trkpt>
<trkpt lat="33.0136089" lon="35.1756734"><ele>145.8</ele><time>2026-03-05T12:30:09Z</time></trkpt>
<trkpt lat="33.0136022" lon="35.1757011"><ele>145.9</ele><time>2026-03-05T12:30:10Z</time></trkpt>
<trkpt lat="33.0135953" lon="35.175728"><ele>146.1</ele><time>2026-03-05T12:30:11Z</time></trkpt>
<trkpt lat="33.0135885" lon="35.1757544"><ele>146.2</ele><time>2026-03-05T12:30:12Z</time></trkpt>
<trkpt lat="33.0135821" lon="35.1757812"><ele>146.4</ele><time>2026-03-05T12:30:13Z</time></trkpt>
<trkpt lat="33.0135762" lon="35.1758084"><ele>146.5</ele><time>2026-03-05T12:30:14Z</time></trkpt>
<trkpt lat="33.0135708" lon="35.1758354"><ele>146.7</ele><time>2026-03-05T12:30:15Z</time></trkpt>
<trkpt lat="33.0135655" lon="35.1758619"><ele>146.9</ele><time>2026-03-05T12:30:16Z</time></trkpt>
<trkpt lat="33.0135612" lon="35.175888"><ele>147.1</ele><time>2026-03-05T12:30:17Z</time></trkpt>
<trkpt lat="33.013558" lon="35.1759144"><ele>147.3</ele><time>2026-03-05T12:30:18Z</time></trkpt>
<trkpt lat="33.013555" lon="35.1759416"><ele>147.5</ele><time>2026-03-05T12:30:19Z</time></trkpt>
<trkpt lat="33.013552" lon="35.1759695"><ele>147.7</ele><time>2026-03-05T12:30:20Z</time></trkpt>
<trkpt lat="33.0135492" lon="35.1759979"><ele>147.9</ele><time>2026-03-05T12:30:21Z</time></trkpt>
<trkpt lat="33.0135475" lon="35.1760265"><ele>148.1</ele><time>2026-03-05T12:30:22Z</time></trkpt>
<trkpt lat="33.0135473" lon="35.1760549"><ele>148.4</ele><time>2026-03-05T12:30:23Z</time></trkpt>
<trkpt lat="33.0135481" lon="35.1760829"><ele>148.6</ele><time>2026-03-05T12:30:24Z</time></trkpt>
<trkpt lat="33.013549" lon="35.1761114"><ele>148.8</ele><time>2026-03-05T12:30:25Z</time></trkpt>
<trkpt lat="33.013549" lon="35.1761405"><ele>149.1</ele><time>2026-03-05T12:30:26Z</time></trkpt>
<trkpt lat="33.013548" lon="35.1761696"><ele>149.3</ele><time>2026-03-05T12:30:27Z</time></trkpt>
<trkpt lat="33.0135466" lon="35.1761991"><ele>149.6</ele><time>2026-03-05T12:30:28Z</time></trkpt>
<trkpt lat="33.0135454" lon="35.1762297"><ele>149.8</ele><time>2026-03-05T12:30:29Z</time></trkpt>
<trkpt lat="33.0135442" lon="35.1762611"><ele>150.0</ele><time>2026-03-05T12:30:30Z</time></trkpt>
<trkpt lat="33.013543" lon="35.1762931"><ele>150.2</ele><time>2026-03-05T12:30:31Z</time></trkpt>
<trkpt lat="33.0135416" lon="35.1763259"><ele>150.4</ele><time>2026-03-05T12:30:32Z</time></trkpt>
<trkpt lat="33.0135397" lon="35.1763593"><ele>150.6</ele><time>2026-03-05T12:30:33Z</time></trkpt>
<trkpt lat="33.0135374" lon="35.1763929"><ele>150.7</ele><time>2026-03-05T12:30:34Z</time></trkpt>
<trkpt lat="33.0135344" lon="35.1764263"><ele>150.9</ele><time>2026-03-05T12:30:35Z</time></trkpt>
<trkpt lat="33.0135307" lon="35.1764595"><ele>151.0</ele><time>2026-03-05T12:30:36Z</time></trkpt>
<trkpt lat="33.0135264" lon="35.1764933"><ele>151.1</ele><time>2026-03-05T12:30:37Z</time></trkpt>
<trkpt lat="33.0135213" lon="35.1765272"><ele>151.3</ele><time>2026-03-05T12:30:38Z</time></trkpt>
<trkpt lat="33.0135151" lon="35.1765607"><ele>151.4</ele><time>2026-03-05T12:30:39Z</time></trkpt>
<trkpt lat="33.0135083" lon="35.1765941"><ele>151.5</ele><time>2026-03-05T12:30:40Z</time></trkpt>
<trkpt lat="33.0135014" lon="35.176627"><ele>151.7</ele><time>2026-03-05T12:30:41Z</time></trkpt>
<trkpt lat="33.0134946" lon="35.1766591"><ele>151.8</ele><time>2026-03-05T12:30:42Z</time></trkpt>
<trkpt lat="33.013488" lon="35.1766908"><ele>152.0</ele><time>2026-03-05T12:30:43Z</time></trkpt>
<trkpt lat="33.0134807" lon="35.1767226"><ele>152.1</ele><time>2026-03-05T12:30:44Z</time></trkpt>
<trkpt lat="33.0134722" lon="35.1767544"><ele>152.3</ele><time>2026-03-05T12:30:45Z</time></trkpt>
<trkpt lat="33.0134621" lon="35.1767853"><ele>152.5</ele><time>2026-03-05T12:30:46Z</time></trkpt>
<trkpt lat="33.0134495" lon="35.1768146"><ele>152.7</ele><time>2026-03-05T12:30:47Z</time></trkpt>
<trkpt lat="33.0134348" lon="35.1768409"><ele>152.9</ele><time>2026-03-05T12:30:48Z</time></trkpt>
<trkpt lat="33.0134186" lon="35.1768644"><ele>153.0</ele><time>2026-03-05T12:30:49Z</time></trkpt>
<trkpt lat="33.0134009" lon="35.1768876"><ele>153.1</ele><time>2026-03-05T12:30:50Z</time></trkpt>
<trkpt lat="33.0133818" lon="35.1769136"><ele>153.2</ele><time>2026-03-05T12:30:51Z</time></trkpt>
<trkpt lat="33.0133616" lon="35.1769453"><ele>153.3</ele><time>2026-03-05T12:30:52Z</time></trkpt>
<trkpt lat="33.0133429" lon="35.1769828"><ele>153.3</ele><time>2026-03-05T12:30:53Z</time></trkpt>
<trkpt lat="33.0133291" lon="35.1770218"><ele>153.3</ele><time>2026-03-05T12:30:54Z</time></trkpt>
<trkpt lat="33.0133213" lon="35.1770574"><ele>153.3</ele><time>2026-03-05T12:30:55Z</time></trkpt>
<trkpt lat="33.0133168" lon="35.1770865"><ele>153.3</ele><time>2026-03-05T12:30:56Z</time></trkpt>
<trkpt lat="33.013312" lon="35.1771109"><ele>153.3</ele><time>2026-03-05T12:30:57Z</time></trkpt>
<trkpt lat="33.0133049" lon="35.1771366"><ele>153.3</ele><time>2026-03-05T12:30:58Z</time></trkpt>
<trkpt lat="33.0132955" lon="35.177168"><ele>153.3</ele><time>2026-03-05T12:30:59Z</time></trkpt>
<trkpt lat="33.0132841" lon="35.1772047"><ele>153.4</ele><time>2026-03-05T12:31:00Z</time></trkpt>
<trkpt lat="33.0132715" lon="35.1772433"><ele>153.5</ele><time>2026-03-05T12:31:01Z</time></trkpt>
<trkpt lat="33.0132584" lon="35.1772816"><ele>153.5</ele><time>2026-03-05T12:31:02Z</time></trkpt>
<trkpt lat="33.0132457" lon="35.17732"><ele>153.6</ele><time>2026-03-05T12:31:03Z</time></trkpt>
<trkpt lat="33.0132338" lon="35.1773589"><ele>153.7</ele><time>2026-03-05T12:31:04Z</time></trkpt>
<trkpt lat="33.0132228" lon="35.177399"><ele>153.7</ele><time>2026-03-05T12:31:05Z</time></trkpt>
<trkpt lat="33.0132122" lon="35.1774401"><ele>153.7</ele><time>2026-03-05T12:31:06Z</time></trkpt>
<trkpt lat="33.013202" lon="35.1774814"><ele>153.8</ele><time>2026-03-05T12:31:07Z</time></trkpt>
<trkpt lat="33.0131927" lon="35.1775222"><ele>153.8</ele><time>2026-03-05T12:31:08Z</time></trkpt>
<trkpt lat="33.0131843" lon="35.1775627"><ele>153.8</ele><time>2026-03-05T12:31:09Z</time></trkpt>
<trkpt lat="33.0131764" lon="35.1776032"><ele>153.8</ele><time>2026-03-05T12:31:10Z</time></trkpt>
<trkpt lat="33.0131688" lon="35.1776439"><ele>153.9</ele><time>2026-03-05T12:31:11Z</time></trkpt>
<trkpt lat="33.0131612" lon="35.1776854"><ele>153.9</ele><time>2026-03-05T12:31:12Z</time></trkpt>
<trkpt lat="33.0131534" lon="35.1777273"><ele>154.0</ele><time>2026-03-05T12:31:13Z</time></trkpt>
<trkpt lat="33.013145" lon="35.1777688"><ele>154.1</ele><time>2026-03-05T12:31:14Z</time></trkpt>
<trkpt lat="33.013136" lon="35.1778088"><ele>154.2</ele><time>2026-03-05T12:31:15Z</time></trkpt>
<trkpt lat="33.0131264" lon="35.1778477"><ele>154.3</ele><time>2026-03-05T12:31:16Z</time></trkpt>
<trkpt lat="33.013116" lon="35.1778854"><ele>154.5</ele><time>2026-03-05T12:31:17Z</time></trkpt>
<trkpt lat="33.0131041" lon="35.1779209"><ele>154.7</ele><time>2026-03-05T12:31:18Z</time></trkpt>
<trkpt lat="33.0130911" lon="35.1779534"><ele>154.9</ele><time>2026-03-05T12:31:19Z</time></trkpt>
<trkpt lat="33.0130774" lon="35.1779833"><ele>155.1</ele><time>2026-03-05T12:31:20Z</time></trkpt>
<trkpt lat="33.0130643" lon="35.1780123"><ele>155.3</ele><time>2026-03-05T12:31:21Z</time></trkpt>
<trkpt lat="33.0130544" lon="35.1780422"><ele>155.5</ele><time>2026-03-05T12:31:22Z</time></trkpt>
<trkpt lat="33.0130491" lon="35.1780744"><ele>155.8</ele><time>2026-03-05T12:31:23Z</time></trkpt>
<trkpt lat="33.0130483" lon="35.1781096"><ele>156.0</ele><time>2026-03-05T12:31:24Z</time></trkpt>
<trkpt lat="33.0130512" lon="35.1781466"><ele>156.2</ele><time>2026-03-05T12:31:25Z</time></trkpt>
<trkpt lat="33.0130572" lon="35.1781841"><ele>156.4</ele><time>2026-03-05T12:31:26Z</time></trkpt>
<trkpt lat="33.013067" lon="35.1782222"><ele>156.6</ele><time>2026-03-05T12:31:27Z</time></trkpt>
<trkpt lat="33.0130796" lon="35.1782614"><ele>156.8</ele><time>2026-03-05T12:31:28Z</time></trkpt>
<trkpt lat="33.0130926" lon="35.1783016"><ele>157.0</ele><time>2026-03-05T12:31:29Z</time></trkpt>
<trkpt lat="33.0131044" lon="35.1783422"><ele>157.2</ele><time>2026-03-05T12:31:30Z</time></trkpt>
<trkpt lat="33.0131156" lon="35.1783834"><ele>157.3</ele><time>2026-03-05T12:31:31Z</time></trkpt>
<trkpt lat="33.013126" lon="35.1784245"><ele>157.5</ele><time>2026-03-05T12:31:32Z</time></trkpt>
<trkpt lat="33.0131355" lon="35.1784648"><ele>157.6</ele><time>2026-03-05T12:31:33Z</time></trkpt>
<trkpt lat="33.0131441" lon="35.1785045"><ele>157.8</ele><time>2026-03-05T12:31:34Z</time></trkpt>
<trkpt lat="33.0131524" lon="35.1785447"><ele>157.9</ele><time>2026-03-05T12:31:35Z</time></trkpt>
<trkpt lat="33.0131604" lon="35.1785858"><ele>158.0</ele><time>2026-03-05T12:31:36Z</time></trkpt>
<trkpt lat="33.0131685" lon="35.1786269"><ele>158.2</ele><time>2026-03-05T12:31:37Z</time></trkpt>
<trkpt lat="33.0131769" lon="35.1786668"><ele>158.3</ele><time>2026-03-05T12:31:38Z</time></trkpt>
<trkpt lat="33.0131857" lon="35.1787051"><ele>158.4</ele><time>2026-03-05T12:31:39Z</time></trkpt>
<trkpt lat="33.0131947" lon="35.1787417"><ele>158.5</ele><time>2026-03-05T12:31:40Z</time></trkpt>
<trkpt lat="33.0132036" lon="35.1787777"><ele>158.6</ele><time>2026-03-05T12:31:41Z</time></trkpt>
<trkpt lat="33.0132125" lon="35.1788151"><ele>158.8</ele><time>2026-03-05T12:31:42Z</time></trkpt>
<trkpt lat="33.0132216" lon="35.1788526"><ele>158.9</ele><time>2026-03-05T12:31:43Z</time></trkpt>
<trkpt lat="33.0132313" lon="35.1788893"><ele>159.0</ele><time>2026-03-05T12:31:44Z</time></trkpt>
<trkpt lat="33.013242" lon="35.1789255"><ele>159.2</ele><time>2026-03-05T12:31:45Z</time></trkpt>
<trkpt lat="33.0132539" lon="35.17896"><ele>159.3</ele><time>2026-03-05T12:31:46Z</time></trkpt>
<trkpt lat="33.0132669" lon="35.1789927"><ele>159.5</ele><time>2026-03-05T12:31:47Z</time></trkpt>
<trkpt lat="33.0132809" lon="35.1790252"><ele>159.6</ele><time>2026-03-05T12:31:48Z</time></trkpt>
<trkpt lat="33.0132959" lon="35.1790592"><ele>159.7</ele><time>2026-03-05T12:31:49Z</time></trkpt>
<trkpt lat="33.0133121" lon="35.1790947"><ele>159.9</ele><time>2026-03-05T12:31:50Z</time></trkpt>
<trkpt lat="33.0133298" lon="35.1791297"><ele>160.0</ele><time>2026-03-05T12:31:51Z</time></trkpt>
<trkpt lat="33.0133491" lon="35.1791631"><ele>160.1</ele><time>2026-03-05T12:31:52Z</time></trkpt>
<trkpt lat="33.0133702" lon="35.1791947"><ele>160.3</ele><time>2026-03-05T12:31:53Z</time></trkpt>
<trkpt lat="33.013394" lon="35.1792238"><ele>160.4</ele><time>2026-03-05T12:31:54Z</time></trkpt>
<trkpt lat="33.0134204" lon="35.1792504"><ele>160.6</ele><time>2026-03-05T12:31:55Z</time></trkpt>
<trkpt lat="33.0134485" lon="35.1792736"><ele>160.7</ele><time>2026-03-05T12:31:56Z</time></trkpt>
<trkpt lat="33.0134773" lon="35.179293"><ele>160.9</ele><time>2026-03-05T12:31:57Z</time></trkpt>
<trkpt lat="33.0135053" lon="35.1793102"><ele>161.0</ele><time>2026-03-05T12:31:58Z</time></trkpt>
<trkpt lat="33.0135327" lon="35.1793265"><ele>161.2</ele><time>2026-03-05T12:31:59Z</time></trkpt>
<trkpt lat="33.0135615" lon="35.1793422"><ele>161.3</ele><time>2026-03-05T12:32:00Z</time></trkpt>
<trkpt lat="33.0135925" lon="35.1793573"><ele>161.5</ele><time>2026-03-05T12:32:01Z</time></trkpt>
<trkpt lat="33.0136247" lon="35.1793725"><ele>161.6</ele><time>2026-03-05T12:32:02Z</time></trkpt>
<trkpt lat="33.0136577" lon="35.1793884"><ele>161.8</ele><time>2026-03-05T12:32:03Z</time></trkpt>
<trkpt lat="33.0136904" lon="35.1794059"><ele>161.9</ele><time>2026-03-05T12:32:04Z</time></trkpt>
<trkpt lat="33.0137218" lon="35.1794246"><ele>162.0</ele><time>2026-03-05T12:32:05Z</time></trkpt>
<trkpt lat="33.0137522" lon="35.1794437"><ele>162.1</ele><time>2026-03-05T12:32:06Z</time></trkpt>
<trkpt lat="33.0137826" lon="35.1794611"><ele>162.2</ele><time>2026-03-05T12:32:07Z</time></trkpt>
<trkpt lat="33.0138125" lon="35.1794742"><ele>162.4</ele><time>2026-03-05T12:32:08Z</time></trkpt>
<trkpt lat="33.0138401" lon="35.1794819"><ele>162.5</ele><time>2026-03-05T12:32:09Z</time></trkpt>
<trkpt lat="33.0138644" lon="35.1794841"><ele>162.6</ele><time>2026-03-05T12:32:10Z</time></trkpt>
<trkpt lat="33.0138855" lon="35.1794823"><ele>162.8</ele><time>2026-03-05T12:32:11Z</time></trkpt>
<trkpt lat="33.0139043" lon="35.1794788"><ele>163.0</ele><time>2026-03-05T12:32:12Z</time></trkpt>
<trkpt lat="33.0139217" lon="35.179475"><ele>163.2</ele><time>2026-03-05T12:32:13Z</time></trkpt>
<trkpt lat="33.0139387" lon="35.1794712"><ele>163.5</ele><time>2026-03-05T12:32:14Z</time></trkpt>
<trkpt lat="33.0139555" lon="35.1794684"><ele>163.8</ele><time>2026-03-05T12:32:15Z</time></trkpt>
<trkpt lat="33.013973" lon="35.179467"><ele>164.0</ele><time>2026-03-05T12:32:16Z</time></trkpt>
<trkpt lat="33.0139925" lon="35.1794665"><ele>164.3</ele><time>2026-03-05T12:32:17Z</time></trkpt>
<trkpt lat="33.0140135" lon="35.1794668"><ele>164.6</ele><time>2026-03-05T12:32:18Z</time></trkpt>
<trkpt lat="33.0140356" lon="35.1794674"><ele>164.8</ele><time>2026-03-05T12:32:19Z</time></trkpt>
<trkpt lat="33.0140592" lon="35.1794683"><ele>165.0</ele><time>2026-03-05T12:32:20Z</time></trkpt>
<trkpt lat="33.0140846" lon="35.1794702"><ele>165.2</ele><time>2026-03-05T12:32:21Z</time></trkpt>
<trkpt lat="33.0141111" lon="35.1794731"><ele>165.4</ele><time>2026-03-05T12:32:22Z</time></trkpt>
<trkpt lat="33.014138" lon="35.1794762"><ele>165.6</ele><time>2026-03-05T12:32:23Z</time></trkpt>
<trkpt lat="33.0141647" lon="35.17948"><ele>165.8</ele><time>2026-03-05T12:32:24Z</time></trkpt>
<trkpt lat="33.0141914" lon="35.1794845"><ele>166.0</ele><time>2026-03-05T12:32:25Z</time></trkpt>
<trkpt lat="33.0142176" lon="35.1794896"><ele>166.3</ele><time>2026-03-05T12:32:26Z</time></trkpt>
<trkpt lat="33.0142438" lon="35.179496"><ele>166.5</ele><time>2026-03-05T12:32:27Z</time></trkpt>
<trkpt lat="33.0142711" lon="35.1795037"><ele>166.7</ele><time>2026-03-05T12:32:28Z</time></trkpt>
<trkpt lat="33.0142992" lon="35.1795128"><ele>166.9</ele><time>2026-03-05T12:32:29Z</time></trkpt>
<trkpt lat="33.0143279" lon="35.1795227"><ele>167.1</ele><time>2026-03-05T12:32:30Z</time></trkpt>
<trkpt lat="33.0143573" lon="35.1795334"><ele>167.3</ele><time>2026-03-05T12:32:31Z</time></trkpt>
<trkpt lat="33.0143864" lon="35.1795444"><ele>167.4</ele><time>2026-03-05T12:32:32Z</time></trkpt>
<trkpt lat="33.014413" lon="35.1795552"><ele>167.5</ele><time>2026-03-05T12:32:33Z</time></trkpt>
<trkpt lat="33.0144369" lon="35.1795658"><ele>167.6</ele><time>2026-03-05T12:32:34Z</time></trkpt>
<trkpt lat="33.0144597" lon="35.1795773"><ele>167.6</ele><time>2026-03-05T12:32:35Z</time></trkpt>
<trkpt lat="33.0144821" lon="35.1795911"><ele>167.6</ele><time>2026-03-05T12:32:36Z</time></trkpt>
<trkpt lat="33.0145028" lon="35.1796076"><ele>167.6</ele><time>2026-03-05T12:32:37Z</time></trkpt>
<trkpt lat="33.0145197" lon="35.1796275"><ele>167.5</ele><time>2026-03-05T12:32:38Z</time></trkpt>
<trkpt lat="33.0145314" lon="35.1796514"><ele>167.5</ele><time>2026-03-05T12:32:39Z</time></trkpt>
<trkpt lat="33.014538" lon="35.1796786"><ele>167.4</ele><time>2026-03-05T12:32:40Z</time></trkpt>
<trkpt lat="33.0145411" lon="35.1797074"><ele>167.3</ele><time>2026-03-05T12:32:41Z</time></trkpt>
<trkpt lat="33.0145415" lon="35.1797373"><ele>167.2</ele><time>2026-03-05T12:32:42Z</time></trkpt>
<trkpt lat="33.0145408" lon="35.1797672"><ele>167.1</ele><time>2026-03-05T12:32:43Z</time></trkpt>
<trkpt lat="33.0145396" lon="35.1797954"><ele>167.0</ele><time>2026-03-05T12:32:44Z</time></trkpt>
<trkpt lat="33.0145385" lon="35.1798197"><ele>166.8</ele><time>2026-03-05T12:32:45Z</time></trkpt>
<trkpt lat="33.0145377" lon="35.1798398"><ele>166.7</ele><time>2026-03-05T12:32:46Z</time></trkpt>
<trkpt lat="33.0145372" lon="35.1798593"><ele>166.6</ele><time>2026-03-05T12:32:47Z</time></trkpt>
<trkpt lat="33.0145365" lon="35.1798796"><ele>166.4</ele><time>2026-03-05T12:32:48Z</time></trkpt>
<trkpt lat="33.0145352" lon="35.1799022"><ele>166.4</ele><time>2026-03-05T12:32:49Z</time></trkpt>
<trkpt lat="33.0145327" lon="35.1799276"><ele>166.3</ele><time>2026-03-05T12:32:50Z</time></trkpt>
<trkpt lat="33.014529" lon="35.1799541"><ele>166.3</ele><time>2026-03-05T12:32:51Z</time></trkpt>
<trkpt lat="33.0145246" lon="35.1799802"><ele>166.2</ele><time>2026-03-05T12:32:52Z</time></trkpt>
<trkpt lat="33.0145201" lon="35.1800049"><ele>166.2</ele><time>2026-03-05T12:32:53Z</time></trkpt>
<trkpt lat="33.0145163" lon="35.1800273"><ele>166.2</ele><time>2026-03-05T12:32:54Z</time></trkpt>
<trkpt lat="33.014513" lon="35.1800472"><ele>166.2</ele><time>2026-03-05T12:32:55Z</time></trkpt>
<trkpt lat="33.0145105" lon="35.1800646"><ele>166.1</ele><time>2026-03-05T12:32:56Z</time></trkpt>
<trkpt lat="33.0145096" lon="35.1800777"><ele>166.1</ele><time>2026-03-05T12:32:57Z</time></trkpt>
<trkpt lat="33.0145108" lon="35.1800863"><ele>166.1</ele><time>2026-03-05T12:32:58Z</time></trkpt>
<trkpt lat="33.0145136" lon="35.1800929"><ele>166.0</ele><time>2026-03-05T12:32:59Z</time></trkpt>
<trkpt lat="33.0145173" lon="35.1800988"><ele>166.0</ele><time>2026-03-05T12:33:00Z</time></trkpt>
<trkpt lat="33.0145215" lon="35.1801049"><ele>166.0</ele><time>2026-03-05T12:33:01Z</time></trkpt>
<trkpt lat="33.0145257" lon="35.1801108"><ele>165.9</ele><time>2026-03-05T12:33:02Z</time></trkpt>
<trkpt lat="33.0145294" lon="35.180116"><ele>165.9</ele><time>2026-03-05T12:33:03Z</time></trkpt>
<trkpt lat="33.0145327" lon="35.1801208"><ele>165.9</ele><time>2026-03-05T12:33:04Z</time></trkpt>
<trkpt lat="33.0145359" lon="35.1801257"><ele>166.0</ele><time>2026-03-05T12:33:05Z</time></trkpt>
<trkpt lat="33.0145393" lon="35.1801308"><ele>166.0</ele><time>2026-03-05T12:33:06Z</time></trkpt>
<trkpt lat="33.0145429" lon="35.1801364"><ele>166.0</ele><time>2026-03-05T12:33:07Z</time></trkpt>
<trkpt lat="33.0145465" lon="35.180143"><ele>166.0</ele><time>2026-03-05T12:33:08Z</time></trkpt>
<trkpt lat="33.01455" lon="35.1801505"><ele>166.1</ele><time>2026-03-05T12:33:09Z</time></trkpt>
<trkpt lat="33.0145536" lon="35.180159"><ele>166.1</ele><time>2026-03-05T12:33:10Z</time></trkpt>
<trkpt lat="33.0145575" lon="35.1801686"><ele>166.1</ele><time>2026-03-05T12:33:11Z</time></trkpt>
<trkpt lat="33.0145615" lon="35.1801797"><ele>166.1</ele><time>2026-03-05T12:33:12Z</time></trkpt>
<trkpt lat="33.0145655" lon="35.180192"><ele>166.1</ele><time>2026-03-05T12:33:13Z</time></trkpt>
<trkpt lat="33.0145695" lon="35.180205"><ele>166.1</ele><time>2026-03-05T12:33:14Z</time></trkpt>
<trkpt lat="33.0145736" lon="35.180218"><ele>166.0</ele><time>2026-03-05T12:33:15Z</time></trkpt>
<trkpt lat="33.0145777" lon="35.1802307"><ele>166.0</ele><time>2026-03-05T12:33:16Z</time></trkpt>
<trkpt lat="33.0145817" lon="35.1802427"><ele>166.0</ele><time>2026-03-05T12:33:17Z</time></trkpt>
<trkpt lat="33.0145852" lon="35.1802537"><ele>166.0</ele><time>2026-03-05T12:33:18Z</time></trkpt>
<trkpt lat="33.0145882" lon="35.1802644"><ele>166.0</ele><time>2026-03-05T12:33:19Z</time></trkpt>
<trkpt lat="33.0145908" lon="35.1802752"><ele>166.0</ele><time>2026-03-05T12:33:20Z</time></trkpt>
<trkpt lat="33.014593" lon="35.1802849"><ele>166.0</ele><time>2026-03-05T12:33:21Z</time></trkpt>
<trkpt lat="33.0145951" lon="35.1802945"><ele>166.0</ele><time>2026-03-05T12:33:22Z</time></trkpt>
<trkpt lat="33.0145976" lon="35.180304"><ele>166.0</ele><time>2026-03-05T12:33:23Z</time></trkpt>
<trkpt lat="33.0145995" lon="35.1803113"><ele>166.0</ele><time>2026-03-05T12:33:24Z</time></trkpt>
<trkpt lat="33.0146" lon="35.1803163"><ele>166.0</ele><time>2026-03-05T12:33:25Z</time></trkpt>
<trkpt lat="33.0146001" lon="35.1803204"><ele>166.0</ele><time>2026-03-05T12:33:26Z</time></trkpt>
<trkpt lat="33.0146003" lon="35.1803251"><ele>165.9</ele><time>2026-03-05T12:33:27Z</time></trkpt>
<trkpt lat="33.0146013" lon="35.1803328"><ele>165.9</ele><time>2026-03-05T12:33:28Z</time></trkpt>
<trkpt lat="33.0146034" lon="35.180345"><ele>165.9</ele><time>2026-03-05T12:33:29Z</time></trkpt>
<trkpt lat="33.0146042" lon="35.1803594"><ele>165.9</ele><time>2026-03-05T12:33:30Z</time></trkpt>
<trkpt lat="33.0146043" lon="35.1803762"><ele>165.9</ele><time>2026-03-05T12:33:31Z</time></trkpt>
<trkpt lat="33.0146065" lon="35.1803961"><ele>166.0</ele><time>2026-03-05T12:33:32Z</time></trkpt>
<trkpt lat="33.0146112" lon="35.1804164"><ele>166.0</ele><time>2026-03-05T12:33:33Z</time></trkpt>
<trkpt lat="33.0146185" lon="35.1804342"><ele>166.0</ele><time>2026-03-05T12:33:34Z</time></trkpt>
<trkpt lat="33.0146258" lon="35.1804484"><ele>166.0</ele><time>2026-03-05T12:33:35Z</time></trkpt>
<trkpt lat="33.0146317" lon="35.1804599"><ele>166.0</ele><time>2026-03-05T12:33:36Z</time></trkpt>
<trkpt lat="33.014636" lon="35.1804687"><ele>166.0</ele><time>2026-03-05T12:33:37Z</time></trkpt>
<trkpt lat="33.0146386" lon="35.1804741"><ele>166.0</ele><time>2026-03-05T12:33:38Z</time></trkpt>
<trkpt lat="33.01464" lon="35.180477"><ele>166.0</ele><time>2026-03-05T12:33:39Z</time></trkpt>
<trkpt lat="33.0146408" lon="35.180479"><ele>166.0</ele><time>2026-03-05T12:33:40Z</time></trkpt>
<trkpt lat="33.0146422" lon="35.1804818"><ele>166.0</ele><time>2026-03-05T12:33:41Z</time></trkpt>
<trkpt lat="33.0146446" lon="35.1804866"><ele>165.9</ele><time>2026-03-05T12:33:42Z</time></trkpt>
<trkpt lat="33.0146483" lon="35.1804931"><ele>165.9</ele><time>2026-03-05T12:33:43Z</time></trkpt>
<trkpt lat="33.0146525" lon="35.1804996"><ele>165.8</ele><time>2026-03-05T12:33:44Z</time></trkpt>
<trkpt lat="33.0146578" lon="35.1805059"><ele>165.8</ele><time>2026-03-05T12:33:45Z</time></trkpt>
<trkpt lat="33.0146643" lon="35.1805118"><ele>165.7</ele><time>2026-03-05T12:33:46Z</time></trkpt>
<trkpt lat="33.0146705" lon="35.1805172"><ele>165.7</ele><time>2026-03-05T12:33:47Z</time></trkpt>
<trkpt lat="33.0146769" lon="35.1805231"><ele>165.6</ele><time>2026-03-05T12:33:48Z</time></trkpt>
<trkpt lat="33.0146834" lon="35.1805291"><ele>165.5</ele><time>2026-03-05T12:33:49Z</time></trkpt>
<trkpt lat="33.0146896" lon="35.1805347"><ele>165.4</ele><time>2026-03-05T12:33:50Z</time></trkpt>
<trkpt lat="33.0146959" lon="35.1805401"><ele>165.2</ele><time>2026-03-05T12:33:51Z</time></trkpt>
<trkpt lat="33.0147029" lon="35.1805453"><ele>165.1</ele><time>2026-03-05T12:33:52Z</time></trkpt>
<trkpt lat="33.0147108" lon="35.1805504"><ele>165.0</ele><time>2026-03-05T12:33:53Z</time></trkpt>
<trkpt lat="33.0147184" lon="35.1805553"><ele>164.9</ele><time>2026-03-05T12:33:54Z</time></trkpt>
<trkpt lat="33.0147254" lon="35.1805597"><ele>164.8</ele><time>2026-03-05T12:33:55Z</time></trkpt>
<trkpt lat="33.0147316" lon="35.1805632"><ele>164.6</ele><time>2026-03-05T12:33:56Z</time></trkpt>
<trkpt lat="33.0147372" lon="35.1805662"><ele>164.5</ele><time>2026-03-05T12:33:57Z</time></trkpt>
<trkpt lat="33.0147424" lon="35.1805695"><ele>164.4</ele><time>2026-03-05T12:33:58Z</time></trkpt>
<trkpt lat="33.0147474" lon="35.1805733"><ele>164.3</ele><time>2026-03-05T12:33:59Z</time></trkpt>
<trkpt lat="33.0147523" lon="35.1805774"><ele>164.2</ele><time>2026-03-05T12:34:00Z</time></trkpt>
<trkpt lat="33.014758" lon="35.1805821"><ele>164.1</ele><time>2026-03-05T12:34:01Z</time></trkpt>
<trkpt lat="33.0147639" lon="35.180586"><ele>164.0</ele><time>2026-03-05T12:34:02Z</time></trkpt>
<trkpt lat="33.0147693" lon="35.1805887"><ele>163.9</ele><time>2026-03-05T12:34:03Z</time></trkpt>
<trkpt lat="33.014774" lon="35.1805917"><ele>163.8</ele><time>2026-03-05T12:34:04Z</time></trkpt>
<trkpt lat="33.0147777" lon="35.1805954"><ele>163.7</ele><time>2026-03-05T12:34:05Z</time></trkpt>
<trkpt lat="33.0147815" lon="35.1805993"><ele>163.6</ele><time>2026-03-05T12:34:06Z</time></trkpt>
<trkpt lat="33.0147867" lon="35.1806039"><ele>163.5</ele><time>2026-03-05T12:34:07Z</time></trkpt>
<trkpt lat="33.0147928" lon="35.1806093"><ele>163.4</ele><time>2026-03-05T12:34:08Z</time></trkpt>
<trkpt lat="33.0147982" lon="35.1806147"><ele>163.3</ele><time>2026-03-05T12:34:09Z</time></trkpt>
<trkpt lat="33.0148034" lon="35.1806201"><ele>163.3</ele><time>2026-03-05T12:34:10Z</time></trkpt>
<trkpt lat="33.0148085" lon="35.180624"><ele>163.3</ele><time>2026-03-05T12:34:11Z</time></trkpt>
<trkpt lat="33.0148144" lon="35.1806269"><ele>163.4</ele><time>2026-03-05T12:34:12Z</time></trkpt>
<trkpt lat="33.0148211" lon="35.1806304"><ele>163.4</ele><time>2026-03-05T12:34:13Z</time></trkpt>
<trkpt lat="33.0148285" lon="35.1806346"><ele>163.5</ele><time>2026-03-05T12:34:14Z</time></trkpt>
<trkpt lat="33.014836" lon="35.1806386"><ele>163.6</ele><time>2026-03-05T12:34:15Z</time></trkpt>
<trkpt lat="33.0148431" lon="35.1806418"><ele>163.8</ele><time>2026-03-05T12:34:16Z</time></trkpt>
<trkpt lat="33.0148499" lon="35.1806449"><ele>163.9</ele><time>2026-03-05T12:34:17Z</time></trkpt>
<trkpt lat="33.0148565" lon="35.1806486"><ele>164.1</ele><time>2026-03-05T12:34:18Z</time></trkpt>
<trkpt lat="33.0148625" lon="35.1806534"><ele>164.2</ele><time>2026-03-05T12:34:19Z</time></trkpt>
<trkpt lat="33.014868" lon="35.1806601"><ele>164.4</ele><time>2026-03-05T12:34:20Z</time></trkpt>
<trkpt lat="33.0148738" lon="35.1806693"><ele>164.5</ele><time>2026-03-05T12:34:21Z</time></trkpt>
<trkpt lat="33.0148797" lon="35.1806809"><ele>164.6</ele><time>2026-03-05T12:34:22Z</time></trkpt>
<trkpt lat="33.0148849" lon="35.180694"><ele>164.7</ele><time>2026-03-05T12:34:23Z</time></trkpt>
<trkpt lat="33.0148895" lon="35.1807078"><ele>164.8</ele><time>2026-03-05T12:34:24Z</time></trkpt>
<trkpt lat="33.0148937" lon="35.1807215"><ele>164.8</ele><time>2026-03-05T12:34:25Z</time></trkpt>
<trkpt lat="33.0148977" lon="35.1807349"><ele>164.9</ele><time>2026-03-05T12:34:26Z</time></trkpt>
<trkpt lat="33.014901" lon="35.1807479"><ele>164.9</ele><time>2026-03-05T12:34:27Z</time></trkpt>
<trkpt lat="33.014903" lon="35.1807605"><ele>164.9</ele><time>2026-03-05T12:34:28Z</time></trkpt>
<trkpt lat="33.0149038" lon="35.1807726"><ele>165.0</ele><time>2026-03-05T12:34:29Z</time></trkpt>
<trkpt lat="33.0149036" lon="35.1807845"><ele>165.0</ele><time>2026-03-05T12:34:30Z</time></trkpt>
<trkpt lat="33.0149027" lon="35.1807961"><ele>165.1</ele><time>2026-03-05T12:34:31Z</time></trkpt>
<trkpt lat="33.0149015" lon="35.1808075"><ele>165.1</ele><time>2026-03-05T12:34:32Z</time></trkpt>
<trkpt lat="33.0148996" lon="35.1808191"><ele>165.2</ele><time>2026-03-05T12:34:33Z</time></trkpt>
<trkpt lat="33.0148967" lon="35.180831"><ele>165.3</ele><time>2026-03-05T12:34:34Z</time></trkpt>
<trkpt lat="33.0148933" lon="35.1808425"><ele>165.4</ele><time>2026-03-05T12:34:35Z</time></trkpt>
<trkpt lat="33.0148898" lon="35.1808536"><ele>165.5</ele><time>2026-03-05T12:34:36Z</time></trkpt>
<trkpt lat="33.014886" lon="35.1808644"><ele>165.6</ele><time>2026-03-05T12:34:37Z</time></trkpt>
<trkpt lat="33.014882" lon="35.1808747"><ele>165.8</ele><time>2026-03-05T12:34:38Z</time></trkpt>
<trkpt lat="33.0148779" lon="35.180885"><ele>165.9</ele><time>2026-03-05T12:34:39Z</time></trkpt>
<trkpt lat="33.0148741" lon="35.1808942"><ele>166.0</ele><time>2026-03-05T12:34:40Z</time></trkpt>
<trkpt lat="33.0148713" lon="35.1809014"><ele>166.1</ele><time>2026-03-05T12:34:41Z</time></trkpt>
<trkpt lat="33.0148695" lon="35.1809076"><ele>166.3</ele><time>2026-03-05T12:34:42Z</time></trkpt>
<trkpt lat="33.0148684" lon="35.1809133"><ele>166.4</ele><time>2026-03-05T12:34:43Z</time></trkpt>
<trkpt lat="33.0148682" lon="35.1809191"><ele>166.5</ele><time>2026-03-05T12:34:44Z</time></trkpt>
<trkpt lat="33.0148694" lon="35.180926"><ele>166.6</ele><time>2026-03-05T12:34:45Z</time></trkpt>
<trkpt lat="33.0148711" lon="35.180934"><ele>166.7</ele><time>2026-03-05T12:34:46Z</time></trkpt>
<trkpt lat="33.0148725" lon="35.1809436"><ele>166.8</ele><time>2026-03-05T12:34:47Z</time></trkpt>
<trkpt lat="33.0148741" lon="35.180955"><ele>166.9</ele><time>2026-03-05T12:34:48Z</time></trkpt>
<trkpt lat="33.014876" lon="35.1809669"><ele>166.9</ele><time>2026-03-05T12:34:49Z</time></trkpt>
<trkpt lat="33.0148775" lon="35.180979"><ele>167.0</ele><time>2026-03-05T12:34:50Z</time></trkpt>
<trkpt lat="33.0148786" lon="35.1809913"><ele>167.1</ele><time>2026-03-05T12:34:51Z</time></trkpt>
<trkpt lat="33.0148798" lon="35.1810036"><ele>167.3</ele><time>2026-03-05T12:34:52Z</time></trkpt>
<trkpt lat="33.0148812" lon="35.1810161"><ele>167.4</ele><time>2026-03-05T12:34:53Z</time></trkpt>
<trkpt lat="33.0148824" lon="35.181029"><ele>167.6</ele><time>2026-03-05T12:34:54Z</time></trkpt>
<trkpt lat="33.0148826" lon="35.1810424"><ele>167.8</ele><time>2026-03-05T12:34:55Z</time></trkpt>
<trkpt lat="33.0148819" lon="35.181055"><ele>167.9</ele><time>2026-03-05T12:34:56Z</time></trkpt>
<trkpt lat="33.0148801" lon="35.1810656"><ele>168.1</ele><time>2026-03-05T12:34:57Z</time></trkpt>
<trkpt lat="33.0148776" lon="35.1810746"><ele>168.2</ele><time>2026-03-05T12:34:58Z</time></trkpt>
<trkpt lat="33.0148755" lon="35.1810806"><ele>168.3</ele><time>2026-03-05T12:34:59Z</time></trkpt>
<trkpt lat="33.0148742" lon="35.1810838"><ele>168.5</ele><time>2026-03-05T12:35:00Z</time></trkpt>
<trkpt lat="33.0148732" lon="35.1810858"><ele>168.6</ele><time>2026-03-05T12:35:01Z</time></trkpt>
<trkpt lat="33.0148722" lon="35.1810875"><ele>168.7</ele><time>2026-03-05T12:35:02Z</time></trkpt>
<trkpt lat="33.0148709" lon="35.1810898"><ele>168.7</ele><time>2026-03-05T12:35:03Z</time></trkpt>
<trkpt lat="33.0148693" lon="35.1810933"><ele>168.8</ele><time>2026-03-05T12:35:04Z</time></trkpt>
<trkpt lat="33.0148666" lon="35.181099"><ele>168.9</ele><time>2026-03-05T12:35:05Z</time></trkpt>
<trkpt lat="33.0148626" lon="35.1811084"><ele>168.9</ele><time>2026-03-05T12:35:06Z</time></trkpt>
<trkpt lat="33.0148575" lon="35.1811214"><ele>169.0</ele><time>2026-03-05T12:35:07Z</time></trkpt>
<trkpt lat="33.0148514" lon="35.1811378"><ele>169.0</ele><time>2026-03-05T12:35:08Z</time></trkpt>
<trkpt lat="33.0148443" lon="35.1811583"><ele>169.1</ele><time>2026-03-05T12:35:09Z</time></trkpt>
<trkpt lat="33.0148379" lon="35.1811815"><ele>169.2</ele><time>2026-03-05T12:35:10Z</time></trkpt>
<trkpt lat="33.0148325" lon="35.1812068"><ele>169.3</ele><time>2026-03-05T12:35:11Z</time></trkpt>
<trkpt lat="33.0148274" lon="35.1812327"><ele>169.4</ele><time>2026-03-05T12:35:12Z</time></trkpt>
<trkpt lat="33.0148231" lon="35.1812583"><ele>169.5</ele><time>2026-03-05T12:35:13Z</time></trkpt>
<trkpt lat="33.0148195" lon="35.1812838"><ele>169.7</ele><time>2026-03-05T12:35:14Z</time></trkpt>
<trkpt lat="33.0148169" lon="35.1813075"><ele>169.8</ele><time>2026-03-05T12:35:15Z</time></trkpt>
<trkpt lat="33.0148153" lon="35.1813294"><ele>170.0</ele><time>2026-03-05T12:35:16Z</time></trkpt>
<trkpt lat="33.0148137" lon="35.1813511"><ele>170.2</ele><time>2026-03-05T12:35:17Z</time></trkpt>
<trkpt lat="33.0148106" lon="35.1813739"><ele>170.3</ele><time>2026-03-05T12:35:18Z</time></trkpt>
<trkpt lat="33.0148055" lon="35.1813981"><ele>170.5</ele><time>2026-03-05T12:35:19Z</time></trkpt>
<trkpt lat="33.0147985" lon="35.1814239"><ele>170.6</ele><time>2026-03-05T12:35:20Z</time></trkpt>
<trkpt lat="33.0147905" lon="35.1814512"><ele>170.7</ele><time>2026-03-05T12:35:21Z</time></trkpt>
<trkpt lat="33.0147824" lon="35.1814794"><ele>170.8</ele><time>2026-03-05T12:35:22Z</time></trkpt>
<trkpt lat="33.0147742" lon="35.1815084"><ele>170.9</ele><time>2026-03-05T12:35:23Z</time></trkpt>
<trkpt lat="33.0147655" lon="35.1815383"><ele>170.9</ele><time>2026-03-05T12:35:24Z</time></trkpt>
<trkpt lat="33.0147556" lon="35.1815682"><ele>171.0</ele><time>2026-03-05T12:35:25Z</time></trkpt>
<trkpt lat="33.0147442" lon="35.1815971"><ele>171.0</ele><time>2026-03-05T12:35:26Z</time></trkpt>
<trkpt lat="33.0147308" lon="35.1816246"><ele>171.0</ele><time>2026-03-05T12:35:27Z</time></trkpt>
<trkpt lat="33.0147153" lon="35.1816515"><ele>171.0</ele><time>2026-03-05T12:35:28Z</time></trkpt>
<trkpt lat="33.0146982" lon="35.1816785"><ele>171.0</ele><time>2026-03-05T12:35:29Z</time></trkpt>
<trkpt lat="33.0146805" lon="35.1817053"><ele>170.9</ele><time>2026-03-05T12:35:30Z</time></trkpt>
<trkpt lat="33.0146632" lon="35.1817319"><ele>170.9</ele><time>2026-03-05T12:35:31Z</time></trkpt>
<trkpt lat="33.0146469" lon="35.1817578"><ele>170.8</ele><time>2026-03-05T12:35:32Z</time></trkpt>
<trkpt lat="33.0146316" lon="35.1817833"><ele>170.8</ele><time>2026-03-05T12:35:33Z</time></trkpt>
<trkpt lat="33.014617" lon="35.1818084"><ele>170.7</ele><time>2026-03-05T12:35:34Z</time></trkpt>
<trkpt lat="33.0146033" lon="35.1818319"><ele>170.7</ele><time>2026-03-05T12:35:35Z</time></trkpt>
<trkpt lat="33.0145913" lon="35.1818527"><ele>170.6</ele><time>2026-03-05T12:35:36Z</time></trkpt>
<trkpt lat="33.0145807" lon="35.1818729"><ele>170.6</ele><time>2026-03-05T12:35:37Z</time></trkpt>
<trkpt lat="33.0145703" lon="35.1818963"><ele>170.6</ele><time>2026-03-05T12:35:38Z</time></trkpt>
<trkpt lat="33.0145598" lon="35.181924"><ele>170.6</ele><time>2026-03-05T12:35:39Z</time></trkpt>
<trkpt lat="33.0145501" lon="35.1819539"><ele>170.6</ele><time>2026-03-05T12:35:40Z</time></trkpt>
<trkpt lat="33.0145415" lon="35.1819847"><ele>170.6</ele><time>2026-03-05T12:35:41Z</time></trkpt>
<trkpt lat="33.0145341" lon="35.1820161"><ele>170.7</ele><time>2026-03-05T12:35:42Z</time></trkpt>
<trkpt lat="33.0145278" lon="35.182047"><ele>170.7</ele><time>2026-03-05T12:35:43Z</time></trkpt>
<trkpt lat="33.0145218" lon="35.1820769"><ele>170.8</ele><time>2026-03-05T12:35:44Z</time></trkpt>
<trkpt lat="33.0145154" lon="35.1821059"><ele>170.9</ele><time>2026-03-05T12:35:45Z</time></trkpt>
<trkpt lat="33.0145082" lon="35.1821348"><ele>171.0</ele><time>2026-03-05T12:35:46Z</time></trkpt>
<trkpt lat="33.0145004" lon="35.1821635"><ele>171.1</ele><time>2026-03-05T12:35:47Z</time></trkpt>
<trkpt lat="33.0144924" lon="35.1821915"><ele>171.2</ele><time>2026-03-05T12:35:48Z</time></trkpt>
<trkpt lat="33.0144847" lon="35.1822188"><ele>171.3</ele><time>2026-03-05T12:35:49Z</time></trkpt>
<trkpt lat="33.0144778" lon="35.1822462"><ele>171.4</ele><time>2026-03-05T12:35:50Z</time></trkpt>
<trkpt lat="33.0144717" lon="35.1822742"><ele>171.5</ele><time>2026-03-05T12:35:51Z</time></trkpt>
<trkpt lat="33.0144661" lon="35.1823021"><ele>171.7</ele><time>2026-03-05T12:35:52Z</time></trkpt>
<trkpt lat="33.0144607" lon="35.1823297"><ele>171.8</ele><time>2026-03-05T12:35:53Z</time></trkpt>
<trkpt lat="33.0144553" lon="35.1823576"><ele>171.9</ele><time>2026-03-05T12:35:54Z</time></trkpt>
<trkpt lat="33.0144495" lon="35.1823858"><ele>172.0</ele><time>2026-03-05T12:35:55Z</time></trkpt>
<trkpt lat="33.0144423" lon="35.1824143"><ele>172.1</ele><time>2026-03-05T12:35:56Z</time></trkpt>
<trkpt lat="33.014434" lon="35.1824437"><ele>172.2</ele><time>2026-03-05T12:35:57Z</time></trkpt>
<trkpt lat="33.0144259" lon="35.1824731"><ele>172.3</ele><time>2026-03-05T12:35:58Z</time></trkpt>
<trkpt lat="33.0144189" lon="35.1825016"><ele>172.5</ele><time>2026-03-05T12:35:59Z</time></trkpt>
<trkpt lat="33.0144128" lon="35.1825289"><ele>172.6</ele><time>2026-03-05T12:36:00Z</time></trkpt>
<trkpt lat="33.014407" lon="35.1825532"><ele>172.8</ele><time>2026-03-05T12:36:01Z</time></trkpt>
<trkpt lat="33.0144008" lon="35.1825749"><ele>172.9</ele><time>2026-03-05T12:36:02Z</time></trkpt>
<trkpt lat="33.0143937" lon="35.1825954"><ele>173.1</ele><time>2026-03-05T12:36:03Z</time></trkpt>
<trkpt lat="33.0143866" lon="35.1826153"><ele>173.3</ele><time>2026-03-05T12:36:04Z</time></trkpt>
<trkpt lat="33.0143802" lon="35.1826362"><ele>173.4</ele><time>2026-03-05T12:36:05Z</time></trkpt>
<trkpt lat="33.0143745" lon="35.1826578"><ele>173.5</ele><time>2026-03-05T12:36:06Z</time></trkpt>
<trkpt lat="33.0143696" lon="35.182679"><ele>173.7</ele><time>2026-03-05T12:36:07Z</time></trkpt>
<trkpt lat="33.0143658" lon="35.1826995"><ele>173.8</ele><time>2026-03-05T12:36:08Z</time></trkpt>
<trkpt lat="33.0143635" lon="35.1827209"><ele>173.9</ele><time>2026-03-05T12:36:09Z</time></trkpt>
<trkpt lat="33.014363" lon="35.1827449"><ele>174.1</ele><time>2026-03-05T12:36:10Z</time></trkpt>
<trkpt lat="33.0143638" lon="35.182771"><ele>174.2</ele><time>2026-03-05T12:36:11Z</time></trkpt>
<trkpt lat="33.0143655" lon="35.1827977"><ele>174.3</ele><time>2026-03-05T12:36:12Z</time></trkpt>
<trkpt lat="33.0143672" lon="35.1828244"><ele>174.4</ele><time>2026-03-05T12:36:13Z</time></trkpt>
<trkpt lat="33.0143685" lon="35.1828511"><ele>174.6</ele><time>2026-03-05T12:36:14Z</time></trkpt>
<trkpt lat="33.0143691" lon="35.1828779"><ele>174.7</ele><time>2026-03-05T12:36:15Z</time></trkpt>
<trkpt lat="33.0143688" lon="35.1829044"><ele>174.9</ele><time>2026-03-05T12:36:16Z</time></trkpt>
<trkpt lat="33.014368" lon="35.1829306"><ele>175.0</ele><time>2026-03-05T12:36:17Z</time></trkpt>
<trkpt lat="33.0143672" lon="35.1829573"><ele>175.2</ele><time>2026-03-05T12:36:18Z</time></trkpt>
<trkpt lat="33.014366" lon="35.1829834"><ele>175.3</ele><time>2026-03-05T12:36:19Z</time></trkpt>
<trkpt lat="33.014363" lon="35.1830075"><ele>175.4</ele><time>2026-03-05T12:36:20Z</time></trkpt>
<trkpt lat="33.0143576" lon="35.1830302"><ele>175.6</ele><time>2026-03-05T12:36:21Z</time></trkpt>
<trkpt lat="33.0143504" lon="35.1830524"><ele>175.7</ele><time>2026-03-05T12:36:22Z</time></trkpt>
<trkpt lat="33.0143418" lon="35.1830753"><ele>175.8</ele><time>2026-03-05T12:36:23Z</time></trkpt>
<trkpt lat="33.0143333" lon="35.1830998"><ele>175.9</ele><time>2026-03-05T12:36:24Z</time></trkpt>
<trkpt lat="33.014327" lon="35.1831253"><ele>176.0</ele><time>2026-03-05T12:36:25Z</time></trkpt>
<trkpt lat="33.0143239" lon="35.1831512"><ele>176.1</ele><time>2026-03-05T12:36:26Z</time></trkpt>
<trkpt lat="33.0143238" lon="35.1831773"><ele>176.2</ele><time>2026-03-05T12:36:27Z</time></trkpt>
<trkpt lat="33.0143269" lon="35.183202"><ele>176.4</ele><time>2026-03-05T12:36:28Z</time></trkpt>
<trkpt lat="33.0143327" lon="35.183224"><ele>176.5</ele><time>2026-03-05T12:36:29Z</time></trkpt>
<trkpt lat="33.0143409" lon="35.1832439"><ele>176.6</ele><time>2026-03-05T12:36:30Z</time></trkpt>
<trkpt lat="33.014351" lon="35.183262"><ele>176.8</ele><time>2026-03-05T12:36:31Z</time></trkpt>
<trkpt lat="33.0143626" lon="35.1832778"><ele>177.0</ele><time>2026-03-05T12:36:32Z</time></trkpt>
<trkpt lat="33.0143755" lon="35.1832915"><ele>177.1</ele><time>2026-03-05T12:36:33Z</time></trkpt>
<trkpt lat="33.0143898" lon="35.1833027"><ele>177.4</ele><time>2026-03-05T12:36:34Z</time></trkpt>
<trkpt lat="33.014405" lon="35.1833128"><ele>177.6</ele><time>2026-03-05T12:36:35Z</time></trkpt>
<trkpt lat="33.0144201" lon="35.1833229"><ele>177.8</ele><time>2026-03-05T12:36:36Z</time></trkpt>
<trkpt lat="33.0144338" lon="35.1833328"><ele>178.1</ele><time>2026-03-05T12:36:37Z</time></trkpt>
<trkpt lat="33.0144475" lon="35.1833438"><ele>178.3</ele><time>2026-03-05T12:36:38Z</time></trkpt>
<trkpt lat="33.0144619" lon="35.1833578"><ele>178.6</ele><time>2026-03-05T12:36:39Z</time></trkpt>
<trkpt lat="33.0144752" lon="35.1833753"><ele>178.9</ele><time>2026-03-05T12:36:40Z</time></trkpt>
<trkpt lat="33.0144862" lon="35.1833959"><ele>179.2</ele><time>2026-03-05T12:36:41Z</time></trkpt>
<trkpt lat="33.0144945" lon="35.1834185"><ele>179.5</ele><time>2026-03-05T12:36:42Z</time></trkpt>
<trkpt lat="33.014501" lon="35.1834419"><ele>179.8</ele><time>2026-03-05T12:36:43Z</time></trkpt>
<trkpt lat="33.0145063" lon="35.1834647"><ele>180.1</ele><time>2026-03-05T12:36:44Z</time></trkpt>
<trkpt lat="33.0145113" lon="35.1834862"><ele>180.4</ele><time>2026-03-05T12:36:45Z</time></trkpt>
<trkpt lat="33.0145156" lon="35.1835071"><ele>180.6</ele><time>2026-03-05T12:36:46Z</time></trkpt>
<trkpt lat="33.0145192" lon="35.1835286"><ele>180.8</ele><time>2026-03-05T12:36:47Z</time></trkpt>
<trkpt lat="33.0145227" lon="35.1835511"><ele>180.9</ele><time>2026-03-05T12:36:48Z</time></trkpt>
<trkpt lat="33.0145254" lon="35.1835742"><ele>181.0</ele><time>2026-03-05T12:36:49Z</time></trkpt>
<trkpt lat="33.014527" lon="35.1835987"><ele>181.1</ele><time>2026-03-05T12:36:50Z</time></trkpt>
<trkpt lat="33.0145272" lon="35.1836242"><ele>181.2</ele><time>2026-03-05T12:36:51Z</time></trkpt>
<trkpt lat="33.0145265" lon="35.1836495"><ele>181.2</ele><time>2026-03-05T12:36:52Z</time></trkpt>
<trkpt lat="33.0145255" lon="35.1836749"><ele>181.3</ele><time>2026-03-05T12:36:53Z</time></trkpt>
<trkpt lat="33.014525" lon="35.1837009"><ele>181.3</ele><time>2026-03-05T12:36:54Z</time></trkpt>
<trkpt lat="33.0145252" lon="35.1837277"><ele>181.3</ele><time>2026-03-05T12:36:55Z</time></trkpt>
<trkpt lat="33.0145261" lon="35.183755"><ele>181.3</ele><time>2026-03-05T12:36:56Z</time></trkpt>
<trkpt lat="33.0145275" lon="35.1837823"><ele>181.3</ele><time>2026-03-05T12:36:57Z</time></trkpt>
<trkpt lat="33.0145291" lon="35.1838098"><ele>181.4</ele><time>2026-03-05T12:36:58Z</time></trkpt>
<trkpt lat="33.0145309" lon="35.1838374"><ele>181.4</ele><time>2026-03-05T12:36:59Z</time></trkpt>
<trkpt lat="33.014533" lon="35.1838637"><ele>181.4</ele><time>2026-03-05T12:37:00Z</time></trkpt>
<trkpt lat="33.0145354" lon="35.1838884"><ele>181.5</ele><time>2026-03-05T12:37:01Z</time></trkpt>
<trkpt lat="33.0145378" lon="35.1839127"><ele>181.5</ele><time>2026-03-05T12:37:02Z</time></trkpt>
<trkpt lat="33.0145404" lon="35.1839371"><ele>181.6</ele><time>2026-03-05T12:37:03Z</time></trkpt>
<trkpt lat="33.0145428" lon="35.1839614"><ele>181.7</ele><time>2026-03-05T12:37:04Z</time></trkpt>
<trkpt lat="33.0145448" lon="35.1839849"><ele>181.8</ele><time>2026-03-05T12:37:05Z</time></trkpt>
<trkpt lat="33.0145465" lon="35.1840079"><ele>181.9</ele><time>2026-03-05T12:37:06Z</time></trkpt>
<trkpt lat="33.0145478" lon="35.1840317"><ele>182.0</ele><time>2026-03-05T12:37:07Z</time></trkpt>
<trkpt lat="33.0145485" lon="35.1840556"><ele>182.1</ele><time>2026-03-05T12:37:08Z</time></trkpt>
<trkpt lat="33.014549" lon="35.1840797"><ele>182.3</ele><time>2026-03-05T12:37:09Z</time></trkpt>
<trkpt lat="33.0145493" lon="35.1841036"><ele>182.4</ele><time>2026-03-05T12:37:10Z</time></trkpt>
<trkpt lat="33.0145502" lon="35.1841263"><ele>182.5</ele><time>2026-03-05T12:37:11Z</time></trkpt>
<trkpt lat="33.0145524" lon="35.1841488"><ele>182.6</ele><time>2026-03-05T12:37:12Z</time></trkpt>
<trkpt lat="33.0145561" lon="35.1841713"><ele>182.7</ele><time>2026-03-05T12:37:13Z</time></trkpt>
<trkpt lat="33.0145612" lon="35.184193"><ele>182.8</ele><time>2026-03-05T12:37:14Z</time></trkpt>
<trkpt lat="33.014567" lon="35.184214"><ele>182.9</ele><time>2026-03-05T12:37:15Z</time></trkpt>
<trkpt lat="33.014573" lon="35.1842349"><ele>183.0</ele><time>2026-03-05T12:37:16Z</time></trkpt>
<trkpt lat="33.0145788" lon="35.1842568"><ele>183.1</ele><time>2026-03-05T12:37:17Z</time></trkpt>
<trkpt lat="33.0145838" lon="35.1842789"><ele>183.2</ele><time>2026-03-05T12:37:18Z</time></trkpt>
<trkpt lat="33.0145875" lon="35.1842999"><ele>183.3</ele><time>2026-03-05T12:37:19Z</time></trkpt>
<trkpt lat="33.0145898" lon="35.18432"><ele>183.4</ele><time>2026-03-05T12:37:20Z</time></trkpt>
<trkpt lat="33.0145911" lon="35.1843401"><ele>183.5</ele><time>2026-03-05T12:37:21Z</time></trkpt>
<trkpt lat="33.0145918" lon="35.1843604"><ele>183.5</ele><time>2026-03-05T12:37:22Z</time></trkpt>
<trkpt lat="33.014592" lon="35.1843814"><ele>183.6</ele><time>2026-03-05T12:37:23Z</time></trkpt>
<trkpt lat="33.0145925" lon="35.1844035"><ele>183.7</ele><time>2026-03-05T12:37:24Z</time></trkpt>
<trkpt lat="33.0145927" lon="35.1844257"><ele>183.7</ele><time>2026-03-05T12:37:25Z</time></trkpt>
<trkpt lat="33.0145928" lon="35.184448"><ele>183.8</ele><time>2026-03-05T12:37:26Z</time></trkpt>
<trkpt lat="33.0145938" lon="35.1844706"><ele>183.8</ele><time>2026-03-05T12:37:27Z</time></trkpt>
<trkpt lat="33.0145957" lon="35.1844925"><ele>183.8</ele><time>2026-03-05T12:37:28Z</time></trkpt>
<trkpt lat="33.0145981" lon="35.1845136"><ele>183.9</ele><time>2026-03-05T12:37:29Z</time></trkpt>
<trkpt lat="33.0146011" lon="35.1845343"><ele>183.9</ele><time>2026-03-05T12:37:30Z</time></trkpt>
<trkpt lat="33.0146053" lon="35.1845554"><ele>184.0</ele><time>2026-03-05T12:37:31Z</time></trkpt>
<trkpt lat="33.0146112" lon="35.1845771"><ele>184.0</ele><time>2026-03-05T12:37:32Z</time></trkpt>
<trkpt lat="33.0146179" lon="35.1845985"><ele>184.1</ele><time>2026-03-05T12:37:33Z</time></trkpt>
<trkpt lat="33.0146236" lon="35.1846184"><ele>184.2</ele><time>2026-03-05T12:37:34Z</time></trkpt>
<trkpt lat="33.0146274" lon="35.1846384"><ele>184.2</ele><time>2026-03-05T12:37:35Z</time></trkpt>
<trkpt lat="33.0146292" lon="35.1846593"><ele>184.3</ele><time>2026-03-05T12:37:36Z</time></trkpt>
<trkpt lat="33.0146294" lon="35.1846814"><ele>184.4</ele><time>2026-03-05T12:37:37Z</time></trkpt>
<trkpt lat="33.0146284" lon="35.1847042"><ele>184.5</ele><time>2026-03-05T12:37:38Z</time></trkpt>
<trkpt lat="33.0146273" lon="35.184727"><ele>184.5</ele><time>2026-03-05T12:37:39Z</time></trkpt>
<trkpt lat="33.0146269" lon="35.1847493"><ele>184.6</ele><time>2026-03-05T12:37:40Z</time></trkpt>
<trkpt lat="33.0146269" lon="35.1847707"><ele>184.7</ele><time>2026-03-05T12:37:41Z</time></trkpt>
<trkpt lat="33.0146273" lon="35.1847908"><ele>184.8</ele><time>2026-03-05T12:37:42Z</time></trkpt>
<trkpt lat="33.0146286" lon="35.1848099"><ele>184.8</ele><time>2026-03-05T12:37:43Z</time></trkpt>
<trkpt lat="33.014631" lon="35.184829"><ele>184.9</ele><time>2026-03-05T12:37:44Z</time></trkpt>
<trkpt lat="33.014634" lon="35.1848483"><ele>185.0</ele><time>2026-03-05T12:37:45Z</time></trkpt>
<trkpt lat="33.0146377" lon="35.184867"><ele>185.1</ele><time>2026-03-05T12:37:46Z</time></trkpt>
<trkpt lat="33.0146424" lon="35.1848856"><ele>185.2</ele><time>2026-03-05T12:37:47Z</time></trkpt>
<trkpt lat="33.0146483" lon="35.1849051"><ele>185.3</ele><time>2026-03-05T12:37:48Z</time></trkpt>
<trkpt lat="33.0146544" lon="35.1849258"><ele>185.5</ele><time>2026-03-05T12:37:49Z</time></trkpt>
<trkpt lat="33.01466" lon="35.1849483"><ele>185.6</ele><time>2026-03-05T12:37:50Z</time></trkpt>
<trkpt lat="33.0146652" lon="35.1849722"><ele>185.7</ele><time>2026-03-05T12:37:51Z</time></trkpt>
<trkpt lat="33.0146703" lon="35.1849964"><ele>185.9</ele><time>2026-03-05T12:37:52Z</time></trkpt>
<trkpt lat="33.0146761" lon="35.1850196"><ele>186.1</ele><time>2026-03-05T12:37:53Z</time></trkpt>
<trkpt lat="33.0146828" lon="35.1850411"><ele>186.2</ele><time>2026-03-05T12:37:54Z</time></trkpt>
<trkpt lat="33.0146902" lon="35.1850608"><ele>186.4</ele><time>2026-03-05T12:37:55Z</time></trkpt>
<trkpt lat="33.0146984" lon="35.1850789"><ele>186.6</ele><time>2026-03-05T12:37:56Z</time></trkpt>
<trkpt lat="33.0147065" lon="35.1850966"><ele>186.8</ele><time>2026-03-05T12:37:57Z</time></trkpt>
<trkpt lat="33.0147138" lon="35.1851154"><ele>187.0</ele><time>2026-03-05T12:37:58Z</time></trkpt>
<trkpt lat="33.0147203" lon="35.1851358"><ele>187.2</ele><time>2026-03-05T12:37:59Z</time></trkpt>
<trkpt lat="33.0147265" lon="35.1851571"><ele>187.4</ele><time>2026-03-05T12:38:00Z</time></trkpt>
<trkpt lat="33.0147331" lon="35.1851778"><ele>187.6</ele><time>2026-03-05T12:38:01Z</time></trkpt>
<trkpt lat="33.0147397" lon="35.1851979"><ele>187.8</ele><time>2026-03-05T12:38:02Z</time></trkpt>
<trkpt lat="33.0147456" lon="35.185218"><ele>188.0</ele><time>2026-03-05T12:38:03Z</time></trkpt>
<trkpt lat="33.0147503" lon="35.1852393"><ele>188.2</ele><time>2026-03-05T12:38:04Z</time></trkpt>
<trkpt lat="33.0147538" lon="35.1852617"><ele>188.3</ele><time>2026-03-05T12:38:05Z</time></trkpt>
<trkpt lat="33.0147564" lon="35.1852849"><ele>188.5</ele><time>2026-03-05T12:38:06Z</time></trkpt>
<trkpt lat="33.0147584" lon="35.1853082"><ele>188.6</ele><time>2026-03-05T12:38:07Z</time></trkpt>
<trkpt lat="33.0147604" lon="35.1853313"><ele>188.8</ele><time>2026-03-05T12:38:08Z</time></trkpt>
<trkpt lat="33.0147623" lon="35.1853549"><ele>188.9</ele><time>2026-03-05T12:38:09Z</time></trkpt>
<trkpt lat="33.0147641" lon="35.185379"><ele>189.0</ele><time>2026-03-05T12:38:10Z</time></trkpt>
<trkpt lat="33.014766" lon="35.1854039"><ele>189.0</ele><time>2026-03-05T12:38:11Z</time></trkpt>
<trkpt lat="33.0147686" lon="35.1854294"><ele>189.1</ele><time>2026-03-05T12:38:12Z</time></trkpt>
<trkpt lat="33.0147734" lon="35.1854543"><ele>189.2</ele><time>2026-03-05T12:38:13Z</time></trkpt>
<trkpt lat="33.0147808" lon="35.1854776"><ele>189.3</ele><time>2026-03-05T12:38:14Z</time></trkpt>
<trkpt lat="33.0147902" lon="35.1854995"><ele>189.4</ele><time>2026-03-05T12:38:15Z</time></trkpt>
<trkpt lat="33.0148012" lon="35.1855212"><ele>189.5</ele><time>2026-03-05T12:38:16Z</time></trkpt>
<trkpt lat="33.0148143" lon="35.1855438"><ele>189.6</ele><time>2026-03-05T12:38:17Z</time></trkpt>
<trkpt lat="33.0148535" lon="35.1855925"><ele>190.0</ele><time>2026-03-05T12:38:19Z</time></trkpt>
<trkpt lat="33.0148735" lon="35.185616"><ele>190.1</ele><time>2026-03-05T12:38:20Z</time></trkpt>
<trkpt lat="33.0148883" lon="35.1856393"><ele>190.3</ele><time>2026-03-05T12:38:21Z</time></trkpt>
<trkpt lat="33.0148982" lon="35.1856627"><ele>190.4</ele><time>2026-03-05T12:38:22Z</time></trkpt>
<trkpt lat="33.014903" lon="35.1856867"><ele>190.5</ele><time>2026-03-05T12:38:23Z</time></trkpt>
<trkpt lat="33.0149045" lon="35.1857107"><ele>190.6</ele><time>2026-03-05T12:38:24Z</time></trkpt>
<trkpt lat="33.0149019" lon="35.1857343"><ele>190.7</ele><time>2026-03-05T12:38:25Z</time></trkpt>
<trkpt lat="33.0148954" lon="35.1857586"><ele>190.8</ele><time>2026-03-05T12:38:26Z</time></trkpt>
<trkpt lat="33.0148876" lon="35.1857832"><ele>190.9</ele><time>2026-03-05T12:38:27Z</time></trkpt>
<trkpt lat="33.0148797" lon="35.1858083"><ele>190.9</ele><time>2026-03-05T12:38:28Z</time></trkpt>
<trkpt lat="33.0148721" lon="35.1858338"><ele>191.0</ele><time>2026-03-05T12:38:29Z</time></trkpt>
<trkpt lat="33.0148656" lon="35.1858613"><ele>191.1</ele><time>2026-03-05T12:38:30Z</time></trkpt>
<trkpt lat="33.0148601" lon="35.1858906"><ele>191.1</ele><time>2026-03-05T12:38:31Z</time></trkpt>
<trkpt lat="33.0148541" lon="35.1859198"><ele>191.2</ele><time>2026-03-05T12:38:32Z</time></trkpt>
<trkpt lat="33.0148498" lon="35.1859478"><ele>191.2</ele><time>2026-03-05T12:38:33Z</time></trkpt>
<trkpt lat="33.0148494" lon="35.1859738"><ele>191.3</ele><time>2026-03-05T12:38:34Z</time></trkpt>
<trkpt lat="33.014848" lon="35.1859986"><ele>191.3</ele><time>2026-03-05T12:38:35Z</time></trkpt>
<trkpt lat="33.0148421" lon="35.1860233"><ele>191.4</ele><time>2026-03-05T12:38:36Z</time></trkpt>
<trkpt lat="33.014832" lon="35.1860467"><ele>191.4</ele><time>2026-03-05T12:38:37Z</time></trkpt>
<trkpt lat="33.0148198" lon="35.1860691"><ele>191.5</ele><time>2026-03-05T12:38:38Z</time></trkpt>
<trkpt lat="33.0148065" lon="35.1860912"><ele>191.6</ele><time>2026-03-05T12:38:39Z</time></trkpt>
<trkpt lat="33.0147924" lon="35.1861133"><ele>191.6</ele><time>2026-03-05T12:38:40Z</time></trkpt>
<trkpt lat="33.0147794" lon="35.1861361"><ele>191.7</ele><time>2026-03-05T12:38:41Z</time></trkpt>
<trkpt lat="33.0147685" lon="35.1861601"><ele>191.8</ele><time>2026-03-05T12:38:42Z</time></trkpt>
<trkpt lat="33.0147609" lon="35.1861858"><ele>191.9</ele><time>2026-03-05T12:38:43Z</time></trkpt>
<trkpt lat="33.0147567" lon="35.1862131"><ele>192.0</ele><time>2026-03-05T12:38:44Z</time></trkpt>
<trkpt lat="33.0147542" lon="35.1862411"><ele>192.2</ele><time>2026-03-05T12:38:45Z</time></trkpt>
<trkpt lat="33.0147522" lon="35.1862683"><ele>192.3</ele><time>2026-03-05T12:38:46Z</time></trkpt>
<trkpt lat="33.0147496" lon="35.1862943"><ele>192.4</ele><time>2026-03-05T12:38:47Z</time></trkpt>
<trkpt lat="33.0147462" lon="35.1863195"><ele>192.5</ele><time>2026-03-05T12:38:48Z</time></trkpt>
<trkpt lat="33.0147423" lon="35.186345"><ele>192.7</ele><time>2026-03-05T12:38:49Z</time></trkpt>
<trkpt lat="33.0147357" lon="35.186372"><ele>192.8</ele><time>2026-03-05T12:38:50Z</time></trkpt>
<trkpt lat="33.0147207" lon="35.1864004"><ele>192.9</ele><time>2026-03-05T12:38:51Z</time></trkpt>
<trkpt lat="33.0146967" lon="35.1864291"><ele>193.1</ele><time>2026-03-05T12:38:52Z</time></trkpt>
<trkpt lat="33.0146711" lon="35.1864564"><ele>193.2</ele><time>2026-03-05T12:38:53Z</time></trkpt>
<trkpt lat="33.014648" lon="35.1864819"><ele>193.3</ele><time>2026-03-05T12:38:54Z</time></trkpt>
<trkpt lat="33.0146273" lon="35.1865069"><ele>193.4</ele><time>2026-03-05T12:38:55Z</time></trkpt>
<trkpt lat="33.0146087" lon="35.1865321"><ele>193.6</ele><time>2026-03-05T12:38:56Z</time></trkpt>
<trkpt lat="33.0145925" lon="35.1865576"><ele>193.7</ele><time>2026-03-05T12:38:57Z</time></trkpt>
<trkpt lat="33.0145783" lon="35.1865842"><ele>193.8</ele><time>2026-03-05T12:38:58Z</time></trkpt>
<trkpt lat="33.0145658" lon="35.1866116"><ele>193.9</ele><time>2026-03-05T12:38:59Z</time></trkpt>
<trkpt lat="33.0145546" lon="35.1866389"><ele>194.0</ele><time>2026-03-05T12:39:00Z</time></trkpt>
<trkpt lat="33.014544" lon="35.1866664"><ele>194.2</ele><time>2026-03-05T12:39:01Z</time></trkpt>
<trkpt lat="33.0145337" lon="35.1866938"><ele>194.3</ele><time>2026-03-05T12:39:02Z</time></trkpt>
<trkpt lat="33.0145232" lon="35.1867212"><ele>194.4</ele><time>2026-03-05T12:39:03Z</time></trkpt>
<trkpt lat="33.0145124" lon="35.1867486"><ele>194.6</ele><time>2026-03-05T12:39:04Z</time></trkpt>
<trkpt lat="33.014502" lon="35.1867747"><ele>194.7</ele><time>2026-03-05T12:39:05Z</time></trkpt>
<trkpt lat="33.0144923" lon="35.1867991"><ele>194.9</ele><time>2026-03-05T12:39:06Z</time></trkpt>
<trkpt lat="33.0144827" lon="35.1868223"><ele>195.1</ele><time>2026-03-05T12:39:07Z</time></trkpt>
<trkpt lat="33.0144716" lon="35.1868462"><ele>195.3</ele><time>2026-03-05T12:39:08Z</time></trkpt>
<trkpt lat="33.0144582" lon="35.1868706"><ele>195.4</ele><time>2026-03-05T12:39:09Z</time></trkpt>
<trkpt lat="33.014443" lon="35.186894"><ele>195.6</ele><time>2026-03-05T12:39:10Z</time></trkpt>
<trkpt lat="33.0144265" lon="35.186916"><ele>195.8</ele><time>2026-03-05T12:39:11Z</time></trkpt>
<trkpt lat="33.0144094" lon="35.1869377"><ele>195.9</ele><time>2026-03-05T12:39:12Z</time></trkpt>
<trkpt lat="33.0143921" lon="35.1869598"><ele>196.1</ele><time>2026-03-05T12:39:13Z</time></trkpt>
<trkpt lat="33.0143758" lon="35.1869824"><ele>196.2</ele><time>2026-03-05T12:39:14Z</time></trkpt>
<trkpt lat="33.0143626" lon="35.1870055"><ele>196.3</ele><time>2026-03-05T12:39:15Z</time></trkpt>
<trkpt lat="33.0143536" lon="35.1870289"><ele>196.5</ele><time>2026-03-05T12:39:16Z</time></trkpt>
<trkpt lat="33.0143491" lon="35.1870538"><ele>196.7</ele><time>2026-03-05T12:39:17Z</time></trkpt>
<trkpt lat="33.0143612" lon="35.1871196"><ele>197.1</ele><time>2026-03-05T12:39:20Z</time></trkpt>
<trkpt lat="33.0143689" lon="35.1871428"><ele>197.2</ele><time>2026-03-05T12:39:21Z</time></trkpt>
<trkpt lat="33.014365" lon="35.187191"><ele>197.3</ele><time>2026-03-05T12:39:22Z</time></trkpt>
<trkpt lat="33.0143543" lon="35.1872156"><ele>197.4</ele><time>2026-03-05T12:39:23Z</time></trkpt>
<trkpt lat="33.0143418" lon="35.1872407"><ele>197.4</ele><time>2026-03-05T12:39:24Z</time></trkpt>
<trkpt lat="33.0143283" lon="35.1872656"><ele>197.4</ele><time>2026-03-05T12:39:25Z</time></trkpt>
<trkpt lat="33.0143145" lon="35.1872908"><ele>197.4</ele><time>2026-03-05T12:39:26Z</time></trkpt>
<trkpt lat="33.014301" lon="35.1873172"><ele>197.4</ele><time>2026-03-05T12:39:27Z</time></trkpt>
<trkpt lat="33.0142866" lon="35.1873451"><ele>197.4</ele><time>2026-03-05T12:39:28Z</time></trkpt>
<trkpt lat="33.0142681" lon="35.1873754"><ele>197.3</ele><time>2026-03-05T12:39:29Z</time></trkpt>
<trkpt lat="33.0142455" lon="35.1874096"><ele>197.2</ele><time>2026-03-05T12:39:30Z</time></trkpt>
<trkpt lat="33.0142217" lon="35.1874457"><ele>197.1</ele><time>2026-03-05T12:39:31Z</time></trkpt>
<trkpt lat="33.0141971" lon="35.1874822"><ele>197.0</ele><time>2026-03-05T12:39:32Z</time></trkpt>
<trkpt lat="33.0141704" lon="35.1875193"><ele>196.9</ele><time>2026-03-05T12:39:33Z</time></trkpt>
<trkpt lat="33.0141425" lon="35.187555"><ele>196.8</ele><time>2026-03-05T12:39:34Z</time></trkpt>
<trkpt lat="33.0141154" lon="35.1875884"><ele>196.7</ele><time>2026-03-05T12:39:35Z</time></trkpt>
<trkpt lat="33.0140881" lon="35.1876219"><ele>196.6</ele><time>2026-03-05T12:39:36Z</time></trkpt>
<trkpt lat="33.0140595" lon="35.1876576"><ele>196.5</ele><time>2026-03-05T12:39:37Z</time></trkpt>
<trkpt lat="33.0140315" lon="35.1876946"><ele>196.5</ele><time>2026-03-05T12:39:38Z</time></trkpt>
<trkpt lat="33.0140037" lon="35.1877317"><ele>196.5</ele><time>2026-03-05T12:39:39Z</time></trkpt>
<trkpt lat="33.0139764" lon="35.1877673"><ele>196.5</ele><time>2026-03-05T12:39:40Z</time></trkpt>
<trkpt lat="33.01395" lon="35.1878019"><ele>196.5</ele><time>2026-03-05T12:39:41Z</time></trkpt>
<trkpt lat="33.0139239" lon="35.1878368"><ele>196.6</ele><time>2026-03-05T12:39:42Z</time></trkpt>
<trkpt lat="33.013898" lon="35.187872"><ele>196.6</ele><time>2026-03-05T12:39:43Z</time></trkpt>
<trkpt lat="33.0138725" lon="35.1879073"><ele>196.7</ele><time>2026-03-05T12:39:44Z</time></trkpt>
<trkpt lat="33.0138486" lon="35.1879414"><ele>196.8</ele><time>2026-03-05T12:39:45Z</time></trkpt>
<trkpt lat="33.013826" lon="35.1879746"><ele>196.8</ele><time>2026-03-05T12:39:46Z</time></trkpt>
<trkpt lat="33.0138028" lon="35.1880072"><ele>196.9</ele><time>2026-03-05T12:39:47Z</time></trkpt>
<trkpt lat="33.0137787" lon="35.1880388"><ele>196.9</ele><time>2026-03-05T12:39:48Z</time></trkpt>
<trkpt lat="33.0137547" lon="35.1880704"><ele>197.0</ele><time>2026-03-05T12:39:49Z</time></trkpt>
<trkpt lat="33.0137314" lon="35.188102"><ele>197.0</ele><time>2026-03-05T12:39:50Z</time></trkpt>
<trkpt lat="33.0137079" lon="35.1881337"><ele>197.1</ele><time>2026-03-05T12:39:51Z</time></trkpt>
<trkpt lat="33.0136783" lon="35.1881682"><ele>197.1</ele><time>2026-03-05T12:39:52Z</time></trkpt>
<trkpt lat="33.0136418" lon="35.1882063"><ele>197.1</ele><time>2026-03-05T12:39:53Z</time></trkpt>
<trkpt lat="33.0136047" lon="35.1882462"><ele>197.1</ele><time>2026-03-05T12:39:54Z</time></trkpt>
<trkpt lat="33.013571" lon="35.1882866"><ele>197.1</ele><time>2026-03-05T12:39:55Z</time></trkpt>
<trkpt lat="33.0135407" lon="35.1883269"><ele>197.1</ele><time>2026-03-05T12:39:56Z</time></trkpt>
<trkpt lat="33.0135117" lon="35.1883662"><ele>197.1</ele><time>2026-03-05T12:39:57Z</time></trkpt>
<trkpt lat="33.0134833" lon="35.1884033"><ele>197.1</ele><time>2026-03-05T12:39:58Z</time></trkpt>
<trkpt lat="33.013455" lon="35.1884376"><ele>197.0</ele><time>2026-03-05T12:39:59Z</time></trkpt>
<trkpt lat="33.0134265" lon="35.1884679"><ele>197.0</ele><time>2026-03-05T12:40:00Z</time></trkpt>
<trkpt lat="33.0133977" lon="35.1884931"><ele>196.9</ele><time>2026-03-05T12:40:01Z</time></trkpt>
<trkpt lat="33.013369" lon="35.1885162"><ele>196.9</ele><time>2026-03-05T12:40:02Z</time></trkpt>
<trkpt lat="33.0133415" lon="35.1885397"><ele>196.8</ele><time>2026-03-05T12:40:03Z</time></trkpt>
<trkpt lat="33.0133178" lon="35.1885644"><ele>196.8</ele><time>2026-03-05T12:40:04Z</time></trkpt>
<trkpt lat="33.0132996" lon="35.1885916"><ele>196.8</ele><time>2026-03-05T12:40:05Z</time></trkpt>
<trkpt lat="33.0132881" lon="35.1886225"><ele>196.7</ele><time>2026-03-05T12:40:06Z</time></trkpt>
<trkpt lat="33.0132842" lon="35.1886596"><ele>196.7</ele><time>2026-03-05T12:40:07Z</time></trkpt>
<trkpt lat="33.013287" lon="35.1887027"><ele>196.7</ele><time>2026-03-05T12:40:08Z</time></trkpt>
<trkpt lat="33.0132942" lon="35.1887484"><ele>196.7</ele><time>2026-03-05T12:40:09Z</time></trkpt>
<trkpt lat="33.0133041" lon="35.1887949"><ele>196.7</ele><time>2026-03-05T12:40:10Z</time></trkpt>
<trkpt lat="33.0133162" lon="35.1888426"><ele>196.7</ele><time>2026-03-05T12:40:11Z</time></trkpt>
<trkpt lat="33.0133289" lon="35.1888895"><ele>196.7</ele><time>2026-03-05T12:40:12Z</time></trkpt>
<trkpt lat="33.0133405" lon="35.188935"><ele>196.7</ele><time>2026-03-05T12:40:13Z</time></trkpt>
<trkpt lat="33.0133509" lon="35.18898"><ele>196.8</ele><time>2026-03-05T12:40:14Z</time></trkpt>
<trkpt lat="33.0133613" lon="35.1890259"><ele>196.9</ele><time>2026-03-05T12:40:15Z</time></trkpt>
<trkpt lat="33.0133727" lon="35.1890736"><ele>196.9</ele><time>2026-03-05T12:40:16Z</time></trkpt>
<trkpt lat="33.0133854" lon="35.1891207"><ele>197.0</ele><time>2026-03-05T12:40:17Z</time></trkpt>
<trkpt lat="33.0133988" lon="35.1891672"><ele>197.1</ele><time>2026-03-05T12:40:18Z</time></trkpt>
<trkpt lat="33.0134128" lon="35.1892133"><ele>197.2</ele><time>2026-03-05T12:40:19Z</time></trkpt>
<trkpt lat="33.0134279" lon="35.1892584"><ele>197.3</ele><time>2026-03-05T12:40:20Z</time></trkpt>
<trkpt lat="33.0134445" lon="35.1893029"><ele>197.4</ele><time>2026-03-05T12:40:21Z</time></trkpt>
<trkpt lat="33.0134631" lon="35.1893475"><ele>197.5</ele><time>2026-03-05T12:40:22Z</time></trkpt>
<trkpt lat="33.0134837" lon="35.1893922"><ele>197.6</ele><time>2026-03-05T12:40:23Z</time></trkpt>
<trkpt lat="33.0135058" lon="35.1894363"><ele>197.7</ele><time>2026-03-05T12:40:24Z</time></trkpt>
<trkpt lat="33.0135289" lon="35.1894791"><ele>197.8</ele><time>2026-03-05T12:40:25Z</time></trkpt>
<trkpt lat="33.0135522" lon="35.1895213"><ele>197.9</ele><time>2026-03-05T12:40:26Z</time></trkpt>
<trkpt lat="33.0135751" lon="35.1895639"><ele>198.0</ele><time>2026-03-05T12:40:27Z</time></trkpt>
<trkpt lat="33.0135974" lon="35.1896069"><ele>198.1</ele><time>2026-03-05T12:40:28Z</time></trkpt>
<trkpt lat="33.0136186" lon="35.1896495"><ele>198.3</ele><time>2026-03-05T12:40:29Z</time></trkpt>
<trkpt lat="33.0136394" lon="35.1896921"><ele>198.4</ele><time>2026-03-05T12:40:30Z</time></trkpt>
<trkpt lat="33.0136605" lon="35.1897357"><ele>198.5</ele><time>2026-03-05T12:40:31Z</time></trkpt>
<trkpt lat="33.0136819" lon="35.1897806"><ele>198.6</ele><time>2026-03-05T12:40:32Z</time></trkpt>
<trkpt lat="33.0137036" lon="35.1898264"><ele>198.8</ele><time>2026-03-05T12:40:33Z</time></trkpt>
<trkpt lat="33.0137259" lon="35.1898728"><ele>198.9</ele><time>2026-03-05T12:40:34Z</time></trkpt>
<trkpt lat="33.0137482" lon="35.1899194"><ele>199.0</ele><time>2026-03-05T12:40:35Z</time></trkpt>
<trkpt lat="33.0137701" lon="35.1899666"><ele>199.1</ele><time>2026-03-05T12:40:36Z</time></trkpt>
<trkpt lat="33.013791" lon="35.1900145"><ele>199.2</ele><time>2026-03-05T12:40:37Z</time></trkpt>
<trkpt lat="33.0138113" lon="35.1900623"><ele>199.3</ele><time>2026-03-05T12:40:38Z</time></trkpt>
<trkpt lat="33.0138312" lon="35.1901102"><ele>199.4</ele><time>2026-03-05T12:40:39Z</time></trkpt>
<trkpt lat="33.0138501" lon="35.1901589"><ele>199.5</ele><time>2026-03-05T12:40:40Z</time></trkpt>
<trkpt lat="33.0138681" lon="35.1902091"><ele>199.6</ele><time>2026-03-05T12:40:41Z</time></trkpt>
<trkpt lat="33.0138856" lon="35.1902611"><ele>199.6</ele><time>2026-03-05T12:40:42Z</time></trkpt>
<trkpt lat="33.0139026" lon="35.1903141"><ele>199.7</ele><time>2026-03-05T12:40:43Z</time></trkpt>
<trkpt lat="33.0139189" lon="35.1903675"><ele>199.8</ele><time>2026-03-05T12:40:44Z</time></trkpt>
<trkpt lat="33.0139345" lon="35.1904207"><ele>199.8</ele><time>2026-03-05T12:40:45Z</time></trkpt>
<trkpt lat="33.0139494" lon="35.1904737"><ele>199.9</ele><time>2026-03-05T12:40:46Z</time></trkpt>
<trkpt lat="33.0139641" lon="35.1905264"><ele>200.0</ele><time>2026-03-05T12:40:47Z</time></trkpt>
<trkpt lat="33.0139786" lon="35.1905792"><ele>200.0</ele><time>2026-03-05T12:40:48Z</time></trkpt>
<trkpt lat="33.0139934" lon="35.1906318"><ele>200.1</ele><time>2026-03-05T12:40:49Z</time></trkpt>
<trkpt lat="33.0140093" lon="35.1906845"><ele>200.2</ele><time>2026-03-05T12:40:50Z</time></trkpt>
<trkpt lat="33.0140255" lon="35.1907378"><ele>200.2</ele><time>2026-03-05T12:40:51Z</time></trkpt>
<trkpt lat="33.0140402" lon="35.190791"><ele>200.3</ele><time>2026-03-05T12:40:52Z</time></trkpt>
<trkpt lat="33.0140531" lon="35.1908443"><ele>200.4</ele><time>2026-03-05T12:40:53Z</time></trkpt>
<trkpt lat="33.0140648" lon="35.1908981"><ele>200.4</ele><time>2026-03-05T12:40:54Z</time></trkpt>
<trkpt lat="33.0140756" lon="35.1909525"><ele>200.5</ele><time>2026-03-05T12:40:55Z</time></trkpt>
<trkpt lat="33.0140858" lon="35.191007"><ele>200.5</ele><time>2026-03-05T12:40:56Z</time></trkpt>
<trkpt lat="33.0140955" lon="35.191062"><ele>200.6</ele><time>2026-03-05T12:40:57Z</time></trkpt>
<trkpt lat="33.0141043" lon="35.1911175"><ele>200.6</ele><time>2026-03-05T12:40:58Z</time></trkpt>
<trkpt lat="33.0141117" lon="35.191173"><ele>200.7</ele><time>2026-03-05T12:40:59Z</time></trkpt>
<trkpt lat="33.0141177" lon="35.1912281"><ele>200.7</ele><time>2026-03-05T12:41:00Z</time></trkpt>
<trkpt lat="33.0141226" lon="35.1912827"><ele>200.7</ele><time>2026-03-05T12:41:01Z</time></trkpt>
<trkpt lat="33.0141263" lon="35.1913374"><ele>200.7</ele><time>2026-03-05T12:41:02Z</time></trkpt>
<trkpt lat="33.0141294" lon="35.1913929"><ele>200.7</ele><time>2026-03-05T12:41:03Z</time></trkpt>
<trkpt lat="33.0141317" lon="35.1914481"><ele>200.6</ele><time>2026-03-05T12:41:04Z</time></trkpt>
<trkpt lat="33.0141334" lon="35.1915022"><ele>200.6</ele><time>2026-03-05T12:41:05Z</time></trkpt>
<trkpt lat="33.0141348" lon="35.1915554"><ele>200.6</ele><time>2026-03-05T12:41:06Z</time></trkpt>
<trkpt lat="33.0141364" lon="35.1916086"><ele>200.5</ele><time>2026-03-05T12:41:07Z</time></trkpt>
<trkpt lat="33.0141378" lon="35.191663"><ele>200.5</ele><time>2026-03-05T12:41:08Z</time></trkpt>
<trkpt lat="33.0141393" lon="35.1917186"><ele>200.5</ele><time>2026-03-05T12:41:09Z</time></trkpt>
<trkpt lat="33.0141411" lon="35.1917743"><ele>200.5</ele><time>2026-03-05T12:41:10Z</time></trkpt>
<trkpt lat="33.0141429" lon="35.1918296"><ele>200.4</ele><time>2026-03-05T12:41:11Z</time></trkpt>
<trkpt lat="33.0141452" lon="35.1918847"><ele>200.4</ele><time>2026-03-05T12:41:12Z</time></trkpt>
<trkpt lat="33.0141481" lon="35.1919391"><ele>200.4</ele><time>2026-03-05T12:41:13Z</time></trkpt>
<trkpt lat="33.0141516" lon="35.1919934"><ele>200.4</ele><time>2026-03-05T12:41:14Z</time></trkpt>
<trkpt lat="33.0141561" lon="35.192048"><ele>200.4</ele><time>2026-03-05T12:41:15Z</time></trkpt>
<trkpt lat="33.0141617" lon="35.1921016"><ele>200.4</ele><time>2026-03-05T12:41:16Z</time></trkpt>
<trkpt lat="33.0141684" lon="35.1921538"><ele>200.3</ele><time>2026-03-05T12:41:17Z</time></trkpt>
<trkpt lat="33.0141757" lon="35.1922052"><ele>200.3</ele><time>2026-03-05T12:41:18Z</time></trkpt>
<trkpt lat="33.0141832" lon="35.1922563"><ele>200.3</ele><time>2026-03-05T12:41:19Z</time></trkpt>
<trkpt lat="33.0141907" lon="35.1923069"><ele>200.3</ele><time>2026-03-05T12:41:20Z</time></trkpt>
<trkpt lat="33.0141982" lon="35.1923559"><ele>200.3</ele><time>2026-03-05T12:41:21Z</time></trkpt>
<trkpt lat="33.014206" lon="35.1924024"><ele>200.3</ele><time>2026-03-05T12:41:22Z</time></trkpt>
<trkpt lat="33.0142147" lon="35.1924473"><ele>200.4</ele><time>2026-03-05T12:41:23Z</time></trkpt>
<trkpt lat="33.0142243" lon="35.1924915"><ele>200.4</ele><time>2026-03-05T12:41:24Z</time></trkpt>
<trkpt lat="33.0142351" lon="35.192536"><ele>200.4</ele><time>2026-03-05T12:41:25Z</time></trkpt>
<trkpt lat="33.0142467" lon="35.1925823"><ele>200.4</ele><time>2026-03-05T12:41:26Z</time></trkpt>
<trkpt lat="33.0142582" lon="35.1926316"><ele>200.5</ele><time>2026-03-05T12:41:27Z</time></trkpt>
<trkpt lat="33.01427" lon="35.1926835"><ele>200.5</ele><time>2026-03-05T12:41:28Z</time></trkpt>
<trkpt lat="33.0142825" lon="35.1927376"><ele>200.6</ele><time>2026-03-05T12:41:29Z</time></trkpt>
<trkpt lat="33.0142954" lon="35.1927941"><ele>200.7</ele><time>2026-03-05T12:41:30Z</time></trkpt>
<trkpt lat="33.0143084" lon="35.1928517"><ele>200.8</ele><time>2026-03-05T12:41:31Z</time></trkpt>
<trkpt lat="33.0143208" lon="35.1929087"><ele>200.9</ele><time>2026-03-05T12:41:32Z</time></trkpt>
<trkpt lat="33.0143321" lon="35.1929649"><ele>200.9</ele><time>2026-03-05T12:41:33Z</time></trkpt>
<trkpt lat="33.0143422" lon="35.1930205"><ele>201.0</ele><time>2026-03-05T12:41:34Z</time></trkpt>
<trkpt lat="33.0143516" lon="35.1930753"><ele>201.1</ele><time>2026-03-05T12:41:35Z</time></trkpt>
<trkpt lat="33.0143599" lon="35.1931295"><ele>201.2</ele><time>2026-03-05T12:41:36Z</time></trkpt>
<trkpt lat="33.0143672" lon="35.1931837"><ele>201.3</ele><time>2026-03-05T12:41:37Z</time></trkpt>
<trkpt lat="33.0143738" lon="35.1932381"><ele>201.4</ele><time>2026-03-05T12:41:38Z</time></trkpt>
<trkpt lat="33.0143801" lon="35.1932926"><ele>201.5</ele><time>2026-03-05T12:41:39Z</time></trkpt>
<trkpt lat="33.0143858" lon="35.1933473"><ele>201.6</ele><time>2026-03-05T12:41:40Z</time></trkpt>
<trkpt lat="33.0143901" lon="35.1934015"><ele>201.7</ele><time>2026-03-05T12:41:41Z</time></trkpt>
<trkpt lat="33.0143932" lon="35.1934558"><ele>201.8</ele><time>2026-03-05T12:41:42Z</time></trkpt>
<trkpt lat="33.0143957" lon="35.1935105"><ele>201.8</ele><time>2026-03-05T12:41:43Z</time></trkpt>
<trkpt lat="33.0143976" lon="35.1935652"><ele>201.9</ele><time>2026-03-05T12:41:44Z</time></trkpt>
<trkpt lat="33.0143988" lon="35.1936195"><ele>202.0</ele><time>2026-03-05T12:41:45Z</time></trkpt>
<trkpt lat="33.0143993" lon="35.1936737"><ele>202.0</ele><time>2026-03-05T12:41:46Z</time></trkpt>
<trkpt lat="33.0143993" lon="35.1937278"><ele>202.1</ele><time>2026-03-05T12:41:47Z</time></trkpt>
<trkpt lat="33.0143992" lon="35.1937822"><ele>202.2</ele><time>2026-03-05T12:41:48Z</time></trkpt>
<trkpt lat="33.0143988" lon="35.1938371"><ele>202.2</ele><time>2026-03-05T12:41:49Z</time></trkpt>
<trkpt lat="33.0143977" lon="35.1938911"><ele>202.3</ele><time>2026-03-05T12:41:50Z</time></trkpt>
<trkpt lat="33.0143958" lon="35.1939432"><ele>202.4</ele><time>2026-03-05T12:41:51Z</time></trkpt>
<trkpt lat="33.0143938" lon="35.1939925"><ele>202.4</ele><time>2026-03-05T12:41:52Z</time></trkpt>
<trkpt lat="33.0143916" lon="35.1940388"><ele>202.5</ele><time>2026-03-05T12:41:53Z</time></trkpt>
<trkpt lat="33.0143892" lon="35.1940822"><ele>202.6</ele><time>2026-03-05T12:41:54Z</time></trkpt>
<trkpt lat="33.0143866" lon="35.1941245"><ele>202.7</ele><time>2026-03-05T12:41:55Z</time></trkpt>
<trkpt lat="33.0143831" lon="35.1941679"><ele>202.7</ele><time>2026-03-05T12:41:56Z</time></trkpt>
<trkpt lat="33.014379" lon="35.1942136"><ele>202.8</ele><time>2026-03-05T12:41:57Z</time></trkpt>
<trkpt lat="33.0143741" lon="35.1942623"><ele>202.8</ele><time>2026-03-05T12:41:58Z</time></trkpt>
<trkpt lat="33.0143687" lon="35.1943138"><ele>202.9</ele><time>2026-03-05T12:41:59Z</time></trkpt>
<trkpt lat="33.0143634" lon="35.194367"><ele>202.9</ele><time>2026-03-05T12:42:00Z</time></trkpt>
<trkpt lat="33.0143578" lon="35.1944217"><ele>202.8</ele><time>2026-03-05T12:42:01Z</time></trkpt>
<trkpt lat="33.0143519" lon="35.1944771"><ele>202.8</ele><time>2026-03-05T12:42:02Z</time></trkpt>
<trkpt lat="33.0143458" lon="35.1945325"><ele>202.7</ele><time>2026-03-05T12:42:03Z</time></trkpt>
<trkpt lat="33.0143398" lon="35.1945878"><ele>202.6</ele><time>2026-03-05T12:42:04Z</time></trkpt>
<trkpt lat="33.0143337" lon="35.194643"><ele>202.5</ele><time>2026-03-05T12:42:05Z</time></trkpt>
<trkpt lat="33.0143278" lon="35.1946983"><ele>202.4</ele><time>2026-03-05T12:42:06Z</time></trkpt>
<trkpt lat="33.0143224" lon="35.1947538"><ele>202.3</ele><time>2026-03-05T12:42:07Z</time></trkpt>
<trkpt lat="33.0143173" lon="35.1948092"><ele>202.3</ele><time>2026-03-05T12:42:08Z</time></trkpt>
<trkpt lat="33.014312" lon="35.1948646"><ele>202.2</ele><time>2026-03-05T12:42:09Z</time></trkpt>
<trkpt lat="33.0143061" lon="35.1949197"><ele>202.2</ele><time>2026-03-05T12:42:10Z</time></trkpt>
<trkpt lat="33.0142998" lon="35.1949746"><ele>202.2</ele><time>2026-03-05T12:42:11Z</time></trkpt>
<trkpt lat="33.0142937" lon="35.1950297"><ele>202.2</ele><time>2026-03-05T12:42:12Z</time></trkpt>
<trkpt lat="33.0142878" lon="35.1950852"><ele>202.3</ele><time>2026-03-05T12:42:13Z</time></trkpt>
<trkpt lat="33.0142815" lon="35.1951408"><ele>202.3</ele><time>2026-03-05T12:42:14Z</time></trkpt>
<trkpt lat="33.0142748" lon="35.1951962"><ele>202.4</ele><time>2026-03-05T12:42:15Z</time></trkpt>
<trkpt lat="33.0142678" lon="35.1952516"><ele>202.5</ele><time>2026-03-05T12:42:16Z</time></trkpt>
<trkpt lat="33.0142607" lon="35.195307"><ele>202.5</ele><time>2026-03-05T12:42:17Z</time></trkpt>
<trkpt lat="33.0142539" lon="35.195362"><ele>202.6</ele><time>2026-03-05T12:42:18Z</time></trkpt>
<trkpt lat="33.0142477" lon="35.1954164"><ele>202.7</ele><time>2026-03-05T12:42:19Z</time></trkpt>
<trkpt lat="33.0142422" lon="35.1954703"><ele>202.8</ele><time>2026-03-05T12:42:20Z</time></trkpt>
<trkpt lat="33.0142379" lon="35.1955237"><ele>202.9</ele><time>2026-03-05T12:42:21Z</time></trkpt>
<trkpt lat="33.0142351" lon="35.1955767"><ele>203.0</ele><time>2026-03-05T12:42:22Z</time></trkpt>
<trkpt lat="33.0142341" lon="35.1956295"><ele>203.1</ele><time>2026-03-05T12:42:23Z</time></trkpt>
<trkpt lat="33.0142345" lon="35.195682"><ele>203.2</ele><time>2026-03-05T12:42:24Z</time></trkpt>
<trkpt lat="33.0142351" lon="35.1957345"><ele>203.3</ele><time>2026-03-05T12:42:25Z</time></trkpt>
<trkpt lat="33.0142355" lon="35.1957872"><ele>203.4</ele><time>2026-03-05T12:42:26Z</time></trkpt>
<trkpt lat="33.0142366" lon="35.1958407"><ele>203.5</ele><time>2026-03-05T12:42:27Z</time></trkpt>
<trkpt lat="33.0142394" lon="35.1958947"><ele>203.6</ele><time>2026-03-05T12:42:28Z</time></trkpt>
<trkpt lat="33.0142443" lon="35.1959481"><ele>203.7</ele><time>2026-03-05T12:42:29Z</time></trkpt>
<trkpt lat="33.0142508" lon="35.1960008"><ele>203.8</ele><time>2026-03-05T12:42:30Z</time></trkpt>
<trkpt lat="33.014258" lon="35.196053"><ele>203.9</ele><time>2026-03-05T12:42:31Z</time></trkpt>
<trkpt lat="33.0142658" lon="35.1961049"><ele>204.0</ele><time>2026-03-05T12:42:32Z</time></trkpt>
<trkpt lat="33.0142755" lon="35.1961559"><ele>204.1</ele><time>2026-03-05T12:42:33Z</time></trkpt>
<trkpt lat="33.0142886" lon="35.1962055"><ele>204.2</ele><time>2026-03-05T12:42:34Z</time></trkpt>
<trkpt lat="33.014306" lon="35.1962532"><ele>204.3</ele><time>2026-03-05T12:42:35Z</time></trkpt>
<trkpt lat="33.0143277" lon="35.1962995"><ele>204.4</ele><time>2026-03-05T12:42:36Z</time></trkpt>
<trkpt lat="33.0143534" lon="35.1963448"><ele>204.5</ele><time>2026-03-05T12:42:37Z</time></trkpt>
<trkpt lat="33.0143826" lon="35.1963886"><ele>204.6</ele><time>2026-03-05T12:42:38Z</time></trkpt>
<trkpt lat="33.014414" lon="35.1964303"><ele>204.7</ele><time>2026-03-05T12:42:39Z</time></trkpt>
<trkpt lat="33.0144462" lon="35.19647"><ele>204.8</ele><time>2026-03-05T12:42:40Z</time></trkpt>
<trkpt lat="33.014478" lon="35.1965078"><ele>204.9</ele><time>2026-03-05T12:42:41Z</time></trkpt>
<trkpt lat="33.0145089" lon="35.1965439"><ele>205.0</ele><time>2026-03-05T12:42:42Z</time></trkpt>
<trkpt lat="33.0145384" lon="35.1965795"><ele>205.2</ele><time>2026-03-05T12:42:43Z</time></trkpt>
<trkpt lat="33.0145673" lon="35.1966157"><ele>205.3</ele><time>2026-03-05T12:42:44Z</time></trkpt>
<trkpt lat="33.0145957" lon="35.1966521"><ele>205.5</ele><time>2026-03-05T12:42:45Z</time></trkpt>
<trkpt lat="33.014623" lon="35.1966881"><ele>205.7</ele><time>2026-03-05T12:42:46Z</time></trkpt>
<trkpt lat="33.0146493" lon="35.1967233"><ele>205.9</ele><time>2026-03-05T12:42:47Z</time></trkpt>
<trkpt lat="33.0146753" lon="35.1967586"><ele>206.2</ele><time>2026-03-05T12:42:48Z</time></trkpt>
<trkpt lat="33.0147012" lon="35.1967942"><ele>206.4</ele><time>2026-03-05T12:42:49Z</time></trkpt>
<trkpt lat="33.0147269" lon="35.1968299"><ele>206.7</ele><time>2026-03-05T12:42:50Z</time></trkpt>
<trkpt lat="33.0147524" lon="35.1968659"><ele>206.9</ele><time>2026-03-05T12:42:51Z</time></trkpt>
<trkpt lat="33.0147776" lon="35.1969027"><ele>207.2</ele><time>2026-03-05T12:42:52Z</time></trkpt>
<trkpt lat="33.0148028" lon="35.1969407"><ele>207.5</ele><time>2026-03-05T12:42:53Z</time></trkpt>
<trkpt lat="33.0148274" lon="35.1969793"><ele>207.7</ele><time>2026-03-05T12:42:54Z</time></trkpt>
<trkpt lat="33.0148513" lon="35.1970184"><ele>208.0</ele><time>2026-03-05T12:42:55Z</time></trkpt>
<trkpt lat="33.0148747" lon="35.1970578"><ele>208.2</ele><time>2026-03-05T12:42:56Z</time></trkpt>
<trkpt lat="33.0148975" lon="35.1970974"><ele>208.5</ele><time>2026-03-05T12:42:57Z</time></trkpt>
<trkpt lat="33.0149202" lon="35.1971371"><ele>208.7</ele><time>2026-03-05T12:42:58Z</time></trkpt>
<trkpt lat="33.0149434" lon="35.1971771"><ele>208.9</ele><time>2026-03-05T12:42:59Z</time></trkpt>
<trkpt lat="33.0149668" lon="35.1972178"><ele>209.1</ele><time>2026-03-05T12:43:00Z</time></trkpt>
<trkpt lat="33.0149902" lon="35.1972587"><ele>209.3</ele><time>2026-03-05T12:43:01Z</time></trkpt>
<trkpt lat="33.0150131" lon="35.1973003"><ele>209.5</ele><time>2026-03-05T12:43:02Z</time></trkpt>
<trkpt lat="33.0150354" lon="35.1973422"><ele>209.6</ele><time>2026-03-05T12:43:03Z</time></trkpt>
<trkpt lat="33.015057" lon="35.1973844"><ele>209.7</ele><time>2026-03-05T12:43:04Z</time></trkpt>
<trkpt lat="33.0150777" lon="35.1974272"><ele>209.8</ele><time>2026-03-05T12:43:05Z</time></trkpt>
<trkpt lat="33.015097" lon="35.1974705"><ele>209.8</ele><time>2026-03-05T12:43:06Z</time></trkpt>
<trkpt lat="33.0151151" lon="35.1975142"><ele>209.8</ele><time>2026-03-05T12:43:07Z</time></trkpt>
<trkpt lat="33.0151327" lon="35.1975587"><ele>209.8</ele><time>2026-03-05T12:43:08Z</time></trkpt>
<trkpt lat="33.0151499" lon="35.1976045"><ele>209.8</ele><time>2026-03-05T12:43:09Z</time></trkpt>
<trkpt lat="33.015167" lon="35.1976508"><ele>209.8</ele><time>2026-03-05T12:43:10Z</time></trkpt>
<trkpt lat="33.0151846" lon="35.1976972"><ele>209.8</ele><time>2026-03-05T12:43:11Z</time></trkpt>
<trkpt lat="33.0152033" lon="35.1977424"><ele>209.9</ele><time>2026-03-05T12:43:12Z</time></trkpt>
<trkpt lat="33.0152233" lon="35.1977854"><ele>209.9</ele><time>2026-03-05T12:43:13Z</time></trkpt>
<trkpt lat="33.0152448" lon="35.1978258"><ele>210.0</ele><time>2026-03-05T12:43:14Z</time></trkpt>
<trkpt lat="33.0152677" lon="35.1978649"><ele>210.1</ele><time>2026-03-05T12:43:15Z</time></trkpt>
<trkpt lat="33.0152914" lon="35.1979028"><ele>210.2</ele><time>2026-03-05T12:43:16Z</time></trkpt>
<trkpt lat="33.0153153" lon="35.1979399"><ele>210.3</ele><time>2026-03-05T12:43:17Z</time></trkpt>
<trkpt lat="33.0153387" lon="35.1979774"><ele>210.5</ele><time>2026-03-05T12:43:18Z</time></trkpt>
<trkpt lat="33.0153612" lon="35.198016"><ele>210.6</ele><time>2026-03-05T12:43:19Z</time></trkpt>
<trkpt lat="33.0153826" lon="35.1980566"><ele>210.8</ele><time>2026-03-05T12:43:20Z</time></trkpt>
<trkpt lat="33.0154021" lon="35.1980995"><ele>211.0</ele><time>2026-03-05T12:43:21Z</time></trkpt>
<trkpt lat="33.0154192" lon="35.1981447"><ele>211.2</ele><time>2026-03-05T12:43:22Z</time></trkpt>
<trkpt lat="33.0154341" lon="35.198192"><ele>211.3</ele><time>2026-03-05T12:43:23Z</time></trkpt>
<trkpt lat="33.0154472" lon="35.198241"><ele>211.5</ele><time>2026-03-05T12:43:24Z</time></trkpt>
<trkpt lat="33.0154588" lon="35.1982917"><ele>211.6</ele><time>2026-03-05T12:43:25Z</time></trkpt>
<trkpt lat="33.0154695" lon="35.1983439"><ele>211.8</ele><time>2026-03-05T12:43:26Z</time></trkpt>
<trkpt lat="33.0154798" lon="35.1983968"><ele>211.9</ele><time>2026-03-05T12:43:27Z</time></trkpt>
<trkpt lat="33.01549" lon="35.1984495"><ele>212.0</ele><time>2026-03-05T12:43:28Z</time></trkpt>
<trkpt lat="33.0155002" lon="35.1985018"><ele>212.1</ele><time>2026-03-05T12:43:29Z</time></trkpt>
<trkpt lat="33.0155098" lon="35.198554"><ele>212.2</ele><time>2026-03-05T12:43:30Z</time></trkpt>
<trkpt lat="33.0155185" lon="35.1986064"><ele>212.2</ele><time>2026-03-05T12:43:31Z</time></trkpt>
<trkpt lat="33.0155264" lon="35.1986593"><ele>212.3</ele><time>2026-03-05T12:43:32Z</time></trkpt>
<trkpt lat="33.0155337" lon="35.1987134"><ele>212.4</ele><time>2026-03-05T12:43:33Z</time></trkpt>
<trkpt lat="33.0155413" lon="35.1987687"><ele>212.4</ele><time>2026-03-05T12:43:34Z</time></trkpt>
<trkpt lat="33.0155498" lon="35.198824"><ele>212.5</ele><time>2026-03-05T12:43:35Z</time></trkpt>
<trkpt lat="33.0155583" lon="35.1988781"><ele>212.5</ele><time>2026-03-05T12:43:36Z</time></trkpt>
<trkpt lat="33.0155656" lon="35.1989318"><ele>212.6</ele><time>2026-03-05T12:43:37Z</time></trkpt>
<trkpt lat="33.0155723" lon="35.1989842"><ele>212.6</ele><time>2026-03-05T12:43:38Z</time></trkpt>
<trkpt lat="33.015579" lon="35.1990353"><ele>212.6</ele><time>2026-03-05T12:43:39Z</time></trkpt>
<trkpt lat="33.015585" lon="35.1990855"><ele>212.6</ele><time>2026-03-05T12:43:40Z</time></trkpt>
<trkpt lat="33.0155886" lon="35.1991339"><ele>212.7</ele><time>2026-03-05T12:43:41Z</time></trkpt>
<trkpt lat="33.0155895" lon="35.1991806"><ele>212.7</ele><time>2026-03-05T12:43:42Z</time></trkpt>
<trkpt lat="33.0155883" lon="35.1992278"><ele>212.7</ele><time>2026-03-05T12:43:43Z</time></trkpt>
<trkpt lat="33.0155861" lon="35.1992769"><ele>212.7</ele><time>2026-03-05T12:43:44Z</time></trkpt>
<trkpt lat="33.0155841" lon="35.1993267"><ele>212.7</ele><time>2026-03-05T12:43:45Z</time></trkpt>
<trkpt lat="33.0155823" lon="35.1993765"><ele>212.7</ele><time>2026-03-05T12:43:46Z</time></trkpt>
<trkpt lat="33.01558" lon="35.1994269"><ele>212.7</ele><time>2026-03-05T12:43:47Z</time></trkpt>
<trkpt lat="33.0155774" lon="35.1994777"><ele>212.7</ele><time>2026-03-05T12:43:48Z</time></trkpt>
<trkpt lat="33.0155751" lon="35.1995286"><ele>212.7</ele><time>2026-03-05T12:43:49Z</time></trkpt>
<trkpt lat="33.0155738" lon="35.1995793"><ele>212.7</ele><time>2026-03-05T12:43:50Z</time></trkpt>
<trkpt lat="33.0155743" lon="35.1996297"><ele>212.7</ele><time>2026-03-05T12:43:51Z</time></trkpt>
<trkpt lat="33.0155775" lon="35.1996806"><ele>212.6</ele><time>2026-03-05T12:43:52Z</time></trkpt>
<trkpt lat="33.0155841" lon="35.1997328"><ele>212.6</ele><time>2026-03-05T12:43:53Z</time></trkpt>
<trkpt lat="33.0155947" lon="35.1997853"><ele>212.6</ele><time>2026-03-05T12:43:54Z</time></trkpt>
<trkpt lat="33.0156086" lon="35.1998377"><ele>212.6</ele><time>2026-03-05T12:43:55Z</time></trkpt>
<trkpt lat="33.0156246" lon="35.1998898"><ele>212.6</ele><time>2026-03-05T12:43:56Z</time></trkpt>
<trkpt lat="33.0156416" lon="35.1999422"><ele>212.6</ele><time>2026-03-05T12:43:57Z</time></trkpt>
<trkpt lat="33.0156579" lon="35.1999951"><ele>212.6</ele><time>2026-03-05T12:43:58Z</time></trkpt>
<trkpt lat="33.0156729" lon="35.2000484"><ele>212.6</ele><time>2026-03-05T12:43:59Z</time></trkpt>
<trkpt lat="33.0156869" lon="35.2001018"><ele>212.6</ele><time>2026-03-05T12:44:00Z</time></trkpt>
<trkpt lat="33.0157003" lon="35.2001541"><ele>212.7</ele><time>2026-03-05T12:44:01Z</time></trkpt>
<trkpt lat="33.0157135" lon="35.200205"><ele>212.8</ele><time>2026-03-05T12:44:02Z</time></trkpt>
<trkpt lat="33.0157262" lon="35.2002549"><ele>212.8</ele><time>2026-03-05T12:44:03Z</time></trkpt>
<trkpt lat="33.0157383" lon="35.2003034"><ele>212.9</ele><time>2026-03-05T12:44:04Z</time></trkpt>
<trkpt lat="33.0157498" lon="35.2003505"><ele>213.1</ele><time>2026-03-05T12:44:05Z</time></trkpt>
<trkpt lat="33.015761" lon="35.2003978"><ele>213.2</ele><time>2026-03-05T12:44:06Z</time></trkpt>
<trkpt lat="33.015772" lon="35.2004461"><ele>213.3</ele><time>2026-03-05T12:44:07Z</time></trkpt>
<trkpt lat="33.0157826" lon="35.2004946"><ele>213.4</ele><time>2026-03-05T12:44:08Z</time></trkpt>
<trkpt lat="33.0157933" lon="35.2005428"><ele>213.6</ele><time>2026-03-05T12:44:09Z</time></trkpt>
<trkpt lat="33.0158041" lon="35.2005914"><ele>213.7</ele><time>2026-03-05T12:44:10Z</time></trkpt>
<trkpt lat="33.0158145" lon="35.2006406"><ele>213.8</ele><time>2026-03-05T12:44:11Z</time></trkpt>
<trkpt lat="33.0158247" lon="35.2006903"><ele>214.0</ele><time>2026-03-05T12:44:12Z</time></trkpt>
<trkpt lat="33.0158352" lon="35.2007407"><ele>214.1</ele><time>2026-03-05T12:44:13Z</time></trkpt>
<trkpt lat="33.0158458" lon="35.2007908"><ele>214.2</ele><time>2026-03-05T12:44:14Z</time></trkpt>
<trkpt lat="33.0158565" lon="35.2008403"><ele>214.3</ele><time>2026-03-05T12:44:15Z</time></trkpt>
<trkpt lat="33.0158675" lon="35.20089"><ele>214.5</ele><time>2026-03-05T12:44:16Z</time></trkpt>
<trkpt lat="33.0158782" lon="35.20094"><ele>214.5</ele><time>2026-03-05T12:44:17Z</time></trkpt>
<trkpt lat="33.0158885" lon="35.2009898"><ele>214.6</ele><time>2026-03-05T12:44:18Z</time></trkpt>
<trkpt lat="33.0158989" lon="35.2010396"><ele>214.7</ele><time>2026-03-05T12:44:19Z</time></trkpt>
<trkpt lat="33.0159094" lon="35.20109"><ele>214.9</ele><time>2026-03-05T12:44:20Z</time></trkpt>
<trkpt lat="33.0159198" lon="35.2011401"><ele>215.0</ele><time>2026-03-05T12:44:21Z</time></trkpt>
<trkpt lat="33.0159296" lon="35.2011899"><ele>215.2</ele><time>2026-03-05T12:44:22Z</time></trkpt>
<trkpt lat="33.0159387" lon="35.2012386"><ele>215.3</ele><time>2026-03-05T12:44:23Z</time></trkpt>
<trkpt lat="33.0159473" lon="35.2012857"><ele>215.5</ele><time>2026-03-05T12:44:24Z</time></trkpt>
<trkpt lat="33.0159555" lon="35.201332"><ele>215.6</ele><time>2026-03-05T12:44:25Z</time></trkpt>
<trkpt lat="33.0159625" lon="35.2013783"><ele>215.8</ele><time>2026-03-05T12:44:26Z</time></trkpt>
<trkpt lat="33.0159682" lon="35.2014253"><ele>215.9</ele><time>2026-03-05T12:44:27Z</time></trkpt>
<trkpt lat="33.015973" lon="35.2014744"><ele>216.1</ele><time>2026-03-05T12:44:28Z</time></trkpt>
<trkpt lat="33.015977" lon="35.2015248"><ele>216.2</ele><time>2026-03-05T12:44:29Z</time></trkpt>
<trkpt lat="33.0159803" lon="35.2015752"><ele>216.3</ele><time>2026-03-05T12:44:30Z</time></trkpt>
<trkpt lat="33.0159827" lon="35.2016256"><ele>216.5</ele><time>2026-03-05T12:44:31Z</time></trkpt>
<trkpt lat="33.0159836" lon="35.2016762"><ele>216.6</ele><time>2026-03-05T12:44:32Z</time></trkpt>
<trkpt lat="33.0159832" lon="35.201727"><ele>216.6</ele><time>2026-03-05T12:44:33Z</time></trkpt>
<trkpt lat="33.0159827" lon="35.2017785"><ele>216.7</ele><time>2026-03-05T12:44:34Z</time></trkpt>
<trkpt lat="33.0159831" lon="35.2018304"><ele>216.8</ele><time>2026-03-05T12:44:35Z</time></trkpt>
<trkpt lat="33.0159844" lon="35.201883"><ele>216.8</ele><time>2026-03-05T12:44:36Z</time></trkpt>
<trkpt lat="33.0159863" lon="35.2019358"><ele>216.8</ele><time>2026-03-05T12:44:37Z</time></trkpt>
<trkpt lat="33.0159889" lon="35.2019875"><ele>216.9</ele><time>2026-03-05T12:44:38Z</time></trkpt>
<trkpt lat="33.015992" lon="35.2020377"><ele>216.9</ele><time>2026-03-05T12:44:39Z</time></trkpt>
<trkpt lat="33.0159951" lon="35.2020864"><ele>216.9</ele><time>2026-03-05T12:44:40Z</time></trkpt>
<trkpt lat="33.0159979" lon="35.2021337"><ele>216.9</ele><time>2026-03-05T12:44:41Z</time></trkpt>
<trkpt lat="33.0160006" lon="35.2021796"><ele>216.9</ele><time>2026-03-05T12:44:42Z</time></trkpt>
<trkpt lat="33.0160029" lon="35.2022241"><ele>216.9</ele><time>2026-03-05T12:44:43Z</time></trkpt>
<trkpt lat="33.0160048" lon="35.202269"><ele>216.9</ele><time>2026-03-05T12:44:44Z</time></trkpt>
<trkpt lat="33.0160062" lon="35.2023166"><ele>216.8</ele><time>2026-03-05T12:44:45Z</time></trkpt>
<trkpt lat="33.0160063" lon="35.2023679"><ele>216.8</ele><time>2026-03-05T12:44:46Z</time></trkpt>
<trkpt lat="33.0160051" lon="35.2024228"><ele>216.7</ele><time>2026-03-05T12:44:47Z</time></trkpt>
<trkpt lat="33.0160024" lon="35.20248"><ele>216.6</ele><time>2026-03-05T12:44:48Z</time></trkpt>
<trkpt lat="33.015998" lon="35.2025375"><ele>216.5</ele><time>2026-03-05T12:44:49Z</time></trkpt>
<trkpt lat="33.0159909" lon="35.2025946"><ele>216.4</ele><time>2026-03-05T12:44:50Z</time></trkpt>
<trkpt lat="33.0159797" lon="35.2026497"><ele>216.3</ele><time>2026-03-05T12:44:51Z</time></trkpt>
<trkpt lat="33.0159646" lon="35.2027006"><ele>216.2</ele><time>2026-03-05T12:44:52Z</time></trkpt>
<trkpt lat="33.0159468" lon="35.2027465"><ele>216.1</ele><time>2026-03-05T12:44:53Z</time></trkpt>
<trkpt lat="33.0159285" lon="35.2027895"><ele>216.0</ele><time>2026-03-05T12:44:54Z</time></trkpt>
<trkpt lat="33.0159107" lon="35.2028313"><ele>216.0</ele><time>2026-03-05T12:44:55Z</time></trkpt>
<trkpt lat="33.0158933" lon="35.2028711"><ele>215.9</ele><time>2026-03-05T12:44:56Z</time></trkpt>
<trkpt lat="33.0158766" lon="35.2029066"><ele>216.0</ele><time>2026-03-05T12:44:57Z</time></trkpt>
<trkpt lat="33.0158603" lon="35.2029359"><ele>216.0</ele><time>2026-03-05T12:44:58Z</time></trkpt>
<trkpt lat="33.0158448" lon="35.2029589"><ele>216.1</ele><time>2026-03-05T12:44:59Z</time></trkpt>
<trkpt lat="33.015831" lon="35.2029773"><ele>216.2</ele><time>2026-03-05T12:45:00Z</time></trkpt>
<trkpt lat="33.0158198" lon="35.2029931"><ele>216.3</ele><time>2026-03-05T12:45:01Z</time></trkpt>
<trkpt lat="33.0158112" lon="35.203007"><ele>216.5</ele><time>2026-03-05T12:45:02Z</time></trkpt>
<trkpt lat="33.0158039" lon="35.2030189"><ele>216.6</ele><time>2026-03-05T12:45:03Z</time></trkpt>
<trkpt lat="33.0157965" lon="35.203029"><ele>216.7</ele><time>2026-03-05T12:45:04Z</time></trkpt>
<trkpt lat="33.0157892" lon="35.2030378"><ele>216.8</ele><time>2026-03-05T12:45:05Z</time></trkpt>
<trkpt lat="33.0157842" lon="35.2030441"><ele>216.9</ele><time>2026-03-05T12:45:06Z</time></trkpt>
<trkpt lat="33.0157822" lon="35.2030474"><ele>216.9</ele><time>2026-03-05T12:45:07Z</time></trkpt>
<trkpt lat="33.0157824" lon="35.2030484"><ele>217.0</ele><time>2026-03-05T12:45:08Z</time></trkpt>
<trkpt lat="33.0157834" lon="35.2030483"><ele>217.1</ele><time>2026-03-05T12:45:09Z</time></trkpt>
<trkpt lat="33.0157848" lon="35.2030477"><ele>217.1</ele><time>2026-03-05T12:45:10Z</time></trkpt>
<trkpt lat="33.0157861" lon="35.203047"><ele>217.2</ele><time>2026-03-05T12:45:11Z</time></trkpt>
<trkpt lat="33.0157872" lon="35.2030465"><ele>217.2</ele><time>2026-03-05T12:45:12Z</time></trkpt>
<trkpt lat="33.0157882" lon="35.203046"><ele>217.2</ele><time>2026-03-05T12:45:13Z</time></trkpt>
<trkpt lat="33.0157891" lon="35.2030458"><ele>217.2</ele><time>2026-03-05T12:45:14Z</time></trkpt>
<trkpt lat="33.0157898" lon="35.2030457"><ele>217.2</ele><time>2026-03-05T12:45:15Z</time></trkpt>
<trkpt lat="33.0157904" lon="35.2030457"><ele>217.2</ele><time>2026-03-05T12:45:16Z</time></trkpt>
<trkpt lat="33.0157909" lon="35.2030459"><ele>217.2</ele><time>2026-03-05T12:45:17Z</time></trkpt>
<trkpt lat="33.0157913" lon="35.2030462"><ele>217.2</ele><time>2026-03-05T12:45:18Z</time></trkpt>
<trkpt lat="33.0157917" lon="35.2030465"><ele>217.2</ele><time>2026-03-05T12:45:19Z</time></trkpt>
<trkpt lat="33.0157921" lon="35.2030467"><ele>217.2</ele><time>2026-03-05T12:45:20Z</time></trkpt>
<trkpt lat="33.0157925" lon="35.2030469"><ele>217.2</ele><time>2026-03-05T12:45:21Z</time></trkpt>
<trkpt lat="33.015793" lon="35.203047"><ele>217.2</ele><time>2026-03-05T12:45:22Z</time></trkpt>
<trkpt lat="33.0157934" lon="35.2030472"><ele>217.2</ele><time>2026-03-05T12:45:23Z</time></trkpt>
<trkpt lat="33.0157938" lon="35.2030472"><ele>217.1</ele><time>2026-03-05T12:45:24Z</time></trkpt>
<trkpt lat="33.0157942" lon="35.2030473"><ele>217.1</ele><time>2026-03-05T12:45:25Z</time></trkpt>
<trkpt lat="33.0157946" lon="35.2030474"><ele>217.1</ele><time>2026-03-05T12:45:26Z</time></trkpt>
<trkpt lat="33.0157949" lon="35.2030476"><ele>217.0</ele><time>2026-03-05T12:45:27Z</time></trkpt>
<trkpt lat="33.015795" lon="35.2030479"><ele>217.0</ele><time>2026-03-05T12:45:28Z</time></trkpt>
<trkpt lat="33.0157951" lon="35.2030479"><ele>217.0</ele><time>2026-03-05T12:45:29Z</time></trkpt>
<trkpt lat="33.015795" lon="35.2030479"><ele>217.0</ele><time>2026-03-05T12:45:30Z</time></trkpt>
<trkpt lat="33.0157948" lon="35.2030479"><ele>216.9</ele><time>2026-03-05T12:45:31Z</time></trkpt>
<trkpt lat="33.0157943" lon="35.203048"><ele>216.9</ele><time>2026-03-05T12:45:32Z</time></trkpt>
<trkpt lat="33.0157931" lon="35.2030485"><ele>216.9</ele><time>2026-03-05T12:45:33Z</time></trkpt>
<trkpt lat="33.0157915" lon="35.2030493"><ele>216.9</ele><time>2026-03-05T12:45:34Z</time></trkpt>
<trkpt lat="33.0157894" lon="35.2030503"><ele>216.9</ele><time>2026-03-05T12:45:35Z</time></trkpt>
<trkpt lat="33.0157863" lon="35.2030525"><ele>216.9</ele><time>2026-03-05T12:45:36Z</time></trkpt>
<trkpt lat="33.0157819" lon="35.2030562"><ele>216.9</ele><time>2026-03-05T12:45:37Z</time></trkpt>
<trkpt lat="33.0157764" lon="35.2030612"><ele>217.0</ele><time>2026-03-05T12:45:38Z</time></trkpt>
<trkpt lat="33.0157707" lon="35.2030664"><ele>217.0</ele><time>2026-03-05T12:45:39Z</time></trkpt>
<trkpt lat="33.015766" lon="35.2030704"><ele>217.0</ele><time>2026-03-05T12:45:40Z</time></trkpt>
<trkpt lat="33.0157624" lon="35.2030727"><ele>217.1</ele><time>2026-03-05T12:45:41Z</time></trkpt>
<trkpt lat="33.0157603" lon="35.2030735"><ele>217.1</ele><time>2026-03-05T12:45:42Z</time></trkpt>
<trkpt lat="33.0157593" lon="35.2030735"><ele>217.2</ele><time>2026-03-05T12:45:43Z</time></trkpt>
<trkpt lat="33.0157589" lon="35.2030732"><ele>217.2</ele><time>2026-03-05T12:45:44Z</time></trkpt>
<trkpt lat="33.0157587" lon="35.2030728"><ele>217.2</ele><time>2026-03-05T12:45:45Z</time></trkpt>
<trkpt lat="33.0157586" lon="35.2030725"><ele>217.3</ele><time>2026-03-05T12:45:46Z</time></trkpt>
<trkpt lat="33.0157586" lon="35.2030721"><ele>217.3</ele><time>2026-03-05T12:45:47Z</time></trkpt>
<trkpt lat="33.0157588" lon="35.2030718"><ele>217.3</ele><time>2026-03-05T12:45:48Z</time></trkpt>
<trkpt lat="33.0157591" lon="35.2030715"><ele>217.3</ele><time>2026-03-05T12:45:49Z</time></trkpt>
<trkpt lat="33.0157593" lon="35.2030714"><ele>217.3</ele><time>2026-03-05T12:45:50Z</time></trkpt>
<trkpt lat="33.0157596" lon="35.2030712"><ele>217.3</ele><time>2026-03-05T12:45:51Z</time></trkpt>
<trkpt lat="33.0157598" lon="35.2030712"><ele>217.3</ele><time>2026-03-05T12:45:52Z</time></trkpt>
<trkpt lat="33.01576" lon="35.2030711"><ele>217.3</ele><time>2026-03-05T12:45:53Z</time></trkpt>
<trkpt lat="33.0157602" lon="35.2030712"><ele>217.3</ele><time>2026-03-05T12:45:54Z</time></trkpt>
<trkpt lat="33.0157604" lon="35.2030712"><ele>217.3</ele><time>2026-03-05T12:45:55Z</time></trkpt>
<trkpt lat="33.0157606" lon="35.2030713"><ele>217.3</ele><time>2026-03-05T12:45:56Z</time></trkpt>
<trkpt lat="33.0157607" lon="35.2030713"><ele>217.3</ele><time>2026-03-05T12:45:57Z</time></trkpt>
<trkpt lat="33.0157608" lon="35.2030713"><ele>217.4</ele><time>2026-03-05T12:45:58Z</time></trkpt>
<trkpt lat="33.0157609" lon="35.2030714"><ele>217.4</ele><time>2026-03-05T12:45:59Z</time></trkpt>
<trkpt lat="33.0157609" lon="35.2030714"><ele>217.4</ele><time>2026-03-05T12:46:00Z</time></trkpt>
<trkpt lat="33.0157609" lon="35.2030715"><ele>217.5</ele><time>2026-03-05T12:46:01Z</time></trkpt>
<trkpt lat="33.0157608" lon="35.2030715"><ele>217.5</ele><time>2026-03-05T12:46:02Z</time></trkpt>
<trkpt lat="33.0157608" lon="35.2030715"><ele>217.5</ele><time>2026-03-05T12:46:03Z</time></trkpt>
<trkpt lat="33.0157607" lon="35.2030716"><ele>217.5</ele><time>2026-03-05T12:46:04Z</time></trkpt>
<trkpt lat="33.0157606" lon="35.2030716"><ele>217.6</ele><time>2026-03-05T12:46:05Z</time></trkpt>
<trkpt lat="33.0157604" lon="35.2030716"><ele>217.6</ele><time>2026-03-05T12:46:06Z</time></trkpt>
<trkpt lat="33.0157602" lon="35.2030717"><ele>217.6</ele><time>2026-03-05T12:46:07Z</time></trkpt>
<trkpt lat="33.0157599" lon="35.2030718"><ele>217.6</ele><time>2026-03-05T12:46:08Z</time></trkpt>
<trkpt lat="33.0157594" lon="35.2030721"><ele>217.7</ele><time>2026-03-05T12:46:09Z</time></trkpt>
<trkpt lat="33.0157585" lon="35.2030728"><ele>217.7</ele><time>2026-03-05T12:46:10Z</time></trkpt>
<trkpt lat="33.0157569" lon="35.2030742"><ele>217.7</ele><time>2026-03-05T12:46:11Z</time></trkpt>
<trkpt lat="33.0157555" lon="35.203077"><ele>217.7</ele><time>2026-03-05T12:46:12Z</time></trkpt>
<trkpt lat="33.015755" lon="35.2030802"><ele>217.7</ele><time>2026-03-05T12:46:13Z</time></trkpt>
<trkpt lat="33.0157552" lon="35.2030823"><ele>217.7</ele><time>2026-03-05T12:46:14Z</time></trkpt>
<trkpt lat="33.0157553" lon="35.2030835"><ele>217.7</ele><time>2026-03-05T12:46:15Z</time></trkpt>
<trkpt lat="33.0157554" lon="35.2030841"><ele>217.7</ele><time>2026-03-05T12:46:16Z</time></trkpt>
<trkpt lat="33.0157553" lon="35.2030843"><ele>217.7</ele><time>2026-03-05T12:46:17Z</time></trkpt>
<trkpt lat="33.0157551" lon="35.2030843"><ele>217.7</ele><time>2026-03-05T12:46:18Z</time></trkpt>
<trkpt lat="33.015755" lon="35.2030842"><ele>217.7</ele><time>2026-03-05T12:46:19Z</time></trkpt>
<trkpt lat="33.0157548" lon="35.2030842"><ele>217.7</ele><time>2026-03-05T12:46:20Z</time></trkpt>
<trkpt lat="33.0157547" lon="35.2030841"><ele>217.7</ele><time>2026-03-05T12:46:21Z</time></trkpt>
<trkpt lat="33.0157546" lon="35.203084"><ele>217.7</ele><time>2026-03-05T12:46:22Z</time></trkpt>
<trkpt lat="33.0157545" lon="35.2030839"><ele>217.7</ele><time>2026-03-05T12:46:23Z</time></trkpt>
<trkpt lat="33.0157544" lon="35.2030839"><ele>217.7</ele><time>2026-03-05T12:46:24Z</time></trkpt>
<trkpt lat="33.0157543" lon="35.2030838"><ele>217.7</ele><time>2026-03-05T12:46:25Z</time></trkpt>
<trkpt lat="33.0157542" lon="35.2030838"><ele>217.7</ele><time>2026-03-05T12:46:26Z</time></trkpt>
<trkpt lat="33.0157542" lon="35.2030838"><ele>217.7</ele><time>2026-03-05T12:46:27Z</time></trkpt>
<trkpt lat="33.0157541" lon="35.2030837"><ele>217.7</ele><time>2026-03-05T12:46:28Z</time></trkpt>
<trkpt lat="33.0157541" lon="35.2030837"><ele>217.7</ele><time>2026-03-05T12:46:29Z</time></trkpt>
<trkpt lat="33.015754" lon="35.2030837"><ele>217.7</ele><time>2026-03-05T12:46:30Z</time></trkpt>
<trkpt lat="33.015754" lon="35.2030836"><ele>217.7</ele><time>2026-03-05T12:46:31Z</time></trkpt>
<trkpt lat="33.0157539" lon="35.2030836"><ele>217.8</ele><time>2026-03-05T12:46:32Z</time></trkpt>
<trkpt lat="33.0157539" lon="35.2030836"><ele>217.8</ele><time>2026-03-05T12:46:33Z</time></trkpt>
<trkpt lat="33.0157538" lon="35.2030836"><ele>217.8</ele><time>2026-03-05T12:46:34Z</time></trkpt>
<trkpt lat="33.0157538" lon="35.2030835"><ele>217.8</ele><time>2026-03-05T12:46:35Z</time></trkpt>
<trkpt lat="33.0157538" lon="35.2030835"><ele>217.8</ele><time>2026-03-05T12:46:36Z</time></trkpt>
<trkpt lat="33.0157538" lon="35.2030835"><ele>217.8</ele><time>2026-03-05T12:46:37Z</time></trkpt>
<trkpt lat="33.0157537" lon="35.2030835"><ele>217.8</ele><time>2026-03-05T12:46:38Z</time></trkpt>
<trkpt lat="33.0157537" lon="35.2030835"><ele>217.8</ele><time>2026-03-05T12:46:39Z</time></trkpt>
<trkpt lat="33.0157537" lon="35.2030835"><ele>217.8</ele><time>2026-03-05T12:46:40Z</time></trkpt>
<trkpt lat="33.0157537" lon="35.2030835"><ele>217.8</ele><time>2026-03-05T12:46:41Z</time></trkpt>
<trkpt lat="33.0157537" lon="35.2030835"><ele>217.9</ele><time>2026-03-05T12:46:42Z</time></trkpt>
<trkpt lat="33.0157537" lon="35.2030834"><ele>217.9</ele><time>2026-03-05T12:46:43Z</time></trkpt>
<trkpt lat="33.0157537" lon="35.2030834"><ele>217.9</ele><time>2026-03-05T12:46:44Z</time></trkpt>
<trkpt lat="33.0157537" lon="35.2030834"><ele>217.9</ele><time>2026-03-05T12:46:45Z</time></trkpt>
<trkpt lat="33.0157536" lon="35.2030834"><ele>217.9</ele><time>2026-03-05T12:46:46Z</time></trkpt>
<trkpt lat="33.0157536" lon="35.2030834"><ele>217.9</ele><time>2026-03-05T12:46:47Z</time></trkpt>
<trkpt lat="33.0157536" lon="35.2030834"><ele>217.9</ele><time>2026-03-05T12:46:48Z</time></trkpt>
<trkpt lat="33.0157536" lon="35.2030834"><ele>217.9</ele><time>2026-03-05T12:46:49Z</time></trkpt>
<trkpt lat="33.0157536" lon="35.2030834"><ele>217.9</ele><time>2026-03-05T12:46:50Z</time></trkpt>
<trkpt lat="33.0157536" lon="35.2030834"><ele>217.9</ele><time>2026-03-05T12:46:51Z</time></trkpt>
<trkpt lat="33.0157536" lon="35.2030834"><ele>217.9</ele><time>2026-03-05T12:46:52Z</time></trkpt>
<trkpt lat="33.0157536" lon="35.2030834"><ele>217.9</ele><time>2026-03-05T12:46:53Z</time></trkpt>
<trkpt lat="33.0157536" lon="35.2030834"><ele>217.9</ele><time>2026-03-05T12:46:54Z</time></trkpt>
<trkpt lat="33.0157535" lon="35.2030834"><ele>217.9</ele><time>2026-03-05T12:46:55Z</time></trkpt>
<trkpt lat="33.0157535" lon="35.2030833"><ele>217.9</ele><time>2026-03-05T12:46:56Z</time></trkpt>
<trkpt lat="33.0157535" lon="35.2030833"><ele>217.9</ele><time>2026-03-05T12:46:57Z</time></trkpt>
<trkpt lat="33.0157538" lon="35.2030833"><ele>217.9</ele><time>2026-03-05T12:46:58Z</time></trkpt>
<trkpt lat="33.015754" lon="35.2030832"><ele>217.9</ele><time>2026-03-05T12:46:59Z</time></trkpt>
<trkpt lat="33.0157541" lon="35.2030832"><ele>217.9</ele><time>2026-03-05T12:47:00Z</time></trkpt>
<trkpt lat="33.0157543" lon="35.2030832"><ele>217.9</ele><time>2026-03-05T12:47:01Z</time></trkpt>
<trkpt lat="33.0157544" lon="35.2030831"><ele>217.9</ele><time>2026-03-05T12:47:02Z</time></trkpt>
<trkpt lat="33.0157546" lon="35.2030831"><ele>217.9</ele><time>2026-03-05T12:47:03Z</time></trkpt>
<trkpt lat="33.0157548" lon="35.2030831"><ele>217.9</ele><time>2026-03-05T12:47:04Z</time></trkpt>
<trkpt lat="33.015755" lon="35.2030831"><ele>217.9</ele><time>2026-03-05T12:47:05Z</time></trkpt>
<trkpt lat="33.0157552" lon="35.2030831"><ele>217.9</ele><time>2026-03-05T12:47:06Z</time></trkpt>
<trkpt lat="33.0157554" lon="35.203083"><ele>217.8</ele><time>2026-03-05T12:47:07Z</time></trkpt>
<trkpt lat="33.0157557" lon="35.203083"><ele>217.8</ele><time>2026-03-05T12:47:08Z</time></trkpt>
<trkpt lat="33.0157561" lon="35.203083"><ele>217.8</ele><time>2026-03-05T12:47:09Z</time></trkpt>
<trkpt lat="33.0157564" lon="35.203083"><ele>217.8</ele><time>2026-03-05T12:47:10Z</time></trkpt>
<trkpt lat="33.0157569" lon="35.203083"><ele>217.7</ele><time>2026-03-05T12:47:11Z</time></trkpt>
<trkpt lat="33.0157572" lon="35.203083"><ele>217.7</ele><time>2026-03-05T12:47:12Z</time></trkpt>
<trkpt lat="33.0157577" lon="35.203083"><ele>217.7</ele><time>2026-03-05T12:47:13Z</time></trkpt>
<trkpt lat="33.0157583" lon="35.203083"><ele>217.7</ele><time>2026-03-05T12:47:14Z</time></trkpt>
<trkpt lat="33.0157589" lon="35.2030831"><ele>217.7</ele><time>2026-03-05T12:47:15Z</time></trkpt>
<trkpt lat="33.0157595" lon="35.2030832"><ele>217.7</ele><time>2026-03-05T12:47:16Z</time></trkpt>
<trkpt lat="33.0157601" lon="35.2030832"><ele>217.7</ele><time>2026-03-05T12:47:17Z</time></trkpt>
<trkpt lat="33.0157607" lon="35.2030832"><ele>217.6</ele><time>2026-03-05T12:47:18Z</time></trkpt>
<trkpt lat="33.0157614" lon="35.2030832"><ele>217.6</ele><time>2026-03-05T12:47:19Z</time></trkpt>
<trkpt lat="33.0157621" lon="35.2030832"><ele>217.6</ele><time>2026-03-05T12:47:20Z</time></trkpt>
<trkpt lat="33.0157627" lon="35.2030832"><ele>217.6</ele><time>2026-03-05T12:47:21Z</time></trkpt>
<trkpt lat="33.0157635" lon="35.2030832"><ele>217.5</ele><time>2026-03-05T12:47:22Z</time></trkpt>
<trkpt lat="33.0157642" lon="35.2030833"><ele>217.5</ele><time>2026-03-05T12:47:23Z</time></trkpt>
<trkpt lat="33.0157649" lon="35.2030833"><ele>217.5</ele><time>2026-03-05T12:47:24Z</time></trkpt>
<trkpt lat="33.0157658" lon="35.2030835"><ele>217.4</ele><time>2026-03-05T12:47:25Z</time></trkpt>
<trkpt lat="33.0157668" lon="35.2030837"><ele>217.4</ele><time>2026-03-05T12:47:26Z</time></trkpt>
<trkpt lat="33.0157679" lon="35.2030838"><ele>217.3</ele><time>2026-03-05T12:47:27Z</time></trkpt>
<trkpt lat="33.015769" lon="35.2030841"><ele>217.3</ele><time>2026-03-05T12:47:28Z</time></trkpt>
<trkpt lat="33.0157701" lon="35.2030843"><ele>217.3</ele><time>2026-03-05T12:47:29Z</time></trkpt>
<trkpt lat="33.0157714" lon="35.2030844"><ele>217.2</ele><time>2026-03-05T12:47:30Z</time></trkpt>
<trkpt lat="33.0157727" lon="35.2030846"><ele>217.2</ele><time>2026-03-05T12:47:31Z</time></trkpt>
<trkpt lat="33.0157741" lon="35.2030847"><ele>217.2</ele><time>2026-03-05T12:47:32Z</time></trkpt>
<trkpt lat="33.0157756" lon="35.2030848"><ele>217.2</ele><time>2026-03-05T12:47:33Z</time></trkpt>
<trkpt lat="33.0157771" lon="35.2030849"><ele>217.2</ele><time>2026-03-05T12:47:34Z</time></trkpt>
<trkpt lat="33.0157788" lon="35.2030851"><ele>217.1</ele><time>2026-03-05T12:47:35Z</time></trkpt>
<trkpt lat="33.0157806" lon="35.2030853"><ele>217.1</ele><time>2026-03-05T12:47:36Z</time></trkpt>
<trkpt lat="33.0157826" lon="35.2030854"><ele>217.1</ele><time>2026-03-05T12:47:37Z</time></trkpt>
<trkpt lat="33.0157847" lon="35.2030856"><ele>217.1</ele><time>2026-03-05T12:47:38Z</time></trkpt>
<trkpt lat="33.015787" lon="35.2030858"><ele>217.1</ele><time>2026-03-05T12:47:39Z</time></trkpt>
<trkpt lat="33.0157896" lon="35.203086"><ele>217.1</ele><time>2026-03-05T12:47:40Z</time></trkpt>
<trkpt lat="33.0157924" lon="35.2030862"><ele>217.2</ele><time>2026-03-05T12:47:41Z</time></trkpt>
<trkpt lat="33.0157956" lon="35.2030865"><ele>217.2</ele><time>2026-03-05T12:47:42Z</time></trkpt>
<trkpt lat="33.0157992" lon="35.203087"><ele>217.2</ele><time>2026-03-05T12:47:43Z</time></trkpt>
<trkpt lat="33.0158034" lon="35.2030881"><ele>217.2</ele><time>2026-03-05T12:47:44Z</time></trkpt>
<trkpt lat="33.0158082" lon="35.2030893"><ele>217.2</ele><time>2026-03-05T12:47:45Z</time></trkpt>
<trkpt lat="33.0158136" lon="35.2030906"><ele>217.3</ele><time>2026-03-05T12:47:46Z</time></trkpt>
<trkpt lat="33.0158198" lon="35.2030917"><ele>217.3</ele><time>2026-03-05T12:47:47Z</time></trkpt>
<trkpt lat="33.0158324" lon="35.2030938"><ele>217.5</ele><time>2026-03-05T12:47:49Z</time></trkpt>
<trkpt lat="33.0158373" lon="35.2030947"><ele>217.6</ele><time>2026-03-05T12:47:50Z</time></trkpt>
<trkpt lat="33.0158412" lon="35.2030957"><ele>217.6</ele><time>2026-03-05T12:47:51Z</time></trkpt>
<trkpt lat="33.0158442" lon="35.2030965"><ele>217.6</ele><time>2026-03-05T12:47:52Z</time></trkpt>
<trkpt lat="33.0158462" lon="35.2030971"><ele>217.6</ele><time>2026-03-05T12:47:53Z</time></trkpt>
<trkpt lat="33.0158478" lon="35.2030977"><ele>217.6</ele><time>2026-03-05T12:47:54Z</time></trkpt>
<trkpt lat="33.015849" lon="35.2030981"><ele>217.6</ele><time>2026-03-05T12:47:55Z</time></trkpt>
<trkpt lat="33.0158499" lon="35.2030986"><ele>217.6</ele><time>2026-03-05T12:47:56Z</time></trkpt>
<trkpt lat="33.015851" lon="35.2030991"><ele>217.6</ele><time>2026-03-05T12:47:57Z</time></trkpt>
<trkpt lat="33.0158516" lon="35.2030994"><ele>217.6</ele><time>2026-03-05T12:47:58Z</time></trkpt>
<trkpt lat="33.0158516" lon="35.2030994"><ele>217.6</ele><time>2026-03-05T12:47:59Z</time></trkpt>
<trkpt lat="33.0158515" lon="35.2030994"><ele>217.6</ele><time>2026-03-05T12:48:00Z</time></trkpt>
<trkpt lat="33.0158517" lon="35.2030996"><ele>217.6</ele><time>2026-03-05T12:48:01Z</time></trkpt>
<trkpt lat="33.0158521" lon="35.2030999"><ele>217.6</ele><time>2026-03-05T12:48:02Z</time></trkpt>
<trkpt lat="33.0158525" lon="35.2031003"><ele>217.6</ele><time>2026-03-05T12:48:03Z</time></trkpt>
<trkpt lat="33.0158522" lon="35.2031009"><ele>217.6</ele><time>2026-03-05T12:48:04Z</time></trkpt>
<trkpt lat="33.0158522" lon="35.2031027"><ele>217.6</ele><time>2026-03-05T12:48:05Z</time></trkpt>
<trkpt lat="33.0158526" lon="35.2031056"><ele>217.5</ele><time>2026-03-05T12:48:06Z</time></trkpt>
<trkpt lat="33.0158527" lon="35.2031098"><ele>217.5</ele><time>2026-03-05T12:48:07Z</time></trkpt>
<trkpt lat="33.0158536" lon="35.2031143"><ele>217.5</ele><time>2026-03-05T12:48:08Z</time></trkpt>
<trkpt lat="33.0158554" lon="35.2031182"><ele>217.4</ele><time>2026-03-05T12:48:09Z</time></trkpt>
<trkpt lat="33.0158562" lon="35.2031206"><ele>217.4</ele><time>2026-03-05T12:48:10Z</time></trkpt>
<trkpt lat="33.0158559" lon="35.2031213"><ele>217.3</ele><time>2026-03-05T12:48:11Z</time></trkpt>
<trkpt lat="33.0158547" lon="35.2031231"><ele>217.3</ele><time>2026-03-05T12:48:12Z</time></trkpt>
<trkpt lat="33.0158526" lon="35.2031284"><ele>217.2</ele><time>2026-03-05T12:48:13Z</time></trkpt>
<trkpt lat="33.0158504" lon="35.2031387"><ele>217.1</ele><time>2026-03-05T12:48:14Z</time></trkpt>
<trkpt lat="33.0158487" lon="35.2031518"><ele>217.1</ele><time>2026-03-05T12:48:15Z</time></trkpt>
<trkpt lat="33.0158471" lon="35.203166"><ele>217.0</ele><time>2026-03-05T12:48:16Z</time></trkpt>
<trkpt lat="33.0158441" lon="35.2031818"><ele>217.0</ele><time>2026-03-05T12:48:17Z</time></trkpt>
<trkpt lat="33.0158376" lon="35.2032009"><ele>216.9</ele><time>2026-03-05T12:48:18Z</time></trkpt>
<trkpt lat="33.0158269" lon="35.2032219"><ele>216.9</ele><time>2026-03-05T12:48:19Z</time></trkpt>
<trkpt lat="33.0158126" lon="35.2032418"><ele>217.0</ele><time>2026-03-05T12:48:20Z</time></trkpt>
<trkpt lat="33.0157922" lon="35.2032613"><ele>217.0</ele><time>2026-03-05T12:48:21Z</time></trkpt>
<trkpt lat="33.0157653" lon="35.2032808"><ele>217.1</ele><time>2026-03-05T12:48:22Z</time></trkpt>
<trkpt lat="33.0157362" lon="35.2032993"><ele>217.2</ele><time>2026-03-05T12:48:23Z</time></trkpt>
<trkpt lat="33.0157069" lon="35.2033169"><ele>217.3</ele><time>2026-03-05T12:48:24Z</time></trkpt>
<trkpt lat="33.0156782" lon="35.2033337"><ele>217.4</ele><time>2026-03-05T12:48:25Z</time></trkpt>
<trkpt lat="33.0156506" lon="35.2033495"><ele>217.6</ele><time>2026-03-05T12:48:26Z</time></trkpt>
<trkpt lat="33.0156247" lon="35.2033639"><ele>217.8</ele><time>2026-03-05T12:48:27Z</time></trkpt>
<trkpt lat="33.015601" lon="35.2033768"><ele>218.0</ele><time>2026-03-05T12:48:28Z</time></trkpt>
<trkpt lat="33.0155796" lon="35.2033875"><ele>218.2</ele><time>2026-03-05T12:48:29Z</time></trkpt>
<trkpt lat="33.0155605" lon="35.2033949"><ele>218.3</ele><time>2026-03-05T12:48:30Z</time></trkpt>
<trkpt lat="33.0155432" lon="35.2033984"><ele>218.5</ele><time>2026-03-05T12:48:31Z</time></trkpt>
<trkpt lat="33.0155276" lon="35.2033987"><ele>218.7</ele><time>2026-03-05T12:48:32Z</time></trkpt>
<trkpt lat="33.0155129" lon="35.2033967"><ele>218.9</ele><time>2026-03-05T12:48:33Z</time></trkpt>
<trkpt lat="33.0154985" lon="35.2033927"><ele>219.0</ele><time>2026-03-05T12:48:34Z</time></trkpt>
<trkpt lat="33.0154849" lon="35.2033872"><ele>219.1</ele><time>2026-03-05T12:48:35Z</time></trkpt>
<trkpt lat="33.015472" lon="35.2033798"><ele>219.3</ele><time>2026-03-05T12:48:36Z</time></trkpt>
<trkpt lat="33.0154599" lon="35.2033704"><ele>219.4</ele><time>2026-03-05T12:48:37Z</time></trkpt>
<trkpt lat="33.0154488" lon="35.2033598"><ele>219.5</ele><time>2026-03-05T12:48:38Z</time></trkpt>
<trkpt lat="33.0154376" lon="35.2033486"><ele>219.6</ele><time>2026-03-05T12:48:39Z</time></trkpt>
<trkpt lat="33.0154253" lon="35.2033364"><ele>219.6</ele><time>2026-03-05T12:48:40Z</time></trkpt>
<trkpt lat="33.015412" lon="35.2033229"><ele>219.7</ele><time>2026-03-05T12:48:41Z</time></trkpt>
<trkpt lat="33.0153981" lon="35.2033085"><ele>219.7</ele><time>2026-03-05T12:48:42Z</time></trkpt>
<trkpt lat="33.0153842" lon="35.2032938"><ele>219.8</ele><time>2026-03-05T12:48:43Z</time></trkpt>
<trkpt lat="33.0153714" lon="35.2032788"><ele>219.8</ele><time>2026-03-05T12:48:44Z</time></trkpt>
<trkpt lat="33.0153585" lon="35.2032628"><ele>219.8</ele><time>2026-03-05T12:48:45Z</time></trkpt>
<trkpt lat="33.0153455" lon="35.2032453"><ele>219.8</ele><time>2026-03-05T12:48:46Z</time></trkpt>
<trkpt lat="33.0153328" lon="35.2032243"><ele>219.8</ele><time>2026-03-05T12:48:47Z</time></trkpt>
<trkpt lat="33.0153208" lon="35.2031983"><ele>219.8</ele><time>2026-03-05T12:48:48Z</time></trkpt>
<trkpt lat="33.0153097" lon="35.2031691"><ele>219.8</ele><time>2026-03-05T12:48:49Z</time></trkpt>
<trkpt lat="33.0152991" lon="35.2031375"><ele>219.8</ele><time>2026-03-05T12:48:50Z</time></trkpt>
<trkpt lat="33.0152888" lon="35.2031045"><ele>219.7</ele><time>2026-03-05T12:48:51Z</time></trkpt>
<trkpt lat="33.0152777" lon="35.2030695"><ele>219.7</ele><time>2026-03-05T12:48:52Z</time></trkpt>
<trkpt lat="33.0152653" lon="35.2030319"><ele>219.6</ele><time>2026-03-05T12:48:53Z</time></trkpt>
<trkpt lat="33.0152525" lon="35.2029924"><ele>219.5</ele><time>2026-03-05T12:48:54Z</time></trkpt>
<trkpt lat="33.0152406" lon="35.2029524"><ele>219.4</ele><time>2026-03-05T12:48:55Z</time></trkpt>
<trkpt lat="33.0152282" lon="35.2029126"><ele>219.3</ele><time>2026-03-05T12:48:56Z</time></trkpt>
<trkpt lat="33.0152133" lon="35.2028728"><ele>219.2</ele><time>2026-03-05T12:48:57Z</time></trkpt>
<trkpt lat="33.0151955" lon="35.2028328"><ele>219.1</ele><time>2026-03-05T12:48:58Z</time></trkpt>
<trkpt lat="33.0151762" lon="35.2027929"><ele>219.0</ele><time>2026-03-05T12:48:59Z</time></trkpt>
<trkpt lat="33.0151582" lon="35.202752"><ele>218.9</ele><time>2026-03-05T12:49:00Z</time></trkpt>
<trkpt lat="33.0151426" lon="35.2027089"><ele>218.8</ele><time>2026-03-05T12:49:01Z</time></trkpt>
<trkpt lat="33.0151297" lon="35.2026644"><ele>218.7</ele><time>2026-03-05T12:49:02Z</time></trkpt>
<trkpt lat="33.0151189" lon="35.2026202"><ele>218.6</ele><time>2026-03-05T12:49:03Z</time></trkpt>
<trkpt lat="33.0151095" lon="35.2025764"><ele>218.6</ele><time>2026-03-05T12:49:04Z</time></trkpt>
<trkpt lat="33.0151012" lon="35.2025336"><ele>218.5</ele><time>2026-03-05T12:49:05Z</time></trkpt>
<trkpt lat="33.0150946" lon="35.2024932"><ele>218.4</ele><time>2026-03-05T12:49:06Z</time></trkpt>
<trkpt lat="33.01509" lon="35.2024546"><ele>218.3</ele><time>2026-03-05T12:49:07Z</time></trkpt>
<trkpt lat="33.0150867" lon="35.2024151"><ele>218.2</ele><time>2026-03-05T12:49:08Z</time></trkpt>
<trkpt lat="33.015084" lon="35.2023702"><ele>218.0</ele><time>2026-03-05T12:49:09Z</time></trkpt>
<trkpt lat="33.0150809" lon="35.2023183"><ele>217.9</ele><time>2026-03-05T12:49:10Z</time></trkpt>
<trkpt lat="33.0150768" lon="35.2022613"><ele>217.7</ele><time>2026-03-05T12:49:11Z</time></trkpt>
<trkpt lat="33.0150715" lon="35.2022029"><ele>217.5</ele><time>2026-03-05T12:49:12Z</time></trkpt>
<trkpt lat="33.0150657" lon="35.2021461"><ele>217.4</ele><time>2026-03-05T12:49:13Z</time></trkpt>
<trkpt lat="33.01506" lon="35.2020913"><ele>217.2</ele><time>2026-03-05T12:49:14Z</time></trkpt>
<trkpt lat="33.0150543" lon="35.2020377"><ele>217.0</ele><time>2026-03-05T12:49:15Z</time></trkpt>
<trkpt lat="33.0150486" lon="35.201987"><ele>216.9</ele><time>2026-03-05T12:49:16Z</time></trkpt>
<trkpt lat="33.0150429" lon="35.201943"><ele>216.8</ele><time>2026-03-05T12:49:17Z</time></trkpt>
<trkpt lat="33.0150367" lon="35.2019047"><ele>216.7</ele><time>2026-03-05T12:49:18Z</time></trkpt>
<trkpt lat="33.01503" lon="35.2018683"><ele>216.7</ele><time>2026-03-05T12:49:19Z</time></trkpt>
<trkpt lat="33.0150235" lon="35.2018316"><ele>216.7</ele><time>2026-03-05T12:49:20Z</time></trkpt>
<trkpt lat="33.0150175" lon="35.2017931"><ele>216.7</ele><time>2026-03-05T12:49:21Z</time></trkpt>
<trkpt lat="33.0150117" lon="35.2017526"><ele>216.7</ele><time>2026-03-05T12:49:22Z</time></trkpt>
<trkpt lat="33.0150067" lon="35.2017123"><ele>216.7</ele><time>2026-03-05T12:49:23Z</time></trkpt>
<trkpt lat="33.0150024" lon="35.2016724"><ele>216.7</ele><time>2026-03-05T12:49:24Z</time></trkpt>
<trkpt lat="33.014998" lon="35.2016302"><ele>216.7</ele><time>2026-03-05T12:49:25Z</time></trkpt>
<trkpt lat="33.0149928" lon="35.2015851"><ele>216.6</ele><time>2026-03-05T12:49:26Z</time></trkpt>
<trkpt lat="33.0149864" lon="35.2015381"><ele>216.6</ele><time>2026-03-05T12:49:27Z</time></trkpt>
<trkpt lat="33.0149783" lon="35.201492"><ele>216.4</ele><time>2026-03-05T12:49:28Z</time></trkpt>
<trkpt lat="33.0149689" lon="35.2014483"><ele>216.3</ele><time>2026-03-05T12:49:29Z</time></trkpt>
<trkpt lat="33.0149591" lon="35.201406"><ele>216.1</ele><time>2026-03-05T12:49:30Z</time></trkpt>
<trkpt lat="33.0149483" lon="35.2013652"><ele>215.9</ele><time>2026-03-05T12:49:31Z</time></trkpt>
<trkpt lat="33.0149369" lon="35.2013268"><ele>215.7</ele><time>2026-03-05T12:49:32Z</time></trkpt>
<trkpt lat="33.0149269" lon="35.2012921"><ele>215.5</ele><time>2026-03-05T12:49:33Z</time></trkpt>
<trkpt lat="33.0149195" lon="35.2012624"><ele>215.3</ele><time>2026-03-05T12:49:34Z</time></trkpt>
<trkpt lat="33.014914" lon="35.2012379"><ele>215.1</ele><time>2026-03-05T12:49:35Z</time></trkpt>
<trkpt lat="33.0149095" lon="35.2012169"><ele>215.0</ele><time>2026-03-05T12:49:36Z</time></trkpt>
<trkpt lat="33.0149055" lon="35.2011966"><ele>214.9</ele><time>2026-03-05T12:49:37Z</time></trkpt>
<trkpt lat="33.0149015" lon="35.201177"><ele>214.8</ele><time>2026-03-05T12:49:38Z</time></trkpt>
<trkpt lat="33.0148975" lon="35.2011573"><ele>214.7</ele><time>2026-03-05T12:49:39Z</time></trkpt>
<trkpt lat="33.0148933" lon="35.2011368"><ele>214.7</ele><time>2026-03-05T12:49:40Z</time></trkpt>
<trkpt lat="33.0148895" lon="35.2011167"><ele>214.7</ele><time>2026-03-05T12:49:41Z</time></trkpt>
<trkpt lat="33.0148861" lon="35.2010955"><ele>214.7</ele><time>2026-03-05T12:49:42Z</time></trkpt>
<trkpt lat="33.0148838" lon="35.2010703"><ele>214.7</ele><time>2026-03-05T12:49:43Z</time></trkpt>
<trkpt lat="33.0148821" lon="35.2010394"><ele>214.7</ele><time>2026-03-05T12:49:44Z</time></trkpt>
<trkpt lat="33.0148797" lon="35.2010052"><ele>214.6</ele><time>2026-03-05T12:49:45Z</time></trkpt>
<trkpt lat="33.0148756" lon="35.2009731"><ele>214.6</ele><time>2026-03-05T12:49:46Z</time></trkpt>
<trkpt lat="33.014869" lon="35.2009427"><ele>214.6</ele><time>2026-03-05T12:49:47Z</time></trkpt>
<trkpt lat="33.0148606" lon="35.2009124"><ele>214.5</ele><time>2026-03-05T12:49:48Z</time></trkpt>
<trkpt lat="33.0148516" lon="35.2008832"><ele>214.5</ele><time>2026-03-05T12:49:49Z</time></trkpt>
<trkpt lat="33.0148413" lon="35.2008538"><ele>214.5</ele><time>2026-03-05T12:49:50Z</time></trkpt>
<trkpt lat="33.0148293" lon="35.2008242"><ele>214.5</ele><time>2026-03-05T12:49:51Z</time></trkpt>
<trkpt lat="33.014816" lon="35.2007962"><ele>214.5</ele><time>2026-03-05T12:49:52Z</time></trkpt>
<trkpt lat="33.0148028" lon="35.2007711"><ele>214.6</ele><time>2026-03-05T12:49:53Z</time></trkpt>
<trkpt lat="33.0147894" lon="35.2007478"><ele>214.7</ele><time>2026-03-05T12:49:54Z</time></trkpt>
<trkpt lat="33.0147753" lon="35.2007248"><ele>214.9</ele><time>2026-03-05T12:49:55Z</time></trkpt>
<trkpt lat="33.014761" lon="35.2007024"><ele>215.1</ele><time>2026-03-05T12:49:56Z</time></trkpt>
<trkpt lat="33.0147467" lon="35.2006806"><ele>215.3</ele><time>2026-03-05T12:49:57Z</time></trkpt>
<trkpt lat="33.0147324" lon="35.2006585"><ele>215.6</ele><time>2026-03-05T12:49:58Z</time></trkpt>
<trkpt lat="33.0147188" lon="35.2006346"><ele>215.8</ele><time>2026-03-05T12:49:59Z</time></trkpt>
<trkpt lat="33.014706" lon="35.2006082"><ele>216.1</ele><time>2026-03-05T12:50:00Z</time></trkpt>
<trkpt lat="33.014694" lon="35.2005798"><ele>216.4</ele><time>2026-03-05T12:50:01Z</time></trkpt>
<trkpt lat="33.0146825" lon="35.2005507"><ele>216.6</ele><time>2026-03-05T12:50:02Z</time></trkpt>
<trkpt lat="33.0146704" lon="35.2005211"><ele>216.9</ele><time>2026-03-05T12:50:03Z</time></trkpt>
<trkpt lat="33.0146569" lon="35.2004905"><ele>217.1</ele><time>2026-03-05T12:50:04Z</time></trkpt>
<trkpt lat="33.0146425" lon="35.2004589"><ele>217.3</ele><time>2026-03-05T12:50:05Z</time></trkpt>
<trkpt lat="33.014629" lon="35.2004274"><ele>217.5</ele><time>2026-03-05T12:50:06Z</time></trkpt>
<trkpt lat="33.0146174" lon="35.2003963"><ele>217.7</ele><time>2026-03-05T12:50:07Z</time></trkpt>
<trkpt lat="33.0146079" lon="35.2003657"><ele>217.9</ele><time>2026-03-05T12:50:08Z</time></trkpt>
<trkpt lat="33.0146003" lon="35.2003353"><ele>218.0</ele><time>2026-03-05T12:50:09Z</time></trkpt>
<trkpt lat="33.0145934" lon="35.2003035"><ele>218.2</ele><time>2026-03-05T12:50:10Z</time></trkpt>
<trkpt lat="33.0145868" lon="35.2002697"><ele>218.3</ele><time>2026-03-05T12:50:11Z</time></trkpt>
<trkpt lat="33.0145817" lon="35.2002359"><ele>218.4</ele><time>2026-03-05T12:50:12Z</time></trkpt>
<trkpt lat="33.0145792" lon="35.2002023"><ele>218.4</ele><time>2026-03-05T12:50:13Z</time></trkpt>
<trkpt lat="33.0145789" lon="35.2001681"><ele>218.4</ele><time>2026-03-05T12:50:14Z</time></trkpt>
<trkpt lat="33.0145795" lon="35.2001324"><ele>218.3</ele><time>2026-03-05T12:50:15Z</time></trkpt>
<trkpt lat="33.0145792" lon="35.2000942"><ele>218.1</ele><time>2026-03-05T12:50:16Z</time></trkpt>
<trkpt lat="33.0145778" lon="35.200053"><ele>217.9</ele><time>2026-03-05T12:50:17Z</time></trkpt>
<trkpt lat="33.0145758" lon="35.2000095"><ele>217.7</ele><time>2026-03-05T12:50:18Z</time></trkpt>
<trkpt lat="33.0145734" lon="35.1999662"><ele>217.3</ele><time>2026-03-05T12:50:19Z</time></trkpt>
<trkpt lat="33.0145708" lon="35.1999231"><ele>217.0</ele><time>2026-03-05T12:50:20Z</time></trkpt>
<trkpt lat="33.014568" lon="35.199879"><ele>216.6</ele><time>2026-03-05T12:50:21Z</time></trkpt>
<trkpt lat="33.0145645" lon="35.1998331"><ele>216.2</ele><time>2026-03-05T12:50:22Z</time></trkpt>
<trkpt lat="33.0145594" lon="35.1997848"><ele>215.8</ele><time>2026-03-05T12:50:23Z</time></trkpt>
<trkpt lat="33.0145526" lon="35.1997353"><ele>215.5</ele><time>2026-03-05T12:50:24Z</time></trkpt>
<trkpt lat="33.0145452" lon="35.1996863"><ele>215.1</ele><time>2026-03-05T12:50:25Z</time></trkpt>
<trkpt lat="33.0145371" lon="35.1996393"><ele>214.8</ele><time>2026-03-05T12:50:26Z</time></trkpt>
<trkpt lat="33.0145281" lon="35.199595"><ele>214.6</ele><time>2026-03-05T12:50:27Z</time></trkpt>
<trkpt lat="33.0145186" lon="35.1995539"><ele>214.4</ele><time>2026-03-05T12:50:28Z</time></trkpt>
<trkpt lat="33.0145094" lon="35.199516"><ele>214.2</ele><time>2026-03-05T12:50:29Z</time></trkpt>
<trkpt lat="33.0145008" lon="35.1994788"><ele>214.2</ele><time>2026-03-05T12:50:30Z</time></trkpt>
<trkpt lat="33.0144924" lon="35.19944"><ele>214.1</ele><time>2026-03-05T12:50:31Z</time></trkpt>
<trkpt lat="33.0144834" lon="35.1994004"><ele>214.1</ele><time>2026-03-05T12:50:32Z</time></trkpt>
<trkpt lat="33.0144736" lon="35.1993627"><ele>214.1</ele><time>2026-03-05T12:50:33Z</time></trkpt>
<trkpt lat="33.0144636" lon="35.1993267"><ele>214.2</ele><time>2026-03-05T12:50:34Z</time></trkpt>
<trkpt lat="33.0144543" lon="35.1992917"><ele>214.2</ele><time>2026-03-05T12:50:35Z</time></trkpt>
<trkpt lat="33.0144468" lon="35.1992575"><ele>214.3</ele><time>2026-03-05T12:50:36Z</time></trkpt>
<trkpt lat="33.0144408" lon="35.1992219"><ele>214.4</ele><time>2026-03-05T12:50:37Z</time></trkpt>
<trkpt lat="33.0144341" lon="35.1991836"><ele>214.4</ele><time>2026-03-05T12:50:38Z</time></trkpt>
<trkpt lat="33.014425" lon="35.1991455"><ele>214.4</ele><time>2026-03-05T12:50:39Z</time></trkpt>
<trkpt lat="33.0144127" lon="35.1991086"><ele>214.5</ele><time>2026-03-05T12:50:40Z</time></trkpt>
<trkpt lat="33.0143969" lon="35.1990713"><ele>214.5</ele><time>2026-03-05T12:50:41Z</time></trkpt>
<trkpt lat="33.0143779" lon="35.1990338"><ele>214.4</ele><time>2026-03-05T12:50:42Z</time></trkpt>
<trkpt lat="33.0143558" lon="35.1989957"><ele>214.4</ele><time>2026-03-05T12:50:43Z</time></trkpt>
<trkpt lat="33.0143301" lon="35.1989553"><ele>214.4</ele><time>2026-03-05T12:50:44Z</time></trkpt>
<trkpt lat="33.0143013" lon="35.1989137"><ele>214.4</ele><time>2026-03-05T12:50:45Z</time></trkpt>
<trkpt lat="33.0142719" lon="35.1988747"><ele>214.4</ele><time>2026-03-05T12:50:46Z</time></trkpt>
<trkpt lat="33.0142438" lon="35.1988405"><ele>214.4</ele><time>2026-03-05T12:50:47Z</time></trkpt>
<trkpt lat="33.0142159" lon="35.1988103"><ele>214.4</ele><time>2026-03-05T12:50:48Z</time></trkpt>
<trkpt lat="33.0141869" lon="35.1987815"><ele>214.4</ele><time>2026-03-05T12:50:49Z</time></trkpt>
<trkpt lat="33.0141562" lon="35.1987527"><ele>214.4</ele><time>2026-03-05T12:50:50Z</time></trkpt>
<trkpt lat="33.0141242" lon="35.1987244"><ele>214.5</ele><time>2026-03-05T12:50:51Z</time></trkpt>
<trkpt lat="33.0140909" lon="35.1986979"><ele>214.5</ele><time>2026-03-05T12:50:52Z</time></trkpt>
<trkpt lat="33.0140559" lon="35.1986741"><ele>214.6</ele><time>2026-03-05T12:50:53Z</time></trkpt>
<trkpt lat="33.0140192" lon="35.1986516"><ele>214.6</ele><time>2026-03-05T12:50:54Z</time></trkpt>
<trkpt lat="33.0139823" lon="35.1986295"><ele>214.7</ele><time>2026-03-05T12:50:55Z</time></trkpt>
<trkpt lat="33.0139465" lon="35.1986086"><ele>214.7</ele><time>2026-03-05T12:50:56Z</time></trkpt>
<trkpt lat="33.0139117" lon="35.1985886"><ele>214.7</ele><time>2026-03-05T12:50:57Z</time></trkpt>
<trkpt lat="33.0138779" lon="35.1985692"><ele>214.7</ele><time>2026-03-05T12:50:58Z</time></trkpt>
<trkpt lat="33.0138473" lon="35.1985516"><ele>214.7</ele><time>2026-03-05T12:50:59Z</time></trkpt>
<trkpt lat="33.013821" lon="35.1985377"><ele>214.6</ele><time>2026-03-05T12:51:00Z</time></trkpt>
<trkpt lat="33.0137983" lon="35.1985286"><ele>214.5</ele><time>2026-03-05T12:51:01Z</time></trkpt>
<trkpt lat="33.013777" lon="35.1985234"><ele>214.4</ele><time>2026-03-05T12:51:02Z</time></trkpt>
<trkpt lat="33.0137543" lon="35.1985209"><ele>214.3</ele><time>2026-03-05T12:51:03Z</time></trkpt>
<trkpt lat="33.0137314" lon="35.1985206"><ele>214.2</ele><time>2026-03-05T12:51:04Z</time></trkpt>
<trkpt lat="33.0137099" lon="35.1985221"><ele>214.1</ele><time>2026-03-05T12:51:05Z</time></trkpt>
<trkpt lat="33.0136884" lon="35.1985233"><ele>214.0</ele><time>2026-03-05T12:51:06Z</time></trkpt>
<trkpt lat="33.0136643" lon="35.1985214"><ele>213.9</ele><time>2026-03-05T12:51:07Z</time></trkpt>
<trkpt lat="33.0136361" lon="35.1985145"><ele>213.9</ele><time>2026-03-05T12:51:08Z</time></trkpt>
<trkpt lat="33.0136025" lon="35.1985022"><ele>213.8</ele><time>2026-03-05T12:51:09Z</time></trkpt>
<trkpt lat="33.0135631" lon="35.1984847"><ele>213.7</ele><time>2026-03-05T12:51:10Z</time></trkpt>
<trkpt lat="33.0135199" lon="35.198463"><ele>213.6</ele><time>2026-03-05T12:51:11Z</time></trkpt>
<trkpt lat="33.0134747" lon="35.1984388"><ele>213.4</ele><time>2026-03-05T12:51:12Z</time></trkpt>
<trkpt lat="33.0134292" lon="35.1984122"><ele>213.3</ele><time>2026-03-05T12:51:13Z</time></trkpt>
<trkpt lat="33.0133843" lon="35.1983829"><ele>213.1</ele><time>2026-03-05T12:51:14Z</time></trkpt>
<trkpt lat="33.0133407" lon="35.1983509"><ele>213.0</ele><time>2026-03-05T12:51:15Z</time></trkpt>
<trkpt lat="33.0132996" lon="35.1983171"><ele>212.8</ele><time>2026-03-05T12:51:16Z</time></trkpt>
<trkpt lat="33.0132618" lon="35.1982829"><ele>212.7</ele><time>2026-03-05T12:51:17Z</time></trkpt>
<trkpt lat="33.0132278" lon="35.1982501"><ele>212.6</ele><time>2026-03-05T12:51:18Z</time></trkpt>
<trkpt lat="33.0131973" lon="35.1982202"><ele>212.5</ele><time>2026-03-05T12:51:19Z</time></trkpt>
<trkpt lat="33.0131685" lon="35.1981933"><ele>212.5</ele><time>2026-03-05T12:51:20Z</time></trkpt>
<trkpt lat="33.0131401" lon="35.1981698"><ele>212.6</ele><time>2026-03-05T12:51:21Z</time></trkpt>
<trkpt lat="33.0131132" lon="35.1981496"><ele>212.7</ele><time>2026-03-05T12:51:22Z</time></trkpt>
<trkpt lat="33.0130895" lon="35.1981303"><ele>212.9</ele><time>2026-03-05T12:51:23Z</time></trkpt>
<trkpt lat="33.0130686" lon="35.1981106"><ele>213.1</ele><time>2026-03-05T12:51:24Z</time></trkpt>
<trkpt lat="33.01305" lon="35.1980909"><ele>213.4</ele><time>2026-03-05T12:51:25Z</time></trkpt>
<trkpt lat="33.013032" lon="35.1980709"><ele>213.7</ele><time>2026-03-05T12:51:26Z</time></trkpt>
<trkpt lat="33.013013" lon="35.1980502"><ele>214.0</ele><time>2026-03-05T12:51:27Z</time></trkpt>
<trkpt lat="33.012992" lon="35.1980284"><ele>214.3</ele><time>2026-03-05T12:51:28Z</time></trkpt>
<trkpt lat="33.0129687" lon="35.1980053"><ele>214.5</ele><time>2026-03-05T12:51:29Z</time></trkpt>
<trkpt lat="33.0129445" lon="35.1979817"><ele>214.8</ele><time>2026-03-05T12:51:30Z</time></trkpt>
<trkpt lat="33.0129216" lon="35.1979585"><ele>215.1</ele><time>2026-03-05T12:51:31Z</time></trkpt>
<trkpt lat="33.0129019" lon="35.1979368"><ele>215.3</ele><time>2026-03-05T12:51:32Z</time></trkpt>
<trkpt lat="33.0128848" lon="35.1979179"><ele>215.5</ele><time>2026-03-05T12:51:33Z</time></trkpt>
<trkpt lat="33.0128677" lon="35.1979026"><ele>215.7</ele><time>2026-03-05T12:51:34Z</time></trkpt>
<trkpt lat="33.0128484" lon="35.1978914"><ele>216.0</ele><time>2026-03-05T12:51:35Z</time></trkpt>
<trkpt lat="33.012828" lon="35.197885"><ele>216.2</ele><time>2026-03-05T12:51:36Z</time></trkpt>
<trkpt lat="33.0128082" lon="35.1978834"><ele>216.4</ele><time>2026-03-05T12:51:37Z</time></trkpt>
<trkpt lat="33.0127888" lon="35.1978856"><ele>216.6</ele><time>2026-03-05T12:51:38Z</time></trkpt>
<trkpt lat="33.0127697" lon="35.1978903"><ele>216.9</ele><time>2026-03-05T12:51:39Z</time></trkpt>
<trkpt lat="33.0127511" lon="35.1978961"><ele>217.1</ele><time>2026-03-05T12:51:40Z</time></trkpt>
<trkpt lat="33.0127331" lon="35.1979024"><ele>217.3</ele><time>2026-03-05T12:51:41Z</time></trkpt>
<trkpt lat="33.0127177" lon="35.1979103"><ele>217.6</ele><time>2026-03-05T12:51:42Z</time></trkpt>
<trkpt lat="33.0127066" lon="35.1979223"><ele>217.8</ele><time>2026-03-05T12:51:43Z</time></trkpt>
<trkpt lat="33.0126988" lon="35.1979393"><ele>218.0</ele><time>2026-03-05T12:51:44Z</time></trkpt>
<trkpt lat="33.012693" lon="35.1979603"><ele>218.2</ele><time>2026-03-05T12:51:45Z</time></trkpt>
<trkpt lat="33.0126891" lon="35.1979815"><ele>218.5</ele><time>2026-03-05T12:51:46Z</time></trkpt>
<trkpt lat="33.0126875" lon="35.1980008"><ele>218.7</ele><time>2026-03-05T12:51:47Z</time></trkpt>
<trkpt lat="33.0126878" lon="35.1980198"><ele>218.9</ele><time>2026-03-05T12:51:48Z</time></trkpt>
<trkpt lat="33.012689" lon="35.198041"><ele>219.0</ele><time>2026-03-05T12:51:49Z</time></trkpt>
<trkpt lat="33.0126905" lon="35.1980657"><ele>219.2</ele><time>2026-03-05T12:51:50Z</time></trkpt>
<trkpt lat="33.0126909" lon="35.1980931"><ele>219.4</ele><time>2026-03-05T12:51:51Z</time></trkpt>
<trkpt lat="33.0126893" lon="35.1981212"><ele>219.5</ele><time>2026-03-05T12:51:52Z</time></trkpt>
<trkpt lat="33.0126855" lon="35.198149"><ele>219.7</ele><time>2026-03-05T12:51:53Z</time></trkpt>
<trkpt lat="33.0126807" lon="35.1981743"><ele>219.8</ele><time>2026-03-05T12:51:54Z</time></trkpt>
<trkpt lat="33.0126749" lon="35.1981974"><ele>219.9</ele><time>2026-03-05T12:51:55Z</time></trkpt>
<trkpt lat="33.0126669" lon="35.1982219"><ele>220.0</ele><time>2026-03-05T12:51:56Z</time></trkpt>
<trkpt lat="33.0126566" lon="35.1982489"><ele>220.1</ele><time>2026-03-05T12:51:57Z</time></trkpt>
<trkpt lat="33.0126438" lon="35.1982783"><ele>220.2</ele><time>2026-03-05T12:51:58Z</time></trkpt>
<trkpt lat="33.0126283" lon="35.1983096"><ele>220.3</ele><time>2026-03-05T12:51:59Z</time></trkpt>
<trkpt lat="33.0126106" lon="35.1983429"><ele>220.3</ele><time>2026-03-05T12:52:00Z</time></trkpt>
<trkpt lat="33.0125918" lon="35.1983774"><ele>220.3</ele><time>2026-03-05T12:52:01Z</time></trkpt>
<trkpt lat="33.0125725" lon="35.1984122"><ele>220.3</ele><time>2026-03-05T12:52:02Z</time></trkpt>
<trkpt lat="33.0125529" lon="35.1984477"><ele>220.2</ele><time>2026-03-05T12:52:03Z</time></trkpt>
<trkpt lat="33.0125333" lon="35.1984841"><ele>220.1</ele><time>2026-03-05T12:52:04Z</time></trkpt>
<trkpt lat="33.0125141" lon="35.1985197"><ele>220.0</ele><time>2026-03-05T12:52:05Z</time></trkpt>
<trkpt lat="33.0124953" lon="35.1985548"><ele>219.9</ele><time>2026-03-05T12:52:06Z</time></trkpt>
<trkpt lat="33.0124775" lon="35.1985895"><ele>219.8</ele><time>2026-03-05T12:52:07Z</time></trkpt>
<trkpt lat="33.0124617" lon="35.1986226"><ele>219.7</ele><time>2026-03-05T12:52:08Z</time></trkpt>
<trkpt lat="33.0124481" lon="35.1986537"><ele>219.6</ele><time>2026-03-05T12:52:09Z</time></trkpt>
<trkpt lat="33.0124361" lon="35.1986832"><ele>219.5</ele><time>2026-03-05T12:52:10Z</time></trkpt>
<trkpt lat="33.0124246" lon="35.1987129"><ele>219.4</ele><time>2026-03-05T12:52:11Z</time></trkpt>
<trkpt lat="33.0124129" lon="35.1987436"><ele>219.4</ele><time>2026-03-05T12:52:12Z</time></trkpt>
<trkpt lat="33.0124007" lon="35.1987763"><ele>219.3</ele><time>2026-03-05T12:52:13Z</time></trkpt>
<trkpt lat="33.0123887" lon="35.1988102"><ele>219.3</ele><time>2026-03-05T12:52:14Z</time></trkpt>
<trkpt lat="33.0123777" lon="35.1988447"><ele>219.3</ele><time>2026-03-05T12:52:15Z</time></trkpt>
<trkpt lat="33.0123675" lon="35.19888"><ele>219.3</ele><time>2026-03-05T12:52:16Z</time></trkpt>
<trkpt lat="33.0123585" lon="35.1989155"><ele>219.3</ele><time>2026-03-05T12:52:17Z</time></trkpt>
<trkpt lat="33.0123508" lon="35.1989502"><ele>219.4</ele><time>2026-03-05T12:52:18Z</time></trkpt>
<trkpt lat="33.0123437" lon="35.1989848"><ele>219.5</ele><time>2026-03-05T12:52:19Z</time></trkpt>
<trkpt lat="33.0123369" lon="35.1990189"><ele>219.6</ele><time>2026-03-05T12:52:20Z</time></trkpt>
<trkpt lat="33.0123301" lon="35.1990514"><ele>219.7</ele><time>2026-03-05T12:52:21Z</time></trkpt>
<trkpt lat="33.0123226" lon="35.1990828"><ele>219.9</ele><time>2026-03-05T12:52:22Z</time></trkpt>
<trkpt lat="33.0123142" lon="35.1991135"><ele>220.0</ele><time>2026-03-05T12:52:23Z</time></trkpt>
<trkpt lat="33.0123055" lon="35.1991427"><ele>220.2</ele><time>2026-03-05T12:52:24Z</time></trkpt>
<trkpt lat="33.0122961" lon="35.1991704"><ele>220.3</ele><time>2026-03-05T12:52:25Z</time></trkpt>
<trkpt lat="33.012286" lon="35.1991963"><ele>220.4</ele><time>2026-03-05T12:52:26Z</time></trkpt>
<trkpt lat="33.0122756" lon="35.1992203"><ele>220.5</ele><time>2026-03-05T12:52:27Z</time></trkpt>
<trkpt lat="33.0122652" lon="35.1992428"><ele>220.6</ele><time>2026-03-05T12:52:28Z</time></trkpt>
<trkpt lat="33.0122551" lon="35.1992652"><ele>220.7</ele><time>2026-03-05T12:52:29Z</time></trkpt>
<trkpt lat="33.0122453" lon="35.1992901"><ele>220.7</ele><time>2026-03-05T12:52:30Z</time></trkpt>
<trkpt lat="33.012236" lon="35.1993188"><ele>220.7</ele><time>2026-03-05T12:52:31Z</time></trkpt>
<trkpt lat="33.0122268" lon="35.1993501"><ele>220.7</ele><time>2026-03-05T12:52:32Z</time></trkpt>
<trkpt lat="33.0122173" lon="35.1993823"><ele>220.8</ele><time>2026-03-05T12:52:33Z</time></trkpt>
<trkpt lat="33.0122078" lon="35.1994143"><ele>220.8</ele><time>2026-03-05T12:52:34Z</time></trkpt>
<trkpt lat="33.0121994" lon="35.199445"><ele>220.9</ele><time>2026-03-05T12:52:35Z</time></trkpt>
<trkpt lat="33.0121923" lon="35.199474"><ele>221.0</ele><time>2026-03-05T12:52:36Z</time></trkpt>
<trkpt lat="33.0121865" lon="35.1995023"><ele>221.1</ele><time>2026-03-05T12:52:37Z</time></trkpt>
<trkpt lat="33.012181" lon="35.1995305"><ele>221.2</ele><time>2026-03-05T12:52:38Z</time></trkpt>
<trkpt lat="33.0121745" lon="35.1995584"><ele>221.4</ele><time>2026-03-05T12:52:39Z</time></trkpt>
<trkpt lat="33.0121661" lon="35.1995859"><ele>221.6</ele><time>2026-03-05T12:52:40Z</time></trkpt>
<trkpt lat="33.0121556" lon="35.1996127"><ele>221.8</ele><time>2026-03-05T12:52:41Z</time></trkpt>
<trkpt lat="33.0121441" lon="35.199638"><ele>222.0</ele><time>2026-03-05T12:52:42Z</time></trkpt>
<trkpt lat="33.0121324" lon="35.199662"><ele>222.2</ele><time>2026-03-05T12:52:43Z</time></trkpt>
<trkpt lat="33.0121206" lon="35.1996859"><ele>222.3</ele><time>2026-03-05T12:52:44Z</time></trkpt>
<trkpt lat="33.0121086" lon="35.1997103"><ele>222.5</ele><time>2026-03-05T12:52:45Z</time></trkpt>
<trkpt lat="33.0120961" lon="35.1997356"><ele>222.6</ele><time>2026-03-05T12:52:46Z</time></trkpt>
<trkpt lat="33.0120836" lon="35.1997608"><ele>222.8</ele><time>2026-03-05T12:52:47Z</time></trkpt>
<trkpt lat="33.0120716" lon="35.1997854"><ele>222.9</ele><time>2026-03-05T12:52:48Z</time></trkpt>
<trkpt lat="33.0120596" lon="35.1998105"><ele>223.0</ele><time>2026-03-05T12:52:49Z</time></trkpt>
<trkpt lat="33.0120472" lon="35.1998354"><ele>223.1</ele><time>2026-03-05T12:52:50Z</time></trkpt>
<trkpt lat="33.0120348" lon="35.1998598"><ele>223.1</ele><time>2026-03-05T12:52:51Z</time></trkpt>
<trkpt lat="33.0120222" lon="35.199884"><ele>223.2</ele><time>2026-03-05T12:52:52Z</time></trkpt>
<trkpt lat="33.0120092" lon="35.199908"><ele>223.3</ele><time>2026-03-05T12:52:53Z</time></trkpt>
<trkpt lat="33.0119964" lon="35.1999316"><ele>223.4</ele><time>2026-03-05T12:52:54Z</time></trkpt>
<trkpt lat="33.0119833" lon="35.1999555"><ele>223.4</ele><time>2026-03-05T12:52:55Z</time></trkpt>
<trkpt lat="33.0119698" lon="35.1999807"><ele>223.5</ele><time>2026-03-05T12:52:56Z</time></trkpt>
<trkpt lat="33.0119569" lon="35.2000055"><ele>223.6</ele><time>2026-03-05T12:52:57Z</time></trkpt>
<trkpt lat="33.0119454" lon="35.2000286"><ele>223.7</ele><time>2026-03-05T12:52:58Z</time></trkpt>
<trkpt lat="33.0119356" lon="35.2000498"><ele>223.7</ele><time>2026-03-05T12:52:59Z</time></trkpt>
<trkpt lat="33.0119271" lon="35.200069"><ele>223.8</ele><time>2026-03-05T12:53:00Z</time></trkpt>
<trkpt lat="33.0119193" lon="35.2000864"><ele>223.9</ele><time>2026-03-05T12:53:01Z</time></trkpt>
<trkpt lat="33.0119119" lon="35.2001025"><ele>224.0</ele><time>2026-03-05T12:53:02Z</time></trkpt>
<trkpt lat="33.0119048" lon="35.200117"><ele>224.1</ele><time>2026-03-05T12:53:03Z</time></trkpt>
<trkpt lat="33.011899" lon="35.2001285"><ele>224.2</ele><time>2026-03-05T12:53:04Z</time></trkpt>
<trkpt lat="33.0118942" lon="35.2001381"><ele>224.4</ele><time>2026-03-05T12:53:05Z</time></trkpt>
<trkpt lat="33.0118901" lon="35.2001461"><ele>224.4</ele><time>2026-03-05T12:53:06Z</time></trkpt>
<trkpt lat="33.0118867" lon="35.2001522"><ele>224.5</ele><time>2026-03-05T12:53:07Z</time></trkpt>
<trkpt lat="33.0118839" lon="35.200157"><ele>224.6</ele><time>2026-03-05T12:53:08Z</time></trkpt>
<trkpt lat="33.0118813" lon="35.2001611"><ele>224.7</ele><time>2026-03-05T12:53:09Z</time></trkpt>
<trkpt lat="33.0118789" lon="35.2001648"><ele>224.7</ele><time>2026-03-05T12:53:10Z</time></trkpt>
<trkpt lat="33.0118764" lon="35.2001685"><ele>224.7</ele><time>2026-03-05T12:53:11Z</time></trkpt>
<trkpt lat="33.0118739" lon="35.2001723"><ele>224.8</ele><time>2026-03-05T12:53:12Z</time></trkpt>
<trkpt lat="33.0118714" lon="35.2001761"><ele>224.8</ele><time>2026-03-05T12:53:13Z</time></trkpt>
<trkpt lat="33.0118689" lon="35.2001799"><ele>224.8</ele><time>2026-03-05T12:53:14Z</time></trkpt>
<trkpt lat="33.0118665" lon="35.2001835"><ele>224.8</ele><time>2026-03-05T12:53:15Z</time></trkpt>
<trkpt lat="33.0118642" lon="35.2001874"><ele>224.8</ele><time>2026-03-05T12:53:16Z</time></trkpt>
<trkpt lat="33.0118612" lon="35.2001926"><ele>224.8</ele><time>2026-03-05T12:53:17Z</time></trkpt>
<trkpt lat="33.0118578" lon="35.2001987"><ele>224.8</ele><time>2026-03-05T12:53:18Z</time></trkpt>
<trkpt lat="33.0118546" lon="35.2002043"><ele>224.8</ele><time>2026-03-05T12:53:19Z</time></trkpt>
<trkpt lat="33.0118517" lon="35.200209"><ele>224.9</ele><time>2026-03-05T12:53:20Z</time></trkpt>
<trkpt lat="33.0118493" lon="35.2002124"><ele>224.9</ele><time>2026-03-05T12:53:21Z</time></trkpt>
<trkpt lat="33.0118472" lon="35.2002151"><ele>224.9</ele><time>2026-03-05T12:53:22Z</time></trkpt>
<trkpt lat="33.0118452" lon="35.2002175"><ele>224.9</ele><time>2026-03-05T12:53:23Z</time></trkpt>
<trkpt lat="33.0118432" lon="35.2002197"><ele>224.9</ele><time>2026-03-05T12:53:24Z</time></trkpt>
<trkpt lat="33.0118413" lon="35.2002218"><ele>224.8</ele><time>2026-03-05T12:53:25Z</time></trkpt>
<trkpt lat="33.0118394" lon="35.200224"><ele>224.8</ele><time>2026-03-05T12:53:26Z</time></trkpt>
<trkpt lat="33.0118373" lon="35.2002264"><ele>224.8</ele><time>2026-03-05T12:53:27Z</time></trkpt>
<trkpt lat="33.0118348" lon="35.2002293"><ele>224.8</ele><time>2026-03-05T12:53:28Z</time></trkpt>
<trkpt lat="33.0118322" lon="35.2002324"><ele>224.8</ele><time>2026-03-05T12:53:29Z</time></trkpt>
<trkpt lat="33.0118299" lon="35.2002351"><ele>224.8</ele><time>2026-03-05T12:53:30Z</time></trkpt>
<trkpt lat="33.0118278" lon="35.2002374"><ele>224.8</ele><time>2026-03-05T12:53:31Z</time></trkpt>
<trkpt lat="33.0118258" lon="35.2002395"><ele>224.9</ele><time>2026-03-05T12:53:32Z</time></trkpt>
<trkpt lat="33.011824" lon="35.2002416"><ele>224.9</ele><time>2026-03-05T12:53:33Z</time></trkpt>
<trkpt lat="33.0118222" lon="35.2002435"><ele>224.9</ele><time>2026-03-05T12:53:34Z</time></trkpt>
<trkpt lat="33.0118204" lon="35.2002455"><ele>224.9</ele><time>2026-03-05T12:53:35Z</time></trkpt>
<trkpt lat="33.0118186" lon="35.2002474"><ele>224.9</ele><time>2026-03-05T12:53:36Z</time></trkpt>
<trkpt lat="33.0118169" lon="35.2002494"><ele>224.9</ele><time>2026-03-05T12:53:37Z</time></trkpt>
<trkpt lat="33.011815" lon="35.2002516"><ele>224.9</ele><time>2026-03-05T12:53:38Z</time></trkpt>
<trkpt lat="33.0118127" lon="35.2002543"><ele>225.0</ele><time>2026-03-05T12:53:39Z</time></trkpt>
<trkpt lat="33.0118101" lon="35.2002574"><ele>225.0</ele><time>2026-03-05T12:53:40Z</time></trkpt>
<trkpt lat="33.0118074" lon="35.2002607"><ele>225.0</ele><time>2026-03-05T12:53:41Z</time></trkpt>
<trkpt lat="33.0118044" lon="35.2002644"><ele>225.0</ele><time>2026-03-05T12:53:42Z</time></trkpt>
<trkpt lat="33.0118006" lon="35.2002691"><ele>224.9</ele><time>2026-03-05T12:53:43Z</time></trkpt>
<trkpt lat="33.0117958" lon="35.2002745"><ele>224.9</ele><time>2026-03-05T12:53:44Z</time></trkpt>
<trkpt lat="33.0117893" lon="35.2002798"><ele>224.9</ele><time>2026-03-05T12:53:45Z</time></trkpt>
<trkpt lat="33.0117811" lon="35.2002857"><ele>224.8</ele><time>2026-03-05T12:53:46Z</time></trkpt>
<trkpt lat="33.011771" lon="35.2002927"><ele>224.8</ele><time>2026-03-05T12:53:47Z</time></trkpt>
<trkpt lat="33.0117578" lon="35.2003023"><ele>224.7</ele><time>2026-03-05T12:53:48Z</time></trkpt>
<trkpt lat="33.0117418" lon="35.2003167"><ele>224.6</ele><time>2026-03-05T12:53:49Z</time></trkpt>
<trkpt lat="33.0117244" lon="35.2003358"><ele>224.5</ele><time>2026-03-05T12:53:50Z</time></trkpt>
<trkpt lat="33.0117069" lon="35.2003575"><ele>224.4</ele><time>2026-03-05T12:53:51Z</time></trkpt>
<trkpt lat="33.0116893" lon="35.2003802"><ele>224.3</ele><time>2026-03-05T12:53:52Z</time></trkpt>
<trkpt lat="33.011672" lon="35.200403"><ele>224.1</ele><time>2026-03-05T12:53:53Z</time></trkpt>
<trkpt lat="33.0116555" lon="35.2004248"><ele>223.9</ele><time>2026-03-05T12:53:54Z</time></trkpt>
<trkpt lat="33.0116403" lon="35.2004456"><ele>223.7</ele><time>2026-03-05T12:53:55Z</time></trkpt>
<trkpt lat="33.0116256" lon="35.200467"><ele>223.5</ele><time>2026-03-05T12:53:56Z</time></trkpt>
<trkpt lat="33.0116108" lon="35.2004906"><ele>223.3</ele><time>2026-03-05T12:53:57Z</time></trkpt>
<trkpt lat="33.0115961" lon="35.2005165"><ele>223.1</ele><time>2026-03-05T12:53:58Z</time></trkpt>
<trkpt lat="33.0115803" lon="35.2005428"><ele>222.9</ele><time>2026-03-05T12:53:59Z</time></trkpt>
<trkpt lat="33.0115629" lon="35.2005682"><ele>222.7</ele><time>2026-03-05T12:54:00Z</time></trkpt>
<trkpt lat="33.0115439" lon="35.2005937"><ele>222.5</ele><time>2026-03-05T12:54:01Z</time></trkpt>
<trkpt lat="33.0115231" lon="35.2006214"><ele>222.3</ele><time>2026-03-05T12:54:02Z</time></trkpt>
<trkpt lat="33.0115002" lon="35.2006533"><ele>222.1</ele><time>2026-03-05T12:54:03Z</time></trkpt>
<trkpt lat="33.0114762" lon="35.2006885"><ele>221.9</ele><time>2026-03-05T12:54:04Z</time></trkpt>
<trkpt lat="33.011454" lon="35.200723"><ele>221.8</ele><time>2026-03-05T12:54:05Z</time></trkpt>
<trkpt lat="33.0114341" lon="35.200756"><ele>221.7</ele><time>2026-03-05T12:54:06Z</time></trkpt>
<trkpt lat="33.0114156" lon="35.2007892"><ele>221.6</ele><time>2026-03-05T12:54:07Z</time></trkpt>
<trkpt lat="33.011398" lon="35.2008236"><ele>221.5</ele><time>2026-03-05T12:54:08Z</time></trkpt>
<trkpt lat="33.0113812" lon="35.2008589"><ele>221.5</ele><time>2026-03-05T12:54:09Z</time></trkpt>
<trkpt lat="33.0113649" lon="35.2008945"><ele>221.5</ele><time>2026-03-05T12:54:10Z</time></trkpt>
<trkpt lat="33.0113494" lon="35.200929"><ele>221.5</ele><time>2026-03-05T12:54:11Z</time></trkpt>
<trkpt lat="33.0113349" lon="35.200962"><ele>221.6</ele><time>2026-03-05T12:54:12Z</time></trkpt>
<trkpt lat="33.0113212" lon="35.2009945"><ele>221.7</ele><time>2026-03-05T12:54:13Z</time></trkpt>
<trkpt lat="33.0113087" lon="35.2010258"><ele>221.8</ele><time>2026-03-05T12:54:14Z</time></trkpt>
<trkpt lat="33.0112972" lon="35.2010549"><ele>221.9</ele><time>2026-03-05T12:54:15Z</time></trkpt>
<trkpt lat="33.0112862" lon="35.2010825"><ele>222.0</ele><time>2026-03-05T12:54:16Z</time></trkpt>
<trkpt lat="33.0112753" lon="35.2011092"><ele>222.2</ele><time>2026-03-05T12:54:17Z</time></trkpt>
<trkpt lat="33.0112639" lon="35.2011351"><ele>222.4</ele><time>2026-03-05T12:54:18Z</time></trkpt>
<trkpt lat="33.0112513" lon="35.2011611"><ele>222.6</ele><time>2026-03-05T12:54:19Z</time></trkpt>
<trkpt lat="33.0112372" lon="35.2011876"><ele>222.8</ele><time>2026-03-05T12:54:20Z</time></trkpt>
<trkpt lat="33.0112221" lon="35.2012137"><ele>223.0</ele><time>2026-03-05T12:54:21Z</time></trkpt>
<trkpt lat="33.0112073" lon="35.2012387"><ele>223.2</ele><time>2026-03-05T12:54:22Z</time></trkpt>
<trkpt lat="33.0111923" lon="35.2012622"><ele>223.3</ele><time>2026-03-05T12:54:23Z</time></trkpt>
<trkpt lat="33.0111761" lon="35.2012847"><ele>223.5</ele><time>2026-03-05T12:54:24Z</time></trkpt>
<trkpt lat="33.0111587" lon="35.2013063"><ele>223.6</ele><time>2026-03-05T12:54:25Z</time></trkpt>
<trkpt lat="33.0111399" lon="35.2013283"><ele>223.7</ele><time>2026-03-05T12:54:26Z</time></trkpt>
<trkpt lat="33.0111194" lon="35.2013511"><ele>223.8</ele><time>2026-03-05T12:54:27Z</time></trkpt>
<trkpt lat="33.0110981" lon="35.2013744"><ele>223.9</ele><time>2026-03-05T12:54:28Z</time></trkpt>
<trkpt lat="33.011077" lon="35.201397"><ele>223.9</ele><time>2026-03-05T12:54:29Z</time></trkpt>
<trkpt lat="33.0110568" lon="35.2014169"><ele>223.9</ele><time>2026-03-05T12:54:30Z</time></trkpt>
<trkpt lat="33.0110368" lon="35.2014344"><ele>223.9</ele><time>2026-03-05T12:54:31Z</time></trkpt>
<trkpt lat="33.0110158" lon="35.201451"><ele>223.9</ele><time>2026-03-05T12:54:32Z</time></trkpt>
<trkpt lat="33.0109944" lon="35.2014671"><ele>224.0</ele><time>2026-03-05T12:54:33Z</time></trkpt>
<trkpt lat="33.0109732" lon="35.2014827"><ele>224.0</ele><time>2026-03-05T12:54:34Z</time></trkpt>
<trkpt lat="33.0109528" lon="35.2014979"><ele>224.0</ele><time>2026-03-05T12:54:35Z</time></trkpt>
<trkpt lat="33.0109355" lon="35.201512"><ele>224.0</ele><time>2026-03-05T12:54:36Z</time></trkpt>
<trkpt lat="33.0109216" lon="35.201524"><ele>224.1</ele><time>2026-03-05T12:54:37Z</time></trkpt>
<trkpt lat="33.0109094" lon="35.2015337"><ele>224.1</ele><time>2026-03-05T12:54:38Z</time></trkpt>
<trkpt lat="33.0108984" lon="35.201541"><ele>224.2</ele><time>2026-03-05T12:54:39Z</time></trkpt>
<trkpt lat="33.0108883" lon="35.201546"><ele>224.2</ele><time>2026-03-05T12:54:40Z</time></trkpt>
<trkpt lat="33.0108792" lon="35.2015493"><ele>224.3</ele><time>2026-03-05T12:54:41Z</time></trkpt>
<trkpt lat="33.0108709" lon="35.2015519"><ele>224.3</ele><time>2026-03-05T12:54:42Z</time></trkpt>
<trkpt lat="33.0108626" lon="35.2015541"><ele>224.3</ele><time>2026-03-05T12:54:43Z</time></trkpt>
<trkpt lat="33.0108542" lon="35.2015559"><ele>224.3</ele><time>2026-03-05T12:54:44Z</time></trkpt>
<trkpt lat="33.0108465" lon="35.2015568"><ele>224.3</ele><time>2026-03-05T12:54:45Z</time></trkpt>
<trkpt lat="33.0108399" lon="35.2015558"><ele>224.3</ele><time>2026-03-05T12:54:46Z</time></trkpt>
<trkpt lat="33.0108344" lon="35.2015527"><ele>224.2</ele><time>2026-03-05T12:54:47Z</time></trkpt>
<trkpt lat="33.0108287" lon="35.201548"><ele>224.2</ele><time>2026-03-05T12:54:48Z</time></trkpt>
<trkpt lat="33.0108223" lon="35.2015433"><ele>224.2</ele><time>2026-03-05T12:54:49Z</time></trkpt>
<trkpt lat="33.010815" lon="35.2015388"><ele>224.1</ele><time>2026-03-05T12:54:50Z</time></trkpt>
<trkpt lat="33.0108066" lon="35.201534"><ele>224.1</ele><time>2026-03-05T12:54:51Z</time></trkpt>
<trkpt lat="33.0107978" lon="35.2015293"><ele>224.1</ele><time>2026-03-05T12:54:52Z</time></trkpt>
<trkpt lat="33.0107885" lon="35.2015242"><ele>224.1</ele><time>2026-03-05T12:54:53Z</time></trkpt>
<trkpt lat="33.0107786" lon="35.2015188"><ele>224.2</ele><time>2026-03-05T12:54:54Z</time></trkpt>
<trkpt lat="33.0107686" lon="35.2015138"><ele>224.2</ele><time>2026-03-05T12:54:55Z</time></trkpt>
<trkpt lat="33.0107585" lon="35.2015102"><ele>224.3</ele><time>2026-03-05T12:54:56Z</time></trkpt>
<trkpt lat="33.0107486" lon="35.2015084"><ele>224.3</ele><time>2026-03-05T12:54:57Z</time></trkpt>
<trkpt lat="33.0107391" lon="35.2015082"><ele>224.4</ele><time>2026-03-05T12:54:58Z</time></trkpt>
<trkpt lat="33.0107298" lon="35.2015096"><ele>224.5</ele><time>2026-03-05T12:54:59Z</time></trkpt>
<trkpt lat="33.0107206" lon="35.201513"><ele>224.6</ele><time>2026-03-05T12:55:00Z</time></trkpt>
<trkpt lat="33.010712" lon="35.2015178"><ele>224.6</ele><time>2026-03-05T12:55:01Z</time></trkpt>
<trkpt lat="33.0107054" lon="35.2015235"><ele>224.7</ele><time>2026-03-05T12:55:02Z</time></trkpt>
<trkpt lat="33.0107007" lon="35.2015298"><ele>224.8</ele><time>2026-03-05T12:55:03Z</time></trkpt>
<trkpt lat="33.0106967" lon="35.2015361"><ele>224.8</ele><time>2026-03-05T12:55:04Z</time></trkpt>
<trkpt lat="33.0106927" lon="35.2015428"><ele>224.9</ele><time>2026-03-05T12:55:05Z</time></trkpt>
<trkpt lat="33.0106881" lon="35.2015522"><ele>224.9</ele><time>2026-03-05T12:55:06Z</time></trkpt>
<trkpt lat="33.0106806" lon="35.2015641"><ele>225.0</ele><time>2026-03-05T12:55:07Z</time></trkpt>
<trkpt lat="33.0106688" lon="35.2015781"><ele>225.0</ele><time>2026-03-05T12:55:08Z</time></trkpt>
<trkpt lat="33.010653" lon="35.2015933"><ele>225.1</ele><time>2026-03-05T12:55:09Z</time></trkpt>
<trkpt lat="33.0106349" lon="35.2016072"><ele>225.1</ele><time>2026-03-05T12:55:10Z</time></trkpt>
<trkpt lat="33.0106173" lon="35.2016205"><ele>225.2</ele><time>2026-03-05T12:55:11Z</time></trkpt>
<trkpt lat="33.0106025" lon="35.2016342"><ele>225.3</ele><time>2026-03-05T12:55:12Z</time></trkpt>
<trkpt lat="33.010589" lon="35.2016499"><ele>225.5</ele><time>2026-03-05T12:55:13Z</time></trkpt>
<trkpt lat="33.0105744" lon="35.2016683"><ele>225.6</ele><time>2026-03-05T12:55:14Z</time></trkpt>
<trkpt lat="33.0105592" lon="35.2016873"><ele>225.8</ele><time>2026-03-05T12:55:15Z</time></trkpt>
<trkpt lat="33.0105443" lon="35.2017054"><ele>225.9</ele><time>2026-03-05T12:55:16Z</time></trkpt>
<trkpt lat="33.0105301" lon="35.2017225"><ele>226.1</ele><time>2026-03-05T12:55:17Z</time></trkpt>
<trkpt lat="33.0105163" lon="35.2017388"><ele>226.3</ele><time>2026-03-05T12:55:18Z</time></trkpt>
<trkpt lat="33.0105018" lon="35.2017539"><ele>226.5</ele><time>2026-03-05T12:55:19Z</time></trkpt>
<trkpt lat="33.0104864" lon="35.2017684"><ele>226.7</ele><time>2026-03-05T12:55:20Z</time></trkpt>
<trkpt lat="33.0104707" lon="35.2017846"><ele>226.8</ele><time>2026-03-05T12:55:21Z</time></trkpt>
<trkpt lat="33.0104549" lon="35.2018045"><ele>227.0</ele><time>2026-03-05T12:55:22Z</time></trkpt>
<trkpt lat="33.0104388" lon="35.2018271"><ele>227.2</ele><time>2026-03-05T12:55:23Z</time></trkpt>
<trkpt lat="33.0104228" lon="35.2018498"><ele>227.4</ele><time>2026-03-05T12:55:24Z</time></trkpt>
<trkpt lat="33.0104084" lon="35.2018709"><ele>227.6</ele><time>2026-03-05T12:55:25Z</time></trkpt>
<trkpt lat="33.0103949" lon="35.2018907"><ele>227.7</ele><time>2026-03-05T12:55:26Z</time></trkpt>
<trkpt lat="33.0103807" lon="35.2019111"><ele>227.9</ele><time>2026-03-05T12:55:27Z</time></trkpt>
<trkpt lat="33.0103661" lon="35.2019323"><ele>228.0</ele><time>2026-03-05T12:55:28Z</time></trkpt>
<trkpt lat="33.0103517" lon="35.2019536"><ele>228.1</ele><time>2026-03-05T12:55:29Z</time></trkpt>
<trkpt lat="33.0103378" lon="35.2019748"><ele>228.2</ele><time>2026-03-05T12:55:30Z</time></trkpt>
<trkpt lat="33.0103247" lon="35.2019964"><ele>228.3</ele><time>2026-03-05T12:55:31Z</time></trkpt>
<trkpt lat="33.0103124" lon="35.2020188"><ele>228.4</ele><time>2026-03-05T12:55:32Z</time></trkpt>
<trkpt lat="33.0103009" lon="35.2020428"><ele>228.5</ele><time>2026-03-05T12:55:33Z</time></trkpt>
<trkpt lat="33.0102895" lon="35.2020675"><ele>228.5</ele><time>2026-03-05T12:55:34Z</time></trkpt>
<trkpt lat="33.0102788" lon="35.2020915"><ele>228.6</ele><time>2026-03-05T12:55:35Z</time></trkpt>
<trkpt lat="33.0102681" lon="35.2021158"><ele>228.6</ele><time>2026-03-05T12:55:36Z</time></trkpt>
<trkpt lat="33.0102568" lon="35.2021418"><ele>228.6</ele><time>2026-03-05T12:55:37Z</time></trkpt>
<trkpt lat="33.0102453" lon="35.202168"><ele>228.7</ele><time>2026-03-05T12:55:38Z</time></trkpt>
<trkpt lat="33.0102346" lon="35.2021928"><ele>228.7</ele><time>2026-03-05T12:55:39Z</time></trkpt>
<trkpt lat="33.010225" lon="35.202217"><ele>228.7</ele><time>2026-03-05T12:55:40Z</time></trkpt>
<trkpt lat="33.010216" lon="35.2022418"><ele>228.8</ele><time>2026-03-05T12:55:41Z</time></trkpt>
<trkpt lat="33.0102075" lon="35.2022666"><ele>228.8</ele><time>2026-03-05T12:55:42Z</time></trkpt>
<trkpt lat="33.0101995" lon="35.2022907"><ele>228.9</ele><time>2026-03-05T12:55:43Z</time></trkpt>
<trkpt lat="33.0101917" lon="35.2023144"><ele>228.9</ele><time>2026-03-05T12:55:44Z</time></trkpt>
<trkpt lat="33.0101845" lon="35.2023369"><ele>229.0</ele><time>2026-03-05T12:55:45Z</time></trkpt>
<trkpt lat="33.010179" lon="35.2023596"><ele>229.1</ele><time>2026-03-05T12:55:46Z</time></trkpt>
<trkpt lat="33.0101753" lon="35.2023858"><ele>229.1</ele><time>2026-03-05T12:55:47Z</time></trkpt>
<trkpt lat="33.010173" lon="35.202416"><ele>229.1</ele><time>2026-03-05T12:55:48Z</time></trkpt>
<trkpt lat="33.010171" lon="35.2024479"><ele>229.1</ele><time>2026-03-05T12:55:49Z</time></trkpt>
<trkpt lat="33.0101679" lon="35.2024787"><ele>229.1</ele><time>2026-03-05T12:55:50Z</time></trkpt>
<trkpt lat="33.0101628" lon="35.2025057"><ele>229.0</ele><time>2026-03-05T12:55:51Z</time></trkpt>
<trkpt lat="33.0101572" lon="35.2025271"><ele>229.0</ele><time>2026-03-05T12:55:52Z</time></trkpt>
<trkpt lat="33.0101531" lon="35.2025434"><ele>228.9</ele><time>2026-03-05T12:55:53Z</time></trkpt>
<trkpt lat="33.0101514" lon="35.2025558"><ele>228.9</ele><time>2026-03-05T12:55:54Z</time></trkpt>
<trkpt lat="33.0101522" lon="35.2025646"><ele>228.8</ele><time>2026-03-05T12:55:55Z</time></trkpt>
<trkpt lat="33.0101541" lon="35.2025694"><ele>228.8</ele><time>2026-03-05T12:55:56Z</time></trkpt>
<trkpt lat="33.0101558" lon="35.2025715"><ele>228.8</ele><time>2026-03-05T12:55:57Z</time></trkpt>
<trkpt lat="33.0101577" lon="35.2025721"><ele>228.8</ele><time>2026-03-05T12:55:58Z</time></trkpt>
<trkpt lat="33.0101597" lon="35.2025711"><ele>228.8</ele><time>2026-03-05T12:55:59Z</time></trkpt>
<trkpt lat="33.0101608" lon="35.2025681"><ele>228.7</ele><time>2026-03-05T12:56:00Z</time></trkpt>
<trkpt lat="33.0101609" lon="35.202563"><ele>228.7</ele><time>2026-03-05T12:56:01Z</time></trkpt>
<trkpt lat="33.010161" lon="35.2025553"><ele>228.7</ele><time>2026-03-05T12:56:02Z</time></trkpt>
<trkpt lat="33.0101616" lon="35.2025443"><ele>228.7</ele><time>2026-03-05T12:56:03Z</time></trkpt>
<trkpt lat="33.0101631" lon="35.2025289"><ele>228.7</ele><time>2026-03-05T12:56:04Z</time></trkpt>
<trkpt lat="33.0101638" lon="35.2025085"><ele>228.7</ele><time>2026-03-05T12:56:05Z</time></trkpt>
<trkpt lat="33.0101621" lon="35.2024827"><ele>228.7</ele><time>2026-03-05T12:56:06Z</time></trkpt>
<trkpt lat="33.010158" lon="35.2024525"><ele>228.8</ele><time>2026-03-05T12:56:07Z</time></trkpt>
<trkpt lat="33.0101516" lon="35.2024202"><ele>228.8</ele><time>2026-03-05T12:56:08Z</time></trkpt>
<trkpt lat="33.0101434" lon="35.2023877"><ele>228.9</ele><time>2026-03-05T12:56:09Z</time></trkpt>
<trkpt lat="33.0101344" lon="35.2023563"><ele>229.0</ele><time>2026-03-05T12:56:10Z</time></trkpt>
<trkpt lat="33.0101265" lon="35.202326"><ele>229.1</ele><time>2026-03-05T12:56:11Z</time></trkpt>
<trkpt lat="33.0101213" lon="35.2022964"><ele>229.2</ele><time>2026-03-05T12:56:12Z</time></trkpt>
<trkpt lat="33.0101191" lon="35.2022677"><ele>229.4</ele><time>2026-03-05T12:56:13Z</time></trkpt>
<trkpt lat="33.0101199" lon="35.2022393"><ele>229.6</ele><time>2026-03-05T12:56:14Z</time></trkpt>
<trkpt lat="33.0101238" lon="35.2022122"><ele>229.8</ele><time>2026-03-05T12:56:15Z</time></trkpt>
<trkpt lat="33.0101302" lon="35.2021861"><ele>230.0</ele><time>2026-03-05T12:56:16Z</time></trkpt>
<trkpt lat="33.0101391" lon="35.2021592"><ele>230.2</ele><time>2026-03-05T12:56:17Z</time></trkpt>
<trkpt lat="33.0101502" lon="35.2021313"><ele>230.4</ele><time>2026-03-05T12:56:18Z</time></trkpt>
<trkpt lat="33.0101634" lon="35.2021014"><ele>230.6</ele><time>2026-03-05T12:56:19Z</time></trkpt>
<trkpt lat="33.0101785" lon="35.20207"><ele>230.7</ele><time>2026-03-05T12:56:20Z</time></trkpt>
<trkpt lat="33.0101959" lon="35.2020373"><ele>230.8</ele><time>2026-03-05T12:56:21Z</time></trkpt>
<trkpt lat="33.0102147" lon="35.2020031"><ele>230.9</ele><time>2026-03-05T12:56:22Z</time></trkpt>
<trkpt lat="33.0102331" lon="35.2019681"><ele>231.0</ele><time>2026-03-05T12:56:23Z</time></trkpt>
<trkpt lat="33.0102505" lon="35.2019331"><ele>231.0</ele><time>2026-03-05T12:56:24Z</time></trkpt>
<trkpt lat="33.0102671" lon="35.2018989"><ele>231.0</ele><time>2026-03-05T12:56:25Z</time></trkpt>
<trkpt lat="33.0102832" lon="35.2018663"><ele>231.0</ele><time>2026-03-05T12:56:26Z</time></trkpt>
<trkpt lat="33.0102996" lon="35.2018347"><ele>230.9</ele><time>2026-03-05T12:56:27Z</time></trkpt>
<trkpt lat="33.0103171" lon="35.2018035"><ele>230.9</ele><time>2026-03-05T12:56:28Z</time></trkpt>
<trkpt lat="33.0103361" lon="35.2017716"><ele>230.9</ele><time>2026-03-05T12:56:29Z</time></trkpt>
<trkpt lat="33.0103564" lon="35.2017392"><ele>230.9</ele><time>2026-03-05T12:56:30Z</time></trkpt>
<trkpt lat="33.010378" lon="35.2017069"><ele>230.8</ele><time>2026-03-05T12:56:31Z</time></trkpt>
<trkpt lat="33.0104" lon="35.2016755"><ele>230.8</ele><time>2026-03-05T12:56:32Z</time></trkpt>
<trkpt lat="33.010421" lon="35.2016464"><ele>230.7</ele><time>2026-03-05T12:56:33Z</time></trkpt>
<trkpt lat="33.0104408" lon="35.2016189"><ele>230.6</ele><time>2026-03-05T12:56:34Z</time></trkpt>
<trkpt lat="33.01046" lon="35.2015923"><ele>230.5</ele><time>2026-03-05T12:56:35Z</time></trkpt>
<trkpt lat="33.0104796" lon="35.2015654"><ele>230.3</ele><time>2026-03-05T12:56:36Z</time></trkpt>
<trkpt lat="33.0104999" lon="35.2015365"><ele>230.2</ele><time>2026-03-05T12:56:37Z</time></trkpt>
<trkpt lat="33.0105199" lon="35.2015058"><ele>230.0</ele><time>2026-03-05T12:56:38Z</time></trkpt>
<trkpt lat="33.0105391" lon="35.2014742"><ele>229.8</ele><time>2026-03-05T12:56:39Z</time></trkpt>
<trkpt lat="33.0105584" lon="35.2014425"><ele>229.7</ele><time>2026-03-05T12:56:40Z</time></trkpt>
<trkpt lat="33.0105778" lon="35.2014108"><ele>229.5</ele><time>2026-03-05T12:56:41Z</time></trkpt>
<trkpt lat="33.0105973" lon="35.2013798"><ele>229.4</ele><time>2026-03-05T12:56:42Z</time></trkpt>
<trkpt lat="33.0106173" lon="35.2013488"><ele>229.3</ele><time>2026-03-05T12:56:43Z</time></trkpt>
<trkpt lat="33.0106378" lon="35.2013168"><ele>229.1</ele><time>2026-03-05T12:56:44Z</time></trkpt>
<trkpt lat="33.0106588" lon="35.2012836"><ele>229.0</ele><time>2026-03-05T12:56:45Z</time></trkpt>
<trkpt lat="33.010681" lon="35.2012489"><ele>228.9</ele><time>2026-03-05T12:56:46Z</time></trkpt>
<trkpt lat="33.0107043" lon="35.2012136"><ele>228.7</ele><time>2026-03-05T12:56:47Z</time></trkpt>
<trkpt lat="33.0107281" lon="35.2011792"><ele>228.5</ele><time>2026-03-05T12:56:48Z</time></trkpt>
<trkpt lat="33.0107514" lon="35.2011458"><ele>228.3</ele><time>2026-03-05T12:56:49Z</time></trkpt>
<trkpt lat="33.0107735" lon="35.2011123"><ele>228.1</ele><time>2026-03-05T12:56:50Z</time></trkpt>
<trkpt lat="33.010795" lon="35.2010784"><ele>227.8</ele><time>2026-03-05T12:56:51Z</time></trkpt>
<trkpt lat="33.0108163" lon="35.201043"><ele>227.5</ele><time>2026-03-05T12:56:52Z</time></trkpt>
<trkpt lat="33.0108378" lon="35.2010036"><ele>227.2</ele><time>2026-03-05T12:56:53Z</time></trkpt>
<trkpt lat="33.01086" lon="35.2009602"><ele>226.9</ele><time>2026-03-05T12:56:54Z</time></trkpt>
<trkpt lat="33.0108828" lon="35.2009149"><ele>226.6</ele><time>2026-03-05T12:56:55Z</time></trkpt>
<trkpt lat="33.0109061" lon="35.2008688"><ele>226.2</ele><time>2026-03-05T12:56:56Z</time></trkpt>
<trkpt lat="33.0109296" lon="35.200823"><ele>225.9</ele><time>2026-03-05T12:56:57Z</time></trkpt>
<trkpt lat="33.0109521" lon="35.2007786"><ele>225.5</ele><time>2026-03-05T12:56:58Z</time></trkpt>
<trkpt lat="33.0109729" lon="35.2007359"><ele>225.2</ele><time>2026-03-05T12:56:59Z</time></trkpt>
<trkpt lat="33.0109918" lon="35.2006954"><ele>224.9</ele><time>2026-03-05T12:57:00Z</time></trkpt>
<trkpt lat="33.0110089" lon="35.2006569"><ele>224.6</ele><time>2026-03-05T12:57:01Z</time></trkpt>
<trkpt lat="33.0110253" lon="35.2006173"><ele>224.3</ele><time>2026-03-05T12:57:02Z</time></trkpt>
<trkpt lat="33.0110418" lon="35.2005751"><ele>224.1</ele><time>2026-03-05T12:57:03Z</time></trkpt>
<trkpt lat="33.0110594" lon="35.2005297"><ele>223.8</ele><time>2026-03-05T12:57:04Z</time></trkpt>
<trkpt lat="33.0110784" lon="35.2004796"><ele>223.5</ele><time>2026-03-05T12:57:05Z</time></trkpt>
<trkpt lat="33.0110983" lon="35.2004242"><ele>223.2</ele><time>2026-03-05T12:57:06Z</time></trkpt>
<trkpt lat="33.0111169" lon="35.2003667"><ele>223.0</ele><time>2026-03-05T12:57:07Z</time></trkpt>
<trkpt lat="33.0111336" lon="35.2003112"><ele>222.7</ele><time>2026-03-05T12:57:08Z</time></trkpt>
<trkpt lat="33.0111481" lon="35.2002612"><ele>222.5</ele><time>2026-03-05T12:57:09Z</time></trkpt>
<trkpt lat="33.0111613" lon="35.2002172"><ele>222.4</ele><time>2026-03-05T12:57:10Z</time></trkpt>
<trkpt lat="33.0111752" lon="35.2001759"><ele>222.3</ele><time>2026-03-05T12:57:11Z</time></trkpt>
<trkpt lat="33.0111914" lon="35.2001342"><ele>222.2</ele><time>2026-03-05T12:57:12Z</time></trkpt>
<trkpt lat="33.0112114" lon="35.2000903"><ele>222.3</ele><time>2026-03-05T12:57:13Z</time></trkpt>
<trkpt lat="33.0112345" lon="35.2000432"><ele>222.3</ele><time>2026-03-05T12:57:14Z</time></trkpt>
<trkpt lat="33.0112592" lon="35.1999932"><ele>222.5</ele><time>2026-03-05T12:57:15Z</time></trkpt>
<trkpt lat="33.011285" lon="35.1999404"><ele>222.6</ele><time>2026-03-05T12:57:16Z</time></trkpt>
<trkpt lat="33.0113109" lon="35.1998849"><ele>222.8</ele><time>2026-03-05T12:57:17Z</time></trkpt>
<trkpt lat="33.0113675" lon="35.1997536"><ele>223.1</ele><time>2026-03-05T12:57:19Z</time></trkpt>
<trkpt lat="33.0113933" lon="35.1996883"><ele>223.1</ele><time>2026-03-05T12:57:20Z</time></trkpt>
<trkpt lat="33.0114148" lon="35.1996301"><ele>223.1</ele><time>2026-03-05T12:57:21Z</time></trkpt>
<trkpt lat="33.0114331" lon="35.1995759"><ele>223.1</ele><time>2026-03-05T12:57:22Z</time></trkpt>
<trkpt lat="33.0114491" lon="35.1995238"><ele>223.1</ele><time>2026-03-05T12:57:23Z</time></trkpt>
<trkpt lat="33.0114622" lon="35.1994718"><ele>223.1</ele><time>2026-03-05T12:57:24Z</time></trkpt>
<trkpt lat="33.0114697" lon="35.1994202"><ele>223.1</ele><time>2026-03-05T12:57:25Z</time></trkpt>
<trkpt lat="33.0114726" lon="35.1993706"><ele>223.2</ele><time>2026-03-05T12:57:26Z</time></trkpt>
<trkpt lat="33.0114737" lon="35.1993236"><ele>223.3</ele><time>2026-03-05T12:57:27Z</time></trkpt>
<trkpt lat="33.0114747" lon="35.1992777"><ele>223.5</ele><time>2026-03-05T12:57:28Z</time></trkpt>
<trkpt lat="33.0114763" lon="35.1992322"><ele>223.8</ele><time>2026-03-05T12:57:29Z</time></trkpt>
<trkpt lat="33.0114782" lon="35.1991868"><ele>224.1</ele><time>2026-03-05T12:57:30Z</time></trkpt>
<trkpt lat="33.0114799" lon="35.1991417"><ele>224.4</ele><time>2026-03-05T12:57:31Z</time></trkpt>
<trkpt lat="33.0114793" lon="35.1990969"><ele>224.8</ele><time>2026-03-05T12:57:32Z</time></trkpt>
<trkpt lat="33.0114749" lon="35.1990535"><ele>225.1</ele><time>2026-03-05T12:57:33Z</time></trkpt>
<trkpt lat="33.0114667" lon="35.1990121"><ele>225.5</ele><time>2026-03-05T12:57:34Z</time></trkpt>
<trkpt lat="33.0114547" lon="35.1989718"><ele>225.9</ele><time>2026-03-05T12:57:35Z</time></trkpt>
<trkpt lat="33.0114398" lon="35.1989326"><ele>226.3</ele><time>2026-03-05T12:57:36Z</time></trkpt>
<trkpt lat="33.0114249" lon="35.1988937"><ele>226.7</ele><time>2026-03-05T12:57:37Z</time></trkpt>
<trkpt lat="33.011413" lon="35.1988525"><ele>227.0</ele><time>2026-03-05T12:57:38Z</time></trkpt>
<trkpt lat="33.0114038" lon="35.1988091"><ele>227.4</ele><time>2026-03-05T12:57:39Z</time></trkpt>
<trkpt lat="33.0113943" lon="35.1987646"><ele>227.8</ele><time>2026-03-05T12:57:40Z</time></trkpt>
<trkpt lat="33.0113836" lon="35.1987199"><ele>228.2</ele><time>2026-03-05T12:57:41Z</time></trkpt>
<trkpt lat="33.0113731" lon="35.1986771"><ele>228.6</ele><time>2026-03-05T12:57:42Z</time></trkpt>
<trkpt lat="33.0113621" lon="35.1986363"><ele>228.9</ele><time>2026-03-05T12:57:43Z</time></trkpt>
<trkpt lat="33.0113514" lon="35.198595"><ele>229.3</ele><time>2026-03-05T12:57:44Z</time></trkpt>
<trkpt lat="33.0113409" lon="35.1985527"><ele>229.7</ele><time>2026-03-05T12:57:45Z</time></trkpt>
<trkpt lat="33.0113298" lon="35.1985104"><ele>230.2</ele><time>2026-03-05T12:57:46Z</time></trkpt>
<trkpt lat="33.0113188" lon="35.1984694"><ele>230.6</ele><time>2026-03-05T12:57:47Z</time></trkpt>
<trkpt lat="33.0112898" lon="35.1983582"><ele>231.9</ele><time>2026-03-05T12:57:50Z</time></trkpt>
<trkpt lat="33.0112798" lon="35.1983174"><ele>232.3</ele><time>2026-03-05T12:57:51Z</time></trkpt>
<trkpt lat="33.0112623" lon="35.1982432"><ele>233.0</ele><time>2026-03-05T12:57:52Z</time></trkpt>
<trkpt lat="33.0112544" lon="35.1982093"><ele>233.3</ele><time>2026-03-05T12:57:53Z</time></trkpt>
<trkpt lat="33.0112459" lon="35.1981757"><ele>233.6</ele><time>2026-03-05T12:57:54Z</time></trkpt>
<trkpt lat="33.0112384" lon="35.1981413"><ele>233.8</ele><time>2026-03-05T12:57:55Z</time></trkpt>
<trkpt lat="33.0112308" lon="35.1981083"><ele>234.1</ele><time>2026-03-05T12:57:56Z</time></trkpt>
<trkpt lat="33.0112218" lon="35.1980783"><ele>234.3</ele><time>2026-03-05T12:57:57Z</time></trkpt>
<trkpt lat="33.0112127" lon="35.1980496"><ele>234.5</ele><time>2026-03-05T12:57:58Z</time></trkpt>
<trkpt lat="33.0112055" lon="35.1980212"><ele>234.7</ele><time>2026-03-05T12:57:59Z</time></trkpt>
<trkpt lat="33.0111982" lon="35.1979938"><ele>234.9</ele><time>2026-03-05T12:58:00Z</time></trkpt>
<trkpt lat="33.0111916" lon="35.1979672"><ele>235.1</ele><time>2026-03-05T12:58:01Z</time></trkpt>
<trkpt lat="33.0111871" lon="35.1979405"><ele>235.2</ele><time>2026-03-05T12:58:02Z</time></trkpt>
<trkpt lat="33.0111809" lon="35.1979131"><ele>235.4</ele><time>2026-03-05T12:58:03Z</time></trkpt>
<trkpt lat="33.0111728" lon="35.1978857"><ele>235.5</ele><time>2026-03-05T12:58:04Z</time></trkpt>
<trkpt lat="33.0111637" lon="35.1978548"><ele>235.6</ele><time>2026-03-05T12:58:05Z</time></trkpt>
<trkpt lat="33.0111548" lon="35.1978207"><ele>235.7</ele><time>2026-03-05T12:58:06Z</time></trkpt>
<trkpt lat="33.0111469" lon="35.1977861"><ele>235.9</ele><time>2026-03-05T12:58:07Z</time></trkpt>
<trkpt lat="33.0111396" lon="35.1977505"><ele>236.0</ele><time>2026-03-05T12:58:08Z</time></trkpt>
<trkpt lat="33.0111315" lon="35.1977122"><ele>236.1</ele><time>2026-03-05T12:58:09Z</time></trkpt>
<trkpt lat="33.0111233" lon="35.1976719"><ele>236.1</ele><time>2026-03-05T12:58:10Z</time></trkpt>
<trkpt lat="33.011116" lon="35.1976331"><ele>236.2</ele><time>2026-03-05T12:58:11Z</time></trkpt>
<trkpt lat="33.0111086" lon="35.1975969"><ele>236.3</ele><time>2026-03-05T12:58:12Z</time></trkpt>
<trkpt lat="33.0111002" lon="35.1975624"><ele>236.4</ele><time>2026-03-05T12:58:13Z</time></trkpt>
<trkpt lat="33.0110911" lon="35.1975296"><ele>236.4</ele><time>2026-03-05T12:58:14Z</time></trkpt>
<trkpt lat="33.0110821" lon="35.1974952"><ele>236.4</ele><time>2026-03-05T12:58:15Z</time></trkpt>
<trkpt lat="33.0110714" lon="35.1974585"><ele>236.5</ele><time>2026-03-05T12:58:16Z</time></trkpt>
<trkpt lat="33.0110594" lon="35.1974217"><ele>236.5</ele><time>2026-03-05T12:58:17Z</time></trkpt>
<trkpt lat="33.0110468" lon="35.1973857"><ele>236.5</ele><time>2026-03-05T12:58:18Z</time></trkpt>
<trkpt lat="33.0110336" lon="35.1973508"><ele>236.5</ele><time>2026-03-05T12:58:19Z</time></trkpt>
<trkpt lat="33.01102" lon="35.1973156"><ele>236.5</ele><time>2026-03-05T12:58:20Z</time></trkpt>
<trkpt lat="33.0110061" lon="35.197279"><ele>236.5</ele><time>2026-03-05T12:58:21Z</time></trkpt>
<trkpt lat="33.0109906" lon="35.197239"><ele>236.5</ele><time>2026-03-05T12:58:22Z</time></trkpt>
<trkpt lat="33.0109725" lon="35.1971947"><ele>236.6</ele><time>2026-03-05T12:58:23Z</time></trkpt>
<trkpt lat="33.0109547" lon="35.1971492"><ele>236.6</ele><time>2026-03-05T12:58:24Z</time></trkpt>
<trkpt lat="33.0109386" lon="35.1971047"><ele>236.6</ele><time>2026-03-05T12:58:25Z</time></trkpt>
<trkpt lat="33.0109246" lon="35.1970632"><ele>236.7</ele><time>2026-03-05T12:58:26Z</time></trkpt>
<trkpt lat="33.0109125" lon="35.1970254"><ele>236.8</ele><time>2026-03-05T12:58:27Z</time></trkpt>
<trkpt lat="33.0109017" lon="35.1969908"><ele>236.9</ele><time>2026-03-05T12:58:28Z</time></trkpt>
<trkpt lat="33.0108914" lon="35.1969588"><ele>237.0</ele><time>2026-03-05T12:58:29Z</time></trkpt>
<trkpt lat="33.0108817" lon="35.1969301"><ele>237.1</ele><time>2026-03-05T12:58:30Z</time></trkpt>
<trkpt lat="33.0108728" lon="35.1969039"><ele>237.3</ele><time>2026-03-05T12:58:31Z</time></trkpt>
<trkpt lat="33.0108649" lon="35.1968793"><ele>237.5</ele><time>2026-03-05T12:58:32Z</time></trkpt>
<trkpt lat="33.0108577" lon="35.1968556"><ele>237.6</ele><time>2026-03-05T12:58:33Z</time></trkpt>
<trkpt lat="33.0108506" lon="35.1968318"><ele>237.7</ele><time>2026-03-05T12:58:34Z</time></trkpt>
<trkpt lat="33.0108435" lon="35.1968057"><ele>237.8</ele><time>2026-03-05T12:58:35Z</time></trkpt>
<trkpt lat="33.0108358" lon="35.1967759"><ele>237.9</ele><time>2026-03-05T12:58:36Z</time></trkpt>
<trkpt lat="33.0108276" lon="35.1967414"><ele>238.0</ele><time>2026-03-05T12:58:37Z</time></trkpt>
<trkpt lat="33.0108196" lon="35.1967019"><ele>238.0</ele><time>2026-03-05T12:58:38Z</time></trkpt>
<trkpt lat="33.0108117" lon="35.1966583"><ele>238.0</ele><time>2026-03-05T12:58:39Z</time></trkpt>
<trkpt lat="33.0108037" lon="35.1966121"><ele>237.9</ele><time>2026-03-05T12:58:40Z</time></trkpt>
<trkpt lat="33.0107953" lon="35.1965638"><ele>237.8</ele><time>2026-03-05T12:58:41Z</time></trkpt>
<trkpt lat="33.010786" lon="35.1965144"><ele>237.7</ele><time>2026-03-05T12:58:42Z</time></trkpt>
<trkpt lat="33.0107753" lon="35.1964644"><ele>237.6</ele><time>2026-03-05T12:58:43Z</time></trkpt>
<trkpt lat="33.0107634" lon="35.1964147"><ele>237.4</ele><time>2026-03-05T12:58:44Z</time></trkpt>
<trkpt lat="33.0107495" lon="35.1963659"><ele>237.3</ele><time>2026-03-05T12:58:45Z</time></trkpt>
<trkpt lat="33.0107334" lon="35.1963195"><ele>237.2</ele><time>2026-03-05T12:58:46Z</time></trkpt>
<trkpt lat="33.0107156" lon="35.1962766"><ele>237.1</ele><time>2026-03-05T12:58:47Z</time></trkpt>
<trkpt lat="33.0106969" lon="35.1962364"><ele>237.0</ele><time>2026-03-05T12:58:48Z</time></trkpt>
<trkpt lat="33.0106777" lon="35.1961976"><ele>236.9</ele><time>2026-03-05T12:58:49Z</time></trkpt>
<trkpt lat="33.0106582" lon="35.1961591"><ele>236.9</ele><time>2026-03-05T12:58:50Z</time></trkpt>
<trkpt lat="33.0106384" lon="35.19612"><ele>236.8</ele><time>2026-03-05T12:58:51Z</time></trkpt>
<trkpt lat="33.0106182" lon="35.1960795"><ele>236.8</ele><time>2026-03-05T12:58:52Z</time></trkpt>
<trkpt lat="33.0105977" lon="35.1960359"><ele>236.7</ele><time>2026-03-05T12:58:53Z</time></trkpt>
<trkpt lat="33.010577" lon="35.1959886"><ele>236.6</ele><time>2026-03-05T12:58:54Z</time></trkpt>
<trkpt lat="33.0105567" lon="35.1959387"><ele>236.5</ele><time>2026-03-05T12:58:55Z</time></trkpt>
<trkpt lat="33.0105381" lon="35.1958886"><ele>236.4</ele><time>2026-03-05T12:58:56Z</time></trkpt>
<trkpt lat="33.0105224" lon="35.1958406"><ele>236.3</ele><time>2026-03-05T12:58:57Z</time></trkpt>
<trkpt lat="33.0105094" lon="35.1957947"><ele>236.1</ele><time>2026-03-05T12:58:58Z</time></trkpt>
<trkpt lat="33.0104976" lon="35.1957493"><ele>236.0</ele><time>2026-03-05T12:58:59Z</time></trkpt>
<trkpt lat="33.0104854" lon="35.1957033"><ele>235.8</ele><time>2026-03-05T12:59:00Z</time></trkpt>
<trkpt lat="33.0104717" lon="35.1956564"><ele>235.7</ele><time>2026-03-05T12:59:01Z</time></trkpt>
<trkpt lat="33.0104579" lon="35.1956093"><ele>235.5</ele><time>2026-03-05T12:59:02Z</time></trkpt>
<trkpt lat="33.0104453" lon="35.1955615"><ele>235.4</ele><time>2026-03-05T12:59:03Z</time></trkpt>
<trkpt lat="33.0104329" lon="35.1955109"><ele>235.4</ele><time>2026-03-05T12:59:04Z</time></trkpt>
<trkpt lat="33.0104205" lon="35.1954572"><ele>235.3</ele><time>2026-03-05T12:59:05Z</time></trkpt>
<trkpt lat="33.0104087" lon="35.1954025"><ele>235.3</ele><time>2026-03-05T12:59:06Z</time></trkpt>
<trkpt lat="33.0103981" lon="35.1953477"><ele>235.3</ele><time>2026-03-05T12:59:07Z</time></trkpt>
<trkpt lat="33.0103889" lon="35.1952937"><ele>235.3</ele><time>2026-03-05T12:59:08Z</time></trkpt>
<trkpt lat="33.0103797" lon="35.1952403"><ele>235.4</ele><time>2026-03-05T12:59:09Z</time></trkpt>
<trkpt lat="33.0103691" lon="35.1951875"><ele>235.5</ele><time>2026-03-05T12:59:10Z</time></trkpt>
<trkpt lat="33.0103572" lon="35.1951366"><ele>235.6</ele><time>2026-03-05T12:59:11Z</time></trkpt>
<trkpt lat="33.0103445" lon="35.1950873"><ele>235.6</ele><time>2026-03-05T12:59:12Z</time></trkpt>
<trkpt lat="33.0103318" lon="35.1950385"><ele>235.7</ele><time>2026-03-05T12:59:13Z</time></trkpt>
<trkpt lat="33.0103197" lon="35.1949892"><ele>235.9</ele><time>2026-03-05T12:59:14Z</time></trkpt>
<trkpt lat="33.0103079" lon="35.1949396"><ele>236.0</ele><time>2026-03-05T12:59:15Z</time></trkpt>
<trkpt lat="33.0102955" lon="35.1948906"><ele>236.1</ele><time>2026-03-05T12:59:16Z</time></trkpt>
<trkpt lat="33.0102826" lon="35.1948427"><ele>236.2</ele><time>2026-03-05T12:59:17Z</time></trkpt>
<trkpt lat="33.0102694" lon="35.1947961"><ele>236.4</ele><time>2026-03-05T12:59:18Z</time></trkpt>
<trkpt lat="33.0102559" lon="35.1947512"><ele>236.5</ele><time>2026-03-05T12:59:19Z</time></trkpt>
<trkpt lat="33.0102429" lon="35.1947081"><ele>236.7</ele><time>2026-03-05T12:59:20Z</time></trkpt>
<trkpt lat="33.0102302" lon="35.1946655"><ele>236.9</ele><time>2026-03-05T12:59:21Z</time></trkpt>
<trkpt lat="33.0102175" lon="35.1946221"><ele>237.0</ele><time>2026-03-05T12:59:22Z</time></trkpt>
<trkpt lat="33.0102045" lon="35.194578"><ele>237.2</ele><time>2026-03-05T12:59:23Z</time></trkpt>
<trkpt lat="33.0101906" lon="35.1945334"><ele>237.4</ele><time>2026-03-05T12:59:24Z</time></trkpt>
<trkpt lat="33.0101761" lon="35.1944894"><ele>237.5</ele><time>2026-03-05T12:59:25Z</time></trkpt>
<trkpt lat="33.0101613" lon="35.1944472"><ele>237.7</ele><time>2026-03-05T12:59:26Z</time></trkpt>
<trkpt lat="33.0101465" lon="35.1944067"><ele>237.9</ele><time>2026-03-05T12:59:27Z</time></trkpt>
<trkpt lat="33.0101319" lon="35.1943677"><ele>238.0</ele><time>2026-03-05T12:59:28Z</time></trkpt>
<trkpt lat="33.0101164" lon="35.1943289"><ele>238.1</ele><time>2026-03-05T12:59:29Z</time></trkpt>
<trkpt lat="33.010101" lon="35.19429"><ele>238.2</ele><time>2026-03-05T12:59:30Z</time></trkpt>
<trkpt lat="33.0100866" lon="35.1942502"><ele>238.3</ele><time>2026-03-05T12:59:31Z</time></trkpt>
<trkpt lat="33.0100729" lon="35.1942069"><ele>238.4</ele><time>2026-03-05T12:59:32Z</time></trkpt>
<trkpt lat="33.0100604" lon="35.1941594"><ele>238.4</ele><time>2026-03-05T12:59:33Z</time></trkpt>
<trkpt lat="33.0100507" lon="35.1941091"><ele>238.4</ele><time>2026-03-05T12:59:34Z</time></trkpt>
<trkpt lat="33.010046" lon="35.1940564"><ele>238.4</ele><time>2026-03-05T12:59:35Z</time></trkpt>
<trkpt lat="33.0100474" lon="35.1940005"><ele>238.3</ele><time>2026-03-05T12:59:36Z</time></trkpt>
<trkpt lat="33.0100539" lon="35.1939417"><ele>238.1</ele><time>2026-03-05T12:59:37Z</time></trkpt>
<trkpt lat="33.010064" lon="35.1938807"><ele>237.9</ele><time>2026-03-05T12:59:38Z</time></trkpt>
<trkpt lat="33.0100766" lon="35.1938172"><ele>237.7</ele><time>2026-03-05T12:59:39Z</time></trkpt>
<trkpt lat="33.0100901" lon="35.1937513"><ele>237.4</ele><time>2026-03-05T12:59:40Z</time></trkpt>
<trkpt lat="33.0101027" lon="35.1936808"><ele>237.1</ele><time>2026-03-05T12:59:41Z</time></trkpt>
<trkpt lat="33.0101131" lon="35.1936073"><ele>236.8</ele><time>2026-03-05T12:59:42Z</time></trkpt>
<trkpt lat="33.010121" lon="35.1935346"><ele>236.4</ele><time>2026-03-05T12:59:43Z</time></trkpt>
<trkpt lat="33.0101229" lon="35.1934636"><ele>236.1</ele><time>2026-03-05T12:59:44Z</time></trkpt>
<trkpt lat="33.0101195" lon="35.1933967"><ele>235.7</ele><time>2026-03-05T12:59:45Z</time></trkpt>
<trkpt lat="33.0101134" lon="35.1933354"><ele>235.3</ele><time>2026-03-05T12:59:46Z</time></trkpt>
<trkpt lat="33.0101027" lon="35.1932812"><ele>234.9</ele><time>2026-03-05T12:59:47Z</time></trkpt>
<trkpt lat="33.0100858" lon="35.1932337"><ele>234.6</ele><time>2026-03-05T12:59:48Z</time></trkpt>
<trkpt lat="33.0100619" lon="35.1931919"><ele>234.3</ele><time>2026-03-05T12:59:49Z</time></trkpt>
<trkpt lat="33.0100309" lon="35.193156"><ele>234.0</ele><time>2026-03-05T12:59:50Z</time></trkpt>
<trkpt lat="33.0099939" lon="35.1931257"><ele>233.8</ele><time>2026-03-05T12:59:51Z</time></trkpt>
<trkpt lat="33.0099518" lon="35.1930984"><ele>233.6</ele><time>2026-03-05T12:59:52Z</time></trkpt>
<trkpt lat="33.0099074" lon="35.1930713"><ele>233.4</ele><time>2026-03-05T12:59:53Z</time></trkpt>
<trkpt lat="33.0098637" lon="35.1930426"><ele>233.3</ele><time>2026-03-05T12:59:54Z</time></trkpt>
<trkpt lat="33.0098224" lon="35.1930118"><ele>233.2</ele><time>2026-03-05T12:59:55Z</time></trkpt>
<trkpt lat="33.0097834" lon="35.192978"><ele>233.1</ele><time>2026-03-05T12:59:56Z</time></trkpt>
<trkpt lat="33.0097451" lon="35.1929406"><ele>233.0</ele><time>2026-03-05T12:59:57Z</time></trkpt>
<trkpt lat="33.0097063" lon="35.192899"><ele>232.8</ele><time>2026-03-05T12:59:58Z</time></trkpt>
<trkpt lat="33.0096663" lon="35.1928533"><ele>232.6</ele><time>2026-03-05T12:59:59Z</time></trkpt>
<trkpt lat="33.0096257" lon="35.1928044"><ele>232.4</ele><time>2026-03-05T13:00:00Z</time></trkpt>
<trkpt lat="33.0095848" lon="35.1927528"><ele>232.2</ele><time>2026-03-05T13:00:01Z</time></trkpt>
<trkpt lat="33.0095435" lon="35.1926988"><ele>231.8</ele><time>2026-03-05T13:00:02Z</time></trkpt>
<trkpt lat="33.0095023" lon="35.1926399"><ele>231.5</ele><time>2026-03-05T13:00:03Z</time></trkpt>
<trkpt lat="33.0094603" lon="35.1925762"><ele>231.0</ele><time>2026-03-05T13:00:04Z</time></trkpt>
<trkpt lat="33.0094152" lon="35.1925112"><ele>230.6</ele><time>2026-03-05T13:00:05Z</time></trkpt>
<trkpt lat="33.0093661" lon="35.192448"><ele>230.1</ele><time>2026-03-05T13:00:06Z</time></trkpt>
<trkpt lat="33.0093141" lon="35.1923886"><ele>229.5</ele><time>2026-03-05T13:00:07Z</time></trkpt>
<trkpt lat="33.0092602" lon="35.1923299"><ele>229.0</ele><time>2026-03-05T13:00:08Z</time></trkpt>
<trkpt lat="33.0092075" lon="35.1922683"><ele>228.5</ele><time>2026-03-05T13:00:09Z</time></trkpt>
<trkpt lat="33.0091592" lon="35.192205"><ele>227.9</ele><time>2026-03-05T13:00:10Z</time></trkpt>
<trkpt lat="33.0091121" lon="35.1921412"><ele>227.5</ele><time>2026-03-05T13:00:11Z</time></trkpt>
<trkpt lat="33.0090672" lon="35.1920799"><ele>227.0</ele><time>2026-03-05T13:00:12Z</time></trkpt>
<trkpt lat="33.0090268" lon="35.1920227"><ele>226.7</ele><time>2026-03-05T13:00:13Z</time></trkpt>
<trkpt lat="33.0089887" lon="35.191966"><ele>226.4</ele><time>2026-03-05T13:00:14Z</time></trkpt>
<trkpt lat="33.0089528" lon="35.1919104"><ele>226.1</ele><time>2026-03-05T13:00:15Z</time></trkpt>
<trkpt lat="33.0089183" lon="35.1918564"><ele>226.0</ele><time>2026-03-05T13:00:16Z</time></trkpt>
<trkpt lat="33.0088851" lon="35.1918027"><ele>225.9</ele><time>2026-03-05T13:00:17Z</time></trkpt>
<trkpt lat="33.0088534" lon="35.1917487"><ele>225.8</ele><time>2026-03-05T13:00:18Z</time></trkpt>
<trkpt lat="33.0088223" lon="35.1916941"><ele>225.8</ele><time>2026-03-05T13:00:19Z</time></trkpt>
<trkpt lat="33.0087921" lon="35.1916402"><ele>225.9</ele><time>2026-03-05T13:00:20Z</time></trkpt>
<trkpt lat="33.0087629" lon="35.1915881"><ele>226.0</ele><time>2026-03-05T13:00:21Z</time></trkpt>
<trkpt lat="33.0087353" lon="35.1915376"><ele>226.1</ele><time>2026-03-05T13:00:22Z</time></trkpt>
<trkpt lat="33.0087098" lon="35.1914884"><ele>226.3</ele><time>2026-03-05T13:00:23Z</time></trkpt>
<trkpt lat="33.0086862" lon="35.191441"><ele>226.4</ele><time>2026-03-05T13:00:24Z</time></trkpt>
<trkpt lat="33.0086649" lon="35.191398"><ele>226.6</ele><time>2026-03-05T13:00:25Z</time></trkpt>
<trkpt lat="33.0086463" lon="35.1913607"><ele>226.8</ele><time>2026-03-05T13:00:26Z</time></trkpt>
<trkpt lat="33.0086295" lon="35.1913277"><ele>226.9</ele><time>2026-03-05T13:00:27Z</time></trkpt>
<trkpt lat="33.0086133" lon="35.1912969"><ele>227.1</ele><time>2026-03-05T13:00:28Z</time></trkpt>
<trkpt lat="33.0085982" lon="35.1912693"><ele>227.3</ele><time>2026-03-05T13:00:29Z</time></trkpt>
<trkpt lat="33.0085849" lon="35.1912463"><ele>227.5</ele><time>2026-03-05T13:00:30Z</time></trkpt>
<trkpt lat="33.0085741" lon="35.1912288"><ele>227.6</ele><time>2026-03-05T13:00:31Z</time></trkpt>
<trkpt lat="33.0085657" lon="35.1912158"><ele>227.7</ele><time>2026-03-05T13:00:32Z</time></trkpt>
<trkpt lat="33.0085586" lon="35.1912057"><ele>227.9</ele><time>2026-03-05T13:00:33Z</time></trkpt>
<trkpt lat="33.0085523" lon="35.1911987"><ele>228.0</ele><time>2026-03-05T13:00:34Z</time></trkpt>
<trkpt lat="33.0085472" lon="35.1911953"><ele>228.1</ele><time>2026-03-05T13:00:35Z</time></trkpt>
<trkpt lat="33.0085433" lon="35.1911946"><ele>228.2</ele><time>2026-03-05T13:00:36Z</time></trkpt>
<trkpt lat="33.0085384" lon="35.1911944"><ele>228.3</ele><time>2026-03-05T13:00:37Z</time></trkpt>
<trkpt lat="33.0085323" lon="35.1911943"><ele>228.3</ele><time>2026-03-05T13:00:38Z</time></trkpt>
<trkpt lat="33.0085253" lon="35.1911944"><ele>228.4</ele><time>2026-03-05T13:00:39Z</time></trkpt>
<trkpt lat="33.0085141" lon="35.1911945"><ele>228.4</ele><time>2026-03-05T13:00:40Z</time></trkpt>
<trkpt lat="33.0084995" lon="35.1911969"><ele>228.4</ele><time>2026-03-05T13:00:41Z</time></trkpt>
<trkpt lat="33.0084857" lon="35.1912047"><ele>228.5</ele><time>2026-03-05T13:00:42Z</time></trkpt>
<trkpt lat="33.0084743" lon="35.1912213"><ele>228.5</ele><time>2026-03-05T13:00:43Z</time></trkpt>
<trkpt lat="33.0084658" lon="35.1912472"><ele>228.5</ele><time>2026-03-05T13:00:44Z</time></trkpt>
<trkpt lat="33.0084602" lon="35.191279"><ele>228.6</ele><time>2026-03-05T13:00:45Z</time></trkpt>
<trkpt lat="33.0084561" lon="35.1913142"><ele>228.6</ele><time>2026-03-05T13:00:46Z</time></trkpt>
<trkpt lat="33.0084518" lon="35.1913509"><ele>228.7</ele><time>2026-03-05T13:00:47Z</time></trkpt>
<trkpt lat="33.0084471" lon="35.1913883"><ele>228.8</ele><time>2026-03-05T13:00:48Z</time></trkpt>
<trkpt lat="33.0084423" lon="35.1914266"><ele>228.9</ele><time>2026-03-05T13:00:49Z</time></trkpt>
<trkpt lat="33.0084372" lon="35.1914662"><ele>229.0</ele><time>2026-03-05T13:00:50Z</time></trkpt>
<trkpt lat="33.0084312" lon="35.191507"><ele>229.1</ele><time>2026-03-05T13:00:51Z</time></trkpt>
<trkpt lat="33.0084242" lon="35.1915482"><ele>229.3</ele><time>2026-03-05T13:00:52Z</time></trkpt>
<trkpt lat="33.008417" lon="35.1915904"><ele>229.4</ele><time>2026-03-05T13:00:53Z</time></trkpt>
<trkpt lat="33.0084106" lon="35.1916337"><ele>229.6</ele><time>2026-03-05T13:00:54Z</time></trkpt>
<trkpt lat="33.0084052" lon="35.1916765"><ele>229.8</ele><time>2026-03-05T13:00:55Z</time></trkpt>
<trkpt lat="33.0083999" lon="35.1917186"><ele>230.0</ele><time>2026-03-05T13:00:56Z</time></trkpt>
<trkpt lat="33.0083943" lon="35.1917601"><ele>230.2</ele><time>2026-03-05T13:00:57Z</time></trkpt>
<trkpt lat="33.0083881" lon="35.1918014"><ele>230.4</ele><time>2026-03-05T13:00:58Z</time></trkpt>
<trkpt lat="33.0083818" lon="35.191843"><ele>230.6</ele><time>2026-03-05T13:00:59Z</time></trkpt>
<trkpt lat="33.0083759" lon="35.1918852"><ele>230.9</ele><time>2026-03-05T13:01:00Z</time></trkpt>
<trkpt lat="33.0083709" lon="35.1919283"><ele>231.1</ele><time>2026-03-05T13:01:01Z</time></trkpt>
<trkpt lat="33.0083669" lon="35.1919721"><ele>231.4</ele><time>2026-03-05T13:01:02Z</time></trkpt>
<trkpt lat="33.0083631" lon="35.1920157"><ele>231.6</ele><time>2026-03-05T13:01:03Z</time></trkpt>
<trkpt lat="33.0083585" lon="35.192059"><ele>231.9</ele><time>2026-03-05T13:01:04Z</time></trkpt>
<trkpt lat="33.0083535" lon="35.192102"><ele>232.1</ele><time>2026-03-05T13:01:05Z</time></trkpt>
<trkpt lat="33.0083485" lon="35.1921447"><ele>232.4</ele><time>2026-03-05T13:01:06Z</time></trkpt>
<trkpt lat="33.0083435" lon="35.1921868"><ele>232.6</ele><time>2026-03-05T13:01:07Z</time></trkpt>
<trkpt lat="33.0083389" lon="35.1922282"><ele>232.9</ele><time>2026-03-05T13:01:08Z</time></trkpt>
<trkpt lat="33.0083349" lon="35.1922697"><ele>233.2</ele><time>2026-03-05T13:01:09Z</time></trkpt>
<trkpt lat="33.0083313" lon="35.1923114"><ele>233.5</ele><time>2026-03-05T13:01:10Z</time></trkpt>
<trkpt lat="33.008328" lon="35.1923527"><ele>233.7</ele><time>2026-03-05T13:01:11Z</time></trkpt>
<trkpt lat="33.0083248" lon="35.1923942"><ele>234.0</ele><time>2026-03-05T13:01:12Z</time></trkpt>
<trkpt lat="33.008322" lon="35.1924362"><ele>234.2</ele><time>2026-03-05T13:01:13Z</time></trkpt>
<trkpt lat="33.0083208" lon="35.1924782"><ele>234.5</ele><time>2026-03-05T13:01:14Z</time></trkpt>
<trkpt lat="33.0083217" lon="35.1925199"><ele>234.7</ele><time>2026-03-05T13:01:15Z</time></trkpt>
<trkpt lat="33.0083241" lon="35.1925623"><ele>234.9</ele><time>2026-03-05T13:01:16Z</time></trkpt>
<trkpt lat="33.0083282" lon="35.1926066"><ele>235.1</ele><time>2026-03-05T13:01:17Z</time></trkpt>
<trkpt lat="33.0083337" lon="35.1926518"><ele>235.3</ele><time>2026-03-05T13:01:18Z</time></trkpt>
<trkpt lat="33.0083405" lon="35.1926967"><ele>235.5</ele><time>2026-03-05T13:01:19Z</time></trkpt>
<trkpt lat="33.0083481" lon="35.1927413"><ele>235.7</ele><time>2026-03-05T13:01:20Z</time></trkpt>
<trkpt lat="33.008356" lon="35.192785"><ele>235.8</ele><time>2026-03-05T13:01:21Z</time></trkpt>
<trkpt lat="33.0083638" lon="35.1928281"><ele>236.0</ele><time>2026-03-05T13:01:22Z</time></trkpt>
<trkpt lat="33.0083709" lon="35.1928716"><ele>236.2</ele><time>2026-03-05T13:01:23Z</time></trkpt>
<trkpt lat="33.0083781" lon="35.1929171"><ele>236.4</ele><time>2026-03-05T13:01:24Z</time></trkpt>
<trkpt lat="33.0083859" lon="35.1929649"><ele>236.5</ele><time>2026-03-05T13:01:25Z</time></trkpt>
<trkpt lat="33.0083928" lon="35.1930137"><ele>236.7</ele><time>2026-03-05T13:01:26Z</time></trkpt>
<trkpt lat="33.008399" lon="35.1930614"><ele>236.9</ele><time>2026-03-05T13:01:27Z</time></trkpt>
<trkpt lat="33.0084065" lon="35.1931076"><ele>237.1</ele><time>2026-03-05T13:01:28Z</time></trkpt>
<trkpt lat="33.0084153" lon="35.1931544"><ele>237.3</ele><time>2026-03-05T13:01:29Z</time></trkpt>
<trkpt lat="33.0084238" lon="35.1932028"><ele>237.5</ele><time>2026-03-05T13:01:30Z</time></trkpt>
<trkpt lat="33.0084312" lon="35.1932525"><ele>237.7</ele><time>2026-03-05T13:01:31Z</time></trkpt>
<trkpt lat="33.0084379" lon="35.1933031"><ele>237.9</ele><time>2026-03-05T13:01:32Z</time></trkpt>
<trkpt lat="33.0084448" lon="35.1933528"><ele>238.2</ele><time>2026-03-05T13:01:33Z</time></trkpt>
<trkpt lat="33.0084519" lon="35.1934016"><ele>238.4</ele><time>2026-03-05T13:01:34Z</time></trkpt>
<trkpt lat="33.0084589" lon="35.19345"><ele>238.6</ele><time>2026-03-05T13:01:35Z</time></trkpt>
<trkpt lat="33.0084659" lon="35.1934992"><ele>238.8</ele><time>2026-03-05T13:01:36Z</time></trkpt>
<trkpt lat="33.0084735" lon="35.1935501"><ele>239.1</ele><time>2026-03-05T13:01:37Z</time></trkpt>
<trkpt lat="33.0084823" lon="35.1936013"><ele>239.3</ele><time>2026-03-05T13:01:38Z</time></trkpt>
<trkpt lat="33.0084911" lon="35.1936519"><ele>239.5</ele><time>2026-03-05T13:01:39Z</time></trkpt>
<trkpt lat="33.0084991" lon="35.1937022"><ele>239.8</ele><time>2026-03-05T13:01:40Z</time></trkpt>
<trkpt lat="33.0085077" lon="35.1937532"><ele>240.0</ele><time>2026-03-05T13:01:41Z</time></trkpt>
<trkpt lat="33.0085165" lon="35.1938047"><ele>240.3</ele><time>2026-03-05T13:01:42Z</time></trkpt>
<trkpt lat="33.0085251" lon="35.193856"><ele>240.5</ele><time>2026-03-05T13:01:43Z</time></trkpt>
<trkpt lat="33.0085342" lon="35.1939076"><ele>240.8</ele><time>2026-03-05T13:01:44Z</time></trkpt>
<trkpt lat="33.0085436" lon="35.1939599"><ele>241.1</ele><time>2026-03-05T13:01:45Z</time></trkpt>
<trkpt lat="33.0085526" lon="35.1940117"><ele>241.4</ele><time>2026-03-05T13:01:46Z</time></trkpt>
<trkpt lat="33.0085614" lon="35.1940626"><ele>241.7</ele><time>2026-03-05T13:01:47Z</time></trkpt>
<trkpt lat="33.0085702" lon="35.1941128"><ele>242.0</ele><time>2026-03-05T13:01:48Z</time></trkpt>
<trkpt lat="33.008579" lon="35.1941627"><ele>242.3</ele><time>2026-03-05T13:01:49Z</time></trkpt>
<trkpt lat="33.0085891" lon="35.1942123"><ele>242.6</ele><time>2026-03-05T13:01:50Z</time></trkpt>
<trkpt lat="33.0086018" lon="35.194261"><ele>242.9</ele><time>2026-03-05T13:01:51Z</time></trkpt>
<trkpt lat="33.0086173" lon="35.1943085"><ele>243.2</ele><time>2026-03-05T13:01:52Z</time></trkpt>
<trkpt lat="33.008634" lon="35.1943551"><ele>243.6</ele><time>2026-03-05T13:01:53Z</time></trkpt>
<trkpt lat="33.0086514" lon="35.1944008"><ele>243.9</ele><time>2026-03-05T13:01:54Z</time></trkpt>
<trkpt lat="33.0086704" lon="35.1944453"><ele>244.2</ele><time>2026-03-05T13:01:55Z</time></trkpt>
<trkpt lat="33.0086902" lon="35.194489"><ele>244.4</ele><time>2026-03-05T13:01:56Z</time></trkpt>
<trkpt lat="33.0087102" lon="35.1945329"><ele>244.7</ele><time>2026-03-05T13:01:57Z</time></trkpt>
<trkpt lat="33.0087301" lon="35.1945756"><ele>245.0</ele><time>2026-03-05T13:01:58Z</time></trkpt>
<trkpt lat="33.0087508" lon="35.1946146"><ele>245.3</ele><time>2026-03-05T13:01:59Z</time></trkpt>
<trkpt lat="33.0087732" lon="35.1946526"><ele>245.5</ele><time>2026-03-05T13:02:00Z</time></trkpt>
<trkpt lat="33.0087954" lon="35.1946934"><ele>245.8</ele><time>2026-03-05T13:02:01Z</time></trkpt>
<trkpt lat="33.0088157" lon="35.1947365"><ele>246.1</ele><time>2026-03-05T13:02:02Z</time></trkpt>
<trkpt lat="33.008835" lon="35.1947794"><ele>246.3</ele><time>2026-03-05T13:02:03Z</time></trkpt>
<trkpt lat="33.008855" lon="35.1948215"><ele>246.6</ele><time>2026-03-05T13:02:04Z</time></trkpt>
<trkpt lat="33.0088759" lon="35.1948632"><ele>246.9</ele><time>2026-03-05T13:02:05Z</time></trkpt>
<trkpt lat="33.0088974" lon="35.1949049"><ele>247.2</ele><time>2026-03-05T13:02:06Z</time></trkpt>
<trkpt lat="33.0089192" lon="35.1949466"><ele>247.5</ele><time>2026-03-05T13:02:07Z</time></trkpt>
<trkpt lat="33.0089414" lon="35.194988"><ele>247.8</ele><time>2026-03-05T13:02:08Z</time></trkpt>
<trkpt lat="33.0089632" lon="35.19503"><ele>248.1</ele><time>2026-03-05T13:02:09Z</time></trkpt>
<trkpt lat="33.0089839" lon="35.1950726"><ele>248.4</ele><time>2026-03-05T13:02:10Z</time></trkpt>
<trkpt lat="33.0090036" lon="35.1951146"><ele>248.6</ele><time>2026-03-05T13:02:11Z</time></trkpt>
<trkpt lat="33.0090226" lon="35.1951562"><ele>248.9</ele><time>2026-03-05T13:02:12Z</time></trkpt>
<trkpt lat="33.0090409" lon="35.1951985"><ele>249.2</ele><time>2026-03-05T13:02:13Z</time></trkpt>
<trkpt lat="33.0090581" lon="35.1952428"><ele>249.5</ele><time>2026-03-05T13:02:14Z</time></trkpt>
<trkpt lat="33.009074" lon="35.195289"><ele>249.7</ele><time>2026-03-05T13:02:15Z</time></trkpt>
<trkpt lat="33.0090888" lon="35.1953351"><ele>250.0</ele><time>2026-03-05T13:02:16Z</time></trkpt>
<trkpt lat="33.0091036" lon="35.1953804"><ele>250.3</ele><time>2026-03-05T13:02:17Z</time></trkpt>
<trkpt lat="33.0091183" lon="35.1954252"><ele>250.5</ele><time>2026-03-05T13:02:18Z</time></trkpt>
<trkpt lat="33.0091331" lon="35.1954697"><ele>250.8</ele><time>2026-03-05T13:02:19Z</time></trkpt>
<trkpt lat="33.0091479" lon="35.1955148"><ele>251.0</ele><time>2026-03-05T13:02:20Z</time></trkpt>
<trkpt lat="33.0091627" lon="35.1955607"><ele>251.2</ele><time>2026-03-05T13:02:21Z</time></trkpt>
<trkpt lat="33.0091786" lon="35.1956073"><ele>251.5</ele><time>2026-03-05T13:02:22Z</time></trkpt>
<trkpt lat="33.0091937" lon="35.1956534"><ele>251.7</ele><time>2026-03-05T13:02:23Z</time></trkpt>
<trkpt lat="33.0092068" lon="35.195699"><ele>252.0</ele><time>2026-03-05T13:02:24Z</time></trkpt>
<trkpt lat="33.0092196" lon="35.1957451"><ele>252.2</ele><time>2026-03-05T13:02:25Z</time></trkpt>
<trkpt lat="33.0092328" lon="35.1957914"><ele>252.5</ele><time>2026-03-05T13:02:26Z</time></trkpt>
<trkpt lat="33.0092467" lon="35.1958369"><ele>252.7</ele><time>2026-03-05T13:02:27Z</time></trkpt>
<trkpt lat="33.0092616" lon="35.1958814"><ele>253.0</ele><time>2026-03-05T13:02:28Z</time></trkpt>
<trkpt lat="33.009276" lon="35.1959252"><ele>253.2</ele><time>2026-03-05T13:02:29Z</time></trkpt>
<trkpt lat="33.0092896" lon="35.1959682"><ele>253.5</ele><time>2026-03-05T13:02:30Z</time></trkpt>
<trkpt lat="33.0093026" lon="35.1960112"><ele>253.8</ele><time>2026-03-05T13:02:31Z</time></trkpt>
<trkpt lat="33.0093153" lon="35.1960545"><ele>254.0</ele><time>2026-03-05T13:02:32Z</time></trkpt>
<trkpt lat="33.0093284" lon="35.1960978"><ele>254.3</ele><time>2026-03-05T13:02:33Z</time></trkpt>
<trkpt lat="33.0093418" lon="35.1961406"><ele>254.5</ele><time>2026-03-05T13:02:34Z</time></trkpt>
<trkpt lat="33.0093559" lon="35.1961834"><ele>254.8</ele><time>2026-03-05T13:02:35Z</time></trkpt>
<trkpt lat="33.0093703" lon="35.1962269"><ele>255.0</ele><time>2026-03-05T13:02:36Z</time></trkpt>
<trkpt lat="33.0093841" lon="35.1962709"><ele>255.3</ele><time>2026-03-05T13:02:37Z</time></trkpt>
<trkpt lat="33.0093968" lon="35.196315"><ele>255.5</ele><time>2026-03-05T13:02:38Z</time></trkpt>
<trkpt lat="33.0094088" lon="35.1963595"><ele>255.8</ele><time>2026-03-05T13:02:39Z</time></trkpt>
<trkpt lat="33.0094207" lon="35.1964041"><ele>256.0</ele><time>2026-03-05T13:02:40Z</time></trkpt>
<trkpt lat="33.0094328" lon="35.1964484"><ele>256.3</ele><time>2026-03-05T13:02:41Z</time></trkpt>
<trkpt lat="33.0094452" lon="35.1964918"><ele>256.5</ele><time>2026-03-05T13:02:42Z</time></trkpt>
<trkpt lat="33.0094578" lon="35.1965344"><ele>256.7</ele><time>2026-03-05T13:02:43Z</time></trkpt>
<trkpt lat="33.0094711" lon="35.1965774"><ele>257.0</ele><time>2026-03-05T13:02:44Z</time></trkpt>
<trkpt lat="33.0094845" lon="35.1966203"><ele>257.2</ele><time>2026-03-05T13:02:45Z</time></trkpt>
<trkpt lat="33.0094982" lon="35.1966634"><ele>257.5</ele><time>2026-03-05T13:02:46Z</time></trkpt>
<trkpt lat="33.0095122" lon="35.1967068"><ele>257.7</ele><time>2026-03-05T13:02:47Z</time></trkpt>
<trkpt lat="33.0095248" lon="35.1967502"><ele>257.9</ele><time>2026-03-05T13:02:48Z</time></trkpt>
<trkpt lat="33.0095365" lon="35.1967947"><ele>258.1</ele><time>2026-03-05T13:02:49Z</time></trkpt>
<trkpt lat="33.0095487" lon="35.1968408"><ele>258.4</ele><time>2026-03-05T13:02:50Z</time></trkpt>
<trkpt lat="33.00956" lon="35.1968877"><ele>258.6</ele><time>2026-03-05T13:02:51Z</time></trkpt>
<trkpt lat="33.0095694" lon="35.1969347"><ele>258.8</ele><time>2026-03-05T13:02:52Z</time></trkpt>
<trkpt lat="33.0095776" lon="35.1969819"><ele>259.1</ele><time>2026-03-05T13:02:53Z</time></trkpt>
<trkpt lat="33.0095848" lon="35.1970288"><ele>259.3</ele><time>2026-03-05T13:02:54Z</time></trkpt>
<trkpt lat="33.0095904" lon="35.1970766"><ele>259.6</ele><time>2026-03-05T13:02:55Z</time></trkpt>
<trkpt lat="33.009594" lon="35.1971265"><ele>259.8</ele><time>2026-03-05T13:02:56Z</time></trkpt>
<trkpt lat="33.0095959" lon="35.1971769"><ele>260.1</ele><time>2026-03-05T13:02:57Z</time></trkpt>
<trkpt lat="33.0095966" lon="35.1972278"><ele>260.3</ele><time>2026-03-05T13:02:58Z</time></trkpt>
<trkpt lat="33.0095961" lon="35.1972783"><ele>260.6</ele><time>2026-03-05T13:02:59Z</time></trkpt>
<trkpt lat="33.0095938" lon="35.1973278"><ele>260.9</ele><time>2026-03-05T13:03:00Z</time></trkpt>
<trkpt lat="33.0095901" lon="35.197377"><ele>261.1</ele><time>2026-03-05T13:03:01Z</time></trkpt>
<trkpt lat="33.0095858" lon="35.1974247"><ele>261.4</ele><time>2026-03-05T13:03:02Z</time></trkpt>
<trkpt lat="33.0095813" lon="35.1974712"><ele>261.7</ele><time>2026-03-05T13:03:03Z</time></trkpt>
<trkpt lat="33.0095765" lon="35.1975181"><ele>261.9</ele><time>2026-03-05T13:03:04Z</time></trkpt>
<trkpt lat="33.0095714" lon="35.1975649"><ele>262.2</ele><time>2026-03-05T13:03:05Z</time></trkpt>
<trkpt lat="33.009567" lon="35.1976117"><ele>262.5</ele><time>2026-03-05T13:03:06Z</time></trkpt>
<trkpt lat="33.0095635" lon="35.1976584"><ele>262.8</ele><time>2026-03-05T13:03:07Z</time></trkpt>
<trkpt lat="33.0095601" lon="35.1977049"><ele>263.1</ele><time>2026-03-05T13:03:08Z</time></trkpt>
<trkpt lat="33.0095566" lon="35.1977507"><ele>263.4</ele><time>2026-03-05T13:03:09Z</time></trkpt>
<trkpt lat="33.0095538" lon="35.1977958"><ele>263.7</ele><time>2026-03-05T13:03:10Z</time></trkpt>
<trkpt lat="33.0095511" lon="35.1978401"><ele>264.0</ele><time>2026-03-05T13:03:11Z</time></trkpt>
<trkpt lat="33.0095476" lon="35.1978842"><ele>264.3</ele><time>2026-03-05T13:03:12Z</time></trkpt>
<trkpt lat="33.0095432" lon="35.1979296"><ele>264.6</ele><time>2026-03-05T13:03:13Z</time></trkpt>
<trkpt lat="33.0095373" lon="35.197976"><ele>265.0</ele><time>2026-03-05T13:03:14Z</time></trkpt>
<trkpt lat="33.0095305" lon="35.198022"><ele>265.3</ele><time>2026-03-05T13:03:15Z</time></trkpt>
<trkpt lat="33.0095231" lon="35.1980675"><ele>265.6</ele><time>2026-03-05T13:03:16Z</time></trkpt>
<trkpt lat="33.0095158" lon="35.1981132"><ele>265.9</ele><time>2026-03-05T13:03:17Z</time></trkpt>
<trkpt lat="33.0095092" lon="35.1981594"><ele>266.2</ele><time>2026-03-05T13:03:18Z</time></trkpt>
<trkpt lat="33.0095027" lon="35.1982058"><ele>266.5</ele><time>2026-03-05T13:03:19Z</time></trkpt>
<trkpt lat="33.0094957" lon="35.198252"><ele>266.8</ele><time>2026-03-05T13:03:20Z</time></trkpt>
<trkpt lat="33.0094879" lon="35.1982984"><ele>267.1</ele><time>2026-03-05T13:03:21Z</time></trkpt>
<trkpt lat="33.0094791" lon="35.1983453"><ele>267.4</ele><time>2026-03-05T13:03:22Z</time></trkpt>
<trkpt lat="33.0094691" lon="35.1983925"><ele>267.7</ele><time>2026-03-05T13:03:23Z</time></trkpt>
<trkpt lat="33.0094582" lon="35.1984401"><ele>268.0</ele><time>2026-03-05T13:03:24Z</time></trkpt>
<trkpt lat="33.0094464" lon="35.1984879"><ele>268.2</ele><time>2026-03-05T13:03:25Z</time></trkpt>
<trkpt lat="33.0094343" lon="35.1985348"><ele>268.5</ele><time>2026-03-05T13:03:26Z</time></trkpt>
<trkpt lat="33.0094221" lon="35.1985806"><ele>268.8</ele><time>2026-03-05T13:03:27Z</time></trkpt>
<trkpt lat="33.0094102" lon="35.1986266"><ele>269.0</ele><time>2026-03-05T13:03:28Z</time></trkpt>
<trkpt lat="33.009399" lon="35.1986739"><ele>269.3</ele><time>2026-03-05T13:03:29Z</time></trkpt>
<trkpt lat="33.0093881" lon="35.1987215"><ele>269.5</ele><time>2026-03-05T13:03:30Z</time></trkpt>
<trkpt lat="33.0093769" lon="35.198769"><ele>269.7</ele><time>2026-03-05T13:03:31Z</time></trkpt>
<trkpt lat="33.0093655" lon="35.1988165"><ele>270.0</ele><time>2026-03-05T13:03:32Z</time></trkpt>
<trkpt lat="33.0093543" lon="35.1988643"><ele>270.2</ele><time>2026-03-05T13:03:33Z</time></trkpt>
<trkpt lat="33.0093426" lon="35.1989115"><ele>270.4</ele><time>2026-03-05T13:03:34Z</time></trkpt>
<trkpt lat="33.0093298" lon="35.1989587"><ele>270.7</ele><time>2026-03-05T13:03:35Z</time></trkpt>
<trkpt lat="33.0093157" lon="35.1990063"><ele>270.9</ele><time>2026-03-05T13:03:36Z</time></trkpt>
<trkpt lat="33.0093014" lon="35.1990536"><ele>271.1</ele><time>2026-03-05T13:03:37Z</time></trkpt>
<trkpt lat="33.0092881" lon="35.1991012"><ele>271.3</ele><time>2026-03-05T13:03:38Z</time></trkpt>
<trkpt lat="33.0092759" lon="35.1991494"><ele>271.6</ele><time>2026-03-05T13:03:39Z</time></trkpt>
<trkpt lat="33.0092632" lon="35.1991976"><ele>271.8</ele><time>2026-03-05T13:03:40Z</time></trkpt>
<trkpt lat="33.0092493" lon="35.1992457"><ele>272.0</ele><time>2026-03-05T13:03:41Z</time></trkpt>
<trkpt lat="33.0092342" lon="35.1992946"><ele>272.2</ele><time>2026-03-05T13:03:42Z</time></trkpt>
<trkpt lat="33.0092178" lon="35.1993431"><ele>272.5</ele><time>2026-03-05T13:03:43Z</time></trkpt>
<trkpt lat="33.0091988" lon="35.1993903"><ele>272.7</ele><time>2026-03-05T13:03:44Z</time></trkpt>
<trkpt lat="33.0091772" lon="35.1994358"><ele>272.9</ele><time>2026-03-05T13:03:45Z</time></trkpt>
<trkpt lat="33.0091535" lon="35.19948"><ele>273.1</ele><time>2026-03-05T13:03:46Z</time></trkpt>
<trkpt lat="33.0091281" lon="35.1995228"><ele>273.3</ele><time>2026-03-05T13:03:47Z</time></trkpt>
<trkpt lat="33.0091017" lon="35.1995644"><ele>273.5</ele><time>2026-03-05T13:03:48Z</time></trkpt>
<trkpt lat="33.009074" lon="35.1996047"><ele>273.7</ele><time>2026-03-05T13:03:49Z</time></trkpt>
<trkpt lat="33.0090444" lon="35.1996432"><ele>273.9</ele><time>2026-03-05T13:03:50Z</time></trkpt>
<trkpt lat="33.0090128" lon="35.1996808"><ele>274.0</ele><time>2026-03-05T13:03:51Z</time></trkpt>
<trkpt lat="33.0089802" lon="35.1997183"><ele>274.2</ele><time>2026-03-05T13:03:52Z</time></trkpt>
<trkpt lat="33.008948" lon="35.1997545"><ele>274.4</ele><time>2026-03-05T13:03:53Z</time></trkpt>
<trkpt lat="33.0089159" lon="35.1997892"><ele>274.6</ele><time>2026-03-05T13:03:54Z</time></trkpt>
<trkpt lat="33.0088841" lon="35.1998243"><ele>274.8</ele><time>2026-03-05T13:03:55Z</time></trkpt>
<trkpt lat="33.0088527" lon="35.1998598"><ele>275.0</ele><time>2026-03-05T13:03:56Z</time></trkpt>
<trkpt lat="33.00882" lon="35.1998967"><ele>275.2</ele><time>2026-03-05T13:03:57Z</time></trkpt>
<trkpt lat="33.0087868" lon="35.1999337"><ele>275.3</ele><time>2026-03-05T13:03:58Z</time></trkpt>
<trkpt lat="33.0087547" lon="35.1999686"><ele>275.5</ele><time>2026-03-05T13:03:59Z</time></trkpt>
<trkpt lat="33.008723" lon="35.2000041"><ele>275.7</ele><time>2026-03-05T13:04:00Z</time></trkpt>
<trkpt lat="33.0086905" lon="35.2000411"><ele>275.9</ele><time>2026-03-05T13:04:01Z</time></trkpt>
<trkpt lat="33.0086571" lon="35.2000781"><ele>276.0</ele><time>2026-03-05T13:04:02Z</time></trkpt>
<trkpt lat="33.0086222" lon="35.200115"><ele>276.2</ele><time>2026-03-05T13:04:03Z</time></trkpt>
<trkpt lat="33.008587" lon="35.2001514"><ele>276.3</ele><time>2026-03-05T13:04:04Z</time></trkpt>
<trkpt lat="33.0085528" lon="35.200187"><ele>276.5</ele><time>2026-03-05T13:04:05Z</time></trkpt>
<trkpt lat="33.0085189" lon="35.2002226"><ele>276.6</ele><time>2026-03-05T13:04:06Z</time></trkpt>
<trkpt lat="33.0084847" lon="35.2002589"><ele>276.7</ele><time>2026-03-05T13:04:07Z</time></trkpt>
<trkpt lat="33.0084495" lon="35.200295"><ele>276.8</ele><time>2026-03-05T13:04:08Z</time></trkpt>
<trkpt lat="33.0084135" lon="35.2003313"><ele>277.0</ele><time>2026-03-05T13:04:09Z</time></trkpt>
<trkpt lat="33.0083766" lon="35.2003681"><ele>277.1</ele><time>2026-03-05T13:04:10Z</time></trkpt>
<trkpt lat="33.0083397" lon="35.2004051"><ele>277.2</ele><time>2026-03-05T13:04:11Z</time></trkpt>
<trkpt lat="33.0083036" lon="35.2004418"><ele>277.3</ele><time>2026-03-05T13:04:12Z</time></trkpt>
<trkpt lat="33.008268" lon="35.2004783"><ele>277.4</ele><time>2026-03-05T13:04:13Z</time></trkpt>
<trkpt lat="33.0082323" lon="35.2005154"><ele>277.5</ele><time>2026-03-05T13:04:14Z</time></trkpt>
<trkpt lat="33.0081968" lon="35.2005534"><ele>277.6</ele><time>2026-03-05T13:04:15Z</time></trkpt>
<trkpt lat="33.0081611" lon="35.2005924"><ele>277.7</ele><time>2026-03-05T13:04:16Z</time></trkpt>
<trkpt lat="33.0081251" lon="35.2006316"><ele>277.9</ele><time>2026-03-05T13:04:17Z</time></trkpt>
<trkpt lat="33.0080886" lon="35.2006704"><ele>278.0</ele><time>2026-03-05T13:04:18Z</time></trkpt>
<trkpt lat="33.0080521" lon="35.2007086"><ele>278.1</ele><time>2026-03-05T13:04:19Z</time></trkpt>
<trkpt lat="33.0080149" lon="35.2007473"><ele>278.2</ele><time>2026-03-05T13:04:20Z</time></trkpt>
<trkpt lat="33.0079772" lon="35.2007871"><ele>278.3</ele><time>2026-03-05T13:04:21Z</time></trkpt>
<trkpt lat="33.0079396" lon="35.2008276"><ele>278.4</ele><time>2026-03-05T13:04:22Z</time></trkpt>
<trkpt lat="33.0079015" lon="35.2008683"><ele>278.5</ele><time>2026-03-05T13:04:23Z</time></trkpt>
<trkpt lat="33.0078623" lon="35.2009093"><ele>278.6</ele><time>2026-03-05T13:04:24Z</time></trkpt>
<trkpt lat="33.0078218" lon="35.2009507"><ele>278.7</ele><time>2026-03-05T13:04:25Z</time></trkpt>
<trkpt lat="33.0077809" lon="35.2009925"><ele>278.8</ele><time>2026-03-05T13:04:26Z</time></trkpt>
<trkpt lat="33.00774" lon="35.2010354"><ele>278.8</ele><time>2026-03-05T13:04:27Z</time></trkpt>
<trkpt lat="33.0076999" lon="35.2010783"><ele>278.9</ele><time>2026-03-05T13:04:28Z</time></trkpt>
<trkpt lat="33.0076606" lon="35.2011202"><ele>278.9</ele><time>2026-03-05T13:04:29Z</time></trkpt>
<trkpt lat="33.007621" lon="35.2011626"><ele>279.0</ele><time>2026-03-05T13:04:30Z</time></trkpt>
<trkpt lat="33.0075822" lon="35.2012046"><ele>279.0</ele><time>2026-03-05T13:04:31Z</time></trkpt>
<trkpt lat="33.0075444" lon="35.2012457"><ele>279.1</ele><time>2026-03-05T13:04:32Z</time></trkpt>
<trkpt lat="33.0075053" lon="35.201287"><ele>279.1</ele><time>2026-03-05T13:04:33Z</time></trkpt>
<trkpt lat="33.0074645" lon="35.2013288"><ele>279.2</ele><time>2026-03-05T13:04:34Z</time></trkpt>
<trkpt lat="33.0074245" lon="35.2013709"><ele>279.2</ele><time>2026-03-05T13:04:35Z</time></trkpt>
<trkpt lat="33.0073856" lon="35.2014123"><ele>279.3</ele><time>2026-03-05T13:04:36Z</time></trkpt>
<trkpt lat="33.0073464" lon="35.2014534"><ele>279.3</ele><time>2026-03-05T13:04:37Z</time></trkpt>
<trkpt lat="33.0073069" lon="35.2014956"><ele>279.4</ele><time>2026-03-05T13:04:38Z</time></trkpt>
<trkpt lat="33.0072677" lon="35.2015386"><ele>279.5</ele><time>2026-03-05T13:04:39Z</time></trkpt>
<trkpt lat="33.0072298" lon="35.201581"><ele>279.6</ele><time>2026-03-05T13:04:40Z</time></trkpt>
<trkpt lat="33.0071927" lon="35.2016234"><ele>279.7</ele><time>2026-03-05T13:04:41Z</time></trkpt>
<trkpt lat="33.0071555" lon="35.2016667"><ele>279.8</ele><time>2026-03-05T13:04:42Z</time></trkpt>
<trkpt lat="33.0071183" lon="35.2017107"><ele>280.0</ele><time>2026-03-05T13:04:43Z</time></trkpt>
<trkpt lat="33.0070809" lon="35.201755"><ele>280.1</ele><time>2026-03-05T13:04:44Z</time></trkpt>
<trkpt lat="33.0070439" lon="35.2017995"><ele>280.2</ele><time>2026-03-05T13:04:45Z</time></trkpt>
<trkpt lat="33.0070078" lon="35.201845"><ele>280.4</ele><time>2026-03-05T13:04:46Z</time></trkpt>
<trkpt lat="33.006973" lon="35.2018917"><ele>280.5</ele><time>2026-03-05T13:04:47Z</time></trkpt>
<trkpt lat="33.0069395" lon="35.2019391"><ele>280.6</ele><time>2026-03-05T13:04:48Z</time></trkpt>
<trkpt lat="33.0069071" lon="35.2019871"><ele>280.7</ele><time>2026-03-05T13:04:49Z</time></trkpt>
<trkpt lat="33.0068753" lon="35.2020354"><ele>280.9</ele><time>2026-03-05T13:04:50Z</time></trkpt>
<trkpt lat="33.0068438" lon="35.2020839"><ele>281.0</ele><time>2026-03-05T13:04:51Z</time></trkpt>
<trkpt lat="33.0068119" lon="35.202133"><ele>281.1</ele><time>2026-03-05T13:04:52Z</time></trkpt>
<trkpt lat="33.006781" lon="35.2021831"><ele>281.3</ele><time>2026-03-05T13:04:53Z</time></trkpt>
<trkpt lat="33.006753" lon="35.2022337"><ele>281.4</ele><time>2026-03-05T13:04:54Z</time></trkpt>
<trkpt lat="33.0067271" lon="35.2022843"><ele>281.6</ele><time>2026-03-05T13:04:55Z</time></trkpt>
<trkpt lat="33.0067023" lon="35.2023345"><ele>281.8</ele><time>2026-03-05T13:04:56Z</time></trkpt>
<trkpt lat="33.0066775" lon="35.2023853"><ele>281.9</ele><time>2026-03-05T13:04:57Z</time></trkpt>
<trkpt lat="33.006653" lon="35.2024371"><ele>282.1</ele><time>2026-03-05T13:04:58Z</time></trkpt>
<trkpt lat="33.0066308" lon="35.2024891"><ele>282.3</ele><time>2026-03-05T13:04:59Z</time></trkpt>
<trkpt lat="33.0066115" lon="35.2025418"><ele>282.5</ele><time>2026-03-05T13:05:00Z</time></trkpt>
<trkpt lat="33.006595" lon="35.2025949"><ele>282.7</ele><time>2026-03-05T13:05:01Z</time></trkpt>
<trkpt lat="33.0065808" lon="35.2026475"><ele>282.9</ele><time>2026-03-05T13:05:02Z</time></trkpt>
<trkpt lat="33.0065669" lon="35.2027006"><ele>283.1</ele><time>2026-03-05T13:05:03Z</time></trkpt>
<trkpt lat="33.0065527" lon="35.2027544"><ele>283.3</ele><time>2026-03-05T13:05:04Z</time></trkpt>
<trkpt lat="33.0065383" lon="35.2028072"><ele>283.6</ele><time>2026-03-05T13:05:05Z</time></trkpt>
<trkpt lat="33.0065238" lon="35.2028592"><ele>283.8</ele><time>2026-03-05T13:05:06Z</time></trkpt>
<trkpt lat="33.0065105" lon="35.202912"><ele>284.1</ele><time>2026-03-05T13:05:07Z</time></trkpt>
<trkpt lat="33.0064987" lon="35.2029664"><ele>284.4</ele><time>2026-03-05T13:05:08Z</time></trkpt>
<trkpt lat="33.0064875" lon="35.2030194"><ele>284.7</ele><time>2026-03-05T13:05:09Z</time></trkpt>
<trkpt lat="33.006477" lon="35.2030702"><ele>285.0</ele><time>2026-03-05T13:05:10Z</time></trkpt>
<trkpt lat="33.0064673" lon="35.2031216"><ele>285.3</ele><time>2026-03-05T13:05:11Z</time></trkpt>
<trkpt lat="33.0064585" lon="35.2031736"><ele>285.7</ele><time>2026-03-05T13:05:12Z</time></trkpt>
<trkpt lat="33.0064505" lon="35.203225"><ele>286.1</ele><time>2026-03-05T13:05:13Z</time></trkpt>
<trkpt lat="33.0064426" lon="35.2032758"><ele>286.4</ele><time>2026-03-05T13:05:14Z</time></trkpt>
<trkpt lat="33.0064349" lon="35.2033265"><ele>286.8</ele><time>2026-03-05T13:05:15Z</time></trkpt>
<trkpt lat="33.0064268" lon="35.2033774"><ele>287.1</ele><time>2026-03-05T13:05:16Z</time></trkpt>
<trkpt lat="33.0064175" lon="35.2034281"><ele>287.5</ele><time>2026-03-05T13:05:17Z</time></trkpt>
<trkpt lat="33.0064078" lon="35.2034785"><ele>287.8</ele><time>2026-03-05T13:05:18Z</time></trkpt>
<trkpt lat="33.0063984" lon="35.2035286"><ele>288.1</ele><time>2026-03-05T13:05:19Z</time></trkpt>
<trkpt lat="33.0063895" lon="35.2035786"><ele>288.4</ele><time>2026-03-05T13:05:20Z</time></trkpt>
<trkpt lat="33.0063813" lon="35.2036286"><ele>288.7</ele><time>2026-03-05T13:05:21Z</time></trkpt>
<trkpt lat="33.0063735" lon="35.2036793"><ele>289.0</ele><time>2026-03-05T13:05:22Z</time></trkpt>
<trkpt lat="33.0063656" lon="35.2037308"><ele>289.3</ele><time>2026-03-05T13:05:23Z</time></trkpt>
<trkpt lat="33.0063577" lon="35.2037816"><ele>289.6</ele><time>2026-03-05T13:05:24Z</time></trkpt>
<trkpt lat="33.0063496" lon="35.2038316"><ele>289.9</ele><time>2026-03-05T13:05:25Z</time></trkpt>
<trkpt lat="33.0063417" lon="35.2038818"><ele>290.1</ele><time>2026-03-05T13:05:26Z</time></trkpt>
<trkpt lat="33.0063343" lon="35.2039323"><ele>290.4</ele><time>2026-03-05T13:05:27Z</time></trkpt>
<trkpt lat="33.0063275" lon="35.2039828"><ele>290.7</ele><time>2026-03-05T13:05:28Z</time></trkpt>
<trkpt lat="33.0063212" lon="35.2040327"><ele>290.9</ele><time>2026-03-05T13:05:29Z</time></trkpt>
<trkpt lat="33.0063149" lon="35.2040822"><ele>291.2</ele><time>2026-03-05T13:05:30Z</time></trkpt>
<trkpt lat="33.0063085" lon="35.2041322"><ele>291.5</ele><time>2026-03-05T13:05:31Z</time></trkpt>
<trkpt lat="33.006302" lon="35.2041823"><ele>291.7</ele><time>2026-03-05T13:05:32Z</time></trkpt>
<trkpt lat="33.0062953" lon="35.2042317"><ele>292.0</ele><time>2026-03-05T13:05:33Z</time></trkpt>
<trkpt lat="33.0062884" lon="35.2042812"><ele>292.2</ele><time>2026-03-05T13:05:34Z</time></trkpt>
<trkpt lat="33.0062826" lon="35.2043316"><ele>292.5</ele><time>2026-03-05T13:05:35Z</time></trkpt>
<trkpt lat="33.006277" lon="35.2043822"><ele>292.8</ele><time>2026-03-05T13:05:36Z</time></trkpt>
<trkpt lat="33.0062705" lon="35.2044329"><ele>293.0</ele><time>2026-03-05T13:05:37Z</time></trkpt>
<trkpt lat="33.0062631" lon="35.2044844"><ele>293.3</ele><time>2026-03-05T13:05:38Z</time></trkpt>
<trkpt lat="33.0062547" lon="35.2045357"><ele>293.5</ele><time>2026-03-05T13:05:39Z</time></trkpt>
<trkpt lat="33.0062457" lon="35.2045855"><ele>293.8</ele><time>2026-03-05T13:05:40Z</time></trkpt>
<trkpt lat="33.0062365" lon="35.2046346"><ele>294.0</ele><time>2026-03-05T13:05:41Z</time></trkpt>
<trkpt lat="33.0062273" lon="35.2046836"><ele>294.2</ele><time>2026-03-05T13:05:42Z</time></trkpt>
<trkpt lat="33.0062185" lon="35.204733"><ele>294.4</ele><time>2026-03-05T13:05:43Z</time></trkpt>
<trkpt lat="33.0062101" lon="35.2047831"><ele>294.6</ele><time>2026-03-05T13:05:44Z</time></trkpt>
<trkpt lat="33.0062015" lon="35.2048334"><ele>294.9</ele><time>2026-03-05T13:05:45Z</time></trkpt>
<trkpt lat="33.0061936" lon="35.2048843"><ele>295.1</ele><time>2026-03-05T13:05:46Z</time></trkpt>
<trkpt lat="33.0061865" lon="35.2049354"><ele>295.3</ele><time>2026-03-05T13:05:47Z</time></trkpt>
<trkpt lat="33.0061803" lon="35.2049866"><ele>295.5</ele><time>2026-03-05T13:05:48Z</time></trkpt>
<trkpt lat="33.0061751" lon="35.2050384"><ele>295.7</ele><time>2026-03-05T13:05:49Z</time></trkpt>
<trkpt lat="33.0061708" lon="35.2050898"><ele>295.9</ele><time>2026-03-05T13:05:50Z</time></trkpt>
<trkpt lat="33.006167" lon="35.2051405"><ele>296.1</ele><time>2026-03-05T13:05:51Z</time></trkpt>
<trkpt lat="33.0061625" lon="35.2051906"><ele>296.3</ele><time>2026-03-05T13:05:52Z</time></trkpt>
<trkpt lat="33.0061586" lon="35.2052408"><ele>296.5</ele><time>2026-03-05T13:05:53Z</time></trkpt>
<trkpt lat="33.006156" lon="35.2052913"><ele>296.8</ele><time>2026-03-05T13:05:54Z</time></trkpt>
<trkpt lat="33.0061548" lon="35.205342"><ele>297.0</ele><time>2026-03-05T13:05:55Z</time></trkpt>
<trkpt lat="33.0061547" lon="35.2053932"><ele>297.2</ele><time>2026-03-05T13:05:56Z</time></trkpt>
<trkpt lat="33.0061548" lon="35.2054451"><ele>297.4</ele><time>2026-03-05T13:05:57Z</time></trkpt>
<trkpt lat="33.0061553" lon="35.2054989"><ele>297.6</ele><time>2026-03-05T13:05:58Z</time></trkpt>
<trkpt lat="33.006156" lon="35.2055544"><ele>297.9</ele><time>2026-03-05T13:05:59Z</time></trkpt>
<trkpt lat="33.0061557" lon="35.2056102"><ele>298.1</ele><time>2026-03-05T13:06:00Z</time></trkpt>
<trkpt lat="33.0061537" lon="35.2056643"><ele>298.4</ele><time>2026-03-05T13:06:01Z</time></trkpt>
<trkpt lat="33.0061504" lon="35.2057154"><ele>298.7</ele><time>2026-03-05T13:06:02Z</time></trkpt>
<trkpt lat="33.0061469" lon="35.205764"><ele>299.0</ele><time>2026-03-05T13:06:03Z</time></trkpt>
<trkpt lat="33.006143" lon="35.2058108"><ele>299.2</ele><time>2026-03-05T13:06:04Z</time></trkpt>
<trkpt lat="33.0061389" lon="35.2058574"><ele>299.5</ele><time>2026-03-05T13:06:05Z</time></trkpt>
<trkpt lat="33.006136" lon="35.2059056"><ele>299.8</ele><time>2026-03-05T13:06:06Z</time></trkpt>
<trkpt lat="33.0061357" lon="35.2059557"><ele>300.1</ele><time>2026-03-05T13:06:07Z</time></trkpt>
<trkpt lat="33.006138" lon="35.2060065"><ele>300.3</ele><time>2026-03-05T13:06:08Z</time></trkpt>
<trkpt lat="33.0061414" lon="35.2060577"><ele>300.6</ele><time>2026-03-05T13:06:09Z</time></trkpt>
<trkpt lat="33.0061448" lon="35.2061079"><ele>300.8</ele><time>2026-03-05T13:06:10Z</time></trkpt>
<trkpt lat="33.0061485" lon="35.2061571"><ele>301.1</ele><time>2026-03-05T13:06:11Z</time></trkpt>
<trkpt lat="33.0061525" lon="35.2062067"><ele>301.3</ele><time>2026-03-05T13:06:12Z</time></trkpt>
<trkpt lat="33.0061575" lon="35.2062569"><ele>301.5</ele><time>2026-03-05T13:06:13Z</time></trkpt>
<trkpt lat="33.0061629" lon="35.2063067"><ele>301.8</ele><time>2026-03-05T13:06:14Z</time></trkpt>
<trkpt lat="33.006168" lon="35.2063553"><ele>302.0</ele><time>2026-03-05T13:06:15Z</time></trkpt>
<trkpt lat="33.0061732" lon="35.206403"><ele>302.2</ele><time>2026-03-05T13:06:16Z</time></trkpt>
<trkpt lat="33.0061791" lon="35.2064509"><ele>302.4</ele><time>2026-03-05T13:06:17Z</time></trkpt>
<trkpt lat="33.0061858" lon="35.206499"><ele>302.6</ele><time>2026-03-05T13:06:18Z</time></trkpt>
<trkpt lat="33.0061929" lon="35.2065459"><ele>302.9</ele><time>2026-03-05T13:06:19Z</time></trkpt>
<trkpt lat="33.0061995" lon="35.2065922"><ele>303.1</ele><time>2026-03-05T13:06:20Z</time></trkpt>
<trkpt lat="33.0062054" lon="35.2066394"><ele>303.4</ele><time>2026-03-05T13:06:21Z</time></trkpt>
<trkpt lat="33.0062103" lon="35.2066877"><ele>303.6</ele><time>2026-03-05T13:06:22Z</time></trkpt>
<trkpt lat="33.0062148" lon="35.2067366"><ele>303.9</ele><time>2026-03-05T13:06:23Z</time></trkpt>
<trkpt lat="33.0062198" lon="35.2067853"><ele>304.2</ele><time>2026-03-05T13:06:24Z</time></trkpt>
<trkpt lat="33.0062254" lon="35.2068324"><ele>304.5</ele><time>2026-03-05T13:06:25Z</time></trkpt>
<trkpt lat="33.0062308" lon="35.2068772"><ele>304.8</ele><time>2026-03-05T13:06:26Z</time></trkpt>
<trkpt lat="33.0062362" lon="35.2069208"><ele>305.1</ele><time>2026-03-05T13:06:27Z</time></trkpt>
<trkpt lat="33.0062411" lon="35.2069643"><ele>305.4</ele><time>2026-03-05T13:06:28Z</time></trkpt>
<trkpt lat="33.0062461" lon="35.2070082"><ele>305.7</ele><time>2026-03-05T13:06:29Z</time></trkpt>
<trkpt lat="33.0062519" lon="35.2070529"><ele>306.0</ele><time>2026-03-05T13:06:30Z</time></trkpt>
<trkpt lat="33.0062575" lon="35.2070975"><ele>306.2</ele><time>2026-03-05T13:06:31Z</time></trkpt>
<trkpt lat="33.0062622" lon="35.2071414"><ele>306.5</ele><time>2026-03-05T13:06:32Z</time></trkpt>
<trkpt lat="33.0062666" lon="35.2071847"><ele>306.8</ele><time>2026-03-05T13:06:33Z</time></trkpt>
<trkpt lat="33.0062713" lon="35.2072282"><ele>307.1</ele><time>2026-03-05T13:06:34Z</time></trkpt>
<trkpt lat="33.0062764" lon="35.2072717"><ele>307.4</ele><time>2026-03-05T13:06:35Z</time></trkpt>
<trkpt lat="33.0062813" lon="35.2073152"><ele>307.6</ele><time>2026-03-05T13:06:36Z</time></trkpt>
<trkpt lat="33.0062859" lon="35.2073591"><ele>307.9</ele><time>2026-03-05T13:06:37Z</time></trkpt>
<trkpt lat="33.0062909" lon="35.2074035"><ele>308.2</ele><time>2026-03-05T13:06:38Z</time></trkpt>
<trkpt lat="33.0062956" lon="35.2074481"><ele>308.4</ele><time>2026-03-05T13:06:39Z</time></trkpt>
<trkpt lat="33.0062998" lon="35.207493"><ele>308.7</ele><time>2026-03-05T13:06:40Z</time></trkpt>
<trkpt lat="33.0063044" lon="35.2075379"><ele>308.9</ele><time>2026-03-05T13:06:41Z</time></trkpt>
<trkpt lat="33.0063099" lon="35.207582"><ele>309.2</ele><time>2026-03-05T13:06:42Z</time></trkpt>
<trkpt lat="33.0063159" lon="35.2076251"><ele>309.5</ele><time>2026-03-05T13:06:43Z</time></trkpt>
<trkpt lat="33.006322" lon="35.207669"><ele>309.7</ele><time>2026-03-05T13:06:44Z</time></trkpt>
<trkpt lat="33.0063283" lon="35.2077141"><ele>310.0</ele><time>2026-03-05T13:06:45Z</time></trkpt>
<trkpt lat="33.0063341" lon="35.2077592"><ele>310.3</ele><time>2026-03-05T13:06:46Z</time></trkpt>
<trkpt lat="33.0063384" lon="35.207804"><ele>310.5</ele><time>2026-03-05T13:06:47Z</time></trkpt>
<trkpt lat="33.0063417" lon="35.2078491"><ele>310.8</ele><time>2026-03-05T13:06:48Z</time></trkpt>
<trkpt lat="33.0063449" lon="35.2078944"><ele>311.1</ele><time>2026-03-05T13:06:49Z</time></trkpt>
<trkpt lat="33.0063478" lon="35.2079396"><ele>311.4</ele><time>2026-03-05T13:06:50Z</time></trkpt>
<trkpt lat="33.0063516" lon="35.2079845"><ele>311.7</ele><time>2026-03-05T13:06:51Z</time></trkpt>
<trkpt lat="33.0063569" lon="35.2080289"><ele>312.0</ele><time>2026-03-05T13:06:52Z</time></trkpt>
<trkpt lat="33.0063621" lon="35.2080723"><ele>312.3</ele><time>2026-03-05T13:06:53Z</time></trkpt>
<trkpt lat="33.0063671" lon="35.2081143"><ele>312.6</ele><time>2026-03-05T13:06:54Z</time></trkpt>
<trkpt lat="33.0063724" lon="35.2081551"><ele>312.9</ele><time>2026-03-05T13:06:55Z</time></trkpt>
<trkpt lat="33.0063783" lon="35.2081958"><ele>313.1</ele><time>2026-03-05T13:06:56Z</time></trkpt>
<trkpt lat="33.0063843" lon="35.2082369"><ele>313.4</ele><time>2026-03-05T13:06:57Z</time></trkpt>
<trkpt lat="33.0063906" lon="35.2082789"><ele>313.7</ele><time>2026-03-05T13:06:58Z</time></trkpt>
<trkpt lat="33.0063978" lon="35.2083217"><ele>313.9</ele><time>2026-03-05T13:06:59Z</time></trkpt>
<trkpt lat="33.0064052" lon="35.2083648"><ele>314.2</ele><time>2026-03-05T13:07:00Z</time></trkpt>
<trkpt lat="33.0064131" lon="35.2084079"><ele>314.4</ele><time>2026-03-05T13:07:01Z</time></trkpt>
<trkpt lat="33.0064213" lon="35.2084509"><ele>314.6</ele><time>2026-03-05T13:07:02Z</time></trkpt>
<trkpt lat="33.0064296" lon="35.2084945"><ele>314.8</ele><time>2026-03-05T13:07:03Z</time></trkpt>
<trkpt lat="33.0064377" lon="35.2085396"><ele>315.1</ele><time>2026-03-05T13:07:04Z</time></trkpt>
<trkpt lat="33.0064455" lon="35.2085854"><ele>315.2</ele><time>2026-03-05T13:07:05Z</time></trkpt>
<trkpt lat="33.0064534" lon="35.2086323"><ele>315.4</ele><time>2026-03-05T13:07:06Z</time></trkpt>
<trkpt lat="33.0064605" lon="35.20868"><ele>315.6</ele><time>2026-03-05T13:07:07Z</time></trkpt>
<trkpt lat="33.0064668" lon="35.2087277"><ele>315.8</ele><time>2026-03-05T13:07:08Z</time></trkpt>
<trkpt lat="33.0064728" lon="35.2087747"><ele>316.0</ele><time>2026-03-05T13:07:09Z</time></trkpt>
<trkpt lat="33.0064782" lon="35.208821"><ele>316.2</ele><time>2026-03-05T13:07:10Z</time></trkpt>
<trkpt lat="33.006482" lon="35.2088667"><ele>316.3</ele><time>2026-03-05T13:07:11Z</time></trkpt>
<trkpt lat="33.0064843" lon="35.2089115"><ele>316.5</ele><time>2026-03-05T13:07:12Z</time></trkpt>
<trkpt lat="33.0064855" lon="35.2089553"><ele>316.7</ele><time>2026-03-05T13:07:13Z</time></trkpt>
<trkpt lat="33.0064859" lon="35.2089979"><ele>316.9</ele><time>2026-03-05T13:07:14Z</time></trkpt>
<trkpt lat="33.0064862" lon="35.2090406"><ele>317.1</ele><time>2026-03-05T13:07:15Z</time></trkpt>
<trkpt lat="33.0064867" lon="35.2090849"><ele>317.4</ele><time>2026-03-05T13:07:16Z</time></trkpt>
<trkpt lat="33.0064868" lon="35.2091303"><ele>317.6</ele><time>2026-03-05T13:07:17Z</time></trkpt>
<trkpt lat="33.0064867" lon="35.2091758"><ele>317.8</ele><time>2026-03-05T13:07:18Z</time></trkpt>
<trkpt lat="33.0064872" lon="35.2092209"><ele>318.1</ele><time>2026-03-05T13:07:19Z</time></trkpt>
<trkpt lat="33.0064889" lon="35.2092664"><ele>318.3</ele><time>2026-03-05T13:07:20Z</time></trkpt>
<trkpt lat="33.0064918" lon="35.2093124"><ele>318.6</ele><time>2026-03-05T13:07:21Z</time></trkpt>
<trkpt lat="33.0064955" lon="35.2093583"><ele>318.9</ele><time>2026-03-05T13:07:22Z</time></trkpt>
<trkpt lat="33.0064989" lon="35.2094039"><ele>319.1</ele><time>2026-03-05T13:07:23Z</time></trkpt>
<trkpt lat="33.0065013" lon="35.2094489"><ele>319.4</ele><time>2026-03-05T13:07:24Z</time></trkpt>
<trkpt lat="33.0065037" lon="35.2094927"><ele>319.6</ele><time>2026-03-05T13:07:25Z</time></trkpt>
<trkpt lat="33.0065062" lon="35.2095353"><ele>319.9</ele><time>2026-03-05T13:07:26Z</time></trkpt>
<trkpt lat="33.0065079" lon="35.2095766"><ele>320.1</ele><time>2026-03-05T13:07:27Z</time></trkpt>
<trkpt lat="33.006509" lon="35.2096167"><ele>320.4</ele><time>2026-03-05T13:07:28Z</time></trkpt>
<trkpt lat="33.0065098" lon="35.2096578"><ele>320.6</ele><time>2026-03-05T13:07:29Z</time></trkpt>
<trkpt lat="33.0065107" lon="35.2097008"><ele>320.9</ele><time>2026-03-05T13:07:30Z</time></trkpt>
<trkpt lat="33.0065121" lon="35.209745"><ele>321.1</ele><time>2026-03-05T13:07:31Z</time></trkpt>
<trkpt lat="33.0065133" lon="35.2097891"><ele>321.4</ele><time>2026-03-05T13:07:32Z</time></trkpt>
<trkpt lat="33.0065136" lon="35.2098334"><ele>321.6</ele><time>2026-03-05T13:07:33Z</time></trkpt>
<trkpt lat="33.0065142" lon="35.209878"><ele>321.9</ele><time>2026-03-05T13:07:34Z</time></trkpt>
<trkpt lat="33.0065149" lon="35.2099218"><ele>322.1</ele><time>2026-03-05T13:07:35Z</time></trkpt>
<trkpt lat="33.0065147" lon="35.2099662"><ele>322.4</ele><time>2026-03-05T13:07:36Z</time></trkpt>
<trkpt lat="33.0065139" lon="35.2100117"><ele>322.6</ele><time>2026-03-05T13:07:37Z</time></trkpt>
<trkpt lat="33.0065138" lon="35.2100571"><ele>322.8</ele><time>2026-03-05T13:07:38Z</time></trkpt>
<trkpt lat="33.0065141" lon="35.2101025"><ele>323.0</ele><time>2026-03-05T13:07:39Z</time></trkpt>
<trkpt lat="33.0065134" lon="35.2101484"><ele>323.1</ele><time>2026-03-05T13:07:40Z</time></trkpt>
<trkpt lat="33.0065125" lon="35.2101937"><ele>323.3</ele><time>2026-03-05T13:07:41Z</time></trkpt>
<trkpt lat="33.0065122" lon="35.2102383"><ele>323.4</ele><time>2026-03-05T13:07:42Z</time></trkpt>
<trkpt lat="33.0065128" lon="35.2102831"><ele>323.6</ele><time>2026-03-05T13:07:43Z</time></trkpt>
<trkpt lat="33.0065149" lon="35.2103284"><ele>323.7</ele><time>2026-03-05T13:07:44Z</time></trkpt>
<trkpt lat="33.0065173" lon="35.2103755"><ele>323.9</ele><time>2026-03-05T13:07:45Z</time></trkpt>
<trkpt lat="33.0065196" lon="35.2104234"><ele>324.0</ele><time>2026-03-05T13:07:46Z</time></trkpt>
<trkpt lat="33.0065213" lon="35.2104703"><ele>324.2</ele><time>2026-03-05T13:07:47Z</time></trkpt>
<trkpt lat="33.0065222" lon="35.2105163"><ele>324.3</ele><time>2026-03-05T13:07:48Z</time></trkpt>
<trkpt lat="33.0065229" lon="35.2105616"><ele>324.5</ele><time>2026-03-05T13:07:49Z</time></trkpt>
<trkpt lat="33.0065235" lon="35.2106057"><ele>324.7</ele><time>2026-03-05T13:07:50Z</time></trkpt>
<trkpt lat="33.0065241" lon="35.2106493"><ele>324.9</ele><time>2026-03-05T13:07:51Z</time></trkpt>
<trkpt lat="33.0065254" lon="35.2106928"><ele>325.1</ele><time>2026-03-05T13:07:52Z</time></trkpt>
<trkpt lat="33.006527" lon="35.210736"><ele>325.3</ele><time>2026-03-05T13:07:53Z</time></trkpt>
<trkpt lat="33.0065277" lon="35.2107802"><ele>325.5</ele><time>2026-03-05T13:07:54Z</time></trkpt>
<trkpt lat="33.0065268" lon="35.2108266"><ele>325.7</ele><time>2026-03-05T13:07:55Z</time></trkpt>
<trkpt lat="33.0065251" lon="35.2108738"><ele>325.9</ele><time>2026-03-05T13:07:56Z</time></trkpt>
<trkpt lat="33.0065227" lon="35.2109209"><ele>326.1</ele><time>2026-03-05T13:07:57Z</time></trkpt>
<trkpt lat="33.0065194" lon="35.2109684"><ele>326.4</ele><time>2026-03-05T13:07:58Z</time></trkpt>
<trkpt lat="33.0065155" lon="35.211015"><ele>326.6</ele><time>2026-03-05T13:07:59Z</time></trkpt>
<trkpt lat="33.0065111" lon="35.2110602"><ele>326.8</ele><time>2026-03-05T13:08:00Z</time></trkpt>
<trkpt lat="33.006507" lon="35.2111056"><ele>327.0</ele><time>2026-03-05T13:08:01Z</time></trkpt>
<trkpt lat="33.0065034" lon="35.2111507"><ele>327.2</ele><time>2026-03-05T13:08:02Z</time></trkpt>
<trkpt lat="33.0064994" lon="35.2111948"><ele>327.4</ele><time>2026-03-05T13:08:03Z</time></trkpt>
<trkpt lat="33.0064955" lon="35.2112382"><ele>327.6</ele><time>2026-03-05T13:08:04Z</time></trkpt>
<trkpt lat="33.0064914" lon="35.2112803"><ele>327.8</ele><time>2026-03-05T13:08:05Z</time></trkpt>
<trkpt lat="33.006487" lon="35.2113213"><ele>328.0</ele><time>2026-03-05T13:08:06Z</time></trkpt>
<trkpt lat="33.006483" lon="35.2113618"><ele>328.2</ele><time>2026-03-05T13:08:07Z</time></trkpt>
<trkpt lat="33.0064789" lon="35.2114037"><ele>328.4</ele><time>2026-03-05T13:08:08Z</time></trkpt>
<trkpt lat="33.0064743" lon="35.2114471"><ele>328.6</ele><time>2026-03-05T13:08:09Z</time></trkpt>
<trkpt lat="33.0064694" lon="35.2114899"><ele>328.8</ele><time>2026-03-05T13:08:10Z</time></trkpt>
<trkpt lat="33.0064634" lon="35.2115312"><ele>329.0</ele><time>2026-03-05T13:08:11Z</time></trkpt>
<trkpt lat="33.0064563" lon="35.2115725"><ele>329.2</ele><time>2026-03-05T13:08:12Z</time></trkpt>
<trkpt lat="33.0064493" lon="35.2116147"><ele>329.4</ele><time>2026-03-05T13:08:13Z</time></trkpt>
<trkpt lat="33.0064427" lon="35.2116572"><ele>329.6</ele><time>2026-03-05T13:08:14Z</time></trkpt>
<trkpt lat="33.0064355" lon="35.2117002"><ele>329.8</ele><time>2026-03-05T13:08:15Z</time></trkpt>
<trkpt lat="33.0064276" lon="35.211743"><ele>330.0</ele><time>2026-03-05T13:08:16Z</time></trkpt>
<trkpt lat="33.0064195" lon="35.2117845"><ele>330.3</ele><time>2026-03-05T13:08:17Z</time></trkpt>
<trkpt lat="33.0064123" lon="35.211825"><ele>330.5</ele><time>2026-03-05T13:08:18Z</time></trkpt>
<trkpt lat="33.0064062" lon="35.2118649"><ele>330.7</ele><time>2026-03-05T13:08:19Z</time></trkpt>
<trkpt lat="33.0064007" lon="35.2119053"><ele>331.0</ele><time>2026-03-05T13:08:20Z</time></trkpt>
<trkpt lat="33.0063954" lon="35.2119465"><ele>331.2</ele><time>2026-03-05T13:08:21Z</time></trkpt>
<trkpt lat="33.0063894" lon="35.2119882"><ele>331.5</ele><time>2026-03-05T13:08:22Z</time></trkpt>
<trkpt lat="33.0063819" lon="35.2120297"><ele>331.7</ele><time>2026-03-05T13:08:23Z</time></trkpt>
<trkpt lat="33.0063725" lon="35.2120705"><ele>332.0</ele><time>2026-03-05T13:08:24Z</time></trkpt>
<trkpt lat="33.0063615" lon="35.2121109"><ele>332.2</ele><time>2026-03-05T13:08:25Z</time></trkpt>
<trkpt lat="33.0063492" lon="35.2121508"><ele>332.5</ele><time>2026-03-05T13:08:26Z</time></trkpt>
<trkpt lat="33.0063348" lon="35.2121906"><ele>332.8</ele><time>2026-03-05T13:08:27Z</time></trkpt>
<trkpt lat="33.0063181" lon="35.2122302"><ele>333.1</ele><time>2026-03-05T13:08:28Z</time></trkpt>
<trkpt lat="33.006301" lon="35.2122678"><ele>333.4</ele><time>2026-03-05T13:08:29Z</time></trkpt>
<trkpt lat="33.006284" lon="35.2123029"><ele>333.7</ele><time>2026-03-05T13:08:30Z</time></trkpt>
<trkpt lat="33.0062655" lon="35.2123368"><ele>334.0</ele><time>2026-03-05T13:08:31Z</time></trkpt>
<trkpt lat="33.0062453" lon="35.2123702"><ele>334.3</ele><time>2026-03-05T13:08:32Z</time></trkpt>
<trkpt lat="33.0062245" lon="35.2124036"><ele>334.6</ele><time>2026-03-05T13:08:33Z</time></trkpt>
<trkpt lat="33.0062023" lon="35.2124392"><ele>334.9</ele><time>2026-03-05T13:08:34Z</time></trkpt>
<trkpt lat="33.0061793" lon="35.2124749"><ele>335.1</ele><time>2026-03-05T13:08:35Z</time></trkpt>
<trkpt lat="33.0061564" lon="35.2125098"><ele>335.4</ele><time>2026-03-05T13:08:36Z</time></trkpt>
<trkpt lat="33.0061331" lon="35.2125471"><ele>335.6</ele><time>2026-03-05T13:08:37Z</time></trkpt>
<trkpt lat="33.006109" lon="35.2125859"><ele>335.8</ele><time>2026-03-05T13:08:38Z</time></trkpt>
<trkpt lat="33.0060838" lon="35.2126234"><ele>336.0</ele><time>2026-03-05T13:08:39Z</time></trkpt>
<trkpt lat="33.0060581" lon="35.2126592"><ele>336.2</ele><time>2026-03-05T13:08:40Z</time></trkpt>
<trkpt lat="33.0060332" lon="35.2126953"><ele>336.4</ele><time>2026-03-05T13:08:41Z</time></trkpt>
<trkpt lat="33.0060098" lon="35.2127319"><ele>336.5</ele><time>2026-03-05T13:08:42Z</time></trkpt>
<trkpt lat="33.0059863" lon="35.2127692"><ele>336.7</ele><time>2026-03-05T13:08:43Z</time></trkpt>
<trkpt lat="33.0059617" lon="35.212808"><ele>336.9</ele><time>2026-03-05T13:08:44Z</time></trkpt>
<trkpt lat="33.0059379" lon="35.2128463"><ele>337.1</ele><time>2026-03-05T13:08:45Z</time></trkpt>
<trkpt lat="33.0059154" lon="35.2128828"><ele>337.2</ele><time>2026-03-05T13:08:46Z</time></trkpt>
<trkpt lat="33.005894" lon="35.2129184"><ele>337.4</ele><time>2026-03-05T13:08:47Z</time></trkpt>
<trkpt lat="33.005873" lon="35.2129541"><ele>337.5</ele><time>2026-03-05T13:08:48Z</time></trkpt>
<trkpt lat="33.0058511" lon="35.2129905"><ele>337.6</ele><time>2026-03-05T13:08:49Z</time></trkpt>
<trkpt lat="33.0058297" lon="35.2130262"><ele>337.8</ele><time>2026-03-05T13:08:50Z</time></trkpt>
<trkpt lat="33.0058089" lon="35.2130606"><ele>337.9</ele><time>2026-03-05T13:08:51Z</time></trkpt>
<trkpt lat="33.005788" lon="35.2130955"><ele>338.0</ele><time>2026-03-05T13:08:52Z</time></trkpt>
<trkpt lat="33.0057666" lon="35.213131"><ele>338.1</ele><time>2026-03-05T13:08:53Z</time></trkpt>
<trkpt lat="33.0057448" lon="35.2131667"><ele>338.3</ele><time>2026-03-05T13:08:54Z</time></trkpt>
<trkpt lat="33.005723" lon="35.2132034"><ele>338.4</ele><time>2026-03-05T13:08:55Z</time></trkpt>
<trkpt lat="33.0057003" lon="35.213242"><ele>338.5</ele><time>2026-03-05T13:08:56Z</time></trkpt>
<trkpt lat="33.0056761" lon="35.2132818"><ele>338.6</ele><time>2026-03-05T13:08:57Z</time></trkpt>
<trkpt lat="33.0056507" lon="35.2133218"><ele>338.8</ele><time>2026-03-05T13:08:58Z</time></trkpt>
<trkpt lat="33.0056244" lon="35.2133637"><ele>338.9</ele><time>2026-03-05T13:08:59Z</time></trkpt>
<trkpt lat="33.0055988" lon="35.2134085"><ele>339.0</ele><time>2026-03-05T13:09:00Z</time></trkpt>
<trkpt lat="33.0055756" lon="35.2134548"><ele>339.1</ele><time>2026-03-05T13:09:01Z</time></trkpt>
<trkpt lat="33.0055554" lon="35.2135013"><ele>339.3</ele><time>2026-03-05T13:09:02Z</time></trkpt>
<trkpt lat="33.0055374" lon="35.213548"><ele>339.4</ele><time>2026-03-05T13:09:03Z</time></trkpt>
<trkpt lat="33.0055215" lon="35.2135949"><ele>339.5</ele><time>2026-03-05T13:09:04Z</time></trkpt>
<trkpt lat="33.0055073" lon="35.2136405"><ele>339.7</ele><time>2026-03-05T13:09:05Z</time></trkpt>
<trkpt lat="33.0054939" lon="35.2136853"><ele>339.8</ele><time>2026-03-05T13:09:06Z</time></trkpt>
<trkpt lat="33.0054816" lon="35.2137318"><ele>340.0</ele><time>2026-03-05T13:09:07Z</time></trkpt>
<trkpt lat="33.0054718" lon="35.21378"><ele>340.1</ele><time>2026-03-05T13:09:08Z</time></trkpt>
<trkpt lat="33.0054671" lon="35.2138282"><ele>340.3</ele><time>2026-03-05T13:09:09Z</time></trkpt>
<trkpt lat="33.0054687" lon="35.2138749"><ele>340.5</ele><time>2026-03-05T13:09:10Z</time></trkpt>
<trkpt lat="33.0054755" lon="35.2139201"><ele>340.7</ele><time>2026-03-05T13:09:11Z</time></trkpt>
<trkpt lat="33.0054856" lon="35.2139637"><ele>341.0</ele><time>2026-03-05T13:09:12Z</time></trkpt>
<trkpt lat="33.0054992" lon="35.2140059"><ele>341.2</ele><time>2026-03-05T13:09:13Z</time></trkpt>
<trkpt lat="33.0055165" lon="35.2140469"><ele>341.4</ele><time>2026-03-05T13:09:14Z</time></trkpt>
<trkpt lat="33.0055366" lon="35.2140858"><ele>341.7</ele><time>2026-03-05T13:09:15Z</time></trkpt>
<trkpt lat="33.005559" lon="35.2141223"><ele>341.9</ele><time>2026-03-05T13:09:16Z</time></trkpt>
<trkpt lat="33.0055832" lon="35.2141567"><ele>342.2</ele><time>2026-03-05T13:09:17Z</time></trkpt>
<trkpt lat="33.005609" lon="35.2141898"><ele>342.4</ele><time>2026-03-05T13:09:18Z</time></trkpt>
<trkpt lat="33.005635" lon="35.2142223"><ele>342.7</ele><time>2026-03-05T13:09:19Z</time></trkpt>
<trkpt lat="33.0056602" lon="35.2142552"><ele>342.9</ele><time>2026-03-05T13:09:20Z</time></trkpt>
<trkpt lat="33.0056848" lon="35.2142884"><ele>343.2</ele><time>2026-03-05T13:09:21Z</time></trkpt>
<trkpt lat="33.0057092" lon="35.214321"><ele>343.4</ele><time>2026-03-05T13:09:22Z</time></trkpt>
<trkpt lat="33.0057328" lon="35.2143533"><ele>343.6</ele><time>2026-03-05T13:09:23Z</time></trkpt>
<trkpt lat="33.0057549" lon="35.2143852"><ele>343.9</ele><time>2026-03-05T13:09:24Z</time></trkpt>
<trkpt lat="33.0057747" lon="35.2144167"><ele>344.1</ele><time>2026-03-05T13:09:25Z</time></trkpt>
<trkpt lat="33.0057928" lon="35.2144482"><ele>344.3</ele><time>2026-03-05T13:09:26Z</time></trkpt>
<trkpt lat="33.0058113" lon="35.2144796"><ele>344.5</ele><time>2026-03-05T13:09:27Z</time></trkpt>
<trkpt lat="33.00583" lon="35.2145113"><ele>344.7</ele><time>2026-03-05T13:09:28Z</time></trkpt>
<trkpt lat="33.0058481" lon="35.2145444"><ele>344.9</ele><time>2026-03-05T13:09:29Z</time></trkpt>
<trkpt lat="33.0058655" lon="35.2145791"><ele>345.1</ele><time>2026-03-05T13:09:30Z</time></trkpt>
<trkpt lat="33.0058828" lon="35.2146151"><ele>345.3</ele><time>2026-03-05T13:09:31Z</time></trkpt>
<trkpt lat="33.0058986" lon="35.214651"><ele>345.5</ele><time>2026-03-05T13:09:32Z</time></trkpt>
<trkpt lat="33.0059123" lon="35.214687"><ele>345.7</ele><time>2026-03-05T13:09:33Z</time></trkpt>
<trkpt lat="33.0059251" lon="35.2147235"><ele>345.9</ele><time>2026-03-05T13:09:34Z</time></trkpt>
<trkpt lat="33.0059377" lon="35.2147606"><ele>346.1</ele><time>2026-03-05T13:09:35Z</time></trkpt>
<trkpt lat="33.0059487" lon="35.2147983"><ele>346.3</ele><time>2026-03-05T13:09:36Z</time></trkpt>
<trkpt lat="33.0059558" lon="35.2148357"><ele>346.5</ele><time>2026-03-05T13:09:37Z</time></trkpt>
<trkpt lat="33.005958" lon="35.2148723"><ele>346.7</ele><time>2026-03-05T13:09:38Z</time></trkpt>
<trkpt lat="33.0059541" lon="35.2149069"><ele>346.9</ele><time>2026-03-05T13:09:39Z</time></trkpt>
<trkpt lat="33.0059436" lon="35.2149383"><ele>347.1</ele><time>2026-03-05T13:09:40Z</time></trkpt>
<trkpt lat="33.0059267" lon="35.2149659"><ele>347.3</ele><time>2026-03-05T13:09:41Z</time></trkpt>
<trkpt lat="33.0059042" lon="35.2149887"><ele>347.5</ele><time>2026-03-05T13:09:42Z</time></trkpt>
<trkpt lat="33.0058782" lon="35.2150074"><ele>347.6</ele><time>2026-03-05T13:09:43Z</time></trkpt>
<trkpt lat="33.0058508" lon="35.2150245"><ele>347.8</ele><time>2026-03-05T13:09:44Z</time></trkpt>
<trkpt lat="33.0058204" lon="35.2150424"><ele>347.9</ele><time>2026-03-05T13:09:45Z</time></trkpt>
<trkpt lat="33.0057876" lon="35.2150613"><ele>348.1</ele><time>2026-03-05T13:09:46Z</time></trkpt>
<trkpt lat="33.0057553" lon="35.2150814"><ele>348.2</ele><time>2026-03-05T13:09:47Z</time></trkpt>
<trkpt lat="33.0057249" lon="35.2151041"><ele>348.3</ele><time>2026-03-05T13:09:48Z</time></trkpt>
<trkpt lat="33.0056966" lon="35.2151287"><ele>348.4</ele><time>2026-03-05T13:09:49Z</time></trkpt>
<trkpt lat="33.00567" lon="35.2151549"><ele>348.5</ele><time>2026-03-05T13:09:50Z</time></trkpt>
<trkpt lat="33.0056448" lon="35.2151838"><ele>348.6</ele><time>2026-03-05T13:09:51Z</time></trkpt>
<trkpt lat="33.0056232" lon="35.2152142"><ele>348.7</ele><time>2026-03-05T13:09:52Z</time></trkpt>
<trkpt lat="33.0056058" lon="35.2152464"><ele>348.8</ele><time>2026-03-05T13:09:53Z</time></trkpt>
<trkpt lat="33.0055914" lon="35.2152805"><ele>348.9</ele><time>2026-03-05T13:09:54Z</time></trkpt>
<trkpt lat="33.0055784" lon="35.2153145"><ele>349.0</ele><time>2026-03-05T13:09:55Z</time></trkpt>
<trkpt lat="33.0055658" lon="35.2153466"><ele>349.1</ele><time>2026-03-05T13:09:56Z</time></trkpt>
<trkpt lat="33.0055536" lon="35.2153767"><ele>349.2</ele><time>2026-03-05T13:09:57Z</time></trkpt>
<trkpt lat="33.0055411" lon="35.2154053"><ele>349.3</ele><time>2026-03-05T13:09:58Z</time></trkpt>
<trkpt lat="33.0055254" lon="35.2154306"><ele>349.4</ele><time>2026-03-05T13:09:59Z</time></trkpt>
<trkpt lat="33.0055059" lon="35.215449"><ele>349.5</ele><time>2026-03-05T13:10:00Z</time></trkpt>
<trkpt lat="33.0054846" lon="35.2154586"><ele>349.6</ele><time>2026-03-05T13:10:01Z</time></trkpt>
<trkpt lat="33.0054619" lon="35.215461"><ele>349.7</ele><time>2026-03-05T13:10:02Z</time></trkpt>
<trkpt lat="33.0054375" lon="35.2154593"><ele>349.8</ele><time>2026-03-05T13:10:03Z</time></trkpt>
<trkpt lat="33.0054099" lon="35.2154564"><ele>349.8</ele><time>2026-03-05T13:10:04Z</time></trkpt>
<trkpt lat="33.0053786" lon="35.2154556"><ele>349.8</ele><time>2026-03-05T13:10:05Z</time></trkpt>
<trkpt lat="33.0053449" lon="35.2154599"><ele>349.8</ele><time>2026-03-05T13:10:06Z</time></trkpt>
<trkpt lat="33.0053106" lon="35.2154705"><ele>349.7</ele><time>2026-03-05T13:10:07Z</time></trkpt>
<trkpt lat="33.0052775" lon="35.2154872"><ele>349.6</ele><time>2026-03-05T13:10:08Z</time></trkpt>
<trkpt lat="33.0052473" lon="35.215508"><ele>349.5</ele><time>2026-03-05T13:10:09Z</time></trkpt>
<trkpt lat="33.0052208" lon="35.2155316"><ele>349.4</ele><time>2026-03-05T13:10:10Z</time></trkpt>
<trkpt lat="33.0051978" lon="35.215556"><ele>349.3</ele><time>2026-03-05T13:10:11Z</time></trkpt>
<trkpt lat="33.0051782" lon="35.2155779"><ele>349.2</ele><time>2026-03-05T13:10:12Z</time></trkpt>
<trkpt lat="33.0051621" lon="35.2155928"><ele>349.1</ele><time>2026-03-05T13:10:13Z</time></trkpt>
<trkpt lat="33.0051476" lon="35.2155992"><ele>349.0</ele><time>2026-03-05T13:10:14Z</time></trkpt>
<trkpt lat="33.0051322" lon="35.2155975"><ele>349.0</ele><time>2026-03-05T13:10:15Z</time></trkpt>
<trkpt lat="33.0051154" lon="35.2155882"><ele>348.9</ele><time>2026-03-05T13:10:16Z</time></trkpt>
<trkpt lat="33.0050986" lon="35.2155737"><ele>348.9</ele><time>2026-03-05T13:10:17Z</time></trkpt>
<trkpt lat="33.0050854" lon="35.2155291"><ele>348.9</ele><time>2026-03-05T13:10:20Z</time></trkpt>
<trkpt lat="33.005091" lon="35.2155133"><ele>348.9</ele><time>2026-03-05T13:10:21Z</time></trkpt>
<trkpt lat="33.0051003" lon="35.2154914"><ele>348.8</ele><time>2026-03-05T13:10:22Z</time></trkpt>
<trkpt lat="33.0051038" lon="35.2154866"><ele>348.8</ele><time>2026-03-05T13:10:23Z</time></trkpt>
<trkpt lat="33.005106" lon="35.2154835"><ele>348.7</ele><time>2026-03-05T13:10:24Z</time></trkpt>
<trkpt lat="33.0051067" lon="35.2154809"><ele>348.7</ele><time>2026-03-05T13:10:25Z</time></trkpt>
<trkpt lat="33.0051072" lon="35.2154791"><ele>348.6</ele><time>2026-03-05T13:10:26Z</time></trkpt>
<trkpt lat="33.0051088" lon="35.2154783"><ele>348.6</ele><time>2026-03-05T13:10:27Z</time></trkpt>
<trkpt lat="33.0051108" lon="35.2154774"><ele>348.5</ele><time>2026-03-05T13:10:28Z</time></trkpt>
<trkpt lat="33.0051127" lon="35.215477"><ele>348.5</ele><time>2026-03-05T13:10:29Z</time></trkpt>
<trkpt lat="33.0051141" lon="35.2154774"><ele>348.4</ele><time>2026-03-05T13:10:30Z</time></trkpt>
<trkpt lat="33.0051143" lon="35.2154786"><ele>348.4</ele><time>2026-03-05T13:10:31Z</time></trkpt>
<trkpt lat="33.0051137" lon="35.2154804"><ele>348.3</ele><time>2026-03-05T13:10:32Z</time></trkpt>
<trkpt lat="33.0051139" lon="35.2154817"><ele>348.2</ele><time>2026-03-05T13:10:33Z</time></trkpt>
<trkpt lat="33.005115" lon="35.215483"><ele>348.1</ele><time>2026-03-05T13:10:34Z</time></trkpt>
<trkpt lat="33.0051158" lon="35.2154838"><ele>348.0</ele><time>2026-03-05T13:10:35Z</time></trkpt>
<trkpt lat="33.005116" lon="35.2154837"><ele>347.9</ele><time>2026-03-05T13:10:36Z</time></trkpt>
<trkpt lat="33.0051161" lon="35.2154837"><ele>347.8</ele><time>2026-03-05T13:10:37Z</time></trkpt>
<trkpt lat="33.0051161" lon="35.2154836"><ele>347.9</ele><time>2026-03-05T13:10:38Z</time></trkpt>
<trkpt lat="33.005093" lon="35.2154591"><ele>349.6</ele><time>2026-03-05T13:10:56Z</time></trkpt>
<trkpt lat="33.0050908" lon="35.2154564"><ele>349.6</ele><time>2026-03-05T13:10:57Z</time></trkpt>
<trkpt lat="33.0050893" lon="35.2154538"><ele>349.5</ele><time>2026-03-05T13:10:58Z</time></trkpt>
<trkpt lat="33.0050885" lon="35.2154506"><ele>349.3</ele><time>2026-03-05T13:10:59Z</time></trkpt>
<trkpt lat="33.0050886" lon="35.2154483"><ele>349.1</ele><time>2026-03-05T13:11:00Z</time></trkpt>
<trkpt lat="33.0050892" lon="35.2154462"><ele>348.9</ele><time>2026-03-05T13:11:01Z</time></trkpt>
<trkpt lat="33.00509" lon="35.215444"><ele>348.8</ele><time>2026-03-05T13:11:02Z</time></trkpt>
<trkpt lat="33.005091" lon="35.2154419"><ele>348.7</ele><time>2026-03-05T13:11:03Z</time></trkpt>
<trkpt lat="33.0050919" lon="35.2154395"><ele>348.6</ele><time>2026-03-05T13:11:04Z</time></trkpt>
<trkpt lat="33.0050926" lon="35.2154371"><ele>348.5</ele><time>2026-03-05T13:11:05Z</time></trkpt>
<trkpt lat="33.0050932" lon="35.2154346"><ele>348.5</ele><time>2026-03-05T13:11:06Z</time></trkpt>
<trkpt lat="33.0050933" lon="35.2154321"><ele>348.4</ele><time>2026-03-05T13:11:07Z</time></trkpt>
<trkpt lat="33.0050932" lon="35.2154298"><ele>348.4</ele><time>2026-03-05T13:11:08Z</time></trkpt>
<trkpt lat="33.0050929" lon="35.2154277"><ele>348.4</ele><time>2026-03-05T13:11:09Z</time></trkpt>
<trkpt lat="33.0050924" lon="35.215426"><ele>348.4</ele><time>2026-03-05T13:11:10Z</time></trkpt>
<trkpt lat="33.0050919" lon="35.2154248"><ele>348.4</ele><time>2026-03-05T13:11:11Z</time></trkpt>
<trkpt lat="33.0050915" lon="35.2154242"><ele>348.4</ele><time>2026-03-05T13:11:12Z</time></trkpt>
<trkpt lat="33.0050913" lon="35.2154243"><ele>348.4</ele><time>2026-03-05T13:11:13Z</time></trkpt>
<trkpt lat="33.0050911" lon="35.2154252"><ele>348.4</ele><time>2026-03-05T13:11:14Z</time></trkpt>
<trkpt lat="33.0050911" lon="35.2154266"><ele>348.4</ele><time>2026-03-05T13:11:15Z</time></trkpt>
<trkpt lat="33.0050911" lon="35.2154285"><ele>348.4</ele><time>2026-03-05T13:11:16Z</time></trkpt>
<trkpt lat="33.005091" lon="35.2154306"><ele>348.4</ele><time>2026-03-05T13:11:17Z</time></trkpt>
<trkpt lat="33.005091" lon="35.2154326"><ele>348.4</ele><time>2026-03-05T13:11:18Z</time></trkpt>
<trkpt lat="33.005091" lon="35.2154344"><ele>348.4</ele><time>2026-03-05T13:11:19Z</time></trkpt>
<trkpt lat="33.0050911" lon="35.2154359"><ele>348.4</ele><time>2026-03-05T13:11:20Z</time></trkpt>
<trkpt lat="33.0050915" lon="35.2154371"><ele>348.5</ele><time>2026-03-05T13:11:21Z</time></trkpt>
<trkpt lat="33.0050923" lon="35.2154383"><ele>348.5</ele><time>2026-03-05T13:11:22Z</time></trkpt>
<trkpt lat="33.0050934" lon="35.2154394"><ele>348.5</ele><time>2026-03-05T13:11:23Z</time></trkpt>
<trkpt lat="33.0050947" lon="35.2154405"><ele>348.5</ele><time>2026-03-05T13:11:24Z</time></trkpt>
<trkpt lat="33.0050961" lon="35.2154415"><ele>348.5</ele><time>2026-03-05T13:11:25Z</time></trkpt>
<trkpt lat="33.0050973" lon="35.2154423"><ele>348.5</ele><time>2026-03-05T13:11:26Z</time></trkpt>
<trkpt lat="33.0050978" lon="35.2154427"><ele>348.5</ele><time>2026-03-05T13:11:27Z</time></trkpt>
<trkpt lat="33.0050976" lon="35.2154425"><ele>348.5</ele><time>2026-03-05T13:11:28Z</time></trkpt>
<trkpt lat="33.0050966" lon="35.2154417"><ele>348.5</ele><time>2026-03-05T13:11:29Z</time></trkpt>
<trkpt lat="33.0050947" lon="35.2154403"><ele>348.5</ele><time>2026-03-05T13:11:30Z</time></trkpt>
<trkpt lat="33.0050924" lon="35.2154385"><ele>348.5</ele><time>2026-03-05T13:11:31Z</time></trkpt>
<trkpt lat="33.0050899" lon="35.2154365"><ele>348.5</ele><time>2026-03-05T13:11:32Z</time></trkpt>
<trkpt lat="33.0050874" lon="35.2154345"><ele>348.5</ele><time>2026-03-05T13:11:33Z</time></trkpt>
<trkpt lat="33.0050853" lon="35.2154327"><ele>348.5</ele><time>2026-03-05T13:11:34Z</time></trkpt>
<trkpt lat="33.0050835" lon="35.2154313"><ele>348.5</ele><time>2026-03-05T13:11:35Z</time></trkpt>
<trkpt lat="33.0050821" lon="35.2154302"><ele>348.5</ele><time>2026-03-05T13:11:36Z</time></trkpt>
<trkpt lat="33.005081" lon="35.2154294"><ele>348.5</ele><time>2026-03-05T13:11:37Z</time></trkpt>
<trkpt lat="33.0050803" lon="35.2154288"><ele>348.5</ele><time>2026-03-05T13:11:38Z</time></trkpt>
<trkpt lat="33.00508" lon="35.2154285"><ele>348.5</ele><time>2026-03-05T13:11:39Z</time></trkpt>
<trkpt lat="33.0050798" lon="35.2154284"><ele>348.5</ele><time>2026-03-05T13:11:40Z</time></trkpt>
<trkpt lat="33.0050799" lon="35.2154285"><ele>348.6</ele><time>2026-03-05T13:11:41Z</time></trkpt>
<trkpt lat="33.0050802" lon="35.2154288"><ele>348.6</ele><time>2026-03-05T13:11:42Z</time></trkpt>
<trkpt lat="33.0050805" lon="35.2154291"><ele>348.6</ele><time>2026-03-05T13:11:43Z</time></trkpt>
<trkpt lat="33.005081" lon="35.2154296"><ele>348.6</ele><time>2026-03-05T13:11:44Z</time></trkpt>
<trkpt lat="33.0050815" lon="35.2154301"><ele>348.6</ele><time>2026-03-05T13:11:45Z</time></trkpt>
<trkpt lat="33.0050819" lon="35.2154306"><ele>348.6</ele><time>2026-03-05T13:11:46Z</time></trkpt>
<trkpt lat="33.0050823" lon="35.2154311"><ele>348.6</ele><time>2026-03-05T13:11:47Z</time></trkpt>
<trkpt lat="33.0050826" lon="35.2154315"><ele>348.6</ele><time>2026-03-05T13:11:48Z</time></trkpt>
<trkpt lat="33.0050827" lon="35.2154318"><ele>348.6</ele><time>2026-03-05T13:11:49Z</time></trkpt>
<trkpt lat="33.0050826" lon="35.2154319"><ele>348.6</ele><time>2026-03-05T13:11:50Z</time></trkpt>
<trkpt lat="33.0050821" lon="35.2154317"><ele>348.6</ele><time>2026-03-05T13:11:51Z</time></trkpt>
<trkpt lat="33.0050813" lon="35.2154313"><ele>348.6</ele><time>2026-03-05T13:11:52Z</time></trkpt>
<trkpt lat="33.00508" lon="35.2154305"><ele>348.6</ele><time>2026-03-05T13:11:53Z</time></trkpt>
<trkpt lat="33.0050781" lon="35.2154294"><ele>348.6</ele><time>2026-03-05T13:11:54Z</time></trkpt>
<trkpt lat="33.0050758" lon="35.2154279"><ele>348.5</ele><time>2026-03-05T13:11:55Z</time></trkpt>
<trkpt lat="33.0050732" lon="35.2154263"><ele>348.5</ele><time>2026-03-05T13:11:56Z</time></trkpt>
<trkpt lat="33.0050705" lon="35.2154245"><ele>348.5</ele><time>2026-03-05T13:11:57Z</time></trkpt>
<trkpt lat="33.005068" lon="35.2154229"><ele>348.5</ele><time>2026-03-05T13:11:58Z</time></trkpt>
<trkpt lat="33.0050661" lon="35.2154216"><ele>348.5</ele><time>2026-03-05T13:11:59Z</time></trkpt>
<trkpt lat="33.0050647" lon="35.2154206"><ele>348.5</ele><time>2026-03-05T13:12:00Z</time></trkpt>
<trkpt lat="33.0050638" lon="35.21542"><ele>348.5</ele><time>2026-03-05T13:12:01Z</time></trkpt>
<trkpt lat="33.0050634" lon="35.2154197"><ele>348.5</ele><time>2026-03-05T13:12:02Z</time></trkpt>
<trkpt lat="33.0050633" lon="35.2154197"><ele>348.5</ele><time>2026-03-05T13:12:03Z</time></trkpt>
<trkpt lat="33.0050635" lon="35.21542"><ele>348.5</ele><time>2026-03-05T13:12:04Z</time></trkpt>
<trkpt lat="33.005064" lon="35.2154206"><ele>348.5</ele><time>2026-03-05T13:12:05Z</time></trkpt>
<trkpt lat="33.0050648" lon="35.2154215"><ele>348.5</ele><time>2026-03-05T13:12:06Z</time></trkpt>
<trkpt lat="33.0050659" lon="35.2154225"><ele>348.5</ele><time>2026-03-05T13:12:07Z</time></trkpt>
<trkpt lat="33.0050673" lon="35.2154237"><ele>348.6</ele><time>2026-03-05T13:12:08Z</time></trkpt>
<trkpt lat="33.0050692" lon="35.215425"><ele>348.6</ele><time>2026-03-05T13:12:09Z</time></trkpt>
<trkpt lat="33.0050714" lon="35.2154261"><ele>348.6</ele><time>2026-03-05T13:12:10Z</time></trkpt>
<trkpt lat="33.005074" lon="35.215427"><ele>348.6</ele><time>2026-03-05T13:12:11Z</time></trkpt>
<trkpt lat="33.0050766" lon="35.2154272"><ele>348.6</ele><time>2026-03-05T13:12:12Z</time></trkpt>
<trkpt lat="33.0050792" lon="35.2154267"><ele>348.6</ele><time>2026-03-05T13:12:13Z</time></trkpt>
<trkpt lat="33.0050815" lon="35.2154257"><ele>348.6</ele><time>2026-03-05T13:12:14Z</time></trkpt>
<trkpt lat="33.0050836" lon="35.2154243"><ele>348.6</ele><time>2026-03-05T13:12:15Z</time></trkpt>
<trkpt lat="33.0050854" lon="35.2154227"><ele>348.6</ele><time>2026-03-05T13:12:16Z</time></trkpt>
<trkpt lat="33.0050872" lon="35.2154211"><ele>348.7</ele><time>2026-03-05T13:12:17Z</time></trkpt>
<trkpt lat="33.0050888" lon="35.2154198"><ele>348.7</ele><time>2026-03-05T13:12:18Z</time></trkpt>
<trkpt lat="33.0050904" lon="35.2154187"><ele>348.7</ele><time>2026-03-05T13:12:19Z</time></trkpt>
<trkpt lat="33.005092" lon="35.2154177"><ele>348.8</ele><time>2026-03-05T13:12:20Z</time></trkpt>
<trkpt lat="33.0050936" lon="35.215417"><ele>348.8</ele><time>2026-03-05T13:12:21Z</time></trkpt>
<trkpt lat="33.0050949" lon="35.2154165"><ele>348.8</ele><time>2026-03-05T13:12:22Z</time></trkpt>
<trkpt lat="33.005096" lon="35.215416"><ele>348.9</ele><time>2026-03-05T13:12:23Z</time></trkpt>
<trkpt lat="33.0050967" lon="35.2154157"><ele>348.9</ele><time>2026-03-05T13:12:24Z</time></trkpt>
<trkpt lat="33.0050971" lon="35.2154156"><ele>348.9</ele><time>2026-03-05T13:12:25Z</time></trkpt>
<trkpt lat="33.0050971" lon="35.2154156"><ele>349.0</ele><time>2026-03-05T13:12:26Z</time></trkpt>
<trkpt lat="33.0050968" lon="35.2154158"><ele>349.0</ele><time>2026-03-05T13:12:27Z</time></trkpt>
<trkpt lat="33.0050963" lon="35.2154162"><ele>349.0</ele><time>2026-03-05T13:12:28Z</time></trkpt>
<trkpt lat="33.0050958" lon="35.2154168"><ele>349.0</ele><time>2026-03-05T13:12:29Z</time></trkpt>
<trkpt lat="33.0050953" lon="35.2154178"><ele>349.0</ele><time>2026-03-05T13:12:30Z</time></trkpt>
<trkpt lat="33.0050949" lon="35.215419"><ele>349.0</ele><time>2026-03-05T13:12:31Z</time></trkpt>
<trkpt lat="33.0050948" lon="35.2154204"><ele>349.0</ele><time>2026-03-05T13:12:32Z</time></trkpt>
<trkpt lat="33.0050951" lon="35.2154221"><ele>349.0</ele><time>2026-03-05T13:12:33Z</time></trkpt>
<trkpt lat="33.0050958" lon="35.2154241"><ele>349.0</ele><time>2026-03-05T13:12:34Z</time></trkpt>
<trkpt lat="33.0050969" lon="35.2154261"><ele>349.0</ele><time>2026-03-05T13:12:35Z</time></trkpt>
<trkpt lat="33.0050985" lon="35.2154283"><ele>349.0</ele><time>2026-03-05T13:12:36Z</time></trkpt>
<trkpt lat="33.0051004" lon="35.2154305"><ele>348.9</ele><time>2026-03-05T13:12:37Z</time></trkpt>
<trkpt lat="33.0051027" lon="35.2154326"><ele>348.9</ele><time>2026-03-05T13:12:38Z</time></trkpt>
<trkpt lat="33.0051051" lon="35.2154345"><ele>348.9</ele><time>2026-03-05T13:12:39Z</time></trkpt>
<trkpt lat="33.0051075" lon="35.2154363"><ele>348.8</ele><time>2026-03-05T13:12:40Z</time></trkpt>
<trkpt lat="33.0051097" lon="35.2154377"><ele>348.8</ele><time>2026-03-05T13:12:41Z</time></trkpt>
<trkpt lat="33.0051116" lon="35.2154388"><ele>348.7</ele><time>2026-03-05T13:12:42Z</time></trkpt>
<trkpt lat="33.005113" lon="35.2154395"><ele>348.7</ele><time>2026-03-05T13:12:43Z</time></trkpt>
<trkpt lat="33.0051138" lon="35.2154397"><ele>348.6</ele><time>2026-03-05T13:12:44Z</time></trkpt>
<trkpt lat="33.005114" lon="35.2154393"><ele>348.6</ele><time>2026-03-05T13:12:45Z</time></trkpt>
<trkpt lat="33.0051137" lon="35.2154382"><ele>348.6</ele><time>2026-03-05T13:12:46Z</time></trkpt>
<trkpt lat="33.0051128" lon="35.2154366"><ele>348.5</ele><time>2026-03-05T13:12:47Z</time></trkpt>
<trkpt lat="33.0051114" lon="35.2154343"><ele>348.5</ele><time>2026-03-05T13:12:48Z</time></trkpt>
<trkpt lat="33.0051097" lon="35.2154316"><ele>348.5</ele><time>2026-03-05T13:12:49Z</time></trkpt>
<trkpt lat="33.0051078" lon="35.2154284"><ele>348.5</ele><time>2026-03-05T13:12:50Z</time></trkpt>
<trkpt lat="33.0051057" lon="35.2154251"><ele>348.5</ele><time>2026-03-05T13:12:51Z</time></trkpt>
<trkpt lat="33.0051036" lon="35.2154216"><ele>348.4</ele><time>2026-03-05T13:12:52Z</time></trkpt>
<trkpt lat="33.0051015" lon="35.2154182"><ele>348.4</ele><time>2026-03-05T13:12:53Z</time></trkpt>
<trkpt lat="33.0050996" lon="35.2154151"><ele>348.4</ele><time>2026-03-05T13:12:54Z</time></trkpt>
<trkpt lat="33.0050977" lon="35.2154122"><ele>348.4</ele><time>2026-03-05T13:12:55Z</time></trkpt>
<trkpt lat="33.0050961" lon="35.2154098"><ele>348.4</ele><time>2026-03-05T13:12:56Z</time></trkpt>
<trkpt lat="33.0050948" lon="35.2154078"><ele>348.4</ele><time>2026-03-05T13:12:57Z</time></trkpt>
<trkpt lat="33.0050939" lon="35.2154065"><ele>348.4</ele><time>2026-03-05T13:12:58Z</time></trkpt>
<trkpt lat="33.0050934" lon="35.2154056"><ele>348.3</ele><time>2026-03-05T13:12:59Z</time></trkpt>
<trkpt lat="33.0050933" lon="35.2154052"><ele>348.3</ele><time>2026-03-05T13:13:00Z</time></trkpt>
<trkpt lat="33.0050936" lon="35.2154053"><ele>348.3</ele><time>2026-03-05T13:13:01Z</time></trkpt>
<trkpt lat="33.0050942" lon="35.2154056"><ele>348.3</ele><time>2026-03-05T13:13:02Z</time></trkpt>
<trkpt lat="33.0050949" lon="35.2154061"><ele>348.3</ele><time>2026-03-05T13:13:03Z</time></trkpt>
<trkpt lat="33.0050957" lon="35.2154066"><ele>348.4</ele><time>2026-03-05T13:13:04Z</time></trkpt>
<trkpt lat="33.0050965" lon="35.2154072"><ele>348.4</ele><time>2026-03-05T13:13:05Z</time></trkpt>
<trkpt lat="33.0050973" lon="35.2154077"><ele>348.4</ele><time>2026-03-05T13:13:06Z</time></trkpt>
<trkpt lat="33.005098" lon="35.2154081"><ele>348.5</ele><time>2026-03-05T13:13:07Z</time></trkpt>
<trkpt lat="33.0050986" lon="35.2154085"><ele>348.5</ele><time>2026-03-05T13:13:08Z</time></trkpt>
<trkpt lat="33.0050992" lon="35.2154088"><ele>348.5</ele><time>2026-03-05T13:13:09Z</time></trkpt>
<trkpt lat="33.0050998" lon="35.2154091"><ele>348.6</ele><time>2026-03-05T13:13:10Z</time></trkpt>
<trkpt lat="33.0051003" lon="35.2154094"><ele>348.6</ele><time>2026-03-05T13:13:11Z</time></trkpt>
<trkpt lat="33.005101" lon="35.2154098"><ele>348.6</ele><time>2026-03-05T13:13:12Z</time></trkpt>
<trkpt lat="33.0051017" lon="35.2154103"><ele>348.6</ele><time>2026-03-05T13:13:13Z</time></trkpt>
<trkpt lat="33.0051026" lon="35.2154109"><ele>348.6</ele><time>2026-03-05T13:13:14Z</time></trkpt>
<trkpt lat="33.0051036" lon="35.2154117"><ele>348.6</ele><time>2026-03-05T13:13:15Z</time></trkpt>
<trkpt lat="33.0051047" lon="35.2154128"><ele>348.6</ele><time>2026-03-05T13:13:16Z</time></trkpt>
<trkpt lat="33.005106" lon="35.2154141"><ele>348.6</ele><time>2026-03-05T13:13:17Z</time></trkpt>
<trkpt lat="33.0051074" lon="35.2154155"><ele>348.6</ele><time>2026-03-05T13:13:18Z</time></trkpt>
<trkpt lat="33.0051088" lon="35.2154172"><ele>348.6</ele><time>2026-03-05T13:13:19Z</time></trkpt>
<trkpt lat="33.0051103" lon="35.215419"><ele>348.6</ele><time>2026-03-05T13:13:20Z</time></trkpt>
<trkpt lat="33.0051118" lon="35.2154209"><ele>348.6</ele><time>2026-03-05T13:13:21Z</time></trkpt>
<trkpt lat="33.0051134" lon="35.215423"><ele>348.6</ele><time>2026-03-05T13:13:22Z</time></trkpt>
<trkpt lat="33.005115" lon="35.2154252"><ele>348.6</ele><time>2026-03-05T13:13:23Z</time></trkpt>
<trkpt lat="33.0051166" lon="35.2154275"><ele>348.6</ele><time>2026-03-05T13:13:24Z</time></trkpt>
<trkpt lat="33.0051182" lon="35.21543"><ele>348.6</ele><time>2026-03-05T13:13:25Z</time></trkpt>
<trkpt lat="33.0051196" lon="35.2154327"><ele>348.6</ele><time>2026-03-05T13:13:26Z</time></trkpt>
<trkpt lat="33.005121" lon="35.2154355"><ele>348.6</ele><time>2026-03-05T13:13:27Z</time></trkpt>
<trkpt lat="33.005122" lon="35.2154386"><ele>348.6</ele><time>2026-03-05T13:13:28Z</time></trkpt>
<trkpt lat="33.0051228" lon="35.2154418"><ele>348.6</ele><time>2026-03-05T13:13:29Z</time></trkpt>
<trkpt lat="33.0051234" lon="35.2154452"><ele>348.6</ele><time>2026-03-05T13:13:30Z</time></trkpt>
<trkpt lat="33.0051238" lon="35.2154488"><ele>348.6</ele><time>2026-03-05T13:13:31Z</time></trkpt>
<trkpt lat="33.005124" lon="35.2154524"><ele>348.5</ele><time>2026-03-05T13:13:32Z</time></trkpt>
<trkpt lat="33.0051243" lon="35.215456"><ele>348.5</ele><time>2026-03-05T13:13:33Z</time></trkpt>
<trkpt lat="33.0051246" lon="35.2154593"><ele>348.5</ele><time>2026-03-05T13:13:34Z</time></trkpt>
<trkpt lat="33.0051251" lon="35.2154622"><ele>348.5</ele><time>2026-03-05T13:13:35Z</time></trkpt>
<trkpt lat="33.0051256" lon="35.2154646"><ele>348.5</ele><time>2026-03-05T13:13:36Z</time></trkpt>
<trkpt lat="33.0051264" lon="35.2154665"><ele>348.5</ele><time>2026-03-05T13:13:37Z</time></trkpt>
<trkpt lat="33.0051274" lon="35.2154678"><ele>348.5</ele><time>2026-03-05T13:13:38Z</time></trkpt>
<trkpt lat="33.0051285" lon="35.2154685"><ele>348.4</ele><time>2026-03-05T13:13:39Z</time></trkpt>
<trkpt lat="33.0051297" lon="35.2154687"><ele>348.4</ele><time>2026-03-05T13:13:40Z</time></trkpt>
<trkpt lat="33.005131" lon="35.2154685"><ele>348.3</ele><time>2026-03-05T13:13:41Z</time></trkpt>
<trkpt lat="33.0051323" lon="35.215468"><ele>348.3</ele><time>2026-03-05T13:13:42Z</time></trkpt>
<trkpt lat="33.0051336" lon="35.2154675"><ele>348.2</ele><time>2026-03-05T13:13:43Z</time></trkpt>
<trkpt lat="33.0051348" lon="35.215467"><ele>348.1</ele><time>2026-03-05T13:13:44Z</time></trkpt>
<trkpt lat="33.0051358" lon="35.2154667"><ele>348.0</ele><time>2026-03-05T13:13:45Z</time></trkpt>
<trkpt lat="33.0051368" lon="35.2154667"><ele>348.0</ele><time>2026-03-05T13:13:46Z</time></trkpt>
<trkpt lat="33.0051376" lon="35.2154671"><ele>348.0</ele><time>2026-03-05T13:13:47Z</time></trkpt>
<trkpt lat="33.0051384" lon="35.2154681"><ele>347.9</ele><time>2026-03-05T13:13:48Z</time></trkpt>
<trkpt lat="33.0051391" lon="35.2154695"><ele>347.9</ele><time>2026-03-05T13:13:49Z</time></trkpt>
<trkpt lat="33.0051398" lon="35.2154714"><ele>347.9</ele><time>2026-03-05T13:13:50Z</time></trkpt>
<trkpt lat="33.0051404" lon="35.2154737"><ele>347.9</ele><time>2026-03-05T13:13:51Z</time></trkpt>
<trkpt lat="33.0051409" lon="35.2154764"><ele>347.9</ele><time>2026-03-05T13:13:52Z</time></trkpt>
<trkpt lat="33.0051411" lon="35.2154793"><ele>347.9</ele><time>2026-03-05T13:13:53Z</time></trkpt>
<trkpt lat="33.005141" lon="35.2154823"><ele>347.9</ele><time>2026-03-05T13:13:54Z</time></trkpt>
<trkpt lat="33.0051404" lon="35.2154854"><ele>347.9</ele><time>2026-03-05T13:13:55Z</time></trkpt>
<trkpt lat="33.0051393" lon="35.2154884"><ele>347.9</ele><time>2026-03-05T13:13:56Z</time></trkpt>
<trkpt lat="33.0051377" lon="35.2154912"><ele>347.9</ele><time>2026-03-05T13:13:57Z</time></trkpt>
<trkpt lat="33.0051356" lon="35.2154939"><ele>347.9</ele><time>2026-03-05T13:13:58Z</time></trkpt>
<trkpt lat="33.0051332" lon="35.2154962"><ele>348.0</ele><time>2026-03-05T13:13:59Z</time></trkpt>
<trkpt lat="33.0051304" lon="35.2154982"><ele>348.0</ele><time>2026-03-05T13:14:00Z</time></trkpt>
<trkpt lat="33.0051273" lon="35.2154996"><ele>348.0</ele><time>2026-03-05T13:14:01Z</time></trkpt>
<trkpt lat="33.0051239" lon="35.2155006"><ele>347.9</ele><time>2026-03-05T13:14:02Z</time></trkpt>
<trkpt lat="33.0051203" lon="35.215501"><ele>347.9</ele><time>2026-03-05T13:14:03Z</time></trkpt>
<trkpt lat="33.0051165" lon="35.2155009"><ele>347.9</ele><time>2026-03-05T13:14:04Z</time></trkpt>
<trkpt lat="33.0051126" lon="35.2155004"><ele>347.9</ele><time>2026-03-05T13:14:05Z</time></trkpt>
<trkpt lat="33.0051088" lon="35.2154995"><ele>347.9</ele><time>2026-03-05T13:14:06Z</time></trkpt>
<trkpt lat="33.0051051" lon="35.2154983"><ele>347.8</ele><time>2026-03-05T13:14:07Z</time></trkpt>
<trkpt lat="33.0051017" lon="35.2154969"><ele>347.8</ele><time>2026-03-05T13:14:08Z</time></trkpt>
<trkpt lat="33.0050986" lon="35.2154953"><ele>347.8</ele><time>2026-03-05T13:14:09Z</time></trkpt>
<trkpt lat="33.0050961" lon="35.2154936"><ele>347.8</ele><time>2026-03-05T13:14:10Z</time></trkpt>
<trkpt lat="33.0050941" lon="35.2154919"><ele>347.8</ele><time>2026-03-05T13:14:11Z</time></trkpt>
<trkpt lat="33.0050929" lon="35.2154903"><ele>347.8</ele><time>2026-03-05T13:14:12Z</time></trkpt>
<trkpt lat="33.0050925" lon="35.2154888"><ele>347.7</ele><time>2026-03-05T13:14:13Z</time></trkpt>
<trkpt lat="33.0050927" lon="35.2154873"><ele>347.7</ele><time>2026-03-05T13:14:14Z</time></trkpt>
<trkpt lat="33.0050933" lon="35.2154859"><ele>347.7</ele><time>2026-03-05T13:14:15Z</time></trkpt>
<trkpt lat="33.0050942" lon="35.2154845"><ele>347.7</ele><time>2026-03-05T13:14:16Z</time></trkpt>
<trkpt lat="33.005095" lon="35.2154832"><ele>347.7</ele><time>2026-03-05T13:14:17Z</time></trkpt>
<trkpt lat="33.0050955" lon="35.2154819"><ele>347.7</ele><time>2026-03-05T13:14:18Z</time></trkpt>
<trkpt lat="33.0050956" lon="35.2154806"><ele>347.6</ele><time>2026-03-05T13:14:19Z</time></trkpt>
<trkpt lat="33.0050952" lon="35.2154793"><ele>347.6</ele><time>2026-03-05T13:14:20Z</time></trkpt>
<trkpt lat="33.0050944" lon="35.2154781"><ele>347.6</ele><time>2026-03-05T13:14:21Z</time></trkpt>
<trkpt lat="33.0050931" lon="35.2154771"><ele>347.5</ele><time>2026-03-05T13:14:22Z</time></trkpt>
<trkpt lat="33.0050915" lon="35.2154762"><ele>347.5</ele><time>2026-03-05T13:14:23Z</time></trkpt>
<trkpt lat="33.0050897" lon="35.2154756"><ele>347.4</ele><time>2026-03-05T13:14:24Z</time></trkpt>
<trkpt lat="33.0050879" lon="35.2154752"><ele>347.4</ele><time>2026-03-05T13:14:25Z</time></trkpt>
<trkpt lat="33.0050862" lon="35.2154751"><ele>347.4</ele><time>2026-03-05T13:14:26Z</time></trkpt>
<trkpt lat="33.0050846" lon="35.215475"><ele>347.3</ele><time>2026-03-05T13:14:27Z</time></trkpt>
<trkpt lat="33.0050832" lon="35.2154751"><ele>347.3</ele><time>2026-03-05T13:14:28Z</time></trkpt>
<trkpt lat="33.005082" lon="35.2154751"><ele>347.3</ele><time>2026-03-05T13:14:29Z</time></trkpt>
<trkpt lat="33.005081" lon="35.2154752"><ele>347.3</ele><time>2026-03-05T13:14:30Z</time></trkpt>
<trkpt lat="33.0050801" lon="35.2154751"><ele>347.2</ele><time>2026-03-05T13:14:31Z</time></trkpt>
<trkpt lat="33.0050794" lon="35.2154749"><ele>347.2</ele><time>2026-03-05T13:14:32Z</time></trkpt>
<trkpt lat="33.0050787" lon="35.2154746"><ele>347.2</ele><time>2026-03-05T13:14:33Z</time></trkpt>
<trkpt lat="33.0050781" lon="35.215474"><ele>347.2</ele><time>2026-03-05T13:14:34Z</time></trkpt>
<trkpt lat="33.0050775" lon="35.2154732"><ele>347.2</ele><time>2026-03-05T13:14:35Z</time></trkpt>
<trkpt lat="33.005077" lon="35.2154722"><ele>347.2</ele><time>2026-03-05T13:14:36Z</time></trkpt>
<trkpt lat="33.0050766" lon="35.2154712"><ele>347.2</ele><time>2026-03-05T13:14:37Z</time></trkpt>
<trkpt lat="33.0050762" lon="35.21547"><ele>347.2</ele><time>2026-03-05T13:14:38Z</time></trkpt>
<trkpt lat="33.0050758" lon="35.2154688"><ele>347.2</ele><time>2026-03-05T13:14:39Z</time></trkpt>
<trkpt lat="33.0050755" lon="35.2154677"><ele>347.2</ele><time>2026-03-05T13:14:40Z</time></trkpt>
<trkpt lat="33.0050751" lon="35.2154665"><ele>347.2</ele><time>2026-03-05T13:14:41Z</time></trkpt>
<trkpt lat="33.0050747" lon="35.2154654"><ele>347.2</ele><time>2026-03-05T13:14:42Z</time></trkpt>
<trkpt lat="33.0050743" lon="35.2154643"><ele>347.2</ele><time>2026-03-05T13:14:43Z</time></trkpt>
<trkpt lat="33.0050738" lon="35.2154633"><ele>347.3</ele><time>2026-03-05T13:14:44Z</time></trkpt>
<trkpt lat="33.0050734" lon="35.2154625"><ele>347.3</ele><time>2026-03-05T13:14:45Z</time></trkpt>
<trkpt lat="33.0050729" lon="35.2154617"><ele>347.3</ele><time>2026-03-05T13:14:46Z</time></trkpt>
<trkpt lat="33.0050726" lon="35.215461"><ele>347.4</ele><time>2026-03-05T13:14:47Z</time></trkpt>
<trkpt lat="33.0050723" lon="35.2154605"><ele>347.4</ele><time>2026-03-05T13:14:48Z</time></trkpt>
<trkpt lat="33.0050721" lon="35.2154601"><ele>347.5</ele><time>2026-03-05T13:14:49Z</time></trkpt>
<trkpt lat="33.005072" lon="35.2154599"><ele>347.5</ele><time>2026-03-05T13:14:50Z</time></trkpt>
<trkpt lat="33.0050719" lon="35.2154597"><ele>347.5</ele><time>2026-03-05T13:14:51Z</time></trkpt>
<trkpt lat="33.0050719" lon="35.2154595"><ele>347.6</ele><time>2026-03-05T13:14:52Z</time></trkpt>
<trkpt lat="33.005072" lon="35.2154595"><ele>347.6</ele><time>2026-03-05T13:14:53Z</time></trkpt>
<trkpt lat="33.005072" lon="35.2154594"><ele>347.6</ele><time>2026-03-05T13:14:54Z</time></trkpt>
<trkpt lat="33.0050721" lon="35.2154594"><ele>347.6</ele><time>2026-03-05T13:14:55Z</time></trkpt>
<trkpt lat="33.0050722" lon="35.2154594"><ele>347.7</ele><time>2026-03-05T13:14:56Z</time></trkpt>
<trkpt lat="33.0050723" lon="35.2154595"><ele>347.6</ele><time>2026-03-05T13:14:57Z</time></trkpt>
<trkpt lat="33.0050724" lon="35.2154595"><ele>347.6</ele><time>2026-03-05T13:14:58Z</time></trkpt>
<trkpt lat="33.0050725" lon="35.2154595"><ele>347.6</ele><time>2026-03-05T13:14:59Z</time></trkpt>
<trkpt lat="33.0050725" lon="35.2154596"><ele>347.6</ele><time>2026-03-05T13:15:00Z</time></trkpt>
<trkpt lat="33.0050725" lon="35.2154596"><ele>347.6</ele><time>2026-03-05T13:15:01Z</time></trkpt>
<trkpt lat="33.0050724" lon="35.2154597"><ele>347.5</ele><time>2026-03-05T13:15:02Z</time></trkpt>
<trkpt lat="33.0050724" lon="35.2154598"><ele>347.5</ele><time>2026-03-05T13:15:03Z</time></trkpt>
<trkpt lat="33.0050722" lon="35.2154598"><ele>347.5</ele><time>2026-03-05T13:15:04Z</time></trkpt>
<trkpt lat="33.005072" lon="35.2154599"><ele>347.5</ele><time>2026-03-05T13:15:05Z</time></trkpt>
<trkpt lat="33.0050718" lon="35.21546"><ele>347.5</ele><time>2026-03-05T13:15:06Z</time></trkpt>
<trkpt lat="33.0050715" lon="35.2154602"><ele>347.5</ele><time>2026-03-05T13:15:07Z</time></trkpt>
<trkpt lat="33.0050711" lon="35.2154603"><ele>347.5</ele><time>2026-03-05T13:15:08Z</time></trkpt>
<trkpt lat="33.0050706" lon="35.2154604"><ele>347.5</ele><time>2026-03-05T13:15:09Z</time></trkpt>
<trkpt lat="33.00507" lon="35.2154606"><ele>347.5</ele><time>2026-03-05T13:15:10Z</time></trkpt>
<trkpt lat="33.0050694" lon="35.2154607"><ele>347.5</ele><time>2026-03-05T13:15:11Z</time></trkpt>
<trkpt lat="33.0050686" lon="35.2154609"><ele>347.5</ele><time>2026-03-05T13:15:12Z</time></trkpt>
<trkpt lat="33.0050677" lon="35.2154611"><ele>347.5</ele><time>2026-03-05T13:15:13Z</time></trkpt>
<trkpt lat="33.0050667" lon="35.2154613"><ele>347.5</ele><time>2026-03-05T13:15:14Z</time></trkpt>
<trkpt lat="33.0050657" lon="35.2154614"><ele>347.4</ele><time>2026-03-05T13:15:15Z</time></trkpt>
<trkpt lat="33.0050645" lon="35.2154616"><ele>347.4</ele><time>2026-03-05T13:15:16Z</time></trkpt>
<trkpt lat="33.0050634" lon="35.2154618"><ele>347.4</ele><time>2026-03-05T13:15:17Z</time></trkpt>
<trkpt lat="33.0050624" lon="35.2154619"><ele>347.4</ele><time>2026-03-05T13:15:18Z</time></trkpt>
<trkpt lat="33.0050615" lon="35.215462"><ele>347.4</ele><time>2026-03-05T13:15:19Z</time></trkpt>
<trkpt lat="33.0050607" lon="35.2154621"><ele>347.4</ele><time>2026-03-05T13:15:20Z</time></trkpt>
<trkpt lat="33.0050601" lon="35.2154621"><ele>347.3</ele><time>2026-03-05T13:15:21Z</time></trkpt>
<trkpt lat="33.0050596" lon="35.2154621"><ele>347.3</ele><time>2026-03-05T13:15:22Z</time></trkpt>
<trkpt lat="33.0050592" lon="35.2154621"><ele>347.3</ele><time>2026-03-05T13:15:23Z</time></trkpt>
<trkpt lat="33.0050589" lon="35.215462"><ele>347.3</ele><time>2026-03-05T13:15:24Z</time></trkpt>
<trkpt lat="33.0050588" lon="35.2154618"><ele>347.4</ele><time>2026-03-05T13:15:25Z</time></trkpt>
<trkpt lat="33.0050586" lon="35.2154617"><ele>347.4</ele><time>2026-03-05T13:15:26Z</time></trkpt>
<trkpt lat="33.0050585" lon="35.2154615"><ele>347.4</ele><time>2026-03-05T13:15:27Z</time></trkpt>
<trkpt lat="33.0050585" lon="35.2154613"><ele>347.4</ele><time>2026-03-05T13:15:28Z</time></trkpt>
<trkpt lat="33.0050585" lon="35.2154611"><ele>347.4</ele><time>2026-03-05T13:15:29Z</time></trkpt>
<trkpt lat="33.0050585" lon="35.215461"><ele>347.4</ele><time>2026-03-05T13:15:30Z</time></trkpt>
<trkpt lat="33.0050586" lon="35.2154608"><ele>347.5</ele><time>2026-03-05T13:15:31Z</time></trkpt>
<trkpt lat="33.0050587" lon="35.2154607"><ele>347.5</ele><time>2026-03-05T13:15:32Z</time></trkpt>
<trkpt lat="33.0050589" lon="35.2154605"><ele>347.5</ele><time>2026-03-05T13:15:33Z</time></trkpt>
<trkpt lat="33.0050591" lon="35.2154604"><ele>347.6</ele><time>2026-03-05T13:15:34Z</time></trkpt>
<trkpt lat="33.0050593" lon="35.2154602"><ele>347.6</ele><time>2026-03-05T13:15:35Z</time></trkpt>
<trkpt lat="33.0050597" lon="35.2154601"><ele>347.6</ele><time>2026-03-05T13:15:36Z</time></trkpt>
<trkpt lat="33.0050602" lon="35.2154599"><ele>347.6</ele><time>2026-03-05T13:15:37Z</time></trkpt>
<trkpt lat="33.0050608" lon="35.2154598"><ele>347.6</ele><time>2026-03-05T13:15:38Z</time></trkpt>
<trkpt lat="33.0050615" lon="35.2154597"><ele>347.6</ele><time>2026-03-05T13:15:39Z</time></trkpt>
<trkpt lat="33.0050624" lon="35.2154596"><ele>347.6</ele><time>2026-03-05T13:15:40Z</time></trkpt>
<trkpt lat="33.0050635" lon="35.2154595"><ele>347.6</ele><time>2026-03-05T13:15:41Z</time></trkpt>
<trkpt lat="33.0050646" lon="35.2154595"><ele>347.6</ele><time>2026-03-05T13:15:42Z</time></trkpt>
<trkpt lat="33.0050659" lon="35.2154596"><ele>347.6</ele><time>2026-03-05T13:15:43Z</time></trkpt>
<trkpt lat="33.0050673" lon="35.2154598"><ele>347.6</ele><time>2026-03-05T13:15:44Z</time></trkpt>
<trkpt lat="33.0050688" lon="35.2154601"><ele>347.6</ele><time>2026-03-05T13:15:45Z</time></trkpt>
<trkpt lat="33.0050701" lon="35.2154604"><ele>347.6</ele><time>2026-03-05T13:15:46Z</time></trkpt>
<trkpt lat="33.0050713" lon="35.2154607"><ele>347.6</ele><time>2026-03-05T13:15:47Z</time></trkpt>
<trkpt lat="33.0050723" lon="35.2154609"><ele>347.6</ele><time>2026-03-05T13:15:48Z</time></trkpt>
<trkpt lat="33.005073" lon="35.215461"><ele>347.6</ele><time>2026-03-05T13:15:49Z</time></trkpt>
<trkpt lat="33.0050735" lon="35.2154611"><ele>347.7</ele><time>2026-03-05T13:15:50Z</time></trkpt>
<trkpt lat="33.0050737" lon="35.2154609"><ele>347.7</ele><time>2026-03-05T13:15:51Z</time></trkpt>
<trkpt lat="33.0050736" lon="35.2154607"><ele>347.7</ele><time>2026-03-05T13:15:52Z</time></trkpt>
<trkpt lat="33.0050733" lon="35.2154602"><ele>347.8</ele><time>2026-03-05T13:15:53Z</time></trkpt>
<trkpt lat="33.0050729" lon="35.2154597"><ele>347.8</ele><time>2026-03-05T13:15:54Z</time></trkpt>
<trkpt lat="33.0050722" lon="35.215459"><ele>347.8</ele><time>2026-03-05T13:15:55Z</time></trkpt>
<trkpt lat="33.0050716" lon="35.2154583"><ele>347.8</ele><time>2026-03-05T13:15:56Z</time></trkpt>
<trkpt lat="33.0050708" lon="35.2154575"><ele>347.8</ele><time>2026-03-05T13:15:57Z</time></trkpt>
<trkpt lat="33.0050701" lon="35.2154566"><ele>347.8</ele><time>2026-03-05T13:15:58Z</time></trkpt>
<trkpt lat="33.0050695" lon="35.2154558"><ele>347.8</ele><time>2026-03-05T13:15:59Z</time></trkpt>
<trkpt lat="33.0050691" lon="35.215455"><ele>347.8</ele><time>2026-03-05T13:16:00Z</time></trkpt>
<trkpt lat="33.0050688" lon="35.2154543"><ele>347.7</ele><time>2026-03-05T13:16:01Z</time></trkpt>
<trkpt lat="33.0050688" lon="35.2154537"><ele>347.7</ele><time>2026-03-05T13:16:02Z</time></trkpt>
<trkpt lat="33.0050688" lon="35.2154532"><ele>347.7</ele><time>2026-03-05T13:16:03Z</time></trkpt>
<trkpt lat="33.0050691" lon="35.2154528"><ele>347.6</ele><time>2026-03-05T13:16:04Z</time></trkpt>
<trkpt lat="33.0050695" lon="35.2154526"><ele>347.6</ele><time>2026-03-05T13:16:05Z</time></trkpt>
<trkpt lat="33.00507" lon="35.2154524"><ele>347.6</ele><time>2026-03-05T13:16:06Z</time></trkpt>
<trkpt lat="33.0050707" lon="35.2154523"><ele>347.6</ele><time>2026-03-05T13:16:07Z</time></trkpt>
<trkpt lat="33.0050716" lon="35.2154523"><ele>347.6</ele><time>2026-03-05T13:16:08Z</time></trkpt>
<trkpt lat="33.0050727" lon="35.2154524"><ele>347.6</ele><time>2026-03-05T13:16:09Z</time></trkpt>
<trkpt lat="33.005074" lon="35.2154526"><ele>347.6</ele><time>2026-03-05T13:16:10Z</time></trkpt>
<trkpt lat="33.0050756" lon="35.2154529"><ele>347.6</ele><time>2026-03-05T13:16:11Z</time></trkpt>
<trkpt lat="33.0050775" lon="35.2154533"><ele>347.6</ele><time>2026-03-05T13:16:12Z</time></trkpt>
<trkpt lat="33.0050796" lon="35.2154539"><ele>347.6</ele><time>2026-03-05T13:16:13Z</time></trkpt>
<trkpt lat="33.0050821" lon="35.2154545"><ele>347.6</ele><time>2026-03-05T13:16:14Z</time></trkpt>
<trkpt lat="33.0050846" lon="35.2154552"><ele>347.6</ele><time>2026-03-05T13:16:15Z</time></trkpt>
<trkpt lat="33.0050871" lon="35.2154559"><ele>347.6</ele><time>2026-03-05T13:16:16Z</time></trkpt>
<trkpt lat="33.0050896" lon="35.2154566"><ele>347.6</ele><time>2026-03-05T13:16:17Z</time></trkpt>
<trkpt lat="33.0050918" lon="35.2154572"><ele>347.6</ele><time>2026-03-05T13:16:18Z</time></trkpt>
<trkpt lat="33.0050937" lon="35.2154578"><ele>347.6</ele><time>2026-03-05T13:16:19Z</time></trkpt>
<trkpt lat="33.0050955" lon="35.2154582"><ele>347.6</ele><time>2026-03-05T13:16:20Z</time></trkpt>
<trkpt lat="33.005097" lon="35.2154586"><ele>347.6</ele><time>2026-03-05T13:16:21Z</time></trkpt>
<trkpt lat="33.0050983" lon="35.2154588"><ele>347.6</ele><time>2026-03-05T13:16:22Z</time></trkpt>
<trkpt lat="33.0050996" lon="35.2154589"><ele>347.6</ele><time>2026-03-05T13:16:23Z</time></trkpt>
<trkpt lat="33.0051007" lon="35.2154589"><ele>347.6</ele><time>2026-03-05T13:16:24Z</time></trkpt>
<trkpt lat="33.0051018" lon="35.2154587"><ele>347.6</ele><time>2026-03-05T13:16:25Z</time></trkpt>
<trkpt lat="33.0051029" lon="35.2154583"><ele>347.6</ele><time>2026-03-05T13:16:26Z</time></trkpt>
<trkpt lat="33.0051039" lon="35.2154578"><ele>347.6</ele><time>2026-03-05T13:16:27Z</time></trkpt>
<trkpt lat="33.0051047" lon="35.2154573"><ele>347.6</ele><time>2026-03-05T13:16:28Z</time></trkpt>
<trkpt lat="33.0051055" lon="35.2154568"><ele>347.6</ele><time>2026-03-05T13:16:29Z</time></trkpt>
<trkpt lat="33.0051061" lon="35.2154564"><ele>347.6</ele><time>2026-03-05T13:16:30Z</time></trkpt>
<trkpt lat="33.0051065" lon="35.215456"><ele>347.6</ele><time>2026-03-05T13:16:31Z</time></trkpt>
<trkpt lat="33.0051068" lon="35.2154557"><ele>347.6</ele><time>2026-03-05T13:16:32Z</time></trkpt>
<trkpt lat="33.005107" lon="35.2154554"><ele>347.6</ele><time>2026-03-05T13:16:33Z</time></trkpt>
<trkpt lat="33.0051071" lon="35.2154552"><ele>347.6</ele><time>2026-03-05T13:16:34Z</time></trkpt>
<trkpt lat="33.005107" lon="35.2154551"><ele>347.6</ele><time>2026-03-05T13:16:35Z</time></trkpt>
<trkpt lat="33.0051067" lon="35.215455"><ele>347.6</ele><time>2026-03-05T13:16:36Z</time></trkpt>
<trkpt lat="33.0051064" lon="35.215455"><ele>347.6</ele><time>2026-03-05T13:16:37Z</time></trkpt>
<trkpt lat="33.0051059" lon="35.215455"><ele>347.6</ele><time>2026-03-05T13:16:38Z</time></trkpt>
<trkpt lat="33.0051053" lon="35.2154551"><ele>347.6</ele><time>2026-03-05T13:16:39Z</time></trkpt>
<trkpt lat="33.0051045" lon="35.2154552"><ele>347.5</ele><time>2026-03-05T13:16:40Z</time></trkpt>
<trkpt lat="33.0051037" lon="35.2154554"><ele>347.5</ele><time>2026-03-05T13:16:41Z</time></trkpt>
<trkpt lat="33.0051029" lon="35.2154556"><ele>347.5</ele><time>2026-03-05T13:16:42Z</time></trkpt>
<trkpt lat="33.005102" lon="35.2154558"><ele>347.5</ele><time>2026-03-05T13:16:43Z</time></trkpt>
<trkpt lat="33.0051012" lon="35.215456"><ele>347.5</ele><time>2026-03-05T13:16:44Z</time></trkpt>
<trkpt lat="33.0051004" lon="35.2154561"><ele>347.5</ele><time>2026-03-05T13:16:45Z</time></trkpt>
<trkpt lat="33.0050997" lon="35.2154561"><ele>347.5</ele><time>2026-03-05T13:16:46Z</time></trkpt>
<trkpt lat="33.0050991" lon="35.2154561"><ele>347.5</ele><time>2026-03-05T13:16:47Z</time></trkpt>
<trkpt lat="33.0050985" lon="35.2154559"><ele>347.5</ele><time>2026-03-05T13:16:48Z</time></trkpt>
<trkpt lat="33.0050981" lon="35.2154557"><ele>347.5</ele><time>2026-03-05T13:16:49Z</time></trkpt>
<trkpt lat="33.0050977" lon="35.2154553"><ele>347.5</ele><time>2026-03-05T13:16:50Z</time></trkpt>
<trkpt lat="33.0050974" lon="35.2154548"><ele>347.6</ele><time>2026-03-05T13:16:51Z</time></trkpt>
<trkpt lat="33.005097" lon="35.2154543"><ele>347.5</ele><time>2026-03-05T13:16:52Z</time></trkpt>
<trkpt lat="33.0050968" lon="35.2154537"><ele>347.5</ele><time>2026-03-05T13:16:53Z</time></trkpt>
<trkpt lat="33.0050965" lon="35.2154531"><ele>347.5</ele><time>2026-03-05T13:16:54Z</time></trkpt>
<trkpt lat="33.0050963" lon="35.2154526"><ele>347.5</ele><time>2026-03-05T13:16:55Z</time></trkpt>
<trkpt lat="33.005096" lon="35.2154521"><ele>347.5</ele><time>2026-03-05T13:16:56Z</time></trkpt>
<trkpt lat="33.0050958" lon="35.2154517"><ele>347.5</ele><time>2026-03-05T13:16:57Z</time></trkpt>
<trkpt lat="33.0050957" lon="35.2154514"><ele>347.5</ele><time>2026-03-05T13:16:58Z</time></trkpt>
<trkpt lat="33.0050955" lon="35.2154511"><ele>347.5</ele><time>2026-03-05T13:16:59Z</time></trkpt>
<trkpt lat="33.0050954" lon="35.2154509"><ele>347.5</ele><time>2026-03-05T13:17:00Z</time></trkpt>
<trkpt lat="33.0050953" lon="35.2154508"><ele>347.5</ele><time>2026-03-05T13:17:01Z</time></trkpt>
<trkpt lat="33.0050952" lon="35.2154506"><ele>347.5</ele><time>2026-03-05T13:17:02Z</time></trkpt>
<trkpt lat="33.0050951" lon="35.2154506"><ele>347.5</ele><time>2026-03-05T13:17:03Z</time></trkpt>
<trkpt lat="33.0050951" lon="35.2154505"><ele>347.5</ele><time>2026-03-05T13:17:04Z</time></trkpt>
<trkpt lat="33.005095" lon="35.2154505"><ele>347.4</ele><time>2026-03-05T13:17:05Z</time></trkpt>
<trkpt lat="33.005095" lon="35.2154505"><ele>347.4</ele><time>2026-03-05T13:17:06Z</time></trkpt>
<trkpt lat="33.0050949" lon="35.2154504"><ele>347.4</ele><time>2026-03-05T13:17:07Z</time></trkpt>
<trkpt lat="33.0050949" lon="35.2154504"><ele>347.4</ele><time>2026-03-05T13:17:08Z</time></trkpt>
<trkpt lat="33.0050949" lon="35.2154504"><ele>347.4</ele><time>2026-03-05T13:17:09Z</time></trkpt>
<trkpt lat="33.0050949" lon="35.2154504"><ele>347.4</ele><time>2026-03-05T13:17:10Z</time></trkpt>
<trkpt lat="33.0050949" lon="35.2154504"><ele>347.4</ele><time>2026-03-05T13:17:11Z</time></trkpt>
<trkpt lat="33.0050949" lon="35.2154504"><ele>347.4</ele><time>2026-03-05T13:17:12Z</time></trkpt>
<trkpt lat="33.0050949" lon="35.2154504"><ele>347.4</ele><time>2026-03-05T13:17:13Z</time></trkpt>
<trkpt lat="33.0050949" lon="35.2154503"><ele>347.4</ele><time>2026-03-05T13:17:14Z</time></trkpt>
<trkpt lat="33.0050949" lon="35.2154503"><ele>347.4</ele><time>2026-03-05T13:17:15Z</time></trkpt>
<trkpt lat="33.0050949" lon="35.2154503"><ele>347.4</ele><time>2026-03-05T13:17:16Z</time></trkpt>
<trkpt lat="33.0050949" lon="35.2154502"><ele>347.4</ele><time>2026-03-05T13:17:17Z</time></trkpt>
<trkpt lat="33.005095" lon="35.2154502"><ele>347.4</ele><time>2026-03-05T13:17:18Z</time></trkpt>
<trkpt lat="33.005095" lon="35.2154502"><ele>347.4</ele><time>2026-03-05T13:17:19Z</time></trkpt>
<trkpt lat="33.0050951" lon="35.2154502"><ele>347.4</ele><time>2026-03-05T13:17:20Z</time></trkpt>
<trkpt lat="33.0050952" lon="35.2154502"><ele>347.4</ele><time>2026-03-05T13:17:21Z</time></trkpt>
<trkpt lat="33.0050953" lon="35.2154503"><ele>347.3</ele><time>2026-03-05T13:17:22Z</time></trkpt>
<trkpt lat="33.0050955" lon="35.2154505"><ele>347.3</ele><time>2026-03-05T13:17:23Z</time></trkpt>
<trkpt lat="33.0050958" lon="35.2154508"><ele>347.3</ele><time>2026-03-05T13:17:24Z</time></trkpt>
<trkpt lat="33.005096" lon="35.2154512"><ele>347.3</ele><time>2026-03-05T13:17:25Z</time></trkpt>
<trkpt lat="33.0050962" lon="35.2154518"><ele>347.3</ele><time>2026-03-05T13:17:26Z</time></trkpt>
<trkpt lat="33.0050963" lon="35.2154524"><ele>347.3</ele><time>2026-03-05T13:17:27Z</time></trkpt>
<trkpt lat="33.0050963" lon="35.2154531"><ele>347.3</ele><time>2026-03-05T13:17:28Z</time></trkpt>
<trkpt lat="33.0050962" lon="35.2154539"><ele>347.3</ele><time>2026-03-05T13:17:29Z</time></trkpt>
<trkpt lat="33.005096" lon="35.2154546"><ele>347.3</ele><time>2026-03-05T13:17:30Z</time></trkpt>
<trkpt lat="33.0050958" lon="35.2154553"><ele>347.3</ele><time>2026-03-05T13:17:31Z</time></trkpt>
<trkpt lat="33.0050956" lon="35.2154559"><ele>347.3</ele><time>2026-03-05T13:17:32Z</time></trkpt>
<trkpt lat="33.0050954" lon="35.2154565"><ele>347.3</ele><time>2026-03-05T13:17:33Z</time></trkpt>
<trkpt lat="33.0050952" lon="35.215457"><ele>347.3</ele><time>2026-03-05T13:17:34Z</time></trkpt>
<trkpt lat="33.0050951" lon="35.2154573"><ele>347.3</ele><time>2026-03-05T13:17:35Z</time></trkpt>
<trkpt lat="33.0050949" lon="35.2154575"><ele>347.3</ele><time>2026-03-05T13:17:36Z</time></trkpt>
<trkpt lat="33.0050948" lon="35.2154576"><ele>347.3</ele><time>2026-03-05T13:17:37Z</time></trkpt>
<trkpt lat="33.0050946" lon="35.2154576"><ele>347.3</ele><time>2026-03-05T13:17:38Z</time></trkpt>
<trkpt lat="33.0050944" lon="35.2154575"><ele>347.3</ele><time>2026-03-05T13:17:39Z</time></trkpt>
<trkpt lat="33.0050943" lon="35.2154573"><ele>347.3</ele><time>2026-03-05T13:17:40Z</time></trkpt>
<trkpt lat="33.0050941" lon="35.2154571"><ele>347.4</ele><time>2026-03-05T13:17:41Z</time></trkpt>
<trkpt lat="33.0050939" lon="35.2154568"><ele>347.4</ele><time>2026-03-05T13:17:42Z</time></trkpt>
<trkpt lat="33.0050937" lon="35.2154566"><ele>347.4</ele><time>2026-03-05T13:17:43Z</time></trkpt>
<trkpt lat="33.0050935" lon="35.2154563"><ele>347.4</ele><time>2026-03-05T13:17:44Z</time></trkpt>
<trkpt lat="33.0050932" lon="35.215456"><ele>347.4</ele><time>2026-03-05T13:17:45Z</time></trkpt>
<trkpt lat="33.0050929" lon="35.2154557"><ele>347.5</ele><time>2026-03-05T13:17:46Z</time></trkpt>
<trkpt lat="33.0050926" lon="35.2154554"><ele>347.5</ele><time>2026-03-05T13:17:47Z</time></trkpt>
<trkpt lat="33.0050922" lon="35.2154552"><ele>347.5</ele><time>2026-03-05T13:17:48Z</time></trkpt>
<trkpt lat="33.0050917" lon="35.2154549"><ele>347.5</ele><time>2026-03-05T13:17:49Z</time></trkpt>
<trkpt lat="33.0050912" lon="35.2154546"><ele>347.5</ele><time>2026-03-05T13:17:50Z</time></trkpt>
<trkpt lat="33.0050906" lon="35.2154544"><ele>347.5</ele><time>2026-03-05T13:17:51Z</time></trkpt>
<trkpt lat="33.0050899" lon="35.2154542"><ele>347.5</ele><time>2026-03-05T13:17:52Z</time></trkpt>
<trkpt lat="33.0050891" lon="35.2154541"><ele>347.6</ele><time>2026-03-05T13:17:53Z</time></trkpt>
<trkpt lat="33.0050883" lon="35.2154539"><ele>347.6</ele><time>2026-03-05T13:17:54Z</time></trkpt>
<trkpt lat="33.0050874" lon="35.2154539"><ele>347.6</ele><time>2026-03-05T13:17:55Z</time></trkpt>
<trkpt lat="33.0050864" lon="35.2154539"><ele>347.6</ele><time>2026-03-05T13:17:56Z</time></trkpt>
<trkpt lat="33.0050854" lon="35.2154539"><ele>347.5</ele><time>2026-03-05T13:17:57Z</time></trkpt>
<trkpt lat="33.0050844" lon="35.215454"><ele>347.5</ele><time>2026-03-05T13:17:58Z</time></trkpt>
<trkpt lat="33.0050835" lon="35.2154542"><ele>347.5</ele><time>2026-03-05T13:17:59Z</time></trkpt>
<trkpt lat="33.0050826" lon="35.2154545"><ele>347.5</ele><time>2026-03-05T13:18:00Z</time></trkpt>
<trkpt lat="33.0050817" lon="35.2154547"><ele>347.5</ele><time>2026-03-05T13:18:01Z</time></trkpt>
<trkpt lat="33.0050811" lon="35.215455"><ele>347.5</ele><time>2026-03-05T13:18:02Z</time></trkpt>
<trkpt lat="33.0050805" lon="35.2154553"><ele>347.5</ele><time>2026-03-05T13:18:03Z</time></trkpt>
<trkpt lat="33.00508" lon="35.2154555"><ele>347.5</ele><time>2026-03-05T13:18:04Z</time></trkpt>
<trkpt lat="33.0050797" lon="35.2154557"><ele>347.5</ele><time>2026-03-05T13:18:05Z</time></trkpt>
<trkpt lat="33.0050795" lon="35.2154559"><ele>347.6</ele><time>2026-03-05T13:18:06Z</time></trkpt>
<trkpt lat="33.0050793" lon="35.215456"><ele>347.6</ele><time>2026-03-05T13:18:07Z</time></trkpt>
<trkpt lat="33.0050793" lon="35.215456"><ele>347.6</ele><time>2026-03-05T13:18:08Z</time></trkpt>
<trkpt lat="33.0050793" lon="35.2154561"><ele>347.6</ele><time>2026-03-05T13:18:09Z</time></trkpt>
<trkpt lat="33.0050793" lon="35.215456"><ele>347.6</ele><time>2026-03-05T13:18:10Z</time></trkpt>
<trkpt lat="33.0050794" lon="35.215456"><ele>347.6</ele><time>2026-03-05T13:18:11Z</time></trkpt>
<trkpt lat="33.0050795" lon="35.215456"><ele>347.6</ele><time>2026-03-05T13:18:12Z</time></trkpt>
<trkpt lat="33.0050796" lon="35.215456"><ele>347.7</ele><time>2026-03-05T13:18:13Z</time></trkpt>
<trkpt lat="33.0050798" lon="35.215456"><ele>347.7</ele><time>2026-03-05T13:18:14Z</time></trkpt>
<trkpt lat="33.00508" lon="35.2154561"><ele>347.7</ele><time>2026-03-05T13:18:15Z</time></trkpt>
<trkpt lat="33.0050804" lon="35.2154563"><ele>347.7</ele><time>2026-03-05T13:18:16Z</time></trkpt>
<trkpt lat="33.0050809" lon="35.2154566"><ele>347.7</ele><time>2026-03-05T13:18:17Z</time></trkpt>
<trkpt lat="33.0050815" lon="35.215457"><ele>347.7</ele><time>2026-03-05T13:18:18Z</time></trkpt>
<trkpt lat="33.0050824" lon="35.2154576"><ele>347.7</ele><time>2026-03-05T13:18:19Z</time></trkpt>
<trkpt lat="33.0050835" lon="35.2154584"><ele>347.7</ele><time>2026-03-05T13:18:20Z</time></trkpt>
<trkpt lat="33.0050849" lon="35.2154593"><ele>347.7</ele><time>2026-03-05T13:18:21Z</time></trkpt>
<trkpt lat="33.0050865" lon="35.2154605"><ele>347.7</ele><time>2026-03-05T13:18:22Z</time></trkpt>
<trkpt lat="33.0050884" lon="35.2154619"><ele>347.6</ele><time>2026-03-05T13:18:23Z</time></trkpt>
<trkpt lat="33.0050904" lon="35.2154634"><ele>347.6</ele><time>2026-03-05T13:18:24Z</time></trkpt>
<trkpt lat="33.0050925" lon="35.2154651"><ele>347.6</ele><time>2026-03-05T13:18:25Z</time></trkpt>
<trkpt lat="33.0050947" lon="35.215467"><ele>347.6</ele><time>2026-03-05T13:18:26Z</time></trkpt>
<trkpt lat="33.0050969" lon="35.2154688"><ele>347.6</ele><time>2026-03-05T13:18:27Z</time></trkpt>
<trkpt lat="33.005099" lon="35.2154707"><ele>347.5</ele><time>2026-03-05T13:18:28Z</time></trkpt>
<trkpt lat="33.0051009" lon="35.2154724"><ele>347.5</ele><time>2026-03-05T13:18:29Z</time></trkpt>
<trkpt lat="33.0051026" lon="35.2154741"><ele>347.5</ele><time>2026-03-05T13:18:30Z</time></trkpt>
<trkpt lat="33.0051042" lon="35.2154755"><ele>347.5</ele><time>2026-03-05T13:18:31Z</time></trkpt>
<trkpt lat="33.0051056" lon="35.2154768"><ele>347.5</ele><time>2026-03-05T13:18:32Z</time></trkpt>
<trkpt lat="33.005107" lon="35.2154779"><ele>347.5</ele><time>2026-03-05T13:18:33Z</time></trkpt>
<trkpt lat="33.0051083" lon="35.2154788"><ele>347.5</ele><time>2026-03-05T13:18:34Z</time></trkpt>
<trkpt lat="33.0051097" lon="35.2154797"><ele>347.5</ele><time>2026-03-05T13:18:35Z</time></trkpt>
<trkpt lat="33.0051109" lon="35.2154803"><ele>347.5</ele><time>2026-03-05T13:18:36Z</time></trkpt>
<trkpt lat="33.0051121" lon="35.2154809"><ele>347.5</ele><time>2026-03-05T13:18:37Z</time></trkpt>
<trkpt lat="33.0051132" lon="35.2154813"><ele>347.5</ele><time>2026-03-05T13:18:38Z</time></trkpt>
<trkpt lat="33.0051141" lon="35.2154816"><ele>347.6</ele><time>2026-03-05T13:18:39Z</time></trkpt>
<trkpt lat="33.0051148" lon="35.2154818"><ele>347.6</ele><time>2026-03-05T13:18:40Z</time></trkpt>
<trkpt lat="33.0051155" lon="35.2154819"><ele>347.6</ele><time>2026-03-05T13:18:41Z</time></trkpt>
<trkpt lat="33.005116" lon="35.2154818"><ele>347.6</ele><time>2026-03-05T13:18:42Z</time></trkpt>
<trkpt lat="33.0051165" lon="35.2154817"><ele>347.6</ele><time>2026-03-05T13:18:43Z</time></trkpt>
<trkpt lat="33.0051168" lon="35.2154816"><ele>347.7</ele><time>2026-03-05T13:18:44Z</time></trkpt>
<trkpt lat="33.0051171" lon="35.2154814"><ele>347.7</ele><time>2026-03-05T13:18:45Z</time></trkpt>
<trkpt lat="33.0051173" lon="35.2154813"><ele>347.7</ele><time>2026-03-05T13:18:46Z</time></trkpt>
<trkpt lat="33.0051172" lon="35.2154813"><ele>347.7</ele><time>2026-03-05T13:18:47Z</time></trkpt>
<trkpt lat="33.0051169" lon="35.2154814"><ele>347.8</ele><time>2026-03-05T13:18:48Z</time></trkpt>
<trkpt lat="33.0051162" lon="35.2154817"><ele>347.8</ele><time>2026-03-05T13:18:49Z</time></trkpt>
<trkpt lat="33.005115" lon="35.2154824"><ele>347.8</ele><time>2026-03-05T13:18:50Z</time></trkpt>
<trkpt lat="33.0051133" lon="35.2154833"><ele>347.8</ele><time>2026-03-05T13:18:51Z</time></trkpt>
<trkpt lat="33.005111" lon="35.2154844"><ele>347.9</ele><time>2026-03-05T13:18:52Z</time></trkpt>
<trkpt lat="33.0051083" lon="35.2154856"><ele>347.9</ele><time>2026-03-05T13:18:53Z</time></trkpt>
<trkpt lat="33.0051054" lon="35.2154868"><ele>347.9</ele><time>2026-03-05T13:18:54Z</time></trkpt>
<trkpt lat="33.0051023" lon="35.2154878"><ele>347.9</ele><time>2026-03-05T13:18:55Z</time></trkpt>
<trkpt lat="33.0050993" lon="35.2154885"><ele>347.9</ele><time>2026-03-05T13:18:56Z</time></trkpt>
<trkpt lat="33.0050964" lon="35.2154889"><ele>347.9</ele><time>2026-03-05T13:18:57Z</time></trkpt>
<trkpt lat="33.0050937" lon="35.2154889"><ele>348.0</ele><time>2026-03-05T13:18:58Z</time></trkpt>
<trkpt lat="33.0050913" lon="35.2154885"><ele>348.0</ele><time>2026-03-05T13:18:59Z</time></trkpt>
<trkpt lat="33.0050891" lon="35.2154878"><ele>348.0</ele><time>2026-03-05T13:19:00Z</time></trkpt>
<trkpt lat="33.0050871" lon="35.2154867"><ele>348.0</ele><time>2026-03-05T13:19:01Z</time></trkpt>
<trkpt lat="33.0050852" lon="35.2154855"><ele>348.0</ele><time>2026-03-05T13:19:02Z</time></trkpt>
<trkpt lat="33.0050833" lon="35.215484"><ele>348.0</ele><time>2026-03-05T13:19:03Z</time></trkpt>
<trkpt lat="33.0050814" lon="35.2154824"><ele>348.0</ele><time>2026-03-05T13:19:04Z</time></trkpt>
<trkpt lat="33.0050793" lon="35.2154806"><ele>348.0</ele><time>2026-03-05T13:19:05Z</time></trkpt>
<trkpt lat="33.005077" lon="35.2154788"><ele>348.0</ele><time>2026-03-05T13:19:06Z</time></trkpt>
<trkpt lat="33.0050746" lon="35.215477"><ele>348.0</ele><time>2026-03-05T13:19:07Z</time></trkpt>
<trkpt lat="33.0050721" lon="35.2154753"><ele>348.0</ele><time>2026-03-05T13:19:08Z</time></trkpt>
<trkpt lat="33.0050695" lon="35.2154737"><ele>348.0</ele><time>2026-03-05T13:19:09Z</time></trkpt>
<trkpt lat="33.0050668" lon="35.2154723"><ele>348.0</ele><time>2026-03-05T13:19:10Z</time></trkpt>
<trkpt lat="33.0050643" lon="35.2154712"><ele>348.1</ele><time>2026-03-05T13:19:11Z</time></trkpt>
<trkpt lat="33.0050617" lon="35.2154704"><ele>348.1</ele><time>2026-03-05T13:19:12Z</time></trkpt>
<trkpt lat="33.0050592" lon="35.2154699"><ele>348.1</ele><time>2026-03-05T13:19:13Z</time></trkpt>
<trkpt lat="33.0050568" lon="35.2154696"><ele>348.1</ele><time>2026-03-05T13:19:14Z</time></trkpt>
<trkpt lat="33.0050543" lon="35.2154695"><ele>348.1</ele><time>2026-03-05T13:19:15Z</time></trkpt>
<trkpt lat="33.0050519" lon="35.2154694"><ele>348.2</ele><time>2026-03-05T13:19:16Z</time></trkpt>
<trkpt lat="33.0050495" lon="35.2154695"><ele>348.2</ele><time>2026-03-05T13:19:17Z</time></trkpt>
<trkpt lat="33.0050472" lon="35.2154697"><ele>348.2</ele><time>2026-03-05T13:19:18Z</time></trkpt>
<trkpt lat="33.0050451" lon="35.21547"><ele>348.3</ele><time>2026-03-05T13:19:19Z</time></trkpt>
<trkpt lat="33.0050432" lon="35.2154705"><ele>348.3</ele><time>2026-03-05T13:19:20Z</time></trkpt>
<trkpt lat="33.0050417" lon="35.2154712"><ele>348.3</ele><time>2026-03-05T13:19:21Z</time></trkpt>
<trkpt lat="33.0050406" lon="35.2154719"><ele>348.3</ele><time>2026-03-05T13:19:22Z</time></trkpt>
<trkpt lat="33.00504" lon="35.2154728"><ele>348.3</ele><time>2026-03-05T13:19:23Z</time></trkpt>
<trkpt lat="33.0050399" lon="35.2154738"><ele>348.3</ele><time>2026-03-05T13:19:24Z</time></trkpt>
<trkpt lat="33.0050403" lon="35.2154748"><ele>348.3</ele><time>2026-03-05T13:19:25Z</time></trkpt>
<trkpt lat="33.0050413" lon="35.2154758"><ele>348.3</ele><time>2026-03-05T13:19:26Z</time></trkpt>
<trkpt lat="33.0050427" lon="35.2154765"><ele>348.3</ele><time>2026-03-05T13:19:27Z</time></trkpt>
<trkpt lat="33.0050446" lon="35.2154771"><ele>348.3</ele><time>2026-03-05T13:19:28Z</time></trkpt>
<trkpt lat="33.0050468" lon="35.2154776"><ele>348.3</ele><time>2026-03-05T13:19:29Z</time></trkpt>
<trkpt lat="33.0050494" lon="35.2154778"><ele>348.3</ele><time>2026-03-05T13:19:30Z</time></trkpt>
<trkpt lat="33.0050522" lon="35.2154779"><ele>348.2</ele><time>2026-03-05T13:19:31Z</time></trkpt>
<trkpt lat="33.0050552" lon="35.2154778"><ele>348.2</ele><time>2026-03-05T13:19:32Z</time></trkpt>
<trkpt lat="33.0050583" lon="35.2154775"><ele>348.2</ele><time>2026-03-05T13:19:33Z</time></trkpt>
<trkpt lat="33.0050613" lon="35.215477"><ele>348.2</ele><time>2026-03-05T13:19:34Z</time></trkpt>
<trkpt lat="33.0050642" lon="35.2154765"><ele>348.2</ele><time>2026-03-05T13:19:35Z</time></trkpt>
<trkpt lat="33.0050669" lon="35.2154759"><ele>348.2</ele><time>2026-03-05T13:19:36Z</time></trkpt>
<trkpt lat="33.0050694" lon="35.2154752"><ele>348.2</ele><time>2026-03-05T13:19:37Z</time></trkpt>
<trkpt lat="33.0050716" lon="35.2154746"><ele>348.2</ele><time>2026-03-05T13:19:38Z</time></trkpt>
<trkpt lat="33.0050736" lon="35.2154738"><ele>348.1</ele><time>2026-03-05T13:19:39Z</time></trkpt>
<trkpt lat="33.0050754" lon="35.2154728"><ele>348.1</ele><time>2026-03-05T13:19:40Z</time></trkpt>
<trkpt lat="33.0050769" lon="35.2154716"><ele>348.1</ele><time>2026-03-05T13:19:41Z</time></trkpt>
<trkpt lat="33.0050782" lon="35.2154702"><ele>348.1</ele><time>2026-03-05T13:19:42Z</time></trkpt>
<trkpt lat="33.0050793" lon="35.2154687"><ele>348.1</ele><time>2026-03-05T13:19:43Z</time></trkpt>
<trkpt lat="33.0050802" lon="35.2154671"><ele>348.1</ele><time>2026-03-05T13:19:44Z</time></trkpt>
<trkpt lat="33.0050811" lon="35.2154655"><ele>348.1</ele><time>2026-03-05T13:19:45Z</time></trkpt>
<trkpt lat="33.005082" lon="35.215464"><ele>348.1</ele><time>2026-03-05T13:19:46Z</time></trkpt>
<trkpt lat="33.0050828" lon="35.2154626"><ele>348.1</ele><time>2026-03-05T13:19:47Z</time></trkpt>
<trkpt lat="33.0050836" lon="35.2154613"><ele>348.2</ele><time>2026-03-05T13:19:48Z</time></trkpt>
<trkpt lat="33.0050844" lon="35.2154601"><ele>348.2</ele><time>2026-03-05T13:19:49Z</time></trkpt>
<trkpt lat="33.0050851" lon="35.2154588"><ele>348.2</ele><time>2026-03-05T13:19:50Z</time></trkpt>
<trkpt lat="33.0050858" lon="35.2154576"><ele>348.2</ele><time>2026-03-05T13:19:51Z</time></trkpt>
<trkpt lat="33.0050864" lon="35.2154562"><ele>348.2</ele><time>2026-03-05T13:19:52Z</time></trkpt>
<trkpt lat="33.005087" lon="35.2154546"><ele>348.3</ele><time>2026-03-05T13:19:53Z</time></trkpt>
<trkpt lat="33.0050876" lon="35.2154529"><ele>348.3</ele><time>2026-03-05T13:19:54Z</time></trkpt>
<trkpt lat="33.0050884" lon="35.2154511"><ele>348.3</ele><time>2026-03-05T13:19:55Z</time></trkpt>
<trkpt lat="33.0050894" lon="35.2154492"><ele>348.4</ele><time>2026-03-05T13:19:56Z</time></trkpt>
<trkpt lat="33.0050907" lon="35.2154473"><ele>348.4</ele><time>2026-03-05T13:19:57Z</time></trkpt>
<trkpt lat="33.0050921" lon="35.2154453"><ele>348.4</ele><time>2026-03-05T13:19:58Z</time></trkpt>
<trkpt lat="33.0050937" lon="35.2154431"><ele>348.5</ele><time>2026-03-05T13:19:59Z</time></trkpt>
<trkpt lat="33.0050953" lon="35.2154409"><ele>348.5</ele><time>2026-03-05T13:20:00Z</time></trkpt>
<trkpt lat="33.0050968" lon="35.2154384"><ele>348.5</ele><time>2026-03-05T13:20:01Z</time></trkpt>
<trkpt lat="33.0050982" lon="35.2154359"><ele>348.5</ele><time>2026-03-05T13:20:02Z</time></trkpt>
<trkpt lat="33.0050995" lon="35.2154332"><ele>348.5</ele><time>2026-03-05T13:20:03Z</time></trkpt>
<trkpt lat="33.0051007" lon="35.2154306"><ele>348.4</ele><time>2026-03-05T13:20:04Z</time></trkpt>
<trkpt lat="33.0051019" lon="35.2154281"><ele>348.4</ele><time>2026-03-05T13:20:05Z</time></trkpt>
<trkpt lat="33.005103" lon="35.2154256"><ele>348.3</ele><time>2026-03-05T13:20:06Z</time></trkpt>
<trkpt lat="33.0051041" lon="35.2154231"><ele>348.3</ele><time>2026-03-05T13:20:07Z</time></trkpt>
<trkpt lat="33.0051052" lon="35.2154207"><ele>348.2</ele><time>2026-03-05T13:20:08Z</time></trkpt>
<trkpt lat="33.0051062" lon="35.2154184"><ele>348.2</ele><time>2026-03-05T13:20:09Z</time></trkpt>
<trkpt lat="33.0051072" lon="35.2154165"><ele>348.1</ele><time>2026-03-05T13:20:10Z</time></trkpt>
<trkpt lat="33.0051081" lon="35.2154149"><ele>348.1</ele><time>2026-03-05T13:20:11Z</time></trkpt>
<trkpt lat="33.0051091" lon="35.2154139"><ele>348.0</ele><time>2026-03-05T13:20:12Z</time></trkpt>
<trkpt lat="33.0051102" lon="35.2154136"><ele>348.0</ele><time>2026-03-05T13:20:13Z</time></trkpt>
<trkpt lat="33.0051112" lon="35.2154139"><ele>348.0</ele><time>2026-03-05T13:20:14Z</time></trkpt>
<trkpt lat="33.0051122" lon="35.2154148"><ele>348.0</ele><time>2026-03-05T13:20:15Z</time></trkpt>
<trkpt lat="33.0051132" lon="35.2154165"><ele>348.0</ele><time>2026-03-05T13:20:16Z</time></trkpt>
<trkpt lat="33.005114" lon="35.2154189"><ele>348.0</ele><time>2026-03-05T13:20:17Z</time></trkpt>
<trkpt lat="33.0051145" lon="35.2154218"><ele>348.0</ele><time>2026-03-05T13:20:18Z</time></trkpt>
<trkpt lat="33.0051148" lon="35.2154253"><ele>348.0</ele><time>2026-03-05T13:20:19Z</time></trkpt>
<trkpt lat="33.0051148" lon="35.2154293"><ele>348.1</ele><time>2026-03-05T13:20:20Z</time></trkpt>
<trkpt lat="33.0051146" lon="35.2154336"><ele>348.1</ele><time>2026-03-05T13:20:21Z</time></trkpt>
<trkpt lat="33.0051141" lon="35.2154379"><ele>348.1</ele><time>2026-03-05T13:20:22Z</time></trkpt>
<trkpt lat="33.0051136" lon="35.215442"><ele>348.1</ele><time>2026-03-05T13:20:23Z</time></trkpt>
<trkpt lat="33.0051131" lon="35.2154456"><ele>348.2</ele><time>2026-03-05T13:20:24Z</time></trkpt>
<trkpt lat="33.0051127" lon="35.2154486"><ele>348.2</ele><time>2026-03-05T13:20:25Z</time></trkpt>
<trkpt lat="33.0051125" lon="35.2154509"><ele>348.2</ele><time>2026-03-05T13:20:26Z</time></trkpt>
<trkpt lat="33.0051125" lon="35.2154524"><ele>348.2</ele><time>2026-03-05T13:20:27Z</time></trkpt>
<trkpt lat="33.0051128" lon="35.2154533"><ele>348.2</ele><time>2026-03-05T13:20:28Z</time></trkpt>
<trkpt lat="33.0051133" lon="35.2154536"><ele>348.2</ele><time>2026-03-05T13:20:29Z</time></trkpt>
<trkpt lat="33.005114" lon="35.2154535"><ele>348.1</ele><time>2026-03-05T13:20:30Z</time></trkpt>
<trkpt lat="33.005115" lon="35.215453"><ele>348.1</ele><time>2026-03-05T13:20:31Z</time></trkpt>
<trkpt lat="33.0051162" lon="35.2154522"><ele>348.1</ele><time>2026-03-05T13:20:32Z</time></trkpt>
<trkpt lat="33.0051176" lon="35.2154512"><ele>348.1</ele><time>2026-03-05T13:20:33Z</time></trkpt>
<trkpt lat="33.0051192" lon="35.21545"><ele>348.0</ele><time>2026-03-05T13:20:34Z</time></trkpt>
<trkpt lat="33.005121" lon="35.2154484"><ele>348.0</ele><time>2026-03-05T13:20:35Z</time></trkpt>
<trkpt lat="33.0051229" lon="35.2154465"><ele>348.0</ele><time>2026-03-05T13:20:36Z</time></trkpt>
<trkpt lat="33.005125" lon="35.2154444"><ele>348.0</ele><time>2026-03-05T13:20:37Z</time></trkpt>
<trkpt lat="33.005127" lon="35.215442"><ele>348.0</ele><time>2026-03-05T13:20:38Z</time></trkpt>
<trkpt lat="33.0051291" lon="35.2154394"><ele>348.0</ele><time>2026-03-05T13:20:39Z</time></trkpt>
<trkpt lat="33.005131" lon="35.2154367"><ele>348.0</ele><time>2026-03-05T13:20:40Z</time></trkpt>
<trkpt lat="33.0051328" lon="35.215434"><ele>348.0</ele><time>2026-03-05T13:20:41Z</time></trkpt>
<trkpt lat="33.0051345" lon="35.2154316"><ele>348.0</ele><time>2026-03-05T13:20:42Z</time></trkpt>
<trkpt lat="33.0051359" lon="35.2154295"><ele>348.0</ele><time>2026-03-05T13:20:43Z</time></trkpt>
<trkpt lat="33.005137" lon="35.2154277"><ele>348.0</ele><time>2026-03-05T13:20:44Z</time></trkpt>
<trkpt lat="33.0051379" lon="35.2154264"><ele>348.0</ele><time>2026-03-05T13:20:45Z</time></trkpt>
<trkpt lat="33.0051385" lon="35.2154254"><ele>348.0</ele><time>2026-03-05T13:20:46Z</time></trkpt>
<trkpt lat="33.005139" lon="35.2154248"><ele>348.0</ele><time>2026-03-05T13:20:47Z</time></trkpt>
<trkpt lat="33.0051391" lon="35.2154246"><ele>347.9</ele><time>2026-03-05T13:20:48Z</time></trkpt>
<trkpt lat="33.0051388" lon="35.2154248"><ele>347.9</ele><time>2026-03-05T13:20:49Z</time></trkpt>
<trkpt lat="33.0051381" lon="35.2154254"><ele>347.9</ele><time>2026-03-05T13:20:50Z</time></trkpt>
<trkpt lat="33.0051369" lon="35.2154265"><ele>347.9</ele><time>2026-03-05T13:20:51Z</time></trkpt>
<trkpt lat="33.0051352" lon="35.2154281"><ele>347.9</ele><time>2026-03-05T13:20:52Z</time></trkpt>
<trkpt lat="33.005133" lon="35.21543"><ele>348.0</ele><time>2026-03-05T13:20:53Z</time></trkpt>
<trkpt lat="33.0051304" lon="35.2154323"><ele>348.0</ele><time>2026-03-05T13:20:54Z</time></trkpt>
<trkpt lat="33.0051276" lon="35.215435"><ele>348.0</ele><time>2026-03-05T13:20:55Z</time></trkpt>
<trkpt lat="33.0051245" lon="35.2154378"><ele>348.0</ele><time>2026-03-05T13:20:56Z</time></trkpt>
<trkpt lat="33.0051211" lon="35.215441"><ele>348.0</ele><time>2026-03-05T13:20:57Z</time></trkpt>
<trkpt lat="33.0051175" lon="35.2154443"><ele>348.0</ele><time>2026-03-05T13:20:58Z</time></trkpt>
<trkpt lat="33.0051136" lon="35.2154477"><ele>348.1</ele><time>2026-03-05T13:20:59Z</time></trkpt>
<trkpt lat="33.0051095" lon="35.2154512"><ele>348.1</ele><time>2026-03-05T13:21:00Z</time></trkpt>
<trkpt lat="33.0051053" lon="35.2154547"><ele>348.1</ele><time>2026-03-05T13:21:01Z</time></trkpt>
<trkpt lat="33.0051009" lon="35.2154582"><ele>348.1</ele><time>2026-03-05T13:21:02Z</time></trkpt>
<trkpt lat="33.0050964" lon="35.2154616"><ele>348.0</ele><time>2026-03-05T13:21:03Z</time></trkpt>
<trkpt lat="33.005092" lon="35.2154648"><ele>348.0</ele><time>2026-03-05T13:21:04Z</time></trkpt>
<trkpt lat="33.0050877" lon="35.2154679"><ele>348.0</ele><time>2026-03-05T13:21:05Z</time></trkpt>
<trkpt lat="33.0050836" lon="35.2154708"><ele>348.0</ele><time>2026-03-05T13:21:06Z</time></trkpt>
<trkpt lat="33.0050796" lon="35.2154733"><ele>348.0</ele><time>2026-03-05T13:21:07Z</time></trkpt>
<trkpt lat="33.0050758" lon="35.2154754"><ele>347.9</ele><time>2026-03-05T13:21:08Z</time></trkpt>
<trkpt lat="33.0050722" lon="35.2154772"><ele>347.9</ele><time>2026-03-05T13:21:09Z</time></trkpt>
<trkpt lat="33.0050688" lon="35.2154785"><ele>347.9</ele><time>2026-03-05T13:21:10Z</time></trkpt>
<trkpt lat="33.0050655" lon="35.2154795"><ele>347.9</ele><time>2026-03-05T13:21:11Z</time></trkpt>
<trkpt lat="33.0050625" lon="35.2154799"><ele>347.9</ele><time>2026-03-05T13:21:12Z</time></trkpt>
<trkpt lat="33.0050598" lon="35.21548"><ele>347.8</ele><time>2026-03-05T13:21:13Z</time></trkpt>
<trkpt lat="33.0050573" lon="35.2154797"><ele>347.8</ele><time>2026-03-05T13:21:14Z</time></trkpt>
<trkpt lat="33.0050551" lon="35.2154792"><ele>347.8</ele><time>2026-03-05T13:21:15Z</time></trkpt>
<trkpt lat="33.0050533" lon="35.2154784"><ele>347.8</ele><time>2026-03-05T13:21:16Z</time></trkpt>
<trkpt lat="33.0050518" lon="35.2154775"><ele>347.8</ele><time>2026-03-05T13:21:17Z</time></trkpt>
<trkpt lat="33.0050507" lon="35.2154767"><ele>347.8</ele><time>2026-03-05T13:21:18Z</time></trkpt>
<trkpt lat="33.0050499" lon="35.215476"><ele>347.8</ele><time>2026-03-05T13:21:19Z</time></trkpt>
<trkpt lat="33.0050493" lon="35.2154755"><ele>347.8</ele><time>2026-03-05T13:21:20Z</time></trkpt>
<trkpt lat="33.005049" lon="35.215475"><ele>347.9</ele><time>2026-03-05T13:21:21Z</time></trkpt>
<trkpt lat="33.0050487" lon="35.2154747"><ele>347.9</ele><time>2026-03-05T13:21:22Z</time></trkpt>
<trkpt lat="33.0050485" lon="35.2154744"><ele>347.9</ele><time>2026-03-05T13:21:23Z</time></trkpt>
<trkpt lat="33.0050483" lon="35.2154742"><ele>347.9</ele><time>2026-03-05T13:21:24Z</time></trkpt>
<trkpt lat="33.0050482" lon="35.215474"><ele>347.9</ele><time>2026-03-05T13:21:25Z</time></trkpt>
<trkpt lat="33.0050482" lon="35.215474"><ele>347.9</ele><time>2026-03-05T13:21:26Z</time></trkpt>
<trkpt lat="33.0050482" lon="35.2154742"><ele>347.9</ele><time>2026-03-05T13:21:27Z</time></trkpt>
<trkpt lat="33.0050483" lon="35.2154747"><ele>347.9</ele><time>2026-03-05T13:21:28Z</time></trkpt>
<trkpt lat="33.0050485" lon="35.2154756"><ele>347.9</ele><time>2026-03-05T13:21:29Z</time></trkpt>
<trkpt lat="33.005049" lon="35.215477"><ele>347.9</ele><time>2026-03-05T13:21:30Z</time></trkpt>
<trkpt lat="33.0050496" lon="35.215479"><ele>347.9</ele><time>2026-03-05T13:21:31Z</time></trkpt>
<trkpt lat="33.0050504" lon="35.2154817"><ele>347.9</ele><time>2026-03-05T13:21:32Z</time></trkpt>
<trkpt lat="33.0050515" lon="35.2154851"><ele>347.9</ele><time>2026-03-05T13:21:33Z</time></trkpt>
<trkpt lat="33.0050529" lon="35.2154892"><ele>347.9</ele><time>2026-03-05T13:21:34Z</time></trkpt>
<trkpt lat="33.0050546" lon="35.2154939"><ele>347.9</ele><time>2026-03-05T13:21:35Z</time></trkpt>
<trkpt lat="33.0050565" lon="35.2154991"><ele>347.9</ele><time>2026-03-05T13:21:36Z</time></trkpt>
<trkpt lat="33.0050588" lon="35.2155048"><ele>347.9</ele><time>2026-03-05T13:21:37Z</time></trkpt>
<trkpt lat="33.0050614" lon="35.2155107"><ele>347.9</ele><time>2026-03-05T13:21:38Z</time></trkpt>
<trkpt lat="33.0050643" lon="35.2155167"><ele>347.9</ele><time>2026-03-05T13:21:39Z</time></trkpt>
<trkpt lat="33.0050676" lon="35.2155226"><ele>347.9</ele><time>2026-03-05T13:21:40Z</time></trkpt>
<trkpt lat="33.005071" lon="35.2155282"><ele>347.9</ele><time>2026-03-05T13:21:41Z</time></trkpt>
<trkpt lat="33.0050746" lon="35.2155332"><ele>348.0</ele><time>2026-03-05T13:21:42Z</time></trkpt>
<trkpt lat="33.0050782" lon="35.2155376"><ele>348.0</ele><time>2026-03-05T13:21:43Z</time></trkpt>
<trkpt lat="33.0050817" lon="35.2155413"><ele>348.0</ele><time>2026-03-05T13:21:44Z</time></trkpt>
<trkpt lat="33.0050851" lon="35.2155443"><ele>348.0</ele><time>2026-03-05T13:21:45Z</time></trkpt>
<trkpt lat="33.0050882" lon="35.2155467"><ele>348.0</ele><time>2026-03-05T13:21:46Z</time></trkpt>
<trkpt lat="33.0050912" lon="35.2155484"><ele>348.0</ele><time>2026-03-05T13:21:47Z</time></trkpt>
<trkpt lat="33.005094" lon="35.2155496"><ele>348.0</ele><time>2026-03-05T13:21:48Z</time></trkpt>
<trkpt lat="33.0050964" lon="35.2155503"><ele>348.0</ele><time>2026-03-05T13:21:49Z</time></trkpt>
<trkpt lat="33.0050986" lon="35.2155504"><ele>348.0</ele><time>2026-03-05T13:21:50Z</time></trkpt>
<trkpt lat="33.0051005" lon="35.2155501"><ele>348.0</ele><time>2026-03-05T13:21:51Z</time></trkpt>
<trkpt lat="33.005102" lon="35.2155493"><ele>348.0</ele><time>2026-03-05T13:21:52Z</time></trkpt>
<trkpt lat="33.0051032" lon="35.215548"><ele>348.0</ele><time>2026-03-05T13:21:53Z</time></trkpt>
<trkpt lat="33.0051041" lon="35.2155464"><ele>348.0</ele><time>2026-03-05T13:21:54Z</time></trkpt>
<trkpt lat="33.0051047" lon="35.2155446"><ele>347.9</ele><time>2026-03-05T13:21:55Z</time></trkpt>
<trkpt lat="33.0051052" lon="35.2155427"><ele>347.9</ele><time>2026-03-05T13:21:56Z</time></trkpt>
<trkpt lat="33.0051054" lon="35.2155408"><ele>347.9</ele><time>2026-03-05T13:21:57Z</time></trkpt>
<trkpt lat="33.0051055" lon="35.215539"><ele>347.9</ele><time>2026-03-05T13:21:58Z</time></trkpt>
<trkpt lat="33.0051054" lon="35.2155376"><ele>347.9</ele><time>2026-03-05T13:21:59Z</time></trkpt>
<trkpt lat="33.0051052" lon="35.2155364"><ele>347.9</ele><time>2026-03-05T13:22:00Z</time></trkpt>
<trkpt lat="33.0051047" lon="35.2155355"><ele>347.9</ele><time>2026-03-05T13:22:01Z</time></trkpt>
<trkpt lat="33.0051041" lon="35.2155348"><ele>347.9</ele><time>2026-03-05T13:22:02Z</time></trkpt>
<trkpt lat="33.0051033" lon="35.2155343"><ele>347.9</ele><time>2026-03-05T13:22:03Z</time></trkpt>
<trkpt lat="33.0051022" lon="35.215534"><ele>347.9</ele><time>2026-03-05T13:22:04Z</time></trkpt>
<trkpt lat="33.005101" lon="35.2155337"><ele>347.9</ele><time>2026-03-05T13:22:05Z</time></trkpt>
<trkpt lat="33.0050997" lon="35.2155332"><ele>347.9</ele><time>2026-03-05T13:22:06Z</time></trkpt>
<trkpt lat="33.0050983" lon="35.2155326"><ele>348.0</ele><time>2026-03-05T13:22:07Z</time></trkpt>
<trkpt lat="33.005097" lon="35.2155316"><ele>348.0</ele><time>2026-03-05T13:22:08Z</time></trkpt>
<trkpt lat="33.0050956" lon="35.2155304"><ele>348.0</ele><time>2026-03-05T13:22:09Z</time></trkpt>
<trkpt lat="33.0050944" lon="35.2155288"><ele>348.0</ele><time>2026-03-05T13:22:10Z</time></trkpt>
<trkpt lat="33.0050933" lon="35.2155269"><ele>348.0</ele><time>2026-03-05T13:22:11Z</time></trkpt>
<trkpt lat="33.0050924" lon="35.215525"><ele>348.0</ele><time>2026-03-05T13:22:12Z</time></trkpt>
<trkpt lat="33.0050916" lon="35.2155231"><ele>348.0</ele><time>2026-03-05T13:22:13Z</time></trkpt>
<trkpt lat="33.0050911" lon="35.2155212"><ele>348.1</ele><time>2026-03-05T13:22:14Z</time></trkpt>
<trkpt lat="33.0050909" lon="35.2155195"><ele>348.1</ele><time>2026-03-05T13:22:15Z</time></trkpt>
<trkpt lat="33.005091" lon="35.2155179"><ele>348.1</ele><time>2026-03-05T13:22:16Z</time></trkpt>
<trkpt lat="33.0050914" lon="35.2155163"><ele>348.1</ele><time>2026-03-05T13:22:17Z</time></trkpt>
<trkpt lat="33.0050921" lon="35.2155147"><ele>348.1</ele><time>2026-03-05T13:22:18Z</time></trkpt>
<trkpt lat="33.0050929" lon="35.2155132"><ele>348.1</ele><time>2026-03-05T13:22:19Z</time></trkpt>
<trkpt lat="33.005094" lon="35.2155117"><ele>348.0</ele><time>2026-03-05T13:22:20Z</time></trkpt>
<trkpt lat="33.0050953" lon="35.2155103"><ele>348.0</ele><time>2026-03-05T13:22:21Z</time></trkpt>
<trkpt lat="33.0050968" lon="35.2155089"><ele>348.0</ele><time>2026-03-05T13:22:22Z</time></trkpt>
<trkpt lat="33.0050985" lon="35.2155075"><ele>348.0</ele><time>2026-03-05T13:22:23Z</time></trkpt>
<trkpt lat="33.0051003" lon="35.2155063"><ele>348.0</ele><time>2026-03-05T13:22:24Z</time></trkpt>
<trkpt lat="33.0051022" lon="35.2155053"><ele>348.0</ele><time>2026-03-05T13:22:25Z</time></trkpt>
<trkpt lat="33.0051042" lon="35.2155046"><ele>347.9</ele><time>2026-03-05T13:22:26Z</time></trkpt>
<trkpt lat="33.0051062" lon="35.2155043"><ele>347.9</ele><time>2026-03-05T13:22:27Z</time></trkpt>
<trkpt lat="33.0051081" lon="35.2155043"><ele>347.9</ele><time>2026-03-05T13:22:28Z</time></trkpt>
<trkpt lat="33.0051098" lon="35.2155045"><ele>347.9</ele><time>2026-03-05T13:22:29Z</time></trkpt>
<trkpt lat="33.0051112" lon="35.2155048"><ele>347.9</ele><time>2026-03-05T13:22:30Z</time></trkpt>
<trkpt lat="33.0051123" lon="35.215505"><ele>347.9</ele><time>2026-03-05T13:22:31Z</time></trkpt>
<trkpt lat="33.0051132" lon="35.2155052"><ele>347.9</ele><time>2026-03-05T13:22:32Z</time></trkpt>
<trkpt lat="33.0051137" lon="35.2155053"><ele>348.0</ele><time>2026-03-05T13:22:33Z</time></trkpt>
<trkpt lat="33.0051142" lon="35.2155054"><ele>348.0</ele><time>2026-03-05T13:22:34Z</time></trkpt>
<trkpt lat="33.0051146" lon="35.2155054"><ele>348.0</ele><time>2026-03-05T13:22:35Z</time></trkpt>
<trkpt lat="33.005115" lon="35.2155053"><ele>348.0</ele><time>2026-03-05T13:22:36Z</time></trkpt>
<trkpt lat="33.0051154" lon="35.2155053"><ele>348.0</ele><time>2026-03-05T13:22:37Z</time></trkpt>
<trkpt lat="33.0051159" lon="35.2155053"><ele>348.1</ele><time>2026-03-05T13:22:38Z</time></trkpt>
<trkpt lat="33.0051165" lon="35.2155053"><ele>348.1</ele><time>2026-03-05T13:22:39Z</time></trkpt>
<trkpt lat="33.0051171" lon="35.2155053"><ele>348.1</ele><time>2026-03-05T13:22:40Z</time></trkpt>
<trkpt lat="33.0051178" lon="35.2155052"><ele>348.1</ele><time>2026-03-05T13:22:41Z</time></trkpt>
<trkpt lat="33.0051185" lon="35.215505"><ele>348.1</ele><time>2026-03-05T13:22:42Z</time></trkpt>
<trkpt lat="33.0051192" lon="35.2155047"><ele>348.1</ele><time>2026-03-05T13:22:43Z</time></trkpt>
<trkpt lat="33.00512" lon="35.2155043"><ele>348.1</ele><time>2026-03-05T13:22:44Z</time></trkpt>
<trkpt lat="33.0051209" lon="35.2155038"><ele>348.1</ele><time>2026-03-05T13:22:45Z</time></trkpt>
<trkpt lat="33.0051218" lon="35.2155032"><ele>348.1</ele><time>2026-03-05T13:22:46Z</time></trkpt>
<trkpt lat="33.0051226" lon="35.2155025"><ele>348.1</ele><time>2026-03-05T13:22:47Z</time></trkpt>
<trkpt lat="33.0051233" lon="35.2155017"><ele>348.0</ele><time>2026-03-05T13:22:48Z</time></trkpt>
<trkpt lat="33.0051239" lon="35.2155009"><ele>348.0</ele><time>2026-03-05T13:22:49Z</time></trkpt>
<trkpt lat="33.0051242" lon="35.2155001"><ele>348.0</ele><time>2026-03-05T13:22:50Z</time></trkpt>
<trkpt lat="33.0051242" lon="35.2154993"><ele>348.0</ele><time>2026-03-05T13:22:51Z</time></trkpt>
<trkpt lat="33.005124" lon="35.2154986"><ele>347.9</ele><time>2026-03-05T13:22:52Z</time></trkpt>
<trkpt lat="33.0051234" lon="35.2154981"><ele>347.9</ele><time>2026-03-05T13:22:53Z</time></trkpt>
<trkpt lat="33.0051226" lon="35.2154978"><ele>347.9</ele><time>2026-03-05T13:22:54Z</time></trkpt>
<trkpt lat="33.0051216" lon="35.2154976"><ele>347.9</ele><time>2026-03-05T13:22:55Z</time></trkpt>
<trkpt lat="33.0051205" lon="35.2154976"><ele>347.9</ele><time>2026-03-05T13:22:56Z</time></trkpt>
<trkpt lat="33.0051194" lon="35.2154974"><ele>347.8</ele><time>2026-03-05T13:22:57Z</time></trkpt>
<trkpt lat="33.0051183" lon="35.2154973"><ele>347.8</ele><time>2026-03-05T13:22:58Z</time></trkpt>
<trkpt lat="33.0051173" lon="35.2154971"><ele>347.8</ele><time>2026-03-05T13:22:59Z</time></trkpt>
<trkpt lat="33.0051164" lon="35.2154968"><ele>347.8</ele><time>2026-03-05T13:23:00Z</time></trkpt>
<trkpt lat="33.0051157" lon="35.2154966"><ele>347.8</ele><time>2026-03-05T13:23:01Z</time></trkpt>
<trkpt lat="33.0051151" lon="35.2154963"><ele>347.8</ele><time>2026-03-05T13:23:02Z</time></trkpt>
<trkpt lat="33.0051147" lon="35.215496"><ele>347.8</ele><time>2026-03-05T13:23:03Z</time></trkpt>
<trkpt lat="33.0051142" lon="35.2154958"><ele>347.8</ele><time>2026-03-05T13:23:04Z</time></trkpt>
<trkpt lat="33.0051136" lon="35.2154955"><ele>347.8</ele><time>2026-03-05T13:23:05Z</time></trkpt>
<trkpt lat="33.005113" lon="35.2154954"><ele>347.8</ele><time>2026-03-05T13:23:06Z</time></trkpt>
<trkpt lat="33.0051122" lon="35.2154952"><ele>347.8</ele><time>2026-03-05T13:23:07Z</time></trkpt>
<trkpt lat="33.0051113" lon="35.2154952"><ele>347.8</ele><time>2026-03-05T13:23:08Z</time></trkpt>
<trkpt lat="33.0051104" lon="35.2154952"><ele>347.8</ele><time>2026-03-05T13:23:09Z</time></trkpt>
<trkpt lat="33.0051094" lon="35.2154954"><ele>347.8</ele><time>2026-03-05T13:23:10Z</time></trkpt>
<trkpt lat="33.0051085" lon="35.2154958"><ele>347.9</ele><time>2026-03-05T13:23:11Z</time></trkpt>
<trkpt lat="33.0051076" lon="35.2154964"><ele>347.9</ele><time>2026-03-05T13:23:12Z</time></trkpt>
<trkpt lat="33.0051069" lon="35.2154972"><ele>347.9</ele><time>2026-03-05T13:23:13Z</time></trkpt>
<trkpt lat="33.0051063" lon="35.2154982"><ele>347.9</ele><time>2026-03-05T13:23:14Z</time></trkpt>
<trkpt lat="33.0051059" lon="35.2154993"><ele>347.9</ele><time>2026-03-05T13:23:15Z</time></trkpt>
<trkpt lat="33.0051057" lon="35.2155005"><ele>347.9</ele><time>2026-03-05T13:23:16Z</time></trkpt>
<trkpt lat="33.0051056" lon="35.2155017"><ele>347.9</ele><time>2026-03-05T13:23:17Z</time></trkpt>
<trkpt lat="33.0051057" lon="35.2155029"><ele>347.9</ele><time>2026-03-05T13:23:18Z</time></trkpt>
<trkpt lat="33.005106" lon="35.2155041"><ele>347.9</ele><time>2026-03-05T13:23:19Z</time></trkpt>
<trkpt lat="33.0051064" lon="35.2155053"><ele>347.9</ele><time>2026-03-05T13:23:20Z</time></trkpt>
<trkpt lat="33.005107" lon="35.2155063"><ele>347.9</ele><time>2026-03-05T13:23:21Z</time></trkpt>
<trkpt lat="33.0051077" lon="35.2155074"><ele>347.9</ele><time>2026-03-05T13:23:22Z</time></trkpt>
<trkpt lat="33.0051086" lon="35.2155082"><ele>347.9</ele><time>2026-03-05T13:23:23Z</time></trkpt>
<trkpt lat="33.0051099" lon="35.215509"><ele>347.9</ele><time>2026-03-05T13:23:24Z</time></trkpt>
<trkpt lat="33.0051114" lon="35.2155094"><ele>348.0</ele><time>2026-03-05T13:23:25Z</time></trkpt>
<trkpt lat="33.0051131" lon="35.2155095"><ele>348.0</ele><time>2026-03-05T13:23:26Z</time></trkpt>
<trkpt lat="33.0051151" lon="35.2155092"><ele>348.0</ele><time>2026-03-05T13:23:27Z</time></trkpt>
<trkpt lat="33.0051171" lon="35.2155084"><ele>348.0</ele><time>2026-03-05T13:23:28Z</time></trkpt>
<trkpt lat="33.0051192" lon="35.2155073"><ele>348.0</ele><time>2026-03-05T13:23:29Z</time></trkpt>
<trkpt lat="33.0051213" lon="35.2155058"><ele>348.0</ele><time>2026-03-05T13:23:30Z</time></trkpt>
<trkpt lat="33.0051233" lon="35.215504"><ele>348.0</ele><time>2026-03-05T13:23:31Z</time></trkpt>
<trkpt lat="33.0051253" lon="35.215502"><ele>348.0</ele><time>2026-03-05T13:23:32Z</time></trkpt>
<trkpt lat="33.0051271" lon="35.2154997"><ele>348.0</ele><time>2026-03-05T13:23:33Z</time></trkpt>
<trkpt lat="33.0051288" lon="35.2154971"><ele>348.0</ele><time>2026-03-05T13:23:34Z</time></trkpt>
<trkpt lat="33.0051304" lon="35.2154945"><ele>348.0</ele><time>2026-03-05T13:23:35Z</time></trkpt>
<trkpt lat="33.0051319" lon="35.2154918"><ele>348.0</ele><time>2026-03-05T13:23:36Z</time></trkpt>
<trkpt lat="33.0051333" lon="35.2154892"><ele>348.0</ele><time>2026-03-05T13:23:37Z</time></trkpt>
<trkpt lat="33.0051347" lon="35.2154867"><ele>348.0</ele><time>2026-03-05T13:23:38Z</time></trkpt>
<trkpt lat="33.0051359" lon="35.2154844"><ele>348.0</ele><time>2026-03-05T13:23:39Z</time></trkpt>
<trkpt lat="33.0051369" lon="35.2154821"><ele>348.0</ele><time>2026-03-05T13:23:40Z</time></trkpt>
<trkpt lat="33.0051377" lon="35.21548"><ele>348.0</ele><time>2026-03-05T13:23:41Z</time></trkpt>
<trkpt lat="33.0051383" lon="35.2154779"><ele>348.1</ele><time>2026-03-05T13:23:42Z</time></trkpt>
<trkpt lat="33.0051388" lon="35.2154759"><ele>348.1</ele><time>2026-03-05T13:23:43Z</time></trkpt>
<trkpt lat="33.0051391" lon="35.2154739"><ele>348.1</ele><time>2026-03-05T13:23:44Z</time></trkpt>
<trkpt lat="33.0051394" lon="35.215472"><ele>348.1</ele><time>2026-03-05T13:23:45Z</time></trkpt>
<trkpt lat="33.0051396" lon="35.2154702"><ele>348.1</ele><time>2026-03-05T13:23:46Z</time></trkpt>
<trkpt lat="33.0051399" lon="35.2154684"><ele>348.1</ele><time>2026-03-05T13:23:47Z</time></trkpt>
<trkpt lat="33.0051402" lon="35.2154667"><ele>348.0</ele><time>2026-03-05T13:23:48Z</time></trkpt>
<trkpt lat="33.0051407" lon="35.215465"><ele>348.0</ele><time>2026-03-05T13:23:49Z</time></trkpt>
<trkpt lat="33.0051412" lon="35.2154632"><ele>348.0</ele><time>2026-03-05T13:23:50Z</time></trkpt>
<trkpt lat="33.0051418" lon="35.2154614"><ele>348.0</ele><time>2026-03-05T13:23:51Z</time></trkpt>
<trkpt lat="33.0051425" lon="35.2154594"><ele>348.0</ele><time>2026-03-05T13:23:52Z</time></trkpt>
<trkpt lat="33.0051432" lon="35.2154573"><ele>347.9</ele><time>2026-03-05T13:23:53Z</time></trkpt>
<trkpt lat="33.005144" lon="35.2154553"><ele>347.9</ele><time>2026-03-05T13:23:54Z</time></trkpt>
<trkpt lat="33.0051449" lon="35.2154534"><ele>347.9</ele><time>2026-03-05T13:23:55Z</time></trkpt>
<trkpt lat="33.0051456" lon="35.2154518"><ele>347.9</ele><time>2026-03-05T13:23:56Z</time></trkpt>
<trkpt lat="33.0051462" lon="35.2154506"><ele>347.9</ele><time>2026-03-05T13:23:57Z</time></trkpt>
<trkpt lat="33.0051466" lon="35.2154498"><ele>347.9</ele><time>2026-03-05T13:23:58Z</time></trkpt>
<trkpt lat="33.0051468" lon="35.2154493"><ele>348.0</ele><time>2026-03-05T13:23:59Z</time></trkpt>
<trkpt lat="33.0051467" lon="35.2154491"><ele>348.0</ele><time>2026-03-05T13:24:00Z</time></trkpt>
<trkpt lat="33.0051464" lon="35.215449"><ele>348.0</ele><time>2026-03-05T13:24:01Z</time></trkpt>
<trkpt lat="33.0051459" lon="35.2154491"><ele>348.0</ele><time>2026-03-05T13:24:02Z</time></trkpt>
<trkpt lat="33.0051452" lon="35.2154491"><ele>348.0</ele><time>2026-03-05T13:24:03Z</time></trkpt>
<trkpt lat="33.0051443" lon="35.2154489"><ele>348.0</ele><time>2026-03-05T13:24:04Z</time></trkpt>
<trkpt lat="33.0051432" lon="35.2154486"><ele>348.0</ele><time>2026-03-05T13:24:05Z</time></trkpt>
<trkpt lat="33.0051418" lon="35.2154481"><ele>348.0</ele><time>2026-03-05T13:24:06Z</time></trkpt>
<trkpt lat="33.0051401" lon="35.2154475"><ele>348.0</ele><time>2026-03-05T13:24:07Z</time></trkpt>
<trkpt lat="33.0051382" lon="35.2154469"><ele>348.0</ele><time>2026-03-05T13:24:08Z</time></trkpt>
<trkpt lat="33.005136" lon="35.2154464"><ele>348.0</ele><time>2026-03-05T13:24:09Z</time></trkpt>
<trkpt lat="33.0051336" lon="35.2154461"><ele>348.0</ele><time>2026-03-05T13:24:10Z</time></trkpt>
<trkpt lat="33.0051311" lon="35.2154459"><ele>348.0</ele><time>2026-03-05T13:24:11Z</time></trkpt>
<trkpt lat="33.0051285" lon="35.2154458"><ele>348.1</ele><time>2026-03-05T13:24:12Z</time></trkpt>
<trkpt lat="33.005126" lon="35.2154459"><ele>348.1</ele><time>2026-03-05T13:24:13Z</time></trkpt>
<trkpt lat="33.0051235" lon="35.2154462"><ele>348.1</ele><time>2026-03-05T13:24:14Z</time></trkpt>
<trkpt lat="33.0051212" lon="35.2154467"><ele>348.1</ele><time>2026-03-05T13:24:15Z</time></trkpt>
<trkpt lat="33.0051189" lon="35.2154473"><ele>348.1</ele><time>2026-03-05T13:24:16Z</time></trkpt>
<trkpt lat="33.0051167" lon="35.2154481"><ele>348.1</ele><time>2026-03-05T13:24:17Z</time></trkpt>
<trkpt lat="33.0051145" lon="35.2154491"><ele>348.1</ele><time>2026-03-05T13:24:18Z</time></trkpt>
<trkpt lat="33.0051123" lon="35.2154504"><ele>348.2</ele><time>2026-03-05T13:24:19Z</time></trkpt>
<trkpt lat="33.00511" lon="35.2154519"><ele>348.2</ele><time>2026-03-05T13:24:20Z</time></trkpt>
<trkpt lat="33.0051076" lon="35.2154537"><ele>348.2</ele><time>2026-03-05T13:24:21Z</time></trkpt>
<trkpt lat="33.0051051" lon="35.2154558"><ele>348.2</ele><time>2026-03-05T13:24:22Z</time></trkpt>
<trkpt lat="33.0051026" lon="35.2154582"><ele>348.3</ele><time>2026-03-05T13:24:23Z</time></trkpt>
<trkpt lat="33.0051001" lon="35.2154609"><ele>348.3</ele><time>2026-03-05T13:24:24Z</time></trkpt>
<trkpt lat="33.0050975" lon="35.2154638"><ele>348.3</ele><time>2026-03-05T13:24:25Z</time></trkpt>
<trkpt lat="33.005095" lon="35.215467"><ele>348.3</ele><time>2026-03-05T13:24:26Z</time></trkpt>
<trkpt lat="33.0050927" lon="35.2154701"><ele>348.3</ele><time>2026-03-05T13:24:27Z</time></trkpt>
<trkpt lat="33.0050905" lon="35.2154731"><ele>348.3</ele><time>2026-03-05T13:24:28Z</time></trkpt>
<trkpt lat="33.0050884" lon="35.2154758"><ele>348.3</ele><time>2026-03-05T13:24:29Z</time></trkpt>
<trkpt lat="33.0050865" lon="35.2154781"><ele>348.3</ele><time>2026-03-05T13:24:30Z</time></trkpt>
<trkpt lat="33.0050847" lon="35.2154801"><ele>348.3</ele><time>2026-03-05T13:24:31Z</time></trkpt>
<trkpt lat="33.005083" lon="35.2154817"><ele>348.3</ele><time>2026-03-05T13:24:32Z</time></trkpt>
<trkpt lat="33.0050813" lon="35.215483"><ele>348.3</ele><time>2026-03-05T13:24:33Z</time></trkpt>
<trkpt lat="33.0050796" lon="35.2154839"><ele>348.3</ele><time>2026-03-05T13:24:34Z</time></trkpt>
<trkpt lat="33.0050779" lon="35.2154845"><ele>348.3</ele><time>2026-03-05T13:24:35Z</time></trkpt>
<trkpt lat="33.0050764" lon="35.2154848"><ele>348.3</ele><time>2026-03-05T13:24:36Z</time></trkpt>
<trkpt lat="33.0050749" lon="35.2154848"><ele>348.3</ele><time>2026-03-05T13:24:37Z</time></trkpt>
<trkpt lat="33.0050737" lon="35.2154846"><ele>348.2</ele><time>2026-03-05T13:24:38Z</time></trkpt>
<trkpt lat="33.0050727" lon="35.2154841"><ele>348.2</ele><time>2026-03-05T13:24:39Z</time></trkpt>
<trkpt lat="33.005072" lon="35.2154833"><ele>348.2</ele><time>2026-03-05T13:24:40Z</time></trkpt>
<trkpt lat="33.0050717" lon="35.2154822"><ele>348.2</ele><time>2026-03-05T13:24:41Z</time></trkpt>
<trkpt lat="33.0050717" lon="35.2154811"><ele>348.2</ele><time>2026-03-05T13:24:42Z</time></trkpt>
<trkpt lat="33.005072" lon="35.2154799"><ele>348.2</ele><time>2026-03-05T13:24:43Z</time></trkpt>
<trkpt lat="33.0050725" lon="35.2154788"><ele>348.2</ele><time>2026-03-05T13:24:44Z</time></trkpt>
<trkpt lat="33.0050733" lon="35.2154777"><ele>348.2</ele><time>2026-03-05T13:24:45Z</time></trkpt>
<trkpt lat="33.0050741" lon="35.2154765"><ele>348.2</ele><time>2026-03-05T13:24:46Z</time></trkpt>
<trkpt lat="33.0050751" lon="35.2154754"><ele>348.2</ele><time>2026-03-05T13:24:47Z</time></trkpt>
<trkpt lat="33.005076" lon="35.2154743"><ele>348.2</ele><time>2026-03-05T13:24:48Z</time></trkpt>
<trkpt lat="33.0050769" lon="35.2154731"><ele>348.2</ele><time>2026-03-05T13:24:49Z</time></trkpt>
<trkpt lat="33.0050776" lon="35.215472"><ele>348.2</ele><time>2026-03-05T13:24:50Z</time></trkpt>
<trkpt lat="33.0050782" lon="35.2154709"><ele>348.2</ele><time>2026-03-05T13:24:51Z</time></trkpt>
<trkpt lat="33.0050786" lon="35.2154698"><ele>348.2</ele><time>2026-03-05T13:24:52Z</time></trkpt>
<trkpt lat="33.0050789" lon="35.2154687"><ele>348.2</ele><time>2026-03-05T13:24:53Z</time></trkpt>
<trkpt lat="33.0050792" lon="35.2154675"><ele>348.2</ele><time>2026-03-05T13:24:54Z</time></trkpt>
<trkpt lat="33.0050795" lon="35.2154663"><ele>348.2</ele><time>2026-03-05T13:24:55Z</time></trkpt>
<trkpt lat="33.0050798" lon="35.215465"><ele>348.2</ele><time>2026-03-05T13:24:56Z</time></trkpt>
<trkpt lat="33.0050802" lon="35.2154636"><ele>348.2</ele><time>2026-03-05T13:24:57Z</time></trkpt>
<trkpt lat="33.0050806" lon="35.2154623"><ele>348.2</ele><time>2026-03-05T13:24:58Z</time></trkpt>
<trkpt lat="33.005081" lon="35.2154611"><ele>348.2</ele><time>2026-03-05T13:24:59Z</time></trkpt>
<trkpt lat="33.0050814" lon="35.2154601"><ele>348.2</ele><time>2026-03-05T13:25:00Z</time></trkpt>
<trkpt lat="33.0050817" lon="35.2154592"><ele>348.2</ele><time>2026-03-05T13:25:01Z</time></trkpt>
<trkpt lat="33.0050818" lon="35.2154585"><ele>348.2</ele><time>2026-03-05T13:25:02Z</time></trkpt>
<trkpt lat="33.0050817" lon="35.215458"><ele>348.2</ele><time>2026-03-05T13:25:03Z</time></trkpt>
<trkpt lat="33.0050814" lon="35.2154577"><ele>348.2</ele><time>2026-03-05T13:25:04Z</time></trkpt>
<trkpt lat="33.0050809" lon="35.2154576"><ele>348.2</ele><time>2026-03-05T13:25:05Z</time></trkpt>
<trkpt lat="33.0050802" lon="35.2154577"><ele>348.2</ele><time>2026-03-05T13:25:06Z</time></trkpt>
<trkpt lat="33.0050792" lon="35.2154579"><ele>348.2</ele><time>2026-03-05T13:25:07Z</time></trkpt>
<trkpt lat="33.0050779" lon="35.2154584"><ele>348.2</ele><time>2026-03-05T13:25:08Z</time></trkpt>
<trkpt lat="33.0050763" lon="35.2154591"><ele>348.2</ele><time>2026-03-05T13:25:09Z</time></trkpt>
<trkpt lat="33.0050741" lon="35.2154602"><ele>348.2</ele><time>2026-03-05T13:25:10Z</time></trkpt>
<trkpt lat="33.0050713" lon="35.2154616"><ele>348.2</ele><time>2026-03-05T13:25:11Z</time></trkpt>
<trkpt lat="33.0050676" lon="35.2154634"><ele>348.2</ele><time>2026-03-05T13:25:12Z</time></trkpt>
<trkpt lat="33.0050629" lon="35.2154658"><ele>348.2</ele><time>2026-03-05T13:25:13Z</time></trkpt>
<trkpt lat="33.0050569" lon="35.2154687"><ele>348.2</ele><time>2026-03-05T13:25:14Z</time></trkpt>
<trkpt lat="33.0050496" lon="35.2154721"><ele>348.2</ele><time>2026-03-05T13:25:15Z</time></trkpt>
<trkpt lat="33.0050411" lon="35.2154761"><ele>348.2</ele><time>2026-03-05T13:25:16Z</time></trkpt>
<trkpt lat="33.0050315" lon="35.2154803"><ele>348.2</ele><time>2026-03-05T13:25:17Z</time></trkpt>
<trkpt lat="33.0050216" lon="35.2154846"><ele>348.1</ele><time>2026-03-05T13:25:18Z</time></trkpt>
<trkpt lat="33.0050126" lon="35.2154885"><ele>348.1</ele><time>2026-03-05T13:25:19Z</time></trkpt>
<trkpt lat="33.0050064" lon="35.2154911"><ele>348.1</ele><time>2026-03-05T13:25:20Z</time></trkpt>
<trkpt lat="33.0050039" lon="35.2154922"><ele>348.1</ele><time>2026-03-05T13:25:21Z</time></trkpt>
<trkpt lat="33.0050034" lon="35.2154924"><ele>348.1</ele><time>2026-03-05T13:25:22Z</time></trkpt>
<trkpt lat="33.005003" lon="35.2154925"><ele>348.1</ele><time>2026-03-05T13:25:23Z</time></trkpt>
<trkpt lat="33.0050025" lon="35.2154928"><ele>348.0</ele><time>2026-03-05T13:25:24Z</time></trkpt>
<trkpt lat="33.0050017" lon="35.2154932"><ele>348.0</ele><time>2026-03-05T13:25:25Z</time></trkpt>
<trkpt lat="33.0050009" lon="35.2154936"><ele>348.0</ele><time>2026-03-05T13:25:26Z</time></trkpt>
<trkpt lat="33.0049999" lon="35.215494"><ele>348.0</ele><time>2026-03-05T13:25:27Z</time></trkpt>
<trkpt lat="33.0049989" lon="35.2154945"><ele>348.0</ele><time>2026-03-05T13:25:28Z</time></trkpt>
<trkpt lat="33.0049985" lon="35.2154947"><ele>348.0</ele><time>2026-03-05T13:25:29Z</time></trkpt>
<trkpt lat="33.0049983" lon="35.2154947"><ele>348.0</ele><time>2026-03-05T13:25:30Z</time></trkpt>
<trkpt lat="33.0049981" lon="35.2154948"><ele>348.0</ele><time>2026-03-05T13:25:31Z</time></trkpt>
<trkpt lat="33.004998" lon="35.2154948"><ele>348.0</ele><time>2026-03-05T13:25:32Z</time></trkpt>
<trkpt lat="33.0049979" lon="35.2154948"><ele>348.0</ele><time>2026-03-05T13:25:33Z</time></trkpt>
<trkpt lat="33.0049977" lon="35.2154948"><ele>348.0</ele><time>2026-03-05T13:25:34Z</time></trkpt>
<trkpt lat="33.0049976" lon="35.2154948"><ele>348.0</ele><time>2026-03-05T13:25:35Z</time></trkpt>
<trkpt lat="33.0049976" lon="35.2154948"><ele>348.0</ele><time>2026-03-05T13:25:36Z</time></trkpt>
<trkpt lat="33.0049975" lon="35.2154948"><ele>348.1</ele><time>2026-03-05T13:25:37Z</time></trkpt>
<trkpt lat="33.0049975" lon="35.2154947"><ele>348.1</ele><time>2026-03-05T13:25:38Z</time></trkpt>
<trkpt lat="33.0049974" lon="35.2154947"><ele>348.1</ele><time>2026-03-05T13:25:39Z</time></trkpt>
<trkpt lat="33.0049974" lon="35.2154946"><ele>348.1</ele><time>2026-03-05T13:25:40Z</time></trkpt>
<trkpt lat="33.0049974" lon="35.2154945"><ele>348.1</ele><time>2026-03-05T13:25:41Z</time></trkpt>
<trkpt lat="33.0049974" lon="35.2154944"><ele>348.1</ele><time>2026-03-05T13:25:42Z</time></trkpt>
<trkpt lat="33.0049974" lon="35.2154943"><ele>348.1</ele><time>2026-03-05T13:25:43Z</time></trkpt>
<trkpt lat="33.0049974" lon="35.2154942"><ele>348.1</ele><time>2026-03-05T13:25:44Z</time></trkpt>
<trkpt lat="33.0049975" lon="35.2154937"><ele>348.1</ele><time>2026-03-05T13:25:45Z</time></trkpt>
<trkpt lat="33.0049977" lon="35.2154931"><ele>348.1</ele><time>2026-03-05T13:25:46Z</time></trkpt>
<trkpt lat="33.0049978" lon="35.2154925"><ele>348.0</ele><time>2026-03-05T13:25:47Z</time></trkpt>
<trkpt lat="33.004998" lon="35.2154921"><ele>348.0</ele><time>2026-03-05T13:25:48Z</time></trkpt>
<trkpt lat="33.0049982" lon="35.2154914"><ele>347.9</ele><time>2026-03-05T13:25:49Z</time></trkpt>
<trkpt lat="33.0049986" lon="35.2154907"><ele>347.9</ele><time>2026-03-05T13:25:50Z</time></trkpt>
<trkpt lat="33.0049988" lon="35.2154901"><ele>347.8</ele><time>2026-03-05T13:25:51Z</time></trkpt>
<trkpt lat="33.0049991" lon="35.2154895"><ele>347.8</ele><time>2026-03-05T13:25:52Z</time></trkpt>
<trkpt lat="33.0049994" lon="35.2154889"><ele>347.8</ele><time>2026-03-05T13:25:53Z</time></trkpt>
<trkpt lat="33.0049998" lon="35.2154881"><ele>347.7</ele><time>2026-03-05T13:25:54Z</time></trkpt>
<trkpt lat="33.0050001" lon="35.2154876"><ele>347.7</ele><time>2026-03-05T13:25:55Z</time></trkpt>
<trkpt lat="33.0050002" lon="35.2154874"><ele>347.7</ele><time>2026-03-05T13:25:56Z</time></trkpt>
<trkpt lat="33.0050004" lon="35.215487"><ele>347.6</ele><time>2026-03-05T13:25:57Z</time></trkpt>
<trkpt lat="33.0050006" lon="35.2154865"><ele>347.6</ele><time>2026-03-05T13:25:58Z</time></trkpt>
<trkpt lat="33.0050009" lon="35.215486"><ele>347.6</ele><time>2026-03-05T13:25:59Z</time></trkpt>
<trkpt lat="33.0050011" lon="35.2154857"><ele>347.6</ele><time>2026-03-05T13:26:00Z</time></trkpt>
<trkpt lat="33.0050011" lon="35.2154855"><ele>347.6</ele><time>2026-03-05T13:26:01Z</time></trkpt>
<trkpt lat="33.0050012" lon="35.2154854"><ele>347.6</ele><time>2026-03-05T13:26:02Z</time></trkpt>
<trkpt lat="33.0050012" lon="35.2154854"><ele>347.7</ele><time>2026-03-05T13:26:03Z</time></trkpt>
<trkpt lat="33.0050012" lon="35.2154853"><ele>347.7</ele><time>2026-03-05T13:26:04Z</time></trkpt>
<trkpt lat="33.0050012" lon="35.2154853"><ele>347.7</ele><time>2026-03-05T13:26:05Z</time></trkpt>
<trkpt lat="33.0050011" lon="35.2154853"><ele>347.7</ele><time>2026-03-05T13:26:06Z</time></trkpt>
<trkpt lat="33.0050011" lon="35.2154853"><ele>347.8</ele><time>2026-03-05T13:26:07Z</time></trkpt>
<trkpt lat="33.0050011" lon="35.2154852"><ele>347.8</ele><time>2026-03-05T13:26:08Z</time></trkpt>
<trkpt lat="33.005001" lon="35.2154852"><ele>347.8</ele><time>2026-03-05T13:26:09Z</time></trkpt>
<trkpt lat="33.005001" lon="35.2154852"><ele>347.8</ele><time>2026-03-05T13:26:10Z</time></trkpt>
<trkpt lat="33.0050008" lon="35.2154852"><ele>347.8</ele><time>2026-03-05T13:26:11Z</time></trkpt>
<trkpt lat="33.0050007" lon="35.2154852"><ele>347.8</ele><time>2026-03-05T13:26:12Z</time></trkpt>
<trkpt lat="33.0050007" lon="35.2154852"><ele>347.7</ele><time>2026-03-05T13:26:13Z</time></trkpt>
<trkpt lat="33.0050006" lon="35.2154852"><ele>347.5</ele><time>2026-03-05T13:26:14Z</time></trkpt>
<trkpt lat="33.0050006" lon="35.2154852"><ele>347.3</ele><time>2026-03-05T13:26:15Z</time></trkpt>
<trkpt lat="33.0050006" lon="35.2154852"><ele>347.0</ele><time>2026-03-05T13:26:16Z</time></trkpt>
<trkpt lat="33.0050006" lon="35.2154852"><ele>346.6</ele><time>2026-03-05T13:26:17Z</time></trkpt>
<trkpt lat="33.0050006" lon="35.2154852"><ele>346.3</ele><time>2026-03-05T13:26:18Z</time></trkpt>
<trkpt lat="33.0051234" lon="35.2153124"><ele>355.7</ele><time>2026-03-05T13:27:02Z</time></trkpt>
<trkpt lat="33.0051389" lon="35.2152953"><ele>351.1</ele><time>2026-03-05T13:27:07Z</time></trkpt>
<trkpt lat="33.0051396" lon="35.2152941"><ele>348.8</ele><time>2026-03-05T13:27:11Z</time></trkpt>
<trkpt lat="33.0051394" lon="35.2152941"><ele>348.5</ele><time>2026-03-05T13:27:12Z</time></trkpt>
<trkpt lat="33.0051392" lon="35.215294"><ele>348.1</ele><time>2026-03-05T13:27:13Z</time></trkpt>
<trkpt lat="33.005139" lon="35.2152941"><ele>347.9</ele><time>2026-03-05T13:27:14Z</time></trkpt>
<trkpt lat="33.0051387" lon="35.2152942"><ele>347.7</ele><time>2026-03-05T13:27:15Z</time></trkpt>
<trkpt lat="33.0051383" lon="35.2152945"><ele>347.5</ele><time>2026-03-05T13:27:16Z</time></trkpt>
<trkpt lat="33.0051376" lon="35.2152954"><ele>347.4</ele><time>2026-03-05T13:27:17Z</time></trkpt>
<trkpt lat="33.0051364" lon="35.215297"><ele>347.4</ele><time>2026-03-05T13:27:18Z</time></trkpt>
<trkpt lat="33.0051348" lon="35.215299"><ele>347.4</ele><time>2026-03-05T13:27:19Z</time></trkpt>
<trkpt lat="33.0051331" lon="35.2153012"><ele>347.4</ele><time>2026-03-05T13:27:20Z</time></trkpt>
<trkpt lat="33.0051315" lon="35.2153032"><ele>347.4</ele><time>2026-03-05T13:27:21Z</time></trkpt>
<trkpt lat="33.00513" lon="35.215305"><ele>347.4</ele><time>2026-03-05T13:27:22Z</time></trkpt>
<trkpt lat="33.0051281" lon="35.2153072"><ele>347.4</ele><time>2026-03-05T13:27:23Z</time></trkpt>
<trkpt lat="33.0051258" lon="35.2153098"><ele>347.4</ele><time>2026-03-05T13:27:24Z</time></trkpt>
<trkpt lat="33.0051231" lon="35.2153129"><ele>347.4</ele><time>2026-03-05T13:27:25Z</time></trkpt>
<trkpt lat="33.0051203" lon="35.2153159"><ele>347.4</ele><time>2026-03-05T13:27:26Z</time></trkpt>
<trkpt lat="33.0051176" lon="35.2153187"><ele>347.5</ele><time>2026-03-05T13:27:27Z</time></trkpt>
<trkpt lat="33.0051152" lon="35.2153212"><ele>347.5</ele><time>2026-03-05T13:27:28Z</time></trkpt>
<trkpt lat="33.0051126" lon="35.2153238"><ele>347.5</ele><time>2026-03-05T13:27:29Z</time></trkpt>
<trkpt lat="33.0051091" lon="35.215327"><ele>347.5</ele><time>2026-03-05T13:27:30Z</time></trkpt>
<trkpt lat="33.0051052" lon="35.2153304"><ele>347.5</ele><time>2026-03-05T13:27:31Z</time></trkpt>
<trkpt lat="33.0051025" lon="35.2153326"><ele>347.5</ele><time>2026-03-05T13:27:32Z</time></trkpt>
<trkpt lat="33.0051013" lon="35.2153335"><ele>347.5</ele><time>2026-03-05T13:27:33Z</time></trkpt>
<trkpt lat="33.0050993" lon="35.215335"><ele>347.5</ele><time>2026-03-05T13:27:34Z</time></trkpt>
<trkpt lat="33.0050954" lon="35.215338"><ele>347.5</ele><time>2026-03-05T13:27:35Z</time></trkpt>
<trkpt lat="33.0050916" lon="35.2153409"><ele>347.5</ele><time>2026-03-05T13:27:36Z</time></trkpt>
<trkpt lat="33.0050889" lon="35.215343"><ele>347.5</ele><time>2026-03-05T13:27:37Z</time></trkpt>
<trkpt lat="33.0050868" lon="35.2153446"><ele>347.5</ele><time>2026-03-05T13:27:38Z</time></trkpt>
<trkpt lat="33.0050837" lon="35.2153469"><ele>347.5</ele><time>2026-03-05T13:27:39Z</time></trkpt>
<trkpt lat="33.0050795" lon="35.2153501"><ele>347.5</ele><time>2026-03-05T13:27:40Z</time></trkpt>
<trkpt lat="33.0050754" lon="35.2153531"><ele>347.5</ele><time>2026-03-05T13:27:41Z</time></trkpt>
<trkpt lat="33.0050709" lon="35.2153565"><ele>347.5</ele><time>2026-03-05T13:27:42Z</time></trkpt>
<trkpt lat="33.0050661" lon="35.21536"><ele>347.5</ele><time>2026-03-05T13:27:43Z</time></trkpt>
<trkpt lat="33.0050613" lon="35.2153636"><ele>347.5</ele><time>2026-03-05T13:27:44Z</time></trkpt>
<trkpt lat="33.0050564" lon="35.2153673"><ele>347.5</ele><time>2026-03-05T13:27:45Z</time></trkpt>
<trkpt lat="33.0050511" lon="35.2153711"><ele>347.4</ele><time>2026-03-05T13:27:46Z</time></trkpt>
<trkpt lat="33.0050463" lon="35.2153745"><ele>347.4</ele><time>2026-03-05T13:27:47Z</time></trkpt>
<trkpt lat="33.005043" lon="35.2153767"><ele>347.4</ele><time>2026-03-05T13:27:48Z</time></trkpt>
<trkpt lat="33.00504" lon="35.2153786"><ele>347.4</ele><time>2026-03-05T13:27:49Z</time></trkpt>
<trkpt lat="33.0050358" lon="35.2153808"><ele>347.4</ele><time>2026-03-05T13:27:50Z</time></trkpt>
<trkpt lat="33.005031" lon="35.2153831"><ele>347.4</ele><time>2026-03-05T13:27:51Z</time></trkpt>
<trkpt lat="33.0050262" lon="35.2153852"><ele>347.4</ele><time>2026-03-05T13:27:52Z</time></trkpt>
<trkpt lat="33.0050221" lon="35.2153868"><ele>347.4</ele><time>2026-03-05T13:27:53Z</time></trkpt>
<trkpt lat="33.0050193" lon="35.2153878"><ele>347.4</ele><time>2026-03-05T13:27:54Z</time></trkpt>
<trkpt lat="33.0050179" lon="35.2153884"><ele>347.4</ele><time>2026-03-05T13:27:55Z</time></trkpt>
<trkpt lat="33.0050167" lon="35.2153889"><ele>347.4</ele><time>2026-03-05T13:27:56Z</time></trkpt>
<trkpt lat="33.0050155" lon="35.2153894"><ele>347.4</ele><time>2026-03-05T13:27:57Z</time></trkpt>
<trkpt lat="33.0050148" lon="35.2153897"><ele>347.4</ele><time>2026-03-05T13:27:58Z</time></trkpt>
<trkpt lat="33.0050135" lon="35.2153902"><ele>347.4</ele><time>2026-03-05T13:27:59Z</time></trkpt>
<trkpt lat="33.0050111" lon="35.2153907"><ele>347.4</ele><time>2026-03-05T13:28:00Z</time></trkpt>
<trkpt lat="33.0050085" lon="35.2153914"><ele>347.4</ele><time>2026-03-05T13:28:01Z</time></trkpt>
<trkpt lat="33.0050063" lon="35.2153919"><ele>347.4</ele><time>2026-03-05T13:28:02Z</time></trkpt>
<trkpt lat="33.0050044" lon="35.2153926"><ele>347.4</ele><time>2026-03-05T13:28:03Z</time></trkpt>
<trkpt lat="33.0050025" lon="35.2153932"><ele>347.4</ele><time>2026-03-05T13:28:04Z</time></trkpt>
<trkpt lat="33.0050008" lon="35.2153939"><ele>347.4</ele><time>2026-03-05T13:28:05Z</time></trkpt>
<trkpt lat="33.0049996" lon="35.2153945"><ele>347.4</ele><time>2026-03-05T13:28:06Z</time></trkpt>
<trkpt lat="33.0049988" lon="35.215395"><ele>347.4</ele><time>2026-03-05T13:28:07Z</time></trkpt>
<trkpt lat="33.0049973" lon="35.2153958"><ele>347.4</ele><time>2026-03-05T13:28:08Z</time></trkpt>
<trkpt lat="33.0049951" lon="35.215397"><ele>347.4</ele><time>2026-03-05T13:28:09Z</time></trkpt>
<trkpt lat="33.004993" lon="35.2153982"><ele>347.4</ele><time>2026-03-05T13:28:10Z</time></trkpt>
<trkpt lat="33.0049906" lon="35.2153996"><ele>347.4</ele><time>2026-03-05T13:28:12Z</time></trkpt>
<trkpt lat="33.0049896" lon="35.2154004"><ele>347.4</ele><time>2026-03-05T13:28:13Z</time></trkpt>
<trkpt lat="33.0049881" lon="35.2154016"><ele>347.4</ele><time>2026-03-05T13:28:14Z</time></trkpt>
<trkpt lat="33.0049868" lon="35.2154027"><ele>347.4</ele><time>2026-03-05T13:28:15Z</time></trkpt>
<trkpt lat="33.0049855" lon="35.2154039"><ele>347.4</ele><time>2026-03-05T13:28:16Z</time></trkpt>
<trkpt lat="33.004984" lon="35.2154055"><ele>347.5</ele><time>2026-03-05T13:28:18Z</time></trkpt>
<trkpt lat="33.0049837" lon="35.2154058"><ele>347.5</ele><time>2026-03-05T13:28:19Z</time></trkpt>
<trkpt lat="33.0049835" lon="35.215406"><ele>347.5</ele><time>2026-03-05T13:28:20Z</time></trkpt>
<trkpt lat="33.0049833" lon="35.2154062"><ele>347.5</ele><time>2026-03-05T13:28:21Z</time></trkpt>
<trkpt lat="33.0049831" lon="35.2154064"><ele>347.5</ele><time>2026-03-05T13:28:22Z</time></trkpt>
<trkpt lat="33.0049829" lon="35.2154067"><ele>347.5</ele><time>2026-03-05T13:28:23Z</time></trkpt>
<trkpt lat="33.0049827" lon="35.2154074"><ele>347.5</ele><time>2026-03-05T13:28:24Z</time></trkpt>
<trkpt lat="33.0049822" lon="35.2154088"><ele>347.4</ele><time>2026-03-05T13:28:25Z</time></trkpt>
<trkpt lat="33.004982" lon="35.2154096"><ele>347.4</ele><time>2026-03-05T13:28:26Z</time></trkpt>
<trkpt lat="33.0049819" lon="35.2154099"><ele>347.4</ele><time>2026-03-05T13:28:27Z</time></trkpt>
<trkpt lat="33.0049818" lon="35.2154103"><ele>347.4</ele><time>2026-03-05T13:28:28Z</time></trkpt>
<trkpt lat="33.0049818" lon="35.2154106"><ele>347.4</ele><time>2026-03-05T13:28:29Z</time></trkpt>
<trkpt lat="33.0049817" lon="35.2154109"><ele>347.4</ele><time>2026-03-05T13:28:30Z</time></trkpt>
<trkpt lat="33.0049817" lon="35.2154113"><ele>347.4</ele><time>2026-03-05T13:28:31Z</time></trkpt>
<trkpt lat="33.0049814" lon="35.2154168"><ele>347.4</ele><time>2026-03-05T13:28:33Z</time></trkpt>
<trkpt lat="33.0049812" lon="35.2154212"><ele>347.4</ele><time>2026-03-05T13:28:34Z</time></trkpt>
<trkpt lat="33.0049811" lon="35.2154245"><ele>347.4</ele><time>2026-03-05T13:28:35Z</time></trkpt>
<trkpt lat="33.0049811" lon="35.2154264"><ele>347.4</ele><time>2026-03-05T13:28:36Z</time></trkpt>
<trkpt lat="33.0049811" lon="35.2154289"><ele>347.4</ele><time>2026-03-05T13:28:37Z</time></trkpt>
<trkpt lat="33.0049811" lon="35.2154333"><ele>347.5</ele><time>2026-03-05T13:28:39Z</time></trkpt>
<trkpt lat="33.0049811" lon="35.2154337"><ele>347.5</ele><time>2026-03-05T13:28:40Z</time></trkpt>
<trkpt lat="33.0049811" lon="35.2154342"><ele>347.5</ele><time>2026-03-05T13:28:41Z</time></trkpt>
<trkpt lat="33.0049811" lon="35.215435"><ele>347.5</ele><time>2026-03-05T13:28:42Z</time></trkpt>
<trkpt lat="33.0049811" lon="35.2154359"><ele>347.5</ele><time>2026-03-05T13:28:43Z</time></trkpt>
<trkpt lat="33.0049811" lon="35.2154369"><ele>347.6</ele><time>2026-03-05T13:28:45Z</time></trkpt>
<trkpt lat="33.0049811" lon="35.2154373"><ele>347.6</ele><time>2026-03-05T13:28:46Z</time></trkpt>
<trkpt lat="33.004981" lon="35.2154376"><ele>347.6</ele><time>2026-03-05T13:28:47Z</time></trkpt>
<trkpt lat="33.004981" lon="35.2154379"><ele>347.5</ele><time>2026-03-05T13:28:48Z</time></trkpt>
<trkpt lat="33.004981" lon="35.2154382"><ele>347.5</ele><time>2026-03-05T13:28:49Z</time></trkpt>
<trkpt lat="33.004981" lon="35.2154386"><ele>347.4</ele><time>2026-03-05T13:28:50Z</time></trkpt>
<trkpt lat="33.0049808" lon="35.2154395"><ele>347.4</ele><time>2026-03-05T13:28:51Z</time></trkpt>
<trkpt lat="33.0049806" lon="35.2154411"><ele>347.3</ele><time>2026-03-05T13:28:52Z</time></trkpt>
<trkpt lat="33.0049803" lon="35.2154428"><ele>347.3</ele><time>2026-03-05T13:28:53Z</time></trkpt>
<trkpt lat="33.00498" lon="35.2154444"><ele>347.3</ele><time>2026-03-05T13:28:54Z</time></trkpt>
<trkpt lat="33.0049798" lon="35.2154452"><ele>347.3</ele><time>2026-03-05T13:28:55Z</time></trkpt>
<trkpt lat="33.0049795" lon="35.2154459"><ele>347.3</ele><time>2026-03-05T13:28:56Z</time></trkpt>
<trkpt lat="33.004979" lon="35.2154471"><ele>347.4</ele><time>2026-03-05T13:28:58Z</time></trkpt>
<trkpt lat="33.0049789" lon="35.2154473"><ele>347.4</ele><time>2026-03-05T13:28:59Z</time></trkpt>
<trkpt lat="33.0049788" lon="35.2154474"><ele>347.5</ele><time>2026-03-05T13:29:00Z</time></trkpt>
<trkpt lat="33.0049787" lon="35.2154475"><ele>347.5</ele><time>2026-03-05T13:29:01Z</time></trkpt>
<trkpt lat="33.0049786" lon="35.2154476"><ele>347.5</ele><time>2026-03-05T13:29:02Z</time></trkpt>
<trkpt lat="33.0049782" lon="35.2154478"><ele>347.6</ele><time>2026-03-05T13:29:04Z</time></trkpt>
<trkpt lat="33.0049778" lon="35.215448"><ele>347.6</ele><time>2026-03-05T13:29:05Z</time></trkpt>
<trkpt lat="33.004977" lon="35.2154482"><ele>347.6</ele><time>2026-03-05T13:29:06Z</time></trkpt>
<trkpt lat="33.0049762" lon="35.2154484"><ele>347.6</ele><time>2026-03-05T13:29:07Z</time></trkpt>
<trkpt lat="33.0049755" lon="35.2154486"><ele>347.5</ele><time>2026-03-05T13:29:08Z</time></trkpt>
<trkpt lat="33.0049752" lon="35.2154487"><ele>347.5</ele><time>2026-03-05T13:29:09Z</time></trkpt>
<trkpt lat="33.0049749" lon="35.2154487"><ele>347.4</ele><time>2026-03-05T13:29:10Z</time></trkpt>
<trkpt lat="33.0049746" lon="35.2154488"><ele>347.3</ele><time>2026-03-05T13:29:11Z</time></trkpt>
<trkpt lat="33.0049745" lon="35.2154488"><ele>347.1</ele><time>2026-03-05T13:29:12Z</time></trkpt>
<trkpt lat="33.0049744" lon="35.2154488"><ele>346.9</ele><time>2026-03-05T13:29:13Z</time></trkpt>
<trkpt lat="33.0049744" lon="35.2154489"><ele>346.6</ele><time>2026-03-05T13:29:14Z</time></trkpt>
<trkpt lat="33.0049744" lon="35.2154489"><ele>346.3</ele><time>2026-03-05T13:29:15Z</time></trkpt>
<trkpt lat="33.0049743" lon="35.2154489"><ele>345.8</ele><time>2026-03-05T13:29:16Z</time></trkpt>
<trkpt lat="33.0049743" lon="35.2154489"><ele>345.4</ele><time>2026-03-05T13:29:17Z</time></trkpt>
<trkpt lat="33.0050452" lon="35.2154087"><ele>350.3</ele><time>2026-03-05T13:30:11Z</time></trkpt>
<trkpt lat="33.0050453" lon="35.215409"><ele>349.2</ele><time>2026-03-05T13:30:13Z</time></trkpt>
<trkpt lat="33.0050453" lon="35.2154091"><ele>348.8</ele><time>2026-03-05T13:30:14Z</time></trkpt>
<trkpt lat="33.0050453" lon="35.2154092"><ele>348.5</ele><time>2026-03-05T13:30:15Z</time></trkpt>
<trkpt lat="33.0050453" lon="35.2154092"><ele>348.2</ele><time>2026-03-05T13:30:16Z</time></trkpt>
<trkpt lat="33.0050453" lon="35.2154093"><ele>348.0</ele><time>2026-03-05T13:30:17Z</time></trkpt>
<trkpt lat="33.0050453" lon="35.2154093"><ele>347.9</ele><time>2026-03-05T13:30:18Z</time></trkpt>
<trkpt lat="33.0050453" lon="35.2154094"><ele>347.8</ele><time>2026-03-05T13:30:19Z</time></trkpt>
<trkpt lat="33.0050453" lon="35.2154095"><ele>347.7</ele><time>2026-03-05T13:30:20Z</time></trkpt>
<trkpt lat="33.0050452" lon="35.2154096"><ele>347.7</ele><time>2026-03-05T13:30:21Z</time></trkpt>
<trkpt lat="33.0050451" lon="35.2154097"><ele>347.7</ele><time>2026-03-05T13:30:22Z</time></trkpt>
<trkpt lat="33.0050451" lon="35.2154099"><ele>347.8</ele><time>2026-03-05T13:30:23Z</time></trkpt>
<trkpt lat="33.005045" lon="35.2154101"><ele>347.8</ele><time>2026-03-05T13:30:24Z</time></trkpt>
<trkpt lat="33.0050448" lon="35.2154103"><ele>347.8</ele><time>2026-03-05T13:30:25Z</time></trkpt>
<trkpt lat="33.0050447" lon="35.2154106"><ele>347.8</ele><time>2026-03-05T13:30:26Z</time></trkpt>
<trkpt lat="33.0050446" lon="35.2154109"><ele>347.9</ele><time>2026-03-05T13:30:27Z</time></trkpt>
<trkpt lat="33.0050444" lon="35.2154112"><ele>347.9</ele><time>2026-03-05T13:30:28Z</time></trkpt>
<trkpt lat="33.0050442" lon="35.2154115"><ele>347.9</ele><time>2026-03-05T13:30:29Z</time></trkpt>
<trkpt lat="33.005044" lon="35.2154119"><ele>347.9</ele><time>2026-03-05T13:30:30Z</time></trkpt>
<trkpt lat="33.0050438" lon="35.2154123"><ele>347.8</ele><time>2026-03-05T13:30:31Z</time></trkpt>
<trkpt lat="33.0050435" lon="35.2154129"><ele>347.8</ele><time>2026-03-05T13:30:32Z</time></trkpt>
<trkpt lat="33.0050431" lon="35.2154136"><ele>347.8</ele><time>2026-03-05T13:30:33Z</time></trkpt>
<trkpt lat="33.0050427" lon="35.2154143"><ele>347.8</ele><time>2026-03-05T13:30:34Z</time></trkpt>
<trkpt lat="33.0050423" lon="35.2154151"><ele>347.8</ele><time>2026-03-05T13:30:35Z</time></trkpt>
<trkpt lat="33.0050418" lon="35.2154159"><ele>347.8</ele><time>2026-03-05T13:30:36Z</time></trkpt>
<trkpt lat="33.0050414" lon="35.2154167"><ele>347.7</ele><time>2026-03-05T13:30:37Z</time></trkpt>
<trkpt lat="33.0050408" lon="35.2154176"><ele>347.7</ele><time>2026-03-05T13:30:38Z</time></trkpt>
<trkpt lat="33.0050403" lon="35.2154186"><ele>347.7</ele><time>2026-03-05T13:30:39Z</time></trkpt>
<trkpt lat="33.0050397" lon="35.2154196"><ele>347.7</ele><time>2026-03-05T13:30:40Z</time></trkpt>
<trkpt lat="33.0050389" lon="35.2154211"><ele>347.7</ele><time>2026-03-05T13:30:41Z</time></trkpt>
<trkpt lat="33.0050378" lon="35.2154231"><ele>347.6</ele><time>2026-03-05T13:30:42Z</time></trkpt>
<trkpt lat="33.005036" lon="35.2154262"><ele>347.6</ele><time>2026-03-05T13:30:43Z</time></trkpt>
<trkpt lat="33.0050335" lon="35.2154306"><ele>347.6</ele><time>2026-03-05T13:30:44Z</time></trkpt>
<trkpt lat="33.0050309" lon="35.215435"><ele>347.6</ele><time>2026-03-05T13:30:45Z</time></trkpt>
<trkpt lat="33.0050281" lon="35.2154394"><ele>347.5</ele><time>2026-03-05T13:30:46Z</time></trkpt>
<trkpt lat="33.0050252" lon="35.2154439"><ele>347.5</ele><time>2026-03-05T13:30:47Z</time></trkpt>
<trkpt lat="33.0050224" lon="35.2154483"><ele>347.5</ele><time>2026-03-05T13:30:48Z</time></trkpt>
<trkpt lat="33.0050197" lon="35.2154523"><ele>347.4</ele><time>2026-03-05T13:30:49Z</time></trkpt>
<trkpt lat="33.0050171" lon="35.2154561"><ele>347.4</ele><time>2026-03-05T13:30:50Z</time></trkpt>
<trkpt lat="33.005015" lon="35.2154592"><ele>347.4</ele><time>2026-03-05T13:30:51Z</time></trkpt>
<trkpt lat="33.0050132" lon="35.2154618"><ele>347.4</ele><time>2026-03-05T13:30:52Z</time></trkpt>
<trkpt lat="33.0050115" lon="35.2154642"><ele>347.4</ele><time>2026-03-05T13:30:53Z</time></trkpt>
<trkpt lat="33.00501" lon="35.2154663"><ele>347.4</ele><time>2026-03-05T13:30:54Z</time></trkpt>
<trkpt lat="33.0050088" lon="35.2154682"><ele>347.5</ele><time>2026-03-05T13:30:55Z</time></trkpt>
<trkpt lat="33.0050076" lon="35.21547"><ele>347.5</ele><time>2026-03-05T13:30:56Z</time></trkpt>
<trkpt lat="33.0050067" lon="35.2154716"><ele>347.5</ele><time>2026-03-05T13:30:57Z</time></trkpt>
<trkpt lat="33.0050059" lon="35.215473"><ele>347.5</ele><time>2026-03-05T13:30:58Z</time></trkpt>
<trkpt lat="33.0050053" lon="35.2154744"><ele>347.6</ele><time>2026-03-05T13:30:59Z</time></trkpt>
<trkpt lat="33.0050048" lon="35.2154758"><ele>347.6</ele><time>2026-03-05T13:31:00Z</time></trkpt>
<trkpt lat="33.0050044" lon="35.2154773"><ele>347.6</ele><time>2026-03-05T13:31:01Z</time></trkpt>
<trkpt lat="33.0050041" lon="35.215479"><ele>347.6</ele><time>2026-03-05T13:31:02Z</time></trkpt>
<trkpt lat="33.0050038" lon="35.2154807"><ele>347.6</ele><time>2026-03-05T13:31:03Z</time></trkpt>
<trkpt lat="33.0050037" lon="35.2154823"><ele>347.6</ele><time>2026-03-05T13:31:04Z</time></trkpt>
<trkpt lat="33.0050036" lon="35.2154839"><ele>347.6</ele><time>2026-03-05T13:31:05Z</time></trkpt>
<trkpt lat="33.0050036" lon="35.2154854"><ele>347.5</ele><time>2026-03-05T13:31:06Z</time></trkpt>
<trkpt lat="33.0050037" lon="35.2154867"><ele>347.5</ele><time>2026-03-05T13:31:07Z</time></trkpt>
<trkpt lat="33.0050038" lon="35.2154879"><ele>347.6</ele><time>2026-03-05T13:31:08Z</time></trkpt>
<trkpt lat="33.0050039" lon="35.2154889"><ele>347.6</ele><time>2026-03-05T13:31:09Z</time></trkpt>
<trkpt lat="33.005004" lon="35.2154896"><ele>347.6</ele><time>2026-03-05T13:31:10Z</time></trkpt>
<trkpt lat="33.005004" lon="35.2154902"><ele>347.6</ele><time>2026-03-05T13:31:11Z</time></trkpt>
<trkpt lat="33.0050041" lon="35.2154908"><ele>347.6</ele><time>2026-03-05T13:31:12Z</time></trkpt>
<trkpt lat="33.0050041" lon="35.2154912"><ele>347.7</ele><time>2026-03-05T13:31:13Z</time></trkpt>
<trkpt lat="33.0050041" lon="35.2154916"><ele>347.7</ele><time>2026-03-05T13:31:14Z</time></trkpt>
<trkpt lat="33.0050041" lon="35.2154921"><ele>347.7</ele><time>2026-03-05T13:31:15Z</time></trkpt>
<trkpt lat="33.0050041" lon="35.2154927"><ele>347.7</ele><time>2026-03-05T13:31:16Z</time></trkpt>
<trkpt lat="33.0050041" lon="35.2154933"><ele>347.7</ele><time>2026-03-05T13:31:17Z</time></trkpt>
<trkpt lat="33.005004" lon="35.2154939"><ele>347.7</ele><time>2026-03-05T13:31:18Z</time></trkpt>
<trkpt lat="33.0050039" lon="35.2154944"><ele>347.6</ele><time>2026-03-05T13:31:19Z</time></trkpt>
<trkpt lat="33.0050037" lon="35.2154949"><ele>347.6</ele><time>2026-03-05T13:31:20Z</time></trkpt>
<trkpt lat="33.0050035" lon="35.2154953"><ele>347.6</ele><time>2026-03-05T13:31:21Z</time></trkpt>
<trkpt lat="33.0050034" lon="35.2154956"><ele>347.6</ele><time>2026-03-05T13:31:22Z</time></trkpt>
<trkpt lat="33.0050029" lon="35.2154961"><ele>347.6</ele><time>2026-03-05T13:31:24Z</time></trkpt>
<trkpt lat="33.0050026" lon="35.2154964"><ele>347.6</ele><time>2026-03-05T13:31:25Z</time></trkpt>
<trkpt lat="33.0050024" lon="35.2154965"><ele>347.6</ele><time>2026-03-05T13:31:26Z</time></trkpt>
<trkpt lat="33.0050023" lon="35.2154966"><ele>347.6</ele><time>2026-03-05T13:31:27Z</time></trkpt>
<trkpt lat="33.0050022" lon="35.2154966"><ele>347.5</ele><time>2026-03-05T13:31:28Z</time></trkpt>
<trkpt lat="33.0050021" lon="35.2154966"><ele>347.6</ele><time>2026-03-05T13:31:30Z</time></trkpt>
<trkpt lat="33.0050021" lon="35.2154966"><ele>347.6</ele><time>2026-03-05T13:31:31Z</time></trkpt>
<trkpt lat="33.0050021" lon="35.2154966"><ele>347.6</ele><time>2026-03-05T13:31:32Z</time></trkpt>
<trkpt lat="33.0050021" lon="35.2154966"><ele>347.6</ele><time>2026-03-05T13:31:33Z</time></trkpt>
<trkpt lat="33.005002" lon="35.2154966"><ele>347.6</ele><time>2026-03-05T13:31:34Z</time></trkpt>
<trkpt lat="33.0050019" lon="35.2154965"><ele>347.6</ele><time>2026-03-05T13:31:36Z</time></trkpt>
<trkpt lat="33.0050019" lon="35.2154965"><ele>347.6</ele><time>2026-03-05T13:31:37Z</time></trkpt>
<trkpt lat="33.0050019" lon="35.2154964"><ele>347.6</ele><time>2026-03-05T13:31:38Z</time></trkpt>
<trkpt lat="33.0050018" lon="35.2154964"><ele>347.6</ele><time>2026-03-05T13:31:39Z</time></trkpt>
<trkpt lat="33.0050017" lon="35.2154964"><ele>347.6</ele><time>2026-03-05T13:31:40Z</time></trkpt>
<trkpt lat="33.0049999" lon="35.215497"><ele>347.6</ele><time>2026-03-05T13:31:41Z</time></trkpt>
<trkpt lat="33.004995" lon="35.2154991"><ele>347.6</ele><time>2026-03-05T13:31:42Z</time></trkpt>
<trkpt lat="33.0049837" lon="35.2155042"><ele>348.0</ele><time>2026-03-05T13:31:46Z</time></trkpt>
<trkpt lat="33.0049832" lon="35.2155044"><ele>348.0</ele><time>2026-03-05T13:31:47Z</time></trkpt>
<trkpt lat="33.0049775" lon="35.2155045"><ele>348.0</ele><time>2026-03-05T13:31:48Z</time></trkpt>
<trkpt lat="33.0049685" lon="35.2155043"><ele>348.0</ele><time>2026-03-05T13:31:49Z</time></trkpt>
<trkpt lat="33.0049543" lon="35.2155029"><ele>347.9</ele><time>2026-03-05T13:31:50Z</time></trkpt>
<trkpt lat="33.0049369" lon="35.2154994"><ele>347.9</ele><time>2026-03-05T13:31:51Z</time></trkpt>
<trkpt lat="33.0049172" lon="35.2154936"><ele>347.9</ele><time>2026-03-05T13:31:52Z</time></trkpt>
<trkpt lat="33.0048965" lon="35.2154859"><ele>347.8</ele><time>2026-03-05T13:31:53Z</time></trkpt>
<trkpt lat="33.0048762" lon="35.2154769"><ele>347.8</ele><time>2026-03-05T13:31:54Z</time></trkpt>
<trkpt lat="33.0048573" lon="35.2154674"><ele>347.8</ele><time>2026-03-05T13:31:55Z</time></trkpt>
<trkpt lat="33.004841" lon="35.2154585"><ele>347.8</ele><time>2026-03-05T13:31:56Z</time></trkpt>
<trkpt lat="33.0048282" lon="35.215451"><ele>347.8</ele><time>2026-03-05T13:31:57Z</time></trkpt>
<trkpt lat="33.0048194" lon="35.2154459"><ele>347.8</ele><time>2026-03-05T13:31:58Z</time></trkpt>
<trkpt lat="33.004815" lon="35.215444"><ele>347.8</ele><time>2026-03-05T13:31:59Z</time></trkpt>
<trkpt lat="33.0048149" lon="35.215446"><ele>347.8</ele><time>2026-03-05T13:32:00Z</time></trkpt>
<trkpt lat="33.0048188" lon="35.2154524"><ele>347.8</ele><time>2026-03-05T13:32:01Z</time></trkpt>
<trkpt lat="33.0048262" lon="35.2154639"><ele>347.8</ele><time>2026-03-05T13:32:02Z</time></trkpt>
<trkpt lat="33.0048361" lon="35.2154808"><ele>347.8</ele><time>2026-03-05T13:32:03Z</time></trkpt>
<trkpt lat="33.0048478" lon="35.2155032"><ele>347.8</ele><time>2026-03-05T13:32:04Z</time></trkpt>
<trkpt lat="33.0048605" lon="35.2155308"><ele>347.8</ele><time>2026-03-05T13:32:05Z</time></trkpt>
<trkpt lat="33.0048737" lon="35.2155626"><ele>347.8</ele><time>2026-03-05T13:32:06Z</time></trkpt>
<trkpt lat="33.0048871" lon="35.2155975"><ele>347.8</ele><time>2026-03-05T13:32:07Z</time></trkpt>
<trkpt lat="33.0049006" lon="35.2156342"><ele>347.8</ele><time>2026-03-05T13:32:08Z</time></trkpt>
<trkpt lat="33.0049143" lon="35.2156714"><ele>347.8</ele><time>2026-03-05T13:32:09Z</time></trkpt>
<trkpt lat="33.0049284" lon="35.2157082"><ele>347.8</ele><time>2026-03-05T13:32:10Z</time></trkpt>
<trkpt lat="33.0049427" lon="35.2157435"><ele>347.8</ele><time>2026-03-05T13:32:11Z</time></trkpt>
<trkpt lat="33.004957" lon="35.2157765"><ele>347.9</ele><time>2026-03-05T13:32:12Z</time></trkpt>
<trkpt lat="33.0049709" lon="35.2158066"><ele>347.9</ele><time>2026-03-05T13:32:13Z</time></trkpt>
<trkpt lat="33.0049841" lon="35.2158333"><ele>347.9</ele><time>2026-03-05T13:32:14Z</time></trkpt>
<trkpt lat="33.0049961" lon="35.2158565"><ele>347.9</ele><time>2026-03-05T13:32:15Z</time></trkpt>
<trkpt lat="33.0050067" lon="35.2158763"><ele>347.9</ele><time>2026-03-05T13:32:16Z</time></trkpt>
<trkpt lat="33.0050156" lon="35.2158932"><ele>348.0</ele><time>2026-03-05T13:32:17Z</time></trkpt>
<trkpt lat="33.0050227" lon="35.2159074"><ele>348.0</ele><time>2026-03-05T13:32:18Z</time></trkpt>
<trkpt lat="33.005028" lon="35.2159192"><ele>348.0</ele><time>2026-03-05T13:32:19Z</time></trkpt>
<trkpt lat="33.0050315" lon="35.215929"><ele>348.1</ele><time>2026-03-05T13:32:20Z</time></trkpt>
<trkpt lat="33.0050333" lon="35.2159369"><ele>348.1</ele><time>2026-03-05T13:32:21Z</time></trkpt>
<trkpt lat="33.0050335" lon="35.2159429"><ele>348.1</ele><time>2026-03-05T13:32:22Z</time></trkpt>
<trkpt lat="33.005032" lon="35.215947"><ele>348.1</ele><time>2026-03-05T13:32:23Z</time></trkpt>
<trkpt lat="33.0050288" lon="35.2159489"><ele>348.1</ele><time>2026-03-05T13:32:24Z</time></trkpt>
<trkpt lat="33.0050241" lon="35.2159484"><ele>348.1</ele><time>2026-03-05T13:32:25Z</time></trkpt>
<trkpt lat="33.0050182" lon="35.2159457"><ele>348.1</ele><time>2026-03-05T13:32:26Z</time></trkpt>
<trkpt lat="33.0050116" lon="35.215941"><ele>348.1</ele><time>2026-03-05T13:32:27Z</time></trkpt>
<trkpt lat="33.0050049" lon="35.2159346"><ele>348.1</ele><time>2026-03-05T13:32:28Z</time></trkpt>
<trkpt lat="33.0049989" lon="35.215927"><ele>348.1</ele><time>2026-03-05T13:32:29Z</time></trkpt>
<trkpt lat="33.004994" lon="35.2159188"><ele>348.1</ele><time>2026-03-05T13:32:30Z</time></trkpt>
<trkpt lat="33.0049905" lon="35.2159106"><ele>348.1</ele><time>2026-03-05T13:32:31Z</time></trkpt>
<trkpt lat="33.0049887" lon="35.2159027"><ele>348.1</ele><time>2026-03-05T13:32:32Z</time></trkpt>
<trkpt lat="33.0049884" lon="35.215896"><ele>348.0</ele><time>2026-03-05T13:32:33Z</time></trkpt>
<trkpt lat="33.0049896" lon="35.2158908"><ele>348.0</ele><time>2026-03-05T13:32:34Z</time></trkpt>
<trkpt lat="33.0049921" lon="35.2158876"><ele>348.0</ele><time>2026-03-05T13:32:35Z</time></trkpt>
<trkpt lat="33.0049957" lon="35.2158869"><ele>348.0</ele><time>2026-03-05T13:32:36Z</time></trkpt>
<trkpt lat="33.0050003" lon="35.2158891"><ele>348.0</ele><time>2026-03-05T13:32:37Z</time></trkpt>
<trkpt lat="33.0050059" lon="35.2158943"><ele>348.0</ele><time>2026-03-05T13:32:38Z</time></trkpt>
<trkpt lat="33.0050125" lon="35.2159026"><ele>348.0</ele><time>2026-03-05T13:32:39Z</time></trkpt>
<trkpt lat="33.00502" lon="35.2159139"><ele>348.0</ele><time>2026-03-05T13:32:40Z</time></trkpt>
<trkpt lat="33.0050285" lon="35.2159278"><ele>348.0</ele><time>2026-03-05T13:32:41Z</time></trkpt>
<trkpt lat="33.005038" lon="35.215944"><ele>348.0</ele><time>2026-03-05T13:32:42Z</time></trkpt>
<trkpt lat="33.0050481" lon="35.2159614"><ele>348.0</ele><time>2026-03-05T13:32:43Z</time></trkpt>
<trkpt lat="33.0050586" lon="35.2159789"><ele>348.0</ele><time>2026-03-05T13:32:44Z</time></trkpt>
<trkpt lat="33.0050692" lon="35.2159953"><ele>348.0</ele><time>2026-03-05T13:32:45Z</time></trkpt>
<trkpt lat="33.0050794" lon="35.2160098"><ele>348.0</ele><time>2026-03-05T13:32:46Z</time></trkpt>
<trkpt lat="33.0050891" lon="35.2160217"><ele>348.0</ele><time>2026-03-05T13:32:47Z</time></trkpt>
<trkpt lat="33.0050981" lon="35.2160306"><ele>348.0</ele><time>2026-03-05T13:32:48Z</time></trkpt>
<trkpt lat="33.0051061" lon="35.2160364"><ele>348.0</ele><time>2026-03-05T13:32:49Z</time></trkpt>
<trkpt lat="33.005113" lon="35.2160389"><ele>348.0</ele><time>2026-03-05T13:32:50Z</time></trkpt>
<trkpt lat="33.0051188" lon="35.2160383"><ele>348.1</ele><time>2026-03-05T13:32:51Z</time></trkpt>
<trkpt lat="33.0051236" lon="35.2160347"><ele>348.1</ele><time>2026-03-05T13:32:52Z</time></trkpt>
<trkpt lat="33.0051274" lon="35.2160282"><ele>348.1</ele><time>2026-03-05T13:32:53Z</time></trkpt>
<trkpt lat="33.0051303" lon="35.216019"><ele>348.1</ele><time>2026-03-05T13:32:54Z</time></trkpt>
<trkpt lat="33.0051322" lon="35.2160074"><ele>348.1</ele><time>2026-03-05T13:32:55Z</time></trkpt>
<trkpt lat="33.005133" lon="35.2159937"><ele>348.1</ele><time>2026-03-05T13:32:56Z</time></trkpt>
<trkpt lat="33.0051326" lon="35.2159779"><ele>348.1</ele><time>2026-03-05T13:32:57Z</time></trkpt>
<trkpt lat="33.0051309" lon="35.2159598"><ele>348.1</ele><time>2026-03-05T13:32:58Z</time></trkpt>
<trkpt lat="33.0051276" lon="35.2159388"><ele>348.1</ele><time>2026-03-05T13:32:59Z</time></trkpt>
<trkpt lat="33.0051223" lon="35.2159137"><ele>348.1</ele><time>2026-03-05T13:33:00Z</time></trkpt>
<trkpt lat="33.005115" lon="35.2158835"><ele>348.1</ele><time>2026-03-05T13:33:01Z</time></trkpt>
<trkpt lat="33.0051053" lon="35.2158473"><ele>348.1</ele><time>2026-03-05T13:33:02Z</time></trkpt>
<trkpt lat="33.0050932" lon="35.2158044"><ele>348.1</ele><time>2026-03-05T13:33:03Z</time></trkpt>
<trkpt lat="33.0050789" lon="35.2157552"><ele>348.1</ele><time>2026-03-05T13:33:04Z</time></trkpt>
<trkpt lat="33.0050629" lon="35.215701"><ele>348.1</ele><time>2026-03-05T13:33:05Z</time></trkpt>
<trkpt lat="33.0050463" lon="35.2156449"><ele>348.1</ele><time>2026-03-05T13:33:06Z</time></trkpt>
<trkpt lat="33.0050306" lon="35.2155925"><ele>348.0</ele><time>2026-03-05T13:33:07Z</time></trkpt>
<trkpt lat="33.0050185" lon="35.2155517"><ele>348.0</ele><time>2026-03-05T13:33:08Z</time></trkpt>
<trkpt lat="33.0050132" lon="35.2155338"><ele>348.0</ele><time>2026-03-05T13:33:09Z</time></trkpt>
<trkpt lat="33.0050125" lon="35.215531"><ele>347.9</ele><time>2026-03-05T13:33:10Z</time></trkpt>
<trkpt lat="33.0050121" lon="35.2155296"><ele>347.9</ele><time>2026-03-05T13:33:11Z</time></trkpt>
<trkpt lat="33.0050117" lon="35.2155283"><ele>347.9</ele><time>2026-03-05T13:33:12Z</time></trkpt>
<trkpt lat="33.0050113" lon="35.2155271"><ele>347.9</ele><time>2026-03-05T13:33:13Z</time></trkpt>
<trkpt lat="33.005011" lon="35.2155258"><ele>347.9</ele><time>2026-03-05T13:33:14Z</time></trkpt>
<trkpt lat="33.0050106" lon="35.2155246"><ele>347.9</ele><time>2026-03-05T13:33:15Z</time></trkpt>
<trkpt lat="33.0050103" lon="35.2155235"><ele>347.9</ele><time>2026-03-05T13:33:16Z</time></trkpt>
<trkpt lat="33.00501" lon="35.2155224"><ele>348.0</ele><time>2026-03-05T13:33:17Z</time></trkpt>
<trkpt lat="33.0050097" lon="35.2155214"><ele>348.0</ele><time>2026-03-05T13:33:18Z</time></trkpt>
<trkpt lat="33.0050094" lon="35.2155204"><ele>348.0</ele><time>2026-03-05T13:33:19Z</time></trkpt>
<trkpt lat="33.0050091" lon="35.2155194"><ele>348.1</ele><time>2026-03-05T13:33:20Z</time></trkpt>
<trkpt lat="33.0050088" lon="35.2155184"><ele>348.1</ele><time>2026-03-05T13:33:21Z</time></trkpt>
<trkpt lat="33.0050086" lon="35.2155175"><ele>348.1</ele><time>2026-03-05T13:33:22Z</time></trkpt>
<trkpt lat="33.0050083" lon="35.2155165"><ele>348.1</ele><time>2026-03-05T13:33:23Z</time></trkpt>
<trkpt lat="33.0050081" lon="35.2155157"><ele>348.1</ele><time>2026-03-05T13:33:24Z</time></trkpt>
<trkpt lat="33.0050079" lon="35.2155148"><ele>348.1</ele><time>2026-03-05T13:33:25Z</time></trkpt>
<trkpt lat="33.0050076" lon="35.215514"><ele>348.2</ele><time>2026-03-05T13:33:26Z</time></trkpt>
<trkpt lat="33.0050074" lon="35.2155132"><ele>348.2</ele><time>2026-03-05T13:33:27Z</time></trkpt>
<trkpt lat="33.0050072" lon="35.2155124"><ele>348.2</ele><time>2026-03-05T13:33:28Z</time></trkpt>
<trkpt lat="33.005007" lon="35.2155116"><ele>348.2</ele><time>2026-03-05T13:33:29Z</time></trkpt>
<trkpt lat="33.0050068" lon="35.2155109"><ele>348.2</ele><time>2026-03-05T13:33:30Z</time></trkpt>
<trkpt lat="33.0050066" lon="35.2155102"><ele>348.2</ele><time>2026-03-05T13:33:31Z</time></trkpt>
<trkpt lat="33.0050065" lon="35.2155094"><ele>348.2</ele><time>2026-03-05T13:33:32Z</time></trkpt>
<trkpt lat="33.0050063" lon="35.2155087"><ele>348.3</ele><time>2026-03-05T13:33:33Z</time></trkpt>
<trkpt lat="33.0050061" lon="35.2155081"><ele>348.3</ele><time>2026-03-05T13:33:34Z</time></trkpt>
<trkpt lat="33.005006" lon="35.2155074"><ele>348.3</ele><time>2026-03-05T13:33:35Z</time></trkpt>
<trkpt lat="33.0050058" lon="35.2155067"><ele>348.3</ele><time>2026-03-05T13:33:36Z</time></trkpt>
<trkpt lat="33.0050057" lon="35.2155061"><ele>348.3</ele><time>2026-03-05T13:33:37Z</time></trkpt>
<trkpt lat="33.0050056" lon="35.2155054"><ele>348.4</ele><time>2026-03-05T13:33:38Z</time></trkpt>
<trkpt lat="33.0050054" lon="35.2155048"><ele>348.4</ele><time>2026-03-05T13:33:39Z</time></trkpt>
<trkpt lat="33.0050053" lon="35.2155042"><ele>348.4</ele><time>2026-03-05T13:33:40Z</time></trkpt>
<trkpt lat="33.0050052" lon="35.2155036"><ele>348.4</ele><time>2026-03-05T13:33:41Z</time></trkpt>
<trkpt lat="33.005005" lon="35.215503"><ele>348.4</ele><time>2026-03-05T13:33:42Z</time></trkpt>
<trkpt lat="33.0050049" lon="35.2155024"><ele>348.4</ele><time>2026-03-05T13:33:43Z</time></trkpt>
<trkpt lat="33.0050048" lon="35.2155018"><ele>348.4</ele><time>2026-03-05T13:33:44Z</time></trkpt>
<trkpt lat="33.0050047" lon="35.2155012"><ele>348.4</ele><time>2026-03-05T13:33:45Z</time></trkpt>
<trkpt lat="33.0050046" lon="35.2155007"><ele>348.4</ele><time>2026-03-05T13:33:46Z</time></trkpt>
<trkpt lat="33.0050045" lon="35.2155"><ele>348.5</ele><time>2026-03-05T13:33:47Z</time></trkpt>
<trkpt lat="33.0050044" lon="35.2154994"><ele>348.5</ele><time>2026-03-05T13:33:48Z</time></trkpt>
<trkpt lat="33.0050043" lon="35.2154986"><ele>348.5</ele><time>2026-03-05T13:33:49Z</time></trkpt>
<trkpt lat="33.005004" lon="35.2154955"><ele>348.5</ele><time>2026-03-05T13:33:50Z</time></trkpt>
<trkpt lat="33.0050034" lon="35.2154899"><ele>348.5</ele><time>2026-03-05T13:33:51Z</time></trkpt>
<trkpt lat="33.0050029" lon="35.2154837"><ele>348.5</ele><time>2026-03-05T13:33:52Z</time></trkpt>
<trkpt lat="33.0050028" lon="35.2154778"><ele>348.5</ele><time>2026-03-05T13:33:53Z</time></trkpt>
<trkpt lat="33.0050029" lon="35.2154726"><ele>348.5</ele><time>2026-03-05T13:33:54Z</time></trkpt>
<trkpt lat="33.0050034" lon="35.2154685"><ele>348.5</ele><time>2026-03-05T13:33:55Z</time></trkpt>
<trkpt lat="33.0050041" lon="35.2154651"><ele>348.5</ele><time>2026-03-05T13:33:56Z</time></trkpt>
<trkpt lat="33.0050051" lon="35.2154621"><ele>348.5</ele><time>2026-03-05T13:33:57Z</time></trkpt>
<trkpt lat="33.005006" lon="35.2154599"><ele>348.5</ele><time>2026-03-05T13:33:58Z</time></trkpt>
<trkpt lat="33.0050066" lon="35.215459"><ele>348.5</ele><time>2026-03-05T13:33:59Z</time></trkpt>
<trkpt lat="33.0050065" lon="35.2154593"><ele>348.5</ele><time>2026-03-05T13:34:00Z</time></trkpt>
<trkpt lat="33.0050058" lon="35.2154608"><ele>348.5</ele><time>2026-03-05T13:34:01Z</time></trkpt>
<trkpt lat="33.0050044" lon="35.2154632"><ele>348.5</ele><time>2026-03-05T13:34:02Z</time></trkpt>
<trkpt lat="33.0050024" lon="35.2154659"><ele>348.5</ele><time>2026-03-05T13:34:03Z</time></trkpt>
<trkpt lat="33.0050003" lon="35.2154686"><ele>348.5</ele><time>2026-03-05T13:34:04Z</time></trkpt>
<trkpt lat="33.0049981" lon="35.2154708"><ele>348.5</ele><time>2026-03-05T13:34:05Z</time></trkpt>
<trkpt lat="33.0049961" lon="35.2154725"><ele>348.6</ele><time>2026-03-05T13:34:06Z</time></trkpt>
<trkpt lat="33.004994" lon="35.2154741"><ele>348.6</ele><time>2026-03-05T13:34:07Z</time></trkpt>
<trkpt lat="33.0049917" lon="35.2154757"><ele>348.6</ele><time>2026-03-05T13:34:08Z</time></trkpt>
<trkpt lat="33.0049889" lon="35.2154774"><ele>348.6</ele><time>2026-03-05T13:34:09Z</time></trkpt>
<trkpt lat="33.0049853" lon="35.2154795"><ele>348.6</ele><time>2026-03-05T13:34:10Z</time></trkpt>
<trkpt lat="33.0049803" lon="35.2154822"><ele>348.5</ele><time>2026-03-05T13:34:11Z</time></trkpt>
<trkpt lat="33.0049737" lon="35.2154855"><ele>348.4</ele><time>2026-03-05T13:34:12Z</time></trkpt>
<trkpt lat="33.0049668" lon="35.215489"><ele>348.2</ele><time>2026-03-05T13:34:13Z</time></trkpt>
<trkpt lat="33.004962" lon="35.2154915"><ele>348.0</ele><time>2026-03-05T13:34:14Z</time></trkpt>
<trkpt lat="33.0049594" lon="35.2154929"><ele>347.7</ele><time>2026-03-05T13:34:15Z</time></trkpt>
<trkpt lat="33.0049573" lon="35.2154938"><ele>347.2</ele><time>2026-03-05T13:34:16Z</time></trkpt>
<trkpt lat="33.0049555" lon="35.2154945"><ele>346.7</ele><time>2026-03-05T13:34:17Z</time></trkpt>
<trkpt lat="33.0049539" lon="35.215495"><ele>346.1</ele><time>2026-03-05T13:34:18Z</time></trkpt>
<trkpt lat="33.0049524" lon="35.2154955"><ele>345.4</ele><time>2026-03-05T13:34:19Z</time></trkpt>
</trkseg></trk></gpx>