<?xml version="1.0" encoding="utf-8"?>
<gpx version="1.1"><trk><trkseg>
<trkpt lat="33.0050781" lon="35.215482"><ele>352.8</ele><time>2026-05-13T03:27:09Z</time></trkpt>
<trkpt lat="33.0050824" lon="35.2154817"><ele>352.4</ele><time>2026-05-13T03:27:10Z</time></trkpt>
<trkpt lat="33.0050876" lon="35.2154869"><ele>351.9</ele><time>2026-05-13T03:27:11Z</time></trkpt>
<trkpt lat="33.0051005" lon="35.2155029"><ele>351.5</ele><time>2026-05-13T03:27:13Z</time></trkpt>
<trkpt lat="33.0051111" lon="35.2155135"><ele>351.3</ele><time>2026-05-13T03:27:14Z</time></trkpt>
<trkpt lat="33.0051231" lon="35.2155235"><ele>351.1</ele><time>2026-05-13T03:27:15Z</time></trkpt>
<trkpt lat="33.0051368" lon="35.2155337"><ele>351.0</ele><time>2026-05-13T03:27:16Z</time></trkpt>
<trkpt lat="33.0051533" lon="35.2155449"><ele>351.0</ele><time>2026-05-13T03:27:17Z</time></trkpt>
<trkpt lat="33.0051711" lon="35.2155568"><ele>350.9</ele><time>2026-05-13T03:27:18Z</time></trkpt>
<trkpt lat="33.0051867" lon="35.2155663"><ele>350.9</ele><time>2026-05-13T03:27:19Z</time></trkpt>
<trkpt lat="33.0051991" lon="35.2155718"><ele>350.9</ele><time>2026-05-13T03:27:20Z</time></trkpt>
<trkpt lat="33.0052078" lon="35.215573"><ele>351.0</ele><time>2026-05-13T03:27:21Z</time></trkpt>
<trkpt lat="33.0052144" lon="35.2155702"><ele>351.0</ele><time>2026-05-13T03:27:22Z</time></trkpt>
<trkpt lat="33.0052214" lon="35.2155645"><ele>351.1</ele><time>2026-05-13T03:27:23Z</time></trkpt>
<trkpt lat="33.0052305" lon="35.2155563"><ele>351.1</ele><time>2026-05-13T03:27:24Z</time></trkpt>
<trkpt lat="33.0052423" lon="35.2155441"><ele>351.2</ele><time>2026-05-13T03:27:25Z</time></trkpt>
<trkpt lat="33.0052565" lon="35.2155271"><ele>351.2</ele><time>2026-05-13T03:27:26Z</time></trkpt>
<trkpt lat="33.0052724" lon="35.2155082"><ele>351.3</ele><time>2026-05-13T03:27:27Z</time></trkpt>
<trkpt lat="33.0052897" lon="35.2154911"><ele>351.3</ele><time>2026-05-13T03:27:28Z</time></trkpt>
<trkpt lat="33.0053104" lon="35.2154739"><ele>351.3</ele><time>2026-05-13T03:27:29Z</time></trkpt>
<trkpt lat="33.0053338" lon="35.2154558"><ele>351.4</ele><time>2026-05-13T03:27:30Z</time></trkpt>
<trkpt lat="33.0053586" lon="35.2154401"><ele>351.4</ele><time>2026-05-13T03:27:31Z</time></trkpt>
<trkpt lat="33.0053845" lon="35.2154271"><ele>351.4</ele><time>2026-05-13T03:27:32Z</time></trkpt>
<trkpt lat="33.0054107" lon="35.2154164"><ele>351.5</ele><time>2026-05-13T03:27:33Z</time></trkpt>
<trkpt lat="33.0054366" lon="35.2154079"><ele>351.5</ele><time>2026-05-13T03:27:34Z</time></trkpt>
<trkpt lat="33.0054615" lon="35.2154008"><ele>351.6</ele><time>2026-05-13T03:27:35Z</time></trkpt>
<trkpt lat="33.0054842" lon="35.2153944"><ele>351.6</ele><time>2026-05-13T03:27:36Z</time></trkpt>
<trkpt lat="33.0055038" lon="35.2153889"><ele>351.7</ele><time>2026-05-13T03:27:37Z</time></trkpt>
<trkpt lat="33.0055213" lon="35.2153841"><ele>351.8</ele><time>2026-05-13T03:27:38Z</time></trkpt>
<trkpt lat="33.0055388" lon="35.2153786"><ele>351.8</ele><time>2026-05-13T03:27:39Z</time></trkpt>
<trkpt lat="33.0055562" lon="35.2153718"><ele>351.9</ele><time>2026-05-13T03:27:40Z</time></trkpt>
<trkpt lat="33.0055716" lon="35.2153649"><ele>352.0</ele><time>2026-05-13T03:27:41Z</time></trkpt>
<trkpt lat="33.0055856" lon="35.2153555"><ele>352.0</ele><time>2026-05-13T03:27:42Z</time></trkpt>
<trkpt lat="33.0055998" lon="35.2153435"><ele>352.0</ele><time>2026-05-13T03:27:43Z</time></trkpt>
<trkpt lat="33.0056143" lon="35.2153302"><ele>352.0</ele><time>2026-05-13T03:27:44Z</time></trkpt>
<trkpt lat="33.0056323" lon="35.215312"><ele>351.9</ele><time>2026-05-13T03:27:45Z</time></trkpt>
<trkpt lat="33.0056548" lon="35.2152887"><ele>351.9</ele><time>2026-05-13T03:27:46Z</time></trkpt>
<trkpt lat="33.0056797" lon="35.2152635"><ele>351.8</ele><time>2026-05-13T03:27:47Z</time></trkpt>
<trkpt lat="33.0057073" lon="35.2152374"><ele>351.7</ele><time>2026-05-13T03:27:48Z</time></trkpt>
<trkpt lat="33.0057382" lon="35.2152096"><ele>351.5</ele><time>2026-05-13T03:27:49Z</time></trkpt>
<trkpt lat="33.0057709" lon="35.2151813"><ele>351.4</ele><time>2026-05-13T03:27:50Z</time></trkpt>
<trkpt lat="33.0058041" lon="35.2151534"><ele>351.3</ele><time>2026-05-13T03:27:51Z</time></trkpt>
<trkpt lat="33.0058376" lon="35.2151251"><ele>351.2</ele><time>2026-05-13T03:27:52Z</time></trkpt>
<trkpt lat="33.0058707" lon="35.2150959"><ele>351.0</ele><time>2026-05-13T03:27:53Z</time></trkpt>
<trkpt lat="33.0059025" lon="35.2150661"><ele>350.9</ele><time>2026-05-13T03:27:54Z</time></trkpt>
<trkpt lat="33.0059316" lon="35.2150347"><ele>350.7</ele><time>2026-05-13T03:27:55Z</time></trkpt>
<trkpt lat="33.0059543" lon="35.2149991"><ele>350.6</ele><time>2026-05-13T03:27:56Z</time></trkpt>
<trkpt lat="33.0059673" lon="35.2149568"><ele>350.4</ele><time>2026-05-13T03:27:57Z</time></trkpt>
<trkpt lat="33.0059701" lon="35.2149093"><ele>350.3</ele><time>2026-05-13T03:27:58Z</time></trkpt>
<trkpt lat="33.0059626" lon="35.2148618"><ele>350.1</ele><time>2026-05-13T03:27:59Z</time></trkpt>
<trkpt lat="33.0059457" lon="35.2148136"><ele>349.9</ele><time>2026-05-13T03:28:00Z</time></trkpt>
<trkpt lat="33.0059231" lon="35.2147633"><ele>349.7</ele><time>2026-05-13T03:28:01Z</time></trkpt>
<trkpt lat="33.0058985" lon="35.214713"><ele>349.5</ele><time>2026-05-13T03:28:02Z</time></trkpt>
<trkpt lat="33.0058766" lon="35.2146633"><ele>349.2</ele><time>2026-05-13T03:28:03Z</time></trkpt>
<trkpt lat="33.005861" lon="35.2146159"><ele>349.0</ele><time>2026-05-13T03:28:04Z</time></trkpt>
<trkpt lat="33.0058507" lon="35.2145726"><ele>348.7</ele><time>2026-05-13T03:28:05Z</time></trkpt>
<trkpt lat="33.0058406" lon="35.2145325"><ele>348.5</ele><time>2026-05-13T03:28:06Z</time></trkpt>
<trkpt lat="33.0058272" lon="35.2144953"><ele>348.2</ele><time>2026-05-13T03:28:07Z</time></trkpt>
<trkpt lat="33.005811" lon="35.2144623"><ele>348.0</ele><time>2026-05-13T03:28:08Z</time></trkpt>
<trkpt lat="33.0057941" lon="35.2144349"><ele>347.7</ele><time>2026-05-13T03:28:09Z</time></trkpt>
<trkpt lat="33.0057773" lon="35.2144111"><ele>347.5</ele><time>2026-05-13T03:28:10Z</time></trkpt>
<trkpt lat="33.0057614" lon="35.2143884"><ele>347.3</ele><time>2026-05-13T03:28:11Z</time></trkpt>
<trkpt lat="33.0057468" lon="35.2143678"><ele>347.1</ele><time>2026-05-13T03:28:12Z</time></trkpt>
<trkpt lat="33.0057336" lon="35.2143498"><ele>347.0</ele><time>2026-05-13T03:28:13Z</time></trkpt>
<trkpt lat="33.0057223" lon="35.2143346"><ele>346.8</ele><time>2026-05-13T03:28:14Z</time></trkpt>
<trkpt lat="33.0057134" lon="35.2143227"><ele>346.7</ele><time>2026-05-13T03:28:15Z</time></trkpt>
<trkpt lat="33.0057073" lon="35.2143144"><ele>346.6</ele><time>2026-05-13T03:28:16Z</time></trkpt>
<trkpt lat="33.005704" lon="35.2143101"><ele>346.5</ele><time>2026-05-13T03:28:17Z</time></trkpt>
<trkpt lat="33.0057032" lon="35.2143098"><ele>346.5</ele><time>2026-05-13T03:28:18Z</time></trkpt>
<trkpt lat="33.0057034" lon="35.2143106"><ele>346.5</ele><time>2026-05-13T03:28:19Z</time></trkpt>
<trkpt lat="33.0057036" lon="35.2143114"><ele>346.4</ele><time>2026-05-13T03:28:20Z</time></trkpt>
<trkpt lat="33.0057038" lon="35.2143121"><ele>346.4</ele><time>2026-05-13T03:28:21Z</time></trkpt>
<trkpt lat="33.0057039" lon="35.2143127"><ele>346.4</ele><time>2026-05-13T03:28:22Z</time></trkpt>
<trkpt lat="33.0057041" lon="35.2143134"><ele>346.4</ele><time>2026-05-13T03:28:23Z</time></trkpt>
<trkpt lat="33.0057043" lon="35.2143142"><ele>346.4</ele><time>2026-05-13T03:28:24Z</time></trkpt>
<trkpt lat="33.0057046" lon="35.2143149"><ele>346.4</ele><time>2026-05-13T03:28:25Z</time></trkpt>
<trkpt lat="33.0057048" lon="35.2143156"><ele>346.4</ele><time>2026-05-13T03:28:26Z</time></trkpt>
<trkpt lat="33.005705" lon="35.2143162"><ele>346.4</ele><time>2026-05-13T03:28:27Z</time></trkpt>
<trkpt lat="33.0057051" lon="35.2143168"><ele>346.4</ele><time>2026-05-13T03:28:28Z</time></trkpt>
<trkpt lat="33.0057053" lon="35.2143173"><ele>346.4</ele><time>2026-05-13T03:28:29Z</time></trkpt>
<trkpt lat="33.0057054" lon="35.2143179"><ele>346.4</ele><time>2026-05-13T03:28:30Z</time></trkpt>
<trkpt lat="33.0057055" lon="35.2143184"><ele>346.4</ele><time>2026-05-13T03:28:31Z</time></trkpt>
<trkpt lat="33.0057056" lon="35.2143189"><ele>346.4</ele><time>2026-05-13T03:28:32Z</time></trkpt>
<trkpt lat="33.0057057" lon="35.2143194"><ele>346.4</ele><time>2026-05-13T03:28:33Z</time></trkpt>
<trkpt lat="33.0057058" lon="35.2143198"><ele>346.4</ele><time>2026-05-13T03:28:34Z</time></trkpt>
<trkpt lat="33.0057058" lon="35.2143202"><ele>346.4</ele><time>2026-05-13T03:28:35Z</time></trkpt>
<trkpt lat="33.0057059" lon="35.2143206"><ele>346.4</ele><time>2026-05-13T03:28:36Z</time></trkpt>
<trkpt lat="33.0057059" lon="35.214321"><ele>346.4</ele><time>2026-05-13T03:28:37Z</time></trkpt>
<trkpt lat="33.005706" lon="35.2143213"><ele>346.4</ele><time>2026-05-13T03:28:38Z</time></trkpt>
<trkpt lat="33.005706" lon="35.2143217"><ele>346.4</ele><time>2026-05-13T03:28:39Z</time></trkpt>
<trkpt lat="33.0057061" lon="35.214322"><ele>346.4</ele><time>2026-05-13T03:28:40Z</time></trkpt>
<trkpt lat="33.0057061" lon="35.2143223"><ele>346.4</ele><time>2026-05-13T03:28:41Z</time></trkpt>
<trkpt lat="33.0057061" lon="35.2143226"><ele>346.3</ele><time>2026-05-13T03:28:42Z</time></trkpt>
<trkpt lat="33.0057062" lon="35.214323"><ele>346.3</ele><time>2026-05-13T03:28:43Z</time></trkpt>
<trkpt lat="33.0057063" lon="35.2143234"><ele>346.3</ele><time>2026-05-13T03:28:44Z</time></trkpt>
<trkpt lat="33.0057062" lon="35.2143236"><ele>346.3</ele><time>2026-05-13T03:28:45Z</time></trkpt>
<trkpt lat="33.0057062" lon="35.2143237"><ele>346.3</ele><time>2026-05-13T03:28:46Z</time></trkpt>
<trkpt lat="33.0057061" lon="35.2143238"><ele>346.3</ele><time>2026-05-13T03:28:47Z</time></trkpt>
<trkpt lat="33.0057061" lon="35.2143239"><ele>346.3</ele><time>2026-05-13T03:28:48Z</time></trkpt>
<trkpt lat="33.0057061" lon="35.214324"><ele>346.3</ele><time>2026-05-13T03:28:49Z</time></trkpt>
<trkpt lat="33.0057061" lon="35.2143242"><ele>346.3</ele><time>2026-05-13T03:28:50Z</time></trkpt>
<trkpt lat="33.005706" lon="35.2143243"><ele>346.3</ele><time>2026-05-13T03:28:51Z</time></trkpt>
<trkpt lat="33.005706" lon="35.2143244"><ele>346.3</ele><time>2026-05-13T03:28:52Z</time></trkpt>
<trkpt lat="33.005706" lon="35.2143246"><ele>346.3</ele><time>2026-05-13T03:28:53Z</time></trkpt>
<trkpt lat="33.005706" lon="35.2143248"><ele>346.3</ele><time>2026-05-13T03:28:54Z</time></trkpt>
<trkpt lat="33.005706" lon="35.2143249"><ele>346.3</ele><time>2026-05-13T03:28:55Z</time></trkpt>
<trkpt lat="33.0057059" lon="35.214325"><ele>346.3</ele><time>2026-05-13T03:28:56Z</time></trkpt>
<trkpt lat="33.0057059" lon="35.2143251"><ele>346.4</ele><time>2026-05-13T03:28:57Z</time></trkpt>
<trkpt lat="33.0057058" lon="35.2143252"><ele>346.4</ele><time>2026-05-13T03:28:58Z</time></trkpt>
<trkpt lat="33.0057058" lon="35.2143252"><ele>346.3</ele><time>2026-05-13T03:28:59Z</time></trkpt>
<trkpt lat="33.0057057" lon="35.2143253"><ele>346.3</ele><time>2026-05-13T03:29:00Z</time></trkpt>
<trkpt lat="33.0057056" lon="35.2143253"><ele>346.3</ele><time>2026-05-13T03:29:01Z</time></trkpt>
<trkpt lat="33.0057055" lon="35.2143253"><ele>346.3</ele><time>2026-05-13T03:29:02Z</time></trkpt>
<trkpt lat="33.0057054" lon="35.2143253"><ele>346.3</ele><time>2026-05-13T03:29:03Z</time></trkpt>
<trkpt lat="33.0057053" lon="35.2143253"><ele>346.3</ele><time>2026-05-13T03:29:04Z</time></trkpt>
<trkpt lat="33.0057051" lon="35.2143251"><ele>346.3</ele><time>2026-05-13T03:29:05Z</time></trkpt>
<trkpt lat="33.0057049" lon="35.2143249"><ele>346.3</ele><time>2026-05-13T03:29:06Z</time></trkpt>
<trkpt lat="33.0057047" lon="35.2143247"><ele>346.3</ele><time>2026-05-13T03:29:07Z</time></trkpt>
<trkpt lat="33.0057044" lon="35.2143244"><ele>346.3</ele><time>2026-05-13T03:29:08Z</time></trkpt>
<trkpt lat="33.0057041" lon="35.214324"><ele>346.3</ele><time>2026-05-13T03:29:09Z</time></trkpt>
<trkpt lat="33.0057037" lon="35.2143235"><ele>346.3</ele><time>2026-05-13T03:29:10Z</time></trkpt>
<trkpt lat="33.0057033" lon="35.2143229"><ele>346.3</ele><time>2026-05-13T03:29:11Z</time></trkpt>
<trkpt lat="33.0057028" lon="35.2143223"><ele>346.3</ele><time>2026-05-13T03:29:12Z</time></trkpt>
<trkpt lat="33.0057022" lon="35.2143214"><ele>346.3</ele><time>2026-05-13T03:29:13Z</time></trkpt>
<trkpt lat="33.0057011" lon="35.2143196"><ele>346.3</ele><time>2026-05-13T03:29:14Z</time></trkpt>
<trkpt lat="33.0056989" lon="35.214316"><ele>346.3</ele><time>2026-05-13T03:29:15Z</time></trkpt>
<trkpt lat="33.0056944" lon="35.2143099"><ele>346.2</ele><time>2026-05-13T03:29:16Z</time></trkpt>
<trkpt lat="33.0056843" lon="35.2142987"><ele>346.2</ele><time>2026-05-13T03:29:17Z</time></trkpt>
<trkpt lat="33.005668" lon="35.2142815"><ele>346.1</ele><time>2026-05-13T03:29:18Z</time></trkpt>
<trkpt lat="33.0056497" lon="35.2142621"><ele>346.0</ele><time>2026-05-13T03:29:19Z</time></trkpt>
<trkpt lat="33.0056306" lon="35.2142404"><ele>346.0</ele><time>2026-05-13T03:29:20Z</time></trkpt>
<trkpt lat="33.0056093" lon="35.2142132"><ele>345.8</ele><time>2026-05-13T03:29:21Z</time></trkpt>
<trkpt lat="33.0055856" lon="35.2141804"><ele>345.7</ele><time>2026-05-13T03:29:22Z</time></trkpt>
<trkpt lat="33.0055617" lon="35.2141439"><ele>345.5</ele><time>2026-05-13T03:29:23Z</time></trkpt>
<trkpt lat="33.0055398" lon="35.2141053"><ele>345.4</ele><time>2026-05-13T03:29:24Z</time></trkpt>
<trkpt lat="33.0055202" lon="35.214065"><ele>345.1</ele><time>2026-05-13T03:29:25Z</time></trkpt>
<trkpt lat="33.0055024" lon="35.2140224"><ele>344.9</ele><time>2026-05-13T03:29:26Z</time></trkpt>
<trkpt lat="33.0054871" lon="35.2139778"><ele>344.7</ele><time>2026-05-13T03:29:27Z</time></trkpt>
<trkpt lat="33.0054761" lon="35.2139306"><ele>344.4</ele><time>2026-05-13T03:29:28Z</time></trkpt>
<trkpt lat="33.0054713" lon="35.2138805"><ele>344.1</ele><time>2026-05-13T03:29:29Z</time></trkpt>
<trkpt lat="33.0054725" lon="35.2138275"><ele>343.8</ele><time>2026-05-13T03:29:30Z</time></trkpt>
<trkpt lat="33.0054782" lon="35.2137718"><ele>343.5</ele><time>2026-05-13T03:29:31Z</time></trkpt>
<trkpt lat="33.0054886" lon="35.213716"><ele>343.1</ele><time>2026-05-13T03:29:32Z</time></trkpt>
<trkpt lat="33.0055031" lon="35.2136602"><ele>342.8</ele><time>2026-05-13T03:29:33Z</time></trkpt>
<trkpt lat="33.0055205" lon="35.2136046"><ele>342.5</ele><time>2026-05-13T03:29:34Z</time></trkpt>
<trkpt lat="33.0055407" lon="35.2135487"><ele>342.1</ele><time>2026-05-13T03:29:35Z</time></trkpt>
<trkpt lat="33.0055634" lon="35.2134929"><ele>341.8</ele><time>2026-05-13T03:29:36Z</time></trkpt>
<trkpt lat="33.005587" lon="35.2134403"><ele>341.5</ele><time>2026-05-13T03:29:37Z</time></trkpt>
<trkpt lat="33.0056113" lon="35.2133903"><ele>341.2</ele><time>2026-05-13T03:29:38Z</time></trkpt>
<trkpt lat="33.0056366" lon="35.2133415"><ele>340.9</ele><time>2026-05-13T03:29:39Z</time></trkpt>
<trkpt lat="33.005663" lon="35.2132926"><ele>340.7</ele><time>2026-05-13T03:29:40Z</time></trkpt>
<trkpt lat="33.0056899" lon="35.2132441"><ele>340.5</ele><time>2026-05-13T03:29:41Z</time></trkpt>
<trkpt lat="33.0057177" lon="35.2131956"><ele>340.3</ele><time>2026-05-13T03:29:42Z</time></trkpt>
<trkpt lat="33.0057483" lon="35.2131456"><ele>340.1</ele><time>2026-05-13T03:29:43Z</time></trkpt>
<trkpt lat="33.0057805" lon="35.213095"><ele>339.9</ele><time>2026-05-13T03:29:44Z</time></trkpt>
<trkpt lat="33.0058129" lon="35.2130441"><ele>339.8</ele><time>2026-05-13T03:29:45Z</time></trkpt>
<trkpt lat="33.0058448" lon="35.2129924"><ele>339.6</ele><time>2026-05-13T03:29:46Z</time></trkpt>
<trkpt lat="33.0058759" lon="35.2129407"><ele>339.5</ele><time>2026-05-13T03:29:47Z</time></trkpt>
<trkpt lat="33.0059074" lon="35.2128884"><ele>339.3</ele><time>2026-05-13T03:29:48Z</time></trkpt>
<trkpt lat="33.0059394" lon="35.2128364"><ele>339.2</ele><time>2026-05-13T03:29:49Z</time></trkpt>
<trkpt lat="33.0059705" lon="35.2127868"><ele>339.1</ele><time>2026-05-13T03:29:50Z</time></trkpt>
<trkpt lat="33.0060005" lon="35.2127399"><ele>338.9</ele><time>2026-05-13T03:29:51Z</time></trkpt>
<trkpt lat="33.0060302" lon="35.2126944"><ele>338.8</ele><time>2026-05-13T03:29:52Z</time></trkpt>
<trkpt lat="33.0060606" lon="35.2126487"><ele>338.7</ele><time>2026-05-13T03:29:53Z</time></trkpt>
<trkpt lat="33.0060912" lon="35.212603"><ele>338.6</ele><time>2026-05-13T03:29:54Z</time></trkpt>
<trkpt lat="33.0061219" lon="35.2125569"><ele>338.4</ele><time>2026-05-13T03:29:55Z</time></trkpt>
<trkpt lat="33.0061529" lon="35.21251"><ele>338.3</ele><time>2026-05-13T03:29:56Z</time></trkpt>
<trkpt lat="33.006185" lon="35.2124614"><ele>338.1</ele><time>2026-05-13T03:29:57Z</time></trkpt>
<trkpt lat="33.0062179" lon="35.2124108"><ele>337.9</ele><time>2026-05-13T03:29:58Z</time></trkpt>
<trkpt lat="33.0062495" lon="35.2123602"><ele>337.8</ele><time>2026-05-13T03:29:59Z</time></trkpt>
<trkpt lat="33.0062791" lon="35.2123089"><ele>337.6</ele><time>2026-05-13T03:30:00Z</time></trkpt>
<trkpt lat="33.0063069" lon="35.2122551"><ele>337.4</ele><time>2026-05-13T03:30:01Z</time></trkpt>
<trkpt lat="33.0063334" lon="35.2121983"><ele>337.1</ele><time>2026-05-13T03:30:02Z</time></trkpt>
<trkpt lat="33.0063586" lon="35.2121407"><ele>336.9</ele><time>2026-05-13T03:30:03Z</time></trkpt>
<trkpt lat="33.0063828" lon="35.2120834"><ele>336.6</ele><time>2026-05-13T03:30:04Z</time></trkpt>
<trkpt lat="33.0064067" lon="35.2120249"><ele>336.4</ele><time>2026-05-13T03:30:05Z</time></trkpt>
<trkpt lat="33.0064303" lon="35.2119639"><ele>336.0</ele><time>2026-05-13T03:30:06Z</time></trkpt>
<trkpt lat="33.0064532" lon="35.2119001"><ele>335.7</ele><time>2026-05-13T03:30:07Z</time></trkpt>
<trkpt lat="33.0064749" lon="35.2118338"><ele>335.4</ele><time>2026-05-13T03:30:08Z</time></trkpt>
<trkpt lat="33.0064947" lon="35.2117659"><ele>335.0</ele><time>2026-05-13T03:30:09Z</time></trkpt>
<trkpt lat="33.0065111" lon="35.2116967"><ele>334.6</ele><time>2026-05-13T03:30:10Z</time></trkpt>
<trkpt lat="33.0065239" lon="35.2116274"><ele>334.2</ele><time>2026-05-13T03:30:11Z</time></trkpt>
<trkpt lat="33.0065331" lon="35.2115536"><ele>333.8</ele><time>2026-05-13T03:30:12Z</time></trkpt>
<trkpt lat="33.0065395" lon="35.2114744"><ele>333.4</ele><time>2026-05-13T03:30:13Z</time></trkpt>
<trkpt lat="33.0065449" lon="35.2113945"><ele>333.0</ele><time>2026-05-13T03:30:14Z</time></trkpt>
<trkpt lat="33.0065496" lon="35.2113141"><ele>332.6</ele><time>2026-05-13T03:30:15Z</time></trkpt>
<trkpt lat="33.0065535" lon="35.2112337"><ele>332.2</ele><time>2026-05-13T03:30:16Z</time></trkpt>
<trkpt lat="33.0065563" lon="35.2111532"><ele>331.8</ele><time>2026-05-13T03:30:17Z</time></trkpt>
<trkpt lat="33.0065575" lon="35.211072"><ele>331.4</ele><time>2026-05-13T03:30:18Z</time></trkpt>
<trkpt lat="33.0065568" lon="35.2109904"><ele>331.0</ele><time>2026-05-13T03:30:19Z</time></trkpt>
<trkpt lat="33.0065529" lon="35.2109089"><ele>330.6</ele><time>2026-05-13T03:30:20Z</time></trkpt>
<trkpt lat="33.006545" lon="35.2108279"><ele>330.2</ele><time>2026-05-13T03:30:21Z</time></trkpt>
<trkpt lat="33.0065387" lon="35.2107473"><ele>329.8</ele><time>2026-05-13T03:30:22Z</time></trkpt>
<trkpt lat="33.0065373" lon="35.2106765"><ele>329.4</ele><time>2026-05-13T03:30:23Z</time></trkpt>
<trkpt lat="33.0065353" lon="35.2105995"><ele>329.0</ele><time>2026-05-13T03:30:24Z</time></trkpt>
<trkpt lat="33.0065275" lon="35.2105173"><ele>328.6</ele><time>2026-05-13T03:30:25Z</time></trkpt>
<trkpt lat="33.0065152" lon="35.2104303"><ele>328.2</ele><time>2026-05-13T03:30:26Z</time></trkpt>
<trkpt lat="33.0065054" lon="35.2103439"><ele>327.7</ele><time>2026-05-13T03:30:27Z</time></trkpt>
<trkpt lat="33.0064986" lon="35.2102607"><ele>327.3</ele><time>2026-05-13T03:30:28Z</time></trkpt>
<trkpt lat="33.0064941" lon="35.2101809"><ele>326.9</ele><time>2026-05-13T03:30:29Z</time></trkpt>
<trkpt lat="33.006491" lon="35.2101001"><ele>326.5</ele><time>2026-05-13T03:30:30Z</time></trkpt>
<trkpt lat="33.0064865" lon="35.2100211"><ele>326.1</ele><time>2026-05-13T03:30:31Z</time></trkpt>
<trkpt lat="33.0064812" lon="35.2099477"><ele>325.8</ele><time>2026-05-13T03:30:32Z</time></trkpt>
<trkpt lat="33.0064777" lon="35.2098786"><ele>325.4</ele><time>2026-05-13T03:30:33Z</time></trkpt>
<trkpt lat="33.0064754" lon="35.209807"><ele>325.1</ele><time>2026-05-13T03:30:34Z</time></trkpt>
<trkpt lat="33.0064732" lon="35.2097316"><ele>324.8</ele><time>2026-05-13T03:30:35Z</time></trkpt>
<trkpt lat="33.0064731" lon="35.2096566"><ele>324.5</ele><time>2026-05-13T03:30:36Z</time></trkpt>
<trkpt lat="33.0064747" lon="35.2095822"><ele>324.2</ele><time>2026-05-13T03:30:37Z</time></trkpt>
<trkpt lat="33.0064765" lon="35.2095112"><ele>323.9</ele><time>2026-05-13T03:30:38Z</time></trkpt>
<trkpt lat="33.0064774" lon="35.2094452"><ele>323.6</ele><time>2026-05-13T03:30:39Z</time></trkpt>
<trkpt lat="33.0064776" lon="35.2093808"><ele>323.3</ele><time>2026-05-13T03:30:40Z</time></trkpt>
<trkpt lat="33.0064775" lon="35.2093133"><ele>323.0</ele><time>2026-05-13T03:30:41Z</time></trkpt>
<trkpt lat="33.0064763" lon="35.2092411"><ele>322.7</ele><time>2026-05-13T03:30:42Z</time></trkpt>
<trkpt lat="33.006478" lon="35.2091667"><ele>322.3</ele><time>2026-05-13T03:30:43Z</time></trkpt>
<trkpt lat="33.006486" lon="35.2090932"><ele>322.0</ele><time>2026-05-13T03:30:44Z</time></trkpt>
<trkpt lat="33.0064968" lon="35.2090228"><ele>321.6</ele><time>2026-05-13T03:30:45Z</time></trkpt>
<trkpt lat="33.0065092" lon="35.2089592"><ele>321.2</ele><time>2026-05-13T03:30:46Z</time></trkpt>
<trkpt lat="33.0065232" lon="35.2089046"><ele>320.9</ele><time>2026-05-13T03:30:47Z</time></trkpt>
<trkpt lat="33.0065364" lon="35.2088576"><ele>320.5</ele><time>2026-05-13T03:30:48Z</time></trkpt>
<trkpt lat="33.006548" lon="35.2088131"><ele>320.1</ele><time>2026-05-13T03:30:49Z</time></trkpt>
<trkpt lat="33.0065254" lon="35.2086197"><ele>319.1</ele><time>2026-05-13T03:30:52Z</time></trkpt>
<trkpt lat="33.0065018" lon="35.2085525"><ele>318.8</ele><time>2026-05-13T03:30:53Z</time></trkpt>
<trkpt lat="33.0064774" lon="35.2084861"><ele>318.4</ele><time>2026-05-13T03:30:54Z</time></trkpt>
<trkpt lat="33.0064534" lon="35.2084205"><ele>318.1</ele><time>2026-05-13T03:30:55Z</time></trkpt>
<trkpt lat="33.006431" lon="35.2083551"><ele>317.8</ele><time>2026-05-13T03:30:56Z</time></trkpt>
<trkpt lat="33.006414" lon="35.2082872"><ele>317.4</ele><time>2026-05-13T03:30:57Z</time></trkpt>
<trkpt lat="33.0064044" lon="35.2082156"><ele>317.1</ele><time>2026-05-13T03:30:58Z</time></trkpt>
<trkpt lat="33.0063952" lon="35.2081431"><ele>316.7</ele><time>2026-05-13T03:30:59Z</time></trkpt>
<trkpt lat="33.0063851" lon="35.208065"><ele>316.4</ele><time>2026-05-13T03:31:00Z</time></trkpt>
<trkpt lat="33.0063771" lon="35.207979"><ele>316.0</ele><time>2026-05-13T03:31:01Z</time></trkpt>
<trkpt lat="33.0063695" lon="35.207887"><ele>315.6</ele><time>2026-05-13T03:31:02Z</time></trkpt>
<trkpt lat="33.0063623" lon="35.2077919"><ele>315.2</ele><time>2026-05-13T03:31:03Z</time></trkpt>
<trkpt lat="33.0063557" lon="35.2076961"><ele>314.7</ele><time>2026-05-13T03:31:04Z</time></trkpt>
<trkpt lat="33.0063492" lon="35.2076003"><ele>314.3</ele><time>2026-05-13T03:31:05Z</time></trkpt>
<trkpt lat="33.006343" lon="35.2075026"><ele>313.8</ele><time>2026-05-13T03:31:06Z</time></trkpt>
<trkpt lat="33.0063366" lon="35.2073864"><ele>313.3</ele><time>2026-05-13T03:31:07Z</time></trkpt>
<trkpt lat="33.0063288" lon="35.2072535"><ele>312.7</ele><time>2026-05-13T03:31:08Z</time></trkpt>
<trkpt lat="33.0063188" lon="35.2071232"><ele>312.2</ele><time>2026-05-13T03:31:09Z</time></trkpt>
<trkpt lat="33.0063062" lon="35.2069968"><ele>311.6</ele><time>2026-05-13T03:31:10Z</time></trkpt>
<trkpt lat="33.0062922" lon="35.2068727"><ele>311.0</ele><time>2026-05-13T03:31:11Z</time></trkpt>
<trkpt lat="33.0062785" lon="35.2067481"><ele>310.4</ele><time>2026-05-13T03:31:12Z</time></trkpt>
<trkpt lat="33.0062651" lon="35.2066214"><ele>309.7</ele><time>2026-05-13T03:31:13Z</time></trkpt>
<trkpt lat="33.0062525" lon="35.2064944"><ele>309.1</ele><time>2026-05-13T03:31:14Z</time></trkpt>
<trkpt lat="33.0062417" lon="35.2063679"><ele>308.4</ele><time>2026-05-13T03:31:15Z</time></trkpt>
<trkpt lat="33.0062332" lon="35.2062407"><ele>307.8</ele><time>2026-05-13T03:31:16Z</time></trkpt>
<trkpt lat="33.0062272" lon="35.2061121"><ele>307.1</ele><time>2026-05-13T03:31:17Z</time></trkpt>
<trkpt lat="33.0062248" lon="35.2059811"><ele>306.4</ele><time>2026-05-13T03:31:18Z</time></trkpt>
<trkpt lat="33.0062309" lon="35.2058492"><ele>305.8</ele><time>2026-05-13T03:31:19Z</time></trkpt>
<trkpt lat="33.0062444" lon="35.2057182"><ele>305.1</ele><time>2026-05-13T03:31:20Z</time></trkpt>
<trkpt lat="33.0062572" lon="35.205588"><ele>304.5</ele><time>2026-05-13T03:31:21Z</time></trkpt>
<trkpt lat="33.0062642" lon="35.2054585"><ele>303.9</ele><time>2026-05-13T03:31:22Z</time></trkpt>
<trkpt lat="33.0062651" lon="35.2053285"><ele>303.2</ele><time>2026-05-13T03:31:23Z</time></trkpt>
<trkpt lat="33.0062639" lon="35.2051969"><ele>302.6</ele><time>2026-05-13T03:31:24Z</time></trkpt>
<trkpt lat="33.0062645" lon="35.2050659"><ele>302.0</ele><time>2026-05-13T03:31:25Z</time></trkpt>
<trkpt lat="33.0062706" lon="35.2049395"><ele>301.5</ele><time>2026-05-13T03:31:26Z</time></trkpt>
<trkpt lat="33.0062815" lon="35.2048186"><ele>300.9</ele><time>2026-05-13T03:31:27Z</time></trkpt>
<trkpt lat="33.0062935" lon="35.204699"><ele>300.3</ele><time>2026-05-13T03:31:28Z</time></trkpt>
<trkpt lat="33.0063062" lon="35.2045794"><ele>299.7</ele><time>2026-05-13T03:31:29Z</time></trkpt>
<trkpt lat="33.0063191" lon="35.2044605"><ele>299.2</ele><time>2026-05-13T03:31:30Z</time></trkpt>
<trkpt lat="33.0063317" lon="35.2043414"><ele>298.6</ele><time>2026-05-13T03:31:31Z</time></trkpt>
<trkpt lat="33.0063451" lon="35.204222"><ele>298.1</ele><time>2026-05-13T03:31:32Z</time></trkpt>
<trkpt lat="33.0063593" lon="35.204103"><ele>297.5</ele><time>2026-05-13T03:31:33Z</time></trkpt>
<trkpt lat="33.0063733" lon="35.2039839"><ele>296.9</ele><time>2026-05-13T03:31:34Z</time></trkpt>
<trkpt lat="33.0063891" lon="35.2038606"><ele>296.3</ele><time>2026-05-13T03:31:35Z</time></trkpt>
<trkpt lat="33.0064093" lon="35.2037352"><ele>295.7</ele><time>2026-05-13T03:31:36Z</time></trkpt>
<trkpt lat="33.0064289" lon="35.2036104"><ele>295.1</ele><time>2026-05-13T03:31:37Z</time></trkpt>
<trkpt lat="33.006446" lon="35.2034836"><ele>294.5</ele><time>2026-05-13T03:31:38Z</time></trkpt>
<trkpt lat="33.0064649" lon="35.2033542"><ele>293.9</ele><time>2026-05-13T03:31:39Z</time></trkpt>
<trkpt lat="33.0064865" lon="35.203223"><ele>293.2</ele><time>2026-05-13T03:31:40Z</time></trkpt>
<trkpt lat="33.0065096" lon="35.2030918"><ele>292.6</ele><time>2026-05-13T03:31:41Z</time></trkpt>
<trkpt lat="33.0065349" lon="35.2029612"><ele>291.9</ele><time>2026-05-13T03:31:42Z</time></trkpt>
<trkpt lat="33.0065634" lon="35.2028301"><ele>291.3</ele><time>2026-05-13T03:31:43Z</time></trkpt>
<trkpt lat="33.0065962" lon="35.2026993"><ele>290.6</ele><time>2026-05-13T03:31:44Z</time></trkpt>
<trkpt lat="33.0066355" lon="35.2025716"><ele>289.9</ele><time>2026-05-13T03:31:45Z</time></trkpt>
<trkpt lat="33.0066841" lon="35.2024477"><ele>289.3</ele><time>2026-05-13T03:31:46Z</time></trkpt>
<trkpt lat="33.0067428" lon="35.2023257"><ele>288.6</ele><time>2026-05-13T03:31:47Z</time></trkpt>
<trkpt lat="33.0068095" lon="35.202209"><ele>288.0</ele><time>2026-05-13T03:31:48Z</time></trkpt>
<trkpt lat="33.0068807" lon="35.2020989"><ele>287.3</ele><time>2026-05-13T03:31:49Z</time></trkpt>
<trkpt lat="33.0069529" lon="35.2019915"><ele>286.7</ele><time>2026-05-13T03:31:50Z</time></trkpt>
<trkpt lat="33.0070259" lon="35.201888"><ele>286.1</ele><time>2026-05-13T03:31:51Z</time></trkpt>
<trkpt lat="33.0071033" lon="35.2017931"><ele>285.6</ele><time>2026-05-13T03:31:52Z</time></trkpt>
<trkpt lat="33.0071845" lon="35.201706"><ele>285.1</ele><time>2026-05-13T03:31:53Z</time></trkpt>
<trkpt lat="33.0072657" lon="35.2016253"><ele>284.6</ele><time>2026-05-13T03:31:54Z</time></trkpt>
<trkpt lat="33.0073451" lon="35.2015498"><ele>284.2</ele><time>2026-05-13T03:31:55Z</time></trkpt>
<trkpt lat="33.0074226" lon="35.2014752"><ele>283.8</ele><time>2026-05-13T03:31:56Z</time></trkpt>
<trkpt lat="33.0074968" lon="35.2013998"><ele>283.4</ele><time>2026-05-13T03:31:57Z</time></trkpt>
<trkpt lat="33.007568" lon="35.2013238"><ele>283.1</ele><time>2026-05-13T03:31:58Z</time></trkpt>
<trkpt lat="33.0076388" lon="35.2012519"><ele>282.9</ele><time>2026-05-13T03:31:59Z</time></trkpt>
<trkpt lat="33.0077083" lon="35.2011825"><ele>282.7</ele><time>2026-05-13T03:32:00Z</time></trkpt>
<trkpt lat="33.007775" lon="35.2011142"><ele>282.5</ele><time>2026-05-13T03:32:01Z</time></trkpt>
<trkpt lat="33.0078402" lon="35.2010479"><ele>282.3</ele><time>2026-05-13T03:32:02Z</time></trkpt>
<trkpt lat="33.0079059" lon="35.2009825"><ele>282.2</ele><time>2026-05-13T03:32:03Z</time></trkpt>
<trkpt lat="33.0079718" lon="35.2009176"><ele>282.1</ele><time>2026-05-13T03:32:04Z</time></trkpt>
<trkpt lat="33.0080364" lon="35.2008512"><ele>282.0</ele><time>2026-05-13T03:32:05Z</time></trkpt>
<trkpt lat="33.008098" lon="35.2007839"><ele>281.9</ele><time>2026-05-13T03:32:06Z</time></trkpt>
<trkpt lat="33.008157" lon="35.2007167"><ele>281.7</ele><time>2026-05-13T03:32:07Z</time></trkpt>
<trkpt lat="33.0082157" lon="35.2006511"><ele>281.6</ele><time>2026-05-13T03:32:08Z</time></trkpt>
<trkpt lat="33.0082761" lon="35.2005875"><ele>281.5</ele><time>2026-05-13T03:32:09Z</time></trkpt>
<trkpt lat="33.0083372" lon="35.2005253"><ele>281.4</ele><time>2026-05-13T03:32:10Z</time></trkpt>
<trkpt lat="33.0083967" lon="35.2004618"><ele>281.3</ele><time>2026-05-13T03:32:11Z</time></trkpt>
<trkpt lat="33.0084555" lon="35.2003967"><ele>281.2</ele><time>2026-05-13T03:32:12Z</time></trkpt>
<trkpt lat="33.0085147" lon="35.2003326"><ele>281.0</ele><time>2026-05-13T03:32:13Z</time></trkpt>
<trkpt lat="33.0085747" lon="35.2002684"><ele>280.9</ele><time>2026-05-13T03:32:14Z</time></trkpt>
<trkpt lat="33.0086353" lon="35.2002038"><ele>280.7</ele><time>2026-05-13T03:32:15Z</time></trkpt>
<trkpt lat="33.0086973" lon="35.2001391"><ele>280.5</ele><time>2026-05-13T03:32:16Z</time></trkpt>
<trkpt lat="33.0087625" lon="35.2000742"><ele>280.3</ele><time>2026-05-13T03:32:17Z</time></trkpt>
<trkpt lat="33.008827" lon="35.2000079"><ele>280.1</ele><time>2026-05-13T03:32:18Z</time></trkpt>
<trkpt lat="33.0088878" lon="35.1999393"><ele>279.9</ele><time>2026-05-13T03:32:19Z</time></trkpt>
<trkpt lat="33.0089489" lon="35.1998717"><ele>279.7</ele><time>2026-05-13T03:32:20Z</time></trkpt>
<trkpt lat="33.009011" lon="35.1998059"><ele>279.5</ele><time>2026-05-13T03:32:21Z</time></trkpt>
<trkpt lat="33.0090717" lon="35.1997376"><ele>279.2</ele><time>2026-05-13T03:32:22Z</time></trkpt>
<trkpt lat="33.0091294" lon="35.1996644"><ele>278.9</ele><time>2026-05-13T03:32:23Z</time></trkpt>
<trkpt lat="33.0091853" lon="35.1995854"><ele>278.6</ele><time>2026-05-13T03:32:24Z</time></trkpt>
<trkpt lat="33.0092393" lon="35.1995036"><ele>278.3</ele><time>2026-05-13T03:32:25Z</time></trkpt>
<trkpt lat="33.0092869" lon="35.1994198"><ele>278.0</ele><time>2026-05-13T03:32:26Z</time></trkpt>
<trkpt lat="33.009324" lon="35.1993302"><ele>277.7</ele><time>2026-05-13T03:32:27Z</time></trkpt>
<trkpt lat="33.0093523" lon="35.1992345"><ele>277.4</ele><time>2026-05-13T03:32:28Z</time></trkpt>
<trkpt lat="33.009378" lon="35.1991338"><ele>277.0</ele><time>2026-05-13T03:32:29Z</time></trkpt>
<trkpt lat="33.0094034" lon="35.1990246"><ele>276.7</ele><time>2026-05-13T03:32:30Z</time></trkpt>
<trkpt lat="33.009428" lon="35.1989113"><ele>276.3</ele><time>2026-05-13T03:32:31Z</time></trkpt>
<trkpt lat="33.009454" lon="35.1988031"><ele>275.9</ele><time>2026-05-13T03:32:32Z</time></trkpt>
<trkpt lat="33.0094831" lon="35.1987007"><ele>275.4</ele><time>2026-05-13T03:32:33Z</time></trkpt>
<trkpt lat="33.0095121" lon="35.1985998"><ele>275.0</ele><time>2026-05-13T03:32:34Z</time></trkpt>
<trkpt lat="33.0095387" lon="35.1984965"><ele>274.6</ele><time>2026-05-13T03:32:35Z</time></trkpt>
<trkpt lat="33.0095625" lon="35.1983906"><ele>274.1</ele><time>2026-05-13T03:32:36Z</time></trkpt>
<trkpt lat="33.009581" lon="35.198281"><ele>273.6</ele><time>2026-05-13T03:32:37Z</time></trkpt>
<trkpt lat="33.0095931" lon="35.1981664"><ele>273.1</ele><time>2026-05-13T03:32:38Z</time></trkpt>
<trkpt lat="33.009603" lon="35.1980493"><ele>272.5</ele><time>2026-05-13T03:32:39Z</time></trkpt>
<trkpt lat="33.0096141" lon="35.1979294"><ele>272.0</ele><time>2026-05-13T03:32:40Z</time></trkpt>
<trkpt lat="33.0096251" lon="35.1978056"><ele>271.4</ele><time>2026-05-13T03:32:41Z</time></trkpt>
<trkpt lat="33.009636" lon="35.1976791"><ele>270.8</ele><time>2026-05-13T03:32:42Z</time></trkpt>
<trkpt lat="33.009648" lon="35.1975507"><ele>270.1</ele><time>2026-05-13T03:32:43Z</time></trkpt>
<trkpt lat="33.0096591" lon="35.1974206"><ele>269.5</ele><time>2026-05-13T03:32:44Z</time></trkpt>
<trkpt lat="33.0096654" lon="35.197288"><ele>268.8</ele><time>2026-05-13T03:32:45Z</time></trkpt>
<trkpt lat="33.0096644" lon="35.1971541"><ele>268.1</ele><time>2026-05-13T03:32:46Z</time></trkpt>
<trkpt lat="33.0096538" lon="35.1970193"><ele>267.4</ele><time>2026-05-13T03:32:47Z</time></trkpt>
<trkpt lat="33.0096307" lon="35.1968848"><ele>266.7</ele><time>2026-05-13T03:32:48Z</time></trkpt>
<trkpt lat="33.0095969" lon="35.1967527"><ele>266.0</ele><time>2026-05-13T03:32:49Z</time></trkpt>
<trkpt lat="33.0095578" lon="35.1966233"><ele>265.3</ele><time>2026-05-13T03:32:50Z</time></trkpt>
<trkpt lat="33.0095181" lon="35.1964951"><ele>264.6</ele><time>2026-05-13T03:32:51Z</time></trkpt>
<trkpt lat="33.0094799" lon="35.1963663"><ele>263.9</ele><time>2026-05-13T03:32:52Z</time></trkpt>
<trkpt lat="33.0094426" lon="35.1962367"><ele>263.2</ele><time>2026-05-13T03:32:53Z</time></trkpt>
<trkpt lat="33.0094032" lon="35.1961069"><ele>262.6</ele><time>2026-05-13T03:32:54Z</time></trkpt>
<trkpt lat="33.0093624" lon="35.1959778"><ele>261.9</ele><time>2026-05-13T03:32:55Z</time></trkpt>
<trkpt lat="33.0093232" lon="35.1958507"><ele>261.3</ele><time>2026-05-13T03:32:56Z</time></trkpt>
<trkpt lat="33.0092843" lon="35.1957282"><ele>260.6</ele><time>2026-05-13T03:32:57Z</time></trkpt>
<trkpt lat="33.0092456" lon="35.1956084"><ele>259.9</ele><time>2026-05-13T03:32:58Z</time></trkpt>
<trkpt lat="33.0092074" lon="35.1954882"><ele>259.3</ele><time>2026-05-13T03:32:59Z</time></trkpt>
<trkpt lat="33.0091682" lon="35.1953673"><ele>258.6</ele><time>2026-05-13T03:33:00Z</time></trkpt>
<trkpt lat="33.0091264" lon="35.1952464"><ele>257.9</ele><time>2026-05-13T03:33:01Z</time></trkpt>
<trkpt lat="33.0090803" lon="35.1951269"><ele>257.3</ele><time>2026-05-13T03:33:02Z</time></trkpt>
<trkpt lat="33.00903" lon="35.1950093"><ele>256.6</ele><time>2026-05-13T03:33:03Z</time></trkpt>
<trkpt lat="33.0089732" lon="35.1948928"><ele>255.9</ele><time>2026-05-13T03:33:04Z</time></trkpt>
<trkpt lat="33.0089127" lon="35.1947781"><ele>255.2</ele><time>2026-05-13T03:33:05Z</time></trkpt>
<trkpt lat="33.0088541" lon="35.1946642"><ele>254.5</ele><time>2026-05-13T03:33:06Z</time></trkpt>
<trkpt lat="33.0087962" lon="35.1945503"><ele>253.7</ele><time>2026-05-13T03:33:07Z</time></trkpt>
<trkpt lat="33.00874" lon="35.1944355"><ele>253.0</ele><time>2026-05-13T03:33:08Z</time></trkpt>
<trkpt lat="33.0086908" lon="35.1943143"><ele>252.2</ele><time>2026-05-13T03:33:09Z</time></trkpt>
<trkpt lat="33.0086516" lon="35.1941843"><ele>251.5</ele><time>2026-05-13T03:33:10Z</time></trkpt>
<trkpt lat="33.0086235" lon="35.1940498"><ele>250.7</ele><time>2026-05-13T03:33:11Z</time></trkpt>
<trkpt lat="33.0086027" lon="35.193914"><ele>249.9</ele><time>2026-05-13T03:33:12Z</time></trkpt>
<trkpt lat="33.0085805" lon="35.1937798"><ele>249.0</ele><time>2026-05-13T03:33:13Z</time></trkpt>
<trkpt lat="33.0085559" lon="35.1936472"><ele>248.2</ele><time>2026-05-13T03:33:14Z</time></trkpt>
<trkpt lat="33.0085331" lon="35.1935138"><ele>247.4</ele><time>2026-05-13T03:33:15Z</time></trkpt>
<trkpt lat="33.0085113" lon="35.1933793"><ele>246.6</ele><time>2026-05-13T03:33:16Z</time></trkpt>
<trkpt lat="33.0084879" lon="35.1932447"><ele>245.8</ele><time>2026-05-13T03:33:17Z</time></trkpt>
<trkpt lat="33.0084641" lon="35.193109"><ele>245.0</ele><time>2026-05-13T03:33:18Z</time></trkpt>
<trkpt lat="33.00844" lon="35.1929725"><ele>244.2</ele><time>2026-05-13T03:33:19Z</time></trkpt>
<trkpt lat="33.0084166" lon="35.1928353"><ele>243.4</ele><time>2026-05-13T03:33:20Z</time></trkpt>
<trkpt lat="33.008396" lon="35.1926976"><ele>242.7</ele><time>2026-05-13T03:33:21Z</time></trkpt>
<trkpt lat="33.0083782" lon="35.19256"><ele>241.9</ele><time>2026-05-13T03:33:22Z</time></trkpt>
<trkpt lat="33.00837" lon="35.19242"><ele>241.2</ele><time>2026-05-13T03:33:23Z</time></trkpt>
<trkpt lat="33.0083735" lon="35.1922783"><ele>240.5</ele><time>2026-05-13T03:33:24Z</time></trkpt>
<trkpt lat="33.0083849" lon="35.1921387"><ele>239.8</ele><time>2026-05-13T03:33:25Z</time></trkpt>
<trkpt lat="33.0084017" lon="35.1920027"><ele>239.2</ele><time>2026-05-13T03:33:26Z</time></trkpt>
<trkpt lat="33.0084212" lon="35.1918674"><ele>238.5</ele><time>2026-05-13T03:33:27Z</time></trkpt>
<trkpt lat="33.0084415" lon="35.1917322"><ele>237.9</ele><time>2026-05-13T03:33:28Z</time></trkpt>
<trkpt lat="33.0084619" lon="35.1915995"><ele>237.2</ele><time>2026-05-13T03:33:29Z</time></trkpt>
<trkpt lat="33.0084834" lon="35.1914678"><ele>236.6</ele><time>2026-05-13T03:33:30Z</time></trkpt>
<trkpt lat="33.0085037" lon="35.1913351"><ele>236.0</ele><time>2026-05-13T03:33:31Z</time></trkpt>
<trkpt lat="33.0085211" lon="35.1912024"><ele>235.4</ele><time>2026-05-13T03:33:32Z</time></trkpt>
<trkpt lat="33.0085386" lon="35.1910695"><ele>234.8</ele><time>2026-05-13T03:33:33Z</time></trkpt>
<trkpt lat="33.0085585" lon="35.1909363"><ele>234.2</ele><time>2026-05-13T03:33:34Z</time></trkpt>
<trkpt lat="33.0085789" lon="35.1908049"><ele>233.6</ele><time>2026-05-13T03:33:35Z</time></trkpt>
<trkpt lat="33.0085995" lon="35.1906744"><ele>233.0</ele><time>2026-05-13T03:33:36Z</time></trkpt>
<trkpt lat="33.0086202" lon="35.1905444"><ele>232.4</ele><time>2026-05-13T03:33:37Z</time></trkpt>
<trkpt lat="33.0086393" lon="35.1904153"><ele>231.9</ele><time>2026-05-13T03:33:38Z</time></trkpt>
<trkpt lat="33.008656" lon="35.1902875"><ele>231.3</ele><time>2026-05-13T03:33:39Z</time></trkpt>
<trkpt lat="33.0086725" lon="35.1901637"><ele>230.8</ele><time>2026-05-13T03:33:40Z</time></trkpt>
<trkpt lat="33.0086911" lon="35.1900426"><ele>230.3</ele><time>2026-05-13T03:33:41Z</time></trkpt>
<trkpt lat="33.0087097" lon="35.1899178"><ele>229.7</ele><time>2026-05-13T03:33:42Z</time></trkpt>
<trkpt lat="33.0087281" lon="35.1897903"><ele>229.2</ele><time>2026-05-13T03:33:43Z</time></trkpt>
<trkpt lat="33.0087466" lon="35.189663"><ele>228.6</ele><time>2026-05-13T03:33:44Z</time></trkpt>
<trkpt lat="33.0087656" lon="35.1895369"><ele>228.0</ele><time>2026-05-13T03:33:45Z</time></trkpt>
<trkpt lat="33.0087884" lon="35.1894096"><ele>227.4</ele><time>2026-05-13T03:33:46Z</time></trkpt>
<trkpt lat="33.0088155" lon="35.189278"><ele>226.8</ele><time>2026-05-13T03:33:47Z</time></trkpt>
<trkpt lat="33.0088439" lon="35.1891445"><ele>226.1</ele><time>2026-05-13T03:33:48Z</time></trkpt>
<trkpt lat="33.0088709" lon="35.18901"><ele>225.4</ele><time>2026-05-13T03:33:49Z</time></trkpt>
<trkpt lat="33.0088974" lon="35.188874"><ele>224.7</ele><time>2026-05-13T03:33:50Z</time></trkpt>
<trkpt lat="33.0089257" lon="35.1887359"><ele>224.0</ele><time>2026-05-13T03:33:51Z</time></trkpt>
<trkpt lat="33.0089559" lon="35.1885949"><ele>223.2</ele><time>2026-05-13T03:33:52Z</time></trkpt>
<trkpt lat="33.0089865" lon="35.1884505"><ele>222.4</ele><time>2026-05-13T03:33:53Z</time></trkpt>
<trkpt lat="33.0090169" lon="35.1883046"><ele>221.6</ele><time>2026-05-13T03:33:54Z</time></trkpt>
<trkpt lat="33.0090467" lon="35.1881564"><ele>220.7</ele><time>2026-05-13T03:33:55Z</time></trkpt>
<trkpt lat="33.0090742" lon="35.1880051"><ele>219.8</ele><time>2026-05-13T03:33:56Z</time></trkpt>
<trkpt lat="33.0090995" lon="35.1878509"><ele>218.7</ele><time>2026-05-13T03:33:57Z</time></trkpt>
<trkpt lat="33.0091245" lon="35.1876932"><ele>217.7</ele><time>2026-05-13T03:33:58Z</time></trkpt>
<trkpt lat="33.0091491" lon="35.1875326"><ele>216.5</ele><time>2026-05-13T03:33:59Z</time></trkpt>
<trkpt lat="33.0091724" lon="35.1873706"><ele>215.3</ele><time>2026-05-13T03:34:00Z</time></trkpt>
<trkpt lat="33.0091937" lon="35.1872062"><ele>214.0</ele><time>2026-05-13T03:34:01Z</time></trkpt>
<trkpt lat="33.0092184" lon="35.1870394"><ele>212.7</ele><time>2026-05-13T03:34:02Z</time></trkpt>
<trkpt lat="33.0092534" lon="35.1868737"><ele>211.3</ele><time>2026-05-13T03:34:03Z</time></trkpt>
<trkpt lat="33.0093013" lon="35.1867113"><ele>209.8</ele><time>2026-05-13T03:34:04Z</time></trkpt>
<trkpt lat="33.0093589" lon="35.1865523"><ele>208.4</ele><time>2026-05-13T03:34:05Z</time></trkpt>
<trkpt lat="33.0094247" lon="35.1863971"><ele>206.9</ele><time>2026-05-13T03:34:06Z</time></trkpt>
<trkpt lat="33.0095022" lon="35.1862477"><ele>205.4</ele><time>2026-05-13T03:34:07Z</time></trkpt>
<trkpt lat="33.0095923" lon="35.1861052"><ele>203.9</ele><time>2026-05-13T03:34:08Z</time></trkpt>
<trkpt lat="33.0096912" lon="35.1859677"><ele>202.4</ele><time>2026-05-13T03:34:09Z</time></trkpt>
<trkpt lat="33.009791" lon="35.185828"><ele>200.9</ele><time>2026-05-13T03:34:10Z</time></trkpt>
<trkpt lat="33.0098829" lon="35.1856827"><ele>199.4</ele><time>2026-05-13T03:34:11Z</time></trkpt>
<trkpt lat="33.009968" lon="35.1855353"><ele>197.9</ele><time>2026-05-13T03:34:12Z</time></trkpt>
<trkpt lat="33.0100508" lon="35.1853882"><ele>196.5</ele><time>2026-05-13T03:34:13Z</time></trkpt>
<trkpt lat="33.0101308" lon="35.1852415"><ele>195.2</ele><time>2026-05-13T03:34:14Z</time></trkpt>
<trkpt lat="33.0102077" lon="35.1850953"><ele>193.9</ele><time>2026-05-13T03:34:15Z</time></trkpt>
<trkpt lat="33.0102825" lon="35.1849509"><ele>192.7</ele><time>2026-05-13T03:34:16Z</time></trkpt>
<trkpt lat="33.0103545" lon="35.1848092"><ele>191.7</ele><time>2026-05-13T03:34:17Z</time></trkpt>
<trkpt lat="33.0104219" lon="35.1846696"><ele>190.8</ele><time>2026-05-13T03:34:18Z</time></trkpt>
<trkpt lat="33.0104837" lon="35.184533"><ele>190.0</ele><time>2026-05-13T03:34:19Z</time></trkpt>
<trkpt lat="33.0105398" lon="35.1844028"><ele>189.4</ele><time>2026-05-13T03:34:20Z</time></trkpt>
<trkpt lat="33.0105921" lon="35.1842795"><ele>188.8</ele><time>2026-05-13T03:34:21Z</time></trkpt>
<trkpt lat="33.0106438" lon="35.1841599"><ele>188.3</ele><time>2026-05-13T03:34:22Z</time></trkpt>
<trkpt lat="33.0106952" lon="35.1840421"><ele>187.9</ele><time>2026-05-13T03:34:23Z</time></trkpt>
<trkpt lat="33.0107445" lon="35.1839259"><ele>187.5</ele><time>2026-05-13T03:34:24Z</time></trkpt>
<trkpt lat="33.0107936" lon="35.183813"><ele>187.2</ele><time>2026-05-13T03:34:25Z</time></trkpt>
<trkpt lat="33.0108458" lon="35.1837065"><ele>186.9</ele><time>2026-05-13T03:34:26Z</time></trkpt>
<trkpt lat="33.0108998" lon="35.1836065"><ele>186.7</ele><time>2026-05-13T03:34:27Z</time></trkpt>
<trkpt lat="33.0109542" lon="35.1835122"><ele>186.5</ele><time>2026-05-13T03:34:28Z</time></trkpt>
<trkpt lat="33.0110086" lon="35.1834219"><ele>186.3</ele><time>2026-05-13T03:34:29Z</time></trkpt>
<trkpt lat="33.0110612" lon="35.1833327"><ele>186.1</ele><time>2026-05-13T03:34:30Z</time></trkpt>
<trkpt lat="33.0111139" lon="35.1832459"><ele>186.0</ele><time>2026-05-13T03:34:31Z</time></trkpt>
<trkpt lat="33.0111684" lon="35.1831635"><ele>185.9</ele><time>2026-05-13T03:34:32Z</time></trkpt>
<trkpt lat="33.0112217" lon="35.1830833"><ele>185.8</ele><time>2026-05-13T03:34:33Z</time></trkpt>
<trkpt lat="33.0112713" lon="35.1830034"><ele>185.8</ele><time>2026-05-13T03:34:34Z</time></trkpt>
<trkpt lat="33.0113176" lon="35.1829243"><ele>185.7</ele><time>2026-05-13T03:34:35Z</time></trkpt>
<trkpt lat="33.0113612" lon="35.1828465"><ele>185.7</ele><time>2026-05-13T03:34:36Z</time></trkpt>
<trkpt lat="33.0114022" lon="35.1827698"><ele>185.6</ele><time>2026-05-13T03:34:37Z</time></trkpt>
<trkpt lat="33.0114422" lon="35.1826943"><ele>185.6</ele><time>2026-05-13T03:34:38Z</time></trkpt>
<trkpt lat="33.0114825" lon="35.1826187"><ele>185.5</ele><time>2026-05-13T03:34:39Z</time></trkpt>
<trkpt lat="33.0115219" lon="35.1825408"><ele>185.4</ele><time>2026-05-13T03:34:40Z</time></trkpt>
<trkpt lat="33.0115611" lon="35.1824589"><ele>185.3</ele><time>2026-05-13T03:34:41Z</time></trkpt>
<trkpt lat="33.0116032" lon="35.1823747"><ele>185.2</ele><time>2026-05-13T03:34:42Z</time></trkpt>
<trkpt lat="33.0116497" lon="35.1822895"><ele>185.0</ele><time>2026-05-13T03:34:43Z</time></trkpt>
<trkpt lat="33.0116991" lon="35.1822019"><ele>184.8</ele><time>2026-05-13T03:34:44Z</time></trkpt>
<trkpt lat="33.0117482" lon="35.1821105"><ele>184.6</ele><time>2026-05-13T03:34:45Z</time></trkpt>
<trkpt lat="33.0117963" lon="35.1820161"><ele>184.2</ele><time>2026-05-13T03:34:46Z</time></trkpt>
<trkpt lat="33.011844" lon="35.1819209"><ele>183.9</ele><time>2026-05-13T03:34:47Z</time></trkpt>
<trkpt lat="33.011889" lon="35.1818252"><ele>183.5</ele><time>2026-05-13T03:34:48Z</time></trkpt>
<trkpt lat="33.0119268" lon="35.1817274"><ele>183.1</ele><time>2026-05-13T03:34:49Z</time></trkpt>
<trkpt lat="33.0119568" lon="35.1816262"><ele>182.7</ele><time>2026-05-13T03:34:50Z</time></trkpt>
<trkpt lat="33.0119799" lon="35.1815217"><ele>182.3</ele><time>2026-05-13T03:34:51Z</time></trkpt>
<trkpt lat="33.0119949" lon="35.1814152"><ele>181.9</ele><time>2026-05-13T03:34:52Z</time></trkpt>
<trkpt lat="33.0120041" lon="35.1813089"><ele>181.5</ele><time>2026-05-13T03:34:53Z</time></trkpt>
<trkpt lat="33.01201" lon="35.1812029"><ele>181.1</ele><time>2026-05-13T03:34:54Z</time></trkpt>
<trkpt lat="33.012013" lon="35.1810962"><ele>180.8</ele><time>2026-05-13T03:34:55Z</time></trkpt>
<trkpt lat="33.0120149" lon="35.1809894"><ele>180.4</ele><time>2026-05-13T03:34:56Z</time></trkpt>
<trkpt lat="33.0120165" lon="35.1808841"><ele>180.1</ele><time>2026-05-13T03:34:57Z</time></trkpt>
<trkpt lat="33.0120178" lon="35.1807804"><ele>179.7</ele><time>2026-05-13T03:34:58Z</time></trkpt>
<trkpt lat="33.0120187" lon="35.1806779"><ele>179.4</ele><time>2026-05-13T03:34:59Z</time></trkpt>
<trkpt lat="33.0120204" lon="35.180577"><ele>179.1</ele><time>2026-05-13T03:35:00Z</time></trkpt>
<trkpt lat="33.012026" lon="35.1804759"><ele>178.7</ele><time>2026-05-13T03:35:01Z</time></trkpt>
<trkpt lat="33.0120363" lon="35.180373"><ele>178.4</ele><time>2026-05-13T03:35:02Z</time></trkpt>
<trkpt lat="33.0120505" lon="35.1802696"><ele>178.1</ele><time>2026-05-13T03:35:03Z</time></trkpt>
<trkpt lat="33.0120672" lon="35.1801661"><ele>177.8</ele><time>2026-05-13T03:35:04Z</time></trkpt>
<trkpt lat="33.0120854" lon="35.1800619"><ele>177.4</ele><time>2026-05-13T03:35:05Z</time></trkpt>
<trkpt lat="33.0121031" lon="35.1799566"><ele>177.1</ele><time>2026-05-13T03:35:06Z</time></trkpt>
<trkpt lat="33.0121192" lon="35.1798497"><ele>176.7</ele><time>2026-05-13T03:35:07Z</time></trkpt>
<trkpt lat="33.0121358" lon="35.1797399"><ele>176.4</ele><time>2026-05-13T03:35:08Z</time></trkpt>
<trkpt lat="33.0121552" lon="35.1796288"><ele>176.0</ele><time>2026-05-13T03:35:09Z</time></trkpt>
<trkpt lat="33.0121752" lon="35.1795183"><ele>175.6</ele><time>2026-05-13T03:35:10Z</time></trkpt>
<trkpt lat="33.012195" lon="35.179408"><ele>175.2</ele><time>2026-05-13T03:35:11Z</time></trkpt>
<trkpt lat="33.0122156" lon="35.1792982"><ele>174.8</ele><time>2026-05-13T03:35:12Z</time></trkpt>
<trkpt lat="33.0122364" lon="35.1791895"><ele>174.4</ele><time>2026-05-13T03:35:13Z</time></trkpt>
<trkpt lat="33.0122579" lon="35.1790813"><ele>174.0</ele><time>2026-05-13T03:35:14Z</time></trkpt>
<trkpt lat="33.0122799" lon="35.178973"><ele>173.6</ele><time>2026-05-13T03:35:15Z</time></trkpt>
<trkpt lat="33.0123009" lon="35.1788646"><ele>173.2</ele><time>2026-05-13T03:35:16Z</time></trkpt>
<trkpt lat="33.0123215" lon="35.1787557"><ele>172.8</ele><time>2026-05-13T03:35:17Z</time></trkpt>
<trkpt lat="33.0123441" lon="35.1786467"><ele>172.3</ele><time>2026-05-13T03:35:18Z</time></trkpt>
<trkpt lat="33.0123694" lon="35.1785369"><ele>171.9</ele><time>2026-05-13T03:35:19Z</time></trkpt>
<trkpt lat="33.0123956" lon="35.1784241"><ele>171.4</ele><time>2026-05-13T03:35:20Z</time></trkpt>
<trkpt lat="33.0124223" lon="35.1783077"><ele>171.0</ele><time>2026-05-13T03:35:21Z</time></trkpt>
<trkpt lat="33.0124495" lon="35.1781884"><ele>170.4</ele><time>2026-05-13T03:35:22Z</time></trkpt>
<trkpt lat="33.0124779" lon="35.1780673"><ele>169.9</ele><time>2026-05-13T03:35:23Z</time></trkpt>
<trkpt lat="33.0125087" lon="35.1779445"><ele>169.2</ele><time>2026-05-13T03:35:24Z</time></trkpt>
<trkpt lat="33.0125405" lon="35.1778198"><ele>168.6</ele><time>2026-05-13T03:35:25Z</time></trkpt>
<trkpt lat="33.0125706" lon="35.1776924"><ele>167.9</ele><time>2026-05-13T03:35:26Z</time></trkpt>
<trkpt lat="33.0125998" lon="35.1775627"><ele>167.2</ele><time>2026-05-13T03:35:27Z</time></trkpt>
<trkpt lat="33.0126303" lon="35.1774318"><ele>166.4</ele><time>2026-05-13T03:35:28Z</time></trkpt>
<trkpt lat="33.0126626" lon="35.1772984"><ele>165.7</ele><time>2026-05-13T03:35:29Z</time></trkpt>
<trkpt lat="33.0126947" lon="35.1771607"><ele>164.9</ele><time>2026-05-13T03:35:30Z</time></trkpt>
<trkpt lat="33.0127261" lon="35.1770196"><ele>164.1</ele><time>2026-05-13T03:35:31Z</time></trkpt>
<trkpt lat="33.0127582" lon="35.176875"><ele>163.2</ele><time>2026-05-13T03:35:32Z</time></trkpt>
<trkpt lat="33.0127921" lon="35.176727"><ele>162.4</ele><time>2026-05-13T03:35:33Z</time></trkpt>
<trkpt lat="33.0128266" lon="35.1765765"><ele>161.5</ele><time>2026-05-13T03:35:34Z</time></trkpt>
<trkpt lat="33.012862" lon="35.1764234"><ele>160.6</ele><time>2026-05-13T03:35:35Z</time></trkpt>
<trkpt lat="33.0128993" lon="35.1762683"><ele>159.6</ele><time>2026-05-13T03:35:36Z</time></trkpt>
<trkpt lat="33.0129379" lon="35.1761121"><ele>158.6</ele><time>2026-05-13T03:35:37Z</time></trkpt>
<trkpt lat="33.0129778" lon="35.1759564"><ele>157.6</ele><time>2026-05-13T03:35:38Z</time></trkpt>
<trkpt lat="33.0130183" lon="35.1758023"><ele>156.6</ele><time>2026-05-13T03:35:39Z</time></trkpt>
<trkpt lat="33.0130597" lon="35.1756509"><ele>155.5</ele><time>2026-05-13T03:35:40Z</time></trkpt>
<trkpt lat="33.0131033" lon="35.1755014"><ele>154.5</ele><time>2026-05-13T03:35:41Z</time></trkpt>
<trkpt lat="33.0131495" lon="35.175352"><ele>153.5</ele><time>2026-05-13T03:35:42Z</time></trkpt>
<trkpt lat="33.0131973" lon="35.1752037"><ele>152.5</ele><time>2026-05-13T03:35:43Z</time></trkpt>
<trkpt lat="33.0132492" lon="35.1750592"><ele>151.5</ele><time>2026-05-13T03:35:44Z</time></trkpt>
<trkpt lat="33.0133063" lon="35.1749194"><ele>150.6</ele><time>2026-05-13T03:35:45Z</time></trkpt>
<trkpt lat="33.0133648" lon="35.1747843"><ele>149.7</ele><time>2026-05-13T03:35:46Z</time></trkpt>
<trkpt lat="33.0134234" lon="35.1746533"><ele>148.9</ele><time>2026-05-13T03:35:47Z</time></trkpt>
<trkpt lat="33.0134896" lon="35.1745289"><ele>148.1</ele><time>2026-05-13T03:35:48Z</time></trkpt>
<trkpt lat="33.0135707" lon="35.1744179"><ele>147.3</ele><time>2026-05-13T03:35:49Z</time></trkpt>
<trkpt lat="33.013668" lon="35.1743261"><ele>146.6</ele><time>2026-05-13T03:35:50Z</time></trkpt>
<trkpt lat="33.0137709" lon="35.1742461"><ele>145.9</ele><time>2026-05-13T03:35:51Z</time></trkpt>
<trkpt lat="33.0138619" lon="35.1741561"><ele>145.3</ele><time>2026-05-13T03:35:52Z</time></trkpt>
<trkpt lat="33.0139274" lon="35.1740459"><ele>144.7</ele><time>2026-05-13T03:35:53Z</time></trkpt>
<trkpt lat="33.0139669" lon="35.1739215"><ele>144.2</ele><time>2026-05-13T03:35:54Z</time></trkpt>
<trkpt lat="33.0139938" lon="35.173793"><ele>143.7</ele><time>2026-05-13T03:35:55Z</time></trkpt>
<trkpt lat="33.0140187" lon="35.1736664"><ele>143.3</ele><time>2026-05-13T03:35:56Z</time></trkpt>
<trkpt lat="33.0140447" lon="35.1735423"><ele>142.9</ele><time>2026-05-13T03:35:57Z</time></trkpt>
<trkpt lat="33.0140718" lon="35.1734204"><ele>142.5</ele><time>2026-05-13T03:35:58Z</time></trkpt>
<trkpt lat="33.0140994" lon="35.1733017"><ele>142.2</ele><time>2026-05-13T03:35:59Z</time></trkpt>
<trkpt lat="33.0141279" lon="35.1731872"><ele>141.9</ele><time>2026-05-13T03:36:00Z</time></trkpt>
<trkpt lat="33.0141575" lon="35.1730768"><ele>141.7</ele><time>2026-05-13T03:36:01Z</time></trkpt>
<trkpt lat="33.0141872" lon="35.1729718"><ele>141.5</ele><time>2026-05-13T03:36:02Z</time></trkpt>
<trkpt lat="33.0142182" lon="35.1728723"><ele>141.3</ele><time>2026-05-13T03:36:03Z</time></trkpt>
<trkpt lat="33.0142535" lon="35.1727777"><ele>141.2</ele><time>2026-05-13T03:36:04Z</time></trkpt>
<trkpt lat="33.0142937" lon="35.1726872"><ele>141.1</ele><time>2026-05-13T03:36:05Z</time></trkpt>
<trkpt lat="33.0143359" lon="35.1725981"><ele>141.1</ele><time>2026-05-13T03:36:06Z</time></trkpt>
<trkpt lat="33.0143766" lon="35.1725186"><ele>141.0</ele><time>2026-05-13T03:36:07Z</time></trkpt>
<trkpt lat="33.0144156" lon="35.1724504"><ele>141.1</ele><time>2026-05-13T03:36:08Z</time></trkpt>
<trkpt lat="33.014454" lon="35.1723859"><ele>141.1</ele><time>2026-05-13T03:36:09Z</time></trkpt>
<trkpt lat="33.0144915" lon="35.1723261"><ele>141.3</ele><time>2026-05-13T03:36:10Z</time></trkpt>
<trkpt lat="33.014528" lon="35.1722706"><ele>141.5</ele><time>2026-05-13T03:36:11Z</time></trkpt>
<trkpt lat="33.0145633" lon="35.1722183"><ele>141.7</ele><time>2026-05-13T03:36:12Z</time></trkpt>
<trkpt lat="33.0145976" lon="35.1721681"><ele>142.0</ele><time>2026-05-13T03:36:13Z</time></trkpt>
<trkpt lat="33.014631" lon="35.1721193"><ele>142.3</ele><time>2026-05-13T03:36:14Z</time></trkpt>
<trkpt lat="33.0146637" lon="35.1720716"><ele>142.7</ele><time>2026-05-13T03:36:15Z</time></trkpt>
<trkpt lat="33.0146954" lon="35.1720246"><ele>143.0</ele><time>2026-05-13T03:36:16Z</time></trkpt>
<trkpt lat="33.014726" lon="35.1719781"><ele>143.4</ele><time>2026-05-13T03:36:17Z</time></trkpt>
<trkpt lat="33.0147556" lon="35.1719319"><ele>143.8</ele><time>2026-05-13T03:36:18Z</time></trkpt>
<trkpt lat="33.0147844" lon="35.1718859"><ele>144.1</ele><time>2026-05-13T03:36:19Z</time></trkpt>
<trkpt lat="33.014813" lon="35.1718404"><ele>144.5</ele><time>2026-05-13T03:36:20Z</time></trkpt>
<trkpt lat="33.0148415" lon="35.1717955"><ele>144.8</ele><time>2026-05-13T03:36:21Z</time></trkpt>
<trkpt lat="33.0148705" lon="35.1717511"><ele>145.2</ele><time>2026-05-13T03:36:22Z</time></trkpt>
<trkpt lat="33.0148999" lon="35.1717071"><ele>145.5</ele><time>2026-05-13T03:36:23Z</time></trkpt>
<trkpt lat="33.0149298" lon="35.1716638"><ele>145.8</ele><time>2026-05-13T03:36:24Z</time></trkpt>
<trkpt lat="33.0149603" lon="35.1716219"><ele>146.1</ele><time>2026-05-13T03:36:25Z</time></trkpt>
<trkpt lat="33.0149908" lon="35.1715817"><ele>146.4</ele><time>2026-05-13T03:36:26Z</time></trkpt>
<trkpt lat="33.0150209" lon="35.1715435"><ele>146.7</ele><time>2026-05-13T03:36:27Z</time></trkpt>
<trkpt lat="33.0150504" lon="35.1715077"><ele>147.0</ele><time>2026-05-13T03:36:28Z</time></trkpt>
<trkpt lat="33.0150791" lon="35.1714745"><ele>147.3</ele><time>2026-05-13T03:36:29Z</time></trkpt>
<trkpt lat="33.0151073" lon="35.1714439"><ele>147.6</ele><time>2026-05-13T03:36:30Z</time></trkpt>
<trkpt lat="33.0151353" lon="35.1714156"><ele>147.9</ele><time>2026-05-13T03:36:31Z</time></trkpt>
<trkpt lat="33.0151636" lon="35.1713893"><ele>148.2</ele><time>2026-05-13T03:36:32Z</time></trkpt>
<trkpt lat="33.0151926" lon="35.1713644"><ele>148.4</ele><time>2026-05-13T03:36:33Z</time></trkpt>
<trkpt lat="33.0152221" lon="35.1713407"><ele>148.7</ele><time>2026-05-13T03:36:34Z</time></trkpt>
<trkpt lat="33.0152521" lon="35.1713176"><ele>149.0</ele><time>2026-05-13T03:36:35Z</time></trkpt>
<trkpt lat="33.0152823" lon="35.171295"><ele>149.2</ele><time>2026-05-13T03:36:36Z</time></trkpt>
<trkpt lat="33.015313" lon="35.1712728"><ele>149.5</ele><time>2026-05-13T03:36:37Z</time></trkpt>
<trkpt lat="33.015344" lon="35.1712511"><ele>149.7</ele><time>2026-05-13T03:36:38Z</time></trkpt>
<trkpt lat="33.0153754" lon="35.1712304"><ele>150.0</ele><time>2026-05-13T03:36:39Z</time></trkpt>
<trkpt lat="33.0154068" lon="35.1712118"><ele>150.2</ele><time>2026-05-13T03:36:40Z</time></trkpt>
<trkpt lat="33.0154379" lon="35.1711954"><ele>150.4</ele><time>2026-05-13T03:36:41Z</time></trkpt>
<trkpt lat="33.0154678" lon="35.1711816"><ele>150.7</ele><time>2026-05-13T03:36:42Z</time></trkpt>
<trkpt lat="33.0154968" lon="35.1711706"><ele>150.9</ele><time>2026-05-13T03:36:43Z</time></trkpt>
<trkpt lat="33.0155239" lon="35.1711622"><ele>151.1</ele><time>2026-05-13T03:36:44Z</time></trkpt>
<trkpt lat="33.0155479" lon="35.1711568"><ele>151.3</ele><time>2026-05-13T03:36:45Z</time></trkpt>
<trkpt lat="33.0155684" lon="35.1711528"><ele>151.6</ele><time>2026-05-13T03:36:46Z</time></trkpt>
<trkpt lat="33.015585" lon="35.1711495"><ele>151.8</ele><time>2026-05-13T03:36:47Z</time></trkpt>
<trkpt lat="33.0155981" lon="35.1711474"><ele>152.0</ele><time>2026-05-13T03:36:48Z</time></trkpt>
<trkpt lat="33.0156092" lon="35.1711459"><ele>152.1</ele><time>2026-05-13T03:36:49Z</time></trkpt>
<trkpt lat="33.01562" lon="35.1711439"><ele>152.3</ele><time>2026-05-13T03:36:50Z</time></trkpt>
<trkpt lat="33.0156317" lon="35.1711404"><ele>152.5</ele><time>2026-05-13T03:36:51Z</time></trkpt>
<trkpt lat="33.0156454" lon="35.1711349"><ele>152.6</ele><time>2026-05-13T03:36:52Z</time></trkpt>
<trkpt lat="33.0156622" lon="35.171129"><ele>152.7</ele><time>2026-05-13T03:36:53Z</time></trkpt>
<trkpt lat="33.0156835" lon="35.171124"><ele>152.8</ele><time>2026-05-13T03:36:54Z</time></trkpt>
<trkpt lat="33.0157089" lon="35.1711196"><ele>152.8</ele><time>2026-05-13T03:36:55Z</time></trkpt>
<trkpt lat="33.0157375" lon="35.1711147"><ele>152.9</ele><time>2026-05-13T03:36:56Z</time></trkpt>
<trkpt lat="33.0157698" lon="35.1711076"><ele>152.9</ele><time>2026-05-13T03:36:57Z</time></trkpt>
<trkpt lat="33.0158063" lon="35.1710974"><ele>152.9</ele><time>2026-05-13T03:36:58Z</time></trkpt>
<trkpt lat="33.0158471" lon="35.1710854"><ele>152.9</ele><time>2026-05-13T03:36:59Z</time></trkpt>
<trkpt lat="33.0158917" lon="35.1710741"><ele>152.8</ele><time>2026-05-13T03:37:00Z</time></trkpt>
<trkpt lat="33.015939" lon="35.1710657"><ele>152.7</ele><time>2026-05-13T03:37:01Z</time></trkpt>
<trkpt lat="33.0159887" lon="35.1710607"><ele>152.6</ele><time>2026-05-13T03:37:02Z</time></trkpt>
<trkpt lat="33.0160411" lon="35.1710591"><ele>152.4</ele><time>2026-05-13T03:37:03Z</time></trkpt>
<trkpt lat="33.0160955" lon="35.1710609"><ele>152.2</ele><time>2026-05-13T03:37:04Z</time></trkpt>
<trkpt lat="33.0161515" lon="35.171066"><ele>152.0</ele><time>2026-05-13T03:37:05Z</time></trkpt>
<trkpt lat="33.0162086" lon="35.1710742"><ele>151.8</ele><time>2026-05-13T03:37:06Z</time></trkpt>
<trkpt lat="33.0162653" lon="35.1710876"><ele>151.5</ele><time>2026-05-13T03:37:07Z</time></trkpt>
<trkpt lat="33.0163192" lon="35.1711081"><ele>151.3</ele><time>2026-05-13T03:37:08Z</time></trkpt>
<trkpt lat="33.0163689" lon="35.1711357"><ele>151.1</ele><time>2026-05-13T03:37:09Z</time></trkpt>
<trkpt lat="33.0164131" lon="35.1711694"><ele>150.9</ele><time>2026-05-13T03:37:10Z</time></trkpt>
<trkpt lat="33.0164504" lon="35.1712077"><ele>150.7</ele><time>2026-05-13T03:37:11Z</time></trkpt>
<trkpt lat="33.016481" lon="35.1712483"><ele>150.5</ele><time>2026-05-13T03:37:12Z</time></trkpt>
<trkpt lat="33.0165075" lon="35.1712889"><ele>150.4</ele><time>2026-05-13T03:37:13Z</time></trkpt>
<trkpt lat="33.016532" lon="35.1713281"><ele>150.3</ele><time>2026-05-13T03:37:14Z</time></trkpt>
<trkpt lat="33.0165544" lon="35.1713656"><ele>150.2</ele><time>2026-05-13T03:37:15Z</time></trkpt>
<trkpt lat="33.0165741" lon="35.1714026"><ele>150.1</ele><time>2026-05-13T03:37:16Z</time></trkpt>
<trkpt lat="33.0165912" lon="35.171441"><ele>150.1</ele><time>2026-05-13T03:37:17Z</time></trkpt>
<trkpt lat="33.0166071" lon="35.1714814"><ele>150.1</ele><time>2026-05-13T03:37:18Z</time></trkpt>
<trkpt lat="33.0166225" lon="35.1715236"><ele>150.1</ele><time>2026-05-13T03:37:19Z</time></trkpt>
<trkpt lat="33.016637" lon="35.1715671"><ele>150.1</ele><time>2026-05-13T03:37:20Z</time></trkpt>
<trkpt lat="33.0166508" lon="35.1716117"><ele>150.2</ele><time>2026-05-13T03:37:21Z</time></trkpt>
<trkpt lat="33.0166643" lon="35.1716568"><ele>150.2</ele><time>2026-05-13T03:37:22Z</time></trkpt>
<trkpt lat="33.0166772" lon="35.171701"><ele>150.3</ele><time>2026-05-13T03:37:23Z</time></trkpt>
<trkpt lat="33.0166902" lon="35.1717451"><ele>150.3</ele><time>2026-05-13T03:37:24Z</time></trkpt>
<trkpt lat="33.0167037" lon="35.17179"><ele>150.4</ele><time>2026-05-13T03:37:25Z</time></trkpt>
<trkpt lat="33.0167168" lon="35.1718351"><ele>150.5</ele><time>2026-05-13T03:37:26Z</time></trkpt>
<trkpt lat="33.0167286" lon="35.1718795"><ele>150.6</ele><time>2026-05-13T03:37:27Z</time></trkpt>
<trkpt lat="33.0167398" lon="35.1719214"><ele>150.8</ele><time>2026-05-13T03:37:28Z</time></trkpt>
<trkpt lat="33.0167506" lon="35.1719607"><ele>150.9</ele><time>2026-05-13T03:37:29Z</time></trkpt>
<trkpt lat="33.016761" lon="35.1719981"><ele>151.1</ele><time>2026-05-13T03:37:30Z</time></trkpt>
<trkpt lat="33.0167717" lon="35.1720351"><ele>151.3</ele><time>2026-05-13T03:37:31Z</time></trkpt>
<trkpt lat="33.0167834" lon="35.1720726"><ele>151.4</ele><time>2026-05-13T03:37:32Z</time></trkpt>
<trkpt lat="33.0167966" lon="35.1721101"><ele>151.6</ele><time>2026-05-13T03:37:33Z</time></trkpt>
<trkpt lat="33.0168116" lon="35.1721464"><ele>151.8</ele><time>2026-05-13T03:37:34Z</time></trkpt>
<trkpt lat="33.0168286" lon="35.17218"><ele>151.9</ele><time>2026-05-13T03:37:35Z</time></trkpt>
<trkpt lat="33.0168492" lon="35.1722131"><ele>152.0</ele><time>2026-05-13T03:37:36Z</time></trkpt>
<trkpt lat="33.0168738" lon="35.1722453"><ele>152.1</ele><time>2026-05-13T03:37:37Z</time></trkpt>
<trkpt lat="33.0169023" lon="35.1722731"><ele>152.2</ele><time>2026-05-13T03:37:38Z</time></trkpt>
<trkpt lat="33.016934" lon="35.1722959"><ele>152.3</ele><time>2026-05-13T03:37:39Z</time></trkpt>
<trkpt lat="33.0169671" lon="35.1723145"><ele>152.3</ele><time>2026-05-13T03:37:40Z</time></trkpt>
<trkpt lat="33.0170008" lon="35.1723293"><ele>152.4</ele><time>2026-05-13T03:37:41Z</time></trkpt>
<trkpt lat="33.0170352" lon="35.1723399"><ele>152.4</ele><time>2026-05-13T03:37:42Z</time></trkpt>
<trkpt lat="33.0170721" lon="35.1723476"><ele>152.4</ele><time>2026-05-13T03:37:43Z</time></trkpt>
<trkpt lat="33.0171118" lon="35.1723515"><ele>152.4</ele><time>2026-05-13T03:37:44Z</time></trkpt>
<trkpt lat="33.0171521" lon="35.1723513"><ele>152.4</ele><time>2026-05-13T03:37:45Z</time></trkpt>
<trkpt lat="33.0171919" lon="35.172348"><ele>152.4</ele><time>2026-05-13T03:37:46Z</time></trkpt>
<trkpt lat="33.017231" lon="35.1723426"><ele>152.4</ele><time>2026-05-13T03:37:47Z</time></trkpt>
<trkpt lat="33.0172701" lon="35.1723359"><ele>152.3</ele><time>2026-05-13T03:37:48Z</time></trkpt>
<trkpt lat="33.0173098" lon="35.1723288"><ele>152.3</ele><time>2026-05-13T03:37:49Z</time></trkpt>
<trkpt lat="33.0173506" lon="35.1723218"><ele>152.2</ele><time>2026-05-13T03:37:50Z</time></trkpt>
<trkpt lat="33.0173918" lon="35.172315"><ele>152.1</ele><time>2026-05-13T03:37:51Z</time></trkpt>
<trkpt lat="33.0174329" lon="35.1723088"><ele>152.1</ele><time>2026-05-13T03:37:52Z</time></trkpt>
<trkpt lat="33.0174747" lon="35.1723032"><ele>152.0</ele><time>2026-05-13T03:37:53Z</time></trkpt>
<trkpt lat="33.0175164" lon="35.1722976"><ele>151.9</ele><time>2026-05-13T03:37:54Z</time></trkpt>
<trkpt lat="33.0175571" lon="35.1722911"><ele>151.9</ele><time>2026-05-13T03:37:55Z</time></trkpt>
<trkpt lat="33.0175962" lon="35.1722817"><ele>151.8</ele><time>2026-05-13T03:37:56Z</time></trkpt>
<trkpt lat="33.0176322" lon="35.1722669"><ele>151.7</ele><time>2026-05-13T03:37:57Z</time></trkpt>
<trkpt lat="33.0176639" lon="35.172245"><ele>151.7</ele><time>2026-05-13T03:37:58Z</time></trkpt>
<trkpt lat="33.0176903" lon="35.1722155"><ele>151.6</ele><time>2026-05-13T03:37:59Z</time></trkpt>
<trkpt lat="33.0177096" lon="35.1721792"><ele>151.6</ele><time>2026-05-13T03:38:00Z</time></trkpt>
<trkpt lat="33.0177218" lon="35.1721375"><ele>151.5</ele><time>2026-05-13T03:38:01Z</time></trkpt>
<trkpt lat="33.0177283" lon="35.1720937"><ele>151.5</ele><time>2026-05-13T03:38:02Z</time></trkpt>
<trkpt lat="33.0177304" lon="35.1720495"><ele>151.4</ele><time>2026-05-13T03:38:03Z</time></trkpt>
<trkpt lat="33.01773" lon="35.1720054"><ele>151.3</ele><time>2026-05-13T03:38:04Z</time></trkpt>
<trkpt lat="33.0177278" lon="35.1719608"><ele>151.3</ele><time>2026-05-13T03:38:05Z</time></trkpt>
<trkpt lat="33.0177242" lon="35.171914"><ele>151.2</ele><time>2026-05-13T03:38:06Z</time></trkpt>
<trkpt lat="33.0177198" lon="35.1718666"><ele>151.1</ele><time>2026-05-13T03:38:07Z</time></trkpt>
<trkpt lat="33.0177154" lon="35.1718196"><ele>151.0</ele><time>2026-05-13T03:38:08Z</time></trkpt>
<trkpt lat="33.0177116" lon="35.1717709"><ele>150.9</ele><time>2026-05-13T03:38:09Z</time></trkpt>
<trkpt lat="33.0177085" lon="35.1717193"><ele>150.9</ele><time>2026-05-13T03:38:10Z</time></trkpt>
<trkpt lat="33.0177064" lon="35.1716678"><ele>150.8</ele><time>2026-05-13T03:38:11Z</time></trkpt>
<trkpt lat="33.0177044" lon="35.1716177"><ele>150.7</ele><time>2026-05-13T03:38:12Z</time></trkpt>
<trkpt lat="33.0177023" lon="35.1715679"><ele>150.6</ele><time>2026-05-13T03:38:13Z</time></trkpt>
<trkpt lat="33.0177002" lon="35.1715176"><ele>150.5</ele><time>2026-05-13T03:38:14Z</time></trkpt>
<trkpt lat="33.0176979" lon="35.1714668"><ele>150.4</ele><time>2026-05-13T03:38:15Z</time></trkpt>
<trkpt lat="33.0176957" lon="35.1714162"><ele>150.4</ele><time>2026-05-13T03:38:16Z</time></trkpt>
<trkpt lat="33.0176934" lon="35.1713663"><ele>150.3</ele><time>2026-05-13T03:38:17Z</time></trkpt>
<trkpt lat="33.0176912" lon="35.1713161"><ele>150.3</ele><time>2026-05-13T03:38:18Z</time></trkpt>
<trkpt lat="33.0176892" lon="35.1712662"><ele>150.2</ele><time>2026-05-13T03:38:19Z</time></trkpt>
<trkpt lat="33.0176852" lon="35.1712177"><ele>150.2</ele><time>2026-05-13T03:38:20Z</time></trkpt>
<trkpt lat="33.0176774" lon="35.1711699"><ele>150.1</ele><time>2026-05-13T03:38:21Z</time></trkpt>
<trkpt lat="33.0176657" lon="35.1711231"><ele>150.1</ele><time>2026-05-13T03:38:22Z</time></trkpt>
<trkpt lat="33.0176494" lon="35.1710806"><ele>150.1</ele><time>2026-05-13T03:38:23Z</time></trkpt>
<trkpt lat="33.017628" lon="35.1710412"><ele>150.1</ele><time>2026-05-13T03:38:24Z</time></trkpt>
<trkpt lat="33.0176021" lon="35.1710009"><ele>150.1</ele><time>2026-05-13T03:38:25Z</time></trkpt>
<trkpt lat="33.0175745" lon="35.1709613"><ele>150.0</ele><time>2026-05-13T03:38:26Z</time></trkpt>
<trkpt lat="33.0175476" lon="35.1709247"><ele>150.0</ele><time>2026-05-13T03:38:27Z</time></trkpt>
<trkpt lat="33.017522" lon="35.1708898"><ele>150.0</ele><time>2026-05-13T03:38:28Z</time></trkpt>
<trkpt lat="33.017497" lon="35.1708548"><ele>149.9</ele><time>2026-05-13T03:38:29Z</time></trkpt>
<trkpt lat="33.0174728" lon="35.170818"><ele>149.8</ele><time>2026-05-13T03:38:30Z</time></trkpt>
<trkpt lat="33.0174497" lon="35.1707792"><ele>149.7</ele><time>2026-05-13T03:38:31Z</time></trkpt>
<trkpt lat="33.0174278" lon="35.170737"><ele>149.6</ele><time>2026-05-13T03:38:32Z</time></trkpt>
<trkpt lat="33.0174062" lon="35.1706881"><ele>149.5</ele><time>2026-05-13T03:38:33Z</time></trkpt>
<trkpt lat="33.0173837" lon="35.1706344"><ele>149.3</ele><time>2026-05-13T03:38:34Z</time></trkpt>
<trkpt lat="33.0173601" lon="35.1705805"><ele>149.2</ele><time>2026-05-13T03:38:35Z</time></trkpt>
<trkpt lat="33.0173359" lon="35.1705259"><ele>149.0</ele><time>2026-05-13T03:38:36Z</time></trkpt>
<trkpt lat="33.0173111" lon="35.1704703"><ele>148.7</ele><time>2026-05-13T03:38:37Z</time></trkpt>
<trkpt lat="33.0172856" lon="35.1704134"><ele>148.5</ele><time>2026-05-13T03:38:38Z</time></trkpt>
<trkpt lat="33.0172606" lon="35.170353"><ele>148.2</ele><time>2026-05-13T03:38:39Z</time></trkpt>
<trkpt lat="33.0172374" lon="35.170289"><ele>148.0</ele><time>2026-05-13T03:38:40Z</time></trkpt>
<trkpt lat="33.0172163" lon="35.1702233"><ele>147.7</ele><time>2026-05-13T03:38:41Z</time></trkpt>
<trkpt lat="33.0171976" lon="35.1701578"><ele>147.3</ele><time>2026-05-13T03:38:42Z</time></trkpt>
<trkpt lat="33.0171819" lon="35.1700936"><ele>147.0</ele><time>2026-05-13T03:38:43Z</time></trkpt>
<trkpt lat="33.0171695" lon="35.1700302"><ele>146.7</ele><time>2026-05-13T03:38:44Z</time></trkpt>
<trkpt lat="33.0171604" lon="35.1699668"><ele>146.3</ele><time>2026-05-13T03:38:45Z</time></trkpt>
<trkpt lat="33.0171543" lon="35.1699033"><ele>146.0</ele><time>2026-05-13T03:38:46Z</time></trkpt>
<trkpt lat="33.0171496" lon="35.1698391"><ele>145.6</ele><time>2026-05-13T03:38:47Z</time></trkpt>
<trkpt lat="33.0171459" lon="35.1697728"><ele>145.3</ele><time>2026-05-13T03:38:48Z</time></trkpt>
<trkpt lat="33.0171434" lon="35.1697036"><ele>144.9</ele><time>2026-05-13T03:38:49Z</time></trkpt>
<trkpt lat="33.0171419" lon="35.1696321"><ele>144.5</ele><time>2026-05-13T03:38:50Z</time></trkpt>
<trkpt lat="33.0171409" lon="35.1695581"><ele>144.1</ele><time>2026-05-13T03:38:51Z</time></trkpt>
<trkpt lat="33.0171409" lon="35.1694815"><ele>143.7</ele><time>2026-05-13T03:38:52Z</time></trkpt>
<trkpt lat="33.01714" lon="35.1694058"><ele>143.3</ele><time>2026-05-13T03:38:53Z</time></trkpt>
<trkpt lat="33.0171359" lon="35.1693315"><ele>142.9</ele><time>2026-05-13T03:38:54Z</time></trkpt>
<trkpt lat="33.0171305" lon="35.1692575"><ele>142.6</ele><time>2026-05-13T03:38:55Z</time></trkpt>
<trkpt lat="33.0171256" lon="35.1691848"><ele>142.2</ele><time>2026-05-13T03:38:56Z</time></trkpt>
<trkpt lat="33.0171222" lon="35.1691134"><ele>141.9</ele><time>2026-05-13T03:38:57Z</time></trkpt>
<trkpt lat="33.0171211" lon="35.169044"><ele>141.6</ele><time>2026-05-13T03:38:58Z</time></trkpt>
<trkpt lat="33.0171211" lon="35.1689764"><ele>141.3</ele><time>2026-05-13T03:38:59Z</time></trkpt>
<trkpt lat="33.0171211" lon="35.1689098"><ele>141.0</ele><time>2026-05-13T03:39:00Z</time></trkpt>
<trkpt lat="33.0171216" lon="35.1688439"><ele>140.7</ele><time>2026-05-13T03:39:01Z</time></trkpt>
<trkpt lat="33.0171242" lon="35.1687787"><ele>140.4</ele><time>2026-05-13T03:39:02Z</time></trkpt>
<trkpt lat="33.0171301" lon="35.1687144"><ele>140.2</ele><time>2026-05-13T03:39:03Z</time></trkpt>
<trkpt lat="33.01714" lon="35.168652"><ele>139.9</ele><time>2026-05-13T03:39:04Z</time></trkpt>
<trkpt lat="33.0171556" lon="35.1685928"><ele>139.6</ele><time>2026-05-13T03:39:05Z</time></trkpt>
<trkpt lat="33.0171782" lon="35.1685379"><ele>139.3</ele><time>2026-05-13T03:39:06Z</time></trkpt>
<trkpt lat="33.0172075" lon="35.168488"><ele>139.0</ele><time>2026-05-13T03:39:07Z</time></trkpt>
<trkpt lat="33.0172432" lon="35.1684439"><ele>138.7</ele><time>2026-05-13T03:39:08Z</time></trkpt>
<trkpt lat="33.0172838" lon="35.168404"><ele>138.4</ele><time>2026-05-13T03:39:09Z</time></trkpt>
<trkpt lat="33.0173272" lon="35.1683659"><ele>138.1</ele><time>2026-05-13T03:39:10Z</time></trkpt>
<trkpt lat="33.0173725" lon="35.1683286"><ele>137.8</ele><time>2026-05-13T03:39:11Z</time></trkpt>
<trkpt lat="33.0174189" lon="35.1682921"><ele>137.5</ele><time>2026-05-13T03:39:12Z</time></trkpt>
<trkpt lat="33.0174658" lon="35.168256"><ele>137.2</ele><time>2026-05-13T03:39:13Z</time></trkpt>
<trkpt lat="33.0175138" lon="35.1682205"><ele>136.8</ele><time>2026-05-13T03:39:14Z</time></trkpt>
<trkpt lat="33.0175645" lon="35.1681833"><ele>136.4</ele><time>2026-05-13T03:39:15Z</time></trkpt>
<trkpt lat="33.0176165" lon="35.1681449"><ele>136.1</ele><time>2026-05-13T03:39:16Z</time></trkpt>
<trkpt lat="33.0176676" lon="35.1681076"><ele>135.7</ele><time>2026-05-13T03:39:17Z</time></trkpt>
<trkpt lat="33.0177173" lon="35.168071"><ele>135.3</ele><time>2026-05-13T03:39:18Z</time></trkpt>
<trkpt lat="33.0177651" lon="35.1680345"><ele>134.9</ele><time>2026-05-13T03:39:19Z</time></trkpt>
<trkpt lat="33.017861" lon="35.1679073"><ele>133.9</ele><time>2026-05-13T03:39:22Z</time></trkpt>
<trkpt lat="33.0178787" lon="35.1678564"><ele>133.6</ele><time>2026-05-13T03:39:23Z</time></trkpt>
<trkpt lat="33.0178912" lon="35.1678043"><ele>133.2</ele><time>2026-05-13T03:39:24Z</time></trkpt>
<trkpt lat="33.0178986" lon="35.1677519"><ele>132.9</ele><time>2026-05-13T03:39:25Z</time></trkpt>
<trkpt lat="33.0179011" lon="35.1676478"><ele>132.2</ele><time>2026-05-13T03:39:26Z</time></trkpt>
<trkpt lat="33.0178976" lon="35.1675954"><ele>132.0</ele><time>2026-05-13T03:39:27Z</time></trkpt>
<trkpt lat="33.0178918" lon="35.1675441"><ele>131.7</ele><time>2026-05-13T03:39:28Z</time></trkpt>
<trkpt lat="33.0178862" lon="35.1674935"><ele>131.5</ele><time>2026-05-13T03:39:29Z</time></trkpt>
<trkpt lat="33.017883" lon="35.1674423"><ele>131.3</ele><time>2026-05-13T03:39:30Z</time></trkpt>
<trkpt lat="33.0178801" lon="35.1673908"><ele>131.2</ele><time>2026-05-13T03:39:31Z</time></trkpt>
<trkpt lat="33.017878" lon="35.1673392"><ele>131.0</ele><time>2026-05-13T03:39:32Z</time></trkpt>
<trkpt lat="33.0178776" lon="35.1672874"><ele>130.9</ele><time>2026-05-13T03:39:33Z</time></trkpt>
<trkpt lat="33.0178778" lon="35.1672354"><ele>130.8</ele><time>2026-05-13T03:39:34Z</time></trkpt>
<trkpt lat="33.0178776" lon="35.1671828"><ele>130.6</ele><time>2026-05-13T03:39:35Z</time></trkpt>
<trkpt lat="33.0178759" lon="35.1671297"><ele>130.5</ele><time>2026-05-13T03:39:36Z</time></trkpt>
<trkpt lat="33.0178733" lon="35.1670759"><ele>130.4</ele><time>2026-05-13T03:39:37Z</time></trkpt>
<trkpt lat="33.0178699" lon="35.1670213"><ele>130.3</ele><time>2026-05-13T03:39:38Z</time></trkpt>
<trkpt lat="33.0178654" lon="35.1669646"><ele>130.2</ele><time>2026-05-13T03:39:39Z</time></trkpt>
<trkpt lat="33.0178617" lon="35.1669085"><ele>130.1</ele><time>2026-05-13T03:39:40Z</time></trkpt>
<trkpt lat="33.0178601" lon="35.1668532"><ele>130.0</ele><time>2026-05-13T03:39:41Z</time></trkpt>
<trkpt lat="33.0178623" lon="35.1667997"><ele>129.9</ele><time>2026-05-13T03:39:42Z</time></trkpt>
<trkpt lat="33.0178692" lon="35.1667478"><ele>129.8</ele><time>2026-05-13T03:39:43Z</time></trkpt>
<trkpt lat="33.0178792" lon="35.1666978"><ele>129.7</ele><time>2026-05-13T03:39:44Z</time></trkpt>
<trkpt lat="33.0178916" lon="35.1666511"><ele>129.6</ele><time>2026-05-13T03:39:45Z</time></trkpt>
<trkpt lat="33.0179077" lon="35.1666117"><ele>129.5</ele><time>2026-05-13T03:39:46Z</time></trkpt>
<trkpt lat="33.0179291" lon="35.1665813"><ele>129.4</ele><time>2026-05-13T03:39:47Z</time></trkpt>
<trkpt lat="33.0179541" lon="35.1665571"><ele>129.3</ele><time>2026-05-13T03:39:48Z</time></trkpt>
<trkpt lat="33.0179823" lon="35.1665371"><ele>129.1</ele><time>2026-05-13T03:39:49Z</time></trkpt>
<trkpt lat="33.0180148" lon="35.1665211"><ele>129.0</ele><time>2026-05-13T03:39:50Z</time></trkpt>
<trkpt lat="33.0180497" lon="35.1665089"><ele>128.8</ele><time>2026-05-13T03:39:51Z</time></trkpt>
<trkpt lat="33.0180799" lon="35.1664985"><ele>128.7</ele><time>2026-05-13T03:39:52Z</time></trkpt>
<trkpt lat="33.0181058" lon="35.1664866"><ele>128.5</ele><time>2026-05-13T03:39:53Z</time></trkpt>
<trkpt lat="33.0181323" lon="35.1664701"><ele>128.3</ele><time>2026-05-13T03:39:54Z</time></trkpt>
<trkpt lat="33.0181598" lon="35.1664482"><ele>128.0</ele><time>2026-05-13T03:39:55Z</time></trkpt>
<trkpt lat="33.0181888" lon="35.1664232"><ele>127.8</ele><time>2026-05-13T03:39:56Z</time></trkpt>
<trkpt lat="33.0182191" lon="35.1663974"><ele>127.5</ele><time>2026-05-13T03:39:57Z</time></trkpt>
<trkpt lat="33.018253" lon="35.1663718"><ele>127.1</ele><time>2026-05-13T03:39:58Z</time></trkpt>
<trkpt lat="33.0182907" lon="35.1663462"><ele>126.7</ele><time>2026-05-13T03:39:59Z</time></trkpt>
<trkpt lat="33.0183299" lon="35.1663222"><ele>126.3</ele><time>2026-05-13T03:40:00Z</time></trkpt>
<trkpt lat="33.0183706" lon="35.1662994"><ele>125.9</ele><time>2026-05-13T03:40:01Z</time></trkpt>
<trkpt lat="33.0184111" lon="35.1662762"><ele>125.4</ele><time>2026-05-13T03:40:02Z</time></trkpt>
<trkpt lat="33.018449" lon="35.1662544"><ele>124.9</ele><time>2026-05-13T03:40:03Z</time></trkpt>
<trkpt lat="33.0184827" lon="35.1662344"><ele>124.4</ele><time>2026-05-13T03:40:04Z</time></trkpt>
<trkpt lat="33.018512" lon="35.1662157"><ele>123.9</ele><time>2026-05-13T03:40:05Z</time></trkpt>
<trkpt lat="33.0185375" lon="35.166199"><ele>123.4</ele><time>2026-05-13T03:40:06Z</time></trkpt>
<trkpt lat="33.0185582" lon="35.1661844"><ele>123.0</ele><time>2026-05-13T03:40:07Z</time></trkpt>
<trkpt lat="33.0185736" lon="35.1661707"><ele>122.5</ele><time>2026-05-13T03:40:08Z</time></trkpt>
<trkpt lat="33.0185842" lon="35.1661566"><ele>122.1</ele><time>2026-05-13T03:40:09Z</time></trkpt>
<trkpt lat="33.0185899" lon="35.1661404"><ele>121.8</ele><time>2026-05-13T03:40:10Z</time></trkpt>
<trkpt lat="33.0185915" lon="35.166121"><ele>121.5</ele><time>2026-05-13T03:40:11Z</time></trkpt>
<trkpt lat="33.0185894" lon="35.166099"><ele>121.2</ele><time>2026-05-13T03:40:12Z</time></trkpt>
<trkpt lat="33.0185836" lon="35.1660749"><ele>121.0</ele><time>2026-05-13T03:40:13Z</time></trkpt>
<trkpt lat="33.0185752" lon="35.166049"><ele>120.8</ele><time>2026-05-13T03:40:14Z</time></trkpt>
<trkpt lat="33.0185645" lon="35.166024"><ele>120.6</ele><time>2026-05-13T03:40:15Z</time></trkpt>
<trkpt lat="33.0185506" lon="35.1660022"><ele>120.5</ele><time>2026-05-13T03:40:16Z</time></trkpt>
<trkpt lat="33.0185321" lon="35.1659823"><ele>120.4</ele><time>2026-05-13T03:40:17Z</time></trkpt>
<trkpt lat="33.018509" lon="35.1659636"><ele>120.4</ele><time>2026-05-13T03:40:18Z</time></trkpt>
<trkpt lat="33.0184827" lon="35.1659466"><ele>120.3</ele><time>2026-05-13T03:40:19Z</time></trkpt>
<trkpt lat="33.0184556" lon="35.1659318"><ele>120.3</ele><time>2026-05-13T03:40:20Z</time></trkpt>
<trkpt lat="33.0184293" lon="35.1659186"><ele>120.4</ele><time>2026-05-13T03:40:21Z</time></trkpt>
<trkpt lat="33.0184044" lon="35.1659044"><ele>120.4</ele><time>2026-05-13T03:40:22Z</time></trkpt>
<trkpt lat="33.0183808" lon="35.1658869"><ele>120.5</ele><time>2026-05-13T03:40:23Z</time></trkpt>
<trkpt lat="33.018358" lon="35.1658655"><ele>120.6</ele><time>2026-05-13T03:40:24Z</time></trkpt>
<trkpt lat="33.0183358" lon="35.1658414"><ele>120.6</ele><time>2026-05-13T03:40:25Z</time></trkpt>
<trkpt lat="33.0183141" lon="35.1658168"><ele>120.7</ele><time>2026-05-13T03:40:26Z</time></trkpt>
<trkpt lat="33.018293" lon="35.1657936"><ele>120.8</ele><time>2026-05-13T03:40:27Z</time></trkpt>
<trkpt lat="33.0182733" lon="35.1657719"><ele>120.9</ele><time>2026-05-13T03:40:28Z</time></trkpt>
<trkpt lat="33.0182552" lon="35.1657507"><ele>121.0</ele><time>2026-05-13T03:40:29Z</time></trkpt>
<trkpt lat="33.0182391" lon="35.1657309"><ele>121.1</ele><time>2026-05-13T03:40:30Z</time></trkpt>
<trkpt lat="33.0182242" lon="35.1657114"><ele>121.2</ele><time>2026-05-13T03:40:31Z</time></trkpt>
<trkpt lat="33.018209" lon="35.1656898"><ele>121.2</ele><time>2026-05-13T03:40:32Z</time></trkpt>
<trkpt lat="33.0181943" lon="35.1656677"><ele>121.3</ele><time>2026-05-13T03:40:33Z</time></trkpt>
<trkpt lat="33.0181805" lon="35.1656458"><ele>121.4</ele><time>2026-05-13T03:40:34Z</time></trkpt>
<trkpt lat="33.0181663" lon="35.1656222"><ele>121.4</ele><time>2026-05-13T03:40:35Z</time></trkpt>
<trkpt lat="33.0181517" lon="35.1655963"><ele>121.5</ele><time>2026-05-13T03:40:36Z</time></trkpt>
<trkpt lat="33.0181373" lon="35.1655688"><ele>121.6</ele><time>2026-05-13T03:40:37Z</time></trkpt>
<trkpt lat="33.0181245" lon="35.1655417"><ele>121.6</ele><time>2026-05-13T03:40:38Z</time></trkpt>
<trkpt lat="33.018115" lon="35.1655161"><ele>121.6</ele><time>2026-05-13T03:40:39Z</time></trkpt>
<trkpt lat="33.0181074" lon="35.1654869"><ele>121.6</ele><time>2026-05-13T03:40:40Z</time></trkpt>
<trkpt lat="33.0181012" lon="35.1654519"><ele>121.6</ele><time>2026-05-13T03:40:41Z</time></trkpt>
<trkpt lat="33.0180974" lon="35.1654162"><ele>121.6</ele><time>2026-05-13T03:40:42Z</time></trkpt>
<trkpt lat="33.0180944" lon="35.1653794"><ele>121.5</ele><time>2026-05-13T03:40:43Z</time></trkpt>
<trkpt lat="33.0180903" lon="35.1653418"><ele>121.5</ele><time>2026-05-13T03:40:44Z</time></trkpt>
<trkpt lat="33.018085" lon="35.1653066"><ele>121.4</ele><time>2026-05-13T03:40:45Z</time></trkpt>
<trkpt lat="33.0180796" lon="35.1652702"><ele>121.3</ele><time>2026-05-13T03:40:46Z</time></trkpt>
<trkpt lat="33.0180751" lon="35.1652319"><ele>121.1</ele><time>2026-05-13T03:40:47Z</time></trkpt>
<trkpt lat="33.0180714" lon="35.1651938"><ele>121.0</ele><time>2026-05-13T03:40:48Z</time></trkpt>
<trkpt lat="33.0180678" lon="35.1651528"><ele>120.8</ele><time>2026-05-13T03:40:49Z</time></trkpt>
<trkpt lat="33.0180627" lon="35.1651072"><ele>120.6</ele><time>2026-05-13T03:40:50Z</time></trkpt>
<trkpt lat="33.0180545" lon="35.1650602"><ele>120.4</ele><time>2026-05-13T03:40:51Z</time></trkpt>
<trkpt lat="33.0180437" lon="35.1650147"><ele>120.1</ele><time>2026-05-13T03:40:52Z</time></trkpt>
<trkpt lat="33.0180308" lon="35.1649719"><ele>119.9</ele><time>2026-05-13T03:40:53Z</time></trkpt>
<trkpt lat="33.018016" lon="35.1649306"><ele>119.6</ele><time>2026-05-13T03:40:54Z</time></trkpt>
<trkpt lat="33.0180005" lon="35.1648893"><ele>119.4</ele><time>2026-05-13T03:40:55Z</time></trkpt>
<trkpt lat="33.0179865" lon="35.1648474"><ele>119.1</ele><time>2026-05-13T03:40:56Z</time></trkpt>
<trkpt lat="33.017974" lon="35.1648064"><ele>118.8</ele><time>2026-05-13T03:40:57Z</time></trkpt>
<trkpt lat="33.0179616" lon="35.1647648"><ele>118.6</ele><time>2026-05-13T03:40:58Z</time></trkpt>
<trkpt lat="33.0179478" lon="35.164721"><ele>118.3</ele><time>2026-05-13T03:40:59Z</time></trkpt>
<trkpt lat="33.0179315" lon="35.1646754"><ele>118.1</ele><time>2026-05-13T03:41:00Z</time></trkpt>
<trkpt lat="33.0179127" lon="35.1646292"><ele>117.8</ele><time>2026-05-13T03:41:01Z</time></trkpt>
<trkpt lat="33.0178929" lon="35.1645854"><ele>117.6</ele><time>2026-05-13T03:41:02Z</time></trkpt>
<trkpt lat="33.0178753" lon="35.1645453"><ele>117.3</ele><time>2026-05-13T03:41:03Z</time></trkpt>
<trkpt lat="33.0178614" lon="35.1645077"><ele>117.1</ele><time>2026-05-13T03:41:04Z</time></trkpt>
<trkpt lat="33.0178499" lon="35.1644695"><ele>116.9</ele><time>2026-05-13T03:41:05Z</time></trkpt>
<trkpt lat="33.0178382" lon="35.164429"><ele>116.6</ele><time>2026-05-13T03:41:06Z</time></trkpt>
<trkpt lat="33.0178248" lon="35.1643887"><ele>116.4</ele><time>2026-05-13T03:41:07Z</time></trkpt>
<trkpt lat="33.0178106" lon="35.1643512"><ele>116.2</ele><time>2026-05-13T03:41:08Z</time></trkpt>
<trkpt lat="33.0177965" lon="35.1643166"><ele>116.0</ele><time>2026-05-13T03:41:09Z</time></trkpt>
<trkpt lat="33.0177823" lon="35.1642837"><ele>115.9</ele><time>2026-05-13T03:41:10Z</time></trkpt>
<trkpt lat="33.0177678" lon="35.1642511"><ele>115.8</ele><time>2026-05-13T03:41:11Z</time></trkpt>
<trkpt lat="33.0177528" lon="35.1642194"><ele>115.7</ele><time>2026-05-13T03:41:12Z</time></trkpt>
<trkpt lat="33.0177362" lon="35.164188"><ele>115.6</ele><time>2026-05-13T03:41:13Z</time></trkpt>
<trkpt lat="33.0177196" lon="35.1641574"><ele>115.6</ele><time>2026-05-13T03:41:14Z</time></trkpt>
<trkpt lat="33.0177051" lon="35.1641277"><ele>115.6</ele><time>2026-05-13T03:41:15Z</time></trkpt>
<trkpt lat="33.0176923" lon="35.164097"><ele>115.6</ele><time>2026-05-13T03:41:16Z</time></trkpt>
<trkpt lat="33.0176804" lon="35.1640644"><ele>115.6</ele><time>2026-05-13T03:41:17Z</time></trkpt>
<trkpt lat="33.0176687" lon="35.1640291"><ele>115.6</ele><time>2026-05-13T03:41:18Z</time></trkpt>
<trkpt lat="33.017657" lon="35.1639917"><ele>115.6</ele><time>2026-05-13T03:41:19Z</time></trkpt>
<trkpt lat="33.0176461" lon="35.1639529"><ele>115.6</ele><time>2026-05-13T03:41:20Z</time></trkpt>
<trkpt lat="33.0176352" lon="35.1639125"><ele>115.6</ele><time>2026-05-13T03:41:21Z</time></trkpt>
<trkpt lat="33.017623" lon="35.1638706"><ele>115.5</ele><time>2026-05-13T03:41:22Z</time></trkpt>
<trkpt lat="33.0176092" lon="35.1638295"><ele>115.4</ele><time>2026-05-13T03:41:23Z</time></trkpt>
<trkpt lat="33.017595" lon="35.1637912"><ele>115.3</ele><time>2026-05-13T03:41:24Z</time></trkpt>
<trkpt lat="33.0175807" lon="35.1637544"><ele>115.2</ele><time>2026-05-13T03:41:25Z</time></trkpt>
<trkpt lat="33.0175659" lon="35.1637163"><ele>115.1</ele><time>2026-05-13T03:41:26Z</time></trkpt>
<trkpt lat="33.0175496" lon="35.1636743"><ele>115.0</ele><time>2026-05-13T03:41:27Z</time></trkpt>
<trkpt lat="33.0175319" lon="35.1636294"><ele>114.9</ele><time>2026-05-13T03:41:28Z</time></trkpt>
<trkpt lat="33.0175145" lon="35.1635854"><ele>114.8</ele><time>2026-05-13T03:41:29Z</time></trkpt>
<trkpt lat="33.0174986" lon="35.1635434"><ele>114.7</ele><time>2026-05-13T03:41:30Z</time></trkpt>
<trkpt lat="33.0174841" lon="35.1635026"><ele>114.6</ele><time>2026-05-13T03:41:31Z</time></trkpt>
<trkpt lat="33.0174703" lon="35.1634612"><ele>114.5</ele><time>2026-05-13T03:41:32Z</time></trkpt>
<trkpt lat="33.0174564" lon="35.1634189"><ele>114.4</ele><time>2026-05-13T03:41:33Z</time></trkpt>
<trkpt lat="33.0174423" lon="35.1633767"><ele>114.3</ele><time>2026-05-13T03:41:34Z</time></trkpt>
<trkpt lat="33.017428" lon="35.1633344"><ele>114.2</ele><time>2026-05-13T03:41:35Z</time></trkpt>
<trkpt lat="33.0174141" lon="35.1632923"><ele>114.1</ele><time>2026-05-13T03:41:36Z</time></trkpt>
<trkpt lat="33.0173998" lon="35.1632478"><ele>114.0</ele><time>2026-05-13T03:41:37Z</time></trkpt>
<trkpt lat="33.0173846" lon="35.1631983"><ele>113.9</ele><time>2026-05-13T03:41:38Z</time></trkpt>
<trkpt lat="33.0173687" lon="35.1631452"><ele>113.8</ele><time>2026-05-13T03:41:39Z</time></trkpt>
<trkpt lat="33.0173528" lon="35.163091"><ele>113.7</ele><time>2026-05-13T03:41:40Z</time></trkpt>
<trkpt lat="33.0173369" lon="35.1630357"><ele>113.6</ele><time>2026-05-13T03:41:41Z</time></trkpt>
<trkpt lat="33.0173192" lon="35.1629798"><ele>113.5</ele><time>2026-05-13T03:41:42Z</time></trkpt>
<trkpt lat="33.0172993" lon="35.162926"><ele>113.4</ele><time>2026-05-13T03:41:43Z</time></trkpt>
<trkpt lat="33.0172781" lon="35.1628752"><ele>113.2</ele><time>2026-05-13T03:41:44Z</time></trkpt>
<trkpt lat="33.0172567" lon="35.1628253"><ele>113.2</ele><time>2026-05-13T03:41:45Z</time></trkpt>
<trkpt lat="33.0172357" lon="35.1627752"><ele>113.1</ele><time>2026-05-13T03:41:46Z</time></trkpt>
<trkpt lat="33.0172144" lon="35.1627255"><ele>113.0</ele><time>2026-05-13T03:41:47Z</time></trkpt>
<trkpt lat="33.0171927" lon="35.1626784"><ele>113.0</ele><time>2026-05-13T03:41:48Z</time></trkpt>
<trkpt lat="33.017173" lon="35.1626355"><ele>113.0</ele><time>2026-05-13T03:41:49Z</time></trkpt>
<trkpt lat="33.0171556" lon="35.1625932"><ele>113.0</ele><time>2026-05-13T03:41:50Z</time></trkpt>
<trkpt lat="33.0171387" lon="35.1625486"><ele>113.0</ele><time>2026-05-13T03:41:51Z</time></trkpt>
<trkpt lat="33.0171225" lon="35.1625039"><ele>113.1</ele><time>2026-05-13T03:41:52Z</time></trkpt>
<trkpt lat="33.0171067" lon="35.1624605"><ele>113.1</ele><time>2026-05-13T03:41:53Z</time></trkpt>
<trkpt lat="33.01709" lon="35.1624174"><ele>113.1</ele><time>2026-05-13T03:41:54Z</time></trkpt>
<trkpt lat="33.0170717" lon="35.1623737"><ele>113.1</ele><time>2026-05-13T03:41:55Z</time></trkpt>
<trkpt lat="33.0170538" lon="35.1623297"><ele>113.1</ele><time>2026-05-13T03:41:56Z</time></trkpt>
<trkpt lat="33.0170373" lon="35.1622867"><ele>113.1</ele><time>2026-05-13T03:41:57Z</time></trkpt>
<trkpt lat="33.0170224" lon="35.1622458"><ele>113.1</ele><time>2026-05-13T03:41:58Z</time></trkpt>
<trkpt lat="33.0170082" lon="35.1622054"><ele>113.1</ele><time>2026-05-13T03:41:59Z</time></trkpt>
<trkpt lat="33.0169943" lon="35.1621649"><ele>113.1</ele><time>2026-05-13T03:42:00Z</time></trkpt>
<trkpt lat="33.0169811" lon="35.1621236"><ele>113.1</ele><time>2026-05-13T03:42:01Z</time></trkpt>
<trkpt lat="33.0169681" lon="35.1620802"><ele>113.0</ele><time>2026-05-13T03:42:02Z</time></trkpt>
<trkpt lat="33.0169556" lon="35.1620345"><ele>113.0</ele><time>2026-05-13T03:42:03Z</time></trkpt>
<trkpt lat="33.0169413" lon="35.1619838"><ele>112.9</ele><time>2026-05-13T03:42:04Z</time></trkpt>
<trkpt lat="33.0169225" lon="35.1619256"><ele>112.8</ele><time>2026-05-13T03:42:05Z</time></trkpt>
<trkpt lat="33.0169009" lon="35.1618626"><ele>112.7</ele><time>2026-05-13T03:42:06Z</time></trkpt>
<trkpt lat="33.016878" lon="35.1617981"><ele>112.5</ele><time>2026-05-13T03:42:07Z</time></trkpt>
<trkpt lat="33.0168541" lon="35.1617333"><ele>112.4</ele><time>2026-05-13T03:42:08Z</time></trkpt>
<trkpt lat="33.0168309" lon="35.1616684"><ele>112.2</ele><time>2026-05-13T03:42:09Z</time></trkpt>
<trkpt lat="33.0168095" lon="35.1616032"><ele>111.9</ele><time>2026-05-13T03:42:10Z</time></trkpt>
<trkpt lat="33.0167902" lon="35.1615374"><ele>111.7</ele><time>2026-05-13T03:42:11Z</time></trkpt>
<trkpt lat="33.0167718" lon="35.161471"><ele>111.4</ele><time>2026-05-13T03:42:12Z</time></trkpt>
<trkpt lat="33.0167531" lon="35.1614058"><ele>111.2</ele><time>2026-05-13T03:42:13Z</time></trkpt>
<trkpt lat="33.016733" lon="35.1613421"><ele>110.9</ele><time>2026-05-13T03:42:14Z</time></trkpt>
<trkpt lat="33.0167114" lon="35.1612792"><ele>110.6</ele><time>2026-05-13T03:42:15Z</time></trkpt>
<trkpt lat="33.0166886" lon="35.161216"><ele>110.2</ele><time>2026-05-13T03:42:16Z</time></trkpt>
<trkpt lat="33.0166642" lon="35.1611499"><ele>109.9</ele><time>2026-05-13T03:42:17Z</time></trkpt>
<trkpt lat="33.0166383" lon="35.1610802"><ele>109.6</ele><time>2026-05-13T03:42:18Z</time></trkpt>
<trkpt lat="33.0166122" lon="35.161009"><ele>109.3</ele><time>2026-05-13T03:42:19Z</time></trkpt>
<trkpt lat="33.0165875" lon="35.1609398"><ele>108.9</ele><time>2026-05-13T03:42:20Z</time></trkpt>
<trkpt lat="33.0165658" lon="35.1608761"><ele>108.6</ele><time>2026-05-13T03:42:21Z</time></trkpt>
<trkpt lat="33.0165484" lon="35.1608198"><ele>108.2</ele><time>2026-05-13T03:42:22Z</time></trkpt>
<trkpt lat="33.0165346" lon="35.1607708"><ele>107.9</ele><time>2026-05-13T03:42:23Z</time></trkpt>
<trkpt lat="33.0165231" lon="35.1607268"><ele>107.5</ele><time>2026-05-13T03:42:24Z</time></trkpt>
<trkpt lat="33.0165115" lon="35.1606847"><ele>107.2</ele><time>2026-05-13T03:42:25Z</time></trkpt>
<trkpt lat="33.0164976" lon="35.1606422"><ele>106.9</ele><time>2026-05-13T03:42:26Z</time></trkpt>
<trkpt lat="33.0164807" lon="35.1605991"><ele>106.6</ele><time>2026-05-13T03:42:27Z</time></trkpt>
<trkpt lat="33.0164621" lon="35.1605572"><ele>106.3</ele><time>2026-05-13T03:42:28Z</time></trkpt>
<trkpt lat="33.016443" lon="35.1605186"><ele>106.1</ele><time>2026-05-13T03:42:29Z</time></trkpt>
<trkpt lat="33.0164244" lon="35.1604831"><ele>105.9</ele><time>2026-05-13T03:42:30Z</time></trkpt>
<trkpt lat="33.0164072" lon="35.1604491"><ele>105.7</ele><time>2026-05-13T03:42:31Z</time></trkpt>
<trkpt lat="33.0163921" lon="35.1604152"><ele>105.6</ele><time>2026-05-13T03:42:32Z</time></trkpt>
<trkpt lat="33.0163793" lon="35.1603812"><ele>105.5</ele><time>2026-05-13T03:42:33Z</time></trkpt>
<trkpt lat="33.0163674" lon="35.1603462"><ele>105.5</ele><time>2026-05-13T03:42:34Z</time></trkpt>
<trkpt lat="33.0163544" lon="35.1603104"><ele>105.4</ele><time>2026-05-13T03:42:35Z</time></trkpt>
<trkpt lat="33.0163409" lon="35.1602751"><ele>105.4</ele><time>2026-05-13T03:42:36Z</time></trkpt>
<trkpt lat="33.0163289" lon="35.16024"><ele>105.3</ele><time>2026-05-13T03:42:37Z</time></trkpt>
<trkpt lat="33.0163197" lon="35.1602047"><ele>105.3</ele><time>2026-05-13T03:42:38Z</time></trkpt>
<trkpt lat="33.0163131" lon="35.1601696"><ele>105.2</ele><time>2026-05-13T03:42:39Z</time></trkpt>
<trkpt lat="33.0163082" lon="35.1601367"><ele>105.1</ele><time>2026-05-13T03:42:40Z</time></trkpt>
<trkpt lat="33.016306" lon="35.1601082"><ele>104.9</ele><time>2026-05-13T03:42:41Z</time></trkpt>
<trkpt lat="33.0163083" lon="35.1600836"><ele>104.7</ele><time>2026-05-13T03:42:42Z</time></trkpt>
<trkpt lat="33.0163156" lon="35.1600586"><ele>104.5</ele><time>2026-05-13T03:42:43Z</time></trkpt>
<trkpt lat="33.0163278" lon="35.1600289"><ele>104.2</ele><time>2026-05-13T03:42:44Z</time></trkpt>
<trkpt lat="33.0163421" lon="35.1599948"><ele>103.8</ele><time>2026-05-13T03:42:45Z</time></trkpt>
<trkpt lat="33.0163559" lon="35.1599572"><ele>103.4</ele><time>2026-05-13T03:42:46Z</time></trkpt>
<trkpt lat="33.016368" lon="35.1599181"><ele>103.0</ele><time>2026-05-13T03:42:47Z</time></trkpt>
<trkpt lat="33.0163782" lon="35.1598793"><ele>102.4</ele><time>2026-05-13T03:42:48Z</time></trkpt>
<trkpt lat="33.0163874" lon="35.1598403"><ele>101.9</ele><time>2026-05-13T03:42:49Z</time></trkpt>
<trkpt lat="33.0163969" lon="35.1598009"><ele>101.3</ele><time>2026-05-13T03:42:50Z</time></trkpt>
<trkpt lat="33.0164072" lon="35.1597603"><ele>100.7</ele><time>2026-05-13T03:42:51Z</time></trkpt>
<trkpt lat="33.0164162" lon="35.1597192"><ele>100.1</ele><time>2026-05-13T03:42:52Z</time></trkpt>
<trkpt lat="33.0164214" lon="35.1596799"><ele>99.4</ele><time>2026-05-13T03:42:53Z</time></trkpt>
<trkpt lat="33.0164225" lon="35.1596419"><ele>98.8</ele><time>2026-05-13T03:42:54Z</time></trkpt>
<trkpt lat="33.0164214" lon="35.1596032"><ele>98.3</ele><time>2026-05-13T03:42:55Z</time></trkpt>
<trkpt lat="33.0164197" lon="35.1595647"><ele>97.8</ele><time>2026-05-13T03:42:56Z</time></trkpt>
<trkpt lat="33.0164186" lon="35.1595286"><ele>97.3</ele><time>2026-05-13T03:42:57Z</time></trkpt>
<trkpt lat="33.0164193" lon="35.1594943"><ele>96.8</ele><time>2026-05-13T03:42:58Z</time></trkpt>
<trkpt lat="33.0164204" lon="35.1594612"><ele>96.4</ele><time>2026-05-13T03:42:59Z</time></trkpt>
<trkpt lat="33.0164188" lon="35.1594275"><ele>96.1</ele><time>2026-05-13T03:43:00Z</time></trkpt>
<trkpt lat="33.0164136" lon="35.1593905"><ele>95.7</ele><time>2026-05-13T03:43:01Z</time></trkpt>
<trkpt lat="33.0164065" lon="35.1593496"><ele>95.4</ele><time>2026-05-13T03:43:02Z</time></trkpt>
<trkpt lat="33.0164004" lon="35.1593069"><ele>95.1</ele><time>2026-05-13T03:43:03Z</time></trkpt>
<trkpt lat="33.0163965" lon="35.1592645"><ele>94.8</ele><time>2026-05-13T03:43:04Z</time></trkpt>
<trkpt lat="33.016393" lon="35.1592213"><ele>94.4</ele><time>2026-05-13T03:43:05Z</time></trkpt>
<trkpt lat="33.0163905" lon="35.1591763"><ele>94.1</ele><time>2026-05-13T03:43:06Z</time></trkpt>
<trkpt lat="33.0163899" lon="35.1591308"><ele>93.7</ele><time>2026-05-13T03:43:07Z</time></trkpt>
<trkpt lat="33.016391" lon="35.1590861"><ele>93.3</ele><time>2026-05-13T03:43:08Z</time></trkpt>
<trkpt lat="33.0163924" lon="35.1590425"><ele>92.9</ele><time>2026-05-13T03:43:09Z</time></trkpt>
<trkpt lat="33.0163932" lon="35.1590001"><ele>92.4</ele><time>2026-05-13T03:43:10Z</time></trkpt>
<trkpt lat="33.0163926" lon="35.1589593"><ele>92.0</ele><time>2026-05-13T03:43:11Z</time></trkpt>
<trkpt lat="33.0163909" lon="35.1589184"><ele>91.6</ele><time>2026-05-13T03:43:12Z</time></trkpt>
<trkpt lat="33.0163885" lon="35.1588774"><ele>91.1</ele><time>2026-05-13T03:43:13Z</time></trkpt>
<trkpt lat="33.0163845" lon="35.1588381"><ele>90.7</ele><time>2026-05-13T03:43:14Z</time></trkpt>
<trkpt lat="33.0163782" lon="35.1588004"><ele>90.3</ele><time>2026-05-13T03:43:15Z</time></trkpt>
<trkpt lat="33.0163688" lon="35.1587645"><ele>90.0</ele><time>2026-05-13T03:43:16Z</time></trkpt>
<trkpt lat="33.0163557" lon="35.1587289"><ele>89.7</ele><time>2026-05-13T03:43:17Z</time></trkpt>
<trkpt lat="33.0163393" lon="35.1586919"><ele>89.4</ele><time>2026-05-13T03:43:18Z</time></trkpt>
<trkpt lat="33.0163216" lon="35.1586546"><ele>89.2</ele><time>2026-05-13T03:43:19Z</time></trkpt>
<trkpt lat="33.0163041" lon="35.158619"><ele>89.0</ele><time>2026-05-13T03:43:20Z</time></trkpt>
<trkpt lat="33.0162884" lon="35.158586"><ele>88.8</ele><time>2026-05-13T03:43:21Z</time></trkpt>
<trkpt lat="33.0162747" lon="35.1585569"><ele>88.7</ele><time>2026-05-13T03:43:22Z</time></trkpt>
<trkpt lat="33.0162613" lon="35.1585284"><ele>88.6</ele><time>2026-05-13T03:43:23Z</time></trkpt>
<trkpt lat="33.0162476" lon="35.1584976"><ele>88.6</ele><time>2026-05-13T03:43:24Z</time></trkpt>
<trkpt lat="33.0162342" lon="35.1584667"><ele>88.5</ele><time>2026-05-13T03:43:25Z</time></trkpt>
<trkpt lat="33.0162213" lon="35.1584361"><ele>88.5</ele><time>2026-05-13T03:43:26Z</time></trkpt>
<trkpt lat="33.0162086" lon="35.1584048"><ele>88.5</ele><time>2026-05-13T03:43:27Z</time></trkpt>
<trkpt lat="33.0161963" lon="35.1583724"><ele>88.5</ele><time>2026-05-13T03:43:28Z</time></trkpt>
<trkpt lat="33.0161841" lon="35.1583382"><ele>88.4</ele><time>2026-05-13T03:43:29Z</time></trkpt>
<trkpt lat="33.016173" lon="35.1583027"><ele>88.4</ele><time>2026-05-13T03:43:30Z</time></trkpt>
<trkpt lat="33.0161636" lon="35.1582681"><ele>88.4</ele><time>2026-05-13T03:43:31Z</time></trkpt>
<trkpt lat="33.0161548" lon="35.1582345"><ele>88.3</ele><time>2026-05-13T03:43:32Z</time></trkpt>
<trkpt lat="33.016146" lon="35.1582018"><ele>88.2</ele><time>2026-05-13T03:43:33Z</time></trkpt>
<trkpt lat="33.0161382" lon="35.1581706"><ele>88.1</ele><time>2026-05-13T03:43:34Z</time></trkpt>
<trkpt lat="33.0161322" lon="35.1581408"><ele>88.0</ele><time>2026-05-13T03:43:35Z</time></trkpt>
<trkpt lat="33.0161275" lon="35.1581102"><ele>87.8</ele><time>2026-05-13T03:43:36Z</time></trkpt>
<trkpt lat="33.0161225" lon="35.1580757"><ele>87.7</ele><time>2026-05-13T03:43:37Z</time></trkpt>
<trkpt lat="33.0161168" lon="35.1580345"><ele>87.5</ele><time>2026-05-13T03:43:38Z</time></trkpt>
<trkpt lat="33.0161103" lon="35.1579856"><ele>87.3</ele><time>2026-05-13T03:43:39Z</time></trkpt>
<trkpt lat="33.0161024" lon="35.1579302"><ele>87.1</ele><time>2026-05-13T03:43:40Z</time></trkpt>
<trkpt lat="33.0160927" lon="35.1578723"><ele>86.9</ele><time>2026-05-13T03:43:41Z</time></trkpt>
<trkpt lat="33.0160816" lon="35.1578159"><ele>86.7</ele><time>2026-05-13T03:43:42Z</time></trkpt>
<trkpt lat="33.0160693" lon="35.1577617"><ele>86.5</ele><time>2026-05-13T03:43:43Z</time></trkpt>
<trkpt lat="33.0160564" lon="35.1577086"><ele>86.2</ele><time>2026-05-13T03:43:44Z</time></trkpt>
<trkpt lat="33.0160444" lon="35.157657"><ele>86.0</ele><time>2026-05-13T03:43:45Z</time></trkpt>
<trkpt lat="33.016035" lon="35.1576077"><ele>85.8</ele><time>2026-05-13T03:43:46Z</time></trkpt>
<trkpt lat="33.0160292" lon="35.1575607"><ele>85.6</ele><time>2026-05-13T03:43:47Z</time></trkpt>
<trkpt lat="33.0160268" lon="35.1575149"><ele>85.4</ele><time>2026-05-13T03:43:48Z</time></trkpt>
<trkpt lat="33.0160249" lon="35.1574708"><ele>85.3</ele><time>2026-05-13T03:43:49Z</time></trkpt>
<trkpt lat="33.0160211" lon="35.1574293"><ele>85.2</ele><time>2026-05-13T03:43:50Z</time></trkpt>
<trkpt lat="33.0160156" lon="35.1573892"><ele>85.0</ele><time>2026-05-13T03:43:51Z</time></trkpt>
<trkpt lat="33.0160091" lon="35.157351"><ele>84.9</ele><time>2026-05-13T03:43:52Z</time></trkpt>
<trkpt lat="33.0160021" lon="35.1573158"><ele>84.8</ele><time>2026-05-13T03:43:53Z</time></trkpt>
<trkpt lat="33.0159939" lon="35.1572841"><ele>84.7</ele><time>2026-05-13T03:43:54Z</time></trkpt>
<trkpt lat="33.0159835" lon="35.1572528"><ele>84.7</ele><time>2026-05-13T03:43:55Z</time></trkpt>
<trkpt lat="33.0159712" lon="35.1572185"><ele>84.6</ele><time>2026-05-13T03:43:56Z</time></trkpt>
<trkpt lat="33.0159589" lon="35.1571802"><ele>84.6</ele><time>2026-05-13T03:43:57Z</time></trkpt>
<trkpt lat="33.0159481" lon="35.157138"><ele>84.5</ele><time>2026-05-13T03:43:58Z</time></trkpt>
<trkpt lat="33.0159388" lon="35.1570921"><ele>84.4</ele><time>2026-05-13T03:43:59Z</time></trkpt>
<trkpt lat="33.0159302" lon="35.1570434"><ele>84.4</ele><time>2026-05-13T03:44:00Z</time></trkpt>
<trkpt lat="33.0159226" lon="35.1569944"><ele>84.3</ele><time>2026-05-13T03:44:01Z</time></trkpt>
<trkpt lat="33.0159163" lon="35.1569454"><ele>84.3</ele><time>2026-05-13T03:44:02Z</time></trkpt>
<trkpt lat="33.0159117" lon="35.1568973"><ele>84.2</ele><time>2026-05-13T03:44:03Z</time></trkpt>
<trkpt lat="33.0159083" lon="35.1568504"><ele>84.2</ele><time>2026-05-13T03:44:04Z</time></trkpt>
<trkpt lat="33.0159059" lon="35.1568047"><ele>84.1</ele><time>2026-05-13T03:44:05Z</time></trkpt>
<trkpt lat="33.0159042" lon="35.1567606"><ele>84.1</ele><time>2026-05-13T03:44:06Z</time></trkpt>
<trkpt lat="33.0159028" lon="35.1567181"><ele>84.0</ele><time>2026-05-13T03:44:07Z</time></trkpt>
<trkpt lat="33.0159018" lon="35.1566758"><ele>84.0</ele><time>2026-05-13T03:44:08Z</time></trkpt>
<trkpt lat="33.0159013" lon="35.1566335"><ele>83.9</ele><time>2026-05-13T03:44:09Z</time></trkpt>
<trkpt lat="33.0159026" lon="35.1565919"><ele>83.9</ele><time>2026-05-13T03:44:10Z</time></trkpt>
<trkpt lat="33.0159073" lon="35.1565535"><ele>83.8</ele><time>2026-05-13T03:44:11Z</time></trkpt>
<trkpt lat="33.0159157" lon="35.1565194"><ele>83.8</ele><time>2026-05-13T03:44:12Z</time></trkpt>
<trkpt lat="33.015928" lon="35.1564894"><ele>83.8</ele><time>2026-05-13T03:44:13Z</time></trkpt>
<trkpt lat="33.0159444" lon="35.1564654"><ele>83.7</ele><time>2026-05-13T03:44:14Z</time></trkpt>
<trkpt lat="33.0159645" lon="35.1564479"><ele>83.7</ele><time>2026-05-13T03:44:15Z</time></trkpt>
<trkpt lat="33.0159859" lon="35.156436"><ele>83.6</ele><time>2026-05-13T03:44:16Z</time></trkpt>
<trkpt lat="33.0160055" lon="35.1564284"><ele>83.6</ele><time>2026-05-13T03:44:17Z</time></trkpt>
<trkpt lat="33.0160255" lon="35.1564232"><ele>83.5</ele><time>2026-05-13T03:44:18Z</time></trkpt>
<trkpt lat="33.0160479" lon="35.1564186"><ele>83.5</ele><time>2026-05-13T03:44:19Z</time></trkpt>
<trkpt lat="33.0160709" lon="35.1564123"><ele>83.5</ele><time>2026-05-13T03:44:20Z</time></trkpt>
<trkpt lat="33.0160938" lon="35.1564042"><ele>83.4</ele><time>2026-05-13T03:44:21Z</time></trkpt>
<trkpt lat="33.0161165" lon="35.1563945"><ele>83.4</ele><time>2026-05-13T03:44:22Z</time></trkpt>
<trkpt lat="33.0161398" lon="35.156381"><ele>83.4</ele><time>2026-05-13T03:44:23Z</time></trkpt>
<trkpt lat="33.0161617" lon="35.1563627"><ele>83.4</ele><time>2026-05-13T03:44:24Z</time></trkpt>
<trkpt lat="33.0161782" lon="35.1563404"><ele>83.4</ele><time>2026-05-13T03:44:25Z</time></trkpt>
<trkpt lat="33.01619" lon="35.1563146"><ele>83.4</ele><time>2026-05-13T03:44:26Z</time></trkpt>
<trkpt lat="33.0161996" lon="35.1562847"><ele>83.4</ele><time>2026-05-13T03:44:27Z</time></trkpt>
<trkpt lat="33.0162078" lon="35.1562506"><ele>83.4</ele><time>2026-05-13T03:44:28Z</time></trkpt>
<trkpt lat="33.0162121" lon="35.156215"><ele>83.4</ele><time>2026-05-13T03:44:29Z</time></trkpt>
<trkpt lat="33.0162114" lon="35.1561797"><ele>83.4</ele><time>2026-05-13T03:44:30Z</time></trkpt>
<trkpt lat="33.0162079" lon="35.1561462"><ele>83.4</ele><time>2026-05-13T03:44:31Z</time></trkpt>
<trkpt lat="33.0162038" lon="35.1561166"><ele>83.5</ele><time>2026-05-13T03:44:32Z</time></trkpt>
<trkpt lat="33.0162002" lon="35.1560887"><ele>83.5</ele><time>2026-05-13T03:44:33Z</time></trkpt>
<trkpt lat="33.0161968" lon="35.1560607"><ele>83.5</ele><time>2026-05-13T03:44:34Z</time></trkpt>
<trkpt lat="33.0161929" lon="35.1560313"><ele>83.5</ele><time>2026-05-13T03:44:35Z</time></trkpt>
<trkpt lat="33.0161887" lon="35.1559995"><ele>83.5</ele><time>2026-05-13T03:44:36Z</time></trkpt>
<trkpt lat="33.0161843" lon="35.1559661"><ele>83.5</ele><time>2026-05-13T03:44:37Z</time></trkpt>
<trkpt lat="33.0161798" lon="35.1559316"><ele>83.4</ele><time>2026-05-13T03:44:38Z</time></trkpt>
<trkpt lat="33.016175" lon="35.1558964"><ele>83.4</ele><time>2026-05-13T03:44:39Z</time></trkpt>
<trkpt lat="33.0161693" lon="35.1558613"><ele>83.3</ele><time>2026-05-13T03:44:40Z</time></trkpt>
<trkpt lat="33.0161626" lon="35.155826"><ele>83.3</ele><time>2026-05-13T03:44:41Z</time></trkpt>
<trkpt lat="33.0161554" lon="35.1557901"><ele>83.2</ele><time>2026-05-13T03:44:42Z</time></trkpt>
<trkpt lat="33.0161477" lon="35.1557537"><ele>83.2</ele><time>2026-05-13T03:44:43Z</time></trkpt>
<trkpt lat="33.0161396" lon="35.1557173"><ele>83.1</ele><time>2026-05-13T03:44:44Z</time></trkpt>
<trkpt lat="33.0161312" lon="35.155681"><ele>83.0</ele><time>2026-05-13T03:44:45Z</time></trkpt>
<trkpt lat="33.0161229" lon="35.1556445"><ele>83.0</ele><time>2026-05-13T03:44:46Z</time></trkpt>
<trkpt lat="33.0161149" lon="35.1556076"><ele>82.9</ele><time>2026-05-13T03:44:47Z</time></trkpt>
<trkpt lat="33.0161071" lon="35.1555705"><ele>82.9</ele><time>2026-05-13T03:44:48Z</time></trkpt>
<trkpt lat="33.0160993" lon="35.1555337"><ele>82.8</ele><time>2026-05-13T03:44:49Z</time></trkpt>
<trkpt lat="33.0160918" lon="35.1554986"><ele>82.8</ele><time>2026-05-13T03:44:50Z</time></trkpt>
<trkpt lat="33.016084" lon="35.1554647"><ele>82.7</ele><time>2026-05-13T03:44:51Z</time></trkpt>
<trkpt lat="33.0160757" lon="35.1554312"><ele>82.7</ele><time>2026-05-13T03:44:52Z</time></trkpt>
<trkpt lat="33.0160674" lon="35.1553991"><ele>82.7</ele><time>2026-05-13T03:44:53Z</time></trkpt>
<trkpt lat="33.0160588" lon="35.1553677"><ele>82.6</ele><time>2026-05-13T03:44:54Z</time></trkpt>
<trkpt lat="33.0160505" lon="35.1553357"><ele>82.6</ele><time>2026-05-13T03:44:55Z</time></trkpt>
<trkpt lat="33.0160435" lon="35.1553018"><ele>82.5</ele><time>2026-05-13T03:44:56Z</time></trkpt>
<trkpt lat="33.0160391" lon="35.1552657"><ele>82.5</ele><time>2026-05-13T03:44:57Z</time></trkpt>
<trkpt lat="33.0160372" lon="35.1552265"><ele>82.4</ele><time>2026-05-13T03:44:58Z</time></trkpt>
<trkpt lat="33.0160361" lon="35.1551848"><ele>82.4</ele><time>2026-05-13T03:44:59Z</time></trkpt>
<trkpt lat="33.0160361" lon="35.1551423"><ele>82.3</ele><time>2026-05-13T03:45:00Z</time></trkpt>
<trkpt lat="33.0160372" lon="35.155099"><ele>82.2</ele><time>2026-05-13T03:45:01Z</time></trkpt>
<trkpt lat="33.0160385" lon="35.1550566"><ele>82.2</ele><time>2026-05-13T03:45:02Z</time></trkpt>
<trkpt lat="33.0160409" lon="35.1550163"><ele>82.1</ele><time>2026-05-13T03:45:03Z</time></trkpt>
<trkpt lat="33.0160436" lon="35.1549773"><ele>82.0</ele><time>2026-05-13T03:45:04Z</time></trkpt>
<trkpt lat="33.0160452" lon="35.1549388"><ele>82.0</ele><time>2026-05-13T03:45:05Z</time></trkpt>
<trkpt lat="33.0160456" lon="35.1549007"><ele>81.9</ele><time>2026-05-13T03:45:06Z</time></trkpt>
<trkpt lat="33.0160456" lon="35.1548623"><ele>81.9</ele><time>2026-05-13T03:45:07Z</time></trkpt>
<trkpt lat="33.0160449" lon="35.1548242"><ele>81.8</ele><time>2026-05-13T03:45:08Z</time></trkpt>
<trkpt lat="33.0160434" lon="35.1547886"><ele>81.8</ele><time>2026-05-13T03:45:09Z</time></trkpt>
<trkpt lat="33.0160411" lon="35.1547571"><ele>81.7</ele><time>2026-05-13T03:45:10Z</time></trkpt>
<trkpt lat="33.016036" lon="35.1547291"><ele>81.7</ele><time>2026-05-13T03:45:11Z</time></trkpt>
<trkpt lat="33.0160268" lon="35.1547036"><ele>81.6</ele><time>2026-05-13T03:45:12Z</time></trkpt>
<trkpt lat="33.0160132" lon="35.1546805"><ele>81.6</ele><time>2026-05-13T03:45:13Z</time></trkpt>
<trkpt lat="33.0159939" lon="35.154661"><ele>81.6</ele><time>2026-05-13T03:45:14Z</time></trkpt>
<trkpt lat="33.0159718" lon="35.1546447"><ele>81.5</ele><time>2026-05-13T03:45:15Z</time></trkpt>
<trkpt lat="33.0159518" lon="35.1546277"><ele>81.5</ele><time>2026-05-13T03:45:16Z</time></trkpt>
<trkpt lat="33.015936" lon="35.1546074"><ele>81.5</ele><time>2026-05-13T03:45:17Z</time></trkpt>
<trkpt lat="33.0159246" lon="35.1545825"><ele>81.5</ele><time>2026-05-13T03:45:18Z</time></trkpt>
<trkpt lat="33.0159172" lon="35.1545523"><ele>81.5</ele><time>2026-05-13T03:45:19Z</time></trkpt>
<trkpt lat="33.0159133" lon="35.1545165"><ele>81.4</ele><time>2026-05-13T03:45:20Z</time></trkpt>
<trkpt lat="33.0159121" lon="35.154477"><ele>81.5</ele><time>2026-05-13T03:45:21Z</time></trkpt>
<trkpt lat="33.0159127" lon="35.1544357"><ele>81.5</ele><time>2026-05-13T03:45:22Z</time></trkpt>
<trkpt lat="33.0159139" lon="35.1543933"><ele>81.5</ele><time>2026-05-13T03:45:23Z</time></trkpt>
<trkpt lat="33.0159154" lon="35.1543497"><ele>81.5</ele><time>2026-05-13T03:45:24Z</time></trkpt>
<trkpt lat="33.0159173" lon="35.1543037"><ele>81.5</ele><time>2026-05-13T03:45:25Z</time></trkpt>
<trkpt lat="33.0159194" lon="35.1542556"><ele>81.5</ele><time>2026-05-13T03:45:26Z</time></trkpt>
<trkpt lat="33.0159214" lon="35.1542068"><ele>81.5</ele><time>2026-05-13T03:45:27Z</time></trkpt>
<trkpt lat="33.0159234" lon="35.1541577"><ele>81.5</ele><time>2026-05-13T03:45:28Z</time></trkpt>
<trkpt lat="33.0159254" lon="35.1541075"><ele>81.5</ele><time>2026-05-13T03:45:29Z</time></trkpt>
<trkpt lat="33.0159277" lon="35.1540554"><ele>81.5</ele><time>2026-05-13T03:45:30Z</time></trkpt>
<trkpt lat="33.0159305" lon="35.1540013"><ele>81.4</ele><time>2026-05-13T03:45:31Z</time></trkpt>
<trkpt lat="33.0159342" lon="35.1539454"><ele>81.4</ele><time>2026-05-13T03:45:32Z</time></trkpt>
<trkpt lat="33.0159384" lon="35.1538876"><ele>81.4</ele><time>2026-05-13T03:45:33Z</time></trkpt>
<trkpt lat="33.0159421" lon="35.1538287"><ele>81.3</ele><time>2026-05-13T03:45:34Z</time></trkpt>
<trkpt lat="33.015945" lon="35.1537693"><ele>81.3</ele><time>2026-05-13T03:45:35Z</time></trkpt>
<trkpt lat="33.0159483" lon="35.1537091"><ele>81.3</ele><time>2026-05-13T03:45:36Z</time></trkpt>
<trkpt lat="33.0159518" lon="35.1536489"><ele>81.2</ele><time>2026-05-13T03:45:37Z</time></trkpt>
<trkpt lat="33.0159547" lon="35.1535897"><ele>81.2</ele><time>2026-05-13T03:45:38Z</time></trkpt>
<trkpt lat="33.0159571" lon="35.1535315"><ele>81.2</ele><time>2026-05-13T03:45:39Z</time></trkpt>
<trkpt lat="33.0159595" lon="35.1534743"><ele>81.1</ele><time>2026-05-13T03:45:40Z</time></trkpt>
<trkpt lat="33.0159621" lon="35.1534179"><ele>81.1</ele><time>2026-05-13T03:45:41Z</time></trkpt>
<trkpt lat="33.0159647" lon="35.1533625"><ele>81.1</ele><time>2026-05-13T03:45:42Z</time></trkpt>
<trkpt lat="33.0159674" lon="35.1533078"><ele>81.0</ele><time>2026-05-13T03:45:43Z</time></trkpt>
<trkpt lat="33.0159704" lon="35.153254"><ele>81.0</ele><time>2026-05-13T03:45:44Z</time></trkpt>
<trkpt lat="33.0159733" lon="35.1531996"><ele>80.9</ele><time>2026-05-13T03:45:45Z</time></trkpt>
<trkpt lat="33.0159758" lon="35.1531443"><ele>80.9</ele><time>2026-05-13T03:45:46Z</time></trkpt>
<trkpt lat="33.015978" lon="35.1530879"><ele>80.8</ele><time>2026-05-13T03:45:47Z</time></trkpt>
<trkpt lat="33.0159805" lon="35.1530306"><ele>80.8</ele><time>2026-05-13T03:45:48Z</time></trkpt>
<trkpt lat="33.0159834" lon="35.1529729"><ele>80.8</ele><time>2026-05-13T03:45:49Z</time></trkpt>
<trkpt lat="33.0159886" lon="35.1528328"><ele>80.9</ele><time>2026-05-13T03:45:51Z</time></trkpt>
<trkpt lat="33.0159901" lon="35.1527703"><ele>80.9</ele><time>2026-05-13T03:45:52Z</time></trkpt>
<trkpt lat="33.0159917" lon="35.1527102"><ele>80.9</ele><time>2026-05-13T03:45:53Z</time></trkpt>
<trkpt lat="33.0159931" lon="35.1526504"><ele>80.8</ele><time>2026-05-13T03:45:54Z</time></trkpt>
<trkpt lat="33.0159949" lon="35.1525914"><ele>80.8</ele><time>2026-05-13T03:45:55Z</time></trkpt>
<trkpt lat="33.0159971" lon="35.1525331"><ele>80.7</ele><time>2026-05-13T03:45:56Z</time></trkpt>
<trkpt lat="33.0159994" lon="35.1524745"><ele>80.7</ele><time>2026-05-13T03:45:57Z</time></trkpt>
<trkpt lat="33.0160023" lon="35.1524148"><ele>80.7</ele><time>2026-05-13T03:45:58Z</time></trkpt>
<trkpt lat="33.0160052" lon="35.1523531"><ele>80.6</ele><time>2026-05-13T03:45:59Z</time></trkpt>
<trkpt lat="33.016008" lon="35.152288"><ele>80.6</ele><time>2026-05-13T03:46:00Z</time></trkpt>
<trkpt lat="33.0160096" lon="35.1522246"><ele>80.5</ele><time>2026-05-13T03:46:01Z</time></trkpt>
<trkpt lat="33.0160123" lon="35.1521617"><ele>80.5</ele><time>2026-05-13T03:46:02Z</time></trkpt>
<trkpt lat="33.016016" lon="35.1520982"><ele>80.5</ele><time>2026-05-13T03:46:03Z</time></trkpt>
<trkpt lat="33.0160189" lon="35.152035"><ele>80.4</ele><time>2026-05-13T03:46:04Z</time></trkpt>
<trkpt lat="33.0160221" lon="35.1519716"><ele>80.4</ele><time>2026-05-13T03:46:05Z</time></trkpt>
<trkpt lat="33.0160259" lon="35.1519076"><ele>80.3</ele><time>2026-05-13T03:46:06Z</time></trkpt>
<trkpt lat="33.0160298" lon="35.1518428"><ele>80.3</ele><time>2026-05-13T03:46:07Z</time></trkpt>
<trkpt lat="33.0160335" lon="35.1517776"><ele>80.2</ele><time>2026-05-13T03:46:08Z</time></trkpt>
<trkpt lat="33.0160374" lon="35.1517125"><ele>80.2</ele><time>2026-05-13T03:46:09Z</time></trkpt>
<trkpt lat="33.0160418" lon="35.1516471"><ele>80.1</ele><time>2026-05-13T03:46:10Z</time></trkpt>
<trkpt lat="33.016046" lon="35.1515814"><ele>80.1</ele><time>2026-05-13T03:46:11Z</time></trkpt>
<trkpt lat="33.0160498" lon="35.151516"><ele>80.0</ele><time>2026-05-13T03:46:12Z</time></trkpt>
<trkpt lat="33.0160547" lon="35.1514495"><ele>80.0</ele><time>2026-05-13T03:46:13Z</time></trkpt>
<trkpt lat="33.0160612" lon="35.1513832"><ele>79.9</ele><time>2026-05-13T03:46:14Z</time></trkpt>
<trkpt lat="33.0160677" lon="35.1513174"><ele>79.9</ele><time>2026-05-13T03:46:15Z</time></trkpt>
<trkpt lat="33.016074" lon="35.1512505"><ele>79.8</ele><time>2026-05-13T03:46:16Z</time></trkpt>
<trkpt lat="33.0160803" lon="35.1511827"><ele>79.7</ele><time>2026-05-13T03:46:17Z</time></trkpt>
<trkpt lat="33.0160867" lon="35.1511139"><ele>79.7</ele><time>2026-05-13T03:46:18Z</time></trkpt>
<trkpt lat="33.0160931" lon="35.1510447"><ele>79.6</ele><time>2026-05-13T03:46:19Z</time></trkpt>
<trkpt lat="33.0160992" lon="35.1509753"><ele>79.5</ele><time>2026-05-13T03:46:20Z</time></trkpt>
<trkpt lat="33.0161052" lon="35.1509061"><ele>79.4</ele><time>2026-05-13T03:46:21Z</time></trkpt>
<trkpt lat="33.0161116" lon="35.1508361"><ele>79.3</ele><time>2026-05-13T03:46:22Z</time></trkpt>
<trkpt lat="33.0161184" lon="35.1507651"><ele>79.2</ele><time>2026-05-13T03:46:23Z</time></trkpt>
<trkpt lat="33.0161255" lon="35.1506925"><ele>79.0</ele><time>2026-05-13T03:46:24Z</time></trkpt>
<trkpt lat="33.016133" lon="35.150618"><ele>78.9</ele><time>2026-05-13T03:46:25Z</time></trkpt>
<trkpt lat="33.0161404" lon="35.1505415"><ele>78.8</ele><time>2026-05-13T03:46:26Z</time></trkpt>
<trkpt lat="33.0161477" lon="35.1504628"><ele>78.7</ele><time>2026-05-13T03:46:27Z</time></trkpt>
<trkpt lat="33.0161548" lon="35.1503842"><ele>78.5</ele><time>2026-05-13T03:46:28Z</time></trkpt>
<trkpt lat="33.0161623" lon="35.1503051"><ele>78.4</ele><time>2026-05-13T03:46:29Z</time></trkpt>
<trkpt lat="33.0161694" lon="35.1502266"><ele>78.3</ele><time>2026-05-13T03:46:30Z</time></trkpt>
<trkpt lat="33.016176" lon="35.1501472"><ele>78.1</ele><time>2026-05-13T03:46:31Z</time></trkpt>
<trkpt lat="33.0161831" lon="35.1500673"><ele>78.0</ele><time>2026-05-13T03:46:32Z</time></trkpt>
<trkpt lat="33.0161907" lon="35.1499864"><ele>77.8</ele><time>2026-05-13T03:46:33Z</time></trkpt>
<trkpt lat="33.0161978" lon="35.1499016"><ele>77.6</ele><time>2026-05-13T03:46:34Z</time></trkpt>
<trkpt lat="33.0162048" lon="35.1498159"><ele>77.5</ele><time>2026-05-13T03:46:35Z</time></trkpt>
<trkpt lat="33.016212" lon="35.1497305"><ele>77.3</ele><time>2026-05-13T03:46:36Z</time></trkpt>
<trkpt lat="33.0162194" lon="35.149645"><ele>77.1</ele><time>2026-05-13T03:46:37Z</time></trkpt>
<trkpt lat="33.016228" lon="35.1495585"><ele>77.0</ele><time>2026-05-13T03:46:38Z</time></trkpt>
<trkpt lat="33.0162376" lon="35.1494713"><ele>76.8</ele><time>2026-05-13T03:46:39Z</time></trkpt>
<trkpt lat="33.0162473" lon="35.1493836"><ele>76.6</ele><time>2026-05-13T03:46:40Z</time></trkpt>
<trkpt lat="33.0162552" lon="35.1492947"><ele>76.4</ele><time>2026-05-13T03:46:41Z</time></trkpt>
<trkpt lat="33.0162631" lon="35.1492058"><ele>76.2</ele><time>2026-05-13T03:46:42Z</time></trkpt>
<trkpt lat="33.0162705" lon="35.149117"><ele>76.0</ele><time>2026-05-13T03:46:43Z</time></trkpt>
<trkpt lat="33.0162764" lon="35.1490283"><ele>75.7</ele><time>2026-05-13T03:46:44Z</time></trkpt>
<trkpt lat="33.0162825" lon="35.1489397"><ele>75.4</ele><time>2026-05-13T03:46:45Z</time></trkpt>
<trkpt lat="33.0162891" lon="35.1488516"><ele>75.2</ele><time>2026-05-13T03:46:46Z</time></trkpt>
<trkpt lat="33.0162963" lon="35.1487633"><ele>74.9</ele><time>2026-05-13T03:46:47Z</time></trkpt>
<trkpt lat="33.0163044" lon="35.1486745"><ele>74.6</ele><time>2026-05-13T03:46:48Z</time></trkpt>
<trkpt lat="33.0163132" lon="35.1485839"><ele>74.3</ele><time>2026-05-13T03:46:49Z</time></trkpt>
<trkpt lat="33.0163214" lon="35.1484903"><ele>74.0</ele><time>2026-05-13T03:46:50Z</time></trkpt>
<trkpt lat="33.0163291" lon="35.148395"><ele>73.7</ele><time>2026-05-13T03:46:51Z</time></trkpt>
<trkpt lat="33.0163373" lon="35.148299"><ele>73.5</ele><time>2026-05-13T03:46:52Z</time></trkpt>
<trkpt lat="33.0163455" lon="35.1482026"><ele>73.2</ele><time>2026-05-13T03:46:53Z</time></trkpt>
<trkpt lat="33.0163545" lon="35.1481063"><ele>72.9</ele><time>2026-05-13T03:46:54Z</time></trkpt>
<trkpt lat="33.016364" lon="35.1480094"><ele>72.6</ele><time>2026-05-13T03:46:55Z</time></trkpt>
<trkpt lat="33.0163732" lon="35.1479124"><ele>72.4</ele><time>2026-05-13T03:46:56Z</time></trkpt>
<trkpt lat="33.0163816" lon="35.1478158"><ele>72.1</ele><time>2026-05-13T03:46:57Z</time></trkpt>
<trkpt lat="33.0163893" lon="35.147719"><ele>71.9</ele><time>2026-05-13T03:46:58Z</time></trkpt>
<trkpt lat="33.0163974" lon="35.1476214"><ele>71.7</ele><time>2026-05-13T03:46:59Z</time></trkpt>
<trkpt lat="33.0164058" lon="35.1475235"><ele>71.4</ele><time>2026-05-13T03:47:00Z</time></trkpt>
<trkpt lat="33.0164152" lon="35.147426"><ele>71.2</ele><time>2026-05-13T03:47:01Z</time></trkpt>
<trkpt lat="33.016425" lon="35.1473297"><ele>71.0</ele><time>2026-05-13T03:47:02Z</time></trkpt>
<trkpt lat="33.0164351" lon="35.1472332"><ele>70.7</ele><time>2026-05-13T03:47:03Z</time></trkpt>
<trkpt lat="33.0164451" lon="35.1471374"><ele>70.5</ele><time>2026-05-13T03:47:04Z</time></trkpt>
<trkpt lat="33.0164528" lon="35.1470431"><ele>70.3</ele><time>2026-05-13T03:47:05Z</time></trkpt>
<trkpt lat="33.0164612" lon="35.1469503"><ele>70.1</ele><time>2026-05-13T03:47:06Z</time></trkpt>
<trkpt lat="33.016472" lon="35.1468572"><ele>69.9</ele><time>2026-05-13T03:47:07Z</time></trkpt>
<trkpt lat="33.0164826" lon="35.1467639"><ele>69.6</ele><time>2026-05-13T03:47:08Z</time></trkpt>
<trkpt lat="33.0164917" lon="35.1466721"><ele>69.5</ele><time>2026-05-13T03:47:09Z</time></trkpt>
<trkpt lat="33.0165005" lon="35.1465801"><ele>69.3</ele><time>2026-05-13T03:47:10Z</time></trkpt>
<trkpt lat="33.0165098" lon="35.1464879"><ele>69.1</ele><time>2026-05-13T03:47:11Z</time></trkpt>
<trkpt lat="33.0165196" lon="35.146395"><ele>68.9</ele><time>2026-05-13T03:47:12Z</time></trkpt>
<trkpt lat="33.0165296" lon="35.146302"><ele>68.7</ele><time>2026-05-13T03:47:13Z</time></trkpt>
<trkpt lat="33.016539" lon="35.1462093"><ele>68.6</ele><time>2026-05-13T03:47:14Z</time></trkpt>
<trkpt lat="33.0165483" lon="35.1461156"><ele>68.4</ele><time>2026-05-13T03:47:15Z</time></trkpt>
<trkpt lat="33.0165578" lon="35.1460219"><ele>68.2</ele><time>2026-05-13T03:47:16Z</time></trkpt>
<trkpt lat="33.0165673" lon="35.1459286"><ele>68.1</ele><time>2026-05-13T03:47:17Z</time></trkpt>
<trkpt lat="33.0165772" lon="35.1458354"><ele>67.9</ele><time>2026-05-13T03:47:18Z</time></trkpt>
<trkpt lat="33.0165854" lon="35.145743"><ele>67.8</ele><time>2026-05-13T03:47:19Z</time></trkpt>
<trkpt lat="33.0165911" lon="35.1456508"><ele>67.6</ele><time>2026-05-13T03:47:20Z</time></trkpt>
<trkpt lat="33.0165955" lon="35.1455594"><ele>67.5</ele><time>2026-05-13T03:47:21Z</time></trkpt>
<trkpt lat="33.0165993" lon="35.1454691"><ele>67.3</ele><time>2026-05-13T03:47:22Z</time></trkpt>
<trkpt lat="33.0166036" lon="35.1453783"><ele>67.1</ele><time>2026-05-13T03:47:23Z</time></trkpt>
<trkpt lat="33.0166095" lon="35.1452854"><ele>67.0</ele><time>2026-05-13T03:47:24Z</time></trkpt>
<trkpt lat="33.0166152" lon="35.1451933"><ele>66.8</ele><time>2026-05-13T03:47:25Z</time></trkpt>
<trkpt lat="33.0166215" lon="35.1451021"><ele>66.6</ele><time>2026-05-13T03:47:26Z</time></trkpt>
<trkpt lat="33.0166293" lon="35.1450082"><ele>66.4</ele><time>2026-05-13T03:47:27Z</time></trkpt>
<trkpt lat="33.0166353" lon="35.1449131"><ele>66.2</ele><time>2026-05-13T03:47:28Z</time></trkpt>
<trkpt lat="33.0166397" lon="35.1448183"><ele>66.0</ele><time>2026-05-13T03:47:29Z</time></trkpt>
<trkpt lat="33.0166447" lon="35.1447235"><ele>65.8</ele><time>2026-05-13T03:47:30Z</time></trkpt>
<trkpt lat="33.01665" lon="35.1446285"><ele>65.6</ele><time>2026-05-13T03:47:31Z</time></trkpt>
<trkpt lat="33.0166531" lon="35.1445338"><ele>65.4</ele><time>2026-05-13T03:47:32Z</time></trkpt>
<trkpt lat="33.0166555" lon="35.1444383"><ele>65.2</ele><time>2026-05-13T03:47:33Z</time></trkpt>
<trkpt lat="33.0166578" lon="35.144342"><ele>65.0</ele><time>2026-05-13T03:47:34Z</time></trkpt>
<trkpt lat="33.0166582" lon="35.1442471"><ele>64.8</ele><time>2026-05-13T03:47:35Z</time></trkpt>
<trkpt lat="33.0166564" lon="35.1441523"><ele>64.7</ele><time>2026-05-13T03:47:36Z</time></trkpt>
<trkpt lat="33.0166514" lon="35.1440582"><ele>64.5</ele><time>2026-05-13T03:47:37Z</time></trkpt>
<trkpt lat="33.0166442" lon="35.1439659"><ele>64.3</ele><time>2026-05-13T03:47:38Z</time></trkpt>
<trkpt lat="33.0166387" lon="35.1438743"><ele>64.1</ele><time>2026-05-13T03:47:39Z</time></trkpt>
<trkpt lat="33.0166349" lon="35.1437841"><ele>63.9</ele><time>2026-05-13T03:47:40Z</time></trkpt>
<trkpt lat="33.0166308" lon="35.1436941"><ele>63.6</ele><time>2026-05-13T03:47:41Z</time></trkpt>
<trkpt lat="33.0166261" lon="35.143601"><ele>63.4</ele><time>2026-05-13T03:47:42Z</time></trkpt>
<trkpt lat="33.0166227" lon="35.1435073"><ele>63.2</ele><time>2026-05-13T03:47:43Z</time></trkpt>
<trkpt lat="33.0166223" lon="35.1434173"><ele>63.0</ele><time>2026-05-13T03:47:44Z</time></trkpt>
<trkpt lat="33.0166233" lon="35.1433269"><ele>62.8</ele><time>2026-05-13T03:47:45Z</time></trkpt>
<trkpt lat="33.0166282" lon="35.1432349"><ele>62.6</ele><time>2026-05-13T03:47:46Z</time></trkpt>
<trkpt lat="33.0166418" lon="35.1431475"><ele>62.4</ele><time>2026-05-13T03:47:47Z</time></trkpt>
<trkpt lat="33.0166675" lon="35.1430681"><ele>62.2</ele><time>2026-05-13T03:47:48Z</time></trkpt>
<trkpt lat="33.0167081" lon="35.1429957"><ele>62.0</ele><time>2026-05-13T03:47:49Z</time></trkpt>
<trkpt lat="33.0167656" lon="35.1429317"><ele>61.8</ele><time>2026-05-13T03:47:50Z</time></trkpt>
<trkpt lat="33.0168353" lon="35.1428805"><ele>61.6</ele><time>2026-05-13T03:47:51Z</time></trkpt>
<trkpt lat="33.0169098" lon="35.1428397"><ele>61.4</ele><time>2026-05-13T03:47:52Z</time></trkpt>
<trkpt lat="33.0169855" lon="35.1428027"><ele>61.3</ele><time>2026-05-13T03:47:53Z</time></trkpt>
<trkpt lat="33.0170587" lon="35.1427667"><ele>61.1</ele><time>2026-05-13T03:47:54Z</time></trkpt>
<trkpt lat="33.0171321" lon="35.1427309"><ele>61.0</ele><time>2026-05-13T03:47:55Z</time></trkpt>
<trkpt lat="33.0172061" lon="35.1426965"><ele>60.9</ele><time>2026-05-13T03:47:56Z</time></trkpt>
<trkpt lat="33.0172773" lon="35.1426627"><ele>60.8</ele><time>2026-05-13T03:47:57Z</time></trkpt>
<trkpt lat="33.0173457" lon="35.1426302"><ele>60.7</ele><time>2026-05-13T03:47:58Z</time></trkpt>
<trkpt lat="33.0174114" lon="35.1426006"><ele>60.6</ele><time>2026-05-13T03:47:59Z</time></trkpt>
<trkpt lat="33.017474" lon="35.1425724"><ele>60.6</ele><time>2026-05-13T03:48:00Z</time></trkpt>
<trkpt lat="33.0175332" lon="35.1425462"><ele>60.5</ele><time>2026-05-13T03:48:01Z</time></trkpt>
<trkpt lat="33.0175902" lon="35.1425217"><ele>60.5</ele><time>2026-05-13T03:48:02Z</time></trkpt>
<trkpt lat="33.0176457" lon="35.1424983"><ele>60.5</ele><time>2026-05-13T03:48:03Z</time></trkpt>
<trkpt lat="33.0176979" lon="35.1424754"><ele>60.5</ele><time>2026-05-13T03:48:04Z</time></trkpt>
<trkpt lat="33.017749" lon="35.1424527"><ele>60.5</ele><time>2026-05-13T03:48:05Z</time></trkpt>
<trkpt lat="33.0178008" lon="35.1424303"><ele>60.5</ele><time>2026-05-13T03:48:06Z</time></trkpt>
<trkpt lat="33.0178521" lon="35.1424081"><ele>60.5</ele><time>2026-05-13T03:48:07Z</time></trkpt>
<trkpt lat="33.0179031" lon="35.1423859"><ele>60.5</ele><time>2026-05-13T03:48:08Z</time></trkpt>
<trkpt lat="33.0179544" lon="35.142365"><ele>60.5</ele><time>2026-05-13T03:48:09Z</time></trkpt>
<trkpt lat="33.0180057" lon="35.1423464"><ele>60.5</ele><time>2026-05-13T03:48:10Z</time></trkpt>
<trkpt lat="33.0180557" lon="35.1423313"><ele>60.5</ele><time>2026-05-13T03:48:11Z</time></trkpt>
<trkpt lat="33.0181039" lon="35.1423182"><ele>60.5</ele><time>2026-05-13T03:48:12Z</time></trkpt>
<trkpt lat="33.0181494" lon="35.1423053"><ele>60.6</ele><time>2026-05-13T03:48:13Z</time></trkpt>
<trkpt lat="33.0181914" lon="35.1422925"><ele>60.6</ele><time>2026-05-13T03:48:14Z</time></trkpt>
<trkpt lat="33.0182278" lon="35.1422809"><ele>60.6</ele><time>2026-05-13T03:48:15Z</time></trkpt>
<trkpt lat="33.0182566" lon="35.1422717"><ele>60.6</ele><time>2026-05-13T03:48:16Z</time></trkpt>
<trkpt lat="33.0182793" lon="35.1422642"><ele>60.6</ele><time>2026-05-13T03:48:17Z</time></trkpt>
<trkpt lat="33.0182963" lon="35.1422583"><ele>60.6</ele><time>2026-05-13T03:48:18Z</time></trkpt>
<trkpt lat="33.0183065" lon="35.142255"><ele>60.6</ele><time>2026-05-13T03:48:19Z</time></trkpt>
<trkpt lat="33.0183116" lon="35.1422537"><ele>60.6</ele><time>2026-05-13T03:48:20Z</time></trkpt>
<trkpt lat="33.0183138" lon="35.1422531"><ele>60.6</ele><time>2026-05-13T03:48:21Z</time></trkpt>
<trkpt lat="33.0183145" lon="35.142253"><ele>60.7</ele><time>2026-05-13T03:48:22Z</time></trkpt>
<trkpt lat="33.0183144" lon="35.1422532"><ele>60.7</ele><time>2026-05-13T03:48:23Z</time></trkpt>
<trkpt lat="33.0183137" lon="35.1422536"><ele>60.7</ele><time>2026-05-13T03:48:24Z</time></trkpt>
<trkpt lat="33.0183127" lon="35.1422542"><ele>60.7</ele><time>2026-05-13T03:48:25Z</time></trkpt>
<trkpt lat="33.0183117" lon="35.1422546"><ele>60.7</ele><time>2026-05-13T03:48:26Z</time></trkpt>
<trkpt lat="33.0183111" lon="35.1422547"><ele>60.8</ele><time>2026-05-13T03:48:27Z</time></trkpt>
<trkpt lat="33.0183106" lon="35.1422547"><ele>60.8</ele><time>2026-05-13T03:48:28Z</time></trkpt>
<trkpt lat="33.0183099" lon="35.1422546"><ele>60.8</ele><time>2026-05-13T03:48:29Z</time></trkpt>
<trkpt lat="33.0183091" lon="35.1422544"><ele>60.8</ele><time>2026-05-13T03:48:30Z</time></trkpt>
<trkpt lat="33.0183083" lon="35.1422541"><ele>60.8</ele><time>2026-05-13T03:48:31Z</time></trkpt>
<trkpt lat="33.0183075" lon="35.1422538"><ele>60.8</ele><time>2026-05-13T03:48:32Z</time></trkpt>
<trkpt lat="33.0183069" lon="35.1422535"><ele>60.8</ele><time>2026-05-13T03:48:33Z</time></trkpt>
<trkpt lat="33.0183065" lon="35.1422531"><ele>60.8</ele><time>2026-05-13T03:48:34Z</time></trkpt>
<trkpt lat="33.018306" lon="35.1422527"><ele>60.8</ele><time>2026-05-13T03:48:35Z</time></trkpt>
<trkpt lat="33.0183056" lon="35.1422522"><ele>60.8</ele><time>2026-05-13T03:48:36Z</time></trkpt>
<trkpt lat="33.0183055" lon="35.1422518"><ele>60.8</ele><time>2026-05-13T03:48:37Z</time></trkpt>
<trkpt lat="33.0183054" lon="35.1422514"><ele>60.8</ele><time>2026-05-13T03:48:38Z</time></trkpt>
<trkpt lat="33.0183054" lon="35.1422509"><ele>60.8</ele><time>2026-05-13T03:48:39Z</time></trkpt>
<trkpt lat="33.0183055" lon="35.1422506"><ele>60.7</ele><time>2026-05-13T03:48:40Z</time></trkpt>
<trkpt lat="33.0183055" lon="35.1422503"><ele>60.7</ele><time>2026-05-13T03:48:41Z</time></trkpt>
<trkpt lat="33.0183053" lon="35.1422501"><ele>60.7</ele><time>2026-05-13T03:48:42Z</time></trkpt>
<trkpt lat="33.0183052" lon="35.1422498"><ele>60.7</ele><time>2026-05-13T03:48:43Z</time></trkpt>
<trkpt lat="33.0183051" lon="35.1422496"><ele>60.7</ele><time>2026-05-13T03:48:44Z</time></trkpt>
<trkpt lat="33.018305" lon="35.1422494"><ele>60.7</ele><time>2026-05-13T03:48:45Z</time></trkpt>
<trkpt lat="33.0183049" lon="35.1422493"><ele>60.7</ele><time>2026-05-13T03:48:46Z</time></trkpt>
<trkpt lat="33.0183047" lon="35.1422492"><ele>60.7</ele><time>2026-05-13T03:48:47Z</time></trkpt>
<trkpt lat="33.0183044" lon="35.1422491"><ele>60.7</ele><time>2026-05-13T03:48:48Z</time></trkpt>
<trkpt lat="33.0183041" lon="35.1422491"><ele>60.7</ele><time>2026-05-13T03:48:49Z</time></trkpt>
<trkpt lat="33.0183037" lon="35.1422491"><ele>60.7</ele><time>2026-05-13T03:48:50Z</time></trkpt>
<trkpt lat="33.0183033" lon="35.1422492"><ele>60.7</ele><time>2026-05-13T03:48:51Z</time></trkpt>
<trkpt lat="33.0183029" lon="35.1422492"><ele>60.8</ele><time>2026-05-13T03:48:52Z</time></trkpt>
<trkpt lat="33.0183025" lon="35.1422493"><ele>60.8</ele><time>2026-05-13T03:48:53Z</time></trkpt>
<trkpt lat="33.0183021" lon="35.1422493"><ele>60.8</ele><time>2026-05-13T03:48:54Z</time></trkpt>
<trkpt lat="33.0183017" lon="35.1422493"><ele>60.8</ele><time>2026-05-13T03:48:55Z</time></trkpt>
<trkpt lat="33.0183013" lon="35.1422493"><ele>60.9</ele><time>2026-05-13T03:48:56Z</time></trkpt>
<trkpt lat="33.0183008" lon="35.1422493"><ele>60.9</ele><time>2026-05-13T03:48:57Z</time></trkpt>
<trkpt lat="33.0183002" lon="35.1422492"><ele>60.9</ele><time>2026-05-13T03:48:58Z</time></trkpt>
<trkpt lat="33.0182997" lon="35.1422491"><ele>60.9</ele><time>2026-05-13T03:48:59Z</time></trkpt>
<trkpt lat="33.0182992" lon="35.1422489"><ele>60.9</ele><time>2026-05-13T03:49:00Z</time></trkpt>
<trkpt lat="33.0182988" lon="35.1422486"><ele>60.9</ele><time>2026-05-13T03:49:01Z</time></trkpt>
<trkpt lat="33.0182986" lon="35.1422482"><ele>60.9</ele><time>2026-05-13T03:49:02Z</time></trkpt>
<trkpt lat="33.0182983" lon="35.1422478"><ele>60.9</ele><time>2026-05-13T03:49:03Z</time></trkpt>
<trkpt lat="33.0182987" lon="35.142247"><ele>60.9</ele><time>2026-05-13T03:49:04Z</time></trkpt>
<trkpt lat="33.0182992" lon="35.1422462"><ele>60.8</ele><time>2026-05-13T03:49:05Z</time></trkpt>
<trkpt lat="33.0182994" lon="35.1422455"><ele>60.8</ele><time>2026-05-13T03:49:06Z</time></trkpt>
<trkpt lat="33.0182993" lon="35.1422449"><ele>60.8</ele><time>2026-05-13T03:49:07Z</time></trkpt>
<trkpt lat="33.0182989" lon="35.1422444"><ele>60.8</ele><time>2026-05-13T03:49:08Z</time></trkpt>
<trkpt lat="33.0182985" lon="35.1422439"><ele>60.8</ele><time>2026-05-13T03:49:09Z</time></trkpt>
<trkpt lat="33.0182981" lon="35.1422435"><ele>60.8</ele><time>2026-05-13T03:49:10Z</time></trkpt>
<trkpt lat="33.0182977" lon="35.1422431"><ele>60.8</ele><time>2026-05-13T03:49:11Z</time></trkpt>
<trkpt lat="33.0182971" lon="35.1422427"><ele>60.8</ele><time>2026-05-13T03:49:12Z</time></trkpt>
<trkpt lat="33.0182966" lon="35.1422423"><ele>60.8</ele><time>2026-05-13T03:49:13Z</time></trkpt>
<trkpt lat="33.018296" lon="35.1422419"><ele>60.8</ele><time>2026-05-13T03:49:14Z</time></trkpt>
<trkpt lat="33.0182954" lon="35.1422414"><ele>60.8</ele><time>2026-05-13T03:49:15Z</time></trkpt>
<trkpt lat="33.0182949" lon="35.1422409"><ele>60.8</ele><time>2026-05-13T03:49:16Z</time></trkpt>
<trkpt lat="33.0182943" lon="35.1422404"><ele>60.9</ele><time>2026-05-13T03:49:17Z</time></trkpt>
<trkpt lat="33.0182937" lon="35.1422399"><ele>60.9</ele><time>2026-05-13T03:49:18Z</time></trkpt>
<trkpt lat="33.0182932" lon="35.1422393"><ele>60.9</ele><time>2026-05-13T03:49:19Z</time></trkpt>
<trkpt lat="33.0182926" lon="35.1422387"><ele>60.9</ele><time>2026-05-13T03:49:20Z</time></trkpt>
<trkpt lat="33.0182921" lon="35.142238"><ele>60.9</ele><time>2026-05-13T03:49:21Z</time></trkpt>
<trkpt lat="33.0182918" lon="35.1422374"><ele>60.9</ele><time>2026-05-13T03:49:22Z</time></trkpt>
<trkpt lat="33.018292" lon="35.1422366"><ele>60.9</ele><time>2026-05-13T03:49:23Z</time></trkpt>
<trkpt lat="33.0182927" lon="35.1422357"><ele>60.9</ele><time>2026-05-13T03:49:24Z</time></trkpt>
<trkpt lat="33.0182932" lon="35.142235"><ele>60.9</ele><time>2026-05-13T03:49:25Z</time></trkpt>
<trkpt lat="33.0182938" lon="35.1422343"><ele>60.9</ele><time>2026-05-13T03:49:26Z</time></trkpt>
<trkpt lat="33.0182946" lon="35.1422336"><ele>60.9</ele><time>2026-05-13T03:49:27Z</time></trkpt>
<trkpt lat="33.0182955" lon="35.1422331"><ele>60.9</ele><time>2026-05-13T03:49:28Z</time></trkpt>
<trkpt lat="33.018296" lon="35.1422328"><ele>60.9</ele><time>2026-05-13T03:49:29Z</time></trkpt>
<trkpt lat="33.0182964" lon="35.1422326"><ele>60.8</ele><time>2026-05-13T03:49:30Z</time></trkpt>
<trkpt lat="33.0182966" lon="35.1422324"><ele>60.8</ele><time>2026-05-13T03:49:31Z</time></trkpt>
<trkpt lat="33.0182966" lon="35.1422324"><ele>60.8</ele><time>2026-05-13T03:49:32Z</time></trkpt>
<trkpt lat="33.0182965" lon="35.1422324"><ele>60.8</ele><time>2026-05-13T03:49:33Z</time></trkpt>
<trkpt lat="33.0182964" lon="35.1422325"><ele>60.8</ele><time>2026-05-13T03:49:34Z</time></trkpt>
<trkpt lat="33.0182962" lon="35.1422325"><ele>60.8</ele><time>2026-05-13T03:49:35Z</time></trkpt>
<trkpt lat="33.0182961" lon="35.1422325"><ele>60.8</ele><time>2026-05-13T03:49:36Z</time></trkpt>
<trkpt lat="33.018296" lon="35.1422325"><ele>60.8</ele><time>2026-05-13T03:49:37Z</time></trkpt>
<trkpt lat="33.0182959" lon="35.1422324"><ele>60.8</ele><time>2026-05-13T03:49:38Z</time></trkpt>
<trkpt lat="33.0182959" lon="35.1422324"><ele>60.8</ele><time>2026-05-13T03:49:39Z</time></trkpt>
<trkpt lat="33.0182958" lon="35.1422323"><ele>60.8</ele><time>2026-05-13T03:49:40Z</time></trkpt>
<trkpt lat="33.0182958" lon="35.1422323"><ele>60.8</ele><time>2026-05-13T03:49:41Z</time></trkpt>
<trkpt lat="33.0182957" lon="35.1422322"><ele>60.7</ele><time>2026-05-13T03:49:42Z</time></trkpt>
<trkpt lat="33.0182957" lon="35.1422321"><ele>60.7</ele><time>2026-05-13T03:49:43Z</time></trkpt>
<trkpt lat="33.0182957" lon="35.1422319"><ele>60.7</ele><time>2026-05-13T03:49:44Z</time></trkpt>
<trkpt lat="33.0182957" lon="35.1422317"><ele>60.7</ele><time>2026-05-13T03:49:45Z</time></trkpt>
<trkpt lat="33.0182957" lon="35.1422315"><ele>60.7</ele><time>2026-05-13T03:49:46Z</time></trkpt>
<trkpt lat="33.0182958" lon="35.1422312"><ele>60.7</ele><time>2026-05-13T03:49:47Z</time></trkpt>
<trkpt lat="33.0182959" lon="35.1422308"><ele>60.7</ele><time>2026-05-13T03:49:48Z</time></trkpt>
<trkpt lat="33.0182962" lon="35.1422303"><ele>60.7</ele><time>2026-05-13T03:49:49Z</time></trkpt>
<trkpt lat="33.0182964" lon="35.1422298"><ele>60.7</ele><time>2026-05-13T03:49:50Z</time></trkpt>
<trkpt lat="33.0182967" lon="35.1422294"><ele>60.7</ele><time>2026-05-13T03:49:51Z</time></trkpt>
<trkpt lat="33.0182969" lon="35.1422289"><ele>60.8</ele><time>2026-05-13T03:49:52Z</time></trkpt>
<trkpt lat="33.0182972" lon="35.1422285"><ele>60.8</ele><time>2026-05-13T03:49:53Z</time></trkpt>
<trkpt lat="33.0182975" lon="35.142228"><ele>60.8</ele><time>2026-05-13T03:49:54Z</time></trkpt>
<trkpt lat="33.0182979" lon="35.1422275"><ele>60.8</ele><time>2026-05-13T03:49:55Z</time></trkpt>
<trkpt lat="33.0182984" lon="35.1422268"><ele>60.8</ele><time>2026-05-13T03:49:56Z</time></trkpt>
<trkpt lat="33.018299" lon="35.142226"><ele>60.8</ele><time>2026-05-13T03:49:57Z</time></trkpt>
<trkpt lat="33.0182996" lon="35.1422253"><ele>60.8</ele><time>2026-05-13T03:49:58Z</time></trkpt>
<trkpt lat="33.0183001" lon="35.1422246"><ele>60.8</ele><time>2026-05-13T03:49:59Z</time></trkpt>
<trkpt lat="33.0183008" lon="35.1422238"><ele>60.8</ele><time>2026-05-13T03:50:00Z</time></trkpt>
<trkpt lat="33.0183015" lon="35.142223"><ele>60.8</ele><time>2026-05-13T03:50:01Z</time></trkpt>
<trkpt lat="33.0183023" lon="35.1422221"><ele>60.8</ele><time>2026-05-13T03:50:02Z</time></trkpt>
<trkpt lat="33.0183033" lon="35.1422211"><ele>60.8</ele><time>2026-05-13T03:50:03Z</time></trkpt>
<trkpt lat="33.0183045" lon="35.1422199"><ele>60.8</ele><time>2026-05-13T03:50:04Z</time></trkpt>
<trkpt lat="33.0183062" lon="35.1422187"><ele>60.8</ele><time>2026-05-13T03:50:05Z</time></trkpt>
<trkpt lat="33.018309" lon="35.1422175"><ele>60.7</ele><time>2026-05-13T03:50:06Z</time></trkpt>
<trkpt lat="33.0183147" lon="35.1422163"><ele>60.7</ele><time>2026-05-13T03:50:07Z</time></trkpt>
<trkpt lat="33.0183241" lon="35.1422139"><ele>60.7</ele><time>2026-05-13T03:50:08Z</time></trkpt>
<trkpt lat="33.0183369" lon="35.14221"><ele>60.7</ele><time>2026-05-13T03:50:09Z</time></trkpt>
<trkpt lat="33.0183517" lon="35.142205"><ele>60.7</ele><time>2026-05-13T03:50:10Z</time></trkpt>
<trkpt lat="33.018368" lon="35.142199"><ele>60.7</ele><time>2026-05-13T03:50:11Z</time></trkpt>
<trkpt lat="33.0183867" lon="35.1421919"><ele>60.7</ele><time>2026-05-13T03:50:12Z</time></trkpt>
<trkpt lat="33.0184083" lon="35.1421845"><ele>60.6</ele><time>2026-05-13T03:50:13Z</time></trkpt>
<trkpt lat="33.0184332" lon="35.1421772"><ele>60.6</ele><time>2026-05-13T03:50:14Z</time></trkpt>
<trkpt lat="33.0184611" lon="35.1421688"><ele>60.6</ele><time>2026-05-13T03:50:15Z</time></trkpt>
<trkpt lat="33.0184915" lon="35.1421597"><ele>60.6</ele><time>2026-05-13T03:50:16Z</time></trkpt>
<trkpt lat="33.0185241" lon="35.1421513"><ele>60.6</ele><time>2026-05-13T03:50:17Z</time></trkpt>
<trkpt lat="33.0185589" lon="35.1421445"><ele>60.6</ele><time>2026-05-13T03:50:18Z</time></trkpt>
<trkpt lat="33.0185955" lon="35.1421388"><ele>60.6</ele><time>2026-05-13T03:50:19Z</time></trkpt>
<trkpt lat="33.0186333" lon="35.1421325"><ele>60.6</ele><time>2026-05-13T03:50:20Z</time></trkpt>
<trkpt lat="33.0186722" lon="35.1421257"><ele>60.6</ele><time>2026-05-13T03:50:21Z</time></trkpt>
<trkpt lat="33.0187115" lon="35.1421189"><ele>60.7</ele><time>2026-05-13T03:50:22Z</time></trkpt>
<trkpt lat="33.0187495" lon="35.1421119"><ele>60.7</ele><time>2026-05-13T03:50:23Z</time></trkpt>
<trkpt lat="33.0187875" lon="35.1421054"><ele>60.7</ele><time>2026-05-13T03:50:24Z</time></trkpt>
<trkpt lat="33.0188269" lon="35.1420997"><ele>60.7</ele><time>2026-05-13T03:50:25Z</time></trkpt>
<trkpt lat="33.0188662" lon="35.1420947"><ele>60.7</ele><time>2026-05-13T03:50:26Z</time></trkpt>
<trkpt lat="33.0189053" lon="35.1420895"><ele>60.7</ele><time>2026-05-13T03:50:27Z</time></trkpt>
<trkpt lat="33.0189451" lon="35.1420848"><ele>60.7</ele><time>2026-05-13T03:50:28Z</time></trkpt>
<trkpt lat="33.0189851" lon="35.1420811"><ele>60.8</ele><time>2026-05-13T03:50:29Z</time></trkpt>
<trkpt lat="33.0190257" lon="35.1420784"><ele>60.8</ele><time>2026-05-13T03:50:30Z</time></trkpt>
<trkpt lat="33.0190663" lon="35.1420763"><ele>60.8</ele><time>2026-05-13T03:50:31Z</time></trkpt>
<trkpt lat="33.0191071" lon="35.1420741"><ele>60.8</ele><time>2026-05-13T03:50:32Z</time></trkpt>
<trkpt lat="33.0191479" lon="35.1420718"><ele>60.9</ele><time>2026-05-13T03:50:33Z</time></trkpt>
<trkpt lat="33.0191886" lon="35.1420703"><ele>60.9</ele><time>2026-05-13T03:50:34Z</time></trkpt>
<trkpt lat="33.0192306" lon="35.1420702"><ele>60.9</ele><time>2026-05-13T03:50:35Z</time></trkpt>
<trkpt lat="33.0192734" lon="35.142072"><ele>60.9</ele><time>2026-05-13T03:50:36Z</time></trkpt>
<trkpt lat="33.0193164" lon="35.1420756"><ele>60.9</ele><time>2026-05-13T03:50:37Z</time></trkpt>
<trkpt lat="33.0193597" lon="35.1420788"><ele>60.8</ele><time>2026-05-13T03:50:38Z</time></trkpt>
<trkpt lat="33.0194032" lon="35.1420809"><ele>60.8</ele><time>2026-05-13T03:50:39Z</time></trkpt>
<trkpt lat="33.0194466" lon="35.1420826"><ele>60.8</ele><time>2026-05-13T03:50:40Z</time></trkpt>
<trkpt lat="33.0194904" lon="35.1420858"><ele>60.8</ele><time>2026-05-13T03:50:41Z</time></trkpt>
<trkpt lat="33.0195349" lon="35.1420908"><ele>60.8</ele><time>2026-05-13T03:50:42Z</time></trkpt>
<trkpt lat="33.0195801" lon="35.1420962"><ele>60.8</ele><time>2026-05-13T03:50:43Z</time></trkpt>
<trkpt lat="33.0196261" lon="35.1421018"><ele>60.8</ele><time>2026-05-13T03:50:44Z</time></trkpt>
<trkpt lat="33.0196733" lon="35.1421081"><ele>60.8</ele><time>2026-05-13T03:50:45Z</time></trkpt>
<trkpt lat="33.0197216" lon="35.142114"><ele>60.8</ele><time>2026-05-13T03:50:46Z</time></trkpt>
<trkpt lat="33.0197695" lon="35.1421198"><ele>60.8</ele><time>2026-05-13T03:50:47Z</time></trkpt>
<trkpt lat="33.0198168" lon="35.1421271"><ele>60.8</ele><time>2026-05-13T03:50:48Z</time></trkpt>
<trkpt lat="33.0198635" lon="35.1421353"><ele>60.9</ele><time>2026-05-13T03:50:49Z</time></trkpt>
<trkpt lat="33.0199101" lon="35.1421432"><ele>60.9</ele><time>2026-05-13T03:50:50Z</time></trkpt>
<trkpt lat="33.0199579" lon="35.1421511"><ele>60.9</ele><time>2026-05-13T03:50:51Z</time></trkpt>
<trkpt lat="33.0200061" lon="35.1421589"><ele>60.9</ele><time>2026-05-13T03:50:52Z</time></trkpt>
<trkpt lat="33.0200542" lon="35.1421668"><ele>60.9</ele><time>2026-05-13T03:50:53Z</time></trkpt>
<trkpt lat="33.0201012" lon="35.1421753"><ele>60.9</ele><time>2026-05-13T03:50:54Z</time></trkpt>
<trkpt lat="33.0201482" lon="35.1421841"><ele>60.8</ele><time>2026-05-13T03:50:55Z</time></trkpt>
<trkpt lat="33.0201962" lon="35.1421932"><ele>60.8</ele><time>2026-05-13T03:50:56Z</time></trkpt>
<trkpt lat="33.0202455" lon="35.1422032"><ele>60.8</ele><time>2026-05-13T03:50:57Z</time></trkpt>
<trkpt lat="33.0202953" lon="35.1422127"><ele>60.8</ele><time>2026-05-13T03:50:58Z</time></trkpt>
<trkpt lat="33.0203435" lon="35.1422205"><ele>60.7</ele><time>2026-05-13T03:50:59Z</time></trkpt>
<trkpt lat="33.0203899" lon="35.1422278"><ele>60.7</ele><time>2026-05-13T03:51:00Z</time></trkpt>
<trkpt lat="33.020436" lon="35.1422356"><ele>60.7</ele><time>2026-05-13T03:51:01Z</time></trkpt>
<trkpt lat="33.0204828" lon="35.1422439"><ele>60.6</ele><time>2026-05-13T03:51:02Z</time></trkpt>
<trkpt lat="33.0205313" lon="35.1422521"><ele>60.6</ele><time>2026-05-13T03:51:03Z</time></trkpt>
<trkpt lat="33.0205802" lon="35.1422599"><ele>60.5</ele><time>2026-05-13T03:51:04Z</time></trkpt>
<trkpt lat="33.020629" lon="35.1422676"><ele>60.5</ele><time>2026-05-13T03:51:05Z</time></trkpt>
<trkpt lat="33.0206784" lon="35.142276"><ele>60.4</ele><time>2026-05-13T03:51:06Z</time></trkpt>
<trkpt lat="33.0207275" lon="35.1422849"><ele>60.3</ele><time>2026-05-13T03:51:07Z</time></trkpt>
<trkpt lat="33.0207774" lon="35.142294"><ele>60.3</ele><time>2026-05-13T03:51:08Z</time></trkpt>
<trkpt lat="33.0208287" lon="35.1423029"><ele>60.2</ele><time>2026-05-13T03:51:09Z</time></trkpt>
<trkpt lat="33.0208809" lon="35.1423117"><ele>60.1</ele><time>2026-05-13T03:51:10Z</time></trkpt>
<trkpt lat="33.0209342" lon="35.1423209"><ele>60.0</ele><time>2026-05-13T03:51:11Z</time></trkpt>
<trkpt lat="33.0209878" lon="35.1423301"><ele>60.0</ele><time>2026-05-13T03:51:12Z</time></trkpt>
<trkpt lat="33.0210411" lon="35.1423401"><ele>59.9</ele><time>2026-05-13T03:51:13Z</time></trkpt>
<trkpt lat="33.0210956" lon="35.1423509"><ele>59.8</ele><time>2026-05-13T03:51:14Z</time></trkpt>
<trkpt lat="33.0211505" lon="35.142361"><ele>59.7</ele><time>2026-05-13T03:51:15Z</time></trkpt>
<trkpt lat="33.0212054" lon="35.1423711"><ele>59.6</ele><time>2026-05-13T03:51:16Z</time></trkpt>
<trkpt lat="33.0212609" lon="35.1423827"><ele>59.5</ele><time>2026-05-13T03:51:17Z</time></trkpt>
<trkpt lat="33.0213172" lon="35.1423945"><ele>59.4</ele><time>2026-05-13T03:51:18Z</time></trkpt>
<trkpt lat="33.0213742" lon="35.1424048"><ele>59.3</ele><time>2026-05-13T03:51:19Z</time></trkpt>
<trkpt lat="33.0214329" lon="35.1424164"><ele>59.2</ele><time>2026-05-13T03:51:20Z</time></trkpt>
<trkpt lat="33.0214946" lon="35.1424289"><ele>59.1</ele><time>2026-05-13T03:51:21Z</time></trkpt>
<trkpt lat="33.0215587" lon="35.142442"><ele>59.0</ele><time>2026-05-13T03:51:22Z</time></trkpt>
<trkpt lat="33.0216243" lon="35.1424565"><ele>58.9</ele><time>2026-05-13T03:51:23Z</time></trkpt>
<trkpt lat="33.0216902" lon="35.1424696"><ele>58.8</ele><time>2026-05-13T03:51:24Z</time></trkpt>
<trkpt lat="33.0217541" lon="35.1424821"><ele>58.7</ele><time>2026-05-13T03:51:25Z</time></trkpt>
<trkpt lat="33.0218159" lon="35.142494"><ele>58.6</ele><time>2026-05-13T03:51:26Z</time></trkpt>
<trkpt lat="33.0218775" lon="35.1425059"><ele>58.5</ele><time>2026-05-13T03:51:27Z</time></trkpt>
<trkpt lat="33.0219405" lon="35.1425191"><ele>58.4</ele><time>2026-05-13T03:51:28Z</time></trkpt>
<trkpt lat="33.0220023" lon="35.1425318"><ele>58.3</ele><time>2026-05-13T03:51:29Z</time></trkpt>
<trkpt lat="33.0220609" lon="35.1425436"><ele>58.2</ele><time>2026-05-13T03:51:30Z</time></trkpt>
<trkpt lat="33.0221184" lon="35.1425548"><ele>58.1</ele><time>2026-05-13T03:51:31Z</time></trkpt>
<trkpt lat="33.0221755" lon="35.1425654"><ele>58.0</ele><time>2026-05-13T03:51:32Z</time></trkpt>
<trkpt lat="33.0222346" lon="35.1425756"><ele>57.9</ele><time>2026-05-13T03:51:33Z</time></trkpt>
<trkpt lat="33.0222944" lon="35.1425878"><ele>57.9</ele><time>2026-05-13T03:51:34Z</time></trkpt>
<trkpt lat="33.0223518" lon="35.1426016"><ele>57.8</ele><time>2026-05-13T03:51:35Z</time></trkpt>
<trkpt lat="33.0224075" lon="35.1426143"><ele>57.7</ele><time>2026-05-13T03:51:36Z</time></trkpt>
<trkpt lat="33.0224632" lon="35.1426267"><ele>57.7</ele><time>2026-05-13T03:51:37Z</time></trkpt>
<trkpt lat="33.0225201" lon="35.1426398"><ele>57.6</ele><time>2026-05-13T03:51:38Z</time></trkpt>
<trkpt lat="33.0225772" lon="35.1426524"><ele>57.6</ele><time>2026-05-13T03:51:39Z</time></trkpt>
<trkpt lat="33.0226342" lon="35.1426643"><ele>57.5</ele><time>2026-05-13T03:51:40Z</time></trkpt>
<trkpt lat="33.022691" lon="35.1426766"><ele>57.5</ele><time>2026-05-13T03:51:41Z</time></trkpt>
<trkpt lat="33.0227472" lon="35.1426887"><ele>57.5</ele><time>2026-05-13T03:51:42Z</time></trkpt>
<trkpt lat="33.0228031" lon="35.1427004"><ele>57.4</ele><time>2026-05-13T03:51:43Z</time></trkpt>
<trkpt lat="33.0228579" lon="35.1427121"><ele>57.4</ele><time>2026-05-13T03:51:44Z</time></trkpt>
<trkpt lat="33.0229124" lon="35.1427237"><ele>57.3</ele><time>2026-05-13T03:51:45Z</time></trkpt>
<trkpt lat="33.0229683" lon="35.1427346"><ele>57.3</ele><time>2026-05-13T03:51:46Z</time></trkpt>
<trkpt lat="33.0230256" lon="35.1427455"><ele>57.3</ele><time>2026-05-13T03:51:47Z</time></trkpt>
<trkpt lat="33.0230828" lon="35.1427567"><ele>57.3</ele><time>2026-05-13T03:51:48Z</time></trkpt>
<trkpt lat="33.0231387" lon="35.1427676"><ele>57.2</ele><time>2026-05-13T03:51:49Z</time></trkpt>
<trkpt lat="33.0231941" lon="35.1427787"><ele>57.2</ele><time>2026-05-13T03:51:50Z</time></trkpt>
<trkpt lat="33.02325" lon="35.1427901"><ele>57.2</ele><time>2026-05-13T03:51:51Z</time></trkpt>
<trkpt lat="33.0233071" lon="35.1428009"><ele>57.1</ele><time>2026-05-13T03:51:52Z</time></trkpt>
<trkpt lat="33.0233653" lon="35.1428119"><ele>57.1</ele><time>2026-05-13T03:51:53Z</time></trkpt>
<trkpt lat="33.0234242" lon="35.1428245"><ele>57.1</ele><time>2026-05-13T03:51:54Z</time></trkpt>
<trkpt lat="33.0234848" lon="35.1428368"><ele>57.0</ele><time>2026-05-13T03:51:55Z</time></trkpt>
<trkpt lat="33.0235465" lon="35.1428485"><ele>57.0</ele><time>2026-05-13T03:51:56Z</time></trkpt>
<trkpt lat="33.0236083" lon="35.1428607"><ele>56.9</ele><time>2026-05-13T03:51:57Z</time></trkpt>
<trkpt lat="33.0236708" lon="35.1428711"><ele>56.9</ele><time>2026-05-13T03:51:58Z</time></trkpt>
<trkpt lat="33.0237353" lon="35.1428819"><ele>56.8</ele><time>2026-05-13T03:51:59Z</time></trkpt>
<trkpt lat="33.0238023" lon="35.1428952"><ele>56.7</ele><time>2026-05-13T03:52:00Z</time></trkpt>
<trkpt lat="33.02387" lon="35.1429102"><ele>56.6</ele><time>2026-05-13T03:52:01Z</time></trkpt>
<trkpt lat="33.0239383" lon="35.142926"><ele>56.5</ele><time>2026-05-13T03:52:02Z</time></trkpt>
<trkpt lat="33.0240075" lon="35.1429426"><ele>56.4</ele><time>2026-05-13T03:52:03Z</time></trkpt>
<trkpt lat="33.0240767" lon="35.1429592"><ele>56.2</ele><time>2026-05-13T03:52:04Z</time></trkpt>
<trkpt lat="33.0241474" lon="35.1429741"><ele>56.1</ele><time>2026-05-13T03:52:05Z</time></trkpt>
<trkpt lat="33.0242216" lon="35.1429886"><ele>55.9</ele><time>2026-05-13T03:52:06Z</time></trkpt>
<trkpt lat="33.024297" lon="35.1430026"><ele>55.7</ele><time>2026-05-13T03:52:07Z</time></trkpt>
<trkpt lat="33.0243723" lon="35.143018"><ele>55.5</ele><time>2026-05-13T03:52:08Z</time></trkpt>
<trkpt lat="33.0244486" lon="35.1430362"><ele>55.3</ele><time>2026-05-13T03:52:09Z</time></trkpt>
<trkpt lat="33.024528" lon="35.1430549"><ele>55.1</ele><time>2026-05-13T03:52:10Z</time></trkpt>
<trkpt lat="33.0246093" lon="35.1430721"><ele>54.9</ele><time>2026-05-13T03:52:11Z</time></trkpt>
<trkpt lat="33.0246905" lon="35.1430883"><ele>54.6</ele><time>2026-05-13T03:52:12Z</time></trkpt>
<trkpt lat="33.0247725" lon="35.1431047"><ele>54.4</ele><time>2026-05-13T03:52:13Z</time></trkpt>
<trkpt lat="33.0248551" lon="35.1431206"><ele>54.2</ele><time>2026-05-13T03:52:14Z</time></trkpt>
<trkpt lat="33.0249389" lon="35.1431372"><ele>53.9</ele><time>2026-05-13T03:52:15Z</time></trkpt>
<trkpt lat="33.025023" lon="35.1431546"><ele>53.7</ele><time>2026-05-13T03:52:16Z</time></trkpt>
<trkpt lat="33.0251071" lon="35.1431715"><ele>53.4</ele><time>2026-05-13T03:52:17Z</time></trkpt>
<trkpt lat="33.0251917" lon="35.1431886"><ele>53.2</ele><time>2026-05-13T03:52:18Z</time></trkpt>
<trkpt lat="33.0252765" lon="35.1432062"><ele>52.9</ele><time>2026-05-13T03:52:19Z</time></trkpt>
<trkpt lat="33.0253603" lon="35.1432252"><ele>52.7</ele><time>2026-05-13T03:52:20Z</time></trkpt>
<trkpt lat="33.025445" lon="35.1432448"><ele>52.4</ele><time>2026-05-13T03:52:21Z</time></trkpt>
<trkpt lat="33.0255308" lon="35.1432631"><ele>52.2</ele><time>2026-05-13T03:52:22Z</time></trkpt>
<trkpt lat="33.0256159" lon="35.1432799"><ele>51.9</ele><time>2026-05-13T03:52:23Z</time></trkpt>
<trkpt lat="33.0257003" lon="35.1432978"><ele>51.7</ele><time>2026-05-13T03:52:24Z</time></trkpt>
<trkpt lat="33.0257832" lon="35.1433155"><ele>51.4</ele><time>2026-05-13T03:52:25Z</time></trkpt>
<trkpt lat="33.0258674" lon="35.1433325"><ele>51.2</ele><time>2026-05-13T03:52:26Z</time></trkpt>
<trkpt lat="33.0259518" lon="35.1433498"><ele>51.0</ele><time>2026-05-13T03:52:27Z</time></trkpt>
<trkpt lat="33.0260335" lon="35.1433667"><ele>50.8</ele><time>2026-05-13T03:52:28Z</time></trkpt>
<trkpt lat="33.0261141" lon="35.1433826"><ele>50.6</ele><time>2026-05-13T03:52:29Z</time></trkpt>
<trkpt lat="33.0261924" lon="35.1433974"><ele>50.5</ele><time>2026-05-13T03:52:30Z</time></trkpt>
<trkpt lat="33.0262707" lon="35.1434134"><ele>50.3</ele><time>2026-05-13T03:52:31Z</time></trkpt>
<trkpt lat="33.0263511" lon="35.1434297"><ele>50.2</ele><time>2026-05-13T03:52:32Z</time></trkpt>
<trkpt lat="33.0264308" lon="35.1434449"><ele>50.1</ele><time>2026-05-13T03:52:33Z</time></trkpt>
<trkpt lat="33.0265081" lon="35.1434582"><ele>50.0</ele><time>2026-05-13T03:52:34Z</time></trkpt>
<trkpt lat="33.0265811" lon="35.1434705"><ele>50.0</ele><time>2026-05-13T03:52:35Z</time></trkpt>
<trkpt lat="33.026651" lon="35.1434826"><ele>50.0</ele><time>2026-05-13T03:52:36Z</time></trkpt>
<trkpt lat="33.0267195" lon="35.1434959"><ele>49.9</ele><time>2026-05-13T03:52:37Z</time></trkpt>
<trkpt lat="33.0267871" lon="35.143512"><ele>49.9</ele><time>2026-05-13T03:52:38Z</time></trkpt>
<trkpt lat="33.0268546" lon="35.1435286"><ele>49.9</ele><time>2026-05-13T03:52:39Z</time></trkpt>
<trkpt lat="33.0269209" lon="35.1435448"><ele>50.0</ele><time>2026-05-13T03:52:40Z</time></trkpt>
<trkpt lat="33.0269865" lon="35.1435602"><ele>50.0</ele><time>2026-05-13T03:52:41Z</time></trkpt>
<trkpt lat="33.0270512" lon="35.1435735"><ele>50.0</ele><time>2026-05-13T03:52:42Z</time></trkpt>
<trkpt lat="33.0271143" lon="35.1435836"><ele>50.1</ele><time>2026-05-13T03:52:43Z</time></trkpt>
<trkpt lat="33.0271761" lon="35.1435913"><ele>50.1</ele><time>2026-05-13T03:52:44Z</time></trkpt>
<trkpt lat="33.0272372" lon="35.1436031"><ele>50.2</ele><time>2026-05-13T03:52:45Z</time></trkpt>
<trkpt lat="33.0272989" lon="35.1436208"><ele>50.3</ele><time>2026-05-13T03:52:46Z</time></trkpt>
<trkpt lat="33.027361" lon="35.1436376"><ele>50.4</ele><time>2026-05-13T03:52:47Z</time></trkpt>
<trkpt lat="33.0274231" lon="35.1436506"><ele>50.5</ele><time>2026-05-13T03:52:48Z</time></trkpt>
<trkpt lat="33.0274845" lon="35.1436619"><ele>50.7</ele><time>2026-05-13T03:52:49Z</time></trkpt>
<trkpt lat="33.0276226" lon="35.143684"><ele>51.2</ele><time>2026-05-13T03:52:51Z</time></trkpt>
<trkpt lat="33.0276795" lon="35.1436909"><ele>51.4</ele><time>2026-05-13T03:52:52Z</time></trkpt>
<trkpt lat="33.0277348" lon="35.1436972"><ele>51.6</ele><time>2026-05-13T03:52:53Z</time></trkpt>
<trkpt lat="33.0277914" lon="35.1437026"><ele>51.7</ele><time>2026-05-13T03:52:54Z</time></trkpt>
<trkpt lat="33.0278489" lon="35.1437097"><ele>51.8</ele><time>2026-05-13T03:52:55Z</time></trkpt>
<trkpt lat="33.0279067" lon="35.1437192"><ele>52.0</ele><time>2026-05-13T03:52:56Z</time></trkpt>
<trkpt lat="33.0279643" lon="35.1437274"><ele>52.1</ele><time>2026-05-13T03:52:57Z</time></trkpt>
<trkpt lat="33.0280214" lon="35.1437366"><ele>52.2</ele><time>2026-05-13T03:52:58Z</time></trkpt>
<trkpt lat="33.0280773" lon="35.1437488"><ele>52.3</ele><time>2026-05-13T03:52:59Z</time></trkpt>
<trkpt lat="33.0281348" lon="35.1437588"><ele>52.4</ele><time>2026-05-13T03:53:00Z</time></trkpt>
<trkpt lat="33.0281921" lon="35.1437642"><ele>52.5</ele><time>2026-05-13T03:53:01Z</time></trkpt>
<trkpt lat="33.0282488" lon="35.1437711"><ele>52.6</ele><time>2026-05-13T03:53:02Z</time></trkpt>
<trkpt lat="33.0283049" lon="35.1437798"><ele>52.8</ele><time>2026-05-13T03:53:03Z</time></trkpt>
<trkpt lat="33.0283601" lon="35.1437875"><ele>52.9</ele><time>2026-05-13T03:53:04Z</time></trkpt>
<trkpt lat="33.0284148" lon="35.1437958"><ele>53.0</ele><time>2026-05-13T03:53:05Z</time></trkpt>
<trkpt lat="33.0284692" lon="35.1438041"><ele>53.2</ele><time>2026-05-13T03:53:06Z</time></trkpt>
<trkpt lat="33.0285235" lon="35.1438111"><ele>53.3</ele><time>2026-05-13T03:53:07Z</time></trkpt>
<trkpt lat="33.0285781" lon="35.1438174"><ele>53.4</ele><time>2026-05-13T03:53:08Z</time></trkpt>
<trkpt lat="33.0286331" lon="35.143823"><ele>53.6</ele><time>2026-05-13T03:53:09Z</time></trkpt>
<trkpt lat="33.028688" lon="35.1438293"><ele>53.7</ele><time>2026-05-13T03:53:10Z</time></trkpt>
<trkpt lat="33.0287427" lon="35.1438375"><ele>53.8</ele><time>2026-05-13T03:53:11Z</time></trkpt>
<trkpt lat="33.0287966" lon="35.1438463"><ele>53.9</ele><time>2026-05-13T03:53:12Z</time></trkpt>
<trkpt lat="33.0288498" lon="35.1438547"><ele>54.0</ele><time>2026-05-13T03:53:13Z</time></trkpt>
<trkpt lat="33.0289028" lon="35.1438627"><ele>54.1</ele><time>2026-05-13T03:53:14Z</time></trkpt>
<trkpt lat="33.0289546" lon="35.1438706"><ele>54.2</ele><time>2026-05-13T03:53:15Z</time></trkpt>
<trkpt lat="33.0290052" lon="35.1438777"><ele>54.3</ele><time>2026-05-13T03:53:16Z</time></trkpt>
<trkpt lat="33.0290558" lon="35.1438843"><ele>54.3</ele><time>2026-05-13T03:53:17Z</time></trkpt>
<trkpt lat="33.0291067" lon="35.1438909"><ele>54.4</ele><time>2026-05-13T03:53:18Z</time></trkpt>
<trkpt lat="33.0291571" lon="35.1438973"><ele>54.4</ele><time>2026-05-13T03:53:19Z</time></trkpt>
<trkpt lat="33.029207" lon="35.1439035"><ele>54.5</ele><time>2026-05-13T03:53:20Z</time></trkpt>
<trkpt lat="33.0292569" lon="35.1439092"><ele>54.5</ele><time>2026-05-13T03:53:21Z</time></trkpt>
<trkpt lat="33.0293075" lon="35.1439152"><ele>54.5</ele><time>2026-05-13T03:53:22Z</time></trkpt>
<trkpt lat="33.0293592" lon="35.1439222"><ele>54.5</ele><time>2026-05-13T03:53:23Z</time></trkpt>
<trkpt lat="33.0294121" lon="35.1439299"><ele>54.6</ele><time>2026-05-13T03:53:24Z</time></trkpt>
<trkpt lat="33.0294659" lon="35.1439381"><ele>54.6</ele><time>2026-05-13T03:53:25Z</time></trkpt>
<trkpt lat="33.0295199" lon="35.1439467"><ele>54.6</ele><time>2026-05-13T03:53:26Z</time></trkpt>
<trkpt lat="33.0295737" lon="35.143955"><ele>54.6</ele><time>2026-05-13T03:53:27Z</time></trkpt>
<trkpt lat="33.0296264" lon="35.1439621"><ele>54.7</ele><time>2026-05-13T03:53:28Z</time></trkpt>
<trkpt lat="33.029679" lon="35.1439683"><ele>54.7</ele><time>2026-05-13T03:53:29Z</time></trkpt>
<trkpt lat="33.0297323" lon="35.1439742"><ele>54.7</ele><time>2026-05-13T03:53:30Z</time></trkpt>
<trkpt lat="33.0297856" lon="35.1439808"><ele>54.7</ele><time>2026-05-13T03:53:31Z</time></trkpt>
<trkpt lat="33.0298375" lon="35.1439877"><ele>54.7</ele><time>2026-05-13T03:53:32Z</time></trkpt>
<trkpt lat="33.0298896" lon="35.1439942"><ele>54.7</ele><time>2026-05-13T03:53:33Z</time></trkpt>
<trkpt lat="33.029944" lon="35.1440004"><ele>54.7</ele><time>2026-05-13T03:53:34Z</time></trkpt>
<trkpt lat="33.0299995" lon="35.1440066"><ele>54.7</ele><time>2026-05-13T03:53:35Z</time></trkpt>
<trkpt lat="33.0300552" lon="35.1440127"><ele>54.8</ele><time>2026-05-13T03:53:36Z</time></trkpt>
<trkpt lat="33.0301103" lon="35.1440191"><ele>54.8</ele><time>2026-05-13T03:53:37Z</time></trkpt>
<trkpt lat="33.0301645" lon="35.1440264"><ele>54.8</ele><time>2026-05-13T03:53:38Z</time></trkpt>
<trkpt lat="33.0302178" lon="35.1440343"><ele>54.8</ele><time>2026-05-13T03:53:39Z</time></trkpt>
<trkpt lat="33.0302709" lon="35.1440427"><ele>54.8</ele><time>2026-05-13T03:53:40Z</time></trkpt>
<trkpt lat="33.0303242" lon="35.1440507"><ele>54.8</ele><time>2026-05-13T03:53:41Z</time></trkpt>
<trkpt lat="33.0303772" lon="35.144057"><ele>54.8</ele><time>2026-05-13T03:53:42Z</time></trkpt>
<trkpt lat="33.0304293" lon="35.1440631"><ele>54.9</ele><time>2026-05-13T03:53:43Z</time></trkpt>
<trkpt lat="33.0304809" lon="35.1440705"><ele>54.9</ele><time>2026-05-13T03:53:44Z</time></trkpt>
<trkpt lat="33.0305313" lon="35.1440778"><ele>54.9</ele><time>2026-05-13T03:53:45Z</time></trkpt>
<trkpt lat="33.0305818" lon="35.1440849"><ele>54.9</ele><time>2026-05-13T03:53:46Z</time></trkpt>
<trkpt lat="33.0306325" lon="35.1440921"><ele>54.9</ele><time>2026-05-13T03:53:47Z</time></trkpt>
<trkpt lat="33.0306818" lon="35.1440989"><ele>54.9</ele><time>2026-05-13T03:53:48Z</time></trkpt>
<trkpt lat="33.0307301" lon="35.1441059"><ele>54.9</ele><time>2026-05-13T03:53:49Z</time></trkpt>
<trkpt lat="33.0307806" lon="35.1441128"><ele>54.9</ele><time>2026-05-13T03:53:50Z</time></trkpt>
<trkpt lat="33.0308345" lon="35.1441191"><ele>54.9</ele><time>2026-05-13T03:53:51Z</time></trkpt>
<trkpt lat="33.0308898" lon="35.1441247"><ele>54.9</ele><time>2026-05-13T03:53:52Z</time></trkpt>
<trkpt lat="33.0309444" lon="35.1441299"><ele>55.0</ele><time>2026-05-13T03:53:53Z</time></trkpt>
<trkpt lat="33.0309984" lon="35.1441355"><ele>55.0</ele><time>2026-05-13T03:53:54Z</time></trkpt>
<trkpt lat="33.0310532" lon="35.1441412"><ele>55.0</ele><time>2026-05-13T03:53:55Z</time></trkpt>
<trkpt lat="33.0311099" lon="35.1441465"><ele>55.0</ele><time>2026-05-13T03:53:56Z</time></trkpt>
<trkpt lat="33.0311683" lon="35.1441527"><ele>55.0</ele><time>2026-05-13T03:53:57Z</time></trkpt>
<trkpt lat="33.0312265" lon="35.1441609"><ele>55.0</ele><time>2026-05-13T03:53:58Z</time></trkpt>
<trkpt lat="33.0312842" lon="35.1441706"><ele>55.0</ele><time>2026-05-13T03:53:59Z</time></trkpt>
<trkpt lat="33.0313413" lon="35.144182"><ele>55.0</ele><time>2026-05-13T03:54:00Z</time></trkpt>
<trkpt lat="33.0314007" lon="35.1441898"><ele>55.0</ele><time>2026-05-13T03:54:01Z</time></trkpt>
<trkpt lat="33.0314633" lon="35.1441949"><ele>55.0</ele><time>2026-05-13T03:54:02Z</time></trkpt>
<trkpt lat="33.0315262" lon="35.1442006"><ele>55.0</ele><time>2026-05-13T03:54:03Z</time></trkpt>
<trkpt lat="33.0315876" lon="35.1442052"><ele>55.0</ele><time>2026-05-13T03:54:04Z</time></trkpt>
<trkpt lat="33.031648" lon="35.1442115"><ele>54.9</ele><time>2026-05-13T03:54:05Z</time></trkpt>
<trkpt lat="33.0317073" lon="35.1442201"><ele>54.9</ele><time>2026-05-13T03:54:06Z</time></trkpt>
<trkpt lat="33.0317714" lon="35.144232"><ele>54.9</ele><time>2026-05-13T03:54:07Z</time></trkpt>
<trkpt lat="33.0318398" lon="35.1442457"><ele>54.8</ele><time>2026-05-13T03:54:08Z</time></trkpt>
<trkpt lat="33.0319042" lon="35.144257"><ele>54.8</ele><time>2026-05-13T03:54:09Z</time></trkpt>
<trkpt lat="33.0319689" lon="35.1442672"><ele>54.8</ele><time>2026-05-13T03:54:10Z</time></trkpt>
<trkpt lat="33.0320379" lon="35.144278"><ele>54.7</ele><time>2026-05-13T03:54:11Z</time></trkpt>
<trkpt lat="33.0321059" lon="35.1442902"><ele>54.7</ele><time>2026-05-13T03:54:12Z</time></trkpt>
<trkpt lat="33.0321718" lon="35.1443031"><ele>54.6</ele><time>2026-05-13T03:54:13Z</time></trkpt>
<trkpt lat="33.0322378" lon="35.1443167"><ele>54.6</ele><time>2026-05-13T03:54:14Z</time></trkpt>
<trkpt lat="33.0323033" lon="35.1443319"><ele>54.5</ele><time>2026-05-13T03:54:15Z</time></trkpt>
<trkpt lat="33.0323694" lon="35.1443481"><ele>54.5</ele><time>2026-05-13T03:54:16Z</time></trkpt>
<trkpt lat="33.0324337" lon="35.1443644"><ele>54.5</ele><time>2026-05-13T03:54:17Z</time></trkpt>
<trkpt lat="33.0324974" lon="35.1443833"><ele>54.5</ele><time>2026-05-13T03:54:18Z</time></trkpt>
<trkpt lat="33.0325638" lon="35.1444031"><ele>54.5</ele><time>2026-05-13T03:54:19Z</time></trkpt>
<trkpt lat="33.0326301" lon="35.1444228"><ele>54.5</ele><time>2026-05-13T03:54:20Z</time></trkpt>
<trkpt lat="33.032696" lon="35.1444461"><ele>54.5</ele><time>2026-05-13T03:54:21Z</time></trkpt>
<trkpt lat="33.03276" lon="35.1444708"><ele>54.5</ele><time>2026-05-13T03:54:22Z</time></trkpt>
<trkpt lat="33.0328212" lon="35.144492"><ele>54.5</ele><time>2026-05-13T03:54:23Z</time></trkpt>
<trkpt lat="33.0328819" lon="35.1445115"><ele>54.5</ele><time>2026-05-13T03:54:24Z</time></trkpt>
<trkpt lat="33.0329446" lon="35.1445332"><ele>54.5</ele><time>2026-05-13T03:54:25Z</time></trkpt>
<trkpt lat="33.0330083" lon="35.1445554"><ele>54.5</ele><time>2026-05-13T03:54:26Z</time></trkpt>
<trkpt lat="33.0330711" lon="35.1445768"><ele>54.5</ele><time>2026-05-13T03:54:27Z</time></trkpt>
<trkpt lat="33.0331347" lon="35.1445997"><ele>54.4</ele><time>2026-05-13T03:54:28Z</time></trkpt>
<trkpt lat="33.0331982" lon="35.144625"><ele>54.4</ele><time>2026-05-13T03:54:29Z</time></trkpt>
<trkpt lat="33.0332625" lon="35.1446507"><ele>54.3</ele><time>2026-05-13T03:54:30Z</time></trkpt>
<trkpt lat="33.033327" lon="35.1446757"><ele>54.3</ele><time>2026-05-13T03:54:31Z</time></trkpt>
<trkpt lat="33.033391" lon="35.1446986"><ele>54.2</ele><time>2026-05-13T03:54:32Z</time></trkpt>
<trkpt lat="33.033456" lon="35.1447205"><ele>54.1</ele><time>2026-05-13T03:54:33Z</time></trkpt>
<trkpt lat="33.0335211" lon="35.1447421"><ele>54.0</ele><time>2026-05-13T03:54:34Z</time></trkpt>
<trkpt lat="33.0335877" lon="35.1447641"><ele>54.0</ele><time>2026-05-13T03:54:35Z</time></trkpt>
<trkpt lat="33.0336561" lon="35.1447882"><ele>53.9</ele><time>2026-05-13T03:54:36Z</time></trkpt>
<trkpt lat="33.0337247" lon="35.1448144"><ele>53.8</ele><time>2026-05-13T03:54:37Z</time></trkpt>
<trkpt lat="33.0337935" lon="35.1448407"><ele>53.7</ele><time>2026-05-13T03:54:38Z</time></trkpt>
<trkpt lat="33.0338631" lon="35.1448686"><ele>53.6</ele><time>2026-05-13T03:54:39Z</time></trkpt>
<trkpt lat="33.0339338" lon="35.1448974"><ele>53.5</ele><time>2026-05-13T03:54:40Z</time></trkpt>
<trkpt lat="33.0340032" lon="35.1449233"><ele>53.4</ele><time>2026-05-13T03:54:41Z</time></trkpt>
<trkpt lat="33.0340715" lon="35.1449491"><ele>53.3</ele><time>2026-05-13T03:54:42Z</time></trkpt>
<trkpt lat="33.0341399" lon="35.144976"><ele>53.2</ele><time>2026-05-13T03:54:43Z</time></trkpt>
<trkpt lat="33.0342088" lon="35.1450056"><ele>53.1</ele><time>2026-05-13T03:54:44Z</time></trkpt>
<trkpt lat="33.0342774" lon="35.1450373"><ele>52.9</ele><time>2026-05-13T03:54:45Z</time></trkpt>
<trkpt lat="33.0343462" lon="35.1450671"><ele>52.8</ele><time>2026-05-13T03:54:46Z</time></trkpt>
<trkpt lat="33.0344138" lon="35.1450941"><ele>52.7</ele><time>2026-05-13T03:54:47Z</time></trkpt>
<trkpt lat="33.0344806" lon="35.1451205"><ele>52.6</ele><time>2026-05-13T03:54:48Z</time></trkpt>
<trkpt lat="33.0345483" lon="35.1451454"><ele>52.4</ele><time>2026-05-13T03:54:49Z</time></trkpt>
<trkpt lat="33.0346161" lon="35.1451713"><ele>52.3</ele><time>2026-05-13T03:54:50Z</time></trkpt>
<trkpt lat="33.0346832" lon="35.1451997"><ele>52.2</ele><time>2026-05-13T03:54:51Z</time></trkpt>
<trkpt lat="33.0347485" lon="35.1452262"><ele>52.1</ele><time>2026-05-13T03:54:52Z</time></trkpt>
<trkpt lat="33.0348132" lon="35.145252"><ele>52.0</ele><time>2026-05-13T03:54:53Z</time></trkpt>
<trkpt lat="33.0348772" lon="35.1452795"><ele>51.9</ele><time>2026-05-13T03:54:54Z</time></trkpt>
<trkpt lat="33.0349399" lon="35.1453057"><ele>51.8</ele><time>2026-05-13T03:54:55Z</time></trkpt>
<trkpt lat="33.0350035" lon="35.14533"><ele>51.7</ele><time>2026-05-13T03:54:56Z</time></trkpt>
<trkpt lat="33.035066" lon="35.145353"><ele>51.6</ele><time>2026-05-13T03:54:57Z</time></trkpt>
<trkpt lat="33.0351275" lon="35.1453757"><ele>51.6</ele><time>2026-05-13T03:54:58Z</time></trkpt>
<trkpt lat="33.0351909" lon="35.1453992"><ele>51.5</ele><time>2026-05-13T03:54:59Z</time></trkpt>
<trkpt lat="33.0352531" lon="35.1454201"><ele>51.5</ele><time>2026-05-13T03:55:00Z</time></trkpt>
<trkpt lat="33.035313" lon="35.1454401"><ele>51.4</ele><time>2026-05-13T03:55:01Z</time></trkpt>
<trkpt lat="33.0353727" lon="35.1454583"><ele>51.4</ele><time>2026-05-13T03:55:02Z</time></trkpt>
<trkpt lat="33.0354347" lon="35.1454767"><ele>51.3</ele><time>2026-05-13T03:55:03Z</time></trkpt>
<trkpt lat="33.0354951" lon="35.1454998"><ele>51.3</ele><time>2026-05-13T03:55:04Z</time></trkpt>
<trkpt lat="33.0355532" lon="35.1455246"><ele>51.3</ele><time>2026-05-13T03:55:05Z</time></trkpt>
<trkpt lat="33.0356144" lon="35.1455498"><ele>51.3</ele><time>2026-05-13T03:55:06Z</time></trkpt>
<trkpt lat="33.035679" lon="35.1455731"><ele>51.3</ele><time>2026-05-13T03:55:07Z</time></trkpt>
<trkpt lat="33.0357417" lon="35.1455953"><ele>51.3</ele><time>2026-05-13T03:55:08Z</time></trkpt>
<trkpt lat="33.035801" lon="35.1456179"><ele>51.3</ele><time>2026-05-13T03:55:09Z</time></trkpt>
<trkpt lat="33.0358598" lon="35.1456395"><ele>51.3</ele><time>2026-05-13T03:55:10Z</time></trkpt>
<trkpt lat="33.0359178" lon="35.1456615"><ele>51.4</ele><time>2026-05-13T03:55:11Z</time></trkpt>
<trkpt lat="33.0359748" lon="35.1456836"><ele>51.4</ele><time>2026-05-13T03:55:12Z</time></trkpt>
<trkpt lat="33.0360304" lon="35.1457053"><ele>51.5</ele><time>2026-05-13T03:55:13Z</time></trkpt>
<trkpt lat="33.0360847" lon="35.1457257"><ele>51.6</ele><time>2026-05-13T03:55:14Z</time></trkpt>
<trkpt lat="33.0361362" lon="35.1457424"><ele>51.7</ele><time>2026-05-13T03:55:15Z</time></trkpt>
<trkpt lat="33.0361858" lon="35.1457563"><ele>51.8</ele><time>2026-05-13T03:55:16Z</time></trkpt>
<trkpt lat="33.0362346" lon="35.1457717"><ele>51.9</ele><time>2026-05-13T03:55:17Z</time></trkpt>
<trkpt lat="33.0362843" lon="35.1457912"><ele>52.0</ele><time>2026-05-13T03:55:18Z</time></trkpt>
<trkpt lat="33.0363358" lon="35.1458134"><ele>52.1</ele><time>2026-05-13T03:55:19Z</time></trkpt>
<trkpt lat="33.036387" lon="35.1458353"><ele>52.2</ele><time>2026-05-13T03:55:20Z</time></trkpt>
<trkpt lat="33.0364367" lon="35.1458564"><ele>52.3</ele><time>2026-05-13T03:55:21Z</time></trkpt>
<trkpt lat="33.0364851" lon="35.1458777"><ele>52.5</ele><time>2026-05-13T03:55:22Z</time></trkpt>
<trkpt lat="33.0365325" lon="35.145899"><ele>52.6</ele><time>2026-05-13T03:55:23Z</time></trkpt>
<trkpt lat="33.0365791" lon="35.1459186"><ele>52.7</ele><time>2026-05-13T03:55:24Z</time></trkpt>
<trkpt lat="33.0366263" lon="35.1459366"><ele>52.8</ele><time>2026-05-13T03:55:25Z</time></trkpt>
<trkpt lat="33.0366749" lon="35.1459534"><ele>53.0</ele><time>2026-05-13T03:55:26Z</time></trkpt>
<trkpt lat="33.0367238" lon="35.1459705"><ele>53.1</ele><time>2026-05-13T03:55:27Z</time></trkpt>
<trkpt lat="33.0367718" lon="35.1459898"><ele>53.2</ele><time>2026-05-13T03:55:28Z</time></trkpt>
<trkpt lat="33.036819" lon="35.146011"><ele>53.3</ele><time>2026-05-13T03:55:29Z</time></trkpt>
<trkpt lat="33.0368656" lon="35.1460322"><ele>53.4</ele><time>2026-05-13T03:55:30Z</time></trkpt>
<trkpt lat="33.0369119" lon="35.1460527"><ele>53.5</ele><time>2026-05-13T03:55:31Z</time></trkpt>
<trkpt lat="33.0369593" lon="35.1460733"><ele>53.6</ele><time>2026-05-13T03:55:32Z</time></trkpt>
<trkpt lat="33.0370081" lon="35.1460944"><ele>53.7</ele><time>2026-05-13T03:55:33Z</time></trkpt>
<trkpt lat="33.0370569" lon="35.1461149"><ele>53.8</ele><time>2026-05-13T03:55:34Z</time></trkpt>
<trkpt lat="33.0371054" lon="35.1461346"><ele>53.9</ele><time>2026-05-13T03:55:35Z</time></trkpt>
<trkpt lat="33.0371536" lon="35.146155"><ele>53.9</ele><time>2026-05-13T03:55:36Z</time></trkpt>
<trkpt lat="33.037202" lon="35.146176"><ele>54.0</ele><time>2026-05-13T03:55:37Z</time></trkpt>
<trkpt lat="33.0372503" lon="35.1461963"><ele>54.1</ele><time>2026-05-13T03:55:38Z</time></trkpt>
<trkpt lat="33.037299" lon="35.1462157"><ele>54.1</ele><time>2026-05-13T03:55:39Z</time></trkpt>
<trkpt lat="33.0373486" lon="35.146235"><ele>54.2</ele><time>2026-05-13T03:55:40Z</time></trkpt>
<trkpt lat="33.0373986" lon="35.1462547"><ele>54.2</ele><time>2026-05-13T03:55:41Z</time></trkpt>
<trkpt lat="33.037449" lon="35.1462746"><ele>54.3</ele><time>2026-05-13T03:55:42Z</time></trkpt>
<trkpt lat="33.0374996" lon="35.1462948"><ele>54.3</ele><time>2026-05-13T03:55:43Z</time></trkpt>
<trkpt lat="33.0375506" lon="35.1463158"><ele>54.3</ele><time>2026-05-13T03:55:44Z</time></trkpt>
<trkpt lat="33.037603" lon="35.1463369"><ele>54.3</ele><time>2026-05-13T03:55:45Z</time></trkpt>
<trkpt lat="33.0376565" lon="35.1463573"><ele>54.4</ele><time>2026-05-13T03:55:46Z</time></trkpt>
<trkpt lat="33.0377094" lon="35.1463769"><ele>54.4</ele><time>2026-05-13T03:55:47Z</time></trkpt>
<trkpt lat="33.0377622" lon="35.1463963"><ele>54.4</ele><time>2026-05-13T03:55:48Z</time></trkpt>
<trkpt lat="33.037815" lon="35.1464167"><ele>54.4</ele><time>2026-05-13T03:55:49Z</time></trkpt>
<trkpt lat="33.037867" lon="35.1464371"><ele>54.4</ele><time>2026-05-13T03:55:50Z</time></trkpt>
<trkpt lat="33.0379178" lon="35.1464558"><ele>54.4</ele><time>2026-05-13T03:55:51Z</time></trkpt>
<trkpt lat="33.0379694" lon="35.1464744"><ele>54.3</ele><time>2026-05-13T03:55:52Z</time></trkpt>
<trkpt lat="33.0380213" lon="35.1464953"><ele>54.3</ele><time>2026-05-13T03:55:53Z</time></trkpt>
<trkpt lat="33.0380723" lon="35.1465166"><ele>54.3</ele><time>2026-05-13T03:55:54Z</time></trkpt>
<trkpt lat="33.038123" lon="35.1465365"><ele>54.4</ele><time>2026-05-13T03:55:55Z</time></trkpt>
<trkpt lat="33.0381741" lon="35.1465552"><ele>54.4</ele><time>2026-05-13T03:55:56Z</time></trkpt>
<trkpt lat="33.0382253" lon="35.1465733"><ele>54.4</ele><time>2026-05-13T03:55:57Z</time></trkpt>
<trkpt lat="33.038277" lon="35.1465922"><ele>54.4</ele><time>2026-05-13T03:55:58Z</time></trkpt>
<trkpt lat="33.0383298" lon="35.1466117"><ele>54.4</ele><time>2026-05-13T03:55:59Z</time></trkpt>
<trkpt lat="33.0383841" lon="35.1466303"><ele>54.4</ele><time>2026-05-13T03:56:00Z</time></trkpt>
<trkpt lat="33.0384384" lon="35.1466494"><ele>54.4</ele><time>2026-05-13T03:56:01Z</time></trkpt>
<trkpt lat="33.0384914" lon="35.1466699"><ele>54.5</ele><time>2026-05-13T03:56:02Z</time></trkpt>
<trkpt lat="33.0385428" lon="35.1466911"><ele>54.5</ele><time>2026-05-13T03:56:03Z</time></trkpt>
<trkpt lat="33.0385934" lon="35.1467113"><ele>54.5</ele><time>2026-05-13T03:56:04Z</time></trkpt>
<trkpt lat="33.0386441" lon="35.1467299"><ele>54.5</ele><time>2026-05-13T03:56:05Z</time></trkpt>
<trkpt lat="33.0386954" lon="35.146747"><ele>54.6</ele><time>2026-05-13T03:56:06Z</time></trkpt>
<trkpt lat="33.0387472" lon="35.1467628"><ele>54.6</ele><time>2026-05-13T03:56:07Z</time></trkpt>
<trkpt lat="33.0387983" lon="35.1467782"><ele>54.6</ele><time>2026-05-13T03:56:08Z</time></trkpt>
<trkpt lat="33.0388489" lon="35.1467952"><ele>54.7</ele><time>2026-05-13T03:56:09Z</time></trkpt>
<trkpt lat="33.0388998" lon="35.1468149"><ele>54.7</ele><time>2026-05-13T03:56:10Z</time></trkpt>
<trkpt lat="33.0389518" lon="35.1468368"><ele>54.8</ele><time>2026-05-13T03:56:11Z</time></trkpt>
<trkpt lat="33.0390039" lon="35.146859"><ele>54.8</ele><time>2026-05-13T03:56:12Z</time></trkpt>
<trkpt lat="33.0390544" lon="35.1468792"><ele>54.8</ele><time>2026-05-13T03:56:13Z</time></trkpt>
<trkpt lat="33.0391034" lon="35.1468977"><ele>54.9</ele><time>2026-05-13T03:56:14Z</time></trkpt>
<trkpt lat="33.0391516" lon="35.1469166"><ele>54.9</ele><time>2026-05-13T03:56:15Z</time></trkpt>
<trkpt lat="33.0392002" lon="35.146936"><ele>55.0</ele><time>2026-05-13T03:56:16Z</time></trkpt>
<trkpt lat="33.0392493" lon="35.1469552"><ele>55.0</ele><time>2026-05-13T03:56:17Z</time></trkpt>
<trkpt lat="33.0392977" lon="35.1469746"><ele>55.1</ele><time>2026-05-13T03:56:18Z</time></trkpt>
<trkpt lat="33.0393456" lon="35.1469952"><ele>55.2</ele><time>2026-05-13T03:56:19Z</time></trkpt>
<trkpt lat="33.0394812" lon="35.1470515"><ele>55.5</ele><time>2026-05-13T03:56:22Z</time></trkpt>
<trkpt lat="33.0395283" lon="35.1470692"><ele>55.6</ele><time>2026-05-13T03:56:23Z</time></trkpt>
<trkpt lat="33.0395743" lon="35.1470859"><ele>55.6</ele><time>2026-05-13T03:56:24Z</time></trkpt>
<trkpt lat="33.0396212" lon="35.1471029"><ele>55.7</ele><time>2026-05-13T03:56:25Z</time></trkpt>
<trkpt lat="33.0396684" lon="35.1471198"><ele>55.7</ele><time>2026-05-13T03:56:26Z</time></trkpt>
<trkpt lat="33.0397155" lon="35.1471367"><ele>55.7</ele><time>2026-05-13T03:56:27Z</time></trkpt>
<trkpt lat="33.0398095" lon="35.147173"><ele>55.8</ele><time>2026-05-13T03:56:28Z</time></trkpt>
<trkpt lat="33.0398566" lon="35.1471892"><ele>55.9</ele><time>2026-05-13T03:56:29Z</time></trkpt>
<trkpt lat="33.0399029" lon="35.1472056"><ele>55.9</ele><time>2026-05-13T03:56:30Z</time></trkpt>
<trkpt lat="33.0399495" lon="35.1472222"><ele>56.0</ele><time>2026-05-13T03:56:31Z</time></trkpt>
<trkpt lat="33.0399968" lon="35.1472401"><ele>56.1</ele><time>2026-05-13T03:56:32Z</time></trkpt>
<trkpt lat="33.040043" lon="35.1472598"><ele>56.1</ele><time>2026-05-13T03:56:33Z</time></trkpt>
<trkpt lat="33.0400882" lon="35.1472806"><ele>56.2</ele><time>2026-05-13T03:56:34Z</time></trkpt>
<trkpt lat="33.0401335" lon="35.1473007"><ele>56.2</ele><time>2026-05-13T03:56:35Z</time></trkpt>
<trkpt lat="33.040179" lon="35.1473199"><ele>56.3</ele><time>2026-05-13T03:56:36Z</time></trkpt>
<trkpt lat="33.0402247" lon="35.1473387"><ele>56.3</ele><time>2026-05-13T03:56:37Z</time></trkpt>
<trkpt lat="33.0402708" lon="35.1473571"><ele>56.3</ele><time>2026-05-13T03:56:38Z</time></trkpt>
<trkpt lat="33.0403166" lon="35.147376"><ele>56.4</ele><time>2026-05-13T03:56:39Z</time></trkpt>
<trkpt lat="33.0403631" lon="35.1473957"><ele>56.4</ele><time>2026-05-13T03:56:40Z</time></trkpt>
<trkpt lat="33.0404113" lon="35.1474153"><ele>56.5</ele><time>2026-05-13T03:56:41Z</time></trkpt>
<trkpt lat="33.0404591" lon="35.1474351"><ele>56.5</ele><time>2026-05-13T03:56:42Z</time></trkpt>
<trkpt lat="33.0405065" lon="35.1474559"><ele>56.6</ele><time>2026-05-13T03:56:43Z</time></trkpt>
<trkpt lat="33.0405538" lon="35.1474765"><ele>56.6</ele><time>2026-05-13T03:56:44Z</time></trkpt>
<trkpt lat="33.0406013" lon="35.1474967"><ele>56.7</ele><time>2026-05-13T03:56:45Z</time></trkpt>
<trkpt lat="33.0406491" lon="35.1475171"><ele>56.7</ele><time>2026-05-13T03:56:46Z</time></trkpt>
<trkpt lat="33.0406968" lon="35.147538"><ele>56.8</ele><time>2026-05-13T03:56:47Z</time></trkpt>
<trkpt lat="33.0407444" lon="35.1475595"><ele>56.8</ele><time>2026-05-13T03:56:48Z</time></trkpt>
<trkpt lat="33.040792" lon="35.1475809"><ele>56.9</ele><time>2026-05-13T03:56:49Z</time></trkpt>
<trkpt lat="33.0408397" lon="35.1476021"><ele>56.9</ele><time>2026-05-13T03:56:50Z</time></trkpt>
<trkpt lat="33.0408873" lon="35.1476234"><ele>57.0</ele><time>2026-05-13T03:56:51Z</time></trkpt>
<trkpt lat="33.0409348" lon="35.1476453"><ele>57.0</ele><time>2026-05-13T03:56:52Z</time></trkpt>
<trkpt lat="33.0409829" lon="35.1476669"><ele>57.1</ele><time>2026-05-13T03:56:53Z</time></trkpt>
<trkpt lat="33.0410317" lon="35.1476877"><ele>57.2</ele><time>2026-05-13T03:56:54Z</time></trkpt>
<trkpt lat="33.0410803" lon="35.1477091"><ele>57.2</ele><time>2026-05-13T03:56:55Z</time></trkpt>
<trkpt lat="33.0411275" lon="35.1477309"><ele>57.3</ele><time>2026-05-13T03:56:56Z</time></trkpt>
<trkpt lat="33.0411727" lon="35.1477524"><ele>57.4</ele><time>2026-05-13T03:56:57Z</time></trkpt>
<trkpt lat="33.0412171" lon="35.1477739"><ele>57.4</ele><time>2026-05-13T03:56:58Z</time></trkpt>
<trkpt lat="33.0412628" lon="35.1477959"><ele>57.5</ele><time>2026-05-13T03:56:59Z</time></trkpt>
<trkpt lat="33.0413098" lon="35.1478184"><ele>57.6</ele><time>2026-05-13T03:57:00Z</time></trkpt>
<trkpt lat="33.0413575" lon="35.1478405"><ele>57.7</ele><time>2026-05-13T03:57:01Z</time></trkpt>
<trkpt lat="33.0414046" lon="35.1478609"><ele>57.7</ele><time>2026-05-13T03:57:02Z</time></trkpt>
<trkpt lat="33.0414515" lon="35.1478822"><ele>57.8</ele><time>2026-05-13T03:57:03Z</time></trkpt>
<trkpt lat="33.0414985" lon="35.1479046"><ele>57.9</ele><time>2026-05-13T03:57:04Z</time></trkpt>
<trkpt lat="33.0415451" lon="35.1479261"><ele>58.0</ele><time>2026-05-13T03:57:05Z</time></trkpt>
<trkpt lat="33.0415919" lon="35.1479472"><ele>58.0</ele><time>2026-05-13T03:57:06Z</time></trkpt>
<trkpt lat="33.0416385" lon="35.1479681"><ele>58.1</ele><time>2026-05-13T03:57:07Z</time></trkpt>
<trkpt lat="33.0416847" lon="35.1479892"><ele>58.2</ele><time>2026-05-13T03:57:08Z</time></trkpt>
<trkpt lat="33.0417307" lon="35.1480107"><ele>58.2</ele><time>2026-05-13T03:57:09Z</time></trkpt>
<trkpt lat="33.0417774" lon="35.1480337"><ele>58.3</ele><time>2026-05-13T03:57:10Z</time></trkpt>
<trkpt lat="33.0418238" lon="35.1480581"><ele>58.3</ele><time>2026-05-13T03:57:11Z</time></trkpt>
<trkpt lat="33.0418687" lon="35.148084"><ele>58.4</ele><time>2026-05-13T03:57:12Z</time></trkpt>
<trkpt lat="33.0419102" lon="35.1481129"><ele>58.4</ele><time>2026-05-13T03:57:13Z</time></trkpt>
<trkpt lat="33.0419469" lon="35.1481473"><ele>58.5</ele><time>2026-05-13T03:57:14Z</time></trkpt>
<trkpt lat="33.0419777" lon="35.1481909"><ele>58.5</ele><time>2026-05-13T03:57:15Z</time></trkpt>
<trkpt lat="33.0420003" lon="35.1482438"><ele>58.6</ele><time>2026-05-13T03:57:16Z</time></trkpt>
<trkpt lat="33.0420124" lon="35.1483019"><ele>58.7</ele><time>2026-05-13T03:57:17Z</time></trkpt>
<trkpt lat="33.0420151" lon="35.1483626"><ele>58.8</ele><time>2026-05-13T03:57:18Z</time></trkpt>
<trkpt lat="33.0420117" lon="35.1484218"><ele>58.9</ele><time>2026-05-13T03:57:19Z</time></trkpt>
<trkpt lat="33.042006" lon="35.1484772"><ele>59.0</ele><time>2026-05-13T03:57:20Z</time></trkpt>
<trkpt lat="33.0420013" lon="35.1485305"><ele>59.1</ele><time>2026-05-13T03:57:21Z</time></trkpt>
<trkpt lat="33.0419988" lon="35.148584"><ele>59.2</ele><time>2026-05-13T03:57:22Z</time></trkpt>
<trkpt lat="33.0419993" lon="35.1486384"><ele>59.3</ele><time>2026-05-13T03:57:23Z</time></trkpt>
<trkpt lat="33.0420029" lon="35.1486933"><ele>59.4</ele><time>2026-05-13T03:57:24Z</time></trkpt>
<trkpt lat="33.0420084" lon="35.1487499"><ele>59.5</ele><time>2026-05-13T03:57:25Z</time></trkpt>
<trkpt lat="33.0420161" lon="35.1488079"><ele>59.5</ele><time>2026-05-13T03:57:26Z</time></trkpt>
<trkpt lat="33.0420259" lon="35.1488658"><ele>59.6</ele><time>2026-05-13T03:57:27Z</time></trkpt>
<trkpt lat="33.0420378" lon="35.1489238"><ele>59.6</ele><time>2026-05-13T03:57:28Z</time></trkpt>
<trkpt lat="33.0420517" lon="35.1489822"><ele>59.7</ele><time>2026-05-13T03:57:29Z</time></trkpt>
<trkpt lat="33.0420674" lon="35.14904"><ele>59.7</ele><time>2026-05-13T03:57:30Z</time></trkpt>
<trkpt lat="33.0420851" lon="35.1490973"><ele>59.7</ele><time>2026-05-13T03:57:31Z</time></trkpt>
<trkpt lat="33.0421047" lon="35.1491536"><ele>59.7</ele><time>2026-05-13T03:57:32Z</time></trkpt>
<trkpt lat="33.0421255" lon="35.14921"><ele>59.8</ele><time>2026-05-13T03:57:33Z</time></trkpt>
<trkpt lat="33.042148" lon="35.1492666"><ele>59.8</ele><time>2026-05-13T03:57:34Z</time></trkpt>
<trkpt lat="33.0421724" lon="35.149321"><ele>59.8</ele><time>2026-05-13T03:57:35Z</time></trkpt>
<trkpt lat="33.0421984" lon="35.1493738"><ele>59.8</ele><time>2026-05-13T03:57:36Z</time></trkpt>
<trkpt lat="33.0422259" lon="35.1494263"><ele>59.8</ele><time>2026-05-13T03:57:37Z</time></trkpt>
<trkpt lat="33.0422536" lon="35.1494784"><ele>59.9</ele><time>2026-05-13T03:57:38Z</time></trkpt>
<trkpt lat="33.0422815" lon="35.1495296"><ele>59.9</ele><time>2026-05-13T03:57:39Z</time></trkpt>
<trkpt lat="33.0423089" lon="35.1495806"><ele>59.9</ele><time>2026-05-13T03:57:40Z</time></trkpt>
<trkpt lat="33.0423357" lon="35.1496322"><ele>60.0</ele><time>2026-05-13T03:57:41Z</time></trkpt>
<trkpt lat="33.0423626" lon="35.149684"><ele>60.0</ele><time>2026-05-13T03:57:42Z</time></trkpt>
<trkpt lat="33.0423887" lon="35.1497347"><ele>60.1</ele><time>2026-05-13T03:57:43Z</time></trkpt>
<trkpt lat="33.0424137" lon="35.1497851"><ele>60.1</ele><time>2026-05-13T03:57:44Z</time></trkpt>
<trkpt lat="33.0424385" lon="35.1498372"><ele>60.2</ele><time>2026-05-13T03:57:45Z</time></trkpt>
<trkpt lat="33.0424623" lon="35.1498895"><ele>60.3</ele><time>2026-05-13T03:57:46Z</time></trkpt>
<trkpt lat="33.0424852" lon="35.1499415"><ele>60.4</ele><time>2026-05-13T03:57:47Z</time></trkpt>
<trkpt lat="33.0425087" lon="35.1499942"><ele>60.4</ele><time>2026-05-13T03:57:48Z</time></trkpt>
<trkpt lat="33.0425331" lon="35.1500471"><ele>60.5</ele><time>2026-05-13T03:57:49Z</time></trkpt>
<trkpt lat="33.0425582" lon="35.1500992"><ele>60.6</ele><time>2026-05-13T03:57:50Z</time></trkpt>
<trkpt lat="33.0425846" lon="35.1501497"><ele>60.7</ele><time>2026-05-13T03:57:51Z</time></trkpt>
<trkpt lat="33.0426119" lon="35.1501993"><ele>60.8</ele><time>2026-05-13T03:57:52Z</time></trkpt>
<trkpt lat="33.0426399" lon="35.1502488"><ele>60.9</ele><time>2026-05-13T03:57:53Z</time></trkpt>
<trkpt lat="33.042668" lon="35.1502988"><ele>61.0</ele><time>2026-05-13T03:57:54Z</time></trkpt>
<trkpt lat="33.0426954" lon="35.1503502"><ele>61.1</ele><time>2026-05-13T03:57:55Z</time></trkpt>
<trkpt lat="33.0427222" lon="35.1504023"><ele>61.2</ele><time>2026-05-13T03:57:56Z</time></trkpt>
<trkpt lat="33.0427486" lon="35.1504533"><ele>61.3</ele><time>2026-05-13T03:57:57Z</time></trkpt>
<trkpt lat="33.0427751" lon="35.1505031"><ele>61.4</ele><time>2026-05-13T03:57:58Z</time></trkpt>
<trkpt lat="33.0428012" lon="35.1505523"><ele>61.5</ele><time>2026-05-13T03:57:59Z</time></trkpt>
<trkpt lat="33.0428267" lon="35.1506015"><ele>61.6</ele><time>2026-05-13T03:58:00Z</time></trkpt>
<trkpt lat="33.0428519" lon="35.1506506"><ele>61.7</ele><time>2026-05-13T03:58:01Z</time></trkpt>
<trkpt lat="33.042877" lon="35.150701"><ele>61.8</ele><time>2026-05-13T03:58:02Z</time></trkpt>
<trkpt lat="33.0429014" lon="35.1507512"><ele>61.9</ele><time>2026-05-13T03:58:03Z</time></trkpt>
<trkpt lat="33.0429246" lon="35.1507993"><ele>62.0</ele><time>2026-05-13T03:58:04Z</time></trkpt>
<trkpt lat="33.0429476" lon="35.1508463"><ele>62.2</ele><time>2026-05-13T03:58:05Z</time></trkpt>
<trkpt lat="33.0429709" lon="35.1508931"><ele>62.3</ele><time>2026-05-13T03:58:06Z</time></trkpt>
<trkpt lat="33.0429956" lon="35.1509403"><ele>62.4</ele><time>2026-05-13T03:58:07Z</time></trkpt>
<trkpt lat="33.0430202" lon="35.1509879"><ele>62.6</ele><time>2026-05-13T03:58:08Z</time></trkpt>
<trkpt lat="33.0430442" lon="35.1510363"><ele>62.7</ele><time>2026-05-13T03:58:09Z</time></trkpt>
<trkpt lat="33.0430678" lon="35.1510852"><ele>62.9</ele><time>2026-05-13T03:58:10Z</time></trkpt>
<trkpt lat="33.0430906" lon="35.1511328"><ele>63.0</ele><time>2026-05-13T03:58:11Z</time></trkpt>
<trkpt lat="33.0431127" lon="35.1511783"><ele>63.1</ele><time>2026-05-13T03:58:12Z</time></trkpt>
<trkpt lat="33.0431347" lon="35.1512217"><ele>63.3</ele><time>2026-05-13T03:58:13Z</time></trkpt>
<trkpt lat="33.0431569" lon="35.1512638"><ele>63.4</ele><time>2026-05-13T03:58:14Z</time></trkpt>
<trkpt lat="33.0431797" lon="35.1513059"><ele>63.5</ele><time>2026-05-13T03:58:15Z</time></trkpt>
<trkpt lat="33.043204" lon="35.1513479"><ele>63.7</ele><time>2026-05-13T03:58:16Z</time></trkpt>
<trkpt lat="33.0432294" lon="35.1513904"><ele>63.8</ele><time>2026-05-13T03:58:17Z</time></trkpt>
<trkpt lat="33.0432542" lon="35.1514345"><ele>63.9</ele><time>2026-05-13T03:58:18Z</time></trkpt>
<trkpt lat="33.0432782" lon="35.1514801"><ele>64.1</ele><time>2026-05-13T03:58:19Z</time></trkpt>
<trkpt lat="33.0433014" lon="35.1515274"><ele>64.2</ele><time>2026-05-13T03:58:20Z</time></trkpt>
<trkpt lat="33.043324" lon="35.151576"><ele>64.3</ele><time>2026-05-13T03:58:21Z</time></trkpt>
<trkpt lat="33.0433469" lon="35.1516253"><ele>64.4</ele><time>2026-05-13T03:58:22Z</time></trkpt>
<trkpt lat="33.0433715" lon="35.1516752"><ele>64.5</ele><time>2026-05-13T03:58:23Z</time></trkpt>
<trkpt lat="33.0433975" lon="35.1517253"><ele>64.6</ele><time>2026-05-13T03:58:24Z</time></trkpt>
<trkpt lat="33.0434232" lon="35.1517748"><ele>64.7</ele><time>2026-05-13T03:58:25Z</time></trkpt>
<trkpt lat="33.0434483" lon="35.1518239"><ele>64.8</ele><time>2026-05-13T03:58:26Z</time></trkpt>
<trkpt lat="33.0434732" lon="35.1518731"><ele>64.9</ele><time>2026-05-13T03:58:27Z</time></trkpt>
<trkpt lat="33.0434979" lon="35.1519231"><ele>65.0</ele><time>2026-05-13T03:58:28Z</time></trkpt>
<trkpt lat="33.0435226" lon="35.1519735"><ele>65.0</ele><time>2026-05-13T03:58:29Z</time></trkpt>
<trkpt lat="33.0435481" lon="35.1520241"><ele>65.1</ele><time>2026-05-13T03:58:30Z</time></trkpt>
<trkpt lat="33.0435747" lon="35.1520751"><ele>65.2</ele><time>2026-05-13T03:58:31Z</time></trkpt>
<trkpt lat="33.0436022" lon="35.1521264"><ele>65.2</ele><time>2026-05-13T03:58:32Z</time></trkpt>
<trkpt lat="33.0436303" lon="35.1521788"><ele>65.3</ele><time>2026-05-13T03:58:33Z</time></trkpt>
<trkpt lat="33.043658" lon="35.1522313"><ele>65.4</ele><time>2026-05-13T03:58:34Z</time></trkpt>
<trkpt lat="33.0436855" lon="35.1522831"><ele>65.4</ele><time>2026-05-13T03:58:35Z</time></trkpt>
<trkpt lat="33.0437125" lon="35.1523352"><ele>65.5</ele><time>2026-05-13T03:58:36Z</time></trkpt>
<trkpt lat="33.0437392" lon="35.1523876"><ele>65.5</ele><time>2026-05-13T03:58:37Z</time></trkpt>
<trkpt lat="33.0437662" lon="35.1524396"><ele>65.5</ele><time>2026-05-13T03:58:38Z</time></trkpt>
<trkpt lat="33.0437941" lon="35.1524913"><ele>65.6</ele><time>2026-05-13T03:58:39Z</time></trkpt>
<trkpt lat="33.043823" lon="35.1525428"><ele>65.6</ele><time>2026-05-13T03:58:40Z</time></trkpt>
<trkpt lat="33.0438519" lon="35.1525952"><ele>65.7</ele><time>2026-05-13T03:58:41Z</time></trkpt>
<trkpt lat="33.04388" lon="35.152648"><ele>65.7</ele><time>2026-05-13T03:58:42Z</time></trkpt>
<trkpt lat="33.0439066" lon="35.1527011"><ele>65.8</ele><time>2026-05-13T03:58:43Z</time></trkpt>
<trkpt lat="33.0439324" lon="35.1527548"><ele>65.8</ele><time>2026-05-13T03:58:44Z</time></trkpt>
<trkpt lat="33.0439589" lon="35.1528087"><ele>65.9</ele><time>2026-05-13T03:58:45Z</time></trkpt>
<trkpt lat="33.0439869" lon="35.1528626"><ele>65.9</ele><time>2026-05-13T03:58:46Z</time></trkpt>
<trkpt lat="33.0440155" lon="35.1529163"><ele>65.9</ele><time>2026-05-13T03:58:47Z</time></trkpt>
<trkpt lat="33.0440442" lon="35.1529697"><ele>66.0</ele><time>2026-05-13T03:58:48Z</time></trkpt>
<trkpt lat="33.0440721" lon="35.1530228"><ele>66.0</ele><time>2026-05-13T03:58:49Z</time></trkpt>
<trkpt lat="33.0440991" lon="35.153076"><ele>66.1</ele><time>2026-05-13T03:58:50Z</time></trkpt>
<trkpt lat="33.0441255" lon="35.1531294"><ele>66.1</ele><time>2026-05-13T03:58:51Z</time></trkpt>
<trkpt lat="33.0441519" lon="35.1531822"><ele>66.1</ele><time>2026-05-13T03:58:52Z</time></trkpt>
<trkpt lat="33.0441785" lon="35.1532344"><ele>66.2</ele><time>2026-05-13T03:58:53Z</time></trkpt>
<trkpt lat="33.0442053" lon="35.1532853"><ele>66.2</ele><time>2026-05-13T03:58:54Z</time></trkpt>
<trkpt lat="33.0442327" lon="35.1533357"><ele>66.3</ele><time>2026-05-13T03:58:55Z</time></trkpt>
<trkpt lat="33.0442603" lon="35.1533869"><ele>66.3</ele><time>2026-05-13T03:58:56Z</time></trkpt>
<trkpt lat="33.0442873" lon="35.1534384"><ele>66.4</ele><time>2026-05-13T03:58:57Z</time></trkpt>
<trkpt lat="33.0443137" lon="35.1534907"><ele>66.5</ele><time>2026-05-13T03:58:58Z</time></trkpt>
<trkpt lat="33.0443407" lon="35.1535432"><ele>66.5</ele><time>2026-05-13T03:58:59Z</time></trkpt>
<trkpt lat="33.0443678" lon="35.1535939"><ele>66.6</ele><time>2026-05-13T03:59:00Z</time></trkpt>
<trkpt lat="33.0443944" lon="35.1536427"><ele>66.7</ele><time>2026-05-13T03:59:01Z</time></trkpt>
<trkpt lat="33.0444211" lon="35.1536907"><ele>66.8</ele><time>2026-05-13T03:59:02Z</time></trkpt>
<trkpt lat="33.0444481" lon="35.1537395"><ele>66.9</ele><time>2026-05-13T03:59:03Z</time></trkpt>
<trkpt lat="33.0444747" lon="35.1537891"><ele>67.1</ele><time>2026-05-13T03:59:04Z</time></trkpt>
<trkpt lat="33.0445003" lon="35.153838"><ele>67.2</ele><time>2026-05-13T03:59:05Z</time></trkpt>
<trkpt lat="33.0445257" lon="35.1538861"><ele>67.4</ele><time>2026-05-13T03:59:06Z</time></trkpt>
<trkpt lat="33.044551" lon="35.153935"><ele>67.6</ele><time>2026-05-13T03:59:07Z</time></trkpt>
<trkpt lat="33.0445759" lon="35.1539844"><ele>67.7</ele><time>2026-05-13T03:59:08Z</time></trkpt>
<trkpt lat="33.0445998" lon="35.154034"><ele>67.9</ele><time>2026-05-13T03:59:09Z</time></trkpt>
<trkpt lat="33.0446227" lon="35.1540832"><ele>68.0</ele><time>2026-05-13T03:59:10Z</time></trkpt>
<trkpt lat="33.0446446" lon="35.154132"><ele>68.2</ele><time>2026-05-13T03:59:11Z</time></trkpt>
<trkpt lat="33.0446649" lon="35.154181"><ele>68.4</ele><time>2026-05-13T03:59:12Z</time></trkpt>
<trkpt lat="33.0446836" lon="35.1542311"><ele>68.5</ele><time>2026-05-13T03:59:13Z</time></trkpt>
<trkpt lat="33.044702" lon="35.1542819"><ele>68.7</ele><time>2026-05-13T03:59:14Z</time></trkpt>
<trkpt lat="33.0447204" lon="35.1543339"><ele>68.8</ele><time>2026-05-13T03:59:15Z</time></trkpt>
<trkpt lat="33.0447377" lon="35.154388"><ele>68.9</ele><time>2026-05-13T03:59:16Z</time></trkpt>
<trkpt lat="33.0447538" lon="35.1544439"><ele>69.1</ele><time>2026-05-13T03:59:17Z</time></trkpt>
<trkpt lat="33.0447678" lon="35.1545013"><ele>69.2</ele><time>2026-05-13T03:59:18Z</time></trkpt>
<trkpt lat="33.0447797" lon="35.1545611"><ele>69.3</ele><time>2026-05-13T03:59:19Z</time></trkpt>
<trkpt lat="33.0447901" lon="35.1546231"><ele>69.4</ele><time>2026-05-13T03:59:20Z</time></trkpt>
<trkpt lat="33.0447979" lon="35.154686"><ele>69.5</ele><time>2026-05-13T03:59:21Z</time></trkpt>
<trkpt lat="33.0448024" lon="35.1547491"><ele>69.6</ele><time>2026-05-13T03:59:22Z</time></trkpt>
<trkpt lat="33.0448039" lon="35.1548124"><ele>69.7</ele><time>2026-05-13T03:59:23Z</time></trkpt>
<trkpt lat="33.0448022" lon="35.1548755"><ele>69.8</ele><time>2026-05-13T03:59:24Z</time></trkpt>
<trkpt lat="33.0447974" lon="35.1549371"><ele>69.9</ele><time>2026-05-13T03:59:25Z</time></trkpt>
<trkpt lat="33.0447896" lon="35.1549983"><ele>69.9</ele><time>2026-05-13T03:59:26Z</time></trkpt>
<trkpt lat="33.044779" lon="35.1550597"><ele>70.0</ele><time>2026-05-13T03:59:27Z</time></trkpt>
<trkpt lat="33.0447656" lon="35.1551197"><ele>70.1</ele><time>2026-05-13T03:59:28Z</time></trkpt>
<trkpt lat="33.0447502" lon="35.1551786"><ele>70.2</ele><time>2026-05-13T03:59:29Z</time></trkpt>
<trkpt lat="33.0447335" lon="35.1552371"><ele>70.2</ele><time>2026-05-13T03:59:30Z</time></trkpt>
<trkpt lat="33.0447158" lon="35.1552955"><ele>70.3</ele><time>2026-05-13T03:59:31Z</time></trkpt>
<trkpt lat="33.0446982" lon="35.1553535"><ele>70.4</ele><time>2026-05-13T03:59:32Z</time></trkpt>
<trkpt lat="33.0446797" lon="35.1554105"><ele>70.5</ele><time>2026-05-13T03:59:33Z</time></trkpt>
<trkpt lat="33.044659" lon="35.1554668"><ele>70.6</ele><time>2026-05-13T03:59:34Z</time></trkpt>
<trkpt lat="33.0446369" lon="35.155523"><ele>70.7</ele><time>2026-05-13T03:59:35Z</time></trkpt>
<trkpt lat="33.0446151" lon="35.1555794"><ele>70.8</ele><time>2026-05-13T03:59:36Z</time></trkpt>
<trkpt lat="33.0445947" lon="35.1556363"><ele>70.9</ele><time>2026-05-13T03:59:37Z</time></trkpt>
<trkpt lat="33.0445751" lon="35.1556923"><ele>71.1</ele><time>2026-05-13T03:59:38Z</time></trkpt>
<trkpt lat="33.0445556" lon="35.1557468"><ele>71.2</ele><time>2026-05-13T03:59:39Z</time></trkpt>
<trkpt lat="33.0445355" lon="35.1558006"><ele>71.3</ele><time>2026-05-13T03:59:40Z</time></trkpt>
<trkpt lat="33.0445142" lon="35.1558542"><ele>71.5</ele><time>2026-05-13T03:59:41Z</time></trkpt>
<trkpt lat="33.0444917" lon="35.1559075"><ele>71.6</ele><time>2026-05-13T03:59:42Z</time></trkpt>
<trkpt lat="33.0444688" lon="35.155961"><ele>71.8</ele><time>2026-05-13T03:59:43Z</time></trkpt>
<trkpt lat="33.0444458" lon="35.1560145"><ele>71.9</ele><time>2026-05-13T03:59:44Z</time></trkpt>
<trkpt lat="33.0444226" lon="35.1560678"><ele>72.1</ele><time>2026-05-13T03:59:45Z</time></trkpt>
<trkpt lat="33.0443997" lon="35.1561216"><ele>72.2</ele><time>2026-05-13T03:59:46Z</time></trkpt>
<trkpt lat="33.0443771" lon="35.1561755"><ele>72.4</ele><time>2026-05-13T03:59:47Z</time></trkpt>
<trkpt lat="33.0443546" lon="35.156229"><ele>72.5</ele><time>2026-05-13T03:59:48Z</time></trkpt>
<trkpt lat="33.0443322" lon="35.1562828"><ele>72.7</ele><time>2026-05-13T03:59:49Z</time></trkpt>
<trkpt lat="33.0443096" lon="35.1563363"><ele>72.8</ele><time>2026-05-13T03:59:50Z</time></trkpt>
<trkpt lat="33.0442867" lon="35.1563894"><ele>72.9</ele><time>2026-05-13T03:59:51Z</time></trkpt>
<trkpt lat="33.0442637" lon="35.1564417"><ele>73.1</ele><time>2026-05-13T03:59:52Z</time></trkpt>
<trkpt lat="33.0442408" lon="35.1564932"><ele>73.2</ele><time>2026-05-13T03:59:53Z</time></trkpt>
<trkpt lat="33.0442176" lon="35.1565449"><ele>73.3</ele><time>2026-05-13T03:59:54Z</time></trkpt>
<trkpt lat="33.0441944" lon="35.156596"><ele>73.5</ele><time>2026-05-13T03:59:55Z</time></trkpt>
<trkpt lat="33.0441714" lon="35.1566459"><ele>73.6</ele><time>2026-05-13T03:59:56Z</time></trkpt>
<trkpt lat="33.0441484" lon="35.1566948"><ele>73.7</ele><time>2026-05-13T03:59:57Z</time></trkpt>
<trkpt lat="33.0441262" lon="35.156744"><ele>73.9</ele><time>2026-05-13T03:59:58Z</time></trkpt>
<trkpt lat="33.0441046" lon="35.156795"><ele>74.0</ele><time>2026-05-13T03:59:59Z</time></trkpt>
<trkpt lat="33.0440823" lon="35.1568476"><ele>74.1</ele><time>2026-05-13T04:00:00Z</time></trkpt>
<trkpt lat="33.0440584" lon="35.1569004"><ele>74.1</ele><time>2026-05-13T04:00:01Z</time></trkpt>
<trkpt lat="33.0440327" lon="35.1569538"><ele>74.2</ele><time>2026-05-13T04:00:02Z</time></trkpt>
<trkpt lat="33.0440056" lon="35.1570085"><ele>74.2</ele><time>2026-05-13T04:00:03Z</time></trkpt>
<trkpt lat="33.0439778" lon="35.1570637"><ele>74.3</ele><time>2026-05-13T04:00:04Z</time></trkpt>
<trkpt lat="33.0439502" lon="35.1571198"><ele>74.3</ele><time>2026-05-13T04:00:05Z</time></trkpt>
<trkpt lat="33.0439225" lon="35.1571775"><ele>74.3</ele><time>2026-05-13T04:00:06Z</time></trkpt>
<trkpt lat="33.0438945" lon="35.1572356"><ele>74.3</ele><time>2026-05-13T04:00:07Z</time></trkpt>
<trkpt lat="33.043866" lon="35.1572937"><ele>74.3</ele><time>2026-05-13T04:00:08Z</time></trkpt>
<trkpt lat="33.0438379" lon="35.157352"><ele>74.3</ele><time>2026-05-13T04:00:09Z</time></trkpt>
<trkpt lat="33.0438111" lon="35.1574103"><ele>74.3</ele><time>2026-05-13T04:00:10Z</time></trkpt>
<trkpt lat="33.0437847" lon="35.1574678"><ele>74.4</ele><time>2026-05-13T04:00:11Z</time></trkpt>
<trkpt lat="33.0437578" lon="35.1575245"><ele>74.4</ele><time>2026-05-13T04:00:12Z</time></trkpt>
<trkpt lat="33.0437317" lon="35.1575816"><ele>74.4</ele><time>2026-05-13T04:00:13Z</time></trkpt>
<trkpt lat="33.043708" lon="35.1576397"><ele>74.4</ele><time>2026-05-13T04:00:14Z</time></trkpt>
<trkpt lat="33.0436872" lon="35.1576986"><ele>74.5</ele><time>2026-05-13T04:00:15Z</time></trkpt>
<trkpt lat="33.0436697" lon="35.157759"><ele>74.5</ele><time>2026-05-13T04:00:16Z</time></trkpt>
<trkpt lat="33.0436555" lon="35.1578211"><ele>74.5</ele><time>2026-05-13T04:00:17Z</time></trkpt>
<trkpt lat="33.043644" lon="35.157884"><ele>74.6</ele><time>2026-05-13T04:00:18Z</time></trkpt>
<trkpt lat="33.0436342" lon="35.1579485"><ele>74.6</ele><time>2026-05-13T04:00:19Z</time></trkpt>
<trkpt lat="33.0436269" lon="35.1580147"><ele>74.6</ele><time>2026-05-13T04:00:20Z</time></trkpt>
<trkpt lat="33.0436236" lon="35.1580805"><ele>74.6</ele><time>2026-05-13T04:00:21Z</time></trkpt>
<trkpt lat="33.0436237" lon="35.1581458"><ele>74.7</ele><time>2026-05-13T04:00:22Z</time></trkpt>
<trkpt lat="33.0436252" lon="35.1582112"><ele>74.7</ele><time>2026-05-13T04:00:23Z</time></trkpt>
<trkpt lat="33.0436269" lon="35.1582764"><ele>74.7</ele><time>2026-05-13T04:00:24Z</time></trkpt>
<trkpt lat="33.0436286" lon="35.1583404"><ele>74.7</ele><time>2026-05-13T04:00:25Z</time></trkpt>
<trkpt lat="33.0436313" lon="35.1584032"><ele>74.7</ele><time>2026-05-13T04:00:26Z</time></trkpt>
<trkpt lat="33.0436373" lon="35.1584649"><ele>74.7</ele><time>2026-05-13T04:00:27Z</time></trkpt>
<trkpt lat="33.0436466" lon="35.1585262"><ele>74.8</ele><time>2026-05-13T04:00:28Z</time></trkpt>
<trkpt lat="33.0436576" lon="35.1585876"><ele>74.8</ele><time>2026-05-13T04:00:29Z</time></trkpt>
<trkpt lat="33.0436702" lon="35.1586485"><ele>74.8</ele><time>2026-05-13T04:00:30Z</time></trkpt>
<trkpt lat="33.0436853" lon="35.1587093"><ele>74.8</ele><time>2026-05-13T04:00:31Z</time></trkpt>
<trkpt lat="33.0437024" lon="35.1587694"><ele>74.8</ele><time>2026-05-13T04:00:32Z</time></trkpt>
<trkpt lat="33.0437208" lon="35.1588292"><ele>74.8</ele><time>2026-05-13T04:00:33Z</time></trkpt>
<trkpt lat="33.0437402" lon="35.1588898"><ele>74.9</ele><time>2026-05-13T04:00:34Z</time></trkpt>
<trkpt lat="33.0437607" lon="35.1589505"><ele>74.9</ele><time>2026-05-13T04:00:35Z</time></trkpt>
<trkpt lat="33.0437821" lon="35.1590101"><ele>74.9</ele><time>2026-05-13T04:00:36Z</time></trkpt>
<trkpt lat="33.0438038" lon="35.1590683"><ele>74.9</ele><time>2026-05-13T04:00:37Z</time></trkpt>
<trkpt lat="33.0438249" lon="35.1591261"><ele>74.9</ele><time>2026-05-13T04:00:38Z</time></trkpt>
<trkpt lat="33.0438457" lon="35.1591833"><ele>74.9</ele><time>2026-05-13T04:00:39Z</time></trkpt>
<trkpt lat="33.0438661" lon="35.1592398"><ele>74.9</ele><time>2026-05-13T04:00:40Z</time></trkpt>
<trkpt lat="33.0438863" lon="35.1592958"><ele>74.9</ele><time>2026-05-13T04:00:41Z</time></trkpt>
<trkpt lat="33.0439065" lon="35.1593518"><ele>74.9</ele><time>2026-05-13T04:00:42Z</time></trkpt>
<trkpt lat="33.0439268" lon="35.1594076"><ele>74.9</ele><time>2026-05-13T04:00:43Z</time></trkpt>
<trkpt lat="33.0439479" lon="35.159463"><ele>74.9</ele><time>2026-05-13T04:00:44Z</time></trkpt>
<trkpt lat="33.0439679" lon="35.15952"><ele>75.0</ele><time>2026-05-13T04:00:45Z</time></trkpt>
<trkpt lat="33.0439866" lon="35.1595783"><ele>75.0</ele><time>2026-05-13T04:00:46Z</time></trkpt>
<trkpt lat="33.0440055" lon="35.159637"><ele>75.0</ele><time>2026-05-13T04:00:47Z</time></trkpt>
<trkpt lat="33.0440254" lon="35.1596957"><ele>75.0</ele><time>2026-05-13T04:00:48Z</time></trkpt>
<trkpt lat="33.0440467" lon="35.1597545"><ele>75.0</ele><time>2026-05-13T04:00:49Z</time></trkpt>
<trkpt lat="33.0440691" lon="35.1598141"><ele>75.1</ele><time>2026-05-13T04:00:50Z</time></trkpt>
<trkpt lat="33.0440913" lon="35.1598735"><ele>75.1</ele><time>2026-05-13T04:00:51Z</time></trkpt>
<trkpt lat="33.0441121" lon="35.1599326"><ele>75.1</ele><time>2026-05-13T04:00:52Z</time></trkpt>
<trkpt lat="33.0441313" lon="35.1599918"><ele>75.1</ele><time>2026-05-13T04:00:53Z</time></trkpt>
<trkpt lat="33.0441504" lon="35.1600511"><ele>75.1</ele><time>2026-05-13T04:00:54Z</time></trkpt>
<trkpt lat="33.0441701" lon="35.1601112"><ele>75.2</ele><time>2026-05-13T04:00:55Z</time></trkpt>
<trkpt lat="33.0441898" lon="35.1601716"><ele>75.2</ele><time>2026-05-13T04:00:56Z</time></trkpt>
<trkpt lat="33.0442096" lon="35.1602312"><ele>75.2</ele><time>2026-05-13T04:00:57Z</time></trkpt>
<trkpt lat="33.0442296" lon="35.1602907"><ele>75.2</ele><time>2026-05-13T04:00:58Z</time></trkpt>
<trkpt lat="33.0442495" lon="35.1603506"><ele>75.3</ele><time>2026-05-13T04:00:59Z</time></trkpt>
<trkpt lat="33.0442696" lon="35.1604103"><ele>75.3</ele><time>2026-05-13T04:01:00Z</time></trkpt>
<trkpt lat="33.0442895" lon="35.1604697"><ele>75.3</ele><time>2026-05-13T04:01:01Z</time></trkpt>
<trkpt lat="33.0443099" lon="35.1605288"><ele>75.3</ele><time>2026-05-13T04:01:02Z</time></trkpt>
<trkpt lat="33.0443307" lon="35.1605891"><ele>75.3</ele><time>2026-05-13T04:01:03Z</time></trkpt>
<trkpt lat="33.0443511" lon="35.1606502"><ele>75.4</ele><time>2026-05-13T04:01:04Z</time></trkpt>
<trkpt lat="33.0443713" lon="35.1607108"><ele>75.4</ele><time>2026-05-13T04:01:05Z</time></trkpt>
<trkpt lat="33.0443915" lon="35.1607711"><ele>75.4</ele><time>2026-05-13T04:01:06Z</time></trkpt>
<trkpt lat="33.0444113" lon="35.1608312"><ele>75.4</ele><time>2026-05-13T04:01:07Z</time></trkpt>
<trkpt lat="33.0444307" lon="35.1608916"><ele>75.4</ele><time>2026-05-13T04:01:08Z</time></trkpt>
<trkpt lat="33.0444502" lon="35.1609526"><ele>75.4</ele><time>2026-05-13T04:01:09Z</time></trkpt>
<trkpt lat="33.0444697" lon="35.1610143"><ele>75.5</ele><time>2026-05-13T04:01:10Z</time></trkpt>
<trkpt lat="33.0444889" lon="35.161076"><ele>75.5</ele><time>2026-05-13T04:01:11Z</time></trkpt>
<trkpt lat="33.0445073" lon="35.1611377"><ele>75.5</ele><time>2026-05-13T04:01:12Z</time></trkpt>
<trkpt lat="33.0445242" lon="35.1612"><ele>75.5</ele><time>2026-05-13T04:01:13Z</time></trkpt>
<trkpt lat="33.0445391" lon="35.1612627"><ele>75.5</ele><time>2026-05-13T04:01:14Z</time></trkpt>
<trkpt lat="33.0445514" lon="35.1613254"><ele>75.5</ele><time>2026-05-13T04:01:15Z</time></trkpt>
<trkpt lat="33.0445599" lon="35.161388"><ele>75.6</ele><time>2026-05-13T04:01:16Z</time></trkpt>
<trkpt lat="33.0445657" lon="35.1614504"><ele>75.6</ele><time>2026-05-13T04:01:17Z</time></trkpt>
<trkpt lat="33.0445714" lon="35.1615122"><ele>75.6</ele><time>2026-05-13T04:01:18Z</time></trkpt>
<trkpt lat="33.0445784" lon="35.1615738"><ele>75.6</ele><time>2026-05-13T04:01:19Z</time></trkpt>
<trkpt lat="33.0445856" lon="35.1616355"><ele>75.7</ele><time>2026-05-13T04:01:20Z</time></trkpt>
<trkpt lat="33.0445912" lon="35.1616981"><ele>75.7</ele><time>2026-05-13T04:01:21Z</time></trkpt>
<trkpt lat="33.0445951" lon="35.1617609"><ele>75.7</ele><time>2026-05-13T04:01:22Z</time></trkpt>
<trkpt lat="33.0445978" lon="35.1618235"><ele>75.7</ele><time>2026-05-13T04:01:23Z</time></trkpt>
<trkpt lat="33.0446" lon="35.1618852"><ele>75.8</ele><time>2026-05-13T04:01:24Z</time></trkpt>
<trkpt lat="33.0446019" lon="35.161947"><ele>75.8</ele><time>2026-05-13T04:01:25Z</time></trkpt>
<trkpt lat="33.0446033" lon="35.1620104"><ele>75.9</ele><time>2026-05-13T04:01:26Z</time></trkpt>
<trkpt lat="33.0446047" lon="35.1620737"><ele>75.9</ele><time>2026-05-13T04:01:27Z</time></trkpt>
<trkpt lat="33.0446057" lon="35.1621369"><ele>76.0</ele><time>2026-05-13T04:01:28Z</time></trkpt>
<trkpt lat="33.0446069" lon="35.1622002"><ele>76.0</ele><time>2026-05-13T04:01:29Z</time></trkpt>
<trkpt lat="33.0446078" lon="35.1622633"><ele>76.1</ele><time>2026-05-13T04:01:30Z</time></trkpt>
<trkpt lat="33.0446075" lon="35.1623263"><ele>76.2</ele><time>2026-05-13T04:01:31Z</time></trkpt>
<trkpt lat="33.0446057" lon="35.1623887"><ele>76.3</ele><time>2026-05-13T04:01:32Z</time></trkpt>
<trkpt lat="33.0446023" lon="35.1624505"><ele>76.4</ele><time>2026-05-13T04:01:33Z</time></trkpt>
<trkpt lat="33.0445994" lon="35.162512"><ele>76.5</ele><time>2026-05-13T04:01:34Z</time></trkpt>
<trkpt lat="33.0445976" lon="35.1625738"><ele>76.6</ele><time>2026-05-13T04:01:35Z</time></trkpt>
<trkpt lat="33.0445956" lon="35.1626366"><ele>76.7</ele><time>2026-05-13T04:01:36Z</time></trkpt>
<trkpt lat="33.0445935" lon="35.1627001"><ele>76.8</ele><time>2026-05-13T04:01:37Z</time></trkpt>
<trkpt lat="33.0445916" lon="35.1627638"><ele>76.9</ele><time>2026-05-13T04:01:38Z</time></trkpt>
<trkpt lat="33.044589" lon="35.1628277"><ele>77.0</ele><time>2026-05-13T04:01:39Z</time></trkpt>
<trkpt lat="33.0445847" lon="35.1628916"><ele>77.2</ele><time>2026-05-13T04:01:40Z</time></trkpt>
<trkpt lat="33.0445785" lon="35.1629548"><ele>77.3</ele><time>2026-05-13T04:01:41Z</time></trkpt>
<trkpt lat="33.0445711" lon="35.1630176"><ele>77.4</ele><time>2026-05-13T04:01:42Z</time></trkpt>
<trkpt lat="33.0445633" lon="35.1630801"><ele>77.5</ele><time>2026-05-13T04:01:43Z</time></trkpt>
<trkpt lat="33.0445548" lon="35.1631414"><ele>77.6</ele><time>2026-05-13T04:01:44Z</time></trkpt>
<trkpt lat="33.044546" lon="35.1632018"><ele>77.7</ele><time>2026-05-13T04:01:45Z</time></trkpt>
<trkpt lat="33.0445369" lon="35.1632624"><ele>77.9</ele><time>2026-05-13T04:01:46Z</time></trkpt>
<trkpt lat="33.0445273" lon="35.1633231"><ele>78.0</ele><time>2026-05-13T04:01:47Z</time></trkpt>
<trkpt lat="33.0445181" lon="35.1633842"><ele>78.1</ele><time>2026-05-13T04:01:48Z</time></trkpt>
<trkpt lat="33.0445084" lon="35.1634455"><ele>78.2</ele><time>2026-05-13T04:01:49Z</time></trkpt>
<trkpt lat="33.0444969" lon="35.1635063"><ele>78.4</ele><time>2026-05-13T04:01:50Z</time></trkpt>
<trkpt lat="33.0444843" lon="35.1635667"><ele>78.5</ele><time>2026-05-13T04:01:51Z</time></trkpt>
<trkpt lat="33.0444713" lon="35.1636266"><ele>78.6</ele><time>2026-05-13T04:01:52Z</time></trkpt>
<trkpt lat="33.0444584" lon="35.1636864"><ele>78.8</ele><time>2026-05-13T04:01:53Z</time></trkpt>
<trkpt lat="33.0444465" lon="35.1637465"><ele>78.9</ele><time>2026-05-13T04:01:54Z</time></trkpt>
<trkpt lat="33.0444359" lon="35.1638068"><ele>79.0</ele><time>2026-05-13T04:01:55Z</time></trkpt>
<trkpt lat="33.0444265" lon="35.1638677"><ele>79.2</ele><time>2026-05-13T04:01:56Z</time></trkpt>
<trkpt lat="33.0444171" lon="35.1639288"><ele>79.3</ele><time>2026-05-13T04:01:57Z</time></trkpt>
<trkpt lat="33.0444068" lon="35.1639894"><ele>79.4</ele><time>2026-05-13T04:01:58Z</time></trkpt>
<trkpt lat="33.0443962" lon="35.1640498"><ele>79.5</ele><time>2026-05-13T04:01:59Z</time></trkpt>
<trkpt lat="33.044385" lon="35.1641101"><ele>79.6</ele><time>2026-05-13T04:02:00Z</time></trkpt>
<trkpt lat="33.0443727" lon="35.1641708"><ele>79.7</ele><time>2026-05-13T04:02:01Z</time></trkpt>
<trkpt lat="33.0443611" lon="35.1642321"><ele>79.9</ele><time>2026-05-13T04:02:02Z</time></trkpt>
<trkpt lat="33.0443507" lon="35.1642937"><ele>80.0</ele><time>2026-05-13T04:02:03Z</time></trkpt>
<trkpt lat="33.0443407" lon="35.164355"><ele>80.1</ele><time>2026-05-13T04:02:04Z</time></trkpt>
<trkpt lat="33.0443308" lon="35.1644159"><ele>80.2</ele><time>2026-05-13T04:02:05Z</time></trkpt>
<trkpt lat="33.0443214" lon="35.1644767"><ele>80.2</ele><time>2026-05-13T04:02:06Z</time></trkpt>
<trkpt lat="33.0443132" lon="35.1645377"><ele>80.3</ele><time>2026-05-13T04:02:07Z</time></trkpt>
<trkpt lat="33.0443074" lon="35.1645986"><ele>80.4</ele><time>2026-05-13T04:02:08Z</time></trkpt>
<trkpt lat="33.0443044" lon="35.1646601"><ele>80.5</ele><time>2026-05-13T04:02:09Z</time></trkpt>
<trkpt lat="33.0443042" lon="35.1647227"><ele>80.5</ele><time>2026-05-13T04:02:10Z</time></trkpt>
<trkpt lat="33.0443069" lon="35.1647859"><ele>80.6</ele><time>2026-05-13T04:02:11Z</time></trkpt>
<trkpt lat="33.0443123" lon="35.1648489"><ele>80.6</ele><time>2026-05-13T04:02:12Z</time></trkpt>
<trkpt lat="33.0443208" lon="35.1649111"><ele>80.7</ele><time>2026-05-13T04:02:13Z</time></trkpt>
<trkpt lat="33.0443337" lon="35.1649735"><ele>80.7</ele><time>2026-05-13T04:02:14Z</time></trkpt>
<trkpt lat="33.0443501" lon="35.1650357"><ele>80.7</ele><time>2026-05-13T04:02:15Z</time></trkpt>
<trkpt lat="33.0443689" lon="35.1650962"><ele>80.7</ele><time>2026-05-13T04:02:16Z</time></trkpt>
<trkpt lat="33.0443907" lon="35.1651548"><ele>80.7</ele><time>2026-05-13T04:02:17Z</time></trkpt>
<trkpt lat="33.0444156" lon="35.1652108"><ele>80.7</ele><time>2026-05-13T04:02:18Z</time></trkpt>
<trkpt lat="33.0444426" lon="35.1652658"><ele>80.7</ele><time>2026-05-13T04:02:19Z</time></trkpt>
<trkpt lat="33.0444696" lon="35.1653208"><ele>80.7</ele><time>2026-05-13T04:02:20Z</time></trkpt>
<trkpt lat="33.0444961" lon="35.165375"><ele>80.7</ele><time>2026-05-13T04:02:21Z</time></trkpt>
<trkpt lat="33.0445226" lon="35.1654281"><ele>80.7</ele><time>2026-05-13T04:02:22Z</time></trkpt>
<trkpt lat="33.0445479" lon="35.1654813"><ele>80.7</ele><time>2026-05-13T04:02:23Z</time></trkpt>
<trkpt lat="33.0445722" lon="35.1655352"><ele>80.7</ele><time>2026-05-13T04:02:24Z</time></trkpt>
<trkpt lat="33.0445964" lon="35.1655894"><ele>80.7</ele><time>2026-05-13T04:02:25Z</time></trkpt>
<trkpt lat="33.0446213" lon="35.1656431"><ele>80.6</ele><time>2026-05-13T04:02:26Z</time></trkpt>
<trkpt lat="33.0446478" lon="35.1656967"><ele>80.6</ele><time>2026-05-13T04:02:27Z</time></trkpt>
<trkpt lat="33.0446756" lon="35.1657524"><ele>80.6</ele><time>2026-05-13T04:02:28Z</time></trkpt>
<trkpt lat="33.0447041" lon="35.1658098"><ele>80.6</ele><time>2026-05-13T04:02:29Z</time></trkpt>
<trkpt lat="33.044733" lon="35.1658678"><ele>80.6</ele><time>2026-05-13T04:02:30Z</time></trkpt>
<trkpt lat="33.0447619" lon="35.165926"><ele>80.5</ele><time>2026-05-13T04:02:31Z</time></trkpt>
<trkpt lat="33.0447906" lon="35.1659863"><ele>80.4</ele><time>2026-05-13T04:02:32Z</time></trkpt>
<trkpt lat="33.0448181" lon="35.1660479"><ele>80.4</ele><time>2026-05-13T04:02:33Z</time></trkpt>
<trkpt lat="33.0448441" lon="35.1661072"><ele>80.3</ele><time>2026-05-13T04:02:34Z</time></trkpt>
<trkpt lat="33.0448697" lon="35.1661634"><ele>80.2</ele><time>2026-05-13T04:02:35Z</time></trkpt>
<trkpt lat="33.0448963" lon="35.1662183"><ele>80.1</ele><time>2026-05-13T04:02:36Z</time></trkpt>
<trkpt lat="33.0449235" lon="35.1662733"><ele>80.1</ele><time>2026-05-13T04:02:37Z</time></trkpt>
<trkpt lat="33.0449492" lon="35.1663283"><ele>80.0</ele><time>2026-05-13T04:02:38Z</time></trkpt>
<trkpt lat="33.0449725" lon="35.1663833"><ele>80.0</ele><time>2026-05-13T04:02:39Z</time></trkpt>
<trkpt lat="33.0449942" lon="35.1664372"><ele>80.0</ele><time>2026-05-13T04:02:40Z</time></trkpt>
<trkpt lat="33.0450151" lon="35.1664892"><ele>80.0</ele><time>2026-05-13T04:02:41Z</time></trkpt>
<trkpt lat="33.0450347" lon="35.166539"><ele>80.1</ele><time>2026-05-13T04:02:42Z</time></trkpt>
<trkpt lat="33.045054" lon="35.1665868"><ele>80.2</ele><time>2026-05-13T04:02:43Z</time></trkpt>
<trkpt lat="33.0450741" lon="35.1666334"><ele>80.3</ele><time>2026-05-13T04:02:44Z</time></trkpt>
<trkpt lat="33.0450946" lon="35.1666778"><ele>80.4</ele><time>2026-05-13T04:02:45Z</time></trkpt>
<trkpt lat="33.0451137" lon="35.1667203"><ele>80.6</ele><time>2026-05-13T04:02:46Z</time></trkpt>
<trkpt lat="33.0451309" lon="35.1667621"><ele>80.7</ele><time>2026-05-13T04:02:47Z</time></trkpt>
<trkpt lat="33.0451483" lon="35.1668035"><ele>80.9</ele><time>2026-05-13T04:02:48Z</time></trkpt>
<trkpt lat="33.0451669" lon="35.1668446"><ele>81.1</ele><time>2026-05-13T04:02:49Z</time></trkpt>
<trkpt lat="33.0451851" lon="35.1668874"><ele>81.3</ele><time>2026-05-13T04:02:50Z</time></trkpt>
<trkpt lat="33.0452014" lon="35.1669317"><ele>81.4</ele><time>2026-05-13T04:02:51Z</time></trkpt>
<trkpt lat="33.0452164" lon="35.1669764"><ele>81.6</ele><time>2026-05-13T04:02:52Z</time></trkpt>
<trkpt lat="33.0452318" lon="35.1670208"><ele>81.8</ele><time>2026-05-13T04:02:53Z</time></trkpt>
<trkpt lat="33.0452483" lon="35.1670644"><ele>81.9</ele><time>2026-05-13T04:02:54Z</time></trkpt>
<trkpt lat="33.0452649" lon="35.1671083"><ele>82.1</ele><time>2026-05-13T04:02:55Z</time></trkpt>
<trkpt lat="33.0452805" lon="35.1671527"><ele>82.3</ele><time>2026-05-13T04:02:56Z</time></trkpt>
<trkpt lat="33.0452944" lon="35.1671979"><ele>82.5</ele><time>2026-05-13T04:02:57Z</time></trkpt>
<trkpt lat="33.0453063" lon="35.1672443"><ele>82.6</ele><time>2026-05-13T04:02:58Z</time></trkpt>
<trkpt lat="33.0453157" lon="35.1672904"><ele>82.8</ele><time>2026-05-13T04:02:59Z</time></trkpt>
<trkpt lat="33.0453234" lon="35.167336"><ele>83.0</ele><time>2026-05-13T04:03:00Z</time></trkpt>
<trkpt lat="33.0453297" lon="35.1673816"><ele>83.2</ele><time>2026-05-13T04:03:01Z</time></trkpt>
<trkpt lat="33.0453343" lon="35.1674271"><ele>83.5</ele><time>2026-05-13T04:03:02Z</time></trkpt>
<trkpt lat="33.0453364" lon="35.1674718"><ele>83.7</ele><time>2026-05-13T04:03:03Z</time></trkpt>
<trkpt lat="33.0453368" lon="35.1675163"><ele>83.9</ele><time>2026-05-13T04:03:04Z</time></trkpt>
<trkpt lat="33.0453362" lon="35.1675606"><ele>84.1</ele><time>2026-05-13T04:03:05Z</time></trkpt>
<trkpt lat="33.0453347" lon="35.1676044"><ele>84.4</ele><time>2026-05-13T04:03:06Z</time></trkpt>
<trkpt lat="33.0453328" lon="35.1676475"><ele>84.6</ele><time>2026-05-13T04:03:07Z</time></trkpt>
<trkpt lat="33.0453301" lon="35.1676896"><ele>84.9</ele><time>2026-05-13T04:03:08Z</time></trkpt>
<trkpt lat="33.0453256" lon="35.1677305"><ele>85.1</ele><time>2026-05-13T04:03:09Z</time></trkpt>
<trkpt lat="33.0453193" lon="35.167771"><ele>85.4</ele><time>2026-05-13T04:03:10Z</time></trkpt>
<trkpt lat="33.0453125" lon="35.1678123"><ele>85.7</ele><time>2026-05-13T04:03:11Z</time></trkpt>
<trkpt lat="33.0453059" lon="35.1678545"><ele>85.9</ele><time>2026-05-13T04:03:12Z</time></trkpt>
<trkpt lat="33.0453002" lon="35.1678976"><ele>86.1</ele><time>2026-05-13T04:03:13Z</time></trkpt>
<trkpt lat="33.0452946" lon="35.1679407"><ele>86.4</ele><time>2026-05-13T04:03:14Z</time></trkpt>
<trkpt lat="33.0452882" lon="35.1679819"><ele>86.6</ele><time>2026-05-13T04:03:15Z</time></trkpt>
<trkpt lat="33.0452814" lon="35.168022"><ele>86.9</ele><time>2026-05-13T04:03:16Z</time></trkpt>
<trkpt lat="33.0452741" lon="35.1680618"><ele>87.1</ele><time>2026-05-13T04:03:17Z</time></trkpt>
<trkpt lat="33.0452672" lon="35.1681018"><ele>87.3</ele><time>2026-05-13T04:03:18Z</time></trkpt>
<trkpt lat="33.0452612" lon="35.1681421"><ele>87.6</ele><time>2026-05-13T04:03:19Z</time></trkpt>
<trkpt lat="33.0452554" lon="35.1681826"><ele>87.8</ele><time>2026-05-13T04:03:20Z</time></trkpt>
<trkpt lat="33.0452497" lon="35.1682232"><ele>88.0</ele><time>2026-05-13T04:03:21Z</time></trkpt>
<trkpt lat="33.0452435" lon="35.1682635"><ele>88.2</ele><time>2026-05-13T04:03:22Z</time></trkpt>
<trkpt lat="33.0452376" lon="35.1683036"><ele>88.5</ele><time>2026-05-13T04:03:23Z</time></trkpt>
<trkpt lat="33.0452323" lon="35.1683438"><ele>88.7</ele><time>2026-05-13T04:03:24Z</time></trkpt>
<trkpt lat="33.0452273" lon="35.1683839"><ele>88.9</ele><time>2026-05-13T04:03:25Z</time></trkpt>
<trkpt lat="33.0452229" lon="35.1684239"><ele>89.1</ele><time>2026-05-13T04:03:26Z</time></trkpt>
<trkpt lat="33.0452195" lon="35.1684642"><ele>89.3</ele><time>2026-05-13T04:03:27Z</time></trkpt>
<trkpt lat="33.0452173" lon="35.1685055"><ele>89.5</ele><time>2026-05-13T04:03:28Z</time></trkpt>
<trkpt lat="33.0452168" lon="35.1685483"><ele>89.7</ele><time>2026-05-13T04:03:29Z</time></trkpt>
<trkpt lat="33.045217" lon="35.1685911"><ele>90.0</ele><time>2026-05-13T04:03:30Z</time></trkpt>
<trkpt lat="33.0452173" lon="35.168633"><ele>90.2</ele><time>2026-05-13T04:03:31Z</time></trkpt>
<trkpt lat="33.0452175" lon="35.1686742"><ele>90.4</ele><time>2026-05-13T04:03:32Z</time></trkpt>
<trkpt lat="33.0452173" lon="35.168715"><ele>90.6</ele><time>2026-05-13T04:03:33Z</time></trkpt>
<trkpt lat="33.0452164" lon="35.1687549"><ele>90.8</ele><time>2026-05-13T04:03:34Z</time></trkpt>
<trkpt lat="33.045216" lon="35.1687944"><ele>91.0</ele><time>2026-05-13T04:03:35Z</time></trkpt>
<trkpt lat="33.0452167" lon="35.1688335"><ele>91.2</ele><time>2026-05-13T04:03:36Z</time></trkpt>
<trkpt lat="33.0452186" lon="35.1688722"><ele>91.4</ele><time>2026-05-13T04:03:37Z</time></trkpt>
<trkpt lat="33.0452213" lon="35.1689105"><ele>91.6</ele><time>2026-05-13T04:03:38Z</time></trkpt>
<trkpt lat="33.0452247" lon="35.1689501"><ele>91.9</ele><time>2026-05-13T04:03:39Z</time></trkpt>
<trkpt lat="33.0452285" lon="35.1689911"><ele>92.1</ele><time>2026-05-13T04:03:40Z</time></trkpt>
<trkpt lat="33.0452317" lon="35.1690331"><ele>92.3</ele><time>2026-05-13T04:03:41Z</time></trkpt>
<trkpt lat="33.0452347" lon="35.1690751"><ele>92.5</ele><time>2026-05-13T04:03:42Z</time></trkpt>
<trkpt lat="33.045239" lon="35.169116"><ele>92.7</ele><time>2026-05-13T04:03:43Z</time></trkpt>
<trkpt lat="33.0452445" lon="35.1691568"><ele>92.9</ele><time>2026-05-13T04:03:44Z</time></trkpt>
<trkpt lat="33.045251" lon="35.1691981"><ele>93.2</ele><time>2026-05-13T04:03:45Z</time></trkpt>
<trkpt lat="33.0452577" lon="35.1692394"><ele>93.4</ele><time>2026-05-13T04:03:46Z</time></trkpt>
<trkpt lat="33.0452642" lon="35.1692792"><ele>93.6</ele><time>2026-05-13T04:03:47Z</time></trkpt>
<trkpt lat="33.0452709" lon="35.1693176"><ele>93.8</ele><time>2026-05-13T04:03:48Z</time></trkpt>
<trkpt lat="33.0452777" lon="35.1693555"><ele>94.1</ele><time>2026-05-13T04:03:49Z</time></trkpt>
<trkpt lat="33.0452846" lon="35.1693934"><ele>94.3</ele><time>2026-05-13T04:03:50Z</time></trkpt>
<trkpt lat="33.0452924" lon="35.1694311"><ele>94.6</ele><time>2026-05-13T04:03:51Z</time></trkpt>
<trkpt lat="33.0453005" lon="35.1694682"><ele>94.8</ele><time>2026-05-13T04:03:52Z</time></trkpt>
<trkpt lat="33.0453076" lon="35.1695034"><ele>95.1</ele><time>2026-05-13T04:03:53Z</time></trkpt>
<trkpt lat="33.0453142" lon="35.1695378"><ele>95.3</ele><time>2026-05-13T04:03:54Z</time></trkpt>
<trkpt lat="33.0453213" lon="35.1695725"><ele>95.6</ele><time>2026-05-13T04:03:55Z</time></trkpt>
<trkpt lat="33.0453292" lon="35.1696072"><ele>95.8</ele><time>2026-05-13T04:03:56Z</time></trkpt>
<trkpt lat="33.0453375" lon="35.1696423"><ele>96.1</ele><time>2026-05-13T04:03:57Z</time></trkpt>
<trkpt lat="33.0453461" lon="35.1696778"><ele>96.3</ele><time>2026-05-13T04:03:58Z</time></trkpt>
<trkpt lat="33.0453544" lon="35.1697128"><ele>96.5</ele><time>2026-05-13T04:03:59Z</time></trkpt>
<trkpt lat="33.0453618" lon="35.1697474"><ele>96.8</ele><time>2026-05-13T04:04:00Z</time></trkpt>
<trkpt lat="33.0453686" lon="35.1697806"><ele>97.0</ele><time>2026-05-13T04:04:01Z</time></trkpt>
<trkpt lat="33.0453756" lon="35.1698122"><ele>97.2</ele><time>2026-05-13T04:04:02Z</time></trkpt>
<trkpt lat="33.0453828" lon="35.1698437"><ele>97.4</ele><time>2026-05-13T04:04:03Z</time></trkpt>
<trkpt lat="33.0453902" lon="35.1698752"><ele>97.7</ele><time>2026-05-13T04:04:04Z</time></trkpt>
<trkpt lat="33.045398" lon="35.1699064"><ele>97.9</ele><time>2026-05-13T04:04:05Z</time></trkpt>
<trkpt lat="33.0454061" lon="35.1699382"><ele>98.1</ele><time>2026-05-13T04:04:06Z</time></trkpt>
<trkpt lat="33.0454151" lon="35.1699686"><ele>98.3</ele><time>2026-05-13T04:04:07Z</time></trkpt>
<trkpt lat="33.0454249" lon="35.169998"><ele>98.6</ele><time>2026-05-13T04:04:08Z</time></trkpt>
<trkpt lat="33.0454364" lon="35.1700294"><ele>98.8</ele><time>2026-05-13T04:04:09Z</time></trkpt>
<trkpt lat="33.0454489" lon="35.1700617"><ele>99.0</ele><time>2026-05-13T04:04:10Z</time></trkpt>
<trkpt lat="33.0454622" lon="35.1700937"><ele>99.2</ele><time>2026-05-13T04:04:11Z</time></trkpt>
<trkpt lat="33.0454764" lon="35.170125"><ele>99.5</ele><time>2026-05-13T04:04:12Z</time></trkpt>
<trkpt lat="33.0454902" lon="35.1701554"><ele>99.7</ele><time>2026-05-13T04:04:13Z</time></trkpt>
<trkpt lat="33.0455033" lon="35.1701861"><ele>99.9</ele><time>2026-05-13T04:04:14Z</time></trkpt>
<trkpt lat="33.0455164" lon="35.1702172"><ele>100.1</ele><time>2026-05-13T04:04:15Z</time></trkpt>
<trkpt lat="33.0455297" lon="35.170249"><ele>100.4</ele><time>2026-05-13T04:04:16Z</time></trkpt>
<trkpt lat="33.0455434" lon="35.1702812"><ele>100.6</ele><time>2026-05-13T04:04:17Z</time></trkpt>
<trkpt lat="33.0455579" lon="35.1703132"><ele>100.8</ele><time>2026-05-13T04:04:18Z</time></trkpt>
<trkpt lat="33.0455733" lon="35.1703449"><ele>101.1</ele><time>2026-05-13T04:04:19Z</time></trkpt>
<trkpt lat="33.0455885" lon="35.1703752"><ele>101.3</ele><time>2026-05-13T04:04:20Z</time></trkpt>
<trkpt lat="33.0456037" lon="35.1704046"><ele>101.5</ele><time>2026-05-13T04:04:21Z</time></trkpt>
<trkpt lat="33.0456198" lon="35.1704336"><ele>101.7</ele><time>2026-05-13T04:04:22Z</time></trkpt>
<trkpt lat="33.045636" lon="35.1704622"><ele>102.0</ele><time>2026-05-13T04:04:23Z</time></trkpt>
<trkpt lat="33.0456523" lon="35.1704905"><ele>102.2</ele><time>2026-05-13T04:04:24Z</time></trkpt>
<trkpt lat="33.0456676" lon="35.1705188"><ele>102.4</ele><time>2026-05-13T04:04:25Z</time></trkpt>
<trkpt lat="33.0456817" lon="35.1705474"><ele>102.6</ele><time>2026-05-13T04:04:26Z</time></trkpt>
<trkpt lat="33.0456958" lon="35.1705763"><ele>102.8</ele><time>2026-05-13T04:04:27Z</time></trkpt>
<trkpt lat="33.0457101" lon="35.1706053"><ele>103.0</ele><time>2026-05-13T04:04:28Z</time></trkpt>
<trkpt lat="33.045725" lon="35.1706349"><ele>103.3</ele><time>2026-05-13T04:04:29Z</time></trkpt>
<trkpt lat="33.0457403" lon="35.1706649"><ele>103.5</ele><time>2026-05-13T04:04:30Z</time></trkpt>
<trkpt lat="33.0457559" lon="35.1706938"><ele>103.7</ele><time>2026-05-13T04:04:31Z</time></trkpt>
<trkpt lat="33.0457718" lon="35.1707225"><ele>104.0</ele><time>2026-05-13T04:04:32Z</time></trkpt>
<trkpt lat="33.0457868" lon="35.1707511"><ele>104.2</ele><time>2026-05-13T04:04:33Z</time></trkpt>
<trkpt lat="33.0458016" lon="35.1707796"><ele>104.5</ele><time>2026-05-13T04:04:34Z</time></trkpt>
<trkpt lat="33.0458168" lon="35.1708083"><ele>104.7</ele><time>2026-05-13T04:04:35Z</time></trkpt>
<trkpt lat="33.0458316" lon="35.170836"><ele>105.0</ele><time>2026-05-13T04:04:36Z</time></trkpt>
<trkpt lat="33.0458457" lon="35.1708621"><ele>105.2</ele><time>2026-05-13T04:04:37Z</time></trkpt>
<trkpt lat="33.04586" lon="35.1708883"><ele>105.4</ele><time>2026-05-13T04:04:38Z</time></trkpt>
<trkpt lat="33.0458742" lon="35.1709149"><ele>105.7</ele><time>2026-05-13T04:04:39Z</time></trkpt>
<trkpt lat="33.0458877" lon="35.1709418"><ele>105.9</ele><time>2026-05-13T04:04:40Z</time></trkpt>
<trkpt lat="33.0459005" lon="35.170969"><ele>106.1</ele><time>2026-05-13T04:04:41Z</time></trkpt>
<trkpt lat="33.045913" lon="35.1709958"><ele>106.3</ele><time>2026-05-13T04:04:42Z</time></trkpt>
<trkpt lat="33.0459265" lon="35.1710231"><ele>106.5</ele><time>2026-05-13T04:04:43Z</time></trkpt>
<trkpt lat="33.0459411" lon="35.1710504"><ele>106.7</ele><time>2026-05-13T04:04:44Z</time></trkpt>
<trkpt lat="33.0459561" lon="35.1710775"><ele>106.9</ele><time>2026-05-13T04:04:45Z</time></trkpt>
<trkpt lat="33.0459706" lon="35.1711045"><ele>107.1</ele><time>2026-05-13T04:04:46Z</time></trkpt>
<trkpt lat="33.0459851" lon="35.1711321"><ele>107.3</ele><time>2026-05-13T04:04:47Z</time></trkpt>
<trkpt lat="33.0460004" lon="35.1711604"><ele>107.5</ele><time>2026-05-13T04:04:48Z</time></trkpt>
<trkpt lat="33.0460156" lon="35.1711883"><ele>107.7</ele><time>2026-05-13T04:04:49Z</time></trkpt>
<trkpt lat="33.0460293" lon="35.1712154"><ele>107.9</ele><time>2026-05-13T04:04:50Z</time></trkpt>
<trkpt lat="33.0460426" lon="35.1712419"><ele>108.1</ele><time>2026-05-13T04:04:51Z</time></trkpt>
<trkpt lat="33.0460565" lon="35.1712684"><ele>108.4</ele><time>2026-05-13T04:04:52Z</time></trkpt>
<trkpt lat="33.0460712" lon="35.1712949"><ele>108.6</ele><time>2026-05-13T04:04:53Z</time></trkpt>
<trkpt lat="33.0460869" lon="35.1713209"><ele>108.8</ele><time>2026-05-13T04:04:54Z</time></trkpt>
<trkpt lat="33.0461037" lon="35.1713472"><ele>109.1</ele><time>2026-05-13T04:04:55Z</time></trkpt>
<trkpt lat="33.0461208" lon="35.1713737"><ele>109.3</ele><time>2026-05-13T04:04:56Z</time></trkpt>
<trkpt lat="33.0461367" lon="35.1714001"><ele>109.5</ele><time>2026-05-13T04:04:57Z</time></trkpt>
<trkpt lat="33.046151" lon="35.1714269"><ele>109.7</ele><time>2026-05-13T04:04:58Z</time></trkpt>
<trkpt lat="33.0461652" lon="35.171454"><ele>110.0</ele><time>2026-05-13T04:04:59Z</time></trkpt>
<trkpt lat="33.0461802" lon="35.1714804"><ele>110.2</ele><time>2026-05-13T04:05:00Z</time></trkpt>
<trkpt lat="33.0461955" lon="35.1715051"><ele>110.4</ele><time>2026-05-13T04:05:01Z</time></trkpt>
<trkpt lat="33.0462112" lon="35.1715279"><ele>110.6</ele><time>2026-05-13T04:05:02Z</time></trkpt>
<trkpt lat="33.0462273" lon="35.1715498"><ele>110.9</ele><time>2026-05-13T04:05:03Z</time></trkpt>
<trkpt lat="33.046244" lon="35.1715709"><ele>111.1</ele><time>2026-05-13T04:05:04Z</time></trkpt>
<trkpt lat="33.0462616" lon="35.171592"><ele>111.3</ele><time>2026-05-13T04:05:05Z</time></trkpt>
<trkpt lat="33.0462797" lon="35.1716136"><ele>111.5</ele><time>2026-05-13T04:05:06Z</time></trkpt>
<trkpt lat="33.0462982" lon="35.1716352"><ele>111.8</ele><time>2026-05-13T04:05:07Z</time></trkpt>
<trkpt lat="33.0463168" lon="35.1716559"><ele>112.0</ele><time>2026-05-13T04:05:08Z</time></trkpt>
<trkpt lat="33.0463357" lon="35.1716751"><ele>112.2</ele><time>2026-05-13T04:05:09Z</time></trkpt>
<trkpt lat="33.0463554" lon="35.171693"><ele>112.5</ele><time>2026-05-13T04:05:10Z</time></trkpt>
<trkpt lat="33.0463761" lon="35.1717101"><ele>112.7</ele><time>2026-05-13T04:05:11Z</time></trkpt>
<trkpt lat="33.046397" lon="35.1717272"><ele>113.0</ele><time>2026-05-13T04:05:12Z</time></trkpt>
<trkpt lat="33.046418" lon="35.1717439"><ele>113.2</ele><time>2026-05-13T04:05:13Z</time></trkpt>
<trkpt lat="33.0464399" lon="35.1717595"><ele>113.5</ele><time>2026-05-13T04:05:14Z</time></trkpt>
<trkpt lat="33.0464632" lon="35.1717739"><ele>113.7</ele><time>2026-05-13T04:05:15Z</time></trkpt>
<trkpt lat="33.0464875" lon="35.171788"><ele>114.0</ele><time>2026-05-13T04:05:16Z</time></trkpt>
<trkpt lat="33.0465124" lon="35.1718019"><ele>114.3</ele><time>2026-05-13T04:05:17Z</time></trkpt>
<trkpt lat="33.046538" lon="35.1718153"><ele>114.5</ele><time>2026-05-13T04:05:18Z</time></trkpt>
<trkpt lat="33.0465637" lon="35.1718285"><ele>114.8</ele><time>2026-05-13T04:05:19Z</time></trkpt>
<trkpt lat="33.0465891" lon="35.1718424"><ele>115.0</ele><time>2026-05-13T04:05:20Z</time></trkpt>
<trkpt lat="33.0466146" lon="35.1718568"><ele>115.3</ele><time>2026-05-13T04:05:21Z</time></trkpt>
<trkpt lat="33.0466399" lon="35.1718708"><ele>115.5</ele><time>2026-05-13T04:05:22Z</time></trkpt>
<trkpt lat="33.0466654" lon="35.1718845"><ele>115.7</ele><time>2026-05-13T04:05:23Z</time></trkpt>
<trkpt lat="33.0466906" lon="35.1718978"><ele>116.0</ele><time>2026-05-13T04:05:24Z</time></trkpt>
<trkpt lat="33.0467143" lon="35.1719095"><ele>116.2</ele><time>2026-05-13T04:05:25Z</time></trkpt>
<trkpt lat="33.0467373" lon="35.1719192"><ele>116.4</ele><time>2026-05-13T04:05:26Z</time></trkpt>
<trkpt lat="33.0467608" lon="35.1719282"><ele>116.7</ele><time>2026-05-13T04:05:27Z</time></trkpt>
<trkpt lat="33.0467839" lon="35.1719368"><ele>116.9</ele><time>2026-05-13T04:05:28Z</time></trkpt>
<trkpt lat="33.0468081" lon="35.1719462"><ele>117.1</ele><time>2026-05-13T04:05:29Z</time></trkpt>
<trkpt lat="33.0468332" lon="35.1719566"><ele>117.4</ele><time>2026-05-13T04:05:30Z</time></trkpt>
<trkpt lat="33.0468579" lon="35.1719677"><ele>117.6</ele><time>2026-05-13T04:05:31Z</time></trkpt>
<trkpt lat="33.0468823" lon="35.1719793"><ele>117.8</ele><time>2026-05-13T04:05:32Z</time></trkpt>
<trkpt lat="33.0469058" lon="35.1719907"><ele>118.0</ele><time>2026-05-13T04:05:33Z</time></trkpt>
<trkpt lat="33.0469302" lon="35.172002"><ele>118.3</ele><time>2026-05-13T04:05:34Z</time></trkpt>
<trkpt lat="33.0469553" lon="35.1720125"><ele>118.5</ele><time>2026-05-13T04:05:35Z</time></trkpt>
<trkpt lat="33.0469806" lon="35.1720226"><ele>118.8</ele><time>2026-05-13T04:05:36Z</time></trkpt>
<trkpt lat="33.0470066" lon="35.1720336"><ele>119.0</ele><time>2026-05-13T04:05:37Z</time></trkpt>
<trkpt lat="33.0470324" lon="35.1720448"><ele>119.2</ele><time>2026-05-13T04:05:38Z</time></trkpt>
<trkpt lat="33.0470581" lon="35.1720556"><ele>119.5</ele><time>2026-05-13T04:05:39Z</time></trkpt>
<trkpt lat="33.0470838" lon="35.172066"><ele>119.7</ele><time>2026-05-13T04:05:40Z</time></trkpt>
<trkpt lat="33.0471095" lon="35.1720768"><ele>119.9</ele><time>2026-05-13T04:05:41Z</time></trkpt>
<trkpt lat="33.0471348" lon="35.1720869"><ele>120.2</ele><time>2026-05-13T04:05:42Z</time></trkpt>
<trkpt lat="33.0471593" lon="35.1720959"><ele>120.4</ele><time>2026-05-13T04:05:43Z</time></trkpt>
<trkpt lat="33.0471846" lon="35.1721064"><ele>120.6</ele><time>2026-05-13T04:05:44Z</time></trkpt>
<trkpt lat="33.0472098" lon="35.1721177"><ele>120.8</ele><time>2026-05-13T04:05:45Z</time></trkpt>
<trkpt lat="33.0472334" lon="35.1721281"><ele>121.1</ele><time>2026-05-13T04:05:46Z</time></trkpt>
<trkpt lat="33.0472565" lon="35.1721376"><ele>121.3</ele><time>2026-05-13T04:05:47Z</time></trkpt>
<trkpt lat="33.047279" lon="35.172147"><ele>121.5</ele><time>2026-05-13T04:05:48Z</time></trkpt>
<trkpt lat="33.047301" lon="35.1721571"><ele>121.8</ele><time>2026-05-13T04:05:49Z</time></trkpt>
<trkpt lat="33.0473235" lon="35.172168"><ele>122.0</ele><time>2026-05-13T04:05:50Z</time></trkpt>
<trkpt lat="33.0473465" lon="35.1721789"><ele>122.2</ele><time>2026-05-13T04:05:51Z</time></trkpt>
<trkpt lat="33.0473703" lon="35.1721889"><ele>122.5</ele><time>2026-05-13T04:05:52Z</time></trkpt>
<trkpt lat="33.0473951" lon="35.1721979"><ele>122.7</ele><time>2026-05-13T04:05:53Z</time></trkpt>
<trkpt lat="33.0474206" lon="35.1722059"><ele>122.9</ele><time>2026-05-13T04:05:54Z</time></trkpt>
<trkpt lat="33.0474455" lon="35.1722128"><ele>123.1</ele><time>2026-05-13T04:05:55Z</time></trkpt>
<trkpt lat="33.0474699" lon="35.1722199"><ele>123.4</ele><time>2026-05-13T04:05:56Z</time></trkpt>
<trkpt lat="33.0474942" lon="35.1722282"><ele>123.6</ele><time>2026-05-13T04:05:57Z</time></trkpt>
<trkpt lat="33.047518" lon="35.1722373"><ele>123.8</ele><time>2026-05-13T04:05:58Z</time></trkpt>
<trkpt lat="33.0475415" lon="35.1722465"><ele>124.0</ele><time>2026-05-13T04:05:59Z</time></trkpt>
<trkpt lat="33.0475643" lon="35.1722548"><ele>124.2</ele><time>2026-05-13T04:06:00Z</time></trkpt>
<trkpt lat="33.0475872" lon="35.1722622"><ele>124.4</ele><time>2026-05-13T04:06:01Z</time></trkpt>
<trkpt lat="33.0476105" lon="35.1722702"><ele>124.7</ele><time>2026-05-13T04:06:02Z</time></trkpt>
<trkpt lat="33.0476337" lon="35.1722795"><ele>124.9</ele><time>2026-05-13T04:06:03Z</time></trkpt>
<trkpt lat="33.0476566" lon="35.1722891"><ele>125.1</ele><time>2026-05-13T04:06:04Z</time></trkpt>
<trkpt lat="33.0476795" lon="35.1722985"><ele>125.3</ele><time>2026-05-13T04:06:05Z</time></trkpt>
<trkpt lat="33.047703" lon="35.1723091"><ele>125.6</ele><time>2026-05-13T04:06:06Z</time></trkpt>
<trkpt lat="33.0477265" lon="35.1723205"><ele>125.8</ele><time>2026-05-13T04:06:07Z</time></trkpt>
<trkpt lat="33.0477512" lon="35.1723322"><ele>126.0</ele><time>2026-05-13T04:06:08Z</time></trkpt>
<trkpt lat="33.0477767" lon="35.1723443"><ele>126.2</ele><time>2026-05-13T04:06:09Z</time></trkpt>
<trkpt lat="33.0478017" lon="35.172356"><ele>126.4</ele><time>2026-05-13T04:06:10Z</time></trkpt>
<trkpt lat="33.0478262" lon="35.1723674"><ele>126.6</ele><time>2026-05-13T04:06:11Z</time></trkpt>
<trkpt lat="33.0478507" lon="35.1723789"><ele>126.8</ele><time>2026-05-13T04:06:12Z</time></trkpt>
<trkpt lat="33.0478757" lon="35.1723906"><ele>127.0</ele><time>2026-05-13T04:06:13Z</time></trkpt>
<trkpt lat="33.047901" lon="35.1724012"><ele>127.2</ele><time>2026-05-13T04:06:14Z</time></trkpt>
<trkpt lat="33.0479262" lon="35.1724108"><ele>127.4</ele><time>2026-05-13T04:06:15Z</time></trkpt>
<trkpt lat="33.0479517" lon="35.1724204"><ele>127.6</ele><time>2026-05-13T04:06:16Z</time></trkpt>
<trkpt lat="33.0479775" lon="35.17243"><ele>127.7</ele><time>2026-05-13T04:06:17Z</time></trkpt>
<trkpt lat="33.0480035" lon="35.1724407"><ele>127.9</ele><time>2026-05-13T04:06:18Z</time></trkpt>
<trkpt lat="33.0480292" lon="35.1724532"><ele>128.1</ele><time>2026-05-13T04:06:19Z</time></trkpt>
<trkpt lat="33.0480548" lon="35.1724669"><ele>128.3</ele><time>2026-05-13T04:06:20Z</time></trkpt>
<trkpt lat="33.04808" lon="35.1724792"><ele>128.4</ele><time>2026-05-13T04:06:21Z</time></trkpt>
<trkpt lat="33.0481049" lon="35.1724898"><ele>128.6</ele><time>2026-05-13T04:06:22Z</time></trkpt>
<trkpt lat="33.0481305" lon="35.1725003"><ele>128.8</ele><time>2026-05-13T04:06:23Z</time></trkpt>
<trkpt lat="33.0481566" lon="35.172511"><ele>128.9</ele><time>2026-05-13T04:06:24Z</time></trkpt>
<trkpt lat="33.0481832" lon="35.1725223"><ele>129.1</ele><time>2026-05-13T04:06:25Z</time></trkpt>
<trkpt lat="33.0482102" lon="35.1725339"><ele>129.3</ele><time>2026-05-13T04:06:26Z</time></trkpt>
<trkpt lat="33.0482366" lon="35.1725439"><ele>129.4</ele><time>2026-05-13T04:06:27Z</time></trkpt>
<trkpt lat="33.0482625" lon="35.1725527"><ele>129.6</ele><time>2026-05-13T04:06:28Z</time></trkpt>
<trkpt lat="33.0482887" lon="35.1725619"><ele>129.8</ele><time>2026-05-13T04:06:29Z</time></trkpt>
<trkpt lat="33.0483154" lon="35.1725717"><ele>130.0</ele><time>2026-05-13T04:06:30Z</time></trkpt>
<trkpt lat="33.0483426" lon="35.1725815"><ele>130.1</ele><time>2026-05-13T04:06:31Z</time></trkpt>
<trkpt lat="33.0483693" lon="35.1725909"><ele>130.3</ele><time>2026-05-13T04:06:32Z</time></trkpt>
<trkpt lat="33.048395" lon="35.1726006"><ele>130.5</ele><time>2026-05-13T04:06:33Z</time></trkpt>
<trkpt lat="33.0484205" lon="35.1726119"><ele>130.7</ele><time>2026-05-13T04:06:34Z</time></trkpt>
<trkpt lat="33.0484461" lon="35.1726247"><ele>130.9</ele><time>2026-05-13T04:06:35Z</time></trkpt>
<trkpt lat="33.048472" lon="35.1726372"><ele>131.1</ele><time>2026-05-13T04:06:36Z</time></trkpt>
<trkpt lat="33.048498" lon="35.1726492"><ele>131.2</ele><time>2026-05-13T04:06:37Z</time></trkpt>
<trkpt lat="33.048524" lon="35.1726614"><ele>131.4</ele><time>2026-05-13T04:06:38Z</time></trkpt>
<trkpt lat="33.0485495" lon="35.172674"><ele>131.6</ele><time>2026-05-13T04:06:39Z</time></trkpt>
<trkpt lat="33.0485746" lon="35.1726869"><ele>131.8</ele><time>2026-05-13T04:06:40Z</time></trkpt>
<trkpt lat="33.0485999" lon="35.1727004"><ele>131.9</ele><time>2026-05-13T04:06:41Z</time></trkpt>
<trkpt lat="33.0486258" lon="35.1727143"><ele>132.1</ele><time>2026-05-13T04:06:42Z</time></trkpt>
<trkpt lat="33.0486524" lon="35.1727279"><ele>132.3</ele><time>2026-05-13T04:06:43Z</time></trkpt>
<trkpt lat="33.0486796" lon="35.1727417"><ele>132.4</ele><time>2026-05-13T04:06:44Z</time></trkpt>
<trkpt lat="33.0487065" lon="35.172756"><ele>132.6</ele><time>2026-05-13T04:06:45Z</time></trkpt>
<trkpt lat="33.0487319" lon="35.1727704"><ele>132.7</ele><time>2026-05-13T04:06:46Z</time></trkpt>
<trkpt lat="33.0487559" lon="35.1727851"><ele>132.9</ele><time>2026-05-13T04:06:47Z</time></trkpt>
<trkpt lat="33.0487792" lon="35.1728007"><ele>133.0</ele><time>2026-05-13T04:06:48Z</time></trkpt>
<trkpt lat="33.0488026" lon="35.1728171"><ele>133.2</ele><time>2026-05-13T04:06:49Z</time></trkpt>
<trkpt lat="33.0488262" lon="35.1728341"><ele>133.4</ele><time>2026-05-13T04:06:50Z</time></trkpt>
<trkpt lat="33.0488495" lon="35.1728513"><ele>133.5</ele><time>2026-05-13T04:06:51Z</time></trkpt>
<trkpt lat="33.0488728" lon="35.1728683"><ele>133.7</ele><time>2026-05-13T04:06:52Z</time></trkpt>
<trkpt lat="33.0488956" lon="35.1728849"><ele>133.9</ele><time>2026-05-13T04:06:53Z</time></trkpt>
<trkpt lat="33.0489181" lon="35.1729004"><ele>134.1</ele><time>2026-05-13T04:06:54Z</time></trkpt>
<trkpt lat="33.0489405" lon="35.1729158"><ele>134.3</ele><time>2026-05-13T04:06:55Z</time></trkpt>
<trkpt lat="33.0489624" lon="35.1729321"><ele>134.5</ele><time>2026-05-13T04:06:56Z</time></trkpt>
<trkpt lat="33.0489836" lon="35.1729491"><ele>134.7</ele><time>2026-05-13T04:06:57Z</time></trkpt>
<trkpt lat="33.0490043" lon="35.1729662"><ele>134.9</ele><time>2026-05-13T04:06:58Z</time></trkpt>
<trkpt lat="33.0490255" lon="35.1729843"><ele>135.1</ele><time>2026-05-13T04:06:59Z</time></trkpt>
<trkpt lat="33.0490477" lon="35.1730033"><ele>135.4</ele><time>2026-05-13T04:07:00Z</time></trkpt>
<trkpt lat="33.0490703" lon="35.1730225"><ele>135.6</ele><time>2026-05-13T04:07:01Z</time></trkpt>
<trkpt lat="33.0490936" lon="35.1730421"><ele>135.8</ele><time>2026-05-13T04:07:02Z</time></trkpt>
<trkpt lat="33.0491163" lon="35.1730615"><ele>136.0</ele><time>2026-05-13T04:07:03Z</time></trkpt>
<trkpt lat="33.0491376" lon="35.1730809"><ele>136.2</ele><time>2026-05-13T04:07:04Z</time></trkpt>
<trkpt lat="33.0491587" lon="35.173102"><ele>136.4</ele><time>2026-05-13T04:07:05Z</time></trkpt>
<trkpt lat="33.0491803" lon="35.1731236"><ele>136.7</ele><time>2026-05-13T04:07:06Z</time></trkpt>
<trkpt lat="33.049202" lon="35.1731444"><ele>136.9</ele><time>2026-05-13T04:07:07Z</time></trkpt>
<trkpt lat="33.0492242" lon="35.1731657"><ele>137.1</ele><time>2026-05-13T04:07:08Z</time></trkpt>
<trkpt lat="33.0492471" lon="35.1731882"><ele>137.3</ele><time>2026-05-13T04:07:09Z</time></trkpt>
<trkpt lat="33.0492697" lon="35.1732107"><ele>137.5</ele><time>2026-05-13T04:07:10Z</time></trkpt>
<trkpt lat="33.0492917" lon="35.1732328"><ele>137.7</ele><time>2026-05-13T04:07:11Z</time></trkpt>
<trkpt lat="33.049313" lon="35.1732543"><ele>137.9</ele><time>2026-05-13T04:07:12Z</time></trkpt>
<trkpt lat="33.0493336" lon="35.1732755"><ele>138.1</ele><time>2026-05-13T04:07:13Z</time></trkpt>
<trkpt lat="33.0493535" lon="35.1732973"><ele>138.3</ele><time>2026-05-13T04:07:14Z</time></trkpt>
<trkpt lat="33.0493731" lon="35.1733197"><ele>138.5</ele><time>2026-05-13T04:07:15Z</time></trkpt>
<trkpt lat="33.0493916" lon="35.1733423"><ele>138.7</ele><time>2026-05-13T04:07:16Z</time></trkpt>
<trkpt lat="33.0494091" lon="35.1733646"><ele>138.9</ele><time>2026-05-13T04:07:17Z</time></trkpt>
<trkpt lat="33.0494261" lon="35.1733869"><ele>139.2</ele><time>2026-05-13T04:07:18Z</time></trkpt>
<trkpt lat="33.0494428" lon="35.1734094"><ele>139.4</ele><time>2026-05-13T04:07:19Z</time></trkpt>
<trkpt lat="33.0494594" lon="35.1734312"><ele>139.6</ele><time>2026-05-13T04:07:20Z</time></trkpt>
<trkpt lat="33.0494759" lon="35.173454"><ele>139.9</ele><time>2026-05-13T04:07:21Z</time></trkpt>
<trkpt lat="33.0494924" lon="35.1734775"><ele>140.1</ele><time>2026-05-13T04:07:22Z</time></trkpt>
<trkpt lat="33.0495088" lon="35.1735001"><ele>140.4</ele><time>2026-05-13T04:07:23Z</time></trkpt>
<trkpt lat="33.0495251" lon="35.1735222"><ele>140.6</ele><time>2026-05-13T04:07:24Z</time></trkpt>
<trkpt lat="33.0495411" lon="35.1735453"><ele>140.9</ele><time>2026-05-13T04:07:25Z</time></trkpt>
<trkpt lat="33.0495568" lon="35.17357"><ele>141.2</ele><time>2026-05-13T04:07:26Z</time></trkpt>
<trkpt lat="33.0495718" lon="35.173596"><ele>141.4</ele><time>2026-05-13T04:07:27Z</time></trkpt>
<trkpt lat="33.049587" lon="35.1736237"><ele>141.7</ele><time>2026-05-13T04:07:28Z</time></trkpt>
<trkpt lat="33.0496033" lon="35.1736524"><ele>141.9</ele><time>2026-05-13T04:07:29Z</time></trkpt>
<trkpt lat="33.0496198" lon="35.1736812"><ele>142.2</ele><time>2026-05-13T04:07:30Z</time></trkpt>
<trkpt lat="33.0496354" lon="35.17371"><ele>142.4</ele><time>2026-05-13T04:07:31Z</time></trkpt>
<trkpt lat="33.0496497" lon="35.1737382"><ele>142.6</ele><time>2026-05-13T04:07:32Z</time></trkpt>
<trkpt lat="33.0496643" lon="35.1737668"><ele>142.9</ele><time>2026-05-13T04:07:33Z</time></trkpt>
<trkpt lat="33.0496797" lon="35.173796"><ele>143.1</ele><time>2026-05-13T04:07:34Z</time></trkpt>
<trkpt lat="33.049695" lon="35.1738242"><ele>143.3</ele><time>2026-05-13T04:07:35Z</time></trkpt>
<trkpt lat="33.0497096" lon="35.1738526"><ele>143.5</ele><time>2026-05-13T04:07:36Z</time></trkpt>
<trkpt lat="33.0497233" lon="35.173882"><ele>143.7</ele><time>2026-05-13T04:07:37Z</time></trkpt>
<trkpt lat="33.049736" lon="35.1739115"><ele>143.9</ele><time>2026-05-13T04:07:38Z</time></trkpt>
<trkpt lat="33.0497481" lon="35.1739405"><ele>144.1</ele><time>2026-05-13T04:07:39Z</time></trkpt>
<trkpt lat="33.0497596" lon="35.1739694"><ele>144.3</ele><time>2026-05-13T04:07:40Z</time></trkpt>
<trkpt lat="33.0497711" lon="35.1739981"><ele>144.5</ele><time>2026-05-13T04:07:41Z</time></trkpt>
<trkpt lat="33.0497826" lon="35.1740261"><ele>144.6</ele><time>2026-05-13T04:07:42Z</time></trkpt>
<trkpt lat="33.0497933" lon="35.1740534"><ele>144.8</ele><time>2026-05-13T04:07:43Z</time></trkpt>
<trkpt lat="33.0498032" lon="35.1740812"><ele>145.0</ele><time>2026-05-13T04:07:44Z</time></trkpt>
<trkpt lat="33.049813" lon="35.1741099"><ele>145.2</ele><time>2026-05-13T04:07:45Z</time></trkpt>
<trkpt lat="33.0498229" lon="35.1741396"><ele>145.4</ele><time>2026-05-13T04:07:46Z</time></trkpt>
<trkpt lat="33.0498324" lon="35.1741694"><ele>145.6</ele><time>2026-05-13T04:07:47Z</time></trkpt>
<trkpt lat="33.0498411" lon="35.1741992"><ele>145.8</ele><time>2026-05-13T04:07:48Z</time></trkpt>
<trkpt lat="33.0498489" lon="35.1742292"><ele>146.0</ele><time>2026-05-13T04:07:49Z</time></trkpt>
<trkpt lat="33.0498563" lon="35.1742595"><ele>146.2</ele><time>2026-05-13T04:07:50Z</time></trkpt>
<trkpt lat="33.0498637" lon="35.1742899"><ele>146.4</ele><time>2026-05-13T04:07:51Z</time></trkpt>
<trkpt lat="33.0498712" lon="35.1743209"><ele>146.6</ele><time>2026-05-13T04:07:52Z</time></trkpt>
<trkpt lat="33.0498797" lon="35.1743521"><ele>146.8</ele><time>2026-05-13T04:07:53Z</time></trkpt>
<trkpt lat="33.0498894" lon="35.1743825"><ele>147.0</ele><time>2026-05-13T04:07:54Z</time></trkpt>
<trkpt lat="33.0498991" lon="35.1744124"><ele>147.2</ele><time>2026-05-13T04:07:55Z</time></trkpt>
<trkpt lat="33.0499079" lon="35.1744434"><ele>147.5</ele><time>2026-05-13T04:07:56Z</time></trkpt>
<trkpt lat="33.0499149" lon="35.1744747"><ele>147.7</ele><time>2026-05-13T04:07:57Z</time></trkpt>
<trkpt lat="33.0499202" lon="35.1745052"><ele>147.9</ele><time>2026-05-13T04:07:58Z</time></trkpt>
<trkpt lat="33.0499249" lon="35.1745354"><ele>148.1</ele><time>2026-05-13T04:07:59Z</time></trkpt>
<trkpt lat="33.0499289" lon="35.174566"><ele>148.3</ele><time>2026-05-13T04:08:00Z</time></trkpt>
<trkpt lat="33.0499318" lon="35.1745971"><ele>148.5</ele><time>2026-05-13T04:08:01Z</time></trkpt>
<trkpt lat="33.0499353" lon="35.1746276"><ele>148.8</ele><time>2026-05-13T04:08:02Z</time></trkpt>
<trkpt lat="33.0499399" lon="35.1746588"><ele>149.0</ele><time>2026-05-13T04:08:03Z</time></trkpt>
<trkpt lat="33.0499444" lon="35.1746901"><ele>149.2</ele><time>2026-05-13T04:08:04Z</time></trkpt>
<trkpt lat="33.0499483" lon="35.1747206"><ele>149.4</ele><time>2026-05-13T04:08:05Z</time></trkpt>
<trkpt lat="33.0499512" lon="35.174752"><ele>149.6</ele><time>2026-05-13T04:08:06Z</time></trkpt>
<trkpt lat="33.0499524" lon="35.1747842"><ele>149.8</ele><time>2026-05-13T04:08:07Z</time></trkpt>
<trkpt lat="33.0499521" lon="35.174816"><ele>150.0</ele><time>2026-05-13T04:08:08Z</time></trkpt>
<trkpt lat="33.0499518" lon="35.1748478"><ele>150.2</ele><time>2026-05-13T04:08:09Z</time></trkpt>
<trkpt lat="33.0499527" lon="35.1748799"><ele>150.4</ele><time>2026-05-13T04:08:10Z</time></trkpt>
<trkpt lat="33.0499552" lon="35.1749122"><ele>150.6</ele><time>2026-05-13T04:08:11Z</time></trkpt>
<trkpt lat="33.0499585" lon="35.1749446"><ele>150.8</ele><time>2026-05-13T04:08:12Z</time></trkpt>
<trkpt lat="33.0499615" lon="35.1749757"><ele>151.0</ele><time>2026-05-13T04:08:13Z</time></trkpt>
<trkpt lat="33.0499634" lon="35.1750055"><ele>151.2</ele><time>2026-05-13T04:08:14Z</time></trkpt>
<trkpt lat="33.0499642" lon="35.1750354"><ele>151.4</ele><time>2026-05-13T04:08:15Z</time></trkpt>
<trkpt lat="33.0499645" lon="35.1750654"><ele>151.6</ele><time>2026-05-13T04:08:16Z</time></trkpt>
<trkpt lat="33.0499652" lon="35.1750949"><ele>151.8</ele><time>2026-05-13T04:08:17Z</time></trkpt>
<trkpt lat="33.0499671" lon="35.1751248"><ele>152.0</ele><time>2026-05-13T04:08:18Z</time></trkpt>
<trkpt lat="33.0499703" lon="35.1751563"><ele>152.2</ele><time>2026-05-13T04:08:19Z</time></trkpt>
<trkpt lat="33.0499736" lon="35.1751884"><ele>152.4</ele><time>2026-05-13T04:08:20Z</time></trkpt>
<trkpt lat="33.049976" lon="35.1752198"><ele>152.6</ele><time>2026-05-13T04:08:21Z</time></trkpt>
<trkpt lat="33.0499781" lon="35.175251"><ele>152.8</ele><time>2026-05-13T04:08:22Z</time></trkpt>
<trkpt lat="33.0499803" lon="35.1752827"><ele>153.0</ele><time>2026-05-13T04:08:23Z</time></trkpt>
<trkpt lat="33.0499814" lon="35.1753149"><ele>153.2</ele><time>2026-05-13T04:08:24Z</time></trkpt>
<trkpt lat="33.0499811" lon="35.1753468"><ele>153.4</ele><time>2026-05-13T04:08:25Z</time></trkpt>
<trkpt lat="33.0499805" lon="35.1753777"><ele>153.6</ele><time>2026-05-13T04:08:26Z</time></trkpt>
<trkpt lat="33.0499798" lon="35.1754094"><ele>153.8</ele><time>2026-05-13T04:08:27Z</time></trkpt>
<trkpt lat="33.0499787" lon="35.1754426"><ele>154.0</ele><time>2026-05-13T04:08:28Z</time></trkpt>
<trkpt lat="33.0499771" lon="35.175476"><ele>154.2</ele><time>2026-05-13T04:08:29Z</time></trkpt>
<trkpt lat="33.0499752" lon="35.1755097"><ele>154.4</ele><time>2026-05-13T04:08:30Z</time></trkpt>
<trkpt lat="33.0499738" lon="35.1755433"><ele>154.6</ele><time>2026-05-13T04:08:31Z</time></trkpt>
<trkpt lat="33.0499735" lon="35.1755762"><ele>154.7</ele><time>2026-05-13T04:08:32Z</time></trkpt>
<trkpt lat="33.0499735" lon="35.1756079"><ele>154.9</ele><time>2026-05-13T04:08:33Z</time></trkpt>
<trkpt lat="33.0499729" lon="35.1756394"><ele>155.1</ele><time>2026-05-13T04:08:34Z</time></trkpt>
<trkpt lat="33.0499721" lon="35.1756722"><ele>155.2</ele><time>2026-05-13T04:08:35Z</time></trkpt>
<trkpt lat="33.0499707" lon="35.1757059"><ele>155.4</ele><time>2026-05-13T04:08:36Z</time></trkpt>
<trkpt lat="33.0499685" lon="35.175739"><ele>155.6</ele><time>2026-05-13T04:08:37Z</time></trkpt>
<trkpt lat="33.0499665" lon="35.1757711"><ele>155.7</ele><time>2026-05-13T04:08:38Z</time></trkpt>
<trkpt lat="33.0499646" lon="35.1758035"><ele>155.9</ele><time>2026-05-13T04:08:39Z</time></trkpt>
<trkpt lat="33.049963" lon="35.1758362"><ele>156.0</ele><time>2026-05-13T04:08:40Z</time></trkpt>
<trkpt lat="33.0499622" lon="35.1758691"><ele>156.2</ele><time>2026-05-13T04:08:41Z</time></trkpt>
<trkpt lat="33.049962" lon="35.1759023"><ele>156.4</ele><time>2026-05-13T04:08:42Z</time></trkpt>
<trkpt lat="33.049962" lon="35.1759351"><ele>156.5</ele><time>2026-05-13T04:08:43Z</time></trkpt>
<trkpt lat="33.0499615" lon="35.1759684"><ele>156.7</ele><time>2026-05-13T04:08:44Z</time></trkpt>
<trkpt lat="33.04996" lon="35.1760023"><ele>156.9</ele><time>2026-05-13T04:08:45Z</time></trkpt>
<trkpt lat="33.0499581" lon="35.1760349"><ele>157.0</ele><time>2026-05-13T04:08:46Z</time></trkpt>
<trkpt lat="33.0499561" lon="35.1760663"><ele>157.2</ele><time>2026-05-13T04:08:47Z</time></trkpt>
<trkpt lat="33.0499544" lon="35.176097"><ele>157.4</ele><time>2026-05-13T04:08:48Z</time></trkpt>
<trkpt lat="33.0499533" lon="35.1761286"><ele>157.5</ele><time>2026-05-13T04:08:49Z</time></trkpt>
<trkpt lat="33.0499529" lon="35.1761617"><ele>157.7</ele><time>2026-05-13T04:08:50Z</time></trkpt>
<trkpt lat="33.0499533" lon="35.1761951"><ele>157.8</ele><time>2026-05-13T04:08:51Z</time></trkpt>
<trkpt lat="33.0499532" lon="35.1762277"><ele>157.9</ele><time>2026-05-13T04:08:52Z</time></trkpt>
<trkpt lat="33.0499522" lon="35.17626"><ele>158.1</ele><time>2026-05-13T04:08:53Z</time></trkpt>
<trkpt lat="33.0499514" lon="35.1762931"><ele>158.2</ele><time>2026-05-13T04:08:54Z</time></trkpt>
<trkpt lat="33.0499506" lon="35.1763265"><ele>158.4</ele><time>2026-05-13T04:08:55Z</time></trkpt>
<trkpt lat="33.0499494" lon="35.1763604"><ele>158.5</ele><time>2026-05-13T04:08:56Z</time></trkpt>
<trkpt lat="33.0499485" lon="35.1763949"><ele>158.6</ele><time>2026-05-13T04:08:57Z</time></trkpt>
<trkpt lat="33.0499481" lon="35.1764287"><ele>158.7</ele><time>2026-05-13T04:08:58Z</time></trkpt>
<trkpt lat="33.0499477" lon="35.1764611"><ele>158.9</ele><time>2026-05-13T04:08:59Z</time></trkpt>
<trkpt lat="33.0499477" lon="35.1764931"><ele>159.0</ele><time>2026-05-13T04:09:00Z</time></trkpt>
<trkpt lat="33.0499485" lon="35.1765246"><ele>159.1</ele><time>2026-05-13T04:09:01Z</time></trkpt>
<trkpt lat="33.0499496" lon="35.1765555"><ele>159.3</ele><time>2026-05-13T04:09:02Z</time></trkpt>
<trkpt lat="33.0499503" lon="35.1765862"><ele>159.4</ele><time>2026-05-13T04:09:03Z</time></trkpt>
<trkpt lat="33.0499499" lon="35.1766185"><ele>159.5</ele><time>2026-05-13T04:09:04Z</time></trkpt>
<trkpt lat="33.049949" lon="35.1766518"><ele>159.6</ele><time>2026-05-13T04:09:05Z</time></trkpt>
<trkpt lat="33.0499486" lon="35.1766839"><ele>159.8</ele><time>2026-05-13T04:09:06Z</time></trkpt>
<trkpt lat="33.049949" lon="35.1767126"><ele>159.9</ele><time>2026-05-13T04:09:07Z</time></trkpt>
<trkpt lat="33.0499508" lon="35.1767394"><ele>160.0</ele><time>2026-05-13T04:09:08Z</time></trkpt>
<trkpt lat="33.0499529" lon="35.1767682"><ele>160.1</ele><time>2026-05-13T04:09:09Z</time></trkpt>
<trkpt lat="33.0499542" lon="35.1767997"><ele>160.2</ele><time>2026-05-13T04:09:10Z</time></trkpt>
<trkpt lat="33.0499551" lon="35.1768336"><ele>160.3</ele><time>2026-05-13T04:09:11Z</time></trkpt>
<trkpt lat="33.0499559" lon="35.1768688"><ele>160.4</ele><time>2026-05-13T04:09:12Z</time></trkpt>
<trkpt lat="33.0499567" lon="35.1769043"><ele>160.5</ele><time>2026-05-13T04:09:13Z</time></trkpt>
<trkpt lat="33.0499569" lon="35.1769398"><ele>160.6</ele><time>2026-05-13T04:09:14Z</time></trkpt>
<trkpt lat="33.0499563" lon="35.1769765"><ele>160.6</ele><time>2026-05-13T04:09:15Z</time></trkpt>
<trkpt lat="33.0499551" lon="35.1770146"><ele>160.7</ele><time>2026-05-13T04:09:16Z</time></trkpt>
<trkpt lat="33.0499542" lon="35.1770525"><ele>160.8</ele><time>2026-05-13T04:09:17Z</time></trkpt>
<trkpt lat="33.0499547" lon="35.1770891"><ele>160.9</ele><time>2026-05-13T04:09:18Z</time></trkpt>
<trkpt lat="33.0499551" lon="35.1771255"><ele>161.0</ele><time>2026-05-13T04:09:19Z</time></trkpt>
<trkpt lat="33.049954" lon="35.1771618"><ele>161.1</ele><time>2026-05-13T04:09:20Z</time></trkpt>
<trkpt lat="33.0499517" lon="35.1771976"><ele>161.2</ele><time>2026-05-13T04:09:21Z</time></trkpt>
<trkpt lat="33.049949" lon="35.1772337"><ele>161.3</ele><time>2026-05-13T04:09:22Z</time></trkpt>
<trkpt lat="33.0499472" lon="35.177271"><ele>161.4</ele><time>2026-05-13T04:09:23Z</time></trkpt>
<trkpt lat="33.0499461" lon="35.1773088"><ele>161.5</ele><time>2026-05-13T04:09:24Z</time></trkpt>
<trkpt lat="33.049945" lon="35.1773469"><ele>161.6</ele><time>2026-05-13T04:09:25Z</time></trkpt>
<trkpt lat="33.0499438" lon="35.1773857"><ele>161.7</ele><time>2026-05-13T04:09:26Z</time></trkpt>
<trkpt lat="33.049943" lon="35.1774252"><ele>161.9</ele><time>2026-05-13T04:09:27Z</time></trkpt>
<trkpt lat="33.0499422" lon="35.1774643"><ele>162.0</ele><time>2026-05-13T04:09:28Z</time></trkpt>
<trkpt lat="33.0499412" lon="35.1775023"><ele>162.1</ele><time>2026-05-13T04:09:29Z</time></trkpt>
<trkpt lat="33.0499397" lon="35.1775402"><ele>162.2</ele><time>2026-05-13T04:09:30Z</time></trkpt>
<trkpt lat="33.0499368" lon="35.1775783"><ele>162.3</ele><time>2026-05-13T04:09:31Z</time></trkpt>
<trkpt lat="33.0499334" lon="35.1776164"><ele>162.4</ele><time>2026-05-13T04:09:32Z</time></trkpt>
<trkpt lat="33.049931" lon="35.1776542"><ele>162.5</ele><time>2026-05-13T04:09:33Z</time></trkpt>
<trkpt lat="33.0499287" lon="35.1776926"><ele>162.6</ele><time>2026-05-13T04:09:34Z</time></trkpt>
<trkpt lat="33.0499259" lon="35.1777306"><ele>162.7</ele><time>2026-05-13T04:09:35Z</time></trkpt>
<trkpt lat="33.0499231" lon="35.1777685"><ele>162.8</ele><time>2026-05-13T04:09:36Z</time></trkpt>
<trkpt lat="33.0499208" lon="35.1778065"><ele>162.9</ele><time>2026-05-13T04:09:37Z</time></trkpt>
<trkpt lat="33.049919" lon="35.1778441"><ele>163.1</ele><time>2026-05-13T04:09:38Z</time></trkpt>
<trkpt lat="33.0499172" lon="35.1778824"><ele>163.2</ele><time>2026-05-13T04:09:39Z</time></trkpt>
<trkpt lat="33.049915" lon="35.1779206"><ele>163.3</ele><time>2026-05-13T04:09:40Z</time></trkpt>
<trkpt lat="33.0499133" lon="35.1779582"><ele>163.4</ele><time>2026-05-13T04:09:41Z</time></trkpt>
<trkpt lat="33.049912" lon="35.177996"><ele>163.5</ele><time>2026-05-13T04:09:42Z</time></trkpt>
<trkpt lat="33.0499108" lon="35.1780342"><ele>163.6</ele><time>2026-05-13T04:09:43Z</time></trkpt>
<trkpt lat="33.0499088" lon="35.1780719"><ele>163.7</ele><time>2026-05-13T04:09:44Z</time></trkpt>
<trkpt lat="33.0499061" lon="35.1781101"><ele>163.8</ele><time>2026-05-13T04:09:45Z</time></trkpt>
<trkpt lat="33.0499037" lon="35.1781496"><ele>163.9</ele><time>2026-05-13T04:09:46Z</time></trkpt>
<trkpt lat="33.0499022" lon="35.178188"><ele>164.0</ele><time>2026-05-13T04:09:47Z</time></trkpt>
<trkpt lat="33.0499013" lon="35.1782256"><ele>164.1</ele><time>2026-05-13T04:09:48Z</time></trkpt>
<trkpt lat="33.0499014" lon="35.178264"><ele>164.2</ele><time>2026-05-13T04:09:49Z</time></trkpt>
<trkpt lat="33.0499029" lon="35.1783032"><ele>164.3</ele><time>2026-05-13T04:09:50Z</time></trkpt>
<trkpt lat="33.0499046" lon="35.1783429"><ele>164.4</ele><time>2026-05-13T04:09:51Z</time></trkpt>
<trkpt lat="33.0499055" lon="35.1783814"><ele>164.6</ele><time>2026-05-13T04:09:52Z</time></trkpt>
<trkpt lat="33.0499054" lon="35.1784181"><ele>164.7</ele><time>2026-05-13T04:09:53Z</time></trkpt>
<trkpt lat="33.049905" lon="35.1784558"><ele>164.8</ele><time>2026-05-13T04:09:54Z</time></trkpt>
<trkpt lat="33.0499047" lon="35.1784961"><ele>164.9</ele><time>2026-05-13T04:09:55Z</time></trkpt>
<trkpt lat="33.0499044" lon="35.1785371"><ele>165.0</ele><time>2026-05-13T04:09:56Z</time></trkpt>
<trkpt lat="33.0499045" lon="35.1785769"><ele>165.1</ele><time>2026-05-13T04:09:57Z</time></trkpt>
<trkpt lat="33.049905" lon="35.1786155"><ele>165.2</ele><time>2026-05-13T04:09:58Z</time></trkpt>
<trkpt lat="33.049905" lon="35.1786536"><ele>165.3</ele><time>2026-05-13T04:09:59Z</time></trkpt>
<trkpt lat="33.0499046" lon="35.1786903"><ele>165.4</ele><time>2026-05-13T04:10:00Z</time></trkpt>
<trkpt lat="33.0499042" lon="35.1787267"><ele>165.5</ele><time>2026-05-13T04:10:01Z</time></trkpt>
<trkpt lat="33.0499037" lon="35.1787643"><ele>165.6</ele><time>2026-05-13T04:10:02Z</time></trkpt>
<trkpt lat="33.049903" lon="35.1788029"><ele>165.7</ele><time>2026-05-13T04:10:03Z</time></trkpt>
<trkpt lat="33.0499018" lon="35.1788429"><ele>165.8</ele><time>2026-05-13T04:10:04Z</time></trkpt>
<trkpt lat="33.0499012" lon="35.1788826"><ele>166.0</ele><time>2026-05-13T04:10:05Z</time></trkpt>
<trkpt lat="33.0499019" lon="35.1789211"><ele>166.1</ele><time>2026-05-13T04:10:06Z</time></trkpt>
<trkpt lat="33.0499034" lon="35.1789596"><ele>166.2</ele><time>2026-05-13T04:10:07Z</time></trkpt>
<trkpt lat="33.0499041" lon="35.178999"><ele>166.3</ele><time>2026-05-13T04:10:08Z</time></trkpt>
<trkpt lat="33.0499032" lon="35.1790385"><ele>166.5</ele><time>2026-05-13T04:10:09Z</time></trkpt>
<trkpt lat="33.049901" lon="35.1790771"><ele>166.6</ele><time>2026-05-13T04:10:10Z</time></trkpt>
<trkpt lat="33.0498989" lon="35.1791145"><ele>166.7</ele><time>2026-05-13T04:10:11Z</time></trkpt>
<trkpt lat="33.0498982" lon="35.1791531"><ele>166.9</ele><time>2026-05-13T04:10:12Z</time></trkpt>
<trkpt lat="33.0498988" lon="35.1791935"><ele>167.0</ele><time>2026-05-13T04:10:13Z</time></trkpt>
<trkpt lat="33.0499" lon="35.1792329"><ele>167.1</ele><time>2026-05-13T04:10:14Z</time></trkpt>
<trkpt lat="33.0499004" lon="35.1792715"><ele>167.2</ele><time>2026-05-13T04:10:15Z</time></trkpt>
<trkpt lat="33.0498993" lon="35.1793103"><ele>167.3</ele><time>2026-05-13T04:10:16Z</time></trkpt>
<trkpt lat="33.0498973" lon="35.1793504"><ele>167.4</ele><time>2026-05-13T04:10:17Z</time></trkpt>
<trkpt lat="33.0498954" lon="35.1793919"><ele>167.5</ele><time>2026-05-13T04:10:18Z</time></trkpt>
<trkpt lat="33.049894" lon="35.1794335"><ele>167.6</ele><time>2026-05-13T04:10:19Z</time></trkpt>
<trkpt lat="33.0498923" lon="35.1794752"><ele>167.7</ele><time>2026-05-13T04:10:20Z</time></trkpt>
<trkpt lat="33.049889" lon="35.1795161"><ele>167.8</ele><time>2026-05-13T04:10:21Z</time></trkpt>
<trkpt lat="33.0498843" lon="35.179555"><ele>167.9</ele><time>2026-05-13T04:10:22Z</time></trkpt>
<trkpt lat="33.0498796" lon="35.1795923"><ele>168.0</ele><time>2026-05-13T04:10:23Z</time></trkpt>
<trkpt lat="33.0498759" lon="35.1796293"><ele>168.1</ele><time>2026-05-13T04:10:24Z</time></trkpt>
<trkpt lat="33.0498734" lon="35.1796689"><ele>168.1</ele><time>2026-05-13T04:10:25Z</time></trkpt>
<trkpt lat="33.0498716" lon="35.1797112"><ele>168.2</ele><time>2026-05-13T04:10:26Z</time></trkpt>
<trkpt lat="33.0498704" lon="35.1797527"><ele>168.3</ele><time>2026-05-13T04:10:27Z</time></trkpt>
<trkpt lat="33.0498696" lon="35.1797928"><ele>168.4</ele><time>2026-05-13T04:10:28Z</time></trkpt>
<trkpt lat="33.0498693" lon="35.1798324"><ele>168.5</ele><time>2026-05-13T04:10:29Z</time></trkpt>
<trkpt lat="33.0498689" lon="35.1798705"><ele>168.5</ele><time>2026-05-13T04:10:30Z</time></trkpt>
<trkpt lat="33.0498673" lon="35.1799084"><ele>168.6</ele><time>2026-05-13T04:10:31Z</time></trkpt>
<trkpt lat="33.0498642" lon="35.1799464"><ele>168.7</ele><time>2026-05-13T04:10:32Z</time></trkpt>
<trkpt lat="33.0498608" lon="35.179984"><ele>168.8</ele><time>2026-05-13T04:10:33Z</time></trkpt>
<trkpt lat="33.049858" lon="35.1800209"><ele>168.8</ele><time>2026-05-13T04:10:34Z</time></trkpt>
<trkpt lat="33.0498557" lon="35.1800579"><ele>168.9</ele><time>2026-05-13T04:10:35Z</time></trkpt>
<trkpt lat="33.0498537" lon="35.1800963"><ele>169.0</ele><time>2026-05-13T04:10:36Z</time></trkpt>
<trkpt lat="33.0498522" lon="35.1801353"><ele>169.0</ele><time>2026-05-13T04:10:37Z</time></trkpt>
<trkpt lat="33.0498507" lon="35.1801743"><ele>169.1</ele><time>2026-05-13T04:10:38Z</time></trkpt>
<trkpt lat="33.0498486" lon="35.1802113"><ele>169.1</ele><time>2026-05-13T04:10:39Z</time></trkpt>
<trkpt lat="33.049846" lon="35.1802467"><ele>169.2</ele><time>2026-05-13T04:10:40Z</time></trkpt>
<trkpt lat="33.0498425" lon="35.1802826"><ele>169.3</ele><time>2026-05-13T04:10:41Z</time></trkpt>
<trkpt lat="33.0498368" lon="35.1803187"><ele>169.3</ele><time>2026-05-13T04:10:42Z</time></trkpt>
<trkpt lat="33.0498283" lon="35.1803536"><ele>169.4</ele><time>2026-05-13T04:10:43Z</time></trkpt>
<trkpt lat="33.0498164" lon="35.1803876"><ele>169.4</ele><time>2026-05-13T04:10:44Z</time></trkpt>
<trkpt lat="33.0498007" lon="35.1804199"><ele>169.5</ele><time>2026-05-13T04:10:45Z</time></trkpt>
<trkpt lat="33.0497812" lon="35.1804489"><ele>169.6</ele><time>2026-05-13T04:10:46Z</time></trkpt>
<trkpt lat="33.0497579" lon="35.180473"><ele>169.7</ele><time>2026-05-13T04:10:47Z</time></trkpt>
<trkpt lat="33.0497312" lon="35.1804907"><ele>169.8</ele><time>2026-05-13T04:10:48Z</time></trkpt>
<trkpt lat="33.0497034" lon="35.1805018"><ele>169.9</ele><time>2026-05-13T04:10:49Z</time></trkpt>
<trkpt lat="33.0496761" lon="35.1805079"><ele>170.0</ele><time>2026-05-13T04:10:50Z</time></trkpt>
<trkpt lat="33.0496488" lon="35.1805116"><ele>170.1</ele><time>2026-05-13T04:10:51Z</time></trkpt>
<trkpt lat="33.0496212" lon="35.1805142"><ele>170.2</ele><time>2026-05-13T04:10:52Z</time></trkpt>
<trkpt lat="33.0495942" lon="35.1805159"><ele>170.3</ele><time>2026-05-13T04:10:53Z</time></trkpt>
<trkpt lat="33.0495657" lon="35.1805164"><ele>170.4</ele><time>2026-05-13T04:10:54Z</time></trkpt>
<trkpt lat="33.049534" lon="35.1805161"><ele>170.6</ele><time>2026-05-13T04:10:55Z</time></trkpt>
<trkpt lat="33.049501" lon="35.1805161"><ele>170.7</ele><time>2026-05-13T04:10:56Z</time></trkpt>
<trkpt lat="33.0494678" lon="35.1805163"><ele>170.8</ele><time>2026-05-13T04:10:57Z</time></trkpt>
<trkpt lat="33.0494344" lon="35.1805151"><ele>171.0</ele><time>2026-05-13T04:10:58Z</time></trkpt>
<trkpt lat="33.0494015" lon="35.1805128"><ele>171.1</ele><time>2026-05-13T04:10:59Z</time></trkpt>
<trkpt lat="33.0493688" lon="35.1805109"><ele>171.2</ele><time>2026-05-13T04:11:00Z</time></trkpt>
<trkpt lat="33.049336" lon="35.1805098"><ele>171.3</ele><time>2026-05-13T04:11:01Z</time></trkpt>
<trkpt lat="33.0493031" lon="35.1805093"><ele>171.5</ele><time>2026-05-13T04:11:02Z</time></trkpt>
<trkpt lat="33.04927" lon="35.1805092"><ele>171.6</ele><time>2026-05-13T04:11:03Z</time></trkpt>
<trkpt lat="33.0492374" lon="35.1805093"><ele>171.7</ele><time>2026-05-13T04:11:04Z</time></trkpt>
<trkpt lat="33.0492051" lon="35.1805091"><ele>171.8</ele><time>2026-05-13T04:11:05Z</time></trkpt>
<trkpt lat="33.0491723" lon="35.1805089"><ele>171.9</ele><time>2026-05-13T04:11:06Z</time></trkpt>
<trkpt lat="33.0491393" lon="35.1805089"><ele>172.1</ele><time>2026-05-13T04:11:07Z</time></trkpt>
<trkpt lat="33.0491066" lon="35.1805089"><ele>172.2</ele><time>2026-05-13T04:11:08Z</time></trkpt>
<trkpt lat="33.0490741" lon="35.1805091"><ele>172.3</ele><time>2026-05-13T04:11:09Z</time></trkpt>
<trkpt lat="33.0490409" lon="35.1805101"><ele>172.4</ele><time>2026-05-13T04:11:10Z</time></trkpt>
<trkpt lat="33.0490066" lon="35.1805128"><ele>172.5</ele><time>2026-05-13T04:11:11Z</time></trkpt>
<trkpt lat="33.0489726" lon="35.1805169"><ele>172.6</ele><time>2026-05-13T04:11:12Z</time></trkpt>
<trkpt lat="33.0489405" lon="35.1805222"><ele>172.6</ele><time>2026-05-13T04:11:13Z</time></trkpt>
<trkpt lat="33.0489103" lon="35.1805299"><ele>172.7</ele><time>2026-05-13T04:11:14Z</time></trkpt>
<trkpt lat="33.0488819" lon="35.1805422"><ele>172.8</ele><time>2026-05-13T04:11:15Z</time></trkpt>
<trkpt lat="33.0488561" lon="35.1805607"><ele>172.9</ele><time>2026-05-13T04:11:16Z</time></trkpt>
<trkpt lat="33.048834" lon="35.180586"><ele>172.9</ele><time>2026-05-13T04:11:17Z</time></trkpt>
<trkpt lat="33.0488178" lon="35.180616"><ele>173.0</ele><time>2026-05-13T04:11:18Z</time></trkpt>
<trkpt lat="33.0488075" lon="35.1806497"><ele>173.1</ele><time>2026-05-13T04:11:19Z</time></trkpt>
<trkpt lat="33.0488012" lon="35.1806862"><ele>173.2</ele><time>2026-05-13T04:11:20Z</time></trkpt>
<trkpt lat="33.0487966" lon="35.180724"><ele>173.3</ele><time>2026-05-13T04:11:21Z</time></trkpt>
<trkpt lat="33.0487927" lon="35.180762"><ele>173.4</ele><time>2026-05-13T04:11:22Z</time></trkpt>
<trkpt lat="33.0487895" lon="35.1807997"><ele>173.5</ele><time>2026-05-13T04:11:23Z</time></trkpt>
<trkpt lat="33.0487876" lon="35.1808369"><ele>173.6</ele><time>2026-05-13T04:11:24Z</time></trkpt>
<trkpt lat="33.0487871" lon="35.180873"><ele>173.7</ele><time>2026-05-13T04:11:25Z</time></trkpt>
<trkpt lat="33.048788" lon="35.1809087"><ele>173.8</ele><time>2026-05-13T04:11:26Z</time></trkpt>
<trkpt lat="33.0487893" lon="35.1809458"><ele>173.9</ele><time>2026-05-13T04:11:27Z</time></trkpt>
<trkpt lat="33.0487889" lon="35.1809845"><ele>174.0</ele><time>2026-05-13T04:11:28Z</time></trkpt>
<trkpt lat="33.0487869" lon="35.1810239"><ele>174.2</ele><time>2026-05-13T04:11:29Z</time></trkpt>
<trkpt lat="33.0487848" lon="35.1810633"><ele>174.3</ele><time>2026-05-13T04:11:30Z</time></trkpt>
<trkpt lat="33.0487832" lon="35.181102"><ele>174.4</ele><time>2026-05-13T04:11:31Z</time></trkpt>
<trkpt lat="33.0487821" lon="35.1811396"><ele>174.5</ele><time>2026-05-13T04:11:32Z</time></trkpt>
<trkpt lat="33.0487815" lon="35.181177"><ele>174.6</ele><time>2026-05-13T04:11:33Z</time></trkpt>
<trkpt lat="33.0487818" lon="35.1812146"><ele>174.7</ele><time>2026-05-13T04:11:34Z</time></trkpt>
<trkpt lat="33.048783" lon="35.1812524"><ele>174.8</ele><time>2026-05-13T04:11:35Z</time></trkpt>
<trkpt lat="33.048784" lon="35.1812891"><ele>175.0</ele><time>2026-05-13T04:11:36Z</time></trkpt>
<trkpt lat="33.0487835" lon="35.1813238"><ele>175.1</ele><time>2026-05-13T04:11:37Z</time></trkpt>
<trkpt lat="33.0487816" lon="35.1813581"><ele>175.2</ele><time>2026-05-13T04:11:38Z</time></trkpt>
<trkpt lat="33.0487799" lon="35.1813946"><ele>175.3</ele><time>2026-05-13T04:11:39Z</time></trkpt>
<trkpt lat="33.0487786" lon="35.1814338"><ele>175.4</ele><time>2026-05-13T04:11:40Z</time></trkpt>
<trkpt lat="33.0487776" lon="35.1814741"><ele>175.6</ele><time>2026-05-13T04:11:41Z</time></trkpt>
<trkpt lat="33.0487774" lon="35.1815139"><ele>175.7</ele><time>2026-05-13T04:11:42Z</time></trkpt>
<trkpt lat="33.0487767" lon="35.1815528"><ele>175.8</ele><time>2026-05-13T04:11:43Z</time></trkpt>
<trkpt lat="33.0487748" lon="35.1815916"><ele>175.9</ele><time>2026-05-13T04:11:44Z</time></trkpt>
<trkpt lat="33.0487724" lon="35.1816303"><ele>176.0</ele><time>2026-05-13T04:11:45Z</time></trkpt>
<trkpt lat="33.0487691" lon="35.181669"><ele>176.2</ele><time>2026-05-13T04:11:46Z</time></trkpt>
<trkpt lat="33.0487659" lon="35.1817066"><ele>176.3</ele><time>2026-05-13T04:11:47Z</time></trkpt>
<trkpt lat="33.0487636" lon="35.1817434"><ele>176.4</ele><time>2026-05-13T04:11:48Z</time></trkpt>
<trkpt lat="33.0487621" lon="35.1817814"><ele>176.5</ele><time>2026-05-13T04:11:49Z</time></trkpt>
<trkpt lat="33.0487613" lon="35.1818209"><ele>176.7</ele><time>2026-05-13T04:11:50Z</time></trkpt>
<trkpt lat="33.0487611" lon="35.1818608"><ele>176.8</ele><time>2026-05-13T04:11:51Z</time></trkpt>
<trkpt lat="33.048761" lon="35.1819004"><ele>176.9</ele><time>2026-05-13T04:11:52Z</time></trkpt>
<trkpt lat="33.0487608" lon="35.1819395"><ele>177.0</ele><time>2026-05-13T04:11:53Z</time></trkpt>
<trkpt lat="33.0487602" lon="35.1819784"><ele>177.1</ele><time>2026-05-13T04:11:54Z</time></trkpt>
<trkpt lat="33.0487577" lon="35.1820167"><ele>177.2</ele><time>2026-05-13T04:11:55Z</time></trkpt>
<trkpt lat="33.0487535" lon="35.1820541"><ele>177.3</ele><time>2026-05-13T04:11:56Z</time></trkpt>
<trkpt lat="33.0487492" lon="35.1820914"><ele>177.4</ele><time>2026-05-13T04:11:57Z</time></trkpt>
<trkpt lat="33.0487456" lon="35.1821297"><ele>177.5</ele><time>2026-05-13T04:11:58Z</time></trkpt>
<trkpt lat="33.0487436" lon="35.1821691"><ele>177.5</ele><time>2026-05-13T04:11:59Z</time></trkpt>
<trkpt lat="33.0487438" lon="35.1822089"><ele>177.6</ele><time>2026-05-13T04:12:00Z</time></trkpt>
<trkpt lat="33.0487439" lon="35.182247"><ele>177.7</ele><time>2026-05-13T04:12:01Z</time></trkpt>
<trkpt lat="33.0487433" lon="35.1822849"><ele>177.8</ele><time>2026-05-13T04:12:02Z</time></trkpt>
<trkpt lat="33.0487433" lon="35.1823242"><ele>177.8</ele><time>2026-05-13T04:12:03Z</time></trkpt>
<trkpt lat="33.0487443" lon="35.1823623"><ele>177.9</ele><time>2026-05-13T04:12:04Z</time></trkpt>
<trkpt lat="33.0487448" lon="35.1823996"><ele>178.0</ele><time>2026-05-13T04:12:05Z</time></trkpt>
<trkpt lat="33.0487441" lon="35.1824378"><ele>178.0</ele><time>2026-05-13T04:12:06Z</time></trkpt>
<trkpt lat="33.0487434" lon="35.1824767"><ele>178.1</ele><time>2026-05-13T04:12:07Z</time></trkpt>
<trkpt lat="33.0487422" lon="35.1825159"><ele>178.2</ele><time>2026-05-13T04:12:08Z</time></trkpt>
<trkpt lat="33.04874" lon="35.1825556"><ele>178.2</ele><time>2026-05-13T04:12:09Z</time></trkpt>
<trkpt lat="33.0487381" lon="35.1825957"><ele>178.3</ele><time>2026-05-13T04:12:10Z</time></trkpt>
<trkpt lat="33.0487379" lon="35.182636"><ele>178.4</ele><time>2026-05-13T04:12:11Z</time></trkpt>
<trkpt lat="33.048739" lon="35.1826759"><ele>178.5</ele><time>2026-05-13T04:12:12Z</time></trkpt>
<trkpt lat="33.0487399" lon="35.1827158"><ele>178.5</ele><time>2026-05-13T04:12:13Z</time></trkpt>
<trkpt lat="33.0487403" lon="35.1827564"><ele>178.6</ele><time>2026-05-13T04:12:14Z</time></trkpt>
<trkpt lat="33.0487409" lon="35.1827968"><ele>178.7</ele><time>2026-05-13T04:12:15Z</time></trkpt>
<trkpt lat="33.0487418" lon="35.182837"><ele>178.8</ele><time>2026-05-13T04:12:16Z</time></trkpt>
<trkpt lat="33.0487431" lon="35.1828766"><ele>178.8</ele><time>2026-05-13T04:12:17Z</time></trkpt>
<trkpt lat="33.0487447" lon="35.1829159"><ele>178.9</ele><time>2026-05-13T04:12:18Z</time></trkpt>
<trkpt lat="33.0487467" lon="35.1829558"><ele>179.0</ele><time>2026-05-13T04:12:19Z</time></trkpt>
<trkpt lat="33.0487493" lon="35.1829963"><ele>179.1</ele><time>2026-05-13T04:12:20Z</time></trkpt>
<trkpt lat="33.0487516" lon="35.1830365"><ele>179.2</ele><time>2026-05-13T04:12:21Z</time></trkpt>
<trkpt lat="33.0487521" lon="35.1830763"><ele>179.2</ele><time>2026-05-13T04:12:22Z</time></trkpt>
<trkpt lat="33.0487504" lon="35.1831161"><ele>179.3</ele><time>2026-05-13T04:12:23Z</time></trkpt>
<trkpt lat="33.048748" lon="35.1831554"><ele>179.4</ele><time>2026-05-13T04:12:24Z</time></trkpt>
<trkpt lat="33.0487467" lon="35.1831939"><ele>179.5</ele><time>2026-05-13T04:12:25Z</time></trkpt>
<trkpt lat="33.048746" lon="35.1832334"><ele>179.6</ele><time>2026-05-13T04:12:26Z</time></trkpt>
<trkpt lat="33.0487438" lon="35.1832749"><ele>179.6</ele><time>2026-05-13T04:12:27Z</time></trkpt>
<trkpt lat="33.0487395" lon="35.1833172"><ele>179.7</ele><time>2026-05-13T04:12:28Z</time></trkpt>
<trkpt lat="33.048735" lon="35.1833595"><ele>179.8</ele><time>2026-05-13T04:12:29Z</time></trkpt>
<trkpt lat="33.0487309" lon="35.1834008"><ele>179.8</ele><time>2026-05-13T04:12:30Z</time></trkpt>
<trkpt lat="33.0487269" lon="35.1834411"><ele>179.9</ele><time>2026-05-13T04:12:31Z</time></trkpt>
<trkpt lat="33.0487233" lon="35.1834808"><ele>180.0</ele><time>2026-05-13T04:12:32Z</time></trkpt>
<trkpt lat="33.0487195" lon="35.1835202"><ele>180.0</ele><time>2026-05-13T04:12:33Z</time></trkpt>
<trkpt lat="33.0487158" lon="35.1835583"><ele>180.1</ele><time>2026-05-13T04:12:34Z</time></trkpt>
<trkpt lat="33.0487123" lon="35.1835948"><ele>180.1</ele><time>2026-05-13T04:12:35Z</time></trkpt>
<trkpt lat="33.0487085" lon="35.1836308"><ele>180.2</ele><time>2026-05-13T04:12:36Z</time></trkpt>
<trkpt lat="33.0487041" lon="35.1836659"><ele>180.3</ele><time>2026-05-13T04:12:37Z</time></trkpt>
<trkpt lat="33.0486988" lon="35.1837008"><ele>180.3</ele><time>2026-05-13T04:12:38Z</time></trkpt>
<trkpt lat="33.0486922" lon="35.1837358"><ele>180.4</ele><time>2026-05-13T04:12:39Z</time></trkpt>
<trkpt lat="33.0486831" lon="35.1837695"><ele>180.4</ele><time>2026-05-13T04:12:40Z</time></trkpt>
<trkpt lat="33.0486711" lon="35.1838005"><ele>180.5</ele><time>2026-05-13T04:12:41Z</time></trkpt>
<trkpt lat="33.0486555" lon="35.183829"><ele>180.5</ele><time>2026-05-13T04:12:42Z</time></trkpt>
<trkpt lat="33.0486368" lon="35.1838551"><ele>180.6</ele><time>2026-05-13T04:12:43Z</time></trkpt>
<trkpt lat="33.0486157" lon="35.1838786"><ele>180.7</ele><time>2026-05-13T04:12:44Z</time></trkpt>
<trkpt lat="33.0485914" lon="35.1838998"><ele>180.8</ele><time>2026-05-13T04:12:45Z</time></trkpt>
<trkpt lat="33.0485646" lon="35.1839173"><ele>180.9</ele><time>2026-05-13T04:12:46Z</time></trkpt>
<trkpt lat="33.0485368" lon="35.1839312"><ele>181.0</ele><time>2026-05-13T04:12:47Z</time></trkpt>
<trkpt lat="33.0485075" lon="35.1839436"><ele>181.1</ele><time>2026-05-13T04:12:48Z</time></trkpt>
<trkpt lat="33.0484768" lon="35.1839558"><ele>181.3</ele><time>2026-05-13T04:12:49Z</time></trkpt>
<trkpt lat="33.0484484" lon="35.1839676"><ele>181.5</ele><time>2026-05-13T04:12:50Z</time></trkpt>
<trkpt lat="33.0484229" lon="35.1839793"><ele>181.6</ele><time>2026-05-13T04:12:51Z</time></trkpt>
<trkpt lat="33.0483998" lon="35.1839937"><ele>181.8</ele><time>2026-05-13T04:12:52Z</time></trkpt>
<trkpt lat="33.0483798" lon="35.1840126"><ele>182.0</ele><time>2026-05-13T04:12:53Z</time></trkpt>
<trkpt lat="33.0483622" lon="35.184036"><ele>182.2</ele><time>2026-05-13T04:12:54Z</time></trkpt>
<trkpt lat="33.0483468" lon="35.184064"><ele>182.4</ele><time>2026-05-13T04:12:55Z</time></trkpt>
<trkpt lat="33.0483343" lon="35.1840942"><ele>182.5</ele><time>2026-05-13T04:12:56Z</time></trkpt>
<trkpt lat="33.048325" lon="35.1841258"><ele>182.7</ele><time>2026-05-13T04:12:57Z</time></trkpt>
<trkpt lat="33.0483197" lon="35.1841611"><ele>182.9</ele><time>2026-05-13T04:12:58Z</time></trkpt>
<trkpt lat="33.0483179" lon="35.1842004"><ele>183.0</ele><time>2026-05-13T04:12:59Z</time></trkpt>
<trkpt lat="33.0483182" lon="35.1842421"><ele>183.2</ele><time>2026-05-13T04:13:00Z</time></trkpt>
<trkpt lat="33.0483191" lon="35.1842849"><ele>183.3</ele><time>2026-05-13T04:13:01Z</time></trkpt>
<trkpt lat="33.04832" lon="35.1843286"><ele>183.4</ele><time>2026-05-13T04:13:02Z</time></trkpt>
<trkpt lat="33.0483201" lon="35.1843736"><ele>183.6</ele><time>2026-05-13T04:13:03Z</time></trkpt>
<trkpt lat="33.0483195" lon="35.1844195"><ele>183.6</ele><time>2026-05-13T04:13:04Z</time></trkpt>
<trkpt lat="33.0483185" lon="35.1844645"><ele>183.7</ele><time>2026-05-13T04:13:05Z</time></trkpt>
<trkpt lat="33.0483166" lon="35.1845087"><ele>183.8</ele><time>2026-05-13T04:13:06Z</time></trkpt>
<trkpt lat="33.0483145" lon="35.184552"><ele>183.9</ele><time>2026-05-13T04:13:07Z</time></trkpt>
<trkpt lat="33.0483126" lon="35.1845945"><ele>183.9</ele><time>2026-05-13T04:13:08Z</time></trkpt>
<trkpt lat="33.0483105" lon="35.1846375"><ele>184.0</ele><time>2026-05-13T04:13:09Z</time></trkpt>
<trkpt lat="33.0483075" lon="35.1846811"><ele>184.0</ele><time>2026-05-13T04:13:10Z</time></trkpt>
<trkpt lat="33.0483035" lon="35.184724"><ele>184.1</ele><time>2026-05-13T04:13:11Z</time></trkpt>
<trkpt lat="33.0482983" lon="35.1847652"><ele>184.2</ele><time>2026-05-13T04:13:12Z</time></trkpt>
<trkpt lat="33.0482914" lon="35.1848055"><ele>184.2</ele><time>2026-05-13T04:13:13Z</time></trkpt>
<trkpt lat="33.0482835" lon="35.1848468"><ele>184.3</ele><time>2026-05-13T04:13:14Z</time></trkpt>
<trkpt lat="33.0482756" lon="35.1848895"><ele>184.3</ele><time>2026-05-13T04:13:15Z</time></trkpt>
<trkpt lat="33.0482665" lon="35.1849329"><ele>184.4</ele><time>2026-05-13T04:13:16Z</time></trkpt>
<trkpt lat="33.0482563" lon="35.1849757"><ele>184.5</ele><time>2026-05-13T04:13:17Z</time></trkpt>
<trkpt lat="33.0482455" lon="35.1850174"><ele>184.5</ele><time>2026-05-13T04:13:18Z</time></trkpt>
<trkpt lat="33.0482346" lon="35.1850587"><ele>184.6</ele><time>2026-05-13T04:13:19Z</time></trkpt>
<trkpt lat="33.0482229" lon="35.1850987"><ele>184.7</ele><time>2026-05-13T04:13:20Z</time></trkpt>
<trkpt lat="33.0482104" lon="35.185138"><ele>184.8</ele><time>2026-05-13T04:13:21Z</time></trkpt>
<trkpt lat="33.048198" lon="35.1851776"><ele>184.9</ele><time>2026-05-13T04:13:22Z</time></trkpt>
<trkpt lat="33.0481868" lon="35.1852178"><ele>185.0</ele><time>2026-05-13T04:13:23Z</time></trkpt>
<trkpt lat="33.0481777" lon="35.1852586"><ele>185.1</ele><time>2026-05-13T04:13:24Z</time></trkpt>
<trkpt lat="33.0481702" lon="35.1852995"><ele>185.2</ele><time>2026-05-13T04:13:25Z</time></trkpt>
<trkpt lat="33.0481644" lon="35.1853405"><ele>185.3</ele><time>2026-05-13T04:13:26Z</time></trkpt>
<trkpt lat="33.0481599" lon="35.1853822"><ele>185.4</ele><time>2026-05-13T04:13:27Z</time></trkpt>
<trkpt lat="33.0481561" lon="35.185425"><ele>185.5</ele><time>2026-05-13T04:13:28Z</time></trkpt>
<trkpt lat="33.0481535" lon="35.1854688"><ele>185.6</ele><time>2026-05-13T04:13:29Z</time></trkpt>
<trkpt lat="33.0481528" lon="35.1855137"><ele>185.6</ele><time>2026-05-13T04:13:30Z</time></trkpt>
<trkpt lat="33.0481539" lon="35.1855588"><ele>185.7</ele><time>2026-05-13T04:13:31Z</time></trkpt>
<trkpt lat="33.0481561" lon="35.1856031"><ele>185.7</ele><time>2026-05-13T04:13:32Z</time></trkpt>
<trkpt lat="33.0481584" lon="35.1856474"><ele>185.8</ele><time>2026-05-13T04:13:33Z</time></trkpt>
<trkpt lat="33.0481616" lon="35.1856925"><ele>185.8</ele><time>2026-05-13T04:13:34Z</time></trkpt>
<trkpt lat="33.0481667" lon="35.1857382"><ele>185.9</ele><time>2026-05-13T04:13:35Z</time></trkpt>
<trkpt lat="33.0481741" lon="35.185784"><ele>185.9</ele><time>2026-05-13T04:13:36Z</time></trkpt>
<trkpt lat="33.048183" lon="35.185829"><ele>185.9</ele><time>2026-05-13T04:13:37Z</time></trkpt>
<trkpt lat="33.0481925" lon="35.1858729"><ele>185.9</ele><time>2026-05-13T04:13:38Z</time></trkpt>
<trkpt lat="33.0482032" lon="35.1859167"><ele>186.0</ele><time>2026-05-13T04:13:39Z</time></trkpt>
<trkpt lat="33.0482145" lon="35.1859603"><ele>186.0</ele><time>2026-05-13T04:13:40Z</time></trkpt>
<trkpt lat="33.0482265" lon="35.1860044"><ele>186.0</ele><time>2026-05-13T04:13:41Z</time></trkpt>
<trkpt lat="33.0482395" lon="35.1860493"><ele>186.0</ele><time>2026-05-13T04:13:42Z</time></trkpt>
<trkpt lat="33.0482541" lon="35.1860935"><ele>186.0</ele><time>2026-05-13T04:13:43Z</time></trkpt>
<trkpt lat="33.0482705" lon="35.186137"><ele>186.0</ele><time>2026-05-13T04:13:44Z</time></trkpt>
<trkpt lat="33.0482889" lon="35.1861799"><ele>186.0</ele><time>2026-05-13T04:13:45Z</time></trkpt>
<trkpt lat="33.0483096" lon="35.1862218"><ele>185.9</ele><time>2026-05-13T04:13:46Z</time></trkpt>
<trkpt lat="33.0483327" lon="35.1862636"><ele>185.9</ele><time>2026-05-13T04:13:47Z</time></trkpt>
<trkpt lat="33.0483579" lon="35.1863058"><ele>185.9</ele><time>2026-05-13T04:13:48Z</time></trkpt>
<trkpt lat="33.0483842" lon="35.1863474"><ele>185.8</ele><time>2026-05-13T04:13:49Z</time></trkpt>
<trkpt lat="33.0484118" lon="35.1863877"><ele>185.8</ele><time>2026-05-13T04:13:50Z</time></trkpt>
<trkpt lat="33.0484409" lon="35.186425"><ele>185.7</ele><time>2026-05-13T04:13:51Z</time></trkpt>
<trkpt lat="33.0484715" lon="35.1864583"><ele>185.7</ele><time>2026-05-13T04:13:52Z</time></trkpt>
<trkpt lat="33.0485035" lon="35.1864891"><ele>185.6</ele><time>2026-05-13T04:13:53Z</time></trkpt>
<trkpt lat="33.0485362" lon="35.1865187"><ele>185.6</ele><time>2026-05-13T04:13:54Z</time></trkpt>
<trkpt lat="33.0485695" lon="35.1865468"><ele>185.5</ele><time>2026-05-13T04:13:55Z</time></trkpt>
<trkpt lat="33.0486036" lon="35.1865739"><ele>185.5</ele><time>2026-05-13T04:13:56Z</time></trkpt>
<trkpt lat="33.0486369" lon="35.1866003"><ele>185.5</ele><time>2026-05-13T04:13:57Z</time></trkpt>
<trkpt lat="33.0486699" lon="35.1866264"><ele>185.5</ele><time>2026-05-13T04:13:58Z</time></trkpt>
<trkpt lat="33.0487033" lon="35.1866524"><ele>185.5</ele><time>2026-05-13T04:13:59Z</time></trkpt>
<trkpt lat="33.048736" lon="35.1866775"><ele>185.5</ele><time>2026-05-13T04:14:00Z</time></trkpt>
<trkpt lat="33.0487679" lon="35.1867009"><ele>185.6</ele><time>2026-05-13T04:14:01Z</time></trkpt>
<trkpt lat="33.0488019" lon="35.1867232"><ele>185.6</ele><time>2026-05-13T04:14:02Z</time></trkpt>
<trkpt lat="33.0488375" lon="35.1867463"><ele>185.6</ele><time>2026-05-13T04:14:03Z</time></trkpt>
<trkpt lat="33.0488722" lon="35.1867729"><ele>185.7</ele><time>2026-05-13T04:14:04Z</time></trkpt>
<trkpt lat="33.0489058" lon="35.1868023"><ele>185.7</ele><time>2026-05-13T04:14:05Z</time></trkpt>
<trkpt lat="33.0489388" lon="35.1868307"><ele>185.7</ele><time>2026-05-13T04:14:06Z</time></trkpt>
<trkpt lat="33.0489724" lon="35.1868573"><ele>185.7</ele><time>2026-05-13T04:14:07Z</time></trkpt>
<trkpt lat="33.0490067" lon="35.1868831"><ele>185.8</ele><time>2026-05-13T04:14:08Z</time></trkpt>
<trkpt lat="33.049041" lon="35.1869091"><ele>185.8</ele><time>2026-05-13T04:14:09Z</time></trkpt>
<trkpt lat="33.0490748" lon="35.1869346"><ele>185.8</ele><time>2026-05-13T04:14:10Z</time></trkpt>
<trkpt lat="33.0491078" lon="35.1869584"><ele>185.8</ele><time>2026-05-13T04:14:11Z</time></trkpt>
<trkpt lat="33.0491408" lon="35.1869809"><ele>185.8</ele><time>2026-05-13T04:14:12Z</time></trkpt>
<trkpt lat="33.0491743" lon="35.1870024"><ele>185.8</ele><time>2026-05-13T04:14:13Z</time></trkpt>
<trkpt lat="33.049209" lon="35.1870236"><ele>185.8</ele><time>2026-05-13T04:14:14Z</time></trkpt>
<trkpt lat="33.0492455" lon="35.187045"><ele>185.8</ele><time>2026-05-13T04:14:15Z</time></trkpt>
<trkpt lat="33.0492834" lon="35.1870652"><ele>185.8</ele><time>2026-05-13T04:14:16Z</time></trkpt>
<trkpt lat="33.0493225" lon="35.1870828"><ele>185.7</ele><time>2026-05-13T04:14:17Z</time></trkpt>
<trkpt lat="33.0493651" lon="35.1870977"><ele>185.7</ele><time>2026-05-13T04:14:18Z</time></trkpt>
<trkpt lat="33.0494133" lon="35.18711"><ele>185.6</ele><time>2026-05-13T04:14:19Z</time></trkpt>
<trkpt lat="33.0494665" lon="35.1871214"><ele>185.5</ele><time>2026-05-13T04:14:20Z</time></trkpt>
<trkpt lat="33.049523" lon="35.1871336"><ele>185.3</ele><time>2026-05-13T04:14:21Z</time></trkpt>
<trkpt lat="33.0495855" lon="35.1871458"><ele>185.1</ele><time>2026-05-13T04:14:22Z</time></trkpt>
<trkpt lat="33.0496532" lon="35.1871571"><ele>184.8</ele><time>2026-05-13T04:14:23Z</time></trkpt>
<trkpt lat="33.0497227" lon="35.18717"><ele>184.6</ele><time>2026-05-13T04:14:24Z</time></trkpt>
<trkpt lat="33.0497952" lon="35.1871842"><ele>184.2</ele><time>2026-05-13T04:14:25Z</time></trkpt>
<trkpt lat="33.0498713" lon="35.1871971"><ele>183.9</ele><time>2026-05-13T04:14:26Z</time></trkpt>
<trkpt lat="33.0499507" lon="35.1872115"><ele>183.5</ele><time>2026-05-13T04:14:27Z</time></trkpt>
<trkpt lat="33.050031" lon="35.1872271"><ele>183.1</ele><time>2026-05-13T04:14:28Z</time></trkpt>
<trkpt lat="33.0501127" lon="35.1872404"><ele>182.6</ele><time>2026-05-13T04:14:29Z</time></trkpt>
<trkpt lat="33.0501991" lon="35.1872523"><ele>182.2</ele><time>2026-05-13T04:14:30Z</time></trkpt>
<trkpt lat="33.0502883" lon="35.1872652"><ele>181.7</ele><time>2026-05-13T04:14:31Z</time></trkpt>
<trkpt lat="33.0503813" lon="35.1872802"><ele>181.2</ele><time>2026-05-13T04:14:32Z</time></trkpt>
<trkpt lat="33.0504757" lon="35.1872961"><ele>180.7</ele><time>2026-05-13T04:14:33Z</time></trkpt>
<trkpt lat="33.0505678" lon="35.1873117"><ele>180.3</ele><time>2026-05-13T04:14:34Z</time></trkpt>
<trkpt lat="33.0506577" lon="35.1873261"><ele>179.8</ele><time>2026-05-13T04:14:35Z</time></trkpt>
<trkpt lat="33.0507448" lon="35.1873398"><ele>179.4</ele><time>2026-05-13T04:14:36Z</time></trkpt>
<trkpt lat="33.0508312" lon="35.1873545"><ele>179.0</ele><time>2026-05-13T04:14:37Z</time></trkpt>
<trkpt lat="33.0509186" lon="35.1873698"><ele>178.6</ele><time>2026-05-13T04:14:38Z</time></trkpt>
<trkpt lat="33.0510056" lon="35.1873842"><ele>178.2</ele><time>2026-05-13T04:14:39Z</time></trkpt>
<trkpt lat="33.051091" lon="35.1873985"><ele>177.9</ele><time>2026-05-13T04:14:40Z</time></trkpt>
<trkpt lat="33.0511744" lon="35.187416"><ele>177.7</ele><time>2026-05-13T04:14:41Z</time></trkpt>
<trkpt lat="33.0512572" lon="35.1874349"><ele>177.4</ele><time>2026-05-13T04:14:42Z</time></trkpt>
<trkpt lat="33.0513387" lon="35.1874524"><ele>177.2</ele><time>2026-05-13T04:14:43Z</time></trkpt>
<trkpt lat="33.0514172" lon="35.1874691"><ele>177.1</ele><time>2026-05-13T04:14:44Z</time></trkpt>
<trkpt lat="33.051492" lon="35.1874858"><ele>176.9</ele><time>2026-05-13T04:14:45Z</time></trkpt>
<trkpt lat="33.0515637" lon="35.1875035"><ele>176.8</ele><time>2026-05-13T04:14:46Z</time></trkpt>
<trkpt lat="33.0516321" lon="35.1875222"><ele>176.7</ele><time>2026-05-13T04:14:47Z</time></trkpt>
<trkpt lat="33.0516981" lon="35.1875415"><ele>176.6</ele><time>2026-05-13T04:14:48Z</time></trkpt>
<trkpt lat="33.0517626" lon="35.1875619"><ele>176.5</ele><time>2026-05-13T04:14:49Z</time></trkpt>
<trkpt lat="33.0518249" lon="35.1875848"><ele>176.5</ele><time>2026-05-13T04:14:50Z</time></trkpt>
<trkpt lat="33.0518839" lon="35.1876115"><ele>176.4</ele><time>2026-05-13T04:14:51Z</time></trkpt>
<trkpt lat="33.0519388" lon="35.1876425"><ele>176.4</ele><time>2026-05-13T04:14:52Z</time></trkpt>
<trkpt lat="33.0519894" lon="35.1876775"><ele>176.4</ele><time>2026-05-13T04:14:53Z</time></trkpt>
<trkpt lat="33.0520361" lon="35.1877159"><ele>176.5</ele><time>2026-05-13T04:14:54Z</time></trkpt>
<trkpt lat="33.0520798" lon="35.1877573"><ele>176.5</ele><time>2026-05-13T04:14:55Z</time></trkpt>
<trkpt lat="33.0521214" lon="35.1878011"><ele>176.5</ele><time>2026-05-13T04:14:56Z</time></trkpt>
<trkpt lat="33.052162" lon="35.1878462"><ele>176.6</ele><time>2026-05-13T04:14:57Z</time></trkpt>
<trkpt lat="33.052202" lon="35.1878915"><ele>176.6</ele><time>2026-05-13T04:14:58Z</time></trkpt>
<trkpt lat="33.0522413" lon="35.1879362"><ele>176.7</ele><time>2026-05-13T04:14:59Z</time></trkpt>
<trkpt lat="33.0522796" lon="35.1879796"><ele>176.8</ele><time>2026-05-13T04:15:00Z</time></trkpt>
<trkpt lat="33.0523161" lon="35.1880203"><ele>176.8</ele><time>2026-05-13T04:15:01Z</time></trkpt>
<trkpt lat="33.0523508" lon="35.1880579"><ele>176.9</ele><time>2026-05-13T04:15:02Z</time></trkpt>
<trkpt lat="33.0523842" lon="35.1880922"><ele>177.0</ele><time>2026-05-13T04:15:03Z</time></trkpt>
<trkpt lat="33.0524172" lon="35.1881236"><ele>177.1</ele><time>2026-05-13T04:15:04Z</time></trkpt>
<trkpt lat="33.0524508" lon="35.1881524"><ele>177.2</ele><time>2026-05-13T04:15:05Z</time></trkpt>
<trkpt lat="33.0524855" lon="35.1881787"><ele>177.4</ele><time>2026-05-13T04:15:06Z</time></trkpt>
<trkpt lat="33.0525212" lon="35.1882026"><ele>177.5</ele><time>2026-05-13T04:15:07Z</time></trkpt>
<trkpt lat="33.0525575" lon="35.188224"><ele>177.7</ele><time>2026-05-13T04:15:08Z</time></trkpt>
<trkpt lat="33.0525938" lon="35.1882437"><ele>177.9</ele><time>2026-05-13T04:15:09Z</time></trkpt>
<trkpt lat="33.0526294" lon="35.1882634"><ele>178.1</ele><time>2026-05-13T04:15:10Z</time></trkpt>
<trkpt lat="33.0526638" lon="35.1882848"><ele>178.3</ele><time>2026-05-13T04:15:11Z</time></trkpt>
<trkpt lat="33.0526967" lon="35.1883077"><ele>178.5</ele><time>2026-05-13T04:15:12Z</time></trkpt>
<trkpt lat="33.0527283" lon="35.1883312"><ele>178.7</ele><time>2026-05-13T04:15:13Z</time></trkpt>
<trkpt lat="33.0527592" lon="35.188354"><ele>179.0</ele><time>2026-05-13T04:15:14Z</time></trkpt>
<trkpt lat="33.0527899" lon="35.1883758"><ele>179.2</ele><time>2026-05-13T04:15:15Z</time></trkpt>
<trkpt lat="33.052821" lon="35.1883969"><ele>179.5</ele><time>2026-05-13T04:15:16Z</time></trkpt>
<trkpt lat="33.0528523" lon="35.1884177"><ele>179.7</ele><time>2026-05-13T04:15:17Z</time></trkpt>
<trkpt lat="33.0528834" lon="35.1884383"><ele>180.0</ele><time>2026-05-13T04:15:18Z</time></trkpt>
<trkpt lat="33.0529141" lon="35.188459"><ele>180.3</ele><time>2026-05-13T04:15:19Z</time></trkpt>
<trkpt lat="33.0529445" lon="35.1884801"><ele>180.5</ele><time>2026-05-13T04:15:20Z</time></trkpt>
<trkpt lat="33.0529744" lon="35.1885017"><ele>180.8</ele><time>2026-05-13T04:15:21Z</time></trkpt>
<trkpt lat="33.0530038" lon="35.1885238"><ele>181.1</ele><time>2026-05-13T04:15:22Z</time></trkpt>
<trkpt lat="33.0530329" lon="35.1885455"><ele>181.3</ele><time>2026-05-13T04:15:23Z</time></trkpt>
<trkpt lat="33.0530623" lon="35.1885659"><ele>181.6</ele><time>2026-05-13T04:15:24Z</time></trkpt>
<trkpt lat="33.0530927" lon="35.1885843"><ele>181.8</ele><time>2026-05-13T04:15:25Z</time></trkpt>
<trkpt lat="33.0531241" lon="35.1886003"><ele>182.1</ele><time>2026-05-13T04:15:26Z</time></trkpt>
<trkpt lat="33.0531559" lon="35.1886142"><ele>182.3</ele><time>2026-05-13T04:15:27Z</time></trkpt>
<trkpt lat="33.0531867" lon="35.1886272"><ele>182.6</ele><time>2026-05-13T04:15:28Z</time></trkpt>
<trkpt lat="33.0532158" lon="35.1886399"><ele>182.8</ele><time>2026-05-13T04:15:29Z</time></trkpt>
<trkpt lat="33.0532434" lon="35.1886529"><ele>183.1</ele><time>2026-05-13T04:15:30Z</time></trkpt>
<trkpt lat="33.0532701" lon="35.1886662"><ele>183.3</ele><time>2026-05-13T04:15:31Z</time></trkpt>
<trkpt lat="33.0532966" lon="35.1886797"><ele>183.6</ele><time>2026-05-13T04:15:32Z</time></trkpt>
<trkpt lat="33.0533233" lon="35.1886931"><ele>183.8</ele><time>2026-05-13T04:15:33Z</time></trkpt>
<trkpt lat="33.0533499" lon="35.1887063"><ele>184.0</ele><time>2026-05-13T04:15:34Z</time></trkpt>
<trkpt lat="33.0533766" lon="35.1887195"><ele>184.3</ele><time>2026-05-13T04:15:35Z</time></trkpt>
<trkpt lat="33.0534034" lon="35.1887327"><ele>184.5</ele><time>2026-05-13T04:15:36Z</time></trkpt>
<trkpt lat="33.0534301" lon="35.188746"><ele>184.8</ele><time>2026-05-13T04:15:37Z</time></trkpt>
<trkpt lat="33.0534564" lon="35.1887595"><ele>185.0</ele><time>2026-05-13T04:15:38Z</time></trkpt>
<trkpt lat="33.0534819" lon="35.1887732"><ele>185.2</ele><time>2026-05-13T04:15:39Z</time></trkpt>
<trkpt lat="33.0535069" lon="35.1887871"><ele>185.5</ele><time>2026-05-13T04:15:40Z</time></trkpt>
<trkpt lat="33.0535317" lon="35.1888013"><ele>185.7</ele><time>2026-05-13T04:15:41Z</time></trkpt>
<trkpt lat="33.0535565" lon="35.1888158"><ele>185.9</ele><time>2026-05-13T04:15:42Z</time></trkpt>
<trkpt lat="33.0535815" lon="35.1888303"><ele>186.2</ele><time>2026-05-13T04:15:43Z</time></trkpt>
<trkpt lat="33.053607" lon="35.1888445"><ele>186.4</ele><time>2026-05-13T04:15:44Z</time></trkpt>
<trkpt lat="33.0536329" lon="35.1888584"><ele>186.6</ele><time>2026-05-13T04:15:45Z</time></trkpt>
<trkpt lat="33.053659" lon="35.1888723"><ele>186.9</ele><time>2026-05-13T04:15:46Z</time></trkpt>
<trkpt lat="33.0536849" lon="35.1888867"><ele>187.1</ele><time>2026-05-13T04:15:47Z</time></trkpt>
<trkpt lat="33.0537102" lon="35.1889015"><ele>187.3</ele><time>2026-05-13T04:15:48Z</time></trkpt>
<trkpt lat="33.0537349" lon="35.1889166"><ele>187.5</ele><time>2026-05-13T04:15:49Z</time></trkpt>
<trkpt lat="33.0537592" lon="35.1889315"><ele>187.7</ele><time>2026-05-13T04:15:50Z</time></trkpt>
<trkpt lat="33.0537835" lon="35.188946"><ele>188.0</ele><time>2026-05-13T04:15:51Z</time></trkpt>
<trkpt lat="33.0538082" lon="35.1889599"><ele>188.2</ele><time>2026-05-13T04:15:52Z</time></trkpt>
<trkpt lat="33.0538332" lon="35.1889738"><ele>188.4</ele><time>2026-05-13T04:15:53Z</time></trkpt>
<trkpt lat="33.0538584" lon="35.1889879"><ele>188.7</ele><time>2026-05-13T04:15:54Z</time></trkpt>
<trkpt lat="33.0538837" lon="35.1890027"><ele>188.9</ele><time>2026-05-13T04:15:55Z</time></trkpt>
<trkpt lat="33.0539089" lon="35.1890179"><ele>189.1</ele><time>2026-05-13T04:15:56Z</time></trkpt>
<trkpt lat="33.0539341" lon="35.1890328"><ele>189.4</ele><time>2026-05-13T04:15:57Z</time></trkpt>
<trkpt lat="33.0539588" lon="35.1890471"><ele>189.7</ele><time>2026-05-13T04:15:58Z</time></trkpt>
<trkpt lat="33.0539826" lon="35.1890603"><ele>189.9</ele><time>2026-05-13T04:15:59Z</time></trkpt>
<trkpt lat="33.0540053" lon="35.1890728"><ele>190.2</ele><time>2026-05-13T04:16:00Z</time></trkpt>
<trkpt lat="33.0540269" lon="35.1890848"><ele>190.5</ele><time>2026-05-13T04:16:01Z</time></trkpt>
<trkpt lat="33.0540477" lon="35.1890966"><ele>190.8</ele><time>2026-05-13T04:16:02Z</time></trkpt>
<trkpt lat="33.0540686" lon="35.1891087"><ele>191.0</ele><time>2026-05-13T04:16:03Z</time></trkpt>
<trkpt lat="33.0540904" lon="35.1891212"><ele>191.3</ele><time>2026-05-13T04:16:04Z</time></trkpt>
<trkpt lat="33.0541135" lon="35.1891343"><ele>191.6</ele><time>2026-05-13T04:16:05Z</time></trkpt>
<trkpt lat="33.0541383" lon="35.1891478"><ele>191.9</ele><time>2026-05-13T04:16:06Z</time></trkpt>
<trkpt lat="33.0541646" lon="35.1891617"><ele>192.1</ele><time>2026-05-13T04:16:07Z</time></trkpt>
<trkpt lat="33.0541921" lon="35.1891761"><ele>192.4</ele><time>2026-05-13T04:16:08Z</time></trkpt>
<trkpt lat="33.0542203" lon="35.1891907"><ele>192.7</ele><time>2026-05-13T04:16:09Z</time></trkpt>
<trkpt lat="33.0542487" lon="35.1892053"><ele>192.9</ele><time>2026-05-13T04:16:10Z</time></trkpt>
<trkpt lat="33.0542771" lon="35.1892193"><ele>193.2</ele><time>2026-05-13T04:16:11Z</time></trkpt>
<trkpt lat="33.0543055" lon="35.1892323"><ele>193.4</ele><time>2026-05-13T04:16:12Z</time></trkpt>
<trkpt lat="33.0543339" lon="35.1892438"><ele>193.6</ele><time>2026-05-13T04:16:13Z</time></trkpt>
<trkpt lat="33.0543625" lon="35.1892537"><ele>193.9</ele><time>2026-05-13T04:16:14Z</time></trkpt>
<trkpt lat="33.0543911" lon="35.1892618"><ele>194.1</ele><time>2026-05-13T04:16:15Z</time></trkpt>
<trkpt lat="33.0544197" lon="35.1892683"><ele>194.3</ele><time>2026-05-13T04:16:16Z</time></trkpt>
<trkpt lat="33.0544476" lon="35.1892733"><ele>194.5</ele><time>2026-05-13T04:16:17Z</time></trkpt>
<trkpt lat="33.0544748" lon="35.1892773"><ele>194.7</ele><time>2026-05-13T04:16:18Z</time></trkpt>
<trkpt lat="33.0545013" lon="35.1892808"><ele>194.9</ele><time>2026-05-13T04:16:19Z</time></trkpt>
<trkpt lat="33.0545275" lon="35.1892838"><ele>195.0</ele><time>2026-05-13T04:16:20Z</time></trkpt>
<trkpt lat="33.0545534" lon="35.1892859"><ele>195.2</ele><time>2026-05-13T04:16:21Z</time></trkpt>
<trkpt lat="33.0545791" lon="35.1892864"><ele>195.4</ele><time>2026-05-13T04:16:22Z</time></trkpt>
<trkpt lat="33.0546052" lon="35.1892851"><ele>195.6</ele><time>2026-05-13T04:16:23Z</time></trkpt>
<trkpt lat="33.0546321" lon="35.1892826"><ele>195.7</ele><time>2026-05-13T04:16:24Z</time></trkpt>
<trkpt lat="33.0546605" lon="35.1892801"><ele>195.9</ele><time>2026-05-13T04:16:25Z</time></trkpt>
<trkpt lat="33.0546904" lon="35.1892784"><ele>196.1</ele><time>2026-05-13T04:16:26Z</time></trkpt>
<trkpt lat="33.0547214" lon="35.1892778"><ele>196.2</ele><time>2026-05-13T04:16:27Z</time></trkpt>
<trkpt lat="33.0547526" lon="35.189278"><ele>196.4</ele><time>2026-05-13T04:16:28Z</time></trkpt>
<trkpt lat="33.0547834" lon="35.1892786"><ele>196.5</ele><time>2026-05-13T04:16:29Z</time></trkpt>
<trkpt lat="33.0548137" lon="35.1892798"><ele>196.7</ele><time>2026-05-13T04:16:30Z</time></trkpt>
<trkpt lat="33.0548435" lon="35.1892816"><ele>196.8</ele><time>2026-05-13T04:16:31Z</time></trkpt>
<trkpt lat="33.0548732" lon="35.189284"><ele>197.0</ele><time>2026-05-13T04:16:32Z</time></trkpt>
<trkpt lat="33.0549031" lon="35.1892868"><ele>197.1</ele><time>2026-05-13T04:16:33Z</time></trkpt>
<trkpt lat="33.0549333" lon="35.1892893"><ele>197.2</ele><time>2026-05-13T04:16:34Z</time></trkpt>
<trkpt lat="33.0549641" lon="35.1892912"><ele>197.4</ele><time>2026-05-13T04:16:35Z</time></trkpt>
<trkpt lat="33.0549954" lon="35.1892923"><ele>197.5</ele><time>2026-05-13T04:16:36Z</time></trkpt>
<trkpt lat="33.0550272" lon="35.1892929"><ele>197.6</ele><time>2026-05-13T04:16:37Z</time></trkpt>
<trkpt lat="33.0550592" lon="35.1892932"><ele>197.7</ele><time>2026-05-13T04:16:38Z</time></trkpt>
<trkpt lat="33.0550907" lon="35.1892928"><ele>197.9</ele><time>2026-05-13T04:16:39Z</time></trkpt>
<trkpt lat="33.0551218" lon="35.189291"><ele>198.0</ele><time>2026-05-13T04:16:40Z</time></trkpt>
<trkpt lat="33.0551527" lon="35.1892875"><ele>198.1</ele><time>2026-05-13T04:16:41Z</time></trkpt>
<trkpt lat="33.055184" lon="35.1892818"><ele>198.2</ele><time>2026-05-13T04:16:42Z</time></trkpt>
<trkpt lat="33.0552161" lon="35.189274"><ele>198.2</ele><time>2026-05-13T04:16:43Z</time></trkpt>
<trkpt lat="33.0552496" lon="35.1892645"><ele>198.3</ele><time>2026-05-13T04:16:44Z</time></trkpt>
<trkpt lat="33.0552844" lon="35.1892539"><ele>198.4</ele><time>2026-05-13T04:16:45Z</time></trkpt>
<trkpt lat="33.0553204" lon="35.1892428"><ele>198.5</ele><time>2026-05-13T04:16:46Z</time></trkpt>
<trkpt lat="33.0553569" lon="35.1892315"><ele>198.5</ele><time>2026-05-13T04:16:47Z</time></trkpt>
<trkpt lat="33.0553933" lon="35.1892203"><ele>198.6</ele><time>2026-05-13T04:16:48Z</time></trkpt>
<trkpt lat="33.055429" lon="35.1892095"><ele>198.6</ele><time>2026-05-13T04:16:49Z</time></trkpt>
<trkpt lat="33.055464" lon="35.1891992"><ele>198.6</ele><time>2026-05-13T04:16:50Z</time></trkpt>
<trkpt lat="33.0554982" lon="35.1891895"><ele>198.6</ele><time>2026-05-13T04:16:51Z</time></trkpt>
<trkpt lat="33.0555319" lon="35.1891807"><ele>198.6</ele><time>2026-05-13T04:16:52Z</time></trkpt>
<trkpt lat="33.0555653" lon="35.1891727"><ele>198.6</ele><time>2026-05-13T04:16:53Z</time></trkpt>
<trkpt lat="33.0555987" lon="35.1891654"><ele>198.6</ele><time>2026-05-13T04:16:54Z</time></trkpt>
<trkpt lat="33.0556324" lon="35.1891587"><ele>198.5</ele><time>2026-05-13T04:16:55Z</time></trkpt>
<trkpt lat="33.0556669" lon="35.1891528"><ele>198.5</ele><time>2026-05-13T04:16:56Z</time></trkpt>
<trkpt lat="33.0557026" lon="35.1891475"><ele>198.5</ele><time>2026-05-13T04:16:57Z</time></trkpt>
<trkpt lat="33.0557394" lon="35.189143"><ele>198.5</ele><time>2026-05-13T04:16:58Z</time></trkpt>
<trkpt lat="33.0557771" lon="35.1891394"><ele>198.5</ele><time>2026-05-13T04:16:59Z</time></trkpt>
<trkpt lat="33.0558152" lon="35.1891369"><ele>198.4</ele><time>2026-05-13T04:17:00Z</time></trkpt>
<trkpt lat="33.0558536" lon="35.1891357"><ele>198.4</ele><time>2026-05-13T04:17:01Z</time></trkpt>
<trkpt lat="33.0558922" lon="35.1891361"><ele>198.4</ele><time>2026-05-13T04:17:02Z</time></trkpt>
<trkpt lat="33.055931" lon="35.1891381"><ele>198.3</ele><time>2026-05-13T04:17:03Z</time></trkpt>
<trkpt lat="33.0559691" lon="35.1891416"><ele>198.3</ele><time>2026-05-13T04:17:04Z</time></trkpt>
<trkpt lat="33.0560061" lon="35.1891462"><ele>198.2</ele><time>2026-05-13T04:17:05Z</time></trkpt>
<trkpt lat="33.0560419" lon="35.1891516"><ele>198.2</ele><time>2026-05-13T04:17:06Z</time></trkpt>
<trkpt lat="33.0560763" lon="35.1891576"><ele>198.1</ele><time>2026-05-13T04:17:07Z</time></trkpt>
<trkpt lat="33.05611" lon="35.1891645"><ele>198.1</ele><time>2026-05-13T04:17:08Z</time></trkpt>
<trkpt lat="33.0561431" lon="35.1891728"><ele>198.0</ele><time>2026-05-13T04:17:09Z</time></trkpt>
<trkpt lat="33.0561755" lon="35.1891839"><ele>198.0</ele><time>2026-05-13T04:17:10Z</time></trkpt>
<trkpt lat="33.0562052" lon="35.1891995"><ele>197.9</ele><time>2026-05-13T04:17:11Z</time></trkpt>
<trkpt lat="33.0562296" lon="35.1892212"><ele>197.8</ele><time>2026-05-13T04:17:12Z</time></trkpt>
<trkpt lat="33.0562462" lon="35.1892498"><ele>197.8</ele><time>2026-05-13T04:17:13Z</time></trkpt>
<trkpt lat="33.0562543" lon="35.1892849"><ele>197.7</ele><time>2026-05-13T04:17:14Z</time></trkpt>
<trkpt lat="33.0562559" lon="35.1893247"><ele>197.6</ele><time>2026-05-13T04:17:15Z</time></trkpt>
<trkpt lat="33.0562556" lon="35.1893675"><ele>197.6</ele><time>2026-05-13T04:17:16Z</time></trkpt>
<trkpt lat="33.0562567" lon="35.189412"><ele>197.5</ele><time>2026-05-13T04:17:17Z</time></trkpt>
<trkpt lat="33.0562602" lon="35.1894574"><ele>197.5</ele><time>2026-05-13T04:17:18Z</time></trkpt>
<trkpt lat="33.0562654" lon="35.1895026"><ele>197.5</ele><time>2026-05-13T04:17:19Z</time></trkpt>
<trkpt lat="33.0562714" lon="35.1895464"><ele>197.5</ele><time>2026-05-13T04:17:20Z</time></trkpt>
<trkpt lat="33.0562773" lon="35.1895884"><ele>197.5</ele><time>2026-05-13T04:17:21Z</time></trkpt>
<trkpt lat="33.0562822" lon="35.1896292"><ele>197.5</ele><time>2026-05-13T04:17:22Z</time></trkpt>
<trkpt lat="33.0562857" lon="35.18967"><ele>197.6</ele><time>2026-05-13T04:17:23Z</time></trkpt>
<trkpt lat="33.0562881" lon="35.1897113"><ele>197.6</ele><time>2026-05-13T04:17:24Z</time></trkpt>
<trkpt lat="33.0562905" lon="35.1897534"><ele>197.7</ele><time>2026-05-13T04:17:25Z</time></trkpt>
<trkpt lat="33.0562938" lon="35.1897964"><ele>197.8</ele><time>2026-05-13T04:17:26Z</time></trkpt>
<trkpt lat="33.0562984" lon="35.1898398"><ele>197.9</ele><time>2026-05-13T04:17:27Z</time></trkpt>
<trkpt lat="33.0563039" lon="35.189883"><ele>198.1</ele><time>2026-05-13T04:17:28Z</time></trkpt>
<trkpt lat="33.0563099" lon="35.1899258"><ele>198.2</ele><time>2026-05-13T04:17:29Z</time></trkpt>
<trkpt lat="33.0563157" lon="35.1899678"><ele>198.3</ele><time>2026-05-13T04:17:30Z</time></trkpt>
<trkpt lat="33.0563209" lon="35.1900089"><ele>198.4</ele><time>2026-05-13T04:17:31Z</time></trkpt>
<trkpt lat="33.0563255" lon="35.1900495"><ele>198.5</ele><time>2026-05-13T04:17:32Z</time></trkpt>
<trkpt lat="33.0563291" lon="35.1900904"><ele>198.7</ele><time>2026-05-13T04:17:33Z</time></trkpt>
<trkpt lat="33.0563312" lon="35.1901313"><ele>198.8</ele><time>2026-05-13T04:17:34Z</time></trkpt>
<trkpt lat="33.0563321" lon="35.190172"><ele>198.9</ele><time>2026-05-13T04:17:35Z</time></trkpt>
<trkpt lat="33.0563328" lon="35.1902121"><ele>199.0</ele><time>2026-05-13T04:17:36Z</time></trkpt>
<trkpt lat="33.0563339" lon="35.1902518"><ele>199.1</ele><time>2026-05-13T04:17:37Z</time></trkpt>
<trkpt lat="33.0563356" lon="35.1902915"><ele>199.3</ele><time>2026-05-13T04:17:38Z</time></trkpt>
<trkpt lat="33.0563376" lon="35.1903316"><ele>199.4</ele><time>2026-05-13T04:17:39Z</time></trkpt>
<trkpt lat="33.0563395" lon="35.1903722"><ele>199.5</ele><time>2026-05-13T04:17:40Z</time></trkpt>
<trkpt lat="33.0563408" lon="35.1904132"><ele>199.6</ele><time>2026-05-13T04:17:41Z</time></trkpt>
<trkpt lat="33.056341" lon="35.1904543"><ele>199.8</ele><time>2026-05-13T04:17:42Z</time></trkpt>
<trkpt lat="33.0563399" lon="35.1904954"><ele>199.9</ele><time>2026-05-13T04:17:43Z</time></trkpt>
<trkpt lat="33.0563379" lon="35.1905365"><ele>200.0</ele><time>2026-05-13T04:17:44Z</time></trkpt>
<trkpt lat="33.0563354" lon="35.1905778"><ele>200.2</ele><time>2026-05-13T04:17:45Z</time></trkpt>
<trkpt lat="33.0563331" lon="35.1906197"><ele>200.3</ele><time>2026-05-13T04:17:46Z</time></trkpt>
<trkpt lat="33.0563311" lon="35.190662"><ele>200.5</ele><time>2026-05-13T04:17:47Z</time></trkpt>
<trkpt lat="33.0563294" lon="35.1907044"><ele>200.6</ele><time>2026-05-13T04:17:48Z</time></trkpt>
<trkpt lat="33.0563281" lon="35.1907468"><ele>200.7</ele><time>2026-05-13T04:17:49Z</time></trkpt>
<trkpt lat="33.0563268" lon="35.1907894"><ele>200.9</ele><time>2026-05-13T04:17:50Z</time></trkpt>
<trkpt lat="33.0563252" lon="35.190832"><ele>201.0</ele><time>2026-05-13T04:17:51Z</time></trkpt>
<trkpt lat="33.0563227" lon="35.1908749"><ele>201.2</ele><time>2026-05-13T04:17:52Z</time></trkpt>
<trkpt lat="33.0563191" lon="35.1909175"><ele>201.3</ele><time>2026-05-13T04:17:53Z</time></trkpt>
<trkpt lat="33.0563144" lon="35.1909596"><ele>201.5</ele><time>2026-05-13T04:17:54Z</time></trkpt>
<trkpt lat="33.0563094" lon="35.1910014"><ele>201.7</ele><time>2026-05-13T04:17:55Z</time></trkpt>
<trkpt lat="33.0563043" lon="35.1910427"><ele>201.8</ele><time>2026-05-13T04:17:56Z</time></trkpt>
<trkpt lat="33.0562992" lon="35.1910834"><ele>202.0</ele><time>2026-05-13T04:17:57Z</time></trkpt>
<trkpt lat="33.056294" lon="35.1911236"><ele>202.1</ele><time>2026-05-13T04:17:58Z</time></trkpt>
<trkpt lat="33.0562886" lon="35.1911635"><ele>202.3</ele><time>2026-05-13T04:17:59Z</time></trkpt>
<trkpt lat="33.0562831" lon="35.1912034"><ele>202.5</ele><time>2026-05-13T04:18:00Z</time></trkpt>
<trkpt lat="33.0562768" lon="35.1912431"><ele>202.6</ele><time>2026-05-13T04:18:01Z</time></trkpt>
<trkpt lat="33.0562692" lon="35.1912822"><ele>202.8</ele><time>2026-05-13T04:18:02Z</time></trkpt>
<trkpt lat="33.0562596" lon="35.1913201"><ele>202.9</ele><time>2026-05-13T04:18:03Z</time></trkpt>
<trkpt lat="33.0562479" lon="35.1913565"><ele>203.1</ele><time>2026-05-13T04:18:04Z</time></trkpt>
<trkpt lat="33.0562348" lon="35.1913913"><ele>203.2</ele><time>2026-05-13T04:18:05Z</time></trkpt>
<trkpt lat="33.056221" lon="35.1914249"><ele>203.4</ele><time>2026-05-13T04:18:06Z</time></trkpt>
<trkpt lat="33.0562068" lon="35.1914578"><ele>203.5</ele><time>2026-05-13T04:18:07Z</time></trkpt>
<trkpt lat="33.0561921" lon="35.1914906"><ele>203.7</ele><time>2026-05-13T04:18:08Z</time></trkpt>
<trkpt lat="33.0561767" lon="35.1915229"><ele>203.9</ele><time>2026-05-13T04:18:09Z</time></trkpt>
<trkpt lat="33.0561603" lon="35.1915542"><ele>204.0</ele><time>2026-05-13T04:18:10Z</time></trkpt>
<trkpt lat="33.056143" lon="35.1915842"><ele>204.2</ele><time>2026-05-13T04:18:11Z</time></trkpt>
<trkpt lat="33.0561249" lon="35.1916128"><ele>204.4</ele><time>2026-05-13T04:18:12Z</time></trkpt>
<trkpt lat="33.0561061" lon="35.19164"><ele>204.5</ele><time>2026-05-13T04:18:13Z</time></trkpt>
<trkpt lat="33.0560863" lon="35.1916651"><ele>204.7</ele><time>2026-05-13T04:18:14Z</time></trkpt>
<trkpt lat="33.0560652" lon="35.1916875"><ele>204.8</ele><time>2026-05-13T04:18:15Z</time></trkpt>
<trkpt lat="33.0560425" lon="35.1917065"><ele>205.0</ele><time>2026-05-13T04:18:16Z</time></trkpt>
<trkpt lat="33.0560182" lon="35.1917218"><ele>205.2</ele><time>2026-05-13T04:18:17Z</time></trkpt>
<trkpt lat="33.0559926" lon="35.1917344"><ele>205.3</ele><time>2026-05-13T04:18:18Z</time></trkpt>
<trkpt lat="33.0559659" lon="35.1917457"><ele>205.5</ele><time>2026-05-13T04:18:19Z</time></trkpt>
<trkpt lat="33.0559382" lon="35.1917571"><ele>205.6</ele><time>2026-05-13T04:18:20Z</time></trkpt>
<trkpt lat="33.0559096" lon="35.1917703"><ele>205.7</ele><time>2026-05-13T04:18:21Z</time></trkpt>
<trkpt lat="33.0558806" lon="35.1917864"><ele>205.9</ele><time>2026-05-13T04:18:22Z</time></trkpt>
<trkpt lat="33.0558522" lon="35.1918061"><ele>206.0</ele><time>2026-05-13T04:18:23Z</time></trkpt>
<trkpt lat="33.0558261" lon="35.1918303"><ele>206.1</ele><time>2026-05-13T04:18:24Z</time></trkpt>
<trkpt lat="33.055804" lon="35.1918592"><ele>206.2</ele><time>2026-05-13T04:18:25Z</time></trkpt>
<trkpt lat="33.0557871" lon="35.1918927"><ele>206.3</ele><time>2026-05-13T04:18:26Z</time></trkpt>
<trkpt lat="33.0557761" lon="35.1919297"><ele>206.5</ele><time>2026-05-13T04:18:27Z</time></trkpt>
<trkpt lat="33.0557707" lon="35.1919692"><ele>206.6</ele><time>2026-05-13T04:18:28Z</time></trkpt>
<trkpt lat="33.0557693" lon="35.1920101"><ele>206.7</ele><time>2026-05-13T04:18:29Z</time></trkpt>
<trkpt lat="33.0557693" lon="35.1920516"><ele>206.8</ele><time>2026-05-13T04:18:30Z</time></trkpt>
<trkpt lat="33.0557679" lon="35.1920928"><ele>207.0</ele><time>2026-05-13T04:18:31Z</time></trkpt>
<trkpt lat="33.0557637" lon="35.1921337"><ele>207.1</ele><time>2026-05-13T04:18:32Z</time></trkpt>
<trkpt lat="33.0557568" lon="35.1921741"><ele>207.3</ele><time>2026-05-13T04:18:33Z</time></trkpt>
<trkpt lat="33.0557482" lon="35.1922139"><ele>207.5</ele><time>2026-05-13T04:18:34Z</time></trkpt>
<trkpt lat="33.0557397" lon="35.1922535"><ele>207.6</ele><time>2026-05-13T04:18:35Z</time></trkpt>
<trkpt lat="33.0557326" lon="35.1922933"><ele>207.8</ele><time>2026-05-13T04:18:36Z</time></trkpt>
<trkpt lat="33.0557271" lon="35.1923334"><ele>208.0</ele><time>2026-05-13T04:18:37Z</time></trkpt>
<trkpt lat="33.0557232" lon="35.1923736"><ele>208.2</ele><time>2026-05-13T04:18:38Z</time></trkpt>
<trkpt lat="33.0557203" lon="35.1924134"><ele>208.4</ele><time>2026-05-13T04:18:39Z</time></trkpt>
<trkpt lat="33.055718" lon="35.1924524"><ele>208.6</ele><time>2026-05-13T04:18:40Z</time></trkpt>
<trkpt lat="33.0557161" lon="35.1924907"><ele>208.7</ele><time>2026-05-13T04:18:41Z</time></trkpt>
<trkpt lat="33.0557143" lon="35.1925288"><ele>208.9</ele><time>2026-05-13T04:18:42Z</time></trkpt>
<trkpt lat="33.0557125" lon="35.1925671"><ele>209.1</ele><time>2026-05-13T04:18:43Z</time></trkpt>
<trkpt lat="33.0557101" lon="35.1926056"><ele>209.3</ele><time>2026-05-13T04:18:44Z</time></trkpt>
<trkpt lat="33.0557071" lon="35.1926441"><ele>209.4</ele><time>2026-05-13T04:18:45Z</time></trkpt>
<trkpt lat="33.0557036" lon="35.1926824"><ele>209.6</ele><time>2026-05-13T04:18:46Z</time></trkpt>
<trkpt lat="33.0557003" lon="35.1927207"><ele>209.8</ele><time>2026-05-13T04:18:47Z</time></trkpt>
<trkpt lat="33.0556979" lon="35.1927595"><ele>210.0</ele><time>2026-05-13T04:18:48Z</time></trkpt>
<trkpt lat="33.0556968" lon="35.192799"><ele>210.1</ele><time>2026-05-13T04:18:49Z</time></trkpt>
<trkpt lat="33.0556967" lon="35.1928392"><ele>210.3</ele><time>2026-05-13T04:18:50Z</time></trkpt>
<trkpt lat="33.0556972" lon="35.19288"><ele>210.5</ele><time>2026-05-13T04:18:51Z</time></trkpt>
<trkpt lat="33.0556976" lon="35.192921"><ele>210.6</ele><time>2026-05-13T04:18:52Z</time></trkpt>
<trkpt lat="33.055698" lon="35.1929618"><ele>210.8</ele><time>2026-05-13T04:18:53Z</time></trkpt>
<trkpt lat="33.0556985" lon="35.193002"><ele>210.9</ele><time>2026-05-13T04:18:54Z</time></trkpt>
<trkpt lat="33.0556994" lon="35.1930415"><ele>211.1</ele><time>2026-05-13T04:18:55Z</time></trkpt>
<trkpt lat="33.0557012" lon="35.1930801"><ele>211.3</ele><time>2026-05-13T04:18:56Z</time></trkpt>
<trkpt lat="33.0557042" lon="35.193118"><ele>211.4</ele><time>2026-05-13T04:18:57Z</time></trkpt>
<trkpt lat="33.0557083" lon="35.1931553"><ele>211.6</ele><time>2026-05-13T04:18:58Z</time></trkpt>
<trkpt lat="33.055713" lon="35.1931924"><ele>211.7</ele><time>2026-05-13T04:18:59Z</time></trkpt>
<trkpt lat="33.0557174" lon="35.1932294"><ele>211.9</ele><time>2026-05-13T04:19:00Z</time></trkpt>
<trkpt lat="33.0557204" lon="35.1932663"><ele>212.1</ele><time>2026-05-13T04:19:01Z</time></trkpt>
<trkpt lat="33.0557215" lon="35.1933031"><ele>212.3</ele><time>2026-05-13T04:19:02Z</time></trkpt>
<trkpt lat="33.0557211" lon="35.1933402"><ele>212.5</ele><time>2026-05-13T04:19:03Z</time></trkpt>
<trkpt lat="33.0557197" lon="35.1933779"><ele>212.7</ele><time>2026-05-13T04:19:04Z</time></trkpt>
<trkpt lat="33.055718" lon="35.1934166"><ele>212.9</ele><time>2026-05-13T04:19:05Z</time></trkpt>
<trkpt lat="33.0557158" lon="35.1934561"><ele>213.0</ele><time>2026-05-13T04:19:06Z</time></trkpt>
<trkpt lat="33.0557129" lon="35.193496"><ele>213.2</ele><time>2026-05-13T04:19:07Z</time></trkpt>
<trkpt lat="33.0557093" lon="35.1935361"><ele>213.4</ele><time>2026-05-13T04:19:08Z</time></trkpt>
<trkpt lat="33.0557048" lon="35.1935758"><ele>213.5</ele><time>2026-05-13T04:19:09Z</time></trkpt>
<trkpt lat="33.0556996" lon="35.1936148"><ele>213.7</ele><time>2026-05-13T04:19:10Z</time></trkpt>
<trkpt lat="33.0556935" lon="35.1936525"><ele>213.8</ele><time>2026-05-13T04:19:11Z</time></trkpt>
<trkpt lat="33.055687" lon="35.1936889"><ele>213.9</ele><time>2026-05-13T04:19:12Z</time></trkpt>
<trkpt lat="33.0556805" lon="35.1937246"><ele>214.0</ele><time>2026-05-13T04:19:13Z</time></trkpt>
<trkpt lat="33.0556742" lon="35.1937602"><ele>214.1</ele><time>2026-05-13T04:19:14Z</time></trkpt>
<trkpt lat="33.0556683" lon="35.1937962"><ele>214.2</ele><time>2026-05-13T04:19:15Z</time></trkpt>
<trkpt lat="33.055663" lon="35.1938328"><ele>214.4</ele><time>2026-05-13T04:19:16Z</time></trkpt>
<trkpt lat="33.0556579" lon="35.1938696"><ele>214.5</ele><time>2026-05-13T04:19:17Z</time></trkpt>
<trkpt lat="33.0556529" lon="35.1939063"><ele>214.6</ele><time>2026-05-13T04:19:18Z</time></trkpt>
<trkpt lat="33.0556477" lon="35.1939427"><ele>214.8</ele><time>2026-05-13T04:19:19Z</time></trkpt>
<trkpt lat="33.0556425" lon="35.1939789"><ele>214.9</ele><time>2026-05-13T04:19:20Z</time></trkpt>
<trkpt lat="33.0556373" lon="35.1940148"><ele>215.0</ele><time>2026-05-13T04:19:21Z</time></trkpt>
<trkpt lat="33.0556325" lon="35.1940502"><ele>215.2</ele><time>2026-05-13T04:19:22Z</time></trkpt>
<trkpt lat="33.0556279" lon="35.1940851"><ele>215.3</ele><time>2026-05-13T04:19:23Z</time></trkpt>
<trkpt lat="33.0556232" lon="35.1941196"><ele>215.4</ele><time>2026-05-13T04:19:24Z</time></trkpt>
<trkpt lat="33.0556181" lon="35.1941538"><ele>215.6</ele><time>2026-05-13T04:19:25Z</time></trkpt>
<trkpt lat="33.0556126" lon="35.1941879"><ele>215.7</ele><time>2026-05-13T04:19:26Z</time></trkpt>
<trkpt lat="33.0556068" lon="35.194222"><ele>215.9</ele><time>2026-05-13T04:19:27Z</time></trkpt>
<trkpt lat="33.0556007" lon="35.1942562"><ele>216.0</ele><time>2026-05-13T04:19:28Z</time></trkpt>
<trkpt lat="33.0555945" lon="35.1942906"><ele>216.1</ele><time>2026-05-13T04:19:29Z</time></trkpt>
<trkpt lat="33.0555883" lon="35.1943252"><ele>216.3</ele><time>2026-05-13T04:19:30Z</time></trkpt>
<trkpt lat="33.0555825" lon="35.1943597"><ele>216.4</ele><time>2026-05-13T04:19:31Z</time></trkpt>
<trkpt lat="33.0555769" lon="35.1943938"><ele>216.6</ele><time>2026-05-13T04:19:32Z</time></trkpt>
<trkpt lat="33.0555713" lon="35.1944277"><ele>216.7</ele><time>2026-05-13T04:19:33Z</time></trkpt>
<trkpt lat="33.0555655" lon="35.1944614"><ele>216.8</ele><time>2026-05-13T04:19:34Z</time></trkpt>
<trkpt lat="33.0555594" lon="35.1944956"><ele>217.0</ele><time>2026-05-13T04:19:35Z</time></trkpt>
<trkpt lat="33.0555527" lon="35.1945306"><ele>217.1</ele><time>2026-05-13T04:19:36Z</time></trkpt>
<trkpt lat="33.0555455" lon="35.194566"><ele>217.3</ele><time>2026-05-13T04:19:37Z</time></trkpt>
<trkpt lat="33.0555378" lon="35.1946012"><ele>217.4</ele><time>2026-05-13T04:19:38Z</time></trkpt>
<trkpt lat="33.0555298" lon="35.1946357"><ele>217.6</ele><time>2026-05-13T04:19:39Z</time></trkpt>
<trkpt lat="33.0555215" lon="35.1946693"><ele>217.7</ele><time>2026-05-13T04:19:40Z</time></trkpt>
<trkpt lat="33.0555135" lon="35.194702"><ele>217.8</ele><time>2026-05-13T04:19:41Z</time></trkpt>
<trkpt lat="33.0555061" lon="35.1947344"><ele>217.9</ele><time>2026-05-13T04:19:42Z</time></trkpt>
<trkpt lat="33.0554997" lon="35.1947672"><ele>218.1</ele><time>2026-05-13T04:19:43Z</time></trkpt>
<trkpt lat="33.0554941" lon="35.194801"><ele>218.2</ele><time>2026-05-13T04:19:44Z</time></trkpt>
<trkpt lat="33.0554892" lon="35.194836"><ele>218.3</ele><time>2026-05-13T04:19:45Z</time></trkpt>
<trkpt lat="33.0554844" lon="35.1948722"><ele>218.4</ele><time>2026-05-13T04:19:46Z</time></trkpt>
<trkpt lat="33.0554793" lon="35.1949093"><ele>218.5</ele><time>2026-05-13T04:19:47Z</time></trkpt>
<trkpt lat="33.0554736" lon="35.1949468"><ele>218.6</ele><time>2026-05-13T04:19:48Z</time></trkpt>
<trkpt lat="33.0554672" lon="35.1949842"><ele>218.8</ele><time>2026-05-13T04:19:49Z</time></trkpt>
<trkpt lat="33.0554525" lon="35.195071"><ele>219.1</ele><time>2026-05-13T04:19:51Z</time></trkpt>
<trkpt lat="33.0554474" lon="35.1951092"><ele>219.2</ele><time>2026-05-13T04:19:52Z</time></trkpt>
<trkpt lat="33.0554434" lon="35.1951473"><ele>219.3</ele><time>2026-05-13T04:19:53Z</time></trkpt>
<trkpt lat="33.0554403" lon="35.1951866"><ele>219.3</ele><time>2026-05-13T04:19:54Z</time></trkpt>
<trkpt lat="33.0554371" lon="35.1952262"><ele>219.3</ele><time>2026-05-13T04:19:55Z</time></trkpt>
<trkpt lat="33.0554345" lon="35.1952657"><ele>219.4</ele><time>2026-05-13T04:19:56Z</time></trkpt>
<trkpt lat="33.0554333" lon="35.1953052"><ele>219.4</ele><time>2026-05-13T04:19:57Z</time></trkpt>
<trkpt lat="33.055432" lon="35.1953444"><ele>219.5</ele><time>2026-05-13T04:19:58Z</time></trkpt>
<trkpt lat="33.0554298" lon="35.1953834"><ele>219.5</ele><time>2026-05-13T04:19:59Z</time></trkpt>
<trkpt lat="33.0554265" lon="35.1954241"><ele>219.6</ele><time>2026-05-13T04:20:00Z</time></trkpt>
<trkpt lat="33.0554224" lon="35.1954649"><ele>219.7</ele><time>2026-05-13T04:20:01Z</time></trkpt>
<trkpt lat="33.0554166" lon="35.1955077"><ele>219.8</ele><time>2026-05-13T04:20:02Z</time></trkpt>
<trkpt lat="33.0554113" lon="35.1955519"><ele>219.8</ele><time>2026-05-13T04:20:03Z</time></trkpt>
<trkpt lat="33.0554076" lon="35.1955957"><ele>219.9</ele><time>2026-05-13T04:20:04Z</time></trkpt>
<trkpt lat="33.0554022" lon="35.1956387"><ele>220.0</ele><time>2026-05-13T04:20:05Z</time></trkpt>
<trkpt lat="33.0553945" lon="35.19568"><ele>220.1</ele><time>2026-05-13T04:20:06Z</time></trkpt>
<trkpt lat="33.0553853" lon="35.19572"><ele>220.2</ele><time>2026-05-13T04:20:07Z</time></trkpt>
<trkpt lat="33.0553753" lon="35.1957591"><ele>220.3</ele><time>2026-05-13T04:20:08Z</time></trkpt>
<trkpt lat="33.0553657" lon="35.1957977"><ele>220.4</ele><time>2026-05-13T04:20:09Z</time></trkpt>
<trkpt lat="33.0553567" lon="35.1958371"><ele>220.5</ele><time>2026-05-13T04:20:10Z</time></trkpt>
<trkpt lat="33.055348" lon="35.1958771"><ele>220.6</ele><time>2026-05-13T04:20:11Z</time></trkpt>
<trkpt lat="33.0553387" lon="35.1959168"><ele>220.6</ele><time>2026-05-13T04:20:12Z</time></trkpt>
<trkpt lat="33.0553284" lon="35.195956"><ele>220.7</ele><time>2026-05-13T04:20:13Z</time></trkpt>
<trkpt lat="33.0553169" lon="35.1959946"><ele>220.8</ele><time>2026-05-13T04:20:14Z</time></trkpt>
<trkpt lat="33.0553044" lon="35.1960322"><ele>220.9</ele><time>2026-05-13T04:20:15Z</time></trkpt>
<trkpt lat="33.0552906" lon="35.1960699"><ele>221.0</ele><time>2026-05-13T04:20:16Z</time></trkpt>
<trkpt lat="33.055276" lon="35.1961081"><ele>221.0</ele><time>2026-05-13T04:20:17Z</time></trkpt>
<trkpt lat="33.0552617" lon="35.1961463"><ele>221.1</ele><time>2026-05-13T04:20:18Z</time></trkpt>
<trkpt lat="33.0552486" lon="35.1961839"><ele>221.2</ele><time>2026-05-13T04:20:19Z</time></trkpt>
<trkpt lat="33.0552351" lon="35.1962204"><ele>221.3</ele><time>2026-05-13T04:20:20Z</time></trkpt>
<trkpt lat="33.0552209" lon="35.1962567"><ele>221.3</ele><time>2026-05-13T04:20:21Z</time></trkpt>
<trkpt lat="33.0552066" lon="35.1962928"><ele>221.4</ele><time>2026-05-13T04:20:22Z</time></trkpt>
<trkpt lat="33.0551916" lon="35.1963289"><ele>221.5</ele><time>2026-05-13T04:20:23Z</time></trkpt>
<trkpt lat="33.0551757" lon="35.1963652"><ele>221.6</ele><time>2026-05-13T04:20:24Z</time></trkpt>
<trkpt lat="33.0551592" lon="35.1964017"><ele>221.7</ele><time>2026-05-13T04:20:25Z</time></trkpt>
<trkpt lat="33.0551432" lon="35.1964387"><ele>221.8</ele><time>2026-05-13T04:20:26Z</time></trkpt>
<trkpt lat="33.0551277" lon="35.1964762"><ele>221.9</ele><time>2026-05-13T04:20:27Z</time></trkpt>
<trkpt lat="33.0551127" lon="35.1965143"><ele>222.0</ele><time>2026-05-13T04:20:28Z</time></trkpt>
<trkpt lat="33.0550983" lon="35.1965523"><ele>222.1</ele><time>2026-05-13T04:20:29Z</time></trkpt>
<trkpt lat="33.0550844" lon="35.1965889"><ele>222.2</ele><time>2026-05-13T04:20:30Z</time></trkpt>
<trkpt lat="33.0550706" lon="35.1966236"><ele>222.3</ele><time>2026-05-13T04:20:31Z</time></trkpt>
<trkpt lat="33.0550567" lon="35.196657"><ele>222.5</ele><time>2026-05-13T04:20:32Z</time></trkpt>
<trkpt lat="33.0550421" lon="35.1966904"><ele>222.6</ele><time>2026-05-13T04:20:33Z</time></trkpt>
<trkpt lat="33.0550273" lon="35.1967239"><ele>222.7</ele><time>2026-05-13T04:20:34Z</time></trkpt>
<trkpt lat="33.0550132" lon="35.196757"><ele>222.8</ele><time>2026-05-13T04:20:35Z</time></trkpt>
<trkpt lat="33.0550004" lon="35.1967893"><ele>223.0</ele><time>2026-05-13T04:20:36Z</time></trkpt>
<trkpt lat="33.054989" lon="35.1968204"><ele>223.1</ele><time>2026-05-13T04:20:37Z</time></trkpt>
<trkpt lat="33.0549796" lon="35.1968509"><ele>223.2</ele><time>2026-05-13T04:20:38Z</time></trkpt>
<trkpt lat="33.0549711" lon="35.1968838"><ele>223.3</ele><time>2026-05-13T04:20:39Z</time></trkpt>
<trkpt lat="33.0549615" lon="35.1969207"><ele>223.4</ele><time>2026-05-13T04:20:40Z</time></trkpt>
<trkpt lat="33.0549506" lon="35.1969588"><ele>223.6</ele><time>2026-05-13T04:20:41Z</time></trkpt>
<trkpt lat="33.0549386" lon="35.1969962"><ele>223.7</ele><time>2026-05-13T04:20:42Z</time></trkpt>
<trkpt lat="33.054926" lon="35.1970339"><ele>223.8</ele><time>2026-05-13T04:20:43Z</time></trkpt>
<trkpt lat="33.0549131" lon="35.1970727"><ele>223.9</ele><time>2026-05-13T04:20:44Z</time></trkpt>
<trkpt lat="33.0548994" lon="35.1971127"><ele>224.1</ele><time>2026-05-13T04:20:45Z</time></trkpt>
<trkpt lat="33.0548837" lon="35.1971529"><ele>224.2</ele><time>2026-05-13T04:20:46Z</time></trkpt>
<trkpt lat="33.0548655" lon="35.1971921"><ele>224.3</ele><time>2026-05-13T04:20:47Z</time></trkpt>
<trkpt lat="33.0548459" lon="35.19723"><ele>224.4</ele><time>2026-05-13T04:20:48Z</time></trkpt>
<trkpt lat="33.0548264" lon="35.1972679"><ele>224.5</ele><time>2026-05-13T04:20:49Z</time></trkpt>
<trkpt lat="33.0548082" lon="35.1973073"><ele>224.6</ele><time>2026-05-13T04:20:50Z</time></trkpt>
<trkpt lat="33.054792" lon="35.1973484"><ele>224.7</ele><time>2026-05-13T04:20:51Z</time></trkpt>
<trkpt lat="33.0547775" lon="35.1973895"><ele>224.8</ele><time>2026-05-13T04:20:52Z</time></trkpt>
<trkpt lat="33.0547636" lon="35.1974292"><ele>224.9</ele><time>2026-05-13T04:20:53Z</time></trkpt>
<trkpt lat="33.0547495" lon="35.1974673"><ele>225.0</ele><time>2026-05-13T04:20:54Z</time></trkpt>
<trkpt lat="33.0547349" lon="35.1975042"><ele>225.1</ele><time>2026-05-13T04:20:55Z</time></trkpt>
<trkpt lat="33.0547201" lon="35.1975407"><ele>225.2</ele><time>2026-05-13T04:20:56Z</time></trkpt>
<trkpt lat="33.054705" lon="35.1975774"><ele>225.3</ele><time>2026-05-13T04:20:57Z</time></trkpt>
<trkpt lat="33.0546898" lon="35.1976151"><ele>225.3</ele><time>2026-05-13T04:20:58Z</time></trkpt>
<trkpt lat="33.0546743" lon="35.1976544"><ele>225.4</ele><time>2026-05-13T04:20:59Z</time></trkpt>
<trkpt lat="33.0546587" lon="35.1976945"><ele>225.5</ele><time>2026-05-13T04:21:00Z</time></trkpt>
<trkpt lat="33.0546431" lon="35.1977356"><ele>225.6</ele><time>2026-05-13T04:21:01Z</time></trkpt>
<trkpt lat="33.0546277" lon="35.1977773"><ele>225.7</ele><time>2026-05-13T04:21:02Z</time></trkpt>
<trkpt lat="33.0546132" lon="35.1978163"><ele>225.7</ele><time>2026-05-13T04:21:03Z</time></trkpt>
<trkpt lat="33.0545999" lon="35.1978521"><ele>225.8</ele><time>2026-05-13T04:21:04Z</time></trkpt>
<trkpt lat="33.0545868" lon="35.1978862"><ele>225.9</ele><time>2026-05-13T04:21:05Z</time></trkpt>
<trkpt lat="33.0545731" lon="35.1979196"><ele>226.0</ele><time>2026-05-13T04:21:06Z</time></trkpt>
<trkpt lat="33.0545582" lon="35.1979528"><ele>226.1</ele><time>2026-05-13T04:21:07Z</time></trkpt>
<trkpt lat="33.0545423" lon="35.1979864"><ele>226.3</ele><time>2026-05-13T04:21:08Z</time></trkpt>
<trkpt lat="33.0545258" lon="35.198021"><ele>226.4</ele><time>2026-05-13T04:21:09Z</time></trkpt>
<trkpt lat="33.0545092" lon="35.1980565"><ele>226.5</ele><time>2026-05-13T04:21:10Z</time></trkpt>
<trkpt lat="33.0544929" lon="35.1980915"><ele>226.6</ele><time>2026-05-13T04:21:11Z</time></trkpt>
<trkpt lat="33.0544768" lon="35.198126"><ele>226.7</ele><time>2026-05-13T04:21:12Z</time></trkpt>
<trkpt lat="33.0544608" lon="35.1981605"><ele>226.9</ele><time>2026-05-13T04:21:13Z</time></trkpt>
<trkpt lat="33.0544446" lon="35.1981955"><ele>227.0</ele><time>2026-05-13T04:21:14Z</time></trkpt>
<trkpt lat="33.0544286" lon="35.198231"><ele>227.1</ele><time>2026-05-13T04:21:15Z</time></trkpt>
<trkpt lat="33.0544128" lon="35.1982669"><ele>227.2</ele><time>2026-05-13T04:21:16Z</time></trkpt>
<trkpt lat="33.054397" lon="35.1983034"><ele>227.4</ele><time>2026-05-13T04:21:17Z</time></trkpt>
<trkpt lat="33.0543815" lon="35.1983394"><ele>227.5</ele><time>2026-05-13T04:21:18Z</time></trkpt>
<trkpt lat="33.0543664" lon="35.1983723"><ele>227.7</ele><time>2026-05-13T04:21:19Z</time></trkpt>
<trkpt lat="33.0543306" lon="35.1984423"><ele>228.2</ele><time>2026-05-13T04:21:21Z</time></trkpt>
<trkpt lat="33.054315" lon="35.198472"><ele>228.4</ele><time>2026-05-13T04:21:22Z</time></trkpt>
<trkpt lat="33.0543005" lon="35.1985009"><ele>228.6</ele><time>2026-05-13T04:21:23Z</time></trkpt>
<trkpt lat="33.0542862" lon="35.1985306"><ele>228.7</ele><time>2026-05-13T04:21:24Z</time></trkpt>
<trkpt lat="33.0542725" lon="35.1985606"><ele>228.8</ele><time>2026-05-13T04:21:25Z</time></trkpt>
<trkpt lat="33.0542595" lon="35.1985912"><ele>228.9</ele><time>2026-05-13T04:21:26Z</time></trkpt>
<trkpt lat="33.0542477" lon="35.1986227"><ele>229.1</ele><time>2026-05-13T04:21:27Z</time></trkpt>
<trkpt lat="33.0542358" lon="35.1986557"><ele>229.2</ele><time>2026-05-13T04:21:28Z</time></trkpt>
<trkpt lat="33.0542222" lon="35.1986907"><ele>229.4</ele><time>2026-05-13T04:21:29Z</time></trkpt>
<trkpt lat="33.0542079" lon="35.1987265"><ele>229.5</ele><time>2026-05-13T04:21:30Z</time></trkpt>
<trkpt lat="33.0541934" lon="35.1987621"><ele>229.7</ele><time>2026-05-13T04:21:31Z</time></trkpt>
<trkpt lat="33.0541794" lon="35.1987974"><ele>229.9</ele><time>2026-05-13T04:21:32Z</time></trkpt>
<trkpt lat="33.0541672" lon="35.1988323"><ele>230.1</ele><time>2026-05-13T04:21:33Z</time></trkpt>
<trkpt lat="33.0541561" lon="35.198867"><ele>230.2</ele><time>2026-05-13T04:21:34Z</time></trkpt>
<trkpt lat="33.054144" lon="35.1989016"><ele>230.4</ele><time>2026-05-13T04:21:35Z</time></trkpt>
<trkpt lat="33.0541301" lon="35.1989363"><ele>230.6</ele><time>2026-05-13T04:21:36Z</time></trkpt>
<trkpt lat="33.0541155" lon="35.1989717"><ele>230.8</ele><time>2026-05-13T04:21:37Z</time></trkpt>
<trkpt lat="33.054101" lon="35.1990074"><ele>231.0</ele><time>2026-05-13T04:21:38Z</time></trkpt>
<trkpt lat="33.0540873" lon="35.1990432"><ele>231.2</ele><time>2026-05-13T04:21:39Z</time></trkpt>
<trkpt lat="33.0540744" lon="35.1990793"><ele>231.4</ele><time>2026-05-13T04:21:40Z</time></trkpt>
<trkpt lat="33.0540617" lon="35.1991155"><ele>231.6</ele><time>2026-05-13T04:21:41Z</time></trkpt>
<trkpt lat="33.0540491" lon="35.199152"><ele>231.8</ele><time>2026-05-13T04:21:42Z</time></trkpt>
<trkpt lat="33.0540359" lon="35.1991889"><ele>231.9</ele><time>2026-05-13T04:21:43Z</time></trkpt>
<trkpt lat="33.0540227" lon="35.199226"><ele>232.1</ele><time>2026-05-13T04:21:44Z</time></trkpt>
<trkpt lat="33.0540088" lon="35.199262"><ele>232.3</ele><time>2026-05-13T04:21:45Z</time></trkpt>
<trkpt lat="33.0539938" lon="35.1992948"><ele>232.5</ele><time>2026-05-13T04:21:46Z</time></trkpt>
<trkpt lat="33.0539779" lon="35.1993245"><ele>232.6</ele><time>2026-05-13T04:21:47Z</time></trkpt>
<trkpt lat="33.0539611" lon="35.1993504"><ele>232.8</ele><time>2026-05-13T04:21:48Z</time></trkpt>
<trkpt lat="33.0539415" lon="35.1993695"><ele>233.0</ele><time>2026-05-13T04:21:49Z</time></trkpt>
<trkpt lat="33.0539187" lon="35.1993816"><ele>233.2</ele><time>2026-05-13T04:21:50Z</time></trkpt>
<trkpt lat="33.0538937" lon="35.199387"><ele>233.5</ele><time>2026-05-13T04:21:51Z</time></trkpt>
<trkpt lat="33.0538666" lon="35.1993872"><ele>233.7</ele><time>2026-05-13T04:21:52Z</time></trkpt>
<trkpt lat="33.053839" lon="35.1993834"><ele>233.9</ele><time>2026-05-13T04:21:53Z</time></trkpt>
<trkpt lat="33.0538093" lon="35.1993745"><ele>234.2</ele><time>2026-05-13T04:21:54Z</time></trkpt>
<trkpt lat="33.0537769" lon="35.1993607"><ele>234.4</ele><time>2026-05-13T04:21:55Z</time></trkpt>
<trkpt lat="33.0537442" lon="35.199344"><ele>234.7</ele><time>2026-05-13T04:21:56Z</time></trkpt>
<trkpt lat="33.0537119" lon="35.1993256"><ele>234.9</ele><time>2026-05-13T04:21:57Z</time></trkpt>
<trkpt lat="33.0536802" lon="35.1993064"><ele>235.1</ele><time>2026-05-13T04:21:58Z</time></trkpt>
<trkpt lat="33.0536493" lon="35.1992869"><ele>235.4</ele><time>2026-05-13T04:21:59Z</time></trkpt>
<trkpt lat="33.0536189" lon="35.199266"><ele>235.6</ele><time>2026-05-13T04:22:00Z</time></trkpt>
<trkpt lat="33.0535906" lon="35.1992419"><ele>235.7</ele><time>2026-05-13T04:22:01Z</time></trkpt>
<trkpt lat="33.0535666" lon="35.1992128"><ele>235.9</ele><time>2026-05-13T04:22:02Z</time></trkpt>
<trkpt lat="33.0535449" lon="35.1991805"><ele>236.1</ele><time>2026-05-13T04:22:03Z</time></trkpt>
<trkpt lat="33.0535226" lon="35.1991505"><ele>236.2</ele><time>2026-05-13T04:22:04Z</time></trkpt>
<trkpt lat="33.0534974" lon="35.1991247"><ele>236.3</ele><time>2026-05-13T04:22:05Z</time></trkpt>
<trkpt lat="33.0534675" lon="35.1991056"><ele>236.5</ele><time>2026-05-13T04:22:06Z</time></trkpt>
<trkpt lat="33.0534337" lon="35.1990971"><ele>236.6</ele><time>2026-05-13T04:22:07Z</time></trkpt>
<trkpt lat="33.0533986" lon="35.1990989"><ele>236.7</ele><time>2026-05-13T04:22:08Z</time></trkpt>
<trkpt lat="33.053367" lon="35.1991075"><ele>236.8</ele><time>2026-05-13T04:22:09Z</time></trkpt>
<trkpt lat="33.0533421" lon="35.1991213"><ele>236.9</ele><time>2026-05-13T04:22:10Z</time></trkpt>
<trkpt lat="33.0533243" lon="35.1991418"><ele>237.0</ele><time>2026-05-13T04:22:11Z</time></trkpt>
<trkpt lat="33.053311" lon="35.1991709"><ele>237.2</ele><time>2026-05-13T04:22:12Z</time></trkpt>
<trkpt lat="33.0532996" lon="35.1992063"><ele>237.3</ele><time>2026-05-13T04:22:13Z</time></trkpt>
<trkpt lat="33.0532891" lon="35.1992406"><ele>237.5</ele><time>2026-05-13T04:22:14Z</time></trkpt>
<trkpt lat="33.0532774" lon="35.1992707"><ele>237.7</ele><time>2026-05-13T04:22:15Z</time></trkpt>
<trkpt lat="33.0532648" lon="35.199299"><ele>237.8</ele><time>2026-05-13T04:22:16Z</time></trkpt>
<trkpt lat="33.0532523" lon="35.1993283"><ele>238.0</ele><time>2026-05-13T04:22:17Z</time></trkpt>
<trkpt lat="33.0532398" lon="35.1993603"><ele>238.2</ele><time>2026-05-13T04:22:18Z</time></trkpt>
<trkpt lat="33.0532272" lon="35.1993946"><ele>238.4</ele><time>2026-05-13T04:22:19Z</time></trkpt>
<trkpt lat="33.0532146" lon="35.1994286"><ele>238.7</ele><time>2026-05-13T04:22:20Z</time></trkpt>
<trkpt lat="33.0532014" lon="35.199461"><ele>238.9</ele><time>2026-05-13T04:22:21Z</time></trkpt>
<trkpt lat="33.0531879" lon="35.199492"><ele>239.1</ele><time>2026-05-13T04:22:22Z</time></trkpt>
<trkpt lat="33.0531751" lon="35.1995233"><ele>239.3</ele><time>2026-05-13T04:22:23Z</time></trkpt>
<trkpt lat="33.0531641" lon="35.199556"><ele>239.5</ele><time>2026-05-13T04:22:24Z</time></trkpt>
<trkpt lat="33.0531537" lon="35.1995889"><ele>239.7</ele><time>2026-05-13T04:22:25Z</time></trkpt>
<trkpt lat="33.0531433" lon="35.1996216"><ele>239.9</ele><time>2026-05-13T04:22:26Z</time></trkpt>
<trkpt lat="33.0531341" lon="35.199654"><ele>240.2</ele><time>2026-05-13T04:22:27Z</time></trkpt>
<trkpt lat="33.0531263" lon="35.1996861"><ele>240.4</ele><time>2026-05-13T04:22:28Z</time></trkpt>
<trkpt lat="33.0531196" lon="35.1997181"><ele>240.6</ele><time>2026-05-13T04:22:29Z</time></trkpt>
<trkpt lat="33.0531145" lon="35.19975"><ele>240.9</ele><time>2026-05-13T04:22:30Z</time></trkpt>
<trkpt lat="33.053111" lon="35.1997826"><ele>241.1</ele><time>2026-05-13T04:22:31Z</time></trkpt>
<trkpt lat="33.0531091" lon="35.1998162"><ele>241.4</ele><time>2026-05-13T04:22:32Z</time></trkpt>
<trkpt lat="33.0531083" lon="35.1998501"><ele>241.6</ele><time>2026-05-13T04:22:33Z</time></trkpt>
<trkpt lat="33.0531078" lon="35.1998838"><ele>241.8</ele><time>2026-05-13T04:22:34Z</time></trkpt>
<trkpt lat="33.0531079" lon="35.1999183"><ele>242.1</ele><time>2026-05-13T04:22:35Z</time></trkpt>
<trkpt lat="33.0531086" lon="35.1999536"><ele>242.3</ele><time>2026-05-13T04:22:36Z</time></trkpt>
<trkpt lat="33.0531084" lon="35.1999894"><ele>242.5</ele><time>2026-05-13T04:22:37Z</time></trkpt>
<trkpt lat="33.0531069" lon="35.2000244"><ele>242.7</ele><time>2026-05-13T04:22:38Z</time></trkpt>
<trkpt lat="33.0531044" lon="35.2000572"><ele>242.9</ele><time>2026-05-13T04:22:39Z</time></trkpt>
<trkpt lat="33.0531006" lon="35.2000889"><ele>243.2</ele><time>2026-05-13T04:22:40Z</time></trkpt>
<trkpt lat="33.0530955" lon="35.2001213"><ele>243.4</ele><time>2026-05-13T04:22:41Z</time></trkpt>
<trkpt lat="33.0530898" lon="35.2001541"><ele>243.6</ele><time>2026-05-13T04:22:42Z</time></trkpt>
<trkpt lat="33.0530841" lon="35.2001871"><ele>243.8</ele><time>2026-05-13T04:22:43Z</time></trkpt>
<trkpt lat="33.0530783" lon="35.2002202"><ele>244.1</ele><time>2026-05-13T04:22:44Z</time></trkpt>
<trkpt lat="33.0530719" lon="35.2002519"><ele>244.3</ele><time>2026-05-13T04:22:45Z</time></trkpt>
<trkpt lat="33.053064" lon="35.2002811"><ele>244.5</ele><time>2026-05-13T04:22:46Z</time></trkpt>
<trkpt lat="33.0530535" lon="35.2003082"><ele>244.8</ele><time>2026-05-13T04:22:47Z</time></trkpt>
<trkpt lat="33.0530392" lon="35.2003321"><ele>245.0</ele><time>2026-05-13T04:22:48Z</time></trkpt>
<trkpt lat="33.0530206" lon="35.2003516"><ele>245.2</ele><time>2026-05-13T04:22:49Z</time></trkpt>
<trkpt lat="33.0529971" lon="35.2003659"><ele>245.4</ele><time>2026-05-13T04:22:50Z</time></trkpt>
<trkpt lat="33.0529703" lon="35.2003727"><ele>245.7</ele><time>2026-05-13T04:22:51Z</time></trkpt>
<trkpt lat="33.0529431" lon="35.2003724"><ele>245.8</ele><time>2026-05-13T04:22:52Z</time></trkpt>
<trkpt lat="33.0529172" lon="35.2003677"><ele>246.0</ele><time>2026-05-13T04:22:53Z</time></trkpt>
<trkpt lat="33.0528927" lon="35.2003596"><ele>246.2</ele><time>2026-05-13T04:22:54Z</time></trkpt>
<trkpt lat="33.0528686" lon="35.2003488"><ele>246.3</ele><time>2026-05-13T04:22:55Z</time></trkpt>
<trkpt lat="33.0528438" lon="35.200336"><ele>246.4</ele><time>2026-05-13T04:22:56Z</time></trkpt>
<trkpt lat="33.0528179" lon="35.200321"><ele>246.5</ele><time>2026-05-13T04:22:57Z</time></trkpt>
<trkpt lat="33.0527925" lon="35.2003026"><ele>246.6</ele><time>2026-05-13T04:22:58Z</time></trkpt>
<trkpt lat="33.0527703" lon="35.2002785"><ele>246.6</ele><time>2026-05-13T04:22:59Z</time></trkpt>
<trkpt lat="33.0527522" lon="35.2002482"><ele>246.6</ele><time>2026-05-13T04:23:00Z</time></trkpt>
<trkpt lat="33.0527364" lon="35.2002131"><ele>246.6</ele><time>2026-05-13T04:23:01Z</time></trkpt>
<trkpt lat="33.0527198" lon="35.2001759"><ele>246.5</ele><time>2026-05-13T04:23:02Z</time></trkpt>
<trkpt lat="33.0527008" lon="35.2001389"><ele>246.4</ele><time>2026-05-13T04:23:03Z</time></trkpt>
<trkpt lat="33.0526792" lon="35.2001042"><ele>246.3</ele><time>2026-05-13T04:23:04Z</time></trkpt>
<trkpt lat="33.0526555" lon="35.2000727"><ele>246.2</ele><time>2026-05-13T04:23:05Z</time></trkpt>
<trkpt lat="33.0526295" lon="35.2000458"><ele>246.2</ele><time>2026-05-13T04:23:06Z</time></trkpt>
<trkpt lat="33.0525998" lon="35.2000264"><ele>246.1</ele><time>2026-05-13T04:23:07Z</time></trkpt>
<trkpt lat="33.0525644" lon="35.2000157"><ele>246.0</ele><time>2026-05-13T04:23:08Z</time></trkpt>
<trkpt lat="33.0525248" lon="35.2000131"><ele>245.9</ele><time>2026-05-13T04:23:09Z</time></trkpt>
<trkpt lat="33.0524834" lon="35.2000176"><ele>245.8</ele><time>2026-05-13T04:23:10Z</time></trkpt>
<trkpt lat="33.0524427" lon="35.2000269"><ele>245.8</ele><time>2026-05-13T04:23:11Z</time></trkpt>
<trkpt lat="33.0524041" lon="35.2000391"><ele>245.7</ele><time>2026-05-13T04:23:12Z</time></trkpt>
<trkpt lat="33.0523677" lon="35.2000535"><ele>245.7</ele><time>2026-05-13T04:23:13Z</time></trkpt>
<trkpt lat="33.0523327" lon="35.2000694"><ele>245.6</ele><time>2026-05-13T04:23:14Z</time></trkpt>
<trkpt lat="33.0522971" lon="35.2000861"><ele>245.6</ele><time>2026-05-13T04:23:15Z</time></trkpt>
<trkpt lat="33.0522622" lon="35.2001033"><ele>245.6</ele><time>2026-05-13T04:23:16Z</time></trkpt>
<trkpt lat="33.0522292" lon="35.2001204"><ele>245.6</ele><time>2026-05-13T04:23:17Z</time></trkpt>
<trkpt lat="33.0521972" lon="35.2001382"><ele>245.6</ele><time>2026-05-13T04:23:18Z</time></trkpt>
<trkpt lat="33.0521665" lon="35.2001583"><ele>245.7</ele><time>2026-05-13T04:23:19Z</time></trkpt>
<trkpt lat="33.0521116" lon="35.2002167"><ele>245.8</ele><time>2026-05-13T04:23:21Z</time></trkpt>
<trkpt lat="33.0520947" lon="35.2002465"><ele>245.9</ele><time>2026-05-13T04:23:22Z</time></trkpt>
<trkpt lat="33.0520796" lon="35.2002771"><ele>245.9</ele><time>2026-05-13T04:23:23Z</time></trkpt>
<trkpt lat="33.0520662" lon="35.2003099"><ele>245.9</ele><time>2026-05-13T04:23:24Z</time></trkpt>
<trkpt lat="33.0520551" lon="35.2003446"><ele>245.9</ele><time>2026-05-13T04:23:25Z</time></trkpt>
<trkpt lat="33.0520468" lon="35.2003803"><ele>245.8</ele><time>2026-05-13T04:23:26Z</time></trkpt>
<trkpt lat="33.0520405" lon="35.2004162"><ele>245.9</ele><time>2026-05-13T04:23:27Z</time></trkpt>
<trkpt lat="33.0520343" lon="35.2004518"><ele>245.9</ele><time>2026-05-13T04:23:28Z</time></trkpt>
<trkpt lat="33.052028" lon="35.2004879"><ele>245.9</ele><time>2026-05-13T04:23:29Z</time></trkpt>
<trkpt lat="33.0520193" lon="35.2005241"><ele>245.9</ele><time>2026-05-13T04:23:30Z</time></trkpt>
<trkpt lat="33.052006" lon="35.2005598"><ele>246.0</ele><time>2026-05-13T04:23:31Z</time></trkpt>
<trkpt lat="33.0519881" lon="35.2005956"><ele>246.0</ele><time>2026-05-13T04:23:32Z</time></trkpt>
<trkpt lat="33.0519673" lon="35.2006308"><ele>246.0</ele><time>2026-05-13T04:23:33Z</time></trkpt>
<trkpt lat="33.051946" lon="35.2006654"><ele>246.1</ele><time>2026-05-13T04:23:34Z</time></trkpt>
<trkpt lat="33.051924" lon="35.2006996"><ele>246.1</ele><time>2026-05-13T04:23:35Z</time></trkpt>
<trkpt lat="33.0519007" lon="35.2007345"><ele>246.1</ele><time>2026-05-13T04:23:36Z</time></trkpt>
<trkpt lat="33.0518765" lon="35.2007704"><ele>246.1</ele><time>2026-05-13T04:23:37Z</time></trkpt>
<trkpt lat="33.051853" lon="35.2008067"><ele>246.1</ele><time>2026-05-13T04:23:38Z</time></trkpt>
<trkpt lat="33.0518308" lon="35.2008426"><ele>246.1</ele><time>2026-05-13T04:23:39Z</time></trkpt>
<trkpt lat="33.0518082" lon="35.2008768"><ele>246.1</ele><time>2026-05-13T04:23:40Z</time></trkpt>
<trkpt lat="33.051786" lon="35.2009101"><ele>246.1</ele><time>2026-05-13T04:23:41Z</time></trkpt>
<trkpt lat="33.0517655" lon="35.2009434"><ele>246.1</ele><time>2026-05-13T04:23:42Z</time></trkpt>
<trkpt lat="33.051747" lon="35.2009765"><ele>246.1</ele><time>2026-05-13T04:23:43Z</time></trkpt>
<trkpt lat="33.0517289" lon="35.2010085"><ele>246.1</ele><time>2026-05-13T04:23:44Z</time></trkpt>
<trkpt lat="33.0517103" lon="35.2010392"><ele>246.0</ele><time>2026-05-13T04:23:45Z</time></trkpt>
<trkpt lat="33.0516914" lon="35.2010684"><ele>246.0</ele><time>2026-05-13T04:23:46Z</time></trkpt>
<trkpt lat="33.051671" lon="35.2010965"><ele>246.0</ele><time>2026-05-13T04:23:47Z</time></trkpt>
<trkpt lat="33.051649" lon="35.2011242"><ele>245.9</ele><time>2026-05-13T04:23:48Z</time></trkpt>
<trkpt lat="33.0516248" lon="35.2011512"><ele>245.8</ele><time>2026-05-13T04:23:49Z</time></trkpt>
<trkpt lat="33.0515985" lon="35.2011769"><ele>245.8</ele><time>2026-05-13T04:23:50Z</time></trkpt>
<trkpt lat="33.0515715" lon="35.2012022"><ele>245.7</ele><time>2026-05-13T04:23:51Z</time></trkpt>
<trkpt lat="33.0515422" lon="35.2012284"><ele>245.5</ele><time>2026-05-13T04:23:52Z</time></trkpt>
<trkpt lat="33.0515099" lon="35.2012551"><ele>245.4</ele><time>2026-05-13T04:23:53Z</time></trkpt>
<trkpt lat="33.0514736" lon="35.2012822"><ele>245.3</ele><time>2026-05-13T04:23:54Z</time></trkpt>
<trkpt lat="33.0514327" lon="35.2013105"><ele>245.1</ele><time>2026-05-13T04:23:55Z</time></trkpt>
<trkpt lat="33.0513888" lon="35.2013402"><ele>244.9</ele><time>2026-05-13T04:23:56Z</time></trkpt>
<trkpt lat="33.0513428" lon="35.201371"><ele>244.7</ele><time>2026-05-13T04:23:57Z</time></trkpt>
<trkpt lat="33.0512953" lon="35.2014031"><ele>244.5</ele><time>2026-05-13T04:23:58Z</time></trkpt>
<trkpt lat="33.0512472" lon="35.2014371"><ele>244.2</ele><time>2026-05-13T04:23:59Z</time></trkpt>
<trkpt lat="33.0511985" lon="35.2014737"><ele>244.0</ele><time>2026-05-13T04:24:00Z</time></trkpt>
<trkpt lat="33.051149" lon="35.2015161"><ele>243.7</ele><time>2026-05-13T04:24:01Z</time></trkpt>
<trkpt lat="33.0510998" lon="35.2015646"><ele>243.4</ele><time>2026-05-13T04:24:02Z</time></trkpt>
<trkpt lat="33.0510487" lon="35.2016164"><ele>243.1</ele><time>2026-05-13T04:24:03Z</time></trkpt>
<trkpt lat="33.0509972" lon="35.2016705"><ele>242.8</ele><time>2026-05-13T04:24:04Z</time></trkpt>
<trkpt lat="33.0509477" lon="35.2017238"><ele>242.5</ele><time>2026-05-13T04:24:05Z</time></trkpt>
<trkpt lat="33.0508999" lon="35.2017817"><ele>242.2</ele><time>2026-05-13T04:24:06Z</time></trkpt>
<trkpt lat="33.0508568" lon="35.2018484"><ele>241.8</ele><time>2026-05-13T04:24:07Z</time></trkpt>
<trkpt lat="33.05082" lon="35.2019203"><ele>241.5</ele><time>2026-05-13T04:24:08Z</time></trkpt>
<trkpt lat="33.0507896" lon="35.2019958"><ele>241.2</ele><time>2026-05-13T04:24:09Z</time></trkpt>
<trkpt lat="33.0507651" lon="35.2020731"><ele>241.0</ele><time>2026-05-13T04:24:10Z</time></trkpt>
<trkpt lat="33.0507388" lon="35.2021425"><ele>240.7</ele><time>2026-05-13T04:24:11Z</time></trkpt>
<trkpt lat="33.0507073" lon="35.2022012"><ele>240.5</ele><time>2026-05-13T04:24:12Z</time></trkpt>
<trkpt lat="33.0506737" lon="35.2022555"><ele>240.3</ele><time>2026-05-13T04:24:13Z</time></trkpt>
<trkpt lat="33.0506355" lon="35.2023049"><ele>240.1</ele><time>2026-05-13T04:24:14Z</time></trkpt>
<trkpt lat="33.0505934" lon="35.2023498"><ele>240.0</ele><time>2026-05-13T04:24:15Z</time></trkpt>
<trkpt lat="33.0505482" lon="35.2023913"><ele>239.8</ele><time>2026-05-13T04:24:16Z</time></trkpt>
<trkpt lat="33.0504974" lon="35.2024315"><ele>239.7</ele><time>2026-05-13T04:24:17Z</time></trkpt>
<trkpt lat="33.0504425" lon="35.2024724"><ele>239.6</ele><time>2026-05-13T04:24:18Z</time></trkpt>
<trkpt lat="33.0503948" lon="35.2025219"><ele>239.4</ele><time>2026-05-13T04:24:19Z</time></trkpt>
<trkpt lat="33.0503636" lon="35.202586"><ele>239.3</ele><time>2026-05-13T04:24:20Z</time></trkpt>
<trkpt lat="33.0503445" lon="35.2026544"><ele>239.2</ele><time>2026-05-13T04:24:21Z</time></trkpt>
<trkpt lat="33.0503309" lon="35.2027194"><ele>239.1</ele><time>2026-05-13T04:24:22Z</time></trkpt>
<trkpt lat="33.0503226" lon="35.2027805"><ele>239.0</ele><time>2026-05-13T04:24:23Z</time></trkpt>
<trkpt lat="33.0503186" lon="35.2028376"><ele>238.9</ele><time>2026-05-13T04:24:24Z</time></trkpt>
<trkpt lat="33.0503179" lon="35.2028929"><ele>238.9</ele><time>2026-05-13T04:24:25Z</time></trkpt>
<trkpt lat="33.0503187" lon="35.2029473"><ele>239.0</ele><time>2026-05-13T04:24:26Z</time></trkpt>
<trkpt lat="33.0503196" lon="35.2030008"><ele>239.0</ele><time>2026-05-13T04:24:27Z</time></trkpt>
<trkpt lat="33.0503201" lon="35.2030537"><ele>239.1</ele><time>2026-05-13T04:24:28Z</time></trkpt>
<trkpt lat="33.0503208" lon="35.2031061"><ele>239.3</ele><time>2026-05-13T04:24:29Z</time></trkpt>
<trkpt lat="33.0503224" lon="35.203158"><ele>239.4</ele><time>2026-05-13T04:24:30Z</time></trkpt>
<trkpt lat="33.0503252" lon="35.20321"><ele>239.6</ele><time>2026-05-13T04:24:31Z</time></trkpt>
<trkpt lat="33.0503281" lon="35.2032618"><ele>239.8</ele><time>2026-05-13T04:24:32Z</time></trkpt>
<trkpt lat="33.0503296" lon="35.2033127"><ele>240.0</ele><time>2026-05-13T04:24:33Z</time></trkpt>
<trkpt lat="33.0503298" lon="35.2033637"><ele>240.2</ele><time>2026-05-13T04:24:34Z</time></trkpt>
<trkpt lat="33.0503297" lon="35.2034152"><ele>240.4</ele><time>2026-05-13T04:24:35Z</time></trkpt>
<trkpt lat="33.0503306" lon="35.2034662"><ele>240.6</ele><time>2026-05-13T04:24:36Z</time></trkpt>
<trkpt lat="33.0503325" lon="35.2035164"><ele>240.9</ele><time>2026-05-13T04:24:37Z</time></trkpt>
<trkpt lat="33.0503353" lon="35.203565"><ele>241.1</ele><time>2026-05-13T04:24:38Z</time></trkpt>
<trkpt lat="33.0503384" lon="35.2036118"><ele>241.3</ele><time>2026-05-13T04:24:39Z</time></trkpt>
<trkpt lat="33.0503418" lon="35.2036579"><ele>241.5</ele><time>2026-05-13T04:24:40Z</time></trkpt>
<trkpt lat="33.0503462" lon="35.2037043"><ele>241.7</ele><time>2026-05-13T04:24:41Z</time></trkpt>
<trkpt lat="33.0503527" lon="35.20375"><ele>241.9</ele><time>2026-05-13T04:24:42Z</time></trkpt>
<trkpt lat="33.0503624" lon="35.2037935"><ele>242.1</ele><time>2026-05-13T04:24:43Z</time></trkpt>
<trkpt lat="33.0503757" lon="35.2038348"><ele>242.3</ele><time>2026-05-13T04:24:44Z</time></trkpt>
<trkpt lat="33.0503926" lon="35.2038741"><ele>242.5</ele><time>2026-05-13T04:24:45Z</time></trkpt>
<trkpt lat="33.0504133" lon="35.2039115"><ele>242.7</ele><time>2026-05-13T04:24:46Z</time></trkpt>
<trkpt lat="33.0504368" lon="35.2039474"><ele>242.9</ele><time>2026-05-13T04:24:47Z</time></trkpt>
<trkpt lat="33.0504624" lon="35.2039816"><ele>243.1</ele><time>2026-05-13T04:24:48Z</time></trkpt>
<trkpt lat="33.0504894" lon="35.2040151"><ele>243.3</ele><time>2026-05-13T04:24:49Z</time></trkpt>
<trkpt lat="33.0505166" lon="35.204049"><ele>243.5</ele><time>2026-05-13T04:24:50Z</time></trkpt>
<trkpt lat="33.0505425" lon="35.2040837"><ele>243.7</ele><time>2026-05-13T04:24:51Z</time></trkpt>
<trkpt lat="33.0505665" lon="35.2041198"><ele>243.9</ele><time>2026-05-13T04:24:52Z</time></trkpt>
<trkpt lat="33.0505878" lon="35.2041576"><ele>244.1</ele><time>2026-05-13T04:24:53Z</time></trkpt>
<trkpt lat="33.0506071" lon="35.2041983"><ele>244.2</ele><time>2026-05-13T04:24:54Z</time></trkpt>
<trkpt lat="33.0506236" lon="35.2042419"><ele>244.4</ele><time>2026-05-13T04:24:55Z</time></trkpt>
<trkpt lat="33.0506363" lon="35.2042871"><ele>244.5</ele><time>2026-05-13T04:24:56Z</time></trkpt>
<trkpt lat="33.0506462" lon="35.2043339"><ele>244.7</ele><time>2026-05-13T04:24:57Z</time></trkpt>
<trkpt lat="33.0506543" lon="35.2043816"><ele>244.8</ele><time>2026-05-13T04:24:58Z</time></trkpt>
<trkpt lat="33.0506613" lon="35.2044297"><ele>244.9</ele><time>2026-05-13T04:24:59Z</time></trkpt>
<trkpt lat="33.0506682" lon="35.2044783"><ele>245.0</ele><time>2026-05-13T04:25:00Z</time></trkpt>
<trkpt lat="33.0506754" lon="35.2045273"><ele>245.1</ele><time>2026-05-13T04:25:01Z</time></trkpt>
<trkpt lat="33.0506825" lon="35.2045771"><ele>245.2</ele><time>2026-05-13T04:25:02Z</time></trkpt>
<trkpt lat="33.0506889" lon="35.2046269"><ele>245.3</ele><time>2026-05-13T04:25:03Z</time></trkpt>
<trkpt lat="33.0506951" lon="35.2046764"><ele>245.4</ele><time>2026-05-13T04:25:04Z</time></trkpt>
<trkpt lat="33.0507006" lon="35.2047265"><ele>245.4</ele><time>2026-05-13T04:25:05Z</time></trkpt>
<trkpt lat="33.0507049" lon="35.204778"><ele>245.4</ele><time>2026-05-13T04:25:06Z</time></trkpt>
<trkpt lat="33.0507084" lon="35.2048285"><ele>245.4</ele><time>2026-05-13T04:25:07Z</time></trkpt>
<trkpt lat="33.0507123" lon="35.2048768"><ele>245.4</ele><time>2026-05-13T04:25:08Z</time></trkpt>
<trkpt lat="33.0507167" lon="35.2049254"><ele>245.4</ele><time>2026-05-13T04:25:09Z</time></trkpt>
<trkpt lat="33.0507215" lon="35.2049754"><ele>245.4</ele><time>2026-05-13T04:25:10Z</time></trkpt>
<trkpt lat="33.0507271" lon="35.205025"><ele>245.4</ele><time>2026-05-13T04:25:11Z</time></trkpt>
<trkpt lat="33.050734" lon="35.2050728"><ele>245.3</ele><time>2026-05-13T04:25:12Z</time></trkpt>
<trkpt lat="33.0507444" lon="35.2051182"><ele>245.2</ele><time>2026-05-13T04:25:13Z</time></trkpt>
<trkpt lat="33.0507619" lon="35.2051609"><ele>245.1</ele><time>2026-05-13T04:25:14Z</time></trkpt>
<trkpt lat="33.0507871" lon="35.2052012"><ele>245.0</ele><time>2026-05-13T04:25:15Z</time></trkpt>
<trkpt lat="33.0508183" lon="35.2052417"><ele>244.9</ele><time>2026-05-13T04:25:16Z</time></trkpt>
<trkpt lat="33.0508525" lon="35.2052864"><ele>244.7</ele><time>2026-05-13T04:25:17Z</time></trkpt>
<trkpt lat="33.0508847" lon="35.2053374"><ele>244.5</ele><time>2026-05-13T04:25:18Z</time></trkpt>
<trkpt lat="33.0509105" lon="35.2053962"><ele>244.2</ele><time>2026-05-13T04:25:19Z</time></trkpt>
<trkpt lat="33.0509284" lon="35.205462"><ele>244.0</ele><time>2026-05-13T04:25:20Z</time></trkpt>
<trkpt lat="33.0509302" lon="35.2055347"><ele>243.7</ele><time>2026-05-13T04:25:21Z</time></trkpt>
<trkpt lat="33.0509208" lon="35.2056109"><ele>243.4</ele><time>2026-05-13T04:25:22Z</time></trkpt>
<trkpt lat="33.0509068" lon="35.2056846"><ele>243.0</ele><time>2026-05-13T04:25:23Z</time></trkpt>
<trkpt lat="33.0508868" lon="35.2057581"><ele>242.7</ele><time>2026-05-13T04:25:24Z</time></trkpt>
<trkpt lat="33.0508664" lon="35.2058318"><ele>242.4</ele><time>2026-05-13T04:25:25Z</time></trkpt>
<trkpt lat="33.0508478" lon="35.2059054"><ele>242.1</ele><time>2026-05-13T04:25:26Z</time></trkpt>
<trkpt lat="33.0508316" lon="35.2059809"><ele>241.8</ele><time>2026-05-13T04:25:27Z</time></trkpt>
<trkpt lat="33.0508149" lon="35.2060587"><ele>241.5</ele><time>2026-05-13T04:25:28Z</time></trkpt>
<trkpt lat="33.0507956" lon="35.2061391"><ele>241.2</ele><time>2026-05-13T04:25:29Z</time></trkpt>
<trkpt lat="33.0507744" lon="35.2062213"><ele>240.9</ele><time>2026-05-13T04:25:30Z</time></trkpt>
<trkpt lat="33.0507517" lon="35.2063036"><ele>240.6</ele><time>2026-05-13T04:25:31Z</time></trkpt>
<trkpt lat="33.0507279" lon="35.2063852"><ele>240.3</ele><time>2026-05-13T04:25:32Z</time></trkpt>
<trkpt lat="33.050704" lon="35.2064686"><ele>240.0</ele><time>2026-05-13T04:25:33Z</time></trkpt>
<trkpt lat="33.0506836" lon="35.2065545"><ele>239.7</ele><time>2026-05-13T04:25:34Z</time></trkpt>
<trkpt lat="33.0506705" lon="35.2066403"><ele>239.4</ele><time>2026-05-13T04:25:35Z</time></trkpt>
<trkpt lat="33.0506641" lon="35.2067241"><ele>239.1</ele><time>2026-05-13T04:25:36Z</time></trkpt>
<trkpt lat="33.0506637" lon="35.2068108"><ele>238.9</ele><time>2026-05-13T04:25:37Z</time></trkpt>
<trkpt lat="33.0506668" lon="35.2068961"><ele>238.7</ele><time>2026-05-13T04:25:38Z</time></trkpt>
<trkpt lat="33.0506684" lon="35.2069733"><ele>238.5</ele><time>2026-05-13T04:25:39Z</time></trkpt>
<trkpt lat="33.0506689" lon="35.2070497"><ele>238.3</ele><time>2026-05-13T04:25:40Z</time></trkpt>
<trkpt lat="33.0506693" lon="35.2071256"><ele>238.2</ele><time>2026-05-13T04:25:41Z</time></trkpt>
<trkpt lat="33.0506698" lon="35.2071977"><ele>238.1</ele><time>2026-05-13T04:25:42Z</time></trkpt>
<trkpt lat="33.0506705" lon="35.2072657"><ele>238.1</ele><time>2026-05-13T04:25:43Z</time></trkpt>
<trkpt lat="33.0506707" lon="35.207329"><ele>238.1</ele><time>2026-05-13T04:25:44Z</time></trkpt>
<trkpt lat="33.0506699" lon="35.207388"><ele>238.1</ele><time>2026-05-13T04:25:45Z</time></trkpt>
<trkpt lat="33.0506684" lon="35.2074438"><ele>238.2</ele><time>2026-05-13T04:25:46Z</time></trkpt>
<trkpt lat="33.0506664" lon="35.207497"><ele>238.2</ele><time>2026-05-13T04:25:47Z</time></trkpt>
<trkpt lat="33.0506639" lon="35.2075492"><ele>238.3</ele><time>2026-05-13T04:25:48Z</time></trkpt>
<trkpt lat="33.0506602" lon="35.2076017"><ele>238.4</ele><time>2026-05-13T04:25:49Z</time></trkpt>
<trkpt lat="33.0506547" lon="35.2076548"><ele>238.5</ele><time>2026-05-13T04:25:50Z</time></trkpt>
<trkpt lat="33.0506481" lon="35.207709"><ele>238.6</ele><time>2026-05-13T04:25:51Z</time></trkpt>
<trkpt lat="33.0506413" lon="35.2077646"><ele>238.7</ele><time>2026-05-13T04:25:52Z</time></trkpt>
<trkpt lat="33.0506351" lon="35.2078214"><ele>238.8</ele><time>2026-05-13T04:25:53Z</time></trkpt>
<trkpt lat="33.050631" lon="35.20788"><ele>238.8</ele><time>2026-05-13T04:25:54Z</time></trkpt>
<trkpt lat="33.0506294" lon="35.2079414"><ele>238.8</ele><time>2026-05-13T04:25:55Z</time></trkpt>
<trkpt lat="33.0506302" lon="35.2080066"><ele>238.7</ele><time>2026-05-13T04:25:56Z</time></trkpt>
<trkpt lat="33.0506335" lon="35.2080756"><ele>238.6</ele><time>2026-05-13T04:25:57Z</time></trkpt>
<trkpt lat="33.0506387" lon="35.2081473"><ele>238.4</ele><time>2026-05-13T04:25:58Z</time></trkpt>
<trkpt lat="33.0506479" lon="35.2082205"><ele>238.2</ele><time>2026-05-13T04:25:59Z</time></trkpt>
<trkpt lat="33.0506605" lon="35.2082965"><ele>237.9</ele><time>2026-05-13T04:26:00Z</time></trkpt>
<trkpt lat="33.0506732" lon="35.2083772"><ele>237.5</ele><time>2026-05-13T04:26:01Z</time></trkpt>
<trkpt lat="33.050685" lon="35.2084628"><ele>237.1</ele><time>2026-05-13T04:26:02Z</time></trkpt>
<trkpt lat="33.0506937" lon="35.2085526"><ele>236.7</ele><time>2026-05-13T04:26:03Z</time></trkpt>
<trkpt lat="33.0506997" lon="35.2086429"><ele>236.2</ele><time>2026-05-13T04:26:04Z</time></trkpt>
<trkpt lat="33.0507043" lon="35.2087323"><ele>235.7</ele><time>2026-05-13T04:26:05Z</time></trkpt>
<trkpt lat="33.0507069" lon="35.2088215"><ele>235.2</ele><time>2026-05-13T04:26:06Z</time></trkpt>
<trkpt lat="33.0507077" lon="35.2089106"><ele>234.7</ele><time>2026-05-13T04:26:07Z</time></trkpt>
<trkpt lat="33.0507093" lon="35.209"><ele>234.1</ele><time>2026-05-13T04:26:08Z</time></trkpt>
<trkpt lat="33.0507116" lon="35.2090892"><ele>233.5</ele><time>2026-05-13T04:26:09Z</time></trkpt>
<trkpt lat="33.0507156" lon="35.2091758"><ele>232.9</ele><time>2026-05-13T04:26:10Z</time></trkpt>
<trkpt lat="33.0507256" lon="35.2092542"><ele>232.3</ele><time>2026-05-13T04:26:11Z</time></trkpt>
<trkpt lat="33.05074" lon="35.2093258"><ele>231.7</ele><time>2026-05-13T04:26:12Z</time></trkpt>
<trkpt lat="33.0507584" lon="35.209395"><ele>231.1</ele><time>2026-05-13T04:26:13Z</time></trkpt>
<trkpt lat="33.0507819" lon="35.209464"><ele>230.5</ele><time>2026-05-13T04:26:14Z</time></trkpt>
<trkpt lat="33.050802" lon="35.2095362"><ele>229.8</ele><time>2026-05-13T04:26:15Z</time></trkpt>
<trkpt lat="33.0508117" lon="35.2096141"><ele>229.2</ele><time>2026-05-13T04:26:16Z</time></trkpt>
<trkpt lat="33.0508107" lon="35.2096975"><ele>228.5</ele><time>2026-05-13T04:26:17Z</time></trkpt>
<trkpt lat="33.0508002" lon="35.2097824"><ele>227.9</ele><time>2026-05-13T04:26:18Z</time></trkpt>
<trkpt lat="33.0507814" lon="35.2098651"><ele>227.2</ele><time>2026-05-13T04:26:19Z</time></trkpt>
<trkpt lat="33.0507544" lon="35.2099436"><ele>226.7</ele><time>2026-05-13T04:26:20Z</time></trkpt>
<trkpt lat="33.0507234" lon="35.2100122"><ele>226.2</ele><time>2026-05-13T04:26:21Z</time></trkpt>
<trkpt lat="33.0506941" lon="35.2100703"><ele>225.8</ele><time>2026-05-13T04:26:22Z</time></trkpt>
<trkpt lat="33.0506681" lon="35.210123"><ele>225.6</ele><time>2026-05-13T04:26:23Z</time></trkpt>
<trkpt lat="33.0506461" lon="35.2101706"><ele>225.4</ele><time>2026-05-13T04:26:24Z</time></trkpt>
<trkpt lat="33.0506292" lon="35.2102147"><ele>225.3</ele><time>2026-05-13T04:26:25Z</time></trkpt>
<trkpt lat="33.0506175" lon="35.2102584"><ele>225.3</ele><time>2026-05-13T04:26:26Z</time></trkpt>
<trkpt lat="33.0506107" lon="35.2103037"><ele>225.4</ele><time>2026-05-13T04:26:27Z</time></trkpt>
<trkpt lat="33.0506074" lon="35.2103509"><ele>225.5</ele><time>2026-05-13T04:26:28Z</time></trkpt>
<trkpt lat="33.0506064" lon="35.210401"><ele>225.6</ele><time>2026-05-13T04:26:29Z</time></trkpt>
<trkpt lat="33.0506071" lon="35.2104534"><ele>225.6</ele><time>2026-05-13T04:26:30Z</time></trkpt>
<trkpt lat="33.0506097" lon="35.2105077"><ele>225.7</ele><time>2026-05-13T04:26:31Z</time></trkpt>
<trkpt lat="33.050614" lon="35.2105646"><ele>225.8</ele><time>2026-05-13T04:26:32Z</time></trkpt>
<trkpt lat="33.0506194" lon="35.2106251"><ele>225.8</ele><time>2026-05-13T04:26:33Z</time></trkpt>
<trkpt lat="33.0506259" lon="35.2106889"><ele>225.8</ele><time>2026-05-13T04:26:34Z</time></trkpt>
<trkpt lat="33.0506333" lon="35.2107545"><ele>225.8</ele><time>2026-05-13T04:26:35Z</time></trkpt>
<trkpt lat="33.0506405" lon="35.2108199"><ele>225.7</ele><time>2026-05-13T04:26:36Z</time></trkpt>
<trkpt lat="33.0506468" lon="35.2108854"><ele>225.7</ele><time>2026-05-13T04:26:37Z</time></trkpt>
<trkpt lat="33.0506525" lon="35.2109518"><ele>225.7</ele><time>2026-05-13T04:26:38Z</time></trkpt>
<trkpt lat="33.0506573" lon="35.211019"><ele>225.6</ele><time>2026-05-13T04:26:39Z</time></trkpt>
<trkpt lat="33.0506601" lon="35.2110855"><ele>225.6</ele><time>2026-05-13T04:26:40Z</time></trkpt>
<trkpt lat="33.0506603" lon="35.2111505"><ele>225.6</ele><time>2026-05-13T04:26:41Z</time></trkpt>
<trkpt lat="33.0506575" lon="35.2112131"><ele>225.7</ele><time>2026-05-13T04:26:42Z</time></trkpt>
<trkpt lat="33.0506522" lon="35.2112724"><ele>225.7</ele><time>2026-05-13T04:26:43Z</time></trkpt>
<trkpt lat="33.0506461" lon="35.211329"><ele>225.8</ele><time>2026-05-13T04:26:44Z</time></trkpt>
<trkpt lat="33.0506393" lon="35.2113837"><ele>225.9</ele><time>2026-05-13T04:26:45Z</time></trkpt>
<trkpt lat="33.0506322" lon="35.2114367"><ele>226.1</ele><time>2026-05-13T04:26:46Z</time></trkpt>
<trkpt lat="33.0506256" lon="35.211488"><ele>226.3</ele><time>2026-05-13T04:26:47Z</time></trkpt>
<trkpt lat="33.05062" lon="35.2115365"><ele>226.5</ele><time>2026-05-13T04:26:48Z</time></trkpt>
<trkpt lat="33.0506158" lon="35.2115827"><ele>226.8</ele><time>2026-05-13T04:26:49Z</time></trkpt>
<trkpt lat="33.0506038" lon="35.2116929"><ele>227.6</ele><time>2026-05-13T04:26:51Z</time></trkpt>
<trkpt lat="33.0505978" lon="35.2117423"><ele>227.9</ele><time>2026-05-13T04:26:52Z</time></trkpt>
<trkpt lat="33.0505929" lon="35.2117901"><ele>228.2</ele><time>2026-05-13T04:26:53Z</time></trkpt>
<trkpt lat="33.0505884" lon="35.2118381"><ele>228.4</ele><time>2026-05-13T04:26:54Z</time></trkpt>
<trkpt lat="33.0505847" lon="35.2118861"><ele>228.6</ele><time>2026-05-13T04:26:55Z</time></trkpt>
<trkpt lat="33.0505813" lon="35.2119339"><ele>228.8</ele><time>2026-05-13T04:26:56Z</time></trkpt>
<trkpt lat="33.0505776" lon="35.2119815"><ele>228.9</ele><time>2026-05-13T04:26:57Z</time></trkpt>
<trkpt lat="33.0505742" lon="35.212029"><ele>229.1</ele><time>2026-05-13T04:26:58Z</time></trkpt>
<trkpt lat="33.0505706" lon="35.2120775"><ele>229.3</ele><time>2026-05-13T04:26:59Z</time></trkpt>
<trkpt lat="33.0505671" lon="35.2121278"><ele>229.5</ele><time>2026-05-13T04:27:00Z</time></trkpt>
<trkpt lat="33.0505664" lon="35.2121781"><ele>229.6</ele><time>2026-05-13T04:27:01Z</time></trkpt>
<trkpt lat="33.0505661" lon="35.2122275"><ele>229.8</ele><time>2026-05-13T04:27:02Z</time></trkpt>
<trkpt lat="33.0505652" lon="35.2122757"><ele>230.0</ele><time>2026-05-13T04:27:03Z</time></trkpt>
<trkpt lat="33.0505642" lon="35.2123236"><ele>230.2</ele><time>2026-05-13T04:27:04Z</time></trkpt>
<trkpt lat="33.0505623" lon="35.2123717"><ele>230.4</ele><time>2026-05-13T04:27:05Z</time></trkpt>
<trkpt lat="33.0505588" lon="35.2124206"><ele>230.6</ele><time>2026-05-13T04:27:06Z</time></trkpt>
<trkpt lat="33.050554" lon="35.212469"><ele>230.8</ele><time>2026-05-13T04:27:07Z</time></trkpt>
<trkpt lat="33.0505479" lon="35.2125177"><ele>231.0</ele><time>2026-05-13T04:27:08Z</time></trkpt>
<trkpt lat="33.0505405" lon="35.2125665"><ele>231.2</ele><time>2026-05-13T04:27:09Z</time></trkpt>
<trkpt lat="33.0505326" lon="35.2126136"><ele>231.4</ele><time>2026-05-13T04:27:10Z</time></trkpt>
<trkpt lat="33.0505236" lon="35.2126596"><ele>231.6</ele><time>2026-05-13T04:27:11Z</time></trkpt>
<trkpt lat="33.0505132" lon="35.2127042"><ele>231.8</ele><time>2026-05-13T04:27:12Z</time></trkpt>
<trkpt lat="33.0505027" lon="35.2127471"><ele>232.0</ele><time>2026-05-13T04:27:13Z</time></trkpt>
<trkpt lat="33.0504926" lon="35.2127875"><ele>232.2</ele><time>2026-05-13T04:27:14Z</time></trkpt>
<trkpt lat="33.0504817" lon="35.2128259"><ele>232.5</ele><time>2026-05-13T04:27:15Z</time></trkpt>
<trkpt lat="33.0504706" lon="35.2128636"><ele>232.7</ele><time>2026-05-13T04:27:16Z</time></trkpt>
<trkpt lat="33.0504607" lon="35.2129017"><ele>233.0</ele><time>2026-05-13T04:27:17Z</time></trkpt>
<trkpt lat="33.0504509" lon="35.2129393"><ele>233.2</ele><time>2026-05-13T04:27:18Z</time></trkpt>
<trkpt lat="33.05044" lon="35.2129755"><ele>233.5</ele><time>2026-05-13T04:27:19Z</time></trkpt>
<trkpt lat="33.0504291" lon="35.2130115"><ele>233.7</ele><time>2026-05-13T04:27:20Z</time></trkpt>
<trkpt lat="33.0504196" lon="35.2130473"><ele>234.0</ele><time>2026-05-13T04:27:21Z</time></trkpt>
<trkpt lat="33.0504105" lon="35.2130831"><ele>234.3</ele><time>2026-05-13T04:27:22Z</time></trkpt>
<trkpt lat="33.050401" lon="35.2131192"><ele>234.5</ele><time>2026-05-13T04:27:23Z</time></trkpt>
<trkpt lat="33.0503924" lon="35.2131538"><ele>234.8</ele><time>2026-05-13T04:27:24Z</time></trkpt>
<trkpt lat="33.0503844" lon="35.2131864"><ele>235.0</ele><time>2026-05-13T04:27:25Z</time></trkpt>
<trkpt lat="33.0503765" lon="35.2132177"><ele>235.2</ele><time>2026-05-13T04:27:26Z</time></trkpt>
<trkpt lat="33.0503686" lon="35.2132478"><ele>235.5</ele><time>2026-05-13T04:27:27Z</time></trkpt>
<trkpt lat="33.050361" lon="35.2132774"><ele>235.7</ele><time>2026-05-13T04:27:28Z</time></trkpt>
<trkpt lat="33.0503555" lon="35.213307"><ele>236.0</ele><time>2026-05-13T04:27:29Z</time></trkpt>
<trkpt lat="33.0503513" lon="35.2133377"><ele>236.3</ele><time>2026-05-13T04:27:30Z</time></trkpt>
<trkpt lat="33.050345" lon="35.2133701"><ele>236.5</ele><time>2026-05-13T04:27:31Z</time></trkpt>
<trkpt lat="33.0503359" lon="35.2134031"><ele>236.8</ele><time>2026-05-13T04:27:32Z</time></trkpt>
<trkpt lat="33.0503245" lon="35.213436"><ele>237.1</ele><time>2026-05-13T04:27:33Z</time></trkpt>
<trkpt lat="33.0503129" lon="35.2134685"><ele>237.4</ele><time>2026-05-13T04:27:34Z</time></trkpt>
<trkpt lat="33.0503041" lon="35.2134999"><ele>237.7</ele><time>2026-05-13T04:27:35Z</time></trkpt>
<trkpt lat="33.0502978" lon="35.2135301"><ele>237.9</ele><time>2026-05-13T04:27:36Z</time></trkpt>
<trkpt lat="33.0502923" lon="35.2135592"><ele>238.2</ele><time>2026-05-13T04:27:37Z</time></trkpt>
<trkpt lat="33.0502854" lon="35.2135882"><ele>238.5</ele><time>2026-05-13T04:27:38Z</time></trkpt>
<trkpt lat="33.0502769" lon="35.213617"><ele>238.8</ele><time>2026-05-13T04:27:39Z</time></trkpt>
<trkpt lat="33.0502688" lon="35.2136457"><ele>239.1</ele><time>2026-05-13T04:27:40Z</time></trkpt>
<trkpt lat="33.0502622" lon="35.2136736"><ele>239.4</ele><time>2026-05-13T04:27:41Z</time></trkpt>
<trkpt lat="33.0502561" lon="35.2137001"><ele>239.6</ele><time>2026-05-13T04:27:42Z</time></trkpt>
<trkpt lat="33.0502496" lon="35.2137255"><ele>239.9</ele><time>2026-05-13T04:27:43Z</time></trkpt>
<trkpt lat="33.050243" lon="35.2137514"><ele>240.2</ele><time>2026-05-13T04:27:44Z</time></trkpt>
<trkpt lat="33.0502362" lon="35.2137774"><ele>240.4</ele><time>2026-05-13T04:27:45Z</time></trkpt>
<trkpt lat="33.0502279" lon="35.2138032"><ele>240.7</ele><time>2026-05-13T04:27:46Z</time></trkpt>
<trkpt lat="33.0502181" lon="35.2138283"><ele>241.0</ele><time>2026-05-13T04:27:47Z</time></trkpt>
<trkpt lat="33.0502077" lon="35.2138524"><ele>241.2</ele><time>2026-05-13T04:27:48Z</time></trkpt>
<trkpt lat="33.0501971" lon="35.2138771"><ele>241.5</ele><time>2026-05-13T04:27:49Z</time></trkpt>
<trkpt lat="33.0501875" lon="35.2139024"><ele>241.8</ele><time>2026-05-13T04:27:50Z</time></trkpt>
<trkpt lat="33.0501794" lon="35.2139259"><ele>242.0</ele><time>2026-05-13T04:27:51Z</time></trkpt>
<trkpt lat="33.0501714" lon="35.213948"><ele>242.3</ele><time>2026-05-13T04:27:52Z</time></trkpt>
<trkpt lat="33.0501632" lon="35.2139698"><ele>242.6</ele><time>2026-05-13T04:27:53Z</time></trkpt>
<trkpt lat="33.0501557" lon="35.2139919"><ele>242.9</ele><time>2026-05-13T04:27:54Z</time></trkpt>
<trkpt lat="33.0501494" lon="35.2140155"><ele>243.1</ele><time>2026-05-13T04:27:55Z</time></trkpt>
<trkpt lat="33.0501439" lon="35.2140423"><ele>243.4</ele><time>2026-05-13T04:27:56Z</time></trkpt>
<trkpt lat="33.0501418" lon="35.2140689"><ele>243.7</ele><time>2026-05-13T04:27:57Z</time></trkpt>
<trkpt lat="33.0501459" lon="35.2140913"><ele>244.0</ele><time>2026-05-13T04:27:58Z</time></trkpt>
<trkpt lat="33.050154" lon="35.2141093"><ele>244.2</ele><time>2026-05-13T04:27:59Z</time></trkpt>
<trkpt lat="33.0501639" lon="35.2141252"><ele>244.4</ele><time>2026-05-13T04:28:00Z</time></trkpt>
<trkpt lat="33.0501762" lon="35.214143"><ele>244.6</ele><time>2026-05-13T04:28:01Z</time></trkpt>
<trkpt lat="33.0501903" lon="35.2141614"><ele>244.8</ele><time>2026-05-13T04:28:02Z</time></trkpt>
<trkpt lat="33.0502044" lon="35.2141772"><ele>244.9</ele><time>2026-05-13T04:28:03Z</time></trkpt>
<trkpt lat="33.0502207" lon="35.2141905"><ele>245.0</ele><time>2026-05-13T04:28:04Z</time></trkpt>
<trkpt lat="33.0502417" lon="35.2142033"><ele>245.1</ele><time>2026-05-13T04:28:05Z</time></trkpt>
<trkpt lat="33.050267" lon="35.2142168"><ele>245.1</ele><time>2026-05-13T04:28:06Z</time></trkpt>
<trkpt lat="33.0502948" lon="35.2142307"><ele>245.2</ele><time>2026-05-13T04:28:07Z</time></trkpt>
<trkpt lat="33.0503214" lon="35.2142452"><ele>245.2</ele><time>2026-05-13T04:28:08Z</time></trkpt>
<trkpt lat="33.0503438" lon="35.2142595"><ele>245.2</ele><time>2026-05-13T04:28:09Z</time></trkpt>
<trkpt lat="33.0503635" lon="35.2142723"><ele>245.3</ele><time>2026-05-13T04:28:10Z</time></trkpt>
<trkpt lat="33.0503825" lon="35.2142837"><ele>245.3</ele><time>2026-05-13T04:28:11Z</time></trkpt>
<trkpt lat="33.0504015" lon="35.2142951"><ele>245.4</ele><time>2026-05-13T04:28:12Z</time></trkpt>
<trkpt lat="33.0504225" lon="35.2143078"><ele>245.6</ele><time>2026-05-13T04:28:13Z</time></trkpt>
<trkpt lat="33.0504452" lon="35.2143219"><ele>245.7</ele><time>2026-05-13T04:28:14Z</time></trkpt>
<trkpt lat="33.050467" lon="35.2143355"><ele>245.9</ele><time>2026-05-13T04:28:15Z</time></trkpt>
<trkpt lat="33.0504873" lon="35.2143492"><ele>246.2</ele><time>2026-05-13T04:28:16Z</time></trkpt>
<trkpt lat="33.0505064" lon="35.2143635"><ele>246.5</ele><time>2026-05-13T04:28:17Z</time></trkpt>
<trkpt lat="33.0505252" lon="35.2143784"><ele>246.8</ele><time>2026-05-13T04:28:18Z</time></trkpt>
<trkpt lat="33.0505441" lon="35.2143929"><ele>247.1</ele><time>2026-05-13T04:28:19Z</time></trkpt>
<trkpt lat="33.0505629" lon="35.2144064"><ele>247.5</ele><time>2026-05-13T04:28:20Z</time></trkpt>
<trkpt lat="33.0505819" lon="35.2144203"><ele>247.8</ele><time>2026-05-13T04:28:21Z</time></trkpt>
<trkpt lat="33.0506018" lon="35.2144352"><ele>248.2</ele><time>2026-05-13T04:28:22Z</time></trkpt>
<trkpt lat="33.0506223" lon="35.21445"><ele>248.6</ele><time>2026-05-13T04:28:23Z</time></trkpt>
<trkpt lat="33.0506424" lon="35.2144645"><ele>249.0</ele><time>2026-05-13T04:28:24Z</time></trkpt>
<trkpt lat="33.0506611" lon="35.2144788"><ele>249.3</ele><time>2026-05-13T04:28:25Z</time></trkpt>
<trkpt lat="33.0506789" lon="35.2144932"><ele>249.7</ele><time>2026-05-13T04:28:26Z</time></trkpt>
<trkpt lat="33.050697" lon="35.214508"><ele>250.1</ele><time>2026-05-13T04:28:27Z</time></trkpt>
<trkpt lat="33.0507155" lon="35.2145219"><ele>250.4</ele><time>2026-05-13T04:28:28Z</time></trkpt>
<trkpt lat="33.0507342" lon="35.2145346"><ele>250.8</ele><time>2026-05-13T04:28:29Z</time></trkpt>
<trkpt lat="33.0507532" lon="35.2145477"><ele>251.2</ele><time>2026-05-13T04:28:30Z</time></trkpt>
<trkpt lat="33.0507718" lon="35.2145613"><ele>251.5</ele><time>2026-05-13T04:28:31Z</time></trkpt>
<trkpt lat="33.0507893" lon="35.214575"><ele>251.9</ele><time>2026-05-13T04:28:32Z</time></trkpt>
<trkpt lat="33.0508066" lon="35.2145904"><ele>252.2</ele><time>2026-05-13T04:28:33Z</time></trkpt>
<trkpt lat="33.050825" lon="35.2146072"><ele>252.6</ele><time>2026-05-13T04:28:34Z</time></trkpt>
<trkpt lat="33.0508438" lon="35.2146234"><ele>252.9</ele><time>2026-05-13T04:28:35Z</time></trkpt>
<trkpt lat="33.0508626" lon="35.2146395"><ele>253.3</ele><time>2026-05-13T04:28:36Z</time></trkpt>
<trkpt lat="33.0508823" lon="35.2146557"><ele>253.6</ele><time>2026-05-13T04:28:37Z</time></trkpt>
<trkpt lat="33.0509018" lon="35.2146712"><ele>253.9</ele><time>2026-05-13T04:28:38Z</time></trkpt>
<trkpt lat="33.0509206" lon="35.2146863"><ele>254.2</ele><time>2026-05-13T04:28:39Z</time></trkpt>
<trkpt lat="33.0509404" lon="35.2147018"><ele>254.5</ele><time>2026-05-13T04:28:40Z</time></trkpt>
<trkpt lat="33.0509619" lon="35.2147182"><ele>254.7</ele><time>2026-05-13T04:28:41Z</time></trkpt>
<trkpt lat="33.0509843" lon="35.2147349"><ele>255.0</ele><time>2026-05-13T04:28:42Z</time></trkpt>
<trkpt lat="33.0510069" lon="35.2147521"><ele>255.3</ele><time>2026-05-13T04:28:43Z</time></trkpt>
<trkpt lat="33.0510289" lon="35.2147694"><ele>255.5</ele><time>2026-05-13T04:28:44Z</time></trkpt>
<trkpt lat="33.0510499" lon="35.2147863"><ele>255.7</ele><time>2026-05-13T04:28:45Z</time></trkpt>
<trkpt lat="33.0510705" lon="35.214804"><ele>256.0</ele><time>2026-05-13T04:28:46Z</time></trkpt>
<trkpt lat="33.0510917" lon="35.214822"><ele>256.2</ele><time>2026-05-13T04:28:47Z</time></trkpt>
<trkpt lat="33.0511139" lon="35.214839"><ele>256.4</ele><time>2026-05-13T04:28:48Z</time></trkpt>
<trkpt lat="33.0511361" lon="35.2148555"><ele>256.7</ele><time>2026-05-13T04:28:49Z</time></trkpt>
<trkpt lat="33.0511573" lon="35.2148725"><ele>256.9</ele><time>2026-05-13T04:28:50Z</time></trkpt>
<trkpt lat="33.0511782" lon="35.2148899"><ele>257.1</ele><time>2026-05-13T04:28:51Z</time></trkpt>
<trkpt lat="33.0511995" lon="35.2149068"><ele>257.4</ele><time>2026-05-13T04:28:52Z</time></trkpt>
<trkpt lat="33.0512209" lon="35.2149231"><ele>257.6</ele><time>2026-05-13T04:28:53Z</time></trkpt>
<trkpt lat="33.051242" lon="35.2149401"><ele>257.8</ele><time>2026-05-13T04:28:54Z</time></trkpt>
<trkpt lat="33.0512634" lon="35.2149578"><ele>258.0</ele><time>2026-05-13T04:28:55Z</time></trkpt>
<trkpt lat="33.0512851" lon="35.2149759"><ele>258.2</ele><time>2026-05-13T04:28:56Z</time></trkpt>
<trkpt lat="33.0513069" lon="35.2149951"><ele>258.4</ele><time>2026-05-13T04:28:57Z</time></trkpt>
<trkpt lat="33.0513285" lon="35.2150144"><ele>258.6</ele><time>2026-05-13T04:28:58Z</time></trkpt>
<trkpt lat="33.0513502" lon="35.2150325"><ele>258.7</ele><time>2026-05-13T04:28:59Z</time></trkpt>
<trkpt lat="33.0513722" lon="35.2150495"><ele>258.9</ele><time>2026-05-13T04:29:00Z</time></trkpt>
<trkpt lat="33.0513949" lon="35.2150666"><ele>259.1</ele><time>2026-05-13T04:29:01Z</time></trkpt>
<trkpt lat="33.0514185" lon="35.2150846"><ele>259.3</ele><time>2026-05-13T04:29:02Z</time></trkpt>
<trkpt lat="33.0514425" lon="35.2151031"><ele>259.5</ele><time>2026-05-13T04:29:03Z</time></trkpt>
<trkpt lat="33.0514666" lon="35.215122"><ele>259.6</ele><time>2026-05-13T04:29:04Z</time></trkpt>
<trkpt lat="33.0514911" lon="35.2151401"><ele>259.8</ele><time>2026-05-13T04:29:05Z</time></trkpt>
<trkpt lat="33.0515162" lon="35.2151565"><ele>260.0</ele><time>2026-05-13T04:29:06Z</time></trkpt>
<trkpt lat="33.0515417" lon="35.2151721"><ele>260.1</ele><time>2026-05-13T04:29:07Z</time></trkpt>
<trkpt lat="33.0515679" lon="35.2151869"><ele>260.3</ele><time>2026-05-13T04:29:08Z</time></trkpt>
<trkpt lat="33.0515954" lon="35.2152004"><ele>260.4</ele><time>2026-05-13T04:29:09Z</time></trkpt>
<trkpt lat="33.0516231" lon="35.2152149"><ele>260.5</ele><time>2026-05-13T04:29:10Z</time></trkpt>
<trkpt lat="33.0516508" lon="35.2152324"><ele>260.6</ele><time>2026-05-13T04:29:11Z</time></trkpt>
<trkpt lat="33.0516794" lon="35.2152529"><ele>260.6</ele><time>2026-05-13T04:29:12Z</time></trkpt>
<trkpt lat="33.0517098" lon="35.2152761"><ele>260.6</ele><time>2026-05-13T04:29:13Z</time></trkpt>
<trkpt lat="33.0517421" lon="35.215301"><ele>260.6</ele><time>2026-05-13T04:29:14Z</time></trkpt>
<trkpt lat="33.0517742" lon="35.2153273"><ele>260.5</ele><time>2026-05-13T04:29:15Z</time></trkpt>
<trkpt lat="33.0518067" lon="35.2153542"><ele>260.4</ele><time>2026-05-13T04:29:16Z</time></trkpt>
<trkpt lat="33.0518413" lon="35.2153811"><ele>260.3</ele><time>2026-05-13T04:29:17Z</time></trkpt>
<trkpt lat="33.0518778" lon="35.215408"><ele>260.2</ele><time>2026-05-13T04:29:18Z</time></trkpt>
<trkpt lat="33.0519157" lon="35.2154346"><ele>260.1</ele><time>2026-05-13T04:29:19Z</time></trkpt>
<trkpt lat="33.0519541" lon="35.2154606"><ele>260.0</ele><time>2026-05-13T04:29:20Z</time></trkpt>
<trkpt lat="33.0519919" lon="35.2154879"><ele>259.8</ele><time>2026-05-13T04:29:21Z</time></trkpt>
<trkpt lat="33.0520293" lon="35.2155174"><ele>259.7</ele><time>2026-05-13T04:29:22Z</time></trkpt>
<trkpt lat="33.0520679" lon="35.2155482"><ele>259.5</ele><time>2026-05-13T04:29:23Z</time></trkpt>
<trkpt lat="33.0521087" lon="35.2155811"><ele>259.3</ele><time>2026-05-13T04:29:24Z</time></trkpt>
<trkpt lat="33.0521513" lon="35.2156175"><ele>259.1</ele><time>2026-05-13T04:29:25Z</time></trkpt>
<trkpt lat="33.0521957" lon="35.2156574"><ele>258.8</ele><time>2026-05-13T04:29:26Z</time></trkpt>
<trkpt lat="33.0522418" lon="35.2156985"><ele>258.5</ele><time>2026-05-13T04:29:27Z</time></trkpt>
<trkpt lat="33.0522929" lon="35.2157391"><ele>258.2</ele><time>2026-05-13T04:29:28Z</time></trkpt>
<trkpt lat="33.0523495" lon="35.2157802"><ele>257.7</ele><time>2026-05-13T04:29:29Z</time></trkpt>
<trkpt lat="33.0524065" lon="35.2158213"><ele>257.3</ele><time>2026-05-13T04:29:30Z</time></trkpt>
<trkpt lat="33.0524624" lon="35.21586"><ele>256.7</ele><time>2026-05-13T04:29:31Z</time></trkpt>
<trkpt lat="33.0525194" lon="35.2158973"><ele>256.1</ele><time>2026-05-13T04:29:32Z</time></trkpt>
<trkpt lat="33.0525799" lon="35.215934"><ele>255.4</ele><time>2026-05-13T04:29:33Z</time></trkpt>
<trkpt lat="33.0526377" lon="35.2159712"><ele>254.6</ele><time>2026-05-13T04:29:34Z</time></trkpt>
<trkpt lat="33.0526913" lon="35.2160099"><ele>253.8</ele><time>2026-05-13T04:29:35Z</time></trkpt>
<trkpt lat="33.0527454" lon="35.2160502"><ele>253.0</ele><time>2026-05-13T04:29:36Z</time></trkpt>
<trkpt lat="33.0527985" lon="35.2160978"><ele>252.1</ele><time>2026-05-13T04:29:37Z</time></trkpt>
<trkpt lat="33.0528464" lon="35.2161532"><ele>251.3</ele><time>2026-05-13T04:29:38Z</time></trkpt>
<trkpt lat="33.0528858" lon="35.2162112"><ele>250.5</ele><time>2026-05-13T04:29:39Z</time></trkpt>
<trkpt lat="33.0529156" lon="35.2162744"><ele>249.7</ele><time>2026-05-13T04:29:40Z</time></trkpt>
<trkpt lat="33.0529321" lon="35.2163435"><ele>249.1</ele><time>2026-05-13T04:29:41Z</time></trkpt>
<trkpt lat="33.0529388" lon="35.2164117"><ele>248.5</ele><time>2026-05-13T04:29:42Z</time></trkpt>
<trkpt lat="33.0529411" lon="35.2164747"><ele>248.1</ele><time>2026-05-13T04:29:43Z</time></trkpt>
<trkpt lat="33.0529375" lon="35.216532"><ele>247.8</ele><time>2026-05-13T04:29:44Z</time></trkpt>
<trkpt lat="33.0529285" lon="35.2165825"><ele>247.6</ele><time>2026-05-13T04:29:45Z</time></trkpt>
<trkpt lat="33.0529158" lon="35.216625"><ele>247.5</ele><time>2026-05-13T04:29:46Z</time></trkpt>
<trkpt lat="33.0529012" lon="35.2166573"><ele>247.5</ele><time>2026-05-13T04:29:47Z</time></trkpt>
<trkpt lat="33.0528863" lon="35.2166798"><ele>247.5</ele><time>2026-05-13T04:29:48Z</time></trkpt>
<trkpt lat="33.0528722" lon="35.2166958"><ele>247.6</ele><time>2026-05-13T04:29:49Z</time></trkpt>
<trkpt lat="33.0528582" lon="35.2167085"><ele>247.8</ele><time>2026-05-13T04:29:50Z</time></trkpt>
<trkpt lat="33.0528444" lon="35.2167194"><ele>248.0</ele><time>2026-05-13T04:29:51Z</time></trkpt>
<trkpt lat="33.0528309" lon="35.216729"><ele>248.2</ele><time>2026-05-13T04:29:52Z</time></trkpt>
<trkpt lat="33.052817" lon="35.2167371"><ele>248.4</ele><time>2026-05-13T04:29:53Z</time></trkpt>
<trkpt lat="33.0528033" lon="35.2167444"><ele>248.6</ele><time>2026-05-13T04:29:54Z</time></trkpt>
<trkpt lat="33.0527889" lon="35.2167527"><ele>248.8</ele><time>2026-05-13T04:29:55Z</time></trkpt>
<trkpt lat="33.052773" lon="35.2167626"><ele>249.1</ele><time>2026-05-13T04:29:56Z</time></trkpt>
<trkpt lat="33.0527563" lon="35.2167731"><ele>249.3</ele><time>2026-05-13T04:29:57Z</time></trkpt>
<trkpt lat="33.052739" lon="35.2167836"><ele>249.5</ele><time>2026-05-13T04:29:58Z</time></trkpt>
<trkpt lat="33.0527208" lon="35.2167942"><ele>249.7</ele><time>2026-05-13T04:29:59Z</time></trkpt>
<trkpt lat="33.0527022" lon="35.2168058"><ele>249.9</ele><time>2026-05-13T04:30:00Z</time></trkpt>
<trkpt lat="33.0526835" lon="35.2168185"><ele>250.1</ele><time>2026-05-13T04:30:01Z</time></trkpt>
<trkpt lat="33.0526647" lon="35.2168324"><ele>250.3</ele><time>2026-05-13T04:30:02Z</time></trkpt>
<trkpt lat="33.0526457" lon="35.2168474"><ele>250.5</ele><time>2026-05-13T04:30:03Z</time></trkpt>
<trkpt lat="33.0526266" lon="35.2168641"><ele>250.7</ele><time>2026-05-13T04:30:04Z</time></trkpt>
<trkpt lat="33.0526078" lon="35.2168818"><ele>250.9</ele><time>2026-05-13T04:30:05Z</time></trkpt>
<trkpt lat="33.0525904" lon="35.2168983"><ele>251.1</ele><time>2026-05-13T04:30:06Z</time></trkpt>
<trkpt lat="33.0525742" lon="35.2169148"><ele>251.3</ele><time>2026-05-13T04:30:07Z</time></trkpt>
<trkpt lat="33.052558" lon="35.2169329"><ele>251.6</ele><time>2026-05-13T04:30:08Z</time></trkpt>
<trkpt lat="33.0525413" lon="35.2169522"><ele>251.8</ele><time>2026-05-13T04:30:09Z</time></trkpt>
<trkpt lat="33.0525239" lon="35.2169718"><ele>252.0</ele><time>2026-05-13T04:30:10Z</time></trkpt>
<trkpt lat="33.0525059" lon="35.216991"><ele>252.2</ele><time>2026-05-13T04:30:11Z</time></trkpt>
<trkpt lat="33.0524879" lon="35.2170111"><ele>252.4</ele><time>2026-05-13T04:30:12Z</time></trkpt>
<trkpt lat="33.0524713" lon="35.2170328"><ele>252.6</ele><time>2026-05-13T04:30:13Z</time></trkpt>
<trkpt lat="33.052456" lon="35.2170561"><ele>252.8</ele><time>2026-05-13T04:30:14Z</time></trkpt>
<trkpt lat="33.052442" lon="35.2170797"><ele>253.0</ele><time>2026-05-13T04:30:15Z</time></trkpt>
<trkpt lat="33.0524291" lon="35.2171038"><ele>253.2</ele><time>2026-05-13T04:30:16Z</time></trkpt>
<trkpt lat="33.0524161" lon="35.2171295"><ele>253.5</ele><time>2026-05-13T04:30:17Z</time></trkpt>
<trkpt lat="33.0524025" lon="35.2171563"><ele>253.7</ele><time>2026-05-13T04:30:18Z</time></trkpt>
<trkpt lat="33.0523886" lon="35.2171832"><ele>253.9</ele><time>2026-05-13T04:30:19Z</time></trkpt>
<trkpt lat="33.0523586" lon="35.2172394"><ele>254.6</ele><time>2026-05-13T04:30:21Z</time></trkpt>
<trkpt lat="33.0523467" lon="35.2172605"><ele>254.9</ele><time>2026-05-13T04:30:22Z</time></trkpt>
<trkpt lat="33.0523345" lon="35.2172799"><ele>255.1</ele><time>2026-05-13T04:30:23Z</time></trkpt>
<trkpt lat="33.052321" lon="35.2172991"><ele>255.3</ele><time>2026-05-13T04:30:24Z</time></trkpt>
<trkpt lat="33.0523066" lon="35.2173188"><ele>255.5</ele><time>2026-05-13T04:30:25Z</time></trkpt>
<trkpt lat="33.0522916" lon="35.2173396"><ele>255.6</ele><time>2026-05-13T04:30:26Z</time></trkpt>
<trkpt lat="33.0522765" lon="35.2173615"><ele>255.8</ele><time>2026-05-13T04:30:27Z</time></trkpt>
<trkpt lat="33.0522608" lon="35.2173831"><ele>256.0</ele><time>2026-05-13T04:30:28Z</time></trkpt>
<trkpt lat="33.0522441" lon="35.2174038"><ele>256.2</ele><time>2026-05-13T04:30:29Z</time></trkpt>
<trkpt lat="33.0522271" lon="35.2174247"><ele>256.4</ele><time>2026-05-13T04:30:30Z</time></trkpt>
<trkpt lat="33.0522103" lon="35.217446"><ele>256.7</ele><time>2026-05-13T04:30:31Z</time></trkpt>
<trkpt lat="33.0521931" lon="35.2174658"><ele>257.0</ele><time>2026-05-13T04:30:32Z</time></trkpt>
<trkpt lat="33.0521751" lon="35.2174856"><ele>257.2</ele><time>2026-05-13T04:30:33Z</time></trkpt>
<trkpt lat="33.0521566" lon="35.2175071"><ele>257.5</ele><time>2026-05-13T04:30:34Z</time></trkpt>
<trkpt lat="33.0521385" lon="35.2175292"><ele>257.8</ele><time>2026-05-13T04:30:35Z</time></trkpt>
<trkpt lat="33.0521208" lon="35.2175524"><ele>258.1</ele><time>2026-05-13T04:30:36Z</time></trkpt>
<trkpt lat="33.0521038" lon="35.2175776"><ele>258.4</ele><time>2026-05-13T04:30:37Z</time></trkpt>
<trkpt lat="33.0520874" lon="35.2176046"><ele>258.6</ele><time>2026-05-13T04:30:38Z</time></trkpt>
<trkpt lat="33.0520712" lon="35.2176318"><ele>258.9</ele><time>2026-05-13T04:30:39Z</time></trkpt>
<trkpt lat="33.052055" lon="35.2176585"><ele>259.2</ele><time>2026-05-13T04:30:40Z</time></trkpt>
<trkpt lat="33.0520393" lon="35.2176854"><ele>259.4</ele><time>2026-05-13T04:30:41Z</time></trkpt>
<trkpt lat="33.052025" lon="35.2177126"><ele>259.6</ele><time>2026-05-13T04:30:42Z</time></trkpt>
<trkpt lat="33.0520125" lon="35.2177403"><ele>259.8</ele><time>2026-05-13T04:30:43Z</time></trkpt>
<trkpt lat="33.0520005" lon="35.2177695"><ele>260.1</ele><time>2026-05-13T04:30:44Z</time></trkpt>
<trkpt lat="33.0519877" lon="35.2177995"><ele>260.3</ele><time>2026-05-13T04:30:45Z</time></trkpt>
<trkpt lat="33.0519744" lon="35.2178295"><ele>260.5</ele><time>2026-05-13T04:30:46Z</time></trkpt>
<trkpt lat="33.0519604" lon="35.2178575"><ele>260.7</ele><time>2026-05-13T04:30:47Z</time></trkpt>
<trkpt lat="33.0519458" lon="35.2178836"><ele>260.9</ele><time>2026-05-13T04:30:48Z</time></trkpt>
<trkpt lat="33.0519304" lon="35.2179086"><ele>261.1</ele><time>2026-05-13T04:30:49Z</time></trkpt>
<trkpt lat="33.0519158" lon="35.2179336"><ele>261.3</ele><time>2026-05-13T04:30:50Z</time></trkpt>
<trkpt lat="33.0519028" lon="35.2179599"><ele>261.6</ele><time>2026-05-13T04:30:51Z</time></trkpt>
<trkpt lat="33.0518912" lon="35.2179868"><ele>261.8</ele><time>2026-05-13T04:30:52Z</time></trkpt>
<trkpt lat="33.0518804" lon="35.2180138"><ele>262.0</ele><time>2026-05-13T04:30:53Z</time></trkpt>
<trkpt lat="33.0518682" lon="35.218042"><ele>262.2</ele><time>2026-05-13T04:30:54Z</time></trkpt>
<trkpt lat="33.0518542" lon="35.2180715"><ele>262.4</ele><time>2026-05-13T04:30:55Z</time></trkpt>
<trkpt lat="33.0518394" lon="35.218101"><ele>262.6</ele><time>2026-05-13T04:30:56Z</time></trkpt>
<trkpt lat="33.0518245" lon="35.2181292"><ele>262.9</ele><time>2026-05-13T04:30:57Z</time></trkpt>
<trkpt lat="33.0518099" lon="35.2181563"><ele>263.1</ele><time>2026-05-13T04:30:58Z</time></trkpt>
<trkpt lat="33.0517951" lon="35.2181834"><ele>263.3</ele><time>2026-05-13T04:30:59Z</time></trkpt>
<trkpt lat="33.0517803" lon="35.2182108"><ele>263.5</ele><time>2026-05-13T04:31:00Z</time></trkpt>
<trkpt lat="33.0517656" lon="35.2182381"><ele>263.8</ele><time>2026-05-13T04:31:01Z</time></trkpt>
<trkpt lat="33.0517514" lon="35.2182658"><ele>264.0</ele><time>2026-05-13T04:31:02Z</time></trkpt>
<trkpt lat="33.0517381" lon="35.2182937"><ele>264.2</ele><time>2026-05-13T04:31:03Z</time></trkpt>
<trkpt lat="33.0517263" lon="35.2183218"><ele>264.4</ele><time>2026-05-13T04:31:04Z</time></trkpt>
<trkpt lat="33.051716" lon="35.2183506"><ele>264.6</ele><time>2026-05-13T04:31:05Z</time></trkpt>
<trkpt lat="33.0517071" lon="35.2183801"><ele>264.8</ele><time>2026-05-13T04:31:06Z</time></trkpt>
<trkpt lat="33.0516993" lon="35.21841"><ele>265.0</ele><time>2026-05-13T04:31:07Z</time></trkpt>
<trkpt lat="33.0516924" lon="35.2184398"><ele>265.1</ele><time>2026-05-13T04:31:08Z</time></trkpt>
<trkpt lat="33.0516856" lon="35.2184696"><ele>265.3</ele><time>2026-05-13T04:31:09Z</time></trkpt>
<trkpt lat="33.0516789" lon="35.2184994"><ele>265.5</ele><time>2026-05-13T04:31:10Z</time></trkpt>
<trkpt lat="33.0516724" lon="35.2185293"><ele>265.7</ele><time>2026-05-13T04:31:11Z</time></trkpt>
<trkpt lat="33.0516657" lon="35.2185588"><ele>265.8</ele><time>2026-05-13T04:31:12Z</time></trkpt>
<trkpt lat="33.0516584" lon="35.2185881"><ele>266.0</ele><time>2026-05-13T04:31:13Z</time></trkpt>
<trkpt lat="33.0516508" lon="35.2186175"><ele>266.1</ele><time>2026-05-13T04:31:14Z</time></trkpt>
<trkpt lat="33.0516428" lon="35.2186465"><ele>266.3</ele><time>2026-05-13T04:31:15Z</time></trkpt>
<trkpt lat="33.0516346" lon="35.2186749"><ele>266.4</ele><time>2026-05-13T04:31:16Z</time></trkpt>
<trkpt lat="33.0516264" lon="35.2187025"><ele>266.6</ele><time>2026-05-13T04:31:17Z</time></trkpt>
<trkpt lat="33.0516182" lon="35.2187294"><ele>266.7</ele><time>2026-05-13T04:31:18Z</time></trkpt>
<trkpt lat="33.0516099" lon="35.2187563"><ele>266.8</ele><time>2026-05-13T04:31:19Z</time></trkpt>
<trkpt lat="33.0516013" lon="35.2187836"><ele>267.0</ele><time>2026-05-13T04:31:20Z</time></trkpt>
<trkpt lat="33.0515927" lon="35.2188112"><ele>267.1</ele><time>2026-05-13T04:31:21Z</time></trkpt>
<trkpt lat="33.0515838" lon="35.2188388"><ele>267.3</ele><time>2026-05-13T04:31:22Z</time></trkpt>
<trkpt lat="33.051575" lon="35.2188661"><ele>267.5</ele><time>2026-05-13T04:31:23Z</time></trkpt>
<trkpt lat="33.0515666" lon="35.2188932"><ele>267.6</ele><time>2026-05-13T04:31:24Z</time></trkpt>
<trkpt lat="33.0515588" lon="35.2189196"><ele>267.8</ele><time>2026-05-13T04:31:25Z</time></trkpt>
<trkpt lat="33.0515506" lon="35.2189454"><ele>268.0</ele><time>2026-05-13T04:31:26Z</time></trkpt>
<trkpt lat="33.0515418" lon="35.2189708"><ele>268.2</ele><time>2026-05-13T04:31:27Z</time></trkpt>
<trkpt lat="33.0515329" lon="35.2189962"><ele>268.4</ele><time>2026-05-13T04:31:28Z</time></trkpt>
<trkpt lat="33.0515241" lon="35.2190214"><ele>268.6</ele><time>2026-05-13T04:31:29Z</time></trkpt>
<trkpt lat="33.0515158" lon="35.2190464"><ele>268.8</ele><time>2026-05-13T04:31:30Z</time></trkpt>
<trkpt lat="33.0515082" lon="35.2190713"><ele>269.0</ele><time>2026-05-13T04:31:31Z</time></trkpt>
<trkpt lat="33.0515007" lon="35.2190958"><ele>269.2</ele><time>2026-05-13T04:31:32Z</time></trkpt>
<trkpt lat="33.051493" lon="35.2191199"><ele>269.4</ele><time>2026-05-13T04:31:33Z</time></trkpt>
<trkpt lat="33.0514849" lon="35.2191443"><ele>269.6</ele><time>2026-05-13T04:31:34Z</time></trkpt>
<trkpt lat="33.0514768" lon="35.2191696"><ele>269.8</ele><time>2026-05-13T04:31:35Z</time></trkpt>
<trkpt lat="33.0514687" lon="35.2191954"><ele>269.9</ele><time>2026-05-13T04:31:36Z</time></trkpt>
<trkpt lat="33.0514608" lon="35.2192209"><ele>270.1</ele><time>2026-05-13T04:31:37Z</time></trkpt>
<trkpt lat="33.0514529" lon="35.2192458"><ele>270.3</ele><time>2026-05-13T04:31:38Z</time></trkpt>
<trkpt lat="33.0514449" lon="35.2192702"><ele>270.5</ele><time>2026-05-13T04:31:39Z</time></trkpt>
<trkpt lat="33.0514369" lon="35.219295"><ele>270.7</ele><time>2026-05-13T04:31:40Z</time></trkpt>
<trkpt lat="33.0514284" lon="35.2193198"><ele>270.8</ele><time>2026-05-13T04:31:41Z</time></trkpt>
<trkpt lat="33.0514188" lon="35.219344"><ele>271.0</ele><time>2026-05-13T04:31:42Z</time></trkpt>
<trkpt lat="33.0514086" lon="35.219368"><ele>271.2</ele><time>2026-05-13T04:31:43Z</time></trkpt>
<trkpt lat="33.0513978" lon="35.2193927"><ele>271.3</ele><time>2026-05-13T04:31:44Z</time></trkpt>
<trkpt lat="33.0513865" lon="35.2194182"><ele>271.5</ele><time>2026-05-13T04:31:45Z</time></trkpt>
<trkpt lat="33.0513754" lon="35.219444"><ele>271.7</ele><time>2026-05-13T04:31:46Z</time></trkpt>
<trkpt lat="33.0513646" lon="35.21947"><ele>271.8</ele><time>2026-05-13T04:31:47Z</time></trkpt>
<trkpt lat="33.0513542" lon="35.2194964"><ele>272.0</ele><time>2026-05-13T04:31:48Z</time></trkpt>
<trkpt lat="33.051344" lon="35.2195229"><ele>272.2</ele><time>2026-05-13T04:31:49Z</time></trkpt>
<trkpt lat="33.0513336" lon="35.2195487"><ele>272.3</ele><time>2026-05-13T04:31:50Z</time></trkpt>
<trkpt lat="33.0513226" lon="35.2195739"><ele>272.5</ele><time>2026-05-13T04:31:51Z</time></trkpt>
<trkpt lat="33.0513104" lon="35.2195984"><ele>272.7</ele><time>2026-05-13T04:31:52Z</time></trkpt>
<trkpt lat="33.0512972" lon="35.2196228"><ele>272.9</ele><time>2026-05-13T04:31:53Z</time></trkpt>
<trkpt lat="33.0512842" lon="35.2196478"><ele>273.0</ele><time>2026-05-13T04:31:54Z</time></trkpt>
<trkpt lat="33.0512719" lon="35.2196732"><ele>273.2</ele><time>2026-05-13T04:31:55Z</time></trkpt>
<trkpt lat="33.0512606" lon="35.2196985"><ele>273.4</ele><time>2026-05-13T04:31:56Z</time></trkpt>
<trkpt lat="33.0512502" lon="35.2197238"><ele>273.7</ele><time>2026-05-13T04:31:57Z</time></trkpt>
<trkpt lat="33.0512402" lon="35.2197493"><ele>273.9</ele><time>2026-05-13T04:31:58Z</time></trkpt>
<trkpt lat="33.0512306" lon="35.2197744"><ele>274.1</ele><time>2026-05-13T04:31:59Z</time></trkpt>
<trkpt lat="33.0512208" lon="35.2197991"><ele>274.3</ele><time>2026-05-13T04:32:00Z</time></trkpt>
<trkpt lat="33.0512107" lon="35.2198238"><ele>274.5</ele><time>2026-05-13T04:32:01Z</time></trkpt>
<trkpt lat="33.0512005" lon="35.2198482"><ele>274.8</ele><time>2026-05-13T04:32:02Z</time></trkpt>
<trkpt lat="33.0511902" lon="35.2198721"><ele>275.0</ele><time>2026-05-13T04:32:03Z</time></trkpt>
<trkpt lat="33.0511801" lon="35.2198965"><ele>275.2</ele><time>2026-05-13T04:32:04Z</time></trkpt>
<trkpt lat="33.0511695" lon="35.2199217"><ele>275.5</ele><time>2026-05-13T04:32:05Z</time></trkpt>
<trkpt lat="33.0511585" lon="35.2199471"><ele>275.7</ele><time>2026-05-13T04:32:06Z</time></trkpt>
<trkpt lat="33.0511468" lon="35.2199726"><ele>276.0</ele><time>2026-05-13T04:32:07Z</time></trkpt>
<trkpt lat="33.0511345" lon="35.219998"><ele>276.2</ele><time>2026-05-13T04:32:08Z</time></trkpt>
<trkpt lat="33.0511218" lon="35.2200235"><ele>276.5</ele><time>2026-05-13T04:32:09Z</time></trkpt>
<trkpt lat="33.051109" lon="35.2200486"><ele>276.8</ele><time>2026-05-13T04:32:10Z</time></trkpt>
<trkpt lat="33.0510961" lon="35.2200736"><ele>277.0</ele><time>2026-05-13T04:32:11Z</time></trkpt>
<trkpt lat="33.0510827" lon="35.2200987"><ele>277.3</ele><time>2026-05-13T04:32:12Z</time></trkpt>
<trkpt lat="33.0510688" lon="35.2201235"><ele>277.6</ele><time>2026-05-13T04:32:13Z</time></trkpt>
<trkpt lat="33.0510549" lon="35.220148"><ele>277.8</ele><time>2026-05-13T04:32:14Z</time></trkpt>
<trkpt lat="33.0510416" lon="35.2201723"><ele>278.1</ele><time>2026-05-13T04:32:15Z</time></trkpt>
<trkpt lat="33.0510293" lon="35.2201962"><ele>278.3</ele><time>2026-05-13T04:32:16Z</time></trkpt>
<trkpt lat="33.051017" lon="35.2202193"><ele>278.6</ele><time>2026-05-13T04:32:17Z</time></trkpt>
<trkpt lat="33.0510043" lon="35.2202415"><ele>278.8</ele><time>2026-05-13T04:32:18Z</time></trkpt>
<trkpt lat="33.0509923" lon="35.2202639"><ele>279.1</ele><time>2026-05-13T04:32:19Z</time></trkpt>
<trkpt lat="33.050981" lon="35.2202873"><ele>279.3</ele><time>2026-05-13T04:32:20Z</time></trkpt>
<trkpt lat="33.0509695" lon="35.2203115"><ele>279.6</ele><time>2026-05-13T04:32:21Z</time></trkpt>
<trkpt lat="33.0509573" lon="35.2203363"><ele>279.8</ele><time>2026-05-13T04:32:22Z</time></trkpt>
<trkpt lat="33.0509445" lon="35.2203616"><ele>280.1</ele><time>2026-05-13T04:32:23Z</time></trkpt>
<trkpt lat="33.0509316" lon="35.2203873"><ele>280.3</ele><time>2026-05-13T04:32:24Z</time></trkpt>
<trkpt lat="33.0509188" lon="35.2204132"><ele>280.6</ele><time>2026-05-13T04:32:25Z</time></trkpt>
<trkpt lat="33.0509064" lon="35.2204397"><ele>280.8</ele><time>2026-05-13T04:32:26Z</time></trkpt>
<trkpt lat="33.0508948" lon="35.2204669"><ele>281.1</ele><time>2026-05-13T04:32:27Z</time></trkpt>
<trkpt lat="33.0508841" lon="35.2204944"><ele>281.3</ele><time>2026-05-13T04:32:28Z</time></trkpt>
<trkpt lat="33.0508743" lon="35.2205218"><ele>281.5</ele><time>2026-05-13T04:32:29Z</time></trkpt>
<trkpt lat="33.0508649" lon="35.2205491"><ele>281.8</ele><time>2026-05-13T04:32:30Z</time></trkpt>
<trkpt lat="33.0508555" lon="35.2205767"><ele>282.0</ele><time>2026-05-13T04:32:31Z</time></trkpt>
<trkpt lat="33.0508456" lon="35.2206048"><ele>282.2</ele><time>2026-05-13T04:32:32Z</time></trkpt>
<trkpt lat="33.0508354" lon="35.2206332"><ele>282.4</ele><time>2026-05-13T04:32:33Z</time></trkpt>
<trkpt lat="33.0508258" lon="35.2206616"><ele>282.6</ele><time>2026-05-13T04:32:34Z</time></trkpt>
<trkpt lat="33.0508171" lon="35.22069"><ele>282.8</ele><time>2026-05-13T04:32:35Z</time></trkpt>
<trkpt lat="33.050809" lon="35.2207189"><ele>283.0</ele><time>2026-05-13T04:32:36Z</time></trkpt>
<trkpt lat="33.0508015" lon="35.220748"><ele>283.2</ele><time>2026-05-13T04:32:37Z</time></trkpt>
<trkpt lat="33.0507946" lon="35.2207774"><ele>283.4</ele><time>2026-05-13T04:32:38Z</time></trkpt>
<trkpt lat="33.0507886" lon="35.2208069"><ele>283.6</ele><time>2026-05-13T04:32:39Z</time></trkpt>
<trkpt lat="33.0507832" lon="35.2208363"><ele>283.8</ele><time>2026-05-13T04:32:40Z</time></trkpt>
<trkpt lat="33.0507783" lon="35.2208654"><ele>284.0</ele><time>2026-05-13T04:32:41Z</time></trkpt>
<trkpt lat="33.0507738" lon="35.2208945"><ele>284.2</ele><time>2026-05-13T04:32:42Z</time></trkpt>
<trkpt lat="33.0507699" lon="35.2209233"><ele>284.4</ele><time>2026-05-13T04:32:43Z</time></trkpt>
<trkpt lat="33.0507662" lon="35.2209514"><ele>284.6</ele><time>2026-05-13T04:32:44Z</time></trkpt>
<trkpt lat="33.0507618" lon="35.2209795"><ele>284.8</ele><time>2026-05-13T04:32:45Z</time></trkpt>
<trkpt lat="33.0507563" lon="35.2210082"><ele>285.1</ele><time>2026-05-13T04:32:46Z</time></trkpt>
<trkpt lat="33.0507498" lon="35.2210369"><ele>285.3</ele><time>2026-05-13T04:32:47Z</time></trkpt>
<trkpt lat="33.0507425" lon="35.221065"><ele>285.6</ele><time>2026-05-13T04:32:48Z</time></trkpt>
<trkpt lat="33.0507354" lon="35.2210925"><ele>285.8</ele><time>2026-05-13T04:32:49Z</time></trkpt>
<trkpt lat="33.0507289" lon="35.2211195"><ele>286.1</ele><time>2026-05-13T04:32:50Z</time></trkpt>
<trkpt lat="33.0507227" lon="35.2211458"><ele>286.3</ele><time>2026-05-13T04:32:51Z</time></trkpt>
<trkpt lat="33.0507163" lon="35.2211711"><ele>286.5</ele><time>2026-05-13T04:32:52Z</time></trkpt>
<trkpt lat="33.0507095" lon="35.2211956"><ele>286.8</ele><time>2026-05-13T04:32:53Z</time></trkpt>
<trkpt lat="33.0507027" lon="35.2212197"><ele>287.0</ele><time>2026-05-13T04:32:54Z</time></trkpt>
<trkpt lat="33.0506962" lon="35.2212437"><ele>287.2</ele><time>2026-05-13T04:32:55Z</time></trkpt>
<trkpt lat="33.0506892" lon="35.2212676"><ele>287.4</ele><time>2026-05-13T04:32:56Z</time></trkpt>
<trkpt lat="33.0506815" lon="35.2212915"><ele>287.6</ele><time>2026-05-13T04:32:57Z</time></trkpt>
<trkpt lat="33.0506734" lon="35.221315"><ele>287.8</ele><time>2026-05-13T04:32:58Z</time></trkpt>
<trkpt lat="33.0506649" lon="35.2213379"><ele>288.0</ele><time>2026-05-13T04:32:59Z</time></trkpt>
<trkpt lat="33.0506562" lon="35.2213596"><ele>288.2</ele><time>2026-05-13T04:33:00Z</time></trkpt>
<trkpt lat="33.0506458" lon="35.2213807"><ele>288.4</ele><time>2026-05-13T04:33:01Z</time></trkpt>
<trkpt lat="33.0506346" lon="35.2214023"><ele>288.6</ele><time>2026-05-13T04:33:02Z</time></trkpt>
<trkpt lat="33.0506247" lon="35.2214244"><ele>288.7</ele><time>2026-05-13T04:33:03Z</time></trkpt>
<trkpt lat="33.0506169" lon="35.2214461"><ele>288.9</ele><time>2026-05-13T04:33:04Z</time></trkpt>
<trkpt lat="33.0506118" lon="35.2214657"><ele>289.1</ele><time>2026-05-13T04:33:05Z</time></trkpt>
<trkpt lat="33.050608" lon="35.2214844"><ele>289.2</ele><time>2026-05-13T04:33:06Z</time></trkpt>
<trkpt lat="33.0506045" lon="35.2215038"><ele>289.4</ele><time>2026-05-13T04:33:07Z</time></trkpt>
<trkpt lat="33.0505996" lon="35.2215228"><ele>289.6</ele><time>2026-05-13T04:33:08Z</time></trkpt>
<trkpt lat="33.0505927" lon="35.2215404"><ele>289.7</ele><time>2026-05-13T04:33:09Z</time></trkpt>
<trkpt lat="33.0505846" lon="35.2215578"><ele>289.9</ele><time>2026-05-13T04:33:10Z</time></trkpt>
<trkpt lat="33.0505766" lon="35.2215773"><ele>290.1</ele><time>2026-05-13T04:33:11Z</time></trkpt>
<trkpt lat="33.0505692" lon="35.2216004"><ele>290.3</ele><time>2026-05-13T04:33:12Z</time></trkpt>
<trkpt lat="33.0505628" lon="35.2216254"><ele>290.5</ele><time>2026-05-13T04:33:13Z</time></trkpt>
<trkpt lat="33.0505582" lon="35.2216506"><ele>290.7</ele><time>2026-05-13T04:33:14Z</time></trkpt>
<trkpt lat="33.0505543" lon="35.2216759"><ele>290.8</ele><time>2026-05-13T04:33:15Z</time></trkpt>
<trkpt lat="33.0505491" lon="35.2217016"><ele>291.0</ele><time>2026-05-13T04:33:16Z</time></trkpt>
<trkpt lat="33.0505421" lon="35.2217276"><ele>291.2</ele><time>2026-05-13T04:33:17Z</time></trkpt>
<trkpt lat="33.0505342" lon="35.2217531"><ele>291.5</ele><time>2026-05-13T04:33:18Z</time></trkpt>
<trkpt lat="33.0505261" lon="35.2217781"><ele>291.7</ele><time>2026-05-13T04:33:19Z</time></trkpt>
<trkpt lat="33.0505185" lon="35.2218031"><ele>291.9</ele><time>2026-05-13T04:33:20Z</time></trkpt>
<trkpt lat="33.0505116" lon="35.2218288"><ele>292.1</ele><time>2026-05-13T04:33:21Z</time></trkpt>
<trkpt lat="33.0505055" lon="35.2218547"><ele>292.3</ele><time>2026-05-13T04:33:22Z</time></trkpt>
<trkpt lat="33.0504999" lon="35.22188"><ele>292.5</ele><time>2026-05-13T04:33:23Z</time></trkpt>
<trkpt lat="33.0504944" lon="35.2219054"><ele>292.7</ele><time>2026-05-13T04:33:24Z</time></trkpt>
<trkpt lat="33.0504883" lon="35.221931"><ele>292.9</ele><time>2026-05-13T04:33:25Z</time></trkpt>
<trkpt lat="33.0504822" lon="35.221955"><ele>293.1</ele><time>2026-05-13T04:33:26Z</time></trkpt>
<trkpt lat="33.0504761" lon="35.2219785"><ele>293.3</ele><time>2026-05-13T04:33:27Z</time></trkpt>
<trkpt lat="33.0504701" lon="35.2220026"><ele>293.5</ele><time>2026-05-13T04:33:28Z</time></trkpt>
<trkpt lat="33.0504643" lon="35.2220269"><ele>293.7</ele><time>2026-05-13T04:33:29Z</time></trkpt>
<trkpt lat="33.0504591" lon="35.2220525"><ele>294.0</ele><time>2026-05-13T04:33:30Z</time></trkpt>
<trkpt lat="33.0504549" lon="35.2220776"><ele>294.2</ele><time>2026-05-13T04:33:31Z</time></trkpt>
<trkpt lat="33.0504516" lon="35.2221034"><ele>294.4</ele><time>2026-05-13T04:33:32Z</time></trkpt>
<trkpt lat="33.0504488" lon="35.2221306"><ele>294.6</ele><time>2026-05-13T04:33:33Z</time></trkpt>
<trkpt lat="33.0504465" lon="35.2221586"><ele>294.8</ele><time>2026-05-13T04:33:34Z</time></trkpt>
<trkpt lat="33.0504446" lon="35.2221865"><ele>295.0</ele><time>2026-05-13T04:33:35Z</time></trkpt>
<trkpt lat="33.0504418" lon="35.2222137"><ele>295.2</ele><time>2026-05-13T04:33:36Z</time></trkpt>
<trkpt lat="33.0504384" lon="35.2222413"><ele>295.4</ele><time>2026-05-13T04:33:37Z</time></trkpt>
<trkpt lat="33.0504353" lon="35.2222712"><ele>295.6</ele><time>2026-05-13T04:33:38Z</time></trkpt>
<trkpt lat="33.0504338" lon="35.2223019"><ele>295.7</ele><time>2026-05-13T04:33:39Z</time></trkpt>
<trkpt lat="33.0504348" lon="35.2223313"><ele>295.9</ele><time>2026-05-13T04:33:40Z</time></trkpt>
<trkpt lat="33.0504376" lon="35.2223597"><ele>296.1</ele><time>2026-05-13T04:33:41Z</time></trkpt>
<trkpt lat="33.0504415" lon="35.2223881"><ele>296.2</ele><time>2026-05-13T04:33:42Z</time></trkpt>
<trkpt lat="33.0504461" lon="35.2224161"><ele>296.4</ele><time>2026-05-13T04:33:43Z</time></trkpt>
<trkpt lat="33.0504528" lon="35.2224459"><ele>296.5</ele><time>2026-05-13T04:33:44Z</time></trkpt>
<trkpt lat="33.0504608" lon="35.2224767"><ele>296.6</ele><time>2026-05-13T04:33:45Z</time></trkpt>
<trkpt lat="33.0504679" lon="35.2225059"><ele>296.7</ele><time>2026-05-13T04:33:46Z</time></trkpt>
<trkpt lat="33.0504738" lon="35.2225333"><ele>296.9</ele><time>2026-05-13T04:33:47Z</time></trkpt>
<trkpt lat="33.0504796" lon="35.2225603"><ele>297.0</ele><time>2026-05-13T04:33:48Z</time></trkpt>
<trkpt lat="33.0504864" lon="35.2225874"><ele>297.1</ele><time>2026-05-13T04:33:49Z</time></trkpt>
<trkpt lat="33.0504943" lon="35.2226134"><ele>297.2</ele><time>2026-05-13T04:33:50Z</time></trkpt>
<trkpt lat="33.0505025" lon="35.2226387"><ele>297.3</ele><time>2026-05-13T04:33:51Z</time></trkpt>
<trkpt lat="33.0505111" lon="35.2226646"><ele>297.5</ele><time>2026-05-13T04:33:52Z</time></trkpt>
<trkpt lat="33.0505207" lon="35.2226929"><ele>297.6</ele><time>2026-05-13T04:33:53Z</time></trkpt>
<trkpt lat="33.0505305" lon="35.2227222"><ele>297.7</ele><time>2026-05-13T04:33:54Z</time></trkpt>
<trkpt lat="33.0505385" lon="35.2227514"><ele>297.8</ele><time>2026-05-13T04:33:55Z</time></trkpt>
<trkpt lat="33.0505458" lon="35.2227799"><ele>298.0</ele><time>2026-05-13T04:33:56Z</time></trkpt>
<trkpt lat="33.0505545" lon="35.2228075"><ele>298.1</ele><time>2026-05-13T04:33:57Z</time></trkpt>
<trkpt lat="33.0505653" lon="35.2228361"><ele>298.3</ele><time>2026-05-13T04:33:58Z</time></trkpt>
<trkpt lat="33.0505777" lon="35.2228637"><ele>298.4</ele><time>2026-05-13T04:33:59Z</time></trkpt>
<trkpt lat="33.0505899" lon="35.2228903"><ele>298.6</ele><time>2026-05-13T04:34:00Z</time></trkpt>
<trkpt lat="33.0506008" lon="35.2229172"><ele>298.8</ele><time>2026-05-13T04:34:01Z</time></trkpt>
<trkpt lat="33.0506112" lon="35.2229441"><ele>298.9</ele><time>2026-05-13T04:34:02Z</time></trkpt>
<trkpt lat="33.0506218" lon="35.2229706"><ele>299.1</ele><time>2026-05-13T04:34:03Z</time></trkpt>
<trkpt lat="33.0506333" lon="35.2229969"><ele>299.3</ele><time>2026-05-13T04:34:04Z</time></trkpt>
<trkpt lat="33.0506463" lon="35.2230223"><ele>299.5</ele><time>2026-05-13T04:34:05Z</time></trkpt>
<trkpt lat="33.0506603" lon="35.2230458"><ele>299.7</ele><time>2026-05-13T04:34:06Z</time></trkpt>
<trkpt lat="33.0506751" lon="35.2230683"><ele>300.0</ele><time>2026-05-13T04:34:07Z</time></trkpt>
<trkpt lat="33.0506908" lon="35.22309"><ele>300.2</ele><time>2026-05-13T04:34:08Z</time></trkpt>
<trkpt lat="33.0507083" lon="35.2231087"><ele>300.4</ele><time>2026-05-13T04:34:09Z</time></trkpt>
<trkpt lat="33.050728" lon="35.2231227"><ele>300.6</ele><time>2026-05-13T04:34:10Z</time></trkpt>
<trkpt lat="33.0507481" lon="35.2231319"><ele>300.8</ele><time>2026-05-13T04:34:11Z</time></trkpt>
<trkpt lat="33.0507669" lon="35.2231378"><ele>301.0</ele><time>2026-05-13T04:34:12Z</time></trkpt>
<trkpt lat="33.0507846" lon="35.2231429"><ele>301.2</ele><time>2026-05-13T04:34:13Z</time></trkpt>
<trkpt lat="33.0508014" lon="35.2231492"><ele>301.4</ele><time>2026-05-13T04:34:14Z</time></trkpt>
<trkpt lat="33.0508173" lon="35.22316"><ele>301.6</ele><time>2026-05-13T04:34:15Z</time></trkpt>
<trkpt lat="33.0508304" lon="35.2231769"><ele>301.7</ele><time>2026-05-13T04:34:16Z</time></trkpt>
<trkpt lat="33.0508351" lon="35.2231987"><ele>301.9</ele><time>2026-05-13T04:34:17Z</time></trkpt>
<trkpt lat="33.0508293" lon="35.2232225"><ele>302.1</ele><time>2026-05-13T04:34:18Z</time></trkpt>
<trkpt lat="33.0508131" lon="35.2232395"><ele>302.2</ele><time>2026-05-13T04:34:19Z</time></trkpt>
<trkpt lat="33.0507896" lon="35.2232448"><ele>302.4</ele><time>2026-05-13T04:34:20Z</time></trkpt>
<trkpt lat="33.0507626" lon="35.223241"><ele>302.5</ele><time>2026-05-13T04:34:21Z</time></trkpt>
<trkpt lat="33.0507346" lon="35.2232311"><ele>302.6</ele><time>2026-05-13T04:34:22Z</time></trkpt>
<trkpt lat="33.050707" lon="35.2232176"><ele>302.7</ele><time>2026-05-13T04:34:23Z</time></trkpt>
<trkpt lat="33.05068" lon="35.2232014"><ele>302.7</ele><time>2026-05-13T04:34:24Z</time></trkpt>
<trkpt lat="33.0506522" lon="35.2231821"><ele>302.8</ele><time>2026-05-13T04:34:25Z</time></trkpt>
<trkpt lat="33.050624" lon="35.2231596"><ele>302.8</ele><time>2026-05-13T04:34:26Z</time></trkpt>
<trkpt lat="33.0505968" lon="35.2231356"><ele>302.8</ele><time>2026-05-13T04:34:27Z</time></trkpt>
<trkpt lat="33.0505709" lon="35.2231115"><ele>302.7</ele><time>2026-05-13T04:34:28Z</time></trkpt>
<trkpt lat="33.0505457" lon="35.2230868"><ele>302.7</ele><time>2026-05-13T04:34:29Z</time></trkpt>
<trkpt lat="33.0505203" lon="35.2230604"><ele>302.6</ele><time>2026-05-13T04:34:30Z</time></trkpt>
<trkpt lat="33.0504948" lon="35.2230327"><ele>302.6</ele><time>2026-05-13T04:34:31Z</time></trkpt>
<trkpt lat="33.0504694" lon="35.2230044"><ele>302.5</ele><time>2026-05-13T04:34:32Z</time></trkpt>
<trkpt lat="33.0504434" lon="35.2229742"><ele>302.4</ele><time>2026-05-13T04:34:33Z</time></trkpt>
<trkpt lat="33.0504167" lon="35.2229417"><ele>302.3</ele><time>2026-05-13T04:34:34Z</time></trkpt>
<trkpt lat="33.0503897" lon="35.2229083"><ele>302.3</ele><time>2026-05-13T04:34:35Z</time></trkpt>
<trkpt lat="33.0503631" lon="35.2228745"><ele>302.2</ele><time>2026-05-13T04:34:36Z</time></trkpt>
<trkpt lat="33.0503371" lon="35.2228407"><ele>302.1</ele><time>2026-05-13T04:34:37Z</time></trkpt>
<trkpt lat="33.050311" lon="35.2228065"><ele>302.1</ele><time>2026-05-13T04:34:38Z</time></trkpt>
<trkpt lat="33.0502848" lon="35.2227726"><ele>302.0</ele><time>2026-05-13T04:34:39Z</time></trkpt>
<trkpt lat="33.0502594" lon="35.2227412"><ele>302.0</ele><time>2026-05-13T04:34:40Z</time></trkpt>
<trkpt lat="33.0502353" lon="35.2227119"><ele>301.9</ele><time>2026-05-13T04:34:41Z</time></trkpt>
<trkpt lat="33.0502122" lon="35.2226833"><ele>301.9</ele><time>2026-05-13T04:34:42Z</time></trkpt>
<trkpt lat="33.0501891" lon="35.2226537"><ele>301.9</ele><time>2026-05-13T04:34:43Z</time></trkpt>
<trkpt lat="33.0501655" lon="35.2226223"><ele>302.0</ele><time>2026-05-13T04:34:44Z</time></trkpt>
<trkpt lat="33.0501421" lon="35.2225896"><ele>302.0</ele><time>2026-05-13T04:34:45Z</time></trkpt>
<trkpt lat="33.0501194" lon="35.2225563"><ele>302.1</ele><time>2026-05-13T04:34:46Z</time></trkpt>
<trkpt lat="33.0500978" lon="35.2225228"><ele>302.1</ele><time>2026-05-13T04:34:47Z</time></trkpt>
<trkpt lat="33.0500764" lon="35.2224889"><ele>302.2</ele><time>2026-05-13T04:34:48Z</time></trkpt>
<trkpt lat="33.0500552" lon="35.222454"><ele>302.3</ele><time>2026-05-13T04:34:49Z</time></trkpt>
<trkpt lat="33.0500344" lon="35.2224192"><ele>302.4</ele><time>2026-05-13T04:34:50Z</time></trkpt>
<trkpt lat="33.0500141" lon="35.2223859"><ele>302.5</ele><time>2026-05-13T04:34:51Z</time></trkpt>
<trkpt lat="33.0499949" lon="35.2223529"><ele>302.6</ele><time>2026-05-13T04:34:52Z</time></trkpt>
<trkpt lat="33.0499778" lon="35.2223182"><ele>302.6</ele><time>2026-05-13T04:34:53Z</time></trkpt>
<trkpt lat="33.0499632" lon="35.2222827"><ele>302.7</ele><time>2026-05-13T04:34:54Z</time></trkpt>
<trkpt lat="33.0499498" lon="35.2222464"><ele>302.8</ele><time>2026-05-13T04:34:55Z</time></trkpt>
<trkpt lat="33.0499359" lon="35.2222089"><ele>302.9</ele><time>2026-05-13T04:34:56Z</time></trkpt>
<trkpt lat="33.0499211" lon="35.2221726"><ele>302.9</ele><time>2026-05-13T04:34:57Z</time></trkpt>
<trkpt lat="33.0499052" lon="35.2221376"><ele>303.0</ele><time>2026-05-13T04:34:58Z</time></trkpt>
<trkpt lat="33.0498889" lon="35.2221026"><ele>303.0</ele><time>2026-05-13T04:34:59Z</time></trkpt>
<trkpt lat="33.0498736" lon="35.2220664"><ele>303.0</ele><time>2026-05-13T04:35:00Z</time></trkpt>
<trkpt lat="33.0498586" lon="35.2220279"><ele>303.0</ele><time>2026-05-13T04:35:01Z</time></trkpt>
<trkpt lat="33.049843" lon="35.2219876"><ele>302.9</ele><time>2026-05-13T04:35:02Z</time></trkpt>
<trkpt lat="33.0498276" lon="35.2219461"><ele>302.9</ele><time>2026-05-13T04:35:03Z</time></trkpt>
<trkpt lat="33.049813" lon="35.2219051"><ele>302.8</ele><time>2026-05-13T04:35:04Z</time></trkpt>
<trkpt lat="33.0497993" lon="35.2218652"><ele>302.7</ele><time>2026-05-13T04:35:05Z</time></trkpt>
<trkpt lat="33.0497871" lon="35.2218238"><ele>302.6</ele><time>2026-05-13T04:35:06Z</time></trkpt>
<trkpt lat="33.0497762" lon="35.2217778"><ele>302.5</ele><time>2026-05-13T04:35:07Z</time></trkpt>
<trkpt lat="33.0497639" lon="35.2217257"><ele>302.4</ele><time>2026-05-13T04:35:08Z</time></trkpt>
<trkpt lat="33.0497487" lon="35.2216689"><ele>302.3</ele><time>2026-05-13T04:35:09Z</time></trkpt>
<trkpt lat="33.0497301" lon="35.2216106"><ele>302.2</ele><time>2026-05-13T04:35:10Z</time></trkpt>
<trkpt lat="33.0497078" lon="35.221553"><ele>302.0</ele><time>2026-05-13T04:35:11Z</time></trkpt>
<trkpt lat="33.049682" lon="35.2214969"><ele>301.9</ele><time>2026-05-13T04:35:12Z</time></trkpt>
<trkpt lat="33.0496526" lon="35.221443"><ele>301.8</ele><time>2026-05-13T04:35:13Z</time></trkpt>
<trkpt lat="33.04962" lon="35.221393"><ele>301.7</ele><time>2026-05-13T04:35:14Z</time></trkpt>
<trkpt lat="33.0495851" lon="35.2213481"><ele>301.6</ele><time>2026-05-13T04:35:15Z</time></trkpt>
<trkpt lat="33.0495487" lon="35.2213085"><ele>301.5</ele><time>2026-05-13T04:35:16Z</time></trkpt>
<trkpt lat="33.0495123" lon="35.2212746"><ele>301.4</ele><time>2026-05-13T04:35:17Z</time></trkpt>
<trkpt lat="33.0494757" lon="35.2212465"><ele>301.4</ele><time>2026-05-13T04:35:18Z</time></trkpt>
<trkpt lat="33.0494376" lon="35.221224"><ele>301.4</ele><time>2026-05-13T04:35:19Z</time></trkpt>
<trkpt lat="33.0493981" lon="35.2212064"><ele>301.4</ele><time>2026-05-13T04:35:20Z</time></trkpt>
<trkpt lat="33.0493574" lon="35.2211926"><ele>301.4</ele><time>2026-05-13T04:35:21Z</time></trkpt>
<trkpt lat="33.0493169" lon="35.2211813"><ele>301.5</ele><time>2026-05-13T04:35:22Z</time></trkpt>
<trkpt lat="33.0492772" lon="35.2211722"><ele>301.6</ele><time>2026-05-13T04:35:23Z</time></trkpt>
<trkpt lat="33.0492378" lon="35.2211654"><ele>301.7</ele><time>2026-05-13T04:35:24Z</time></trkpt>
<trkpt lat="33.0491991" lon="35.2211606"><ele>301.8</ele><time>2026-05-13T04:35:25Z</time></trkpt>
<trkpt lat="33.0491614" lon="35.2211576"><ele>302.0</ele><time>2026-05-13T04:35:26Z</time></trkpt>
<trkpt lat="33.0491245" lon="35.2211557"><ele>302.1</ele><time>2026-05-13T04:35:27Z</time></trkpt>
<trkpt lat="33.0490875" lon="35.2211542"><ele>302.3</ele><time>2026-05-13T04:35:28Z</time></trkpt>
<trkpt lat="33.0490505" lon="35.2211537"><ele>302.4</ele><time>2026-05-13T04:35:29Z</time></trkpt>
<trkpt lat="33.0490137" lon="35.2211531"><ele>302.6</ele><time>2026-05-13T04:35:30Z</time></trkpt>
<trkpt lat="33.0489783" lon="35.2211513"><ele>302.8</ele><time>2026-05-13T04:35:31Z</time></trkpt>
<trkpt lat="33.0489437" lon="35.2211489"><ele>303.0</ele><time>2026-05-13T04:35:32Z</time></trkpt>
<trkpt lat="33.0489084" lon="35.2211467"><ele>303.2</ele><time>2026-05-13T04:35:33Z</time></trkpt>
<trkpt lat="33.0488728" lon="35.2211453"><ele>303.3</ele><time>2026-05-13T04:35:34Z</time></trkpt>
<trkpt lat="33.0488372" lon="35.2211432"><ele>303.5</ele><time>2026-05-13T04:35:35Z</time></trkpt>
<trkpt lat="33.0488006" lon="35.2211381"><ele>303.6</ele><time>2026-05-13T04:35:36Z</time></trkpt>
<trkpt lat="33.0487637" lon="35.2211293"><ele>303.8</ele><time>2026-05-13T04:35:37Z</time></trkpt>
<trkpt lat="33.0487286" lon="35.221119"><ele>303.9</ele><time>2026-05-13T04:35:38Z</time></trkpt>
<trkpt lat="33.048694" lon="35.2211099"><ele>304.0</ele><time>2026-05-13T04:35:39Z</time></trkpt>
<trkpt lat="33.0486584" lon="35.2211029"><ele>304.1</ele><time>2026-05-13T04:35:40Z</time></trkpt>
<trkpt lat="33.048622" lon="35.2210971"><ele>304.1</ele><time>2026-05-13T04:35:41Z</time></trkpt>
<trkpt lat="33.048586" lon="35.2210898"><ele>304.2</ele><time>2026-05-13T04:35:42Z</time></trkpt>
<trkpt lat="33.048552" lon="35.2210797"><ele>304.3</ele><time>2026-05-13T04:35:43Z</time></trkpt>
<trkpt lat="33.0485204" lon="35.221067"><ele>304.3</ele><time>2026-05-13T04:35:44Z</time></trkpt>
<trkpt lat="33.0484893" lon="35.2210514"><ele>304.3</ele><time>2026-05-13T04:35:45Z</time></trkpt>
<trkpt lat="33.0484572" lon="35.2210349"><ele>304.3</ele><time>2026-05-13T04:35:46Z</time></trkpt>
<trkpt lat="33.0484253" lon="35.2210193"><ele>304.4</ele><time>2026-05-13T04:35:47Z</time></trkpt>
<trkpt lat="33.0483952" lon="35.2210035"><ele>304.4</ele><time>2026-05-13T04:35:48Z</time></trkpt>
<trkpt lat="33.0483654" lon="35.220985"><ele>304.4</ele><time>2026-05-13T04:35:49Z</time></trkpt>
<trkpt lat="33.0483341" lon="35.2209631"><ele>304.4</ele><time>2026-05-13T04:35:50Z</time></trkpt>
<trkpt lat="33.0483014" lon="35.220939"><ele>304.3</ele><time>2026-05-13T04:35:51Z</time></trkpt>
<trkpt lat="33.0482673" lon="35.2209136"><ele>304.3</ele><time>2026-05-13T04:35:52Z</time></trkpt>
<trkpt lat="33.0482309" lon="35.2208885"><ele>304.3</ele><time>2026-05-13T04:35:53Z</time></trkpt>
<trkpt lat="33.0481936" lon="35.2208684"><ele>304.3</ele><time>2026-05-13T04:35:54Z</time></trkpt>
<trkpt lat="33.048159" lon="35.2208562"><ele>304.3</ele><time>2026-05-13T04:35:55Z</time></trkpt>
<trkpt lat="33.0481283" lon="35.2208508"><ele>304.3</ele><time>2026-05-13T04:35:56Z</time></trkpt>
<trkpt lat="33.0480995" lon="35.2208506"><ele>304.3</ele><time>2026-05-13T04:35:57Z</time></trkpt>
<trkpt lat="33.0480707" lon="35.2208531"><ele>304.4</ele><time>2026-05-13T04:35:58Z</time></trkpt>
<trkpt lat="33.0480416" lon="35.2208564"><ele>304.5</ele><time>2026-05-13T04:35:59Z</time></trkpt>
<trkpt lat="33.048011" lon="35.2208601"><ele>304.6</ele><time>2026-05-13T04:36:00Z</time></trkpt>
<trkpt lat="33.0479794" lon="35.2208658"><ele>304.7</ele><time>2026-05-13T04:36:01Z</time></trkpt>
<trkpt lat="33.0479511" lon="35.2208743"><ele>304.8</ele><time>2026-05-13T04:36:02Z</time></trkpt>
<trkpt lat="33.0479272" lon="35.2208845"><ele>304.9</ele><time>2026-05-13T04:36:03Z</time></trkpt>
<trkpt lat="33.0479062" lon="35.2208967"><ele>305.1</ele><time>2026-05-13T04:36:04Z</time></trkpt>
<trkpt lat="33.047888" lon="35.2209115"><ele>305.2</ele><time>2026-05-13T04:36:05Z</time></trkpt>
<trkpt lat="33.0478722" lon="35.2209284"><ele>305.4</ele><time>2026-05-13T04:36:06Z</time></trkpt>
<trkpt lat="33.0478584" lon="35.2209471"><ele>305.6</ele><time>2026-05-13T04:36:07Z</time></trkpt>
<trkpt lat="33.0478464" lon="35.2209683"><ele>305.8</ele><time>2026-05-13T04:36:08Z</time></trkpt>
<trkpt lat="33.0478357" lon="35.2209926"><ele>305.9</ele><time>2026-05-13T04:36:09Z</time></trkpt>
<trkpt lat="33.0478272" lon="35.2210197"><ele>306.1</ele><time>2026-05-13T04:36:10Z</time></trkpt>
<trkpt lat="33.0478223" lon="35.221048"><ele>306.3</ele><time>2026-05-13T04:36:11Z</time></trkpt>
<trkpt lat="33.0478216" lon="35.2210764"><ele>306.5</ele><time>2026-05-13T04:36:12Z</time></trkpt>
<trkpt lat="33.0478243" lon="35.2211049"><ele>306.6</ele><time>2026-05-13T04:36:13Z</time></trkpt>
<trkpt lat="33.0478293" lon="35.2211326"><ele>306.8</ele><time>2026-05-13T04:36:14Z</time></trkpt>
<trkpt lat="33.0478359" lon="35.221161"><ele>307.0</ele><time>2026-05-13T04:36:15Z</time></trkpt>
<trkpt lat="33.0478439" lon="35.2211913"><ele>307.1</ele><time>2026-05-13T04:36:16Z</time></trkpt>
<trkpt lat="33.0478536" lon="35.2212226"><ele>307.3</ele><time>2026-05-13T04:36:17Z</time></trkpt>
<trkpt lat="33.0478656" lon="35.2212537"><ele>307.4</ele><time>2026-05-13T04:36:18Z</time></trkpt>
<trkpt lat="33.0478804" lon="35.2212827"><ele>307.5</ele><time>2026-05-13T04:36:19Z</time></trkpt>
<trkpt lat="33.0478994" lon="35.2213091"><ele>307.6</ele><time>2026-05-13T04:36:20Z</time></trkpt>
<trkpt lat="33.0479222" lon="35.2213341"><ele>307.7</ele><time>2026-05-13T04:36:21Z</time></trkpt>
<trkpt lat="33.0479471" lon="35.2213589"><ele>307.8</ele><time>2026-05-13T04:36:22Z</time></trkpt>
<trkpt lat="33.047973" lon="35.2213838"><ele>307.8</ele><time>2026-05-13T04:36:23Z</time></trkpt>
<trkpt lat="33.0479993" lon="35.221409"><ele>307.9</ele><time>2026-05-13T04:36:24Z</time></trkpt>
<trkpt lat="33.0480269" lon="35.2214338"><ele>307.9</ele><time>2026-05-13T04:36:25Z</time></trkpt>
<trkpt lat="33.0480559" lon="35.2214588"><ele>307.9</ele><time>2026-05-13T04:36:26Z</time></trkpt>
<trkpt lat="33.0480838" lon="35.2214857"><ele>307.9</ele><time>2026-05-13T04:36:27Z</time></trkpt>
<trkpt lat="33.04811" lon="35.2215148"><ele>307.9</ele><time>2026-05-13T04:36:28Z</time></trkpt>
<trkpt lat="33.0481352" lon="35.2215455"><ele>307.9</ele><time>2026-05-13T04:36:29Z</time></trkpt>
<trkpt lat="33.0481592" lon="35.2215768"><ele>307.9</ele><time>2026-05-13T04:36:30Z</time></trkpt>
<trkpt lat="33.0481819" lon="35.2216078"><ele>307.9</ele><time>2026-05-13T04:36:31Z</time></trkpt>
<trkpt lat="33.0482047" lon="35.2216384"><ele>307.9</ele><time>2026-05-13T04:36:32Z</time></trkpt>
<trkpt lat="33.0482279" lon="35.2216686"><ele>307.9</ele><time>2026-05-13T04:36:33Z</time></trkpt>
<trkpt lat="33.0482517" lon="35.2217"><ele>307.9</ele><time>2026-05-13T04:36:34Z</time></trkpt>
<trkpt lat="33.0482759" lon="35.2217329"><ele>307.9</ele><time>2026-05-13T04:36:35Z</time></trkpt>
<trkpt lat="33.0482999" lon="35.2217665"><ele>307.9</ele><time>2026-05-13T04:36:36Z</time></trkpt>
<trkpt lat="33.0483224" lon="35.221801"><ele>307.9</ele><time>2026-05-13T04:36:37Z</time></trkpt>
<trkpt lat="33.0483432" lon="35.2218365"><ele>308.0</ele><time>2026-05-13T04:36:38Z</time></trkpt>
<trkpt lat="33.0483631" lon="35.2218724"><ele>308.0</ele><time>2026-05-13T04:36:39Z</time></trkpt>
<trkpt lat="33.0483828" lon="35.2219085"><ele>308.1</ele><time>2026-05-13T04:36:40Z</time></trkpt>
<trkpt lat="33.0484028" lon="35.2219454"><ele>308.1</ele><time>2026-05-13T04:36:41Z</time></trkpt>
<trkpt lat="33.0484231" lon="35.2219834"><ele>308.2</ele><time>2026-05-13T04:36:42Z</time></trkpt>
<trkpt lat="33.048444" lon="35.2220218"><ele>308.3</ele><time>2026-05-13T04:36:43Z</time></trkpt>
<trkpt lat="33.0484649" lon="35.2220605"><ele>308.3</ele><time>2026-05-13T04:36:44Z</time></trkpt>
<trkpt lat="33.0484839" lon="35.222099"><ele>308.4</ele><time>2026-05-13T04:36:45Z</time></trkpt>
<trkpt lat="33.0485016" lon="35.2221373"><ele>308.5</ele><time>2026-05-13T04:36:46Z</time></trkpt>
<trkpt lat="33.0485193" lon="35.222175"><ele>308.6</ele><time>2026-05-13T04:36:47Z</time></trkpt>
<trkpt lat="33.0485376" lon="35.2222122"><ele>308.6</ele><time>2026-05-13T04:36:48Z</time></trkpt>
<trkpt lat="33.0485564" lon="35.2222496"><ele>308.7</ele><time>2026-05-13T04:36:49Z</time></trkpt>
<trkpt lat="33.0485748" lon="35.2222874"><ele>308.8</ele><time>2026-05-13T04:36:50Z</time></trkpt>
<trkpt lat="33.0485916" lon="35.2223262"><ele>308.8</ele><time>2026-05-13T04:36:51Z</time></trkpt>
<trkpt lat="33.0486071" lon="35.2223658"><ele>308.9</ele><time>2026-05-13T04:36:52Z</time></trkpt>
<trkpt lat="33.0486221" lon="35.222405"><ele>309.0</ele><time>2026-05-13T04:36:53Z</time></trkpt>
<trkpt lat="33.0486379" lon="35.2224443"><ele>309.0</ele><time>2026-05-13T04:36:54Z</time></trkpt>
<trkpt lat="33.0486552" lon="35.2224841"><ele>309.1</ele><time>2026-05-13T04:36:55Z</time></trkpt>
<trkpt lat="33.0486736" lon="35.2225236"><ele>309.1</ele><time>2026-05-13T04:36:56Z</time></trkpt>
<trkpt lat="33.0486924" lon="35.222563"><ele>309.2</ele><time>2026-05-13T04:36:57Z</time></trkpt>
<trkpt lat="33.048712" lon="35.2226025"><ele>309.3</ele><time>2026-05-13T04:36:58Z</time></trkpt>
<trkpt lat="33.048733" lon="35.2226411"><ele>309.3</ele><time>2026-05-13T04:36:59Z</time></trkpt>
<trkpt lat="33.0487556" lon="35.2226787"><ele>309.4</ele><time>2026-05-13T04:37:00Z</time></trkpt>
<trkpt lat="33.0487777" lon="35.2227165"><ele>309.4</ele><time>2026-05-13T04:37:01Z</time></trkpt>
<trkpt lat="33.0487974" lon="35.2227561"><ele>309.5</ele><time>2026-05-13T04:37:02Z</time></trkpt>
<trkpt lat="33.0488153" lon="35.2227974"><ele>309.5</ele><time>2026-05-13T04:37:03Z</time></trkpt>
<trkpt lat="33.0488327" lon="35.2228392"><ele>309.6</ele><time>2026-05-13T04:37:04Z</time></trkpt>
<trkpt lat="33.048851" lon="35.2228805"><ele>309.6</ele><time>2026-05-13T04:37:05Z</time></trkpt>
<trkpt lat="33.048869" lon="35.222921"><ele>309.7</ele><time>2026-05-13T04:37:06Z</time></trkpt>
<trkpt lat="33.048886" lon="35.2229609"><ele>309.7</ele><time>2026-05-13T04:37:07Z</time></trkpt>
<trkpt lat="33.0489031" lon="35.2230007"><ele>309.8</ele><time>2026-05-13T04:37:08Z</time></trkpt>
<trkpt lat="33.0489204" lon="35.2230401"><ele>309.9</ele><time>2026-05-13T04:37:09Z</time></trkpt>
<trkpt lat="33.0489379" lon="35.2230811"><ele>309.9</ele><time>2026-05-13T04:37:10Z</time></trkpt>
<trkpt lat="33.0489557" lon="35.2231244"><ele>310.0</ele><time>2026-05-13T04:37:11Z</time></trkpt>
<trkpt lat="33.0489728" lon="35.2231664"><ele>310.1</ele><time>2026-05-13T04:37:12Z</time></trkpt>
<trkpt lat="33.0489893" lon="35.223206"><ele>310.2</ele><time>2026-05-13T04:37:13Z</time></trkpt>
<trkpt lat="33.0490049" lon="35.2232447"><ele>310.2</ele><time>2026-05-13T04:37:14Z</time></trkpt>
<trkpt lat="33.0490194" lon="35.2232832"><ele>310.3</ele><time>2026-05-13T04:37:15Z</time></trkpt>
<trkpt lat="33.049033" lon="35.2233228"><ele>310.4</ele><time>2026-05-13T04:37:16Z</time></trkpt>
<trkpt lat="33.0490464" lon="35.2233633"><ele>310.5</ele><time>2026-05-13T04:37:17Z</time></trkpt>
<trkpt lat="33.0490592" lon="35.2234041"><ele>310.7</ele><time>2026-05-13T04:37:18Z</time></trkpt>
<trkpt lat="33.0490713" lon="35.2234451"><ele>310.8</ele><time>2026-05-13T04:37:19Z</time></trkpt>
<trkpt lat="33.0490836" lon="35.2234849"><ele>310.9</ele><time>2026-05-13T04:37:20Z</time></trkpt>
<trkpt lat="33.0490964" lon="35.2235248"><ele>311.1</ele><time>2026-05-13T04:37:21Z</time></trkpt>
<trkpt lat="33.0491087" lon="35.2235653"><ele>311.2</ele><time>2026-05-13T04:37:22Z</time></trkpt>
<trkpt lat="33.0491194" lon="35.2236052"><ele>311.4</ele><time>2026-05-13T04:37:23Z</time></trkpt>
<trkpt lat="33.0491291" lon="35.2236441"><ele>311.5</ele><time>2026-05-13T04:37:24Z</time></trkpt>
<trkpt lat="33.0491386" lon="35.2236822"><ele>311.7</ele><time>2026-05-13T04:37:25Z</time></trkpt>
<trkpt lat="33.0491484" lon="35.2237195"><ele>311.8</ele><time>2026-05-13T04:37:26Z</time></trkpt>
<trkpt lat="33.0491582" lon="35.2237568"><ele>312.0</ele><time>2026-05-13T04:37:27Z</time></trkpt>
<trkpt lat="33.0491683" lon="35.2237948"><ele>312.2</ele><time>2026-05-13T04:37:28Z</time></trkpt>
<trkpt lat="33.0491785" lon="35.2238331"><ele>312.4</ele><time>2026-05-13T04:37:29Z</time></trkpt>
<trkpt lat="33.0491884" lon="35.223871"><ele>312.6</ele><time>2026-05-13T04:37:30Z</time></trkpt>
<trkpt lat="33.0491977" lon="35.2239087"><ele>312.7</ele><time>2026-05-13T04:37:31Z</time></trkpt>
<trkpt lat="33.0492061" lon="35.2239465"><ele>312.9</ele><time>2026-05-13T04:37:32Z</time></trkpt>
<trkpt lat="33.0492139" lon="35.2239842"><ele>313.1</ele><time>2026-05-13T04:37:33Z</time></trkpt>
<trkpt lat="33.0492225" lon="35.2240213"><ele>313.2</ele><time>2026-05-13T04:37:34Z</time></trkpt>
<trkpt lat="33.0492326" lon="35.2240575"><ele>313.4</ele><time>2026-05-13T04:37:35Z</time></trkpt>
<trkpt lat="33.049243" lon="35.2240917"><ele>313.6</ele><time>2026-05-13T04:37:36Z</time></trkpt>
<trkpt lat="33.049252" lon="35.2241239"><ele>313.7</ele><time>2026-05-13T04:37:37Z</time></trkpt>
<trkpt lat="33.0492589" lon="35.2241544"><ele>313.9</ele><time>2026-05-13T04:37:38Z</time></trkpt>
<trkpt lat="33.0492641" lon="35.2241831"><ele>314.1</ele><time>2026-05-13T04:37:39Z</time></trkpt>
<trkpt lat="33.0492683" lon="35.2242085"><ele>314.2</ele><time>2026-05-13T04:37:40Z</time></trkpt>
<trkpt lat="33.0492727" lon="35.2242339"><ele>314.4</ele><time>2026-05-13T04:37:41Z</time></trkpt>
<trkpt lat="33.0492788" lon="35.2242624"><ele>314.6</ele><time>2026-05-13T04:37:42Z</time></trkpt>
<trkpt lat="33.0492864" lon="35.2242928"><ele>314.8</ele><time>2026-05-13T04:37:43Z</time></trkpt>
<trkpt lat="33.0492952" lon="35.2243246"><ele>315.0</ele><time>2026-05-13T04:37:44Z</time></trkpt>
<trkpt lat="33.0493043" lon="35.2243574"><ele>315.2</ele><time>2026-05-13T04:37:45Z</time></trkpt>
<trkpt lat="33.0493133" lon="35.2243905"><ele>315.4</ele><time>2026-05-13T04:37:46Z</time></trkpt>
<trkpt lat="33.049322" lon="35.2244237"><ele>315.6</ele><time>2026-05-13T04:37:47Z</time></trkpt>
<trkpt lat="33.0493298" lon="35.2244563"><ele>315.9</ele><time>2026-05-13T04:37:48Z</time></trkpt>
<trkpt lat="33.0493371" lon="35.2244876"><ele>316.1</ele><time>2026-05-13T04:37:49Z</time></trkpt>
<trkpt lat="33.0493443" lon="35.2245173"><ele>316.3</ele><time>2026-05-13T04:37:50Z</time></trkpt>
<trkpt lat="33.0493515" lon="35.2245466"><ele>316.6</ele><time>2026-05-13T04:37:51Z</time></trkpt>
<trkpt lat="33.0493586" lon="35.2245765"><ele>316.9</ele><time>2026-05-13T04:37:52Z</time></trkpt>
<trkpt lat="33.0493663" lon="35.2246057"><ele>317.1</ele><time>2026-05-13T04:37:53Z</time></trkpt>
<trkpt lat="33.0493751" lon="35.2246345"><ele>317.4</ele><time>2026-05-13T04:37:54Z</time></trkpt>
<trkpt lat="33.0493838" lon="35.2246632"><ele>317.7</ele><time>2026-05-13T04:37:55Z</time></trkpt>
<trkpt lat="33.0493911" lon="35.2246909"><ele>318.0</ele><time>2026-05-13T04:37:56Z</time></trkpt>
<trkpt lat="33.0493967" lon="35.224718"><ele>318.2</ele><time>2026-05-13T04:37:57Z</time></trkpt>
<trkpt lat="33.0494008" lon="35.2247457"><ele>318.5</ele><time>2026-05-13T04:37:58Z</time></trkpt>
<trkpt lat="33.0494039" lon="35.224774"><ele>318.8</ele><time>2026-05-13T04:37:59Z</time></trkpt>
<trkpt lat="33.0494069" lon="35.2248034"><ele>319.0</ele><time>2026-05-13T04:38:00Z</time></trkpt>
<trkpt lat="33.0494098" lon="35.2248342"><ele>319.3</ele><time>2026-05-13T04:38:01Z</time></trkpt>
<trkpt lat="33.0494109" lon="35.2248643"><ele>319.5</ele><time>2026-05-13T04:38:02Z</time></trkpt>
<trkpt lat="33.0494092" lon="35.2248934"><ele>319.8</ele><time>2026-05-13T04:38:03Z</time></trkpt>
<trkpt lat="33.0494056" lon="35.2249221"><ele>320.0</ele><time>2026-05-13T04:38:04Z</time></trkpt>
<trkpt lat="33.0494014" lon="35.2249514"><ele>320.2</ele><time>2026-05-13T04:38:05Z</time></trkpt>
<trkpt lat="33.0493974" lon="35.2249822"><ele>320.5</ele><time>2026-05-13T04:38:06Z</time></trkpt>
<trkpt lat="33.0493932" lon="35.2250131"><ele>320.7</ele><time>2026-05-13T04:38:07Z</time></trkpt>
<trkpt lat="33.0493884" lon="35.2250433"><ele>320.9</ele><time>2026-05-13T04:38:08Z</time></trkpt>
<trkpt lat="33.0493836" lon="35.2250738"><ele>321.1</ele><time>2026-05-13T04:38:09Z</time></trkpt>
<trkpt lat="33.0493792" lon="35.2251053"><ele>321.4</ele><time>2026-05-13T04:38:10Z</time></trkpt>
<trkpt lat="33.0493752" lon="35.2251357"><ele>321.6</ele><time>2026-05-13T04:38:11Z</time></trkpt>
<trkpt lat="33.0493714" lon="35.2251644"><ele>321.8</ele><time>2026-05-13T04:38:12Z</time></trkpt>
<trkpt lat="33.049368" lon="35.2251933"><ele>322.0</ele><time>2026-05-13T04:38:13Z</time></trkpt>
<trkpt lat="33.0493656" lon="35.2252222"><ele>322.1</ele><time>2026-05-13T04:38:14Z</time></trkpt>
<trkpt lat="33.0493646" lon="35.2252514"><ele>322.3</ele><time>2026-05-13T04:38:15Z</time></trkpt>
<trkpt lat="33.0493638" lon="35.2252806"><ele>322.5</ele><time>2026-05-13T04:38:16Z</time></trkpt>
<trkpt lat="33.0493613" lon="35.2253092"><ele>322.7</ele><time>2026-05-13T04:38:17Z</time></trkpt>
<trkpt lat="33.0493573" lon="35.225338"><ele>322.9</ele><time>2026-05-13T04:38:18Z</time></trkpt>
<trkpt lat="33.0493537" lon="35.2253669"><ele>323.0</ele><time>2026-05-13T04:38:19Z</time></trkpt>
<trkpt lat="33.0493514" lon="35.2253947"><ele>323.2</ele><time>2026-05-13T04:38:20Z</time></trkpt>
<trkpt lat="33.0493495" lon="35.225423"><ele>323.4</ele><time>2026-05-13T04:38:21Z</time></trkpt>
<trkpt lat="33.0493476" lon="35.225453"><ele>323.6</ele><time>2026-05-13T04:38:22Z</time></trkpt>
<trkpt lat="33.0493459" lon="35.2254835"><ele>323.8</ele><time>2026-05-13T04:38:23Z</time></trkpt>
<trkpt lat="33.0493443" lon="35.2255137"><ele>323.9</ele><time>2026-05-13T04:38:24Z</time></trkpt>
<trkpt lat="33.049343" lon="35.2255411"><ele>324.1</ele><time>2026-05-13T04:38:25Z</time></trkpt>
<trkpt lat="33.049342" lon="35.2255652"><ele>324.3</ele><time>2026-05-13T04:38:26Z</time></trkpt>
<trkpt lat="33.0493407" lon="35.22559"><ele>324.5</ele><time>2026-05-13T04:38:27Z</time></trkpt>
<trkpt lat="33.0493397" lon="35.2256171"><ele>324.7</ele><time>2026-05-13T04:38:28Z</time></trkpt>
<trkpt lat="33.0493388" lon="35.2256459"><ele>324.9</ele><time>2026-05-13T04:38:29Z</time></trkpt>
<trkpt lat="33.0493378" lon="35.2256748"><ele>325.1</ele><time>2026-05-13T04:38:30Z</time></trkpt>
<trkpt lat="33.0493371" lon="35.2257029"><ele>325.4</ele><time>2026-05-13T04:38:31Z</time></trkpt>
<trkpt lat="33.0493372" lon="35.2257305"><ele>325.6</ele><time>2026-05-13T04:38:32Z</time></trkpt>
<trkpt lat="33.0493369" lon="35.225758"><ele>325.8</ele><time>2026-05-13T04:38:33Z</time></trkpt>
<trkpt lat="33.0493359" lon="35.2257852"><ele>326.0</ele><time>2026-05-13T04:38:34Z</time></trkpt>
<trkpt lat="33.0493345" lon="35.2258123"><ele>326.3</ele><time>2026-05-13T04:38:35Z</time></trkpt>
<trkpt lat="33.0493331" lon="35.2258403"><ele>326.5</ele><time>2026-05-13T04:38:36Z</time></trkpt>
<trkpt lat="33.049332" lon="35.2258703"><ele>326.7</ele><time>2026-05-13T04:38:37Z</time></trkpt>
<trkpt lat="33.049331" lon="35.2259"><ele>326.9</ele><time>2026-05-13T04:38:38Z</time></trkpt>
<trkpt lat="33.0493305" lon="35.2259283"><ele>327.2</ele><time>2026-05-13T04:38:39Z</time></trkpt>
<trkpt lat="33.0493305" lon="35.2259564"><ele>327.4</ele><time>2026-05-13T04:38:40Z</time></trkpt>
<trkpt lat="33.0493309" lon="35.2259832"><ele>327.6</ele><time>2026-05-13T04:38:41Z</time></trkpt>
<trkpt lat="33.0493318" lon="35.2260088"><ele>327.8</ele><time>2026-05-13T04:38:42Z</time></trkpt>
<trkpt lat="33.049333" lon="35.2260344"><ele>328.0</ele><time>2026-05-13T04:38:43Z</time></trkpt>
<trkpt lat="33.0493345" lon="35.2260608"><ele>328.2</ele><time>2026-05-13T04:38:44Z</time></trkpt>
<trkpt lat="33.0493361" lon="35.2260876"><ele>328.4</ele><time>2026-05-13T04:38:45Z</time></trkpt>
<trkpt lat="33.0493376" lon="35.226114"><ele>328.7</ele><time>2026-05-13T04:38:46Z</time></trkpt>
<trkpt lat="33.0493394" lon="35.2261408"><ele>328.9</ele><time>2026-05-13T04:38:47Z</time></trkpt>
<trkpt lat="33.0493415" lon="35.2261689"><ele>329.1</ele><time>2026-05-13T04:38:48Z</time></trkpt>
<trkpt lat="33.049343" lon="35.2261981"><ele>329.4</ele><time>2026-05-13T04:38:49Z</time></trkpt>
<trkpt lat="33.0493486" lon="35.2262842"><ele>330.2</ele><time>2026-05-13T04:38:52Z</time></trkpt>
<trkpt lat="33.0493518" lon="35.2263151"><ele>330.5</ele><time>2026-05-13T04:38:53Z</time></trkpt>
<trkpt lat="33.0493557" lon="35.2263434"><ele>330.7</ele><time>2026-05-13T04:38:54Z</time></trkpt>
<trkpt lat="33.0493606" lon="35.2263707"><ele>330.9</ele><time>2026-05-13T04:38:55Z</time></trkpt>
<trkpt lat="33.0493659" lon="35.2263974"><ele>331.0</ele><time>2026-05-13T04:38:56Z</time></trkpt>
<trkpt lat="33.0493745" lon="35.2264529"><ele>331.4</ele><time>2026-05-13T04:38:57Z</time></trkpt>
<trkpt lat="33.0493789" lon="35.2264801"><ele>331.5</ele><time>2026-05-13T04:38:58Z</time></trkpt>
<trkpt lat="33.0493838" lon="35.2265059"><ele>331.7</ele><time>2026-05-13T04:38:59Z</time></trkpt>
<trkpt lat="33.0493886" lon="35.2265309"><ele>331.9</ele><time>2026-05-13T04:39:00Z</time></trkpt>
<trkpt lat="33.0493932" lon="35.2265558"><ele>332.1</ele><time>2026-05-13T04:39:01Z</time></trkpt>
<trkpt lat="33.0493975" lon="35.2265814"><ele>332.3</ele><time>2026-05-13T04:39:02Z</time></trkpt>
<trkpt lat="33.0494031" lon="35.2266088"><ele>332.5</ele><time>2026-05-13T04:39:03Z</time></trkpt>
<trkpt lat="33.04941" lon="35.2266377"><ele>332.7</ele><time>2026-05-13T04:39:04Z</time></trkpt>
<trkpt lat="33.0494172" lon="35.2266666"><ele>332.9</ele><time>2026-05-13T04:39:05Z</time></trkpt>
<trkpt lat="33.049424" lon="35.2266938"><ele>333.2</ele><time>2026-05-13T04:39:06Z</time></trkpt>
<trkpt lat="33.049431" lon="35.2267196"><ele>333.4</ele><time>2026-05-13T04:39:07Z</time></trkpt>
<trkpt lat="33.049439" lon="35.2267453"><ele>333.6</ele><time>2026-05-13T04:39:08Z</time></trkpt>
<trkpt lat="33.0494477" lon="35.2267716"><ele>333.8</ele><time>2026-05-13T04:39:09Z</time></trkpt>
<trkpt lat="33.0494571" lon="35.2267989"><ele>334.1</ele><time>2026-05-13T04:39:10Z</time></trkpt>
<trkpt lat="33.0494669" lon="35.2268261"><ele>334.3</ele><time>2026-05-13T04:39:11Z</time></trkpt>
<trkpt lat="33.0494774" lon="35.2268531"><ele>334.6</ele><time>2026-05-13T04:39:12Z</time></trkpt>
<trkpt lat="33.0494882" lon="35.2268806"><ele>334.8</ele><time>2026-05-13T04:39:13Z</time></trkpt>
<trkpt lat="33.0494993" lon="35.2269079"><ele>335.0</ele><time>2026-05-13T04:39:14Z</time></trkpt>
<trkpt lat="33.0495116" lon="35.2269342"><ele>335.3</ele><time>2026-05-13T04:39:15Z</time></trkpt>
<trkpt lat="33.0495246" lon="35.2269603"><ele>335.5</ele><time>2026-05-13T04:39:16Z</time></trkpt>
<trkpt lat="33.0495371" lon="35.226987"><ele>335.7</ele><time>2026-05-13T04:39:17Z</time></trkpt>
<trkpt lat="33.0495494" lon="35.227014"><ele>335.9</ele><time>2026-05-13T04:39:18Z</time></trkpt>
<trkpt lat="33.0495623" lon="35.2270414"><ele>336.1</ele><time>2026-05-13T04:39:19Z</time></trkpt>
<trkpt lat="33.0495753" lon="35.2270693"><ele>336.2</ele><time>2026-05-13T04:39:20Z</time></trkpt>
<trkpt lat="33.0495878" lon="35.2270964"><ele>336.4</ele><time>2026-05-13T04:39:21Z</time></trkpt>
<trkpt lat="33.0496005" lon="35.2271224"><ele>336.6</ele><time>2026-05-13T04:39:22Z</time></trkpt>
<trkpt lat="33.049613" lon="35.2271489"><ele>336.7</ele><time>2026-05-13T04:39:23Z</time></trkpt>
<trkpt lat="33.049625" lon="35.2271765"><ele>336.8</ele><time>2026-05-13T04:39:24Z</time></trkpt>
<trkpt lat="33.0496369" lon="35.2272043"><ele>337.0</ele><time>2026-05-13T04:39:25Z</time></trkpt>
<trkpt lat="33.0496488" lon="35.2272317"><ele>337.1</ele><time>2026-05-13T04:39:26Z</time></trkpt>
<trkpt lat="33.0496607" lon="35.2272596"><ele>337.2</ele><time>2026-05-13T04:39:27Z</time></trkpt>
<trkpt lat="33.0496728" lon="35.2272877"><ele>337.3</ele><time>2026-05-13T04:39:28Z</time></trkpt>
<trkpt lat="33.0496849" lon="35.2273163"><ele>337.4</ele><time>2026-05-13T04:39:29Z</time></trkpt>
<trkpt lat="33.049697" lon="35.2273459"><ele>337.5</ele><time>2026-05-13T04:39:30Z</time></trkpt>
<trkpt lat="33.049709" lon="35.2273764"><ele>337.6</ele><time>2026-05-13T04:39:31Z</time></trkpt>
<trkpt lat="33.0497208" lon="35.2274072"><ele>337.7</ele><time>2026-05-13T04:39:32Z</time></trkpt>
<trkpt lat="33.0497323" lon="35.2274379"><ele>337.8</ele><time>2026-05-13T04:39:33Z</time></trkpt>
<trkpt lat="33.0497436" lon="35.2274687"><ele>337.9</ele><time>2026-05-13T04:39:34Z</time></trkpt>
<trkpt lat="33.0497552" lon="35.2274993"><ele>338.0</ele><time>2026-05-13T04:39:35Z</time></trkpt>
<trkpt lat="33.0497669" lon="35.2275292"><ele>338.1</ele><time>2026-05-13T04:39:36Z</time></trkpt>
<trkpt lat="33.0497792" lon="35.2275589"><ele>338.2</ele><time>2026-05-13T04:39:37Z</time></trkpt>
<trkpt lat="33.0497919" lon="35.227589"><ele>338.3</ele><time>2026-05-13T04:39:38Z</time></trkpt>
<trkpt lat="33.0498049" lon="35.2276191"><ele>338.4</ele><time>2026-05-13T04:39:39Z</time></trkpt>
<trkpt lat="33.049818" lon="35.227649"><ele>338.4</ele><time>2026-05-13T04:39:40Z</time></trkpt>
<trkpt lat="33.0498312" lon="35.2276788"><ele>338.5</ele><time>2026-05-13T04:39:41Z</time></trkpt>
<trkpt lat="33.0498443" lon="35.227709"><ele>338.6</ele><time>2026-05-13T04:39:42Z</time></trkpt>
<trkpt lat="33.0498575" lon="35.2277402"><ele>338.7</ele><time>2026-05-13T04:39:43Z</time></trkpt>
<trkpt lat="33.0498708" lon="35.2277719"><ele>338.8</ele><time>2026-05-13T04:39:44Z</time></trkpt>
<trkpt lat="33.0498839" lon="35.2278038"><ele>338.9</ele><time>2026-05-13T04:39:45Z</time></trkpt>
<trkpt lat="33.0498971" lon="35.2278359"><ele>339.0</ele><time>2026-05-13T04:39:46Z</time></trkpt>
<trkpt lat="33.0499102" lon="35.2278676"><ele>339.1</ele><time>2026-05-13T04:39:47Z</time></trkpt>
<trkpt lat="33.0499231" lon="35.227899"><ele>339.2</ele><time>2026-05-13T04:39:48Z</time></trkpt>
<trkpt lat="33.049936" lon="35.2279307"><ele>339.3</ele><time>2026-05-13T04:39:49Z</time></trkpt>
<trkpt lat="33.0499491" lon="35.2279631"><ele>339.4</ele><time>2026-05-13T04:39:50Z</time></trkpt>
<trkpt lat="33.0499627" lon="35.2279957"><ele>339.5</ele><time>2026-05-13T04:39:51Z</time></trkpt>
<trkpt lat="33.0499768" lon="35.2280282"><ele>339.6</ele><time>2026-05-13T04:39:52Z</time></trkpt>
<trkpt lat="33.0499908" lon="35.2280606"><ele>339.7</ele><time>2026-05-13T04:39:53Z</time></trkpt>
<trkpt lat="33.0500042" lon="35.228093"><ele>339.8</ele><time>2026-05-13T04:39:54Z</time></trkpt>
<trkpt lat="33.0500169" lon="35.2281256"><ele>339.8</ele><time>2026-05-13T04:39:55Z</time></trkpt>
<trkpt lat="33.050029" lon="35.2281581"><ele>339.9</ele><time>2026-05-13T04:39:56Z</time></trkpt>
<trkpt lat="33.0500403" lon="35.2281902"><ele>340.0</ele><time>2026-05-13T04:39:57Z</time></trkpt>
<trkpt lat="33.0500506" lon="35.2282215"><ele>340.1</ele><time>2026-05-13T04:39:58Z</time></trkpt>
<trkpt lat="33.0500602" lon="35.2282523"><ele>340.2</ele><time>2026-05-13T04:39:59Z</time></trkpt>
<trkpt lat="33.0500696" lon="35.2282833"><ele>340.3</ele><time>2026-05-13T04:40:00Z</time></trkpt>
<trkpt lat="33.0500782" lon="35.2283145"><ele>340.4</ele><time>2026-05-13T04:40:01Z</time></trkpt>
<trkpt lat="33.050086" lon="35.2283454"><ele>340.5</ele><time>2026-05-13T04:40:02Z</time></trkpt>
<trkpt lat="33.0500928" lon="35.2283771"><ele>340.6</ele><time>2026-05-13T04:40:03Z</time></trkpt>
<trkpt lat="33.0500989" lon="35.2284087"><ele>340.7</ele><time>2026-05-13T04:40:04Z</time></trkpt>
<trkpt lat="33.0501052" lon="35.2284399"><ele>340.8</ele><time>2026-05-13T04:40:05Z</time></trkpt>
<trkpt lat="33.0501121" lon="35.228472"><ele>340.9</ele><time>2026-05-13T04:40:06Z</time></trkpt>
<trkpt lat="33.0501197" lon="35.2285048"><ele>341.1</ele><time>2026-05-13T04:40:07Z</time></trkpt>
<trkpt lat="33.050128" lon="35.2285373"><ele>341.2</ele><time>2026-05-13T04:40:08Z</time></trkpt>
<trkpt lat="33.0501352" lon="35.2285695"><ele>341.3</ele><time>2026-05-13T04:40:09Z</time></trkpt>
<trkpt lat="33.0501402" lon="35.2286014"><ele>341.4</ele><time>2026-05-13T04:40:10Z</time></trkpt>
<trkpt lat="33.0501443" lon="35.2286332"><ele>341.5</ele><time>2026-05-13T04:40:11Z</time></trkpt>
<trkpt lat="33.0501491" lon="35.2286664"><ele>341.6</ele><time>2026-05-13T04:40:12Z</time></trkpt>
<trkpt lat="33.0501545" lon="35.2287007"><ele>341.8</ele><time>2026-05-13T04:40:13Z</time></trkpt>
<trkpt lat="33.0501589" lon="35.2287353"><ele>341.9</ele><time>2026-05-13T04:40:14Z</time></trkpt>
<trkpt lat="33.0501623" lon="35.2287709"><ele>342.0</ele><time>2026-05-13T04:40:15Z</time></trkpt>
<trkpt lat="33.0501657" lon="35.2288078"><ele>342.1</ele><time>2026-05-13T04:40:16Z</time></trkpt>
<trkpt lat="33.0501686" lon="35.228844"><ele>342.2</ele><time>2026-05-13T04:40:17Z</time></trkpt>
<trkpt lat="33.0501719" lon="35.2288785"><ele>342.3</ele><time>2026-05-13T04:40:18Z</time></trkpt>
<trkpt lat="33.0501772" lon="35.2289117"><ele>342.4</ele><time>2026-05-13T04:40:19Z</time></trkpt>
<trkpt lat="33.0501848" lon="35.2289448"><ele>342.5</ele><time>2026-05-13T04:40:20Z</time></trkpt>
<trkpt lat="33.0501947" lon="35.2289785"><ele>342.6</ele><time>2026-05-13T04:40:21Z</time></trkpt>
<trkpt lat="33.0502067" lon="35.2290116"><ele>342.7</ele><time>2026-05-13T04:40:22Z</time></trkpt>
<trkpt lat="33.0502201" lon="35.2290431"><ele>342.8</ele><time>2026-05-13T04:40:23Z</time></trkpt>
<trkpt lat="33.0502348" lon="35.2290733"><ele>343.0</ele><time>2026-05-13T04:40:24Z</time></trkpt>
<trkpt lat="33.0502506" lon="35.2291023"><ele>343.1</ele><time>2026-05-13T04:40:25Z</time></trkpt>
<trkpt lat="33.0502671" lon="35.2291306"><ele>343.3</ele><time>2026-05-13T04:40:26Z</time></trkpt>
<trkpt lat="33.0502831" lon="35.2291566"><ele>343.4</ele><time>2026-05-13T04:40:27Z</time></trkpt>
<trkpt lat="33.050299" lon="35.2291793"><ele>343.6</ele><time>2026-05-13T04:40:28Z</time></trkpt>
<trkpt lat="33.0503158" lon="35.2292005"><ele>343.9</ele><time>2026-05-13T04:40:29Z</time></trkpt>
<trkpt lat="33.0503343" lon="35.2292205"><ele>344.1</ele><time>2026-05-13T04:40:30Z</time></trkpt>
<trkpt lat="33.0503544" lon="35.2292398"><ele>344.3</ele><time>2026-05-13T04:40:31Z</time></trkpt>
<trkpt lat="33.0503742" lon="35.2292597"><ele>344.6</ele><time>2026-05-13T04:40:32Z</time></trkpt>
<trkpt lat="33.0503925" lon="35.2292801"><ele>344.9</ele><time>2026-05-13T04:40:33Z</time></trkpt>
<trkpt lat="33.0504101" lon="35.2293003"><ele>345.1</ele><time>2026-05-13T04:40:34Z</time></trkpt>
<trkpt lat="33.0504262" lon="35.2293192"><ele>345.4</ele><time>2026-05-13T04:40:35Z</time></trkpt>
<trkpt lat="33.0504415" lon="35.2293354"><ele>345.6</ele><time>2026-05-13T04:40:36Z</time></trkpt>
<trkpt lat="33.0504569" lon="35.2293488"><ele>345.9</ele><time>2026-05-13T04:40:37Z</time></trkpt>
<trkpt lat="33.0504719" lon="35.2293599"><ele>346.1</ele><time>2026-05-13T04:40:38Z</time></trkpt>
<trkpt lat="33.0504866" lon="35.2293704"><ele>346.4</ele><time>2026-05-13T04:40:39Z</time></trkpt>
<trkpt lat="33.0505027" lon="35.2293824"><ele>346.6</ele><time>2026-05-13T04:40:40Z</time></trkpt>
<trkpt lat="33.0505206" lon="35.2293968"><ele>346.8</ele><time>2026-05-13T04:40:41Z</time></trkpt>
<trkpt lat="33.0505389" lon="35.2294125"><ele>347.0</ele><time>2026-05-13T04:40:42Z</time></trkpt>
<trkpt lat="33.0505565" lon="35.2294284"><ele>347.2</ele><time>2026-05-13T04:40:43Z</time></trkpt>
<trkpt lat="33.050574" lon="35.2294437"><ele>347.4</ele><time>2026-05-13T04:40:44Z</time></trkpt>
<trkpt lat="33.0505918" lon="35.2294579"><ele>347.6</ele><time>2026-05-13T04:40:45Z</time></trkpt>
<trkpt lat="33.0506098" lon="35.2294722"><ele>347.9</ele><time>2026-05-13T04:40:46Z</time></trkpt>
<trkpt lat="33.050628" lon="35.2294876"><ele>348.1</ele><time>2026-05-13T04:40:47Z</time></trkpt>
<trkpt lat="33.050647" lon="35.2295026"><ele>348.3</ele><time>2026-05-13T04:40:48Z</time></trkpt>
<trkpt lat="33.0506663" lon="35.229516"><ele>348.5</ele><time>2026-05-13T04:40:49Z</time></trkpt>
<trkpt lat="33.0506855" lon="35.2295276"><ele>348.7</ele><time>2026-05-13T04:40:50Z</time></trkpt>
<trkpt lat="33.0507055" lon="35.2295372"><ele>348.9</ele><time>2026-05-13T04:40:51Z</time></trkpt>
<trkpt lat="33.0507268" lon="35.2295461"><ele>349.2</ele><time>2026-05-13T04:40:52Z</time></trkpt>
<trkpt lat="33.0507481" lon="35.2295558"><ele>349.4</ele><time>2026-05-13T04:40:53Z</time></trkpt>
<trkpt lat="33.0507676" lon="35.229567"><ele>349.7</ele><time>2026-05-13T04:40:54Z</time></trkpt>
<trkpt lat="33.0507847" lon="35.2295778"><ele>349.9</ele><time>2026-05-13T04:40:55Z</time></trkpt>
<trkpt lat="33.0508001" lon="35.2295877"><ele>350.2</ele><time>2026-05-13T04:40:56Z</time></trkpt>
<trkpt lat="33.0508171" lon="35.2295976"><ele>350.4</ele><time>2026-05-13T04:40:57Z</time></trkpt>
<trkpt lat="33.0508372" lon="35.2296065"><ele>350.7</ele><time>2026-05-13T04:40:58Z</time></trkpt>
<trkpt lat="33.0508596" lon="35.2296145"><ele>351.0</ele><time>2026-05-13T04:40:59Z</time></trkpt>
<trkpt lat="33.0508819" lon="35.2296223"><ele>351.2</ele><time>2026-05-13T04:41:00Z</time></trkpt>
<trkpt lat="33.0509027" lon="35.2296305"><ele>351.5</ele><time>2026-05-13T04:41:01Z</time></trkpt>
<trkpt lat="33.0509228" lon="35.2296395"><ele>351.7</ele><time>2026-05-13T04:41:02Z</time></trkpt>
<trkpt lat="33.0509423" lon="35.2296504"><ele>352.0</ele><time>2026-05-13T04:41:03Z</time></trkpt>
<trkpt lat="33.0509615" lon="35.2296623"><ele>352.2</ele><time>2026-05-13T04:41:04Z</time></trkpt>
<trkpt lat="33.0509808" lon="35.2296737"><ele>352.4</ele><time>2026-05-13T04:41:05Z</time></trkpt>
<trkpt lat="33.0510012" lon="35.229685"><ele>352.7</ele><time>2026-05-13T04:41:06Z</time></trkpt>
<trkpt lat="33.0510222" lon="35.2296968"><ele>352.9</ele><time>2026-05-13T04:41:07Z</time></trkpt>
<trkpt lat="33.0510432" lon="35.2297105"><ele>353.2</ele><time>2026-05-13T04:41:08Z</time></trkpt>
<trkpt lat="33.0510631" lon="35.2297251"><ele>353.4</ele><time>2026-05-13T04:41:09Z</time></trkpt>
<trkpt lat="33.0510805" lon="35.2297391"><ele>353.6</ele><time>2026-05-13T04:41:10Z</time></trkpt>
<trkpt lat="33.0510969" lon="35.2297526"><ele>353.8</ele><time>2026-05-13T04:41:11Z</time></trkpt>
<trkpt lat="33.0511136" lon="35.2297665"><ele>354.1</ele><time>2026-05-13T04:41:12Z</time></trkpt>
<trkpt lat="33.0511311" lon="35.2297806"><ele>354.3</ele><time>2026-05-13T04:41:13Z</time></trkpt>
<trkpt lat="33.051149" lon="35.2297948"><ele>354.5</ele><time>2026-05-13T04:41:14Z</time></trkpt>
<trkpt lat="33.0511664" lon="35.2298095"><ele>354.7</ele><time>2026-05-13T04:41:15Z</time></trkpt>
<trkpt lat="33.0511833" lon="35.2298248"><ele>354.9</ele><time>2026-05-13T04:41:16Z</time></trkpt>
<trkpt lat="33.0511996" lon="35.2298408"><ele>355.1</ele><time>2026-05-13T04:41:17Z</time></trkpt>
<trkpt lat="33.0512156" lon="35.2298576"><ele>355.4</ele><time>2026-05-13T04:41:18Z</time></trkpt>
<trkpt lat="33.0512318" lon="35.229875"><ele>355.6</ele><time>2026-05-13T04:41:19Z</time></trkpt>
<trkpt lat="33.0512485" lon="35.2298923"><ele>355.8</ele><time>2026-05-13T04:41:20Z</time></trkpt>
<trkpt lat="33.051266" lon="35.2299092"><ele>356.0</ele><time>2026-05-13T04:41:21Z</time></trkpt>
<trkpt lat="33.0512837" lon="35.2299265"><ele>356.1</ele><time>2026-05-13T04:41:22Z</time></trkpt>
<trkpt lat="33.0513012" lon="35.229945"><ele>356.3</ele><time>2026-05-13T04:41:23Z</time></trkpt>
<trkpt lat="33.0513182" lon="35.2299652"><ele>356.5</ele><time>2026-05-13T04:41:24Z</time></trkpt>
<trkpt lat="33.0513344" lon="35.2299856"><ele>356.7</ele><time>2026-05-13T04:41:25Z</time></trkpt>
<trkpt lat="33.0513499" lon="35.2300054"><ele>356.9</ele><time>2026-05-13T04:41:26Z</time></trkpt>
<trkpt lat="33.0513649" lon="35.2300248"><ele>357.0</ele><time>2026-05-13T04:41:27Z</time></trkpt>
<trkpt lat="33.0513791" lon="35.2300437"><ele>357.2</ele><time>2026-05-13T04:41:28Z</time></trkpt>
<trkpt lat="33.0513928" lon="35.2300626"><ele>357.3</ele><time>2026-05-13T04:41:29Z</time></trkpt>
<trkpt lat="33.0514063" lon="35.230082"><ele>357.5</ele><time>2026-05-13T04:41:30Z</time></trkpt>
<trkpt lat="33.0514198" lon="35.2301021"><ele>357.6</ele><time>2026-05-13T04:41:31Z</time></trkpt>
<trkpt lat="33.0514334" lon="35.2301226"><ele>357.8</ele><time>2026-05-13T04:41:32Z</time></trkpt>
<trkpt lat="33.0514474" lon="35.2301428"><ele>357.9</ele><time>2026-05-13T04:41:33Z</time></trkpt>
<trkpt lat="33.0514618" lon="35.230163"><ele>358.1</ele><time>2026-05-13T04:41:34Z</time></trkpt>
<trkpt lat="33.051476" lon="35.2301837"><ele>358.2</ele><time>2026-05-13T04:41:35Z</time></trkpt>
<trkpt lat="33.0514891" lon="35.2302052"><ele>358.3</ele><time>2026-05-13T04:41:36Z</time></trkpt>
<trkpt lat="33.0515014" lon="35.2302267"><ele>358.5</ele><time>2026-05-13T04:41:37Z</time></trkpt>
<trkpt lat="33.0515133" lon="35.2302483"><ele>358.6</ele><time>2026-05-13T04:41:38Z</time></trkpt>
<trkpt lat="33.0515253" lon="35.2302706"><ele>358.7</ele><time>2026-05-13T04:41:39Z</time></trkpt>
<trkpt lat="33.0515376" lon="35.2302938"><ele>358.8</ele><time>2026-05-13T04:41:40Z</time></trkpt>
<trkpt lat="33.05155" lon="35.2303172"><ele>358.9</ele><time>2026-05-13T04:41:41Z</time></trkpt>
<trkpt lat="33.0515622" lon="35.23034"><ele>359.0</ele><time>2026-05-13T04:41:42Z</time></trkpt>
<trkpt lat="33.0515747" lon="35.2303622"><ele>359.2</ele><time>2026-05-13T04:41:43Z</time></trkpt>
<trkpt lat="33.0515877" lon="35.2303838"><ele>359.3</ele><time>2026-05-13T04:41:44Z</time></trkpt>
<trkpt lat="33.0516019" lon="35.2304048"><ele>359.4</ele><time>2026-05-13T04:41:45Z</time></trkpt>
<trkpt lat="33.0516165" lon="35.230426"><ele>359.5</ele><time>2026-05-13T04:41:46Z</time></trkpt>
<trkpt lat="33.0516304" lon="35.2304473"><ele>359.6</ele><time>2026-05-13T04:41:47Z</time></trkpt>
<trkpt lat="33.0516444" lon="35.2304686"><ele>359.7</ele><time>2026-05-13T04:41:48Z</time></trkpt>
<trkpt lat="33.0516592" lon="35.2304903"><ele>359.8</ele><time>2026-05-13T04:41:49Z</time></trkpt>
<trkpt lat="33.0516747" lon="35.2305124"><ele>360.0</ele><time>2026-05-13T04:41:50Z</time></trkpt>
<trkpt lat="33.0516898" lon="35.2305349"><ele>360.1</ele><time>2026-05-13T04:41:51Z</time></trkpt>
<trkpt lat="33.051704" lon="35.2305574"><ele>360.2</ele><time>2026-05-13T04:41:52Z</time></trkpt>
<trkpt lat="33.0517175" lon="35.2305795"><ele>360.3</ele><time>2026-05-13T04:41:53Z</time></trkpt>
<trkpt lat="33.0517312" lon="35.2306014"><ele>360.4</ele><time>2026-05-13T04:41:54Z</time></trkpt>
<trkpt lat="33.0517455" lon="35.2306231"><ele>360.5</ele><time>2026-05-13T04:41:55Z</time></trkpt>
<trkpt lat="33.0517601" lon="35.2306442"><ele>360.7</ele><time>2026-05-13T04:41:56Z</time></trkpt>
<trkpt lat="33.0517748" lon="35.2306656"><ele>360.8</ele><time>2026-05-13T04:41:57Z</time></trkpt>
<trkpt lat="33.051789" lon="35.2306871"><ele>360.9</ele><time>2026-05-13T04:41:58Z</time></trkpt>
<trkpt lat="33.0518029" lon="35.2307089"><ele>361.1</ele><time>2026-05-13T04:41:59Z</time></trkpt>
<trkpt lat="33.0518166" lon="35.2307314"><ele>361.2</ele><time>2026-05-13T04:42:00Z</time></trkpt>
<trkpt lat="33.0518303" lon="35.2307549"><ele>361.4</ele><time>2026-05-13T04:42:01Z</time></trkpt>
<trkpt lat="33.0518444" lon="35.2307786"><ele>361.5</ele><time>2026-05-13T04:42:02Z</time></trkpt>
<trkpt lat="33.0518584" lon="35.2308023"><ele>361.6</ele><time>2026-05-13T04:42:03Z</time></trkpt>
<trkpt lat="33.0518721" lon="35.2308268"><ele>361.8</ele><time>2026-05-13T04:42:04Z</time></trkpt>
<trkpt lat="33.0518864" lon="35.2308515"><ele>361.9</ele><time>2026-05-13T04:42:05Z</time></trkpt>
<trkpt lat="33.0519011" lon="35.2308756"><ele>362.0</ele><time>2026-05-13T04:42:06Z</time></trkpt>
<trkpt lat="33.0519158" lon="35.2308993"><ele>362.2</ele><time>2026-05-13T04:42:07Z</time></trkpt>
<trkpt lat="33.0519302" lon="35.2309225"><ele>362.3</ele><time>2026-05-13T04:42:08Z</time></trkpt>
<trkpt lat="33.0519441" lon="35.230945"><ele>362.5</ele><time>2026-05-13T04:42:09Z</time></trkpt>
<trkpt lat="33.0519576" lon="35.2309671"><ele>362.6</ele><time>2026-05-13T04:42:10Z</time></trkpt>
<trkpt lat="33.0519714" lon="35.2309896"><ele>362.8</ele><time>2026-05-13T04:42:11Z</time></trkpt>
<trkpt lat="33.0519856" lon="35.231013"><ele>362.9</ele><time>2026-05-13T04:42:12Z</time></trkpt>
<trkpt lat="33.0519999" lon="35.2310372"><ele>363.1</ele><time>2026-05-13T04:42:13Z</time></trkpt>
<trkpt lat="33.0520134" lon="35.2310614"><ele>363.2</ele><time>2026-05-13T04:42:14Z</time></trkpt>
<trkpt lat="33.0520259" lon="35.231085"><ele>363.4</ele><time>2026-05-13T04:42:15Z</time></trkpt>
<trkpt lat="33.0520379" lon="35.2311079"><ele>363.5</ele><time>2026-05-13T04:42:16Z</time></trkpt>
<trkpt lat="33.0520504" lon="35.231131"><ele>363.7</ele><time>2026-05-13T04:42:17Z</time></trkpt>
<trkpt lat="33.0520643" lon="35.2311542"><ele>363.8</ele><time>2026-05-13T04:42:18Z</time></trkpt>
<trkpt lat="33.0520794" lon="35.2311777"><ele>364.0</ele><time>2026-05-13T04:42:19Z</time></trkpt>
<trkpt lat="33.052095" lon="35.2312015"><ele>364.1</ele><time>2026-05-13T04:42:20Z</time></trkpt>
<trkpt lat="33.0521108" lon="35.2312265"><ele>364.2</ele><time>2026-05-13T04:42:21Z</time></trkpt>
<trkpt lat="33.0521261" lon="35.2312527"><ele>364.4</ele><time>2026-05-13T04:42:22Z</time></trkpt>
<trkpt lat="33.0521405" lon="35.2312788"><ele>364.5</ele><time>2026-05-13T04:42:23Z</time></trkpt>
<trkpt lat="33.0521546" lon="35.2313043"><ele>364.7</ele><time>2026-05-13T04:42:24Z</time></trkpt>
<trkpt lat="33.052169" lon="35.2313296"><ele>364.8</ele><time>2026-05-13T04:42:25Z</time></trkpt>
<trkpt lat="33.0521844" lon="35.2313545"><ele>365.0</ele><time>2026-05-13T04:42:26Z</time></trkpt>
<trkpt lat="33.0522011" lon="35.2313786"><ele>365.1</ele><time>2026-05-13T04:42:27Z</time></trkpt>
<trkpt lat="33.0522186" lon="35.2314023"><ele>365.3</ele><time>2026-05-13T04:42:28Z</time></trkpt>
<trkpt lat="33.0522368" lon="35.2314252"><ele>365.4</ele><time>2026-05-13T04:42:29Z</time></trkpt>
<trkpt lat="33.0522548" lon="35.2314473"><ele>365.5</ele><time>2026-05-13T04:42:30Z</time></trkpt>
<trkpt lat="33.0522723" lon="35.2314689"><ele>365.7</ele><time>2026-05-13T04:42:31Z</time></trkpt>
<trkpt lat="33.05229" lon="35.2314899"><ele>365.8</ele><time>2026-05-13T04:42:32Z</time></trkpt>
<trkpt lat="33.0523075" lon="35.2315103"><ele>365.9</ele><time>2026-05-13T04:42:33Z</time></trkpt>
<trkpt lat="33.0523242" lon="35.231531"><ele>366.1</ele><time>2026-05-13T04:42:34Z</time></trkpt>
<trkpt lat="33.0523404" lon="35.231552"><ele>366.2</ele><time>2026-05-13T04:42:35Z</time></trkpt>
<trkpt lat="33.052356" lon="35.2315721"><ele>366.3</ele><time>2026-05-13T04:42:36Z</time></trkpt>
<trkpt lat="33.0523706" lon="35.2315915"><ele>366.5</ele><time>2026-05-13T04:42:37Z</time></trkpt>
<trkpt lat="33.0523848" lon="35.2316107"><ele>366.6</ele><time>2026-05-13T04:42:38Z</time></trkpt>
<trkpt lat="33.0523998" lon="35.2316309"><ele>366.8</ele><time>2026-05-13T04:42:39Z</time></trkpt>
<trkpt lat="33.0524153" lon="35.2316511"><ele>366.9</ele><time>2026-05-13T04:42:40Z</time></trkpt>
<trkpt lat="33.0524311" lon="35.2316707"><ele>367.1</ele><time>2026-05-13T04:42:41Z</time></trkpt>
<trkpt lat="33.0524477" lon="35.2316906"><ele>367.2</ele><time>2026-05-13T04:42:42Z</time></trkpt>
<trkpt lat="33.0524648" lon="35.2317107"><ele>367.4</ele><time>2026-05-13T04:42:43Z</time></trkpt>
<trkpt lat="33.0524825" lon="35.2317306"><ele>367.5</ele><time>2026-05-13T04:42:44Z</time></trkpt>
<trkpt lat="33.0525003" lon="35.2317493"><ele>367.6</ele><time>2026-05-13T04:42:45Z</time></trkpt>
<trkpt lat="33.0525186" lon="35.2317682"><ele>367.8</ele><time>2026-05-13T04:42:46Z</time></trkpt>
<trkpt lat="33.0525386" lon="35.2317877"><ele>367.9</ele><time>2026-05-13T04:42:47Z</time></trkpt>
<trkpt lat="33.0525601" lon="35.2318059"><ele>368.1</ele><time>2026-05-13T04:42:48Z</time></trkpt>
<trkpt lat="33.0525835" lon="35.2318221"><ele>368.2</ele><time>2026-05-13T04:42:49Z</time></trkpt>
<trkpt lat="33.0526086" lon="35.2318355"><ele>368.3</ele><time>2026-05-13T04:42:50Z</time></trkpt>
<trkpt lat="33.0526351" lon="35.2318447"><ele>368.4</ele><time>2026-05-13T04:42:51Z</time></trkpt>
<trkpt lat="33.0526623" lon="35.2318493"><ele>368.6</ele><time>2026-05-13T04:42:52Z</time></trkpt>
<trkpt lat="33.0526895" lon="35.2318511"><ele>368.7</ele><time>2026-05-13T04:42:53Z</time></trkpt>
<trkpt lat="33.0527172" lon="35.2318516"><ele>368.8</ele><time>2026-05-13T04:42:54Z</time></trkpt>
<trkpt lat="33.052745" lon="35.2318503"><ele>368.9</ele><time>2026-05-13T04:42:55Z</time></trkpt>
<trkpt lat="33.0527712" lon="35.2318466"><ele>369.1</ele><time>2026-05-13T04:42:56Z</time></trkpt>
<trkpt lat="33.052797" lon="35.2318422"><ele>369.2</ele><time>2026-05-13T04:42:57Z</time></trkpt>
<trkpt lat="33.0528221" lon="35.2318386"><ele>369.3</ele><time>2026-05-13T04:42:58Z</time></trkpt>
<trkpt lat="33.052846" lon="35.2318356"><ele>369.4</ele><time>2026-05-13T04:42:59Z</time></trkpt>
<trkpt lat="33.0528693" lon="35.2318334"><ele>369.6</ele><time>2026-05-13T04:43:00Z</time></trkpt>
<trkpt lat="33.0528923" lon="35.231832"><ele>369.7</ele><time>2026-05-13T04:43:01Z</time></trkpt>
<trkpt lat="33.0529154" lon="35.231831"><ele>369.8</ele><time>2026-05-13T04:43:02Z</time></trkpt>
<trkpt lat="33.0529381" lon="35.2318306"><ele>369.9</ele><time>2026-05-13T04:43:03Z</time></trkpt>
<trkpt lat="33.0529609" lon="35.2318305"><ele>370.1</ele><time>2026-05-13T04:43:04Z</time></trkpt>
<trkpt lat="33.0529841" lon="35.2318302"><ele>370.2</ele><time>2026-05-13T04:43:05Z</time></trkpt>
<trkpt lat="33.053008" lon="35.2318295"><ele>370.3</ele><time>2026-05-13T04:43:06Z</time></trkpt>
<trkpt lat="33.0530327" lon="35.2318292"><ele>370.4</ele><time>2026-05-13T04:43:07Z</time></trkpt>
<trkpt lat="33.0530582" lon="35.2318296"><ele>370.5</ele><time>2026-05-13T04:43:08Z</time></trkpt>
<trkpt lat="33.053084" lon="35.2318304"><ele>370.6</ele><time>2026-05-13T04:43:09Z</time></trkpt>
<trkpt lat="33.0531094" lon="35.231831"><ele>370.7</ele><time>2026-05-13T04:43:10Z</time></trkpt>
<trkpt lat="33.0531343" lon="35.2318309"><ele>370.8</ele><time>2026-05-13T04:43:11Z</time></trkpt>
<trkpt lat="33.0531592" lon="35.2318301"><ele>370.9</ele><time>2026-05-13T04:43:12Z</time></trkpt>
<trkpt lat="33.0531845" lon="35.2318292"><ele>371.0</ele><time>2026-05-13T04:43:13Z</time></trkpt>
<trkpt lat="33.0532101" lon="35.2318283"><ele>371.1</ele><time>2026-05-13T04:43:14Z</time></trkpt>
<trkpt lat="33.0532356" lon="35.2318278"><ele>371.2</ele><time>2026-05-13T04:43:15Z</time></trkpt>
<trkpt lat="33.0532617" lon="35.2318278"><ele>371.3</ele><time>2026-05-13T04:43:16Z</time></trkpt>
<trkpt lat="33.0532885" lon="35.2318266"><ele>371.3</ele><time>2026-05-13T04:43:17Z</time></trkpt>
<trkpt lat="33.0533156" lon="35.2318242"><ele>371.4</ele><time>2026-05-13T04:43:18Z</time></trkpt>
<trkpt lat="33.0533438" lon="35.2318208"><ele>371.5</ele><time>2026-05-13T04:43:19Z</time></trkpt>
<trkpt lat="33.0533735" lon="35.2318158"><ele>371.5</ele><time>2026-05-13T04:43:20Z</time></trkpt>
<trkpt lat="33.0534031" lon="35.2318098"><ele>371.6</ele><time>2026-05-13T04:43:21Z</time></trkpt>
<trkpt lat="33.0534324" lon="35.2318037"><ele>371.6</ele><time>2026-05-13T04:43:22Z</time></trkpt>
<trkpt lat="33.0534617" lon="35.2317984"><ele>371.6</ele><time>2026-05-13T04:43:23Z</time></trkpt>
<trkpt lat="33.0534921" lon="35.2317942"><ele>371.6</ele><time>2026-05-13T04:43:24Z</time></trkpt>
<trkpt lat="33.053525" lon="35.2317905"><ele>371.6</ele><time>2026-05-13T04:43:25Z</time></trkpt>
<trkpt lat="33.0535601" lon="35.2317866"><ele>371.6</ele><time>2026-05-13T04:43:26Z</time></trkpt>
<trkpt lat="33.0535955" lon="35.2317827"><ele>371.6</ele><time>2026-05-13T04:43:27Z</time></trkpt>
<trkpt lat="33.05363" lon="35.231779"><ele>371.6</ele><time>2026-05-13T04:43:28Z</time></trkpt>
<trkpt lat="33.0536634" lon="35.2317757"><ele>371.6</ele><time>2026-05-13T04:43:29Z</time></trkpt>
<trkpt lat="33.0536964" lon="35.2317732"><ele>371.5</ele><time>2026-05-13T04:43:30Z</time></trkpt>
<trkpt lat="33.0537295" lon="35.2317718"><ele>371.5</ele><time>2026-05-13T04:43:31Z</time></trkpt>
<trkpt lat="33.0537623" lon="35.231771"><ele>371.4</ele><time>2026-05-13T04:43:32Z</time></trkpt>
<trkpt lat="33.0537942" lon="35.2317701"><ele>371.4</ele><time>2026-05-13T04:43:33Z</time></trkpt>
<trkpt lat="33.0538249" lon="35.2317688"><ele>371.4</ele><time>2026-05-13T04:43:34Z</time></trkpt>
<trkpt lat="33.0538546" lon="35.2317679"><ele>371.3</ele><time>2026-05-13T04:43:35Z</time></trkpt>
<trkpt lat="33.0538838" lon="35.2317684"><ele>371.3</ele><time>2026-05-13T04:43:36Z</time></trkpt>
<trkpt lat="33.0539122" lon="35.2317703"><ele>371.3</ele><time>2026-05-13T04:43:37Z</time></trkpt>
<trkpt lat="33.0539406" lon="35.2317727"><ele>371.2</ele><time>2026-05-13T04:43:38Z</time></trkpt>
<trkpt lat="33.0539699" lon="35.2317757"><ele>371.2</ele><time>2026-05-13T04:43:39Z</time></trkpt>
<trkpt lat="33.0539992" lon="35.2317782"><ele>371.2</ele><time>2026-05-13T04:43:40Z</time></trkpt>
<trkpt lat="33.0540284" lon="35.2317798"><ele>371.1</ele><time>2026-05-13T04:43:41Z</time></trkpt>
<trkpt lat="33.0540591" lon="35.2317811"><ele>371.1</ele><time>2026-05-13T04:43:42Z</time></trkpt>
<trkpt lat="33.0540928" lon="35.2317825"><ele>371.1</ele><time>2026-05-13T04:43:43Z</time></trkpt>
<trkpt lat="33.054129" lon="35.2317834"><ele>371.0</ele><time>2026-05-13T04:43:44Z</time></trkpt>
<trkpt lat="33.0541659" lon="35.2317835"><ele>371.0</ele><time>2026-05-13T04:43:45Z</time></trkpt>
<trkpt lat="33.0542029" lon="35.2317824"><ele>370.9</ele><time>2026-05-13T04:43:46Z</time></trkpt>
<trkpt lat="33.0542423" lon="35.2317795"><ele>370.8</ele><time>2026-05-13T04:43:47Z</time></trkpt>
<trkpt lat="33.0542836" lon="35.2317744"><ele>370.8</ele><time>2026-05-13T04:43:48Z</time></trkpt>
<trkpt lat="33.0543257" lon="35.2317669"><ele>370.7</ele><time>2026-05-13T04:43:49Z</time></trkpt>
<trkpt lat="33.0543697" lon="35.2317573"><ele>370.6</ele><time>2026-05-13T04:43:50Z</time></trkpt>
<trkpt lat="33.0544156" lon="35.2317467"><ele>370.5</ele><time>2026-05-13T04:43:51Z</time></trkpt>
<trkpt lat="33.0544623" lon="35.2317354"><ele>370.4</ele><time>2026-05-13T04:43:52Z</time></trkpt>
<trkpt lat="33.0545096" lon="35.2317232"><ele>370.2</ele><time>2026-05-13T04:43:53Z</time></trkpt>
<trkpt lat="33.054557" lon="35.2317106"><ele>370.1</ele><time>2026-05-13T04:43:54Z</time></trkpt>
<trkpt lat="33.0546041" lon="35.2316983"><ele>370.0</ele><time>2026-05-13T04:43:55Z</time></trkpt>
<trkpt lat="33.0546515" lon="35.2316861"><ele>369.9</ele><time>2026-05-13T04:43:56Z</time></trkpt>
<trkpt lat="33.0546999" lon="35.2316751"><ele>369.8</ele><time>2026-05-13T04:43:57Z</time></trkpt>
<trkpt lat="33.0547504" lon="35.2316665"><ele>369.7</ele><time>2026-05-13T04:43:58Z</time></trkpt>
<trkpt lat="33.0548031" lon="35.2316602"><ele>369.5</ele><time>2026-05-13T04:43:59Z</time></trkpt>
<trkpt lat="33.0548573" lon="35.2316565"><ele>369.4</ele><time>2026-05-13T04:44:00Z</time></trkpt>
<trkpt lat="33.0549121" lon="35.2316546"><ele>369.3</ele><time>2026-05-13T04:44:01Z</time></trkpt>
<trkpt lat="33.0549664" lon="35.2316532"><ele>369.1</ele><time>2026-05-13T04:44:02Z</time></trkpt>
<trkpt lat="33.0550195" lon="35.2316525"><ele>369.0</ele><time>2026-05-13T04:44:03Z</time></trkpt>
<trkpt lat="33.0550729" lon="35.2316532"><ele>368.9</ele><time>2026-05-13T04:44:04Z</time></trkpt>
<trkpt lat="33.0551278" lon="35.2316553"><ele>368.7</ele><time>2026-05-13T04:44:05Z</time></trkpt>
<trkpt lat="33.0551831" lon="35.2316581"><ele>368.6</ele><time>2026-05-13T04:44:06Z</time></trkpt>
<trkpt lat="33.0552375" lon="35.231661"><ele>368.5</ele><time>2026-05-13T04:44:07Z</time></trkpt>
<trkpt lat="33.0552902" lon="35.2316637"><ele>368.4</ele><time>2026-05-13T04:44:08Z</time></trkpt>
<trkpt lat="33.0553415" lon="35.2316653"><ele>368.3</ele><time>2026-05-13T04:44:09Z</time></trkpt>
<trkpt lat="33.0553928" lon="35.2316646"><ele>368.1</ele><time>2026-05-13T04:44:10Z</time></trkpt>
<trkpt lat="33.0554453" lon="35.2316605"><ele>368.0</ele><time>2026-05-13T04:44:11Z</time></trkpt>
<trkpt lat="33.0554988" lon="35.2316521"><ele>367.9</ele><time>2026-05-13T04:44:12Z</time></trkpt>
<trkpt lat="33.0555528" lon="35.2316391"><ele>367.8</ele><time>2026-05-13T04:44:13Z</time></trkpt>
<trkpt lat="33.0556072" lon="35.2316235"><ele>367.7</ele><time>2026-05-13T04:44:14Z</time></trkpt>
<trkpt lat="33.0556619" lon="35.231606"><ele>367.5</ele><time>2026-05-13T04:44:15Z</time></trkpt>
<trkpt lat="33.0557162" lon="35.2315866"><ele>367.4</ele><time>2026-05-13T04:44:16Z</time></trkpt>
<trkpt lat="33.0557707" lon="35.2315654"><ele>367.3</ele><time>2026-05-13T04:44:17Z</time></trkpt>
<trkpt lat="33.055826" lon="35.2315419"><ele>367.1</ele><time>2026-05-13T04:44:18Z</time></trkpt>
<trkpt lat="33.0558814" lon="35.2315153"><ele>366.9</ele><time>2026-05-13T04:44:19Z</time></trkpt>
<trkpt lat="33.0559361" lon="35.2314856"><ele>366.7</ele><time>2026-05-13T04:44:20Z</time></trkpt>
<trkpt lat="33.0559887" lon="35.2314544"><ele>366.5</ele><time>2026-05-13T04:44:21Z</time></trkpt>
<trkpt lat="33.0560436" lon="35.2314234"><ele>366.3</ele><time>2026-05-13T04:44:22Z</time></trkpt>
<trkpt lat="33.0561027" lon="35.2313894"><ele>366.0</ele><time>2026-05-13T04:44:23Z</time></trkpt>
<trkpt lat="33.0561634" lon="35.2313493"><ele>365.8</ele><time>2026-05-13T04:44:24Z</time></trkpt>
<trkpt lat="33.0562252" lon="35.2313022"><ele>365.5</ele><time>2026-05-13T04:44:25Z</time></trkpt>
<trkpt lat="33.0562848" lon="35.2312542"><ele>365.2</ele><time>2026-05-13T04:44:26Z</time></trkpt>
<trkpt lat="33.0563361" lon="35.231204"><ele>364.8</ele><time>2026-05-13T04:44:27Z</time></trkpt>
<trkpt lat="33.0563799" lon="35.2311494"><ele>364.5</ele><time>2026-05-13T04:44:28Z</time></trkpt>
<trkpt lat="33.0564197" lon="35.2310952"><ele>364.1</ele><time>2026-05-13T04:44:29Z</time></trkpt>
<trkpt lat="33.0564554" lon="35.2310401"><ele>363.8</ele><time>2026-05-13T04:44:30Z</time></trkpt>
<trkpt lat="33.0564835" lon="35.2309777"><ele>363.4</ele><time>2026-05-13T04:44:31Z</time></trkpt>
<trkpt lat="33.0565012" lon="35.230906"><ele>363.0</ele><time>2026-05-13T04:44:32Z</time></trkpt>
<trkpt lat="33.0565114" lon="35.2308301"><ele>362.6</ele><time>2026-05-13T04:44:33Z</time></trkpt>
<trkpt lat="33.0565175" lon="35.2307532"><ele>362.3</ele><time>2026-05-13T04:44:34Z</time></trkpt>
<trkpt lat="33.0565224" lon="35.2306778"><ele>361.9</ele><time>2026-05-13T04:44:35Z</time></trkpt>
<trkpt lat="33.056527" lon="35.230606"><ele>361.5</ele><time>2026-05-13T04:44:36Z</time></trkpt>
<trkpt lat="33.0565304" lon="35.2305388"><ele>361.0</ele><time>2026-05-13T04:44:37Z</time></trkpt>
<trkpt lat="33.0565326" lon="35.2304752"><ele>360.6</ele><time>2026-05-13T04:44:38Z</time></trkpt>
<trkpt lat="33.0565344" lon="35.2304139"><ele>360.2</ele><time>2026-05-13T04:44:39Z</time></trkpt>
<trkpt lat="33.0565348" lon="35.2303525"><ele>359.8</ele><time>2026-05-13T04:44:40Z</time></trkpt>
<trkpt lat="33.0565313" lon="35.2302884"><ele>359.4</ele><time>2026-05-13T04:44:41Z</time></trkpt>
<trkpt lat="33.0565231" lon="35.2302212"><ele>359.0</ele><time>2026-05-13T04:44:42Z</time></trkpt>
<trkpt lat="33.0565049" lon="35.230153"><ele>358.5</ele><time>2026-05-13T04:44:43Z</time></trkpt>
<trkpt lat="33.0564766" lon="35.2300855"><ele>358.1</ele><time>2026-05-13T04:44:44Z</time></trkpt>
<trkpt lat="33.056447" lon="35.230017"><ele>357.6</ele><time>2026-05-13T04:44:45Z</time></trkpt>
<trkpt lat="33.0564198" lon="35.2299448"><ele>357.2</ele><time>2026-05-13T04:44:46Z</time></trkpt>
<trkpt lat="33.0563918" lon="35.2298705"><ele>356.7</ele><time>2026-05-13T04:44:47Z</time></trkpt>
<trkpt lat="33.0563618" lon="35.2297971"><ele>356.3</ele><time>2026-05-13T04:44:48Z</time></trkpt>
<trkpt lat="33.0563327" lon="35.2297294"><ele>355.8</ele><time>2026-05-13T04:44:49Z</time></trkpt>
<trkpt lat="33.0563052" lon="35.2296678"><ele>355.3</ele><time>2026-05-13T04:44:50Z</time></trkpt>
<trkpt lat="33.0562772" lon="35.2296081"><ele>354.9</ele><time>2026-05-13T04:44:51Z</time></trkpt>
<trkpt lat="33.0562477" lon="35.2295494"><ele>354.4</ele><time>2026-05-13T04:44:52Z</time></trkpt>
<trkpt lat="33.0562169" lon="35.2294909"><ele>354.0</ele><time>2026-05-13T04:44:53Z</time></trkpt>
<trkpt lat="33.0561832" lon="35.2294318"><ele>353.5</ele><time>2026-05-13T04:44:54Z</time></trkpt>
<trkpt lat="33.0561446" lon="35.2293732"><ele>353.1</ele><time>2026-05-13T04:44:55Z</time></trkpt>
<trkpt lat="33.0561036" lon="35.2293175"><ele>352.7</ele><time>2026-05-13T04:44:56Z</time></trkpt>
<trkpt lat="33.0560633" lon="35.2292651"><ele>352.3</ele><time>2026-05-13T04:44:57Z</time></trkpt>
<trkpt lat="33.056024" lon="35.2292145"><ele>351.9</ele><time>2026-05-13T04:44:58Z</time></trkpt>
<trkpt lat="33.0559862" lon="35.2291634"><ele>351.5</ele><time>2026-05-13T04:44:59Z</time></trkpt>
<trkpt lat="33.0559508" lon="35.2291113"><ele>351.1</ele><time>2026-05-13T04:45:00Z</time></trkpt>
<trkpt lat="33.0559172" lon="35.2290573"><ele>350.7</ele><time>2026-05-13T04:45:01Z</time></trkpt>
<trkpt lat="33.0558837" lon="35.2290009"><ele>350.4</ele><time>2026-05-13T04:45:02Z</time></trkpt>
<trkpt lat="33.0558494" lon="35.2289422"><ele>350.0</ele><time>2026-05-13T04:45:03Z</time></trkpt>
<trkpt lat="33.0558152" lon="35.2288815"><ele>349.6</ele><time>2026-05-13T04:45:04Z</time></trkpt>
<trkpt lat="33.0557824" lon="35.2288197"><ele>349.2</ele><time>2026-05-13T04:45:05Z</time></trkpt>
<trkpt lat="33.0557501" lon="35.228757"><ele>348.9</ele><time>2026-05-13T04:45:06Z</time></trkpt>
<trkpt lat="33.0557173" lon="35.2286927"><ele>348.5</ele><time>2026-05-13T04:45:07Z</time></trkpt>
<trkpt lat="33.0556839" lon="35.2286273"><ele>348.1</ele><time>2026-05-13T04:45:08Z</time></trkpt>
<trkpt lat="33.0556493" lon="35.2285599"><ele>347.7</ele><time>2026-05-13T04:45:09Z</time></trkpt>
<trkpt lat="33.0556134" lon="35.2284904"><ele>347.2</ele><time>2026-05-13T04:45:10Z</time></trkpt>
<trkpt lat="33.0555765" lon="35.2284215"><ele>346.8</ele><time>2026-05-13T04:45:11Z</time></trkpt>
<trkpt lat="33.0555375" lon="35.2283517"><ele>346.3</ele><time>2026-05-13T04:45:12Z</time></trkpt>
<trkpt lat="33.0554969" lon="35.228281"><ele>345.8</ele><time>2026-05-13T04:45:13Z</time></trkpt>
<trkpt lat="33.0554549" lon="35.2282124"><ele>345.3</ele><time>2026-05-13T04:45:14Z</time></trkpt>
<trkpt lat="33.0554116" lon="35.2281461"><ele>344.8</ele><time>2026-05-13T04:45:15Z</time></trkpt>
<trkpt lat="33.055369" lon="35.2280857"><ele>344.3</ele><time>2026-05-13T04:45:16Z</time></trkpt>
<trkpt lat="33.0553275" lon="35.2280281"><ele>343.8</ele><time>2026-05-13T04:45:17Z</time></trkpt>
<trkpt lat="33.0552854" lon="35.2279699"><ele>343.3</ele><time>2026-05-13T04:45:18Z</time></trkpt>
<trkpt lat="33.0552416" lon="35.2279149"><ele>342.8</ele><time>2026-05-13T04:45:19Z</time></trkpt>
<trkpt lat="33.0551967" lon="35.2278622"><ele>342.3</ele><time>2026-05-13T04:45:20Z</time></trkpt>
<trkpt lat="33.0551491" lon="35.2278107"><ele>341.8</ele><time>2026-05-13T04:45:21Z</time></trkpt>
<trkpt lat="33.0550973" lon="35.2277592"><ele>341.4</ele><time>2026-05-13T04:45:22Z</time></trkpt>
<trkpt lat="33.0550454" lon="35.2277063"><ele>340.9</ele><time>2026-05-13T04:45:23Z</time></trkpt>
<trkpt lat="33.0549945" lon="35.2276536"><ele>340.5</ele><time>2026-05-13T04:45:24Z</time></trkpt>
<trkpt lat="33.0549442" lon="35.2276023"><ele>340.0</ele><time>2026-05-13T04:45:25Z</time></trkpt>
<trkpt lat="33.0548992" lon="35.2275466"><ele>339.6</ele><time>2026-05-13T04:45:26Z</time></trkpt>
<trkpt lat="33.054861" lon="35.2274866"><ele>339.2</ele><time>2026-05-13T04:45:27Z</time></trkpt>
<trkpt lat="33.0548282" lon="35.2274271"><ele>338.7</ele><time>2026-05-13T04:45:28Z</time></trkpt>
<trkpt lat="33.0547998" lon="35.2273656"><ele>338.3</ele><time>2026-05-13T04:45:29Z</time></trkpt>
<trkpt lat="33.0547736" lon="35.2273012"><ele>337.8</ele><time>2026-05-13T04:45:30Z</time></trkpt>
<trkpt lat="33.0547465" lon="35.2272327"><ele>337.3</ele><time>2026-05-13T04:45:31Z</time></trkpt>
<trkpt lat="33.0547174" lon="35.2271636"><ele>336.8</ele><time>2026-05-13T04:45:32Z</time></trkpt>
<trkpt lat="33.0546841" lon="35.2270972"><ele>336.2</ele><time>2026-05-13T04:45:33Z</time></trkpt>
<trkpt lat="33.0546434" lon="35.2270335"><ele>335.7</ele><time>2026-05-13T04:45:34Z</time></trkpt>
<trkpt lat="33.0545968" lon="35.2269704"><ele>335.1</ele><time>2026-05-13T04:45:35Z</time></trkpt>
<trkpt lat="33.0545447" lon="35.2269071"><ele>334.5</ele><time>2026-05-13T04:45:36Z</time></trkpt>
<trkpt lat="33.0544888" lon="35.2268452"><ele>333.9</ele><time>2026-05-13T04:45:37Z</time></trkpt>
<trkpt lat="33.0544308" lon="35.2267868"><ele>333.3</ele><time>2026-05-13T04:45:38Z</time></trkpt>
<trkpt lat="33.0543657" lon="35.2267272"><ele>332.8</ele><time>2026-05-13T04:45:39Z</time></trkpt>
<trkpt lat="33.0542964" lon="35.2266637"><ele>332.2</ele><time>2026-05-13T04:45:40Z</time></trkpt>
<trkpt lat="33.0542277" lon="35.2265977"><ele>331.6</ele><time>2026-05-13T04:45:41Z</time></trkpt>
<trkpt lat="33.0541601" lon="35.2265299"><ele>331.1</ele><time>2026-05-13T04:45:42Z</time></trkpt>
<trkpt lat="33.0540936" lon="35.226462"><ele>330.5</ele><time>2026-05-13T04:45:43Z</time></trkpt>
<trkpt lat="33.0540251" lon="35.2263951"><ele>329.9</ele><time>2026-05-13T04:45:44Z</time></trkpt>
<trkpt lat="33.0539573" lon="35.2263289"><ele>329.4</ele><time>2026-05-13T04:45:45Z</time></trkpt>
<trkpt lat="33.0538909" lon="35.2262599"><ele>328.8</ele><time>2026-05-13T04:45:46Z</time></trkpt>
<trkpt lat="33.0538256" lon="35.2261871"><ele>328.3</ele><time>2026-05-13T04:45:47Z</time></trkpt>
<trkpt lat="33.053758" lon="35.2261097"><ele>327.8</ele><time>2026-05-13T04:45:48Z</time></trkpt>
<trkpt lat="33.0536882" lon="35.2260313"><ele>327.3</ele><time>2026-05-13T04:45:49Z</time></trkpt>
<trkpt lat="33.0536232" lon="35.2259578"><ele>326.8</ele><time>2026-05-13T04:45:50Z</time></trkpt>
<trkpt lat="33.0535641" lon="35.2258865"><ele>326.3</ele><time>2026-05-13T04:45:51Z</time></trkpt>
<trkpt lat="33.0535055" lon="35.2258162"><ele>325.9</ele><time>2026-05-13T04:45:52Z</time></trkpt>
<trkpt lat="33.0534443" lon="35.2257472"><ele>325.5</ele><time>2026-05-13T04:45:53Z</time></trkpt>
<trkpt lat="33.0533844" lon="35.2256746"><ele>325.1</ele><time>2026-05-13T04:45:54Z</time></trkpt>
<trkpt lat="33.05333" lon="35.2255978"><ele>324.8</ele><time>2026-05-13T04:45:55Z</time></trkpt>
<trkpt lat="33.0532831" lon="35.2255203"><ele>324.5</ele><time>2026-05-13T04:45:56Z</time></trkpt>
<trkpt lat="33.0532426" lon="35.2254405"><ele>324.2</ele><time>2026-05-13T04:45:57Z</time></trkpt>
<trkpt lat="33.0532057" lon="35.2253569"><ele>323.9</ele><time>2026-05-13T04:45:58Z</time></trkpt>
<trkpt lat="33.0531705" lon="35.2252693"><ele>323.6</ele><time>2026-05-13T04:45:59Z</time></trkpt>
<trkpt lat="33.0531373" lon="35.2251768"><ele>323.3</ele><time>2026-05-13T04:46:00Z</time></trkpt>
<trkpt lat="33.0531071" lon="35.2250805"><ele>322.9</ele><time>2026-05-13T04:46:01Z</time></trkpt>
<trkpt lat="33.0530784" lon="35.2249839"><ele>322.6</ele><time>2026-05-13T04:46:02Z</time></trkpt>
<trkpt lat="33.0530491" lon="35.2248871"><ele>322.1</ele><time>2026-05-13T04:46:03Z</time></trkpt>
<trkpt lat="33.0530174" lon="35.224789"><ele>321.7</ele><time>2026-05-13T04:46:04Z</time></trkpt>
<trkpt lat="33.0529819" lon="35.2246914"><ele>321.2</ele><time>2026-05-13T04:46:05Z</time></trkpt>
<trkpt lat="33.0529426" lon="35.2245941"><ele>320.7</ele><time>2026-05-13T04:46:06Z</time></trkpt>
<trkpt lat="33.0529007" lon="35.2244935"><ele>320.1</ele><time>2026-05-13T04:46:07Z</time></trkpt>
<trkpt lat="33.0528556" lon="35.2243918"><ele>319.6</ele><time>2026-05-13T04:46:08Z</time></trkpt>
<trkpt lat="33.0528098" lon="35.2242983"><ele>319.0</ele><time>2026-05-13T04:46:09Z</time></trkpt>
<trkpt lat="33.0527674" lon="35.2242111"><ele>318.4</ele><time>2026-05-13T04:46:10Z</time></trkpt>
<trkpt lat="33.0527261" lon="35.2241254"><ele>317.8</ele><time>2026-05-13T04:46:11Z</time></trkpt>
<trkpt lat="33.052685" lon="35.2240357"><ele>317.3</ele><time>2026-05-13T04:46:12Z</time></trkpt>
<trkpt lat="33.0526484" lon="35.2239335"><ele>316.7</ele><time>2026-05-13T04:46:13Z</time></trkpt>
<trkpt lat="33.0526172" lon="35.2238285"><ele>316.1</ele><time>2026-05-13T04:46:14Z</time></trkpt>
<trkpt lat="33.0525871" lon="35.2237288"><ele>315.6</ele><time>2026-05-13T04:46:15Z</time></trkpt>
<trkpt lat="33.0525545" lon="35.2236303"><ele>315.0</ele><time>2026-05-13T04:46:16Z</time></trkpt>
<trkpt lat="33.0525167" lon="35.2235352"><ele>314.4</ele><time>2026-05-13T04:46:17Z</time></trkpt>
<trkpt lat="33.0524703" lon="35.2234488"><ele>313.8</ele><time>2026-05-13T04:46:18Z</time></trkpt>
<trkpt lat="33.0524137" lon="35.2233763"><ele>313.3</ele><time>2026-05-13T04:46:19Z</time></trkpt>
<trkpt lat="33.0523473" lon="35.2233231"><ele>312.7</ele><time>2026-05-13T04:46:20Z</time></trkpt>
<trkpt lat="33.0522772" lon="35.2232913"><ele>312.1</ele><time>2026-05-13T04:46:21Z</time></trkpt>
<trkpt lat="33.052206" lon="35.2232716"><ele>311.6</ele><time>2026-05-13T04:46:22Z</time></trkpt>
<trkpt lat="33.0521328" lon="35.2232529"><ele>311.1</ele><time>2026-05-13T04:46:23Z</time></trkpt>
<trkpt lat="33.0520603" lon="35.2232327"><ele>310.6</ele><time>2026-05-13T04:46:24Z</time></trkpt>
<trkpt lat="33.0519908" lon="35.2232151"><ele>310.1</ele><time>2026-05-13T04:46:25Z</time></trkpt>
<trkpt lat="33.0519254" lon="35.2232007"><ele>309.7</ele><time>2026-05-13T04:46:26Z</time></trkpt>
<trkpt lat="33.0518636" lon="35.2231925"><ele>309.3</ele><time>2026-05-13T04:46:27Z</time></trkpt>
<trkpt lat="33.0518051" lon="35.2231899"><ele>309.0</ele><time>2026-05-13T04:46:28Z</time></trkpt>
<trkpt lat="33.051748" lon="35.2231867"><ele>308.6</ele><time>2026-05-13T04:46:29Z</time></trkpt>
<trkpt lat="33.0516889" lon="35.223185"><ele>308.3</ele><time>2026-05-13T04:46:30Z</time></trkpt>
<trkpt lat="33.0516287" lon="35.2231853"><ele>308.0</ele><time>2026-05-13T04:46:31Z</time></trkpt>
<trkpt lat="33.0515702" lon="35.2231863"><ele>307.7</ele><time>2026-05-13T04:46:32Z</time></trkpt>
<trkpt lat="33.0515141" lon="35.2231873"><ele>307.4</ele><time>2026-05-13T04:46:33Z</time></trkpt>
<trkpt lat="33.0514613" lon="35.2231883"><ele>307.1</ele><time>2026-05-13T04:46:34Z</time></trkpt>
<trkpt lat="33.0514122" lon="35.2231902"><ele>306.8</ele><time>2026-05-13T04:46:35Z</time></trkpt>
<trkpt lat="33.0513674" lon="35.2231926"><ele>306.6</ele><time>2026-05-13T04:46:36Z</time></trkpt>
<trkpt lat="33.0513281" lon="35.2231948"><ele>306.3</ele><time>2026-05-13T04:46:37Z</time></trkpt>
<trkpt lat="33.0512937" lon="35.2231974"><ele>306.0</ele><time>2026-05-13T04:46:38Z</time></trkpt>
<trkpt lat="33.0512622" lon="35.2231999"><ele>305.8</ele><time>2026-05-13T04:46:39Z</time></trkpt>
<trkpt lat="33.051233" lon="35.2232013"><ele>305.5</ele><time>2026-05-13T04:46:40Z</time></trkpt>
<trkpt lat="33.0512066" lon="35.2232016"><ele>305.2</ele><time>2026-05-13T04:46:41Z</time></trkpt>
<trkpt lat="33.0511836" lon="35.2232019"><ele>305.0</ele><time>2026-05-13T04:46:42Z</time></trkpt>
<trkpt lat="33.0511638" lon="35.2232019"><ele>304.8</ele><time>2026-05-13T04:46:43Z</time></trkpt>
<trkpt lat="33.0511476" lon="35.2232015"><ele>304.6</ele><time>2026-05-13T04:46:44Z</time></trkpt>
<trkpt lat="33.0511352" lon="35.2232015"><ele>304.3</ele><time>2026-05-13T04:46:45Z</time></trkpt>
<trkpt lat="33.0511251" lon="35.2232016"><ele>304.2</ele><time>2026-05-13T04:46:46Z</time></trkpt>
<trkpt lat="33.0511178" lon="35.2232017"><ele>304.0</ele><time>2026-05-13T04:46:47Z</time></trkpt>
<trkpt lat="33.0511138" lon="35.2232016"><ele>303.8</ele><time>2026-05-13T04:46:48Z</time></trkpt>
<trkpt lat="33.0511118" lon="35.2232009"><ele>303.7</ele><time>2026-05-13T04:46:49Z</time></trkpt>
<trkpt lat="33.051111" lon="35.2232"><ele>303.6</ele><time>2026-05-13T04:46:50Z</time></trkpt>
<trkpt lat="33.0511107" lon="35.2231988"><ele>303.5</ele><time>2026-05-13T04:46:51Z</time></trkpt>
<trkpt lat="33.0511108" lon="35.2231975"><ele>303.5</ele><time>2026-05-13T04:46:52Z</time></trkpt>
<trkpt lat="33.0511109" lon="35.2231962"><ele>303.4</ele><time>2026-05-13T04:46:53Z</time></trkpt>
<trkpt lat="33.051111" lon="35.2231949"><ele>303.4</ele><time>2026-05-13T04:46:54Z</time></trkpt>
<trkpt lat="33.051111" lon="35.2231937"><ele>303.4</ele><time>2026-05-13T04:46:55Z</time></trkpt>
<trkpt lat="33.0511107" lon="35.2231925"><ele>303.4</ele><time>2026-05-13T04:46:56Z</time></trkpt>
<trkpt lat="33.0511102" lon="35.2231913"><ele>303.4</ele><time>2026-05-13T04:46:57Z</time></trkpt>
<trkpt lat="33.0511096" lon="35.2231901"><ele>303.4</ele><time>2026-05-13T04:46:58Z</time></trkpt>
<trkpt lat="33.051109" lon="35.2231891"><ele>303.5</ele><time>2026-05-13T04:46:59Z</time></trkpt>
<trkpt lat="33.0511086" lon="35.2231882"><ele>303.5</ele><time>2026-05-13T04:47:00Z</time></trkpt>
<trkpt lat="33.0511081" lon="35.2231873"><ele>303.6</ele><time>2026-05-13T04:47:01Z</time></trkpt>
<trkpt lat="33.0511074" lon="35.2231864"><ele>303.6</ele><time>2026-05-13T04:47:02Z</time></trkpt>
<trkpt lat="33.0511067" lon="35.2231854"><ele>303.7</ele><time>2026-05-13T04:47:03Z</time></trkpt>
<trkpt lat="33.0511058" lon="35.2231845"><ele>303.7</ele><time>2026-05-13T04:47:04Z</time></trkpt>
<trkpt lat="33.0511048" lon="35.2231836"><ele>303.8</ele><time>2026-05-13T04:47:05Z</time></trkpt>
<trkpt lat="33.0511038" lon="35.2231828"><ele>303.8</ele><time>2026-05-13T04:47:06Z</time></trkpt>
<trkpt lat="33.0511028" lon="35.2231821"><ele>303.9</ele><time>2026-05-13T04:47:07Z</time></trkpt>
<trkpt lat="33.0511018" lon="35.2231814"><ele>303.9</ele><time>2026-05-13T04:47:08Z</time></trkpt>
<trkpt lat="33.0511008" lon="35.2231809"><ele>303.9</ele><time>2026-05-13T04:47:09Z</time></trkpt>
<trkpt lat="33.0510995" lon="35.2231804"><ele>304.0</ele><time>2026-05-13T04:47:10Z</time></trkpt>
<trkpt lat="33.0510982" lon="35.2231801"><ele>304.0</ele><time>2026-05-13T04:47:11Z</time></trkpt>
<trkpt lat="33.0510966" lon="35.22318"><ele>304.0</ele><time>2026-05-13T04:47:12Z</time></trkpt>
<trkpt lat="33.0510948" lon="35.2231799"><ele>304.0</ele><time>2026-05-13T04:47:13Z</time></trkpt>
<trkpt lat="33.0510935" lon="35.2231798"><ele>304.0</ele><time>2026-05-13T04:47:14Z</time></trkpt>
<trkpt lat="33.0510927" lon="35.2231796"><ele>304.0</ele><time>2026-05-13T04:47:15Z</time></trkpt>
<trkpt lat="33.0510924" lon="35.2231792"><ele>304.0</ele><time>2026-05-13T04:47:16Z</time></trkpt>
<trkpt lat="33.0510922" lon="35.2231788"><ele>304.0</ele><time>2026-05-13T04:47:17Z</time></trkpt>
<trkpt lat="33.0510922" lon="35.2231783"><ele>304.0</ele><time>2026-05-13T04:47:18Z</time></trkpt>
<trkpt lat="33.0510923" lon="35.2231778"><ele>303.9</ele><time>2026-05-13T04:47:19Z</time></trkpt>
<trkpt lat="33.0510925" lon="35.2231772"><ele>303.9</ele><time>2026-05-13T04:47:20Z</time></trkpt>
<trkpt lat="33.0510926" lon="35.2231766"><ele>303.9</ele><time>2026-05-13T04:47:21Z</time></trkpt>
<trkpt lat="33.0510927" lon="35.2231759"><ele>303.8</ele><time>2026-05-13T04:47:22Z</time></trkpt>
<trkpt lat="33.0510923" lon="35.2231754"><ele>303.8</ele><time>2026-05-13T04:47:23Z</time></trkpt>
<trkpt lat="33.0510916" lon="35.2231751"><ele>303.8</ele><time>2026-05-13T04:47:24Z</time></trkpt>
<trkpt lat="33.0510908" lon="35.2231749"><ele>303.7</ele><time>2026-05-13T04:47:25Z</time></trkpt>
<trkpt lat="33.0510899" lon="35.223175"><ele>303.7</ele><time>2026-05-13T04:47:26Z</time></trkpt>
<trkpt lat="33.0510891" lon="35.223175"><ele>303.7</ele><time>2026-05-13T04:47:27Z</time></trkpt>
<trkpt lat="33.051089" lon="35.2231749"><ele>303.7</ele><time>2026-05-13T04:47:28Z</time></trkpt>
<trkpt lat="33.0510892" lon="35.2231747"><ele>303.7</ele><time>2026-05-13T04:47:29Z</time></trkpt>
<trkpt lat="33.0510896" lon="35.2231745"><ele>303.6</ele><time>2026-05-13T04:47:30Z</time></trkpt>
<trkpt lat="33.05109" lon="35.2231743"><ele>303.6</ele><time>2026-05-13T04:47:31Z</time></trkpt>
<trkpt lat="33.0510905" lon="35.2231742"><ele>303.6</ele><time>2026-05-13T04:47:32Z</time></trkpt>
<trkpt lat="33.051091" lon="35.223174"><ele>303.6</ele><time>2026-05-13T04:47:33Z</time></trkpt>
<trkpt lat="33.0510913" lon="35.2231738"><ele>303.6</ele><time>2026-05-13T04:47:34Z</time></trkpt>
<trkpt lat="33.0510912" lon="35.2231736"><ele>303.6</ele><time>2026-05-13T04:47:35Z</time></trkpt>
<trkpt lat="33.0510906" lon="35.2231733"><ele>303.6</ele><time>2026-05-13T04:47:36Z</time></trkpt>
<trkpt lat="33.0510897" lon="35.2231728"><ele>303.6</ele><time>2026-05-13T04:47:37Z</time></trkpt>
<trkpt lat="33.051089" lon="35.223172"><ele>303.6</ele><time>2026-05-13T04:47:38Z</time></trkpt>
<trkpt lat="33.0510889" lon="35.2231706"><ele>303.6</ele><time>2026-05-13T04:47:39Z</time></trkpt>
<trkpt lat="33.0510894" lon="35.2231687"><ele>303.7</ele><time>2026-05-13T04:47:40Z</time></trkpt>
<trkpt lat="33.0510903" lon="35.2231664"><ele>303.7</ele><time>2026-05-13T04:47:41Z</time></trkpt>
<trkpt lat="33.0510913" lon="35.2231637"><ele>303.7</ele><time>2026-05-13T04:47:42Z</time></trkpt>
<trkpt lat="33.0510923" lon="35.223161"><ele>303.7</ele><time>2026-05-13T04:47:43Z</time></trkpt>
<trkpt lat="33.0510931" lon="35.2231582"><ele>303.7</ele><time>2026-05-13T04:47:44Z</time></trkpt>
<trkpt lat="33.0510937" lon="35.2231555"><ele>303.7</ele><time>2026-05-13T04:47:45Z</time></trkpt>
<trkpt lat="33.0510936" lon="35.2231531"><ele>303.7</ele><time>2026-05-13T04:47:46Z</time></trkpt>
<trkpt lat="33.0510934" lon="35.223151"><ele>303.7</ele><time>2026-05-13T04:47:47Z</time></trkpt>
<trkpt lat="33.0510932" lon="35.2231491"><ele>303.7</ele><time>2026-05-13T04:47:48Z</time></trkpt>
<trkpt lat="33.0510934" lon="35.2231474"><ele>303.7</ele><time>2026-05-13T04:47:49Z</time></trkpt>
<trkpt lat="33.0510939" lon="35.2231459"><ele>303.7</ele><time>2026-05-13T04:47:50Z</time></trkpt>
<trkpt lat="33.0510946" lon="35.2231447"><ele>303.7</ele><time>2026-05-13T04:47:51Z</time></trkpt>
<trkpt lat="33.0510952" lon="35.2231436"><ele>303.7</ele><time>2026-05-13T04:47:52Z</time></trkpt>
<trkpt lat="33.0510957" lon="35.2231428"><ele>303.7</ele><time>2026-05-13T04:47:53Z</time></trkpt>
<trkpt lat="33.0510962" lon="35.2231422"><ele>303.6</ele><time>2026-05-13T04:47:54Z</time></trkpt>
<trkpt lat="33.0510965" lon="35.2231417"><ele>303.6</ele><time>2026-05-13T04:47:55Z</time></trkpt>
<trkpt lat="33.0510968" lon="35.2231413"><ele>303.6</ele><time>2026-05-13T04:47:56Z</time></trkpt>
<trkpt lat="33.051097" lon="35.223141"><ele>303.6</ele><time>2026-05-13T04:47:57Z</time></trkpt>
<trkpt lat="33.0510972" lon="35.2231407"><ele>303.5</ele><time>2026-05-13T04:47:58Z</time></trkpt>
<trkpt lat="33.0510974" lon="35.2231405"><ele>303.5</ele><time>2026-05-13T04:47:59Z</time></trkpt>
<trkpt lat="33.0510975" lon="35.2231403"><ele>303.5</ele><time>2026-05-13T04:48:00Z</time></trkpt>
<trkpt lat="33.0510976" lon="35.2231402"><ele>303.5</ele><time>2026-05-13T04:48:01Z</time></trkpt>
<trkpt lat="33.0510977" lon="35.22314"><ele>303.5</ele><time>2026-05-13T04:48:02Z</time></trkpt>
<trkpt lat="33.0510978" lon="35.2231399"><ele>303.5</ele><time>2026-05-13T04:48:03Z</time></trkpt>
<trkpt lat="33.0510979" lon="35.2231398"><ele>303.5</ele><time>2026-05-13T04:48:04Z</time></trkpt>
<trkpt lat="33.051098" lon="35.2231397"><ele>303.6</ele><time>2026-05-13T04:48:05Z</time></trkpt>
<trkpt lat="33.051098" lon="35.2231396"><ele>303.6</ele><time>2026-05-13T04:48:06Z</time></trkpt>
<trkpt lat="33.051098" lon="35.2231396"><ele>303.6</ele><time>2026-05-13T04:48:07Z</time></trkpt>
<trkpt lat="33.0510981" lon="35.2231395"><ele>303.6</ele><time>2026-05-13T04:48:08Z</time></trkpt>
<trkpt lat="33.0510981" lon="35.2231395"><ele>303.7</ele><time>2026-05-13T04:48:09Z</time></trkpt>
<trkpt lat="33.0510981" lon="35.2231395"><ele>303.7</ele><time>2026-05-13T04:48:10Z</time></trkpt>
<trkpt lat="33.0510981" lon="35.2231395"><ele>303.7</ele><time>2026-05-13T04:48:11Z</time></trkpt>
<trkpt lat="33.0510982" lon="35.2231394"><ele>303.7</ele><time>2026-05-13T04:48:12Z</time></trkpt>
<trkpt lat="33.0510982" lon="35.2231394"><ele>303.7</ele><time>2026-05-13T04:48:13Z</time></trkpt>
<trkpt lat="33.0510982" lon="35.2231394"><ele>303.7</ele><time>2026-05-13T04:48:14Z</time></trkpt>
<trkpt lat="33.0510982" lon="35.2231394"><ele>303.7</ele><time>2026-05-13T04:48:15Z</time></trkpt>
<trkpt lat="33.0510982" lon="35.2231394"><ele>303.7</ele><time>2026-05-13T04:48:16Z</time></trkpt>
<trkpt lat="33.0510982" lon="35.2231394"><ele>303.7</ele><time>2026-05-13T04:48:17Z</time></trkpt>
<trkpt lat="33.0510982" lon="35.2231394"><ele>303.7</ele><time>2026-05-13T04:48:18Z</time></trkpt>
<trkpt lat="33.0510982" lon="35.2231394"><ele>303.7</ele><time>2026-05-13T04:48:19Z</time></trkpt>
<trkpt lat="33.0510982" lon="35.2231394"><ele>303.7</ele><time>2026-05-13T04:48:20Z</time></trkpt>
<trkpt lat="33.0510982" lon="35.2231394"><ele>303.8</ele><time>2026-05-13T04:48:21Z</time></trkpt>
<trkpt lat="33.0510982" lon="35.2231394"><ele>303.8</ele><time>2026-05-13T04:48:22Z</time></trkpt>
<trkpt lat="33.0510982" lon="35.2231394"><ele>303.8</ele><time>2026-05-13T04:48:23Z</time></trkpt>
<trkpt lat="33.0510982" lon="35.2231394"><ele>303.8</ele><time>2026-05-13T04:48:24Z</time></trkpt>
<trkpt lat="33.0510982" lon="35.2231394"><ele>303.8</ele><time>2026-05-13T04:48:25Z</time></trkpt>
<trkpt lat="33.0510982" lon="35.2231394"><ele>303.8</ele><time>2026-05-13T04:48:26Z</time></trkpt>
<trkpt lat="33.0510982" lon="35.2231394"><ele>303.8</ele><time>2026-05-13T04:48:27Z</time></trkpt>
<trkpt lat="33.0510982" lon="35.2231394"><ele>303.8</ele><time>2026-05-13T04:48:28Z</time></trkpt>
<trkpt lat="33.0510982" lon="35.2231394"><ele>303.8</ele><time>2026-05-13T04:48:29Z</time></trkpt>
<trkpt lat="33.0510982" lon="35.2231394"><ele>303.8</ele><time>2026-05-13T04:48:30Z</time></trkpt>
<trkpt lat="33.0510982" lon="35.2231394"><ele>303.8</ele><time>2026-05-13T04:48:31Z</time></trkpt>
<trkpt lat="33.0510982" lon="35.2231394"><ele>303.8</ele><time>2026-05-13T04:48:32Z</time></trkpt>
<trkpt lat="33.0510982" lon="35.2231394"><ele>303.8</ele><time>2026-05-13T04:48:33Z</time></trkpt>
<trkpt lat="33.0510982" lon="35.2231394"><ele>303.8</ele><time>2026-05-13T04:48:34Z</time></trkpt>
<trkpt lat="33.0510982" lon="35.2231394"><ele>303.8</ele><time>2026-05-13T04:48:35Z</time></trkpt>
<trkpt lat="33.0510982" lon="35.2231394"><ele>303.8</ele><time>2026-05-13T04:48:36Z</time></trkpt>
<trkpt lat="33.0510982" lon="35.2231394"><ele>303.8</ele><time>2026-05-13T04:48:37Z</time></trkpt>
<trkpt lat="33.0510982" lon="35.2231394"><ele>303.8</ele><time>2026-05-13T04:48:38Z</time></trkpt>
<trkpt lat="33.0510982" lon="35.2231394"><ele>303.8</ele><time>2026-05-13T04:48:39Z</time></trkpt>
<trkpt lat="33.0510982" lon="35.2231394"><ele>303.8</ele><time>2026-05-13T04:48:40Z</time></trkpt>
<trkpt lat="33.0510982" lon="35.2231394"><ele>303.8</ele><time>2026-05-13T04:48:41Z</time></trkpt>
<trkpt lat="33.0510982" lon="35.2231394"><ele>303.8</ele><time>2026-05-13T04:48:42Z</time></trkpt>
<trkpt lat="33.0510982" lon="35.2231394"><ele>303.8</ele><time>2026-05-13T04:48:43Z</time></trkpt>
<trkpt lat="33.0510982" lon="35.2231394"><ele>303.8</ele><time>2026-05-13T04:48:44Z</time></trkpt>
<trkpt lat="33.0510982" lon="35.2231394"><ele>303.8</ele><time>2026-05-13T04:48:45Z</time></trkpt>
<trkpt lat="33.0510982" lon="35.2231394"><ele>303.8</ele><time>2026-05-13T04:48:46Z</time></trkpt>
<trkpt lat="33.0510982" lon="35.2231394"><ele>303.8</ele><time>2026-05-13T04:48:47Z</time></trkpt>
<trkpt lat="33.0510982" lon="35.2231394"><ele>303.8</ele><time>2026-05-13T04:48:48Z</time></trkpt>
<trkpt lat="33.0510982" lon="35.2231394"><ele>303.8</ele><time>2026-05-13T04:48:49Z</time></trkpt>
<trkpt lat="33.0510982" lon="35.2231394"><ele>303.8</ele><time>2026-05-13T04:48:50Z</time></trkpt>
<trkpt lat="33.0510982" lon="35.2231394"><ele>303.8</ele><time>2026-05-13T04:48:51Z</time></trkpt>
<trkpt lat="33.0510982" lon="35.2231394"><ele>303.8</ele><time>2026-05-13T04:48:52Z</time></trkpt>
<trkpt lat="33.0510982" lon="35.2231394"><ele>303.8</ele><time>2026-05-13T04:48:53Z</time></trkpt>
<trkpt lat="33.0510982" lon="35.2231394"><ele>303.7</ele><time>2026-05-13T04:48:54Z</time></trkpt>
<trkpt lat="33.0510982" lon="35.2231394"><ele>303.7</ele><time>2026-05-13T04:48:55Z</time></trkpt>
<trkpt lat="33.0510982" lon="35.2231394"><ele>303.7</ele><time>2026-05-13T04:48:56Z</time></trkpt>
<trkpt lat="33.0510982" lon="35.2231394"><ele>303.7</ele><time>2026-05-13T04:48:57Z</time></trkpt>
<trkpt lat="33.0510982" lon="35.2231394"><ele>303.7</ele><time>2026-05-13T04:48:58Z</time></trkpt>
<trkpt lat="33.0510982" lon="35.2231394"><ele>303.7</ele><time>2026-05-13T04:48:59Z</time></trkpt>
<trkpt lat="33.0510982" lon="35.2231394"><ele>303.7</ele><time>2026-05-13T04:49:00Z</time></trkpt>
<trkpt lat="33.0510982" lon="35.2231394"><ele>303.6</ele><time>2026-05-13T04:49:01Z</time></trkpt>
<trkpt lat="33.0510982" lon="35.2231394"><ele>303.6</ele><time>2026-05-13T04:49:02Z</time></trkpt>
<trkpt lat="33.0510982" lon="35.2231394"><ele>303.6</ele><time>2026-05-13T04:49:03Z</time></trkpt>
<trkpt lat="33.0510982" lon="35.2231394"><ele>303.6</ele><time>2026-05-13T04:49:04Z</time></trkpt>
<trkpt lat="33.0510982" lon="35.2231394"><ele>303.6</ele><time>2026-05-13T04:49:05Z</time></trkpt>
<trkpt lat="33.0510982" lon="35.2231394"><ele>303.6</ele><time>2026-05-13T04:49:06Z</time></trkpt>
<trkpt lat="33.0510982" lon="35.2231394"><ele>303.6</ele><time>2026-05-13T04:49:07Z</time></trkpt>
<trkpt lat="33.0510982" lon="35.2231394"><ele>303.6</ele><time>2026-05-13T04:49:08Z</time></trkpt>
<trkpt lat="33.0510982" lon="35.2231394"><ele>303.6</ele><time>2026-05-13T04:49:09Z</time></trkpt>
<trkpt lat="33.0510982" lon="35.2231394"><ele>303.6</ele><time>2026-05-13T04:49:10Z</time></trkpt>
<trkpt lat="33.0510982" lon="35.2231394"><ele>303.5</ele><time>2026-05-13T04:49:11Z</time></trkpt>
<trkpt lat="33.0510982" lon="35.2231394"><ele>303.5</ele><time>2026-05-13T04:49:12Z</time></trkpt>
<trkpt lat="33.0510982" lon="35.2231394"><ele>303.5</ele><time>2026-05-13T04:49:13Z</time></trkpt>
<trkpt lat="33.0510982" lon="35.2231394"><ele>303.5</ele><time>2026-05-13T04:49:14Z</time></trkpt>
<trkpt lat="33.0510982" lon="35.2231394"><ele>303.5</ele><time>2026-05-13T04:49:15Z</time></trkpt>
<trkpt lat="33.0510982" lon="35.2231394"><ele>303.6</ele><time>2026-05-13T04:49:16Z</time></trkpt>
<trkpt lat="33.0510982" lon="35.2231394"><ele>303.6</ele><time>2026-05-13T04:49:17Z</time></trkpt>
<trkpt lat="33.0510982" lon="35.2231394"><ele>303.6</ele><time>2026-05-13T04:49:18Z</time></trkpt>
<trkpt lat="33.0510982" lon="35.2231394"><ele>303.6</ele><time>2026-05-13T04:49:19Z</time></trkpt>
<trkpt lat="33.0510982" lon="35.2231394"><ele>303.6</ele><time>2026-05-13T04:49:20Z</time></trkpt>
<trkpt lat="33.0510982" lon="35.2231394"><ele>303.6</ele><time>2026-05-13T04:49:21Z</time></trkpt>
<trkpt lat="33.0510982" lon="35.2231394"><ele>303.6</ele><time>2026-05-13T04:49:22Z</time></trkpt>
<trkpt lat="33.0510982" lon="35.2231394"><ele>303.6</ele><time>2026-05-13T04:49:23Z</time></trkpt>
<trkpt lat="33.0510982" lon="35.2231394"><ele>303.6</ele><time>2026-05-13T04:49:24Z</time></trkpt>
<trkpt lat="33.0510982" lon="35.2231394"><ele>303.6</ele><time>2026-05-13T04:49:25Z</time></trkpt>
<trkpt lat="33.0510982" lon="35.2231394"><ele>303.6</ele><time>2026-05-13T04:49:26Z</time></trkpt>
<trkpt lat="33.0510982" lon="35.2231394"><ele>303.6</ele><time>2026-05-13T04:49:27Z</time></trkpt>
<trkpt lat="33.0510982" lon="35.2231394"><ele>303.5</ele><time>2026-05-13T04:49:28Z</time></trkpt>
<trkpt lat="33.0510982" lon="35.2231394"><ele>303.5</ele><time>2026-05-13T04:49:29Z</time></trkpt>
<trkpt lat="33.0510982" lon="35.2231394"><ele>303.5</ele><time>2026-05-13T04:49:30Z</time></trkpt>
<trkpt lat="33.0510982" lon="35.2231394"><ele>303.5</ele><time>2026-05-13T04:49:31Z</time></trkpt>
<trkpt lat="33.0510982" lon="35.2231394"><ele>303.5</ele><time>2026-05-13T04:49:32Z</time></trkpt>
<trkpt lat="33.0510982" lon="35.2231394"><ele>303.5</ele><time>2026-05-13T04:49:33Z</time></trkpt>
<trkpt lat="33.0510982" lon="35.2231394"><ele>303.5</ele><time>2026-05-13T04:49:34Z</time></trkpt>
<trkpt lat="33.0510982" lon="35.2231394"><ele>303.5</ele><time>2026-05-13T04:49:35Z</time></trkpt>
<trkpt lat="33.0510982" lon="35.2231394"><ele>303.5</ele><time>2026-05-13T04:49:36Z</time></trkpt>
<trkpt lat="33.0510982" lon="35.2231394"><ele>303.5</ele><time>2026-05-13T04:49:37Z</time></trkpt>
<trkpt lat="33.0510982" lon="35.2231394"><ele>303.5</ele><time>2026-05-13T04:49:38Z</time></trkpt>
<trkpt lat="33.0510982" lon="35.2231394"><ele>303.5</ele><time>2026-05-13T04:49:39Z</time></trkpt>
<trkpt lat="33.0510982" lon="35.2231394"><ele>303.5</ele><time>2026-05-13T04:49:40Z</time></trkpt>
<trkpt lat="33.0510982" lon="35.2231394"><ele>303.5</ele><time>2026-05-13T04:49:41Z</time></trkpt>
<trkpt lat="33.0510982" lon="35.2231394"><ele>303.5</ele><time>2026-05-13T04:49:42Z</time></trkpt>
<trkpt lat="33.0510982" lon="35.2231394"><ele>303.5</ele><time>2026-05-13T04:49:43Z</time></trkpt>
<trkpt lat="33.0510982" lon="35.2231394"><ele>303.5</ele><time>2026-05-13T04:49:44Z</time></trkpt>
<trkpt lat="33.0510982" lon="35.2231394"><ele>303.5</ele><time>2026-05-13T04:49:45Z</time></trkpt>
<trkpt lat="33.0510982" lon="35.2231394"><ele>303.4</ele><time>2026-05-13T04:49:46Z</time></trkpt>
<trkpt lat="33.0510982" lon="35.2231394"><ele>303.4</ele><time>2026-05-13T04:49:47Z</time></trkpt>
<trkpt lat="33.0510982" lon="35.2231394"><ele>303.4</ele><time>2026-05-13T04:49:48Z</time></trkpt>
<trkpt lat="33.0510982" lon="35.2231394"><ele>303.4</ele><time>2026-05-13T04:49:49Z</time></trkpt>
<trkpt lat="33.0510982" lon="35.2231394"><ele>303.3</ele><time>2026-05-13T04:49:50Z</time></trkpt>
<trkpt lat="33.0510982" lon="35.2231394"><ele>303.3</ele><time>2026-05-13T04:49:51Z</time></trkpt>
<trkpt lat="33.0510982" lon="35.2231394"><ele>303.3</ele><time>2026-05-13T04:49:52Z</time></trkpt>
<trkpt lat="33.0510982" lon="35.2231394"><ele>303.3</ele><time>2026-05-13T04:49:53Z</time></trkpt>
<trkpt lat="33.0510982" lon="35.2231394"><ele>303.3</ele><time>2026-05-13T04:49:54Z</time></trkpt>
<trkpt lat="33.0510982" lon="35.2231394"><ele>303.3</ele><time>2026-05-13T04:49:55Z</time></trkpt>
<trkpt lat="33.0510982" lon="35.2231394"><ele>303.3</ele><time>2026-05-13T04:49:56Z</time></trkpt>
<trkpt lat="33.0510982" lon="35.2231394"><ele>303.4</ele><time>2026-05-13T04:49:57Z</time></trkpt>
<trkpt lat="33.0510982" lon="35.2231394"><ele>303.4</ele><time>2026-05-13T04:49:58Z</time></trkpt>
<trkpt lat="33.0510982" lon="35.2231394"><ele>303.4</ele><time>2026-05-13T04:49:59Z</time></trkpt>
<trkpt lat="33.0510982" lon="35.2231394"><ele>303.4</ele><time>2026-05-13T04:50:00Z</time></trkpt>
<trkpt lat="33.0510982" lon="35.2231394"><ele>303.4</ele><time>2026-05-13T04:50:01Z</time></trkpt>
<trkpt lat="33.0510982" lon="35.2231394"><ele>303.4</ele><time>2026-05-13T04:50:02Z</time></trkpt>
<trkpt lat="33.0510982" lon="35.2231394"><ele>303.4</ele><time>2026-05-13T04:50:03Z</time></trkpt>
<trkpt lat="33.0510982" lon="35.2231394"><ele>303.4</ele><time>2026-05-13T04:50:04Z</time></trkpt>
<trkpt lat="33.0510982" lon="35.2231394"><ele>303.4</ele><time>2026-05-13T04:50:05Z</time></trkpt>
<trkpt lat="33.0510982" lon="35.2231394"><ele>303.3</ele><time>2026-05-13T04:50:06Z</time></trkpt>
<trkpt lat="33.0510982" lon="35.2231394"><ele>303.3</ele><time>2026-05-13T04:50:07Z</time></trkpt>
<trkpt lat="33.0510982" lon="35.2231394"><ele>303.3</ele><time>2026-05-13T04:50:08Z</time></trkpt>
<trkpt lat="33.0510982" lon="35.2231394"><ele>303.3</ele><time>2026-05-13T04:50:09Z</time></trkpt>
<trkpt lat="33.0510982" lon="35.2231394"><ele>303.3</ele><time>2026-05-13T04:50:10Z</time></trkpt>
<trkpt lat="33.0510982" lon="35.2231394"><ele>303.3</ele><time>2026-05-13T04:50:11Z</time></trkpt>
<trkpt lat="33.0510982" lon="35.2231394"><ele>303.3</ele><time>2026-05-13T04:50:12Z</time></trkpt>
<trkpt lat="33.0510982" lon="35.2231394"><ele>303.3</ele><time>2026-05-13T04:50:13Z</time></trkpt>
<trkpt lat="33.0510982" lon="35.2231394"><ele>303.3</ele><time>2026-05-13T04:50:14Z</time></trkpt>
<trkpt lat="33.0510982" lon="35.2231394"><ele>303.3</ele><time>2026-05-13T04:50:15Z</time></trkpt>
<trkpt lat="33.0510982" lon="35.2231394"><ele>303.3</ele><time>2026-05-13T04:50:16Z</time></trkpt>
<trkpt lat="33.0510982" lon="35.2231394"><ele>303.3</ele><time>2026-05-13T04:50:17Z</time></trkpt>
<trkpt lat="33.0510982" lon="35.2231394"><ele>303.3</ele><time>2026-05-13T04:50:18Z</time></trkpt>
<trkpt lat="33.0510982" lon="35.2231394"><ele>303.3</ele><time>2026-05-13T04:50:19Z</time></trkpt>
<trkpt lat="33.0510982" lon="35.2231394"><ele>303.3</ele><time>2026-05-13T04:50:20Z</time></trkpt>
<trkpt lat="33.0510982" lon="35.2231394"><ele>303.3</ele><time>2026-05-13T04:50:21Z</time></trkpt>
<trkpt lat="33.0510982" lon="35.2231394"><ele>303.3</ele><time>2026-05-13T04:50:22Z</time></trkpt>
<trkpt lat="33.0510982" lon="35.2231394"><ele>303.3</ele><time>2026-05-13T04:50:23Z</time></trkpt>
<trkpt lat="33.0510982" lon="35.2231394"><ele>303.3</ele><time>2026-05-13T04:50:24Z</time></trkpt>
<trkpt lat="33.0510982" lon="35.2231394"><ele>303.3</ele><time>2026-05-13T04:50:25Z</time></trkpt>
<trkpt lat="33.0510982" lon="35.2231394"><ele>303.4</ele><time>2026-05-13T04:50:26Z</time></trkpt>
<trkpt lat="33.0510982" lon="35.2231394"><ele>303.4</ele><time>2026-05-13T04:50:27Z</time></trkpt>
<trkpt lat="33.0510982" lon="35.2231394"><ele>303.4</ele><time>2026-05-13T04:50:28Z</time></trkpt>
<trkpt lat="33.0510982" lon="35.2231394"><ele>303.4</ele><time>2026-05-13T04:50:29Z</time></trkpt>
<trkpt lat="33.0510982" lon="35.2231394"><ele>303.4</ele><time>2026-05-13T04:50:30Z</time></trkpt>
<trkpt lat="33.0510982" lon="35.2231394"><ele>303.4</ele><time>2026-05-13T04:50:31Z</time></trkpt>
<trkpt lat="33.0510982" lon="35.2231394"><ele>303.4</ele><time>2026-05-13T04:50:32Z</time></trkpt>
<trkpt lat="33.0510982" lon="35.2231394"><ele>303.4</ele><time>2026-05-13T04:50:33Z</time></trkpt>
<trkpt lat="33.0510982" lon="35.2231394"><ele>303.4</ele><time>2026-05-13T04:50:34Z</time></trkpt>
<trkpt lat="33.0510982" lon="35.2231394"><ele>303.4</ele><time>2026-05-13T04:50:35Z</time></trkpt>
<trkpt lat="33.0510982" lon="35.2231394"><ele>303.4</ele><time>2026-05-13T04:50:36Z</time></trkpt>
<trkpt lat="33.0510982" lon="35.2231394"><ele>303.4</ele><time>2026-05-13T04:50:37Z</time></trkpt>
<trkpt lat="33.0510982" lon="35.2231394"><ele>303.3</ele><time>2026-05-13T04:50:38Z</time></trkpt>
<trkpt lat="33.0510982" lon="35.2231394"><ele>303.3</ele><time>2026-05-13T04:50:39Z</time></trkpt>
<trkpt lat="33.0510982" lon="35.2231394"><ele>303.3</ele><time>2026-05-13T04:50:40Z</time></trkpt>
<trkpt lat="33.0510982" lon="35.2231394"><ele>303.3</ele><time>2026-05-13T04:50:41Z</time></trkpt>
<trkpt lat="33.0510982" lon="35.2231394"><ele>303.3</ele><time>2026-05-13T04:50:42Z</time></trkpt>
<trkpt lat="33.0510982" lon="35.2231394"><ele>303.3</ele><time>2026-05-13T04:50:43Z</time></trkpt>
<trkpt lat="33.0510982" lon="35.2231394"><ele>303.3</ele><time>2026-05-13T04:50:44Z</time></trkpt>
<trkpt lat="33.0510982" lon="35.2231394"><ele>303.3</ele><time>2026-05-13T04:50:45Z</time></trkpt>
<trkpt lat="33.0510982" lon="35.2231394"><ele>303.3</ele><time>2026-05-13T04:50:46Z</time></trkpt>
<trkpt lat="33.0510982" lon="35.2231394"><ele>303.3</ele><time>2026-05-13T04:50:47Z</time></trkpt>
<trkpt lat="33.0510982" lon="35.2231394"><ele>303.3</ele><time>2026-05-13T04:50:48Z</time></trkpt>
<trkpt lat="33.0510982" lon="35.2231394"><ele>303.3</ele><time>2026-05-13T04:50:49Z</time></trkpt>
<trkpt lat="33.0510982" lon="35.2231394"><ele>303.3</ele><time>2026-05-13T04:50:50Z</time></trkpt>
<trkpt lat="33.0510982" lon="35.2231394"><ele>303.3</ele><time>2026-05-13T04:50:51Z</time></trkpt>
<trkpt lat="33.0510982" lon="35.2231394"><ele>303.3</ele><time>2026-05-13T04:50:52Z</time></trkpt>
<trkpt lat="33.0510982" lon="35.2231394"><ele>303.3</ele><time>2026-05-13T04:50:53Z</time></trkpt>
<trkpt lat="33.0510982" lon="35.2231394"><ele>303.3</ele><time>2026-05-13T04:50:54Z</time></trkpt>
<trkpt lat="33.0510982" lon="35.2231394"><ele>303.3</ele><time>2026-05-13T04:50:55Z</time></trkpt>
<trkpt lat="33.0510982" lon="35.2231394"><ele>303.3</ele><time>2026-05-13T04:50:56Z</time></trkpt>
<trkpt lat="33.0510982" lon="35.2231394"><ele>303.3</ele><time>2026-05-13T04:50:57Z</time></trkpt>
<trkpt lat="33.0510982" lon="35.2231394"><ele>303.2</ele><time>2026-05-13T04:50:58Z</time></trkpt>
<trkpt lat="33.0510982" lon="35.2231394"><ele>303.2</ele><time>2026-05-13T04:50:59Z</time></trkpt>
<trkpt lat="33.0510982" lon="35.2231394"><ele>303.2</ele><time>2026-05-13T04:51:00Z</time></trkpt>
<trkpt lat="33.0510982" lon="35.2231394"><ele>303.2</ele><time>2026-05-13T04:51:01Z</time></trkpt>
<trkpt lat="33.0510982" lon="35.2231394"><ele>303.2</ele><time>2026-05-13T04:51:02Z</time></trkpt>
<trkpt lat="33.0510982" lon="35.2231394"><ele>303.2</ele><time>2026-05-13T04:51:03Z</time></trkpt>
<trkpt lat="33.0510982" lon="35.2231394"><ele>303.2</ele><time>2026-05-13T04:51:04Z</time></trkpt>
<trkpt lat="33.0510982" lon="35.2231394"><ele>303.2</ele><time>2026-05-13T04:51:05Z</time></trkpt>
<trkpt lat="33.0510982" lon="35.2231394"><ele>303.2</ele><time>2026-05-13T04:51:06Z</time></trkpt>
<trkpt lat="33.0510982" lon="35.2231394"><ele>303.1</ele><time>2026-05-13T04:51:07Z</time></trkpt>
<trkpt lat="33.0510982" lon="35.2231394"><ele>303.1</ele><time>2026-05-13T04:51:08Z</time></trkpt>
<trkpt lat="33.0510982" lon="35.2231394"><ele>303.1</ele><time>2026-05-13T04:51:09Z</time></trkpt>
<trkpt lat="33.0510982" lon="35.2231394"><ele>303.1</ele><time>2026-05-13T04:51:10Z</time></trkpt>
<trkpt lat="33.0510982" lon="35.2231394"><ele>303.1</ele><time>2026-05-13T04:51:11Z</time></trkpt>
<trkpt lat="33.0510982" lon="35.2231394"><ele>303.1</ele><time>2026-05-13T04:51:12Z</time></trkpt>
<trkpt lat="33.0510982" lon="35.2231394"><ele>303.1</ele><time>2026-05-13T04:51:13Z</time></trkpt>
<trkpt lat="33.0510982" lon="35.2231394"><ele>303.1</ele><time>2026-05-13T04:51:14Z</time></trkpt>
<trkpt lat="33.0510982" lon="35.2231394"><ele>303.1</ele><time>2026-05-13T04:51:15Z</time></trkpt>
<trkpt lat="33.0510982" lon="35.2231394"><ele>303.1</ele><time>2026-05-13T04:51:16Z</time></trkpt>
<trkpt lat="33.0510982" lon="35.2231394"><ele>303.1</ele><time>2026-05-13T04:51:17Z</time></trkpt>
<trkpt lat="33.0510982" lon="35.2231394"><ele>303.1</ele><time>2026-05-13T04:51:18Z</time></trkpt>
<trkpt lat="33.0510982" lon="35.2231394"><ele>303.1</ele><time>2026-05-13T04:51:19Z</time></trkpt>
<trkpt lat="33.0510982" lon="35.2231394"><ele>303.1</ele><time>2026-05-13T04:51:20Z</time></trkpt>
<trkpt lat="33.0510982" lon="35.2231394"><ele>303.2</ele><time>2026-05-13T04:51:21Z</time></trkpt>
<trkpt lat="33.0510982" lon="35.2231394"><ele>303.2</ele><time>2026-05-13T04:51:22Z</time></trkpt>
<trkpt lat="33.0510982" lon="35.2231394"><ele>303.1</ele><time>2026-05-13T04:51:23Z</time></trkpt>
<trkpt lat="33.0510982" lon="35.2231394"><ele>303.1</ele><time>2026-05-13T04:51:24Z</time></trkpt>
<trkpt lat="33.0510982" lon="35.2231394"><ele>303.1</ele><time>2026-05-13T04:51:25Z</time></trkpt>
<trkpt lat="33.0510982" lon="35.2231394"><ele>303.1</ele><time>2026-05-13T04:51:26Z</time></trkpt>
<trkpt lat="33.0510982" lon="35.2231394"><ele>303.1</ele><time>2026-05-13T04:51:27Z</time></trkpt>
<trkpt lat="33.0510982" lon="35.2231394"><ele>303.0</ele><time>2026-05-13T04:51:28Z</time></trkpt>
<trkpt lat="33.0510982" lon="35.2231394"><ele>303.0</ele><time>2026-05-13T04:51:29Z</time></trkpt>
<trkpt lat="33.0510982" lon="35.2231394"><ele>303.0</ele><time>2026-05-13T04:51:30Z</time></trkpt>
<trkpt lat="33.0510982" lon="35.2231394"><ele>303.0</ele><time>2026-05-13T04:51:31Z</time></trkpt>
<trkpt lat="33.0510982" lon="35.2231394"><ele>302.9</ele><time>2026-05-13T04:51:32Z</time></trkpt>
<trkpt lat="33.0510982" lon="35.2231394"><ele>302.9</ele><time>2026-05-13T04:51:33Z</time></trkpt>
<trkpt lat="33.0510982" lon="35.2231394"><ele>302.9</ele><time>2026-05-13T04:51:34Z</time></trkpt>
<trkpt lat="33.0510982" lon="35.2231394"><ele>302.9</ele><time>2026-05-13T04:51:35Z</time></trkpt>
<trkpt lat="33.0510982" lon="35.2231394"><ele>302.9</ele><time>2026-05-13T04:51:36Z</time></trkpt>
<trkpt lat="33.0510982" lon="35.2231394"><ele>302.9</ele><time>2026-05-13T04:51:37Z</time></trkpt>
<trkpt lat="33.0510982" lon="35.2231394"><ele>302.8</ele><time>2026-05-13T04:51:38Z</time></trkpt>
<trkpt lat="33.0510982" lon="35.2231394"><ele>302.8</ele><time>2026-05-13T04:51:39Z</time></trkpt>
<trkpt lat="33.0510982" lon="35.2231394"><ele>302.8</ele><time>2026-05-13T04:51:40Z</time></trkpt>
<trkpt lat="33.0510982" lon="35.2231394"><ele>302.8</ele><time>2026-05-13T04:51:41Z</time></trkpt>
<trkpt lat="33.0510982" lon="35.2231394"><ele>302.8</ele><time>2026-05-13T04:51:42Z</time></trkpt>
<trkpt lat="33.0510982" lon="35.2231394"><ele>302.8</ele><time>2026-05-13T04:51:43Z</time></trkpt>
<trkpt lat="33.0510982" lon="35.2231394"><ele>302.8</ele><time>2026-05-13T04:51:44Z</time></trkpt>
<trkpt lat="33.0510982" lon="35.2231394"><ele>302.8</ele><time>2026-05-13T04:51:45Z</time></trkpt>
<trkpt lat="33.0510982" lon="35.2231394"><ele>302.8</ele><time>2026-05-13T04:51:46Z</time></trkpt>
<trkpt lat="33.0510982" lon="35.2231394"><ele>302.8</ele><time>2026-05-13T04:51:47Z</time></trkpt>
<trkpt lat="33.0510982" lon="35.2231394"><ele>302.8</ele><time>2026-05-13T04:51:48Z</time></trkpt>
<trkpt lat="33.0510982" lon="35.2231394"><ele>302.8</ele><time>2026-05-13T04:51:49Z</time></trkpt>
<trkpt lat="33.0510982" lon="35.2231394"><ele>302.8</ele><time>2026-05-13T04:51:50Z</time></trkpt>
<trkpt lat="33.0510982" lon="35.2231394"><ele>302.8</ele><time>2026-05-13T04:51:51Z</time></trkpt>
<trkpt lat="33.0510982" lon="35.2231394"><ele>302.8</ele><time>2026-05-13T04:51:52Z</time></trkpt>
<trkpt lat="33.0510982" lon="35.2231394"><ele>302.8</ele><time>2026-05-13T04:51:53Z</time></trkpt>
<trkpt lat="33.0510982" lon="35.2231394"><ele>302.8</ele><time>2026-05-13T04:51:54Z</time></trkpt>
<trkpt lat="33.0510982" lon="35.2231394"><ele>302.8</ele><time>2026-05-13T04:51:55Z</time></trkpt>
<trkpt lat="33.0510982" lon="35.2231394"><ele>302.8</ele><time>2026-05-13T04:51:56Z</time></trkpt>
<trkpt lat="33.0510982" lon="35.2231394"><ele>302.8</ele><time>2026-05-13T04:51:57Z</time></trkpt>
<trkpt lat="33.0510982" lon="35.2231394"><ele>302.8</ele><time>2026-05-13T04:51:58Z</time></trkpt>
<trkpt lat="33.0510982" lon="35.2231394"><ele>302.8</ele><time>2026-05-13T04:51:59Z</time></trkpt>
<trkpt lat="33.0510982" lon="35.2231394"><ele>302.7</ele><time>2026-05-13T04:52:00Z</time></trkpt>
<trkpt lat="33.0510982" lon="35.2231394"><ele>302.7</ele><time>2026-05-13T04:52:01Z</time></trkpt>
<trkpt lat="33.0510982" lon="35.2231394"><ele>302.7</ele><time>2026-05-13T04:52:02Z</time></trkpt>
<trkpt lat="33.0510982" lon="35.2231394"><ele>302.7</ele><time>2026-05-13T04:52:03Z</time></trkpt>
<trkpt lat="33.0510982" lon="35.2231394"><ele>302.7</ele><time>2026-05-13T04:52:04Z</time></trkpt>
<trkpt lat="33.0510982" lon="35.2231394"><ele>302.7</ele><time>2026-05-13T04:52:05Z</time></trkpt>
<trkpt lat="33.0510982" lon="35.2231394"><ele>302.7</ele><time>2026-05-13T04:52:06Z</time></trkpt>
<trkpt lat="33.0510982" lon="35.2231394"><ele>302.7</ele><time>2026-05-13T04:52:07Z</time></trkpt>
<trkpt lat="33.0510982" lon="35.2231394"><ele>302.7</ele><time>2026-05-13T04:52:08Z</time></trkpt>
<trkpt lat="33.0510982" lon="35.2231394"><ele>302.7</ele><time>2026-05-13T04:52:09Z</time></trkpt>
<trkpt lat="33.0510982" lon="35.2231394"><ele>302.7</ele><time>2026-05-13T04:52:10Z</time></trkpt>
<trkpt lat="33.0510982" lon="35.2231394"><ele>302.7</ele><time>2026-05-13T04:52:11Z</time></trkpt>
<trkpt lat="33.0510982" lon="35.2231394"><ele>302.7</ele><time>2026-05-13T04:52:12Z</time></trkpt>
<trkpt lat="33.0510982" lon="35.2231394"><ele>302.7</ele><time>2026-05-13T04:52:13Z</time></trkpt>
<trkpt lat="33.0510982" lon="35.2231394"><ele>302.7</ele><time>2026-05-13T04:52:14Z</time></trkpt>
<trkpt lat="33.0510982" lon="35.2231394"><ele>302.7</ele><time>2026-05-13T04:52:15Z</time></trkpt>
<trkpt lat="33.0510982" lon="35.2231394"><ele>302.7</ele><time>2026-05-13T04:52:16Z</time></trkpt>
<trkpt lat="33.0510982" lon="35.2231394"><ele>302.7</ele><time>2026-05-13T04:52:17Z</time></trkpt>
<trkpt lat="33.0510982" lon="35.2231394"><ele>302.7</ele><time>2026-05-13T04:52:18Z</time></trkpt>
<trkpt lat="33.0510982" lon="35.2231394"><ele>302.6</ele><time>2026-05-13T04:52:19Z</time></trkpt>
<trkpt lat="33.0510982" lon="35.2231394"><ele>302.6</ele><time>2026-05-13T04:52:20Z</time></trkpt>
<trkpt lat="33.0510982" lon="35.2231394"><ele>302.6</ele><time>2026-05-13T04:52:21Z</time></trkpt>
<trkpt lat="33.0510982" lon="35.2231394"><ele>302.6</ele><time>2026-05-13T04:52:22Z</time></trkpt>
<trkpt lat="33.0510982" lon="35.2231394"><ele>302.6</ele><time>2026-05-13T04:52:23Z</time></trkpt>
<trkpt lat="33.0510982" lon="35.2231394"><ele>302.6</ele><time>2026-05-13T04:52:24Z</time></trkpt>
<trkpt lat="33.0510982" lon="35.2231394"><ele>302.6</ele><time>2026-05-13T04:52:25Z</time></trkpt>
<trkpt lat="33.0510982" lon="35.2231394"><ele>302.6</ele><time>2026-05-13T04:52:26Z</time></trkpt>
<trkpt lat="33.0510982" lon="35.2231394"><ele>302.6</ele><time>2026-05-13T04:52:27Z</time></trkpt>
<trkpt lat="33.0510982" lon="35.2231394"><ele>302.6</ele><time>2026-05-13T04:52:28Z</time></trkpt>
<trkpt lat="33.0510982" lon="35.2231394"><ele>302.6</ele><time>2026-05-13T04:52:29Z</time></trkpt>
<trkpt lat="33.0510982" lon="35.2231394"><ele>302.6</ele><time>2026-05-13T04:52:30Z</time></trkpt>
<trkpt lat="33.0510982" lon="35.2231394"><ele>302.6</ele><time>2026-05-13T04:52:31Z</time></trkpt>
<trkpt lat="33.0510982" lon="35.2231394"><ele>302.6</ele><time>2026-05-13T04:52:32Z</time></trkpt>
<trkpt lat="33.0510982" lon="35.2231394"><ele>302.6</ele><time>2026-05-13T04:52:33Z</time></trkpt>
<trkpt lat="33.0510982" lon="35.2231394"><ele>302.6</ele><time>2026-05-13T04:52:34Z</time></trkpt>
<trkpt lat="33.0510982" lon="35.2231394"><ele>302.6</ele><time>2026-05-13T04:52:35Z</time></trkpt>
<trkpt lat="33.0510982" lon="35.2231394"><ele>302.6</ele><time>2026-05-13T04:52:36Z</time></trkpt>
<trkpt lat="33.0510982" lon="35.2231394"><ele>302.6</ele><time>2026-05-13T04:52:37Z</time></trkpt>
<trkpt lat="33.0510982" lon="35.2231394"><ele>302.6</ele><time>2026-05-13T04:52:38Z</time></trkpt>
<trkpt lat="33.0510982" lon="35.2231394"><ele>302.6</ele><time>2026-05-13T04:52:39Z</time></trkpt>
<trkpt lat="33.0510982" lon="35.2231394"><ele>302.6</ele><time>2026-05-13T04:52:40Z</time></trkpt>
<trkpt lat="33.0510982" lon="35.2231394"><ele>302.6</ele><time>2026-05-13T04:52:41Z</time></trkpt>
<trkpt lat="33.0510982" lon="35.2231394"><ele>302.6</ele><time>2026-05-13T04:52:42Z</time></trkpt>
<trkpt lat="33.0510982" lon="35.2231394"><ele>302.6</ele><time>2026-05-13T04:52:43Z</time></trkpt>
<trkpt lat="33.0510982" lon="35.2231394"><ele>302.6</ele><time>2026-05-13T04:52:44Z</time></trkpt>
<trkpt lat="33.0510982" lon="35.2231394"><ele>302.6</ele><time>2026-05-13T04:52:45Z</time></trkpt>
<trkpt lat="33.0510982" lon="35.2231394"><ele>302.6</ele><time>2026-05-13T04:52:46Z</time></trkpt>
<trkpt lat="33.0510982" lon="35.2231394"><ele>302.6</ele><time>2026-05-13T04:52:47Z</time></trkpt>
<trkpt lat="33.0510982" lon="35.2231394"><ele>302.5</ele><time>2026-05-13T04:52:48Z</time></trkpt>
<trkpt lat="33.0510982" lon="35.2231394"><ele>302.5</ele><time>2026-05-13T04:52:49Z</time></trkpt>
<trkpt lat="33.0510982" lon="35.2231394"><ele>302.5</ele><time>2026-05-13T04:52:50Z</time></trkpt>
<trkpt lat="33.0510982" lon="35.2231394"><ele>302.5</ele><time>2026-05-13T04:52:51Z</time></trkpt>
<trkpt lat="33.0510982" lon="35.2231394"><ele>302.5</ele><time>2026-05-13T04:52:52Z</time></trkpt>
<trkpt lat="33.0510982" lon="35.2231394"><ele>302.5</ele><time>2026-05-13T04:52:53Z</time></trkpt>
<trkpt lat="33.0510982" lon="35.2231394"><ele>302.5</ele><time>2026-05-13T04:52:54Z</time></trkpt>
<trkpt lat="33.0510982" lon="35.2231394"><ele>302.5</ele><time>2026-05-13T04:52:55Z</time></trkpt>
<trkpt lat="33.0510982" lon="35.2231394"><ele>302.5</ele><time>2026-05-13T04:52:56Z</time></trkpt>
<trkpt lat="33.0510982" lon="35.2231394"><ele>302.5</ele><time>2026-05-13T04:52:57Z</time></trkpt>
<trkpt lat="33.0510982" lon="35.2231394"><ele>302.5</ele><time>2026-05-13T04:52:58Z</time></trkpt>
<trkpt lat="33.0510982" lon="35.2231394"><ele>302.5</ele><time>2026-05-13T04:52:59Z</time></trkpt>
<trkpt lat="33.0510982" lon="35.2231394"><ele>302.5</ele><time>2026-05-13T04:53:00Z</time></trkpt>
<trkpt lat="33.0510982" lon="35.2231394"><ele>302.5</ele><time>2026-05-13T04:53:01Z</time></trkpt>
<trkpt lat="33.0510982" lon="35.2231394"><ele>302.5</ele><time>2026-05-13T04:53:02Z</time></trkpt>
<trkpt lat="33.0510982" lon="35.2231394"><ele>302.5</ele><time>2026-05-13T04:53:03Z</time></trkpt>
<trkpt lat="33.0510982" lon="35.2231394"><ele>302.4</ele><time>2026-05-13T04:53:04Z</time></trkpt>
<trkpt lat="33.0510982" lon="35.2231394"><ele>302.4</ele><time>2026-05-13T04:53:05Z</time></trkpt>
<trkpt lat="33.0510982" lon="35.2231394"><ele>302.4</ele><time>2026-05-13T04:53:06Z</time></trkpt>
<trkpt lat="33.0510982" lon="35.2231394"><ele>302.4</ele><time>2026-05-13T04:53:07Z</time></trkpt>
<trkpt lat="33.0510982" lon="35.2231394"><ele>302.4</ele><time>2026-05-13T04:53:08Z</time></trkpt>
<trkpt lat="33.0510982" lon="35.2231394"><ele>302.4</ele><time>2026-05-13T04:53:09Z</time></trkpt>
<trkpt lat="33.0510982" lon="35.2231394"><ele>302.4</ele><time>2026-05-13T04:53:10Z</time></trkpt>
<trkpt lat="33.0510982" lon="35.2231394"><ele>302.4</ele><time>2026-05-13T04:53:11Z</time></trkpt>
<trkpt lat="33.0510982" lon="35.2231394"><ele>302.4</ele><time>2026-05-13T04:53:12Z</time></trkpt>
<trkpt lat="33.0510982" lon="35.2231394"><ele>302.4</ele><time>2026-05-13T04:53:13Z</time></trkpt>
<trkpt lat="33.0510982" lon="35.2231394"><ele>302.4</ele><time>2026-05-13T04:53:14Z</time></trkpt>
<trkpt lat="33.0510982" lon="35.2231394"><ele>302.4</ele><time>2026-05-13T04:53:15Z</time></trkpt>
<trkpt lat="33.0510982" lon="35.2231394"><ele>302.3</ele><time>2026-05-13T04:53:16Z</time></trkpt>
<trkpt lat="33.0510982" lon="35.2231394"><ele>302.3</ele><time>2026-05-13T04:53:17Z</time></trkpt>
<trkpt lat="33.0510982" lon="35.2231394"><ele>302.3</ele><time>2026-05-13T04:53:18Z</time></trkpt>
<trkpt lat="33.0510982" lon="35.2231394"><ele>302.3</ele><time>2026-05-13T04:53:19Z</time></trkpt>
<trkpt lat="33.0510982" lon="35.2231394"><ele>302.3</ele><time>2026-05-13T04:53:20Z</time></trkpt>
<trkpt lat="33.0510982" lon="35.2231394"><ele>302.3</ele><time>2026-05-13T04:53:21Z</time></trkpt>
<trkpt lat="33.0510982" lon="35.2231394"><ele>302.3</ele><time>2026-05-13T04:53:22Z</time></trkpt>
<trkpt lat="33.0510982" lon="35.2231394"><ele>302.3</ele><time>2026-05-13T04:53:23Z</time></trkpt>
<trkpt lat="33.0510982" lon="35.2231394"><ele>302.3</ele><time>2026-05-13T04:53:24Z</time></trkpt>
<trkpt lat="33.0510982" lon="35.2231394"><ele>302.3</ele><time>2026-05-13T04:53:25Z</time></trkpt>
<trkpt lat="33.0510982" lon="35.2231394"><ele>302.3</ele><time>2026-05-13T04:53:26Z</time></trkpt>
<trkpt lat="33.0510982" lon="35.2231394"><ele>302.3</ele><time>2026-05-13T04:53:27Z</time></trkpt>
<trkpt lat="33.0510982" lon="35.2231394"><ele>302.3</ele><time>2026-05-13T04:53:28Z</time></trkpt>
<trkpt lat="33.0510982" lon="35.2231394"><ele>302.3</ele><time>2026-05-13T04:53:29Z</time></trkpt>
<trkpt lat="33.0510982" lon="35.2231394"><ele>302.3</ele><time>2026-05-13T04:53:30Z</time></trkpt>
<trkpt lat="33.0510982" lon="35.2231394"><ele>302.3</ele><time>2026-05-13T04:53:31Z</time></trkpt>
<trkpt lat="33.0510982" lon="35.2231394"><ele>302.3</ele><time>2026-05-13T04:53:32Z</time></trkpt>
<trkpt lat="33.0510982" lon="35.2231394"><ele>302.3</ele><time>2026-05-13T04:53:33Z</time></trkpt>
<trkpt lat="33.0510982" lon="35.2231394"><ele>302.3</ele><time>2026-05-13T04:53:34Z</time></trkpt>
<trkpt lat="33.0510982" lon="35.2231394"><ele>302.3</ele><time>2026-05-13T04:53:35Z</time></trkpt>
<trkpt lat="33.0510982" lon="35.2231394"><ele>302.3</ele><time>2026-05-13T04:53:36Z</time></trkpt>
<trkpt lat="33.0510982" lon="35.2231394"><ele>302.3</ele><time>2026-05-13T04:53:37Z</time></trkpt>
<trkpt lat="33.0510982" lon="35.2231394"><ele>302.3</ele><time>2026-05-13T04:53:38Z</time></trkpt>
<trkpt lat="33.0510982" lon="35.2231394"><ele>302.3</ele><time>2026-05-13T04:53:39Z</time></trkpt>
<trkpt lat="33.0510982" lon="35.2231394"><ele>302.3</ele><time>2026-05-13T04:53:40Z</time></trkpt>
<trkpt lat="33.0510982" lon="35.2231394"><ele>302.3</ele><time>2026-05-13T04:53:41Z</time></trkpt>
<trkpt lat="33.0510982" lon="35.2231394"><ele>302.3</ele><time>2026-05-13T04:53:42Z</time></trkpt>
<trkpt lat="33.0510982" lon="35.2231394"><ele>302.3</ele><time>2026-05-13T04:53:43Z</time></trkpt>
<trkpt lat="33.0510982" lon="35.2231394"><ele>302.4</ele><time>2026-05-13T04:53:44Z</time></trkpt>
<trkpt lat="33.0510982" lon="35.2231394"><ele>302.4</ele><time>2026-05-13T04:53:45Z</time></trkpt>
<trkpt lat="33.0510982" lon="35.2231394"><ele>302.3</ele><time>2026-05-13T04:53:46Z</time></trkpt>
<trkpt lat="33.0510982" lon="35.2231394"><ele>302.3</ele><time>2026-05-13T04:53:47Z</time></trkpt>
<trkpt lat="33.0510983" lon="35.2231394"><ele>302.3</ele><time>2026-05-13T04:53:48Z</time></trkpt>
<trkpt lat="33.0510983" lon="35.2231394"><ele>302.3</ele><time>2026-05-13T04:53:49Z</time></trkpt>
<trkpt lat="33.0510983" lon="35.2231394"><ele>302.3</ele><time>2026-05-13T04:53:50Z</time></trkpt>
<trkpt lat="33.0510983" lon="35.2231394"><ele>302.3</ele><time>2026-05-13T04:53:51Z</time></trkpt>
<trkpt lat="33.0510983" lon="35.2231394"><ele>302.3</ele><time>2026-05-13T04:53:52Z</time></trkpt>
<trkpt lat="33.0510983" lon="35.2231394"><ele>302.3</ele><time>2026-05-13T04:53:53Z</time></trkpt>
<trkpt lat="33.0510983" lon="35.2231394"><ele>302.3</ele><time>2026-05-13T04:53:54Z</time></trkpt>
<trkpt lat="33.0510983" lon="35.2231394"><ele>302.3</ele><time>2026-05-13T04:53:55Z</time></trkpt>
<trkpt lat="33.0510983" lon="35.2231395"><ele>302.3</ele><time>2026-05-13T04:53:56Z</time></trkpt>
<trkpt lat="33.0510984" lon="35.2231395"><ele>302.3</ele><time>2026-05-13T04:53:57Z</time></trkpt>
<trkpt lat="33.0510984" lon="35.2231395"><ele>302.3</ele><time>2026-05-13T04:53:58Z</time></trkpt>
<trkpt lat="33.0510984" lon="35.2231395"><ele>302.2</ele><time>2026-05-13T04:53:59Z</time></trkpt>
<trkpt lat="33.0510984" lon="35.2231395"><ele>302.2</ele><time>2026-05-13T04:54:00Z</time></trkpt>
<trkpt lat="33.0510985" lon="35.2231396"><ele>302.2</ele><time>2026-05-13T04:54:01Z</time></trkpt>
<trkpt lat="33.0510985" lon="35.2231396"><ele>302.2</ele><time>2026-05-13T04:54:02Z</time></trkpt>
<trkpt lat="33.0510985" lon="35.2231397"><ele>302.2</ele><time>2026-05-13T04:54:03Z</time></trkpt>
<trkpt lat="33.0510986" lon="35.2231397"><ele>302.2</ele><time>2026-05-13T04:54:04Z</time></trkpt>
<trkpt lat="33.0510987" lon="35.2231398"><ele>302.2</ele><time>2026-05-13T04:54:05Z</time></trkpt>
<trkpt lat="33.0510988" lon="35.2231399"><ele>302.2</ele><time>2026-05-13T04:54:06Z</time></trkpt>
<trkpt lat="33.0510989" lon="35.22314"><ele>302.2</ele><time>2026-05-13T04:54:07Z</time></trkpt>
<trkpt lat="33.0510991" lon="35.2231402"><ele>302.2</ele><time>2026-05-13T04:54:08Z</time></trkpt>
<trkpt lat="33.0510993" lon="35.2231403"><ele>302.2</ele><time>2026-05-13T04:54:09Z</time></trkpt>
<trkpt lat="33.0510995" lon="35.2231405"><ele>302.3</ele><time>2026-05-13T04:54:10Z</time></trkpt>
<trkpt lat="33.0510997" lon="35.2231408"><ele>302.3</ele><time>2026-05-13T04:54:11Z</time></trkpt>
<trkpt lat="33.0511" lon="35.2231411"><ele>302.3</ele><time>2026-05-13T04:54:12Z</time></trkpt>
<trkpt lat="33.0511004" lon="35.2231414"><ele>302.3</ele><time>2026-05-13T04:54:13Z</time></trkpt>
<trkpt lat="33.0511008" lon="35.2231418"><ele>302.3</ele><time>2026-05-13T04:54:14Z</time></trkpt>
<trkpt lat="33.0511013" lon="35.2231422"><ele>302.4</ele><time>2026-05-13T04:54:15Z</time></trkpt>
<trkpt lat="33.0511018" lon="35.2231427"><ele>302.4</ele><time>2026-05-13T04:54:16Z</time></trkpt>
<trkpt lat="33.0511024" lon="35.2231433"><ele>302.4</ele><time>2026-05-13T04:54:17Z</time></trkpt>
<trkpt lat="33.0511031" lon="35.223144"><ele>302.4</ele><time>2026-05-13T04:54:18Z</time></trkpt>
<trkpt lat="33.0511038" lon="35.2231447"><ele>302.4</ele><time>2026-05-13T04:54:19Z</time></trkpt>
<trkpt lat="33.0511048" lon="35.2231457"><ele>302.4</ele><time>2026-05-13T04:54:20Z</time></trkpt>
<trkpt lat="33.0511059" lon="35.2231469"><ele>302.4</ele><time>2026-05-13T04:54:21Z</time></trkpt>
<trkpt lat="33.0511069" lon="35.2231481"><ele>302.4</ele><time>2026-05-13T04:54:22Z</time></trkpt>
<trkpt lat="33.0511076" lon="35.2231492"><ele>302.4</ele><time>2026-05-13T04:54:23Z</time></trkpt>
<trkpt lat="33.051108" lon="35.2231501"><ele>302.4</ele><time>2026-05-13T04:54:24Z</time></trkpt>
<trkpt lat="33.0511084" lon="35.2231507"><ele>302.4</ele><time>2026-05-13T04:54:25Z</time></trkpt>
<trkpt lat="33.0511087" lon="35.2231512"><ele>302.4</ele><time>2026-05-13T04:54:26Z</time></trkpt>
<trkpt lat="33.0511091" lon="35.2231516"><ele>302.4</ele><time>2026-05-13T04:54:27Z</time></trkpt>
<trkpt lat="33.0511096" lon="35.2231518"><ele>302.4</ele><time>2026-05-13T04:54:28Z</time></trkpt>
<trkpt lat="33.05111" lon="35.223152"><ele>302.4</ele><time>2026-05-13T04:54:29Z</time></trkpt>
<trkpt lat="33.0511105" lon="35.2231521"><ele>302.4</ele><time>2026-05-13T04:54:30Z</time></trkpt>
<trkpt lat="33.051111" lon="35.2231522"><ele>302.4</ele><time>2026-05-13T04:54:31Z</time></trkpt>
<trkpt lat="33.0511115" lon="35.2231524"><ele>302.4</ele><time>2026-05-13T04:54:32Z</time></trkpt>
<trkpt lat="33.0511118" lon="35.2231526"><ele>302.4</ele><time>2026-05-13T04:54:33Z</time></trkpt>
<trkpt lat="33.0511117" lon="35.223153"><ele>302.4</ele><time>2026-05-13T04:54:34Z</time></trkpt>
<trkpt lat="33.0511113" lon="35.2231536"><ele>302.4</ele><time>2026-05-13T04:54:35Z</time></trkpt>
<trkpt lat="33.0511111" lon="35.2231542"><ele>302.4</ele><time>2026-05-13T04:54:36Z</time></trkpt>
<trkpt lat="33.0511111" lon="35.2231548"><ele>302.4</ele><time>2026-05-13T04:54:37Z</time></trkpt>
<trkpt lat="33.0511114" lon="35.2231553"><ele>302.3</ele><time>2026-05-13T04:54:38Z</time></trkpt>
<trkpt lat="33.0511118" lon="35.2231558"><ele>302.3</ele><time>2026-05-13T04:54:39Z</time></trkpt>
<trkpt lat="33.0511121" lon="35.2231564"><ele>302.3</ele><time>2026-05-13T04:54:40Z</time></trkpt>
<trkpt lat="33.0511118" lon="35.2231574"><ele>302.3</ele><time>2026-05-13T04:54:41Z</time></trkpt>
<trkpt lat="33.0511108" lon="35.2231587"><ele>302.2</ele><time>2026-05-13T04:54:42Z</time></trkpt>
<trkpt lat="33.0511101" lon="35.2231601"><ele>302.2</ele><time>2026-05-13T04:54:43Z</time></trkpt>
<trkpt lat="33.0511093" lon="35.2231614"><ele>302.2</ele><time>2026-05-13T04:54:44Z</time></trkpt>
<trkpt lat="33.0511082" lon="35.2231629"><ele>302.2</ele><time>2026-05-13T04:54:45Z</time></trkpt>
<trkpt lat="33.0511066" lon="35.2231646"><ele>302.2</ele><time>2026-05-13T04:54:46Z</time></trkpt>
<trkpt lat="33.0511047" lon="35.2231667"><ele>302.1</ele><time>2026-05-13T04:54:47Z</time></trkpt>
<trkpt lat="33.0511029" lon="35.2231692"><ele>302.1</ele><time>2026-05-13T04:54:48Z</time></trkpt>
<trkpt lat="33.0511014" lon="35.2231721"><ele>302.1</ele><time>2026-05-13T04:54:49Z</time></trkpt>
<trkpt lat="33.0511003" lon="35.2231752"><ele>302.1</ele><time>2026-05-13T04:54:50Z</time></trkpt>
<trkpt lat="33.0510995" lon="35.2231777"><ele>302.1</ele><time>2026-05-13T04:54:51Z</time></trkpt>
<trkpt lat="33.051099" lon="35.2231796"><ele>302.1</ele><time>2026-05-13T04:54:52Z</time></trkpt>
<trkpt lat="33.0510987" lon="35.2231808"><ele>302.1</ele><time>2026-05-13T04:54:53Z</time></trkpt>
<trkpt lat="33.0510987" lon="35.2231812"><ele>302.1</ele><time>2026-05-13T04:54:54Z</time></trkpt>
<trkpt lat="33.0510988" lon="35.2231812"><ele>302.1</ele><time>2026-05-13T04:54:55Z</time></trkpt>
<trkpt lat="33.051099" lon="35.223181"><ele>302.1</ele><time>2026-05-13T04:54:56Z</time></trkpt>
<trkpt lat="33.0510992" lon="35.2231807"><ele>302.1</ele><time>2026-05-13T04:54:57Z</time></trkpt>
<trkpt lat="33.0510993" lon="35.2231804"><ele>302.1</ele><time>2026-05-13T04:54:58Z</time></trkpt>
<trkpt lat="33.0510994" lon="35.2231801"><ele>302.2</ele><time>2026-05-13T04:54:59Z</time></trkpt>
<trkpt lat="33.0510995" lon="35.2231801"><ele>302.2</ele><time>2026-05-13T04:55:00Z</time></trkpt>
<trkpt lat="33.0510994" lon="35.2231803"><ele>302.2</ele><time>2026-05-13T04:55:01Z</time></trkpt>
<trkpt lat="33.0510993" lon="35.2231805"><ele>302.2</ele><time>2026-05-13T04:55:02Z</time></trkpt>
<trkpt lat="33.0510994" lon="35.2231803"><ele>302.2</ele><time>2026-05-13T04:55:03Z</time></trkpt>
<trkpt lat="33.0510995" lon="35.22318"><ele>302.2</ele><time>2026-05-13T04:55:04Z</time></trkpt>
<trkpt lat="33.0510996" lon="35.2231796"><ele>302.2</ele><time>2026-05-13T04:55:05Z</time></trkpt>
<trkpt lat="33.0510996" lon="35.2231792"><ele>302.2</ele><time>2026-05-13T04:55:06Z</time></trkpt>
<trkpt lat="33.0510997" lon="35.2231789"><ele>302.2</ele><time>2026-05-13T04:55:07Z</time></trkpt>
<trkpt lat="33.0510997" lon="35.2231785"><ele>302.2</ele><time>2026-05-13T04:55:08Z</time></trkpt>
<trkpt lat="33.0510997" lon="35.2231781"><ele>302.2</ele><time>2026-05-13T04:55:09Z</time></trkpt>
<trkpt lat="33.0510997" lon="35.2231778"><ele>302.2</ele><time>2026-05-13T04:55:10Z</time></trkpt>
<trkpt lat="33.0510996" lon="35.2231775"><ele>302.2</ele><time>2026-05-13T04:55:11Z</time></trkpt>
<trkpt lat="33.0510995" lon="35.2231774"><ele>302.2</ele><time>2026-05-13T04:55:12Z</time></trkpt>
<trkpt lat="33.0510993" lon="35.2231774"><ele>302.2</ele><time>2026-05-13T04:55:13Z</time></trkpt>
<trkpt lat="33.0510993" lon="35.2231772"><ele>302.2</ele><time>2026-05-13T04:55:14Z</time></trkpt>
<trkpt lat="33.0510994" lon="35.2231768"><ele>302.2</ele><time>2026-05-13T04:55:15Z</time></trkpt>
<trkpt lat="33.0510996" lon="35.2231763"><ele>302.2</ele><time>2026-05-13T04:55:16Z</time></trkpt>
<trkpt lat="33.0511" lon="35.2231756"><ele>302.2</ele><time>2026-05-13T04:55:17Z</time></trkpt>
<trkpt lat="33.0511004" lon="35.2231749"><ele>302.2</ele><time>2026-05-13T04:55:18Z</time></trkpt>
<trkpt lat="33.051101" lon="35.223174"><ele>302.2</ele><time>2026-05-13T04:55:19Z</time></trkpt>
<trkpt lat="33.0511017" lon="35.2231731"><ele>302.2</ele><time>2026-05-13T04:55:20Z</time></trkpt>
<trkpt lat="33.0511024" lon="35.2231722"><ele>302.2</ele><time>2026-05-13T04:55:21Z</time></trkpt>
<trkpt lat="33.0511032" lon="35.2231714"><ele>302.2</ele><time>2026-05-13T04:55:22Z</time></trkpt>
<trkpt lat="33.051104" lon="35.2231708"><ele>302.2</ele><time>2026-05-13T04:55:23Z</time></trkpt>
<trkpt lat="33.0511046" lon="35.2231703"><ele>302.3</ele><time>2026-05-13T04:55:24Z</time></trkpt>
<trkpt lat="33.0511053" lon="35.2231698"><ele>302.3</ele><time>2026-05-13T04:55:25Z</time></trkpt>
<trkpt lat="33.0511059" lon="35.2231693"><ele>302.3</ele><time>2026-05-13T04:55:26Z</time></trkpt>
<trkpt lat="33.0511064" lon="35.2231688"><ele>302.3</ele><time>2026-05-13T04:55:27Z</time></trkpt>
<trkpt lat="33.0511068" lon="35.2231682"><ele>302.3</ele><time>2026-05-13T04:55:28Z</time></trkpt>
<trkpt lat="33.0511071" lon="35.2231677"><ele>302.3</ele><time>2026-05-13T04:55:29Z</time></trkpt>
<trkpt lat="33.0511073" lon="35.2231674"><ele>302.3</ele><time>2026-05-13T04:55:30Z</time></trkpt>
<trkpt lat="33.0511075" lon="35.2231672"><ele>302.3</ele><time>2026-05-13T04:55:31Z</time></trkpt>
<trkpt lat="33.0511078" lon="35.2231668"><ele>302.3</ele><time>2026-05-13T04:55:32Z</time></trkpt>
<trkpt lat="33.051108" lon="35.2231666"><ele>302.3</ele><time>2026-05-13T04:55:33Z</time></trkpt>
<trkpt lat="33.0511082" lon="35.2231665"><ele>302.3</ele><time>2026-05-13T04:55:34Z</time></trkpt>
<trkpt lat="33.0511081" lon="35.2231668"><ele>302.3</ele><time>2026-05-13T04:55:35Z</time></trkpt>
<trkpt lat="33.0511077" lon="35.2231677"><ele>302.3</ele><time>2026-05-13T04:55:36Z</time></trkpt>
<trkpt lat="33.0511066" lon="35.2231693"><ele>302.3</ele><time>2026-05-13T04:55:37Z</time></trkpt>
<trkpt lat="33.0511047" lon="35.2231719"><ele>302.3</ele><time>2026-05-13T04:55:38Z</time></trkpt>
<trkpt lat="33.051102" lon="35.2231746"><ele>302.3</ele><time>2026-05-13T04:55:39Z</time></trkpt>
<trkpt lat="33.0510996" lon="35.2231768"><ele>302.3</ele><time>2026-05-13T04:55:40Z</time></trkpt>
<trkpt lat="33.0510982" lon="35.2231776"><ele>302.3</ele><time>2026-05-13T04:55:41Z</time></trkpt>
<trkpt lat="33.0510982" lon="35.2231771"><ele>302.2</ele><time>2026-05-13T04:55:42Z</time></trkpt>
<trkpt lat="33.0510988" lon="35.2231759"><ele>302.2</ele><time>2026-05-13T04:55:43Z</time></trkpt>
<trkpt lat="33.0510997" lon="35.2231744"><ele>302.2</ele><time>2026-05-13T04:55:44Z</time></trkpt>
<trkpt lat="33.0511007" lon="35.2231728"><ele>302.2</ele><time>2026-05-13T04:55:45Z</time></trkpt>
<trkpt lat="33.0511017" lon="35.2231713"><ele>302.2</ele><time>2026-05-13T04:55:46Z</time></trkpt>
<trkpt lat="33.0511025" lon="35.2231699"><ele>302.2</ele><time>2026-05-13T04:55:47Z</time></trkpt>
<trkpt lat="33.0511033" lon="35.2231686"><ele>302.2</ele><time>2026-05-13T04:55:48Z</time></trkpt>
<trkpt lat="33.0511041" lon="35.2231672"><ele>302.2</ele><time>2026-05-13T04:55:49Z</time></trkpt>
<trkpt lat="33.0511051" lon="35.2231657"><ele>302.2</ele><time>2026-05-13T04:55:50Z</time></trkpt>
<trkpt lat="33.0511061" lon="35.2231642"><ele>302.2</ele><time>2026-05-13T04:55:51Z</time></trkpt>
<trkpt lat="33.0511071" lon="35.2231627"><ele>302.2</ele><time>2026-05-13T04:55:52Z</time></trkpt>
<trkpt lat="33.0511081" lon="35.2231612"><ele>302.2</ele><time>2026-05-13T04:55:53Z</time></trkpt>
<trkpt lat="33.051109" lon="35.2231597"><ele>302.2</ele><time>2026-05-13T04:55:54Z</time></trkpt>
<trkpt lat="33.0511097" lon="35.2231584"><ele>302.3</ele><time>2026-05-13T04:55:55Z</time></trkpt>
<trkpt lat="33.0511103" lon="35.2231572"><ele>302.3</ele><time>2026-05-13T04:55:56Z</time></trkpt>
<trkpt lat="33.0511105" lon="35.2231562"><ele>302.3</ele><time>2026-05-13T04:55:57Z</time></trkpt>
<trkpt lat="33.0511107" lon="35.2231552"><ele>302.3</ele><time>2026-05-13T04:55:58Z</time></trkpt>
<trkpt lat="33.0511108" lon="35.2231546"><ele>302.3</ele><time>2026-05-13T04:55:59Z</time></trkpt>
<trkpt lat="33.05111" lon="35.223155"><ele>302.3</ele><time>2026-05-13T04:56:00Z</time></trkpt>
<trkpt lat="33.0511088" lon="35.2231575"><ele>302.3</ele><time>2026-05-13T04:56:01Z</time></trkpt>
<trkpt lat="33.0511072" lon="35.2231617"><ele>302.3</ele><time>2026-05-13T04:56:02Z</time></trkpt>
<trkpt lat="33.0511048" lon="35.2231659"><ele>302.3</ele><time>2026-05-13T04:56:03Z</time></trkpt>
<trkpt lat="33.0511018" lon="35.2231696"><ele>302.3</ele><time>2026-05-13T04:56:04Z</time></trkpt>
<trkpt lat="33.0510991" lon="35.2231724"><ele>302.3</ele><time>2026-05-13T04:56:05Z</time></trkpt>
<trkpt lat="33.0510976" lon="35.2231737"><ele>302.3</ele><time>2026-05-13T04:56:06Z</time></trkpt>
<trkpt lat="33.051097" lon="35.2231742"><ele>302.2</ele><time>2026-05-13T04:56:07Z</time></trkpt>
<trkpt lat="33.0510966" lon="35.2231745"><ele>302.2</ele><time>2026-05-13T04:56:08Z</time></trkpt>
<trkpt lat="33.0510964" lon="35.2231747"><ele>302.2</ele><time>2026-05-13T04:56:09Z</time></trkpt>
<trkpt lat="33.0510965" lon="35.2231747"><ele>302.2</ele><time>2026-05-13T04:56:10Z</time></trkpt>
<trkpt lat="33.0510968" lon="35.2231745"><ele>302.1</ele><time>2026-05-13T04:56:11Z</time></trkpt>
<trkpt lat="33.0510971" lon="35.2231743"><ele>302.1</ele><time>2026-05-13T04:56:12Z</time></trkpt>
<trkpt lat="33.0510974" lon="35.2231742"><ele>302.1</ele><time>2026-05-13T04:56:13Z</time></trkpt>
<trkpt lat="33.0510977" lon="35.2231741"><ele>302.1</ele><time>2026-05-13T04:56:14Z</time></trkpt>
<trkpt lat="33.0510979" lon="35.2231741"><ele>302.1</ele><time>2026-05-13T04:56:15Z</time></trkpt>
<trkpt lat="33.0510981" lon="35.2231741"><ele>302.1</ele><time>2026-05-13T04:56:16Z</time></trkpt>
<trkpt lat="33.0510984" lon="35.2231742"><ele>302.1</ele><time>2026-05-13T04:56:17Z</time></trkpt>
<trkpt lat="33.0510986" lon="35.2231744"><ele>302.1</ele><time>2026-05-13T04:56:18Z</time></trkpt>
<trkpt lat="33.0510987" lon="35.2231745"><ele>302.1</ele><time>2026-05-13T04:56:19Z</time></trkpt>
<trkpt lat="33.0510989" lon="35.2231747"><ele>302.0</ele><time>2026-05-13T04:56:20Z</time></trkpt>
<trkpt lat="33.051099" lon="35.2231749"><ele>302.1</ele><time>2026-05-13T04:56:21Z</time></trkpt>
<trkpt lat="33.0510992" lon="35.223175"><ele>302.1</ele><time>2026-05-13T04:56:22Z</time></trkpt>
<trkpt lat="33.0510993" lon="35.2231751"><ele>302.1</ele><time>2026-05-13T04:56:23Z</time></trkpt>
<trkpt lat="33.0510993" lon="35.2231752"><ele>302.1</ele><time>2026-05-13T04:56:24Z</time></trkpt>
<trkpt lat="33.0510994" lon="35.2231753"><ele>302.1</ele><time>2026-05-13T04:56:25Z</time></trkpt>
<trkpt lat="33.0510995" lon="35.2231754"><ele>302.1</ele><time>2026-05-13T04:56:26Z</time></trkpt>
<trkpt lat="33.0510996" lon="35.2231755"><ele>302.1</ele><time>2026-05-13T04:56:27Z</time></trkpt>
<trkpt lat="33.0510996" lon="35.2231755"><ele>302.1</ele><time>2026-05-13T04:56:28Z</time></trkpt>
<trkpt lat="33.0510997" lon="35.2231756"><ele>302.2</ele><time>2026-05-13T04:56:29Z</time></trkpt>
<trkpt lat="33.0510998" lon="35.2231757"><ele>302.2</ele><time>2026-05-13T04:56:30Z</time></trkpt>
<trkpt lat="33.0510998" lon="35.2231757"><ele>302.2</ele><time>2026-05-13T04:56:31Z</time></trkpt>
<trkpt lat="33.0510999" lon="35.2231758"><ele>302.2</ele><time>2026-05-13T04:56:32Z</time></trkpt>
<trkpt lat="33.0511" lon="35.2231758"><ele>302.3</ele><time>2026-05-13T04:56:33Z</time></trkpt>
<trkpt lat="33.0511" lon="35.2231759"><ele>302.3</ele><time>2026-05-13T04:56:34Z</time></trkpt>
<trkpt lat="33.0511001" lon="35.2231759"><ele>302.3</ele><time>2026-05-13T04:56:35Z</time></trkpt>
<trkpt lat="33.0511002" lon="35.223176"><ele>302.3</ele><time>2026-05-13T04:56:36Z</time></trkpt>
<trkpt lat="33.0511003" lon="35.2231761"><ele>302.3</ele><time>2026-05-13T04:56:37Z</time></trkpt>
<trkpt lat="33.0511004" lon="35.2231762"><ele>302.3</ele><time>2026-05-13T04:56:38Z</time></trkpt>
<trkpt lat="33.0511006" lon="35.2231762"><ele>302.4</ele><time>2026-05-13T04:56:39Z</time></trkpt>
<trkpt lat="33.0511007" lon="35.2231763"><ele>302.4</ele><time>2026-05-13T04:56:40Z</time></trkpt>
<trkpt lat="33.0511009" lon="35.2231764"><ele>302.4</ele><time>2026-05-13T04:56:41Z</time></trkpt>
<trkpt lat="33.0511011" lon="35.2231766"><ele>302.4</ele><time>2026-05-13T04:56:42Z</time></trkpt>
<trkpt lat="33.0511013" lon="35.2231767"><ele>302.4</ele><time>2026-05-13T04:56:43Z</time></trkpt>
<trkpt lat="33.0511015" lon="35.2231768"><ele>302.4</ele><time>2026-05-13T04:56:44Z</time></trkpt>
<trkpt lat="33.0511017" lon="35.223177"><ele>302.4</ele><time>2026-05-13T04:56:45Z</time></trkpt>
<trkpt lat="33.0511019" lon="35.2231772"><ele>302.4</ele><time>2026-05-13T04:56:46Z</time></trkpt>
<trkpt lat="33.0511022" lon="35.2231775"><ele>302.4</ele><time>2026-05-13T04:56:47Z</time></trkpt>
<trkpt lat="33.0511023" lon="35.223178"><ele>302.3</ele><time>2026-05-13T04:56:48Z</time></trkpt>
<trkpt lat="33.0511024" lon="35.2231786"><ele>302.3</ele><time>2026-05-13T04:56:49Z</time></trkpt>
<trkpt lat="33.0511023" lon="35.2231791"><ele>302.3</ele><time>2026-05-13T04:56:50Z</time></trkpt>
<trkpt lat="33.0511015" lon="35.2231798"><ele>302.3</ele><time>2026-05-13T04:56:51Z</time></trkpt>
<trkpt lat="33.0510996" lon="35.2231801"><ele>302.3</ele><time>2026-05-13T04:56:52Z</time></trkpt>
<trkpt lat="33.0510978" lon="35.22318"><ele>302.4</ele><time>2026-05-13T04:56:53Z</time></trkpt>
<trkpt lat="33.0510969" lon="35.2231802"><ele>302.4</ele><time>2026-05-13T04:56:54Z</time></trkpt>
<trkpt lat="33.0510961" lon="35.2231804"><ele>302.4</ele><time>2026-05-13T04:56:55Z</time></trkpt>
<trkpt lat="33.0510956" lon="35.2231806"><ele>302.4</ele><time>2026-05-13T04:56:56Z</time></trkpt>
<trkpt lat="33.0510952" lon="35.2231809"><ele>302.5</ele><time>2026-05-13T04:56:57Z</time></trkpt>
<trkpt lat="33.0510951" lon="35.2231812"><ele>302.5</ele><time>2026-05-13T04:56:58Z</time></trkpt>
<trkpt lat="33.0510953" lon="35.2231816"><ele>302.5</ele><time>2026-05-13T04:56:59Z</time></trkpt>
<trkpt lat="33.0510956" lon="35.2231819"><ele>302.5</ele><time>2026-05-13T04:57:00Z</time></trkpt>
<trkpt lat="33.0510958" lon="35.2231822"><ele>302.6</ele><time>2026-05-13T04:57:01Z</time></trkpt>
<trkpt lat="33.051096" lon="35.2231825"><ele>302.6</ele><time>2026-05-13T04:57:02Z</time></trkpt>
<trkpt lat="33.0510963" lon="35.2231827"><ele>302.6</ele><time>2026-05-13T04:57:03Z</time></trkpt>
<trkpt lat="33.0510964" lon="35.223183"><ele>302.6</ele><time>2026-05-13T04:57:04Z</time></trkpt>
<trkpt lat="33.0510966" lon="35.2231833"><ele>302.6</ele><time>2026-05-13T04:57:05Z</time></trkpt>
<trkpt lat="33.0510968" lon="35.2231835"><ele>302.6</ele><time>2026-05-13T04:57:06Z</time></trkpt>
<trkpt lat="33.0510969" lon="35.2231838"><ele>302.6</ele><time>2026-05-13T04:57:07Z</time></trkpt>
<trkpt lat="33.051097" lon="35.2231841"><ele>302.6</ele><time>2026-05-13T04:57:08Z</time></trkpt>
<trkpt lat="33.0510971" lon="35.2231843"><ele>302.6</ele><time>2026-05-13T04:57:09Z</time></trkpt>
<trkpt lat="33.0510972" lon="35.2231846"><ele>302.6</ele><time>2026-05-13T04:57:10Z</time></trkpt>
<trkpt lat="33.0510972" lon="35.2231849"><ele>302.6</ele><time>2026-05-13T04:57:11Z</time></trkpt>
<trkpt lat="33.0510973" lon="35.2231853"><ele>302.6</ele><time>2026-05-13T04:57:12Z</time></trkpt>
<trkpt lat="33.0510973" lon="35.2231856"><ele>302.6</ele><time>2026-05-13T04:57:13Z</time></trkpt>
<trkpt lat="33.0510973" lon="35.2231859"><ele>302.6</ele><time>2026-05-13T04:57:14Z</time></trkpt>
<trkpt lat="33.0510974" lon="35.2231862"><ele>302.6</ele><time>2026-05-13T04:57:15Z</time></trkpt>
<trkpt lat="33.0510975" lon="35.2231866"><ele>302.6</ele><time>2026-05-13T04:57:16Z</time></trkpt>
<trkpt lat="33.0510975" lon="35.2231869"><ele>302.7</ele><time>2026-05-13T04:57:17Z</time></trkpt>
<trkpt lat="33.0510976" lon="35.2231872"><ele>302.7</ele><time>2026-05-13T04:57:18Z</time></trkpt>
<trkpt lat="33.0510977" lon="35.2231875"><ele>302.7</ele><time>2026-05-13T04:57:19Z</time></trkpt>
<trkpt lat="33.0510978" lon="35.2231877"><ele>302.7</ele><time>2026-05-13T04:57:20Z</time></trkpt>
<trkpt lat="33.0510978" lon="35.2231879"><ele>302.7</ele><time>2026-05-13T04:57:21Z</time></trkpt>
<trkpt lat="33.0510979" lon="35.2231881"><ele>302.7</ele><time>2026-05-13T04:57:22Z</time></trkpt>
<trkpt lat="33.0510979" lon="35.2231882"><ele>302.7</ele><time>2026-05-13T04:57:23Z</time></trkpt>
<trkpt lat="33.051098" lon="35.2231883"><ele>302.7</ele><time>2026-05-13T04:57:24Z</time></trkpt>
<trkpt lat="33.051098" lon="35.2231884"><ele>302.7</ele><time>2026-05-13T04:57:25Z</time></trkpt>
<trkpt lat="33.051098" lon="35.2231885"><ele>302.7</ele><time>2026-05-13T04:57:26Z</time></trkpt>
<trkpt lat="33.0510981" lon="35.2231886"><ele>302.8</ele><time>2026-05-13T04:57:27Z</time></trkpt>
<trkpt lat="33.0510981" lon="35.2231887"><ele>302.8</ele><time>2026-05-13T04:57:28Z</time></trkpt>
<trkpt lat="33.0510981" lon="35.2231887"><ele>302.8</ele><time>2026-05-13T04:57:29Z</time></trkpt>
<trkpt lat="33.0510981" lon="35.2231887"><ele>302.8</ele><time>2026-05-13T04:57:30Z</time></trkpt>
<trkpt lat="33.0510981" lon="35.2231888"><ele>302.8</ele><time>2026-05-13T04:57:31Z</time></trkpt>
<trkpt lat="33.0510981" lon="35.2231888"><ele>302.8</ele><time>2026-05-13T04:57:32Z</time></trkpt>
<trkpt lat="33.0510981" lon="35.2231888"><ele>302.8</ele><time>2026-05-13T04:57:33Z</time></trkpt>
<trkpt lat="33.0510981" lon="35.2231888"><ele>302.8</ele><time>2026-05-13T04:57:34Z</time></trkpt>
<trkpt lat="33.0510981" lon="35.2231888"><ele>302.8</ele><time>2026-05-13T04:57:35Z</time></trkpt>
<trkpt lat="33.0510982" lon="35.2231888"><ele>302.8</ele><time>2026-05-13T04:57:36Z</time></trkpt>
<trkpt lat="33.0510982" lon="35.2231887"><ele>302.8</ele><time>2026-05-13T04:57:37Z</time></trkpt>
<trkpt lat="33.0510982" lon="35.2231887"><ele>302.8</ele><time>2026-05-13T04:57:38Z</time></trkpt>
<trkpt lat="33.0510982" lon="35.2231887"><ele>302.8</ele><time>2026-05-13T04:57:39Z</time></trkpt>
<trkpt lat="33.0510982" lon="35.2231886"><ele>302.8</ele><time>2026-05-13T04:57:40Z</time></trkpt>
<trkpt lat="33.0510982" lon="35.2231885"><ele>302.8</ele><time>2026-05-13T04:57:41Z</time></trkpt>
<trkpt lat="33.0510981" lon="35.2231885"><ele>302.8</ele><time>2026-05-13T04:57:42Z</time></trkpt>
<trkpt lat="33.0510981" lon="35.2231884"><ele>302.8</ele><time>2026-05-13T04:57:43Z</time></trkpt>
<trkpt lat="33.0510981" lon="35.2231882"><ele>302.8</ele><time>2026-05-13T04:57:44Z</time></trkpt>
<trkpt lat="33.0510981" lon="35.2231881"><ele>302.8</ele><time>2026-05-13T04:57:45Z</time></trkpt>
<trkpt lat="33.0510981" lon="35.2231879"><ele>302.8</ele><time>2026-05-13T04:57:46Z</time></trkpt>
<trkpt lat="33.051098" lon="35.2231877"><ele>302.8</ele><time>2026-05-13T04:57:47Z</time></trkpt>
<trkpt lat="33.0510979" lon="35.2231875"><ele>302.8</ele><time>2026-05-13T04:57:48Z</time></trkpt>
<trkpt lat="33.0510977" lon="35.2231873"><ele>302.8</ele><time>2026-05-13T04:57:49Z</time></trkpt>
<trkpt lat="33.0510977" lon="35.2231871"><ele>302.8</ele><time>2026-05-13T04:57:50Z</time></trkpt>
<trkpt lat="33.0510977" lon="35.2231869"><ele>302.8</ele><time>2026-05-13T04:57:51Z</time></trkpt>
<trkpt lat="33.0510977" lon="35.2231868"><ele>302.8</ele><time>2026-05-13T04:57:52Z</time></trkpt>
<trkpt lat="33.0510976" lon="35.2231866"><ele>302.8</ele><time>2026-05-13T04:57:53Z</time></trkpt>
<trkpt lat="33.0510976" lon="35.2231864"><ele>302.8</ele><time>2026-05-13T04:57:54Z</time></trkpt>
<trkpt lat="33.0510976" lon="35.2231862"><ele>302.8</ele><time>2026-05-13T04:57:55Z</time></trkpt>
<trkpt lat="33.0510976" lon="35.223186"><ele>302.8</ele><time>2026-05-13T04:57:56Z</time></trkpt>
<trkpt lat="33.0510977" lon="35.2231858"><ele>302.8</ele><time>2026-05-13T04:57:57Z</time></trkpt>
<trkpt lat="33.0510977" lon="35.2231856"><ele>302.7</ele><time>2026-05-13T04:57:58Z</time></trkpt>
<trkpt lat="33.0510977" lon="35.2231853"><ele>302.7</ele><time>2026-05-13T04:57:59Z</time></trkpt>
<trkpt lat="33.0510977" lon="35.223185"><ele>302.7</ele><time>2026-05-13T04:58:00Z</time></trkpt>
<trkpt lat="33.0510977" lon="35.2231847"><ele>302.7</ele><time>2026-05-13T04:58:01Z</time></trkpt>
<trkpt lat="33.0510977" lon="35.2231843"><ele>302.7</ele><time>2026-05-13T04:58:02Z</time></trkpt>
<trkpt lat="33.0510977" lon="35.2231839"><ele>302.7</ele><time>2026-05-13T04:58:03Z</time></trkpt>
<trkpt lat="33.0510977" lon="35.2231835"><ele>302.7</ele><time>2026-05-13T04:58:04Z</time></trkpt>
<trkpt lat="33.0510977" lon="35.2231832"><ele>302.7</ele><time>2026-05-13T04:58:05Z</time></trkpt>
<trkpt lat="33.0510977" lon="35.2231828"><ele>302.7</ele><time>2026-05-13T04:58:06Z</time></trkpt>
<trkpt lat="33.0510976" lon="35.2231825"><ele>302.7</ele><time>2026-05-13T04:58:07Z</time></trkpt>
<trkpt lat="33.0510975" lon="35.2231821"><ele>302.7</ele><time>2026-05-13T04:58:08Z</time></trkpt>
<trkpt lat="33.0510973" lon="35.2231818"><ele>302.7</ele><time>2026-05-13T04:58:09Z</time></trkpt>
<trkpt lat="33.0510972" lon="35.2231815"><ele>302.7</ele><time>2026-05-13T04:58:10Z</time></trkpt>
<trkpt lat="33.0510971" lon="35.2231812"><ele>302.7</ele><time>2026-05-13T04:58:11Z</time></trkpt>
<trkpt lat="33.0510969" lon="35.223181"><ele>302.7</ele><time>2026-05-13T04:58:12Z</time></trkpt>
<trkpt lat="33.0510967" lon="35.2231807"><ele>302.7</ele><time>2026-05-13T04:58:13Z</time></trkpt>
<trkpt lat="33.0510965" lon="35.2231805"><ele>302.7</ele><time>2026-05-13T04:58:14Z</time></trkpt>
<trkpt lat="33.0510962" lon="35.2231803"><ele>302.7</ele><time>2026-05-13T04:58:15Z</time></trkpt>
<trkpt lat="33.051096" lon="35.2231802"><ele>302.7</ele><time>2026-05-13T04:58:16Z</time></trkpt>
<trkpt lat="33.0510957" lon="35.22318"><ele>302.7</ele><time>2026-05-13T04:58:17Z</time></trkpt>
<trkpt lat="33.0510953" lon="35.2231798"><ele>302.7</ele><time>2026-05-13T04:58:18Z</time></trkpt>
<trkpt lat="33.0510948" lon="35.2231796"><ele>302.7</ele><time>2026-05-13T04:58:19Z</time></trkpt>
<trkpt lat="33.0510942" lon="35.2231794"><ele>302.7</ele><time>2026-05-13T04:58:20Z</time></trkpt>
<trkpt lat="33.0510934" lon="35.2231792"><ele>302.7</ele><time>2026-05-13T04:58:21Z</time></trkpt>
<trkpt lat="33.0510925" lon="35.223179"><ele>302.7</ele><time>2026-05-13T04:58:22Z</time></trkpt>
<trkpt lat="33.0510914" lon="35.223179"><ele>302.7</ele><time>2026-05-13T04:58:23Z</time></trkpt>
<trkpt lat="33.05109" lon="35.223179"><ele>302.7</ele><time>2026-05-13T04:58:24Z</time></trkpt>
<trkpt lat="33.0510875" lon="35.2231792"><ele>302.7</ele><time>2026-05-13T04:58:25Z</time></trkpt>
<trkpt lat="33.0510836" lon="35.2231797"><ele>302.7</ele><time>2026-05-13T04:58:26Z</time></trkpt>
<trkpt lat="33.0510778" lon="35.2231814"><ele>302.7</ele><time>2026-05-13T04:58:27Z</time></trkpt>
<trkpt lat="33.0510701" lon="35.2231847"><ele>302.6</ele><time>2026-05-13T04:58:28Z</time></trkpt>
<trkpt lat="33.0510606" lon="35.2231902"><ele>302.6</ele><time>2026-05-13T04:58:29Z</time></trkpt>
<trkpt lat="33.0510488" lon="35.2231975"><ele>302.6</ele><time>2026-05-13T04:58:30Z</time></trkpt>
<trkpt lat="33.0510344" lon="35.2232041"><ele>302.5</ele><time>2026-05-13T04:58:31Z</time></trkpt>
<trkpt lat="33.0510177" lon="35.2232089"><ele>302.5</ele><time>2026-05-13T04:58:32Z</time></trkpt>
<trkpt lat="33.0509984" lon="35.2232108"><ele>302.4</ele><time>2026-05-13T04:58:33Z</time></trkpt>
<trkpt lat="33.0509764" lon="35.2232097"><ele>302.4</ele><time>2026-05-13T04:58:34Z</time></trkpt>
<trkpt lat="33.0509509" lon="35.2232064"><ele>302.3</ele><time>2026-05-13T04:58:35Z</time></trkpt>
<trkpt lat="33.0509222" lon="35.2232009"><ele>302.2</ele><time>2026-05-13T04:58:36Z</time></trkpt>
<trkpt lat="33.0508922" lon="35.2231928"><ele>302.1</ele><time>2026-05-13T04:58:37Z</time></trkpt>
<trkpt lat="33.050861" lon="35.2231817"><ele>302.0</ele><time>2026-05-13T04:58:38Z</time></trkpt>
<trkpt lat="33.0508293" lon="35.2231677"><ele>301.8</ele><time>2026-05-13T04:58:39Z</time></trkpt>
<trkpt lat="33.0507979" lon="35.2231498"><ele>301.6</ele><time>2026-05-13T04:58:40Z</time></trkpt>
<trkpt lat="33.0507656" lon="35.2231276"><ele>301.5</ele><time>2026-05-13T04:58:41Z</time></trkpt>
<trkpt lat="33.0507312" lon="35.2231012"><ele>301.3</ele><time>2026-05-13T04:58:42Z</time></trkpt>
<trkpt lat="33.050694" lon="35.2230688"><ele>301.0</ele><time>2026-05-13T04:58:43Z</time></trkpt>
<trkpt lat="33.0506555" lon="35.2230298"><ele>300.7</ele><time>2026-05-13T04:58:44Z</time></trkpt>
<trkpt lat="33.0506189" lon="35.2229849"><ele>300.4</ele><time>2026-05-13T04:58:45Z</time></trkpt>
<trkpt lat="33.0505867" lon="35.2229345"><ele>300.1</ele><time>2026-05-13T04:58:46Z</time></trkpt>
<trkpt lat="33.0505599" lon="35.2228786"><ele>299.7</ele><time>2026-05-13T04:58:47Z</time></trkpt>
<trkpt lat="33.050536" lon="35.2228178"><ele>299.3</ele><time>2026-05-13T04:58:48Z</time></trkpt>
<trkpt lat="33.0505126" lon="35.2227512"><ele>298.9</ele><time>2026-05-13T04:58:49Z</time></trkpt>
<trkpt lat="33.050489" lon="35.2226826"><ele>298.5</ele><time>2026-05-13T04:58:50Z</time></trkpt>
<trkpt lat="33.0504669" lon="35.2226121"><ele>298.0</ele><time>2026-05-13T04:58:51Z</time></trkpt>
<trkpt lat="33.0504482" lon="35.2225379"><ele>297.5</ele><time>2026-05-13T04:58:52Z</time></trkpt>
<trkpt lat="33.0504361" lon="35.2224624"><ele>297.1</ele><time>2026-05-13T04:58:53Z</time></trkpt>
<trkpt lat="33.0504294" lon="35.2223879"><ele>296.6</ele><time>2026-05-13T04:58:54Z</time></trkpt>
<trkpt lat="33.0504256" lon="35.222317"><ele>296.2</ele><time>2026-05-13T04:58:55Z</time></trkpt>
<trkpt lat="33.0504261" lon="35.2222494"><ele>295.7</ele><time>2026-05-13T04:58:56Z</time></trkpt>
<trkpt lat="33.0504315" lon="35.2221831"><ele>295.3</ele><time>2026-05-13T04:58:57Z</time></trkpt>
<trkpt lat="33.050441" lon="35.2221165"><ele>294.9</ele><time>2026-05-13T04:58:58Z</time></trkpt>
<trkpt lat="33.0504527" lon="35.2220514"><ele>294.5</ele><time>2026-05-13T04:58:59Z</time></trkpt>
<trkpt lat="33.0504653" lon="35.22199"><ele>294.2</ele><time>2026-05-13T04:59:00Z</time></trkpt>
<trkpt lat="33.0504779" lon="35.2219329"><ele>293.8</ele><time>2026-05-13T04:59:01Z</time></trkpt>
<trkpt lat="33.0504904" lon="35.2218787"><ele>293.4</ele><time>2026-05-13T04:59:02Z</time></trkpt>
<trkpt lat="33.0505032" lon="35.2218262"><ele>293.0</ele><time>2026-05-13T04:59:03Z</time></trkpt>
<trkpt lat="33.0505153" lon="35.2217753"><ele>292.6</ele><time>2026-05-13T04:59:04Z</time></trkpt>
<trkpt lat="33.0505256" lon="35.2217263"><ele>292.2</ele><time>2026-05-13T04:59:05Z</time></trkpt>
<trkpt lat="33.0505347" lon="35.2216816"><ele>291.7</ele><time>2026-05-13T04:59:06Z</time></trkpt>
<trkpt lat="33.0505439" lon="35.2216423"><ele>291.3</ele><time>2026-05-13T04:59:07Z</time></trkpt>
<trkpt lat="33.050553" lon="35.2216076"><ele>290.9</ele><time>2026-05-13T04:59:08Z</time></trkpt>
<trkpt lat="33.050561" lon="35.2215775"><ele>290.5</ele><time>2026-05-13T04:59:09Z</time></trkpt>
<trkpt lat="33.0505694" lon="35.2215492"><ele>290.1</ele><time>2026-05-13T04:59:10Z</time></trkpt>
<trkpt lat="33.0505799" lon="35.2215195"><ele>289.7</ele><time>2026-05-13T04:59:11Z</time></trkpt>
<trkpt lat="33.0505929" lon="35.2214887"><ele>289.3</ele><time>2026-05-13T04:59:12Z</time></trkpt>
<trkpt lat="33.0506076" lon="35.2214579"><ele>288.9</ele><time>2026-05-13T04:59:13Z</time></trkpt>
<trkpt lat="33.0506227" lon="35.2214259"><ele>288.6</ele><time>2026-05-13T04:59:14Z</time></trkpt>
<trkpt lat="33.0506365" lon="35.2213922"><ele>288.3</ele><time>2026-05-13T04:59:15Z</time></trkpt>
<trkpt lat="33.0506491" lon="35.2213574"><ele>287.9</ele><time>2026-05-13T04:59:16Z</time></trkpt>
<trkpt lat="33.0506604" lon="35.221322"><ele>287.6</ele><time>2026-05-13T04:59:17Z</time></trkpt>
<trkpt lat="33.0506703" lon="35.2212864"><ele>287.3</ele><time>2026-05-13T04:59:18Z</time></trkpt>
<trkpt lat="33.0506791" lon="35.2212507"><ele>287.0</ele><time>2026-05-13T04:59:19Z</time></trkpt>
<trkpt lat="33.0506872" lon="35.2212145"><ele>286.7</ele><time>2026-05-13T04:59:20Z</time></trkpt>
<trkpt lat="33.0506951" lon="35.2211774"><ele>286.5</ele><time>2026-05-13T04:59:21Z</time></trkpt>
<trkpt lat="33.050703" lon="35.2211394"><ele>286.2</ele><time>2026-05-13T04:59:22Z</time></trkpt>
<trkpt lat="33.0507112" lon="35.2211004"><ele>285.9</ele><time>2026-05-13T04:59:23Z</time></trkpt>
<trkpt lat="33.0507198" lon="35.2210606"><ele>285.6</ele><time>2026-05-13T04:59:24Z</time></trkpt>
<trkpt lat="33.0507285" lon="35.22102"><ele>285.3</ele><time>2026-05-13T04:59:25Z</time></trkpt>
<trkpt lat="33.0507371" lon="35.2209782"><ele>285.0</ele><time>2026-05-13T04:59:26Z</time></trkpt>
<trkpt lat="33.0507457" lon="35.2209355"><ele>284.7</ele><time>2026-05-13T04:59:27Z</time></trkpt>
<trkpt lat="33.0507543" lon="35.2208916"><ele>284.4</ele><time>2026-05-13T04:59:28Z</time></trkpt>
<trkpt lat="33.0507629" lon="35.2208465"><ele>284.0</ele><time>2026-05-13T04:59:29Z</time></trkpt>
<trkpt lat="33.0507716" lon="35.2208"><ele>283.7</ele><time>2026-05-13T04:59:30Z</time></trkpt>
<trkpt lat="33.0507809" lon="35.2207517"><ele>283.4</ele><time>2026-05-13T04:59:31Z</time></trkpt>
<trkpt lat="33.050791" lon="35.2207023"><ele>283.1</ele><time>2026-05-13T04:59:32Z</time></trkpt>
<trkpt lat="33.0508018" lon="35.2206527"><ele>282.7</ele><time>2026-05-13T04:59:33Z</time></trkpt>
<trkpt lat="33.0508132" lon="35.220604"><ele>282.4</ele><time>2026-05-13T04:59:34Z</time></trkpt>
<trkpt lat="33.0508254" lon="35.2205564"><ele>282.1</ele><time>2026-05-13T04:59:35Z</time></trkpt>
<trkpt lat="33.0508384" lon="35.2205105"><ele>281.8</ele><time>2026-05-13T04:59:36Z</time></trkpt>
<trkpt lat="33.0508523" lon="35.2204666"><ele>281.5</ele><time>2026-05-13T04:59:37Z</time></trkpt>
<trkpt lat="33.0508671" lon="35.2204251"><ele>281.1</ele><time>2026-05-13T04:59:38Z</time></trkpt>
<trkpt lat="33.0508823" lon="35.2203859"><ele>280.8</ele><time>2026-05-13T04:59:39Z</time></trkpt>
<trkpt lat="33.0508975" lon="35.2203488"><ele>280.5</ele><time>2026-05-13T04:59:40Z</time></trkpt>
<trkpt lat="33.0509124" lon="35.2203132"><ele>280.2</ele><time>2026-05-13T04:59:41Z</time></trkpt>
<trkpt lat="33.0509271" lon="35.2202781"><ele>279.9</ele><time>2026-05-13T04:59:42Z</time></trkpt>
<trkpt lat="33.0509422" lon="35.2202427"><ele>279.6</ele><time>2026-05-13T04:59:43Z</time></trkpt>
<trkpt lat="33.0509579" lon="35.2202066"><ele>279.2</ele><time>2026-05-13T04:59:44Z</time></trkpt>
<trkpt lat="33.0509745" lon="35.2201699"><ele>278.9</ele><time>2026-05-13T04:59:45Z</time></trkpt>
<trkpt lat="33.0509918" lon="35.2201328"><ele>278.5</ele><time>2026-05-13T04:59:46Z</time></trkpt>
<trkpt lat="33.0510094" lon="35.2200957"><ele>278.2</ele><time>2026-05-13T04:59:47Z</time></trkpt>
<trkpt lat="33.0510271" lon="35.2200589"><ele>277.8</ele><time>2026-05-13T04:59:48Z</time></trkpt>
<trkpt lat="33.0510447" lon="35.2200226"><ele>277.5</ele><time>2026-05-13T04:59:49Z</time></trkpt>
<trkpt lat="33.0510621" lon="35.2199863"><ele>277.1</ele><time>2026-05-13T04:59:50Z</time></trkpt>
<trkpt lat="33.0510796" lon="35.2199493"><ele>276.7</ele><time>2026-05-13T04:59:51Z</time></trkpt>
<trkpt lat="33.0510978" lon="35.2199109"><ele>276.3</ele><time>2026-05-13T04:59:52Z</time></trkpt>
<trkpt lat="33.051117" lon="35.2198705"><ele>276.0</ele><time>2026-05-13T04:59:53Z</time></trkpt>
<trkpt lat="33.0511375" lon="35.2198279"><ele>275.6</ele><time>2026-05-13T04:59:54Z</time></trkpt>
<trkpt lat="33.0511592" lon="35.2197833"><ele>275.2</ele><time>2026-05-13T04:59:55Z</time></trkpt>
<trkpt lat="33.0511818" lon="35.2197368"><ele>274.8</ele><time>2026-05-13T04:59:56Z</time></trkpt>
<trkpt lat="33.0512048" lon="35.219689"><ele>274.4</ele><time>2026-05-13T04:59:57Z</time></trkpt>
<trkpt lat="33.0512279" lon="35.2196406"><ele>274.0</ele><time>2026-05-13T04:59:58Z</time></trkpt>
<trkpt lat="33.0512513" lon="35.2195921"><ele>273.6</ele><time>2026-05-13T04:59:59Z</time></trkpt>
<trkpt lat="33.0512747" lon="35.2195439"><ele>273.1</ele><time>2026-05-13T05:00:00Z</time></trkpt>
<trkpt lat="33.0512979" lon="35.2194965"><ele>272.7</ele><time>2026-05-13T05:00:01Z</time></trkpt>
<trkpt lat="33.0513203" lon="35.2194501"><ele>272.3</ele><time>2026-05-13T05:00:02Z</time></trkpt>
<trkpt lat="33.0513416" lon="35.2194046"><ele>271.9</ele><time>2026-05-13T05:00:03Z</time></trkpt>
<trkpt lat="33.0513618" lon="35.2193601"><ele>271.5</ele><time>2026-05-13T05:00:04Z</time></trkpt>
<trkpt lat="33.0513811" lon="35.2193171"><ele>271.1</ele><time>2026-05-13T05:00:05Z</time></trkpt>
<trkpt lat="33.0513996" lon="35.219276"><ele>270.7</ele><time>2026-05-13T05:00:06Z</time></trkpt>
<trkpt lat="33.051417" lon="35.219237"><ele>270.3</ele><time>2026-05-13T05:00:07Z</time></trkpt>
<trkpt lat="33.0514334" lon="35.2191993"><ele>270.0</ele><time>2026-05-13T05:00:08Z</time></trkpt>
<trkpt lat="33.0514489" lon="35.2191619"><ele>269.6</ele><time>2026-05-13T05:00:09Z</time></trkpt>
<trkpt lat="33.0514643" lon="35.2191238"><ele>269.3</ele><time>2026-05-13T05:00:10Z</time></trkpt>
<trkpt lat="33.0514801" lon="35.2190843"><ele>269.0</ele><time>2026-05-13T05:00:11Z</time></trkpt>
<trkpt lat="33.0514967" lon="35.2190429"><ele>268.7</ele><time>2026-05-13T05:00:12Z</time></trkpt>
<trkpt lat="33.0515143" lon="35.2189994"><ele>268.4</ele><time>2026-05-13T05:00:13Z</time></trkpt>
<trkpt lat="33.0515323" lon="35.218954"><ele>268.1</ele><time>2026-05-13T05:00:14Z</time></trkpt>
<trkpt lat="33.0515505" lon="35.2189067"><ele>267.8</ele><time>2026-05-13T05:00:15Z</time></trkpt>
<trkpt lat="33.0515686" lon="35.2188575"><ele>267.4</ele><time>2026-05-13T05:00:16Z</time></trkpt>
<trkpt lat="33.0515865" lon="35.2188067"><ele>267.1</ele><time>2026-05-13T05:00:17Z</time></trkpt>
<trkpt lat="33.0516037" lon="35.2187546"><ele>266.7</ele><time>2026-05-13T05:00:18Z</time></trkpt>
<trkpt lat="33.0516199" lon="35.2187017"><ele>266.4</ele><time>2026-05-13T05:00:19Z</time></trkpt>
<trkpt lat="33.0516349" lon="35.2186483"><ele>266.0</ele><time>2026-05-13T05:00:20Z</time></trkpt>
<trkpt lat="33.0516488" lon="35.2185949"><ele>265.7</ele><time>2026-05-13T05:00:21Z</time></trkpt>
<trkpt lat="33.0516616" lon="35.2185416"><ele>265.3</ele><time>2026-05-13T05:00:22Z</time></trkpt>
<trkpt lat="33.0516737" lon="35.2184889"><ele>265.0</ele><time>2026-05-13T05:00:23Z</time></trkpt>
<trkpt lat="33.0516857" lon="35.2184366"><ele>264.7</ele><time>2026-05-13T05:00:24Z</time></trkpt>
<trkpt lat="33.0516983" lon="35.2183845"><ele>264.3</ele><time>2026-05-13T05:00:25Z</time></trkpt>
<trkpt lat="33.0517123" lon="35.2183325"><ele>264.0</ele><time>2026-05-13T05:00:26Z</time></trkpt>
<trkpt lat="33.0517283" lon="35.2182803"><ele>263.7</ele><time>2026-05-13T05:00:27Z</time></trkpt>
<trkpt lat="33.0517465" lon="35.2182281"><ele>263.4</ele><time>2026-05-13T05:00:28Z</time></trkpt>
<trkpt lat="33.0517667" lon="35.2181762"><ele>263.1</ele><time>2026-05-13T05:00:29Z</time></trkpt>
<trkpt lat="33.0517884" lon="35.2181246"><ele>262.8</ele><time>2026-05-13T05:00:30Z</time></trkpt>
<trkpt lat="33.0518112" lon="35.2180729"><ele>262.4</ele><time>2026-05-13T05:00:31Z</time></trkpt>
<trkpt lat="33.0518351" lon="35.2180203"><ele>262.1</ele><time>2026-05-13T05:00:32Z</time></trkpt>
<trkpt lat="33.0518605" lon="35.217966"><ele>261.7</ele><time>2026-05-13T05:00:33Z</time></trkpt>
<trkpt lat="33.0518878" lon="35.2179097"><ele>261.4</ele><time>2026-05-13T05:00:34Z</time></trkpt>
<trkpt lat="33.0519175" lon="35.2178514"><ele>261.0</ele><time>2026-05-13T05:00:35Z</time></trkpt>
<trkpt lat="33.0519492" lon="35.2177917"><ele>260.6</ele><time>2026-05-13T05:00:36Z</time></trkpt>
<trkpt lat="33.0519818" lon="35.2177312"><ele>260.2</ele><time>2026-05-13T05:00:37Z</time></trkpt>
<trkpt lat="33.0520149" lon="35.2176708"><ele>259.8</ele><time>2026-05-13T05:00:38Z</time></trkpt>
<trkpt lat="33.0520483" lon="35.2176116"><ele>259.3</ele><time>2026-05-13T05:00:39Z</time></trkpt>
<trkpt lat="33.0520823" lon="35.2175542"><ele>258.9</ele><time>2026-05-13T05:00:40Z</time></trkpt>
<trkpt lat="33.052117" lon="35.2174988"><ele>258.4</ele><time>2026-05-13T05:00:41Z</time></trkpt>
<trkpt lat="33.0521524" lon="35.217445"><ele>257.9</ele><time>2026-05-13T05:00:42Z</time></trkpt>
<trkpt lat="33.0521884" lon="35.2173923"><ele>257.5</ele><time>2026-05-13T05:00:43Z</time></trkpt>
<trkpt lat="33.0522253" lon="35.2173398"><ele>257.0</ele><time>2026-05-13T05:00:44Z</time></trkpt>
<trkpt lat="33.0522632" lon="35.2172866"><ele>256.5</ele><time>2026-05-13T05:00:45Z</time></trkpt>
<trkpt lat="33.052302" lon="35.2172319"><ele>255.9</ele><time>2026-05-13T05:00:46Z</time></trkpt>
<trkpt lat="33.0523416" lon="35.2171754"><ele>255.4</ele><time>2026-05-13T05:00:47Z</time></trkpt>
<trkpt lat="33.052382" lon="35.2171181"><ele>254.9</ele><time>2026-05-13T05:00:48Z</time></trkpt>
<trkpt lat="33.052423" lon="35.2170616"><ele>254.3</ele><time>2026-05-13T05:00:49Z</time></trkpt>
<trkpt lat="33.0524545" lon="35.2170196"><ele>253.9</ele><time>2026-05-13T05:00:50Z</time></trkpt>
<trkpt lat="33.052522" lon="35.2169402"><ele>253.0</ele><time>2026-05-13T05:00:51Z</time></trkpt>
<trkpt lat="33.0525646" lon="35.2168963"><ele>252.5</ele><time>2026-05-13T05:00:52Z</time></trkpt>
<trkpt lat="33.0526048" lon="35.216857"><ele>252.0</ele><time>2026-05-13T05:00:53Z</time></trkpt>
<trkpt lat="33.0526448" lon="35.2168211"><ele>251.4</ele><time>2026-05-13T05:00:54Z</time></trkpt>
<trkpt lat="33.0526844" lon="35.2167878"><ele>250.8</ele><time>2026-05-13T05:00:55Z</time></trkpt>
<trkpt lat="33.0527237" lon="35.2167568"><ele>250.3</ele><time>2026-05-13T05:00:56Z</time></trkpt>
<trkpt lat="33.0527638" lon="35.2167274"><ele>249.7</ele><time>2026-05-13T05:00:57Z</time></trkpt>
<trkpt lat="33.052804" lon="35.2166994"><ele>249.1</ele><time>2026-05-13T05:00:58Z</time></trkpt>
<trkpt lat="33.0528417" lon="35.2166689"><ele>248.5</ele><time>2026-05-13T05:00:59Z</time></trkpt>
<trkpt lat="33.0528744" lon="35.2166304"><ele>247.9</ele><time>2026-05-13T05:01:00Z</time></trkpt>
<trkpt lat="33.0528975" lon="35.2165875"><ele>247.4</ele><time>2026-05-13T05:01:01Z</time></trkpt>
<trkpt lat="33.0529099" lon="35.2165427"><ele>246.8</ele><time>2026-05-13T05:01:02Z</time></trkpt>
<trkpt lat="33.0529142" lon="35.2164975"><ele>246.3</ele><time>2026-05-13T05:01:03Z</time></trkpt>
<trkpt lat="33.0529144" lon="35.2164533"><ele>245.8</ele><time>2026-05-13T05:01:04Z</time></trkpt>
<trkpt lat="33.0529119" lon="35.21641"><ele>245.4</ele><time>2026-05-13T05:01:05Z</time></trkpt>
<trkpt lat="33.0529076" lon="35.216367"><ele>245.1</ele><time>2026-05-13T05:01:06Z</time></trkpt>
<trkpt lat="33.0529003" lon="35.2163241"><ele>244.8</ele><time>2026-05-13T05:01:07Z</time></trkpt>
<trkpt lat="33.052887" lon="35.2162835"><ele>244.6</ele><time>2026-05-13T05:01:08Z</time></trkpt>
<trkpt lat="33.0528687" lon="35.2162468"><ele>244.4</ele><time>2026-05-13T05:01:09Z</time></trkpt>
<trkpt lat="33.0528499" lon="35.2162137"><ele>244.2</ele><time>2026-05-13T05:01:10Z</time></trkpt>
<trkpt lat="33.0528324" lon="35.2161827"><ele>244.2</ele><time>2026-05-13T05:01:11Z</time></trkpt>
<trkpt lat="33.0528149" lon="35.2161536"><ele>244.1</ele><time>2026-05-13T05:01:12Z</time></trkpt>
<trkpt lat="33.0527971" lon="35.2161279"><ele>244.1</ele><time>2026-05-13T05:01:13Z</time></trkpt>
<trkpt lat="33.0527782" lon="35.2161045"><ele>244.1</ele><time>2026-05-13T05:01:14Z</time></trkpt>
<trkpt lat="33.0527598" lon="35.2160819"><ele>244.1</ele><time>2026-05-13T05:01:15Z</time></trkpt>
<trkpt lat="33.0527418" lon="35.2160612"><ele>244.2</ele><time>2026-05-13T05:01:16Z</time></trkpt>
<trkpt lat="33.0527232" lon="35.2160441"><ele>244.3</ele><time>2026-05-13T05:01:17Z</time></trkpt>
<trkpt lat="33.0527043" lon="35.2160306"><ele>244.4</ele><time>2026-05-13T05:01:18Z</time></trkpt>
<trkpt lat="33.0526867" lon="35.2160207"><ele>244.5</ele><time>2026-05-13T05:01:19Z</time></trkpt>
<trkpt lat="33.0526711" lon="35.2160135"><ele>244.6</ele><time>2026-05-13T05:01:20Z</time></trkpt>
<trkpt lat="33.0526567" lon="35.2160056"><ele>244.8</ele><time>2026-05-13T05:01:21Z</time></trkpt>
<trkpt lat="33.0526427" lon="35.2159956"><ele>245.0</ele><time>2026-05-13T05:01:22Z</time></trkpt>
<trkpt lat="33.0526271" lon="35.215984"><ele>245.3</ele><time>2026-05-13T05:01:23Z</time></trkpt>
<trkpt lat="33.0526069" lon="35.2159716"><ele>245.6</ele><time>2026-05-13T05:01:24Z</time></trkpt>
<trkpt lat="33.0525828" lon="35.2159577"><ele>245.9</ele><time>2026-05-13T05:01:25Z</time></trkpt>
<trkpt lat="33.0525571" lon="35.2159427"><ele>246.3</ele><time>2026-05-13T05:01:26Z</time></trkpt>
<trkpt lat="33.0525313" lon="35.2159276"><ele>246.7</ele><time>2026-05-13T05:01:27Z</time></trkpt>
<trkpt lat="33.0525068" lon="35.215913"><ele>247.1</ele><time>2026-05-13T05:01:28Z</time></trkpt>
<trkpt lat="33.0524831" lon="35.2158994"><ele>247.6</ele><time>2026-05-13T05:01:29Z</time></trkpt>
<trkpt lat="33.0524597" lon="35.215886"><ele>248.1</ele><time>2026-05-13T05:01:30Z</time></trkpt>
<trkpt lat="33.0524369" lon="35.2158732"><ele>248.6</ele><time>2026-05-13T05:01:31Z</time></trkpt>
<trkpt lat="33.0524145" lon="35.2158607"><ele>249.1</ele><time>2026-05-13T05:01:32Z</time></trkpt>
<trkpt lat="33.0523925" lon="35.2158479"><ele>249.7</ele><time>2026-05-13T05:01:33Z</time></trkpt>
<trkpt lat="33.0523712" lon="35.2158339"><ele>250.2</ele><time>2026-05-13T05:01:34Z</time></trkpt>
<trkpt lat="33.0523502" lon="35.2158186"><ele>250.7</ele><time>2026-05-13T05:01:35Z</time></trkpt>
<trkpt lat="33.052329" lon="35.215803"><ele>251.1</ele><time>2026-05-13T05:01:36Z</time></trkpt>
<trkpt lat="33.052308" lon="35.2157878"><ele>251.6</ele><time>2026-05-13T05:01:37Z</time></trkpt>
<trkpt lat="33.0522877" lon="35.2157749"><ele>252.0</ele><time>2026-05-13T05:01:38Z</time></trkpt>
<trkpt lat="33.052269" lon="35.2157638"><ele>252.3</ele><time>2026-05-13T05:01:39Z</time></trkpt>
<trkpt lat="33.0522516" lon="35.2157517"><ele>252.7</ele><time>2026-05-13T05:01:40Z</time></trkpt>
<trkpt lat="33.0522354" lon="35.2157373"><ele>253.0</ele><time>2026-05-13T05:01:41Z</time></trkpt>
<trkpt lat="33.0522196" lon="35.2157203"><ele>253.3</ele><time>2026-05-13T05:01:42Z</time></trkpt>
<trkpt lat="33.0522042" lon="35.2157022"><ele>253.5</ele><time>2026-05-13T05:01:43Z</time></trkpt>
<trkpt lat="33.0521884" lon="35.2156845"><ele>253.8</ele><time>2026-05-13T05:01:44Z</time></trkpt>
<trkpt lat="33.052171" lon="35.2156669"><ele>254.0</ele><time>2026-05-13T05:01:45Z</time></trkpt>
<trkpt lat="33.0521519" lon="35.2156498"><ele>254.2</ele><time>2026-05-13T05:01:46Z</time></trkpt>
<trkpt lat="33.0521314" lon="35.2156327"><ele>254.4</ele><time>2026-05-13T05:01:47Z</time></trkpt>
<trkpt lat="33.0521107" lon="35.2156151"><ele>254.6</ele><time>2026-05-13T05:01:48Z</time></trkpt>
<trkpt lat="33.0520902" lon="35.2155975"><ele>254.8</ele><time>2026-05-13T05:01:49Z</time></trkpt>
<trkpt lat="33.0520692" lon="35.2155794"><ele>255.0</ele><time>2026-05-13T05:01:50Z</time></trkpt>
<trkpt lat="33.0520474" lon="35.2155612"><ele>255.2</ele><time>2026-05-13T05:01:51Z</time></trkpt>
<trkpt lat="33.0520253" lon="35.2155435"><ele>255.4</ele><time>2026-05-13T05:01:52Z</time></trkpt>
<trkpt lat="33.0520043" lon="35.2155268"><ele>255.5</ele><time>2026-05-13T05:01:53Z</time></trkpt>
<trkpt lat="33.0519835" lon="35.21551"><ele>255.7</ele><time>2026-05-13T05:01:54Z</time></trkpt>
<trkpt lat="33.0519613" lon="35.2154924"><ele>255.8</ele><time>2026-05-13T05:01:55Z</time></trkpt>
<trkpt lat="33.0519388" lon="35.2154752"><ele>256.0</ele><time>2026-05-13T05:01:56Z</time></trkpt>
<trkpt lat="33.051917" lon="35.2154582"><ele>256.1</ele><time>2026-05-13T05:01:57Z</time></trkpt>
<trkpt lat="33.0518956" lon="35.2154415"><ele>256.3</ele><time>2026-05-13T05:01:58Z</time></trkpt>
<trkpt lat="33.0518745" lon="35.2154251"><ele>256.4</ele><time>2026-05-13T05:01:59Z</time></trkpt>
<trkpt lat="33.0518532" lon="35.2154079"><ele>256.5</ele><time>2026-05-13T05:02:00Z</time></trkpt>
<trkpt lat="33.0518318" lon="35.2153908"><ele>256.6</ele><time>2026-05-13T05:02:01Z</time></trkpt>
<trkpt lat="33.0518113" lon="35.2153746"><ele>256.7</ele><time>2026-05-13T05:02:02Z</time></trkpt>
<trkpt lat="33.051791" lon="35.2153583"><ele>256.8</ele><time>2026-05-13T05:02:03Z</time></trkpt>
<trkpt lat="33.0517703" lon="35.215342"><ele>256.8</ele><time>2026-05-13T05:02:04Z</time></trkpt>
<trkpt lat="33.051749" lon="35.2153258"><ele>256.9</ele><time>2026-05-13T05:02:05Z</time></trkpt>
<trkpt lat="33.0517279" lon="35.2153105"><ele>257.0</ele><time>2026-05-13T05:02:06Z</time></trkpt>
<trkpt lat="33.0517074" lon="35.2152959"><ele>257.1</ele><time>2026-05-13T05:02:07Z</time></trkpt>
<trkpt lat="33.0516873" lon="35.2152813"><ele>257.1</ele><time>2026-05-13T05:02:08Z</time></trkpt>
<trkpt lat="33.0516681" lon="35.2152668"><ele>257.2</ele><time>2026-05-13T05:02:09Z</time></trkpt>
<trkpt lat="33.0516493" lon="35.215252"><ele>257.3</ele><time>2026-05-13T05:02:10Z</time></trkpt>
<trkpt lat="33.05163" lon="35.2152374"><ele>257.4</ele><time>2026-05-13T05:02:11Z</time></trkpt>
<trkpt lat="33.0516101" lon="35.2152231"><ele>257.5</ele><time>2026-05-13T05:02:12Z</time></trkpt>
<trkpt lat="33.0515894" lon="35.2152096"><ele>257.5</ele><time>2026-05-13T05:02:13Z</time></trkpt>
<trkpt lat="33.0515684" lon="35.2151967"><ele>257.6</ele><time>2026-05-13T05:02:14Z</time></trkpt>
<trkpt lat="33.0515475" lon="35.2151833"><ele>257.7</ele><time>2026-05-13T05:02:15Z</time></trkpt>
<trkpt lat="33.0515267" lon="35.215169"><ele>257.7</ele><time>2026-05-13T05:02:16Z</time></trkpt>
<trkpt lat="33.0515046" lon="35.2151527"><ele>257.8</ele><time>2026-05-13T05:02:17Z</time></trkpt>
<trkpt lat="33.0514812" lon="35.2151354"><ele>257.8</ele><time>2026-05-13T05:02:18Z</time></trkpt>
<trkpt lat="33.0514581" lon="35.215119"><ele>257.8</ele><time>2026-05-13T05:02:19Z</time></trkpt>
<trkpt lat="33.0514348" lon="35.215102"><ele>257.8</ele><time>2026-05-13T05:02:20Z</time></trkpt>
<trkpt lat="33.0514108" lon="35.2150842"><ele>257.8</ele><time>2026-05-13T05:02:21Z</time></trkpt>
<trkpt lat="33.0513856" lon="35.2150661"><ele>257.7</ele><time>2026-05-13T05:02:22Z</time></trkpt>
<trkpt lat="33.0513594" lon="35.2150471"><ele>257.6</ele><time>2026-05-13T05:02:23Z</time></trkpt>
<trkpt lat="33.0513315" lon="35.2150272"><ele>257.5</ele><time>2026-05-13T05:02:24Z</time></trkpt>
<trkpt lat="33.0513016" lon="35.2150067"><ele>257.4</ele><time>2026-05-13T05:02:25Z</time></trkpt>
<trkpt lat="33.0512707" lon="35.2149852"><ele>257.3</ele><time>2026-05-13T05:02:26Z</time></trkpt>
<trkpt lat="33.0512402" lon="35.2149622"><ele>257.1</ele><time>2026-05-13T05:02:27Z</time></trkpt>
<trkpt lat="33.0512102" lon="35.2149381"><ele>256.9</ele><time>2026-05-13T05:02:28Z</time></trkpt>
<trkpt lat="33.0511802" lon="35.2149134"><ele>256.7</ele><time>2026-05-13T05:02:29Z</time></trkpt>
<trkpt lat="33.0511502" lon="35.2148902"><ele>256.6</ele><time>2026-05-13T05:02:30Z</time></trkpt>
<trkpt lat="33.0511188" lon="35.2148696"><ele>256.4</ele><time>2026-05-13T05:02:31Z</time></trkpt>
<trkpt lat="33.0510852" lon="35.2148512"><ele>256.2</ele><time>2026-05-13T05:02:32Z</time></trkpt>
<trkpt lat="33.051051" lon="35.2148329"><ele>255.9</ele><time>2026-05-13T05:02:33Z</time></trkpt>
<trkpt lat="33.0510169" lon="35.2148121"><ele>255.7</ele><time>2026-05-13T05:02:34Z</time></trkpt>
<trkpt lat="33.0509826" lon="35.2147873"><ele>255.5</ele><time>2026-05-13T05:02:35Z</time></trkpt>
<trkpt lat="33.0509478" lon="35.2147595"><ele>255.2</ele><time>2026-05-13T05:02:36Z</time></trkpt>
<trkpt lat="33.0509126" lon="35.2147307"><ele>255.0</ele><time>2026-05-13T05:02:37Z</time></trkpt>
<trkpt lat="33.0508769" lon="35.214702"><ele>254.7</ele><time>2026-05-13T05:02:38Z</time></trkpt>
<trkpt lat="33.0508405" lon="35.2146736"><ele>254.3</ele><time>2026-05-13T05:02:39Z</time></trkpt>
<trkpt lat="33.0508032" lon="35.2146447"><ele>254.0</ele><time>2026-05-13T05:02:40Z</time></trkpt>
<trkpt lat="33.0507649" lon="35.2146148"><ele>253.6</ele><time>2026-05-13T05:02:41Z</time></trkpt>
<trkpt lat="33.0507257" lon="35.2145831"><ele>253.1</ele><time>2026-05-13T05:02:42Z</time></trkpt>
<trkpt lat="33.0506857" lon="35.2145504"><ele>252.6</ele><time>2026-05-13T05:02:43Z</time></trkpt>
<trkpt lat="33.0506457" lon="35.21452"><ele>252.1</ele><time>2026-05-13T05:02:44Z</time></trkpt>
<trkpt lat="33.0506059" lon="35.2144926"><ele>251.5</ele><time>2026-05-13T05:02:45Z</time></trkpt>
<trkpt lat="33.0505656" lon="35.2144669"><ele>250.8</ele><time>2026-05-13T05:02:46Z</time></trkpt>
<trkpt lat="33.0505246" lon="35.2144419"><ele>250.1</ele><time>2026-05-13T05:02:47Z</time></trkpt>
<trkpt lat="33.0504829" lon="35.2144163"><ele>249.4</ele><time>2026-05-13T05:02:48Z</time></trkpt>
<trkpt lat="33.0504407" lon="35.2143894"><ele>248.7</ele><time>2026-05-13T05:02:49Z</time></trkpt>
<trkpt lat="33.0503969" lon="35.2143614"><ele>248.0</ele><time>2026-05-13T05:02:50Z</time></trkpt>
<trkpt lat="33.0503496" lon="35.2143327"><ele>247.2</ele><time>2026-05-13T05:02:51Z</time></trkpt>
<trkpt lat="33.0502992" lon="35.2143032"><ele>246.6</ele><time>2026-05-13T05:02:52Z</time></trkpt>
<trkpt lat="33.050249" lon="35.2142715"><ele>245.9</ele><time>2026-05-13T05:02:53Z</time></trkpt>
<trkpt lat="33.050204" lon="35.2142396"><ele>245.3</ele><time>2026-05-13T05:02:54Z</time></trkpt>
<trkpt lat="33.050169" lon="35.2142082"><ele>244.8</ele><time>2026-05-13T05:02:55Z</time></trkpt>
<trkpt lat="33.0501436" lon="35.2141749"><ele>244.3</ele><time>2026-05-13T05:02:56Z</time></trkpt>
<trkpt lat="33.0501257" lon="35.2141404"><ele>243.8</ele><time>2026-05-13T05:02:57Z</time></trkpt>
<trkpt lat="33.0501163" lon="35.214105"><ele>243.5</ele><time>2026-05-13T05:02:58Z</time></trkpt>
<trkpt lat="33.0501166" lon="35.2140675"><ele>243.2</ele><time>2026-05-13T05:02:59Z</time></trkpt>
<trkpt lat="33.0501253" lon="35.2140272"><ele>242.9</ele><time>2026-05-13T05:03:00Z</time></trkpt>
<trkpt lat="33.0501411" lon="35.213985"><ele>242.6</ele><time>2026-05-13T05:03:01Z</time></trkpt>
<trkpt lat="33.0501598" lon="35.2139441"><ele>242.3</ele><time>2026-05-13T05:03:02Z</time></trkpt>
<trkpt lat="33.0501769" lon="35.213908"><ele>242.0</ele><time>2026-05-13T05:03:03Z</time></trkpt>
<trkpt lat="33.0501903" lon="35.2138794"><ele>241.6</ele><time>2026-05-13T05:03:04Z</time></trkpt>
<trkpt lat="33.0502001" lon="35.2138576"><ele>241.3</ele><time>2026-05-13T05:03:05Z</time></trkpt>
<trkpt lat="33.0502078" lon="35.2138405"><ele>240.9</ele><time>2026-05-13T05:03:06Z</time></trkpt>
<trkpt lat="33.0502138" lon="35.2138267"><ele>240.6</ele><time>2026-05-13T05:03:07Z</time></trkpt>
<trkpt lat="33.0502186" lon="35.213816"><ele>240.3</ele><time>2026-05-13T05:03:08Z</time></trkpt>
<trkpt lat="33.0502222" lon="35.2138082"><ele>240.0</ele><time>2026-05-13T05:03:09Z</time></trkpt>
<trkpt lat="33.0502245" lon="35.2138022"><ele>239.8</ele><time>2026-05-13T05:03:10Z</time></trkpt>
<trkpt lat="33.050226" lon="35.2137972"><ele>239.6</ele><time>2026-05-13T05:03:11Z</time></trkpt>
<trkpt lat="33.0502267" lon="35.2137934"><ele>239.4</ele><time>2026-05-13T05:03:12Z</time></trkpt>
<trkpt lat="33.0502268" lon="35.2137901"><ele>239.3</ele><time>2026-05-13T05:03:13Z</time></trkpt>
<trkpt lat="33.0502266" lon="35.2137863"><ele>239.2</ele><time>2026-05-13T05:03:14Z</time></trkpt>
<trkpt lat="33.0502265" lon="35.213782"><ele>239.1</ele><time>2026-05-13T05:03:15Z</time></trkpt>
<trkpt lat="33.0502264" lon="35.2137772"><ele>239.1</ele><time>2026-05-13T05:03:16Z</time></trkpt>
<trkpt lat="33.0502265" lon="35.2137714"><ele>239.1</ele><time>2026-05-13T05:03:17Z</time></trkpt>
<trkpt lat="33.050227" lon="35.2137644"><ele>239.1</ele><time>2026-05-13T05:03:18Z</time></trkpt>
<trkpt lat="33.0502281" lon="35.213756"><ele>239.1</ele><time>2026-05-13T05:03:19Z</time></trkpt>
<trkpt lat="33.0502299" lon="35.2137458"><ele>239.0</ele><time>2026-05-13T05:03:20Z</time></trkpt>
<trkpt lat="33.0502331" lon="35.2137326"><ele>239.0</ele><time>2026-05-13T05:03:21Z</time></trkpt>
<trkpt lat="33.0502377" lon="35.213716"><ele>239.0</ele><time>2026-05-13T05:03:22Z</time></trkpt>
<trkpt lat="33.050244" lon="35.213694"><ele>239.0</ele><time>2026-05-13T05:03:23Z</time></trkpt>
<trkpt lat="33.0502516" lon="35.2136648"><ele>238.9</ele><time>2026-05-13T05:03:24Z</time></trkpt>
<trkpt lat="33.0502591" lon="35.2136291"><ele>238.8</ele><time>2026-05-13T05:03:25Z</time></trkpt>
<trkpt lat="33.0502674" lon="35.2135862"><ele>238.6</ele><time>2026-05-13T05:03:26Z</time></trkpt>
<trkpt lat="33.0502778" lon="35.2135358"><ele>238.5</ele><time>2026-05-13T05:03:27Z</time></trkpt>
<trkpt lat="33.0502909" lon="35.2134784"><ele>238.3</ele><time>2026-05-13T05:03:28Z</time></trkpt>
<trkpt lat="33.0503065" lon="35.2134151"><ele>238.0</ele><time>2026-05-13T05:03:29Z</time></trkpt>
<trkpt lat="33.0503248" lon="35.2133453"><ele>237.7</ele><time>2026-05-13T05:03:30Z</time></trkpt>
<trkpt lat="33.0503448" lon="35.213269"><ele>237.3</ele><time>2026-05-13T05:03:31Z</time></trkpt>
<trkpt lat="33.0503654" lon="35.2131876"><ele>236.9</ele><time>2026-05-13T05:03:32Z</time></trkpt>
<trkpt lat="33.0503885" lon="35.2131007"><ele>236.5</ele><time>2026-05-13T05:03:33Z</time></trkpt>
<trkpt lat="33.0504137" lon="35.2130099"><ele>236.0</ele><time>2026-05-13T05:03:34Z</time></trkpt>
<trkpt lat="33.0504376" lon="35.2129164"><ele>235.6</ele><time>2026-05-13T05:03:35Z</time></trkpt>
<trkpt lat="33.0504607" lon="35.2128196"><ele>235.0</ele><time>2026-05-13T05:03:36Z</time></trkpt>
<trkpt lat="33.0504844" lon="35.2127193"><ele>234.5</ele><time>2026-05-13T05:03:37Z</time></trkpt>
<trkpt lat="33.0505077" lon="35.2126161"><ele>233.9</ele><time>2026-05-13T05:03:38Z</time></trkpt>
<trkpt lat="33.050527" lon="35.2125112"><ele>233.3</ele><time>2026-05-13T05:03:39Z</time></trkpt>
<trkpt lat="33.0505417" lon="35.2123995"><ele>232.7</ele><time>2026-05-13T05:03:40Z</time></trkpt>
<trkpt lat="33.0505514" lon="35.2122885"><ele>232.2</ele><time>2026-05-13T05:03:41Z</time></trkpt>
<trkpt lat="33.0505562" lon="35.21218"><ele>231.6</ele><time>2026-05-13T05:03:42Z</time></trkpt>
<trkpt lat="33.0505588" lon="35.21207"><ele>231.1</ele><time>2026-05-13T05:03:43Z</time></trkpt>
<trkpt lat="33.0505605" lon="35.2119615"><ele>230.5</ele><time>2026-05-13T05:03:44Z</time></trkpt>
<trkpt lat="33.0505641" lon="35.2118523"><ele>230.0</ele><time>2026-05-13T05:03:45Z</time></trkpt>
<trkpt lat="33.0505694" lon="35.2117461"><ele>229.6</ele><time>2026-05-13T05:03:46Z</time></trkpt>
<trkpt lat="33.0505724" lon="35.2116447"><ele>229.1</ele><time>2026-05-13T05:03:47Z</time></trkpt>
<trkpt lat="33.050575" lon="35.2115465"><ele>228.7</ele><time>2026-05-13T05:03:48Z</time></trkpt>
<trkpt lat="33.0505818" lon="35.2114497"><ele>228.3</ele><time>2026-05-13T05:03:49Z</time></trkpt>
<trkpt lat="33.0505893" lon="35.2113541"><ele>227.9</ele><time>2026-05-13T05:03:50Z</time></trkpt>
<trkpt lat="33.0505951" lon="35.2112559"><ele>227.5</ele><time>2026-05-13T05:03:51Z</time></trkpt>
<trkpt lat="33.050601" lon="35.2111506"><ele>227.1</ele><time>2026-05-13T05:03:52Z</time></trkpt>
<trkpt lat="33.0506038" lon="35.2110431"><ele>226.7</ele><time>2026-05-13T05:03:53Z</time></trkpt>
<trkpt lat="33.0506005" lon="35.2109385"><ele>226.3</ele><time>2026-05-13T05:03:54Z</time></trkpt>
<trkpt lat="33.0505918" lon="35.210837"><ele>226.0</ele><time>2026-05-13T05:03:55Z</time></trkpt>
<trkpt lat="33.0505813" lon="35.2107378"><ele>225.6</ele><time>2026-05-13T05:03:56Z</time></trkpt>
<trkpt lat="33.0505686" lon="35.2106443"><ele>225.3</ele><time>2026-05-13T05:03:57Z</time></trkpt>
<trkpt lat="33.0505581" lon="35.2105619"><ele>225.0</ele><time>2026-05-13T05:03:58Z</time></trkpt>
<trkpt lat="33.050553" lon="35.2104863"><ele>224.8</ele><time>2026-05-13T05:03:59Z</time></trkpt>
<trkpt lat="33.0505508" lon="35.2104132"><ele>224.7</ele><time>2026-05-13T05:04:00Z</time></trkpt>
<trkpt lat="33.0505544" lon="35.2103424"><ele>224.5</ele><time>2026-05-13T05:04:01Z</time></trkpt>
<trkpt lat="33.0505659" lon="35.2102737"><ele>224.5</ele><time>2026-05-13T05:04:02Z</time></trkpt>
<trkpt lat="33.050586" lon="35.2102067"><ele>224.4</ele><time>2026-05-13T05:04:03Z</time></trkpt>
<trkpt lat="33.0506131" lon="35.2101412"><ele>224.4</ele><time>2026-05-13T05:04:04Z</time></trkpt>
<trkpt lat="33.0506439" lon="35.2100758"><ele>224.4</ele><time>2026-05-13T05:04:05Z</time></trkpt>
<trkpt lat="33.0506746" lon="35.2100098"><ele>224.4</ele><time>2026-05-13T05:04:06Z</time></trkpt>
<trkpt lat="33.0507018" lon="35.2099433"><ele>224.3</ele><time>2026-05-13T05:04:07Z</time></trkpt>
<trkpt lat="33.0507231" lon="35.2098768"><ele>224.3</ele><time>2026-05-13T05:04:08Z</time></trkpt>
<trkpt lat="33.0507374" lon="35.2098118"><ele>224.2</ele><time>2026-05-13T05:04:09Z</time></trkpt>
<trkpt lat="33.050745" lon="35.2097494"><ele>224.1</ele><time>2026-05-13T05:04:10Z</time></trkpt>
<trkpt lat="33.0507472" lon="35.2096897"><ele>224.0</ele><time>2026-05-13T05:04:11Z</time></trkpt>
<trkpt lat="33.0507451" lon="35.2096329"><ele>224.0</ele><time>2026-05-13T05:04:12Z</time></trkpt>
<trkpt lat="33.0507395" lon="35.2095794"><ele>224.0</ele><time>2026-05-13T05:04:13Z</time></trkpt>
<trkpt lat="33.0507305" lon="35.2095294"><ele>224.1</ele><time>2026-05-13T05:04:14Z</time></trkpt>
<trkpt lat="33.0507188" lon="35.2094827"><ele>224.2</ele><time>2026-05-13T05:04:15Z</time></trkpt>
<trkpt lat="33.0507058" lon="35.209439"><ele>224.4</ele><time>2026-05-13T05:04:16Z</time></trkpt>
<trkpt lat="33.0506926" lon="35.2093982"><ele>224.7</ele><time>2026-05-13T05:04:17Z</time></trkpt>
<trkpt lat="33.05068" lon="35.20936"><ele>225.1</ele><time>2026-05-13T05:04:18Z</time></trkpt>
<trkpt lat="33.0506687" lon="35.2093234"><ele>225.4</ele><time>2026-05-13T05:04:19Z</time></trkpt>
<trkpt lat="33.0506593" lon="35.2092872"><ele>225.9</ele><time>2026-05-13T05:04:20Z</time></trkpt>
<trkpt lat="33.0506523" lon="35.2092507"><ele>226.3</ele><time>2026-05-13T05:04:21Z</time></trkpt>
<trkpt lat="33.0506477" lon="35.2092143"><ele>226.8</ele><time>2026-05-13T05:04:22Z</time></trkpt>
<trkpt lat="33.050645" lon="35.2091782"><ele>227.2</ele><time>2026-05-13T05:04:23Z</time></trkpt>
<trkpt lat="33.0506435" lon="35.2091426"><ele>227.6</ele><time>2026-05-13T05:04:24Z</time></trkpt>
<trkpt lat="33.0506429" lon="35.2091073"><ele>228.0</ele><time>2026-05-13T05:04:25Z</time></trkpt>
<trkpt lat="33.0506427" lon="35.209072"><ele>228.4</ele><time>2026-05-13T05:04:26Z</time></trkpt>
<trkpt lat="33.0506426" lon="35.2090368"><ele>228.8</ele><time>2026-05-13T05:04:27Z</time></trkpt>
<trkpt lat="33.0506426" lon="35.2090015"><ele>229.1</ele><time>2026-05-13T05:04:28Z</time></trkpt>
<trkpt lat="33.0506427" lon="35.208966"><ele>229.4</ele><time>2026-05-13T05:04:29Z</time></trkpt>
<trkpt lat="33.050643" lon="35.2089303"><ele>229.7</ele><time>2026-05-13T05:04:30Z</time></trkpt>
<trkpt lat="33.0506433" lon="35.2088945"><ele>230.0</ele><time>2026-05-13T05:04:31Z</time></trkpt>
<trkpt lat="33.0506437" lon="35.2088581"><ele>230.3</ele><time>2026-05-13T05:04:32Z</time></trkpt>
<trkpt lat="33.050644" lon="35.2088209"><ele>230.5</ele><time>2026-05-13T05:04:33Z</time></trkpt>
<trkpt lat="33.0506444" lon="35.2087827"><ele>230.8</ele><time>2026-05-13T05:04:34Z</time></trkpt>
<trkpt lat="33.0506447" lon="35.2087438"><ele>231.1</ele><time>2026-05-13T05:04:35Z</time></trkpt>
<trkpt lat="33.0506445" lon="35.2087042"><ele>231.4</ele><time>2026-05-13T05:04:36Z</time></trkpt>
<trkpt lat="33.0506436" lon="35.208664"><ele>231.6</ele><time>2026-05-13T05:04:37Z</time></trkpt>
<trkpt lat="33.0506418" lon="35.2086232"><ele>231.9</ele><time>2026-05-13T05:04:38Z</time></trkpt>
<trkpt lat="33.0506394" lon="35.2085825"><ele>232.2</ele><time>2026-05-13T05:04:39Z</time></trkpt>
<trkpt lat="33.0506361" lon="35.2085428"><ele>232.4</ele><time>2026-05-13T05:04:40Z</time></trkpt>
<trkpt lat="33.050632" lon="35.2085047"><ele>232.7</ele><time>2026-05-13T05:04:41Z</time></trkpt>
<trkpt lat="33.0506269" lon="35.2084686"><ele>232.9</ele><time>2026-05-13T05:04:42Z</time></trkpt>
<trkpt lat="33.0506209" lon="35.2084339"><ele>233.2</ele><time>2026-05-13T05:04:43Z</time></trkpt>
<trkpt lat="33.0506144" lon="35.2083999"><ele>233.4</ele><time>2026-05-13T05:04:44Z</time></trkpt>
<trkpt lat="33.050608" lon="35.208366"><ele>233.7</ele><time>2026-05-13T05:04:45Z</time></trkpt>
<trkpt lat="33.0506021" lon="35.2083323"><ele>233.9</ele><time>2026-05-13T05:04:46Z</time></trkpt>
<trkpt lat="33.0505971" lon="35.2082987"><ele>234.1</ele><time>2026-05-13T05:04:47Z</time></trkpt>
<trkpt lat="33.0505932" lon="35.2082651"><ele>234.3</ele><time>2026-05-13T05:04:48Z</time></trkpt>
<trkpt lat="33.0505904" lon="35.2082313"><ele>234.6</ele><time>2026-05-13T05:04:49Z</time></trkpt>
<trkpt lat="33.0505885" lon="35.2081969"><ele>234.8</ele><time>2026-05-13T05:04:50Z</time></trkpt>
<trkpt lat="33.0505871" lon="35.2081615"><ele>235.0</ele><time>2026-05-13T05:04:51Z</time></trkpt>
<trkpt lat="33.0505857" lon="35.2081246"><ele>235.2</ele><time>2026-05-13T05:04:52Z</time></trkpt>
<trkpt lat="33.050584" lon="35.2080864"><ele>235.4</ele><time>2026-05-13T05:04:53Z</time></trkpt>
<trkpt lat="33.0505819" lon="35.2080471"><ele>235.6</ele><time>2026-05-13T05:04:54Z</time></trkpt>
<trkpt lat="33.0505798" lon="35.2080073"><ele>235.8</ele><time>2026-05-13T05:04:55Z</time></trkpt>
<trkpt lat="33.0505785" lon="35.2079671"><ele>236.0</ele><time>2026-05-13T05:04:56Z</time></trkpt>
<trkpt lat="33.0505788" lon="35.2079269"><ele>236.2</ele><time>2026-05-13T05:04:57Z</time></trkpt>
<trkpt lat="33.0505811" lon="35.2078864"><ele>236.4</ele><time>2026-05-13T05:04:58Z</time></trkpt>
<trkpt lat="33.0505855" lon="35.2078453"><ele>236.6</ele><time>2026-05-13T05:04:59Z</time></trkpt>
<trkpt lat="33.0505921" lon="35.207803"><ele>236.8</ele><time>2026-05-13T05:05:00Z</time></trkpt>
<trkpt lat="33.0506001" lon="35.2077591"><ele>236.9</ele><time>2026-05-13T05:05:01Z</time></trkpt>
<trkpt lat="33.0506092" lon="35.2077132"><ele>237.1</ele><time>2026-05-13T05:05:02Z</time></trkpt>
<trkpt lat="33.0506185" lon="35.2076655"><ele>237.2</ele><time>2026-05-13T05:05:03Z</time></trkpt>
<trkpt lat="33.0506274" lon="35.207616"><ele>237.3</ele><time>2026-05-13T05:05:04Z</time></trkpt>
<trkpt lat="33.0506351" lon="35.2075651"><ele>237.3</ele><time>2026-05-13T05:05:05Z</time></trkpt>
<trkpt lat="33.0506409" lon="35.2075131"><ele>237.3</ele><time>2026-05-13T05:05:06Z</time></trkpt>
<trkpt lat="33.0506441" lon="35.2074598"><ele>237.4</ele><time>2026-05-13T05:05:07Z</time></trkpt>
<trkpt lat="33.0506446" lon="35.2074051"><ele>237.3</ele><time>2026-05-13T05:05:08Z</time></trkpt>
<trkpt lat="33.0506427" lon="35.2073487"><ele>237.3</ele><time>2026-05-13T05:05:09Z</time></trkpt>
<trkpt lat="33.0506395" lon="35.207291"><ele>237.2</ele><time>2026-05-13T05:05:10Z</time></trkpt>
<trkpt lat="33.0506354" lon="35.2072323"><ele>237.1</ele><time>2026-05-13T05:05:11Z</time></trkpt>
<trkpt lat="33.0506308" lon="35.2071728"><ele>237.0</ele><time>2026-05-13T05:05:12Z</time></trkpt>
<trkpt lat="33.050626" lon="35.2071135"><ele>236.8</ele><time>2026-05-13T05:05:13Z</time></trkpt>
<trkpt lat="33.0506213" lon="35.2070554"><ele>236.7</ele><time>2026-05-13T05:05:14Z</time></trkpt>
<trkpt lat="33.0506172" lon="35.2069995"><ele>236.6</ele><time>2026-05-13T05:05:15Z</time></trkpt>
<trkpt lat="33.050614" lon="35.2069463"><ele>236.5</ele><time>2026-05-13T05:05:16Z</time></trkpt>
<trkpt lat="33.0506117" lon="35.2068954"><ele>236.4</ele><time>2026-05-13T05:05:17Z</time></trkpt>
<trkpt lat="33.0506102" lon="35.2068458"><ele>236.3</ele><time>2026-05-13T05:05:18Z</time></trkpt>
<trkpt lat="33.0506097" lon="35.2067966"><ele>236.3</ele><time>2026-05-13T05:05:19Z</time></trkpt>
<trkpt lat="33.0506105" lon="35.2067472"><ele>236.3</ele><time>2026-05-13T05:05:20Z</time></trkpt>
<trkpt lat="33.0506128" lon="35.2066976"><ele>236.3</ele><time>2026-05-13T05:05:21Z</time></trkpt>
<trkpt lat="33.0506171" lon="35.2066477"><ele>236.3</ele><time>2026-05-13T05:05:22Z</time></trkpt>
<trkpt lat="33.0506238" lon="35.206597"><ele>236.3</ele><time>2026-05-13T05:05:23Z</time></trkpt>
<trkpt lat="33.050633" lon="35.2065456"><ele>236.4</ele><time>2026-05-13T05:05:24Z</time></trkpt>
<trkpt lat="33.0506448" lon="35.2064934"><ele>236.5</ele><time>2026-05-13T05:05:25Z</time></trkpt>
<trkpt lat="33.0506588" lon="35.2064407"><ele>236.6</ele><time>2026-05-13T05:05:26Z</time></trkpt>
<trkpt lat="33.0506747" lon="35.2063879"><ele>236.7</ele><time>2026-05-13T05:05:27Z</time></trkpt>
<trkpt lat="33.0506918" lon="35.2063356"><ele>236.9</ele><time>2026-05-13T05:05:28Z</time></trkpt>
<trkpt lat="33.0507095" lon="35.2062841"><ele>237.0</ele><time>2026-05-13T05:05:29Z</time></trkpt>
<trkpt lat="33.0507272" lon="35.2062339"><ele>237.2</ele><time>2026-05-13T05:05:30Z</time></trkpt>
<trkpt lat="33.0507446" lon="35.2061853"><ele>237.3</ele><time>2026-05-13T05:05:31Z</time></trkpt>
<trkpt lat="33.0507612" lon="35.2061384"><ele>237.5</ele><time>2026-05-13T05:05:32Z</time></trkpt>
<trkpt lat="33.0507771" lon="35.2060932"><ele>237.7</ele><time>2026-05-13T05:05:33Z</time></trkpt>
<trkpt lat="33.050792" lon="35.2060491"><ele>237.9</ele><time>2026-05-13T05:05:34Z</time></trkpt>
<trkpt lat="33.0508055" lon="35.2060054"><ele>238.2</ele><time>2026-05-13T05:05:35Z</time></trkpt>
<trkpt lat="33.0508176" lon="35.2059616"><ele>238.4</ele><time>2026-05-13T05:05:36Z</time></trkpt>
<trkpt lat="33.0508284" lon="35.2059175"><ele>238.6</ele><time>2026-05-13T05:05:37Z</time></trkpt>
<trkpt lat="33.0508381" lon="35.2058732"><ele>238.8</ele><time>2026-05-13T05:05:38Z</time></trkpt>
<trkpt lat="33.0508467" lon="35.2058286"><ele>239.0</ele><time>2026-05-13T05:05:39Z</time></trkpt>
<trkpt lat="33.0508544" lon="35.2057833"><ele>239.1</ele><time>2026-05-13T05:05:40Z</time></trkpt>
<trkpt lat="33.0508612" lon="35.2057371"><ele>239.3</ele><time>2026-05-13T05:05:41Z</time></trkpt>
<trkpt lat="33.0508674" lon="35.2056901"><ele>239.5</ele><time>2026-05-13T05:05:42Z</time></trkpt>
<trkpt lat="33.0508732" lon="35.2056427"><ele>239.7</ele><time>2026-05-13T05:05:43Z</time></trkpt>
<trkpt lat="33.050878" lon="35.205595"><ele>239.8</ele><time>2026-05-13T05:05:44Z</time></trkpt>
<trkpt lat="33.0508811" lon="35.2055474"><ele>240.0</ele><time>2026-05-13T05:05:45Z</time></trkpt>
<trkpt lat="33.050881" lon="35.2055"><ele>240.2</ele><time>2026-05-13T05:05:46Z</time></trkpt>
<trkpt lat="33.0508758" lon="35.2054534"><ele>240.3</ele><time>2026-05-13T05:05:47Z</time></trkpt>
<trkpt lat="33.0508642" lon="35.2054087"><ele>240.5</ele><time>2026-05-13T05:05:48Z</time></trkpt>
<trkpt lat="33.050846" lon="35.205367"><ele>240.7</ele><time>2026-05-13T05:05:49Z</time></trkpt>
<trkpt lat="33.0508222" lon="35.2053293"><ele>240.9</ele><time>2026-05-13T05:05:50Z</time></trkpt>
<trkpt lat="33.0507954" lon="35.2052963"><ele>241.1</ele><time>2026-05-13T05:05:51Z</time></trkpt>
<trkpt lat="33.0507681" lon="35.2052679"><ele>241.3</ele><time>2026-05-13T05:05:52Z</time></trkpt>
<trkpt lat="33.0507422" lon="35.2052425"><ele>241.5</ele><time>2026-05-13T05:05:53Z</time></trkpt>
<trkpt lat="33.0507192" lon="35.2052179"><ele>241.7</ele><time>2026-05-13T05:05:54Z</time></trkpt>
<trkpt lat="33.0507001" lon="35.2051914"><ele>241.9</ele><time>2026-05-13T05:05:55Z</time></trkpt>
<trkpt lat="33.0506862" lon="35.2051609"><ele>242.2</ele><time>2026-05-13T05:05:56Z</time></trkpt>
<trkpt lat="33.0506779" lon="35.2051259"><ele>242.4</ele><time>2026-05-13T05:05:57Z</time></trkpt>
<trkpt lat="33.0506745" lon="35.2050868"><ele>242.6</ele><time>2026-05-13T05:05:58Z</time></trkpt>
<trkpt lat="33.0506749" lon="35.205044"><ele>242.9</ele><time>2026-05-13T05:05:59Z</time></trkpt>
<trkpt lat="33.0506773" lon="35.2049985"><ele>243.1</ele><time>2026-05-13T05:06:00Z</time></trkpt>
<trkpt lat="33.0506798" lon="35.2049514"><ele>243.2</ele><time>2026-05-13T05:06:01Z</time></trkpt>
<trkpt lat="33.0506813" lon="35.2049034"><ele>243.4</ele><time>2026-05-13T05:06:02Z</time></trkpt>
<trkpt lat="33.0506813" lon="35.2048556"><ele>243.5</ele><time>2026-05-13T05:06:03Z</time></trkpt>
<trkpt lat="33.0506797" lon="35.2048085"><ele>243.6</ele><time>2026-05-13T05:06:04Z</time></trkpt>
<trkpt lat="33.0506766" lon="35.204762"><ele>243.7</ele><time>2026-05-13T05:06:05Z</time></trkpt>
<trkpt lat="33.0506723" lon="35.2047159"><ele>243.8</ele><time>2026-05-13T05:06:06Z</time></trkpt>
<trkpt lat="33.050667" lon="35.2046695"><ele>243.8</ele><time>2026-05-13T05:06:07Z</time></trkpt>
<trkpt lat="33.0506609" lon="35.2046221"><ele>243.9</ele><time>2026-05-13T05:06:08Z</time></trkpt>
<trkpt lat="33.0506542" lon="35.204573"><ele>243.9</ele><time>2026-05-13T05:06:09Z</time></trkpt>
<trkpt lat="33.0506472" lon="35.2045217"><ele>244.0</ele><time>2026-05-13T05:06:10Z</time></trkpt>
<trkpt lat="33.05064" lon="35.2044684"><ele>244.0</ele><time>2026-05-13T05:06:11Z</time></trkpt>
<trkpt lat="33.0506322" lon="35.204414"><ele>244.0</ele><time>2026-05-13T05:06:12Z</time></trkpt>
<trkpt lat="33.050623" lon="35.2043595"><ele>244.0</ele><time>2026-05-13T05:06:13Z</time></trkpt>
<trkpt lat="33.0506113" lon="35.2043058"><ele>244.0</ele><time>2026-05-13T05:06:14Z</time></trkpt>
<trkpt lat="33.0505965" lon="35.2042539"><ele>244.0</ele><time>2026-05-13T05:06:15Z</time></trkpt>
<trkpt lat="33.050578" lon="35.2042044"><ele>244.0</ele><time>2026-05-13T05:06:16Z</time></trkpt>
<trkpt lat="33.0505555" lon="35.2041583"><ele>244.0</ele><time>2026-05-13T05:06:17Z</time></trkpt>
<trkpt lat="33.0505292" lon="35.2041159"><ele>244.0</ele><time>2026-05-13T05:06:18Z</time></trkpt>
<trkpt lat="33.0504996" lon="35.2040766"><ele>243.9</ele><time>2026-05-13T05:06:19Z</time></trkpt>
<trkpt lat="33.0504675" lon="35.2040386"><ele>243.8</ele><time>2026-05-13T05:06:20Z</time></trkpt>
<trkpt lat="33.0504342" lon="35.2039998"><ele>243.7</ele><time>2026-05-13T05:06:21Z</time></trkpt>
<trkpt lat="33.0504017" lon="35.2039593"><ele>243.5</ele><time>2026-05-13T05:06:22Z</time></trkpt>
<trkpt lat="33.0503724" lon="35.2039162"><ele>243.4</ele><time>2026-05-13T05:06:23Z</time></trkpt>
<trkpt lat="33.0503475" lon="35.2038689"><ele>243.3</ele><time>2026-05-13T05:06:24Z</time></trkpt>
<trkpt lat="33.0503283" lon="35.2038157"><ele>243.2</ele><time>2026-05-13T05:06:25Z</time></trkpt>
<trkpt lat="33.0503153" lon="35.2037563"><ele>243.1</ele><time>2026-05-13T05:06:26Z</time></trkpt>
<trkpt lat="33.0503076" lon="35.2036916"><ele>242.9</ele><time>2026-05-13T05:06:27Z</time></trkpt>
<trkpt lat="33.0503034" lon="35.2036237"><ele>242.8</ele><time>2026-05-13T05:06:28Z</time></trkpt>
<trkpt lat="33.0503009" lon="35.2035541"><ele>242.6</ele><time>2026-05-13T05:06:29Z</time></trkpt>
<trkpt lat="33.0502984" lon="35.2034836"><ele>242.3</ele><time>2026-05-13T05:06:30Z</time></trkpt>
<trkpt lat="33.0502952" lon="35.2034118"><ele>242.1</ele><time>2026-05-13T05:06:31Z</time></trkpt>
<trkpt lat="33.0502914" lon="35.2033383"><ele>241.8</ele><time>2026-05-13T05:06:32Z</time></trkpt>
<trkpt lat="33.050287" lon="35.2032628"><ele>241.6</ele><time>2026-05-13T05:06:33Z</time></trkpt>
<trkpt lat="33.0502827" lon="35.2031855"><ele>241.3</ele><time>2026-05-13T05:06:34Z</time></trkpt>
<trkpt lat="33.050279" lon="35.2031068"><ele>241.1</ele><time>2026-05-13T05:06:35Z</time></trkpt>
<trkpt lat="33.0502766" lon="35.203027"><ele>240.8</ele><time>2026-05-13T05:06:36Z</time></trkpt>
<trkpt lat="33.050276" lon="35.2029464"><ele>240.5</ele><time>2026-05-13T05:06:37Z</time></trkpt>
<trkpt lat="33.0502771" lon="35.2028652"><ele>240.3</ele><time>2026-05-13T05:06:38Z</time></trkpt>
<trkpt lat="33.0502797" lon="35.2027836"><ele>240.0</ele><time>2026-05-13T05:06:39Z</time></trkpt>
<trkpt lat="33.0502864" lon="35.2027017"><ele>239.7</ele><time>2026-05-13T05:06:40Z</time></trkpt>
<trkpt lat="33.0503001" lon="35.2026197"><ele>239.5</ele><time>2026-05-13T05:06:41Z</time></trkpt>
<trkpt lat="33.0503249" lon="35.2025402"><ele>239.2</ele><time>2026-05-13T05:06:42Z</time></trkpt>
<trkpt lat="33.0503628" lon="35.202475"><ele>239.0</ele><time>2026-05-13T05:06:43Z</time></trkpt>
<trkpt lat="33.0504067" lon="35.2024235"><ele>238.8</ele><time>2026-05-13T05:06:44Z</time></trkpt>
<trkpt lat="33.0504512" lon="35.2023764"><ele>238.6</ele><time>2026-05-13T05:06:45Z</time></trkpt>
<trkpt lat="33.0504959" lon="35.2023341"><ele>238.5</ele><time>2026-05-13T05:06:46Z</time></trkpt>
<trkpt lat="33.05054" lon="35.2022957"><ele>238.4</ele><time>2026-05-13T05:06:47Z</time></trkpt>
<trkpt lat="33.0505815" lon="35.2022597"><ele>238.4</ele><time>2026-05-13T05:06:48Z</time></trkpt>
<trkpt lat="33.0506185" lon="35.2022243"><ele>238.5</ele><time>2026-05-13T05:06:49Z</time></trkpt>
<trkpt lat="33.0506498" lon="35.2021875"><ele>238.5</ele><time>2026-05-13T05:06:50Z</time></trkpt>
<trkpt lat="33.0506756" lon="35.2021482"><ele>238.7</ele><time>2026-05-13T05:06:51Z</time></trkpt>
<trkpt lat="33.0506973" lon="35.2021063"><ele>238.8</ele><time>2026-05-13T05:06:52Z</time></trkpt>
<trkpt lat="33.0507169" lon="35.2020624"><ele>238.9</ele><time>2026-05-13T05:06:53Z</time></trkpt>
<trkpt lat="33.0507361" lon="35.2020164"><ele>239.1</ele><time>2026-05-13T05:06:54Z</time></trkpt>
<trkpt lat="33.0507563" lon="35.2019683"><ele>239.2</ele><time>2026-05-13T05:06:55Z</time></trkpt>
<trkpt lat="33.0507782" lon="35.2019183"><ele>239.4</ele><time>2026-05-13T05:06:56Z</time></trkpt>
<trkpt lat="33.0508027" lon="35.2018675"><ele>239.5</ele><time>2026-05-13T05:06:57Z</time></trkpt>
<trkpt lat="33.05083" lon="35.2018174"><ele>239.6</ele><time>2026-05-13T05:06:58Z</time></trkpt>
<trkpt lat="33.0508601" lon="35.2017697"><ele>239.7</ele><time>2026-05-13T05:06:59Z</time></trkpt>
<trkpt lat="33.050892" lon="35.2017255"><ele>239.8</ele><time>2026-05-13T05:07:00Z</time></trkpt>
<trkpt lat="33.0509249" lon="35.2016851"><ele>239.9</ele><time>2026-05-13T05:07:01Z</time></trkpt>
<trkpt lat="33.050958" lon="35.2016488"><ele>240.0</ele><time>2026-05-13T05:07:02Z</time></trkpt>
<trkpt lat="33.0509912" lon="35.2016164"><ele>240.1</ele><time>2026-05-13T05:07:03Z</time></trkpt>
<trkpt lat="33.0510244" lon="35.2015871"><ele>240.3</ele><time>2026-05-13T05:07:04Z</time></trkpt>
<trkpt lat="33.0510578" lon="35.2015595"><ele>240.4</ele><time>2026-05-13T05:07:05Z</time></trkpt>
<trkpt lat="33.0510912" lon="35.2015327"><ele>240.6</ele><time>2026-05-13T05:07:06Z</time></trkpt>
<trkpt lat="33.0511246" lon="35.2015059"><ele>240.8</ele><time>2026-05-13T05:07:07Z</time></trkpt>
<trkpt lat="33.0511581" lon="35.2014784"><ele>241.0</ele><time>2026-05-13T05:07:08Z</time></trkpt>
<trkpt lat="33.0511917" lon="35.2014497"><ele>241.2</ele><time>2026-05-13T05:07:09Z</time></trkpt>
<trkpt lat="33.051226" lon="35.20142"><ele>241.5</ele><time>2026-05-13T05:07:10Z</time></trkpt>
<trkpt lat="33.0512616" lon="35.2013896"><ele>241.7</ele><time>2026-05-13T05:07:11Z</time></trkpt>
<trkpt lat="33.0512987" lon="35.2013591"><ele>241.9</ele><time>2026-05-13T05:07:12Z</time></trkpt>
<trkpt lat="33.0513371" lon="35.2013291"><ele>242.1</ele><time>2026-05-13T05:07:13Z</time></trkpt>
<trkpt lat="33.0513758" lon="35.2013001"><ele>242.4</ele><time>2026-05-13T05:07:14Z</time></trkpt>
<trkpt lat="33.0514141" lon="35.2012725"><ele>242.6</ele><time>2026-05-13T05:07:15Z</time></trkpt>
<trkpt lat="33.051451" lon="35.2012465"><ele>242.8</ele><time>2026-05-13T05:07:16Z</time></trkpt>
<trkpt lat="33.0514865" lon="35.2012213"><ele>243.0</ele><time>2026-05-13T05:07:17Z</time></trkpt>
<trkpt lat="33.0515208" lon="35.2011964"><ele>243.2</ele><time>2026-05-13T05:07:18Z</time></trkpt>
<trkpt lat="33.051554" lon="35.2011707"><ele>243.5</ele><time>2026-05-13T05:07:19Z</time></trkpt>
<trkpt lat="33.0515858" lon="35.2011426"><ele>243.7</ele><time>2026-05-13T05:07:20Z</time></trkpt>
<trkpt lat="33.0516163" lon="35.2011113"><ele>243.9</ele><time>2026-05-13T05:07:21Z</time></trkpt>
<trkpt lat="33.0516456" lon="35.2010767"><ele>244.1</ele><time>2026-05-13T05:07:22Z</time></trkpt>
<trkpt lat="33.0516739" lon="35.2010391"><ele>244.3</ele><time>2026-05-13T05:07:23Z</time></trkpt>
<trkpt lat="33.051701" lon="35.2009988"><ele>244.5</ele><time>2026-05-13T05:07:24Z</time></trkpt>
<trkpt lat="33.0517275" lon="35.2009562"><ele>244.7</ele><time>2026-05-13T05:07:25Z</time></trkpt>
<trkpt lat="33.051754" lon="35.200912"><ele>244.9</ele><time>2026-05-13T05:07:26Z</time></trkpt>
<trkpt lat="33.051781" lon="35.2008668"><ele>245.0</ele><time>2026-05-13T05:07:27Z</time></trkpt>
<trkpt lat="33.0518086" lon="35.2008209"><ele>245.1</ele><time>2026-05-13T05:07:28Z</time></trkpt>
<trkpt lat="33.0518362" lon="35.2007752"><ele>245.2</ele><time>2026-05-13T05:07:29Z</time></trkpt>
<trkpt lat="33.0518634" lon="35.2007308"><ele>245.3</ele><time>2026-05-13T05:07:30Z</time></trkpt>
<trkpt lat="33.0518896" lon="35.2006882"><ele>245.4</ele><time>2026-05-13T05:07:31Z</time></trkpt>
<trkpt lat="33.0519142" lon="35.2006477"><ele>245.5</ele><time>2026-05-13T05:07:32Z</time></trkpt>
<trkpt lat="33.0519369" lon="35.2006088"><ele>245.5</ele><time>2026-05-13T05:07:33Z</time></trkpt>
<trkpt lat="33.0519573" lon="35.2005703"><ele>245.5</ele><time>2026-05-13T05:07:34Z</time></trkpt>
<trkpt lat="33.051975" lon="35.2005303"><ele>245.6</ele><time>2026-05-13T05:07:35Z</time></trkpt>
<trkpt lat="33.0519897" lon="35.2004874"><ele>245.6</ele><time>2026-05-13T05:07:36Z</time></trkpt>
<trkpt lat="33.0520009" lon="35.2004405"><ele>245.6</ele><time>2026-05-13T05:07:37Z</time></trkpt>
<trkpt lat="33.0520096" lon="35.2003901"><ele>245.6</ele><time>2026-05-13T05:07:38Z</time></trkpt>
<trkpt lat="33.0520179" lon="35.2003378"><ele>245.6</ele><time>2026-05-13T05:07:39Z</time></trkpt>
<trkpt lat="33.0520287" lon="35.2002861"><ele>245.5</ele><time>2026-05-13T05:07:40Z</time></trkpt>
<trkpt lat="33.0520449" lon="35.2002373"><ele>245.5</ele><time>2026-05-13T05:07:41Z</time></trkpt>
<trkpt lat="33.0520676" lon="35.2001934"><ele>245.4</ele><time>2026-05-13T05:07:42Z</time></trkpt>
<trkpt lat="33.0520967" lon="35.2001555"><ele>245.4</ele><time>2026-05-13T05:07:43Z</time></trkpt>
<trkpt lat="33.0521312" lon="35.2001239"><ele>245.3</ele><time>2026-05-13T05:07:44Z</time></trkpt>
<trkpt lat="33.0521695" lon="35.2000981"><ele>245.3</ele><time>2026-05-13T05:07:45Z</time></trkpt>
<trkpt lat="33.0522097" lon="35.2000764"><ele>245.2</ele><time>2026-05-13T05:07:46Z</time></trkpt>
<trkpt lat="33.0522509" lon="35.2000574"><ele>245.2</ele><time>2026-05-13T05:07:47Z</time></trkpt>
<trkpt lat="33.0522929" lon="35.2000402"><ele>245.1</ele><time>2026-05-13T05:07:48Z</time></trkpt>
<trkpt lat="33.0523355" lon="35.2000241"><ele>245.1</ele><time>2026-05-13T05:07:49Z</time></trkpt>
<trkpt lat="33.052379" lon="35.2000091"><ele>245.1</ele><time>2026-05-13T05:07:50Z</time></trkpt>
<trkpt lat="33.052423" lon="35.1999963"><ele>245.1</ele><time>2026-05-13T05:07:51Z</time></trkpt>
<trkpt lat="33.0524668" lon="35.1999871"><ele>245.1</ele><time>2026-05-13T05:07:52Z</time></trkpt>
<trkpt lat="33.0525092" lon="35.1999833"><ele>245.1</ele><time>2026-05-13T05:07:53Z</time></trkpt>
<trkpt lat="33.0525495" lon="35.1999868"><ele>245.1</ele><time>2026-05-13T05:07:54Z</time></trkpt>
<trkpt lat="33.0525867" lon="35.1999992"><ele>245.1</ele><time>2026-05-13T05:07:55Z</time></trkpt>
<trkpt lat="33.05262" lon="35.2000217"><ele>245.0</ele><time>2026-05-13T05:07:56Z</time></trkpt>
<trkpt lat="33.0526487" lon="35.2000531"><ele>245.0</ele><time>2026-05-13T05:07:57Z</time></trkpt>
<trkpt lat="33.0526726" lon="35.2000911"><ele>245.0</ele><time>2026-05-13T05:07:58Z</time></trkpt>
<trkpt lat="33.0526925" lon="35.200133"><ele>245.0</ele><time>2026-05-13T05:07:59Z</time></trkpt>
<trkpt lat="33.0527098" lon="35.2001761"><ele>245.1</ele><time>2026-05-13T05:08:00Z</time></trkpt>
<trkpt lat="33.0527259" lon="35.2002183"><ele>245.1</ele><time>2026-05-13T05:08:01Z</time></trkpt>
<trkpt lat="33.0527423" lon="35.2002575"><ele>245.2</ele><time>2026-05-13T05:08:02Z</time></trkpt>
<trkpt lat="33.0527606" lon="35.2002921"><ele>245.2</ele><time>2026-05-13T05:08:03Z</time></trkpt>
<trkpt lat="33.052782" lon="35.2003205"><ele>245.3</ele><time>2026-05-13T05:08:04Z</time></trkpt>
<trkpt lat="33.0528075" lon="35.2003419"><ele>245.4</ele><time>2026-05-13T05:08:05Z</time></trkpt>
<trkpt lat="33.0528369" lon="35.2003561"><ele>245.5</ele><time>2026-05-13T05:08:06Z</time></trkpt>
<trkpt lat="33.0528691" lon="35.200363"><ele>245.6</ele><time>2026-05-13T05:08:07Z</time></trkpt>
<trkpt lat="33.0529027" lon="35.2003627"><ele>245.7</ele><time>2026-05-13T05:08:08Z</time></trkpt>
<trkpt lat="33.052936" lon="35.2003549"><ele>245.7</ele><time>2026-05-13T05:08:09Z</time></trkpt>
<trkpt lat="33.0529675" lon="35.2003396"><ele>245.8</ele><time>2026-05-13T05:08:10Z</time></trkpt>
<trkpt lat="33.052996" lon="35.2003168"><ele>245.8</ele><time>2026-05-13T05:08:11Z</time></trkpt>
<trkpt lat="33.0530206" lon="35.2002863"><ele>245.8</ele><time>2026-05-13T05:08:12Z</time></trkpt>
<trkpt lat="33.0530407" lon="35.2002486"><ele>245.7</ele><time>2026-05-13T05:08:13Z</time></trkpt>
<trkpt lat="33.0530564" lon="35.2002045"><ele>245.6</ele><time>2026-05-13T05:08:14Z</time></trkpt>
<trkpt lat="33.0530682" lon="35.2001555"><ele>245.4</ele><time>2026-05-13T05:08:15Z</time></trkpt>
<trkpt lat="33.0530767" lon="35.2001033"><ele>245.3</ele><time>2026-05-13T05:08:16Z</time></trkpt>
<trkpt lat="33.0530829" lon="35.2000494"><ele>245.0</ele><time>2026-05-13T05:08:17Z</time></trkpt>
<trkpt lat="33.0530875" lon="35.1999947"><ele>244.8</ele><time>2026-05-13T05:08:18Z</time></trkpt>
<trkpt lat="33.0530909" lon="35.1999397"><ele>244.5</ele><time>2026-05-13T05:08:19Z</time></trkpt>
<trkpt lat="33.0530935" lon="35.1998847"><ele>244.2</ele><time>2026-05-13T05:08:20Z</time></trkpt>
<trkpt lat="33.0530957" lon="35.1998304"><ele>243.8</ele><time>2026-05-13T05:08:21Z</time></trkpt>
<trkpt lat="33.0530988" lon="35.1997776"><ele>243.5</ele><time>2026-05-13T05:08:22Z</time></trkpt>
<trkpt lat="33.0531039" lon="35.1997271"><ele>243.1</ele><time>2026-05-13T05:08:23Z</time></trkpt>
<trkpt lat="33.0531118" lon="35.1996798"><ele>242.8</ele><time>2026-05-13T05:08:24Z</time></trkpt>
<trkpt lat="33.0531223" lon="35.1996354"><ele>242.4</ele><time>2026-05-13T05:08:25Z</time></trkpt>
<trkpt lat="33.0531352" lon="35.1995926"><ele>242.1</ele><time>2026-05-13T05:08:26Z</time></trkpt>
<trkpt lat="33.0531507" lon="35.1995492"><ele>241.7</ele><time>2026-05-13T05:08:27Z</time></trkpt>
<trkpt lat="33.0531687" lon="35.1995045"><ele>241.3</ele><time>2026-05-13T05:08:28Z</time></trkpt>
<trkpt lat="33.0531881" lon="35.1994587"><ele>241.0</ele><time>2026-05-13T05:08:29Z</time></trkpt>
<trkpt lat="33.0532074" lon="35.1994116"><ele>240.6</ele><time>2026-05-13T05:08:30Z</time></trkpt>
<trkpt lat="33.0532256" lon="35.1993629"><ele>240.3</ele><time>2026-05-13T05:08:31Z</time></trkpt>
<trkpt lat="33.053243" lon="35.1993128"><ele>240.0</ele><time>2026-05-13T05:08:32Z</time></trkpt>
<trkpt lat="33.0532602" lon="35.1992629"><ele>239.6</ele><time>2026-05-13T05:08:33Z</time></trkpt>
<trkpt lat="33.0532777" lon="35.1992159"><ele>239.3</ele><time>2026-05-13T05:08:34Z</time></trkpt>
<trkpt lat="33.0532961" lon="35.1991741"><ele>239.0</ele><time>2026-05-13T05:08:35Z</time></trkpt>
<trkpt lat="33.0533166" lon="35.1991396"><ele>238.7</ele><time>2026-05-13T05:08:36Z</time></trkpt>
<trkpt lat="33.0533407" lon="35.1991134"><ele>238.4</ele><time>2026-05-13T05:08:37Z</time></trkpt>
<trkpt lat="33.0533691" lon="35.1990959"><ele>238.1</ele><time>2026-05-13T05:08:38Z</time></trkpt>
<trkpt lat="33.0534009" lon="35.1990875"><ele>237.9</ele><time>2026-05-13T05:08:39Z</time></trkpt>
<trkpt lat="33.0534343" lon="35.1990888"><ele>237.6</ele><time>2026-05-13T05:08:40Z</time></trkpt>
<trkpt lat="33.0534669" lon="35.1990999"><ele>237.4</ele><time>2026-05-13T05:08:41Z</time></trkpt>
<trkpt lat="33.0534965" lon="35.1991194"><ele>237.2</ele><time>2026-05-13T05:08:42Z</time></trkpt>
<trkpt lat="33.0535228" lon="35.1991446"><ele>237.0</ele><time>2026-05-13T05:08:43Z</time></trkpt>
<trkpt lat="33.0535473" lon="35.1991722"><ele>236.8</ele><time>2026-05-13T05:08:44Z</time></trkpt>
<trkpt lat="33.0535718" lon="35.1991998"><ele>236.7</ele><time>2026-05-13T05:08:45Z</time></trkpt>
<trkpt lat="33.0535977" lon="35.1992262"><ele>236.5</ele><time>2026-05-13T05:08:46Z</time></trkpt>
<trkpt lat="33.0536255" lon="35.1992515"><ele>236.4</ele><time>2026-05-13T05:08:47Z</time></trkpt>
<trkpt lat="33.0536556" lon="35.1992757"><ele>236.3</ele><time>2026-05-13T05:08:48Z</time></trkpt>
<trkpt lat="33.0536886" lon="35.199298"><ele>236.1</ele><time>2026-05-13T05:08:49Z</time></trkpt>
<trkpt lat="33.0537246" lon="35.1993172"><ele>236.0</ele><time>2026-05-13T05:08:50Z</time></trkpt>
<trkpt lat="33.0537628" lon="35.1993322"><ele>235.9</ele><time>2026-05-13T05:08:51Z</time></trkpt>
<trkpt lat="33.0538011" lon="35.199342"><ele>235.7</ele><time>2026-05-13T05:08:52Z</time></trkpt>
<trkpt lat="33.0538381" lon="35.1993452"><ele>235.5</ele><time>2026-05-13T05:08:53Z</time></trkpt>
<trkpt lat="33.0538731" lon="35.1993393"><ele>235.3</ele><time>2026-05-13T05:08:54Z</time></trkpt>
<trkpt lat="33.0539058" lon="35.1993224"><ele>235.1</ele><time>2026-05-13T05:08:55Z</time></trkpt>
<trkpt lat="33.0539359" lon="35.1992939"><ele>234.8</ele><time>2026-05-13T05:08:56Z</time></trkpt>
<trkpt lat="33.053963" lon="35.1992551"><ele>234.5</ele><time>2026-05-13T05:08:57Z</time></trkpt>
<trkpt lat="33.0539869" lon="35.1992088"><ele>234.2</ele><time>2026-05-13T05:08:58Z</time></trkpt>
<trkpt lat="33.0540074" lon="35.1991577"><ele>233.9</ele><time>2026-05-13T05:08:59Z</time></trkpt>
<trkpt lat="33.0540253" lon="35.1991046"><ele>233.6</ele><time>2026-05-13T05:09:00Z</time></trkpt>
<trkpt lat="33.0540417" lon="35.1990516"><ele>233.3</ele><time>2026-05-13T05:09:01Z</time></trkpt>
<trkpt lat="33.054058" lon="35.1989995"><ele>233.0</ele><time>2026-05-13T05:09:02Z</time></trkpt>
<trkpt lat="33.0540749" lon="35.1989483"><ele>232.7</ele><time>2026-05-13T05:09:03Z</time></trkpt>
<trkpt lat="33.0540932" lon="35.1988972"><ele>232.4</ele><time>2026-05-13T05:09:04Z</time></trkpt>
<trkpt lat="33.0541131" lon="35.1988449"><ele>232.2</ele><time>2026-05-13T05:09:05Z</time></trkpt>
<trkpt lat="33.0541341" lon="35.198791"><ele>231.9</ele><time>2026-05-13T05:09:06Z</time></trkpt>
<trkpt lat="33.0541557" lon="35.1987359"><ele>231.7</ele><time>2026-05-13T05:09:07Z</time></trkpt>
<trkpt lat="33.0541775" lon="35.1986805"><ele>231.4</ele><time>2026-05-13T05:09:08Z</time></trkpt>
<trkpt lat="33.0541995" lon="35.1986266"><ele>231.2</ele><time>2026-05-13T05:09:09Z</time></trkpt>
<trkpt lat="33.0542217" lon="35.1985747"><ele>230.9</ele><time>2026-05-13T05:09:10Z</time></trkpt>
<trkpt lat="33.0542441" lon="35.1985242"><ele>230.7</ele><time>2026-05-13T05:09:11Z</time></trkpt>
<trkpt lat="33.0542671" lon="35.1984734"><ele>230.4</ele><time>2026-05-13T05:09:12Z</time></trkpt>
<trkpt lat="33.0542911" lon="35.1984209"><ele>230.2</ele><time>2026-05-13T05:09:13Z</time></trkpt>
<trkpt lat="33.0543164" lon="35.198366"><ele>229.9</ele><time>2026-05-13T05:09:14Z</time></trkpt>
<trkpt lat="33.0543432" lon="35.1983087"><ele>229.6</ele><time>2026-05-13T05:09:15Z</time></trkpt>
<trkpt lat="33.0543718" lon="35.1982494"><ele>229.3</ele><time>2026-05-13T05:09:16Z</time></trkpt>
<trkpt lat="33.0544018" lon="35.1981878"><ele>229.0</ele><time>2026-05-13T05:09:17Z</time></trkpt>
<trkpt lat="33.0544324" lon="35.1981241"><ele>228.7</ele><time>2026-05-13T05:09:18Z</time></trkpt>
<trkpt lat="33.0544629" lon="35.1980582"><ele>228.5</ele><time>2026-05-13T05:09:19Z</time></trkpt>
<trkpt lat="33.0544928" lon="35.19799"><ele>228.2</ele><time>2026-05-13T05:09:20Z</time></trkpt>
<trkpt lat="33.054522" lon="35.1979193"><ele>227.9</ele><time>2026-05-13T05:09:21Z</time></trkpt>
<trkpt lat="33.0545508" lon="35.1978464"><ele>227.6</ele><time>2026-05-13T05:09:22Z</time></trkpt>
<trkpt lat="33.0545804" lon="35.1977724"><ele>227.3</ele><time>2026-05-13T05:09:23Z</time></trkpt>
<trkpt lat="33.0546114" lon="35.1976979"><ele>227.0</ele><time>2026-05-13T05:09:24Z</time></trkpt>
<trkpt lat="33.054644" lon="35.1976236"><ele>226.7</ele><time>2026-05-13T05:09:25Z</time></trkpt>
<trkpt lat="33.054678" lon="35.1975493"><ele>226.4</ele><time>2026-05-13T05:09:26Z</time></trkpt>
<trkpt lat="33.0547136" lon="35.1974764"><ele>226.1</ele><time>2026-05-13T05:09:27Z</time></trkpt>
<trkpt lat="33.0547489" lon="35.1974046"><ele>225.8</ele><time>2026-05-13T05:09:28Z</time></trkpt>
<trkpt lat="33.0547807" lon="35.1973329"><ele>225.6</ele><time>2026-05-13T05:09:29Z</time></trkpt>
<trkpt lat="33.0548102" lon="35.1972616"><ele>225.4</ele><time>2026-05-13T05:09:30Z</time></trkpt>
<trkpt lat="33.0548391" lon="35.1971908"><ele>225.2</ele><time>2026-05-13T05:09:31Z</time></trkpt>
<trkpt lat="33.0548673" lon="35.1971205"><ele>225.0</ele><time>2026-05-13T05:09:32Z</time></trkpt>
<trkpt lat="33.0548946" lon="35.1970511"><ele>224.9</ele><time>2026-05-13T05:09:33Z</time></trkpt>
<trkpt lat="33.0549211" lon="35.1969823"><ele>224.7</ele><time>2026-05-13T05:09:34Z</time></trkpt>
<trkpt lat="33.0549471" lon="35.1969137"><ele>224.6</ele><time>2026-05-13T05:09:35Z</time></trkpt>
<trkpt lat="33.0549728" lon="35.1968449"><ele>224.4</ele><time>2026-05-13T05:09:36Z</time></trkpt>
<trkpt lat="33.0549987" lon="35.1967757"><ele>224.3</ele><time>2026-05-13T05:09:37Z</time></trkpt>
<trkpt lat="33.0550256" lon="35.1967032"><ele>224.1</ele><time>2026-05-13T05:09:38Z</time></trkpt>
<trkpt lat="33.0550541" lon="35.1966278"><ele>224.0</ele><time>2026-05-13T05:09:39Z</time></trkpt>
<trkpt lat="33.0550831" lon="35.1965529"><ele>223.8</ele><time>2026-05-13T05:09:40Z</time></trkpt>
<trkpt lat="33.0551123" lon="35.1964787"><ele>223.6</ele><time>2026-05-13T05:09:41Z</time></trkpt>
<trkpt lat="33.0551422" lon="35.1964065"><ele>223.4</ele><time>2026-05-13T05:09:42Z</time></trkpt>
<trkpt lat="33.0551729" lon="35.196336"><ele>223.1</ele><time>2026-05-13T05:09:43Z</time></trkpt>
<trkpt lat="33.0552019" lon="35.196265"><ele>222.9</ele><time>2026-05-13T05:09:44Z</time></trkpt>
<trkpt lat="33.0552284" lon="35.1961933"><ele>222.6</ele><time>2026-05-13T05:09:45Z</time></trkpt>
<trkpt lat="33.0552537" lon="35.1961214"><ele>222.4</ele><time>2026-05-13T05:09:46Z</time></trkpt>
<trkpt lat="33.0552771" lon="35.1960495"><ele>222.2</ele><time>2026-05-13T05:09:47Z</time></trkpt>
<trkpt lat="33.0552979" lon="35.1959783"><ele>222.0</ele><time>2026-05-13T05:09:48Z</time></trkpt>
<trkpt lat="33.0553161" lon="35.195908"><ele>221.8</ele><time>2026-05-13T05:09:49Z</time></trkpt>
<trkpt lat="33.0553317" lon="35.1958384"><ele>221.6</ele><time>2026-05-13T05:09:50Z</time></trkpt>
<trkpt lat="33.0553454" lon="35.1957686"><ele>221.4</ele><time>2026-05-13T05:09:51Z</time></trkpt>
<trkpt lat="33.055358" lon="35.1956979"><ele>221.3</ele><time>2026-05-13T05:09:52Z</time></trkpt>
<trkpt lat="33.0553696" lon="35.1956256"><ele>221.1</ele><time>2026-05-13T05:09:53Z</time></trkpt>
<trkpt lat="33.0553802" lon="35.1955515"><ele>221.0</ele><time>2026-05-13T05:09:54Z</time></trkpt>
<trkpt lat="33.0553895" lon="35.1954757"><ele>220.9</ele><time>2026-05-13T05:09:55Z</time></trkpt>
<trkpt lat="33.0553975" lon="35.1953991"><ele>220.7</ele><time>2026-05-13T05:09:56Z</time></trkpt>
<trkpt lat="33.0554043" lon="35.1953226"><ele>220.6</ele><time>2026-05-13T05:09:57Z</time></trkpt>
<trkpt lat="33.0554105" lon="35.1952473"><ele>220.4</ele><time>2026-05-13T05:09:58Z</time></trkpt>
<trkpt lat="33.0554164" lon="35.195174"><ele>220.3</ele><time>2026-05-13T05:09:59Z</time></trkpt>
<trkpt lat="33.0554228" lon="35.1951032"><ele>220.2</ele><time>2026-05-13T05:10:00Z</time></trkpt>
<trkpt lat="33.0554303" lon="35.1950352"><ele>220.1</ele><time>2026-05-13T05:10:01Z</time></trkpt>
<trkpt lat="33.0554392" lon="35.1949695"><ele>219.9</ele><time>2026-05-13T05:10:02Z</time></trkpt>
<trkpt lat="33.0554494" lon="35.194906"><ele>219.8</ele><time>2026-05-13T05:10:03Z</time></trkpt>
<trkpt lat="33.0554606" lon="35.1948442"><ele>219.7</ele><time>2026-05-13T05:10:04Z</time></trkpt>
<trkpt lat="33.0554728" lon="35.1947836"><ele>219.6</ele><time>2026-05-13T05:10:05Z</time></trkpt>
<trkpt lat="33.0554856" lon="35.1947229"><ele>219.5</ele><time>2026-05-13T05:10:06Z</time></trkpt>
<trkpt lat="33.0554986" lon="35.1946609"><ele>219.3</ele><time>2026-05-13T05:10:07Z</time></trkpt>
<trkpt lat="33.055512" lon="35.1945964"><ele>219.2</ele><time>2026-05-13T05:10:08Z</time></trkpt>
<trkpt lat="33.0555261" lon="35.1945289"><ele>219.0</ele><time>2026-05-13T05:10:09Z</time></trkpt>
<trkpt lat="33.0555407" lon="35.194458"><ele>218.8</ele><time>2026-05-13T05:10:10Z</time></trkpt>
<trkpt lat="33.0555551" lon="35.1943837"><ele>218.6</ele><time>2026-05-13T05:10:11Z</time></trkpt>
<trkpt lat="33.0555687" lon="35.1943064"><ele>218.3</ele><time>2026-05-13T05:10:12Z</time></trkpt>
<trkpt lat="33.0555814" lon="35.1942272"><ele>218.1</ele><time>2026-05-13T05:10:13Z</time></trkpt>
<trkpt lat="33.0555934" lon="35.1941473"><ele>217.8</ele><time>2026-05-13T05:10:14Z</time></trkpt>
<trkpt lat="33.0556045" lon="35.1940674"><ele>217.5</ele><time>2026-05-13T05:10:15Z</time></trkpt>
<trkpt lat="33.0556148" lon="35.1939877"><ele>217.1</ele><time>2026-05-13T05:10:16Z</time></trkpt>
<trkpt lat="33.0556244" lon="35.1939076"><ele>216.8</ele><time>2026-05-13T05:10:17Z</time></trkpt>
<trkpt lat="33.0556335" lon="35.1938263"><ele>216.5</ele><time>2026-05-13T05:10:18Z</time></trkpt>
<trkpt lat="33.0556424" lon="35.1937432"><ele>216.2</ele><time>2026-05-13T05:10:19Z</time></trkpt>
<trkpt lat="33.0556513" lon="35.1936579"><ele>215.8</ele><time>2026-05-13T05:10:20Z</time></trkpt>
<trkpt lat="33.0556602" lon="35.193571"><ele>215.5</ele><time>2026-05-13T05:10:21Z</time></trkpt>
<trkpt lat="33.0556692" lon="35.1934832"><ele>215.2</ele><time>2026-05-13T05:10:22Z</time></trkpt>
<trkpt lat="33.055676" lon="35.1933939"><ele>214.9</ele><time>2026-05-13T05:10:23Z</time></trkpt>
<trkpt lat="33.0556773" lon="35.1933048"><ele>214.6</ele><time>2026-05-13T05:10:24Z</time></trkpt>
<trkpt lat="33.0556719" lon="35.1932157"><ele>214.3</ele><time>2026-05-13T05:10:25Z</time></trkpt>
<trkpt lat="33.0556624" lon="35.193124"><ele>214.0</ele><time>2026-05-13T05:10:26Z</time></trkpt>
<trkpt lat="33.0556534" lon="35.1930299"><ele>213.7</ele><time>2026-05-13T05:10:27Z</time></trkpt>
<trkpt lat="33.0556485" lon="35.1929349"><ele>213.4</ele><time>2026-05-13T05:10:28Z</time></trkpt>
<trkpt lat="33.0556473" lon="35.1928424"><ele>213.1</ele><time>2026-05-13T05:10:29Z</time></trkpt>
<trkpt lat="33.0556498" lon="35.1927579"><ele>212.7</ele><time>2026-05-13T05:10:30Z</time></trkpt>
<trkpt lat="33.0556552" lon="35.1926798"><ele>212.3</ele><time>2026-05-13T05:10:31Z</time></trkpt>
<trkpt lat="33.0556616" lon="35.1926024"><ele>211.9</ele><time>2026-05-13T05:10:32Z</time></trkpt>
<trkpt lat="33.0556696" lon="35.192525"><ele>211.5</ele><time>2026-05-13T05:10:33Z</time></trkpt>
<trkpt lat="33.0556793" lon="35.1924473"><ele>211.1</ele><time>2026-05-13T05:10:34Z</time></trkpt>
<trkpt lat="33.0556899" lon="35.1923694"><ele>210.7</ele><time>2026-05-13T05:10:35Z</time></trkpt>
<trkpt lat="33.0557008" lon="35.192292"><ele>210.3</ele><time>2026-05-13T05:10:36Z</time></trkpt>
<trkpt lat="33.0557115" lon="35.1922158"><ele>209.9</ele><time>2026-05-13T05:10:37Z</time></trkpt>
<trkpt lat="33.0557221" lon="35.1921407"><ele>209.5</ele><time>2026-05-13T05:10:38Z</time></trkpt>
<trkpt lat="33.0557338" lon="35.1920674"><ele>209.1</ele><time>2026-05-13T05:10:39Z</time></trkpt>
<trkpt lat="33.0557485" lon="35.1919972"><ele>208.8</ele><time>2026-05-13T05:10:40Z</time></trkpt>
<trkpt lat="33.0557688" lon="35.1919319"><ele>208.5</ele><time>2026-05-13T05:10:41Z</time></trkpt>
<trkpt lat="33.0557969" lon="35.1918725"><ele>208.1</ele><time>2026-05-13T05:10:42Z</time></trkpt>
<trkpt lat="33.0558339" lon="35.1918194"><ele>207.8</ele><time>2026-05-13T05:10:43Z</time></trkpt>
<trkpt lat="33.0558787" lon="35.1917729"><ele>207.5</ele><time>2026-05-13T05:10:44Z</time></trkpt>
<trkpt lat="33.0559285" lon="35.1917319"><ele>207.2</ele><time>2026-05-13T05:10:45Z</time></trkpt>
<trkpt lat="33.0559802" lon="35.1916933"><ele>207.0</ele><time>2026-05-13T05:10:46Z</time></trkpt>
<trkpt lat="33.0560309" lon="35.1916529"><ele>206.7</ele><time>2026-05-13T05:10:47Z</time></trkpt>
<trkpt lat="33.0560783" lon="35.191607"><ele>206.4</ele><time>2026-05-13T05:10:48Z</time></trkpt>
<trkpt lat="33.056121" lon="35.1915534"><ele>206.2</ele><time>2026-05-13T05:10:49Z</time></trkpt>
<trkpt lat="33.0561587" lon="35.1914915"><ele>205.9</ele><time>2026-05-13T05:10:50Z</time></trkpt>
<trkpt lat="33.0561916" lon="35.191422"><ele>205.7</ele><time>2026-05-13T05:10:51Z</time></trkpt>
<trkpt lat="33.05622" lon="35.1913466"><ele>205.4</ele><time>2026-05-13T05:10:52Z</time></trkpt>
<trkpt lat="33.0562449" lon="35.1912672"><ele>205.1</ele><time>2026-05-13T05:10:53Z</time></trkpt>
<trkpt lat="33.0562583" lon="35.1911798"><ele>204.8</ele><time>2026-05-13T05:10:54Z</time></trkpt>
<trkpt lat="33.0562634" lon="35.1910884"><ele>204.5</ele><time>2026-05-13T05:10:55Z</time></trkpt>
<trkpt lat="33.0562721" lon="35.1910017"><ele>204.2</ele><time>2026-05-13T05:10:56Z</time></trkpt>
<trkpt lat="33.0562817" lon="35.1909165"><ele>203.9</ele><time>2026-05-13T05:10:57Z</time></trkpt>
<trkpt lat="33.0562901" lon="35.1908293"><ele>203.5</ele><time>2026-05-13T05:10:58Z</time></trkpt>
<trkpt lat="33.0562974" lon="35.1907392"><ele>203.2</ele><time>2026-05-13T05:10:59Z</time></trkpt>
<trkpt lat="33.056303" lon="35.1906478"><ele>202.8</ele><time>2026-05-13T05:11:00Z</time></trkpt>
<trkpt lat="33.0563065" lon="35.1905569"><ele>202.5</ele><time>2026-05-13T05:11:01Z</time></trkpt>
<trkpt lat="33.0563105" lon="35.1904655"><ele>202.1</ele><time>2026-05-13T05:11:02Z</time></trkpt>
<trkpt lat="33.0563143" lon="35.1903737"><ele>201.8</ele><time>2026-05-13T05:11:03Z</time></trkpt>
<trkpt lat="33.0563119" lon="35.1902819"><ele>201.4</ele><time>2026-05-13T05:11:04Z</time></trkpt>
<trkpt lat="33.0563036" lon="35.1901892"><ele>201.1</ele><time>2026-05-13T05:11:05Z</time></trkpt>
<trkpt lat="33.0562945" lon="35.1900962"><ele>200.8</ele><time>2026-05-13T05:11:06Z</time></trkpt>
<trkpt lat="33.0562892" lon="35.1900066"><ele>200.4</ele><time>2026-05-13T05:11:07Z</time></trkpt>
<trkpt lat="33.0562874" lon="35.1899205"><ele>200.1</ele><time>2026-05-13T05:11:08Z</time></trkpt>
<trkpt lat="33.0562861" lon="35.189836"><ele>199.9</ele><time>2026-05-13T05:11:09Z</time></trkpt>
<trkpt lat="33.056285" lon="35.1897538"><ele>199.6</ele><time>2026-05-13T05:11:10Z</time></trkpt>
<trkpt lat="33.0562835" lon="35.1896742"><ele>199.3</ele><time>2026-05-13T05:11:11Z</time></trkpt>
<trkpt lat="33.0562804" lon="35.1895982"><ele>199.0</ele><time>2026-05-13T05:11:12Z</time></trkpt>
<trkpt lat="33.0562751" lon="35.1895272"><ele>198.8</ele><time>2026-05-13T05:11:13Z</time></trkpt>
<trkpt lat="33.056268" lon="35.1894632"><ele>198.5</ele><time>2026-05-13T05:11:14Z</time></trkpt>
<trkpt lat="33.05626" lon="35.1894074"><ele>198.3</ele><time>2026-05-13T05:11:15Z</time></trkpt>
<trkpt lat="33.0562519" lon="35.18936"><ele>198.1</ele><time>2026-05-13T05:11:16Z</time></trkpt>
<trkpt lat="33.0562443" lon="35.1893197"><ele>197.9</ele><time>2026-05-13T05:11:17Z</time></trkpt>
<trkpt lat="33.0562366" lon="35.1892854"><ele>197.7</ele><time>2026-05-13T05:11:18Z</time></trkpt>
<trkpt lat="33.0562275" lon="35.1892562"><ele>197.6</ele><time>2026-05-13T05:11:19Z</time></trkpt>
<trkpt lat="33.0562149" lon="35.1892326"><ele>197.5</ele><time>2026-05-13T05:11:20Z</time></trkpt>
<trkpt lat="33.0561969" lon="35.1892156"><ele>197.4</ele><time>2026-05-13T05:11:21Z</time></trkpt>
<trkpt lat="33.056173" lon="35.1892052"><ele>197.4</ele><time>2026-05-13T05:11:22Z</time></trkpt>
<trkpt lat="33.0561449" lon="35.1892005"><ele>197.4</ele><time>2026-05-13T05:11:23Z</time></trkpt>
<trkpt lat="33.0561151" lon="35.1891996"><ele>197.4</ele><time>2026-05-13T05:11:24Z</time></trkpt>
<trkpt lat="33.0560853" lon="35.1891994"><ele>197.5</ele><time>2026-05-13T05:11:25Z</time></trkpt>
<trkpt lat="33.056056" lon="35.189198"><ele>197.5</ele><time>2026-05-13T05:11:26Z</time></trkpt>
<trkpt lat="33.0560271" lon="35.1891953"><ele>197.6</ele><time>2026-05-13T05:11:27Z</time></trkpt>
<trkpt lat="33.0559989" lon="35.1891921"><ele>197.7</ele><time>2026-05-13T05:11:28Z</time></trkpt>
<trkpt lat="33.0559714" lon="35.1891891"><ele>197.7</ele><time>2026-05-13T05:11:29Z</time></trkpt>
<trkpt lat="33.0559446" lon="35.1891867"><ele>197.8</ele><time>2026-05-13T05:11:30Z</time></trkpt>
<trkpt lat="33.0559187" lon="35.1891852"><ele>197.9</ele><time>2026-05-13T05:11:31Z</time></trkpt>
<trkpt lat="33.0558937" lon="35.1891846"><ele>198.0</ele><time>2026-05-13T05:11:32Z</time></trkpt>
<trkpt lat="33.0558696" lon="35.1891847"><ele>198.0</ele><time>2026-05-13T05:11:33Z</time></trkpt>
<trkpt lat="33.055846" lon="35.189185"><ele>198.1</ele><time>2026-05-13T05:11:34Z</time></trkpt>
<trkpt lat="33.0558215" lon="35.1891853"><ele>198.1</ele><time>2026-05-13T05:11:35Z</time></trkpt>
<trkpt lat="33.055796" lon="35.1891861"><ele>198.2</ele><time>2026-05-13T05:11:36Z</time></trkpt>
<trkpt lat="33.0557696" lon="35.1891881"><ele>198.2</ele><time>2026-05-13T05:11:37Z</time></trkpt>
<trkpt lat="33.0557434" lon="35.1891916"><ele>198.3</ele><time>2026-05-13T05:11:38Z</time></trkpt>
<trkpt lat="33.0557186" lon="35.1891967"><ele>198.3</ele><time>2026-05-13T05:11:39Z</time></trkpt>
<trkpt lat="33.0556956" lon="35.1892026"><ele>198.4</ele><time>2026-05-13T05:11:40Z</time></trkpt>
<trkpt lat="33.0556739" lon="35.1892082"><ele>198.4</ele><time>2026-05-13T05:11:41Z</time></trkpt>
<trkpt lat="33.0556524" lon="35.1892129"><ele>198.5</ele><time>2026-05-13T05:11:42Z</time></trkpt>
<trkpt lat="33.0556303" lon="35.1892168"><ele>198.6</ele><time>2026-05-13T05:11:43Z</time></trkpt>
<trkpt lat="33.0556077" lon="35.1892203"><ele>198.6</ele><time>2026-05-13T05:11:44Z</time></trkpt>
<trkpt lat="33.0555849" lon="35.1892236"><ele>198.7</ele><time>2026-05-13T05:11:45Z</time></trkpt>
<trkpt lat="33.055562" lon="35.1892271"><ele>198.7</ele><time>2026-05-13T05:11:46Z</time></trkpt>
<trkpt lat="33.0555385" lon="35.189231"><ele>198.7</ele><time>2026-05-13T05:11:47Z</time></trkpt>
<trkpt lat="33.0555141" lon="35.1892353"><ele>198.8</ele><time>2026-05-13T05:11:48Z</time></trkpt>
<trkpt lat="33.0554883" lon="35.1892404"><ele>198.8</ele><time>2026-05-13T05:11:49Z</time></trkpt>
<trkpt lat="33.0554608" lon="35.1892465"><ele>198.7</ele><time>2026-05-13T05:11:50Z</time></trkpt>
<trkpt lat="33.055432" lon="35.1892541"><ele>198.7</ele><time>2026-05-13T05:11:51Z</time></trkpt>
<trkpt lat="33.0554032" lon="35.1892635"><ele>198.7</ele><time>2026-05-13T05:11:52Z</time></trkpt>
<trkpt lat="33.0553757" lon="35.1892746"><ele>198.7</ele><time>2026-05-13T05:11:53Z</time></trkpt>
<trkpt lat="33.0553495" lon="35.189286"><ele>198.8</ele><time>2026-05-13T05:11:54Z</time></trkpt>
<trkpt lat="33.0553238" lon="35.1892962"><ele>198.8</ele><time>2026-05-13T05:11:55Z</time></trkpt>
<trkpt lat="33.0552975" lon="35.1893043"><ele>198.8</ele><time>2026-05-13T05:11:56Z</time></trkpt>
<trkpt lat="33.05527" lon="35.1893101"><ele>198.9</ele><time>2026-05-13T05:11:57Z</time></trkpt>
<trkpt lat="33.0552406" lon="35.1893138"><ele>198.9</ele><time>2026-05-13T05:11:58Z</time></trkpt>
<trkpt lat="33.0552087" lon="35.1893156"><ele>198.9</ele><time>2026-05-13T05:11:59Z</time></trkpt>
<trkpt lat="33.0551743" lon="35.1893161"><ele>198.9</ele><time>2026-05-13T05:12:00Z</time></trkpt>
<trkpt lat="33.0551376" lon="35.1893155"><ele>198.9</ele><time>2026-05-13T05:12:01Z</time></trkpt>
<trkpt lat="33.0550991" lon="35.1893144"><ele>198.9</ele><time>2026-05-13T05:12:02Z</time></trkpt>
<trkpt lat="33.0550598" lon="35.1893137"><ele>198.9</ele><time>2026-05-13T05:12:03Z</time></trkpt>
<trkpt lat="33.0550203" lon="35.1893139"><ele>198.8</ele><time>2026-05-13T05:12:04Z</time></trkpt>
<trkpt lat="33.0549809" lon="35.1893153"><ele>198.8</ele><time>2026-05-13T05:12:05Z</time></trkpt>
<trkpt lat="33.0549413" lon="35.1893182"><ele>198.7</ele><time>2026-05-13T05:12:06Z</time></trkpt>
<trkpt lat="33.0549013" lon="35.189323"><ele>198.6</ele><time>2026-05-13T05:12:07Z</time></trkpt>
<trkpt lat="33.0548606" lon="35.1893297"><ele>198.5</ele><time>2026-05-13T05:12:08Z</time></trkpt>
<trkpt lat="33.0548187" lon="35.1893375"><ele>198.4</ele><time>2026-05-13T05:12:09Z</time></trkpt>
<trkpt lat="33.0547751" lon="35.1893446"><ele>198.3</ele><time>2026-05-13T05:12:10Z</time></trkpt>
<trkpt lat="33.0547292" lon="35.1893489"><ele>198.2</ele><time>2026-05-13T05:12:11Z</time></trkpt>
<trkpt lat="33.0546804" lon="35.1893494"><ele>198.1</ele><time>2026-05-13T05:12:12Z</time></trkpt>
<trkpt lat="33.0546287" lon="35.189347"><ele>197.9</ele><time>2026-05-13T05:12:13Z</time></trkpt>
<trkpt lat="33.0545743" lon="35.1893427"><ele>197.7</ele><time>2026-05-13T05:12:14Z</time></trkpt>
<trkpt lat="33.0545178" lon="35.1893363"><ele>197.5</ele><time>2026-05-13T05:12:15Z</time></trkpt>
<trkpt lat="33.0544591" lon="35.1893262"><ele>197.3</ele><time>2026-05-13T05:12:16Z</time></trkpt>
<trkpt lat="33.0543982" lon="35.1893112"><ele>197.1</ele><time>2026-05-13T05:12:17Z</time></trkpt>
<trkpt lat="33.0543352" lon="35.189291"><ele>196.8</ele><time>2026-05-13T05:12:18Z</time></trkpt>
<trkpt lat="33.0542705" lon="35.1892664"><ele>196.5</ele><time>2026-05-13T05:12:19Z</time></trkpt>
<trkpt lat="33.054205" lon="35.1892393"><ele>196.2</ele><time>2026-05-13T05:12:20Z</time></trkpt>
<trkpt lat="33.0541384" lon="35.1892075"><ele>195.8</ele><time>2026-05-13T05:12:21Z</time></trkpt>
<trkpt lat="33.0540687" lon="35.1891735"><ele>195.4</ele><time>2026-05-13T05:12:22Z</time></trkpt>
<trkpt lat="33.0539966" lon="35.1891418"><ele>195.0</ele><time>2026-05-13T05:12:23Z</time></trkpt>
<trkpt lat="33.0539246" lon="35.1891085"><ele>194.6</ele><time>2026-05-13T05:12:24Z</time></trkpt>
<trkpt lat="33.0538537" lon="35.1890702"><ele>194.1</ele><time>2026-05-13T05:12:25Z</time></trkpt>
<trkpt lat="33.0537828" lon="35.1890285"><ele>193.6</ele><time>2026-05-13T05:12:26Z</time></trkpt>
<trkpt lat="33.0537109" lon="35.1889853"><ele>193.1</ele><time>2026-05-13T05:12:27Z</time></trkpt>
<trkpt lat="33.0536378" lon="35.1889411"><ele>192.5</ele><time>2026-05-13T05:12:28Z</time></trkpt>
<trkpt lat="33.0535627" lon="35.1888966"><ele>191.9</ele><time>2026-05-13T05:12:29Z</time></trkpt>
<trkpt lat="33.0534861" lon="35.1888519"><ele>191.3</ele><time>2026-05-13T05:12:30Z</time></trkpt>
<trkpt lat="33.0534084" lon="35.1888061"><ele>190.7</ele><time>2026-05-13T05:12:31Z</time></trkpt>
<trkpt lat="33.0533282" lon="35.188761"><ele>190.1</ele><time>2026-05-13T05:12:32Z</time></trkpt>
<trkpt lat="33.0532446" lon="35.1887164"><ele>189.4</ele><time>2026-05-13T05:12:33Z</time></trkpt>
<trkpt lat="33.0531591" lon="35.1886702"><ele>188.7</ele><time>2026-05-13T05:12:34Z</time></trkpt>
<trkpt lat="33.0530728" lon="35.1886205"><ele>188.0</ele><time>2026-05-13T05:12:35Z</time></trkpt>
<trkpt lat="33.0529873" lon="35.1885651"><ele>187.3</ele><time>2026-05-13T05:12:36Z</time></trkpt>
<trkpt lat="33.0529027" lon="35.1885052"><ele>186.6</ele><time>2026-05-13T05:12:37Z</time></trkpt>
<trkpt lat="33.0528175" lon="35.1884428"><ele>185.9</ele><time>2026-05-13T05:12:38Z</time></trkpt>
<trkpt lat="33.052731" lon="35.1883788"><ele>185.2</ele><time>2026-05-13T05:12:39Z</time></trkpt>
<trkpt lat="33.0526432" lon="35.1883144"><ele>184.5</ele><time>2026-05-13T05:12:40Z</time></trkpt>
<trkpt lat="33.0525556" lon="35.1882484"><ele>183.8</ele><time>2026-05-13T05:12:41Z</time></trkpt>
<trkpt lat="33.0524697" lon="35.1881798"><ele>183.1</ele><time>2026-05-13T05:12:42Z</time></trkpt>
<trkpt lat="33.0523868" lon="35.1881087"><ele>182.4</ele><time>2026-05-13T05:12:43Z</time></trkpt>
<trkpt lat="33.0523097" lon="35.1880332"><ele>181.7</ele><time>2026-05-13T05:12:44Z</time></trkpt>
<trkpt lat="33.0522375" lon="35.1879551"><ele>181.1</ele><time>2026-05-13T05:12:45Z</time></trkpt>
<trkpt lat="33.0521672" lon="35.1878795"><ele>180.5</ele><time>2026-05-13T05:12:46Z</time></trkpt>
<trkpt lat="33.0520981" lon="35.1878082"><ele>180.0</ele><time>2026-05-13T05:12:47Z</time></trkpt>
<trkpt lat="33.0520302" lon="35.1877406"><ele>179.5</ele><time>2026-05-13T05:12:48Z</time></trkpt>
<trkpt lat="33.0519601" lon="35.1876799"><ele>179.1</ele><time>2026-05-13T05:12:49Z</time></trkpt>
<trkpt lat="33.0518868" lon="35.1876303"><ele>178.7</ele><time>2026-05-13T05:12:50Z</time></trkpt>
<trkpt lat="33.0518117" lon="35.187591"><ele>178.4</ele><time>2026-05-13T05:12:51Z</time></trkpt>
<trkpt lat="33.0517366" lon="35.1875592"><ele>178.1</ele><time>2026-05-13T05:12:52Z</time></trkpt>
<trkpt lat="33.051665" lon="35.1875324"><ele>177.9</ele><time>2026-05-13T05:12:53Z</time></trkpt>
<trkpt lat="33.0515961" lon="35.1875088"><ele>177.7</ele><time>2026-05-13T05:12:54Z</time></trkpt>
<trkpt lat="33.0515271" lon="35.1874875"><ele>177.6</ele><time>2026-05-13T05:12:55Z</time></trkpt>
<trkpt lat="33.0514583" lon="35.1874688"><ele>177.4</ele><time>2026-05-13T05:12:56Z</time></trkpt>
<trkpt lat="33.0513903" lon="35.1874526"><ele>177.3</ele><time>2026-05-13T05:12:57Z</time></trkpt>
<trkpt lat="33.0513239" lon="35.1874387"><ele>177.3</ele><time>2026-05-13T05:12:58Z</time></trkpt>
<trkpt lat="33.0512599" lon="35.1874275"><ele>177.2</ele><time>2026-05-13T05:12:59Z</time></trkpt>
<trkpt lat="33.0511991" lon="35.1874194"><ele>177.2</ele><time>2026-05-13T05:13:00Z</time></trkpt>
<trkpt lat="33.051142" lon="35.1874138"><ele>177.2</ele><time>2026-05-13T05:13:01Z</time></trkpt>
<trkpt lat="33.0510893" lon="35.1874089"><ele>177.2</ele><time>2026-05-13T05:13:02Z</time></trkpt>
<trkpt lat="33.0510414" lon="35.1874034"><ele>177.2</ele><time>2026-05-13T05:13:03Z</time></trkpt>
<trkpt lat="33.0509983" lon="35.1873972"><ele>177.2</ele><time>2026-05-13T05:13:04Z</time></trkpt>
<trkpt lat="33.0509595" lon="35.1873907"><ele>177.2</ele><time>2026-05-13T05:13:05Z</time></trkpt>
<trkpt lat="33.050924" lon="35.1873841"><ele>177.3</ele><time>2026-05-13T05:13:06Z</time></trkpt>
<trkpt lat="33.0508905" lon="35.1873767"><ele>177.4</ele><time>2026-05-13T05:13:07Z</time></trkpt>
<trkpt lat="33.0508579" lon="35.1873681"><ele>177.4</ele><time>2026-05-13T05:13:08Z</time></trkpt>
<trkpt lat="33.050825" lon="35.1873579"><ele>177.5</ele><time>2026-05-13T05:13:09Z</time></trkpt>
<trkpt lat="33.0507912" lon="35.1873463"><ele>177.6</ele><time>2026-05-13T05:13:10Z</time></trkpt>
<trkpt lat="33.050756" lon="35.1873339"><ele>177.7</ele><time>2026-05-13T05:13:11Z</time></trkpt>
<trkpt lat="33.0507195" lon="35.1873219"><ele>177.8</ele><time>2026-05-13T05:13:12Z</time></trkpt>
<trkpt lat="33.0506816" lon="35.1873113"><ele>177.9</ele><time>2026-05-13T05:13:13Z</time></trkpt>
<trkpt lat="33.0506425" lon="35.1873028"><ele>178.0</ele><time>2026-05-13T05:13:14Z</time></trkpt>
<trkpt lat="33.0506023" lon="35.1872963"><ele>178.1</ele><time>2026-05-13T05:13:15Z</time></trkpt>
<trkpt lat="33.0505615" lon="35.1872913"><ele>178.2</ele><time>2026-05-13T05:13:16Z</time></trkpt>
<trkpt lat="33.0505198" lon="35.1872866"><ele>178.3</ele><time>2026-05-13T05:13:17Z</time></trkpt>
<trkpt lat="33.0504775" lon="35.1872819"><ele>178.4</ele><time>2026-05-13T05:13:18Z</time></trkpt>
<trkpt lat="33.050435" lon="35.1872764"><ele>178.5</ele><time>2026-05-13T05:13:19Z</time></trkpt>
<trkpt lat="33.0503928" lon="35.1872696"><ele>178.6</ele><time>2026-05-13T05:13:20Z</time></trkpt>
<trkpt lat="33.0503511" lon="35.1872618"><ele>178.8</ele><time>2026-05-13T05:13:21Z</time></trkpt>
<trkpt lat="33.0503102" lon="35.1872538"><ele>178.9</ele><time>2026-05-13T05:13:22Z</time></trkpt>
<trkpt lat="33.0502702" lon="35.1872465"><ele>179.1</ele><time>2026-05-13T05:13:23Z</time></trkpt>
<trkpt lat="33.0502311" lon="35.1872398"><ele>179.2</ele><time>2026-05-13T05:13:24Z</time></trkpt>
<trkpt lat="33.0501931" lon="35.1872334"><ele>179.4</ele><time>2026-05-13T05:13:25Z</time></trkpt>
<trkpt lat="33.0501562" lon="35.1872274"><ele>179.6</ele><time>2026-05-13T05:13:26Z</time></trkpt>
<trkpt lat="33.0501203" lon="35.1872223"><ele>179.8</ele><time>2026-05-13T05:13:27Z</time></trkpt>
<trkpt lat="33.0500851" lon="35.1872179"><ele>180.0</ele><time>2026-05-13T05:13:28Z</time></trkpt>
<trkpt lat="33.0500507" lon="35.187214"><ele>180.2</ele><time>2026-05-13T05:13:29Z</time></trkpt>
<trkpt lat="33.0500169" lon="35.1872093"><ele>180.5</ele><time>2026-05-13T05:13:30Z</time></trkpt>
<trkpt lat="33.0499838" lon="35.1872032"><ele>180.7</ele><time>2026-05-13T05:13:31Z</time></trkpt>
<trkpt lat="33.049951" lon="35.1871957"><ele>180.9</ele><time>2026-05-13T05:13:32Z</time></trkpt>
<trkpt lat="33.0499182" lon="35.1871875"><ele>181.2</ele><time>2026-05-13T05:13:33Z</time></trkpt>
<trkpt lat="33.0498851" lon="35.1871794"><ele>181.4</ele><time>2026-05-13T05:13:34Z</time></trkpt>
<trkpt lat="33.0498517" lon="35.1871717"><ele>181.7</ele><time>2026-05-13T05:13:35Z</time></trkpt>
<trkpt lat="33.049818" lon="35.1871645"><ele>181.9</ele><time>2026-05-13T05:13:36Z</time></trkpt>
<trkpt lat="33.0497839" lon="35.1871582"><ele>182.2</ele><time>2026-05-13T05:13:37Z</time></trkpt>
<trkpt lat="33.049749" lon="35.1871534"><ele>182.4</ele><time>2026-05-13T05:13:38Z</time></trkpt>
<trkpt lat="33.0497135" lon="35.1871505"><ele>182.7</ele><time>2026-05-13T05:13:39Z</time></trkpt>
<trkpt lat="33.0496777" lon="35.1871494"><ele>182.9</ele><time>2026-05-13T05:13:40Z</time></trkpt>
<trkpt lat="33.0496423" lon="35.187149"><ele>183.1</ele><time>2026-05-13T05:13:41Z</time></trkpt>
<trkpt lat="33.0496077" lon="35.1871481"><ele>183.4</ele><time>2026-05-13T05:13:42Z</time></trkpt>
<trkpt lat="33.0495734" lon="35.1871462"><ele>183.6</ele><time>2026-05-13T05:13:43Z</time></trkpt>
<trkpt lat="33.0495394" lon="35.1871432"><ele>183.8</ele><time>2026-05-13T05:13:44Z</time></trkpt>
<trkpt lat="33.0495059" lon="35.1871392"><ele>184.1</ele><time>2026-05-13T05:13:45Z</time></trkpt>
<trkpt lat="33.0494731" lon="35.1871341"><ele>184.3</ele><time>2026-05-13T05:13:46Z</time></trkpt>
<trkpt lat="33.0494412" lon="35.1871281"><ele>184.5</ele><time>2026-05-13T05:13:47Z</time></trkpt>
<trkpt lat="33.0494098" lon="35.1871213"><ele>184.8</ele><time>2026-05-13T05:13:48Z</time></trkpt>
<trkpt lat="33.0493787" lon="35.1871135"><ele>185.0</ele><time>2026-05-13T05:13:49Z</time></trkpt>
<trkpt lat="33.0493476" lon="35.1871047"><ele>185.3</ele><time>2026-05-13T05:13:50Z</time></trkpt>
<trkpt lat="33.0493166" lon="35.1870949"><ele>185.5</ele><time>2026-05-13T05:13:51Z</time></trkpt>
<trkpt lat="33.0492856" lon="35.1870842"><ele>185.7</ele><time>2026-05-13T05:13:52Z</time></trkpt>
<trkpt lat="33.0492549" lon="35.187072"><ele>186.0</ele><time>2026-05-13T05:13:53Z</time></trkpt>
<trkpt lat="33.0492248" lon="35.1870579"><ele>186.2</ele><time>2026-05-13T05:13:54Z</time></trkpt>
<trkpt lat="33.0491954" lon="35.1870419"><ele>186.4</ele><time>2026-05-13T05:13:55Z</time></trkpt>
<trkpt lat="33.0491667" lon="35.187024"><ele>186.6</ele><time>2026-05-13T05:13:56Z</time></trkpt>
<trkpt lat="33.0491385" lon="35.1870045"><ele>186.7</ele><time>2026-05-13T05:13:57Z</time></trkpt>
<trkpt lat="33.0491104" lon="35.1869839"><ele>186.9</ele><time>2026-05-13T05:13:58Z</time></trkpt>
<trkpt lat="33.0490824" lon="35.1869627"><ele>187.0</ele><time>2026-05-13T05:13:59Z</time></trkpt>
<trkpt lat="33.0490545" lon="35.186941"><ele>187.1</ele><time>2026-05-13T05:14:00Z</time></trkpt>
<trkpt lat="33.0490271" lon="35.1869188"><ele>187.2</ele><time>2026-05-13T05:14:01Z</time></trkpt>
<trkpt lat="33.0490003" lon="35.1868965"><ele>187.2</ele><time>2026-05-13T05:14:02Z</time></trkpt>
<trkpt lat="33.0489737" lon="35.1868741"><ele>187.3</ele><time>2026-05-13T05:14:03Z</time></trkpt>
<trkpt lat="33.048947" lon="35.1868516"><ele>187.4</ele><time>2026-05-13T05:14:04Z</time></trkpt>
<trkpt lat="33.0489202" lon="35.1868283"><ele>187.4</ele><time>2026-05-13T05:14:05Z</time></trkpt>
<trkpt lat="33.0488933" lon="35.1868039"><ele>187.4</ele><time>2026-05-13T05:14:06Z</time></trkpt>
<trkpt lat="33.0488658" lon="35.1867785"><ele>187.5</ele><time>2026-05-13T05:14:07Z</time></trkpt>
<trkpt lat="33.0488368" lon="35.1867539"><ele>187.5</ele><time>2026-05-13T05:14:08Z</time></trkpt>
<trkpt lat="33.0488052" lon="35.1867312"><ele>187.5</ele><time>2026-05-13T05:14:09Z</time></trkpt>
<trkpt lat="33.0487712" lon="35.1867097"><ele>187.5</ele><time>2026-05-13T05:14:10Z</time></trkpt>
<trkpt lat="33.0487359" lon="35.1866875"><ele>187.5</ele><time>2026-05-13T05:14:11Z</time></trkpt>
<trkpt lat="33.0487004" lon="35.1866638"><ele>187.5</ele><time>2026-05-13T05:14:12Z</time></trkpt>
<trkpt lat="33.0486654" lon="35.1866394"><ele>187.5</ele><time>2026-05-13T05:14:13Z</time></trkpt>
<trkpt lat="33.0486306" lon="35.1866156"><ele>187.4</ele><time>2026-05-13T05:14:14Z</time></trkpt>
<trkpt lat="33.048596" lon="35.1865928"><ele>187.4</ele><time>2026-05-13T05:14:15Z</time></trkpt>
<trkpt lat="33.0485622" lon="35.1865702"><ele>187.4</ele><time>2026-05-13T05:14:16Z</time></trkpt>
<trkpt lat="33.0485296" lon="35.1865464"><ele>187.3</ele><time>2026-05-13T05:14:17Z</time></trkpt>
<trkpt lat="33.0484985" lon="35.1865203"><ele>187.3</ele><time>2026-05-13T05:14:18Z</time></trkpt>
<trkpt lat="33.0484687" lon="35.1864913"><ele>187.2</ele><time>2026-05-13T05:14:19Z</time></trkpt>
<trkpt lat="33.0484391" lon="35.1864588"><ele>187.1</ele><time>2026-05-13T05:14:20Z</time></trkpt>
<trkpt lat="33.0484092" lon="35.1864234"><ele>187.0</ele><time>2026-05-13T05:14:21Z</time></trkpt>
<trkpt lat="33.04838" lon="35.1863863"><ele>187.0</ele><time>2026-05-13T05:14:22Z</time></trkpt>
<trkpt lat="33.0483525" lon="35.1863487"><ele>186.9</ele><time>2026-05-13T05:14:23Z</time></trkpt>
<trkpt lat="33.0483272" lon="35.1863108"><ele>186.9</ele><time>2026-05-13T05:14:24Z</time></trkpt>
<trkpt lat="33.0483048" lon="35.1862724"><ele>186.9</ele><time>2026-05-13T05:14:25Z</time></trkpt>
<trkpt lat="33.048285" lon="35.1862334"><ele>186.9</ele><time>2026-05-13T05:14:26Z</time></trkpt>
<trkpt lat="33.0482675" lon="35.1861941"><ele>186.9</ele><time>2026-05-13T05:14:27Z</time></trkpt>
<trkpt lat="33.0482515" lon="35.1861548"><ele>187.0</ele><time>2026-05-13T05:14:28Z</time></trkpt>
<trkpt lat="33.0482362" lon="35.1861159"><ele>187.0</ele><time>2026-05-13T05:14:29Z</time></trkpt>
<trkpt lat="33.0482211" lon="35.186077"><ele>187.0</ele><time>2026-05-13T05:14:30Z</time></trkpt>
<trkpt lat="33.0482065" lon="35.1860376"><ele>187.1</ele><time>2026-05-13T05:14:31Z</time></trkpt>
<trkpt lat="33.0481921" lon="35.1859981"><ele>187.2</ele><time>2026-05-13T05:14:32Z</time></trkpt>
<trkpt lat="33.0481779" lon="35.1859591"><ele>187.2</ele><time>2026-05-13T05:14:33Z</time></trkpt>
<trkpt lat="33.0481643" lon="35.1859204"><ele>187.3</ele><time>2026-05-13T05:14:34Z</time></trkpt>
<trkpt lat="33.0481527" lon="35.1858819"><ele>187.3</ele><time>2026-05-13T05:14:35Z</time></trkpt>
<trkpt lat="33.0481441" lon="35.1858427"><ele>187.4</ele><time>2026-05-13T05:14:36Z</time></trkpt>
<trkpt lat="33.048139" lon="35.1858018"><ele>187.4</ele><time>2026-05-13T05:14:37Z</time></trkpt>
<trkpt lat="33.0481367" lon="35.1857587"><ele>187.4</ele><time>2026-05-13T05:14:38Z</time></trkpt>
<trkpt lat="33.0481357" lon="35.1857135"><ele>187.4</ele><time>2026-05-13T05:14:39Z</time></trkpt>
<trkpt lat="33.0481349" lon="35.1856666"><ele>187.4</ele><time>2026-05-13T05:14:40Z</time></trkpt>
<trkpt lat="33.0481339" lon="35.1856185"><ele>187.4</ele><time>2026-05-13T05:14:41Z</time></trkpt>
<trkpt lat="33.0481335" lon="35.1855702"><ele>187.4</ele><time>2026-05-13T05:14:42Z</time></trkpt>
<trkpt lat="33.0481341" lon="35.185522"><ele>187.4</ele><time>2026-05-13T05:14:43Z</time></trkpt>
<trkpt lat="33.0481359" lon="35.1854739"><ele>187.4</ele><time>2026-05-13T05:14:44Z</time></trkpt>
<trkpt lat="33.0481387" lon="35.1854262"><ele>187.4</ele><time>2026-05-13T05:14:45Z</time></trkpt>
<trkpt lat="33.048143" lon="35.1853789"><ele>187.4</ele><time>2026-05-13T05:14:46Z</time></trkpt>
<trkpt lat="33.0481492" lon="35.185332"><ele>187.4</ele><time>2026-05-13T05:14:47Z</time></trkpt>
<trkpt lat="33.0481572" lon="35.185285"><ele>187.3</ele><time>2026-05-13T05:14:48Z</time></trkpt>
<trkpt lat="33.0481669" lon="35.1852372"><ele>187.3</ele><time>2026-05-13T05:14:49Z</time></trkpt>
<trkpt lat="33.048178" lon="35.1851881"><ele>187.2</ele><time>2026-05-13T05:14:50Z</time></trkpt>
<trkpt lat="33.0481905" lon="35.1851378"><ele>187.2</ele><time>2026-05-13T05:14:51Z</time></trkpt>
<trkpt lat="33.0482039" lon="35.1850867"><ele>187.1</ele><time>2026-05-13T05:14:52Z</time></trkpt>
<trkpt lat="33.0482179" lon="35.1850351"><ele>187.0</ele><time>2026-05-13T05:14:53Z</time></trkpt>
<trkpt lat="33.048232" lon="35.1849831"><ele>187.0</ele><time>2026-05-13T05:14:54Z</time></trkpt>
<trkpt lat="33.0482457" lon="35.1849301"><ele>186.9</ele><time>2026-05-13T05:14:55Z</time></trkpt>
<trkpt lat="33.0482584" lon="35.1848755"><ele>186.8</ele><time>2026-05-13T05:14:56Z</time></trkpt>
<trkpt lat="33.0482694" lon="35.1848186"><ele>186.7</ele><time>2026-05-13T05:14:57Z</time></trkpt>
<trkpt lat="33.048278" lon="35.1847598"><ele>186.6</ele><time>2026-05-13T05:14:58Z</time></trkpt>
<trkpt lat="33.0482838" lon="35.1846999"><ele>186.5</ele><time>2026-05-13T05:14:59Z</time></trkpt>
<trkpt lat="33.0482869" lon="35.1846396"><ele>186.4</ele><time>2026-05-13T05:15:00Z</time></trkpt>
<trkpt lat="33.0482878" lon="35.1845792"><ele>186.3</ele><time>2026-05-13T05:15:01Z</time></trkpt>
<trkpt lat="33.0482871" lon="35.1845191"><ele>186.1</ele><time>2026-05-13T05:15:02Z</time></trkpt>
<trkpt lat="33.0482855" lon="35.1844597"><ele>186.0</ele><time>2026-05-13T05:15:03Z</time></trkpt>
<trkpt lat="33.0482835" lon="35.1844014"><ele>185.9</ele><time>2026-05-13T05:15:04Z</time></trkpt>
<trkpt lat="33.0482812" lon="35.1843449"><ele>185.8</ele><time>2026-05-13T05:15:05Z</time></trkpt>
<trkpt lat="33.0482785" lon="35.1842911"><ele>185.7</ele><time>2026-05-13T05:15:06Z</time></trkpt>
<trkpt lat="33.0482757" lon="35.1842409"><ele>185.6</ele><time>2026-05-13T05:15:07Z</time></trkpt>
<trkpt lat="33.0482736" lon="35.1841948"><ele>185.5</ele><time>2026-05-13T05:15:08Z</time></trkpt>
<trkpt lat="33.0482738" lon="35.1841522"><ele>185.4</ele><time>2026-05-13T05:15:09Z</time></trkpt>
<trkpt lat="33.0482786" lon="35.184112"><ele>185.3</ele><time>2026-05-13T05:15:10Z</time></trkpt>
<trkpt lat="33.0482908" lon="35.1840736"><ele>185.2</ele><time>2026-05-13T05:15:11Z</time></trkpt>
<trkpt lat="33.0483131" lon="35.1840372"><ele>185.1</ele><time>2026-05-13T05:15:12Z</time></trkpt>
<trkpt lat="33.048347" lon="35.1840044"><ele>184.9</ele><time>2026-05-13T05:15:13Z</time></trkpt>
<trkpt lat="33.0483913" lon="35.1839758"><ele>184.7</ele><time>2026-05-13T05:15:14Z</time></trkpt>
<trkpt lat="33.0484431" lon="35.1839486"><ele>184.6</ele><time>2026-05-13T05:15:15Z</time></trkpt>
<trkpt lat="33.0484979" lon="35.1839182"><ele>184.3</ele><time>2026-05-13T05:15:16Z</time></trkpt>
<trkpt lat="33.0485508" lon="35.1838804"><ele>184.1</ele><time>2026-05-13T05:15:17Z</time></trkpt>
<trkpt lat="33.0485972" lon="35.1838328"><ele>183.9</ele><time>2026-05-13T05:15:18Z</time></trkpt>
<trkpt lat="33.0486336" lon="35.1837751"><ele>183.6</ele><time>2026-05-13T05:15:19Z</time></trkpt>
<trkpt lat="33.0486592" lon="35.1837094"><ele>183.4</ele><time>2026-05-13T05:15:20Z</time></trkpt>
<trkpt lat="33.0486752" lon="35.1836386"><ele>183.1</ele><time>2026-05-13T05:15:21Z</time></trkpt>
<trkpt lat="33.0486842" lon="35.1835655"><ele>182.9</ele><time>2026-05-13T05:15:22Z</time></trkpt>
<trkpt lat="33.048689" lon="35.183492"><ele>182.6</ele><time>2026-05-13T05:15:23Z</time></trkpt>
<trkpt lat="33.0486917" lon="35.1834189"><ele>182.4</ele><time>2026-05-13T05:15:24Z</time></trkpt>
<trkpt lat="33.0486938" lon="35.1833468"><ele>182.2</ele><time>2026-05-13T05:15:25Z</time></trkpt>
<trkpt lat="33.0486956" lon="35.183276"><ele>182.0</ele><time>2026-05-13T05:15:26Z</time></trkpt>
<trkpt lat="33.0486971" lon="35.1832067"><ele>181.8</ele><time>2026-05-13T05:15:27Z</time></trkpt>
<trkpt lat="33.0486986" lon="35.1831387"><ele>181.6</ele><time>2026-05-13T05:15:28Z</time></trkpt>
<trkpt lat="33.0487003" lon="35.1830713"><ele>181.5</ele><time>2026-05-13T05:15:29Z</time></trkpt>
<trkpt lat="33.0487026" lon="35.1830038"><ele>181.3</ele><time>2026-05-13T05:15:30Z</time></trkpt>
<trkpt lat="33.0487051" lon="35.1829356"><ele>181.2</ele><time>2026-05-13T05:15:31Z</time></trkpt>
<trkpt lat="33.0487073" lon="35.1828663"><ele>181.0</ele><time>2026-05-13T05:15:32Z</time></trkpt>
<trkpt lat="33.0487089" lon="35.1827959"><ele>180.9</ele><time>2026-05-13T05:15:33Z</time></trkpt>
<trkpt lat="33.0487097" lon="35.1827252"><ele>180.8</ele><time>2026-05-13T05:15:34Z</time></trkpt>
<trkpt lat="33.0487097" lon="35.1826546"><ele>180.6</ele><time>2026-05-13T05:15:35Z</time></trkpt>
<trkpt lat="33.0487096" lon="35.182584"><ele>180.5</ele><time>2026-05-13T05:15:36Z</time></trkpt>
<trkpt lat="33.0487097" lon="35.1825134"><ele>180.3</ele><time>2026-05-13T05:15:37Z</time></trkpt>
<trkpt lat="33.0487102" lon="35.1824425"><ele>180.2</ele><time>2026-05-13T05:15:38Z</time></trkpt>
<trkpt lat="33.0487113" lon="35.1823714"><ele>180.0</ele><time>2026-05-13T05:15:39Z</time></trkpt>
<trkpt lat="33.0487127" lon="35.1823002"><ele>179.8</ele><time>2026-05-13T05:15:40Z</time></trkpt>
<trkpt lat="33.048714" lon="35.1822291"><ele>179.7</ele><time>2026-05-13T05:15:41Z</time></trkpt>
<trkpt lat="33.0487155" lon="35.1821583"><ele>179.5</ele><time>2026-05-13T05:15:42Z</time></trkpt>
<trkpt lat="33.0487172" lon="35.1820881"><ele>179.3</ele><time>2026-05-13T05:15:43Z</time></trkpt>
<trkpt lat="33.0487192" lon="35.1820181"><ele>179.2</ele><time>2026-05-13T05:15:44Z</time></trkpt>
<trkpt lat="33.048721" lon="35.1819488"><ele>179.0</ele><time>2026-05-13T05:15:45Z</time></trkpt>
<trkpt lat="33.0487225" lon="35.1818807"><ele>178.8</ele><time>2026-05-13T05:15:46Z</time></trkpt>
<trkpt lat="33.0487234" lon="35.1818146"><ele>178.6</ele><time>2026-05-13T05:15:47Z</time></trkpt>
<trkpt lat="33.0487238" lon="35.1817507"><ele>178.4</ele><time>2026-05-13T05:15:48Z</time></trkpt>
<trkpt lat="33.0487237" lon="35.1816885"><ele>178.2</ele><time>2026-05-13T05:15:49Z</time></trkpt>
<trkpt lat="33.0487233" lon="35.1816264"><ele>177.9</ele><time>2026-05-13T05:15:50Z</time></trkpt>
<trkpt lat="33.0487231" lon="35.1815632"><ele>177.5</ele><time>2026-05-13T05:15:51Z</time></trkpt>
<trkpt lat="33.0487234" lon="35.1814995"><ele>177.1</ele><time>2026-05-13T05:15:52Z</time></trkpt>
<trkpt lat="33.0487244" lon="35.1814354"><ele>176.7</ele><time>2026-05-13T05:15:53Z</time></trkpt>
<trkpt lat="33.0487262" lon="35.1813705"><ele>176.2</ele><time>2026-05-13T05:15:54Z</time></trkpt>
<trkpt lat="33.0487283" lon="35.1813037"><ele>175.8</ele><time>2026-05-13T05:15:55Z</time></trkpt>
<trkpt lat="33.0487306" lon="35.1812343"><ele>175.4</ele><time>2026-05-13T05:15:56Z</time></trkpt>
<trkpt lat="33.0487326" lon="35.1811625"><ele>175.0</ele><time>2026-05-13T05:15:57Z</time></trkpt>
<trkpt lat="33.048734" lon="35.1810893"><ele>174.6</ele><time>2026-05-13T05:15:58Z</time></trkpt>
<trkpt lat="33.0487349" lon="35.1810162"><ele>174.2</ele><time>2026-05-13T05:15:59Z</time></trkpt>
<trkpt lat="33.0487353" lon="35.1809442"><ele>173.9</ele><time>2026-05-13T05:16:00Z</time></trkpt>
<trkpt lat="33.0487358" lon="35.1808742"><ele>173.6</ele><time>2026-05-13T05:16:01Z</time></trkpt>
<trkpt lat="33.0487377" lon="35.1808072"><ele>173.3</ele><time>2026-05-13T05:16:02Z</time></trkpt>
<trkpt lat="33.0487426" lon="35.1807443"><ele>172.9</ele><time>2026-05-13T05:16:03Z</time></trkpt>
<trkpt lat="33.0487524" lon="35.1806869"><ele>172.6</ele><time>2026-05-13T05:16:04Z</time></trkpt>
<trkpt lat="33.0487696" lon="35.1806362"><ele>172.2</ele><time>2026-05-13T05:16:05Z</time></trkpt>
<trkpt lat="33.0487958" lon="35.1805935"><ele>171.8</ele><time>2026-05-13T05:16:06Z</time></trkpt>
<trkpt lat="33.0488311" lon="35.18056"><ele>171.4</ele><time>2026-05-13T05:16:07Z</time></trkpt>
<trkpt lat="33.0488739" lon="35.1805357"><ele>170.9</ele><time>2026-05-13T05:16:08Z</time></trkpt>
<trkpt lat="33.0489213" lon="35.1805186"><ele>170.3</ele><time>2026-05-13T05:16:09Z</time></trkpt>
<trkpt lat="33.0489708" lon="35.1805056"><ele>169.8</ele><time>2026-05-13T05:16:10Z</time></trkpt>
</trkseg></trk></gpx>