<?xml version="1.0" encoding="utf-8"?>
<gpx version="1.1"><trk><trkseg>
<trkpt lat="33.0923427" lon="35.1054959"><ele>15.7</ele><time>2026-06-24T13:01:10Z</time></trkpt>
<trkpt lat="33.0923445" lon="35.1054945"><ele>15.3</ele><time>2026-06-24T13:01:11Z</time></trkpt>
<trkpt lat="33.0923463" lon="35.105493"><ele>14.9</ele><time>2026-06-24T13:01:12Z</time></trkpt>
<trkpt lat="33.0923481" lon="35.1054914"><ele>14.6</ele><time>2026-06-24T13:01:13Z</time></trkpt>
<trkpt lat="33.09235" lon="35.1054899"><ele>14.4</ele><time>2026-06-24T13:01:14Z</time></trkpt>
<trkpt lat="33.0923519" lon="35.1054884"><ele>14.2</ele><time>2026-06-24T13:01:15Z</time></trkpt>
<trkpt lat="33.0923537" lon="35.1054871"><ele>14.0</ele><time>2026-06-24T13:01:16Z</time></trkpt>
<trkpt lat="33.0923554" lon="35.105486"><ele>13.9</ele><time>2026-06-24T13:01:17Z</time></trkpt>
<trkpt lat="33.092357" lon="35.1054852"><ele>13.9</ele><time>2026-06-24T13:01:18Z</time></trkpt>
<trkpt lat="33.0923584" lon="35.1054848"><ele>13.8</ele><time>2026-06-24T13:01:19Z</time></trkpt>
<trkpt lat="33.0923596" lon="35.1054847"><ele>13.8</ele><time>2026-06-24T13:01:20Z</time></trkpt>
<trkpt lat="33.0923606" lon="35.1054848"><ele>13.8</ele><time>2026-06-24T13:01:21Z</time></trkpt>
<trkpt lat="33.0923613" lon="35.1054852"><ele>13.8</ele><time>2026-06-24T13:01:22Z</time></trkpt>
<trkpt lat="33.0923619" lon="35.1054856"><ele>13.8</ele><time>2026-06-24T13:01:23Z</time></trkpt>
<trkpt lat="33.0923624" lon="35.105486"><ele>13.8</ele><time>2026-06-24T13:01:24Z</time></trkpt>
<trkpt lat="33.0923627" lon="35.1054863"><ele>13.8</ele><time>2026-06-24T13:01:25Z</time></trkpt>
<trkpt lat="33.092363" lon="35.1054865"><ele>13.8</ele><time>2026-06-24T13:01:26Z</time></trkpt>
<trkpt lat="33.0923633" lon="35.1054865"><ele>13.8</ele><time>2026-06-24T13:01:27Z</time></trkpt>
<trkpt lat="33.0923635" lon="35.1054864"><ele>13.8</ele><time>2026-06-24T13:01:28Z</time></trkpt>
<trkpt lat="33.0923635" lon="35.1054861"><ele>13.8</ele><time>2026-06-24T13:01:29Z</time></trkpt>
<trkpt lat="33.0923635" lon="35.1054858"><ele>13.8</ele><time>2026-06-24T13:01:30Z</time></trkpt>
<trkpt lat="33.0923634" lon="35.1054857"><ele>13.8</ele><time>2026-06-24T13:01:31Z</time></trkpt>
<trkpt lat="33.0923632" lon="35.105486"><ele>13.9</ele><time>2026-06-24T13:01:32Z</time></trkpt>
<trkpt lat="33.0923632" lon="35.1054873"><ele>13.9</ele><time>2026-06-24T13:01:33Z</time></trkpt>
<trkpt lat="33.0923633" lon="35.10549"><ele>13.9</ele><time>2026-06-24T13:01:34Z</time></trkpt>
<trkpt lat="33.0923639" lon="35.1054947"><ele>13.9</ele><time>2026-06-24T13:01:35Z</time></trkpt>
<trkpt lat="33.0923651" lon="35.1055019"><ele>13.9</ele><time>2026-06-24T13:01:36Z</time></trkpt>
<trkpt lat="33.0923671" lon="35.1055119"><ele>13.9</ele><time>2026-06-24T13:01:37Z</time></trkpt>
<trkpt lat="33.0923699" lon="35.1055245"><ele>13.9</ele><time>2026-06-24T13:01:38Z</time></trkpt>
<trkpt lat="33.0923734" lon="35.1055384"><ele>13.9</ele><time>2026-06-24T13:01:39Z</time></trkpt>
<trkpt lat="33.0923768" lon="35.1055509"><ele>13.9</ele><time>2026-06-24T13:01:40Z</time></trkpt>
<trkpt lat="33.0923786" lon="35.105557"><ele>13.9</ele><time>2026-06-24T13:01:41Z</time></trkpt>
<trkpt lat="33.0923802" lon="35.1055613"><ele>13.9</ele><time>2026-06-24T13:01:42Z</time></trkpt>
<trkpt lat="33.0923814" lon="35.1055637"><ele>13.9</ele><time>2026-06-24T13:01:43Z</time></trkpt>
<trkpt lat="33.0923823" lon="35.1055651"><ele>13.9</ele><time>2026-06-24T13:01:44Z</time></trkpt>
<trkpt lat="33.0923841" lon="35.1055671"><ele>13.9</ele><time>2026-06-24T13:01:45Z</time></trkpt>
<trkpt lat="33.092385" lon="35.1055679"><ele>13.9</ele><time>2026-06-24T13:01:46Z</time></trkpt>
<trkpt lat="33.0923861" lon="35.1055687"><ele>13.9</ele><time>2026-06-24T13:01:47Z</time></trkpt>
<trkpt lat="33.0923872" lon="35.1055694"><ele>13.9</ele><time>2026-06-24T13:01:48Z</time></trkpt>
<trkpt lat="33.0923879" lon="35.1055698"><ele>13.9</ele><time>2026-06-24T13:01:49Z</time></trkpt>
<trkpt lat="33.0923883" lon="35.1055699"><ele>13.9</ele><time>2026-06-24T13:01:50Z</time></trkpt>
<trkpt lat="33.0923886" lon="35.1055699"><ele>13.8</ele><time>2026-06-24T13:01:51Z</time></trkpt>
<trkpt lat="33.0923892" lon="35.1055701"><ele>13.8</ele><time>2026-06-24T13:01:52Z</time></trkpt>
<trkpt lat="33.0923901" lon="35.1055705"><ele>13.8</ele><time>2026-06-24T13:01:53Z</time></trkpt>
<trkpt lat="33.0923911" lon="35.1055709"><ele>13.8</ele><time>2026-06-24T13:01:54Z</time></trkpt>
<trkpt lat="33.0923921" lon="35.1055713"><ele>13.8</ele><time>2026-06-24T13:01:55Z</time></trkpt>
<trkpt lat="33.0923931" lon="35.1055717"><ele>13.8</ele><time>2026-06-24T13:01:56Z</time></trkpt>
<trkpt lat="33.0923942" lon="35.1055721"><ele>13.8</ele><time>2026-06-24T13:01:57Z</time></trkpt>
<trkpt lat="33.0923952" lon="35.1055725"><ele>13.8</ele><time>2026-06-24T13:01:58Z</time></trkpt>
<trkpt lat="33.0923963" lon="35.1055729"><ele>13.8</ele><time>2026-06-24T13:01:59Z</time></trkpt>
<trkpt lat="33.0923973" lon="35.1055733"><ele>13.8</ele><time>2026-06-24T13:02:00Z</time></trkpt>
<trkpt lat="33.0923984" lon="35.1055737"><ele>13.8</ele><time>2026-06-24T13:02:01Z</time></trkpt>
<trkpt lat="33.0923995" lon="35.1055742"><ele>13.8</ele><time>2026-06-24T13:02:02Z</time></trkpt>
<trkpt lat="33.0924006" lon="35.1055746"><ele>13.8</ele><time>2026-06-24T13:02:03Z</time></trkpt>
<trkpt lat="33.0924017" lon="35.105575"><ele>13.8</ele><time>2026-06-24T13:02:04Z</time></trkpt>
<trkpt lat="33.0924028" lon="35.1055754"><ele>13.8</ele><time>2026-06-24T13:02:05Z</time></trkpt>
<trkpt lat="33.092404" lon="35.1055759"><ele>13.8</ele><time>2026-06-24T13:02:06Z</time></trkpt>
<trkpt lat="33.0924051" lon="35.1055763"><ele>13.8</ele><time>2026-06-24T13:02:07Z</time></trkpt>
<trkpt lat="33.0924063" lon="35.1055767"><ele>13.8</ele><time>2026-06-24T13:02:08Z</time></trkpt>
<trkpt lat="33.0924075" lon="35.1055772"><ele>13.8</ele><time>2026-06-24T13:02:09Z</time></trkpt>
<trkpt lat="33.0924088" lon="35.1055777"><ele>13.8</ele><time>2026-06-24T13:02:10Z</time></trkpt>
<trkpt lat="33.0924103" lon="35.1055782"><ele>13.8</ele><time>2026-06-24T13:02:11Z</time></trkpt>
<trkpt lat="33.0924119" lon="35.1055788"><ele>13.8</ele><time>2026-06-24T13:02:12Z</time></trkpt>
<trkpt lat="33.0924135" lon="35.1055793"><ele>13.7</ele><time>2026-06-24T13:02:13Z</time></trkpt>
<trkpt lat="33.0924151" lon="35.1055799"><ele>13.7</ele><time>2026-06-24T13:02:14Z</time></trkpt>
<trkpt lat="33.0924166" lon="35.1055804"><ele>13.7</ele><time>2026-06-24T13:02:15Z</time></trkpt>
<trkpt lat="33.0924181" lon="35.105581"><ele>13.7</ele><time>2026-06-24T13:02:16Z</time></trkpt>
<trkpt lat="33.0924195" lon="35.1055815"><ele>13.7</ele><time>2026-06-24T13:02:17Z</time></trkpt>
<trkpt lat="33.0924209" lon="35.105582"><ele>13.7</ele><time>2026-06-24T13:02:18Z</time></trkpt>
<trkpt lat="33.0924223" lon="35.1055824"><ele>13.7</ele><time>2026-06-24T13:02:19Z</time></trkpt>
<trkpt lat="33.0924236" lon="35.1055829"><ele>13.7</ele><time>2026-06-24T13:02:20Z</time></trkpt>
<trkpt lat="33.0924249" lon="35.1055834"><ele>13.7</ele><time>2026-06-24T13:02:21Z</time></trkpt>
<trkpt lat="33.0924262" lon="35.1055838"><ele>13.7</ele><time>2026-06-24T13:02:22Z</time></trkpt>
<trkpt lat="33.0924274" lon="35.1055842"><ele>13.7</ele><time>2026-06-24T13:02:23Z</time></trkpt>
<trkpt lat="33.0924286" lon="35.1055846"><ele>13.6</ele><time>2026-06-24T13:02:24Z</time></trkpt>
<trkpt lat="33.0924297" lon="35.1055851"><ele>13.6</ele><time>2026-06-24T13:02:25Z</time></trkpt>
<trkpt lat="33.0924308" lon="35.1055854"><ele>13.6</ele><time>2026-06-24T13:02:26Z</time></trkpt>
<trkpt lat="33.0924319" lon="35.1055858"><ele>13.6</ele><time>2026-06-24T13:02:27Z</time></trkpt>
<trkpt lat="33.092433" lon="35.1055862"><ele>13.6</ele><time>2026-06-24T13:02:28Z</time></trkpt>
<trkpt lat="33.092434" lon="35.1055866"><ele>13.6</ele><time>2026-06-24T13:02:29Z</time></trkpt>
<trkpt lat="33.092435" lon="35.1055869"><ele>13.6</ele><time>2026-06-24T13:02:30Z</time></trkpt>
<trkpt lat="33.092436" lon="35.1055873"><ele>13.6</ele><time>2026-06-24T13:02:31Z</time></trkpt>
<trkpt lat="33.092437" lon="35.1055876"><ele>13.6</ele><time>2026-06-24T13:02:32Z</time></trkpt>
<trkpt lat="33.0924379" lon="35.105588"><ele>13.6</ele><time>2026-06-24T13:02:33Z</time></trkpt>
<trkpt lat="33.0924389" lon="35.1055883"><ele>13.5</ele><time>2026-06-24T13:02:34Z</time></trkpt>
<trkpt lat="33.0924398" lon="35.1055886"><ele>13.5</ele><time>2026-06-24T13:02:35Z</time></trkpt>
<trkpt lat="33.0924407" lon="35.1055889"><ele>13.5</ele><time>2026-06-24T13:02:36Z</time></trkpt>
<trkpt lat="33.0924415" lon="35.1055892"><ele>13.5</ele><time>2026-06-24T13:02:37Z</time></trkpt>
<trkpt lat="33.0924424" lon="35.1055895"><ele>13.5</ele><time>2026-06-24T13:02:38Z</time></trkpt>
<trkpt lat="33.0924432" lon="35.1055898"><ele>13.5</ele><time>2026-06-24T13:02:39Z</time></trkpt>
<trkpt lat="33.092444" lon="35.1055901"><ele>13.5</ele><time>2026-06-24T13:02:40Z</time></trkpt>
<trkpt lat="33.0924448" lon="35.1055904"><ele>13.5</ele><time>2026-06-24T13:02:41Z</time></trkpt>
<trkpt lat="33.0924456" lon="35.1055907"><ele>13.5</ele><time>2026-06-24T13:02:42Z</time></trkpt>
<trkpt lat="33.0924463" lon="35.1055909"><ele>13.5</ele><time>2026-06-24T13:02:43Z</time></trkpt>
<trkpt lat="33.092447" lon="35.1055912"><ele>13.5</ele><time>2026-06-24T13:02:44Z</time></trkpt>
<trkpt lat="33.0924477" lon="35.1055914"><ele>13.5</ele><time>2026-06-24T13:02:45Z</time></trkpt>
<trkpt lat="33.0924484" lon="35.1055917"><ele>13.5</ele><time>2026-06-24T13:02:46Z</time></trkpt>
<trkpt lat="33.0924491" lon="35.1055919"><ele>13.5</ele><time>2026-06-24T13:02:47Z</time></trkpt>
<trkpt lat="33.0924497" lon="35.1055921"><ele>13.5</ele><time>2026-06-24T13:02:48Z</time></trkpt>
<trkpt lat="33.0924503" lon="35.1055923"><ele>13.5</ele><time>2026-06-24T13:02:49Z</time></trkpt>
<trkpt lat="33.0924509" lon="35.1055926"><ele>13.6</ele><time>2026-06-24T13:02:50Z</time></trkpt>
<trkpt lat="33.0924515" lon="35.1055928"><ele>13.6</ele><time>2026-06-24T13:02:51Z</time></trkpt>
<trkpt lat="33.0924521" lon="35.105593"><ele>13.6</ele><time>2026-06-24T13:02:52Z</time></trkpt>
<trkpt lat="33.0924527" lon="35.1055932"><ele>13.6</ele><time>2026-06-24T13:02:53Z</time></trkpt>
<trkpt lat="33.0924532" lon="35.1055934"><ele>13.6</ele><time>2026-06-24T13:02:54Z</time></trkpt>
<trkpt lat="33.0924537" lon="35.1055936"><ele>13.6</ele><time>2026-06-24T13:02:55Z</time></trkpt>
<trkpt lat="33.0924543" lon="35.1055937"><ele>13.7</ele><time>2026-06-24T13:02:56Z</time></trkpt>
<trkpt lat="33.0924548" lon="35.1055939"><ele>13.7</ele><time>2026-06-24T13:02:57Z</time></trkpt>
<trkpt lat="33.0924553" lon="35.1055941"><ele>13.7</ele><time>2026-06-24T13:02:58Z</time></trkpt>
<trkpt lat="33.0924558" lon="35.1055943"><ele>13.7</ele><time>2026-06-24T13:02:59Z</time></trkpt>
<trkpt lat="33.0924563" lon="35.1055944"><ele>13.7</ele><time>2026-06-24T13:03:00Z</time></trkpt>
<trkpt lat="33.0924567" lon="35.1055946"><ele>13.7</ele><time>2026-06-24T13:03:01Z</time></trkpt>
<trkpt lat="33.0924572" lon="35.1055948"><ele>13.7</ele><time>2026-06-24T13:03:02Z</time></trkpt>
<trkpt lat="33.0924576" lon="35.1055949"><ele>13.7</ele><time>2026-06-24T13:03:03Z</time></trkpt>
<trkpt lat="33.0924579" lon="35.105595"><ele>13.7</ele><time>2026-06-24T13:03:04Z</time></trkpt>
<trkpt lat="33.0924582" lon="35.1055951"><ele>13.7</ele><time>2026-06-24T13:03:05Z</time></trkpt>
<trkpt lat="33.0924584" lon="35.1055952"><ele>13.7</ele><time>2026-06-24T13:03:06Z</time></trkpt>
<trkpt lat="33.0924586" lon="35.1055953"><ele>13.7</ele><time>2026-06-24T13:03:07Z</time></trkpt>
<trkpt lat="33.0924588" lon="35.1055954"><ele>13.7</ele><time>2026-06-24T13:03:08Z</time></trkpt>
<trkpt lat="33.0924591" lon="35.1055955"><ele>13.7</ele><time>2026-06-24T13:03:09Z</time></trkpt>
<trkpt lat="33.0924595" lon="35.1055956"><ele>13.7</ele><time>2026-06-24T13:03:10Z</time></trkpt>
<trkpt lat="33.0924598" lon="35.1055957"><ele>13.7</ele><time>2026-06-24T13:03:11Z</time></trkpt>
<trkpt lat="33.0924602" lon="35.1055958"><ele>13.7</ele><time>2026-06-24T13:03:12Z</time></trkpt>
<trkpt lat="33.0924605" lon="35.1055959"><ele>13.7</ele><time>2026-06-24T13:03:13Z</time></trkpt>
<trkpt lat="33.0924608" lon="35.1055961"><ele>13.7</ele><time>2026-06-24T13:03:14Z</time></trkpt>
<trkpt lat="33.0924612" lon="35.1055962"><ele>13.7</ele><time>2026-06-24T13:03:15Z</time></trkpt>
<trkpt lat="33.0924615" lon="35.1055963"><ele>13.8</ele><time>2026-06-24T13:03:16Z</time></trkpt>
<trkpt lat="33.0924618" lon="35.1055964"><ele>13.8</ele><time>2026-06-24T13:03:17Z</time></trkpt>
<trkpt lat="33.0924613" lon="35.1055969"><ele>13.8</ele><time>2026-06-24T13:03:18Z</time></trkpt>
<trkpt lat="33.0924609" lon="35.1055973"><ele>13.8</ele><time>2026-06-24T13:03:19Z</time></trkpt>
<trkpt lat="33.0924605" lon="35.1055977"><ele>13.7</ele><time>2026-06-24T13:03:20Z</time></trkpt>
<trkpt lat="33.0924601" lon="35.1055981"><ele>13.7</ele><time>2026-06-24T13:03:21Z</time></trkpt>
<trkpt lat="33.0924597" lon="35.1055984"><ele>13.7</ele><time>2026-06-24T13:03:22Z</time></trkpt>
<trkpt lat="33.0924593" lon="35.1055988"><ele>13.7</ele><time>2026-06-24T13:03:23Z</time></trkpt>
<trkpt lat="33.092459" lon="35.1055992"><ele>13.7</ele><time>2026-06-24T13:03:24Z</time></trkpt>
<trkpt lat="33.0924588" lon="35.1055994"><ele>13.7</ele><time>2026-06-24T13:03:25Z</time></trkpt>
<trkpt lat="33.0924586" lon="35.1055997"><ele>13.7</ele><time>2026-06-24T13:03:26Z</time></trkpt>
<trkpt lat="33.0924584" lon="35.1055999"><ele>13.7</ele><time>2026-06-24T13:03:27Z</time></trkpt>
<trkpt lat="33.0924582" lon="35.1056002"><ele>13.7</ele><time>2026-06-24T13:03:28Z</time></trkpt>
<trkpt lat="33.0924579" lon="35.1056005"><ele>13.6</ele><time>2026-06-24T13:03:29Z</time></trkpt>
<trkpt lat="33.0924577" lon="35.1056007"><ele>13.6</ele><time>2026-06-24T13:03:30Z</time></trkpt>
<trkpt lat="33.092457" lon="35.1056012"><ele>13.6</ele><time>2026-06-24T13:03:31Z</time></trkpt>
<trkpt lat="33.0924559" lon="35.1056019"><ele>13.6</ele><time>2026-06-24T13:03:32Z</time></trkpt>
<trkpt lat="33.0924549" lon="35.1056025"><ele>13.6</ele><time>2026-06-24T13:03:33Z</time></trkpt>
<trkpt lat="33.0924538" lon="35.1056032"><ele>13.6</ele><time>2026-06-24T13:03:34Z</time></trkpt>
<trkpt lat="33.0924529" lon="35.1056038"><ele>13.6</ele><time>2026-06-24T13:03:35Z</time></trkpt>
<trkpt lat="33.0924521" lon="35.1056043"><ele>13.6</ele><time>2026-06-24T13:03:36Z</time></trkpt>
<trkpt lat="33.0924515" lon="35.1056047"><ele>13.6</ele><time>2026-06-24T13:03:37Z</time></trkpt>
<trkpt lat="33.0924509" lon="35.1056051"><ele>13.6</ele><time>2026-06-24T13:03:38Z</time></trkpt>
<trkpt lat="33.0924504" lon="35.1056055"><ele>13.6</ele><time>2026-06-24T13:03:39Z</time></trkpt>
<trkpt lat="33.0924499" lon="35.1056058"><ele>13.6</ele><time>2026-06-24T13:03:40Z</time></trkpt>
<trkpt lat="33.0924494" lon="35.1056061"><ele>13.6</ele><time>2026-06-24T13:03:41Z</time></trkpt>
<trkpt lat="33.092449" lon="35.1056065"><ele>13.7</ele><time>2026-06-24T13:03:42Z</time></trkpt>
<trkpt lat="33.0924486" lon="35.1056067"><ele>13.7</ele><time>2026-06-24T13:03:43Z</time></trkpt>
<trkpt lat="33.0924483" lon="35.105607"><ele>13.7</ele><time>2026-06-24T13:03:44Z</time></trkpt>
<trkpt lat="33.0924479" lon="35.1056073"><ele>13.7</ele><time>2026-06-24T13:03:45Z</time></trkpt>
<trkpt lat="33.0924475" lon="35.1056075"><ele>13.7</ele><time>2026-06-24T13:03:46Z</time></trkpt>
<trkpt lat="33.0924472" lon="35.1056078"><ele>13.7</ele><time>2026-06-24T13:03:47Z</time></trkpt>
<trkpt lat="33.0924468" lon="35.105608"><ele>13.7</ele><time>2026-06-24T13:03:48Z</time></trkpt>
<trkpt lat="33.0924464" lon="35.1056083"><ele>13.7</ele><time>2026-06-24T13:03:49Z</time></trkpt>
<trkpt lat="33.092446" lon="35.1056086"><ele>13.8</ele><time>2026-06-24T13:03:50Z</time></trkpt>
<trkpt lat="33.0924456" lon="35.1056088"><ele>13.8</ele><time>2026-06-24T13:03:51Z</time></trkpt>
<trkpt lat="33.0924451" lon="35.1056091"><ele>13.8</ele><time>2026-06-24T13:03:52Z</time></trkpt>
<trkpt lat="33.0924447" lon="35.1056094"><ele>13.8</ele><time>2026-06-24T13:03:53Z</time></trkpt>
<trkpt lat="33.0924442" lon="35.1056096"><ele>13.8</ele><time>2026-06-24T13:03:54Z</time></trkpt>
<trkpt lat="33.0924438" lon="35.1056099"><ele>13.8</ele><time>2026-06-24T13:03:55Z</time></trkpt>
<trkpt lat="33.0924433" lon="35.1056102"><ele>13.8</ele><time>2026-06-24T13:03:56Z</time></trkpt>
<trkpt lat="33.0924428" lon="35.1056105"><ele>13.8</ele><time>2026-06-24T13:03:57Z</time></trkpt>
<trkpt lat="33.0924422" lon="35.1056108"><ele>13.8</ele><time>2026-06-24T13:03:58Z</time></trkpt>
<trkpt lat="33.0924417" lon="35.1056111"><ele>13.9</ele><time>2026-06-24T13:03:59Z</time></trkpt>
<trkpt lat="33.0924412" lon="35.1056114"><ele>13.9</ele><time>2026-06-24T13:04:00Z</time></trkpt>
<trkpt lat="33.0924406" lon="35.1056117"><ele>13.9</ele><time>2026-06-24T13:04:01Z</time></trkpt>
<trkpt lat="33.09244" lon="35.105612"><ele>13.9</ele><time>2026-06-24T13:04:02Z</time></trkpt>
<trkpt lat="33.0924394" lon="35.1056123"><ele>13.9</ele><time>2026-06-24T13:04:03Z</time></trkpt>
<trkpt lat="33.0924387" lon="35.1056126"><ele>13.9</ele><time>2026-06-24T13:04:04Z</time></trkpt>
<trkpt lat="33.0924381" lon="35.105613"><ele>13.9</ele><time>2026-06-24T13:04:05Z</time></trkpt>
<trkpt lat="33.0924374" lon="35.1056133"><ele>13.9</ele><time>2026-06-24T13:04:06Z</time></trkpt>
<trkpt lat="33.0924364" lon="35.1056138"><ele>14.0</ele><time>2026-06-24T13:04:07Z</time></trkpt>
<trkpt lat="33.0924278" lon="35.105618"><ele>14.2</ele><time>2026-06-24T13:04:10Z</time></trkpt>
<trkpt lat="33.092424" lon="35.10562"><ele>14.2</ele><time>2026-06-24T13:04:11Z</time></trkpt>
<trkpt lat="33.0924215" lon="35.1056212"><ele>14.2</ele><time>2026-06-24T13:04:12Z</time></trkpt>
<trkpt lat="33.0924188" lon="35.1056225"><ele>14.2</ele><time>2026-06-24T13:04:13Z</time></trkpt>
<trkpt lat="33.0924179" lon="35.105623"><ele>14.2</ele><time>2026-06-24T13:04:14Z</time></trkpt>
<trkpt lat="33.0924171" lon="35.1056234"><ele>14.2</ele><time>2026-06-24T13:04:15Z</time></trkpt>
<trkpt lat="33.0924163" lon="35.1056237"><ele>14.2</ele><time>2026-06-24T13:04:16Z</time></trkpt>
<trkpt lat="33.0924157" lon="35.105624"><ele>14.2</ele><time>2026-06-24T13:04:17Z</time></trkpt>
<trkpt lat="33.0924154" lon="35.1056242"><ele>14.2</ele><time>2026-06-24T13:04:18Z</time></trkpt>
<trkpt lat="33.0924154" lon="35.1056242"><ele>14.2</ele><time>2026-06-24T13:04:19Z</time></trkpt>
<trkpt lat="33.0924154" lon="35.1056242"><ele>14.2</ele><time>2026-06-24T13:04:20Z</time></trkpt>
<trkpt lat="33.0924154" lon="35.1056242"><ele>14.2</ele><time>2026-06-24T13:04:21Z</time></trkpt>
<trkpt lat="33.0924152" lon="35.1056243"><ele>14.2</ele><time>2026-06-24T13:04:22Z</time></trkpt>
<trkpt lat="33.0924146" lon="35.1056245"><ele>14.2</ele><time>2026-06-24T13:04:23Z</time></trkpt>
<trkpt lat="33.0924141" lon="35.1056248"><ele>14.2</ele><time>2026-06-24T13:04:24Z</time></trkpt>
<trkpt lat="33.0924135" lon="35.1056251"><ele>14.2</ele><time>2026-06-24T13:04:25Z</time></trkpt>
<trkpt lat="33.092413" lon="35.1056253"><ele>14.2</ele><time>2026-06-24T13:04:26Z</time></trkpt>
<trkpt lat="33.0924125" lon="35.1056256"><ele>14.2</ele><time>2026-06-24T13:04:27Z</time></trkpt>
<trkpt lat="33.092412" lon="35.1056258"><ele>14.2</ele><time>2026-06-24T13:04:28Z</time></trkpt>
<trkpt lat="33.0924116" lon="35.105626"><ele>14.2</ele><time>2026-06-24T13:04:29Z</time></trkpt>
<trkpt lat="33.0924111" lon="35.1056262"><ele>14.2</ele><time>2026-06-24T13:04:30Z</time></trkpt>
<trkpt lat="33.0924107" lon="35.1056263"><ele>14.2</ele><time>2026-06-24T13:04:31Z</time></trkpt>
<trkpt lat="33.0924103" lon="35.1056264"><ele>14.2</ele><time>2026-06-24T13:04:32Z</time></trkpt>
<trkpt lat="33.0924099" lon="35.1056266"><ele>14.2</ele><time>2026-06-24T13:04:33Z</time></trkpt>
<trkpt lat="33.0924095" lon="35.1056267"><ele>14.2</ele><time>2026-06-24T13:04:34Z</time></trkpt>
<trkpt lat="33.0924091" lon="35.1056267"><ele>14.2</ele><time>2026-06-24T13:04:35Z</time></trkpt>
<trkpt lat="33.0924086" lon="35.1056268"><ele>14.2</ele><time>2026-06-24T13:04:36Z</time></trkpt>
<trkpt lat="33.0924079" lon="35.1056269"><ele>14.2</ele><time>2026-06-24T13:04:37Z</time></trkpt>
<trkpt lat="33.092401" lon="35.1056273"><ele>14.4</ele><time>2026-06-24T13:04:40Z</time></trkpt>
<trkpt lat="33.0923977" lon="35.1056275"><ele>14.4</ele><time>2026-06-24T13:04:41Z</time></trkpt>
<trkpt lat="33.0923956" lon="35.1056276"><ele>14.4</ele><time>2026-06-24T13:04:42Z</time></trkpt>
<trkpt lat="33.0923935" lon="35.1056277"><ele>14.4</ele><time>2026-06-24T13:04:43Z</time></trkpt>
<trkpt lat="33.0923928" lon="35.1056277"><ele>14.3</ele><time>2026-06-24T13:04:44Z</time></trkpt>
<trkpt lat="33.0923921" lon="35.1056278"><ele>14.3</ele><time>2026-06-24T13:04:45Z</time></trkpt>
<trkpt lat="33.0923915" lon="35.1056278"><ele>14.2</ele><time>2026-06-24T13:04:46Z</time></trkpt>
<trkpt lat="33.092391" lon="35.1056278"><ele>14.2</ele><time>2026-06-24T13:04:47Z</time></trkpt>
<trkpt lat="33.0923909" lon="35.1056278"><ele>14.2</ele><time>2026-06-24T13:04:48Z</time></trkpt>
<trkpt lat="33.0923909" lon="35.1056278"><ele>14.2</ele><time>2026-06-24T13:04:49Z</time></trkpt>
<trkpt lat="33.0923909" lon="35.1056278"><ele>14.2</ele><time>2026-06-24T13:04:50Z</time></trkpt>
<trkpt lat="33.0923908" lon="35.1056278"><ele>14.2</ele><time>2026-06-24T13:04:51Z</time></trkpt>
<trkpt lat="33.0923907" lon="35.1056278"><ele>14.2</ele><time>2026-06-24T13:04:52Z</time></trkpt>
<trkpt lat="33.0923903" lon="35.1056279"><ele>14.2</ele><time>2026-06-24T13:04:53Z</time></trkpt>
<trkpt lat="33.09239" lon="35.1056279"><ele>14.2</ele><time>2026-06-24T13:04:54Z</time></trkpt>
<trkpt lat="33.0923897" lon="35.1056279"><ele>14.2</ele><time>2026-06-24T13:04:55Z</time></trkpt>
<trkpt lat="33.0923894" lon="35.1056279"><ele>14.3</ele><time>2026-06-24T13:04:56Z</time></trkpt>
<trkpt lat="33.0923891" lon="35.1056279"><ele>14.3</ele><time>2026-06-24T13:04:57Z</time></trkpt>
<trkpt lat="33.0923889" lon="35.1056279"><ele>14.3</ele><time>2026-06-24T13:04:58Z</time></trkpt>
<trkpt lat="33.0923886" lon="35.1056279"><ele>14.3</ele><time>2026-06-24T13:04:59Z</time></trkpt>
<trkpt lat="33.0923884" lon="35.105628"><ele>14.2</ele><time>2026-06-24T13:05:00Z</time></trkpt>
<trkpt lat="33.0923882" lon="35.105628"><ele>14.2</ele><time>2026-06-24T13:05:01Z</time></trkpt>
<trkpt lat="33.0923881" lon="35.105628"><ele>14.2</ele><time>2026-06-24T13:05:02Z</time></trkpt>
<trkpt lat="33.0923879" lon="35.105628"><ele>14.2</ele><time>2026-06-24T13:05:03Z</time></trkpt>
<trkpt lat="33.0923878" lon="35.105628"><ele>14.2</ele><time>2026-06-24T13:05:04Z</time></trkpt>
<trkpt lat="33.0923877" lon="35.105628"><ele>14.2</ele><time>2026-06-24T13:05:05Z</time></trkpt>
<trkpt lat="33.0923876" lon="35.105628"><ele>14.2</ele><time>2026-06-24T13:05:06Z</time></trkpt>
<trkpt lat="33.0923875" lon="35.105628"><ele>14.2</ele><time>2026-06-24T13:05:07Z</time></trkpt>
<trkpt lat="33.0923874" lon="35.105628"><ele>14.2</ele><time>2026-06-24T13:05:08Z</time></trkpt>
<trkpt lat="33.0923874" lon="35.105628"><ele>14.2</ele><time>2026-06-24T13:05:09Z</time></trkpt>
<trkpt lat="33.0923873" lon="35.105628"><ele>14.2</ele><time>2026-06-24T13:05:10Z</time></trkpt>
<trkpt lat="33.0923873" lon="35.105628"><ele>14.2</ele><time>2026-06-24T13:05:11Z</time></trkpt>
<trkpt lat="33.0923873" lon="35.1056279"><ele>14.2</ele><time>2026-06-24T13:05:12Z</time></trkpt>
<trkpt lat="33.0923874" lon="35.1056279"><ele>14.2</ele><time>2026-06-24T13:05:13Z</time></trkpt>
<trkpt lat="33.0923875" lon="35.1056278"><ele>14.2</ele><time>2026-06-24T13:05:14Z</time></trkpt>
<trkpt lat="33.0923877" lon="35.1056277"><ele>14.2</ele><time>2026-06-24T13:05:15Z</time></trkpt>
<trkpt lat="33.0923879" lon="35.1056275"><ele>14.2</ele><time>2026-06-24T13:05:16Z</time></trkpt>
<trkpt lat="33.092388" lon="35.1056274"><ele>14.2</ele><time>2026-06-24T13:05:17Z</time></trkpt>
<trkpt lat="33.0923882" lon="35.1056272"><ele>14.2</ele><time>2026-06-24T13:05:18Z</time></trkpt>
<trkpt lat="33.0923884" lon="35.105627"><ele>14.3</ele><time>2026-06-24T13:05:19Z</time></trkpt>
<trkpt lat="33.0923885" lon="35.1056269"><ele>14.3</ele><time>2026-06-24T13:05:20Z</time></trkpt>
<trkpt lat="33.0923885" lon="35.1056268"><ele>14.3</ele><time>2026-06-24T13:05:21Z</time></trkpt>
<trkpt lat="33.0923886" lon="35.1056268"><ele>14.3</ele><time>2026-06-24T13:05:22Z</time></trkpt>
<trkpt lat="33.0923886" lon="35.1056267"><ele>14.3</ele><time>2026-06-24T13:05:23Z</time></trkpt>
<trkpt lat="33.0923887" lon="35.1056267"><ele>14.3</ele><time>2026-06-24T13:05:24Z</time></trkpt>
<trkpt lat="33.0923889" lon="35.1056266"><ele>14.3</ele><time>2026-06-24T13:05:25Z</time></trkpt>
<trkpt lat="33.0923891" lon="35.1056265"><ele>14.3</ele><time>2026-06-24T13:05:26Z</time></trkpt>
<trkpt lat="33.0923892" lon="35.1056265"><ele>14.3</ele><time>2026-06-24T13:05:27Z</time></trkpt>
<trkpt lat="33.0923894" lon="35.1056265"><ele>14.3</ele><time>2026-06-24T13:05:28Z</time></trkpt>
<trkpt lat="33.0923895" lon="35.1056265"><ele>14.3</ele><time>2026-06-24T13:05:29Z</time></trkpt>
<trkpt lat="33.0923896" lon="35.1056264"><ele>14.3</ele><time>2026-06-24T13:05:30Z</time></trkpt>
<trkpt lat="33.0923897" lon="35.1056264"><ele>14.3</ele><time>2026-06-24T13:05:31Z</time></trkpt>
<trkpt lat="33.0923898" lon="35.1056264"><ele>14.3</ele><time>2026-06-24T13:05:32Z</time></trkpt>
<trkpt lat="33.0923899" lon="35.1056264"><ele>14.2</ele><time>2026-06-24T13:05:33Z</time></trkpt>
<trkpt lat="33.0923901" lon="35.1056264"><ele>14.2</ele><time>2026-06-24T13:05:34Z</time></trkpt>
<trkpt lat="33.0923903" lon="35.1056263"><ele>14.2</ele><time>2026-06-24T13:05:35Z</time></trkpt>
<trkpt lat="33.0923904" lon="35.1056263"><ele>14.2</ele><time>2026-06-24T13:05:36Z</time></trkpt>
<trkpt lat="33.0923907" lon="35.1056262"><ele>14.2</ele><time>2026-06-24T13:05:37Z</time></trkpt>
<trkpt lat="33.092391" lon="35.1056261"><ele>14.1</ele><time>2026-06-24T13:05:38Z</time></trkpt>
<trkpt lat="33.0923913" lon="35.105626"><ele>14.1</ele><time>2026-06-24T13:05:39Z</time></trkpt>
<trkpt lat="33.0923915" lon="35.1056259"><ele>14.1</ele><time>2026-06-24T13:05:40Z</time></trkpt>
<trkpt lat="33.0923917" lon="35.1056259"><ele>14.1</ele><time>2026-06-24T13:05:41Z</time></trkpt>
<trkpt lat="33.0923922" lon="35.1056257"><ele>14.1</ele><time>2026-06-24T13:05:42Z</time></trkpt>
<trkpt lat="33.0923929" lon="35.1056255"><ele>14.1</ele><time>2026-06-24T13:05:43Z</time></trkpt>
<trkpt lat="33.0923936" lon="35.1056253"><ele>14.1</ele><time>2026-06-24T13:05:44Z</time></trkpt>
<trkpt lat="33.0923941" lon="35.1056251"><ele>14.1</ele><time>2026-06-24T13:05:45Z</time></trkpt>
<trkpt lat="33.0923945" lon="35.105625"><ele>14.2</ele><time>2026-06-24T13:05:46Z</time></trkpt>
<trkpt lat="33.0923949" lon="35.1056249"><ele>14.2</ele><time>2026-06-24T13:05:47Z</time></trkpt>
<trkpt lat="33.0923952" lon="35.1056249"><ele>14.2</ele><time>2026-06-24T13:05:48Z</time></trkpt>
<trkpt lat="33.0923953" lon="35.1056249"><ele>14.2</ele><time>2026-06-24T13:05:49Z</time></trkpt>
<trkpt lat="33.0923953" lon="35.1056249"><ele>14.2</ele><time>2026-06-24T13:05:50Z</time></trkpt>
<trkpt lat="33.0923953" lon="35.1056249"><ele>14.2</ele><time>2026-06-24T13:05:51Z</time></trkpt>
<trkpt lat="33.0923953" lon="35.105625"><ele>14.2</ele><time>2026-06-24T13:05:52Z</time></trkpt>
<trkpt lat="33.0923953" lon="35.105625"><ele>14.2</ele><time>2026-06-24T13:05:53Z</time></trkpt>
<trkpt lat="33.0923953" lon="35.105625"><ele>14.2</ele><time>2026-06-24T13:05:54Z</time></trkpt>
<trkpt lat="33.0923952" lon="35.105625"><ele>14.2</ele><time>2026-06-24T13:05:55Z</time></trkpt>
<trkpt lat="33.0923952" lon="35.1056251"><ele>14.2</ele><time>2026-06-24T13:05:56Z</time></trkpt>
<trkpt lat="33.0923952" lon="35.1056252"><ele>14.2</ele><time>2026-06-24T13:05:57Z</time></trkpt>
<trkpt lat="33.0923951" lon="35.1056252"><ele>14.2</ele><time>2026-06-24T13:05:58Z</time></trkpt>
<trkpt lat="33.0923951" lon="35.1056253"><ele>14.2</ele><time>2026-06-24T13:05:59Z</time></trkpt>
<trkpt lat="33.0923951" lon="35.1056254"><ele>14.2</ele><time>2026-06-24T13:06:00Z</time></trkpt>
<trkpt lat="33.0923952" lon="35.1056255"><ele>14.2</ele><time>2026-06-24T13:06:01Z</time></trkpt>
<trkpt lat="33.0923952" lon="35.1056257"><ele>14.2</ele><time>2026-06-24T13:06:02Z</time></trkpt>
<trkpt lat="33.0923952" lon="35.1056259"><ele>14.2</ele><time>2026-06-24T13:06:03Z</time></trkpt>
<trkpt lat="33.0923953" lon="35.1056261"><ele>14.2</ele><time>2026-06-24T13:06:04Z</time></trkpt>
<trkpt lat="33.0923954" lon="35.1056263"><ele>14.1</ele><time>2026-06-24T13:06:05Z</time></trkpt>
<trkpt lat="33.0923956" lon="35.1056266"><ele>14.2</ele><time>2026-06-24T13:06:06Z</time></trkpt>
<trkpt lat="33.0923963" lon="35.1056279"><ele>14.2</ele><time>2026-06-24T13:06:07Z</time></trkpt>
<trkpt lat="33.0923991" lon="35.1056333"><ele>14.4</ele><time>2026-06-24T13:06:10Z</time></trkpt>
<trkpt lat="33.0923997" lon="35.1056345"><ele>14.4</ele><time>2026-06-24T13:06:11Z</time></trkpt>
<trkpt lat="33.0924001" lon="35.1056352"><ele>14.4</ele><time>2026-06-24T13:06:12Z</time></trkpt>
<trkpt lat="33.0924004" lon="35.1056359"><ele>14.3</ele><time>2026-06-24T13:06:13Z</time></trkpt>
<trkpt lat="33.0924005" lon="35.1056361"><ele>14.3</ele><time>2026-06-24T13:06:14Z</time></trkpt>
<trkpt lat="33.0924006" lon="35.1056362"><ele>14.3</ele><time>2026-06-24T13:06:15Z</time></trkpt>
<trkpt lat="33.0924007" lon="35.1056363"><ele>14.3</ele><time>2026-06-24T13:06:16Z</time></trkpt>
<trkpt lat="33.0924007" lon="35.1056363"><ele>14.2</ele><time>2026-06-24T13:06:17Z</time></trkpt>
<trkpt lat="33.0924007" lon="35.1056363"><ele>14.2</ele><time>2026-06-24T13:06:18Z</time></trkpt>
<trkpt lat="33.0924007" lon="35.1056363"><ele>14.2</ele><time>2026-06-24T13:06:19Z</time></trkpt>
<trkpt lat="33.0924007" lon="35.1056363"><ele>14.2</ele><time>2026-06-24T13:06:20Z</time></trkpt>
<trkpt lat="33.0924007" lon="35.1056363"><ele>14.2</ele><time>2026-06-24T13:06:21Z</time></trkpt>
<trkpt lat="33.0924007" lon="35.1056364"><ele>14.2</ele><time>2026-06-24T13:06:22Z</time></trkpt>
<trkpt lat="33.0924008" lon="35.1056365"><ele>14.2</ele><time>2026-06-24T13:06:23Z</time></trkpt>
<trkpt lat="33.0924008" lon="35.1056366"><ele>14.2</ele><time>2026-06-24T13:06:24Z</time></trkpt>
<trkpt lat="33.0924009" lon="35.1056367"><ele>14.2</ele><time>2026-06-24T13:06:25Z</time></trkpt>
<trkpt lat="33.092401" lon="35.1056369"><ele>14.2</ele><time>2026-06-24T13:06:26Z</time></trkpt>
<trkpt lat="33.0924011" lon="35.105637"><ele>14.2</ele><time>2026-06-24T13:06:27Z</time></trkpt>
<trkpt lat="33.0924011" lon="35.1056371"><ele>14.2</ele><time>2026-06-24T13:06:28Z</time></trkpt>
<trkpt lat="33.0924012" lon="35.1056372"><ele>14.2</ele><time>2026-06-24T13:06:29Z</time></trkpt>
<trkpt lat="33.0924013" lon="35.1056373"><ele>14.2</ele><time>2026-06-24T13:06:30Z</time></trkpt>
<trkpt lat="33.0924013" lon="35.1056374"><ele>14.2</ele><time>2026-06-24T13:06:31Z</time></trkpt>
<trkpt lat="33.0924014" lon="35.1056374"><ele>14.2</ele><time>2026-06-24T13:06:32Z</time></trkpt>
<trkpt lat="33.0924015" lon="35.1056375"><ele>14.2</ele><time>2026-06-24T13:06:33Z</time></trkpt>
<trkpt lat="33.0924015" lon="35.1056376"><ele>14.3</ele><time>2026-06-24T13:06:34Z</time></trkpt>
<trkpt lat="33.0924016" lon="35.1056377"><ele>14.3</ele><time>2026-06-24T13:06:35Z</time></trkpt>
<trkpt lat="33.0924017" lon="35.1056378"><ele>14.3</ele><time>2026-06-24T13:06:36Z</time></trkpt>
<trkpt lat="33.0924018" lon="35.1056378"><ele>14.3</ele><time>2026-06-24T13:06:37Z</time></trkpt>
<trkpt lat="33.0924019" lon="35.1056379"><ele>14.3</ele><time>2026-06-24T13:06:38Z</time></trkpt>
<trkpt lat="33.092402" lon="35.105638"><ele>14.3</ele><time>2026-06-24T13:06:39Z</time></trkpt>
<trkpt lat="33.0924021" lon="35.1056381"><ele>14.3</ele><time>2026-06-24T13:06:40Z</time></trkpt>
<trkpt lat="33.0924023" lon="35.1056382"><ele>14.4</ele><time>2026-06-24T13:06:41Z</time></trkpt>
<trkpt lat="33.0924027" lon="35.1056384"><ele>14.4</ele><time>2026-06-24T13:06:42Z</time></trkpt>
<trkpt lat="33.0924033" lon="35.1056387"><ele>14.4</ele><time>2026-06-24T13:06:43Z</time></trkpt>
<trkpt lat="33.0924039" lon="35.1056389"><ele>14.4</ele><time>2026-06-24T13:06:44Z</time></trkpt>
<trkpt lat="33.0924045" lon="35.1056391"><ele>14.4</ele><time>2026-06-24T13:06:45Z</time></trkpt>
<trkpt lat="33.0924052" lon="35.1056394"><ele>14.4</ele><time>2026-06-24T13:06:46Z</time></trkpt>
<trkpt lat="33.0924058" lon="35.1056395"><ele>14.4</ele><time>2026-06-24T13:06:47Z</time></trkpt>
<trkpt lat="33.0924063" lon="35.1056396"><ele>14.4</ele><time>2026-06-24T13:06:48Z</time></trkpt>
<trkpt lat="33.0924068" lon="35.1056397"><ele>14.4</ele><time>2026-06-24T13:06:49Z</time></trkpt>
<trkpt lat="33.0924072" lon="35.1056397"><ele>14.4</ele><time>2026-06-24T13:06:50Z</time></trkpt>
<trkpt lat="33.0924075" lon="35.1056396"><ele>14.4</ele><time>2026-06-24T13:06:51Z</time></trkpt>
<trkpt lat="33.0924077" lon="35.1056396"><ele>14.4</ele><time>2026-06-24T13:06:52Z</time></trkpt>
<trkpt lat="33.0924078" lon="35.1056395"><ele>14.4</ele><time>2026-06-24T13:06:53Z</time></trkpt>
<trkpt lat="33.0924078" lon="35.1056394"><ele>14.4</ele><time>2026-06-24T13:06:54Z</time></trkpt>
<trkpt lat="33.0924079" lon="35.1056393"><ele>14.4</ele><time>2026-06-24T13:06:55Z</time></trkpt>
<trkpt lat="33.092408" lon="35.1056392"><ele>14.4</ele><time>2026-06-24T13:06:56Z</time></trkpt>
<trkpt lat="33.0924081" lon="35.105639"><ele>14.4</ele><time>2026-06-24T13:06:57Z</time></trkpt>
<trkpt lat="33.0924082" lon="35.1056389"><ele>14.4</ele><time>2026-06-24T13:06:58Z</time></trkpt>
<trkpt lat="33.0924083" lon="35.1056387"><ele>14.4</ele><time>2026-06-24T13:06:59Z</time></trkpt>
<trkpt lat="33.0924084" lon="35.1056385"><ele>14.4</ele><time>2026-06-24T13:07:00Z</time></trkpt>
<trkpt lat="33.0924086" lon="35.1056383"><ele>14.4</ele><time>2026-06-24T13:07:01Z</time></trkpt>
<trkpt lat="33.0924088" lon="35.1056381"><ele>14.4</ele><time>2026-06-24T13:07:02Z</time></trkpt>
<trkpt lat="33.0924091" lon="35.1056379"><ele>14.3</ele><time>2026-06-24T13:07:03Z</time></trkpt>
<trkpt lat="33.0924094" lon="35.1056376"><ele>14.3</ele><time>2026-06-24T13:07:04Z</time></trkpt>
<trkpt lat="33.0924098" lon="35.1056375"><ele>14.3</ele><time>2026-06-24T13:07:05Z</time></trkpt>
<trkpt lat="33.0924102" lon="35.1056374"><ele>14.3</ele><time>2026-06-24T13:07:06Z</time></trkpt>
<trkpt lat="33.0924109" lon="35.1056374"><ele>14.3</ele><time>2026-06-24T13:07:07Z</time></trkpt>
<trkpt lat="33.0924134" lon="35.1056386"><ele>14.5</ele><time>2026-06-24T13:07:10Z</time></trkpt>
<trkpt lat="33.0924143" lon="35.1056391"><ele>14.5</ele><time>2026-06-24T13:07:11Z</time></trkpt>
<trkpt lat="33.0924148" lon="35.1056394"><ele>14.5</ele><time>2026-06-24T13:07:12Z</time></trkpt>
<trkpt lat="33.0924155" lon="35.1056398"><ele>14.5</ele><time>2026-06-24T13:07:13Z</time></trkpt>
<trkpt lat="33.0924157" lon="35.1056399"><ele>14.5</ele><time>2026-06-24T13:07:14Z</time></trkpt>
<trkpt lat="33.0924159" lon="35.1056401"><ele>14.5</ele><time>2026-06-24T13:07:15Z</time></trkpt>
<trkpt lat="33.092416" lon="35.1056401"><ele>14.5</ele><time>2026-06-24T13:07:16Z</time></trkpt>
<trkpt lat="33.092416" lon="35.1056401"><ele>14.4</ele><time>2026-06-24T13:07:17Z</time></trkpt>
<trkpt lat="33.092416" lon="35.1056401"><ele>14.4</ele><time>2026-06-24T13:07:18Z</time></trkpt>
<trkpt lat="33.092416" lon="35.1056401"><ele>14.4</ele><time>2026-06-24T13:07:19Z</time></trkpt>
<trkpt lat="33.0924161" lon="35.1056401"><ele>14.4</ele><time>2026-06-24T13:07:20Z</time></trkpt>
<trkpt lat="33.0924161" lon="35.1056401"><ele>14.4</ele><time>2026-06-24T13:07:21Z</time></trkpt>
<trkpt lat="33.0924161" lon="35.1056402"><ele>14.4</ele><time>2026-06-24T13:07:22Z</time></trkpt>
<trkpt lat="33.0924162" lon="35.1056402"><ele>14.4</ele><time>2026-06-24T13:07:23Z</time></trkpt>
<trkpt lat="33.0924163" lon="35.1056402"><ele>14.4</ele><time>2026-06-24T13:07:24Z</time></trkpt>
<trkpt lat="33.0924164" lon="35.1056403"><ele>14.4</ele><time>2026-06-24T13:07:25Z</time></trkpt>
<trkpt lat="33.0924165" lon="35.1056403"><ele>14.4</ele><time>2026-06-24T13:07:26Z</time></trkpt>
<trkpt lat="33.0924166" lon="35.1056403"><ele>14.4</ele><time>2026-06-24T13:07:27Z</time></trkpt>
<trkpt lat="33.0924167" lon="35.1056403"><ele>14.4</ele><time>2026-06-24T13:07:28Z</time></trkpt>
<trkpt lat="33.0924168" lon="35.1056403"><ele>14.4</ele><time>2026-06-24T13:07:29Z</time></trkpt>
<trkpt lat="33.0924169" lon="35.1056404"><ele>14.4</ele><time>2026-06-24T13:07:30Z</time></trkpt>
<trkpt lat="33.0924169" lon="35.1056404"><ele>14.4</ele><time>2026-06-24T13:07:31Z</time></trkpt>
<trkpt lat="33.092417" lon="35.1056404"><ele>14.4</ele><time>2026-06-24T13:07:32Z</time></trkpt>
<trkpt lat="33.0924171" lon="35.1056403"><ele>14.4</ele><time>2026-06-24T13:07:33Z</time></trkpt>
<trkpt lat="33.0924172" lon="35.1056403"><ele>14.4</ele><time>2026-06-24T13:07:34Z</time></trkpt>
<trkpt lat="33.0924173" lon="35.1056403"><ele>14.5</ele><time>2026-06-24T13:07:35Z</time></trkpt>
<trkpt lat="33.0924174" lon="35.1056403"><ele>14.5</ele><time>2026-06-24T13:07:36Z</time></trkpt>
<trkpt lat="33.0924176" lon="35.1056402"><ele>14.5</ele><time>2026-06-24T13:07:37Z</time></trkpt>
<trkpt lat="33.0924177" lon="35.1056402"><ele>14.5</ele><time>2026-06-24T13:07:38Z</time></trkpt>
<trkpt lat="33.0924178" lon="35.1056401"><ele>14.5</ele><time>2026-06-24T13:07:39Z</time></trkpt>
<trkpt lat="33.092418" lon="35.10564"><ele>14.5</ele><time>2026-06-24T13:07:40Z</time></trkpt>
<trkpt lat="33.0924182" lon="35.1056399"><ele>14.5</ele><time>2026-06-24T13:07:41Z</time></trkpt>
<trkpt lat="33.0924188" lon="35.1056395"><ele>14.5</ele><time>2026-06-24T13:07:42Z</time></trkpt>
<trkpt lat="33.0924195" lon="35.105639"><ele>14.5</ele><time>2026-06-24T13:07:43Z</time></trkpt>
<trkpt lat="33.0924201" lon="35.1056386"><ele>14.5</ele><time>2026-06-24T13:07:44Z</time></trkpt>
<trkpt lat="33.0924208" lon="35.1056381"><ele>14.5</ele><time>2026-06-24T13:07:45Z</time></trkpt>
<trkpt lat="33.0924212" lon="35.1056376"><ele>14.5</ele><time>2026-06-24T13:07:46Z</time></trkpt>
<trkpt lat="33.0924215" lon="35.1056373"><ele>14.5</ele><time>2026-06-24T13:07:47Z</time></trkpt>
<trkpt lat="33.0924217" lon="35.105637"><ele>14.5</ele><time>2026-06-24T13:07:48Z</time></trkpt>
<trkpt lat="33.0924218" lon="35.1056368"><ele>14.5</ele><time>2026-06-24T13:07:49Z</time></trkpt>
<trkpt lat="33.0924219" lon="35.1056365"><ele>14.5</ele><time>2026-06-24T13:07:50Z</time></trkpt>
<trkpt lat="33.092422" lon="35.1056363"><ele>14.5</ele><time>2026-06-24T13:07:51Z</time></trkpt>
<trkpt lat="33.0924221" lon="35.105636"><ele>14.5</ele><time>2026-06-24T13:07:52Z</time></trkpt>
<trkpt lat="33.0924223" lon="35.1056354"><ele>14.4</ele><time>2026-06-24T13:07:53Z</time></trkpt>
<trkpt lat="33.0924225" lon="35.1056349"><ele>14.4</ele><time>2026-06-24T13:07:54Z</time></trkpt>
<trkpt lat="33.0924226" lon="35.1056346"><ele>14.4</ele><time>2026-06-24T13:07:55Z</time></trkpt>
<trkpt lat="33.0924227" lon="35.1056343"><ele>14.4</ele><time>2026-06-24T13:07:56Z</time></trkpt>
<trkpt lat="33.0924228" lon="35.1056339"><ele>14.4</ele><time>2026-06-24T13:07:57Z</time></trkpt>
<trkpt lat="33.092423" lon="35.1056334"><ele>14.4</ele><time>2026-06-24T13:07:58Z</time></trkpt>
<trkpt lat="33.0924232" lon="35.1056328"><ele>14.3</ele><time>2026-06-24T13:07:59Z</time></trkpt>
<trkpt lat="33.0924233" lon="35.1056324"><ele>14.3</ele><time>2026-06-24T13:08:00Z</time></trkpt>
<trkpt lat="33.0924234" lon="35.1056318"><ele>14.3</ele><time>2026-06-24T13:08:01Z</time></trkpt>
<trkpt lat="33.0924235" lon="35.1056312"><ele>14.3</ele><time>2026-06-24T13:08:02Z</time></trkpt>
<trkpt lat="33.0924235" lon="35.1056307"><ele>14.3</ele><time>2026-06-24T13:08:03Z</time></trkpt>
<trkpt lat="33.0924236" lon="35.1056302"><ele>14.3</ele><time>2026-06-24T13:08:04Z</time></trkpt>
<trkpt lat="33.0924237" lon="35.1056298"><ele>14.3</ele><time>2026-06-24T13:08:05Z</time></trkpt>
<trkpt lat="33.0924237" lon="35.1056293"><ele>14.3</ele><time>2026-06-24T13:08:06Z</time></trkpt>
<trkpt lat="33.0924238" lon="35.1056289"><ele>14.3</ele><time>2026-06-24T13:08:07Z</time></trkpt>
<trkpt lat="33.0924238" lon="35.1056287"><ele>14.3</ele><time>2026-06-24T13:08:08Z</time></trkpt>
<trkpt lat="33.0924239" lon="35.1056285"><ele>14.3</ele><time>2026-06-24T13:08:09Z</time></trkpt>
<trkpt lat="33.0924239" lon="35.1056282"><ele>14.4</ele><time>2026-06-24T13:08:10Z</time></trkpt>
<trkpt lat="33.0924239" lon="35.1056279"><ele>14.4</ele><time>2026-06-24T13:08:11Z</time></trkpt>
<trkpt lat="33.0924238" lon="35.1056276"><ele>14.4</ele><time>2026-06-24T13:08:12Z</time></trkpt>
<trkpt lat="33.0924238" lon="35.1056275"><ele>14.4</ele><time>2026-06-24T13:08:13Z</time></trkpt>
<trkpt lat="33.0924237" lon="35.1056274"><ele>14.4</ele><time>2026-06-24T13:08:14Z</time></trkpt>
<trkpt lat="33.0924236" lon="35.1056273"><ele>14.3</ele><time>2026-06-24T13:08:15Z</time></trkpt>
<trkpt lat="33.0924233" lon="35.1056271"><ele>14.3</ele><time>2026-06-24T13:08:16Z</time></trkpt>
<trkpt lat="33.092423" lon="35.105627"><ele>14.3</ele><time>2026-06-24T13:08:17Z</time></trkpt>
<trkpt lat="33.0924226" lon="35.1056269"><ele>14.3</ele><time>2026-06-24T13:08:18Z</time></trkpt>
<trkpt lat="33.0924221" lon="35.1056268"><ele>14.3</ele><time>2026-06-24T13:08:19Z</time></trkpt>
<trkpt lat="33.0924216" lon="35.1056268"><ele>14.3</ele><time>2026-06-24T13:08:20Z</time></trkpt>
<trkpt lat="33.0924205" lon="35.1056266"><ele>14.3</ele><time>2026-06-24T13:08:21Z</time></trkpt>
<trkpt lat="33.0924189" lon="35.1056265"><ele>14.3</ele><time>2026-06-24T13:08:22Z</time></trkpt>
<trkpt lat="33.0924167" lon="35.1056263"><ele>14.3</ele><time>2026-06-24T13:08:23Z</time></trkpt>
<trkpt lat="33.0924128" lon="35.1056261"><ele>14.4</ele><time>2026-06-24T13:08:24Z</time></trkpt>
<trkpt lat="33.092409" lon="35.1056258"><ele>14.4</ele><time>2026-06-24T13:08:25Z</time></trkpt>
<trkpt lat="33.0924057" lon="35.1056257"><ele>14.3</ele><time>2026-06-24T13:08:26Z</time></trkpt>
<trkpt lat="33.0924002" lon="35.1056257"><ele>14.3</ele><time>2026-06-24T13:08:27Z</time></trkpt>
<trkpt lat="33.0923927" lon="35.1056259"><ele>14.3</ele><time>2026-06-24T13:08:28Z</time></trkpt>
<trkpt lat="33.0923853" lon="35.1056262"><ele>14.3</ele><time>2026-06-24T13:08:29Z</time></trkpt>
<trkpt lat="33.09238" lon="35.1056268"><ele>14.3</ele><time>2026-06-24T13:08:30Z</time></trkpt>
<trkpt lat="33.0923766" lon="35.1056277"><ele>14.3</ele><time>2026-06-24T13:08:31Z</time></trkpt>
<trkpt lat="33.0923723" lon="35.1056307"><ele>14.2</ele><time>2026-06-24T13:08:32Z</time></trkpt>
<trkpt lat="33.0923663" lon="35.1056379"><ele>14.2</ele><time>2026-06-24T13:08:33Z</time></trkpt>
<trkpt lat="33.0923604" lon="35.1056495"><ele>14.2</ele><time>2026-06-24T13:08:34Z</time></trkpt>
<trkpt lat="33.0923549" lon="35.1056642"><ele>14.2</ele><time>2026-06-24T13:08:35Z</time></trkpt>
<trkpt lat="33.0923488" lon="35.1056805"><ele>14.2</ele><time>2026-06-24T13:08:36Z</time></trkpt>
<trkpt lat="33.0923407" lon="35.1056981"><ele>14.2</ele><time>2026-06-24T13:08:37Z</time></trkpt>
<trkpt lat="33.0923218" lon="35.1057289"><ele>14.3</ele><time>2026-06-24T13:08:39Z</time></trkpt>
<trkpt lat="33.0923149" lon="35.1057398"><ele>14.3</ele><time>2026-06-24T13:08:40Z</time></trkpt>
<trkpt lat="33.0923096" lon="35.1057521"><ele>14.3</ele><time>2026-06-24T13:08:41Z</time></trkpt>
<trkpt lat="33.0923058" lon="35.1057675"><ele>14.2</ele><time>2026-06-24T13:08:42Z</time></trkpt>
<trkpt lat="33.0923036" lon="35.1057867"><ele>14.2</ele><time>2026-06-24T13:08:43Z</time></trkpt>
<trkpt lat="33.0923015" lon="35.1058098"><ele>14.2</ele><time>2026-06-24T13:08:44Z</time></trkpt>
<trkpt lat="33.0922969" lon="35.1058363"><ele>14.1</ele><time>2026-06-24T13:08:45Z</time></trkpt>
<trkpt lat="33.0922894" lon="35.1058636"><ele>14.1</ele><time>2026-06-24T13:08:46Z</time></trkpt>
<trkpt lat="33.0922796" lon="35.1058927"><ele>14.1</ele><time>2026-06-24T13:08:47Z</time></trkpt>
<trkpt lat="33.0922666" lon="35.1059248"><ele>14.1</ele><time>2026-06-24T13:08:48Z</time></trkpt>
<trkpt lat="33.0922502" lon="35.1059601"><ele>14.0</ele><time>2026-06-24T13:08:49Z</time></trkpt>
<trkpt lat="33.0922328" lon="35.105999"><ele>14.0</ele><time>2026-06-24T13:08:50Z</time></trkpt>
<trkpt lat="33.0922153" lon="35.1060393"><ele>14.0</ele><time>2026-06-24T13:08:51Z</time></trkpt>
<trkpt lat="33.0921966" lon="35.1060791"><ele>14.0</ele><time>2026-06-24T13:08:52Z</time></trkpt>
<trkpt lat="33.0921763" lon="35.1061183"><ele>13.9</ele><time>2026-06-24T13:08:53Z</time></trkpt>
<trkpt lat="33.0921521" lon="35.106156"><ele>13.9</ele><time>2026-06-24T13:08:54Z</time></trkpt>
<trkpt lat="33.0921242" lon="35.1061901"><ele>13.9</ele><time>2026-06-24T13:08:55Z</time></trkpt>
<trkpt lat="33.0920927" lon="35.1062199"><ele>13.9</ele><time>2026-06-24T13:08:56Z</time></trkpt>
<trkpt lat="33.0920596" lon="35.1062454"><ele>13.8</ele><time>2026-06-24T13:08:57Z</time></trkpt>
<trkpt lat="33.0920262" lon="35.1062684"><ele>13.8</ele><time>2026-06-24T13:08:58Z</time></trkpt>
<trkpt lat="33.0919919" lon="35.1062904"><ele>13.9</ele><time>2026-06-24T13:08:59Z</time></trkpt>
<trkpt lat="33.0919592" lon="35.1063107"><ele>13.9</ele><time>2026-06-24T13:09:00Z</time></trkpt>
<trkpt lat="33.0919276" lon="35.1063292"><ele>13.9</ele><time>2026-06-24T13:09:01Z</time></trkpt>
<trkpt lat="33.0918957" lon="35.1063468"><ele>14.0</ele><time>2026-06-24T13:09:02Z</time></trkpt>
<trkpt lat="33.0918642" lon="35.1063642"><ele>14.1</ele><time>2026-06-24T13:09:03Z</time></trkpt>
<trkpt lat="33.0918329" lon="35.1063814"><ele>14.2</ele><time>2026-06-24T13:09:04Z</time></trkpt>
<trkpt lat="33.0918024" lon="35.1063986"><ele>14.2</ele><time>2026-06-24T13:09:05Z</time></trkpt>
<trkpt lat="33.0917725" lon="35.1064156"><ele>14.3</ele><time>2026-06-24T13:09:06Z</time></trkpt>
<trkpt lat="33.0917428" lon="35.106433"><ele>14.4</ele><time>2026-06-24T13:09:07Z</time></trkpt>
<trkpt lat="33.0917128" lon="35.1064521"><ele>14.5</ele><time>2026-06-24T13:09:08Z</time></trkpt>
<trkpt lat="33.0916803" lon="35.1064719"><ele>14.6</ele><time>2026-06-24T13:09:09Z</time></trkpt>
<trkpt lat="33.091646" lon="35.1064911"><ele>14.7</ele><time>2026-06-24T13:09:10Z</time></trkpt>
<trkpt lat="33.0916096" lon="35.1065105"><ele>14.8</ele><time>2026-06-24T13:09:11Z</time></trkpt>
<trkpt lat="33.0915707" lon="35.1065315"><ele>14.8</ele><time>2026-06-24T13:09:12Z</time></trkpt>
<trkpt lat="33.0915306" lon="35.106554"><ele>14.9</ele><time>2026-06-24T13:09:13Z</time></trkpt>
<trkpt lat="33.0914901" lon="35.1065765"><ele>14.9</ele><time>2026-06-24T13:09:14Z</time></trkpt>
<trkpt lat="33.0914502" lon="35.1065981"><ele>15.0</ele><time>2026-06-24T13:09:15Z</time></trkpt>
<trkpt lat="33.0914112" lon="35.1066181"><ele>15.0</ele><time>2026-06-24T13:09:16Z</time></trkpt>
<trkpt lat="33.0913728" lon="35.1066364"><ele>15.0</ele><time>2026-06-24T13:09:17Z</time></trkpt>
<trkpt lat="33.0913341" lon="35.1066534"><ele>15.1</ele><time>2026-06-24T13:09:18Z</time></trkpt>
<trkpt lat="33.0912951" lon="35.1066684"><ele>15.1</ele><time>2026-06-24T13:09:19Z</time></trkpt>
<trkpt lat="33.0912558" lon="35.1066812"><ele>15.1</ele><time>2026-06-24T13:09:20Z</time></trkpt>
<trkpt lat="33.0912157" lon="35.106692"><ele>15.1</ele><time>2026-06-24T13:09:21Z</time></trkpt>
<trkpt lat="33.0911751" lon="35.1067015"><ele>15.1</ele><time>2026-06-24T13:09:22Z</time></trkpt>
<trkpt lat="33.0911342" lon="35.1067102"><ele>15.1</ele><time>2026-06-24T13:09:23Z</time></trkpt>
<trkpt lat="33.0910933" lon="35.1067183"><ele>15.2</ele><time>2026-06-24T13:09:24Z</time></trkpt>
<trkpt lat="33.0910526" lon="35.1067256"><ele>15.2</ele><time>2026-06-24T13:09:25Z</time></trkpt>
<trkpt lat="33.0910119" lon="35.1067313"><ele>15.2</ele><time>2026-06-24T13:09:26Z</time></trkpt>
<trkpt lat="33.0909712" lon="35.1067355"><ele>15.2</ele><time>2026-06-24T13:09:27Z</time></trkpt>
<trkpt lat="33.0909301" lon="35.1067384"><ele>15.2</ele><time>2026-06-24T13:09:28Z</time></trkpt>
<trkpt lat="33.0908891" lon="35.10674"><ele>15.3</ele><time>2026-06-24T13:09:29Z</time></trkpt>
<trkpt lat="33.0908484" lon="35.1067402"><ele>15.3</ele><time>2026-06-24T13:09:30Z</time></trkpt>
<trkpt lat="33.0908084" lon="35.1067398"><ele>15.3</ele><time>2026-06-24T13:09:31Z</time></trkpt>
<trkpt lat="33.0907684" lon="35.106739"><ele>15.4</ele><time>2026-06-24T13:09:32Z</time></trkpt>
<trkpt lat="33.0907283" lon="35.1067377"><ele>15.4</ele><time>2026-06-24T13:09:33Z</time></trkpt>
<trkpt lat="33.0906882" lon="35.1067355"><ele>15.4</ele><time>2026-06-24T13:09:34Z</time></trkpt>
<trkpt lat="33.0906479" lon="35.1067331"><ele>15.5</ele><time>2026-06-24T13:09:35Z</time></trkpt>
<trkpt lat="33.0906072" lon="35.106731"><ele>15.5</ele><time>2026-06-24T13:09:36Z</time></trkpt>
<trkpt lat="33.0905664" lon="35.1067287"><ele>15.5</ele><time>2026-06-24T13:09:37Z</time></trkpt>
<trkpt lat="33.0905253" lon="35.1067258"><ele>15.6</ele><time>2026-06-24T13:09:38Z</time></trkpt>
<trkpt lat="33.0904841" lon="35.1067222"><ele>15.6</ele><time>2026-06-24T13:09:39Z</time></trkpt>
<trkpt lat="33.090443" lon="35.1067173"><ele>15.6</ele><time>2026-06-24T13:09:40Z</time></trkpt>
<trkpt lat="33.0904019" lon="35.1067113"><ele>15.6</ele><time>2026-06-24T13:09:41Z</time></trkpt>
<trkpt lat="33.0903603" lon="35.106705"><ele>15.6</ele><time>2026-06-24T13:09:42Z</time></trkpt>
<trkpt lat="33.0903186" lon="35.1066986"><ele>15.6</ele><time>2026-06-24T13:09:43Z</time></trkpt>
<trkpt lat="33.090277" lon="35.1066922"><ele>15.6</ele><time>2026-06-24T13:09:44Z</time></trkpt>
<trkpt lat="33.0902355" lon="35.1066865"><ele>15.7</ele><time>2026-06-24T13:09:45Z</time></trkpt>
<trkpt lat="33.0901941" lon="35.1066823"><ele>15.7</ele><time>2026-06-24T13:09:46Z</time></trkpt>
<trkpt lat="33.0901528" lon="35.1066796"><ele>15.7</ele><time>2026-06-24T13:09:47Z</time></trkpt>
<trkpt lat="33.0901113" lon="35.1066779"><ele>15.7</ele><time>2026-06-24T13:09:48Z</time></trkpt>
<trkpt lat="33.0900694" lon="35.1066768"><ele>15.7</ele><time>2026-06-24T13:09:49Z</time></trkpt>
<trkpt lat="33.0900267" lon="35.106676"><ele>15.7</ele><time>2026-06-24T13:09:50Z</time></trkpt>
<trkpt lat="33.089983" lon="35.1066749"><ele>15.6</ele><time>2026-06-24T13:09:51Z</time></trkpt>
<trkpt lat="33.0899386" lon="35.1066733"><ele>15.6</ele><time>2026-06-24T13:09:52Z</time></trkpt>
<trkpt lat="33.089894" lon="35.1066715"><ele>15.6</ele><time>2026-06-24T13:09:53Z</time></trkpt>
<trkpt lat="33.0898497" lon="35.1066693"><ele>15.6</ele><time>2026-06-24T13:09:54Z</time></trkpt>
<trkpt lat="33.0898057" lon="35.1066667"><ele>15.5</ele><time>2026-06-24T13:09:55Z</time></trkpt>
<trkpt lat="33.0897614" lon="35.1066638"><ele>15.5</ele><time>2026-06-24T13:09:56Z</time></trkpt>
<trkpt lat="33.0897167" lon="35.1066604"><ele>15.5</ele><time>2026-06-24T13:09:57Z</time></trkpt>
<trkpt lat="33.0896723" lon="35.1066558"><ele>15.4</ele><time>2026-06-24T13:09:58Z</time></trkpt>
<trkpt lat="33.0896277" lon="35.1066497"><ele>15.3</ele><time>2026-06-24T13:09:59Z</time></trkpt>
<trkpt lat="33.0895823" lon="35.106641"><ele>15.2</ele><time>2026-06-24T13:10:00Z</time></trkpt>
<trkpt lat="33.0895362" lon="35.1066288"><ele>15.1</ele><time>2026-06-24T13:10:01Z</time></trkpt>
<trkpt lat="33.0894894" lon="35.1066127"><ele>15.0</ele><time>2026-06-24T13:10:02Z</time></trkpt>
<trkpt lat="33.0894416" lon="35.1065925"><ele>14.8</ele><time>2026-06-24T13:10:03Z</time></trkpt>
<trkpt lat="33.0893921" lon="35.1065684"><ele>14.7</ele><time>2026-06-24T13:10:04Z</time></trkpt>
<trkpt lat="33.089341" lon="35.1065404"><ele>14.5</ele><time>2026-06-24T13:10:05Z</time></trkpt>
<trkpt lat="33.0892887" lon="35.1065098"><ele>14.3</ele><time>2026-06-24T13:10:06Z</time></trkpt>
<trkpt lat="33.0892337" lon="35.1064756"><ele>14.1</ele><time>2026-06-24T13:10:07Z</time></trkpt>
<trkpt lat="33.0891119" lon="35.1063915"><ele>13.6</ele><time>2026-06-24T13:10:09Z</time></trkpt>
<trkpt lat="33.0890561" lon="35.1063504"><ele>13.4</ele><time>2026-06-24T13:10:10Z</time></trkpt>
<trkpt lat="33.0890024" lon="35.1063104"><ele>13.1</ele><time>2026-06-24T13:10:11Z</time></trkpt>
<trkpt lat="33.0889445" lon="35.1062922"><ele>12.8</ele><time>2026-06-24T13:10:12Z</time></trkpt>
<trkpt lat="33.0888834" lon="35.1062988"><ele>12.6</ele><time>2026-06-24T13:10:13Z</time></trkpt>
<trkpt lat="33.0888229" lon="35.1063126"><ele>12.4</ele><time>2026-06-24T13:10:14Z</time></trkpt>
<trkpt lat="33.0887638" lon="35.1063318"><ele>12.1</ele><time>2026-06-24T13:10:15Z</time></trkpt>
<trkpt lat="33.0887052" lon="35.1063469"><ele>12.0</ele><time>2026-06-24T13:10:16Z</time></trkpt>
<trkpt lat="33.0886461" lon="35.1063525"><ele>11.8</ele><time>2026-06-24T13:10:17Z</time></trkpt>
<trkpt lat="33.0885864" lon="35.1063507"><ele>11.7</ele><time>2026-06-24T13:10:18Z</time></trkpt>
<trkpt lat="33.0885268" lon="35.1063439"><ele>11.6</ele><time>2026-06-24T13:10:19Z</time></trkpt>
<trkpt lat="33.0884672" lon="35.1063345"><ele>11.5</ele><time>2026-06-24T13:10:20Z</time></trkpt>
<trkpt lat="33.0884071" lon="35.1063256"><ele>11.4</ele><time>2026-06-24T13:10:21Z</time></trkpt>
<trkpt lat="33.0883471" lon="35.1063172"><ele>11.3</ele><time>2026-06-24T13:10:22Z</time></trkpt>
<trkpt lat="33.0882871" lon="35.1063081"><ele>11.3</ele><time>2026-06-24T13:10:23Z</time></trkpt>
<trkpt lat="33.0882273" lon="35.106299"><ele>11.2</ele><time>2026-06-24T13:10:24Z</time></trkpt>
<trkpt lat="33.0881683" lon="35.1062904"><ele>11.1</ele><time>2026-06-24T13:10:25Z</time></trkpt>
<trkpt lat="33.0881095" lon="35.1062812"><ele>11.1</ele><time>2026-06-24T13:10:26Z</time></trkpt>
<trkpt lat="33.0880506" lon="35.1062717"><ele>11.0</ele><time>2026-06-24T13:10:27Z</time></trkpt>
<trkpt lat="33.0879921" lon="35.1062634"><ele>11.0</ele><time>2026-06-24T13:10:28Z</time></trkpt>
<trkpt lat="33.0879341" lon="35.1062561"><ele>10.9</ele><time>2026-06-24T13:10:29Z</time></trkpt>
<trkpt lat="33.0878773" lon="35.1062498"><ele>10.9</ele><time>2026-06-24T13:10:30Z</time></trkpt>
<trkpt lat="33.0878215" lon="35.1062447"><ele>10.9</ele><time>2026-06-24T13:10:31Z</time></trkpt>
<trkpt lat="33.0877664" lon="35.1062402"><ele>10.8</ele><time>2026-06-24T13:10:32Z</time></trkpt>
<trkpt lat="33.0877123" lon="35.1062356"><ele>10.8</ele><time>2026-06-24T13:10:33Z</time></trkpt>
<trkpt lat="33.087659" lon="35.1062312"><ele>10.8</ele><time>2026-06-24T13:10:34Z</time></trkpt>
<trkpt lat="33.0876065" lon="35.1062276"><ele>10.8</ele><time>2026-06-24T13:10:35Z</time></trkpt>
<trkpt lat="33.0875544" lon="35.1062249"><ele>10.8</ele><time>2026-06-24T13:10:36Z</time></trkpt>
<trkpt lat="33.0875022" lon="35.1062229"><ele>10.8</ele><time>2026-06-24T13:10:37Z</time></trkpt>
<trkpt lat="33.0873931" lon="35.1062242"><ele>10.9</ele><time>2026-06-24T13:10:39Z</time></trkpt>
<trkpt lat="33.0873449" lon="35.1062267"><ele>11.0</ele><time>2026-06-24T13:10:40Z</time></trkpt>
<trkpt lat="33.0872978" lon="35.1062282"><ele>11.0</ele><time>2026-06-24T13:10:41Z</time></trkpt>
<trkpt lat="33.0872503" lon="35.1062301"><ele>11.0</ele><time>2026-06-24T13:10:42Z</time></trkpt>
<trkpt lat="33.0872027" lon="35.1062324"><ele>11.1</ele><time>2026-06-24T13:10:43Z</time></trkpt>
<trkpt lat="33.0871546" lon="35.1062339"><ele>11.1</ele><time>2026-06-24T13:10:44Z</time></trkpt>
<trkpt lat="33.0871043" lon="35.1062353"><ele>11.1</ele><time>2026-06-24T13:10:45Z</time></trkpt>
<trkpt lat="33.0870544" lon="35.1062351"><ele>11.2</ele><time>2026-06-24T13:10:46Z</time></trkpt>
<trkpt lat="33.0870048" lon="35.1062343"><ele>11.2</ele><time>2026-06-24T13:10:47Z</time></trkpt>
<trkpt lat="33.0869557" lon="35.1062348"><ele>11.3</ele><time>2026-06-24T13:10:48Z</time></trkpt>
<trkpt lat="33.0869067" lon="35.1062348"><ele>11.3</ele><time>2026-06-24T13:10:49Z</time></trkpt>
<trkpt lat="33.0868576" lon="35.1062348"><ele>11.4</ele><time>2026-06-24T13:10:50Z</time></trkpt>
<trkpt lat="33.0868085" lon="35.106235"><ele>11.4</ele><time>2026-06-24T13:10:51Z</time></trkpt>
<trkpt lat="33.0867593" lon="35.1062351"><ele>11.4</ele><time>2026-06-24T13:10:52Z</time></trkpt>
<trkpt lat="33.0867097" lon="35.1062337"><ele>11.4</ele><time>2026-06-24T13:10:53Z</time></trkpt>
<trkpt lat="33.0866592" lon="35.1062322"><ele>11.5</ele><time>2026-06-24T13:10:54Z</time></trkpt>
<trkpt lat="33.0866079" lon="35.1062323"><ele>11.5</ele><time>2026-06-24T13:10:55Z</time></trkpt>
<trkpt lat="33.0865565" lon="35.1062318"><ele>11.5</ele><time>2026-06-24T13:10:56Z</time></trkpt>
<trkpt lat="33.0865051" lon="35.1062303"><ele>11.5</ele><time>2026-06-24T13:10:57Z</time></trkpt>
<trkpt lat="33.0864533" lon="35.1062286"><ele>11.4</ele><time>2026-06-24T13:10:58Z</time></trkpt>
<trkpt lat="33.0864013" lon="35.106226"><ele>11.4</ele><time>2026-06-24T13:10:59Z</time></trkpt>
<trkpt lat="33.0863493" lon="35.1062232"><ele>11.4</ele><time>2026-06-24T13:11:00Z</time></trkpt>
<trkpt lat="33.0862974" lon="35.1062216"><ele>11.4</ele><time>2026-06-24T13:11:01Z</time></trkpt>
<trkpt lat="33.0862456" lon="35.1062213"><ele>11.3</ele><time>2026-06-24T13:11:02Z</time></trkpt>
<trkpt lat="33.0861943" lon="35.1062218"><ele>11.3</ele><time>2026-06-24T13:11:03Z</time></trkpt>
<trkpt lat="33.0861438" lon="35.106223"><ele>11.3</ele><time>2026-06-24T13:11:04Z</time></trkpt>
<trkpt lat="33.0860938" lon="35.1062246"><ele>11.2</ele><time>2026-06-24T13:11:05Z</time></trkpt>
<trkpt lat="33.0860439" lon="35.1062262"><ele>11.2</ele><time>2026-06-24T13:11:06Z</time></trkpt>
<trkpt lat="33.0859939" lon="35.1062274"><ele>11.2</ele><time>2026-06-24T13:11:07Z</time></trkpt>
<trkpt lat="33.0859439" lon="35.106228"><ele>11.2</ele><time>2026-06-24T13:11:08Z</time></trkpt>
<trkpt lat="33.0858937" lon="35.1062275"><ele>11.2</ele><time>2026-06-24T13:11:09Z</time></trkpt>
<trkpt lat="33.0858437" lon="35.1062258"><ele>11.2</ele><time>2026-06-24T13:11:10Z</time></trkpt>
<trkpt lat="33.0857938" lon="35.1062238"><ele>11.3</ele><time>2026-06-24T13:11:11Z</time></trkpt>
<trkpt lat="33.0857436" lon="35.1062215"><ele>11.3</ele><time>2026-06-24T13:11:12Z</time></trkpt>
<trkpt lat="33.0856935" lon="35.1062187"><ele>11.3</ele><time>2026-06-24T13:11:13Z</time></trkpt>
<trkpt lat="33.0856444" lon="35.1062153"><ele>11.3</ele><time>2026-06-24T13:11:14Z</time></trkpt>
<trkpt lat="33.0855962" lon="35.1062106"><ele>11.4</ele><time>2026-06-24T13:11:15Z</time></trkpt>
<trkpt lat="33.0855488" lon="35.1062044"><ele>11.4</ele><time>2026-06-24T13:11:16Z</time></trkpt>
<trkpt lat="33.0855023" lon="35.1061965"><ele>11.5</ele><time>2026-06-24T13:11:17Z</time></trkpt>
<trkpt lat="33.0854566" lon="35.1061872"><ele>11.6</ele><time>2026-06-24T13:11:18Z</time></trkpt>
<trkpt lat="33.0854116" lon="35.1061766"><ele>11.7</ele><time>2026-06-24T13:11:19Z</time></trkpt>
<trkpt lat="33.0853673" lon="35.1061647"><ele>11.8</ele><time>2026-06-24T13:11:20Z</time></trkpt>
<trkpt lat="33.0853235" lon="35.1061522"><ele>11.9</ele><time>2026-06-24T13:11:21Z</time></trkpt>
<trkpt lat="33.0852797" lon="35.1061406"><ele>12.0</ele><time>2026-06-24T13:11:22Z</time></trkpt>
<trkpt lat="33.0852352" lon="35.1061311"><ele>12.1</ele><time>2026-06-24T13:11:23Z</time></trkpt>
<trkpt lat="33.0851905" lon="35.1061235"><ele>12.2</ele><time>2026-06-24T13:11:24Z</time></trkpt>
<trkpt lat="33.0851461" lon="35.1061179"><ele>12.4</ele><time>2026-06-24T13:11:25Z</time></trkpt>
<trkpt lat="33.0851015" lon="35.1061143"><ele>12.5</ele><time>2026-06-24T13:11:26Z</time></trkpt>
<trkpt lat="33.085057" lon="35.1061129"><ele>12.6</ele><time>2026-06-24T13:11:27Z</time></trkpt>
<trkpt lat="33.085013" lon="35.1061143"><ele>12.7</ele><time>2026-06-24T13:11:28Z</time></trkpt>
<trkpt lat="33.0849688" lon="35.1061185"><ele>12.8</ele><time>2026-06-24T13:11:29Z</time></trkpt>
<trkpt lat="33.0849242" lon="35.1061255"><ele>13.0</ele><time>2026-06-24T13:11:30Z</time></trkpt>
<trkpt lat="33.0848792" lon="35.1061347"><ele>13.1</ele><time>2026-06-24T13:11:31Z</time></trkpt>
<trkpt lat="33.0848343" lon="35.1061454"><ele>13.2</ele><time>2026-06-24T13:11:32Z</time></trkpt>
<trkpt lat="33.08479" lon="35.1061571"><ele>13.3</ele><time>2026-06-24T13:11:33Z</time></trkpt>
<trkpt lat="33.0847459" lon="35.1061698"><ele>13.4</ele><time>2026-06-24T13:11:34Z</time></trkpt>
<trkpt lat="33.084702" lon="35.1061834"><ele>13.5</ele><time>2026-06-24T13:11:35Z</time></trkpt>
<trkpt lat="33.084658" lon="35.1061971"><ele>13.6</ele><time>2026-06-24T13:11:36Z</time></trkpt>
<trkpt lat="33.0846133" lon="35.106209"><ele>13.7</ele><time>2026-06-24T13:11:37Z</time></trkpt>
<trkpt lat="33.0845183" lon="35.1062191"><ele>13.9</ele><time>2026-06-24T13:11:39Z</time></trkpt>
<trkpt lat="33.0844752" lon="35.1062181"><ele>13.9</ele><time>2026-06-24T13:11:40Z</time></trkpt>
<trkpt lat="33.0844306" lon="35.1062171"><ele>13.9</ele><time>2026-06-24T13:11:41Z</time></trkpt>
<trkpt lat="33.0843828" lon="35.1062166"><ele>13.9</ele><time>2026-06-24T13:11:42Z</time></trkpt>
<trkpt lat="33.0843319" lon="35.1062178"><ele>13.8</ele><time>2026-06-24T13:11:43Z</time></trkpt>
<trkpt lat="33.084279" lon="35.1062201"><ele>13.7</ele><time>2026-06-24T13:11:44Z</time></trkpt>
<trkpt lat="33.0842214" lon="35.1062227"><ele>13.6</ele><time>2026-06-24T13:11:45Z</time></trkpt>
<trkpt lat="33.0841623" lon="35.1062263"><ele>13.5</ele><time>2026-06-24T13:11:46Z</time></trkpt>
<trkpt lat="33.0841025" lon="35.1062307"><ele>13.4</ele><time>2026-06-24T13:11:47Z</time></trkpt>
<trkpt lat="33.084041" lon="35.1062348"><ele>13.2</ele><time>2026-06-24T13:11:48Z</time></trkpt>
<trkpt lat="33.0839777" lon="35.1062383"><ele>13.1</ele><time>2026-06-24T13:11:49Z</time></trkpt>
<trkpt lat="33.083914" lon="35.1062415"><ele>12.9</ele><time>2026-06-24T13:11:50Z</time></trkpt>
<trkpt lat="33.083851" lon="35.1062472"><ele>12.8</ele><time>2026-06-24T13:11:51Z</time></trkpt>
<trkpt lat="33.0837887" lon="35.1062555"><ele>12.6</ele><time>2026-06-24T13:11:52Z</time></trkpt>
<trkpt lat="33.0837271" lon="35.1062646"><ele>12.5</ele><time>2026-06-24T13:11:53Z</time></trkpt>
<trkpt lat="33.083669" lon="35.1062744"><ele>12.4</ele><time>2026-06-24T13:11:54Z</time></trkpt>
<trkpt lat="33.0836133" lon="35.1062861"><ele>12.4</ele><time>2026-06-24T13:11:55Z</time></trkpt>
<trkpt lat="33.0835587" lon="35.1062997"><ele>12.4</ele><time>2026-06-24T13:11:56Z</time></trkpt>
<trkpt lat="33.0835066" lon="35.1063135"><ele>12.4</ele><time>2026-06-24T13:11:57Z</time></trkpt>
<trkpt lat="33.0834571" lon="35.106326"><ele>12.4</ele><time>2026-06-24T13:11:58Z</time></trkpt>
<trkpt lat="33.0834093" lon="35.1063367"><ele>12.5</ele><time>2026-06-24T13:11:59Z</time></trkpt>
<trkpt lat="33.0833622" lon="35.106346"><ele>12.6</ele><time>2026-06-24T13:12:00Z</time></trkpt>
<trkpt lat="33.0833168" lon="35.1063536"><ele>12.8</ele><time>2026-06-24T13:12:01Z</time></trkpt>
<trkpt lat="33.0832735" lon="35.1063595"><ele>12.9</ele><time>2026-06-24T13:12:02Z</time></trkpt>
<trkpt lat="33.0832323" lon="35.106365"><ele>13.1</ele><time>2026-06-24T13:12:03Z</time></trkpt>
<trkpt lat="33.0831922" lon="35.1063707"><ele>13.2</ele><time>2026-06-24T13:12:04Z</time></trkpt>
<trkpt lat="33.0831524" lon="35.1063783"><ele>13.3</ele><time>2026-06-24T13:12:05Z</time></trkpt>
<trkpt lat="33.0831126" lon="35.1063884"><ele>13.4</ele><time>2026-06-24T13:12:06Z</time></trkpt>
<trkpt lat="33.0830717" lon="35.1064015"><ele>13.5</ele><time>2026-06-24T13:12:07Z</time></trkpt>
<trkpt lat="33.0830287" lon="35.1064184"><ele>13.5</ele><time>2026-06-24T13:12:08Z</time></trkpt>
<trkpt lat="33.0829844" lon="35.1064381"><ele>13.5</ele><time>2026-06-24T13:12:09Z</time></trkpt>
<trkpt lat="33.0829386" lon="35.1064595"><ele>13.5</ele><time>2026-06-24T13:12:10Z</time></trkpt>
<trkpt lat="33.0828882" lon="35.1064822"><ele>13.4</ele><time>2026-06-24T13:12:11Z</time></trkpt>
<trkpt lat="33.0828324" lon="35.1065057"><ele>13.3</ele><time>2026-06-24T13:12:12Z</time></trkpt>
<trkpt lat="33.0827725" lon="35.1065283"><ele>13.2</ele><time>2026-06-24T13:12:13Z</time></trkpt>
<trkpt lat="33.0827109" lon="35.1065487"><ele>13.1</ele><time>2026-06-24T13:12:14Z</time></trkpt>
<trkpt lat="33.0826486" lon="35.1065658"><ele>12.9</ele><time>2026-06-24T13:12:15Z</time></trkpt>
<trkpt lat="33.0825866" lon="35.1065794"><ele>12.8</ele><time>2026-06-24T13:12:16Z</time></trkpt>
<trkpt lat="33.0825253" lon="35.1065891"><ele>12.7</ele><time>2026-06-24T13:12:17Z</time></trkpt>
<trkpt lat="33.0824654" lon="35.1065951"><ele>12.5</ele><time>2026-06-24T13:12:18Z</time></trkpt>
<trkpt lat="33.0824076" lon="35.1065999"><ele>12.4</ele><time>2026-06-24T13:12:19Z</time></trkpt>
<trkpt lat="33.0823514" lon="35.1066066"><ele>12.3</ele><time>2026-06-24T13:12:20Z</time></trkpt>
<trkpt lat="33.0822957" lon="35.1066157"><ele>12.2</ele><time>2026-06-24T13:12:21Z</time></trkpt>
<trkpt lat="33.0822404" lon="35.1066256"><ele>12.1</ele><time>2026-06-24T13:12:22Z</time></trkpt>
<trkpt lat="33.0821851" lon="35.1066347"><ele>12.0</ele><time>2026-06-24T13:12:23Z</time></trkpt>
<trkpt lat="33.0821287" lon="35.1066417"><ele>11.9</ele><time>2026-06-24T13:12:24Z</time></trkpt>
<trkpt lat="33.0820714" lon="35.1066475"><ele>11.8</ele><time>2026-06-24T13:12:25Z</time></trkpt>
<trkpt lat="33.0820144" lon="35.1066531"><ele>11.8</ele><time>2026-06-24T13:12:26Z</time></trkpt>
<trkpt lat="33.0819584" lon="35.1066594"><ele>11.7</ele><time>2026-06-24T13:12:27Z</time></trkpt>
<trkpt lat="33.0819025" lon="35.1066669"><ele>11.6</ele><time>2026-06-24T13:12:28Z</time></trkpt>
<trkpt lat="33.0818455" lon="35.1066747"><ele>11.5</ele><time>2026-06-24T13:12:29Z</time></trkpt>
<trkpt lat="33.0817881" lon="35.1066813"><ele>11.5</ele><time>2026-06-24T13:12:30Z</time></trkpt>
<trkpt lat="33.0817311" lon="35.1066863"><ele>11.4</ele><time>2026-06-24T13:12:31Z</time></trkpt>
<trkpt lat="33.081674" lon="35.1066914"><ele>11.3</ele><time>2026-06-24T13:12:32Z</time></trkpt>
<trkpt lat="33.0816173" lon="35.1066971"><ele>11.2</ele><time>2026-06-24T13:12:33Z</time></trkpt>
<trkpt lat="33.0815611" lon="35.1067023"><ele>11.2</ele><time>2026-06-24T13:12:34Z</time></trkpt>
<trkpt lat="33.0815051" lon="35.1067067"><ele>11.1</ele><time>2026-06-24T13:12:35Z</time></trkpt>
<trkpt lat="33.0814497" lon="35.1067115"><ele>11.0</ele><time>2026-06-24T13:12:36Z</time></trkpt>
<trkpt lat="33.0813929" lon="35.1067177"><ele>10.9</ele><time>2026-06-24T13:12:37Z</time></trkpt>
<trkpt lat="33.0813341" lon="35.1067246"><ele>10.9</ele><time>2026-06-24T13:12:38Z</time></trkpt>
<trkpt lat="33.081275" lon="35.1067303"><ele>10.8</ele><time>2026-06-24T13:12:39Z</time></trkpt>
<trkpt lat="33.0812166" lon="35.1067329"><ele>10.7</ele><time>2026-06-24T13:12:40Z</time></trkpt>
<trkpt lat="33.0811596" lon="35.1067333"><ele>10.6</ele><time>2026-06-24T13:12:41Z</time></trkpt>
<trkpt lat="33.0811022" lon="35.1067329"><ele>10.5</ele><time>2026-06-24T13:12:42Z</time></trkpt>
<trkpt lat="33.0810426" lon="35.106732"><ele>10.4</ele><time>2026-06-24T13:12:43Z</time></trkpt>
<trkpt lat="33.0809828" lon="35.1067311"><ele>10.3</ele><time>2026-06-24T13:12:44Z</time></trkpt>
<trkpt lat="33.0809232" lon="35.1067308"><ele>10.2</ele><time>2026-06-24T13:12:45Z</time></trkpt>
<trkpt lat="33.0808629" lon="35.1067315"><ele>10.2</ele><time>2026-06-24T13:12:46Z</time></trkpt>
<trkpt lat="33.0808017" lon="35.1067363"><ele>10.1</ele><time>2026-06-24T13:12:47Z</time></trkpt>
<trkpt lat="33.0807409" lon="35.1067435"><ele>10.0</ele><time>2026-06-24T13:12:48Z</time></trkpt>
<trkpt lat="33.0806818" lon="35.1067487"><ele>9.9</ele><time>2026-06-24T13:12:49Z</time></trkpt>
<trkpt lat="33.0806239" lon="35.1067531"><ele>9.9</ele><time>2026-06-24T13:12:50Z</time></trkpt>
<trkpt lat="33.0805666" lon="35.1067572"><ele>9.8</ele><time>2026-06-24T13:12:51Z</time></trkpt>
<trkpt lat="33.0805093" lon="35.1067602"><ele>9.8</ele><time>2026-06-24T13:12:52Z</time></trkpt>
<trkpt lat="33.0804529" lon="35.1067621"><ele>9.7</ele><time>2026-06-24T13:12:53Z</time></trkpt>
<trkpt lat="33.0803956" lon="35.106766"><ele>9.7</ele><time>2026-06-24T13:12:54Z</time></trkpt>
<trkpt lat="33.0803371" lon="35.1067732"><ele>9.7</ele><time>2026-06-24T13:12:55Z</time></trkpt>
<trkpt lat="33.080279" lon="35.1067805"><ele>9.7</ele><time>2026-06-24T13:12:56Z</time></trkpt>
<trkpt lat="33.0802215" lon="35.1067859"><ele>9.7</ele><time>2026-06-24T13:12:57Z</time></trkpt>
<trkpt lat="33.0801633" lon="35.1067902"><ele>9.7</ele><time>2026-06-24T13:12:58Z</time></trkpt>
<trkpt lat="33.080104" lon="35.1067946"><ele>9.7</ele><time>2026-06-24T13:12:59Z</time></trkpt>
<trkpt lat="33.0800445" lon="35.1067996"><ele>9.7</ele><time>2026-06-24T13:13:00Z</time></trkpt>
<trkpt lat="33.0799859" lon="35.1068053"><ele>9.7</ele><time>2026-06-24T13:13:01Z</time></trkpt>
<trkpt lat="33.0799281" lon="35.1068111"><ele>9.7</ele><time>2026-06-24T13:13:02Z</time></trkpt>
<trkpt lat="33.0798701" lon="35.1068161"><ele>9.7</ele><time>2026-06-24T13:13:03Z</time></trkpt>
<trkpt lat="33.0798113" lon="35.1068212"><ele>9.7</ele><time>2026-06-24T13:13:04Z</time></trkpt>
<trkpt lat="33.0797522" lon="35.1068275"><ele>9.7</ele><time>2026-06-24T13:13:05Z</time></trkpt>
<trkpt lat="33.0796926" lon="35.1068332"><ele>9.6</ele><time>2026-06-24T13:13:06Z</time></trkpt>
<trkpt lat="33.0796333" lon="35.1068371"><ele>9.6</ele><time>2026-06-24T13:13:07Z</time></trkpt>
<trkpt lat="33.0795751" lon="35.1068401"><ele>9.6</ele><time>2026-06-24T13:13:08Z</time></trkpt>
<trkpt lat="33.0795161" lon="35.1068421"><ele>9.6</ele><time>2026-06-24T13:13:09Z</time></trkpt>
<trkpt lat="33.0794562" lon="35.1068437"><ele>9.6</ele><time>2026-06-24T13:13:10Z</time></trkpt>
<trkpt lat="33.0793951" lon="35.1068476"><ele>9.6</ele><time>2026-06-24T13:13:11Z</time></trkpt>
<trkpt lat="33.0793335" lon="35.1068498"><ele>9.6</ele><time>2026-06-24T13:13:12Z</time></trkpt>
<trkpt lat="33.0792736" lon="35.1068461"><ele>9.6</ele><time>2026-06-24T13:13:13Z</time></trkpt>
<trkpt lat="33.0792164" lon="35.1068404"><ele>9.6</ele><time>2026-06-24T13:13:14Z</time></trkpt>
<trkpt lat="33.0791645" lon="35.1068361"><ele>9.6</ele><time>2026-06-24T13:13:15Z</time></trkpt>
<trkpt lat="33.0791191" lon="35.1068345"><ele>9.6</ele><time>2026-06-24T13:13:16Z</time></trkpt>
<trkpt lat="33.079077" lon="35.1068339"><ele>9.6</ele><time>2026-06-24T13:13:17Z</time></trkpt>
<trkpt lat="33.0790353" lon="35.1068314"><ele>9.6</ele><time>2026-06-24T13:13:18Z</time></trkpt>
<trkpt lat="33.0789938" lon="35.1068276"><ele>9.5</ele><time>2026-06-24T13:13:19Z</time></trkpt>
<trkpt lat="33.0789529" lon="35.106824"><ele>9.5</ele><time>2026-06-24T13:13:20Z</time></trkpt>
<trkpt lat="33.0789122" lon="35.1068203"><ele>9.5</ele><time>2026-06-24T13:13:21Z</time></trkpt>
<trkpt lat="33.0788716" lon="35.1068162"><ele>9.5</ele><time>2026-06-24T13:13:22Z</time></trkpt>
<trkpt lat="33.078831" lon="35.1068123"><ele>9.5</ele><time>2026-06-24T13:13:23Z</time></trkpt>
<trkpt lat="33.0787887" lon="35.1068079"><ele>9.5</ele><time>2026-06-24T13:13:24Z</time></trkpt>
<trkpt lat="33.0787463" lon="35.1068021"><ele>9.5</ele><time>2026-06-24T13:13:25Z</time></trkpt>
<trkpt lat="33.0787049" lon="35.1067957"><ele>9.5</ele><time>2026-06-24T13:13:26Z</time></trkpt>
<trkpt lat="33.0786637" lon="35.1067887"><ele>9.6</ele><time>2026-06-24T13:13:27Z</time></trkpt>
<trkpt lat="33.0786219" lon="35.1067813"><ele>9.6</ele><time>2026-06-24T13:13:28Z</time></trkpt>
<trkpt lat="33.0785799" lon="35.1067742"><ele>9.7</ele><time>2026-06-24T13:13:29Z</time></trkpt>
<trkpt lat="33.0785371" lon="35.1067669"><ele>9.8</ele><time>2026-06-24T13:13:30Z</time></trkpt>
<trkpt lat="33.0784923" lon="35.1067594"><ele>9.8</ele><time>2026-06-24T13:13:31Z</time></trkpt>
<trkpt lat="33.0784462" lon="35.1067524"><ele>9.9</ele><time>2026-06-24T13:13:32Z</time></trkpt>
<trkpt lat="33.0784006" lon="35.1067457"><ele>10.0</ele><time>2026-06-24T13:13:33Z</time></trkpt>
<trkpt lat="33.0783554" lon="35.1067394"><ele>10.0</ele><time>2026-06-24T13:13:34Z</time></trkpt>
<trkpt lat="33.0783105" lon="35.1067333"><ele>10.1</ele><time>2026-06-24T13:13:35Z</time></trkpt>
<trkpt lat="33.0782654" lon="35.1067267"><ele>10.1</ele><time>2026-06-24T13:13:36Z</time></trkpt>
<trkpt lat="33.0782196" lon="35.1067199"><ele>10.2</ele><time>2026-06-24T13:13:37Z</time></trkpt>
<trkpt lat="33.0781723" lon="35.1067128"><ele>10.2</ele><time>2026-06-24T13:13:38Z</time></trkpt>
<trkpt lat="33.0781242" lon="35.1067056"><ele>10.2</ele><time>2026-06-24T13:13:39Z</time></trkpt>
<trkpt lat="33.0780762" lon="35.1066987"><ele>10.2</ele><time>2026-06-24T13:13:40Z</time></trkpt>
<trkpt lat="33.0780282" lon="35.1066916"><ele>10.2</ele><time>2026-06-24T13:13:41Z</time></trkpt>
<trkpt lat="33.077979" lon="35.1066839"><ele>10.2</ele><time>2026-06-24T13:13:42Z</time></trkpt>
<trkpt lat="33.0779285" lon="35.1066762"><ele>10.1</ele><time>2026-06-24T13:13:43Z</time></trkpt>
<trkpt lat="33.0778778" lon="35.106669"><ele>10.1</ele><time>2026-06-24T13:13:44Z</time></trkpt>
<trkpt lat="33.0778269" lon="35.1066622"><ele>10.1</ele><time>2026-06-24T13:13:45Z</time></trkpt>
<trkpt lat="33.0777752" lon="35.1066556"><ele>10.0</ele><time>2026-06-24T13:13:46Z</time></trkpt>
<trkpt lat="33.0777237" lon="35.1066495"><ele>9.9</ele><time>2026-06-24T13:13:47Z</time></trkpt>
<trkpt lat="33.0776721" lon="35.1066439"><ele>9.9</ele><time>2026-06-24T13:13:48Z</time></trkpt>
<trkpt lat="33.0776194" lon="35.1066383"><ele>9.8</ele><time>2026-06-24T13:13:49Z</time></trkpt>
<trkpt lat="33.0775666" lon="35.1066325"><ele>9.7</ele><time>2026-06-24T13:13:50Z</time></trkpt>
<trkpt lat="33.077514" lon="35.1066266"><ele>9.7</ele><time>2026-06-24T13:13:51Z</time></trkpt>
<trkpt lat="33.0774616" lon="35.1066209"><ele>9.6</ele><time>2026-06-24T13:13:52Z</time></trkpt>
<trkpt lat="33.0774086" lon="35.1066159"><ele>9.6</ele><time>2026-06-24T13:13:53Z</time></trkpt>
<trkpt lat="33.0773555" lon="35.1066113"><ele>9.5</ele><time>2026-06-24T13:13:54Z</time></trkpt>
<trkpt lat="33.0773031" lon="35.1066061"><ele>9.5</ele><time>2026-06-24T13:13:55Z</time></trkpt>
<trkpt lat="33.0772516" lon="35.1065997"><ele>9.5</ele><time>2026-06-24T13:13:56Z</time></trkpt>
<trkpt lat="33.077201" lon="35.1065918"><ele>9.5</ele><time>2026-06-24T13:13:57Z</time></trkpt>
<trkpt lat="33.0771506" lon="35.1065832"><ele>9.5</ele><time>2026-06-24T13:13:58Z</time></trkpt>
<trkpt lat="33.0770997" lon="35.1065751"><ele>9.5</ele><time>2026-06-24T13:13:59Z</time></trkpt>
<trkpt lat="33.077048" lon="35.1065681"><ele>9.5</ele><time>2026-06-24T13:14:00Z</time></trkpt>
<trkpt lat="33.0769961" lon="35.1065614"><ele>9.6</ele><time>2026-06-24T13:14:01Z</time></trkpt>
<trkpt lat="33.0769441" lon="35.1065543"><ele>9.6</ele><time>2026-06-24T13:14:02Z</time></trkpt>
<trkpt lat="33.0768923" lon="35.1065465"><ele>9.6</ele><time>2026-06-24T13:14:03Z</time></trkpt>
<trkpt lat="33.0768412" lon="35.1065381"><ele>9.6</ele><time>2026-06-24T13:14:04Z</time></trkpt>
<trkpt lat="33.0767897" lon="35.1065298"><ele>9.7</ele><time>2026-06-24T13:14:05Z</time></trkpt>
<trkpt lat="33.0767374" lon="35.1065228"><ele>9.7</ele><time>2026-06-24T13:14:06Z</time></trkpt>
<trkpt lat="33.0766851" lon="35.1065171"><ele>9.7</ele><time>2026-06-24T13:14:07Z</time></trkpt>
<trkpt lat="33.0766326" lon="35.1065125"><ele>9.7</ele><time>2026-06-24T13:14:08Z</time></trkpt>
<trkpt lat="33.0765801" lon="35.1065081"><ele>9.7</ele><time>2026-06-24T13:14:09Z</time></trkpt>
<trkpt lat="33.0765283" lon="35.1065045"><ele>9.7</ele><time>2026-06-24T13:14:10Z</time></trkpt>
<trkpt lat="33.0764766" lon="35.1065022"><ele>9.7</ele><time>2026-06-24T13:14:11Z</time></trkpt>
<trkpt lat="33.0764248" lon="35.1065004"><ele>9.7</ele><time>2026-06-24T13:14:12Z</time></trkpt>
<trkpt lat="33.0763727" lon="35.1064987"><ele>9.6</ele><time>2026-06-24T13:14:13Z</time></trkpt>
<trkpt lat="33.0763203" lon="35.106497"><ele>9.6</ele><time>2026-06-24T13:14:14Z</time></trkpt>
<trkpt lat="33.0762683" lon="35.1064957"><ele>9.6</ele><time>2026-06-24T13:14:15Z</time></trkpt>
<trkpt lat="33.0762162" lon="35.1064953"><ele>9.6</ele><time>2026-06-24T13:14:16Z</time></trkpt>
<trkpt lat="33.076164" lon="35.1064954"><ele>9.6</ele><time>2026-06-24T13:14:17Z</time></trkpt>
<trkpt lat="33.076112" lon="35.1064941"><ele>9.6</ele><time>2026-06-24T13:14:18Z</time></trkpt>
<trkpt lat="33.0760604" lon="35.1064902"><ele>9.6</ele><time>2026-06-24T13:14:19Z</time></trkpt>
<trkpt lat="33.07601" lon="35.106485"><ele>9.6</ele><time>2026-06-24T13:14:20Z</time></trkpt>
<trkpt lat="33.0759608" lon="35.1064799"><ele>9.6</ele><time>2026-06-24T13:14:21Z</time></trkpt>
<trkpt lat="33.0759113" lon="35.106475"><ele>9.6</ele><time>2026-06-24T13:14:22Z</time></trkpt>
<trkpt lat="33.0758603" lon="35.1064698"><ele>9.6</ele><time>2026-06-24T13:14:23Z</time></trkpt>
<trkpt lat="33.0758082" lon="35.1064636"><ele>9.5</ele><time>2026-06-24T13:14:24Z</time></trkpt>
<trkpt lat="33.0757553" lon="35.1064565"><ele>9.5</ele><time>2026-06-24T13:14:25Z</time></trkpt>
<trkpt lat="33.075703" lon="35.1064471"><ele>9.5</ele><time>2026-06-24T13:14:26Z</time></trkpt>
<trkpt lat="33.0756517" lon="35.1064342"><ele>9.5</ele><time>2026-06-24T13:14:27Z</time></trkpt>
<trkpt lat="33.0756014" lon="35.106418"><ele>9.5</ele><time>2026-06-24T13:14:28Z</time></trkpt>
<trkpt lat="33.0755517" lon="35.1064001"><ele>9.5</ele><time>2026-06-24T13:14:29Z</time></trkpt>
<trkpt lat="33.0755019" lon="35.1063821"><ele>9.5</ele><time>2026-06-24T13:14:30Z</time></trkpt>
<trkpt lat="33.0754522" lon="35.1063641"><ele>9.4</ele><time>2026-06-24T13:14:31Z</time></trkpt>
<trkpt lat="33.0754028" lon="35.1063466"><ele>9.4</ele><time>2026-06-24T13:14:32Z</time></trkpt>
<trkpt lat="33.0753531" lon="35.106329"><ele>9.4</ele><time>2026-06-24T13:14:33Z</time></trkpt>
<trkpt lat="33.0753028" lon="35.106312"><ele>9.4</ele><time>2026-06-24T13:14:34Z</time></trkpt>
<trkpt lat="33.075252" lon="35.1062963"><ele>9.4</ele><time>2026-06-24T13:14:35Z</time></trkpt>
<trkpt lat="33.0752011" lon="35.1062816"><ele>9.4</ele><time>2026-06-24T13:14:36Z</time></trkpt>
<trkpt lat="33.0751514" lon="35.1062683"><ele>9.5</ele><time>2026-06-24T13:14:37Z</time></trkpt>
<trkpt lat="33.075053" lon="35.106249"><ele>9.6</ele><time>2026-06-24T13:14:39Z</time></trkpt>
<trkpt lat="33.0750099" lon="35.1062456"><ele>9.7</ele><time>2026-06-24T13:14:40Z</time></trkpt>
<trkpt lat="33.0749662" lon="35.1062455"><ele>9.7</ele><time>2026-06-24T13:14:41Z</time></trkpt>
<trkpt lat="33.0749207" lon="35.1062478"><ele>9.8</ele><time>2026-06-24T13:14:42Z</time></trkpt>
<trkpt lat="33.0748743" lon="35.1062511"><ele>9.8</ele><time>2026-06-24T13:14:43Z</time></trkpt>
<trkpt lat="33.0748268" lon="35.1062544"><ele>9.8</ele><time>2026-06-24T13:14:44Z</time></trkpt>
<trkpt lat="33.0747791" lon="35.1062582"><ele>9.9</ele><time>2026-06-24T13:14:45Z</time></trkpt>
<trkpt lat="33.0747343" lon="35.106263"><ele>9.9</ele><time>2026-06-24T13:14:46Z</time></trkpt>
<trkpt lat="33.0746916" lon="35.1062683"><ele>10.0</ele><time>2026-06-24T13:14:47Z</time></trkpt>
<trkpt lat="33.074649" lon="35.1062746"><ele>10.0</ele><time>2026-06-24T13:14:48Z</time></trkpt>
<trkpt lat="33.0746058" lon="35.1062806"><ele>10.1</ele><time>2026-06-24T13:14:49Z</time></trkpt>
<trkpt lat="33.0745616" lon="35.1062846"><ele>10.2</ele><time>2026-06-24T13:14:50Z</time></trkpt>
<trkpt lat="33.0745167" lon="35.1062867"><ele>10.2</ele><time>2026-06-24T13:14:51Z</time></trkpt>
<trkpt lat="33.0744714" lon="35.1062875"><ele>10.3</ele><time>2026-06-24T13:14:52Z</time></trkpt>
<trkpt lat="33.0744256" lon="35.1062883"><ele>10.3</ele><time>2026-06-24T13:14:53Z</time></trkpt>
<trkpt lat="33.0743793" lon="35.1062899"><ele>10.4</ele><time>2026-06-24T13:14:54Z</time></trkpt>
<trkpt lat="33.074332" lon="35.1062923"><ele>10.4</ele><time>2026-06-24T13:14:55Z</time></trkpt>
<trkpt lat="33.074283" lon="35.1062938"><ele>10.4</ele><time>2026-06-24T13:14:56Z</time></trkpt>
<trkpt lat="33.0742332" lon="35.106295"><ele>10.4</ele><time>2026-06-24T13:14:57Z</time></trkpt>
<trkpt lat="33.074183" lon="35.1062966"><ele>10.4</ele><time>2026-06-24T13:14:58Z</time></trkpt>
<trkpt lat="33.0741327" lon="35.1062969"><ele>10.5</ele><time>2026-06-24T13:14:59Z</time></trkpt>
<trkpt lat="33.0740822" lon="35.1062952"><ele>10.5</ele><time>2026-06-24T13:15:00Z</time></trkpt>
<trkpt lat="33.0740308" lon="35.1062927"><ele>10.5</ele><time>2026-06-24T13:15:01Z</time></trkpt>
<trkpt lat="33.0739791" lon="35.1062896"><ele>10.5</ele><time>2026-06-24T13:15:02Z</time></trkpt>
<trkpt lat="33.0739274" lon="35.106287"><ele>10.5</ele><time>2026-06-24T13:15:03Z</time></trkpt>
<trkpt lat="33.073876" lon="35.1062868"><ele>10.4</ele><time>2026-06-24T13:15:04Z</time></trkpt>
<trkpt lat="33.0738244" lon="35.1062872"><ele>10.4</ele><time>2026-06-24T13:15:05Z</time></trkpt>
<trkpt lat="33.0737724" lon="35.1062864"><ele>10.4</ele><time>2026-06-24T13:15:06Z</time></trkpt>
<trkpt lat="33.0737201" lon="35.1062845"><ele>10.4</ele><time>2026-06-24T13:15:07Z</time></trkpt>
<trkpt lat="33.0736674" lon="35.1062826"><ele>10.4</ele><time>2026-06-24T13:15:08Z</time></trkpt>
<trkpt lat="33.0736145" lon="35.1062809"><ele>10.3</ele><time>2026-06-24T13:15:09Z</time></trkpt>
<trkpt lat="33.0735617" lon="35.1062802"><ele>10.3</ele><time>2026-06-24T13:15:10Z</time></trkpt>
<trkpt lat="33.0735089" lon="35.1062805"><ele>10.3</ele><time>2026-06-24T13:15:11Z</time></trkpt>
<trkpt lat="33.0734555" lon="35.1062811"><ele>10.3</ele><time>2026-06-24T13:15:12Z</time></trkpt>
<trkpt lat="33.0734017" lon="35.1062816"><ele>10.2</ele><time>2026-06-24T13:15:13Z</time></trkpt>
<trkpt lat="33.073349" lon="35.1062815"><ele>10.2</ele><time>2026-06-24T13:15:14Z</time></trkpt>
<trkpt lat="33.0732976" lon="35.1062801"><ele>10.2</ele><time>2026-06-24T13:15:15Z</time></trkpt>
<trkpt lat="33.0732476" lon="35.1062775"><ele>10.2</ele><time>2026-06-24T13:15:16Z</time></trkpt>
<trkpt lat="33.0731991" lon="35.1062735"><ele>10.1</ele><time>2026-06-24T13:15:17Z</time></trkpt>
<trkpt lat="33.0731506" lon="35.1062685"><ele>10.1</ele><time>2026-06-24T13:15:18Z</time></trkpt>
<trkpt lat="33.0731015" lon="35.1062648"><ele>10.0</ele><time>2026-06-24T13:15:19Z</time></trkpt>
<trkpt lat="33.073052" lon="35.1062629"><ele>10.0</ele><time>2026-06-24T13:15:20Z</time></trkpt>
<trkpt lat="33.0730017" lon="35.1062612"><ele>10.0</ele><time>2026-06-24T13:15:21Z</time></trkpt>
<trkpt lat="33.0729512" lon="35.1062584"><ele>9.9</ele><time>2026-06-24T13:15:22Z</time></trkpt>
<trkpt lat="33.072901" lon="35.1062545"><ele>9.9</ele><time>2026-06-24T13:15:23Z</time></trkpt>
<trkpt lat="33.0728509" lon="35.10625"><ele>9.8</ele><time>2026-06-24T13:15:24Z</time></trkpt>
<trkpt lat="33.0728014" lon="35.1062441"><ele>9.8</ele><time>2026-06-24T13:15:25Z</time></trkpt>
<trkpt lat="33.0727517" lon="35.1062365"><ele>9.8</ele><time>2026-06-24T13:15:26Z</time></trkpt>
<trkpt lat="33.0727011" lon="35.1062284"><ele>9.7</ele><time>2026-06-24T13:15:27Z</time></trkpt>
<trkpt lat="33.0726505" lon="35.1062198"><ele>9.7</ele><time>2026-06-24T13:15:28Z</time></trkpt>
<trkpt lat="33.0726005" lon="35.1062099"><ele>9.6</ele><time>2026-06-24T13:15:29Z</time></trkpt>
<trkpt lat="33.0725514" lon="35.1061978"><ele>9.5</ele><time>2026-06-24T13:15:30Z</time></trkpt>
<trkpt lat="33.0725015" lon="35.1061839"><ele>9.5</ele><time>2026-06-24T13:15:31Z</time></trkpt>
<trkpt lat="33.0724507" lon="35.1061689"><ele>9.4</ele><time>2026-06-24T13:15:32Z</time></trkpt>
<trkpt lat="33.0723999" lon="35.106152"><ele>9.4</ele><time>2026-06-24T13:15:33Z</time></trkpt>
<trkpt lat="33.0723497" lon="35.106132"><ele>9.3</ele><time>2026-06-24T13:15:34Z</time></trkpt>
<trkpt lat="33.0723001" lon="35.1061088"><ele>9.2</ele><time>2026-06-24T13:15:35Z</time></trkpt>
<trkpt lat="33.0722508" lon="35.106085"><ele>9.1</ele><time>2026-06-24T13:15:36Z</time></trkpt>
<trkpt lat="33.0722024" lon="35.1060618"><ele>9.1</ele><time>2026-06-24T13:15:37Z</time></trkpt>
<trkpt lat="33.0721012" lon="35.1060124"><ele>9.0</ele><time>2026-06-24T13:15:39Z</time></trkpt>
<trkpt lat="33.0720556" lon="35.1059918"><ele>9.0</ele><time>2026-06-24T13:15:40Z</time></trkpt>
<trkpt lat="33.0720102" lon="35.1059747"><ele>8.9</ele><time>2026-06-24T13:15:41Z</time></trkpt>
<trkpt lat="33.0719625" lon="35.1059611"><ele>8.9</ele><time>2026-06-24T13:15:42Z</time></trkpt>
<trkpt lat="33.0719135" lon="35.10595"><ele>8.8</ele><time>2026-06-24T13:15:43Z</time></trkpt>
<trkpt lat="33.0718634" lon="35.1059404"><ele>8.8</ele><time>2026-06-24T13:15:44Z</time></trkpt>
<trkpt lat="33.0718121" lon="35.1059313"><ele>8.8</ele><time>2026-06-24T13:15:45Z</time></trkpt>
<trkpt lat="33.0717607" lon="35.1059204"><ele>8.8</ele><time>2026-06-24T13:15:46Z</time></trkpt>
<trkpt lat="33.0717091" lon="35.1059078"><ele>8.7</ele><time>2026-06-24T13:15:47Z</time></trkpt>
<trkpt lat="33.0716572" lon="35.1058957"><ele>8.7</ele><time>2026-06-24T13:15:48Z</time></trkpt>
<trkpt lat="33.071605" lon="35.1058848"><ele>8.7</ele><time>2026-06-24T13:15:49Z</time></trkpt>
<trkpt lat="33.0715523" lon="35.1058742"><ele>8.7</ele><time>2026-06-24T13:15:50Z</time></trkpt>
<trkpt lat="33.0714991" lon="35.1058637"><ele>8.7</ele><time>2026-06-24T13:15:51Z</time></trkpt>
<trkpt lat="33.0714459" lon="35.1058528"><ele>8.6</ele><time>2026-06-24T13:15:52Z</time></trkpt>
<trkpt lat="33.0713926" lon="35.1058416"><ele>8.6</ele><time>2026-06-24T13:15:53Z</time></trkpt>
<trkpt lat="33.0713395" lon="35.1058298"><ele>8.6</ele><time>2026-06-24T13:15:54Z</time></trkpt>
<trkpt lat="33.0712866" lon="35.1058173"><ele>8.6</ele><time>2026-06-24T13:15:55Z</time></trkpt>
<trkpt lat="33.0712346" lon="35.1058046"><ele>8.5</ele><time>2026-06-24T13:15:56Z</time></trkpt>
<trkpt lat="33.0711823" lon="35.1057918"><ele>8.5</ele><time>2026-06-24T13:15:57Z</time></trkpt>
<trkpt lat="33.0711288" lon="35.1057801"><ele>8.5</ele><time>2026-06-24T13:15:58Z</time></trkpt>
<trkpt lat="33.0710749" lon="35.1057705"><ele>8.5</ele><time>2026-06-24T13:15:59Z</time></trkpt>
<trkpt lat="33.0710208" lon="35.1057626"><ele>8.5</ele><time>2026-06-24T13:16:00Z</time></trkpt>
<trkpt lat="33.0709664" lon="35.1057554"><ele>8.5</ele><time>2026-06-24T13:16:01Z</time></trkpt>
<trkpt lat="33.0709117" lon="35.1057495"><ele>8.5</ele><time>2026-06-24T13:16:02Z</time></trkpt>
<trkpt lat="33.0708568" lon="35.1057449"><ele>8.5</ele><time>2026-06-24T13:16:03Z</time></trkpt>
<trkpt lat="33.0708022" lon="35.1057408"><ele>8.5</ele><time>2026-06-24T13:16:04Z</time></trkpt>
<trkpt lat="33.0707483" lon="35.105737"><ele>8.5</ele><time>2026-06-24T13:16:05Z</time></trkpt>
<trkpt lat="33.0706948" lon="35.1057327"><ele>8.5</ele><time>2026-06-24T13:16:06Z</time></trkpt>
<trkpt lat="33.0706408" lon="35.1057276"><ele>8.6</ele><time>2026-06-24T13:16:07Z</time></trkpt>
<trkpt lat="33.0705868" lon="35.1057224"><ele>8.6</ele><time>2026-06-24T13:16:08Z</time></trkpt>
<trkpt lat="33.0705343" lon="35.1057182"><ele>8.6</ele><time>2026-06-24T13:16:09Z</time></trkpt>
<trkpt lat="33.0704828" lon="35.1057141"><ele>8.6</ele><time>2026-06-24T13:16:10Z</time></trkpt>
<trkpt lat="33.0704316" lon="35.105709"><ele>8.7</ele><time>2026-06-24T13:16:11Z</time></trkpt>
<trkpt lat="33.0703791" lon="35.105704"><ele>8.7</ele><time>2026-06-24T13:16:12Z</time></trkpt>
<trkpt lat="33.0703249" lon="35.1057004"><ele>8.7</ele><time>2026-06-24T13:16:13Z</time></trkpt>
<trkpt lat="33.0702708" lon="35.1056974"><ele>8.7</ele><time>2026-06-24T13:16:14Z</time></trkpt>
<trkpt lat="33.0702177" lon="35.1056942"><ele>8.7</ele><time>2026-06-24T13:16:15Z</time></trkpt>
<trkpt lat="33.0701657" lon="35.1056904"><ele>8.7</ele><time>2026-06-24T13:16:16Z</time></trkpt>
<trkpt lat="33.0701146" lon="35.105686"><ele>8.7</ele><time>2026-06-24T13:16:17Z</time></trkpt>
<trkpt lat="33.070064" lon="35.1056812"><ele>8.7</ele><time>2026-06-24T13:16:18Z</time></trkpt>
<trkpt lat="33.0700141" lon="35.1056763"><ele>8.7</ele><time>2026-06-24T13:16:19Z</time></trkpt>
<trkpt lat="33.0699648" lon="35.1056714"><ele>8.7</ele><time>2026-06-24T13:16:20Z</time></trkpt>
<trkpt lat="33.0699163" lon="35.1056665"><ele>8.7</ele><time>2026-06-24T13:16:21Z</time></trkpt>
<trkpt lat="33.0698683" lon="35.1056618"><ele>8.7</ele><time>2026-06-24T13:16:22Z</time></trkpt>
<trkpt lat="33.0698199" lon="35.1056569"><ele>8.7</ele><time>2026-06-24T13:16:23Z</time></trkpt>
<trkpt lat="33.06977" lon="35.1056519"><ele>8.7</ele><time>2026-06-24T13:16:24Z</time></trkpt>
<trkpt lat="33.0697191" lon="35.1056469"><ele>8.7</ele><time>2026-06-24T13:16:25Z</time></trkpt>
<trkpt lat="33.069668" lon="35.1056416"><ele>8.7</ele><time>2026-06-24T13:16:26Z</time></trkpt>
<trkpt lat="33.069617" lon="35.1056362"><ele>8.7</ele><time>2026-06-24T13:16:27Z</time></trkpt>
<trkpt lat="33.0695659" lon="35.1056307"><ele>8.7</ele><time>2026-06-24T13:16:28Z</time></trkpt>
<trkpt lat="33.0695139" lon="35.1056257"><ele>8.8</ele><time>2026-06-24T13:16:29Z</time></trkpt>
<trkpt lat="33.0694616" lon="35.1056214"><ele>8.8</ele><time>2026-06-24T13:16:30Z</time></trkpt>
<trkpt lat="33.0694094" lon="35.1056169"><ele>8.8</ele><time>2026-06-24T13:16:31Z</time></trkpt>
<trkpt lat="33.0693573" lon="35.1056112"><ele>8.8</ele><time>2026-06-24T13:16:32Z</time></trkpt>
<trkpt lat="33.0693052" lon="35.1056052"><ele>8.8</ele><time>2026-06-24T13:16:33Z</time></trkpt>
<trkpt lat="33.0692531" lon="35.1055997"><ele>8.8</ele><time>2026-06-24T13:16:34Z</time></trkpt>
<trkpt lat="33.0692016" lon="35.1055938"><ele>8.9</ele><time>2026-06-24T13:16:35Z</time></trkpt>
<trkpt lat="33.0691505" lon="35.1055869"><ele>8.9</ele><time>2026-06-24T13:16:36Z</time></trkpt>
<trkpt lat="33.0690995" lon="35.1055787"><ele>8.9</ele><time>2026-06-24T13:16:37Z</time></trkpt>
<trkpt lat="33.0690485" lon="35.1055698"><ele>8.9</ele><time>2026-06-24T13:16:38Z</time></trkpt>
<trkpt lat="33.0689977" lon="35.1055602"><ele>8.9</ele><time>2026-06-24T13:16:39Z</time></trkpt>
<trkpt lat="33.0689473" lon="35.1055497"><ele>8.9</ele><time>2026-06-24T13:16:40Z</time></trkpt>
<trkpt lat="33.0688976" lon="35.1055371"><ele>9.0</ele><time>2026-06-24T13:16:41Z</time></trkpt>
<trkpt lat="33.0688479" lon="35.1055206"><ele>9.0</ele><time>2026-06-24T13:16:42Z</time></trkpt>
<trkpt lat="33.0687992" lon="35.1054993"><ele>9.0</ele><time>2026-06-24T13:16:43Z</time></trkpt>
<trkpt lat="33.0687528" lon="35.1054742"><ele>9.0</ele><time>2026-06-24T13:16:44Z</time></trkpt>
<trkpt lat="33.0687077" lon="35.1054469"><ele>9.0</ele><time>2026-06-24T13:16:45Z</time></trkpt>
<trkpt lat="33.0686629" lon="35.1054188"><ele>9.0</ele><time>2026-06-24T13:16:46Z</time></trkpt>
<trkpt lat="33.0686177" lon="35.1053919"><ele>9.0</ele><time>2026-06-24T13:16:47Z</time></trkpt>
<trkpt lat="33.068571" lon="35.1053677"><ele>9.0</ele><time>2026-06-24T13:16:48Z</time></trkpt>
<trkpt lat="33.0685227" lon="35.1053468"><ele>9.0</ele><time>2026-06-24T13:16:49Z</time></trkpt>
<trkpt lat="33.068473" lon="35.1053304"><ele>9.0</ele><time>2026-06-24T13:16:50Z</time></trkpt>
<trkpt lat="33.0684228" lon="35.1053193"><ele>9.1</ele><time>2026-06-24T13:16:51Z</time></trkpt>
<trkpt lat="33.0683721" lon="35.1053139"><ele>9.1</ele><time>2026-06-24T13:16:52Z</time></trkpt>
<trkpt lat="33.0683208" lon="35.1053145"><ele>9.1</ele><time>2026-06-24T13:16:53Z</time></trkpt>
<trkpt lat="33.0682697" lon="35.1053207"><ele>9.1</ele><time>2026-06-24T13:16:54Z</time></trkpt>
<trkpt lat="33.0682193" lon="35.1053318"><ele>9.1</ele><time>2026-06-24T13:16:55Z</time></trkpt>
<trkpt lat="33.0681694" lon="35.105347"><ele>9.0</ele><time>2026-06-24T13:16:56Z</time></trkpt>
<trkpt lat="33.0681193" lon="35.1053637"><ele>9.0</ele><time>2026-06-24T13:16:57Z</time></trkpt>
<trkpt lat="33.068068" lon="35.1053789"><ele>9.0</ele><time>2026-06-24T13:16:58Z</time></trkpt>
<trkpt lat="33.0680154" lon="35.1053898"><ele>9.0</ele><time>2026-06-24T13:16:59Z</time></trkpt>
<trkpt lat="33.0679617" lon="35.1053955"><ele>9.0</ele><time>2026-06-24T13:17:00Z</time></trkpt>
<trkpt lat="33.0679074" lon="35.1053973"><ele>8.9</ele><time>2026-06-24T13:17:01Z</time></trkpt>
<trkpt lat="33.0678536" lon="35.1053966"><ele>8.9</ele><time>2026-06-24T13:17:02Z</time></trkpt>
<trkpt lat="33.0678004" lon="35.1053954"><ele>8.9</ele><time>2026-06-24T13:17:03Z</time></trkpt>
<trkpt lat="33.0677465" lon="35.1053952"><ele>8.8</ele><time>2026-06-24T13:17:04Z</time></trkpt>
<trkpt lat="33.0676907" lon="35.1053968"><ele>8.8</ele><time>2026-06-24T13:17:05Z</time></trkpt>
<trkpt lat="33.0676347" lon="35.1054006"><ele>8.8</ele><time>2026-06-24T13:17:06Z</time></trkpt>
<trkpt lat="33.0675803" lon="35.1054054"><ele>8.8</ele><time>2026-06-24T13:17:07Z</time></trkpt>
<trkpt lat="33.0675263" lon="35.1054103"><ele>8.8</ele><time>2026-06-24T13:17:08Z</time></trkpt>
<trkpt lat="33.067472" lon="35.1054159"><ele>8.7</ele><time>2026-06-24T13:17:09Z</time></trkpt>
<trkpt lat="33.0674175" lon="35.1054227"><ele>8.7</ele><time>2026-06-24T13:17:10Z</time></trkpt>
<trkpt lat="33.0673625" lon="35.1054299"><ele>8.7</ele><time>2026-06-24T13:17:11Z</time></trkpt>
<trkpt lat="33.0673079" lon="35.105437"><ele>8.7</ele><time>2026-06-24T13:17:12Z</time></trkpt>
<trkpt lat="33.067254" lon="35.1054435"><ele>8.7</ele><time>2026-06-24T13:17:13Z</time></trkpt>
<trkpt lat="33.0672002" lon="35.105449"><ele>8.8</ele><time>2026-06-24T13:17:14Z</time></trkpt>
<trkpt lat="33.0671466" lon="35.105453"><ele>8.8</ele><time>2026-06-24T13:17:15Z</time></trkpt>
<trkpt lat="33.0670931" lon="35.1054553"><ele>8.8</ele><time>2026-06-24T13:17:16Z</time></trkpt>
<trkpt lat="33.06704" lon="35.1054565"><ele>8.8</ele><time>2026-06-24T13:17:17Z</time></trkpt>
<trkpt lat="33.0669871" lon="35.1054571"><ele>8.8</ele><time>2026-06-24T13:17:18Z</time></trkpt>
<trkpt lat="33.066934" lon="35.1054572"><ele>8.8</ele><time>2026-06-24T13:17:19Z</time></trkpt>
<trkpt lat="33.0668798" lon="35.1054579"><ele>8.8</ele><time>2026-06-24T13:17:20Z</time></trkpt>
<trkpt lat="33.0668254" lon="35.105459"><ele>8.8</ele><time>2026-06-24T13:17:21Z</time></trkpt>
<trkpt lat="33.0667718" lon="35.1054601"><ele>8.8</ele><time>2026-06-24T13:17:22Z</time></trkpt>
<trkpt lat="33.0667187" lon="35.1054608"><ele>8.8</ele><time>2026-06-24T13:17:23Z</time></trkpt>
<trkpt lat="33.0666662" lon="35.1054615"><ele>8.9</ele><time>2026-06-24T13:17:24Z</time></trkpt>
<trkpt lat="33.0666135" lon="35.1054625"><ele>8.9</ele><time>2026-06-24T13:17:25Z</time></trkpt>
<trkpt lat="33.0665596" lon="35.1054631"><ele>8.9</ele><time>2026-06-24T13:17:26Z</time></trkpt>
<trkpt lat="33.0665053" lon="35.1054632"><ele>8.9</ele><time>2026-06-24T13:17:27Z</time></trkpt>
<trkpt lat="33.0664518" lon="35.1054623"><ele>8.9</ele><time>2026-06-24T13:17:28Z</time></trkpt>
<trkpt lat="33.0663992" lon="35.1054601"><ele>9.0</ele><time>2026-06-24T13:17:29Z</time></trkpt>
<trkpt lat="33.0663473" lon="35.1054564"><ele>9.0</ele><time>2026-06-24T13:17:30Z</time></trkpt>
<trkpt lat="33.0662955" lon="35.1054518"><ele>9.0</ele><time>2026-06-24T13:17:31Z</time></trkpt>
<trkpt lat="33.0662441" lon="35.1054458"><ele>9.0</ele><time>2026-06-24T13:17:32Z</time></trkpt>
<trkpt lat="33.0661939" lon="35.1054378"><ele>9.0</ele><time>2026-06-24T13:17:33Z</time></trkpt>
<trkpt lat="33.0661435" lon="35.1054285"><ele>9.1</ele><time>2026-06-24T13:17:34Z</time></trkpt>
<trkpt lat="33.0660918" lon="35.1054185"><ele>9.1</ele><time>2026-06-24T13:17:35Z</time></trkpt>
<trkpt lat="33.0660405" lon="35.105408"><ele>9.1</ele><time>2026-06-24T13:17:36Z</time></trkpt>
<trkpt lat="33.0659902" lon="35.1053969"><ele>9.1</ele><time>2026-06-24T13:17:37Z</time></trkpt>
<trkpt lat="33.0658883" lon="35.1053732"><ele>9.3</ele><time>2026-06-24T13:17:39Z</time></trkpt>
<trkpt lat="33.0658432" lon="35.1053636"><ele>9.3</ele><time>2026-06-24T13:17:40Z</time></trkpt>
<trkpt lat="33.0657974" lon="35.1053554"><ele>9.3</ele><time>2026-06-24T13:17:41Z</time></trkpt>
<trkpt lat="33.0657493" lon="35.1053482"><ele>9.3</ele><time>2026-06-24T13:17:42Z</time></trkpt>
<trkpt lat="33.0656995" lon="35.1053414"><ele>9.2</ele><time>2026-06-24T13:17:43Z</time></trkpt>
<trkpt lat="33.0656488" lon="35.1053336"><ele>9.2</ele><time>2026-06-24T13:17:44Z</time></trkpt>
<trkpt lat="33.0655965" lon="35.1053236"><ele>9.2</ele><time>2026-06-24T13:17:45Z</time></trkpt>
<trkpt lat="33.0655445" lon="35.1053125"><ele>9.2</ele><time>2026-06-24T13:17:46Z</time></trkpt>
<trkpt lat="33.0654926" lon="35.1053019"><ele>9.2</ele><time>2026-06-24T13:17:47Z</time></trkpt>
<trkpt lat="33.065441" lon="35.1052891"><ele>9.2</ele><time>2026-06-24T13:17:48Z</time></trkpt>
<trkpt lat="33.0653893" lon="35.1052731"><ele>9.2</ele><time>2026-06-24T13:17:49Z</time></trkpt>
<trkpt lat="33.0653372" lon="35.1052568"><ele>9.3</ele><time>2026-06-24T13:17:50Z</time></trkpt>
<trkpt lat="33.0652857" lon="35.1052385"><ele>9.3</ele><time>2026-06-24T13:17:51Z</time></trkpt>
<trkpt lat="33.0652349" lon="35.1052172"><ele>9.3</ele><time>2026-06-24T13:17:52Z</time></trkpt>
<trkpt lat="33.0651846" lon="35.1051945"><ele>9.3</ele><time>2026-06-24T13:17:53Z</time></trkpt>
<trkpt lat="33.0651349" lon="35.1051699"><ele>9.3</ele><time>2026-06-24T13:17:54Z</time></trkpt>
<trkpt lat="33.0650857" lon="35.1051457"><ele>9.4</ele><time>2026-06-24T13:17:55Z</time></trkpt>
<trkpt lat="33.0650358" lon="35.1051239"><ele>9.4</ele><time>2026-06-24T13:17:56Z</time></trkpt>
<trkpt lat="33.0649847" lon="35.1051043"><ele>9.4</ele><time>2026-06-24T13:17:57Z</time></trkpt>
<trkpt lat="33.064933" lon="35.1050873"><ele>9.5</ele><time>2026-06-24T13:17:58Z</time></trkpt>
<trkpt lat="33.0648802" lon="35.1050747"><ele>9.5</ele><time>2026-06-24T13:17:59Z</time></trkpt>
<trkpt lat="33.0648265" lon="35.1050671"><ele>9.5</ele><time>2026-06-24T13:18:00Z</time></trkpt>
<trkpt lat="33.0647724" lon="35.1050631"><ele>9.6</ele><time>2026-06-24T13:18:01Z</time></trkpt>
<trkpt lat="33.0647185" lon="35.1050624"><ele>9.6</ele><time>2026-06-24T13:18:02Z</time></trkpt>
<trkpt lat="33.0646653" lon="35.1050638"><ele>9.6</ele><time>2026-06-24T13:18:03Z</time></trkpt>
<trkpt lat="33.0646125" lon="35.1050655"><ele>9.7</ele><time>2026-06-24T13:18:04Z</time></trkpt>
<trkpt lat="33.0645589" lon="35.1050678"><ele>9.7</ele><time>2026-06-24T13:18:05Z</time></trkpt>
<trkpt lat="33.0645044" lon="35.1050698"><ele>9.8</ele><time>2026-06-24T13:18:06Z</time></trkpt>
<trkpt lat="33.06445" lon="35.1050699"><ele>9.9</ele><time>2026-06-24T13:18:07Z</time></trkpt>
<trkpt lat="33.0643959" lon="35.105068"><ele>9.9</ele><time>2026-06-24T13:18:08Z</time></trkpt>
<trkpt lat="33.064342" lon="35.1050647"><ele>10.0</ele><time>2026-06-24T13:18:09Z</time></trkpt>
<trkpt lat="33.0642886" lon="35.1050584"><ele>10.1</ele><time>2026-06-24T13:18:10Z</time></trkpt>
<trkpt lat="33.0642353" lon="35.1050484"><ele>10.2</ele><time>2026-06-24T13:18:11Z</time></trkpt>
<trkpt lat="33.0641813" lon="35.1050363"><ele>10.2</ele><time>2026-06-24T13:18:12Z</time></trkpt>
<trkpt lat="33.0641261" lon="35.1050235"><ele>10.3</ele><time>2026-06-24T13:18:13Z</time></trkpt>
<trkpt lat="33.0640707" lon="35.1050108"><ele>10.4</ele><time>2026-06-24T13:18:14Z</time></trkpt>
<trkpt lat="33.0640154" lon="35.1049987"><ele>10.5</ele><time>2026-06-24T13:18:15Z</time></trkpt>
<trkpt lat="33.0639605" lon="35.1049882"><ele>10.6</ele><time>2026-06-24T13:18:16Z</time></trkpt>
<trkpt lat="33.0639057" lon="35.1049796"><ele>10.7</ele><time>2026-06-24T13:18:17Z</time></trkpt>
<trkpt lat="33.0638515" lon="35.1049729"><ele>10.7</ele><time>2026-06-24T13:18:18Z</time></trkpt>
<trkpt lat="33.0637979" lon="35.1049677"><ele>10.8</ele><time>2026-06-24T13:18:19Z</time></trkpt>
<trkpt lat="33.063745" lon="35.1049638"><ele>10.9</ele><time>2026-06-24T13:18:20Z</time></trkpt>
<trkpt lat="33.0636923" lon="35.1049609"><ele>10.9</ele><time>2026-06-24T13:18:21Z</time></trkpt>
<trkpt lat="33.0636397" lon="35.1049585"><ele>11.0</ele><time>2026-06-24T13:18:22Z</time></trkpt>
<trkpt lat="33.0635869" lon="35.1049562"><ele>11.0</ele><time>2026-06-24T13:18:23Z</time></trkpt>
<trkpt lat="33.0635339" lon="35.1049539"><ele>11.1</ele><time>2026-06-24T13:18:24Z</time></trkpt>
<trkpt lat="33.0634806" lon="35.1049512"><ele>11.2</ele><time>2026-06-24T13:18:25Z</time></trkpt>
<trkpt lat="33.0634271" lon="35.1049477"><ele>11.2</ele><time>2026-06-24T13:18:26Z</time></trkpt>
<trkpt lat="33.0633739" lon="35.1049433"><ele>11.3</ele><time>2026-06-24T13:18:27Z</time></trkpt>
<trkpt lat="33.0633206" lon="35.1049377"><ele>11.3</ele><time>2026-06-24T13:18:28Z</time></trkpt>
<trkpt lat="33.0632676" lon="35.1049318"><ele>11.4</ele><time>2026-06-24T13:18:29Z</time></trkpt>
<trkpt lat="33.0632141" lon="35.1049264"><ele>11.4</ele><time>2026-06-24T13:18:30Z</time></trkpt>
<trkpt lat="33.0631595" lon="35.1049216"><ele>11.4</ele><time>2026-06-24T13:18:31Z</time></trkpt>
<trkpt lat="33.0631038" lon="35.1049176"><ele>11.4</ele><time>2026-06-24T13:18:32Z</time></trkpt>
<trkpt lat="33.0630473" lon="35.1049135"><ele>11.4</ele><time>2026-06-24T13:18:33Z</time></trkpt>
<trkpt lat="33.0629908" lon="35.1049089"><ele>11.4</ele><time>2026-06-24T13:18:34Z</time></trkpt>
<trkpt lat="33.0629336" lon="35.1049045"><ele>11.3</ele><time>2026-06-24T13:18:35Z</time></trkpt>
<trkpt lat="33.0628771" lon="35.1048993"><ele>11.3</ele><time>2026-06-24T13:18:36Z</time></trkpt>
<trkpt lat="33.0628214" lon="35.1048927"><ele>11.2</ele><time>2026-06-24T13:18:37Z</time></trkpt>
<trkpt lat="33.0627654" lon="35.1048858"><ele>11.1</ele><time>2026-06-24T13:18:38Z</time></trkpt>
<trkpt lat="33.0627058" lon="35.1048759"><ele>11.0</ele><time>2026-06-24T13:18:39Z</time></trkpt>
<trkpt lat="33.062643" lon="35.1048646"><ele>10.9</ele><time>2026-06-24T13:18:40Z</time></trkpt>
<trkpt lat="33.062582" lon="35.1048548"><ele>10.8</ele><time>2026-06-24T13:18:41Z</time></trkpt>
<trkpt lat="33.0625236" lon="35.1048442"><ele>10.7</ele><time>2026-06-24T13:18:42Z</time></trkpt>
<trkpt lat="33.0624671" lon="35.1048324"><ele>10.6</ele><time>2026-06-24T13:18:43Z</time></trkpt>
<trkpt lat="33.0624119" lon="35.1048196"><ele>10.5</ele><time>2026-06-24T13:18:44Z</time></trkpt>
<trkpt lat="33.0623574" lon="35.1048054"><ele>10.4</ele><time>2026-06-24T13:18:45Z</time></trkpt>
<trkpt lat="33.0623036" lon="35.1047907"><ele>10.3</ele><time>2026-06-24T13:18:46Z</time></trkpt>
<trkpt lat="33.0622501" lon="35.1047761"><ele>10.2</ele><time>2026-06-24T13:18:47Z</time></trkpt>
<trkpt lat="33.0621962" lon="35.1047613"><ele>10.1</ele><time>2026-06-24T13:18:48Z</time></trkpt>
<trkpt lat="33.0621413" lon="35.1047463"><ele>10.1</ele><time>2026-06-24T13:18:49Z</time></trkpt>
<trkpt lat="33.0620868" lon="35.104731"><ele>10.0</ele><time>2026-06-24T13:18:50Z</time></trkpt>
<trkpt lat="33.062033" lon="35.1047169"><ele>10.0</ele><time>2026-06-24T13:18:51Z</time></trkpt>
<trkpt lat="33.0619786" lon="35.1047044"><ele>9.9</ele><time>2026-06-24T13:18:52Z</time></trkpt>
<trkpt lat="33.0619237" lon="35.1046927"><ele>9.9</ele><time>2026-06-24T13:18:53Z</time></trkpt>
<trkpt lat="33.0618684" lon="35.1046807"><ele>9.9</ele><time>2026-06-24T13:18:54Z</time></trkpt>
<trkpt lat="33.0618139" lon="35.1046683"><ele>9.9</ele><time>2026-06-24T13:18:55Z</time></trkpt>
<trkpt lat="33.0617602" lon="35.1046558"><ele>9.9</ele><time>2026-06-24T13:18:56Z</time></trkpt>
<trkpt lat="33.061706" lon="35.1046433"><ele>9.9</ele><time>2026-06-24T13:18:57Z</time></trkpt>
<trkpt lat="33.061652" lon="35.1046304"><ele>9.9</ele><time>2026-06-24T13:18:58Z</time></trkpt>
<trkpt lat="33.061598" lon="35.1046171"><ele>9.9</ele><time>2026-06-24T13:18:59Z</time></trkpt>
<trkpt lat="33.0615439" lon="35.1046038"><ele>9.9</ele><time>2026-06-24T13:19:00Z</time></trkpt>
<trkpt lat="33.0614892" lon="35.1045908"><ele>9.9</ele><time>2026-06-24T13:19:01Z</time></trkpt>
<trkpt lat="33.0614343" lon="35.1045774"><ele>9.9</ele><time>2026-06-24T13:19:02Z</time></trkpt>
<trkpt lat="33.0613792" lon="35.1045634"><ele>9.9</ele><time>2026-06-24T13:19:03Z</time></trkpt>
<trkpt lat="33.061323" lon="35.1045493"><ele>9.9</ele><time>2026-06-24T13:19:04Z</time></trkpt>
<trkpt lat="33.0612665" lon="35.1045355"><ele>9.9</ele><time>2026-06-24T13:19:05Z</time></trkpt>
<trkpt lat="33.0612103" lon="35.1045222"><ele>9.9</ele><time>2026-06-24T13:19:06Z</time></trkpt>
<trkpt lat="33.0611542" lon="35.1045096"><ele>9.9</ele><time>2026-06-24T13:19:07Z</time></trkpt>
<trkpt lat="33.0610987" lon="35.1044979"><ele>9.9</ele><time>2026-06-24T13:19:08Z</time></trkpt>
<trkpt lat="33.061043" lon="35.1044857"><ele>9.9</ele><time>2026-06-24T13:19:09Z</time></trkpt>
<trkpt lat="33.0609867" lon="35.1044728"><ele>9.8</ele><time>2026-06-24T13:19:10Z</time></trkpt>
<trkpt lat="33.060932" lon="35.1044605"><ele>9.8</ele><time>2026-06-24T13:19:11Z</time></trkpt>
<trkpt lat="33.060878" lon="35.1044486"><ele>9.9</ele><time>2026-06-24T13:19:12Z</time></trkpt>
<trkpt lat="33.0608238" lon="35.1044368"><ele>9.9</ele><time>2026-06-24T13:19:13Z</time></trkpt>
<trkpt lat="33.0607711" lon="35.104426"><ele>9.9</ele><time>2026-06-24T13:19:14Z</time></trkpt>
<trkpt lat="33.0607199" lon="35.1044166"><ele>10.0</ele><time>2026-06-24T13:19:15Z</time></trkpt>
<trkpt lat="33.060668" lon="35.1044066"><ele>10.1</ele><time>2026-06-24T13:19:16Z</time></trkpt>
<trkpt lat="33.0606159" lon="35.1043958"><ele>10.2</ele><time>2026-06-24T13:19:17Z</time></trkpt>
<trkpt lat="33.0605651" lon="35.1043853"><ele>10.3</ele><time>2026-06-24T13:19:18Z</time></trkpt>
<trkpt lat="33.0605151" lon="35.1043751"><ele>10.5</ele><time>2026-06-24T13:19:19Z</time></trkpt>
<trkpt lat="33.0604643" lon="35.104365"><ele>10.6</ele><time>2026-06-24T13:19:20Z</time></trkpt>
<trkpt lat="33.0604126" lon="35.1043545"><ele>10.8</ele><time>2026-06-24T13:19:21Z</time></trkpt>
<trkpt lat="33.0603613" lon="35.1043442"><ele>11.0</ele><time>2026-06-24T13:19:22Z</time></trkpt>
<trkpt lat="33.0603099" lon="35.1043346"><ele>11.2</ele><time>2026-06-24T13:19:23Z</time></trkpt>
<trkpt lat="33.0602583" lon="35.1043261"><ele>11.3</ele><time>2026-06-24T13:19:24Z</time></trkpt>
<trkpt lat="33.0602064" lon="35.1043189"><ele>11.5</ele><time>2026-06-24T13:19:25Z</time></trkpt>
<trkpt lat="33.0601541" lon="35.1043114"><ele>11.7</ele><time>2026-06-24T13:19:26Z</time></trkpt>
<trkpt lat="33.0601016" lon="35.1043035"><ele>11.8</ele><time>2026-06-24T13:19:27Z</time></trkpt>
<trkpt lat="33.0600488" lon="35.1042966"><ele>11.9</ele><time>2026-06-24T13:19:28Z</time></trkpt>
<trkpt lat="33.0599956" lon="35.10429"><ele>12.1</ele><time>2026-06-24T13:19:29Z</time></trkpt>
<trkpt lat="33.0599418" lon="35.1042826"><ele>12.2</ele><time>2026-06-24T13:19:30Z</time></trkpt>
<trkpt lat="33.0598882" lon="35.1042737"><ele>12.2</ele><time>2026-06-24T13:19:31Z</time></trkpt>
<trkpt lat="33.0598351" lon="35.1042637"><ele>12.3</ele><time>2026-06-24T13:19:32Z</time></trkpt>
<trkpt lat="33.0597828" lon="35.1042527"><ele>12.3</ele><time>2026-06-24T13:19:33Z</time></trkpt>
<trkpt lat="33.0597307" lon="35.1042411"><ele>12.3</ele><time>2026-06-24T13:19:34Z</time></trkpt>
<trkpt lat="33.0596773" lon="35.1042295"><ele>12.3</ele><time>2026-06-24T13:19:35Z</time></trkpt>
<trkpt lat="33.0596222" lon="35.1042176"><ele>12.3</ele><time>2026-06-24T13:19:36Z</time></trkpt>
<trkpt lat="33.0595669" lon="35.1042054"><ele>12.3</ele><time>2026-06-24T13:19:37Z</time></trkpt>
<trkpt lat="33.0595101" lon="35.1041934"><ele>12.2</ele><time>2026-06-24T13:19:38Z</time></trkpt>
<trkpt lat="33.0594516" lon="35.1041819"><ele>12.2</ele><time>2026-06-24T13:19:39Z</time></trkpt>
<trkpt lat="33.0593932" lon="35.1041711"><ele>12.1</ele><time>2026-06-24T13:19:40Z</time></trkpt>
<trkpt lat="33.0593349" lon="35.1041606"><ele>12.0</ele><time>2026-06-24T13:19:41Z</time></trkpt>
<trkpt lat="33.0592767" lon="35.1041502"><ele>11.9</ele><time>2026-06-24T13:19:42Z</time></trkpt>
<trkpt lat="33.0592184" lon="35.1041391"><ele>11.9</ele><time>2026-06-24T13:19:43Z</time></trkpt>
<trkpt lat="33.0591592" lon="35.1041275"><ele>11.8</ele><time>2026-06-24T13:19:44Z</time></trkpt>
<trkpt lat="33.0590989" lon="35.1041159"><ele>11.7</ele><time>2026-06-24T13:19:45Z</time></trkpt>
<trkpt lat="33.0590385" lon="35.1041044"><ele>11.6</ele><time>2026-06-24T13:19:46Z</time></trkpt>
<trkpt lat="33.0589786" lon="35.1040935"><ele>11.5</ele><time>2026-06-24T13:19:47Z</time></trkpt>
<trkpt lat="33.0589183" lon="35.1040829"><ele>11.4</ele><time>2026-06-24T13:19:48Z</time></trkpt>
<trkpt lat="33.058858" lon="35.1040722"><ele>11.3</ele><time>2026-06-24T13:19:49Z</time></trkpt>
<trkpt lat="33.058798" lon="35.1040616"><ele>11.2</ele><time>2026-06-24T13:19:50Z</time></trkpt>
<trkpt lat="33.0587371" lon="35.104053"><ele>11.1</ele><time>2026-06-24T13:19:51Z</time></trkpt>
<trkpt lat="33.0586753" lon="35.1040476"><ele>11.0</ele><time>2026-06-24T13:19:52Z</time></trkpt>
<trkpt lat="33.0586125" lon="35.1040419"><ele>10.8</ele><time>2026-06-24T13:19:53Z</time></trkpt>
<trkpt lat="33.0585484" lon="35.1040343"><ele>10.7</ele><time>2026-06-24T13:19:54Z</time></trkpt>
<trkpt lat="33.0584839" lon="35.1040277"><ele>10.5</ele><time>2026-06-24T13:19:55Z</time></trkpt>
<trkpt lat="33.0584202" lon="35.1040204"><ele>10.4</ele><time>2026-06-24T13:19:56Z</time></trkpt>
<trkpt lat="33.0583573" lon="35.1040128"><ele>10.2</ele><time>2026-06-24T13:19:57Z</time></trkpt>
<trkpt lat="33.0582943" lon="35.104006"><ele>10.1</ele><time>2026-06-24T13:19:58Z</time></trkpt>
<trkpt lat="33.0582313" lon="35.1039999"><ele>10.0</ele><time>2026-06-24T13:19:59Z</time></trkpt>
<trkpt lat="33.0581689" lon="35.1039935"><ele>9.8</ele><time>2026-06-24T13:20:00Z</time></trkpt>
<trkpt lat="33.0581066" lon="35.103985"><ele>9.7</ele><time>2026-06-24T13:20:01Z</time></trkpt>
<trkpt lat="33.0580442" lon="35.1039758"><ele>9.6</ele><time>2026-06-24T13:20:02Z</time></trkpt>
<trkpt lat="33.0579819" lon="35.1039655"><ele>9.5</ele><time>2026-06-24T13:20:03Z</time></trkpt>
<trkpt lat="33.057919" lon="35.1039552"><ele>9.4</ele><time>2026-06-24T13:20:04Z</time></trkpt>
<trkpt lat="33.0578564" lon="35.1039437"><ele>9.4</ele><time>2026-06-24T13:20:05Z</time></trkpt>
<trkpt lat="33.0577944" lon="35.1039303"><ele>9.3</ele><time>2026-06-24T13:20:06Z</time></trkpt>
<trkpt lat="33.0577324" lon="35.1039185"><ele>9.2</ele><time>2026-06-24T13:20:07Z</time></trkpt>
<trkpt lat="33.0576696" lon="35.1039077"><ele>9.2</ele><time>2026-06-24T13:20:08Z</time></trkpt>
<trkpt lat="33.0576074" lon="35.1038951"><ele>9.1</ele><time>2026-06-24T13:20:09Z</time></trkpt>
<trkpt lat="33.0575454" lon="35.1038802"><ele>9.1</ele><time>2026-06-24T13:20:10Z</time></trkpt>
<trkpt lat="33.0574834" lon="35.1038639"><ele>9.0</ele><time>2026-06-24T13:20:11Z</time></trkpt>
<trkpt lat="33.057423" lon="35.1038473"><ele>9.0</ele><time>2026-06-24T13:20:12Z</time></trkpt>
<trkpt lat="33.0573634" lon="35.1038292"><ele>8.9</ele><time>2026-06-24T13:20:13Z</time></trkpt>
<trkpt lat="33.0573047" lon="35.1038071"><ele>8.9</ele><time>2026-06-24T13:20:14Z</time></trkpt>
<trkpt lat="33.0572474" lon="35.1037817"><ele>8.8</ele><time>2026-06-24T13:20:15Z</time></trkpt>
<trkpt lat="33.0571904" lon="35.1037549"><ele>8.8</ele><time>2026-06-24T13:20:16Z</time></trkpt>
<trkpt lat="33.0571343" lon="35.1037244"><ele>8.8</ele><time>2026-06-24T13:20:17Z</time></trkpt>
<trkpt lat="33.05708" lon="35.1036901"><ele>8.7</ele><time>2026-06-24T13:20:18Z</time></trkpt>
<trkpt lat="33.057027" lon="35.1036554"><ele>8.7</ele><time>2026-06-24T13:20:19Z</time></trkpt>
<trkpt lat="33.0569732" lon="35.1036229"><ele>8.7</ele><time>2026-06-24T13:20:20Z</time></trkpt>
<trkpt lat="33.0569191" lon="35.1035936"><ele>8.7</ele><time>2026-06-24T13:20:21Z</time></trkpt>
<trkpt lat="33.0568657" lon="35.1035654"><ele>8.7</ele><time>2026-06-24T13:20:22Z</time></trkpt>
<trkpt lat="33.0568121" lon="35.1035369"><ele>8.7</ele><time>2026-06-24T13:20:23Z</time></trkpt>
<trkpt lat="33.0567599" lon="35.1035082"><ele>8.8</ele><time>2026-06-24T13:20:24Z</time></trkpt>
<trkpt lat="33.0567086" lon="35.1034796"><ele>8.8</ele><time>2026-06-24T13:20:25Z</time></trkpt>
<trkpt lat="33.0566576" lon="35.1034505"><ele>8.9</ele><time>2026-06-24T13:20:26Z</time></trkpt>
<trkpt lat="33.056607" lon="35.103422"><ele>9.0</ele><time>2026-06-24T13:20:27Z</time></trkpt>
<trkpt lat="33.0565556" lon="35.1033947"><ele>9.1</ele><time>2026-06-24T13:20:28Z</time></trkpt>
<trkpt lat="33.0565029" lon="35.1033683"><ele>9.3</ele><time>2026-06-24T13:20:29Z</time></trkpt>
<trkpt lat="33.0564495" lon="35.1033435"><ele>9.4</ele><time>2026-06-24T13:20:30Z</time></trkpt>
<trkpt lat="33.0563964" lon="35.1033212"><ele>9.5</ele><time>2026-06-24T13:20:31Z</time></trkpt>
<trkpt lat="33.0563434" lon="35.1033012"><ele>9.6</ele><time>2026-06-24T13:20:32Z</time></trkpt>
<trkpt lat="33.0562898" lon="35.1032826"><ele>9.7</ele><time>2026-06-24T13:20:33Z</time></trkpt>
<trkpt lat="33.0562358" lon="35.1032642"><ele>9.8</ele><time>2026-06-24T13:20:34Z</time></trkpt>
<trkpt lat="33.0561819" lon="35.1032462"><ele>9.9</ele><time>2026-06-24T13:20:35Z</time></trkpt>
<trkpt lat="33.0561279" lon="35.1032292"><ele>10.0</ele><time>2026-06-24T13:20:36Z</time></trkpt>
<trkpt lat="33.0560731" lon="35.103214"><ele>10.0</ele><time>2026-06-24T13:20:37Z</time></trkpt>
<trkpt lat="33.0560178" lon="35.1032009"><ele>10.1</ele><time>2026-06-24T13:20:38Z</time></trkpt>
<trkpt lat="33.0559624" lon="35.1031887"><ele>10.1</ele><time>2026-06-24T13:20:39Z</time></trkpt>
<trkpt lat="33.055908" lon="35.1031763"><ele>10.1</ele><time>2026-06-24T13:20:40Z</time></trkpt>
<trkpt lat="33.0558538" lon="35.1031636"><ele>10.1</ele><time>2026-06-24T13:20:41Z</time></trkpt>
<trkpt lat="33.0557975" lon="35.1031516"><ele>10.0</ele><time>2026-06-24T13:20:42Z</time></trkpt>
<trkpt lat="33.0557392" lon="35.1031396"><ele>10.0</ele><time>2026-06-24T13:20:43Z</time></trkpt>
<trkpt lat="33.0556789" lon="35.1031303"><ele>9.9</ele><time>2026-06-24T13:20:44Z</time></trkpt>
<trkpt lat="33.0556161" lon="35.1031261"><ele>9.8</ele><time>2026-06-24T13:20:45Z</time></trkpt>
<trkpt lat="33.0555509" lon="35.1031255"><ele>9.7</ele><time>2026-06-24T13:20:46Z</time></trkpt>
<trkpt lat="33.0554839" lon="35.1031233"><ele>9.5</ele><time>2026-06-24T13:20:47Z</time></trkpt>
<trkpt lat="33.0554158" lon="35.1031171"><ele>9.4</ele><time>2026-06-24T13:20:48Z</time></trkpt>
<trkpt lat="33.0553479" lon="35.1031086"><ele>9.2</ele><time>2026-06-24T13:20:49Z</time></trkpt>
<trkpt lat="33.0552807" lon="35.1030993"><ele>9.0</ele><time>2026-06-24T13:20:50Z</time></trkpt>
<trkpt lat="33.0552141" lon="35.1030903"><ele>8.9</ele><time>2026-06-24T13:20:51Z</time></trkpt>
<trkpt lat="33.0551482" lon="35.1030793"><ele>8.8</ele><time>2026-06-24T13:20:52Z</time></trkpt>
<trkpt lat="33.0550846" lon="35.1030662"><ele>8.7</ele><time>2026-06-24T13:20:53Z</time></trkpt>
<trkpt lat="33.0550236" lon="35.1030511"><ele>8.6</ele><time>2026-06-24T13:20:54Z</time></trkpt>
<trkpt lat="33.0549638" lon="35.1030335"><ele>8.5</ele><time>2026-06-24T13:20:55Z</time></trkpt>
<trkpt lat="33.0549047" lon="35.1030153"><ele>8.5</ele><time>2026-06-24T13:20:56Z</time></trkpt>
<trkpt lat="33.0548471" lon="35.1029984"><ele>8.5</ele><time>2026-06-24T13:20:57Z</time></trkpt>
<trkpt lat="33.0547908" lon="35.1029832"><ele>8.5</ele><time>2026-06-24T13:20:58Z</time></trkpt>
<trkpt lat="33.0547351" lon="35.1029691"><ele>8.5</ele><time>2026-06-24T13:20:59Z</time></trkpt>
<trkpt lat="33.0546797" lon="35.1029565"><ele>8.6</ele><time>2026-06-24T13:21:00Z</time></trkpt>
<trkpt lat="33.0546239" lon="35.1029456"><ele>8.6</ele><time>2026-06-24T13:21:01Z</time></trkpt>
<trkpt lat="33.0545671" lon="35.1029361"><ele>8.7</ele><time>2026-06-24T13:21:02Z</time></trkpt>
<trkpt lat="33.0545102" lon="35.1029274"><ele>8.7</ele><time>2026-06-24T13:21:03Z</time></trkpt>
<trkpt lat="33.0544545" lon="35.1029193"><ele>8.8</ele><time>2026-06-24T13:21:04Z</time></trkpt>
<trkpt lat="33.0543993" lon="35.102912"><ele>8.8</ele><time>2026-06-24T13:21:05Z</time></trkpt>
<trkpt lat="33.054343" lon="35.1029054"><ele>8.8</ele><time>2026-06-24T13:21:06Z</time></trkpt>
<trkpt lat="33.0542851" lon="35.1028986"><ele>8.8</ele><time>2026-06-24T13:21:07Z</time></trkpt>
<trkpt lat="33.0542257" lon="35.1028894"><ele>8.8</ele><time>2026-06-24T13:21:08Z</time></trkpt>
<trkpt lat="33.0541656" lon="35.1028774"><ele>8.8</ele><time>2026-06-24T13:21:09Z</time></trkpt>
<trkpt lat="33.0541054" lon="35.1028662"><ele>8.8</ele><time>2026-06-24T13:21:10Z</time></trkpt>
<trkpt lat="33.0540457" lon="35.1028569"><ele>8.8</ele><time>2026-06-24T13:21:11Z</time></trkpt>
<trkpt lat="33.0539869" lon="35.1028478"><ele>8.8</ele><time>2026-06-24T13:21:12Z</time></trkpt>
<trkpt lat="33.053929" lon="35.1028392"><ele>8.7</ele><time>2026-06-24T13:21:13Z</time></trkpt>
<trkpt lat="33.0538703" lon="35.1028299"><ele>8.7</ele><time>2026-06-24T13:21:14Z</time></trkpt>
<trkpt lat="33.0538104" lon="35.1028176"><ele>8.6</ele><time>2026-06-24T13:21:15Z</time></trkpt>
<trkpt lat="33.0537506" lon="35.1028031"><ele>8.6</ele><time>2026-06-24T13:21:16Z</time></trkpt>
<trkpt lat="33.0536909" lon="35.1027869"><ele>8.5</ele><time>2026-06-24T13:21:17Z</time></trkpt>
<trkpt lat="33.0536323" lon="35.1027689"><ele>8.5</ele><time>2026-06-24T13:21:18Z</time></trkpt>
<trkpt lat="33.0535752" lon="35.10275"><ele>8.4</ele><time>2026-06-24T13:21:19Z</time></trkpt>
<trkpt lat="33.0535191" lon="35.102731"><ele>8.4</ele><time>2026-06-24T13:21:20Z</time></trkpt>
<trkpt lat="33.0534629" lon="35.1027133"><ele>8.4</ele><time>2026-06-24T13:21:21Z</time></trkpt>
<trkpt lat="33.0534056" lon="35.1026964"><ele>8.3</ele><time>2026-06-24T13:21:22Z</time></trkpt>
<trkpt lat="33.0533458" lon="35.1026785"><ele>8.3</ele><time>2026-06-24T13:21:23Z</time></trkpt>
<trkpt lat="33.053286" lon="35.1026592"><ele>8.2</ele><time>2026-06-24T13:21:24Z</time></trkpt>
<trkpt lat="33.0532295" lon="35.1026411"><ele>8.2</ele><time>2026-06-24T13:21:25Z</time></trkpt>
<trkpt lat="33.0531748" lon="35.1026246"><ele>8.2</ele><time>2026-06-24T13:21:26Z</time></trkpt>
<trkpt lat="33.0531201" lon="35.1026113"><ele>8.1</ele><time>2026-06-24T13:21:27Z</time></trkpt>
<trkpt lat="33.0530645" lon="35.1026029"><ele>8.1</ele><time>2026-06-24T13:21:28Z</time></trkpt>
<trkpt lat="33.0530073" lon="35.1025992"><ele>8.1</ele><time>2026-06-24T13:21:29Z</time></trkpt>
<trkpt lat="33.0529495" lon="35.1025997"><ele>8.1</ele><time>2026-06-24T13:21:30Z</time></trkpt>
<trkpt lat="33.0528917" lon="35.1026024"><ele>8.2</ele><time>2026-06-24T13:21:31Z</time></trkpt>
<trkpt lat="33.0528339" lon="35.1026059"><ele>8.2</ele><time>2026-06-24T13:21:32Z</time></trkpt>
<trkpt lat="33.0527766" lon="35.1026103"><ele>8.3</ele><time>2026-06-24T13:21:33Z</time></trkpt>
<trkpt lat="33.0527197" lon="35.1026153"><ele>8.3</ele><time>2026-06-24T13:21:34Z</time></trkpt>
<trkpt lat="33.0526626" lon="35.1026205"><ele>8.4</ele><time>2026-06-24T13:21:35Z</time></trkpt>
<trkpt lat="33.0526059" lon="35.102625"><ele>8.5</ele><time>2026-06-24T13:21:36Z</time></trkpt>
<trkpt lat="33.0525502" lon="35.1026282"><ele>8.7</ele><time>2026-06-24T13:21:37Z</time></trkpt>
<trkpt lat="33.0524111" lon="35.1026143"><ele>9.0</ele><time>2026-06-24T13:21:40Z</time></trkpt>
<trkpt lat="33.0523639" lon="35.1026011"><ele>9.1</ele><time>2026-06-24T13:21:41Z</time></trkpt>
<trkpt lat="33.0523146" lon="35.1025854"><ele>9.2</ele><time>2026-06-24T13:21:42Z</time></trkpt>
<trkpt lat="33.0522116" lon="35.1025463"><ele>9.2</ele><time>2026-06-24T13:21:43Z</time></trkpt>
<trkpt lat="33.052159" lon="35.1025235"><ele>9.2</ele><time>2026-06-24T13:21:44Z</time></trkpt>
<trkpt lat="33.0521062" lon="35.1025002"><ele>9.2</ele><time>2026-06-24T13:21:45Z</time></trkpt>
<trkpt lat="33.0520536" lon="35.1024777"><ele>9.2</ele><time>2026-06-24T13:21:46Z</time></trkpt>
<trkpt lat="33.0520014" lon="35.1024569"><ele>9.2</ele><time>2026-06-24T13:21:47Z</time></trkpt>
<trkpt lat="33.05195" lon="35.1024352"><ele>9.2</ele><time>2026-06-24T13:21:48Z</time></trkpt>
<trkpt lat="33.0519008" lon="35.1024104"><ele>9.2</ele><time>2026-06-24T13:21:49Z</time></trkpt>
<trkpt lat="33.0518508" lon="35.1023862"><ele>9.2</ele><time>2026-06-24T13:21:50Z</time></trkpt>
<trkpt lat="33.0517985" lon="35.1023653"><ele>9.2</ele><time>2026-06-24T13:21:51Z</time></trkpt>
<trkpt lat="33.0517457" lon="35.1023451"><ele>9.2</ele><time>2026-06-24T13:21:52Z</time></trkpt>
<trkpt lat="33.0516906" lon="35.1023253"><ele>9.2</ele><time>2026-06-24T13:21:53Z</time></trkpt>
<trkpt lat="33.0516319" lon="35.1023078"><ele>9.2</ele><time>2026-06-24T13:21:54Z</time></trkpt>
<trkpt lat="33.0515718" lon="35.1022937"><ele>9.2</ele><time>2026-06-24T13:21:55Z</time></trkpt>
<trkpt lat="33.0515103" lon="35.1022831"><ele>9.2</ele><time>2026-06-24T13:21:56Z</time></trkpt>
<trkpt lat="33.051448" lon="35.1022785"><ele>9.1</ele><time>2026-06-24T13:21:57Z</time></trkpt>
<trkpt lat="33.0513863" lon="35.1022807"><ele>9.1</ele><time>2026-06-24T13:21:58Z</time></trkpt>
<trkpt lat="33.0513249" lon="35.102287"><ele>9.0</ele><time>2026-06-24T13:21:59Z</time></trkpt>
<trkpt lat="33.0512636" lon="35.1022947"><ele>8.9</ele><time>2026-06-24T13:22:00Z</time></trkpt>
<trkpt lat="33.051202" lon="35.1023031"><ele>8.8</ele><time>2026-06-24T13:22:01Z</time></trkpt>
<trkpt lat="33.0511404" lon="35.1023113"><ele>8.7</ele><time>2026-06-24T13:22:02Z</time></trkpt>
<trkpt lat="33.0510788" lon="35.1023204"><ele>8.7</ele><time>2026-06-24T13:22:03Z</time></trkpt>
<trkpt lat="33.051018" lon="35.1023328"><ele>8.6</ele><time>2026-06-24T13:22:04Z</time></trkpt>
<trkpt lat="33.0509591" lon="35.1023471"><ele>8.5</ele><time>2026-06-24T13:22:05Z</time></trkpt>
<trkpt lat="33.050902" lon="35.1023628"><ele>8.5</ele><time>2026-06-24T13:22:06Z</time></trkpt>
<trkpt lat="33.0508474" lon="35.1023836"><ele>8.5</ele><time>2026-06-24T13:22:07Z</time></trkpt>
<trkpt lat="33.0507771" lon="35.102477"><ele>8.5</ele><time>2026-06-24T13:22:09Z</time></trkpt>
<trkpt lat="33.0507686" lon="35.1025393"><ele>8.4</ele><time>2026-06-24T13:22:10Z</time></trkpt>
<trkpt lat="33.0507636" lon="35.1026015"><ele>8.3</ele><time>2026-06-24T13:22:11Z</time></trkpt>
<trkpt lat="33.0507581" lon="35.1026646"><ele>8.2</ele><time>2026-06-24T13:22:12Z</time></trkpt>
<trkpt lat="33.0507469" lon="35.1027274"><ele>8.1</ele><time>2026-06-24T13:22:13Z</time></trkpt>
<trkpt lat="33.0507272" lon="35.1027891"><ele>8.0</ele><time>2026-06-24T13:22:14Z</time></trkpt>
<trkpt lat="33.0506918" lon="35.1028489"><ele>7.9</ele><time>2026-06-24T13:22:15Z</time></trkpt>
<trkpt lat="33.0506414" lon="35.1029009"><ele>7.7</ele><time>2026-06-24T13:22:16Z</time></trkpt>
<trkpt lat="33.0505853" lon="35.1029424"><ele>7.6</ele><time>2026-06-24T13:22:17Z</time></trkpt>
<trkpt lat="33.0505258" lon="35.1029658"><ele>7.4</ele><time>2026-06-24T13:22:18Z</time></trkpt>
<trkpt lat="33.0504667" lon="35.1029743"><ele>7.3</ele><time>2026-06-24T13:22:19Z</time></trkpt>
<trkpt lat="33.0504106" lon="35.1029784"><ele>7.2</ele><time>2026-06-24T13:22:20Z</time></trkpt>
<trkpt lat="33.0503589" lon="35.1029794"><ele>7.2</ele><time>2026-06-24T13:22:21Z</time></trkpt>
<trkpt lat="33.050311" lon="35.1029804"><ele>7.1</ele><time>2026-06-24T13:22:22Z</time></trkpt>
<trkpt lat="33.0502652" lon="35.1029836"><ele>7.1</ele><time>2026-06-24T13:22:23Z</time></trkpt>
<trkpt lat="33.0502225" lon="35.1029897"><ele>7.2</ele><time>2026-06-24T13:22:24Z</time></trkpt>
<trkpt lat="33.050182" lon="35.1029979"><ele>7.3</ele><time>2026-06-24T13:22:25Z</time></trkpt>
<trkpt lat="33.050142" lon="35.103006"><ele>7.4</ele><time>2026-06-24T13:22:26Z</time></trkpt>
<trkpt lat="33.0501016" lon="35.1030141"><ele>7.5</ele><time>2026-06-24T13:22:27Z</time></trkpt>
<trkpt lat="33.0500611" lon="35.1030233"><ele>7.6</ele><time>2026-06-24T13:22:28Z</time></trkpt>
<trkpt lat="33.0500197" lon="35.103034"><ele>7.7</ele><time>2026-06-24T13:22:29Z</time></trkpt>
<trkpt lat="33.0499773" lon="35.1030479"><ele>7.9</ele><time>2026-06-24T13:22:30Z</time></trkpt>
<trkpt lat="33.049934" lon="35.1030663"><ele>8.0</ele><time>2026-06-24T13:22:31Z</time></trkpt>
<trkpt lat="33.0498913" lon="35.103088"><ele>8.1</ele><time>2026-06-24T13:22:32Z</time></trkpt>
<trkpt lat="33.0498496" lon="35.1031105"><ele>8.2</ele><time>2026-06-24T13:22:33Z</time></trkpt>
<trkpt lat="33.0498072" lon="35.1031318"><ele>8.3</ele><time>2026-06-24T13:22:34Z</time></trkpt>
<trkpt lat="33.0497634" lon="35.1031519"><ele>8.4</ele><time>2026-06-24T13:22:35Z</time></trkpt>
<trkpt lat="33.0497187" lon="35.1031725"><ele>8.5</ele><time>2026-06-24T13:22:36Z</time></trkpt>
<trkpt lat="33.0496739" lon="35.1031933"><ele>8.5</ele><time>2026-06-24T13:22:37Z</time></trkpt>
<trkpt lat="33.0496291" lon="35.1032138"><ele>8.6</ele><time>2026-06-24T13:22:38Z</time></trkpt>
<trkpt lat="33.0495839" lon="35.1032335"><ele>8.7</ele><time>2026-06-24T13:22:39Z</time></trkpt>
<trkpt lat="33.0495376" lon="35.1032525"><ele>8.7</ele><time>2026-06-24T13:22:40Z</time></trkpt>
<trkpt lat="33.04949" lon="35.1032711"><ele>8.8</ele><time>2026-06-24T13:22:41Z</time></trkpt>
<trkpt lat="33.0494408" lon="35.1032909"><ele>8.8</ele><time>2026-06-24T13:22:42Z</time></trkpt>
<trkpt lat="33.0493905" lon="35.1033121"><ele>8.9</ele><time>2026-06-24T13:22:43Z</time></trkpt>
<trkpt lat="33.0493403" lon="35.1033337"><ele>8.9</ele><time>2026-06-24T13:22:44Z</time></trkpt>
<trkpt lat="33.0492903" lon="35.1033549"><ele>8.9</ele><time>2026-06-24T13:22:45Z</time></trkpt>
<trkpt lat="33.0492405" lon="35.1033751"><ele>9.0</ele><time>2026-06-24T13:22:46Z</time></trkpt>
<trkpt lat="33.0491911" lon="35.1033949"><ele>9.0</ele><time>2026-06-24T13:22:47Z</time></trkpt>
<trkpt lat="33.0491416" lon="35.1034151"><ele>9.0</ele><time>2026-06-24T13:22:48Z</time></trkpt>
<trkpt lat="33.0490918" lon="35.1034348"><ele>9.1</ele><time>2026-06-24T13:22:49Z</time></trkpt>
<trkpt lat="33.0490422" lon="35.103453"><ele>9.1</ele><time>2026-06-24T13:22:50Z</time></trkpt>
<trkpt lat="33.0489929" lon="35.1034697"><ele>9.2</ele><time>2026-06-24T13:22:51Z</time></trkpt>
<trkpt lat="33.0489442" lon="35.1034855"><ele>9.3</ele><time>2026-06-24T13:22:52Z</time></trkpt>
<trkpt lat="33.0488955" lon="35.1035002"><ele>9.3</ele><time>2026-06-24T13:22:53Z</time></trkpt>
<trkpt lat="33.0488456" lon="35.1035123"><ele>9.4</ele><time>2026-06-24T13:22:54Z</time></trkpt>
<trkpt lat="33.0487945" lon="35.1035211"><ele>9.5</ele><time>2026-06-24T13:22:55Z</time></trkpt>
<trkpt lat="33.0487433" lon="35.1035265"><ele>9.5</ele><time>2026-06-24T13:22:56Z</time></trkpt>
<trkpt lat="33.0486928" lon="35.1035281"><ele>9.6</ele><time>2026-06-24T13:22:57Z</time></trkpt>
<trkpt lat="33.0486432" lon="35.1035259"><ele>9.7</ele><time>2026-06-24T13:22:58Z</time></trkpt>
<trkpt lat="33.0485935" lon="35.1035197"><ele>9.8</ele><time>2026-06-24T13:22:59Z</time></trkpt>
<trkpt lat="33.0485429" lon="35.1035101"><ele>9.9</ele><time>2026-06-24T13:23:00Z</time></trkpt>
<trkpt lat="33.0484921" lon="35.103499"><ele>9.9</ele><time>2026-06-24T13:23:01Z</time></trkpt>
<trkpt lat="33.0484418" lon="35.1034872"><ele>10.0</ele><time>2026-06-24T13:23:02Z</time></trkpt>
<trkpt lat="33.0483923" lon="35.1034754"><ele>10.1</ele><time>2026-06-24T13:23:03Z</time></trkpt>
<trkpt lat="33.0483428" lon="35.1034641"><ele>10.2</ele><time>2026-06-24T13:23:04Z</time></trkpt>
<trkpt lat="33.0482934" lon="35.103453"><ele>10.3</ele><time>2026-06-24T13:23:05Z</time></trkpt>
<trkpt lat="33.0482443" lon="35.1034428"><ele>10.4</ele><time>2026-06-24T13:23:06Z</time></trkpt>
<trkpt lat="33.0481954" lon="35.1034327"><ele>10.5</ele><time>2026-06-24T13:23:07Z</time></trkpt>
<trkpt lat="33.0481469" lon="35.1034224"><ele>10.6</ele><time>2026-06-24T13:23:08Z</time></trkpt>
<trkpt lat="33.048099" lon="35.103412"><ele>10.7</ele><time>2026-06-24T13:23:09Z</time></trkpt>
<trkpt lat="33.0480504" lon="35.1034021"><ele>10.8</ele><time>2026-06-24T13:23:10Z</time></trkpt>
<trkpt lat="33.0480005" lon="35.1033931"><ele>10.9</ele><time>2026-06-24T13:23:11Z</time></trkpt>
<trkpt lat="33.0479501" lon="35.1033844"><ele>11.0</ele><time>2026-06-24T13:23:12Z</time></trkpt>
<trkpt lat="33.0479002" lon="35.1033752"><ele>11.1</ele><time>2026-06-24T13:23:13Z</time></trkpt>
<trkpt lat="33.0478507" lon="35.1033649"><ele>11.2</ele><time>2026-06-24T13:23:14Z</time></trkpt>
<trkpt lat="33.0478021" lon="35.1033537"><ele>11.3</ele><time>2026-06-24T13:23:15Z</time></trkpt>
<trkpt lat="33.0477542" lon="35.1033425"><ele>11.3</ele><time>2026-06-24T13:23:16Z</time></trkpt>
<trkpt lat="33.047705" lon="35.1033314"><ele>11.4</ele><time>2026-06-24T13:23:17Z</time></trkpt>
<trkpt lat="33.0476539" lon="35.1033213"><ele>11.4</ele><time>2026-06-24T13:23:18Z</time></trkpt>
<trkpt lat="33.0476026" lon="35.1033128"><ele>11.5</ele><time>2026-06-24T13:23:19Z</time></trkpt>
<trkpt lat="33.0475511" lon="35.103306"><ele>11.5</ele><time>2026-06-24T13:23:20Z</time></trkpt>
<trkpt lat="33.047499" lon="35.1033014"><ele>11.5</ele><time>2026-06-24T13:23:21Z</time></trkpt>
<trkpt lat="33.0474474" lon="35.1032994"><ele>11.5</ele><time>2026-06-24T13:23:22Z</time></trkpt>
<trkpt lat="33.0473967" lon="35.1033"><ele>11.5</ele><time>2026-06-24T13:23:23Z</time></trkpt>
<trkpt lat="33.0473463" lon="35.1033041"><ele>11.5</ele><time>2026-06-24T13:23:24Z</time></trkpt>
<trkpt lat="33.0472956" lon="35.1033121"><ele>11.5</ele><time>2026-06-24T13:23:25Z</time></trkpt>
<trkpt lat="33.0472423" lon="35.1033237"><ele>11.4</ele><time>2026-06-24T13:23:26Z</time></trkpt>
<trkpt lat="33.0471875" lon="35.1033392"><ele>11.4</ele><time>2026-06-24T13:23:27Z</time></trkpt>
<trkpt lat="33.0471346" lon="35.1033588"><ele>11.3</ele><time>2026-06-24T13:23:28Z</time></trkpt>
<trkpt lat="33.047084" lon="35.1033833"><ele>11.2</ele><time>2026-06-24T13:23:29Z</time></trkpt>
<trkpt lat="33.0470355" lon="35.1034139"><ele>11.1</ele><time>2026-06-24T13:23:30Z</time></trkpt>
<trkpt lat="33.0469888" lon="35.1034502"><ele>11.0</ele><time>2026-06-24T13:23:31Z</time></trkpt>
<trkpt lat="33.0469442" lon="35.1034901"><ele>10.8</ele><time>2026-06-24T13:23:32Z</time></trkpt>
<trkpt lat="33.0469021" lon="35.1035318"><ele>10.6</ele><time>2026-06-24T13:23:33Z</time></trkpt>
<trkpt lat="33.0468613" lon="35.1035747"><ele>10.4</ele><time>2026-06-24T13:23:34Z</time></trkpt>
<trkpt lat="33.0468208" lon="35.103619"><ele>10.2</ele><time>2026-06-24T13:23:35Z</time></trkpt>
<trkpt lat="33.0467802" lon="35.1036635"><ele>10.0</ele><time>2026-06-24T13:23:36Z</time></trkpt>
<trkpt lat="33.0467402" lon="35.1037061"><ele>9.9</ele><time>2026-06-24T13:23:37Z</time></trkpt>
<trkpt lat="33.0467016" lon="35.1037454"><ele>9.9</ele><time>2026-06-24T13:23:38Z</time></trkpt>
<trkpt lat="33.0466638" lon="35.1037818"><ele>10.1</ele><time>2026-06-24T13:23:39Z</time></trkpt>
<trkpt lat="33.0466261" lon="35.1038151"><ele>10.6</ele><time>2026-06-24T13:23:40Z</time></trkpt>
<trkpt lat="33.0465876" lon="35.1038432"><ele>11.7</ele><time>2026-06-24T13:23:41Z</time></trkpt>
<trkpt lat="33.0465472" lon="35.1038638"><ele>13.5</ele><time>2026-06-24T13:23:42Z</time></trkpt>
<trkpt lat="33.0465032" lon="35.103876"><ele>16.2</ele><time>2026-06-24T13:23:43Z</time></trkpt>
<trkpt lat="33.0464553" lon="35.1038796"><ele>20.2</ele><time>2026-06-24T13:23:44Z</time></trkpt>
<trkpt lat="33.0464053" lon="35.1038756"><ele>25.7</ele><time>2026-06-24T13:23:45Z</time></trkpt>
<trkpt lat="33.0463557" lon="35.1038671"><ele>32.7</ele><time>2026-06-24T13:23:46Z</time></trkpt>
<trkpt lat="33.0463083" lon="35.1038579"><ele>41.2</ele><time>2026-06-24T13:23:47Z</time></trkpt>
<trkpt lat="33.0462629" lon="35.103851"><ele>50.8</ele><time>2026-06-24T13:23:48Z</time></trkpt>
<trkpt lat="33.0462178" lon="35.1038481"><ele>60.7</ele><time>2026-06-24T13:23:49Z</time></trkpt>
<trkpt lat="33.0461724" lon="35.1038476"><ele>69.9</ele><time>2026-06-24T13:23:50Z</time></trkpt>
<trkpt lat="33.0461268" lon="35.1038472"><ele>77.8</ele><time>2026-06-24T13:23:51Z</time></trkpt>
<trkpt lat="33.0460824" lon="35.1038459"><ele>84.2</ele><time>2026-06-24T13:23:52Z</time></trkpt>
<trkpt lat="33.0460405" lon="35.1038433"><ele>89.0</ele><time>2026-06-24T13:23:53Z</time></trkpt>
<trkpt lat="33.0460002" lon="35.1038408"><ele>92.5</ele><time>2026-06-24T13:23:54Z</time></trkpt>
<trkpt lat="33.0459601" lon="35.1038397"><ele>95.0</ele><time>2026-06-24T13:23:55Z</time></trkpt>
<trkpt lat="33.0459173" lon="35.1038404"><ele>96.6</ele><time>2026-06-24T13:23:56Z</time></trkpt>
<trkpt lat="33.0458691" lon="35.1038431"><ele>97.6</ele><time>2026-06-24T13:23:57Z</time></trkpt>
<trkpt lat="33.0458163" lon="35.1038473"><ele>98.1</ele><time>2026-06-24T13:23:58Z</time></trkpt>
<trkpt lat="33.0457633" lon="35.1038523"><ele>98.4</ele><time>2026-06-24T13:23:59Z</time></trkpt>
<trkpt lat="33.0457136" lon="35.1038573"><ele>98.4</ele><time>2026-06-24T13:24:00Z</time></trkpt>
<trkpt lat="33.0456677" lon="35.1038619"><ele>98.4</ele><time>2026-06-24T13:24:01Z</time></trkpt>
<trkpt lat="33.0456258" lon="35.103867"><ele>98.4</ele><time>2026-06-24T13:24:02Z</time></trkpt>
<trkpt lat="33.0455864" lon="35.1038738"><ele>98.3</ele><time>2026-06-24T13:24:03Z</time></trkpt>
<trkpt lat="33.0455483" lon="35.1038817"><ele>98.3</ele><time>2026-06-24T13:24:04Z</time></trkpt>
<trkpt lat="33.0455104" lon="35.1038892"><ele>98.4</ele><time>2026-06-24T13:24:05Z</time></trkpt>
<trkpt lat="33.0454717" lon="35.103896"><ele>98.5</ele><time>2026-06-24T13:24:06Z</time></trkpt>
<trkpt lat="33.0454326" lon="35.1039018"><ele>98.7</ele><time>2026-06-24T13:24:07Z</time></trkpt>
<trkpt lat="33.0453233" lon="35.1039212"><ele>99.4</ele><time>2026-06-24T13:24:10Z</time></trkpt>
<trkpt lat="33.0452814" lon="35.1039312"><ele>99.6</ele><time>2026-06-24T13:24:11Z</time></trkpt>
<trkpt lat="33.0452421" lon="35.1039423"><ele>99.8</ele><time>2026-06-24T13:24:12Z</time></trkpt>
<trkpt lat="33.045203" lon="35.1039545"><ele>99.9</ele><time>2026-06-24T13:24:13Z</time></trkpt>
<trkpt lat="33.0451228" lon="35.1039812"><ele>100.0</ele><time>2026-06-24T13:24:14Z</time></trkpt>
<trkpt lat="33.0450806" lon="35.103995"><ele>100.1</ele><time>2026-06-24T13:24:15Z</time></trkpt>
<trkpt lat="33.0450384" lon="35.1040087"><ele>100.1</ele><time>2026-06-24T13:24:16Z</time></trkpt>
<trkpt lat="33.0449967" lon="35.1040217"><ele>100.2</ele><time>2026-06-24T13:24:17Z</time></trkpt>
<trkpt lat="33.0449557" lon="35.1040343"><ele>100.2</ele><time>2026-06-24T13:24:18Z</time></trkpt>
<trkpt lat="33.0449147" lon="35.1040481"><ele>100.2</ele><time>2026-06-24T13:24:19Z</time></trkpt>
<trkpt lat="33.0448735" lon="35.1040635"><ele>100.3</ele><time>2026-06-24T13:24:20Z</time></trkpt>
<trkpt lat="33.0448321" lon="35.10408"><ele>100.3</ele><time>2026-06-24T13:24:21Z</time></trkpt>
<trkpt lat="33.0447906" lon="35.1040967"><ele>100.3</ele><time>2026-06-24T13:24:22Z</time></trkpt>
<trkpt lat="33.0447486" lon="35.1041116"><ele>100.4</ele><time>2026-06-24T13:24:23Z</time></trkpt>
<trkpt lat="33.0447055" lon="35.104125"><ele>100.4</ele><time>2026-06-24T13:24:24Z</time></trkpt>
<trkpt lat="33.04466" lon="35.1041378"><ele>100.5</ele><time>2026-06-24T13:24:25Z</time></trkpt>
<trkpt lat="33.0446135" lon="35.1041492"><ele>100.5</ele><time>2026-06-24T13:24:26Z</time></trkpt>
<trkpt lat="33.044566" lon="35.1041609"><ele>100.6</ele><time>2026-06-24T13:24:27Z</time></trkpt>
<trkpt lat="33.044519" lon="35.1041747"><ele>100.6</ele><time>2026-06-24T13:24:28Z</time></trkpt>
<trkpt lat="33.0444728" lon="35.1041901"><ele>100.6</ele><time>2026-06-24T13:24:29Z</time></trkpt>
<trkpt lat="33.0444272" lon="35.1042062"><ele>100.6</ele><time>2026-06-24T13:24:30Z</time></trkpt>
<trkpt lat="33.0443826" lon="35.1042225"><ele>100.6</ele><time>2026-06-24T13:24:31Z</time></trkpt>
<trkpt lat="33.0443391" lon="35.104239"><ele>100.5</ele><time>2026-06-24T13:24:32Z</time></trkpt>
<trkpt lat="33.0442962" lon="35.1042559"><ele>100.4</ele><time>2026-06-24T13:24:33Z</time></trkpt>
<trkpt lat="33.0442536" lon="35.1042731"><ele>100.3</ele><time>2026-06-24T13:24:34Z</time></trkpt>
<trkpt lat="33.0442116" lon="35.1042898"><ele>100.1</ele><time>2026-06-24T13:24:35Z</time></trkpt>
<trkpt lat="33.0441711" lon="35.1043048"><ele>99.9</ele><time>2026-06-24T13:24:36Z</time></trkpt>
<trkpt lat="33.0441322" lon="35.1043181"><ele>99.8</ele><time>2026-06-24T13:24:37Z</time></trkpt>
<trkpt lat="33.0440102" lon="35.1043558"><ele>100.2</ele><time>2026-06-24T13:24:40Z</time></trkpt>
<trkpt lat="33.0439592" lon="35.1043715"><ele>100.8</ele><time>2026-06-24T13:24:41Z</time></trkpt>
<trkpt lat="33.043913" lon="35.1043867"><ele>101.7</ele><time>2026-06-24T13:24:42Z</time></trkpt>
<trkpt lat="33.0438692" lon="35.1044013"><ele>103.0</ele><time>2026-06-24T13:24:43Z</time></trkpt>
<trkpt lat="33.0438274" lon="35.1044139"><ele>105.0</ele><time>2026-06-24T13:24:44Z</time></trkpt>
<trkpt lat="33.043749" lon="35.1044355"><ele>111.9</ele><time>2026-06-24T13:24:45Z</time></trkpt>
<trkpt lat="33.0437114" lon="35.1044434"><ele>117.2</ele><time>2026-06-24T13:24:46Z</time></trkpt>
<trkpt lat="33.0436741" lon="35.1044484"><ele>124.0</ele><time>2026-06-24T13:24:47Z</time></trkpt>
<trkpt lat="33.0436377" lon="35.1044515"><ele>132.3</ele><time>2026-06-24T13:24:48Z</time></trkpt>
<trkpt lat="33.0436029" lon="35.1044546"><ele>141.5</ele><time>2026-06-24T13:24:49Z</time></trkpt>
<trkpt lat="33.0435684" lon="35.1044562"><ele>151.2</ele><time>2026-06-24T13:24:50Z</time></trkpt>
<trkpt lat="33.0435323" lon="35.1044573"><ele>160.4</ele><time>2026-06-24T13:24:51Z</time></trkpt>
<trkpt lat="33.0434956" lon="35.1044548"><ele>168.5</ele><time>2026-06-24T13:24:52Z</time></trkpt>
<trkpt lat="33.0434618" lon="35.10444"><ele>175.3</ele><time>2026-06-24T13:24:53Z</time></trkpt>
<trkpt lat="33.0434349" lon="35.1044127"><ele>180.6</ele><time>2026-06-24T13:24:54Z</time></trkpt>
<trkpt lat="33.0434165" lon="35.1043759"><ele>184.8</ele><time>2026-06-24T13:24:55Z</time></trkpt>
<trkpt lat="33.0434074" lon="35.1043357"><ele>187.8</ele><time>2026-06-24T13:24:56Z</time></trkpt>
<trkpt lat="33.043403" lon="35.1042962"><ele>189.8</ele><time>2026-06-24T13:24:57Z</time></trkpt>
<trkpt lat="33.0433988" lon="35.1042582"><ele>191.1</ele><time>2026-06-24T13:24:58Z</time></trkpt>
<trkpt lat="33.0433939" lon="35.104221"><ele>191.8</ele><time>2026-06-24T13:24:59Z</time></trkpt>
<trkpt lat="33.0433898" lon="35.1041827"><ele>192.2</ele><time>2026-06-24T13:25:00Z</time></trkpt>
<trkpt lat="33.0433866" lon="35.1041429"><ele>192.4</ele><time>2026-06-24T13:25:01Z</time></trkpt>
<trkpt lat="33.0433822" lon="35.1041021"><ele>192.4</ele><time>2026-06-24T13:25:02Z</time></trkpt>
<trkpt lat="33.0433766" lon="35.1040598"><ele>192.4</ele><time>2026-06-24T13:25:03Z</time></trkpt>
<trkpt lat="33.0433707" lon="35.1040174"><ele>192.3</ele><time>2026-06-24T13:25:04Z</time></trkpt>
<trkpt lat="33.0433646" lon="35.1039735"><ele>192.2</ele><time>2026-06-24T13:25:05Z</time></trkpt>
<trkpt lat="33.043358" lon="35.1039264"><ele>192.2</ele><time>2026-06-24T13:25:06Z</time></trkpt>
<trkpt lat="33.0433515" lon="35.1038778"><ele>192.1</ele><time>2026-06-24T13:25:07Z</time></trkpt>
<trkpt lat="33.0433459" lon="35.1038288"><ele>192.1</ele><time>2026-06-24T13:25:08Z</time></trkpt>
<trkpt lat="33.0433415" lon="35.1037792"><ele>192.0</ele><time>2026-06-24T13:25:09Z</time></trkpt>
<trkpt lat="33.0433389" lon="35.1037291"><ele>192.0</ele><time>2026-06-24T13:25:10Z</time></trkpt>
<trkpt lat="33.0433366" lon="35.1036784"><ele>192.0</ele><time>2026-06-24T13:25:11Z</time></trkpt>
<trkpt lat="33.0433324" lon="35.1036219"><ele>192.0</ele><time>2026-06-24T13:25:12Z</time></trkpt>
<trkpt lat="33.0433256" lon="35.1035577"><ele>192.0</ele><time>2026-06-24T13:25:13Z</time></trkpt>
<trkpt lat="33.0433178" lon="35.1034892"><ele>192.1</ele><time>2026-06-24T13:25:14Z</time></trkpt>
<trkpt lat="33.0433101" lon="35.1034191"><ele>192.1</ele><time>2026-06-24T13:25:15Z</time></trkpt>
<trkpt lat="33.0433029" lon="35.103351"><ele>192.1</ele><time>2026-06-24T13:25:16Z</time></trkpt>
<trkpt lat="33.0432969" lon="35.1032894"><ele>192.2</ele><time>2026-06-24T13:25:17Z</time></trkpt>
<trkpt lat="33.0432931" lon="35.1032327"><ele>192.2</ele><time>2026-06-24T13:25:18Z</time></trkpt>
<trkpt lat="33.0432919" lon="35.1031762"><ele>192.3</ele><time>2026-06-24T13:25:19Z</time></trkpt>
<trkpt lat="33.0432922" lon="35.1031187"><ele>192.4</ele><time>2026-06-24T13:25:20Z</time></trkpt>
<trkpt lat="33.043292" lon="35.103061"><ele>192.4</ele><time>2026-06-24T13:25:21Z</time></trkpt>
<trkpt lat="33.0432903" lon="35.1030001"><ele>192.5</ele><time>2026-06-24T13:25:22Z</time></trkpt>
<trkpt lat="33.0432874" lon="35.1029372"><ele>192.6</ele><time>2026-06-24T13:25:23Z</time></trkpt>
<trkpt lat="33.043284" lon="35.1028742"><ele>192.6</ele><time>2026-06-24T13:25:24Z</time></trkpt>
<trkpt lat="33.0432824" lon="35.1028098"><ele>192.7</ele><time>2026-06-24T13:25:25Z</time></trkpt>
<trkpt lat="33.0432839" lon="35.1027484"><ele>192.8</ele><time>2026-06-24T13:25:26Z</time></trkpt>
<trkpt lat="33.0432866" lon="35.1026917"><ele>192.8</ele><time>2026-06-24T13:25:27Z</time></trkpt>
<trkpt lat="33.0432896" lon="35.1026349"><ele>192.9</ele><time>2026-06-24T13:25:28Z</time></trkpt>
<trkpt lat="33.0432925" lon="35.1025759"><ele>193.0</ele><time>2026-06-24T13:25:29Z</time></trkpt>
<trkpt lat="33.0432934" lon="35.1025161"><ele>193.1</ele><time>2026-06-24T13:25:30Z</time></trkpt>
<trkpt lat="33.0432897" lon="35.1024569"><ele>193.3</ele><time>2026-06-24T13:25:31Z</time></trkpt>
<trkpt lat="33.0432791" lon="35.1023989"><ele>193.4</ele><time>2026-06-24T13:25:32Z</time></trkpt>
<trkpt lat="33.0432613" lon="35.1023402"><ele>193.5</ele><time>2026-06-24T13:25:33Z</time></trkpt>
<trkpt lat="33.0432405" lon="35.1022799"><ele>193.6</ele><time>2026-06-24T13:25:34Z</time></trkpt>
<trkpt lat="33.0432234" lon="35.1022198"><ele>193.7</ele><time>2026-06-24T13:25:35Z</time></trkpt>
<trkpt lat="33.0432146" lon="35.102161"><ele>193.8</ele><time>2026-06-24T13:25:36Z</time></trkpt>
<trkpt lat="33.0432149" lon="35.102103"><ele>193.8</ele><time>2026-06-24T13:25:37Z</time></trkpt>
<trkpt lat="33.0432213" lon="35.1020437"><ele>193.8</ele><time>2026-06-24T13:25:38Z</time></trkpt>
<trkpt lat="33.0432295" lon="35.101981"><ele>193.9</ele><time>2026-06-24T13:25:39Z</time></trkpt>
<trkpt lat="33.0432374" lon="35.1019152"><ele>193.9</ele><time>2026-06-24T13:25:40Z</time></trkpt>
<trkpt lat="33.0432448" lon="35.1018473"><ele>194.0</ele><time>2026-06-24T13:25:41Z</time></trkpt>
<trkpt lat="33.0432516" lon="35.1017793"><ele>194.3</ele><time>2026-06-24T13:25:42Z</time></trkpt>
<trkpt lat="33.0432585" lon="35.1017122"><ele>194.9</ele><time>2026-06-24T13:25:43Z</time></trkpt>
<trkpt lat="33.0432663" lon="35.1016458"><ele>195.8</ele><time>2026-06-24T13:25:44Z</time></trkpt>
<trkpt lat="33.0432744" lon="35.1015808"><ele>197.3</ele><time>2026-06-24T13:25:45Z</time></trkpt>
<trkpt lat="33.0432819" lon="35.1015164"><ele>199.5</ele><time>2026-06-24T13:25:46Z</time></trkpt>
<trkpt lat="33.0432896" lon="35.1014513"><ele>202.7</ele><time>2026-06-24T13:25:47Z</time></trkpt>
<trkpt lat="33.0432984" lon="35.101385"><ele>207.0</ele><time>2026-06-24T13:25:48Z</time></trkpt>
<trkpt lat="33.0433083" lon="35.101317"><ele>212.5</ele><time>2026-06-24T13:25:49Z</time></trkpt>
<trkpt lat="33.0433189" lon="35.1012491"><ele>219.1</ele><time>2026-06-24T13:25:50Z</time></trkpt>
<trkpt lat="33.0433292" lon="35.1011827"><ele>226.5</ele><time>2026-06-24T13:25:51Z</time></trkpt>
<trkpt lat="33.0433389" lon="35.1011169"><ele>234.0</ele><time>2026-06-24T13:25:52Z</time></trkpt>
<trkpt lat="33.043348" lon="35.1010521"><ele>240.9</ele><time>2026-06-24T13:25:53Z</time></trkpt>
<trkpt lat="33.043356" lon="35.1009887"><ele>246.8</ele><time>2026-06-24T13:25:54Z</time></trkpt>
<trkpt lat="33.0433629" lon="35.1009251"><ele>251.5</ele><time>2026-06-24T13:25:55Z</time></trkpt>
<trkpt lat="33.0433694" lon="35.1008605"><ele>255.0</ele><time>2026-06-24T13:25:56Z</time></trkpt>
<trkpt lat="33.0433755" lon="35.1007951"><ele>257.5</ele><time>2026-06-24T13:25:57Z</time></trkpt>
<trkpt lat="33.0433806" lon="35.1007295"><ele>259.2</ele><time>2026-06-24T13:25:58Z</time></trkpt>
<trkpt lat="33.0433847" lon="35.1006641"><ele>260.3</ele><time>2026-06-24T13:25:59Z</time></trkpt>
<trkpt lat="33.0433876" lon="35.1005986"><ele>260.9</ele><time>2026-06-24T13:26:00Z</time></trkpt>
<trkpt lat="33.0433877" lon="35.100533"><ele>261.3</ele><time>2026-06-24T13:26:01Z</time></trkpt>
<trkpt lat="33.0433846" lon="35.1004684"><ele>261.4</ele><time>2026-06-24T13:26:02Z</time></trkpt>
<trkpt lat="33.0433778" lon="35.1004046"><ele>261.4</ele><time>2026-06-24T13:26:03Z</time></trkpt>
<trkpt lat="33.0433669" lon="35.1003416"><ele>261.5</ele><time>2026-06-24T13:26:04Z</time></trkpt>
<trkpt lat="33.0433521" lon="35.1002803"><ele>261.5</ele><time>2026-06-24T13:26:05Z</time></trkpt>
<trkpt lat="33.0433333" lon="35.100221"><ele>261.6</ele><time>2026-06-24T13:26:06Z</time></trkpt>
<trkpt lat="33.0433113" lon="35.1001659"><ele>261.7</ele><time>2026-06-24T13:26:07Z</time></trkpt>
<trkpt lat="33.0432503" lon="35.100059"><ele>262.4</ele><time>2026-06-24T13:26:09Z</time></trkpt>
<trkpt lat="33.0432165" lon="35.1000145"><ele>262.8</ele><time>2026-06-24T13:26:10Z</time></trkpt>
<trkpt lat="33.0431817" lon="35.0999738"><ele>263.2</ele><time>2026-06-24T13:26:11Z</time></trkpt>
<trkpt lat="33.0431452" lon="35.0999339"><ele>263.6</ele><time>2026-06-24T13:26:12Z</time></trkpt>
<trkpt lat="33.0431081" lon="35.099894"><ele>264.1</ele><time>2026-06-24T13:26:13Z</time></trkpt>
<trkpt lat="33.0430703" lon="35.0998542"><ele>264.5</ele><time>2026-06-24T13:26:14Z</time></trkpt>
<trkpt lat="33.0430305" lon="35.0998132"><ele>265.0</ele><time>2026-06-24T13:26:15Z</time></trkpt>
<trkpt lat="33.0429898" lon="35.099773"><ele>265.6</ele><time>2026-06-24T13:26:16Z</time></trkpt>
<trkpt lat="33.0429502" lon="35.0997324"><ele>266.1</ele><time>2026-06-24T13:26:17Z</time></trkpt>
<trkpt lat="33.0429117" lon="35.0996913"><ele>266.7</ele><time>2026-06-24T13:26:18Z</time></trkpt>
<trkpt lat="33.0428725" lon="35.0996511"><ele>267.3</ele><time>2026-06-24T13:26:19Z</time></trkpt>
<trkpt lat="33.042833" lon="35.0996115"><ele>267.9</ele><time>2026-06-24T13:26:20Z</time></trkpt>
<trkpt lat="33.0427934" lon="35.0995725"><ele>268.5</ele><time>2026-06-24T13:26:21Z</time></trkpt>
<trkpt lat="33.0427535" lon="35.0995338"><ele>269.2</ele><time>2026-06-24T13:26:22Z</time></trkpt>
<trkpt lat="33.042713" lon="35.0994959"><ele>269.9</ele><time>2026-06-24T13:26:23Z</time></trkpt>
<trkpt lat="33.0426724" lon="35.0994596"><ele>270.7</ele><time>2026-06-24T13:26:24Z</time></trkpt>
<trkpt lat="33.0426318" lon="35.0994252"><ele>271.4</ele><time>2026-06-24T13:26:25Z</time></trkpt>
<trkpt lat="33.04259" lon="35.0993929"><ele>272.2</ele><time>2026-06-24T13:26:26Z</time></trkpt>
<trkpt lat="33.042547" lon="35.0993618"><ele>273.1</ele><time>2026-06-24T13:26:27Z</time></trkpt>
<trkpt lat="33.0425042" lon="35.0993312"><ele>273.9</ele><time>2026-06-24T13:26:28Z</time></trkpt>
<trkpt lat="33.0424607" lon="35.0993027"><ele>274.7</ele><time>2026-06-24T13:26:29Z</time></trkpt>
<trkpt lat="33.0424153" lon="35.0992792"><ele>275.4</ele><time>2026-06-24T13:26:30Z</time></trkpt>
<trkpt lat="33.0423679" lon="35.0992612"><ele>276.1</ele><time>2026-06-24T13:26:31Z</time></trkpt>
<trkpt lat="33.0423186" lon="35.0992464"><ele>276.7</ele><time>2026-06-24T13:26:32Z</time></trkpt>
<trkpt lat="33.0422679" lon="35.0992337"><ele>277.2</ele><time>2026-06-24T13:26:33Z</time></trkpt>
<trkpt lat="33.0422168" lon="35.0992225"><ele>277.6</ele><time>2026-06-24T13:26:34Z</time></trkpt>
<trkpt lat="33.0421651" lon="35.0992117"><ele>277.9</ele><time>2026-06-24T13:26:35Z</time></trkpt>
<trkpt lat="33.0421127" lon="35.0992006"><ele>278.1</ele><time>2026-06-24T13:26:36Z</time></trkpt>
<trkpt lat="33.0420595" lon="35.0991891"><ele>278.2</ele><time>2026-06-24T13:26:37Z</time></trkpt>
<trkpt lat="33.0420059" lon="35.0991776"><ele>278.2</ele><time>2026-06-24T13:26:38Z</time></trkpt>
<trkpt lat="33.0419521" lon="35.0991661"><ele>278.2</ele><time>2026-06-24T13:26:39Z</time></trkpt>
<trkpt lat="33.0418984" lon="35.0991546"><ele>278.1</ele><time>2026-06-24T13:26:40Z</time></trkpt>
<trkpt lat="33.041845" lon="35.099143"><ele>278.1</ele><time>2026-06-24T13:26:41Z</time></trkpt>
<trkpt lat="33.0417895" lon="35.0991311"><ele>278.1</ele><time>2026-06-24T13:26:42Z</time></trkpt>
<trkpt lat="33.041731" lon="35.0991184"><ele>278.3</ele><time>2026-06-24T13:26:43Z</time></trkpt>
<trkpt lat="33.0416714" lon="35.0991052"><ele>278.8</ele><time>2026-06-24T13:26:44Z</time></trkpt>
<trkpt lat="33.0416123" lon="35.0990912"><ele>279.6</ele><time>2026-06-24T13:26:45Z</time></trkpt>
<trkpt lat="33.0415548" lon="35.099076"><ele>281.0</ele><time>2026-06-24T13:26:46Z</time></trkpt>
<trkpt lat="33.0414963" lon="35.0990626"><ele>283.1</ele><time>2026-06-24T13:26:47Z</time></trkpt>
<trkpt lat="33.0414365" lon="35.099051"><ele>286.3</ele><time>2026-06-24T13:26:48Z</time></trkpt>
<trkpt lat="33.0413779" lon="35.0990371"><ele>290.6</ele><time>2026-06-24T13:26:49Z</time></trkpt>
<trkpt lat="33.0413203" lon="35.0990207"><ele>296.3</ele><time>2026-06-24T13:26:50Z</time></trkpt>
<trkpt lat="33.0412636" lon="35.0990034"><ele>303.4</ele><time>2026-06-24T13:26:51Z</time></trkpt>
<trkpt lat="33.0412075" lon="35.0989877"><ele>311.6</ele><time>2026-06-24T13:26:52Z</time></trkpt>
<trkpt lat="33.0411493" lon="35.098975"><ele>320.2</ele><time>2026-06-24T13:26:53Z</time></trkpt>
<trkpt lat="33.0410902" lon="35.0989648"><ele>328.6</ele><time>2026-06-24T13:26:54Z</time></trkpt>
<trkpt lat="33.0410316" lon="35.0989501"><ele>336.0</ele><time>2026-06-24T13:26:55Z</time></trkpt>
<trkpt lat="33.0409731" lon="35.0989306"><ele>342.1</ele><time>2026-06-24T13:26:56Z</time></trkpt>
<trkpt lat="33.0409159" lon="35.0989128"><ele>346.8</ele><time>2026-06-24T13:26:57Z</time></trkpt>
<trkpt lat="33.0408591" lon="35.0988966"><ele>350.2</ele><time>2026-06-24T13:26:58Z</time></trkpt>
<trkpt lat="33.0408018" lon="35.0988809"><ele>352.7</ele><time>2026-06-24T13:26:59Z</time></trkpt>
<trkpt lat="33.0407434" lon="35.0988644"><ele>354.3</ele><time>2026-06-24T13:27:00Z</time></trkpt>
<trkpt lat="33.0406849" lon="35.0988471"><ele>355.3</ele><time>2026-06-24T13:27:01Z</time></trkpt>
<trkpt lat="33.0406271" lon="35.09883"><ele>355.8</ele><time>2026-06-24T13:27:02Z</time></trkpt>
<trkpt lat="33.0405699" lon="35.0988126"><ele>356.1</ele><time>2026-06-24T13:27:03Z</time></trkpt>
<trkpt lat="33.0405128" lon="35.0987953"><ele>356.2</ele><time>2026-06-24T13:27:04Z</time></trkpt>
<trkpt lat="33.0404548" lon="35.0987794"><ele>356.2</ele><time>2026-06-24T13:27:05Z</time></trkpt>
<trkpt lat="33.0403963" lon="35.0987643"><ele>356.1</ele><time>2026-06-24T13:27:06Z</time></trkpt>
<trkpt lat="33.0403395" lon="35.0987491"><ele>356.0</ele><time>2026-06-24T13:27:07Z</time></trkpt>
<trkpt lat="33.0402836" lon="35.0987334"><ele>356.0</ele><time>2026-06-24T13:27:08Z</time></trkpt>
<trkpt lat="33.0402268" lon="35.0987174"><ele>355.9</ele><time>2026-06-24T13:27:09Z</time></trkpt>
<trkpt lat="33.0401698" lon="35.0987019"><ele>355.9</ele><time>2026-06-24T13:27:10Z</time></trkpt>
<trkpt lat="33.0401127" lon="35.098687"><ele>355.9</ele><time>2026-06-24T13:27:11Z</time></trkpt>
<trkpt lat="33.0400553" lon="35.0986724"><ele>355.9</ele><time>2026-06-24T13:27:12Z</time></trkpt>
<trkpt lat="33.0399977" lon="35.0986579"><ele>355.9</ele><time>2026-06-24T13:27:13Z</time></trkpt>
<trkpt lat="33.0399402" lon="35.0986431"><ele>356.0</ele><time>2026-06-24T13:27:14Z</time></trkpt>
<trkpt lat="33.039883" lon="35.0986285"><ele>356.0</ele><time>2026-06-24T13:27:15Z</time></trkpt>
<trkpt lat="33.0398258" lon="35.098614"><ele>356.1</ele><time>2026-06-24T13:27:16Z</time></trkpt>
<trkpt lat="33.0397687" lon="35.0985995"><ele>356.2</ele><time>2026-06-24T13:27:17Z</time></trkpt>
<trkpt lat="33.0397111" lon="35.0985852"><ele>356.2</ele><time>2026-06-24T13:27:18Z</time></trkpt>
<trkpt lat="33.0396531" lon="35.0985712"><ele>356.3</ele><time>2026-06-24T13:27:19Z</time></trkpt>
<trkpt lat="33.0395957" lon="35.0985574"><ele>356.3</ele><time>2026-06-24T13:27:20Z</time></trkpt>
<trkpt lat="33.0395389" lon="35.0985426"><ele>356.4</ele><time>2026-06-24T13:27:21Z</time></trkpt>
<trkpt lat="33.0394826" lon="35.0985256"><ele>356.4</ele><time>2026-06-24T13:27:22Z</time></trkpt>
<trkpt lat="33.0394257" lon="35.0985078"><ele>356.4</ele><time>2026-06-24T13:27:23Z</time></trkpt>
<trkpt lat="33.0393683" lon="35.098491"><ele>356.5</ele><time>2026-06-24T13:27:24Z</time></trkpt>
<trkpt lat="33.0393111" lon="35.0984757"><ele>356.5</ele><time>2026-06-24T13:27:25Z</time></trkpt>
<trkpt lat="33.0392517" lon="35.0984678"><ele>356.5</ele><time>2026-06-24T13:27:26Z</time></trkpt>
<trkpt lat="33.0391913" lon="35.0984674"><ele>356.5</ele><time>2026-06-24T13:27:27Z</time></trkpt>
<trkpt lat="33.0391325" lon="35.0984688"><ele>356.6</ele><time>2026-06-24T13:27:28Z</time></trkpt>
<trkpt lat="33.0390719" lon="35.0984728"><ele>356.6</ele><time>2026-06-24T13:27:29Z</time></trkpt>
<trkpt lat="33.0390106" lon="35.0984779"><ele>356.6</ele><time>2026-06-24T13:27:30Z</time></trkpt>
<trkpt lat="33.0389502" lon="35.0984782"><ele>356.6</ele><time>2026-06-24T13:27:31Z</time></trkpt>
<trkpt lat="33.0388905" lon="35.0984741"><ele>356.6</ele><time>2026-06-24T13:27:32Z</time></trkpt>
<trkpt lat="33.0388316" lon="35.0984687"><ele>356.6</ele><time>2026-06-24T13:27:33Z</time></trkpt>
<trkpt lat="33.0387733" lon="35.0984619"><ele>356.6</ele><time>2026-06-24T13:27:34Z</time></trkpt>
<trkpt lat="33.038715" lon="35.0984533"><ele>356.6</ele><time>2026-06-24T13:27:35Z</time></trkpt>
<trkpt lat="33.0386573" lon="35.0984437"><ele>356.6</ele><time>2026-06-24T13:27:36Z</time></trkpt>
<trkpt lat="33.0386025" lon="35.0984361"><ele>356.6</ele><time>2026-06-24T13:27:37Z</time></trkpt>
<trkpt lat="33.0384968" lon="35.098434"><ele>356.7</ele><time>2026-06-24T13:27:39Z</time></trkpt>
<trkpt lat="33.0384508" lon="35.0984394"><ele>356.7</ele><time>2026-06-24T13:27:40Z</time></trkpt>
<trkpt lat="33.0384028" lon="35.0984479"><ele>356.7</ele><time>2026-06-24T13:27:41Z</time></trkpt>
<trkpt lat="33.0383513" lon="35.0984605"><ele>356.6</ele><time>2026-06-24T13:27:42Z</time></trkpt>
<trkpt lat="33.038298" lon="35.0984784"><ele>356.6</ele><time>2026-06-24T13:27:43Z</time></trkpt>
<trkpt lat="33.0382433" lon="35.0985016"><ele>356.7</ele><time>2026-06-24T13:27:44Z</time></trkpt>
<trkpt lat="33.0381858" lon="35.0985307"><ele>356.8</ele><time>2026-06-24T13:27:45Z</time></trkpt>
<trkpt lat="33.0381286" lon="35.0985618"><ele>357.1</ele><time>2026-06-24T13:27:46Z</time></trkpt>
<trkpt lat="33.0380726" lon="35.098596"><ele>357.7</ele><time>2026-06-24T13:27:47Z</time></trkpt>
<trkpt lat="33.0380248" lon="35.0986411"><ele>358.5</ele><time>2026-06-24T13:27:48Z</time></trkpt>
<trkpt lat="33.0379857" lon="35.098693"><ele>359.7</ele><time>2026-06-24T13:27:49Z</time></trkpt>
<trkpt lat="33.0379479" lon="35.0987412"><ele>361.4</ele><time>2026-06-24T13:27:50Z</time></trkpt>
<trkpt lat="33.0379081" lon="35.0987739"><ele>363.7</ele><time>2026-06-24T13:27:51Z</time></trkpt>
<trkpt lat="33.0378679" lon="35.0987848"><ele>366.5</ele><time>2026-06-24T13:27:52Z</time></trkpt>
<trkpt lat="33.037831" lon="35.0987762"><ele>369.9</ele><time>2026-06-24T13:27:53Z</time></trkpt>
<trkpt lat="33.0377992" lon="35.0987523"><ele>373.6</ele><time>2026-06-24T13:27:54Z</time></trkpt>
<trkpt lat="33.0377713" lon="35.0987223"><ele>377.3</ele><time>2026-06-24T13:27:55Z</time></trkpt>
<trkpt lat="33.0377436" lon="35.0986888"><ele>380.8</ele><time>2026-06-24T13:27:56Z</time></trkpt>
<trkpt lat="33.0377171" lon="35.0986511"><ele>383.6</ele><time>2026-06-24T13:27:57Z</time></trkpt>
<trkpt lat="33.0376931" lon="35.0986101"><ele>385.9</ele><time>2026-06-24T13:27:58Z</time></trkpt>
<trkpt lat="33.0376684" lon="35.0985679"><ele>387.7</ele><time>2026-06-24T13:27:59Z</time></trkpt>
<trkpt lat="33.0376425" lon="35.0985253"><ele>388.9</ele><time>2026-06-24T13:28:00Z</time></trkpt>
<trkpt lat="33.037615" lon="35.0984804"><ele>389.8</ele><time>2026-06-24T13:28:01Z</time></trkpt>
<trkpt lat="33.0375873" lon="35.0984345"><ele>390.3</ele><time>2026-06-24T13:28:02Z</time></trkpt>
<trkpt lat="33.0375595" lon="35.0983896"><ele>390.7</ele><time>2026-06-24T13:28:03Z</time></trkpt>
<trkpt lat="33.0375287" lon="35.0983467"><ele>390.9</ele><time>2026-06-24T13:28:04Z</time></trkpt>
<trkpt lat="33.037492" lon="35.0983081"><ele>391.1</ele><time>2026-06-24T13:28:05Z</time></trkpt>
<trkpt lat="33.0374492" lon="35.0982755"><ele>391.3</ele><time>2026-06-24T13:28:06Z</time></trkpt>
<trkpt lat="33.0374039" lon="35.0982488"><ele>391.4</ele><time>2026-06-24T13:28:07Z</time></trkpt>
<trkpt lat="33.0373026" lon="35.0981949"><ele>391.8</ele><time>2026-06-24T13:28:09Z</time></trkpt>
<trkpt lat="33.0372565" lon="35.0981709"><ele>391.9</ele><time>2026-06-24T13:28:10Z</time></trkpt>
<trkpt lat="33.0372118" lon="35.0981486"><ele>392.1</ele><time>2026-06-24T13:28:11Z</time></trkpt>
<trkpt lat="33.0371668" lon="35.0981275"><ele>392.2</ele><time>2026-06-24T13:28:12Z</time></trkpt>
<trkpt lat="33.0371211" lon="35.0981076"><ele>392.3</ele><time>2026-06-24T13:28:13Z</time></trkpt>
<trkpt lat="33.037075" lon="35.0980888"><ele>392.4</ele><time>2026-06-24T13:28:14Z</time></trkpt>
<trkpt lat="33.0370272" lon="35.098071"><ele>392.5</ele><time>2026-06-24T13:28:15Z</time></trkpt>
<trkpt lat="33.0369782" lon="35.0980543"><ele>392.7</ele><time>2026-06-24T13:28:16Z</time></trkpt>
<trkpt lat="33.03693" lon="35.0980356"><ele>392.8</ele><time>2026-06-24T13:28:17Z</time></trkpt>
<trkpt lat="33.0368828" lon="35.0980138"><ele>393.0</ele><time>2026-06-24T13:28:18Z</time></trkpt>
<trkpt lat="33.0368355" lon="35.0979915"><ele>393.1</ele><time>2026-06-24T13:28:19Z</time></trkpt>
<trkpt lat="33.0367867" lon="35.0979726"><ele>393.3</ele><time>2026-06-24T13:28:20Z</time></trkpt>
<trkpt lat="33.0367366" lon="35.0979593"><ele>393.5</ele><time>2026-06-24T13:28:21Z</time></trkpt>
<trkpt lat="33.0366858" lon="35.0979492"><ele>393.6</ele><time>2026-06-24T13:28:22Z</time></trkpt>
<trkpt lat="33.0366338" lon="35.0979401"><ele>393.7</ele><time>2026-06-24T13:28:23Z</time></trkpt>
<trkpt lat="33.0365806" lon="35.0979333"><ele>393.8</ele><time>2026-06-24T13:28:24Z</time></trkpt>
<trkpt lat="33.0365276" lon="35.0979302"><ele>393.9</ele><time>2026-06-24T13:28:25Z</time></trkpt>
<trkpt lat="33.0364753" lon="35.0979296"><ele>394.0</ele><time>2026-06-24T13:28:26Z</time></trkpt>
<trkpt lat="33.0364241" lon="35.0979292"><ele>394.1</ele><time>2026-06-24T13:28:27Z</time></trkpt>
<trkpt lat="33.0363759" lon="35.0979283"><ele>394.3</ele><time>2026-06-24T13:28:28Z</time></trkpt>
<trkpt lat="33.0363304" lon="35.0979258"><ele>394.4</ele><time>2026-06-24T13:28:29Z</time></trkpt>
<trkpt lat="33.0362861" lon="35.097919"><ele>394.5</ele><time>2026-06-24T13:28:30Z</time></trkpt>
<trkpt lat="33.0362429" lon="35.0979066"><ele>394.6</ele><time>2026-06-24T13:28:31Z</time></trkpt>
<trkpt lat="33.0362011" lon="35.0978881"><ele>394.7</ele><time>2026-06-24T13:28:32Z</time></trkpt>
<trkpt lat="33.0361611" lon="35.0978633"><ele>394.8</ele><time>2026-06-24T13:28:33Z</time></trkpt>
<trkpt lat="33.0361232" lon="35.0978325"><ele>394.9</ele><time>2026-06-24T13:28:34Z</time></trkpt>
<trkpt lat="33.0360869" lon="35.0977953"><ele>395.1</ele><time>2026-06-24T13:28:35Z</time></trkpt>
<trkpt lat="33.0360525" lon="35.0977519"><ele>395.2</ele><time>2026-06-24T13:28:36Z</time></trkpt>
<trkpt lat="33.0360206" lon="35.0977051"><ele>395.3</ele><time>2026-06-24T13:28:37Z</time></trkpt>
<trkpt lat="33.0359892" lon="35.0976564"><ele>395.4</ele><time>2026-06-24T13:28:38Z</time></trkpt>
<trkpt lat="33.0359557" lon="35.0976066"><ele>395.6</ele><time>2026-06-24T13:28:39Z</time></trkpt>
<trkpt lat="33.0359172" lon="35.0975591"><ele>395.7</ele><time>2026-06-24T13:28:40Z</time></trkpt>
<trkpt lat="33.0358743" lon="35.0975156"><ele>395.9</ele><time>2026-06-24T13:28:41Z</time></trkpt>
<trkpt lat="33.0358281" lon="35.0974772"><ele>396.0</ele><time>2026-06-24T13:28:42Z</time></trkpt>
<trkpt lat="33.0357781" lon="35.0974452"><ele>396.2</ele><time>2026-06-24T13:28:43Z</time></trkpt>
<trkpt lat="33.0357251" lon="35.0974206"><ele>396.3</ele><time>2026-06-24T13:28:44Z</time></trkpt>
<trkpt lat="33.0356699" lon="35.0974041"><ele>396.4</ele><time>2026-06-24T13:28:45Z</time></trkpt>
<trkpt lat="33.0356126" lon="35.0973945"><ele>396.6</ele><time>2026-06-24T13:28:46Z</time></trkpt>
<trkpt lat="33.0355551" lon="35.0973894"><ele>396.7</ele><time>2026-06-24T13:28:47Z</time></trkpt>
<trkpt lat="33.0354991" lon="35.0973863"><ele>396.9</ele><time>2026-06-24T13:28:48Z</time></trkpt>
<trkpt lat="33.0354435" lon="35.097386"><ele>397.1</ele><time>2026-06-24T13:28:49Z</time></trkpt>
<trkpt lat="33.0353878" lon="35.0973899"><ele>397.3</ele><time>2026-06-24T13:28:50Z</time></trkpt>
<trkpt lat="33.0353321" lon="35.0973968"><ele>397.7</ele><time>2026-06-24T13:28:51Z</time></trkpt>
<trkpt lat="33.0352768" lon="35.0974045"><ele>398.2</ele><time>2026-06-24T13:28:52Z</time></trkpt>
<trkpt lat="33.0352228" lon="35.0974111"><ele>398.8</ele><time>2026-06-24T13:28:53Z</time></trkpt>
<trkpt lat="33.0351695" lon="35.0974137"><ele>399.6</ele><time>2026-06-24T13:28:54Z</time></trkpt>
<trkpt lat="33.0351159" lon="35.0974091"><ele>400.4</ele><time>2026-06-24T13:28:55Z</time></trkpt>
<trkpt lat="33.0350617" lon="35.0973982"><ele>401.4</ele><time>2026-06-24T13:28:56Z</time></trkpt>
<trkpt lat="33.0350071" lon="35.0973849"><ele>402.3</ele><time>2026-06-24T13:28:57Z</time></trkpt>
<trkpt lat="33.034952" lon="35.0973689"><ele>403.2</ele><time>2026-06-24T13:28:58Z</time></trkpt>
<trkpt lat="33.0348986" lon="35.0973478"><ele>403.9</ele><time>2026-06-24T13:28:59Z</time></trkpt>
<trkpt lat="33.0348484" lon="35.0973223"><ele>404.4</ele><time>2026-06-24T13:29:00Z</time></trkpt>
<trkpt lat="33.0347999" lon="35.0972942"><ele>404.9</ele><time>2026-06-24T13:29:01Z</time></trkpt>
<trkpt lat="33.0347514" lon="35.0972662"><ele>405.2</ele><time>2026-06-24T13:29:02Z</time></trkpt>
<trkpt lat="33.034702" lon="35.0972418"><ele>405.4</ele><time>2026-06-24T13:29:03Z</time></trkpt>
<trkpt lat="33.0346504" lon="35.0972231"><ele>405.6</ele><time>2026-06-24T13:29:04Z</time></trkpt>
<trkpt lat="33.0345959" lon="35.0972102"><ele>405.7</ele><time>2026-06-24T13:29:05Z</time></trkpt>
<trkpt lat="33.0345397" lon="35.0972015"><ele>405.8</ele><time>2026-06-24T13:29:06Z</time></trkpt>
<trkpt lat="33.034483" lon="35.097196"><ele>406.0</ele><time>2026-06-24T13:29:07Z</time></trkpt>
<trkpt lat="33.0343427" lon="35.0971772"><ele>406.4</ele><time>2026-06-24T13:29:10Z</time></trkpt>
<trkpt lat="33.0342959" lon="35.0971677"><ele>406.6</ele><time>2026-06-24T13:29:11Z</time></trkpt>
<trkpt lat="33.0342469" lon="35.0971592"><ele>406.7</ele><time>2026-06-24T13:29:12Z</time></trkpt>
<trkpt lat="33.0341423" lon="35.0971447"><ele>406.9</ele><time>2026-06-24T13:29:13Z</time></trkpt>
<trkpt lat="33.0340891" lon="35.0971372"><ele>407.1</ele><time>2026-06-24T13:29:14Z</time></trkpt>
<trkpt lat="33.0340361" lon="35.0971297"><ele>407.2</ele><time>2026-06-24T13:29:15Z</time></trkpt>
<trkpt lat="33.033983" lon="35.0971221"><ele>407.3</ele><time>2026-06-24T13:29:16Z</time></trkpt>
<trkpt lat="33.033929" lon="35.0971147"><ele>407.4</ele><time>2026-06-24T13:29:17Z</time></trkpt>
<trkpt lat="33.033874" lon="35.0971054"><ele>407.5</ele><time>2026-06-24T13:29:18Z</time></trkpt>
<trkpt lat="33.0338176" lon="35.0970963"><ele>407.6</ele><time>2026-06-24T13:29:19Z</time></trkpt>
<trkpt lat="33.0337604" lon="35.0970885"><ele>407.6</ele><time>2026-06-24T13:29:20Z</time></trkpt>
<trkpt lat="33.0337035" lon="35.0970804"><ele>407.7</ele><time>2026-06-24T13:29:21Z</time></trkpt>
<trkpt lat="33.0336468" lon="35.0970717"><ele>407.8</ele><time>2026-06-24T13:29:22Z</time></trkpt>
<trkpt lat="33.0335891" lon="35.0970623"><ele>407.8</ele><time>2026-06-24T13:29:23Z</time></trkpt>
<trkpt lat="33.0335308" lon="35.0970518"><ele>407.9</ele><time>2026-06-24T13:29:24Z</time></trkpt>
<trkpt lat="33.0334736" lon="35.0970404"><ele>407.9</ele><time>2026-06-24T13:29:25Z</time></trkpt>
<trkpt lat="33.0334166" lon="35.097027"><ele>407.9</ele><time>2026-06-24T13:29:26Z</time></trkpt>
<trkpt lat="33.0333598" lon="35.0970125"><ele>408.0</ele><time>2026-06-24T13:29:27Z</time></trkpt>
<trkpt lat="33.0333029" lon="35.0969988"><ele>408.0</ele><time>2026-06-24T13:29:28Z</time></trkpt>
<trkpt lat="33.033246" lon="35.0969852"><ele>408.1</ele><time>2026-06-24T13:29:29Z</time></trkpt>
<trkpt lat="33.0331887" lon="35.0969713"><ele>408.1</ele><time>2026-06-24T13:29:30Z</time></trkpt>
<trkpt lat="33.0331312" lon="35.0969568"><ele>408.1</ele><time>2026-06-24T13:29:31Z</time></trkpt>
<trkpt lat="33.0330737" lon="35.0969423"><ele>408.2</ele><time>2026-06-24T13:29:32Z</time></trkpt>
<trkpt lat="33.0330163" lon="35.0969283"><ele>408.2</ele><time>2026-06-24T13:29:33Z</time></trkpt>
<trkpt lat="33.0329591" lon="35.0969152"><ele>408.2</ele><time>2026-06-24T13:29:34Z</time></trkpt>
<trkpt lat="33.0329017" lon="35.0969024"><ele>408.3</ele><time>2026-06-24T13:29:35Z</time></trkpt>
<trkpt lat="33.0328442" lon="35.0968889"><ele>408.3</ele><time>2026-06-24T13:29:36Z</time></trkpt>
<trkpt lat="33.0327869" lon="35.0968755"><ele>408.3</ele><time>2026-06-24T13:29:37Z</time></trkpt>
<trkpt lat="33.0327298" lon="35.0968635"><ele>408.4</ele><time>2026-06-24T13:29:38Z</time></trkpt>
<trkpt lat="33.0326725" lon="35.0968532"><ele>408.4</ele><time>2026-06-24T13:29:39Z</time></trkpt>
<trkpt lat="33.0326152" lon="35.096844"><ele>408.5</ele><time>2026-06-24T13:29:40Z</time></trkpt>
<trkpt lat="33.0325572" lon="35.0968369"><ele>408.5</ele><time>2026-06-24T13:29:41Z</time></trkpt>
<trkpt lat="33.0324974" lon="35.096834"><ele>408.5</ele><time>2026-06-24T13:29:42Z</time></trkpt>
<trkpt lat="33.0324367" lon="35.0968358"><ele>408.6</ele><time>2026-06-24T13:29:43Z</time></trkpt>
<trkpt lat="33.0323769" lon="35.0968398"><ele>408.7</ele><time>2026-06-24T13:29:44Z</time></trkpt>
<trkpt lat="33.0323194" lon="35.0968421"><ele>408.7</ele><time>2026-06-24T13:29:45Z</time></trkpt>
<trkpt lat="33.0322649" lon="35.0968378"><ele>408.8</ele><time>2026-06-24T13:29:46Z</time></trkpt>
<trkpt lat="33.0322142" lon="35.0968236"><ele>408.8</ele><time>2026-06-24T13:29:47Z</time></trkpt>
<trkpt lat="33.032167" lon="35.0968006"><ele>408.9</ele><time>2026-06-24T13:29:48Z</time></trkpt>
<trkpt lat="33.0321216" lon="35.0967713"><ele>409.0</ele><time>2026-06-24T13:29:49Z</time></trkpt>
<trkpt lat="33.0320759" lon="35.0967399"><ele>409.0</ele><time>2026-06-24T13:29:50Z</time></trkpt>
<trkpt lat="33.0320269" lon="35.0967098"><ele>409.1</ele><time>2026-06-24T13:29:51Z</time></trkpt>
<trkpt lat="33.0319741" lon="35.0966826"><ele>409.2</ele><time>2026-06-24T13:29:52Z</time></trkpt>
<trkpt lat="33.0319191" lon="35.0966593"><ele>409.3</ele><time>2026-06-24T13:29:53Z</time></trkpt>
<trkpt lat="33.0318601" lon="35.0966375"><ele>409.5</ele><time>2026-06-24T13:29:54Z</time></trkpt>
<trkpt lat="33.0317997" lon="35.0966145"><ele>409.6</ele><time>2026-06-24T13:29:55Z</time></trkpt>
<trkpt lat="33.0317393" lon="35.0965881"><ele>409.8</ele><time>2026-06-24T13:29:56Z</time></trkpt>
<trkpt lat="33.0316774" lon="35.0965553"><ele>410.0</ele><time>2026-06-24T13:29:57Z</time></trkpt>
<trkpt lat="33.0316174" lon="35.0965206"><ele>410.2</ele><time>2026-06-24T13:29:58Z</time></trkpt>
<trkpt lat="33.03156" lon="35.0964885"><ele>410.4</ele><time>2026-06-24T13:29:59Z</time></trkpt>
<trkpt lat="33.0315033" lon="35.0964558"><ele>410.6</ele><time>2026-06-24T13:30:00Z</time></trkpt>
<trkpt lat="33.0314452" lon="35.0964217"><ele>410.8</ele><time>2026-06-24T13:30:01Z</time></trkpt>
<trkpt lat="33.0313875" lon="35.0963866"><ele>411.0</ele><time>2026-06-24T13:30:02Z</time></trkpt>
<trkpt lat="33.0313323" lon="35.0963513"><ele>411.2</ele><time>2026-06-24T13:30:03Z</time></trkpt>
<trkpt lat="33.0312779" lon="35.0963182"><ele>411.4</ele><time>2026-06-24T13:30:04Z</time></trkpt>
<trkpt lat="33.0312216" lon="35.0962865"><ele>411.6</ele><time>2026-06-24T13:30:05Z</time></trkpt>
<trkpt lat="33.0311645" lon="35.096256"><ele>411.9</ele><time>2026-06-24T13:30:06Z</time></trkpt>
<trkpt lat="33.0311085" lon="35.0962253"><ele>412.2</ele><time>2026-06-24T13:30:07Z</time></trkpt>
<trkpt lat="33.0309921" lon="35.0961629"><ele>413.1</ele><time>2026-06-24T13:30:09Z</time></trkpt>
<trkpt lat="33.0309408" lon="35.0961377"><ele>413.4</ele><time>2026-06-24T13:30:10Z</time></trkpt>
<trkpt lat="33.0308898" lon="35.0961144"><ele>413.8</ele><time>2026-06-24T13:30:11Z</time></trkpt>
<trkpt lat="33.0308363" lon="35.0960924"><ele>414.0</ele><time>2026-06-24T13:30:12Z</time></trkpt>
<trkpt lat="33.0307811" lon="35.0960713"><ele>414.3</ele><time>2026-06-24T13:30:13Z</time></trkpt>
<trkpt lat="33.0307263" lon="35.0960504"><ele>414.4</ele><time>2026-06-24T13:30:14Z</time></trkpt>
<trkpt lat="33.0306693" lon="35.0960292"><ele>414.6</ele><time>2026-06-24T13:30:15Z</time></trkpt>
<trkpt lat="33.0306117" lon="35.0960111"><ele>414.8</ele><time>2026-06-24T13:30:16Z</time></trkpt>
<trkpt lat="33.030554" lon="35.0959976"><ele>414.9</ele><time>2026-06-24T13:30:17Z</time></trkpt>
<trkpt lat="33.030497" lon="35.0959866"><ele>415.0</ele><time>2026-06-24T13:30:18Z</time></trkpt>
<trkpt lat="33.03044" lon="35.0959764"><ele>415.1</ele><time>2026-06-24T13:30:19Z</time></trkpt>
<trkpt lat="33.0303825" lon="35.0959676"><ele>415.2</ele><time>2026-06-24T13:30:20Z</time></trkpt>
<trkpt lat="33.0303249" lon="35.095961"><ele>415.3</ele><time>2026-06-24T13:30:21Z</time></trkpt>
<trkpt lat="33.0302671" lon="35.0959552"><ele>415.4</ele><time>2026-06-24T13:30:22Z</time></trkpt>
<trkpt lat="33.0302091" lon="35.0959472"><ele>415.5</ele><time>2026-06-24T13:30:23Z</time></trkpt>
<trkpt lat="33.0301507" lon="35.0959374"><ele>415.7</ele><time>2026-06-24T13:30:24Z</time></trkpt>
<trkpt lat="33.0300926" lon="35.0959269"><ele>415.9</ele><time>2026-06-24T13:30:25Z</time></trkpt>
<trkpt lat="33.0300353" lon="35.0959143"><ele>416.1</ele><time>2026-06-24T13:30:26Z</time></trkpt>
<trkpt lat="33.0299786" lon="35.0958986"><ele>416.4</ele><time>2026-06-24T13:30:27Z</time></trkpt>
<trkpt lat="33.0299228" lon="35.0958794"><ele>416.6</ele><time>2026-06-24T13:30:28Z</time></trkpt>
<trkpt lat="33.0298678" lon="35.0958575"><ele>416.8</ele><time>2026-06-24T13:30:29Z</time></trkpt>
<trkpt lat="33.0298132" lon="35.095835"><ele>417.0</ele><time>2026-06-24T13:30:30Z</time></trkpt>
<trkpt lat="33.0297584" lon="35.0958128"><ele>417.2</ele><time>2026-06-24T13:30:31Z</time></trkpt>
<trkpt lat="33.0297031" lon="35.0957907"><ele>417.4</ele><time>2026-06-24T13:30:32Z</time></trkpt>
<trkpt lat="33.0296469" lon="35.095768"><ele>417.5</ele><time>2026-06-24T13:30:33Z</time></trkpt>
<trkpt lat="33.0295898" lon="35.0957446"><ele>417.6</ele><time>2026-06-24T13:30:34Z</time></trkpt>
<trkpt lat="33.0295333" lon="35.0957206"><ele>417.7</ele><time>2026-06-24T13:30:35Z</time></trkpt>
<trkpt lat="33.0294779" lon="35.0956964"><ele>417.8</ele><time>2026-06-24T13:30:36Z</time></trkpt>
<trkpt lat="33.0294236" lon="35.0956721"><ele>417.8</ele><time>2026-06-24T13:30:37Z</time></trkpt>
<trkpt lat="33.0293707" lon="35.0956474"><ele>417.9</ele><time>2026-06-24T13:30:38Z</time></trkpt>
<trkpt lat="33.0293182" lon="35.0956216"><ele>417.9</ele><time>2026-06-24T13:30:39Z</time></trkpt>
<trkpt lat="33.0292654" lon="35.0955947"><ele>417.9</ele><time>2026-06-24T13:30:40Z</time></trkpt>
<trkpt lat="33.0292121" lon="35.0955673"><ele>418.0</ele><time>2026-06-24T13:30:41Z</time></trkpt>
<trkpt lat="33.029159" lon="35.0955392"><ele>418.0</ele><time>2026-06-24T13:30:42Z</time></trkpt>
<trkpt lat="33.0291068" lon="35.0955098"><ele>418.0</ele><time>2026-06-24T13:30:43Z</time></trkpt>
<trkpt lat="33.0290566" lon="35.0954793"><ele>418.1</ele><time>2026-06-24T13:30:44Z</time></trkpt>
<trkpt lat="33.0290081" lon="35.095448"><ele>418.1</ele><time>2026-06-24T13:30:45Z</time></trkpt>
<trkpt lat="33.0289606" lon="35.095416"><ele>418.2</ele><time>2026-06-24T13:30:46Z</time></trkpt>
<trkpt lat="33.0289132" lon="35.0953836"><ele>418.3</ele><time>2026-06-24T13:30:47Z</time></trkpt>
<trkpt lat="33.0288658" lon="35.0953514"><ele>418.4</ele><time>2026-06-24T13:30:48Z</time></trkpt>
<trkpt lat="33.0288183" lon="35.0953198"><ele>418.5</ele><time>2026-06-24T13:30:49Z</time></trkpt>
<trkpt lat="33.0287711" lon="35.0952886"><ele>418.7</ele><time>2026-06-24T13:30:50Z</time></trkpt>
<trkpt lat="33.0287238" lon="35.0952576"><ele>419.0</ele><time>2026-06-24T13:30:51Z</time></trkpt>
<trkpt lat="33.0286759" lon="35.0952276"><ele>419.4</ele><time>2026-06-24T13:30:52Z</time></trkpt>
<trkpt lat="33.0286275" lon="35.0951996"><ele>419.9</ele><time>2026-06-24T13:30:53Z</time></trkpt>
<trkpt lat="33.0285792" lon="35.0951744"><ele>420.7</ele><time>2026-06-24T13:30:54Z</time></trkpt>
<trkpt lat="33.0285293" lon="35.0951516"><ele>421.6</ele><time>2026-06-24T13:30:55Z</time></trkpt>
<trkpt lat="33.028476" lon="35.0951316"><ele>422.8</ele><time>2026-06-24T13:30:56Z</time></trkpt>
<trkpt lat="33.0284222" lon="35.0951166"><ele>424.3</ele><time>2026-06-24T13:30:57Z</time></trkpt>
<trkpt lat="33.0283705" lon="35.0951058"><ele>425.9</ele><time>2026-06-24T13:30:58Z</time></trkpt>
<trkpt lat="33.0283183" lon="35.0950967"><ele>427.6</ele><time>2026-06-24T13:30:59Z</time></trkpt>
<trkpt lat="33.0282636" lon="35.0950877"><ele>429.1</ele><time>2026-06-24T13:31:00Z</time></trkpt>
<trkpt lat="33.0282081" lon="35.0950786"><ele>430.5</ele><time>2026-06-24T13:31:01Z</time></trkpt>
<trkpt lat="33.0281529" lon="35.0950687"><ele>431.6</ele><time>2026-06-24T13:31:02Z</time></trkpt>
<trkpt lat="33.0280985" lon="35.0950576"><ele>432.4</ele><time>2026-06-24T13:31:03Z</time></trkpt>
<trkpt lat="33.0280444" lon="35.0950452"><ele>433.1</ele><time>2026-06-24T13:31:04Z</time></trkpt>
<trkpt lat="33.02799" lon="35.0950311"><ele>433.5</ele><time>2026-06-24T13:31:05Z</time></trkpt>
<trkpt lat="33.0279358" lon="35.0950151"><ele>433.8</ele><time>2026-06-24T13:31:06Z</time></trkpt>
<trkpt lat="33.0278822" lon="35.0949969"><ele>434.0</ele><time>2026-06-24T13:31:07Z</time></trkpt>
<trkpt lat="33.0278296" lon="35.0949765"><ele>434.1</ele><time>2026-06-24T13:31:08Z</time></trkpt>
<trkpt lat="33.0277784" lon="35.0949542"><ele>434.2</ele><time>2026-06-24T13:31:09Z</time></trkpt>
<trkpt lat="33.0277286" lon="35.0949305"><ele>434.3</ele><time>2026-06-24T13:31:10Z</time></trkpt>
<trkpt lat="33.0276798" lon="35.0949063"><ele>434.3</ele><time>2026-06-24T13:31:11Z</time></trkpt>
<trkpt lat="33.0276321" lon="35.0948827"><ele>434.4</ele><time>2026-06-24T13:31:12Z</time></trkpt>
<trkpt lat="33.0275866" lon="35.0948603"><ele>434.4</ele><time>2026-06-24T13:31:13Z</time></trkpt>
<trkpt lat="33.0275447" lon="35.0948399"><ele>434.5</ele><time>2026-06-24T13:31:14Z</time></trkpt>
<trkpt lat="33.0275068" lon="35.0948206"><ele>434.5</ele><time>2026-06-24T13:31:15Z</time></trkpt>
<trkpt lat="33.0274724" lon="35.0948022"><ele>434.6</ele><time>2026-06-24T13:31:16Z</time></trkpt>
<trkpt lat="33.0274414" lon="35.0947847"><ele>434.6</ele><time>2026-06-24T13:31:17Z</time></trkpt>
<trkpt lat="33.0274132" lon="35.0947685"><ele>434.7</ele><time>2026-06-24T13:31:18Z</time></trkpt>
<trkpt lat="33.0273885" lon="35.0947543"><ele>434.8</ele><time>2026-06-24T13:31:19Z</time></trkpt>
<trkpt lat="33.0273675" lon="35.0947424"><ele>434.9</ele><time>2026-06-24T13:31:20Z</time></trkpt>
<trkpt lat="33.0273497" lon="35.0947334"><ele>434.9</ele><time>2026-06-24T13:31:21Z</time></trkpt>
<trkpt lat="33.0273344" lon="35.0947282"><ele>435.0</ele><time>2026-06-24T13:31:22Z</time></trkpt>
<trkpt lat="33.0273213" lon="35.0947272"><ele>435.1</ele><time>2026-06-24T13:31:23Z</time></trkpt>
<trkpt lat="33.0273103" lon="35.0947302"><ele>435.2</ele><time>2026-06-24T13:31:24Z</time></trkpt>
<trkpt lat="33.0273016" lon="35.0947374"><ele>435.2</ele><time>2026-06-24T13:31:25Z</time></trkpt>
<trkpt lat="33.0272943" lon="35.0947484"><ele>435.3</ele><time>2026-06-24T13:31:26Z</time></trkpt>
<trkpt lat="33.0272884" lon="35.0947622"><ele>435.3</ele><time>2026-06-24T13:31:27Z</time></trkpt>
<trkpt lat="33.0272854" lon="35.0947779"><ele>435.4</ele><time>2026-06-24T13:31:28Z</time></trkpt>
<trkpt lat="33.027285" lon="35.0947953"><ele>435.4</ele><time>2026-06-24T13:31:29Z</time></trkpt>
<trkpt lat="33.0272871" lon="35.094814"><ele>435.5</ele><time>2026-06-24T13:31:30Z</time></trkpt>
<trkpt lat="33.0272923" lon="35.0948338"><ele>435.5</ele><time>2026-06-24T13:31:31Z</time></trkpt>
<trkpt lat="33.0272992" lon="35.0948538"><ele>435.5</ele><time>2026-06-24T13:31:32Z</time></trkpt>
<trkpt lat="33.0273059" lon="35.0948742"><ele>435.5</ele><time>2026-06-24T13:31:33Z</time></trkpt>
<trkpt lat="33.0273107" lon="35.0948965"><ele>435.6</ele><time>2026-06-24T13:31:34Z</time></trkpt>
<trkpt lat="33.027312" lon="35.0949214"><ele>435.6</ele><time>2026-06-24T13:31:35Z</time></trkpt>
<trkpt lat="33.0273095" lon="35.0949472"><ele>435.6</ele><time>2026-06-24T13:31:36Z</time></trkpt>
<trkpt lat="33.0273037" lon="35.0949742"><ele>435.7</ele><time>2026-06-24T13:31:37Z</time></trkpt>
<trkpt lat="33.027296" lon="35.0950041"><ele>435.7</ele><time>2026-06-24T13:31:38Z</time></trkpt>
<trkpt lat="33.0272877" lon="35.0950375"><ele>435.7</ele><time>2026-06-24T13:31:39Z</time></trkpt>
<trkpt lat="33.0272792" lon="35.0950742"><ele>435.8</ele><time>2026-06-24T13:31:40Z</time></trkpt>
<trkpt lat="33.0272697" lon="35.0951118"><ele>435.8</ele><time>2026-06-24T13:31:41Z</time></trkpt>
<trkpt lat="33.0272583" lon="35.0951495"><ele>435.9</ele><time>2026-06-24T13:31:42Z</time></trkpt>
<trkpt lat="33.0272443" lon="35.0951883"><ele>436.0</ele><time>2026-06-24T13:31:43Z</time></trkpt>
<trkpt lat="33.0272273" lon="35.0952274"><ele>436.1</ele><time>2026-06-24T13:31:44Z</time></trkpt>
<trkpt lat="33.0272067" lon="35.0952627"><ele>436.2</ele><time>2026-06-24T13:31:45Z</time></trkpt>
<trkpt lat="33.0271829" lon="35.0952908"><ele>436.3</ele><time>2026-06-24T13:31:46Z</time></trkpt>
<trkpt lat="33.0271548" lon="35.0953094"><ele>436.5</ele><time>2026-06-24T13:31:47Z</time></trkpt>
<trkpt lat="33.0271208" lon="35.0953171"><ele>436.7</ele><time>2026-06-24T13:31:48Z</time></trkpt>
<trkpt lat="33.0270833" lon="35.0953156"><ele>436.9</ele><time>2026-06-24T13:31:49Z</time></trkpt>
<trkpt lat="33.0270433" lon="35.0953095"><ele>437.1</ele><time>2026-06-24T13:31:50Z</time></trkpt>
<trkpt lat="33.0270002" lon="35.0953026"><ele>437.3</ele><time>2026-06-24T13:31:51Z</time></trkpt>
<trkpt lat="33.0269547" lon="35.0952949"><ele>437.5</ele><time>2026-06-24T13:31:52Z</time></trkpt>
<trkpt lat="33.0269073" lon="35.0952869"><ele>437.7</ele><time>2026-06-24T13:31:53Z</time></trkpt>
<trkpt lat="33.0268573" lon="35.0952778"><ele>438.0</ele><time>2026-06-24T13:31:54Z</time></trkpt>
<trkpt lat="33.0268058" lon="35.0952667"><ele>438.4</ele><time>2026-06-24T13:31:55Z</time></trkpt>
<trkpt lat="33.0267542" lon="35.0952538"><ele>438.8</ele><time>2026-06-24T13:31:56Z</time></trkpt>
<trkpt lat="33.026703" lon="35.0952397"><ele>439.3</ele><time>2026-06-24T13:31:57Z</time></trkpt>
<trkpt lat="33.0266533" lon="35.0952246"><ele>439.9</ele><time>2026-06-24T13:31:58Z</time></trkpt>
<trkpt lat="33.0266058" lon="35.0952105"><ele>440.6</ele><time>2026-06-24T13:31:59Z</time></trkpt>
<trkpt lat="33.0265606" lon="35.0951986"><ele>441.4</ele><time>2026-06-24T13:32:00Z</time></trkpt>
<trkpt lat="33.0265156" lon="35.0951867"><ele>442.1</ele><time>2026-06-24T13:32:01Z</time></trkpt>
<trkpt lat="33.0264692" lon="35.0951739"><ele>442.8</ele><time>2026-06-24T13:32:02Z</time></trkpt>
<trkpt lat="33.0264203" lon="35.0951608"><ele>443.4</ele><time>2026-06-24T13:32:03Z</time></trkpt>
<trkpt lat="33.0263688" lon="35.0951474"><ele>443.8</ele><time>2026-06-24T13:32:04Z</time></trkpt>
<trkpt lat="33.0263168" lon="35.0951336"><ele>444.2</ele><time>2026-06-24T13:32:05Z</time></trkpt>
<trkpt lat="33.0262645" lon="35.0951201"><ele>444.5</ele><time>2026-06-24T13:32:06Z</time></trkpt>
<trkpt lat="33.0262123" lon="35.0951064"><ele>444.7</ele><time>2026-06-24T13:32:07Z</time></trkpt>
<trkpt lat="33.0261616" lon="35.0950925"><ele>444.9</ele><time>2026-06-24T13:32:08Z</time></trkpt>
<trkpt lat="33.0261118" lon="35.0950786"><ele>445.0</ele><time>2026-06-24T13:32:09Z</time></trkpt>
<trkpt lat="33.0260641" lon="35.0950655"><ele>445.2</ele><time>2026-06-24T13:32:10Z</time></trkpt>
<trkpt lat="33.0260193" lon="35.0950544"><ele>445.3</ele><time>2026-06-24T13:32:11Z</time></trkpt>
<trkpt lat="33.0259759" lon="35.095044"><ele>445.5</ele><time>2026-06-24T13:32:12Z</time></trkpt>
<trkpt lat="33.0259331" lon="35.0950334"><ele>445.6</ele><time>2026-06-24T13:32:13Z</time></trkpt>
<trkpt lat="33.0258919" lon="35.0950237"><ele>445.7</ele><time>2026-06-24T13:32:14Z</time></trkpt>
<trkpt lat="33.0258538" lon="35.0950155"><ele>445.9</ele><time>2026-06-24T13:32:15Z</time></trkpt>
<trkpt lat="33.0258173" lon="35.0950076"><ele>446.0</ele><time>2026-06-24T13:32:16Z</time></trkpt>
<trkpt lat="33.0257832" lon="35.094999"><ele>446.1</ele><time>2026-06-24T13:32:17Z</time></trkpt>
<trkpt lat="33.0257517" lon="35.09499"><ele>446.2</ele><time>2026-06-24T13:32:18Z</time></trkpt>
<trkpt lat="33.0257216" lon="35.0949797"><ele>446.3</ele><time>2026-06-24T13:32:19Z</time></trkpt>
<trkpt lat="33.025694" lon="35.0949676"><ele>446.4</ele><time>2026-06-24T13:32:20Z</time></trkpt>
<trkpt lat="33.0256691" lon="35.0949525"><ele>446.5</ele><time>2026-06-24T13:32:21Z</time></trkpt>
<trkpt lat="33.0256486" lon="35.0949309"><ele>446.6</ele><time>2026-06-24T13:32:22Z</time></trkpt>
<trkpt lat="33.0256357" lon="35.0949013"><ele>446.7</ele><time>2026-06-24T13:32:23Z</time></trkpt>
<trkpt lat="33.025632" lon="35.0948672"><ele>446.8</ele><time>2026-06-24T13:32:24Z</time></trkpt>
<trkpt lat="33.0256353" lon="35.0948312"><ele>446.9</ele><time>2026-06-24T13:32:25Z</time></trkpt>
<trkpt lat="33.0256416" lon="35.0947948"><ele>447.0</ele><time>2026-06-24T13:32:26Z</time></trkpt>
<trkpt lat="33.025648" lon="35.0947594"><ele>447.1</ele><time>2026-06-24T13:32:27Z</time></trkpt>
<trkpt lat="33.0256547" lon="35.094722"><ele>447.2</ele><time>2026-06-24T13:32:28Z</time></trkpt>
<trkpt lat="33.0256622" lon="35.09468"><ele>447.3</ele><time>2026-06-24T13:32:29Z</time></trkpt>
<trkpt lat="33.0256693" lon="35.0946361"><ele>447.4</ele><time>2026-06-24T13:32:30Z</time></trkpt>
<trkpt lat="33.0256749" lon="35.0945945"><ele>447.5</ele><time>2026-06-24T13:32:31Z</time></trkpt>
<trkpt lat="33.0256799" lon="35.0945539"><ele>447.6</ele><time>2026-06-24T13:32:32Z</time></trkpt>
<trkpt lat="33.0256841" lon="35.094513"><ele>447.7</ele><time>2026-06-24T13:32:33Z</time></trkpt>
<trkpt lat="33.0256866" lon="35.0944754"><ele>447.7</ele><time>2026-06-24T13:32:34Z</time></trkpt>
<trkpt lat="33.0256891" lon="35.0944403"><ele>447.8</ele><time>2026-06-24T13:32:35Z</time></trkpt>
<trkpt lat="33.0256915" lon="35.0944053"><ele>447.9</ele><time>2026-06-24T13:32:36Z</time></trkpt>
<trkpt lat="33.0256896" lon="35.0943718"><ele>447.9</ele><time>2026-06-24T13:32:37Z</time></trkpt>
<trkpt lat="33.0256797" lon="35.0943421"><ele>448.0</ele><time>2026-06-24T13:32:38Z</time></trkpt>
<trkpt lat="33.0256601" lon="35.0943154"><ele>448.0</ele><time>2026-06-24T13:32:39Z</time></trkpt>
<trkpt lat="33.0256313" lon="35.094291"><ele>448.1</ele><time>2026-06-24T13:32:40Z</time></trkpt>
<trkpt lat="33.0255969" lon="35.0942685"><ele>448.2</ele><time>2026-06-24T13:32:41Z</time></trkpt>
<trkpt lat="33.0255606" lon="35.0942474"><ele>448.2</ele><time>2026-06-24T13:32:42Z</time></trkpt>
<trkpt lat="33.0255233" lon="35.0942276"><ele>448.3</ele><time>2026-06-24T13:32:43Z</time></trkpt>
<trkpt lat="33.0254852" lon="35.0942098"><ele>448.4</ele><time>2026-06-24T13:32:44Z</time></trkpt>
<trkpt lat="33.0254459" lon="35.094194"><ele>448.4</ele><time>2026-06-24T13:32:45Z</time></trkpt>
<trkpt lat="33.0254044" lon="35.09418"><ele>448.5</ele><time>2026-06-24T13:32:46Z</time></trkpt>
<trkpt lat="33.0253621" lon="35.0941666"><ele>448.6</ele><time>2026-06-24T13:32:47Z</time></trkpt>
<trkpt lat="33.0253205" lon="35.0941527"><ele>448.7</ele><time>2026-06-24T13:32:48Z</time></trkpt>
<trkpt lat="33.0252805" lon="35.0941384"><ele>448.8</ele><time>2026-06-24T13:32:49Z</time></trkpt>
<trkpt lat="33.0252424" lon="35.094124"><ele>448.8</ele><time>2026-06-24T13:32:50Z</time></trkpt>
<trkpt lat="33.0252044" lon="35.0941098"><ele>448.9</ele><time>2026-06-24T13:32:51Z</time></trkpt>
<trkpt lat="33.0251654" lon="35.0940959"><ele>448.9</ele><time>2026-06-24T13:32:52Z</time></trkpt>
<trkpt lat="33.0251265" lon="35.0940822"><ele>449.0</ele><time>2026-06-24T13:32:53Z</time></trkpt>
<trkpt lat="33.0250881" lon="35.0940691"><ele>449.1</ele><time>2026-06-24T13:32:54Z</time></trkpt>
<trkpt lat="33.0250501" lon="35.0940565"><ele>449.1</ele><time>2026-06-24T13:32:55Z</time></trkpt>
<trkpt lat="33.0250128" lon="35.0940441"><ele>449.2</ele><time>2026-06-24T13:32:56Z</time></trkpt>
<trkpt lat="33.024976" lon="35.0940312"><ele>449.3</ele><time>2026-06-24T13:32:57Z</time></trkpt>
<trkpt lat="33.0249386" lon="35.0940176"><ele>449.3</ele><time>2026-06-24T13:32:58Z</time></trkpt>
<trkpt lat="33.0248998" lon="35.0940042"><ele>449.4</ele><time>2026-06-24T13:32:59Z</time></trkpt>
<trkpt lat="33.0248605" lon="35.0939909"><ele>449.5</ele><time>2026-06-24T13:33:00Z</time></trkpt>
<trkpt lat="33.0248204" lon="35.0939774"><ele>449.7</ele><time>2026-06-24T13:33:01Z</time></trkpt>
<trkpt lat="33.0247786" lon="35.0939638"><ele>449.8</ele><time>2026-06-24T13:33:02Z</time></trkpt>
<trkpt lat="33.0247351" lon="35.0939504"><ele>450.0</ele><time>2026-06-24T13:33:03Z</time></trkpt>
<trkpt lat="33.0246899" lon="35.0939366"><ele>450.1</ele><time>2026-06-24T13:33:04Z</time></trkpt>
<trkpt lat="33.0246431" lon="35.0939225"><ele>450.3</ele><time>2026-06-24T13:33:05Z</time></trkpt>
<trkpt lat="33.024595" lon="35.0939089"><ele>450.5</ele><time>2026-06-24T13:33:06Z</time></trkpt>
<trkpt lat="33.0245457" lon="35.0938961"><ele>450.7</ele><time>2026-06-24T13:33:07Z</time></trkpt>
<trkpt lat="33.0244032" lon="35.0938559"><ele>451.4</ele><time>2026-06-24T13:33:10Z</time></trkpt>
<trkpt lat="33.024351" lon="35.0938391"><ele>451.6</ele><time>2026-06-24T13:33:11Z</time></trkpt>
<trkpt lat="33.0242992" lon="35.0938216"><ele>451.7</ele><time>2026-06-24T13:33:12Z</time></trkpt>
<trkpt lat="33.0242482" lon="35.0938038"><ele>451.9</ele><time>2026-06-24T13:33:13Z</time></trkpt>
<trkpt lat="33.0241495" lon="35.0937685"><ele>452.1</ele><time>2026-06-24T13:33:14Z</time></trkpt>
<trkpt lat="33.0241016" lon="35.0937503"><ele>452.2</ele><time>2026-06-24T13:33:15Z</time></trkpt>
<trkpt lat="33.0240534" lon="35.0937329"><ele>452.4</ele><time>2026-06-24T13:33:16Z</time></trkpt>
<trkpt lat="33.0240049" lon="35.0937161"><ele>452.5</ele><time>2026-06-24T13:33:17Z</time></trkpt>
<trkpt lat="33.0239556" lon="35.0936991"><ele>452.6</ele><time>2026-06-24T13:33:18Z</time></trkpt>
<trkpt lat="33.0239056" lon="35.0936818"><ele>452.7</ele><time>2026-06-24T13:33:19Z</time></trkpt>
<trkpt lat="33.0238544" lon="35.0936663"><ele>452.8</ele><time>2026-06-24T13:33:20Z</time></trkpt>
<trkpt lat="33.023802" lon="35.0936554"><ele>452.9</ele><time>2026-06-24T13:33:21Z</time></trkpt>
<trkpt lat="33.0237488" lon="35.0936478"><ele>453.0</ele><time>2026-06-24T13:33:22Z</time></trkpt>
<trkpt lat="33.0236953" lon="35.0936415"><ele>453.1</ele><time>2026-06-24T13:33:23Z</time></trkpt>
<trkpt lat="33.0236393" lon="35.0936358"><ele>453.2</ele><time>2026-06-24T13:33:24Z</time></trkpt>
<trkpt lat="33.0235816" lon="35.0936296"><ele>453.3</ele><time>2026-06-24T13:33:25Z</time></trkpt>
<trkpt lat="33.0235228" lon="35.0936221"><ele>453.3</ele><time>2026-06-24T13:33:26Z</time></trkpt>
<trkpt lat="33.0234632" lon="35.0936133"><ele>453.5</ele><time>2026-06-24T13:33:27Z</time></trkpt>
<trkpt lat="33.0234044" lon="35.0936021"><ele>453.6</ele><time>2026-06-24T13:33:28Z</time></trkpt>
<trkpt lat="33.0233474" lon="35.0935892"><ele>453.7</ele><time>2026-06-24T13:33:29Z</time></trkpt>
<trkpt lat="33.0232927" lon="35.0935759"><ele>453.9</ele><time>2026-06-24T13:33:30Z</time></trkpt>
<trkpt lat="33.0232386" lon="35.0935616"><ele>454.1</ele><time>2026-06-24T13:33:31Z</time></trkpt>
<trkpt lat="33.0231843" lon="35.0935454"><ele>454.3</ele><time>2026-06-24T13:33:32Z</time></trkpt>
<trkpt lat="33.0231304" lon="35.0935265"><ele>454.5</ele><time>2026-06-24T13:33:33Z</time></trkpt>
<trkpt lat="33.0230766" lon="35.0935037"><ele>454.8</ele><time>2026-06-24T13:33:34Z</time></trkpt>
<trkpt lat="33.023022" lon="35.0934767"><ele>455.0</ele><time>2026-06-24T13:33:35Z</time></trkpt>
<trkpt lat="33.0229675" lon="35.0934461"><ele>455.3</ele><time>2026-06-24T13:33:36Z</time></trkpt>
<trkpt lat="33.0229141" lon="35.0934124"><ele>455.5</ele><time>2026-06-24T13:33:37Z</time></trkpt>
<trkpt lat="33.0228641" lon="35.0933709"><ele>455.7</ele><time>2026-06-24T13:33:38Z</time></trkpt>
<trkpt lat="33.022817" lon="35.0933223"><ele>456.0</ele><time>2026-06-24T13:33:39Z</time></trkpt>
<trkpt lat="33.022767" lon="35.0932717"><ele>456.2</ele><time>2026-06-24T13:33:40Z</time></trkpt>
<trkpt lat="33.0227104" lon="35.0932257"><ele>456.4</ele><time>2026-06-24T13:33:41Z</time></trkpt>
<trkpt lat="33.0226508" lon="35.0931879"><ele>456.6</ele><time>2026-06-24T13:33:42Z</time></trkpt>
<trkpt lat="33.0225922" lon="35.0931542"><ele>456.8</ele><time>2026-06-24T13:33:43Z</time></trkpt>
<trkpt lat="33.0225341" lon="35.0931254"><ele>457.0</ele><time>2026-06-24T13:33:44Z</time></trkpt>
<trkpt lat="33.0224762" lon="35.093101"><ele>457.2</ele><time>2026-06-24T13:33:45Z</time></trkpt>
<trkpt lat="33.0224188" lon="35.0930794"><ele>457.3</ele><time>2026-06-24T13:33:46Z</time></trkpt>
<trkpt lat="33.0223618" lon="35.0930592"><ele>457.5</ele><time>2026-06-24T13:33:47Z</time></trkpt>
<trkpt lat="33.0223048" lon="35.0930392"><ele>457.6</ele><time>2026-06-24T13:33:48Z</time></trkpt>
<trkpt lat="33.022247" lon="35.0930183"><ele>457.8</ele><time>2026-06-24T13:33:49Z</time></trkpt>
<trkpt lat="33.0221883" lon="35.0929954"><ele>457.9</ele><time>2026-06-24T13:33:50Z</time></trkpt>
<trkpt lat="33.0221298" lon="35.0929712"><ele>458.0</ele><time>2026-06-24T13:33:51Z</time></trkpt>
<trkpt lat="33.022072" lon="35.0929472"><ele>458.1</ele><time>2026-06-24T13:33:52Z</time></trkpt>
<trkpt lat="33.0220155" lon="35.0929238"><ele>458.3</ele><time>2026-06-24T13:33:53Z</time></trkpt>
<trkpt lat="33.0219594" lon="35.0929009"><ele>458.4</ele><time>2026-06-24T13:33:54Z</time></trkpt>
<trkpt lat="33.0219033" lon="35.0928785"><ele>458.6</ele><time>2026-06-24T13:33:55Z</time></trkpt>
<trkpt lat="33.0218472" lon="35.0928553"><ele>458.7</ele><time>2026-06-24T13:33:56Z</time></trkpt>
<trkpt lat="33.0217919" lon="35.0928316"><ele>458.9</ele><time>2026-06-24T13:33:57Z</time></trkpt>
<trkpt lat="33.0217359" lon="35.0928081"><ele>459.2</ele><time>2026-06-24T13:33:58Z</time></trkpt>
<trkpt lat="33.0216788" lon="35.0927845"><ele>459.4</ele><time>2026-06-24T13:33:59Z</time></trkpt>
<trkpt lat="33.021622" lon="35.0927612"><ele>459.6</ele><time>2026-06-24T13:34:00Z</time></trkpt>
<trkpt lat="33.0215644" lon="35.0927397"><ele>459.9</ele><time>2026-06-24T13:34:01Z</time></trkpt>
<trkpt lat="33.0215056" lon="35.0927183"><ele>460.1</ele><time>2026-06-24T13:34:02Z</time></trkpt>
<trkpt lat="33.021447" lon="35.0926953"><ele>460.3</ele><time>2026-06-24T13:34:03Z</time></trkpt>
<trkpt lat="33.0213881" lon="35.0926735"><ele>460.4</ele><time>2026-06-24T13:34:04Z</time></trkpt>
<trkpt lat="33.0213286" lon="35.0926548"><ele>460.6</ele><time>2026-06-24T13:34:05Z</time></trkpt>
<trkpt lat="33.021269" lon="35.0926372"><ele>460.7</ele><time>2026-06-24T13:34:06Z</time></trkpt>
<trkpt lat="33.0212093" lon="35.0926198"><ele>460.9</ele><time>2026-06-24T13:34:07Z</time></trkpt>
<trkpt lat="33.0211511" lon="35.0926033"><ele>461.0</ele><time>2026-06-24T13:34:08Z</time></trkpt>
<trkpt lat="33.0210932" lon="35.0925875"><ele>461.1</ele><time>2026-06-24T13:34:09Z</time></trkpt>
<trkpt lat="33.0210361" lon="35.0925728"><ele>461.2</ele><time>2026-06-24T13:34:10Z</time></trkpt>
<trkpt lat="33.020981" lon="35.0925597"><ele>461.4</ele><time>2026-06-24T13:34:11Z</time></trkpt>
<trkpt lat="33.0209255" lon="35.0925473"><ele>461.5</ele><time>2026-06-24T13:34:12Z</time></trkpt>
<trkpt lat="33.0208683" lon="35.0925367"><ele>461.6</ele><time>2026-06-24T13:34:13Z</time></trkpt>
<trkpt lat="33.020811" lon="35.0925292"><ele>461.8</ele><time>2026-06-24T13:34:14Z</time></trkpt>
<trkpt lat="33.0207523" lon="35.0925233"><ele>461.9</ele><time>2026-06-24T13:34:15Z</time></trkpt>
<trkpt lat="33.0206932" lon="35.0925179"><ele>462.0</ele><time>2026-06-24T13:34:16Z</time></trkpt>
<trkpt lat="33.020636" lon="35.0925126"><ele>462.1</ele><time>2026-06-24T13:34:17Z</time></trkpt>
<trkpt lat="33.0205819" lon="35.0925065"><ele>462.2</ele><time>2026-06-24T13:34:18Z</time></trkpt>
<trkpt lat="33.0205314" lon="35.0924995"><ele>462.3</ele><time>2026-06-24T13:34:19Z</time></trkpt>
<trkpt lat="33.0204842" lon="35.0924932"><ele>462.4</ele><time>2026-06-24T13:34:20Z</time></trkpt>
<trkpt lat="33.0204418" lon="35.0924898"><ele>462.6</ele><time>2026-06-24T13:34:21Z</time></trkpt>
<trkpt lat="33.0204065" lon="35.0924949"><ele>462.7</ele><time>2026-06-24T13:34:22Z</time></trkpt>
<trkpt lat="33.0203793" lon="35.0925118"><ele>462.8</ele><time>2026-06-24T13:34:23Z</time></trkpt>
<trkpt lat="33.0203597" lon="35.0925389"><ele>462.9</ele><time>2026-06-24T13:34:24Z</time></trkpt>
<trkpt lat="33.020346" lon="35.0925735"><ele>462.9</ele><time>2026-06-24T13:34:25Z</time></trkpt>
<trkpt lat="33.020337" lon="35.0926125"><ele>463.0</ele><time>2026-06-24T13:34:26Z</time></trkpt>
<trkpt lat="33.020331" lon="35.0926524"><ele>463.1</ele><time>2026-06-24T13:34:27Z</time></trkpt>
<trkpt lat="33.0203258" lon="35.0926935"><ele>463.2</ele><time>2026-06-24T13:34:28Z</time></trkpt>
<trkpt lat="33.020321" lon="35.0927358"><ele>463.3</ele><time>2026-06-24T13:34:29Z</time></trkpt>
<trkpt lat="33.0203182" lon="35.092778"><ele>463.4</ele><time>2026-06-24T13:34:30Z</time></trkpt>
<trkpt lat="33.0203188" lon="35.0928189"><ele>463.5</ele><time>2026-06-24T13:34:31Z</time></trkpt>
<trkpt lat="33.0203212" lon="35.0928596"><ele>463.6</ele><time>2026-06-24T13:34:32Z</time></trkpt>
<trkpt lat="33.0203226" lon="35.0929011"><ele>463.8</ele><time>2026-06-24T13:34:33Z</time></trkpt>
<trkpt lat="33.0203212" lon="35.0929427"><ele>463.9</ele><time>2026-06-24T13:34:34Z</time></trkpt>
<trkpt lat="33.0203171" lon="35.0929841"><ele>464.0</ele><time>2026-06-24T13:34:35Z</time></trkpt>
<trkpt lat="33.0203126" lon="35.0930254"><ele>464.2</ele><time>2026-06-24T13:34:36Z</time></trkpt>
<trkpt lat="33.02031" lon="35.093066"><ele>464.3</ele><time>2026-06-24T13:34:37Z</time></trkpt>
<trkpt lat="33.0203095" lon="35.0931056"><ele>464.4</ele><time>2026-06-24T13:34:38Z</time></trkpt>
<trkpt lat="33.0203086" lon="35.093145"><ele>464.6</ele><time>2026-06-24T13:34:39Z</time></trkpt>
<trkpt lat="33.0203057" lon="35.0931843"><ele>464.7</ele><time>2026-06-24T13:34:40Z</time></trkpt>
<trkpt lat="33.0203019" lon="35.0932235"><ele>464.8</ele><time>2026-06-24T13:34:41Z</time></trkpt>
<trkpt lat="33.0202974" lon="35.0932627"><ele>464.9</ele><time>2026-06-24T13:34:42Z</time></trkpt>
<trkpt lat="33.0202907" lon="35.0933021"><ele>464.9</ele><time>2026-06-24T13:34:43Z</time></trkpt>
<trkpt lat="33.0202816" lon="35.0933412"><ele>465.0</ele><time>2026-06-24T13:34:44Z</time></trkpt>
<trkpt lat="33.020272" lon="35.0933794"><ele>465.1</ele><time>2026-06-24T13:34:45Z</time></trkpt>
<trkpt lat="33.0202632" lon="35.0934184"><ele>465.1</ele><time>2026-06-24T13:34:46Z</time></trkpt>
<trkpt lat="33.0202534" lon="35.0934599"><ele>465.2</ele><time>2026-06-24T13:34:47Z</time></trkpt>
<trkpt lat="33.0202421" lon="35.0935035"><ele>465.3</ele><time>2026-06-24T13:34:48Z</time></trkpt>
<trkpt lat="33.0202317" lon="35.0935482"><ele>465.3</ele><time>2026-06-24T13:34:49Z</time></trkpt>
<trkpt lat="33.020223" lon="35.0935933"><ele>465.4</ele><time>2026-06-24T13:34:50Z</time></trkpt>
<trkpt lat="33.0202157" lon="35.0936392"><ele>465.5</ele><time>2026-06-24T13:34:51Z</time></trkpt>
<trkpt lat="33.0202099" lon="35.093686"><ele>465.6</ele><time>2026-06-24T13:34:52Z</time></trkpt>
<trkpt lat="33.0202052" lon="35.0937332"><ele>465.8</ele><time>2026-06-24T13:34:53Z</time></trkpt>
<trkpt lat="33.0202011" lon="35.0937816"><ele>465.9</ele><time>2026-06-24T13:34:54Z</time></trkpt>
<trkpt lat="33.0201979" lon="35.0938319"><ele>466.1</ele><time>2026-06-24T13:34:55Z</time></trkpt>
<trkpt lat="33.0201948" lon="35.0938815"><ele>466.4</ele><time>2026-06-24T13:34:56Z</time></trkpt>
<trkpt lat="33.0201904" lon="35.0939289"><ele>466.6</ele><time>2026-06-24T13:34:57Z</time></trkpt>
<trkpt lat="33.0201856" lon="35.0939729"><ele>467.0</ele><time>2026-06-24T13:34:58Z</time></trkpt>
<trkpt lat="33.0201795" lon="35.0940139"><ele>467.3</ele><time>2026-06-24T13:34:59Z</time></trkpt>
<trkpt lat="33.0201711" lon="35.0940551"><ele>467.8</ele><time>2026-06-24T13:35:00Z</time></trkpt>
<trkpt lat="33.0201602" lon="35.0940969"><ele>468.2</ele><time>2026-06-24T13:35:01Z</time></trkpt>
<trkpt lat="33.0201477" lon="35.0941399"><ele>468.7</ele><time>2026-06-24T13:35:02Z</time></trkpt>
<trkpt lat="33.020135" lon="35.0941851"><ele>469.1</ele><time>2026-06-24T13:35:03Z</time></trkpt>
<trkpt lat="33.0201231" lon="35.094234"><ele>469.6</ele><time>2026-06-24T13:35:04Z</time></trkpt>
<trkpt lat="33.0201125" lon="35.0942866"><ele>470.0</ele><time>2026-06-24T13:35:05Z</time></trkpt>
<trkpt lat="33.0201017" lon="35.0943408"><ele>470.4</ele><time>2026-06-24T13:35:06Z</time></trkpt>
<trkpt lat="33.0200895" lon="35.0943954"><ele>470.7</ele><time>2026-06-24T13:35:07Z</time></trkpt>
<trkpt lat="33.0200812" lon="35.0944296"><ele>470.9</ele><time>2026-06-24T13:35:08Z</time></trkpt>
<trkpt lat="33.0200575" lon="35.09455"><ele>471.5</ele><time>2026-06-24T13:35:10Z</time></trkpt>
<trkpt lat="33.0200481" lon="35.094608"><ele>471.7</ele><time>2026-06-24T13:35:11Z</time></trkpt>
<trkpt lat="33.0200374" lon="35.0946658"><ele>471.9</ele><time>2026-06-24T13:35:12Z</time></trkpt>
<trkpt lat="33.0200136" lon="35.0947787"><ele>472.1</ele><time>2026-06-24T13:35:13Z</time></trkpt>
<trkpt lat="33.0199997" lon="35.0948321"><ele>472.3</ele><time>2026-06-24T13:35:14Z</time></trkpt>
<trkpt lat="33.0199874" lon="35.0948849"><ele>472.4</ele><time>2026-06-24T13:35:15Z</time></trkpt>
<trkpt lat="33.0199776" lon="35.0949386"><ele>472.5</ele><time>2026-06-24T13:35:16Z</time></trkpt>
<trkpt lat="33.0199687" lon="35.0949926"><ele>472.5</ele><time>2026-06-24T13:35:17Z</time></trkpt>
<trkpt lat="33.0199596" lon="35.0950465"><ele>472.6</ele><time>2026-06-24T13:35:18Z</time></trkpt>
<trkpt lat="33.0199486" lon="35.0950994"><ele>472.7</ele><time>2026-06-24T13:35:19Z</time></trkpt>
<trkpt lat="33.0199367" lon="35.0951513"><ele>472.7</ele><time>2026-06-24T13:35:20Z</time></trkpt>
<trkpt lat="33.0199252" lon="35.0952023"><ele>472.8</ele><time>2026-06-24T13:35:21Z</time></trkpt>
<trkpt lat="33.0199136" lon="35.0952527"><ele>472.9</ele><time>2026-06-24T13:35:22Z</time></trkpt>
<trkpt lat="33.0199011" lon="35.0953053"><ele>472.9</ele><time>2026-06-24T13:35:23Z</time></trkpt>
<trkpt lat="33.0198879" lon="35.0953626"><ele>473.0</ele><time>2026-06-24T13:35:24Z</time></trkpt>
<trkpt lat="33.0198752" lon="35.0954231"><ele>473.1</ele><time>2026-06-24T13:35:25Z</time></trkpt>
<trkpt lat="33.0198615" lon="35.0954858"><ele>473.2</ele><time>2026-06-24T13:35:26Z</time></trkpt>
<trkpt lat="33.0198474" lon="35.0955474"><ele>473.4</ele><time>2026-06-24T13:35:27Z</time></trkpt>
<trkpt lat="33.0198349" lon="35.0956062"><ele>473.5</ele><time>2026-06-24T13:35:28Z</time></trkpt>
<trkpt lat="33.0198245" lon="35.0956637"><ele>473.7</ele><time>2026-06-24T13:35:29Z</time></trkpt>
<trkpt lat="33.0198149" lon="35.0957216"><ele>473.9</ele><time>2026-06-24T13:35:30Z</time></trkpt>
<trkpt lat="33.0198038" lon="35.0957797"><ele>474.1</ele><time>2026-06-24T13:35:31Z</time></trkpt>
<trkpt lat="33.0197918" lon="35.0958376"><ele>474.3</ele><time>2026-06-24T13:35:32Z</time></trkpt>
<trkpt lat="33.0197795" lon="35.0958951"><ele>474.6</ele><time>2026-06-24T13:35:33Z</time></trkpt>
<trkpt lat="33.0197672" lon="35.0959515"><ele>474.8</ele><time>2026-06-24T13:35:34Z</time></trkpt>
<trkpt lat="33.0197545" lon="35.0960083"><ele>475.0</ele><time>2026-06-24T13:35:35Z</time></trkpt>
<trkpt lat="33.0197405" lon="35.0960662"><ele>475.2</ele><time>2026-06-24T13:35:36Z</time></trkpt>
<trkpt lat="33.0197259" lon="35.0961222"><ele>475.4</ele><time>2026-06-24T13:35:37Z</time></trkpt>
<trkpt lat="33.0197117" lon="35.096176"><ele>475.5</ele><time>2026-06-24T13:35:38Z</time></trkpt>
<trkpt lat="33.0196985" lon="35.0962294"><ele>475.7</ele><time>2026-06-24T13:35:39Z</time></trkpt>
<trkpt lat="33.0196869" lon="35.0962806"><ele>475.9</ele><time>2026-06-24T13:35:40Z</time></trkpt>
<trkpt lat="33.0196764" lon="35.0963293"><ele>476.1</ele><time>2026-06-24T13:35:41Z</time></trkpt>
<trkpt lat="33.0196642" lon="35.0963719"><ele>476.3</ele><time>2026-06-24T13:35:42Z</time></trkpt>
<trkpt lat="33.019651" lon="35.0964044"><ele>476.4</ele><time>2026-06-24T13:35:43Z</time></trkpt>
<trkpt lat="33.0196393" lon="35.09643"><ele>476.6</ele><time>2026-06-24T13:35:44Z</time></trkpt>
<trkpt lat="33.0196286" lon="35.0964524"><ele>476.7</ele><time>2026-06-24T13:35:45Z</time></trkpt>
<trkpt lat="33.0196187" lon="35.0964739"><ele>476.8</ele><time>2026-06-24T13:35:46Z</time></trkpt>
<trkpt lat="33.0196094" lon="35.0964952"><ele>476.9</ele><time>2026-06-24T13:35:47Z</time></trkpt>
<trkpt lat="33.0196" lon="35.0965157"><ele>477.0</ele><time>2026-06-24T13:35:48Z</time></trkpt>
<trkpt lat="33.0195913" lon="35.0965357"><ele>477.1</ele><time>2026-06-24T13:35:49Z</time></trkpt>
<trkpt lat="33.019584" lon="35.0965564"><ele>477.2</ele><time>2026-06-24T13:35:50Z</time></trkpt>
<trkpt lat="33.0195781" lon="35.0965797"><ele>477.3</ele><time>2026-06-24T13:35:51Z</time></trkpt>
<trkpt lat="33.0195739" lon="35.0966056"><ele>477.4</ele><time>2026-06-24T13:35:52Z</time></trkpt>
<trkpt lat="33.0195729" lon="35.0966323"><ele>477.5</ele><time>2026-06-24T13:35:53Z</time></trkpt>
<trkpt lat="33.0195751" lon="35.0966598"><ele>477.6</ele><time>2026-06-24T13:35:54Z</time></trkpt>
<trkpt lat="33.0195813" lon="35.0966861"><ele>477.7</ele><time>2026-06-24T13:35:55Z</time></trkpt>
<trkpt lat="33.0195912" lon="35.0967087"><ele>477.7</ele><time>2026-06-24T13:35:56Z</time></trkpt>
<trkpt lat="33.0195994" lon="35.0967281"><ele>477.8</ele><time>2026-06-24T13:35:57Z</time></trkpt>
<trkpt lat="33.0196015" lon="35.0967471"><ele>477.8</ele><time>2026-06-24T13:35:58Z</time></trkpt>
<trkpt lat="33.0195978" lon="35.096767"><ele>477.7</ele><time>2026-06-24T13:35:59Z</time></trkpt>
<trkpt lat="33.0195904" lon="35.096789"><ele>477.6</ele><time>2026-06-24T13:36:00Z</time></trkpt>
<trkpt lat="33.0195822" lon="35.0968157"><ele>477.4</ele><time>2026-06-24T13:36:01Z</time></trkpt>
<trkpt lat="33.019576" lon="35.0968504"><ele>477.1</ele><time>2026-06-24T13:36:02Z</time></trkpt>
<trkpt lat="33.0195714" lon="35.0968944"><ele>476.7</ele><time>2026-06-24T13:36:03Z</time></trkpt>
<trkpt lat="33.0195636" lon="35.096946"><ele>476.1</ele><time>2026-06-24T13:36:04Z</time></trkpt>
<trkpt lat="33.0195496" lon="35.0970047"><ele>475.5</ele><time>2026-06-24T13:36:05Z</time></trkpt>
<trkpt lat="33.0195276" lon="35.0970708"><ele>474.7</ele><time>2026-06-24T13:36:06Z</time></trkpt>
<trkpt lat="33.0195019" lon="35.0971396"><ele>474.0</ele><time>2026-06-24T13:36:07Z</time></trkpt>
<trkpt lat="33.019479" lon="35.0972064"><ele>473.4</ele><time>2026-06-24T13:36:08Z</time></trkpt>
<trkpt lat="33.0194589" lon="35.0972729"><ele>472.9</ele><time>2026-06-24T13:36:09Z</time></trkpt>
<trkpt lat="33.0194397" lon="35.0973409"><ele>472.5</ele><time>2026-06-24T13:36:10Z</time></trkpt>
<trkpt lat="33.0194204" lon="35.0974109"><ele>472.3</ele><time>2026-06-24T13:36:11Z</time></trkpt>
<trkpt lat="33.0194016" lon="35.0974815"><ele>472.1</ele><time>2026-06-24T13:36:12Z</time></trkpt>
<trkpt lat="33.0193838" lon="35.0975515"><ele>472.0</ele><time>2026-06-24T13:36:13Z</time></trkpt>
<trkpt lat="33.0193672" lon="35.0976204"><ele>472.0</ele><time>2026-06-24T13:36:14Z</time></trkpt>
<trkpt lat="33.0193517" lon="35.0976887"><ele>472.0</ele><time>2026-06-24T13:36:15Z</time></trkpt>
<trkpt lat="33.0193372" lon="35.097756"><ele>472.0</ele><time>2026-06-24T13:36:16Z</time></trkpt>
<trkpt lat="33.0193233" lon="35.0978215"><ele>472.1</ele><time>2026-06-24T13:36:17Z</time></trkpt>
<trkpt lat="33.0193092" lon="35.0978848"><ele>472.2</ele><time>2026-06-24T13:36:18Z</time></trkpt>
<trkpt lat="33.0192947" lon="35.0979453"><ele>472.3</ele><time>2026-06-24T13:36:19Z</time></trkpt>
<trkpt lat="33.01928" lon="35.0980026"><ele>472.5</ele><time>2026-06-24T13:36:20Z</time></trkpt>
<trkpt lat="33.0192649" lon="35.0980559"><ele>472.6</ele><time>2026-06-24T13:36:21Z</time></trkpt>
<trkpt lat="33.0192499" lon="35.0981058"><ele>472.7</ele><time>2026-06-24T13:36:22Z</time></trkpt>
<trkpt lat="33.0192361" lon="35.0981529"><ele>472.8</ele><time>2026-06-24T13:36:23Z</time></trkpt>
<trkpt lat="33.0192231" lon="35.0981981"><ele>473.0</ele><time>2026-06-24T13:36:24Z</time></trkpt>
<trkpt lat="33.019209" lon="35.0982421"><ele>473.1</ele><time>2026-06-24T13:36:25Z</time></trkpt>
<trkpt lat="33.0191932" lon="35.0982853"><ele>473.2</ele><time>2026-06-24T13:36:26Z</time></trkpt>
<trkpt lat="33.0191773" lon="35.0983283"><ele>473.3</ele><time>2026-06-24T13:36:27Z</time></trkpt>
<trkpt lat="33.0191623" lon="35.0983727"><ele>473.3</ele><time>2026-06-24T13:36:28Z</time></trkpt>
<trkpt lat="33.0191481" lon="35.0984174"><ele>473.4</ele><time>2026-06-24T13:36:29Z</time></trkpt>
<trkpt lat="33.0191336" lon="35.0984603"><ele>473.5</ele><time>2026-06-24T13:36:30Z</time></trkpt>
<trkpt lat="33.0191168" lon="35.0985023"><ele>473.6</ele><time>2026-06-24T13:36:31Z</time></trkpt>
<trkpt lat="33.0190986" lon="35.0985445"><ele>473.6</ele><time>2026-06-24T13:36:32Z</time></trkpt>
<trkpt lat="33.0190806" lon="35.0985873"><ele>473.7</ele><time>2026-06-24T13:36:33Z</time></trkpt>
<trkpt lat="33.0190616" lon="35.0986315"><ele>473.8</ele><time>2026-06-24T13:36:34Z</time></trkpt>
<trkpt lat="33.019042" lon="35.0986763"><ele>473.9</ele><time>2026-06-24T13:36:35Z</time></trkpt>
<trkpt lat="33.0190251" lon="35.098723"><ele>474.0</ele><time>2026-06-24T13:36:36Z</time></trkpt>
<trkpt lat="33.0190112" lon="35.0987743"><ele>474.0</ele><time>2026-06-24T13:36:37Z</time></trkpt>
<trkpt lat="33.0190034" lon="35.0988082"><ele>474.1</ele><time>2026-06-24T13:36:38Z</time></trkpt>
<trkpt lat="33.0189758" lon="35.098922"><ele>474.3</ele><time>2026-06-24T13:36:40Z</time></trkpt>
<trkpt lat="33.0189622" lon="35.0989733"><ele>474.4</ele><time>2026-06-24T13:36:41Z</time></trkpt>
<trkpt lat="33.018949" lon="35.0990235"><ele>474.4</ele><time>2026-06-24T13:36:42Z</time></trkpt>
<trkpt lat="33.0189248" lon="35.0991197"><ele>474.6</ele><time>2026-06-24T13:36:43Z</time></trkpt>
<trkpt lat="33.0189135" lon="35.0991676"><ele>474.6</ele><time>2026-06-24T13:36:44Z</time></trkpt>
<trkpt lat="33.0189012" lon="35.0992161"><ele>474.7</ele><time>2026-06-24T13:36:45Z</time></trkpt>
<trkpt lat="33.0188886" lon="35.0992637"><ele>474.8</ele><time>2026-06-24T13:36:46Z</time></trkpt>
<trkpt lat="33.0188768" lon="35.0993114"><ele>474.9</ele><time>2026-06-24T13:36:47Z</time></trkpt>
<trkpt lat="33.0188652" lon="35.09936"><ele>475.0</ele><time>2026-06-24T13:36:48Z</time></trkpt>
<trkpt lat="33.0188521" lon="35.0994108"><ele>475.2</ele><time>2026-06-24T13:36:49Z</time></trkpt>
<trkpt lat="33.0188383" lon="35.0994644"><ele>475.3</ele><time>2026-06-24T13:36:50Z</time></trkpt>
<trkpt lat="33.0188255" lon="35.0995196"><ele>475.4</ele><time>2026-06-24T13:36:51Z</time></trkpt>
<trkpt lat="33.0188129" lon="35.099575"><ele>475.5</ele><time>2026-06-24T13:36:52Z</time></trkpt>
<trkpt lat="33.0187992" lon="35.099631"><ele>475.6</ele><time>2026-06-24T13:36:53Z</time></trkpt>
<trkpt lat="33.018784" lon="35.0996902"><ele>475.8</ele><time>2026-06-24T13:36:54Z</time></trkpt>
<trkpt lat="33.0187693" lon="35.0997474"><ele>475.9</ele><time>2026-06-24T13:36:55Z</time></trkpt>
<trkpt lat="33.0187554" lon="35.0998021"><ele>476.1</ele><time>2026-06-24T13:36:56Z</time></trkpt>
<trkpt lat="33.0187421" lon="35.0998553"><ele>476.2</ele><time>2026-06-24T13:36:57Z</time></trkpt>
<trkpt lat="33.0187298" lon="35.0999046"><ele>476.4</ele><time>2026-06-24T13:36:58Z</time></trkpt>
<trkpt lat="33.0187182" lon="35.0999513"><ele>476.6</ele><time>2026-06-24T13:36:59Z</time></trkpt>
<trkpt lat="33.0187081" lon="35.0999978"><ele>476.8</ele><time>2026-06-24T13:37:00Z</time></trkpt>
<trkpt lat="33.0186985" lon="35.1000458"><ele>476.9</ele><time>2026-06-24T13:37:01Z</time></trkpt>
<trkpt lat="33.0186882" lon="35.100094"><ele>477.0</ele><time>2026-06-24T13:37:02Z</time></trkpt>
<trkpt lat="33.018677" lon="35.1001424"><ele>477.1</ele><time>2026-06-24T13:37:03Z</time></trkpt>
<trkpt lat="33.0186654" lon="35.1001923"><ele>477.1</ele><time>2026-06-24T13:37:04Z</time></trkpt>
<trkpt lat="33.0186557" lon="35.1002438"><ele>477.0</ele><time>2026-06-24T13:37:05Z</time></trkpt>
<trkpt lat="33.01865" lon="35.1002978"><ele>476.8</ele><time>2026-06-24T13:37:06Z</time></trkpt>
<trkpt lat="33.0186479" lon="35.1003538"><ele>476.6</ele><time>2026-06-24T13:37:07Z</time></trkpt>
<trkpt lat="33.0186501" lon="35.10041"><ele>476.3</ele><time>2026-06-24T13:37:08Z</time></trkpt>
<trkpt lat="33.018656" lon="35.1004657"><ele>476.0</ele><time>2026-06-24T13:37:09Z</time></trkpt>
<trkpt lat="33.0186628" lon="35.1005215"><ele>475.8</ele><time>2026-06-24T13:37:10Z</time></trkpt>
<trkpt lat="33.0186697" lon="35.1005778"><ele>475.6</ele><time>2026-06-24T13:37:11Z</time></trkpt>
<trkpt lat="33.0186768" lon="35.1006351"><ele>475.5</ele><time>2026-06-24T13:37:12Z</time></trkpt>
<trkpt lat="33.0186835" lon="35.1006932"><ele>475.4</ele><time>2026-06-24T13:37:13Z</time></trkpt>
<trkpt lat="33.0186898" lon="35.100751"><ele>475.4</ele><time>2026-06-24T13:37:14Z</time></trkpt>
<trkpt lat="33.0186963" lon="35.1008075"><ele>475.5</ele><time>2026-06-24T13:37:15Z</time></trkpt>
<trkpt lat="33.0187029" lon="35.1008623"><ele>475.5</ele><time>2026-06-24T13:37:16Z</time></trkpt>
<trkpt lat="33.01871" lon="35.1009159"><ele>475.7</ele><time>2026-06-24T13:37:17Z</time></trkpt>
<trkpt lat="33.0187175" lon="35.1009685"><ele>475.8</ele><time>2026-06-24T13:37:18Z</time></trkpt>
<trkpt lat="33.0187253" lon="35.1010202"><ele>476.0</ele><time>2026-06-24T13:37:19Z</time></trkpt>
<trkpt lat="33.0187325" lon="35.1010712"><ele>476.2</ele><time>2026-06-24T13:37:20Z</time></trkpt>
<trkpt lat="33.0187396" lon="35.1011192"><ele>476.5</ele><time>2026-06-24T13:37:21Z</time></trkpt>
<trkpt lat="33.0187477" lon="35.1011616"><ele>476.8</ele><time>2026-06-24T13:37:22Z</time></trkpt>
<trkpt lat="33.0187556" lon="35.1011982"><ele>477.0</ele><time>2026-06-24T13:37:23Z</time></trkpt>
<trkpt lat="33.0187626" lon="35.101229"><ele>477.4</ele><time>2026-06-24T13:37:24Z</time></trkpt>
<trkpt lat="33.0187687" lon="35.101254"><ele>477.7</ele><time>2026-06-24T13:37:25Z</time></trkpt>
<trkpt lat="33.0187736" lon="35.1012781"><ele>478.0</ele><time>2026-06-24T13:37:26Z</time></trkpt>
<trkpt lat="33.018778" lon="35.101306"><ele>478.2</ele><time>2026-06-24T13:37:27Z</time></trkpt>
<trkpt lat="33.0187815" lon="35.1013377"><ele>478.5</ele><time>2026-06-24T13:37:28Z</time></trkpt>
<trkpt lat="33.018783" lon="35.1013741"><ele>478.7</ele><time>2026-06-24T13:37:29Z</time></trkpt>
<trkpt lat="33.0187827" lon="35.1014166"><ele>478.9</ele><time>2026-06-24T13:37:30Z</time></trkpt>
<trkpt lat="33.018783" lon="35.1014639"><ele>479.1</ele><time>2026-06-24T13:37:31Z</time></trkpt>
<trkpt lat="33.0187862" lon="35.101514"><ele>479.3</ele><time>2026-06-24T13:37:32Z</time></trkpt>
<trkpt lat="33.0187912" lon="35.1015666"><ele>479.4</ele><time>2026-06-24T13:37:33Z</time></trkpt>
<trkpt lat="33.0187976" lon="35.1016201"><ele>479.5</ele><time>2026-06-24T13:37:34Z</time></trkpt>
<trkpt lat="33.0188051" lon="35.101675"><ele>479.6</ele><time>2026-06-24T13:37:35Z</time></trkpt>
<trkpt lat="33.0188125" lon="35.1017337"><ele>479.7</ele><time>2026-06-24T13:37:36Z</time></trkpt>
<trkpt lat="33.0188197" lon="35.1017964"><ele>479.8</ele><time>2026-06-24T13:37:37Z</time></trkpt>
<trkpt lat="33.0188241" lon="35.1018345"><ele>479.9</ele><time>2026-06-24T13:37:38Z</time></trkpt>
<trkpt lat="33.0188407" lon="35.1019362"><ele>480.0</ele><time>2026-06-24T13:37:39Z</time></trkpt>
<trkpt lat="33.0188532" lon="35.1019984"><ele>480.1</ele><time>2026-06-24T13:37:40Z</time></trkpt>
<trkpt lat="33.0188634" lon="35.1020564"><ele>480.2</ele><time>2026-06-24T13:37:41Z</time></trkpt>
<trkpt lat="33.0188717" lon="35.1021133"><ele>480.3</ele><time>2026-06-24T13:37:42Z</time></trkpt>
<trkpt lat="33.0188794" lon="35.1021701"><ele>480.4</ele><time>2026-06-24T13:37:43Z</time></trkpt>
<trkpt lat="33.0188874" lon="35.1022304"><ele>480.5</ele><time>2026-06-24T13:37:44Z</time></trkpt>
<trkpt lat="33.0188949" lon="35.1022948"><ele>480.5</ele><time>2026-06-24T13:37:45Z</time></trkpt>
<trkpt lat="33.0189025" lon="35.1023599"><ele>480.6</ele><time>2026-06-24T13:37:46Z</time></trkpt>
<trkpt lat="33.0189108" lon="35.1024246"><ele>480.7</ele><time>2026-06-24T13:37:47Z</time></trkpt>
<trkpt lat="33.0189188" lon="35.1024889"><ele>480.7</ele><time>2026-06-24T13:37:48Z</time></trkpt>
<trkpt lat="33.0189267" lon="35.1025518"><ele>480.8</ele><time>2026-06-24T13:37:49Z</time></trkpt>
<trkpt lat="33.0189341" lon="35.102614"><ele>480.9</ele><time>2026-06-24T13:37:50Z</time></trkpt>
<trkpt lat="33.0189405" lon="35.1026753"><ele>481.0</ele><time>2026-06-24T13:37:51Z</time></trkpt>
<trkpt lat="33.0189468" lon="35.1027356"><ele>481.1</ele><time>2026-06-24T13:37:52Z</time></trkpt>
<trkpt lat="33.0189541" lon="35.1027955"><ele>481.3</ele><time>2026-06-24T13:37:53Z</time></trkpt>
<trkpt lat="33.0189624" lon="35.1028558"><ele>481.5</ele><time>2026-06-24T13:37:54Z</time></trkpt>
<trkpt lat="33.0189712" lon="35.1029165"><ele>481.7</ele><time>2026-06-24T13:37:55Z</time></trkpt>
<trkpt lat="33.0189796" lon="35.1029769"><ele>482.0</ele><time>2026-06-24T13:37:56Z</time></trkpt>
<trkpt lat="33.0189878" lon="35.1030367"><ele>482.3</ele><time>2026-06-24T13:37:57Z</time></trkpt>
<trkpt lat="33.0189956" lon="35.1030959"><ele>482.7</ele><time>2026-06-24T13:37:58Z</time></trkpt>
<trkpt lat="33.0190029" lon="35.1031548"><ele>483.2</ele><time>2026-06-24T13:37:59Z</time></trkpt>
<trkpt lat="33.01901" lon="35.1032134"><ele>483.7</ele><time>2026-06-24T13:38:00Z</time></trkpt>
<trkpt lat="33.0190165" lon="35.1032718"><ele>484.2</ele><time>2026-06-24T13:38:01Z</time></trkpt>
<trkpt lat="33.0190214" lon="35.1033303"><ele>484.7</ele><time>2026-06-24T13:38:02Z</time></trkpt>
<trkpt lat="33.0190245" lon="35.1033887"><ele>485.3</ele><time>2026-06-24T13:38:03Z</time></trkpt>
<trkpt lat="33.0190244" lon="35.1034456"><ele>485.9</ele><time>2026-06-24T13:38:04Z</time></trkpt>
<trkpt lat="33.0190165" lon="35.103494"><ele>486.5</ele><time>2026-06-24T13:38:05Z</time></trkpt>
<trkpt lat="33.0189959" lon="35.1035266"><ele>487.0</ele><time>2026-06-24T13:38:06Z</time></trkpt>
<trkpt lat="33.0189642" lon="35.103541"><ele>487.5</ele><time>2026-06-24T13:38:07Z</time></trkpt>
<trkpt lat="33.0189288" lon="35.1035405"><ele>488.0</ele><time>2026-06-24T13:38:08Z</time></trkpt>
<trkpt lat="33.0188933" lon="35.1035317"><ele>488.4</ele><time>2026-06-24T13:38:09Z</time></trkpt>
<trkpt lat="33.0188573" lon="35.1035192"><ele>488.7</ele><time>2026-06-24T13:38:10Z</time></trkpt>
<trkpt lat="33.0188187" lon="35.103507"><ele>488.9</ele><time>2026-06-24T13:38:11Z</time></trkpt>
<trkpt lat="33.0187755" lon="35.1035003"><ele>489.1</ele><time>2026-06-24T13:38:12Z</time></trkpt>
<trkpt lat="33.0187286" lon="35.1035024"><ele>489.2</ele><time>2026-06-24T13:38:13Z</time></trkpt>
<trkpt lat="33.0186817" lon="35.1035117"><ele>489.3</ele><time>2026-06-24T13:38:14Z</time></trkpt>
<trkpt lat="33.0186378" lon="35.103526"><ele>489.4</ele><time>2026-06-24T13:38:15Z</time></trkpt>
<trkpt lat="33.0185985" lon="35.1035433"><ele>489.4</ele><time>2026-06-24T13:38:16Z</time></trkpt>
<trkpt lat="33.0185641" lon="35.1035629"><ele>489.5</ele><time>2026-06-24T13:38:17Z</time></trkpt>
<trkpt lat="33.0185357" lon="35.1035852"><ele>489.5</ele><time>2026-06-24T13:38:18Z</time></trkpt>
<trkpt lat="33.0185152" lon="35.1036118"><ele>489.6</ele><time>2026-06-24T13:38:19Z</time></trkpt>
<trkpt lat="33.0185019" lon="35.1036436"><ele>489.7</ele><time>2026-06-24T13:38:20Z</time></trkpt>
<trkpt lat="33.0184917" lon="35.1036789"><ele>489.7</ele><time>2026-06-24T13:38:21Z</time></trkpt>
<trkpt lat="33.0184791" lon="35.1037134"><ele>489.8</ele><time>2026-06-24T13:38:22Z</time></trkpt>
<trkpt lat="33.0184611" lon="35.1037426"><ele>490.0</ele><time>2026-06-24T13:38:23Z</time></trkpt>
<trkpt lat="33.0184368" lon="35.1037623"><ele>490.1</ele><time>2026-06-24T13:38:24Z</time></trkpt>
<trkpt lat="33.0184076" lon="35.103769"><ele>490.3</ele><time>2026-06-24T13:38:25Z</time></trkpt>
<trkpt lat="33.0183747" lon="35.1037631"><ele>490.5</ele><time>2026-06-24T13:38:26Z</time></trkpt>
<trkpt lat="33.0183392" lon="35.1037487"><ele>490.7</ele><time>2026-06-24T13:38:27Z</time></trkpt>
<trkpt lat="33.0183011" lon="35.1037311"><ele>490.9</ele><time>2026-06-24T13:38:28Z</time></trkpt>
<trkpt lat="33.0182591" lon="35.1037149"><ele>491.1</ele><time>2026-06-24T13:38:29Z</time></trkpt>
<trkpt lat="33.0182123" lon="35.1037021"><ele>491.3</ele><time>2026-06-24T13:38:30Z</time></trkpt>
<trkpt lat="33.0181619" lon="35.1036918"><ele>491.5</ele><time>2026-06-24T13:38:31Z</time></trkpt>
<trkpt lat="33.0181101" lon="35.1036831"><ele>491.6</ele><time>2026-06-24T13:38:32Z</time></trkpt>
<trkpt lat="33.0180579" lon="35.1036755"><ele>491.7</ele><time>2026-06-24T13:38:33Z</time></trkpt>
<trkpt lat="33.018006" lon="35.1036688"><ele>491.9</ele><time>2026-06-24T13:38:34Z</time></trkpt>
<trkpt lat="33.0179544" lon="35.1036625"><ele>492.0</ele><time>2026-06-24T13:38:35Z</time></trkpt>
<trkpt lat="33.0179024" lon="35.1036564"><ele>492.1</ele><time>2026-06-24T13:38:36Z</time></trkpt>
<trkpt lat="33.0178501" lon="35.1036504"><ele>492.1</ele><time>2026-06-24T13:38:37Z</time></trkpt>
<trkpt lat="33.0177974" lon="35.1036457"><ele>492.2</ele><time>2026-06-24T13:38:38Z</time></trkpt>
<trkpt lat="33.0177442" lon="35.1036428"><ele>492.3</ele><time>2026-06-24T13:38:39Z</time></trkpt>
<trkpt lat="33.0176898" lon="35.1036413"><ele>492.4</ele><time>2026-06-24T13:38:40Z</time></trkpt>
<trkpt lat="33.0176348" lon="35.1036403"><ele>492.5</ele><time>2026-06-24T13:38:41Z</time></trkpt>
<trkpt lat="33.0175804" lon="35.1036387"><ele>492.6</ele><time>2026-06-24T13:38:42Z</time></trkpt>
<trkpt lat="33.0175274" lon="35.1036355"><ele>492.8</ele><time>2026-06-24T13:38:43Z</time></trkpt>
<trkpt lat="33.0174752" lon="35.103631"><ele>493.0</ele><time>2026-06-24T13:38:44Z</time></trkpt>
<trkpt lat="33.0174227" lon="35.1036265"><ele>493.2</ele><time>2026-06-24T13:38:45Z</time></trkpt>
<trkpt lat="33.0173703" lon="35.1036224"><ele>493.3</ele><time>2026-06-24T13:38:46Z</time></trkpt>
<trkpt lat="33.0173177" lon="35.1036187"><ele>493.5</ele><time>2026-06-24T13:38:47Z</time></trkpt>
<trkpt lat="33.0172647" lon="35.1036147"><ele>493.7</ele><time>2026-06-24T13:38:48Z</time></trkpt>
<trkpt lat="33.0172121" lon="35.1036101"><ele>493.9</ele><time>2026-06-24T13:38:49Z</time></trkpt>
<trkpt lat="33.0171601" lon="35.1036054"><ele>494.1</ele><time>2026-06-24T13:38:50Z</time></trkpt>
<trkpt lat="33.0171073" lon="35.1036008"><ele>494.2</ele><time>2026-06-24T13:38:51Z</time></trkpt>
<trkpt lat="33.0170539" lon="35.1035964"><ele>494.4</ele><time>2026-06-24T13:38:52Z</time></trkpt>
<trkpt lat="33.0170008" lon="35.103592"><ele>494.5</ele><time>2026-06-24T13:38:53Z</time></trkpt>
<trkpt lat="33.0169485" lon="35.1035879"><ele>494.6</ele><time>2026-06-24T13:38:54Z</time></trkpt>
<trkpt lat="33.0168961" lon="35.1035846"><ele>494.7</ele><time>2026-06-24T13:38:55Z</time></trkpt>
<trkpt lat="33.0168428" lon="35.1035826"><ele>494.7</ele><time>2026-06-24T13:38:56Z</time></trkpt>
<trkpt lat="33.0167899" lon="35.1035814"><ele>494.8</ele><time>2026-06-24T13:38:57Z</time></trkpt>
<trkpt lat="33.0167388" lon="35.1035804"><ele>494.9</ele><time>2026-06-24T13:38:58Z</time></trkpt>
<trkpt lat="33.0166875" lon="35.1035782"><ele>494.9</ele><time>2026-06-24T13:38:59Z</time></trkpt>
<trkpt lat="33.0166349" lon="35.1035752"><ele>495.0</ele><time>2026-06-24T13:39:00Z</time></trkpt>
<trkpt lat="33.0165815" lon="35.103574"><ele>495.1</ele><time>2026-06-24T13:39:01Z</time></trkpt>
<trkpt lat="33.0165281" lon="35.1035755"><ele>495.1</ele><time>2026-06-24T13:39:02Z</time></trkpt>
<trkpt lat="33.0164758" lon="35.1035782"><ele>495.2</ele><time>2026-06-24T13:39:03Z</time></trkpt>
<trkpt lat="33.0164237" lon="35.1035798"><ele>495.3</ele><time>2026-06-24T13:39:04Z</time></trkpt>
<trkpt lat="33.0163709" lon="35.1035777"><ele>495.4</ele><time>2026-06-24T13:39:05Z</time></trkpt>
<trkpt lat="33.0163183" lon="35.103571"><ele>495.6</ele><time>2026-06-24T13:39:06Z</time></trkpt>
<trkpt lat="33.0162666" lon="35.1035609"><ele>495.8</ele><time>2026-06-24T13:39:07Z</time></trkpt>
<trkpt lat="33.0161612" lon="35.103537"><ele>496.2</ele><time>2026-06-24T13:39:09Z</time></trkpt>
<trkpt lat="33.0161141" lon="35.1035265"><ele>496.4</ele><time>2026-06-24T13:39:10Z</time></trkpt>
<trkpt lat="33.0160674" lon="35.1035162"><ele>496.6</ele><time>2026-06-24T13:39:11Z</time></trkpt>
<trkpt lat="33.0160195" lon="35.1035048"><ele>496.7</ele><time>2026-06-24T13:39:12Z</time></trkpt>
<trkpt lat="33.0159705" lon="35.1034938"><ele>496.8</ele><time>2026-06-24T13:39:13Z</time></trkpt>
<trkpt lat="33.0159198" lon="35.103483"><ele>496.9</ele><time>2026-06-24T13:39:14Z</time></trkpt>
<trkpt lat="33.0158675" lon="35.1034721"><ele>497.0</ele><time>2026-06-24T13:39:15Z</time></trkpt>
<trkpt lat="33.0158182" lon="35.1034631"><ele>497.1</ele><time>2026-06-24T13:39:16Z</time></trkpt>
<trkpt lat="33.0157727" lon="35.1034586"><ele>497.2</ele><time>2026-06-24T13:39:17Z</time></trkpt>
<trkpt lat="33.0157295" lon="35.1034641"><ele>497.3</ele><time>2026-06-24T13:39:18Z</time></trkpt>
<trkpt lat="33.0156882" lon="35.1034802"><ele>497.5</ele><time>2026-06-24T13:39:19Z</time></trkpt>
<trkpt lat="33.0156508" lon="35.1035063"><ele>497.6</ele><time>2026-06-24T13:39:20Z</time></trkpt>
<trkpt lat="33.0156194" lon="35.1035416"><ele>497.7</ele><time>2026-06-24T13:39:21Z</time></trkpt>
<trkpt lat="33.0155922" lon="35.1035817"><ele>497.8</ele><time>2026-06-24T13:39:22Z</time></trkpt>
<trkpt lat="33.0155694" lon="35.103626"><ele>498.0</ele><time>2026-06-24T13:39:23Z</time></trkpt>
<trkpt lat="33.0155529" lon="35.1036756"><ele>498.1</ele><time>2026-06-24T13:39:24Z</time></trkpt>
<trkpt lat="33.0155419" lon="35.1037289"><ele>498.1</ele><time>2026-06-24T13:39:25Z</time></trkpt>
<trkpt lat="33.0155323" lon="35.103783"><ele>498.2</ele><time>2026-06-24T13:39:26Z</time></trkpt>
<trkpt lat="33.0155215" lon="35.103837"><ele>498.3</ele><time>2026-06-24T13:39:27Z</time></trkpt>
<trkpt lat="33.015511" lon="35.103891"><ele>498.4</ele><time>2026-06-24T13:39:28Z</time></trkpt>
<trkpt lat="33.0155023" lon="35.1039456"><ele>498.4</ele><time>2026-06-24T13:39:29Z</time></trkpt>
<trkpt lat="33.0154941" lon="35.1040012"><ele>498.5</ele><time>2026-06-24T13:39:30Z</time></trkpt>
<trkpt lat="33.0154844" lon="35.1040572"><ele>498.6</ele><time>2026-06-24T13:39:31Z</time></trkpt>
<trkpt lat="33.0154731" lon="35.1041125"><ele>498.6</ele><time>2026-06-24T13:39:32Z</time></trkpt>
<trkpt lat="33.0154616" lon="35.1041678"><ele>498.7</ele><time>2026-06-24T13:39:33Z</time></trkpt>
<trkpt lat="33.01545" lon="35.1042239"><ele>498.8</ele><time>2026-06-24T13:39:34Z</time></trkpt>
<trkpt lat="33.0154381" lon="35.1042804"><ele>498.9</ele><time>2026-06-24T13:39:35Z</time></trkpt>
<trkpt lat="33.015426" lon="35.1043372"><ele>499.0</ele><time>2026-06-24T13:39:36Z</time></trkpt>
<trkpt lat="33.0154144" lon="35.1043945"><ele>499.2</ele><time>2026-06-24T13:39:37Z</time></trkpt>
<trkpt lat="33.0154041" lon="35.1044524"><ele>499.3</ele><time>2026-06-24T13:39:38Z</time></trkpt>
<trkpt lat="33.0153942" lon="35.1045113"><ele>499.4</ele><time>2026-06-24T13:39:39Z</time></trkpt>
<trkpt lat="33.0153843" lon="35.1045712"><ele>499.6</ele><time>2026-06-24T13:39:40Z</time></trkpt>
<trkpt lat="33.015375" lon="35.1046323"><ele>499.7</ele><time>2026-06-24T13:39:41Z</time></trkpt>
<trkpt lat="33.0153667" lon="35.1046965"><ele>499.8</ele><time>2026-06-24T13:39:42Z</time></trkpt>
<trkpt lat="33.0153585" lon="35.104763"><ele>499.9</ele><time>2026-06-24T13:39:43Z</time></trkpt>
<trkpt lat="33.0153504" lon="35.1048294"><ele>500.0</ele><time>2026-06-24T13:39:44Z</time></trkpt>
<trkpt lat="33.0153423" lon="35.104895"><ele>500.2</ele><time>2026-06-24T13:39:45Z</time></trkpt>
<trkpt lat="33.0153343" lon="35.1049601"><ele>500.3</ele><time>2026-06-24T13:39:46Z</time></trkpt>
<trkpt lat="33.0153271" lon="35.1050246"><ele>500.4</ele><time>2026-06-24T13:39:47Z</time></trkpt>
<trkpt lat="33.0153198" lon="35.1050886"><ele>500.5</ele><time>2026-06-24T13:39:48Z</time></trkpt>
<trkpt lat="33.0153111" lon="35.1051517"><ele>500.6</ele><time>2026-06-24T13:39:49Z</time></trkpt>
<trkpt lat="33.0153012" lon="35.1052137"><ele>500.8</ele><time>2026-06-24T13:39:50Z</time></trkpt>
<trkpt lat="33.0152909" lon="35.1052753"><ele>500.9</ele><time>2026-06-24T13:39:51Z</time></trkpt>
<trkpt lat="33.0152809" lon="35.1053372"><ele>501.0</ele><time>2026-06-24T13:39:52Z</time></trkpt>
<trkpt lat="33.0152723" lon="35.105399"><ele>501.1</ele><time>2026-06-24T13:39:53Z</time></trkpt>
<trkpt lat="33.0152655" lon="35.1054615"><ele>501.2</ele><time>2026-06-24T13:39:54Z</time></trkpt>
<trkpt lat="33.0152593" lon="35.1055244"><ele>501.4</ele><time>2026-06-24T13:39:55Z</time></trkpt>
<trkpt lat="33.0152518" lon="35.105587"><ele>501.5</ele><time>2026-06-24T13:39:56Z</time></trkpt>
<trkpt lat="33.0152434" lon="35.1056497"><ele>501.6</ele><time>2026-06-24T13:39:57Z</time></trkpt>
<trkpt lat="33.0152355" lon="35.1057121"><ele>501.7</ele><time>2026-06-24T13:39:58Z</time></trkpt>
<trkpt lat="33.0152289" lon="35.1057737"><ele>501.8</ele><time>2026-06-24T13:39:59Z</time></trkpt>
<trkpt lat="33.0152228" lon="35.1058342"><ele>501.9</ele><time>2026-06-24T13:40:00Z</time></trkpt>
<trkpt lat="33.0152156" lon="35.1058935"><ele>502.0</ele><time>2026-06-24T13:40:01Z</time></trkpt>
<trkpt lat="33.0152085" lon="35.105952"><ele>502.1</ele><time>2026-06-24T13:40:02Z</time></trkpt>
<trkpt lat="33.0152032" lon="35.1060112"><ele>502.2</ele><time>2026-06-24T13:40:03Z</time></trkpt>
<trkpt lat="33.0151995" lon="35.106071"><ele>502.3</ele><time>2026-06-24T13:40:04Z</time></trkpt>
<trkpt lat="33.0151963" lon="35.1061307"><ele>502.5</ele><time>2026-06-24T13:40:05Z</time></trkpt>
<trkpt lat="33.0151935" lon="35.1061904"><ele>502.6</ele><time>2026-06-24T13:40:06Z</time></trkpt>
<trkpt lat="33.0151913" lon="35.1062499"><ele>502.9</ele><time>2026-06-24T13:40:07Z</time></trkpt>
<trkpt lat="33.0151872" lon="35.1064074"><ele>503.5</ele><time>2026-06-24T13:40:10Z</time></trkpt>
<trkpt lat="33.0151856" lon="35.1064628"><ele>503.7</ele><time>2026-06-24T13:40:11Z</time></trkpt>
<trkpt lat="33.0151834" lon="35.1065194"><ele>503.9</ele><time>2026-06-24T13:40:12Z</time></trkpt>
<trkpt lat="33.0151777" lon="35.1066344"><ele>504.1</ele><time>2026-06-24T13:40:13Z</time></trkpt>
<trkpt lat="33.0151748" lon="35.1066927"><ele>504.2</ele><time>2026-06-24T13:40:14Z</time></trkpt>
<trkpt lat="33.015173" lon="35.1067513"><ele>504.3</ele><time>2026-06-24T13:40:15Z</time></trkpt>
<trkpt lat="33.0151715" lon="35.1068098"><ele>504.4</ele><time>2026-06-24T13:40:16Z</time></trkpt>
<trkpt lat="33.0151699" lon="35.1068676"><ele>504.5</ele><time>2026-06-24T13:40:17Z</time></trkpt>
<trkpt lat="33.0151681" lon="35.1069248"><ele>504.6</ele><time>2026-06-24T13:40:18Z</time></trkpt>
<trkpt lat="33.015167" lon="35.1069824"><ele>504.7</ele><time>2026-06-24T13:40:19Z</time></trkpt>
<trkpt lat="33.0151691" lon="35.1070405"><ele>504.8</ele><time>2026-06-24T13:40:20Z</time></trkpt>
<trkpt lat="33.015171" lon="35.1070984"><ele>504.9</ele><time>2026-06-24T13:40:21Z</time></trkpt>
<trkpt lat="33.0151715" lon="35.1071557"><ele>505.0</ele><time>2026-06-24T13:40:22Z</time></trkpt>
<trkpt lat="33.0151726" lon="35.1072129"><ele>505.1</ele><time>2026-06-24T13:40:23Z</time></trkpt>
<trkpt lat="33.0151749" lon="35.1072715"><ele>505.2</ele><time>2026-06-24T13:40:24Z</time></trkpt>
<trkpt lat="33.0151763" lon="35.1073285"><ele>505.3</ele><time>2026-06-24T13:40:25Z</time></trkpt>
<trkpt lat="33.0151752" lon="35.1073844"><ele>505.3</ele><time>2026-06-24T13:40:26Z</time></trkpt>
<trkpt lat="33.0151735" lon="35.1074399"><ele>505.4</ele><time>2026-06-24T13:40:27Z</time></trkpt>
<trkpt lat="33.0151719" lon="35.1074951"><ele>505.5</ele><time>2026-06-24T13:40:28Z</time></trkpt>
<trkpt lat="33.0151696" lon="35.1075503"><ele>505.6</ele><time>2026-06-24T13:40:29Z</time></trkpt>
<trkpt lat="33.0151674" lon="35.1076056"><ele>505.7</ele><time>2026-06-24T13:40:30Z</time></trkpt>
<trkpt lat="33.0151653" lon="35.1076606"><ele>505.8</ele><time>2026-06-24T13:40:31Z</time></trkpt>
<trkpt lat="33.0151639" lon="35.1077138"><ele>505.9</ele><time>2026-06-24T13:40:32Z</time></trkpt>
<trkpt lat="33.0151627" lon="35.1077641"><ele>506.0</ele><time>2026-06-24T13:40:33Z</time></trkpt>
<trkpt lat="33.0151611" lon="35.1078125"><ele>506.1</ele><time>2026-06-24T13:40:34Z</time></trkpt>
<trkpt lat="33.01516" lon="35.1078594"><ele>506.1</ele><time>2026-06-24T13:40:35Z</time></trkpt>
<trkpt lat="33.01516" lon="35.1079047"><ele>506.2</ele><time>2026-06-24T13:40:36Z</time></trkpt>
<trkpt lat="33.0151616" lon="35.1079457"><ele>506.3</ele><time>2026-06-24T13:40:37Z</time></trkpt>
<trkpt lat="33.0151657" lon="35.1079798"><ele>506.4</ele><time>2026-06-24T13:40:38Z</time></trkpt>
<trkpt lat="33.0151731" lon="35.1080087"><ele>506.4</ele><time>2026-06-24T13:40:39Z</time></trkpt>
<trkpt lat="33.0151811" lon="35.1080362"><ele>506.5</ele><time>2026-06-24T13:40:40Z</time></trkpt>
<trkpt lat="33.015188" lon="35.108064"><ele>506.6</ele><time>2026-06-24T13:40:41Z</time></trkpt>
<trkpt lat="33.0151937" lon="35.1080858"><ele>506.6</ele><time>2026-06-24T13:40:42Z</time></trkpt>
<trkpt lat="33.0151963" lon="35.1080985"><ele>506.7</ele><time>2026-06-24T13:40:43Z</time></trkpt>
<trkpt lat="33.015194" lon="35.1081065"><ele>506.7</ele><time>2026-06-24T13:40:44Z</time></trkpt>
<trkpt lat="33.0151876" lon="35.1081126"><ele>506.8</ele><time>2026-06-24T13:40:45Z</time></trkpt>
<trkpt lat="33.0151814" lon="35.1081179"><ele>506.8</ele><time>2026-06-24T13:40:46Z</time></trkpt>
<trkpt lat="33.0151772" lon="35.1081209"><ele>506.9</ele><time>2026-06-24T13:40:47Z</time></trkpt>
<trkpt lat="33.0151745" lon="35.1081215"><ele>506.9</ele><time>2026-06-24T13:40:48Z</time></trkpt>
<trkpt lat="33.0151728" lon="35.1081209"><ele>507.0</ele><time>2026-06-24T13:40:49Z</time></trkpt>
<trkpt lat="33.0151716" lon="35.1081202"><ele>507.1</ele><time>2026-06-24T13:40:50Z</time></trkpt>
<trkpt lat="33.0151705" lon="35.1081198"><ele>507.1</ele><time>2026-06-24T13:40:51Z</time></trkpt>
<trkpt lat="33.0151694" lon="35.10812"><ele>507.2</ele><time>2026-06-24T13:40:52Z</time></trkpt>
<trkpt lat="33.0151682" lon="35.1081205"><ele>507.2</ele><time>2026-06-24T13:40:53Z</time></trkpt>
<trkpt lat="33.0151672" lon="35.1081212"><ele>507.2</ele><time>2026-06-24T13:40:54Z</time></trkpt>
<trkpt lat="33.0151665" lon="35.1081218"><ele>507.3</ele><time>2026-06-24T13:40:55Z</time></trkpt>
<trkpt lat="33.0151658" lon="35.1081227"><ele>507.3</ele><time>2026-06-24T13:40:56Z</time></trkpt>
<trkpt lat="33.0151649" lon="35.108124"><ele>507.3</ele><time>2026-06-24T13:40:57Z</time></trkpt>
<trkpt lat="33.0151633" lon="35.1081263"><ele>507.4</ele><time>2026-06-24T13:40:58Z</time></trkpt>
<trkpt lat="33.0151613" lon="35.1081293"><ele>507.4</ele><time>2026-06-24T13:40:59Z</time></trkpt>
<trkpt lat="33.0151598" lon="35.1081324"><ele>507.4</ele><time>2026-06-24T13:41:00Z</time></trkpt>
<trkpt lat="33.0151586" lon="35.1081358"><ele>507.4</ele><time>2026-06-24T13:41:01Z</time></trkpt>
<trkpt lat="33.0151577" lon="35.1081392"><ele>507.5</ele><time>2026-06-24T13:41:02Z</time></trkpt>
<trkpt lat="33.0151576" lon="35.1081425"><ele>507.5</ele><time>2026-06-24T13:41:03Z</time></trkpt>
<trkpt lat="33.0151578" lon="35.1081457"><ele>507.5</ele><time>2026-06-24T13:41:04Z</time></trkpt>
<trkpt lat="33.0151583" lon="35.1081489"><ele>507.5</ele><time>2026-06-24T13:41:05Z</time></trkpt>
<trkpt lat="33.0151589" lon="35.1081523"><ele>507.6</ele><time>2026-06-24T13:41:06Z</time></trkpt>
<trkpt lat="33.0151595" lon="35.1081572"><ele>507.6</ele><time>2026-06-24T13:41:07Z</time></trkpt>
<trkpt lat="33.0151616" lon="35.1081721"><ele>507.8</ele><time>2026-06-24T13:41:09Z</time></trkpt>
<trkpt lat="33.015163" lon="35.1081803"><ele>507.9</ele><time>2026-06-24T13:41:10Z</time></trkpt>
<trkpt lat="33.0151639" lon="35.1081895"><ele>507.9</ele><time>2026-06-24T13:41:11Z</time></trkpt>
<trkpt lat="33.0151638" lon="35.1081998"><ele>507.9</ele><time>2026-06-24T13:41:12Z</time></trkpt>
<trkpt lat="33.015162" lon="35.1082109"><ele>507.9</ele><time>2026-06-24T13:41:13Z</time></trkpt>
<trkpt lat="33.0151595" lon="35.1082208"><ele>508.0</ele><time>2026-06-24T13:41:14Z</time></trkpt>
<trkpt lat="33.0151582" lon="35.1082274"><ele>508.0</ele><time>2026-06-24T13:41:15Z</time></trkpt>
<trkpt lat="33.0151579" lon="35.1082307"><ele>508.0</ele><time>2026-06-24T13:41:16Z</time></trkpt>
<trkpt lat="33.015158" lon="35.1082329"><ele>508.0</ele><time>2026-06-24T13:41:17Z</time></trkpt>
<trkpt lat="33.0151579" lon="35.1082344"><ele>508.1</ele><time>2026-06-24T13:41:18Z</time></trkpt>
<trkpt lat="33.015158" lon="35.1082348"><ele>508.1</ele><time>2026-06-24T13:41:19Z</time></trkpt>
<trkpt lat="33.0151582" lon="35.1082349"><ele>508.1</ele><time>2026-06-24T13:41:20Z</time></trkpt>
<trkpt lat="33.015158" lon="35.1082358"><ele>508.2</ele><time>2026-06-24T13:41:21Z</time></trkpt>
<trkpt lat="33.0151577" lon="35.1082377"><ele>508.2</ele><time>2026-06-24T13:41:22Z</time></trkpt>
<trkpt lat="33.0151577" lon="35.1082402"><ele>508.3</ele><time>2026-06-24T13:41:23Z</time></trkpt>
<trkpt lat="33.0151575" lon="35.1082496"><ele>508.3</ele><time>2026-06-24T13:41:24Z</time></trkpt>
<trkpt lat="33.015157" lon="35.1082693"><ele>508.3</ele><time>2026-06-24T13:41:25Z</time></trkpt>
<trkpt lat="33.0151566" lon="35.1082934"><ele>508.4</ele><time>2026-06-24T13:41:26Z</time></trkpt>
<trkpt lat="33.0151577" lon="35.1083176"><ele>508.4</ele><time>2026-06-24T13:41:27Z</time></trkpt>
<trkpt lat="33.0151623" lon="35.1083417"><ele>508.5</ele><time>2026-06-24T13:41:28Z</time></trkpt>
<trkpt lat="33.0151703" lon="35.1083669"><ele>508.5</ele><time>2026-06-24T13:41:29Z</time></trkpt>
<trkpt lat="33.0151791" lon="35.1083989"><ele>508.6</ele><time>2026-06-24T13:41:30Z</time></trkpt>
<trkpt lat="33.0151833" lon="35.1084414"><ele>508.7</ele><time>2026-06-24T13:41:31Z</time></trkpt>
<trkpt lat="33.0151806" lon="35.1084873"><ele>508.8</ele><time>2026-06-24T13:41:32Z</time></trkpt>
<trkpt lat="33.0151739" lon="35.108532"><ele>508.9</ele><time>2026-06-24T13:41:33Z</time></trkpt>
<trkpt lat="33.0151674" lon="35.10858"><ele>509.0</ele><time>2026-06-24T13:41:34Z</time></trkpt>
<trkpt lat="33.0151629" lon="35.1086326"><ele>509.1</ele><time>2026-06-24T13:41:35Z</time></trkpt>
<trkpt lat="33.0151603" lon="35.1086888"><ele>509.2</ele><time>2026-06-24T13:41:36Z</time></trkpt>
<trkpt lat="33.01516" lon="35.1087469"><ele>509.3</ele><time>2026-06-24T13:41:37Z</time></trkpt>
<trkpt lat="33.01516" lon="35.1088048"><ele>509.4</ele><time>2026-06-24T13:41:38Z</time></trkpt>
<trkpt lat="33.0151579" lon="35.1088641"><ele>509.6</ele><time>2026-06-24T13:41:39Z</time></trkpt>
<trkpt lat="33.0151544" lon="35.1089239"><ele>509.6</ele><time>2026-06-24T13:41:40Z</time></trkpt>
<trkpt lat="33.0151507" lon="35.1089834"><ele>509.7</ele><time>2026-06-24T13:41:41Z</time></trkpt>
<trkpt lat="33.0151458" lon="35.1090434"><ele>509.8</ele><time>2026-06-24T13:41:42Z</time></trkpt>
<trkpt lat="33.0151392" lon="35.1091033"><ele>509.9</ele><time>2026-06-24T13:41:43Z</time></trkpt>
<trkpt lat="33.0151321" lon="35.1091618"><ele>509.9</ele><time>2026-06-24T13:41:44Z</time></trkpt>
<trkpt lat="33.0151252" lon="35.1092185"><ele>510.0</ele><time>2026-06-24T13:41:45Z</time></trkpt>
<trkpt lat="33.0151189" lon="35.1092742"><ele>510.1</ele><time>2026-06-24T13:41:46Z</time></trkpt>
<trkpt lat="33.0151131" lon="35.1093301"><ele>510.1</ele><time>2026-06-24T13:41:47Z</time></trkpt>
<trkpt lat="33.0151075" lon="35.1093864"><ele>510.2</ele><time>2026-06-24T13:41:48Z</time></trkpt>
<trkpt lat="33.0151022" lon="35.1094424"><ele>510.3</ele><time>2026-06-24T13:41:49Z</time></trkpt>
<trkpt lat="33.0150975" lon="35.1094982"><ele>510.4</ele><time>2026-06-24T13:41:50Z</time></trkpt>
<trkpt lat="33.0150934" lon="35.1095537"><ele>510.5</ele><time>2026-06-24T13:41:51Z</time></trkpt>
<trkpt lat="33.0150897" lon="35.1096094"><ele>510.6</ele><time>2026-06-24T13:41:52Z</time></trkpt>
<trkpt lat="33.0150863" lon="35.1096654"><ele>510.7</ele><time>2026-06-24T13:41:53Z</time></trkpt>
<trkpt lat="33.0150832" lon="35.1097218"><ele>510.8</ele><time>2026-06-24T13:41:54Z</time></trkpt>
<trkpt lat="33.0150807" lon="35.1097785"><ele>510.9</ele><time>2026-06-24T13:41:55Z</time></trkpt>
<trkpt lat="33.0150787" lon="35.109835"><ele>511.0</ele><time>2026-06-24T13:41:56Z</time></trkpt>
<trkpt lat="33.0150776" lon="35.1098904"><ele>511.2</ele><time>2026-06-24T13:41:57Z</time></trkpt>
<trkpt lat="33.0150769" lon="35.1099453"><ele>511.3</ele><time>2026-06-24T13:41:58Z</time></trkpt>
<trkpt lat="33.0150758" lon="35.1100012"><ele>511.4</ele><time>2026-06-24T13:41:59Z</time></trkpt>
<trkpt lat="33.0150737" lon="35.1100583"><ele>511.5</ele><time>2026-06-24T13:42:00Z</time></trkpt>
<trkpt lat="33.0150721" lon="35.1101165"><ele>511.6</ele><time>2026-06-24T13:42:01Z</time></trkpt>
<trkpt lat="33.0150722" lon="35.1101752"><ele>511.7</ele><time>2026-06-24T13:42:02Z</time></trkpt>
<trkpt lat="33.0150731" lon="35.1102325"><ele>511.7</ele><time>2026-06-24T13:42:03Z</time></trkpt>
<trkpt lat="33.0150743" lon="35.1102867"><ele>511.8</ele><time>2026-06-24T13:42:04Z</time></trkpt>
<trkpt lat="33.015075" lon="35.1103378"><ele>511.9</ele><time>2026-06-24T13:42:05Z</time></trkpt>
<trkpt lat="33.015076" lon="35.1103876"><ele>512.0</ele><time>2026-06-24T13:42:06Z</time></trkpt>
<trkpt lat="33.0150768" lon="35.1104371"><ele>512.1</ele><time>2026-06-24T13:42:07Z</time></trkpt>
<trkpt lat="33.0150754" lon="35.1105775"><ele>512.6</ele><time>2026-06-24T13:42:10Z</time></trkpt>
<trkpt lat="33.0150746" lon="35.11063"><ele>512.7</ele><time>2026-06-24T13:42:11Z</time></trkpt>
<trkpt lat="33.0150742" lon="35.1106831"><ele>512.8</ele><time>2026-06-24T13:42:12Z</time></trkpt>
<trkpt lat="33.0150737" lon="35.1107878"><ele>512.9</ele><time>2026-06-24T13:42:13Z</time></trkpt>
<trkpt lat="33.0150747" lon="35.1108378"><ele>512.9</ele><time>2026-06-24T13:42:14Z</time></trkpt>
<trkpt lat="33.0150751" lon="35.1108859"><ele>512.9</ele><time>2026-06-24T13:42:15Z</time></trkpt>
<trkpt lat="33.0150742" lon="35.1109332"><ele>513.0</ele><time>2026-06-24T13:42:16Z</time></trkpt>
<trkpt lat="33.0150732" lon="35.1109799"><ele>513.0</ele><time>2026-06-24T13:42:17Z</time></trkpt>
<trkpt lat="33.0150727" lon="35.1110265"><ele>513.1</ele><time>2026-06-24T13:42:18Z</time></trkpt>
<trkpt lat="33.0150723" lon="35.1110759"><ele>513.1</ele><time>2026-06-24T13:42:19Z</time></trkpt>
<trkpt lat="33.0150716" lon="35.1111284"><ele>513.1</ele><time>2026-06-24T13:42:20Z</time></trkpt>
<trkpt lat="33.0150705" lon="35.1111814"><ele>513.2</ele><time>2026-06-24T13:42:21Z</time></trkpt>
<trkpt lat="33.0150693" lon="35.1112346"><ele>513.2</ele><time>2026-06-24T13:42:22Z</time></trkpt>
<trkpt lat="33.0150687" lon="35.1112891"><ele>513.3</ele><time>2026-06-24T13:42:23Z</time></trkpt>
<trkpt lat="33.0150685" lon="35.1113474"><ele>513.4</ele><time>2026-06-24T13:42:24Z</time></trkpt>
<trkpt lat="33.0150682" lon="35.1114066"><ele>513.4</ele><time>2026-06-24T13:42:25Z</time></trkpt>
<trkpt lat="33.0150681" lon="35.111466"><ele>513.5</ele><time>2026-06-24T13:42:26Z</time></trkpt>
<trkpt lat="33.0150686" lon="35.1115246"><ele>513.5</ele><time>2026-06-24T13:42:27Z</time></trkpt>
<trkpt lat="33.0150697" lon="35.1115816"><ele>513.5</ele><time>2026-06-24T13:42:28Z</time></trkpt>
<trkpt lat="33.01507" lon="35.1116366"><ele>513.6</ele><time>2026-06-24T13:42:29Z</time></trkpt>
<trkpt lat="33.0150693" lon="35.1116891"><ele>513.6</ele><time>2026-06-24T13:42:30Z</time></trkpt>
<trkpt lat="33.0150688" lon="35.1117396"><ele>513.7</ele><time>2026-06-24T13:42:31Z</time></trkpt>
<trkpt lat="33.0150688" lon="35.1117892"><ele>513.7</ele><time>2026-06-24T13:42:32Z</time></trkpt>
<trkpt lat="33.0150685" lon="35.1118374"><ele>513.7</ele><time>2026-06-24T13:42:33Z</time></trkpt>
<trkpt lat="33.0150679" lon="35.1118845"><ele>513.8</ele><time>2026-06-24T13:42:34Z</time></trkpt>
<trkpt lat="33.015067" lon="35.1119317"><ele>513.8</ele><time>2026-06-24T13:42:35Z</time></trkpt>
<trkpt lat="33.0150665" lon="35.1119805"><ele>513.9</ele><time>2026-06-24T13:42:36Z</time></trkpt>
<trkpt lat="33.0150667" lon="35.1120301"><ele>513.9</ele><time>2026-06-24T13:42:37Z</time></trkpt>
<trkpt lat="33.0150666" lon="35.1120799"><ele>514.0</ele><time>2026-06-24T13:42:38Z</time></trkpt>
<trkpt lat="33.0150663" lon="35.1121302"><ele>514.1</ele><time>2026-06-24T13:42:39Z</time></trkpt>
<trkpt lat="33.0150663" lon="35.112181"><ele>514.1</ele><time>2026-06-24T13:42:40Z</time></trkpt>
<trkpt lat="33.0150676" lon="35.1122322"><ele>514.2</ele><time>2026-06-24T13:42:41Z</time></trkpt>
<trkpt lat="33.0150711" lon="35.1122829"><ele>514.3</ele><time>2026-06-24T13:42:42Z</time></trkpt>
<trkpt lat="33.0150766" lon="35.1123328"><ele>514.4</ele><time>2026-06-24T13:42:43Z</time></trkpt>
<trkpt lat="33.0150828" lon="35.1123827"><ele>514.4</ele><time>2026-06-24T13:42:44Z</time></trkpt>
<trkpt lat="33.0150869" lon="35.1124324"><ele>514.5</ele><time>2026-06-24T13:42:45Z</time></trkpt>
<trkpt lat="33.015088" lon="35.1124812"><ele>514.6</ele><time>2026-06-24T13:42:46Z</time></trkpt>
<trkpt lat="33.0150869" lon="35.1125295"><ele>514.7</ele><time>2026-06-24T13:42:47Z</time></trkpt>
<trkpt lat="33.0150852" lon="35.1125786"><ele>514.7</ele><time>2026-06-24T13:42:48Z</time></trkpt>
<trkpt lat="33.015084" lon="35.1126286"><ele>514.8</ele><time>2026-06-24T13:42:49Z</time></trkpt>
<trkpt lat="33.0150836" lon="35.1126791"><ele>514.9</ele><time>2026-06-24T13:42:50Z</time></trkpt>
<trkpt lat="33.0150847" lon="35.1127296"><ele>514.9</ele><time>2026-06-24T13:42:51Z</time></trkpt>
<trkpt lat="33.0150879" lon="35.1127801"><ele>514.9</ele><time>2026-06-24T13:42:52Z</time></trkpt>
<trkpt lat="33.015093" lon="35.1128303"><ele>515.0</ele><time>2026-06-24T13:42:53Z</time></trkpt>
<trkpt lat="33.0150997" lon="35.1128834"><ele>515.0</ele><time>2026-06-24T13:42:54Z</time></trkpt>
<trkpt lat="33.0151054" lon="35.1129402"><ele>515.1</ele><time>2026-06-24T13:42:55Z</time></trkpt>
<trkpt lat="33.0151065" lon="35.1129949"><ele>515.1</ele><time>2026-06-24T13:42:56Z</time></trkpt>
<trkpt lat="33.0151054" lon="35.1130476"><ele>515.1</ele><time>2026-06-24T13:42:57Z</time></trkpt>
<trkpt lat="33.0151044" lon="35.1131014"><ele>515.2</ele><time>2026-06-24T13:42:58Z</time></trkpt>
<trkpt lat="33.0151017" lon="35.1131548"><ele>515.2</ele><time>2026-06-24T13:42:59Z</time></trkpt>
<trkpt lat="33.0150982" lon="35.1132065"><ele>515.3</ele><time>2026-06-24T13:43:00Z</time></trkpt>
<trkpt lat="33.0150962" lon="35.1132561"><ele>515.3</ele><time>2026-06-24T13:43:01Z</time></trkpt>
<trkpt lat="33.0150957" lon="35.1133051"><ele>515.4</ele><time>2026-06-24T13:43:02Z</time></trkpt>
<trkpt lat="33.0150953" lon="35.1133556"><ele>515.5</ele><time>2026-06-24T13:43:03Z</time></trkpt>
<trkpt lat="33.0150952" lon="35.1134075"><ele>515.5</ele><time>2026-06-24T13:43:04Z</time></trkpt>
<trkpt lat="33.015095" lon="35.113461"><ele>515.6</ele><time>2026-06-24T13:43:05Z</time></trkpt>
<trkpt lat="33.0150944" lon="35.1135164"><ele>515.7</ele><time>2026-06-24T13:43:06Z</time></trkpt>
<trkpt lat="33.0150934" lon="35.1135734"><ele>515.9</ele><time>2026-06-24T13:43:07Z</time></trkpt>
<trkpt lat="33.0150919" lon="35.1136313"><ele>516.0</ele><time>2026-06-24T13:43:08Z</time></trkpt>
<trkpt lat="33.0150906" lon="35.1136899"><ele>516.1</ele><time>2026-06-24T13:43:09Z</time></trkpt>
<trkpt lat="33.015091" lon="35.1137494"><ele>516.2</ele><time>2026-06-24T13:43:10Z</time></trkpt>
<trkpt lat="33.0150921" lon="35.1138097"><ele>516.3</ele><time>2026-06-24T13:43:11Z</time></trkpt>
<trkpt lat="33.0150918" lon="35.1138702"><ele>516.4</ele><time>2026-06-24T13:43:12Z</time></trkpt>
<trkpt lat="33.0150912" lon="35.1139306"><ele>516.5</ele><time>2026-06-24T13:43:13Z</time></trkpt>
<trkpt lat="33.0150911" lon="35.113991"><ele>516.6</ele><time>2026-06-24T13:43:14Z</time></trkpt>
<trkpt lat="33.0150909" lon="35.1140511"><ele>516.7</ele><time>2026-06-24T13:43:15Z</time></trkpt>
<trkpt lat="33.0150906" lon="35.1141108"><ele>516.8</ele><time>2026-06-24T13:43:16Z</time></trkpt>
<trkpt lat="33.0150911" lon="35.1141711"><ele>516.8</ele><time>2026-06-24T13:43:17Z</time></trkpt>
<trkpt lat="33.0150915" lon="35.1142315"><ele>516.9</ele><time>2026-06-24T13:43:18Z</time></trkpt>
<trkpt lat="33.0150913" lon="35.1142911"><ele>517.0</ele><time>2026-06-24T13:43:19Z</time></trkpt>
<trkpt lat="33.0150917" lon="35.1143496"><ele>517.1</ele><time>2026-06-24T13:43:20Z</time></trkpt>
<trkpt lat="33.0150914" lon="35.1144069"><ele>517.2</ele><time>2026-06-24T13:43:21Z</time></trkpt>
<trkpt lat="33.0150891" lon="35.1144632"><ele>517.3</ele><time>2026-06-24T13:43:22Z</time></trkpt>
<trkpt lat="33.0150865" lon="35.114519"><ele>517.4</ele><time>2026-06-24T13:43:23Z</time></trkpt>
<trkpt lat="33.0150845" lon="35.114573"><ele>517.6</ele><time>2026-06-24T13:43:24Z</time></trkpt>
<trkpt lat="33.0150835" lon="35.1146266"><ele>517.7</ele><time>2026-06-24T13:43:25Z</time></trkpt>
<trkpt lat="33.0150829" lon="35.1146808"><ele>517.9</ele><time>2026-06-24T13:43:26Z</time></trkpt>
<trkpt lat="33.0150816" lon="35.1147339"><ele>518.1</ele><time>2026-06-24T13:43:27Z</time></trkpt>
<trkpt lat="33.0150798" lon="35.1147863"><ele>518.3</ele><time>2026-06-24T13:43:28Z</time></trkpt>
<trkpt lat="33.0150789" lon="35.114838"><ele>518.5</ele><time>2026-06-24T13:43:29Z</time></trkpt>
<trkpt lat="33.01508" lon="35.1148911"><ele>518.6</ele><time>2026-06-24T13:43:30Z</time></trkpt>
<trkpt lat="33.0150821" lon="35.1149455"><ele>518.7</ele><time>2026-06-24T13:43:31Z</time></trkpt>
<trkpt lat="33.0150838" lon="35.1150001"><ele>518.9</ele><time>2026-06-24T13:43:32Z</time></trkpt>
<trkpt lat="33.0150851" lon="35.115054"><ele>519.0</ele><time>2026-06-24T13:43:33Z</time></trkpt>
<trkpt lat="33.015086" lon="35.1151065"><ele>519.1</ele><time>2026-06-24T13:43:34Z</time></trkpt>
<trkpt lat="33.0150868" lon="35.115159"><ele>519.2</ele><time>2026-06-24T13:43:35Z</time></trkpt>
<trkpt lat="33.0150878" lon="35.1152124"><ele>519.3</ele><time>2026-06-24T13:43:36Z</time></trkpt>
<trkpt lat="33.0150891" lon="35.115267"><ele>519.4</ele><time>2026-06-24T13:43:37Z</time></trkpt>
<trkpt lat="33.0150899" lon="35.1153223"><ele>519.5</ele><time>2026-06-24T13:43:38Z</time></trkpt>
<trkpt lat="33.0150901" lon="35.1153775"><ele>519.6</ele><time>2026-06-24T13:43:39Z</time></trkpt>
<trkpt lat="33.0150905" lon="35.1154333"><ele>519.7</ele><time>2026-06-24T13:43:40Z</time></trkpt>
<trkpt lat="33.0150912" lon="35.1154892"><ele>519.8</ele><time>2026-06-24T13:43:41Z</time></trkpt>
<trkpt lat="33.0150928" lon="35.1155446"><ele>519.9</ele><time>2026-06-24T13:43:42Z</time></trkpt>
<trkpt lat="33.0150958" lon="35.1156004"><ele>520.0</ele><time>2026-06-24T13:43:43Z</time></trkpt>
<trkpt lat="33.0150993" lon="35.1156564"><ele>520.1</ele><time>2026-06-24T13:43:44Z</time></trkpt>
<trkpt lat="33.0151016" lon="35.1157122"><ele>520.2</ele><time>2026-06-24T13:43:45Z</time></trkpt>
<trkpt lat="33.0151037" lon="35.1157687"><ele>520.3</ele><time>2026-06-24T13:43:46Z</time></trkpt>
<trkpt lat="33.0151069" lon="35.1158259"><ele>520.4</ele><time>2026-06-24T13:43:47Z</time></trkpt>
<trkpt lat="33.0151107" lon="35.1158835"><ele>520.5</ele><time>2026-06-24T13:43:48Z</time></trkpt>
<trkpt lat="33.0151155" lon="35.115941"><ele>520.6</ele><time>2026-06-24T13:43:49Z</time></trkpt>
<trkpt lat="33.0151211" lon="35.115999"><ele>520.7</ele><time>2026-06-24T13:43:50Z</time></trkpt>
<trkpt lat="33.0151268" lon="35.1160576"><ele>520.8</ele><time>2026-06-24T13:43:51Z</time></trkpt>
<trkpt lat="33.0151314" lon="35.1161165"><ele>520.9</ele><time>2026-06-24T13:43:52Z</time></trkpt>
<trkpt lat="33.0151352" lon="35.1161761"><ele>521.0</ele><time>2026-06-24T13:43:53Z</time></trkpt>
<trkpt lat="33.0151391" lon="35.1162367"><ele>521.1</ele><time>2026-06-24T13:43:54Z</time></trkpt>
<trkpt lat="33.0151427" lon="35.1162977"><ele>521.2</ele><time>2026-06-24T13:43:55Z</time></trkpt>
<trkpt lat="33.0151455" lon="35.1163577"><ele>521.3</ele><time>2026-06-24T13:43:56Z</time></trkpt>
<trkpt lat="33.0151481" lon="35.116417"><ele>521.4</ele><time>2026-06-24T13:43:57Z</time></trkpt>
<trkpt lat="33.0151514" lon="35.1164747"><ele>521.5</ele><time>2026-06-24T13:43:58Z</time></trkpt>
<trkpt lat="33.0151559" lon="35.1165309"><ele>521.6</ele><time>2026-06-24T13:43:59Z</time></trkpt>
<trkpt lat="33.0151604" lon="35.1165886"><ele>521.7</ele><time>2026-06-24T13:44:00Z</time></trkpt>
<trkpt lat="33.0151634" lon="35.1166476"><ele>521.8</ele><time>2026-06-24T13:44:01Z</time></trkpt>
<trkpt lat="33.0151655" lon="35.1167076"><ele>521.9</ele><time>2026-06-24T13:44:02Z</time></trkpt>
<trkpt lat="33.0151671" lon="35.1167683"><ele>522.0</ele><time>2026-06-24T13:44:03Z</time></trkpt>
<trkpt lat="33.0151693" lon="35.1168294"><ele>522.1</ele><time>2026-06-24T13:44:04Z</time></trkpt>
<trkpt lat="33.0151728" lon="35.1168915"><ele>522.3</ele><time>2026-06-24T13:44:05Z</time></trkpt>
<trkpt lat="33.0151765" lon="35.1169543"><ele>522.4</ele><time>2026-06-24T13:44:06Z</time></trkpt>
<trkpt lat="33.0151793" lon="35.117017"><ele>522.5</ele><time>2026-06-24T13:44:07Z</time></trkpt>
<trkpt lat="33.0151822" lon="35.11708"><ele>522.6</ele><time>2026-06-24T13:44:08Z</time></trkpt>
<trkpt lat="33.0151859" lon="35.1171428"><ele>522.8</ele><time>2026-06-24T13:44:09Z</time></trkpt>
<trkpt lat="33.0151904" lon="35.1172047"><ele>522.9</ele><time>2026-06-24T13:44:10Z</time></trkpt>
<trkpt lat="33.0151956" lon="35.1172655"><ele>523.1</ele><time>2026-06-24T13:44:11Z</time></trkpt>
<trkpt lat="33.0152013" lon="35.117324"><ele>523.2</ele><time>2026-06-24T13:44:12Z</time></trkpt>
<trkpt lat="33.0152069" lon="35.1173817"><ele>523.3</ele><time>2026-06-24T13:44:13Z</time></trkpt>
<trkpt lat="33.0152113" lon="35.1174396"><ele>523.5</ele><time>2026-06-24T13:44:14Z</time></trkpt>
<trkpt lat="33.015215" lon="35.1174979"><ele>523.6</ele><time>2026-06-24T13:44:15Z</time></trkpt>
<trkpt lat="33.015219" lon="35.1175571"><ele>523.7</ele><time>2026-06-24T13:44:16Z</time></trkpt>
<trkpt lat="33.015223" lon="35.117617"><ele>523.8</ele><time>2026-06-24T13:44:17Z</time></trkpt>
<trkpt lat="33.0152271" lon="35.117677"><ele>524.0</ele><time>2026-06-24T13:44:18Z</time></trkpt>
<trkpt lat="33.015231" lon="35.1177375"><ele>524.1</ele><time>2026-06-24T13:44:19Z</time></trkpt>
<trkpt lat="33.0152351" lon="35.1177983"><ele>524.2</ele><time>2026-06-24T13:44:20Z</time></trkpt>
<trkpt lat="33.0152393" lon="35.1178592"><ele>524.4</ele><time>2026-06-24T13:44:21Z</time></trkpt>
<trkpt lat="33.0152426" lon="35.1179206"><ele>524.5</ele><time>2026-06-24T13:44:22Z</time></trkpt>
<trkpt lat="33.0152461" lon="35.1179815"><ele>524.7</ele><time>2026-06-24T13:44:23Z</time></trkpt>
<trkpt lat="33.0152501" lon="35.1180417"><ele>524.8</ele><time>2026-06-24T13:44:24Z</time></trkpt>
<trkpt lat="33.0152534" lon="35.1181026"><ele>524.9</ele><time>2026-06-24T13:44:25Z</time></trkpt>
<trkpt lat="33.0152556" lon="35.1181638"><ele>525.1</ele><time>2026-06-24T13:44:26Z</time></trkpt>
<trkpt lat="33.0152586" lon="35.1182255"><ele>525.2</ele><time>2026-06-24T13:44:27Z</time></trkpt>
<trkpt lat="33.0152625" lon="35.1182875"><ele>525.4</ele><time>2026-06-24T13:44:28Z</time></trkpt>
<trkpt lat="33.0152662" lon="35.1183489"><ele>525.5</ele><time>2026-06-24T13:44:29Z</time></trkpt>
<trkpt lat="33.0152694" lon="35.1184101"><ele>525.7</ele><time>2026-06-24T13:44:30Z</time></trkpt>
<trkpt lat="33.0152723" lon="35.118472"><ele>525.8</ele><time>2026-06-24T13:44:31Z</time></trkpt>
<trkpt lat="33.0152751" lon="35.1185339"><ele>526.0</ele><time>2026-06-24T13:44:32Z</time></trkpt>
<trkpt lat="33.0152779" lon="35.1185951"><ele>526.2</ele><time>2026-06-24T13:44:33Z</time></trkpt>
<trkpt lat="33.0152806" lon="35.1186566"><ele>526.3</ele><time>2026-06-24T13:44:34Z</time></trkpt>
<trkpt lat="33.0152838" lon="35.1187188"><ele>526.5</ele><time>2026-06-24T13:44:35Z</time></trkpt>
<trkpt lat="33.0152879" lon="35.1187803"><ele>526.6</ele><time>2026-06-24T13:44:36Z</time></trkpt>
<trkpt lat="33.0152923" lon="35.1188403"><ele>526.8</ele><time>2026-06-24T13:44:37Z</time></trkpt>
<trkpt lat="33.015295" lon="35.1188774"><ele>526.9</ele><time>2026-06-24T13:44:38Z</time></trkpt>
<trkpt lat="33.0153061" lon="35.1190017"><ele>527.4</ele><time>2026-06-24T13:44:40Z</time></trkpt>
<trkpt lat="33.0153118" lon="35.1190596"><ele>527.6</ele><time>2026-06-24T13:44:41Z</time></trkpt>
<trkpt lat="33.0153167" lon="35.1191181"><ele>527.7</ele><time>2026-06-24T13:44:42Z</time></trkpt>
<trkpt lat="33.015321" lon="35.1191768"><ele>527.9</ele><time>2026-06-24T13:44:43Z</time></trkpt>
<trkpt lat="33.015331" lon="35.1192934"><ele>528.3</ele><time>2026-06-24T13:44:44Z</time></trkpt>
<trkpt lat="33.0153361" lon="35.1193513"><ele>528.4</ele><time>2026-06-24T13:44:45Z</time></trkpt>
<trkpt lat="33.0153401" lon="35.119409"><ele>528.6</ele><time>2026-06-24T13:44:46Z</time></trkpt>
<trkpt lat="33.0153453" lon="35.1194662"><ele>528.8</ele><time>2026-06-24T13:44:47Z</time></trkpt>
<trkpt lat="33.01535" lon="35.1195235"><ele>529.1</ele><time>2026-06-24T13:44:48Z</time></trkpt>
<trkpt lat="33.0153523" lon="35.1195812"><ele>529.3</ele><time>2026-06-24T13:44:49Z</time></trkpt>
<trkpt lat="33.0153546" lon="35.119639"><ele>529.6</ele><time>2026-06-24T13:44:50Z</time></trkpt>
<trkpt lat="33.0153578" lon="35.1196966"><ele>529.8</ele><time>2026-06-24T13:44:51Z</time></trkpt>
<trkpt lat="33.0153616" lon="35.1197542"><ele>530.1</ele><time>2026-06-24T13:44:52Z</time></trkpt>
<trkpt lat="33.0153647" lon="35.1198118"><ele>530.4</ele><time>2026-06-24T13:44:53Z</time></trkpt>
<trkpt lat="33.0153681" lon="35.119872"><ele>530.7</ele><time>2026-06-24T13:44:54Z</time></trkpt>
<trkpt lat="33.0153722" lon="35.1199324"><ele>531.0</ele><time>2026-06-24T13:44:55Z</time></trkpt>
<trkpt lat="33.015376" lon="35.1199929"><ele>531.4</ele><time>2026-06-24T13:44:56Z</time></trkpt>
<trkpt lat="33.0153795" lon="35.1200534"><ele>531.7</ele><time>2026-06-24T13:44:57Z</time></trkpt>
<trkpt lat="33.0153822" lon="35.1201142"><ele>532.0</ele><time>2026-06-24T13:44:58Z</time></trkpt>
<trkpt lat="33.0153839" lon="35.1201755"><ele>532.4</ele><time>2026-06-24T13:44:59Z</time></trkpt>
<trkpt lat="33.0153849" lon="35.1202372"><ele>532.7</ele><time>2026-06-24T13:45:00Z</time></trkpt>
<trkpt lat="33.015386" lon="35.1202991"><ele>533.0</ele><time>2026-06-24T13:45:01Z</time></trkpt>
<trkpt lat="33.015387" lon="35.120361"><ele>533.3</ele><time>2026-06-24T13:45:02Z</time></trkpt>
<trkpt lat="33.0153879" lon="35.1204225"><ele>533.6</ele><time>2026-06-24T13:45:03Z</time></trkpt>
<trkpt lat="33.0153888" lon="35.1204836"><ele>533.8</ele><time>2026-06-24T13:45:04Z</time></trkpt>
<trkpt lat="33.0153893" lon="35.1205444"><ele>534.0</ele><time>2026-06-24T13:45:05Z</time></trkpt>
<trkpt lat="33.0153891" lon="35.1206047"><ele>534.2</ele><time>2026-06-24T13:45:06Z</time></trkpt>
<trkpt lat="33.0153886" lon="35.120665"><ele>534.4</ele><time>2026-06-24T13:45:07Z</time></trkpt>
<trkpt lat="33.0153883" lon="35.1207253"><ele>534.6</ele><time>2026-06-24T13:45:08Z</time></trkpt>
<trkpt lat="33.0153881" lon="35.1207861"><ele>534.9</ele><time>2026-06-24T13:45:09Z</time></trkpt>
<trkpt lat="33.0153871" lon="35.1208474"><ele>535.1</ele><time>2026-06-24T13:45:10Z</time></trkpt>
<trkpt lat="33.0153847" lon="35.1209089"><ele>535.3</ele><time>2026-06-24T13:45:11Z</time></trkpt>
<trkpt lat="33.0153811" lon="35.120971"><ele>535.6</ele><time>2026-06-24T13:45:12Z</time></trkpt>
<trkpt lat="33.0153764" lon="35.1210335"><ele>535.8</ele><time>2026-06-24T13:45:13Z</time></trkpt>
<trkpt lat="33.0153714" lon="35.1210958"><ele>536.1</ele><time>2026-06-24T13:45:14Z</time></trkpt>
<trkpt lat="33.0153663" lon="35.1211576"><ele>536.3</ele><time>2026-06-24T13:45:15Z</time></trkpt>
<trkpt lat="33.0153612" lon="35.121219"><ele>536.6</ele><time>2026-06-24T13:45:16Z</time></trkpt>
<trkpt lat="33.0153559" lon="35.1212802"><ele>536.8</ele><time>2026-06-24T13:45:17Z</time></trkpt>
<trkpt lat="33.0153504" lon="35.1213413"><ele>537.0</ele><time>2026-06-24T13:45:18Z</time></trkpt>
<trkpt lat="33.0153446" lon="35.1214024"><ele>537.2</ele><time>2026-06-24T13:45:19Z</time></trkpt>
<trkpt lat="33.0153389" lon="35.1214637"><ele>537.4</ele><time>2026-06-24T13:45:20Z</time></trkpt>
<trkpt lat="33.0153334" lon="35.1215254"><ele>537.6</ele><time>2026-06-24T13:45:21Z</time></trkpt>
<trkpt lat="33.0153283" lon="35.1215876"><ele>537.8</ele><time>2026-06-24T13:45:22Z</time></trkpt>
<trkpt lat="33.0153234" lon="35.1216502"><ele>538.0</ele><time>2026-06-24T13:45:23Z</time></trkpt>
<trkpt lat="33.015318" lon="35.1217131"><ele>538.2</ele><time>2026-06-24T13:45:24Z</time></trkpt>
<trkpt lat="33.015312" lon="35.1217761"><ele>538.3</ele><time>2026-06-24T13:45:25Z</time></trkpt>
<trkpt lat="33.0153056" lon="35.1218391"><ele>538.5</ele><time>2026-06-24T13:45:26Z</time></trkpt>
<trkpt lat="33.015299" lon="35.1219023"><ele>538.6</ele><time>2026-06-24T13:45:27Z</time></trkpt>
<trkpt lat="33.0152924" lon="35.1219653"><ele>538.7</ele><time>2026-06-24T13:45:28Z</time></trkpt>
<trkpt lat="33.0152855" lon="35.1220284"><ele>538.8</ele><time>2026-06-24T13:45:29Z</time></trkpt>
<trkpt lat="33.0152784" lon="35.1220917"><ele>538.9</ele><time>2026-06-24T13:45:30Z</time></trkpt>
<trkpt lat="33.0152714" lon="35.1221551"><ele>539.0</ele><time>2026-06-24T13:45:31Z</time></trkpt>
<trkpt lat="33.0152644" lon="35.1222187"><ele>539.1</ele><time>2026-06-24T13:45:32Z</time></trkpt>
<trkpt lat="33.0152573" lon="35.1222831"><ele>539.2</ele><time>2026-06-24T13:45:33Z</time></trkpt>
<trkpt lat="33.0152502" lon="35.1223485"><ele>539.2</ele><time>2026-06-24T13:45:34Z</time></trkpt>
<trkpt lat="33.0152429" lon="35.1224149"><ele>539.3</ele><time>2026-06-24T13:45:35Z</time></trkpt>
<trkpt lat="33.0152355" lon="35.1224823"><ele>539.4</ele><time>2026-06-24T13:45:36Z</time></trkpt>
<trkpt lat="33.0152284" lon="35.1225499"><ele>539.4</ele><time>2026-06-24T13:45:37Z</time></trkpt>
<trkpt lat="33.0152215" lon="35.1226175"><ele>539.5</ele><time>2026-06-24T13:45:38Z</time></trkpt>
<trkpt lat="33.0152149" lon="35.1226852"><ele>539.6</ele><time>2026-06-24T13:45:39Z</time></trkpt>
<trkpt lat="33.0152083" lon="35.1227526"><ele>539.7</ele><time>2026-06-24T13:45:40Z</time></trkpt>
<trkpt lat="33.0152018" lon="35.1228199"><ele>539.8</ele><time>2026-06-24T13:45:41Z</time></trkpt>
<trkpt lat="33.0151953" lon="35.1228868"><ele>539.9</ele><time>2026-06-24T13:45:42Z</time></trkpt>
<trkpt lat="33.0151887" lon="35.1229532"><ele>540.0</ele><time>2026-06-24T13:45:43Z</time></trkpt>
<trkpt lat="33.015182" lon="35.1230192"><ele>540.1</ele><time>2026-06-24T13:45:44Z</time></trkpt>
<trkpt lat="33.0151749" lon="35.1230853"><ele>540.3</ele><time>2026-06-24T13:45:45Z</time></trkpt>
<trkpt lat="33.015167" lon="35.1231514"><ele>540.4</ele><time>2026-06-24T13:45:46Z</time></trkpt>
<trkpt lat="33.0151587" lon="35.1232173"><ele>540.6</ele><time>2026-06-24T13:45:47Z</time></trkpt>
<trkpt lat="33.0151506" lon="35.1232832"><ele>540.7</ele><time>2026-06-24T13:45:48Z</time></trkpt>
<trkpt lat="33.015143" lon="35.1233492"><ele>540.9</ele><time>2026-06-24T13:45:49Z</time></trkpt>
<trkpt lat="33.0151361" lon="35.1234153"><ele>541.1</ele><time>2026-06-24T13:45:50Z</time></trkpt>
<trkpt lat="33.0151294" lon="35.1234814"><ele>541.3</ele><time>2026-06-24T13:45:51Z</time></trkpt>
<trkpt lat="33.0151227" lon="35.1235473"><ele>541.4</ele><time>2026-06-24T13:45:52Z</time></trkpt>
<trkpt lat="33.015116" lon="35.1236134"><ele>541.6</ele><time>2026-06-24T13:45:53Z</time></trkpt>
<trkpt lat="33.0151091" lon="35.1236796"><ele>541.8</ele><time>2026-06-24T13:45:54Z</time></trkpt>
<trkpt lat="33.0151021" lon="35.1237455"><ele>542.0</ele><time>2026-06-24T13:45:55Z</time></trkpt>
<trkpt lat="33.0150951" lon="35.1238119"><ele>542.1</ele><time>2026-06-24T13:45:56Z</time></trkpt>
<trkpt lat="33.015088" lon="35.1238789"><ele>542.3</ele><time>2026-06-24T13:45:57Z</time></trkpt>
<trkpt lat="33.0150811" lon="35.1239465"><ele>542.5</ele><time>2026-06-24T13:45:58Z</time></trkpt>
<trkpt lat="33.0150742" lon="35.1240143"><ele>542.7</ele><time>2026-06-24T13:45:59Z</time></trkpt>
<trkpt lat="33.0150675" lon="35.1240819"><ele>542.9</ele><time>2026-06-24T13:46:00Z</time></trkpt>
<trkpt lat="33.0150612" lon="35.1241495"><ele>543.1</ele><time>2026-06-24T13:46:01Z</time></trkpt>
<trkpt lat="33.0150552" lon="35.124217"><ele>543.3</ele><time>2026-06-24T13:46:02Z</time></trkpt>
<trkpt lat="33.0150492" lon="35.1242847"><ele>543.6</ele><time>2026-06-24T13:46:03Z</time></trkpt>
<trkpt lat="33.0150432" lon="35.1243526"><ele>543.8</ele><time>2026-06-24T13:46:04Z</time></trkpt>
<trkpt lat="33.0150375" lon="35.1244205"><ele>544.1</ele><time>2026-06-24T13:46:05Z</time></trkpt>
<trkpt lat="33.0150323" lon="35.1244884"><ele>544.4</ele><time>2026-06-24T13:46:06Z</time></trkpt>
<trkpt lat="33.0150278" lon="35.1245563"><ele>544.8</ele><time>2026-06-24T13:46:07Z</time></trkpt>
<trkpt lat="33.0150155" lon="35.1247366"><ele>545.9</ele><time>2026-06-24T13:46:10Z</time></trkpt>
<trkpt lat="33.0150103" lon="35.1247994"><ele>546.2</ele><time>2026-06-24T13:46:11Z</time></trkpt>
<trkpt lat="33.0150042" lon="35.1248629"><ele>546.6</ele><time>2026-06-24T13:46:12Z</time></trkpt>
<trkpt lat="33.0149885" lon="35.124989"><ele>547.2</ele><time>2026-06-24T13:46:13Z</time></trkpt>
<trkpt lat="33.0149807" lon="35.1250514"><ele>547.5</ele><time>2026-06-24T13:46:14Z</time></trkpt>
<trkpt lat="33.0149731" lon="35.1251142"><ele>547.9</ele><time>2026-06-24T13:46:15Z</time></trkpt>
<trkpt lat="33.0149647" lon="35.1251774"><ele>548.2</ele><time>2026-06-24T13:46:16Z</time></trkpt>
<trkpt lat="33.0149568" lon="35.1252406"><ele>548.6</ele><time>2026-06-24T13:46:17Z</time></trkpt>
<trkpt lat="33.0149495" lon="35.1253038"><ele>549.0</ele><time>2026-06-24T13:46:18Z</time></trkpt>
<trkpt lat="33.0149423" lon="35.1253662"><ele>549.3</ele><time>2026-06-24T13:46:19Z</time></trkpt>
<trkpt lat="33.0149354" lon="35.125428"><ele>549.7</ele><time>2026-06-24T13:46:20Z</time></trkpt>
<trkpt lat="33.0149287" lon="35.1254896"><ele>550.0</ele><time>2026-06-24T13:46:21Z</time></trkpt>
<trkpt lat="33.0149222" lon="35.1255514"><ele>550.3</ele><time>2026-06-24T13:46:22Z</time></trkpt>
<trkpt lat="33.0149157" lon="35.1256136"><ele>550.5</ele><time>2026-06-24T13:46:23Z</time></trkpt>
<trkpt lat="33.0149086" lon="35.1256789"><ele>550.8</ele><time>2026-06-24T13:46:24Z</time></trkpt>
<trkpt lat="33.0149013" lon="35.1257439"><ele>551.1</ele><time>2026-06-24T13:46:25Z</time></trkpt>
<trkpt lat="33.0148943" lon="35.1258087"><ele>551.3</ele><time>2026-06-24T13:46:26Z</time></trkpt>
<trkpt lat="33.0148878" lon="35.1258734"><ele>551.6</ele><time>2026-06-24T13:46:27Z</time></trkpt>
<trkpt lat="33.0148828" lon="35.1259381"><ele>551.8</ele><time>2026-06-24T13:46:28Z</time></trkpt>
<trkpt lat="33.0148804" lon="35.1260026"><ele>552.1</ele><time>2026-06-24T13:46:29Z</time></trkpt>
<trkpt lat="33.0148801" lon="35.126067"><ele>552.4</ele><time>2026-06-24T13:46:30Z</time></trkpt>
<trkpt lat="33.0148798" lon="35.1261317"><ele>552.7</ele><time>2026-06-24T13:46:31Z</time></trkpt>
<trkpt lat="33.0148775" lon="35.1261964"><ele>553.0</ele><time>2026-06-24T13:46:32Z</time></trkpt>
<trkpt lat="33.0148721" lon="35.1262608"><ele>553.4</ele><time>2026-06-24T13:46:33Z</time></trkpt>
<trkpt lat="33.0148635" lon="35.1263249"><ele>553.9</ele><time>2026-06-24T13:46:34Z</time></trkpt>
<trkpt lat="33.0148517" lon="35.1263883"><ele>554.3</ele><time>2026-06-24T13:46:35Z</time></trkpt>
<trkpt lat="33.0148377" lon="35.1264508"><ele>554.8</ele><time>2026-06-24T13:46:36Z</time></trkpt>
<trkpt lat="33.0148243" lon="35.126513"><ele>555.3</ele><time>2026-06-24T13:46:37Z</time></trkpt>
<trkpt lat="33.0148122" lon="35.1265751"><ele>555.7</ele><time>2026-06-24T13:46:38Z</time></trkpt>
<trkpt lat="33.0148004" lon="35.1266371"><ele>556.2</ele><time>2026-06-24T13:46:39Z</time></trkpt>
<trkpt lat="33.0147901" lon="35.1266993"><ele>556.6</ele><time>2026-06-24T13:46:40Z</time></trkpt>
<trkpt lat="33.0147822" lon="35.1267622"><ele>557.0</ele><time>2026-06-24T13:46:41Z</time></trkpt>
<trkpt lat="33.0147747" lon="35.1268262"><ele>557.4</ele><time>2026-06-24T13:46:42Z</time></trkpt>
<trkpt lat="33.0147669" lon="35.1268912"><ele>557.7</ele><time>2026-06-24T13:46:43Z</time></trkpt>
<trkpt lat="33.0147593" lon="35.1269565"><ele>558.0</ele><time>2026-06-24T13:46:44Z</time></trkpt>
<trkpt lat="33.0147523" lon="35.1270224"><ele>558.2</ele><time>2026-06-24T13:46:45Z</time></trkpt>
<trkpt lat="33.0147457" lon="35.1270887"><ele>558.4</ele><time>2026-06-24T13:46:46Z</time></trkpt>
<trkpt lat="33.0147395" lon="35.1271553"><ele>558.6</ele><time>2026-06-24T13:46:47Z</time></trkpt>
<trkpt lat="33.0147337" lon="35.1272224"><ele>558.8</ele><time>2026-06-24T13:46:48Z</time></trkpt>
<trkpt lat="33.014728" lon="35.1272895"><ele>558.9</ele><time>2026-06-24T13:46:49Z</time></trkpt>
<trkpt lat="33.0147225" lon="35.1273564"><ele>559.1</ele><time>2026-06-24T13:46:50Z</time></trkpt>
<trkpt lat="33.0147173" lon="35.1274232"><ele>559.3</ele><time>2026-06-24T13:46:51Z</time></trkpt>
<trkpt lat="33.0147125" lon="35.1274898"><ele>559.5</ele><time>2026-06-24T13:46:52Z</time></trkpt>
<trkpt lat="33.0147082" lon="35.1275558"><ele>559.7</ele><time>2026-06-24T13:46:53Z</time></trkpt>
<trkpt lat="33.0147048" lon="35.1276212"><ele>559.9</ele><time>2026-06-24T13:46:54Z</time></trkpt>
<trkpt lat="33.014702" lon="35.1276859"><ele>560.2</ele><time>2026-06-24T13:46:55Z</time></trkpt>
<trkpt lat="33.014699" lon="35.1277506"><ele>560.5</ele><time>2026-06-24T13:46:56Z</time></trkpt>
<trkpt lat="33.0146959" lon="35.1278161"><ele>560.8</ele><time>2026-06-24T13:46:57Z</time></trkpt>
<trkpt lat="33.0146932" lon="35.127882"><ele>561.1</ele><time>2026-06-24T13:46:58Z</time></trkpt>
<trkpt lat="33.0146907" lon="35.1279478"><ele>561.5</ele><time>2026-06-24T13:46:59Z</time></trkpt>
<trkpt lat="33.0146883" lon="35.128013"><ele>561.9</ele><time>2026-06-24T13:47:00Z</time></trkpt>
<trkpt lat="33.0146863" lon="35.128078"><ele>562.3</ele><time>2026-06-24T13:47:01Z</time></trkpt>
<trkpt lat="33.0146848" lon="35.1281435"><ele>562.7</ele><time>2026-06-24T13:47:02Z</time></trkpt>
<trkpt lat="33.0146834" lon="35.1282092"><ele>563.1</ele><time>2026-06-24T13:47:03Z</time></trkpt>
<trkpt lat="33.0146822" lon="35.128275"><ele>563.5</ele><time>2026-06-24T13:47:04Z</time></trkpt>
<trkpt lat="33.0146817" lon="35.128341"><ele>564.0</ele><time>2026-06-24T13:47:05Z</time></trkpt>
<trkpt lat="33.0146821" lon="35.1284069"><ele>564.4</ele><time>2026-06-24T13:47:06Z</time></trkpt>
<trkpt lat="33.0146835" lon="35.1284728"><ele>564.8</ele><time>2026-06-24T13:47:07Z</time></trkpt>
<trkpt lat="33.014686" lon="35.1285386"><ele>565.2</ele><time>2026-06-24T13:47:08Z</time></trkpt>
<trkpt lat="33.0146892" lon="35.1286043"><ele>565.6</ele><time>2026-06-24T13:47:09Z</time></trkpt>
<trkpt lat="33.0146926" lon="35.12867"><ele>566.0</ele><time>2026-06-24T13:47:10Z</time></trkpt>
<trkpt lat="33.0146961" lon="35.1287357"><ele>566.4</ele><time>2026-06-24T13:47:11Z</time></trkpt>
<trkpt lat="33.0146998" lon="35.1288011"><ele>566.8</ele><time>2026-06-24T13:47:12Z</time></trkpt>
<trkpt lat="33.0147036" lon="35.1288662"><ele>567.2</ele><time>2026-06-24T13:47:13Z</time></trkpt>
<trkpt lat="33.0147076" lon="35.128931"><ele>567.6</ele><time>2026-06-24T13:47:14Z</time></trkpt>
<trkpt lat="33.0147122" lon="35.1289954"><ele>568.0</ele><time>2026-06-24T13:47:15Z</time></trkpt>
<trkpt lat="33.0147174" lon="35.1290596"><ele>568.5</ele><time>2026-06-24T13:47:16Z</time></trkpt>
<trkpt lat="33.0147228" lon="35.1291238"><ele>568.9</ele><time>2026-06-24T13:47:17Z</time></trkpt>
<trkpt lat="33.0147282" lon="35.1291881"><ele>569.4</ele><time>2026-06-24T13:47:18Z</time></trkpt>
<trkpt lat="33.0147335" lon="35.1292522"><ele>570.0</ele><time>2026-06-24T13:47:19Z</time></trkpt>
<trkpt lat="33.014739" lon="35.1293159"><ele>570.5</ele><time>2026-06-24T13:47:20Z</time></trkpt>
<trkpt lat="33.0147453" lon="35.1293795"><ele>571.1</ele><time>2026-06-24T13:47:21Z</time></trkpt>
<trkpt lat="33.014752" lon="35.1294439"><ele>571.7</ele><time>2026-06-24T13:47:22Z</time></trkpt>
<trkpt lat="33.0147583" lon="35.1295093"><ele>572.4</ele><time>2026-06-24T13:47:23Z</time></trkpt>
<trkpt lat="33.0147638" lon="35.1295743"><ele>573.0</ele><time>2026-06-24T13:47:24Z</time></trkpt>
<trkpt lat="33.0147699" lon="35.1296388"><ele>573.7</ele><time>2026-06-24T13:47:25Z</time></trkpt>
<trkpt lat="33.0147768" lon="35.1297037"><ele>574.3</ele><time>2026-06-24T13:47:26Z</time></trkpt>
<trkpt lat="33.0147836" lon="35.1297683"><ele>575.0</ele><time>2026-06-24T13:47:27Z</time></trkpt>
<trkpt lat="33.0147908" lon="35.1298327"><ele>575.6</ele><time>2026-06-24T13:47:28Z</time></trkpt>
<trkpt lat="33.0147978" lon="35.1298975"><ele>576.3</ele><time>2026-06-24T13:47:29Z</time></trkpt>
<trkpt lat="33.0148057" lon="35.1299626"><ele>576.9</ele><time>2026-06-24T13:47:30Z</time></trkpt>
<trkpt lat="33.0148155" lon="35.1300284"><ele>577.5</ele><time>2026-06-24T13:47:31Z</time></trkpt>
<trkpt lat="33.0148262" lon="35.1300943"><ele>578.2</ele><time>2026-06-24T13:47:32Z</time></trkpt>
<trkpt lat="33.0148366" lon="35.1301594"><ele>578.8</ele><time>2026-06-24T13:47:33Z</time></trkpt>
<trkpt lat="33.0148469" lon="35.1302233"><ele>579.4</ele><time>2026-06-24T13:47:34Z</time></trkpt>
<trkpt lat="33.0148578" lon="35.1302871"><ele>580.1</ele><time>2026-06-24T13:47:35Z</time></trkpt>
<trkpt lat="33.0148686" lon="35.1303513"><ele>580.7</ele><time>2026-06-24T13:47:36Z</time></trkpt>
<trkpt lat="33.0148798" lon="35.1304154"><ele>581.3</ele><time>2026-06-24T13:47:37Z</time></trkpt>
<trkpt lat="33.0148915" lon="35.1304798"><ele>581.9</ele><time>2026-06-24T13:47:38Z</time></trkpt>
<trkpt lat="33.0149029" lon="35.1305446"><ele>582.5</ele><time>2026-06-24T13:47:39Z</time></trkpt>
<trkpt lat="33.0149144" lon="35.1306097"><ele>583.1</ele><time>2026-06-24T13:47:40Z</time></trkpt>
<trkpt lat="33.014926" lon="35.1306742"><ele>583.7</ele><time>2026-06-24T13:47:41Z</time></trkpt>
<trkpt lat="33.0149378" lon="35.1307383"><ele>584.3</ele><time>2026-06-24T13:47:42Z</time></trkpt>
<trkpt lat="33.0149505" lon="35.1308028"><ele>584.9</ele><time>2026-06-24T13:47:43Z</time></trkpt>
<trkpt lat="33.0149643" lon="35.1308674"><ele>585.4</ele><time>2026-06-24T13:47:44Z</time></trkpt>
<trkpt lat="33.0149788" lon="35.1309321"><ele>586.0</ele><time>2026-06-24T13:47:45Z</time></trkpt>
<trkpt lat="33.0149933" lon="35.1309965"><ele>586.5</ele><time>2026-06-24T13:47:46Z</time></trkpt>
<trkpt lat="33.0150072" lon="35.1310608"><ele>587.1</ele><time>2026-06-24T13:47:47Z</time></trkpt>
<trkpt lat="33.0150207" lon="35.1311244"><ele>587.6</ele><time>2026-06-24T13:47:48Z</time></trkpt>
<trkpt lat="33.0150348" lon="35.1311877"><ele>588.1</ele><time>2026-06-24T13:47:49Z</time></trkpt>
<trkpt lat="33.0150501" lon="35.1312511"><ele>588.7</ele><time>2026-06-24T13:47:50Z</time></trkpt>
<trkpt lat="33.0150663" lon="35.1313144"><ele>589.2</ele><time>2026-06-24T13:47:51Z</time></trkpt>
<trkpt lat="33.0150829" lon="35.1313772"><ele>589.7</ele><time>2026-06-24T13:47:52Z</time></trkpt>
<trkpt lat="33.0150994" lon="35.1314395"><ele>590.2</ele><time>2026-06-24T13:47:53Z</time></trkpt>
<trkpt lat="33.0151152" lon="35.1315029"><ele>590.7</ele><time>2026-06-24T13:47:54Z</time></trkpt>
<trkpt lat="33.0151305" lon="35.1315672"><ele>591.2</ele><time>2026-06-24T13:47:55Z</time></trkpt>
<trkpt lat="33.015146" lon="35.1316314"><ele>591.8</ele><time>2026-06-24T13:47:56Z</time></trkpt>
<trkpt lat="33.0151623" lon="35.1316954"><ele>592.3</ele><time>2026-06-24T13:47:57Z</time></trkpt>
<trkpt lat="33.0151803" lon="35.1317596"><ele>592.8</ele><time>2026-06-24T13:47:58Z</time></trkpt>
<trkpt lat="33.0151991" lon="35.1318239"><ele>593.4</ele><time>2026-06-24T13:47:59Z</time></trkpt>
<trkpt lat="33.0152175" lon="35.1318876"><ele>593.9</ele><time>2026-06-24T13:48:00Z</time></trkpt>
<trkpt lat="33.015235" lon="35.1319506"><ele>594.4</ele><time>2026-06-24T13:48:01Z</time></trkpt>
<trkpt lat="33.0152522" lon="35.1320137"><ele>594.9</ele><time>2026-06-24T13:48:02Z</time></trkpt>
<trkpt lat="33.0152696" lon="35.1320782"><ele>595.4</ele><time>2026-06-24T13:48:03Z</time></trkpt>
<trkpt lat="33.0152864" lon="35.1321432"><ele>595.8</ele><time>2026-06-24T13:48:04Z</time></trkpt>
<trkpt lat="33.0153026" lon="35.1322079"><ele>596.3</ele><time>2026-06-24T13:48:05Z</time></trkpt>
<trkpt lat="33.0153196" lon="35.1322724"><ele>596.7</ele><time>2026-06-24T13:48:06Z</time></trkpt>
<trkpt lat="33.015337" lon="35.1323369"><ele>597.1</ele><time>2026-06-24T13:48:07Z</time></trkpt>
<trkpt lat="33.0153537" lon="35.1324024"><ele>597.6</ele><time>2026-06-24T13:48:08Z</time></trkpt>
<trkpt lat="33.0153704" lon="35.1324681"><ele>598.1</ele><time>2026-06-24T13:48:09Z</time></trkpt>
<trkpt lat="33.015387" lon="35.1325322"><ele>598.6</ele><time>2026-06-24T13:48:10Z</time></trkpt>
<trkpt lat="33.0154031" lon="35.132595"><ele>599.1</ele><time>2026-06-24T13:48:11Z</time></trkpt>
<trkpt lat="33.0154206" lon="35.1326575"><ele>599.7</ele><time>2026-06-24T13:48:12Z</time></trkpt>
<trkpt lat="33.0154392" lon="35.1327207"><ele>600.3</ele><time>2026-06-24T13:48:13Z</time></trkpt>
<trkpt lat="33.015457" lon="35.132784"><ele>600.9</ele><time>2026-06-24T13:48:14Z</time></trkpt>
<trkpt lat="33.0154735" lon="35.1328455"><ele>601.6</ele><time>2026-06-24T13:48:15Z</time></trkpt>
<trkpt lat="33.0154891" lon="35.1329053"><ele>602.2</ele><time>2026-06-24T13:48:16Z</time></trkpt>
<trkpt lat="33.0155054" lon="35.1329653"><ele>602.8</ele><time>2026-06-24T13:48:17Z</time></trkpt>
<trkpt lat="33.0155232" lon="35.1330277"><ele>603.4</ele><time>2026-06-24T13:48:18Z</time></trkpt>
<trkpt lat="33.015541" lon="35.1330906"><ele>603.8</ele><time>2026-06-24T13:48:19Z</time></trkpt>
<trkpt lat="33.015558" lon="35.1331522"><ele>604.2</ele><time>2026-06-24T13:48:20Z</time></trkpt>
<trkpt lat="33.015575" lon="35.1332143"><ele>604.4</ele><time>2026-06-24T13:48:21Z</time></trkpt>
<trkpt lat="33.0155925" lon="35.1332768"><ele>604.5</ele><time>2026-06-24T13:48:22Z</time></trkpt>
<trkpt lat="33.0156101" lon="35.1333388"><ele>604.6</ele><time>2026-06-24T13:48:23Z</time></trkpt>
<trkpt lat="33.0156273" lon="35.1334002"><ele>604.5</ele><time>2026-06-24T13:48:24Z</time></trkpt>
<trkpt lat="33.0156452" lon="35.1334614"><ele>604.4</ele><time>2026-06-24T13:48:25Z</time></trkpt>
<trkpt lat="33.0156637" lon="35.133522"><ele>604.2</ele><time>2026-06-24T13:48:26Z</time></trkpt>
<trkpt lat="33.0156821" lon="35.133583"><ele>604.1</ele><time>2026-06-24T13:48:27Z</time></trkpt>
<trkpt lat="33.0157003" lon="35.1336436"><ele>604.1</ele><time>2026-06-24T13:48:28Z</time></trkpt>
<trkpt lat="33.0157172" lon="35.1337035"><ele>604.2</ele><time>2026-06-24T13:48:29Z</time></trkpt>
<trkpt lat="33.0157329" lon="35.1337654"><ele>604.5</ele><time>2026-06-24T13:48:30Z</time></trkpt>
<trkpt lat="33.015748" lon="35.1338285"><ele>604.9</ele><time>2026-06-24T13:48:31Z</time></trkpt>
<trkpt lat="33.0157636" lon="35.1338896"><ele>605.5</ele><time>2026-06-24T13:48:32Z</time></trkpt>
<trkpt lat="33.0157799" lon="35.1339487"><ele>606.2</ele><time>2026-06-24T13:48:33Z</time></trkpt>
<trkpt lat="33.0157964" lon="35.1340074"><ele>607.1</ele><time>2026-06-24T13:48:34Z</time></trkpt>
<trkpt lat="33.0158126" lon="35.1340658"><ele>608.0</ele><time>2026-06-24T13:48:35Z</time></trkpt>
<trkpt lat="33.0158285" lon="35.1341245"><ele>608.9</ele><time>2026-06-24T13:48:36Z</time></trkpt>
<trkpt lat="33.0158442" lon="35.1341846"><ele>609.9</ele><time>2026-06-24T13:48:37Z</time></trkpt>
<trkpt lat="33.0158593" lon="35.1342454"><ele>610.8</ele><time>2026-06-24T13:48:38Z</time></trkpt>
<trkpt lat="33.0158738" lon="35.1343059"><ele>611.7</ele><time>2026-06-24T13:48:39Z</time></trkpt>
<trkpt lat="33.0158877" lon="35.1343663"><ele>612.5</ele><time>2026-06-24T13:48:40Z</time></trkpt>
<trkpt lat="33.0159015" lon="35.1344263"><ele>613.3</ele><time>2026-06-24T13:48:41Z</time></trkpt>
<trkpt lat="33.0159162" lon="35.1344863"><ele>613.9</ele><time>2026-06-24T13:48:42Z</time></trkpt>
<trkpt lat="33.0159318" lon="35.1345475"><ele>614.4</ele><time>2026-06-24T13:48:43Z</time></trkpt>
<trkpt lat="33.0159467" lon="35.1346101"><ele>614.9</ele><time>2026-06-24T13:48:44Z</time></trkpt>
<trkpt lat="33.0159605" lon="35.1346738"><ele>615.3</ele><time>2026-06-24T13:48:45Z</time></trkpt>
<trkpt lat="33.0159745" lon="35.1347381"><ele>615.7</ele><time>2026-06-24T13:48:46Z</time></trkpt>
<trkpt lat="33.0159892" lon="35.1348022"><ele>616.0</ele><time>2026-06-24T13:48:47Z</time></trkpt>
<trkpt lat="33.0160043" lon="35.1348661"><ele>616.3</ele><time>2026-06-24T13:48:48Z</time></trkpt>
<trkpt lat="33.0160188" lon="35.1349304"><ele>616.7</ele><time>2026-06-24T13:48:49Z</time></trkpt>
<trkpt lat="33.0160324" lon="35.1349947"><ele>617.0</ele><time>2026-06-24T13:48:50Z</time></trkpt>
<trkpt lat="33.0160451" lon="35.1350587"><ele>617.4</ele><time>2026-06-24T13:48:51Z</time></trkpt>
<trkpt lat="33.0160573" lon="35.1351227"><ele>617.7</ele><time>2026-06-24T13:48:52Z</time></trkpt>
<trkpt lat="33.0160693" lon="35.1351862"><ele>618.1</ele><time>2026-06-24T13:48:53Z</time></trkpt>
<trkpt lat="33.0160816" lon="35.1352492"><ele>618.5</ele><time>2026-06-24T13:48:54Z</time></trkpt>
<trkpt lat="33.0160932" lon="35.1353132"><ele>618.9</ele><time>2026-06-24T13:48:55Z</time></trkpt>
<trkpt lat="33.0161044" lon="35.1353781"><ele>619.3</ele><time>2026-06-24T13:48:56Z</time></trkpt>
<trkpt lat="33.0161166" lon="35.1354424"><ele>619.7</ele><time>2026-06-24T13:48:57Z</time></trkpt>
<trkpt lat="33.0161297" lon="35.135506"><ele>620.1</ele><time>2026-06-24T13:48:58Z</time></trkpt>
<trkpt lat="33.0161422" lon="35.1355696"><ele>620.5</ele><time>2026-06-24T13:48:59Z</time></trkpt>
<trkpt lat="33.016154" lon="35.1356321"><ele>620.9</ele><time>2026-06-24T13:49:00Z</time></trkpt>
<trkpt lat="33.0161654" lon="35.1356941"><ele>621.3</ele><time>2026-06-24T13:49:01Z</time></trkpt>
<trkpt lat="33.0161761" lon="35.1357567"><ele>621.7</ele><time>2026-06-24T13:49:02Z</time></trkpt>
<trkpt lat="33.0161869" lon="35.1358199"><ele>622.0</ele><time>2026-06-24T13:49:03Z</time></trkpt>
<trkpt lat="33.0161985" lon="35.1358826"><ele>622.4</ele><time>2026-06-24T13:49:04Z</time></trkpt>
<trkpt lat="33.0162106" lon="35.135945"><ele>622.7</ele><time>2026-06-24T13:49:05Z</time></trkpt>
<trkpt lat="33.0162223" lon="35.1360076"><ele>623.0</ele><time>2026-06-24T13:49:06Z</time></trkpt>
<trkpt lat="33.0162338" lon="35.1360705"><ele>623.4</ele><time>2026-06-24T13:49:07Z</time></trkpt>
<trkpt lat="33.0162643" lon="35.1362385"><ele>624.3</ele><time>2026-06-24T13:49:10Z</time></trkpt>
<trkpt lat="33.0162747" lon="35.1362979"><ele>624.6</ele><time>2026-06-24T13:49:11Z</time></trkpt>
<trkpt lat="33.0162843" lon="35.1363576"><ele>624.9</ele><time>2026-06-24T13:49:12Z</time></trkpt>
<trkpt lat="33.0163021" lon="35.1364769"><ele>625.4</ele><time>2026-06-24T13:49:13Z</time></trkpt>
<trkpt lat="33.0163077" lon="35.1365367"><ele>625.6</ele><time>2026-06-24T13:49:14Z</time></trkpt>
<trkpt lat="33.0163137" lon="35.1365966"><ele>625.9</ele><time>2026-06-24T13:49:15Z</time></trkpt>
<trkpt lat="33.0163211" lon="35.136657"><ele>626.2</ele><time>2026-06-24T13:49:16Z</time></trkpt>
<trkpt lat="33.0163286" lon="35.136718"><ele>626.5</ele><time>2026-06-24T13:49:17Z</time></trkpt>
<trkpt lat="33.0163367" lon="35.1367799"><ele>626.8</ele><time>2026-06-24T13:49:18Z</time></trkpt>
<trkpt lat="33.0163443" lon="35.1368419"><ele>627.1</ele><time>2026-06-24T13:49:19Z</time></trkpt>
<trkpt lat="33.0163508" lon="35.1369042"><ele>627.4</ele><time>2026-06-24T13:49:20Z</time></trkpt>
<trkpt lat="33.0163579" lon="35.1369663"><ele>627.7</ele><time>2026-06-24T13:49:21Z</time></trkpt>
<trkpt lat="33.0163658" lon="35.1370282"><ele>628.0</ele><time>2026-06-24T13:49:22Z</time></trkpt>
<trkpt lat="33.0163734" lon="35.1370917"><ele>628.4</ele><time>2026-06-24T13:49:23Z</time></trkpt>
<trkpt lat="33.0163809" lon="35.1371568"><ele>628.7</ele><time>2026-06-24T13:49:24Z</time></trkpt>
<trkpt lat="33.016388" lon="35.1372216"><ele>629.1</ele><time>2026-06-24T13:49:25Z</time></trkpt>
<trkpt lat="33.0163948" lon="35.137287"><ele>629.4</ele><time>2026-06-24T13:49:26Z</time></trkpt>
<trkpt lat="33.0164014" lon="35.1373523"><ele>629.7</ele><time>2026-06-24T13:49:27Z</time></trkpt>
<trkpt lat="33.0164068" lon="35.1374168"><ele>630.1</ele><time>2026-06-24T13:49:28Z</time></trkpt>
<trkpt lat="33.0164117" lon="35.1374813"><ele>630.4</ele><time>2026-06-24T13:49:29Z</time></trkpt>
<trkpt lat="33.0164171" lon="35.1375461"><ele>630.8</ele><time>2026-06-24T13:49:30Z</time></trkpt>
<trkpt lat="33.0164219" lon="35.1376114"><ele>631.1</ele><time>2026-06-24T13:49:31Z</time></trkpt>
<trkpt lat="33.0164253" lon="35.1376767"><ele>631.5</ele><time>2026-06-24T13:49:32Z</time></trkpt>
<trkpt lat="33.0164285" lon="35.1377416"><ele>631.8</ele><time>2026-06-24T13:49:33Z</time></trkpt>
<trkpt lat="33.0164324" lon="35.1378059"><ele>632.2</ele><time>2026-06-24T13:49:34Z</time></trkpt>
<trkpt lat="33.0164365" lon="35.1378699"><ele>632.6</ele><time>2026-06-24T13:49:35Z</time></trkpt>
<trkpt lat="33.0164399" lon="35.1379338"><ele>633.0</ele><time>2026-06-24T13:49:36Z</time></trkpt>
<trkpt lat="33.0164426" lon="35.1379977"><ele>633.4</ele><time>2026-06-24T13:49:37Z</time></trkpt>
<trkpt lat="33.0164437" lon="35.1380383"><ele>633.6</ele><time>2026-06-24T13:49:38Z</time></trkpt>
<trkpt lat="33.0164446" lon="35.1381746"><ele>634.3</ele><time>2026-06-24T13:49:40Z</time></trkpt>
<trkpt lat="33.0164447" lon="35.1382391"><ele>634.6</ele><time>2026-06-24T13:49:41Z</time></trkpt>
<trkpt lat="33.0164455" lon="35.1383036"><ele>634.9</ele><time>2026-06-24T13:49:42Z</time></trkpt>
<trkpt lat="33.0164491" lon="35.1384316"><ele>635.2</ele><time>2026-06-24T13:49:43Z</time></trkpt>
<trkpt lat="33.01645" lon="35.1384959"><ele>635.4</ele><time>2026-06-24T13:49:44Z</time></trkpt>
<trkpt lat="33.0164514" lon="35.1385602"><ele>635.5</ele><time>2026-06-24T13:49:45Z</time></trkpt>
<trkpt lat="33.0164557" lon="35.1386242"><ele>635.6</ele><time>2026-06-24T13:49:46Z</time></trkpt>
<trkpt lat="33.0164595" lon="35.1386879"><ele>635.8</ele><time>2026-06-24T13:49:47Z</time></trkpt>
<trkpt lat="33.0164622" lon="35.1387512"><ele>635.9</ele><time>2026-06-24T13:49:48Z</time></trkpt>
<trkpt lat="33.0164657" lon="35.1388143"><ele>636.0</ele><time>2026-06-24T13:49:49Z</time></trkpt>
<trkpt lat="33.0164695" lon="35.1388776"><ele>636.2</ele><time>2026-06-24T13:49:50Z</time></trkpt>
<trkpt lat="33.0164749" lon="35.1389404"><ele>636.4</ele><time>2026-06-24T13:49:51Z</time></trkpt>
<trkpt lat="33.0164822" lon="35.1390024"><ele>636.6</ele><time>2026-06-24T13:49:52Z</time></trkpt>
<trkpt lat="33.0164914" lon="35.1390633"><ele>636.8</ele><time>2026-06-24T13:49:53Z</time></trkpt>
<trkpt lat="33.0165029" lon="35.1391262"><ele>637.0</ele><time>2026-06-24T13:49:54Z</time></trkpt>
<trkpt lat="33.016513" lon="35.1391896"><ele>637.3</ele><time>2026-06-24T13:49:55Z</time></trkpt>
<trkpt lat="33.016519" lon="35.139254"><ele>637.5</ele><time>2026-06-24T13:49:56Z</time></trkpt>
<trkpt lat="33.0165224" lon="35.1393187"><ele>637.8</ele><time>2026-06-24T13:49:57Z</time></trkpt>
<trkpt lat="33.0165257" lon="35.1393826"><ele>638.0</ele><time>2026-06-24T13:49:58Z</time></trkpt>
<trkpt lat="33.0165292" lon="35.1394456"><ele>638.2</ele><time>2026-06-24T13:49:59Z</time></trkpt>
<trkpt lat="33.0165327" lon="35.1395077"><ele>638.4</ele><time>2026-06-24T13:50:00Z</time></trkpt>
<trkpt lat="33.0165352" lon="35.1395696"><ele>638.7</ele><time>2026-06-24T13:50:01Z</time></trkpt>
<trkpt lat="33.0165362" lon="35.1396321"><ele>638.9</ele><time>2026-06-24T13:50:02Z</time></trkpt>
<trkpt lat="33.0165364" lon="35.1396947"><ele>639.2</ele><time>2026-06-24T13:50:03Z</time></trkpt>
<trkpt lat="33.0165371" lon="35.1397572"><ele>639.5</ele><time>2026-06-24T13:50:04Z</time></trkpt>
<trkpt lat="33.0165391" lon="35.1398195"><ele>639.9</ele><time>2026-06-24T13:50:05Z</time></trkpt>
<trkpt lat="33.0165424" lon="35.1398818"><ele>640.4</ele><time>2026-06-24T13:50:06Z</time></trkpt>
<trkpt lat="33.0165484" lon="35.1399441"><ele>640.9</ele><time>2026-06-24T13:50:07Z</time></trkpt>
<trkpt lat="33.016558" lon="35.1400066"><ele>641.5</ele><time>2026-06-24T13:50:08Z</time></trkpt>
<trkpt lat="33.0165714" lon="35.1400687"><ele>642.0</ele><time>2026-06-24T13:50:09Z</time></trkpt>
<trkpt lat="33.0165872" lon="35.1401299"><ele>642.6</ele><time>2026-06-24T13:50:10Z</time></trkpt>
<trkpt lat="33.0166018" lon="35.1401908"><ele>643.2</ele><time>2026-06-24T13:50:11Z</time></trkpt>
<trkpt lat="33.0166121" lon="35.140251"><ele>643.7</ele><time>2026-06-24T13:50:12Z</time></trkpt>
<trkpt lat="33.0166181" lon="35.1403103"><ele>644.3</ele><time>2026-06-24T13:50:13Z</time></trkpt>
<trkpt lat="33.0166213" lon="35.1403691"><ele>644.9</ele><time>2026-06-24T13:50:14Z</time></trkpt>
<trkpt lat="33.0166228" lon="35.1404278"><ele>645.4</ele><time>2026-06-24T13:50:15Z</time></trkpt>
<trkpt lat="33.0166227" lon="35.1404868"><ele>645.9</ele><time>2026-06-24T13:50:16Z</time></trkpt>
<trkpt lat="33.016621" lon="35.1405466"><ele>646.4</ele><time>2026-06-24T13:50:17Z</time></trkpt>
<trkpt lat="33.0166192" lon="35.1406063"><ele>646.8</ele><time>2026-06-24T13:50:18Z</time></trkpt>
<trkpt lat="33.0166182" lon="35.1406658"><ele>647.2</ele><time>2026-06-24T13:50:19Z</time></trkpt>
<trkpt lat="33.0166167" lon="35.1407263"><ele>647.5</ele><time>2026-06-24T13:50:20Z</time></trkpt>
<trkpt lat="33.0166136" lon="35.1407885"><ele>647.8</ele><time>2026-06-24T13:50:21Z</time></trkpt>
<trkpt lat="33.0166084" lon="35.1408507"><ele>648.1</ele><time>2026-06-24T13:50:22Z</time></trkpt>
<trkpt lat="33.0166022" lon="35.1409112"><ele>648.3</ele><time>2026-06-24T13:50:23Z</time></trkpt>
<trkpt lat="33.0165965" lon="35.14097"><ele>648.5</ele><time>2026-06-24T13:50:24Z</time></trkpt>
<trkpt lat="33.0165938" lon="35.1410283"><ele>648.8</ele><time>2026-06-24T13:50:25Z</time></trkpt>
<trkpt lat="33.0165945" lon="35.1410875"><ele>649.1</ele><time>2026-06-24T13:50:26Z</time></trkpt>
<trkpt lat="33.0165967" lon="35.1411467"><ele>649.3</ele><time>2026-06-24T13:50:27Z</time></trkpt>
<trkpt lat="33.0165994" lon="35.141204"><ele>649.6</ele><time>2026-06-24T13:50:28Z</time></trkpt>
<trkpt lat="33.0166013" lon="35.1412585"><ele>650.0</ele><time>2026-06-24T13:50:29Z</time></trkpt>
<trkpt lat="33.0166026" lon="35.1413096"><ele>650.3</ele><time>2026-06-24T13:50:30Z</time></trkpt>
<trkpt lat="33.0166049" lon="35.1413562"><ele>650.7</ele><time>2026-06-24T13:50:31Z</time></trkpt>
<trkpt lat="33.0166095" lon="35.1413998"><ele>651.0</ele><time>2026-06-24T13:50:32Z</time></trkpt>
<trkpt lat="33.016616" lon="35.1414436"><ele>651.4</ele><time>2026-06-24T13:50:33Z</time></trkpt>
<trkpt lat="33.0166229" lon="35.141489"><ele>651.8</ele><time>2026-06-24T13:50:34Z</time></trkpt>
<trkpt lat="33.0166284" lon="35.1415348"><ele>652.2</ele><time>2026-06-24T13:50:35Z</time></trkpt>
<trkpt lat="33.0166325" lon="35.1415817"><ele>652.6</ele><time>2026-06-24T13:50:36Z</time></trkpt>
<trkpt lat="33.0166367" lon="35.1416309"><ele>653.0</ele><time>2026-06-24T13:50:37Z</time></trkpt>
<trkpt lat="33.0166421" lon="35.1416816"><ele>653.4</ele><time>2026-06-24T13:50:38Z</time></trkpt>
<trkpt lat="33.0166489" lon="35.1417338"><ele>653.8</ele><time>2026-06-24T13:50:39Z</time></trkpt>
<trkpt lat="33.0166563" lon="35.1417868"><ele>654.2</ele><time>2026-06-24T13:50:40Z</time></trkpt>
<trkpt lat="33.0166628" lon="35.1418404"><ele>654.6</ele><time>2026-06-24T13:50:41Z</time></trkpt>
<trkpt lat="33.0166674" lon="35.141895"><ele>655.0</ele><time>2026-06-24T13:50:42Z</time></trkpt>
<trkpt lat="33.0166707" lon="35.1419501"><ele>655.4</ele><time>2026-06-24T13:50:43Z</time></trkpt>
<trkpt lat="33.0166739" lon="35.1420048"><ele>655.8</ele><time>2026-06-24T13:50:44Z</time></trkpt>
<trkpt lat="33.016677" lon="35.1420597"><ele>656.2</ele><time>2026-06-24T13:50:45Z</time></trkpt>
<trkpt lat="33.0166797" lon="35.1421134"><ele>656.6</ele><time>2026-06-24T13:50:46Z</time></trkpt>
<trkpt lat="33.0166809" lon="35.1421629"><ele>657.1</ele><time>2026-06-24T13:50:47Z</time></trkpt>
<trkpt lat="33.0166807" lon="35.1422077"><ele>657.5</ele><time>2026-06-24T13:50:48Z</time></trkpt>
<trkpt lat="33.0166802" lon="35.1422489"><ele>657.9</ele><time>2026-06-24T13:50:49Z</time></trkpt>
<trkpt lat="33.0166794" lon="35.1422885"><ele>658.4</ele><time>2026-06-24T13:50:50Z</time></trkpt>
<trkpt lat="33.0166771" lon="35.1423263"><ele>658.8</ele><time>2026-06-24T13:50:51Z</time></trkpt>
<trkpt lat="33.0166721" lon="35.1423619"><ele>659.3</ele><time>2026-06-24T13:50:52Z</time></trkpt>
<trkpt lat="33.0166652" lon="35.1423956"><ele>659.8</ele><time>2026-06-24T13:50:53Z</time></trkpt>
<trkpt lat="33.0166579" lon="35.1424262"><ele>660.2</ele><time>2026-06-24T13:50:54Z</time></trkpt>
<trkpt lat="33.0166508" lon="35.1424539"><ele>660.7</ele><time>2026-06-24T13:50:55Z</time></trkpt>
<trkpt lat="33.0166453" lon="35.1424816"><ele>661.1</ele><time>2026-06-24T13:50:56Z</time></trkpt>
<trkpt lat="33.0166446" lon="35.1425107"><ele>661.6</ele><time>2026-06-24T13:50:57Z</time></trkpt>
<trkpt lat="33.01665" lon="35.142538"><ele>662.0</ele><time>2026-06-24T13:50:58Z</time></trkpt>
<trkpt lat="33.0166608" lon="35.1425625"><ele>662.3</ele><time>2026-06-24T13:50:59Z</time></trkpt>
<trkpt lat="33.0166753" lon="35.1425849"><ele>662.7</ele><time>2026-06-24T13:51:00Z</time></trkpt>
<trkpt lat="33.0166926" lon="35.1426032"><ele>663.0</ele><time>2026-06-24T13:51:01Z</time></trkpt>
<trkpt lat="33.0167128" lon="35.1426153"><ele>663.3</ele><time>2026-06-24T13:51:02Z</time></trkpt>
<trkpt lat="33.0167356" lon="35.1426204"><ele>663.6</ele><time>2026-06-24T13:51:03Z</time></trkpt>
<trkpt lat="33.0167609" lon="35.1426181"><ele>663.8</ele><time>2026-06-24T13:51:04Z</time></trkpt>
<trkpt lat="33.0167897" lon="35.1426089"><ele>664.0</ele><time>2026-06-24T13:51:05Z</time></trkpt>
<trkpt lat="33.0168232" lon="35.1425952"><ele>664.2</ele><time>2026-06-24T13:51:06Z</time></trkpt>
<trkpt lat="33.0168601" lon="35.142579"><ele>664.3</ele><time>2026-06-24T13:51:07Z</time></trkpt>
<trkpt lat="33.0168989" lon="35.1425601"><ele>664.4</ele><time>2026-06-24T13:51:08Z</time></trkpt>
<trkpt lat="33.0169407" lon="35.1425398"><ele>664.5</ele><time>2026-06-24T13:51:09Z</time></trkpt>
<trkpt lat="33.0169853" lon="35.1425193"><ele>664.6</ele><time>2026-06-24T13:51:10Z</time></trkpt>
<trkpt lat="33.0170312" lon="35.1424993"><ele>664.7</ele><time>2026-06-24T13:51:11Z</time></trkpt>
<trkpt lat="33.0170777" lon="35.1424799"><ele>664.7</ele><time>2026-06-24T13:51:12Z</time></trkpt>
<trkpt lat="33.0171248" lon="35.1424612"><ele>664.8</ele><time>2026-06-24T13:51:13Z</time></trkpt>
<trkpt lat="33.017172" lon="35.1424426"><ele>664.8</ele><time>2026-06-24T13:51:14Z</time></trkpt>
<trkpt lat="33.0172191" lon="35.1424227"><ele>664.9</ele><time>2026-06-24T13:51:15Z</time></trkpt>
<trkpt lat="33.0172654" lon="35.142402"><ele>664.9</ele><time>2026-06-24T13:51:16Z</time></trkpt>
<trkpt lat="33.0173103" lon="35.142382"><ele>664.9</ele><time>2026-06-24T13:51:17Z</time></trkpt>
<trkpt lat="33.0173534" lon="35.1423633"><ele>665.0</ele><time>2026-06-24T13:51:18Z</time></trkpt>
<trkpt lat="33.0173951" lon="35.142346"><ele>665.0</ele><time>2026-06-24T13:51:19Z</time></trkpt>
<trkpt lat="33.017436" lon="35.1423307"><ele>665.1</ele><time>2026-06-24T13:51:20Z</time></trkpt>
<trkpt lat="33.0174757" lon="35.1423167"><ele>665.1</ele><time>2026-06-24T13:51:21Z</time></trkpt>
<trkpt lat="33.0175138" lon="35.142303"><ele>665.2</ele><time>2026-06-24T13:51:22Z</time></trkpt>
<trkpt lat="33.017549" lon="35.1422892"><ele>665.3</ele><time>2026-06-24T13:51:23Z</time></trkpt>
<trkpt lat="33.0175816" lon="35.1422762"><ele>665.4</ele><time>2026-06-24T13:51:24Z</time></trkpt>
<trkpt lat="33.0176128" lon="35.1422648"><ele>665.5</ele><time>2026-06-24T13:51:25Z</time></trkpt>
<trkpt lat="33.0176419" lon="35.142254"><ele>665.7</ele><time>2026-06-24T13:51:26Z</time></trkpt>
<trkpt lat="33.0176669" lon="35.1422441"><ele>665.8</ele><time>2026-06-24T13:51:27Z</time></trkpt>
<trkpt lat="33.0176889" lon="35.1422358"><ele>666.0</ele><time>2026-06-24T13:51:28Z</time></trkpt>
<trkpt lat="33.0177096" lon="35.1422283"><ele>666.2</ele><time>2026-06-24T13:51:29Z</time></trkpt>
<trkpt lat="33.0177286" lon="35.142221"><ele>666.3</ele><time>2026-06-24T13:51:30Z</time></trkpt>
<trkpt lat="33.017746" lon="35.1422144"><ele>666.4</ele><time>2026-06-24T13:51:31Z</time></trkpt>
<trkpt lat="33.017762" lon="35.142209"><ele>666.6</ele><time>2026-06-24T13:51:32Z</time></trkpt>
<trkpt lat="33.0177774" lon="35.1422039"><ele>666.7</ele><time>2026-06-24T13:51:33Z</time></trkpt>
<trkpt lat="33.0177927" lon="35.1421986"><ele>666.8</ele><time>2026-06-24T13:51:34Z</time></trkpt>
<trkpt lat="33.0178085" lon="35.1421932"><ele>666.9</ele><time>2026-06-24T13:51:35Z</time></trkpt>
<trkpt lat="33.0178252" lon="35.1421877"><ele>667.0</ele><time>2026-06-24T13:51:36Z</time></trkpt>
<trkpt lat="33.0178425" lon="35.1421821"><ele>667.0</ele><time>2026-06-24T13:51:37Z</time></trkpt>
<trkpt lat="33.0178605" lon="35.1421766"><ele>667.1</ele><time>2026-06-24T13:51:38Z</time></trkpt>
<trkpt lat="33.0178805" lon="35.1421718"><ele>667.1</ele><time>2026-06-24T13:51:39Z</time></trkpt>
<trkpt lat="33.0179034" lon="35.1421687"><ele>667.2</ele><time>2026-06-24T13:51:40Z</time></trkpt>
<trkpt lat="33.0179297" lon="35.1421695"><ele>667.2</ele><time>2026-06-24T13:51:41Z</time></trkpt>
<trkpt lat="33.0179597" lon="35.1421772"><ele>667.3</ele><time>2026-06-24T13:51:42Z</time></trkpt>
<trkpt lat="33.0181638" lon="35.1424526"><ele>667.9</ele><time>2026-06-24T13:51:46Z</time></trkpt>
<trkpt lat="33.0182364" lon="35.1425869"><ele>668.1</ele><time>2026-06-24T13:51:47Z</time></trkpt>
<trkpt lat="33.0183154" lon="35.1427433"><ele>668.2</ele><time>2026-06-24T13:51:48Z</time></trkpt>
<trkpt lat="33.0184004" lon="35.1429211"><ele>668.5</ele><time>2026-06-24T13:51:49Z</time></trkpt>
<trkpt lat="33.0184644" lon="35.1430891"><ele>668.8</ele><time>2026-06-24T13:51:50Z</time></trkpt>
<trkpt lat="33.0185015" lon="35.1432306"><ele>669.4</ele><time>2026-06-24T13:51:51Z</time></trkpt>
<trkpt lat="33.0185444" lon="35.1433969"><ele>670.2</ele><time>2026-06-24T13:51:52Z</time></trkpt>
<trkpt lat="33.0186149" lon="35.143661"><ele>671.4</ele><time>2026-06-24T13:51:53Z</time></trkpt>
<trkpt lat="33.0187286" lon="35.1440793"><ele>673.0</ele><time>2026-06-24T13:51:54Z</time></trkpt>
<trkpt lat="33.0188897" lon="35.1446749"><ele>675.1</ele><time>2026-06-24T13:51:55Z</time></trkpt>
<trkpt lat="33.0190875" lon="35.1454269"><ele>677.6</ele><time>2026-06-24T13:51:56Z</time></trkpt>
<trkpt lat="33.0192976" lon="35.1462742"><ele>680.4</ele><time>2026-06-24T13:51:57Z</time></trkpt>
<trkpt lat="33.0194791" lon="35.1471057"><ele>683.2</ele><time>2026-06-24T13:51:58Z</time></trkpt>
<trkpt lat="33.0195599" lon="35.1478144"><ele>685.5</ele><time>2026-06-24T13:51:59Z</time></trkpt>
<trkpt lat="33.0194546" lon="35.1484737"><ele>686.2</ele><time>2026-06-24T13:52:00Z</time></trkpt>
<trkpt lat="33.0189883" lon="35.1492813"><ele>684.1</ele><time>2026-06-24T13:52:01Z</time></trkpt>
<trkpt lat="33.0177392" lon="35.1504215"><ele>677.0</ele><time>2026-06-24T13:52:02Z</time></trkpt>
<trkpt lat="33.0148116" lon="35.1522167"><ele>662.1</ele><time>2026-06-24T13:52:03Z</time></trkpt>
<trkpt lat="33.0084103" lon="35.1553693"><ele>636.0</ele><time>2026-06-24T13:52:04Z</time></trkpt>
<trkpt lat="32.9958048" lon="35.1610244"><ele>594.5</ele><time>2026-06-24T13:52:05Z</time></trkpt>
<trkpt lat="32.9738168" lon="35.1705404"><ele>533.6</ele><time>2026-06-24T13:52:06Z</time></trkpt>
<trkpt lat="32.9336755" lon="35.1893717"><ele>451.6</ele><time>2026-06-24T13:52:07Z</time></trkpt>
<trkpt lat="32.7088232" lon="35.3334276"><ele>310.8</ele><time>2026-06-24T13:52:09Z</time></trkpt>
<trkpt lat="31.753134" lon="35.9742539"><ele>983.3</ele><time>2026-06-24T13:52:18Z</time></trkpt>
<trkpt lat="31.749596" lon="35.9767157"><ele>913.2</ele><time>2026-06-24T13:52:19Z</time></trkpt>
<trkpt lat="31.748477" lon="35.9774951"><ele>856.9</ele><time>2026-06-24T13:52:20Z</time></trkpt>
<trkpt lat="31.7477937" lon="35.9779712"><ele>811.0</ele><time>2026-06-24T13:52:21Z</time></trkpt>
<trkpt lat="31.7471931" lon="35.9783896"><ele>777.3</ele><time>2026-06-24T13:52:22Z</time></trkpt>
<trkpt lat="31.7466294" lon="35.9787824"><ele>752.9</ele><time>2026-06-24T13:52:23Z</time></trkpt>
<trkpt lat="31.7461873" lon="35.9790904"><ele>736.9</ele><time>2026-06-24T13:52:24Z</time></trkpt>
<trkpt lat="31.7458854" lon="35.9793007"><ele>727.3</ele><time>2026-06-24T13:52:25Z</time></trkpt>
<trkpt lat="31.7456488" lon="35.9794656"><ele>722.3</ele><time>2026-06-24T13:52:26Z</time></trkpt>
<trkpt lat="31.7430063" lon="35.9813073"><ele>720.7</ele><time>2026-06-24T13:52:27Z</time></trkpt>
<trkpt lat="31.7371047" lon="35.9854202"><ele>721.2</ele><time>2026-06-24T13:52:28Z</time></trkpt>
<trkpt lat="31.7295694" lon="35.9906717"><ele>723.6</ele><time>2026-06-24T13:52:29Z</time></trkpt>
<trkpt lat="31.723898" lon="35.9946246"><ele>726.4</ele><time>2026-06-24T13:52:30Z</time></trkpt>
<trkpt lat="31.7198645" lon="35.997436"><ele>729.4</ele><time>2026-06-24T13:52:31Z</time></trkpt>
<trkpt lat="31.7174882" lon="35.9990926"><ele>732.3</ele><time>2026-06-24T13:52:32Z</time></trkpt>
<trkpt lat="31.7163956" lon="35.9998542"><ele>735.1</ele><time>2026-06-24T13:52:33Z</time></trkpt>
<trkpt lat="31.7161284" lon="36.00004"><ele>737.5</ele><time>2026-06-24T13:52:34Z</time></trkpt>
<trkpt lat="31.7162944" lon="35.9999233"><ele>739.6</ele><time>2026-06-24T13:52:35Z</time></trkpt>
<trkpt lat="31.7166115" lon="35.9997007"><ele>741.4</ele><time>2026-06-24T13:52:36Z</time></trkpt>
<trkpt lat="31.7168956" lon="35.9995003"><ele>742.9</ele><time>2026-06-24T13:52:37Z</time></trkpt>
<trkpt lat="31.7170263" lon="35.9994057"><ele>744.2</ele><time>2026-06-24T13:52:38Z</time></trkpt>
<trkpt lat="31.7170419" lon="35.9993923"><ele>745.2</ele><time>2026-06-24T13:52:39Z</time></trkpt>
<trkpt lat="31.7170429" lon="35.9993909"><ele>746.0</ele><time>2026-06-24T13:52:40Z</time></trkpt>
<trkpt lat="31.7170434" lon="35.9993905"><ele>746.7</ele><time>2026-06-24T13:52:41Z</time></trkpt>
<trkpt lat="31.7170437" lon="35.9993903"><ele>747.4</ele><time>2026-06-24T13:52:42Z</time></trkpt>
<trkpt lat="31.7170445" lon="35.9993895"><ele>748.1</ele><time>2026-06-24T13:52:43Z</time></trkpt>
<trkpt lat="31.7170453" lon="35.9993886"><ele>748.9</ele><time>2026-06-24T13:52:44Z</time></trkpt>
<trkpt lat="31.7170458" lon="35.9993881"><ele>749.8</ele><time>2026-06-24T13:52:45Z</time></trkpt>
<trkpt lat="31.7170497" lon="35.9993841"><ele>750.7</ele><time>2026-06-24T13:52:46Z</time></trkpt>
<trkpt lat="31.7170543" lon="35.999377"><ele>751.6</ele><time>2026-06-24T13:52:47Z</time></trkpt>
<trkpt lat="31.7170572" lon="35.9993709"><ele>752.4</ele><time>2026-06-24T13:52:48Z</time></trkpt>
<trkpt lat="31.7170623" lon="35.9993646"><ele>753.1</ele><time>2026-06-24T13:52:49Z</time></trkpt>
<trkpt lat="31.7170687" lon="35.9993581"><ele>753.6</ele><time>2026-06-24T13:52:50Z</time></trkpt>
<trkpt lat="31.717072" lon="35.9993548"><ele>754.1</ele><time>2026-06-24T13:52:51Z</time></trkpt>
<trkpt lat="31.7170727" lon="35.9993537"><ele>754.5</ele><time>2026-06-24T13:52:52Z</time></trkpt>
<trkpt lat="31.7170734" lon="35.9993527"><ele>754.8</ele><time>2026-06-24T13:52:53Z</time></trkpt>
<trkpt lat="31.717074" lon="35.9993518"><ele>755.2</ele><time>2026-06-24T13:52:54Z</time></trkpt>
<trkpt lat="31.7170746" lon="35.9993511"><ele>755.5</ele><time>2026-06-24T13:52:55Z</time></trkpt>
<trkpt lat="31.7170748" lon="35.9993509"><ele>755.8</ele><time>2026-06-24T13:52:56Z</time></trkpt>
<trkpt lat="31.7170749" lon="35.9993507"><ele>756.2</ele><time>2026-06-24T13:52:57Z</time></trkpt>
<trkpt lat="31.7170751" lon="35.9993506"><ele>756.5</ele><time>2026-06-24T13:52:58Z</time></trkpt>
<trkpt lat="31.7170752" lon="35.9993504"><ele>756.8</ele><time>2026-06-24T13:52:59Z</time></trkpt>
<trkpt lat="31.7170754" lon="35.9993498"><ele>757.0</ele><time>2026-06-24T13:53:00Z</time></trkpt>
<trkpt lat="31.7170758" lon="35.9993489"><ele>757.3</ele><time>2026-06-24T13:53:01Z</time></trkpt>
<trkpt lat="31.7170774" lon="35.9993457"><ele>757.6</ele><time>2026-06-24T13:53:02Z</time></trkpt>
<trkpt lat="31.7170843" lon="35.9993322"><ele>758.7</ele><time>2026-06-24T13:53:06Z</time></trkpt>
<trkpt lat="31.717085" lon="35.9993307"><ele>759.0</ele><time>2026-06-24T13:53:07Z</time></trkpt>
<trkpt lat="31.717086" lon="35.9993287"><ele>759.3</ele><time>2026-06-24T13:53:08Z</time></trkpt>
<trkpt lat="31.7170873" lon="35.9993267"><ele>759.5</ele><time>2026-06-24T13:53:09Z</time></trkpt>
<trkpt lat="31.7170881" lon="35.9993254"><ele>759.7</ele><time>2026-06-24T13:53:10Z</time></trkpt>
<trkpt lat="31.7170886" lon="35.9993248"><ele>759.9</ele><time>2026-06-24T13:53:11Z</time></trkpt>
<trkpt lat="31.7170894" lon="35.9993239"><ele>760.1</ele><time>2026-06-24T13:53:12Z</time></trkpt>
<trkpt lat="31.7170905" lon="35.9993228"><ele>760.2</ele><time>2026-06-24T13:53:13Z</time></trkpt>
<trkpt lat="31.7170913" lon="35.9993222"><ele>760.3</ele><time>2026-06-24T13:53:14Z</time></trkpt>
<trkpt lat="31.717092" lon="35.9993218"><ele>760.3</ele><time>2026-06-24T13:53:15Z</time></trkpt>
<trkpt lat="31.7170932" lon="35.9993213"><ele>760.3</ele><time>2026-06-24T13:53:16Z</time></trkpt>
<trkpt lat="31.7170946" lon="35.9993206"><ele>760.3</ele><time>2026-06-24T13:53:17Z</time></trkpt>
<trkpt lat="31.7170962" lon="35.9993191"><ele>760.2</ele><time>2026-06-24T13:53:18Z</time></trkpt>
<trkpt lat="31.7170976" lon="35.9993172"><ele>760.1</ele><time>2026-06-24T13:53:19Z</time></trkpt>
<trkpt lat="31.7170982" lon="35.9993162"><ele>760.1</ele><time>2026-06-24T13:53:20Z</time></trkpt>
<trkpt lat="31.7170984" lon="35.9993159"><ele>760.0</ele><time>2026-06-24T13:53:21Z</time></trkpt>
<trkpt lat="31.7170986" lon="35.9993156"><ele>759.9</ele><time>2026-06-24T13:53:22Z</time></trkpt>
<trkpt lat="31.7170991" lon="35.9993149"><ele>759.9</ele><time>2026-06-24T13:53:23Z</time></trkpt>
<trkpt lat="31.7170997" lon="35.9993141"><ele>759.9</ele><time>2026-06-24T13:53:24Z</time></trkpt>
<trkpt lat="31.7171002" lon="35.9993134"><ele>759.8</ele><time>2026-06-24T13:53:25Z</time></trkpt>
<trkpt lat="31.7171008" lon="35.9993129"><ele>759.8</ele><time>2026-06-24T13:53:26Z</time></trkpt>
<trkpt lat="31.7171012" lon="35.9993125"><ele>759.7</ele><time>2026-06-24T13:53:27Z</time></trkpt>
<trkpt lat="31.7171014" lon="35.9993124"><ele>759.6</ele><time>2026-06-24T13:53:28Z</time></trkpt>
<trkpt lat="31.7171016" lon="35.9993121"><ele>759.5</ele><time>2026-06-24T13:53:29Z</time></trkpt>
<trkpt lat="31.717102" lon="35.9993118"><ele>759.4</ele><time>2026-06-24T13:53:30Z</time></trkpt>
<trkpt lat="31.7171022" lon="35.9993116"><ele>759.2</ele><time>2026-06-24T13:53:31Z</time></trkpt>
<trkpt lat="31.7171023" lon="35.9993116"><ele>759.1</ele><time>2026-06-24T13:53:32Z</time></trkpt>
<trkpt lat="31.7171024" lon="35.9993117"><ele>759.0</ele><time>2026-06-24T13:53:33Z</time></trkpt>
<trkpt lat="31.7171032" lon="35.9993157"><ele>759.0</ele><time>2026-06-24T13:53:36Z</time></trkpt>
<trkpt lat="31.7171049" lon="35.9993244"><ele>759.2</ele><time>2026-06-24T13:53:39Z</time></trkpt>
<trkpt lat="31.7171057" lon="35.9993276"><ele>759.3</ele><time>2026-06-24T13:53:41Z</time></trkpt>
<trkpt lat="31.7171061" lon="35.9993274"><ele>759.2</ele><time>2026-06-24T13:53:43Z</time></trkpt>
<trkpt lat="31.7171062" lon="35.9993273"><ele>759.2</ele><time>2026-06-24T13:53:44Z</time></trkpt>
<trkpt lat="31.7171063" lon="35.9993278"><ele>759.1</ele><time>2026-06-24T13:53:45Z</time></trkpt>
<trkpt lat="31.7171059" lon="35.9993301"><ele>759.1</ele><time>2026-06-24T13:53:46Z</time></trkpt>
<trkpt lat="31.7171057" lon="35.9993326"><ele>759.1</ele><time>2026-06-24T13:53:48Z</time></trkpt>
<trkpt lat="31.717106" lon="35.9993319"><ele>759.1</ele><time>2026-06-24T13:53:49Z</time></trkpt>
<trkpt lat="31.7171061" lon="35.9993318"><ele>759.1</ele><time>2026-06-24T13:53:50Z</time></trkpt>
<trkpt lat="31.7171066" lon="35.999331"><ele>759.1</ele><time>2026-06-24T13:53:51Z</time></trkpt>
<trkpt lat="31.7171069" lon="35.999331"><ele>759.1</ele><time>2026-06-24T13:53:52Z</time></trkpt>
<trkpt lat="31.7171067" lon="35.9993326"><ele>759.1</ele><time>2026-06-24T13:53:53Z</time></trkpt>
<trkpt lat="31.7171068" lon="35.999333"><ele>759.1</ele><time>2026-06-24T13:53:54Z</time></trkpt>
<trkpt lat="31.7171078" lon="35.9993321"><ele>759.1</ele><time>2026-06-24T13:53:55Z</time></trkpt>
<trkpt lat="31.7171086" lon="35.9993312"><ele>759.2</ele><time>2026-06-24T13:53:56Z</time></trkpt>
<trkpt lat="31.7171087" lon="35.999332"><ele>759.2</ele><time>2026-06-24T13:53:57Z</time></trkpt>
<trkpt lat="31.7171083" lon="35.9993352"><ele>759.5</ele><time>2026-06-24T13:53:59Z</time></trkpt>
<trkpt lat="31.7171081" lon="35.999336"><ele>759.6</ele><time>2026-06-24T13:54:00Z</time></trkpt>
<trkpt lat="31.7171082" lon="35.9993361"><ele>759.8</ele><time>2026-06-24T13:54:01Z</time></trkpt>
<trkpt lat="31.7171081" lon="35.9993366"><ele>759.9</ele><time>2026-06-24T13:54:02Z</time></trkpt>
<trkpt lat="31.7171082" lon="35.9993368"><ele>760.0</ele><time>2026-06-24T13:54:03Z</time></trkpt>
<trkpt lat="31.7171083" lon="35.9993369"><ele>760.1</ele><time>2026-06-24T13:54:04Z</time></trkpt>
<trkpt lat="31.7171083" lon="35.9993374"><ele>760.2</ele><time>2026-06-24T13:54:05Z</time></trkpt>
<trkpt lat="31.7171086" lon="35.9993371"><ele>760.4</ele><time>2026-06-24T13:54:07Z</time></trkpt>
<trkpt lat="31.7171088" lon="35.9993369"><ele>760.4</ele><time>2026-06-24T13:54:08Z</time></trkpt>
<trkpt lat="31.7171088" lon="35.9993369"><ele>760.4</ele><time>2026-06-24T13:54:09Z</time></trkpt>
<trkpt lat="31.717109" lon="35.9993366"><ele>760.4</ele><time>2026-06-24T13:54:10Z</time></trkpt>
<trkpt lat="31.7171094" lon="35.999336"><ele>760.3</ele><time>2026-06-24T13:54:11Z</time></trkpt>
<trkpt lat="31.7171095" lon="35.9993358"><ele>760.3</ele><time>2026-06-24T13:54:12Z</time></trkpt>
<trkpt lat="31.7171095" lon="35.9993358"><ele>760.2</ele><time>2026-06-24T13:54:13Z</time></trkpt>
<trkpt lat="31.7171095" lon="35.9993357"><ele>760.2</ele><time>2026-06-24T13:54:14Z</time></trkpt>
<trkpt lat="31.7171096" lon="35.9993356"><ele>760.2</ele><time>2026-06-24T13:54:15Z</time></trkpt>
<trkpt lat="31.71711" lon="35.9993352"><ele>760.2</ele><time>2026-06-24T13:54:16Z</time></trkpt>
<trkpt lat="31.7171105" lon="35.9993346"><ele>760.3</ele><time>2026-06-24T13:54:17Z</time></trkpt>
<trkpt lat="31.7171107" lon="35.9993345"><ele>760.6</ele><time>2026-06-24T13:54:18Z</time></trkpt>
<trkpt lat="31.7171106" lon="35.9993346"><ele>761.0</ele><time>2026-06-24T13:54:19Z</time></trkpt>
<trkpt lat="31.7171106" lon="35.9993348"><ele>761.6</ele><time>2026-06-24T13:54:20Z</time></trkpt>
<trkpt lat="31.7171115" lon="35.9993342"><ele>762.4</ele><time>2026-06-24T13:54:21Z</time></trkpt>
<trkpt lat="31.7171118" lon="35.9993342"><ele>763.4</ele><time>2026-06-24T13:54:22Z</time></trkpt>
<trkpt lat="31.7171112" lon="35.9993351"><ele>764.7</ele><time>2026-06-24T13:54:23Z</time></trkpt>
<trkpt lat="31.7171112" lon="35.9993345"><ele>766.2</ele><time>2026-06-24T13:54:24Z</time></trkpt>
<trkpt lat="31.7171108" lon="35.9993349"><ele>767.8</ele><time>2026-06-24T13:54:25Z</time></trkpt>
<trkpt lat="31.7171071" lon="35.9993422"><ele>769.4</ele><time>2026-06-24T13:54:26Z</time></trkpt>
<trkpt lat="31.7170914" lon="35.9993754"><ele>772.9</ele><time>2026-06-24T13:54:28Z</time></trkpt>
<trkpt lat="31.7170817" lon="35.9993994"><ele>776.3</ele><time>2026-06-24T13:54:30Z</time></trkpt>
<trkpt lat="31.7170833" lon="35.9993984"><ele>777.8</ele><time>2026-06-24T13:54:31Z</time></trkpt>
<trkpt lat="31.7170877" lon="35.9993907"><ele>779.4</ele><time>2026-06-24T13:54:32Z</time></trkpt>
<trkpt lat="31.7170929" lon="35.9993807"><ele>781.0</ele><time>2026-06-24T13:54:33Z</time></trkpt>
<trkpt lat="31.7170954" lon="35.9993756"><ele>782.7</ele><time>2026-06-24T13:54:34Z</time></trkpt>
<trkpt lat="31.7170956" lon="35.9993751"><ele>784.4</ele><time>2026-06-24T13:54:35Z</time></trkpt>
<trkpt lat="31.7170957" lon="35.9993749"><ele>786.0</ele><time>2026-06-24T13:54:36Z</time></trkpt>
<trkpt lat="31.7170958" lon="35.9993746"><ele>787.5</ele><time>2026-06-24T13:54:37Z</time></trkpt>
<trkpt lat="31.7170958" lon="35.9993746"><ele>788.8</ele><time>2026-06-24T13:54:38Z</time></trkpt>
<trkpt lat="31.7170958" lon="35.9993746"><ele>789.9</ele><time>2026-06-24T13:54:39Z</time></trkpt>
<trkpt lat="31.717096" lon="35.9993742"><ele>790.8</ele><time>2026-06-24T13:54:40Z</time></trkpt>
<trkpt lat="31.7170962" lon="35.999374"><ele>791.4</ele><time>2026-06-24T13:54:41Z</time></trkpt>
<trkpt lat="31.7170961" lon="35.9993741"><ele>791.9</ele><time>2026-06-24T13:54:42Z</time></trkpt>
<trkpt lat="31.7170961" lon="35.9993742"><ele>792.3</ele><time>2026-06-24T13:54:43Z</time></trkpt>
<trkpt lat="31.7170962" lon="35.9993739"><ele>792.5</ele><time>2026-06-24T13:54:44Z</time></trkpt>
<trkpt lat="31.7170964" lon="35.9993737"><ele>792.6</ele><time>2026-06-24T13:54:45Z</time></trkpt>
<trkpt lat="31.7170963" lon="35.999374"><ele>792.7</ele><time>2026-06-24T13:54:46Z</time></trkpt>
<trkpt lat="31.717096" lon="35.9993748"><ele>792.7</ele><time>2026-06-24T13:54:47Z</time></trkpt>
<trkpt lat="31.7170953" lon="35.9993762"><ele>792.7</ele><time>2026-06-24T13:54:48Z</time></trkpt>
<trkpt lat="31.7170949" lon="35.9993773"><ele>792.7</ele><time>2026-06-24T13:54:49Z</time></trkpt>
<trkpt lat="31.7170954" lon="35.9993761"><ele>792.8</ele><time>2026-06-24T13:54:50Z</time></trkpt>
<trkpt lat="31.7170974" lon="35.9993726"><ele>792.8</ele><time>2026-06-24T13:54:51Z</time></trkpt>
<trkpt lat="31.7170997" lon="35.9993693"><ele>792.9</ele><time>2026-06-24T13:54:52Z</time></trkpt>
<trkpt lat="31.7171011" lon="35.9993681"><ele>793.0</ele><time>2026-06-24T13:54:53Z</time></trkpt>
<trkpt lat="31.7171037" lon="35.999365"><ele>793.5</ele><time>2026-06-24T13:54:55Z</time></trkpt>
<trkpt lat="31.7171061" lon="35.9993613"><ele>793.8</ele><time>2026-06-24T13:54:56Z</time></trkpt>
<trkpt lat="31.7171078" lon="35.9993586"><ele>794.1</ele><time>2026-06-24T13:54:57Z</time></trkpt>
<trkpt lat="31.7171081" lon="35.9993581"><ele>794.5</ele><time>2026-06-24T13:54:58Z</time></trkpt>
<trkpt lat="31.7171081" lon="35.9993583"><ele>795.0</ele><time>2026-06-24T13:54:59Z</time></trkpt>
<trkpt lat="31.7171068" lon="35.9993615"><ele>796.1</ele><time>2026-06-24T13:55:01Z</time></trkpt>
<trkpt lat="31.7171062" lon="35.999363"><ele>796.7</ele><time>2026-06-24T13:55:02Z</time></trkpt>
<trkpt lat="31.7171061" lon="35.9993631"><ele>797.3</ele><time>2026-06-24T13:55:03Z</time></trkpt>
<trkpt lat="31.7171061" lon="35.9993632"><ele>797.9</ele><time>2026-06-24T13:55:04Z</time></trkpt>
<trkpt lat="31.717106" lon="35.9993634"><ele>798.4</ele><time>2026-06-24T13:55:05Z</time></trkpt>
<trkpt lat="31.7171059" lon="35.9993636"><ele>798.8</ele><time>2026-06-24T13:55:06Z</time></trkpt>
<trkpt lat="31.7171058" lon="35.9993638"><ele>799.3</ele><time>2026-06-24T13:55:07Z</time></trkpt>
<trkpt lat="31.7171057" lon="35.9993641"><ele>799.6</ele><time>2026-06-24T13:55:08Z</time></trkpt>
<trkpt lat="31.7171056" lon="35.9993644"><ele>800.1</ele><time>2026-06-24T13:55:10Z</time></trkpt>
<trkpt lat="31.7171056" lon="35.9993644"><ele>800.2</ele><time>2026-06-24T13:55:11Z</time></trkpt>
<trkpt lat="31.7171057" lon="35.9993643"><ele>800.3</ele><time>2026-06-24T13:55:12Z</time></trkpt>
<trkpt lat="31.7171058" lon="35.9993641"><ele>800.3</ele><time>2026-06-24T13:55:13Z</time></trkpt>
<trkpt lat="31.7171059" lon="35.9993639"><ele>800.3</ele><time>2026-06-24T13:55:14Z</time></trkpt>
<trkpt lat="31.7171059" lon="35.9993639"><ele>800.2</ele><time>2026-06-24T13:55:15Z</time></trkpt>
<trkpt lat="31.7171059" lon="35.9993639"><ele>800.1</ele><time>2026-06-24T13:55:16Z</time></trkpt>
<trkpt lat="31.7171059" lon="35.9993639"><ele>800.1</ele><time>2026-06-24T13:55:17Z</time></trkpt>
<trkpt lat="31.7171059" lon="35.9993639"><ele>800.0</ele><time>2026-06-24T13:55:18Z</time></trkpt>
<trkpt lat="31.7171059" lon="35.9993638"><ele>799.9</ele><time>2026-06-24T13:55:19Z</time></trkpt>
<trkpt lat="31.717106" lon="35.9993637"><ele>799.8</ele><time>2026-06-24T13:55:20Z</time></trkpt>
<trkpt lat="31.717106" lon="35.9993637"><ele>799.7</ele><time>2026-06-24T13:55:21Z</time></trkpt>
<trkpt lat="31.717106" lon="35.9993637"><ele>799.7</ele><time>2026-06-24T13:55:22Z</time></trkpt>
<trkpt lat="31.7171061" lon="35.9993635"><ele>799.6</ele><time>2026-06-24T13:55:23Z</time></trkpt>
<trkpt lat="31.7171054" lon="35.999365"><ele>799.5</ele><time>2026-06-24T13:55:24Z</time></trkpt>
<trkpt lat="31.7171046" lon="35.9993665"><ele>799.4</ele><time>2026-06-24T13:55:25Z</time></trkpt>
<trkpt lat="31.7171046" lon="35.9993664"><ele>799.4</ele><time>2026-06-24T13:55:26Z</time></trkpt>
<trkpt lat="31.7171048" lon="35.9993662"><ele>799.3</ele><time>2026-06-24T13:55:27Z</time></trkpt>
<trkpt lat="31.7171048" lon="35.999366"><ele>799.2</ele><time>2026-06-24T13:55:28Z</time></trkpt>
<trkpt lat="31.7171049" lon="35.999366"><ele>799.2</ele><time>2026-06-24T13:55:29Z</time></trkpt>
<trkpt lat="31.7171049" lon="35.9993659"><ele>799.1</ele><time>2026-06-24T13:55:30Z</time></trkpt>
<trkpt lat="31.7171049" lon="35.9993659"><ele>799.0</ele><time>2026-06-24T13:55:31Z</time></trkpt>
<trkpt lat="31.7171049" lon="35.9993659"><ele>799.0</ele><time>2026-06-24T13:55:32Z</time></trkpt>
<trkpt lat="31.7171049" lon="35.9993659"><ele>798.9</ele><time>2026-06-24T13:55:33Z</time></trkpt>
<trkpt lat="31.7171054" lon="35.9993653"><ele>798.8</ele><time>2026-06-24T13:55:34Z</time></trkpt>
<trkpt lat="31.7171059" lon="35.9993648"><ele>798.8</ele><time>2026-06-24T13:55:35Z</time></trkpt>
<trkpt lat="31.717106" lon="35.9993646"><ele>798.7</ele><time>2026-06-24T13:55:36Z</time></trkpt>
<trkpt lat="31.7171062" lon="35.9993643"><ele>798.7</ele><time>2026-06-24T13:55:37Z</time></trkpt>
<trkpt lat="31.7171066" lon="35.9993638"><ele>798.6</ele><time>2026-06-24T13:55:38Z</time></trkpt>
<trkpt lat="31.7171069" lon="35.9993634"><ele>798.6</ele><time>2026-06-24T13:55:39Z</time></trkpt>
<trkpt lat="31.717107" lon="35.9993634"><ele>798.6</ele><time>2026-06-24T13:55:40Z</time></trkpt>
<trkpt lat="31.7171072" lon="35.9993632"><ele>798.5</ele><time>2026-06-24T13:55:41Z</time></trkpt>
<trkpt lat="31.7171075" lon="35.9993628"><ele>798.5</ele><time>2026-06-24T13:55:42Z</time></trkpt>
<trkpt lat="31.7171078" lon="35.9993625"><ele>798.5</ele><time>2026-06-24T13:55:43Z</time></trkpt>
<trkpt lat="31.7171079" lon="35.9993625"><ele>798.5</ele><time>2026-06-24T13:55:44Z</time></trkpt>
<trkpt lat="31.7171079" lon="35.9993624"><ele>798.5</ele><time>2026-06-24T13:55:45Z</time></trkpt>
<trkpt lat="31.717108" lon="35.9993624"><ele>798.5</ele><time>2026-06-24T13:55:46Z</time></trkpt>
<trkpt lat="31.7171081" lon="35.9993623"><ele>798.5</ele><time>2026-06-24T13:55:47Z</time></trkpt>
<trkpt lat="31.717108" lon="35.9993625"><ele>798.5</ele><time>2026-06-24T13:55:48Z</time></trkpt>
<trkpt lat="31.717108" lon="35.9993627"><ele>798.5</ele><time>2026-06-24T13:55:49Z</time></trkpt>
<trkpt lat="31.717108" lon="35.9993628"><ele>798.5</ele><time>2026-06-24T13:55:50Z</time></trkpt>
<trkpt lat="31.7171079" lon="35.999363"><ele>798.5</ele><time>2026-06-24T13:55:51Z</time></trkpt>
<trkpt lat="31.7171079" lon="35.9993631"><ele>798.5</ele><time>2026-06-24T13:55:52Z</time></trkpt>
<trkpt lat="31.7171077" lon="35.9993634"><ele>798.5</ele><time>2026-06-24T13:55:53Z</time></trkpt>
<trkpt lat="31.7171076" lon="35.9993637"><ele>798.5</ele><time>2026-06-24T13:55:54Z</time></trkpt>
<trkpt lat="31.7171075" lon="35.9993639"><ele>798.4</ele><time>2026-06-24T13:55:55Z</time></trkpt>
<trkpt lat="31.7171074" lon="35.9993641"><ele>798.4</ele><time>2026-06-24T13:55:56Z</time></trkpt>
<trkpt lat="31.7171074" lon="35.9993642"><ele>798.4</ele><time>2026-06-24T13:55:57Z</time></trkpt>
<trkpt lat="31.7171074" lon="35.9993641"><ele>798.4</ele><time>2026-06-24T13:55:58Z</time></trkpt>
<trkpt lat="31.7171075" lon="35.9993641"><ele>798.4</ele><time>2026-06-24T13:55:59Z</time></trkpt>
<trkpt lat="31.7171076" lon="35.9993639"><ele>798.3</ele><time>2026-06-24T13:56:00Z</time></trkpt>
<trkpt lat="31.7171078" lon="35.9993637"><ele>798.3</ele><time>2026-06-24T13:56:01Z</time></trkpt>
<trkpt lat="31.7171081" lon="35.9993633"><ele>798.3</ele><time>2026-06-24T13:56:02Z</time></trkpt>
<trkpt lat="31.7171087" lon="35.9993625"><ele>798.3</ele><time>2026-06-24T13:56:03Z</time></trkpt>
<trkpt lat="31.7171093" lon="35.9993618"><ele>798.2</ele><time>2026-06-24T13:56:04Z</time></trkpt>
<trkpt lat="31.7171091" lon="35.999362"><ele>798.3</ele><time>2026-06-24T13:56:05Z</time></trkpt>
<trkpt lat="31.7171085" lon="35.9993625"><ele>798.3</ele><time>2026-06-24T13:56:06Z</time></trkpt>
<trkpt lat="31.7171025" lon="35.9993653"><ele>798.6</ele><time>2026-06-24T13:56:09Z</time></trkpt>
<trkpt lat="31.7171007" lon="35.9993658"><ele>798.6</ele><time>2026-06-24T13:56:10Z</time></trkpt>
<trkpt lat="31.7171004" lon="35.9993655"><ele>798.7</ele><time>2026-06-24T13:56:11Z</time></trkpt>
<trkpt lat="31.7171003" lon="35.9993651"><ele>798.7</ele><time>2026-06-24T13:56:12Z</time></trkpt>
<trkpt lat="31.7171004" lon="35.9993642"><ele>798.7</ele><time>2026-06-24T13:56:13Z</time></trkpt>
<trkpt lat="31.7171008" lon="35.999363"><ele>798.7</ele><time>2026-06-24T13:56:14Z</time></trkpt>
<trkpt lat="31.7171011" lon="35.9993623"><ele>798.8</ele><time>2026-06-24T13:56:15Z</time></trkpt>
<trkpt lat="31.7171009" lon="35.9993607"><ele>799.4</ele><time>2026-06-24T13:56:19Z</time></trkpt>
<trkpt lat="31.7171011" lon="35.99936"><ele>799.5</ele><time>2026-06-24T13:56:20Z</time></trkpt>
<trkpt lat="31.7171012" lon="35.9993594"><ele>799.6</ele><time>2026-06-24T13:56:21Z</time></trkpt>
<trkpt lat="31.7171013" lon="35.9993589"><ele>799.7</ele><time>2026-06-24T13:56:22Z</time></trkpt>
<trkpt lat="31.7171016" lon="35.9993583"><ele>799.7</ele><time>2026-06-24T13:56:23Z</time></trkpt>
<trkpt lat="31.7171016" lon="35.9993581"><ele>799.8</ele><time>2026-06-24T13:56:24Z</time></trkpt>
<trkpt lat="31.7171017" lon="35.999358"><ele>799.8</ele><time>2026-06-24T13:56:25Z</time></trkpt>
<trkpt lat="31.7171018" lon="35.9993578"><ele>799.9</ele><time>2026-06-24T13:56:26Z</time></trkpt>
<trkpt lat="31.7171019" lon="35.9993574"><ele>799.9</ele><time>2026-06-24T13:56:27Z</time></trkpt>
<trkpt lat="31.717102" lon="35.9993572"><ele>799.9</ele><time>2026-06-24T13:56:28Z</time></trkpt>
<trkpt lat="31.717102" lon="35.9993571"><ele>800.0</ele><time>2026-06-24T13:56:29Z</time></trkpt>
<trkpt lat="31.7171021" lon="35.999357"><ele>800.0</ele><time>2026-06-24T13:56:30Z</time></trkpt>
<trkpt lat="31.7171022" lon="35.9993567"><ele>800.0</ele><time>2026-06-24T13:56:31Z</time></trkpt>
<trkpt lat="31.7171025" lon="35.9993561"><ele>800.0</ele><time>2026-06-24T13:56:32Z</time></trkpt>
<trkpt lat="31.7171027" lon="35.9993555"><ele>800.0</ele><time>2026-06-24T13:56:33Z</time></trkpt>
<trkpt lat="31.7171029" lon="35.9993551"><ele>800.1</ele><time>2026-06-24T13:56:34Z</time></trkpt>
<trkpt lat="31.7171035" lon="35.9993541"><ele>800.1</ele><time>2026-06-24T13:56:35Z</time></trkpt>
<trkpt lat="31.717104" lon="35.9993533"><ele>800.1</ele><time>2026-06-24T13:56:36Z</time></trkpt>
<trkpt lat="31.7171043" lon="35.999353"><ele>800.1</ele><time>2026-06-24T13:56:37Z</time></trkpt>
<trkpt lat="31.7171044" lon="35.9993527"><ele>800.2</ele><time>2026-06-24T13:56:38Z</time></trkpt>
<trkpt lat="31.7171045" lon="35.9993526"><ele>800.2</ele><time>2026-06-24T13:56:39Z</time></trkpt>
<trkpt lat="31.7171045" lon="35.9993526"><ele>800.2</ele><time>2026-06-24T13:56:40Z</time></trkpt>
<trkpt lat="31.7171045" lon="35.9993526"><ele>800.2</ele><time>2026-06-24T13:56:41Z</time></trkpt>
<trkpt lat="31.7171044" lon="35.9993527"><ele>800.2</ele><time>2026-06-24T13:56:42Z</time></trkpt>
<trkpt lat="31.7171044" lon="35.9993527"><ele>800.2</ele><time>2026-06-24T13:56:43Z</time></trkpt>
<trkpt lat="31.7171045" lon="35.9993526"><ele>800.1</ele><time>2026-06-24T13:56:44Z</time></trkpt>
<trkpt lat="31.7171046" lon="35.9993524"><ele>800.1</ele><time>2026-06-24T13:56:45Z</time></trkpt>
<trkpt lat="31.7171047" lon="35.9993522"><ele>800.1</ele><time>2026-06-24T13:56:46Z</time></trkpt>
<trkpt lat="31.7171047" lon="35.9993521"><ele>800.1</ele><time>2026-06-24T13:56:47Z</time></trkpt>
<trkpt lat="31.7171047" lon="35.999352"><ele>800.1</ele><time>2026-06-24T13:56:48Z</time></trkpt>
<trkpt lat="31.717105" lon="35.9993514"><ele>800.1</ele><time>2026-06-24T13:56:49Z</time></trkpt>
<trkpt lat="31.7171053" lon="35.9993508"><ele>800.2</ele><time>2026-06-24T13:56:50Z</time></trkpt>
<trkpt lat="31.7171055" lon="35.9993503"><ele>800.2</ele><time>2026-06-24T13:56:51Z</time></trkpt>
<trkpt lat="31.7171056" lon="35.99935"><ele>800.3</ele><time>2026-06-24T13:56:52Z</time></trkpt>
<trkpt lat="31.7171057" lon="35.9993497"><ele>800.4</ele><time>2026-06-24T13:56:53Z</time></trkpt>
<trkpt lat="31.717106" lon="35.9993493"><ele>800.5</ele><time>2026-06-24T13:56:54Z</time></trkpt>
<trkpt lat="31.7171062" lon="35.9993489"><ele>800.6</ele><time>2026-06-24T13:56:55Z</time></trkpt>
<trkpt lat="31.7171063" lon="35.9993488"><ele>800.7</ele><time>2026-06-24T13:56:56Z</time></trkpt>
<trkpt lat="31.7171062" lon="35.9993488"><ele>800.9</ele><time>2026-06-24T13:56:57Z</time></trkpt>
<trkpt lat="31.7171063" lon="35.9993488"><ele>801.0</ele><time>2026-06-24T13:56:58Z</time></trkpt>
<trkpt lat="31.7171064" lon="35.9993485"><ele>801.2</ele><time>2026-06-24T13:56:59Z</time></trkpt>
<trkpt lat="31.7171066" lon="35.9993483"><ele>801.4</ele><time>2026-06-24T13:57:00Z</time></trkpt>
<trkpt lat="31.7171068" lon="35.999348"><ele>801.6</ele><time>2026-06-24T13:57:01Z</time></trkpt>
<trkpt lat="31.7171071" lon="35.9993478"><ele>801.7</ele><time>2026-06-24T13:57:02Z</time></trkpt>
<trkpt lat="31.7171072" lon="35.9993477"><ele>801.9</ele><time>2026-06-24T13:57:03Z</time></trkpt>
<trkpt lat="31.7171071" lon="35.9993478"><ele>802.1</ele><time>2026-06-24T13:57:04Z</time></trkpt>
<trkpt lat="31.7171068" lon="35.9993483"><ele>802.3</ele><time>2026-06-24T13:57:05Z</time></trkpt>
<trkpt lat="31.7171067" lon="35.9993485"><ele>802.5</ele><time>2026-06-24T13:57:06Z</time></trkpt>
<trkpt lat="31.7171069" lon="35.9993481"><ele>802.7</ele><time>2026-06-24T13:57:07Z</time></trkpt>
<trkpt lat="31.7171075" lon="35.9993472"><ele>802.8</ele><time>2026-06-24T13:57:08Z</time></trkpt>
<trkpt lat="31.717108" lon="35.9993464"><ele>803.0</ele><time>2026-06-24T13:57:09Z</time></trkpt>
<trkpt lat="31.7171081" lon="35.9993462"><ele>803.2</ele><time>2026-06-24T13:57:10Z</time></trkpt>
<trkpt lat="31.7171082" lon="35.999346"><ele>803.3</ele><time>2026-06-24T13:57:11Z</time></trkpt>
<trkpt lat="31.7171081" lon="35.9993461"><ele>803.5</ele><time>2026-06-24T13:57:12Z</time></trkpt>
<trkpt lat="31.7171081" lon="35.9993462"><ele>803.7</ele><time>2026-06-24T13:57:13Z</time></trkpt>
<trkpt lat="31.717108" lon="35.9993463"><ele>803.9</ele><time>2026-06-24T13:57:14Z</time></trkpt>
<trkpt lat="31.7171081" lon="35.9993462"><ele>804.0</ele><time>2026-06-24T13:57:15Z</time></trkpt>
<trkpt lat="31.7171082" lon="35.999346"><ele>804.3</ele><time>2026-06-24T13:57:16Z</time></trkpt>
<trkpt lat="31.7171082" lon="35.999346"><ele>804.5</ele><time>2026-06-24T13:57:17Z</time></trkpt>
<trkpt lat="31.717108" lon="35.9993465"><ele>804.9</ele><time>2026-06-24T13:57:19Z</time></trkpt>
<trkpt lat="31.7171079" lon="35.9993466"><ele>805.1</ele><time>2026-06-24T13:57:20Z</time></trkpt>
<trkpt lat="31.7171081" lon="35.9993463"><ele>805.3</ele><time>2026-06-24T13:57:21Z</time></trkpt>
<trkpt lat="31.7171082" lon="35.9993462"><ele>805.4</ele><time>2026-06-24T13:57:22Z</time></trkpt>
<trkpt lat="31.7171083" lon="35.9993461"><ele>805.5</ele><time>2026-06-24T13:57:23Z</time></trkpt>
<trkpt lat="31.7171082" lon="35.9993461"><ele>805.6</ele><time>2026-06-24T13:57:24Z</time></trkpt>
<trkpt lat="31.7171083" lon="35.999346"><ele>805.8</ele><time>2026-06-24T13:57:25Z</time></trkpt>
<trkpt lat="31.7171086" lon="35.9993455"><ele>805.9</ele><time>2026-06-24T13:57:26Z</time></trkpt>
<trkpt lat="31.7171087" lon="35.9993451"><ele>806.1</ele><time>2026-06-24T13:57:27Z</time></trkpt>
<trkpt lat="31.7171087" lon="35.9993448"><ele>806.3</ele><time>2026-06-24T13:57:28Z</time></trkpt>
<trkpt lat="31.7171093" lon="35.9993427"><ele>806.7</ele><time>2026-06-24T13:57:29Z</time></trkpt>
<trkpt lat="31.7171107" lon="35.9993376"><ele>808.0</ele><time>2026-06-24T13:57:31Z</time></trkpt>
<trkpt lat="31.7171108" lon="35.9993367"><ele>809.1</ele><time>2026-06-24T13:57:32Z</time></trkpt>
<trkpt lat="31.7171107" lon="35.9993366"><ele>810.5</ele><time>2026-06-24T13:57:33Z</time></trkpt>
<trkpt lat="31.7171109" lon="35.9993363"><ele>812.3</ele><time>2026-06-24T13:57:34Z</time></trkpt>
<trkpt lat="31.7171071" lon="35.999343"><ele>821.8</ele><time>2026-06-24T13:57:38Z</time></trkpt>
<trkpt lat="31.7171017" lon="35.9993521"><ele>823.7</ele><time>2026-06-24T13:57:43Z</time></trkpt>
<trkpt lat="31.7171015" lon="35.9993518"><ele>816.0</ele><time>2026-06-24T13:57:47Z</time></trkpt>
<trkpt lat="31.7171014" lon="35.9993519"><ele>814.5</ele><time>2026-06-24T13:57:48Z</time></trkpt>
<trkpt lat="31.7171014" lon="35.9993518"><ele>813.3</ele><time>2026-06-24T13:57:49Z</time></trkpt>
<trkpt lat="31.7171015" lon="35.9993515"><ele>812.5</ele><time>2026-06-24T13:57:50Z</time></trkpt>
<trkpt lat="31.7171019" lon="35.9993505"><ele>812.0</ele><time>2026-06-24T13:57:51Z</time></trkpt>
<trkpt lat="31.7171023" lon="35.9993496"><ele>811.8</ele><time>2026-06-24T13:57:52Z</time></trkpt>
<trkpt lat="31.7171026" lon="35.999349"><ele>811.8</ele><time>2026-06-24T13:57:53Z</time></trkpt>
<trkpt lat="31.717103" lon="35.9993481"><ele>812.6</ele><time>2026-06-24T13:57:55Z</time></trkpt>
<trkpt lat="31.7171031" lon="35.9993481"><ele>814.2</ele><time>2026-06-24T13:57:57Z</time></trkpt>
<trkpt lat="31.7171031" lon="35.9993482"><ele>815.2</ele><time>2026-06-24T13:57:58Z</time></trkpt>
<trkpt lat="31.7171031" lon="35.9993483"><ele>816.1</ele><time>2026-06-24T13:57:59Z</time></trkpt>
<trkpt lat="31.7171164" lon="35.9993097"><ele>820.8</ele><time>2026-06-24T13:58:19Z</time></trkpt>
<trkpt lat="31.717118" lon="35.9993069"><ele>819.5</ele><time>2026-06-24T13:58:20Z</time></trkpt>
<trkpt lat="31.7171196" lon="35.9993044"><ele>818.2</ele><time>2026-06-24T13:58:21Z</time></trkpt>
<trkpt lat="31.7171207" lon="35.9993027"><ele>817.0</ele><time>2026-06-24T13:58:22Z</time></trkpt>
<trkpt lat="31.7171218" lon="35.9993014"><ele>816.0</ele><time>2026-06-24T13:58:23Z</time></trkpt>
<trkpt lat="31.7171226" lon="35.9993003"><ele>815.2</ele><time>2026-06-24T13:58:24Z</time></trkpt>
<trkpt lat="31.7171228" lon="35.9993001"><ele>814.6</ele><time>2026-06-24T13:58:25Z</time></trkpt>
<trkpt lat="31.7171228" lon="35.9993002"><ele>814.2</ele><time>2026-06-24T13:58:26Z</time></trkpt>
<trkpt lat="31.7171228" lon="35.9993005"><ele>814.0</ele><time>2026-06-24T13:58:27Z</time></trkpt>
<trkpt lat="31.7171227" lon="35.999301"><ele>813.8</ele><time>2026-06-24T13:58:30Z</time></trkpt>
<trkpt lat="31.7171226" lon="35.9993012"><ele>813.8</ele><time>2026-06-24T13:58:31Z</time></trkpt>
<trkpt lat="31.7171225" lon="35.9993015"><ele>813.7</ele><time>2026-06-24T13:58:32Z</time></trkpt>
<trkpt lat="31.7171225" lon="35.9993015"><ele>813.4</ele><time>2026-06-24T13:58:33Z</time></trkpt>
<trkpt lat="31.7171225" lon="35.9993016"><ele>813.0</ele><time>2026-06-24T13:58:34Z</time></trkpt>
<trkpt lat="31.7171225" lon="35.9993016"><ele>812.3</ele><time>2026-06-24T13:58:35Z</time></trkpt>
<trkpt lat="31.7171225" lon="35.9993017"><ele>811.4</ele><time>2026-06-24T13:58:36Z</time></trkpt>
<trkpt lat="31.7171224" lon="35.9993017"><ele>810.0</ele><time>2026-06-24T13:58:37Z</time></trkpt>
<trkpt lat="31.7171224" lon="35.9993018"><ele>808.3</ele><time>2026-06-24T13:58:38Z</time></trkpt>
<trkpt lat="31.7171224" lon="35.9993018"><ele>806.2</ele><time>2026-06-24T13:58:39Z</time></trkpt>
<trkpt lat="31.7171224" lon="35.9993017"><ele>803.8</ele><time>2026-06-24T13:58:40Z</time></trkpt>
<trkpt lat="31.7171224" lon="35.9993016"><ele>801.4</ele><time>2026-06-24T13:58:41Z</time></trkpt>
<trkpt lat="31.7171224" lon="35.9993016"><ele>799.0</ele><time>2026-06-24T13:58:42Z</time></trkpt>
<trkpt lat="31.7171224" lon="35.9993016"><ele>797.0</ele><time>2026-06-24T13:58:43Z</time></trkpt>
<trkpt lat="31.7171224" lon="35.9993016"><ele>795.4</ele><time>2026-06-24T13:58:44Z</time></trkpt>
<trkpt lat="31.7171223" lon="35.9993016"><ele>794.1</ele><time>2026-06-24T13:58:45Z</time></trkpt>
<trkpt lat="31.7171222" lon="35.9993017"><ele>793.2</ele><time>2026-06-24T13:58:46Z</time></trkpt>
<trkpt lat="31.7171221" lon="35.999302"><ele>792.7</ele><time>2026-06-24T13:58:47Z</time></trkpt>
<trkpt lat="31.717122" lon="35.999302"><ele>792.3</ele><time>2026-06-24T13:58:48Z</time></trkpt>
<trkpt lat="31.717122" lon="35.9993019"><ele>792.1</ele><time>2026-06-24T13:58:49Z</time></trkpt>
<trkpt lat="31.7171219" lon="35.9993018"><ele>792.0</ele><time>2026-06-24T13:58:50Z</time></trkpt>
<trkpt lat="31.7171217" lon="35.9993021"><ele>791.9</ele><time>2026-06-24T13:58:51Z</time></trkpt>
<trkpt lat="31.7171215" lon="35.9993024"><ele>791.9</ele><time>2026-06-24T13:58:52Z</time></trkpt>
<trkpt lat="31.7171213" lon="35.9993027"><ele>792.0</ele><time>2026-06-24T13:58:53Z</time></trkpt>
<trkpt lat="31.717121" lon="35.9993031"><ele>792.0</ele><time>2026-06-24T13:58:54Z</time></trkpt>
<trkpt lat="31.7171208" lon="35.9993034"><ele>792.0</ele><time>2026-06-24T13:58:55Z</time></trkpt>
<trkpt lat="31.7171207" lon="35.9993037"><ele>792.1</ele><time>2026-06-24T13:58:56Z</time></trkpt>
<trkpt lat="31.7171205" lon="35.9993039"><ele>792.1</ele><time>2026-06-24T13:58:57Z</time></trkpt>
<trkpt lat="31.7171204" lon="35.9993042"><ele>792.1</ele><time>2026-06-24T13:58:58Z</time></trkpt>
<trkpt lat="31.7171202" lon="35.9993044"><ele>792.2</ele><time>2026-06-24T13:58:59Z</time></trkpt>
<trkpt lat="31.7171201" lon="35.9993046"><ele>792.2</ele><time>2026-06-24T13:59:00Z</time></trkpt>
<trkpt lat="31.71712" lon="35.9993049"><ele>792.2</ele><time>2026-06-24T13:59:01Z</time></trkpt>
<trkpt lat="31.7171199" lon="35.9993051"><ele>792.2</ele><time>2026-06-24T13:59:02Z</time></trkpt>
<trkpt lat="31.7171198" lon="35.9993052"><ele>792.2</ele><time>2026-06-24T13:59:03Z</time></trkpt>
<trkpt lat="31.7171197" lon="35.9993053"><ele>792.2</ele><time>2026-06-24T13:59:04Z</time></trkpt>
<trkpt lat="31.7171196" lon="35.9993055"><ele>792.2</ele><time>2026-06-24T13:59:05Z</time></trkpt>
<trkpt lat="31.7171195" lon="35.9993057"><ele>792.2</ele><time>2026-06-24T13:59:06Z</time></trkpt>
<trkpt lat="31.7171194" lon="35.9993059"><ele>792.2</ele><time>2026-06-24T13:59:07Z</time></trkpt>
<trkpt lat="31.7171193" lon="35.9993061"><ele>792.2</ele><time>2026-06-24T13:59:08Z</time></trkpt>
<trkpt lat="31.7171186" lon="35.9993075"><ele>792.2</ele><time>2026-06-24T13:59:09Z</time></trkpt>
<trkpt lat="31.7171179" lon="35.9993089"><ele>792.2</ele><time>2026-06-24T13:59:10Z</time></trkpt>
<trkpt lat="31.7171178" lon="35.9993092"><ele>792.2</ele><time>2026-06-24T13:59:11Z</time></trkpt>
<trkpt lat="31.7171176" lon="35.9993096"><ele>792.2</ele><time>2026-06-24T13:59:12Z</time></trkpt>
<trkpt lat="31.7171174" lon="35.9993099"><ele>792.2</ele><time>2026-06-24T13:59:13Z</time></trkpt>
<trkpt lat="31.7171172" lon="35.9993103"><ele>792.1</ele><time>2026-06-24T13:59:14Z</time></trkpt>
<trkpt lat="31.717117" lon="35.9993107"><ele>792.1</ele><time>2026-06-24T13:59:15Z</time></trkpt>
<trkpt lat="31.7171167" lon="35.9993113"><ele>792.1</ele><time>2026-06-24T13:59:16Z</time></trkpt>
<trkpt lat="31.7171164" lon="35.9993119"><ele>792.1</ele><time>2026-06-24T13:59:17Z</time></trkpt>
<trkpt lat="31.7171161" lon="35.9993124"><ele>792.1</ele><time>2026-06-24T13:59:18Z</time></trkpt>
<trkpt lat="31.7171158" lon="35.9993129"><ele>792.1</ele><time>2026-06-24T13:59:19Z</time></trkpt>
<trkpt lat="31.7171155" lon="35.9993134"><ele>792.1</ele><time>2026-06-24T13:59:20Z</time></trkpt>
<trkpt lat="31.7171153" lon="35.9993139"><ele>792.1</ele><time>2026-06-24T13:59:21Z</time></trkpt>
<trkpt lat="31.7171148" lon="35.9993147"><ele>792.1</ele><time>2026-06-24T13:59:22Z</time></trkpt>
<trkpt lat="31.7171142" lon="35.9993158"><ele>792.1</ele><time>2026-06-24T13:59:23Z</time></trkpt>
<trkpt lat="31.7171135" lon="35.999317"><ele>792.2</ele><time>2026-06-24T13:59:24Z</time></trkpt>
<trkpt lat="31.7171128" lon="35.9993183"><ele>792.2</ele><time>2026-06-24T13:59:25Z</time></trkpt>
<trkpt lat="31.7171122" lon="35.9993193"><ele>792.2</ele><time>2026-06-24T13:59:26Z</time></trkpt>
<trkpt lat="31.7171118" lon="35.99932"><ele>792.2</ele><time>2026-06-24T13:59:27Z</time></trkpt>
<trkpt lat="31.7171114" lon="35.9993207"><ele>792.2</ele><time>2026-06-24T13:59:28Z</time></trkpt>
<trkpt lat="31.7171111" lon="35.9993213"><ele>792.3</ele><time>2026-06-24T13:59:29Z</time></trkpt>
<trkpt lat="31.7171108" lon="35.9993218"><ele>792.3</ele><time>2026-06-24T13:59:30Z</time></trkpt>
<trkpt lat="31.7171105" lon="35.9993223"><ele>792.3</ele><time>2026-06-24T13:59:31Z</time></trkpt>
<trkpt lat="31.7171102" lon="35.9993229"><ele>792.4</ele><time>2026-06-24T13:59:32Z</time></trkpt>
<trkpt lat="31.7171096" lon="35.9993239"><ele>792.4</ele><time>2026-06-24T13:59:33Z</time></trkpt>
<trkpt lat="31.717109" lon="35.9993249"><ele>792.4</ele><time>2026-06-24T13:59:34Z</time></trkpt>
<trkpt lat="31.7171085" lon="35.9993257"><ele>792.4</ele><time>2026-06-24T13:59:35Z</time></trkpt>
<trkpt lat="31.7171082" lon="35.9993263"><ele>792.2</ele><time>2026-06-24T13:59:36Z</time></trkpt>
<trkpt lat="31.7171081" lon="35.9993265"><ele>792.0</ele><time>2026-06-24T13:59:37Z</time></trkpt>
<trkpt lat="31.7171079" lon="35.9993268"><ele>791.6</ele><time>2026-06-24T13:59:38Z</time></trkpt>
<trkpt lat="31.7171077" lon="35.9993271"><ele>790.9</ele><time>2026-06-24T13:59:39Z</time></trkpt>
<trkpt lat="31.7171076" lon="35.9993273"><ele>790.0</ele><time>2026-06-24T13:59:40Z</time></trkpt>
<trkpt lat="31.7171075" lon="35.9993275"><ele>788.7</ele><time>2026-06-24T13:59:41Z</time></trkpt>
<trkpt lat="31.7171073" lon="35.9993278"><ele>786.9</ele><time>2026-06-24T13:59:42Z</time></trkpt>
<trkpt lat="31.7171072" lon="35.9993281"><ele>784.8</ele><time>2026-06-24T13:59:43Z</time></trkpt>
<trkpt lat="31.717107" lon="35.9993284"><ele>782.4</ele><time>2026-06-24T13:59:44Z</time></trkpt>
<trkpt lat="31.7171069" lon="35.9993287"><ele>779.8</ele><time>2026-06-24T13:59:45Z</time></trkpt>
<trkpt lat="31.7171066" lon="35.9993291"><ele>777.4</ele><time>2026-06-24T13:59:46Z</time></trkpt>
<trkpt lat="31.7171065" lon="35.9993294"><ele>775.3</ele><time>2026-06-24T13:59:47Z</time></trkpt>
<trkpt lat="31.7171064" lon="35.9993297"><ele>773.6</ele><time>2026-06-24T13:59:48Z</time></trkpt>
<trkpt lat="31.7171062" lon="35.9993299"><ele>772.3</ele><time>2026-06-24T13:59:49Z</time></trkpt>
<trkpt lat="31.7171061" lon="35.9993301"><ele>771.4</ele><time>2026-06-24T13:59:50Z</time></trkpt>
<trkpt lat="31.717106" lon="35.9993303"><ele>770.8</ele><time>2026-06-24T13:59:51Z</time></trkpt>
<trkpt lat="31.7171059" lon="35.9993307"><ele>770.3</ele><time>2026-06-24T13:59:52Z</time></trkpt>
<trkpt lat="31.7171056" lon="35.9993311"><ele>770.0</ele><time>2026-06-24T13:59:53Z</time></trkpt>
<trkpt lat="31.7171054" lon="35.9993317"><ele>769.9</ele><time>2026-06-24T13:59:54Z</time></trkpt>
<trkpt lat="31.717105" lon="35.9993324"><ele>769.8</ele><time>2026-06-24T13:59:55Z</time></trkpt>
<trkpt lat="31.7171046" lon="35.9993332"><ele>769.7</ele><time>2026-06-24T13:59:56Z</time></trkpt>
<trkpt lat="31.7171043" lon="35.9993339"><ele>769.6</ele><time>2026-06-24T13:59:57Z</time></trkpt>
<trkpt lat="31.7171039" lon="35.9993348"><ele>769.5</ele><time>2026-06-24T13:59:58Z</time></trkpt>
<trkpt lat="31.7171034" lon="35.9993359"><ele>769.4</ele><time>2026-06-24T13:59:59Z</time></trkpt>
<trkpt lat="31.7171031" lon="35.9993365"><ele>769.3</ele><time>2026-06-24T14:00:00Z</time></trkpt>
<trkpt lat="31.7171029" lon="35.9993369"><ele>769.1</ele><time>2026-06-24T14:00:01Z</time></trkpt>
<trkpt lat="31.7171028" lon="35.9993372"><ele>769.0</ele><time>2026-06-24T14:00:02Z</time></trkpt>
<trkpt lat="31.7171027" lon="35.9993374"><ele>768.8</ele><time>2026-06-24T14:00:03Z</time></trkpt>
<trkpt lat="31.7171026" lon="35.9993376"><ele>768.7</ele><time>2026-06-24T14:00:04Z</time></trkpt>
<trkpt lat="31.7171022" lon="35.9993384"><ele>768.5</ele><time>2026-06-24T14:00:05Z</time></trkpt>
<trkpt lat="31.7171019" lon="35.9993391"><ele>768.3</ele><time>2026-06-24T14:00:06Z</time></trkpt>
<trkpt lat="31.7171019" lon="35.9993391"><ele>768.1</ele><time>2026-06-24T14:00:07Z</time></trkpt>
<trkpt lat="31.7171018" lon="35.9993394"><ele>767.9</ele><time>2026-06-24T14:00:08Z</time></trkpt>
<trkpt lat="31.7171016" lon="35.9993398"><ele>767.7</ele><time>2026-06-24T14:00:09Z</time></trkpt>
<trkpt lat="31.7171014" lon="35.9993403"><ele>767.5</ele><time>2026-06-24T14:00:10Z</time></trkpt>
<trkpt lat="31.7171011" lon="35.999341"><ele>767.4</ele><time>2026-06-24T14:00:11Z</time></trkpt>
<trkpt lat="31.7171008" lon="35.9993416"><ele>767.3</ele><time>2026-06-24T14:00:12Z</time></trkpt>
<trkpt lat="31.7171004" lon="35.9993425"><ele>767.1</ele><time>2026-06-24T14:00:13Z</time></trkpt>
<trkpt lat="31.7170999" lon="35.9993436"><ele>767.0</ele><time>2026-06-24T14:00:14Z</time></trkpt>
<trkpt lat="31.7170995" lon="35.9993446"><ele>766.9</ele><time>2026-06-24T14:00:15Z</time></trkpt>
<trkpt lat="31.7170991" lon="35.9993454"><ele>766.8</ele><time>2026-06-24T14:00:16Z</time></trkpt>
<trkpt lat="31.7170989" lon="35.999346"><ele>766.7</ele><time>2026-06-24T14:00:17Z</time></trkpt>
<trkpt lat="31.7170986" lon="35.9993467"><ele>766.5</ele><time>2026-06-24T14:00:18Z</time></trkpt>
<trkpt lat="31.7170984" lon="35.9993472"><ele>766.4</ele><time>2026-06-24T14:00:19Z</time></trkpt>
<trkpt lat="31.7170982" lon="35.9993476"><ele>766.1</ele><time>2026-06-24T14:00:20Z</time></trkpt>
<trkpt lat="31.7170981" lon="35.9993479"><ele>765.9</ele><time>2026-06-24T14:00:21Z</time></trkpt>
<trkpt lat="31.717098" lon="35.9993481"><ele>765.6</ele><time>2026-06-24T14:00:22Z</time></trkpt>
<trkpt lat="31.7170979" lon="35.9993483"><ele>765.2</ele><time>2026-06-24T14:00:23Z</time></trkpt>
<trkpt lat="31.7170978" lon="35.9993486"><ele>764.9</ele><time>2026-06-24T14:00:24Z</time></trkpt>
<trkpt lat="31.7170977" lon="35.999349"><ele>764.6</ele><time>2026-06-24T14:00:25Z</time></trkpt>
<trkpt lat="31.7170976" lon="35.9993492"><ele>764.4</ele><time>2026-06-24T14:00:26Z</time></trkpt>
<trkpt lat="31.7170975" lon="35.9993495"><ele>764.4</ele><time>2026-06-24T14:00:27Z</time></trkpt>
<trkpt lat="31.7170974" lon="35.9993497"><ele>764.7</ele><time>2026-06-24T14:00:28Z</time></trkpt>
<trkpt lat="31.7170974" lon="35.9993497"><ele>765.6</ele><time>2026-06-24T14:00:29Z</time></trkpt>
<trkpt lat="31.7170975" lon="35.9993497"><ele>767.2</ele><time>2026-06-24T14:00:30Z</time></trkpt>
<trkpt lat="31.7170975" lon="35.9993497"><ele>770.0</ele><time>2026-06-24T14:00:31Z</time></trkpt>
<trkpt lat="31.7170976" lon="35.9993497"><ele>774.1</ele><time>2026-06-24T14:00:32Z</time></trkpt>
<trkpt lat="31.7170976" lon="35.9993498"><ele>779.9</ele><time>2026-06-24T14:00:33Z</time></trkpt>
<trkpt lat="31.7170976" lon="35.99935"><ele>787.8</ele><time>2026-06-24T14:00:34Z</time></trkpt>
<trkpt lat="31.7170976" lon="35.9993502"><ele>797.7</ele><time>2026-06-24T14:00:35Z</time></trkpt>
<trkpt lat="31.7170976" lon="35.9993503"><ele>809.6</ele><time>2026-06-24T14:00:36Z</time></trkpt>
<trkpt lat="31.7170976" lon="35.9993504"><ele>822.5</ele><time>2026-06-24T14:00:37Z</time></trkpt>
<trkpt lat="31.7170975" lon="35.9993505"><ele>835.3</ele><time>2026-06-24T14:00:38Z</time></trkpt>
<trkpt lat="31.7170976" lon="35.9993506"><ele>847.5</ele><time>2026-06-24T14:00:39Z</time></trkpt>
<trkpt lat="33.0108253" lon="35.1541262"><ele>742.8</ele><time>2026-06-24T14:02:47Z</time></trkpt>
<trkpt lat="33.0108253" lon="35.1541262"><ele>745.4</ele><time>2026-06-24T14:02:48Z</time></trkpt>
<trkpt lat="33.0108252" lon="35.1541262"><ele>747.9</ele><time>2026-06-24T14:02:49Z</time></trkpt>
<trkpt lat="33.0108252" lon="35.1541262"><ele>750.0</ele><time>2026-06-24T14:02:50Z</time></trkpt>
<trkpt lat="33.0108251" lon="35.1541262"><ele>751.6</ele><time>2026-06-24T14:02:51Z</time></trkpt>
<trkpt lat="33.0108251" lon="35.1541261"><ele>752.8</ele><time>2026-06-24T14:02:52Z</time></trkpt>
<trkpt lat="33.0108251" lon="35.1541261"><ele>754.3</ele><time>2026-06-24T14:02:53Z</time></trkpt>
<trkpt lat="33.0108251" lon="35.1541261"><ele>754.7</ele><time>2026-06-24T14:02:54Z</time></trkpt>
<trkpt lat="33.010825" lon="35.1541261"><ele>754.9</ele><time>2026-06-24T14:02:55Z</time></trkpt>
<trkpt lat="33.010825" lon="35.1541261"><ele>754.9</ele><time>2026-06-24T14:02:56Z</time></trkpt>
<trkpt lat="33.0108249" lon="35.1541261"><ele>754.9</ele><time>2026-06-24T14:02:57Z</time></trkpt>
<trkpt lat="33.0108248" lon="35.1541261"><ele>754.9</ele><time>2026-06-24T14:02:58Z</time></trkpt>
<trkpt lat="33.0108248" lon="35.1541261"><ele>754.8</ele><time>2026-06-24T14:02:59Z</time></trkpt>
<trkpt lat="33.0108247" lon="35.1541261"><ele>754.7</ele><time>2026-06-24T14:03:00Z</time></trkpt>
<trkpt lat="33.0108247" lon="35.1541261"><ele>754.6</ele><time>2026-06-24T14:03:01Z</time></trkpt>
<trkpt lat="33.0108246" lon="35.1541261"><ele>754.6</ele><time>2026-06-24T14:03:02Z</time></trkpt>
<trkpt lat="33.0108246" lon="35.1541261"><ele>754.5</ele><time>2026-06-24T14:03:03Z</time></trkpt>
<trkpt lat="33.0108245" lon="35.1541261"><ele>754.4</ele><time>2026-06-24T14:03:04Z</time></trkpt>
<trkpt lat="33.0108244" lon="35.154126"><ele>754.3</ele><time>2026-06-24T14:03:05Z</time></trkpt>
<trkpt lat="33.0108243" lon="35.154126"><ele>754.3</ele><time>2026-06-24T14:03:06Z</time></trkpt>
<trkpt lat="33.0108242" lon="35.154126"><ele>754.2</ele><time>2026-06-24T14:03:07Z</time></trkpt>
<trkpt lat="33.0108241" lon="35.154126"><ele>754.2</ele><time>2026-06-24T14:03:08Z</time></trkpt>
<trkpt lat="33.0108239" lon="35.154126"><ele>754.1</ele><time>2026-06-24T14:03:09Z</time></trkpt>
<trkpt lat="33.0108238" lon="35.154126"><ele>754.1</ele><time>2026-06-24T14:03:10Z</time></trkpt>
<trkpt lat="33.0108237" lon="35.154126"><ele>754.0</ele><time>2026-06-24T14:03:11Z</time></trkpt>
<trkpt lat="33.0108235" lon="35.154126"><ele>753.9</ele><time>2026-06-24T14:03:12Z</time></trkpt>
<trkpt lat="33.0108233" lon="35.154126"><ele>753.8</ele><time>2026-06-24T14:03:13Z</time></trkpt>
<trkpt lat="33.0108232" lon="35.1541261"><ele>753.7</ele><time>2026-06-24T14:03:14Z</time></trkpt>
<trkpt lat="33.010823" lon="35.1541261"><ele>753.7</ele><time>2026-06-24T14:03:15Z</time></trkpt>
<trkpt lat="33.0108226" lon="35.1541262"><ele>753.6</ele><time>2026-06-24T14:03:16Z</time></trkpt>
<trkpt lat="33.0108214" lon="35.1541264"><ele>753.5</ele><time>2026-06-24T14:03:17Z</time></trkpt>
<trkpt lat="33.0108195" lon="35.1541268"><ele>753.5</ele><time>2026-06-24T14:03:18Z</time></trkpt>
<trkpt lat="33.0108176" lon="35.1541273"><ele>753.4</ele><time>2026-06-24T14:03:19Z</time></trkpt>
<trkpt lat="33.0108161" lon="35.154128"><ele>753.3</ele><time>2026-06-24T14:03:20Z</time></trkpt>
<trkpt lat="33.0108151" lon="35.1541287"><ele>753.2</ele><time>2026-06-24T14:03:21Z</time></trkpt>
<trkpt lat="33.0108145" lon="35.1541297"><ele>753.2</ele><time>2026-06-24T14:03:22Z</time></trkpt>
<trkpt lat="33.010814" lon="35.1541301"><ele>753.1</ele><time>2026-06-24T14:03:23Z</time></trkpt>
<trkpt lat="33.0108136" lon="35.1541316"><ele>753.0</ele><time>2026-06-24T14:03:24Z</time></trkpt>
<trkpt lat="33.0108135" lon="35.1541324"><ele>753.0</ele><time>2026-06-24T14:03:25Z</time></trkpt>
<trkpt lat="33.0108135" lon="35.1541342"><ele>752.9</ele><time>2026-06-24T14:03:26Z</time></trkpt>
<trkpt lat="33.0108139" lon="35.1541352"><ele>752.9</ele><time>2026-06-24T14:03:27Z</time></trkpt>
<trkpt lat="33.0108143" lon="35.1541371"><ele>752.8</ele><time>2026-06-24T14:03:28Z</time></trkpt>
<trkpt lat="33.0108151" lon="35.1541382"><ele>752.8</ele><time>2026-06-24T14:03:29Z</time></trkpt>
<trkpt lat="33.0108161" lon="35.1541403"><ele>752.7</ele><time>2026-06-24T14:03:30Z</time></trkpt>
<trkpt lat="33.0108174" lon="35.1541415"><ele>752.7</ele><time>2026-06-24T14:03:31Z</time></trkpt>
<trkpt lat="33.0108187" lon="35.1541436"><ele>752.6</ele><time>2026-06-24T14:03:32Z</time></trkpt>
<trkpt lat="33.01082" lon="35.1541443"><ele>752.6</ele><time>2026-06-24T14:03:33Z</time></trkpt>
<trkpt lat="33.010821" lon="35.1541458"><ele>752.6</ele><time>2026-06-24T14:03:34Z</time></trkpt>
<trkpt lat="33.0108224" lon="35.1541464"><ele>752.5</ele><time>2026-06-24T14:03:35Z</time></trkpt>
<trkpt lat="33.010824" lon="35.1541485"><ele>752.5</ele><time>2026-06-24T14:03:36Z</time></trkpt>
<trkpt lat="33.0108254" lon="35.154149"><ele>752.5</ele><time>2026-06-24T14:03:37Z</time></trkpt>
<trkpt lat="33.0108272" lon="35.1541501"><ele>752.4</ele><time>2026-06-24T14:03:39Z</time></trkpt>
<trkpt lat="33.010828" lon="35.1541505"><ele>752.4</ele><time>2026-06-24T14:03:40Z</time></trkpt>
<trkpt lat="33.0108286" lon="35.1541509"><ele>752.3</ele><time>2026-06-24T14:03:41Z</time></trkpt>
<trkpt lat="33.0108291" lon="35.1541512"><ele>752.3</ele><time>2026-06-24T14:03:42Z</time></trkpt>
<trkpt lat="33.0108294" lon="35.1541516"><ele>752.2</ele><time>2026-06-24T14:03:43Z</time></trkpt>
<trkpt lat="33.0108297" lon="35.1541519"><ele>752.1</ele><time>2026-06-24T14:03:44Z</time></trkpt>
<trkpt lat="33.0108299" lon="35.1541523"><ele>752.0</ele><time>2026-06-24T14:03:45Z</time></trkpt>
<trkpt lat="33.0108301" lon="35.1541527"><ele>751.9</ele><time>2026-06-24T14:03:46Z</time></trkpt>
<trkpt lat="33.0108303" lon="35.1541532"><ele>751.8</ele><time>2026-06-24T14:03:47Z</time></trkpt>
<trkpt lat="33.0108303" lon="35.1541545"><ele>751.7</ele><time>2026-06-24T14:03:48Z</time></trkpt>
<trkpt lat="33.0108305" lon="35.154155"><ele>751.6</ele><time>2026-06-24T14:03:49Z</time></trkpt>
<trkpt lat="33.0108305" lon="35.1541556"><ele>751.5</ele><time>2026-06-24T14:03:50Z</time></trkpt>
<trkpt lat="33.0108305" lon="35.1541555"><ele>751.4</ele><time>2026-06-24T14:03:51Z</time></trkpt>
<trkpt lat="33.0108306" lon="35.1541558"><ele>751.3</ele><time>2026-06-24T14:03:52Z</time></trkpt>
<trkpt lat="33.0108306" lon="35.1541567"><ele>751.2</ele><time>2026-06-24T14:03:53Z</time></trkpt>
<trkpt lat="33.0108306" lon="35.1541577"><ele>751.2</ele><time>2026-06-24T14:03:54Z</time></trkpt>
<trkpt lat="33.0108306" lon="35.1541588"><ele>751.1</ele><time>2026-06-24T14:03:55Z</time></trkpt>
<trkpt lat="33.0108305" lon="35.1541601"><ele>751.0</ele><time>2026-06-24T14:03:56Z</time></trkpt>
<trkpt lat="33.0108305" lon="35.1541615"><ele>750.9</ele><time>2026-06-24T14:03:57Z</time></trkpt>
<trkpt lat="33.0108304" lon="35.154163"><ele>750.9</ele><time>2026-06-24T14:03:58Z</time></trkpt>
<trkpt lat="33.0108303" lon="35.1541647"><ele>750.8</ele><time>2026-06-24T14:03:59Z</time></trkpt>
<trkpt lat="33.0108301" lon="35.1541665"><ele>750.8</ele><time>2026-06-24T14:04:00Z</time></trkpt>
<trkpt lat="33.01083" lon="35.1541684"><ele>750.7</ele><time>2026-06-24T14:04:01Z</time></trkpt>
<trkpt lat="33.0108298" lon="35.1541704"><ele>750.7</ele><time>2026-06-24T14:04:02Z</time></trkpt>
<trkpt lat="33.0108296" lon="35.1541725"><ele>750.6</ele><time>2026-06-24T14:04:03Z</time></trkpt>
<trkpt lat="33.0108293" lon="35.1541759"><ele>750.5</ele><time>2026-06-24T14:04:04Z</time></trkpt>
<trkpt lat="33.0108275" lon="35.1541933"><ele>750.5</ele><time>2026-06-24T14:04:05Z</time></trkpt>
<trkpt lat="33.0108236" lon="35.154229"><ele>750.4</ele><time>2026-06-24T14:04:06Z</time></trkpt>
<trkpt lat="33.010819" lon="35.1542699"><ele>750.3</ele><time>2026-06-24T14:04:07Z</time></trkpt>
<trkpt lat="33.0108146" lon="35.1543067"><ele>750.3</ele><time>2026-06-24T14:04:08Z</time></trkpt>
<trkpt lat="33.0108108" lon="35.1543341"><ele>750.2</ele><time>2026-06-24T14:04:09Z</time></trkpt>
<trkpt lat="33.0108081" lon="35.1543492"><ele>750.2</ele><time>2026-06-24T14:04:10Z</time></trkpt>
<trkpt lat="33.0108065" lon="35.1543521"><ele>750.1</ele><time>2026-06-24T14:04:11Z</time></trkpt>
<trkpt lat="33.0108061" lon="35.1543458"><ele>750.1</ele><time>2026-06-24T14:04:12Z</time></trkpt>
<trkpt lat="33.0108063" lon="35.1543363"><ele>749.9</ele><time>2026-06-24T14:04:13Z</time></trkpt>
<trkpt lat="33.0108068" lon="35.1543281"><ele>749.8</ele><time>2026-06-24T14:04:14Z</time></trkpt>
<trkpt lat="33.010807" lon="35.1543228"><ele>749.6</ele><time>2026-06-24T14:04:15Z</time></trkpt>
<trkpt lat="33.0108072" lon="35.1543187"><ele>749.4</ele><time>2026-06-24T14:04:16Z</time></trkpt>
<trkpt lat="33.0108075" lon="35.1543144"><ele>749.3</ele><time>2026-06-24T14:04:17Z</time></trkpt>
<trkpt lat="33.0108079" lon="35.1543096"><ele>749.1</ele><time>2026-06-24T14:04:18Z</time></trkpt>
<trkpt lat="33.0108084" lon="35.1543025"><ele>749.0</ele><time>2026-06-24T14:04:19Z</time></trkpt>
<trkpt lat="33.0108092" lon="35.1542929"><ele>748.9</ele><time>2026-06-24T14:04:20Z</time></trkpt>
<trkpt lat="33.0108101" lon="35.1542814"><ele>748.8</ele><time>2026-06-24T14:04:21Z</time></trkpt>
<trkpt lat="33.0108107" lon="35.1542724"><ele>748.8</ele><time>2026-06-24T14:04:22Z</time></trkpt>
<trkpt lat="33.0108113" lon="35.1542639"><ele>748.7</ele><time>2026-06-24T14:04:23Z</time></trkpt>
<trkpt lat="33.0108119" lon="35.1542547"><ele>748.7</ele><time>2026-06-24T14:04:24Z</time></trkpt>
<trkpt lat="33.0108123" lon="35.1542472"><ele>748.7</ele><time>2026-06-24T14:04:25Z</time></trkpt>
<trkpt lat="33.0108126" lon="35.1542417"><ele>748.6</ele><time>2026-06-24T14:04:26Z</time></trkpt>
<trkpt lat="33.0108127" lon="35.1542389"><ele>748.5</ele><time>2026-06-24T14:04:27Z</time></trkpt>
<trkpt lat="33.0108127" lon="35.154238"><ele>748.4</ele><time>2026-06-24T14:04:28Z</time></trkpt>
<trkpt lat="33.0108128" lon="35.1542374"><ele>748.3</ele><time>2026-06-24T14:04:29Z</time></trkpt>
<trkpt lat="33.0108134" lon="35.1542339"><ele>748.3</ele><time>2026-06-24T14:04:30Z</time></trkpt>
<trkpt lat="33.0108169" lon="35.1542182"><ele>748.2</ele><time>2026-06-24T14:04:32Z</time></trkpt>
<trkpt lat="33.0108193" lon="35.1542091"><ele>748.2</ele><time>2026-06-24T14:04:33Z</time></trkpt>
<trkpt lat="33.010821" lon="35.1542026"><ele>748.2</ele><time>2026-06-24T14:04:34Z</time></trkpt>
<trkpt lat="33.0108219" lon="35.1541999"><ele>748.3</ele><time>2026-06-24T14:04:35Z</time></trkpt>
<trkpt lat="33.0108236" lon="35.1541969"><ele>748.4</ele><time>2026-06-24T14:04:36Z</time></trkpt>
<trkpt lat="33.0108271" lon="35.1541916"><ele>748.5</ele><time>2026-06-24T14:04:37Z</time></trkpt>
<trkpt lat="33.010836" lon="35.1541802"><ele>749.2</ele><time>2026-06-24T14:04:40Z</time></trkpt>
<trkpt lat="33.0108376" lon="35.1541786"><ele>749.4</ele><time>2026-06-24T14:04:41Z</time></trkpt>
<trkpt lat="33.0108385" lon="35.1541778"><ele>749.6</ele><time>2026-06-24T14:04:42Z</time></trkpt>
<trkpt lat="33.0108393" lon="35.1541773"><ele>749.3</ele><time>2026-06-24T14:04:43Z</time></trkpt>
<trkpt lat="33.0108396" lon="35.1541772"><ele>748.5</ele><time>2026-06-24T14:04:44Z</time></trkpt>
<trkpt lat="33.0108398" lon="35.1541773"><ele>747.1</ele><time>2026-06-24T14:04:45Z</time></trkpt>
<trkpt lat="33.0108399" lon="35.1541774"><ele>744.8</ele><time>2026-06-24T14:04:46Z</time></trkpt>
<trkpt lat="33.01084" lon="35.1541775"><ele>741.0</ele><time>2026-06-24T14:04:47Z</time></trkpt>
<trkpt lat="33.01084" lon="35.1541775"><ele>735.5</ele><time>2026-06-24T14:04:48Z</time></trkpt>
<trkpt lat="33.01084" lon="35.1541778"><ele>727.6</ele><time>2026-06-24T14:04:49Z</time></trkpt>
<trkpt lat="33.0108399" lon="35.1541785"><ele>717.0</ele><time>2026-06-24T14:04:50Z</time></trkpt>
<trkpt lat="33.0108398" lon="35.1541791"><ele>703.4</ele><time>2026-06-24T14:04:51Z</time></trkpt>
<trkpt lat="33.0108379" lon="35.1541877"><ele>686.5</ele><time>2026-06-24T14:04:52Z</time></trkpt>
<trkpt lat="33.0102469" lon="35.1568071"><ele>627.9</ele><time>2026-06-24T14:05:07Z</time></trkpt>
<trkpt lat="33.0101847" lon="35.1570814"><ele>642.3</ele><time>2026-06-24T14:05:08Z</time></trkpt>
<trkpt lat="33.0101438" lon="35.1572595"><ele>660.7</ele><time>2026-06-24T14:05:09Z</time></trkpt>
<trkpt lat="33.0101175" lon="35.1573718"><ele>679.9</ele><time>2026-06-24T14:05:10Z</time></trkpt>
<trkpt lat="33.0101011" lon="35.1574387"><ele>697.4</ele><time>2026-06-24T14:05:11Z</time></trkpt>
<trkpt lat="33.0100918" lon="35.1574735"><ele>712.2</ele><time>2026-06-24T14:05:12Z</time></trkpt>
<trkpt lat="33.0100883" lon="35.1574827"><ele>723.8</ele><time>2026-06-24T14:05:13Z</time></trkpt>
<trkpt lat="33.0100898" lon="35.1574693"><ele>732.6</ele><time>2026-06-24T14:05:14Z</time></trkpt>
<trkpt lat="33.0100962" lon="35.1574339"><ele>738.8</ele><time>2026-06-24T14:05:15Z</time></trkpt>
<trkpt lat="33.0101076" lon="35.1573754"><ele>743.0</ele><time>2026-06-24T14:05:16Z</time></trkpt>
<trkpt lat="33.0101248" lon="35.1572907"><ele>745.8</ele><time>2026-06-24T14:05:17Z</time></trkpt>
<trkpt lat="33.0101477" lon="35.1571794"><ele>747.5</ele><time>2026-06-24T14:05:18Z</time></trkpt>
<trkpt lat="33.0101755" lon="35.1570458"><ele>748.4</ele><time>2026-06-24T14:05:19Z</time></trkpt>
<trkpt lat="33.0102067" lon="35.1568967"><ele>748.8</ele><time>2026-06-24T14:05:20Z</time></trkpt>
<trkpt lat="33.0102392" lon="35.1567426"><ele>748.8</ele><time>2026-06-24T14:05:21Z</time></trkpt>
<trkpt lat="33.0102693" lon="35.1566004"><ele>748.3</ele><time>2026-06-24T14:05:22Z</time></trkpt>
<trkpt lat="33.0102911" lon="35.1564975"><ele>747.2</ele><time>2026-06-24T14:05:23Z</time></trkpt>
<trkpt lat="33.0103051" lon="35.1564305"><ele>745.1</ele><time>2026-06-24T14:05:24Z</time></trkpt>
<trkpt lat="33.0103194" lon="35.1563614"><ele>741.8</ele><time>2026-06-24T14:05:25Z</time></trkpt>
<trkpt lat="33.0103372" lon="35.1562747"><ele>736.7</ele><time>2026-06-24T14:05:26Z</time></trkpt>
<trkpt lat="33.0103564" lon="35.1561812"><ele>729.1</ele><time>2026-06-24T14:05:27Z</time></trkpt>
<trkpt lat="33.0103741" lon="35.1560939"><ele>718.6</ele><time>2026-06-24T14:05:28Z</time></trkpt>
<trkpt lat="33.0103839" lon="35.1560454"><ele>704.7</ele><time>2026-06-24T14:05:29Z</time></trkpt>
<trkpt lat="33.0103863" lon="35.1560343"><ele>687.0</ele><time>2026-06-24T14:05:30Z</time></trkpt>
<trkpt lat="33.0103879" lon="35.1560265"><ele>666.1</ele><time>2026-06-24T14:05:31Z</time></trkpt>
<trkpt lat="33.0103959" lon="35.155987"><ele>643.3</ele><time>2026-06-24T14:05:32Z</time></trkpt>
<trkpt lat="33.0104191" lon="35.1558795"><ele>621.2</ele><time>2026-06-24T14:05:33Z</time></trkpt>
<trkpt lat="33.0107349" lon="35.1545032"><ele>619.9</ele><time>2026-06-24T14:05:42Z</time></trkpt>
<trkpt lat="33.0107653" lon="35.1543746"><ele>640.6</ele><time>2026-06-24T14:05:43Z</time></trkpt>
<trkpt lat="33.0107842" lon="35.1542952"><ele>660.9</ele><time>2026-06-24T14:05:44Z</time></trkpt>
<trkpt lat="33.0107971" lon="35.1542414"><ele>680.4</ele><time>2026-06-24T14:05:45Z</time></trkpt>
<trkpt lat="33.0108062" lon="35.1542035"><ele>697.5</ele><time>2026-06-24T14:05:46Z</time></trkpt>
<trkpt lat="33.010813" lon="35.154176"><ele>711.5</ele><time>2026-06-24T14:05:47Z</time></trkpt>
<trkpt lat="33.0108179" lon="35.1541561"><ele>722.1</ele><time>2026-06-24T14:05:48Z</time></trkpt>
<trkpt lat="33.0108204" lon="35.1541457"><ele>729.6</ele><time>2026-06-24T14:05:49Z</time></trkpt>
<trkpt lat="33.0108211" lon="35.1541431"><ele>734.7</ele><time>2026-06-24T14:05:50Z</time></trkpt>
<trkpt lat="33.0108213" lon="35.1541422"><ele>737.9</ele><time>2026-06-24T14:05:51Z</time></trkpt>
<trkpt lat="33.0108215" lon="35.1541414"><ele>739.6</ele><time>2026-06-24T14:05:52Z</time></trkpt>
<trkpt lat="33.0108217" lon="35.1541405"><ele>740.3</ele><time>2026-06-24T14:05:53Z</time></trkpt>
<trkpt lat="33.010822" lon="35.1541394"><ele>740.4</ele><time>2026-06-24T14:05:54Z</time></trkpt>
<trkpt lat="33.0108223" lon="35.1541383"><ele>740.1</ele><time>2026-06-24T14:05:55Z</time></trkpt>
<trkpt lat="33.0108226" lon="35.1541372"><ele>739.7</ele><time>2026-06-24T14:05:56Z</time></trkpt>
<trkpt lat="33.0108228" lon="35.1541361"><ele>739.2</ele><time>2026-06-24T14:05:57Z</time></trkpt>
<trkpt lat="33.0108231" lon="35.1541351"><ele>738.8</ele><time>2026-06-24T14:05:58Z</time></trkpt>
<trkpt lat="33.0108233" lon="35.1541341"><ele>738.4</ele><time>2026-06-24T14:05:59Z</time></trkpt>
<trkpt lat="33.0108236" lon="35.1541331"><ele>738.0</ele><time>2026-06-24T14:06:00Z</time></trkpt>
<trkpt lat="33.0108238" lon="35.1541322"><ele>737.8</ele><time>2026-06-24T14:06:01Z</time></trkpt>
<trkpt lat="33.010824" lon="35.1541314"><ele>737.6</ele><time>2026-06-24T14:06:02Z</time></trkpt>
<trkpt lat="33.0108242" lon="35.1541306"><ele>737.5</ele><time>2026-06-24T14:06:03Z</time></trkpt>
<trkpt lat="33.0108244" lon="35.15413"><ele>737.4</ele><time>2026-06-24T14:06:04Z</time></trkpt>
<trkpt lat="33.0108245" lon="35.1541294"><ele>737.3</ele><time>2026-06-24T14:06:05Z</time></trkpt>
<trkpt lat="33.0108246" lon="35.1541288"><ele>737.3</ele><time>2026-06-24T14:06:06Z</time></trkpt>
<trkpt lat="33.0108248" lon="35.1541284"><ele>737.3</ele><time>2026-06-24T14:06:07Z</time></trkpt>
<trkpt lat="33.0108249" lon="35.1541279"><ele>737.2</ele><time>2026-06-24T14:06:08Z</time></trkpt>
<trkpt lat="33.010825" lon="35.1541276"><ele>737.2</ele><time>2026-06-24T14:06:09Z</time></trkpt>
<trkpt lat="33.010825" lon="35.1541273"><ele>737.2</ele><time>2026-06-24T14:06:10Z</time></trkpt>
<trkpt lat="33.0108251" lon="35.154127"><ele>737.1</ele><time>2026-06-24T14:06:11Z</time></trkpt>
<trkpt lat="33.0108252" lon="35.1541267"><ele>737.1</ele><time>2026-06-24T14:06:12Z</time></trkpt>
<trkpt lat="33.0108252" lon="35.1541265"><ele>737.0</ele><time>2026-06-24T14:06:13Z</time></trkpt>
<trkpt lat="33.0108253" lon="35.1541264"><ele>737.0</ele><time>2026-06-24T14:06:14Z</time></trkpt>
<trkpt lat="33.0108253" lon="35.1541263"><ele>736.9</ele><time>2026-06-24T14:06:15Z</time></trkpt>
<trkpt lat="33.0108253" lon="35.1541262"><ele>736.9</ele><time>2026-06-24T14:06:16Z</time></trkpt>
<trkpt lat="33.0108254" lon="35.1541261"><ele>736.9</ele><time>2026-06-24T14:06:17Z</time></trkpt>
<trkpt lat="33.0108254" lon="35.154126"><ele>736.8</ele><time>2026-06-24T14:06:18Z</time></trkpt>
<trkpt lat="33.0108254" lon="35.1541259"><ele>736.8</ele><time>2026-06-24T14:06:19Z</time></trkpt>
<trkpt lat="33.0108255" lon="35.1541258"><ele>736.8</ele><time>2026-06-24T14:06:20Z</time></trkpt>
<trkpt lat="33.0108255" lon="35.1541258"><ele>736.8</ele><time>2026-06-24T14:06:21Z</time></trkpt>
<trkpt lat="33.0108255" lon="35.1541258"><ele>736.8</ele><time>2026-06-24T14:06:22Z</time></trkpt>
<trkpt lat="33.0108256" lon="35.1541257"><ele>736.8</ele><time>2026-06-24T14:06:23Z</time></trkpt>
<trkpt lat="33.0108256" lon="35.1541257"><ele>736.8</ele><time>2026-06-24T14:06:24Z</time></trkpt>
<trkpt lat="33.0108256" lon="35.1541257"><ele>736.8</ele><time>2026-06-24T14:06:25Z</time></trkpt>
<trkpt lat="33.0108257" lon="35.1541257"><ele>736.8</ele><time>2026-06-24T14:06:26Z</time></trkpt>
<trkpt lat="33.0108258" lon="35.1541257"><ele>736.8</ele><time>2026-06-24T14:06:27Z</time></trkpt>
<trkpt lat="33.0108258" lon="35.1541257"><ele>736.8</ele><time>2026-06-24T14:06:28Z</time></trkpt>
<trkpt lat="33.0108259" lon="35.1541257"><ele>736.8</ele><time>2026-06-24T14:06:29Z</time></trkpt>
<trkpt lat="33.010826" lon="35.1541258"><ele>736.7</ele><time>2026-06-24T14:06:30Z</time></trkpt>
<trkpt lat="33.0108262" lon="35.1541258"><ele>736.7</ele><time>2026-06-24T14:06:31Z</time></trkpt>
<trkpt lat="33.0108263" lon="35.1541259"><ele>736.7</ele><time>2026-06-24T14:06:32Z</time></trkpt>
<trkpt lat="33.0108265" lon="35.154126"><ele>736.6</ele><time>2026-06-24T14:06:33Z</time></trkpt>
<trkpt lat="33.0108268" lon="35.1541261"><ele>736.6</ele><time>2026-06-24T14:06:34Z</time></trkpt>
<trkpt lat="33.0108271" lon="35.1541262"><ele>736.5</ele><time>2026-06-24T14:06:35Z</time></trkpt>
<trkpt lat="33.0108275" lon="35.1541264"><ele>736.5</ele><time>2026-06-24T14:06:36Z</time></trkpt>
<trkpt lat="33.0108282" lon="35.1541267"><ele>736.5</ele><time>2026-06-24T14:06:37Z</time></trkpt>
<trkpt lat="33.0108324" lon="35.1541286"><ele>736.4</ele><time>2026-06-24T14:06:39Z</time></trkpt>
<trkpt lat="33.0108351" lon="35.1541298"><ele>736.4</ele><time>2026-06-24T14:06:40Z</time></trkpt>
<trkpt lat="33.0108371" lon="35.1541307"><ele>736.4</ele><time>2026-06-24T14:06:41Z</time></trkpt>
<trkpt lat="33.0108388" lon="35.1541314"><ele>736.3</ele><time>2026-06-24T14:06:42Z</time></trkpt>
<trkpt lat="33.0108401" lon="35.154132"><ele>736.2</ele><time>2026-06-24T14:06:43Z</time></trkpt>
<trkpt lat="33.0108411" lon="35.1541325"><ele>736.1</ele><time>2026-06-24T14:06:44Z</time></trkpt>
<trkpt lat="33.010842" lon="35.1541329"><ele>736.1</ele><time>2026-06-24T14:06:45Z</time></trkpt>
<trkpt lat="33.0108429" lon="35.1541333"><ele>736.0</ele><time>2026-06-24T14:06:46Z</time></trkpt>
<trkpt lat="33.0108437" lon="35.1541337"><ele>735.9</ele><time>2026-06-24T14:06:47Z</time></trkpt>
<trkpt lat="33.0108444" lon="35.154134"><ele>735.9</ele><time>2026-06-24T14:06:48Z</time></trkpt>
<trkpt lat="33.010845" lon="35.1541343"><ele>735.9</ele><time>2026-06-24T14:06:49Z</time></trkpt>
<trkpt lat="33.0108452" lon="35.1541345"><ele>735.8</ele><time>2026-06-24T14:06:50Z</time></trkpt>
<trkpt lat="33.0108452" lon="35.1541345"><ele>735.8</ele><time>2026-06-24T14:06:51Z</time></trkpt>
<trkpt lat="33.0108453" lon="35.1541345"><ele>735.8</ele><time>2026-06-24T14:06:52Z</time></trkpt>
<trkpt lat="33.0108456" lon="35.1541347"><ele>735.8</ele><time>2026-06-24T14:06:53Z</time></trkpt>
<trkpt lat="33.0108458" lon="35.1541349"><ele>735.8</ele><time>2026-06-24T14:06:54Z</time></trkpt>
<trkpt lat="33.010846" lon="35.154135"><ele>735.8</ele><time>2026-06-24T14:06:55Z</time></trkpt>
<trkpt lat="33.0108462" lon="35.1541352"><ele>735.8</ele><time>2026-06-24T14:06:56Z</time></trkpt>
<trkpt lat="33.0108463" lon="35.1541353"><ele>735.8</ele><time>2026-06-24T14:06:57Z</time></trkpt>
<trkpt lat="33.0108464" lon="35.1541355"><ele>735.8</ele><time>2026-06-24T14:06:58Z</time></trkpt>
<trkpt lat="33.0108465" lon="35.1541356"><ele>735.8</ele><time>2026-06-24T14:06:59Z</time></trkpt>
<trkpt lat="33.0108466" lon="35.1541358"><ele>735.8</ele><time>2026-06-24T14:07:00Z</time></trkpt>
<trkpt lat="33.0108466" lon="35.1541359"><ele>735.8</ele><time>2026-06-24T14:07:01Z</time></trkpt>
<trkpt lat="33.0108466" lon="35.154136"><ele>735.8</ele><time>2026-06-24T14:07:02Z</time></trkpt>
<trkpt lat="33.0108467" lon="35.1541362"><ele>735.8</ele><time>2026-06-24T14:07:03Z</time></trkpt>
<trkpt lat="33.0108466" lon="35.1541363"><ele>735.7</ele><time>2026-06-24T14:07:04Z</time></trkpt>
<trkpt lat="33.0108466" lon="35.1541365"><ele>735.7</ele><time>2026-06-24T14:07:05Z</time></trkpt>
<trkpt lat="33.0108466" lon="35.1541366"><ele>735.7</ele><time>2026-06-24T14:07:06Z</time></trkpt>
<trkpt lat="33.0108465" lon="35.1541368"><ele>735.7</ele><time>2026-06-24T14:07:07Z</time></trkpt>
<trkpt lat="33.0108464" lon="35.1541369"><ele>735.7</ele><time>2026-06-24T14:07:08Z</time></trkpt>
<trkpt lat="33.0108463" lon="35.1541371"><ele>735.6</ele><time>2026-06-24T14:07:09Z</time></trkpt>
<trkpt lat="33.0108461" lon="35.1541372"><ele>735.6</ele><time>2026-06-24T14:07:10Z</time></trkpt>
<trkpt lat="33.0108458" lon="35.1541375"><ele>735.6</ele><time>2026-06-24T14:07:11Z</time></trkpt>
<trkpt lat="33.0108446" lon="35.1541382"><ele>735.6</ele><time>2026-06-24T14:07:12Z</time></trkpt>
<trkpt lat="33.0108425" lon="35.1541396"><ele>735.6</ele><time>2026-06-24T14:07:13Z</time></trkpt>
<trkpt lat="33.0108405" lon="35.1541411"><ele>735.5</ele><time>2026-06-24T14:07:14Z</time></trkpt>
<trkpt lat="33.0108389" lon="35.1541423"><ele>735.5</ele><time>2026-06-24T14:07:15Z</time></trkpt>
<trkpt lat="33.010838" lon="35.154143"><ele>735.5</ele><time>2026-06-24T14:07:16Z</time></trkpt>
<trkpt lat="33.0108372" lon="35.1541436"><ele>735.4</ele><time>2026-06-24T14:07:17Z</time></trkpt>
<trkpt lat="33.0108361" lon="35.1541444"><ele>735.4</ele><time>2026-06-24T14:07:18Z</time></trkpt>
<trkpt lat="33.010835" lon="35.1541452"><ele>735.3</ele><time>2026-06-24T14:07:19Z</time></trkpt>
<trkpt lat="33.010834" lon="35.154146"><ele>735.3</ele><time>2026-06-24T14:07:20Z</time></trkpt>
<trkpt lat="33.010833" lon="35.1541466"><ele>735.2</ele><time>2026-06-24T14:07:21Z</time></trkpt>
<trkpt lat="33.0108322" lon="35.1541472"><ele>735.2</ele><time>2026-06-24T14:07:22Z</time></trkpt>
<trkpt lat="33.0108315" lon="35.1541476"><ele>735.1</ele><time>2026-06-24T14:07:23Z</time></trkpt>
<trkpt lat="33.010831" lon="35.1541479"><ele>735.1</ele><time>2026-06-24T14:07:24Z</time></trkpt>
<trkpt lat="33.0108306" lon="35.1541481"><ele>735.0</ele><time>2026-06-24T14:07:25Z</time></trkpt>
<trkpt lat="33.0108302" lon="35.1541482"><ele>735.0</ele><time>2026-06-24T14:07:26Z</time></trkpt>
<trkpt lat="33.01083" lon="35.1541482"><ele>735.0</ele><time>2026-06-24T14:07:27Z</time></trkpt>
<trkpt lat="33.0108299" lon="35.1541481"><ele>735.0</ele><time>2026-06-24T14:07:28Z</time></trkpt>
<trkpt lat="33.0108298" lon="35.1541479"><ele>734.9</ele><time>2026-06-24T14:07:29Z</time></trkpt>
<trkpt lat="33.0108297" lon="35.1541477"><ele>734.9</ele><time>2026-06-24T14:07:30Z</time></trkpt>
<trkpt lat="33.0108297" lon="35.1541474"><ele>734.9</ele><time>2026-06-24T14:07:31Z</time></trkpt>
<trkpt lat="33.0108297" lon="35.154147"><ele>734.9</ele><time>2026-06-24T14:07:32Z</time></trkpt>
<trkpt lat="33.0108297" lon="35.1541466"><ele>734.9</ele><time>2026-06-24T14:07:33Z</time></trkpt>
<trkpt lat="33.0108297" lon="35.1541463"><ele>734.9</ele><time>2026-06-24T14:07:34Z</time></trkpt>
<trkpt lat="33.0108297" lon="35.1541459"><ele>734.8</ele><time>2026-06-24T14:07:35Z</time></trkpt>
<trkpt lat="33.0108297" lon="35.1541455"><ele>734.8</ele><time>2026-06-24T14:07:36Z</time></trkpt>
<trkpt lat="33.0108297" lon="35.1541451"><ele>734.8</ele><time>2026-06-24T14:07:37Z</time></trkpt>
<trkpt lat="33.0108297" lon="35.1541446"><ele>734.8</ele><time>2026-06-24T14:07:38Z</time></trkpt>
<trkpt lat="33.0108297" lon="35.1541442"><ele>734.8</ele><time>2026-06-24T14:07:39Z</time></trkpt>
<trkpt lat="33.0108298" lon="35.1541437"><ele>734.8</ele><time>2026-06-24T14:07:40Z</time></trkpt>
<trkpt lat="33.0108298" lon="35.1541431"><ele>734.8</ele><time>2026-06-24T14:07:41Z</time></trkpt>
<trkpt lat="33.0108299" lon="35.1541423"><ele>734.7</ele><time>2026-06-24T14:07:42Z</time></trkpt>
<trkpt lat="33.0108299" lon="35.1541416"><ele>734.7</ele><time>2026-06-24T14:07:43Z</time></trkpt>
<trkpt lat="33.01083" lon="35.1541409"><ele>734.7</ele><time>2026-06-24T14:07:44Z</time></trkpt>
<trkpt lat="33.0108301" lon="35.1541402"><ele>734.6</ele><time>2026-06-24T14:07:45Z</time></trkpt>
<trkpt lat="33.0108301" lon="35.1541398"><ele>734.6</ele><time>2026-06-24T14:07:46Z</time></trkpt>
<trkpt lat="33.0108302" lon="35.1541395"><ele>734.5</ele><time>2026-06-24T14:07:47Z</time></trkpt>
<trkpt lat="33.0108302" lon="35.154139"><ele>734.3</ele><time>2026-06-24T14:07:48Z</time></trkpt>
<trkpt lat="33.0108304" lon="35.1541381"><ele>734.1</ele><time>2026-06-24T14:07:49Z</time></trkpt>
<trkpt lat="33.0108307" lon="35.1541365"><ele>733.9</ele><time>2026-06-24T14:07:50Z</time></trkpt>
<trkpt lat="33.0108311" lon="35.1541349"><ele>733.6</ele><time>2026-06-24T14:07:51Z</time></trkpt>
<trkpt lat="33.0108313" lon="35.1541337"><ele>733.4</ele><time>2026-06-24T14:07:52Z</time></trkpt>
<trkpt lat="33.0108314" lon="35.1541331"><ele>733.1</ele><time>2026-06-24T14:07:53Z</time></trkpt>
<trkpt lat="33.0108314" lon="35.154133"><ele>732.9</ele><time>2026-06-24T14:07:54Z</time></trkpt>
<trkpt lat="33.0108315" lon="35.1541328"><ele>732.7</ele><time>2026-06-24T14:07:55Z</time></trkpt>
<trkpt lat="33.0108315" lon="35.1541327"><ele>732.5</ele><time>2026-06-24T14:07:56Z</time></trkpt>
<trkpt lat="33.0108315" lon="35.1541326"><ele>732.4</ele><time>2026-06-24T14:07:57Z</time></trkpt>
<trkpt lat="33.0108315" lon="35.1541325"><ele>732.3</ele><time>2026-06-24T14:07:58Z</time></trkpt>
<trkpt lat="33.0108316" lon="35.1541324"><ele>732.2</ele><time>2026-06-24T14:07:59Z</time></trkpt>
<trkpt lat="33.0108316" lon="35.1541323"><ele>732.2</ele><time>2026-06-24T14:08:00Z</time></trkpt>
<trkpt lat="33.0108316" lon="35.1541322"><ele>732.2</ele><time>2026-06-24T14:08:01Z</time></trkpt>
<trkpt lat="33.0108316" lon="35.1541321"><ele>732.2</ele><time>2026-06-24T14:08:02Z</time></trkpt>
<trkpt lat="33.0108316" lon="35.154132"><ele>732.1</ele><time>2026-06-24T14:08:03Z</time></trkpt>
<trkpt lat="33.0108317" lon="35.1541319"><ele>732.1</ele><time>2026-06-24T14:08:04Z</time></trkpt>
<trkpt lat="33.0108317" lon="35.1541318"><ele>732.1</ele><time>2026-06-24T14:08:05Z</time></trkpt>
<trkpt lat="33.0108317" lon="35.1541317"><ele>732.1</ele><time>2026-06-24T14:08:06Z</time></trkpt>
<trkpt lat="33.0108317" lon="35.1541316"><ele>732.1</ele><time>2026-06-24T14:08:07Z</time></trkpt>
<trkpt lat="33.0108317" lon="35.1541315"><ele>732.1</ele><time>2026-06-24T14:08:08Z</time></trkpt>
<trkpt lat="33.0108317" lon="35.1541315"><ele>732.1</ele><time>2026-06-24T14:08:09Z</time></trkpt>
<trkpt lat="33.0108318" lon="35.1541314"><ele>732.1</ele><time>2026-06-24T14:08:10Z</time></trkpt>
<trkpt lat="33.0108318" lon="35.1541313"><ele>732.1</ele><time>2026-06-24T14:08:11Z</time></trkpt>
<trkpt lat="33.0108318" lon="35.1541312"><ele>732.1</ele><time>2026-06-24T14:08:12Z</time></trkpt>
<trkpt lat="33.0108318" lon="35.1541312"><ele>732.1</ele><time>2026-06-24T14:08:13Z</time></trkpt>
<trkpt lat="33.0108318" lon="35.1541311"><ele>732.0</ele><time>2026-06-24T14:08:14Z</time></trkpt>
<trkpt lat="33.0108318" lon="35.1541311"><ele>732.0</ele><time>2026-06-24T14:08:15Z</time></trkpt>
<trkpt lat="33.0108318" lon="35.154131"><ele>732.0</ele><time>2026-06-24T14:08:16Z</time></trkpt>
<trkpt lat="33.0108318" lon="35.154131"><ele>732.0</ele><time>2026-06-24T14:08:17Z</time></trkpt>
<trkpt lat="33.0108319" lon="35.1541309"><ele>732.0</ele><time>2026-06-24T14:08:18Z</time></trkpt>
<trkpt lat="33.0108319" lon="35.1541308"><ele>732.0</ele><time>2026-06-24T14:08:19Z</time></trkpt>
<trkpt lat="33.0108319" lon="35.1541308"><ele>732.0</ele><time>2026-06-24T14:08:20Z</time></trkpt>
<trkpt lat="33.0108319" lon="35.1541308"><ele>732.0</ele><time>2026-06-24T14:08:21Z</time></trkpt>
<trkpt lat="33.0108319" lon="35.1541308"><ele>732.0</ele><time>2026-06-24T14:08:22Z</time></trkpt>
<trkpt lat="33.0108319" lon="35.1541307"><ele>731.9</ele><time>2026-06-24T14:08:23Z</time></trkpt>
<trkpt lat="33.0108319" lon="35.1541307"><ele>731.9</ele><time>2026-06-24T14:08:24Z</time></trkpt>
<trkpt lat="33.0108319" lon="35.1541307"><ele>731.9</ele><time>2026-06-24T14:08:25Z</time></trkpt>
<trkpt lat="33.0108319" lon="35.1541306"><ele>731.9</ele><time>2026-06-24T14:08:26Z</time></trkpt>
<trkpt lat="33.0108319" lon="35.1541306"><ele>731.9</ele><time>2026-06-24T14:08:27Z</time></trkpt>
<trkpt lat="33.0108319" lon="35.1541305"><ele>731.9</ele><time>2026-06-24T14:08:28Z</time></trkpt>
<trkpt lat="33.0108319" lon="35.1541305"><ele>731.9</ele><time>2026-06-24T14:08:29Z</time></trkpt>
<trkpt lat="33.0108319" lon="35.1541305"><ele>731.9</ele><time>2026-06-24T14:08:30Z</time></trkpt>
<trkpt lat="33.0108319" lon="35.1541305"><ele>731.8</ele><time>2026-06-24T14:08:31Z</time></trkpt>
<trkpt lat="33.0108319" lon="35.1541304"><ele>731.8</ele><time>2026-06-24T14:08:32Z</time></trkpt>
<trkpt lat="33.0108319" lon="35.1541304"><ele>731.8</ele><time>2026-06-24T14:08:33Z</time></trkpt>
<trkpt lat="33.010832" lon="35.1541304"><ele>731.8</ele><time>2026-06-24T14:08:34Z</time></trkpt>
<trkpt lat="33.010832" lon="35.1541303"><ele>731.8</ele><time>2026-06-24T14:08:35Z</time></trkpt>
<trkpt lat="33.010832" lon="35.1541303"><ele>731.8</ele><time>2026-06-24T14:08:36Z</time></trkpt>
<trkpt lat="33.010832" lon="35.1541303"><ele>731.8</ele><time>2026-06-24T14:08:37Z</time></trkpt>
<trkpt lat="33.010832" lon="35.1541303"><ele>731.8</ele><time>2026-06-24T14:08:38Z</time></trkpt>
<trkpt lat="33.010832" lon="35.1541303"><ele>731.8</ele><time>2026-06-24T14:08:39Z</time></trkpt>
<trkpt lat="33.010832" lon="35.1541302"><ele>731.8</ele><time>2026-06-24T14:08:40Z</time></trkpt>
<trkpt lat="33.010832" lon="35.1541302"><ele>731.8</ele><time>2026-06-24T14:08:41Z</time></trkpt>
<trkpt lat="33.010832" lon="35.1541302"><ele>731.8</ele><time>2026-06-24T14:08:42Z</time></trkpt>
<trkpt lat="33.010832" lon="35.1541302"><ele>731.7</ele><time>2026-06-24T14:08:43Z</time></trkpt>
<trkpt lat="33.010832" lon="35.1541302"><ele>731.7</ele><time>2026-06-24T14:08:44Z</time></trkpt>
<trkpt lat="33.010832" lon="35.1541302"><ele>731.7</ele><time>2026-06-24T14:08:45Z</time></trkpt>
<trkpt lat="33.010832" lon="35.1541301"><ele>731.7</ele><time>2026-06-24T14:08:46Z</time></trkpt>
<trkpt lat="33.010832" lon="35.1541301"><ele>731.7</ele><time>2026-06-24T14:08:47Z</time></trkpt>
<trkpt lat="33.010832" lon="35.1541301"><ele>731.7</ele><time>2026-06-24T14:08:48Z</time></trkpt>
<trkpt lat="33.010832" lon="35.1541301"><ele>731.7</ele><time>2026-06-24T14:08:49Z</time></trkpt>
<trkpt lat="33.010832" lon="35.1541301"><ele>731.7</ele><time>2026-06-24T14:08:50Z</time></trkpt>
<trkpt lat="33.010832" lon="35.1541301"><ele>731.7</ele><time>2026-06-24T14:08:51Z</time></trkpt>
<trkpt lat="33.010832" lon="35.1541301"><ele>731.6</ele><time>2026-06-24T14:08:52Z</time></trkpt>
<trkpt lat="33.010832" lon="35.1541301"><ele>731.6</ele><time>2026-06-24T14:08:53Z</time></trkpt>
<trkpt lat="33.010832" lon="35.1541301"><ele>731.6</ele><time>2026-06-24T14:08:54Z</time></trkpt>
<trkpt lat="33.010832" lon="35.1541301"><ele>731.6</ele><time>2026-06-24T14:08:55Z</time></trkpt>
<trkpt lat="33.010832" lon="35.15413"><ele>731.6</ele><time>2026-06-24T14:08:56Z</time></trkpt>
<trkpt lat="33.010832" lon="35.15413"><ele>731.6</ele><time>2026-06-24T14:08:57Z</time></trkpt>
<trkpt lat="33.010832" lon="35.15413"><ele>731.5</ele><time>2026-06-24T14:08:58Z</time></trkpt>
<trkpt lat="33.010832" lon="35.15413"><ele>731.5</ele><time>2026-06-24T14:08:59Z</time></trkpt>
<trkpt lat="33.010832" lon="35.1541299"><ele>731.4</ele><time>2026-06-24T14:09:00Z</time></trkpt>
<trkpt lat="33.0108321" lon="35.1541299"><ele>731.3</ele><time>2026-06-24T14:09:01Z</time></trkpt>
<trkpt lat="33.0108321" lon="35.1541298"><ele>731.2</ele><time>2026-06-24T14:09:02Z</time></trkpt>
<trkpt lat="33.0108321" lon="35.1541297"><ele>731.1</ele><time>2026-06-24T14:09:03Z</time></trkpt>
<trkpt lat="33.0108321" lon="35.1541297"><ele>730.9</ele><time>2026-06-24T14:09:04Z</time></trkpt>
<trkpt lat="33.0108322" lon="35.1541296"><ele>730.8</ele><time>2026-06-24T14:09:05Z</time></trkpt>
<trkpt lat="33.0108322" lon="35.1541295"><ele>730.7</ele><time>2026-06-24T14:09:06Z</time></trkpt>
<trkpt lat="33.0108323" lon="35.1541294"><ele>730.6</ele><time>2026-06-24T14:09:07Z</time></trkpt>
<trkpt lat="33.0108323" lon="35.1541293"><ele>730.5</ele><time>2026-06-24T14:09:08Z</time></trkpt>
<trkpt lat="33.0108324" lon="35.1541293"><ele>730.5</ele><time>2026-06-24T14:09:09Z</time></trkpt>
<trkpt lat="33.0108324" lon="35.1541292"><ele>730.4</ele><time>2026-06-24T14:09:10Z</time></trkpt>
<trkpt lat="33.0108325" lon="35.1541291"><ele>730.4</ele><time>2026-06-24T14:09:11Z</time></trkpt>
<trkpt lat="33.0108325" lon="35.1541291"><ele>730.4</ele><time>2026-06-24T14:09:12Z</time></trkpt>
<trkpt lat="33.0108326" lon="35.154129"><ele>730.4</ele><time>2026-06-24T14:09:13Z</time></trkpt>
<trkpt lat="33.0108326" lon="35.1541289"><ele>730.3</ele><time>2026-06-24T14:09:14Z</time></trkpt>
<trkpt lat="33.0108327" lon="35.1541289"><ele>730.3</ele><time>2026-06-24T14:09:15Z</time></trkpt>
<trkpt lat="33.0108327" lon="35.1541288"><ele>730.3</ele><time>2026-06-24T14:09:16Z</time></trkpt>
<trkpt lat="33.0108328" lon="35.1541287"><ele>730.3</ele><time>2026-06-24T14:09:17Z</time></trkpt>
<trkpt lat="33.0108328" lon="35.1541287"><ele>730.3</ele><time>2026-06-24T14:09:18Z</time></trkpt>
<trkpt lat="33.0108329" lon="35.1541286"><ele>730.3</ele><time>2026-06-24T14:09:19Z</time></trkpt>
<trkpt lat="33.0108329" lon="35.1541286"><ele>730.3</ele><time>2026-06-24T14:09:20Z</time></trkpt>
<trkpt lat="33.010833" lon="35.1541285"><ele>730.3</ele><time>2026-06-24T14:09:21Z</time></trkpt>
<trkpt lat="33.010833" lon="35.1541284"><ele>730.2</ele><time>2026-06-24T14:09:22Z</time></trkpt>
<trkpt lat="33.0108331" lon="35.1541283"><ele>730.2</ele><time>2026-06-24T14:09:23Z</time></trkpt>
<trkpt lat="33.0108331" lon="35.1541282"><ele>730.1</ele><time>2026-06-24T14:09:24Z</time></trkpt>
<trkpt lat="33.0108332" lon="35.1541281"><ele>730.1</ele><time>2026-06-24T14:09:25Z</time></trkpt>
<trkpt lat="33.0108333" lon="35.154128"><ele>730.0</ele><time>2026-06-24T14:09:26Z</time></trkpt>
<trkpt lat="33.0108333" lon="35.1541279"><ele>730.0</ele><time>2026-06-24T14:09:27Z</time></trkpt>
<trkpt lat="33.0108334" lon="35.1541278"><ele>729.9</ele><time>2026-06-24T14:09:28Z</time></trkpt>
<trkpt lat="33.0108335" lon="35.1541277"><ele>729.9</ele><time>2026-06-24T14:09:29Z</time></trkpt>
<trkpt lat="33.0108335" lon="35.1541276"><ele>729.8</ele><time>2026-06-24T14:09:30Z</time></trkpt>
<trkpt lat="33.0108336" lon="35.1541275"><ele>729.8</ele><time>2026-06-24T14:09:31Z</time></trkpt>
<trkpt lat="33.0108337" lon="35.1541274"><ele>729.7</ele><time>2026-06-24T14:09:32Z</time></trkpt>
<trkpt lat="33.0108338" lon="35.1541273"><ele>729.7</ele><time>2026-06-24T14:09:33Z</time></trkpt>
<trkpt lat="33.0108339" lon="35.1541271"><ele>729.6</ele><time>2026-06-24T14:09:34Z</time></trkpt>
<trkpt lat="33.010834" lon="35.154127"><ele>729.6</ele><time>2026-06-24T14:09:35Z</time></trkpt>
<trkpt lat="33.010834" lon="35.1541269"><ele>729.5</ele><time>2026-06-24T14:09:36Z</time></trkpt>
<trkpt lat="33.0108341" lon="35.1541268"><ele>729.5</ele><time>2026-06-24T14:09:37Z</time></trkpt>
<trkpt lat="33.0108342" lon="35.1541266"><ele>729.4</ele><time>2026-06-24T14:09:38Z</time></trkpt>
<trkpt lat="33.0108343" lon="35.1541264"><ele>729.4</ele><time>2026-06-24T14:09:39Z</time></trkpt>
<trkpt lat="33.0108344" lon="35.1541263"><ele>729.3</ele><time>2026-06-24T14:09:40Z</time></trkpt>
<trkpt lat="33.0108345" lon="35.1541261"><ele>729.3</ele><time>2026-06-24T14:09:41Z</time></trkpt>
<trkpt lat="33.0108347" lon="35.1541259"><ele>729.2</ele><time>2026-06-24T14:09:42Z</time></trkpt>
<trkpt lat="33.0108348" lon="35.1541257"><ele>729.2</ele><time>2026-06-24T14:09:43Z</time></trkpt>
<trkpt lat="33.0108349" lon="35.1541255"><ele>729.1</ele><time>2026-06-24T14:09:44Z</time></trkpt>
<trkpt lat="33.0108351" lon="35.1541253"><ele>729.1</ele><time>2026-06-24T14:09:45Z</time></trkpt>
<trkpt lat="33.0108352" lon="35.154125"><ele>729.1</ele><time>2026-06-24T14:09:46Z</time></trkpt>
<trkpt lat="33.0108354" lon="35.1541248"><ele>729.0</ele><time>2026-06-24T14:09:47Z</time></trkpt>
<trkpt lat="33.0108355" lon="35.1541245"><ele>729.0</ele><time>2026-06-24T14:09:48Z</time></trkpt>
<trkpt lat="33.0108357" lon="35.1541242"><ele>729.0</ele><time>2026-06-24T14:09:49Z</time></trkpt>
<trkpt lat="33.0108364" lon="35.1541233"><ele>728.9</ele><time>2026-06-24T14:09:50Z</time></trkpt>
<trkpt lat="33.0108376" lon="35.1541218"><ele>728.9</ele><time>2026-06-24T14:09:51Z</time></trkpt>
<trkpt lat="33.0108384" lon="35.1541209"><ele>728.8</ele><time>2026-06-24T14:09:52Z</time></trkpt>
<trkpt lat="33.0108395" lon="35.154121"><ele>728.8</ele><time>2026-06-24T14:09:53Z</time></trkpt>
<trkpt lat="33.010841" lon="35.1541207"><ele>728.7</ele><time>2026-06-24T14:09:54Z</time></trkpt>
<trkpt lat="33.0108431" lon="35.1541187"><ele>728.7</ele><time>2026-06-24T14:09:55Z</time></trkpt>
<trkpt lat="33.010846" lon="35.1541149"><ele>728.7</ele><time>2026-06-24T14:09:56Z</time></trkpt>
<trkpt lat="33.0108493" lon="35.154111"><ele>728.6</ele><time>2026-06-24T14:09:57Z</time></trkpt>
<trkpt lat="33.0108523" lon="35.1541081"><ele>728.6</ele><time>2026-06-24T14:09:58Z</time></trkpt>
<trkpt lat="33.010855" lon="35.1541059"><ele>728.6</ele><time>2026-06-24T14:09:59Z</time></trkpt>
<trkpt lat="33.0108573" lon="35.1541043"><ele>728.5</ele><time>2026-06-24T14:10:00Z</time></trkpt>
<trkpt lat="33.0108592" lon="35.1541031"><ele>728.5</ele><time>2026-06-24T14:10:01Z</time></trkpt>
<trkpt lat="33.0108602" lon="35.1541026"><ele>728.5</ele><time>2026-06-24T14:10:02Z</time></trkpt>
<trkpt lat="33.0108605" lon="35.1541025"><ele>728.5</ele><time>2026-06-24T14:10:03Z</time></trkpt>
<trkpt lat="33.0108609" lon="35.1541023"><ele>728.5</ele><time>2026-06-24T14:10:04Z</time></trkpt>
<trkpt lat="33.0108616" lon="35.1541021"><ele>728.4</ele><time>2026-06-24T14:10:05Z</time></trkpt>
<trkpt lat="33.0108623" lon="35.1541019"><ele>728.4</ele><time>2026-06-24T14:10:06Z</time></trkpt>
<trkpt lat="33.0108628" lon="35.1541018"><ele>728.4</ele><time>2026-06-24T14:10:07Z</time></trkpt>
<trkpt lat="33.0108631" lon="35.1541017"><ele>728.4</ele><time>2026-06-24T14:10:08Z</time></trkpt>
<trkpt lat="33.0108645" lon="35.1541013"><ele>728.4</ele><time>2026-06-24T14:10:09Z</time></trkpt>
<trkpt lat="33.0108652" lon="35.154101"><ele>728.4</ele><time>2026-06-24T14:10:10Z</time></trkpt>
<trkpt lat="33.0108657" lon="35.1541006"><ele>728.4</ele><time>2026-06-24T14:10:11Z</time></trkpt>
<trkpt lat="33.0108662" lon="35.1541003"><ele>728.4</ele><time>2026-06-24T14:10:12Z</time></trkpt>
<trkpt lat="33.0108665" lon="35.1541001"><ele>728.4</ele><time>2026-06-24T14:10:13Z</time></trkpt>
<trkpt lat="33.0108667" lon="35.1540999"><ele>728.4</ele><time>2026-06-24T14:10:14Z</time></trkpt>
<trkpt lat="33.010867" lon="35.1540997"><ele>728.3</ele><time>2026-06-24T14:10:15Z</time></trkpt>
<trkpt lat="33.0108672" lon="35.1540995"><ele>728.3</ele><time>2026-06-24T14:10:16Z</time></trkpt>
<trkpt lat="33.0108674" lon="35.1540995"><ele>728.3</ele><time>2026-06-24T14:10:17Z</time></trkpt>
<trkpt lat="33.0108679" lon="35.1541002"><ele>728.3</ele><time>2026-06-24T14:10:18Z</time></trkpt>
<trkpt lat="33.0108686" lon="35.1541014"><ele>728.3</ele><time>2026-06-24T14:10:19Z</time></trkpt>
<trkpt lat="33.0108689" lon="35.1541018"><ele>728.3</ele><time>2026-06-24T14:10:20Z</time></trkpt>
<trkpt lat="33.0108688" lon="35.1541017"><ele>728.3</ele><time>2026-06-24T14:10:21Z</time></trkpt>
<trkpt lat="33.0108689" lon="35.1541017"><ele>728.3</ele><time>2026-06-24T14:10:22Z</time></trkpt>
<trkpt lat="33.0108687" lon="35.1541017"><ele>728.3</ele><time>2026-06-24T14:10:23Z</time></trkpt>
<trkpt lat="33.0108685" lon="35.1541017"><ele>728.3</ele><time>2026-06-24T14:10:24Z</time></trkpt>
<trkpt lat="33.0108685" lon="35.1541016"><ele>728.3</ele><time>2026-06-24T14:10:25Z</time></trkpt>
<trkpt lat="33.0108687" lon="35.1541017"><ele>728.3</ele><time>2026-06-24T14:10:26Z</time></trkpt>
<trkpt lat="33.0108689" lon="35.1541017"><ele>728.3</ele><time>2026-06-24T14:10:27Z</time></trkpt>
<trkpt lat="33.0108689" lon="35.1541016"><ele>728.2</ele><time>2026-06-24T14:10:28Z</time></trkpt>
<trkpt lat="33.0108689" lon="35.1541015"><ele>728.2</ele><time>2026-06-24T14:10:29Z</time></trkpt>
<trkpt lat="33.0108689" lon="35.1541014"><ele>728.2</ele><time>2026-06-24T14:10:30Z</time></trkpt>
<trkpt lat="33.0108689" lon="35.1541013"><ele>728.2</ele><time>2026-06-24T14:10:31Z</time></trkpt>
<trkpt lat="33.0108689" lon="35.1541012"><ele>728.2</ele><time>2026-06-24T14:10:32Z</time></trkpt>
<trkpt lat="33.0108689" lon="35.1541011"><ele>728.2</ele><time>2026-06-24T14:10:33Z</time></trkpt>
<trkpt lat="33.0108688" lon="35.154101"><ele>728.2</ele><time>2026-06-24T14:10:34Z</time></trkpt>
<trkpt lat="33.0108688" lon="35.154101"><ele>728.2</ele><time>2026-06-24T14:10:35Z</time></trkpt>
<trkpt lat="33.0108687" lon="35.1541009"><ele>728.1</ele><time>2026-06-24T14:10:36Z</time></trkpt>
<trkpt lat="33.0108683" lon="35.1541002"><ele>728.1</ele><time>2026-06-24T14:10:37Z</time></trkpt>
<trkpt lat="33.0108678" lon="35.1540995"><ele>728.1</ele><time>2026-06-24T14:10:38Z</time></trkpt>
<trkpt lat="33.0108668" lon="35.1540996"><ele>728.1</ele><time>2026-06-24T14:10:39Z</time></trkpt>
<trkpt lat="33.010866" lon="35.1540998"><ele>728.1</ele><time>2026-06-24T14:10:40Z</time></trkpt>
<trkpt lat="33.0108668" lon="35.1541"><ele>728.0</ele><time>2026-06-24T14:10:41Z</time></trkpt>
<trkpt lat="33.0108681" lon="35.1541008"><ele>728.0</ele><time>2026-06-24T14:10:42Z</time></trkpt>
<trkpt lat="33.0108686" lon="35.1541022"><ele>728.0</ele><time>2026-06-24T14:10:43Z</time></trkpt>
<trkpt lat="33.0108691" lon="35.1541038"><ele>728.0</ele><time>2026-06-24T14:10:44Z</time></trkpt>
<trkpt lat="33.0108699" lon="35.1541054"><ele>727.9</ele><time>2026-06-24T14:10:45Z</time></trkpt>
<trkpt lat="33.0108711" lon="35.1541069"><ele>727.9</ele><time>2026-06-24T14:10:46Z</time></trkpt>
<trkpt lat="33.0108731" lon="35.1541083"><ele>727.8</ele><time>2026-06-24T14:10:47Z</time></trkpt>
<trkpt lat="33.0108764" lon="35.1541097"><ele>727.8</ele><time>2026-06-24T14:10:48Z</time></trkpt>
<trkpt lat="33.0108821" lon="35.1541115"><ele>727.7</ele><time>2026-06-24T14:10:49Z</time></trkpt>
<trkpt lat="33.0108919" lon="35.1541141"><ele>727.7</ele><time>2026-06-24T14:10:50Z</time></trkpt>
<trkpt lat="33.0109063" lon="35.1541173"><ele>727.6</ele><time>2026-06-24T14:10:51Z</time></trkpt>
<trkpt lat="33.0109242" lon="35.1541207"><ele>727.5</ele><time>2026-06-24T14:10:52Z</time></trkpt>
<trkpt lat="33.0109435" lon="35.154125"><ele>727.5</ele><time>2026-06-24T14:10:53Z</time></trkpt>
<trkpt lat="33.0109623" lon="35.1541302"><ele>727.4</ele><time>2026-06-24T14:10:54Z</time></trkpt>
<trkpt lat="33.0109798" lon="35.1541369"><ele>727.3</ele><time>2026-06-24T14:10:55Z</time></trkpt>
<trkpt lat="33.0109959" lon="35.1541461"><ele>727.3</ele><time>2026-06-24T14:10:56Z</time></trkpt>
<trkpt lat="33.011011" lon="35.1541583"><ele>727.2</ele><time>2026-06-24T14:10:57Z</time></trkpt>
<trkpt lat="33.0110245" lon="35.1541734"><ele>727.1</ele><time>2026-06-24T14:10:58Z</time></trkpt>
<trkpt lat="33.011037" lon="35.1541913"><ele>727.1</ele><time>2026-06-24T14:10:59Z</time></trkpt>
<trkpt lat="33.0110482" lon="35.1542127"><ele>727.0</ele><time>2026-06-24T14:11:00Z</time></trkpt>
<trkpt lat="33.0110572" lon="35.1542391"><ele>726.8</ele><time>2026-06-24T14:11:01Z</time></trkpt>
<trkpt lat="33.0110633" lon="35.1542717"><ele>726.6</ele><time>2026-06-24T14:11:02Z</time></trkpt>
<trkpt lat="33.0110657" lon="35.1543111"><ele>726.3</ele><time>2026-06-24T14:11:03Z</time></trkpt>
<trkpt lat="33.0110641" lon="35.1543569"><ele>725.8</ele><time>2026-06-24T14:11:04Z</time></trkpt>
<trkpt lat="33.0110584" lon="35.1544089"><ele>725.1</ele><time>2026-06-24T14:11:05Z</time></trkpt>
<trkpt lat="33.0110483" lon="35.154466"><ele>724.2</ele><time>2026-06-24T14:11:06Z</time></trkpt>
<trkpt lat="33.0110337" lon="35.1545263"><ele>723.1</ele><time>2026-06-24T14:11:07Z</time></trkpt>
<trkpt lat="33.0110148" lon="35.1545885"><ele>721.7</ele><time>2026-06-24T14:11:08Z</time></trkpt>
<trkpt lat="33.0109922" lon="35.1546523"><ele>720.0</ele><time>2026-06-24T14:11:09Z</time></trkpt>
<trkpt lat="33.0109657" lon="35.1547169"><ele>718.1</ele><time>2026-06-24T14:11:10Z</time></trkpt>
<trkpt lat="33.0109359" lon="35.1547811"><ele>716.0</ele><time>2026-06-24T14:11:11Z</time></trkpt>
<trkpt lat="33.0109043" lon="35.1548453"><ele>713.8</ele><time>2026-06-24T14:11:12Z</time></trkpt>
<trkpt lat="33.0108776" lon="35.1549124"><ele>711.6</ele><time>2026-06-24T14:11:13Z</time></trkpt>
<trkpt lat="33.0108581" lon="35.1549817"><ele>709.5</ele><time>2026-06-24T14:11:14Z</time></trkpt>
<trkpt lat="33.0108432" lon="35.1550499"><ele>707.6</ele><time>2026-06-24T14:11:15Z</time></trkpt>
<trkpt lat="33.0108356" lon="35.1551162"><ele>705.9</ele><time>2026-06-24T14:11:16Z</time></trkpt>
<trkpt lat="33.0108372" lon="35.155178"><ele>704.4</ele><time>2026-06-24T14:11:17Z</time></trkpt>
<trkpt lat="33.0108485" lon="35.1552326"><ele>703.3</ele><time>2026-06-24T14:11:18Z</time></trkpt>
<trkpt lat="33.0108689" lon="35.155278"><ele>702.4</ele><time>2026-06-24T14:11:19Z</time></trkpt>
<trkpt lat="33.0108961" lon="35.1553145"><ele>701.8</ele><time>2026-06-24T14:11:20Z</time></trkpt>
<trkpt lat="33.0109281" lon="35.1553433"><ele>701.4</ele><time>2026-06-24T14:11:21Z</time></trkpt>
<trkpt lat="33.0109644" lon="35.1553652"><ele>701.1</ele><time>2026-06-24T14:11:22Z</time></trkpt>
<trkpt lat="33.0110046" lon="35.1553819"><ele>700.9</ele><time>2026-06-24T14:11:23Z</time></trkpt>
<trkpt lat="33.011047" lon="35.1553946"><ele>700.7</ele><time>2026-06-24T14:11:24Z</time></trkpt>
<trkpt lat="33.0110893" lon="35.1554037"><ele>700.6</ele><time>2026-06-24T14:11:25Z</time></trkpt>
<trkpt lat="33.0111309" lon="35.1554118"><ele>700.6</ele><time>2026-06-24T14:11:26Z</time></trkpt>
<trkpt lat="33.0111725" lon="35.1554217"><ele>700.6</ele><time>2026-06-24T14:11:27Z</time></trkpt>
<trkpt lat="33.0112138" lon="35.1554344"><ele>700.5</ele><time>2026-06-24T14:11:28Z</time></trkpt>
<trkpt lat="33.0112529" lon="35.1554509"><ele>700.5</ele><time>2026-06-24T14:11:29Z</time></trkpt>
<trkpt lat="33.0112886" lon="35.1554719"><ele>700.5</ele><time>2026-06-24T14:11:30Z</time></trkpt>
<trkpt lat="33.0113217" lon="35.1554989"><ele>700.5</ele><time>2026-06-24T14:11:31Z</time></trkpt>
<trkpt lat="33.0113526" lon="35.1555318"><ele>700.4</ele><time>2026-06-24T14:11:32Z</time></trkpt>
<trkpt lat="33.0113824" lon="35.1555698"><ele>700.4</ele><time>2026-06-24T14:11:33Z</time></trkpt>
<trkpt lat="33.0114115" lon="35.1556121"><ele>700.4</ele><time>2026-06-24T14:11:34Z</time></trkpt>
<trkpt lat="33.0114384" lon="35.1556573"><ele>700.4</ele><time>2026-06-24T14:11:35Z</time></trkpt>
<trkpt lat="33.0114624" lon="35.1557044"><ele>700.4</ele><time>2026-06-24T14:11:36Z</time></trkpt>
<trkpt lat="33.0114831" lon="35.1557536"><ele>700.4</ele><time>2026-06-24T14:11:37Z</time></trkpt>
<trkpt lat="33.0114995" lon="35.1558051"><ele>700.4</ele><time>2026-06-24T14:11:38Z</time></trkpt>
<trkpt lat="33.0115109" lon="35.155857"><ele>700.4</ele><time>2026-06-24T14:11:39Z</time></trkpt>
<trkpt lat="33.0115169" lon="35.1559087"><ele>700.4</ele><time>2026-06-24T14:11:40Z</time></trkpt>
<trkpt lat="33.0115177" lon="35.1559606"><ele>700.4</ele><time>2026-06-24T14:11:41Z</time></trkpt>
<trkpt lat="33.0115133" lon="35.1560104"><ele>700.3</ele><time>2026-06-24T14:11:42Z</time></trkpt>
<trkpt lat="33.0115056" lon="35.1560569"><ele>700.3</ele><time>2026-06-24T14:11:43Z</time></trkpt>
<trkpt lat="33.0114985" lon="35.1561016"><ele>700.3</ele><time>2026-06-24T14:11:44Z</time></trkpt>
<trkpt lat="33.011491" lon="35.1561464"><ele>700.2</ele><time>2026-06-24T14:11:45Z</time></trkpt>
<trkpt lat="33.0114808" lon="35.1561923"><ele>700.2</ele><time>2026-06-24T14:11:46Z</time></trkpt>
<trkpt lat="33.0114705" lon="35.1562404"><ele>700.1</ele><time>2026-06-24T14:11:47Z</time></trkpt>
<trkpt lat="33.0114622" lon="35.1562907"><ele>700.0</ele><time>2026-06-24T14:11:48Z</time></trkpt>
<trkpt lat="33.0114552" lon="35.156342"><ele>699.9</ele><time>2026-06-24T14:11:49Z</time></trkpt>
<trkpt lat="33.0114479" lon="35.1563931"><ele>699.7</ele><time>2026-06-24T14:11:50Z</time></trkpt>
<trkpt lat="33.0114406" lon="35.156443"><ele>699.6</ele><time>2026-06-24T14:11:51Z</time></trkpt>
<trkpt lat="33.0114342" lon="35.1564909"><ele>699.4</ele><time>2026-06-24T14:11:52Z</time></trkpt>
<trkpt lat="33.0114288" lon="35.1565381"><ele>699.1</ele><time>2026-06-24T14:11:53Z</time></trkpt>
<trkpt lat="33.0114232" lon="35.1565846"><ele>698.9</ele><time>2026-06-24T14:11:54Z</time></trkpt>
<trkpt lat="33.0114178" lon="35.1566304"><ele>698.6</ele><time>2026-06-24T14:11:55Z</time></trkpt>
<trkpt lat="33.0114137" lon="35.1566761"><ele>698.3</ele><time>2026-06-24T14:11:56Z</time></trkpt>
<trkpt lat="33.0114112" lon="35.1567226"><ele>698.0</ele><time>2026-06-24T14:11:57Z</time></trkpt>
<trkpt lat="33.0114101" lon="35.1567704"><ele>697.7</ele><time>2026-06-24T14:11:58Z</time></trkpt>
<trkpt lat="33.0114092" lon="35.1568186"><ele>697.5</ele><time>2026-06-24T14:11:59Z</time></trkpt>
<trkpt lat="33.0114073" lon="35.1568661"><ele>697.2</ele><time>2026-06-24T14:12:00Z</time></trkpt>
<trkpt lat="33.0114044" lon="35.1569133"><ele>696.9</ele><time>2026-06-24T14:12:01Z</time></trkpt>
<trkpt lat="33.0114009" lon="35.1569607"><ele>696.6</ele><time>2026-06-24T14:12:02Z</time></trkpt>
<trkpt lat="33.0113964" lon="35.1570088"><ele>696.4</ele><time>2026-06-24T14:12:03Z</time></trkpt>
<trkpt lat="33.0113912" lon="35.1570572"><ele>696.1</ele><time>2026-06-24T14:12:04Z</time></trkpt>
<trkpt lat="33.0113852" lon="35.1571047"><ele>695.8</ele><time>2026-06-24T14:12:05Z</time></trkpt>
<trkpt lat="33.0113782" lon="35.1571516"><ele>695.6</ele><time>2026-06-24T14:12:06Z</time></trkpt>
<trkpt lat="33.0113703" lon="35.1571982"><ele>695.3</ele><time>2026-06-24T14:12:07Z</time></trkpt>
<trkpt lat="33.0113614" lon="35.1572444"><ele>695.0</ele><time>2026-06-24T14:12:08Z</time></trkpt>
<trkpt lat="33.0113516" lon="35.1572905"><ele>694.7</ele><time>2026-06-24T14:12:09Z</time></trkpt>
<trkpt lat="33.0113414" lon="35.1573362"><ele>694.4</ele><time>2026-06-24T14:12:10Z</time></trkpt>
<trkpt lat="33.0113308" lon="35.157381"><ele>694.0</ele><time>2026-06-24T14:12:11Z</time></trkpt>
<trkpt lat="33.0113198" lon="35.1574256"><ele>693.7</ele><time>2026-06-24T14:12:12Z</time></trkpt>
<trkpt lat="33.0113081" lon="35.1574712"><ele>693.4</ele><time>2026-06-24T14:12:13Z</time></trkpt>
<trkpt lat="33.0112964" lon="35.1575178"><ele>693.0</ele><time>2026-06-24T14:12:14Z</time></trkpt>
<trkpt lat="33.0112852" lon="35.1575643"><ele>692.6</ele><time>2026-06-24T14:12:15Z</time></trkpt>
<trkpt lat="33.0112734" lon="35.1576101"><ele>692.3</ele><time>2026-06-24T14:12:16Z</time></trkpt>
<trkpt lat="33.0112614" lon="35.1576541"><ele>691.9</ele><time>2026-06-24T14:12:17Z</time></trkpt>
<trkpt lat="33.0112504" lon="35.1576972"><ele>691.5</ele><time>2026-06-24T14:12:18Z</time></trkpt>
<trkpt lat="33.0112401" lon="35.1577401"><ele>691.1</ele><time>2026-06-24T14:12:19Z</time></trkpt>
<trkpt lat="33.0112291" lon="35.1577829"><ele>690.7</ele><time>2026-06-24T14:12:20Z</time></trkpt>
<trkpt lat="33.0112166" lon="35.1578255"><ele>690.2</ele><time>2026-06-24T14:12:21Z</time></trkpt>
<trkpt lat="33.011203" lon="35.1578658"><ele>689.8</ele><time>2026-06-24T14:12:22Z</time></trkpt>
<trkpt lat="33.011189" lon="35.1579044"><ele>689.3</ele><time>2026-06-24T14:12:23Z</time></trkpt>
<trkpt lat="33.011174" lon="35.1579427"><ele>688.9</ele><time>2026-06-24T14:12:24Z</time></trkpt>
<trkpt lat="33.0111584" lon="35.1579805"><ele>688.4</ele><time>2026-06-24T14:12:25Z</time></trkpt>
<trkpt lat="33.0111429" lon="35.1580178"><ele>688.0</ele><time>2026-06-24T14:12:26Z</time></trkpt>
<trkpt lat="33.0111268" lon="35.1580554"><ele>687.5</ele><time>2026-06-24T14:12:27Z</time></trkpt>
<trkpt lat="33.0111102" lon="35.1580934"><ele>687.0</ele><time>2026-06-24T14:12:28Z</time></trkpt>
<trkpt lat="33.0110937" lon="35.1581309"><ele>686.6</ele><time>2026-06-24T14:12:29Z</time></trkpt>
<trkpt lat="33.0110775" lon="35.1581682"><ele>686.1</ele><time>2026-06-24T14:12:30Z</time></trkpt>
<trkpt lat="33.0110605" lon="35.1582062"><ele>685.6</ele><time>2026-06-24T14:12:31Z</time></trkpt>
<trkpt lat="33.0110447" lon="35.1582454"><ele>685.2</ele><time>2026-06-24T14:12:32Z</time></trkpt>
<trkpt lat="33.0110323" lon="35.1582837"><ele>684.7</ele><time>2026-06-24T14:12:33Z</time></trkpt>
<trkpt lat="33.0110225" lon="35.1583202"><ele>684.3</ele><time>2026-06-24T14:12:34Z</time></trkpt>
<trkpt lat="33.0110136" lon="35.1583583"><ele>683.8</ele><time>2026-06-24T14:12:35Z</time></trkpt>
<trkpt lat="33.011004" lon="35.1583994"><ele>683.4</ele><time>2026-06-24T14:12:36Z</time></trkpt>
<trkpt lat="33.0109946" lon="35.1584418"><ele>683.1</ele><time>2026-06-24T14:12:37Z</time></trkpt>
<trkpt lat="33.0109868" lon="35.1584846"><ele>682.7</ele><time>2026-06-24T14:12:38Z</time></trkpt>
<trkpt lat="33.0109813" lon="35.1585283"><ele>682.4</ele><time>2026-06-24T14:12:39Z</time></trkpt>
<trkpt lat="33.0109778" lon="35.1585726"><ele>682.1</ele><time>2026-06-24T14:12:40Z</time></trkpt>
<trkpt lat="33.010975" lon="35.1586166"><ele>681.9</ele><time>2026-06-24T14:12:41Z</time></trkpt>
<trkpt lat="33.0109727" lon="35.1586608"><ele>681.6</ele><time>2026-06-24T14:12:42Z</time></trkpt>
<trkpt lat="33.0109712" lon="35.1587054"><ele>681.4</ele><time>2026-06-24T14:12:43Z</time></trkpt>
<trkpt lat="33.0109699" lon="35.1587506"><ele>681.2</ele><time>2026-06-24T14:12:44Z</time></trkpt>
<trkpt lat="33.0109688" lon="35.1587967"><ele>681.1</ele><time>2026-06-24T14:12:45Z</time></trkpt>
<trkpt lat="33.0109679" lon="35.1588425"><ele>680.9</ele><time>2026-06-24T14:12:46Z</time></trkpt>
<trkpt lat="33.0109672" lon="35.1588871"><ele>680.8</ele><time>2026-06-24T14:12:47Z</time></trkpt>
<trkpt lat="33.0109671" lon="35.1589316"><ele>680.6</ele><time>2026-06-24T14:12:48Z</time></trkpt>
<trkpt lat="33.0109674" lon="35.1589765"><ele>680.5</ele><time>2026-06-24T14:12:49Z</time></trkpt>
<trkpt lat="33.0109686" lon="35.1590221"><ele>680.3</ele><time>2026-06-24T14:12:50Z</time></trkpt>
<trkpt lat="33.010972" lon="35.1590676"><ele>680.2</ele><time>2026-06-24T14:12:51Z</time></trkpt>
<trkpt lat="33.0109787" lon="35.1591117"><ele>680.0</ele><time>2026-06-24T14:12:52Z</time></trkpt>
<trkpt lat="33.0109886" lon="35.159155"><ele>679.9</ele><time>2026-06-24T14:12:53Z</time></trkpt>
<trkpt lat="33.0110014" lon="35.1592003"><ele>679.8</ele><time>2026-06-24T14:12:54Z</time></trkpt>
<trkpt lat="33.0110173" lon="35.1592466"><ele>679.6</ele><time>2026-06-24T14:12:55Z</time></trkpt>
<trkpt lat="33.0110357" lon="35.1592913"><ele>679.5</ele><time>2026-06-24T14:12:56Z</time></trkpt>
<trkpt lat="33.0110549" lon="35.1593348"><ele>679.4</ele><time>2026-06-24T14:12:57Z</time></trkpt>
<trkpt lat="33.0110736" lon="35.1593771"><ele>679.3</ele><time>2026-06-24T14:12:58Z</time></trkpt>
<trkpt lat="33.0110919" lon="35.1594178"><ele>679.2</ele><time>2026-06-24T14:12:59Z</time></trkpt>
<trkpt lat="33.0111103" lon="35.1594591"><ele>679.1</ele><time>2026-06-24T14:13:00Z</time></trkpt>
<trkpt lat="33.01113" lon="35.1595013"><ele>679.0</ele><time>2026-06-24T14:13:01Z</time></trkpt>
<trkpt lat="33.0111503" lon="35.1595432"><ele>678.9</ele><time>2026-06-24T14:13:02Z</time></trkpt>
<trkpt lat="33.0111696" lon="35.1595875"><ele>678.8</ele><time>2026-06-24T14:13:03Z</time></trkpt>
<trkpt lat="33.0111864" lon="35.159635"><ele>678.8</ele><time>2026-06-24T14:13:04Z</time></trkpt>
<trkpt lat="33.0112" lon="35.1596851"><ele>678.7</ele><time>2026-06-24T14:13:05Z</time></trkpt>
<trkpt lat="33.0112119" lon="35.1597351"><ele>678.6</ele><time>2026-06-24T14:13:06Z</time></trkpt>
<trkpt lat="33.0112231" lon="35.1597836"><ele>678.6</ele><time>2026-06-24T14:13:07Z</time></trkpt>
<trkpt lat="33.0112346" lon="35.1598325"><ele>678.5</ele><time>2026-06-24T14:13:08Z</time></trkpt>
<trkpt lat="33.0112459" lon="35.1598824"><ele>678.4</ele><time>2026-06-24T14:13:09Z</time></trkpt>
<trkpt lat="33.011256" lon="35.1599314"><ele>678.4</ele><time>2026-06-24T14:13:10Z</time></trkpt>
<trkpt lat="33.0112661" lon="35.1599787"><ele>678.3</ele><time>2026-06-24T14:13:11Z</time></trkpt>
<trkpt lat="33.0112765" lon="35.1600255"><ele>678.2</ele><time>2026-06-24T14:13:12Z</time></trkpt>
<trkpt lat="33.0112858" lon="35.1600728"><ele>678.1</ele><time>2026-06-24T14:13:13Z</time></trkpt>
<trkpt lat="33.0112954" lon="35.16012"><ele>678.0</ele><time>2026-06-24T14:13:14Z</time></trkpt>
<trkpt lat="33.0113062" lon="35.1601672"><ele>677.9</ele><time>2026-06-24T14:13:15Z</time></trkpt>
<trkpt lat="33.0113177" lon="35.1602134"><ele>677.8</ele><time>2026-06-24T14:13:16Z</time></trkpt>
<trkpt lat="33.01133" lon="35.1602589"><ele>677.6</ele><time>2026-06-24T14:13:17Z</time></trkpt>
<trkpt lat="33.0113436" lon="35.1603048"><ele>677.5</ele><time>2026-06-24T14:13:18Z</time></trkpt>
<trkpt lat="33.0113571" lon="35.1603513"><ele>677.5</ele><time>2026-06-24T14:13:19Z</time></trkpt>
<trkpt lat="33.011368" lon="35.1603973"><ele>677.4</ele><time>2026-06-24T14:13:20Z</time></trkpt>
<trkpt lat="33.0113757" lon="35.160443"><ele>677.3</ele><time>2026-06-24T14:13:21Z</time></trkpt>
<trkpt lat="33.0113813" lon="35.1604901"><ele>677.2</ele><time>2026-06-24T14:13:22Z</time></trkpt>
<trkpt lat="33.0113848" lon="35.1605374"><ele>677.1</ele><time>2026-06-24T14:13:23Z</time></trkpt>
<trkpt lat="33.0113861" lon="35.1605831"><ele>677.0</ele><time>2026-06-24T14:13:24Z</time></trkpt>
<trkpt lat="33.0113866" lon="35.1606287"><ele>676.8</ele><time>2026-06-24T14:13:25Z</time></trkpt>
<trkpt lat="33.0113864" lon="35.1606743"><ele>676.7</ele><time>2026-06-24T14:13:26Z</time></trkpt>
<trkpt lat="33.011386" lon="35.1607185"><ele>676.5</ele><time>2026-06-24T14:13:27Z</time></trkpt>
<trkpt lat="33.0113866" lon="35.1607628"><ele>676.3</ele><time>2026-06-24T14:13:28Z</time></trkpt>
<trkpt lat="33.011388" lon="35.1608077"><ele>676.1</ele><time>2026-06-24T14:13:29Z</time></trkpt>
<trkpt lat="33.0113898" lon="35.1608531"><ele>675.8</ele><time>2026-06-24T14:13:30Z</time></trkpt>
<trkpt lat="33.0113923" lon="35.1608993"><ele>675.5</ele><time>2026-06-24T14:13:31Z</time></trkpt>
<trkpt lat="33.0113942" lon="35.1609458"><ele>675.2</ele><time>2026-06-24T14:13:32Z</time></trkpt>
<trkpt lat="33.0113939" lon="35.1609925"><ele>675.0</ele><time>2026-06-24T14:13:33Z</time></trkpt>
<trkpt lat="33.0113921" lon="35.1610403"><ele>674.7</ele><time>2026-06-24T14:13:34Z</time></trkpt>
<trkpt lat="33.0113914" lon="35.1610878"><ele>674.4</ele><time>2026-06-24T14:13:35Z</time></trkpt>
<trkpt lat="33.0113925" lon="35.1611332"><ele>674.1</ele><time>2026-06-24T14:13:36Z</time></trkpt>
<trkpt lat="33.0113947" lon="35.1611784"><ele>673.9</ele><time>2026-06-24T14:13:37Z</time></trkpt>
<trkpt lat="33.0113972" lon="35.1612241"><ele>673.6</ele><time>2026-06-24T14:13:38Z</time></trkpt>
<trkpt lat="33.011399" lon="35.1612697"><ele>673.4</ele><time>2026-06-24T14:13:39Z</time></trkpt>
<trkpt lat="33.0114005" lon="35.161315"><ele>673.2</ele><time>2026-06-24T14:13:40Z</time></trkpt>
<trkpt lat="33.0114023" lon="35.1613608"><ele>673.0</ele><time>2026-06-24T14:13:41Z</time></trkpt>
<trkpt lat="33.0114044" lon="35.1614071"><ele>672.8</ele><time>2026-06-24T14:13:42Z</time></trkpt>
<trkpt lat="33.0114059" lon="35.161452"><ele>672.6</ele><time>2026-06-24T14:13:43Z</time></trkpt>
<trkpt lat="33.0114061" lon="35.161497"><ele>672.4</ele><time>2026-06-24T14:13:44Z</time></trkpt>
<trkpt lat="33.0114049" lon="35.1615427"><ele>672.2</ele><time>2026-06-24T14:13:45Z</time></trkpt>
<trkpt lat="33.0114024" lon="35.1615886"><ele>672.0</ele><time>2026-06-24T14:13:46Z</time></trkpt>
<trkpt lat="33.0113991" lon="35.161636"><ele>671.9</ele><time>2026-06-24T14:13:47Z</time></trkpt>
<trkpt lat="33.011395" lon="35.1616846"><ele>671.7</ele><time>2026-06-24T14:13:48Z</time></trkpt>
<trkpt lat="33.0113906" lon="35.1617313"><ele>671.6</ele><time>2026-06-24T14:13:49Z</time></trkpt>
<trkpt lat="33.0113867" lon="35.1617753"><ele>671.4</ele><time>2026-06-24T14:13:50Z</time></trkpt>
<trkpt lat="33.0113828" lon="35.1618189"><ele>671.3</ele><time>2026-06-24T14:13:51Z</time></trkpt>
<trkpt lat="33.0113787" lon="35.1618619"><ele>671.2</ele><time>2026-06-24T14:13:52Z</time></trkpt>
<trkpt lat="33.0113747" lon="35.1619047"><ele>671.0</ele><time>2026-06-24T14:13:53Z</time></trkpt>
<trkpt lat="33.0113711" lon="35.1619477"><ele>670.8</ele><time>2026-06-24T14:13:54Z</time></trkpt>
<trkpt lat="33.011368" lon="35.1619908"><ele>670.7</ele><time>2026-06-24T14:13:55Z</time></trkpt>
<trkpt lat="33.0113647" lon="35.1620337"><ele>670.5</ele><time>2026-06-24T14:13:56Z</time></trkpt>
<trkpt lat="33.01136" lon="35.1620767"><ele>670.3</ele><time>2026-06-24T14:13:57Z</time></trkpt>
<trkpt lat="33.0113543" lon="35.1621201"><ele>670.1</ele><time>2026-06-24T14:13:58Z</time></trkpt>
<trkpt lat="33.0113482" lon="35.1621635"><ele>669.8</ele><time>2026-06-24T14:13:59Z</time></trkpt>
<trkpt lat="33.0113417" lon="35.1622066"><ele>669.6</ele><time>2026-06-24T14:14:00Z</time></trkpt>
<trkpt lat="33.0113354" lon="35.162249"><ele>669.4</ele><time>2026-06-24T14:14:01Z</time></trkpt>
<trkpt lat="33.011329" lon="35.1622904"><ele>669.1</ele><time>2026-06-24T14:14:02Z</time></trkpt>
<trkpt lat="33.0113214" lon="35.1623304"><ele>668.8</ele><time>2026-06-24T14:14:03Z</time></trkpt>
<trkpt lat="33.0113124" lon="35.1623709"><ele>668.5</ele><time>2026-06-24T14:14:04Z</time></trkpt>
<trkpt lat="33.0113031" lon="35.1624109"><ele>668.2</ele><time>2026-06-24T14:14:05Z</time></trkpt>
<trkpt lat="33.011294" lon="35.1624489"><ele>668.0</ele><time>2026-06-24T14:14:06Z</time></trkpt>
<trkpt lat="33.0112847" lon="35.1624858"><ele>667.7</ele><time>2026-06-24T14:14:07Z</time></trkpt>
<trkpt lat="33.0112644" lon="35.1625812"><ele>667.0</ele><time>2026-06-24T14:14:10Z</time></trkpt>
<trkpt lat="33.0112583" lon="35.1626149"><ele>666.7</ele><time>2026-06-24T14:14:11Z</time></trkpt>
<trkpt lat="33.0112509" lon="35.1626496"><ele>666.4</ele><time>2026-06-24T14:14:12Z</time></trkpt>
<trkpt lat="33.0112324" lon="35.162721"><ele>665.8</ele><time>2026-06-24T14:14:13Z</time></trkpt>
<trkpt lat="33.011221" lon="35.1627554"><ele>665.5</ele><time>2026-06-24T14:14:14Z</time></trkpt>
<trkpt lat="33.0112086" lon="35.1627885"><ele>665.2</ele><time>2026-06-24T14:14:15Z</time></trkpt>
<trkpt lat="33.0111969" lon="35.1628215"><ele>664.9</ele><time>2026-06-24T14:14:16Z</time></trkpt>
<trkpt lat="33.0111859" lon="35.1628538"><ele>664.5</ele><time>2026-06-24T14:14:17Z</time></trkpt>
<trkpt lat="33.0111756" lon="35.1628855"><ele>664.2</ele><time>2026-06-24T14:14:18Z</time></trkpt>
<trkpt lat="33.0111667" lon="35.1629186"><ele>663.8</ele><time>2026-06-24T14:14:19Z</time></trkpt>
<trkpt lat="33.0111586" lon="35.1629535"><ele>663.5</ele><time>2026-06-24T14:14:20Z</time></trkpt>
<trkpt lat="33.0111503" lon="35.1629887"><ele>663.1</ele><time>2026-06-24T14:14:21Z</time></trkpt>
<trkpt lat="33.0111408" lon="35.1630234"><ele>662.8</ele><time>2026-06-24T14:14:22Z</time></trkpt>
<trkpt lat="33.011131" lon="35.1630569"><ele>662.4</ele><time>2026-06-24T14:14:23Z</time></trkpt>
<trkpt lat="33.0111203" lon="35.1630918"><ele>662.0</ele><time>2026-06-24T14:14:24Z</time></trkpt>
<trkpt lat="33.0111095" lon="35.1631274"><ele>661.6</ele><time>2026-06-24T14:14:25Z</time></trkpt>
<trkpt lat="33.0110989" lon="35.1631627"><ele>661.2</ele><time>2026-06-24T14:14:26Z</time></trkpt>
<trkpt lat="33.0110894" lon="35.1631969"><ele>660.7</ele><time>2026-06-24T14:14:27Z</time></trkpt>
<trkpt lat="33.0110814" lon="35.1632298"><ele>660.3</ele><time>2026-06-24T14:14:28Z</time></trkpt>
<trkpt lat="33.0110731" lon="35.1632625"><ele>659.8</ele><time>2026-06-24T14:14:29Z</time></trkpt>
<trkpt lat="33.0110646" lon="35.163296"><ele>659.3</ele><time>2026-06-24T14:14:30Z</time></trkpt>
<trkpt lat="33.0110567" lon="35.1633305"><ele>658.8</ele><time>2026-06-24T14:14:31Z</time></trkpt>
<trkpt lat="33.0110484" lon="35.1633653"><ele>658.3</ele><time>2026-06-24T14:14:32Z</time></trkpt>
<trkpt lat="33.0110396" lon="35.1633999"><ele>657.8</ele><time>2026-06-24T14:14:33Z</time></trkpt>
<trkpt lat="33.0110318" lon="35.1634348"><ele>657.3</ele><time>2026-06-24T14:14:34Z</time></trkpt>
<trkpt lat="33.0110249" lon="35.1634694"><ele>656.9</ele><time>2026-06-24T14:14:35Z</time></trkpt>
<trkpt lat="33.011018" lon="35.1635036"><ele>656.5</ele><time>2026-06-24T14:14:36Z</time></trkpt>
<trkpt lat="33.0110111" lon="35.1635378"><ele>656.1</ele><time>2026-06-24T14:14:37Z</time></trkpt>
<trkpt lat="33.0110039" lon="35.1635714"><ele>655.8</ele><time>2026-06-24T14:14:38Z</time></trkpt>
<trkpt lat="33.0109965" lon="35.1636042"><ele>655.4</ele><time>2026-06-24T14:14:39Z</time></trkpt>
<trkpt lat="33.010991" lon="35.1636368"><ele>655.1</ele><time>2026-06-24T14:14:40Z</time></trkpt>
<trkpt lat="33.010988" lon="35.1636709"><ele>654.7</ele><time>2026-06-24T14:14:41Z</time></trkpt>
<trkpt lat="33.0109841" lon="35.1637072"><ele>654.4</ele><time>2026-06-24T14:14:42Z</time></trkpt>
<trkpt lat="33.0109772" lon="35.163744"><ele>654.0</ele><time>2026-06-24T14:14:43Z</time></trkpt>
<trkpt lat="33.0109689" lon="35.1637809"><ele>653.7</ele><time>2026-06-24T14:14:44Z</time></trkpt>
<trkpt lat="33.0109607" lon="35.1638173"><ele>653.3</ele><time>2026-06-24T14:14:45Z</time></trkpt>
<trkpt lat="33.010954" lon="35.163852"><ele>652.9</ele><time>2026-06-24T14:14:46Z</time></trkpt>
<trkpt lat="33.0109476" lon="35.1638837"><ele>652.4</ele><time>2026-06-24T14:14:47Z</time></trkpt>
<trkpt lat="33.0109388" lon="35.1639131"><ele>651.9</ele><time>2026-06-24T14:14:48Z</time></trkpt>
<trkpt lat="33.0109276" lon="35.1639417"><ele>651.4</ele><time>2026-06-24T14:14:49Z</time></trkpt>
<trkpt lat="33.010915" lon="35.1639718"><ele>650.8</ele><time>2026-06-24T14:14:50Z</time></trkpt>
<trkpt lat="33.0109011" lon="35.1640012"><ele>650.2</ele><time>2026-06-24T14:14:51Z</time></trkpt>
<trkpt lat="33.0108869" lon="35.1640273"><ele>649.6</ele><time>2026-06-24T14:14:52Z</time></trkpt>
<trkpt lat="33.0108723" lon="35.1640517"><ele>648.9</ele><time>2026-06-24T14:14:53Z</time></trkpt>
<trkpt lat="33.010855" lon="35.1640738"><ele>648.3</ele><time>2026-06-24T14:14:54Z</time></trkpt>
<trkpt lat="33.0108341" lon="35.1640925"><ele>647.7</ele><time>2026-06-24T14:14:55Z</time></trkpt>
<trkpt lat="33.0108118" lon="35.1641082"><ele>647.1</ele><time>2026-06-24T14:14:56Z</time></trkpt>
<trkpt lat="33.0107878" lon="35.1641201"><ele>646.6</ele><time>2026-06-24T14:14:57Z</time></trkpt>
<trkpt lat="33.0107593" lon="35.1641265"><ele>646.1</ele><time>2026-06-24T14:14:58Z</time></trkpt>
<trkpt lat="33.0107285" lon="35.1641295"><ele>645.7</ele><time>2026-06-24T14:14:59Z</time></trkpt>
<trkpt lat="33.0106993" lon="35.1641327"><ele>645.4</ele><time>2026-06-24T14:15:00Z</time></trkpt>
<trkpt lat="33.0106728" lon="35.1641366"><ele>645.1</ele><time>2026-06-24T14:15:01Z</time></trkpt>
<trkpt lat="33.010648" lon="35.1641402"><ele>644.9</ele><time>2026-06-24T14:15:02Z</time></trkpt>
<trkpt lat="33.0106227" lon="35.1641441"><ele>644.7</ele><time>2026-06-24T14:15:03Z</time></trkpt>
<trkpt lat="33.0105958" lon="35.1641499"><ele>644.5</ele><time>2026-06-24T14:15:04Z</time></trkpt>
<trkpt lat="33.0105687" lon="35.1641586"><ele>644.4</ele><time>2026-06-24T14:15:05Z</time></trkpt>
<trkpt lat="33.0105428" lon="35.1641714"><ele>644.3</ele><time>2026-06-24T14:15:06Z</time></trkpt>
<trkpt lat="33.0105194" lon="35.1641886"><ele>644.3</ele><time>2026-06-24T14:15:07Z</time></trkpt>
<trkpt lat="33.010506" lon="35.1642012"><ele>644.2</ele><time>2026-06-24T14:15:08Z</time></trkpt>
<trkpt lat="33.0104807" lon="35.1642571"><ele>644.2</ele><time>2026-06-24T14:15:10Z</time></trkpt>
<trkpt lat="33.0104767" lon="35.1642908"><ele>644.2</ele><time>2026-06-24T14:15:11Z</time></trkpt>
<trkpt lat="33.0104734" lon="35.1643258"><ele>644.2</ele><time>2026-06-24T14:15:12Z</time></trkpt>
<trkpt lat="33.0104716" lon="35.1643617"><ele>644.2</ele><time>2026-06-24T14:15:13Z</time></trkpt>
<trkpt lat="33.0104732" lon="35.1644356"><ele>644.2</ele><time>2026-06-24T14:15:14Z</time></trkpt>
<trkpt lat="33.0104775" lon="35.1644733"><ele>644.1</ele><time>2026-06-24T14:15:15Z</time></trkpt>
<trkpt lat="33.0104843" lon="35.1645105"><ele>644.1</ele><time>2026-06-24T14:15:16Z</time></trkpt>
<trkpt lat="33.010493" lon="35.1645467"><ele>644.1</ele><time>2026-06-24T14:15:17Z</time></trkpt>
<trkpt lat="33.0105037" lon="35.1645817"><ele>644.0</ele><time>2026-06-24T14:15:18Z</time></trkpt>
<trkpt lat="33.0105147" lon="35.1646181"><ele>644.0</ele><time>2026-06-24T14:15:19Z</time></trkpt>
<trkpt lat="33.0105263" lon="35.1646554"><ele>643.9</ele><time>2026-06-24T14:15:20Z</time></trkpt>
<trkpt lat="33.0105388" lon="35.1646907"><ele>643.9</ele><time>2026-06-24T14:15:21Z</time></trkpt>
<trkpt lat="33.0105509" lon="35.1647242"><ele>643.8</ele><time>2026-06-24T14:15:22Z</time></trkpt>
<trkpt lat="33.0105629" lon="35.1647573"><ele>643.8</ele><time>2026-06-24T14:15:23Z</time></trkpt>
<trkpt lat="33.0105753" lon="35.1647915"><ele>643.7</ele><time>2026-06-24T14:15:24Z</time></trkpt>
<trkpt lat="33.0105879" lon="35.1648259"><ele>643.6</ele><time>2026-06-24T14:15:25Z</time></trkpt>
<trkpt lat="33.0106012" lon="35.1648597"><ele>643.5</ele><time>2026-06-24T14:15:26Z</time></trkpt>
<trkpt lat="33.0106153" lon="35.1648928"><ele>643.4</ele><time>2026-06-24T14:15:27Z</time></trkpt>
<trkpt lat="33.0106295" lon="35.1649252"><ele>643.4</ele><time>2026-06-24T14:15:28Z</time></trkpt>
<trkpt lat="33.010644" lon="35.1649565"><ele>643.3</ele><time>2026-06-24T14:15:29Z</time></trkpt>
<trkpt lat="33.0106591" lon="35.1649868"><ele>643.2</ele><time>2026-06-24T14:15:30Z</time></trkpt>
<trkpt lat="33.0106732" lon="35.1650177"><ele>643.1</ele><time>2026-06-24T14:15:31Z</time></trkpt>
<trkpt lat="33.0106859" lon="35.1650495"><ele>643.0</ele><time>2026-06-24T14:15:32Z</time></trkpt>
<trkpt lat="33.0106979" lon="35.165081"><ele>642.9</ele><time>2026-06-24T14:15:33Z</time></trkpt>
<trkpt lat="33.0107094" lon="35.1651116"><ele>642.8</ele><time>2026-06-24T14:15:34Z</time></trkpt>
<trkpt lat="33.0107211" lon="35.165142"><ele>642.6</ele><time>2026-06-24T14:15:35Z</time></trkpt>
<trkpt lat="33.0107333" lon="35.1651727"><ele>642.5</ele><time>2026-06-24T14:15:36Z</time></trkpt>
<trkpt lat="33.010745" lon="35.1652039"><ele>642.4</ele><time>2026-06-24T14:15:37Z</time></trkpt>
<trkpt lat="33.0107565" lon="35.165235"><ele>642.3</ele><time>2026-06-24T14:15:38Z</time></trkpt>
<trkpt lat="33.0107687" lon="35.1652655"><ele>642.1</ele><time>2026-06-24T14:15:39Z</time></trkpt>
<trkpt lat="33.0107805" lon="35.1652951"><ele>642.0</ele><time>2026-06-24T14:15:40Z</time></trkpt>
<trkpt lat="33.010792" lon="35.1653252"><ele>641.8</ele><time>2026-06-24T14:15:41Z</time></trkpt>
<trkpt lat="33.0108031" lon="35.1653561"><ele>641.6</ele><time>2026-06-24T14:15:42Z</time></trkpt>
<trkpt lat="33.0108129" lon="35.1653868"><ele>641.4</ele><time>2026-06-24T14:15:43Z</time></trkpt>
<trkpt lat="33.0108233" lon="35.1654165"><ele>641.2</ele><time>2026-06-24T14:15:44Z</time></trkpt>
<trkpt lat="33.0108354" lon="35.1654448"><ele>641.0</ele><time>2026-06-24T14:15:45Z</time></trkpt>
<trkpt lat="33.0108498" lon="35.1654717"><ele>640.8</ele><time>2026-06-24T14:15:46Z</time></trkpt>
<trkpt lat="33.0108661" lon="35.1654962"><ele>640.6</ele><time>2026-06-24T14:15:47Z</time></trkpt>
<trkpt lat="33.0108836" lon="35.1655175"><ele>640.4</ele><time>2026-06-24T14:15:48Z</time></trkpt>
<trkpt lat="33.0109022" lon="35.1655346"><ele>640.2</ele><time>2026-06-24T14:15:49Z</time></trkpt>
<trkpt lat="33.0109234" lon="35.1655463"><ele>640.0</ele><time>2026-06-24T14:15:50Z</time></trkpt>
<trkpt lat="33.0109485" lon="35.165553"><ele>639.8</ele><time>2026-06-24T14:15:51Z</time></trkpt>
<trkpt lat="33.0109765" lon="35.1655564"><ele>639.7</ele><time>2026-06-24T14:15:52Z</time></trkpt>
<trkpt lat="33.0110054" lon="35.1655592"><ele>639.5</ele><time>2026-06-24T14:15:53Z</time></trkpt>
<trkpt lat="33.0110345" lon="35.1655614"><ele>639.4</ele><time>2026-06-24T14:15:54Z</time></trkpt>
<trkpt lat="33.0110634" lon="35.1655621"><ele>639.3</ele><time>2026-06-24T14:15:55Z</time></trkpt>
<trkpt lat="33.011093" lon="35.1655631"><ele>639.2</ele><time>2026-06-24T14:15:56Z</time></trkpt>
<trkpt lat="33.0111235" lon="35.1655645"><ele>639.1</ele><time>2026-06-24T14:15:57Z</time></trkpt>
<trkpt lat="33.011154" lon="35.1655646"><ele>639.0</ele><time>2026-06-24T14:15:58Z</time></trkpt>
<trkpt lat="33.0111839" lon="35.1655656"><ele>638.9</ele><time>2026-06-24T14:15:59Z</time></trkpt>
<trkpt lat="33.0112136" lon="35.1655689"><ele>638.9</ele><time>2026-06-24T14:16:00Z</time></trkpt>
<trkpt lat="33.0112434" lon="35.1655725"><ele>638.8</ele><time>2026-06-24T14:16:01Z</time></trkpt>
<trkpt lat="33.0112729" lon="35.1655743"><ele>638.7</ele><time>2026-06-24T14:16:02Z</time></trkpt>
<trkpt lat="33.0113022" lon="35.1655746"><ele>638.7</ele><time>2026-06-24T14:16:03Z</time></trkpt>
<trkpt lat="33.0113307" lon="35.1655742"><ele>638.6</ele><time>2026-06-24T14:16:04Z</time></trkpt>
<trkpt lat="33.011358" lon="35.1655741"><ele>638.6</ele><time>2026-06-24T14:16:05Z</time></trkpt>
<trkpt lat="33.0113863" lon="35.165576"><ele>638.5</ele><time>2026-06-24T14:16:06Z</time></trkpt>
<trkpt lat="33.0114163" lon="35.1655795"><ele>638.5</ele><time>2026-06-24T14:16:07Z</time></trkpt>
<trkpt lat="33.0114422" lon="35.1655831"><ele>638.5</ele><time>2026-06-24T14:16:08Z</time></trkpt>
<trkpt lat="33.0114877" lon="35.1655895"><ele>638.4</ele><time>2026-06-24T14:16:09Z</time></trkpt>
<trkpt lat="33.0115152" lon="35.1655931"><ele>638.4</ele><time>2026-06-24T14:16:10Z</time></trkpt>
<trkpt lat="33.0115408" lon="35.1655965"><ele>638.4</ele><time>2026-06-24T14:16:11Z</time></trkpt>
<trkpt lat="33.0115656" lon="35.1655997"><ele>638.4</ele><time>2026-06-24T14:16:12Z</time></trkpt>
<trkpt lat="33.0115897" lon="35.1656028"><ele>638.3</ele><time>2026-06-24T14:16:13Z</time></trkpt>
<trkpt lat="33.0116132" lon="35.1656072"><ele>638.3</ele><time>2026-06-24T14:16:14Z</time></trkpt>
<trkpt lat="33.0116367" lon="35.1656147"><ele>638.2</ele><time>2026-06-24T14:16:15Z</time></trkpt>
<trkpt lat="33.0116599" lon="35.1656238"><ele>638.2</ele><time>2026-06-24T14:16:16Z</time></trkpt>
<trkpt lat="33.0116824" lon="35.1656371"><ele>638.1</ele><time>2026-06-24T14:16:17Z</time></trkpt>
<trkpt lat="33.0117025" lon="35.165657"><ele>638.0</ele><time>2026-06-24T14:16:18Z</time></trkpt>
<trkpt lat="33.011719" lon="35.1656828"><ele>637.9</ele><time>2026-06-24T14:16:19Z</time></trkpt>
<trkpt lat="33.0117315" lon="35.1657119"><ele>637.7</ele><time>2026-06-24T14:16:20Z</time></trkpt>
<trkpt lat="33.0117416" lon="35.1657423"><ele>637.6</ele><time>2026-06-24T14:16:21Z</time></trkpt>
<trkpt lat="33.0117501" lon="35.1657735"><ele>637.4</ele><time>2026-06-24T14:16:22Z</time></trkpt>
<trkpt lat="33.0117569" lon="35.1658054"><ele>637.1</ele><time>2026-06-24T14:16:23Z</time></trkpt>
<trkpt lat="33.0117615" lon="35.1658382"><ele>636.9</ele><time>2026-06-24T14:16:24Z</time></trkpt>
<trkpt lat="33.0117645" lon="35.1658706"><ele>636.6</ele><time>2026-06-24T14:16:25Z</time></trkpt>
<trkpt lat="33.0117656" lon="35.1659061"><ele>636.4</ele><time>2026-06-24T14:16:26Z</time></trkpt>
<trkpt lat="33.0117644" lon="35.1659426"><ele>636.1</ele><time>2026-06-24T14:16:27Z</time></trkpt>
<trkpt lat="33.0117609" lon="35.1659755"><ele>635.8</ele><time>2026-06-24T14:16:28Z</time></trkpt>
<trkpt lat="33.0117562" lon="35.1660073"><ele>635.6</ele><time>2026-06-24T14:16:29Z</time></trkpt>
<trkpt lat="33.0117514" lon="35.1660395"><ele>635.3</ele><time>2026-06-24T14:16:30Z</time></trkpt>
<trkpt lat="33.0117476" lon="35.1660723"><ele>635.1</ele><time>2026-06-24T14:16:31Z</time></trkpt>
<trkpt lat="33.0117453" lon="35.1661055"><ele>634.9</ele><time>2026-06-24T14:16:32Z</time></trkpt>
<trkpt lat="33.0117437" lon="35.1661386"><ele>634.7</ele><time>2026-06-24T14:16:33Z</time></trkpt>
<trkpt lat="33.011741" lon="35.1661715"><ele>634.4</ele><time>2026-06-24T14:16:34Z</time></trkpt>
<trkpt lat="33.011737" lon="35.1662029"><ele>634.2</ele><time>2026-06-24T14:16:35Z</time></trkpt>
<trkpt lat="33.0117318" lon="35.1662326"><ele>634.0</ele><time>2026-06-24T14:16:36Z</time></trkpt>
<trkpt lat="33.0117263" lon="35.1662613"><ele>633.7</ele><time>2026-06-24T14:16:37Z</time></trkpt>
<trkpt lat="33.0117225" lon="35.1662896"><ele>633.4</ele><time>2026-06-24T14:16:38Z</time></trkpt>
<trkpt lat="33.0117207" lon="35.1663191"><ele>633.1</ele><time>2026-06-24T14:16:39Z</time></trkpt>
<trkpt lat="33.0117211" lon="35.1663502"><ele>632.8</ele><time>2026-06-24T14:16:40Z</time></trkpt>
<trkpt lat="33.0117233" lon="35.1663821"><ele>632.5</ele><time>2026-06-24T14:16:41Z</time></trkpt>
<trkpt lat="33.0117259" lon="35.1664156"><ele>632.2</ele><time>2026-06-24T14:16:42Z</time></trkpt>
<trkpt lat="33.0117286" lon="35.166451"><ele>631.9</ele><time>2026-06-24T14:16:43Z</time></trkpt>
<trkpt lat="33.0117315" lon="35.1664872"><ele>631.6</ele><time>2026-06-24T14:16:44Z</time></trkpt>
<trkpt lat="33.0117346" lon="35.1665236"><ele>631.3</ele><time>2026-06-24T14:16:45Z</time></trkpt>
<trkpt lat="33.011738" lon="35.1665587"><ele>631.0</ele><time>2026-06-24T14:16:46Z</time></trkpt>
<trkpt lat="33.0117412" lon="35.1665895"><ele>630.7</ele><time>2026-06-24T14:16:47Z</time></trkpt>
<trkpt lat="33.0117438" lon="35.1666195"><ele>630.5</ele><time>2026-06-24T14:16:48Z</time></trkpt>
<trkpt lat="33.0117461" lon="35.1666534"><ele>630.3</ele><time>2026-06-24T14:16:49Z</time></trkpt>
<trkpt lat="33.0117482" lon="35.1666892"><ele>630.1</ele><time>2026-06-24T14:16:50Z</time></trkpt>
<trkpt lat="33.0117503" lon="35.1667241"><ele>629.9</ele><time>2026-06-24T14:16:51Z</time></trkpt>
<trkpt lat="33.0117527" lon="35.1667567"><ele>629.7</ele><time>2026-06-24T14:16:52Z</time></trkpt>
<trkpt lat="33.0117547" lon="35.16679"><ele>629.5</ele><time>2026-06-24T14:16:53Z</time></trkpt>
<trkpt lat="33.0117548" lon="35.1668266"><ele>629.2</ele><time>2026-06-24T14:16:54Z</time></trkpt>
<trkpt lat="33.0117531" lon="35.1668646"><ele>629.0</ele><time>2026-06-24T14:16:55Z</time></trkpt>
<trkpt lat="33.0117503" lon="35.1669014"><ele>628.8</ele><time>2026-06-24T14:16:56Z</time></trkpt>
<trkpt lat="33.0117469" lon="35.166935"><ele>628.5</ele><time>2026-06-24T14:16:57Z</time></trkpt>
<trkpt lat="33.011745" lon="35.1669676"><ele>628.3</ele><time>2026-06-24T14:16:58Z</time></trkpt>
<trkpt lat="33.0117446" lon="35.1670014"><ele>628.0</ele><time>2026-06-24T14:16:59Z</time></trkpt>
<trkpt lat="33.0117448" lon="35.1670365"><ele>627.8</ele><time>2026-06-24T14:17:00Z</time></trkpt>
<trkpt lat="33.0117454" lon="35.1670714"><ele>627.5</ele><time>2026-06-24T14:17:01Z</time></trkpt>
<trkpt lat="33.0117464" lon="35.1671078"><ele>627.3</ele><time>2026-06-24T14:17:02Z</time></trkpt>
<trkpt lat="33.0117481" lon="35.1671465"><ele>627.0</ele><time>2026-06-24T14:17:03Z</time></trkpt>
<trkpt lat="33.0117495" lon="35.1671844"><ele>626.7</ele><time>2026-06-24T14:17:04Z</time></trkpt>
<trkpt lat="33.0117494" lon="35.167221"><ele>626.4</ele><time>2026-06-24T14:17:05Z</time></trkpt>
<trkpt lat="33.0117487" lon="35.1672581"><ele>626.1</ele><time>2026-06-24T14:17:06Z</time></trkpt>
<trkpt lat="33.0117483" lon="35.1672954"><ele>625.8</ele><time>2026-06-24T14:17:07Z</time></trkpt>
<trkpt lat="33.0117478" lon="35.1673769"><ele>625.2</ele><time>2026-06-24T14:17:09Z</time></trkpt>
<trkpt lat="33.0117472" lon="35.1674149"><ele>625.0</ele><time>2026-06-24T14:17:10Z</time></trkpt>
<trkpt lat="33.0117461" lon="35.1674517"><ele>624.8</ele><time>2026-06-24T14:17:11Z</time></trkpt>
<trkpt lat="33.0117444" lon="35.1674886"><ele>624.6</ele><time>2026-06-24T14:17:12Z</time></trkpt>
<trkpt lat="33.0117424" lon="35.167526"><ele>624.4</ele><time>2026-06-24T14:17:13Z</time></trkpt>
<trkpt lat="33.0117406" lon="35.1675647"><ele>624.3</ele><time>2026-06-24T14:17:14Z</time></trkpt>
<trkpt lat="33.0117387" lon="35.1676057"><ele>624.1</ele><time>2026-06-24T14:17:15Z</time></trkpt>
<trkpt lat="33.0117367" lon="35.1676471"><ele>623.9</ele><time>2026-06-24T14:17:16Z</time></trkpt>
<trkpt lat="33.0117353" lon="35.1676888"><ele>623.8</ele><time>2026-06-24T14:17:17Z</time></trkpt>
<trkpt lat="33.0117342" lon="35.1677306"><ele>623.7</ele><time>2026-06-24T14:17:18Z</time></trkpt>
<trkpt lat="33.0117341" lon="35.1677723"><ele>623.5</ele><time>2026-06-24T14:17:19Z</time></trkpt>
<trkpt lat="33.0117352" lon="35.167815"><ele>623.4</ele><time>2026-06-24T14:17:20Z</time></trkpt>
<trkpt lat="33.0117357" lon="35.1678576"><ele>623.3</ele><time>2026-06-24T14:17:21Z</time></trkpt>
<trkpt lat="33.0117353" lon="35.1678989"><ele>623.2</ele><time>2026-06-24T14:17:22Z</time></trkpt>
<trkpt lat="33.0117353" lon="35.1679405"><ele>623.1</ele><time>2026-06-24T14:17:23Z</time></trkpt>
<trkpt lat="33.0117357" lon="35.1679818"><ele>623.0</ele><time>2026-06-24T14:17:24Z</time></trkpt>
<trkpt lat="33.0117362" lon="35.1680216"><ele>622.8</ele><time>2026-06-24T14:17:25Z</time></trkpt>
<trkpt lat="33.0117386" lon="35.168063"><ele>622.7</ele><time>2026-06-24T14:17:26Z</time></trkpt>
<trkpt lat="33.0117428" lon="35.1681061"><ele>622.6</ele><time>2026-06-24T14:17:27Z</time></trkpt>
<trkpt lat="33.0117462" lon="35.1681492"><ele>622.5</ele><time>2026-06-24T14:17:28Z</time></trkpt>
<trkpt lat="33.0117481" lon="35.1681924"><ele>622.5</ele><time>2026-06-24T14:17:29Z</time></trkpt>
<trkpt lat="33.01175" lon="35.1682341"><ele>622.4</ele><time>2026-06-24T14:17:30Z</time></trkpt>
<trkpt lat="33.0117526" lon="35.168276"><ele>622.3</ele><time>2026-06-24T14:17:31Z</time></trkpt>
<trkpt lat="33.0117556" lon="35.1683179"><ele>622.2</ele><time>2026-06-24T14:17:32Z</time></trkpt>
<trkpt lat="33.0117583" lon="35.16836"><ele>622.2</ele><time>2026-06-24T14:17:33Z</time></trkpt>
<trkpt lat="33.0117608" lon="35.1684022"><ele>622.1</ele><time>2026-06-24T14:17:34Z</time></trkpt>
<trkpt lat="33.0117642" lon="35.1684445"><ele>622.0</ele><time>2026-06-24T14:17:35Z</time></trkpt>
<trkpt lat="33.0117683" lon="35.1684874"><ele>622.0</ele><time>2026-06-24T14:17:36Z</time></trkpt>
<trkpt lat="33.0117709" lon="35.1685309"><ele>621.9</ele><time>2026-06-24T14:17:37Z</time></trkpt>
<trkpt lat="33.0117739" lon="35.1685745"><ele>621.9</ele><time>2026-06-24T14:17:38Z</time></trkpt>
<trkpt lat="33.0117783" lon="35.168618"><ele>621.8</ele><time>2026-06-24T14:17:39Z</time></trkpt>
<trkpt lat="33.0117825" lon="35.1686615"><ele>621.8</ele><time>2026-06-24T14:17:40Z</time></trkpt>
<trkpt lat="33.0117856" lon="35.1687052"><ele>621.7</ele><time>2026-06-24T14:17:41Z</time></trkpt>
<trkpt lat="33.0117865" lon="35.1687493"><ele>621.7</ele><time>2026-06-24T14:17:42Z</time></trkpt>
<trkpt lat="33.0117862" lon="35.1687937"><ele>621.6</ele><time>2026-06-24T14:17:43Z</time></trkpt>
<trkpt lat="33.0117858" lon="35.1688382"><ele>621.6</ele><time>2026-06-24T14:17:44Z</time></trkpt>
<trkpt lat="33.0117863" lon="35.1688829"><ele>621.5</ele><time>2026-06-24T14:17:45Z</time></trkpt>
<trkpt lat="33.011788" lon="35.1689278"><ele>621.5</ele><time>2026-06-24T14:17:46Z</time></trkpt>
<trkpt lat="33.0117907" lon="35.168973"><ele>621.5</ele><time>2026-06-24T14:17:47Z</time></trkpt>
<trkpt lat="33.0117937" lon="35.1690189"><ele>621.4</ele><time>2026-06-24T14:17:48Z</time></trkpt>
<trkpt lat="33.0117969" lon="35.1690657"><ele>621.4</ele><time>2026-06-24T14:17:49Z</time></trkpt>
<trkpt lat="33.0118014" lon="35.1691113"><ele>621.4</ele><time>2026-06-24T14:17:50Z</time></trkpt>
<trkpt lat="33.0118089" lon="35.1691561"><ele>621.4</ele><time>2026-06-24T14:17:51Z</time></trkpt>
<trkpt lat="33.0118188" lon="35.1692022"><ele>621.4</ele><time>2026-06-24T14:17:52Z</time></trkpt>
<trkpt lat="33.0118287" lon="35.1692487"><ele>621.3</ele><time>2026-06-24T14:17:53Z</time></trkpt>
<trkpt lat="33.011835" lon="35.1692967"><ele>621.3</ele><time>2026-06-24T14:17:54Z</time></trkpt>
<trkpt lat="33.0118363" lon="35.1693465"><ele>621.3</ele><time>2026-06-24T14:17:55Z</time></trkpt>
<trkpt lat="33.0118362" lon="35.1693948"><ele>621.3</ele><time>2026-06-24T14:17:56Z</time></trkpt>
<trkpt lat="33.0118375" lon="35.1694405"><ele>621.2</ele><time>2026-06-24T14:17:57Z</time></trkpt>
<trkpt lat="33.01184" lon="35.1694852"><ele>621.2</ele><time>2026-06-24T14:17:58Z</time></trkpt>
<trkpt lat="33.0118432" lon="35.1695289"><ele>621.2</ele><time>2026-06-24T14:17:59Z</time></trkpt>
<trkpt lat="33.0118481" lon="35.1695721"><ele>621.1</ele><time>2026-06-24T14:18:00Z</time></trkpt>
<trkpt lat="33.011854" lon="35.1696171"><ele>621.1</ele><time>2026-06-24T14:18:01Z</time></trkpt>
<trkpt lat="33.0118583" lon="35.1696635"><ele>621.0</ele><time>2026-06-24T14:18:02Z</time></trkpt>
<trkpt lat="33.0118607" lon="35.1697098"><ele>620.9</ele><time>2026-06-24T14:18:03Z</time></trkpt>
<trkpt lat="33.0118622" lon="35.1697545"><ele>620.8</ele><time>2026-06-24T14:18:04Z</time></trkpt>
<trkpt lat="33.0118634" lon="35.1697977"><ele>620.7</ele><time>2026-06-24T14:18:05Z</time></trkpt>
<trkpt lat="33.0118665" lon="35.169841"><ele>620.6</ele><time>2026-06-24T14:18:06Z</time></trkpt>
<trkpt lat="33.0118726" lon="35.1698843"><ele>620.5</ele><time>2026-06-24T14:18:07Z</time></trkpt>
<trkpt lat="33.0118786" lon="35.1699275"><ele>620.4</ele><time>2026-06-24T14:18:08Z</time></trkpt>
<trkpt lat="33.0118831" lon="35.1699711"><ele>620.3</ele><time>2026-06-24T14:18:09Z</time></trkpt>
<trkpt lat="33.011887" lon="35.1700161"><ele>620.3</ele><time>2026-06-24T14:18:10Z</time></trkpt>
<trkpt lat="33.0118902" lon="35.1700604"><ele>620.2</ele><time>2026-06-24T14:18:11Z</time></trkpt>
<trkpt lat="33.0118933" lon="35.1701034"><ele>620.1</ele><time>2026-06-24T14:18:12Z</time></trkpt>
<trkpt lat="33.0118963" lon="35.1701465"><ele>620.1</ele><time>2026-06-24T14:18:13Z</time></trkpt>
<trkpt lat="33.0118991" lon="35.1701895"><ele>620.0</ele><time>2026-06-24T14:18:14Z</time></trkpt>
<trkpt lat="33.0119022" lon="35.1702325"><ele>619.9</ele><time>2026-06-24T14:18:15Z</time></trkpt>
<trkpt lat="33.0119064" lon="35.1702763"><ele>619.9</ele><time>2026-06-24T14:18:16Z</time></trkpt>
<trkpt lat="33.0119092" lon="35.1703214"><ele>619.8</ele><time>2026-06-24T14:18:17Z</time></trkpt>
<trkpt lat="33.0119099" lon="35.1703679"><ele>619.8</ele><time>2026-06-24T14:18:18Z</time></trkpt>
<trkpt lat="33.0119102" lon="35.1704147"><ele>619.7</ele><time>2026-06-24T14:18:19Z</time></trkpt>
<trkpt lat="33.0119112" lon="35.1704616"><ele>619.6</ele><time>2026-06-24T14:18:20Z</time></trkpt>
<trkpt lat="33.0119121" lon="35.1705076"><ele>619.6</ele><time>2026-06-24T14:18:21Z</time></trkpt>
<trkpt lat="33.0119112" lon="35.1705512"><ele>619.6</ele><time>2026-06-24T14:18:22Z</time></trkpt>
<trkpt lat="33.0119072" lon="35.1705953"><ele>619.5</ele><time>2026-06-24T14:18:23Z</time></trkpt>
<trkpt lat="33.0119017" lon="35.1706419"><ele>619.5</ele><time>2026-06-24T14:18:24Z</time></trkpt>
<trkpt lat="33.0118971" lon="35.1706878"><ele>619.5</ele><time>2026-06-24T14:18:25Z</time></trkpt>
<trkpt lat="33.0118933" lon="35.1707321"><ele>619.4</ele><time>2026-06-24T14:18:26Z</time></trkpt>
<trkpt lat="33.01189" lon="35.1707774"><ele>619.4</ele><time>2026-06-24T14:18:27Z</time></trkpt>
<trkpt lat="33.0118865" lon="35.1708238"><ele>619.4</ele><time>2026-06-24T14:18:28Z</time></trkpt>
<trkpt lat="33.0118816" lon="35.1708708"><ele>619.3</ele><time>2026-06-24T14:18:29Z</time></trkpt>
<trkpt lat="33.0118757" lon="35.1709179"><ele>619.3</ele><time>2026-06-24T14:18:30Z</time></trkpt>
<trkpt lat="33.0118698" lon="35.1709641"><ele>619.2</ele><time>2026-06-24T14:18:31Z</time></trkpt>
<trkpt lat="33.0118637" lon="35.1710097"><ele>619.1</ele><time>2026-06-24T14:18:32Z</time></trkpt>
<trkpt lat="33.0118577" lon="35.1710559"><ele>619.0</ele><time>2026-06-24T14:18:33Z</time></trkpt>
<trkpt lat="33.0118511" lon="35.1711024"><ele>619.0</ele><time>2026-06-24T14:18:34Z</time></trkpt>
<trkpt lat="33.0118443" lon="35.1711487"><ele>618.9</ele><time>2026-06-24T14:18:35Z</time></trkpt>
<trkpt lat="33.0118373" lon="35.171196"><ele>618.8</ele><time>2026-06-24T14:18:36Z</time></trkpt>
<trkpt lat="33.0118295" lon="35.1712433"><ele>618.8</ele><time>2026-06-24T14:18:37Z</time></trkpt>
<trkpt lat="33.0118145" lon="35.1713433"><ele>618.8</ele><time>2026-06-24T14:18:39Z</time></trkpt>
<trkpt lat="33.011809" lon="35.1713877"><ele>618.9</ele><time>2026-06-24T14:18:40Z</time></trkpt>
<trkpt lat="33.0118037" lon="35.1714309"><ele>618.9</ele><time>2026-06-24T14:18:41Z</time></trkpt>
<trkpt lat="33.0117841" lon="35.17161"><ele>619.1</ele><time>2026-06-24T14:18:45Z</time></trkpt>
<trkpt lat="33.0117793" lon="35.1716568"><ele>619.1</ele><time>2026-06-24T14:18:46Z</time></trkpt>
<trkpt lat="33.0117751" lon="35.1717036"><ele>619.0</ele><time>2026-06-24T14:18:47Z</time></trkpt>
<trkpt lat="33.0117711" lon="35.1717505"><ele>619.0</ele><time>2026-06-24T14:18:48Z</time></trkpt>
<trkpt lat="33.0117672" lon="35.1717974"><ele>618.9</ele><time>2026-06-24T14:18:49Z</time></trkpt>
<trkpt lat="33.0117626" lon="35.1718439"><ele>618.8</ele><time>2026-06-24T14:18:50Z</time></trkpt>
<trkpt lat="33.011756" lon="35.1718899"><ele>618.8</ele><time>2026-06-24T14:18:51Z</time></trkpt>
<trkpt lat="33.0117487" lon="35.1719357"><ele>618.8</ele><time>2026-06-24T14:18:52Z</time></trkpt>
<trkpt lat="33.011741" lon="35.1719816"><ele>618.7</ele><time>2026-06-24T14:18:53Z</time></trkpt>
<trkpt lat="33.0117341" lon="35.1720283"><ele>618.7</ele><time>2026-06-24T14:18:54Z</time></trkpt>
<trkpt lat="33.0117278" lon="35.1720754"><ele>618.7</ele><time>2026-06-24T14:18:55Z</time></trkpt>
<trkpt lat="33.0117211" lon="35.1721206"><ele>618.7</ele><time>2026-06-24T14:18:56Z</time></trkpt>
<trkpt lat="33.0117138" lon="35.1721639"><ele>618.6</ele><time>2026-06-24T14:18:57Z</time></trkpt>
<trkpt lat="33.0117076" lon="35.1722074"><ele>618.6</ele><time>2026-06-24T14:18:58Z</time></trkpt>
<trkpt lat="33.0117027" lon="35.1722517"><ele>618.6</ele><time>2026-06-24T14:18:59Z</time></trkpt>
<trkpt lat="33.011698" lon="35.172297"><ele>618.6</ele><time>2026-06-24T14:19:00Z</time></trkpt>
<trkpt lat="33.0116922" lon="35.1723426"><ele>618.6</ele><time>2026-06-24T14:19:01Z</time></trkpt>
<trkpt lat="33.0116861" lon="35.1723882"><ele>618.6</ele><time>2026-06-24T14:19:02Z</time></trkpt>
<trkpt lat="33.0116816" lon="35.1724335"><ele>618.6</ele><time>2026-06-24T14:19:03Z</time></trkpt>
<trkpt lat="33.0116776" lon="35.1724779"><ele>618.6</ele><time>2026-06-24T14:19:04Z</time></trkpt>
<trkpt lat="33.0116727" lon="35.1725217"><ele>618.6</ele><time>2026-06-24T14:19:05Z</time></trkpt>
<trkpt lat="33.0116671" lon="35.1725659"><ele>618.6</ele><time>2026-06-24T14:19:06Z</time></trkpt>
<trkpt lat="33.0116616" lon="35.1726106"><ele>618.7</ele><time>2026-06-24T14:19:07Z</time></trkpt>
<trkpt lat="33.0116565" lon="35.1726553"><ele>618.7</ele><time>2026-06-24T14:19:08Z</time></trkpt>
<trkpt lat="33.0116523" lon="35.1726998"><ele>618.7</ele><time>2026-06-24T14:19:09Z</time></trkpt>
<trkpt lat="33.0116509" lon="35.1727437"><ele>618.7</ele><time>2026-06-24T14:19:10Z</time></trkpt>
<trkpt lat="33.0116537" lon="35.1727866"><ele>618.7</ele><time>2026-06-24T14:19:11Z</time></trkpt>
<trkpt lat="33.0116607" lon="35.1728258"><ele>618.7</ele><time>2026-06-24T14:19:12Z</time></trkpt>
<trkpt lat="33.0116717" lon="35.1728599"><ele>618.7</ele><time>2026-06-24T14:19:13Z</time></trkpt>
<trkpt lat="33.0116873" lon="35.1728907"><ele>618.6</ele><time>2026-06-24T14:19:14Z</time></trkpt>
<trkpt lat="33.0117081" lon="35.17292"><ele>618.6</ele><time>2026-06-24T14:19:15Z</time></trkpt>
<trkpt lat="33.0117345" lon="35.17295"><ele>618.4</ele><time>2026-06-24T14:19:16Z</time></trkpt>
<trkpt lat="33.0117693" lon="35.1729789"><ele>618.2</ele><time>2026-06-24T14:19:17Z</time></trkpt>
<trkpt lat="33.0118134" lon="35.1729992"><ele>617.9</ele><time>2026-06-24T14:19:18Z</time></trkpt>
<trkpt lat="33.0118636" lon="35.1730073"><ele>617.4</ele><time>2026-06-24T14:19:19Z</time></trkpt>
<trkpt lat="33.0119209" lon="35.1729971"><ele>616.8</ele><time>2026-06-24T14:19:20Z</time></trkpt>
<trkpt lat="33.0119817" lon="35.1729747"><ele>616.0</ele><time>2026-06-24T14:19:21Z</time></trkpt>
<trkpt lat="33.0120398" lon="35.1729537"><ele>615.0</ele><time>2026-06-24T14:19:22Z</time></trkpt>
<trkpt lat="33.0121009" lon="35.1729373"><ele>613.7</ele><time>2026-06-24T14:19:23Z</time></trkpt>
<trkpt lat="33.0121655" lon="35.1729218"><ele>612.2</ele><time>2026-06-24T14:19:24Z</time></trkpt>
<trkpt lat="33.0122284" lon="35.1729017"><ele>610.4</ele><time>2026-06-24T14:19:25Z</time></trkpt>
<trkpt lat="33.0122917" lon="35.1728833"><ele>608.1</ele><time>2026-06-24T14:19:26Z</time></trkpt>
<trkpt lat="33.0123566" lon="35.1728687"><ele>605.5</ele><time>2026-06-24T14:19:27Z</time></trkpt>
<trkpt lat="33.0124292" lon="35.1728488"><ele>602.3</ele><time>2026-06-24T14:19:28Z</time></trkpt>
<trkpt lat="33.0125089" lon="35.1728248"><ele>598.7</ele><time>2026-06-24T14:19:29Z</time></trkpt>
<trkpt lat="33.0125852" lon="35.1728047"><ele>594.7</ele><time>2026-06-24T14:19:30Z</time></trkpt>
<trkpt lat="33.0126573" lon="35.1727868"><ele>590.4</ele><time>2026-06-24T14:19:31Z</time></trkpt>
<trkpt lat="33.0127312" lon="35.1727784"><ele>585.8</ele><time>2026-06-24T14:19:32Z</time></trkpt>
<trkpt lat="33.0128074" lon="35.1727783"><ele>581.0</ele><time>2026-06-24T14:19:33Z</time></trkpt>
<trkpt lat="33.0128813" lon="35.1727822"><ele>576.2</ele><time>2026-06-24T14:19:34Z</time></trkpt>
<trkpt lat="33.0129526" lon="35.1727991"><ele>571.4</ele><time>2026-06-24T14:19:35Z</time></trkpt>
<trkpt lat="33.013023" lon="35.1728205"><ele>566.6</ele><time>2026-06-24T14:19:36Z</time></trkpt>
<trkpt lat="33.0130904" lon="35.1728297"><ele>561.8</ele><time>2026-06-24T14:19:37Z</time></trkpt>
<trkpt lat="33.0131537" lon="35.1728223"><ele>557.0</ele><time>2026-06-24T14:19:38Z</time></trkpt>
<trkpt lat="33.0132161" lon="35.1728084"><ele>552.2</ele><time>2026-06-24T14:19:39Z</time></trkpt>
<trkpt lat="33.0132804" lon="35.1728019"><ele>547.1</ele><time>2026-06-24T14:19:40Z</time></trkpt>
<trkpt lat="33.0133448" lon="35.172808"><ele>542.0</ele><time>2026-06-24T14:19:41Z</time></trkpt>
<trkpt lat="33.0134046" lon="35.1728208"><ele>536.7</ele><time>2026-06-24T14:19:42Z</time></trkpt>
<trkpt lat="33.0134575" lon="35.1728374"><ele>531.5</ele><time>2026-06-24T14:19:43Z</time></trkpt>
<trkpt lat="33.0135046" lon="35.1728618"><ele>526.3</ele><time>2026-06-24T14:19:44Z</time></trkpt>
<trkpt lat="33.0135469" lon="35.1728975"><ele>521.4</ele><time>2026-06-24T14:19:45Z</time></trkpt>
<trkpt lat="33.0135828" lon="35.1729452"><ele>516.8</ele><time>2026-06-24T14:19:46Z</time></trkpt>
<trkpt lat="33.01361" lon="35.1730029"><ele>512.8</ele><time>2026-06-24T14:19:47Z</time></trkpt>
<trkpt lat="33.0136277" lon="35.1730666"><ele>509.3</ele><time>2026-06-24T14:19:48Z</time></trkpt>
<trkpt lat="33.0136365" lon="35.1731313"><ele>506.4</ele><time>2026-06-24T14:19:49Z</time></trkpt>
<trkpt lat="33.0136395" lon="35.1731925"><ele>504.1</ele><time>2026-06-24T14:19:50Z</time></trkpt>
<trkpt lat="33.013639" lon="35.173246"><ele>502.3</ele><time>2026-06-24T14:19:51Z</time></trkpt>
<trkpt lat="33.0136355" lon="35.173291"><ele>501.0</ele><time>2026-06-24T14:19:52Z</time></trkpt>
<trkpt lat="33.0136308" lon="35.1733306"><ele>500.1</ele><time>2026-06-24T14:19:53Z</time></trkpt>
<trkpt lat="33.0136251" lon="35.1733659"><ele>499.5</ele><time>2026-06-24T14:19:54Z</time></trkpt>
<trkpt lat="33.0136176" lon="35.1733967"><ele>499.0</ele><time>2026-06-24T14:19:55Z</time></trkpt>
<trkpt lat="33.0136091" lon="35.1734248"><ele>498.8</ele><time>2026-06-24T14:19:56Z</time></trkpt>
<trkpt lat="33.0136013" lon="35.1734515"><ele>498.6</ele><time>2026-06-24T14:19:57Z</time></trkpt>
<trkpt lat="33.0135946" lon="35.1734791"><ele>498.5</ele><time>2026-06-24T14:19:58Z</time></trkpt>
<trkpt lat="33.0135887" lon="35.1735098"><ele>498.4</ele><time>2026-06-24T14:19:59Z</time></trkpt>
<trkpt lat="33.0135839" lon="35.1735418"><ele>498.4</ele><time>2026-06-24T14:20:00Z</time></trkpt>
<trkpt lat="33.0135794" lon="35.1735734"><ele>498.4</ele><time>2026-06-24T14:20:01Z</time></trkpt>
<trkpt lat="33.0135743" lon="35.1736034"><ele>498.4</ele><time>2026-06-24T14:20:02Z</time></trkpt>
<trkpt lat="33.0135695" lon="35.1736324"><ele>498.4</ele><time>2026-06-24T14:20:03Z</time></trkpt>
<trkpt lat="33.0135647" lon="35.173664"><ele>498.4</ele><time>2026-06-24T14:20:04Z</time></trkpt>
<trkpt lat="33.013559" lon="35.1736984"><ele>498.4</ele><time>2026-06-24T14:20:05Z</time></trkpt>
<trkpt lat="33.0135533" lon="35.1737341"><ele>498.4</ele><time>2026-06-24T14:20:06Z</time></trkpt>
<trkpt lat="33.0135494" lon="35.1737704"><ele>498.5</ele><time>2026-06-24T14:20:07Z</time></trkpt>
<trkpt lat="33.0135478" lon="35.1738759"><ele>498.5</ele><time>2026-06-24T14:20:10Z</time></trkpt>
<trkpt lat="33.0135482" lon="35.1739154"><ele>498.4</ele><time>2026-06-24T14:20:11Z</time></trkpt>
<trkpt lat="33.0135471" lon="35.1739543"><ele>498.3</ele><time>2026-06-24T14:20:12Z</time></trkpt>
<trkpt lat="33.0135409" lon="35.1740277"><ele>497.9</ele><time>2026-06-24T14:20:13Z</time></trkpt>
<trkpt lat="33.0135356" lon="35.1740621"><ele>497.7</ele><time>2026-06-24T14:20:14Z</time></trkpt>
<trkpt lat="33.0135286" lon="35.1740953"><ele>497.4</ele><time>2026-06-24T14:20:15Z</time></trkpt>
<trkpt lat="33.0135201" lon="35.1741268"><ele>497.1</ele><time>2026-06-24T14:20:16Z</time></trkpt>
<trkpt lat="33.0135124" lon="35.1741568"><ele>496.8</ele><time>2026-06-24T14:20:17Z</time></trkpt>
<trkpt lat="33.0135061" lon="35.1741865"><ele>496.5</ele><time>2026-06-24T14:20:18Z</time></trkpt>
<trkpt lat="33.0135006" lon="35.1742162"><ele>496.2</ele><time>2026-06-24T14:20:19Z</time></trkpt>
<trkpt lat="33.0134964" lon="35.1742462"><ele>495.9</ele><time>2026-06-24T14:20:20Z</time></trkpt>
<trkpt lat="33.0134926" lon="35.1742762"><ele>495.6</ele><time>2026-06-24T14:20:21Z</time></trkpt>
<trkpt lat="33.0134885" lon="35.1743058"><ele>495.4</ele><time>2026-06-24T14:20:22Z</time></trkpt>
<trkpt lat="33.0134839" lon="35.1743351"><ele>495.2</ele><time>2026-06-24T14:20:23Z</time></trkpt>
<trkpt lat="33.0134789" lon="35.174365"><ele>495.0</ele><time>2026-06-24T14:20:24Z</time></trkpt>
<trkpt lat="33.013473" lon="35.1743946"><ele>494.9</ele><time>2026-06-24T14:20:25Z</time></trkpt>
<trkpt lat="33.0134677" lon="35.1744241"><ele>494.8</ele><time>2026-06-24T14:20:26Z</time></trkpt>
<trkpt lat="33.0134649" lon="35.1744541"><ele>494.7</ele><time>2026-06-24T14:20:27Z</time></trkpt>
<trkpt lat="33.0134631" lon="35.1744843"><ele>494.7</ele><time>2026-06-24T14:20:28Z</time></trkpt>
<trkpt lat="33.013459" lon="35.1745144"><ele>494.6</ele><time>2026-06-24T14:20:29Z</time></trkpt>
<trkpt lat="33.0134534" lon="35.1745455"><ele>494.5</ele><time>2026-06-24T14:20:30Z</time></trkpt>
<trkpt lat="33.0134466" lon="35.1745775"><ele>494.5</ele><time>2026-06-24T14:20:31Z</time></trkpt>
<trkpt lat="33.0134377" lon="35.1746085"><ele>494.4</ele><time>2026-06-24T14:20:32Z</time></trkpt>
<trkpt lat="33.0134274" lon="35.1746387"><ele>494.3</ele><time>2026-06-24T14:20:33Z</time></trkpt>
<trkpt lat="33.0134157" lon="35.1746699"><ele>494.2</ele><time>2026-06-24T14:20:34Z</time></trkpt>
<trkpt lat="33.0134044" lon="35.1747047"><ele>494.0</ele><time>2026-06-24T14:20:35Z</time></trkpt>
<trkpt lat="33.0133931" lon="35.174742"><ele>493.9</ele><time>2026-06-24T14:20:36Z</time></trkpt>
<trkpt lat="33.0133808" lon="35.174779"><ele>493.8</ele><time>2026-06-24T14:20:37Z</time></trkpt>
<trkpt lat="33.0133688" lon="35.1748168"><ele>493.6</ele><time>2026-06-24T14:20:38Z</time></trkpt>
<trkpt lat="33.0133558" lon="35.1748556"><ele>493.5</ele><time>2026-06-24T14:20:39Z</time></trkpt>
<trkpt lat="33.0133413" lon="35.1748948"><ele>493.3</ele><time>2026-06-24T14:20:40Z</time></trkpt>
<trkpt lat="33.0133269" lon="35.1749348"><ele>493.1</ele><time>2026-06-24T14:20:41Z</time></trkpt>
<trkpt lat="33.0133124" lon="35.1749764"><ele>492.9</ele><time>2026-06-24T14:20:42Z</time></trkpt>
<trkpt lat="33.0132968" lon="35.1750191"><ele>492.7</ele><time>2026-06-24T14:20:43Z</time></trkpt>
<trkpt lat="33.0132806" lon="35.1750615"><ele>492.6</ele><time>2026-06-24T14:20:44Z</time></trkpt>
<trkpt lat="33.0132641" lon="35.1751033"><ele>492.4</ele><time>2026-06-24T14:20:45Z</time></trkpt>
<trkpt lat="33.0132476" lon="35.1751443"><ele>492.2</ele><time>2026-06-24T14:20:46Z</time></trkpt>
<trkpt lat="33.0132311" lon="35.1751846"><ele>492.0</ele><time>2026-06-24T14:20:47Z</time></trkpt>
<trkpt lat="33.0132148" lon="35.1752243"><ele>491.8</ele><time>2026-06-24T14:20:48Z</time></trkpt>
<trkpt lat="33.0131985" lon="35.1752637"><ele>491.6</ele><time>2026-06-24T14:20:49Z</time></trkpt>
<trkpt lat="33.0131825" lon="35.1753028"><ele>491.4</ele><time>2026-06-24T14:20:50Z</time></trkpt>
<trkpt lat="33.0131668" lon="35.1753419"><ele>491.3</ele><time>2026-06-24T14:20:51Z</time></trkpt>
<trkpt lat="33.013151" lon="35.1753814"><ele>491.1</ele><time>2026-06-24T14:20:52Z</time></trkpt>
<trkpt lat="33.0131354" lon="35.1754215"><ele>491.0</ele><time>2026-06-24T14:20:53Z</time></trkpt>
<trkpt lat="33.0131202" lon="35.1754625"><ele>490.8</ele><time>2026-06-24T14:20:54Z</time></trkpt>
<trkpt lat="33.0131053" lon="35.1755045"><ele>490.7</ele><time>2026-06-24T14:20:55Z</time></trkpt>
<trkpt lat="33.0130904" lon="35.1755472"><ele>490.5</ele><time>2026-06-24T14:20:56Z</time></trkpt>
<trkpt lat="33.0130758" lon="35.1755898"><ele>490.3</ele><time>2026-06-24T14:20:57Z</time></trkpt>
<trkpt lat="33.0130615" lon="35.1756322"><ele>490.1</ele><time>2026-06-24T14:20:58Z</time></trkpt>
<trkpt lat="33.013047" lon="35.1756749"><ele>489.9</ele><time>2026-06-24T14:20:59Z</time></trkpt>
<trkpt lat="33.0130315" lon="35.1757172"><ele>489.7</ele><time>2026-06-24T14:21:00Z</time></trkpt>
<trkpt lat="33.0130164" lon="35.1757599"><ele>489.5</ele><time>2026-06-24T14:21:01Z</time></trkpt>
<trkpt lat="33.0130031" lon="35.1758027"><ele>489.3</ele><time>2026-06-24T14:21:02Z</time></trkpt>
<trkpt lat="33.012991" lon="35.1758446"><ele>489.1</ele><time>2026-06-24T14:21:03Z</time></trkpt>
<trkpt lat="33.0129794" lon="35.1758861"><ele>488.9</ele><time>2026-06-24T14:21:04Z</time></trkpt>
<trkpt lat="33.0129678" lon="35.1759278"><ele>488.7</ele><time>2026-06-24T14:21:05Z</time></trkpt>
<trkpt lat="33.0129559" lon="35.17597"><ele>488.5</ele><time>2026-06-24T14:21:06Z</time></trkpt>
<trkpt lat="33.0129451" lon="35.1760119"><ele>488.2</ele><time>2026-06-24T14:21:07Z</time></trkpt>
<trkpt lat="33.0129392" lon="35.1760379"><ele>488.1</ele><time>2026-06-24T14:21:08Z</time></trkpt>
<trkpt lat="33.0129276" lon="35.1760997"><ele>487.7</ele><time>2026-06-24T14:21:09Z</time></trkpt>
<trkpt lat="33.0129222" lon="35.1761382"><ele>487.5</ele><time>2026-06-24T14:21:10Z</time></trkpt>
<trkpt lat="33.0129171" lon="35.1761767"><ele>487.2</ele><time>2026-06-24T14:21:11Z</time></trkpt>
<trkpt lat="33.0129119" lon="35.1762165"><ele>486.9</ele><time>2026-06-24T14:21:12Z</time></trkpt>
<trkpt lat="33.012905" lon="35.1762567"><ele>486.5</ele><time>2026-06-24T14:21:13Z</time></trkpt>
<trkpt lat="33.0128956" lon="35.1762972"><ele>486.1</ele><time>2026-06-24T14:21:14Z</time></trkpt>
<trkpt lat="33.0128862" lon="35.1763406"><ele>485.7</ele><time>2026-06-24T14:21:15Z</time></trkpt>
<trkpt lat="33.0128776" lon="35.1763839"><ele>485.2</ele><time>2026-06-24T14:21:16Z</time></trkpt>
<trkpt lat="33.0128664" lon="35.176426"><ele>484.7</ele><time>2026-06-24T14:21:17Z</time></trkpt>
<trkpt lat="33.012854" lon="35.1764676"><ele>484.2</ele><time>2026-06-24T14:21:18Z</time></trkpt>
<trkpt lat="33.0128425" lon="35.1765096"><ele>483.6</ele><time>2026-06-24T14:21:19Z</time></trkpt>
<trkpt lat="33.0128324" lon="35.1765522"><ele>482.9</ele><time>2026-06-24T14:21:20Z</time></trkpt>
<trkpt lat="33.0128226" lon="35.1765949"><ele>482.2</ele><time>2026-06-24T14:21:21Z</time></trkpt>
<trkpt lat="33.0128124" lon="35.1766374"><ele>481.5</ele><time>2026-06-24T14:21:22Z</time></trkpt>
<trkpt lat="33.0128022" lon="35.1766799"><ele>480.8</ele><time>2026-06-24T14:21:23Z</time></trkpt>
<trkpt lat="33.0127916" lon="35.1767222"><ele>480.1</ele><time>2026-06-24T14:21:24Z</time></trkpt>
<trkpt lat="33.0127819" lon="35.1767633"><ele>479.3</ele><time>2026-06-24T14:21:25Z</time></trkpt>
<trkpt lat="33.0127726" lon="35.176803"><ele>478.6</ele><time>2026-06-24T14:21:26Z</time></trkpt>
<trkpt lat="33.0127626" lon="35.176842"><ele>477.9</ele><time>2026-06-24T14:21:27Z</time></trkpt>
<trkpt lat="33.0127528" lon="35.1768815"><ele>477.2</ele><time>2026-06-24T14:21:28Z</time></trkpt>
<trkpt lat="33.0127429" lon="35.1769218"><ele>476.5</ele><time>2026-06-24T14:21:29Z</time></trkpt>
<trkpt lat="33.012733" lon="35.1769628"><ele>475.8</ele><time>2026-06-24T14:21:30Z</time></trkpt>
<trkpt lat="33.0127238" lon="35.1770048"><ele>475.2</ele><time>2026-06-24T14:21:31Z</time></trkpt>
<trkpt lat="33.0127149" lon="35.1770469"><ele>474.6</ele><time>2026-06-24T14:21:32Z</time></trkpt>
<trkpt lat="33.0127052" lon="35.1770885"><ele>474.0</ele><time>2026-06-24T14:21:33Z</time></trkpt>
<trkpt lat="33.0126942" lon="35.1771297"><ele>473.4</ele><time>2026-06-24T14:21:34Z</time></trkpt>
<trkpt lat="33.0126816" lon="35.1771707"><ele>472.9</ele><time>2026-06-24T14:21:35Z</time></trkpt>
<trkpt lat="33.0126698" lon="35.1772128"><ele>472.5</ele><time>2026-06-24T14:21:36Z</time></trkpt>
<trkpt lat="33.0126597" lon="35.1772554"><ele>472.1</ele><time>2026-06-24T14:21:37Z</time></trkpt>
<trkpt lat="33.0126495" lon="35.1772974"><ele>471.7</ele><time>2026-06-24T14:21:38Z</time></trkpt>
<trkpt lat="33.012639" lon="35.1773394"><ele>471.4</ele><time>2026-06-24T14:21:39Z</time></trkpt>
<trkpt lat="33.0126278" lon="35.1773815"><ele>471.0</ele><time>2026-06-24T14:21:40Z</time></trkpt>
<trkpt lat="33.0126159" lon="35.1774233"><ele>470.7</ele><time>2026-06-24T14:21:41Z</time></trkpt>
<trkpt lat="33.0126026" lon="35.1774657"><ele>470.5</ele><time>2026-06-24T14:21:42Z</time></trkpt>
<trkpt lat="33.0125881" lon="35.1775088"><ele>470.2</ele><time>2026-06-24T14:21:43Z</time></trkpt>
<trkpt lat="33.0125741" lon="35.1775523"><ele>469.9</ele><time>2026-06-24T14:21:44Z</time></trkpt>
<trkpt lat="33.0125609" lon="35.1775962"><ele>469.6</ele><time>2026-06-24T14:21:45Z</time></trkpt>
<trkpt lat="33.0125488" lon="35.1776403"><ele>469.4</ele><time>2026-06-24T14:21:46Z</time></trkpt>
<trkpt lat="33.0125379" lon="35.1776841"><ele>469.1</ele><time>2026-06-24T14:21:47Z</time></trkpt>
<trkpt lat="33.0125278" lon="35.1777278"><ele>468.8</ele><time>2026-06-24T14:21:48Z</time></trkpt>
<trkpt lat="33.0125178" lon="35.1777711"><ele>468.5</ele><time>2026-06-24T14:21:49Z</time></trkpt>
<trkpt lat="33.0125078" lon="35.1778141"><ele>468.1</ele><time>2026-06-24T14:21:50Z</time></trkpt>
<trkpt lat="33.012498" lon="35.1778568"><ele>467.8</ele><time>2026-06-24T14:21:51Z</time></trkpt>
<trkpt lat="33.0124876" lon="35.177899"><ele>467.4</ele><time>2026-06-24T14:21:52Z</time></trkpt>
<trkpt lat="33.0124767" lon="35.1779411"><ele>467.0</ele><time>2026-06-24T14:21:53Z</time></trkpt>
<trkpt lat="33.0124654" lon="35.1779838"><ele>466.6</ele><time>2026-06-24T14:21:54Z</time></trkpt>
<trkpt lat="33.0124543" lon="35.1780267"><ele>466.2</ele><time>2026-06-24T14:21:55Z</time></trkpt>
<trkpt lat="33.0124434" lon="35.1780697"><ele>465.8</ele><time>2026-06-24T14:21:56Z</time></trkpt>
<trkpt lat="33.0124329" lon="35.1781125"><ele>465.3</ele><time>2026-06-24T14:21:57Z</time></trkpt>
<trkpt lat="33.0124227" lon="35.178155"><ele>464.9</ele><time>2026-06-24T14:21:58Z</time></trkpt>
<trkpt lat="33.0124129" lon="35.1781971"><ele>464.4</ele><time>2026-06-24T14:21:59Z</time></trkpt>
<trkpt lat="33.0124034" lon="35.1782386"><ele>464.0</ele><time>2026-06-24T14:22:00Z</time></trkpt>
<trkpt lat="33.0123942" lon="35.1782796"><ele>463.5</ele><time>2026-06-24T14:22:01Z</time></trkpt>
<trkpt lat="33.0123854" lon="35.1783202"><ele>463.1</ele><time>2026-06-24T14:22:02Z</time></trkpt>
<trkpt lat="33.0123766" lon="35.1783609"><ele>462.8</ele><time>2026-06-24T14:22:03Z</time></trkpt>
<trkpt lat="33.0123678" lon="35.1784022"><ele>462.4</ele><time>2026-06-24T14:22:04Z</time></trkpt>
<trkpt lat="33.012359" lon="35.178444"><ele>462.0</ele><time>2026-06-24T14:22:05Z</time></trkpt>
<trkpt lat="33.0123503" lon="35.1784857"><ele>461.7</ele><time>2026-06-24T14:22:06Z</time></trkpt>
<trkpt lat="33.0123417" lon="35.1785275"><ele>461.3</ele><time>2026-06-24T14:22:07Z</time></trkpt>
<trkpt lat="33.0123328" lon="35.1785691"><ele>461.0</ele><time>2026-06-24T14:22:08Z</time></trkpt>
<trkpt lat="33.0123236" lon="35.1786111"><ele>460.7</ele><time>2026-06-24T14:22:09Z</time></trkpt>
<trkpt lat="33.0123144" lon="35.1786534"><ele>460.4</ele><time>2026-06-24T14:22:10Z</time></trkpt>
<trkpt lat="33.0123053" lon="35.1786964"><ele>460.1</ele><time>2026-06-24T14:22:11Z</time></trkpt>
<trkpt lat="33.0122965" lon="35.1787398"><ele>459.8</ele><time>2026-06-24T14:22:12Z</time></trkpt>
<trkpt lat="33.0122881" lon="35.1787831"><ele>459.5</ele><time>2026-06-24T14:22:13Z</time></trkpt>
<trkpt lat="33.0122801" lon="35.1788258"><ele>459.3</ele><time>2026-06-24T14:22:14Z</time></trkpt>
<trkpt lat="33.0122721" lon="35.1788682"><ele>459.0</ele><time>2026-06-24T14:22:15Z</time></trkpt>
<trkpt lat="33.0122641" lon="35.1789104"><ele>458.8</ele><time>2026-06-24T14:22:16Z</time></trkpt>
<trkpt lat="33.0122561" lon="35.1789523"><ele>458.6</ele><time>2026-06-24T14:22:17Z</time></trkpt>
<trkpt lat="33.0122483" lon="35.178994"><ele>458.4</ele><time>2026-06-24T14:22:18Z</time></trkpt>
<trkpt lat="33.0122403" lon="35.1790356"><ele>458.2</ele><time>2026-06-24T14:22:19Z</time></trkpt>
<trkpt lat="33.012232" lon="35.1790775"><ele>458.0</ele><time>2026-06-24T14:22:20Z</time></trkpt>
<trkpt lat="33.0122236" lon="35.1791202"><ele>457.9</ele><time>2026-06-24T14:22:21Z</time></trkpt>
<trkpt lat="33.0122152" lon="35.1791641"><ele>457.7</ele><time>2026-06-24T14:22:22Z</time></trkpt>
<trkpt lat="33.0122068" lon="35.17921"><ele>457.6</ele><time>2026-06-24T14:22:23Z</time></trkpt>
<trkpt lat="33.0121983" lon="35.1792577"><ele>457.4</ele><time>2026-06-24T14:22:24Z</time></trkpt>
<trkpt lat="33.0121896" lon="35.1793066"><ele>457.3</ele><time>2026-06-24T14:22:25Z</time></trkpt>
<trkpt lat="33.0121807" lon="35.179356"><ele>457.2</ele><time>2026-06-24T14:22:26Z</time></trkpt>
<trkpt lat="33.0121722" lon="35.1794061"><ele>457.0</ele><time>2026-06-24T14:22:27Z</time></trkpt>
<trkpt lat="33.0121641" lon="35.1794565"><ele>456.9</ele><time>2026-06-24T14:22:28Z</time></trkpt>
<trkpt lat="33.0121563" lon="35.1795065"><ele>456.7</ele><time>2026-06-24T14:22:29Z</time></trkpt>
<trkpt lat="33.0121488" lon="35.1795557"><ele>456.6</ele><time>2026-06-24T14:22:30Z</time></trkpt>
<trkpt lat="33.0121415" lon="35.1796041"><ele>456.4</ele><time>2026-06-24T14:22:31Z</time></trkpt>
<trkpt lat="33.0121339" lon="35.179652"><ele>456.2</ele><time>2026-06-24T14:22:32Z</time></trkpt>
<trkpt lat="33.0121264" lon="35.1796997"><ele>456.0</ele><time>2026-06-24T14:22:33Z</time></trkpt>
<trkpt lat="33.0121192" lon="35.179747"><ele>455.8</ele><time>2026-06-24T14:22:34Z</time></trkpt>
<trkpt lat="33.0121126" lon="35.1797939"><ele>455.6</ele><time>2026-06-24T14:22:35Z</time></trkpt>
<trkpt lat="33.0121066" lon="35.1798407"><ele>455.5</ele><time>2026-06-24T14:22:36Z</time></trkpt>
<trkpt lat="33.0121009" lon="35.1798867"><ele>455.3</ele><time>2026-06-24T14:22:37Z</time></trkpt>
<trkpt lat="33.0120959" lon="35.1799313"><ele>455.1</ele><time>2026-06-24T14:22:38Z</time></trkpt>
<trkpt lat="33.0120913" lon="35.1799735"><ele>455.0</ele><time>2026-06-24T14:22:39Z</time></trkpt>
<trkpt lat="33.0120862" lon="35.1800136"><ele>454.9</ele><time>2026-06-24T14:22:40Z</time></trkpt>
<trkpt lat="33.0120802" lon="35.1800529"><ele>454.8</ele><time>2026-06-24T14:22:41Z</time></trkpt>
<trkpt lat="33.0120738" lon="35.1800917"><ele>454.6</ele><time>2026-06-24T14:22:42Z</time></trkpt>
<trkpt lat="33.0120671" lon="35.1801297"><ele>454.5</ele><time>2026-06-24T14:22:43Z</time></trkpt>
<trkpt lat="33.0120603" lon="35.1801676"><ele>454.4</ele><time>2026-06-24T14:22:44Z</time></trkpt>
<trkpt lat="33.0120539" lon="35.1802059"><ele>454.3</ele><time>2026-06-24T14:22:45Z</time></trkpt>
<trkpt lat="33.0120481" lon="35.180245"><ele>454.2</ele><time>2026-06-24T14:22:46Z</time></trkpt>
<trkpt lat="33.0120434" lon="35.1802853"><ele>454.2</ele><time>2026-06-24T14:22:47Z</time></trkpt>
<trkpt lat="33.0120394" lon="35.1803268"><ele>454.1</ele><time>2026-06-24T14:22:48Z</time></trkpt>
<trkpt lat="33.0120359" lon="35.1803696"><ele>454.0</ele><time>2026-06-24T14:22:49Z</time></trkpt>
<trkpt lat="33.0120328" lon="35.1804135"><ele>454.0</ele><time>2026-06-24T14:22:50Z</time></trkpt>
<trkpt lat="33.0120298" lon="35.1804581"><ele>453.9</ele><time>2026-06-24T14:22:51Z</time></trkpt>
<trkpt lat="33.0120268" lon="35.1805032"><ele>453.9</ele><time>2026-06-24T14:22:52Z</time></trkpt>
<trkpt lat="33.0120236" lon="35.1805489"><ele>453.8</ele><time>2026-06-24T14:22:53Z</time></trkpt>
<trkpt lat="33.0120204" lon="35.1805949"><ele>453.8</ele><time>2026-06-24T14:22:54Z</time></trkpt>
<trkpt lat="33.012017" lon="35.1806414"><ele>453.7</ele><time>2026-06-24T14:22:55Z</time></trkpt>
<trkpt lat="33.0120133" lon="35.1806886"><ele>453.7</ele><time>2026-06-24T14:22:56Z</time></trkpt>
<trkpt lat="33.0120097" lon="35.1807369"><ele>453.6</ele><time>2026-06-24T14:22:57Z</time></trkpt>
<trkpt lat="33.0120067" lon="35.1807863"><ele>453.6</ele><time>2026-06-24T14:22:58Z</time></trkpt>
<trkpt lat="33.0120041" lon="35.1808373"><ele>453.5</ele><time>2026-06-24T14:22:59Z</time></trkpt>
<trkpt lat="33.0120017" lon="35.180889"><ele>453.5</ele><time>2026-06-24T14:23:00Z</time></trkpt>
<trkpt lat="33.0119995" lon="35.1809404"><ele>453.5</ele><time>2026-06-24T14:23:01Z</time></trkpt>
<trkpt lat="33.0119975" lon="35.1809911"><ele>453.4</ele><time>2026-06-24T14:23:02Z</time></trkpt>
<trkpt lat="33.0119956" lon="35.1810414"><ele>453.4</ele><time>2026-06-24T14:23:03Z</time></trkpt>
<trkpt lat="33.0119938" lon="35.1810918"><ele>453.4</ele><time>2026-06-24T14:23:04Z</time></trkpt>
<trkpt lat="33.0119924" lon="35.1811412"><ele>453.3</ele><time>2026-06-24T14:23:05Z</time></trkpt>
<trkpt lat="33.0119916" lon="35.1811905"><ele>453.3</ele><time>2026-06-24T14:23:06Z</time></trkpt>
<trkpt lat="33.0119904" lon="35.1812393"><ele>453.2</ele><time>2026-06-24T14:23:07Z</time></trkpt>
<trkpt lat="33.0119884" lon="35.1812874"><ele>453.2</ele><time>2026-06-24T14:23:08Z</time></trkpt>
<trkpt lat="33.0119856" lon="35.1813362"><ele>453.2</ele><time>2026-06-24T14:23:09Z</time></trkpt>
<trkpt lat="33.0119815" lon="35.1813851"><ele>453.1</ele><time>2026-06-24T14:23:10Z</time></trkpt>
<trkpt lat="33.0119756" lon="35.1814339"><ele>453.1</ele><time>2026-06-24T14:23:11Z</time></trkpt>
<trkpt lat="33.0119679" lon="35.1814841"><ele>453.1</ele><time>2026-06-24T14:23:12Z</time></trkpt>
<trkpt lat="33.0119588" lon="35.1815344"><ele>453.0</ele><time>2026-06-24T14:23:13Z</time></trkpt>
<trkpt lat="33.0119484" lon="35.181584"><ele>453.0</ele><time>2026-06-24T14:23:14Z</time></trkpt>
<trkpt lat="33.0119362" lon="35.1816334"><ele>452.9</ele><time>2026-06-24T14:23:15Z</time></trkpt>
<trkpt lat="33.0119218" lon="35.1816815"><ele>452.9</ele><time>2026-06-24T14:23:16Z</time></trkpt>
<trkpt lat="33.0119047" lon="35.1817286"><ele>452.8</ele><time>2026-06-24T14:23:17Z</time></trkpt>
<trkpt lat="33.0118862" lon="35.1817754"><ele>452.8</ele><time>2026-06-24T14:23:18Z</time></trkpt>
<trkpt lat="33.011867" lon="35.181822"><ele>452.7</ele><time>2026-06-24T14:23:19Z</time></trkpt>
<trkpt lat="33.0118476" lon="35.1818681"><ele>452.6</ele><time>2026-06-24T14:23:20Z</time></trkpt>
<trkpt lat="33.011827" lon="35.1819138"><ele>452.5</ele><time>2026-06-24T14:23:21Z</time></trkpt>
<trkpt lat="33.011805" lon="35.1819585"><ele>452.4</ele><time>2026-06-24T14:23:22Z</time></trkpt>
<trkpt lat="33.0117826" lon="35.182002"><ele>452.3</ele><time>2026-06-24T14:23:23Z</time></trkpt>
<trkpt lat="33.01176" lon="35.182045"><ele>452.1</ele><time>2026-06-24T14:23:24Z</time></trkpt>
<trkpt lat="33.0117372" lon="35.1820882"><ele>452.0</ele><time>2026-06-24T14:23:25Z</time></trkpt>
<trkpt lat="33.0117149" lon="35.1821309"><ele>451.8</ele><time>2026-06-24T14:23:26Z</time></trkpt>
<trkpt lat="33.0116928" lon="35.1821732"><ele>451.6</ele><time>2026-06-24T14:23:27Z</time></trkpt>
<trkpt lat="33.0116709" lon="35.1822159"><ele>451.4</ele><time>2026-06-24T14:23:28Z</time></trkpt>
<trkpt lat="33.0116493" lon="35.1822588"><ele>451.2</ele><time>2026-06-24T14:23:29Z</time></trkpt>
<trkpt lat="33.0116274" lon="35.1823012"><ele>450.9</ele><time>2026-06-24T14:23:30Z</time></trkpt>
<trkpt lat="33.0116061" lon="35.1823426"><ele>450.6</ele><time>2026-06-24T14:23:31Z</time></trkpt>
<trkpt lat="33.0115854" lon="35.1823843"><ele>450.3</ele><time>2026-06-24T14:23:32Z</time></trkpt>
<trkpt lat="33.0115652" lon="35.1824263"><ele>450.0</ele><time>2026-06-24T14:23:33Z</time></trkpt>
<trkpt lat="33.0115455" lon="35.1824676"><ele>449.7</ele><time>2026-06-24T14:23:34Z</time></trkpt>
<trkpt lat="33.0115264" lon="35.1825081"><ele>449.4</ele><time>2026-06-24T14:23:35Z</time></trkpt>
<trkpt lat="33.0115078" lon="35.1825482"><ele>449.1</ele><time>2026-06-24T14:23:36Z</time></trkpt>
<trkpt lat="33.0114896" lon="35.1825884"><ele>448.8</ele><time>2026-06-24T14:23:37Z</time></trkpt>
<trkpt lat="33.0114712" lon="35.1826289"><ele>448.6</ele><time>2026-06-24T14:23:38Z</time></trkpt>
<trkpt lat="33.0114512" lon="35.1826701"><ele>448.4</ele><time>2026-06-24T14:23:39Z</time></trkpt>
<trkpt lat="33.01143" lon="35.1827121"><ele>448.2</ele><time>2026-06-24T14:23:40Z</time></trkpt>
<trkpt lat="33.0114083" lon="35.1827547"><ele>448.0</ele><time>2026-06-24T14:23:41Z</time></trkpt>
<trkpt lat="33.0113863" lon="35.1827989"><ele>447.9</ele><time>2026-06-24T14:23:42Z</time></trkpt>
<trkpt lat="33.0113639" lon="35.1828452"><ele>447.8</ele><time>2026-06-24T14:23:43Z</time></trkpt>
<trkpt lat="33.0113413" lon="35.1828928"><ele>447.8</ele><time>2026-06-24T14:23:44Z</time></trkpt>
<trkpt lat="33.0113186" lon="35.1829401"><ele>447.7</ele><time>2026-06-24T14:23:45Z</time></trkpt>
<trkpt lat="33.0112964" lon="35.1829859"><ele>447.7</ele><time>2026-06-24T14:23:46Z</time></trkpt>
<trkpt lat="33.011275" lon="35.1830313"><ele>447.7</ele><time>2026-06-24T14:23:47Z</time></trkpt>
<trkpt lat="33.0112536" lon="35.1830757"><ele>447.7</ele><time>2026-06-24T14:23:48Z</time></trkpt>
<trkpt lat="33.0112316" lon="35.1831182"><ele>447.7</ele><time>2026-06-24T14:23:49Z</time></trkpt>
<trkpt lat="33.0112095" lon="35.1831589"><ele>447.6</ele><time>2026-06-24T14:23:50Z</time></trkpt>
<trkpt lat="33.0111872" lon="35.1831985"><ele>447.7</ele><time>2026-06-24T14:23:51Z</time></trkpt>
<trkpt lat="33.0111651" lon="35.183238"><ele>447.7</ele><time>2026-06-24T14:23:52Z</time></trkpt>
<trkpt lat="33.0111425" lon="35.1832789"><ele>447.7</ele><time>2026-06-24T14:23:53Z</time></trkpt>
<trkpt lat="33.0111184" lon="35.1833212"><ele>447.7</ele><time>2026-06-24T14:23:54Z</time></trkpt>
<trkpt lat="33.0110932" lon="35.1833639"><ele>447.7</ele><time>2026-06-24T14:23:55Z</time></trkpt>
<trkpt lat="33.0110666" lon="35.1834073"><ele>447.7</ele><time>2026-06-24T14:23:56Z</time></trkpt>
<trkpt lat="33.0110406" lon="35.1834511"><ele>447.7</ele><time>2026-06-24T14:23:57Z</time></trkpt>
<trkpt lat="33.0110163" lon="35.1834955"><ele>447.7</ele><time>2026-06-24T14:23:58Z</time></trkpt>
<trkpt lat="33.0109924" lon="35.1835413"><ele>447.7</ele><time>2026-06-24T14:23:59Z</time></trkpt>
<trkpt lat="33.0109686" lon="35.1835874"><ele>447.7</ele><time>2026-06-24T14:24:00Z</time></trkpt>
<trkpt lat="33.010946" lon="35.1836329"><ele>447.7</ele><time>2026-06-24T14:24:01Z</time></trkpt>
<trkpt lat="33.0109252" lon="35.1836775"><ele>447.7</ele><time>2026-06-24T14:24:02Z</time></trkpt>
<trkpt lat="33.010905" lon="35.1837215"><ele>447.7</ele><time>2026-06-24T14:24:03Z</time></trkpt>
<trkpt lat="33.0108841" lon="35.183766"><ele>447.7</ele><time>2026-06-24T14:24:04Z</time></trkpt>
<trkpt lat="33.0108616" lon="35.1838127"><ele>447.7</ele><time>2026-06-24T14:24:05Z</time></trkpt>
<trkpt lat="33.010838" lon="35.1838617"><ele>447.7</ele><time>2026-06-24T14:24:06Z</time></trkpt>
<trkpt lat="33.0108153" lon="35.1839118"><ele>447.7</ele><time>2026-06-24T14:24:07Z</time></trkpt>
<trkpt lat="33.010794" lon="35.1839615"><ele>447.7</ele><time>2026-06-24T14:24:08Z</time></trkpt>
<trkpt lat="33.0107739" lon="35.1840095"><ele>447.7</ele><time>2026-06-24T14:24:09Z</time></trkpt>
<trkpt lat="33.0107543" lon="35.1840549"><ele>447.7</ele><time>2026-06-24T14:24:10Z</time></trkpt>
<trkpt lat="33.0107339" lon="35.1841"><ele>447.7</ele><time>2026-06-24T14:24:11Z</time></trkpt>
<trkpt lat="33.0107118" lon="35.1841467"><ele>447.7</ele><time>2026-06-24T14:24:12Z</time></trkpt>
<trkpt lat="33.0106889" lon="35.1841951"><ele>447.7</ele><time>2026-06-24T14:24:13Z</time></trkpt>
<trkpt lat="33.0106658" lon="35.1842452"><ele>447.7</ele><time>2026-06-24T14:24:14Z</time></trkpt>
<trkpt lat="33.0106425" lon="35.1842954"><ele>447.7</ele><time>2026-06-24T14:24:15Z</time></trkpt>
<trkpt lat="33.0106197" lon="35.1843456"><ele>447.7</ele><time>2026-06-24T14:24:16Z</time></trkpt>
<trkpt lat="33.0105986" lon="35.1843962"><ele>447.8</ele><time>2026-06-24T14:24:17Z</time></trkpt>
<trkpt lat="33.0105787" lon="35.1844463"><ele>447.8</ele><time>2026-06-24T14:24:18Z</time></trkpt>
<trkpt lat="33.0105588" lon="35.184495"><ele>447.8</ele><time>2026-06-24T14:24:19Z</time></trkpt>
<trkpt lat="33.0105384" lon="35.1845429"><ele>447.8</ele><time>2026-06-24T14:24:20Z</time></trkpt>
<trkpt lat="33.0105164" lon="35.1845913"><ele>447.8</ele><time>2026-06-24T14:24:21Z</time></trkpt>
<trkpt lat="33.0104924" lon="35.1846406"><ele>447.8</ele><time>2026-06-24T14:24:22Z</time></trkpt>
<trkpt lat="33.0104679" lon="35.184691"><ele>447.8</ele><time>2026-06-24T14:24:23Z</time></trkpt>
<trkpt lat="33.0104441" lon="35.1847423"><ele>447.8</ele><time>2026-06-24T14:24:24Z</time></trkpt>
<trkpt lat="33.0104208" lon="35.1847943"><ele>447.8</ele><time>2026-06-24T14:24:25Z</time></trkpt>
<trkpt lat="33.010397" lon="35.1848449"><ele>447.8</ele><time>2026-06-24T14:24:26Z</time></trkpt>
<trkpt lat="33.0103733" lon="35.1848919"><ele>447.8</ele><time>2026-06-24T14:24:27Z</time></trkpt>
<trkpt lat="33.0103504" lon="35.1849359"><ele>447.8</ele><time>2026-06-24T14:24:28Z</time></trkpt>
<trkpt lat="33.0103278" lon="35.1849782"><ele>447.7</ele><time>2026-06-24T14:24:29Z</time></trkpt>
<trkpt lat="33.0103059" lon="35.1850198"><ele>447.7</ele><time>2026-06-24T14:24:30Z</time></trkpt>
<trkpt lat="33.0102842" lon="35.1850615"><ele>447.7</ele><time>2026-06-24T14:24:31Z</time></trkpt>
<trkpt lat="33.0102615" lon="35.1851038"><ele>447.6</ele><time>2026-06-24T14:24:32Z</time></trkpt>
<trkpt lat="33.0102377" lon="35.1851474"><ele>447.6</ele><time>2026-06-24T14:24:33Z</time></trkpt>
<trkpt lat="33.0102133" lon="35.185192"><ele>447.5</ele><time>2026-06-24T14:24:34Z</time></trkpt>
<trkpt lat="33.010189" lon="35.1852364"><ele>447.4</ele><time>2026-06-24T14:24:35Z</time></trkpt>
<trkpt lat="33.0101648" lon="35.1852803"><ele>447.3</ele><time>2026-06-24T14:24:36Z</time></trkpt>
<trkpt lat="33.0101405" lon="35.1853239"><ele>447.2</ele><time>2026-06-24T14:24:37Z</time></trkpt>
<trkpt lat="33.0101164" lon="35.1853671"><ele>447.1</ele><time>2026-06-24T14:24:38Z</time></trkpt>
<trkpt lat="33.010092" lon="35.1854103"><ele>447.0</ele><time>2026-06-24T14:24:39Z</time></trkpt>
<trkpt lat="33.0100666" lon="35.1854529"><ele>446.9</ele><time>2026-06-24T14:24:40Z</time></trkpt>
<trkpt lat="33.0100407" lon="35.1854949"><ele>446.8</ele><time>2026-06-24T14:24:41Z</time></trkpt>
<trkpt lat="33.0100144" lon="35.185537"><ele>446.6</ele><time>2026-06-24T14:24:42Z</time></trkpt>
<trkpt lat="33.009987" lon="35.185579"><ele>446.5</ele><time>2026-06-24T14:24:43Z</time></trkpt>
<trkpt lat="33.0099588" lon="35.1856213"><ele>446.3</ele><time>2026-06-24T14:24:44Z</time></trkpt>
<trkpt lat="33.0099306" lon="35.1856641"><ele>446.2</ele><time>2026-06-24T14:24:45Z</time></trkpt>
<trkpt lat="33.009903" lon="35.185707"><ele>446.0</ele><time>2026-06-24T14:24:46Z</time></trkpt>
<trkpt lat="33.0098753" lon="35.1857504"><ele>445.8</ele><time>2026-06-24T14:24:47Z</time></trkpt>
<trkpt lat="33.0098474" lon="35.1857938"><ele>445.5</ele><time>2026-06-24T14:24:48Z</time></trkpt>
<trkpt lat="33.0098195" lon="35.1858361"><ele>445.2</ele><time>2026-06-24T14:24:49Z</time></trkpt>
<trkpt lat="33.0097912" lon="35.1858771"><ele>444.7</ele><time>2026-06-24T14:24:50Z</time></trkpt>
<trkpt lat="33.009762" lon="35.1859164"><ele>444.3</ele><time>2026-06-24T14:24:51Z</time></trkpt>
<trkpt lat="33.0097322" lon="35.1859541"><ele>443.7</ele><time>2026-06-24T14:24:52Z</time></trkpt>
<trkpt lat="33.009703" lon="35.1859906"><ele>443.0</ele><time>2026-06-24T14:24:53Z</time></trkpt>
<trkpt lat="33.0096756" lon="35.1860253"><ele>442.2</ele><time>2026-06-24T14:24:54Z</time></trkpt>
<trkpt lat="33.0096505" lon="35.1860591"><ele>441.3</ele><time>2026-06-24T14:24:55Z</time></trkpt>
<trkpt lat="33.0096262" lon="35.1860924"><ele>440.3</ele><time>2026-06-24T14:24:56Z</time></trkpt>
<trkpt lat="33.0096015" lon="35.186126"><ele>439.2</ele><time>2026-06-24T14:24:57Z</time></trkpt>
<trkpt lat="33.0095773" lon="35.1861618"><ele>438.1</ele><time>2026-06-24T14:24:58Z</time></trkpt>
<trkpt lat="33.0095545" lon="35.1861976"><ele>436.9</ele><time>2026-06-24T14:24:59Z</time></trkpt>
<trkpt lat="33.0095328" lon="35.1862328"><ele>435.7</ele><time>2026-06-24T14:25:00Z</time></trkpt>
<trkpt lat="33.0095116" lon="35.1862686"><ele>434.4</ele><time>2026-06-24T14:25:01Z</time></trkpt>
<trkpt lat="33.0094907" lon="35.186305"><ele>433.2</ele><time>2026-06-24T14:25:02Z</time></trkpt>
<trkpt lat="33.0094715" lon="35.1863418"><ele>431.9</ele><time>2026-06-24T14:25:03Z</time></trkpt>
<trkpt lat="33.0094529" lon="35.1863792"><ele>430.8</ele><time>2026-06-24T14:25:04Z</time></trkpt>
<trkpt lat="33.0094337" lon="35.1864178"><ele>429.6</ele><time>2026-06-24T14:25:05Z</time></trkpt>
<trkpt lat="33.0094149" lon="35.1864574"><ele>428.5</ele><time>2026-06-24T14:25:06Z</time></trkpt>
<trkpt lat="33.0093969" lon="35.1864973"><ele>427.6</ele><time>2026-06-24T14:25:07Z</time></trkpt>
<trkpt lat="33.0093792" lon="35.1865371"><ele>426.6</ele><time>2026-06-24T14:25:08Z</time></trkpt>
<trkpt lat="33.0093616" lon="35.1865769"><ele>425.8</ele><time>2026-06-24T14:25:09Z</time></trkpt>
<trkpt lat="33.0093451" lon="35.1866166"><ele>425.0</ele><time>2026-06-24T14:25:10Z</time></trkpt>
<trkpt lat="33.0093297" lon="35.1866567"><ele>424.3</ele><time>2026-06-24T14:25:11Z</time></trkpt>
<trkpt lat="33.0093151" lon="35.1866976"><ele>423.6</ele><time>2026-06-24T14:25:12Z</time></trkpt>
<trkpt lat="33.0093009" lon="35.1867388"><ele>423.0</ele><time>2026-06-24T14:25:13Z</time></trkpt>
<trkpt lat="33.0092872" lon="35.1867805"><ele>422.4</ele><time>2026-06-24T14:25:14Z</time></trkpt>
<trkpt lat="33.0092746" lon="35.1868219"><ele>421.7</ele><time>2026-06-24T14:25:15Z</time></trkpt>
<trkpt lat="33.009263" lon="35.1868623"><ele>421.1</ele><time>2026-06-24T14:25:16Z</time></trkpt>
<trkpt lat="33.0092521" lon="35.1869027"><ele>420.5</ele><time>2026-06-24T14:25:17Z</time></trkpt>
<trkpt lat="33.0092429" lon="35.1869434"><ele>419.8</ele><time>2026-06-24T14:25:18Z</time></trkpt>
<trkpt lat="33.0092345" lon="35.1869838"><ele>419.1</ele><time>2026-06-24T14:25:19Z</time></trkpt>
<trkpt lat="33.009226" lon="35.1870241"><ele>418.5</ele><time>2026-06-24T14:25:20Z</time></trkpt>
<trkpt lat="33.0092175" lon="35.1870651"><ele>417.8</ele><time>2026-06-24T14:25:21Z</time></trkpt>
<trkpt lat="33.0092091" lon="35.187106"><ele>417.1</ele><time>2026-06-24T14:25:22Z</time></trkpt>
<trkpt lat="33.009201" lon="35.1871474"><ele>416.4</ele><time>2026-06-24T14:25:23Z</time></trkpt>
<trkpt lat="33.0091934" lon="35.1871892"><ele>415.7</ele><time>2026-06-24T14:25:24Z</time></trkpt>
<trkpt lat="33.0091865" lon="35.1872309"><ele>415.0</ele><time>2026-06-24T14:25:25Z</time></trkpt>
<trkpt lat="33.0091796" lon="35.187273"><ele>414.3</ele><time>2026-06-24T14:25:26Z</time></trkpt>
<trkpt lat="33.009173" lon="35.1873153"><ele>413.6</ele><time>2026-06-24T14:25:27Z</time></trkpt>
<trkpt lat="33.0091674" lon="35.1873574"><ele>412.9</ele><time>2026-06-24T14:25:28Z</time></trkpt>
<trkpt lat="33.009162" lon="35.1873997"><ele>412.3</ele><time>2026-06-24T14:25:29Z</time></trkpt>
<trkpt lat="33.0091565" lon="35.187443"><ele>411.6</ele><time>2026-06-24T14:25:30Z</time></trkpt>
<trkpt lat="33.009151" lon="35.1874866"><ele>410.9</ele><time>2026-06-24T14:25:31Z</time></trkpt>
<trkpt lat="33.0091448" lon="35.1875295"><ele>410.3</ele><time>2026-06-24T14:25:32Z</time></trkpt>
<trkpt lat="33.0091376" lon="35.1875717"><ele>409.6</ele><time>2026-06-24T14:25:33Z</time></trkpt>
<trkpt lat="33.0091306" lon="35.1876149"><ele>408.9</ele><time>2026-06-24T14:25:34Z</time></trkpt>
<trkpt lat="33.0091248" lon="35.1876585"><ele>408.2</ele><time>2026-06-24T14:25:35Z</time></trkpt>
<trkpt lat="33.00912" lon="35.1877009"><ele>407.5</ele><time>2026-06-24T14:25:36Z</time></trkpt>
<trkpt lat="33.0091154" lon="35.1877421"><ele>406.8</ele><time>2026-06-24T14:25:37Z</time></trkpt>
<trkpt lat="33.0091067" lon="35.1878285"><ele>405.1</ele><time>2026-06-24T14:25:39Z</time></trkpt>
<trkpt lat="33.0091025" lon="35.1878667"><ele>404.3</ele><time>2026-06-24T14:25:40Z</time></trkpt>
<trkpt lat="33.0090971" lon="35.1879039"><ele>403.5</ele><time>2026-06-24T14:25:41Z</time></trkpt>
<trkpt lat="33.0090908" lon="35.1879417"><ele>402.6</ele><time>2026-06-24T14:25:42Z</time></trkpt>
<trkpt lat="33.0090833" lon="35.18798"><ele>401.7</ele><time>2026-06-24T14:25:43Z</time></trkpt>
<trkpt lat="33.0090761" lon="35.1880192"><ele>400.8</ele><time>2026-06-24T14:25:44Z</time></trkpt>
<trkpt lat="33.0090695" lon="35.188061"><ele>399.8</ele><time>2026-06-24T14:25:45Z</time></trkpt>
<trkpt lat="33.0090628" lon="35.1881027"><ele>398.7</ele><time>2026-06-24T14:25:46Z</time></trkpt>
<trkpt lat="33.0090549" lon="35.1881443"><ele>397.6</ele><time>2026-06-24T14:25:47Z</time></trkpt>
<trkpt lat="33.0090461" lon="35.1881865"><ele>396.5</ele><time>2026-06-24T14:25:48Z</time></trkpt>
<trkpt lat="33.0090381" lon="35.1882295"><ele>395.4</ele><time>2026-06-24T14:25:49Z</time></trkpt>
<trkpt lat="33.0090314" lon="35.1882723"><ele>394.2</ele><time>2026-06-24T14:25:50Z</time></trkpt>
<trkpt lat="33.0090244" lon="35.1883177"><ele>393.0</ele><time>2026-06-24T14:25:51Z</time></trkpt>
<trkpt lat="33.0090166" lon="35.1883662"><ele>391.9</ele><time>2026-06-24T14:25:52Z</time></trkpt>
<trkpt lat="33.0090093" lon="35.188413"><ele>390.8</ele><time>2026-06-24T14:25:53Z</time></trkpt>
<trkpt lat="33.0090025" lon="35.1884574"><ele>389.7</ele><time>2026-06-24T14:25:54Z</time></trkpt>
<trkpt lat="33.0089956" lon="35.1885002"><ele>388.6</ele><time>2026-06-24T14:25:55Z</time></trkpt>
<trkpt lat="33.0089881" lon="35.1885416"><ele>387.7</ele><time>2026-06-24T14:25:56Z</time></trkpt>
<trkpt lat="33.0089801" lon="35.1885831"><ele>386.8</ele><time>2026-06-24T14:25:57Z</time></trkpt>
<trkpt lat="33.0089724" lon="35.1886252"><ele>385.9</ele><time>2026-06-24T14:25:58Z</time></trkpt>
<trkpt lat="33.0089639" lon="35.188668"><ele>385.2</ele><time>2026-06-24T14:25:59Z</time></trkpt>
<trkpt lat="33.0089541" lon="35.1887107"><ele>384.4</ele><time>2026-06-24T14:26:00Z</time></trkpt>
<trkpt lat="33.0089446" lon="35.1887534"><ele>383.8</ele><time>2026-06-24T14:26:01Z</time></trkpt>
<trkpt lat="33.0089356" lon="35.1887962"><ele>383.2</ele><time>2026-06-24T14:26:02Z</time></trkpt>
<trkpt lat="33.008927" lon="35.1888391"><ele>382.6</ele><time>2026-06-24T14:26:03Z</time></trkpt>
<trkpt lat="33.0089182" lon="35.1888818"><ele>382.1</ele><time>2026-06-24T14:26:04Z</time></trkpt>
<trkpt lat="33.0089082" lon="35.1889242"><ele>381.6</ele><time>2026-06-24T14:26:05Z</time></trkpt>
<trkpt lat="33.008898" lon="35.1889668"><ele>381.1</ele><time>2026-06-24T14:26:06Z</time></trkpt>
<trkpt lat="33.0088883" lon="35.1890096"><ele>380.6</ele><time>2026-06-24T14:26:07Z</time></trkpt>
<trkpt lat="33.0088783" lon="35.1890521"><ele>380.2</ele><time>2026-06-24T14:26:08Z</time></trkpt>
<trkpt lat="33.0088682" lon="35.1890947"><ele>379.8</ele><time>2026-06-24T14:26:09Z</time></trkpt>
<trkpt lat="33.0088581" lon="35.1891393"><ele>379.3</ele><time>2026-06-24T14:26:10Z</time></trkpt>
<trkpt lat="33.0088476" lon="35.1891861"><ele>378.9</ele><time>2026-06-24T14:26:11Z</time></trkpt>
<trkpt lat="33.0088357" lon="35.1892315"><ele>378.6</ele><time>2026-06-24T14:26:12Z</time></trkpt>
<trkpt lat="33.0088226" lon="35.1892751"><ele>378.2</ele><time>2026-06-24T14:26:13Z</time></trkpt>
<trkpt lat="33.0088099" lon="35.1893184"><ele>377.9</ele><time>2026-06-24T14:26:14Z</time></trkpt>
<trkpt lat="33.0087983" lon="35.1893613"><ele>377.5</ele><time>2026-06-24T14:26:15Z</time></trkpt>
<trkpt lat="33.0087882" lon="35.1894048"><ele>377.2</ele><time>2026-06-24T14:26:16Z</time></trkpt>
<trkpt lat="33.0087787" lon="35.1894491"><ele>376.9</ele><time>2026-06-24T14:26:17Z</time></trkpt>
<trkpt lat="33.0087687" lon="35.1894938"><ele>376.7</ele><time>2026-06-24T14:26:18Z</time></trkpt>
<trkpt lat="33.008759" lon="35.1895382"><ele>376.4</ele><time>2026-06-24T14:26:19Z</time></trkpt>
<trkpt lat="33.0087505" lon="35.1895826"><ele>376.1</ele><time>2026-06-24T14:26:20Z</time></trkpt>
<trkpt lat="33.0087437" lon="35.1896266"><ele>375.9</ele><time>2026-06-24T14:26:21Z</time></trkpt>
<trkpt lat="33.0087382" lon="35.1896695"><ele>375.6</ele><time>2026-06-24T14:26:22Z</time></trkpt>
<trkpt lat="33.0087328" lon="35.1897121"><ele>375.4</ele><time>2026-06-24T14:26:23Z</time></trkpt>
<trkpt lat="33.0087269" lon="35.1897551"><ele>375.1</ele><time>2026-06-24T14:26:24Z</time></trkpt>
<trkpt lat="33.0087206" lon="35.1897988"><ele>374.9</ele><time>2026-06-24T14:26:25Z</time></trkpt>
<trkpt lat="33.008714" lon="35.1898423"><ele>374.6</ele><time>2026-06-24T14:26:26Z</time></trkpt>
<trkpt lat="33.0087073" lon="35.1898862"><ele>374.4</ele><time>2026-06-24T14:26:27Z</time></trkpt>
<trkpt lat="33.0087007" lon="35.1899305"><ele>374.2</ele><time>2026-06-24T14:26:28Z</time></trkpt>
<trkpt lat="33.0086942" lon="35.1899748"><ele>373.9</ele><time>2026-06-24T14:26:29Z</time></trkpt>
<trkpt lat="33.0086873" lon="35.1900189"><ele>373.7</ele><time>2026-06-24T14:26:30Z</time></trkpt>
<trkpt lat="33.0086799" lon="35.1900622"><ele>373.4</ele><time>2026-06-24T14:26:31Z</time></trkpt>
<trkpt lat="33.0086726" lon="35.1901055"><ele>373.2</ele><time>2026-06-24T14:26:32Z</time></trkpt>
<trkpt lat="33.0086651" lon="35.1901494"><ele>373.0</ele><time>2026-06-24T14:26:33Z</time></trkpt>
<trkpt lat="33.0086565" lon="35.1901935"><ele>372.7</ele><time>2026-06-24T14:26:34Z</time></trkpt>
<trkpt lat="33.0086469" lon="35.1902377"><ele>372.5</ele><time>2026-06-24T14:26:35Z</time></trkpt>
<trkpt lat="33.0086382" lon="35.190283"><ele>372.2</ele><time>2026-06-24T14:26:36Z</time></trkpt>
<trkpt lat="33.0086313" lon="35.1903305"><ele>372.0</ele><time>2026-06-24T14:26:37Z</time></trkpt>
<trkpt lat="33.008625" lon="35.1903796"><ele>371.8</ele><time>2026-06-24T14:26:38Z</time></trkpt>
<trkpt lat="33.0086191" lon="35.1904287"><ele>371.5</ele><time>2026-06-24T14:26:39Z</time></trkpt>
<trkpt lat="33.0086134" lon="35.1904776"><ele>371.3</ele><time>2026-06-24T14:26:40Z</time></trkpt>
<trkpt lat="33.0086074" lon="35.1905267"><ele>371.1</ele><time>2026-06-24T14:26:41Z</time></trkpt>
<trkpt lat="33.0086008" lon="35.1905758"><ele>370.9</ele><time>2026-06-24T14:26:42Z</time></trkpt>
<trkpt lat="33.0085933" lon="35.1906247"><ele>370.8</ele><time>2026-06-24T14:26:43Z</time></trkpt>
<trkpt lat="33.0085857" lon="35.1906734"><ele>370.6</ele><time>2026-06-24T14:26:44Z</time></trkpt>
<trkpt lat="33.0085792" lon="35.1907225"><ele>370.4</ele><time>2026-06-24T14:26:45Z</time></trkpt>
<trkpt lat="33.0085728" lon="35.190773"><ele>370.2</ele><time>2026-06-24T14:26:46Z</time></trkpt>
<trkpt lat="33.0085654" lon="35.1908244"><ele>370.1</ele><time>2026-06-24T14:26:47Z</time></trkpt>
<trkpt lat="33.0085577" lon="35.190876"><ele>369.9</ele><time>2026-06-24T14:26:48Z</time></trkpt>
<trkpt lat="33.0085499" lon="35.1909278"><ele>369.7</ele><time>2026-06-24T14:26:49Z</time></trkpt>
<trkpt lat="33.0085425" lon="35.19098"><ele>369.5</ele><time>2026-06-24T14:26:50Z</time></trkpt>
<trkpt lat="33.0085354" lon="35.1910323"><ele>369.3</ele><time>2026-06-24T14:26:51Z</time></trkpt>
<trkpt lat="33.0085281" lon="35.1910843"><ele>369.2</ele><time>2026-06-24T14:26:52Z</time></trkpt>
<trkpt lat="33.0085209" lon="35.1911353"><ele>369.0</ele><time>2026-06-24T14:26:53Z</time></trkpt>
<trkpt lat="33.0085149" lon="35.1911859"><ele>368.8</ele><time>2026-06-24T14:26:54Z</time></trkpt>
<trkpt lat="33.0085102" lon="35.1912371"><ele>368.6</ele><time>2026-06-24T14:26:55Z</time></trkpt>
<trkpt lat="33.008505" lon="35.1912878"><ele>368.4</ele><time>2026-06-24T14:26:56Z</time></trkpt>
<trkpt lat="33.0084982" lon="35.1913375"><ele>368.2</ele><time>2026-06-24T14:26:57Z</time></trkpt>
<trkpt lat="33.0084898" lon="35.1913869"><ele>368.0</ele><time>2026-06-24T14:26:58Z</time></trkpt>
<trkpt lat="33.0084811" lon="35.1914356"><ele>367.8</ele><time>2026-06-24T14:26:59Z</time></trkpt>
<trkpt lat="33.0084734" lon="35.1914847"><ele>367.6</ele><time>2026-06-24T14:27:00Z</time></trkpt>
<trkpt lat="33.0084657" lon="35.1915339"><ele>367.4</ele><time>2026-06-24T14:27:01Z</time></trkpt>
<trkpt lat="33.0084582" lon="35.1915829"><ele>367.2</ele><time>2026-06-24T14:27:02Z</time></trkpt>
<trkpt lat="33.0084518" lon="35.1916319"><ele>367.0</ele><time>2026-06-24T14:27:03Z</time></trkpt>
<trkpt lat="33.0084463" lon="35.1916818"><ele>366.8</ele><time>2026-06-24T14:27:04Z</time></trkpt>
<trkpt lat="33.0084407" lon="35.191732"><ele>366.6</ele><time>2026-06-24T14:27:05Z</time></trkpt>
<trkpt lat="33.0084345" lon="35.1917812"><ele>366.5</ele><time>2026-06-24T14:27:06Z</time></trkpt>
<trkpt lat="33.0084278" lon="35.1918299"><ele>366.3</ele><time>2026-06-24T14:27:07Z</time></trkpt>
<trkpt lat="33.0084155" lon="35.1919312"><ele>365.7</ele><time>2026-06-24T14:27:09Z</time></trkpt>
<trkpt lat="33.0084109" lon="35.1919758"><ele>365.4</ele><time>2026-06-24T14:27:10Z</time></trkpt>
<trkpt lat="33.0084054" lon="35.1920198"><ele>365.0</ele><time>2026-06-24T14:27:11Z</time></trkpt>
<trkpt lat="33.0083979" lon="35.192065"><ele>364.4</ele><time>2026-06-24T14:27:12Z</time></trkpt>
<trkpt lat="33.0083907" lon="35.1921113"><ele>363.8</ele><time>2026-06-24T14:27:13Z</time></trkpt>
<trkpt lat="33.0083849" lon="35.192159"><ele>363.0</ele><time>2026-06-24T14:27:14Z</time></trkpt>
<trkpt lat="33.0083795" lon="35.1922093"><ele>362.1</ele><time>2026-06-24T14:27:15Z</time></trkpt>
<trkpt lat="33.0083736" lon="35.192259"><ele>360.9</ele><time>2026-06-24T14:27:16Z</time></trkpt>
<trkpt lat="33.0083681" lon="35.1923079"><ele>359.7</ele><time>2026-06-24T14:27:17Z</time></trkpt>
<trkpt lat="33.0083651" lon="35.1923571"><ele>358.6</ele><time>2026-06-24T14:27:18Z</time></trkpt>
<trkpt lat="33.0083648" lon="35.1927142"><ele>357.3</ele><time>2026-06-24T14:27:25Z</time></trkpt>
<trkpt lat="33.0083692" lon="35.1928322"><ele>358.3</ele><time>2026-06-24T14:27:27Z</time></trkpt>
<trkpt lat="33.0083739" lon="35.1928797"><ele>358.1</ele><time>2026-06-24T14:27:28Z</time></trkpt>
<trkpt lat="33.0083826" lon="35.1929261"><ele>357.7</ele><time>2026-06-24T14:27:29Z</time></trkpt>
<trkpt lat="33.008389" lon="35.1929544"><ele>357.3</ele><time>2026-06-24T14:27:30Z</time></trkpt>
<trkpt lat="33.0083992" lon="35.1929992"><ele>356.5</ele><time>2026-06-24T14:27:31Z</time></trkpt>
<trkpt lat="33.0084093" lon="35.1930447"><ele>355.4</ele><time>2026-06-24T14:27:32Z</time></trkpt>
<trkpt lat="33.0084189" lon="35.1930908"><ele>354.1</ele><time>2026-06-24T14:27:33Z</time></trkpt>
<trkpt lat="33.0084278" lon="35.1931373"><ele>352.7</ele><time>2026-06-24T14:27:34Z</time></trkpt>
<trkpt lat="33.0084362" lon="35.1931836"><ele>351.2</ele><time>2026-06-24T14:27:35Z</time></trkpt>
<trkpt lat="33.0084443" lon="35.1932297"><ele>349.7</ele><time>2026-06-24T14:27:36Z</time></trkpt>
<trkpt lat="33.0084523" lon="35.1932759"><ele>348.3</ele><time>2026-06-24T14:27:37Z</time></trkpt>
<trkpt lat="33.0084604" lon="35.1933221"><ele>347.0</ele><time>2026-06-24T14:27:38Z</time></trkpt>
<trkpt lat="33.0084687" lon="35.1933691"><ele>345.7</ele><time>2026-06-24T14:27:39Z</time></trkpt>
<trkpt lat="33.0084773" lon="35.1934176"><ele>344.5</ele><time>2026-06-24T14:27:40Z</time></trkpt>
<trkpt lat="33.008486" lon="35.1934671"><ele>343.4</ele><time>2026-06-24T14:27:41Z</time></trkpt>
<trkpt lat="33.0084944" lon="35.1935162"><ele>342.4</ele><time>2026-06-24T14:27:42Z</time></trkpt>
<trkpt lat="33.0085022" lon="35.1935641"><ele>341.5</ele><time>2026-06-24T14:27:43Z</time></trkpt>
<trkpt lat="33.0085099" lon="35.193611"><ele>340.6</ele><time>2026-06-24T14:27:44Z</time></trkpt>
<trkpt lat="33.0085179" lon="35.1936587"><ele>339.8</ele><time>2026-06-24T14:27:45Z</time></trkpt>
<trkpt lat="33.0085264" lon="35.1937082"><ele>339.0</ele><time>2026-06-24T14:27:46Z</time></trkpt>
<trkpt lat="33.0085353" lon="35.1937581"><ele>338.3</ele><time>2026-06-24T14:27:47Z</time></trkpt>
<trkpt lat="33.0085444" lon="35.1938075"><ele>337.7</ele><time>2026-06-24T14:27:48Z</time></trkpt>
<trkpt lat="33.0085538" lon="35.1938567"><ele>337.0</ele><time>2026-06-24T14:27:49Z</time></trkpt>
<trkpt lat="33.0085632" lon="35.1939059"><ele>336.4</ele><time>2026-06-24T14:27:50Z</time></trkpt>
<trkpt lat="33.0085712" lon="35.1939565"><ele>335.9</ele><time>2026-06-24T14:27:51Z</time></trkpt>
<trkpt lat="33.008578" lon="35.1940082"><ele>335.4</ele><time>2026-06-24T14:27:52Z</time></trkpt>
<trkpt lat="33.0085848" lon="35.1940592"><ele>334.9</ele><time>2026-06-24T14:27:53Z</time></trkpt>
<trkpt lat="33.0085917" lon="35.1941089"><ele>334.4</ele><time>2026-06-24T14:27:54Z</time></trkpt>
<trkpt lat="33.0085989" lon="35.1941574"><ele>333.9</ele><time>2026-06-24T14:27:55Z</time></trkpt>
<trkpt lat="33.0086063" lon="35.1942053"><ele>333.5</ele><time>2026-06-24T14:27:56Z</time></trkpt>
<trkpt lat="33.0086142" lon="35.194253"><ele>333.1</ele><time>2026-06-24T14:27:57Z</time></trkpt>
<trkpt lat="33.0086239" lon="35.1943001"><ele>332.7</ele><time>2026-06-24T14:27:58Z</time></trkpt>
<trkpt lat="33.0086366" lon="35.1943464"><ele>332.3</ele><time>2026-06-24T14:27:59Z</time></trkpt>
<trkpt lat="33.0086506" lon="35.1943923"><ele>331.9</ele><time>2026-06-24T14:28:00Z</time></trkpt>
<trkpt lat="33.0086642" lon="35.1944382"><ele>331.5</ele><time>2026-06-24T14:28:01Z</time></trkpt>
<trkpt lat="33.0086789" lon="35.1944834"><ele>331.1</ele><time>2026-06-24T14:28:02Z</time></trkpt>
<trkpt lat="33.008695" lon="35.1945274"><ele>330.8</ele><time>2026-06-24T14:28:03Z</time></trkpt>
<trkpt lat="33.0087119" lon="35.1945705"><ele>330.4</ele><time>2026-06-24T14:28:04Z</time></trkpt>
<trkpt lat="33.0087305" lon="35.1946126"><ele>330.0</ele><time>2026-06-24T14:28:05Z</time></trkpt>
<trkpt lat="33.0087501" lon="35.1946549"><ele>329.7</ele><time>2026-06-24T14:28:06Z</time></trkpt>
<trkpt lat="33.0087692" lon="35.194698"><ele>329.4</ele><time>2026-06-24T14:28:07Z</time></trkpt>
<trkpt lat="33.0087883" lon="35.1947411"><ele>329.1</ele><time>2026-06-24T14:28:08Z</time></trkpt>
<trkpt lat="33.0088079" lon="35.1947844"><ele>328.8</ele><time>2026-06-24T14:28:09Z</time></trkpt>
<trkpt lat="33.0088274" lon="35.1948274"><ele>328.6</ele><time>2026-06-24T14:28:10Z</time></trkpt>
<trkpt lat="33.0088474" lon="35.1948699"><ele>328.3</ele><time>2026-06-24T14:28:11Z</time></trkpt>
<trkpt lat="33.008868" lon="35.1949121"><ele>328.1</ele><time>2026-06-24T14:28:12Z</time></trkpt>
<trkpt lat="33.0088886" lon="35.194954"><ele>327.9</ele><time>2026-06-24T14:28:13Z</time></trkpt>
<trkpt lat="33.008909" lon="35.1949959"><ele>327.7</ele><time>2026-06-24T14:28:14Z</time></trkpt>
<trkpt lat="33.0089306" lon="35.1950373"><ele>327.5</ele><time>2026-06-24T14:28:15Z</time></trkpt>
<trkpt lat="33.0089526" lon="35.1950792"><ele>327.3</ele><time>2026-06-24T14:28:16Z</time></trkpt>
<trkpt lat="33.0089737" lon="35.1951217"><ele>327.1</ele><time>2026-06-24T14:28:17Z</time></trkpt>
<trkpt lat="33.0089948" lon="35.1951641"><ele>326.9</ele><time>2026-06-24T14:28:18Z</time></trkpt>
<trkpt lat="33.0090152" lon="35.1952062"><ele>326.7</ele><time>2026-06-24T14:28:19Z</time></trkpt>
<trkpt lat="33.009035" lon="35.195249"><ele>326.5</ele><time>2026-06-24T14:28:20Z</time></trkpt>
<trkpt lat="33.0090541" lon="35.1952929"><ele>326.3</ele><time>2026-06-24T14:28:21Z</time></trkpt>
<trkpt lat="33.0090721" lon="35.1953375"><ele>326.2</ele><time>2026-06-24T14:28:22Z</time></trkpt>
<trkpt lat="33.0090886" lon="35.1953825"><ele>326.0</ele><time>2026-06-24T14:28:23Z</time></trkpt>
<trkpt lat="33.0091042" lon="35.1954279"><ele>325.9</ele><time>2026-06-24T14:28:24Z</time></trkpt>
<trkpt lat="33.0091199" lon="35.1954747"><ele>325.8</ele><time>2026-06-24T14:28:25Z</time></trkpt>
<trkpt lat="33.0091362" lon="35.1955235"><ele>325.7</ele><time>2026-06-24T14:28:26Z</time></trkpt>
<trkpt lat="33.0091529" lon="35.1955735"><ele>325.6</ele><time>2026-06-24T14:28:27Z</time></trkpt>
<trkpt lat="33.00917" lon="35.1956242"><ele>325.5</ele><time>2026-06-24T14:28:28Z</time></trkpt>
<trkpt lat="33.0091872" lon="35.1956754"><ele>325.5</ele><time>2026-06-24T14:28:29Z</time></trkpt>
<trkpt lat="33.0092043" lon="35.1957265"><ele>325.4</ele><time>2026-06-24T14:28:30Z</time></trkpt>
<trkpt lat="33.009221" lon="35.1957772"><ele>325.3</ele><time>2026-06-24T14:28:31Z</time></trkpt>
<trkpt lat="33.0092371" lon="35.1958275"><ele>325.3</ele><time>2026-06-24T14:28:32Z</time></trkpt>
<trkpt lat="33.009253" lon="35.1958772"><ele>325.2</ele><time>2026-06-24T14:28:33Z</time></trkpt>
<trkpt lat="33.0092689" lon="35.1959268"><ele>325.1</ele><time>2026-06-24T14:28:34Z</time></trkpt>
<trkpt lat="33.0092846" lon="35.195976"><ele>325.0</ele><time>2026-06-24T14:28:35Z</time></trkpt>
<trkpt lat="33.0093001" lon="35.1960251"><ele>325.0</ele><time>2026-06-24T14:28:36Z</time></trkpt>
<trkpt lat="33.0093154" lon="35.1960745"><ele>324.9</ele><time>2026-06-24T14:28:37Z</time></trkpt>
<trkpt lat="33.0093305" lon="35.1961242"><ele>324.8</ele><time>2026-06-24T14:28:38Z</time></trkpt>
<trkpt lat="33.0093455" lon="35.1961744"><ele>324.7</ele><time>2026-06-24T14:28:39Z</time></trkpt>
<trkpt lat="33.0093606" lon="35.1962252"><ele>324.7</ele><time>2026-06-24T14:28:40Z</time></trkpt>
<trkpt lat="33.0093759" lon="35.1962763"><ele>324.6</ele><time>2026-06-24T14:28:41Z</time></trkpt>
<trkpt lat="33.009391" lon="35.196327"><ele>324.5</ele><time>2026-06-24T14:28:42Z</time></trkpt>
<trkpt lat="33.0094057" lon="35.1963769"><ele>324.5</ele><time>2026-06-24T14:28:43Z</time></trkpt>
<trkpt lat="33.0094199" lon="35.1964257"><ele>324.4</ele><time>2026-06-24T14:28:44Z</time></trkpt>
<trkpt lat="33.0094339" lon="35.1964738"><ele>324.4</ele><time>2026-06-24T14:28:45Z</time></trkpt>
<trkpt lat="33.0094478" lon="35.1965217"><ele>324.4</ele><time>2026-06-24T14:28:46Z</time></trkpt>
<trkpt lat="33.0094617" lon="35.1965695"><ele>324.3</ele><time>2026-06-24T14:28:47Z</time></trkpt>
<trkpt lat="33.0094755" lon="35.1966171"><ele>324.3</ele><time>2026-06-24T14:28:48Z</time></trkpt>
<trkpt lat="33.0094895" lon="35.1966647"><ele>324.3</ele><time>2026-06-24T14:28:49Z</time></trkpt>
<trkpt lat="33.0095032" lon="35.1967117"><ele>324.3</ele><time>2026-06-24T14:28:50Z</time></trkpt>
<trkpt lat="33.0095165" lon="35.1967581"><ele>324.3</ele><time>2026-06-24T14:28:51Z</time></trkpt>
<trkpt lat="33.0095293" lon="35.1968047"><ele>324.3</ele><time>2026-06-24T14:28:52Z</time></trkpt>
<trkpt lat="33.0095416" lon="35.196852"><ele>324.3</ele><time>2026-06-24T14:28:53Z</time></trkpt>
<trkpt lat="33.0095537" lon="35.1969001"><ele>324.3</ele><time>2026-06-24T14:28:54Z</time></trkpt>
<trkpt lat="33.0095656" lon="35.196949"><ele>324.4</ele><time>2026-06-24T14:28:55Z</time></trkpt>
<trkpt lat="33.0095766" lon="35.1969986"><ele>324.4</ele><time>2026-06-24T14:28:56Z</time></trkpt>
<trkpt lat="33.009586" lon="35.1970488"><ele>324.4</ele><time>2026-06-24T14:28:57Z</time></trkpt>
<trkpt lat="33.0095942" lon="35.1970993"><ele>324.5</ele><time>2026-06-24T14:28:58Z</time></trkpt>
<trkpt lat="33.0096016" lon="35.1971499"><ele>324.5</ele><time>2026-06-24T14:28:59Z</time></trkpt>
<trkpt lat="33.0096078" lon="35.1972004"><ele>324.6</ele><time>2026-06-24T14:29:00Z</time></trkpt>
<trkpt lat="33.009612" lon="35.1972512"><ele>324.6</ele><time>2026-06-24T14:29:01Z</time></trkpt>
<trkpt lat="33.0096145" lon="35.1973023"><ele>324.7</ele><time>2026-06-24T14:29:02Z</time></trkpt>
<trkpt lat="33.0096161" lon="35.1973537"><ele>324.7</ele><time>2026-06-24T14:29:03Z</time></trkpt>
<trkpt lat="33.0096166" lon="35.1974053"><ele>324.8</ele><time>2026-06-24T14:29:04Z</time></trkpt>
<trkpt lat="33.0096166" lon="35.1974563"><ele>324.8</ele><time>2026-06-24T14:29:05Z</time></trkpt>
<trkpt lat="33.0096116" lon="35.1975071"><ele>324.9</ele><time>2026-06-24T14:29:06Z</time></trkpt>
<trkpt lat="33.0096031" lon="35.1975585"><ele>324.9</ele><time>2026-06-24T14:29:07Z</time></trkpt>
<trkpt lat="33.0095971" lon="35.1976102"><ele>325.0</ele><time>2026-06-24T14:29:08Z</time></trkpt>
<trkpt lat="33.009593" lon="35.1976622"><ele>325.0</ele><time>2026-06-24T14:29:09Z</time></trkpt>
<trkpt lat="33.0095904" lon="35.197714"><ele>325.1</ele><time>2026-06-24T14:29:10Z</time></trkpt>
<trkpt lat="33.0095868" lon="35.1977652"><ele>325.1</ele><time>2026-06-24T14:29:11Z</time></trkpt>
<trkpt lat="33.0095826" lon="35.1978159"><ele>325.2</ele><time>2026-06-24T14:29:12Z</time></trkpt>
<trkpt lat="33.0095761" lon="35.1978659"><ele>325.2</ele><time>2026-06-24T14:29:13Z</time></trkpt>
<trkpt lat="33.0095694" lon="35.1979158"><ele>325.3</ele><time>2026-06-24T14:29:14Z</time></trkpt>
<trkpt lat="33.0095631" lon="35.1979656"><ele>325.3</ele><time>2026-06-24T14:29:15Z</time></trkpt>
<trkpt lat="33.0095555" lon="35.198015"><ele>325.4</ele><time>2026-06-24T14:29:16Z</time></trkpt>
<trkpt lat="33.0095495" lon="35.1980646"><ele>325.4</ele><time>2026-06-24T14:29:17Z</time></trkpt>
<trkpt lat="33.009544" lon="35.1981143"><ele>325.5</ele><time>2026-06-24T14:29:18Z</time></trkpt>
<trkpt lat="33.0095383" lon="35.1981644"><ele>325.6</ele><time>2026-06-24T14:29:19Z</time></trkpt>
<trkpt lat="33.0095321" lon="35.1982146"><ele>325.7</ele><time>2026-06-24T14:29:20Z</time></trkpt>
<trkpt lat="33.0095254" lon="35.1982647"><ele>325.7</ele><time>2026-06-24T14:29:21Z</time></trkpt>
<trkpt lat="33.0095182" lon="35.1983146"><ele>325.8</ele><time>2026-06-24T14:29:22Z</time></trkpt>
<trkpt lat="33.0095098" lon="35.1983645"><ele>325.9</ele><time>2026-06-24T14:29:23Z</time></trkpt>
<trkpt lat="33.0095005" lon="35.198415"><ele>326.0</ele><time>2026-06-24T14:29:24Z</time></trkpt>
<trkpt lat="33.0094903" lon="35.1984664"><ele>326.2</ele><time>2026-06-24T14:29:25Z</time></trkpt>
<trkpt lat="33.0094793" lon="35.198518"><ele>326.3</ele><time>2026-06-24T14:29:26Z</time></trkpt>
<trkpt lat="33.0094683" lon="35.1985695"><ele>326.4</ele><time>2026-06-24T14:29:27Z</time></trkpt>
<trkpt lat="33.0094575" lon="35.198621"><ele>326.5</ele><time>2026-06-24T14:29:28Z</time></trkpt>
<trkpt lat="33.0094438" lon="35.1986714"><ele>326.6</ele><time>2026-06-24T14:29:29Z</time></trkpt>
<trkpt lat="33.0094295" lon="35.1987213"><ele>326.8</ele><time>2026-06-24T14:29:30Z</time></trkpt>
<trkpt lat="33.0094172" lon="35.1987713"><ele>326.9</ele><time>2026-06-24T14:29:31Z</time></trkpt>
<trkpt lat="33.0094047" lon="35.1988209"><ele>327.0</ele><time>2026-06-24T14:29:32Z</time></trkpt>
<trkpt lat="33.0093924" lon="35.19887"><ele>327.1</ele><time>2026-06-24T14:29:33Z</time></trkpt>
<trkpt lat="33.0093795" lon="35.1989188"><ele>327.3</ele><time>2026-06-24T14:29:34Z</time></trkpt>
<trkpt lat="33.0093659" lon="35.1989682"><ele>327.4</ele><time>2026-06-24T14:29:35Z</time></trkpt>
<trkpt lat="33.0093512" lon="35.1990184"><ele>327.5</ele><time>2026-06-24T14:29:36Z</time></trkpt>
<trkpt lat="33.0093355" lon="35.1990686"><ele>327.7</ele><time>2026-06-24T14:29:37Z</time></trkpt>
<trkpt lat="33.0093201" lon="35.1991192"><ele>327.8</ele><time>2026-06-24T14:29:38Z</time></trkpt>
<trkpt lat="33.0093045" lon="35.1991697"><ele>328.0</ele><time>2026-06-24T14:29:39Z</time></trkpt>
<trkpt lat="33.009289" lon="35.1992201"><ele>328.1</ele><time>2026-06-24T14:29:40Z</time></trkpt>
<trkpt lat="33.0092742" lon="35.1992709"><ele>328.2</ele><time>2026-06-24T14:29:41Z</time></trkpt>
<trkpt lat="33.0092593" lon="35.1993215"><ele>328.4</ele><time>2026-06-24T14:29:42Z</time></trkpt>
<trkpt lat="33.009244" lon="35.1993718"><ele>328.5</ele><time>2026-06-24T14:29:43Z</time></trkpt>
<trkpt lat="33.0092274" lon="35.199421"><ele>328.7</ele><time>2026-06-24T14:29:44Z</time></trkpt>
<trkpt lat="33.0092074" lon="35.1994682"><ele>328.8</ele><time>2026-06-24T14:29:45Z</time></trkpt>
<trkpt lat="33.009185" lon="35.1995147"><ele>329.0</ele><time>2026-06-24T14:29:46Z</time></trkpt>
<trkpt lat="33.0091598" lon="35.1995599"><ele>329.1</ele><time>2026-06-24T14:29:47Z</time></trkpt>
<trkpt lat="33.0091313" lon="35.1996033"><ele>329.2</ele><time>2026-06-24T14:29:48Z</time></trkpt>
<trkpt lat="33.0091017" lon="35.1996468"><ele>329.4</ele><time>2026-06-24T14:29:49Z</time></trkpt>
<trkpt lat="33.0090713" lon="35.1996901"><ele>329.5</ele><time>2026-06-24T14:29:50Z</time></trkpt>
<trkpt lat="33.0090395" lon="35.1997325"><ele>329.7</ele><time>2026-06-24T14:29:51Z</time></trkpt>
<trkpt lat="33.0090061" lon="35.1997736"><ele>329.8</ele><time>2026-06-24T14:29:52Z</time></trkpt>
<trkpt lat="33.0089718" lon="35.1998147"><ele>330.0</ele><time>2026-06-24T14:29:53Z</time></trkpt>
<trkpt lat="33.0089369" lon="35.1998556"><ele>330.1</ele><time>2026-06-24T14:29:54Z</time></trkpt>
<trkpt lat="33.0089019" lon="35.1998957"><ele>330.3</ele><time>2026-06-24T14:29:55Z</time></trkpt>
<trkpt lat="33.0088664" lon="35.1999348"><ele>330.5</ele><time>2026-06-24T14:29:56Z</time></trkpt>
<trkpt lat="33.0088301" lon="35.1999733"><ele>330.6</ele><time>2026-06-24T14:29:57Z</time></trkpt>
<trkpt lat="33.0087932" lon="35.2000118"><ele>330.8</ele><time>2026-06-24T14:29:58Z</time></trkpt>
<trkpt lat="33.0087559" lon="35.2000507"><ele>331.0</ele><time>2026-06-24T14:29:59Z</time></trkpt>
<trkpt lat="33.0087179" lon="35.2000894"><ele>331.2</ele><time>2026-06-24T14:30:00Z</time></trkpt>
<trkpt lat="33.0086792" lon="35.2001276"><ele>331.3</ele><time>2026-06-24T14:30:01Z</time></trkpt>
<trkpt lat="33.0086402" lon="35.2001657"><ele>331.5</ele><time>2026-06-24T14:30:02Z</time></trkpt>
<trkpt lat="33.0086012" lon="35.2002043"><ele>331.6</ele><time>2026-06-24T14:30:03Z</time></trkpt>
<trkpt lat="33.0085618" lon="35.2002438"><ele>331.8</ele><time>2026-06-24T14:30:04Z</time></trkpt>
<trkpt lat="33.0085214" lon="35.2002847"><ele>332.0</ele><time>2026-06-24T14:30:05Z</time></trkpt>
<trkpt lat="33.0084806" lon="35.2003262"><ele>332.1</ele><time>2026-06-24T14:30:06Z</time></trkpt>
<trkpt lat="33.0084396" lon="35.2003678"><ele>332.3</ele><time>2026-06-24T14:30:07Z</time></trkpt>
<trkpt lat="33.0083988" lon="35.2004093"><ele>332.4</ele><time>2026-06-24T14:30:08Z</time></trkpt>
<trkpt lat="33.0083577" lon="35.2004508"><ele>332.6</ele><time>2026-06-24T14:30:09Z</time></trkpt>
<trkpt lat="33.0083162" lon="35.2004925"><ele>332.7</ele><time>2026-06-24T14:30:10Z</time></trkpt>
<trkpt lat="33.0082744" lon="35.2005338"><ele>332.8</ele><time>2026-06-24T14:30:11Z</time></trkpt>
<trkpt lat="33.0082334" lon="35.2005738"><ele>333.0</ele><time>2026-06-24T14:30:12Z</time></trkpt>
<trkpt lat="33.0081938" lon="35.2006127"><ele>333.1</ele><time>2026-06-24T14:30:13Z</time></trkpt>
<trkpt lat="33.0081556" lon="35.2006506"><ele>333.2</ele><time>2026-06-24T14:30:14Z</time></trkpt>
<trkpt lat="33.0081194" lon="35.2006866"><ele>333.3</ele><time>2026-06-24T14:30:15Z</time></trkpt>
<trkpt lat="33.0080848" lon="35.2007211"><ele>333.4</ele><time>2026-06-24T14:30:16Z</time></trkpt>
<trkpt lat="33.0080506" lon="35.2007559"><ele>333.5</ele><time>2026-06-24T14:30:17Z</time></trkpt>
<trkpt lat="33.0080159" lon="35.2007933"><ele>333.6</ele><time>2026-06-24T14:30:18Z</time></trkpt>
<trkpt lat="33.0079796" lon="35.2008335"><ele>333.7</ele><time>2026-06-24T14:30:19Z</time></trkpt>
<trkpt lat="33.0079417" lon="35.2008747"><ele>333.8</ele><time>2026-06-24T14:30:20Z</time></trkpt>
<trkpt lat="33.0079031" lon="35.2009166"><ele>333.9</ele><time>2026-06-24T14:30:21Z</time></trkpt>
<trkpt lat="33.0078643" lon="35.2009584"><ele>333.9</ele><time>2026-06-24T14:30:22Z</time></trkpt>
<trkpt lat="33.0078246" lon="35.201001"><ele>334.0</ele><time>2026-06-24T14:30:23Z</time></trkpt>
<trkpt lat="33.0077835" lon="35.2010454"><ele>334.1</ele><time>2026-06-24T14:30:24Z</time></trkpt>
<trkpt lat="33.007742" lon="35.2010911"><ele>334.1</ele><time>2026-06-24T14:30:25Z</time></trkpt>
<trkpt lat="33.0077003" lon="35.2011368"><ele>334.2</ele><time>2026-06-24T14:30:26Z</time></trkpt>
<trkpt lat="33.0076592" lon="35.2011822"><ele>334.2</ele><time>2026-06-24T14:30:27Z</time></trkpt>
<trkpt lat="33.0076197" lon="35.2012255"><ele>334.3</ele><time>2026-06-24T14:30:28Z</time></trkpt>
<trkpt lat="33.0075818" lon="35.2012657"><ele>334.4</ele><time>2026-06-24T14:30:29Z</time></trkpt>
<trkpt lat="33.007544" lon="35.2013055"><ele>334.4</ele><time>2026-06-24T14:30:30Z</time></trkpt>
<trkpt lat="33.0075056" lon="35.2013462"><ele>334.5</ele><time>2026-06-24T14:30:31Z</time></trkpt>
<trkpt lat="33.0074668" lon="35.2013876"><ele>334.5</ele><time>2026-06-24T14:30:32Z</time></trkpt>
<trkpt lat="33.0074271" lon="35.2014308"><ele>334.5</ele><time>2026-06-24T14:30:33Z</time></trkpt>
<trkpt lat="33.0073868" lon="35.2014749"><ele>334.6</ele><time>2026-06-24T14:30:34Z</time></trkpt>
<trkpt lat="33.0073465" lon="35.2015185"><ele>334.6</ele><time>2026-06-24T14:30:35Z</time></trkpt>
<trkpt lat="33.0073063" lon="35.201562"><ele>334.7</ele><time>2026-06-24T14:30:36Z</time></trkpt>
<trkpt lat="33.0072665" lon="35.2016056"><ele>334.7</ele><time>2026-06-24T14:30:37Z</time></trkpt>
<trkpt lat="33.0072282" lon="35.2016494"><ele>334.8</ele><time>2026-06-24T14:30:38Z</time></trkpt>
<trkpt lat="33.0071926" lon="35.201692"><ele>334.8</ele><time>2026-06-24T14:30:39Z</time></trkpt>
<trkpt lat="33.0071574" lon="35.2017327"><ele>334.9</ele><time>2026-06-24T14:30:40Z</time></trkpt>
<trkpt lat="33.0071207" lon="35.2017724"><ele>335.0</ele><time>2026-06-24T14:30:41Z</time></trkpt>
<trkpt lat="33.0070834" lon="35.2018127"><ele>335.1</ele><time>2026-06-24T14:30:42Z</time></trkpt>
<trkpt lat="33.0070459" lon="35.2018545"><ele>335.2</ele><time>2026-06-24T14:30:43Z</time></trkpt>
<trkpt lat="33.0070093" lon="35.2018979"><ele>335.3</ele><time>2026-06-24T14:30:44Z</time></trkpt>
<trkpt lat="33.0069737" lon="35.2019429"><ele>335.5</ele><time>2026-06-24T14:30:45Z</time></trkpt>
<trkpt lat="33.0069393" lon="35.2019898"><ele>335.6</ele><time>2026-06-24T14:30:46Z</time></trkpt>
<trkpt lat="33.0069065" lon="35.2020382"><ele>335.7</ele><time>2026-06-24T14:30:47Z</time></trkpt>
<trkpt lat="33.0068756" lon="35.2020876"><ele>335.9</ele><time>2026-06-24T14:30:48Z</time></trkpt>
<trkpt lat="33.0068461" lon="35.2021376"><ele>336.0</ele><time>2026-06-24T14:30:49Z</time></trkpt>
<trkpt lat="33.006818" lon="35.2021876"><ele>336.2</ele><time>2026-06-24T14:30:50Z</time></trkpt>
<trkpt lat="33.0067913" lon="35.2022367"><ele>336.3</ele><time>2026-06-24T14:30:51Z</time></trkpt>
<trkpt lat="33.0067661" lon="35.2022846"><ele>336.5</ele><time>2026-06-24T14:30:52Z</time></trkpt>
<trkpt lat="33.0067422" lon="35.2023332"><ele>336.6</ele><time>2026-06-24T14:30:53Z</time></trkpt>
<trkpt lat="33.0067196" lon="35.2023847"><ele>336.8</ele><time>2026-06-24T14:30:54Z</time></trkpt>
<trkpt lat="33.0066982" lon="35.2024388"><ele>337.0</ele><time>2026-06-24T14:30:55Z</time></trkpt>
<trkpt lat="33.0066773" lon="35.2024933"><ele>337.2</ele><time>2026-06-24T14:30:56Z</time></trkpt>
<trkpt lat="33.0066571" lon="35.2025477"><ele>337.3</ele><time>2026-06-24T14:30:57Z</time></trkpt>
<trkpt lat="33.0066379" lon="35.2026024"><ele>337.5</ele><time>2026-06-24T14:30:58Z</time></trkpt>
<trkpt lat="33.0066204" lon="35.2026572"><ele>337.7</ele><time>2026-06-24T14:30:59Z</time></trkpt>
<trkpt lat="33.0066051" lon="35.2027112"><ele>337.9</ele><time>2026-06-24T14:31:00Z</time></trkpt>
<trkpt lat="33.0065917" lon="35.2027643"><ele>338.1</ele><time>2026-06-24T14:31:01Z</time></trkpt>
<trkpt lat="33.0065799" lon="35.2028174"><ele>338.3</ele><time>2026-06-24T14:31:02Z</time></trkpt>
<trkpt lat="33.0065693" lon="35.2028694"><ele>338.5</ele><time>2026-06-24T14:31:03Z</time></trkpt>
<trkpt lat="33.0065584" lon="35.2029203"><ele>338.8</ele><time>2026-06-24T14:31:04Z</time></trkpt>
<trkpt lat="33.006547" lon="35.2029715"><ele>339.0</ele><time>2026-06-24T14:31:05Z</time></trkpt>
<trkpt lat="33.0065359" lon="35.2030229"><ele>339.3</ele><time>2026-06-24T14:31:06Z</time></trkpt>
<trkpt lat="33.0065243" lon="35.2030736"><ele>339.6</ele><time>2026-06-24T14:31:07Z</time></trkpt>
<trkpt lat="33.0064929" lon="35.2032101"><ele>340.6</ele><time>2026-06-24T14:31:10Z</time></trkpt>
<trkpt lat="33.0064831" lon="35.2032585"><ele>341.0</ele><time>2026-06-24T14:31:11Z</time></trkpt>
<trkpt lat="33.0064752" lon="35.2033078"><ele>341.2</ele><time>2026-06-24T14:31:12Z</time></trkpt>
<trkpt lat="33.0064694" lon="35.2033577"><ele>341.5</ele><time>2026-06-24T14:31:13Z</time></trkpt>
<trkpt lat="33.006458" lon="35.2034573"><ele>342.0</ele><time>2026-06-24T14:31:14Z</time></trkpt>
<trkpt lat="33.0064508" lon="35.2035064"><ele>342.3</ele><time>2026-06-24T14:31:15Z</time></trkpt>
<trkpt lat="33.0064449" lon="35.2035555"><ele>342.5</ele><time>2026-06-24T14:31:16Z</time></trkpt>
<trkpt lat="33.006441" lon="35.2036045"><ele>342.8</ele><time>2026-06-24T14:31:17Z</time></trkpt>
<trkpt lat="33.0064365" lon="35.2036535"><ele>343.0</ele><time>2026-06-24T14:31:18Z</time></trkpt>
<trkpt lat="33.0064303" lon="35.2037027"><ele>343.3</ele><time>2026-06-24T14:31:19Z</time></trkpt>
<trkpt lat="33.0064234" lon="35.2037523"><ele>343.5</ele><time>2026-06-24T14:31:20Z</time></trkpt>
<trkpt lat="33.0064166" lon="35.2038018"><ele>343.7</ele><time>2026-06-24T14:31:21Z</time></trkpt>
<trkpt lat="33.0064098" lon="35.2038513"><ele>344.0</ele><time>2026-06-24T14:31:22Z</time></trkpt>
<trkpt lat="33.0064019" lon="35.2039006"><ele>344.2</ele><time>2026-06-24T14:31:23Z</time></trkpt>
<trkpt lat="33.0063932" lon="35.2039519"><ele>344.5</ele><time>2026-06-24T14:31:24Z</time></trkpt>
<trkpt lat="33.0063844" lon="35.204003"><ele>344.7</ele><time>2026-06-24T14:31:25Z</time></trkpt>
<trkpt lat="33.0063752" lon="35.2040538"><ele>345.0</ele><time>2026-06-24T14:31:26Z</time></trkpt>
<trkpt lat="33.006367" lon="35.2041048"><ele>345.2</ele><time>2026-06-24T14:31:27Z</time></trkpt>
<trkpt lat="33.0063595" lon="35.2041565"><ele>345.5</ele><time>2026-06-24T14:31:28Z</time></trkpt>
<trkpt lat="33.0063519" lon="35.2042087"><ele>345.7</ele><time>2026-06-24T14:31:29Z</time></trkpt>
<trkpt lat="33.0063444" lon="35.20426"><ele>345.9</ele><time>2026-06-24T14:31:30Z</time></trkpt>
<trkpt lat="33.0063372" lon="35.2043105"><ele>346.2</ele><time>2026-06-24T14:31:31Z</time></trkpt>
<trkpt lat="33.0063304" lon="35.204361"><ele>346.4</ele><time>2026-06-24T14:31:32Z</time></trkpt>
<trkpt lat="33.0063239" lon="35.2044108"><ele>346.7</ele><time>2026-06-24T14:31:33Z</time></trkpt>
<trkpt lat="33.0063175" lon="35.2044604"><ele>346.9</ele><time>2026-06-24T14:31:34Z</time></trkpt>
<trkpt lat="33.0063099" lon="35.2045097"><ele>347.1</ele><time>2026-06-24T14:31:35Z</time></trkpt>
<trkpt lat="33.0063007" lon="35.2045584"><ele>347.4</ele><time>2026-06-24T14:31:36Z</time></trkpt>
<trkpt lat="33.0062907" lon="35.2046068"><ele>347.6</ele><time>2026-06-24T14:31:37Z</time></trkpt>
<trkpt lat="33.0062813" lon="35.2046551"><ele>347.8</ele><time>2026-06-24T14:31:38Z</time></trkpt>
<trkpt lat="33.0062734" lon="35.2047037"><ele>348.0</ele><time>2026-06-24T14:31:39Z</time></trkpt>
<trkpt lat="33.0062666" lon="35.2047535"><ele>348.3</ele><time>2026-06-24T14:31:40Z</time></trkpt>
<trkpt lat="33.0062604" lon="35.2048045"><ele>348.5</ele><time>2026-06-24T14:31:41Z</time></trkpt>
<trkpt lat="33.0062539" lon="35.2048565"><ele>348.7</ele><time>2026-06-24T14:31:42Z</time></trkpt>
<trkpt lat="33.0062465" lon="35.2049096"><ele>348.9</ele><time>2026-06-24T14:31:43Z</time></trkpt>
<trkpt lat="33.0062388" lon="35.2049628"><ele>349.1</ele><time>2026-06-24T14:31:44Z</time></trkpt>
<trkpt lat="33.0062314" lon="35.2050157"><ele>349.3</ele><time>2026-06-24T14:31:45Z</time></trkpt>
<trkpt lat="33.0062246" lon="35.2050681"><ele>349.5</ele><time>2026-06-24T14:31:46Z</time></trkpt>
<trkpt lat="33.0062186" lon="35.2051205"><ele>349.8</ele><time>2026-06-24T14:31:47Z</time></trkpt>
<trkpt lat="33.0062135" lon="35.205173"><ele>350.0</ele><time>2026-06-24T14:31:48Z</time></trkpt>
<trkpt lat="33.0062088" lon="35.2052256"><ele>350.2</ele><time>2026-06-24T14:31:49Z</time></trkpt>
<trkpt lat="33.0062047" lon="35.2052782"><ele>350.4</ele><time>2026-06-24T14:31:50Z</time></trkpt>
<trkpt lat="33.0062011" lon="35.2053305"><ele>350.7</ele><time>2026-06-24T14:31:51Z</time></trkpt>
<trkpt lat="33.0061981" lon="35.205382"><ele>350.9</ele><time>2026-06-24T14:31:52Z</time></trkpt>
<trkpt lat="33.006196" lon="35.2054333"><ele>351.1</ele><time>2026-06-24T14:31:53Z</time></trkpt>
<trkpt lat="33.0061946" lon="35.2054847"><ele>351.3</ele><time>2026-06-24T14:31:54Z</time></trkpt>
<trkpt lat="33.0061935" lon="35.2055361"><ele>351.5</ele><time>2026-06-24T14:31:55Z</time></trkpt>
<trkpt lat="33.0061917" lon="35.2055882"><ele>351.7</ele><time>2026-06-24T14:31:56Z</time></trkpt>
<trkpt lat="33.0061881" lon="35.2056404"><ele>352.0</ele><time>2026-06-24T14:31:57Z</time></trkpt>
<trkpt lat="33.0061837" lon="35.2056927"><ele>352.2</ele><time>2026-06-24T14:31:58Z</time></trkpt>
<trkpt lat="33.0061804" lon="35.205746"><ele>352.4</ele><time>2026-06-24T14:31:59Z</time></trkpt>
<trkpt lat="33.0061795" lon="35.2057992"><ele>352.6</ele><time>2026-06-24T14:32:00Z</time></trkpt>
<trkpt lat="33.0061797" lon="35.2058512"><ele>352.8</ele><time>2026-06-24T14:32:01Z</time></trkpt>
<trkpt lat="33.0061806" lon="35.205903"><ele>353.0</ele><time>2026-06-24T14:32:02Z</time></trkpt>
<trkpt lat="33.006182" lon="35.2059544"><ele>353.2</ele><time>2026-06-24T14:32:03Z</time></trkpt>
<trkpt lat="33.006184" lon="35.206004"><ele>353.5</ele><time>2026-06-24T14:32:04Z</time></trkpt>
<trkpt lat="33.0061872" lon="35.2060524"><ele>353.7</ele><time>2026-06-24T14:32:05Z</time></trkpt>
<trkpt lat="33.0061911" lon="35.2061014"><ele>353.9</ele><time>2026-06-24T14:32:06Z</time></trkpt>
<trkpt lat="33.0061954" lon="35.2061497"><ele>354.1</ele><time>2026-06-24T14:32:07Z</time></trkpt>
<trkpt lat="33.0062087" lon="35.2062529"><ele>354.7</ele><time>2026-06-24T14:32:09Z</time></trkpt>
<trkpt lat="33.0062163" lon="35.2063011"><ele>355.0</ele><time>2026-06-24T14:32:10Z</time></trkpt>
<trkpt lat="33.0062235" lon="35.2063485"><ele>355.2</ele><time>2026-06-24T14:32:11Z</time></trkpt>
<trkpt lat="33.0062315" lon="35.2063968"><ele>355.4</ele><time>2026-06-24T14:32:12Z</time></trkpt>
<trkpt lat="33.0062407" lon="35.2064453"><ele>355.6</ele><time>2026-06-24T14:32:13Z</time></trkpt>
<trkpt lat="33.0062492" lon="35.2064948"><ele>355.9</ele><time>2026-06-24T14:32:14Z</time></trkpt>
<trkpt lat="33.0062571" lon="35.2065457"><ele>356.1</ele><time>2026-06-24T14:32:15Z</time></trkpt>
<trkpt lat="33.0062654" lon="35.2065962"><ele>356.3</ele><time>2026-06-24T14:32:16Z</time></trkpt>
<trkpt lat="33.0062724" lon="35.2066466"><ele>356.6</ele><time>2026-06-24T14:32:17Z</time></trkpt>
<trkpt lat="33.0062777" lon="35.2066983"><ele>356.9</ele><time>2026-06-24T14:32:18Z</time></trkpt>
<trkpt lat="33.0062826" lon="35.2067513"><ele>357.1</ele><time>2026-06-24T14:32:19Z</time></trkpt>
<trkpt lat="33.0062879" lon="35.2068042"><ele>357.4</ele><time>2026-06-24T14:32:20Z</time></trkpt>
<trkpt lat="33.0062937" lon="35.2068564"><ele>357.7</ele><time>2026-06-24T14:32:21Z</time></trkpt>
<trkpt lat="33.0062998" lon="35.2069082"><ele>358.0</ele><time>2026-06-24T14:32:22Z</time></trkpt>
<trkpt lat="33.0063057" lon="35.2069602"><ele>358.3</ele><time>2026-06-24T14:32:23Z</time></trkpt>
<trkpt lat="33.0063111" lon="35.2070124"><ele>358.6</ele><time>2026-06-24T14:32:24Z</time></trkpt>
<trkpt lat="33.0063157" lon="35.207065"><ele>358.9</ele><time>2026-06-24T14:32:25Z</time></trkpt>
<trkpt lat="33.0063197" lon="35.2071176"><ele>359.2</ele><time>2026-06-24T14:32:26Z</time></trkpt>
<trkpt lat="33.0063249" lon="35.2071698"><ele>359.5</ele><time>2026-06-24T14:32:27Z</time></trkpt>
<trkpt lat="33.0063313" lon="35.207222"><ele>359.8</ele><time>2026-06-24T14:32:28Z</time></trkpt>
<trkpt lat="33.0063368" lon="35.2072766"><ele>360.1</ele><time>2026-06-24T14:32:29Z</time></trkpt>
<trkpt lat="33.0063416" lon="35.2073336"><ele>360.4</ele><time>2026-06-24T14:32:30Z</time></trkpt>
<trkpt lat="33.0063467" lon="35.2073896"><ele>360.7</ele><time>2026-06-24T14:32:31Z</time></trkpt>
<trkpt lat="33.0063526" lon="35.2074442"><ele>361.0</ele><time>2026-06-24T14:32:32Z</time></trkpt>
<trkpt lat="33.0063594" lon="35.2074977"><ele>361.4</ele><time>2026-06-24T14:32:33Z</time></trkpt>
<trkpt lat="33.0063658" lon="35.20755"><ele>361.7</ele><time>2026-06-24T14:32:34Z</time></trkpt>
<trkpt lat="33.0063715" lon="35.2076016"><ele>362.0</ele><time>2026-06-24T14:32:35Z</time></trkpt>
<trkpt lat="33.0063762" lon="35.2076528"><ele>362.3</ele><time>2026-06-24T14:32:36Z</time></trkpt>
<trkpt lat="33.0063799" lon="35.2077034"><ele>362.6</ele><time>2026-06-24T14:32:37Z</time></trkpt>
<trkpt lat="33.006384" lon="35.2077538"><ele>362.9</ele><time>2026-06-24T14:32:38Z</time></trkpt>
<trkpt lat="33.0063888" lon="35.2078042"><ele>363.2</ele><time>2026-06-24T14:32:39Z</time></trkpt>
<trkpt lat="33.006393" lon="35.207855"><ele>363.5</ele><time>2026-06-24T14:32:40Z</time></trkpt>
<trkpt lat="33.0063963" lon="35.2079059"><ele>363.8</ele><time>2026-06-24T14:32:41Z</time></trkpt>
<trkpt lat="33.0063981" lon="35.207957"><ele>364.1</ele><time>2026-06-24T14:32:42Z</time></trkpt>
<trkpt lat="33.0063988" lon="35.2080078"><ele>364.4</ele><time>2026-06-24T14:32:43Z</time></trkpt>
<trkpt lat="33.0063996" lon="35.208058"><ele>364.6</ele><time>2026-06-24T14:32:44Z</time></trkpt>
<trkpt lat="33.0064011" lon="35.2081072"><ele>364.9</ele><time>2026-06-24T14:32:45Z</time></trkpt>
<trkpt lat="33.0064038" lon="35.2081556"><ele>365.2</ele><time>2026-06-24T14:32:46Z</time></trkpt>
<trkpt lat="33.0064076" lon="35.208203"><ele>365.5</ele><time>2026-06-24T14:32:47Z</time></trkpt>
<trkpt lat="33.0064125" lon="35.2082497"><ele>365.8</ele><time>2026-06-24T14:32:48Z</time></trkpt>
<trkpt lat="33.0064184" lon="35.2082958"><ele>366.1</ele><time>2026-06-24T14:32:49Z</time></trkpt>
<trkpt lat="33.0064254" lon="35.2083417"><ele>366.3</ele><time>2026-06-24T14:32:50Z</time></trkpt>
<trkpt lat="33.0064337" lon="35.2083874"><ele>366.6</ele><time>2026-06-24T14:32:51Z</time></trkpt>
<trkpt lat="33.0064428" lon="35.2084328"><ele>366.9</ele><time>2026-06-24T14:32:52Z</time></trkpt>
<trkpt lat="33.0064523" lon="35.2084777"><ele>367.1</ele><time>2026-06-24T14:32:53Z</time></trkpt>
<trkpt lat="33.0064618" lon="35.2085221"><ele>367.4</ele><time>2026-06-24T14:32:54Z</time></trkpt>
<trkpt lat="33.0064709" lon="35.2085662"><ele>367.6</ele><time>2026-06-24T14:32:55Z</time></trkpt>
<trkpt lat="33.0064779" lon="35.2086092"><ele>367.8</ele><time>2026-06-24T14:32:56Z</time></trkpt>
<trkpt lat="33.0064832" lon="35.2086506"><ele>368.1</ele><time>2026-06-24T14:32:57Z</time></trkpt>
<trkpt lat="33.0064882" lon="35.2086904"><ele>368.3</ele><time>2026-06-24T14:32:58Z</time></trkpt>
<trkpt lat="33.0064928" lon="35.208728"><ele>368.4</ele><time>2026-06-24T14:32:59Z</time></trkpt>
<trkpt lat="33.006497" lon="35.2087647"><ele>368.6</ele><time>2026-06-24T14:33:00Z</time></trkpt>
<trkpt lat="33.0065016" lon="35.2088012"><ele>368.8</ele><time>2026-06-24T14:33:01Z</time></trkpt>
<trkpt lat="33.0065066" lon="35.2088378"><ele>368.9</ele><time>2026-06-24T14:33:02Z</time></trkpt>
<trkpt lat="33.006511" lon="35.2088747"><ele>369.0</ele><time>2026-06-24T14:33:03Z</time></trkpt>
<trkpt lat="33.0065138" lon="35.2089104"><ele>369.2</ele><time>2026-06-24T14:33:04Z</time></trkpt>
<trkpt lat="33.006516" lon="35.2089435"><ele>369.4</ele><time>2026-06-24T14:33:05Z</time></trkpt>
<trkpt lat="33.006518" lon="35.2089736"><ele>369.6</ele><time>2026-06-24T14:33:06Z</time></trkpt>
<trkpt lat="33.0065199" lon="35.2090015"><ele>369.8</ele><time>2026-06-24T14:33:07Z</time></trkpt>
<trkpt lat="33.0065289" lon="35.2090715"><ele>370.6</ele><time>2026-06-24T14:33:10Z</time></trkpt>
<trkpt lat="33.0065322" lon="35.209095"><ele>370.8</ele><time>2026-06-24T14:33:11Z</time></trkpt>
<trkpt lat="33.006534" lon="35.2091192"><ele>371.0</ele><time>2026-06-24T14:33:12Z</time></trkpt>
<trkpt lat="33.0065346" lon="35.2091441"><ele>371.2</ele><time>2026-06-24T14:33:13Z</time></trkpt>
<trkpt lat="33.0065376" lon="35.209201"><ele>371.5</ele><time>2026-06-24T14:33:14Z</time></trkpt>
<trkpt lat="33.0065408" lon="35.2092325"><ele>371.6</ele><time>2026-06-24T14:33:15Z</time></trkpt>
<trkpt lat="33.0065441" lon="35.2092631"><ele>371.8</ele><time>2026-06-24T14:33:16Z</time></trkpt>
<trkpt lat="33.0065467" lon="35.209291"><ele>371.9</ele><time>2026-06-24T14:33:17Z</time></trkpt>
<trkpt lat="33.0065481" lon="35.2093162"><ele>372.0</ele><time>2026-06-24T14:33:18Z</time></trkpt>
<trkpt lat="33.0065499" lon="35.2093361"><ele>372.2</ele><time>2026-06-24T14:33:19Z</time></trkpt>
<trkpt lat="33.006552" lon="35.2093542"><ele>372.3</ele><time>2026-06-24T14:33:20Z</time></trkpt>
<trkpt lat="33.0065534" lon="35.2093743"><ele>372.4</ele><time>2026-06-24T14:33:21Z</time></trkpt>
<trkpt lat="33.0065544" lon="35.2093945"><ele>372.6</ele><time>2026-06-24T14:33:22Z</time></trkpt>
<trkpt lat="33.0065547" lon="35.2094153"><ele>372.7</ele><time>2026-06-24T14:33:23Z</time></trkpt>
<trkpt lat="33.0065546" lon="35.2094381"><ele>372.8</ele><time>2026-06-24T14:33:24Z</time></trkpt>
<trkpt lat="33.0065544" lon="35.2094661"><ele>373.0</ele><time>2026-06-24T14:33:25Z</time></trkpt>
<trkpt lat="33.0065534" lon="35.2094977"><ele>373.1</ele><time>2026-06-24T14:33:26Z</time></trkpt>
<trkpt lat="33.0065517" lon="35.2095291"><ele>373.3</ele><time>2026-06-24T14:33:27Z</time></trkpt>
<trkpt lat="33.0065507" lon="35.2095597"><ele>373.4</ele><time>2026-06-24T14:33:28Z</time></trkpt>
<trkpt lat="33.0065506" lon="35.2095898"><ele>373.6</ele><time>2026-06-24T14:33:29Z</time></trkpt>
<trkpt lat="33.0065507" lon="35.2096205"><ele>373.7</ele><time>2026-06-24T14:33:30Z</time></trkpt>
<trkpt lat="33.0065502" lon="35.2096518"><ele>373.9</ele><time>2026-06-24T14:33:31Z</time></trkpt>
<trkpt lat="33.0065497" lon="35.2096833"><ele>374.0</ele><time>2026-06-24T14:33:32Z</time></trkpt>
<trkpt lat="33.0065505" lon="35.2097152"><ele>374.1</ele><time>2026-06-24T14:33:33Z</time></trkpt>
<trkpt lat="33.006553" lon="35.2097487"><ele>374.3</ele><time>2026-06-24T14:33:34Z</time></trkpt>
<trkpt lat="33.0065568" lon="35.2097846"><ele>374.4</ele><time>2026-06-24T14:33:35Z</time></trkpt>
<trkpt lat="33.0065606" lon="35.2098218"><ele>374.6</ele><time>2026-06-24T14:33:36Z</time></trkpt>
<trkpt lat="33.0065635" lon="35.2098595"><ele>374.7</ele><time>2026-06-24T14:33:37Z</time></trkpt>
<trkpt lat="33.0065649" lon="35.2098982"><ele>374.9</ele><time>2026-06-24T14:33:38Z</time></trkpt>
<trkpt lat="33.006565" lon="35.2099382"><ele>375.0</ele><time>2026-06-24T14:33:39Z</time></trkpt>
<trkpt lat="33.0065653" lon="35.2099797"><ele>375.1</ele><time>2026-06-24T14:33:40Z</time></trkpt>
<trkpt lat="33.0065667" lon="35.2100227"><ele>375.3</ele><time>2026-06-24T14:33:41Z</time></trkpt>
<trkpt lat="33.0065681" lon="35.2100674"><ele>375.4</ele><time>2026-06-24T14:33:42Z</time></trkpt>
<trkpt lat="33.0065687" lon="35.2101131"><ele>375.5</ele><time>2026-06-24T14:33:43Z</time></trkpt>
<trkpt lat="33.0065688" lon="35.2101586"><ele>375.7</ele><time>2026-06-24T14:33:44Z</time></trkpt>
<trkpt lat="33.0065686" lon="35.2102033"><ele>375.8</ele><time>2026-06-24T14:33:45Z</time></trkpt>
<trkpt lat="33.0065683" lon="35.2102469"><ele>376.0</ele><time>2026-06-24T14:33:46Z</time></trkpt>
<trkpt lat="33.0065683" lon="35.2102897"><ele>376.1</ele><time>2026-06-24T14:33:47Z</time></trkpt>
<trkpt lat="33.0065687" lon="35.2103315"><ele>376.2</ele><time>2026-06-24T14:33:48Z</time></trkpt>
<trkpt lat="33.0065695" lon="35.2103721"><ele>376.4</ele><time>2026-06-24T14:33:49Z</time></trkpt>
<trkpt lat="33.0065703" lon="35.2104116"><ele>376.5</ele><time>2026-06-24T14:33:50Z</time></trkpt>
<trkpt lat="33.0065711" lon="35.2104501"><ele>376.6</ele><time>2026-06-24T14:33:51Z</time></trkpt>
<trkpt lat="33.0065716" lon="35.210489"><ele>376.8</ele><time>2026-06-24T14:33:52Z</time></trkpt>
<trkpt lat="33.0065715" lon="35.2105292"><ele>376.9</ele><time>2026-06-24T14:33:53Z</time></trkpt>
<trkpt lat="33.0065702" lon="35.2105714"><ele>377.1</ele><time>2026-06-24T14:33:54Z</time></trkpt>
<trkpt lat="33.0065672" lon="35.2106144"><ele>377.2</ele><time>2026-06-24T14:33:55Z</time></trkpt>
<trkpt lat="33.0065643" lon="35.2106564"><ele>377.4</ele><time>2026-06-24T14:33:56Z</time></trkpt>
<trkpt lat="33.0065635" lon="35.2106958"><ele>377.5</ele><time>2026-06-24T14:33:57Z</time></trkpt>
<trkpt lat="33.0065646" lon="35.2107343"><ele>377.7</ele><time>2026-06-24T14:33:58Z</time></trkpt>
<trkpt lat="33.0065667" lon="35.210774"><ele>377.9</ele><time>2026-06-24T14:33:59Z</time></trkpt>
<trkpt lat="33.0065678" lon="35.2108137"><ele>378.0</ele><time>2026-06-24T14:34:00Z</time></trkpt>
<trkpt lat="33.0065669" lon="35.210854"><ele>378.2</ele><time>2026-06-24T14:34:01Z</time></trkpt>
<trkpt lat="33.0065644" lon="35.2108948"><ele>378.4</ele><time>2026-06-24T14:34:02Z</time></trkpt>
<trkpt lat="33.0065604" lon="35.2109342"><ele>378.5</ele><time>2026-06-24T14:34:03Z</time></trkpt>
<trkpt lat="33.0065555" lon="35.2109726"><ele>378.7</ele><time>2026-06-24T14:34:04Z</time></trkpt>
<trkpt lat="33.0065505" lon="35.2110117"><ele>378.9</ele><time>2026-06-24T14:34:05Z</time></trkpt>
<trkpt lat="33.0065461" lon="35.2110518"><ele>379.1</ele><time>2026-06-24T14:34:06Z</time></trkpt>
<trkpt lat="33.0065422" lon="35.2110926"><ele>379.3</ele><time>2026-06-24T14:34:07Z</time></trkpt>
<trkpt lat="33.0065381" lon="35.2111341"><ele>379.5</ele><time>2026-06-24T14:34:08Z</time></trkpt>
<trkpt lat="33.0065333" lon="35.2111764"><ele>379.7</ele><time>2026-06-24T14:34:09Z</time></trkpt>
<trkpt lat="33.0065289" lon="35.2112182"><ele>379.9</ele><time>2026-06-24T14:34:10Z</time></trkpt>
<trkpt lat="33.0065256" lon="35.2112596"><ele>380.2</ele><time>2026-06-24T14:34:11Z</time></trkpt>
<trkpt lat="33.0065231" lon="35.211301"><ele>380.4</ele><time>2026-06-24T14:34:12Z</time></trkpt>
<trkpt lat="33.0065202" lon="35.2113418"><ele>380.6</ele><time>2026-06-24T14:34:13Z</time></trkpt>
<trkpt lat="33.006515" lon="35.2113829"><ele>380.8</ele><time>2026-06-24T14:34:14Z</time></trkpt>
<trkpt lat="33.0065083" lon="35.2114251"><ele>381.0</ele><time>2026-06-24T14:34:15Z</time></trkpt>
<trkpt lat="33.0065031" lon="35.2114665"><ele>381.2</ele><time>2026-06-24T14:34:16Z</time></trkpt>
<trkpt lat="33.0065008" lon="35.2115065"><ele>381.4</ele><time>2026-06-24T14:34:17Z</time></trkpt>
<trkpt lat="33.0064999" lon="35.2115457"><ele>381.6</ele><time>2026-06-24T14:34:18Z</time></trkpt>
<trkpt lat="33.006497" lon="35.2115863"><ele>381.8</ele><time>2026-06-24T14:34:19Z</time></trkpt>
<trkpt lat="33.0064895" lon="35.2116306"><ele>382.0</ele><time>2026-06-24T14:34:20Z</time></trkpt>
<trkpt lat="33.0064808" lon="35.2116742"><ele>382.1</ele><time>2026-06-24T14:34:21Z</time></trkpt>
<trkpt lat="33.0064757" lon="35.2117133"><ele>382.3</ele><time>2026-06-24T14:34:22Z</time></trkpt>
<trkpt lat="33.0064749" lon="35.2117506"><ele>382.5</ele><time>2026-06-24T14:34:23Z</time></trkpt>
<trkpt lat="33.0064748" lon="35.2117875"><ele>382.7</ele><time>2026-06-24T14:34:24Z</time></trkpt>
<trkpt lat="33.006472" lon="35.2118275"><ele>382.9</ele><time>2026-06-24T14:34:25Z</time></trkpt>
<trkpt lat="33.006467" lon="35.2118724"><ele>383.2</ele><time>2026-06-24T14:34:26Z</time></trkpt>
<trkpt lat="33.0064605" lon="35.2119164"><ele>383.4</ele><time>2026-06-24T14:34:27Z</time></trkpt>
<trkpt lat="33.0064531" lon="35.2119569"><ele>383.6</ele><time>2026-06-24T14:34:28Z</time></trkpt>
<trkpt lat="33.0064457" lon="35.2119967"><ele>383.9</ele><time>2026-06-24T14:34:29Z</time></trkpt>
<trkpt lat="33.0064386" lon="35.2120369"><ele>384.1</ele><time>2026-06-24T14:34:30Z</time></trkpt>
<trkpt lat="33.00643" lon="35.2120777"><ele>384.3</ele><time>2026-06-24T14:34:31Z</time></trkpt>
<trkpt lat="33.0064188" lon="35.2121179"><ele>384.6</ele><time>2026-06-24T14:34:32Z</time></trkpt>
<trkpt lat="33.0064067" lon="35.2121557"><ele>384.8</ele><time>2026-06-24T14:34:33Z</time></trkpt>
<trkpt lat="33.0063946" lon="35.2121912"><ele>385.0</ele><time>2026-06-24T14:34:34Z</time></trkpt>
<trkpt lat="33.0063826" lon="35.2122256"><ele>385.3</ele><time>2026-06-24T14:34:35Z</time></trkpt>
<trkpt lat="33.0063696" lon="35.2122603"><ele>385.5</ele><time>2026-06-24T14:34:36Z</time></trkpt>
<trkpt lat="33.0063561" lon="35.2122958"><ele>385.7</ele><time>2026-06-24T14:34:37Z</time></trkpt>
<trkpt lat="33.0063426" lon="35.2123304"><ele>385.9</ele><time>2026-06-24T14:34:38Z</time></trkpt>
<trkpt lat="33.0063272" lon="35.2123635"><ele>386.2</ele><time>2026-06-24T14:34:39Z</time></trkpt>
<trkpt lat="33.0063084" lon="35.2123957"><ele>386.4</ele><time>2026-06-24T14:34:40Z</time></trkpt>
<trkpt lat="33.006288" lon="35.212426"><ele>386.6</ele><time>2026-06-24T14:34:41Z</time></trkpt>
<trkpt lat="33.0062665" lon="35.2124558"><ele>386.8</ele><time>2026-06-24T14:34:42Z</time></trkpt>
<trkpt lat="33.0062431" lon="35.2124867"><ele>387.0</ele><time>2026-06-24T14:34:43Z</time></trkpt>
<trkpt lat="33.0062192" lon="35.2125182"><ele>387.1</ele><time>2026-06-24T14:34:44Z</time></trkpt>
<trkpt lat="33.0061977" lon="35.2125481"><ele>387.3</ele><time>2026-06-24T14:34:45Z</time></trkpt>
<trkpt lat="33.006179" lon="35.2125761"><ele>387.5</ele><time>2026-06-24T14:34:46Z</time></trkpt>
<trkpt lat="33.0061628" lon="35.2126025"><ele>387.7</ele><time>2026-06-24T14:34:47Z</time></trkpt>
<trkpt lat="33.0061471" lon="35.2126286"><ele>387.8</ele><time>2026-06-24T14:34:48Z</time></trkpt>
<trkpt lat="33.006128" lon="35.2126583"><ele>388.0</ele><time>2026-06-24T14:34:49Z</time></trkpt>
<trkpt lat="33.0061045" lon="35.2126923"><ele>388.1</ele><time>2026-06-24T14:34:50Z</time></trkpt>
<trkpt lat="33.00608" lon="35.2127271"><ele>388.3</ele><time>2026-06-24T14:34:51Z</time></trkpt>
<trkpt lat="33.0060588" lon="35.2127592"><ele>388.4</ele><time>2026-06-24T14:34:52Z</time></trkpt>
<trkpt lat="33.0060396" lon="35.2127914"><ele>388.5</ele><time>2026-06-24T14:34:53Z</time></trkpt>
<trkpt lat="33.0060188" lon="35.2128263"><ele>388.7</ele><time>2026-06-24T14:34:54Z</time></trkpt>
<trkpt lat="33.0059953" lon="35.2128625"><ele>388.8</ele><time>2026-06-24T14:34:55Z</time></trkpt>
<trkpt lat="33.0059686" lon="35.2128992"><ele>388.9</ele><time>2026-06-24T14:34:56Z</time></trkpt>
<trkpt lat="33.0059414" lon="35.2129359"><ele>389.0</ele><time>2026-06-24T14:34:57Z</time></trkpt>
<trkpt lat="33.0059167" lon="35.2129716"><ele>389.1</ele><time>2026-06-24T14:34:58Z</time></trkpt>
<trkpt lat="33.0058945" lon="35.2130064"><ele>389.2</ele><time>2026-06-24T14:34:59Z</time></trkpt>
<trkpt lat="33.0058739" lon="35.2130401"><ele>389.4</ele><time>2026-06-24T14:35:00Z</time></trkpt>
<trkpt lat="33.005853" lon="35.2130733"><ele>389.5</ele><time>2026-06-24T14:35:01Z</time></trkpt>
<trkpt lat="33.0058309" lon="35.2131067"><ele>389.6</ele><time>2026-06-24T14:35:02Z</time></trkpt>
<trkpt lat="33.005808" lon="35.2131406"><ele>389.7</ele><time>2026-06-24T14:35:03Z</time></trkpt>
<trkpt lat="33.0057856" lon="35.2131746"><ele>389.8</ele><time>2026-06-24T14:35:04Z</time></trkpt>
<trkpt lat="33.0057643" lon="35.2132089"><ele>390.0</ele><time>2026-06-24T14:35:05Z</time></trkpt>
<trkpt lat="33.0057432" lon="35.2132449"><ele>390.1</ele><time>2026-06-24T14:35:06Z</time></trkpt>
<trkpt lat="33.0057224" lon="35.2132812"><ele>390.2</ele><time>2026-06-24T14:35:07Z</time></trkpt>
<trkpt lat="33.0057023" lon="35.2133162"><ele>390.3</ele><time>2026-06-24T14:35:08Z</time></trkpt>
<trkpt lat="33.0056805" lon="35.2133507"><ele>390.5</ele><time>2026-06-24T14:35:09Z</time></trkpt>
<trkpt lat="33.0056577" lon="35.2133859"><ele>390.6</ele><time>2026-06-24T14:35:10Z</time></trkpt>
<trkpt lat="33.0056379" lon="35.213422"><ele>390.7</ele><time>2026-06-24T14:35:11Z</time></trkpt>
<trkpt lat="33.0056224" lon="35.2134584"><ele>390.8</ele><time>2026-06-24T14:35:12Z</time></trkpt>
<trkpt lat="33.0056093" lon="35.2134964"><ele>390.9</ele><time>2026-06-24T14:35:13Z</time></trkpt>
<trkpt lat="33.0055967" lon="35.2135395"><ele>391.1</ele><time>2026-06-24T14:35:14Z</time></trkpt>
<trkpt lat="33.0055845" lon="35.2135864"><ele>391.2</ele><time>2026-06-24T14:35:15Z</time></trkpt>
<trkpt lat="33.0055724" lon="35.2136337"><ele>391.3</ele><time>2026-06-24T14:35:16Z</time></trkpt>
<trkpt lat="33.0055602" lon="35.2136801"><ele>391.5</ele><time>2026-06-24T14:35:17Z</time></trkpt>
<trkpt lat="33.0055481" lon="35.2137248"><ele>391.7</ele><time>2026-06-24T14:35:18Z</time></trkpt>
<trkpt lat="33.005537" lon="35.2137685"><ele>391.8</ele><time>2026-06-24T14:35:19Z</time></trkpt>
<trkpt lat="33.0055287" lon="35.2138132"><ele>392.0</ele><time>2026-06-24T14:35:20Z</time></trkpt>
<trkpt lat="33.0055248" lon="35.2138588"><ele>392.2</ele><time>2026-06-24T14:35:21Z</time></trkpt>
<trkpt lat="33.0055258" lon="35.2139037"><ele>392.4</ele><time>2026-06-24T14:35:22Z</time></trkpt>
<trkpt lat="33.0055305" lon="35.2139459"><ele>392.7</ele><time>2026-06-24T14:35:23Z</time></trkpt>
<trkpt lat="33.005538" lon="35.2139856"><ele>392.9</ele><time>2026-06-24T14:35:24Z</time></trkpt>
<trkpt lat="33.0055488" lon="35.2140238"><ele>393.2</ele><time>2026-06-24T14:35:25Z</time></trkpt>
<trkpt lat="33.0055637" lon="35.2140616"><ele>393.4</ele><time>2026-06-24T14:35:26Z</time></trkpt>
<trkpt lat="33.0055819" lon="35.2140981"><ele>393.7</ele><time>2026-06-24T14:35:27Z</time></trkpt>
<trkpt lat="33.0056027" lon="35.214132"><ele>393.9</ele><time>2026-06-24T14:35:28Z</time></trkpt>
<trkpt lat="33.0056245" lon="35.2141636"><ele>394.2</ele><time>2026-06-24T14:35:29Z</time></trkpt>
<trkpt lat="33.0056457" lon="35.2141942"><ele>394.5</ele><time>2026-06-24T14:35:30Z</time></trkpt>
<trkpt lat="33.0056658" lon="35.2142262"><ele>394.7</ele><time>2026-06-24T14:35:31Z</time></trkpt>
<trkpt lat="33.0056854" lon="35.2142605"><ele>395.0</ele><time>2026-06-24T14:35:32Z</time></trkpt>
<trkpt lat="33.0057054" lon="35.2142956"><ele>395.2</ele><time>2026-06-24T14:35:33Z</time></trkpt>
<trkpt lat="33.0057263" lon="35.2143307"><ele>395.4</ele><time>2026-06-24T14:35:34Z</time></trkpt>
<trkpt lat="33.0057486" lon="35.2143643"><ele>395.7</ele><time>2026-06-24T14:35:35Z</time></trkpt>
<trkpt lat="33.0057718" lon="35.214396"><ele>395.9</ele><time>2026-06-24T14:35:36Z</time></trkpt>
<trkpt lat="33.0057942" lon="35.2144282"><ele>396.2</ele><time>2026-06-24T14:35:37Z</time></trkpt>
<trkpt lat="33.0058369" lon="35.2145043"><ele>396.8</ele><time>2026-06-24T14:35:39Z</time></trkpt>
<trkpt lat="33.0058559" lon="35.2145417"><ele>397.0</ele><time>2026-06-24T14:35:40Z</time></trkpt>
<trkpt lat="33.005875" lon="35.2145777"><ele>397.2</ele><time>2026-06-24T14:35:41Z</time></trkpt>
<trkpt lat="33.0058941" lon="35.2146141"><ele>397.4</ele><time>2026-06-24T14:35:42Z</time></trkpt>
<trkpt lat="33.0059124" lon="35.2146505"><ele>397.6</ele><time>2026-06-24T14:35:43Z</time></trkpt>
<trkpt lat="33.0059299" lon="35.2146876"><ele>397.8</ele><time>2026-06-24T14:35:44Z</time></trkpt>
<trkpt lat="33.0059472" lon="35.2147246"><ele>398.0</ele><time>2026-06-24T14:35:45Z</time></trkpt>
<trkpt lat="33.0059633" lon="35.2147614"><ele>398.1</ele><time>2026-06-24T14:35:46Z</time></trkpt>
<trkpt lat="33.0059762" lon="35.2147991"><ele>398.3</ele><time>2026-06-24T14:35:47Z</time></trkpt>
<trkpt lat="33.0059832" lon="35.2148373"><ele>398.5</ele><time>2026-06-24T14:35:48Z</time></trkpt>
<trkpt lat="33.0059854" lon="35.214875"><ele>398.7</ele><time>2026-06-24T14:35:49Z</time></trkpt>
<trkpt lat="33.0059827" lon="35.2149135"><ele>398.9</ele><time>2026-06-24T14:35:50Z</time></trkpt>
<trkpt lat="33.005973" lon="35.2149512"><ele>399.1</ele><time>2026-06-24T14:35:51Z</time></trkpt>
<trkpt lat="33.0059559" lon="35.2149838"><ele>399.3</ele><time>2026-06-24T14:35:52Z</time></trkpt>
<trkpt lat="33.0059313" lon="35.2150114"><ele>399.5</ele><time>2026-06-24T14:35:53Z</time></trkpt>
<trkpt lat="33.0058997" lon="35.2150341"><ele>399.7</ele><time>2026-06-24T14:35:54Z</time></trkpt>
<trkpt lat="33.005864" lon="35.2150539"><ele>399.9</ele><time>2026-06-24T14:35:55Z</time></trkpt>
<trkpt lat="33.0058277" lon="35.2150734"><ele>400.0</ele><time>2026-06-24T14:35:56Z</time></trkpt>
<trkpt lat="33.0057918" lon="35.2150944"><ele>400.2</ele><time>2026-06-24T14:35:57Z</time></trkpt>
<trkpt lat="33.0057571" lon="35.215119"><ele>400.3</ele><time>2026-06-24T14:35:58Z</time></trkpt>
<trkpt lat="33.0057244" lon="35.215147"><ele>400.4</ele><time>2026-06-24T14:35:59Z</time></trkpt>
<trkpt lat="33.0056951" lon="35.2151768"><ele>400.6</ele><time>2026-06-24T14:36:00Z</time></trkpt>
<trkpt lat="33.00567" lon="35.215207"><ele>400.7</ele><time>2026-06-24T14:36:01Z</time></trkpt>
<trkpt lat="33.0056489" lon="35.215238"><ele>400.8</ele><time>2026-06-24T14:36:02Z</time></trkpt>
<trkpt lat="33.0056318" lon="35.2152696"><ele>400.9</ele><time>2026-06-24T14:36:03Z</time></trkpt>
<trkpt lat="33.0056181" lon="35.2153018"><ele>401.1</ele><time>2026-06-24T14:36:04Z</time></trkpt>
<trkpt lat="33.0056072" lon="35.2153337"><ele>401.2</ele><time>2026-06-24T14:36:05Z</time></trkpt>
<trkpt lat="33.005599" lon="35.2153642"><ele>401.3</ele><time>2026-06-24T14:36:06Z</time></trkpt>
<trkpt lat="33.0055919" lon="35.2153936"><ele>401.4</ele><time>2026-06-24T14:36:07Z</time></trkpt>
<trkpt lat="33.0055847" lon="35.2154229"><ele>401.6</ele><time>2026-06-24T14:36:08Z</time></trkpt>
<trkpt lat="33.0055756" lon="35.2154505"><ele>401.7</ele><time>2026-06-24T14:36:09Z</time></trkpt>
<trkpt lat="33.0055605" lon="35.2154707"><ele>401.8</ele><time>2026-06-24T14:36:10Z</time></trkpt>
<trkpt lat="33.0055396" lon="35.2154799"><ele>401.9</ele><time>2026-06-24T14:36:11Z</time></trkpt>
<trkpt lat="33.0055154" lon="35.2154801"><ele>402.0</ele><time>2026-06-24T14:36:12Z</time></trkpt>
<trkpt lat="33.0054886" lon="35.2154758"><ele>402.1</ele><time>2026-06-24T14:36:13Z</time></trkpt>
<trkpt lat="33.0054592" lon="35.2154716"><ele>402.1</ele><time>2026-06-24T14:36:14Z</time></trkpt>
<trkpt lat="33.0054272" lon="35.2154706"><ele>402.1</ele><time>2026-06-24T14:36:15Z</time></trkpt>
<trkpt lat="33.0053932" lon="35.2154747"><ele>402.1</ele><time>2026-06-24T14:36:16Z</time></trkpt>
<trkpt lat="33.0053596" lon="35.2154863"><ele>402.1</ele><time>2026-06-24T14:36:17Z</time></trkpt>
<trkpt lat="33.00533" lon="35.2155059"><ele>402.0</ele><time>2026-06-24T14:36:18Z</time></trkpt>
<trkpt lat="33.0053064" lon="35.2155308"><ele>401.9</ele><time>2026-06-24T14:36:19Z</time></trkpt>
<trkpt lat="33.005287" lon="35.2155566"><ele>401.8</ele><time>2026-06-24T14:36:20Z</time></trkpt>
<trkpt lat="33.0052688" lon="35.2155798"><ele>401.8</ele><time>2026-06-24T14:36:21Z</time></trkpt>
<trkpt lat="33.0052511" lon="35.2155993"><ele>401.7</ele><time>2026-06-24T14:36:22Z</time></trkpt>
<trkpt lat="33.0052351" lon="35.2156149"><ele>401.6</ele><time>2026-06-24T14:36:23Z</time></trkpt>
<trkpt lat="33.0052217" lon="35.2156249"><ele>401.5</ele><time>2026-06-24T14:36:24Z</time></trkpt>
<trkpt lat="33.0052081" lon="35.2156255"><ele>401.5</ele><time>2026-06-24T14:36:25Z</time></trkpt>
<trkpt lat="33.0051903" lon="35.2156163"><ele>401.4</ele><time>2026-06-24T14:36:26Z</time></trkpt>
<trkpt lat="33.0051692" lon="35.2156023"><ele>401.4</ele><time>2026-06-24T14:36:27Z</time></trkpt>
<trkpt lat="33.0051463" lon="35.2155866"><ele>401.3</ele><time>2026-06-24T14:36:28Z</time></trkpt>
<trkpt lat="33.0051232" lon="35.2155704"><ele>401.3</ele><time>2026-06-24T14:36:29Z</time></trkpt>
<trkpt lat="33.0051023" lon="35.2155547"><ele>401.2</ele><time>2026-06-24T14:36:30Z</time></trkpt>
<trkpt lat="33.0050854" lon="35.2155399"><ele>401.2</ele><time>2026-06-24T14:36:31Z</time></trkpt>
<trkpt lat="33.005074" lon="35.2155261"><ele>401.2</ele><time>2026-06-24T14:36:32Z</time></trkpt>
<trkpt lat="33.0050692" lon="35.2155153"><ele>401.2</ele><time>2026-06-24T14:36:33Z</time></trkpt>
<trkpt lat="33.0050679" lon="35.2155082"><ele>401.2</ele><time>2026-06-24T14:36:34Z</time></trkpt>
<trkpt lat="33.0050665" lon="35.2155036"><ele>401.2</ele><time>2026-06-24T14:36:35Z</time></trkpt>
<trkpt lat="33.0050643" lon="35.2155009"><ele>401.2</ele><time>2026-06-24T14:36:36Z</time></trkpt>
<trkpt lat="33.0050618" lon="35.2154991"><ele>401.3</ele><time>2026-06-24T14:36:37Z</time></trkpt>
<trkpt lat="33.0050594" lon="35.2154977"><ele>401.3</ele><time>2026-06-24T14:36:38Z</time></trkpt>
<trkpt lat="33.0050571" lon="35.2154968"><ele>401.3</ele><time>2026-06-24T14:36:39Z</time></trkpt>
<trkpt lat="33.0050549" lon="35.2154963"><ele>401.4</ele><time>2026-06-24T14:36:40Z</time></trkpt>
<trkpt lat="33.0050529" lon="35.2154959"><ele>401.4</ele><time>2026-06-24T14:36:41Z</time></trkpt>
<trkpt lat="33.0050512" lon="35.2154955"><ele>401.4</ele><time>2026-06-24T14:36:42Z</time></trkpt>
<trkpt lat="33.0050496" lon="35.2154954"><ele>401.3</ele><time>2026-06-24T14:36:43Z</time></trkpt>
<trkpt lat="33.0050481" lon="35.2154954"><ele>401.2</ele><time>2026-06-24T14:36:44Z</time></trkpt>
<trkpt lat="33.005047" lon="35.2154954"><ele>401.0</ele><time>2026-06-24T14:36:45Z</time></trkpt>
<trkpt lat="33.0050462" lon="35.2154955"><ele>400.6</ele><time>2026-06-24T14:36:46Z</time></trkpt>
<trkpt lat="33.0050455" lon="35.2154957"><ele>400.1</ele><time>2026-06-24T14:36:47Z</time></trkpt>
<trkpt lat="33.0050449" lon="35.2154958"><ele>399.2</ele><time>2026-06-24T14:36:48Z</time></trkpt>
<trkpt lat="33.0050443" lon="35.2154961"><ele>398.1</ele><time>2026-06-24T14:36:49Z</time></trkpt>
<trkpt lat="33.0050437" lon="35.2154964"><ele>396.7</ele><time>2026-06-24T14:36:50Z</time></trkpt>
<trkpt lat="33.0050432" lon="35.2154966"><ele>394.9</ele><time>2026-06-24T14:36:51Z</time></trkpt>
<trkpt lat="33.0050427" lon="35.2154969"><ele>392.9</ele><time>2026-06-24T14:36:52Z</time></trkpt>
<trkpt lat="33.0050424" lon="35.215497"><ele>390.8</ele><time>2026-06-24T14:36:53Z</time></trkpt>
<trkpt lat="33.0050422" lon="35.2154972"><ele>388.7</ele><time>2026-06-24T14:36:54Z</time></trkpt>
<trkpt lat="33.005042" lon="35.2154973"><ele>386.7</ele><time>2026-06-24T14:36:55Z</time></trkpt>
</trkseg></trk></gpx>