<?xml version="1.0" encoding="UTF-8"?>
<gpx version="1.1" creator="yairron.com route editor" xmlns="http://www.topografix.com/GPX/1/1">
  <trk>
    <name>מסלול חדש</name>
    <trkseg>
      <trkpt lat="32.909257" lon="35.422654"><ele>323.9</ele></trkpt>
      <trkpt lat="32.909074" lon="35.422641"><ele>320.9</ele></trkpt>
      <trkpt lat="32.908930" lon="35.422501"><ele>320.9</ele></trkpt>
      <trkpt lat="32.908832" lon="35.422309"><ele>323.2</ele></trkpt>
      <trkpt lat="32.908785" lon="35.422077"><ele>322.6</ele></trkpt>
      <trkpt lat="32.908691" lon="35.421890"><ele>318.8</ele></trkpt>
      <trkpt lat="32.908616" lon="35.422104"><ele>315.8</ele></trkpt>
      <trkpt lat="32.908432" lon="35.422129"><ele>317.8</ele></trkpt>
      <trkpt lat="32.908380" lon="35.421889"><ele>319.1</ele></trkpt>
      <trkpt lat="32.908392" lon="35.421644"><ele>316.7</ele></trkpt>
      <trkpt lat="32.908440" lon="35.421429"><ele>317.1</ele></trkpt>
      <trkpt lat="32.908504" lon="35.421202"><ele>318.4</ele></trkpt>
      <trkpt lat="32.908604" lon="35.420989"><ele>317.7</ele></trkpt>
      <trkpt lat="32.908712" lon="35.420806"><ele>320.8</ele></trkpt>
      <trkpt lat="32.908811" lon="35.420624"><ele>320.8</ele></trkpt>
      <trkpt lat="32.908952" lon="35.420470"><ele>322.7</ele></trkpt>
      <trkpt lat="32.909110" lon="35.420353"><ele>325.6</ele></trkpt>
      <trkpt lat="32.909258" lon="35.420199"><ele>327.6</ele></trkpt>
      <trkpt lat="32.909365" lon="35.420020"><ele>328.8</ele></trkpt>
      <trkpt lat="32.909196" lon="35.419917"><ele>329.4</ele></trkpt>
      <trkpt lat="32.909010" lon="35.419823"><ele>330.0</ele></trkpt>
      <trkpt lat="32.908831" lon="35.419845"><ele>329.2</ele></trkpt>
      <trkpt lat="32.908620" lon="35.419797"><ele>327.4</ele></trkpt>
      <trkpt lat="32.908464" lon="35.419647"><ele>326.1</ele></trkpt>
      <trkpt lat="32.908268" lon="35.419585"><ele>322.6</ele></trkpt>
      <trkpt lat="32.908103" lon="35.419429"><ele>323.8</ele></trkpt>
      <trkpt lat="32.907955" lon="35.419277"><ele>323.0</ele></trkpt>
      <trkpt lat="32.907827" lon="35.419103"><ele>323.4</ele></trkpt>
      <trkpt lat="32.907691" lon="35.418946"><ele>323.5</ele></trkpt>
      <trkpt lat="32.907529" lon="35.418788"><ele>320.6</ele></trkpt>
      <trkpt lat="32.907423" lon="35.418590"><ele>321.1</ele></trkpt>
      <trkpt lat="32.907305" lon="35.418400"><ele>322.6</ele></trkpt>
      <trkpt lat="32.907191" lon="35.418197"><ele>321.4</ele></trkpt>
      <trkpt lat="32.907165" lon="35.417960"><ele>323.6</ele></trkpt>
      <trkpt lat="32.907063" lon="35.417757"><ele>324.3</ele></trkpt>
      <trkpt lat="32.906968" lon="35.417571"><ele>326.2</ele></trkpt>
      <trkpt lat="32.906900" lon="35.417371"><ele>324.2</ele></trkpt>
      <trkpt lat="32.906755" lon="35.417190"><ele>321.1</ele></trkpt>
      <trkpt lat="32.906627" lon="35.417004"><ele>320.1</ele></trkpt>
      <trkpt lat="32.906535" lon="35.416799"><ele>319.3</ele></trkpt>
      <trkpt lat="32.906420" lon="35.416593"><ele>318.6</ele></trkpt>
      <trkpt lat="32.906359" lon="35.416359"><ele>318.5</ele></trkpt>
      <trkpt lat="32.906351" lon="35.416143"><ele>321.2</ele></trkpt>
      <trkpt lat="32.906286" lon="35.415913"><ele>321.9</ele></trkpt>
      <trkpt lat="32.906230" lon="35.415709"><ele>322.1</ele></trkpt>
      <trkpt lat="32.906120" lon="35.415514"><ele>321.9</ele></trkpt>
      <trkpt lat="32.906051" lon="35.415289"><ele>321.1</ele></trkpt>
      <trkpt lat="32.905967" lon="35.415082"><ele>322.0</ele></trkpt>
      <trkpt lat="32.905792" lon="35.414959"><ele>318.7</ele></trkpt>
      <trkpt lat="32.905698" lon="35.414763"><ele>317.7</ele></trkpt>
      <trkpt lat="32.905612" lon="35.414534"><ele>316.0</ele></trkpt>
      <trkpt lat="32.905495" lon="35.414350"><ele>315.6</ele></trkpt>
      <trkpt lat="32.905464" lon="35.414113"><ele>314.9</ele></trkpt>
      <trkpt lat="32.905396" lon="35.413905"><ele>314.3</ele></trkpt>
      <trkpt lat="32.905343" lon="35.413669"><ele>315.0</ele></trkpt>
      <trkpt lat="32.905315" lon="35.413446"><ele>315.5</ele></trkpt>
      <trkpt lat="32.905248" lon="35.413233"><ele>313.8</ele></trkpt>
      <trkpt lat="32.905291" lon="35.412999"><ele>312.7</ele></trkpt>
      <trkpt lat="32.905358" lon="35.412780"><ele>311.1</ele></trkpt>
      <trkpt lat="32.905446" lon="35.412586"><ele>310.7</ele></trkpt>
      <trkpt lat="32.905587" lon="35.412392"><ele>307.6</ele></trkpt>
      <trkpt lat="32.905777" lon="35.412247"><ele>305.1</ele></trkpt>
      <trkpt lat="32.905996" lon="35.412197"><ele>303.6</ele></trkpt>
      <trkpt lat="32.906223" lon="35.412158"><ele>301.8</ele></trkpt>
      <trkpt lat="32.906404" lon="35.412259"><ele>302.3</ele></trkpt>
      <trkpt lat="32.906582" lon="35.412343"><ele>303.6</ele></trkpt>
      <trkpt lat="32.906768" lon="35.412370"><ele>301.4</ele></trkpt>
      <trkpt lat="32.906945" lon="35.412453"><ele>301.9</ele></trkpt>
      <trkpt lat="32.907121" lon="35.412498"><ele>302.1</ele></trkpt>
      <trkpt lat="32.907340" lon="35.412497"><ele>299.1</ele></trkpt>
      <trkpt lat="32.907541" lon="35.412527"><ele>296.7</ele></trkpt>
      <trkpt lat="32.907749" lon="35.412540"><ele>294.2</ele></trkpt>
      <trkpt lat="32.907937" lon="35.412532"><ele>292.7</ele></trkpt>
      <trkpt lat="32.908161" lon="35.412551"><ele>290.9</ele></trkpt>
      <trkpt lat="32.908360" lon="35.412594"><ele>291.3</ele></trkpt>
      <trkpt lat="32.908539" lon="35.412699"><ele>293.0</ele></trkpt>
      <trkpt lat="32.908733" lon="35.412819"><ele>291.7</ele></trkpt>
      <trkpt lat="32.908935" lon="35.412892"><ele>293.4</ele></trkpt>
      <trkpt lat="32.909136" lon="35.412935"><ele>292.0</ele></trkpt>
      <trkpt lat="32.909350" lon="35.412987"><ele>293.2</ele></trkpt>
      <trkpt lat="32.909467" lon="35.413149"><ele>294.7</ele></trkpt>
      <trkpt lat="32.909602" lon="35.413302"><ele>295.1</ele></trkpt>
      <trkpt lat="32.909779" lon="35.413387"><ele>295.0</ele></trkpt>
      <trkpt lat="32.909958" lon="35.413452"><ele>295.5</ele></trkpt>
      <trkpt lat="32.910147" lon="35.413461"><ele>295.0</ele></trkpt>
      <trkpt lat="32.910356" lon="35.413422"><ele>294.3</ele></trkpt>
      <trkpt lat="32.910558" lon="35.413500"><ele>294.8</ele></trkpt>
      <trkpt lat="32.910759" lon="35.413578"><ele>288.4</ele></trkpt>
      <trkpt lat="32.910956" lon="35.413610"><ele>287.5</ele></trkpt>
      <trkpt lat="32.911139" lon="35.413693"><ele>287.6</ele></trkpt>
      <trkpt lat="32.911301" lon="35.413791"><ele>285.7</ele></trkpt>
      <trkpt lat="32.911412" lon="35.413973"><ele>284.1</ele></trkpt>
      <trkpt lat="32.911550" lon="35.414146"><ele>287.3</ele></trkpt>
      <trkpt lat="32.911630" lon="35.414348"><ele>289.1</ele></trkpt>
      <trkpt lat="32.911698" lon="35.414549"><ele>290.2</ele></trkpt>
      <trkpt lat="32.911800" lon="35.414753"><ele>287.1</ele></trkpt>
      <trkpt lat="32.911894" lon="35.414979"><ele>286.1</ele></trkpt>
      <trkpt lat="32.911937" lon="35.415197"><ele>288.3</ele></trkpt>
      <trkpt lat="32.911925" lon="35.415428"><ele>290.6</ele></trkpt>
      <trkpt lat="32.911943" lon="35.415666"><ele>291.9</ele></trkpt>
      <trkpt lat="32.911950" lon="35.415920"><ele>291.8</ele></trkpt>
      <trkpt lat="32.911965" lon="35.416134"><ele>293.3</ele></trkpt>
      <trkpt lat="32.911983" lon="35.416357"><ele>293.4</ele></trkpt>
      <trkpt lat="32.911977" lon="35.416574"><ele>293.5</ele></trkpt>
      <trkpt lat="32.911875" lon="35.416784"><ele>292.2</ele></trkpt>
      <trkpt lat="32.911861" lon="35.417029"><ele>292.7</ele></trkpt>
      <trkpt lat="32.911839" lon="35.417270"><ele>296.0</ele></trkpt>
      <trkpt lat="32.911759" lon="35.417486"><ele>297.5</ele></trkpt>
      <trkpt lat="32.911728" lon="35.417730"><ele>295.2</ele></trkpt>
      <trkpt lat="32.911717" lon="35.417953"><ele>297.3</ele></trkpt>
      <trkpt lat="32.911598" lon="35.418146"><ele>296.7</ele></trkpt>
      <trkpt lat="32.911567" lon="35.418372"><ele>298.9</ele></trkpt>
      <trkpt lat="32.911518" lon="35.418619"><ele>298.0</ele></trkpt>
      <trkpt lat="32.911460" lon="35.418844"><ele>297.3</ele></trkpt>
      <trkpt lat="32.911435" lon="35.419057"><ele>297.1</ele></trkpt>
      <trkpt lat="32.911322" lon="35.419252"><ele>297.5</ele></trkpt>
      <trkpt lat="32.911242" lon="35.419450"><ele>296.9</ele></trkpt>
      <trkpt lat="32.911106" lon="35.419628"><ele>297.5</ele></trkpt>
      <trkpt lat="32.910977" lon="35.419820"><ele>300.1</ele></trkpt>
      <trkpt lat="32.910826" lon="35.419982"><ele>301.4</ele></trkpt>
      <trkpt lat="32.910683" lon="35.420148"><ele>302.8</ele></trkpt>
      <trkpt lat="32.910541" lon="35.420303"><ele>308.9</ele></trkpt>
      <trkpt lat="32.910428" lon="35.420482"><ele>310.2</ele></trkpt>
      <trkpt lat="32.910295" lon="35.420641"><ele>310.5</ele></trkpt>
      <trkpt lat="32.910216" lon="35.420841"><ele>312.7</ele></trkpt>
      <trkpt lat="32.910154" lon="35.421055"><ele>314.1</ele></trkpt>
      <trkpt lat="32.910209" lon="35.421270"><ele>314.0</ele></trkpt>
      <trkpt lat="32.910120" lon="35.421459"><ele>315.7</ele></trkpt>
      <trkpt lat="32.910235" lon="35.421636"><ele>315.1</ele></trkpt>
      <trkpt lat="32.910389" lon="35.421786"><ele>319.1</ele></trkpt>
      <trkpt lat="32.910544" lon="35.421919"><ele>316.7</ele></trkpt>
      <trkpt lat="32.910679" lon="35.422083"><ele>317.9</ele></trkpt>
      <trkpt lat="32.910842" lon="35.422191"><ele>319.4</ele></trkpt>
      <trkpt lat="32.911025" lon="35.422280"><ele>319.6</ele></trkpt>
      <trkpt lat="32.911189" lon="35.422377"><ele>320.5</ele></trkpt>
      <trkpt lat="32.911369" lon="35.422410"><ele>321.5</ele></trkpt>
      <trkpt lat="32.911220" lon="35.422562"><ele>324.4</ele></trkpt>
      <trkpt lat="32.911277" lon="35.422769"><ele>327.4</ele></trkpt>
      <trkpt lat="32.911455" lon="35.422841"><ele>329.8</ele></trkpt>
      <trkpt lat="32.911644" lon="35.422834"><ele>331.6</ele></trkpt>
      <trkpt lat="32.911837" lon="35.422791"><ele>332.3</ele></trkpt>
      <trkpt lat="32.911685" lon="35.422927"><ele>333.3</ele></trkpt>
      <trkpt lat="32.911521" lon="35.423022"><ele>333.6</ele></trkpt>
      <trkpt lat="32.911362" lon="35.423122"><ele>334.7</ele></trkpt>
      <trkpt lat="32.911165" lon="35.423125"><ele>335.2</ele></trkpt>
      <trkpt lat="32.910988" lon="35.423170"><ele>336.6</ele></trkpt>
      <trkpt lat="32.910840" lon="35.423332"><ele>338.6</ele></trkpt>
      <trkpt lat="32.910780" lon="35.423538"><ele>338.8</ele></trkpt>
      <trkpt lat="32.910786" lon="35.423760"><ele>339.1</ele></trkpt>
      <trkpt lat="32.910840" lon="35.423997"><ele>337.7</ele></trkpt>
      <trkpt lat="32.910894" lon="35.424218"><ele>336.4</ele></trkpt>
      <trkpt lat="32.911021" lon="35.424418"><ele>336.5</ele></trkpt>
      <trkpt lat="32.911168" lon="35.424600"><ele>335.0</ele></trkpt>
      <trkpt lat="32.911263" lon="35.424786"><ele>334.3</ele></trkpt>
      <trkpt lat="32.911343" lon="35.424997"><ele>334.5</ele></trkpt>
      <trkpt lat="32.911237" lon="35.425200"><ele>333.3</ele></trkpt>
      <trkpt lat="32.911208" lon="35.425454"><ele>330.3</ele></trkpt>
      <trkpt lat="32.911246" lon="35.425680"><ele>329.6</ele></trkpt>
      <trkpt lat="32.911291" lon="35.425888"><ele>327.8</ele></trkpt>
      <trkpt lat="32.911354" lon="35.426101"><ele>328.1</ele></trkpt>
      <trkpt lat="32.911262" lon="35.426307"><ele>327.8</ele></trkpt>
      <trkpt lat="32.911304" lon="35.426518"><ele>325.2</ele></trkpt>
      <trkpt lat="32.911360" lon="35.426736"><ele>325.6</ele></trkpt>
      <trkpt lat="32.911392" lon="35.426994"><ele>324.6</ele></trkpt>
      <trkpt lat="32.911329" lon="35.427251"><ele>323.5</ele></trkpt>
      <trkpt lat="32.911232" lon="35.427461"><ele>322.6</ele></trkpt>
      <trkpt lat="32.911182" lon="35.427672"><ele>319.8</ele></trkpt>
      <trkpt lat="32.911189" lon="35.427931"><ele>320.9</ele></trkpt>
      <trkpt lat="32.911161" lon="35.428158"><ele>320.8</ele></trkpt>
      <trkpt lat="32.911268" lon="35.428385"><ele>320.5</ele></trkpt>
      <trkpt lat="32.911459" lon="35.428467"><ele>323.4</ele></trkpt>
      <trkpt lat="32.911593" lon="35.428612"><ele>321.7</ele></trkpt>
      <trkpt lat="32.911776" lon="35.428697"><ele>319.4</ele></trkpt>
      <trkpt lat="32.911953" lon="35.428777"><ele>322.0</ele></trkpt>
      <trkpt lat="32.911861" lon="35.428589"><ele>327.0</ele></trkpt>
      <trkpt lat="32.911981" lon="35.428428"><ele>327.7</ele></trkpt>
      <trkpt lat="32.912172" lon="35.428414"><ele>329.1</ele></trkpt>
      <trkpt lat="32.912357" lon="35.428371"><ele>332.2</ele></trkpt>
      <trkpt lat="32.912542" lon="35.428280"><ele>332.1</ele></trkpt>
      <trkpt lat="32.912729" lon="35.428249"><ele>335.9</ele></trkpt>
      <trkpt lat="32.912930" lon="35.428322"><ele>341.0</ele></trkpt>
      <trkpt lat="32.913107" lon="35.428457"><ele>332.5</ele></trkpt>
      <trkpt lat="32.913301" lon="35.428507"><ele>328.8</ele></trkpt>
      <trkpt lat="32.913485" lon="35.428510"><ele>327.6</ele></trkpt>
      <trkpt lat="32.913674" lon="35.428542"><ele>328.4</ele></trkpt>
      <trkpt lat="32.913876" lon="35.428545"><ele>327.9</ele></trkpt>
      <trkpt lat="32.914066" lon="35.428582"><ele>331.3</ele></trkpt>
      <trkpt lat="32.914247" lon="35.428547"><ele>330.9</ele></trkpt>
      <trkpt lat="32.914431" lon="35.428529"><ele>332.8</ele></trkpt>
      <trkpt lat="32.914555" lon="35.428690"><ele>334.6</ele></trkpt>
      <trkpt lat="32.914735" lon="35.428745"><ele>333.8</ele></trkpt>
      <trkpt lat="32.914894" lon="35.428857"><ele>330.3</ele></trkpt>
      <trkpt lat="32.915048" lon="35.429001"><ele>327.9</ele></trkpt>
      <trkpt lat="32.915219" lon="35.429096"><ele>326.7</ele></trkpt>
      <trkpt lat="32.915393" lon="35.428973"><ele>328.7</ele></trkpt>
      <trkpt lat="32.915589" lon="35.429010"><ele>327.4</ele></trkpt>
      <trkpt lat="32.915788" lon="35.429022"><ele>330.0</ele></trkpt>
      <trkpt lat="32.915981" lon="35.428991"><ele>332.7</ele></trkpt>
      <trkpt lat="32.916165" lon="35.428968"><ele>333.5</ele></trkpt>
      <trkpt lat="32.916373" lon="35.428974"><ele>334.0</ele></trkpt>
      <trkpt lat="32.916573" lon="35.428971"><ele>333.6</ele></trkpt>
      <trkpt lat="32.916757" lon="35.428878"><ele>333.7</ele></trkpt>
      <trkpt lat="32.916941" lon="35.428782"><ele>335.4</ele></trkpt>
      <trkpt lat="32.916956" lon="35.428566"><ele>340.5</ele></trkpt>
      <trkpt lat="32.917133" lon="35.428496"><ele>331.2</ele></trkpt>
      <trkpt lat="32.917244" lon="35.428314"><ele>337.1</ele></trkpt>
      <trkpt lat="32.917386" lon="35.428170"><ele>342.8</ele></trkpt>
      <trkpt lat="32.917493" lon="35.427988"><ele>344.4</ele></trkpt>
      <trkpt lat="32.917602" lon="35.427799"><ele>343.2</ele></trkpt>
      <trkpt lat="32.917701" lon="35.427614"><ele>345.9</ele></trkpt>
      <trkpt lat="32.917756" lon="35.427392"><ele>344.6</ele></trkpt>
      <trkpt lat="32.917856" lon="35.427195"><ele>344.4</ele></trkpt>
      <trkpt lat="32.917900" lon="35.426955"><ele>342.7</ele></trkpt>
      <trkpt lat="32.917857" lon="35.426724"><ele>343.0</ele></trkpt>
      <trkpt lat="32.917884" lon="35.426501"><ele>342.1</ele></trkpt>
      <trkpt lat="32.917936" lon="35.426283"><ele>341.4</ele></trkpt>
      <trkpt lat="32.917924" lon="35.426048"><ele>345.4</ele></trkpt>
      <trkpt lat="32.917863" lon="35.425836"><ele>345.8</ele></trkpt>
      <trkpt lat="32.917781" lon="35.425604"><ele>345.1</ele></trkpt>
      <trkpt lat="32.917695" lon="35.425397"><ele>345.4</ele></trkpt>
      <trkpt lat="32.917586" lon="35.425225"><ele>345.9</ele></trkpt>
      <trkpt lat="32.917669" lon="35.425021"><ele>342.5</ele></trkpt>
      <trkpt lat="32.917818" lon="35.424869"><ele>342.4</ele></trkpt>
      <trkpt lat="32.917933" lon="35.424665"><ele>341.8</ele></trkpt>
      <trkpt lat="32.918108" lon="35.424566"><ele>336.9</ele></trkpt>
      <trkpt lat="32.918276" lon="35.424463"><ele>338.5</ele></trkpt>
      <trkpt lat="32.918445" lon="35.424357"><ele>344.8</ele></trkpt>
      <trkpt lat="32.918604" lon="35.424210"><ele>346.4</ele></trkpt>
      <trkpt lat="32.918738" lon="35.424005"><ele>346.3</ele></trkpt>
      <trkpt lat="32.918865" lon="35.423851"><ele>343.6</ele></trkpt>
      <trkpt lat="32.918984" lon="35.423661"><ele>342.6</ele></trkpt>
      <trkpt lat="32.919150" lon="35.423543"><ele>338.8</ele></trkpt>
      <trkpt lat="32.919306" lon="35.423392"><ele>332.8</ele></trkpt>
      <trkpt lat="32.919400" lon="35.423126"><ele>332.9</ele></trkpt>
      <trkpt lat="32.919455" lon="35.422903"><ele>330.4</ele></trkpt>
      <trkpt lat="32.919433" lon="35.422670"><ele>328.3</ele></trkpt>
      <trkpt lat="32.919369" lon="35.422451"><ele>332.3</ele></trkpt>
      <trkpt lat="32.919365" lon="35.422215"><ele>333.5</ele></trkpt>
      <trkpt lat="32.919295" lon="35.421996"><ele>332.9</ele></trkpt>
      <trkpt lat="32.919231" lon="35.421754"><ele>335.0</ele></trkpt>
      <trkpt lat="32.919174" lon="35.421485"><ele>335.8</ele></trkpt>
      <trkpt lat="32.919136" lon="35.421258"><ele>335.0</ele></trkpt>
      <trkpt lat="32.919089" lon="35.421049"><ele>333.8</ele></trkpt>
      <trkpt lat="32.919030" lon="35.420798"><ele>331.7</ele></trkpt>
      <trkpt lat="32.919026" lon="35.420572"><ele>332.6</ele></trkpt>
      <trkpt lat="32.918995" lon="35.420324"><ele>331.3</ele></trkpt>
      <trkpt lat="32.918934" lon="35.420099"><ele>330.9</ele></trkpt>
      <trkpt lat="32.918910" lon="35.419872"><ele>331.4</ele></trkpt>
      <trkpt lat="32.918829" lon="35.419676"><ele>329.8</ele></trkpt>
      <trkpt lat="32.918678" lon="35.419515"><ele>332.8</ele></trkpt>
      <trkpt lat="32.918484" lon="35.419437"><ele>331.3</ele></trkpt>
      <trkpt lat="32.918303" lon="35.419375"><ele>330.8</ele></trkpt>
      <trkpt lat="32.918137" lon="35.419266"><ele>333.2</ele></trkpt>
      <trkpt lat="32.917965" lon="35.419177"><ele>334.9</ele></trkpt>
      <trkpt lat="32.917818" lon="35.418990"><ele>332.5</ele></trkpt>
      <trkpt lat="32.917658" lon="35.418857"><ele>330.8</ele></trkpt>
      <trkpt lat="32.917504" lon="35.418732"><ele>333.2</ele></trkpt>
      <trkpt lat="32.917325" lon="35.418631"><ele>333.2</ele></trkpt>
      <trkpt lat="32.917143" lon="35.418566"><ele>334.0</ele></trkpt>
      <trkpt lat="32.916955" lon="35.418459"><ele>332.3</ele></trkpt>
      <trkpt lat="32.916769" lon="35.418439"><ele>331.1</ele></trkpt>
      <trkpt lat="32.916585" lon="35.418418"><ele>331.8</ele></trkpt>
      <trkpt lat="32.916401" lon="35.418407"><ele>331.9</ele></trkpt>
      <trkpt lat="32.916203" lon="35.418352"><ele>332.9</ele></trkpt>
      <trkpt lat="32.916286" lon="35.418133"><ele>326.7</ele></trkpt>
      <trkpt lat="32.916486" lon="35.418089"><ele>326.2</ele></trkpt>
      <trkpt lat="32.916675" lon="35.418141"><ele>327.2</ele></trkpt>
      <trkpt lat="32.916858" lon="35.418182"><ele>325.9</ele></trkpt>
      <trkpt lat="32.917043" lon="35.418236"><ele>326.0</ele></trkpt>
      <trkpt lat="32.917232" lon="35.418290"><ele>323.7</ele></trkpt>
      <trkpt lat="32.917421" lon="35.418388"><ele>323.5</ele></trkpt>
      <trkpt lat="32.917603" lon="35.418503"><ele>326.0</ele></trkpt>
      <trkpt lat="32.917800" lon="35.418607"><ele>329.2</ele></trkpt>
      <trkpt lat="32.917960" lon="35.418742"><ele>328.5</ele></trkpt>
      <trkpt lat="32.918120" lon="35.418876"><ele>330.0</ele></trkpt>
      <trkpt lat="32.918290" lon="35.419006"><ele>327.7</ele></trkpt>
      <trkpt lat="32.918472" lon="35.419088"><ele>327.2</ele></trkpt>
      <trkpt lat="32.918616" lon="35.419252"><ele>328.7</ele></trkpt>
      <trkpt lat="32.918756" lon="35.419418"><ele>331.9</ele></trkpt>
      <trkpt lat="32.918912" lon="35.419563"><ele>332.1</ele></trkpt>
      <trkpt lat="32.919028" lon="35.419738"><ele>328.8</ele></trkpt>
      <trkpt lat="32.919137" lon="35.419914"><ele>327.6</ele></trkpt>
      <trkpt lat="32.919195" lon="35.420132"><ele>327.3</ele></trkpt>
      <trkpt lat="32.919198" lon="35.420353"><ele>328.2</ele></trkpt>
      <trkpt lat="32.919246" lon="35.420573"><ele>326.6</ele></trkpt>
      <trkpt lat="32.919317" lon="35.420773"><ele>328.7</ele></trkpt>
      <trkpt lat="32.919381" lon="35.421000"><ele>327.9</ele></trkpt>
      <trkpt lat="32.919469" lon="35.421207"><ele>328.1</ele></trkpt>
      <trkpt lat="32.919558" lon="35.421394"><ele>327.3</ele></trkpt>
      <trkpt lat="32.919612" lon="35.421633"><ele>327.6</ele></trkpt>
      <trkpt lat="32.919643" lon="35.421880"><ele>325.5</ele></trkpt>
      <trkpt lat="32.919670" lon="35.422105"><ele>326.8</ele></trkpt>
      <trkpt lat="32.919728" lon="35.422335"><ele>327.7</ele></trkpt>
      <trkpt lat="32.919719" lon="35.422562"><ele>328.2</ele></trkpt>
      <trkpt lat="32.919675" lon="35.422801"><ele>327.8</ele></trkpt>
      <trkpt lat="32.919622" lon="35.423052"><ele>327.8</ele></trkpt>
      <trkpt lat="32.919575" lon="35.423277"><ele>326.8</ele></trkpt>
      <trkpt lat="32.919500" lon="35.423506"><ele>327.8</ele></trkpt>
      <trkpt lat="32.919443" lon="35.423746"><ele>325.7</ele></trkpt>
      <trkpt lat="32.919338" lon="35.423961"><ele>327.2</ele></trkpt>
      <trkpt lat="32.919239" lon="35.424183"><ele>327.8</ele></trkpt>
      <trkpt lat="32.919194" lon="35.424435"><ele>326.4</ele></trkpt>
      <trkpt lat="32.919134" lon="35.424650"><ele>327.2</ele></trkpt>
      <trkpt lat="32.919316" lon="35.424739"><ele>324.5</ele></trkpt>
      <trkpt lat="32.919505" lon="35.424780"><ele>323.1</ele></trkpt>
      <trkpt lat="32.919719" lon="35.424849"><ele>320.0</ele></trkpt>
      <trkpt lat="32.919925" lon="35.424870"><ele>318.2</ele></trkpt>
      <trkpt lat="32.920028" lon="35.425049"><ele>316.9</ele></trkpt>
      <trkpt lat="32.919968" lon="35.425263"><ele>316.4</ele></trkpt>
      <trkpt lat="32.919903" lon="35.425493"><ele>319.0</ele></trkpt>
      <trkpt lat="32.919813" lon="35.425687"><ele>318.7</ele></trkpt>
      <trkpt lat="32.919753" lon="35.425917"><ele>320.5</ele></trkpt>
      <trkpt lat="32.919706" lon="35.426150"><ele>320.6</ele></trkpt>
      <trkpt lat="32.919633" lon="35.426350"><ele>323.3</ele></trkpt>
      <trkpt lat="32.919537" lon="35.426538"><ele>323.1</ele></trkpt>
      <trkpt lat="32.919427" lon="35.426741"><ele>323.5</ele></trkpt>
      <trkpt lat="32.919312" lon="35.426927"><ele>324.2</ele></trkpt>
      <trkpt lat="32.919186" lon="35.427113"><ele>325.2</ele></trkpt>
      <trkpt lat="32.919071" lon="35.427294"><ele>323.5</ele></trkpt>
      <trkpt lat="32.918936" lon="35.427468"><ele>322.1</ele></trkpt>
      <trkpt lat="32.918905" lon="35.427726"><ele>323.3</ele></trkpt>
      <trkpt lat="32.918767" lon="35.427867"><ele>323.1</ele></trkpt>
      <trkpt lat="32.918656" lon="35.428061"><ele>323.1</ele></trkpt>
      <trkpt lat="32.918667" lon="35.428283"><ele>325.4</ele></trkpt>
      <trkpt lat="32.918552" lon="35.428455"><ele>326.6</ele></trkpt>
      <trkpt lat="32.918479" lon="35.428671"><ele>323.3</ele></trkpt>
      <trkpt lat="32.918370" lon="35.428860"><ele>323.8</ele></trkpt>
      <trkpt lat="32.918242" lon="35.429017"><ele>318.5</ele></trkpt>
      <trkpt lat="32.918192" lon="35.429233"><ele>317.1</ele></trkpt>
      <trkpt lat="32.918147" lon="35.429466"><ele>315.6</ele></trkpt>
      <trkpt lat="32.918033" lon="35.429641"><ele>315.1</ele></trkpt>
      <trkpt lat="32.917880" lon="35.429779"><ele>316.8</ele></trkpt>
      <trkpt lat="32.917757" lon="35.429982"><ele>317.5</ele></trkpt>
      <trkpt lat="32.917610" lon="35.430143"><ele>315.4</ele></trkpt>
      <trkpt lat="32.917439" lon="35.430242"><ele>310.5</ele></trkpt>
      <trkpt lat="32.917279" lon="35.430380"><ele>306.4</ele></trkpt>
      <trkpt lat="32.917224" lon="35.430627"><ele>307.6</ele></trkpt>
      <trkpt lat="32.917189" lon="35.430857"><ele>307.0</ele></trkpt>
      <trkpt lat="32.917121" lon="35.431069"><ele>304.8</ele></trkpt>
      <trkpt lat="32.916972" lon="35.431248"><ele>299.2</ele></trkpt>
      <trkpt lat="32.916911" lon="35.431459"><ele>300.6</ele></trkpt>
      <trkpt lat="32.916836" lon="35.431684"><ele>302.4</ele></trkpt>
      <trkpt lat="32.916682" lon="35.431855"><ele>307.4</ele></trkpt>
      <trkpt lat="32.916545" lon="35.432058"><ele>301.4</ele></trkpt>
      <trkpt lat="32.916445" lon="35.432281"><ele>295.5</ele></trkpt>
      <trkpt lat="32.916437" lon="35.432505"><ele>294.6</ele></trkpt>
      <trkpt lat="32.916519" lon="35.432717"><ele>292.8</ele></trkpt>
      <trkpt lat="32.916483" lon="35.432950"><ele>293.1</ele></trkpt>
      <trkpt lat="32.916374" lon="35.433184"><ele>293.8</ele></trkpt>
      <trkpt lat="32.916237" lon="35.433391"><ele>291.1</ele></trkpt>
      <trkpt lat="32.916063" lon="35.433554"><ele>289.9</ele></trkpt>
      <trkpt lat="32.915891" lon="35.433713"><ele>291.4</ele></trkpt>
      <trkpt lat="32.915707" lon="35.433827"><ele>288.6</ele></trkpt>
      <trkpt lat="32.915530" lon="35.433893"><ele>285.9</ele></trkpt>
      <trkpt lat="32.915350" lon="35.434015"><ele>284.8</ele></trkpt>
      <trkpt lat="32.915256" lon="35.434223"><ele>284.8</ele></trkpt>
      <trkpt lat="32.915139" lon="35.434434"><ele>282.7</ele></trkpt>
      <trkpt lat="32.914948" lon="35.434561"><ele>282.2</ele></trkpt>
      <trkpt lat="32.914793" lon="35.434699"><ele>281.0</ele></trkpt>
      <trkpt lat="32.914624" lon="35.434828"><ele>280.6</ele></trkpt>
      <trkpt lat="32.914469" lon="35.434969"><ele>278.9</ele></trkpt>
      <trkpt lat="32.914309" lon="35.435136"><ele>276.5</ele></trkpt>
      <trkpt lat="32.914165" lon="35.435305"><ele>275.8</ele></trkpt>
      <trkpt lat="32.913972" lon="35.435310"><ele>280.6</ele></trkpt>
      <trkpt lat="32.913789" lon="35.435227"><ele>283.0</ele></trkpt>
      <trkpt lat="32.913623" lon="35.435122"><ele>282.7</ele></trkpt>
      <trkpt lat="32.913461" lon="35.434963"><ele>283.6</ele></trkpt>
      <trkpt lat="32.913278" lon="35.434914"><ele>311.7</ele></trkpt>
      <trkpt lat="32.913105" lon="35.434845"><ele>314.7</ele></trkpt>
      <trkpt lat="32.912908" lon="35.434855"><ele>302.3</ele></trkpt>
      <trkpt lat="32.912718" lon="35.434869"><ele>307.8</ele></trkpt>
      <trkpt lat="32.912529" lon="35.434879"><ele>301.0</ele></trkpt>
      <trkpt lat="32.912342" lon="35.434872"><ele>309.9</ele></trkpt>
      <trkpt lat="32.912191" lon="35.435010"><ele>311.7</ele></trkpt>
      <trkpt lat="32.912289" lon="35.435203"><ele>304.4</ele></trkpt>
      <trkpt lat="32.912453" lon="35.435310"><ele>297.3</ele></trkpt>
      <trkpt lat="32.912541" lon="35.435526"><ele>296.4</ele></trkpt>
      <trkpt lat="32.912630" lon="35.435720"><ele>291.6</ele></trkpt>
      <trkpt lat="32.912637" lon="35.435942"><ele>292.8</ele></trkpt>
      <trkpt lat="32.912500" lon="35.436102"><ele>291.8</ele></trkpt>
      <trkpt lat="32.912386" lon="35.436293"><ele>288.4</ele></trkpt>
      <trkpt lat="32.912214" lon="35.436370"><ele>281.3</ele></trkpt>
      <trkpt lat="32.912024" lon="35.436449"><ele>289.2</ele></trkpt>
      <trkpt lat="32.911854" lon="35.436322"><ele>293.2</ele></trkpt>
      <trkpt lat="32.911675" lon="35.436167"><ele>281.5</ele></trkpt>
      <trkpt lat="32.911535" lon="35.436025"><ele>290.9</ele></trkpt>
      <trkpt lat="32.911430" lon="35.435819"><ele>295.1</ele></trkpt>
      <trkpt lat="32.911264" lon="35.435704"><ele>297.0</ele></trkpt>
      <trkpt lat="32.911098" lon="35.435603"><ele>298.2</ele></trkpt>
      <trkpt lat="32.910911" lon="35.435500"><ele>298.6</ele></trkpt>
      <trkpt lat="32.910741" lon="35.435397"><ele>299.1</ele></trkpt>
      <trkpt lat="32.910557" lon="35.435280"><ele>300.2</ele></trkpt>
      <trkpt lat="32.910388" lon="35.435177"><ele>300.6</ele></trkpt>
      <trkpt lat="32.910211" lon="35.435063"><ele>302.5</ele></trkpt>
      <trkpt lat="32.910038" lon="35.434989"><ele>302.7</ele></trkpt>
      <trkpt lat="32.909851" lon="35.434979"><ele>303.1</ele></trkpt>
      <trkpt lat="32.909748" lon="35.435174"><ele>304.1</ele></trkpt>
      <trkpt lat="32.909698" lon="35.435403"><ele>305.4</ele></trkpt>
      <trkpt lat="32.909509" lon="35.435392"><ele>308.1</ele></trkpt>
      <trkpt lat="32.909423" lon="35.435186"><ele>309.0</ele></trkpt>
      <trkpt lat="32.909296" lon="35.435031"><ele>308.6</ele></trkpt>
      <trkpt lat="32.909250" lon="35.435244"><ele>310.4</ele></trkpt>
      <trkpt lat="32.909232" lon="35.435463"><ele>312.3</ele></trkpt>
      <trkpt lat="32.909258" lon="35.435699"><ele>314.1</ele></trkpt>
      <trkpt lat="32.909243" lon="35.435917"><ele>313.6</ele></trkpt>
      <trkpt lat="32.909202" lon="35.436144"><ele>313.4</ele></trkpt>
      <trkpt lat="32.909128" lon="35.436350"><ele>314.3</ele></trkpt>
      <trkpt lat="32.909069" lon="35.436560"><ele>317.1</ele></trkpt>
      <trkpt lat="32.908954" lon="35.436745"><ele>319.0</ele></trkpt>
      <trkpt lat="32.908883" lon="35.436960"><ele>318.9</ele></trkpt>
      <trkpt lat="32.908826" lon="35.437178"><ele>317.9</ele></trkpt>
      <trkpt lat="32.908776" lon="35.437420"><ele>318.1</ele></trkpt>
      <trkpt lat="32.908703" lon="35.437642"><ele>318.9</ele></trkpt>
      <trkpt lat="32.908631" lon="35.437857"><ele>318.3</ele></trkpt>
      <trkpt lat="32.908549" lon="35.438048"><ele>317.8</ele></trkpt>
      <trkpt lat="32.908453" lon="35.438234"><ele>317.3</ele></trkpt>
      <trkpt lat="32.908329" lon="35.438417"><ele>316.4</ele></trkpt>
      <trkpt lat="32.908199" lon="35.438569"><ele>318.3</ele></trkpt>
      <trkpt lat="32.908039" lon="35.438677"><ele>319.2</ele></trkpt>
      <trkpt lat="32.907900" lon="35.438822"><ele>319.7</ele></trkpt>
      <trkpt lat="32.907808" lon="35.439030"><ele>317.8</ele></trkpt>
      <trkpt lat="32.907699" lon="35.439226"><ele>317.4</ele></trkpt>
      <trkpt lat="32.907540" lon="35.439351"><ele>318.9</ele></trkpt>
      <trkpt lat="32.907372" lon="35.439475"><ele>320.9</ele></trkpt>
      <trkpt lat="32.907221" lon="35.439608"><ele>322.3</ele></trkpt>
      <trkpt lat="32.907050" lon="35.439706"><ele>324.2</ele></trkpt>
      <trkpt lat="32.906903" lon="35.439834"><ele>322.8</ele></trkpt>
      <trkpt lat="32.906723" lon="35.439850"><ele>323.6</ele></trkpt>
      <trkpt lat="32.906800" lon="35.439653"><ele>324.0</ele></trkpt>
      <trkpt lat="32.906949" lon="35.439517"><ele>325.8</ele></trkpt>
      <trkpt lat="32.907140" lon="35.439446"><ele>325.7</ele></trkpt>
      <trkpt lat="32.907306" lon="35.439319"><ele>325.5</ele></trkpt>
      <trkpt lat="32.907394" lon="35.439113"><ele>326.4</ele></trkpt>
      <trkpt lat="32.907503" lon="35.438917"><ele>324.2</ele></trkpt>
      <trkpt lat="32.907611" lon="35.438738"><ele>324.0</ele></trkpt>
      <trkpt lat="32.907697" lon="35.438547"><ele>327.3</ele></trkpt>
      <trkpt lat="32.907827" lon="35.438370"><ele>327.4</ele></trkpt>
      <trkpt lat="32.907844" lon="35.438139"><ele>325.9</ele></trkpt>
      <trkpt lat="32.907948" lon="35.437945"><ele>329.3</ele></trkpt>
      <trkpt lat="32.908081" lon="35.437790"><ele>331.6</ele></trkpt>
      <trkpt lat="32.908233" lon="35.437666"><ele>332.7</ele></trkpt>
      <trkpt lat="32.908243" lon="35.437438"><ele>334.6</ele></trkpt>
      <trkpt lat="32.908224" lon="35.437203"><ele>334.8</ele></trkpt>
      <trkpt lat="32.908255" lon="35.436981"><ele>334.6</ele></trkpt>
      <trkpt lat="32.908271" lon="35.436757"><ele>335.9</ele></trkpt>
      <trkpt lat="32.908356" lon="35.436547"><ele>335.9</ele></trkpt>
      <trkpt lat="32.908410" lon="35.436333"><ele>333.9</ele></trkpt>
      <trkpt lat="32.908417" lon="35.436095"><ele>334.2</ele></trkpt>
      <trkpt lat="32.908357" lon="35.435864"><ele>334.2</ele></trkpt>
      <trkpt lat="32.908273" lon="35.435631"><ele>331.5</ele></trkpt>
      <trkpt lat="32.908110" lon="35.435528"><ele>332.0</ele></trkpt>
      <trkpt lat="32.908027" lon="35.435300"><ele>333.9</ele></trkpt>
      <trkpt lat="32.907962" lon="35.435080"><ele>334.6</ele></trkpt>
      <trkpt lat="32.907828" lon="35.434934"><ele>333.3</ele></trkpt>
      <trkpt lat="32.907642" lon="35.434854"><ele>331.1</ele></trkpt>
      <trkpt lat="32.907475" lon="35.434751"><ele>334.8</ele></trkpt>
      <trkpt lat="32.907430" lon="35.434536"><ele>337.8</ele></trkpt>
      <trkpt lat="32.907555" lon="35.434347"><ele>337.1</ele></trkpt>
      <trkpt lat="32.907650" lon="35.434119"><ele>332.5</ele></trkpt>
      <trkpt lat="32.907631" lon="35.433889"><ele>334.4</ele></trkpt>
      <trkpt lat="32.907642" lon="35.433655"><ele>334.3</ele></trkpt>
      <trkpt lat="32.907657" lon="35.433428"><ele>332.2</ele></trkpt>
      <trkpt lat="32.907677" lon="35.433198"><ele>330.8</ele></trkpt>
      <trkpt lat="32.907711" lon="35.432981"><ele>331.0</ele></trkpt>
      <trkpt lat="32.907757" lon="35.432757"><ele>332.9</ele></trkpt>
      <trkpt lat="32.907724" lon="35.432517"><ele>334.5</ele></trkpt>
      <trkpt lat="32.907567" lon="35.432374"><ele>333.6</ele></trkpt>
      <trkpt lat="32.907443" lon="35.432195"><ele>332.7</ele></trkpt>
      <trkpt lat="32.907247" lon="35.432186"><ele>331.6</ele></trkpt>
      <trkpt lat="32.907244" lon="35.431959"><ele>333.2</ele></trkpt>
      <trkpt lat="32.907433" lon="35.431927"><ele>332.0</ele></trkpt>
      <trkpt lat="32.907619" lon="35.431952"><ele>330.3</ele></trkpt>
      <trkpt lat="32.907743" lon="35.432119"><ele>329.4</ele></trkpt>
      <trkpt lat="32.907773" lon="35.431887"><ele>327.7</ele></trkpt>
      <trkpt lat="32.907688" lon="35.431679"><ele>327.9</ele></trkpt>
      <trkpt lat="32.907604" lon="35.431449"><ele>327.1</ele></trkpt>
      <trkpt lat="32.907447" lon="35.431341"><ele>326.3</ele></trkpt>
      <trkpt lat="32.907281" lon="35.431256"><ele>323.6</ele></trkpt>
      <trkpt lat="32.907109" lon="35.431344"><ele>320.8</ele></trkpt>
      <trkpt lat="32.906951" lon="35.431474"><ele>321.8</ele></trkpt>
      <trkpt lat="32.906903" lon="35.431243"><ele>317.7</ele></trkpt>
      <trkpt lat="32.907041" lon="35.431057"><ele>315.2</ele></trkpt>
      <trkpt lat="32.907175" lon="35.430911"><ele>314.5</ele></trkpt>
      <trkpt lat="32.906998" lon="35.430865"><ele>312.6</ele></trkpt>
      <trkpt lat="32.906799" lon="35.430905"><ele>311.6</ele></trkpt>
      <trkpt lat="32.906607" lon="35.430952"><ele>312.0</ele></trkpt>
      <trkpt lat="32.906459" lon="35.431114"><ele>311.3</ele></trkpt>
      <trkpt lat="32.906319" lon="35.431275"><ele>312.1</ele></trkpt>
      <trkpt lat="32.906132" lon="35.431293"><ele>309.6</ele></trkpt>
      <trkpt lat="32.906105" lon="35.431069"><ele>308.5</ele></trkpt>
      <trkpt lat="32.906116" lon="35.430853"><ele>306.4</ele></trkpt>
      <trkpt lat="32.906132" lon="35.430602"><ele>304.9</ele></trkpt>
      <trkpt lat="32.906206" lon="35.430364"><ele>304.2</ele></trkpt>
      <trkpt lat="32.906301" lon="35.430168"><ele>308.1</ele></trkpt>
      <trkpt lat="32.906398" lon="35.429978"><ele>309.8</ele></trkpt>
      <trkpt lat="32.906295" lon="35.429771"><ele>310.5</ele></trkpt>
      <trkpt lat="32.906099" lon="35.429711"><ele>310.1</ele></trkpt>
      <trkpt lat="32.905889" lon="35.429680"><ele>311.3</ele></trkpt>
      <trkpt lat="32.905701" lon="35.429693"><ele>311.2</ele></trkpt>
      <trkpt lat="32.905514" lon="35.429722"><ele>313.1</ele></trkpt>
      <trkpt lat="32.905314" lon="35.429710"><ele>314.1</ele></trkpt>
      <trkpt lat="32.905232" lon="35.429500"><ele>316.3</ele></trkpt>
      <trkpt lat="32.905353" lon="35.429331"><ele>317.5</ele></trkpt>
      <trkpt lat="32.905459" lon="35.429137"><ele>318.5</ele></trkpt>
      <trkpt lat="32.905577" lon="35.428946"><ele>319.9</ele></trkpt>
      <trkpt lat="32.905747" lon="35.428794"><ele>320.4</ele></trkpt>
      <trkpt lat="32.905875" lon="35.428604"><ele>321.2</ele></trkpt>
      <trkpt lat="32.905992" lon="35.428432"><ele>323.3</ele></trkpt>
      <trkpt lat="32.906114" lon="35.428262"><ele>320.7</ele></trkpt>
      <trkpt lat="32.906225" lon="35.428056"><ele>321.0</ele></trkpt>
      <trkpt lat="32.906340" lon="35.427861"><ele>322.7</ele></trkpt>
      <trkpt lat="32.906434" lon="35.427651"><ele>320.1</ele></trkpt>
      <trkpt lat="32.906529" lon="35.427427"><ele>319.9</ele></trkpt>
      <trkpt lat="32.906616" lon="35.427232"><ele>320.3</ele></trkpt>
      <trkpt lat="32.906723" lon="35.427032"><ele>321.3</ele></trkpt>
      <trkpt lat="32.906826" lon="35.426855"><ele>323.4</ele></trkpt>
      <trkpt lat="32.906879" lon="35.426646"><ele>324.1</ele></trkpt>
      <trkpt lat="32.907038" lon="35.426466"><ele>324.8</ele></trkpt>
      <trkpt lat="32.907018" lon="35.426241"><ele>327.0</ele></trkpt>
      <trkpt lat="32.906856" lon="35.426124"><ele>327.5</ele></trkpt>
      <trkpt lat="32.906701" lon="35.425980"><ele>331.2</ele></trkpt>
      <trkpt lat="32.906570" lon="35.425826"><ele>331.2</ele></trkpt>
      <trkpt lat="32.906393" lon="35.425731"><ele>330.6</ele></trkpt>
      <trkpt lat="32.906207" lon="35.425681"><ele>332.0</ele></trkpt>
      <trkpt lat="32.906042" lon="35.425570"><ele>333.8</ele></trkpt>
      <trkpt lat="32.905934" lon="35.425390"><ele>334.6</ele></trkpt>
      <trkpt lat="32.905886" lon="35.425172"><ele>333.8</ele></trkpt>
      <trkpt lat="32.905860" lon="35.424960"><ele>337.5</ele></trkpt>
      <trkpt lat="32.905953" lon="35.424776"><ele>333.9</ele></trkpt>
      <trkpt lat="32.905924" lon="35.424552"><ele>334.3</ele></trkpt>
      <trkpt lat="32.905917" lon="35.424324"><ele>334.4</ele></trkpt>
      <trkpt lat="32.905900" lon="35.424092"><ele>334.2</ele></trkpt>
      <trkpt lat="32.905846" lon="35.423882"><ele>334.4</ele></trkpt>
      <trkpt lat="32.905793" lon="35.423672"><ele>333.9</ele></trkpt>
      <trkpt lat="32.905782" lon="35.423457"><ele>330.8</ele></trkpt>
      <trkpt lat="32.905757" lon="35.423230"><ele>333.7</ele></trkpt>
      <trkpt lat="32.905727" lon="35.423016"><ele>330.7</ele></trkpt>
      <trkpt lat="32.905629" lon="35.422810"><ele>327.7</ele></trkpt>
      <trkpt lat="32.905477" lon="35.422675"><ele>326.1</ele></trkpt>
      <trkpt lat="32.905649" lon="35.422602"><ele>320.9</ele></trkpt>
      <trkpt lat="32.905832" lon="35.422642"><ele>320.1</ele></trkpt>
      <trkpt lat="32.905957" lon="35.422827"><ele>318.7</ele></trkpt>
      <trkpt lat="32.906045" lon="35.423041"><ele>320.1</ele></trkpt>
      <trkpt lat="32.906111" lon="35.423265"><ele>324.5</ele></trkpt>
      <trkpt lat="32.906156" lon="35.423483"><ele>325.0</ele></trkpt>
      <trkpt lat="32.906197" lon="35.423696"><ele>327.4</ele></trkpt>
      <trkpt lat="32.906195" lon="35.423913"><ele>326.8</ele></trkpt>
      <trkpt lat="32.906169" lon="35.424148"><ele>327.1</ele></trkpt>
      <trkpt lat="32.906141" lon="35.424379"><ele>327.4</ele></trkpt>
      <trkpt lat="32.906114" lon="35.424599"><ele>329.3</ele></trkpt>
      <trkpt lat="32.906114" lon="35.424821"><ele>329.6</ele></trkpt>
      <trkpt lat="32.906166" lon="35.425063"><ele>331.3</ele></trkpt>
      <trkpt lat="32.906275" lon="35.425235"><ele>330.7</ele></trkpt>
      <trkpt lat="32.906426" lon="35.425424"><ele>329.2</ele></trkpt>
      <trkpt lat="32.906598" lon="35.425521"><ele>326.8</ele></trkpt>
      <trkpt lat="32.906814" lon="35.425590"><ele>326.9</ele></trkpt>
      <trkpt lat="32.906980" lon="35.425672"><ele>326.1</ele></trkpt>
      <trkpt lat="32.907196" lon="35.425751"><ele>324.1</ele></trkpt>
      <trkpt lat="32.907377" lon="35.425827"><ele>322.3</ele></trkpt>
      <trkpt lat="32.907537" lon="35.425934"><ele>320.1</ele></trkpt>
      <trkpt lat="32.907730" lon="35.426030"><ele>314.9</ele></trkpt>
      <trkpt lat="32.907945" lon="35.426071"><ele>314.9</ele></trkpt>
      <trkpt lat="32.908089" lon="35.426214"><ele>313.3</ele></trkpt>
      <trkpt lat="32.908252" lon="35.426341"><ele>312.0</ele></trkpt>
      <trkpt lat="32.908406" lon="35.426474"><ele>310.5</ele></trkpt>
      <trkpt lat="32.908557" lon="35.426620"><ele>310.7</ele></trkpt>
      <trkpt lat="32.908712" lon="35.426779"><ele>310.3</ele></trkpt>
      <trkpt lat="32.908845" lon="35.426930"><ele>312.2</ele></trkpt>
      <trkpt lat="32.908989" lon="35.427120"><ele>311.7</ele></trkpt>
      <trkpt lat="32.909137" lon="35.427305"><ele>312.1</ele></trkpt>
      <trkpt lat="32.909297" lon="35.427443"><ele>311.8</ele></trkpt>
      <trkpt lat="32.909451" lon="35.427613"><ele>312.1</ele></trkpt>
      <trkpt lat="32.909609" lon="35.427754"><ele>312.9</ele></trkpt>
      <trkpt lat="32.909797" lon="35.427913"><ele>313.1</ele></trkpt>
      <trkpt lat="32.909985" lon="35.428056"><ele>311.6</ele></trkpt>
      <trkpt lat="32.910167" lon="35.428186"><ele>312.4</ele></trkpt>
      <trkpt lat="32.910322" lon="35.428332"><ele>312.6</ele></trkpt>
      <trkpt lat="32.910461" lon="35.428482"><ele>314.0</ele></trkpt>
      <trkpt lat="32.910624" lon="35.428598"><ele>314.8</ele></trkpt>
      <trkpt lat="32.910804" lon="35.428613"><ele>315.9</ele></trkpt>
      <trkpt lat="32.910917" lon="35.428436"><ele>318.8</ele></trkpt>
      <trkpt lat="32.911003" lon="35.428247"><ele>319.2</ele></trkpt>
      <trkpt lat="32.911017" lon="35.428017"><ele>321.6</ele></trkpt>
      <trkpt lat="32.910974" lon="35.427808"><ele>321.2</ele></trkpt>
      <trkpt lat="32.910936" lon="35.427596"><ele>321.6</ele></trkpt>
      <trkpt lat="32.910886" lon="35.427361"><ele>321.1</ele></trkpt>
      <trkpt lat="32.910834" lon="35.427128"><ele>322.2</ele></trkpt>
      <trkpt lat="32.910777" lon="35.426920"><ele>323.6</ele></trkpt>
      <trkpt lat="32.910711" lon="35.426696"><ele>324.0</ele></trkpt>
      <trkpt lat="32.910644" lon="35.426496"><ele>324.1</ele></trkpt>
      <trkpt lat="32.910591" lon="35.426281"><ele>325.9</ele></trkpt>
      <trkpt lat="32.910526" lon="35.426050"><ele>324.1</ele></trkpt>
      <trkpt lat="32.910459" lon="35.425836"><ele>325.4</ele></trkpt>
      <trkpt lat="32.910425" lon="35.425605"><ele>324.5</ele></trkpt>
      <trkpt lat="32.910387" lon="35.425390"><ele>325.9</ele></trkpt>
      <trkpt lat="32.910327" lon="35.425148"><ele>325.7</ele></trkpt>
      <trkpt lat="32.910272" lon="35.424906"><ele>323.9</ele></trkpt>
      <trkpt lat="32.910195" lon="35.424703"><ele>325.7</ele></trkpt>
      <trkpt lat="32.910085" lon="35.424504"><ele>324.2</ele></trkpt>
      <trkpt lat="32.909956" lon="35.424335"><ele>325.4</ele></trkpt>
      <trkpt lat="32.909813" lon="35.424147"><ele>324.9</ele></trkpt>
      <trkpt lat="32.909682" lon="35.423944"><ele>323.6</ele></trkpt>
      <trkpt lat="32.909557" lon="35.423734"><ele>323.5</ele></trkpt>
      <trkpt lat="32.909461" lon="35.423511"><ele>323.3</ele></trkpt>
      <trkpt lat="32.909152" lon="35.422605"></trkpt>
      <trkpt lat="32.908709" lon="35.422774"></trkpt>
      <trkpt lat="32.908538" lon="35.422663"></trkpt>
      <trkpt lat="32.908308" lon="35.422159"></trkpt>
      <trkpt lat="32.908247" lon="35.422029"></trkpt>
      <trkpt lat="32.907325" lon="35.421320"></trkpt>
      <trkpt lat="32.907123" lon="35.420919"></trkpt>
      <trkpt lat="32.906780" lon="35.419626"></trkpt>
      <trkpt lat="32.906532" lon="35.419149"></trkpt>
      <trkpt lat="32.906330" lon="35.418645"></trkpt>
      <trkpt lat="32.906244" lon="35.418424"></trkpt>
      <trkpt lat="32.905720" lon="35.417598"></trkpt>
      <trkpt lat="32.905490" lon="35.416713"></trkpt>
      <trkpt lat="32.904280" lon="35.413777"></trkpt>
      <trkpt lat="32.904109" lon="35.412831"></trkpt>
      <trkpt lat="32.904118" lon="35.410496"></trkpt>
      <trkpt lat="32.904577" lon="35.409188"></trkpt>
      <trkpt lat="32.904025" lon="35.409592"></trkpt>
      <trkpt lat="32.903941" lon="35.409721"></trkpt>
      <trkpt lat="32.903780" lon="35.409876"></trkpt>
      <trkpt lat="32.903623" lon="35.410199"></trkpt>
      <trkpt lat="32.903544" lon="35.410336"></trkpt>
      <trkpt lat="32.903442" lon="35.410443"></trkpt>
      <trkpt lat="32.903323" lon="35.410695"></trkpt>
      <trkpt lat="32.903286" lon="35.410757"></trkpt>
      <trkpt lat="32.903230" lon="35.410838"></trkpt>
      <trkpt lat="32.903013" lon="35.410995"></trkpt>
      <trkpt lat="32.902817" lon="35.411099"></trkpt>
      <trkpt lat="32.903249" lon="35.409873"></trkpt>
      <trkpt lat="32.903251" lon="35.409815"></trkpt>
      <trkpt lat="32.903274" lon="35.409744"></trkpt>
      <trkpt lat="32.903373" lon="35.409599"></trkpt>
      <trkpt lat="32.903654" lon="35.409324"></trkpt>
      <trkpt lat="32.903689" lon="35.409299"></trkpt>
      <trkpt lat="32.903733" lon="35.409269"></trkpt>
      <trkpt lat="32.904078" lon="35.408859"></trkpt>
      <trkpt lat="32.904339" lon="35.408527"></trkpt>
      <trkpt lat="32.904775" lon="35.407899"></trkpt>
      <trkpt lat="32.904825" lon="35.407819"></trkpt>
      <trkpt lat="32.905189" lon="35.407243"></trkpt>
      <trkpt lat="32.905415" lon="35.406963"></trkpt>
      <trkpt lat="32.905815" lon="35.406482"></trkpt>
      <trkpt lat="32.905995" lon="35.406261"></trkpt>
      <trkpt lat="32.906399" lon="35.405785"></trkpt>
      <trkpt lat="32.906560" lon="35.405413"></trkpt>
      <trkpt lat="32.906500" lon="35.404937"></trkpt>
      <trkpt lat="32.906488" lon="35.404919"></trkpt>
      <trkpt lat="32.906490" lon="35.404879"></trkpt>
      <trkpt lat="32.906612" lon="35.404718"></trkpt>
      <trkpt lat="32.906670" lon="35.404603"></trkpt>
      <trkpt lat="32.906707" lon="35.404580"></trkpt>
      <trkpt lat="32.906749" lon="35.404526"></trkpt>
      <trkpt lat="32.906799" lon="35.404494"></trkpt>
      <trkpt lat="32.906920" lon="35.404355"></trkpt>
      <trkpt lat="32.907146" lon="35.404241"></trkpt>
      <trkpt lat="32.907308" lon="35.404024"></trkpt>
      <trkpt lat="32.907401" lon="35.403879"></trkpt>
      <trkpt lat="32.907443" lon="35.403742"></trkpt>
      <trkpt lat="32.907477" lon="35.403670"></trkpt>
      <trkpt lat="32.907572" lon="35.403510"></trkpt>
      <trkpt lat="32.907579" lon="35.403477"></trkpt>
      <trkpt lat="32.907639" lon="35.403422"></trkpt>
      <trkpt lat="32.907703" lon="35.403268"></trkpt>
      <trkpt lat="32.907706" lon="35.402968"></trkpt>
      <trkpt lat="32.907629" lon="35.402783"></trkpt>
      <trkpt lat="32.907579" lon="35.402755"></trkpt>
      <trkpt lat="32.907527" lon="35.402752"></trkpt>
      <trkpt lat="32.907511" lon="35.402783"></trkpt>
      <trkpt lat="32.907522" lon="35.402871"></trkpt>
      <trkpt lat="32.907509" lon="35.402970"></trkpt>
      <trkpt lat="32.907449" lon="35.403058"></trkpt>
      <trkpt lat="32.907407" lon="35.403065"></trkpt>
      <trkpt lat="32.907288" lon="35.403034"></trkpt>
      <trkpt lat="32.907223" lon="35.403035"></trkpt>
      <trkpt lat="32.907067" lon="35.402929"></trkpt>
      <trkpt lat="32.907028" lon="35.402737"></trkpt>
      <trkpt lat="32.906975" lon="35.402578"></trkpt>
      <trkpt lat="32.906947" lon="35.402344"></trkpt>
      <trkpt lat="32.906923" lon="35.402310"></trkpt>
      <trkpt lat="32.906873" lon="35.402268"></trkpt>
      <trkpt lat="32.906838" lon="35.402239"></trkpt>
      <trkpt lat="32.906737" lon="35.402209"></trkpt>
      <trkpt lat="32.906714" lon="35.402184"></trkpt>
      <trkpt lat="32.906623" lon="35.402083"></trkpt>
      <trkpt lat="32.906599" lon="35.401974"></trkpt>
      <trkpt lat="32.906594" lon="35.401921"></trkpt>
      <trkpt lat="32.906517" lon="35.401544"></trkpt>
      <trkpt lat="32.906467" lon="35.401457"></trkpt>
      <trkpt lat="32.906402" lon="35.401380"></trkpt>
      <trkpt lat="32.906358" lon="35.401274"></trkpt>
      <trkpt lat="32.906367" lon="35.401144"></trkpt>
      <trkpt lat="32.906372" lon="35.401071"></trkpt>
      <trkpt lat="32.906367" lon="35.401055"></trkpt>
      <trkpt lat="32.906310" lon="35.401113"></trkpt>
      <trkpt lat="32.906292" lon="35.401124"></trkpt>
      <trkpt lat="32.906252" lon="35.401148"></trkpt>
      <trkpt lat="32.906204" lon="35.401210"></trkpt>
      <trkpt lat="32.906171" lon="35.401275"></trkpt>
      <trkpt lat="32.906168" lon="35.401313"></trkpt>
      <trkpt lat="32.906140" lon="35.401361"></trkpt>
      <trkpt lat="32.906115" lon="35.401362"></trkpt>
      <trkpt lat="32.906069" lon="35.401323"></trkpt>
      <trkpt lat="32.906058" lon="35.401296"></trkpt>
      <trkpt lat="32.906024" lon="35.401180"></trkpt>
      <trkpt lat="32.906024" lon="35.401110"></trkpt>
      <trkpt lat="32.906046" lon="35.401059"></trkpt>
      <trkpt lat="32.906090" lon="35.400954"></trkpt>
      <trkpt lat="32.906064" lon="35.400929"></trkpt>
      <trkpt lat="32.906013" lon="35.400906"></trkpt>
      <trkpt lat="32.905968" lon="35.400917"></trkpt>
      <trkpt lat="32.905932" lon="35.400996"></trkpt>
      <trkpt lat="32.905910" lon="35.401019"></trkpt>
      <trkpt lat="32.905885" lon="35.401045"></trkpt>
      <trkpt lat="32.905867" lon="35.401059"></trkpt>
      <trkpt lat="32.905860" lon="35.401086"></trkpt>
      <trkpt lat="32.905856" lon="35.401148"></trkpt>
      <trkpt lat="32.905854" lon="35.401193"></trkpt>
      <trkpt lat="32.905888" lon="35.401325"></trkpt>
      <trkpt lat="32.905952" lon="35.401498"></trkpt>
      <trkpt lat="32.905989" lon="35.401568"></trkpt>
      <trkpt lat="32.906007" lon="35.401651"></trkpt>
      <trkpt lat="32.906057" lon="35.401800"></trkpt>
      <trkpt lat="32.906031" lon="35.402032"></trkpt>
      <trkpt lat="32.906036" lon="35.402220"></trkpt>
      <trkpt lat="32.906003" lon="35.402408"></trkpt>
      <trkpt lat="32.905998" lon="35.402523"></trkpt>
      <trkpt lat="32.906019" lon="35.402732"></trkpt>
      <trkpt lat="32.906031" lon="35.403108"></trkpt>
      <trkpt lat="32.905987" lon="35.403237"></trkpt>
      <trkpt lat="32.905860" lon="35.403411"></trkpt>
      <trkpt lat="32.905712" lon="35.403624"></trkpt>
      <trkpt lat="32.905647" lon="35.403802"></trkpt>
      <trkpt lat="32.905560" lon="35.403962"></trkpt>
      <trkpt lat="32.905383" lon="35.404048"></trkpt>
      <trkpt lat="32.905215" lon="35.404101"></trkpt>
      <trkpt lat="32.905084" lon="35.404181"></trkpt>
      <trkpt lat="32.905061" lon="35.404160"></trkpt>
      <trkpt lat="32.905057" lon="35.404038"></trkpt>
      <trkpt lat="32.905107" lon="35.403796"></trkpt>
      <trkpt lat="32.905200" lon="35.403618"></trkpt>
      <trkpt lat="32.905325" lon="35.403204"></trkpt>
      <trkpt lat="32.905428" lon="35.402996"></trkpt>
      <trkpt lat="32.905460" lon="35.402924"></trkpt>
      <trkpt lat="32.905510" lon="35.402750"></trkpt>
      <trkpt lat="32.905545" lon="35.402574"></trkpt>
      <trkpt lat="32.905558" lon="35.402398"></trkpt>
      <trkpt lat="32.905557" lon="35.402232"></trkpt>
      <trkpt lat="32.905463" lon="35.401981"></trkpt>
      <trkpt lat="32.905369" lon="35.401849"></trkpt>
      <trkpt lat="32.905281" lon="35.401655"></trkpt>
      <trkpt lat="32.905144" lon="35.401471"></trkpt>
      <trkpt lat="32.905087" lon="35.401346"></trkpt>
      <trkpt lat="32.905025" lon="35.401295"></trkpt>
      <trkpt lat="32.904989" lon="35.401238"></trkpt>
      <trkpt lat="32.904974" lon="35.401117"></trkpt>
      <trkpt lat="32.904936" lon="35.401025"></trkpt>
      <trkpt lat="32.904915" lon="35.400998"></trkpt>
      <trkpt lat="32.904887" lon="35.400793"></trkpt>
      <trkpt lat="32.904897" lon="35.400701"></trkpt>
      <trkpt lat="32.905010" lon="35.400454"></trkpt>
      <trkpt lat="32.905054" lon="35.400284"></trkpt>
      <trkpt lat="32.905070" lon="35.400239"></trkpt>
      <trkpt lat="32.905110" lon="35.400130"></trkpt>
      <trkpt lat="32.905153" lon="35.400040"></trkpt>
      <trkpt lat="32.905207" lon="35.399962"></trkpt>
      <trkpt lat="32.905356" lon="35.399833"></trkpt>
      <trkpt lat="32.905430" lon="35.399776"></trkpt>
      <trkpt lat="32.905386" lon="35.399725"></trkpt>
      <trkpt lat="32.905243" lon="35.399709"></trkpt>
      <trkpt lat="32.905166" lon="35.399702"></trkpt>
      <trkpt lat="32.905039" lon="35.399713"></trkpt>
      <trkpt lat="32.905028" lon="35.399731"></trkpt>
      <trkpt lat="32.905007" lon="35.399788"></trkpt>
      <trkpt lat="32.904944" lon="35.399823"></trkpt>
      <trkpt lat="32.904924" lon="35.399815"></trkpt>
      <trkpt lat="32.904920" lon="35.399797"></trkpt>
      <trkpt lat="32.904924" lon="35.399733"></trkpt>
      <trkpt lat="32.904970" lon="35.399547"></trkpt>
      <trkpt lat="32.905044" lon="35.399432"></trkpt>
      <trkpt lat="32.905181" lon="35.399291"></trkpt>
      <trkpt lat="32.905228" lon="35.399234"></trkpt>
      <trkpt lat="32.905270" lon="35.399181"></trkpt>
      <trkpt lat="32.905258" lon="35.399162"></trkpt>
      <trkpt lat="32.905169" lon="35.399176"></trkpt>
      <trkpt lat="32.905102" lon="35.399146"></trkpt>
      <trkpt lat="32.905098" lon="35.399114"></trkpt>
      <trkpt lat="32.905034" lon="35.399150"></trkpt>
      <trkpt lat="32.905016" lon="35.399123"></trkpt>
      <trkpt lat="32.904998" lon="35.399105"></trkpt>
      <trkpt lat="32.904849" lon="35.399164"></trkpt>
      <trkpt lat="32.904813" lon="35.399197"></trkpt>
      <trkpt lat="32.904765" lon="35.399217"></trkpt>
      <trkpt lat="32.904705" lon="35.399268"></trkpt>
      <trkpt lat="32.904682" lon="35.399291"></trkpt>
      <trkpt lat="32.904555" lon="35.399426"></trkpt>
      <trkpt lat="32.904517" lon="35.399463"></trkpt>
      <trkpt lat="32.904457" lon="35.399612"></trkpt>
      <trkpt lat="32.904409" lon="35.399833"></trkpt>
      <trkpt lat="32.904266" lon="35.400173"></trkpt>
      <trkpt lat="32.904212" lon="35.400278"></trkpt>
      <trkpt lat="32.904184" lon="35.400435"></trkpt>
      <trkpt lat="32.904138" lon="35.400597"></trkpt>
      <trkpt lat="32.904135" lon="35.400650"></trkpt>
      <trkpt lat="32.904138" lon="35.400879"></trkpt>
      <trkpt lat="32.904138" lon="35.400976"></trkpt>
      <trkpt lat="32.904224" lon="35.401389"></trkpt>
      <trkpt lat="32.904260" lon="35.401594"></trkpt>
      <trkpt lat="32.904317" lon="35.401829"></trkpt>
      <trkpt lat="32.904281" lon="35.402056"></trkpt>
      <trkpt lat="32.904225" lon="35.402238"></trkpt>
      <trkpt lat="32.904135" lon="35.402455"></trkpt>
      <trkpt lat="32.904043" lon="35.402619"></trkpt>
      <trkpt lat="32.903948" lon="35.402717"></trkpt>
      <trkpt lat="32.903831" lon="35.403051"></trkpt>
      <trkpt lat="32.903810" lon="35.403247"></trkpt>
      <trkpt lat="32.903641" lon="35.403567"></trkpt>
      <trkpt lat="32.903588" lon="35.403702"></trkpt>
      <trkpt lat="32.903478" lon="35.403798"></trkpt>
      <trkpt lat="32.903398" lon="35.403915"></trkpt>
      <trkpt lat="32.903324" lon="35.404128"></trkpt>
      <trkpt lat="32.903168" lon="35.404439"></trkpt>
      <trkpt lat="32.903119" lon="35.404525"></trkpt>
      <trkpt lat="32.902953" lon="35.404715"></trkpt>
      <trkpt lat="32.902838" lon="35.404754"></trkpt>
      <trkpt lat="32.902739" lon="35.404754"></trkpt>
      <trkpt lat="32.902629" lon="35.404793"></trkpt>
      <trkpt lat="32.902588" lon="35.404778"></trkpt>
      <trkpt lat="32.902580" lon="35.404746"></trkpt>
      <trkpt lat="32.902606" lon="35.404686"></trkpt>
      <trkpt lat="32.902685" lon="35.404609"></trkpt>
      <trkpt lat="32.902708" lon="35.404520"></trkpt>
      <trkpt lat="32.902790" lon="35.404420"></trkpt>
      <trkpt lat="32.902856" lon="35.404295"></trkpt>
      <trkpt lat="32.902877" lon="35.404173"></trkpt>
      <trkpt lat="32.902830" lon="35.404185"></trkpt>
      <trkpt lat="32.902621" lon="35.404228"></trkpt>
      <trkpt lat="32.902567" lon="35.404226"></trkpt>
      <trkpt lat="32.902560" lon="35.404203"></trkpt>
      <trkpt lat="32.902648" lon="35.403931"></trkpt>
      <trkpt lat="32.902841" lon="35.403567"></trkpt>
      <trkpt lat="32.902853" lon="35.403552"></trkpt>
      <trkpt lat="32.902923" lon="35.403325"></trkpt>
      <trkpt lat="32.903035" lon="35.403120"></trkpt>
      <trkpt lat="32.903084" lon="35.402924"></trkpt>
      <trkpt lat="32.903109" lon="35.402769"></trkpt>
      <trkpt lat="32.903092" lon="35.402635"></trkpt>
      <trkpt lat="32.903120" lon="35.402571"></trkpt>
      <trkpt lat="32.903174" lon="35.402308"></trkpt>
      <trkpt lat="32.903162" lon="35.402206"></trkpt>
      <trkpt lat="32.903107" lon="35.402101"></trkpt>
      <trkpt lat="32.903083" lon="35.402053"></trkpt>
      <trkpt lat="32.903067" lon="35.402018"></trkpt>
      <trkpt lat="32.903040" lon="35.401960"></trkpt>
      <trkpt lat="32.902961" lon="35.401841"></trkpt>
      <trkpt lat="32.902948" lon="35.401817"></trkpt>
      <trkpt lat="32.902958" lon="35.401753"></trkpt>
      <trkpt lat="32.902935" lon="35.401661"></trkpt>
      <trkpt lat="32.902946" lon="35.401266"></trkpt>
      <trkpt lat="32.902941" lon="35.401168"></trkpt>
      <trkpt lat="32.902951" lon="35.400898"></trkpt>
      <trkpt lat="32.902936" lon="35.400712"></trkpt>
      <trkpt lat="32.903000" lon="35.400380"></trkpt>
      <trkpt lat="32.903037" lon="35.399981"></trkpt>
      <trkpt lat="32.903104" lon="35.399752"></trkpt>
      <trkpt lat="32.903082" lon="35.399275"></trkpt>
      <trkpt lat="32.903086" lon="35.399240"></trkpt>
      <trkpt lat="32.903046" lon="35.399095"></trkpt>
      <trkpt lat="32.903027" lon="35.398939"></trkpt>
      <trkpt lat="32.902963" lon="35.398833"></trkpt>
      <trkpt lat="32.902892" lon="35.398609"></trkpt>
      <trkpt lat="32.902838" lon="35.398339"></trkpt>
      <trkpt lat="32.902803" lon="35.398171"></trkpt>
      <trkpt lat="32.902785" lon="35.398155"></trkpt>
      <trkpt lat="32.902771" lon="35.398144"></trkpt>
      <trkpt lat="32.902682" lon="35.398022"></trkpt>
      <trkpt lat="32.902591" lon="35.397941"></trkpt>
      <trkpt lat="32.902500" lon="35.397914"></trkpt>
      <trkpt lat="32.902497" lon="35.397923"></trkpt>
      <trkpt lat="32.902505" lon="35.397936"></trkpt>
      <trkpt lat="32.902529" lon="35.397957"></trkpt>
      <trkpt lat="32.902577" lon="35.398126"></trkpt>
      <trkpt lat="32.902565" lon="35.398193"></trkpt>
      <trkpt lat="32.902561" lon="35.398267"></trkpt>
      <trkpt lat="32.902577" lon="35.398390"></trkpt>
      <trkpt lat="32.902578" lon="35.398471"></trkpt>
      <trkpt lat="32.902592" lon="35.398570"></trkpt>
      <trkpt lat="32.902604" lon="35.398739"></trkpt>
      <trkpt lat="32.902621" lon="35.399012"></trkpt>
      <trkpt lat="32.902620" lon="35.399038"></trkpt>
      <trkpt lat="32.902630" lon="35.399089"></trkpt>
      <trkpt lat="32.902630" lon="35.399150"></trkpt>
      <trkpt lat="32.902636" lon="35.399198"></trkpt>
      <trkpt lat="32.902633" lon="35.399245"></trkpt>
      <trkpt lat="32.902622" lon="35.399313"></trkpt>
      <trkpt lat="32.902606" lon="35.399406"></trkpt>
      <trkpt lat="32.902570" lon="35.399539"></trkpt>
      <trkpt lat="32.902569" lon="35.399719"></trkpt>
      <trkpt lat="32.902555" lon="35.399867"></trkpt>
      <trkpt lat="32.902548" lon="35.400056"></trkpt>
      <trkpt lat="32.902515" lon="35.400241"></trkpt>
      <trkpt lat="32.902493" lon="35.400432"></trkpt>
      <trkpt lat="32.902473" lon="35.400479"></trkpt>
      <trkpt lat="32.902456" lon="35.400520"></trkpt>
      <trkpt lat="32.902437" lon="35.400522"></trkpt>
      <trkpt lat="32.902430" lon="35.400495"></trkpt>
      <trkpt lat="32.902443" lon="35.400440"></trkpt>
      <trkpt lat="32.902436" lon="35.400389"></trkpt>
      <trkpt lat="32.902414" lon="35.400320"></trkpt>
      <trkpt lat="32.902408" lon="35.400248"></trkpt>
      <trkpt lat="32.902395" lon="35.400200"></trkpt>
      <trkpt lat="32.902434" lon="35.400220"></trkpt>
      <trkpt lat="32.902439" lon="35.400214"></trkpt>
      <trkpt lat="32.902440" lon="35.400091"></trkpt>
      <trkpt lat="32.902442" lon="35.399995"></trkpt>
      <trkpt lat="32.902425" lon="35.399914"></trkpt>
      <trkpt lat="32.902367" lon="35.399628"></trkpt>
      <trkpt lat="32.902345" lon="35.399467"></trkpt>
      <trkpt lat="32.902297" lon="35.399302"></trkpt>
      <trkpt lat="32.902291" lon="35.399282"></trkpt>
      <trkpt lat="32.902246" lon="35.399256"></trkpt>
      <trkpt lat="32.902207" lon="35.399260"></trkpt>
      <trkpt lat="32.902168" lon="35.399300"></trkpt>
      <trkpt lat="32.902171" lon="35.399315"></trkpt>
      <trkpt lat="32.902202" lon="35.399393"></trkpt>
      <trkpt lat="32.902231" lon="35.399514"></trkpt>
      <trkpt lat="32.902215" lon="35.399693"></trkpt>
      <trkpt lat="32.902229" lon="35.399769"></trkpt>
      <trkpt lat="32.902215" lon="35.399864"></trkpt>
      <trkpt lat="32.902183" lon="35.399998"></trkpt>
      <trkpt lat="32.902183" lon="35.400016"></trkpt>
      <trkpt lat="32.902150" lon="35.400149"></trkpt>
      <trkpt lat="32.902118" lon="35.400260"></trkpt>
      <trkpt lat="32.902101" lon="35.400333"></trkpt>
      <trkpt lat="32.902092" lon="35.400431"></trkpt>
      <trkpt lat="32.902081" lon="35.400582"></trkpt>
      <trkpt lat="32.902073" lon="35.400642"></trkpt>
      <trkpt lat="32.902050" lon="35.400813"></trkpt>
      <trkpt lat="32.902048" lon="35.400830"></trkpt>
      <trkpt lat="32.902024" lon="35.400866"></trkpt>
      <trkpt lat="32.902004" lon="35.400895"></trkpt>
      <trkpt lat="32.901980" lon="35.400932"></trkpt>
      <trkpt lat="32.901873" lon="35.400953"></trkpt>
      <trkpt lat="32.901754" lon="35.400929"></trkpt>
      <trkpt lat="32.901726" lon="35.400907"></trkpt>
      <trkpt lat="32.901654" lon="35.400849"></trkpt>
      <trkpt lat="32.901569" lon="35.400782"></trkpt>
      <trkpt lat="32.901513" lon="35.400595"></trkpt>
      <trkpt lat="32.901485" lon="35.400381"></trkpt>
      <trkpt lat="32.901473" lon="35.400293"></trkpt>
      <trkpt lat="32.901440" lon="35.400264"></trkpt>
      <trkpt lat="32.901364" lon="35.400199"></trkpt>
      <trkpt lat="32.901164" lon="35.400161"></trkpt>
      <trkpt lat="32.901032" lon="35.400129"></trkpt>
      <trkpt lat="32.901003" lon="35.400123"></trkpt>
      <trkpt lat="32.900935" lon="35.400102"></trkpt>
      <trkpt lat="32.900892" lon="35.400102"></trkpt>
      <trkpt lat="32.900829" lon="35.400129"></trkpt>
      <trkpt lat="32.900723" lon="35.400222"></trkpt>
      <trkpt lat="32.900570" lon="35.400382"></trkpt>
      <trkpt lat="32.900454" lon="35.400457"></trkpt>
      <trkpt lat="32.900316" lon="35.400564"></trkpt>
      <trkpt lat="32.900289" lon="35.400585"></trkpt>
      <trkpt lat="32.900247" lon="35.400652"></trkpt>
      <trkpt lat="32.900257" lon="35.400664"></trkpt>
      <trkpt lat="32.900309" lon="35.400655"></trkpt>
      <trkpt lat="32.900332" lon="35.400642"></trkpt>
      <trkpt lat="32.900439" lon="35.400650"></trkpt>
      <trkpt lat="32.900568" lon="35.400684"></trkpt>
      <trkpt lat="32.900713" lon="35.400661"></trkpt>
      <trkpt lat="32.900864" lon="35.400621"></trkpt>
      <trkpt lat="32.900904" lon="35.400622"></trkpt>
      <trkpt lat="32.900999" lon="35.400677"></trkpt>
      <trkpt lat="32.901137" lon="35.400885"></trkpt>
      <trkpt lat="32.901188" lon="35.401148"></trkpt>
      <trkpt lat="32.901161" lon="35.401325"></trkpt>
      <trkpt lat="32.901123" lon="35.401392"></trkpt>
      <trkpt lat="32.901136" lon="35.401482"></trkpt>
      <trkpt lat="32.901119" lon="35.401695"></trkpt>
      <trkpt lat="32.901106" lon="35.401799"></trkpt>
      <trkpt lat="32.901103" lon="35.402001"></trkpt>
      <trkpt lat="32.901069" lon="35.402147"></trkpt>
      <trkpt lat="32.900983" lon="35.402395"></trkpt>
      <trkpt lat="32.900916" lon="35.402523"></trkpt>
      <trkpt lat="32.900889" lon="35.402558"></trkpt>
      <trkpt lat="32.900853" lon="35.402603"></trkpt>
      <trkpt lat="32.900814" lon="35.402630"></trkpt>
      <trkpt lat="32.900719" lon="35.402776"></trkpt>
      <trkpt lat="32.900673" lon="35.402854"></trkpt>
      <trkpt lat="32.900619" lon="35.402895"></trkpt>
      <trkpt lat="32.900516" lon="35.402979"></trkpt>
      <trkpt lat="32.900436" lon="35.403072"></trkpt>
      <trkpt lat="32.900392" lon="35.403118"></trkpt>
      <trkpt lat="32.900258" lon="35.403209"></trkpt>
      <trkpt lat="32.900197" lon="35.403187"></trkpt>
      <trkpt lat="32.900149" lon="35.403169"></trkpt>
      <trkpt lat="32.900082" lon="35.403088"></trkpt>
      <trkpt lat="32.900078" lon="35.403060"></trkpt>
      <trkpt lat="32.900104" lon="35.402968"></trkpt>
      <trkpt lat="32.900190" lon="35.402815"></trkpt>
      <trkpt lat="32.900304" lon="35.402667"></trkpt>
      <trkpt lat="32.900388" lon="35.402508"></trkpt>
      <trkpt lat="32.900394" lon="35.402378"></trkpt>
      <trkpt lat="32.900421" lon="35.402265"></trkpt>
      <trkpt lat="32.900413" lon="35.402125"></trkpt>
      <trkpt lat="32.900364" lon="35.401990"></trkpt>
      <trkpt lat="32.900287" lon="35.401920"></trkpt>
      <trkpt lat="32.900156" lon="35.401938"></trkpt>
      <trkpt lat="32.900033" lon="35.401941"></trkpt>
      <trkpt lat="32.899981" lon="35.401994"></trkpt>
      <trkpt lat="32.899950" lon="35.402012"></trkpt>
      <trkpt lat="32.899848" lon="35.402142"></trkpt>
      <trkpt lat="32.899878" lon="35.402337"></trkpt>
      <trkpt lat="32.899880" lon="35.402519"></trkpt>
      <trkpt lat="32.899812" lon="35.402748"></trkpt>
      <trkpt lat="32.899808" lon="35.402759"></trkpt>
      <trkpt lat="32.899757" lon="35.402798"></trkpt>
      <trkpt lat="32.899693" lon="35.402770"></trkpt>
      <trkpt lat="32.899579" lon="35.402571"></trkpt>
      <trkpt lat="32.899477" lon="35.402347"></trkpt>
      <trkpt lat="32.899506" lon="35.402070"><ele>578.8</ele></trkpt>
      <trkpt lat="32.899568" lon="35.401890"><ele>577.9</ele></trkpt>
      <trkpt lat="32.899590" lon="35.401751"><ele>576.8</ele></trkpt>
      <trkpt lat="32.899646" lon="35.401651"><ele>576.6</ele></trkpt>
      <trkpt lat="32.899754" lon="35.401629"><ele>577.4</ele></trkpt>
      <trkpt lat="32.899805" lon="35.401713"><ele>577.9</ele></trkpt>
      <trkpt lat="32.899864" lon="35.401797"><ele>578.0</ele></trkpt>
      <trkpt lat="32.899994" lon="35.401752"><ele>577.3</ele></trkpt>
      <trkpt lat="32.899991" lon="35.401625"><ele>576.7</ele></trkpt>
      <trkpt lat="32.899927" lon="35.401510"><ele>575.8</ele></trkpt>
      <trkpt lat="32.899758" lon="35.401468"><ele>575.2</ele></trkpt>
      <trkpt lat="32.899570" lon="35.401579"><ele>574.0</ele></trkpt>
      <trkpt lat="32.899344" lon="35.401908"><ele>574.8</ele></trkpt>
      <trkpt lat="32.899306" lon="35.401920"><ele>574.0</ele></trkpt>
      <trkpt lat="32.899216" lon="35.401994"><ele>573.1</ele></trkpt>
      <trkpt lat="32.898987" lon="35.402211"><ele>569.3</ele></trkpt>
      <trkpt lat="32.898812" lon="35.402410"><ele>565.8</ele></trkpt>
      <trkpt lat="32.898710" lon="35.402571"><ele>564.3</ele></trkpt>
      <trkpt lat="32.898613" lon="35.402712"><ele>563.1</ele></trkpt>
      <trkpt lat="32.898494" lon="35.402923"><ele>561.7</ele></trkpt>
      <trkpt lat="32.898439" lon="35.403040"><ele>561.5</ele></trkpt>
      <trkpt lat="32.898379" lon="35.403216"><ele>560.5</ele></trkpt>
      <trkpt lat="32.898320" lon="35.403445"><ele>559.6</ele></trkpt>
      <trkpt lat="32.898344" lon="35.403683"><ele>559.9</ele></trkpt>
      <trkpt lat="32.898464" lon="35.403775"><ele>561.0</ele></trkpt>
      <trkpt lat="32.898472" lon="35.403814"><ele>560.9</ele></trkpt>
      <trkpt lat="32.898410" lon="35.403868"><ele>559.9</ele></trkpt>
      <trkpt lat="32.898384" lon="35.403870"><ele>559.6</ele></trkpt>
      <trkpt lat="32.898218" lon="35.403742"><ele>555.8</ele></trkpt>
      <trkpt lat="32.898201" lon="35.403745"><ele>555.2</ele></trkpt>
      <trkpt lat="32.898170" lon="35.403845"><ele>553.9</ele></trkpt>
      <trkpt lat="32.898149" lon="35.403988"><ele>552.1</ele></trkpt>
      <trkpt lat="32.898166" lon="35.404245"><ele>550.1</ele></trkpt>
      <trkpt lat="32.898221" lon="35.404418"><ele>549.8</ele></trkpt>
      <trkpt lat="32.898261" lon="35.404535"><ele>549.6</ele></trkpt>
      <trkpt lat="32.898331" lon="35.404646"><ele>549.8</ele></trkpt>
      <trkpt lat="32.898366" lon="35.404675"><ele>549.7</ele></trkpt>
      <trkpt lat="32.898435" lon="35.404706"><ele>549.6</ele></trkpt>
      <trkpt lat="32.898535" lon="35.404660"><ele>550.7</ele></trkpt>
      <trkpt lat="32.898606" lon="35.404621"><ele>551.8</ele></trkpt>
      <trkpt lat="32.898783" lon="35.404510"><ele>553.7</ele></trkpt>
      <trkpt lat="32.898964" lon="35.404448"><ele>554.7</ele></trkpt>
      <trkpt lat="32.899020" lon="35.404459"><ele>554.2</ele></trkpt>
      <trkpt lat="32.899029" lon="35.404485"><ele>553.5</ele></trkpt>
      <trkpt lat="32.899030" lon="35.404508"><ele>553.0</ele></trkpt>
      <trkpt lat="32.898988" lon="35.404593"><ele>551.2</ele></trkpt>
      <trkpt lat="32.898910" lon="35.404654"><ele>550.3</ele></trkpt>
      <trkpt lat="32.898875" lon="35.404681"><ele>549.9</ele></trkpt>
      <trkpt lat="32.898454" lon="35.404867"><ele>546.9</ele></trkpt>
      <trkpt lat="32.898357" lon="35.404879"><ele>546.7</ele></trkpt>
      <trkpt lat="32.898261" lon="35.404862"><ele>545.8</ele></trkpt>
      <trkpt lat="32.898179" lon="35.404812"><ele>545.1</ele></trkpt>
      <trkpt lat="32.898102" lon="35.404741"><ele>544.6</ele></trkpt>
      <trkpt lat="32.898019" lon="35.404625"><ele>543.3</ele></trkpt>
      <trkpt lat="32.897972" lon="35.404535"><ele>542.3</ele></trkpt>
      <trkpt lat="32.897909" lon="35.404342"><ele>541.5</ele></trkpt>
      <trkpt lat="32.897866" lon="35.404065"><ele>541.7</ele></trkpt>
      <trkpt lat="32.897827" lon="35.403772"><ele>541.0</ele></trkpt>
      <trkpt lat="32.897794" lon="35.403558"><ele>539.6</ele></trkpt>
      <trkpt lat="32.897773" lon="35.403255"><ele>537.2</ele></trkpt>
      <trkpt lat="32.897767" lon="35.403175"><ele>536.3</ele></trkpt>
      <trkpt lat="32.897788" lon="35.403008"><ele>535.5</ele></trkpt>
      <trkpt lat="32.897807" lon="35.402898"><ele>534.0</ele></trkpt>
      <trkpt lat="32.897867" lon="35.402751"><ele>533.5</ele></trkpt>
      <trkpt lat="32.898170" lon="35.402061"><ele>528.0</ele></trkpt>
      <trkpt lat="32.898430" lon="35.401544"><ele>523.3</ele></trkpt>
      <trkpt lat="32.898732" lon="35.400943"><ele>517.6</ele></trkpt>
      <trkpt lat="32.899110" lon="35.400261"><ele>511.4</ele></trkpt>
      <trkpt lat="32.899501" lon="35.399642"><ele>504.1</ele></trkpt>
      <trkpt lat="32.900233" lon="35.398617"><ele>491.5</ele></trkpt>
      <trkpt lat="32.900610" lon="35.398097"><ele>486.2</ele></trkpt>
      <trkpt lat="32.900643" lon="35.398064"><ele>485.8</ele></trkpt>
      <trkpt lat="32.900704" lon="35.398002"><ele>485.1</ele></trkpt>
      <trkpt lat="32.900713" lon="35.397940"><ele>484.1</ele></trkpt>
      <trkpt lat="32.900719" lon="35.397904"><ele>483.5</ele></trkpt>
      <trkpt lat="32.900687" lon="35.397879"><ele>482.7</ele></trkpt>
      <trkpt lat="32.900575" lon="35.397901"><ele>481.9</ele></trkpt>
      <trkpt lat="32.900107" lon="35.397993"><ele>477.3</ele></trkpt>
      <trkpt lat="32.899859" lon="35.398083"><ele>476.0</ele></trkpt>
      <trkpt lat="32.899557" lon="35.398257"><ele>476.3</ele></trkpt>
      <trkpt lat="32.899437" lon="35.398326"><ele>475.9</ele></trkpt>
      <trkpt lat="32.899110" lon="35.398611"><ele>474.0</ele></trkpt>
      <trkpt lat="32.899067" lon="35.398662"><ele>473.2</ele></trkpt>
      <trkpt lat="32.899028" lon="35.398708"><ele>472.2</ele></trkpt>
      <trkpt lat="32.898447" lon="35.399000"><ele>463.2</ele></trkpt>
      <trkpt lat="32.898406" lon="35.399014"><ele>463.1</ele></trkpt>
      <trkpt lat="32.898359" lon="35.399016"><ele>463.2</ele></trkpt>
      <trkpt lat="32.898290" lon="35.398955"><ele>463.6</ele></trkpt>
      <trkpt lat="32.898268" lon="35.398901"><ele>464.1</ele></trkpt>
      <trkpt lat="32.898273" lon="35.398793"><ele>464.3</ele></trkpt>
      <trkpt lat="32.898395" lon="35.398367"><ele>464.1</ele></trkpt>
      <trkpt lat="32.898450" lon="35.398220"><ele>464.3</ele></trkpt>
      <trkpt lat="32.898506" lon="35.398080"><ele>464.6</ele></trkpt>
      <trkpt lat="32.898588" lon="35.397885"><ele>465.7</ele></trkpt>
      <trkpt lat="32.898614" lon="35.397823"><ele>466.0</ele></trkpt>
      <trkpt lat="32.898666" lon="35.397648"><ele>465.7</ele></trkpt>
      <trkpt lat="32.898728" lon="35.397440"><ele>464.9</ele></trkpt>
      <trkpt lat="32.898851" lon="35.397122"><ele>465.5</ele></trkpt>
      <trkpt lat="32.898988" lon="35.396787"><ele>466.4</ele></trkpt>
      <trkpt lat="32.899088" lon="35.396514"><ele>466.8</ele></trkpt>
      <trkpt lat="32.899127" lon="35.396292"><ele>466.4</ele></trkpt>
      <trkpt lat="32.899177" lon="35.396152"><ele>466.2</ele></trkpt>
      <trkpt lat="32.899271" lon="35.395901"><ele>466.8</ele></trkpt>
      <trkpt lat="32.899334" lon="35.395797"><ele>467.2</ele></trkpt>
      <trkpt lat="32.899404" lon="35.395683"><ele>467.6</ele></trkpt>
      <trkpt lat="32.899484" lon="35.395504"><ele>468.1</ele></trkpt>
      <trkpt lat="32.899559" lon="35.395338"><ele>468.0</ele></trkpt>
      <trkpt lat="32.899617" lon="35.395161"><ele>468.2</ele></trkpt>
      <trkpt lat="32.899629" lon="35.395140"><ele>468.3</ele></trkpt>
      <trkpt lat="32.899730" lon="35.394957"><ele>469.8</ele></trkpt>
      <trkpt lat="32.899776" lon="35.394865"><ele>469.8</ele></trkpt>
      <trkpt lat="32.899818" lon="35.394824"><ele>470.2</ele></trkpt>
      <trkpt lat="32.899854" lon="35.394773"><ele>470.6</ele></trkpt>
      <trkpt lat="32.899953" lon="35.394710"><ele>472.1</ele></trkpt>
      <trkpt lat="32.900013" lon="35.394674"><ele>472.7</ele></trkpt>
      <trkpt lat="32.900157" lon="35.394599"><ele>472.6</ele></trkpt>
      <trkpt lat="32.900339" lon="35.394427"><ele>472.5</ele></trkpt>
      <trkpt lat="32.900443" lon="35.394351"><ele>471.5</ele></trkpt>
      <trkpt lat="32.900470" lon="35.394180"><ele>471.0</ele></trkpt>
      <trkpt lat="32.900508" lon="35.394011"><ele>469.6</ele></trkpt>
      <trkpt lat="32.900549" lon="35.393859"><ele>468.5</ele></trkpt>
      <trkpt lat="32.900678" lon="35.393702"><ele>466.0</ele></trkpt>
      <trkpt lat="32.900880" lon="35.393570"><ele>464.0</ele></trkpt>
      <trkpt lat="32.900885" lon="35.393539"><ele>463.7</ele></trkpt>
      <trkpt lat="32.900825" lon="35.393393"><ele>462.6</ele></trkpt>
      <trkpt lat="32.900780" lon="35.393387"><ele>462.6</ele></trkpt>
      <trkpt lat="32.900759" lon="35.393346"><ele>462.1</ele></trkpt>
      <trkpt lat="32.900753" lon="35.393199"><ele>460.5</ele></trkpt>
      <trkpt lat="32.900686" lon="35.393020"><ele>458.9</ele></trkpt>
      <trkpt lat="32.900639" lon="35.392830"><ele>458.4</ele></trkpt>
      <trkpt lat="32.900642" lon="35.392765"><ele>458.4</ele></trkpt>
      <trkpt lat="32.900655" lon="35.392723"><ele>458.7</ele></trkpt>
      <trkpt lat="32.900710" lon="35.392654"><ele>459.2</ele></trkpt>
      <trkpt lat="32.900874" lon="35.392472"><ele>459.3</ele></trkpt>
      <trkpt lat="32.900917" lon="35.392403"><ele>458.6</ele></trkpt>
      <trkpt lat="32.900929" lon="35.392374"><ele>458.4</ele></trkpt>
      <trkpt lat="32.900910" lon="35.392338"><ele>458.8</ele></trkpt>
      <trkpt lat="32.900894" lon="35.392332"><ele>459.0</ele></trkpt>
      <trkpt lat="32.900860" lon="35.392350"><ele>459.6</ele></trkpt>
      <trkpt lat="32.900756" lon="35.392379"><ele>459.9</ele></trkpt>
      <trkpt lat="32.900578" lon="35.392406"><ele>459.7</ele></trkpt>
      <trkpt lat="32.900554" lon="35.392388"><ele>459.5</ele></trkpt>
      <trkpt lat="32.900535" lon="35.392298"><ele>458.7</ele></trkpt>
      <trkpt lat="32.900587" lon="35.392173"><ele>457.9</ele></trkpt>
      <trkpt lat="32.900692" lon="35.392046"><ele>455.7</ele></trkpt>
      <trkpt lat="32.900824" lon="35.391933"><ele>454.6</ele></trkpt>
      <trkpt lat="32.900865" lon="35.391922"><ele>454.4</ele></trkpt>
      <trkpt lat="32.900976" lon="35.391938"><ele>454.4</ele></trkpt>
      <trkpt lat="32.901105" lon="35.392057"><ele>454.9</ele></trkpt>
      <trkpt lat="32.901152" lon="35.392068"><ele>454.1</ele></trkpt>
      <trkpt lat="32.901195" lon="35.392041"><ele>453.2</ele></trkpt>
      <trkpt lat="32.901187" lon="35.391970"><ele>452.8</ele></trkpt>
      <trkpt lat="32.901141" lon="35.391864"><ele>452.1</ele></trkpt>
      <trkpt lat="32.901097" lon="35.391781"><ele>451.1</ele></trkpt>
      <trkpt lat="32.901043" lon="35.391717"><ele>450.0</ele></trkpt>
      <trkpt lat="32.900950" lon="35.391708"><ele>449.8</ele></trkpt>
      <trkpt lat="32.900933" lon="35.391683"><ele>449.3</ele></trkpt>
      <trkpt lat="32.900947" lon="35.391639"><ele>448.5</ele></trkpt>
      <trkpt lat="32.900977" lon="35.391619"><ele>448.1</ele></trkpt>
      <trkpt lat="32.901059" lon="35.391632"><ele>448.4</ele></trkpt>
      <trkpt lat="32.901182" lon="35.391753"><ele>449.6</ele></trkpt>
      <trkpt lat="32.901415" lon="35.391817"><ele>447.2</ele></trkpt>
      <trkpt lat="32.901532" lon="35.391768"><ele>445.0</ele></trkpt>
      <trkpt lat="32.901489" lon="35.391658"><ele>444.4</ele></trkpt>
      <trkpt lat="32.901463" lon="35.391627"><ele>444.4</ele></trkpt>
      <trkpt lat="32.901406" lon="35.391567"><ele>444.3</ele></trkpt>
      <trkpt lat="32.901319" lon="35.391500"><ele>444.2</ele></trkpt>
      <trkpt lat="32.901302" lon="35.391457"><ele>443.7</ele></trkpt>
      <trkpt lat="32.901327" lon="35.391422"><ele>443.0</ele></trkpt>
      <trkpt lat="32.901363" lon="35.391430"><ele>442.8</ele></trkpt>
      <trkpt lat="32.901505" lon="35.391516"><ele>442.4</ele></trkpt>
      <trkpt lat="32.901720" lon="35.391658"><ele>441.3</ele></trkpt>
      <trkpt lat="32.901743" lon="35.391652"><ele>441.0</ele></trkpt>
      <trkpt lat="32.901767" lon="35.391601"><ele>440.1</ele></trkpt>
      <trkpt lat="32.901763" lon="35.391556"><ele>439.6</ele></trkpt>
      <trkpt lat="32.901757" lon="35.391506"><ele>439.1</ele></trkpt>
      <trkpt lat="32.901620" lon="35.391326"><ele>438.6</ele></trkpt>
      <trkpt lat="32.901514" lon="35.391236"><ele>438.1</ele></trkpt>
      <trkpt lat="32.901515" lon="35.391174"><ele>437.1</ele></trkpt>
      <trkpt lat="32.901538" lon="35.391147"><ele>436.5</ele></trkpt>
      <trkpt lat="32.901688" lon="35.391109"><ele>434.6</ele></trkpt>
      <trkpt lat="32.901775" lon="35.391145"><ele>433.9</ele></trkpt>
      <trkpt lat="32.901901" lon="35.391212"><ele>433.1</ele></trkpt>
      <trkpt lat="32.902026" lon="35.391325"><ele>433.1</ele></trkpt>
      <trkpt lat="32.902062" lon="35.391330"><ele>432.8</ele></trkpt>
      <trkpt lat="32.902107" lon="35.391312"><ele>432.0</ele></trkpt>
      <trkpt lat="32.902115" lon="35.391281"><ele>431.4</ele></trkpt>
      <trkpt lat="32.902032" lon="35.391044"><ele>428.9</ele></trkpt>
      <trkpt lat="32.901972" lon="35.390869"><ele>427.9</ele></trkpt>
      <trkpt lat="32.901939" lon="35.390816"><ele>427.8</ele></trkpt>
      <trkpt lat="32.901823" lon="35.390686"><ele>427.0</ele></trkpt>
      <trkpt lat="32.901761" lon="35.390641"><ele>427.0</ele></trkpt>
      <trkpt lat="32.901688" lon="35.390594"><ele>427.2</ele></trkpt>
      <trkpt lat="32.901553" lon="35.390565"><ele>427.5</ele></trkpt>
      <trkpt lat="32.901380" lon="35.390570"><ele>428.2</ele></trkpt>
      <trkpt lat="32.901261" lon="35.390570"><ele>427.8</ele></trkpt>
      <trkpt lat="32.901143" lon="35.390577"><ele>427.5</ele></trkpt>
      <trkpt lat="32.901093" lon="35.390561"><ele>427.0</ele></trkpt>
      <trkpt lat="32.901065" lon="35.390545"><ele>426.4</ele></trkpt>
      <trkpt lat="32.901059" lon="35.390521"><ele>425.9</ele></trkpt>
      <trkpt lat="32.901072" lon="35.390444"><ele>424.3</ele></trkpt>
      <trkpt lat="32.901078" lon="35.390413"><ele>423.7</ele></trkpt>
      <trkpt lat="32.901082" lon="35.390349"><ele>422.3</ele></trkpt>
      <trkpt lat="32.901161" lon="35.390217"><ele>420.3</ele></trkpt>
      <trkpt lat="32.901242" lon="35.390130"><ele>419.3</ele></trkpt>
      <trkpt lat="32.901483" lon="35.390051"><ele>419.2</ele></trkpt>
      <trkpt lat="32.901608" lon="35.390009"><ele>418.9</ele></trkpt>
      <trkpt lat="32.901640" lon="35.390004"><ele>419.0</ele></trkpt>
      <trkpt lat="32.901719" lon="35.389989"><ele>418.4</ele></trkpt>
      <trkpt lat="32.901820" lon="35.389935"><ele>416.9</ele></trkpt>
      <trkpt lat="32.901948" lon="35.389874"><ele>415.6</ele></trkpt>
      <trkpt lat="32.902085" lon="35.389859"><ele>413.2</ele></trkpt>
      <trkpt lat="32.902138" lon="35.389846"><ele>412.2</ele></trkpt>
      <trkpt lat="32.902331" lon="35.389978"><ele>409.9</ele></trkpt>
      <trkpt lat="32.902360" lon="35.390026"><ele>409.8</ele></trkpt>
      <trkpt lat="32.902680" lon="35.390579"><ele>411.2</ele></trkpt>
      <trkpt lat="32.902788" lon="35.390679"><ele>411.0</ele></trkpt>
      <trkpt lat="32.902917" lon="35.390784"><ele>411.0</ele></trkpt>
      <trkpt lat="32.903024" lon="35.390974"><ele>412.9</ele></trkpt>
      <trkpt lat="32.903140" lon="35.391106"><ele>414.6</ele></trkpt>
      <trkpt lat="32.903291" lon="35.391156"><ele>414.8</ele></trkpt>
      <trkpt lat="32.903390" lon="35.391178"><ele>414.8</ele></trkpt>
      <trkpt lat="32.903598" lon="35.391205"><ele>414.4</ele></trkpt>
      <trkpt lat="32.903757" lon="35.391173"><ele>414.3</ele></trkpt>
      <trkpt lat="32.903902" lon="35.391149"><ele>414.5</ele></trkpt>
      <trkpt lat="32.903944" lon="35.391145"><ele>414.5</ele></trkpt>
      <trkpt lat="32.904002" lon="35.391154"><ele>414.8</ele></trkpt>
      <trkpt lat="32.904015" lon="35.391180"><ele>415.1</ele></trkpt>
      <trkpt lat="32.904003" lon="35.391209"><ele>415.3</ele></trkpt>
      <trkpt lat="32.903985" lon="35.391258"><ele>415.7</ele></trkpt>
      <trkpt lat="32.903937" lon="35.391321"><ele>416.3</ele></trkpt>
      <trkpt lat="32.903903" lon="35.391355"><ele>416.6</ele></trkpt>
      <trkpt lat="32.903879" lon="35.391399"><ele>417.1</ele></trkpt>
      <trkpt lat="32.903847" lon="35.391453"><ele>417.5</ele></trkpt>
      <trkpt lat="32.903816" lon="35.391493"><ele>417.8</ele></trkpt>
      <trkpt lat="32.903789" lon="35.391529"><ele>418.2</ele></trkpt>
      <trkpt lat="32.903791" lon="35.391565"><ele>418.5</ele></trkpt>
      <trkpt lat="32.903859" lon="35.391627"><ele>418.8</ele></trkpt>
      <trkpt lat="32.903978" lon="35.391735"><ele>418.8</ele></trkpt>
      <trkpt lat="32.903999" lon="35.391786"><ele>418.7</ele></trkpt>
      <trkpt lat="32.903999" lon="35.391813"><ele>418.7</ele></trkpt>
      <trkpt lat="32.903970" lon="35.391829"><ele>418.9</ele></trkpt>
      <trkpt lat="32.903921" lon="35.391846"><ele>419.4</ele></trkpt>
      <trkpt lat="32.903895" lon="35.391876"><ele>419.7</ele></trkpt>
      <trkpt lat="32.903859" lon="35.391927"><ele>420.0</ele></trkpt>
      <trkpt lat="32.903847" lon="35.391956"><ele>420.1</ele></trkpt>
      <trkpt lat="32.903867" lon="35.392005"><ele>419.9</ele></trkpt>
      <trkpt lat="32.903949" lon="35.392197"><ele>418.0</ele></trkpt>
      <trkpt lat="32.903979" lon="35.392224"><ele>417.4</ele></trkpt>
      <trkpt lat="32.904058" lon="35.392231"><ele>415.9</ele></trkpt>
      <trkpt lat="32.904109" lon="35.392197"><ele>415.3</ele></trkpt>
      <trkpt lat="32.904351" lon="35.392036"><ele>413.4</ele></trkpt>
      <trkpt lat="32.904464" lon="35.391949"><ele>413.5</ele></trkpt>
      <trkpt lat="32.904503" lon="35.391938"><ele>412.8</ele></trkpt>
      <trkpt lat="32.904579" lon="35.391916"><ele>411.4</ele></trkpt>
      <trkpt lat="32.904699" lon="35.391858"><ele>409.7</ele></trkpt>
      <trkpt lat="32.904795" lon="35.391764"><ele>408.1</ele></trkpt>
      <trkpt lat="32.904833" lon="35.391686"><ele>407.7</ele></trkpt>
      <trkpt lat="32.904878" lon="35.391572"><ele>406.9</ele></trkpt>
      <trkpt lat="32.904898" lon="35.391536"><ele>406.4</ele></trkpt>
      <trkpt lat="32.904921" lon="35.391451"><ele>406.2</ele></trkpt>
      <trkpt lat="32.904942" lon="35.391352"><ele>405.9</ele></trkpt>
      <trkpt lat="32.904957" lon="35.391185"><ele>405.4</ele></trkpt>
      <trkpt lat="32.904957" lon="35.391138"><ele>405.4</ele></trkpt>
      <trkpt lat="32.904950" lon="35.390990"><ele>405.9</ele></trkpt>
      <trkpt lat="32.904947" lon="35.390865"><ele>406.3</ele></trkpt>
      <trkpt lat="32.904933" lon="35.390776"><ele>406.3</ele></trkpt>
      <trkpt lat="32.904944" lon="35.390690"><ele>405.4</ele></trkpt>
      <trkpt lat="32.904951" lon="35.390623"><ele>404.7</ele></trkpt>
      <trkpt lat="32.904948" lon="35.390529"><ele>403.9</ele></trkpt>
      <trkpt lat="32.904912" lon="35.390442"><ele>403.4</ele></trkpt>
      <trkpt lat="32.904880" lon="35.390331"><ele>402.4</ele></trkpt>
      <trkpt lat="32.904871" lon="35.390293"><ele>402.0</ele></trkpt>
      <trkpt lat="32.904840" lon="35.390248"><ele>401.7</ele></trkpt>
      <trkpt lat="32.904819" lon="35.390223"><ele>401.5</ele></trkpt>
      <trkpt lat="32.904797" lon="35.390200"><ele>401.4</ele></trkpt>
      <trkpt lat="32.904688" lon="35.390087"><ele>400.1</ele></trkpt>
      <trkpt lat="32.904634" lon="35.390054"><ele>399.1</ele></trkpt>
      <trkpt lat="32.904623" lon="35.390040"><ele>398.7</ele></trkpt>
      <trkpt lat="32.904594" lon="35.390004"><ele>397.6</ele></trkpt>
      <trkpt lat="32.904612" lon="35.389980"><ele>396.8</ele></trkpt>
      <trkpt lat="32.904742" lon="35.389993"><ele>397.3</ele></trkpt>
      <trkpt lat="32.904841" lon="35.390076"><ele>397.3</ele></trkpt>
      <trkpt lat="32.904869" lon="35.390098"><ele>397.3</ele></trkpt>
      <trkpt lat="32.904934" lon="35.390175"><ele>397.8</ele></trkpt>
      <trkpt lat="32.905026" lon="35.390281"><ele>398.1</ele></trkpt>
      <trkpt lat="32.905080" lon="35.390391"><ele>397.7</ele></trkpt>
      <trkpt lat="32.905147" lon="35.390525"><ele>397.2</ele></trkpt>
      <trkpt lat="32.905179" lon="35.390612"><ele>396.9</ele></trkpt>
      <trkpt lat="32.905237" lon="35.390907"><ele>396.4</ele></trkpt>
      <trkpt lat="32.905254" lon="35.390992"><ele>395.8</ele></trkpt>
      <trkpt lat="32.905243" lon="35.391500"><ele>394.8</ele></trkpt>
      <trkpt lat="32.905226" lon="35.391799"><ele>394.0</ele></trkpt>
      <trkpt lat="32.905213" lon="35.391844"><ele>394.2</ele></trkpt>
      <trkpt lat="32.905195" lon="35.391902"><ele>394.3</ele></trkpt>
      <trkpt lat="32.905121" lon="35.392150"><ele>393.9</ele></trkpt>
      <trkpt lat="32.905064" lon="35.392280"><ele>394.2</ele></trkpt>
      <trkpt lat="32.905039" lon="35.392336"><ele>394.5</ele></trkpt>
      <trkpt lat="32.905026" lon="35.392416"><ele>394.7</ele></trkpt>
      <trkpt lat="32.905022" lon="35.392438"><ele>394.8</ele></trkpt>
      <trkpt lat="32.905053" lon="35.392531"><ele>395.2</ele></trkpt>
      <trkpt lat="32.905161" lon="35.392613"><ele>395.6</ele></trkpt>
      <trkpt lat="32.905196" lon="35.392640"><ele>395.8</ele></trkpt>
      <trkpt lat="32.905220" lon="35.392633"><ele>395.4</ele></trkpt>
      <trkpt lat="32.905285" lon="35.392542"><ele>393.7</ele></trkpt>
      <trkpt lat="32.905384" lon="35.392383"><ele>392.6</ele></trkpt>
      <trkpt lat="32.905413" lon="35.392333"><ele>392.2</ele></trkpt>
      <trkpt lat="32.905477" lon="35.392224"><ele>391.0</ele></trkpt>
      <trkpt lat="32.905579" lon="35.392081"><ele>389.1</ele></trkpt>
      <trkpt lat="32.905670" lon="35.391875"><ele>386.5</ele></trkpt>
      <trkpt lat="32.905758" lon="35.391697"><ele>383.4</ele></trkpt>
      <trkpt lat="32.905789" lon="35.391650"><ele>382.3</ele></trkpt>
      <trkpt lat="32.905879" lon="35.391516"><ele>380.8</ele></trkpt>
      <trkpt lat="32.905961" lon="35.391361"><ele>379.9</ele></trkpt>
      <trkpt lat="32.906081" lon="35.391144"><ele>378.2</ele></trkpt>
      <trkpt lat="32.906153" lon="35.391006"><ele>377.4</ele></trkpt>
      <trkpt lat="32.906295" lon="35.390847"><ele>379.2</ele></trkpt>
      <trkpt lat="32.906402" lon="35.390733"><ele>381.0</ele></trkpt>
      <trkpt lat="32.906458" lon="35.390594"><ele>380.8</ele></trkpt>
      <trkpt lat="32.906461" lon="35.390552"><ele>380.3</ele></trkpt>
      <trkpt lat="32.906514" lon="35.390405"><ele>380.2</ele></trkpt>
      <trkpt lat="32.906557" lon="35.390196"><ele>378.8</ele></trkpt>
      <trkpt lat="32.906574" lon="35.390112"><ele>378.3</ele></trkpt>
      <trkpt lat="32.906593" lon="35.389904"><ele>376.8</ele></trkpt>
      <trkpt lat="32.906637" lon="35.389649"><ele>376.4</ele></trkpt>
      <trkpt lat="32.906634" lon="35.389358"><ele>374.5</ele></trkpt>
      <trkpt lat="32.906610" lon="35.388965"><ele>372.0</ele></trkpt>
      <trkpt lat="32.906576" lon="35.388623"><ele>370.1</ele></trkpt>
      <trkpt lat="32.906576" lon="35.388569"><ele>370.0</ele></trkpt>
      <trkpt lat="32.906551" lon="35.388424"><ele>368.6</ele></trkpt>
      <trkpt lat="32.906490" lon="35.388290"><ele>366.0</ele></trkpt>
      <trkpt lat="32.906452" lon="35.388169"><ele>364.5</ele></trkpt>
      <trkpt lat="32.906428" lon="35.388072"><ele>363.6</ele></trkpt>
      <trkpt lat="32.906414" lon="35.387939"><ele>363.0</ele></trkpt>
      <trkpt lat="32.906405" lon="35.387872"><ele>362.6</ele></trkpt>
      <trkpt lat="32.906368" lon="35.387753"><ele>361.0</ele></trkpt>
      <trkpt lat="32.906358" lon="35.387686"><ele>360.3</ele></trkpt>
      <trkpt lat="32.906355" lon="35.387536"><ele>359.6</ele></trkpt>
      <trkpt lat="32.906384" lon="35.387337"><ele>360.8</ele></trkpt>
      <trkpt lat="32.906406" lon="35.387214"><ele>361.7</ele></trkpt>
      <trkpt lat="32.906432" lon="35.387071"><ele>361.7</ele></trkpt>
      <trkpt lat="32.906461" lon="35.386930"><ele>361.8</ele></trkpt>
      <trkpt lat="32.906483" lon="35.386843"><ele>362.0</ele></trkpt>
      <trkpt lat="32.906493" lon="35.386805"><ele>362.1</ele></trkpt>
      <trkpt lat="32.906529" lon="35.386724"><ele>363.0</ele></trkpt>
      <trkpt lat="32.906554" lon="35.386648"><ele>363.3</ele></trkpt>
      <trkpt lat="32.906564" lon="35.386619"><ele>363.4</ele></trkpt>
      <trkpt lat="32.906566" lon="35.386584"><ele>363.1</ele></trkpt>
      <trkpt lat="32.906545" lon="35.386604"><ele>362.5</ele></trkpt>
      <trkpt lat="32.906564" lon="35.386517"><ele>362.3</ele></trkpt>
      <trkpt lat="32.906584" lon="35.386394"><ele>361.8</ele></trkpt>
      <trkpt lat="32.906592" lon="35.386311"><ele>361.5</ele></trkpt>
      <trkpt lat="32.906607" lon="35.386262"><ele>361.7</ele></trkpt>
      <trkpt lat="32.906611" lon="35.386213"><ele>361.6</ele></trkpt>
      <trkpt lat="32.906592" lon="35.385984"><ele>359.5</ele></trkpt>
      <trkpt lat="32.906578" lon="35.385839"><ele>358.2</ele></trkpt>
      <trkpt lat="32.906566" lon="35.385734"><ele>357.7</ele></trkpt>
      <trkpt lat="32.906528" lon="35.385551"><ele>356.0</ele></trkpt>
      <trkpt lat="32.906539" lon="35.385473"><ele>356.8</ele></trkpt>
      <trkpt lat="32.906534" lon="35.385424"><ele>356.8</ele></trkpt>
      <trkpt lat="32.906513" lon="35.385414"><ele>355.9</ele></trkpt>
      <trkpt lat="32.906475" lon="35.385495"><ele>354.0</ele></trkpt>
      <trkpt lat="32.906463" lon="35.385698"><ele>353.2</ele></trkpt>
      <trkpt lat="32.906411" lon="35.385933"><ele>351.7</ele></trkpt>
      <trkpt lat="32.906343" lon="35.386125"><ele>350.1</ele></trkpt>
      <trkpt lat="32.906332" lon="35.386190"><ele>350.1</ele></trkpt>
      <trkpt lat="32.906297" lon="35.386398"><ele>350.1</ele></trkpt>
      <trkpt lat="32.906231" lon="35.386515"><ele>348.6</ele></trkpt>
      <trkpt lat="32.906188" lon="35.386593"><ele>347.5</ele></trkpt>
      <trkpt lat="32.906104" lon="35.386687"><ele>344.8</ele></trkpt>
      <trkpt lat="32.906054" lon="35.386758"><ele>343.2</ele></trkpt>
      <trkpt lat="32.906028" lon="35.386885"><ele>343.0</ele></trkpt>
      <trkpt lat="32.905990" lon="35.387078"><ele>342.3</ele></trkpt>
      <trkpt lat="32.905928" lon="35.387509"><ele>340.4</ele></trkpt>
      <trkpt lat="32.905919" lon="35.387628"><ele>339.7</ele></trkpt>
      <trkpt lat="32.905907" lon="35.387811"><ele>338.8</ele></trkpt>
      <trkpt lat="32.905920" lon="35.388079"><ele>340.3</ele></trkpt>
      <trkpt lat="32.905932" lon="35.388314"><ele>340.1</ele></trkpt>
      <trkpt lat="32.905917" lon="35.388573"><ele>338.4</ele></trkpt>
      <trkpt lat="32.905905" lon="35.388842"><ele>339.7</ele></trkpt>
      <trkpt lat="32.905890" lon="35.388989"><ele>341.0</ele></trkpt>
      <trkpt lat="32.905899" lon="35.389105"><ele>343.0</ele></trkpt>
      <trkpt lat="32.905892" lon="35.389166"><ele>343.7</ele></trkpt>
      <trkpt lat="32.905873" lon="35.389182"><ele>343.4</ele></trkpt>
      <trkpt lat="32.905859" lon="35.389182"><ele>343.0</ele></trkpt>
      <trkpt lat="32.905829" lon="35.389181"><ele>342.4</ele></trkpt>
      <trkpt lat="32.905790" lon="35.389141"><ele>342.7</ele></trkpt>
      <trkpt lat="32.905694" lon="35.389036"><ele>342.5</ele></trkpt>
      <trkpt lat="32.905618" lon="35.388933"><ele>340.7</ele></trkpt>
      <trkpt lat="32.905556" lon="35.388828"><ele>338.0</ele></trkpt>
      <trkpt lat="32.905477" lon="35.388741"><ele>337.3</ele></trkpt>
      <trkpt lat="32.905393" lon="35.388623"><ele>335.5</ele></trkpt>
      <trkpt lat="32.905163" lon="35.388485"><ele>335.9</ele></trkpt>
      <trkpt lat="32.905038" lon="35.388446"><ele>337.2</ele></trkpt>
      <trkpt lat="32.904932" lon="35.388381"><ele>336.0</ele></trkpt>
      <trkpt lat="32.904855" lon="35.388358"><ele>335.5</ele></trkpt>
      <trkpt lat="32.904675" lon="35.388347"><ele>335.4</ele></trkpt>
      <trkpt lat="32.904527" lon="35.388393"><ele>336.5</ele></trkpt>
      <trkpt lat="32.904354" lon="35.388427"><ele>337.9</ele></trkpt>
      <trkpt lat="32.904326" lon="35.388409"><ele>337.5</ele></trkpt>
      <trkpt lat="32.904296" lon="35.388389"><ele>337.2</ele></trkpt>
      <trkpt lat="32.904283" lon="35.388160"><ele>333.5</ele></trkpt>
      <trkpt lat="32.904296" lon="35.387896"><ele>332.1</ele></trkpt>
      <trkpt lat="32.904348" lon="35.387662"><ele>330.8</ele></trkpt>
      <trkpt lat="32.904338" lon="35.387540"><ele>331.1</ele></trkpt>
      <trkpt lat="32.904393" lon="35.387112"><ele>328.2</ele></trkpt>
      <trkpt lat="32.904412" lon="35.386939"><ele>327.0</ele></trkpt>
      <trkpt lat="32.904421" lon="35.386637"><ele>324.6</ele></trkpt>
      <trkpt lat="32.904383" lon="35.386427"><ele>323.8</ele></trkpt>
      <trkpt lat="32.904248" lon="35.386205"><ele>325.4</ele></trkpt>
      <trkpt lat="32.904081" lon="35.386018"><ele>327.9</ele></trkpt>
      <trkpt lat="32.904033" lon="35.385976"><ele>328.6</ele></trkpt>
      <trkpt lat="32.903994" lon="35.385979"><ele>330.2</ele></trkpt>
      <trkpt lat="32.903927" lon="35.385911"><ele>330.8</ele></trkpt>
      <trkpt lat="32.903747" lon="35.385872"><ele>333.7</ele></trkpt>
      <trkpt lat="32.903493" lon="35.385846"><ele>335.3</ele></trkpt>
      <trkpt lat="32.903384" lon="35.385868"><ele>335.7</ele></trkpt>
      <trkpt lat="32.903314" lon="35.385911"><ele>336.1</ele></trkpt>
      <trkpt lat="32.903275" lon="35.385964"><ele>336.5</ele></trkpt>
      <trkpt lat="32.903252" lon="35.385995"><ele>336.7</ele></trkpt>
      <trkpt lat="32.903166" lon="35.386113"><ele>337.6</ele></trkpt>
      <trkpt lat="32.903108" lon="35.386236"><ele>338.1</ele></trkpt>
      <trkpt lat="32.902951" lon="35.386412"><ele>337.5</ele></trkpt>
      <trkpt lat="32.902915" lon="35.386446"><ele>337.4</ele></trkpt>
      <trkpt lat="32.902800" lon="35.386568"><ele>337.0</ele></trkpt>
      <trkpt lat="32.902752" lon="35.386584"><ele>336.6</ele></trkpt>
      <trkpt lat="32.902710" lon="35.386584"><ele>336.2</ele></trkpt>
      <trkpt lat="32.902652" lon="35.386576"><ele>335.6</ele></trkpt>
      <trkpt lat="32.902662" lon="35.386469"><ele>334.0</ele></trkpt>
      <trkpt lat="32.902665" lon="35.386415"><ele>333.2</ele></trkpt>
      <trkpt lat="32.902668" lon="35.386381"><ele>332.7</ele></trkpt>
      <trkpt lat="32.902655" lon="35.386347"><ele>332.1</ele></trkpt>
      <trkpt lat="32.902684" lon="35.386194"><ele>330.2</ele></trkpt>
      <trkpt lat="32.902779" lon="35.386106"><ele>329.9</ele></trkpt>
      <trkpt lat="32.902824" lon="35.386060"><ele>330.1</ele></trkpt>
      <trkpt lat="32.902857" lon="35.386066"><ele>330.9</ele></trkpt>
      <trkpt lat="32.902876" lon="35.386026"><ele>330.6</ele></trkpt>
      <trkpt lat="32.902857" lon="35.385967"><ele>329.1</ele></trkpt>
      <trkpt lat="32.902752" lon="35.385981"><ele>327.4</ele></trkpt>
      <trkpt lat="32.902564" lon="35.385989"><ele>325.5</ele></trkpt>
      <trkpt lat="32.902317" lon="35.385967"><ele>323.7</ele></trkpt>
      <trkpt lat="32.902205" lon="35.385989"><ele>323.8</ele></trkpt>
      <trkpt lat="32.902067" lon="35.385992"><ele>323.9</ele></trkpt>
      <trkpt lat="32.902005" lon="35.385955"><ele>323.2</ele></trkpt>
      <trkpt lat="32.901995" lon="35.385921"><ele>322.6</ele></trkpt>
      <trkpt lat="32.902000" lon="35.385885"><ele>321.9</ele></trkpt>
      <trkpt lat="32.902041" lon="35.385842"><ele>321.2</ele></trkpt>
      <trkpt lat="32.902219" lon="35.385828"><ele>320.9</ele></trkpt>
      <trkpt lat="32.902348" lon="35.385794"><ele>320.7</ele></trkpt>
      <trkpt lat="32.902522" lon="35.385717"><ele>320.2</ele></trkpt>
      <trkpt lat="32.902674" lon="35.385629"><ele>320.2</ele></trkpt>
      <trkpt lat="32.902655" lon="35.385590"><ele>319.3</ele></trkpt>
      <trkpt lat="32.902581" lon="35.385564"><ele>318.0</ele></trkpt>
      <trkpt lat="32.902360" lon="35.385544"><ele>315.7</ele></trkpt>
      <trkpt lat="32.902210" lon="35.385584"><ele>315.5</ele></trkpt>
      <trkpt lat="32.902081" lon="35.385595"><ele>315.0</ele></trkpt>
      <trkpt lat="32.902093" lon="35.385519"><ele>313.0</ele></trkpt>
      <trkpt lat="32.902169" lon="35.385442"><ele>311.4</ele></trkpt>
      <trkpt lat="32.902241" lon="35.385374"><ele>310.0</ele></trkpt>
      <trkpt lat="32.902293" lon="35.385278"><ele>307.8</ele></trkpt>
      <trkpt lat="32.902338" lon="35.385227"><ele>307.0</ele></trkpt>
      <trkpt lat="32.902460" lon="35.385116"><ele>305.5</ele></trkpt>
      <trkpt lat="32.902541" lon="35.385045"><ele>304.6</ele></trkpt>
      <trkpt lat="32.902617" lon="35.384938"><ele>303.0</ele></trkpt>
      <trkpt lat="32.902674" lon="35.384810"><ele>301.0</ele></trkpt>
      <trkpt lat="32.902736" lon="35.384668"><ele>298.9</ele></trkpt>
      <trkpt lat="32.902750" lon="35.384583"><ele>297.8</ele></trkpt>
      <trkpt lat="32.902695" lon="35.384538"><ele>296.8</ele></trkpt>
      <trkpt lat="32.902614" lon="35.384569"><ele>296.6</ele></trkpt>
      <trkpt lat="32.902533" lon="35.384589"><ele>296.3</ele></trkpt>
      <trkpt lat="32.902484" lon="35.384589"><ele>295.9</ele></trkpt>
      <trkpt lat="32.902372" lon="35.384626"><ele>295.2</ele></trkpt>
      <trkpt lat="32.902315" lon="35.384646"><ele>294.9</ele></trkpt>
      <trkpt lat="32.902191" lon="35.384640"><ele>293.3</ele></trkpt>
      <trkpt lat="32.902055" lon="35.384671"><ele>291.8</ele></trkpt>
      <trkpt lat="32.902010" lon="35.384711"><ele>291.8</ele></trkpt>
      <trkpt lat="32.901945" lon="35.384790"><ele>292.5</ele></trkpt>
      <trkpt lat="32.901915" lon="35.384782"><ele>292.0</ele></trkpt>
      <trkpt lat="32.901943" lon="35.384685"><ele>290.3</ele></trkpt>
      <trkpt lat="32.901972" lon="35.384603"><ele>289.3</ele></trkpt>
      <trkpt lat="32.901988" lon="35.384444"><ele>286.8</ele></trkpt>
      <trkpt lat="32.902003" lon="35.384373"><ele>285.8</ele></trkpt>
      <trkpt lat="32.902024" lon="35.384274"><ele>284.4</ele></trkpt>
      <trkpt lat="32.902081" lon="35.384178"><ele>283.7</ele></trkpt>
      <trkpt lat="32.902474" lon="35.383872"><ele>281.6</ele></trkpt>
      <trkpt lat="32.902786" lon="35.383557"><ele>279.2</ele></trkpt>
      <trkpt lat="32.902919" lon="35.383390"><ele>276.3</ele></trkpt>
      <trkpt lat="32.902996" lon="35.383233"><ele>274.2</ele></trkpt>
      <trkpt lat="32.903043" lon="35.383137"><ele>273.0</ele></trkpt>
      <trkpt lat="32.903114" lon="35.383089"><ele>271.3</ele></trkpt>
      <trkpt lat="32.903145" lon="35.383086"><ele>270.7</ele></trkpt>
      <trkpt lat="32.903198" lon="35.383072"><ele>269.6</ele></trkpt>
      <trkpt lat="32.903212" lon="35.383012"><ele>268.6</ele></trkpt>
      <trkpt lat="32.903169" lon="35.382905"><ele>268.1</ele></trkpt>
      <trkpt lat="32.903090" lon="35.382845"><ele>269.0</ele></trkpt>
      <trkpt lat="32.903017" lon="35.382718"><ele>268.8</ele></trkpt>
      <trkpt lat="32.902967" lon="35.382604"><ele>268.4</ele></trkpt>
      <trkpt lat="32.902931" lon="35.382522"><ele>268.1</ele></trkpt>
      <trkpt lat="32.902874" lon="35.382443"><ele>268.0</ele></trkpt>
      <trkpt lat="32.902810" lon="35.382213"><ele>267.5</ele></trkpt>
      <trkpt lat="32.902707" lon="35.381938"><ele>266.4</ele></trkpt>
      <trkpt lat="32.902641" lon="35.381708"><ele>264.4</ele></trkpt>
      <trkpt lat="32.902588" lon="35.381558"><ele>262.7</ele></trkpt>
      <trkpt lat="32.902531" lon="35.381458"><ele>261.7</ele></trkpt>
      <trkpt lat="32.902510" lon="35.381419"><ele>261.3</ele></trkpt>
      <trkpt lat="32.902391" lon="35.381266"><ele>259.0</ele></trkpt>
      <trkpt lat="32.902291" lon="35.381150"><ele>257.3</ele></trkpt>
      <trkpt lat="32.902217" lon="35.381113"><ele>257.0</ele></trkpt>
      <trkpt lat="32.902167" lon="35.381087"><ele>256.7</ele></trkpt>
      <trkpt lat="32.902110" lon="35.381005"><ele>255.9</ele></trkpt>
      <trkpt lat="32.902103" lon="35.380900"><ele>254.7</ele></trkpt>
      <trkpt lat="32.902143" lon="35.380798"><ele>253.5</ele></trkpt>
      <trkpt lat="32.902298" lon="35.380679"><ele>251.4</ele></trkpt>
      <trkpt lat="32.902472" lon="35.380637"><ele>250.0</ele></trkpt>
      <trkpt lat="32.902655" lon="35.380640"><ele>248.4</ele></trkpt>
      <trkpt lat="32.902817" lon="35.380631"><ele>246.5</ele></trkpt>
      <trkpt lat="32.902960" lon="35.380707"><ele>245.6</ele></trkpt>
      <trkpt lat="32.903081" lon="35.380742"><ele>244.1</ele></trkpt>
      <trkpt lat="32.903171" lon="35.380815"><ele>243.2</ele></trkpt>
      <trkpt lat="32.903364" lon="35.381042"><ele>242.4</ele></trkpt>
      <trkpt lat="32.903505" lon="35.381243"><ele>242.3</ele></trkpt>
      <trkpt lat="32.903576" lon="35.381416"><ele>242.9</ele></trkpt>
      <trkpt lat="32.903619" lon="35.381572"><ele>243.4</ele></trkpt>
      <trkpt lat="32.903655" lon="35.381561"><ele>243.9</ele></trkpt>
      <trkpt lat="32.903690" lon="35.381408"><ele>243.3</ele></trkpt>
      <trkpt lat="32.903700" lon="35.381232"><ele>241.6</ele></trkpt>
      <trkpt lat="32.903712" lon="35.381002"><ele>238.9</ele></trkpt>
      <trkpt lat="32.903774" lon="35.380932"><ele>238.8</ele></trkpt>
      <trkpt lat="32.903789" lon="35.380901"><ele>238.5</ele></trkpt>
      <trkpt lat="32.903838" lon="35.380835"><ele>238.3</ele></trkpt>
      <trkpt lat="32.903861" lon="35.380767"><ele>238.3</ele></trkpt>
      <trkpt lat="32.903898" lon="35.380550"><ele>238.5</ele></trkpt>
      <trkpt lat="32.903908" lon="35.380026"><ele>238.9</ele></trkpt>
      <trkpt lat="32.903899" lon="35.379836"><ele>239.1</ele></trkpt>
      <trkpt lat="32.903871" lon="35.379648"><ele>239.0</ele></trkpt>
      <trkpt lat="32.903825" lon="35.379511"><ele>238.8</ele></trkpt>
      <trkpt lat="32.903776" lon="35.379453"><ele>238.1</ele></trkpt>
      <trkpt lat="32.903698" lon="35.379406"><ele>237.3</ele></trkpt>
      <trkpt lat="32.903528" lon="35.379351"><ele>235.1</ele></trkpt>
      <trkpt lat="32.903124" lon="35.379159"><ele>233.2</ele></trkpt>
      <trkpt lat="32.902722" lon="35.379023"><ele>230.0</ele></trkpt>
      <trkpt lat="32.902331" lon="35.378855"><ele>226.8</ele></trkpt>
      <trkpt lat="32.901855" lon="35.378690"><ele>221.9</ele></trkpt>
      <trkpt lat="32.901681" lon="35.378614"><ele>220.3</ele></trkpt>
      <trkpt lat="32.901542" lon="35.378513"><ele>219.3</ele></trkpt>
      <trkpt lat="32.901447" lon="35.378444"><ele>218.4</ele></trkpt>
      <trkpt lat="32.901283" lon="35.378258"><ele>216.8</ele></trkpt>
      <trkpt lat="32.901188" lon="35.378112"><ele>215.6</ele></trkpt>
      <trkpt lat="32.901124" lon="35.377961"><ele>214.7</ele></trkpt>
      <trkpt lat="32.900922" lon="35.377174"><ele>211.9</ele></trkpt>
      <trkpt lat="32.900801" lon="35.377179"><ele>209.4</ele></trkpt>
      <trkpt lat="32.900754" lon="35.377279"><ele>208.5</ele></trkpt>
      <trkpt lat="32.900776" lon="35.377403"><ele>208.8</ele></trkpt>
      <trkpt lat="32.900844" lon="35.377615"><ele>209.4</ele></trkpt>
      <trkpt lat="32.900923" lon="35.377804"><ele>210.0</ele></trkpt>
      <trkpt lat="32.900934" lon="35.377961"><ele>209.1</ele></trkpt>
      <trkpt lat="32.900882" lon="35.378000"><ele>207.1</ele></trkpt>
      <trkpt lat="32.900819" lon="35.378150"><ele>203.7</ele></trkpt>
      <trkpt lat="32.900784" lon="35.378318"><ele>201.3</ele></trkpt>
      <trkpt lat="32.900831" lon="35.378430"><ele>201.3</ele></trkpt>
      <trkpt lat="32.900817" lon="35.378472"><ele>200.7</ele></trkpt>
      <trkpt lat="32.900784" lon="35.378486"><ele>200.0</ele></trkpt>
      <trkpt lat="32.900701" lon="35.378447"><ele>198.8</ele></trkpt>
      <trkpt lat="32.900619" lon="35.378348"><ele>198.0</ele></trkpt>
      <trkpt lat="32.900578" lon="35.378348"><ele>197.3</ele></trkpt>
      <trkpt lat="32.900562" lon="35.378400"><ele>196.7</ele></trkpt>
      <trkpt lat="32.900578" lon="35.378493"><ele>196.3</ele></trkpt>
      <trkpt lat="32.900652" lon="35.378566"><ele>197.1</ele></trkpt>
      <trkpt lat="32.900662" lon="35.378650"><ele>196.7</ele></trkpt>
      <trkpt lat="32.900668" lon="35.378818"><ele>196.0</ele></trkpt>
      <trkpt lat="32.900711" lon="35.378995"><ele>196.2</ele></trkpt>
      <trkpt lat="32.900727" lon="35.379117"><ele>196.5</ele></trkpt>
      <trkpt lat="32.900636" lon="35.379313"><ele>197.3</ele></trkpt>
      <trkpt lat="32.900578" lon="35.379514"><ele>199.1</ele></trkpt>
      <trkpt lat="32.900468" lon="35.379672"><ele>199.8</ele></trkpt>
      <trkpt lat="32.900435" lon="35.379717"><ele>200.1</ele></trkpt>
      <trkpt lat="32.900358" lon="35.379820"><ele>200.4</ele></trkpt>
      <trkpt lat="32.900217" lon="35.379960"><ele>200.1</ele></trkpt>
      <trkpt lat="32.900052" lon="35.380093"><ele>199.3</ele></trkpt>
      <trkpt lat="32.900015" lon="35.380158"><ele>199.3</ele></trkpt>
      <trkpt lat="32.899907" lon="35.380322"><ele>199.0</ele></trkpt>
      <trkpt lat="32.899866" lon="35.380480"><ele>199.5</ele></trkpt>
      <trkpt lat="32.899797" lon="35.380658"><ele>199.5</ele></trkpt>
      <trkpt lat="32.899786" lon="35.380947"><ele>200.3</ele></trkpt>
      <trkpt lat="32.899786" lon="35.381211"><ele>200.8</ele></trkpt>
      <trkpt lat="32.899774" lon="35.381438"><ele>200.4</ele></trkpt>
      <trkpt lat="32.899784" lon="35.381608"><ele>200.1</ele></trkpt>
      <trkpt lat="32.899856" lon="35.381762"><ele>201.3</ele></trkpt>
      <trkpt lat="32.899948" lon="35.381914"><ele>203.1</ele></trkpt>
      <trkpt lat="32.899984" lon="35.381947"><ele>203.8</ele></trkpt>
      <trkpt lat="32.900013" lon="35.381972"><ele>204.4</ele></trkpt>
      <trkpt lat="32.900070" lon="35.381893"><ele>204.9</ele></trkpt>
      <trkpt lat="32.900084" lon="35.381765"><ele>204.8</ele></trkpt>
      <trkpt lat="32.900088" lon="35.381627"><ele>204.6</ele></trkpt>
      <trkpt lat="32.900174" lon="35.381575"><ele>206.1</ele></trkpt>
      <trkpt lat="32.900250" lon="35.381594"><ele>207.5</ele></trkpt>
      <trkpt lat="32.900303" lon="35.381673"><ele>208.6</ele></trkpt>
      <trkpt lat="32.900342" lon="35.381741"><ele>209.4</ele></trkpt>
      <trkpt lat="32.900403" lon="35.381790"><ele>210.7</ele></trkpt>
      <trkpt lat="32.900401" lon="35.381849"><ele>210.7</ele></trkpt>
      <trkpt lat="32.900337" lon="35.381944"><ele>209.3</ele></trkpt>
      <trkpt lat="32.900289" lon="35.382108"><ele>209.4</ele></trkpt>
      <trkpt lat="32.900260" lon="35.382239"><ele>210.0</ele></trkpt>
      <trkpt lat="32.900207" lon="35.382334"><ele>210.7</ele></trkpt>
      <trkpt lat="32.900064" lon="35.382402"><ele>210.0</ele></trkpt>
      <trkpt lat="32.899890" lon="35.382484"><ele>209.9</ele></trkpt>
      <trkpt lat="32.899688" lon="35.382568"><ele>209.8</ele></trkpt>
      <trkpt lat="32.899664" lon="35.382591"><ele>210.0</ele></trkpt>
      <trkpt lat="32.899588" lon="35.382729"><ele>211.4</ele></trkpt>
      <trkpt lat="32.899517" lon="35.382808"><ele>212.0</ele></trkpt>
      <trkpt lat="32.899470" lon="35.382918"><ele>213.2</ele></trkpt>
      <trkpt lat="32.899380" lon="35.382969"><ele>213.2</ele></trkpt>
      <trkpt lat="32.899293" lon="35.383077"><ele>214.2</ele></trkpt>
      <trkpt lat="32.899215" lon="35.383184"><ele>214.8</ele></trkpt>
      <trkpt lat="32.899005" lon="35.383226"><ele>214.0</ele></trkpt>
      <trkpt lat="32.898882" lon="35.383299"><ele>214.4</ele></trkpt>
      <trkpt lat="32.898611" lon="35.383467"><ele>214.4</ele></trkpt>
      <trkpt lat="32.898419" lon="35.383642"><ele>215.1</ele></trkpt>
      <trkpt lat="32.898317" lon="35.383754"><ele>215.9</ele></trkpt>
      <trkpt lat="32.898227" lon="35.383742"><ele>214.9</ele></trkpt>
      <trkpt lat="32.898145" lon="35.383775"><ele>214.6</ele></trkpt>
      <trkpt lat="32.897980" lon="35.383815"><ele>213.6</ele></trkpt>
      <trkpt lat="32.897933" lon="35.383861"><ele>213.8</ele></trkpt>
      <trkpt lat="32.897874" lon="35.383875"><ele>213.5</ele></trkpt>
      <trkpt lat="32.897731" lon="35.383889"><ele>212.5</ele></trkpt>
      <trkpt lat="32.897690" lon="35.383882"><ele>212.0</ele></trkpt>
      <trkpt lat="32.897413" lon="35.383931"><ele>210.0</ele></trkpt>
      <trkpt lat="32.897353" lon="35.384018"><ele>210.8</ele></trkpt>
      <trkpt lat="32.897121" lon="35.384102"><ele>209.7</ele></trkpt>
      <trkpt lat="32.896949" lon="35.384174"><ele>208.2</ele></trkpt>
      <trkpt lat="32.896845" lon="35.384263"><ele>208.1</ele></trkpt>
      <trkpt lat="32.896713" lon="35.384284"><ele>207.1</ele></trkpt>
      <trkpt lat="32.896649" lon="35.384319"><ele>207.0</ele></trkpt>
      <trkpt lat="32.896547" lon="35.384450"><ele>207.8</ele></trkpt>
      <trkpt lat="32.896472" lon="35.384574"><ele>208.4</ele></trkpt>
      <trkpt lat="32.896366" lon="35.384632"><ele>207.9</ele></trkpt>
      <trkpt lat="32.896233" lon="35.384665"><ele>207.3</ele></trkpt>
      <trkpt lat="32.896113" lon="35.384749"><ele>207.3</ele></trkpt>
      <trkpt lat="32.896023" lon="35.384905"><ele>208.5</ele></trkpt>
      <trkpt lat="32.895898" lon="35.385057"><ele>209.1</ele></trkpt>
      <trkpt lat="32.895668" lon="35.385153"><ele>209.1</ele></trkpt>
      <trkpt lat="32.895476" lon="35.385225"><ele>208.9</ele></trkpt>
      <trkpt lat="32.895437" lon="35.385295"><ele>209.3</ele></trkpt>
      <trkpt lat="32.895314" lon="35.385438"><ele>210.0</ele></trkpt>
      <trkpt lat="32.895092" lon="35.385580"><ele>210.5</ele></trkpt>
      <trkpt lat="32.894914" lon="35.385708"><ele>210.7</ele></trkpt>
      <trkpt lat="32.894676" lon="35.385816"><ele>210.5</ele></trkpt>
      <trkpt lat="32.894602" lon="35.385799"><ele>209.8</ele></trkpt>
      <trkpt lat="32.894510" lon="35.385720"><ele>208.6</ele></trkpt>
      <trkpt lat="32.894347" lon="35.385734"><ele>207.6</ele></trkpt>
      <trkpt lat="32.894192" lon="35.385711"><ele>206.3</ele></trkpt>
      <trkpt lat="32.894184" lon="35.385599"><ele>205.4</ele></trkpt>
      <trkpt lat="32.894202" lon="35.385456"><ele>204.2</ele></trkpt>
      <trkpt lat="32.894161" lon="35.385342"><ele>202.6</ele></trkpt>
      <trkpt lat="32.894080" lon="35.385302"><ele>201.3</ele></trkpt>
      <trkpt lat="32.893988" lon="35.385314"><ele>200.5</ele></trkpt>
      <trkpt lat="32.893908" lon="35.385360"><ele>200.1</ele></trkpt>
      <trkpt lat="32.893800" lon="35.385470"><ele>200.2</ele></trkpt>
      <trkpt lat="32.893737" lon="35.385571"><ele>200.5</ele></trkpt>
      <trkpt lat="32.893643" lon="35.385580"><ele>199.6</ele></trkpt>
      <trkpt lat="32.893588" lon="35.385526"><ele>198.6</ele></trkpt>
      <trkpt lat="32.893557" lon="35.385416"><ele>197.6</ele></trkpt>
      <trkpt lat="32.893616" lon="35.385281"><ele>197.1</ele></trkpt>
      <trkpt lat="32.893655" lon="35.385099"><ele>196.1</ele></trkpt>
      <trkpt lat="32.893710" lon="35.384975"><ele>195.9</ele></trkpt>
      <trkpt lat="32.893751" lon="35.384898"><ele>195.8</ele></trkpt>
      <trkpt lat="32.893806" lon="35.384816"><ele>195.8</ele></trkpt>
      <trkpt lat="32.893910" lon="35.384604"><ele>195.3</ele></trkpt>
      <trkpt lat="32.893986" lon="35.384482"><ele>194.7</ele></trkpt>
      <trkpt lat="32.894235" lon="35.384228"><ele>193.9</ele></trkpt>
      <trkpt lat="32.894380" lon="35.384009"><ele>193.0</ele></trkpt>
      <trkpt lat="32.894543" lon="35.383810"><ele>191.8</ele></trkpt>
      <trkpt lat="32.894616" lon="35.383787"><ele>191.9</ele></trkpt>
      <trkpt lat="32.894694" lon="35.383777"><ele>192.1</ele></trkpt>
      <trkpt lat="32.894674" lon="35.383665"><ele>191.2</ele></trkpt>
      <trkpt lat="32.894571" lon="35.383560"><ele>189.9</ele></trkpt>
      <trkpt lat="32.894518" lon="35.383490"><ele>189.0</ele></trkpt>
      <trkpt lat="32.894480" lon="35.383397"><ele>187.8</ele></trkpt>
      <trkpt lat="32.894751" lon="35.383208"><ele>185.8</ele></trkpt>
      <trkpt lat="32.894961" lon="35.383051"><ele>183.8</ele></trkpt>
      <trkpt lat="32.895086" lon="35.382794"><ele>181.8</ele></trkpt>
      <trkpt lat="32.895463" lon="35.382024"><ele>177.4</ele></trkpt>
      <trkpt lat="32.895692" lon="35.381667"><ele>177.0</ele></trkpt>
      <trkpt lat="32.895831" lon="35.381522"><ele>176.4</ele></trkpt>
      <trkpt lat="32.895827" lon="35.381452"><ele>175.7</ele></trkpt>
      <trkpt lat="32.895796" lon="35.381286"><ele>174.1</ele></trkpt>
      <trkpt lat="32.895792" lon="35.381034"><ele>172.3</ele></trkpt>
      <trkpt lat="32.895819" lon="35.380996"><ele>172.1</ele></trkpt>
      <trkpt lat="32.895868" lon="35.380987"><ele>172.2</ele></trkpt>
      <trkpt lat="32.895910" lon="35.381027"><ele>172.7</ele></trkpt>
      <trkpt lat="32.896015" lon="35.381071"><ele>173.4</ele></trkpt>
      <trkpt lat="32.896098" lon="35.381022"><ele>173.3</ele></trkpt>
      <trkpt lat="32.896166" lon="35.380994"><ele>173.4</ele></trkpt>
      <trkpt lat="32.896214" lon="35.380929"><ele>173.1</ele></trkpt>
      <trkpt lat="32.896274" lon="35.380753"><ele>172.5</ele></trkpt>
      <trkpt lat="32.896388" lon="35.380560"><ele>173.0</ele></trkpt>
      <trkpt lat="32.896450" lon="35.380460"><ele>173.6</ele></trkpt>
      <trkpt lat="32.896484" lon="35.380364"><ele>174.0</ele></trkpt>
      <trkpt lat="32.896488" lon="35.380221"><ele>174.8</ele></trkpt>
      <trkpt lat="32.896435" lon="35.380132"><ele>175.2</ele></trkpt>
      <trkpt lat="32.896300" lon="35.380053"><ele>175.3</ele></trkpt>
      <trkpt lat="32.896274" lon="35.380016"><ele>175.5</ele></trkpt>
      <trkpt lat="32.896178" lon="35.379936"><ele>175.4</ele></trkpt>
      <trkpt lat="32.896061" lon="35.379918"><ele>175.3</ele></trkpt>
      <trkpt lat="32.895817" lon="35.379911"><ele>175.3</ele></trkpt>
      <trkpt lat="32.895716" lon="35.379941"><ele>175.2</ele></trkpt>
      <trkpt lat="32.895553" lon="35.380034"><ele>174.6</ele></trkpt>
      <trkpt lat="32.895486" lon="35.380018"><ele>175.0</ele></trkpt>
      <trkpt lat="32.895398" lon="35.380025"><ele>175.2</ele></trkpt>
      <trkpt lat="32.895310" lon="35.380016"><ele>175.7</ele></trkpt>
      <trkpt lat="32.895292" lon="35.379971"><ele>176.0</ele></trkpt>
      <trkpt lat="32.895319" lon="35.379953"><ele>176.0</ele></trkpt>
      <trkpt lat="32.895380" lon="35.379913"><ele>175.9</ele></trkpt>
      <trkpt lat="32.895449" lon="35.379894"><ele>175.8</ele></trkpt>
      <trkpt lat="32.895461" lon="35.379845"><ele>175.9</ele></trkpt>
      <trkpt lat="32.895512" lon="35.379794"><ele>175.9</ele></trkpt>
      <trkpt lat="32.895615" lon="35.379665"><ele>176.0</ele></trkpt>
      <trkpt lat="32.895684" lon="35.379635"><ele>176.0</ele></trkpt>
      <trkpt lat="32.895753" lon="35.379654"><ele>176.0</ele></trkpt>
      <trkpt lat="32.895812" lon="35.379600"><ele>176.0</ele></trkpt>
      <trkpt lat="32.895892" lon="35.379532"><ele>176.0</ele></trkpt>
      <trkpt lat="32.896061" lon="35.379537"><ele>176.0</ele></trkpt>
      <trkpt lat="32.896264" lon="35.379516"><ele>176.0</ele></trkpt>
      <trkpt lat="32.896341" lon="35.379551"><ele>176.0</ele></trkpt>
      <trkpt lat="32.896430" lon="35.379625"><ele>176.1</ele></trkpt>
      <trkpt lat="32.896588" lon="35.379696"><ele>176.6</ele></trkpt>
      <trkpt lat="32.896739" lon="35.379693"><ele>176.9</ele></trkpt>
      <trkpt lat="32.896858" lon="35.379622"><ele>176.6</ele></trkpt>
      <trkpt lat="32.896924" lon="35.379678"><ele>176.8</ele></trkpt>
      <trkpt lat="32.896980" lon="35.379742"><ele>177.0</ele></trkpt>
      <trkpt lat="32.897084" lon="35.379802"><ele>177.0</ele></trkpt>
      <trkpt lat="32.897286" lon="35.379838"><ele>177.3</ele></trkpt>
      <trkpt lat="32.897355" lon="35.379806"><ele>177.6</ele></trkpt>
      <trkpt lat="32.897536" lon="35.379682"><ele>177.7</ele></trkpt>
      <trkpt lat="32.897646" lon="35.379586"><ele>177.3</ele></trkpt>
      <trkpt lat="32.897705" lon="35.379516"><ele>177.1</ele></trkpt>
      <trkpt lat="32.897768" lon="35.379441"><ele>176.9</ele></trkpt>
      <trkpt lat="32.897863" lon="35.379363"><ele>176.5</ele></trkpt>
      <trkpt lat="32.898062" lon="35.379236"><ele>176.3</ele></trkpt>
      <trkpt lat="32.898184" lon="35.379144"><ele>176.2</ele></trkpt>
      <trkpt lat="32.898237" lon="35.378949"><ele>174.3</ele></trkpt>
      <trkpt lat="32.898207" lon="35.378776"><ele>172.6</ele></trkpt>
      <trkpt lat="32.898112" lon="35.378719"><ele>171.5</ele></trkpt>
      <trkpt lat="32.898008" lon="35.378719"><ele>170.8</ele></trkpt>
      <trkpt lat="32.897869" lon="35.378797"><ele>170.7</ele></trkpt>
      <trkpt lat="32.897750" lon="35.378879"><ele>170.9</ele></trkpt>
      <trkpt lat="32.897574" lon="35.378953"><ele>171.8</ele></trkpt>
      <trkpt lat="32.897551" lon="35.378886"><ele>171.0</ele></trkpt>
      <trkpt lat="32.897571" lon="35.378833"><ele>170.2</ele></trkpt>
      <trkpt lat="32.897622" lon="35.378723"><ele>168.9</ele></trkpt>
      <trkpt lat="32.897768" lon="35.378588"><ele>168.0</ele></trkpt>
      <trkpt lat="32.897839" lon="35.378316"><ele>169.6</ele></trkpt>
      <trkpt lat="32.897812" lon="35.378203"><ele>170.7</ele></trkpt>
      <trkpt lat="32.897723" lon="35.378174"><ele>170.2</ele></trkpt>
      <trkpt lat="32.897467" lon="35.378178"><ele>168.1</ele></trkpt>
      <trkpt lat="32.897090" lon="35.378146"><ele>165.9</ele></trkpt>
      <trkpt lat="32.896855" lon="35.378089"><ele>164.0</ele></trkpt>
      <trkpt lat="32.896597" lon="35.377919"><ele>161.7</ele></trkpt>
      <trkpt lat="32.896451" lon="35.377675"><ele>160.4</ele></trkpt>
      <trkpt lat="32.895693" lon="35.376727"><ele>153.5</ele></trkpt>
      <trkpt lat="32.895462" lon="35.376433"><ele>151.7</ele></trkpt>
      <trkpt lat="32.895283" lon="35.376196"><ele>149.1</ele></trkpt>
      <trkpt lat="32.895162" lon="35.376019"><ele>148.3</ele></trkpt>
      <trkpt lat="32.895147" lon="35.375845"><ele>146.7</ele></trkpt>
      <trkpt lat="32.895182" lon="35.375729"><ele>146.5</ele></trkpt>
      <trkpt lat="32.895337" lon="35.375669"><ele>147.6</ele></trkpt>
      <trkpt lat="32.895756" lon="35.375410"><ele>152.0</ele></trkpt>
      <trkpt lat="32.896029" lon="35.375240"><ele>154.8</ele></trkpt>
      <trkpt lat="32.896225" lon="35.375141"><ele>156.6</ele></trkpt>
      <trkpt lat="32.896285" lon="35.375039"><ele>156.0</ele></trkpt>
      <trkpt lat="32.896386" lon="35.374858"><ele>157.0</ele></trkpt>
      <trkpt lat="32.896401" lon="35.374671"><ele>158.2</ele></trkpt>
      <trkpt lat="32.896347" lon="35.374529"><ele>158.7</ele></trkpt>
      <trkpt lat="32.896386" lon="35.374412"><ele>159.1</ele></trkpt>
      <trkpt lat="32.896457" lon="35.374267"><ele>160.1</ele></trkpt>
      <trkpt lat="32.896487" lon="35.374065"><ele>160.5</ele></trkpt>
      <trkpt lat="32.896502" lon="35.373839"><ele>159.9</ele></trkpt>
      <trkpt lat="32.896597" lon="35.373708"><ele>160.4</ele></trkpt>
      <trkpt lat="32.896734" lon="35.373644"><ele>161.8</ele></trkpt>
      <trkpt lat="32.896906" lon="35.373584"><ele>163.4</ele></trkpt>
      <trkpt lat="32.897004" lon="35.373556"><ele>164.5</ele></trkpt>
      <trkpt lat="32.897147" lon="35.373556"><ele>166.5</ele></trkpt>
      <trkpt lat="32.897262" lon="35.373587"><ele>168.3</ele></trkpt>
      <trkpt lat="32.897369" lon="35.373573"><ele>169.4</ele></trkpt>
      <trkpt lat="32.897488" lon="35.373577"><ele>170.7</ele></trkpt>
      <trkpt lat="32.897616" lon="35.373545"><ele>172.0</ele></trkpt>
      <trkpt lat="32.897765" lon="35.373488"><ele>173.4</ele></trkpt>
      <trkpt lat="32.897878" lon="35.373425"><ele>174.3</ele></trkpt>
      <trkpt lat="32.897936" lon="35.373342"><ele>174.7</ele></trkpt>
      <trkpt lat="32.897955" lon="35.373315"><ele>174.8</ele></trkpt>
      <trkpt lat="32.897998" lon="35.373300"><ele>175.3</ele></trkpt>
      <trkpt lat="32.898038" lon="35.373287"><ele>175.6</ele></trkpt>
      <trkpt lat="32.898041" lon="35.373285"><ele>175.7</ele></trkpt>
      <trkpt lat="32.898069" lon="35.373266"><ele>175.9</ele></trkpt>
      <trkpt lat="32.898069" lon="35.373266"><ele>175.9</ele></trkpt>
      <trkpt lat="32.898122" lon="35.373291"><ele>176.5</ele></trkpt>
      <trkpt lat="32.898176" lon="35.373314"><ele>177.2</ele></trkpt>
      <trkpt lat="32.898280" lon="35.373317"><ele>178.3</ele></trkpt>
      <trkpt lat="32.898370" lon="35.373294"><ele>179.0</ele></trkpt>
      <trkpt lat="32.898576" lon="35.373351"><ele>180.7</ele></trkpt>
      <trkpt lat="32.898736" lon="35.373391"><ele>181.9</ele></trkpt>
      <trkpt lat="32.898909" lon="35.373444"><ele>183.1</ele></trkpt>
      <trkpt lat="32.899037" lon="35.373615"><ele>183.5</ele></trkpt>
      <trkpt lat="32.899124" lon="35.373743"><ele>183.8</ele></trkpt>
      <trkpt lat="32.899284" lon="35.373762"><ele>185.0</ele></trkpt>
      <trkpt lat="32.899429" lon="35.373700"><ele>186.5</ele></trkpt>
      <trkpt lat="32.899678" lon="35.373545"><ele>189.3</ele></trkpt>
      <trkpt lat="32.899926" lon="35.373391"><ele>191.6</ele></trkpt>
      <trkpt lat="32.900174" lon="35.373236"><ele>194.4</ele></trkpt>
      <trkpt lat="32.900423" lon="35.373082"><ele>196.4</ele></trkpt>
      <trkpt lat="32.900671" lon="35.372927"><ele>198.1</ele></trkpt>
      <trkpt lat="32.900920" lon="35.372773"><ele>198.8</ele></trkpt>
      <trkpt lat="32.901193" lon="35.372707"><ele>199.8</ele></trkpt>
      <trkpt lat="32.901466" lon="35.372642"><ele>200.7</ele></trkpt>
      <trkpt lat="32.901739" lon="35.372577"><ele>198.9</ele></trkpt>
      <trkpt lat="32.902105" lon="35.372779"><ele>205.9</ele></trkpt>
      <trkpt lat="32.902405" lon="35.372931"><ele>210.0</ele></trkpt>
      <trkpt lat="32.902640" lon="35.373024"><ele>212.0</ele></trkpt>
      <trkpt lat="32.902940" lon="35.373108"><ele>214.0</ele></trkpt>
      <trkpt lat="32.903322" lon="35.373113"><ele>215.4</ele></trkpt>
      <trkpt lat="32.903578" lon="35.373127"><ele>217.9</ele></trkpt>
      <trkpt lat="32.903759" lon="35.373167"><ele>220.5</ele></trkpt>
      <trkpt lat="32.903940" lon="35.373206"><ele>223.4</ele></trkpt>
      <trkpt lat="32.904154" lon="35.373123"><ele>220.6</ele></trkpt>
      <trkpt lat="32.904397" lon="35.373024"><ele>217.1</ele></trkpt>
      <trkpt lat="32.904673" lon="35.373018"><ele>218.7</ele></trkpt>
      <trkpt lat="32.904949" lon="35.373011"><ele>219.6</ele></trkpt>
      <trkpt lat="32.905434" lon="35.372992"><ele>218.9</ele></trkpt>
      <trkpt lat="32.905937" lon="35.373172"><ele>222.5</ele></trkpt>
      <trkpt lat="32.906460" lon="35.373255"><ele>216.6</ele></trkpt>
      <trkpt lat="32.906760" lon="35.373329"><ele>215.4</ele></trkpt>
      <trkpt lat="32.906982" lon="35.373515"><ele>220.3</ele></trkpt>
      <trkpt lat="32.907063" lon="35.373572"><ele>221.7</ele></trkpt>
      <trkpt lat="32.907145" lon="35.373611"><ele>222.1</ele></trkpt>
      <trkpt lat="32.907155" lon="35.373579"><ele>220.7</ele></trkpt>
      <trkpt lat="32.907170" lon="35.373577"><ele>220.4</ele></trkpt>
      <trkpt lat="32.907284" lon="35.373596"><ele>220.0</ele></trkpt>
      <trkpt lat="32.907442" lon="35.373628"><ele>220.0</ele></trkpt>
      <trkpt lat="32.907570" lon="35.373656"><ele>220.3</ele></trkpt>
      <trkpt lat="32.907632" lon="35.373660"><ele>220.2</ele></trkpt>
      <trkpt lat="32.907833" lon="35.373625"><ele>218.2</ele></trkpt>
      <trkpt lat="32.908013" lon="35.373616"><ele>217.3</ele></trkpt>
      <trkpt lat="32.908215" lon="35.373571"><ele>215.8</ele></trkpt>
      <trkpt lat="32.908346" lon="35.373553"><ele>215.3</ele></trkpt>
      <trkpt lat="32.908450" lon="35.373583"><ele>216.2</ele></trkpt>
      <trkpt lat="32.908665" lon="35.373654"><ele>217.7</ele></trkpt>
      <trkpt lat="32.908870" lon="35.373712"><ele>218.2</ele></trkpt>
      <trkpt lat="32.909037" lon="35.373755"><ele>218.3</ele></trkpt>
      <trkpt lat="32.909260" lon="35.373824"><ele>218.2</ele></trkpt>
      <trkpt lat="32.909372" lon="35.373868"><ele>218.2</ele></trkpt>
      <trkpt lat="32.909461" lon="35.373975"><ele>218.7</ele></trkpt>
      <trkpt lat="32.909483" lon="35.374053"><ele>219.2</ele></trkpt>
      <trkpt lat="32.909537" lon="35.374154"><ele>219.5</ele></trkpt>
      <trkpt lat="32.909571" lon="35.374178"><ele>219.3</ele></trkpt>
      <trkpt lat="32.909625" lon="35.374232"><ele>219.0</ele></trkpt>
      <trkpt lat="32.909637" lon="35.374301"><ele>219.3</ele></trkpt>
      <trkpt lat="32.909628" lon="35.374354"><ele>219.9</ele></trkpt>
      <trkpt lat="32.909585" lon="35.374404"><ele>221.1</ele></trkpt>
      <trkpt lat="32.909551" lon="35.374419"><ele>221.8</ele></trkpt>
      <trkpt lat="32.909518" lon="35.374434"><ele>222.6</ele></trkpt>
      <trkpt lat="32.909509" lon="35.374485"><ele>223.3</ele></trkpt>
      <trkpt lat="32.909524" lon="35.374561"><ele>223.8</ele></trkpt>
      <trkpt lat="32.909538" lon="35.374632"><ele>224.3</ele></trkpt>
      <trkpt lat="32.909539" lon="35.374698"><ele>225.0</ele></trkpt>
      <trkpt lat="32.909812" lon="35.374943"></trkpt>
      <trkpt lat="32.909812" lon="35.374943"></trkpt>
      <trkpt lat="32.910075" lon="35.375010"><ele>228.8</ele></trkpt>
      <trkpt lat="32.910479" lon="35.375042"><ele>232.9</ele></trkpt>
      <trkpt lat="32.910658" lon="35.374890"><ele>231.9</ele></trkpt>
      <trkpt lat="32.911094" lon="35.374822"><ele>235.0</ele></trkpt>
      <trkpt lat="32.911549" lon="35.374609"><ele>235.9</ele></trkpt>
      <trkpt lat="32.912053" lon="35.374511"><ele>238.8</ele></trkpt>
      <trkpt lat="32.912160" lon="35.374384"><ele>237.5</ele></trkpt>
      <trkpt lat="32.912288" lon="35.374248"><ele>235.8</ele></trkpt>
      <trkpt lat="32.912483" lon="35.374227"><ele>236.2</ele></trkpt>
      <trkpt lat="32.912698" lon="35.374186"><ele>236.2</ele></trkpt>
      <trkpt lat="32.912826" lon="35.374165"><ele>236.2</ele></trkpt>
      <trkpt lat="32.912968" lon="35.374111"><ele>235.8</ele></trkpt>
      <trkpt lat="32.913045" lon="35.374099"><ele>235.8</ele></trkpt>
      <trkpt lat="32.913222" lon="35.374091"><ele>235.6</ele></trkpt>
      <trkpt lat="32.913499" lon="35.374111"><ele>235.4</ele></trkpt>
      <trkpt lat="32.913576" lon="35.373991"><ele>233.0</ele></trkpt>
      <trkpt lat="32.913593" lon="35.373797"><ele>229.7</ele></trkpt>
      <trkpt lat="32.913621" lon="35.373603"><ele>226.8</ele></trkpt>
      <trkpt lat="32.913690" lon="35.373471"><ele>224.2</ele></trkpt>
      <trkpt lat="32.913784" lon="35.373367"><ele>222.0</ele></trkpt>
      <trkpt lat="32.913822" lon="35.373330"><ele>221.2</ele></trkpt>
      <trkpt lat="32.913908" lon="35.373131"><ele>218.8</ele></trkpt>
      <trkpt lat="32.914075" lon="35.373128"><ele>218.8</ele></trkpt>
      <trkpt lat="32.914228" lon="35.373105"><ele>218.3</ele></trkpt>
      <trkpt lat="32.914326" lon="35.373078"><ele>217.7</ele></trkpt>
      <trkpt lat="32.914458" lon="35.373027"><ele>216.8</ele></trkpt>
      <trkpt lat="32.914588" lon="35.372962"><ele>216.3</ele></trkpt>
      <trkpt lat="32.914738" lon="35.373027"><ele>216.7</ele></trkpt>
      <trkpt lat="32.914831" lon="35.373028"><ele>216.4</ele></trkpt>
      <trkpt lat="32.915012" lon="35.372975"><ele>215.8</ele></trkpt>
      <trkpt lat="32.915124" lon="35.372999"><ele>216.1</ele></trkpt>
      <trkpt lat="32.915178" lon="35.373032"><ele>216.1</ele></trkpt>
      <trkpt lat="32.915869" lon="35.373650"><ele>218.6</ele></trkpt>
      <trkpt lat="32.915919" lon="35.373704"><ele>219.3</ele></trkpt>
      <trkpt lat="32.915976" lon="35.373764"><ele>219.8</ele></trkpt>
      <trkpt lat="32.916041" lon="35.373878"><ele>219.8</ele></trkpt>
      <trkpt lat="32.916222" lon="35.374081"><ele>221.0</ele></trkpt>
      <trkpt lat="32.916319" lon="35.374311"><ele>222.0</ele></trkpt>
      <trkpt lat="32.916418" lon="35.374658"><ele>223.4</ele></trkpt>
      <trkpt lat="32.916418" lon="35.374890"><ele>223.4</ele></trkpt>
      <trkpt lat="32.916411" lon="35.375206"><ele>224.0</ele></trkpt>
      <trkpt lat="32.916482" lon="35.375495"><ele>224.7</ele></trkpt>
      <trkpt lat="32.916584" lon="35.375649"><ele>225.1</ele></trkpt>
      <trkpt lat="32.916640" lon="35.376001"><ele>224.8</ele></trkpt>
      <trkpt lat="32.916680" lon="35.376221"><ele>225.5</ele></trkpt>
      <trkpt lat="32.916767" lon="35.376244"><ele>226.4</ele></trkpt>
      <trkpt lat="32.917084" lon="35.376153"><ele>228.8</ele></trkpt>
      <trkpt lat="32.917145" lon="35.376224"><ele>230.0</ele></trkpt>
      <trkpt lat="32.917173" lon="35.376359"><ele>231.2</ele></trkpt>
      <trkpt lat="32.917198" lon="35.376495"><ele>232.1</ele></trkpt>
      <trkpt lat="32.917265" lon="35.376560"><ele>232.9</ele></trkpt>
      <trkpt lat="32.917350" lon="35.376601"><ele>233.7</ele></trkpt>
      <trkpt lat="32.917497" lon="35.376560"><ele>234.6</ele></trkpt>
      <trkpt lat="32.917601" lon="35.376468"><ele>235.4</ele></trkpt>
      <trkpt lat="32.917693" lon="35.376426"><ele>236.2</ele></trkpt>
      <trkpt lat="32.917709" lon="35.376461"><ele>236.5</ele></trkpt>
      <trkpt lat="32.917734" lon="35.376562"><ele>237.2</ele></trkpt>
      <trkpt lat="32.917724" lon="35.376650"><ele>237.4</ele></trkpt>
      <trkpt lat="32.917771" lon="35.376723"><ele>238.1</ele></trkpt>
      <trkpt lat="32.917865" lon="35.376730"><ele>239.4</ele></trkpt>
      <trkpt lat="32.917908" lon="35.376695"><ele>239.9</ele></trkpt>
      <trkpt lat="32.917988" lon="35.376709"><ele>241.1</ele></trkpt>
      <trkpt lat="32.918054" lon="35.376647"><ele>241.9</ele></trkpt>
      <trkpt lat="32.918141" lon="35.376477"><ele>242.0</ele></trkpt>
      <trkpt lat="32.918263" lon="35.376305"><ele>241.8</ele></trkpt>
      <trkpt lat="32.918419" lon="35.376167"><ele>242.3</ele></trkpt>
      <trkpt lat="32.918489" lon="35.376176"><ele>243.2</ele></trkpt>
      <trkpt lat="32.918547" lon="35.376252"><ele>244.3</ele></trkpt>
      <trkpt lat="32.918559" lon="35.376376"><ele>245.3</ele></trkpt>
      <trkpt lat="32.918502" lon="35.376532"><ele>245.5</ele></trkpt>
      <trkpt lat="32.918483" lon="35.376647"><ele>246.0</ele></trkpt>
      <trkpt lat="32.918559" lon="35.376707"><ele>246.6</ele></trkpt>
      <trkpt lat="32.918704" lon="35.376751"><ele>247.7</ele></trkpt>
      <trkpt lat="32.918865" lon="35.376866"><ele>248.8</ele></trkpt>
      <trkpt lat="32.919004" lon="35.376852"><ele>249.7</ele></trkpt>
      <trkpt lat="32.919156" lon="35.376836"><ele>250.5</ele></trkpt>
      <trkpt lat="32.919295" lon="35.376750"><ele>251.0</ele></trkpt>
      <trkpt lat="32.919435" lon="35.376624"><ele>250.7</ele></trkpt>
      <trkpt lat="32.919618" lon="35.376465"><ele>251.0</ele></trkpt>
      <trkpt lat="32.919765" lon="35.376274"><ele>251.1</ele></trkpt>
      <trkpt lat="32.919812" lon="35.376107"><ele>251.0</ele></trkpt>
      <trkpt lat="32.919820" lon="35.376010"><ele>251.1</ele></trkpt>
      <trkpt lat="32.919811" lon="35.375709"><ele>251.9</ele></trkpt>
      <trkpt lat="32.919761" lon="35.375435"><ele>252.9</ele></trkpt>
      <trkpt lat="32.919689" lon="35.375277"><ele>252.6</ele></trkpt>
      <trkpt lat="32.919364" lon="35.374803"><ele>252.6</ele></trkpt>
      <trkpt lat="32.919067" lon="35.374148"><ele>255.0</ele></trkpt>
      <trkpt lat="32.918897" lon="35.373925"><ele>254.0</ele></trkpt>
      <trkpt lat="32.918857" lon="35.373685"><ele>254.4</ele></trkpt>
      <trkpt lat="32.918807" lon="35.373557"><ele>254.4</ele></trkpt>
      <trkpt lat="32.918765" lon="35.373361"><ele>255.1</ele></trkpt>
      <trkpt lat="32.918785" lon="35.373079"><ele>257.0</ele></trkpt>
      <trkpt lat="32.918796" lon="35.372887"><ele>258.4</ele></trkpt>
      <trkpt lat="32.918765" lon="35.372724"><ele>258.4</ele></trkpt>
      <trkpt lat="32.918771" lon="35.372584"><ele>258.8</ele></trkpt>
      <trkpt lat="32.918744" lon="35.372373"><ele>258.4</ele></trkpt>
      <trkpt lat="32.918795" lon="35.372175"><ele>259.3</ele></trkpt>
      <trkpt lat="32.918785" lon="35.371688"><ele>258.2</ele></trkpt>
      <trkpt lat="32.918851" lon="35.371181"><ele>255.8</ele></trkpt>
      <trkpt lat="32.919056" lon="35.370404"><ele>253.2</ele></trkpt>
      <trkpt lat="32.919117" lon="35.370312"><ele>253.5</ele></trkpt>
      <trkpt lat="32.919254" lon="35.370183"><ele>254.9</ele></trkpt>
      <trkpt lat="32.919352" lon="35.369944"><ele>254.5</ele></trkpt>
      <trkpt lat="32.919468" lon="35.369296"><ele>250.0</ele></trkpt>
      <trkpt lat="32.919671" lon="35.368678"><ele>249.5</ele></trkpt>
      <trkpt lat="32.919806" lon="35.368521"><ele>251.4</ele></trkpt>
      <trkpt lat="32.919847" lon="35.368401"><ele>251.3</ele></trkpt>
      <trkpt lat="32.919890" lon="35.368296"><ele>251.3</ele></trkpt>
      <trkpt lat="32.919934" lon="35.368149"><ele>250.9</ele></trkpt>
      <trkpt lat="32.920006" lon="35.368018"><ele>250.9</ele></trkpt>
      <trkpt lat="32.920065" lon="35.367902"><ele>251.2</ele></trkpt>
      <trkpt lat="32.920119" lon="35.367756"><ele>251.2</ele></trkpt>
      <trkpt lat="32.920206" lon="35.367654"><ele>252.6</ele></trkpt>
      <trkpt lat="32.920239" lon="35.367562"><ele>252.8</ele></trkpt>
      <trkpt lat="32.920279" lon="35.367457"><ele>253.2</ele></trkpt>
      <trkpt lat="32.920322" lon="35.367438"><ele>254.2</ele></trkpt>
      <trkpt lat="32.920344" lon="35.367452"><ele>254.7</ele></trkpt>
      <trkpt lat="32.920319" lon="35.367507"><ele>254.1</ele></trkpt>
      <trkpt lat="32.920335" lon="35.367526"><ele>254.6</ele></trkpt>
      <trkpt lat="32.920405" lon="35.367498"><ele>256.2</ele></trkpt>
      <trkpt lat="32.920505" lon="35.367355"><ele>258.0</ele></trkpt>
      <trkpt lat="32.920588" lon="35.367199"><ele>258.9</ele></trkpt>
      <trkpt lat="32.920650" lon="35.367096"><ele>260.1</ele></trkpt>
      <trkpt lat="32.920771" lon="35.366946"><ele>262.4</ele></trkpt>
      <trkpt lat="32.920883" lon="35.366822"><ele>263.2</ele></trkpt>
      <trkpt lat="32.921107" lon="35.366575"><ele>264.0</ele></trkpt>
      <trkpt lat="32.921163" lon="35.366571"><ele>265.3</ele></trkpt>
      <trkpt lat="32.921141" lon="35.366652"><ele>265.7</ele></trkpt>
      <trkpt lat="32.920944" lon="35.366907"><ele>265.8</ele></trkpt>
      <trkpt lat="32.920929" lon="35.367006"><ele>266.6</ele></trkpt>
      <trkpt lat="32.920946" lon="35.367123"><ele>268.0</ele></trkpt>
      <trkpt lat="32.920996" lon="35.367153"><ele>269.5</ele></trkpt>
      <trkpt lat="32.921118" lon="35.367102"><ele>271.9</ele></trkpt>
      <trkpt lat="32.921219" lon="35.366974"><ele>273.1</ele></trkpt>
      <trkpt lat="32.921292" lon="35.366781"><ele>272.0</ele></trkpt>
      <trkpt lat="32.921475" lon="35.366534"><ele>272.9</ele></trkpt>
      <trkpt lat="32.921613" lon="35.366436"><ele>275.2</ele></trkpt>
      <trkpt lat="32.921711" lon="35.366394"><ele>277.1</ele></trkpt>
      <trkpt lat="32.921757" lon="35.366390"><ele>278.0</ele></trkpt>
      <trkpt lat="32.921770" lon="35.366428"><ele>278.9</ele></trkpt>
      <trkpt lat="32.921733" lon="35.366500"><ele>279.2</ele></trkpt>
      <trkpt lat="32.921709" lon="35.366585"><ele>280.0</ele></trkpt>
      <trkpt lat="32.921749" lon="35.366642"><ele>282.0</ele></trkpt>
      <trkpt lat="32.921813" lon="35.366626"><ele>283.5</ele></trkpt>
      <trkpt lat="32.921960" lon="35.366470"><ele>284.1</ele></trkpt>
      <trkpt lat="32.922064" lon="35.366424"><ele>285.1</ele></trkpt>
      <trkpt lat="32.922247" lon="35.366344"><ele>286.2</ele></trkpt>
      <trkpt lat="32.922804" lon="35.366224"><ele>289.4</ele></trkpt>
      <trkpt lat="32.922997" lon="35.366169"><ele>289.1</ele></trkpt>
      <trkpt lat="32.923034" lon="35.366182"><ele>289.6</ele></trkpt>
      <trkpt lat="32.923012" lon="35.366228"><ele>290.7</ele></trkpt>
      <trkpt lat="32.922944" lon="35.366268"><ele>291.4</ele></trkpt>
      <trkpt lat="32.922772" lon="35.366385"><ele>293.8</ele></trkpt>
      <trkpt lat="32.922474" lon="35.366502"><ele>294.8</ele></trkpt>
      <trkpt lat="32.922378" lon="35.366635"><ele>297.3</ele></trkpt>
      <trkpt lat="32.922220" lon="35.366903"><ele>301.1</ele></trkpt>
      <trkpt lat="32.922137" lon="35.367013"><ele>300.2</ele></trkpt>
      <trkpt lat="32.922017" lon="35.367081"><ele>297.3</ele></trkpt>
      <trkpt lat="32.921941" lon="35.367128"><ele>295.5</ele></trkpt>
      <trkpt lat="32.921888" lon="35.367236"><ele>295.4</ele></trkpt>
      <trkpt lat="32.921843" lon="35.367316"><ele>295.2</ele></trkpt>
      <trkpt lat="32.921741" lon="35.367388"><ele>293.2</ele></trkpt>
      <trkpt lat="32.921591" lon="35.367418"><ele>289.4</ele></trkpt>
      <trkpt lat="32.921497" lon="35.367488"><ele>287.9</ele></trkpt>
      <trkpt lat="32.921372" lon="35.367597"><ele>285.9</ele></trkpt>
      <trkpt lat="32.921310" lon="35.367705"><ele>285.7</ele></trkpt>
      <trkpt lat="32.921286" lon="35.367891"><ele>287.5</ele></trkpt>
      <trkpt lat="32.921282" lon="35.368022"><ele>289.1</ele></trkpt>
      <trkpt lat="32.921221" lon="35.368089"><ele>288.1</ele></trkpt>
      <trkpt lat="32.921169" lon="35.368172"><ele>287.6</ele></trkpt>
      <trkpt lat="32.921093" lon="35.368287"><ele>286.8</ele></trkpt>
      <trkpt lat="32.921001" lon="35.368496"><ele>286.8</ele></trkpt>
      <trkpt lat="32.920925" lon="35.368687"><ele>287.1</ele></trkpt>
      <trkpt lat="32.920885" lon="35.368813"><ele>287.6</ele></trkpt>
      <trkpt lat="32.920882" lon="35.368914"><ele>289.0</ele></trkpt>
      <trkpt lat="32.920808" lon="35.369114"><ele>289.3</ele></trkpt>
      <trkpt lat="32.920679" lon="35.369330"><ele>287.8</ele></trkpt>
      <trkpt lat="32.920592" lon="35.369498"><ele>286.9</ele></trkpt>
      <trkpt lat="32.920537" lon="35.369723"><ele>287.4</ele></trkpt>
      <trkpt lat="32.920472" lon="35.370091"><ele>288.7</ele></trkpt>
      <trkpt lat="32.920408" lon="35.370271"><ele>287.7</ele></trkpt>
      <trkpt lat="32.920463" lon="35.370485"><ele>291.2</ele></trkpt>
      <trkpt lat="32.920442" lon="35.370866"><ele>292.0</ele></trkpt>
      <trkpt lat="32.920472" lon="35.370942"><ele>293.1</ele></trkpt>
      <trkpt lat="32.920506" lon="35.371119"><ele>294.4</ele></trkpt>
      <trkpt lat="32.920514" lon="35.371462"><ele>295.6</ele></trkpt>
      <trkpt lat="32.920601" lon="35.371834"><ele>298.5</ele></trkpt>
      <trkpt lat="32.920714" lon="35.372264"><ele>302.8</ele></trkpt>
      <trkpt lat="32.920766" lon="35.372596"><ele>304.8</ele></trkpt>
      <trkpt lat="32.920759" lon="35.372729"><ele>304.6</ele></trkpt>
      <trkpt lat="32.920834" lon="35.372888"><ele>307.1</ele></trkpt>
      <trkpt lat="32.920876" lon="35.373163"><ele>307.9</ele></trkpt>
      <trkpt lat="32.921057" lon="35.373685"><ele>310.5</ele></trkpt>
      <trkpt lat="32.921258" lon="35.374109"><ele>312.4</ele></trkpt>
      <trkpt lat="32.921583" lon="35.374662"><ele>311.8</ele></trkpt>
      <trkpt lat="32.921870" lon="35.375111"><ele>311.3</ele></trkpt>
      <trkpt lat="32.921980" lon="35.375279"><ele>311.1</ele></trkpt>
      <trkpt lat="32.922061" lon="35.375421"><ele>311.0</ele></trkpt>
      <trkpt lat="32.922182" lon="35.375541"><ele>312.1</ele></trkpt>
      <trkpt lat="32.922220" lon="35.375674"><ele>310.8</ele></trkpt>
      <trkpt lat="32.922278" lon="35.375797"><ele>310.7</ele></trkpt>
      <trkpt lat="32.922353" lon="35.375966"><ele>311.3</ele></trkpt>
      <trkpt lat="32.922393" lon="35.376401"><ele>309.4</ele></trkpt>
      <trkpt lat="32.922425" lon="35.376999"><ele>306.9</ele></trkpt>
      <trkpt lat="32.922400" lon="35.377169"><ele>306.4</ele></trkpt>
      <trkpt lat="32.922360" lon="35.377399"><ele>305.8</ele></trkpt>
      <trkpt lat="32.922388" lon="35.377648"><ele>306.8</ele></trkpt>
      <trkpt lat="32.922369" lon="35.377749"><ele>306.6</ele></trkpt>
      <trkpt lat="32.922359" lon="35.377981"><ele>307.2</ele></trkpt>
      <trkpt lat="32.922326" lon="35.378365"><ele>308.6</ele></trkpt>
      <trkpt lat="32.922284" lon="35.378650"><ele>309.2</ele></trkpt>
      <trkpt lat="32.922265" lon="35.378774"><ele>309.9</ele></trkpt>
      <trkpt lat="32.922243" lon="35.378850"><ele>310.1</ele></trkpt>
      <trkpt lat="32.922188" lon="35.378932"><ele>310.2</ele></trkpt>
      <trkpt lat="32.922067" lon="35.378926"><ele>309.3</ele></trkpt>
      <trkpt lat="32.921943" lon="35.378962"><ele>308.8</ele></trkpt>
      <trkpt lat="32.921785" lon="35.378960"><ele>308.2</ele></trkpt>
      <trkpt lat="32.921635" lon="35.379077"><ele>308.8</ele></trkpt>
      <trkpt lat="32.921506" lon="35.379181"><ele>309.0</ele></trkpt>
      <trkpt lat="32.921451" lon="35.379319"><ele>309.7</ele></trkpt>
      <trkpt lat="32.921393" lon="35.379471"><ele>310.2</ele></trkpt>
      <trkpt lat="32.921363" lon="35.379627"><ele>311.0</ele></trkpt>
      <trkpt lat="32.921380" lon="35.379792"><ele>312.1</ele></trkpt>
      <trkpt lat="32.921391" lon="35.379855"><ele>312.5</ele></trkpt>
      <trkpt lat="32.921360" lon="35.379924"><ele>312.2</ele></trkpt>
      <trkpt lat="32.921360" lon="35.380114"><ele>312.9</ele></trkpt>
      <trkpt lat="32.921331" lon="35.380220"><ele>312.6</ele></trkpt>
      <trkpt lat="32.921331" lon="35.380386"><ele>312.4</ele></trkpt>
      <trkpt lat="32.921317" lon="35.380460"><ele>312.0</ele></trkpt>
      <trkpt lat="32.921299" lon="35.380494"><ele>311.5</ele></trkpt>
      <trkpt lat="32.921203" lon="35.380614"><ele>309.5</ele></trkpt>
      <trkpt lat="32.921152" lon="35.380692"><ele>308.3</ele></trkpt>
      <trkpt lat="32.921120" lon="35.380830"><ele>307.2</ele></trkpt>
      <trkpt lat="32.921138" lon="35.380966"><ele>307.0</ele></trkpt>
      <trkpt lat="32.921096" lon="35.381363"><ele>304.8</ele></trkpt>
      <trkpt lat="32.921072" lon="35.381655"><ele>302.2</ele></trkpt>
      <trkpt lat="32.921053" lon="35.381906"><ele>302.6</ele></trkpt>
      <trkpt lat="32.921004" lon="35.382014"><ele>302.5</ele></trkpt>
      <trkpt lat="32.921014" lon="35.382120"><ele>304.0</ele></trkpt>
      <trkpt lat="32.920985" lon="35.382356"><ele>305.7</ele></trkpt>
      <trkpt lat="32.920986" lon="35.382519"><ele>306.9</ele></trkpt>
      <trkpt lat="32.920961" lon="35.382625"><ele>307.2</ele></trkpt>
      <trkpt lat="32.920929" lon="35.382832"><ele>308.1</ele></trkpt>
      <trkpt lat="32.920962" lon="35.382905"><ele>309.2</ele></trkpt>
      <trkpt lat="32.920969" lon="35.382944"><ele>309.6</ele></trkpt>
      <trkpt lat="32.920951" lon="35.383007"><ele>309.8</ele></trkpt>
      <trkpt lat="32.920897" lon="35.383116"><ele>309.6</ele></trkpt>
      <trkpt lat="32.920856" lon="35.383312"><ele>310.3</ele></trkpt>
      <trkpt lat="32.920798" lon="35.383450"><ele>309.5</ele></trkpt>
      <trkpt lat="32.920757" lon="35.383601"><ele>308.8</ele></trkpt>
      <trkpt lat="32.920669" lon="35.383800"><ele>306.3</ele></trkpt>
      <trkpt lat="32.920690" lon="35.383941"><ele>306.9</ele></trkpt>
      <trkpt lat="32.920673" lon="35.384009"><ele>306.4</ele></trkpt>
      <trkpt lat="32.920540" lon="35.384418"><ele>302.5</ele></trkpt>
      <trkpt lat="32.920515" lon="35.384654"><ele>302.5</ele></trkpt>
      <trkpt lat="32.920443" lon="35.384850"><ele>300.6</ele></trkpt>
      <trkpt lat="32.920367" lon="35.385027"><ele>298.7</ele></trkpt>
      <trkpt lat="32.920275" lon="35.385153"><ele>297.0</ele></trkpt>
      <trkpt lat="32.920223" lon="35.385340"><ele>296.4</ele></trkpt>
      <trkpt lat="32.920144" lon="35.385608"><ele>294.2</ele></trkpt>
      <trkpt lat="32.920111" lon="35.385778"><ele>293.5</ele></trkpt>
      <trkpt lat="32.919929" lon="35.386057"><ele>289.0</ele></trkpt>
      <trkpt lat="32.919890" lon="35.386255"><ele>288.2</ele></trkpt>
      <trkpt lat="32.919784" lon="35.386514"><ele>286.4</ele></trkpt>
      <trkpt lat="32.919708" lon="35.386675"><ele>285.7</ele></trkpt>
      <trkpt lat="32.919672" lon="35.386699"><ele>284.9</ele></trkpt>
      <trkpt lat="32.919655" lon="35.386651"><ele>284.2</ele></trkpt>
      <trkpt lat="32.919634" lon="35.386534"><ele>283.1</ele></trkpt>
      <trkpt lat="32.919601" lon="35.386414"><ele>281.9</ele></trkpt>
      <trkpt lat="32.919558" lon="35.386343"><ele>281.0</ele></trkpt>
      <trkpt lat="32.919458" lon="35.386221"><ele>278.7</ele></trkpt>
      <trkpt lat="32.919398" lon="35.386201"><ele>277.4</ele></trkpt>
      <trkpt lat="32.919360" lon="35.386266"><ele>276.9</ele></trkpt>
      <trkpt lat="32.919328" lon="35.386319"><ele>276.3</ele></trkpt>
      <trkpt lat="32.919297" lon="35.386396"><ele>275.8</ele></trkpt>
      <trkpt lat="32.919252" lon="35.386518"><ele>275.2</ele></trkpt>
      <trkpt lat="32.919183" lon="35.386659"><ele>274.3</ele></trkpt>
      <trkpt lat="32.919056" lon="35.386870"><ele>272.7</ele></trkpt>
      <trkpt lat="32.918958" lon="35.387059"><ele>272.7</ele></trkpt>
      <trkpt lat="32.918928" lon="35.387084"><ele>272.6</ele></trkpt>
      <trkpt lat="32.918795" lon="35.387145"><ele>271.3</ele></trkpt>
      <trkpt lat="32.918635" lon="35.387240"><ele>269.8</ele></trkpt>
      <trkpt lat="32.918518" lon="35.387357"><ele>270.4</ele></trkpt>
      <trkpt lat="32.918360" lon="35.387501"><ele>271.3</ele></trkpt>
      <trkpt lat="32.918225" lon="35.387650"><ele>272.8</ele></trkpt>
      <trkpt lat="32.918115" lon="35.387735"><ele>273.6</ele></trkpt>
      <trkpt lat="32.918067" lon="35.387833"><ele>274.8</ele></trkpt>
      <trkpt lat="32.918023" lon="35.387973"><ele>276.8</ele></trkpt>
      <trkpt lat="32.917958" lon="35.388074"><ele>278.3</ele></trkpt>
      <trkpt lat="32.917855" lon="35.388122"><ele>279.0</ele></trkpt>
      <trkpt lat="32.917778" lon="35.388136"><ele>279.2</ele></trkpt>
      <trkpt lat="32.917731" lon="35.388172"><ele>279.5</ele></trkpt>
      <trkpt lat="32.917677" lon="35.388211"><ele>279.9</ele></trkpt>
      <trkpt lat="32.917662" lon="35.388258"><ele>280.5</ele></trkpt>
      <trkpt lat="32.917676" lon="35.388298"><ele>281.1</ele></trkpt>
      <trkpt lat="32.917731" lon="35.388309"><ele>281.5</ele></trkpt>
      <trkpt lat="32.917790" lon="35.388341"><ele>282.2</ele></trkpt>
      <trkpt lat="32.917793" lon="35.388396"><ele>283.0</ele></trkpt>
      <trkpt lat="32.917777" lon="35.388423"><ele>283.3</ele></trkpt>
      <trkpt lat="32.917702" lon="35.388443"><ele>283.3</ele></trkpt>
      <trkpt lat="32.917652" lon="35.388459"><ele>283.4</ele></trkpt>
      <trkpt lat="32.917608" lon="35.388458"><ele>283.2</ele></trkpt>
      <trkpt lat="32.917574" lon="35.388482"><ele>283.4</ele></trkpt>
      <trkpt lat="32.917527" lon="35.388499"><ele>283.5</ele></trkpt>
      <trkpt lat="32.917437" lon="35.388534"><ele>283.7</ele></trkpt>
      <trkpt lat="32.917282" lon="35.388550"><ele>283.5</ele></trkpt>
      <trkpt lat="32.917098" lon="35.388590"><ele>283.3</ele></trkpt>
      <trkpt lat="32.916986" lon="35.388725"><ele>284.8</ele></trkpt>
      <trkpt lat="32.916852" lon="35.388830"><ele>285.8</ele></trkpt>
      <trkpt lat="32.916828" lon="35.388883"><ele>286.5</ele></trkpt>
      <trkpt lat="32.916843" lon="35.388928"><ele>287.3</ele></trkpt>
      <trkpt lat="32.916870" lon="35.388944"><ele>287.7</ele></trkpt>
      <trkpt lat="32.916926" lon="35.388931"><ele>287.7</ele></trkpt>
      <trkpt lat="32.916958" lon="35.388959"><ele>288.3</ele></trkpt>
      <trkpt lat="32.916952" lon="35.389012"><ele>289.2</ele></trkpt>
      <trkpt lat="32.916904" lon="35.389056"><ele>289.8</ele></trkpt>
      <trkpt lat="32.916791" lon="35.389108"><ele>290.0</ele></trkpt>
      <trkpt lat="32.916646" lon="35.389264"><ele>291.0</ele></trkpt>
      <trkpt lat="32.916614" lon="35.389423"><ele>292.8</ele></trkpt>
      <trkpt lat="32.916553" lon="35.389572"><ele>292.9</ele></trkpt>
      <trkpt lat="32.916461" lon="35.389744"><ele>292.5</ele></trkpt>
      <trkpt lat="32.916333" lon="35.389982"><ele>292.1</ele></trkpt>
      <trkpt lat="32.916343" lon="35.390239"><ele>294.8</ele></trkpt>
      <trkpt lat="32.916328" lon="35.390363"><ele>295.5</ele></trkpt>
      <trkpt lat="32.916337" lon="35.390468"><ele>296.4</ele></trkpt>
      <trkpt lat="32.916349" lon="35.390625"><ele>297.3</ele></trkpt>
      <trkpt lat="32.916367" lon="35.390815"><ele>297.7</ele></trkpt>
      <trkpt lat="32.916297" lon="35.390959"><ele>297.1</ele></trkpt>
      <trkpt lat="32.916131" lon="35.391106"><ele>295.3</ele></trkpt>
      <trkpt lat="32.916065" lon="35.391169"><ele>293.8</ele></trkpt>
      <trkpt lat="32.916047" lon="35.391191"><ele>293.3</ele></trkpt>
      <trkpt lat="32.915993" lon="35.391306"><ele>291.8</ele></trkpt>
      <trkpt lat="32.916032" lon="35.391433"><ele>291.9</ele></trkpt>
      <trkpt lat="32.916091" lon="35.391640"><ele>291.7</ele></trkpt>
      <trkpt lat="32.916165" lon="35.391888"><ele>290.4</ele></trkpt>
      <trkpt lat="32.916332" lon="35.392156"><ele>289.1</ele></trkpt>
      <trkpt lat="32.916599" lon="35.392378"><ele>289.2</ele></trkpt>
      <trkpt lat="32.916701" lon="35.392449"><ele>289.2</ele></trkpt>
      <trkpt lat="32.916829" lon="35.392516"><ele>288.8</ele></trkpt>
      <trkpt lat="32.916992" lon="35.392573"><ele>288.8</ele></trkpt>
      <trkpt lat="32.917190" lon="35.392698"><ele>287.5</ele></trkpt>
      <trkpt lat="32.917354" lon="35.392795"><ele>286.7</ele></trkpt>
      <trkpt lat="32.917442" lon="35.392830"><ele>286.9</ele></trkpt>
      <trkpt lat="32.917551" lon="35.392873"><ele>287.6</ele></trkpt>
      <trkpt lat="32.917646" lon="35.392913"><ele>288.4</ele></trkpt>
      <trkpt lat="32.917756" lon="35.392924"><ele>289.7</ele></trkpt>
      <trkpt lat="32.917859" lon="35.392941"><ele>291.3</ele></trkpt>
      <trkpt lat="32.917907" lon="35.393023"><ele>291.6</ele></trkpt>
      <trkpt lat="32.918039" lon="35.393424"><ele>291.0</ele></trkpt>
      <trkpt lat="32.918123" lon="35.393579"><ele>292.2</ele></trkpt>
      <trkpt lat="32.918129" lon="35.393609"><ele>292.2</ele></trkpt>
      <trkpt lat="32.918122" lon="35.393819"><ele>292.1</ele></trkpt>
      <trkpt lat="32.918106" lon="35.393997"><ele>292.8</ele></trkpt>
      <trkpt lat="32.918017" lon="35.394390"><ele>296.5</ele></trkpt>
      <trkpt lat="32.917862" lon="35.394719"><ele>296.7</ele></trkpt>
      <trkpt lat="32.917678" lon="35.395048"><ele>296.4</ele></trkpt>
      <trkpt lat="32.917390" lon="35.395370"><ele>297.7</ele></trkpt>
      <trkpt lat="32.917111" lon="35.395533"><ele>297.8</ele></trkpt>
      <trkpt lat="32.916837" lon="35.395614"><ele>297.2</ele></trkpt>
      <trkpt lat="32.916618" lon="35.395735"><ele>299.5</ele></trkpt>
      <trkpt lat="32.916421" lon="35.395767"><ele>299.9</ele></trkpt>
      <trkpt lat="32.916362" lon="35.395809"><ele>300.7</ele></trkpt>
      <trkpt lat="32.916246" lon="35.395830"><ele>301.5</ele></trkpt>
      <trkpt lat="32.916169" lon="35.395713"><ele>300.0</ele></trkpt>
      <trkpt lat="32.915979" lon="35.395526"><ele>299.5</ele></trkpt>
      <trkpt lat="32.915703" lon="35.395314"><ele>299.9</ele></trkpt>
      <trkpt lat="32.915539" lon="35.395296"><ele>301.4</ele></trkpt>
      <trkpt lat="32.915233" lon="35.395342"><ele>304.1</ele></trkpt>
      <trkpt lat="32.914992" lon="35.395505"><ele>308.1</ele></trkpt>
      <trkpt lat="32.914850" lon="35.395575"><ele>309.8</ele></trkpt>
      <trkpt lat="32.914764" lon="35.395529"><ele>309.5</ele></trkpt>
      <trkpt lat="32.914615" lon="35.395437"><ele>308.3</ele></trkpt>
      <trkpt lat="32.914473" lon="35.395398"><ele>307.7</ele></trkpt>
      <trkpt lat="32.914389" lon="35.395324"><ele>305.9</ele></trkpt>
      <trkpt lat="32.914298" lon="35.395396"><ele>305.8</ele></trkpt>
      <trkpt lat="32.914051" lon="35.395512"><ele>303.7</ele></trkpt>
      <trkpt lat="32.913909" lon="35.395678"><ele>303.2</ele></trkpt>
      <trkpt lat="32.913768" lon="35.395911"><ele>302.5</ele></trkpt>
      <trkpt lat="32.913672" lon="35.396203"><ele>302.7</ele></trkpt>
      <trkpt lat="32.913649" lon="35.396500"><ele>303.5</ele></trkpt>
      <trkpt lat="32.913628" lon="35.396771"><ele>302.4</ele></trkpt>
      <trkpt lat="32.913678" lon="35.396974"><ele>303.8</ele></trkpt>
      <trkpt lat="32.913768" lon="35.397228"><ele>305.4</ele></trkpt>
      <trkpt lat="32.913867" lon="35.397417"><ele>307.2</ele></trkpt>
      <trkpt lat="32.913957" lon="35.397715"><ele>304.8</ele></trkpt>
      <trkpt lat="32.914109" lon="35.398118"><ele>301.1</ele></trkpt>
      <trkpt lat="32.914198" lon="35.398189"><ele>302.1</ele></trkpt>
      <trkpt lat="32.914345" lon="35.398286"><ele>301.6</ele></trkpt>
      <trkpt lat="32.914460" lon="35.398334"><ele>302.2</ele></trkpt>
      <trkpt lat="32.914624" lon="35.398403"><ele>303.2</ele></trkpt>
      <trkpt lat="32.914763" lon="35.398515"><ele>302.8</ele></trkpt>
      <trkpt lat="32.914831" lon="35.398645"><ele>301.4</ele></trkpt>
      <trkpt lat="32.915031" lon="35.399130"><ele>296.3</ele></trkpt>
      <trkpt lat="32.915112" lon="35.399411"><ele>292.6</ele></trkpt>
      <trkpt lat="32.915092" lon="35.399589"><ele>289.6</ele></trkpt>
      <trkpt lat="32.915053" lon="35.399617"><ele>288.5</ele></trkpt>
      <trkpt lat="32.914986" lon="35.399598"><ele>287.6</ele></trkpt>
      <trkpt lat="32.914859" lon="35.399605"><ele>285.9</ele></trkpt>
      <trkpt lat="32.914704" lon="35.399677"><ele>283.3</ele></trkpt>
      <trkpt lat="32.914496" lon="35.399579"><ele>282.5</ele></trkpt>
      <trkpt lat="32.914339" lon="35.399510"><ele>281.6</ele></trkpt>
      <trkpt lat="32.914177" lon="35.399379"><ele>280.9</ele></trkpt>
      <trkpt lat="32.914029" lon="35.399270"><ele>279.1</ele></trkpt>
      <trkpt lat="32.913912" lon="35.399190"><ele>277.3</ele></trkpt>
      <trkpt lat="32.913888" lon="35.399417"><ele>275.2</ele></trkpt>
      <trkpt lat="32.913878" lon="35.399562"><ele>274.4</ele></trkpt>
      <trkpt lat="32.913848" lon="35.399672"><ele>273.4</ele></trkpt>
      <trkpt lat="32.913786" lon="35.399754"><ele>272.0</ele></trkpt>
      <trkpt lat="32.913656" lon="35.399994"><ele>269.5</ele></trkpt>
      <trkpt lat="32.913383" lon="35.400294"><ele>265.5</ele></trkpt>
      <trkpt lat="32.913177" lon="35.400623"><ele>263.8</ele></trkpt>
      <trkpt lat="32.913086" lon="35.400769"><ele>263.1</ele></trkpt>
      <trkpt lat="32.913003" lon="35.400802"><ele>263.4</ele></trkpt>
      <trkpt lat="32.912689" lon="35.401016"><ele>266.7</ele></trkpt>
      <trkpt lat="32.912468" lon="35.401214"><ele>269.4</ele></trkpt>
      <trkpt lat="32.912449" lon="35.401291"><ele>269.6</ele></trkpt>
      <trkpt lat="32.912343" lon="35.401496"><ele>270.3</ele></trkpt>
      <trkpt lat="32.912263" lon="35.401603"><ele>270.8</ele></trkpt>
      <trkpt lat="32.912036" lon="35.401822"><ele>272.4</ele></trkpt>
      <trkpt lat="32.911666" lon="35.402267"><ele>274.8</ele></trkpt>
      <trkpt lat="32.911601" lon="35.402369"><ele>275.1</ele></trkpt>
      <trkpt lat="32.911526" lon="35.402536"><ele>274.7</ele></trkpt>
      <trkpt lat="32.911492" lon="35.402629"><ele>274.2</ele></trkpt>
      <trkpt lat="32.911405" lon="35.402864"><ele>273.2</ele></trkpt>
      <trkpt lat="32.911182" lon="35.403248"><ele>272.5</ele></trkpt>
      <trkpt lat="32.911096" lon="35.403233"><ele>273.4</ele></trkpt>
      <trkpt lat="32.911011" lon="35.403285"><ele>274.4</ele></trkpt>
      <trkpt lat="32.910912" lon="35.403421"><ele>274.4</ele></trkpt>
      <trkpt lat="32.910768" lon="35.403606"><ele>275.2</ele></trkpt>
      <trkpt lat="32.910656" lon="35.403723"><ele>276.8</ele></trkpt>
      <trkpt lat="32.910510" lon="35.403842"><ele>278.5</ele></trkpt>
      <trkpt lat="32.910272" lon="35.404146"><ele>278.7</ele></trkpt>
      <trkpt lat="32.910198" lon="35.404204"><ele>279.9</ele></trkpt>
      <trkpt lat="32.910091" lon="35.404272"><ele>281.7</ele></trkpt>
      <trkpt lat="32.910033" lon="35.404326"><ele>282.1</ele></trkpt>
      <trkpt lat="32.909857" lon="35.404500"><ele>283.1</ele></trkpt>
      <trkpt lat="32.909550" lon="35.404761"><ele>286.1</ele></trkpt>
      <trkpt lat="32.909411" lon="35.404914"><ele>286.1</ele></trkpt>
      <trkpt lat="32.909124" lon="35.405240"><ele>287.8</ele></trkpt>
      <trkpt lat="32.908792" lon="35.405534"><ele>290.5</ele></trkpt>
      <trkpt lat="32.908623" lon="35.405704"><ele>291.1</ele></trkpt>
      <trkpt lat="32.908454" lon="35.405890"><ele>291.7</ele></trkpt>
      <trkpt lat="32.908155" lon="35.406250"><ele>292.7</ele></trkpt>
      <trkpt lat="32.907891" lon="35.406595"><ele>294.0</ele></trkpt>
      <trkpt lat="32.907770" lon="35.406778"><ele>294.4</ele></trkpt>
      <trkpt lat="32.907675" lon="35.407008"><ele>294.2</ele></trkpt>
      <trkpt lat="32.907491" lon="35.407428"><ele>293.9</ele></trkpt>
      <trkpt lat="32.907424" lon="35.407575"><ele>293.8</ele></trkpt>
      <trkpt lat="32.907353" lon="35.407630"><ele>294.5</ele></trkpt>
      <trkpt lat="32.907298" lon="35.407656"><ele>295.1</ele></trkpt>
      <trkpt lat="32.907249" lon="35.407658"><ele>295.8</ele></trkpt>
      <trkpt lat="32.907115" lon="35.407662"><ele>297.4</ele></trkpt>
      <trkpt lat="32.907229" lon="35.407408"><ele>298.8</ele></trkpt>
      <trkpt lat="32.907256" lon="35.407290"><ele>299.6</ele></trkpt>
      <trkpt lat="32.907225" lon="35.407188"><ele>301.3</ele></trkpt>
      <trkpt lat="32.907114" lon="35.407242"><ele>302.3</ele></trkpt>
      <trkpt lat="32.906962" lon="35.407383"><ele>302.5</ele></trkpt>
      <trkpt lat="32.906674" lon="35.407606"><ele>303.4</ele></trkpt>
      <trkpt lat="32.906426" lon="35.407779"><ele>303.6</ele></trkpt>
      <trkpt lat="32.906221" lon="35.407815"><ele>305.1</ele></trkpt>
      <trkpt lat="32.906027" lon="35.407962"><ele>305.0</ele></trkpt>
      <trkpt lat="32.905847" lon="35.408086"><ele>305.2</ele></trkpt>
      <trkpt lat="32.905696" lon="35.408155"><ele>306.7</ele></trkpt>
      <trkpt lat="32.905113" lon="35.408674"><ele>307.7</ele></trkpt>
      <trkpt lat="32.904110" lon="35.411511"></trkpt>
      <trkpt lat="32.904615" lon="35.414558"></trkpt>
      <trkpt lat="32.905660" lon="35.417391"></trkpt>
      <trkpt lat="32.906922" lon="35.420053"></trkpt>
      <trkpt lat="32.908003" lon="35.421855"></trkpt>
      <trkpt lat="32.908796" lon="35.422671"></trkpt>
    </trkseg>
  </trk>
</gpx>
