מספר מסלול,שם קובץ,סוג נקודה,קואורדינטות,lat,lon
1,2013-04-13_געתון_עין יעקב.gpx,התחלה,"(33.015820, 35.203000)",33.01582,35.203
1,2013-04-13_געתון_עין יעקב.gpx,סיום,"(33.015850, 35.203320)",33.01585,35.20332
4,2013-04-18_טבריה_מגדל_כפר חיטים.gpx,התחלה,"(32.788020, 35.541580)",32.78802,35.54158
4,2013-04-18_טבריה_מגדל_כפר חיטים.gpx,סיום,"(32.787450, 35.542400)",32.78745,35.5424
5,2013-04-19_בר יוחאי_ברעם.gpx,התחלה,"(32.993580, 35.414650)",32.99358,35.41465
5,2013-04-19_בר יוחאי_ברעם.gpx,סיום,"(32.995640, 35.412710)",32.99564,35.41271
6,2013-04-20_טבריה_פורייה עילית_פורייה - נווה עובד.gpx,התחלה,"(32.787970, 35.541510)",32.78797,35.54151
6,2013-04-20_טבריה_פורייה עילית_פורייה - נווה עובד.gpx,סיום,"(32.788030, 35.542370)",32.78803,35.54237
7,2013-04-26_געתון_יחיעם.gpx,התחלה,"(33.005970, 35.214750)",33.00597,35.21475
7,2013-04-26_געתון_יחיעם.gpx,סיום,"(33.005080, 35.215490)",33.00508,35.21549
8,2013-04-27_כברי_שמרת.gpx,התחלה,"(33.016530, 35.142050)",33.01653,35.14205
8,2013-04-27_כברי_שמרת.gpx,סיום,"(32.948910, 35.094630)",32.94891,35.09463
9,2013-05-04_נהרייה_כפר ראש הנקרה_סער.gpx,התחלה,"(33.013510, 35.090050)",33.01351,35.09005
9,2013-05-04_נהרייה_כפר ראש הנקרה_סער.gpx,סיום,"(33.013530, 35.090050)",33.01353,35.09005
10,2013-05-11_יחיעם_נווה זיו_עין יעקב.gpx,התחלה,"(33.005000, 35.215470)",33.005,35.21547
10,2013-05-11_יחיעם_נווה זיו_עין יעקב.gpx,סיום,"(33.005020, 35.215470)",33.00502,35.21547
11,2013-05-14_יחיעם_מעונה_עין יעקב.gpx,התחלה,"(33.005060, 35.215430)",33.00506,35.21543
11,2013-05-14_יחיעם_מעונה_עין יעקב.gpx,סיום,"(33.005060, 35.215510)",33.00506,35.21551
12,2013-05-17_יחיעם_נהרייה.gpx,התחלה,"(33.005140, 35.215570)",33.00514,35.21557
12,2013-05-17_יחיעם_נהרייה.gpx,סיום,"(33.007050, 35.092280)",33.00705,35.09228
13,2013-06-06_געתון_נווה זיו_יחיעם.gpx,התחלה,"(33.005330, 35.214400)",33.00533,35.2144
13,2013-06-06_געתון_נווה זיו_יחיעם.gpx,סיום,"(33.005070, 35.215540)",33.00507,35.21554
14,2013-06-08_יחיעם_בוסתן הגליל_שמרת.gpx,התחלה,"(33.004940, 35.215450)",33.00494,35.21545
14,2013-06-08_יחיעם_בוסתן הגליל_שמרת.gpx,סיום,"(32.948730, 35.094490)",32.94873,35.09449
15,2013-06-12_נהרייה_כפר ראש הנקרה_סער.gpx,התחלה,"(33.001480, 35.089410)",33.00148,35.08941
15,2013-06-12_נהרייה_כפר ראש הנקרה_סער.gpx,סיום,"(32.999270, 35.086180)",32.99927,35.08618
16,2013-06-14_יחיעם_נהרייה.gpx,התחלה,"(33.005050, 35.215420)",33.00505,35.21542
16,2013-06-14_יחיעם_נהרייה.gpx,סיום,"(33.007240, 35.090690)",33.00724,35.09069
17,2013-06-15_שבי ציון_כפר ראש הנקרה_מזרעה.gpx,התחלה,"(32.990640, 35.083820)",32.99064,35.08382
17,2013-06-15_שבי ציון_כפר ראש הנקרה_מזרעה.gpx,סיום,"(32.990570, 35.083760)",32.99057,35.08376
18,2013-06-19_כברי_חניתה_מצובה.gpx,התחלה,"(33.018440, 35.142680)",33.01844,35.14268
18,2013-06-19_כברי_חניתה_מצובה.gpx,סיום,"(33.018450, 35.142720)",33.01845,35.14272
19,2013-06-21_יחיעם_כפר ראש הנקרה.gpx,התחלה,"(33.004560, 35.216560)",33.00456,35.21656
19,2013-06-21_יחיעם_כפר ראש הנקרה.gpx,סיום,"(33.074940, 35.116490)",33.07494,35.11649
20,2013-06-25_יחיעם_מעונה_עין יעקב.gpx,התחלה,"(33.005060, 35.215480)",33.00506,35.21548
20,2013-06-25_יחיעם_מעונה_עין יעקב.gpx,סיום,"(33.005140, 35.215420)",33.00514,35.21542
21,2013-06-26_יחיעם_נווה זיו_עין יעקב.gpx,התחלה,"(33.004960, 35.215690)",33.00496,35.21569
21,2013-06-26_יחיעם_נווה זיו_עין יעקב.gpx,סיום,"(33.005030, 35.215490)",33.00503,35.21549
22,2013-06-29_יחיעם_גשר הזיו.gpx,התחלה,"(33.005090, 35.215370)",33.00509,35.21537
22,2013-06-29_יחיעם_גשר הזיו.gpx,סיום,"(33.047320, 35.103190)",33.04732,35.10319
24,2013-07-08_יחיעם_מעונה_געתון.gpx,התחלה,"(33.004900, 35.215200)",33.0049,35.2152
24,2013-07-08_יחיעם_מעונה_געתון.gpx,סיום,"(33.005050, 35.215550)",33.00505,35.21555
25,2013-07-10_יחיעם_מעונה_געתון.gpx,התחלה,"(33.005090, 35.215370)",33.00509,35.21537
25,2013-07-10_יחיעם_מעונה_געתון.gpx,סיום,"(33.005040, 35.215480)",33.00504,35.21548
26,2013-07-12_יחיעם_כפר ראש הנקרה_נהרייה.gpx,התחלה,"(33.005070, 35.215440)",33.00507,35.21544
26,2013-07-12_יחיעם_כפר ראש הנקרה_נהרייה.gpx,סיום,"(33.013510, 35.090080)",33.01351,35.09008
27,2013-07-13_יחיעם_נווה זיו_מעיליא.gpx,התחלה,"(33.004970, 35.215270)",33.00497,35.21527
27,2013-07-13_יחיעם_נווה זיו_מעיליא.gpx,סיום,"(33.024950, 35.254190)",33.02495,35.25419
28,2013-07-15_יחיעם_מנות_שבי ציון.gpx,התחלה,"(33.005060, 35.215460)",33.00506,35.21546
28,2013-07-15_יחיעם_מנות_שבי ציון.gpx,סיום,"(32.981720, 35.085160)",32.98172,35.08516
29,2013-07-19_יחיעם_כברי_געתון.gpx,התחלה,"(33.005040, 35.215500)",33.00504,35.2155
29,2013-07-19_יחיעם_כברי_געתון.gpx,סיום,"(33.005000, 35.215430)",33.005,35.21543
30,2013-07-20_יחיעם_כברי.gpx,התחלה,"(33.005030, 35.215360)",33.00503,35.21536
30,2013-07-20_יחיעם_כברי.gpx,סיום,"(33.041750, 35.147770)",33.04175,35.14777
31,2013-07-24_יחיעם_מעונה_עין יעקב.gpx,התחלה,"(33.005110, 35.215490)",33.00511,35.21549
31,2013-07-24_יחיעם_מעונה_עין יעקב.gpx,סיום,"(33.005050, 35.215540)",33.00505,35.21554
32,2013-07-25_יחיעם_חניתה_נווה זיו.gpx,התחלה,"(33.005110, 35.215470)",33.00511,35.21547
32,2013-07-25_יחיעם_חניתה_נווה זיו.gpx,סיום,"(33.015180, 35.171180)",33.01518,35.17118
34,2013-07-27_יחיעם_כברי.gpx,התחלה,"(33.004910, 35.215680)",33.00491,35.21568
34,2013-07-27_יחיעם_כברי.gpx,סיום,"(33.016420, 35.144050)",33.01642,35.14405
35,2013-07-30_יחיעם_מעונה_עין יעקב.gpx,התחלה,"(33.004940, 35.215470)",33.00494,35.21547
35,2013-07-30_יחיעם_מעונה_עין יעקב.gpx,סיום,"(33.005030, 35.215510)",33.00503,35.21551
36,2013-08-01_יחיעם_מעונה_געתון.gpx,התחלה,"(33.005030, 35.215510)",33.00503,35.21551
36,2013-08-01_יחיעם_מעונה_געתון.gpx,סיום,"(33.005040, 35.215470)",33.00504,35.21547
37,2013-08-03_געתון_כברי_יחיעם.gpx,התחלה,"(33.006200, 35.214870)",33.0062,35.21487
37,2013-08-03_געתון_כברי_יחיעם.gpx,סיום,"(33.005020, 35.215480)",33.00502,35.21548
38,2013-08-05_יחיעם_מעונה_עין יעקב.gpx,התחלה,"(33.005000, 35.215460)",33.005,35.21546
38,2013-08-05_יחיעם_מעונה_עין יעקב.gpx,סיום,"(33.005010, 35.215440)",33.00501,35.21544
39,2013-08-07_יחיעם_געתון_עין יעקב.gpx,התחלה,"(33.005060, 35.215470)",33.00506,35.21547
39,2013-08-07_יחיעם_געתון_עין יעקב.gpx,סיום,"(33.005070, 35.215460)",33.00507,35.21546
40,2013-08-08_יחיעם_כברי_געתון.gpx,התחלה,"(33.005170, 35.215580)",33.00517,35.21558
40,2013-08-08_יחיעם_כברי_געתון.gpx,סיום,"(33.005710, 35.210300)",33.00571,35.2103
41,2013-08-10_בארי_רעים.gpx,התחלה,"(31.428050, 34.494120)",31.42805,34.49412
41,2013-08-10_בארי_רעים.gpx,סיום,"(31.428440, 34.493870)",31.42844,34.49387
42,2013-08-12_כברי_כפר ראש הנקרה_יחיעם.gpx,התחלה,"(33.018480, 35.142490)",33.01848,35.14249
42,2013-08-12_כברי_כפר ראש הנקרה_יחיעם.gpx,סיום,"(33.005120, 35.215030)",33.00512,35.21503
43,2013-08-14_געתון_מעונה_יחיעם.gpx,התחלה,"(33.005560, 35.213640)",33.00556,35.21364
43,2013-08-14_געתון_מעונה_יחיעם.gpx,סיום,"(33.005000, 35.215510)",33.005,35.21551
44,2013-08-16_יחיעם_מצובה_כפר ראש הנקרה_נהרייה_נווה זיו.gpx,התחלה,"(33.005000, 35.215540)",33.005,35.21554
44,2013-08-16_יחיעם_מצובה_כפר ראש הנקרה_נהרייה_נווה זיו.gpx,סיום,"(33.013360, 35.174410)",33.01336,35.17441
45,2013-08-17_נווה זיו_נהרייה_יחיעם.gpx,התחלה,"(33.012030, 35.180550)",33.01203,35.18055
45,2013-08-17_נווה זיו_נהרייה_יחיעם.gpx,סיום,"(33.005040, 35.215450)",33.00504,35.21545
46,2013-08-20_געתון_כברי_נווה זיו.gpx,התחלה,"(33.008600, 35.190790)",33.0086,35.19079
46,2013-08-20_געתון_כברי_נווה זיו.gpx,סיום,"(33.006570, 35.212060)",33.00657,35.21206
47,2013-08-23_געתון_כברי_יחיעם.gpx,התחלה,"(33.006530, 35.209340)",33.00653,35.20934
47,2013-08-23_געתון_כברי_יחיעם.gpx,סיום,"(33.005050, 35.215450)",33.00505,35.21545
48,2013-08-24_געתון_שייח' דנון_שבי ציון_גשר הזיו_יחיעם.gpx,התחלה,"(33.002270, 35.208940)",33.00227,35.20894
48,2013-08-24_געתון_שייח' דנון_שבי ציון_גשר הזיו_יחיעם.gpx,סיום,"(33.005030, 35.215470)",33.00503,35.21547
49,2013-08-26_הילה_עין יעקב_מעיליא.gpx,התחלה,"(33.035190, 35.240520)",33.03519,35.24052
49,2013-08-26_הילה_עין יעקב_מעיליא.gpx,סיום,"(33.034530, 35.246740)",33.03453,35.24674
51,2013-08-29_יחיעם_מעונה_עין יעקב.gpx,התחלה,"(33.004880, 35.215720)",33.00488,35.21572
51,2013-08-29_יחיעם_מעונה_עין יעקב.gpx,סיום,"(33.005030, 35.215490)",33.00503,35.21549
52,2013-08-30_יחיעם_כברי_עין יעקב.gpx,התחלה,"(33.004980, 35.215460)",33.00498,35.21546
52,2013-08-30_יחיעם_כברי_עין יעקב.gpx,סיום,"(33.005050, 35.215510)",33.00505,35.21551
53,2013-09-03_מעונה_אבירים_מעיליא.gpx,התחלה,"(33.018010, 35.261000)",33.01801,35.261
53,2013-09-03_מעונה_אבירים_מעיליא.gpx,סיום,"(33.017910, 35.261360)",33.01791,35.26136
54,2013-09-04_יחיעם_שייח' דנון_עין יעקב.gpx,התחלה,"(33.004970, 35.215660)",33.00497,35.21566
54,2013-09-04_יחיעם_שייח' דנון_עין יעקב.gpx,סיום,"(33.005040, 35.215500)",33.00504,35.2155
55,2013-09-05_יחיעם_געתון.gpx,התחלה,"(33.005050, 35.215390)",33.00505,35.21539
55,2013-09-05_יחיעם_געתון.gpx,סיום,"(33.015510, 35.199170)",33.01551,35.19917
56,2013-09-07_יחיעם_געתון_שבי ציון_מזרעה.gpx,התחלה,"(33.004960, 35.215510)",33.00496,35.21551
56,2013-09-07_יחיעם_געתון_שבי ציון_מזרעה.gpx,סיום,"(32.986340, 35.096110)",32.98634,35.09611
58,2013-09-10_נהרייה_עכו_מזרעה.gpx,התחלה,"(33.007210, 35.088320)",33.00721,35.08832
58,2013-09-10_נהרייה_עכו_מזרעה.gpx,סיום,"(33.007210, 35.088340)",33.00721,35.08834
59,2013-09-12_יחיעם_מעיליא_געתון.gpx,התחלה,"(33.005120, 35.215540)",33.00512,35.21554
59,2013-09-12_יחיעם_מעיליא_געתון.gpx,סיום,"(33.004990, 35.215500)",33.00499,35.2155
60,2013-09-13_געתון_כברי_יחיעם.gpx,התחלה,"(33.006340, 35.207680)",33.00634,35.20768
60,2013-09-13_געתון_כברי_יחיעם.gpx,סיום,"(33.005010, 35.215510)",33.00501,35.21551
61,2013-09-14_יחיעם_מזרעה_קריית ים_בוסתן הגליל_נווה זיו.gpx,התחלה,"(33.004890, 35.215650)",33.00489,35.21565
61,2013-09-14_יחיעם_מזרעה_קריית ים_בוסתן הגליל_נווה זיו.gpx,סיום,"(33.015200, 35.171150)",33.0152,35.17115
62,2013-09-18_יחיעם_אבירים_נהרייה.gpx,התחלה,"(33.005050, 35.215500)",33.00505,35.2155
62,2013-09-18_יחיעם_אבירים_נהרייה.gpx,סיום,"(33.006490, 35.092680)",33.00649,35.09268
63,2013-09-19_יחיעם_מעיליא_געתון.gpx,התחלה,"(33.004690, 35.215470)",33.00469,35.21547
63,2013-09-19_יחיעם_מעיליא_געתון.gpx,סיום,"(33.005050, 35.215520)",33.00505,35.21552
64,2013-09-20_כברי_גורן_מצובה.gpx,התחלה,"(33.018170, 35.142650)",33.01817,35.14265
64,2013-09-20_כברי_גורן_מצובה.gpx,סיום,"(33.018390, 35.142730)",33.01839,35.14273
65,2013-09-21_געתון_כברי_כפר ראש הנקרה_מזרעה_יחיעם.gpx,התחלה,"(33.006470, 35.209310)",33.00647,35.20931
65,2013-09-21_געתון_כברי_כפר ראש הנקרה_מזרעה_יחיעם.gpx,סיום,"(33.004510, 35.207460)",33.00451,35.20746
66,2013-09-23_געתון_מעונה_יחיעם.gpx,התחלה,"(33.006530, 35.211990)",33.00653,35.21199
66,2013-09-23_געתון_מעונה_יחיעם.gpx,סיום,"(33.005060, 35.215540)",33.00506,35.21554
67,2013-09-25_יחיעם_מעיליא_געתון.gpx,התחלה,"(33.005190, 35.215370)",33.00519,35.21537
67,2013-09-25_יחיעם_מעיליא_געתון.gpx,סיום,"(33.005020, 35.215490)",33.00502,35.21549
68,2013-09-26_עין יעקב_כברי_יחיעם.gpx,התחלה,"(33.007660, 35.235660)",33.00766,35.23566
68,2013-09-26_עין יעקב_כברי_יחיעם.gpx,סיום,"(33.005020, 35.215480)",33.00502,35.21548
69,2013-09-27_גילון_טל-אל_פלך.gpx,התחלה,"(32.915660, 35.226950)",32.91566,35.22695
69,2013-09-27_גילון_טל-אל_פלך.gpx,סיום,"(32.915830, 35.226700)",32.91583,35.2267
70,2013-09-28_געתון_נתיב השיירה_שבי ציון_נווה זיו_יחיעם.gpx,התחלה,"(33.006230, 35.205440)",33.00623,35.20544
70,2013-09-28_געתון_נתיב השיירה_שבי ציון_נווה זיו_יחיעם.gpx,סיום,"(33.005060, 35.215360)",33.00506,35.21536
71,2013-10-01_יחיעם_נווה זיו_געתון.gpx,התחלה,"(33.005010, 35.215550)",33.00501,35.21555
71,2013-10-01_יחיעם_נווה זיו_געתון.gpx,סיום,"(33.005030, 35.215510)",33.00503,35.21551
72,2013-10-02_געתון_מעיליא_יחיעם.gpx,התחלה,"(33.006430, 35.210610)",33.00643,35.21061
72,2013-10-02_געתון_מעיליא_יחיעם.gpx,סיום,"(33.005010, 35.215490)",33.00501,35.21549
73,2013-10-04_חד-נס_גונן_כפר גלעדי.gpx,התחלה,"(32.916450, 35.632380)",32.91645,35.63238
73,2013-10-04_חד-נס_גונן_כפר גלעדי.gpx,סיום,"(33.239200, 35.575930)",33.2392,35.57593
74,2013-10-06_געתון_מעונה_יחיעם.gpx,התחלה,"(33.006470, 35.211980)",33.00647,35.21198
74,2013-10-06_געתון_מעונה_יחיעם.gpx,סיום,"(33.005030, 35.215470)",33.00503,35.21547
75,2013-10-06_יחיעם_עין יעקב_געתון.gpx,התחלה,"(33.005010, 35.215470)",33.00501,35.21547
75,2013-10-06_יחיעם_עין יעקב_געתון.gpx,סיום,"(33.005040, 35.215530)",33.00504,35.21553
76,2013-10-09_יחיעם_געתון.gpx,התחלה,"(33.005250, 35.215400)",33.00525,35.2154
76,2013-10-09_יחיעם_געתון.gpx,סיום,"(33.005030, 35.215530)",33.00503,35.21553
77,2013-10-11_יחיעם_כפר ראש הנקרה_נהרייה.gpx,התחלה,"(33.005030, 35.215440)",33.00503,35.21544
77,2013-10-11_יחיעם_כפר ראש הנקרה_נהרייה.gpx,סיום,"(33.007390, 35.090800)",33.00739,35.0908
78,2013-10-12_געתון_הילה_כפר ראש הנקרה_מזרעה_שמרת.gpx,התחלה,"(33.006520, 35.209240)",33.00652,35.20924
78,2013-10-12_געתון_הילה_כפר ראש הנקרה_מזרעה_שמרת.gpx,סיום,"(32.949040, 35.094580)",32.94904,35.09458
79,2015-07-06_געתון_יחיעם.gpx,התחלה,"(33.005888, 35.215047)",33.0058877,35.2150471
79,2015-07-06_געתון_יחיעם.gpx,סיום,"(33.005029, 35.215489)",33.0050292,35.2154886
80,2015-12-03_געתון_מעונה_יחיעם.gpx,התחלה,"(33.008499, 35.191275)",33.0084985,35.1912754
80,2015-12-03_געתון_מעונה_יחיעם.gpx,סיום,"(33.005029, 35.215476)",33.0050294,35.2154762
81,2015-12-04_כפר מסריק_הרדוף_כפר יהושע_קריית אתא_עין המפרץ.gpx,התחלה,"(32.896808, 35.093817)",32.8968076,35.0938173
81,2015-12-04_כפר מסריק_הרדוף_כפר יהושע_קריית אתא_עין המפרץ.gpx,סיום,"(32.901250, 35.091905)",32.9012496,35.0919051
82,2016-09-09_אלונים_שער העמקים_רמת ישי.gpx,התחלה,"(32.709427, 35.144008)",32.709427,35.144008
82,2016-09-09_אלונים_שער העמקים_רמת ישי.gpx,סיום,"(32.709434, 35.144056)",32.709434,35.144056
83,2017-06-20_תל אביב -יפו_בני ברק.gpx,התחלה,"(32.095094, 34.788463)",32.095094,34.788463
83,2017-06-20_תל אביב -יפו_בני ברק.gpx,סיום,"(32.095066, 34.788477)",32.095066,34.788477
84,2019-04-12_אליפז.gpx,התחלה,"(29.787442, 34.989019)",29.787442,34.989019
84,2019-04-12_אליפז.gpx,סיום,"(29.787438, 34.989105)",29.787438,34.989105
85,2021-07-26_יחיעם_געתון.gpx,התחלה,"(33.005060, 35.215290)",33.00506,35.21529
85,2021-07-26_יחיעם_געתון.gpx,סיום,"(33.004960, 35.215300)",33.00496,35.2153
86,2021-07-29_יחיעם_געתון.gpx,התחלה,"(33.005060, 35.215510)",33.00506,35.21551
86,2021-07-29_יחיעם_געתון.gpx,סיום,"(33.005010, 35.215460)",33.00501,35.21546
87,2021-08-01_יחיעם_געתון.gpx,התחלה,"(33.005060, 35.215550)",33.00506,35.21555
87,2021-08-01_יחיעם_געתון.gpx,סיום,"(33.005060, 35.215450)",33.00506,35.21545
88,2021-08-03_יחיעם_געתון.gpx,התחלה,"(33.005070, 35.215490)",33.00507,35.21549
88,2021-08-03_יחיעם_געתון.gpx,סיום,"(33.005060, 35.215550)",33.00506,35.21555
89,2021-08-04_יחיעם_געתון.gpx,התחלה,"(33.005050, 35.215480)",33.00505,35.21548
89,2021-08-04_יחיעם_געתון.gpx,סיום,"(33.005030, 35.215480)",33.00503,35.21548
90,2021-08-06_יחיעם_געתון.gpx,התחלה,"(33.005030, 35.215460)",33.00503,35.21546
90,2021-08-06_יחיעם_געתון.gpx,סיום,"(33.005010, 35.215460)",33.00501,35.21546
94,2021-09-05_יחיעם_כליל_געתון.gpx,התחלה,"(33.005050, 35.215511)",33.0050504,35.2155114
94,2021-09-05_יחיעם_כליל_געתון.gpx,סיום,"(33.005020, 35.215462)",33.0050203,35.215462
95,2021-09-07_יחיעם_געתון.gpx,התחלה,"(33.005074, 35.215479)",33.005074,35.2154788
95,2021-09-07_יחיעם_געתון.gpx,סיום,"(33.005021, 35.215498)",33.0050215,35.2154976
96,2021-09-08_יחיעם_נווה זיו_געתון.gpx,התחלה,"(33.004988, 35.215553)",33.0049877,35.215553
96,2021-09-08_יחיעם_נווה זיו_געתון.gpx,סיום,"(33.005012, 35.215487)",33.0050121,35.215487
97,2021-09-09_יחיעם_געתון.gpx,התחלה,"(33.005094, 35.215493)",33.005094,35.2154928
97,2021-09-09_יחיעם_געתון.gpx,סיום,"(33.005015, 35.215492)",33.0050146,35.215492
98,2021-09-10_יחיעם_כליל_געתון.gpx,התחלה,"(33.005185, 35.215516)",33.0051847,35.2155161
98,2021-09-10_יחיעם_כליל_געתון.gpx,סיום,"(33.005039, 35.215470)",33.0050388,35.2154697
100,2021-09-12_יחיעם_נווה זיו_געתון.gpx,התחלה,"(33.005060, 35.215452)",33.0050599,35.2154525
100,2021-09-12_יחיעם_נווה זיו_געתון.gpx,סיום,"(33.005017, 35.215468)",33.0050167,35.215468
101,2021-09-14_יחיעם_נווה זיו_געתון.gpx,התחלה,"(33.005045, 35.215443)",33.0050451,35.2154434
101,2021-09-14_יחיעם_נווה זיו_געתון.gpx,סיום,"(33.005029, 35.215446)",33.0050288,35.2154455
102,2021-09-16_יחיעם_נווה זיו_געתון.gpx,התחלה,"(33.005017, 35.215478)",33.0050171,35.215478
102,2021-09-16_יחיעם_נווה זיו_געתון.gpx,סיום,"(33.005048, 35.215536)",33.0050483,35.2155361
103,2021-09-17_יחיעם_כליל_געתון.gpx,התחלה,"(33.005069, 35.215455)",33.0050695,35.2154554
103,2021-09-17_יחיעם_כליל_געתון.gpx,סיום,"(33.005060, 35.215474)",33.00506,35.2154737
106,2021-09-24_יחיעם_כליל_געתון.gpx,התחלה,"(33.005044, 35.215445)",33.0050444,35.2154453
106,2021-09-24_יחיעם_כליל_געתון.gpx,סיום,"(33.005054, 35.215462)",33.0050535,35.215462
108,2021-09-26_יחיעם_נווה זיו_געתון.gpx,התחלה,"(33.004986, 35.215498)",33.0049863,35.2154983
108,2021-09-26_יחיעם_נווה זיו_געתון.gpx,סיום,"(33.005037, 35.215480)",33.0050372,35.2154799
109,2021-10-03_יחיעם_געתון.gpx,התחלה,"(33.005021, 35.215468)",33.0050213,35.2154677
109,2021-10-03_יחיעם_געתון.gpx,סיום,"(33.005017, 35.215478)",33.0050171,35.2154783
110,2021-10-06_יחיעם_געתון.gpx,התחלה,"(33.005039, 35.215434)",33.0050386,35.2154342
110,2021-10-06_יחיעם_געתון.gpx,סיום,"(33.005050, 35.215475)",33.0050501,35.2154751
112,2021-10-15_מטולה.gpx,התחלה,"(32.938467, -117.197899)",32.9384673,-117.197899
112,2021-10-15_מטולה.gpx,סיום,"(32.938732, -117.198271)",32.9387318,-117.1982709
113,2021-10-30_יחיעם_כליל_געתון.gpx,התחלה,"(33.005067, 35.215470)",33.0050674,35.2154703
113,2021-10-30_יחיעם_כליל_געתון.gpx,סיום,"(33.005046, 35.215503)",33.0050464,35.2155034
114,2021-11-01_יחיעם_כליל_געתון.gpx,התחלה,"(33.005050, 35.215487)",33.0050501,35.2154873
114,2021-11-01_יחיעם_כליל_געתון.gpx,סיום,"(33.004999, 35.215528)",33.0049988,35.2155284
115,2021-11-03_יחיעם_כליל_געתון.gpx,התחלה,"(33.005038, 35.215435)",33.0050378,35.215435
115,2021-11-03_יחיעם_כליל_געתון.gpx,סיום,"(33.005039, 35.215465)",33.0050386,35.2154649
116,2021-11-05_יחיעם_כליל_געתון.gpx,התחלה,"(33.005070, 35.215502)",33.0050697,35.2155019
116,2021-11-05_יחיעם_כליל_געתון.gpx,סיום,"(33.005009, 35.215515)",33.0050087,35.2155154
118,2021-11-08_נווה זוהר.gpx,התחלה,"(31.197084, 35.360776)",31.197084,35.3607756
118,2021-11-08_נווה זוהר.gpx,סיום,"(31.197128, 35.360757)",31.1971281,35.3607574
119,2021-11-09_נווה זוהר.gpx,התחלה,"(31.197104, 35.360836)",31.1971045,35.3608357
119,2021-11-09_נווה זוהר.gpx,סיום,"(31.197136, 35.360760)",31.1971362,35.3607603
120,2021-11-10_נווה זוהר.gpx,התחלה,"(31.197106, 35.360886)",31.1971063,35.3608863
120,2021-11-10_נווה זוהר.gpx,סיום,"(31.197102, 35.360762)",31.1971018,35.3607624
121,2021-11-11_נווה זוהר.gpx,התחלה,"(31.197105, 35.360749)",31.1971048,35.3607489
121,2021-11-11_נווה זוהר.gpx,סיום,"(31.197028, 35.360769)",31.1970285,35.3607687
122,2021-11-19_יחיעם_נווה זיו_געתון.gpx,התחלה,"(33.005069, 35.215488)",33.0050689,35.2154882
122,2021-11-19_יחיעם_נווה זיו_געתון.gpx,סיום,"(33.005083, 35.215495)",33.0050832,35.2154952
123,2021-11-22_יחיעם_נווה זיו_געתון.gpx,התחלה,"(33.005046, 35.215476)",33.0050464,35.2154759
123,2021-11-22_יחיעם_נווה זיו_געתון.gpx,סיום,"(33.005010, 35.215550)",33.0050098,35.2155498
124,2021-11-23_יחיעם_נווה זיו_געתון.gpx,התחלה,"(33.005017, 35.215426)",33.0050167,35.215426
124,2021-11-23_יחיעם_נווה זיו_געתון.gpx,סיום,"(33.005084, 35.215503)",33.0050841,35.2155029
125,2021-11-27_יחיעם_מעונה.gpx,התחלה,"(33.005051, 35.215516)",33.0050513,35.2155158
125,2021-11-27_יחיעם_מעונה.gpx,סיום,"(33.021595, 35.261969)",33.0215952,35.2619685
126,2021-11-28_יחיעם_כליל_געתון.gpx,התחלה,"(33.005139, 35.215509)",33.0051389,35.2155088
126,2021-11-28_יחיעם_כליל_געתון.gpx,סיום,"(33.005041, 35.215502)",33.0050406,35.2155016
127,2021-12-03_יחיעם_כליל_געתון.gpx,התחלה,"(33.005051, 35.215485)",33.005051,35.2154849
127,2021-12-03_יחיעם_כליל_געתון.gpx,סיום,"(33.005049, 35.215503)",33.0050489,35.2155028
129,2021-12-05_כפר מסריק_עין המפרץ.gpx,התחלה,"(32.895678, 35.095905)",32.8956781,35.0959052
129,2021-12-05_כפר מסריק_עין המפרץ.gpx,סיום,"(32.895695, 35.095950)",32.8956949,35.0959496
130,2021-12-08_יחיעם_כליל_געתון.gpx,התחלה,"(33.005045, 35.215490)",33.0050449,35.21549
130,2021-12-08_יחיעם_כליל_געתון.gpx,סיום,"(33.005040, 35.215462)",33.0050397,35.2154617
131,2021-12-09_יחיעם_נווה זיו_געתון.gpx,התחלה,"(33.005038, 35.215485)",33.0050385,35.2154846
131,2021-12-09_יחיעם_נווה זיו_געתון.gpx,סיום,"(33.004966, 35.215530)",33.004966,35.2155296
132,2021-12-10_יחיעם_כליל_געתון.gpx,התחלה,"(33.005107, 35.215458)",33.0051067,35.2154584
132,2021-12-10_יחיעם_כליל_געתון.gpx,סיום,"(33.005042, 35.215486)",33.0050424,35.2154865
133,2021-12-13_נווה זוהר.gpx,התחלה,"(31.197259, 35.361382)",31.1972593,35.3613821
133,2021-12-13_נווה זוהר.gpx,סיום,"(31.196983, 35.361255)",31.1969832,35.3612549
134,2021-12-14_נווה זוהר.gpx,התחלה,"(31.197138, 35.361223)",31.1971383,35.3612231
134,2021-12-14_נווה זוהר.gpx,סיום,"(31.197147, 35.361297)",31.1971475,35.3612965
135,2021-12-15_נווה זוהר.gpx,התחלה,"(31.197096, 35.361374)",31.1970958,35.3613738
135,2021-12-15_נווה זוהר.gpx,סיום,"(31.197011, 35.361294)",31.1970113,35.3612936
136,2021-12-16_נווה זוהר.gpx,התחלה,"(31.196962, 35.361251)",31.1969618,35.3612513
136,2021-12-16_נווה זוהר.gpx,סיום,"(31.196994, 35.361456)",31.1969942,35.3614558
137,2021-12-21_יחיעם_נווה זיו_געתון.gpx,התחלה,"(33.005112, 35.215417)",33.0051118,35.2154173
137,2021-12-21_יחיעם_נווה זיו_געתון.gpx,סיום,"(33.005015, 35.215505)",33.0050148,35.2155055
139,2021-12-29_יחיעם_נווה זיו_געתון.gpx,התחלה,"(33.005060, 35.215475)",33.0050604,35.2154752
139,2021-12-29_יחיעם_נווה זיו_געתון.gpx,סיום,"(33.005027, 35.215511)",33.0050271,35.2155111
141,2022-01-02_יחיעם_געתון.gpx,התחלה,"(33.005074, 35.215476)",33.0050736,35.2154764
141,2022-01-02_יחיעם_געתון.gpx,סיום,"(33.005054, 35.215519)",33.0050535,35.2155188
142,2022-01-04_יחיעם_נווה זיו_געתון.gpx,התחלה,"(33.005066, 35.215471)",33.0050662,35.2154711
142,2022-01-04_יחיעם_נווה זיו_געתון.gpx,סיום,"(33.005163, 35.215571)",33.0051628,35.2155714
145,2022-01-14_יחיעם_נווה זיו_געתון.gpx,התחלה,"(33.005041, 35.215505)",33.005041,35.2155046
145,2022-01-14_יחיעם_נווה זיו_געתון.gpx,סיום,"(33.005055, 35.215505)",33.0050551,35.2155049
146,2022-01-15_יחיעם_נווה זיו_געתון.gpx,התחלה,"(33.005039, 35.215547)",33.0050387,35.215547
146,2022-01-15_יחיעם_נווה זיו_געתון.gpx,סיום,"(33.005055, 35.215488)",33.0050549,35.2154881
147,2022-01-17_נווה זוהר.gpx,התחלה,"(31.196952, 35.361281)",31.1969522,35.3612813
147,2022-01-17_נווה זוהר.gpx,סיום,"(31.197081, 35.361252)",31.1970809,35.3612519
148,2022-01-18_נווה זוהר.gpx,התחלה,"(31.197076, 35.361256)",31.1970756,35.3612556
148,2022-01-18_נווה זוהר.gpx,סיום,"(31.196984, 35.361215)",31.196984,35.3612152
149,2022-01-19_נווה זוהר.gpx,התחלה,"(31.197060, 35.361260)",31.19706,35.36126
149,2022-01-19_נווה זוהר.gpx,סיום,"(31.196940, 35.361460)",31.19694,35.36146
150,2022-01-21_יחיעם_נווה זיו_געתון.gpx,התחלה,"(33.005040, 35.215500)",33.00504,35.2155
150,2022-01-21_יחיעם_נווה זיו_געתון.gpx,סיום,"(33.005010, 35.215560)",33.00501,35.21556
151,2022-01-29_יחיעם_נווה זיו_געתון.gpx,התחלה,"(33.005080, 35.215500)",33.00508,35.2155
151,2022-01-29_יחיעם_נווה זיו_געתון.gpx,סיום,"(33.005060, 35.215490)",33.00506,35.21549
152,2022-01-30_יחיעם_נווה זיו_געתון.gpx,התחלה,"(33.005050, 35.215500)",33.00505,35.2155
152,2022-01-30_יחיעם_נווה זיו_געתון.gpx,סיום,"(33.005030, 35.215480)",33.00503,35.21548
153,2022-02-01_יחיעם_נווה זיו_געתון.gpx,התחלה,"(33.005040, 35.215480)",33.00504,35.21548
153,2022-02-01_יחיעם_נווה זיו_געתון.gpx,סיום,"(33.005030, 35.215460)",33.00503,35.21546
154,2022-02-02_יחיעם_נווה זיו_געתון.gpx,התחלה,"(33.005070, 35.215480)",33.00507,35.21548
154,2022-02-02_יחיעם_נווה זיו_געתון.gpx,סיום,"(33.005100, 35.215510)",33.0051,35.21551
156,2022-02-11_געתון_נהרייה_כפר ראש הנקרה_כברי_יחיעם.gpx,התחלה,"(33.006580, 35.209310)",33.00658,35.20931
156,2022-02-11_געתון_נהרייה_כפר ראש הנקרה_כברי_יחיעם.gpx,סיום,"(33.005080, 35.215460)",33.00508,35.21546
157,2022-02-16_יחיעם_נווה זיו_געתון.gpx,התחלה,"(33.005060, 35.215530)",33.00506,35.21553
157,2022-02-16_יחיעם_נווה זיו_געתון.gpx,סיום,"(33.005030, 35.215500)",33.00503,35.2155
158,2022-02-17_כפר מסריק_עין המפרץ.gpx,התחלה,"(32.895660, 35.096050)",32.89566,35.09605
158,2022-02-17_כפר מסריק_עין המפרץ.gpx,סיום,"(32.895610, 35.096090)",32.89561,35.09609
159,2022-02-18_יחיעם_גשר הזיו_געתון.gpx,התחלה,"(33.005030, 35.215490)",33.00503,35.21549
159,2022-02-18_יחיעם_גשר הזיו_געתון.gpx,סיום,"(33.005060, 35.215510)",33.00506,35.21551
160,2022-02-19_יחיעם_נווה זיו_געתון.gpx,התחלה,"(33.005007, 35.215539)",33.005007,35.2155389
160,2022-02-19_יחיעם_נווה זיו_געתון.gpx,סיום,"(33.005049, 35.215502)",33.0050487,35.215502
161,2022-02-22_יחיעם_כברי_געתון.gpx,התחלה,"(33.005040, 35.215490)",33.00504,35.21549
161,2022-02-22_יחיעם_כברי_געתון.gpx,סיום,"(33.005050, 35.215520)",33.00505,35.21552
162,2022-02-23_יחיעם_נווה זיו_געתון.gpx,התחלה,"(33.005080, 35.215490)",33.00508,35.21549
162,2022-02-23_יחיעם_נווה זיו_געתון.gpx,סיום,"(33.005110, 35.215530)",33.00511,35.21553
163,2022-02-24_כפר מסריק_עין המפרץ.gpx,התחלה,"(32.895690, 35.096000)",32.89569,35.096
163,2022-02-24_כפר מסריק_עין המפרץ.gpx,סיום,"(32.895730, 35.095890)",32.89573,35.09589
164,2022-02-27_יחיעם_נווה זיו_געתון.gpx,התחלה,"(33.005070, 35.215520)",33.00507,35.21552
164,2022-02-27_יחיעם_נווה זיו_געתון.gpx,סיום,"(33.005080, 35.215480)",33.00508,35.21548
165,2022-02-28_יחיעם_כברי_כפר ראש הנקרה_כברי_געתון.gpx,התחלה,"(33.005070, 35.215520)",33.00507,35.21552
165,2022-02-28_יחיעם_כברי_כפר ראש הנקרה_כברי_געתון.gpx,סיום,"(33.005060, 35.215500)",33.00506,35.2155
166,2022-03-01_יחיעם_נווה זיו_געתון.gpx,התחלה,"(33.005070, 35.215460)",33.00507,35.21546
166,2022-03-01_יחיעם_נווה זיו_געתון.gpx,סיום,"(33.005050, 35.215520)",33.00505,35.21552
167,2022-03-04_יחיעם_גשר הזיו_געתון.gpx,התחלה,"(33.005020, 35.215490)",33.00502,35.21549
167,2022-03-04_יחיעם_גשר הזיו_געתון.gpx,סיום,"(33.005070, 35.215480)",33.00507,35.21548
168,2022-03-05_מעונה_אבירים_מעיליא.gpx,התחלה,"(33.022230, 35.269830)",33.02223,35.26983
168,2022-03-05_מעונה_אבירים_מעיליא.gpx,סיום,"(33.022230, 35.269900)",33.02223,35.2699
169,2022-03-07_נווה זוהר.gpx,התחלה,"(31.199600, 35.364530)",31.1996,35.36453
169,2022-03-07_נווה זוהר.gpx,סיום,"(31.199610, 35.364530)",31.19961,35.36453
170,2022-03-08_נווה זוהר.gpx,התחלה,"(31.199510, 35.364370)",31.19951,35.36437
170,2022-03-08_נווה זוהר.gpx,סיום,"(31.199590, 35.364860)",31.19959,35.36486
171,2022-03-10_נווה זוהר.gpx,התחלה,"(31.199900, 35.364670)",31.1999,35.36467
171,2022-03-10_נווה זוהר.gpx,סיום,"(31.199880, 35.364730)",31.19988,35.36473
172,2022-03-25_יחיעם_נווה זיו_געתון.gpx,התחלה,"(33.005120, 35.215540)",33.00512,35.21554
172,2022-03-25_יחיעם_נווה זיו_געתון.gpx,סיום,"(33.005070, 35.215520)",33.00507,35.21552
173,2022-04-01_יחיעם_נווה זיו_געתון.gpx,התחלה,"(33.005080, 35.215470)",33.00508,35.21547
173,2022-04-01_יחיעם_נווה זיו_געתון.gpx,סיום,"(33.005070, 35.215490)",33.00507,35.21549
174,2022-04-02_יחיעם_מעונה.gpx,התחלה,"(33.005070, 35.215460)",33.00507,35.21546
174,2022-04-02_יחיעם_מעונה.gpx,סיום,"(33.021670, 35.261910)",33.02167,35.26191
175,2022-04-03_יחיעם_נווה זיו_געתון.gpx,התחלה,"(33.005060, 35.215510)",33.00506,35.21551
175,2022-04-03_יחיעם_נווה זיו_געתון.gpx,סיום,"(33.005100, 35.215500)",33.0051,35.2155
176,2022-04-06_תל אביב -יפו_בני ברק.gpx,התחלה,"(32.102690, 34.781320)",32.10269,34.78132
176,2022-04-06_תל אביב -יפו_בני ברק.gpx,סיום,"(32.102620, 34.781360)",32.10262,34.78136
177,2022-04-07_יחיעם_נווה זיו_געתון.gpx,התחלה,"(33.004950, 35.215290)",33.00495,35.21529
177,2022-04-07_יחיעם_נווה זיו_געתון.gpx,סיום,"(33.005070, 35.215510)",33.00507,35.21551
179,2022-04-12_יחיעם_נווה זיו_געתון.gpx,התחלה,"(33.005080, 35.215470)",33.00508,35.21547
179,2022-04-12_יחיעם_נווה זיו_געתון.gpx,סיום,"(33.005060, 35.215560)",33.00506,35.21556
180,2022-04-13_יחיעם_נווה זיו_געתון.gpx,התחלה,"(33.005640, 35.215320)",33.00564,35.21532
180,2022-04-13_יחיעם_נווה זיו_געתון.gpx,סיום,"(33.005090, 35.215500)",33.00509,35.2155
181,2022-04-14_שלומי_חניתה.gpx,התחלה,"(33.073610, 35.151970)",33.07361,35.15197
181,2022-04-14_שלומי_חניתה.gpx,סיום,"(33.073600, 35.151880)",33.0736,35.15188
182,2022-04-15_שלומי_חניתה.gpx,התחלה,"(33.073710, 35.151840)",33.07371,35.15184
182,2022-04-15_שלומי_חניתה.gpx,סיום,"(33.073490, 35.151750)",33.07349,35.15175
184,2022-04-19_כברי_יחיעם.gpx,התחלה,"(33.010910, 35.154130)",33.01091,35.15413
184,2022-04-19_כברי_יחיעם.gpx,סיום,"(33.005040, 35.215510)",33.00504,35.21551
185,2022-04-21_יחיעם_נווה זיו_געתון.gpx,התחלה,"(33.005110, 35.215590)",33.00511,35.21559
185,2022-04-21_יחיעם_נווה זיו_געתון.gpx,סיום,"(33.005020, 35.215550)",33.00502,35.21555
186,2022-04-22_יחיעם_כברי_געתון.gpx,התחלה,"(33.005060, 35.215440)",33.00506,35.21544
186,2022-04-22_יחיעם_כברי_געתון.gpx,סיום,"(33.005210, 35.215540)",33.00521,35.21554
187,2022-04-24_יחיעם_נווה זיו_געתון.gpx,התחלה,"(33.005020, 35.215500)",33.00502,35.2155
187,2022-04-24_יחיעם_נווה זיו_געתון.gpx,סיום,"(33.005090, 35.215490)",33.00509,35.21549
188,2022-05-04_יחיעם_נווה זיו_געתון.gpx,התחלה,"(33.005080, 35.215480)",33.00508,35.21548
188,2022-05-04_יחיעם_נווה זיו_געתון.gpx,סיום,"(33.005090, 35.215480)",33.00509,35.21548
189,2022-05-06_יחיעם_נווה זיו_געתון.gpx,התחלה,"(33.005050, 35.215540)",33.00505,35.21554
189,2022-05-06_יחיעם_נווה זיו_געתון.gpx,סיום,"(33.005050, 35.215480)",33.00505,35.21548
191,2022-05-11_יחיעם_נווה זיו_געתון.gpx,התחלה,"(33.005100, 35.215490)",33.0051,35.21549
191,2022-05-11_יחיעם_נווה זיו_געתון.gpx,סיום,"(33.005060, 35.215490)",33.00506,35.21549
192,2022-05-12_יחיעם_נווה זיו_געתון.gpx,התחלה,"(33.005010, 35.215520)",33.00501,35.21552
192,2022-05-12_יחיעם_נווה זיו_געתון.gpx,סיום,"(33.005010, 35.215490)",33.00501,35.21549
194,2022-05-15_יחיעם_נווה זיו_געתון.gpx,התחלה,"(33.005030, 35.215420)",33.00503,35.21542
194,2022-05-15_יחיעם_נווה זיו_געתון.gpx,סיום,"(33.005020, 35.215520)",33.00502,35.21552
195,2022-05-18_יחיעם_נווה זיו_געתון.gpx,התחלה,"(33.005020, 35.215470)",33.00502,35.21547
195,2022-05-18_יחיעם_נווה זיו_געתון.gpx,סיום,"(33.005050, 35.215500)",33.00505,35.2155
196,2022-05-19_יחיעם_כברי_געתון.gpx,התחלה,"(33.005030, 35.215490)",33.00503,35.21549
196,2022-05-19_יחיעם_כברי_געתון.gpx,סיום,"(33.005040, 35.215480)",33.00504,35.21548
198,2022-05-25_יחיעם_נווה זיו_געתון.gpx,התחלה,"(33.005120, 35.215470)",33.00512,35.21547
198,2022-05-25_יחיעם_נווה זיו_געתון.gpx,סיום,"(33.005070, 35.215470)",33.00507,35.21547
199,2022-05-26_יחיעם_נווה זיו_געתון.gpx,התחלה,"(33.005030, 35.215410)",33.00503,35.21541
199,2022-05-26_יחיעם_נווה זיו_געתון.gpx,סיום,"(33.005030, 35.215480)",33.00503,35.21548
202,2022-05-31_יחיעם_נווה זיו_געתון.gpx,התחלה,"(33.005090, 35.215450)",33.00509,35.21545
202,2022-05-31_יחיעם_נווה זיו_געתון.gpx,סיום,"(33.005050, 35.215540)",33.00505,35.21554
203,2022-06-01_לוטן_גרופית_קטורה.gpx,התחלה,"(29.988210, 35.086780)",29.98821,35.08678
203,2022-06-01_לוטן_גרופית_קטורה.gpx,סיום,"(29.988180, 35.086820)",29.98818,35.08682
204,2022-06-02_לוטן_יטבתה_אליפז_יטבתה_קטורה.gpx,התחלה,"(29.988280, 35.086800)",29.98828,35.0868
204,2022-06-02_לוטן_יטבתה_אליפז_יטבתה_קטורה.gpx,סיום,"(29.988240, 35.086830)",29.98824,35.08683
205,2022-06-03_אליפז.gpx,התחלה,"(29.795300, 35.014060)",29.7953,35.01406
205,2022-06-03_אליפז.gpx,סיום,"(29.795320, 35.014060)",29.79532,35.01406
206,2022-06-04_יחיעם_נהרייה_כפר ראש הנקרה_כברי_געתון.gpx,התחלה,"(33.005040, 35.215470)",33.00504,35.21547
206,2022-06-04_יחיעם_נהרייה_כפר ראש הנקרה_כברי_געתון.gpx,סיום,"(33.005030, 35.215470)",33.00503,35.21547
207,2022-06-06_קשת_אלוני הבשן.gpx,התחלה,"(32.976880, 35.807170)",32.97688,35.80717
207,2022-06-06_קשת_אלוני הבשן.gpx,סיום,"(32.976890, 35.807130)",32.97689,35.80713
209,2022-06-11_יחיעם_כברי_כפר ראש הנקרה_עבדון_מעונה.gpx,התחלה,"(33.005050, 35.215450)",33.00505,35.21545
209,2022-06-11_יחיעם_כברי_כפר ראש הנקרה_עבדון_מעונה.gpx,סיום,"(33.021680, 35.261970)",33.02168,35.26197
210,2022-06-12_יחיעם_נווה זיו_געתון.gpx,התחלה,"(33.005100, 35.215470)",33.0051,35.21547
210,2022-06-12_יחיעם_נווה זיו_געתון.gpx,סיום,"(33.005070, 35.215490)",33.00507,35.21549
211,2022-06-15_יחיעם_כברי_כפר ראש הנקרה_כברי_געתון.gpx,התחלה,"(33.005040, 35.215450)",33.00504,35.21545
211,2022-06-15_יחיעם_כברי_כפר ראש הנקרה_כברי_געתון.gpx,סיום,"(33.005050, 35.215480)",33.00505,35.21548
213,2022-06-18_געתון.gpx,התחלה,"(33.006600, 35.210390)",33.0066,35.21039
213,2022-06-18_געתון.gpx,סיום,"(33.015530, 35.203380)",33.01553,35.20338
214,2022-06-19_יחיעם_כברי_כפר ראש הנקרה_כברי_געתון.gpx,התחלה,"(33.005050, 35.215550)",33.00505,35.21555
214,2022-06-19_יחיעם_כברי_כפר ראש הנקרה_כברי_געתון.gpx,סיום,"(33.005030, 35.215510)",33.00503,35.21551
216,2022-06-24_יחיעם_כברי_כפר ראש הנקרה_עבדון_מעונה.gpx,התחלה,"(33.005110, 35.215480)",33.00511,35.21548
216,2022-06-24_יחיעם_כברי_כפר ראש הנקרה_עבדון_מעונה.gpx,סיום,"(33.022020, 35.261130)",33.02202,35.26113
217,2022-06-27_נווה זוהר.gpx,התחלה,"(31.199820, 35.364960)",31.19982,35.36496
217,2022-06-27_נווה זוהר.gpx,סיום,"(31.199830, 35.364940)",31.19983,35.36494
218,2022-06-28_נווה זוהר.gpx,התחלה,"(31.199760, 35.364890)",31.19976,35.36489
218,2022-06-28_נווה זוהר.gpx,סיום,"(31.199850, 35.364950)",31.19985,35.36495
219,2022-06-29_נווה זוהר.gpx,התחלה,"(31.199850, 35.364940)",31.19985,35.36494
219,2022-06-29_נווה זוהר.gpx,סיום,"(31.199900, 35.365010)",31.1999,35.36501
220,2022-06-30_ערד.gpx,התחלה,"(31.266970, 35.210920)",31.26697,35.21092
220,2022-06-30_ערד.gpx,סיום,"(31.306520, 35.269280)",31.30652,35.26928
221,2022-07-02_יחיעם_שייח' דנון_געתון.gpx,התחלה,"(33.005030, 35.215530)",33.00503,35.21553
221,2022-07-02_יחיעם_שייח' דנון_געתון.gpx,סיום,"(33.005030, 35.215470)",33.00503,35.21547
222,2022-07-03_כפר מסריק_עין המפרץ.gpx,התחלה,"(32.895680, 35.095940)",32.89568,35.09594
222,2022-07-03_כפר מסריק_עין המפרץ.gpx,סיום,"(32.895710, 35.095980)",32.89571,35.09598
223,2022-07-07_יחיעם_נווה זיו_געתון.gpx,התחלה,"(33.005130, 35.215510)",33.00513,35.21551
223,2022-07-07_יחיעם_נווה זיו_געתון.gpx,סיום,"(33.004990, 35.215550)",33.00499,35.21555
224,2022-07-08_יחיעם_גשר הזיו_מעונה.gpx,התחלה,"(33.005060, 35.215500)",33.00506,35.2155
224,2022-07-08_יחיעם_גשר הזיו_מעונה.gpx,סיום,"(33.021620, 35.261970)",33.02162,35.26197
226,2022-07-11_יחיעם_כברי_כפר ראש הנקרה_כברי_געתון.gpx,התחלה,"(33.005045, 35.215470)",33.0050447,35.2154697
226,2022-07-11_יחיעם_כברי_כפר ראש הנקרה_כברי_געתון.gpx,סיום,"(33.005048, 35.215504)",33.0050479,35.2155039
227,2022-07-15_יחיעם_כברי_כפר ראש הנקרה_כברי_געתון.gpx,התחלה,"(33.005050, 35.215541)",33.0050503,35.2155413
227,2022-07-15_יחיעם_כברי_כפר ראש הנקרה_כברי_געתון.gpx,סיום,"(33.005057, 35.215470)",33.0050572,35.2154703
229,2022-07-18_כברי_כפר ראש הנקרה_בן עמי.gpx,התחלה,"(33.018398, 35.142697)",33.0183983,35.1426972
229,2022-07-18_כברי_כפר ראש הנקרה_בן עמי.gpx,סיום,"(33.018371, 35.142677)",33.0183709,35.1426774
230,2022-07-19_יחיעם_כפר ראש הנקרה_נווה זיו.gpx,התחלה,"(33.005006, 35.215608)",33.0050059,35.2156083
230,2022-07-19_יחיעם_כפר ראש הנקרה_נווה זיו.gpx,סיום,"(33.012595, 35.183968)",33.0125948,35.1839681
231,2022-07-22_גורנות הגליל_אדמית_אילון.gpx,התחלה,"(33.066925, 35.244302)",33.0669247,35.2443016
231,2022-07-22_גורנות הגליל_אדמית_אילון.gpx,סיום,"(33.067185, 35.221053)",33.0671848,35.2210534
232,2022-07-23_יחיעם_כברי_געתון.gpx,התחלה,"(33.005077, 35.215449)",33.0050768,35.2154491
232,2022-07-23_יחיעם_כברי_געתון.gpx,סיום,"(33.004998, 35.215545)",33.0049979,35.2155446
233,2022-07-31_יחיעם_נווה זיו_געתון.gpx,התחלה,"(33.005091, 35.215515)",33.0050905,35.2155152
233,2022-07-31_יחיעם_נווה זיו_געתון.gpx,סיום,"(33.005062, 35.215463)",33.0050619,35.2154625
234,2022-08-02_יחיעם_נווה זיו_געתון.gpx,התחלה,"(33.005116, 35.215452)",33.005116,35.215452
234,2022-08-02_יחיעם_נווה זיו_געתון.gpx,סיום,"(33.005041, 35.215496)",33.0050414,35.2154959
236,2022-08-09_יחיעם_נווה זיו_געתון.gpx,התחלה,"(33.005037, 35.215497)",33.0050369,35.2154965
236,2022-08-09_יחיעם_נווה זיו_געתון.gpx,סיום,"(33.005058, 35.215497)",33.0050584,35.2154965
241,2022-08-19_יחיעם_כברי_כפר ראש הנקרה_כברי_געתון.gpx,התחלה,"(33.005045, 35.215436)",33.005045,35.215436
241,2022-08-19_יחיעם_כברי_כפר ראש הנקרה_כברי_געתון.gpx,סיום,"(33.005034, 35.215488)",33.005034,35.2154876
243,2022-08-21_יחיעם_נווה זיו_כליל.gpx,התחלה,"(33.005047, 35.215436)",33.0050474,35.2154363
243,2022-08-21_יחיעם_נווה זיו_כליל.gpx,סיום,"(32.997775, 35.215272)",32.997775,35.2152724
244,2022-10-03_יחיעם_עין יעקב_געתון.gpx,התחלה,"(33.005001, 35.215488)",33.005001,35.2154884
244,2022-10-03_יחיעם_עין יעקב_געתון.gpx,סיום,"(33.005016, 35.215454)",33.0050163,35.2154538
252,2022-10-15_יחיעם_עין יעקב_געתון.gpx,התחלה,"(33.005042, 35.215485)",33.0050422,35.2154852
252,2022-10-15_יחיעם_עין יעקב_געתון.gpx,סיום,"(33.005024, 35.215511)",33.0050244,35.2155113
254,2022-10-21_יחיעם_נווה זיו_געתון.gpx,התחלה,"(33.005051, 35.215445)",33.0050509,35.2154451
254,2022-10-21_יחיעם_נווה זיו_געתון.gpx,סיום,"(33.005065, 35.215513)",33.0050651,35.2155127
255,2022-10-23_יחיעם_כברי_געתון.gpx,התחלה,"(33.005048, 35.215491)",33.0050479,35.2154905
255,2022-10-23_יחיעם_כברי_געתון.gpx,סיום,"(33.005052, 35.215492)",33.0050517,35.2154917
256,2022-10-24_יחיעם_כברי_געתון.gpx,התחלה,"(33.005117, 35.215490)",33.0051167,35.2154899
256,2022-10-24_יחיעם_כברי_געתון.gpx,סיום,"(33.005079, 35.215515)",33.0050786,35.2155153
257,2022-10-26_יחיעם_כברי_געתון.gpx,התחלה,"(33.005125, 35.215499)",33.0051255,35.2154995
257,2022-10-26_יחיעם_כברי_געתון.gpx,סיום,"(33.005064, 35.215525)",33.0050639,35.2155251
258,2022-10-27_כפר מסריק_יסעור_עין המפרץ.gpx,התחלה,"(32.895343, 35.096004)",32.8953432,35.0960039
258,2022-10-27_כפר מסריק_יסעור_עין המפרץ.gpx,סיום,"(32.895714, 35.095871)",32.8957144,35.0958706
262,2022-11-09_יחיעם_כברי_געתון.gpx,התחלה,"(33.005076, 35.215472)",33.0050764,35.2154722
262,2022-11-09_יחיעם_כברי_געתון.gpx,סיום,"(33.005038, 35.215542)",33.0050385,35.2155423
263,2022-11-11_יחיעם_נווה זיו_געתון.gpx,התחלה,"(33.005074, 35.215451)",33.0050741,35.2154514
263,2022-11-11_יחיעם_נווה זיו_געתון.gpx,סיום,"(33.005122, 35.215550)",33.0051221,35.2155498
264,2022-11-17_יחיעם_נווה זיו_געתון.gpx,התחלה,"(33.005055, 35.215505)",33.0050554,35.2155052
264,2022-11-17_יחיעם_נווה זיו_געתון.gpx,סיום,"(33.005039, 35.215524)",33.0050389,35.2155237
265,2022-11-18_יחיעם_כברי_געתון.gpx,התחלה,"(33.005096, 35.215415)",33.005096,35.2154146
265,2022-11-18_יחיעם_כברי_געתון.gpx,סיום,"(33.005057, 35.215541)",33.0050571,35.2155405
266,2022-11-19_יחיעם_מעיליא_מעונה.gpx,התחלה,"(33.005132, 35.215369)",33.0051321,35.2153688
266,2022-11-19_יחיעם_מעיליא_מעונה.gpx,סיום,"(33.021500, 35.262040)",33.0214999,35.2620403
267,2022-11-23_מצובה_יערה.gpx,התחלה,"(33.065117, 35.160696)",33.0651166,35.1606964
267,2022-11-23_מצובה_יערה.gpx,סיום,"(33.064968, 35.160720)",33.0649682,35.1607205
269,2022-11-30_כברי_כפר ראש הנקרה_סער.gpx,התחלה,"(33.018378, 35.142675)",33.0183779,35.1426749
269,2022-11-30_כברי_כפר ראש הנקרה_סער.gpx,סיום,"(33.018438, 35.142681)",33.0184376,35.1426806
271,2022-12-05_נווה זוהר.gpx,התחלה,"(31.199469, 35.364700)",31.1994688,35.3646995
271,2022-12-05_נווה זוהר.gpx,סיום,"(31.199521, 35.364638)",31.199521,35.364638
272,2022-12-06_נווה זוהר.gpx,התחלה,"(31.199536, 35.364535)",31.1995359,35.3645347
272,2022-12-06_נווה זוהר.gpx,סיום,"(31.199528, 35.364645)",31.1995285,35.3646454
273,2022-12-07_נווה זוהר.gpx,התחלה,"(31.199596, 35.364584)",31.1995962,35.3645841
273,2022-12-07_נווה זוהר.gpx,סיום,"(31.199523, 35.364635)",31.1995226,35.3646352
274,2022-12-08_נווה זוהר.gpx,התחלה,"(31.199517, 35.364576)",31.1995175,35.3645759
274,2022-12-08_נווה זוהר.gpx,סיום,"(31.199507, 35.364612)",31.1995067,35.3646117
276,2022-12-12_יחיעם_נווה זיו_געתון.gpx,התחלה,"(33.005594, 35.215413)",33.0055944,35.2154135
276,2022-12-12_יחיעם_נווה זיו_געתון.gpx,סיום,"(33.005085, 35.215504)",33.0050846,35.215504
277,2022-12-16_יחיעם_כברי_געתון.gpx,התחלה,"(33.005103, 35.215515)",33.005103,35.2155151
277,2022-12-16_יחיעם_כברי_געתון.gpx,סיום,"(33.005054, 35.215517)",33.0050544,35.2155166
278,2022-12-17_יחיעם_כברי_מעונה.gpx,התחלה,"(33.005046, 35.215473)",33.0050459,35.2154726
278,2022-12-17_יחיעם_כברי_מעונה.gpx,סיום,"(33.021718, 35.261938)",33.0217183,35.2619377
279,2022-12-21_יחיעם_נווה זיו_געתון.gpx,התחלה,"(33.005067, 35.215475)",33.0050668,35.215475
279,2022-12-21_יחיעם_נווה זיו_געתון.gpx,סיום,"(33.005103, 35.215473)",33.005103,35.2154732
281,2022-12-28_יחיעם_כברי_כפר ראש הנקרה_כברי_געתון.gpx,התחלה,"(33.005121, 35.215440)",33.0051213,35.2154403
281,2022-12-28_יחיעם_כברי_כפר ראש הנקרה_כברי_געתון.gpx,סיום,"(33.005111, 35.215497)",33.0051112,35.2154969
283,2023-01-09_יחיעם_נווה זיו_געתון.gpx,התחלה,"(33.005015, 35.215432)",33.0050151,35.2154316
283,2023-01-09_יחיעם_נווה זיו_געתון.gpx,סיום,"(33.005039, 35.215503)",33.0050394,35.2155033
285,2023-01-11_מצובה_יערה.gpx,התחלה,"(33.064938, 35.160832)",33.0649382,35.1608319
285,2023-01-11_מצובה_יערה.gpx,סיום,"(33.064944, 35.160794)",33.0649438,35.1607936
286,2023-01-18_יחיעם_גשר הזיו_געתון.gpx,התחלה,"(33.005062, 35.215446)",33.0050617,35.215446
286,2023-01-18_יחיעם_גשר הזיו_געתון.gpx,סיום,"(33.005062, 35.215485)",33.0050623,35.2154845
287,2023-01-25_נווה זוהר.gpx,התחלה,"(31.199784, 35.364813)",31.199784,35.3648127
287,2023-01-25_נווה זוהר.gpx,סיום,"(31.198957, 35.365629)",31.1989574,35.3656287
288,2023-01-26_נווה זוהר.gpx,התחלה,"(31.199064, 35.365588)",31.1990645,35.3655884
288,2023-01-26_נווה זוהר.gpx,סיום,"(31.198975, 35.365643)",31.1989755,35.3656434
289,2023-01-27_נווה זוהר.gpx,התחלה,"(31.199107, 35.365471)",31.1991067,35.3654707
289,2023-01-27_נווה זוהר.gpx,סיום,"(31.199026, 35.365613)",31.1990259,35.3656134
290,2023-01-28_נווה זוהר.gpx,התחלה,"(31.199073, 35.365461)",31.1990734,35.3654611
290,2023-01-28_נווה זוהר.gpx,סיום,"(31.199534, 35.364414)",31.1995344,35.3644142
291,2023-02-17_יחיעם_נווה זיו_געתון.gpx,התחלה,"(33.005079, 35.215585)",33.005079,35.2155854
291,2023-02-17_יחיעם_נווה זיו_געתון.gpx,סיום,"(33.005081, 35.215580)",33.0050808,35.2155802
294,2023-02-24_אליפז.gpx,התחלה,"(29.760152, 34.968890)",29.7601519,34.9688899
294,2023-02-24_אליפז.gpx,סיום,"(29.760216, 34.968887)",29.7602164,34.9688872
295,2023-03-20_נווה זוהר.gpx,התחלה,"(31.195551, 35.361633)",31.1955506,35.3616332
295,2023-03-20_נווה זוהר.gpx,סיום,"(31.202103, 35.366188)",31.2021031,35.3661884
296,2023-03-21_נווה זוהר.gpx,התחלה,"(31.195473, 35.361644)",31.1954734,35.3616441
296,2023-03-21_נווה זוהר.gpx,סיום,"(31.195546, 35.361612)",31.1955458,35.3616122
297,2023-03-22_נווה זוהר.gpx,התחלה,"(31.195396, 35.361441)",31.1953956,35.3614406
297,2023-03-22_נווה זוהר.gpx,סיום,"(31.195369, 35.361411)",31.1953688,35.3614112
298,2023-03-23_נווה זוהר.gpx,התחלה,"(31.195585, 35.361594)",31.1955852,35.3615943
298,2023-03-23_נווה זוהר.gpx,סיום,"(31.195365, 35.361428)",31.1953652,35.361428
299,2023-05-17_נתניה_שושנת העמקים.gpx,התחלה,"(32.329759, 34.851444)",32.3297592,34.8514435
299,2023-05-17_נתניה_שושנת העמקים.gpx,סיום,"(32.329671, 34.851156)",32.3296713,34.8511561
304,2023-07-06_יחיעם_עין יעקב.gpx,התחלה,"(33.005143, 35.215435)",33.0051434,35.215435
304,2023-07-06_יחיעם_עין יעקב.gpx,סיום,"(33.005010, 35.215469)",33.0050097,35.2154693
306,2023-07-09_ברעם_חורפיש.gpx,התחלה,"(33.009040, 35.393152)",33.0090405,35.393152
306,2023-07-09_ברעם_חורפיש.gpx,סיום,"(33.008900, 35.393499)",33.0089004,35.3934987
312,2023-07-22_געתון_עין יעקב.gpx,התחלה,"(33.006603, 35.209242)",33.0066027,35.2092419
312,2023-07-22_געתון_עין יעקב.gpx,סיום,"(33.006916, 35.209886)",33.0069157,35.2098861
316,2023-07-30_מצובה_יערה.gpx,התחלה,"(33.064523, 35.163214)",33.0645235,35.1632138
316,2023-07-30_מצובה_יערה.gpx,סיום,"(33.064859, 35.160819)",33.0648591,35.160819
318,2023-08-04_יגור.gpx,התחלה,"(32.744703, 35.073564)",32.7447033,35.0735636
318,2023-08-04_יגור.gpx,סיום,"(32.744874, 35.073802)",32.7448736,35.0738022
319,2023-08-11_יערה.gpx,התחלה,"(33.073447, 35.183869)",33.0734473,35.1838692
319,2023-08-11_יערה.gpx,סיום,"(33.073924, 35.184821)",33.0739236,35.1848211
321,2023-08-16_הילה_גורן.gpx,התחלה,"(33.036258, 35.235201)",33.0362583,35.2352014
321,2023-08-16_הילה_גורן.gpx,סיום,"(33.035423, 35.236071)",33.0354234,35.2360707
322,2023-08-18_גילון_צורית.gpx,התחלה,"(32.913439, 35.226309)",32.9134386,35.2263088
322,2023-08-18_גילון_צורית.gpx,סיום,"(32.902543, 35.246243)",32.9025428,35.2462431
323,2023-08-25_ברעם_מירון_בר יוחאי.gpx,התחלה,"(33.010091, 35.396650)",33.0100914,35.3966495
323,2023-08-25_ברעם_מירון_בר יוחאי.gpx,סיום,"(33.009098, 35.393674)",33.0090975,35.3936742
324,2023-08-29_געתון_עין יעקב.gpx,התחלה,"(33.006664, 35.209247)",33.0066638,35.2092466
324,2023-08-29_געתון_עין יעקב.gpx,סיום,"(33.007845, 35.218471)",33.0078446,35.2184711
326,2023-09-04_מצובה_יערה.gpx,התחלה,"(33.064940, 35.160695)",33.0649401,35.1606949
326,2023-09-04_מצובה_יערה.gpx,סיום,"(33.064982, 35.160818)",33.0649824,35.1608177
327,2023-09-04_מצובה_יערה_1.gpx,התחלה,"(33.065041, 35.160719)",33.0650406,35.1607186
327,2023-09-04_מצובה_יערה_1.gpx,סיום,"(33.064967, 35.160852)",33.0649669,35.1608524
329,2023-09-13_יחיעם_מעונה_עין יעקב.gpx,התחלה,"(33.005446, 35.217347)",33.0054457,35.2173468
329,2023-09-13_יחיעם_מעונה_עין יעקב.gpx,סיום,"(33.005016, 35.215458)",33.0050163,35.2154576
331,2023-09-19_חיפה.gpx,התחלה,"(32.821454, 34.995571)",32.8214543,34.9955712
331,2023-09-19_חיפה.gpx,סיום,"(32.805536, 34.989137)",32.8055361,34.9891367
332,2023-09-23_יחיעם_עין יעקב.gpx,התחלה,"(33.005031, 35.215393)",33.0050312,35.2153932
332,2023-09-23_יחיעם_עין יעקב.gpx,סיום,"(33.005066, 35.215468)",33.0050664,35.2154682
333,2023-09-25_יחיעם_געתון_עין יעקב.gpx,התחלה,"(33.004990, 35.215447)",33.0049901,35.2154468
333,2023-09-25_יחיעם_געתון_עין יעקב.gpx,סיום,"(33.005085, 35.215436)",33.0050849,35.2154356
334,2023-09-26_חיפה.gpx,התחלה,"(32.821928, 34.995953)",32.8219277,34.9959529
334,2023-09-26_חיפה.gpx,סיום,"(32.805521, 34.989173)",32.8055215,34.9891732
335,2023-10-06_אלוני הבשן.gpx,התחלה,"(28.209516, 83.959890)",28.2095165,83.95989
335,2023-10-06_אלוני הבשן.gpx,סיום,"(28.201039, 83.945178)",28.2010388,83.9451778
336,2023-10-07_אלוני הבשן.gpx,התחלה,"(28.360365, 83.741736)",28.3603654,83.7417356
336,2023-10-07_אלוני הבשן.gpx,סיום,"(28.355842, 83.736295)",28.3558416,83.7362954
337,2023-10-14_געתון_עין יעקב_יחיעם.gpx,התחלה,"(33.007264, 35.210749)",33.0072637,35.2107493
337,2023-10-14_געתון_עין יעקב_יחיעם.gpx,סיום,"(33.004409, 35.216091)",33.0044089,35.216091
338,2023-10-14_יחיעם_עין יעקב.gpx,התחלה,"(33.005035, 35.215688)",33.0050354,35.2156884
338,2023-10-14_יחיעם_עין יעקב.gpx,סיום,"(33.005031, 35.215469)",33.0050306,35.2154686
339,2023-10-21_יחיעם_נווה זיו_עין יעקב.gpx,התחלה,"(33.005018, 35.215614)",33.0050177,35.2156141
339,2023-10-21_יחיעם_נווה זיו_עין יעקב.gpx,סיום,"(33.005021, 35.215571)",33.0050215,35.2155713
340,2023-10-21_יחיעם_נווה זיו_עין יעקב_1.gpx,התחלה,"(33.005046, 35.215554)",33.0050464,35.2155544
340,2023-10-21_יחיעם_נווה זיו_עין יעקב_1.gpx,סיום,"(33.005092, 35.215418)",33.0050916,35.2154181
341,2023-11-20_געתון_נווה זיו_יחיעם.gpx,התחלה,"(33.006490, 35.212054)",33.0064901,35.2120541
341,2023-11-20_געתון_נווה זיו_יחיעם.gpx,סיום,"(33.005054, 35.215529)",33.0050541,35.2155294
342,2023-11-20_יחיעם_נווה זיו_עין יעקב.gpx,התחלה,"(33.005022, 35.215503)",33.0050223,35.2155027
342,2023-11-20_יחיעם_נווה זיו_עין יעקב.gpx,סיום,"(33.007728, 35.219014)",33.0077278,35.2190143
344,2023-12-19_יחיעם_נווה זיו_געתון.gpx,התחלה,"(33.005473, 35.215397)",33.0054725,35.2153971
344,2023-12-19_יחיעם_נווה זיו_געתון.gpx,סיום,"(33.005046, 35.215503)",33.0050455,35.2155035
349,2024-01-25_שדות ים_חדרה.gpx,התחלה,"(32.496994, 34.890315)",32.4969941,34.8903154
349,2024-01-25_שדות ים_חדרה.gpx,סיום,"(32.463417, 34.888545)",32.4634174,34.8885447
350,2024-02-06_בית זיד_מטולה.gpx,התחלה,"(32.693686, 35.107889)",32.6936864,35.1078895
350,2024-02-06_בית זיד_מטולה.gpx,סיום,"(33.818252, 35.490804)",33.8182523,35.490804
351,2024-02-06_שער העמקים_בית זיד.gpx,התחלה,"(32.715805, 35.101743)",32.7158048,35.1017434
351,2024-02-06_שער העמקים_בית זיד.gpx,סיום,"(32.709276, 35.103282)",32.7092757,35.1032823
352,2024-02-09_שער העמקים_בית זיד.gpx,התחלה,"(32.714426, 35.101993)",32.7144261,35.1019929
352,2024-02-09_שער העמקים_בית זיד.gpx,סיום,"(32.691899, 35.107807)",32.6918991,35.1078067
353,2024-02-22_חדרה_גאולי תימן.gpx,התחלה,"(32.436387, 34.898726)",32.4363867,34.8987258
353,2024-02-22_חדרה_גאולי תימן.gpx,סיום,"(32.397570, 34.890322)",32.39757,34.8903222
354,2024-02-22_חופית_חדרה.gpx,התחלה,"(32.390146, 34.877000)",32.3901463,34.8769997
354,2024-02-22_חופית_חדרה.gpx,סיום,"(32.437846, 34.891411)",32.4378457,34.8914111
355,2024-02-23_יחיעם_נווה זיו_עין יעקב.gpx,התחלה,"(33.005024, 35.215535)",33.005024,35.2155348
355,2024-02-23_יחיעם_נווה זיו_עין יעקב.gpx,סיום,"(33.005025, 35.215511)",33.0050248,35.2155114
356,2024-02-25_יחיעם_כברי_עין יעקב.gpx,התחלה,"(33.005249, 35.215532)",33.0052495,35.2155322
356,2024-02-25_יחיעם_כברי_עין יעקב.gpx,סיום,"(33.005189, 35.215440)",33.0051892,35.2154398
357,2024-02-26_יחיעם_כברי_עין יעקב.gpx,התחלה,"(33.005220, 35.215553)",33.0052198,35.2155525
357,2024-02-26_יחיעם_כברי_עין יעקב.gpx,סיום,"(33.005468, 35.216994)",33.0054682,35.2169942
360,2024-03-09_יחיעם_נווה זיו_עין יעקב.gpx,התחלה,"(33.005337, 35.215427)",33.0053371,35.2154275
360,2024-03-09_יחיעם_נווה זיו_עין יעקב.gpx,סיום,"(33.005029, 35.215405)",33.0050293,35.2154053
361,2024-03-21_אודים_יקום.gpx,התחלה,"(32.288435, 34.842570)",32.2884351,34.84257
361,2024-03-21_אודים_יקום.gpx,סיום,"(32.248810, 34.837064)",32.2488098,34.8370636
362,2024-03-23_מטולה.gpx,התחלה,"(33.818277, 35.490760)",33.8182772,35.4907598
362,2024-03-23_מטולה.gpx,סיום,"(33.816661, 35.490215)",33.8166609,35.4902155
363,2024-03-29_יחיעם_כברי_עין יעקב.gpx,התחלה,"(33.005478, 35.215338)",33.0054777,35.2153383
363,2024-03-29_יחיעם_כברי_עין יעקב.gpx,סיום,"(33.005081, 35.215461)",33.0050809,35.2154608
364,2024-03-30_מטולה.gpx,התחלה,"(33.818248, 35.490767)",33.8182476,35.4907673
364,2024-03-30_מטולה.gpx,סיום,"(33.681779, 35.443462)",33.681779,35.443462
365,2024-04-02_נווה זוהר.gpx,התחלה,"(31.193689, 35.361756)",31.1936886,35.3617562
365,2024-04-02_נווה זוהר.gpx,סיום,"(31.193627, 35.361770)",31.1936271,35.3617698
366,2024-04-03_נווה זוהר.gpx,התחלה,"(31.193697, 35.361699)",31.193697,35.3616993
366,2024-04-03_נווה זוהר.gpx,סיום,"(31.193656, 35.361751)",31.1936559,35.3617508
368,2024-04-07_מטולה.gpx,התחלה,"(33.818256, 35.490733)",33.818256,35.4907332
368,2024-04-07_מטולה.gpx,סיום,"(33.818291, 35.490811)",33.8182906,35.4908114
369,2024-04-13_מטולה.gpx,התחלה,"(33.818224, 35.490776)",33.8182242,35.490776
369,2024-04-13_מטולה.gpx,סיום,"(33.818300, 35.490749)",33.8182999,35.490749
370,2024-04-18_בני ברק_תל אביב -יפו.gpx,התחלה,"(32.105669, 34.836887)",32.1056694,34.8368873
370,2024-04-18_בני ברק_תל אביב -יפו.gpx,סיום,"(32.099250, 34.777064)",32.0992499,34.7770643
371,2024-05-11_מטולה.gpx,התחלה,"(33.818244, 35.490793)",33.8182436,35.4907932
371,2024-05-11_מטולה.gpx,סיום,"(33.818279, 35.490792)",33.8182792,35.4907916
372,2024-05-16_גבעת השלושה_עדנים.gpx,התחלה,"(32.111180, 34.915158)",32.1111798,34.915158
372,2024-05-16_גבעת השלושה_עדנים.gpx,סיום,"(32.119757, 34.902982)",32.1197575,34.9029815
373,2024-05-20_נווה זוהר.gpx,התחלה,"(31.195552, 35.361552)",31.1955519,35.3615521
373,2024-05-20_נווה זוהר.gpx,סיום,"(31.195580, 35.361591)",31.1955795,35.3615906
374,2024-05-21_נווה זוהר.gpx,התחלה,"(31.195539, 35.361544)",31.1955385,35.3615435
374,2024-05-21_נווה זוהר.gpx,סיום,"(31.195576, 35.361601)",31.1955758,35.3616013
375,2024-05-22_נווה זוהר.gpx,התחלה,"(31.195552, 35.361547)",31.1955524,35.3615466
375,2024-05-22_נווה זוהר.gpx,סיום,"(31.195565, 35.361544)",31.195565,35.3615443
376,2024-05-24_מטולה.gpx,התחלה,"(33.818255, 35.490774)",33.8182555,35.4907744
376,2024-05-24_מטולה.gpx,סיום,"(33.818274, 35.490815)",33.8182738,35.4908148
378,2024-05-28_מטולה.gpx,התחלה,"(33.818228, 35.490791)",33.8182278,35.4907905
378,2024-05-28_מטולה.gpx,סיום,"(33.685156, 35.434112)",33.6851558,35.4341121
379,2024-05-29_מטולה.gpx,התחלה,"(33.818241, 35.490810)",33.8182411,35.49081
379,2024-05-29_מטולה.gpx,סיום,"(33.818190, 35.490808)",33.8181904,35.490808
380,2024-05-31_מטולה.gpx,התחלה,"(33.818249, 35.490823)",33.8182494,35.4908235
380,2024-05-31_מטולה.gpx,סיום,"(33.818270, 35.490839)",33.8182702,35.490839
381,2024-06-04_מטולה.gpx,התחלה,"(33.818198, 35.490791)",33.8181979,35.4907912
381,2024-06-04_מטולה.gpx,סיום,"(33.818157, 35.490786)",33.8181572,35.4907862
382,2024-06-04_מטולה_1.gpx,התחלה,"(33.818157, 35.490788)",33.8181565,35.4907878
382,2024-06-04_מטולה_1.gpx,סיום,"(33.818128, 35.490345)",33.8181282,35.4903446
383,2024-06-06_מטולה.gpx,התחלה,"(33.818239, 35.490821)",33.8182387,35.4908208
383,2024-06-06_מטולה.gpx,סיום,"(33.765121, 35.476556)",33.7651214,35.4765557
384,2024-06-11_מטולה.gpx,התחלה,"(33.818273, 35.490854)",33.8182734,35.4908537
384,2024-06-11_מטולה.gpx,סיום,"(33.818281, 35.490814)",33.818281,35.4908136
385,2024-06-13_מטולה.gpx,התחלה,"(33.818218, 35.490798)",33.818218,35.4907984
385,2024-06-13_מטולה.gpx,סיום,"(33.818249, 35.490848)",33.8182488,35.4908479
386,2024-06-18_מטולה.gpx,התחלה,"(33.818256, 35.490866)",33.8182564,35.4908661
386,2024-06-18_מטולה.gpx,סיום,"(33.818253, 35.490769)",33.8182529,35.4907692
387,2024-06-26_מטולה_נווה זיו_געתון_יחיעם.gpx,התחלה,"(33.818337, 35.490739)",33.8183365,35.4907391
387,2024-06-26_מטולה_נווה זיו_געתון_יחיעם.gpx,סיום,"(33.005084, 35.215492)",33.0050838,35.215492
388,2024-06-28_מטולה.gpx,התחלה,"(33.818249, 35.490803)",33.8182493,35.4908026
388,2024-06-28_מטולה.gpx,סיום,"(33.818320, 35.490698)",33.8183204,35.4906984
389,2024-07-02_מטולה.gpx,התחלה,"(33.818252, 35.490782)",33.8182523,35.4907822
389,2024-07-02_מטולה.gpx,סיום,"(33.818332, 35.490607)",33.8183325,35.4906072
390,2024-07-05_מטולה.gpx,התחלה,"(33.818280, 35.490772)",33.8182804,35.4907724
390,2024-07-05_מטולה.gpx,סיום,"(33.818234, 35.490800)",33.818234,35.4908002
391,2024-07-06_מטולה.gpx,התחלה,"(33.818278, 35.490786)",33.8182779,35.4907859
391,2024-07-06_מטולה.gpx,סיום,"(33.818036, 35.490709)",33.8180355,35.4907088
392,2024-07-09_יחיעם_גשר הזיו_געתון.gpx,התחלה,"(33.004954, 35.215435)",33.0049543,35.2154347
392,2024-07-09_יחיעם_גשר הזיו_געתון.gpx,סיום,"(33.009109, 35.195420)",33.0091089,35.1954204
393,2024-07-20_מטולה.gpx,התחלה,"(33.818257, 35.490807)",33.8182574,35.4908066
393,2024-07-20_מטולה.gpx,סיום,"(33.818254, 35.490919)",33.8182537,35.4909194
394,2024-07-22_מטולה.gpx,התחלה,"(33.818289, 35.490800)",33.8182895,35.4908
394,2024-07-22_מטולה.gpx,סיום,"(33.818295, 35.490819)",33.8182945,35.490819
395,2024-07-24_מטולה.gpx,התחלה,"(33.818292, 35.490794)",33.8182918,35.4907943
395,2024-07-24_מטולה.gpx,סיום,"(33.818256, 35.490804)",33.8182559,35.4908036
396,2024-07-27_מטולה.gpx,התחלה,"(33.818243, 35.490802)",33.8182429,35.4908022
396,2024-07-27_מטולה.gpx,סיום,"(33.818138, 35.490817)",33.8181377,35.4908174
397,2024-07-31_כפר ראש הנקרה.gpx,התחלה,"(52.121978, 4.458303)",52.1219778,4.4583026
397,2024-07-31_כפר ראש הנקרה.gpx,סיום,"(52.122036, 4.458605)",52.1220355,4.4586054
398,2024-08-14_מטולה.gpx,התחלה,"(33.818293, 35.490865)",33.8182934,35.4908653
398,2024-08-14_מטולה.gpx,סיום,"(33.818300, 35.490849)",33.8183004,35.4908494
399,2024-09-14_כפר ראש הנקרה.gpx,התחלה,"(45.926963, 6.875203)",45.926963,6.875203
399,2024-09-14_כפר ראש הנקרה.gpx,סיום,"(45.926963, 6.875203)",45.926963,6.875203
400,2024-09-17_חיפה_כפר גלים.gpx,התחלה,"(32.831868, 34.982403)",32.8318675,34.9824027
400,2024-09-17_חיפה_כפר גלים.gpx,סיום,"(32.830780, 34.982092)",32.8307801,34.9820918
401,2024-09-19_ג'סר א-זרקא_שדות ים_קיסריה.gpx,התחלה,"(32.537490, 34.902626)",32.5374899,34.9026258
401,2024-09-19_ג'סר א-זרקא_שדות ים_קיסריה.gpx,סיום,"(32.515521, 34.907069)",32.5155212,34.907069
402,2024-09-25_בית הערבה.gpx,התחלה,"(31.717482, 35.999373)",31.7174823,35.9993727
402,2024-09-25_בית הערבה.gpx,סיום,"(31.717556, 35.999790)",31.7175558,35.9997904
403,2024-10-07_יחיעם_געתון_עין יעקב.gpx,התחלה,"(33.005016, 35.218203)",33.0050163,35.2182028
403,2024-10-07_יחיעם_געתון_עין יעקב.gpx,סיום,"(33.004698, 35.216028)",33.0046977,35.2160281
405,2024-10-19_יחיעם_עין יעקב.gpx,התחלה,"(33.004308, 35.216063)",33.0043078,35.2160629
405,2024-10-19_יחיעם_עין יעקב.gpx,סיום,"(33.005047, 35.215481)",33.0050468,35.2154809
406,2024-11-07_צובה_אורה.gpx,התחלה,"(31.783388, 35.130106)",31.7833882,35.1301063
406,2024-11-07_צובה_אורה.gpx,סיום,"(31.767119, 35.162436)",31.7671194,35.1624363
407,2024-11-12_כפר ראש הנקרה.gpx,התחלה,"(47.585140, 19.044496)",47.5851403,19.0444956
407,2024-11-12_כפר ראש הנקרה.gpx,סיום,"(47.607361, 18.991214)",47.6073608,18.9912141
409,2024-12-17_כברי_כפר ראש הנקרה_בן עמי.gpx,התחלה,"(33.018427, 35.142585)",33.0184273,35.142585
409,2024-12-17_כברי_כפר ראש הנקרה_בן עמי.gpx,סיום,"(33.018385, 35.142585)",33.0183854,35.1425853
410,2024-12-20_כברי_כפר ראש הנקרה_נהרייה.gpx,התחלה,"(33.018489, 35.142706)",33.0184887,35.1427064
410,2024-12-20_כברי_כפר ראש הנקרה_נהרייה.gpx,סיום,"(33.018466, 35.142672)",33.0184663,35.1426718
411,2024-12-25_כברי_כפר ראש הנקרה_בן עמי.gpx,התחלה,"(33.018462, 35.142713)",33.0184622,35.1427134
411,2024-12-25_כברי_כפר ראש הנקרה_בן עמי.gpx,סיום,"(33.018447, 35.142687)",33.018447,35.142687
413,2025-01-05_יחיעם_עין יעקב.gpx,התחלה,"(33.004983, 35.215416)",33.0049831,35.2154157
413,2025-01-05_יחיעם_עין יעקב.gpx,סיום,"(33.005061, 35.215498)",33.0050613,35.2154979
414,2025-01-06_נהרייה_יחיעם.gpx,התחלה,"(33.006880, 35.092706)",33.0068803,35.0927056
414,2025-01-06_נהרייה_יחיעם.gpx,סיום,"(33.005067, 35.215491)",33.0050674,35.2154905
415,2025-01-09_שניר_שאר ישוב.gpx,התחלה,"(33.248735, 35.693269)",33.2487353,35.6932688
415,2025-01-09_שניר_שאר ישוב.gpx,סיום,"(33.218749, 35.659056)",33.2187486,35.6590555
416,2025-01-18_אלוני הבשן.gpx,התחלה,"(17.989235, 102.429267)",17.9892347,102.4292666
416,2025-01-18_אלוני הבשן.gpx,סיום,"(17.982604, 102.442628)",17.9826043,102.4426284
417,2025-01-19_אלוני הבשן.gpx,התחלה,"(18.922191, 102.388360)",18.922191,102.3883603
417,2025-01-19_אלוני הבשן.gpx,סיום,"(18.909727, 102.407097)",18.9097271,102.4070968
418,2025-01-19_אלוני הבשן_1.gpx,התחלה,"(18.909367, 102.442223)",18.9093669,102.4422229
418,2025-01-19_אלוני הבשן_1.gpx,סיום,"(18.914548, 102.444959)",18.9145478,102.4449589
419,2025-01-19_אלוני הבשן_2.gpx,התחלה,"(18.928025, 102.445643)",18.9280253,102.4456429
419,2025-01-19_אלוני הבשן_2.gpx,סיום,"(18.921719, 102.445162)",18.9217189,102.4451619
420,2025-01-22_אלוני הבשן.gpx,התחלה,"(20.783028, 101.236156)",20.7830281,101.2361564
420,2025-01-22_אלוני הבשן.gpx,סיום,"(20.802629, 101.250264)",20.8026285,101.2502643
421,2025-01-23_אלוני הבשן.gpx,התחלה,"(20.861528, 101.308146)",20.8615275,101.3081459
421,2025-01-23_אלוני הבשן.gpx,סיום,"(20.839613, 101.347077)",20.8396133,101.3470772
422,2025-01-24_אלוני הבשן.gpx,התחלה,"(20.839265, 101.348760)",20.8392648,101.34876
422,2025-01-24_אלוני הבשן.gpx,סיום,"(20.879664, 101.335938)",20.8796641,101.3359377
423,2025-01-27_אלוני הבשן.gpx,התחלה,"(19.758768, 102.030402)",19.7587683,102.0304019
423,2025-01-27_אלוני הבשן.gpx,סיום,"(19.751014, 101.996744)",19.7510143,101.9967441
424,2025-02-10_נווה זוהר.gpx,התחלה,"(31.199082, 35.365512)",31.1990823,35.365512
424,2025-02-10_נווה זוהר.gpx,סיום,"(31.199220, 35.365416)",31.1992201,35.3654158
425,2025-02-11_נווה זוהר.gpx,התחלה,"(31.199077, 35.365504)",31.1990767,35.3655037
425,2025-02-11_נווה זוהר.gpx,סיום,"(31.199072, 35.365515)",31.1990717,35.3655148
426,2025-02-12_נווה זוהר.gpx,התחלה,"(31.199113, 35.365508)",31.199113,35.3655084
426,2025-02-12_נווה זוהר.gpx,סיום,"(31.199085, 35.365499)",31.1990851,35.3654991
427,2025-02-13_נווה זוהר.gpx,התחלה,"(31.199079, 35.365518)",31.1990795,35.3655175
427,2025-02-13_נווה זוהר.gpx,סיום,"(31.199176, 35.365143)",31.1991759,35.365143
428,2025-02-22_אפיק_מבוא חמה.gpx,התחלה,"(32.768648, 35.692374)",32.7686483,35.6923742
428,2025-02-22_אפיק_מבוא חמה.gpx,סיום,"(32.733852, 35.655711)",32.7338519,35.6557114
429,2025-03-02_יחיעם_כברי_עין יעקב.gpx,התחלה,"(33.005041, 35.215508)",33.0050412,35.2155079
429,2025-03-02_יחיעם_כברי_עין יעקב.gpx,סיום,"(33.005048, 35.215496)",33.0050476,35.2154955
430,2025-03-19_מטולה.gpx,התחלה,"(34.103666, -118.309219)",34.1036662,-118.3092192
430,2025-03-19_מטולה.gpx,סיום,"(34.103987, -118.309176)",34.1039867,-118.3091763
431,2025-04-25_עין הוד.gpx,התחלה,"(32.713875, 34.977562)",32.713875,34.9775622
431,2025-04-25_עין הוד.gpx,סיום,"(32.714064, 34.976565)",32.7140643,34.9765653
432,2025-04-26_בית אורן_יגור.gpx,התחלה,"(32.714433, 35.013038)",32.7144331,35.0130379
432,2025-04-26_בית אורן_יגור.gpx,סיום,"(32.733601, 35.023429)",32.7336008,35.0234294
433,2025-05-03_ברעם_מירון.gpx,התחלה,"(33.008963, 35.393637)",33.0089632,35.3936369
433,2025-05-03_ברעם_מירון.gpx,סיום,"(32.978865, 35.442382)",32.9788655,35.442382
434,2025-05-15_עין קנייא_שניר.gpx,התחלה,"(33.250994, 35.728807)",33.2509941,35.7288073
434,2025-05-15_עין קנייא_שניר.gpx,סיום,"(33.244982, 35.694792)",33.2449818,35.6947918
435,2025-05-24_בית אורן_עין הוד.gpx,התחלה,"(32.714281, 35.012971)",32.7142811,35.0129707
435,2025-05-24_בית אורן_עין הוד.gpx,סיום,"(32.713214, 34.979139)",32.7132135,34.9791392
436,2025-07-03_שאר ישוב_שדה נחמיה.gpx,התחלה,"(33.216296, 35.642447)",33.2162959,35.6424471
436,2025-07-03_שאר ישוב_שדה נחמיה.gpx,סיום,"(33.187768, 35.617947)",33.1877676,35.6179471
437,2025-07-26_הילה_גורן.gpx,התחלה,"(33.036099, 35.235098)",33.0360988,35.2350976
437,2025-07-26_הילה_גורן.gpx,סיום,"(33.047807, 35.221601)",33.0478075,35.2216008
439,2025-08-28_יחיעם_כפר ראש הנקרה.gpx,התחלה,"(33.005031, 35.215463)",33.0050308,35.215463
439,2025-08-28_יחיעם_כפר ראש הנקרה.gpx,סיום,"(33.087034, 35.106186)",33.0870341,35.1061861
440,2025-09-01_כפר ראש הנקרה.gpx,התחלה,"(52.345619, 4.584230)",52.3456191,4.5842304
440,2025-09-01_כפר ראש הנקרה.gpx,סיום,"(52.345549, 4.582207)",52.3455495,4.5822072
441,2025-09-02_כפר ראש הנקרה.gpx,התחלה,"(52.178079, 4.487742)",52.1780787,4.4877419
441,2025-09-02_כפר ראש הנקרה.gpx,סיום,"(52.156261, 4.518955)",52.156261,4.5189552
442,2025-09-08_יחיעם_כברי_געתון.gpx,התחלה,"(33.005042, 35.215471)",33.0050418,35.2154711
442,2025-09-08_יחיעם_כברי_געתון.gpx,סיום,"(33.005016, 35.215492)",33.0050158,35.2154919
443,2025-09-10_יחיעם_כברי_געתון.gpx,התחלה,"(33.005049, 35.215508)",33.0050488,35.2155077
443,2025-09-10_יחיעם_כברי_געתון.gpx,סיום,"(33.005043, 35.215485)",33.0050431,35.2154849
444,2025-09-14_יחיעם_עין יעקב.gpx,התחלה,"(33.005093, 35.215448)",33.0050928,35.2154478
444,2025-09-14_יחיעם_עין יעקב.gpx,סיום,"(33.005037, 35.215480)",33.0050365,35.2154799
446,2025-09-20_יחיעם_כברי_געתון.gpx,התחלה,"(33.005077, 35.215453)",33.0050775,35.2154529
446,2025-09-20_יחיעם_כברי_געתון.gpx,סיום,"(33.005029, 35.215485)",33.0050288,35.2154845
447,2025-09-22_יחיעם_שבי ציון_מזרעה.gpx,התחלה,"(33.005069, 35.215439)",33.0050685,35.2154387
447,2025-09-22_יחיעם_שבי ציון_מזרעה.gpx,סיום,"(32.977009, 35.094055)",32.9770088,35.0940548
448,2025-09-23_יחיעם_כפר ראש הנקרה_כברי.gpx,התחלה,"(33.005062, 35.215489)",33.0050619,35.2154886
448,2025-09-23_יחיעם_כפר ראש הנקרה_כברי.gpx,סיום,"(33.015147, 35.155449)",33.0151467,35.155449
451,2025-09-30_יפתח_גונן_רמות נפתלי.gpx,התחלה,"(33.124120, 35.569429)",33.1241203,35.5694295
451,2025-09-30_יפתח_גונן_רמות נפתלי.gpx,סיום,"(33.124074, 35.569458)",33.1240744,35.5694584
452,2025-10-01_יחיעם_שבי ציון_מזרעה.gpx,התחלה,"(33.005041, 35.215465)",33.0050415,35.2154653
452,2025-10-01_יחיעם_שבי ציון_מזרעה.gpx,סיום,"(32.976790, 35.094160)",32.9767899,35.0941599
453,2025-10-02_געתון_גשר הזיו_יחיעם.gpx,התחלה,"(33.006357, 35.204543)",33.0063565,35.2045426
453,2025-10-02_געתון_גשר הזיו_יחיעם.gpx,סיום,"(33.005086, 35.215476)",33.0050858,35.2154758
454,2025-10-07_אבירים.gpx,התחלה,"(33.044635, 35.285426)",33.0446354,35.2854255
454,2025-10-07_אבירים.gpx,סיום,"(33.044611, 35.286933)",33.0446114,35.2869326
455,2025-10-11_יחיעם_כברי_געתון.gpx,התחלה,"(33.005089, 35.215487)",33.0050889,35.2154874
455,2025-10-11_יחיעם_כברי_געתון.gpx,סיום,"(33.005030, 35.215497)",33.0050302,35.2154973
456,2025-10-16_יחיעם_כליל_געתון.gpx,התחלה,"(33.005018, 35.215493)",33.0050175,35.2154933
456,2025-10-16_יחיעם_כליל_געתון.gpx,סיום,"(33.005053, 35.215477)",33.0050526,35.2154775
457,2025-10-17_מירון_כפר שמאי.gpx,התחלה,"(32.979214, 35.442857)",32.9792139,35.4428571
457,2025-10-17_מירון_כפר שמאי.gpx,סיום,"(32.973869, 35.466475)",32.9738693,35.4664753
458,2025-10-20_נווה זוהר.gpx,התחלה,"(31.201897, 35.363853)",31.201897,35.3638529
458,2025-10-20_נווה זוהר.gpx,סיום,"(31.201944, 35.363824)",31.2019444,35.3638238
459,2025-10-25_עין הוד_גבע כרמל.gpx,התחלה,"(32.702283, 34.982675)",32.702283,34.9826751
459,2025-10-25_עין הוד_גבע כרמל.gpx,סיום,"(32.649930, 34.967452)",32.6499298,34.967452
460,2025-10-31_כפר ראש הנקרה_גשר הזיו.gpx,התחלה,"(33.092942, 35.106947)",33.0929419,35.1069474
460,2025-10-31_כפר ראש הנקרה_גשר הזיו.gpx,סיום,"(33.050157, 35.102428)",33.050157,35.1024277
461,2025-11-06_בר יוחאי_חורפיש.gpx,התחלה,"(32.993426, 35.414507)",32.9934261,35.4145071
461,2025-11-06_בר יוחאי_חורפיש.gpx,סיום,"(33.003646, 35.360375)",33.0036462,35.3603746
462,2025-11-15_יחיעם_כליל_געתון.gpx,התחלה,"(33.005045, 35.215469)",33.005045,35.2154688
462,2025-11-15_יחיעם_כליל_געתון.gpx,סיום,"(33.005082, 35.215524)",33.0050824,35.215524
463,2025-12-25_בר יוחאי_מירון.gpx,התחלה,"(32.993544, 35.414347)",32.9935445,35.4143472
463,2025-12-25_בר יוחאי_מירון.gpx,סיום,"(32.982406, 35.439838)",32.9824058,35.4398381
464,2026-01-03_בית חנניה_שדות ים.gpx,התחלה,"(32.532402, 34.926767)",32.5324017,34.9267671
464,2026-01-03_בית חנניה_שדות ים.gpx,סיום,"(32.501422, 34.893577)",32.5014221,34.8935774
465,2026-01-10_כברי_כפר ראש הנקרה_בן עמי.gpx,התחלה,"(33.018413, 35.142729)",33.0184133,35.1427291
465,2026-01-10_כברי_כפר ראש הנקרה_בן עמי.gpx,סיום,"(33.018383, 35.142717)",33.0183828,35.1427171
466,2026-01-14_שבי ציון_נהרייה_מזרעה.gpx,התחלה,"(32.981663, 35.084709)",32.981663,35.0847094
466,2026-01-14_שבי ציון_נהרייה_מזרעה.gpx,סיום,"(32.980120, 35.092041)",32.9801197,35.0920412
467,2026-01-15_שבי ציון_נהרייה_מזרעה.gpx,התחלה,"(32.981260, 35.084575)",32.9812603,35.0845755
467,2026-01-15_שבי ציון_נהרייה_מזרעה.gpx,סיום,"(32.986518, 35.096216)",32.9865182,35.0962157
468,2026-01-16_שבי ציון_נהרייה_מזרעה.gpx,התחלה,"(32.981677, 35.084388)",32.981677,35.0843881
468,2026-01-16_שבי ציון_נהרייה_מזרעה.gpx,סיום,"(32.981266, 35.084458)",32.9812661,35.0844585
469,2026-01-23_יחיעם_געתון.gpx,התחלה,"(33.005090, 35.215486)",33.0050896,35.2154862
469,2026-01-23_יחיעם_געתון.gpx,סיום,"(33.005044, 35.215495)",33.0050437,35.2154952
470,2026-01-28_מרום גולן_עין זיוון.gpx,התחלה,"(33.140618, 35.777459)",33.1406183,35.7774586
470,2026-01-28_מרום גולן_עין זיוון.gpx,סיום,"(33.095893, 35.795741)",33.095893,35.795741
471,2026-01-30_כברי_כפר ראש הנקרה_בן עמי.gpx,התחלה,"(33.018498, 35.142742)",33.0184982,35.1427422
471,2026-01-30_כברי_כפר ראש הנקרה_בן עמי.gpx,סיום,"(33.018477, 35.142725)",33.0184767,35.1427247
472,2026-01-31_ברעם_מירון.gpx,התחלה,"(33.009076, 35.393900)",33.0090756,35.3939001
472,2026-01-31_ברעם_מירון.gpx,סיום,"(32.978918, 35.442347)",32.978918,35.4423475
473,2026-02-05_מצובה_יערה.gpx,התחלה,"(33.065229, 35.160626)",33.0652285,35.1606263
473,2026-02-05_מצובה_יערה.gpx,סיום,"(33.065251, 35.160601)",33.0652511,35.1606015
475,2026-02-07_יחיעם_כברי_גשר הזיו_הילה_געתון.gpx,התחלה,"(33.005054, 35.215392)",33.0050541,35.2153917
475,2026-02-07_יחיעם_כברי_גשר הזיו_הילה_געתון.gpx,סיום,"(33.005033, 35.215492)",33.0050329,35.2154921
476,2026-02-13_יחיעם_געתון.gpx,התחלה,"(33.005118, 35.215513)",33.0051177,35.2155132
476,2026-02-13_יחיעם_געתון.gpx,סיום,"(33.005050, 35.215502)",33.00505,35.2155023
477,2026-02-21_יחיעם_כברי_געתון.gpx,התחלה,"(33.005071, 35.215413)",33.0050707,35.2154128
477,2026-02-21_יחיעם_כברי_געתון.gpx,סיום,"(33.006117, 35.209702)",33.0061169,35.2097021
478,2026-02-24_יחיעם_מעונה_געתון.gpx,התחלה,"(33.005075, 35.215519)",33.0050755,35.2155194
478,2026-02-24_יחיעם_מעונה_געתון.gpx,סיום,"(33.005032, 35.215472)",33.0050317,35.2154725
479,2026-02-25_יחיעם_נהרייה_בוסתן הגליל_נהרייה_געתון.gpx,התחלה,"(33.005071, 35.215378)",33.0050711,35.2153783
479,2026-02-25_יחיעם_נהרייה_בוסתן הגליל_נהרייה_געתון.gpx,סיום,"(33.005062, 35.215473)",33.0050624,35.2154732
480,2026-02-26_בארי.gpx,התחלה,"(31.428109, 34.493615)",31.4281094,34.4936155
480,2026-02-26_בארי.gpx,סיום,"(31.428431, 34.493962)",31.4284305,34.4939617
481,2026-02-27_כברי_כפר ראש הנקרה_בן עמי.gpx,התחלה,"(33.017986, 35.143788)",33.0179855,35.1437881
481,2026-02-27_כברי_כפר ראש הנקרה_בן עמי.gpx,סיום,"(33.017958, 35.143781)",33.0179581,35.1437811
482,2026-02-28_יחיעם_כברי_געתון.gpx,התחלה,"(33.004981, 35.215558)",33.0049813,35.2155575
482,2026-02-28_יחיעם_כברי_געתון.gpx,סיום,"(33.005012, 35.215452)",33.0050115,35.2154525
483,2026-03-05_געתון_כברי_יחיעם.gpx,התחלה,"(33.006404, 35.207131)",33.0064042,35.2071311
483,2026-03-05_געתון_כברי_יחיעם.gpx,סיום,"(33.004952, 35.215496)",33.0049524,35.2154955
484,2026-03-06_יחיעם_כברי_געתון.gpx,התחלה,"(33.005147, 35.215266)",33.0051473,35.2152662
484,2026-03-06_יחיעם_כברי_געתון.gpx,סיום,"(33.005000, 35.215475)",33.0049999,35.2154752
485,2026-03-13_יחיעם_געתון.gpx,התחלה,"(33.005513, 35.215468)",33.0055129,35.2154676
485,2026-03-13_יחיעם_געתון.gpx,סיום,"(33.006014, 35.214884)",33.0060136,35.2148842
486,2026-03-13_עין יעקב_געתון.gpx,התחלה,"(33.372139, 34.203854)",33.3721389,34.2038541
486,2026-03-13_עין יעקב_געתון.gpx,סיום,"(33.372139, 34.203854)",33.3721389,34.2038541
487,2026-03-16_יחיעם_נווה זיו_כברי_עבדון_געתון.gpx,התחלה,"(33.005127, 35.215443)",33.0051267,35.2154425
487,2026-03-16_יחיעם_נווה זיו_כברי_עבדון_געתון.gpx,סיום,"(33.005012, 35.215452)",33.0050125,35.2154521
488,2026-03-18_יחיעם_נהרייה_געתון.gpx,התחלה,"(33.005072, 35.215414)",33.0050721,35.2154139
488,2026-03-18_יחיעם_נהרייה_געתון.gpx,סיום,"(33.005052, 35.215475)",33.005052,35.2154751
489,2026-03-23_יחיעם_אבירים_געתון.gpx,התחלה,"(33.005070, 35.215398)",33.0050696,35.2153982
489,2026-03-23_יחיעם_אבירים_געתון.gpx,סיום,"(33.005101, 35.215485)",33.0051011,35.2154849
490,2026-03-25_יחיעם_גשר הזיו_געתון.gpx,התחלה,"(33.005011, 35.215518)",33.0050108,35.215518
490,2026-03-25_יחיעם_גשר הזיו_געתון.gpx,סיום,"(33.005095, 35.215471)",33.0050951,35.215471
491,2026-03-26_יחיעם_כברי_געתון.gpx,התחלה,"(33.005048, 35.215480)",33.005048,35.2154797
491,2026-03-26_יחיעם_כברי_געתון.gpx,סיום,"(33.003713, 35.214861)",33.0037126,35.214861
493,2026-04-09_יחיעם_לימן_געתון.gpx,התחלה,"(33.005053, 35.215364)",33.0050528,35.2153636
493,2026-04-09_יחיעם_לימן_געתון.gpx,סיום,"(33.005094, 35.215493)",33.0050937,35.2154928
494,2026-04-11_יחיעם_כברי_געתון.gpx,התחלה,"(33.005127, 35.215185)",33.0051266,35.2151853
494,2026-04-11_יחיעם_כברי_געתון.gpx,סיום,"(33.005089, 35.215434)",33.0050892,35.2154344
495,2026-04-15_כברי_יחיעם.gpx,התחלה,"(33.015918, 35.154873)",33.0159176,35.1548728
495,2026-04-15_כברי_יחיעם.gpx,סיום,"(33.005073, 35.215541)",33.0050726,35.2155412
496,2026-04-16_יחיעם_כברי_געתון.gpx,התחלה,"(33.005298, 35.215387)",33.0052978,35.2153874
496,2026-04-16_יחיעם_כברי_געתון.gpx,סיום,"(33.005040, 35.215493)",33.0050396,35.2154927
497,2026-04-20_יחיעם_נהרייה_כפר ראש הנקרה_כברי_געתון.gpx,התחלה,"(33.005104, 35.215443)",33.0051038,35.2154428
497,2026-04-20_יחיעם_נהרייה_כפר ראש הנקרה_כברי_געתון.gpx,סיום,"(33.005095, 35.215505)",33.0050951,35.2155046
498,2026-04-24_יחיעם_נהרייה_כפר ראש הנקרה_מנות_געתון.gpx,התחלה,"(33.005075, 35.215507)",33.0050746,35.2155067
498,2026-04-24_יחיעם_נהרייה_כפר ראש הנקרה_מנות_געתון.gpx,סיום,"(33.006768, 35.209065)",33.0067684,35.2090651
499,2026-04-27_נטור_נוב_אלי-עד_נוב.gpx,התחלה,"(32.853291, 35.754064)",32.853291,35.7540644
499,2026-04-27_נטור_נוב_אלי-עד_נוב.gpx,סיום,"(32.853091, 35.754614)",32.8530906,35.7546137
500,2026-05-01_יחיעם_כברי_געתון.gpx,התחלה,"(33.005046, 35.215471)",33.0050456,35.2154709
500,2026-05-01_יחיעם_כברי_געתון.gpx,סיום,"(33.005031, 35.215509)",33.0050311,35.2155093
501,2026-05-02_כברי_גשר הזיו_שבי ציון_נתיב השיירה_שייח' דנון.gpx,התחלה,"(33.018391, 35.142678)",33.0183909,35.1426778
501,2026-05-02_כברי_גשר הזיו_שבי ציון_נתיב השיירה_שייח' דנון.gpx,סיום,"(33.018397, 35.142763)",33.0183972,35.1427626
502,2026-05-07_יחיעם_כפר ראש הנקרה_געתון.gpx,התחלה,"(33.005033, 35.215485)",33.0050332,35.2154847
502,2026-05-07_יחיעם_כפר ראש הנקרה_געתון.gpx,סיום,"(33.005025, 35.215483)",33.0050253,35.215483
503,2026-05-08_יחיעם_כליל_כברי_יחיעם_הילה.gpx,התחלה,"(33.005031, 35.215488)",33.005031,35.2154885
503,2026-05-08_יחיעם_כליל_כברי_יחיעם_הילה.gpx,סיום,"(33.025483, 35.239450)",33.0254832,35.2394499
504,2026-05-09_כברי_יערה_מצובה.gpx,התחלה,"(33.018423, 35.142704)",33.0184229,35.1427037
504,2026-05-09_כברי_יערה_מצובה.gpx,סיום,"(33.018420, 35.142676)",33.0184197,35.1426758
505,2026-05-13_יחיעם_כברי_עבדון.gpx,התחלה,"(33.005078, 35.215482)",33.0050781,35.215482
505,2026-05-13_יחיעם_כברי_עבדון.gpx,סיום,"(33.048971, 35.180506)",33.0489708,35.1805056
506,2026-05-14_אלי-עד_מיצר.gpx,התחלה,"(32.807318, 35.742063)",32.8073175,35.7420632
506,2026-05-14_אלי-עד_מיצר.gpx,סיום,"(32.708447, 35.810486)",32.7084475,35.8104861
507,2026-05-16_הילה.gpx,התחלה,"(33.035827, 35.248708)",33.0358268,35.2487078
507,2026-05-16_הילה.gpx,סיום,"(33.035452, 35.248554)",33.0354523,35.2485543
508,2026-05-19_כברי_גשר הזיו_שבי ציון_שייח' דנון.gpx,התחלה,"(33.018363, 35.142727)",33.0183634,35.1427268
508,2026-05-19_כברי_גשר הזיו_שבי ציון_שייח' דנון.gpx,סיום,"(33.018377, 35.142715)",33.0183767,35.1427149
509,2026-05-22_טל-אל_צורית_יסעור.gpx,התחלה,"(32.928469, 35.170199)",32.9284687,35.1701989
509,2026-05-22_טל-אל_צורית_יסעור.gpx,סיום,"(32.928381, 35.170085)",32.9283812,35.1700854
510,2026-05-23_יחיעם_נווה זיו_כברי_מעונה_געתון.gpx,התחלה,"(33.005098, 35.215438)",33.0050978,35.2154378
510,2026-05-23_יחיעם_נווה זיו_כברי_מעונה_געתון.gpx,סיום,"(33.005059, 35.215426)",33.0050587,35.2154255
511,2026-05-27_געתון_עין יעקב.gpx,התחלה,"(33.005715, 35.215050)",33.0057154,35.2150501
511,2026-05-27_געתון_עין יעקב.gpx,סיום,"(33.012780, 35.217868)",33.0127801,35.217868
512,2026-05-27_יחיעם_געתון.gpx,התחלה,"(33.005066, 35.215448)",33.0050658,35.2154482
512,2026-05-27_יחיעם_געתון.gpx,סיום,"(33.005051, 35.215476)",33.0050514,35.2154762
513,2026-05-30_יחיעם_מעיליא_געתון.gpx,התחלה,"(33.004991, 35.215488)",33.004991,35.2154878
513,2026-05-30_יחיעם_מעיליא_געתון.gpx,סיום,"(33.005175, 35.215547)",33.0051754,35.2155466
514,2026-05-30_מעונה_געתון_יחיעם.gpx,התחלה,"(33.021280, 35.262592)",33.0212799,35.2625916
514,2026-05-30_מעונה_געתון_יחיעם.gpx,סיום,"(33.005056, 35.215471)",33.005056,35.2154712
515,2026-05-31_יחיעם_לפידות_געתון.gpx,התחלה,"(33.005068, 35.215503)",33.0050678,35.2155034
515,2026-05-31_יחיעם_לפידות_געתון.gpx,סיום,"(33.005047, 35.215470)",33.0050466,35.21547
516,2026-06-01_יחיעם_מעונה_געתון.gpx,התחלה,"(33.005050, 35.215493)",33.0050501,35.215493
516,2026-06-01_יחיעם_מעונה_געתון.gpx,סיום,"(33.005175, 35.214796)",33.0051754,35.2147958
517,2026-06-02_שבי ציון_כפר מסריק_רמת יוחנן_כפר מסריק_בוסתן הגליל.gpx,התחלה,"(32.982202, 35.082157)",32.9822015,35.0821567
517,2026-06-02_שבי ציון_כפר מסריק_רמת יוחנן_כפר מסריק_בוסתן הגליל.gpx,סיום,"(32.982063, 35.082911)",32.982063,35.0829106
518,2026-06-02_שבי ציון_כפר מסריק_יפיע.gpx,התחלה,"(32.982276, 35.082152)",32.9822765,35.0821517
518,2026-06-02_שבי ציון_כפר מסריק_יפיע.gpx,סיום,"(32.677954, 35.264284)",32.6779542,35.2642843
519,2026-06-06_עכו_יחיעם.gpx,התחלה,"(32.919869, 35.066540)",32.919868717,35.06654025
519,2026-06-06_עכו_יחיעם.gpx,סיום,"(33.005012, 35.215498)",33.005012383,35.215497583
520,2026-06-06_עכו_יחיעם_1.gpx,התחלה,"(32.919884, 35.066601)",32.9198842,35.0666012
520,2026-06-06_עכו_יחיעם_1.gpx,סיום,"(33.005060, 35.215466)",33.0050603,35.2154665
521,2026-06-09_כברי_עבדון_גורנות הגליל_אילון_מצובה.gpx,התחלה,"(33.018422, 35.142708)",33.0184215,35.1427075
521,2026-06-09_כברי_עבדון_גורנות הגליל_אילון_מצובה.gpx,סיום,"(33.018392, 35.142748)",33.0183918,35.1427482
522,2026-06-11_מג'דל שמס.gpx,התחלה,"(33.305950, 35.784788)",33.3059498,35.7847875
522,2026-06-11_מג'דל שמס.gpx,סיום,"(33.303314, 35.773353)",33.303313617,35.77335255
523,2026-06-11_מג'דל שמס_מסעדה.gpx,התחלה,"(33.306190, 35.784718)",33.3061904,35.7847181
523,2026-06-11_מג'דל שמס_מסעדה.gpx,סיום,"(33.214762, 35.743316)",33.2147615,35.7433157
524,2026-06-13_כברי_גורן_מצובה.gpx,התחלה,"(33.018329, 35.142619)",33.018328617,35.142618533
524,2026-06-13_כברי_גורן_מצובה.gpx,סיום,"(33.018417, 35.142581)",33.018417183,35.142580783
525,2026-06-13_כברי_הילה_חניתה.gpx,התחלה,"(33.018335, 35.142645)",33.0183352,35.1426451
525,2026-06-13_כברי_הילה_חניתה.gpx,סיום,"(33.084389, 35.168345)",33.0843888,35.168345
526,2026-06-20_כברי_אדמית_שתולה_גורן_מצובה.gpx,התחלה,"(33.018370, 35.142755)",33.018369683,35.142754767
526,2026-06-20_כברי_אדמית_שתולה_גורן_מצובה.gpx,סיום,"(33.018336, 35.142721)",33.01833565,35.142721417
527,2026-06-20_כברי_אדמית_שתולה_גורנות הגליל_מצובה.gpx,התחלה,"(33.018398, 35.142730)",33.018398,35.1427303
527,2026-06-20_כברי_אדמית_שתולה_גורנות הגליל_מצובה.gpx,סיום,"(33.018381, 35.142733)",33.0183815,35.1427326
528,2026-06-24_יחיעם_סער_כפר ראש הנקרה_בן עמי_געתון.gpx,התחלה,"(33.005194, 35.215420)",33.005194017,35.215419867
528,2026-06-24_יחיעם_סער_כפר ראש הנקרה_בן עמי_געתון.gpx,סיום,"(33.005038, 35.215502)",33.005037767,35.215501767
529,2026-06-24_כפר ראש הנקרה_יחיעם.gpx,התחלה,"(33.092343, 35.105496)",33.0923427,35.1054959
529,2026-06-24_כפר ראש הנקרה_יחיעם.gpx,סיום,"(33.005042, 35.215497)",33.005042,35.2154973
530,2026-06-30_כברי_חניתה_בן עמי.gpx,התחלה,"(33.018392, 35.142704)",33.018391883,35.1427035
530,2026-06-30_כברי_חניתה_בן עמי.gpx,סיום,"(33.018405, 35.142679)",33.0184054,35.142678567
531,2026-07-01_יחיעם_כליל_עין יעקב.gpx,התחלה,"(33.004981, 35.215561)",33.00498135,35.215560883
531,2026-07-01_יחיעם_כליל_עין יעקב.gpx,סיום,"(33.005030, 35.215464)",33.005029617,35.21546405
532,2026-07-03_שלומי_יערה_חניתה.gpx,התחלה,"(33.073529, 35.151963)",33.0735285,35.151963333
532,2026-07-03_שלומי_יערה_חניתה.gpx,סיום,"(33.073571, 35.152029)",33.073570683,35.15202915
533,2026-07-03_שלומי.gpx,התחלה,"(33.073522, 35.151984)",33.073522,35.1519836
533,2026-07-03_שלומי.gpx,סיום,"(33.075414, 35.157159)",33.0754141,35.1571585
534,2026-07-04_יחיעם_הילה_כברי_נווה זיו_געתון.gpx,התחלה,"(33.005079, 35.215488)",33.0050786,35.215487917
534,2026-07-04_יחיעם_הילה_כברי_נווה זיו_געתון.gpx,סיום,"(33.005072, 35.215522)",33.005072233,35.2155218
535,2026-07-04_יחיעם_הילה_כברי_געתון.gpx,התחלה,"(33.005066, 35.215454)",33.0050665,35.215454
535,2026-07-04_יחיעם_הילה_כברי_געתון.gpx,סיום,"(33.005040, 35.215476)",33.0050405,35.2154764
536,2026-07-07_יחיעם_עבדון_כפר ראש הנקרה_בן עמי_געתון.gpx,התחלה,"(33.005066, 35.215496)",33.0050656,35.2154956
536,2026-07-07_יחיעם_עבדון_כפר ראש הנקרה_בן עמי_געתון.gpx,סיום,"(33.005000, 35.215350)",33.0050002,35.2153498
537,2026-07-07_כברי_שבי ציון_שייח' דנון.gpx,התחלה,"(33.018439, 35.142412)",33.0184389,35.1424119
537,2026-07-07_כברי_שבי ציון_שייח' דנון.gpx,סיום,"(33.018427, 35.142585)",33.0184273,35.142585
538,2026-07-10_לימן_כפר ראש הנקרה.gpx,התחלה,"(33.054269, 35.115275)",33.0542693,35.1152752
538,2026-07-10_לימן_כפר ראש הנקרה.gpx,סיום,"(33.080589, 35.106984)",33.0805891,35.1069839
539,2026-07-10_כפר ראש הנקרה_יערה_מצובה.gpx,התחלה,"(33.080274, 35.107502)",33.0802742,35.1075021
539,2026-07-10_כפר ראש הנקרה_יערה_מצובה.gpx,סיום,"(33.056857, 35.157171)",33.0568572,35.1571712
540,2026-07-14_נהרייה_יחיעם.gpx,התחלה,"(33.006577, 35.092655)",33.0065772,35.0926553
540,2026-07-14_נהרייה_יחיעם.gpx,סיום,"(33.005057, 35.215507)",33.0050565,35.215507
541,2026-07-14_יחיעם_שבי ציון.gpx,התחלה,"(33.005056, 35.215466)",33.0050557,35.2154662
541,2026-07-14_יחיעם_שבי ציון.gpx,סיום,"(32.986257, 35.081986)",32.986257,35.0819864
542,2026-07-18_יחיעם_גשר הזיו_שבי ציון_שייח' דנון_געתון.gpx,התחלה,"(33.004982, 35.215467)",33.0049819,35.2154668
542,2026-07-18_יחיעם_גשר הזיו_שבי ציון_שייח' דנון_געתון.gpx,סיום,"(33.005069, 35.215476)",33.0050692,35.2154759
543,2026-07-19_יחיעם_מצובה_חניתה_מנות_געתון.gpx,התחלה,"(33.005074, 35.215529)",33.0050745,35.215529
543,2026-07-19_יחיעם_מצובה_חניתה_מנות_געתון.gpx,סיום,"(33.004987, 35.215405)",33.0049871,35.2154051
544,2026-07-21_כברי_כפר ראש הנקרה_שייח' דנון.gpx,התחלה,"(33.018449, 35.142595)",33.0184486,35.1425955
544,2026-07-21_כברי_כפר ראש הנקרה_שייח' דנון.gpx,סיום,"(33.018426, 35.142687)",33.0184257,35.1426872
545,2026-07-24_יחיעם_כברי_נווה זיו.gpx,התחלה,"(33.005560, 35.217329)",33.0055597,35.2173291
545,2026-07-24_יחיעם_כברי_נווה זיו.gpx,סיום,"(33.015213, 35.171107)",33.0152127,35.1711073
546,2026-07-28_שבי ציון_עין המפרץ_אפק_עין המפרץ_בוסתן הגליל.gpx,התחלה,"(32.982237, 35.082142)",32.9822372,35.0821416
546,2026-07-28_שבי ציון_עין המפרץ_אפק_עין המפרץ_בוסתן הגליל.gpx,סיום,"(32.982803, 35.081769)",32.9828033,35.0817685
547,2026-07-30_יחיעם_מעונה_געתון.gpx,התחלה,"(33.004983, 35.215494)",33.0049833,35.2154937
547,2026-07-30_יחיעם_מעונה_געתון.gpx,סיום,"(33.005151, 35.215577)",33.0051509,35.2155773
548,2026-07-30_יחיעם_עין יעקב.gpx,התחלה,"(33.005269, 35.215452)",33.0052686,35.2154525
548,2026-07-30_יחיעם_עין יעקב.gpx,סיום,"(33.014113, 35.220601)",33.0141126,35.2206007
549,2026-08-01_הילה_עבדון_מעיליא.gpx,התחלה,"(33.035991, 35.244061)",33.0359908,35.2440608
549,2026-08-01_הילה_עבדון_מעיליא.gpx,סיום,"(33.034696, 35.246795)",33.0346962,35.2467953
551,2026-08-08_יחיעם_בן עמי_כפר ראש הנקרה_מנות_געתון.gpx,התחלה,"(33.005043, 35.215420)",33.0050432,35.2154196
551,2026-08-08_יחיעם_בן עמי_כפר ראש הנקרה_מנות_געתון.gpx,סיום,"(33.005031, 35.215474)",33.0050309,35.2154745
553,2026-08-09_יחיעם_כליל.gpx,התחלה,"(33.005042, 35.215430)",33.0050417,35.2154303
553,2026-08-09_יחיעם_כליל.gpx,סיום,"(32.992806, 35.203831)",32.9928055,35.2038306
554,2026-08-11_כברי_גורנות הגליל_מצובה.gpx,התחלה,"(33.018378, 35.142489)",33.0183779,35.1424887
554,2026-08-11_כברי_גורנות הגליל_מצובה.gpx,סיום,"(33.018533, 35.142440)",33.0185326,35.1424395
555,2026-08-13_יחיעם_כליל_עין יעקב.gpx,התחלה,"(33.005039, 35.215488)",33.0050392,35.2154883
555,2026-08-13_יחיעם_כליל_עין יעקב.gpx,סיום,"(33.004999, 35.215301)",33.0049993,35.2153008
556,2026-08-14_בצת_כברי.gpx,התחלה,"(33.061474, 35.129112)",33.0614738,35.1291117
556,2026-08-14_בצת_כברי.gpx,סיום,"(33.041861, 35.147061)",33.041861,35.1470613
559,2026-08-15_יחיעם_מעונה_עין יעקב.gpx,התחלה,"(33.005519, 35.215349)",33.005519,35.2153488
559,2026-08-15_יחיעם_מעונה_עין יעקב.gpx,סיום,"(33.005052, 35.215488)",33.0050519,35.2154882
560,2026-04-22_עבדון_גורן_מצובה.gpx,התחלה,"(33.042313, 35.178412)",33.042313,35.178412
560,2026-04-22_עבדון_גורן_מצובה.gpx,סיום,"(33.042225, 35.177775)",33.042225,35.177775
561,0000-00-00_כפר ראש הנקרה_מטולה.gpx,התחלה,"(47.948208, 8.499215)",47.948208,8.499215
561,0000-00-00_כפר ראש הנקרה_מטולה.gpx,סיום,"(45.181523, 28.805022)",45.181523,28.805022
562,0000-00-00_געתון_שמרת.gpx,התחלה,"(33.006255, 35.212452)",33.0062547,35.2124521
562,0000-00-00_געתון_שמרת.gpx,סיום,"(32.951583, 35.096314)",32.9515833,35.0963137
563,0000-00-00_אילת_אחוזם_מג'דל שמס_זכרון יעקב.gpx,התחלה,"(29.510238, 34.922447)",29.5102379,34.9224466
563,0000-00-00_אילת_אחוזם_מג'דל שמס_זכרון יעקב.gpx,סיום,"(32.551080, 34.946575)",32.5510798,34.9465746
564,0000-00-00_כפר ראש הנקרה.gpx,התחלה,"(52.160100, 4.497000)",52.1601,4.497
564,0000-00-00_כפר ראש הנקרה.gpx,סיום,"(52.160100, 4.497000)",52.1601,4.497
565,0000-00-00_כברי_נווה זיו_1.gpx,התחלה,"(33.009435, 35.145733)",33.009435,35.145733
565,0000-00-00_כברי_נווה זיו_1.gpx,סיום,"(33.009435, 35.145733)",33.009435,35.145733
566,0000-00-00_אלוני הבשן.gpx,התחלה,"(28.348940, 83.742030)",28.34894,83.74203
566,0000-00-00_אלוני הבשן.gpx,סיום,"(28.371507, 83.825530)",28.371507,83.82553
567,0000-00-00_כפר ראש הנקרה_1.gpx,התחלה,"(48.214149, 16.445590)",48.214149,16.44559
567,0000-00-00_כפר ראש הנקרה_1.gpx,סיום,"(47.487190, 19.050590)",47.48719,19.05059
568,0000-00-00_ערד_נווה זוהר.gpx,התחלה,"(31.260490, 35.234328)",31.26049,35.234328
568,0000-00-00_ערד_נווה זוהר.gpx,סיום,"(31.149927, 35.361678)",31.149927,35.361678
569,0000-00-00_הילה_עבדון.gpx,התחלה,"(33.036288, 35.235132)",33.036288347753,35.235132044501
569,0000-00-00_הילה_עבדון.gpx,סיום,"(33.042648, 35.183484)",33.042648200186,35.183483565824
570,0000-00-00_כברי_נווה זיו.gpx,התחלה,"(33.009500, 35.146363)",33.0095,35.146363
570,0000-00-00_כברי_נווה זיו.gpx,סיום,"(33.009455, 35.146238)",33.009455,35.146238
571,0000-00-00_מרום גולן_אל -רום.gpx,התחלה,"(33.141700, 35.771700)",33.1417,35.7717
571,0000-00-00_מרום גולן_אל -רום.gpx,סיום,"(33.141700, 35.771700)",33.1417,35.7717
572,2025-01-17_עין שמר_ערערה_גן השומרון.gpx,התחלה,"(32.467730, 35.013760)",32.46773,35.01376
572,2025-01-17_עין שמר_ערערה_גן השומרון.gpx,סיום,"(32.467837, 35.013773)",32.467837,35.013773
573,0000-00-00_נווה זוהר_נאות הכיכר.gpx,התחלה,"(31.143406, 35.364212)",31.143406,35.364212
573,0000-00-00_נווה זוהר_נאות הכיכר.gpx,סיום,"(30.994773, 35.340647)",30.994773,35.340647
574,0000-00-00_שלומי_חניתה_מצובה.gpx,התחלה,"(33.073651, 35.153145)",33.0736507,35.1531451
574,0000-00-00_שלומי_חניתה_מצובה.gpx,סיום,"(33.073390, 35.151257)",33.0733902,35.1512571
575,0000-00-00_תל אביב -יפו_בת ים.gpx,התחלה,"(32.101233, 34.780533)",32.1012333,34.7805333
575,0000-00-00_תל אביב -יפו_בת ים.gpx,סיום,"(32.099967, 34.781183)",32.0999667,34.7811833
576,0000-00-00_תל אביב -יפו_אזור_גבעת כח_עדנים_בני ברק.gpx,התחלה,"(32.099759, 34.779772)",32.099759,34.779772
576,0000-00-00_תל אביב -יפו_אזור_גבעת כח_עדנים_בני ברק.gpx,סיום,"(32.099914, 34.780974)",32.099914,34.780974
577,0000-00-00_איילת השחר_יראון_שדה אליעזר.gpx,התחלה,"(33.022048, 35.573001)",33.022047897507,35.573000966948
577,0000-00-00_איילת השחר_יראון_שדה אליעזר.gpx,סיום,"(33.022048, 35.573130)",33.022048079675,35.573130073853
578,0000-00-00_אלי-עד_חספין_נטור.gpx,התחלה,"(32.808267, 35.741036)",32.808267,35.741036
578,0000-00-00_אלי-עד_חספין_נטור.gpx,סיום,"(32.848931, 35.739871)",32.8489312,35.7398706
579,0000-00-00_אפיק_מבוא חמה.gpx,התחלה,"(32.768814, 35.692474)",32.768814,35.692474
579,0000-00-00_אפיק_מבוא חמה.gpx,סיום,"(32.733839, 35.655255)",32.733839,35.655255
580,0000-00-00_אילת_אליפז.gpx,התחלה,"(29.554406, 34.962369)",29.55440579,34.962369204
580,0000-00-00_אילת_אליפז.gpx,סיום,"(29.709441, 34.986477)",29.709441051,34.986476898
581,0000-00-00_בארי.GPX,התחלה,"(31.429354, 34.496173)",31.429354,34.496173
581,0000-00-00_בארי.GPX,סיום,"(31.429353, 34.496174)",31.429353,34.496174
582,0000-00-00_בארי_1.GPX,התחלה,"(31.429345, 34.496201)",31.429345,34.496201
582,0000-00-00_בארי_1.GPX,סיום,"(31.429345, 34.496175)",31.429345,34.496175
583,0000-00-00_בארי_רעים.gpx,התחלה,"(31.428471, 34.494744)",31.42847115718949,34.4947438404655
583,0000-00-00_בארי_רעים.gpx,סיום,"(31.428420, 34.494135)",31.42842,34.494135
584,0000-00-00_בארי_רעים_עין השלושה_רעים.gpx,התחלה,"(31.428078, 34.493787)",31.428078,34.493787
584,0000-00-00_בארי_רעים_עין השלושה_רעים.gpx,סיום,"(31.399988, 34.445855)",31.399988,34.445855
585,0000-00-00_בארי_רעים_עין השלושה_רעים_1.gpx,התחלה,"(31.428078, 34.493787)",31.428078,34.493787
585,0000-00-00_בארי_רעים_עין השלושה_רעים_1.gpx,סיום,"(31.428162, 34.493858)",31.428162,34.493858
586,0000-00-00_יהל_קטורה.gpx,התחלה,"(30.082215, 35.131250)",30.082215,35.13125
586,0000-00-00_יהל_קטורה.gpx,סיום,"(29.968385, 35.059575)",29.968385,35.059575
587,0000-00-00_שדה בוקר.gpx,התחלה,"(30.849957, 34.779265)",30.849957,34.779265
587,0000-00-00_שדה בוקר.gpx,סיום,"(30.849882, 34.779165)",30.849882,34.779165
588,0000-00-00_בית גוברין_להב_כסיפה.GPX,התחלה,"(31.610671, 34.896351)",31.610671,34.896351
588,0000-00-00_בית גוברין_להב_כסיפה.GPX,סיום,"(31.277752, 35.126179)",31.277752,35.126179
589,0000-00-00_מאיר שפיה_ג'סר א-זרקא.gpx,התחלה,"(32.582830, 34.967050)",32.58283,34.96705
589,0000-00-00_מאיר שפיה_ג'סר א-זרקא.gpx,סיום,"(32.537860, 34.904900)",32.53786,34.904900000000005
590,0000-00-00_געתון_עין יעקב.gpx,התחלה,"(33.008255, 35.212635)",33.00825467017572,35.212634647238474
590,0000-00-00_געתון_עין יעקב.gpx,סיום,"(33.008785, 35.220993)",33.008785,35.220993
591,0000-00-00_יחיעם_עין יעקב.gpx,התחלה,"(33.004236, 35.216130)",33.004236,35.2161302
591,0000-00-00_יחיעם_עין יעקב.gpx,סיום,"(33.005045, 35.215466)",33.0050454,35.2154655
592,0000-00-00_עין יעקב_יחיעם.gpx,התחלה,"(33.008578, 35.220971)",33.008577613073,35.220971252776
592,0000-00-00_עין יעקב_יחיעם.gpx,סיום,"(33.008281, 35.221030)",33.008280708796,35.221030261374
593,0000-00-00_עין יעקב_מעונה.gpx,התחלה,"(33.008687, 35.222752)",33.008687,35.222752
593,0000-00-00_עין יעקב_מעונה.gpx,סיום,"(33.008251, 35.221362)",33.008251062772,35.221362024496
594,0000-00-00_עין יעקב_מעונה_יחיעם.gpx,התחלה,"(33.008687, 35.222752)",33.008687,35.222752
594,0000-00-00_עין יעקב_מעונה_יחיעם.gpx,סיום,"(33.008251, 35.221362)",33.008251062772,35.221362024496
595,0000-00-00_עין יעקב_גשר הזיו.gpx,התחלה,"(33.007952, 35.215865)",33.00795195516,35.215864908132
595,0000-00-00_עין יעקב_גשר הזיו.gpx,סיום,"(33.050408, 35.104156)",33.050408268003,35.104156267079
596,0000-00-00_געתון.gpx,התחלה,"(33.008267, 35.212634)",33.00826720283057,35.21263412107302
596,0000-00-00_געתון.gpx,סיום,"(33.015650, 35.203244)",33.01565,35.203244
597,0000-00-00_גשר_בלפוריה_ברקאי.GPX,התחלה,"(32.621112, 35.561632)",32.621112,35.561632
597,0000-00-00_גשר_בלפוריה_ברקאי.GPX,סיום,"(32.482366, 35.024611)",32.482366,35.024611
598,0000-00-00_דן_אלמגור_גשר.GPX,התחלה,"(33.236673, 35.652741)",33.236673,35.652741
598,0000-00-00_דן_אלמגור_גשר.GPX,סיום,"(32.620972, 35.561800)",32.620972,35.5618
599,0000-00-00_יטבתה_קטורה_נווה חריף_קטורה_גרופית.gpx,התחלה,"(29.894830, 35.064090)",29.89483,35.06409
599,0000-00-00_יטבתה_קטורה_נווה חריף_קטורה_גרופית.gpx,סיום,"(29.894830, 35.064090)",29.89483,35.06409
600,0000-00-00_הילה_כברי_יסעור_לבון_מעיליא.gpx,התחלה,"(33.033492, 35.239077)",33.033491926506,35.23907661438
600,0000-00-00_הילה_כברי_יסעור_לבון_מעיליא.gpx,סיום,"(33.034355, 35.239162)",33.034355398288,35.239162445068
601,0000-00-00_הילה_גורן.gpx,התחלה,"(33.035830, 35.235561)",33.0358299788369,35.23556050216027
601,0000-00-00_הילה_גורן.gpx,סיום,"(33.039661, 35.234874)",33.039661,35.234874
602,0000-00-00_הילה_עבדון_1.gpx,התחלה,"(33.037802, 35.241447)",33.0378022,35.2414475
602,0000-00-00_הילה_עבדון_1.gpx,סיום,"(33.043115, 35.185977)",33.0431151,35.1859765
603,0000-00-00_הילה_גורן_1.gpx,התחלה,"(33.036304, 35.235219)",33.036303775278,35.235218761486
603,0000-00-00_הילה_גורן_1.gpx,סיום,"(33.048044, 35.221377)",33.04804350764,35.221377198891
604,0000-00-00_הילה_עבדון_2.gpx,התחלה,"(33.037315, 35.241085)",33.03731518566869,35.24108528919615
604,0000-00-00_הילה_עבדון_2.gpx,סיום,"(33.042564, 35.176511)",33.042564,35.176511
605,2025-04-12_צבעון_חורפיש.gpx,התחלה,"(33.023273, 35.409251)",33.0232734,35.4092507
605,2025-04-12_צבעון_חורפיש.gpx,סיום,"(33.013783, 35.355168)",33.0137834,35.3551681
606,0000-00-00_ברעם_מתת.gpx,התחלה,"(33.029102, 35.377894)",33.029102,35.377894
606,0000-00-00_ברעם_מתת.gpx,סיום,"(33.029316, 35.377907)",33.029316,35.377907
607,0000-00-00_אילות_אילת.gpx,התחלה,"(29.644940, 34.879812)",29.64494,34.879812
607,0000-00-00_אילות_אילת.gpx,סיום,"(29.550113, 34.964663)",29.550113,34.964663
608,0000-00-00_עין קנייא_שניר.gpx,התחלה,"(33.250160, 35.729757)",33.250160275399,35.729757209931
608,0000-00-00_עין קנייא_שניר.gpx,סיום,"(33.248133, 35.694352)",33.248133251567,35.694352079079
609,0000-00-00_בית אורן_יגור.gpx,התחלה,"(32.714461, 35.013022)",32.7144606,35.0130218
609,0000-00-00_בית אורן_יגור.gpx,סיום,"(32.735418, 35.022304)",32.7354182,35.0223039
610,0000-00-00_ברעם_מירון.gpx,התחלה,"(33.008861, 35.393655)",33.008860626708994,35.39365506109422
610,0000-00-00_ברעם_מירון.gpx,סיום,"(32.979259, 35.443185)",32.979259,35.443185
611,0000-00-00_ברעם_מירון_1.gpx,התחלה,"(33.008884, 35.393648)",33.008883818176,35.393647919115
611,0000-00-00_ברעם_מירון_1.gpx,סיום,"(32.979363, 35.443201)",32.979362611135,35.443200517659
612,0000-00-00_כפר ראש הנקרה_2.gpx,התחלה,"(47.586138, 19.044875)",47.586138,19.044875
612,0000-00-00_כפר ראש הנקרה_2.gpx,סיום,"(47.586121, 19.044988)",47.586121,19.044988
613,2023-09-10_חיפה.gpx,התחלה,"(32.819598, 34.994577)",32.819598,34.994577
613,2023-09-10_חיפה.gpx,סיום,"(32.805457, 34.989213)",32.805457,34.989213
614,0000-00-00_חיפה.gpx,התחלה,"(32.818902, 34.993793)",32.818901581498594,34.993792980064256
614,0000-00-00_חיפה.gpx,סיום,"(32.805376, 34.989069)",32.805376,34.989069
615,0000-00-00_חיפה_1.gpx,התחלה,"(32.805422, 34.989173)",32.80542217821723,34.98917263464833
615,0000-00-00_חיפה_1.gpx,סיום,"(32.818921, 34.993709)",32.818921,34.993709
616,0000-00-00_חיפה_2.gpx,התחלה,"(32.818902, 34.993793)",32.818901581498594,34.993792980064256
616,0000-00-00_חיפה_2.gpx,סיום,"(32.805376, 34.989069)",32.805376,34.989069
617,0000-00-00_בני יהודה_תל קציר.gpx,התחלה,"(32.799313, 35.690092)",32.7993128,35.6900921
617,0000-00-00_בני יהודה_תל קציר.gpx,סיום,"(32.708215, 35.649717)",32.708215,35.649717
618,0000-00-00_אלוני הבשן_1.gpx,התחלה,"(28.348940, 83.742030)",28.34894,83.74203
618,0000-00-00_אלוני הבשן_1.gpx,סיום,"(28.377060, 83.807240)",28.37706,83.80724
619,0000-00-00_יגור.gpx,התחלה,"(32.743501, 35.071968)",32.74350088073561,35.07196800480102
619,0000-00-00_יגור.gpx,סיום,"(32.743699, 35.072366)",32.743699,35.072366
620,0000-00-00_יגור_1.gpx,התחלה,"(32.743461, 35.071933)",32.743460541284975,35.07193330135098
620,0000-00-00_יגור_1.gpx,סיום,"(32.738308, 35.075440)",32.738308,35.07544
621,0000-00-00_יהל.gpx,התחלה,"(30.082218, 35.131093)",30.082218,35.131093
621,0000-00-00_יהל.gpx,סיום,"(30.082188, 35.131125)",30.082188,35.131125
622,0000-00-00_יהל_יטבתה.gpx,התחלה,"(30.081955, 35.131597)",30.081955,35.131597
622,0000-00-00_יהל_יטבתה.gpx,סיום,"(29.894711, 35.064257)",29.894711,35.064257
623,0000-00-00_יהל_1.gpx,התחלה,"(30.086262, 35.126427)",30.086262,35.126427
623,0000-00-00_יהל_1.gpx,סיום,"(30.086157, 35.126511)",30.086157,35.126511
624,0000-00-00_צפת_כפר שמאי.gpx,התחלה,"(32.963837, 35.487057)",32.963837,35.487057
624,0000-00-00_צפת_כפר שמאי.gpx,סיום,"(32.963482, 35.487122)",32.963482,35.487122
625,0000-00-00_יחיעם_כליל.gpx,התחלה,"(32.997742, 35.216027)",32.99774201032348,35.21602653751003
625,0000-00-00_יחיעם_כליל.gpx,סיום,"(32.997549, 35.216061)",32.997549,35.216061
626,0000-00-00_יחיעם_כברי_געתון.gpx,התחלה,"(33.005104, 35.215486)",33.0051039,35.2154865
626,0000-00-00_יחיעם_כברי_געתון.gpx,סיום,"(33.004908, 35.216038)",33.0049083,35.2160382
627,0000-00-00_אילנייה_מצפה נטופה_רומאנה_טורעאן_גבעת אבני.gpx,התחלה,"(32.775864, 35.409187)",32.775864,35.409187
627,0000-00-00_אילנייה_מצפה נטופה_רומאנה_טורעאן_גבעת אבני.gpx,סיום,"(32.775799, 35.409008)",32.775799,35.409008
628,0000-00-00_כברי_יערה_כפר רוזנואלד (זרעית)_אילון_מצובה.gpx,התחלה,"(33.018173, 35.142779)",33.018173334040185,35.142778985867864
628,0000-00-00_כברי_יערה_כפר רוזנואלד (זרעית)_אילון_מצובה.gpx,סיום,"(33.018162, 35.142699)",33.018162,35.142699
629,0000-00-00_ערד.gpx,התחלה,"(31.306874, 35.269142)",31.30687432058535,35.2691415766821
629,0000-00-00_ערד.gpx,סיום,"(31.263498, 35.228837)",31.263498,35.228837
630,0000-00-00_יפתח_גונן_רמות נפתלי.gpx,התחלה,"(33.125182, 35.569949)",33.125182,35.569949
630,0000-00-00_יפתח_גונן_רמות נפתלי.gpx,סיום,"(33.125097, 35.569976)",33.125097,35.569976
631,0000-00-00_לוטן_יהל_נווה חריף.gpx,התחלה,"(29.986974, 35.086343)",29.98697446705289,35.08634260083079
631,0000-00-00_לוטן_יהל_נווה חריף.gpx,סיום,"(29.986688, 35.074188)",29.986688,35.074188
632,0000-00-00_לוטן_אליפז.gpx,התחלה,"(29.985464, 35.085024)",29.985464111538363,35.085024297200675
632,0000-00-00_לוטן_אליפז.gpx,סיום,"(29.806422, 34.992231)",29.806422,34.992231
633,0000-00-00_כברי_שבי ציון_שייח' דנון.gpx,התחלה,"(33.018323, 35.143160)",33.018323483219504,35.14315950873606
633,0000-00-00_כברי_שבי ציון_שייח' דנון.gpx,סיום,"(33.018153, 35.143255)",33.018153,35.143255
634,0000-00-00_ברעם_כפר שמאי_חורפיש.gpx,התחלה,"(33.014696, 35.393048)",33.014696,35.393048
634,0000-00-00_ברעם_כפר שמאי_חורפיש.gpx,סיום,"(33.010054, 35.360668)",33.010054,35.360668
635,0000-00-00_חצבה_נאות הכיכר_נווה זוהר.gpx,התחלה,"(30.766917, 35.281543)",30.766916556263,35.281543321071
635,0000-00-00_חצבה_נאות הכיכר_נווה זוהר.gpx,סיום,"(31.147720, 35.369459)",31.14772033256,35.369458607235
636,0000-00-00_מרום גולן_עין זיוון.gpx,התחלה,"(33.140607, 35.777958)",33.140607,35.777958
636,0000-00-00_מרום גולן_עין זיוון.gpx,סיום,"(33.093731, 35.797445)",33.093731,35.797445
637,0000-00-00_דימונה_שדה בוקר_מצפה רמון.GPX,התחלה,"(31.030080, 35.077042)",31.03008,35.077042
637,0000-00-00_דימונה_שדה בוקר_מצפה רמון.GPX,סיום,"(30.614515, 34.806872)",30.614515,34.806872
638,0000-00-00_שדה בוקר_אשלים.gpx,התחלה,"(30.906406, 34.772501)",30.906405546612717,34.77250146905894
638,0000-00-00_שדה בוקר_אשלים.gpx,סיום,"(30.906481, 34.773595)",30.906481,34.773595
639,0000-00-00_בית ג'ן_שפר_עין אל-אסד.gpx,התחלה,"(32.964204, 35.397368)",32.964204,35.397368
639,0000-00-00_בית ג'ן_שפר_עין אל-אסד.gpx,סיום,"(32.964166, 35.397678)",32.964166,35.397678
640,0000-00-00_הררית.gpx,התחלה,"(32.841312, 35.364501)",32.841312,35.364501
640,0000-00-00_הררית.gpx,סיום,"(32.841262, 35.364470)",32.841262,35.36447
641,0000-00-00_נווה זוהר.gpx,התחלה,"(31.177938, 35.368249)",31.17793830977,35.368249067173
641,0000-00-00_נווה זוהר.gpx,סיום,"(31.150094, 35.365031)",31.150093777357,35.365031370876
642,0000-00-00_הגושרים_כפר בלום_דפנה.gpx,התחלה,"(33.223468, 35.615367)",33.223468,35.615367
642,0000-00-00_הגושרים_כפר בלום_דפנה.gpx,סיום,"(33.223412, 35.615647)",33.223412,35.615647
643,0000-00-00_נווה זוהר_1.gpx,התחלה,"(31.261391, 35.367544)",31.26139113211751,35.367544113130464
643,0000-00-00_נווה זוהר_1.gpx,סיום,"(31.261360, 35.367816)",31.26136018,35.36781621
644,0000-00-00_מעלות-תרשיחא_אבירים.gpx,התחלה,"(33.012308, 35.280552)",33.012307654225,35.280552369074
644,0000-00-00_מעלות-תרשיחא_אבירים.gpx,סיום,"(33.037998, 35.271111)",33.03799849599,35.271110993342
645,0000-00-00_מצפה רמון_צופר_פארן.GPX,התחלה,"(30.612558, 34.804159)",30.612558,34.804159
645,0000-00-00_מצפה רמון_צופר_פארן.GPX,סיום,"(30.361682, 35.160742)",30.361682,35.160742
646,0000-00-00_שדה אליעזר_עלמה.gpx,התחלה,"(33.039093, 35.548134)",33.039093,35.548134
646,0000-00-00_שדה אליעזר_עלמה.gpx,סיום,"(33.039097, 35.548405)",33.039097,35.548405
647,0000-00-00_עבדון_אבירים_מנות.gpx,התחלה,"(33.042565, 35.176460)",33.042565,35.17646
647,0000-00-00_עבדון_אבירים_מנות.gpx,סיום,"(33.042618, 35.176328)",33.042618,35.176328
648,0000-00-00_יערה_אדמית.gpx,התחלה,"(33.073657, 35.178478)",33.07365686957539,35.178477585678365
648,0000-00-00_יערה_אדמית.gpx,סיום,"(33.073544, 35.178597)",33.073544,35.178597
649,0000-00-00_דלתון_כפר שמאי.gpx,התחלה,"(32.993848, 35.475907)",32.993847504108,35.475907172756
649,0000-00-00_דלתון_כפר שמאי.gpx,סיום,"(32.973687, 35.461878)",32.973687045724,35.461878331026
650,0000-00-00_דלתון_מירון.gpx,התחלה,"(32.994118, 35.475915)",32.994117775592,35.475915069513
650,0000-00-00_דלתון_מירון.gpx,סיום,"(32.979413, 35.443224)",32.979413060643,35.443224376218
651,0000-00-00_נווה זוהר_ערד.gpx,התחלה,"(31.282834, 35.370559)",31.28283426385805,35.37055897755937
651,0000-00-00_נווה זוהר_ערד.gpx,סיום,"(31.284492, 35.357435)",31.28449247,35.35743491
652,0000-00-00_חיפה_3.gpx,התחלה,"(32.798985, 34.982063)",32.79898478693167,34.98206266368712
652,0000-00-00_חיפה_3.gpx,סיום,"(32.799175, 34.982148)",32.799175,34.982148
653,0000-00-00_גורנות הגליל_אדמית_אילון.gpx,התחלה,"(33.063341, 35.250577)",33.06334149426,35.250577417927
653,0000-00-00_גורנות הגליל_אדמית_אילון.gpx,סיום,"(33.067334, 35.220837)",33.067333626882,35.220837084369
654,0000-00-00_רמות נפתלי_יפתח.gpx,התחלה,"(33.090207, 35.561896)",33.090207,35.561896
654,0000-00-00_רמות נפתלי_יפתח.gpx,סיום,"(33.143073, 35.551582)",33.143073,35.551582
655,0000-00-00_גילון_נחף_פלך.gpx,התחלה,"(32.916008, 35.226412)",32.91600827457589,35.22641245323817
655,0000-00-00_גילון_נחף_פלך.gpx,סיום,"(32.915393, 35.226031)",32.915393,35.226031
656,0000-00-00_אלונים_שער העמקים_רמת ישי.gpx,התחלה,"(32.710334, 35.144651)",32.710334,35.144651
656,0000-00-00_אלונים_שער העמקים_רמת ישי.gpx,סיום,"(32.710425, 35.144714)",32.710425,35.144714
657,0000-00-00_כרכום_משמר הירדן_אלמגור.gpx,התחלה,"(32.925065, 35.607848)",32.925065,35.607848
657,0000-00-00_כרכום_משמר הירדן_אלמגור.gpx,סיום,"(32.925058, 35.608102)",32.925058,35.608102
658,0000-00-00_ברעם_מירון_צבעון.gpx,התחלה,"(33.008979, 35.393702)",33.008979,35.393702
658,0000-00-00_ברעם_מירון_צבעון.gpx,סיום,"(33.008951, 35.393707)",33.008951,35.393707
659,0000-00-00_טל-אל_גילון_יסעור.GPX,התחלה,"(32.927755, 35.169762)",32.927755,35.169762
659,0000-00-00_טל-אל_גילון_יסעור.GPX,סיום,"(32.927674, 35.169702)",32.927674,35.169702
660,0000-00-00_איילת השחר_דלתון_סאסא_דישון_שדה אליעזר.gpx,התחלה,"(33.021616, 35.573212)",33.021616,35.573212
660,0000-00-00_איילת השחר_דלתון_סאסא_דישון_שדה אליעזר.gpx,סיום,"(33.021570, 35.573261)",33.02157,35.573261
661,0000-00-00_נאעורה_דחי_גבע.gpx,התחלה,"(32.601422, 35.394020)",32.6014225,35.39401995
661,0000-00-00_נאעורה_דחי_גבע.gpx,סיום,"(32.601496, 35.394307)",32.601496,35.394307
662,0000-00-00_נאות הכיכר_נווה זוהר.gpx,התחלה,"(31.039631, 35.367079)",31.039631,35.367079
662,0000-00-00_נאות הכיכר_נווה זוהר.gpx,סיום,"(31.079517, 35.370380)",31.079517,35.37038
663,0000-00-00_שלומי_יערה_מצובה.gpx,התחלה,"(33.073556, 35.152060)",33.0735563,35.1520604
663,0000-00-00_שלומי_יערה_מצובה.gpx,סיום,"(33.073556, 35.152060)",33.0735563,35.1520604
664,2026-07-31_כפר חנניה.gpx,התחלה,"(32.909257, 35.422654)",32.909257283,35.422653683
664,2026-07-31_כפר חנניה.gpx,סיום,"(32.909211, 35.422831)",32.909210583,35.422830567
665,0000-00-00_עין יעקב_כברי_געתון.GPX,התחלה,"(33.010056, 35.226777)",33.010056,35.226777
665,0000-00-00_עין יעקב_כברי_געתון.GPX,סיום,"(33.010056, 35.226777)",33.010056,35.226777
666,0000-00-00_עין יעקב_כברי_געתון_1.gpx,התחלה,"(33.008668, 35.222737)",33.008668,35.2227374
666,0000-00-00_עין יעקב_כברי_געתון_1.gpx,סיום,"(33.008668, 35.222737)",33.008668,35.2227374
667,0000-00-00_שייח' דנון_כליל_כסרא-סמיע_יחיעם_עמקה.gpx,התחלה,"(33.000823, 35.143701)",33.000823,35.143701
667,0000-00-00_שייח' דנון_כליל_כסרא-סמיע_יחיעם_עמקה.gpx,סיום,"(33.001595, 35.143726)",33.001595,35.143726
668,0000-00-00_כפר גלעדי_מנרה_מרגליות.GPX,התחלה,"(33.238985, 35.571539)",33.238985,35.571539
668,0000-00-00_כפר גלעדי_מנרה_מרגליות.GPX,סיום,"(33.239020, 35.571551)",33.23902,35.571551
669,0000-00-00_עין הוד_גבע כרמל.gpx,התחלה,"(32.702376, 34.981736)",32.702375902010274,34.98173614657253
669,0000-00-00_עין הוד_גבע כרמל.gpx,סיום,"(32.650535, 34.966058)",32.650535,34.966058
670,0000-00-00_עין המפרץ_צביה_מגדל.gpx,התחלה,"(32.901600, 35.091892)",32.901599803723,35.091892121683
670,0000-00-00_עין המפרץ_צביה_מגדל.gpx,סיום,"(32.845620, 35.516907)",32.845619832327,35.516907157512
671,0000-00-00_ברקאי_כפר ויתקין_תל אביב -יפו_פתח תקווה_עינת.GPX,התחלה,"(32.482366, 35.024611)",32.482366,35.024611
671,0000-00-00_ברקאי_כפר ויתקין_תל אביב -יפו_פתח תקווה_עינת.GPX,סיום,"(32.093570, 34.941437)",32.09357,34.941437
672,0000-00-00_ערד_1.gpx,התחלה,"(31.261813, 35.239159)",31.261813,35.239159
672,0000-00-00_ערד_1.gpx,סיום,"(31.317837, 35.347941)",31.317837,35.347941
673,0000-00-00_ערד_נווה זוהר_1.gpx,התחלה,"(31.254278, 35.207332)",31.254278,35.207332
673,0000-00-00_ערד_נווה זוהר_1.gpx,סיום,"(31.150023, 35.361742)",31.150023,35.361742
674,0000-00-00_בני ברק_נווה ירק_גבעת השלושה.gpx,התחלה,"(32.110595, 34.846690)",32.11059510974039,34.84669013922033
674,0000-00-00_בני ברק_נווה ירק_גבעת השלושה.gpx,סיום,"(32.112441, 34.914190)",32.112441,34.91419
675,0000-00-00_פארן_יהל_שחרות.GPX,התחלה,"(30.361682, 35.160742)",30.361682,35.160742
675,0000-00-00_פארן_יהל_שחרות.GPX,סיום,"(29.916166, 35.006183)",29.916166,35.006183
676,0000-00-00_מעיליא.gpx,התחלה,"(33.030560, 35.258631)",33.030560342594,35.258631064889
676,0000-00-00_מעיליא.gpx,סיום,"(33.037612, 35.258889)",33.0376120158,35.258888556955
677,0000-00-00_לוטן_קטורה.gpx,התחלה,"(29.986144, 35.074214)",29.986144,35.074214
677,0000-00-00_לוטן_קטורה.gpx,סיום,"(29.986094, 35.074171)",29.986094,35.074171
678,2025-07-06_עין קנייא_שניר.gpx,התחלה,"(33.250485, 35.729318)",33.250484634381,35.729317846794
678,2025-07-06_עין קנייא_שניר.gpx,סיום,"(33.240818, 35.681031)",33.240817889597,35.681030952717
679,0000-00-00_עינת_כרמי יוסף_בית גוברין.GPX,התחלה,"(32.089065, 34.942816)",32.089065,34.942816
679,0000-00-00_עינת_כרמי יוסף_בית גוברין.GPX,סיום,"(31.610060, 34.896212)",31.61006,34.896212
680,0000-00-00_כפר ראש הנקרה_3.gpx,התחלה,"(47.516534, 18.976314)",47.516534,18.976314
680,0000-00-00_כפר ראש הנקרה_3.gpx,סיום,"(47.516534, 18.976314)",47.516534,18.976314
681,0000-00-00_כפר ראש הנקרה_חניתה_יערה_לימן.gpx,התחלה,"(33.092872, 35.106711)",33.092872,35.106711
681,0000-00-00_כפר ראש הנקרה_חניתה_יערה_לימן.gpx,סיום,"(33.092874, 35.106449)",33.092874,35.106449
682,0000-00-00_מנרה.gpx,התחלה,"(33.191916, 35.566032)",33.191916,35.566032
682,0000-00-00_מנרה.gpx,סיום,"(33.195380, 35.547252)",33.19538,35.547252
683,0000-00-00_מג'דל שמס_קשת_תל קציר.gpx,התחלה,"(33.289467, 35.760902)",33.289467419,35.76090164
683,0000-00-00_מג'דל שמס_קשת_תל קציר.gpx,סיום,"(32.699032, 35.647881)",32.699032,35.647881
684,0000-00-00_אילת_מצפה רמון_עין גדי.gpx,התחלה,"(29.510238, 34.922447)",29.5102379,34.9224466
684,0000-00-00_אילת_מצפה רמון_עין גדי.gpx,סיום,"(31.349602, 35.326625)",31.349602,35.326625
685,0000-00-00_צבעון_חורפיש.gpx,התחלה,"(33.023346, 35.409048)",33.023346088034,35.409047878813
685,0000-00-00_צבעון_חורפיש.gpx,סיום,"(33.013349, 35.355872)",33.01334871912,35.355871730629
686,0000-00-00_צובה_מטע.gpx,התחלה,"(31.784030, 35.114680)",31.78403,35.11468
686,0000-00-00_צובה_מטע.gpx,סיום,"(31.717990, 35.055840)",31.717990000000004,35.05584
687,0000-00-00_ערד_2.gpx,התחלה,"(31.256880, 35.201790)",31.256880000000002,35.20179
687,0000-00-00_ערד_2.gpx,סיום,"(31.310650, 35.270050)",31.310650000000003,35.270050000000005
688,0000-00-00_בית אורן_נשר.gpx,התחלה,"(32.745799, 35.025614)",32.745798705483,35.025613671875
688,0000-00-00_בית אורן_נשר.gpx,סיום,"(32.745877, 35.025850)",32.745877240212,35.025849706268
689,0000-00-00_שחרות_אליפז_אילת.GPX,התחלה,"(29.916190, 35.006116)",29.91619,35.006116
689,0000-00-00_שחרות_אליפז_אילת.GPX,סיום,"(29.539965, 34.946609)",29.539965,34.946609
690,0000-00-00_שבלי - אום אל-גנם.gpx,התחלה,"(32.678623, 35.410904)",32.678623,35.410904
690,0000-00-00_שבלי - אום אל-גנם.gpx,סיום,"(32.678398, 35.410949)",32.678398,35.410949
691,0000-00-00_בית אורן_עין הוד.gpx,התחלה,"(32.714600, 35.013193)",32.71460029032,35.013193183477
691,0000-00-00_בית אורן_עין הוד.gpx,סיום,"(32.714131, 34.976973)",32.714130887481,34.97697263294
692,0000-00-00_מירון_קדרים.gpx,התחלה,"(32.979061, 35.442474)",32.97906135938351,35.44247449997292
692,0000-00-00_מירון_קדרים.gpx,סיום,"(32.912716, 35.485069)",32.912716,35.485069
693,0000-00-00_בר יוחאי_חורפיש.gpx,התחלה,"(32.993649, 35.414607)",32.993649432099375,35.41460719102477
693,0000-00-00_בר יוחאי_חורפיש.gpx,סיום,"(33.005709, 35.361623)",33.005709,35.361623
694,0000-00-00_בית חנניה_שדות ים.gpx,התחלה,"(32.532340, 34.926581)",32.532339820119,34.926581425699
694,0000-00-00_בית חנניה_שדות ים.gpx,סיום,"(32.502014, 34.893463)",32.502014187225,34.893462668978
695,0000-00-00_כפר נטר_נתניה_געש_יקום_אודים.gpx,התחלה,"(32.272981, 34.859120)",32.272981,34.85912
695,0000-00-00_כפר נטר_נתניה_געש_יקום_אודים.gpx,סיום,"(32.272947, 34.859084)",32.272947,34.859084
696,0000-00-00_כסיפה_ערד_דימונה.GPX,התחלה,"(31.275392, 35.126886)",31.275392,35.126886
696,0000-00-00_כסיפה_ערד_דימונה.GPX,סיום,"(31.030080, 35.077042)",31.03008,35.077042
697,0000-00-00_אליפז_אילת.gpx,התחלה,"(29.760742, 34.969236)",29.760742,34.969236
697,0000-00-00_אליפז_אילת.gpx,סיום,"(29.539965, 34.946609)",29.539965,34.946609
698,0000-00-00_אבירים.gpx,התחלה,"(33.044752, 35.286584)",33.044752373205746,35.28658390045167
698,0000-00-00_אבירים.gpx,סיום,"(33.044463, 35.285821)",33.044463,35.285821
699,2026-08-19_יחיעם_כברי_געתון.gpx,התחלה,"(33.005043, 35.215369)",33.0050425,35.215369
699,2026-08-19_יחיעם_כברי_געתון.gpx,סיום,"(33.005047, 35.215485)",33.0050467,35.2154854
