קטגוריה,מזהה א',קובץ א',מזהה ב',קובץ ב',verdict/יחס,הפוך?,הפרש אורך %,מרחק-קצה 1 (מ'),מרחק-קצה 2 (מ'),סטיית-דגימה ממוצעת (מ'),סטיית-דגימה מקס' (מ'),אחוז-מעבר
הכלה,691,תכ_חורבת רקית חניון נחל אורן תחתון.gpx,563,Israel National Trail-24-05-26.gpx,מוכל-ב,,,,,19.8,72.8,1
הכלה,684,שביל ישראל מקטע 1.gpx,563,Israel National Trail-24-05-26.gpx,מוכל-ב,,,,,7.6,113.6,1
הכלה,641,מסלול הר יזרח נוה זוהר.gpx,684,שביל ישראל מקטע 1.gpx,מוכל-ב,,,,,28.5,320.7,0.939
חשוד,614,טיול מדרגות בעליה 2.gpx,616,טיול מדרגות חיפה בעליה.gpx,חשוד - לבדיקה ידנית,FALSE,3,0,0,13.3,100,1
הכלה,608,חזור_נמרוד_בניאס.gpx,678,קלעת נמרוד שניר 2025-07-06.gpx,מוכל-ב,,,,,23.9,89.2,1
חשוד,593,געתון הר בטח געתון 2.gpx,594,געתון הר בטח געתון.gpx,חשוד - לבדיקה ידנית,FALSE,2.8,0,0,37.1,346.5,0.868
הכלה,585,בארי שוקדה.gpx,584,בארי שוקדה עם קיצורים.gpx,מוכל-ב,,,,,0,11.5,1
הכלה,579,אמפי גולן - מבוא חמה.gpx,683,שביל הגולן.gpx,מוכל-ב,,,,,5.7,15.2,1
הכלה,574,offroad-סינגל חניתה.gpx,532,2026-07-03 סינגל חניתה.gpx,מוכל-ב,,,,,48,571.5,0.914
הכלה,557,2026-08-14_געתון_כברי.gpx,239,2022-08-14_געתון_כברי_לימן.gpx,מוכל-ב,,,,,12.1,22.8,1
הכלה,557,2026-08-14_געתון_כברי.gpx,227,2022-07-15_געתון_כברי_לימן.gpx,מוכל-ב,,,,,9.8,22.6,1
הכלה,557,2026-08-14_געתון_כברי.gpx,211,2022-06-15_געתון_כברי_לימן.gpx,מוכל-ב,,,,,26.9,208.8,0.948
הכלה,557,2026-08-14_געתון_כברי.gpx,241,2022-08-19_געתון_כברי_לימן.gpx,מוכל-ב,,,,,14,25,1
הכלה,557,2026-08-14_געתון_כברי.gpx,206,2022-06-04_געתון_כברי_נהרייה.gpx,מוכל-ב,,,,,10.5,30.1,1
הכלה,557,2026-08-14_געתון_כברי.gpx,226,2022-07-11_געתון_כברי_כפר ראש הנקרה.gpx,מוכל-ב,,,,,12.1,24,1
הכלה,557,2026-08-14_געתון_כברי.gpx,558,2026-08-14_געתון_כברי_מצובה.gpx,מוכל-ב,,,,,5.3,14.8,1
הכלה,557,2026-08-14_געתון_כברי.gpx,280,2022-12-23_געתון_כברי_לימן.gpx,מוכל-ב,,,,,12.7,33.8,1
הכלה,556,2026-08-14_בצת_לימן_שלומי.gpx,558,2026-08-14_געתון_כברי_מצובה.gpx,מוכל-ב,,,,,12.8,91.4,1
הכלה,554,2026-08-11_גורן גדול.gpx,526,2026-06-20  כברי ערמשאה שתולה גורן .gpx,מוכל-ב,,,,,63.7,829.3,0.924
הכלה,554,2026-08-11_גורן גדול.gpx,527,2026-06-20_שומרה_גורנות הגליל_כברי.gpx,מוכל-ב,,,,,62.5,826.4,0.929
הכלה,553,2026-08-09_יחיעם_עין יעקב.gpx,555,2026-08-13_יחיעם_געתון_עין יעקב.gpx,מוכל-ב,,,,,17.1,24.2,1
הכלה,553,2026-08-09_יחיעם_עין יעקב.gpx,552,2026-08-09_יחיעם_געתון_עין יעקב.gpx,מוכל-ב,,,,,12.4,24,1
הכלה,553,2026-08-09_יחיעם_עין יעקב.gpx,531,2026-07-01 סינגל_יחיעם_עליון.gpx,מוכל-ב,,,,,12.7,45.7,1
הכלה,553,2026-08-09_יחיעם_עין יעקב.gpx,221,2022-07-02_יחיעם_געתון_עין יעקב.gpx,מוכל-ב,,,,,17,24.2,1
הכלה,553,2026-08-09_יחיעם_עין יעקב.gpx,474,2026-02-06_יחיעם_געתון_עין יעקב.gpx,מוכל-ב,,,,,10.7,23.8,1
הכלה,552,2026-08-09_יחיעם_געתון_עין יעקב.gpx,555,2026-08-13_יחיעם_געתון_עין יעקב.gpx,מוכל-ב,,,,,29.9,327,0.932
הכלה,550,2026-08-08_געתון_כברי_מנות.gpx,551,2026-08-08_מנות_כברי_הילה.gpx,מוכל-ב,,,,,13.3,25,1
הכלה,549,2026-08-01_הילה_מנות_מעיליא.gpx,62,2013-09-18_געתון_מעיליא_מנות.gpx,מוכל-ב,,,,,61.8,392.2,0.902
הכלה,548,2026-07-30_עין יעקב_יחיעם_געתון.gpx,476,2026-02-13_עין יעקב_געתון.gpx,מוכל-ב,,,,,33.8,141.9,0.933
הכלה,548,2026-07-30_עין יעקב_יחיעם_געתון.gpx,547,2026-07-30_06-19-24_fi_EF2EA3AB-B22D-4FEF-A61B-A6DEA644C568.gpx,מוכל-ב,,,,,13.2,21.6,1
הכלה,548,2026-07-30_עין יעקב_יחיעם_געתון.gpx,545,2026-07-24_עין יעקב_נווה זיו_געתון.gpx,מוכל-ב,,,,,25.6,178,0.933
הכלה,548,2026-07-30_עין יעקב_יחיעם_געתון.gpx,559,2026-08-15_עין יעקב_הילה_געתון.gpx,מוכל-ב,,,,,16.8,34.6,1
הכלה,548,2026-07-30_עין יעקב_יחיעם_געתון.gpx,512,2026-05-27_עין יעקב_געתון.gpx,מוכל-ב,,,,,34.9,144.6,0.933
זהה,547,2026-07-30_06-19-24_fi_EF2EA3AB-B22D-4FEF-A61B-A6DEA644C568.gpx,559,2026-08-15_עין יעקב_הילה_געתון.gpx,זהה,TRUE,1.7,7.6,46.1,29.2,444.1,0.972
הכלה,541,2026-07-14_שבי ציון_כברי_נהרייה.gpx,452,2025-10-01_שבי ציון_כברי_נהרייה.gpx,מוכל-ב,,,,,24.3,298.4,0.984
הכלה,539,2026-07-10_מצובה_כפר ראש הנקרה_חניתה.gpx,681,רכס סולם חניתה מצובה רז גורן.gpx,מוכל-ב,,,,,37.3,311.9,0.976
חשוד,536,2026-07-07_עבדון_געתון_יערה.gpx,551,2026-08-08_מנות_כברי_הילה.gpx,חשוד - לבדיקה ידנית,TRUE,3.5,4.3,8.1,923.9,4722.1,0.519
חשוד,535,2026-07-04_מעיליא_מנות_הילה.gpx,551,2026-08-08_מנות_כברי_הילה.gpx,חשוד - לבדיקה ידנית,FALSE,3.1,4.1,1.1,434.5,2027.6,0.685
זהה,534,2026-07-04 געתון_חרדלית_מנות_הילה_עין_זיו_חרדלית_געתון.gpx,535,2026-07-04_מעיליא_מנות_הילה.gpx,זהה,FALSE,1.1,3.4,5.5,11.3,33.5,1
חשוד,534,2026-07-04 געתון_חרדלית_מנות_הילה_עין_זיו_חרדלית_געתון.gpx,551,2026-08-08_מנות_כברי_הילה.gpx,חשוד - לבדיקה ידנית,FALSE,4.2,7.5,6.4,429.9,2041.8,0.689
חשוד,531,2026-07-01 סינגל_יחיעם_עליון.gpx,555,2026-08-13_יחיעם_געתון_עין יעקב.gpx,חשוד - לבדיקה ידנית,FALSE,4.8,9.3,15.6,12.8,46.1,1
הכלה,528,2026-06-24 געתון_נהריה_ראש-הנקרה_נהריה_געתון.gpx,551,2026-08-08_מנות_כברי_הילה.gpx,מוכל-ב,,,,,44.2,755.8,0.961
חשוד,524,2026-06-13 כברי_גורן-הקטן_נוף-חניתה_כברי.gpx,530,2026-06-30 כברי_עבדון_יערב_נוף-חניתה_לימן_נהריה_כברי.gpx,חשוד - לבדיקה ידנית,FALSE,3.9,10.6,9.2,713.3,3965.1,0.65
הכלה,514,2026-05-30_עין יעקב_מעונה_מעיליא.gpx,547,2026-07-30_06-19-24_fi_EF2EA3AB-B22D-4FEF-A61B-A6DEA644C568.gpx,מוכל-ב,,,,,15.4,115.7,0.941
הכלה,514,2026-05-30_עין יעקב_מעונה_מעיליא.gpx,513,2026-05-30_געתון_עין יעקב_מעיליא.gpx,מוכל-ב,,,,,6.4,12.3,1
הכלה,514,2026-05-30_עין יעקב_מעונה_מעיליא.gpx,196,2022-05-19_געתון_מעונה_עין יעקב.gpx,מוכל-ב,,,,,21.3,127.1,0.941
הכלה,514,2026-05-30_עין יעקב_מעונה_מעיליא.gpx,559,2026-08-15_עין יעקב_הילה_געתון.gpx,מוכל-ב,,,,,9.1,85.4,1
הכלה,514,2026-05-30_עין יעקב_מעונה_מעיליא.gpx,478,2026-02-24_עין יעקב_מעונה_געתון.gpx,מוכל-ב,,,,,16.8,126.9,0.912
הכלה,514,2026-05-30_עין יעקב_מעונה_מעיליא.gpx,496,2026-04-16_עין יעקב_מעונה_געתון.gpx,מוכל-ב,,,,,21.3,132.4,0.912
הכלה,514,2026-05-30_עין יעקב_מעונה_מעיליא.gpx,551,2026-08-08_מנות_כברי_הילה.gpx,מוכל-ב,,,,,19.3,133.5,0.912
הכלה,511,2026-05-27_געתון_עין יעקב.gpx,476,2026-02-13_עין יעקב_געתון.gpx,מוכל-ב,,,,,19.5,41.8,1
הכלה,511,2026-05-27_געתון_עין יעקב.gpx,512,2026-05-27_עין יעקב_געתון.gpx,מוכל-ב,,,,,16.5,23.2,1
הכלה,511,2026-05-27_געתון_עין יעקב.gpx,626,יער הדובים השיירה סינגל בני.gpx,מוכל-ב,,,,,33.9,158.9,0.909
הכלה,505,2026-05-13_עבדון_כברי_גורן.gpx,536,2026-07-07_עבדון_געתון_יערה.gpx,מוכל-ב,,,,,21.6,420.4,0.986
הכלה,504,2026-05-09_מצובה_כברי.gpx,558,2026-08-14_געתון_כברי_מצובה.gpx,מוכל-ב,,,,,31.5,367.7,0.945
הכלה,502,2026-05-07_געתון_כברי_לימן.gpx,241,2022-08-19_געתון_כברי_לימן.gpx,מוכל-ב,,,,,94.9,1378.5,0.925
הכלה,502,2026-05-07_געתון_כברי_לימן.gpx,201,2022-05-29_געתון_כברי_לימן.gpx,מוכל-ב,,,,,93,1379.3,0.925
הכלה,502,2026-05-07_געתון_כברי_לימן.gpx,226,2022-07-11_געתון_כברי_כפר ראש הנקרה.gpx,מוכל-ב,,,,,89.8,1375.5,0.925
הכלה,502,2026-05-07_געתון_כברי_לימן.gpx,200,2022-05-27_געתון_כברי_לימן.gpx,מוכל-ב,,,,,92.5,1378.9,0.925
הכלה,502,2026-05-07_געתון_כברי_לימן.gpx,239,2022-08-14_געתון_כברי_לימן.gpx,מוכל-ב,,,,,89,1376.9,0.925
הכלה,502,2026-05-07_געתון_כברי_לימן.gpx,227,2022-07-15_געתון_כברי_לימן.gpx,מוכל-ב,,,,,87.2,1378.6,0.925
חשוד,497,2026-04-20_כברי_געתון_גשר הזיו.gpx,502,2026-05-07_געתון_כברי_לימן.gpx,חשוד - לבדיקה ידנית,FALSE,3.9,8.8,8,111.4,1375.3,0.925
הכלה,497,2026-04-20_כברי_געתון_גשר הזיו.gpx,551,2026-08-08_מנות_כברי_הילה.gpx,מוכל-ב,,,,,70.5,1258,0.952
זהה,492,2026-04-08_געתון_כברי_גשר הזיו.gpx,497,2026-04-20_כברי_געתון_גשר הזיו.gpx,זהה,FALSE,0.4,55.9,5.4,14.7,78.2,1
חשוד,492,2026-04-08_געתון_כברי_גשר הזיו.gpx,502,2026-05-07_געתון_כברי_לימן.gpx,חשוד - לבדיקה ידנית,FALSE,4.3,64.5,3,106.1,1380.4,0.925
הכלה,492,2026-04-08_געתון_כברי_גשר הזיו.gpx,551,2026-08-08_מנות_כברי_הילה.gpx,מוכל-ב,,,,,69.6,1232,0.952
הכלה,490,2026-03-25_געתון_גשר הזיו_כברי.gpx,156,2022-02-11_געתון_כברי_לימן.gpx,מוכל-ב,,,,,25.5,392.3,0.994
הכלה,490,2026-03-25_געתון_גשר הזיו_כברי.gpx,551,2026-08-08_מנות_כברי_הילה.gpx,מוכל-ב,,,,,89.4,1233.2,0.931
הכלה,490,2026-03-25_געתון_גשר הזיו_כברי.gpx,206,2022-06-04_געתון_כברי_נהרייה.gpx,מוכל-ב,,,,,25.7,387.2,0.994
הכלה,490,2026-03-25_געתון_גשר הזיו_כברי.gpx,475,2026-02-07_מעיליא_מנות_הילה.gpx,מוכל-ב,,,,,88.9,1234.2,0.931
הכלה,490,2026-03-25_געתון_גשר הזיו_כברי.gpx,497,2026-04-20_כברי_געתון_גשר הזיו.gpx,מוכל-ב,,,,,13.5,125.3,1
הכלה,490,2026-03-25_געתון_גשר הזיו_כברי.gpx,550,2026-08-08_געתון_כברי_מנות.gpx,מוכל-ב,,,,,88.5,1232.7,0.931
הכלה,490,2026-03-25_געתון_גשר הזיו_כברי.gpx,492,2026-04-08_געתון_כברי_גשר הזיו.gpx,מוכל-ב,,,,,13.3,120.4,1
חשוד,488,2026-03-18_געתון_כברי_גשר הזיו.gpx,490,2026-03-25_געתון_גשר הזיו_כברי.gpx,חשוד - לבדיקה ידנית,TRUE,0.1,5.9,6.1,101.5,780,0.849
הכלה,488,2026-03-18_געתון_כברי_גשר הזיו.gpx,528,2026-06-24 געתון_נהריה_ראש-הנקרה_נהריה_געתון.gpx,מוכל-ב,,,,,58.8,663.4,0.931
הכלה,488,2026-03-18_געתון_כברי_גשר הזיו.gpx,206,2022-06-04_געתון_כברי_נהרייה.gpx,מוכל-ב,,,,,68.7,665.7,0.918
הכלה,483,2026-03-05_געתון_כברי.gpx,626,יער הדובים השיירה סינגל בני.gpx,מוכל-ב,,,,,23.6,178.1,0.989
הכלה,483,2026-03-05_געתון_כברי.gpx,227,2022-07-15_געתון_כברי_לימן.gpx,מוכל-ב,,,,,23.3,227.7,0.989
הכלה,483,2026-03-05_געתון_כברי.gpx,239,2022-08-14_געתון_כברי_לימן.gpx,מוכל-ב,,,,,25.8,277.8,0.966
הכלה,483,2026-03-05_געתון_כברי.gpx,241,2022-08-19_געתון_כברי_לימן.gpx,מוכל-ב,,,,,31.8,276.4,0.966
הכלה,483,2026-03-05_געתון_כברי.gpx,226,2022-07-11_געתון_כברי_כפר ראש הנקרה.gpx,מוכל-ב,,,,,20.9,278.9,0.977
הכלה,483,2026-03-05_געתון_כברי.gpx,484,2026-03-06_עין יעקב_געתון_כברי.gpx,מוכל-ב,,,,,21.8,166,1
הכלה,482,2026-02-28_געתון_כברי.gpx,216,2022-06-24_מנות_מעיליא_כברי.gpx,מוכל-ב,,,,,63.8,543.7,0.92
הכלה,482,2026-02-28_געתון_כברי.gpx,196,2022-05-19_געתון_מעונה_עין יעקב.gpx,מוכל-ב,,,,,13.4,66.9,1
הכלה,482,2026-02-28_געתון_כברי.gpx,28,2013-07-15_געתון_שבי ציון_גשר הזיו.gpx,מוכל-ב,,,,,15.5,193.6,1
הכלה,482,2026-02-28_געתון_כברי.gpx,62,2013-09-18_געתון_מעיליא_מנות.gpx,מוכל-ב,,,,,18.3,80,1
הכלה,482,2026-02-28_געתון_כברי.gpx,536,2026-07-07_עבדון_געתון_יערה.gpx,מוכל-ב,,,,,11.3,30.8,1
הכלה,482,2026-02-28_געתון_כברי.gpx,535,2026-07-04_מעיליא_מנות_הילה.gpx,מוכל-ב,,,,,7.4,74.4,1
הכלה,482,2026-02-28_געתון_כברי.gpx,543,2026-07-19_עין יעקב_מנות_עבדון.gpx,מוכל-ב,,,,,33,220.4,1
הכלה,482,2026-02-28_געתון_כברי.gpx,68,2013-09-26_געתון_כפר ורדים_מנות.gpx,מוכל-ב,,,,,16.8,195,1
הכלה,482,2026-02-28_געתון_כברי.gpx,224,2022-07-08_מנות_געתון_הילה.gpx,מוכל-ב,,,,,65.5,545.1,0.92
הכלה,482,2026-02-28_געתון_כברי.gpx,505,2026-05-13_עבדון_כברי_גורן.gpx,מוכל-ב,,,,,23.2,221,1
הכלה,482,2026-02-28_געתון_כברי.gpx,534,2026-07-04 געתון_חרדלית_מנות_הילה_עין_זיו_חרדלית_געתון.gpx,מוכל-ב,,,,,7.5,85.2,1
הכלה,482,2026-02-28_געתון_כברי.gpx,209,2022-06-11_מנות_מעיליא_כברי.gpx,מוכל-ב,,,,,54.5,550.2,0.92
הכלה,482,2026-02-28_געתון_כברי.gpx,60,2013-09-13_עין יעקב_מעיליא_מנות.gpx,מוכל-ב,,,,,15.2,193.6,1
הכלה,482,2026-02-28_געתון_כברי.gpx,52,2013-08-30_מעונה_עין יעקב_געתון.gpx,מוכל-ב,,,,,19.3,73.5,1
הכלה,482,2026-02-28_געתון_כברי.gpx,496,2026-04-16_עין יעקב_מעונה_געתון.gpx,מוכל-ב,,,,,27.5,221.1,1
הכלה,482,2026-02-28_געתון_כברי.gpx,29,2013-07-19_עין יעקב_מעונה_מנות.gpx,מוכל-ב,,,,,18.8,189.4,1
הכלה,482,2026-02-28_געתון_כברי.gpx,34,2013-07-27_געתון_כברי_מנות.gpx,מוכל-ב,,,,,29.3,241,1
הכלה,481,2026-02-27_כברי_גשר הזיו_לימן.gpx,497,2026-04-20_כברי_געתון_גשר הזיו.gpx,מוכל-ב,,,,,51.1,464.6,0.918
הכלה,481,2026-02-27_כברי_גשר הזיו_לימן.gpx,492,2026-04-08_געתון_כברי_גשר הזיו.gpx,מוכל-ב,,,,,51.4,447.7,0.918
הכלה,478,2026-02-24_עין יעקב_מעונה_געתון.gpx,43,2013-08-14_געתון_מעונה_עין יעקב.gpx,מוכל-ב,,,,,48.9,536.8,0.908
הכלה,478,2026-02-24_עין יעקב_מעונה_געתון.gpx,36,2013-08-01_מעונה_עין יעקב_געתון.gpx,מוכל-ב,,,,,23.9,205,0.99
הכלה,478,2026-02-24_עין יעקב_מעונה_געתון.gpx,74,2013-10-06_מעונה_עין יעקב_געתון.gpx,מוכל-ב,,,,,53.6,535.3,0.908
זהה,476,2026-02-13_עין יעקב_געתון.gpx,512,2026-05-27_עין יעקב_געתון.gpx,זהה,TRUE,2.6,8.1,5.3,5.3,23.2,1
חשוד,475,2026-02-07_מעיליא_מנות_הילה.gpx,497,2026-04-20_כברי_געתון_גשר הזיו.gpx,חשוד - לבדיקה ידנית,FALSE,3.1,7.3,7,604.7,4649.4,0.746
חשוד,475,2026-02-07_מעיליא_מנות_הילה.gpx,492,2026-04-08_געתון_כברי_גשר הזיו.gpx,חשוד - לבדיקה ידנית,FALSE,2.7,60.2,2.6,613,4670,0.748
הכלה,475,2026-02-07_מעיליא_מנות_הילה.gpx,551,2026-08-08_מנות_כברי_הילה.gpx,מוכל-ב,,,,,50,757.6,0.954
הכלה,474,2026-02-06_יחיעם_געתון_עין יעקב.gpx,531,2026-07-01 סינגל_יחיעם_עליון.gpx,מוכל-ב,,,,,32.9,330.9,0.919
הכלה,474,2026-02-06_יחיעם_געתון_עין יעקב.gpx,552,2026-08-09_יחיעם_געתון_עין יעקב.gpx,מוכל-ב,,,,,15.7,24.8,1
הכלה,474,2026-02-06_יחיעם_געתון_עין יעקב.gpx,555,2026-08-13_יחיעם_געתון_עין יעקב.gpx,מוכל-ב,,,,,32.1,329.7,0.919
הכלה,473,2026-02-05_מצובה_יערה_שלומי.gpx,267,2022-11-23_13-09-57_fi_B19F8437-B851-4BC6-A0E6-4EA258828F4A.gpx,מוכל-ב,,,,,14.9,25.4,1
הכלה,473,2026-02-05_מצובה_יערה_שלומי.gpx,681,רכס סולם חניתה מצובה רז גורן.gpx,מוכל-ב,,,,,10.4,29,1
חשוד,471,2026-01-30_כברי_לימן_גשר הזיו.gpx,481,2026-02-27_כברי_גשר הזיו_לימן.gpx,חשוד - לבדיקה ידנית,TRUE,0.2,114,113.2,70.5,517.7,0.873
הכלה,471,2026-01-30_כברי_לימן_גשר הזיו.gpx,550,2026-08-08_געתון_כברי_מנות.gpx,מוכל-ב,,,,,85.7,1317.3,0.903
הכלה,471,2026-01-30_כברי_לימן_גשר הזיו.gpx,206,2022-06-04_געתון_כברי_נהרייה.gpx,מוכל-ב,,,,,69.6,934.8,0.925
הכלה,471,2026-01-30_כברי_לימן_גשר הזיו.gpx,492,2026-04-08_געתון_כברי_גשר הזיו.gpx,מוכל-ב,,,,,28.5,440.8,0.985
הכלה,471,2026-01-30_כברי_לימן_גשר הזיו.gpx,551,2026-08-08_מנות_כברי_הילה.gpx,מוכל-ב,,,,,86.1,1318,0.903
הכלה,471,2026-01-30_כברי_לימן_גשר הזיו.gpx,156,2022-02-11_געתון_כברי_לימן.gpx,מוכל-ב,,,,,30.9,294.5,0.985
הכלה,471,2026-01-30_כברי_לימן_גשר הזיו.gpx,497,2026-04-20_כברי_געתון_גשר הזיו.gpx,מוכל-ב,,,,,25.4,435.3,0.985
הכלה,468,2026-01-16_שבי ציון_נהרייה.gpx,447,2025-09-22_שבי ציון_כברי_נהרייה.gpx,מוכל-ב,,,,,22.2,140.1,0.905
הכלה,468,2026-01-16_שבי ציון_נהרייה.gpx,540,2026-07-14_שבי ציון_געתון_נהרייה.gpx,מוכל-ב,,,,,29.2,133.6,0.905
הכלה,468,2026-01-16_שבי ציון_נהרייה.gpx,28,2013-07-15_געתון_שבי ציון_גשר הזיו.gpx,מוכל-ב,,,,,19,113.2,0.976
הכלה,468,2026-01-16_שבי ציון_נהרייה.gpx,14,2013-06-08_שבי ציון_געתון_כברי.gpx,מוכל-ב,,,,,28.6,139.9,0.905
הכלה,468,2026-01-16_שבי ציון_נהרייה.gpx,452,2025-10-01_שבי ציון_כברי_נהרייה.gpx,מוכל-ב,,,,,26.5,109.8,0.952
הכלה,468,2026-01-16_שבי ציון_נהרייה.gpx,537,2026-07-07_שבי ציון_כברי_שייח' דנון.gpx,מוכל-ב,,,,,22.5,139.8,0.905
הכלה,468,2026-01-16_שבי ציון_נהרייה.gpx,58,2013-09-10_בוסתן הגליל_שבי ציון_נהרייה.gpx,מוכל-ב,,,,,25.1,140.8,0.905
הכלה,468,2026-01-16_שבי ציון_נהרייה.gpx,508,2026-05-19_שבי ציון_כברי_שייח' דנון.gpx,מוכל-ב,,,,,16.3,114.3,0.976
הכלה,468,2026-01-16_שבי ציון_נהרייה.gpx,479,2026-02-25_שבי ציון_נהרייה_כברי.gpx,מוכל-ב,,,,,23.6,139.3,0.905
הכלה,468,2026-01-16_שבי ציון_נהרייה.gpx,61,2013-09-14_עין המפרץ_געתון_מזרעה.gpx,מוכל-ב,,,,,21.3,139.6,0.905
חשוד,465,2026-01-10_כברי_לימן_גשר הזיו.gpx,471,2026-01-30_כברי_לימן_גשר הזיו.gpx,חשוד - לבדיקה ידנית,FALSE,3.9,9.5,10.5,167.3,1692.9,0.851
חשוד,465,2026-01-10_כברי_לימן_גשר הזיו.gpx,481,2026-02-27_כברי_גשר הזיו_לימן.gpx,חשוד - לבדיקה ידנית,FALSE,3.7,109.6,109.9,189.1,1684.9,0.791
הכלה,458,2025-10-20_נווה זוהר_ערד.gpx,171,2022-03-10_נווה זוהר_ערד.gpx,מוכל-ב,,,,,57.5,375.4,0.902
הכלה,458,2025-10-20_נווה זוהר_ערד.gpx,297,2023-03-22_נווה זוהר_ערד.gpx,מוכל-ב,,,,,26.6,143,1
הכלה,458,2025-10-20_נווה זוהר_ערד.gpx,148,2022-01-18_נווה זוהר_ערד.gpx,מוכל-ב,,,,,34.7,154.2,1
הכלה,458,2025-10-20_נווה זוהר_ערד.gpx,274,2022-12-08_נווה זוהר_ערד.gpx,מוכל-ב,,,,,36.4,152.8,1
הכלה,458,2025-10-20_נווה זוהר_ערד.gpx,298,2023-03-23_נווה זוהר_ערד.gpx,מוכל-ב,,,,,20.7,148.6,1
הכלה,458,2025-10-20_נווה זוהר_ערד.gpx,170,2022-03-08_נווה זוהר_ערד.gpx,מוכל-ב,,,,,35.9,281.7,0.976
הכלה,458,2025-10-20_נווה זוהר_ערד.gpx,296,2023-03-21_נווה זוהר_ערד.gpx,מוכל-ב,,,,,27.2,148.9,1
הכלה,456,2025-10-16_געתון_יחיעם.gpx,160,2022-02-19_געתון_יחיעם.gpx,מוכל-ב,,,,,21.6,227.9,0.961
הכלה,456,2025-10-16_געתון_יחיעם.gpx,113,2021-10-30_געתון_יחיעם.gpx,מוכל-ב,,,,,10.9,56.7,1
הכלה,456,2025-10-16_געתון_יחיעם.gpx,115,2021-11-03_געתון_יחיעם.gpx,מוכל-ב,,,,,9.6,53.7,1
הכלה,456,2025-10-16_געתון_יחיעם.gpx,552,2026-08-09_יחיעם_געתון_עין יעקב.gpx,מוכל-ב,,,,,10.9,29,1
הכלה,456,2025-10-16_געתון_יחיעם.gpx,243,2022-08-21_געתון_יחיעם.gpx,מוכל-ב,,,,,16.8,85.9,1
הכלה,456,2025-10-16_געתון_יחיעם.gpx,116,2021-11-05_געתון_יחיעם.gpx,מוכל-ב,,,,,9.7,57.4,1
הכלה,456,2025-10-16_געתון_יחיעם.gpx,474,2026-02-06_יחיעם_געתון_עין יעקב.gpx,מוכל-ב,,,,,27.6,263.6,0.961
הכלה,456,2025-10-16_געתון_יחיעם.gpx,185,2022-04-21_געתון_יחיעם.gpx,מוכל-ב,,,,,11.4,68.1,1
הכלה,456,2025-10-16_געתון_יחיעם.gpx,132,2021-12-10_געתון_יחיעם.gpx,מוכל-ב,,,,,9.8,24.6,1
הכלה,455,2025-10-11_געתון_יחיעם_כברי.gpx,447,2025-09-22_שבי ציון_כברי_נהרייה.gpx,מוכל-ב,,,,,11.9,30.5,1
הכלה,455,2025-10-11_געתון_יחיעם_כברי.gpx,241,2022-08-19_געתון_כברי_לימן.gpx,מוכל-ב,,,,,14.1,29.8,1
הכלה,455,2025-10-11_געתון_יחיעם_כברי.gpx,484,2026-03-06_עין יעקב_געתון_כברי.gpx,מוכל-ב,,,,,19.9,49.1,1
הכלה,455,2025-10-11_געתון_יחיעם_כברי.gpx,206,2022-06-04_געתון_כברי_נהרייה.gpx,מוכל-ב,,,,,9.6,23.9,1
הכלה,455,2025-10-11_געתון_יחיעם_כברי.gpx,626,יער הדובים השיירה סינגל בני.gpx,מוכל-ב,,,,,18.4,79.1,1
הכלה,455,2025-10-11_געתון_יחיעם_כברי.gpx,439,2025-08-28_געתון_כברי_לימן.gpx,מוכל-ב,,,,,16.7,29,1
הכלה,455,2025-10-11_געתון_יחיעם_כברי.gpx,257,2022-10-26_געתון_יחיעם.gpx,מוכל-ב,,,,,9.6,29,1
הכלה,455,2025-10-11_געתון_יחיעם_כברי.gpx,256,2022-10-24_געתון_יחיעם.gpx,מוכל-ב,,,,,10.7,30.2,1
הכלה,455,2025-10-11_געתון_יחיעם_כברי.gpx,226,2022-07-11_געתון_כברי_כפר ראש הנקרה.gpx,מוכל-ב,,,,,10.3,24.3,1
הכלה,455,2025-10-11_געתון_יחיעם_כברי.gpx,363,2024-03-29_געתון_עין יעקב.gpx,מוכל-ב,,,,,28.9,361.2,0.94
הכלה,455,2025-10-11_געתון_יחיעם_כברי.gpx,429,2025-03-02_געתון_עין יעקב_יחיעם.gpx,מוכל-ב,,,,,11.2,28.5,1
הכלה,455,2025-10-11_געתון_יחיעם_כברי.gpx,528,2026-06-24 געתון_נהריה_ראש-הנקרה_נהריה_געתון.gpx,מוכל-ב,,,,,12.2,28.4,1
הכלה,455,2025-10-11_געתון_יחיעם_כברי.gpx,255,2022-10-23_געתון_יחיעם.gpx,מוכל-ב,,,,,6.9,24.3,1
הכלה,455,2025-10-11_געתון_יחיעם_כברי.gpx,262,2022-11-09_געתון_יחיעם.gpx,מוכל-ב,,,,,13.2,32.1,1
הכלה,455,2025-10-11_געתון_יחיעם_כברי.gpx,280,2022-12-23_געתון_כברי_לימן.gpx,מוכל-ב,,,,,10.8,27.7,1
הכלה,455,2025-10-11_געתון_יחיעם_כברי.gpx,520,2026-06-06_געתון_בוסתן הגליל_נתיב השיירה.gpx,מוכל-ב,,,,,10.7,23.2,1
הכלה,455,2025-10-11_געתון_יחיעם_כברי.gpx,488,2026-03-18_געתון_כברי_גשר הזיו.gpx,מוכל-ב,,,,,11.1,23.8,1
הכלה,455,2025-10-11_געתון_יחיעם_כברי.gpx,558,2026-08-14_געתון_כברי_מצובה.gpx,מוכל-ב,,,,,12.6,25.6,1
הכלה,455,2025-10-11_געתון_יחיעם_כברי.gpx,227,2022-07-15_געתון_כברי_לימן.gpx,מוכל-ב,,,,,15.4,25.9,1
הכלה,455,2025-10-11_געתון_יחיעם_כברי.gpx,356,2024-02-25_געתון_עין יעקב.gpx,מוכל-ב,,,,,26.2,355.4,0.94
הכלה,455,2025-10-11_געתון_יחיעם_כברי.gpx,239,2022-08-14_געתון_כברי_לימן.gpx,מוכל-ב,,,,,12.3,26.2,1
הכלה,455,2025-10-11_געתון_יחיעם_כברי.gpx,519,2026-06-06 געתון_רגבה_עכו.gpx,מוכל-ב,,,,,15.8,27.5,1
הכלה,455,2025-10-11_געתון_יחיעם_כברי.gpx,540,2026-07-14_שבי ציון_געתון_נהרייה.gpx,מוכל-ב,,,,,11.2,36.4,1
הכלה,455,2025-10-11_געתון_יחיעם_כברי.gpx,277,2022-12-16_געתון_יחיעם_עין יעקב.gpx,מוכל-ב,,,,,12.1,26.2,1
הכלה,455,2025-10-11_געתון_יחיעם_כברי.gpx,46,2013-08-20_געתון_כברי_שייח' דנון.gpx,מוכל-ב,,,,,41.3,363.4,0.925
הכלה,455,2025-10-11_געתון_יחיעם_כברי.gpx,483,2026-03-05_געתון_כברי.gpx,מוכל-ב,,,,,12.3,28.1,1
הכלה,455,2025-10-11_געתון_יחיעם_כברי.gpx,211,2022-06-15_געתון_כברי_לימן.gpx,מוכל-ב,,,,,12.2,26,1
הכלה,455,2025-10-11_געתון_יחיעם_כברי.gpx,265,2022-11-18_געתון_יחיעם_עין יעקב.gpx,מוכל-ב,,,,,11.5,27.6,1
הכלה,455,2025-10-11_געתון_יחיעם_כברי.gpx,562,Gaaton shomrat.gpx,מוכל-ב,,,,,34.5,314.9,0.925
הכלה,455,2025-10-11_געתון_יחיעם_כברי.gpx,70,2013-09-28_עין יעקב_מזרעה_שבי ציון.gpx,מוכל-ב,,,,,14.8,113.5,1
הכלה,448,2025-09-23_געתון_כברי_לימן.gpx,226,2022-07-11_געתון_כברי_כפר ראש הנקרה.gpx,מוכל-ב,,,,,112.8,1377.3,0.909
הכלה,448,2025-09-23_געתון_כברי_לימן.gpx,280,2022-12-23_געתון_כברי_לימן.gpx,מוכל-ב,,,,,99.3,1380.1,0.909
הכלה,448,2025-09-23_געתון_כברי_לימן.gpx,200,2022-05-27_געתון_כברי_לימן.gpx,מוכל-ב,,,,,121.6,1381.3,0.909
הכלה,448,2025-09-23_געתון_כברי_לימן.gpx,197,2022-05-20_געתון_כברי_לימן.gpx,מוכל-ב,,,,,120.9,1383.4,0.909
הכלה,448,2025-09-23_געתון_כברי_לימן.gpx,239,2022-08-14_געתון_כברי_לימן.gpx,מוכל-ב,,,,,115.4,1379.3,0.909
הכלה,448,2025-09-23_געתון_כברי_לימן.gpx,227,2022-07-15_געתון_כברי_לימן.gpx,מוכל-ב,,,,,114.2,1380.4,0.909
הכלה,448,2025-09-23_געתון_כברי_לימן.gpx,209,2022-06-11_מנות_מעיליא_כברי.gpx,מוכל-ב,,,,,136,1384.5,0.903
הכלה,448,2025-09-23_געתון_כברי_לימן.gpx,282,2022-12-30_געתון_כברי_לימן.gpx,מוכל-ב,,,,,113.3,1380.1,0.909
הכלה,448,2025-09-23_געתון_כברי_לימן.gpx,502,2026-05-07_געתון_כברי_לימן.gpx,מוכל-ב,,,,,35.3,289.8,1
הכלה,448,2025-09-23_געתון_כברי_לימן.gpx,156,2022-02-11_געתון_כברי_לימן.gpx,מוכל-ב,,,,,114.1,1382.3,0.909
הכלה,448,2025-09-23_געתון_כברי_לימן.gpx,497,2026-04-20_כברי_געתון_גשר הזיו.gpx,מוכל-ב,,,,,121.7,1377.6,0.909
הכלה,448,2025-09-23_געתון_כברי_לימן.gpx,281,2022-12-28_געתון_גשר הזיו_כברי.gpx,מוכל-ב,,,,,119.2,1381.2,0.909
הכלה,448,2025-09-23_געתון_כברי_לימן.gpx,241,2022-08-19_געתון_כברי_לימן.gpx,מוכל-ב,,,,,117.3,1380.4,0.909
הכלה,448,2025-09-23_געתון_כברי_לימן.gpx,284,2023-01-10_געתון_כברי_לימן.gpx,מוכל-ב,,,,,112.4,1379.5,0.909
הכלה,448,2025-09-23_געתון_כברי_לימן.gpx,165,2022-02-28_געתון_כברי_לימן.gpx,מוכל-ב,,,,,25.6,259.9,1
הכלה,448,2025-09-23_געתון_כברי_לימן.gpx,492,2026-04-08_געתון_כברי_גשר הזיו.gpx,מוכל-ב,,,,,121.7,1382.6,0.909
הכלה,448,2025-09-23_געתון_כברי_לימן.gpx,201,2022-05-29_געתון_כברי_לימן.gpx,מוכל-ב,,,,,121.8,1381.7,0.909
הכלה,448,2025-09-23_געתון_כברי_לימן.gpx,214,2022-06-19_געתון_כברי_לימן.gpx,מוכל-ב,,,,,115.9,1381.1,0.903
הכלה,448,2025-09-23_געתון_כברי_לימן.gpx,216,2022-06-24_מנות_מעיליא_כברי.gpx,מוכל-ב,,,,,121.1,1384.7,0.909
הכלה,448,2025-09-23_געתון_כברי_לימן.gpx,230,2022-07-19_כברי_געתון_לימן.gpx,מוכל-ב,,,,,113.8,1372.4,0.909
זהה,446,2025-09-20_געתון_יחיעם_עין יעקב.gpx,455,2025-10-11_געתון_יחיעם_כברי.gpx,זהה,FALSE,0.3,3.5,1.2,13.5,24.4,1
הכלה,446,2025-09-20_געתון_יחיעם_עין יעקב.gpx,227,2022-07-15_געתון_כברי_לימן.gpx,מוכל-ב,,,,,6.7,19.8,1
הכלה,446,2025-09-20_געתון_יחיעם_עין יעקב.gpx,626,יער הדובים השיירה סינגל בני.gpx,מוכל-ב,,,,,13.3,92.5,1
הכלה,446,2025-09-20_געתון_יחיעם_עין יעקב.gpx,356,2024-02-25_געתון_עין יעקב.gpx,מוכל-ב,,,,,28.5,377.6,0.94
הכלה,446,2025-09-20_געתון_יחיעם_עין יעקב.gpx,239,2022-08-14_געתון_כברי_לימן.gpx,מוכל-ב,,,,,10.4,23.9,1
הכלה,446,2025-09-20_געתון_יחיעם_עין יעקב.gpx,277,2022-12-16_געתון_יחיעם_עין יעקב.gpx,מוכל-ב,,,,,7.9,24,1
הכלה,446,2025-09-20_געתון_יחיעם_עין יעקב.gpx,46,2013-08-20_געתון_כברי_שייח' דנון.gpx,מוכל-ב,,,,,32.3,366.8,0.925
הכלה,446,2025-09-20_געתון_יחיעם_עין יעקב.gpx,211,2022-06-15_געתון_כברי_לימן.gpx,מוכל-ב,,,,,6.9,20.7,1
הכלה,446,2025-09-20_געתון_יחיעם_עין יעקב.gpx,447,2025-09-22_שבי ציון_כברי_נהרייה.gpx,מוכל-ב,,,,,18.5,25.1,1
הכלה,446,2025-09-20_געתון_יחיעם_עין יעקב.gpx,265,2022-11-18_געתון_יחיעם_עין יעקב.gpx,מוכל-ב,,,,,6.7,21.4,1
הכלה,446,2025-09-20_געתון_יחיעם_עין יעקב.gpx,528,2026-06-24 געתון_נהריה_ראש-הנקרה_נהריה_געתון.gpx,מוכל-ב,,,,,8.9,24.9,1
הכלה,446,2025-09-20_געתון_יחיעם_עין יעקב.gpx,70,2013-09-28_עין יעקב_מזרעה_שבי ציון.gpx,מוכל-ב,,,,,21,88.3,1
הכלה,446,2025-09-20_געתון_יחיעם_עין יעקב.gpx,241,2022-08-19_געתון_כברי_לימן.gpx,מוכל-ב,,,,,7.6,25.1,1
הכלה,446,2025-09-20_געתון_יחיעם_עין יעקב.gpx,520,2026-06-06_געתון_בוסתן הגליל_נתיב השיירה.gpx,מוכל-ב,,,,,13.8,24.7,1
הכלה,446,2025-09-20_געתון_יחיעם_עין יעקב.gpx,206,2022-06-04_געתון_כברי_נהרייה.gpx,מוכל-ב,,,,,12.6,25,1
הכלה,446,2025-09-20_געתון_יחיעם_עין יעקב.gpx,488,2026-03-18_געתון_כברי_גשר הזיו.gpx,מוכל-ב,,,,,12.5,25.9,1
הכלה,446,2025-09-20_געתון_יחיעם_עין יעקב.gpx,558,2026-08-14_געתון_כברי_מצובה.gpx,מוכל-ב,,,,,5.3,16.1,1
הכלה,446,2025-09-20_געתון_יחיעם_עין יעקב.gpx,540,2026-07-14_שבי ציון_געתון_נהרייה.gpx,מוכל-ב,,,,,14.9,25,1
הכלה,446,2025-09-20_געתון_יחיעם_עין יעקב.gpx,439,2025-08-28_געתון_כברי_לימן.gpx,מוכל-ב,,,,,8.3,22.7,1
הכלה,446,2025-09-20_געתון_יחיעם_עין יעקב.gpx,519,2026-06-06 געתון_רגבה_עכו.gpx,מוכל-ב,,,,,9.6,25.1,1
הכלה,446,2025-09-20_געתון_יחיעם_עין יעקב.gpx,257,2022-10-26_געתון_יחיעם.gpx,מוכל-ב,,,,,9.9,18.8,1
הכלה,446,2025-09-20_געתון_יחיעם_עין יעקב.gpx,483,2026-03-05_געתון_כברי.gpx,מוכל-ב,,,,,17.4,25.4,1
הכלה,446,2025-09-20_געתון_יחיעם_עין יעקב.gpx,256,2022-10-24_געתון_יחיעם.gpx,מוכל-ב,,,,,7.7,21.4,1
הכלה,446,2025-09-20_געתון_יחיעם_עין יעקב.gpx,226,2022-07-11_געתון_כברי_כפר ראש הנקרה.gpx,מוכל-ב,,,,,13.1,24.2,1
הכלה,446,2025-09-20_געתון_יחיעם_עין יעקב.gpx,363,2024-03-29_געתון_עין יעקב.gpx,מוכל-ב,,,,,28.6,383.4,0.94
הכלה,446,2025-09-20_געתון_יחיעם_עין יעקב.gpx,429,2025-03-02_געתון_עין יעקב_יחיעם.gpx,מוכל-ב,,,,,7,18.4,1
הכלה,446,2025-09-20_געתון_יחיעם_עין יעקב.gpx,562,Gaaton shomrat.gpx,מוכל-ב,,,,,33.7,318.7,0.925
הכלה,446,2025-09-20_געתון_יחיעם_עין יעקב.gpx,262,2022-11-09_געתון_יחיעם.gpx,מוכל-ב,,,,,10.5,21,1
הכלה,446,2025-09-20_געתון_יחיעם_עין יעקב.gpx,280,2022-12-23_געתון_כברי_לימן.gpx,מוכל-ב,,,,,11.2,25.3,1
הכלה,446,2025-09-20_געתון_יחיעם_עין יעקב.gpx,484,2026-03-06_עין יעקב_געתון_כברי.gpx,מוכל-ב,,,,,20.7,47.6,1
הכלה,446,2025-09-20_געתון_יחיעם_עין יעקב.gpx,255,2022-10-23_געתון_יחיעם.gpx,מוכל-ב,,,,,7.2,17.9,1
חשוד,444,2025-09-14_יחיעם_עין יעקב.gpx,591,געתון גבעת העץ יחיעם געתון.gpx,חשוד - לבדיקה ידנית,TRUE,1.5,5.5,107.7,12.1,24,1
זהה,443,2025-09-10_געתון_יחיעם_כברי.gpx,455,2025-10-11_געתון_יחיעם_כברי.gpx,זהה,FALSE,0.8,4.8,1.8,9.4,20.6,1
זהה,443,2025-09-10_געתון_יחיעם_כברי.gpx,446,2025-09-20_געתון_יחיעם_עין יעקב.gpx,זהה,TRUE,0.6,3.1,4.9,8.8,21.4,1
הכלה,443,2025-09-10_געתון_יחיעם_כברי.gpx,206,2022-06-04_געתון_כברי_נהרייה.gpx,מוכל-ב,,,,,10.1,17.6,1
הכלה,443,2025-09-10_געתון_יחיעם_כברי.gpx,626,יער הדובים השיירה סינגל בני.gpx,מוכל-ב,,,,,15.8,99.2,1
הכלה,443,2025-09-10_געתון_יחיעם_כברי.gpx,439,2025-08-28_געתון_כברי_לימן.gpx,מוכל-ב,,,,,13.3,24.9,1
הכלה,443,2025-09-10_געתון_יחיעם_כברי.gpx,257,2022-10-26_געתון_יחיעם.gpx,מוכל-ב,,,,,8.6,18.3,1
הכלה,443,2025-09-10_געתון_יחיעם_כברי.gpx,256,2022-10-24_געתון_יחיעם.gpx,מוכל-ב,,,,,9.6,20.8,1
הכלה,443,2025-09-10_געתון_יחיעם_כברי.gpx,226,2022-07-11_געתון_כברי_כפר ראש הנקרה.gpx,מוכל-ב,,,,,10.3,23.8,1
הכלה,443,2025-09-10_געתון_יחיעם_כברי.gpx,447,2025-09-22_שבי ציון_כברי_נהרייה.gpx,מוכל-ב,,,,,12.6,25,1
הכלה,443,2025-09-10_געתון_יחיעם_כברי.gpx,429,2025-03-02_געתון_עין יעקב_יחיעם.gpx,מוכל-ב,,,,,10.3,25,1
הכלה,443,2025-09-10_געתון_יחיעם_כברי.gpx,363,2024-03-29_געתון_עין יעקב.gpx,מוכל-ב,,,,,28.9,392.9,0.939
הכלה,443,2025-09-10_געתון_יחיעם_כברי.gpx,262,2022-11-09_געתון_יחיעם.gpx,מוכל-ב,,,,,10.2,20.4,1
הכלה,443,2025-09-10_געתון_יחיעם_כברי.gpx,528,2026-06-24 געתון_נהריה_ראש-הנקרה_נהריה_געתון.gpx,מוכל-ב,,,,,9.4,19.7,1
הכלה,443,2025-09-10_געתון_יחיעם_כברי.gpx,280,2022-12-23_געתון_כברי_לימן.gpx,מוכל-ב,,,,,13.4,25.6,1
הכלה,443,2025-09-10_געתון_יחיעם_כברי.gpx,255,2022-10-23_געתון_יחיעם.gpx,מוכל-ב,,,,,9.8,17.2,1
הכלה,443,2025-09-10_געתון_יחיעם_כברי.gpx,227,2022-07-15_געתון_כברי_לימן.gpx,מוכל-ב,,,,,11.7,24.9,1
הכלה,443,2025-09-10_געתון_יחיעם_כברי.gpx,520,2026-06-06_געתון_בוסתן הגליל_נתיב השיירה.gpx,מוכל-ב,,,,,11.7,24.5,1
הכלה,443,2025-09-10_געתון_יחיעם_כברי.gpx,488,2026-03-18_געתון_כברי_גשר הזיו.gpx,מוכל-ב,,,,,10.6,22,1
הכלה,443,2025-09-10_געתון_יחיעם_כברי.gpx,356,2024-02-25_געתון_עין יעקב.gpx,מוכל-ב,,,,,27,387.1,0.955
הכלה,443,2025-09-10_געתון_יחיעם_כברי.gpx,239,2022-08-14_געתון_כברי_לימן.gpx,מוכל-ב,,,,,10.9,21.7,1
הכלה,443,2025-09-10_געתון_יחיעם_כברי.gpx,277,2022-12-16_געתון_יחיעם_עין יעקב.gpx,מוכל-ב,,,,,11,22.5,1
הכלה,443,2025-09-10_געתון_יחיעם_כברי.gpx,558,2026-08-14_געתון_כברי_מצובה.gpx,מוכל-ב,,,,,10.2,24.4,1
הכלה,443,2025-09-10_געתון_יחיעם_כברי.gpx,211,2022-06-15_געתון_כברי_לימן.gpx,מוכל-ב,,,,,11.6,24.9,1
הכלה,443,2025-09-10_געתון_יחיעם_כברי.gpx,519,2026-06-06 געתון_רגבה_עכו.gpx,מוכל-ב,,,,,13.6,26,1
הכלה,443,2025-09-10_געתון_יחיעם_כברי.gpx,265,2022-11-18_געתון_יחיעם_עין יעקב.gpx,מוכל-ב,,,,,10.7,21.4,1
הכלה,443,2025-09-10_געתון_יחיעם_כברי.gpx,540,2026-07-14_שבי ציון_געתון_נהרייה.gpx,מוכל-ב,,,,,12.1,24.7,1
הכלה,443,2025-09-10_געתון_יחיעם_כברי.gpx,483,2026-03-05_געתון_כברי.gpx,מוכל-ב,,,,,13,25.5,1
הכלה,443,2025-09-10_געתון_יחיעם_כברי.gpx,46,2013-08-20_געתון_כברי_שייח' דנון.gpx,מוכל-ב,,,,,33.8,363.3,0.939
הכלה,443,2025-09-10_געתון_יחיעם_כברי.gpx,562,Gaaton shomrat.gpx,מוכל-ב,,,,,29.2,314.9,0.939
הכלה,443,2025-09-10_געתון_יחיעם_כברי.gpx,70,2013-09-28_עין יעקב_מזרעה_שבי ציון.gpx,מוכל-ב,,,,,16.3,140,0.985
הכלה,443,2025-09-10_געתון_יחיעם_כברי.gpx,484,2026-03-06_עין יעקב_געתון_כברי.gpx,מוכל-ב,,,,,18.8,44.6,1
הכלה,443,2025-09-10_געתון_יחיעם_כברי.gpx,241,2022-08-19_געתון_כברי_לימן.gpx,מוכל-ב,,,,,10.3,18.7,1
זהה,442,2025-09-08_געתון_יחיעם_כברי.gpx,443,2025-09-10_געתון_יחיעם_כברי.gpx,זהה,FALSE,1.3,3.5,3.1,7.6,14.2,1
זהה,442,2025-09-08_געתון_יחיעם_כברי.gpx,455,2025-10-11_געתון_יחיעם_כברי.gpx,זהה,FALSE,0.5,5.5,1.7,8.4,19.7,1
זהה,442,2025-09-08_געתון_יחיעם_כברי.gpx,446,2025-09-20_געתון_יחיעם_עין יעקב.gpx,זהה,FALSE,0.7,4.3,1.6,6.2,14.5,1
הכלה,442,2025-09-08_געתון_יחיעם_כברי.gpx,206,2022-06-04_געתון_כברי_נהרייה.gpx,מוכל-ב,,,,,9.5,23.9,1
הכלה,442,2025-09-08_געתון_יחיעם_כברי.gpx,439,2025-08-28_געתון_כברי_לימן.gpx,מוכל-ב,,,,,14,24.3,1
הכלה,442,2025-09-08_געתון_יחיעם_כברי.gpx,626,יער הדובים השיירה סינגל בני.gpx,מוכל-ב,,,,,17.7,112.8,1
הכלה,442,2025-09-08_געתון_יחיעם_כברי.gpx,257,2022-10-26_געתון_יחיעם.gpx,מוכל-ב,,,,,9.9,20.8,1
הכלה,442,2025-09-08_געתון_יחיעם_כברי.gpx,256,2022-10-24_געתון_יחיעם.gpx,מוכל-ב,,,,,11,25,1
הכלה,442,2025-09-08_געתון_יחיעם_כברי.gpx,226,2022-07-11_געתון_כברי_כפר ראש הנקרה.gpx,מוכל-ב,,,,,10.8,23.2,1
הכלה,442,2025-09-08_געתון_יחיעם_כברי.gpx,429,2025-03-02_געתון_עין יעקב_יחיעם.gpx,מוכל-ב,,,,,6.3,19.8,1
הכלה,442,2025-09-08_געתון_יחיעם_כברי.gpx,447,2025-09-22_שבי ציון_כברי_נהרייה.gpx,מוכל-ב,,,,,13.6,25.5,1
הכלה,442,2025-09-08_געתון_יחיעם_כברי.gpx,363,2024-03-29_געתון_עין יעקב.gpx,מוכל-ב,,,,,29.9,399,0.955
הכלה,442,2025-09-08_געתון_יחיעם_כברי.gpx,280,2022-12-23_געתון_כברי_לימן.gpx,מוכל-ב,,,,,9.9,23.6,1
הכלה,442,2025-09-08_געתון_יחיעם_כברי.gpx,255,2022-10-23_געתון_יחיעם.gpx,מוכל-ב,,,,,7,14.2,1
הכלה,442,2025-09-08_געתון_יחיעם_כברי.gpx,262,2022-11-09_געתון_יחיעם.gpx,מוכל-ב,,,,,12.3,22.3,1
הכלה,442,2025-09-08_געתון_יחיעם_כברי.gpx,528,2026-06-24 געתון_נהריה_ראש-הנקרה_נהריה_געתון.gpx,מוכל-ב,,,,,13.4,24,1
הכלה,442,2025-09-08_געתון_יחיעם_כברי.gpx,227,2022-07-15_געתון_כברי_לימן.gpx,מוכל-ב,,,,,12.3,24.5,1
הכלה,442,2025-09-08_געתון_יחיעם_כברי.gpx,356,2024-02-25_געתון_עין יעקב.gpx,מוכל-ב,,,,,25.6,393.2,0.955
הכלה,442,2025-09-08_געתון_יחיעם_כברי.gpx,520,2026-06-06_געתון_בוסתן הגליל_נתיב השיירה.gpx,מוכל-ב,,,,,11.4,24.4,1
הכלה,442,2025-09-08_געתון_יחיעם_כברי.gpx,239,2022-08-14_געתון_כברי_לימן.gpx,מוכל-ב,,,,,10.7,23.5,1
הכלה,442,2025-09-08_געתון_יחיעם_כברי.gpx,488,2026-03-18_געתון_כברי_גשר הזיו.gpx,מוכל-ב,,,,,9.9,23.4,1
הכלה,442,2025-09-08_געתון_יחיעם_כברי.gpx,277,2022-12-16_געתון_יחיעם_עין יעקב.gpx,מוכל-ב,,,,,11,25,1
הכלה,442,2025-09-08_געתון_יחיעם_כברי.gpx,211,2022-06-15_געתון_כברי_לימן.gpx,מוכל-ב,,,,,10.6,24,1
הכלה,442,2025-09-08_געתון_יחיעם_כברי.gpx,265,2022-11-18_געתון_יחיעם_עין יעקב.gpx,מוכל-ב,,,,,10,24.2,1
הכלה,442,2025-09-08_געתון_יחיעם_כברי.gpx,558,2026-08-14_געתון_כברי_מצובה.gpx,מוכל-ב,,,,,9.8,25.3,1
הכלה,442,2025-09-08_געתון_יחיעם_כברי.gpx,46,2013-08-20_געתון_כברי_שייח' דנון.gpx,מוכל-ב,,,,,35,363.7,0.925
הכלה,442,2025-09-08_געתון_יחיעם_כברי.gpx,519,2026-06-06 געתון_רגבה_עכו.gpx,מוכל-ב,,,,,12.1,25.2,1
הכלה,442,2025-09-08_געתון_יחיעם_כברי.gpx,540,2026-07-14_שבי ציון_געתון_נהרייה.gpx,מוכל-ב,,,,,11.6,24.5,1
הכלה,442,2025-09-08_געתון_יחיעם_כברי.gpx,483,2026-03-05_געתון_כברי.gpx,מוכל-ב,,,,,12.7,25.5,1
הכלה,442,2025-09-08_געתון_יחיעם_כברי.gpx,562,Gaaton shomrat.gpx,מוכל-ב,,,,,31.5,315.2,0.94
הכלה,442,2025-09-08_געתון_יחיעם_כברי.gpx,70,2013-09-28_עין יעקב_מזרעה_שבי ציון.gpx,מוכל-ב,,,,,16.5,158,0.97
הכלה,442,2025-09-08_געתון_יחיעם_כברי.gpx,241,2022-08-19_געתון_כברי_לימן.gpx,מוכל-ב,,,,,13,23.8,1
הכלה,442,2025-09-08_געתון_יחיעם_כברי.gpx,484,2026-03-06_עין יעקב_געתון_כברי.gpx,מוכל-ב,,,,,18.1,44.7,1
חשוד,433,2025-05-03_חרבת חממה שביל הפסגה חניון הפיתול.gpx,472,2026-01-31_ברעם_מירון.gpx,חשוד - לבדיקה ידנית,FALSE,4.1,27.5,6.7,28.8,308.5,0.934
הכלה,429,2025-03-02_געתון_עין יעקב_יחיעם.gpx,277,2022-12-16_געתון_יחיעם_עין יעקב.gpx,מוכל-ב,,,,,43,431,0.92
הכלה,429,2025-03-02_געתון_עין יעקב_יחיעם.gpx,70,2013-09-28_עין יעקב_מזרעה_שבי ציון.gpx,מוכל-ב,,,,,47.9,398,0.907
הכלה,429,2025-03-02_געתון_עין יעקב_יחיעם.gpx,256,2022-10-24_געתון_יחיעם.gpx,מוכל-ב,,,,,40.9,430.6,0.92
הכלה,429,2025-03-02_געתון_עין יעקב_יחיעם.gpx,257,2022-10-26_געתון_יחיעם.gpx,מוכל-ב,,,,,40.5,426.1,0.92
הכלה,429,2025-03-02_געתון_עין יעקב_יחיעם.gpx,255,2022-10-23_געתון_יחיעם.gpx,מוכל-ב,,,,,40.1,431.8,0.92
הכלה,429,2025-03-02_געתון_עין יעקב_יחיעם.gpx,262,2022-11-09_געתון_יחיעם.gpx,מוכל-ב,,,,,41,430,0.92
הכלה,427,2025-02-13_נווה זוהר_ערד.gpx,298,2023-03-23_נווה זוהר_ערד.gpx,מוכל-ב,,,,,50.8,239.4,0.992
הכלה,425,2025-02-11_נווה זוהר_ערד.gpx,426,2025-02-12_נווה זוהר_ערד.gpx,מוכל-ב,,,,,31.7,358.6,0.93
הכלה,425,2025-02-11_נווה זוהר_ערד.gpx,427,2025-02-13_נווה זוהר_ערד.gpx,מוכל-ב,,,,,13.6,99.3,1
הכלה,425,2025-02-11_נווה זוהר_ערד.gpx,274,2022-12-08_נווה זוהר_ערד.gpx,מוכל-ב,,,,,55.2,150.2,0.958
הכלה,425,2025-02-11_נווה זוהר_ערד.gpx,219,2022-06-29_נווה זוהר_ערד.gpx,מוכל-ב,,,,,49.1,148.4,0.958
הכלה,425,2025-02-11_נווה זוהר_ערד.gpx,298,2023-03-23_נווה זוהר_ערד.gpx,מוכל-ב,,,,,38.8,142.1,0.986
הכלה,425,2025-02-11_נווה זוהר_ערד.gpx,458,2025-10-20_נווה זוהר_ערד.gpx,מוכל-ב,,,,,28.7,127.5,1
הכלה,425,2025-02-11_נווה זוהר_ערד.gpx,296,2023-03-21_נווה זוהר_ערד.gpx,מוכל-ב,,,,,37.9,142.7,0.986
הכלה,425,2025-02-11_נווה זוהר_ערד.gpx,218,2022-06-28_נווה זוהר_ערד.gpx,מוכל-ב,,,,,51.4,148.4,0.958
הכלה,425,2025-02-11_נווה זוהר_ערד.gpx,297,2023-03-22_נווה זוהר_ערד.gpx,מוכל-ב,,,,,38,142.7,0.986
הכלה,425,2025-02-11_נווה זוהר_ערד.gpx,148,2022-01-18_נווה זוהר_ערד.gpx,מוכל-ב,,,,,59.9,156.6,0.93
חשוד,424,2025-02-10_נווה זוהר_ערד.gpx,426,2025-02-12_נווה זוהר_ערד.gpx,חשוד - לבדיקה ידנית,TRUE,4.4,1.3,14.8,254.7,1653.9,0.64
הכלה,424,2025-02-10_נווה זוהר_ערד.gpx,375,2024-05-22_נווה זוהר_ערד.gpx,מוכל-ב,,,,,45.9,497.2,0.922
הכלה,424,2025-02-10_נווה זוהר_ערד.gpx,148,2022-01-18_נווה זוהר_ערד.gpx,מוכל-ב,,,,,64.6,222.8,0.967
הכלה,424,2025-02-10_נווה זוהר_ערד.gpx,427,2025-02-13_נווה זוהר_ערד.gpx,מוכל-ב,,,,,29.6,222.5,0.978
הכלה,424,2025-02-10_נווה זוהר_ערד.gpx,274,2022-12-08_נווה זוהר_ערד.gpx,מוכל-ב,,,,,46.1,180.6,0.989
הכלה,424,2025-02-10_נווה זוהר_ערד.gpx,298,2023-03-23_נווה זוהר_ערד.gpx,מוכל-ב,,,,,30.8,181.5,0.989
הכלה,424,2025-02-10_נווה זוהר_ערד.gpx,374,2024-05-21_נווה זוהר_ערד.gpx,מוכל-ב,,,,,40.6,543.9,0.944
הכלה,424,2025-02-10_נווה זוהר_ערד.gpx,288,2023-01-26_נווה זוהר_ערד.gpx,מוכל-ב,,,,,35.2,393.1,0.944
הכלה,424,2025-02-10_נווה זוהר_ערד.gpx,297,2023-03-22_נווה זוהר_ערד.gpx,מוכל-ב,,,,,39.7,222.5,0.967
זהה,411,2024-12-25_כברי_כפר ראש הנקרה_לימן.gpx,465,2026-01-10_כברי_לימן_גשר הזיו.gpx,זהה,FALSE,2,5.6,7.7,35,298.3,0.993
חשוד,411,2024-12-25_כברי_כפר ראש הנקרה_לימן.gpx,471,2026-01-30_כברי_לימן_גשר הזיו.gpx,חשוד - לבדיקה ידנית,FALSE,2,4.8,4.8,166.7,1687,0.851
חשוד,411,2024-12-25_כברי_כפר ראש הנקרה_לימן.gpx,481,2026-02-27_כברי_גשר הזיו_לימן.gpx,חשוד - לבדיקה ידנית,TRUE,1.7,114.2,114.8,204.9,1678.1,0.776
זהה,410,2024-12-20_כברי_כפר ראש הנקרה_לימן.gpx,411,2024-12-25_כברי_כפר ראש הנקרה_לימן.gpx,זהה,FALSE,1.9,3,2.6,28.7,363.5,0.985
חשוד,410,2024-12-20_כברי_כפר ראש הנקרה_לימן.gpx,471,2026-01-30_כברי_לימן_גשר הזיו.gpx,חשוד - לבדיקה ידנית,FALSE,0.1,3.5,5.1,193,1689,0.813
חשוד,410,2024-12-20_כברי_כפר ראש הנקרה_לימן.gpx,465,2026-01-10_כברי_לימן_גשר הזיו.gpx,חשוד - לבדיקה ידנית,FALSE,3.8,8.6,10.2,50,359.6,0.978
חשוד,410,2024-12-20_כברי_כפר ראש הנקרה_לימן.gpx,481,2026-02-27_כברי_גשר הזיו_לימן.gpx,חשוד - לבדיקה ידנית,TRUE,0.2,116.3,117,177.4,1385.1,0.799
זהה,409,2024-12-17_כברי_כפר ראש הנקרה_לימן.gpx,465,2026-01-10_כברי_לימן_גשר הזיו.gpx,זהה,FALSE,0.6,13.5,12.3,33.4,416.2,0.986
זהה,409,2024-12-17_כברי_כפר ראש הנקרה_לימן.gpx,411,2024-12-25_כברי_כפר ראש הנקרה_לימן.gpx,זהה,FALSE,2.6,12.6,11.7,7.6,18.8,1
חשוד,409,2024-12-17_כברי_כפר ראש הנקרה_לימן.gpx,471,2026-01-30_כברי_לימן_גשר הזיו.gpx,חשוד - לבדיקה ידנית,FALSE,4.5,16.6,16.5,168.2,1686.1,0.851
חשוד,409,2024-12-17_כברי_כפר ראש הנקרה_לימן.gpx,481,2026-02-27_כברי_גשר הזיו_לימן.gpx,חשוד - לבדיקה ידנית,FALSE,4.2,122.5,121.2,206.3,1677.8,0.776
חשוד,409,2024-12-17_כברי_כפר ראש הנקרה_לימן.gpx,410,2024-12-20_כברי_כפר ראש הנקרה_לימן.gpx,חשוד - לבדיקה ידנית,FALSE,4.4,13.2,12.1,30.1,362.1,0.985
חשוד,403,2024-10-07_געתון_עין יעקב_יחיעם.gpx,555,2026-08-13_יחיעם_געתון_עין יעקב.gpx,חשוד - לבדיקה ידנית,FALSE,2.9,253.1,75.7,135.5,448,0.723
הכלה,375,2024-05-22_נווה זוהר_ערד.gpx,298,2023-03-23_נווה זוהר_ערד.gpx,מוכל-ב,,,,,21.3,146.5,1
הכלה,375,2024-05-22_נווה זוהר_ערד.gpx,427,2025-02-13_נווה זוהר_ערד.gpx,מוכל-ב,,,,,21.2,86.1,1
זהה,374,2024-05-21_נווה זוהר_ערד.gpx,375,2024-05-22_נווה זוהר_ערד.gpx,זהה,FALSE,2.4,1.6,5.6,33.1,414.5,0.943
הכלה,374,2024-05-21_נווה זוהר_ערד.gpx,298,2023-03-23_נווה זוהר_ערד.gpx,מוכל-ב,,,,,16.9,146,1
הכלה,374,2024-05-21_נווה זוהר_ערד.gpx,427,2025-02-13_נווה זוהר_ערד.gpx,מוכל-ב,,,,,42.6,413.7,0.943
חשוד,373,2024-05-20_נווה זוהר_ערד.gpx,425,2025-02-11_נווה זוהר_ערד.gpx,חשוד - לבדיקה ידנית,FALSE,2.2,543,538.6,102.5,538.6,0.775
הכלה,373,2024-05-20_נווה זוהר_ערד.gpx,170,2022-03-08_נווה זוהר_ערד.gpx,מוכל-ב,,,,,57.8,229.7,0.904
הכלה,373,2024-05-20_נווה זוהר_ערד.gpx,274,2022-12-08_נווה זוהר_ערד.gpx,מוכל-ב,,,,,40.4,143.9,0.973
הכלה,373,2024-05-20_נווה זוהר_ערד.gpx,458,2025-10-20_נווה זוהר_ערד.gpx,מוכל-ב,,,,,28.2,122.4,1
הכלה,373,2024-05-20_נווה זוהר_ערד.gpx,219,2022-06-29_נווה זוהר_ערד.gpx,מוכל-ב,,,,,38.7,142,1
הכלה,373,2024-05-20_נווה זוהר_ערד.gpx,134,2021-12-14_נווה זוהר_ערד.gpx,מוכל-ב,,,,,49.5,141.9,1
הכלה,373,2024-05-20_נווה זוהר_ערד.gpx,298,2023-03-23_נווה זוהר_ערד.gpx,מוכל-ב,,,,,18.8,132.7,1
הכלה,373,2024-05-20_נווה זוהר_ערד.gpx,375,2024-05-22_נווה זוהר_ערד.gpx,מוכל-ב,,,,,41.5,357.8,0.904
הכלה,373,2024-05-20_נווה זוהר_ערד.gpx,296,2023-03-21_נווה זוהר_ערד.gpx,מוכל-ב,,,,,20,133.7,1
הכלה,373,2024-05-20_נווה זוהר_ערד.gpx,297,2023-03-22_נווה זוהר_ערד.gpx,מוכל-ב,,,,,20,133.1,1
הכלה,373,2024-05-20_נווה זוהר_ערד.gpx,427,2025-02-13_נווה זוהר_ערד.gpx,מוכל-ב,,,,,24.5,97.8,1
הכלה,373,2024-05-20_נווה זוהר_ערד.gpx,148,2022-01-18_נווה זוהר_ערד.gpx,מוכל-ב,,,,,50.6,145.8,0.973
הכלה,373,2024-05-20_נווה זוהר_ערד.gpx,374,2024-05-21_נווה זוהר_ערד.gpx,מוכל-ב,,,,,39,359.5,0.904
הכלה,373,2024-05-20_נווה זוהר_ערד.gpx,424,2025-02-10_נווה זוהר_ערד.gpx,מוכל-ב,,,,,48.6,357.6,0.904
הכלה,367,2024-04-06_געתון_מעיליא_מעונה.gpx,56,2013-09-07_געתון_מעונה_גשר הזיו.gpx,מוכל-ב,,,,,18.6,51.8,1
הכלה,367,2024-04-06_געתון_מעיליא_מעונה.gpx,43,2013-08-14_געתון_מעונה_עין יעקב.gpx,מוכל-ב,,,,,21.6,50.3,1
הכלה,367,2024-04-06_געתון_מעיליא_מעונה.gpx,24,2013-07-08_עין יעקב_מעונה_געתון.gpx,מוכל-ב,,,,,12.7,50.4,1
הכלה,367,2024-04-06_געתון_מעיליא_מעונה.gpx,25,2013-07-10_עין יעקב_מעונה_געתון.gpx,מוכל-ב,,,,,14.8,49,1
הכלה,367,2024-04-06_געתון_מעיליא_מעונה.gpx,260,2022-11-04_מעיליא_געתון_מעונה.gpx,מוכל-ב,,,,,21,313.5,0.955
הכלה,367,2024-04-06_געתון_מעיליא_מעונה.gpx,72,2013-10-02_געתון_עין יעקב_מעיליא.gpx,מוכל-ב,,,,,32.9,402,0.97
הכלה,367,2024-04-06_געתון_מעיליא_מעונה.gpx,35,2013-07-30_מעונה_עין יעקב_געתון.gpx,מוכל-ב,,,,,22.7,51.9,1
הכלה,367,2024-04-06_געתון_מעיליא_מעונה.gpx,67,2013-09-25_געתון_עין יעקב_מעיליא.gpx,מוכל-ב,,,,,26.7,397.1,0.97
הכלה,367,2024-04-06_געתון_מעיליא_מעונה.gpx,74,2013-10-06_מעונה_עין יעקב_געתון.gpx,מוכל-ב,,,,,15.5,49.6,1
חשוד,366,2024-04-03_נווה זוהר_ערד.gpx,425,2025-02-11_נווה זוהר_ערד.gpx,חשוד - לבדיקה ידנית,TRUE,3,699.2,700.5,199.5,969.7,0.594
הכלה,366,2024-04-03_נווה זוהר_ערד.gpx,134,2021-12-14_נווה זוהר_ערד.gpx,מוכל-ב,,,,,44.3,196.5,0.928
הכלה,366,2024-04-03_נווה זוהר_ערד.gpx,298,2023-03-23_נווה זוהר_ערד.gpx,מוכל-ב,,,,,32.6,201,0.913
הכלה,366,2024-04-03_נווה זוהר_ערד.gpx,136,2021-12-16_נווה זוהר_ערד.gpx,מוכל-ב,,,,,48.1,196,0.913
הכלה,366,2024-04-03_נווה זוהר_ערד.gpx,296,2023-03-21_נווה זוהר_ערד.gpx,מוכל-ב,,,,,33.9,202,0.913
הכלה,366,2024-04-03_נווה זוהר_ערד.gpx,290,2023-01-28_נווה זוהר_ערד.gpx,מוכל-ב,,,,,41.2,202.9,0.913
הכלה,366,2024-04-03_נווה זוהר_ערד.gpx,295,2023-03-20_נווה זוהר_ערד.gpx,מוכל-ב,,,,,34.8,202.2,0.913
הכלה,366,2024-04-03_נווה זוהר_ערד.gpx,458,2025-10-20_נווה זוהר_ערד.gpx,מוכל-ב,,,,,38.3,196.8,0.913
הכלה,366,2024-04-03_נווה זוהר_ערד.gpx,297,2023-03-22_נווה זוהר_ערד.gpx,מוכל-ב,,,,,34.6,204.8,0.913
הכלה,366,2024-04-03_נווה זוהר_ערד.gpx,148,2022-01-18_נווה זוהר_ערד.gpx,מוכל-ב,,,,,46.6,197.7,0.913
הכלה,365,2024-04-02_נווה זוהר_ערד.gpx,273,2022-12-07_נווה זוהר_ערד.gpx,מוכל-ב,,,,,30.5,151.2,0.927
הכלה,365,2024-04-02_נווה זוהר_ערד.gpx,373,2024-05-20_נווה זוהר_ערד.gpx,מוכל-ב,,,,,19,116.9,0.964
הכלה,365,2024-04-02_נווה זוהר_ערד.gpx,297,2023-03-22_נווה זוהר_ערד.gpx,מוכל-ב,,,,,17.8,101,1
הכלה,365,2024-04-02_נווה זוהר_ערד.gpx,425,2025-02-11_נווה זוהר_ערד.gpx,מוכל-ב,,,,,22,120.2,0.982
הכלה,365,2024-04-02_נווה זוהר_ערד.gpx,427,2025-02-13_נווה זוהר_ערד.gpx,מוכל-ב,,,,,27,122.9,0.982
הכלה,365,2024-04-02_נווה זוהר_ערד.gpx,374,2024-05-21_נווה זוהר_ערד.gpx,מוכל-ב,,,,,15,122.8,0.982
הכלה,365,2024-04-02_נווה זוהר_ערד.gpx,424,2025-02-10_נווה זוהר_ערד.gpx,מוכל-ב,,,,,18.6,120.8,0.945
הכלה,365,2024-04-02_נווה זוהר_ערד.gpx,287,2023-01-25_נווה זוהר_ערד.gpx,מוכל-ב,,,,,17.9,66.1,1
הכלה,365,2024-04-02_נווה זוהר_ערד.gpx,298,2023-03-23_נווה זוהר_ערד.gpx,מוכל-ב,,,,,23.7,98.6,1
הכלה,365,2024-04-02_נווה זוהר_ערד.gpx,458,2025-10-20_נווה זוהר_ערד.gpx,מוכל-ב,,,,,24.4,122.4,0.945
הכלה,365,2024-04-02_נווה זוהר_ערד.gpx,296,2023-03-21_נווה זוהר_ערד.gpx,מוכל-ב,,,,,20.4,99.1,1
הכלה,365,2024-04-02_נווה זוהר_ערד.gpx,375,2024-05-22_נווה זוהר_ערד.gpx,מוכל-ב,,,,,21.1,124.3,0.964
הכלה,365,2024-04-02_נווה זוהר_ערד.gpx,289,2023-01-27_נווה זוהר_ערד.gpx,מוכל-ב,,,,,18.9,117.7,0.945
הכלה,365,2024-04-02_נווה זוהר_ערד.gpx,295,2023-03-20_נווה זוהר_ערד.gpx,מוכל-ב,,,,,21.3,125.7,0.982
הכלה,365,2024-04-02_נווה זוהר_ערד.gpx,366,2024-04-03_נווה זוהר_ערד.gpx,מוכל-ב,,,,,11.2,46.9,1
הכלה,365,2024-04-02_נווה זוהר_ערד.gpx,290,2023-01-28_נווה זוהר_ערד.gpx,מוכל-ב,,,,,18.8,122.3,0.945
הכלה,365,2024-04-02_נווה זוהר_ערד.gpx,288,2023-01-26_נווה זוהר_ערד.gpx,מוכל-ב,,,,,14.4,120.1,0.945
חשוד,363,2024-03-29_געתון_עין יעקב.gpx,429,2025-03-02_געתון_עין יעקב_יחיעם.gpx,חשוד - לבדיקה ידנית,TRUE,2.4,50,6.2,44.4,389.3,0.88
הכלה,363,2024-03-29_געתון_עין יעקב.gpx,241,2022-08-19_געתון_כברי_לימן.gpx,מוכל-ב,,,,,36.3,405.6,0.935
הכלה,363,2024-03-29_געתון_עין יעקב.gpx,206,2022-06-04_געתון_כברי_נהרייה.gpx,מוכל-ב,,,,,33.3,400.1,0.935
הכלה,363,2024-03-29_געתון_עין יעקב.gpx,226,2022-07-11_געתון_כברי_כפר ראש הנקרה.gpx,מוכל-ב,,,,,35,408.6,0.935
הכלה,363,2024-03-29_געתון_עין יעקב.gpx,626,יער הדובים השיירה סינגל בני.gpx,מוכל-ב,,,,,36.1,233,0.974
הכלה,363,2024-03-29_געתון_עין יעקב.gpx,227,2022-07-15_געתון_כברי_לימן.gpx,מוכל-ב,,,,,37.5,401.2,0.935
הכלה,363,2024-03-29_געתון_עין יעקב.gpx,239,2022-08-14_געתון_כברי_לימן.gpx,מוכל-ב,,,,,31.9,402.3,0.935
הכלה,363,2024-03-29_געתון_עין יעקב.gpx,277,2022-12-16_געתון_יחיעם_עין יעקב.gpx,מוכל-ב,,,,,34.4,336.2,0.935
הכלה,363,2024-03-29_געתון_עין יעקב.gpx,265,2022-11-18_געתון_יחיעם_עין יעקב.gpx,מוכל-ב,,,,,34.1,396.9,0.935
הכלה,363,2024-03-29_געתון_עין יעקב.gpx,70,2013-09-28_עין יעקב_מזרעה_שבי ציון.gpx,מוכל-ב,,,,,46,234.9,0.909
הכלה,363,2024-03-29_געתון_עין יעקב.gpx,483,2026-03-05_געתון_כברי.gpx,מוכל-ב,,,,,35.9,407.2,0.922
הכלה,363,2024-03-29_געתון_עין יעקב.gpx,484,2026-03-06_עין יעקב_געתון_כברי.gpx,מוכל-ב,,,,,42.5,247.9,0.935
חשוד,360,2024-03-09_געתון_עין יעקב.gpx,446,2025-09-20_געתון_יחיעם_עין יעקב.gpx,חשוד - לבדיקה ידנית,FALSE,3.6,29,7.4,294.1,1767.7,0.701
חשוד,360,2024-03-09_געתון_עין יעקב.gpx,442,2025-09-08_געתון_יחיעם_כברי.gpx,חשוד - לבדיקה ידנית,FALSE,2.9,33.1,8.2,298.6,1789.4,0.687
חשוד,360,2024-03-09_געתון_עין יעקב.gpx,443,2025-09-10_געתון_יחיעם_כברי.gpx,חשוד - לבדיקה ידנית,FALSE,4.1,32.9,7.6,300.5,1781.2,0.682
חשוד,360,2024-03-09_געתון_עין יעקב.gpx,455,2025-10-11_געתון_יחיעם_כברי.gpx,חשוד - לבדיקה ידנית,FALSE,3.3,28.2,8.6,297.4,1742.8,0.701
הכלה,360,2024-03-09_געתון_עין יעקב.gpx,363,2024-03-29_געתון_עין יעקב.gpx,מוכל-ב,,,,,34.1,311.8,0.942
זהה,356,2024-02-25_געתון_עין יעקב.gpx,363,2024-03-29_געתון_עין יעקב.gpx,זהה,FALSE,1,31.2,12.2,12.3,37.4,1
חשוד,356,2024-02-25_געתון_עין יעקב.gpx,429,2025-03-02_געתון_עין יעקב_יחיעם.gpx,חשוד - לבדיקה ידנית,TRUE,1.4,22.7,17.6,46.6,383.4,0.88
הכלה,356,2024-02-25_געתון_עין יעקב.gpx,483,2026-03-05_געתון_כברי.gpx,מוכל-ב,,,,,35.4,401.2,0.921
הכלה,356,2024-02-25_געתון_עין יעקב.gpx,239,2022-08-14_געתון_כברי_לימן.gpx,מוכל-ב,,,,,34.3,395.5,0.921
הכלה,356,2024-02-25_געתון_עין יעקב.gpx,227,2022-07-15_געתון_כברי_לימן.gpx,מוכל-ב,,,,,38.5,394.6,0.921
הכלה,356,2024-02-25_געתון_עין יעקב.gpx,265,2022-11-18_געתון_יחיעם_עין יעקב.gpx,מוכל-ב,,,,,34.5,390.4,0.921
הכלה,356,2024-02-25_געתון_עין יעקב.gpx,277,2022-12-16_געתון_יחיעם_עין יעקב.gpx,מוכל-ב,,,,,31,333.1,0.934
הכלה,356,2024-02-25_געתון_עין יעקב.gpx,484,2026-03-06_עין יעקב_געתון_כברי.gpx,מוכל-ב,,,,,43.3,231.4,0.921
הכלה,356,2024-02-25_געתון_עין יעקב.gpx,626,יער הדובים השיירה סינגל בני.gpx,מוכל-ב,,,,,38.8,218.4,0.934
הכלה,356,2024-02-25_געתון_עין יעקב.gpx,70,2013-09-28_עין יעקב_מזרעה_שבי ציון.gpx,מוכל-ב,,,,,38,214,0.921
הכלה,356,2024-02-25_געתון_עין יעקב.gpx,241,2022-08-19_געתון_כברי_לימן.gpx,מוכל-ב,,,,,36.7,399.4,0.934
הכלה,356,2024-02-25_געתון_עין יעקב.gpx,206,2022-06-04_געתון_כברי_נהרייה.gpx,מוכל-ב,,,,,31.7,393.6,0.921
הכלה,356,2024-02-25_געתון_עין יעקב.gpx,226,2022-07-11_געתון_כברי_כפר ראש הנקרה.gpx,מוכל-ב,,,,,34,401.4,0.921
חשוד,355,2024-02-23_געתון_עין יעקב.gpx,442,2025-09-08_געתון_יחיעם_כברי.gpx,חשוד - לבדיקה ידנית,TRUE,2.8,4.1,4.2,66.3,403.3,0.769
חשוד,355,2024-02-23_געתון_עין יעקב.gpx,443,2025-09-10_געתון_יחיעם_כברי.gpx,חשוד - לבדיקה ידנית,FALSE,1.5,3.7,3.2,66.6,410.8,0.769
חשוד,355,2024-02-23_געתון_עין יעקב.gpx,455,2025-10-11_געתון_יחיעם_כברי.gpx,חשוד - לבדיקה ידנית,TRUE,2.3,3.6,7.5,68.5,401.1,0.754
חשוד,355,2024-02-23_געתון_עין יעקב.gpx,446,2025-09-20_געתון_יחיעם_עין יעקב.gpx,חשוד - לבדיקה ידנית,TRUE,2.1,4.7,8,67.5,399.9,0.769
הכלה,355,2024-02-23_געתון_עין יעקב.gpx,363,2024-03-29_געתון_עין יעקב.gpx,מוכל-ב,,,,,31.9,339.4,0.938
הכלה,355,2024-02-23_געתון_עין יעקב.gpx,356,2024-02-25_געתון_עין יעקב.gpx,מוכל-ב,,,,,25.8,336.7,0.938
הכלה,352,2024-02-09_בית זיד_שער העמקים.gpx,351,2024-02-06_בית זיד_שער העמקים_1.gpx,מוכל-ב,,,,,9.4,20.6,1
הכלה,352,2024-02-09_בית זיד_שער העמקים.gpx,82,2016_0909_GvaotTivonNachalKisson.gpx,מוכל-ב,,,,,20.6,41,1
הכלה,351,2024-02-06_בית זיד_שער העמקים_1.gpx,82,2016_0909_GvaotTivonNachalKisson.gpx,מוכל-ב,,,,,17.8,35.7,1
חשוד,348,2024-01-03_געתון_יחיעם_עין יעקב_1.gpx,446,2025-09-20_געתון_יחיעם_עין יעקב.gpx,חשוד - לבדיקה ידנית,FALSE,1.5,61.3,31.6,300.8,1786.6,0.687
חשוד,348,2024-01-03_געתון_יחיעם_עין יעקב_1.gpx,442,2025-09-08_געתון_יחיעם_כברי.gpx,חשוד - לבדיקה ידנית,FALSE,0.8,65.7,33.2,305.4,1807.5,0.687
חשוד,348,2024-01-03_געתון_יחיעם_עין יעקב_1.gpx,443,2025-09-10_געתון_יחיעם_כברי.gpx,חשוד - לבדיקה ידנית,TRUE,2.1,66.1,30.6,307.4,1799.6,0.682
חשוד,348,2024-01-03_געתון_יחיעם_עין יעקב_1.gpx,360,2024-03-09_געתון_עין יעקב.gpx,חשוד - לבדיקה ידנית,FALSE,2.1,36.5,29.2,144.4,832.2,0.779
חשוד,348,2024-01-03_געתון_יחיעם_עין יעקב_1.gpx,355,2024-02-23_געתון_עין יעקב.gpx,חשוד - לבדיקה ידנית,TRUE,3.6,69.1,34.2,45.4,332.6,0.908
חשוד,348,2024-01-03_געתון_יחיעם_עין יעקב_1.gpx,455,2025-10-11_געתון_יחיעם_כברי.gpx,חשוד - לבדיקה ידנית,FALSE,1.3,61.8,31.9,301,1761.8,0.672
הכלה,348,2024-01-03_געתון_יחיעם_עין יעקב_1.gpx,257,2022-10-26_געתון_יחיעם.gpx,מוכל-ב,,,,,37.9,335.3,0.912
הכלה,348,2024-01-03_געתון_יחיעם_עין יעקב_1.gpx,185,2022-04-21_געתון_יחיעם.gpx,מוכל-ב,,,,,38.1,333.8,0.912
הכלה,348,2024-01-03_געתון_יחיעם_עין יעקב_1.gpx,256,2022-10-24_געתון_יחיעם.gpx,מוכל-ב,,,,,39.3,327.4,0.912
הכלה,348,2024-01-03_געתון_יחיעם_עין יעקב_1.gpx,160,2022-02-19_געתון_יחיעם.gpx,מוכל-ב,,,,,37,327.1,0.912
הכלה,348,2024-01-03_געתון_יחיעם_עין יעקב_1.gpx,161,2022-02-22_געתון_יחיעם.gpx,מוכל-ב,,,,,37.6,325.4,0.926
הכלה,348,2024-01-03_געתון_יחיעם_עין יעקב_1.gpx,243,2022-08-21_געתון_יחיעם.gpx,מוכל-ב,,,,,43.3,404.6,0.912
חשוד,347,2024-01-03_געתון_יחיעם_עין יעקב.gpx,446,2025-09-20_געתון_יחיעם_עין יעקב.gpx,חשוד - לבדיקה ידנית,FALSE,3.8,11,12.4,160.8,804.2,0.688
חשוד,347,2024-01-03_געתון_יחיעם_עין יעקב.gpx,442,2025-09-08_געתון_יחיעם_כברי.gpx,חשוד - לבדיקה ידנית,TRUE,4.5,11.1,12.5,159.8,802.7,0.703
חשוד,347,2024-01-03_געתון_יחיעם_עין יעקב.gpx,443,2025-09-10_געתון_יחיעם_כברי.gpx,חשוד - לבדיקה ידנית,TRUE,3.2,9.6,9.3,159.9,805.7,0.688
חשוד,347,2024-01-03_געתון_יחיעם_עין יעקב.gpx,355,2024-02-23_געתון_עין יעקב.gpx,חשוד - לבדיקה ידנית,TRUE,1.7,9.2,9.7,136,803.7,0.781
חשוד,347,2024-01-03_געתון_יחיעם_עין יעקב.gpx,455,2025-10-11_געתון_יחיעם_כברי.gpx,חשוד - לבדיקה ידנית,TRUE,4,9.6,9.3,161,804.3,0.703
הכלה,347,2024-01-03_געתון_יחיעם_עין יעקב.gpx,210,2022-06-12_געתון_יחיעם.gpx,מוכל-ב,,,,,41.2,331.3,0.906
הכלה,347,2024-01-03_געתון_יחיעם_עין יעקב.gpx,257,2022-10-26_געתון_יחיעם.gpx,מוכל-ב,,,,,39.7,329.5,0.906
הכלה,347,2024-01-03_געתון_יחיעם_עין יעקב.gpx,185,2022-04-21_געתון_יחיעם.gpx,מוכל-ב,,,,,40.5,332.5,0.906
הכלה,347,2024-01-03_געתון_יחיעם_עין יעקב.gpx,256,2022-10-24_געתון_יחיעם.gpx,מוכל-ב,,,,,40.3,323.4,0.906
הכלה,347,2024-01-03_געתון_יחיעם_עין יעקב.gpx,160,2022-02-19_געתון_יחיעם.gpx,מוכל-ב,,,,,40.4,324.2,0.906
הכלה,347,2024-01-03_געתון_יחיעם_עין יעקב.gpx,161,2022-02-22_געתון_יחיעם.gpx,מוכל-ב,,,,,40.1,323,0.906
זהה,346,2023-12-31_געתון_יחיעם_עין יעקב.gpx,347,2024-01-03_געתון_יחיעם_עין יעקב.gpx,זהה,TRUE,2.2,43.4,17.9,12.7,38.2,1
חשוד,346,2023-12-31_געתון_יחיעם_עין יעקב.gpx,355,2024-02-23_געתון_עין יעקב.gpx,חשוד - לבדיקה ידנית,FALSE,3.9,51.8,14.6,132.7,813.7,0.794
הכלה,346,2023-12-31_געתון_יחיעם_עין יעקב.gpx,185,2022-04-21_געתון_יחיעם.gpx,מוכל-ב,,,,,35.1,337.9,0.921
הכלה,346,2023-12-31_געתון_יחיעם_עין יעקב.gpx,256,2022-10-24_געתון_יחיעם.gpx,מוכל-ב,,,,,33.1,331.7,0.921
הכלה,346,2023-12-31_געתון_יחיעם_עין יעקב.gpx,257,2022-10-26_געתון_יחיעם.gpx,מוכל-ב,,,,,34.4,339.7,0.921
הכלה,346,2023-12-31_געתון_יחיעם_עין יעקב.gpx,160,2022-02-19_געתון_יחיעם.gpx,מוכל-ב,,,,,32.1,331.3,0.921
הכלה,346,2023-12-31_געתון_יחיעם_עין יעקב.gpx,161,2022-02-22_געתון_יחיעם.gpx,מוכל-ב,,,,,34.7,329,0.921
הכלה,346,2023-12-31_געתון_יחיעם_עין יעקב.gpx,243,2022-08-21_געתון_יחיעם.gpx,מוכל-ב,,,,,40.3,409.7,0.905
הכלה,346,2023-12-31_געתון_יחיעם_עין יעקב.gpx,210,2022-06-12_געתון_יחיעם.gpx,מוכל-ב,,,,,36,340.6,0.921
זהה,345,2023-12-30_געתון_יחיעם_עין יעקב.gpx,346,2023-12-31_געתון_יחיעם_עין יעקב.gpx,זהה,FALSE,0.3,49,15.8,9.9,37.1,1
זהה,345,2023-12-30_געתון_יחיעם_עין יעקב.gpx,347,2024-01-03_געתון_יחיעם_עין יעקב.gpx,זהה,FALSE,2.5,17.1,11.2,12.3,25.1,1
חשוד,345,2023-12-30_געתון_יחיעם_עין יעקב.gpx,355,2024-02-23_געתון_עין יעקב.gpx,חשוד - לבדיקה ידנית,TRUE,4.2,12.8,3.3,127.4,807,0.794
הכלה,345,2023-12-30_געתון_יחיעם_עין יעקב.gpx,160,2022-02-19_געתון_יחיעם.gpx,מוכל-ב,,,,,27.6,340.7,0.921
הכלה,345,2023-12-30_געתון_יחיעם_עין יעקב.gpx,161,2022-02-22_געתון_יחיעם.gpx,מוכל-ב,,,,,33.3,337.6,0.921
הכלה,345,2023-12-30_געתון_יחיעם_עין יעקב.gpx,243,2022-08-21_געתון_יחיעם.gpx,מוכל-ב,,,,,36.6,429.3,0.905
הכלה,345,2023-12-30_געתון_יחיעם_עין יעקב.gpx,210,2022-06-12_געתון_יחיעם.gpx,מוכל-ב,,,,,35.4,351.5,0.921
הכלה,345,2023-12-30_געתון_יחיעם_עין יעקב.gpx,257,2022-10-26_געתון_יחיעם.gpx,מוכל-ב,,,,,33.5,351.3,0.921
הכלה,345,2023-12-30_געתון_יחיעם_עין יעקב.gpx,185,2022-04-21_געתון_יחיעם.gpx,מוכל-ב,,,,,30.1,345.8,0.921
הכלה,345,2023-12-30_געתון_יחיעם_עין יעקב.gpx,256,2022-10-24_געתון_יחיעם.gpx,מוכל-ב,,,,,28.4,341.9,0.921
חשוד,344,2023-12-19_געתון_עין יעקב_יחיעם_1.gpx,345,2023-12-30_געתון_יחיעם_עין יעקב.gpx,חשוד - לבדיקה ידנית,FALSE,3.4,44.3,1.7,38.4,250.8,0.867
חשוד,344,2023-12-19_געתון_עין יעקב_יחיעם_1.gpx,346,2023-12-31_געתון_יחיעם_עין יעקב.gpx,חשוד - לבדיקה ידנית,FALSE,3.7,15.5,16.7,41.1,286.3,0.867
הכלה,344,2023-12-19_געתון_עין יעקב_יחיעם_1.gpx,429,2025-03-02_געתון_עין יעקב_יחיעם.gpx,מוכל-ב,,,,,30.3,298.2,0.933
חשוד,341,2023-11-20_געתון_עין יעקב.gpx,345,2023-12-30_געתון_יחיעם_עין יעקב.gpx,חשוד - לבדיקה ידנית,FALSE,2.1,348.5,3.8,36.9,264,0.869
חשוד,341,2023-11-20_געתון_עין יעקב.gpx,346,2023-12-31_געתון_יחיעם_עין יעקב.gpx,חשוד - לבדיקה ידנית,FALSE,2.4,345.5,15.9,34.9,275.8,0.885
חשוד,341,2023-11-20_געתון_עין יעקב.gpx,347,2024-01-03_געתון_יחיעם_עין יעקב.gpx,חשוד - לבדיקה ידנית,FALSE,4.6,362.9,7.4,36.1,260.8,0.902
חשוד,341,2023-11-20_געתון_עין יעקב.gpx,344,2023-12-19_געתון_עין יעקב_יחיעם_1.gpx,חשוד - לבדיקה ידנית,FALSE,1.3,331.6,2.6,16,154.4,0.983
הכלה,341,2023-11-20_געתון_עין יעקב.gpx,429,2025-03-02_געתון_עין יעקב_יחיעם.gpx,מוכל-ב,,,,,37.2,271.2,0.902
חשוד,340,2023-10-21_געתון_עין יעקב_1.gpx,476,2026-02-13_עין יעקב_געתון.gpx,חשוד - לבדיקה ידנית,FALSE,1.2,8.8,9.1,275.9,769.6,0.375
הכלה,340,2023-10-21_געתון_עין יעקב_1.gpx,551,2026-08-08_מנות_כברי_הילה.gpx,מוכל-ב,,,,,23.4,224,0.959
הכלה,340,2023-10-21_געתון_עין יעקב_1.gpx,25,2013-07-10_עין יעקב_מעונה_געתון.gpx,מוכל-ב,,,,,23.3,218.2,0.959
הכלה,340,2023-10-21_געתון_עין יעקב_1.gpx,429,2025-03-02_געתון_עין יעקב_יחיעם.gpx,מוכל-ב,,,,,24.7,259.2,0.939
הכלה,340,2023-10-21_געתון_עין יעקב_1.gpx,36,2013-08-01_מעונה_עין יעקב_געתון.gpx,מוכל-ב,,,,,15.2,45.6,1
הכלה,340,2023-10-21_געתון_עין יעקב_1.gpx,196,2022-05-19_געתון_מעונה_עין יעקב.gpx,מוכל-ב,,,,,26.6,244.8,0.939
הכלה,340,2023-10-21_געתון_עין יעקב_1.gpx,72,2013-10-02_געתון_עין יעקב_מעיליא.gpx,מוכל-ב,,,,,24.1,223.7,0.959
הכלה,340,2023-10-21_געתון_עין יעקב_1.gpx,356,2024-02-25_געתון_עין יעקב.gpx,מוכל-ב,,,,,9.2,23.5,1
הכלה,340,2023-10-21_געתון_עין יעקב_1.gpx,345,2023-12-30_געתון_יחיעם_עין יעקב.gpx,מוכל-ב,,,,,9.9,22.4,1
הכלה,340,2023-10-21_געתון_עין יעקב_1.gpx,341,2023-11-20_געתון_עין יעקב.gpx,מוכל-ב,,,,,13.3,128.9,0.98
הכלה,340,2023-10-21_געתון_עין יעקב_1.gpx,496,2026-04-16_עין יעקב_מעונה_געתון.gpx,מוכל-ב,,,,,24.6,224.4,0.959
הכלה,340,2023-10-21_געתון_עין יעקב_1.gpx,346,2023-12-31_געתון_יחיעם_עין יעקב.gpx,מוכל-ב,,,,,11,40.3,1
הכלה,340,2023-10-21_געתון_עין יעקב_1.gpx,221,2022-07-02_יחיעם_געתון_עין יעקב.gpx,מוכל-ב,,,,,29.1,253,0.939
הכלה,340,2023-10-21_געתון_עין יעקב_1.gpx,484,2026-03-06_עין יעקב_געתון_כברי.gpx,מוכל-ב,,,,,33.2,239.8,0.939
הכלה,340,2023-10-21_געתון_עין יעקב_1.gpx,35,2013-07-30_מעונה_עין יעקב_געתון.gpx,מוכל-ב,,,,,29.5,249.3,0.939
הכלה,340,2023-10-21_געתון_עין יעקב_1.gpx,348,2024-01-03_געתון_יחיעם_עין יעקב_1.gpx,מוכל-ב,,,,,11.3,33.2,1
הכלה,340,2023-10-21_געתון_עין יעקב_1.gpx,626,יער הדובים השיירה סינגל בני.gpx,מוכל-ב,,,,,23.1,224.5,0.959
הכלה,340,2023-10-21_געתון_עין יעקב_1.gpx,67,2013-09-25_געתון_עין יעקב_מעיליא.gpx,מוכל-ב,,,,,23.7,220.4,0.959
הכלה,340,2023-10-21_געתון_עין יעקב_1.gpx,347,2024-01-03_געתון_יחיעם_עין יעקב.gpx,מוכל-ב,,,,,11.7,24.5,1
הכלה,340,2023-10-21_געתון_עין יעקב_1.gpx,60,2013-09-13_עין יעקב_מעיליא_מנות.gpx,מוכל-ב,,,,,25.5,224.1,0.959
הכלה,340,2023-10-21_געתון_עין יעקב_1.gpx,363,2024-03-29_געתון_עין יעקב.gpx,מוכל-ב,,,,,10.8,24.6,1
הכלה,340,2023-10-21_געתון_עין יעקב_1.gpx,74,2013-10-06_מעונה_עין יעקב_געתון.gpx,מוכל-ב,,,,,25.1,223.8,0.959
הכלה,340,2023-10-21_געתון_עין יעקב_1.gpx,360,2024-03-09_געתון_עין יעקב.gpx,מוכל-ב,,,,,10.3,21.5,1
הכלה,340,2023-10-21_געתון_עין יעקב_1.gpx,355,2024-02-23_געתון_עין יעקב.gpx,מוכל-ב,,,,,13.1,35.5,1
הכלה,340,2023-10-21_געתון_עין יעקב_1.gpx,52,2013-08-30_מעונה_עין יעקב_געתון.gpx,מוכל-ב,,,,,27.9,254.4,0.939
הכלה,340,2023-10-21_געתון_עין יעקב_1.gpx,56,2013-09-07_געתון_מעונה_גשר הזיו.gpx,מוכל-ב,,,,,21.2,222.9,0.959
הכלה,340,2023-10-21_געתון_עין יעקב_1.gpx,29,2013-07-19_עין יעקב_מעונה_מנות.gpx,מוכל-ב,,,,,24.8,222.9,0.959
הכלה,340,2023-10-21_געתון_עין יעקב_1.gpx,43,2013-08-14_געתון_מעונה_עין יעקב.gpx,מוכל-ב,,,,,23.9,223,0.959
הכלה,340,2023-10-21_געתון_עין יעקב_1.gpx,24,2013-07-08_עין יעקב_מעונה_געתון.gpx,מוכל-ב,,,,,25,220.8,0.959
הכלה,340,2023-10-21_געתון_עין יעקב_1.gpx,70,2013-09-28_עין יעקב_מזרעה_שבי ציון.gpx,מוכל-ב,,,,,29.2,220.2,0.918
הכלה,340,2023-10-21_געתון_עין יעקב_1.gpx,344,2023-12-19_געתון_עין יעקב_יחיעם_1.gpx,מוכל-ב,,,,,18.5,185.4,0.959
הכלה,340,2023-10-21_געתון_עין יעקב_1.gpx,71,2013-10-01_געתון_עין יעקב.gpx,מוכל-ב,,,,,17.5,217.3,0.959
חשוד,339,2023-10-21_געתון_עין יעקב.gpx,512,2026-05-27_עין יעקב_געתון.gpx,חשוד - לבדיקה ידנית,TRUE,2.5,13.4,12.5,272.8,755.8,0.388
חשוד,339,2023-10-21_געתון_עין יעקב.gpx,340,2023-10-21_געתון_עין יעקב_1.gpx,חשוד - לבדיקה ידנית,FALSE,3.9,6.4,16.3,13.4,30.8,1
הכלה,339,2023-10-21_געתון_עין יעקב.gpx,145,2022-01-14_געתון_יחיעם.gpx,מוכל-ב,,,,,39.4,351.5,0.902
הכלה,339,2023-10-21_געתון_עין יעקב.gpx,234,2022-08-02_געתון_יחיעם.gpx,מוכל-ב,,,,,38.7,345.6,0.902
הכלה,339,2023-10-21_געתון_עין יעקב.gpx,25,2013-07-10_עין יעקב_מעונה_געתון.gpx,מוכל-ב,,,,,21.5,232.9,0.961
הכלה,339,2023-10-21_געתון_עין יעקב.gpx,173,2022-04-01_געתון_יחיעם.gpx,מוכל-ב,,,,,36.1,340,0.902
הכלה,339,2023-10-21_געתון_עין יעקב.gpx,175,2022-04-03_געתון_יחיעם.gpx,מוכל-ב,,,,,39,339.2,0.902
הכלה,339,2023-10-21_געתון_עין יעקב.gpx,257,2022-10-26_געתון_יחיעם.gpx,מוכל-ב,,,,,37.8,350.2,0.902
הכלה,339,2023-10-21_געתון_עין יעקב.gpx,185,2022-04-21_געתון_יחיעם.gpx,מוכל-ב,,,,,38.3,345.8,0.902
הכלה,339,2023-10-21_געתון_עין יעקב.gpx,256,2022-10-24_געתון_יחיעם.gpx,מוכל-ב,,,,,36.5,341.2,0.902
הכלה,339,2023-10-21_געתון_עין יעקב.gpx,36,2013-08-01_מעונה_עין יעקב_געתון.gpx,מוכל-ב,,,,,14.8,57.9,1
הכלה,339,2023-10-21_געתון_עין יעקב.gpx,151,2022-01-29_געתון_יחיעם.gpx,מוכל-ב,,,,,38.3,348.3,0.902
הכלה,339,2023-10-21_געתון_עין יעקב.gpx,195,2022-05-18_געתון_יחיעם.gpx,מוכל-ב,,,,,42.7,343.5,0.902
הכלה,339,2023-10-21_געתון_עין יעקב.gpx,196,2022-05-19_געתון_מעונה_עין יעקב.gpx,מוכל-ב,,,,,29.2,241.3,0.941
הכלה,339,2023-10-21_געתון_עין יעקב.gpx,345,2023-12-30_געתון_יחיעם_עין יעקב.gpx,מוכל-ב,,,,,9.7,38.8,1
הכלה,339,2023-10-21_געתון_עין יעקב.gpx,154,2022-02-02_געתון_יחיעם.gpx,מוכל-ב,,,,,37.3,344.7,0.902
הכלה,339,2023-10-21_געתון_עין יעקב.gpx,341,2023-11-20_געתון_עין יעקב.gpx,מוכל-ב,,,,,13.3,92.4,1
הכלה,339,2023-10-21_געתון_עין יעקב.gpx,122,2021-11-19_געתון_יחיעם.gpx,מוכל-ב,,,,,41.3,354.8,0.902
הכלה,339,2023-10-21_געתון_עין יעקב.gpx,139,2021-12-29_געתון_יחיעם.gpx,מוכל-ב,,,,,37.1,354.4,0.902
הכלה,339,2023-10-21_געתון_עין יעקב.gpx,72,2013-10-02_געתון_עין יעקב_מעיליא.gpx,מוכל-ב,,,,,29.4,237,0.961
הכלה,339,2023-10-21_געתון_עין יעקב.gpx,262,2022-11-09_געתון_יחיעם.gpx,מוכל-ב,,,,,40.1,342.3,0.902
הכלה,339,2023-10-21_געתון_עין יעקב.gpx,215,2022-06-21_געתון_יחיעם_עין יעקב.gpx,מוכל-ב,,,,,43.3,350.7,0.902
הכלה,339,2023-10-21_געתון_עין יעקב.gpx,356,2024-02-25_געתון_עין יעקב.gpx,מוכל-ב,,,,,10.5,41.1,1
הכלה,339,2023-10-21_געתון_עין יעקב.gpx,346,2023-12-31_געתון_יחיעם_עין יעקב.gpx,מוכל-ב,,,,,13.6,47.7,1
הכלה,339,2023-10-21_געתון_עין יעקב.gpx,180,2022-04-13_געתון_יחיעם.gpx,מוכל-ב,,,,,36.8,344.5,0.902
הכלה,339,2023-10-21_געתון_עין יעקב.gpx,199,2022-05-26_געתון_יחיעם.gpx,מוכל-ב,,,,,40.7,357.6,0.902
הכלה,339,2023-10-21_געתון_עין יעקב.gpx,191,2022-05-11_געתון_יחיעם.gpx,מוכל-ב,,,,,40.6,347.3,0.902
הכלה,339,2023-10-21_געתון_עין יעקב.gpx,254,2022-10-21_געתון_יחיעם.gpx,מוכל-ב,,,,,41.2,338,0.902
הכלה,339,2023-10-21_געתון_עין יעקב.gpx,200,2022-05-27_געתון_כברי_לימן.gpx,מוכל-ב,,,,,40.5,352.8,0.902
הכלה,339,2023-10-21_געתון_עין יעקב.gpx,255,2022-10-23_געתון_יחיעם.gpx,מוכל-ב,,,,,37.3,347.8,0.902
הכלה,339,2023-10-21_געתון_עין יעקב.gpx,496,2026-04-16_עין יעקב_מעונה_געתון.gpx,מוכל-ב,,,,,27,239.2,0.961
הכלה,339,2023-10-21_געתון_עין יעקב.gpx,123,2021-11-22_געתון_יחיעם.gpx,מוכל-ב,,,,,42.6,342.2,0.902
הכלה,339,2023-10-21_געתון_עין יעקב.gpx,160,2022-02-19_געתון_יחיעם.gpx,מוכל-ב,,,,,36,340.3,0.902
הכלה,339,2023-10-21_געתון_עין יעקב.gpx,161,2022-02-22_געתון_יחיעם.gpx,מוכל-ב,,,,,38.8,337.4,0.902
הכלה,339,2023-10-21_געתון_עין יעקב.gpx,167,2022-03-04_געתון_כברי_יחיעם.gpx,מוכל-ב,,,,,39.6,343.6,0.902
הכלה,339,2023-10-21_געתון_עין יעקב.gpx,348,2024-01-03_געתון_יחיעם_עין יעקב_1.gpx,מוכל-ב,,,,,15.4,44.2,1
הכלה,339,2023-10-21_געתון_עין יעקב.gpx,626,יער הדובים השיירה סינגל בני.gpx,מוכל-ב,,,,,26.8,238,0.961
הכלה,339,2023-10-21_געתון_עין יעקב.gpx,137,2021-12-21_געתון_יחיעם.gpx,מוכל-ב,,,,,37.1,352.2,0.902
הכלה,339,2023-10-21_געתון_עין יעקב.gpx,484,2026-03-06_עין יעקב_געתון_כברי.gpx,מוכל-ב,,,,,35,256.6,0.941
הכלה,339,2023-10-21_געתון_עין יעקב.gpx,347,2024-01-03_געתון_יחיעם_עין יעקב.gpx,מוכל-ב,,,,,14.5,49.8,1
הכלה,339,2023-10-21_געתון_עין יעקב.gpx,363,2024-03-29_געתון_עין יעקב.gpx,מוכל-ב,,,,,12.8,49.7,1
הכלה,339,2023-10-21_געתון_עין יעקב.gpx,221,2022-07-02_יחיעם_געתון_עין יעקב.gpx,מוכל-ב,,,,,28.5,248.7,0.941
הכלה,339,2023-10-21_געתון_עין יעקב.gpx,142,2022-01-04_געתון_יחיעם.gpx,מוכל-ב,,,,,41,342.3,0.902
הכלה,339,2023-10-21_געתון_עין יעקב.gpx,179,2022-04-12_געתון_יחיעם.gpx,מוכל-ב,,,,,39.1,353,0.902
הכלה,339,2023-10-21_געתון_עין יעקב.gpx,360,2024-03-09_געתון_עין יעקב.gpx,מוכל-ב,,,,,13.2,34.1,1
הכלה,339,2023-10-21_געתון_עין יעקב.gpx,146,2022-01-15_געתון_יחיעם.gpx,מוכל-ב,,,,,38.2,352.4,0.902
הכלה,339,2023-10-21_געתון_עין יעקב.gpx,150,2022-01-21_געתון_יחיעם.gpx,מוכל-ב,,,,,39.4,342.5,0.902
הכלה,339,2023-10-21_געתון_עין יעקב.gpx,102,2021-09-16_געתון_יחיעם.gpx,מוכל-ב,,,,,36.5,352.4,0.902
הכלה,339,2023-10-21_געתון_עין יעקב.gpx,355,2024-02-23_געתון_עין יעקב.gpx,מוכל-ב,,,,,12.8,43.5,1
הכלה,339,2023-10-21_געתון_עין יעקב.gpx,60,2013-09-13_עין יעקב_מעיליא_מנות.gpx,מוכל-ב,,,,,24.8,237.4,0.941
הכלה,339,2023-10-21_געתון_עין יעקב.gpx,157,2022-02-16_געתון_יחיעם.gpx,מוכל-ב,,,,,38,343.7,0.902
הכלה,339,2023-10-21_געתון_עין יעקב.gpx,124,2021-11-23_געתון_יחיעם.gpx,מוכל-ב,,,,,40.2,352.7,0.902
הכלה,339,2023-10-21_געתון_עין יעקב.gpx,35,2013-07-30_מעונה_עין יעקב_געתון.gpx,מוכל-ב,,,,,32.1,239.3,0.941
הכלה,339,2023-10-21_געתון_עין יעקב.gpx,475,2026-02-07_מעיליא_מנות_הילה.gpx,מוכל-ב,,,,,33.3,230.2,0.902
הכלה,339,2023-10-21_געתון_עין יעקב.gpx,277,2022-12-16_געתון_יחיעם_עין יעקב.gpx,מוכל-ב,,,,,41.5,345.7,0.902
הכלה,339,2023-10-21_געתון_עין יעקב.gpx,67,2013-09-25_געתון_עין יעקב_מעיליא.gpx,מוכל-ב,,,,,23.6,234.7,0.961
הכלה,339,2023-10-21_געתון_עין יעקב.gpx,164,2022-02-27_געתון_יחיעם.gpx,מוכל-ב,,,,,39.9,346.7,0.902
הכלה,339,2023-10-21_געתון_עין יעקב.gpx,131,2021-12-09_געתון_יחיעם.gpx,מוכל-ב,,,,,41.6,352.5,0.902
הכלה,339,2023-10-21_געתון_עין יעקב.gpx,74,2013-10-06_מעונה_עין יעקב_געתון.gpx,מוכל-ב,,,,,27.8,238.6,0.961
הכלה,339,2023-10-21_געתון_עין יעקב.gpx,52,2013-08-30_מעונה_עין יעקב_געתון.gpx,מוכל-ב,,,,,31.8,233,0.941
הכלה,339,2023-10-21_געתון_עין יעקב.gpx,29,2013-07-19_עין יעקב_מעונה_מנות.gpx,מוכל-ב,,,,,28.4,237.4,0.961
הכלה,339,2023-10-21_געתון_עין יעקב.gpx,192,2022-05-12_געתון_יחיעם.gpx,מוכל-ב,,,,,42.8,352.6,0.902
הכלה,339,2023-10-21_געתון_עין יעקב.gpx,70,2013-09-28_עין יעקב_מזרעה_שבי ציון.gpx,מוכל-ב,,,,,27.6,233.9,0.922
הכלה,339,2023-10-21_געתון_עין יעקב.gpx,194,2022-05-15_געתון_יחיעם.gpx,מוכל-ב,,,,,40.6,354.3,0.902
הכלה,339,2023-10-21_געתון_עין יעקב.gpx,56,2013-09-07_געתון_מעונה_גשר הזיו.gpx,מוכל-ב,,,,,23.6,237.6,0.961
הכלה,339,2023-10-21_געתון_עין יעקב.gpx,152,2022-01-30_געתון_יחיעם.gpx,מוכל-ב,,,,,40,351.9,0.902
הכלה,339,2023-10-21_געתון_עין יעקב.gpx,344,2023-12-19_געתון_עין יעקב_יחיעם_1.gpx,מוכל-ב,,,,,19.4,197,0.961
הכלה,339,2023-10-21_געתון_עין יעקב.gpx,543,2026-07-19_עין יעקב_מנות_עבדון.gpx,מוכל-ב,,,,,34.9,231.2,0.922
הכלה,339,2023-10-21_געתון_עין יעקב.gpx,162,2022-02-23_געתון_יחיעם.gpx,מוכל-ב,,,,,39.6,347.5,0.902
הכלה,339,2023-10-21_געתון_עין יעקב.gpx,43,2013-08-14_געתון_מעונה_עין יעקב.gpx,מוכל-ב,,,,,29.2,236.8,0.961
הכלה,339,2023-10-21_געתון_עין יעקב.gpx,24,2013-07-08_עין יעקב_מעונה_געתון.gpx,מוכל-ב,,,,,27.1,234,0.961
הכלה,339,2023-10-21_געתון_עין יעקב.gpx,212,2022-06-16_געתון_יחיעם_עין יעקב.gpx,מוכל-ב,,,,,42.5,346.2,0.902
הכלה,339,2023-10-21_געתון_עין יעקב.gpx,263,2022-11-11_געתון_יחיעם.gpx,מוכל-ב,,,,,40.9,336.1,0.902
הכלה,339,2023-10-21_געתון_עין יעקב.gpx,551,2026-08-08_מנות_כברי_הילה.gpx,מוכל-ב,,,,,29.2,239,0.941
הכלה,339,2023-10-21_געתון_עין יעקב.gpx,286,2023-01-18_געתון_כברי_גשר הזיו.gpx,מוכל-ב,,,,,41.5,343.2,0.902
הכלה,339,2023-10-21_געתון_עין יעקב.gpx,210,2022-06-12_געתון_יחיעם.gpx,מוכל-ב,,,,,40.3,350.6,0.902
הכלה,339,2023-10-21_געתון_עין יעקב.gpx,429,2025-03-02_געתון_עין יעקב_יחיעם.gpx,מוכל-ב,,,,,25.1,252.1,0.941
הכלה,339,2023-10-21_געתון_עין יעקב.gpx,71,2013-10-01_געתון_עין יעקב.gpx,מוכל-ב,,,,,21,230.5,0.961
הכלה,339,2023-10-21_געתון_עין יעקב.gpx,233,2022-07-31_געתון_יחיעם.gpx,מוכל-ב,,,,,40.8,353.7,0.902
הכלה,339,2023-10-21_געתון_עין יעקב.gpx,189,2022-05-06_געתון_יחיעם.gpx,מוכל-ב,,,,,39.6,348,0.902
הכלה,339,2023-10-21_געתון_עין יעקב.gpx,208,2022-06-09_געתון_יחיעם_עין יעקב.gpx,מוכל-ב,,,,,40.1,339.1,0.902
הכלה,339,2023-10-21_געתון_עין יעקב.gpx,188,2022-05-04_געתון_יחיעם.gpx,מוכל-ב,,,,,40.5,348,0.902
הכלה,339,2023-10-21_געתון_עין יעקב.gpx,177,2022-04-07_געתון_יחיעם.gpx,מוכל-ב,,,,,42.3,346.8,0.902
הכלה,338,2023-10-14_געתון_עין יעקב_יחיעם_1.gpx,341,2023-11-20_געתון_עין יעקב.gpx,מוכל-ב,,,,,22.1,112.6,0.977
הכלה,338,2023-10-14_געתון_עין יעקב_יחיעם_1.gpx,405,2024-10-19_געתון_עין יעקב_יחיעם.gpx,מוכל-ב,,,,,21.7,197.4,0.932
הכלה,338,2023-10-14_געתון_עין יעקב_יחיעם_1.gpx,344,2023-12-19_געתון_עין יעקב_יחיעם_1.gpx,מוכל-ב,,,,,27.9,183.6,0.955
הכלה,338,2023-10-14_געתון_עין יעקב_יחיעם_1.gpx,403,2024-10-07_געתון_עין יעקב_יחיעם.gpx,מוכל-ב,,,,,21.2,171.8,0.955
הכלה,337,2023-10-14_געתון_עין יעקב_יחיעם.gpx,252,2022-10-15_געתון_עין יעקב_יחיעם.gpx,מוכל-ב,,,,,28.3,188,0.929
הכלה,337,2023-10-14_געתון_עין יעקב_יחיעם.gpx,341,2023-11-20_געתון_עין יעקב.gpx,מוכל-ב,,,,,21.5,115.1,0.964
הכלה,337,2023-10-14_געתון_עין יעקב_יחיעם.gpx,405,2024-10-19_געתון_עין יעקב_יחיעם.gpx,מוכל-ב,,,,,20.9,145.5,0.929
הכלה,337,2023-10-14_געתון_עין יעקב_יחיעם.gpx,338,2023-10-14_געתון_עין יעקב_יחיעם_1.gpx,מוכל-ב,,,,,16,73.4,1
הכלה,337,2023-10-14_געתון_עין יעקב_יחיעם.gpx,344,2023-12-19_געתון_עין יעקב_יחיעם_1.gpx,מוכל-ב,,,,,33.8,212.6,0.929
הכלה,337,2023-10-14_געתון_עין יעקב_יחיעם.gpx,403,2024-10-07_געתון_עין יעקב_יחיעם.gpx,מוכל-ב,,,,,24.9,149.5,0.929
זהה,332,2023-09-23_געתון_עין יעקב_יחיעם.gpx,413,2025-01-05_געתון_עין יעקב_יחיעם.gpx,זהה,FALSE,3,5.7,2.8,25.2,132.4,0.926
חשוד,331,2023-09-19_חיפה_טירת כרמל_כפר גלים.gpx,613,טיול מדרגות בחיפה הקלטה  2023-09-10 .gpx,חשוד - לבדיקה ידנית,FALSE,4.1,226.4,11.3,15.7,50.1,1
חשוד,324,2023-08-29_עין יעקב_געתון.gpx,469,2026-01-23_עין יעקב_געתון.gpx,חשוד - לבדיקה ידנית,FALSE,3.1,607.6,417.1,217.8,811.3,0.354
חשוד,316,2023-07-30_מצובה_יערה_שלומי.gpx,327,2023-09-04מצובה .gpx,חשוד - לבדיקה ידנית,TRUE,3.8,225.5,22.2,13.3,27,1
זהה,304,2023-07-06_געתון_עין יעקב_יחיעם.gpx,413,2025-01-05_געתון_עין יעקב_יחיעם.gpx,זהה,TRUE,0.4,10.9,5.8,13.2,22.1,1
חשוד,304,2023-07-06_געתון_עין יעקב_יחיעם.gpx,332,2023-09-23_געתון_עין יעקב_יחיעם.gpx,חשוד - לבדיקה ידנית,TRUE,3.3,9.1,7.5,22.6,122,0.963
חשוד,297,2023-03-22_נווה זוהר_ערד.gpx,427,2025-02-13_נווה זוהר_ערד.gpx,חשוד - לבדיקה ידנית,FALSE,3.5,564.1,552.4,100.7,638.2,0.872
הכלה,297,2023-03-22_נווה זוהר_ערד.gpx,298,2023-03-23_נווה זוהר_ערד.gpx,מוכל-ב,,,,,12.3,22.5,1
הכלה,296,2023-03-21_נווה זוהר_ערד.gpx,171,2022-03-10_נווה זוהר_ערד.gpx,מוכל-ב,,,,,40.3,369.5,0.927
הכלה,296,2023-03-21_נווה זוהר_ערד.gpx,148,2022-01-18_נווה זוהר_ערד.gpx,מוכל-ב,,,,,36.1,217.6,0.979
הכלה,296,2023-03-21_נווה זוהר_ערד.gpx,298,2023-03-23_נווה זוהר_ערד.gpx,מוכל-ב,,,,,17.7,134.6,1
הכלה,296,2023-03-21_נווה זוהר_ערד.gpx,297,2023-03-22_נווה זוהר_ערד.gpx,מוכל-ב,,,,,20.7,222,0.979
הכלה,295,2023-03-20_נווה זוהר_ערד.gpx,296,2023-03-21_נווה זוהר_ערד.gpx,מוכל-ב,,,,,24.4,172.3,0.961
הכלה,295,2023-03-20_נווה זוהר_ערד.gpx,148,2022-01-18_נווה זוהר_ערד.gpx,מוכל-ב,,,,,34.5,188.3,0.961
הכלה,295,2023-03-20_נווה זוהר_ערד.gpx,274,2022-12-08_נווה זוהר_ערד.gpx,מוכל-ב,,,,,34.8,184,0.961
הכלה,295,2023-03-20_נווה זוהר_ערד.gpx,170,2022-03-08_נווה זוהר_ערד.gpx,מוכל-ב,,,,,36.2,278.3,0.935
הכלה,295,2023-03-20_נווה זוהר_ערד.gpx,298,2023-03-23_נווה זוהר_ערד.gpx,מוכל-ב,,,,,18.8,173.4,0.974
הכלה,295,2023-03-20_נווה זוהר_ערד.gpx,297,2023-03-22_נווה זוהר_ערד.gpx,מוכל-ב,,,,,21.1,170.5,0.974
חשוד,293,2023-02-20_געתון_יחיעם_עין יעקב.gpx,478,2026-02-24_עין יעקב_מעונה_געתון.gpx,חשוד - לבדיקה ידנית,FALSE,3.2,7,12.4,145.1,589,0.653
הכלה,293,2023-02-20_געתון_יחיעם_עין יעקב.gpx,626,יער הדובים השיירה סינגל בני.gpx,מוכל-ב,,,,,42.7,166.1,1
הכלה,293,2023-02-20_געתון_יחיעם_עין יעקב.gpx,206,2022-06-04_געתון_כברי_נהרייה.gpx,מוכל-ב,,,,,29.6,251.1,0.979
הכלה,293,2023-02-20_געתון_יחיעם_עין יעקב.gpx,201,2022-05-29_געתון_כברי_לימן.gpx,מוכל-ב,,,,,21.7,162.9,1
הכלה,293,2023-02-20_געתון_יחיעם_עין יעקב.gpx,226,2022-07-11_געתון_כברי_כפר ראש הנקרה.gpx,מוכל-ב,,,,,11.6,117.7,1
הכלה,293,2023-02-20_געתון_יחיעם_עין יעקב.gpx,197,2022-05-20_געתון_כברי_לימן.gpx,מוכל-ב,,,,,19.6,161.7,1
הכלה,293,2023-02-20_געתון_יחיעם_עין יעקב.gpx,200,2022-05-27_געתון_כברי_לימן.gpx,מוכל-ב,,,,,17.6,160.9,1
הכלה,293,2023-02-20_געתון_יחיעם_עין יעקב.gpx,227,2022-07-15_געתון_כברי_לימן.gpx,מוכל-ב,,,,,24.2,217.4,0.968
הכלה,293,2023-02-20_געתון_יחיעם_עין יעקב.gpx,239,2022-08-14_געתון_כברי_לימן.gpx,מוכל-ב,,,,,13.4,117.9,1
הכלה,293,2023-02-20_געתון_יחיעם_עין יעקב.gpx,265,2022-11-18_געתון_יחיעם_עין יעקב.gpx,מוכל-ב,,,,,7.4,115.4,1
הכלה,293,2023-02-20_געתון_יחיעם_עין יעקב.gpx,241,2022-08-19_געתון_כברי_לימן.gpx,מוכל-ב,,,,,12.9,116,1
חשוד,292,2023-02-18_געתון_יחיעם_עין יעקב.gpx,348,2024-01-03_געתון_יחיעם_עין יעקב_1.gpx,חשוד - לבדיקה ידנית,TRUE,0.8,35.4,64.9,208.3,774.2,0.588
חשוד,292,2023-02-18_געתון_יחיעם_עין יעקב.gpx,360,2024-03-09_געתון_עין יעקב.gpx,חשוד - לבדיקה ידנית,TRUE,1.2,21.6,28.5,108.1,546.3,0.765
חשוד,292,2023-02-18_געתון_יחיעם_עין יעקב.gpx,355,2024-02-23_געתון_עין יעקב.gpx,חשוד - לבדיקה ידנית,TRUE,4.4,12.5,15.3,106.4,767.6,0.723
הכלה,292,2023-02-18_געתון_יחיעם_עין יעקב.gpx,201,2022-05-29_געתון_כברי_לימן.gpx,מוכל-ב,,,,,18.7,162.3,0.971
הכלה,292,2023-02-18_געתון_יחיעם_עין יעקב.gpx,206,2022-06-04_געתון_כברי_נהרייה.gpx,מוכל-ב,,,,,23.9,250.6,0.956
הכלה,292,2023-02-18_געתון_יחיעם_עין יעקב.gpx,47,2013-08-23_געתון_יחיעם.gpx,מוכל-ב,,,,,43.5,416.3,0.912
הכלה,292,2023-02-18_געתון_יחיעם_עין יעקב.gpx,276,2022-12-12_געתון_יחיעם_עין יעקב.gpx,מוכל-ב,,,,,12,25.5,1
הכלה,292,2023-02-18_געתון_יחיעם_עין יעקב.gpx,226,2022-07-11_געתון_כברי_כפר ראש הנקרה.gpx,מוכל-ב,,,,,15.9,109.4,1
הכלה,292,2023-02-18_געתון_יחיעם_עין יעקב.gpx,268,2022-11-24_געתון_יחיעם_עין יעקב.gpx,מוכל-ב,,,,,10.2,21.7,1
הכלה,292,2023-02-18_געתון_יחיעם_עין יעקב.gpx,200,2022-05-27_געתון_כברי_לימן.gpx,מוכל-ב,,,,,18.7,160.6,0.971
הכלה,292,2023-02-18_געתון_יחיעם_עין יעקב.gpx,483,2026-03-05_געתון_כברי.gpx,מוכל-ב,,,,,21.7,156.3,0.971
הכלה,292,2023-02-18_געתון_יחיעם_עין יעקב.gpx,227,2022-07-15_געתון_כברי_לימן.gpx,מוכל-ב,,,,,25.3,228.9,0.971
הכלה,292,2023-02-18_געתון_יחיעם_עין יעקב.gpx,197,2022-05-20_געתון_כברי_לימן.gpx,מוכל-ב,,,,,20.7,161.2,0.971
הכלה,292,2023-02-18_געתון_יחיעם_עין יעקב.gpx,239,2022-08-14_געתון_כברי_לימן.gpx,מוכל-ב,,,,,16.2,109.5,1
הכלה,292,2023-02-18_געתון_יחיעם_עין יעקב.gpx,279,2022-12-21_געתון_יחיעם.gpx,מוכל-ב,,,,,8.2,22.4,1
הכלה,292,2023-02-18_געתון_יחיעם_עין יעקב.gpx,277,2022-12-16_געתון_יחיעם_עין יעקב.gpx,מוכל-ב,,,,,20.7,205.6,0.985
הכלה,292,2023-02-18_געתון_יחיעם_עין יעקב.gpx,265,2022-11-18_געתון_יחיעם_עין יעקב.gpx,מוכל-ב,,,,,14.3,107.1,1
הכלה,292,2023-02-18_געתון_יחיעם_עין יעקב.gpx,293,2023-02-20_געתון_יחיעם_עין יעקב.gpx,מוכל-ב,,,,,8.3,19.8,1
הכלה,292,2023-02-18_געתון_יחיעם_עין יעקב.gpx,263,2022-11-11_געתון_יחיעם.gpx,מוכל-ב,,,,,27.2,244.7,0.956
הכלה,292,2023-02-18_געתון_יחיעם_עין יעקב.gpx,241,2022-08-19_געתון_כברי_לימן.gpx,מוכל-ב,,,,,16.2,107.7,1
חשוד,291,2023-02-17_געתון_יחיעם_עין יעקב.gpx,356,2024-02-25_געתון_עין יעקב.gpx,חשוד - לבדיקה ידנית,TRUE,2.9,18.3,19.3,125.9,643.1,0.689
חשוד,291,2023-02-17_געתון_יחיעם_עין יעקב.gpx,363,2024-03-29_געתון_עין יעקב.gpx,חשוד - לבדיקה ידנית,TRUE,3.9,11.6,49.6,114.6,574.9,0.743
חשוד,291,2023-02-17_געתון_יחיעם_עין יעקב.gpx,429,2025-03-02_געתון_עין יעקב_יחיעם.gpx,חשוד - לבדיקה ידנית,FALSE,1.5,8.4,8.7,184.7,811.4,0.568
הכלה,291,2023-02-17_געתון_יחיעם_עין יעקב.gpx,200,2022-05-27_געתון_כברי_לימן.gpx,מוכל-ב,,,,,16,176.2,0.986
הכלה,291,2023-02-17_געתון_יחיעם_עין יעקב.gpx,227,2022-07-15_געתון_כברי_לימן.gpx,מוכל-ב,,,,,44.3,411.4,0.905
הכלה,291,2023-02-17_געתון_יחיעם_עין יעקב.gpx,197,2022-05-20_געתון_כברי_לימן.gpx,מוכל-ב,,,,,33.7,364.5,0.932
הכלה,291,2023-02-17_געתון_יחיעם_עין יעקב.gpx,484,2026-03-06_עין יעקב_געתון_כברי.gpx,מוכל-ב,,,,,47.1,195.5,0.919
הכלה,291,2023-02-17_געתון_יחיעם_עין יעקב.gpx,239,2022-08-14_געתון_כברי_לימן.gpx,מוכל-ב,,,,,10,112.7,1
הכלה,291,2023-02-17_געתון_יחיעם_עין יעקב.gpx,279,2022-12-21_געתון_יחיעם.gpx,מוכל-ב,,,,,22,349.8,0.946
הכלה,291,2023-02-17_געתון_יחיעם_עין יעקב.gpx,277,2022-12-16_געתון_יחיעם_עין יעקב.gpx,מוכל-ב,,,,,33.3,362,0.932
הכלה,291,2023-02-17_געתון_יחיעם_עין יעקב.gpx,293,2023-02-20_געתון_יחיעם_עין יעקב.gpx,מוכל-ב,,,,,23.6,362.3,0.946
הכלה,291,2023-02-17_געתון_יחיעם_עין יעקב.gpx,626,יער הדובים השיירה סינגל בני.gpx,מוכל-ב,,,,,40.5,178,0.932
הכלה,291,2023-02-17_געתון_יחיעם_עין יעקב.gpx,265,2022-11-18_געתון_יחיעם_עין יעקב.gpx,מוכל-ב,,,,,10.3,106.4,1
הכלה,291,2023-02-17_געתון_יחיעם_עין יעקב.gpx,241,2022-08-19_געתון_כברי_לימן.gpx,מוכל-ב,,,,,13.2,107.6,1
הכלה,291,2023-02-17_געתון_יחיעם_עין יעקב.gpx,206,2022-06-04_געתון_כברי_נהרייה.gpx,מוכל-ב,,,,,35.5,343.3,0.905
הכלה,291,2023-02-17_געתון_יחיעם_עין יעקב.gpx,201,2022-05-29_געתון_כברי_לימן.gpx,מוכל-ב,,,,,16.9,176.7,0.986
הכלה,291,2023-02-17_געתון_יחיעם_עין יעקב.gpx,226,2022-07-11_געתון_כברי_כפר ראש הנקרה.gpx,מוכל-ב,,,,,11.9,111.8,1
הכלה,291,2023-02-17_געתון_יחיעם_עין יעקב.gpx,483,2026-03-05_געתון_כברי.gpx,מוכל-ב,,,,,33.2,352.6,0.932
חשוד,290,2023-01-28_נווה זוהר_ערד.gpx,295,2023-03-20_נווה זוהר_ערד.gpx,חשוד - לבדיקה ידנית,TRUE,1.6,343.9,515.9,22.2,196.9,0.961
חשוד,290,2023-01-28_נווה זוהר_ערד.gpx,458,2025-10-20_נווה זוהר_ערד.gpx,חשוד - לבדיקה ידנית,FALSE,4.2,349.2,273.8,16.3,68,1
הכלה,290,2023-01-28_נווה זוהר_ערד.gpx,297,2023-03-22_נווה זוהר_ערד.gpx,מוכל-ב,,,,,14.7,131.6,1
הכלה,290,2023-01-28_נווה זוהר_ערד.gpx,170,2022-03-08_נווה זוהר_ערד.gpx,מוכל-ב,,,,,39.7,259.2,0.949
הכלה,290,2023-01-28_נווה זוהר_ערד.gpx,274,2022-12-08_נווה זוהר_ערד.gpx,מוכל-ב,,,,,29.3,136.5,1
הכלה,290,2023-01-28_נווה זוהר_ערד.gpx,296,2023-03-21_נווה זוהר_ערד.gpx,מוכל-ב,,,,,18.3,131,1
הכלה,290,2023-01-28_נווה זוהר_ערד.gpx,298,2023-03-23_נווה זוהר_ערד.gpx,מוכל-ב,,,,,23.8,133.4,1
הכלה,290,2023-01-28_נווה זוהר_ערד.gpx,148,2022-01-18_נווה זוהר_ערד.gpx,מוכל-ב,,,,,40.2,144.6,1
חשוד,289,2023-01-27_נווה זוהר_ערד.gpx,296,2023-03-21_נווה זוהר_ערד.gpx,חשוד - לבדיקה ידנית,FALSE,0.4,543.8,542.8,82.2,784.4,0.895
הכלה,289,2023-01-27_נווה זוהר_ערד.gpx,148,2022-01-18_נווה זוהר_ערד.gpx,מוכל-ב,,,,,63.3,314.3,0.958
הכלה,289,2023-01-27_נווה זוהר_ערד.gpx,427,2025-02-13_נווה זוהר_ערד.gpx,מוכל-ב,,,,,44.9,440.4,0.926
הכלה,289,2023-01-27_נווה זוהר_ערד.gpx,298,2023-03-23_נווה זוהר_ערד.gpx,מוכל-ב,,,,,20.8,146.3,1
הכלה,289,2023-01-27_נווה זוהר_ערד.gpx,297,2023-03-22_נווה זוהר_ערד.gpx,מוכל-ב,,,,,26.4,224.9,0.989
חשוד,288,2023-01-26_נווה זוהר_ערד.gpx,375,2024-05-22_נווה זוהר_ערד.gpx,חשוד - לבדיקה ידנית,TRUE,3.6,547.2,544.7,93.6,490.2,0.808
חשוד,288,2023-01-26_נווה זוהר_ערד.gpx,374,2024-05-21_נווה זוהר_ערד.gpx,חשוד - לבדיקה ידנית,TRUE,1.3,542.5,546,44.1,542.5,0.942
הכלה,288,2023-01-26_נווה זוהר_ערד.gpx,297,2023-03-22_נווה זוהר_ערד.gpx,מוכל-ב,,,,,45.6,380.8,0.962
הכלה,288,2023-01-26_נווה זוהר_ערד.gpx,298,2023-03-23_נווה זוהר_ערד.gpx,מוכל-ב,,,,,25.7,157.5,1
חשוד,287,2023-01-25_נווה זוהר_ערד.gpx,289,2023-01-27_נווה זוהר_ערד.gpx,חשוד - לבדיקה ידנית,FALSE,0.7,97.9,7.8,8.7,37.7,1
חשוד,287,2023-01-25_נווה זוהר_ערד.gpx,296,2023-03-21_נווה זוהר_ערד.gpx,חשוד - לבדיקה ידנית,TRUE,0.3,561,542,157.3,684.5,0.615
הכלה,287,2023-01-25_נווה זוהר_ערד.gpx,148,2022-01-18_נווה זוהר_ערד.gpx,מוכל-ב,,,,,53.2,331.6,0.969
הכלה,287,2023-01-25_נווה זוהר_ערד.gpx,427,2025-02-13_נווה זוהר_ערד.gpx,מוכל-ב,,,,,48.5,460.7,0.927
הכלה,287,2023-01-25_נווה זוהר_ערד.gpx,298,2023-03-23_נווה זוהר_ערד.gpx,מוכל-ב,,,,,24.6,153.2,1
הכלה,287,2023-01-25_נווה זוהר_ערד.gpx,297,2023-03-22_נווה זוהר_ערד.gpx,מוכל-ב,,,,,30.3,212.7,0.979
חשוד,286,2023-01-18_געתון_כברי_גשר הזיו.gpx,453,2025-10-02_געתון_כברי_גשר הזיו.gpx,חשוד - לבדיקה ידנית,FALSE,3.8,1026.9,2.7,270,1691.1,0.766
הכלה,286,2023-01-18_געתון_כברי_גשר הזיו.gpx,56,2013-09-07_געתון_מעונה_גשר הזיו.gpx,מוכל-ב,,,,,16.3,117.4,1
הכלה,286,2023-01-18_געתון_כברי_גשר הזיו.gpx,156,2022-02-11_געתון_כברי_לימן.gpx,מוכל-ב,,,,,11.8,124.4,1
הכלה,286,2023-01-18_געתון_כברי_גשר הזיו.gpx,502,2026-05-07_געתון_כברי_לימן.gpx,מוכל-ב,,,,,18.8,275.6,1
הכלה,286,2023-01-18_געתון_כברי_גשר הזיו.gpx,281,2022-12-28_געתון_גשר הזיו_כברי.gpx,מוכל-ב,,,,,12.9,122.7,1
הכלה,286,2023-01-18_געתון_כברי_גשר הזיו.gpx,241,2022-08-19_געתון_כברי_לימן.gpx,מוכל-ב,,,,,33.3,282.2,1
הכלה,286,2023-01-18_געתון_כברי_גשר הזיו.gpx,284,2023-01-10_געתון_כברי_לימן.gpx,מוכל-ב,,,,,12.1,117.1,1
הכלה,286,2023-01-18_געתון_כברי_גשר הזיו.gpx,165,2022-02-28_געתון_כברי_לימן.gpx,מוכל-ב,,,,,12.7,120.6,1
הכלה,286,2023-01-18_געתון_כברי_גשר הזיו.gpx,497,2026-04-20_כברי_געתון_גשר הזיו.gpx,מוכל-ב,,,,,11.6,122.9,1
הכלה,286,2023-01-18_געתון_כברי_גשר הזיו.gpx,201,2022-05-29_געתון_כברי_לימן.gpx,מוכל-ב,,,,,18.6,275,1
הכלה,286,2023-01-18_געתון_כברי_גשר הזיו.gpx,206,2022-06-04_געתון_כברי_נהרייה.gpx,מוכל-ב,,,,,15.4,123,1
הכלה,286,2023-01-18_געתון_כברי_גשר הזיו.gpx,214,2022-06-19_געתון_כברי_לימן.gpx,מוכל-ב,,,,,35.8,270.5,1
הכלה,286,2023-01-18_געתון_כברי_גשר הזיו.gpx,492,2026-04-08_געתון_כברי_גשר הזיו.gpx,מוכל-ב,,,,,12.2,119.7,1
הכלה,286,2023-01-18_געתון_כברי_גשר הזיו.gpx,226,2022-07-11_געתון_כברי_כפר ראש הנקרה.gpx,מוכל-ב,,,,,32.4,274.4,1
הכלה,286,2023-01-18_געתון_כברי_גשר הזיו.gpx,216,2022-06-24_מנות_מעיליא_כברי.gpx,מוכל-ב,,,,,31.8,269.5,1
הכלה,286,2023-01-18_געתון_כברי_גשר הזיו.gpx,28,2013-07-15_געתון_שבי ציון_גשר הזיו.gpx,מוכל-ב,,,,,18.4,125.4,1
הכלה,286,2023-01-18_געתון_כברי_גשר הזיו.gpx,14,2013-06-08_שבי ציון_געתון_כברי.gpx,מוכל-ב,,,,,71,671.7,0.903
הכלה,286,2023-01-18_געתון_כברי_גשר הזיו.gpx,62,2013-09-18_געתון_מעיליא_מנות.gpx,מוכל-ב,,,,,15.2,121.5,1
הכלה,286,2023-01-18_געתון_כברי_גשר הזיו.gpx,230,2022-07-19_כברי_געתון_לימן.gpx,מוכל-ב,,,,,24.1,276,1
הכלה,286,2023-01-18_געתון_כברי_גשר הזיו.gpx,42,2013-08-12_געתון_כברי_לימן.gpx,מוכל-ב,,,,,15.3,165.5,1
הכלה,286,2023-01-18_געתון_כברי_גשר הזיו.gpx,280,2022-12-23_געתון_כברי_לימן.gpx,מוכל-ב,,,,,32.3,282.2,1
הכלה,286,2023-01-18_געתון_כברי_גשר הזיו.gpx,224,2022-07-08_מנות_געתון_הילה.gpx,מוכל-ב,,,,,33,273.1,1
הכלה,286,2023-01-18_געתון_כברי_גשר הזיו.gpx,200,2022-05-27_געתון_כברי_לימן.gpx,מוכל-ב,,,,,17.8,274.7,1
הכלה,286,2023-01-18_געתון_כברי_גשר הזיו.gpx,227,2022-07-15_געתון_כברי_לימן.gpx,מוכל-ב,,,,,32.3,273.1,1
הכלה,286,2023-01-18_געתון_כברי_גשר הזיו.gpx,197,2022-05-20_געתון_כברי_לימן.gpx,מוכל-ב,,,,,18.5,274.5,1
הכלה,286,2023-01-18_געתון_כברי_גשר הזיו.gpx,448,2025-09-23_געתון_כברי_לימן.gpx,מוכל-ב,,,,,30.4,216,1
הכלה,286,2023-01-18_געתון_כברי_גשר הזיו.gpx,209,2022-06-11_מנות_מעיליא_כברי.gpx,מוכל-ב,,,,,19.9,274.7,1
הכלה,286,2023-01-18_געתון_כברי_גשר הזיו.gpx,282,2022-12-30_געתון_כברי_לימן.gpx,מוכל-ב,,,,,9.6,122.9,1
הכלה,286,2023-01-18_געתון_כברי_גשר הזיו.gpx,239,2022-08-14_געתון_כברי_לימן.gpx,מוכל-ב,,,,,32.3,279.2,1
הכלה,286,2023-01-18_געתון_כברי_גשר הזיו.gpx,211,2022-06-15_געתון_כברי_לימן.gpx,מוכל-ב,,,,,12,121.5,1
הכלה,286,2023-01-18_געתון_כברי_גשר הזיו.gpx,48,2013-08-24_מזרעה_שבי ציון_געתון.gpx,מוכל-ב,,,,,13,121.1,1
חשוד,285,2023-01-11_מצובה_יערה.gpx,473,2026-02-05_מצובה_יערה_שלומי.gpx,חשוד - לבדיקה ידנית,FALSE,4.5,37.5,38.6,128.7,860.8,0.789
הכלה,285,2023-01-11_מצובה_יערה.gpx,267,2022-11-23_13-09-57_fi_B19F8437-B851-4BC6-A0E6-4EA258828F4A.gpx,מוכל-ב,,,,,13.9,25.8,1
זהה,284,2023-01-10_געתון_כברי_לימן.gpx,502,2026-05-07_געתון_כברי_לימן.gpx,זהה,TRUE,0.9,5.3,10.6,106.2,1377.5,0.925
חשוד,284,2023-01-10_געתון_כברי_לימן.gpx,497,2026-04-20_כברי_געתון_גשר הזיו.gpx,חשוד - לבדיקה ידנית,TRUE,3,8.3,2.7,17.7,298.1,1
חשוד,284,2023-01-10_געתון_כברי_לימן.gpx,492,2026-04-08_געתון_כברי_גשר הזיו.gpx,חשוד - לבדיקה ידנית,TRUE,3.4,6.5,53.9,16.5,298.3,1
הכלה,284,2023-01-10_געתון_כברי_לימן.gpx,226,2022-07-11_געתון_כברי_כפר ראש הנקרה.gpx,מוכל-ב,,,,,44.8,683.8,0.98
הכלה,284,2023-01-10_געתון_כברי_לימן.gpx,200,2022-05-27_געתון_כברי_לימן.gpx,מוכל-ב,,,,,36,678.8,0.98
הכלה,284,2023-01-10_געתון_כברי_לימן.gpx,227,2022-07-15_געתון_כברי_לימן.gpx,מוכל-ב,,,,,41.8,683.5,0.98
הכלה,284,2023-01-10_געתון_כברי_לימן.gpx,551,2026-08-08_מנות_כברי_הילה.gpx,מוכל-ב,,,,,114.7,1325.7,0.911
הכלה,284,2023-01-10_געתון_כברי_לימן.gpx,239,2022-08-14_געתון_כברי_לימן.gpx,מוכל-ב,,,,,42.7,681,0.98
הכלה,284,2023-01-10_געתון_כברי_לימן.gpx,241,2022-08-19_געתון_כברי_לימן.gpx,מוכל-ב,,,,,41.4,682.9,0.98
הכלה,284,2023-01-10_געתון_כברי_לימן.gpx,206,2022-06-04_געתון_כברי_נהרייה.gpx,מוכל-ב,,,,,43.8,936.4,0.97
הכלה,284,2023-01-10_געתון_כברי_לימן.gpx,201,2022-05-29_געתון_כברי_לימן.gpx,מוכל-ב,,,,,35.2,677.3,0.98
חשוד,283,2023-01-09_געתון_יחיעם.gpx,338,2023-10-14_געתון_עין יעקב_יחיעם_1.gpx,חשוד - לבדיקה ידנית,TRUE,4.1,3.9,17.3,217.9,528.6,0.295
הכלה,283,2023-01-09_געתון_יחיעם.gpx,259,2022-10-29_געתון_מעיליא_מעונה.gpx,מוכל-ב,,,,,11.4,131.3,0.978
הכלה,283,2023-01-09_געתון_יחיעם.gpx,479,2026-02-25_שבי ציון_נהרייה_כברי.gpx,מוכל-ב,,,,,13.8,121.6,0.978
הכלה,283,2023-01-09_געתון_יחיעם.gpx,534,2026-07-04 געתון_חרדלית_מנות_הילה_עין_זיו_חרדלית_געתון.gpx,מוכל-ב,,,,,20.9,117.7,0.978
הכלה,283,2023-01-09_געתון_יחיעם.gpx,137,2021-12-21_געתון_יחיעם.gpx,מוכל-ב,,,,,6.6,11.8,1
הכלה,283,2023-01-09_געתון_יחיעם.gpx,23,2013-06-30_געתון_יחיעם_עין יעקב.gpx,מוכל-ב,,,,,12.3,115.2,0.978
הכלה,283,2023-01-09_געתון_יחיעם.gpx,197,2022-05-20_געתון_כברי_לימן.gpx,מוכל-ב,,,,,9.5,117.2,0.978
הכלה,283,2023-01-09_געתון_יחיעם.gpx,254,2022-10-21_געתון_יחיעם.gpx,מוכל-ב,,,,,7.8,53,1
הכלה,283,2023-01-09_געתון_יחיעם.gpx,209,2022-06-11_מנות_מעיליא_כברי.gpx,מוכל-ב,,,,,11.2,123.2,0.978
הכלה,283,2023-01-09_געתון_יחיעם.gpx,282,2022-12-30_געתון_כברי_לימן.gpx,מוכל-ב,,,,,8.8,119.8,0.978
הכלה,283,2023-01-09_געתון_יחיעם.gpx,221,2022-07-02_יחיעם_געתון_עין יעקב.gpx,מוכל-ב,,,,,13.7,86.5,1
הכלה,283,2023-01-09_געתון_יחיעם.gpx,142,2022-01-04_געתון_יחיעם.gpx,מוכל-ב,,,,,5.8,12.4,1
הכלה,283,2023-01-09_געתון_יחיעם.gpx,179,2022-04-12_געתון_יחיעם.gpx,מוכל-ב,,,,,9,19.4,1
הכלה,283,2023-01-09_געתון_יחיעם.gpx,161,2022-02-22_געתון_יחיעם.gpx,מוכל-ב,,,,,5.6,11.4,1
הכלה,283,2023-01-09_געתון_יחיעם.gpx,239,2022-08-14_געתון_כברי_לימן.gpx,מוכל-ב,,,,,8.6,119,0.978
הכלה,283,2023-01-09_געתון_יחיעם.gpx,146,2022-01-15_געתון_יחיעם.gpx,מוכל-ב,,,,,5.5,17.3,1
הכלה,283,2023-01-09_געתון_יחיעם.gpx,102,2021-09-16_געתון_יחיעם.gpx,מוכל-ב,,,,,9,19.3,1
הכלה,283,2023-01-09_געתון_יחיעם.gpx,519,2026-06-06 געתון_רגבה_עכו.gpx,מוכל-ב,,,,,14.9,117.7,0.978
הכלה,283,2023-01-09_געתון_יחיעם.gpx,157,2022-02-16_געתון_יחיעם.gpx,מוכל-ב,,,,,6.6,14.3,1
הכלה,283,2023-01-09_געתון_יחיעם.gpx,124,2021-11-23_געתון_יחיעם.gpx,מוכל-ב,,,,,5.2,17.1,1
הכלה,283,2023-01-09_געתון_יחיעם.gpx,35,2013-07-30_מעונה_עין יעקב_געתון.gpx,מוכל-ב,,,,,12.4,81.3,1
הכלה,283,2023-01-09_געתון_יחיעם.gpx,540,2026-07-14_שבי ציון_געתון_נהרייה.gpx,מוכל-ב,,,,,21.2,118.4,0.978
הכלה,283,2023-01-09_געתון_יחיעם.gpx,48,2013-08-24_מזרעה_שבי ציון_געתון.gpx,מוכל-ב,,,,,15.1,118.1,0.978
הכלה,283,2023-01-09_געתון_יחיעם.gpx,439,2025-08-28_געתון_כברי_לימן.gpx,מוכל-ב,,,,,8.4,121.4,0.978
הכלה,283,2023-01-09_געתון_יחיעם.gpx,483,2026-03-05_געתון_כברי.gpx,מוכל-ב,,,,,19,82.8,1
הכלה,283,2023-01-09_געתון_יחיעם.gpx,345,2023-12-30_געתון_יחיעם_עין יעקב.gpx,מוכל-ב,,,,,17.9,84.9,1
הכלה,283,2023-01-09_געתון_יחיעם.gpx,277,2022-12-16_געתון_יחיעם_עין יעקב.gpx,מוכל-ב,,,,,5,10.3,1
הכלה,283,2023-01-09_געתון_יחיעם.gpx,50,2013-08-28_געתון_יחיעם_עין יעקב.gpx,מוכל-ב,,,,,16.6,116.9,0.957
הכלה,283,2023-01-09_געתון_יחיעם.gpx,211,2022-06-15_געתון_כברי_לימן.gpx,מוכל-ב,,,,,8.8,118.1,0.978
הכלה,283,2023-01-09_געתון_יחיעם.gpx,92,2021-09-03_געתון_מעיליא_מעונה.gpx,מוכל-ב,,,,,19.7,117.5,0.978
הכלה,283,2023-01-09_געתון_יחיעם.gpx,93,2021-09-04_געתון_מעיליא_מעונה.gpx,מוכל-ב,,,,,23,119.6,0.978
הכלה,283,2023-01-09_געתון_יחיעם.gpx,67,2013-09-25_געתון_עין יעקב_מעיליא.gpx,מוכל-ב,,,,,18.1,114.2,0.978
הכלה,283,2023-01-09_געתון_יחיעם.gpx,266,2022-11-19_מעיליא_געתון_מעונה.gpx,מוכל-ב,,,,,10.2,133.4,0.978
הכלה,283,2023-01-09_געתון_יחיעם.gpx,341,2023-11-20_געתון_עין יעקב.gpx,מוכל-ב,,,,,20.9,157.3,0.957
הכלה,283,2023-01-09_געתון_יחיעם.gpx,448,2025-09-23_געתון_כברי_לימן.gpx,מוכל-ב,,,,,22.6,120.2,0.978
הכלה,283,2023-01-09_געתון_יחיעם.gpx,150,2022-01-21_געתון_יחיעם.gpx,מוכל-ב,,,,,4.8,9.1,1
הכלה,283,2023-01-09_געתון_יחיעם.gpx,265,2022-11-18_געתון_יחיעם_עין יעקב.gpx,מוכל-ב,,,,,9.7,115.2,0.978
הכלה,283,2023-01-09_געתון_יחיעם.gpx,164,2022-02-27_געתון_יחיעם.gpx,מוכל-ב,,,,,5.3,12.3,1
הכלה,283,2023-01-09_געתון_יחיעם.gpx,60,2013-09-13_עין יעקב_מעיליא_מנות.gpx,מוכל-ב,,,,,21.2,115.2,0.978
הכלה,283,2023-01-09_געתון_יחיעם.gpx,105,2021-09-21_מעיליא_געתון_מעונה.gpx,מוכל-ב,,,,,10.8,117,0.978
הכלה,283,2023-01-09_געתון_יחיעם.gpx,57,2013-09-08_געתון_יחיעם_עין יעקב.gpx,מוכל-ב,,,,,8.8,115.1,0.978
הכלה,283,2023-01-09_געתון_יחיעם.gpx,74,2013-10-06_מעונה_עין יעקב_געתון.gpx,מוכל-ב,,,,,15.9,120.8,0.978
הכלה,283,2023-01-09_געתון_יחיעם.gpx,61,2013-09-14_עין המפרץ_געתון_מזרעה.gpx,מוכל-ב,,,,,10.5,100.6,0.978
הכלה,283,2023-01-09_געתון_יחיעם.gpx,356,2024-02-25_געתון_עין יעקב.gpx,מוכל-ב,,,,,18.3,91.6,1
הכלה,283,2023-01-09_געתון_יחיעם.gpx,125,2021-11-27_מעיליא_געתון_נווה זיו.gpx,מוכל-ב,,,,,9.4,117.5,0.978
הכלה,283,2023-01-09_געתון_יחיעם.gpx,253,2022-10-17_געתון_מעיליא_מעונה.gpx,מוכל-ב,,,,,9.9,116.9,0.978
הכלה,283,2023-01-09_געתון_יחיעם.gpx,52,2013-08-30_מעונה_עין יעקב_געתון.gpx,מוכל-ב,,,,,12.1,112.2,0.978
הכלה,283,2023-01-09_געתון_יחיעם.gpx,156,2022-02-11_געתון_כברי_לימן.gpx,מוכל-ב,,,,,8.7,121.7,0.978
הכלה,283,2023-01-09_געתון_יחיעם.gpx,128,2021-12-04_געתון_מעיליא_מעונה.gpx,מוכל-ב,,,,,13.3,114.5,0.978
הכלה,283,2023-01-09_געתון_יחיעם.gpx,192,2022-05-12_געתון_יחיעם.gpx,מוכל-ב,,,,,5.7,24.2,1
הכלה,283,2023-01-09_געתון_יחיעם.gpx,496,2026-04-16_עין יעקב_מעונה_געתון.gpx,מוכל-ב,,,,,11.1,117,0.978
הכלה,283,2023-01-09_געתון_יחיעם.gpx,131,2021-12-09_געתון_יחיעם.gpx,מוכל-ב,,,,,6.7,19,1
הכלה,283,2023-01-09_געתון_יחיעם.gpx,56,2013-09-07_געתון_מעונה_גשר הזיו.gpx,מוכל-ב,,,,,13.4,115.1,0.978
הכלה,283,2023-01-09_געתון_יחיעם.gpx,284,2023-01-10_געתון_כברי_לימן.gpx,מוכל-ב,,,,,11.4,114.5,0.978
הכלה,283,2023-01-09_געתון_יחיעם.gpx,346,2023-12-31_געתון_יחיעם_עין יעקב.gpx,מוכל-ב,,,,,21.8,99,1
הכלה,283,2023-01-09_געתון_יחיעם.gpx,278,2022-12-17_מנות_מעיליא_הילה.gpx,מוכל-ב,,,,,9.1,121.1,0.978
הכלה,283,2023-01-09_געתון_יחיעם.gpx,484,2026-03-06_עין יעקב_געתון_כברי.gpx,מוכל-ב,,,,,23,119.4,0.978
הכלה,283,2023-01-09_געתון_יחיעם.gpx,162,2022-02-23_געתון_יחיעם.gpx,מוכל-ב,,,,,5.5,24.4,1
הכלה,283,2023-01-09_געתון_יחיעם.gpx,29,2013-07-19_עין יעקב_מעונה_מנות.gpx,מוכל-ב,,,,,11.3,114.6,0.978
הכלה,283,2023-01-09_געתון_יחיעם.gpx,43,2013-08-14_געתון_מעונה_עין יעקב.gpx,מוכל-ב,,,,,9.6,116.2,0.978
הכלה,283,2023-01-09_געתון_יחיעם.gpx,24,2013-07-08_עין יעקב_מעונה_געתון.gpx,מוכל-ב,,,,,14.7,111.6,0.978
הכלה,283,2023-01-09_געתון_יחיעם.gpx,70,2013-09-28_עין יעקב_מזרעה_שבי ציון.gpx,מוכל-ב,,,,,26.9,155.3,0.957
הכלה,283,2023-01-09_געתון_יחיעם.gpx,34,2013-07-27_געתון_כברי_מנות.gpx,מוכל-ב,,,,,22.6,98.4,1
הכלה,283,2023-01-09_געתון_יחיעם.gpx,194,2022-05-15_געתון_יחיעם.gpx,מוכל-ב,,,,,5.8,12.8,1
הכלה,283,2023-01-09_געתון_יחיעם.gpx,243,2022-08-21_געתון_יחיעם.gpx,מוכל-ב,,,,,11.2,124.4,0.978
הכלה,283,2023-01-09_געתון_יחיעם.gpx,212,2022-06-16_געתון_יחיעם_עין יעקב.gpx,מוכל-ב,,,,,7.4,17.9,1
הכלה,283,2023-01-09_געתון_יחיעם.gpx,193,2022-05-14_מנות_געתון_מעיליא.gpx,מוכל-ב,,,,,10.9,120.3,0.978
הכלה,283,2023-01-09_געתון_יחיעם.gpx,263,2022-11-11_געתון_יחיעם.gpx,מוכל-ב,,,,,6.4,55.4,1
הכלה,283,2023-01-09_געתון_יחיעם.gpx,159,2022-02-18_געתון_כברי_גשר הזיו.gpx,מוכל-ב,,,,,8.6,118.3,0.978
הכלה,283,2023-01-09_געתון_יחיעם.gpx,442,2025-09-08_געתון_יחיעם_כברי.gpx,מוכל-ב,,,,,12.5,114.5,0.978
הכלה,283,2023-01-09_געתון_יחיעם.gpx,482,2026-02-28_געתון_כברי.gpx,מוכל-ב,,,,,15.4,111.4,0.978
הכלה,283,2023-01-09_געתון_יחיעם.gpx,152,2022-01-30_געתון_יחיעם.gpx,מוכל-ב,,,,,5.2,23.7,1
הכלה,283,2023-01-09_געתון_יחיעם.gpx,281,2022-12-28_געתון_גשר הזיו_כברי.gpx,מוכל-ב,,,,,9.8,120.1,0.978
הכלה,283,2023-01-09_געתון_יחיעם.gpx,26,2013-07-12_געתון_שלומי_כפר ראש הנקרה.gpx,מוכל-ב,,,,,13.1,124.8,0.978
הכלה,283,2023-01-09_געתון_יחיעם.gpx,348,2024-01-03_געתון_יחיעם_עין יעקב_1.gpx,מוכל-ב,,,,,13.5,63.1,1
הכלה,283,2023-01-09_געתון_יחיעם.gpx,241,2022-08-19_געתון_כברי_לימן.gpx,מוכל-ב,,,,,8.3,115,0.978
הכלה,283,2023-01-09_געתון_יחיעם.gpx,71,2013-10-01_געתון_עין יעקב.gpx,מוכל-ב,,,,,9.1,113,0.978
הכלה,283,2023-01-09_געתון_יחיעם.gpx,626,יער הדובים השיירה סינגל בני.gpx,מוכל-ב,,,,,11.1,66.2,1
הכלה,283,2023-01-09_געתון_יחיעם.gpx,233,2022-07-31_געתון_יחיעם.gpx,מוכל-ב,,,,,6.7,18.5,1
הכלה,283,2023-01-09_געתון_יחיעם.gpx,443,2025-09-10_געתון_יחיעם_כברי.gpx,מוכל-ב,,,,,11.4,118.1,0.978
הכלה,283,2023-01-09_געתון_יחיעם.gpx,347,2024-01-03_געתון_יחיעם_עין יעקב.gpx,מוכל-ב,,,,,15.1,94.7,1
הכלה,283,2023-01-09_געתון_יחיעם.gpx,208,2022-06-09_געתון_יחיעם_עין יעקב.gpx,מוכל-ב,,,,,7.2,18,1
הכלה,283,2023-01-09_געתון_יחיעם.gpx,188,2022-05-04_געתון_יחיעם.gpx,מוכל-ב,,,,,6.7,16.6,1
הכלה,283,2023-01-09_געתון_יחיעם.gpx,475,2026-02-07_מעיליא_מנות_הילה.gpx,מוכל-ב,,,,,12.5,114,0.978
הכלה,283,2023-01-09_געתון_יחיעם.gpx,165,2022-02-28_געתון_כברי_לימן.gpx,מוכל-ב,,,,,9.7,117.5,0.978
הכלה,283,2023-01-09_געתון_יחיעם.gpx,108,2021-09-26_געתון_יחיעם.gpx,מוכל-ב,,,,,12.4,22.5,1
הכלה,283,2023-01-09_געתון_יחיעם.gpx,363,2024-03-29_געתון_עין יעקב.gpx,מוכל-ב,,,,,17.5,87.4,1
הכלה,283,2023-01-09_געתון_יחיעם.gpx,138,2021-12-25_געתון_מעיליא_מעונה.gpx,מוכל-ב,,,,,12.1,121.3,0.978
הכלה,283,2023-01-09_געתון_יחיעם.gpx,201,2022-05-29_געתון_כברי_לימן.gpx,מוכל-ב,,,,,10.2,111.8,0.978
הכלה,283,2023-01-09_געתון_יחיעם.gpx,143,2022-01-07_געתון_מעיליא_מעונה.gpx,מוכל-ב,,,,,9.5,122,0.978
הכלה,283,2023-01-09_געתון_יחיעם.gpx,270,2022-12-03_מנות_הילה_מעיליא.gpx,מוכל-ב,,,,,9.9,128.3,0.978
הכלה,283,2023-01-09_געתון_יחיעם.gpx,360,2024-03-09_געתון_עין יעקב.gpx,מוכל-ב,,,,,14.2,87,1
הכלה,283,2023-01-09_געתון_יחיעם.gpx,32,2013-07-25_געתון_שלומי_כברי.gpx,מוכל-ב,,,,,23.5,123.7,0.978
הכלה,283,2023-01-09_געתון_יחיעם.gpx,206,2022-06-04_געתון_כברי_נהרייה.gpx,מוכל-ב,,,,,14,119.9,0.978
הכלה,283,2023-01-09_געתון_יחיעם.gpx,453,2025-10-02_געתון_כברי_גשר הזיו.gpx,מוכל-ב,,,,,10,118.1,0.978
הכלה,283,2023-01-09_געתון_יחיעם.gpx,355,2024-02-23_געתון_עין יעקב.gpx,מוכל-ב,,,,,10.9,83.8,1
הכלה,283,2023-01-09_געתון_יחיעם.gpx,455,2025-10-11_געתון_יחיעם_כברי.gpx,מוכל-ב,,,,,15.2,118.4,0.978
הכלה,283,2023-01-09_געתון_יחיעם.gpx,228,2022-07-16_מנות_געתון_מעיליא.gpx,מוכל-ב,,,,,12.6,118.4,0.978
הכלה,283,2023-01-09_געתון_יחיעם.gpx,210,2022-06-12_געתון_יחיעם.gpx,מוכל-ב,,,,,5.1,14.6,1
הכלה,283,2023-01-09_געתון_יחיעם.gpx,145,2022-01-14_געתון_יחיעם.gpx,מוכל-ב,,,,,9.6,17.4,1
הכלה,283,2023-01-09_געתון_יחיעם.gpx,452,2025-10-01_שבי ציון_כברי_נהרייה.gpx,מוכל-ב,,,,,9.2,121.6,0.978
הכלה,283,2023-01-09_געתון_יחיעם.gpx,27,2013-07-13_געתון_מעיליא_נווה זיו.gpx,מוכל-ב,,,,,17.1,114.9,0.978
הכלה,283,2023-01-09_געתון_יחיעם.gpx,189,2022-05-06_געתון_יחיעם.gpx,מוכל-ב,,,,,6.9,14.9,1
הכלה,283,2023-01-09_געתון_יחיעם.gpx,232,2022-07-23_געתון_נווה זיו.gpx,מוכל-ב,,,,,8.7,111.7,0.978
הכלה,283,2023-01-09_געתון_יחיעם.gpx,502,2026-05-07_געתון_כברי_לימן.gpx,מוכל-ב,,,,,10.1,116.8,0.978
הכלה,283,2023-01-09_געתון_יחיעם.gpx,234,2022-08-02_געתון_יחיעם.gpx,מוכל-ב,,,,,10.3,52.3,1
הכלה,283,2023-01-09_געתון_יחיעם.gpx,238,2022-08-13_מנות_הילה_מעיליא.gpx,מוכל-ב,,,,,15,120.7,0.978
הכלה,283,2023-01-09_געתון_יחיעם.gpx,490,2026-03-25_געתון_גשר הזיו_כברי.gpx,מוכל-ב,,,,,10.2,115.9,0.978
הכלה,283,2023-01-09_געתון_יחיעם.gpx,216,2022-06-24_מנות_מעיליא_כברי.gpx,מוכל-ב,,,,,14.2,122.8,0.978
הכלה,283,2023-01-09_געתון_יחיעם.gpx,25,2013-07-10_עין יעקב_מעונה_געתון.gpx,מוכל-ב,,,,,20.8,119.3,0.978
הכלה,283,2023-01-09_געתון_יחיעם.gpx,177,2022-04-07_געתון_יחיעם.gpx,מוכל-ב,,,,,6.1,32.5,1
הכלה,283,2023-01-09_געתון_יחיעם.gpx,275,2022-12-10_מנות_הילה_כברי.gpx,מוכל-ב,,,,,13.8,118.1,0.978
הכלה,283,2023-01-09_געתון_יחיעם.gpx,447,2025-09-22_שבי ציון_כברי_נהרייה.gpx,מוכל-ב,,,,,20.2,124.9,0.978
הכלה,283,2023-01-09_געתון_יחיעם.gpx,260,2022-11-04_מעיליא_געתון_מעונה.gpx,מוכל-ב,,,,,10.6,119.6,0.978
הכלה,283,2023-01-09_געתון_יחיעם.gpx,173,2022-04-01_געתון_יחיעם.gpx,מוכל-ב,,,,,10.7,21.6,1
הכלה,283,2023-01-09_געתון_יחיעם.gpx,175,2022-04-03_געתון_יחיעם.gpx,מוכל-ב,,,,,5.3,11,1
הכלה,283,2023-01-09_געתון_יחיעם.gpx,214,2022-06-19_געתון_כברי_לימן.gpx,מוכל-ב,,,,,8.8,114.4,0.978
הכלה,283,2023-01-09_געתון_יחיעם.gpx,497,2026-04-20_כברי_געתון_גשר הזיו.gpx,מוכל-ב,,,,,9.9,120.1,0.978
הכלה,283,2023-01-09_געתון_יחיעם.gpx,257,2022-10-26_געתון_יחיעם.gpx,מוכל-ב,,,,,7.5,18.8,1
הכלה,283,2023-01-09_געתון_יחיעם.gpx,185,2022-04-21_געתון_יחיעם.gpx,מוכל-ב,,,,,7.8,23.2,1
הכלה,283,2023-01-09_געתון_יחיעם.gpx,528,2026-06-24 געתון_נהריה_ראש-הנקרה_נהריה_געתון.gpx,מוכל-ב,,,,,9.2,113.5,0.978
הכלה,283,2023-01-09_געתון_יחיעם.gpx,256,2022-10-24_געתון_יחיעם.gpx,מוכל-ב,,,,,6.5,14.2,1
הכלה,283,2023-01-09_געתון_יחיעם.gpx,36,2013-08-01_מעונה_עין יעקב_געתון.gpx,מוכל-ב,,,,,18.5,86.2,1
הכלה,283,2023-01-09_געתון_יחיעם.gpx,286,2023-01-18_געתון_כברי_גשר הזיו.gpx,מוכל-ב,,,,,5.4,10.3,1
הכלה,283,2023-01-09_געתון_יחיעם.gpx,226,2022-07-11_געתון_כברי_כפר ראש הנקרה.gpx,מוכל-ב,,,,,15.8,118.4,0.978
הכלה,283,2023-01-09_געתון_יחיעם.gpx,151,2022-01-29_געתון_יחיעם.gpx,מוכל-ב,,,,,10.5,23.1,1
הכלה,283,2023-01-09_געתון_יחיעם.gpx,140,2021-12-31_געתון_מעיליא_מעונה.gpx,מוכל-ב,,,,,11.2,121.1,0.978
הכלה,283,2023-01-09_געתון_יחיעם.gpx,174,2022-04-02_געתון_מעיליא_נווה זיו.gpx,מוכל-ב,,,,,8.9,123.1,0.978
הכלה,283,2023-01-09_געתון_יחיעם.gpx,195,2022-05-18_געתון_יחיעם.gpx,מוכל-ב,,,,,5.5,18.7,1
הכלה,283,2023-01-09_געתון_יחיעם.gpx,344,2023-12-19_געתון_עין יעקב_יחיעם_1.gpx,מוכל-ב,,,,,13.5,56.1,1
הכלה,283,2023-01-09_געתון_יחיעם.gpx,183,2022-04-16_מנות_הילה_מעיליא.gpx,מוכל-ב,,,,,9.7,125.6,0.978
הכלה,283,2023-01-09_געתון_יחיעם.gpx,196,2022-05-19_געתון_מעונה_עין יעקב.gpx,מוכל-ב,,,,,15.3,90.7,1
הכלה,283,2023-01-09_געתון_יחיעם.gpx,117,2021-11-06_מעיליא_געתון_מעונה.gpx,מוכל-ב,,,,,19.4,120,0.978
הכלה,283,2023-01-09_געתון_יחיעם.gpx,28,2013-07-15_געתון_שבי ציון_גשר הזיו.gpx,מוכל-ב,,,,,19.6,122.7,0.978
הכלה,283,2023-01-09_געתון_יחיעם.gpx,550,2026-08-08_געתון_כברי_מנות.gpx,מוכל-ב,,,,,11.1,119.8,0.978
הכלה,283,2023-01-09_געתון_יחיעם.gpx,62,2013-09-18_געתון_מעיליא_מנות.gpx,מוכל-ב,,,,,9.8,118.8,0.978
הכלה,283,2023-01-09_געתון_יחיעם.gpx,68,2013-09-26_געתון_כפר ורדים_מנות.gpx,מוכל-ב,,,,,22.4,119.6,0.978
הכלה,283,2023-01-09_געתון_יחיעם.gpx,230,2022-07-19_כברי_געתון_לימן.gpx,מוכל-ב,,,,,12.9,107.7,0.978
הכלה,283,2023-01-09_געתון_יחיעם.gpx,536,2026-07-07_עבדון_געתון_יערה.gpx,מוכל-ב,,,,,7.9,119.8,0.978
הכלה,283,2023-01-09_געתון_יחיעם.gpx,91,2021-08-07_געתון_מעיליא_מעונה.gpx,מוכל-ב,,,,,14.5,117.8,0.978
הכלה,283,2023-01-09_געתון_יחיעם.gpx,541,2026-07-14_שבי ציון_כברי_נהרייה.gpx,מוכל-ב,,,,,14.1,122,0.978
הכלה,283,2023-01-09_געתון_יחיעם.gpx,40,2013-08-08_געתון_כברי.gpx,מוכל-ב,,,,,13.3,117,0.978
הכלה,283,2023-01-09_געתון_יחיעם.gpx,154,2022-02-02_געתון_יחיעם.gpx,מוכל-ב,,,,,12.8,22.6,1
הכלה,283,2023-01-09_געתון_יחיעם.gpx,535,2026-07-04_מעיליא_מנות_הילה.gpx,מוכל-ב,,,,,9.9,120.6,0.978
הכלה,283,2023-01-09_געתון_יחיעם.gpx,44,2013-08-16_געתון_שלומי_כפר ראש הנקרה.gpx,מוכל-ב,,,,,9.4,113.6,0.978
הכלה,283,2023-01-09_געתון_יחיעם.gpx,122,2021-11-19_געתון_יחיעם.gpx,מוכל-ב,,,,,8.5,16.8,1
הכלה,283,2023-01-09_געתון_יחיעם.gpx,139,2021-12-29_געתון_יחיעם.gpx,מוכל-ב,,,,,9.3,16.5,1
הכלה,283,2023-01-09_געתון_יחיעם.gpx,492,2026-04-08_געתון_כברי_גשר הזיו.gpx,מוכל-ב,,,,,12.6,116.8,0.978
הכלה,283,2023-01-09_געתון_יחיעם.gpx,543,2026-07-19_עין יעקב_מנות_עבדון.gpx,מוכל-ב,,,,,9.1,117.2,0.978
הכלה,283,2023-01-09_געתון_יחיעם.gpx,72,2013-10-02_געתון_עין יעקב_מעיליא.gpx,מוכל-ב,,,,,14,118.3,0.978
הכלה,283,2023-01-09_געתון_יחיעם.gpx,262,2022-11-09_געתון_יחיעם.gpx,מוכל-ב,,,,,7.5,13.8,1
הכלה,283,2023-01-09_געתון_יחיעם.gpx,42,2013-08-12_געתון_כברי_לימן.gpx,מוכל-ב,,,,,16.2,163,0.978
הכלה,283,2023-01-09_געתון_יחיעם.gpx,215,2022-06-21_געתון_יחיעם_עין יעקב.gpx,מוכל-ב,,,,,5.5,14,1
הכלה,283,2023-01-09_געתון_יחיעם.gpx,107,2021-09-25_מעיליא_געתון_מעונה.gpx,מוכל-ב,,,,,20,121.8,0.978
הכלה,283,2023-01-09_געתון_יחיעם.gpx,99,2021-09-11_געתון_מעיליא_מעונה.gpx,מוכל-ב,,,,,18.6,124.5,0.978
הכלה,283,2023-01-09_געתון_יחיעם.gpx,280,2022-12-23_געתון_כברי_לימן.gpx,מוכל-ב,,,,,10.5,118,0.978
הכלה,283,2023-01-09_געתון_יחיעם.gpx,551,2026-08-08_מנות_כברי_הילה.gpx,מוכל-ב,,,,,9.2,115.6,0.978
הכלה,283,2023-01-09_געתון_יחיעם.gpx,224,2022-07-08_מנות_געתון_הילה.gpx,מוכל-ב,,,,,18.1,119.2,0.978
הכלה,283,2023-01-09_געתון_יחיעם.gpx,520,2026-06-06_געתון_בוסתן הגליל_נתיב השיירה.gpx,מוכל-ב,,,,,18.6,122.1,0.978
הכלה,283,2023-01-09_געתון_יחיעם.gpx,180,2022-04-13_געתון_יחיעם.gpx,מוכל-ב,,,,,11.5,23.7,1
הכלה,283,2023-01-09_געתון_יחיעם.gpx,199,2022-05-26_געתון_יחיעם.gpx,מוכל-ב,,,,,12.2,20.3,1
הכלה,283,2023-01-09_געתון_יחיעם.gpx,505,2026-05-13_עבדון_כברי_גורן.gpx,מוכל-ב,,,,,14.3,121.4,0.978
הכלה,283,2023-01-09_געתון_יחיעם.gpx,446,2025-09-20_געתון_יחיעם_עין יעקב.gpx,מוכל-ב,,,,,8.2,113.7,0.978
הכלה,283,2023-01-09_געתון_יחיעם.gpx,191,2022-05-11_געתון_יחיעם.gpx,מוכל-ב,,,,,9,23.8,1
הכלה,283,2023-01-09_געתון_יחיעם.gpx,488,2026-03-18_געתון_כברי_גשר הזיו.gpx,מוכל-ב,,,,,16.8,118.2,0.978
הכלה,283,2023-01-09_געתון_יחיעם.gpx,200,2022-05-27_געתון_כברי_לימן.gpx,מוכל-ב,,,,,7.4,22,1
הכלה,283,2023-01-09_געתון_יחיעם.gpx,557,2026-08-14_געתון_כברי.gpx,מוכל-ב,,,,,19.7,122.5,0.978
הכלה,283,2023-01-09_געתון_יחיעם.gpx,255,2022-10-23_געתון_יחיעם.gpx,מוכל-ב,,,,,5.4,10.8,1
הכלה,283,2023-01-09_געתון_יחיעם.gpx,242,2022-08-20_געתון_מנות_מעיליא.gpx,מוכל-ב,,,,,15,118.4,0.978
הכלה,283,2023-01-09_געתון_יחיעם.gpx,429,2025-03-02_געתון_עין יעקב_יחיעם.gpx,מוכל-ב,,,,,9.7,55.7,1
הכלה,283,2023-01-09_געתון_יחיעם.gpx,123,2021-11-22_געתון_יחיעם.gpx,מוכל-ב,,,,,5.3,22.6,1
הכלה,283,2023-01-09_געתון_יחיעם.gpx,558,2026-08-14_געתון_כברי_מצובה.gpx,מוכל-ב,,,,,8.7,117.9,0.978
הכלה,283,2023-01-09_געתון_יחיעם.gpx,160,2022-02-19_געתון_יחיעם.gpx,מוכל-ב,,,,,6.1,12.3,1
הכלה,283,2023-01-09_געתון_יחיעם.gpx,227,2022-07-15_געתון_כברי_לימן.gpx,מוכל-ב,,,,,9.5,115.2,0.978
הכלה,283,2023-01-09_געתון_יחיעם.gpx,167,2022-03-04_געתון_כברי_יחיעם.gpx,מוכל-ב,,,,,5,19,1
זהה,282,2022-12-30_געתון_כברי_לימן.gpx,284,2023-01-10_געתון_כברי_לימן.gpx,זהה,FALSE,1.6,7.1,4.7,10.1,21.8,1
זהה,282,2022-12-30_געתון_כברי_לימן.gpx,502,2026-05-07_געתון_כברי_לימן.gpx,זהה,TRUE,0.6,3.6,9.5,23.7,289.8,1
חשוד,282,2022-12-30_געתון_כברי_לימן.gpx,492,2026-04-08_געתון_כברי_גשר הזיו.gpx,חשוד - לבדיקה ידנית,TRUE,4.9,0.7,56.4,19.4,336.7,1
חשוד,282,2022-12-30_געתון_כברי_לימן.gpx,497,2026-04-20_כברי_געתון_גשר הזיו.gpx,חשוד - לבדיקה ידנית,FALSE,4.5,5.9,2.4,19,337.8,1
הכלה,282,2022-12-30_געתון_כברי_לימן.gpx,227,2022-07-15_געתון_כברי_לימן.gpx,מוכל-ב,,,,,29.6,288,1
הכלה,282,2022-12-30_געתון_כברי_לימן.gpx,239,2022-08-14_געתון_כברי_לימן.gpx,מוכל-ב,,,,,30.9,288.8,1
הכלה,282,2022-12-30_געתון_כברי_לימן.gpx,241,2022-08-19_געתון_כברי_לימן.gpx,מוכל-ב,,,,,31.4,292.7,1
הכלה,282,2022-12-30_געתון_כברי_לימן.gpx,165,2022-02-28_געתון_כברי_לימן.gpx,מוכל-ב,,,,,10.4,24.9,1
הכלה,282,2022-12-30_געתון_כברי_לימן.gpx,201,2022-05-29_געתון_כברי_לימן.gpx,מוכל-ב,,,,,21.4,288.3,1
הכלה,282,2022-12-30_געתון_כברי_לימן.gpx,206,2022-06-04_געתון_כברי_נהרייה.gpx,מוכל-ב,,,,,40.6,969.7,0.965
הכלה,282,2022-12-30_געתון_כברי_לימן.gpx,226,2022-07-11_געתון_כברי_כפר ראש הנקרה.gpx,מוכל-ב,,,,,33.3,289.6,1
הכלה,282,2022-12-30_געתון_כברי_לימן.gpx,550,2026-08-08_געתון_כברי_מנות.gpx,מוכל-ב,,,,,109.1,1309.2,0.91
הכלה,282,2022-12-30_געתון_כברי_לימן.gpx,200,2022-05-27_געתון_כברי_לימן.gpx,מוכל-ב,,,,,21.3,288.5,1
הכלה,282,2022-12-30_געתון_כברי_לימן.gpx,551,2026-08-08_מנות_כברי_הילה.gpx,מוכל-ב,,,,,109.4,1310.6,0.91
חשוד,281,2022-12-28_געתון_גשר הזיו_כברי.gpx,475,2026-02-07_מעיליא_מנות_הילה.gpx,חשוד - לבדיקה ידנית,FALSE,0.6,8.7,8.7,637.2,4618.2,0.707
חשוד,281,2022-12-28_געתון_גשר הזיו_כברי.gpx,497,2026-04-20_כברי_געתון_גשר הזיו.gpx,חשוד - לבדיקה ידנית,FALSE,2.5,2,1.9,394.8,3294.6,0.818
חשוד,281,2022-12-28_געתון_גשר הזיו_כברי.gpx,492,2026-04-08_געתון_כברי_גשר הזיו.gpx,חשוד - לבדיקה ידנית,FALSE,2.1,53.9,6.8,392.1,3287.2,0.819
חשוד,281,2022-12-28_געתון_גשר הזיו_כברי.gpx,558,2026-08-14_געתון_כברי_מצובה.gpx,חשוד - לבדיקה ידנית,TRUE,2.2,13.2,12.5,806.6,3647.6,0.609
הכלה,281,2022-12-28_געתון_גשר הזיו_כברי.gpx,226,2022-07-11_געתון_כברי_כפר ראש הנקרה.gpx,מוכל-ב,,,,,54,696.1,0.963
הכלה,281,2022-12-28_געתון_גשר הזיו_כברי.gpx,551,2026-08-08_מנות_כברי_הילה.gpx,מוכל-ב,,,,,115.2,1306.8,0.916
זהה,280,2022-12-23_געתון_כברי_לימן.gpx,284,2023-01-10_געתון_כברי_לימן.gpx,זהה,FALSE,3,4.5,5.5,32.8,455,0.995
זהה,280,2022-12-23_געתון_כברי_לימן.gpx,281,2022-12-28_געתון_גשר הזיו_כברי.gpx,זהה,TRUE,2.6,5.8,5.8,54.5,562.2,0.962
זהה,280,2022-12-23_געתון_כברי_לימן.gpx,497,2026-04-20_כברי_געתון_גשר הזיו.gpx,זהה,TRUE,0,3.9,4.3,61.5,548.6,0.962
זהה,280,2022-12-23_געתון_כברי_לימן.gpx,492,2026-04-08_געתון_כברי_גשר הזיו.gpx,זהה,TRUE,0.4,3.5,59.4,58.3,551.8,0.962
חשוד,280,2022-12-23_געתון_כברי_לימן.gpx,502,2026-05-07_געתון_כברי_לימן.gpx,חשוד - לבדיקה ידנית,TRUE,3.9,4.9,5.3,109.2,1378,0.925
חשוד,280,2022-12-23_געתון_כברי_לימן.gpx,475,2026-02-07_מעיליא_מנות_הילה.gpx,חשוד - לבדיקה ידנית,TRUE,3.1,3.7,8.7,669.9,4648.9,0.665
חשוד,280,2022-12-23_געתון_כברי_לימן.gpx,282,2022-12-30_געתון_כברי_לימן.gpx,חשוד - לבדיקה ידנית,FALSE,4.5,3.9,4.8,25.1,281.8,1
חשוד,280,2022-12-23_געתון_כברי_לימן.gpx,558,2026-08-14_געתון_כברי_מצובה.gpx,חשוד - לבדיקה ידנית,FALSE,4.7,7.2,14.4,744,3698.7,0.636
הכלה,280,2022-12-23_געתון_כברי_לימן.gpx,201,2022-05-29_געתון_כברי_לימן.gpx,מוכל-ב,,,,,52.6,546.5,0.971
הכלה,280,2022-12-23_געתון_כברי_לימן.gpx,226,2022-07-11_געתון_כברי_כפר ראש הנקרה.gpx,מוכל-ב,,,,,30.3,281.3,1
זהה,279,2022-12-21_געתון_יחיעם.gpx,293,2023-02-20_געתון_יחיעם_עין יעקב.gpx,זהה,TRUE,0.2,10.3,10.6,6.1,22.6,1
חשוד,279,2022-12-21_געתון_יחיעם.gpx,478,2026-02-24_עין יעקב_מעונה_געתון.gpx,חשוד - לבדיקה ידנית,TRUE,3,3.9,5.3,144.5,590,0.653
הכלה,279,2022-12-21_געתון_יחיעם.gpx,200,2022-05-27_געתון_כברי_לימן.gpx,מוכל-ב,,,,,18.8,160.3,1
הכלה,279,2022-12-21_געתון_יחיעם.gpx,227,2022-07-15_געתון_כברי_לימן.gpx,מוכל-ב,,,,,22.9,224.6,0.968
הכלה,279,2022-12-21_געתון_יחיעם.gpx,197,2022-05-20_געתון_כברי_לימן.gpx,מוכל-ב,,,,,19.9,160.9,1
הכלה,279,2022-12-21_געתון_יחיעם.gpx,239,2022-08-14_געתון_כברי_לימן.gpx,מוכל-ב,,,,,14.7,92.5,1
הכלה,279,2022-12-21_געתון_יחיעם.gpx,265,2022-11-18_געתון_יחיעם_עין יעקב.gpx,מוכל-ב,,,,,9.4,90.5,1
הכלה,279,2022-12-21_געתון_יחיעם.gpx,626,יער הדובים השיירה סינגל בני.gpx,מוכל-ב,,,,,42.7,167.2,1
הכלה,279,2022-12-21_געתון_יחיעם.gpx,241,2022-08-19_געתון_כברי_לימן.gpx,מוכל-ב,,,,,12.4,92.6,1
הכלה,279,2022-12-21_געתון_יחיעם.gpx,201,2022-05-29_געתון_כברי_לימן.gpx,מוכל-ב,,,,,20.9,162,1
הכלה,279,2022-12-21_געתון_יחיעם.gpx,206,2022-06-04_געתון_כברי_נהרייה.gpx,מוכל-ב,,,,,28.6,250.2,0.979
הכלה,279,2022-12-21_געתון_יחיעם.gpx,226,2022-07-11_געתון_כברי_כפר ראש הנקרה.gpx,מוכל-ב,,,,,15.4,92.5,1
הכלה,278,2022-12-17_מנות_מעיליא_הילה.gpx,209,2022-06-11_מנות_מעיליא_כברי.gpx,מוכל-ב,,,,,26.9,309,0.974
הכלה,278,2022-12-17_מנות_מעיליא_הילה.gpx,550,2026-08-08_געתון_כברי_מנות.gpx,מוכל-ב,,,,,88.8,1284.5,0.905
הכלה,278,2022-12-17_מנות_מעיליא_הילה.gpx,543,2026-07-19_עין יעקב_מנות_עבדון.gpx,מוכל-ב,,,,,30,408,0.966
הכלה,278,2022-12-17_מנות_מעיליא_הילה.gpx,551,2026-08-08_מנות_כברי_הילה.gpx,מוכל-ב,,,,,92.4,1285.1,0.905
הכלה,278,2022-12-17_מנות_מעיליא_הילה.gpx,216,2022-06-24_מנות_מעיליא_כברי.gpx,מוכל-ב,,,,,11.6,121.3,1
הכלה,278,2022-12-17_מנות_מעיליא_הילה.gpx,80,2015-12-03_מנות_מעונה_הילה.gpx,מוכל-ב,,,,,65.5,800.4,0.914
הכלה,278,2022-12-17_מנות_מעיליא_הילה.gpx,224,2022-07-08_מנות_געתון_הילה.gpx,מוכל-ב,,,,,12.3,121.4,1
זהה,277,2022-12-16_געתון_יחיעם_עין יעקב.gpx,484,2026-03-06_עין יעקב_געתון_כברי.gpx,זהה,FALSE,1.9,23.7,7.2,36.6,188,1
הכלה,277,2022-12-16_געתון_יחיעם_עין יעקב.gpx,241,2022-08-19_געתון_כברי_לימן.gpx,מוכל-ב,,,,,12.6,112.5,1
הכלה,277,2022-12-16_געתון_יחיעם_עין יעקב.gpx,206,2022-06-04_געתון_כברי_נהרייה.gpx,מוכל-ב,,,,,27.9,255.9,0.981
הכלה,277,2022-12-16_געתון_יחיעם_עין יעקב.gpx,226,2022-07-11_געתון_כברי_כפר ראש הנקרה.gpx,מוכל-ב,,,,,14.4,116.3,1
הכלה,277,2022-12-16_געתון_יחיעם_עין יעקב.gpx,626,יער הדובים השיירה סינגל בני.gpx,מוכל-ב,,,,,35.9,182.9,1
הכלה,277,2022-12-16_געתון_יחיעם_עין יעקב.gpx,239,2022-08-14_געתון_כברי_לימן.gpx,מוכל-ב,,,,,14.7,117.1,1
הכלה,277,2022-12-16_געתון_יחיעם_עין יעקב.gpx,227,2022-07-15_געתון_כברי_לימן.gpx,מוכל-ב,,,,,15.7,206.3,0.99
הכלה,277,2022-12-16_געתון_יחיעם_עין יעקב.gpx,265,2022-11-18_געתון_יחיעם_עין יעקב.gpx,מוכל-ב,,,,,8.4,112,1
חשוד,276,2022-12-12_געתון_יחיעם_עין יעקב.gpx,356,2024-02-25_געתון_עין יעקב.gpx,חשוד - לבדיקה ידנית,FALSE,1.4,39.9,13.1,386.5,2070.8,0.618
חשוד,276,2022-12-12_געתון_יחיעם_עין יעקב.gpx,363,2024-03-29_געתון_עין יעקב.gpx,חשוד - לבדיקה ידנית,FALSE,0.4,14.7,4,382,2102.7,0.623
חשוד,276,2022-12-12_געתון_יחיעם_עין יעקב.gpx,291,2023-02-17_געתון_יחיעם_עין יעקב.gpx,חשוד - לבדיקה ידנית,TRUE,4.2,59.2,7.6,12.6,25.8,1
הכלה,276,2022-12-12_געתון_יחיעם_עין יעקב.gpx,239,2022-08-14_געתון_כברי_לימן.gpx,מוכל-ב,,,,,28.3,430.9,0.961
הכלה,276,2022-12-12_געתון_יחיעם_עין יעקב.gpx,626,יער הדובים השיירה סינגל בני.gpx,מוכל-ב,,,,,41.1,173.4,0.935
הכלה,276,2022-12-12_געתון_יחיעם_עין יעקב.gpx,484,2026-03-06_עין יעקב_געתון_כברי.gpx,מוכל-ב,,,,,46.1,180.8,0.922
הכלה,276,2022-12-12_געתון_יחיעם_עין יעקב.gpx,265,2022-11-18_געתון_יחיעם_עין יעקב.gpx,מוכל-ב,,,,,25.6,424.1,0.961
הכלה,276,2022-12-12_געתון_יחיעם_עין יעקב.gpx,293,2023-02-20_געתון_יחיעם_עין יעקב.gpx,מוכל-ב,,,,,51.8,589,0.909
הכלה,276,2022-12-12_געתון_יחיעם_עין יעקב.gpx,241,2022-08-19_געתון_כברי_לימן.gpx,מוכל-ב,,,,,31.5,427.6,0.961
הכלה,276,2022-12-12_געתון_יחיעם_עין יעקב.gpx,201,2022-05-29_געתון_כברי_לימן.gpx,מוכל-ב,,,,,33.8,423.8,0.935
הכלה,276,2022-12-12_געתון_יחיעם_עין יעקב.gpx,226,2022-07-11_געתון_כברי_כפר ראש הנקרה.gpx,מוכל-ב,,,,,29.4,428.4,0.961
הכלה,276,2022-12-12_געתון_יחיעם_עין יעקב.gpx,200,2022-05-27_געתון_כברי_לימן.gpx,מוכל-ב,,,,,30.9,428.5,0.935
הכלה,276,2022-12-12_געתון_יחיעם_עין יעקב.gpx,279,2022-12-21_געתון_יחיעם.gpx,מוכל-ב,,,,,53.7,582,0.909
זהה,275,2022-12-10_מנות_הילה_כברי.gpx,278,2022-12-17_מנות_מעיליא_הילה.gpx,זהה,FALSE,2.4,3.1,25.7,21.5,275,0.991
הכלה,275,2022-12-10_מנות_הילה_כברי.gpx,209,2022-06-11_מנות_מעיליא_כברי.gpx,מוכל-ב,,,,,9.7,24.5,1
הכלה,275,2022-12-10_מנות_הילה_כברי.gpx,550,2026-08-08_געתון_כברי_מנות.gpx,מוכל-ב,,,,,97.8,1308,0.903
הכלה,275,2022-12-10_מנות_הילה_כברי.gpx,543,2026-07-19_עין יעקב_מנות_עבדון.gpx,מוכל-ב,,,,,38.5,424.1,0.965
הכלה,275,2022-12-10_מנות_הילה_כברי.gpx,551,2026-08-08_מנות_כברי_הילה.gpx,מוכל-ב,,,,,102.1,1308.6,0.903
הכלה,275,2022-12-10_מנות_הילה_כברי.gpx,216,2022-06-24_מנות_מעיליא_כברי.gpx,מוכל-ב,,,,,20.8,215.2,1
הכלה,275,2022-12-10_מנות_הילה_כברי.gpx,80,2015-12-03_מנות_מעונה_הילה.gpx,מוכל-ב,,,,,45.5,805.7,0.938
הכלה,275,2022-12-10_מנות_הילה_כברי.gpx,224,2022-07-08_מנות_געתון_הילה.gpx,מוכל-ב,,,,,19.3,217.1,1
חשוד,274,2022-12-08_נווה זוהר_ערד.gpx,288,2023-01-26_נווה זוהר_ערד.gpx,חשוד - לבדיקה ידנית,FALSE,0.6,108.7,114.5,195.2,761.5,0.544
חשוד,274,2022-12-08_נווה זוהר_ערד.gpx,374,2024-05-21_נווה זוהר_ערד.gpx,חשוד - לבדיקה ידנית,FALSE,1.9,528.2,522.5,197.3,1033.6,0.602
חשוד,274,2022-12-08_נווה זוהר_ערד.gpx,375,2024-05-22_נווה זוהר_ערד.gpx,חשוד - לבדיקה ידנית,FALSE,4.2,526.7,526.5,221.8,1034.7,0.524
הכלה,274,2022-12-08_נווה זוהר_ערד.gpx,298,2023-03-23_נווה זוהר_ערד.gpx,מוכל-ב,,,,,16.3,134.8,1
הכלה,274,2022-12-08_נווה זוהר_ערד.gpx,297,2023-03-22_נווה זוהר_ערד.gpx,מוכל-ב,,,,,21.3,224.7,0.99
חשוד,273,2022-12-07_נווה זוהר_ערד.gpx,289,2023-01-27_נווה זוהר_ערד.gpx,חשוד - לבדיקה ידנית,FALSE,0.1,100.4,108.2,32.5,141,1
חשוד,273,2022-12-07_נווה זוהר_ערד.gpx,287,2023-01-25_נווה זוהר_ערד.gpx,חשוד - לבדיקה ידנית,FALSE,0.6,30.1,113.5,12.1,87.3,1
חשוד,273,2022-12-07_נווה זוהר_ערד.gpx,296,2023-03-21_נווה זוהר_ערד.gpx,חשוד - לבדיקה ידנית,TRUE,0.3,531.7,532.6,75,773.5,0.906
הכלה,273,2022-12-07_נווה זוהר_ערד.gpx,148,2022-01-18_נווה זוהר_ערד.gpx,מוכל-ב,,,,,41,353.7,0.958
הכלה,273,2022-12-07_נווה זוהר_ערד.gpx,297,2023-03-22_נווה זוהר_ערד.gpx,מוכל-ב,,,,,33.5,226.7,0.99
הכלה,273,2022-12-07_נווה זוהר_ערד.gpx,427,2025-02-13_נווה זוהר_ערד.gpx,מוכל-ב,,,,,47.6,437,0.927
הכלה,273,2022-12-07_נווה זוהר_ערד.gpx,298,2023-03-23_נווה זוהר_ערד.gpx,מוכל-ב,,,,,30.1,151.4,1
זהה,272,2022-12-06_נווה זוהר_ערד.gpx,273,2022-12-07_נווה זוהר_ערד.gpx,זהה,FALSE,1.3,8.2,1.2,13.2,24.1,1
חשוד,272,2022-12-06_נווה זוהר_ערד.gpx,296,2023-03-21_נווה זוהר_ערד.gpx,חשוד - לבדיקה ידנית,FALSE,1.6,528.8,528.5,80.2,776.2,0.904
חשוד,272,2022-12-06_נווה זוהר_ערד.gpx,424,2025-02-10_נווה זוהר_ערד.gpx,חשוד - לבדיקה ידנית,TRUE,4.5,90.9,96.2,45.9,173.7,1
חשוד,272,2022-12-06_נווה זוהר_ערד.gpx,289,2023-01-27_נווה זוהר_ערד.gpx,חשוד - לבדיקה ידנית,FALSE,1.2,101,107.7,37,153.1,1
חשוד,272,2022-12-06_נווה זוהר_ערד.gpx,287,2023-01-25_נווה זוהר_ערד.gpx,חשוד - לבדיקה ידנית,FALSE,1.9,38.2,113,13.7,80.6,1
הכלה,272,2022-12-06_נווה זוהר_ערד.gpx,297,2023-03-22_נווה זוהר_ערד.gpx,מוכל-ב,,,,,34.2,230.4,0.989
הכלה,272,2022-12-06_נווה זוהר_ערד.gpx,148,2022-01-18_נווה זוהר_ערד.gpx,מוכל-ב,,,,,32.4,341.1,0.957
הכלה,272,2022-12-06_נווה זוהר_ערד.gpx,427,2025-02-13_נווה זוהר_ערד.gpx,מוכל-ב,,,,,48.7,430.5,0.926
הכלה,272,2022-12-06_נווה זוהר_ערד.gpx,298,2023-03-23_נווה זוהר_ערד.gpx,מוכל-ב,,,,,27.7,156.8,1
הכלה,272,2022-12-06_נווה זוהר_ערד.gpx,374,2024-05-21_נווה זוהר_ערד.gpx,מוכל-ב,,,,,53,526.3,0.947
זהה,271,2022-12-05_נווה זוהר_ערד.gpx,273,2022-12-07_נווה זוהר_ערד.gpx,זהה,TRUE,0.4,8.6,9.8,13.3,28.4,1
זהה,271,2022-12-05_נווה זוהר_ערד.gpx,272,2022-12-06_נווה זוהר_ערד.gpx,זהה,TRUE,0.9,8.4,10,9.4,27.7,1
חשוד,271,2022-12-05_נווה זוהר_ערד.gpx,287,2023-01-25_נווה זוהר_ערד.gpx,חשוד - לבדיקה ידנית,TRUE,1,105.1,33.6,13.7,70.8,1
חשוד,271,2022-12-05_נווה זוהר_ערד.gpx,289,2023-01-27_נווה זוהר_ערד.gpx,חשוד - לבדיקה ידנית,TRUE,0.3,99.9,91.6,36.3,149.7,1
חשוד,271,2022-12-05_נווה זוהר_ערד.gpx,296,2023-03-21_נווה זוהר_ערד.gpx,חשוד - לבדיקה ידנית,FALSE,0.7,530.9,527.5,81.2,779.8,0.905
הכלה,271,2022-12-05_נווה זוהר_ערד.gpx,427,2025-02-13_נווה זוהר_ערד.gpx,מוכל-ב,,,,,49.7,426,0.926
הכלה,271,2022-12-05_נווה זוהר_ערד.gpx,298,2023-03-23_נווה זוהר_ערד.gpx,מוכל-ב,,,,,29.3,151.4,1
הכלה,271,2022-12-05_נווה זוהר_ערד.gpx,297,2023-03-22_נווה זוהר_ערד.gpx,מוכל-ב,,,,,33.3,233,0.989
הכלה,271,2022-12-05_נווה זוהר_ערד.gpx,148,2022-01-18_נווה זוהר_ערד.gpx,מוכל-ב,,,,,35,333.7,0.958
זהה,270,2022-12-03_מנות_הילה_מעיליא.gpx,278,2022-12-17_מנות_מעיליא_הילה.gpx,זהה,FALSE,2.3,8.1,7,16.3,279.7,0.991
זהה,270,2022-12-03_מנות_הילה_מעיליא.gpx,275,2022-12-10_מנות_הילה_כברי.gpx,זהה,FALSE,0.1,11.1,19.4,9.4,22.4,1
הכלה,270,2022-12-03_מנות_הילה_מעיליא.gpx,550,2026-08-08_געתון_כברי_מנות.gpx,מוכל-ב,,,,,94.7,1303.6,0.903
הכלה,270,2022-12-03_מנות_הילה_מעיליא.gpx,543,2026-07-19_עין יעקב_מנות_עבדון.gpx,מוכל-ב,,,,,37.1,409.9,0.965
הכלה,270,2022-12-03_מנות_הילה_מעיליא.gpx,216,2022-06-24_מנות_מעיליא_כברי.gpx,מוכל-ב,,,,,20.4,218.2,1
הכלה,270,2022-12-03_מנות_הילה_מעיליא.gpx,551,2026-08-08_מנות_כברי_הילה.gpx,מוכל-ב,,,,,102.4,1304.3,0.903
הכלה,270,2022-12-03_מנות_הילה_מעיליא.gpx,80,2015-12-03_מנות_מעונה_הילה.gpx,מוכל-ב,,,,,50,800.8,0.938
הכלה,270,2022-12-03_מנות_הילה_מעיליא.gpx,224,2022-07-08_מנות_געתון_הילה.gpx,מוכל-ב,,,,,19.2,219.8,1
הכלה,270,2022-12-03_מנות_הילה_מעיליא.gpx,209,2022-06-11_מנות_מעיליא_כברי.gpx,מוכל-ב,,,,,8.8,24.2,1
זהה,269,2022-11-30_כברי_לימן_גשר הזיו.gpx,411,2024-12-25_כברי_כפר ראש הנקרה_לימן.gpx,זהה,TRUE,1.2,7.8,4.1,46.8,759.8,0.963
זהה,269,2022-11-30_כברי_לימן_גשר הזיו.gpx,410,2024-12-20_כברי_כפר ראש הנקרה_לימן.gpx,זהה,TRUE,0.7,9.8,6.2,48.8,553.4,0.963
חשוד,269,2022-11-30_כברי_לימן_גשר הזיו.gpx,465,2026-01-10_כברי_לימן_גשר הזיו.gpx,חשוד - לבדיקה ידנית,TRUE,3.2,4,5.3,41,766.4,0.956
חשוד,269,2022-11-30_כברי_לימן_גשר הזיו.gpx,409,2024-12-17_כברי_כפר ראש הנקרה_לימן.gpx,חשוד - לבדיקה ידנית,TRUE,3.8,8.4,9,44.4,766.1,0.963
חשוד,269,2022-11-30_כברי_לימן_גשר הזיו.gpx,481,2026-02-27_כברי_גשר הזיו_לימן.gpx,חשוד - לבדיקה ידנית,TRUE,0.5,113.2,114.8,201.3,1676.2,0.776
חשוד,269,2022-11-30_כברי_לימן_גשר הזיו.gpx,471,2026-01-30_כברי_לימן_גשר הזיו.gpx,חשוד - לבדיקה ידנית,TRUE,0.7,11.9,8.9,191.9,1686.2,0.799
זהה,268,2022-11-24_געתון_יחיעם_עין יעקב.gpx,276,2022-12-12_געתון_יחיעם_עין יעקב.gpx,זהה,TRUE,0.7,9.1,61.6,9.4,23.1,1
חשוד,268,2022-11-24_געתון_יחיעם_עין יעקב.gpx,356,2024-02-25_געתון_עין יעקב.gpx,חשוד - לבדיקה ידנית,TRUE,0.7,21.1,22.9,388.3,2069.7,0.618
חשוד,268,2022-11-24_געתון_יחיעם_עין יעקב.gpx,363,2024-03-29_געתון_עין יעקב.gpx,חשוד - לבדיקה ידנית,TRUE,0.4,12.7,50.3,126.1,553.2,0.711
חשוד,268,2022-11-24_געתון_יחיעם_עין יעקב.gpx,291,2023-02-17_געתון_יחיעם_עין יעקב.gpx,חשוד - לבדיקה ידנית,FALSE,3.5,3.5,8.6,11.3,23.4,1
הכלה,268,2022-11-24_געתון_יחיעם_עין יעקב.gpx,279,2022-12-21_געתון_יחיעם.gpx,מוכל-ב,,,,,28.1,362.1,0.921
הכלה,268,2022-11-24_געתון_יחיעם_עין יעקב.gpx,197,2022-05-20_געתון_כברי_לימן.gpx,מוכל-ב,,,,,38,376.9,0.908
הכלה,268,2022-11-24_געתון_יחיעם_עין יעקב.gpx,239,2022-08-14_געתון_כברי_לימן.gpx,מוכל-ב,,,,,16,100.7,1
הכלה,268,2022-11-24_געתון_יחיעם_עין יעקב.gpx,484,2026-03-06_עין יעקב_געתון_כברי.gpx,מוכל-ב,,,,,46.8,182.3,0.934
הכלה,268,2022-11-24_געתון_יחיעם_עין יעקב.gpx,265,2022-11-18_געתון_יחיעם_עין יעקב.gpx,מוכל-ב,,,,,12.3,98.9,1
הכלה,268,2022-11-24_געתון_יחיעם_עין יעקב.gpx,293,2023-02-20_געתון_יחיעם_עין יעקב.gpx,מוכל-ב,,,,,29.4,374.5,0.921
הכלה,268,2022-11-24_געתון_יחיעם_עין יעקב.gpx,241,2022-08-19_געתון_כברי_לימן.gpx,מוכל-ב,,,,,12.1,106,1
הכלה,268,2022-11-24_געתון_יחיעם_עין יעקב.gpx,201,2022-05-29_געתון_כברי_לימן.gpx,מוכל-ב,,,,,20.1,159.5,0.987
הכלה,268,2022-11-24_געתון_יחיעם_עין יעקב.gpx,277,2022-12-16_געתון_יחיעם_עין יעקב.gpx,מוכל-ב,,,,,37.7,374.2,0.908
הכלה,268,2022-11-24_געתון_יחיעם_עין יעקב.gpx,626,יער הדובים השיירה סינגל בני.gpx,מוכל-ב,,,,,40.1,162.8,0.974
הכלה,268,2022-11-24_געתון_יחיעם_עין יעקב.gpx,226,2022-07-11_געתון_כברי_כפר ראש הנקרה.gpx,מוכל-ב,,,,,15.5,103.3,1
הכלה,268,2022-11-24_געתון_יחיעם_עין יעקב.gpx,200,2022-05-27_געתון_כברי_לימן.gpx,מוכל-ב,,,,,16.2,157.4,0.987
הכלה,268,2022-11-24_געתון_יחיעם_עין יעקב.gpx,483,2026-03-05_געתון_כברי.gpx,מוכל-ב,,,,,41.2,366,0.908
הכלה,266,2022-11-19_מעיליא_געתון_מעונה.gpx,25,2013-07-10_עין יעקב_מעונה_געתון.gpx,מוכל-ב,,,,,25.5,217.9,0.972
הכלה,266,2022-11-19_מעיליא_געתון_מעונה.gpx,72,2013-10-02_געתון_עין יעקב_מעיליא.gpx,מוכל-ב,,,,,44.6,511.9,0.931
הכלה,266,2022-11-19_מעיליא_געתון_מעונה.gpx,35,2013-07-30_מעונה_עין יעקב_געתון.gpx,מוכל-ב,,,,,23.2,218.8,0.972
הכלה,266,2022-11-19_מעיליא_געתון_מעונה.gpx,67,2013-09-25_געתון_עין יעקב_מעיליא.gpx,מוכל-ב,,,,,46.9,505.1,0.931
הכלה,266,2022-11-19_מעיליא_געתון_מעונה.gpx,74,2013-10-06_מעונה_עין יעקב_געתון.gpx,מוכל-ב,,,,,20.3,216.9,0.972
הכלה,266,2022-11-19_מעיליא_געתון_מעונה.gpx,56,2013-09-07_געתון_מעונה_גשר הזיו.gpx,מוכל-ב,,,,,24.7,220.4,0.972
הכלה,266,2022-11-19_מעיליא_געתון_מעונה.gpx,43,2013-08-14_געתון_מעונה_עין יעקב.gpx,מוכל-ב,,,,,18.4,216.3,0.972
הכלה,266,2022-11-19_מעיליא_געתון_מעונה.gpx,24,2013-07-08_עין יעקב_מעונה_געתון.gpx,מוכל-ב,,,,,17,219.7,0.972
חשוד,265,2022-11-18_געתון_יחיעם_עין יעקב.gpx,482,2026-02-28_געתון_כברי.gpx,חשוד - לבדיקה ידנית,TRUE,2.6,10,8.6,272.4,796.8,0.512
חשוד,265,2022-11-18_געתון_יחיעם_עין יעקב.gpx,626,יער הדובים השיירה סינגל בני.gpx,חשוד - לבדיקה ידנית,FALSE,4.4,6.8,49.3,299.6,1114.1,0.578
הכלה,265,2022-11-18_געתון_יחיעם_עין יעקב.gpx,241,2022-08-19_געתון_כברי_לימן.gpx,מוכל-ב,,,,,11.5,24.9,1
הכלה,265,2022-11-18_געתון_יחיעם_עין יעקב.gpx,206,2022-06-04_געתון_כברי_נהרייה.gpx,מוכל-ב,,,,,35.8,351.8,0.983
הכלה,265,2022-11-18_געתון_יחיעם_עין יעקב.gpx,226,2022-07-11_געתון_כברי_כפר ראש הנקרה.gpx,מוכל-ב,,,,,10.3,25.1,1
הכלה,265,2022-11-18_געתון_יחיעם_עין יעקב.gpx,239,2022-08-14_געתון_כברי_לימן.gpx,מוכל-ב,,,,,13,25.2,1
הכלה,265,2022-11-18_געתון_יחיעם_עין יעקב.gpx,227,2022-07-15_געתון_כברי_לימן.gpx,מוכל-ב,,,,,28.3,414.4,0.967
זהה,264,2022-11-17_געתון_יחיעם.gpx,291,2023-02-17_געתון_יחיעם_עין יעקב.gpx,זהה,TRUE,1.4,7.5,7.3,13.8,239.8,0.986
חשוד,264,2022-11-17_געתון_יחיעם.gpx,268,2022-11-24_געתון_יחיעם_עין יעקב.gpx,חשוד - לבדיקה ידנית,TRUE,4.8,1.3,6.4,16.8,248,0.986
חשוד,264,2022-11-17_געתון_יחיעם.gpx,356,2024-02-25_געתון_עין יעקב.gpx,חשוד - לבדיקה ידנית,FALSE,4.2,21.7,18.5,131.6,614.9,0.658
חשוד,264,2022-11-17_געתון_יחיעם.gpx,429,2025-03-02_געתון_עין יעקב_יחיעם.gpx,חשוד - לבדיקה ידנית,TRUE,2.9,1.3,1.5,180,787.6,0.589
הכלה,264,2022-11-17_געתון_יחיעם.gpx,483,2026-03-05_געתון_כברי.gpx,מוכל-ב,,,,,35.9,355.6,0.904
הכלה,264,2022-11-17_געתון_יחיעם.gpx,241,2022-08-19_געתון_כברי_לימן.gpx,מוכל-ב,,,,,17.2,245.2,0.973
הכלה,264,2022-11-17_געתון_יחיעם.gpx,279,2022-12-21_געתון_יחיעם.gpx,מוכל-ב,,,,,23.3,351.7,0.945
הכלה,264,2022-11-17_געתון_יחיעם.gpx,201,2022-05-29_געתון_כברי_לימן.gpx,מוכל-ב,,,,,22.7,244.1,0.945
הכלה,264,2022-11-17_געתון_יחיעם.gpx,626,יער הדובים השיירה סינגל בני.gpx,מוכל-ב,,,,,45.2,241,0.918
הכלה,264,2022-11-17_געתון_יחיעם.gpx,226,2022-07-11_געתון_כברי_כפר ראש הנקרה.gpx,מוכל-ב,,,,,18.2,245.3,0.973
הכלה,264,2022-11-17_געתון_יחיעם.gpx,293,2023-02-20_געתון_יחיעם_עין יעקב.gpx,מוכל-ב,,,,,24.5,364.2,0.945
הכלה,264,2022-11-17_געתון_יחיעם.gpx,200,2022-05-27_געתון_כברי_לימן.gpx,מוכל-ב,,,,,20,245.9,0.959
הכלה,264,2022-11-17_געתון_יחיעם.gpx,265,2022-11-18_געתון_יחיעם_עין יעקב.gpx,מוכל-ב,,,,,16.5,247.1,0.973
הכלה,264,2022-11-17_געתון_יחיעם.gpx,197,2022-05-20_געתון_כברי_לימן.gpx,מוכל-ב,,,,,33.6,366.5,0.904
הכלה,264,2022-11-17_געתון_יחיעם.gpx,239,2022-08-14_געתון_כברי_לימן.gpx,מוכל-ב,,,,,17.7,243.1,0.973
הכלה,264,2022-11-17_געתון_יחיעם.gpx,277,2022-12-16_געתון_יחיעם_עין יעקב.gpx,מוכל-ב,,,,,33.2,363.9,0.932
חשוד,263,2022-11-11_געתון_יחיעם.gpx,405,2024-10-19_געתון_עין יעקב_יחיעם.gpx,חשוד - לבדיקה ידנית,TRUE,3,4.1,102.4,211.2,518.3,0.416
חשוד,263,2022-11-11_געתון_יחיעם.gpx,268,2022-11-24_געתון_יחיעם_עין יעקב.gpx,חשוד - לבדיקה ידנית,TRUE,4,5.4,9.1,62.6,406.2,0.855
חשוד,263,2022-11-11_געתון_יחיעם.gpx,276,2022-12-12_געתון_יחיעם_עין יעקב.gpx,חשוד - לבדיקה ידנית,TRUE,3.3,5,54,82.1,638.7,0.844
חשוד,263,2022-11-11_געתון_יחיעם.gpx,356,2024-02-25_געתון_עין יעקב.gpx,חשוד - לבדיקה ידנית,TRUE,4.6,12.8,14.3,154.4,1207,0.763
חשוד,263,2022-11-11_געתון_יחיעם.gpx,363,2024-03-29_געתון_עין יעקב.gpx,חשוד - לבדיקה ידנית,TRUE,3.7,1.2,44.2,152,1239.8,0.766
הכלה,263,2022-11-11_געתון_יחיעם.gpx,626,יער הדובים השיירה סינגל בני.gpx,מוכל-ב,,,,,39.5,204.7,0.924
הכלה,263,2022-11-11_געתון_יחיעם.gpx,257,2022-10-26_געתון_יחיעם.gpx,מוכל-ב,,,,,31.9,233,0.937
הכלה,263,2022-11-11_געתון_יחיעם.gpx,256,2022-10-24_געתון_יחיעם.gpx,מוכל-ב,,,,,29.3,234.1,0.937
הכלה,263,2022-11-11_געתון_יחיעם.gpx,226,2022-07-11_געתון_כברי_כפר ראש הנקרה.gpx,מוכל-ב,,,,,20.2,202,0.975
הכלה,263,2022-11-11_געתון_יחיעם.gpx,262,2022-11-09_געתון_יחיעם.gpx,מוכל-ב,,,,,29.6,229.5,0.937
הכלה,263,2022-11-11_געתון_יחיעם.gpx,197,2022-05-20_געתון_כברי_לימן.gpx,מוכל-ב,,,,,29.9,199.9,0.949
הכלה,263,2022-11-11_געתון_יחיעם.gpx,200,2022-05-27_געתון_כברי_לימן.gpx,מוכל-ב,,,,,27.6,194.6,0.962
הכלה,263,2022-11-11_געתון_יחיעם.gpx,255,2022-10-23_געתון_יחיעם.gpx,מוכל-ב,,,,,34.2,234.1,0.937
הכלה,263,2022-11-11_געתון_יחיעם.gpx,227,2022-07-15_געתון_כברי_לימן.gpx,מוכל-ב,,,,,22.9,201.2,0.975
הכלה,263,2022-11-11_געתון_יחיעם.gpx,265,2022-11-18_געתון_יחיעם_עין יעקב.gpx,מוכל-ב,,,,,18.1,204.9,0.975
הכלה,263,2022-11-11_געתון_יחיעם.gpx,277,2022-12-16_געתון_יחיעם_עין יעקב.gpx,מוכל-ב,,,,,15.6,200.3,0.987
הכלה,263,2022-11-11_געתון_יחיעם.gpx,239,2022-08-14_געתון_כברי_לימן.gpx,מוכל-ב,,,,,17.1,198.6,0.975
הכלה,263,2022-11-11_געתון_יחיעם.gpx,483,2026-03-05_געתון_כברי.gpx,מוכל-ב,,,,,30,198.4,0.962
הכלה,263,2022-11-11_געתון_יחיעם.gpx,241,2022-08-19_געתון_כברי_לימן.gpx,מוכל-ב,,,,,19.6,202.1,0.975
הכלה,263,2022-11-11_געתון_יחיעם.gpx,201,2022-05-29_געתון_כברי_לימן.gpx,מוכל-ב,,,,,26.7,198.3,0.949
הכלה,263,2022-11-11_געתון_יחיעם.gpx,206,2022-06-04_געתון_כברי_נהרייה.gpx,מוכל-ב,,,,,35.7,227.1,0.911
הכלה,263,2022-11-11_געתון_יחיעם.gpx,484,2026-03-06_עין יעקב_געתון_כברי.gpx,מוכל-ב,,,,,49.2,202,0.911
חשוד,262,2022-11-09_געתון_יחיעם.gpx,483,2026-03-05_געתון_כברי.gpx,חשוד - לבדיקה ידנית,FALSE,1,791.7,10.5,125.6,705.7,0.75
הכלה,262,2022-11-09_געתון_יחיעם.gpx,241,2022-08-19_געתון_כברי_לימן.gpx,מוכל-ב,,,,,11.2,120,1
הכלה,262,2022-11-09_געתון_יחיעם.gpx,206,2022-06-04_געתון_כברי_נהרייה.gpx,מוכל-ב,,,,,26.7,242.5,0.978
הכלה,262,2022-11-09_געתון_יחיעם.gpx,484,2026-03-06_עין יעקב_געתון_כברי.gpx,מוכל-ב,,,,,25.1,197.1,0.989
הכלה,262,2022-11-09_געתון_יחיעם.gpx,256,2022-10-24_געתון_יחיעם.gpx,מוכל-ב,,,,,7.2,17,1
הכלה,262,2022-11-09_געתון_יחיעם.gpx,226,2022-07-11_געתון_כברי_כפר ראש הנקרה.gpx,מוכל-ב,,,,,13.1,121.8,1
הכלה,262,2022-11-09_געתון_יחיעם.gpx,257,2022-10-26_געתון_יחיעם.gpx,מוכל-ב,,,,,6.8,20,1
הכלה,262,2022-11-09_געתון_יחיעם.gpx,626,יער הדובים השיירה סינגל בני.gpx,מוכל-ב,,,,,22.2,192.1,0.989
הכלה,262,2022-11-09_געתון_יחיעם.gpx,227,2022-07-15_געתון_כברי_לימן.gpx,מוכל-ב,,,,,16.8,119,1
הכלה,262,2022-11-09_געתון_יחיעם.gpx,239,2022-08-14_געתון_כברי_לימן.gpx,מוכל-ב,,,,,8.4,122,1
הכלה,262,2022-11-09_געתון_יחיעם.gpx,265,2022-11-18_געתון_יחיעם_עין יעקב.gpx,מוכל-ב,,,,,11.8,119.5,1
הכלה,262,2022-11-09_געתון_יחיעם.gpx,277,2022-12-16_געתון_יחיעם_עין יעקב.gpx,מוכל-ב,,,,,10.7,21.2,1
חשוד,261,2022-11-07_געתון_יחיעם_עין יעקב.gpx,341,2023-11-20_געתון_עין יעקב.gpx,חשוד - לבדיקה ידנית,TRUE,3.9,8.1,356.9,200.8,801.9,0.644
חשוד,261,2022-11-07_געתון_יחיעם_עין יעקב.gpx,344,2023-12-19_געתון_עין יעקב_יחיעם_1.gpx,חשוד - לבדיקה ידנית,TRUE,2.6,10.4,41.6,194,801,0.661
הכלה,261,2022-11-07_געתון_יחיעם_עין יעקב.gpx,265,2022-11-18_געתון_יחיעם_עין יעקב.gpx,מוכל-ב,,,,,11.9,130.8,0.983
הכלה,261,2022-11-07_געתון_יחיעם_עין יעקב.gpx,277,2022-12-16_געתון_יחיעם_עין יעקב.gpx,מוכל-ב,,,,,8.9,34.6,1
הכלה,261,2022-11-07_געתון_יחיעם_עין יעקב.gpx,257,2022-10-26_געתון_יחיעם.gpx,מוכל-ב,,,,,7.1,20,1
הכלה,261,2022-11-07_געתון_יחיעם_עין יעקב.gpx,268,2022-11-24_געתון_יחיעם_עין יעקב.gpx,מוכל-ב,,,,,8.9,22.1,1
הכלה,261,2022-11-07_געתון_יחיעם_עין יעקב.gpx,256,2022-10-24_געתון_יחיעם.gpx,מוכל-ב,,,,,8.5,21.9,1
הכלה,261,2022-11-07_געתון_יחיעם_עין יעקב.gpx,226,2022-07-11_געתון_כברי_כפר ראש הנקרה.gpx,מוכל-ב,,,,,16.1,133.5,0.983
הכלה,261,2022-11-07_געתון_יחיעם_עין יעקב.gpx,195,2022-05-18_געתון_יחיעם.gpx,מוכל-ב,,,,,22.9,174,0.932
הכלה,261,2022-11-07_געתון_יחיעם_עין יעקב.gpx,215,2022-06-21_געתון_יחיעם_עין יעקב.gpx,מוכל-ב,,,,,22.6,172.4,0.932
הכלה,261,2022-11-07_געתון_יחיעם_עין יעקב.gpx,276,2022-12-12_געתון_יחיעם_עין יעקב.gpx,מוכל-ב,,,,,12,25.6,1
הכלה,261,2022-11-07_געתון_יחיעם_עין יעקב.gpx,255,2022-10-23_געתון_יחיעם.gpx,מוכל-ב,,,,,8,22.8,1
הכלה,261,2022-11-07_געתון_יחיעם_עין יעקב.gpx,483,2026-03-05_געתון_כברי.gpx,מוכל-ב,,,,,29.3,164.6,0.932
הכלה,261,2022-11-07_געתון_יחיעם_עין יעקב.gpx,291,2023-02-17_געתון_יחיעם_עין יעקב.gpx,מוכל-ב,,,,,10.6,23.2,1
הכלה,261,2022-11-07_געתון_יחיעם_עין יעקב.gpx,199,2022-05-26_געתון_יחיעם.gpx,מוכל-ב,,,,,23.3,172,0.949
הכלה,261,2022-11-07_געתון_יחיעם_עין יעקב.gpx,197,2022-05-20_געתון_כברי_לימן.gpx,מוכל-ב,,,,,24.6,168.8,0.932
הכלה,261,2022-11-07_געתון_יחיעם_עין יעקב.gpx,200,2022-05-27_געתון_כברי_לימן.gpx,מוכל-ב,,,,,23.6,168.1,0.949
הכלה,261,2022-11-07_געתון_יחיעם_עין יעקב.gpx,279,2022-12-21_געתון_יחיעם.gpx,מוכל-ב,,,,,5,20.2,1
הכלה,261,2022-11-07_געתון_יחיעם_עין יעקב.gpx,237,2022-08-10_געתון_יחיעם_עין יעקב.gpx,מוכל-ב,,,,,12.3,25.2,1
הכלה,261,2022-11-07_געתון_יחיעם_עין יעקב.gpx,227,2022-07-15_געתון_כברי_לימן.gpx,מוכל-ב,,,,,16,130.4,0.983
הכלה,261,2022-11-07_געתון_יחיעם_עין יעקב.gpx,263,2022-11-11_געתון_יחיעם.gpx,מוכל-ב,,,,,13.4,66.9,1
הכלה,261,2022-11-07_געתון_יחיעם_עין יעקב.gpx,239,2022-08-14_געתון_כברי_לימן.gpx,מוכל-ב,,,,,16.4,134.1,0.983
הכלה,261,2022-11-07_געתון_יחיעם_עין יעקב.gpx,484,2026-03-06_עין יעקב_געתון_כברי.gpx,מוכל-ב,,,,,33.1,169.8,0.932
הכלה,261,2022-11-07_געתון_יחיעם_עין יעקב.gpx,292,2023-02-18_געתון_יחיעם_עין יעקב.gpx,מוכל-ב,,,,,10.5,24.4,1
הכלה,261,2022-11-07_געתון_יחיעם_עין יעקב.gpx,293,2023-02-20_געתון_יחיעם_עין יעקב.gpx,מוכל-ב,,,,,8,22.9,1
הכלה,261,2022-11-07_געתון_יחיעם_עין יעקב.gpx,626,יער הדובים השיירה סינגל בני.gpx,מוכל-ב,,,,,28.2,173,0.932
הכלה,261,2022-11-07_געתון_יחיעם_עין יעקב.gpx,192,2022-05-12_געתון_יחיעם.gpx,מוכל-ב,,,,,22.5,170.7,0.949
הכלה,261,2022-11-07_געתון_יחיעם_עין יעקב.gpx,212,2022-06-16_געתון_יחיעם_עין יעקב.gpx,מוכל-ב,,,,,21.9,174.2,0.932
הכלה,261,2022-11-07_געתון_יחיעם_עין יעקב.gpx,262,2022-11-09_געתון_יחיעם.gpx,מוכל-ב,,,,,12.8,28.5,1
הכלה,261,2022-11-07_געתון_יחיעם_עין יעקב.gpx,241,2022-08-19_געתון_כברי_לימן.gpx,מוכל-ב,,,,,13.2,130.5,0.983
הכלה,261,2022-11-07_געתון_יחיעם_עין יעקב.gpx,264,2022-11-17_געתון_יחיעם.gpx,מוכל-ב,,,,,14.6,70.8,1
הכלה,261,2022-11-07_געתון_יחיעם_עין יעקב.gpx,208,2022-06-09_געתון_יחיעם_עין יעקב.gpx,מוכל-ב,,,,,22.9,173.4,0.932
הכלה,261,2022-11-07_געתון_יחיעם_עין יעקב.gpx,201,2022-05-29_געתון_כברי_לימן.gpx,מוכל-ב,,,,,26.7,170.1,0.932
זהה,259,2022-10-29_געתון_מעיליא_מעונה.gpx,266,2022-11-19_מעיליא_געתון_מעונה.gpx,זהה,FALSE,0.8,19.1,12.6,6.7,65.4,1
חשוד,259,2022-10-29_געתון_מעיליא_מעונה.gpx,260,2022-11-04_מעיליא_געתון_מעונה.gpx,חשוד - לבדיקה ידנית,FALSE,4.7,15.4,38,18.8,348.1,0.958
הכלה,259,2022-10-29_געתון_מעיליא_מעונה.gpx,43,2013-08-14_געתון_מעונה_עין יעקב.gpx,מוכל-ב,,,,,25,312.5,0.958
הכלה,259,2022-10-29_געתון_מעיליא_מעונה.gpx,24,2013-07-08_עין יעקב_מעונה_געתון.gpx,מוכל-ב,,,,,18.9,314.1,0.958
הכלה,259,2022-10-29_געתון_מעיליא_מעונה.gpx,25,2013-07-10_עין יעקב_מעונה_געתון.gpx,מוכל-ב,,,,,30,313,0.958
הכלה,259,2022-10-29_געתון_מעיליא_מעונה.gpx,72,2013-10-02_געתון_עין יעקב_מעיליא.gpx,מוכל-ב,,,,,54.2,582.2,0.917
הכלה,259,2022-10-29_געתון_מעיליא_מעונה.gpx,35,2013-07-30_מעונה_עין יעקב_געתון.gpx,מוכל-ב,,,,,30.9,315.2,0.958
הכלה,259,2022-10-29_געתון_מעיליא_מעונה.gpx,67,2013-09-25_געתון_עין יעקב_מעיליא.gpx,מוכל-ב,,,,,55.5,583.4,0.917
הכלה,259,2022-10-29_געתון_מעיליא_מעונה.gpx,74,2013-10-06_מעונה_עין יעקב_געתון.gpx,מוכל-ב,,,,,23,312.8,0.958
הכלה,259,2022-10-29_געתון_מעיליא_מעונה.gpx,56,2013-09-07_געתון_מעונה_גשר הזיו.gpx,מוכל-ב,,,,,31.9,315.8,0.958
זהה,257,2022-10-26_געתון_יחיעם.gpx,277,2022-12-16_געתון_יחיעם_עין יעקב.gpx,זהה,FALSE,1.9,2.9,1.3,27.3,254.5,0.961
חשוד,257,2022-10-26_געתון_יחיעם.gpx,484,2026-03-06_עין יעקב_געתון_כברי.gpx,חשוד - לבדיקה ידנית,FALSE,0,21.9,8.5,275.3,1052,0.571
חשוד,257,2022-10-26_געתון_יחיעם.gpx,513,2026-05-30_געתון_עין יעקב_מעיליא.gpx,חשוד - לבדיקה ידנית,TRUE,4.1,7.1,8.8,502.3,2544.4,0.505
זהה,256,2022-10-24_געתון_יחיעם.gpx,277,2022-12-16_געתון_יחיעם_עין יעקב.gpx,זהה,FALSE,1.7,2.8,2.7,31.6,252.3,0.961
זהה,256,2022-10-24_געתון_יחיעם.gpx,257,2022-10-26_געתון_יחיעם.gpx,זהה,FALSE,0.2,1.3,1.9,9.2,18.1,1
חשוד,256,2022-10-24_געתון_יחיעם.gpx,484,2026-03-06_עין יעקב_געתון_כברי.gpx,חשוד - לבדיקה ידנית,FALSE,0.2,21.1,9.5,98.3,813.9,0.886
חשוד,256,2022-10-24_געתון_יחיעם.gpx,513,2026-05-30_געתון_עין יעקב_מעיליא.gpx,חשוד - לבדיקה ידנית,TRUE,4.3,8.4,10.1,501.8,2513.3,0.524
זהה,255,2022-10-23_געתון_יחיעם.gpx,262,2022-11-09_געתון_יחיעם.gpx,זהה,FALSE,2.5,3.6,4.9,11.6,19.9,1
חשוד,255,2022-10-23_געתון_יחיעם.gpx,483,2026-03-05_געתון_כברי.gpx,חשוד - לבדיקה ידנית,FALSE,3.4,794,11,126.4,702.2,0.761
חשוד,255,2022-10-23_געתון_יחיעם.gpx,279,2022-12-21_געתון_יחיעם.gpx,חשוד - לבדיקה ידנית,FALSE,4.3,2.6,6,440.4,2532.9,0.692
חשוד,255,2022-10-23_געתון_יחיעם.gpx,293,2023-02-20_געתון_יחיעם_עין יעקב.gpx,חשוד - לבדיקה ידנית,TRUE,4,9.9,10.5,441.2,2529.6,0.692
הכלה,255,2022-10-23_געתון_יחיעם.gpx,239,2022-08-14_געתון_כברי_לימן.gpx,מוכל-ב,,,,,16,91.2,1
הכלה,255,2022-10-23_געתון_יחיעם.gpx,241,2022-08-19_געתון_כברי_לימן.gpx,מוכל-ב,,,,,14.1,95.8,1
הכלה,255,2022-10-23_געתון_יחיעם.gpx,484,2026-03-06_עין יעקב_געתון_כברי.gpx,מוכל-ב,,,,,26.9,184.8,0.989
הכלה,255,2022-10-23_געתון_יחיעם.gpx,206,2022-06-04_געתון_כברי_נהרייה.gpx,מוכל-ב,,,,,27.3,242.7,0.978
הכלה,255,2022-10-23_געתון_יחיעם.gpx,256,2022-10-24_געתון_יחיעם.gpx,מוכל-ב,,,,,9.5,34,1
הכלה,255,2022-10-23_געתון_יחיעם.gpx,626,יער הדובים השיירה סינגל בני.gpx,מוכל-ב,,,,,24.5,185.7,0.989
הכלה,255,2022-10-23_געתון_יחיעם.gpx,226,2022-07-11_געתון_כברי_כפר ראש הנקרה.gpx,מוכל-ב,,,,,15.5,93.3,1
הכלה,255,2022-10-23_געתון_יחיעם.gpx,265,2022-11-18_געתון_יחיעם_עין יעקב.gpx,מוכל-ב,,,,,10.4,89.8,1
הכלה,255,2022-10-23_געתון_יחיעם.gpx,277,2022-12-16_געתון_יחיעם_עין יעקב.gpx,מוכל-ב,,,,,9.6,76.5,1
הכלה,255,2022-10-23_געתון_יחיעם.gpx,227,2022-07-15_געתון_כברי_לימן.gpx,מוכל-ב,,,,,13,121.1,1
הכלה,255,2022-10-23_געתון_יחיעם.gpx,257,2022-10-26_געתון_יחיעם.gpx,מוכל-ב,,,,,8.2,37.9,1
זהה,254,2022-10-21_געתון_יחיעם.gpx,345,2023-12-30_געתון_יחיעם_עין יעקב.gpx,זהה,FALSE,1,5.9,4.1,23.3,237.7,0.968
זהה,254,2022-10-21_געתון_יחיעם.gpx,346,2023-12-31_געתון_יחיעם_עין יעקב.gpx,זהה,TRUE,1.3,21.3,47.4,24.1,261.6,0.968
חשוד,254,2022-10-21_געתון_יחיעם.gpx,341,2023-11-20_געתון_עין יעקב.gpx,חשוד - לבדיקה ידנית,FALSE,1.1,354.4,2,81.9,491.2,0.77
חשוד,254,2022-10-21_געתון_יחיעם.gpx,261,2022-11-07_געתון_יחיעם_עין יעקב.gpx,חשוד - לבדיקה ידנית,TRUE,5,8.9,9.9,192.5,803.2,0.661
חשוד,254,2022-10-21_געתון_יחיעם.gpx,347,2024-01-03_געתון_יחיעם_עין יעקב.gpx,חשוד - לבדיקה ידנית,FALSE,3.5,12.5,7.9,20.9,237.1,0.984
חשוד,254,2022-10-21_געתון_יחיעם.gpx,344,2023-12-19_געתון_עין יעקב_יחיעם_1.gpx,חשוד - לבדיקה ידנית,TRUE,2.4,5.5,46.6,58.6,462.9,0.85
הכלה,254,2022-10-21_געתון_יחיעם.gpx,160,2022-02-19_געתון_יחיעם.gpx,מוכל-ב,,,,,14.7,236.8,0.968
הכלה,254,2022-10-21_געתון_יחיעם.gpx,257,2022-10-26_געתון_יחיעם.gpx,מוכל-ב,,,,,16.5,241.5,0.968
הכלה,254,2022-10-21_געתון_יחיעם.gpx,161,2022-02-22_געתון_יחיעם.gpx,מוכל-ב,,,,,16,237.8,0.968
הכלה,254,2022-10-21_געתון_יחיעם.gpx,243,2022-08-21_געתון_יחיעם.gpx,מוכל-ב,,,,,21.9,236,0.952
הכלה,254,2022-10-21_געתון_יחיעם.gpx,256,2022-10-24_געתון_יחיעם.gpx,מוכל-ב,,,,,17.5,239.7,0.968
הכלה,254,2022-10-21_געתון_יחיעם.gpx,210,2022-06-12_געתון_יחיעם.gpx,מוכל-ב,,,,,14.7,100.1,1
הכלה,254,2022-10-21_געתון_יחיעם.gpx,185,2022-04-21_געתון_יחיעם.gpx,מוכל-ב,,,,,16.9,237,0.952
זהה,253,2022-10-17_געתון_מעיליא_מעונה.gpx,266,2022-11-19_מעיליא_געתון_מעונה.gpx,זהה,FALSE,2.9,18.8,18.2,8.6,56.4,1
חשוד,253,2022-10-17_געתון_מעיליא_מעונה.gpx,259,2022-10-29_געתון_מעיליא_מעונה.gpx,חשוד - לבדיקה ידנית,FALSE,3.6,16.9,30.6,5.4,52.4,1
חשוד,253,2022-10-17_געתון_מעיליא_מעונה.gpx,367,2024-04-06_געתון_מעיליא_מעונה.gpx,חשוד - לבדיקה ידנית,FALSE,3.1,412.8,8.6,9.1,28.5,1
הכלה,253,2022-10-17_געתון_מעיליא_מעונה.gpx,72,2013-10-02_געתון_עין יעקב_מעיליא.gpx,מוכל-ב,,,,,36.3,410,0.957
הכלה,253,2022-10-17_געתון_מעיליא_מעונה.gpx,35,2013-07-30_מעונה_עין יעקב_געתון.gpx,מוכל-ב,,,,,21.9,42.7,1
הכלה,253,2022-10-17_געתון_מעיליא_מעונה.gpx,67,2013-09-25_געתון_עין יעקב_מעיליא.gpx,מוכל-ב,,,,,32.7,405,0.957
הכלה,253,2022-10-17_געתון_מעיליא_מעונה.gpx,74,2013-10-06_מעונה_עין יעקב_געתון.gpx,מוכל-ב,,,,,13,50.5,1
הכלה,253,2022-10-17_געתון_מעיליא_מעונה.gpx,56,2013-09-07_געתון_מעונה_גשר הזיו.gpx,מוכל-ב,,,,,20.9,46.9,1
הכלה,253,2022-10-17_געתון_מעיליא_מעונה.gpx,43,2013-08-14_געתון_מעונה_עין יעקב.gpx,מוכל-ב,,,,,17.1,50.2,1
הכלה,253,2022-10-17_געתון_מעיליא_מעונה.gpx,24,2013-07-08_עין יעקב_מעונה_געתון.gpx,מוכל-ב,,,,,8.2,45.9,1
הכלה,253,2022-10-17_געתון_מעיליא_מעונה.gpx,25,2013-07-10_עין יעקב_מעונה_געתון.gpx,מוכל-ב,,,,,17.6,52,1
הכלה,252,2022-10-15_געתון_עין יעקב_יחיעם.gpx,405,2024-10-19_געתון_עין יעקב_יחיעם.gpx,מוכל-ב,,,,,21.7,114,0.97
הכלה,252,2022-10-15_געתון_עין יעקב_יחיעם.gpx,344,2023-12-19_געתון_עין יעקב_יחיעם_1.gpx,מוכל-ב,,,,,25.2,68.9,1
הכלה,252,2022-10-15_געתון_עין יעקב_יחיעם.gpx,403,2024-10-07_געתון_עין יעקב_יחיעם.gpx,מוכל-ב,,,,,18.8,161.3,0.97
הכלה,252,2022-10-15_געתון_עין יעקב_יחיעם.gpx,338,2023-10-14_געתון_עין יעקב_יחיעם_1.gpx,מוכל-ב,,,,,14,66.6,1
הכלה,252,2022-10-15_געתון_עין יעקב_יחיעם.gpx,341,2023-11-20_געתון_עין יעקב.gpx,מוכל-ב,,,,,27.5,116.3,0.97
הכלה,244,2022-10-03_געתון_עין יעקב_יחיעם.gpx,341,2023-11-20_געתון_עין יעקב.gpx,מוכל-ב,,,,,26.5,127.6,0.938
הכלה,244,2022-10-03_געתון_עין יעקב_יחיעם.gpx,337,2023-10-14_געתון_עין יעקב_יחיעם.gpx,מוכל-ב,,,,,22,66.3,1
הכלה,244,2022-10-03_געתון_עין יעקב_יחיעם.gpx,252,2022-10-15_געתון_עין יעקב_יחיעם.gpx,מוכל-ב,,,,,22.4,126.2,0.938
הכלה,244,2022-10-03_געתון_עין יעקב_יחיעם.gpx,344,2023-12-19_געתון_עין יעקב_יחיעם_1.gpx,מוכל-ב,,,,,19.2,125.1,0.938
הכלה,244,2022-10-03_געתון_עין יעקב_יחיעם.gpx,338,2023-10-14_געתון_עין יעקב_יחיעם_1.gpx,מוכל-ב,,,,,16.5,68.4,1
הכלה,244,2022-10-03_געתון_עין יעקב_יחיעם.gpx,51,2013-08-29_עין יעקב_געתון.gpx,מוכל-ב,,,,,42.9,156.8,0.938
חשוד,243,2022-08-21_געתון_יחיעם.gpx,405,2024-10-19_געתון_עין יעקב_יחיעם.gpx,חשוד - לבדיקה ידנית,TRUE,1.3,4.2,730.1,296.9,621.7,0.221
חשוד,243,2022-08-21_געתון_יחיעם.gpx,429,2025-03-02_געתון_עין יעקב_יחיעם.gpx,חשוד - לבדיקה ידנית,TRUE,4.2,5.5,808.3,310,1789.3,0.6
חשוד,243,2022-08-21_געתון_יחיעם.gpx,268,2022-11-24_געתון_יחיעם_עין יעקב.gpx,חשוד - לבדיקה ידנית,FALSE,2.3,14.5,808.7,195.9,789.3,0.579
חשוד,243,2022-08-21_געתון_יחיעם.gpx,276,2022-12-12_געתון_יחיעם_עין יעקב.gpx,חשוד - לבדיקה ידנית,FALSE,1.5,60.9,813.1,210.4,797.8,0.545
חשוד,243,2022-08-21_געתון_יחיעם.gpx,356,2024-02-25_געתון_עין יעקב.gpx,חשוד - לבדיקה ידנית,FALSE,2.9,24.2,824.6,197.8,1323.1,0.658
חשוד,243,2022-08-21_געתון_יחיעם.gpx,363,2024-03-29_געתון_עין יעקב.gpx,חשוד - לבדיקה ידנית,FALSE,1.9,48.7,812.6,201.2,1356.1,0.662
הכלה,243,2022-08-21_געתון_יחיעם.gpx,160,2022-02-19_געתון_יחיעם.gpx,מוכל-ב,,,,,19.5,195.1,0.949
זהה,242,2022-08-20_געתון_מנות_מעיליא.gpx,278,2022-12-17_מנות_מעיליא_הילה.gpx,זהה,FALSE,0.1,2.8,16.7,14.9,22.4,1
זהה,242,2022-08-20_געתון_מנות_מעיליא.gpx,270,2022-12-03_מנות_הילה_מעיליא.gpx,זהה,FALSE,2.4,10.9,9.9,21.6,288.2,0.991
זהה,242,2022-08-20_געתון_מנות_מעיליא.gpx,275,2022-12-10_מנות_הילה_כברי.gpx,זהה,FALSE,2.5,0.3,10.3,16.6,283.4,0.991
הכלה,242,2022-08-20_געתון_מנות_מעיליא.gpx,216,2022-06-24_מנות_מעיליא_כברי.gpx,מוכל-ב,,,,,13.3,131.9,1
הכלה,242,2022-08-20_געתון_מנות_מעיליא.gpx,80,2015-12-03_מנות_מעונה_הילה.gpx,מוכל-ב,,,,,56.4,806.6,0.914
הכלה,242,2022-08-20_געתון_מנות_מעיליא.gpx,224,2022-07-08_מנות_געתון_הילה.gpx,מוכל-ב,,,,,11.8,131.5,1
הכלה,242,2022-08-20_געתון_מנות_מעיליא.gpx,209,2022-06-11_מנות_מעיליא_כברי.gpx,מוכל-ב,,,,,24.5,307,0.974
הכלה,242,2022-08-20_געתון_מנות_מעיליא.gpx,550,2026-08-08_געתון_כברי_מנות.gpx,מוכל-ב,,,,,93.7,1299.6,0.905
הכלה,242,2022-08-20_געתון_מנות_מעיליא.gpx,551,2026-08-08_מנות_כברי_הילה.gpx,מוכל-ב,,,,,93.4,1300.3,0.905
הכלה,242,2022-08-20_געתון_מנות_מעיליא.gpx,543,2026-07-19_עין יעקב_מנות_עבדון.gpx,מוכל-ב,,,,,33.5,415,0.966
חשוד,241,2022-08-19_געתון_כברי_לימן.gpx,528,2026-06-24 געתון_נהריה_ראש-הנקרה_נהריה_געתון.gpx,חשוד - לבדיקה ידנית,FALSE,0.7,16.6,1.4,820.9,3601.5,0.639
זהה,239,2022-08-14_געתון_כברי_לימן.gpx,241,2022-08-19_געתון_כברי_לימן.gpx,זהה,FALSE,0.6,2.9,0.4,11,24.8,1
חשוד,239,2022-08-14_געתון_כברי_לימן.gpx,558,2026-08-14_געתון_כברי_מצובה.gpx,חשוד - לבדיקה ידנית,FALSE,4.6,9.6,18.7,1040.6,3909.3,0.573
חשוד,239,2022-08-14_געתון_כברי_לימן.gpx,528,2026-06-24 געתון_נהריה_ראש-הנקרה_נהריה_געתון.gpx,חשוד - לבדיקה ידנית,FALSE,0.1,16.4,1,821.4,3602.2,0.639
זהה,238,2022-08-13_מנות_הילה_מעיליא.gpx,270,2022-12-03_מנות_הילה_מעיליא.gpx,זהה,FALSE,2.3,11.4,6.7,19.7,286.8,0.991
זהה,238,2022-08-13_מנות_הילה_מעיליא.gpx,278,2022-12-17_מנות_מעיליא_הילה.gpx,זהה,FALSE,0,4.5,7.7,14.3,25.1,1
זהה,238,2022-08-13_מנות_הילה_מעיליא.gpx,275,2022-12-10_מנות_הילה_כברי.gpx,זהה,FALSE,2.4,4.6,25,13.8,282.1,0.991
זהה,238,2022-08-13_מנות_הילה_מעיליא.gpx,242,2022-08-20_געתון_מנות_מעיליא.gpx,זהה,FALSE,0.2,4.4,14.8,4.8,10.3,1
הכלה,238,2022-08-13_מנות_הילה_מעיליא.gpx,80,2015-12-03_מנות_מעונה_הילה.gpx,מוכל-ב,,,,,58.7,806.1,0.914
הכלה,238,2022-08-13_מנות_הילה_מעיליא.gpx,224,2022-07-08_מנות_געתון_הילה.gpx,מוכל-ב,,,,,13.3,127.1,1
הכלה,238,2022-08-13_מנות_הילה_מעיליא.gpx,209,2022-06-11_מנות_מעיליא_כברי.gpx,מוכל-ב,,,,,25.2,310,0.974
הכלה,238,2022-08-13_מנות_הילה_מעיליא.gpx,550,2026-08-08_געתון_כברי_מנות.gpx,מוכל-ב,,,,,92.5,1306.4,0.905
הכלה,238,2022-08-13_מנות_הילה_מעיליא.gpx,543,2026-07-19_עין יעקב_מנות_עבדון.gpx,מוכל-ב,,,,,32.3,403.2,0.966
הכלה,238,2022-08-13_מנות_הילה_מעיליא.gpx,551,2026-08-08_מנות_כברי_הילה.gpx,מוכל-ב,,,,,94.8,1307.1,0.905
הכלה,238,2022-08-13_מנות_הילה_מעיליא.gpx,216,2022-06-24_מנות_מעיליא_כברי.gpx,מוכל-ב,,,,,14.5,127.5,1
זהה,237,2022-08-10_געתון_יחיעם_עין יעקב.gpx,264,2022-11-17_געתון_יחיעם.gpx,זהה,TRUE,2,2.6,3.5,10.2,85.7,1
חשוד,237,2022-08-10_געתון_יחיעם_עין יעקב.gpx,429,2025-03-02_געתון_עין יעקב_יחיעם.gpx,חשוד - לבדיקה ידנית,FALSE,4.8,2,3.2,198.5,782.5,0.507
חשוד,237,2022-08-10_געתון_יחיעם_עין יעקב.gpx,291,2023-02-17_געתון_יחיעם_עין יעקב.gpx,חשוד - לבדיקה ידנית,FALSE,3.3,7.4,10.4,11.8,78.1,1
חשוד,237,2022-08-10_געתון_יחיעם_עין יעקב.gpx,292,2023-02-18_געתון_יחיעם_עין יעקב.gpx,חשוד - לבדיקה ידנית,TRUE,4.6,13.9,14.9,10.9,22.9,1
חשוד,237,2022-08-10_געתון_יחיעם_עין יעקב.gpx,360,2024-03-09_געתון_עין יעקב.gpx,חשוד - לבדיקה ידנית,TRUE,3.4,10.3,30.2,137.7,779.7,0.71
הכלה,237,2022-08-10_געתון_יחיעם_עין יעקב.gpx,226,2022-07-11_געתון_כברי_כפר ראש הנקרה.gpx,מוכל-ב,,,,,15.8,113,1
הכלה,237,2022-08-10_געתון_יחיעם_עין יעקב.gpx,200,2022-05-27_געתון_כברי_לימן.gpx,מוכל-ב,,,,,17.1,170.2,0.972
הכלה,237,2022-08-10_געתון_יחיעם_עין יעקב.gpx,279,2022-12-21_געתון_יחיעם.gpx,מוכל-ב,,,,,31.1,365.1,0.915
הכלה,237,2022-08-10_געתון_יחיעם_עין יעקב.gpx,241,2022-08-19_געתון_כברי_לימן.gpx,מוכל-ב,,,,,14.2,112.1,1
הכלה,237,2022-08-10_געתון_יחיעם_עין יעקב.gpx,484,2026-03-06_עין יעקב_געתון_כברי.gpx,מוכל-ב,,,,,40.7,173.9,0.93
הכלה,237,2022-08-10_געתון_יחיעם_עין יעקב.gpx,239,2022-08-14_געתון_כברי_לימן.gpx,מוכל-ב,,,,,14,109.1,1
הכלה,237,2022-08-10_געתון_יחיעם_עין יעקב.gpx,293,2023-02-20_געתון_יחיעם_עין יעקב.gpx,מוכל-ב,,,,,32.3,375.1,0.915
הכלה,237,2022-08-10_געתון_יחיעם_עין יעקב.gpx,626,יער הדובים השיירה סינגל בני.gpx,מוכל-ב,,,,,31.9,169.6,0.958
הכלה,237,2022-08-10_געתון_יחיעם_עין יעקב.gpx,201,2022-05-29_געתון_כברי_לימן.gpx,מוכל-ב,,,,,19.2,166.6,0.972
הכלה,237,2022-08-10_געתון_יחיעם_עין יעקב.gpx,265,2022-11-18_געתון_יחיעם_עין יעקב.gpx,מוכל-ב,,,,,11.7,105.8,1
הכלה,237,2022-08-10_געתון_יחיעם_עין יעקב.gpx,277,2022-12-16_געתון_יחיעם_עין יעקב.gpx,מוכל-ב,,,,,42.2,374.6,0.901
חשוד,236,2022-08-09_געתון_יחיעם.gpx,345,2023-12-30_געתון_יחיעם_עין יעקב.gpx,חשוד - לבדיקה ידנית,TRUE,0,0.8,10.3,195.8,773.2,0.603
חשוד,236,2022-08-09_געתון_יחיעם.gpx,341,2023-11-20_געתון_עין יעקב.gpx,חשוד - לבדיקה ידנית,TRUE,2.1,3.6,358.3,142,722.5,0.623
חשוד,236,2022-08-09_געתון_יחיעם.gpx,346,2023-12-31_געתון_יחיעם_עין יעקב.gpx,חשוד - לבדיקה ידנית,TRUE,0.3,16.5,48.3,196.9,806,0.54
חשוד,236,2022-08-09_געתון_יחיעם.gpx,347,2024-01-03_געתון_יחיעם_עין יעקב.gpx,חשוד - לבדיקה ידנית,FALSE,2.5,9.1,9.6,186.8,803.6,0.556
חשוד,236,2022-08-09_געתון_יחיעם.gpx,355,2024-02-23_געתון_עין יעקב.gpx,חשוד - לבדיקה ידנית,FALSE,4.2,3.8,4,138.9,654,0.651
חשוד,236,2022-08-09_געתון_יחיעם.gpx,344,2023-12-19_געתון_עין יעקב_יחיעם_1.gpx,חשוד - לבדיקה ידנית,TRUE,3.4,1.2,47,121.7,771.1,0.7
חשוד,236,2022-08-09_געתון_יחיעם.gpx,254,2022-10-21_געתון_יחיעם.gpx,חשוד - לבדיקה ידנית,TRUE,1,3.5,4.9,194.7,784.5,0.645
הכלה,236,2022-08-09_געתון_יחיעם.gpx,227,2022-07-15_געתון_כברי_לימן.gpx,מוכל-ב,,,,,44.3,375.6,0.905
הכלה,236,2022-08-09_געתון_יחיעם.gpx,197,2022-05-20_געתון_כברי_לימן.gpx,מוכל-ב,,,,,26.1,358.6,0.937
הכלה,236,2022-08-09_געתון_יחיעם.gpx,483,2026-03-05_געתון_כברי.gpx,מוכל-ב,,,,,27.1,346.6,0.937
הכלה,236,2022-08-09_געתון_יחיעם.gpx,279,2022-12-21_געתון_יחיעם.gpx,מוכל-ב,,,,,27.4,343.9,0.921
הכלה,236,2022-08-09_געתון_יחיעם.gpx,237,2022-08-10_געתון_יחיעם_עין יעקב.gpx,מוכל-ב,,,,,16.8,174.3,0.984
הכלה,236,2022-08-09_געתון_יחיעם.gpx,241,2022-08-19_געתון_כברי_לימן.gpx,מוכל-ב,,,,,21.3,198.7,0.968
הכלה,236,2022-08-09_געתון_יחיעם.gpx,626,יער הדובים השיירה סינגל בני.gpx,מוכל-ב,,,,,24.8,159.1,0.937
הכלה,236,2022-08-09_געתון_יחיעם.gpx,484,2026-03-06_עין יעקב_געתון_כברי.gpx,מוכל-ב,,,,,31,179,0.937
הכלה,236,2022-08-09_געתון_יחיעם.gpx,239,2022-08-14_געתון_כברי_לימן.gpx,מוכל-ב,,,,,17.9,204.2,0.968
הכלה,236,2022-08-09_געתון_יחיעם.gpx,293,2023-02-20_געתון_יחיעם_עין יעקב.gpx,מוכל-ב,,,,,28.4,356.4,0.921
הכלה,236,2022-08-09_געתון_יחיעם.gpx,192,2022-05-12_געתון_יחיעם.gpx,מוכל-ב,,,,,13.2,148.1,0.984
הכלה,236,2022-08-09_געתון_יחיעם.gpx,212,2022-06-16_געתון_יחיעם_עין יעקב.gpx,מוכל-ב,,,,,15.1,143.8,0.984
הכלה,236,2022-08-09_געתון_יחיעם.gpx,208,2022-06-09_געתון_יחיעם_עין יעקב.gpx,מוכל-ב,,,,,12.3,144.2,0.984
הכלה,236,2022-08-09_געתון_יחיעם.gpx,264,2022-11-17_געתון_יחיעם.gpx,מוכל-ב,,,,,17.1,202.4,0.968
הכלה,236,2022-08-09_געתון_יחיעם.gpx,201,2022-05-29_געתון_כברי_לימן.gpx,מוכל-ב,,,,,15.4,149.6,0.984
הכלה,236,2022-08-09_געתון_יחיעם.gpx,265,2022-11-18_געתון_יחיעם_עין יעקב.gpx,מוכל-ב,,,,,17.6,199.5,0.968
הכלה,236,2022-08-09_געתון_יחיעם.gpx,226,2022-07-11_געתון_כברי_כפר ראש הנקרה.gpx,מוכל-ב,,,,,18.9,200.1,0.968
הכלה,236,2022-08-09_געתון_יחיעם.gpx,195,2022-05-18_געתון_יחיעם.gpx,מוכל-ב,,,,,15.2,146.3,0.984
הכלה,236,2022-08-09_געתון_יחיעם.gpx,268,2022-11-24_געתון_יחיעם_עין יעקב.gpx,מוכל-ב,,,,,17.1,194.2,0.968
הכלה,236,2022-08-09_געתון_יחיעם.gpx,276,2022-12-12_געתון_יחיעם_עין יעקב.gpx,מוכל-ב,,,,,19.9,199.5,0.968
הכלה,236,2022-08-09_געתון_יחיעם.gpx,215,2022-06-21_געתון_יחיעם_עין יעקב.gpx,מוכל-ב,,,,,14,147.7,0.984
הכלה,236,2022-08-09_געתון_יחיעם.gpx,200,2022-05-27_געתון_כברי_לימן.gpx,מוכל-ב,,,,,11,145.4,0.984
הכלה,236,2022-08-09_געתון_יחיעם.gpx,291,2023-02-17_געתון_יחיעם_עין יעקב.gpx,מוכל-ב,,,,,16.2,195.3,0.968
חשוד,234,2022-08-02_געתון_יחיעם.gpx,346,2023-12-31_געתון_יחיעם_עין יעקב.gpx,חשוד - לבדיקה ידנית,FALSE,0.4,42.8,16.9,60.9,236.7,0.742
חשוד,234,2022-08-02_געתון_יחיעם.gpx,347,2024-01-03_געתון_יחיעם_עין יעקב.gpx,חשוד - לבדיקה ידנית,FALSE,2.7,11.3,10.6,56.7,230.4,0.758
חשוד,234,2022-08-02_געתון_יחיעם.gpx,355,2024-02-23_געתון_עין יעקב.gpx,חשוד - לבדיקה ידנית,TRUE,4.4,11.6,4.1,19,156.7,0.984
חשוד,234,2022-08-02_געתון_יחיעם.gpx,344,2023-12-19_געתון_עין יעקב_יחיעם_1.gpx,חשוד - לבדיקה ידנית,FALSE,3.3,40,0.8,68.2,470.3,0.817
חשוד,234,2022-08-02_געתון_יחיעם.gpx,254,2022-10-21_געתון_יחיעם.gpx,חשוד - לבדיקה ידנית,FALSE,0.9,7.3,3.1,142.4,781.3,0.758
חשוד,234,2022-08-02_געתון_יחיעם.gpx,236,2022-08-09_געתון_יחיעם.gpx,חשוד - לבדיקה ידנית,TRUE,0.1,7.6,0.5,62.4,743.5,0.887
חשוד,234,2022-08-02_געתון_יחיעם.gpx,345,2023-12-30_געתון_יחיעם_עין יעקב.gpx,חשוד - לבדיקה ידנית,FALSE,0.1,7.6,1.3,59.3,230.6,0.758
חשוד,234,2022-08-02_געתון_יחיעם.gpx,341,2023-11-20_געתון_עין יעקב.gpx,חשוד - לבדיקה ידנית,FALSE,1.9,351.8,3.4,91.2,498,0.738
הכלה,234,2022-08-02_געתון_יחיעם.gpx,200,2022-05-27_געתון_כברי_לימן.gpx,מוכל-ב,,,,,10.1,57.1,1
הכלה,234,2022-08-02_געתון_יחיעם.gpx,241,2022-08-19_געתון_כברי_לימן.gpx,מוכל-ב,,,,,14.6,109.4,1
הכלה,234,2022-08-02_געתון_יחיעם.gpx,197,2022-05-20_געתון_כברי_לימן.gpx,מוכל-ב,,,,,13.2,113.5,1
הכלה,234,2022-08-02_געתון_יחיעם.gpx,239,2022-08-14_געתון_כברי_לימן.gpx,מוכל-ב,,,,,13.4,105.8,1
הכלה,234,2022-08-02_געתון_יחיעם.gpx,363,2024-03-29_געתון_עין יעקב.gpx,מוכל-ב,,,,,13.2,96.4,1
הכלה,234,2022-08-02_געתון_יחיעם.gpx,227,2022-07-15_געתון_כברי_לימן.gpx,מוכל-ב,,,,,14.7,103.9,1
הכלה,234,2022-08-02_געתון_יחיעם.gpx,46,2013-08-20_געתון_כברי_שייח' דנון.gpx,מוכל-ב,,,,,43,448.9,0.903
הכלה,234,2022-08-02_געתון_יחיעם.gpx,192,2022-05-12_געתון_יחיעם.gpx,מוכל-ב,,,,,10.8,56.4,1
הכלה,234,2022-08-02_געתון_יחיעם.gpx,212,2022-06-16_געתון_יחיעם_עין יעקב.gpx,מוכל-ב,,,,,13.3,51.5,1
הכלה,234,2022-08-02_געתון_יחיעם.gpx,265,2022-11-18_געתון_יחיעם_עין יעקב.gpx,מוכל-ב,,,,,14.5,102.7,1
הכלה,234,2022-08-02_געתון_יחיעם.gpx,277,2022-12-16_געתון_יחיעם_עין יעקב.gpx,מוכל-ב,,,,,12.7,49.3,1
הכלה,234,2022-08-02_געתון_יחיעם.gpx,208,2022-06-09_געתון_יחיעם_עין יעקב.gpx,מוכל-ב,,,,,10.5,58.4,1
הכלה,234,2022-08-02_געתון_יחיעם.gpx,206,2022-06-04_געתון_כברי_נהרייה.gpx,מוכל-ב,,,,,14.8,108.2,1
הכלה,234,2022-08-02_געתון_יחיעם.gpx,201,2022-05-29_געתון_כברי_לימן.gpx,מוכל-ב,,,,,11.8,107.1,1
הכלה,234,2022-08-02_געתון_יחיעם.gpx,226,2022-07-11_געתון_כברי_כפר ראש הנקרה.gpx,מוכל-ב,,,,,15.5,109.4,1
הכלה,234,2022-08-02_געתון_יחיעם.gpx,195,2022-05-18_געתון_יחיעם.gpx,מוכל-ב,,,,,10.9,55.5,1
הכלה,234,2022-08-02_געתון_יחיעם.gpx,483,2026-03-05_געתון_כברי.gpx,מוכל-ב,,,,,15.8,81.2,1
הכלה,234,2022-08-02_געתון_יחיעם.gpx,215,2022-06-21_געתון_יחיעם_עין יעקב.gpx,מוכל-ב,,,,,11.1,56,1
הכלה,234,2022-08-02_געתון_יחיעם.gpx,356,2024-02-25_געתון_עין יעקב.gpx,מוכל-ב,,,,,20,153.9,0.984
הכלה,234,2022-08-02_געתון_יחיעם.gpx,263,2022-11-11_געתון_יחיעם.gpx,מוכל-ב,,,,,9.8,57.5,1
חשוד,233,2022-07-31_געתון_יחיעם.gpx,344,2023-12-19_געתון_עין יעקב_יחיעם_1.gpx,חשוד - לבדיקה ידנית,FALSE,2.1,43.9,4.2,41.9,223.3,0.831
חשוד,233,2022-07-31_געתון_יחיעם.gpx,254,2022-10-21_געתון_יחיעם.gpx,חשוד - לבדיקה ידנית,TRUE,4.4,2.8,2,40,233.3,0.831
חשוד,233,2022-07-31_געתון_יחיעם.gpx,341,2023-11-20_געתון_עין יעקב.gpx,חשוד - לבדיקה ידנית,TRUE,3.4,4.3,355.3,46.1,234.7,0.797
חשוד,233,2022-07-31_געתון_יחיעם.gpx,261,2022-11-07_געתון_יחיעם_עין יעקב.gpx,חשוד - לבדיקה ידנית,FALSE,0.6,10.8,6.9,154.8,577.2,0.661
הכלה,233,2022-07-31_געתון_יחיעם.gpx,239,2022-08-14_געתון_כברי_לימן.gpx,מוכל-ב,,,,,14.3,99.7,1
הכלה,233,2022-07-31_געתון_יחיעם.gpx,363,2024-03-29_געתון_עין יעקב.gpx,מוכל-ב,,,,,17.7,112.1,1
הכלה,233,2022-07-31_געתון_יחיעם.gpx,360,2024-03-09_געתון_עין יעקב.gpx,מוכל-ב,,,,,20.4,189.7,0.966
הכלה,233,2022-07-31_געתון_יחיעם.gpx,226,2022-07-11_געתון_כברי_כפר ראש הנקרה.gpx,מוכל-ב,,,,,13.7,99.8,1
הכלה,233,2022-07-31_געתון_יחיעם.gpx,195,2022-05-18_געתון_יחיעם.gpx,מוכל-ב,,,,,17.9,206,0.966
הכלה,233,2022-07-31_געתון_יחיעם.gpx,215,2022-06-21_געתון_יחיעם_עין יעקב.gpx,מוכל-ב,,,,,18.6,208.1,0.966
הכלה,233,2022-07-31_געתון_יחיעם.gpx,199,2022-05-26_געתון_יחיעם.gpx,מוכל-ב,,,,,18.9,209.2,0.966
הכלה,233,2022-07-31_געתון_יחיעם.gpx,197,2022-05-20_געתון_כברי_לימן.gpx,מוכל-ב,,,,,20.2,199.9,0.966
הכלה,233,2022-07-31_געתון_יחיעם.gpx,200,2022-05-27_געתון_כברי_לימן.gpx,מוכל-ב,,,,,16.9,200.4,0.966
הכלה,233,2022-07-31_געתון_יחיעם.gpx,227,2022-07-15_געתון_כברי_לימן.gpx,מוכל-ב,,,,,12.6,97.5,1
הכלה,233,2022-07-31_געתון_יחיעם.gpx,265,2022-11-18_געתון_יחיעם_עין יעקב.gpx,מוכל-ב,,,,,10.1,98,1
הכלה,233,2022-07-31_געתון_יחיעם.gpx,277,2022-12-16_געתון_יחיעם_עין יעקב.gpx,מוכל-ב,,,,,6.1,17.9,1
הכלה,233,2022-07-31_געתון_יחיעם.gpx,192,2022-05-12_געתון_יחיעם.gpx,מוכל-ב,,,,,18,203.6,0.966
הכלה,233,2022-07-31_געתון_יחיעם.gpx,483,2026-03-05_געתון_כברי.gpx,מוכל-ב,,,,,18.7,74.2,1
הכלה,233,2022-07-31_געתון_יחיעם.gpx,212,2022-06-16_געתון_יחיעם_עין יעקב.gpx,מוכל-ב,,,,,18.5,211.8,0.966
הכלה,233,2022-07-31_געתון_יחיעם.gpx,356,2024-02-25_געתון_עין יעקב.gpx,מוכל-ב,,,,,17.9,111.9,1
הכלה,233,2022-07-31_געתון_יחיעם.gpx,263,2022-11-11_געתון_יחיעם.gpx,מוכל-ב,,,,,12.4,67.1,1
הכלה,233,2022-07-31_געתון_יחיעם.gpx,208,2022-06-09_געתון_יחיעם_עין יעקב.gpx,מוכל-ב,,,,,18.6,206.2,0.966
הכלה,233,2022-07-31_געתון_יחיעם.gpx,241,2022-08-19_געתון_כברי_לימן.gpx,מוכל-ב,,,,,10.8,99.3,1
הכלה,233,2022-07-31_געתון_יחיעם.gpx,201,2022-05-29_געתון_כברי_לימן.gpx,מוכל-ב,,,,,22,190.2,0.966
הכלה,233,2022-07-31_געתון_יחיעם.gpx,206,2022-06-04_געתון_כברי_נהרייה.gpx,מוכל-ב,,,,,16.2,100.8,1
חשוד,232,2022-07-23_געתון_נווה זיו.gpx,626,יער הדובים השיירה סינגל בני.gpx,חשוד - לבדיקה ידנית,FALSE,0.5,4.6,47.1,392.9,1141.8,0.414
הכלה,230,2022-07-19_כברי_געתון_לימן.gpx,165,2022-02-28_געתון_כברי_לימן.gpx,מוכל-ב,,,,,51.9,485.7,0.985
הכלה,230,2022-07-19_כברי_געתון_לימן.gpx,201,2022-05-29_געתון_כברי_לימן.gpx,מוכל-ב,,,,,22.6,250.4,1
הכלה,230,2022-07-19_כברי_געתון_לימן.gpx,241,2022-08-19_געתון_כברי_לימן.gpx,מוכל-ב,,,,,26.6,312.2,1
הכלה,230,2022-07-19_כברי_געתון_לימן.gpx,206,2022-06-04_געתון_כברי_נהרייה.gpx,מוכל-ב,,,,,75.5,968.9,0.964
הכלה,230,2022-07-19_כברי_געתון_לימן.gpx,214,2022-06-19_געתון_כברי_לימן.gpx,מוכל-ב,,,,,40,492.4,0.979
הכלה,230,2022-07-19_כברי_געתון_לימן.gpx,226,2022-07-11_געתון_כברי_כפר ראש הנקרה.gpx,מוכל-ב,,,,,28.5,306.7,1
הכלה,230,2022-07-19_כברי_געתון_לימן.gpx,239,2022-08-14_געתון_כברי_לימן.gpx,מוכל-ב,,,,,25,308.2,1
הכלה,230,2022-07-19_כברי_געתון_לימן.gpx,200,2022-05-27_געתון_כברי_לימן.gpx,מוכל-ב,,,,,19.6,247.2,1
הכלה,230,2022-07-19_כברי_געתון_לימן.gpx,227,2022-07-15_געתון_כברי_לימן.gpx,מוכל-ב,,,,,20,281.1,1
הכלה,230,2022-07-19_כברי_געתון_לימן.gpx,197,2022-05-20_געתון_כברי_לימן.gpx,מוכל-ב,,,,,22,249.3,1
זהה,229,2022-07-18_כברי_לימן_גשר הזיו.gpx,471,2026-01-30_כברי_לימן_גשר הזיו.gpx,זהה,FALSE,2.8,11.9,12.6,31.2,297.2,0.985
זהה,229,2022-07-18_כברי_לימן_גשר הזיו.gpx,481,2026-02-27_כברי_גשר הזיו_לימן.gpx,זהה,TRUE,2.6,112.3,112.1,60.6,467.4,0.903
חשוד,229,2022-07-18_כברי_לימן_גשר הזיו.gpx,465,2026-01-10_כברי_לימן_גשר הזיו.gpx,חשוד - לבדיקה ידנית,FALSE,1.1,3.4,3.9,157.3,1702.9,0.87
חשוד,229,2022-07-18_כברי_לימן_גשר הזיו.gpx,409,2024-12-17_כברי_כפר ראש הנקרה_לימן.gpx,חשוד - לבדיקה ידנית,TRUE,1.7,10.5,10.7,161.2,1696.1,0.877
חשוד,229,2022-07-18_כברי_לימן_גשר הזיו.gpx,411,2024-12-25_כברי_כפר ראש הנקרה_לימן.gpx,חשוד - לבדיקה ידנית,FALSE,0.9,7.3,8.5,144.7,1382.9,0.875
חשוד,229,2022-07-18_כברי_לימן_גשר הזיו.gpx,269,2022-11-30_כברי_לימן_גשר הזיו.gpx,חשוד - לבדיקה ידנית,TRUE,2.1,4.6,0.8,153.1,1383.3,0.822
חשוד,229,2022-07-18_כברי_לימן_גשר הזיו.gpx,410,2024-12-20_כברי_כפר ראש הנקרה_לימן.gpx,חשוד - לבדיקה ידנית,FALSE,2.8,10.1,10.6,161,1385.4,0.843
הכלה,229,2022-07-18_כברי_לימן_גשר הזיו.gpx,550,2026-08-08_געתון_כברי_מנות.gpx,מוכל-ב,,,,,80.6,1287.9,0.92
הכלה,229,2022-07-18_כברי_לימן_גשר הזיו.gpx,497,2026-04-20_כברי_געתון_גשר הזיו.gpx,מוכל-ב,,,,,26.7,325.6,0.993
הכלה,229,2022-07-18_כברי_לימן_גשר הזיו.gpx,551,2026-08-08_מנות_כברי_הילה.gpx,מוכל-ב,,,,,80.2,1288.6,0.92
הכלה,229,2022-07-18_כברי_לימן_גשר הזיו.gpx,492,2026-04-08_געתון_כברי_גשר הזיו.gpx,מוכל-ב,,,,,23.8,324.5,0.993
הכלה,229,2022-07-18_כברי_לימן_גשר הזיו.gpx,156,2022-02-11_געתון_כברי_לימן.gpx,מוכל-ב,,,,,19.9,219.3,1
הכלה,229,2022-07-18_כברי_לימן_גשר הזיו.gpx,206,2022-06-04_געתון_כברי_נהרייה.gpx,מוכל-ב,,,,,59.6,967,0.942
זהה,228,2022-07-16_מנות_געתון_מעיליא.gpx,270,2022-12-03_מנות_הילה_מעיליא.gpx,זהה,FALSE,2.5,10,6.5,17.1,217,1
זהה,228,2022-07-16_מנות_געתון_מעיליא.gpx,278,2022-12-17_מנות_מעיליא_הילה.gpx,זהה,FALSE,0.2,3.4,6.4,14.7,120.8,1
זהה,228,2022-07-16_מנות_געתון_מעיליא.gpx,275,2022-12-10_מנות_הילה_כברי.gpx,זהה,FALSE,2.6,2.7,25.4,13.3,214.7,1
זהה,228,2022-07-16_מנות_געתון_מעיליא.gpx,238,2022-08-13_מנות_הילה_מעיליא.gpx,זהה,FALSE,0.2,6.9,1.3,5.3,126.7,1
זהה,228,2022-07-16_מנות_געתון_מעיליא.gpx,242,2022-08-20_געתון_מנות_מעיליא.gpx,זהה,FALSE,0,2.7,15.3,6.9,131.1,1
הכלה,228,2022-07-16_מנות_געתון_מעיליא.gpx,209,2022-06-11_מנות_מעיליא_כברי.gpx,מוכל-ב,,,,,21.9,255.3,0.991
הכלה,228,2022-07-16_מנות_געתון_מעיליא.gpx,550,2026-08-08_געתון_כברי_מנות.gpx,מוכל-ב,,,,,89.4,1303.5,0.905
הכלה,228,2022-07-16_מנות_געתון_מעיליא.gpx,551,2026-08-08_מנות_כברי_הילה.gpx,מוכל-ב,,,,,92.7,1304.2,0.905
הכלה,228,2022-07-16_מנות_געתון_מעיליא.gpx,543,2026-07-19_עין יעקב_מנות_עבדון.gpx,מוכל-ב,,,,,29.1,403.7,0.966
הכלה,228,2022-07-16_מנות_געתון_מעיליא.gpx,216,2022-06-24_מנות_מעיליא_כברי.gpx,מוכל-ב,,,,,11.5,79.2,1
הכלה,228,2022-07-16_מנות_געתון_מעיליא.gpx,80,2015-12-03_מנות_מעונה_הילה.gpx,מוכל-ב,,,,,56.1,804.1,0.931
הכלה,228,2022-07-16_מנות_געתון_מעיליא.gpx,224,2022-07-08_מנות_געתון_הילה.gpx,מוכל-ב,,,,,11,24.6,1
זהה,227,2022-07-15_געתון_כברי_לימן.gpx,241,2022-08-19_געתון_כברי_לימן.gpx,זהה,TRUE,0.2,5.3,3.5,22.5,328.7,1
זהה,227,2022-07-15_געתון_כברי_לימן.gpx,239,2022-08-14_געתון_כברי_לימן.gpx,זהה,TRUE,0.4,5,6.2,17.4,402.3,1
חשוד,227,2022-07-15_געתון_כברי_לימן.gpx,528,2026-06-24 געתון_נהריה_ראש-הנקרה_נהריה_געתון.gpx,חשוד - לבדיקה ידנית,TRUE,0.5,3.9,15.9,820.8,3604.7,0.639
חשוד,226,2022-07-11_געתון_כברי_כפר ראש הנקרה.gpx,241,2022-08-19_געתון_כברי_לימן.gpx,חשוד - לבדיקה ידנית,FALSE,3.7,3.1,2.2,16,157.6,1
חשוד,226,2022-07-11_געתון_כברי_כפר ראש הנקרה.gpx,239,2022-08-14_געתון_כברי_לימן.gpx,חשוד - לבדיקה ידנית,FALSE,4.3,6,1.9,14.5,117.1,1
חשוד,226,2022-07-11_געתון_כברי_כפר ראש הנקרה.gpx,528,2026-06-24 געתון_נהריה_ראש-הנקרה_נהריה_געתון.gpx,חשוד - לבדיקה ידנית,FALSE,4.4,17.2,1.1,822.9,3603.2,0.639
חשוד,226,2022-07-11_געתון_כברי_כפר ראש הנקרה.gpx,227,2022-07-15_געתון_כברי_לימן.gpx,חשוד - לבדיקה ידנית,TRUE,3.9,1.4,3.5,17.8,328.6,1
הכלה,224,2022-07-08_מנות_געתון_הילה.gpx,216,2022-06-24_מנות_מעיליא_כברי.gpx,מוכל-ב,,,,,10.2,90.1,1
הכלה,224,2022-07-08_מנות_געתון_הילה.gpx,62,2013-09-18_געתון_מעיליא_מנות.gpx,מוכל-ב,,,,,75.4,501,0.914
הכלה,224,2022-07-08_מנות_געתון_הילה.gpx,475,2026-02-07_מעיליא_מנות_הילה.gpx,מוכל-ב,,,,,94.9,1290.1,0.914
הכלה,224,2022-07-08_מנות_געתון_הילה.gpx,209,2022-06-11_מנות_מעיליא_כברי.gpx,מוכל-ב,,,,,21.3,254.4,1
הכלה,224,2022-07-08_מנות_געתון_הילה.gpx,550,2026-08-08_געתון_כברי_מנות.gpx,מוכל-ב,,,,,84.8,1288.7,0.939
הכלה,224,2022-07-08_מנות_געתון_הילה.gpx,551,2026-08-08_מנות_כברי_הילה.gpx,מוכל-ב,,,,,84,1289.3,0.939
זהה,223,2022-07-07_געתון_יחיעם.gpx,283,2023-01-09_געתון_יחיעם.gpx,זהה,TRUE,1.3,10.1,11.4,7.1,24,1
חשוד,223,2022-07-07_געתון_יחיעם.gpx,340,2023-10-21_געתון_עין יעקב_1.gpx,חשוד - לבדיקה ידנית,TRUE,4.9,9.6,6.3,13.6,107,0.978
הכלה,223,2022-07-07_געתון_יחיעם.gpx,490,2026-03-25_געתון_גשר הזיו_כברי.gpx,מוכל-ב,,,,,12.8,107.1,0.978
הכלה,223,2022-07-07_געתון_יחיעם.gpx,259,2022-10-29_געתון_מעיליא_מעונה.gpx,מוכל-ב,,,,,14.6,118.3,0.957
הכלה,223,2022-07-07_געתון_יחיעם.gpx,189,2022-05-06_געתון_יחיעם.gpx,מוכל-ב,,,,,7.1,23.7,1
הכלה,223,2022-07-07_געתון_יחיעם.gpx,188,2022-05-04_געתון_יחיעם.gpx,מוכל-ב,,,,,10.2,22.4,1
הכלה,223,2022-07-07_געתון_יחיעם.gpx,447,2025-09-22_שבי ציון_כברי_נהרייה.gpx,מוכל-ב,,,,,16.8,116.9,0.978
הכלה,223,2022-07-07_געתון_יחיעם.gpx,262,2022-11-09_געתון_יחיעם.gpx,מוכל-ב,,,,,8.1,25,1
הכלה,223,2022-07-07_געתון_יחיעם.gpx,25,2013-07-10_עין יעקב_מעונה_געתון.gpx,מוכל-ב,,,,,20.9,111.4,0.978
הכלה,223,2022-07-07_געתון_יחיעם.gpx,226,2022-07-11_געתון_כברי_כפר ראש הנקרה.gpx,מוכל-ב,,,,,14.7,110.7,0.978
הכלה,223,2022-07-07_געתון_יחיעם.gpx,550,2026-08-08_געתון_כברי_מנות.gpx,מוכל-ב,,,,,13.2,110.4,0.978
הכלה,223,2022-07-07_געתון_יחיעם.gpx,177,2022-04-07_געתון_יחיעם.gpx,מוכל-ב,,,,,10.3,27.9,1
הכלה,223,2022-07-07_געתון_יחיעם.gpx,201,2022-05-29_געתון_כברי_לימן.gpx,מוכל-ב,,,,,12,103.3,0.978
הכלה,223,2022-07-07_געתון_יחיעם.gpx,270,2022-12-03_מנות_הילה_מעיליא.gpx,מוכל-ב,,,,,14,120.9,0.978
הכלה,223,2022-07-07_געתון_יחיעם.gpx,143,2022-01-07_געתון_מעיליא_מעונה.gpx,מוכל-ב,,,,,15.1,113.1,0.978
הכלה,223,2022-07-07_געתון_יחיעם.gpx,497,2026-04-20_כברי_געתון_גשר הזיו.gpx,מוכל-ב,,,,,12.7,114.1,0.978
הכלה,223,2022-07-07_געתון_יחיעם.gpx,528,2026-06-24 געתון_נהריה_ראש-הנקרה_נהריה_געתון.gpx,מוכל-ב,,,,,14.4,110.1,0.978
הכלה,223,2022-07-07_געתון_יחיעם.gpx,173,2022-04-01_געתון_יחיעם.gpx,מוכל-ב,,,,,9.8,24,1
הכלה,223,2022-07-07_געתון_יחיעם.gpx,286,2023-01-18_געתון_כברי_גשר הזיו.gpx,מוכל-ב,,,,,8,24,1
הכלה,223,2022-07-07_געתון_יחיעם.gpx,175,2022-04-03_געתון_יחיעם.gpx,מוכל-ב,,,,,11.3,24.2,1
הכלה,223,2022-07-07_געתון_יחיעם.gpx,214,2022-06-19_געתון_כברי_לימן.gpx,מוכל-ב,,,,,13.5,107.6,0.978
הכלה,223,2022-07-07_געתון_יחיעם.gpx,145,2022-01-14_געתון_יחיעם.gpx,מוכל-ב,,,,,7.8,23.6,1
הכלה,223,2022-07-07_געתון_יחיעם.gpx,185,2022-04-21_געתון_יחיעם.gpx,מוכל-ב,,,,,11,19,1
הכלה,223,2022-07-07_געתון_יחיעם.gpx,344,2023-12-19_געתון_עין יעקב_יחיעם_1.gpx,מוכל-ב,,,,,15.4,82.3,1
הכלה,223,2022-07-07_געתון_יחיעם.gpx,27,2013-07-13_געתון_מעיליא_נווה זיו.gpx,מוכל-ב,,,,,16.2,108.6,0.978
הכלה,223,2022-07-07_געתון_יחיעם.gpx,36,2013-08-01_מעונה_עין יעקב_געתון.gpx,מוכל-ב,,,,,14.9,109,0.978
הכלה,223,2022-07-07_געתון_יחיעם.gpx,151,2022-01-29_געתון_יחיעם.gpx,מוכל-ב,,,,,4.6,9.6,1
הכלה,223,2022-07-07_געתון_יחיעם.gpx,140,2021-12-31_געתון_מעיליא_מעונה.gpx,מוכל-ב,,,,,13.5,113,0.978
הכלה,223,2022-07-07_געתון_יחיעם.gpx,174,2022-04-02_געתון_מעיליא_נווה זיו.gpx,מוכל-ב,,,,,14.7,115.4,0.978
הכלה,223,2022-07-07_געתון_יחיעם.gpx,216,2022-06-24_מנות_מעיליא_כברי.gpx,מוכל-ב,,,,,13.5,116.9,0.978
הכלה,223,2022-07-07_געתון_יחיעם.gpx,195,2022-05-18_געתון_יחיעם.gpx,מוכל-ב,,,,,10.6,24.3,1
הכלה,223,2022-07-07_געתון_יחיעם.gpx,196,2022-05-19_געתון_מעונה_עין יעקב.gpx,מוכל-ב,,,,,13.1,110.4,0.978
הכלה,223,2022-07-07_געתון_יחיעם.gpx,117,2021-11-06_מעיליא_געתון_מעונה.gpx,מוכל-ב,,,,,17,111.9,0.978
הכלה,223,2022-07-07_געתון_יחיעם.gpx,28,2013-07-15_געתון_שבי ציון_גשר הזיו.gpx,מוכל-ב,,,,,22.9,114.7,0.978
הכלה,223,2022-07-07_געתון_יחיעם.gpx,265,2022-11-18_געתון_יחיעם_עין יעקב.gpx,מוכל-ב,,,,,14.4,108.8,0.978
הכלה,223,2022-07-07_געתון_יחיעם.gpx,536,2026-07-07_עבדון_געתון_יערה.gpx,מוכל-ב,,,,,13.5,112.6,0.978
הכלה,223,2022-07-07_געתון_יחיעם.gpx,551,2026-08-08_מנות_כברי_הילה.gpx,מוכל-ב,,,,,17.4,109.6,0.978
הכלה,223,2022-07-07_געתון_יחיעם.gpx,541,2026-07-14_שבי ציון_כברי_נהרייה.gpx,מוכל-ב,,,,,13.7,114,0.978
הכלה,223,2022-07-07_געתון_יחיעם.gpx,277,2022-12-16_געתון_יחיעם_עין יעקב.gpx,מוכל-ב,,,,,11.2,22.7,1
הכלה,223,2022-07-07_געתון_יחיעם.gpx,62,2013-09-18_געתון_מעיליא_מנות.gpx,מוכל-ב,,,,,16.9,111.1,0.978
הכלה,223,2022-07-07_געתון_יחיעם.gpx,68,2013-09-26_געתון_כפר ורדים_מנות.gpx,מוכל-ב,,,,,21.9,110.5,0.978
הכלה,223,2022-07-07_געתון_יחיעם.gpx,255,2022-10-23_געתון_יחיעם.gpx,מוכל-ב,,,,,9.8,24.8,1
הכלה,223,2022-07-07_געתון_יחיעם.gpx,535,2026-07-04_מעיליא_מנות_הילה.gpx,מוכל-ב,,,,,14,112.2,0.978
הכלה,223,2022-07-07_געתון_יחיעם.gpx,40,2013-08-08_געתון_כברי.gpx,מוכל-ב,,,,,13.2,114.9,0.978
הכלה,223,2022-07-07_געתון_יחיעם.gpx,492,2026-04-08_געתון_כברי_גשר הזיו.gpx,מוכל-ב,,,,,12.4,111.2,0.978
הכלה,223,2022-07-07_געתון_יחיעם.gpx,543,2026-07-19_עין יעקב_מנות_עבדון.gpx,מוכל-ב,,,,,14.5,110.9,0.978
הכלה,223,2022-07-07_געתון_יחיעם.gpx,183,2022-04-16_מנות_הילה_מעיליא.gpx,מוכל-ב,,,,,13.9,118.3,0.978
הכלה,223,2022-07-07_געתון_יחיעם.gpx,44,2013-08-16_געתון_שלומי_כפר ראש הנקרה.gpx,מוכל-ב,,,,,16.1,104.7,0.978
הכלה,223,2022-07-07_געתון_יחיעם.gpx,275,2022-12-10_מנות_הילה_כברי.gpx,מוכל-ב,,,,,13.7,109.8,0.978
הכלה,223,2022-07-07_געתון_יחיעם.gpx,228,2022-07-16_מנות_געתון_מעיליא.gpx,מוכל-ב,,,,,13,111,0.978
הכלה,223,2022-07-07_געתון_יחיעם.gpx,122,2021-11-19_געתון_יחיעם.gpx,מוכל-ב,,,,,8.2,25,1
הכלה,223,2022-07-07_געתון_יחיעם.gpx,139,2021-12-29_געתון_יחיעם.gpx,מוכל-ב,,,,,7.4,23.4,1
הכלה,223,2022-07-07_געתון_יחיעם.gpx,72,2013-10-02_געתון_עין יעקב_מעיליא.gpx,מוכל-ב,,,,,19.2,109.1,0.978
הכלה,223,2022-07-07_געתון_יחיעם.gpx,42,2013-08-12_געתון_כברי_לימן.gpx,מוכל-ב,,,,,21.7,151.4,0.957
הכלה,223,2022-07-07_געתון_יחיעם.gpx,215,2022-06-21_געתון_יחיעם_עין יעקב.gpx,מוכל-ב,,,,,9.4,24.3,1
הכלה,223,2022-07-07_געתון_יחיעם.gpx,520,2026-06-06_געתון_בוסתן הגליל_נתיב השיירה.gpx,מוכל-ב,,,,,22.6,114.3,0.978
הכלה,223,2022-07-07_געתון_יחיעם.gpx,107,2021-09-25_מעיליא_געתון_מעונה.gpx,מוכל-ב,,,,,22.7,112.7,0.978
הכלה,223,2022-07-07_געתון_יחיעם.gpx,505,2026-05-13_עבדון_כברי_גורן.gpx,מוכל-ב,,,,,13.7,114.4,0.978
הכלה,223,2022-07-07_געתון_יחיעם.gpx,446,2025-09-20_געתון_יחיעם_עין יעקב.gpx,מוכל-ב,,,,,13.6,109.2,0.978
הכלה,223,2022-07-07_געתון_יחיעם.gpx,99,2021-09-11_געתון_מעיליא_מעונה.gpx,מוכל-ב,,,,,23.2,114.8,0.978
הכלה,223,2022-07-07_געתון_יחיעם.gpx,282,2022-12-30_געתון_כברי_לימן.gpx,מוכל-ב,,,,,13.1,113.6,0.978
הכלה,223,2022-07-07_געתון_יחיעם.gpx,488,2026-03-18_געתון_כברי_גשר הזיו.gpx,מוכל-ב,,,,,19.8,110.1,0.978
הכלה,223,2022-07-07_געתון_יחיעם.gpx,91,2021-08-07_געתון_מעיליא_מעונה.gpx,מוכל-ב,,,,,19.1,109,0.978
הכלה,223,2022-07-07_געתון_יחיעם.gpx,557,2026-08-14_געתון_כברי.gpx,מוכל-ב,,,,,22.9,114.1,0.978
הכלה,223,2022-07-07_געתון_יחיעם.gpx,429,2025-03-02_געתון_עין יעקב_יחיעם.gpx,מוכל-ב,,,,,10,78.9,1
הכלה,223,2022-07-07_געתון_יחיעם.gpx,180,2022-04-13_געתון_יחיעם.gpx,מוכל-ב,,,,,14,25.3,1
הכלה,223,2022-07-07_געתון_יחיעם.gpx,278,2022-12-17_מנות_מעיליא_הילה.gpx,מוכל-ב,,,,,14,112.8,0.978
הכלה,223,2022-07-07_געתון_יחיעם.gpx,191,2022-05-11_געתון_יחיעם.gpx,מוכל-ב,,,,,7.1,23.8,1
הכלה,223,2022-07-07_געתון_יחיעם.gpx,280,2022-12-23_געתון_כברי_לימן.gpx,מוכל-ב,,,,,14.5,110.9,0.978
הכלה,223,2022-07-07_געתון_יחיעם.gpx,558,2026-08-14_געתון_כברי_מצובה.gpx,מוכל-ב,,,,,13.6,108.2,0.978
הכלה,223,2022-07-07_געתון_יחיעם.gpx,154,2022-02-02_געתון_יחיעם.gpx,מוכל-ב,,,,,11.9,27.5,1
הכלה,223,2022-07-07_געתון_יחיעם.gpx,200,2022-05-27_געתון_כברי_לימן.gpx,מוכל-ב,,,,,6.2,22.6,1
הכלה,223,2022-07-07_געתון_יחיעם.gpx,254,2022-10-21_געתון_יחיעם.gpx,מוכל-ב,,,,,13.7,76.3,1
הכלה,223,2022-07-07_געתון_יחיעם.gpx,260,2022-11-04_מעיליא_געתון_מעונה.gpx,מוכל-ב,,,,,13.1,110.6,0.978
הכלה,223,2022-07-07_געתון_יחיעם.gpx,123,2021-11-22_געתון_יחיעם.gpx,מוכל-ב,,,,,7.8,22.3,1
הכלה,223,2022-07-07_געתון_יחיעם.gpx,160,2022-02-19_געתון_יחיעם.gpx,מוכל-ב,,,,,9.4,19.8,1
הכלה,223,2022-07-07_געתון_יחיעם.gpx,479,2026-02-25_שבי ציון_נהרייה_כברי.gpx,מוכל-ב,,,,,16.6,113.9,0.978
הכלה,223,2022-07-07_געתון_יחיעם.gpx,534,2026-07-04 געתון_חרדלית_מנות_הילה_עין_זיו_חרדלית_געתון.gpx,מוכל-ב,,,,,16.7,111.2,0.978
הכלה,223,2022-07-07_געתון_יחיעם.gpx,167,2022-03-04_געתון_כברי_יחיעם.gpx,מוכל-ב,,,,,8.5,19.4,1
הכלה,223,2022-07-07_געתון_יחיעם.gpx,257,2022-10-26_געתון_יחיעם.gpx,מוכל-ב,,,,,9.6,19.7,1
הכלה,223,2022-07-07_געתון_יחיעם.gpx,199,2022-05-26_געתון_יחיעם.gpx,מוכל-ב,,,,,12.9,25.2,1
הכלה,223,2022-07-07_געתון_יחיעם.gpx,137,2021-12-21_געתון_יחיעם.gpx,מוכל-ב,,,,,11.2,22.3,1
הכלה,223,2022-07-07_געתון_יחיעם.gpx,23,2013-06-30_געתון_יחיעם_עין יעקב.gpx,מוכל-ב,,,,,12.3,109.1,0.978
הכלה,223,2022-07-07_געתון_יחיעם.gpx,197,2022-05-20_געתון_כברי_לימן.gpx,מוכל-ב,,,,,12.6,109,0.978
הכלה,223,2022-07-07_געתון_יחיעם.gpx,253,2022-10-17_געתון_מעיליא_מעונה.gpx,מוכל-ב,,,,,13.1,107.8,0.978
הכלה,223,2022-07-07_געתון_יחיעם.gpx,234,2022-08-02_געתון_יחיעם.gpx,מוכל-ב,,,,,8.1,59.9,1
הכלה,223,2022-07-07_געתון_יחיעם.gpx,519,2026-06-06 געתון_רגבה_עכו.gpx,מוכל-ב,,,,,20.5,108.7,0.978
הכלה,223,2022-07-07_געתון_יחיעם.gpx,209,2022-06-11_מנות_מעיליא_כברי.gpx,מוכל-ב,,,,,13.4,114.7,0.978
הכלה,223,2022-07-07_געתון_יחיעם.gpx,221,2022-07-02_יחיעם_געתון_עין יעקב.gpx,מוכל-ב,,,,,17.7,107.6,0.978
הכלה,223,2022-07-07_געתון_יחיעם.gpx,142,2022-01-04_געתון_יחיעם.gpx,מוכל-ב,,,,,6.8,23.9,1
הכלה,223,2022-07-07_געתון_יחיעם.gpx,179,2022-04-12_געתון_יחיעם.gpx,מוכל-ב,,,,,6.9,12,1
הכלה,223,2022-07-07_געתון_יחיעם.gpx,161,2022-02-22_געתון_יחיעם.gpx,מוכל-ב,,,,,7.6,18.4,1
הכלה,223,2022-07-07_געתון_יחיעם.gpx,146,2022-01-15_געתון_יחיעם.gpx,מוכל-ב,,,,,7.5,21,1
הכלה,223,2022-07-07_געתון_יחיעם.gpx,102,2021-09-16_געתון_יחיעם.gpx,מוכל-ב,,,,,7.8,22.3,1
הכלה,223,2022-07-07_געתון_יחיעם.gpx,540,2026-07-14_שבי ציון_געתון_נהרייה.gpx,מוכל-ב,,,,,22.9,111.1,0.978
הכלה,223,2022-07-07_געתון_יחיעם.gpx,439,2025-08-28_געתון_כברי_לימן.gpx,מוכל-ב,,,,,15.9,112.5,0.978
הכלה,223,2022-07-07_געתון_יחיעם.gpx,483,2026-03-05_געתון_כברי.gpx,מוכל-ב,,,,,15.1,83.8,1
הכלה,223,2022-07-07_געתון_יחיעם.gpx,157,2022-02-16_געתון_יחיעם.gpx,מוכל-ב,,,,,8,24,1
הכלה,223,2022-07-07_געתון_יחיעם.gpx,345,2023-12-30_געתון_יחיעם_עין יעקב.gpx,מוכל-ב,,,,,20.4,109.1,0.978
הכלה,223,2022-07-07_געתון_יחיעם.gpx,124,2021-11-23_געתון_יחיעם.gpx,מוכל-ב,,,,,9.4,23.3,1
הכלה,223,2022-07-07_געתון_יחיעם.gpx,35,2013-07-30_מעונה_עין יעקב_געתון.gpx,מוכל-ב,,,,,18.2,106,0.978
הכלה,223,2022-07-07_געתון_יחיעם.gpx,243,2022-08-21_געתון_יחיעם.gpx,מוכל-ב,,,,,16.7,115.6,0.978
הכלה,223,2022-07-07_געתון_יחיעם.gpx,238,2022-08-13_מנות_הילה_מעיליא.gpx,מוכל-ב,,,,,14,110.8,0.978
הכלה,223,2022-07-07_געתון_יחיעם.gpx,341,2023-11-20_געתון_עין יעקב.gpx,מוכל-ב,,,,,19.1,116.1,0.957
הכלה,223,2022-07-07_געתון_יחיעם.gpx,448,2025-09-23_געתון_כברי_לימן.gpx,מוכל-ב,,,,,18.1,112.8,0.978
הכלה,223,2022-07-07_געתון_יחיעם.gpx,50,2013-08-28_געתון_יחיעם_עין יעקב.gpx,מוכל-ב,,,,,19.4,108.3,0.957
הכלה,223,2022-07-07_געתון_יחיעם.gpx,211,2022-06-15_געתון_כברי_לימן.gpx,מוכל-ב,,,,,12.5,112.6,0.978
הכלה,223,2022-07-07_געתון_יחיעם.gpx,92,2021-09-03_געתון_מעיליא_מעונה.gpx,מוכל-ב,,,,,22.8,111.3,0.978
הכלה,223,2022-07-07_געתון_יחיעם.gpx,93,2021-09-04_געתון_מעיליא_מעונה.gpx,מוכל-ב,,,,,19.1,111.4,0.978
הכלה,223,2022-07-07_געתון_יחיעם.gpx,67,2013-09-25_געתון_עין יעקב_מעיליא.gpx,מוכל-ב,,,,,21.2,109.8,0.978
הכלה,223,2022-07-07_געתון_יחיעם.gpx,150,2022-01-21_געתון_יחיעם.gpx,מוכל-ב,,,,,9.1,24.2,1
הכלה,223,2022-07-07_געתון_יחיעם.gpx,356,2024-02-25_געתון_עין יעקב.gpx,מוכל-ב,,,,,17.2,105,0.957
הכלה,223,2022-07-07_געתון_יחיעם.gpx,164,2022-02-27_געתון_יחיעם.gpx,מוכל-ב,,,,,11.8,20.8,1
הכלה,223,2022-07-07_געתון_יחיעם.gpx,263,2022-11-11_געתון_יחיעם.gpx,מוכל-ב,,,,,10.5,79.6,1
הכלה,223,2022-07-07_געתון_יחיעם.gpx,60,2013-09-13_עין יעקב_מעיליא_מנות.gpx,מוכל-ב,,,,,17.4,107.6,0.978
הכלה,223,2022-07-07_געתון_יחיעם.gpx,105,2021-09-21_מעיליא_געתון_מעונה.gpx,מוכל-ב,,,,,17.7,108.8,0.978
הכלה,223,2022-07-07_געתון_יחיעם.gpx,227,2022-07-15_געתון_כברי_לימן.gpx,מוכל-ב,,,,,15.7,108.2,0.978
הכלה,223,2022-07-07_געתון_יחיעם.gpx,57,2013-09-08_געתון_יחיעם_עין יעקב.gpx,מוכל-ב,,,,,13.6,106,0.978
הכלה,223,2022-07-07_געתון_יחיעם.gpx,74,2013-10-06_מעונה_עין יעקב_געתון.gpx,מוכל-ב,,,,,14.6,111.9,0.978
הכלה,223,2022-07-07_געתון_יחיעם.gpx,61,2013-09-14_עין המפרץ_געתון_מזרעה.gpx,מוכל-ב,,,,,16.6,89.1,1
הכלה,223,2022-07-07_געתון_יחיעם.gpx,125,2021-11-27_מעיליא_געתון_נווה זיו.gpx,מוכל-ב,,,,,17.7,110.1,0.978
הכלה,223,2022-07-07_געתון_יחיעם.gpx,48,2013-08-24_מזרעה_שבי ציון_געתון.gpx,מוכל-ב,,,,,15.4,111.9,0.978
הכלה,223,2022-07-07_געתון_יחיעם.gpx,242,2022-08-20_געתון_מנות_מעיליא.gpx,מוכל-ב,,,,,14,110,0.978
הכלה,223,2022-07-07_געתון_יחיעם.gpx,233,2022-07-31_געתון_יחיעם.gpx,מוכל-ב,,,,,8.4,20.9,1
הכלה,223,2022-07-07_געתון_יחיעם.gpx,241,2022-08-19_געתון_כברי_לימן.gpx,מוכל-ב,,,,,14.5,109.8,0.978
הכלה,223,2022-07-07_געתון_יחיעם.gpx,496,2026-04-16_עין יעקב_מעונה_געתון.gpx,מוכל-ב,,,,,13.2,110.4,0.978
הכלה,223,2022-07-07_געתון_יחיעם.gpx,52,2013-08-30_מעונה_עין יעקב_געתון.gpx,מוכל-ב,,,,,14.6,109.3,0.978
הכלה,223,2022-07-07_געתון_יחיעם.gpx,284,2023-01-10_געתון_כברי_לימן.gpx,מוכל-ב,,,,,17.2,106.6,0.978
הכלה,223,2022-07-07_געתון_יחיעם.gpx,131,2021-12-09_געתון_יחיעם.gpx,מוכל-ב,,,,,7.6,21.4,1
הכלה,223,2022-07-07_געתון_יחיעם.gpx,224,2022-07-08_מנות_געתון_הילה.gpx,מוכל-ב,,,,,15.4,111.8,0.978
הכלה,223,2022-07-07_געתון_יחיעם.gpx,56,2013-09-07_געתון_מעונה_גשר הזיו.gpx,מוכל-ב,,,,,17.3,104.2,0.978
הכלה,223,2022-07-07_געתון_יחיעם.gpx,346,2023-12-31_געתון_יחיעם_עין יעקב.gpx,מוכל-ב,,,,,20.1,108,0.978
הכלה,223,2022-07-07_געתון_יחיעם.gpx,281,2022-12-28_געתון_גשר הזיו_כברי.gpx,מוכל-ב,,,,,13.8,111.8,0.978
הכלה,223,2022-07-07_געתון_יחיעם.gpx,484,2026-03-06_עין יעקב_געתון_כברי.gpx,מוכל-ב,,,,,22.1,109.5,0.978
הכלה,223,2022-07-07_געתון_יחיעם.gpx,443,2025-09-10_געתון_יחיעם_כברי.gpx,מוכל-ב,,,,,12.3,110.5,0.978
הכלה,223,2022-07-07_געתון_יחיעם.gpx,347,2024-01-03_געתון_יחיעם_עין יעקב.gpx,מוכל-ב,,,,,16.4,108.9,0.978
הכלה,223,2022-07-07_געתון_יחיעם.gpx,232,2022-07-23_געתון_נווה זיו.gpx,מוכל-ב,,,,,12.9,104.2,0.978
הכלה,223,2022-07-07_געתון_יחיעם.gpx,239,2022-08-14_געתון_כברי_לימן.gpx,מוכל-ב,,,,,12.3,110.7,0.978
הכלה,223,2022-07-07_געתון_יחיעם.gpx,363,2024-03-29_געתון_עין יעקב.gpx,מוכל-ב,,,,,16.5,110.6,0.957
הכלה,223,2022-07-07_געתון_יחיעם.gpx,29,2013-07-19_עין יעקב_מעונה_מנות.gpx,מוכל-ב,,,,,17.7,109.3,0.978
הכלה,223,2022-07-07_געתון_יחיעם.gpx,43,2013-08-14_געתון_מעונה_עין יעקב.gpx,מוכל-ב,,,,,16,106.9,0.978
הכלה,223,2022-07-07_געתון_יחיעם.gpx,156,2022-02-11_געתון_כברי_לימן.gpx,מוכל-ב,,,,,13.7,114.3,0.978
הכלה,223,2022-07-07_געתון_יחיעם.gpx,24,2013-07-08_עין יעקב_מעונה_געתון.gpx,מוכל-ב,,,,,14.6,106.8,0.978
הכלה,223,2022-07-07_געתון_יחיעם.gpx,442,2025-09-08_געתון_יחיעם_כברי.gpx,מוכל-ב,,,,,14.9,106.9,0.978
הכלה,223,2022-07-07_געתון_יחיעם.gpx,482,2026-02-28_געתון_כברי.gpx,מוכל-ב,,,,,13.1,102.1,0.978
הכלה,223,2022-07-07_געתון_יחיעם.gpx,128,2021-12-04_געתון_מעיליא_מעונה.gpx,מוכל-ב,,,,,13.4,106.9,0.978
הכלה,223,2022-07-07_געתון_יחיעם.gpx,192,2022-05-12_געתון_יחיעם.gpx,מוכל-ב,,,,,7.7,24.1,1
הכלה,223,2022-07-07_געתון_יחיעם.gpx,70,2013-09-28_עין יעקב_מזרעה_שבי ציון.gpx,מוכל-ב,,,,,26.5,115.4,0.957
הכלה,223,2022-07-07_געתון_יחיעם.gpx,34,2013-07-27_געתון_כברי_מנות.gpx,מוכל-ב,,,,,22.6,88.3,1
הכלה,223,2022-07-07_געתון_יחיעם.gpx,194,2022-05-15_געתון_יחיעם.gpx,מוכל-ב,,,,,8.3,20.8,1
הכלה,223,2022-07-07_געתון_יחיעם.gpx,212,2022-06-16_געתון_יחיעם_עין יעקב.gpx,מוכל-ב,,,,,13.2,23.7,1
הכלה,223,2022-07-07_געתון_יחיעם.gpx,193,2022-05-14_מנות_געתון_מעיליא.gpx,מוכל-ב,,,,,12.8,114,0.978
הכלה,223,2022-07-07_געתון_יחיעם.gpx,348,2024-01-03_געתון_יחיעם_עין יעקב_1.gpx,מוכל-ב,,,,,17.5,80.8,1
הכלה,223,2022-07-07_געתון_יחיעם.gpx,266,2022-11-19_מעיליא_געתון_מעונה.gpx,מוכל-ב,,,,,18.4,126.4,0.978
הכלה,223,2022-07-07_געתון_יחיעם.gpx,159,2022-02-18_געתון_כברי_גשר הזיו.gpx,מוכל-ב,,,,,10.8,110.4,0.978
הכלה,223,2022-07-07_געתון_יחיעם.gpx,256,2022-10-24_געתון_יחיעם.gpx,מוכל-ב,,,,,7.6,24.2,1
הכלה,223,2022-07-07_געתון_יחיעם.gpx,626,יער הדובים השיירה סינגל בני.gpx,מוכל-ב,,,,,11.8,80.6,1
הכלה,223,2022-07-07_געתון_יחיעם.gpx,152,2022-01-30_געתון_יחיעם.gpx,מוכל-ב,,,,,5.3,9.3,1
הכלה,223,2022-07-07_געתון_יחיעם.gpx,26,2013-07-12_געתון_שלומי_כפר ראש הנקרה.gpx,מוכל-ב,,,,,16.1,116.9,0.978
הכלה,223,2022-07-07_געתון_יחיעם.gpx,475,2026-02-07_מעיליא_מנות_הילה.gpx,מוכל-ב,,,,,13.8,110.2,0.978
הכלה,223,2022-07-07_געתון_יחיעם.gpx,71,2013-10-01_געתון_עין יעקב.gpx,מוכל-ב,,,,,13.1,104.7,0.978
הכלה,223,2022-07-07_געתון_יחיעם.gpx,162,2022-02-23_געתון_יחיעם.gpx,מוכל-ב,,,,,9.4,22.8,1
הכלה,223,2022-07-07_געתון_יחיעם.gpx,208,2022-06-09_געתון_יחיעם_עין יעקב.gpx,מוכל-ב,,,,,6.6,25.1,1
הכלה,223,2022-07-07_געתון_יחיעם.gpx,230,2022-07-19_כברי_געתון_לימן.gpx,מוכל-ב,,,,,13.2,100.3,0.978
הכלה,223,2022-07-07_געתון_יחיעם.gpx,360,2024-03-09_געתון_עין יעקב.gpx,מוכל-ב,,,,,17.3,116.7,0.978
הכלה,223,2022-07-07_געתון_יחיעם.gpx,165,2022-02-28_געתון_כברי_לימן.gpx,מוכל-ב,,,,,14.5,111.2,0.978
הכלה,223,2022-07-07_געתון_יחיעם.gpx,108,2021-09-26_געתון_יחיעם.gpx,מוכל-ב,,,,,9.4,21.3,1
הכלה,223,2022-07-07_געתון_יחיעם.gpx,138,2021-12-25_געתון_מעיליא_מעונה.gpx,מוכל-ב,,,,,13.3,113.4,0.978
הכלה,223,2022-07-07_געתון_יחיעם.gpx,453,2025-10-02_געתון_כברי_גשר הזיו.gpx,מוכל-ב,,,,,13.6,112.1,0.978
הכלה,223,2022-07-07_געתון_יחיעם.gpx,355,2024-02-23_געתון_עין יעקב.gpx,מוכל-ב,,,,,12.4,106.8,0.978
הכלה,223,2022-07-07_געתון_יחיעם.gpx,455,2025-10-11_געתון_יחיעם_כברי.gpx,מוכל-ב,,,,,16.7,109.9,0.978
הכלה,223,2022-07-07_געתון_יחיעם.gpx,32,2013-07-25_געתון_שלומי_כברי.gpx,מוכל-ב,,,,,21.6,117.6,0.978
הכלה,223,2022-07-07_געתון_יחיעם.gpx,452,2025-10-01_שבי ציון_כברי_נהרייה.gpx,מוכל-ב,,,,,17.6,113,0.978
הכלה,223,2022-07-07_געתון_יחיעם.gpx,206,2022-06-04_געתון_כברי_נהרייה.gpx,מוכל-ב,,,,,13.9,111.9,0.978
הכלה,223,2022-07-07_געתון_יחיעם.gpx,502,2026-05-07_געתון_כברי_לימן.gpx,מוכל-ב,,,,,12,110.5,0.978
הכלה,223,2022-07-07_געתון_יחיעם.gpx,210,2022-06-12_געתון_יחיעם.gpx,מוכל-ב,,,,,6.2,15.2,1
חשוד,221,2022-07-02_יחיעם_געתון_עין יעקב.gpx,277,2022-12-16_געתון_יחיעם_עין יעקב.gpx,חשוד - לבדיקה ידנית,FALSE,0.1,8.2,5.1,220,940.4,0.66
חשוד,219,2022-06-29_נווה זוהר_ערד.gpx,290,2023-01-28_נווה זוהר_ערד.gpx,חשוד - לבדיקה ידנית,FALSE,2.5,99.6,69.7,27.8,134.1,1
חשוד,219,2022-06-29_נווה זוהר_ערד.gpx,295,2023-03-20_נווה זוהר_ערד.gpx,חשוד - לבדיקה ידנית,FALSE,4.1,572.3,269.4,30.3,171.6,0.987
חשוד,219,2022-06-29_נווה זוהר_ערד.gpx,458,2025-10-20_נווה זוהר_ערד.gpx,חשוד - לבדיקה ידנית,FALSE,1.7,250,253.8,31.5,153.2,1
הכלה,219,2022-06-29_נווה זוהר_ערד.gpx,171,2022-03-10_נווה זוהר_ערד.gpx,מוכל-ב,,,,,35.1,342.8,0.926
הכלה,219,2022-06-29_נווה זוהר_ערד.gpx,148,2022-01-18_נווה זוהר_ערד.gpx,מוכל-ב,,,,,23.5,144.8,1
הכלה,219,2022-06-29_נווה זוהר_ערד.gpx,170,2022-03-08_נווה זוהר_ערד.gpx,מוכל-ב,,,,,27.4,188,0.988
הכלה,219,2022-06-29_נווה זוהר_ערד.gpx,298,2023-03-23_נווה זוהר_ערד.gpx,מוכל-ב,,,,,31.9,154.8,1
הכלה,219,2022-06-29_נווה זוהר_ערד.gpx,297,2023-03-22_נווה זוהר_ערד.gpx,מוכל-ב,,,,,27.9,153.7,1
הכלה,219,2022-06-29_נווה זוהר_ערד.gpx,274,2022-12-08_נווה זוהר_ערד.gpx,מוכל-ב,,,,,21.5,148.9,1
הכלה,219,2022-06-29_נווה זוהר_ערד.gpx,296,2023-03-21_נווה זוהר_ערד.gpx,מוכל-ב,,,,,25.7,152.2,1
זהה,218,2022-06-28_נווה זוהר_ערד.gpx,219,2022-06-29_נווה זוהר_ערד.gpx,זהה,FALSE,1.4,11.1,8,19.1,95.7,1
חשוד,218,2022-06-28_נווה זוהר_ערד.gpx,295,2023-03-20_נווה זוהר_ערד.gpx,חשוד - לבדיקה ידנית,FALSE,2.7,561.3,276.8,28,176,0.974
חשוד,218,2022-06-28_נווה זוהר_ערד.gpx,458,2025-10-20_נווה זוהר_ערד.gpx,חשוד - לבדיקה ידנית,FALSE,3.1,257.3,256.3,24.4,146.4,1
חשוד,218,2022-06-28_נווה זוהר_ערד.gpx,290,2023-01-28_נווה זוהר_ערד.gpx,חשוד - לבדיקה ידנית,FALSE,1.1,93.7,61.9,34.4,134.9,1
הכלה,218,2022-06-28_נווה זוהר_ערד.gpx,170,2022-03-08_נווה זוהר_ערד.gpx,מוכל-ב,,,,,15.5,186.1,0.987
הכלה,218,2022-06-28_נווה זוהר_ערד.gpx,297,2023-03-22_נווה זוהר_ערד.gpx,מוכל-ב,,,,,29.4,144.2,1
הכלה,218,2022-06-28_נווה זוהר_ערד.gpx,274,2022-12-08_נווה זוהר_ערד.gpx,מוכל-ב,,,,,20.2,110.5,1
הכלה,218,2022-06-28_נווה זוהר_ערד.gpx,296,2023-03-21_נווה זוהר_ערד.gpx,מוכל-ב,,,,,27.4,142.3,1
הכלה,218,2022-06-28_נווה זוהר_ערד.gpx,171,2022-03-10_נווה זוהר_ערד.gpx,מוכל-ב,,,,,41.8,338.4,0.924
הכלה,218,2022-06-28_נווה זוהר_ערד.gpx,148,2022-01-18_נווה זוהר_ערד.gpx,מוכל-ב,,,,,17.9,112.5,1
הכלה,218,2022-06-28_נווה זוהר_ערד.gpx,298,2023-03-23_נווה זוהר_ערד.gpx,מוכל-ב,,,,,23.9,146.7,1
חשוד,217,2022-06-27_נווה זוהר_ערד.gpx,366,2024-04-03_נווה זוהר_ערד.gpx,חשוד - לבדיקה ידנית,TRUE,1.6,750.3,748.4,203.7,1247.9,0.662
חשוד,217,2022-06-27_נווה זוהר_ערד.gpx,425,2025-02-11_נווה זוהר_ערד.gpx,חשוד - לבדיקה ידנית,TRUE,4.6,98.5,99.5,165.8,674.6,0.588
הכלה,217,2022-06-27_נווה זוהר_ערד.gpx,296,2023-03-21_נווה זוהר_ערד.gpx,מוכל-ב,,,,,29.2,146.9,0.971
הכלה,217,2022-06-27_נווה זוהר_ערד.gpx,136,2021-12-16_נווה זוהר_ערד.gpx,מוכל-ב,,,,,19.4,144.2,0.985
הכלה,217,2022-06-27_נווה זוהר_ערד.gpx,118,2021-11-08_נווה זוהר_ערד.gpx,מוכל-ב,,,,,39.8,340.7,0.912
הכלה,217,2022-06-27_נווה זוהר_ערד.gpx,218,2022-06-28_נווה זוהר_ערד.gpx,מוכל-ב,,,,,10.6,93.3,1
הכלה,217,2022-06-27_נווה זוהר_ערד.gpx,290,2023-01-28_נווה זוהר_ערד.gpx,מוכל-ב,,,,,35.7,150.1,0.971
הכלה,217,2022-06-27_נווה זוהר_ערד.gpx,298,2023-03-23_נווה זוהר_ערד.gpx,מוכל-ב,,,,,28.8,150.7,0.971
הכלה,217,2022-06-27_נווה זוהר_ערד.gpx,219,2022-06-29_נווה זוהר_ערד.gpx,מוכל-ב,,,,,15.3,93.7,1
הכלה,217,2022-06-27_נווה זוהר_ערד.gpx,148,2022-01-18_נווה זוהר_ערד.gpx,מוכל-ב,,,,,19.4,144.3,0.985
הכלה,217,2022-06-27_נווה זוהר_ערד.gpx,458,2025-10-20_נווה זוהר_ערד.gpx,מוכל-ב,,,,,29.2,149.2,0.985
הכלה,217,2022-06-27_נווה זוהר_ערד.gpx,297,2023-03-22_נווה זוהר_ערד.gpx,מוכל-ב,,,,,32.6,149.9,0.971
הכלה,217,2022-06-27_נווה זוהר_ערד.gpx,170,2022-03-08_נווה זוהר_ערד.gpx,מוכל-ב,,,,,19.1,189.1,0.971
הכלה,217,2022-06-27_נווה זוהר_ערד.gpx,274,2022-12-08_נווה זוהר_ערד.gpx,מוכל-ב,,,,,21.2,141.5,0.985
חשוד,216,2022-06-24_מנות_מעיליא_כברי.gpx,550,2026-08-08_געתון_כברי_מנות.gpx,חשוד - לבדיקה ידנית,FALSE,3.9,10.8,154.9,67.4,1281,0.958
הכלה,216,2022-06-24_מנות_מעיליא_כברי.gpx,551,2026-08-08_מנות_כברי_הילה.gpx,מוכל-ב,,,,,64.6,1281.6,0.958
זהה,215,2022-06-21_געתון_יחיעם_עין יעקב.gpx,292,2023-02-18_געתון_יחיעם_עין יעקב.gpx,זהה,FALSE,2.7,13.5,13.1,16.9,164,0.971
חשוד,215,2022-06-21_געתון_יחיעם_עין יעקב.gpx,237,2022-08-10_געתון_יחיעם_עין יעקב.gpx,חשוד - לבדיקה ידנית,FALSE,2,5.4,4.7,69.2,743,0.857
חשוד,215,2022-06-21_געתון_יחיעם_עין יעקב.gpx,442,2025-09-08_געתון_יחיעם_כברי.gpx,חשוד - לבדיקה ידנית,TRUE,4.3,1.8,5,304.4,1804.6,0.687
חשוד,215,2022-06-21_געתון_יחיעם_עין יעקב.gpx,348,2024-01-03_געתון_יחיעם_עין יעקב_1.gpx,חשוד - לבדיקה ידנית,TRUE,3.5,34.5,66.1,160.2,770.4,0.691
חשוד,215,2022-06-21_געתון_יחיעם_עין יעקב.gpx,360,2024-03-09_געתון_עין יעקב.gpx,חשוד - לבדיקה ידנית,TRUE,1.5,10,32,47.8,329.3,0.87
חשוד,215,2022-06-21_געתון_יחיעם_עין יעקב.gpx,455,2025-10-11_געתון_יחיעם_כברי.gpx,חשוד - לבדיקה ידנית,TRUE,4.7,2.5,4.4,301.8,1757.8,0.701
חשוד,215,2022-06-21_געתון_יחיעם_עין יעקב.gpx,264,2022-11-17_געתון_יחיעם.gpx,חשוד - לבדיקה ידנית,TRUE,3.9,3.5,1.5,73.8,737.6,0.843
חשוד,215,2022-06-21_געתון_יחיעם_עין יעקב.gpx,446,2025-09-20_געתון_יחיעם_עין יעקב.gpx,חשוד - לבדיקה ידנית,TRUE,5,3.2,6.6,297.6,1782.7,0.687
הכלה,215,2022-06-21_געתון_יחיעם_עין יעקב.gpx,483,2026-03-05_געתון_כברי.gpx,מוכל-ב,,,,,27.9,299,0.971
הכלה,215,2022-06-21_געתון_יחיעם_עין יעקב.gpx,201,2022-05-29_געתון_כברי_לימן.gpx,מוכל-ב,,,,,10.8,128.5,1
הכלה,215,2022-06-21_געתון_יחיעם_עין יעקב.gpx,227,2022-07-15_געתון_כברי_לימן.gpx,מוכל-ב,,,,,39.6,392.1,0.9
הכלה,215,2022-06-21_געתון_יחיעם_עין יעקב.gpx,241,2022-08-19_געתון_כברי_לימן.gpx,מוכל-ב,,,,,32.4,327.2,0.929
הכלה,215,2022-06-21_געתון_יחיעם_עין יעקב.gpx,484,2026-03-06_עין יעקב_געתון_כברי.gpx,מוכל-ב,,,,,30.2,162.7,0.957
הכלה,215,2022-06-21_געתון_יחיעם_עין יעקב.gpx,200,2022-05-27_געתון_כברי_לימן.gpx,מוכל-ב,,,,,11.8,25.9,1
הכלה,215,2022-06-21_געתון_יחיעם_עין יעקב.gpx,626,יער הדובים השיירה סינגל בני.gpx,מוכל-ב,,,,,21,167.5,0.971
הכלה,215,2022-06-21_געתון_יחיעם_עין יעקב.gpx,239,2022-08-14_געתון_כברי_לימן.gpx,מוכל-ב,,,,,30.6,327.7,0.929
הכלה,215,2022-06-21_געתון_יחיעם_עין יעקב.gpx,197,2022-05-20_געתון_כברי_לימן.gpx,מוכל-ב,,,,,25.2,310.7,0.971
הכלה,215,2022-06-21_געתון_יחיעם_עין יעקב.gpx,226,2022-07-11_געתון_כברי_כפר ראש הנקרה.gpx,מוכל-ב,,,,,33,327.7,0.929
הכלה,215,2022-06-21_געתון_יחיעם_עין יעקב.gpx,265,2022-11-18_געתון_יחיעם_עין יעקב.gpx,מוכל-ב,,,,,30,322.3,0.943
הכלה,215,2022-06-21_געתון_יחיעם_עין יעקב.gpx,277,2022-12-16_געתון_יחיעם_עין יעקב.gpx,מוכל-ב,,,,,46.2,321.1,0.9
זהה,214,2022-06-19_געתון_כברי_לימן.gpx,281,2022-12-28_געתון_גשר הזיו_כברי.gpx,זהה,TRUE,1.8,8.4,12.1,57.5,696.5,0.967
חשוד,214,2022-06-19_געתון_כברי_לימן.gpx,239,2022-08-14_געתון_כברי_לימן.gpx,חשוד - לבדיקה ידנית,TRUE,5,5.7,9.9,36.2,688.1,0.982
חשוד,214,2022-06-19_געתון_כברי_לימן.gpx,497,2026-04-20_כברי_געתון_גשר הזיו.gpx,חשוד - לבדיקה ידנית,TRUE,4.3,6.6,10.3,478.6,3600.1,0.785
חשוד,214,2022-06-19_געתון_כברי_לימן.gpx,528,2026-06-24 געתון_נהריה_ראש-הנקרה_נהריה_געתון.gpx,חשוד - לבדיקה ידנית,TRUE,4.9,4.7,20.1,590.2,2878.5,0.685
חשוד,214,2022-06-19_געתון_כברי_לימן.gpx,492,2026-04-08_געתון_כברי_גשר הזיו.gpx,חשוד - לבדיקה ידנית,FALSE,3.9,64.9,3.9,479.5,3621.2,0.786
חשוד,214,2022-06-19_געתון_כברי_לימן.gpx,280,2022-12-23_געתון_כברי_לימן.gpx,חשוד - לבדיקה ידנית,FALSE,4.3,3.6,6.3,35.5,377.9,1
חשוד,214,2022-06-19_געתון_כברי_לימן.gpx,558,2026-08-14_געתון_כברי_מצובה.gpx,חשוד - לבדיקה ידנית,TRUE,0.4,16.2,3.9,645.7,3301,0.658
הכלה,213,2022-06-18_געתון_עין יעקב_יחיעם.gpx,39,2013-08-07_עין יעקב_געתון.gpx,מוכל-ב,,,,,20.2,46.9,1
זהה,212,2022-06-16_געתון_יחיעם_עין יעקב.gpx,215,2022-06-21_געתון_יחיעם_עין יעקב.gpx,זהה,FALSE,1.1,6.2,4.4,10,24.8,1
חשוד,212,2022-06-16_געתון_יחיעם_עין יעקב.gpx,264,2022-11-17_געתון_יחיעם.gpx,חשוד - לבדיקה ידנית,TRUE,2.7,4.7,4.1,79.8,731,0.845
חשוד,212,2022-06-16_געתון_יחיעם_עין יעקב.gpx,291,2023-02-17_געתון_יחיעם_עין יעקב.gpx,חשוד - לבדיקה ידנית,TRUE,4.1,9.6,9,77.7,731.1,0.845
חשוד,212,2022-06-16_געתון_יחיעם_עין יעקב.gpx,237,2022-08-10_געתון_יחיעם_עין יעקב.gpx,חשוד - לבדיקה ידנית,FALSE,0.8,2.8,3.1,76.4,736.4,0.845
חשוד,212,2022-06-16_געתון_יחיעם_עין יעקב.gpx,348,2024-01-03_געתון_יחיעם_עין יעקב_1.gpx,חשוד - לבדיקה ידנית,TRUE,4.6,28.3,61.8,158.9,769.3,0.691
חשוד,212,2022-06-16_געתון_יחיעם_עין יעקב.gpx,292,2023-02-18_געתון_יחיעם_עין יעקב.gpx,חשוד - לבדיקה ידנית,FALSE,3.8,14.1,13.6,18,163.5,0.971
חשוד,212,2022-06-16_געתון_יחיעם_עין יעקב.gpx,360,2024-03-09_געתון_עין יעקב.gpx,חשוד - לבדיקה ידנית,TRUE,2.6,7.8,28.1,46.8,324.6,0.87
הכלה,212,2022-06-16_געתון_יחיעם_עין יעקב.gpx,226,2022-07-11_געתון_כברי_כפר ראש הנקרה.gpx,מוכל-ב,,,,,37.1,324.9,0.93
הכלה,212,2022-06-16_געתון_יחיעם_עין יעקב.gpx,201,2022-05-29_געתון_כברי_לימן.gpx,מוכל-ב,,,,,14.4,106.5,1
הכלה,212,2022-06-16_געתון_יחיעם_עין יעקב.gpx,265,2022-11-18_געתון_יחיעם_עין יעקב.gpx,מוכל-ב,,,,,32.4,318.5,0.93
הכלה,212,2022-06-16_געתון_יחיעם_עין יעקב.gpx,200,2022-05-27_געתון_כברי_לימן.gpx,מוכל-ב,,,,,12.7,31.7,1
הכלה,212,2022-06-16_געתון_יחיעם_עין יעקב.gpx,483,2026-03-05_געתון_כברי.gpx,מוכל-ב,,,,,31.2,343.9,0.958
הכלה,212,2022-06-16_געתון_יחיעם_עין יעקב.gpx,197,2022-05-20_געתון_כברי_לימן.gpx,מוכל-ב,,,,,25.4,356,0.958
הכלה,212,2022-06-16_געתון_יחיעם_עין יעקב.gpx,227,2022-07-15_געתון_כברי_לימן.gpx,מוכל-ב,,,,,39,378.8,0.915
הכלה,212,2022-06-16_געתון_יחיעם_עין יעקב.gpx,241,2022-08-19_געתון_כברי_לימן.gpx,מוכל-ב,,,,,34.3,322.7,0.93
הכלה,212,2022-06-16_געתון_יחיעם_עין יעקב.gpx,484,2026-03-06_עין יעקב_געתון_כברי.gpx,מוכל-ב,,,,,30.6,195.2,0.972
הכלה,212,2022-06-16_געתון_יחיעם_עין יעקב.gpx,626,יער הדובים השיירה סינגל בני.gpx,מוכל-ב,,,,,23.3,176.5,0.972
הכלה,212,2022-06-16_געתון_יחיעם_עין יעקב.gpx,239,2022-08-14_געתון_כברי_לימן.gpx,מוכל-ב,,,,,35.3,324.5,0.93
זהה,211,2022-06-15_געתון_כברי_לימן.gpx,492,2026-04-08_געתון_כברי_גשר הזיו.gpx,זהה,TRUE,2.1,2.9,62.6,84.9,927.8,0.903
זהה,211,2022-06-15_געתון_כברי_לימן.gpx,282,2022-12-30_געתון_כברי_לימן.gpx,זהה,FALSE,2.9,2.8,7.8,35.2,967.8,0.965
זהה,211,2022-06-15_געתון_כברי_לימן.gpx,280,2022-12-23_געתון_כברי_לימן.gpx,זהה,TRUE,1.7,5.3,3.4,44.6,709,0.971
זהה,211,2022-06-15_געתון_כברי_לימן.gpx,284,2023-01-10_געתון_כברי_לימן.gpx,זהה,FALSE,1.3,8.5,8.7,43.7,933.9,0.966
זהה,211,2022-06-15_געתון_כברי_לימן.gpx,497,2026-04-20_כברי_געתון_גשר הזיו.gpx,זהה,FALSE,1.7,7.1,5.5,86,926,0.903
חשוד,211,2022-06-15_געתון_כברי_לימן.gpx,281,2022-12-28_געתון_גשר הזיו_כברי.gpx,חשוד - לבדיקה ידנית,TRUE,4.2,9,8.7,83.8,935.7,0.903
חשוד,211,2022-06-15_געתון_כברי_לימן.gpx,475,2026-02-07_מעיליא_מנות_הילה.gpx,חשוד - לבדיקה ידנית,FALSE,4.7,5.7,2.2,519.4,3675.3,0.65
חשוד,211,2022-06-15_געתון_כברי_לימן.gpx,502,2026-05-07_געתון_כברי_לימן.gpx,חשוד - לבדיקה ידנית,FALSE,2.2,3.3,2.8,125.5,1378.2,0.896
הכלה,211,2022-06-15_געתון_כברי_לימן.gpx,201,2022-05-29_געתון_כברי_לימן.gpx,מוכל-ב,,,,,74.4,717,0.917
הכלה,211,2022-06-15_געתון_כברי_לימן.gpx,227,2022-07-15_געתון_כברי_לימן.gpx,מוכל-ב,,,,,46,707.9,0.976
הכלה,211,2022-06-15_געתון_כברי_לימן.gpx,241,2022-08-19_געתון_כברי_לימן.gpx,מוכל-ב,,,,,52.3,705.6,0.971
הכלה,211,2022-06-15_געתון_כברי_לימן.gpx,239,2022-08-14_געתון_כברי_לימן.gpx,מוכל-ב,,,,,51.6,702.9,0.971
הכלה,211,2022-06-15_געתון_כברי_לימן.gpx,226,2022-07-11_געתון_כברי_כפר ראש הנקרה.gpx,מוכל-ב,,,,,44.8,613.8,0.985
חשוד,210,2022-06-12_געתון_יחיעם.gpx,292,2023-02-18_געתון_יחיעם_עין יעקב.gpx,חשוד - לבדיקה ידנית,TRUE,4.5,15,13.1,175.4,785.2,0.574
חשוד,210,2022-06-12_געתון_יחיעם.gpx,212,2022-06-16_געתון_יחיעם_עין יעקב.gpx,חשוד - לבדיקה ידנית,TRUE,0.7,2.2,1.5,181.6,805.4,0.606
חשוד,210,2022-06-12_געתון_יחיעם.gpx,360,2024-03-09_געתון_עין יעקב.gpx,חשוד - לבדיקה ידנית,FALSE,3.3,26.7,9.1,69.6,328.9,0.783
חשוד,210,2022-06-12_געתון_יחיעם.gpx,264,2022-11-17_געתון_יחיעם.gpx,חשוד - לבדיקה ידנית,FALSE,2,5.9,4.7,158.1,742.6,0.69
חשוד,210,2022-06-12_געתון_יחיעם.gpx,429,2025-03-02_געתון_עין יעקב_יחיעם.gpx,חשוד - לבדיקה ידנית,TRUE,4.8,6.3,3.6,113.1,706.8,0.789
חשוד,210,2022-06-12_געתון_יחיעם.gpx,291,2023-02-17_געתון_יחיעם_עין יעקב.gpx,חשוד - לבדיקה ידנית,TRUE,3.4,10.5,9,191.5,763.4,0.606
חשוד,210,2022-06-12_געתון_יחיעם.gpx,237,2022-08-10_געתון_יחיעם_עין יעקב.gpx,חשוד - לבדיקה ידנית,TRUE,0.1,3.6,2.2,192.6,758.9,0.606
חשוד,210,2022-06-12_געתון_יחיעם.gpx,215,2022-06-21_געתון_יחיעם_עין יעקב.gpx,חשוד - לבדיקה ידנית,TRUE,1.9,6.4,6.9,176.9,817.7,0.614
הכלה,210,2022-06-12_געתון_יחיעם.gpx,256,2022-10-24_געתון_יחיעם.gpx,מוכל-ב,,,,,28.4,253.6,0.915
הכלה,210,2022-06-12_געתון_יחיעם.gpx,185,2022-04-21_געתון_יחיעם.gpx,מוכל-ב,,,,,31,263.5,0.915
הכלה,210,2022-06-12_געתון_יחיעם.gpx,160,2022-02-19_געתון_יחיעם.gpx,מוכל-ב,,,,,29,257.5,0.915
הכלה,210,2022-06-12_געתון_יחיעם.gpx,161,2022-02-22_געתון_יחיעם.gpx,מוכל-ב,,,,,27.7,257.3,0.915
הכלה,210,2022-06-12_געתון_יחיעם.gpx,257,2022-10-26_געתון_יחיעם.gpx,מוכל-ב,,,,,27.1,252.7,0.915
חשוד,209,2022-06-11_מנות_מעיליא_כברי.gpx,216,2022-06-24_מנות_מעיליא_כברי.gpx,חשוד - לבדיקה ידנית,FALSE,3.5,7.2,87,20.3,220.3,1
הכלה,209,2022-06-11_מנות_מעיליא_כברי.gpx,551,2026-08-08_מנות_כברי_הילה.gpx,מוכל-ב,,,,,72.7,1296.8,0.956
זהה,208,2022-06-09_געתון_יחיעם_עין יעקב.gpx,292,2023-02-18_געתון_יחיעם_עין יעקב.gpx,זהה,TRUE,2.6,11.1,16.4,15.6,165.8,0.971
זהה,208,2022-06-09_געתון_יחיעם_עין יעקב.gpx,212,2022-06-16_געתון_יחיעם_עין יעקב.gpx,זהה,TRUE,1.2,2.8,2.9,16.1,24.8,1
זהה,208,2022-06-09_געתון_יחיעם_עין יעקב.gpx,215,2022-06-21_געתון_יחיעם_עין יעקב.gpx,זהה,TRUE,0,3.3,5.7,9.9,24.6,1
חשוד,208,2022-06-09_געתון_יחיעם_עין יעקב.gpx,360,2024-03-09_געתון_עין יעקב.gpx,חשוד - לבדיקה ידנית,FALSE,1.4,28.8,5.2,47.5,324.2,0.87
חשוד,208,2022-06-09_געתון_יחיעם_עין יעקב.gpx,455,2025-10-11_געתון_יחיעם_כברי.gpx,חשוד - לבדיקה ידנית,FALSE,4.7,3,3.6,301.5,1756.9,0.687
חשוד,208,2022-06-09_געתון_יחיעם_עין יעקב.gpx,264,2022-11-17_געתון_יחיעם.gpx,חשוד - לבדיקה ידנית,TRUE,3.9,5.7,4.5,72.7,743.5,0.843
חשוד,208,2022-06-09_געתון_יחיעם_עין יעקב.gpx,446,2025-09-20_געתון_יחיעם_עין יעקב.gpx,חשוד - לבדיקה ידנית,FALSE,4.9,6.4,2.6,298.1,1781.7,0.687
חשוד,208,2022-06-09_געתון_יחיעם_עין יעקב.gpx,237,2022-08-10_געתון_יחיעם_עין יעקב.gpx,חשוד - לבדיקה ידנית,FALSE,2,3.6,3.2,70.6,748.9,0.857
חשוד,208,2022-06-09_געתון_יחיעם_עין יעקב.gpx,210,2022-06-12_געתון_יחיעם.gpx,חשוד - לבדיקה ידנית,FALSE,1.9,4.8,4.4,178.7,818.7,0.6
חשוד,208,2022-06-09_געתון_יחיעם_עין יעקב.gpx,442,2025-09-08_געתון_יחיעם_כברי.gpx,חשוד - לבדיקה ידנית,FALSE,4.3,7,4,303.6,1802.9,0.687
חשוד,208,2022-06-09_געתון_יחיעם_עין יעקב.gpx,348,2024-01-03_געתון_יחיעם_עין יעקב_1.gpx,חשוד - לבדיקה ידנית,FALSE,3.4,63.3,29.5,161.2,767,0.706
הכלה,208,2022-06-09_געתון_יחיעם_עין יעקב.gpx,239,2022-08-14_געתון_כברי_לימן.gpx,מוכל-ב,,,,,30.3,323.3,0.929
הכלה,208,2022-06-09_געתון_יחיעם_עין יעקב.gpx,201,2022-05-29_געתון_כברי_לימן.gpx,מוכל-ב,,,,,10.8,123.9,1
הכלה,208,2022-06-09_געתון_יחיעם_עין יעקב.gpx,226,2022-07-11_געתון_כברי_כפר ראש הנקרה.gpx,מוכל-ב,,,,,32.1,323.9,0.929
הכלה,208,2022-06-09_געתון_יחיעם_עין יעקב.gpx,265,2022-11-18_געתון_יחיעם_עין יעקב.gpx,מוכל-ב,,,,,30,317.3,0.929
הכלה,208,2022-06-09_געתון_יחיעם_עין יעקב.gpx,200,2022-05-27_געתון_כברי_לימן.gpx,מוכל-ב,,,,,9.2,31.2,1
הכלה,208,2022-06-09_געתון_יחיעם_עין יעקב.gpx,197,2022-05-20_געתון_כברי_לימן.gpx,מוכל-ב,,,,,22.8,340.4,0.957
הכלה,208,2022-06-09_געתון_יחיעם_עין יעקב.gpx,227,2022-07-15_געתון_כברי_לימן.gpx,מוכל-ב,,,,,40.7,382.1,0.914
הכלה,208,2022-06-09_געתון_יחיעם_עין יעקב.gpx,483,2026-03-05_געתון_כברי.gpx,מוכל-ב,,,,,25,327.7,0.957
הכלה,208,2022-06-09_געתון_יחיעם_עין יעקב.gpx,241,2022-08-19_געתון_כברי_לימן.gpx,מוכל-ב,,,,,31.1,321.5,0.929
הכלה,208,2022-06-09_געתון_יחיעם_עין יעקב.gpx,626,יער הדובים השיירה סינגל בני.gpx,מוכל-ב,,,,,20.6,168.5,0.971
הכלה,208,2022-06-09_געתון_יחיעם_עין יעקב.gpx,484,2026-03-06_עין יעקב_געתון_כברי.gpx,מוכל-ב,,,,,29.3,183.3,0.971
חשוד,206,2022-06-04_געתון_כברי_נהרייה.gpx,239,2022-08-14_געתון_כברי_לימן.gpx,חשוד - לבדיקה ידנית,FALSE,1.1,6.1,2.1,473.7,3913,0.811
חשוד,206,2022-06-04_געתון_כברי_נהרייה.gpx,214,2022-06-19_געתון_כברי_לימן.gpx,חשוד - לבדיקה ידנית,FALSE,3.9,7.5,3.7,65.9,686.9,0.973
חשוד,206,2022-06-04_געתון_כברי_נהרייה.gpx,528,2026-06-24 געתון_נהריה_ראש-הנקרה_נהריה_געתון.gpx,חשוד - לבדיקה ידנית,FALSE,1,17.8,3.1,327.1,2849.6,0.825
חשוד,206,2022-06-04_געתון_כברי_נהרייה.gpx,558,2026-08-14_געתון_כברי_מצובה.gpx,חשוד - לבדיקה ידנית,TRUE,3.6,18.9,4,1044.5,3906.7,0.573
חשוד,206,2022-06-04_געתון_כברי_נהרייה.gpx,227,2022-07-15_געתון_כברי_לימן.gpx,חשוד - לבדיקה ידנית,FALSE,1.5,6.7,3,475.3,3915.3,0.811
חשוד,206,2022-06-04_געתון_כברי_נהרייה.gpx,241,2022-08-19_געתון_כברי_לימן.gpx,חשוד - לבדיקה ידנית,FALSE,1.7,3.2,1.7,473.9,3908.7,0.811
הכלה,203,2022-06-01_לוטן_גרופית_קטורה.gpx,204,2022-06-02_לוטן_גרופית_סמר.gpx,מוכל-ב,,,,,13.8,123,1
זהה,202,2022-05-31_געתון_יחיעם.gpx,283,2023-01-09_געתון_יחיעם.gpx,זהה,FALSE,1.2,8.5,3.6,5.4,13.6,1
זהה,202,2022-05-31_געתון_יחיעם.gpx,223,2022-07-07_געתון_יחיעם.gpx,זהה,FALSE,0.1,7.1,6.7,11.5,22.4,1
חשוד,202,2022-05-31_געתון_יחיעם.gpx,340,2023-10-21_געתון_עין יעקב_1.gpx,חשוד - לבדיקה ידנית,TRUE,5,3,1.4,10.5,106.8,0.978
הכלה,202,2022-05-31_געתון_יחיעם.gpx,275,2022-12-10_מנות_הילה_כברי.gpx,מוכל-ב,,,,,18.2,97.7,1
הכלה,202,2022-05-31_געתון_יחיעם.gpx,228,2022-07-16_מנות_געתון_מעיליא.gpx,מוכל-ב,,,,,17.5,95.2,1
הכלה,202,2022-05-31_געתון_יחיעם.gpx,50,2013-08-28_געתון_יחיעם_עין יעקב.gpx,מוכל-ב,,,,,16.5,112.9,0.978
הכלה,202,2022-05-31_געתון_יחיעם.gpx,260,2022-11-04_מעיליא_געתון_מעונה.gpx,מוכל-ב,,,,,16.3,96.6,1
הכלה,202,2022-05-31_געתון_יחיעם.gpx,92,2021-09-03_געתון_מעיליא_מעונה.gpx,מוכל-ב,,,,,16.6,94.9,1
הכלה,202,2022-05-31_געתון_יחיעם.gpx,67,2013-09-25_געתון_עין יעקב_מעיליא.gpx,מוכל-ב,,,,,16.5,91.9,1
הכלה,202,2022-05-31_געתון_יחיעם.gpx,221,2022-07-02_יחיעם_געתון_עין יעקב.gpx,מוכל-ב,,,,,14.9,89.9,1
הכלה,202,2022-05-31_געתון_יחיעם.gpx,520,2026-06-06_געתון_בוסתן הגליל_נתיב השיירה.gpx,מוכל-ב,,,,,16.3,96.5,1
הכלה,202,2022-05-31_געתון_יחיעם.gpx,164,2022-02-27_געתון_יחיעם.gpx,מוכל-ב,,,,,4.5,13.6,1
הכלה,202,2022-05-31_געתון_יחיעם.gpx,505,2026-05-13_עבדון_כברי_גורן.gpx,מוכל-ב,,,,,18.6,96.8,1
הכלה,202,2022-05-31_געתון_יחיעם.gpx,446,2025-09-20_געתון_יחיעם_עין יעקב.gpx,מוכל-ב,,,,,10.6,92.1,1
הכלה,202,2022-05-31_געתון_יחיעם.gpx,257,2022-10-26_געתון_יחיעם.gpx,מוכל-ב,,,,,7.1,17.7,1
הכלה,202,2022-05-31_געתון_יחיעם.gpx,105,2021-09-21_מעיליא_געתון_מעונה.gpx,מוכל-ב,,,,,13.8,95.9,1
הכלה,202,2022-05-31_געתון_יחיעם.gpx,282,2022-12-30_געתון_כברי_לימן.gpx,מוכל-ב,,,,,11.4,95.9,1
הכלה,202,2022-05-31_געתון_יחיעם.gpx,57,2013-09-08_געתון_יחיעם_עין יעקב.gpx,מוכל-ב,,,,,10.1,93.2,1
הכלה,202,2022-05-31_געתון_יחיעם.gpx,557,2026-08-14_געתון_כברי.gpx,מוכל-ב,,,,,17.1,96.3,1
הכלה,202,2022-05-31_געתון_יחיעם.gpx,74,2013-10-06_מעונה_עין יעקב_געתון.gpx,מוכל-ב,,,,,19,94,1
הכלה,202,2022-05-31_געתון_יחיעם.gpx,61,2013-09-14_עין המפרץ_געתון_מזרעה.gpx,מוכל-ב,,,,,13.5,95.4,1
הכלה,202,2022-05-31_געתון_יחיעם.gpx,125,2021-11-27_מעיליא_געתון_נווה זיו.gpx,מוכל-ב,,,,,12.4,93.7,1
הכלה,202,2022-05-31_געתון_יחיעם.gpx,558,2026-08-14_געתון_כברי_מצובה.gpx,מוכל-ב,,,,,10.7,90.3,1
הכלה,202,2022-05-31_געתון_יחיעם.gpx,254,2022-10-21_געתון_יחיעם.gpx,מוכל-ב,,,,,8.7,57,1
הכלה,202,2022-05-31_געתון_יחיעם.gpx,519,2026-06-06 געתון_רגבה_עכו.gpx,מוכל-ב,,,,,16.8,90.8,1
הכלה,202,2022-05-31_געתון_יחיעם.gpx,52,2013-08-30_מעונה_עין יעקב_געתון.gpx,מוכל-ב,,,,,15.7,91.2,1
הכלה,202,2022-05-31_געתון_יחיעם.gpx,156,2022-02-11_געתון_כברי_לימן.gpx,מוכל-ב,,,,,9.6,96.7,1
הכלה,202,2022-05-31_געתון_יחיעם.gpx,479,2026-02-25_שבי ציון_נהרייה_כברי.gpx,מוכל-ב,,,,,12.3,96.2,1
הכלה,202,2022-05-31_געתון_יחיעם.gpx,128,2021-12-04_געתון_מעיליא_מעונה.gpx,מוכל-ב,,,,,17.8,96.4,1
הכלה,202,2022-05-31_געתון_יחיעם.gpx,534,2026-07-04 געתון_חרדלית_מנות_הילה_עין_זיו_חרדלית_געתון.gpx,מוכל-ב,,,,,19.1,93.7,1
הכלה,202,2022-05-31_געתון_יחיעם.gpx,192,2022-05-12_געתון_יחיעם.gpx,מוכל-ב,,,,,9.2,23.8,1
הכלה,202,2022-05-31_געתון_יחיעם.gpx,540,2026-07-14_שבי ציון_געתון_נהרייה.gpx,מוכל-ב,,,,,18.2,93.5,1
הכלה,202,2022-05-31_געתון_יחיעם.gpx,70,2013-09-28_עין יעקב_מזרעה_שבי ציון.gpx,מוכל-ב,,,,,24,95.5,1
הכלה,202,2022-05-31_געתון_יחיעם.gpx,34,2013-07-27_געתון_כברי_מנות.gpx,מוכל-ב,,,,,19.5,91.4,1
הכלה,202,2022-05-31_געתון_יחיעם.gpx,194,2022-05-15_געתון_יחיעם.gpx,מוכל-ב,,,,,8.6,15.4,1
הכלה,202,2022-05-31_געתון_יחיעם.gpx,209,2022-06-11_מנות_מעיליא_כברי.gpx,מוכל-ב,,,,,16.7,96.9,1
הכלה,202,2022-05-31_געתון_יחיעם.gpx,131,2021-12-09_געתון_יחיעם.gpx,מוכל-ב,,,,,9,21.7,1
הכלה,202,2022-05-31_געתון_יחיעם.gpx,56,2013-09-07_געתון_מעונה_גשר הזיו.gpx,מוכל-ב,,,,,12.3,90.3,1
הכלה,202,2022-05-31_געתון_יחיעם.gpx,238,2022-08-13_מנות_הילה_מעיליא.gpx,מוכל-ב,,,,,18.9,98.9,1
הכלה,202,2022-05-31_געתון_יחיעם.gpx,152,2022-01-30_געתון_יחיעם.gpx,מוכל-ב,,,,,8.3,15.5,1
הכלה,202,2022-05-31_געתון_יחיעם.gpx,253,2022-10-17_געתון_מעיליא_מעונה.gpx,מוכל-ב,,,,,15.8,96.1,1
הכלה,202,2022-05-31_געתון_יחיעם.gpx,234,2022-08-02_געתון_יחיעם.gpx,מוכל-ב,,,,,12.6,49.2,1
הכלה,202,2022-05-31_געתון_יחיעם.gpx,162,2022-02-23_געתון_יחיעם.gpx,מוכל-ב,,,,,8,19.1,1
הכלה,202,2022-05-31_געתון_יחיעם.gpx,29,2013-07-19_עין יעקב_מעונה_מנות.gpx,מוכל-ב,,,,,14.6,92.2,1
הכלה,202,2022-05-31_געתון_יחיעם.gpx,43,2013-08-14_געתון_מעונה_עין יעקב.gpx,מוכל-ב,,,,,13.3,90,1
הכלה,202,2022-05-31_געתון_יחיעם.gpx,24,2013-07-08_עין יעקב_מעונה_געתון.gpx,מוכל-ב,,,,,19.1,89.9,1
הכלה,202,2022-05-31_געתון_יחיעם.gpx,227,2022-07-15_געתון_כברי_לימן.gpx,מוכל-ב,,,,,12.1,90.7,1
הכלה,202,2022-05-31_געתון_יחיעם.gpx,439,2025-08-28_געתון_כברי_לימן.gpx,מוכל-ב,,,,,13.2,94.6,1
הכלה,202,2022-05-31_געתון_יחיעם.gpx,483,2026-03-05_געתון_כברי.gpx,מוכל-ב,,,,,19.7,68.1,1
הכלה,202,2022-05-31_געתון_יחיעם.gpx,193,2022-05-14_מנות_געתון_מעיליא.gpx,מוכל-ב,,,,,16.5,96.6,1
הכלה,202,2022-05-31_געתון_יחיעם.gpx,345,2023-12-30_געתון_יחיעם_עין יעקב.gpx,מוכל-ב,,,,,14.9,106.1,0.978
הכלה,202,2022-05-31_געתון_יחיעם.gpx,159,2022-02-18_געתון_כברי_גשר הזיו.gpx,מוכל-ב,,,,,12.2,92.6,1
הכלה,202,2022-05-31_געתון_יחיעם.gpx,243,2022-08-21_געתון_יחיעם.gpx,מוכל-ב,,,,,11.6,97.7,1
הכלה,202,2022-05-31_געתון_יחיעם.gpx,26,2013-07-12_געתון_שלומי_כפר ראש הנקרה.gpx,מוכל-ב,,,,,17.8,99.1,1
הכלה,202,2022-05-31_געתון_יחיעם.gpx,341,2023-11-20_געתון_עין יעקב.gpx,מוכל-ב,,,,,16.8,119.2,0.957
הכלה,202,2022-05-31_געתון_יחיעם.gpx,448,2025-09-23_געתון_כברי_לימן.gpx,מוכל-ב,,,,,22.3,96.7,1
הכלה,202,2022-05-31_געתון_יחיעם.gpx,71,2013-10-01_געתון_עין יעקב.gpx,מוכל-ב,,,,,9.8,91.9,1
הכלה,202,2022-05-31_געתון_יחיעם.gpx,188,2022-05-04_געתון_יחיעם.gpx,מוכל-ב,,,,,6.6,14.2,1
הכלה,202,2022-05-31_געתון_יחיעם.gpx,284,2023-01-10_געתון_כברי_לימן.gpx,מוכל-ב,,,,,12.1,91.5,1
הכלה,202,2022-05-31_געתון_יחיעם.gpx,356,2024-02-25_געתון_עין יעקב.gpx,מוכל-ב,,,,,17.3,104.7,0.978
הכלה,202,2022-05-31_געתון_יחיעם.gpx,165,2022-02-28_געתון_כברי_לימן.gpx,מוכל-ב,,,,,11.7,93.7,1
הכלה,202,2022-05-31_געתון_יחיעם.gpx,108,2021-09-26_געתון_יחיעם.gpx,מוכל-ב,,,,,11.6,24.2,1
הכלה,202,2022-05-31_געתון_יחיעם.gpx,263,2022-11-11_געתון_יחיעם.gpx,מוכל-ב,,,,,9.5,59.7,1
הכלה,202,2022-05-31_געתון_יחיעם.gpx,177,2022-04-07_געתון_יחיעם.gpx,מוכל-ב,,,,,5.6,35.6,1
הכלה,202,2022-05-31_געתון_יחיעם.gpx,138,2021-12-25_געתון_מעיליא_מעונה.gpx,מוכל-ב,,,,,17.1,98.3,1
הכלה,202,2022-05-31_געתון_יחיעם.gpx,201,2022-05-29_געתון_כברי_לימן.gpx,מוכל-ב,,,,,14.5,89.5,1
הכלה,202,2022-05-31_געתון_יחיעם.gpx,143,2022-01-07_געתון_מעיליא_מעונה.gpx,מוכל-ב,,,,,15.4,98,1
הכלה,202,2022-05-31_געתון_יחיעם.gpx,346,2023-12-31_געתון_יחיעם_עין יעקב.gpx,מוכל-ב,,,,,18.7,117.1,0.978
הכלה,202,2022-05-31_געתון_יחיעם.gpx,210,2022-06-12_געתון_יחיעם.gpx,מוכל-ב,,,,,9.5,23.3,1
הכלה,202,2022-05-31_געתון_יחיעם.gpx,32,2013-07-25_געתון_שלומי_כברי.gpx,מוכל-ב,,,,,20.4,100.1,0.978
הכלה,202,2022-05-31_געתון_יחיעם.gpx,281,2022-12-28_געתון_גשר הזיו_כברי.gpx,מוכל-ב,,,,,10.5,94,1
הכלה,202,2022-05-31_געתון_יחיעם.gpx,242,2022-08-20_געתון_מנות_מעיליא.gpx,מוכל-ב,,,,,18.8,98.5,1
הכלה,202,2022-05-31_געתון_יחיעם.gpx,233,2022-07-31_געתון_יחיעם.gpx,מוכל-ב,,,,,6.7,15.6,1
הכלה,202,2022-05-31_געתון_יחיעם.gpx,145,2022-01-14_געתון_יחיעם.gpx,מוכל-ב,,,,,10.5,23.2,1
הכלה,202,2022-05-31_געתון_יחיעם.gpx,241,2022-08-19_געתון_כברי_לימן.gpx,מוכל-ב,,,,,12.5,92.7,1
הכלה,202,2022-05-31_געתון_יחיעם.gpx,496,2026-04-16_עין יעקב_מעונה_געתון.gpx,מוכל-ב,,,,,16.1,93,1
הכלה,202,2022-05-31_געתון_יחיעם.gpx,27,2013-07-13_געתון_מעיליא_נווה זיו.gpx,מוכל-ב,,,,,20.2,92.6,1
הכלה,202,2022-05-31_געתון_יחיעם.gpx,189,2022-05-06_געתון_יחיעם.gpx,מוכל-ב,,,,,7.8,12.5,1
הכלה,202,2022-05-31_געתון_יחיעם.gpx,442,2025-09-08_געתון_יחיעם_כברי.gpx,מוכל-ב,,,,,12.1,89.3,1
הכלה,202,2022-05-31_געתון_יחיעם.gpx,174,2022-04-02_געתון_מעיליא_נווה זיו.gpx,מוכל-ב,,,,,14.5,97.7,1
הכלה,202,2022-05-31_געתון_יחיעם.gpx,482,2026-02-28_געתון_כברי.gpx,מוכל-ב,,,,,15.7,91,1
הכלה,202,2022-05-31_געתון_יחיעם.gpx,25,2013-07-10_עין יעקב_מעונה_געתון.gpx,מוכל-ב,,,,,18.8,93.7,1
הכלה,202,2022-05-31_געתון_יחיעם.gpx,348,2024-01-03_געתון_יחיעם_עין יעקב_1.gpx,מוכל-ב,,,,,12.2,71.6,1
הכלה,202,2022-05-31_געתון_יחיעם.gpx,224,2022-07-08_מנות_געתון_הילה.gpx,מוכל-ב,,,,,20.3,99.2,1
הכלה,202,2022-05-31_געתון_יחיעם.gpx,626,יער הדובים השיירה סינגל בני.gpx,מוכל-ב,,,,,15.4,71,1
הכלה,202,2022-05-31_געתון_יחיעם.gpx,484,2026-03-06_עין יעקב_געתון_כברי.gpx,מוכל-ב,,,,,25.5,92.2,1
הכלה,202,2022-05-31_געתון_יחיעם.gpx,173,2022-04-01_געתון_יחיעם.gpx,מוכל-ב,,,,,11.1,22.9,1
הכלה,202,2022-05-31_געתון_יחיעם.gpx,208,2022-06-09_געתון_יחיעם_עין יעקב.gpx,מוכל-ב,,,,,12.3,23.8,1
הכלה,202,2022-05-31_געתון_יחיעם.gpx,443,2025-09-10_געתון_יחיעם_כברי.gpx,מוכל-ב,,,,,12.6,92.9,1
הכלה,202,2022-05-31_געתון_יחיעם.gpx,175,2022-04-03_געתון_יחיעם.gpx,מוכל-ב,,,,,4.4,16.9,1
הכלה,202,2022-05-31_געתון_יחיעם.gpx,62,2013-09-18_געתון_מעיליא_מנות.gpx,מוכל-ב,,,,,13.5,94.5,1
הכלה,202,2022-05-31_געתון_יחיעם.gpx,347,2024-01-03_געתון_יחיעם_עין יעקב.gpx,מוכל-ב,,,,,15.6,106.2,0.978
הכלה,202,2022-05-31_געתון_יחיעם.gpx,215,2022-06-21_געתון_יחיעם_עין יעקב.gpx,מוכל-ב,,,,,7.9,24.4,1
הכלה,202,2022-05-31_געתון_יחיעם.gpx,185,2022-04-21_געתון_יחיעם.gpx,מוכל-ב,,,,,7.5,15.8,1
הכלה,202,2022-05-31_געתון_יחיעם.gpx,232,2022-07-23_געתון_נווה זיו.gpx,מוכל-ב,,,,,12.7,88.5,1
הכלה,202,2022-05-31_געתון_יחיעם.gpx,239,2022-08-14_געתון_כברי_לימן.gpx,מוכל-ב,,,,,11.9,92.9,1
הכלה,202,2022-05-31_געתון_יחיעם.gpx,36,2013-08-01_מעונה_עין יעקב_געתון.gpx,מוכל-ב,,,,,19.6,91.3,1
הכלה,202,2022-05-31_געתון_יחיעם.gpx,363,2024-03-29_געתון_עין יעקב.gpx,מוכל-ב,,,,,17,105.5,0.978
הכלה,202,2022-05-31_געתון_יחיעם.gpx,151,2022-01-29_געתון_יחיעם.gpx,מוכל-ב,,,,,12.4,19.6,1
הכלה,202,2022-05-31_געתון_יחיעם.gpx,140,2021-12-31_געתון_מעיליא_מעונה.gpx,מוכל-ב,,,,,16.8,97.3,1
הכלה,202,2022-05-31_געתון_יחיעם.gpx,195,2022-05-18_געתון_יחיעם.gpx,מוכל-ב,,,,,6.9,23.2,1
הכלה,202,2022-05-31_געתון_יחיעם.gpx,230,2022-07-19_כברי_געתון_לימן.gpx,מוכל-ב,,,,,17.6,94.9,1
הכלה,202,2022-05-31_געתון_יחיעם.gpx,360,2024-03-09_געתון_עין יעקב.gpx,מוכל-ב,,,,,15.7,107.6,0.978
הכלה,202,2022-05-31_געתון_יחיעם.gpx,183,2022-04-16_מנות_הילה_מעיליא.gpx,מוכל-ב,,,,,15.7,100.6,0.978
הכלה,202,2022-05-31_געתון_יחיעם.gpx,196,2022-05-19_געתון_מעונה_עין יעקב.gpx,מוכל-ב,,,,,17.8,92.6,1
הכלה,202,2022-05-31_געתון_יחיעם.gpx,117,2021-11-06_מעיליא_געתון_מעונה.gpx,מוכל-ב,,,,,20,95.7,1
הכלה,202,2022-05-31_געתון_יחיעם.gpx,355,2024-02-23_געתון_עין יעקב.gpx,מוכל-ב,,,,,12.1,89.1,1
הכלה,202,2022-05-31_געתון_יחיעם.gpx,28,2013-07-15_געתון_שבי ציון_גשר הזיו.gpx,מוכל-ב,,,,,17.4,97,1
הכלה,202,2022-05-31_געתון_יחיעם.gpx,266,2022-11-19_מעיליא_געתון_מעונה.gpx,מוכל-ב,,,,,13.2,108.6,0.978
הכלה,202,2022-05-31_געתון_יחיעם.gpx,256,2022-10-24_געתון_יחיעם.gpx,מוכל-ב,,,,,7.8,15.9,1
הכלה,202,2022-05-31_געתון_יחיעם.gpx,452,2025-10-01_שבי ציון_כברי_נהרייה.gpx,מוכל-ב,,,,,13.1,95.6,1
הכלה,202,2022-05-31_געתון_יחיעם.gpx,107,2021-09-25_מעיליא_געתון_מעונה.gpx,מוכל-ב,,,,,17.1,94.9,1
הכלה,202,2022-05-31_געתון_יחיעם.gpx,99,2021-09-11_געתון_מעיליא_מעונה.gpx,מוכל-ב,,,,,16.5,96.7,1
הכלה,202,2022-05-31_געתון_יחיעם.gpx,68,2013-09-26_געתון_כפר ורדים_מנות.gpx,מוכל-ב,,,,,19.6,92.6,1
הכלה,202,2022-05-31_געתון_יחיעם.gpx,475,2026-02-07_מעיליא_מנות_הילה.gpx,מוכל-ב,,,,,17,92.7,1
הכלה,202,2022-05-31_געתון_יחיעם.gpx,91,2021-08-07_געתון_מעיליא_מעונה.gpx,מוכל-ב,,,,,15.8,93.1,1
הכלה,202,2022-05-31_געתון_יחיעם.gpx,259,2022-10-29_געתון_מעיליא_מעונה.gpx,מוכל-ב,,,,,16.8,119,0.978
הכלה,202,2022-05-31_געתון_יחיעם.gpx,212,2022-06-16_געתון_יחיעם_עין יעקב.gpx,מוכל-ב,,,,,7.4,21.2,1
הכלה,202,2022-05-31_געתון_יחיעם.gpx,40,2013-08-08_געתון_כברי.gpx,מוכל-ב,,,,,15.3,98.3,1
הכלה,202,2022-05-31_געתון_יחיעם.gpx,154,2022-02-02_געתון_יחיעם.gpx,מוכל-ב,,,,,10.2,23.9,1
הכלה,202,2022-05-31_געתון_יחיעם.gpx,206,2022-06-04_געתון_כברי_נהרייה.gpx,מוכל-ב,,,,,16,94,1
הכלה,202,2022-05-31_געתון_יחיעם.gpx,262,2022-11-09_געתון_יחיעם.gpx,מוכל-ב,,,,,10.7,22.8,1
הכלה,202,2022-05-31_געתון_יחיעם.gpx,44,2013-08-16_געתון_שלומי_כפר ראש הנקרה.gpx,מוכל-ב,,,,,13.5,96.8,1
הכלה,202,2022-05-31_געתון_יחיעם.gpx,453,2025-10-02_געתון_כברי_גשר הזיו.gpx,מוכל-ב,,,,,12.6,94.7,1
הכלה,202,2022-05-31_געתון_יחיעם.gpx,122,2021-11-19_געתון_יחיעם.gpx,מוכל-ב,,,,,10.8,24.2,1
הכלה,202,2022-05-31_געתון_יחיעם.gpx,455,2025-10-11_געתון_יחיעם_כברי.gpx,מוכל-ב,,,,,13.6,92.2,1
הכלה,202,2022-05-31_געתון_יחיעם.gpx,139,2021-12-29_געתון_יחיעם.gpx,מוכל-ב,,,,,9.7,20.8,1
הכלה,202,2022-05-31_געתון_יחיעם.gpx,72,2013-10-02_געתון_עין יעקב_מעיליא.gpx,מוכל-ב,,,,,15.2,92.4,1
הכלה,202,2022-05-31_געתון_יחיעם.gpx,497,2026-04-20_כברי_געתון_גשר הזיו.gpx,מוכל-ב,,,,,12.9,96.7,1
הכלה,202,2022-05-31_געתון_יחיעם.gpx,42,2013-08-12_געתון_כברי_לימן.gpx,מוכל-ב,,,,,17,132.9,0.957
הכלה,202,2022-05-31_געתון_יחיעם.gpx,286,2023-01-18_געתון_כברי_גשר הזיו.gpx,מוכל-ב,,,,,9.1,22,1
הכלה,202,2022-05-31_געתון_יחיעם.gpx,211,2022-06-15_געתון_כברי_לימן.gpx,מוכל-ב,,,,,10.2,94.8,1
הכלה,202,2022-05-31_געתון_יחיעם.gpx,502,2026-05-07_געתון_כברי_לימן.gpx,מוכל-ב,,,,,15.7,92.8,1
הכלה,202,2022-05-31_געתון_יחיעם.gpx,490,2026-03-25_געתון_גשר הזיו_כברי.gpx,מוכל-ב,,,,,12.2,89.3,1
הכלה,202,2022-05-31_געתון_יחיעם.gpx,180,2022-04-13_געתון_יחיעם.gpx,מוכל-ב,,,,,10,22.2,1
הכלה,202,2022-05-31_געתון_יחיעם.gpx,199,2022-05-26_געתון_יחיעם.gpx,מוכל-ב,,,,,10.4,20.5,1
הכלה,202,2022-05-31_געתון_יחיעם.gpx,191,2022-05-11_געתון_יחיעם.gpx,מוכל-ב,,,,,12.9,25.1,1
הכלה,202,2022-05-31_געתון_יחיעם.gpx,197,2022-05-20_געתון_כברי_לימן.gpx,מוכל-ב,,,,,14.9,92,1
הכלה,202,2022-05-31_געתון_יחיעם.gpx,447,2025-09-22_שבי ציון_כברי_נהרייה.gpx,מוכל-ב,,,,,21.3,99.1,1
הכלה,202,2022-05-31_געתון_יחיעם.gpx,200,2022-05-27_געתון_כברי_לימן.gpx,מוכל-ב,,,,,11.6,22.6,1
הכלה,202,2022-05-31_געתון_יחיעם.gpx,226,2022-07-11_געתון_כברי_כפר ראש הנקרה.gpx,מוכל-ב,,,,,15.9,93,1
הכלה,202,2022-05-31_געתון_יחיעם.gpx,550,2026-08-08_געתון_כברי_מנות.gpx,מוכל-ב,,,,,17.1,92.4,1
הכלה,202,2022-05-31_געתון_יחיעם.gpx,123,2021-11-22_געתון_יחיעם.gpx,מוכל-ב,,,,,8.4,22.7,1
הכלה,202,2022-05-31_געתון_יחיעם.gpx,270,2022-12-03_מנות_הילה_מעיליא.gpx,מוכל-ב,,,,,15.8,103.2,0.978
הכלה,202,2022-05-31_געתון_יחיעם.gpx,160,2022-02-19_געתון_יחיעם.gpx,מוכל-ב,,,,,5.7,22.3,1
הכלה,202,2022-05-31_געתון_יחיעם.gpx,541,2026-07-14_שבי ציון_כברי_נהרייה.gpx,מוכל-ב,,,,,18.6,96.2,1
הכלה,202,2022-05-31_געתון_יחיעם.gpx,528,2026-06-24 געתון_נהריה_ראש-הנקרה_נהריה_געתון.gpx,מוכל-ב,,,,,12.4,92.4,1
הכלה,202,2022-05-31_געתון_יחיעם.gpx,167,2022-03-04_געתון_כברי_יחיעם.gpx,מוכל-ב,,,,,8.1,23,1
הכלה,202,2022-05-31_געתון_יחיעם.gpx,344,2023-12-19_געתון_עין יעקב_יחיעם_1.gpx,מוכל-ב,,,,,14.4,89.8,1
הכלה,202,2022-05-31_געתון_יחיעם.gpx,137,2021-12-21_געתון_יחיעם.gpx,מוכל-ב,,,,,5.2,11.2,1
הכלה,202,2022-05-31_געתון_יחיעם.gpx,23,2013-06-30_געתון_יחיעם_עין יעקב.gpx,מוכל-ב,,,,,12.1,91.7,1
הכלה,202,2022-05-31_געתון_יחיעם.gpx,492,2026-04-08_געתון_כברי_גשר הזיו.gpx,מוכל-ב,,,,,13.9,93.9,1
הכלה,202,2022-05-31_געתון_יחיעם.gpx,543,2026-07-19_עין יעקב_מנות_עבדון.gpx,מוכל-ב,,,,,14.8,94.2,1
הכלה,202,2022-05-31_געתון_יחיעם.gpx,216,2022-06-24_מנות_מעיליא_כברי.gpx,מוכל-ב,,,,,18.2,99.5,1
הכלה,202,2022-05-31_געתון_יחיעם.gpx,214,2022-06-19_געתון_כברי_לימן.gpx,מוכל-ב,,,,,10.8,93.8,1
הכלה,202,2022-05-31_געתון_יחיעם.gpx,265,2022-11-18_געתון_יחיעם_עין יעקב.gpx,מוכל-ב,,,,,11.3,91.3,1
הכלה,202,2022-05-31_געתון_יחיעם.gpx,142,2022-01-04_געתון_יחיעם.gpx,מוכל-ב,,,,,10.1,20.6,1
הכלה,202,2022-05-31_געתון_יחיעם.gpx,93,2021-09-04_געתון_מעיליא_מעונה.gpx,מוכל-ב,,,,,21.4,93.7,1
הכלה,202,2022-05-31_געתון_יחיעם.gpx,536,2026-07-07_עבדון_געתון_יערה.gpx,מוכל-ב,,,,,12.3,95,1
הכלה,202,2022-05-31_געתון_יחיעם.gpx,551,2026-08-08_מנות_כברי_הילה.gpx,מוכל-ב,,,,,12.8,95.5,1
הכלה,202,2022-05-31_געתון_יחיעם.gpx,179,2022-04-12_געתון_יחיעם.gpx,מוכל-ב,,,,,12,25.1,1
הכלה,202,2022-05-31_געתון_יחיעם.gpx,277,2022-12-16_געתון_יחיעם_עין יעקב.gpx,מוכל-ב,,,,,6.9,22.7,1
הכלה,202,2022-05-31_געתון_יחיעם.gpx,161,2022-02-22_געתון_יחיעם.gpx,מוכל-ב,,,,,10.7,22.6,1
הכלה,202,2022-05-31_געתון_יחיעם.gpx,146,2022-01-15_געתון_יחיעם.gpx,מוכל-ב,,,,,6.9,19.2,1
הכלה,202,2022-05-31_געתון_יחיעם.gpx,150,2022-01-21_געתון_יחיעם.gpx,מוכל-ב,,,,,5.6,15.7,1
הכלה,202,2022-05-31_געתון_יחיעם.gpx,102,2021-09-16_געתון_יחיעם.gpx,מוכל-ב,,,,,8.1,20.4,1
הכלה,202,2022-05-31_געתון_יחיעם.gpx,60,2013-09-13_עין יעקב_מעיליא_מנות.gpx,מוכל-ב,,,,,21.9,89.8,1
הכלה,202,2022-05-31_געתון_יחיעם.gpx,255,2022-10-23_געתון_יחיעם.gpx,מוכל-ב,,,,,6.4,13.7,1
הכלה,202,2022-05-31_געתון_יחיעם.gpx,157,2022-02-16_געתון_יחיעם.gpx,מוכל-ב,,,,,7.5,14.3,1
הכלה,202,2022-05-31_געתון_יחיעם.gpx,488,2026-03-18_געתון_כברי_גשר הזיו.gpx,מוכל-ב,,,,,15.7,92,1
הכלה,202,2022-05-31_געתון_יחיעם.gpx,535,2026-07-04_מעיליא_מנות_הילה.gpx,מוכל-ב,,,,,10.9,94.4,1
הכלה,202,2022-05-31_געתון_יחיעם.gpx,124,2021-11-23_געתון_יחיעם.gpx,מוכל-ב,,,,,5.5,18.5,1
הכלה,202,2022-05-31_געתון_יחיעם.gpx,35,2013-07-30_מעונה_עין יעקב_געתון.gpx,מוכל-ב,,,,,12.6,87.8,1
הכלה,202,2022-05-31_געתון_יחיעם.gpx,429,2025-03-02_געתון_עין יעקב_יחיעם.gpx,מוכל-ב,,,,,10.4,63,1
הכלה,202,2022-05-31_געתון_יחיעם.gpx,48,2013-08-24_מזרעה_שבי ציון_געתון.gpx,מוכל-ב,,,,,19.3,94,1
הכלה,202,2022-05-31_געתון_יחיעם.gpx,278,2022-12-17_מנות_מעיליא_הילה.gpx,מוכל-ב,,,,,15.4,96.3,1
הכלה,202,2022-05-31_געתון_יחיעם.gpx,280,2022-12-23_געתון_כברי_לימן.gpx,מוכל-ב,,,,,10.5,93.4,1
זהה,201,2022-05-29_געתון_כברי_לימן.gpx,239,2022-08-14_געתון_כברי_לימן.gpx,זהה,FALSE,1.8,5.1,7.5,38.7,570.9,0.978
זהה,201,2022-05-29_געתון_כברי_לימן.gpx,226,2022-07-11_געתון_כברי_כפר ראש הנקרה.gpx,זהה,FALSE,2.5,3.3,7.5,27.7,311.4,1
זהה,201,2022-05-29_געתון_כברי_לימן.gpx,227,2022-07-15_געתון_כברי_לימן.gpx,זהה,TRUE,1.4,4.5,5.9,47.5,642,0.974
זהה,201,2022-05-29_געתון_כברי_לימן.gpx,241,2022-08-19_געתון_כברי_לימן.gpx,זהה,FALSE,1.2,3.1,7.7,38.6,582,0.978
חשוד,201,2022-05-29_געתון_כברי_לימן.gpx,206,2022-06-04_געתון_כברי_נהרייה.gpx,חשוד - לבדיקה ידנית,FALSE,2.9,2.9,9,477.8,3786.9,0.798
חשוד,201,2022-05-29_געתון_כברי_לימן.gpx,528,2026-06-24 געתון_נהריה_ראש-הנקרה_נהריה_געתון.gpx,חשוד - לבדיקה ידנית,FALSE,1.9,19.6,6.9,824.6,3604.3,0.626
זהה,200,2022-05-27_געתון_כברי_לימן.gpx,227,2022-07-15_געתון_כברי_לימן.gpx,זהה,FALSE,2,6.8,1.2,29.3,410.6,1
זהה,200,2022-05-27_געתון_כברי_לימן.gpx,241,2022-08-19_געתון_כברי_לימן.gpx,זהה,TRUE,2.2,4,4.1,25.8,328.2,1
זהה,200,2022-05-27_געתון_כברי_לימן.gpx,239,2022-08-14_געתון_כברי_לימן.gpx,זהה,TRUE,1.6,3.9,7,24.8,328.7,1
זהה,200,2022-05-27_געתון_כברי_לימן.gpx,206,2022-06-04_געתון_כברי_נהרייה.gpx,זהה,TRUE,0.5,4.4,1.5,58,940.7,0.974
חשוד,200,2022-05-27_געתון_כברי_לימן.gpx,558,2026-08-14_געתון_כברי_מצובה.gpx,חשוד - לבדיקה ידנית,FALSE,3.1,0.8,17.5,1065.9,3909.2,0.55
חשוד,200,2022-05-27_געתון_כברי_לימן.gpx,528,2026-06-24 געתון_נהריה_ראש-הנקרה_נהריה_געתון.gpx,חשוד - לבדיקה ידנית,TRUE,1.4,4.2,17,604.1,2879.5,0.661
חשוד,200,2022-05-27_געתון_כברי_לימן.gpx,214,2022-06-19_געתון_כברי_לימן.gpx,חשוד - לבדיקה ידנית,TRUE,3.5,3.5,6.5,81.1,1010,0.922
חשוד,200,2022-05-27_געתון_כברי_לימן.gpx,201,2022-05-29_געתון_כברי_לימן.gpx,חשוד - לבדיקה ידנית,TRUE,3.3,5.6,4.4,13.6,106.3,1
חשוד,199,2022-05-26_געתון_יחיעם.gpx,442,2025-09-08_געתון_יחיעם_כברי.gpx,חשוד - לבדיקה ידנית,FALSE,1.9,5.8,1.9,170.9,800.1,0.652
חשוד,199,2022-05-26_געתון_יחיעם.gpx,348,2024-01-03_געתון_יחיעם_עין יעקב_1.gpx,חשוד - לבדיקה ידנית,FALSE,2.8,64.4,31.3,169.1,795.2,0.652
חשוד,199,2022-05-26_געתון_יחיעם.gpx,346,2023-12-31_געתון_יחיעם_עין יעקב.gpx,חשוד - לבדיקה ידנית,TRUE,4.8,22.8,51.7,147.9,746.2,0.714
חשוד,199,2022-05-26_געתון_יחיעם.gpx,443,2025-09-10_געתון_יחיעם_כברי.gpx,חשוד - לבדיקה ידנית,TRUE,0.7,7.1,3.3,169.6,798.7,0.652
חשוד,199,2022-05-26_געתון_יחיעם.gpx,347,2024-01-03_געתון_יחיעם_עין יעקב.gpx,חשוד - לבדיקה ידנית,FALSE,2.6,16.4,12.6,154.1,743.2,0.703
חשוד,199,2022-05-26_געתון_יחיעם.gpx,292,2023-02-18_געתון_יחיעם_עין יעקב.gpx,חשוד - לבדיקה ידנית,FALSE,3.6,21.2,18.1,80.1,727,0.848
חשוד,199,2022-05-26_געתון_יחיעם.gpx,360,2024-03-09_געתון_עין יעקב.gpx,חשוד - לבדיקה ידנית,FALSE,4.8,34.2,7,118.5,566.3,0.742
חשוד,199,2022-05-26_געתון_יחיעם.gpx,355,2024-02-23_געתון_עין יעקב.gpx,חשוד - לבדיקה ידנית,TRUE,0.9,9.5,5.2,50.8,342.9,0.846
חשוד,199,2022-05-26_געתון_יחיעם.gpx,455,2025-10-11_געתון_יחיעם_כברי.gpx,חשוד - לבדיקה ידנית,TRUE,1.5,8.1,6.6,169.5,796.2,0.652
חשוד,199,2022-05-26_געתון_יחיעם.gpx,446,2025-09-20_געתון_יחיעם_עין יעקב.gpx,חשוד - לבדיקה ידנית,FALSE,1.2,6.6,0.4,171.2,802.6,0.652
הכלה,199,2022-05-26_געתון_יחיעם.gpx,483,2026-03-05_געתון_כברי.gpx,מוכל-ב,,,,,16.3,75.8,1
הכלה,199,2022-05-26_געתון_יחיעם.gpx,263,2022-11-11_געתון_יחיעם.gpx,מוכל-ב,,,,,43.7,299.9,0.909
הכלה,199,2022-05-26_געתון_יחיעם.gpx,227,2022-07-15_געתון_כברי_לימן.gpx,מוכל-ב,,,,,21.4,193.5,0.97
הכלה,199,2022-05-26_געתון_יחיעם.gpx,241,2022-08-19_געתון_כברי_לימן.gpx,מוכל-ב,,,,,32.6,305.4,0.939
הכלה,199,2022-05-26_געתון_יחיעם.gpx,484,2026-03-06_עין יעקב_געתון_כברי.gpx,מוכל-ב,,,,,30.7,193,0.955
הכלה,199,2022-05-26_געתון_יחיעם.gpx,239,2022-08-14_געתון_כברי_לימן.gpx,מוכל-ב,,,,,33,307.2,0.939
הכלה,199,2022-05-26_געתון_יחיעם.gpx,626,יער הדובים השיירה סינגל בני.gpx,מוכל-ב,,,,,24.2,175.2,0.97
הכלה,199,2022-05-26_געתון_יחיעם.gpx,200,2022-05-27_געתון_כברי_לימן.gpx,מוכל-ב,,,,,12.6,24,1
הכלה,199,2022-05-26_געתון_יחיעם.gpx,226,2022-07-11_געתון_כברי_כפר ראש הנקרה.gpx,מוכל-ב,,,,,32.5,307.6,0.939
הכלה,199,2022-05-26_געתון_יחיעם.gpx,265,2022-11-18_געתון_יחיעם_עין יעקב.gpx,מוכל-ב,,,,,30.5,301.1,0.939
הכלה,199,2022-05-26_געתון_יחיעם.gpx,201,2022-05-29_געתון_כברי_לימן.gpx,מוכל-ב,,,,,15.2,106.2,1
הכלה,199,2022-05-26_געתון_יחיעם.gpx,277,2022-12-16_געתון_יחיעם_עין יעקב.gpx,מוכל-ב,,,,,38.5,298.9,0.924
הכלה,199,2022-05-26_געתון_יחיעם.gpx,197,2022-05-20_געתון_כברי_לימן.gpx,מוכל-ב,,,,,17.5,111.4,1
זהה,198,2022-05-25_געתון_יחיעם.gpx,283,2023-01-09_געתון_יחיעם.gpx,זהה,TRUE,1,9.5,7.1,8.2,24.6,1
זהה,198,2022-05-25_געתון_יחיעם.gpx,223,2022-07-07_געתון_יחיעם.gpx,זהה,FALSE,0.3,3.9,11.6,4.6,10.5,1
זהה,198,2022-05-25_געתון_יחיעם.gpx,202,2022-05-31_געתון_יחיעם.gpx,זהה,FALSE,0.2,3.8,6.9,9.9,16.9,1
הכלה,198,2022-05-25_געתון_יחיעם.gpx,197,2022-05-20_געתון_כברי_לימן.gpx,מוכל-ב,,,,,12.9,100.9,0.978
הכלה,198,2022-05-25_געתון_יחיעם.gpx,275,2022-12-10_מנות_הילה_כברי.gpx,מוכל-ב,,,,,13.6,101.7,0.978
הכלה,198,2022-05-25_געתון_יחיעם.gpx,228,2022-07-16_מנות_געתון_מעיליא.gpx,מוכל-ב,,,,,13.8,102.9,0.978
הכלה,198,2022-05-25_געתון_יחיעם.gpx,221,2022-07-02_יחיעם_געתון_עין יעקב.gpx,מוכל-ב,,,,,19.1,99.5,1
הכלה,198,2022-05-25_געתון_יחיעם.gpx,520,2026-06-06_געתון_בוסתן הגליל_נתיב השיירה.gpx,מוכל-ב,,,,,21.1,106.2,0.978
הכלה,198,2022-05-25_געתון_יחיעם.gpx,505,2026-05-13_עבדון_כברי_גורן.gpx,מוכל-ב,,,,,14.3,106.3,0.978
הכלה,198,2022-05-25_געתון_יחיעם.gpx,160,2022-02-19_געתון_יחיעם.gpx,מוכל-ב,,,,,10.2,18.8,1
הכלה,198,2022-05-25_געתון_יחיעם.gpx,446,2025-09-20_געתון_יחיעם_עין יעקב.gpx,מוכל-ב,,,,,14.1,101,0.978
הכלה,198,2022-05-25_געתון_יחיעם.gpx,257,2022-10-26_געתון_יחיעם.gpx,מוכל-ב,,,,,7.7,18.6,1
הכלה,198,2022-05-25_געתון_יחיעם.gpx,282,2022-12-30_געתון_כברי_לימן.gpx,מוכל-ב,,,,,11.7,105.5,0.978
הכלה,198,2022-05-25_געתון_יחיעם.gpx,179,2022-04-12_געתון_יחיעם.gpx,מוכל-ב,,,,,6.6,12.2,1
הכלה,198,2022-05-25_געתון_יחיעם.gpx,161,2022-02-22_געתון_יחיעם.gpx,מוכל-ב,,,,,8.6,24.2,1
הכלה,198,2022-05-25_געתון_יחיעם.gpx,146,2022-01-15_געתון_יחיעם.gpx,מוכל-ב,,,,,7.3,18.8,1
הכלה,198,2022-05-25_געתון_יחיעם.gpx,557,2026-08-14_געתון_כברי.gpx,מוכל-ב,,,,,22.1,106.1,0.978
הכלה,198,2022-05-25_געתון_יחיעם.gpx,157,2022-02-16_געתון_יחיעם.gpx,מוכל-ב,,,,,8.9,24.9,1
הכלה,198,2022-05-25_געתון_יחיעם.gpx,558,2026-08-14_געתון_כברי_מצובה.gpx,מוכל-ב,,,,,13.7,100.2,0.978
הכלה,198,2022-05-25_געתון_יחיעם.gpx,124,2021-11-23_געתון_יחיעם.gpx,מוכל-ב,,,,,8.4,21.9,1
הכלה,198,2022-05-25_געתון_יחיעם.gpx,35,2013-07-30_מעונה_עין יעקב_געתון.gpx,מוכל-ב,,,,,18.8,98.2,1
הכלה,198,2022-05-25_געתון_יחיעם.gpx,254,2022-10-21_געתון_יחיעם.gpx,מוכל-ב,,,,,12.9,67,1
הכלה,198,2022-05-25_געתון_יחיעם.gpx,519,2026-06-06 געתון_רגבה_עכו.gpx,מוכל-ב,,,,,22.1,100.7,0.978
הכלה,198,2022-05-25_געתון_יחיעם.gpx,260,2022-11-04_מעיליא_געתון_מעונה.gpx,מוכל-ב,,,,,13.7,102.6,0.978
הכלה,198,2022-05-25_געתון_יחיעם.gpx,479,2026-02-25_שבי ציון_נהרייה_כברי.gpx,מוכל-ב,,,,,15.1,105.9,0.978
הכלה,198,2022-05-25_געתון_יחיעם.gpx,92,2021-09-03_געתון_מעיליא_מעונה.gpx,מוכל-ב,,,,,20.7,103.1,0.978
הכלה,198,2022-05-25_געתון_יחיעם.gpx,534,2026-07-04 געתון_חרדלית_מנות_הילה_עין_זיו_חרדלית_געתון.gpx,מוכל-ב,,,,,16.1,103.1,0.978
הכלה,198,2022-05-25_געתון_יחיעם.gpx,142,2022-01-04_געתון_יחיעם.gpx,מוכל-ב,,,,,7.5,23.8,1
הכלה,198,2022-05-25_געתון_יחיעם.gpx,93,2021-09-04_געתון_מעיליא_מעונה.gpx,מוכל-ב,,,,,17.7,103.4,0.978
הכלה,198,2022-05-25_געתון_יחיעם.gpx,540,2026-07-14_שבי ציון_געתון_נהרייה.gpx,מוכל-ב,,,,,21.6,103,0.978
הכלה,198,2022-05-25_געתון_יחיעם.gpx,67,2013-09-25_געתון_עין יעקב_מעיליא.gpx,מוכל-ב,,,,,20.3,101.8,0.978
הכלה,198,2022-05-25_געתון_יחיעם.gpx,209,2022-06-11_מנות_מעיליא_כברי.gpx,מוכל-ב,,,,,14.8,106.7,0.978
הכלה,198,2022-05-25_געתון_יחיעם.gpx,150,2022-01-21_געתון_יחיעם.gpx,מוכל-ב,,,,,8.1,21.8,1
הכלה,198,2022-05-25_געתון_יחיעם.gpx,102,2021-09-16_געתון_יחיעם.gpx,מוכל-ב,,,,,8,22.6,1
הכלה,198,2022-05-25_געתון_יחיעם.gpx,164,2022-02-27_געתון_יחיעם.gpx,מוכל-ב,,,,,11.8,24.5,1
הכלה,198,2022-05-25_געתון_יחיעם.gpx,60,2013-09-13_עין יעקב_מעיליא_מנות.gpx,מוכל-ב,,,,,17.5,99.6,1
הכלה,198,2022-05-25_געתון_יחיעם.gpx,105,2021-09-21_מעיליא_געתון_מעונה.gpx,מוכל-ב,,,,,18.1,100.8,0.978
הכלה,198,2022-05-25_געתון_יחיעם.gpx,57,2013-09-08_געתון_יחיעם_עין יעקב.gpx,מוכל-ב,,,,,13.9,98.2,1
הכלה,198,2022-05-25_געתון_יחיעם.gpx,238,2022-08-13_מנות_הילה_מעיליא.gpx,מוכל-ב,,,,,14.3,102.9,0.978
הכלה,198,2022-05-25_געתון_יחיעם.gpx,74,2013-10-06_מעונה_עין יעקב_געתון.gpx,מוכל-ב,,,,,13.7,103.9,0.978
הכלה,198,2022-05-25_געתון_יחיעם.gpx,253,2022-10-17_געתון_מעיליא_מעונה.gpx,מוכל-ב,,,,,14,99.8,1
הכלה,198,2022-05-25_געתון_יחיעם.gpx,61,2013-09-14_עין המפרץ_געתון_מזרעה.gpx,מוכל-ב,,,,,17.6,82.9,1
הכלה,198,2022-05-25_געתון_יחיעם.gpx,234,2022-08-02_געתון_יחיעם.gpx,מוכל-ב,,,,,10,55.9,1
הכלה,198,2022-05-25_געתון_יחיעם.gpx,125,2021-11-27_מעיליא_געתון_נווה זיו.gpx,מוכל-ב,,,,,17.7,102,0.978
הכלה,198,2022-05-25_געתון_יחיעם.gpx,48,2013-08-24_מזרעה_שבי ציון_געתון.gpx,מוכל-ב,,,,,17.4,103.9,0.978
הכלה,198,2022-05-25_געתון_יחיעם.gpx,50,2013-08-28_געתון_יחיעם_עין יעקב.gpx,מוכל-ב,,,,,20,107.8,0.957
הכלה,198,2022-05-25_געתון_יחיעם.gpx,52,2013-08-30_מעונה_עין יעקב_געתון.gpx,מוכל-ב,,,,,15,101.4,0.978
הכלה,198,2022-05-25_געתון_יחיעם.gpx,227,2022-07-15_געתון_כברי_לימן.gpx,מוכל-ב,,,,,16.5,100.1,0.978
הכלה,198,2022-05-25_געתון_יחיעם.gpx,439,2025-08-28_געתון_כברי_לימן.gpx,מוכל-ב,,,,,15.9,104.5,0.978
הכלה,198,2022-05-25_געתון_יחיעם.gpx,483,2026-03-05_געתון_כברי.gpx,מוכל-ב,,,,,15.5,74.8,1
הכלה,198,2022-05-25_געתון_יחיעם.gpx,345,2023-12-30_געתון_יחיעם_עין יעקב.gpx,מוכל-ב,,,,,19.4,101.1,0.978
הכלה,198,2022-05-25_געתון_יחיעם.gpx,243,2022-08-21_געתון_יחיעם.gpx,מוכל-ב,,,,,16.1,107.6,0.978
הכלה,198,2022-05-25_געתון_יחיעם.gpx,131,2021-12-09_געתון_יחיעם.gpx,מוכל-ב,,,,,8.4,23.1,1
הכלה,198,2022-05-25_געתון_יחיעם.gpx,56,2013-09-07_געתון_מעונה_גשר הזיו.gpx,מוכל-ב,,,,,17.1,96.3,1
הכלה,198,2022-05-25_געתון_יחיעם.gpx,341,2023-11-20_געתון_עין יעקב.gpx,מוכל-ב,,,,,18.2,116.1,0.957
הכלה,198,2022-05-25_געתון_יחיעם.gpx,448,2025-09-23_געתון_כברי_לימן.gpx,מוכל-ב,,,,,17.2,104.7,0.978
הכלה,198,2022-05-25_געתון_יחיעם.gpx,284,2023-01-10_געתון_כברי_לימן.gpx,מוכל-ב,,,,,15.5,98.6,1
הכלה,198,2022-05-25_געתון_יחיעם.gpx,356,2024-02-25_געתון_עין יעקב.gpx,מוכל-ב,,,,,17.2,103.8,0.978
הכלה,198,2022-05-25_געתון_יחיעם.gpx,29,2013-07-19_עין יעקב_מעונה_מנות.gpx,מוכל-ב,,,,,18.8,101.2,0.978
הכלה,198,2022-05-25_געתון_יחיעם.gpx,263,2022-11-11_געתון_יחיעם.gpx,מוכל-ב,,,,,9.8,70.4,1
הכלה,198,2022-05-25_געתון_יחיעם.gpx,43,2013-08-14_געתון_מעונה_עין יעקב.gpx,מוכל-ב,,,,,15.6,98.9,1
הכלה,198,2022-05-25_געתון_יחיעם.gpx,156,2022-02-11_געתון_כברי_לימן.gpx,מוכל-ב,,,,,12.1,106.2,0.978
הכלה,198,2022-05-25_געתון_יחיעם.gpx,24,2013-07-08_עין יעקב_מעונה_געתון.gpx,מוכל-ב,,,,,16.7,98.6,1
הכלה,198,2022-05-25_געתון_יחיעם.gpx,128,2021-12-04_געתון_מעיליא_מעונה.gpx,מוכל-ב,,,,,13.6,98.8,1
הכלה,198,2022-05-25_געתון_יחיעם.gpx,192,2022-05-12_געתון_יחיעם.gpx,מוכל-ב,,,,,8.6,24.2,1
הכלה,198,2022-05-25_געתון_יחיעם.gpx,70,2013-09-28_עין יעקב_מזרעה_שבי ציון.gpx,מוכל-ב,,,,,25.3,109.3,0.957
הכלה,198,2022-05-25_געתון_יחיעם.gpx,34,2013-07-27_געתון_כברי_מנות.gpx,מוכל-ב,,,,,21.9,80.2,1
הכלה,198,2022-05-25_געתון_יחיעם.gpx,194,2022-05-15_געתון_יחיעם.gpx,מוכל-ב,,,,,9.5,22.8,1
הכלה,198,2022-05-25_געתון_יחיעם.gpx,346,2023-12-31_געתון_יחיעם_עין יעקב.gpx,מוכל-ב,,,,,19.3,109.2,0.978
הכלה,198,2022-05-25_געתון_יחיעם.gpx,210,2022-06-12_געתון_יחיעם.gpx,מוכל-ב,,,,,6.6,15.5,1
הכלה,198,2022-05-25_געתון_יחיעם.gpx,193,2022-05-14_מנות_געתון_מעיליא.gpx,מוכל-ב,,,,,13.5,105.9,0.978
הכלה,198,2022-05-25_געתון_יחיעם.gpx,281,2022-12-28_געתון_גשר הזיו_כברי.gpx,מוכל-ב,,,,,12.8,103.7,0.978
הכלה,198,2022-05-25_געתון_יחיעם.gpx,242,2022-08-20_געתון_מנות_מעיליא.gpx,מוכל-ב,,,,,14.5,102,0.978
הכלה,198,2022-05-25_געתון_יחיעם.gpx,233,2022-07-31_געתון_יחיעם.gpx,מוכל-ב,,,,,8.6,22.2,1
הכלה,198,2022-05-25_געתון_יחיעם.gpx,159,2022-02-18_געתון_כברי_גשר הזיו.gpx,מוכל-ב,,,,,11.2,102.4,0.978
הכלה,198,2022-05-25_געתון_יחיעם.gpx,152,2022-01-30_געתון_יחיעם.gpx,מוכל-ב,,,,,4.1,8.3,1
הכלה,198,2022-05-25_געתון_יחיעם.gpx,241,2022-08-19_געתון_כברי_לימן.gpx,מוכל-ב,,,,,15.5,101.7,0.978
הכלה,198,2022-05-25_געתון_יחיעם.gpx,26,2013-07-12_געתון_שלומי_כפר ראש הנקרה.gpx,מוכל-ב,,,,,17.6,108.8,0.978
הכלה,198,2022-05-25_געתון_יחיעם.gpx,496,2026-04-16_עין יעקב_מעונה_געתון.gpx,מוכל-ב,,,,,13.8,102.3,0.978
הכלה,198,2022-05-25_געתון_יחיעם.gpx,442,2025-09-08_געתון_יחיעם_כברי.gpx,מוכל-ב,,,,,14.6,98.8,1
הכלה,198,2022-05-25_געתון_יחיעם.gpx,482,2026-02-28_געתון_כברי.gpx,מוכל-ב,,,,,13.5,94.1,1
הכלה,198,2022-05-25_געתון_יחיעם.gpx,162,2022-02-23_געתון_יחיעם.gpx,מוכל-ב,,,,,8.2,21.4,1
הכלה,198,2022-05-25_געתון_יחיעם.gpx,165,2022-02-28_געתון_כברי_לימן.gpx,מוכל-ב,,,,,14.5,103,0.978
הכלה,198,2022-05-25_געתון_יחיעם.gpx,348,2024-01-03_געתון_יחיעם_עין יעקב_1.gpx,מוכל-ב,,,,,16.7,73.3,1
הכלה,198,2022-05-25_געתון_יחיעם.gpx,224,2022-07-08_מנות_געתון_הילה.gpx,מוכל-ב,,,,,15.1,103.8,0.978
הכלה,198,2022-05-25_געתון_יחיעם.gpx,138,2021-12-25_געתון_מעיליא_מעונה.gpx,מוכל-ב,,,,,13.6,105.4,0.978
הכלה,198,2022-05-25_געתון_יחיעם.gpx,626,יער הדובים השיירה סינגל בני.gpx,מוכל-ב,,,,,10.6,71.4,1
הכלה,198,2022-05-25_געתון_יחיעם.gpx,484,2026-03-06_עין יעקב_געתון_כברי.gpx,מוכל-ב,,,,,23.7,101.5,0.978
הכלה,198,2022-05-25_געתון_יחיעם.gpx,208,2022-06-09_געתון_יחיעם_עין יעקב.gpx,מוכל-ב,,,,,7.3,24.4,1
הכלה,198,2022-05-25_געתון_יחיעם.gpx,443,2025-09-10_געתון_יחיעם_כברי.gpx,מוכל-ב,,,,,11.7,102.4,0.978
הכלה,198,2022-05-25_געתון_יחיעם.gpx,347,2024-01-03_געתון_יחיעם_עין יעקב.gpx,מוכל-ב,,,,,15.3,100.7,0.978
הכלה,198,2022-05-25_געתון_יחיעם.gpx,32,2013-07-25_געתון_שלומי_כברי.gpx,מוכל-ב,,,,,20.5,109.5,0.978
הכלה,198,2022-05-25_געתון_יחיעם.gpx,215,2022-06-21_געתון_יחיעם_עין יעקב.gpx,מוכל-ב,,,,,8.4,23.8,1
הכלה,198,2022-05-25_געתון_יחיעם.gpx,232,2022-07-23_געתון_נווה זיו.gpx,מוכל-ב,,,,,13.9,96.2,1
הכלה,198,2022-05-25_געתון_יחיעם.gpx,239,2022-08-14_געתון_כברי_לימן.gpx,מוכל-ב,,,,,12.9,102.6,0.978
הכלה,198,2022-05-25_געתון_יחיעם.gpx,363,2024-03-29_געתון_עין יעקב.gpx,מוכל-ב,,,,,16.7,103.7,0.957
הכלה,198,2022-05-25_געתון_יחיעם.gpx,200,2022-05-27_געתון_כברי_לימן.gpx,מוכל-ב,,,,,6.7,24,1
הכלה,198,2022-05-25_געתון_יחיעם.gpx,71,2013-10-01_געתון_עין יעקב.gpx,מוכל-ב,,,,,13.6,96.6,1
הכלה,198,2022-05-25_געתון_יחיעם.gpx,230,2022-07-19_כברי_געתון_לימן.gpx,מוכל-ב,,,,,13.4,92.1,1
הכלה,198,2022-05-25_געתון_יחיעם.gpx,189,2022-05-06_געתון_יחיעם.gpx,מוכל-ב,,,,,7.3,22.7,1
הכלה,198,2022-05-25_געתון_יחיעם.gpx,360,2024-03-09_געתון_עין יעקב.gpx,מוכל-ב,,,,,17.1,108.8,0.978
הכלה,198,2022-05-25_געתון_יחיעם.gpx,188,2022-05-04_געתון_יחיעם.gpx,מוכל-ב,,,,,6.9,15.7,1
הכלה,198,2022-05-25_געתון_יחיעם.gpx,355,2024-02-23_געתון_עין יעקב.gpx,מוכל-ב,,,,,13.1,98.7,1
הכלה,198,2022-05-25_געתון_יחיעם.gpx,25,2013-07-10_עין יעקב_מעונה_געתון.gpx,מוכל-ב,,,,,19.7,103.3,0.978
הכלה,198,2022-05-25_געתון_יחיעם.gpx,108,2021-09-26_געתון_יחיעם.gpx,מוכל-ב,,,,,9.5,19.3,1
הכלה,198,2022-05-25_געתון_יחיעם.gpx,266,2022-11-19_מעיליא_געתון_מעונה.gpx,מוכל-ב,,,,,17.5,118.3,0.978
הכלה,198,2022-05-25_געתון_יחיעם.gpx,177,2022-04-07_געתון_יחיעם.gpx,מוכל-ב,,,,,8.9,31.5,1
הכלה,198,2022-05-25_געתון_יחיעם.gpx,256,2022-10-24_געתון_יחיעם.gpx,מוכל-ב,,,,,8,24.7,1
הכלה,198,2022-05-25_געתון_יחיעם.gpx,143,2022-01-07_געתון_מעיליא_מעונה.gpx,מוכל-ב,,,,,16.1,105.1,0.978
הכלה,198,2022-05-25_געתון_יחיעם.gpx,452,2025-10-01_שבי ציון_כברי_נהרייה.gpx,מוכל-ב,,,,,17.7,105,0.978
הכלה,198,2022-05-25_געתון_יחיעם.gpx,475,2026-02-07_מעיליא_מנות_הילה.gpx,מוכל-ב,,,,,13.7,101.9,0.978
הכלה,198,2022-05-25_געתון_יחיעם.gpx,173,2022-04-01_געתון_יחיעם.gpx,מוכל-ב,,,,,10,24.3,1
הכלה,198,2022-05-25_געתון_יחיעם.gpx,259,2022-10-29_געתון_מעיליא_מעונה.gpx,מוכל-ב,,,,,15.2,110.6,0.957
הכלה,198,2022-05-25_געתון_יחיעם.gpx,212,2022-06-16_געתון_יחיעם_עין יעקב.gpx,מוכל-ב,,,,,10.7,24.4,1
הכלה,198,2022-05-25_געתון_יחיעם.gpx,145,2022-01-14_געתון_יחיעם.gpx,מוכל-ב,,,,,7.8,21.5,1
הכלה,198,2022-05-25_געתון_יחיעם.gpx,27,2013-07-13_געתון_מעיליא_נווה זיו.gpx,מוכל-ב,,,,,17.6,100.4,0.978
הכלה,198,2022-05-25_געתון_יחיעם.gpx,36,2013-08-01_מעונה_עין יעקב_געתון.gpx,מוכל-ב,,,,,15.9,100.9,0.978
הכלה,198,2022-05-25_געתון_יחיעם.gpx,206,2022-06-04_געתון_כברי_נהרייה.gpx,מוכל-ב,,,,,15.4,103.9,0.978
הכלה,198,2022-05-25_געתון_יחיעם.gpx,262,2022-11-09_געתון_יחיעם.gpx,מוכל-ב,,,,,8.6,24.8,1
הכלה,198,2022-05-25_געתון_יחיעם.gpx,140,2021-12-31_געתון_מעיליא_מעונה.gpx,מוכל-ב,,,,,14,104.9,0.978
הכלה,198,2022-05-25_געתון_יחיעם.gpx,453,2025-10-02_געתון_כברי_גשר הזיו.gpx,מוכל-ב,,,,,13.6,104,0.978
הכלה,198,2022-05-25_געתון_יחיעם.gpx,174,2022-04-02_געתון_מעיליא_נווה זיו.gpx,מוכל-ב,,,,,15,107.4,0.978
הכלה,198,2022-05-25_געתון_יחיעם.gpx,455,2025-10-11_געתון_יחיעם_כברי.gpx,מוכל-ב,,,,,15,101.9,0.978
הכלה,198,2022-05-25_געתון_יחיעם.gpx,195,2022-05-18_געתון_יחיעם.gpx,מוכל-ב,,,,,9.5,24.9,1
הכלה,198,2022-05-25_געתון_יחיעם.gpx,497,2026-04-20_כברי_געתון_גשר הזיו.gpx,מוכל-ב,,,,,13.2,105.9,0.978
הכלה,198,2022-05-25_געתון_יחיעם.gpx,28,2013-07-15_געתון_שבי ציון_גשר הזיו.gpx,מוכל-ב,,,,,22.1,106.7,0.978
הכלה,198,2022-05-25_געתון_יחיעם.gpx,286,2023-01-18_געתון_כברי_גשר הזיו.gpx,מוכל-ב,,,,,8.8,23.9,1
הכלה,198,2022-05-25_געתון_יחיעם.gpx,211,2022-06-15_געתון_כברי_לימן.gpx,מוכל-ב,,,,,13.2,104.5,0.978
הכלה,198,2022-05-25_געתון_יחיעם.gpx,502,2026-05-07_געתון_כברי_לימן.gpx,מוכל-ב,,,,,13.3,102.3,0.978
הכלה,198,2022-05-25_געתון_יחיעם.gpx,490,2026-03-25_געתון_גשר הזיו_כברי.gpx,מוכל-ב,,,,,13.6,99.1,1
הכלה,198,2022-05-25_געתון_יחיעם.gpx,175,2022-04-03_געתון_יחיעם.gpx,מוכל-ב,,,,,11.2,23.8,1
הכלה,198,2022-05-25_געתון_יחיעם.gpx,62,2013-09-18_געתון_מעיליא_מנות.gpx,מוכל-ב,,,,,16.8,103.1,0.978
הכלה,198,2022-05-25_געתון_יחיעם.gpx,185,2022-04-21_געתון_יחיעם.gpx,מוכל-ב,,,,,10.9,23.1,1
הכלה,198,2022-05-25_געתון_יחיעם.gpx,447,2025-09-22_שבי ציון_כברי_נהרייה.gpx,מוכל-ב,,,,,16,108.8,0.978
הכלה,198,2022-05-25_געתון_יחיעם.gpx,40,2013-08-08_געתון_כברי.gpx,מוכל-ב,,,,,14.2,106.7,0.978
הכלה,198,2022-05-25_געתון_יחיעם.gpx,151,2022-01-29_געתון_יחיעם.gpx,מוכל-ב,,,,,4.9,9.7,1
הכלה,198,2022-05-25_געתון_יחיעם.gpx,226,2022-07-11_געתון_כברי_כפר ראש הנקרה.gpx,מוכל-ב,,,,,13.8,102.6,0.978
הכלה,198,2022-05-25_געתון_יחיעם.gpx,550,2026-08-08_געתון_כברי_מנות.gpx,מוכל-ב,,,,,14.1,102.4,0.978
הכלה,198,2022-05-25_געתון_יחיעם.gpx,270,2022-12-03_מנות_הילה_מעיליא.gpx,מוכל-ב,,,,,14.5,112.8,0.978
הכלה,198,2022-05-25_געתון_יחיעם.gpx,183,2022-04-16_מנות_הילה_מעיליא.gpx,מוכל-ב,,,,,14.2,110.2,0.978
הכלה,198,2022-05-25_געתון_יחיעם.gpx,196,2022-05-19_געתון_מעונה_עין יעקב.gpx,מוכל-ב,,,,,13.3,102.4,0.978
הכלה,198,2022-05-25_געתון_יחיעם.gpx,117,2021-11-06_מעיליא_געתון_מעונה.gpx,מוכל-ב,,,,,15.8,103.8,0.978
הכלה,198,2022-05-25_געתון_יחיעם.gpx,139,2021-12-29_געתון_יחיעם.gpx,מוכל-ב,,,,,7.1,20.7,1
הכלה,198,2022-05-25_געתון_יחיעם.gpx,541,2026-07-14_שבי ציון_כברי_נהרייה.gpx,מוכל-ב,,,,,14.1,105.9,0.978
הכלה,198,2022-05-25_געתון_יחיעם.gpx,528,2026-06-24 געתון_נהריה_ראש-הנקרה_נהריה_געתון.gpx,מוכל-ב,,,,,14.9,102.1,0.978
הכלה,198,2022-05-25_געתון_יחיעם.gpx,72,2013-10-02_געתון_עין יעקב_מעיליא.gpx,מוכל-ב,,,,,19.5,101.1,0.978
הכלה,198,2022-05-25_געתון_יחיעם.gpx,42,2013-08-12_געתון_כברי_לימן.gpx,מוכל-ב,,,,,22.3,143.7,0.957
הכלה,198,2022-05-25_געתון_יחיעם.gpx,107,2021-09-25_מעיליא_געתון_מעונה.gpx,מוכל-ב,,,,,20.9,104.7,0.978
הכלה,198,2022-05-25_געתון_יחיעם.gpx,99,2021-09-11_געתון_מעיליא_מעונה.gpx,מוכל-ב,,,,,21.3,106.8,0.978
הכלה,198,2022-05-25_געתון_יחיעם.gpx,68,2013-09-26_געתון_כפר ורדים_מנות.gpx,מוכל-ב,,,,,21.3,102.5,0.978
הכלה,198,2022-05-25_געתון_יחיעם.gpx,344,2023-12-19_געתון_עין יעקב_יחיעם_1.gpx,מוכל-ב,,,,,16.2,77.4,1
הכלה,198,2022-05-25_געתון_יחיעם.gpx,91,2021-08-07_געתון_מעיליא_מעונה.gpx,מוכל-ב,,,,,19.9,101,0.978
הכלה,198,2022-05-25_געתון_יחיעם.gpx,492,2026-04-08_געתון_כברי_גשר הזיו.gpx,מוכל-ב,,,,,12.2,103.1,0.978
הכלה,198,2022-05-25_געתון_יחיעם.gpx,543,2026-07-19_עין יעקב_מנות_עבדון.gpx,מוכל-ב,,,,,15.1,102.7,0.978
הכלה,198,2022-05-25_געתון_יחיעם.gpx,216,2022-06-24_מנות_מעיליא_כברי.gpx,מוכל-ב,,,,,13.7,108.8,0.978
הכלה,198,2022-05-25_געתון_יחיעם.gpx,180,2022-04-13_געתון_יחיעם.gpx,מוכל-ב,,,,,12.6,24.5,1
הכלה,198,2022-05-25_געתון_יחיעם.gpx,191,2022-05-11_געתון_יחיעם.gpx,מוכל-ב,,,,,5.9,25.1,1
הכלה,198,2022-05-25_געתון_יחיעם.gpx,154,2022-02-02_געתון_יחיעם.gpx,מוכל-ב,,,,,9.5,18.5,1
הכלה,198,2022-05-25_געתון_יחיעם.gpx,214,2022-06-19_געתון_כברי_לימן.gpx,מוכל-ב,,,,,15.7,99.5,1
הכלה,198,2022-05-25_געתון_יחיעם.gpx,44,2013-08-16_געתון_שלומי_כפר ראש הנקרה.gpx,מוכל-ב,,,,,16.6,96.7,1
הכלה,198,2022-05-25_געתון_יחיעם.gpx,265,2022-11-18_געתון_יחיעם_עין יעקב.gpx,מוכל-ב,,,,,13.1,100.7,0.978
הכלה,198,2022-05-25_געתון_יחיעם.gpx,122,2021-11-19_געתון_יחיעם.gpx,מוכל-ב,,,,,7.7,24.4,1
הכלה,198,2022-05-25_געתון_יחיעם.gpx,536,2026-07-07_עבדון_געתון_יערה.gpx,מוכל-ב,,,,,13.8,104.5,0.978
הכלה,198,2022-05-25_געתון_יחיעם.gpx,201,2022-05-29_געתון_כברי_לימן.gpx,מוכל-ב,,,,,13,95.2,1
הכלה,198,2022-05-25_געתון_יחיעם.gpx,551,2026-08-08_מנות_כברי_הילה.gpx,מוכל-ב,,,,,17.4,101.4,0.978
הכלה,198,2022-05-25_געתון_יחיעם.gpx,277,2022-12-16_געתון_יחיעם_עין יעקב.gpx,מוכל-ב,,,,,10.1,22,1
הכלה,198,2022-05-25_געתון_יחיעם.gpx,123,2021-11-22_געתון_יחיעם.gpx,מוכל-ב,,,,,8.2,21.4,1
הכלה,198,2022-05-25_געתון_יחיעם.gpx,255,2022-10-23_געתון_יחיעם.gpx,מוכל-ב,,,,,9.5,17.3,1
הכלה,198,2022-05-25_געתון_יחיעם.gpx,488,2026-03-18_געתון_כברי_גשר הזיו.gpx,מוכל-ב,,,,,18.8,102.3,0.978
הכלה,198,2022-05-25_געתון_יחיעם.gpx,199,2022-05-26_געתון_יחיעם.gpx,מוכל-ב,,,,,11.9,22.6,1
הכלה,198,2022-05-25_געתון_יחיעם.gpx,535,2026-07-04_מעיליא_מנות_הילה.gpx,מוכל-ב,,,,,14.4,104.1,0.978
הכלה,198,2022-05-25_געתון_יחיעם.gpx,167,2022-03-04_געתון_כברי_יחיעם.gpx,מוכל-ב,,,,,9.9,23.3,1
הכלה,198,2022-05-25_געתון_יחיעם.gpx,429,2025-03-02_געתון_עין יעקב_יחיעם.gpx,מוכל-ב,,,,,11.4,70,1
הכלה,198,2022-05-25_געתון_יחיעם.gpx,278,2022-12-17_מנות_מעיליא_הילה.gpx,מוכל-ב,,,,,14.1,104.8,0.978
הכלה,198,2022-05-25_געתון_יחיעם.gpx,280,2022-12-23_געתון_כברי_לימן.gpx,מוכל-ב,,,,,13,102.8,0.978
הכלה,198,2022-05-25_געתון_יחיעם.gpx,137,2021-12-21_געתון_יחיעם.gpx,מוכל-ב,,,,,10.3,20,1
הכלה,198,2022-05-25_געתון_יחיעם.gpx,23,2013-06-30_געתון_יחיעם_עין יעקב.gpx,מוכל-ב,,,,,13.7,100.9,0.978
זהה,197,2022-05-20_געתון_כברי_לימן.gpx,281,2022-12-28_געתון_גשר הזיו_כברי.gpx,זהה,TRUE,2.8,9.1,11.2,43.8,691.3,0.967
זהה,197,2022-05-20_געתון_כברי_לימן.gpx,200,2022-05-27_געתון_כברי_לימן.gpx,זהה,FALSE,2.5,3.5,2.4,12,23.3,1
זהה,197,2022-05-20_געתון_כברי_לימן.gpx,206,2022-06-04_געתון_כברי_נהרייה.gpx,זהה,TRUE,2.9,3.7,2.2,59.2,950.5,0.977
זהה,197,2022-05-20_געתון_כברי_לימן.gpx,214,2022-06-19_געתון_כברי_לימן.gpx,זהה,FALSE,1,4.3,1.9,79.6,1009.8,0.922
חשוד,197,2022-05-20_געתון_כברי_לימן.gpx,227,2022-07-15_געתון_כברי_לימן.gpx,חשוד - לבדיקה ידנית,FALSE,4.4,3.7,3.5,20.2,218.9,1
חשוד,197,2022-05-20_געתון_כברי_לימן.gpx,241,2022-08-19_געתון_כברי_לימן.gpx,חשוד - לבדיקה ידנית,TRUE,4.6,2.1,5.3,24.3,342.5,1
חשוד,197,2022-05-20_געתון_כברי_לימן.gpx,239,2022-08-14_געתון_כברי_לימן.gpx,חשוד - לבדיקה ידנית,TRUE,4,1.8,8.1,21.4,344.6,1
חשוד,197,2022-05-20_געתון_כברי_לימן.gpx,528,2026-06-24 געתון_נהריה_ראש-הנקרה_נהריה_געתון.gpx,חשוד - לבדיקה ידנית,TRUE,3.9,1.2,19.4,613.9,2872.2,0.647
חשוד,197,2022-05-20_געתון_כברי_לימן.gpx,492,2026-04-08_געתון_כברי_גשר הזיו.gpx,חשוד - לבדיקה ידנית,TRUE,4.9,3.9,65,464.7,3621.4,0.786
חשוד,197,2022-05-20_געתון_כברי_לימן.gpx,558,2026-08-14_געתון_כברי_מצובה.gpx,חשוד - לבדיקה ידנית,TRUE,0.7,18.8,3.5,1066.8,3913.1,0.55
זהה,196,2022-05-19_געתון_מעונה_עין יעקב.gpx,496,2026-04-16_עין יעקב_מעונה_געתון.gpx,זהה,TRUE,2.7,1.1,29.9,26.1,269.5,1
זהה,195,2022-05-18_געתון_יחיעם.gpx,208,2022-06-09_געתון_יחיעם_עין יעקב.gpx,זהה,TRUE,0.1,2.4,4.8,12.8,23.6,1
זהה,195,2022-05-18_געתון_יחיעם.gpx,215,2022-06-21_געתון_יחיעם_עין יעקב.gpx,זהה,FALSE,0.2,3.9,2.2,8.4,19.1,1
זהה,195,2022-05-18_געתון_יחיעם.gpx,292,2023-02-18_געתון_יחיעם_עין יעקב.gpx,זהה,FALSE,2.5,16.2,15.2,17.4,163,0.971
זהה,195,2022-05-18_געתון_יחיעם.gpx,212,2022-06-16_געתון_יחיעם_עין יעקב.gpx,זהה,FALSE,1.3,4.5,4.5,5.5,12.8,1
חשוד,195,2022-05-18_געתון_יחיעם.gpx,210,2022-06-12_געתון_יחיעם.gpx,חשוד - לבדיקה ידנית,TRUE,2.1,5.9,6.2,177.2,797,0.614
חשוד,195,2022-05-18_געתון_יחיעם.gpx,442,2025-09-08_געתון_יחיעם_כברי.gpx,חשוד - לבדיקה ידנית,TRUE,4.1,2.1,2.8,302.8,1799.7,0.687
חשוד,195,2022-05-18_געתון_יחיעם.gpx,348,2024-01-03_געתון_יחיעם_עין יעקב_1.gpx,חשוד - לבדיקה ידנית,TRUE,3.3,31.9,66.1,159.6,771.6,0.691
חשוד,195,2022-05-18_געתון_יחיעם.gpx,360,2024-03-09_געתון_עין יעקב.gpx,חשוד - לבדיקה ידנית,TRUE,1.3,6.1,32.6,47.2,323.4,0.87
חשוד,195,2022-05-18_געתון_יחיעם.gpx,455,2025-10-11_געתון_יחיעם_כברי.gpx,חשוד - לבדיקה ידנית,TRUE,4.6,2.8,4.5,300.1,1753,0.701
חשוד,195,2022-05-18_געתון_יחיעם.gpx,264,2022-11-17_געתון_יחיעם.gpx,חשוד - לבדיקה ידנית,FALSE,4,5.1,2.5,73.6,734.3,0.857
חשוד,195,2022-05-18_געתון_יחיעם.gpx,446,2025-09-20_געתון_יחיעם_עין יעקב.gpx,חשוד - לבדיקה ידנית,TRUE,4.8,1.7,5.4,295.3,1777.9,0.687
חשוד,195,2022-05-18_געתון_יחיעם.gpx,237,2022-08-10_געתון_יחיעם_עין יעקב.gpx,חשוד - לבדיקה ידנית,TRUE,2.1,5.3,1.4,70.5,739.7,0.857
הכלה,195,2022-05-18_געתון_יחיעם.gpx,241,2022-08-19_געתון_כברי_לימן.gpx,מוכל-ב,,,,,30.3,320.2,0.929
הכלה,195,2022-05-18_געתון_יחיעם.gpx,484,2026-03-06_עין יעקב_געתון_כברי.gpx,מוכל-ב,,,,,29.2,194,0.971
הכלה,195,2022-05-18_געתון_יחיעם.gpx,626,יער הדובים השיירה סינגל בני.gpx,מוכל-ב,,,,,20.9,175.2,0.971
הכלה,195,2022-05-18_געתון_יחיעם.gpx,239,2022-08-14_געתון_כברי_לימן.gpx,מוכל-ב,,,,,29.1,321.9,0.929
הכלה,195,2022-05-18_געתון_יחיעם.gpx,200,2022-05-27_געתון_כברי_לימן.gpx,מוכל-ב,,,,,10.8,31.2,1
הכלה,195,2022-05-18_געתון_יחיעם.gpx,226,2022-07-11_געתון_כברי_כפר ראש הנקרה.gpx,מוכל-ב,,,,,32.7,323,0.929
הכלה,195,2022-05-18_געתון_יחיעם.gpx,265,2022-11-18_געתון_יחיעם_עין יעקב.gpx,מוכל-ב,,,,,27.8,316,0.929
הכלה,195,2022-05-18_געתון_יחיעם.gpx,201,2022-05-29_געתון_כברי_לימן.gpx,מוכל-ב,,,,,11.3,104.5,1
הכלה,195,2022-05-18_געתון_יחיעם.gpx,197,2022-05-20_געתון_כברי_לימן.gpx,מוכל-ב,,,,,24.2,355.6,0.957
הכלה,195,2022-05-18_געתון_יחיעם.gpx,483,2026-03-05_געתון_כברי.gpx,מוכל-ב,,,,,29.4,343.4,0.957
הכלה,195,2022-05-18_געתון_יחיעם.gpx,227,2022-07-15_געתון_כברי_לימן.gpx,מוכל-ב,,,,,39,375,0.914
זהה,194,2022-05-15_געתון_יחיעם.gpx,254,2022-10-21_געתון_יחיעם.gpx,זהה,FALSE,0.6,3.3,5.1,10.7,34.9,1
זהה,194,2022-05-15_געתון_יחיעם.gpx,345,2023-12-30_געתון_יחיעם_עין יעקב.gpx,זהה,FALSE,1.6,5.7,2.1,18.4,97.1,1
זהה,194,2022-05-15_געתון_יחיעם.gpx,346,2023-12-31_געתון_יחיעם_עין יעקב.gpx,זהה,TRUE,1.9,22,52.4,18.2,131,0.984
חשוד,194,2022-05-15_געתון_יחיעם.gpx,344,2023-12-19_געתון_עין יעקב_יחיעם_1.gpx,חשוד - לבדיקה ידנית,FALSE,1.8,49.3,3.2,69,480.7,0.817
חשוד,194,2022-05-15_געתון_יחיעם.gpx,236,2022-08-09_געתון_יחיעם.gpx,חשוד - לבדיקה ידנית,FALSE,1.6,7.2,4.8,184.5,761.7,0.661
חשוד,194,2022-05-15_געתון_יחיעם.gpx,234,2022-08-02_געתון_יחיעם.gpx,חשוד - לבדיקה ידנית,FALSE,1.5,10,3.3,136.3,757.4,0.774
חשוד,194,2022-05-15_געתון_יחיעם.gpx,341,2023-11-20_געתון_עין יעקב.gpx,חשוד - לבדיקה ידנית,FALSE,0.5,353.4,3.9,92.1,510.9,0.738
חשוד,194,2022-05-15_געתון_יחיעם.gpx,261,2022-11-07_געתון_יחיעם_עין יעקב.gpx,חשוד - לבדיקה ידנית,TRUE,4.4,12.2,9.1,195.7,811.3,0.661
חשוד,194,2022-05-15_געתון_יחיעם.gpx,233,2022-07-31_געתון_יחיעם.gpx,חשוד - לבדיקה ידנית,TRUE,3.8,5.3,7.9,40.2,240.4,0.831
חשוד,194,2022-05-15_געתון_יחיעם.gpx,347,2024-01-03_געתון_יחיעם_עין יעקב.gpx,חשוד - לבדיקה ידנית,FALSE,4.1,15.5,10.8,14.8,101.8,1
הכלה,194,2022-05-15_געתון_יחיעם.gpx,185,2022-04-21_געתון_יחיעם.gpx,מוכל-ב,,,,,10.9,91.3,1
הכלה,194,2022-05-15_געתון_יחיעם.gpx,257,2022-10-26_געתון_יחיעם.gpx,מוכל-ב,,,,,9.1,18.9,1
הכלה,194,2022-05-15_געתון_יחיעם.gpx,243,2022-08-21_געתון_יחיעם.gpx,מוכל-ב,,,,,15.2,116,1
הכלה,194,2022-05-15_געתון_יחיעם.gpx,160,2022-02-19_געתון_יחיעם.gpx,מוכל-ב,,,,,9.4,24.1,1
הכלה,194,2022-05-15_געתון_יחיעם.gpx,161,2022-02-22_געתון_יחיעם.gpx,מוכל-ב,,,,,7.4,24.1,1
הכלה,194,2022-05-15_געתון_יחיעם.gpx,48,2013-08-24_מזרעה_שבי ציון_געתון.gpx,מוכל-ב,,,,,30.2,244,0.919
הכלה,194,2022-05-15_געתון_יחיעם.gpx,210,2022-06-12_געתון_יחיעם.gpx,מוכל-ב,,,,,6.3,12.5,1
הכלה,194,2022-05-15_געתון_יחיעם.gpx,256,2022-10-24_געתון_יחיעם.gpx,מוכל-ב,,,,,9.6,21.1,1
זהה,193,2022-05-14_מנות_געתון_מעיליא.gpx,270,2022-12-03_מנות_הילה_מעיליא.gpx,זהה,FALSE,0.5,8.2,18.4,8,25.5,1
זהה,193,2022-05-14_מנות_געתון_מעיליא.gpx,228,2022-07-16_מנות_געתון_מעיליא.gpx,זהה,FALSE,2,3.9,25,16.6,218.7,1
זהה,193,2022-05-14_מנות_געתון_מעיליא.gpx,278,2022-12-17_מנות_מעיליא_הילה.gpx,זהה,FALSE,1.8,5.5,23,19.5,279,0.991
זהה,193,2022-05-14_מנות_געתון_מעיליא.gpx,275,2022-12-10_מנות_הילה_כברי.gpx,זהה,FALSE,0.6,6.5,8.6,10.2,24.9,1
זהה,193,2022-05-14_מנות_געתון_מעיליא.gpx,238,2022-08-13_מנות_הילה_מעיליא.gpx,זהה,FALSE,1.8,10,25,19,286.2,0.991
זהה,193,2022-05-14_מנות_געתון_מעיליא.gpx,242,2022-08-20_געתון_מנות_מעיליא.gpx,זהה,FALSE,1.9,6.5,12.9,18,287.4,0.991
הכלה,193,2022-05-14_מנות_געתון_מעיליא.gpx,550,2026-08-08_געתון_כברי_מנות.gpx,מוכל-ב,,,,,98.3,1302.9,0.904
הכלה,193,2022-05-14_מנות_געתון_מעיליא.gpx,543,2026-07-19_עין יעקב_מנות_עבדון.gpx,מוכל-ב,,,,,38.4,427.5,0.965
הכלה,193,2022-05-14_מנות_געתון_מעיליא.gpx,216,2022-06-24_מנות_מעיליא_כברי.gpx,מוכל-ב,,,,,19.5,219.4,1
הכלה,193,2022-05-14_מנות_געתון_מעיליא.gpx,551,2026-08-08_מנות_כברי_הילה.gpx,מוכל-ב,,,,,99.1,1303.6,0.904
הכלה,193,2022-05-14_מנות_געתון_מעיליא.gpx,209,2022-06-11_מנות_מעיליא_כברי.gpx,מוכל-ב,,,,,12.1,25.2,1
הכלה,193,2022-05-14_מנות_געתון_מעיליא.gpx,224,2022-07-08_מנות_געתון_הילה.gpx,מוכל-ב,,,,,19.5,221.3,1
הכלה,193,2022-05-14_מנות_געתון_מעיליא.gpx,80,2015-12-03_מנות_מעונה_הילה.gpx,מוכל-ב,,,,,45.6,803,0.939
זהה,192,2022-05-12_געתון_יחיעם.gpx,195,2022-05-18_געתון_יחיעם.gpx,זהה,FALSE,0.3,4.8,4.5,6.4,21,1
זהה,192,2022-05-12_געתון_יחיעם.gpx,208,2022-06-09_געתון_יחיעם_עין יעקב.gpx,זהה,FALSE,0.2,8.9,4.4,10.9,25,1
זהה,192,2022-05-12_געתון_יחיעם.gpx,215,2022-06-21_געתון_יחיעם_עין יעקב.gpx,זהה,TRUE,0.1,5.6,1.9,11.5,24.7,1
זהה,192,2022-05-12_געתון_יחיעם.gpx,292,2023-02-18_געתון_יחיעם_עין יעקב.gpx,זהה,TRUE,2.8,17.4,15.1,18.3,160.4,0.971
זהה,192,2022-05-12_געתון_יחיעם.gpx,212,2022-06-16_געתון_יחיעם_עין יעקב.gpx,זהה,FALSE,1,6.7,8.9,9.1,18.6,1
חשוד,192,2022-05-12_געתון_יחיעם.gpx,264,2022-11-17_געתון_יחיעם.gpx,חשוד - לבדיקה ידנית,FALSE,3.8,5.2,4.5,75.2,740.1,0.843
חשוד,192,2022-05-12_געתון_יחיעם.gpx,237,2022-08-10_געתון_יחיעם_עין יעקב.gpx,חשוד - לבדיקה ידנית,FALSE,1.9,5.5,6.7,72.7,745.5,0.857
חשוד,192,2022-05-12_געתון_יחיעם.gpx,210,2022-06-12_געתון_יחיעם.gpx,חשוד - לבדיקה ידנית,TRUE,1.8,7.2,10.2,175.3,823.6,0.614
חשוד,192,2022-05-12_געתון_יחיעם.gpx,442,2025-09-08_געתון_יחיעם_כברי.gpx,חשוד - לבדיקה ידנית,TRUE,4.4,2.7,4,303,1802.4,0.687
חשוד,192,2022-05-12_געתון_יחיעם.gpx,348,2024-01-03_געתון_יחיעם_עין יעקב_1.gpx,חשוד - לבדיקה ידנית,TRUE,3.6,34.9,69.6,160.8,769.8,0.691
חשוד,192,2022-05-12_געתון_יחיעם.gpx,360,2024-03-09_געתון_עין יעקב.gpx,חשוד - לבדיקה ידנית,TRUE,1.6,10.9,36.8,47.5,334.8,0.87
חשוד,192,2022-05-12_געתון_יחיעם.gpx,455,2025-10-11_געתון_יחיעם_כברי.gpx,חשוד - לבדיקה ידנית,TRUE,4.8,3.1,8.8,301.7,1755.6,0.701
הכלה,192,2022-05-12_געתון_יחיעם.gpx,226,2022-07-11_געתון_כברי_כפר ראש הנקרה.gpx,מוכל-ב,,,,,33.1,318.3,0.929
הכלה,192,2022-05-12_געתון_יחיעם.gpx,265,2022-11-18_געתון_יחיעם_עין יעקב.gpx,מוכל-ב,,,,,27.9,311.9,0.943
הכלה,192,2022-05-12_געתון_יחיעם.gpx,201,2022-05-29_געתון_כברי_לימן.gpx,מוכל-ב,,,,,13.4,130.9,1
הכלה,192,2022-05-12_געתון_יחיעם.gpx,197,2022-05-20_געתון_כברי_לימן.gpx,מוכל-ב,,,,,22.8,322.3,0.957
הכלה,192,2022-05-12_געתון_יחיעם.gpx,483,2026-03-05_געתון_כברי.gpx,מוכל-ב,,,,,29,309.4,0.971
הכלה,192,2022-05-12_געתון_יחיעם.gpx,227,2022-07-15_געתון_כברי_לימן.gpx,מוכל-ב,,,,,39.6,383,0.914
הכלה,192,2022-05-12_געתון_יחיעם.gpx,241,2022-08-19_געתון_כברי_לימן.gpx,מוכל-ב,,,,,29.9,317.2,0.943
הכלה,192,2022-05-12_געתון_יחיעם.gpx,484,2026-03-06_עין יעקב_געתון_כברי.gpx,מוכל-ב,,,,,27.4,178.6,0.957
הכלה,192,2022-05-12_געתון_יחיעם.gpx,626,יער הדובים השיירה סינגל בני.gpx,מוכל-ב,,,,,21.4,163.7,0.971
הכלה,192,2022-05-12_געתון_יחיעם.gpx,239,2022-08-14_געתון_כברי_לימן.gpx,מוכל-ב,,,,,29,317.7,0.929
הכלה,192,2022-05-12_געתון_יחיעם.gpx,200,2022-05-27_געתון_כברי_לימן.gpx,מוכל-ב,,,,,7.2,24.1,1
זהה,191,2022-05-11_געתון_יחיעם.gpx,234,2022-08-02_געתון_יחיעם.gpx,זהה,FALSE,2.8,4,2.1,8.9,56.5,1
זהה,191,2022-05-11_געתון_יחיעם.gpx,199,2022-05-26_געתון_יחיעם.gpx,זהה,TRUE,2.4,7.8,8.2,11.6,35.5,1
זהה,191,2022-05-11_געתון_יחיעם.gpx,236,2022-08-09_געתון_יחיעם.gpx,זהה,TRUE,2.7,4.7,2.6,38.5,372.1,0.905
חשוד,191,2022-05-11_געתון_יחיעם.gpx,254,2022-10-21_געתון_יחיעם.gpx,חשוד - לבדיקה ידנית,TRUE,3.7,4.4,4.3,144.1,788.4,0.742
חשוד,191,2022-05-11_געתון_יחיעם.gpx,345,2023-12-30_געתון_יחיעם_עין יעקב.gpx,חשוד - לבדיקה ידנית,TRUE,2.7,7.8,9.7,148.9,748,0.714
חשוד,191,2022-05-11_געתון_יחיעם.gpx,341,2023-11-20_געתון_עין יעקב.gpx,חשוד - לבדיקה ידנית,FALSE,4.7,355.7,3.7,92.9,499.1,0.738
חשוד,191,2022-05-11_געתון_יחיעם.gpx,346,2023-12-31_געתון_יחיעם_עין יעקב.gpx,חשוד - לבדיקה ידנית,FALSE,2.4,43.8,18.8,152.5,749.9,0.698
חשוד,191,2022-05-11_געתון_יחיעם.gpx,442,2025-09-08_געתון_יחיעם_כברי.gpx,חשוד - לבדיקה ידנית,FALSE,4.3,6.7,4.9,171.6,790,0.656
חשוד,191,2022-05-11_געתון_יחיעם.gpx,443,2025-09-10_געתון_יחיעם_כברי.gpx,חשוד - לבדיקה ידנית,FALSE,3.1,5.9,1.9,168.8,788.5,0.656
חשוד,191,2022-05-11_געתון_יחיעם.gpx,347,2024-01-03_געתון_יחיעם_עין יעקב.gpx,חשוד - לבדיקה ידנית,TRUE,0.1,9,8.2,153.7,747.5,0.688
חשוד,191,2022-05-11_געתון_יחיעם.gpx,355,2024-02-23_געתון_עין יעקב.gpx,חשוד - לבדיקה ידנית,TRUE,1.6,8.6,5.8,124.9,612.6,0.703
חשוד,191,2022-05-11_געתון_יחיעם.gpx,194,2022-05-15_געתון_יחיעם.gpx,חשוד - לבדיקה ידנית,TRUE,4.3,9.3,7.3,137.2,764.3,0.774
חשוד,191,2022-05-11_געתון_יחיעם.gpx,455,2025-10-11_געתון_יחיעם_כברי.gpx,חשוד - לבדיקה ידנית,FALSE,3.9,1.3,3.4,171,785.5,0.656
חשוד,191,2022-05-11_געתון_יחיעם.gpx,446,2025-09-20_געתון_יחיעם_עין יעקב.gpx,חשוד - לבדיקה ידנית,FALSE,3.6,4.3,3.5,170.6,788.9,0.656
הכלה,191,2022-05-11_געתון_יחיעם.gpx,227,2022-07-15_געתון_כברי_לימן.gpx,מוכל-ב,,,,,21.1,166.8,0.984
הכלה,191,2022-05-11_געתון_יחיעם.gpx,483,2026-03-05_געתון_כברי.gpx,מוכל-ב,,,,,17.3,76.8,1
הכלה,191,2022-05-11_געתון_יחיעם.gpx,241,2022-08-19_געתון_כברי_לימן.gpx,מוכל-ב,,,,,37.1,356.7,0.922
הכלה,191,2022-05-11_געתון_יחיעם.gpx,626,יער הדובים השיירה סינגל בני.gpx,מוכל-ב,,,,,20.2,144.7,0.953
הכלה,191,2022-05-11_געתון_יחיעם.gpx,484,2026-03-06_עין יעקב_געתון_כברי.gpx,מוכל-ב,,,,,30.4,161.8,0.953
הכלה,191,2022-05-11_געתון_יחיעם.gpx,239,2022-08-14_געתון_כברי_לימן.gpx,מוכל-ב,,,,,34.5,358.1,0.922
הכלה,191,2022-05-11_געתון_יחיעם.gpx,200,2022-05-27_געתון_כברי_לימן.gpx,מוכל-ב,,,,,8.1,32.7,1
הכלה,191,2022-05-11_געתון_יחיעם.gpx,226,2022-07-11_געתון_כברי_כפר ראש הנקרה.gpx,מוכל-ב,,,,,35.9,358.8,0.922
הכלה,191,2022-05-11_געתון_יחיעם.gpx,265,2022-11-18_געתון_יחיעם_עין יעקב.gpx,מוכל-ב,,,,,34,351.7,0.922
הכלה,191,2022-05-11_געתון_יחיעם.gpx,47,2013-08-23_געתון_יחיעם.gpx,מוכל-ב,,,,,46.3,420.8,0.906
הכלה,191,2022-05-11_געתון_יחיעם.gpx,201,2022-05-29_געתון_כברי_לימן.gpx,מוכל-ב,,,,,13.8,97,1
הכלה,191,2022-05-11_געתון_יחיעם.gpx,197,2022-05-20_געתון_כברי_לימן.gpx,מוכל-ב,,,,,15.6,102.7,1
זהה,189,2022-05-06_געתון_יחיעם.gpx,194,2022-05-15_געתון_יחיעם.gpx,זהה,TRUE,0.1,3.8,6,9.7,23.3,1
זהה,189,2022-05-06_געתון_יחיעם.gpx,254,2022-10-21_געתון_יחיעם.gpx,זהה,TRUE,0.5,3,3.3,13,41.3,1
זהה,189,2022-05-06_געתון_יחיעם.gpx,345,2023-12-30_געתון_יחיעם_עין יעקב.gpx,זהה,TRUE,1.5,4.3,9,16.3,99.5,1
זהה,189,2022-05-06_געתון_יחיעם.gpx,346,2023-12-31_געתון_יחיעם_עין יעקב.gpx,זהה,FALSE,1.8,48.9,18.7,17.3,133.8,0.984
חשוד,189,2022-05-06_געתון_יחיעם.gpx,347,2024-01-03_געתון_יחיעם_עין יעקב.gpx,חשוד - לבדיקה ידנית,TRUE,4,7,9.5,13.2,106.4,1
חשוד,189,2022-05-06_געתון_יחיעם.gpx,344,2023-12-19_געתון_עין יעקב_יחיעם_1.gpx,חשוד - לבדיקה ידנית,TRUE,1.9,3.4,47.6,69.1,474.9,0.817
חשוד,189,2022-05-06_געתון_יחיעם.gpx,236,2022-08-09_געתון_יחיעם.gpx,חשוד - לבדיקה ידנית,TRUE,1.5,4.2,2.1,185.5,759.6,0.661
חשוד,189,2022-05-06_געתון_יחיעם.gpx,234,2022-08-02_געתון_יחיעם.gpx,חשוד - לבדיקה ידנית,TRUE,1.4,4.2,7.8,136.4,754.7,0.774
חשוד,189,2022-05-06_געתון_יחיעם.gpx,191,2022-05-11_געתון_יחיעם.gpx,חשוד - לבדיקה ידנית,TRUE,4.2,4.8,5.6,137.4,761.4,0.774
חשוד,189,2022-05-06_געתון_יחיעם.gpx,341,2023-11-20_געתון_עין יעקב.gpx,חשוד - לבדיקה ידנית,TRUE,0.6,1.1,357.4,91.2,504.5,0.738
חשוד,189,2022-05-06_געתון_יחיעם.gpx,261,2022-11-07_געתון_יחיעם_עין יעקב.gpx,חשוד - לבדיקה ידנית,FALSE,4.5,7,7.3,195.7,806.1,0.661
חשוד,189,2022-05-06_געתון_יחיעם.gpx,233,2022-07-31_געתון_יחיעם.gpx,חשוד - לבדיקה ידנית,FALSE,3.9,5.1,2.1,39.7,237.1,0.831
הכלה,189,2022-05-06_געתון_יחיעם.gpx,256,2022-10-24_געתון_יחיעם.gpx,מוכל-ב,,,,,7.9,16.5,1
הכלה,189,2022-05-06_געתון_יחיעם.gpx,185,2022-04-21_געתון_יחיעם.gpx,מוכל-ב,,,,,14.3,72.6,1
הכלה,189,2022-05-06_געתון_יחיעם.gpx,160,2022-02-19_געתון_יחיעם.gpx,מוכל-ב,,,,,10.3,20.5,1
הכלה,189,2022-05-06_געתון_יחיעם.gpx,161,2022-02-22_געתון_יחיעם.gpx,מוכל-ב,,,,,8.6,22.3,1
הכלה,189,2022-05-06_געתון_יחיעם.gpx,257,2022-10-26_געתון_יחיעם.gpx,מוכל-ב,,,,,9,21.3,1
הכלה,189,2022-05-06_געתון_יחיעם.gpx,48,2013-08-24_מזרעה_שבי ציון_געתון.gpx,מוכל-ב,,,,,30.9,225.7,0.919
הכלה,189,2022-05-06_געתון_יחיעם.gpx,243,2022-08-21_געתון_יחיעם.gpx,מוכל-ב,,,,,15.7,115.6,1
הכלה,189,2022-05-06_געתון_יחיעם.gpx,210,2022-06-12_געתון_יחיעם.gpx,מוכל-ב,,,,,11.3,21.4,1
זהה,188,2022-05-04_געתון_יחיעם.gpx,189,2022-05-06_געתון_יחיעם.gpx,זהה,FALSE,0.1,6.5,4.4,8.2,14.7,1
זהה,188,2022-05-04_געתון_יחיעם.gpx,194,2022-05-15_געתון_יחיעם.gpx,זהה,FALSE,0,7.9,8.6,11.1,23.7,1
זהה,188,2022-05-04_געתון_יחיעם.gpx,254,2022-10-21_געתון_יחיעם.gpx,זהה,FALSE,0.6,4.6,4.1,9.4,38.2,1
זהה,188,2022-05-04_געתון_יחיעם.gpx,345,2023-12-30_געתון_יחיעם_עין יעקב.gpx,זהה,FALSE,1.6,8.6,6.9,15.2,90.1,1
זהה,188,2022-05-04_געתון_יחיעם.gpx,346,2023-12-31_געתון_יחיעם_עין יעקב.gpx,זהה,TRUE,1.9,21,45.1,16.4,124.2,0.984
חשוד,188,2022-05-04_געתון_יחיעם.gpx,347,2024-01-03_געתון_יחיעם_עין יעקב.gpx,חשוד - לבדיקה ידנית,FALSE,4.1,8.5,10,13.7,95.8,1
חשוד,188,2022-05-04_געתון_יחיעם.gpx,344,2023-12-19_געתון_עין יעקב_יחיעם_1.gpx,חשוד - לבדיקה ידנית,TRUE,1.8,4.4,43.2,68.3,474.6,0.817
חשוד,188,2022-05-04_געתון_יחיעם.gpx,236,2022-08-09_געתון_יחיעם.gpx,חשוד - לבדיקה ידנית,FALSE,1.6,5,3.8,184.1,752,0.661
חשוד,188,2022-05-04_געתון_יחיעם.gpx,234,2022-08-02_געתון_יחיעם.gpx,חשוד - לבדיקה ידנית,TRUE,1.5,4.5,3.9,135.3,747.2,0.774
חשוד,188,2022-05-04_געתון_יחיעם.gpx,341,2023-11-20_געתון_עין יעקב.gpx,חשוד - לבדיקה ידנית,TRUE,0.5,5.4,355.4,90.4,507,0.738
חשוד,188,2022-05-04_געתון_יחיעם.gpx,191,2022-05-11_געתון_יחיעם.gpx,חשוד - לבדיקה ידנית,TRUE,4.3,2.4,1.5,135.1,754,0.774
חשוד,188,2022-05-04_געתון_יחיעם.gpx,233,2022-07-31_געתון_יחיעם.gpx,חשוד - לבדיקה ידנית,TRUE,3.8,2.6,3.3,39.6,230.2,0.831
חשוד,188,2022-05-04_געתון_יחיעם.gpx,261,2022-11-07_געתון_יחיעם_עין יעקב.gpx,חשוד - לבדיקה ידנית,FALSE,4.4,13.3,3.6,190.8,800.5,0.661
הכלה,188,2022-05-04_געתון_יחיעם.gpx,256,2022-10-24_געתון_יחיעם.gpx,מוכל-ב,,,,,8.2,21,1
הכלה,188,2022-05-04_געתון_יחיעם.gpx,160,2022-02-19_געתון_יחיעם.gpx,מוכל-ב,,,,,9.4,21.4,1
הכלה,188,2022-05-04_געתון_יחיעם.gpx,161,2022-02-22_געתון_יחיעם.gpx,מוכל-ב,,,,,9.3,20.9,1
הכלה,188,2022-05-04_געתון_יחיעם.gpx,48,2013-08-24_מזרעה_שבי ציון_געתון.gpx,מוכל-ב,,,,,34,229.1,0.919
הכלה,188,2022-05-04_געתון_יחיעם.gpx,257,2022-10-26_געתון_יחיעם.gpx,מוכל-ב,,,,,6.8,19,1
הכלה,188,2022-05-04_געתון_יחיעם.gpx,243,2022-08-21_געתון_יחיעם.gpx,מוכל-ב,,,,,15.7,119.8,1
הכלה,188,2022-05-04_געתון_יחיעם.gpx,185,2022-04-21_געתון_יחיעם.gpx,מוכל-ב,,,,,13.5,78.1,1
הכלה,188,2022-05-04_געתון_יחיעם.gpx,210,2022-06-12_געתון_יחיעם.gpx,מוכל-ב,,,,,9.6,21.4,1
זהה,187,2022-04-24_געתון_יחיעם.gpx,202,2022-05-31_געתון_יחיעם.gpx,זהה,TRUE,0.3,5,3.7,8.5,21.2,1
זהה,187,2022-04-24_געתון_יחיעם.gpx,198,2022-05-25_געתון_יחיעם.gpx,זהה,TRUE,0.1,6.2,3.8,4.7,10.8,1
זהה,187,2022-04-24_געתון_יחיעם.gpx,283,2023-01-09_געתון_יחיעם.gpx,זהה,FALSE,0.9,6.4,5.8,6.9,22.7,1
זהה,187,2022-04-24_געתון_יחיעם.gpx,223,2022-07-07_געתון_יחיעם.gpx,זהה,TRUE,0.4,5.7,4.8,7.2,15.5,1
חשוד,187,2022-04-24_געתון_יחיעם.gpx,338,2023-10-14_געתון_עין יעקב_יחיעם_1.gpx,חשוד - לבדיקה ידנית,FALSE,4.9,17.7,6.9,215.2,520.6,0.318
הכלה,187,2022-04-24_געתון_יחיעם.gpx,355,2024-02-23_געתון_עין יעקב.gpx,מוכל-ב,,,,,13.9,98.4,1
הכלה,187,2022-04-24_געתון_יחיעם.gpx,455,2025-10-11_געתון_יחיעם_כברי.gpx,מוכל-ב,,,,,15.4,101.6,0.978
הכלה,187,2022-04-24_געתון_יחיעם.gpx,164,2022-02-27_געתון_יחיעם.gpx,מוכל-ב,,,,,10.2,24.6,1
הכלה,187,2022-04-24_געתון_יחיעם.gpx,105,2021-09-21_מעיליא_געתון_מעונה.gpx,מוכל-ב,,,,,16.2,100.4,0.978
הכלה,187,2022-04-24_געתון_יחיעם.gpx,57,2013-09-08_געתון_יחיעם_עין יעקב.gpx,מוכל-ב,,,,,12.3,98.3,1
הכלה,187,2022-04-24_געתון_יחיעם.gpx,196,2022-05-19_געתון_מעונה_עין יעקב.gpx,מוכל-ב,,,,,13.6,102.2,0.978
הכלה,187,2022-04-24_געתון_יחיעם.gpx,131,2021-12-09_געתון_יחיעם.gpx,מוכל-ב,,,,,9.8,23,1
הכלה,187,2022-04-24_געתון_יחיעם.gpx,452,2025-10-01_שבי ציון_כברי_נהרייה.gpx,מוכל-ב,,,,,15.8,104.8,0.978
הכלה,187,2022-04-24_געתון_יחיעם.gpx,74,2013-10-06_מעונה_עין יעקב_געתון.gpx,מוכל-ב,,,,,16,103.7,0.978
הכלה,187,2022-04-24_געתון_יחיעם.gpx,61,2013-09-14_עין המפרץ_געתון_מזרעה.gpx,מוכל-ב,,,,,16.3,81.1,1
הכלה,187,2022-04-24_געתון_יחיעם.gpx,125,2021-11-27_מעיליא_געתון_נווה זיו.gpx,מוכל-ב,,,,,15.8,101.6,0.978
הכלה,187,2022-04-24_געתון_יחיעם.gpx,211,2022-06-15_געתון_כברי_לימן.gpx,מוכל-ב,,,,,12.9,104.2,0.978
הכלה,187,2022-04-24_געתון_יחיעם.gpx,502,2026-05-07_געתון_כברי_לימן.gpx,מוכל-ב,,,,,14.8,101.8,0.978
הכלה,187,2022-04-24_געתון_יחיעם.gpx,490,2026-03-25_געתון_גשר הזיו_כברי.gpx,מוכל-ב,,,,,13.3,98.8,1
הכלה,187,2022-04-24_געתון_יחיעם.gpx,259,2022-10-29_געתון_מעיליא_מעונה.gpx,מוכל-ב,,,,,16.3,110.8,0.957
הכלה,187,2022-04-24_געתון_יחיעם.gpx,194,2022-05-15_געתון_יחיעם.gpx,מוכל-ב,,,,,10.6,23.6,1
הכלה,187,2022-04-24_געתון_יחיעם.gpx,447,2025-09-22_שבי ציון_כברי_נהרייה.gpx,מוכל-ב,,,,,18.8,108.5,0.978
הכלה,187,2022-04-24_געתון_יחיעם.gpx,206,2022-06-04_געתון_כברי_נהרייה.gpx,מוכל-ב,,,,,16.7,103.7,0.978
הכלה,187,2022-04-24_געתון_יחיעם.gpx,52,2013-08-30_מעונה_עין יעקב_געתון.gpx,מוכל-ב,,,,,15.3,101.4,0.978
הכלה,187,2022-04-24_געתון_יחיעם.gpx,262,2022-11-09_געתון_יחיעם.gpx,מוכל-ב,,,,,8.9,25,1
הכלה,187,2022-04-24_געתון_יחיעם.gpx,29,2013-07-19_עין יעקב_מעונה_מנות.gpx,מוכל-ב,,,,,17.8,100.6,0.978
הכלה,187,2022-04-24_געתון_יחיעם.gpx,226,2022-07-11_געתון_כברי_כפר ראש הנקרה.gpx,מוכל-ב,,,,,15.9,102.3,0.978
הכלה,187,2022-04-24_געתון_יחיעם.gpx,156,2022-02-11_געתון_כברי_לימן.gpx,מוכל-ב,,,,,11.2,105.9,0.978
הכלה,187,2022-04-24_געתון_יחיעם.gpx,128,2021-12-04_געתון_מעיליא_מעונה.gpx,מוכל-ב,,,,,16,98.4,1
הכלה,187,2022-04-24_געתון_יחיעם.gpx,270,2022-12-03_מנות_הילה_מעיליא.gpx,מוכל-ב,,,,,15.5,112.5,0.978
הכלה,187,2022-04-24_געתון_יחיעם.gpx,70,2013-09-28_עין יעקב_מזרעה_שבי ציון.gpx,מוכל-ב,,,,,26.7,110.1,0.957
הכלה,187,2022-04-24_געתון_יחיעם.gpx,34,2013-07-27_געתון_כברי_מנות.gpx,מוכל-ב,,,,,22.3,80,1
הכלה,187,2022-04-24_געתון_יחיעם.gpx,497,2026-04-20_כברי_געתון_גשר הזיו.gpx,מוכל-ב,,,,,14.2,105.4,0.978
הכלה,187,2022-04-24_געתון_יחיעם.gpx,56,2013-09-07_געתון_מעונה_גשר הזיו.gpx,מוכל-ב,,,,,15.6,96.3,1
הכלה,187,2022-04-24_געתון_יחיעם.gpx,286,2023-01-18_געתון_כברי_גשר הזיו.gpx,מוכל-ב,,,,,8.7,23.5,1
הכלה,187,2022-04-24_געתון_יחיעם.gpx,152,2022-01-30_געתון_יחיעם.gpx,מוכל-ב,,,,,4.3,15.9,1
הכלה,187,2022-04-24_געתון_יחיעם.gpx,162,2022-02-23_געתון_יחיעם.gpx,מוכל-ב,,,,,6.5,20.3,1
הכלה,187,2022-04-24_געתון_יחיעם.gpx,550,2026-08-08_געתון_כברי_מנות.gpx,מוכל-ב,,,,,15.4,102.2,0.978
הכלה,187,2022-04-24_געתון_יחיעם.gpx,43,2013-08-14_געתון_מעונה_עין יעקב.gpx,מוכל-ב,,,,,13.2,98.7,1
הכלה,187,2022-04-24_געתון_יחיעם.gpx,24,2013-07-08_עין יעקב_מעונה_געתון.gpx,מוכל-ב,,,,,18.4,98,1
הכלה,187,2022-04-24_געתון_יחיעם.gpx,214,2022-06-19_געתון_כברי_לימן.gpx,מוכל-ב,,,,,15.2,99,1
הכלה,187,2022-04-24_געתון_יחיעם.gpx,165,2022-02-28_געתון_כברי_לימן.gpx,מוכל-ב,,,,,13,102.6,0.978
הכלה,187,2022-04-24_געתון_יחיעם.gpx,195,2022-05-18_געתון_יחיעם.gpx,מוכל-ב,,,,,8.1,24.1,1
הכלה,187,2022-04-24_געתון_יחיעם.gpx,265,2022-11-18_געתון_יחיעם_עין יעקב.gpx,מוכל-ב,,,,,11.4,100.2,0.978
הכלה,187,2022-04-24_געתון_יחיעם.gpx,541,2026-07-14_שבי ציון_כברי_נהרייה.gpx,מוכל-ב,,,,,16.5,105.6,0.978
הכלה,187,2022-04-24_געתון_יחיעם.gpx,528,2026-06-24 געתון_נהריה_ראש-הנקרה_נהריה_געתון.gpx,מוכל-ב,,,,,13.8,101.8,0.978
הכלה,187,2022-04-24_געתון_יחיעם.gpx,277,2022-12-16_געתון_יחיעם_עין יעקב.gpx,מוכל-ב,,,,,8,22.7,1
הכלה,187,2022-04-24_געתון_יחיעם.gpx,159,2022-02-18_געתון_כברי_גשר הזיו.gpx,מוכל-ב,,,,,11.8,102.2,0.978
הכלה,187,2022-04-24_געתון_יחיעם.gpx,255,2022-10-23_געתון_יחיעם.gpx,מוכל-ב,,,,,9,24.6,1
הכלה,187,2022-04-24_געתון_יחיעם.gpx,26,2013-07-12_געתון_שלומי_כפר ראש הנקרה.gpx,מוכל-ב,,,,,18.7,108.5,0.978
הכלה,187,2022-04-24_געתון_יחיעם.gpx,344,2023-12-19_געתון_עין יעקב_יחיעם_1.gpx,מוכל-ב,,,,,15.2,72.1,1
הכלה,187,2022-04-24_געתון_יחיעם.gpx,492,2026-04-08_געתון_כברי_גשר הזיו.gpx,מוכל-ב,,,,,14.3,102.5,0.978
הכלה,187,2022-04-24_געתון_יחיעם.gpx,71,2013-10-01_געתון_עין יעקב.gpx,מוכל-ב,,,,,12,96.3,1
הכלה,187,2022-04-24_געתון_יחיעם.gpx,543,2026-07-19_עין יעקב_מנות_עבדון.gpx,מוכל-ב,,,,,15.1,102.2,0.978
הכלה,187,2022-04-24_געתון_יחיעם.gpx,216,2022-06-24_מנות_מעיליא_כברי.gpx,מוכל-ב,,,,,16.6,108.3,0.978
הכלה,187,2022-04-24_געתון_יחיעם.gpx,228,2022-07-16_מנות_געתון_מעיליא.gpx,מוכל-ב,,,,,16.1,102.6,0.978
הכלה,187,2022-04-24_געתון_יחיעם.gpx,108,2021-09-26_געתון_יחיעם.gpx,מוכל-ב,,,,,10.9,23.6,1
הכלה,187,2022-04-24_געתון_יחיעם.gpx,177,2022-04-07_געתון_יחיעם.gpx,מוכל-ב,,,,,7.4,41.2,1
הכלה,187,2022-04-24_געתון_יחיעם.gpx,138,2021-12-25_געתון_מעיליא_מעונה.gpx,מוכל-ב,,,,,15.9,105.1,0.978
הכלה,187,2022-04-24_געתון_יחיעם.gpx,536,2026-07-07_עבדון_געתון_יערה.gpx,מוכל-ב,,,,,13.6,104.1,0.978
הכלה,187,2022-04-24_געתון_יחיעם.gpx,201,2022-05-29_געתון_כברי_לימן.gpx,מוכל-ב,,,,,14.6,94.9,1
הכלה,187,2022-04-24_געתון_יחיעם.gpx,221,2022-07-02_יחיעם_געתון_עין יעקב.gpx,מוכל-ב,,,,,19.7,99.1,1
הכלה,187,2022-04-24_געתון_יחיעם.gpx,551,2026-08-08_מנות_כברי_הילה.gpx,מוכל-ב,,,,,15.4,100.9,0.978
הכלה,187,2022-04-24_געתון_יחיעם.gpx,520,2026-06-06_געתון_בוסתן הגליל_נתיב השיירה.gpx,מוכל-ב,,,,,19.2,105.9,0.978
הכלה,187,2022-04-24_געתון_יחיעם.gpx,143,2022-01-07_געתון_מעיליא_מעונה.gpx,מוכל-ב,,,,,15.9,104.8,0.978
הכלה,187,2022-04-24_געתון_יחיעם.gpx,505,2026-05-13_עבדון_כברי_גורן.gpx,מוכל-ב,,,,,16.7,105.9,0.978
הכלה,187,2022-04-24_געתון_יחיעם.gpx,446,2025-09-20_געתון_יחיעם_עין יעקב.gpx,מוכל-ב,,,,,13.1,100.3,0.978
הכלה,187,2022-04-24_געתון_יחיעם.gpx,32,2013-07-25_געתון_שלומי_כברי.gpx,מוכל-ב,,,,,21.9,109,0.978
הכלה,187,2022-04-24_געתון_יחיעם.gpx,488,2026-03-18_געתון_כברי_גשר הזיו.gpx,מוכל-ב,,,,,18.3,102.2,0.978
הכלה,187,2022-04-24_געתון_יחיעם.gpx,199,2022-05-26_געתון_יחיעם.gpx,מוכל-ב,,,,,10.6,17.6,1
הכלה,187,2022-04-24_געתון_יחיעם.gpx,535,2026-07-04_מעיליא_מנות_הילה.gpx,מוכל-ב,,,,,13.6,103.9,0.978
הכלה,187,2022-04-24_געתון_יחיעם.gpx,557,2026-08-14_געתון_כברי.gpx,מוכל-ב,,,,,20.6,105.8,0.978
הכלה,187,2022-04-24_געתון_יחיעם.gpx,429,2025-03-02_געתון_עין יעקב_יחיעם.gpx,מוכל-ב,,,,,11.8,68.9,1
הכלה,187,2022-04-24_געתון_יחיעם.gpx,145,2022-01-14_געתון_יחיעם.gpx,מוכל-ב,,,,,9.9,21.5,1
הכלה,187,2022-04-24_געתון_יחיעם.gpx,278,2022-12-17_מנות_מעיליא_הילה.gpx,מוכל-ב,,,,,14.7,104.5,0.978
הכלה,187,2022-04-24_געתון_יחיעם.gpx,280,2022-12-23_געתון_כברי_לימן.gpx,מוכל-ב,,,,,10.2,102.4,0.978
הכלה,187,2022-04-24_געתון_יחיעם.gpx,27,2013-07-13_געתון_מעיליא_נווה זיו.gpx,מוכל-ב,,,,,19.9,99.9,1
הכלה,187,2022-04-24_געתון_יחיעם.gpx,254,2022-10-21_געתון_יחיעם.gpx,מוכל-ב,,,,,10.1,66.3,1
הכלה,187,2022-04-24_געתון_יחיעם.gpx,275,2022-12-10_מנות_הילה_כברי.gpx,מוכל-ב,,,,,16,101.4,0.978
הכלה,187,2022-04-24_געתון_יחיעם.gpx,174,2022-04-02_געתון_מעיליא_נווה זיו.gpx,מוכל-ב,,,,,14.7,107,0.978
הכלה,187,2022-04-24_געתון_יחיעם.gpx,260,2022-11-04_מעיליא_געתון_מעונה.gpx,מוכל-ב,,,,,15.5,102.4,0.978
הכלה,187,2022-04-24_געתון_יחיעם.gpx,25,2013-07-10_עין יעקב_מעונה_געתון.gpx,מוכל-ב,,,,,21.2,103,0.978
הכלה,187,2022-04-24_געתון_יחיעם.gpx,193,2022-05-14_מנות_געתון_מעיליא.gpx,מוכל-ב,,,,,15.3,105.4,0.978
הכלה,187,2022-04-24_געתון_יחיעם.gpx,479,2026-02-25_שבי ציון_נהרייה_כברי.gpx,מוכל-ב,,,,,14.8,105.5,0.978
הכלה,187,2022-04-24_געתון_יחיעם.gpx,257,2022-10-26_געתון_יחיעם.gpx,מוכל-ב,,,,,7.2,18.9,1
הכלה,187,2022-04-24_געתון_יחיעם.gpx,282,2022-12-30_געתון_כברי_לימן.gpx,מוכל-ב,,,,,10.9,105.2,0.978
הכלה,187,2022-04-24_געתון_יחיעם.gpx,209,2022-06-11_מנות_מעיליא_כברי.gpx,מוכל-ב,,,,,16.4,106.5,0.978
הכלה,187,2022-04-24_געתון_יחיעם.gpx,173,2022-04-01_געתון_יחיעם.gpx,מוכל-ב,,,,,10.5,21.2,1
הכלה,187,2022-04-24_געתון_יחיעם.gpx,175,2022-04-03_געתון_יחיעם.gpx,מוכל-ב,,,,,8.9,23.8,1
הכלה,187,2022-04-24_געתון_יחיעם.gpx,62,2013-09-18_געתון_מעיליא_מנות.gpx,מוכל-ב,,,,,14.8,102.7,0.978
הכלה,187,2022-04-24_געתון_יחיעם.gpx,185,2022-04-21_געתון_יחיעם.gpx,מוכל-ב,,,,,9.8,22,1
הכלה,187,2022-04-24_געתון_יחיעם.gpx,558,2026-08-14_געתון_כברי_מצובה.gpx,מוכל-ב,,,,,12.8,100.1,0.978
הכלה,187,2022-04-24_געתון_יחיעם.gpx,197,2022-05-20_געתון_כברי_לימן.gpx,מוכל-ב,,,,,13.7,100.6,0.978
הכלה,187,2022-04-24_געתון_יחיעם.gpx,234,2022-08-02_געתון_יחיעם.gpx,מוכל-ב,,,,,10,46.6,1
הכלה,187,2022-04-24_געתון_יחיעם.gpx,36,2013-08-01_מעונה_עין יעקב_געתון.gpx,מוכל-ב,,,,,18.8,100.6,0.978
הכלה,187,2022-04-24_געתון_יחיעם.gpx,40,2013-08-08_געתון_כברי.gpx,מוכל-ב,,,,,14.7,105.8,0.978
הכלה,187,2022-04-24_געתון_יחיעם.gpx,151,2022-01-29_געתון_יחיעם.gpx,מוכל-ב,,,,,8,14.2,1
הכלה,187,2022-04-24_געתון_יחיעם.gpx,140,2021-12-31_געתון_מעיליא_מעונה.gpx,מוכל-ב,,,,,15.9,104.6,0.978
הכלה,187,2022-04-24_געתון_יחיעם.gpx,519,2026-06-06 געתון_רגבה_עכו.gpx,מוכל-ב,,,,,21,100.5,0.978
הכלה,187,2022-04-24_געתון_יחיעם.gpx,183,2022-04-16_מנות_הילה_מעיליא.gpx,מוכל-ב,,,,,15.1,109.8,0.978
הכלה,187,2022-04-24_געתון_יחיעם.gpx,117,2021-11-06_מעיליא_געתון_מעונה.gpx,מוכל-ב,,,,,18.5,103.5,0.978
הכלה,187,2022-04-24_געתון_יחיעם.gpx,28,2013-07-15_געתון_שבי ציון_גשר הזיו.gpx,מוכל-ב,,,,,21.1,106.4,0.978
הכלה,187,2022-04-24_געתון_יחיעם.gpx,534,2026-07-04 געתון_חרדלית_מנות_הילה_עין_זיו_חרדלית_געתון.gpx,מוכל-ב,,,,,18.8,102.6,0.978
הכלה,187,2022-04-24_געתון_יחיעם.gpx,540,2026-07-14_שבי ציון_געתון_נהרייה.gpx,מוכל-ב,,,,,21.4,102.6,0.978
הכלה,187,2022-04-24_געתון_יחיעם.gpx,439,2025-08-28_געתון_כברי_לימן.gpx,מוכל-ב,,,,,14.4,104.3,0.978
הכלה,187,2022-04-24_געתון_יחיעם.gpx,483,2026-03-05_געתון_כברי.gpx,מוכל-ב,,,,,18.8,74.6,1
הכלה,187,2022-04-24_געתון_יחיעם.gpx,107,2021-09-25_מעיליא_געתון_מעונה.gpx,מוכל-ב,,,,,20.6,104.5,0.978
הכלה,187,2022-04-24_געתון_יחיעם.gpx,99,2021-09-11_געתון_מעיליא_מעונה.gpx,מוכל-ב,,,,,19.8,106.7,0.978
הכלה,187,2022-04-24_געתון_יחיעם.gpx,68,2013-09-26_געתון_כפר ורדים_מנות.gpx,מוכל-ב,,,,,21.9,102.3,0.978
הכלה,187,2022-04-24_געתון_יחיעם.gpx,91,2021-08-07_געתון_מעיליא_מעונה.gpx,מוכל-ב,,,,,18.5,100.7,0.978
הכלה,187,2022-04-24_געתון_יחיעם.gpx,238,2022-08-13_מנות_הילה_מעיליא.gpx,מוכל-ב,,,,,17.1,102.8,0.978
הכלה,187,2022-04-24_געתון_יחיעם.gpx,253,2022-10-17_געתון_מעיליא_מעונה.gpx,מוכל-ב,,,,,15,99.5,1
הכלה,187,2022-04-24_געתון_יחיעם.gpx,191,2022-05-11_געתון_יחיעם.gpx,מוכל-ב,,,,,8.5,25.1,1
הכלה,187,2022-04-24_געתון_יחיעם.gpx,448,2025-09-23_געתון_כברי_לימן.gpx,מוכל-ב,,,,,20.2,104.3,0.978
הכלה,187,2022-04-24_געתון_יחיעם.gpx,154,2022-02-02_געתון_יחיעם.gpx,מוכל-ב,,,,,10.8,23.2,1
הכלה,187,2022-04-24_געתון_יחיעם.gpx,44,2013-08-16_געתון_שלומי_כפר ראש הנקרה.gpx,מוכל-ב,,,,,15.3,96.4,1
הכלה,187,2022-04-24_געתון_יחיעם.gpx,122,2021-11-19_געתון_יחיעם.gpx,מוכל-ב,,,,,10,24.4,1
הכלה,187,2022-04-24_געתון_יחיעם.gpx,139,2021-12-29_געתון_יחיעם.gpx,מוכל-ב,,,,,9.8,19.6,1
הכלה,187,2022-04-24_געתון_יחיעם.gpx,72,2013-10-02_געתון_עין יעקב_מעיליא.gpx,מוכל-ב,,,,,17.6,100.9,0.978
הכלה,187,2022-04-24_געתון_יחיעם.gpx,188,2022-05-04_געתון_יחיעם.gpx,מוכל-ב,,,,,4.6,24.1,1
הכלה,187,2022-04-24_געתון_יחיעם.gpx,42,2013-08-12_געתון_כברי_לימן.gpx,מוכל-ב,,,,,20.7,143.9,0.978
הכלה,187,2022-04-24_געתון_יחיעם.gpx,356,2024-02-25_געתון_עין יעקב.gpx,מוכל-ב,,,,,17.7,102.6,0.978
הכלה,187,2022-04-24_געתון_יחיעם.gpx,227,2022-07-15_געתון_כברי_לימן.gpx,מוכל-ב,,,,,14.6,99.7,1
הכלה,187,2022-04-24_געתון_יחיעם.gpx,345,2023-12-30_געתון_יחיעם_עין יעקב.gpx,מוכל-ב,,,,,17.7,100.8,0.978
הכלה,187,2022-04-24_געתון_יחיעם.gpx,243,2022-08-21_געתון_יחיעם.gpx,מוכל-ב,,,,,15.2,107.4,0.978
הכלה,187,2022-04-24_געתון_יחיעם.gpx,180,2022-04-13_געתון_יחיעם.gpx,מוכל-ב,,,,,12,23.5,1
הכלה,187,2022-04-24_געתון_יחיעם.gpx,341,2023-11-20_געתון_עין יעקב.gpx,מוכל-ב,,,,,19.4,115.7,0.957
הכלה,187,2022-04-24_געתון_יחיעם.gpx,192,2022-05-12_געתון_יחיעם.gpx,מוכל-ב,,,,,8,25,1
הכלה,187,2022-04-24_געתון_יחיעם.gpx,241,2022-08-19_געתון_כברי_לימן.gpx,מוכל-ב,,,,,14.9,101,0.978
הכלה,187,2022-04-24_געתון_יחיעם.gpx,496,2026-04-16_עין יעקב_מעונה_געתון.gpx,מוכל-ב,,,,,15.1,101.8,0.978
הכלה,187,2022-04-24_געתון_יחיעם.gpx,123,2021-11-22_געתון_יחיעם.gpx,מוכל-ב,,,,,8,21.7,1
הכלה,187,2022-04-24_געתון_יחיעם.gpx,284,2023-01-10_געתון_כברי_לימן.gpx,מוכל-ב,,,,,12.6,98.2,1
הכלה,187,2022-04-24_געתון_יחיעם.gpx,160,2022-02-19_געתון_יחיעם.gpx,מוכל-ב,,,,,8.1,16.3,1
הכלה,187,2022-04-24_געתון_יחיעם.gpx,263,2022-11-11_געתון_יחיעם.gpx,מוכל-ב,,,,,9.4,69.9,1
הכלה,187,2022-04-24_געתון_יחיעם.gpx,161,2022-02-22_געתון_יחיעם.gpx,מוכל-ב,,,,,9.5,24.5,1
הכלה,187,2022-04-24_געתון_יחיעם.gpx,167,2022-03-04_געתון_כברי_יחיעם.gpx,מוכל-ב,,,,,8.5,22.9,1
הכלה,187,2022-04-24_געתון_יחיעם.gpx,224,2022-07-08_מנות_געתון_הילה.gpx,מוכל-ב,,,,,17.9,103.4,0.978
הכלה,187,2022-04-24_געתון_יחיעם.gpx,346,2023-12-31_געתון_יחיעם_עין יעקב.gpx,מוכל-ב,,,,,19.7,108,0.978
הכלה,187,2022-04-24_געתון_יחיעם.gpx,210,2022-06-12_געתון_יחיעם.gpx,מוכל-ב,,,,,7.5,22.3,1
הכלה,187,2022-04-24_געתון_יחיעם.gpx,281,2022-12-28_געתון_גשר הזיו_כברי.gpx,מוכל-ב,,,,,12,103.5,0.978
הכלה,187,2022-04-24_געתון_יחיעם.gpx,242,2022-08-20_געתון_מנות_מעיליא.gpx,מוכל-ב,,,,,17.1,101.7,0.978
הכלה,187,2022-04-24_געתון_יחיעם.gpx,233,2022-07-31_געתון_יחיעם.gpx,מוכל-ב,,,,,9.3,22,1
הכלה,187,2022-04-24_געתון_יחיעם.gpx,484,2026-03-06_עין יעקב_געתון_כברי.gpx,מוכל-ב,,,,,24.6,101.4,0.978
הכלה,187,2022-04-24_געתון_יחיעם.gpx,35,2013-07-30_מעונה_עין יעקב_געתון.gpx,מוכל-ב,,,,,17.3,98.3,1
הכלה,187,2022-04-24_געתון_יחיעם.gpx,137,2021-12-21_געתון_יחיעם.gpx,מוכל-ב,,,,,9.4,21,1
הכלה,187,2022-04-24_געתון_יחיעם.gpx,208,2022-06-09_געתון_יחיעם_עין יעקב.gpx,מוכל-ב,,,,,9.2,24.8,1
הכלה,187,2022-04-24_געתון_יחיעם.gpx,23,2013-06-30_געתון_יחיעם_עין יעקב.gpx,מוכל-ב,,,,,14,100.4,0.978
הכלה,187,2022-04-24_געתון_יחיעם.gpx,215,2022-06-21_געתון_יחיעם_עין יעקב.gpx,מוכל-ב,,,,,7.6,24.3,1
הכלה,187,2022-04-24_געתון_יחיעם.gpx,232,2022-07-23_געתון_נווה זיו.gpx,מוכל-ב,,,,,13.7,95.9,1
הכלה,187,2022-04-24_געתון_יחיעם.gpx,442,2025-09-08_געתון_יחיעם_כברי.gpx,מוכל-ב,,,,,14.7,98.4,1
הכלה,187,2022-04-24_געתון_יחיעם.gpx,482,2026-02-28_געתון_כברי.gpx,מוכל-ב,,,,,15.4,93.9,1
הכלה,187,2022-04-24_געתון_יחיעם.gpx,142,2022-01-04_געתון_יחיעם.gpx,מוכל-ב,,,,,9.6,24.1,1
הכלה,187,2022-04-24_געתון_יחיעם.gpx,93,2021-09-04_געתון_מעיליא_מעונה.gpx,מוכל-ב,,,,,19.9,103.1,0.978
הכלה,187,2022-04-24_געתון_יחיעם.gpx,67,2013-09-25_געתון_עין יעקב_מעיליא.gpx,מוכל-ב,,,,,19.2,101.5,0.978
הכלה,187,2022-04-24_געתון_יחיעם.gpx,179,2022-04-12_געתון_יחיעם.gpx,מוכל-ב,,,,,8.2,15.1,1
הכלה,187,2022-04-24_געתון_יחיעם.gpx,146,2022-01-15_געתון_יחיעם.gpx,מוכל-ב,,,,,7.9,18.7,1
הכלה,187,2022-04-24_געתון_יחיעם.gpx,150,2022-01-21_געתון_יחיעם.gpx,מוכל-ב,,,,,6.8,19.5,1
הכלה,187,2022-04-24_געתון_יחיעם.gpx,102,2021-09-16_געתון_יחיעם.gpx,מוכל-ב,,,,,8,18.9,1
הכלה,187,2022-04-24_געתון_יחיעם.gpx,348,2024-01-03_געתון_יחיעם_עין יעקב_1.gpx,מוכל-ב,,,,,14.9,70.6,1
הכלה,187,2022-04-24_געתון_יחיעם.gpx,60,2013-09-13_עין יעקב_מעיליא_מנות.gpx,מוכל-ב,,,,,19.8,99.3,1
הכלה,187,2022-04-24_געתון_יחיעם.gpx,266,2022-11-19_מעיליא_געתון_מעונה.gpx,מוכל-ב,,,,,15.2,118,0.978
הכלה,187,2022-04-24_געתון_יחיעם.gpx,157,2022-02-16_געתון_יחיעם.gpx,מוכל-ב,,,,,10.6,23.9,1
הכלה,187,2022-04-24_געתון_יחיעם.gpx,256,2022-10-24_געתון_יחיעם.gpx,מוכל-ב,,,,,8.2,24.6,1
הכלה,187,2022-04-24_געתון_יחיעם.gpx,626,יער הדובים השיירה סינגל בני.gpx,מוכל-ב,,,,,12.9,70.4,1
הכלה,187,2022-04-24_געתון_יחיעם.gpx,124,2021-11-23_געתון_יחיעם.gpx,מוכל-ב,,,,,8.3,22.1,1
הכלה,187,2022-04-24_געתון_יחיעם.gpx,443,2025-09-10_געתון_יחיעם_כברי.gpx,מוכל-ב,,,,,13.6,102,0.978
הכלה,187,2022-04-24_געתון_יחיעם.gpx,347,2024-01-03_געתון_יחיעם_עין יעקב.gpx,מוכל-ב,,,,,16.6,100,0.978
הכלה,187,2022-04-24_געתון_יחיעם.gpx,48,2013-08-24_מזרעה_שבי ציון_געתון.gpx,מוכל-ב,,,,,18.7,103.7,0.978
הכלה,187,2022-04-24_געתון_יחיעם.gpx,189,2022-05-06_געתון_יחיעם.gpx,מוכל-ב,,,,,9.4,22.4,1
הכלה,187,2022-04-24_געתון_יחיעם.gpx,475,2026-02-07_מעיליא_מנות_הילה.gpx,מוכל-ב,,,,,14.6,101.2,0.978
הכלה,187,2022-04-24_געתון_יחיעם.gpx,239,2022-08-14_געתון_כברי_לימן.gpx,מוכל-ב,,,,,12.9,102.4,0.978
הכלה,187,2022-04-24_געתון_יחיעם.gpx,212,2022-06-16_געתון_יחיעם_עין יעקב.gpx,מוכל-ב,,,,,9.3,24.7,1
הכלה,187,2022-04-24_געתון_יחיעם.gpx,363,2024-03-29_געתון_עין יעקב.gpx,מוכל-ב,,,,,18.1,102.7,0.957
הכלה,187,2022-04-24_געתון_יחיעם.gpx,200,2022-05-27_געתון_כברי_לימן.gpx,מוכל-ב,,,,,9.2,25,1
הכלה,187,2022-04-24_געתון_יחיעם.gpx,50,2013-08-28_געתון_יחיעם_עין יעקב.gpx,מוכל-ב,,,,,18.8,106.9,0.978
הכלה,187,2022-04-24_געתון_יחיעם.gpx,92,2021-09-03_געתון_מעיליא_מעונה.gpx,מוכל-ב,,,,,19.8,102.6,0.978
הכלה,187,2022-04-24_געתון_יחיעם.gpx,230,2022-07-19_כברי_געתון_לימן.gpx,מוכל-ב,,,,,15.6,91.7,1
הכלה,187,2022-04-24_געתון_יחיעם.gpx,360,2024-03-09_געתון_עין יעקב.gpx,מוכל-ב,,,,,16.3,108.7,0.978
הכלה,187,2022-04-24_געתון_יחיעם.gpx,453,2025-10-02_געתון_כברי_גשר הזיו.gpx,מוכל-ב,,,,,14.3,103.4,0.978
חשוד,185,2022-04-21_געתון_יחיעם.gpx,262,2022-11-09_געתון_יחיעם.gpx,חשוד - לבדיקה ידנית,TRUE,4.4,9.1,9.6,472.1,1840.2,0.565
חשוד,185,2022-04-21_געתון_יחיעם.gpx,403,2024-10-07_געתון_עין יעקב_יחיעם.gpx,חשוד - לבדיקה ידנית,FALSE,2.2,243.9,57.2,238.2,515.7,0.337
חשוד,185,2022-04-21_געתון_יחיעם.gpx,531,2026-07-01 סינגל_יחיעם_עליון.gpx,חשוד - לבדיקה ידנית,FALSE,4.1,14.6,8.1,374.6,1275.2,0.5
חשוד,185,2022-04-21_געתון_יחיעם.gpx,483,2026-03-05_געתון_כברי.gpx,חשוד - לבדיקה ידנית,TRUE,3.5,19.6,800,479.4,1837,0.565
הכלה,185,2022-04-21_געתון_יחיעם.gpx,160,2022-02-19_געתון_יחיעם.gpx,מוכל-ב,,,,,13.7,246.6,0.988
הכלה,184,2022-04-19_געתון_יחיעם_כברי.gpx,626,יער הדובים השיירה סינגל בני.gpx,מוכל-ב,,,,,12.3,77.1,1
הכלה,184,2022-04-19_געתון_יחיעם_כברי.gpx,443,2025-09-10_געתון_יחיעם_כברי.gpx,מוכל-ב,,,,,11.1,103.6,0.971
הכלה,184,2022-04-19_געתון_יחיעם_כברי.gpx,239,2022-08-14_געתון_כברי_לימן.gpx,מוכל-ב,,,,,10,22.6,1
הכלה,184,2022-04-19_געתון_יחיעם_כברי.gpx,363,2024-03-29_געתון_עין יעקב.gpx,מוכל-ב,,,,,42,514.7,0.914
הכלה,184,2022-04-19_געתון_יחיעם_כברי.gpx,256,2022-10-24_געתון_יחיעם.gpx,מוכל-ב,,,,,9.3,102.5,0.971
הכלה,184,2022-04-19_געתון_יחיעם_כברי.gpx,447,2025-09-22_שבי ציון_כברי_נהרייה.gpx,מוכל-ב,,,,,15.7,25.8,1
הכלה,184,2022-04-19_געתון_יחיעם_כברי.gpx,206,2022-06-04_געתון_כברי_נהרייה.gpx,מוכל-ב,,,,,10.7,33.8,1
הכלה,184,2022-04-19_געתון_יחיעם_כברי.gpx,262,2022-11-09_געתון_יחיעם.gpx,מוכל-ב,,,,,11.2,95.4,1
הכלה,184,2022-04-19_געתון_יחיעם_כברי.gpx,226,2022-07-11_געתון_כברי_כפר ראש הנקרה.gpx,מוכל-ב,,,,,13.8,25.4,1
הכלה,184,2022-04-19_געתון_יחיעם_כברי.gpx,455,2025-10-11_געתון_יחיעם_כברי.gpx,מוכל-ב,,,,,17.4,107.5,0.971
הכלה,184,2022-04-19_געתון_יחיעם_כברי.gpx,211,2022-06-15_געתון_כברי_לימן.gpx,מוכל-ב,,,,,13.6,106.3,0.971
הכלה,184,2022-04-19_געתון_יחיעם_כברי.gpx,265,2022-11-18_געתון_יחיעם_עין יעקב.gpx,מוכל-ב,,,,,12.7,110.1,0.971
הכלה,184,2022-04-19_געתון_יחיעם_כברי.gpx,528,2026-06-24 געתון_נהריה_ראש-הנקרה_נהריה_געתון.gpx,מוכל-ב,,,,,11.3,22.5,1
הכלה,184,2022-04-19_געתון_יחיעם_כברי.gpx,277,2022-12-16_געתון_יחיעם_עין יעקב.gpx,מוכל-ב,,,,,14.5,108.4,0.971
הכלה,184,2022-04-19_געתון_יחיעם_כברי.gpx,520,2026-06-06_געתון_בוסתן הגליל_נתיב השיירה.gpx,מוכל-ב,,,,,14.4,24.2,1
הכלה,184,2022-04-19_געתון_יחיעם_כברי.gpx,255,2022-10-23_געתון_יחיעם.gpx,מוכל-ב,,,,,12.1,104.5,0.971
הכלה,184,2022-04-19_געתון_יחיעם_כברי.gpx,488,2026-03-18_געתון_כברי_גשר הזיו.gpx,מוכל-ב,,,,,12,25.6,1
הכלה,184,2022-04-19_געתון_יחיעם_כברי.gpx,557,2026-08-14_געתון_כברי.gpx,מוכל-ב,,,,,13,24.9,1
הכלה,184,2022-04-19_געתון_יחיעם_כברי.gpx,429,2025-03-02_געתון_עין יעקב_יחיעם.gpx,מוכל-ב,,,,,9.5,107.3,0.971
הכלה,184,2022-04-19_געתון_יחיעם_כברי.gpx,280,2022-12-23_געתון_כברי_לימן.gpx,מוכל-ב,,,,,11.2,37,1
הכלה,184,2022-04-19_געתון_יחיעם_כברי.gpx,446,2025-09-20_געתון_יחיעם_עין יעקב.gpx,מוכל-ב,,,,,9.9,114.7,0.971
הכלה,184,2022-04-19_געתון_יחיעם_כברי.gpx,257,2022-10-26_געתון_יחיעם.gpx,מוכל-ב,,,,,12.3,105.4,0.971
הכלה,184,2022-04-19_געתון_יחיעם_כברי.gpx,558,2026-08-14_געתון_כברי_מצובה.gpx,מוכל-ב,,,,,9.7,18.3,1
הכלה,184,2022-04-19_געתון_יחיעם_כברי.gpx,519,2026-06-06 געתון_רגבה_עכו.gpx,מוכל-ב,,,,,8.7,24.7,1
הכלה,184,2022-04-19_געתון_יחיעם_כברי.gpx,540,2026-07-14_שבי ציון_געתון_נהרייה.gpx,מוכל-ב,,,,,14.4,25.7,1
הכלה,184,2022-04-19_געתון_יחיעם_כברי.gpx,439,2025-08-28_געתון_כברי_לימן.gpx,מוכל-ב,,,,,12.2,26.7,1
הכלה,184,2022-04-19_געתון_יחיעם_כברי.gpx,46,2013-08-20_געתון_כברי_שייח' דנון.gpx,מוכל-ב,,,,,30.9,363.9,0.914
הכלה,184,2022-04-19_געתון_יחיעם_כברי.gpx,356,2024-02-25_געתון_עין יעקב.gpx,מוכל-ב,,,,,41.6,508.9,0.914
הכלה,184,2022-04-19_געתון_יחיעם_כברי.gpx,562,Gaaton shomrat.gpx,מוכל-ב,,,,,31.4,315.5,0.943
הכלה,184,2022-04-19_געתון_יחיעם_כברי.gpx,227,2022-07-15_געתון_כברי_לימן.gpx,מוכל-ב,,,,,10.3,25.9,1
הכלה,184,2022-04-19_געתון_יחיעם_כברי.gpx,483,2026-03-05_געתון_כברי.gpx,מוכל-ב,,,,,15.7,26.6,1
הכלה,184,2022-04-19_געתון_יחיעם_כברי.gpx,70,2013-09-28_עין יעקב_מזרעה_שבי ציון.gpx,מוכל-ב,,,,,21.3,162.5,0.971
הכלה,184,2022-04-19_געתון_יחיעם_כברי.gpx,484,2026-03-06_עין יעקב_געתון_כברי.gpx,מוכל-ב,,,,,17.6,49.6,1
הכלה,184,2022-04-19_געתון_יחיעם_כברי.gpx,241,2022-08-19_געתון_כברי_לימן.gpx,מוכל-ב,,,,,8.3,25,1
הכלה,184,2022-04-19_געתון_יחיעם_כברי.gpx,442,2025-09-08_געתון_יחיעם_כברי.gpx,מוכל-ב,,,,,10.8,110.3,0.971
זהה,183,2022-04-16_מנות_הילה_מעיליא.gpx,238,2022-08-13_מנות_הילה_מעיליא.gpx,זהה,FALSE,2.1,9.6,13.9,35,286.5,0.965
זהה,183,2022-04-16_מנות_הילה_מעיליא.gpx,242,2022-08-20_געתון_מנות_מעיליא.gpx,זהה,FALSE,2.2,8.4,5.1,34.5,288,0.965
זהה,183,2022-04-16_מנות_הילה_מעיליא.gpx,270,2022-12-03_מנות_הילה_מעיליא.gpx,זהה,FALSE,0.2,2.7,7.5,22.8,264.5,0.973
זהה,183,2022-04-16_מנות_הילה_מעיליא.gpx,275,2022-12-10_מנות_הילה_כברי.gpx,זהה,FALSE,0.3,8.6,12.3,25.6,271,0.965
זהה,183,2022-04-16_מנות_הילה_מעיליא.gpx,228,2022-07-16_מנות_געתון_מעיליא.gpx,זהה,FALSE,2.3,7.3,13.9,32.6,261.2,0.982
זהה,183,2022-04-16_מנות_הילה_מעיליא.gpx,278,2022-12-17_מנות_מעיליא_הילה.gpx,זהה,FALSE,2.1,5.8,13.4,33.2,279.4,0.965
זהה,183,2022-04-16_מנות_הילה_מעיליא.gpx,193,2022-05-14_מנות_געתון_מעיליא.gpx,זהה,FALSE,0.3,5.6,11.2,21.9,264.2,0.965
הכלה,183,2022-04-16_מנות_הילה_מעיליא.gpx,62,2013-09-18_געתון_מעיליא_מנות.gpx,מוכל-ב,,,,,44.8,476.8,0.912
הכלה,183,2022-04-16_מנות_הילה_מעיליא.gpx,80,2015-12-03_מנות_מעונה_הילה.gpx,מוכל-ב,,,,,62.4,802,0.912
הכלה,183,2022-04-16_מנות_הילה_מעיליא.gpx,68,2013-09-26_געתון_כפר ורדים_מנות.gpx,מוכל-ב,,,,,46.4,371.2,0.912
הכלה,183,2022-04-16_מנות_הילה_מעיליא.gpx,224,2022-07-08_מנות_געתון_הילה.gpx,מוכל-ב,,,,,33.7,263.9,0.965
הכלה,183,2022-04-16_מנות_הילה_מעיליא.gpx,216,2022-06-24_מנות_מעיליא_כברי.gpx,מוכל-ב,,,,,35.1,263.5,0.965
הכלה,183,2022-04-16_מנות_הילה_מעיליא.gpx,543,2026-07-19_עין יעקב_מנות_עבדון.gpx,מוכל-ב,,,,,55.5,418,0.921
הכלה,183,2022-04-16_מנות_הילה_מעיליא.gpx,209,2022-06-11_מנות_מעיליא_כברי.gpx,מוכל-ב,,,,,25.2,259.9,0.974
הכלה,182,2022-04-15_שלומי_חניתה.gpx,532,2026-07-03 סינגל חניתה.gpx,מוכל-ב,,,,,15.9,118.6,0.98
הכלה,181,2022-04-14_שלומי_חניתה.gpx,182,2022-04-15_שלומי_חניתה.gpx,מוכל-ב,,,,,14.5,42,1
הכלה,181,2022-04-14_שלומי_חניתה.gpx,532,2026-07-03 סינגל חניתה.gpx,מוכל-ב,,,,,15.5,38.3,1
זהה,180,2022-04-13_געתון_יחיעם.gpx,346,2023-12-31_געתון_יחיעם_עין יעקב.gpx,זהה,FALSE,2.7,28.1,20.8,16.4,107.1,1
חשוד,180,2022-04-13_געתון_יחיעם.gpx,254,2022-10-21_געתון_יחיעם.gpx,חשוד - לבדיקה ידנית,TRUE,1.4,66.4,6.7,10.5,84,1
חשוד,180,2022-04-13_געתון_יחיעם.gpx,188,2022-05-04_געתון_יחיעם.gpx,חשוד - לבדיקה ידנית,TRUE,0.8,63,2.2,10,21.2,1
חשוד,180,2022-04-13_געתון_יחיעם.gpx,345,2023-12-30_געתון_יחיעם_עין יעקב.gpx,חשוד - לבדיקה ידנית,FALSE,2.4,63.3,6.7,14.8,112.2,1
חשוד,180,2022-04-13_געתון_יחיעם.gpx,341,2023-11-20_געתון_עין יעקב.gpx,חשוד - לבדיקה ידנית,FALSE,0.3,318.9,4.8,113.4,707.4,0.754
חשוד,180,2022-04-13_געתון_יחיעם.gpx,233,2022-07-31_געתון_יחיעם.gpx,חשוד - לבדיקה ידנית,FALSE,3.1,63.8,4.7,42.8,229.9,0.831
חשוד,180,2022-04-13_געתון_יחיעם.gpx,261,2022-11-07_געתון_יחיעם_עין יעקב.gpx,חשוד - לבדיקה ידנית,TRUE,3.6,61.5,12,192.9,799.8,0.661
חשוד,180,2022-04-13_געתון_יחיעם.gpx,347,2024-01-03_געתון_יחיעם_עין יעקב.gpx,חשוד - לבדיקה ידנית,TRUE,4.9,65,6.5,17,120.2,1
חשוד,180,2022-04-13_געתון_יחיעם.gpx,189,2022-05-06_געתון_יחיעם.gpx,חשוד - לבדיקה ידנית,TRUE,0.9,67.3,5.8,10.9,23.2,1
חשוד,180,2022-04-13_געתון_יחיעם.gpx,194,2022-05-15_געתון_יחיעם.gpx,חשוד - לבדיקה ידנית,FALSE,0.8,68.5,8,12.7,25.5,1
חשוד,180,2022-04-13_געתון_יחיעם.gpx,344,2023-12-19_געתון_עין יעקב_יחיעם_1.gpx,חשוד - לבדיקה ידנית,FALSE,1,20,5,65,472.2,0.817
חשוד,180,2022-04-13_געתון_יחיעם.gpx,236,2022-08-09_געתון_יחיעם.gpx,חשוד - לבדיקה ידנית,TRUE,2.4,66.7,5.9,188.9,771,0.656
חשוד,180,2022-04-13_געתון_יחיעם.gpx,234,2022-08-02_געתון_יחיעם.gpx,חשוד - לבדיקה ידנית,FALSE,2.3,59.6,5.4,139.2,760.3,0.77
הכלה,180,2022-04-13_געתון_יחיעם.gpx,243,2022-08-21_געתון_יחיעם.gpx,מוכל-ב,,,,,20,128.7,0.967
הכלה,180,2022-04-13_געתון_יחיעם.gpx,160,2022-02-19_געתון_יחיעם.gpx,מוכל-ב,,,,,10.3,25.5,1
הכלה,180,2022-04-13_געתון_יחיעם.gpx,161,2022-02-22_געתון_יחיעם.gpx,מוכל-ב,,,,,10.8,24,1
הכלה,180,2022-04-13_געתון_יחיעם.gpx,210,2022-06-12_געתון_יחיעם.gpx,מוכל-ב,,,,,14.2,24.8,1
הכלה,180,2022-04-13_געתון_יחיעם.gpx,48,2013-08-24_מזרעה_שבי ציון_געתון.gpx,מוכל-ב,,,,,38.6,283.1,0.902
הכלה,180,2022-04-13_געתון_יחיעם.gpx,256,2022-10-24_געתון_יחיעם.gpx,מוכל-ב,,,,,9.4,22.4,1
הכלה,180,2022-04-13_געתון_יחיעם.gpx,185,2022-04-21_געתון_יחיעם.gpx,מוכל-ב,,,,,14.3,131.3,0.984
הכלה,180,2022-04-13_געתון_יחיעם.gpx,257,2022-10-26_געתון_יחיעם.gpx,מוכל-ב,,,,,9.8,21.1,1
זהה,179,2022-04-12_געתון_יחיעם.gpx,254,2022-10-21_געתון_יחיעם.gpx,זהה,FALSE,0.6,4,4.4,12.2,32.2,1
זהה,179,2022-04-12_געתון_יחיעם.gpx,188,2022-05-04_געתון_יחיעם.gpx,זהה,TRUE,0,1.5,7.8,10.2,21.7,1
זהה,179,2022-04-12_געתון_יחיעם.gpx,345,2023-12-30_געתון_יחיעם_עין יעקב.gpx,זהה,FALSE,1.6,7.7,6.5,17.4,96.8,1
זהה,179,2022-04-12_געתון_יחיעם.gpx,346,2023-12-31_געתון_יחיעם_עין יעקב.gpx,זהה,FALSE,1.9,46.3,15,17.9,130.3,0.984
זהה,179,2022-04-12_געתון_יחיעם.gpx,189,2022-05-06_געתון_יחיעם.gpx,זהה,TRUE,0.1,3.5,2.2,10.7,20.5,1
זהה,179,2022-04-12_געתון_יחיעם.gpx,194,2022-05-15_געתון_יחיעם.gpx,זהה,FALSE,0,7.3,5.8,9.2,18.7,1
חשוד,179,2022-04-12_געתון_יחיעם.gpx,236,2022-08-09_געתון_יחיעם.gpx,חשוד - לבדיקה ידנית,FALSE,1.6,5.4,5.9,185.1,760.1,0.661
חשוד,179,2022-04-12_געתון_יחיעם.gpx,234,2022-08-02_געתון_יחיעם.gpx,חשוד - לבדיקה ידנית,FALSE,1.5,4.3,6.3,134.3,755.8,0.774
חשוד,179,2022-04-12_געתון_יחיעם.gpx,180,2022-04-13_געתון_יחיעם.gpx,חשוד - לבדיקה ידנית,FALSE,0.8,63.8,6.5,15.5,24.2,1
חשוד,179,2022-04-12_געתון_יחיעם.gpx,341,2023-11-20_געתון_עין יעקב.gpx,חשוד - לבדיקה ידנית,FALSE,0.5,355,2.9,90.4,504.4,0.738
חשוד,179,2022-04-12_געתון_יחיעם.gpx,191,2022-05-11_געתון_יחיעם.gpx,חשוד - לבדיקה ידנית,FALSE,4.2,2.9,6.5,132.5,762.7,0.774
חשוד,179,2022-04-12_געתון_יחיעם.gpx,233,2022-07-31_געתון_יחיעם.gpx,חשוד - לבדיקה ידנית,TRUE,3.9,2.1,5.4,40.1,226.9,0.831
חשוד,179,2022-04-12_געתון_יחיעם.gpx,261,2022-11-07_געתון_יחיעם_עין יעקב.gpx,חשוד - לבדיקה ידנית,TRUE,4.4,5,5.5,191.4,797.9,0.661
חשוד,179,2022-04-12_געתון_יחיעם.gpx,347,2024-01-03_געתון_יחיעם_עין יעקב.gpx,חשוד - לבדיקה ידנית,FALSE,4.1,9.4,5.1,14.6,99.8,1
חשוד,179,2022-04-12_געתון_יחיעם.gpx,344,2023-12-19_געתון_עין יעקב_יחיעם_1.gpx,חשוד - לבדיקה ידנית,FALSE,1.8,44.2,5.5,68.4,478.4,0.817
הכלה,179,2022-04-12_געתון_יחיעם.gpx,257,2022-10-26_געתון_יחיעם.gpx,מוכל-ב,,,,,6.8,19.2,1
הכלה,179,2022-04-12_געתון_יחיעם.gpx,185,2022-04-21_געתון_יחיעם.gpx,מוכל-ב,,,,,11.3,91.8,1
הכלה,179,2022-04-12_געתון_יחיעם.gpx,243,2022-08-21_געתון_יחיעם.gpx,מוכל-ב,,,,,15.5,117.1,1
הכלה,179,2022-04-12_געתון_יחיעם.gpx,210,2022-06-12_געתון_יחיעם.gpx,מוכל-ב,,,,,5.1,14,1
הכלה,179,2022-04-12_געתון_יחיעם.gpx,160,2022-02-19_געתון_יחיעם.gpx,מוכל-ב,,,,,9.6,21.3,1
הכלה,179,2022-04-12_געתון_יחיעם.gpx,161,2022-02-22_געתון_יחיעם.gpx,מוכל-ב,,,,,8.2,23.8,1
הכלה,179,2022-04-12_געתון_יחיעם.gpx,256,2022-10-24_געתון_יחיעם.gpx,מוכל-ב,,,,,8.6,23.9,1
הכלה,179,2022-04-12_געתון_יחיעם.gpx,48,2013-08-24_מזרעה_שבי ציון_געתון.gpx,מוכל-ב,,,,,32.8,244.1,0.919
זהה,177,2022-04-07_געתון_יחיעם.gpx,346,2023-12-31_געתון_יחיעם_עין יעקב.gpx,זהה,TRUE,2.3,31.6,46.9,17.2,118.9,1
זהה,177,2022-04-07_געתון_יחיעם.gpx,189,2022-05-06_געתון_יחיעם.gpx,זהה,TRUE,0.5,20.9,3.6,8.8,20.9,1
זהה,177,2022-04-07_געתון_יחיעם.gpx,179,2022-04-12_געתון_יחיעם.gpx,זהה,FALSE,0.4,22.2,4.8,12.3,22.2,1
זהה,177,2022-04-07_געתון_יחיעם.gpx,194,2022-05-15_געתון_יחיעם.gpx,זהה,FALSE,0.4,15,5.6,10,21.8,1
זהה,177,2022-04-07_געתון_יחיעם.gpx,254,2022-10-21_געתון_יחיעם.gpx,זהה,FALSE,1,18.3,0.6,8.3,51.4,1
זהה,177,2022-04-07_געתון_יחיעם.gpx,188,2022-05-04_געתון_יחיעם.gpx,זהה,FALSE,0.4,22.9,3.6,5.2,22.9,1
זהה,177,2022-04-07_געתון_יחיעם.gpx,345,2023-12-30_געתון_יחיעם_עין יעקב.gpx,זהה,FALSE,2,16.5,4.5,17.5,107.5,1
חשוד,177,2022-04-07_געתון_יחיעם.gpx,233,2022-07-31_געתון_יחיעם.gpx,חשוד - לבדיקה ידנית,TRUE,3.5,20.3,2.3,39.3,235.1,0.831
חשוד,177,2022-04-07_געתון_יחיעם.gpx,347,2024-01-03_געתון_יחיעם_עין יעקב.gpx,חשוד - לבדיקה ידנית,FALSE,4.5,30.5,7.8,15.1,109.1,1
חשוד,177,2022-04-07_געתון_יחיעם.gpx,344,2023-12-19_געתון_עין יעקב_יחיעם_1.gpx,חשוד - לבדיקה ידנית,TRUE,1.4,22.6,46,68.4,476,0.817
חשוד,177,2022-04-07_געתון_יחיעם.gpx,236,2022-08-09_געתון_יחיעם.gpx,חשוד - לבדיקה ידנית,FALSE,2,21.5,1.8,187.5,785.7,0.656
חשוד,177,2022-04-07_געתון_יחיעם.gpx,234,2022-08-02_געתון_יחיעם.gpx,חשוד - לבדיקה ידנית,TRUE,1.9,21.7,7.4,137.4,766.6,0.77
חשוד,177,2022-04-07_געתון_יחיעם.gpx,180,2022-04-13_געתון_יחיעם.gpx,חשוד - לבדיקה ידנית,TRUE,0.4,25,65.8,9.4,20.8,1
חשוד,177,2022-04-07_געתון_יחיעם.gpx,341,2023-11-20_געתון_עין יעקב.gpx,חשוד - לבדיקה ידנית,FALSE,0.1,347,2.5,91.6,505.6,0.738
חשוד,177,2022-04-07_געתון_יחיעם.gpx,191,2022-05-11_געתון_יחיעם.gpx,חשוד - לבדיקה ידנית,TRUE,4.6,22.3,3.8,139,773.7,0.77
חשוד,177,2022-04-07_געתון_יחיעם.gpx,261,2022-11-07_געתון_יחיעם_עין יעקב.gpx,חשוד - לבדיקה ידנית,TRUE,4,27.1,10.3,192.8,804.9,0.661
הכלה,177,2022-04-07_געתון_יחיעם.gpx,210,2022-06-12_געתון_יחיעם.gpx,מוכל-ב,,,,,10.1,23.4,1
הכלה,177,2022-04-07_געתון_יחיעם.gpx,256,2022-10-24_געתון_יחיעם.gpx,מוכל-ב,,,,,8.7,25.4,1
הכלה,177,2022-04-07_געתון_יחיעם.gpx,160,2022-02-19_געתון_יחיעם.gpx,מוכל-ב,,,,,8.5,24.6,1
הכלה,177,2022-04-07_געתון_יחיעם.gpx,161,2022-02-22_געתון_יחיעם.gpx,מוכל-ב,,,,,9.5,22.3,1
הכלה,177,2022-04-07_געתון_יחיעם.gpx,48,2013-08-24_מזרעה_שבי ציון_געתון.gpx,מוכל-ב,,,,,34.5,269.4,0.934
הכלה,177,2022-04-07_געתון_יחיעם.gpx,185,2022-04-21_געתון_יחיעם.gpx,מוכל-ב,,,,,13.3,116.2,1
הכלה,177,2022-04-07_געתון_יחיעם.gpx,257,2022-10-26_געתון_יחיעם.gpx,מוכל-ב,,,,,7.4,25.3,1
הכלה,177,2022-04-07_געתון_יחיעם.gpx,243,2022-08-21_געתון_יחיעם.gpx,מוכל-ב,,,,,16.2,107.7,1
הכלה,176,2022-04-06_בני ברק_תל אביב -יפו.gpx,575,tlv.gpx,מוכל-ב,,,,,53.1,160,0.988
זהה,175,2022-04-03_געתון_יחיעם.gpx,346,2023-12-31_געתון_יחיעם_עין יעקב.gpx,זהה,TRUE,1.8,17.5,43.7,16,122.7,0.984
זהה,175,2022-04-03_געתון_יחיעם.gpx,189,2022-05-06_געתון_יחיעם.gpx,זהה,FALSE,0,3,5.9,8,15.5,1
זהה,175,2022-04-03_געתון_יחיעם.gpx,179,2022-04-12_געתון_יחיעם.gpx,זהה,TRUE,0.1,4.7,3.6,13.3,24.3,1
זהה,175,2022-04-03_געתון_יחיעם.gpx,194,2022-05-15_געתון_יחיעם.gpx,זהה,FALSE,0.1,9,9.1,10,23.2,1
זהה,175,2022-04-03_געתון_יחיעם.gpx,177,2022-04-07_געתון_יחיעם.gpx,זהה,FALSE,0.5,23.9,3.5,6.7,23.9,1
זהה,175,2022-04-03_געתון_יחיעם.gpx,254,2022-10-21_געתון_יחיעם.gpx,זהה,FALSE,0.5,6.1,4.1,7.1,39,1
זהה,175,2022-04-03_געתון_יחיעם.gpx,188,2022-05-04_געתון_יחיעם.gpx,זהה,FALSE,0.1,3.6,2.2,7.2,15.9,1
זהה,175,2022-04-03_געתון_יחיעם.gpx,345,2023-12-30_געתון_יחיעם_עין יעקב.gpx,זהה,TRUE,1.5,3.4,10.9,14,88.2,1
חשוד,175,2022-04-03_געתון_יחיעם.gpx,233,2022-07-31_געתון_יחיעם.gpx,חשוד - לבדיקה ידנית,TRUE,3.9,4.4,1.8,39.1,233.1,0.831
חשוד,175,2022-04-03_געתון_יחיעם.gpx,261,2022-11-07_געתון_יחיעם_עין יעקב.gpx,חשוד - לבדיקה ידנית,FALSE,4.5,10,1.4,192.2,802.6,0.661
חשוד,175,2022-04-03_געתון_יחיעם.gpx,347,2024-01-03_געתון_יחיעם_עין יעקב.gpx,חשוד - לבדיקה ידנית,FALSE,4,6.6,8,13.5,95.2,1
חשוד,175,2022-04-03_געתון_יחיעם.gpx,344,2023-12-19_געתון_עין יעקב_יחיעם_1.gpx,חשוד - לבדיקה ידנית,TRUE,1.9,1.7,42.5,66.5,467.5,0.817
חשוד,175,2022-04-03_געתון_יחיעם.gpx,236,2022-08-09_געתון_יחיעם.gpx,חשוד - לבדיקה ידנית,FALSE,1.5,2.9,4.6,184.1,750.6,0.661
חשוד,175,2022-04-03_געתון_יחיעם.gpx,234,2022-08-02_געתון_יחיעם.gpx,חשוד - לבדיקה ידנית,TRUE,1.4,2.5,4.8,134.9,745.4,0.774
חשוד,175,2022-04-03_געתון_יחיעם.gpx,180,2022-04-13_געתון_יחיעם.gpx,חשוד - לבדיקה ידנית,TRUE,0.9,3.5,62.3,6.7,21,1
חשוד,175,2022-04-03_געתון_יחיעם.gpx,341,2023-11-20_געתון_עין יעקב.gpx,חשוד - לבדיקה ידנית,TRUE,0.6,1.9,356.6,89.4,496.7,0.738
חשוד,175,2022-04-03_געתון_יחיעם.gpx,191,2022-05-11_געתון_יחיעם.gpx,חשוד - לבדיקה ידנית,TRUE,4.2,1.9,0.9,136.5,752.1,0.774
הכלה,175,2022-04-03_געתון_יחיעם.gpx,160,2022-02-19_געתון_יחיעם.gpx,מוכל-ב,,,,,8.1,24.4,1
הכלה,175,2022-04-03_געתון_יחיעם.gpx,161,2022-02-22_געתון_יחיעם.gpx,מוכל-ב,,,,,7.2,16.7,1
הכלה,175,2022-04-03_געתון_יחיעם.gpx,210,2022-06-12_געתון_יחיעם.gpx,מוכל-ב,,,,,11.2,21.1,1
הכלה,175,2022-04-03_געתון_יחיעם.gpx,256,2022-10-24_געתון_יחיעם.gpx,מוכל-ב,,,,,7.3,15.6,1
הכלה,175,2022-04-03_געתון_יחיעם.gpx,48,2013-08-24_מזרעה_שבי ציון_געתון.gpx,מוכל-ב,,,,,33,217,0.919
הכלה,175,2022-04-03_געתון_יחיעם.gpx,185,2022-04-21_געתון_יחיעם.gpx,מוכל-ב,,,,,12.1,66.1,1
הכלה,175,2022-04-03_געתון_יחיעם.gpx,257,2022-10-26_געתון_יחיעם.gpx,מוכל-ב,,,,,7.1,20.5,1
הכלה,175,2022-04-03_געתון_יחיעם.gpx,243,2022-08-21_געתון_יחיעם.gpx,מוכל-ב,,,,,15.2,116,1
זהה,174,2022-04-02_געתון_מעיליא_נווה זיו.gpx,266,2022-11-19_מעיליא_געתון_מעונה.gpx,זהה,FALSE,2.9,11,22.5,12,59,1
זהה,174,2022-04-02_געתון_מעיליא_נווה זיו.gpx,253,2022-10-17_געתון_מעיליא_מעונה.gpx,זהה,FALSE,0,8.1,5.1,10.5,57.3,1
חשוד,174,2022-04-02_געתון_מעיליא_נווה זיו.gpx,259,2022-10-29_געתון_מעיליא_מעונה.gpx,חשוד - לבדיקה ידנית,FALSE,3.6,16.8,35,12.1,59.5,1
חשוד,174,2022-04-02_געתון_מעיליא_נווה זיו.gpx,367,2024-04-06_געתון_מעיליא_מעונה.gpx,חשוד - לבדיקה ידנית,FALSE,3.1,406.1,5.1,15.7,47.9,1
הכלה,174,2022-04-02_געתון_מעיליא_נווה זיו.gpx,43,2013-08-14_געתון_מעונה_עין יעקב.gpx,מוכל-ב,,,,,13.1,39.9,1
הכלה,174,2022-04-02_געתון_מעיליא_נווה זיו.gpx,24,2013-07-08_עין יעקב_מעונה_געתון.gpx,מוכל-ב,,,,,13.5,47.6,1
הכלה,174,2022-04-02_געתון_מעיליא_נווה זיו.gpx,25,2013-07-10_עין יעקב_מעונה_געתון.gpx,מוכל-ב,,,,,15.8,41.1,1
הכלה,174,2022-04-02_געתון_מעיליא_נווה זיו.gpx,72,2013-10-02_געתון_עין יעקב_מעיליא.gpx,מוכל-ב,,,,,29.5,405.8,0.957
הכלה,174,2022-04-02_געתון_מעיליא_נווה זיו.gpx,35,2013-07-30_מעונה_עין יעקב_געתון.gpx,מוכל-ב,,,,,14.7,42.2,1
הכלה,174,2022-04-02_געתון_מעיליא_נווה זיו.gpx,67,2013-09-25_געתון_עין יעקב_מעיליא.gpx,מוכל-ב,,,,,29.9,400.9,0.957
הכלה,174,2022-04-02_געתון_מעיליא_נווה זיו.gpx,74,2013-10-06_מעונה_עין יעקב_געתון.gpx,מוכל-ב,,,,,14.8,46.6,1
הכלה,174,2022-04-02_געתון_מעיליא_נווה זיו.gpx,56,2013-09-07_געתון_מעונה_גשר הזיו.gpx,מוכל-ב,,,,,14.7,43,1
זהה,173,2022-04-01_געתון_יחיעם.gpx,346,2023-12-31_געתון_יחיעם_עין יעקב.gpx,זהה,FALSE,1.8,46.3,19.6,14.5,118.5,1
זהה,173,2022-04-01_געתון_יחיעם.gpx,189,2022-05-06_געתון_יחיעם.gpx,זהה,TRUE,0,3.5,5.2,12.7,24,1
זהה,173,2022-04-01_געתון_יחיעם.gpx,179,2022-04-12_געתון_יחיעם.gpx,זהה,FALSE,0.1,0,6.6,8,24,1
זהה,173,2022-04-01_געתון_יחיעם.gpx,194,2022-05-15_געתון_יחיעם.gpx,זהה,FALSE,0.1,7.3,6.2,10.1,25.6,1
זהה,173,2022-04-01_געתון_יחיעם.gpx,177,2022-04-07_געתון_יחיעם.gpx,זהה,FALSE,0.5,22.2,1.9,12,22.7,1
זהה,173,2022-04-01_געתון_יחיעם.gpx,254,2022-10-21_געתון_יחיעם.gpx,זהה,FALSE,0.5,4,2.2,10.5,44.4,1
זהה,173,2022-04-01_געתון_יחיעם.gpx,175,2022-04-03_געתון_יחיעם.gpx,זהה,TRUE,0.1,3.6,2.2,12,20.9,1
זהה,173,2022-04-01_געתון_יחיעם.gpx,188,2022-05-04_געתון_יחיעם.gpx,זהה,TRUE,0.2,1.5,1.5,12,20.7,1
זהה,173,2022-04-01_געתון_יחיעם.gpx,345,2023-12-30_געתון_יחיעם_עין יעקב.gpx,זהה,FALSE,1.5,7.7,4.5,12.8,84,1
חשוד,173,2022-04-01_געתון_יחיעם.gpx,233,2022-07-31_געתון_יחיעם.gpx,חשוד - לבדיקה ידנית,TRUE,4,2.1,3.3,41.6,234.8,0.831
חשוד,173,2022-04-01_געתון_יחיעם.gpx,261,2022-11-07_געתון_יחיעם_עין יעקב.gpx,חשוד - לבדיקה ידנית,TRUE,4.5,5,12.1,193.5,803.8,0.661
חשוד,173,2022-04-01_געתון_יחיעם.gpx,347,2024-01-03_געתון_יחיעם_עין יעקב.gpx,חשוד - לבדיקה ידנית,FALSE,4,9.4,9.6,15.3,89.9,1
חשוד,173,2022-04-01_געתון_יחיעם.gpx,344,2023-12-19_געתון_עין יעקב_יחיעם_1.gpx,חשוד - לבדיקה ידנית,FALSE,2,44.2,3,64.4,466,0.817
חשוד,173,2022-04-01_געתון_יחיעם.gpx,236,2022-08-09_געתון_יחיעם.gpx,חשוד - לבדיקה ידנית,TRUE,1.5,3.4,3.7,188.5,767.4,0.661
חשוד,173,2022-04-01_געתון_יחיעם.gpx,234,2022-08-02_געתון_יחיעם.gpx,חשוד - לבדיקה ידנית,FALSE,1.3,4.3,3.2,135.9,752,0.774
חשוד,173,2022-04-01_געתון_יחיעם.gpx,180,2022-04-13_געתון_יחיעם.gpx,חשוד - לבדיקה ידנית,FALSE,0.9,63.8,2.4,10.7,24.2,1
חשוד,173,2022-04-01_געתון_יחיעם.gpx,341,2023-11-20_געתון_עין יעקב.gpx,חשוד - לבדיקה ידנית,FALSE,0.6,355,4.1,87.9,495.7,0.738
חשוד,173,2022-04-01_געתון_יחיעם.gpx,191,2022-05-11_געתון_יחיעם.gpx,חשוד - לבדיקה ידנית,FALSE,4.1,2.9,1.1,136.4,758.9,0.774
הכלה,173,2022-04-01_געתון_יחיעם.gpx,160,2022-02-19_געתון_יחיעם.gpx,מוכל-ב,,,,,5.9,19,1
הכלה,173,2022-04-01_געתון_יחיעם.gpx,210,2022-06-12_געתון_יחיעם.gpx,מוכל-ב,,,,,8,25.7,1
הכלה,173,2022-04-01_געתון_יחיעם.gpx,161,2022-02-22_געתון_יחיעם.gpx,מוכל-ב,,,,,9.1,24.3,1
הכלה,173,2022-04-01_געתון_יחיעם.gpx,48,2013-08-24_מזרעה_שבי ציון_געתון.gpx,מוכל-ב,,,,,34,246.8,0.919
הכלה,173,2022-04-01_געתון_יחיעם.gpx,256,2022-10-24_געתון_יחיעם.gpx,מוכל-ב,,,,,7.6,22.9,1
הכלה,173,2022-04-01_געתון_יחיעם.gpx,257,2022-10-26_געתון_יחיעם.gpx,מוכל-ב,,,,,10.5,25.6,1
הכלה,173,2022-04-01_געתון_יחיעם.gpx,185,2022-04-21_געתון_יחיעם.gpx,מוכל-ב,,,,,9.6,95.3,1
הכלה,173,2022-04-01_געתון_יחיעם.gpx,243,2022-08-21_געתון_יחיעם.gpx,מוכל-ב,,,,,14.5,115.2,1
זהה,172,2022-03-25_געתון_יחיעם.gpx,223,2022-07-07_געתון_יחיעם.gpx,זהה,FALSE,0.5,3,9.3,7.8,17,1
זהה,172,2022-03-25_געתון_יחיעם.gpx,187,2022-04-24_געתון_יחיעם.gpx,זהה,TRUE,0.1,5.7,5.9,10.1,19.7,1
זהה,172,2022-03-25_געתון_יחיעם.gpx,202,2022-05-31_געתון_יחיעם.gpx,זהה,TRUE,0.4,7.8,6.9,12.1,22.2,1
זהה,172,2022-03-25_געתון_יחיעם.gpx,283,2023-01-09_געתון_יחיעם.gpx,זהה,TRUE,0.8,9.6,10.3,8.4,17.3,1
זהה,172,2022-03-25_געתון_יחיעם.gpx,198,2022-05-25_געתון_יחיעם.gpx,זהה,FALSE,0.2,6.5,4.7,8.1,18.2,1
חשוד,172,2022-03-25_געתון_יחיעם.gpx,338,2023-10-14_געתון_עין יעקב_יחיעם_1.gpx,חשוד - לבדיקה ידנית,TRUE,4.9,12,16.2,216.2,517.1,0.318
הכלה,172,2022-03-25_געתון_יחיעם.gpx,197,2022-05-20_געתון_כברי_לימן.gpx,מוכל-ב,,,,,13.3,115.8,0.978
הכלה,172,2022-03-25_געתון_יחיעם.gpx,50,2013-08-28_געתון_יחיעם_עין יעקב.gpx,מוכל-ב,,,,,20.6,115.2,0.978
הכלה,172,2022-03-25_געתון_יחיעם.gpx,253,2022-10-17_געתון_מעיליא_מעונה.gpx,מוכל-ב,,,,,14.1,114.8,0.978
הכלה,172,2022-03-25_געתון_יחיעם.gpx,234,2022-08-02_געתון_יחיעם.gpx,מוכל-ב,,,,,9.2,58.3,1
הכלה,172,2022-03-25_געתון_יחיעם.gpx,92,2021-09-03_געתון_מעיליא_מעונה.gpx,מוכל-ב,,,,,21.4,117.4,0.978
הכלה,172,2022-03-25_געתון_יחיעם.gpx,93,2021-09-04_געתון_מעיליא_מעונה.gpx,מוכל-ב,,,,,19,118.2,0.978
הכלה,172,2022-03-25_געתון_יחיעם.gpx,67,2013-09-25_געתון_עין יעקב_מעיליא.gpx,מוכל-ב,,,,,20.5,116,0.978
הכלה,172,2022-03-25_געתון_יחיעם.gpx,519,2026-06-06 געתון_רגבה_עכו.gpx,מוכל-ב,,,,,19,115.7,0.978
הכלה,172,2022-03-25_געתון_יחיעם.gpx,150,2022-01-21_געתון_יחיעם.gpx,מוכל-ב,,,,,10.6,22.7,1
הכלה,172,2022-03-25_געתון_יחיעם.gpx,102,2021-09-16_געתון_יחיעם.gpx,מוכל-ב,,,,,11.3,24.5,1
הכלה,172,2022-03-25_געתון_יחיעם.gpx,164,2022-02-27_געתון_יחיעם.gpx,מוכל-ב,,,,,10.8,18.1,1
הכלה,172,2022-03-25_געתון_יחיעם.gpx,60,2013-09-13_עין יעקב_מעיליא_מנות.gpx,מוכל-ב,,,,,17.1,114.6,0.978
הכלה,172,2022-03-25_געתון_יחיעם.gpx,105,2021-09-21_מעיליא_געתון_מעונה.gpx,מוכל-ב,,,,,19,115.6,0.978
הכלה,172,2022-03-25_געתון_יחיעם.gpx,180,2022-04-13_געתון_יחיעם.gpx,מוכל-ב,,,,,11.2,19.8,1
הכלה,172,2022-03-25_געתון_יחיעם.gpx,57,2013-09-08_געתון_יחיעם_עין יעקב.gpx,מוכל-ב,,,,,14.9,113.6,0.978
הכלה,172,2022-03-25_געתון_יחיעם.gpx,188,2022-05-04_געתון_יחיעם.gpx,מוכל-ב,,,,,10.6,22.5,1
הכלה,172,2022-03-25_געתון_יחיעם.gpx,74,2013-10-06_מעונה_עין יעקב_געתון.gpx,מוכל-ב,,,,,13.8,118.9,0.978
הכלה,172,2022-03-25_געתון_יחיעם.gpx,61,2013-09-14_עין המפרץ_געתון_מזרעה.gpx,מוכל-ב,,,,,18.1,96.6,1
הכלה,172,2022-03-25_געתון_יחיעם.gpx,439,2025-08-28_געתון_כברי_לימן.gpx,מוכל-ב,,,,,16.8,119.5,0.978
הכלה,172,2022-03-25_געתון_יחיעם.gpx,483,2026-03-05_געתון_כברי.gpx,מוכל-ב,,,,,15.8,86.5,1
הכלה,172,2022-03-25_געתון_יחיעם.gpx,125,2021-11-27_מעיליא_געתון_נווה זיו.gpx,מוכל-ב,,,,,18.1,116.6,0.978
הכלה,172,2022-03-25_געתון_יחיעם.gpx,48,2013-08-24_מזרעה_שבי ציון_געתון.gpx,מוכל-ב,,,,,18.2,118.9,0.978
הכלה,172,2022-03-25_געתון_יחיעם.gpx,345,2023-12-30_געתון_יחיעם_עין יעקב.gpx,מוכל-ב,,,,,19.6,114.1,0.978
הכלה,172,2022-03-25_געתון_יחיעם.gpx,243,2022-08-21_געתון_יחיעם.gpx,מוכל-ב,,,,,16.1,122.6,0.978
הכלה,172,2022-03-25_געתון_יחיעם.gpx,238,2022-08-13_מנות_הילה_מעיליא.gpx,מוכל-ב,,,,,15,118.2,0.978
הכלה,172,2022-03-25_געתון_יחיעם.gpx,341,2023-11-20_געתון_עין יעקב.gpx,מוכל-ב,,,,,17.4,118.1,0.978
הכלה,172,2022-03-25_געתון_יחיעם.gpx,192,2022-05-12_געתון_יחיעם.gpx,מוכל-ב,,,,,10.2,21.9,1
הכלה,172,2022-03-25_געתון_יחיעם.gpx,52,2013-08-30_מעונה_עין יעקב_געתון.gpx,מוכל-ב,,,,,15.8,109.5,0.978
הכלה,172,2022-03-25_געתון_יחיעם.gpx,191,2022-05-11_געתון_יחיעם.gpx,מוכל-ב,,,,,5.6,16.7,1
הכלה,172,2022-03-25_געתון_יחיעם.gpx,448,2025-09-23_געתון_כברי_לימן.gpx,מוכל-ב,,,,,17.8,119.4,0.978
הכלה,172,2022-03-25_געתון_יחיעם.gpx,131,2021-12-09_געתון_יחיעם.gpx,מוכל-ב,,,,,10,24.4,1
הכלה,172,2022-03-25_געתון_יחיעם.gpx,284,2023-01-10_געתון_כברי_לימן.gpx,מוכל-ב,,,,,16.7,113.3,0.978
הכלה,172,2022-03-25_געתון_יחיעם.gpx,356,2024-02-25_געתון_עין יעקב.gpx,מוכל-ב,,,,,16.4,110.8,0.978
הכלה,172,2022-03-25_געתון_יחיעם.gpx,56,2013-09-07_געתון_מעונה_גשר הזיו.gpx,מוכל-ב,,,,,17.8,111.8,0.978
הכלה,172,2022-03-25_געתון_יחיעם.gpx,263,2022-11-11_געתון_יחיעם.gpx,מוכל-ב,,,,,8.9,86.8,1
הכלה,172,2022-03-25_געתון_יחיעם.gpx,227,2022-07-15_געתון_כברי_לימן.gpx,מוכל-ב,,,,,17.5,114.6,0.978
הכלה,172,2022-03-25_געתון_יחיעם.gpx,281,2022-12-28_געתון_גשר הזיו_כברי.gpx,מוכל-ב,,,,,12.3,118.6,0.978
הכלה,172,2022-03-25_געתון_יחיעם.gpx,242,2022-08-20_געתון_מנות_מעיליא.gpx,מוכל-ב,,,,,15,116.8,0.978
הכלה,172,2022-03-25_געתון_יחיעם.gpx,233,2022-07-31_געתון_יחיעם.gpx,מוכל-ב,,,,,11.2,24.6,1
הכלה,172,2022-03-25_געתון_יחיעם.gpx,183,2022-04-16_מנות_הילה_מעיליא.gpx,מוכל-ב,,,,,14.7,124.9,0.978
הכלה,172,2022-03-25_געתון_יחיעם.gpx,29,2013-07-19_עין יעקב_מעונה_מנות.gpx,מוכל-ב,,,,,20.2,115.2,0.978
הכלה,172,2022-03-25_געתון_יחיעם.gpx,43,2013-08-14_געתון_מעונה_עין יעקב.gpx,מוכל-ב,,,,,17,114,0.978
הכלה,172,2022-03-25_געתון_יחיעם.gpx,241,2022-08-19_געתון_כברי_לימן.gpx,מוכל-ב,,,,,15.5,115.7,0.978
הכלה,172,2022-03-25_געתון_יחיעם.gpx,156,2022-02-11_געתון_כברי_לימן.gpx,מוכל-ב,,,,,15.4,120.9,0.978
הכלה,172,2022-03-25_געתון_יחיעם.gpx,24,2013-07-08_עין יעקב_מעונה_געתון.gpx,מוכל-ב,,,,,16.7,112.5,0.978
הכלה,172,2022-03-25_געתון_יחיעם.gpx,496,2026-04-16_עין יעקב_מעונה_געתון.gpx,מוכל-ב,,,,,13.7,116.7,0.978
הכלה,172,2022-03-25_געתון_יחיעם.gpx,128,2021-12-04_געתון_מעיליא_מעונה.gpx,מוכל-ב,,,,,13.9,113.5,0.978
הכלה,172,2022-03-25_געתון_יחיעם.gpx,70,2013-09-28_עין יעקב_מזרעה_שבי ציון.gpx,מוכל-ב,,,,,25.4,127.5,0.957
הכלה,172,2022-03-25_געתון_יחיעם.gpx,34,2013-07-27_געתון_כברי_מנות.gpx,מוכל-ב,,,,,23.5,95.3,1
הכלה,172,2022-03-25_געתון_יחיעם.gpx,442,2025-09-08_געתון_יחיעם_כברי.gpx,מוכל-ב,,,,,15.9,113.5,0.978
הכלה,172,2022-03-25_געתון_יחיעם.gpx,159,2022-02-18_געתון_כברי_גשר הזיו.gpx,מוכל-ב,,,,,14.8,117.4,0.978
הכלה,172,2022-03-25_געתון_יחיעם.gpx,152,2022-01-30_געתון_יחיעם.gpx,מוכל-ב,,,,,9.9,22.7,1
הכלה,172,2022-03-25_געתון_יחיעם.gpx,348,2024-01-03_געתון_יחיעם_עין יעקב_1.gpx,מוכל-ב,,,,,16.6,78.8,1
הכלה,172,2022-03-25_געתון_יחיעם.gpx,224,2022-07-08_מנות_געתון_הילה.gpx,מוכל-ב,,,,,15.1,118.4,0.978
הכלה,172,2022-03-25_געתון_יחיעם.gpx,26,2013-07-12_געתון_שלומי_כפר ראש הנקרה.gpx,מוכל-ב,,,,,18.8,123.7,0.978
הכלה,172,2022-03-25_געתון_יחיעם.gpx,346,2023-12-31_געתון_יחיעם_עין יעקב.gpx,מוכל-ב,,,,,19.8,101,0.978
הכלה,172,2022-03-25_געתון_יחיעם.gpx,210,2022-06-12_געתון_יחיעם.gpx,מוכל-ב,,,,,8.2,23.9,1
הכלה,172,2022-03-25_געתון_יחיעם.gpx,484,2026-03-06_עין יעקב_געתון_כברי.gpx,מוכל-ב,,,,,22.9,116.8,0.978
הכלה,172,2022-03-25_געתון_יחיעם.gpx,71,2013-10-01_געתון_עין יעקב.gpx,מוכל-ב,,,,,13.9,111.4,0.978
הכלה,172,2022-03-25_געתון_יחיעם.gpx,208,2022-06-09_געתון_יחיעם_עין יעקב.gpx,מוכל-ב,,,,,5.5,17.3,1
הכלה,172,2022-03-25_געתון_יחיעם.gpx,443,2025-09-10_געתון_יחיעם_כברי.gpx,מוכל-ב,,,,,11.9,117.1,0.978
הכלה,172,2022-03-25_געתון_יחיעם.gpx,347,2024-01-03_געתון_יחיעם_עין יעקב.gpx,מוכל-ב,,,,,15.6,114.5,0.978
הכלה,172,2022-03-25_געתון_יחיעם.gpx,162,2022-02-23_געתון_יחיעם.gpx,מוכל-ב,,,,,8.2,23.3,1
הכלה,172,2022-03-25_געתון_יחיעם.gpx,215,2022-06-21_געתון_יחיעם_עין יעקב.gpx,מוכל-ב,,,,,11,22.8,1
הכלה,172,2022-03-25_געתון_יחיעם.gpx,232,2022-07-23_געתון_נווה זיו.gpx,מוכל-ב,,,,,14.6,111.1,0.978
הכלה,172,2022-03-25_געתון_יחיעם.gpx,239,2022-08-14_געתון_כברי_לימן.gpx,מוכל-ב,,,,,14.7,117.5,0.978
הכלה,172,2022-03-25_געתון_יחיעם.gpx,165,2022-02-28_געתון_כברי_לימן.gpx,מוכל-ב,,,,,12.9,117.5,0.978
הכלה,172,2022-03-25_געתון_יחיעם.gpx,363,2024-03-29_געתון_עין יעקב.gpx,מוכל-ב,,,,,15.3,112.8,0.978
הכלה,172,2022-03-25_געתון_יחיעם.gpx,138,2021-12-25_געתון_מעיליא_מעונה.gpx,מוכל-ב,,,,,13.9,120.2,0.978
הכלה,172,2022-03-25_געתון_יחיעם.gpx,482,2026-02-28_געתון_כברי.gpx,מוכל-ב,,,,,15.4,109.2,0.978
הכלה,172,2022-03-25_געתון_יחיעם.gpx,230,2022-07-19_כברי_געתון_לימן.gpx,מוכל-ב,,,,,13.7,106.6,0.978
הכלה,172,2022-03-25_געתון_יחיעם.gpx,360,2024-03-09_געתון_עין יעקב.gpx,מוכל-ב,,,,,16.6,114.9,0.978
הכלה,172,2022-03-25_געתון_יחיעם.gpx,32,2013-07-25_געתון_שלומי_כברי.gpx,מוכל-ב,,,,,21.7,123.8,0.978
הכלה,172,2022-03-25_געתון_יחיעם.gpx,266,2022-11-19_מעיליא_געתון_מעונה.gpx,מוכל-ב,,,,,18.3,133,0.978
הכלה,172,2022-03-25_געתון_יחיעם.gpx,256,2022-10-24_געתון_יחיעם.gpx,מוכל-ב,,,,,7.4,14.4,1
הכלה,172,2022-03-25_געתון_יחיעם.gpx,196,2022-05-19_געתון_מעונה_עין יעקב.gpx,מוכל-ב,,,,,17.5,117,0.978
הכלה,172,2022-03-25_געתון_יחיעם.gpx,626,יער הדובים השיירה סינגל בני.gpx,מוכל-ב,,,,,12.1,85.2,1
הכלה,172,2022-03-25_געתון_יחיעם.gpx,452,2025-10-01_שבי ציון_כברי_נהרייה.gpx,מוכל-ב,,,,,18.6,120,0.978
הכלה,172,2022-03-25_געתון_יחיעם.gpx,189,2022-05-06_געתון_יחיעם.gpx,מוכל-ב,,,,,9,21.1,1
הכלה,172,2022-03-25_געתון_יחיעם.gpx,475,2026-02-07_מעיליא_מנות_הילה.gpx,מוכל-ב,,,,,14.7,115.5,0.978
הכלה,172,2022-03-25_געתון_יחיעם.gpx,179,2022-04-12_געתון_יחיעם.gpx,מוכל-ב,,,,,6.5,22.3,1
הכלה,172,2022-03-25_געתון_יחיעם.gpx,212,2022-06-16_געתון_יחיעם_עין יעקב.gpx,מוכל-ב,,,,,13.7,24.1,1
הכלה,172,2022-03-25_געתון_יחיעם.gpx,25,2013-07-10_עין יעקב_מעונה_געתון.gpx,מוכל-ב,,,,,20.8,118.1,0.978
הכלה,172,2022-03-25_געתון_יחיעם.gpx,108,2021-09-26_געתון_יחיעם.gpx,מוכל-ב,,,,,10.6,21.9,1
הכלה,172,2022-03-25_געתון_יחיעם.gpx,200,2022-05-27_געתון_כברי_לימן.gpx,מוכל-ב,,,,,7.8,23.1,1
הכלה,172,2022-03-25_געתון_יחיעם.gpx,194,2022-05-15_געתון_יחיעם.gpx,מוכל-ב,,,,,9.9,25.1,1
הכלה,172,2022-03-25_געתון_יחיעם.gpx,143,2022-01-07_געתון_מעיליא_מעונה.gpx,מוכל-ב,,,,,15.9,120.1,0.978
הכלה,172,2022-03-25_געתון_יחיעם.gpx,206,2022-06-04_געתון_כברי_נהרייה.gpx,מוכל-ב,,,,,15.6,118.9,0.978
הכלה,172,2022-03-25_געתון_יחיעם.gpx,262,2022-11-09_געתון_יחיעם.gpx,מוכל-ב,,,,,7.8,21.4,1
הכלה,172,2022-03-25_געתון_יחיעם.gpx,453,2025-10-02_געתון_כברי_גשר הזיו.gpx,מוכל-ב,,,,,11.9,118.2,0.978
הכלה,172,2022-03-25_געתון_יחיעם.gpx,355,2024-02-23_געתון_עין יעקב.gpx,מוכל-ב,,,,,15.5,112.3,0.978
הכלה,172,2022-03-25_געתון_יחיעם.gpx,455,2025-10-11_געתון_יחיעם_כברי.gpx,מוכל-ב,,,,,17,116.8,0.978
הכלה,172,2022-03-25_געתון_יחיעם.gpx,145,2022-01-14_געתון_יחיעם.gpx,מוכל-ב,,,,,8.9,23.7,1
הכלה,172,2022-03-25_געתון_יחיעם.gpx,286,2023-01-18_געתון_כברי_גשר הזיו.gpx,מוכל-ב,,,,,7.9,21.3,1
הכלה,172,2022-03-25_געתון_יחיעם.gpx,27,2013-07-13_געתון_מעיליא_נווה זיו.gpx,מוכל-ב,,,,,17.7,114.7,0.978
הכלה,172,2022-03-25_געתון_יחיעם.gpx,211,2022-06-15_געתון_כברי_לימן.gpx,מוכל-ב,,,,,15.5,119.3,0.978
הכלה,172,2022-03-25_געתון_יחיעם.gpx,36,2013-08-01_מעונה_עין יעקב_געתון.gpx,מוכל-ב,,,,,16.8,114.9,0.978
הכלה,172,2022-03-25_געתון_יחיעם.gpx,502,2026-05-07_געתון_כברי_לימן.gpx,מוכל-ב,,,,,14,116.7,0.978
הכלה,172,2022-03-25_געתון_יחיעם.gpx,151,2022-01-29_געתון_יחיעם.gpx,מוכל-ב,,,,,8,18.6,1
הכלה,172,2022-03-25_געתון_יחיעם.gpx,490,2026-03-25_געתון_גשר הזיו_כברי.gpx,מוכל-ב,,,,,15.8,114,0.978
הכלה,172,2022-03-25_געתון_יחיעם.gpx,140,2021-12-31_געתון_מעיליא_מעונה.gpx,מוכל-ב,,,,,14.5,119.8,0.978
הכלה,172,2022-03-25_געתון_יחיעם.gpx,259,2022-10-29_געתון_מעיליא_מעונה.gpx,מוכל-ב,,,,,15.4,126.7,0.978
הכלה,172,2022-03-25_געתון_יחיעם.gpx,174,2022-04-02_געתון_מעיליא_נווה זיו.gpx,מוכל-ב,,,,,15.7,122.1,0.978
הכלה,172,2022-03-25_געתון_יחיעם.gpx,447,2025-09-22_שבי ציון_כברי_נהרייה.gpx,מוכל-ב,,,,,16,123.7,0.978
הכלה,172,2022-03-25_געתון_יחיעם.gpx,117,2021-11-06_מעיליא_געתון_מעונה.gpx,מוכל-ב,,,,,16.6,118.7,0.978
הכלה,172,2022-03-25_געתון_יחיעם.gpx,28,2013-07-15_געתון_שבי ציון_גשר הזיו.gpx,מוכל-ב,,,,,24,121.5,0.978
הכלה,172,2022-03-25_געתון_יחיעם.gpx,226,2022-07-11_געתון_כברי_כפר ראש הנקרה.gpx,מוכל-ב,,,,,14.3,117.3,0.978
הכלה,172,2022-03-25_געתון_יחיעם.gpx,550,2026-08-08_געתון_כברי_מנות.gpx,מוכל-ב,,,,,14.3,117.6,0.978
הכלה,172,2022-03-25_געתון_יחיעם.gpx,270,2022-12-03_מנות_הילה_מעיליא.gpx,מוכל-ב,,,,,15.4,127.6,0.978
הכלה,172,2022-03-25_געתון_יחיעם.gpx,497,2026-04-20_כברי_געתון_גשר הזיו.gpx,מוכל-ב,,,,,13.1,120.2,0.978
הכלה,172,2022-03-25_געתון_יחיעם.gpx,62,2013-09-18_געתון_מעיליא_מנות.gpx,מוכל-ב,,,,,17.2,117.8,0.978
הכלה,172,2022-03-25_געתון_יחיעם.gpx,541,2026-07-14_שבי ציון_כברי_נהרייה.gpx,מוכל-ב,,,,,14.9,120.8,0.978
הכלה,172,2022-03-25_געתון_יחיעם.gpx,528,2026-06-24 געתון_נהריה_ראש-הנקרה_נהריה_געתון.gpx,מוכל-ב,,,,,16.4,116.7,0.978
הכלה,172,2022-03-25_געתון_יחיעם.gpx,40,2013-08-08_געתון_כברי.gpx,מוכל-ב,,,,,14,119.8,0.978
הכלה,172,2022-03-25_געתון_יחיעם.gpx,344,2023-12-19_געתון_עין יעקב_יחיעם_1.gpx,מוכל-ב,,,,,16.2,87.2,1
הכלה,172,2022-03-25_געתון_יחיעם.gpx,44,2013-08-16_געתון_שלומי_כפר ראש הנקרה.gpx,מוכל-ב,,,,,17.9,111.6,0.978
הכלה,172,2022-03-25_געתון_יחיעם.gpx,216,2022-06-24_מנות_מעיליא_כברי.gpx,מוכל-ב,,,,,14.1,123.1,0.978
הכלה,172,2022-03-25_געתון_יחיעם.gpx,122,2021-11-19_געתון_יחיעם.gpx,מוכל-ב,,,,,7.3,21.8,1
הכלה,172,2022-03-25_געתון_יחיעם.gpx,139,2021-12-29_געתון_יחיעם.gpx,מוכל-ב,,,,,8,23.6,1
הכלה,172,2022-03-25_געתון_יחיעם.gpx,72,2013-10-02_געתון_עין יעקב_מעיליא.gpx,מוכל-ב,,,,,20.9,116.2,0.978
הכלה,172,2022-03-25_געתון_יחיעם.gpx,42,2013-08-12_געתון_כברי_לימן.gpx,מוכל-ב,,,,,23.7,159.7,0.978
הכלה,172,2022-03-25_געתון_יחיעם.gpx,214,2022-06-19_געתון_כברי_לימן.gpx,מוכל-ב,,,,,14.5,113.9,0.978
הכלה,172,2022-03-25_געתון_יחיעם.gpx,107,2021-09-25_מעיליא_געתון_מעונה.gpx,מוכל-ב,,,,,21.8,119.8,0.978
הכלה,172,2022-03-25_געתון_יחיעם.gpx,195,2022-05-18_געתון_יחיעם.gpx,מוכל-ב,,,,,12,25,1
הכלה,172,2022-03-25_געתון_יחיעם.gpx,99,2021-09-11_געתון_מעיליא_מעונה.gpx,מוכל-ב,,,,,22.6,122.1,0.978
הכלה,172,2022-03-25_געתון_יחיעם.gpx,265,2022-11-18_געתון_יחיעם_עין יעקב.gpx,מוכל-ב,,,,,16.5,115.1,0.978
הכלה,172,2022-03-25_געתון_יחיעם.gpx,68,2013-09-26_געתון_כפר ורדים_מנות.gpx,מוכל-ב,,,,,22.6,117.6,0.978
הכלה,172,2022-03-25_געתון_יחיעם.gpx,536,2026-07-07_עבדון_געתון_יערה.gpx,מוכל-ב,,,,,14.6,119.1,0.978
הכלה,172,2022-03-25_געתון_יחיעם.gpx,201,2022-05-29_געתון_כברי_לימן.gpx,מוכל-ב,,,,,14.2,110.1,0.978
הכלה,172,2022-03-25_געתון_יחיעם.gpx,551,2026-08-08_מנות_כברי_הילה.gpx,מוכל-ב,,,,,17.6,115.7,0.978
הכלה,172,2022-03-25_געתון_יחיעם.gpx,277,2022-12-16_געתון_יחיעם_עין יעקב.gpx,מוכל-ב,,,,,11.4,21.5,1
הכלה,172,2022-03-25_געתון_יחיעם.gpx,91,2021-08-07_געתון_מעיליא_מעונה.gpx,מוכל-ב,,,,,22.1,116,0.978
הכלה,172,2022-03-25_געתון_יחיעם.gpx,255,2022-10-23_געתון_יחיעם.gpx,מוכל-ב,,,,,11.3,18.3,1
הכלה,172,2022-03-25_געתון_יחיעם.gpx,199,2022-05-26_געתון_יחיעם.gpx,מוכל-ב,,,,,17.4,24.9,1
הכלה,172,2022-03-25_געתון_יחיעם.gpx,535,2026-07-04_מעיליא_מנות_הילה.gpx,מוכל-ב,,,,,14.9,119,0.978
הכלה,172,2022-03-25_געתון_יחיעם.gpx,154,2022-02-02_געתון_יחיעם.gpx,מוכל-ב,,,,,11,22.6,1
הכלה,172,2022-03-25_געתון_יחיעם.gpx,492,2026-04-08_געתון_כברי_גשר הזיו.gpx,מוכל-ב,,,,,12.8,117.2,0.978
הכלה,172,2022-03-25_געתון_יחיעם.gpx,543,2026-07-19_עין יעקב_מנות_עבדון.gpx,מוכל-ב,,,,,15.5,117.1,0.978
הכלה,172,2022-03-25_געתון_יחיעם.gpx,123,2021-11-22_געתון_יחיעם.gpx,מוכל-ב,,,,,10.2,21.9,1
הכלה,172,2022-03-25_געתון_יחיעם.gpx,275,2022-12-10_מנות_הילה_כברי.gpx,מוכל-ב,,,,,13.5,116.6,0.978
הכלה,172,2022-03-25_געתון_יחיעם.gpx,228,2022-07-16_מנות_געתון_מעיליא.gpx,מוכל-ב,,,,,14.3,117.6,0.978
הכלה,172,2022-03-25_געתון_יחיעם.gpx,167,2022-03-04_געתון_כברי_יחיעם.gpx,מוכל-ב,,,,,7.4,15.9,1
הכלה,172,2022-03-25_געתון_יחיעם.gpx,221,2022-07-02_יחיעם_געתון_עין יעקב.gpx,מוכל-ב,,,,,15.3,114.2,0.978
הכלה,172,2022-03-25_געתון_יחיעם.gpx,520,2026-06-06_געתון_בוסתן הגליל_נתיב השיירה.gpx,מוכל-ב,,,,,22.4,121,0.978
הכלה,172,2022-03-25_געתון_יחיעם.gpx,505,2026-05-13_עבדון_כברי_גורן.gpx,מוכל-ב,,,,,15.1,120.9,0.978
הכלה,172,2022-03-25_געתון_יחיעם.gpx,446,2025-09-20_געתון_יחיעם_עין יעקב.gpx,מוכל-ב,,,,,14.9,114.8,0.978
הכלה,172,2022-03-25_געתון_יחיעם.gpx,137,2021-12-21_געתון_יחיעם.gpx,מוכל-ב,,,,,10.1,22.9,1
הכלה,172,2022-03-25_געתון_יחיעם.gpx,282,2022-12-30_געתון_כברי_לימן.gpx,מוכל-ב,,,,,13.1,120.3,0.978
הכלה,172,2022-03-25_געתון_יחיעם.gpx,23,2013-06-30_געתון_יחיעם_עין יעקב.gpx,מוכל-ב,,,,,15.9,115.2,0.978
הכלה,172,2022-03-25_געתון_יחיעם.gpx,488,2026-03-18_געתון_כברי_גשר הזיו.gpx,מוכל-ב,,,,,19.8,117.7,0.978
הכלה,172,2022-03-25_געתון_יחיעם.gpx,557,2026-08-14_געתון_כברי.gpx,מוכל-ב,,,,,24.1,121,0.978
הכלה,172,2022-03-25_געתון_יחיעם.gpx,429,2025-03-02_געתון_עין יעקב_יחיעם.gpx,מוכל-ב,,,,,11,82.1,1
הכלה,172,2022-03-25_געתון_יחיעם.gpx,278,2022-12-17_מנות_מעיליא_הילה.gpx,מוכל-ב,,,,,14.6,119.7,0.978
הכלה,172,2022-03-25_געתון_יחיעם.gpx,173,2022-04-01_געתון_יחיעם.gpx,מוכל-ב,,,,,8.5,23.5,1
הכלה,172,2022-03-25_געתון_יחיעם.gpx,280,2022-12-23_געתון_כברי_לימן.gpx,מוכל-ב,,,,,15.4,117.4,0.978
הכלה,172,2022-03-25_געתון_יחיעם.gpx,558,2026-08-14_געתון_כברי_מצובה.gpx,מוכל-ב,,,,,15.5,115.4,0.978
הכלה,172,2022-03-25_געתון_יחיעם.gpx,185,2022-04-21_געתון_יחיעם.gpx,מוכל-ב,,,,,11.1,24,1
הכלה,172,2022-03-25_געתון_יחיעם.gpx,160,2022-02-19_געתון_יחיעם.gpx,מוכל-ב,,,,,10.1,17.1,1
הכלה,172,2022-03-25_געתון_יחיעם.gpx,142,2022-01-04_געתון_יחיעם.gpx,מוכל-ב,,,,,6.7,19.4,1
הכלה,172,2022-03-25_געתון_יחיעם.gpx,254,2022-10-21_געתון_יחיעם.gpx,מוכל-ב,,,,,14.4,82.6,1
הכלה,172,2022-03-25_געתון_יחיעם.gpx,161,2022-02-22_געתון_יחיעם.gpx,מוכל-ב,,,,,5,8.8,1
הכלה,172,2022-03-25_געתון_יחיעם.gpx,146,2022-01-15_געתון_יחיעם.gpx,מוכל-ב,,,,,8.8,23.1,1
הכלה,172,2022-03-25_געתון_יחיעם.gpx,260,2022-11-04_מעיליא_געתון_מעונה.gpx,מוכל-ב,,,,,14.5,117.7,0.978
הכלה,172,2022-03-25_געתון_יחיעם.gpx,157,2022-02-16_געתון_יחיעם.gpx,מוכל-ב,,,,,7.3,14.3,1
הכלה,172,2022-03-25_געתון_יחיעם.gpx,193,2022-05-14_מנות_געתון_מעיליא.gpx,מוכל-ב,,,,,13.9,120.3,0.978
הכלה,172,2022-03-25_געתון_יחיעם.gpx,479,2026-02-25_שבי ציון_נהרייה_כברי.gpx,מוכל-ב,,,,,16.3,120.6,0.978
הכלה,172,2022-03-25_געתון_יחיעם.gpx,534,2026-07-04 געתון_חרדלית_מנות_הילה_עין_זיו_חרדלית_געתון.gpx,מוכל-ב,,,,,17.2,117.5,0.978
הכלה,172,2022-03-25_געתון_יחיעם.gpx,124,2021-11-23_געתון_יחיעם.gpx,מוכל-ב,,,,,9.3,24.4,1
הכלה,172,2022-03-25_געתון_יחיעם.gpx,540,2026-07-14_שבי ציון_געתון_נהרייה.gpx,מוכל-ב,,,,,22.4,117.6,0.978
הכלה,172,2022-03-25_געתון_יחיעם.gpx,35,2013-07-30_מעונה_עין יעקב_געתון.gpx,מוכל-ב,,,,,21.4,110.5,0.978
הכלה,172,2022-03-25_געתון_יחיעם.gpx,257,2022-10-26_געתון_יחיעם.gpx,מוכל-ב,,,,,8.9,24.8,1
הכלה,172,2022-03-25_געתון_יחיעם.gpx,209,2022-06-11_מנות_מעיליא_כברי.gpx,מוכל-ב,,,,,15.2,121.7,0.978
הכלה,172,2022-03-25_געתון_יחיעם.gpx,177,2022-04-07_געתון_יחיעם.gpx,מוכל-ב,,,,,11.4,27,1
הכלה,172,2022-03-25_געתון_יחיעם.gpx,175,2022-04-03_געתון_יחיעם.gpx,מוכל-ב,,,,,9.6,16.2,1
חשוד,171,2022-03-10_נווה זוהר_ערד.gpx,375,2024-05-22_נווה זוהר_ערד.gpx,חשוד - לבדיקה ידנית,FALSE,1.8,567.4,567.5,160.8,1188.8,0.766
חשוד,171,2022-03-10_נווה זוהר_ערד.gpx,374,2024-05-21_נווה זוהר_ערד.gpx,חשוד - לבדיקה ידנית,FALSE,4.1,568.9,563.6,138.5,1092.2,0.781
הכלה,171,2022-03-10_נווה זוהר_ערד.gpx,298,2023-03-23_נווה זוהר_ערד.gpx,מוכל-ב,,,,,35.6,242.1,0.972
חשוד,170,2022-03-08_נווה זוהר_ערד.gpx,273,2022-12-07_נווה זוהר_ערד.gpx,חשוד - לבדיקה ידנית,FALSE,4.2,22.5,22.7,194.7,617.5,0.5
חשוד,170,2022-03-08_נווה זוהר_ערד.gpx,424,2025-02-10_נווה זוהר_ערד.gpx,חשוד - לבדיקה ידנית,TRUE,1.6,104.6,83.9,165.5,1143.4,0.8
חשוד,170,2022-03-08_נווה זוהר_ערד.gpx,289,2023-01-27_נווה זוהר_ערד.gpx,חשוד - לבדיקה ידנית,FALSE,4.1,113.9,95.2,240.5,741.9,0.446
חשוד,170,2022-03-08_נווה זוהר_ערד.gpx,287,2023-01-25_נווה זוהר_ערד.gpx,חשוד - לבדיקה ידנית,FALSE,4.8,52,101.5,197.1,626.3,0.5
חשוד,170,2022-03-08_נווה זוהר_ערד.gpx,272,2022-12-06_נווה זוהר_ערד.gpx,חשוד - לבדיקה ידנית,FALSE,2.9,15.9,21.5,192.7,614.2,0.5
חשוד,170,2022-03-08_נווה זוהר_ערד.gpx,296,2023-03-21_נווה זוהר_ערד.gpx,חשוד - לבדיקה ידנית,FALSE,4.5,518.4,545.6,35.9,236.3,0.967
חשוד,170,2022-03-08_נווה זוהר_ערד.gpx,271,2022-12-05_נווה זוהר_ערד.gpx,חשוד - לבדיקה ידנית,TRUE,3.8,25.5,20.4,193.7,620.4,0.5
הכלה,170,2022-03-08_נווה זוהר_ערד.gpx,298,2023-03-23_נווה זוהר_ערד.gpx,מוכל-ב,,,,,31.6,243.7,0.967
הכלה,170,2022-03-08_נווה זוהר_ערד.gpx,171,2022-03-10_נווה זוהר_ערד.gpx,מוכל-ב,,,,,39,321.2,0.946
הכלה,170,2022-03-08_נווה זוהר_ערד.gpx,297,2023-03-22_נווה זוהר_ערד.gpx,מוכל-ב,,,,,35.5,239.7,0.967
הכלה,170,2022-03-08_נווה זוהר_ערד.gpx,274,2022-12-08_נווה זוהר_ערד.gpx,מוכל-ב,,,,,26.5,219.3,0.978
הכלה,170,2022-03-08_נווה זוהר_ערד.gpx,148,2022-01-18_נווה זוהר_ערד.gpx,מוכל-ב,,,,,21.8,205.3,0.978
חשוד,169,2022-03-07_נווה זוהר_ערד.gpx,217,2022-06-27_נווה זוהר_ערד.gpx,חשוד - לבדיקה ידנית,TRUE,3.3,46.6,47.1,89.4,672.5,0.75
חשוד,169,2022-03-07_נווה זוהר_ערד.gpx,366,2024-04-03_נווה זוהר_ערד.gpx,חשוד - לבדיקה ידנית,TRUE,1.7,711.9,710.5,143.3,972.7,0.754
חשוד,169,2022-03-07_נווה זוהר_ערד.gpx,373,2024-05-20_נווה זוהר_ערד.gpx,חשוד - לבדיקה ידנית,FALSE,3.4,531.8,528.2,169.9,554.2,0.557
חשוד,169,2022-03-07_נווה זוהר_ערד.gpx,425,2025-02-11_נווה זוהר_ערד.gpx,חשוד - לבדיקה ידנית,TRUE,1.3,110.6,110,105.7,547.6,0.729
הכלה,169,2022-03-07_נווה זוהר_ערד.gpx,219,2022-06-29_נווה זוהר_ערד.gpx,מוכל-ב,,,,,34.4,190.9,0.9
הכלה,169,2022-03-07_נווה זוהר_ערד.gpx,274,2022-12-08_נווה זוהר_ערד.gpx,מוכל-ב,,,,,40.8,210,0.9
הכלה,169,2022-03-07_נווה זוהר_ערד.gpx,218,2022-06-28_נווה זוהר_ערד.gpx,מוכל-ב,,,,,36.2,191.5,0.9
הכלה,169,2022-03-07_נווה זוהר_ערד.gpx,170,2022-03-08_נווה זוהר_ערד.gpx,מוכל-ב,,,,,32,181.7,0.929
הכלה,168,2022-03-05_מעונה_מעיליא_אבירים.gpx,30,2013-07-20_עין יעקב_מעונה_מנות.gpx,מוכל-ב,,,,,13.1,42.3,1
הכלה,168,2022-03-05_מעונה_מעיליא_אבירים.gpx,53,2013-09-03_מעונה_מעיליא_מעלות-תרשיחא.gpx,מוכל-ב,,,,,16,34,1
הכלה,168,2022-03-05_מעונה_מעיליא_אבירים.gpx,52,2013-08-30_מעונה_עין יעקב_געתון.gpx,מוכל-ב,,,,,17.8,36.2,1
חשוד,167,2022-03-04_געתון_כברי_יחיעם.gpx,286,2023-01-18_געתון_כברי_גשר הזיו.gpx,חשוד - לבדיקה ידנית,TRUE,4.6,4.7,3.3,148.5,1360.3,0.833
הכלה,167,2022-03-04_געתון_כברי_יחיעם.gpx,448,2025-09-23_געתון_כברי_לימן.gpx,מוכל-ב,,,,,62.2,788.4,0.957
הכלה,167,2022-03-04_געתון_כברי_יחיעם.gpx,165,2022-02-28_געתון_כברי_לימן.gpx,מוכל-ב,,,,,40.5,772.7,0.957
הכלה,167,2022-03-04_געתון_כברי_יחיעם.gpx,502,2026-05-07_געתון_כברי_לימן.gpx,מוכל-ב,,,,,42,780.5,0.957
זהה,166,2022-03-01_געתון_יחיעם.gpx,223,2022-07-07_געתון_יחיעם.gpx,זהה,FALSE,0.5,8.1,7.2,13.7,23.1,1
זהה,166,2022-03-01_געתון_יחיעם.gpx,187,2022-04-24_געתון_יחיעם.gpx,זהה,TRUE,0.9,3.6,3.8,11.3,24.2,1
זהה,166,2022-03-01_געתון_יחיעם.gpx,172,2022-03-25_געתון_יחיעם.gpx,זהה,TRUE,1,5.6,8,9.4,21,1
זהה,166,2022-03-01_געתון_יחיעם.gpx,202,2022-05-31_געתון_יחיעם.gpx,זהה,FALSE,0.6,2.4,1.9,7.6,18.2,1
זהה,166,2022-03-01_געתון_יחיעם.gpx,198,2022-05-25_געתון_יחיעם.gpx,זהה,FALSE,0.7,5.6,5.2,12.9,24.2,1
זהה,166,2022-03-01_געתון_יחיעם.gpx,283,2023-01-09_געתון_יחיעם.gpx,זהה,FALSE,1.7,6.7,2,7,15,1
חשוד,166,2022-03-01_געתון_יחיעם.gpx,340,2023-10-21_געתון_עין יעקב_1.gpx,חשוד - לבדיקה ידנית,TRUE,4.4,4.6,3.2,12.5,83.7,1
הכלה,166,2022-03-01_געתון_יחיעם.gpx,346,2023-12-31_געתון_יחיעם_עין יעקב.gpx,מוכל-ב,,,,,18.4,120.1,0.979
הכלה,166,2022-03-01_געתון_יחיעם.gpx,210,2022-06-12_געתון_יחיעם.gpx,מוכל-ב,,,,,9.8,20.3,1
הכלה,166,2022-03-01_געתון_יחיעם.gpx,281,2022-12-28_געתון_גשר הזיו_כברי.gpx,מוכל-ב,,,,,9.1,104.4,0.979
הכלה,166,2022-03-01_געתון_יחיעם.gpx,242,2022-08-20_געתון_מנות_מעיליא.gpx,מוכל-ב,,,,,19.6,112.7,0.979
הכלה,166,2022-03-01_געתון_יחיעם.gpx,233,2022-07-31_געתון_יחיעם.gpx,מוכל-ב,,,,,8.8,23.1,1
הכלה,166,2022-03-01_געתון_יחיעם.gpx,183,2022-04-16_מנות_הילה_מעיליא.gpx,מוכל-ב,,,,,15.9,117.2,0.979
הכלה,166,2022-03-01_געתון_יחיעם.gpx,241,2022-08-19_געתון_כברי_לימן.gpx,מוכל-ב,,,,,11.1,106,0.979
הכלה,166,2022-03-01_געתון_יחיעם.gpx,496,2026-04-16_עין יעקב_מעונה_געתון.gpx,מוכל-ב,,,,,16.4,109.4,0.979
הכלה,166,2022-03-01_געתון_יחיעם.gpx,123,2021-11-22_געתון_יחיעם.gpx,מוכל-ב,,,,,10.5,24.9,1
הכלה,166,2022-03-01_געתון_יחיעם.gpx,442,2025-09-08_געתון_יחיעם_כברי.gpx,מוכל-ב,,,,,11.9,106.2,0.979
הכלה,166,2022-03-01_געתון_יחיעם.gpx,482,2026-02-28_געתון_כברי.gpx,מוכל-ב,,,,,16.3,105.8,0.979
הכלה,166,2022-03-01_געתון_יחיעם.gpx,160,2022-02-19_געתון_יחיעם.gpx,מוכל-ב,,,,,7.2,14.5,1
הכלה,166,2022-03-01_געתון_יחיעם.gpx,161,2022-02-22_געתון_יחיעם.gpx,מוכל-ב,,,,,8.5,24.3,1
הכלה,166,2022-03-01_געתון_יחיעם.gpx,348,2024-01-03_געתון_יחיעם_עין יעקב_1.gpx,מוכל-ב,,,,,11.4,80.7,1
הכלה,166,2022-03-01_געתון_יחיעם.gpx,224,2022-07-08_מנות_געתון_הילה.gpx,מוכל-ב,,,,,21.1,112,0.979
הכלה,166,2022-03-01_געתון_יחיעם.gpx,626,יער הדובים השיירה סינגל בני.gpx,מוכל-ב,,,,,16,68.8,1
הכלה,166,2022-03-01_געתון_יחיעם.gpx,484,2026-03-06_עין יעקב_געתון_כברי.gpx,מוכל-ב,,,,,24.9,115.4,0.979
הכלה,166,2022-03-01_געתון_יחיעם.gpx,137,2021-12-21_געתון_יחיעם.gpx,מוכל-ב,,,,,5.9,24.1,1
הכלה,166,2022-03-01_געתון_יחיעם.gpx,23,2013-06-30_געתון_יחיעם_עין יעקב.gpx,מוכל-ב,,,,,13.2,105.1,0.979
הכלה,166,2022-03-01_געתון_יחיעם.gpx,208,2022-06-09_געתון_יחיעם_עין יעקב.gpx,מוכל-ב,,,,,11.1,24.6,1
הכלה,166,2022-03-01_געתון_יחיעם.gpx,443,2025-09-10_געתון_יחיעם_כברי.gpx,מוכל-ב,,,,,11.1,111.5,0.979
הכלה,166,2022-03-01_געתון_יחיעם.gpx,347,2024-01-03_געתון_יחיעם_עין יעקב.gpx,מוכל-ב,,,,,15.5,93.4,1
הכלה,166,2022-03-01_געתון_יחיעם.gpx,215,2022-06-21_געתון_יחיעם_עין יעקב.gpx,מוכל-ב,,,,,9.9,21.9,1
הכלה,166,2022-03-01_געתון_יחיעם.gpx,232,2022-07-23_געתון_נווה זיו.gpx,מוכל-ב,,,,,13.3,101.3,0.979
הכלה,166,2022-03-01_געתון_יחיעם.gpx,239,2022-08-14_געתון_כברי_לימן.gpx,מוכל-ב,,,,,13.5,106.2,0.979
הכלה,166,2022-03-01_געתון_יחיעם.gpx,363,2024-03-29_געתון_עין יעקב.gpx,מוכל-ב,,,,,17.2,81.5,1
הכלה,166,2022-03-01_געתון_יחיעם.gpx,200,2022-05-27_געתון_כברי_לימן.gpx,מוכל-ב,,,,,12.1,23.3,1
הכלה,166,2022-03-01_געתון_יחיעם.gpx,142,2022-01-04_געתון_יחיעם.gpx,מוכל-ב,,,,,10.4,23.2,1
הכלה,166,2022-03-01_געתון_יחיעם.gpx,93,2021-09-04_געתון_מעיליא_מעונה.gpx,מוכל-ב,,,,,19.3,113,0.979
הכלה,166,2022-03-01_געתון_יחיעם.gpx,230,2022-07-19_כברי_געתון_לימן.gpx,מוכל-ב,,,,,18.3,103.1,0.979
הכלה,166,2022-03-01_געתון_יחיעם.gpx,360,2024-03-09_געתון_עין יעקב.gpx,מוכל-ב,,,,,12,98.8,1
הכלה,166,2022-03-01_געתון_יחיעם.gpx,146,2022-01-15_געתון_יחיעם.gpx,מוכל-ב,,,,,9.9,21,1
הכלה,166,2022-03-01_געתון_יחיעם.gpx,150,2022-01-21_געתון_יחיעם.gpx,מוכל-ב,,,,,9.3,21.4,1
הכלה,166,2022-03-01_געתון_יחיעם.gpx,102,2021-09-16_געתון_יחיעם.gpx,מוכל-ב,,,,,10.7,20.3,1
הכלה,166,2022-03-01_געתון_יחיעם.gpx,355,2024-02-23_געתון_עין יעקב.gpx,מוכל-ב,,,,,11,51.2,1
הכלה,166,2022-03-01_געתון_יחיעם.gpx,60,2013-09-13_עין יעקב_מעיליא_מנות.gpx,מוכל-ב,,,,,22.2,103.8,0.979
הכלה,166,2022-03-01_געתון_יחיעם.gpx,266,2022-11-19_מעיליא_געתון_מעונה.gpx,מוכל-ב,,,,,13,116.5,0.979
הכלה,166,2022-03-01_געתון_יחיעם.gpx,157,2022-02-16_געתון_יחיעם.gpx,מוכל-ב,,,,,9.5,22.5,1
הכלה,166,2022-03-01_געתון_יחיעם.gpx,256,2022-10-24_געתון_יחיעם.gpx,מוכל-ב,,,,,8.8,23.7,1
הכלה,166,2022-03-01_געתון_יחיעם.gpx,196,2022-05-19_געתון_מעונה_עין יעקב.gpx,מוכל-ב,,,,,16.4,52.7,1
הכלה,166,2022-03-01_געתון_יחיעם.gpx,124,2021-11-23_געתון_יחיעם.gpx,מוכל-ב,,,,,7.1,17.9,1
הכלה,166,2022-03-01_געתון_יחיעם.gpx,35,2013-07-30_מעונה_עין יעקב_געתון.gpx,מוכל-ב,,,,,12.3,43.7,1
הכלה,166,2022-03-01_געתון_יחיעם.gpx,452,2025-10-01_שבי ציון_כברי_נהרייה.gpx,מוכל-ב,,,,,12.5,115.5,0.979
הכלה,166,2022-03-01_געתון_יחיעם.gpx,48,2013-08-24_מזרעה_שבי ציון_געתון.gpx,מוכל-ב,,,,,19.2,107,0.979
הכלה,166,2022-03-01_געתון_יחיעם.gpx,189,2022-05-06_געתון_יחיעם.gpx,מוכל-ב,,,,,11.8,23.9,1
הכלה,166,2022-03-01_געתון_יחיעם.gpx,475,2026-02-07_מעיליא_מנות_הילה.gpx,מוכל-ב,,,,,17,103.4,0.979
הכלה,166,2022-03-01_געתון_יחיעם.gpx,179,2022-04-12_געתון_יחיעם.gpx,מוכל-ב,,,,,11.4,21,1
הכלה,166,2022-03-01_געתון_יחיעם.gpx,259,2022-10-29_געתון_מעיליא_מעונה.gpx,מוכל-ב,,,,,18,129.3,0.979
הכלה,166,2022-03-01_געתון_יחיעם.gpx,212,2022-06-16_געתון_יחיעם_עין יעקב.gpx,מוכל-ב,,,,,7,25.6,1
הכלה,166,2022-03-01_געתון_יחיעם.gpx,194,2022-05-15_געתון_יחיעם.gpx,מוכל-ב,,,,,9.4,22.8,1
הכלה,166,2022-03-01_געתון_יחיעם.gpx,50,2013-08-28_געתון_יחיעם_עין יעקב.gpx,מוכל-ב,,,,,15.9,114,0.957
הכלה,166,2022-03-01_געתון_יחיעם.gpx,92,2021-09-03_געתון_מעיליא_מעונה.gpx,מוכל-ב,,,,,14.8,109.3,0.979
הכלה,166,2022-03-01_געתון_יחיעם.gpx,67,2013-09-25_געתון_עין יעקב_מעיליא.gpx,מוכל-ב,,,,,14.1,103.3,0.979
הכלה,166,2022-03-01_געתון_יחיעם.gpx,206,2022-06-04_געתון_כברי_נהרייה.gpx,מוכל-ב,,,,,14.5,106.8,0.979
הכלה,166,2022-03-01_געתון_יחיעם.gpx,262,2022-11-09_געתון_יחיעם.gpx,מוכל-ב,,,,,12,20.4,1
הכלה,166,2022-03-01_געתון_יחיעם.gpx,453,2025-10-02_געתון_כברי_גשר הזיו.gpx,מוכל-ב,,,,,12.8,109.5,0.979
הכלה,166,2022-03-01_געתון_יחיעם.gpx,455,2025-10-11_געתון_יחיעם_כברי.gpx,מוכל-ב,,,,,13.9,107,0.979
הכלה,166,2022-03-01_געתון_יחיעם.gpx,164,2022-02-27_געתון_יחיעם.gpx,מוכל-ב,,,,,6.9,20.3,1
הכלה,166,2022-03-01_געתון_יחיעם.gpx,105,2021-09-21_מעיליא_געתון_מעונה.gpx,מוכל-ב,,,,,12.6,111.4,0.979
הכלה,166,2022-03-01_געתון_יחיעם.gpx,497,2026-04-20_כברי_געתון_גשר הזיו.gpx,מוכל-ב,,,,,13.9,111.1,0.979
הכלה,166,2022-03-01_געתון_יחיעם.gpx,57,2013-09-08_געתון_יחיעם_עין יעקב.gpx,מוכל-ב,,,,,10.4,110,0.979
הכלה,166,2022-03-01_געתון_יחיעם.gpx,131,2021-12-09_געתון_יחיעם.gpx,מוכל-ב,,,,,11.4,23.2,1
הכלה,166,2022-03-01_געתון_יחיעם.gpx,74,2013-10-06_מעונה_עין יעקב_געתון.gpx,מוכל-ב,,,,,19.7,108.5,0.979
הכלה,166,2022-03-01_געתון_יחיעם.gpx,61,2013-09-14_עין המפרץ_געתון_מזרעה.gpx,מוכל-ב,,,,,14.3,102.8,0.979
הכלה,166,2022-03-01_געתון_יחיעם.gpx,286,2023-01-18_געתון_כברי_גשר הזיו.gpx,מוכל-ב,,,,,10.4,19.4,1
הכלה,166,2022-03-01_געתון_יחיעם.gpx,125,2021-11-27_מעיליא_געתון_נווה זיו.gpx,מוכל-ב,,,,,11.8,110.7,0.979
הכלה,166,2022-03-01_געתון_יחיעם.gpx,211,2022-06-15_געתון_כברי_לימן.gpx,מוכל-ב,,,,,12.6,101.8,0.979
הכלה,166,2022-03-01_געתון_יחיעם.gpx,502,2026-05-07_געתון_כברי_לימן.gpx,מוכל-ב,,,,,16.1,108.8,0.979
הכלה,166,2022-03-01_געתון_יחיעם.gpx,490,2026-03-25_געתון_גשר הזיו_כברי.gpx,מוכל-ב,,,,,11.7,109,0.979
הכלה,166,2022-03-01_געתון_יחיעם.gpx,174,2022-04-02_געתון_מעיליא_נווה זיו.gpx,מוכל-ב,,,,,14.7,115.6,0.979
הכלה,166,2022-03-01_געתון_יחיעם.gpx,447,2025-09-22_שבי ציון_כברי_נהרייה.gpx,מוכל-ב,,,,,21.9,117.6,0.979
הכלה,166,2022-03-01_געתון_יחיעם.gpx,52,2013-08-30_מעונה_עין יעקב_געתון.gpx,מוכל-ב,,,,,17,98.7,1
הכלה,166,2022-03-01_געתון_יחיעם.gpx,29,2013-07-19_עין יעקב_מעונה_מנות.gpx,מוכל-ב,,,,,14,105.8,0.979
הכלה,166,2022-03-01_געתון_יחיעם.gpx,226,2022-07-11_געתון_כברי_כפר ראש הנקרה.gpx,מוכל-ב,,,,,16.8,111.4,0.979
הכלה,166,2022-03-01_געתון_יחיעם.gpx,550,2026-08-08_געתון_כברי_מנות.gpx,מוכל-ב,,,,,17,115.2,0.979
הכלה,166,2022-03-01_געתון_יחיעם.gpx,156,2022-02-11_געתון_כברי_לימן.gpx,מוכל-ב,,,,,13.2,114.1,0.979
הכלה,166,2022-03-01_געתון_יחיעם.gpx,128,2021-12-04_געתון_מעיליא_מעונה.gpx,מוכל-ב,,,,,18.2,108.7,0.979
הכלה,166,2022-03-01_געתון_יחיעם.gpx,70,2013-09-28_עין יעקב_מזרעה_שבי ציון.gpx,מוכל-ב,,,,,22.5,138.9,0.936
הכלה,166,2022-03-01_געתון_יחיעם.gpx,34,2013-07-27_געתון_כברי_מנות.gpx,מוכל-ב,,,,,18.5,99.5,1
הכלה,166,2022-03-01_געתון_יחיעם.gpx,270,2022-12-03_מנות_הילה_מעיליא.gpx,מוכל-ב,,,,,16.5,119.6,0.979
הכלה,166,2022-03-01_געתון_יחיעם.gpx,541,2026-07-14_שבי ציון_כברי_נהרייה.gpx,מוכל-ב,,,,,19,115.2,0.979
הכלה,166,2022-03-01_געתון_יחיעם.gpx,528,2026-06-24 געתון_נהריה_ראש-הנקרה_נהריה_געתון.gpx,מוכל-ב,,,,,12.4,100.1,0.979
הכלה,166,2022-03-01_געתון_יחיעם.gpx,56,2013-09-07_געתון_מעונה_גשר הזיו.gpx,מוכל-ב,,,,,11.2,106.5,0.979
הכלה,166,2022-03-01_געתון_יחיעם.gpx,152,2022-01-30_געתון_יחיעם.gpx,מוכל-ב,,,,,11,23.1,1
הכלה,166,2022-03-01_געתון_יחיעם.gpx,344,2023-12-19_געתון_עין יעקב_יחיעם_1.gpx,מוכל-ב,,,,,12.4,93.3,1
הכלה,166,2022-03-01_געתון_יחיעם.gpx,492,2026-04-08_געתון_כברי_גשר הזיו.gpx,מוכל-ב,,,,,10.3,107.9,0.979
הכלה,166,2022-03-01_געתון_יחיעם.gpx,543,2026-07-19_עין יעקב_מנות_עבדון.gpx,מוכל-ב,,,,,14.4,109.1,0.979
הכלה,166,2022-03-01_געתון_יחיעם.gpx,216,2022-06-24_מנות_מעיליא_כברי.gpx,מוכל-ב,,,,,19,113.3,0.979
הכלה,166,2022-03-01_געתון_יחיעם.gpx,162,2022-02-23_געתון_יחיעם.gpx,מוכל-ב,,,,,6.9,19.8,1
הכלה,166,2022-03-01_געתון_יחיעם.gpx,43,2013-08-14_געתון_מעונה_עין יעקב.gpx,מוכל-ב,,,,,12.9,112.2,0.979
הכלה,166,2022-03-01_געתון_יחיעם.gpx,24,2013-07-08_עין יעקב_מעונה_געתון.gpx,מוכל-ב,,,,,19.1,102.7,0.979
הכלה,166,2022-03-01_געתון_יחיעם.gpx,214,2022-06-19_געתון_כברי_לימן.gpx,מוכל-ב,,,,,12.4,107.6,0.979
הכלה,166,2022-03-01_געתון_יחיעם.gpx,195,2022-05-18_געתון_יחיעם.gpx,מוכל-ב,,,,,9,24.1,1
הכלה,166,2022-03-01_געתון_יחיעם.gpx,265,2022-11-18_געתון_יחיעם_עין יעקב.gpx,מוכל-ב,,,,,13.1,101.3,0.979
הכלה,166,2022-03-01_געתון_יחיעם.gpx,536,2026-07-07_עבדון_געתון_יערה.gpx,מוכל-ב,,,,,9.7,112.3,0.979
הכלה,166,2022-03-01_געתון_יחיעם.gpx,201,2022-05-29_געתון_כברי_לימן.gpx,מוכל-ב,,,,,15.3,104.3,0.979
הכלה,166,2022-03-01_געתון_יחיעם.gpx,551,2026-08-08_מנות_כברי_הילה.gpx,מוכל-ב,,,,,11.1,107.5,0.979
הכלה,166,2022-03-01_געתון_יחיעם.gpx,277,2022-12-16_געתון_יחיעם_עין יעקב.gpx,מוכל-ב,,,,,7.9,22.3,1
הכלה,166,2022-03-01_געתון_יחיעם.gpx,159,2022-02-18_געתון_כברי_גשר הזיו.gpx,מוכל-ב,,,,,14.4,111.1,0.979
הכלה,166,2022-03-01_געתון_יחיעם.gpx,255,2022-10-23_געתון_יחיעם.gpx,מוכל-ב,,,,,8.2,17.5,1
הכלה,166,2022-03-01_געתון_יחיעם.gpx,488,2026-03-18_געתון_כברי_גשר הזיו.gpx,מוכל-ב,,,,,13.1,104,0.979
הכלה,166,2022-03-01_געתון_יחיעם.gpx,199,2022-05-26_געתון_יחיעם.gpx,מוכל-ב,,,,,9.3,24.9,1
הכלה,166,2022-03-01_געתון_יחיעם.gpx,535,2026-07-04_מעיליא_מנות_הילה.gpx,מוכל-ב,,,,,11.8,114.5,0.979
הכלה,166,2022-03-01_געתון_יחיעם.gpx,26,2013-07-12_געתון_שלומי_כפר ראש הנקרה.gpx,מוכל-ב,,,,,18.6,117.4,0.979
הכלה,166,2022-03-01_געתון_יחיעם.gpx,429,2025-03-02_געתון_עין יעקב_יחיעם.gpx,מוכל-ב,,,,,12,36,1
הכלה,166,2022-03-01_געתון_יחיעם.gpx,71,2013-10-01_געתון_עין יעקב.gpx,מוכל-ב,,,,,11.1,108.3,0.979
הכלה,166,2022-03-01_געתון_יחיעם.gpx,278,2022-12-17_מנות_מעיליא_הילה.gpx,מוכל-ב,,,,,15.3,114.8,0.979
הכלה,166,2022-03-01_געתון_יחיעם.gpx,280,2022-12-23_געתון_כברי_לימן.gpx,מוכל-ב,,,,,10.6,109,0.979
הכלה,166,2022-03-01_געתון_יחיעם.gpx,275,2022-12-10_מנות_הילה_כברי.gpx,מוכל-ב,,,,,18.6,112.4,0.979
הכלה,166,2022-03-01_געתון_יחיעם.gpx,228,2022-07-16_מנות_געתון_מעיליא.gpx,מוכל-ב,,,,,17.8,111.5,0.979
הכלה,166,2022-03-01_געתון_יחיעם.gpx,165,2022-02-28_געתון_כברי_לימן.gpx,מוכל-ב,,,,,7.6,101.2,0.979
הכלה,166,2022-03-01_געתון_יחיעם.gpx,260,2022-11-04_מעיליא_געתון_מעונה.gpx,מוכל-ב,,,,,16.8,114.4,0.979
הכלה,166,2022-03-01_געתון_יחיעם.gpx,108,2021-09-26_געתון_יחיעם.gpx,מוכל-ב,,,,,11.8,22.4,1
הכלה,166,2022-03-01_געתון_יחיעם.gpx,138,2021-12-25_געתון_מעיליא_מעונה.gpx,מוכל-ב,,,,,17.5,114.5,0.979
הכלה,166,2022-03-01_געתון_יחיעם.gpx,221,2022-07-02_יחיעם_געתון_עין יעקב.gpx,מוכל-ב,,,,,11.7,51.9,1
הכלה,166,2022-03-01_געתון_יחיעם.gpx,520,2026-06-06_געתון_בוסתן הגליל_נתיב השיירה.gpx,מוכל-ב,,,,,13.8,105.2,0.979
הכלה,166,2022-03-01_געתון_יחיעם.gpx,143,2022-01-07_געתון_מעיליא_מעונה.gpx,מוכל-ב,,,,,14.8,116.3,0.979
הכלה,166,2022-03-01_געתון_יחיעם.gpx,505,2026-05-13_עבדון_כברי_גורן.gpx,מוכל-ב,,,,,19.2,113.4,0.979
הכלה,166,2022-03-01_געתון_יחיעם.gpx,446,2025-09-20_געתון_יחיעם_עין יעקב.gpx,מוכל-ב,,,,,11.2,104.2,0.979
הכלה,166,2022-03-01_געתון_יחיעם.gpx,257,2022-10-26_געתון_יחיעם.gpx,מוכל-ב,,,,,9.1,19.2,1
הכלה,166,2022-03-01_געתון_יחיעם.gpx,32,2013-07-25_געתון_שלומי_כברי.gpx,מוכל-ב,,,,,18.9,112.8,0.979
הכלה,166,2022-03-01_געתון_יחיעם.gpx,282,2022-12-30_געתון_כברי_לימן.gpx,מוכל-ב,,,,,10.9,107.5,0.979
הכלה,166,2022-03-01_געתון_יחיעם.gpx,177,2022-04-07_געתון_יחיעם.gpx,מוכל-ב,,,,,9.3,43.4,1
הכלה,166,2022-03-01_געתון_יחיעם.gpx,557,2026-08-14_געתון_כברי.gpx,מוכל-ב,,,,,16.1,111.9,0.979
הכלה,166,2022-03-01_געתון_יחיעם.gpx,145,2022-01-14_געתון_יחיעם.gpx,מוכל-ב,,,,,13.4,23.2,1
הכלה,166,2022-03-01_געתון_יחיעם.gpx,173,2022-04-01_געתון_יחיעם.gpx,מוכל-ב,,,,,8.6,19.7,1
הכלה,166,2022-03-01_געתון_יחיעם.gpx,558,2026-08-14_געתון_כברי_מצובה.gpx,מוכל-ב,,,,,11.8,106.2,0.979
הכלה,166,2022-03-01_געתון_יחיעם.gpx,197,2022-05-20_געתון_כברי_לימן.gpx,מוכל-ב,,,,,14,111.6,0.979
הכלה,166,2022-03-01_געתון_יחיעם.gpx,27,2013-07-13_געתון_מעיליא_נווה זיו.gpx,מוכל-ב,,,,,21,107.4,0.979
הכלה,166,2022-03-01_געתון_יחיעם.gpx,185,2022-04-21_געתון_יחיעם.gpx,מוכל-ב,,,,,5.2,20.9,1
הכלה,166,2022-03-01_געתון_יחיעם.gpx,254,2022-10-21_געתון_יחיעם.gpx,מוכל-ב,,,,,7,35.5,1
הכלה,166,2022-03-01_געתון_יחיעם.gpx,519,2026-06-06 געתון_רגבה_עכו.gpx,מוכל-ב,,,,,13.3,113.1,0.979
הכלה,166,2022-03-01_געתון_יחיעם.gpx,25,2013-07-10_עין יעקב_מעונה_געתון.gpx,מוכל-ב,,,,,17.2,110.4,0.979
הכלה,166,2022-03-01_געתון_יחיעם.gpx,193,2022-05-14_מנות_געתון_מעיליא.gpx,מוכל-ב,,,,,16.6,111.6,0.979
הכלה,166,2022-03-01_געתון_יחיעם.gpx,479,2026-02-25_שבי ציון_נהרייה_כברי.gpx,מוכל-ב,,,,,11.2,111.8,0.979
הכלה,166,2022-03-01_געתון_יחיעם.gpx,534,2026-07-04 געתון_חרדלית_מנות_הילה_עין_זיו_חרדלית_געתון.gpx,מוכל-ב,,,,,17,108.6,0.979
הכלה,166,2022-03-01_געתון_יחיעם.gpx,540,2026-07-14_שבי ציון_געתון_נהרייה.gpx,מוכל-ב,,,,,16.4,110.4,0.979
הכלה,166,2022-03-01_געתון_יחיעם.gpx,209,2022-06-11_מנות_מעיליא_כברי.gpx,מוכל-ב,,,,,17.2,116.8,0.979
הכלה,166,2022-03-01_געתון_יחיעם.gpx,175,2022-04-03_געתון_יחיעם.gpx,מוכל-ב,,,,,6.7,16,1
הכלה,166,2022-03-01_געתון_יחיעם.gpx,62,2013-09-18_געתון_מעיליא_מנות.gpx,מוכל-ב,,,,,12.6,112.2,0.979
הכלה,166,2022-03-01_געתון_יחיעם.gpx,238,2022-08-13_מנות_הילה_מעיליא.gpx,מוכל-ב,,,,,19.9,116.4,0.979
הכלה,166,2022-03-01_געתון_יחיעם.gpx,36,2013-08-01_מעונה_עין יעקב_געתון.gpx,מוכל-ב,,,,,19.8,52.3,1
הכלה,166,2022-03-01_געתון_יחיעם.gpx,253,2022-10-17_געתון_מעיליא_מעונה.gpx,מוכל-ב,,,,,16.9,112.4,0.979
הכלה,166,2022-03-01_געתון_יחיעם.gpx,234,2022-08-02_געתון_יחיעם.gpx,מוכל-ב,,,,,12,36.8,1
הכלה,166,2022-03-01_געתון_יחיעם.gpx,151,2022-01-29_געתון_יחיעם.gpx,מוכל-ב,,,,,14.6,24.4,1
הכלה,166,2022-03-01_געתון_יחיעם.gpx,140,2021-12-31_געתון_מעיליא_מעונה.gpx,מוכל-ב,,,,,16.9,114.6,0.979
הכלה,166,2022-03-01_געתון_יחיעם.gpx,117,2021-11-06_מעיליא_געתון_מעונה.gpx,מוכל-ב,,,,,20.7,113.8,0.979
הכלה,166,2022-03-01_געתון_יחיעם.gpx,28,2013-07-15_געתון_שבי ציון_גשר הזיו.gpx,מוכל-ב,,,,,16.7,112.5,0.979
הכלה,166,2022-03-01_געתון_יחיעם.gpx,180,2022-04-13_געתון_יחיעם.gpx,מוכל-ב,,,,,8.4,16.2,1
הכלה,166,2022-03-01_געתון_יחיעם.gpx,188,2022-05-04_געתון_יחיעם.gpx,מוכל-ב,,,,,9.1,24.2,1
הכלה,166,2022-03-01_געתון_יחיעם.gpx,227,2022-07-15_געתון_כברי_לימן.gpx,מוכל-ב,,,,,11.1,103,0.979
הכלה,166,2022-03-01_געתון_יחיעם.gpx,439,2025-08-28_געתון_כברי_לימן.gpx,מוכל-ב,,,,,13.8,115.9,0.979
הכלה,166,2022-03-01_געתון_יחיעם.gpx,483,2026-03-05_געתון_כברי.gpx,מוכל-ב,,,,,19.2,76.3,1
הכלה,166,2022-03-01_געתון_יחיעם.gpx,107,2021-09-25_מעיליא_געתון_מעונה.gpx,מוכל-ב,,,,,15.6,116.5,0.979
הכלה,166,2022-03-01_געתון_יחיעם.gpx,99,2021-09-11_געתון_מעיליא_מעונה.gpx,מוכל-ב,,,,,14.8,118,0.979
הכלה,166,2022-03-01_געתון_יחיעם.gpx,68,2013-09-26_געתון_כפר ורדים_מנות.gpx,מוכל-ב,,,,,18.7,111.9,0.979
הכלה,166,2022-03-01_געתון_יחיעם.gpx,345,2023-12-30_געתון_יחיעם_עין יעקב.gpx,מוכל-ב,,,,,12.8,85.8,1
הכלה,166,2022-03-01_געתון_יחיעם.gpx,243,2022-08-21_געתון_יחיעם.gpx,מוכל-ב,,,,,10.7,118.1,0.979
הכלה,166,2022-03-01_געתון_יחיעם.gpx,91,2021-08-07_געתון_מעיליא_מעונה.gpx,מוכל-ב,,,,,15.8,112.7,0.979
הכלה,166,2022-03-01_געתון_יחיעם.gpx,167,2022-03-04_געתון_כברי_יחיעם.gpx,מוכל-ב,,,,,7.8,23.2,1
הכלה,166,2022-03-01_געתון_יחיעם.gpx,40,2013-08-08_געתון_כברי.gpx,מוכל-ב,,,,,16,103.6,0.979
הכלה,166,2022-03-01_געתון_יחיעם.gpx,341,2023-11-20_געתון_עין יעקב.gpx,מוכל-ב,,,,,18,164.7,0.936
הכלה,166,2022-03-01_געתון_יחיעם.gpx,192,2022-05-12_געתון_יחיעם.gpx,מוכל-ב,,,,,10.6,22.6,1
הכלה,166,2022-03-01_געתון_יחיעם.gpx,191,2022-05-11_געתון_יחיעם.gpx,מוכל-ב,,,,,12.5,24.8,1
הכלה,166,2022-03-01_געתון_יחיעם.gpx,448,2025-09-23_געתון_כברי_לימן.gpx,מוכל-ב,,,,,20.1,113,0.979
הכלה,166,2022-03-01_געתון_יחיעם.gpx,154,2022-02-02_געתון_יחיעם.gpx,מוכל-ב,,,,,12.9,25.5,1
הכלה,166,2022-03-01_געתון_יחיעם.gpx,44,2013-08-16_געתון_שלומי_כפר ראש הנקרה.gpx,מוכל-ב,,,,,13.1,109.5,0.979
הכלה,166,2022-03-01_געתון_יחיעם.gpx,122,2021-11-19_געתון_יחיעם.gpx,מוכל-ב,,,,,12.4,24.5,1
הכלה,166,2022-03-01_געתון_יחיעם.gpx,139,2021-12-29_געתון_יחיעם.gpx,מוכל-ב,,,,,12.7,23.6,1
הכלה,166,2022-03-01_געתון_יחיעם.gpx,72,2013-10-02_געתון_עין יעקב_מעיליא.gpx,מוכל-ב,,,,,13.3,111.8,0.979
הכלה,166,2022-03-01_געתון_יחיעם.gpx,284,2023-01-10_געתון_כברי_לימן.gpx,מוכל-ב,,,,,9.9,109,0.979
הכלה,166,2022-03-01_געתון_יחיעם.gpx,42,2013-08-12_געתון_כברי_לימן.gpx,מוכל-ב,,,,,16.5,147.5,0.979
הכלה,166,2022-03-01_געתון_יחיעם.gpx,356,2024-02-25_געתון_עין יעקב.gpx,מוכל-ב,,,,,14,79.6,1
הכלה,166,2022-03-01_געתון_יחיעם.gpx,263,2022-11-11_געתון_יחיעם.gpx,מוכל-ב,,,,,10.4,25.7,1
זהה,165,2022-02-28_געתון_כברי_לימן.gpx,200,2022-05-27_געתון_כברי_לימן.gpx,זהה,TRUE,2,4.3,6.7,91.6,1380.1,0.928
זהה,165,2022-02-28_געתון_כברי_לימן.gpx,206,2022-06-04_געתון_כברי_נהרייה.gpx,זהה,FALSE,2.4,5.7,4.4,105.1,1378.4,0.905
זהה,165,2022-02-28_געתון_כברי_לימן.gpx,214,2022-06-19_געתון_כברי_לימן.gpx,זהה,FALSE,1.5,3.6,3.5,104.2,1012.1,0.909
זהה,165,2022-02-28_געתון_כברי_לימן.gpx,197,2022-05-20_געתון_כברי_לימן.gpx,זהה,FALSE,0.5,4.5,3.5,73.8,789.2,0.946
חשוד,165,2022-02-28_געתון_כברי_לימן.gpx,239,2022-08-14_געתון_כברי_לימן.gpx,חשוד - לבדיקה ידנית,TRUE,3.5,4.8,9,100.2,1378,0.928
חשוד,165,2022-02-28_געתון_כברי_לימן.gpx,528,2026-06-24 געתון_נהריה_ראש-הנקרה_נהריה_געתון.gpx,חשוד - לבדיקה ידנית,FALSE,3.4,16.7,2.5,509.3,2859.7,0.707
חשוד,165,2022-02-28_געתון_כברי_לימן.gpx,558,2026-08-14_געתון_כברי_מצובה.gpx,חשוד - לבדיקה ידנית,TRUE,1.2,14.2,6.9,1071.7,3906.3,0.532
חשוד,165,2022-02-28_געתון_כברי_לימן.gpx,227,2022-07-15_געתון_כברי_לימן.gpx,חשוד - לבדיקה ידנית,FALSE,3.9,3,2.8,98.7,1379.1,0.928
חשוד,165,2022-02-28_געתון_כברי_לימן.gpx,241,2022-08-19_געתון_כברי_לימן.gpx,חשוד - לבדיקה ידנית,TRUE,4.1,5,6.2,101.5,1379.2,0.928
חשוד,165,2022-02-28_געתון_כברי_לימן.gpx,281,2022-12-28_געתון_גשר הזיו_כברי.gpx,חשוד - לבדיקה ידנית,TRUE,3.3,5.1,8.8,25.7,443.5,0.991
זהה,164,2022-02-27_געתון_יחיעם.gpx,177,2022-04-07_געתון_יחיעם.gpx,זהה,TRUE,0.4,0.9,22.9,7.2,22.9,1
זהה,164,2022-02-27_געתון_יחיעם.gpx,173,2022-04-01_געתון_יחיעם.gpx,זהה,TRUE,0.1,2.8,0.9,11.8,21,1
זהה,164,2022-02-27_געתון_יחיעם.gpx,254,2022-10-21_געתון_יחיעם.gpx,זהה,TRUE,0.5,0.9,4.6,6.7,34.9,1
זהה,164,2022-02-27_געתון_יחיעם.gpx,175,2022-04-03_געתון_יחיעם.gpx,זהה,FALSE,0,1.5,2.9,2.7,6.8,1
זהה,164,2022-02-27_געתון_יחיעם.gpx,188,2022-05-04_געתון_יחיעם.gpx,זהה,FALSE,0.1,3.9,1.1,8,16.4,1
זהה,164,2022-02-27_געתון_יחיעם.gpx,345,2023-12-30_געתון_יחיעם_עין יעקב.gpx,זהה,TRUE,1.6,4.8,8.6,13.6,92.5,1
זהה,164,2022-02-27_געתון_יחיעם.gpx,346,2023-12-31_געתון_יחיעם_עין יעקב.gpx,זהה,TRUE,1.9,17.9,46.2,15.8,126.9,0.984
זהה,164,2022-02-27_געתון_יחיעם.gpx,189,2022-05-06_געתון_יחיעם.gpx,זהה,FALSE,0,2.9,3.3,8,16.5,1
זהה,164,2022-02-27_געתון_יחיעם.gpx,179,2022-04-12_געתון_יחיעם.gpx,זהה,TRUE,0,3.9,0.9,14,24.3,1
זהה,164,2022-02-27_געתון_יחיעם.gpx,194,2022-05-15_געתון_יחיעם.gpx,זהה,TRUE,0,5.6,7.9,10.2,23.5,1
חשוד,164,2022-02-27_געתון_יחיעם.gpx,344,2023-12-19_געתון_עין יעקב_יחיעם_1.gpx,חשוד - לבדיקה ידנית,TRUE,1.9,3.1,44.3,66.7,474.5,0.817
חשוד,164,2022-02-27_געתון_יחיעם.gpx,236,2022-08-09_געתון_יחיעם.gpx,חשוד - לבדיקה ידנית,FALSE,1.6,4.3,2.9,184.3,750.4,0.661
חשוד,164,2022-02-27_געתון_יחיעם.gpx,234,2022-08-02_געתון_יחיעם.gpx,חשוד - לבדיקה ידנית,TRUE,1.4,3.9,4.8,135.8,745.1,0.774
חשוד,164,2022-02-27_געתון_יחיעם.gpx,180,2022-04-13_געתון_יחיעם.gpx,חשוד - לבדיקה ידנית,TRUE,0.8,2.9,64,6.9,21.3,1
חשוד,164,2022-02-27_געתון_יחיעם.gpx,341,2023-11-20_געתון_עין יעקב.gpx,חשוד - לבדיקה ידנית,TRUE,0.5,2,355.9,90.1,503.9,0.738
חשוד,164,2022-02-27_געתון_יחיעם.gpx,191,2022-05-11_געתון_יחיעם.gpx,חשוד - לבדיקה ידנית,TRUE,4.2,3,2.4,137.3,751.8,0.774
חשוד,164,2022-02-27_געתון_יחיעם.gpx,233,2022-07-31_געתון_יחיעם.gpx,חשוד - לבדיקה ידנית,FALSE,3.9,2.3,2.6,38.8,233.1,0.831
חשוד,164,2022-02-27_געתון_יחיעם.gpx,261,2022-11-07_געתון_יחיעם_עין יעקב.gpx,חשוד - לבדיקה ידנית,FALSE,4.4,9.4,4.3,192.7,802.3,0.661
חשוד,164,2022-02-27_געתון_יחיעם.gpx,347,2024-01-03_געתון_יחיעם_עין יעקב.gpx,חשוד - לבדיקה ידנית,TRUE,4.1,7,8.5,13.3,99.7,1
הכלה,164,2022-02-27_געתון_יחיעם.gpx,257,2022-10-26_געתון_יחיעם.gpx,מוכל-ב,,,,,7.3,20.1,1
הכלה,164,2022-02-27_געתון_יחיעם.gpx,185,2022-04-21_געתון_יחיעם.gpx,מוכל-ב,,,,,11.6,62.5,1
הכלה,164,2022-02-27_געתון_יחיעם.gpx,243,2022-08-21_געתון_יחיעם.gpx,מוכל-ב,,,,,14.5,113.7,1
הכלה,164,2022-02-27_געתון_יחיעם.gpx,210,2022-06-12_געתון_יחיעם.gpx,מוכל-ב,,,,,11.4,21.8,1
הכלה,164,2022-02-27_געתון_יחיעם.gpx,160,2022-02-19_געתון_יחיעם.gpx,מוכל-ב,,,,,8,22,1
הכלה,164,2022-02-27_געתון_יחיעם.gpx,161,2022-02-22_געתון_יחיעם.gpx,מוכל-ב,,,,,7.2,16.7,1
הכלה,164,2022-02-27_געתון_יחיעם.gpx,256,2022-10-24_געתון_יחיעם.gpx,מוכל-ב,,,,,7.7,17.8,1
הכלה,164,2022-02-27_געתון_יחיעם.gpx,48,2013-08-24_מזרעה_שבי ציון_געתון.gpx,מוכל-ב,,,,,33.2,213.4,0.919
זהה,162,2022-02-23_געתון_יחיעם.gpx,347,2024-01-03_געתון_יחיעם_עין יעקב.gpx,זהה,FALSE,1.7,7.5,5.3,41,334.4,0.906
חשוד,162,2022-02-23_געתון_יחיעם.gpx,292,2023-02-18_געתון_יחיעם_עין יעקב.gpx,חשוד - לבדיקה ידנית,FALSE,4.4,13.1,9.3,227.5,927.5,0.631
חשוד,162,2022-02-23_געתון_יחיעם.gpx,355,2024-02-23_געתון_עין יעקב.gpx,חשוד - לבדיקה ידנית,TRUE,0,6.5,9.6,142.8,854.6,0.785
חשוד,162,2022-02-23_געתון_יחיעם.gpx,455,2025-10-11_געתון_יחיעם_כברי.gpx,חשוד - לבדיקה ידנית,TRUE,2.3,5.6,4.6,139.5,855.9,0.8
חשוד,162,2022-02-23_געתון_יחיעם.gpx,446,2025-09-20_געתון_יחיעם_עין יעקב.gpx,חשוד - לבדיקה ידנית,TRUE,2.1,5.7,8,136.1,855.9,0.8
חשוד,162,2022-02-23_געתון_יחיעם.gpx,199,2022-05-26_געתון_יחיעם.gpx,חשוד - לבדיקה ידנית,FALSE,0.9,9.3,10,137.6,777,0.754
חשוד,162,2022-02-23_געתון_יחיעם.gpx,236,2022-08-09_געתון_יחיעם.gpx,חשוד - לבדיקה ידנית,FALSE,4.2,4.8,6.5,186.8,802.8,0.556
חשוד,162,2022-02-23_געתון_יחיעם.gpx,234,2022-08-02_געתון_יחיעם.gpx,חשוד - לבדיקה ידנית,TRUE,4.4,4.3,7.3,53.1,232.5,0.758
חשוד,162,2022-02-23_געתון_יחיעם.gpx,345,2023-12-30_געתון_יחיעם_עין יעקב.gpx,חשוד - לבדיקה ידנית,FALSE,4.2,9.6,9.3,32.9,347.5,0.921
חשוד,162,2022-02-23_געתון_יחיעם.gpx,191,2022-05-11_געתון_יחיעם.gpx,חשוד - לבדיקה ידנית,TRUE,1.6,2.2,3.9,164.2,784.7,0.656
חשוד,162,2022-02-23_געתון_יחיעם.gpx,346,2023-12-31_געתון_יחיעם_עין יעקב.gpx,חשוד - לבדיקה ידנית,TRUE,3.9,20.4,42.3,35.9,339.6,0.921
חשוד,162,2022-02-23_געתון_יחיעם.gpx,443,2025-09-10_געתון_יחיעם_כברי.gpx,חשוד - לבדיקה ידנית,TRUE,1.5,4.1,7.1,138.4,857.5,0.8
חשוד,162,2022-02-23_געתון_יחיעם.gpx,442,2025-09-08_געתון_יחיעם_כברי.gpx,חשוד - לבדיקה ידנית,TRUE,2.8,7.1,9.4,137.5,854.4,0.8
חשוד,162,2022-02-23_געתון_יחיעם.gpx,348,2024-01-03_געתון_יחיעם_עין יעקב_1.gpx,חשוד - לבדיקה ידנית,TRUE,3.6,26.7,62,22.5,231.7,0.954
הכלה,162,2022-02-23_געתון_יחיעם.gpx,48,2013-08-24_מזרעה_שבי ציון_געתון.gpx,מוכל-ב,,,,,37.3,284.2,0.938
הכלה,162,2022-02-23_געתון_יחיעם.gpx,185,2022-04-21_געתון_יחיעם.gpx,מוכל-ב,,,,,15.9,227.4,0.938
הכלה,162,2022-02-23_געתון_יחיעם.gpx,257,2022-10-26_געתון_יחיעם.gpx,מוכל-ב,,,,,6.6,18.8,1
הכלה,162,2022-02-23_געתון_יחיעם.gpx,243,2022-08-21_געתון_יחיעם.gpx,מוכל-ב,,,,,22.4,223.5,0.954
הכלה,162,2022-02-23_געתון_יחיעם.gpx,160,2022-02-19_געתון_יחיעם.gpx,מוכל-ב,,,,,15,223,0.954
הכלה,162,2022-02-23_געתון_יחיעם.gpx,161,2022-02-22_געתון_יחיעם.gpx,מוכל-ב,,,,,6.3,22.6,1
הכלה,162,2022-02-23_געתון_יחיעם.gpx,256,2022-10-24_געתון_יחיעם.gpx,מוכל-ב,,,,,6.8,22.2,1
חשוד,161,2022-02-22_געתון_יחיעם.gpx,185,2022-04-21_געתון_יחיעם.gpx,חשוד - לבדיקה ידנית,TRUE,4.7,6,9.3,181.6,1326.6,0.776
חשוד,161,2022-02-22_געתון_יחיעם.gpx,483,2026-03-05_געתון_כברי.gpx,חשוד - לבדיקה ידנית,FALSE,1.3,794.1,11.1,283.6,1085.7,0.545
חשוד,161,2022-02-22_געתון_יחיעם.gpx,262,2022-11-09_געתון_יחיעם.gpx,חשוד - לבדיקה ידנית,FALSE,0.3,4.4,2.4,186.2,953.3,0.685
חשוד,161,2022-02-22_געתון_יחיעם.gpx,255,2022-10-23_געתון_יחיעם.gpx,חשוד - לבדיקה ידנית,FALSE,2.1,0.9,2.6,246.8,1378.9,0.685
חשוד,160,2022-02-19_געתון_יחיעם.gpx,257,2022-10-26_געתון_יחיעם.gpx,חשוד - לבדיקה ידנית,TRUE,3,6.5,8.5,460.4,2005,0.618
חשוד,160,2022-02-19_געתון_יחיעם.gpx,256,2022-10-24_געתון_יחיעם.gpx,חשוד - לבדיקה ידנית,TRUE,2.9,8.3,7.6,457.7,2001,0.618
חשוד,160,2022-02-19_געתון_יחיעם.gpx,221,2022-07-02_יחיעם_געתון_עין יעקב.gpx,חשוד - לבדיקה ידנית,FALSE,1.3,2.7,3.6,145.8,734,0.735
זהה,159,2022-02-18_געתון_כברי_גשר הזיו.gpx,490,2026-03-25_געתון_גשר הזיו_כברי.gpx,זהה,FALSE,0.6,3.4,5.3,43.9,744.9,0.943
חשוד,159,2022-02-18_געתון_כברי_גשר הזיו.gpx,488,2026-03-18_געתון_כברי_גשר הזיו.gpx,חשוד - לבדיקה ידנית,FALSE,0.6,8.5,3.4,524.7,2994.1,0.696
הכלה,159,2022-02-18_געתון_כברי_גשר הזיו.gpx,206,2022-06-04_געתון_כברי_נהרייה.gpx,מוכל-ב,,,,,45.4,876.2,0.956
הכלה,159,2022-02-18_געתון_כברי_גשר הזיו.gpx,497,2026-04-20_כברי_געתון_גשר הזיו.gpx,מוכל-ב,,,,,38,742.6,0.956
הכלה,159,2022-02-18_געתון_כברי_גשר הזיו.gpx,492,2026-04-08_געתון_כברי_גשר הזיו.gpx,מוכל-ב,,,,,40.2,736,0.956
הכלה,159,2022-02-18_געתון_כברי_גשר הזיו.gpx,156,2022-02-11_געתון_כברי_לימן.gpx,מוכל-ב,,,,,41.8,875.2,0.956
זהה,157,2022-02-16_געתון_יחיעם.gpx,173,2022-04-01_געתון_יחיעם.gpx,זהה,FALSE,0.1,6,4.5,12.5,22.9,1
זהה,157,2022-02-16_געתון_יחיעם.gpx,177,2022-04-07_געתון_יחיעם.gpx,זהה,TRUE,0.5,2.2,21.5,8.7,21.5,1
זהה,157,2022-02-16_געתון_יחיעם.gpx,175,2022-04-03_געתון_יחיעם.gpx,זהה,TRUE,0,5.3,3.5,5,12.5,1
זהה,157,2022-02-16_געתון_יחיעם.gpx,254,2022-10-21_געתון_יחיעם.gpx,זהה,TRUE,0.5,1.7,5.6,10.3,35.1,1
זהה,157,2022-02-16_געתון_יחיעם.gpx,188,2022-05-04_געתון_יחיעם.gpx,זהה,TRUE,0.1,5.7,5.9,9.1,16.6,1
זהה,157,2022-02-16_געתון_יחיעם.gpx,345,2023-12-30_געתון_יחיעם_עין יעקב.gpx,זהה,TRUE,1.5,4.3,11.5,16.6,89.9,1
זהה,157,2022-02-16_געתון_יחיעם.gpx,346,2023-12-31_געתון_יחיעם_עין יעקב.gpx,זהה,FALSE,1.8,47.9,15.8,16.6,124.3,0.984
זהה,157,2022-02-16_געתון_יחיעם.gpx,189,2022-05-06_געתון_יחיעם.gpx,זהה,FALSE,0,1.5,2.9,5.1,15.3,1
זהה,157,2022-02-16_געתון_יחיעם.gpx,179,2022-04-12_געתון_יחיעם.gpx,זהה,TRUE,0.1,2.8,6.2,12.6,23.3,1
זהה,157,2022-02-16_געתון_יחיעם.gpx,194,2022-05-15_געתון_יחיעם.gpx,זהה,TRUE,0.1,4.5,7.5,9.2,22.5,1
זהה,157,2022-02-16_געתון_יחיעם.gpx,164,2022-02-27_געתון_יחיעם.gpx,זהה,TRUE,0,5.2,4.8,4.6,14.6,1
חשוד,157,2022-02-16_געתון_יחיעם.gpx,236,2022-08-09_געתון_יחיעם.gpx,חשוד - לבדיקה ידנית,TRUE,1.5,3.1,0.8,183.4,751.2,0.661
חשוד,157,2022-02-16_געתון_יחיעם.gpx,234,2022-08-02_געתון_יחיעם.gpx,חשוד - לבדיקה ידנית,FALSE,1.4,9.6,1.3,134.1,746.1,0.774
חשוד,157,2022-02-16_געתון_יחיעם.gpx,180,2022-04-13_געתון_יחיעם.gpx,חשוד - לבדיקה ידנית,FALSE,0.9,67.4,6.7,7.1,22.2,1
חשוד,157,2022-02-16_געתון_יחיעם.gpx,341,2023-11-20_געתון_עין יעקב.gpx,חשוד - לבדיקה ידנית,TRUE,0.6,0.7,360,90.1,500.5,0.738
חשוד,157,2022-02-16_געתון_יחיעם.gpx,191,2022-05-11_געתון_יחיעם.gpx,חשוד - לבדיקה ידנית,FALSE,4.2,5.8,3.5,134.8,752.9,0.774
חשוד,157,2022-02-16_געתון_יחיעם.gpx,233,2022-07-31_געתון_יחיעם.gpx,חשוד - לבדיקה ידנית,FALSE,3.9,3.7,5,39,236.6,0.831
חשוד,157,2022-02-16_געתון_יחיעם.gpx,261,2022-11-07_געתון_יחיעם_עין יעקב.gpx,חשוד - לבדיקה ידנית,FALSE,4.5,8.2,9,194.8,807.3,0.661
חשוד,157,2022-02-16_געתון_יחיעם.gpx,347,2024-01-03_געתון_יחיעם_עין יעקב.gpx,חשוד - לבדיקה ידנית,TRUE,4,6.9,9.4,12.5,97.2,1
חשוד,157,2022-02-16_געתון_יחיעם.gpx,344,2023-12-19_געתון_עין יעקב_יחיעם_1.gpx,חשוד - לבדיקה ידנית,FALSE,1.9,47.5,1.8,67.6,471,0.817
הכלה,157,2022-02-16_געתון_יחיעם.gpx,257,2022-10-26_געתון_יחיעם.gpx,מוכל-ב,,,,,7.5,20.1,1
הכלה,157,2022-02-16_געתון_יחיעם.gpx,160,2022-02-19_געתון_יחיעם.gpx,מוכל-ב,,,,,10.8,23,1
הכלה,157,2022-02-16_געתון_יחיעם.gpx,185,2022-04-21_געתון_יחיעם.gpx,מוכל-ב,,,,,13.9,70,1
הכלה,157,2022-02-16_געתון_יחיעם.gpx,161,2022-02-22_געתון_יחיעם.gpx,מוכל-ב,,,,,5.4,16.6,1
הכלה,157,2022-02-16_געתון_יחיעם.gpx,243,2022-08-21_געתון_יחיעם.gpx,מוכל-ב,,,,,16.9,115.5,1
הכלה,157,2022-02-16_געתון_יחיעם.gpx,210,2022-06-12_געתון_יחיעם.gpx,מוכל-ב,,,,,10.4,21.1,1
הכלה,157,2022-02-16_געתון_יחיעם.gpx,256,2022-10-24_געתון_יחיעם.gpx,מוכל-ב,,,,,7.1,16.7,1
הכלה,157,2022-02-16_געתון_יחיעם.gpx,48,2013-08-24_מזרעה_שבי ציון_געתון.gpx,מוכל-ב,,,,,30.8,221,0.919
חשוד,156,2022-02-11_געתון_כברי_לימן.gpx,211,2022-06-15_געתון_כברי_לימן.gpx,חשוד - לבדיקה ידנית,FALSE,0.7,597.6,3.8,80.1,924.3,0.903
חשוד,156,2022-02-11_געתון_כברי_לימן.gpx,502,2026-05-07_געתון_כברי_לימן.gpx,חשוד - לבדיקה ידנית,FALSE,2.9,600.9,6.4,107.4,1379.5,0.925
חשוד,156,2022-02-11_געתון_כברי_לימן.gpx,497,2026-04-20_כברי_געתון_גשר הזיו.gpx,חשוד - לבדיקה ידנית,FALSE,1.1,595,4.5,25.6,428.4,0.995
חשוד,156,2022-02-11_געתון_כברי_לימן.gpx,492,2026-04-08_געתון_כברי_גשר הזיו.gpx,חשוד - לבדיקה ידנית,FALSE,1.4,567.4,3.5,29.9,431.9,0.995
חשוד,156,2022-02-11_געתון_כברי_לימן.gpx,282,2022-12-30_געתון_כברי_לימן.gpx,חשוד - לבדיקה ידנית,FALSE,3.5,599.1,6,10.5,25.4,1
חשוד,156,2022-02-11_געתון_כברי_לימן.gpx,280,2022-12-23_געתון_כברי_לימן.gpx,חשוד - לבדיקה ידנית,TRUE,1,599,5.5,502.7,3791.1,0.792
חשוד,156,2022-02-11_געתון_כברי_לימן.gpx,284,2023-01-10_געתון_כברי_לימן.gpx,חשוד - לבדיקה ידנית,TRUE,2,595.5,9.5,15,370.8,1
חשוד,156,2022-02-11_געתון_כברי_לימן.gpx,281,2022-12-28_געתון_גשר הזיו_כברי.gpx,חשוד - לבדיקה ידנית,FALSE,3.5,594.2,4.9,448.4,3464.1,0.802
חשוד,156,2022-02-11_געתון_כברי_לימן.gpx,475,2026-02-07_מעיליא_מנות_הילה.gpx,חשוד - לבדיקה ידנית,FALSE,4.1,592,6,625.3,4626.1,0.739
הכלה,156,2022-02-11_געתון_כברי_לימן.gpx,551,2026-08-08_מנות_כברי_הילה.gpx,מוכל-ב,,,,,76.4,1311,0.952
הכלה,155,2022-02-10_געתון_יחיעם_עין יעקב.gpx,154,2022-02-02_געתון_יחיעם.gpx,מוכל-ב,,,,,13.2,22.7,1
הכלה,155,2022-02-10_געתון_יחיעם_עין יעקב.gpx,230,2022-07-19_כברי_געתון_לימן.gpx,מוכל-ב,,,,,11.3,20.6,1
הכלה,155,2022-02-10_געתון_יחיעם_עין יעקב.gpx,360,2024-03-09_געתון_עין יעקב.gpx,מוכל-ב,,,,,12.8,50.8,1
הכלה,155,2022-02-10_געתון_יחיעם_עין יעקב.gpx,44,2013-08-16_געתון_שלומי_כפר ראש הנקרה.gpx,מוכל-ב,,,,,5.6,20.3,1
הכלה,155,2022-02-10_געתון_יחיעם_עין יעקב.gpx,453,2025-10-02_געתון_כברי_גשר הזיו.gpx,מוכל-ב,,,,,7.4,11.7,1
הכלה,155,2022-02-10_געתון_יחיעם_עין יעקב.gpx,355,2024-02-23_געתון_עין יעקב.gpx,מוכל-ב,,,,,4.7,10.3,1
הכלה,155,2022-02-10_געתון_יחיעם_עין יעקב.gpx,455,2025-10-11_געתון_יחיעם_כברי.gpx,מוכל-ב,,,,,14.9,23.2,1
הכלה,155,2022-02-10_געתון_יחיעם_עין יעקב.gpx,476,2026-02-13_עין יעקב_געתון.gpx,מוכל-ב,,,,,18,25.9,1
הכלה,155,2022-02-10_געתון_יחיעם_עין יעקב.gpx,122,2021-11-19_געתון_יחיעם.gpx,מוכל-ב,,,,,9.3,16.9,1
הכלה,155,2022-02-10_געתון_יחיעם_עין יעקב.gpx,72,2013-10-02_געתון_עין יעקב_מעיליא.gpx,מוכל-ב,,,,,10.4,40.3,1
הכלה,155,2022-02-10_געתון_יחיעם_עין יעקב.gpx,123,2021-11-22_געתון_יחיעם.gpx,מוכל-ב,,,,,4.9,23.4,1
הכלה,155,2022-02-10_געתון_יחיעם_עין יעקב.gpx,3,2013-04-16_געתון_יחיעם_עין יעקב.gpx,מוכל-ב,,,,,14.4,21.6,1
הכלה,155,2022-02-10_געתון_יחיעם_עין יעקב.gpx,452,2025-10-01_שבי ציון_כברי_נהרייה.gpx,מוכל-ב,,,,,5.4,19,1
הכלה,155,2022-02-10_געתון_יחיעם_עין יעקב.gpx,157,2022-02-16_געתון_יחיעם.gpx,מוכל-ב,,,,,8.5,12.9,1
הכלה,155,2022-02-10_געתון_יחיעם_עין יעקב.gpx,211,2022-06-15_געתון_כברי_לימן.gpx,מוכל-ב,,,,,5.8,22.8,1
הכלה,155,2022-02-10_געתון_יחיעם_עין יעקב.gpx,502,2026-05-07_געתון_כברי_לימן.gpx,מוכל-ב,,,,,8.9,21.8,1
הכלה,155,2022-02-10_געתון_יחיעם_עין יעקב.gpx,490,2026-03-25_געתון_גשר הזיו_כברי.gpx,מוכל-ב,,,,,7.1,13.2,1
הכלה,155,2022-02-10_געתון_יחיעם_עין יעקב.gpx,259,2022-10-29_געתון_מעיליא_מעונה.gpx,מוכל-ב,,,,,11.6,61,1
הכלה,155,2022-02-10_געתון_יחיעם_עין יעקב.gpx,156,2022-02-11_געתון_כברי_לימן.gpx,מוכל-ב,,,,,5.8,24.3,1
הכלה,155,2022-02-10_געתון_יחיעם_עין יעקב.gpx,137,2021-12-21_געתון_יחיעם.gpx,מוכל-ב,,,,,5.5,8.1,1
הכלה,155,2022-02-10_געתון_יחיעם_עין יעקב.gpx,174,2022-04-02_געתון_מעיליא_נווה זיו.gpx,מוכל-ב,,,,,6.1,24.7,1
הכלה,155,2022-02-10_געתון_יחיעם_עין יעקב.gpx,447,2025-09-22_שבי ציון_כברי_נהרייה.gpx,מוכל-ב,,,,,18.1,20.9,1
הכלה,155,2022-02-10_געתון_יחיעם_עין יעקב.gpx,164,2022-02-27_געתון_יחיעם.gpx,מוכל-ב,,,,,3.7,15.9,1
הכלה,155,2022-02-10_געתון_יחיעם_עין יעקב.gpx,206,2022-06-04_געתון_כברי_נהרייה.gpx,מוכל-ב,,,,,8.8,16.9,1
הכלה,155,2022-02-10_געתון_יחיעם_עין יעקב.gpx,262,2022-11-09_געתון_יחיעם.gpx,מוכל-ב,,,,,7.9,20.3,1
הכלה,155,2022-02-10_געתון_יחיעם_עין יעקב.gpx,226,2022-07-11_געתון_כברי_כפר ראש הנקרה.gpx,מוכל-ב,,,,,12.4,18.2,1
הכלה,155,2022-02-10_געתון_יחיעם_עין יעקב.gpx,550,2026-08-08_געתון_כברי_מנות.gpx,מוכל-ב,,,,,10.9,21.8,1
הכלה,155,2022-02-10_געתון_יחיעם_עין יעקב.gpx,270,2022-12-03_מנות_הילה_מעיליא.gpx,מוכל-ב,,,,,7.5,23.2,1
הכלה,155,2022-02-10_געתון_יחיעם_עין יעקב.gpx,497,2026-04-20_כברי_געתון_גשר הזיו.gpx,מוכל-ב,,,,,6.8,15.7,1
הכלה,155,2022-02-10_געתון_יחיעם_עין יעקב.gpx,528,2026-06-24 געתון_נהריה_ראש-הנקרה_נהריה_געתון.gpx,מוכל-ב,,,,,5.2,19.2,1
הכלה,155,2022-02-10_געתון_יחיעם_עין יעקב.gpx,187,2022-04-24_געתון_יחיעם.gpx,מוכל-ב,,,,,5.7,18.6,1
הכלה,155,2022-02-10_געתון_יחיעם_עין יעקב.gpx,146,2022-01-15_געתון_יחיעם.gpx,מוכל-ב,,,,,5.1,11.2,1
הכלה,155,2022-02-10_געתון_יחיעם_עין יעקב.gpx,76,2013-10-09_עין יעקב_געתון.gpx,מוכל-ב,,,,,16.4,34.6,1
הכלה,155,2022-02-10_געתון_יחיעם_עין יעקב.gpx,286,2023-01-18_געתון_כברי_גשר הזיו.gpx,מוכל-ב,,,,,5.3,18.7,1
הכלה,155,2022-02-10_געתון_יחיעם_עין יעקב.gpx,101,2021-09-14_געתון_יחיעם.gpx,מוכל-ב,,,,,5.9,14.9,1
הכלה,155,2022-02-10_געתון_יחיעם_עין יעקב.gpx,344,2023-12-19_געתון_עין יעקב_יחיעם_1.gpx,מוכל-ב,,,,,9.7,18.3,1
הכלה,155,2022-02-10_געתון_יחיעם_עין יעקב.gpx,124,2021-11-23_געתון_יחיעם.gpx,מוכל-ב,,,,,3.9,16.7,1
הכלה,155,2022-02-10_געתון_יחיעם_עין יעקב.gpx,35,2013-07-30_מעונה_עין יעקב_געתון.gpx,מוכל-ב,,,,,8.3,17.5,1
הכלה,155,2022-02-10_געתון_יחיעם_עין יעקב.gpx,202,2022-05-31_געתון_יחיעם.gpx,מוכל-ב,,,,,3.4,17.5,1
הכלה,155,2022-02-10_געתון_יחיעם_עין יעקב.gpx,23,2013-06-30_געתון_יחיעם_עין יעקב.gpx,מוכל-ב,,,,,10.2,13.7,1
הכלה,155,2022-02-10_געתון_יחיעם_עין יעקב.gpx,216,2022-06-24_מנות_מעיליא_כברי.gpx,מוכל-ב,,,,,12,17.2,1
הכלה,155,2022-02-10_געתון_יחיעם_עין יעקב.gpx,214,2022-06-19_געתון_כברי_לימן.gpx,מוכל-ב,,,,,5,18.6,1
הכלה,155,2022-02-10_געתון_יחיעם_עין יעקב.gpx,195,2022-05-18_געתון_יחיעם.gpx,מוכל-ב,,,,,2.8,16,1
הכלה,155,2022-02-10_געתון_יחיעם_עין יעקב.gpx,265,2022-11-18_געתון_יחיעם_עין יעקב.gpx,מוכל-ב,,,,,6,17.4,1
הכלה,155,2022-02-10_געתון_יחיעם_עין יעקב.gpx,92,2021-09-03_געתון_מעיליא_מעונה.gpx,מוכל-ב,,,,,12.5,19,1
הכלה,155,2022-02-10_געתון_יחיעם_עין יעקב.gpx,536,2026-07-07_עבדון_געתון_יערה.gpx,מוכל-ב,,,,,6.4,14.7,1
הכלה,155,2022-02-10_געתון_יחיעם_עין יעקב.gpx,142,2022-01-04_געתון_יחיעם.gpx,מוכל-ב,,,,,9.1,20,1
הכלה,155,2022-02-10_געתון_יחיעם_עין יעקב.gpx,93,2021-09-04_געתון_מעיליא_מעונה.gpx,מוכל-ב,,,,,20.2,24.9,1
הכלה,155,2022-02-10_געתון_יחיעם_עין יעקב.gpx,67,2013-09-25_געתון_עין יעקב_מעיליא.gpx,מוכל-ב,,,,,13.3,40.1,1
הכלה,155,2022-02-10_געתון_יחיעם_עין יעקב.gpx,551,2026-08-08_מנות_כברי_הילה.gpx,מוכל-ב,,,,,5.3,18.5,1
הכלה,155,2022-02-10_געתון_יחיעם_עין יעקב.gpx,541,2026-07-14_שבי ציון_כברי_נהרייה.gpx,מוכל-ב,,,,,14.5,23,1
הכלה,155,2022-02-10_געתון_יחיעם_עין יעקב.gpx,277,2022-12-16_געתון_יחיעם_עין יעקב.gpx,מוכל-ב,,,,,5.2,17.5,1
הכלה,155,2022-02-10_געתון_יחיעם_עין יעקב.gpx,511,2026-05-27_געתון_עין יעקב.gpx,מוכל-ב,,,,,18.6,88.1,1
הכלה,155,2022-02-10_געתון_יחיעם_עין יעקב.gpx,150,2022-01-21_געתון_יחיעם.gpx,מוכל-ב,,,,,3.8,22.5,1
הכלה,155,2022-02-10_געתון_יחיעם_עין יעקב.gpx,102,2021-09-16_געתון_יחיעם.gpx,מוכל-ב,,,,,9.4,18.7,1
הכלה,155,2022-02-10_געתון_יחיעם_עין יעקב.gpx,162,2022-02-23_געתון_יחיעם.gpx,מוכל-ב,,,,,3.6,7.8,1
הכלה,155,2022-02-10_געתון_יחיעם_עין יעקב.gpx,60,2013-09-13_עין יעקב_מעיליא_מנות.gpx,מוכל-ב,,,,,20.9,51.8,1
הכלה,155,2022-02-10_געתון_יחיעם_עין יעקב.gpx,255,2022-10-23_געתון_יחיעם.gpx,מוכל-ב,,,,,5,10.1,1
הכלה,155,2022-02-10_געתון_יחיעם_עין יעקב.gpx,105,2021-09-21_מעיליא_געתון_מעונה.gpx,מוכל-ב,,,,,7.7,21.5,1
הכלה,155,2022-02-10_געתון_יחיעם_עין יעקב.gpx,264,2022-11-17_געתון_יחיעם.gpx,מוכל-ב,,,,,5.6,19.8,1
הכלה,155,2022-02-10_געתון_יחיעם_עין יעקב.gpx,199,2022-05-26_געתון_יחיעם.gpx,מוכל-ב,,,,,10.5,14,1
הכלה,155,2022-02-10_געתון_יחיעם_עין יעקב.gpx,57,2013-09-08_געתון_יחיעם_עין יעקב.gpx,מוכל-ב,,,,,5.4,37.8,1
הכלה,155,2022-02-10_געתון_יחיעם_עין יעקב.gpx,535,2026-07-04_מעיליא_מנות_הילה.gpx,מוכל-ב,,,,,5.4,9.1,1
הכלה,155,2022-02-10_געתון_יחיעם_עין יעקב.gpx,172,2022-03-25_געתון_יחיעם.gpx,מוכל-ב,,,,,8.2,15.2,1
הכלה,155,2022-02-10_געתון_יחיעם_עין יעקב.gpx,74,2013-10-06_מעונה_עין יעקב_געתון.gpx,מוכל-ב,,,,,16.6,47,1
הכלה,155,2022-02-10_געתון_יחיעם_עין יעקב.gpx,61,2013-09-14_עין המפרץ_געתון_מזרעה.gpx,מוכל-ב,,,,,8.5,39.8,1
הכלה,155,2022-02-10_געתון_יחיעם_עין יעקב.gpx,492,2026-04-08_געתון_כברי_גשר הזיו.gpx,מוכל-ב,,,,,11.1,13.8,1
הכלה,155,2022-02-10_געתון_יחיעם_עין יעקב.gpx,125,2021-11-27_מעיליא_געתון_נווה זיו.gpx,מוכל-ב,,,,,5.6,18.6,1
הכלה,155,2022-02-10_געתון_יחיעם_עין יעקב.gpx,48,2013-08-24_מזרעה_שבי ציון_געתון.gpx,מוכל-ב,,,,,15.6,21.6,1
הכלה,155,2022-02-10_געתון_יחיעם_עין יעקב.gpx,543,2026-07-19_עין יעקב_מנות_עבדון.gpx,מוכל-ב,,,,,7.9,24.7,1
הכלה,155,2022-02-10_געתון_יחיעם_עין יעקב.gpx,513,2026-05-30_געתון_עין יעקב_מעיליא.gpx,מוכל-ב,,,,,4.2,20.3,1
הכלה,155,2022-02-10_געתון_יחיעם_עין יעקב.gpx,228,2022-07-16_מנות_געתון_מעיליא.gpx,מוכל-ב,,,,,10.7,18.6,1
הכלה,155,2022-02-10_געתון_יחיעם_עין יעקב.gpx,50,2013-08-28_געתון_יחיעם_עין יעקב.gpx,מוכל-ב,,,,,14.8,72.2,1
הכלה,155,2022-02-10_געתון_יחיעם_עין יעקב.gpx,52,2013-08-30_מעונה_עין יעקב_געתון.gpx,מוכל-ב,,,,,14.4,76.5,1
הכלה,155,2022-02-10_געתון_יחיעם_עין יעקב.gpx,201,2022-05-29_געתון_כברי_לימן.gpx,מוכל-ב,,,,,7.9,14.6,1
הכלה,155,2022-02-10_געתון_יחיעם_עין יעקב.gpx,221,2022-07-02_יחיעם_געתון_עין יעקב.gpx,מוכל-ב,,,,,12.5,23.3,1
הכלה,155,2022-02-10_געתון_יחיעם_עין יעקב.gpx,283,2023-01-09_געתון_יחיעם.gpx,מוכל-ב,,,,,4.6,18.2,1
הכלה,155,2022-02-10_געתון_יחיעם_עין יעקב.gpx,520,2026-06-06_געתון_בוסתן הגליל_נתיב השיירה.gpx,מוכל-ב,,,,,12,15.8,1
הכלה,155,2022-02-10_געתון_יחיעם_עין יעקב.gpx,505,2026-05-13_עבדון_כברי_גורן.gpx,מוכל-ב,,,,,13.9,18.9,1
הכלה,155,2022-02-10_געתון_יחיעם_עין יעקב.gpx,268,2022-11-24_געתון_יחיעם_עין יעקב.gpx,מוכל-ב,,,,,7.8,17.6,1
הכלה,155,2022-02-10_געתון_יחיעם_עין יעקב.gpx,446,2025-09-20_געתון_יחיעם_עין יעקב.gpx,מוכל-ב,,,,,4,15,1
הכלה,155,2022-02-10_געתון_יחיעם_עין יעקב.gpx,282,2022-12-30_געתון_כברי_לימן.gpx,מוכל-ב,,,,,4,20.5,1
הכלה,155,2022-02-10_געתון_יחיעם_עין יעקב.gpx,488,2026-03-18_געתון_כברי_גשר הזיו.gpx,מוכל-ב,,,,,10.5,16,1
הכלה,155,2022-02-10_געתון_יחיעם_עין יעקב.gpx,131,2021-12-09_געתון_יחיעם.gpx,מוכל-ב,,,,,7.9,18.8,1
הכלה,155,2022-02-10_געתון_יחיעם_עין יעקב.gpx,557,2026-08-14_געתון_כברי.gpx,מוכל-ב,,,,,14.4,19.9,1
הכלה,155,2022-02-10_געתון_יחיעם_עין יעקב.gpx,96,2021-09-08_געתון_יחיעם.gpx,מוכל-ב,,,,,7.5,17.7,1
הכלה,155,2022-02-10_געתון_יחיעם_עין יעקב.gpx,56,2013-09-07_געתון_מעונה_גשר הזיו.gpx,מוכל-ב,,,,,9,40.5,1
הכלה,155,2022-02-10_געתון_יחיעם_עין יעקב.gpx,429,2025-03-02_געתון_עין יעקב_יחיעם.gpx,מוכל-ב,,,,,9.4,20.4,1
הכלה,155,2022-02-10_געתון_יחיעם_עין יעקב.gpx,278,2022-12-17_מנות_מעיליא_הילה.gpx,מוכל-ב,,,,,6.1,22.4,1
הכלה,155,2022-02-10_געתון_יחיעם_עין יעקב.gpx,173,2022-04-01_געתון_יחיעם.gpx,מוכל-ב,,,,,9.1,16.3,1
הכלה,155,2022-02-10_געתון_יחיעם_עין יעקב.gpx,280,2022-12-23_געתון_כברי_לימן.gpx,מוכל-ב,,,,,5.3,7.5,1
הכלה,155,2022-02-10_געתון_יחיעם_עין יעקב.gpx,558,2026-08-14_געתון_כברי_מצובה.gpx,מוכל-ב,,,,,4.7,13.1,1
הכלה,155,2022-02-10_געתון_יחיעם_עין יעקב.gpx,160,2022-02-19_געתון_יחיעם.gpx,מוכל-ב,,,,,3.7,9.1,1
הכלה,155,2022-02-10_געתון_יחיעם_עין יעקב.gpx,198,2022-05-25_געתון_יחיעם.gpx,מוכל-ב,,,,,8.3,16.1,1
הכלה,155,2022-02-10_געתון_יחיעם_עין יעקב.gpx,185,2022-04-21_געתון_יחיעם.gpx,מוכל-ב,,,,,6.4,7.7,1
הכלה,155,2022-02-10_געתון_יחיעם_עין יעקב.gpx,159,2022-02-18_געתון_כברי_גשר הזיו.gpx,מוכל-ב,,,,,6.2,19.5,1
הכלה,155,2022-02-10_געתון_יחיעם_עין יעקב.gpx,254,2022-10-21_געתון_יחיעם.gpx,מוכל-ב,,,,,5.4,13.6,1
הכלה,155,2022-02-10_געתון_יחיעם_עין יעקב.gpx,275,2022-12-10_מנות_הילה_כברי.gpx,מוכל-ב,,,,,10.3,16.6,1
הכלה,155,2022-02-10_געתון_יחיעם_עין יעקב.gpx,260,2022-11-04_מעיליא_געתון_מעונה.gpx,מוכל-ב,,,,,8,20.4,1
הכלה,155,2022-02-10_געתון_יחיעם_עין יעקב.gpx,166,2022-03-01_געתון_יחיעם.gpx,מוכל-ב,,,,,6.7,10.3,1
הכלה,155,2022-02-10_געתון_יחיעם_עין יעקב.gpx,29,2013-07-19_עין יעקב_מעונה_מנות.gpx,מוכל-ב,,,,,7.2,18.6,1
הכלה,155,2022-02-10_געתון_יחיעם_עין יעקב.gpx,193,2022-05-14_מנות_געתון_מעיליא.gpx,מוכל-ב,,,,,9.3,20.6,1
הכלה,155,2022-02-10_געתון_יחיעם_עין יעקב.gpx,43,2013-08-14_געתון_מעונה_עין יעקב.gpx,מוכל-ב,,,,,5.2,21.3,1
הכלה,155,2022-02-10_געתון_יחיעם_עין יעקב.gpx,479,2026-02-25_שבי ציון_נהרייה_כברי.gpx,מוכל-ב,,,,,9.1,12.8,1
הכלה,155,2022-02-10_געתון_יחיעם_עין יעקב.gpx,24,2013-07-08_עין יעקב_מעונה_געתון.gpx,מוכל-ב,,,,,14.7,21.8,1
הכלה,155,2022-02-10_געתון_יחיעם_עין יעקב.gpx,534,2026-07-04 געתון_חרדלית_מנות_הילה_עין_זיו_חרדלית_געתון.gpx,מוכל-ב,,,,,19.2,25.5,1
הכלה,155,2022-02-10_געתון_יחיעם_עין יעקב.gpx,100,2021-09-12_געתון_יחיעם.gpx,מוכל-ב,,,,,8,14.5,1
הכלה,155,2022-02-10_געתון_יחיעם_עין יעקב.gpx,128,2021-12-04_געתון_מעיליא_מעונה.gpx,מוכל-ב,,,,,10.4,16.9,1
הכלה,155,2022-02-10_געתון_יחיעם_עין יעקב.gpx,257,2022-10-26_געתון_יחיעם.gpx,מוכל-ב,,,,,5.3,13.1,1
הכלה,155,2022-02-10_געתון_יחיעם_עין יעקב.gpx,236,2022-08-09_געתון_יחיעם.gpx,מוכל-ב,,,,,6.9,12,1
הכלה,155,2022-02-10_געתון_יחיעם_עין יעקב.gpx,276,2022-12-12_געתון_יחיעם_עין יעקב.gpx,מוכל-ב,,,,,21.3,24.9,1
הכלה,155,2022-02-10_געתון_יחיעם_עין יעקב.gpx,70,2013-09-28_עין יעקב_מזרעה_שבי ציון.gpx,מוכל-ב,,,,,24.6,132.4,0.933
הכלה,155,2022-02-10_געתון_יחיעם_עין יעקב.gpx,34,2013-07-27_געתון_כברי_מנות.gpx,מוכל-ב,,,,,17.7,24.9,1
הכלה,155,2022-02-10_געתון_יחיעם_עין יעקב.gpx,209,2022-06-11_מנות_מעיליא_כברי.gpx,מוכל-ב,,,,,9.7,21,1
הכלה,155,2022-02-10_געתון_יחיעם_עין יעקב.gpx,177,2022-04-07_געתון_יחיעם.gpx,מוכל-ב,,,,,6.7,34.1,1
הכלה,155,2022-02-10_געתון_יחיעם_עין יעקב.gpx,175,2022-04-03_געתון_יחיעם.gpx,מוכל-ב,,,,,3.6,15.6,1
הכלה,155,2022-02-10_געתון_יחיעם_עין יעקב.gpx,161,2022-02-22_געתון_יחיעם.gpx,מוכל-ב,,,,,6,8.2,1
הכלה,155,2022-02-10_געתון_יחיעם_עין יעקב.gpx,197,2022-05-20_געתון_כברי_לימן.gpx,מוכל-ב,,,,,6.8,10,1
הכלה,155,2022-02-10_געתון_יחיעם_עין יעקב.gpx,152,2022-01-30_געתון_יחיעם.gpx,מוכל-ב,,,,,4.8,18.9,1
הכלה,155,2022-02-10_געתון_יחיעם_עין יעקב.gpx,253,2022-10-17_געתון_מעיליא_מעונה.gpx,מוכל-ב,,,,,10.8,61.1,1
הכלה,155,2022-02-10_געתון_יחיעם_עין יעקב.gpx,234,2022-08-02_געתון_יחיעם.gpx,מוכל-ב,,,,,11,51.1,1
הכלה,155,2022-02-10_געתון_יחיעם_עין יעקב.gpx,26,2013-07-12_געתון_שלומי_כפר ראש הנקרה.gpx,מוכל-ב,,,,,11.9,26.8,1
הכלה,155,2022-02-10_געתון_יחיעם_עין יעקב.gpx,519,2026-06-06 געתון_רגבה_עכו.gpx,מוכל-ב,,,,,9.7,17.9,1
הכלה,155,2022-02-10_געתון_יחיעם_עין יעקב.gpx,21,2013-06-26_געתון_עין יעקב.gpx,מוכל-ב,,,,,16.6,23.8,1
הכלה,155,2022-02-10_געתון_יחיעם_עין יעקב.gpx,153,2022-02-01_געתון_יחיעם.gpx,מוכל-ב,,,,,4.8,9.3,1
הכלה,155,2022-02-10_געתון_יחיעם_עין יעקב.gpx,180,2022-04-13_געתון_יחיעם.gpx,מוכל-ב,,,,,13.9,21,1
הכלה,155,2022-02-10_געתון_יחיעם_עין יעקב.gpx,540,2026-07-14_שבי ציון_געתון_נהרייה.gpx,מוכל-ב,,,,,14.9,20.4,1
הכלה,155,2022-02-10_געתון_יחיעם_עין יעקב.gpx,439,2025-08-28_געתון_כברי_לימן.gpx,מוכל-ב,,,,,4.7,23,1
הכלה,155,2022-02-10_געתון_יחיעם_עין יעקב.gpx,483,2026-03-05_געתון_כברי.gpx,מוכל-ב,,,,,17.3,23.8,1
הכלה,155,2022-02-10_געתון_יחיעם_עין יעקב.gpx,138,2021-12-25_געתון_מעיליא_מעונה.gpx,מוכל-ב,,,,,9,18.5,1
הכלה,155,2022-02-10_געתון_יחיעם_עין יעקב.gpx,291,2023-02-17_געתון_יחיעם_עין יעקב.gpx,מוכל-ב,,,,,5.6,12.2,1
הכלה,155,2022-02-10_געתון_יחיעם_עין יעקב.gpx,345,2023-12-30_געתון_יחיעם_עין יעקב.gpx,מוכל-ב,,,,,14.9,43.7,1
הכלה,155,2022-02-10_געתון_יחיעם_עין יעקב.gpx,13,2013-06-06_געתון_עין יעקב.gpx,מוכל-ב,,,,,12.2,44.9,1
הכלה,155,2022-02-10_געתון_יחיעם_עין יעקב.gpx,243,2022-08-21_געתון_יחיעם.gpx,מוכל-ב,,,,,6.6,11.5,1
הכלה,155,2022-02-10_געתון_יחיעם_עין יעקב.gpx,167,2022-03-04_געתון_כברי_יחיעם.gpx,מוכל-ב,,,,,2.5,5.3,1
הכלה,155,2022-02-10_געתון_יחיעם_עין יעקב.gpx,32,2013-07-25_געתון_שלומי_כברי.gpx,מוכל-ב,,,,,19.3,25.3,1
הכלה,155,2022-02-10_געתון_יחיעם_עין יעקב.gpx,238,2022-08-13_מנות_הילה_מעיליא.gpx,מוכל-ב,,,,,12.1,15.9,1
הכלה,155,2022-02-10_געתון_יחיעם_עין יעקב.gpx,237,2022-08-10_געתון_יחיעם_עין יעקב.gpx,מוכל-ב,,,,,3.6,19,1
הכלה,155,2022-02-10_געתון_יחיעם_עין יעקב.gpx,191,2022-05-11_געתון_יחיעם.gpx,מוכל-ב,,,,,7.7,12.9,1
הכלה,155,2022-02-10_געתון_יחיעם_עין יעקב.gpx,448,2025-09-23_געתון_כברי_לימן.gpx,מוכל-ב,,,,,20.6,24.3,1
הכלה,155,2022-02-10_געתון_יחיעם_עין יעקב.gpx,47,2013-08-23_געתון_יחיעם.gpx,מוכל-ב,,,,,16.2,22.7,1
הכלה,155,2022-02-10_געתון_יחיעם_עין יעקב.gpx,71,2013-10-01_געתון_עין יעקב.gpx,מוכל-ב,,,,,5.1,37,1
הכלה,155,2022-02-10_געתון_יחיעם_עין יעקב.gpx,512,2026-05-27_עין יעקב_געתון.gpx,מוכל-ב,,,,,14.6,24.5,1
הכלה,155,2022-02-10_געתון_יחיעם_עין יעקב.gpx,188,2022-05-04_געתון_יחיעם.gpx,מוכל-ב,,,,,6.3,22.2,1
הכלה,155,2022-02-10_געתון_יחיעם_עין יעקב.gpx,356,2024-02-25_געתון_עין יעקב.gpx,מוכל-ב,,,,,12.3,33.3,1
הכלה,155,2022-02-10_געתון_יחיעם_עין יעקב.gpx,263,2022-11-11_געתון_יחיעם.gpx,מוכל-ב,,,,,5.6,19.9,1
הכלה,155,2022-02-10_געתון_יחיעם_עין יעקב.gpx,227,2022-07-15_געתון_כברי_לימן.gpx,מוכל-ב,,,,,5.5,18.1,1
הכלה,155,2022-02-10_געתון_יחיעם_עין יעקב.gpx,25,2013-07-10_עין יעקב_מעונה_געתון.gpx,מוכל-ב,,,,,15.6,23.8,1
הכלה,155,2022-02-10_געתון_יחיעם_עין יעקב.gpx,108,2021-09-26_געתון_יחיעם.gpx,מוכל-ב,,,,,15.9,22.4,1
הכלה,155,2022-02-10_געתון_יחיעם_עין יעקב.gpx,143,2022-01-07_געתון_מעיליא_מעונה.gpx,מוכל-ב,,,,,6.8,24.8,1
הכלה,155,2022-02-10_געתון_יחיעם_עין יעקב.gpx,242,2022-08-20_געתון_מנות_מעיליא.gpx,מוכל-ב,,,,,12.3,16.4,1
הכלה,155,2022-02-10_געתון_יחיעם_עין יעקב.gpx,233,2022-07-31_געתון_יחיעם.gpx,מוכל-ב,,,,,8.4,15.1,1
הכלה,155,2022-02-10_געתון_יחיעם_עין יעקב.gpx,279,2022-12-21_געתון_יחיעם.gpx,מוכל-ב,,,,,5.2,7.7,1
הכלה,155,2022-02-10_געתון_יחיעם_עין יעקב.gpx,192,2022-05-12_געתון_יחיעם.gpx,מוכל-ב,,,,,4.5,12.3,1
הכלה,155,2022-02-10_געתון_יחיעם_עין יעקב.gpx,183,2022-04-16_מנות_הילה_מעיליא.gpx,מוכל-ב,,,,,7.9,23.2,1
הכלה,155,2022-02-10_געתון_יחיעם_עין יעקב.gpx,241,2022-08-19_געתון_כברי_לימן.gpx,מוכל-ב,,,,,6.3,18.1,1
הכלה,155,2022-02-10_געתון_יחיעם_עין יעקב.gpx,145,2022-01-14_געתון_יחיעם.gpx,מוכל-ב,,,,,10.4,14.9,1
הכלה,155,2022-02-10_געתון_יחיעם_עין יעקב.gpx,496,2026-04-16_עין יעקב_מעונה_געתון.gpx,מוכל-ב,,,,,8.9,19.5,1
הכלה,155,2022-02-10_געתון_יחיעם_עין יעקב.gpx,27,2013-07-13_געתון_מעיליא_נווה זיו.gpx,מוכל-ב,,,,,17.2,22.2,1
הכלה,155,2022-02-10_געתון_יחיעם_עין יעקב.gpx,36,2013-08-01_מעונה_עין יעקב_געתון.gpx,מוכל-ב,,,,,17.7,24.8,1
הכלה,155,2022-02-10_געתון_יחיעם_עין יעקב.gpx,284,2023-01-10_געתון_כברי_לימן.gpx,מוכל-ב,,,,,5.6,10.2,1
הכלה,155,2022-02-10_געתון_יחיעם_עין יעקב.gpx,140,2021-12-31_געתון_מעיליא_מעונה.gpx,מוכל-ב,,,,,8.6,20.8,1
הכלה,155,2022-02-10_געתון_יחיעם_עין יעקב.gpx,339,2023-10-21_געתון_עין יעקב.gpx,מוכל-ב,,,,,16.9,37,1
הכלה,155,2022-02-10_געתון_יחיעם_עין יעקב.gpx,79,2015-07-06_געתון_עין יעקב_יחיעם.gpx,מוכל-ב,,,,,20.8,25.3,1
הכלה,155,2022-02-10_געתון_יחיעם_עין יעקב.gpx,261,2022-11-07_געתון_יחיעם_עין יעקב.gpx,מוכל-ב,,,,,6.3,11.5,1
הכלה,155,2022-02-10_געתון_יחיעם_עין יעקב.gpx,28,2013-07-15_געתון_שבי ציון_גשר הזיו.gpx,מוכל-ב,,,,,13.6,20.9,1
הכלה,155,2022-02-10_געתון_יחיעם_עין יעקב.gpx,224,2022-07-08_מנות_געתון_הילה.gpx,מוכל-ב,,,,,15.7,19.3,1
הכלה,155,2022-02-10_געתון_יחיעם_עין יעקב.gpx,14,2013-06-08_שבי ציון_געתון_כברי.gpx,מוכל-ב,,,,,17.1,23.7,1
הכלה,155,2022-02-10_געתון_יחיעם_עין יעקב.gpx,346,2023-12-31_געתון_יחיעם_עין יעקב.gpx,מוכל-ב,,,,,21.1,75.1,1
הכלה,155,2022-02-10_געתון_יחיעם_עין יעקב.gpx,210,2022-06-12_געתון_יחיעם.gpx,מוכל-ב,,,,,5.3,10,1
הכלה,155,2022-02-10_געתון_יחיעם_עין יעקב.gpx,281,2022-12-28_געתון_גשר הזיו_כברי.gpx,מוכל-ב,,,,,5.4,12.5,1
הכלה,155,2022-02-10_געתון_יחיעם_עין יעקב.gpx,484,2026-03-06_עין יעקב_געתון_כברי.gpx,מוכל-ב,,,,,23,53.5,1
הכלה,155,2022-02-10_געתון_יחיעם_עין יעקב.gpx,208,2022-06-09_געתון_יחיעם_עין יעקב.gpx,מוכל-ב,,,,,7.4,10.3,1
הכלה,155,2022-02-10_געתון_יחיעם_עין יעקב.gpx,443,2025-09-10_געתון_יחיעם_כברי.gpx,מוכל-ב,,,,,9.7,13.6,1
הכלה,155,2022-02-10_געתון_יחיעם_עין יעקב.gpx,347,2024-01-03_געתון_יחיעם_עין יעקב.gpx,מוכל-ב,,,,,18.2,45.6,1
הכלה,155,2022-02-10_געתון_יחיעם_עין יעקב.gpx,16,2013-06-14_געתון_נהרייה_נתיב השיירה.gpx,מוכל-ב,,,,,20.8,31.1,1
הכלה,155,2022-02-10_געתון_יחיעם_עין יעקב.gpx,62,2013-09-18_געתון_מעיליא_מנות.gpx,מוכל-ב,,,,,5.9,41.5,1
הכלה,155,2022-02-10_געתון_יחיעם_עין יעקב.gpx,292,2023-02-18_געתון_יחיעם_עין יעקב.gpx,מוכל-ב,,,,,10.8,15.9,1
הכלה,155,2022-02-10_געתון_יחיעם_עין יעקב.gpx,215,2022-06-21_געתון_יחיעם_עין יעקב.gpx,מוכל-ב,,,,,5.1,22.6,1
הכלה,155,2022-02-10_געתון_יחיעם_עין יעקב.gpx,223,2022-07-07_געתון_יחיעם.gpx,מוכל-ב,,,,,7.9,14.4,1
הכלה,155,2022-02-10_געתון_יחיעם_עין יעקב.gpx,232,2022-07-23_געתון_נווה זיו.gpx,מוכל-ב,,,,,5.8,22.2,1
הכלה,155,2022-02-10_געתון_יחיעם_עין יעקב.gpx,239,2022-08-14_געתון_כברי_לימן.gpx,מוכל-ב,,,,,5.3,16.6,1
הכלה,155,2022-02-10_געתון_יחיעם_עין יעקב.gpx,55,2013-09-05_געתון_יחיעם_עין יעקב.gpx,מוכל-ב,,,,,15,42.8,1
הכלה,155,2022-02-10_געתון_יחיעם_עין יעקב.gpx,363,2024-03-29_געתון_עין יעקב.gpx,מוכל-ב,,,,,20.8,34.8,1
הכלה,155,2022-02-10_געתון_יחיעם_עין יעקב.gpx,40,2013-08-08_געתון_כברי.gpx,מוכל-ב,,,,,12.8,24.2,1
הכלה,155,2022-02-10_געתון_יחיעם_עין יעקב.gpx,151,2022-01-29_געתון_יחיעם.gpx,מוכל-ב,,,,,10.3,14.4,1
הכלה,155,2022-02-10_געתון_יחיעם_עין יעקב.gpx,442,2025-09-08_געתון_יחיעם_כברי.gpx,מוכל-ב,,,,,6.6,10.2,1
הכלה,155,2022-02-10_געתון_יחיעם_עין יעקב.gpx,482,2026-02-28_געתון_כברי.gpx,מוכל-ב,,,,,13.4,20.5,1
הכלה,155,2022-02-10_געתון_יחיעם_עין יעקב.gpx,340,2023-10-21_געתון_עין יעקב_1.gpx,מוכל-ב,,,,,8.3,37.9,1
הכלה,155,2022-02-10_געתון_יחיעם_עין יעקב.gpx,184,2022-04-19_געתון_יחיעם_כברי.gpx,מוכל-ב,,,,,10.4,20.5,1
הכלה,155,2022-02-10_געתון_יחיעם_עין יעקב.gpx,117,2021-11-06_מעיליא_געתון_מעונה.gpx,מוכל-ב,,,,,15.7,21.9,1
הכלה,155,2022-02-10_געתון_יחיעם_עין יעקב.gpx,348,2024-01-03_געתון_יחיעם_עין יעקב_1.gpx,מוכל-ב,,,,,13.7,37.3,1
הכלה,155,2022-02-10_געתון_יחיעם_עין יעקב.gpx,139,2021-12-29_געתון_יחיעם.gpx,מוכל-ב,,,,,9,12.7,1
הכלה,155,2022-02-10_געתון_יחיעם_עין יעקב.gpx,165,2022-02-28_געתון_כברי_לימן.gpx,מוכל-ב,,,,,5.7,8.8,1
הכלה,155,2022-02-10_געתון_יחיעם_עין יעקב.gpx,266,2022-11-19_מעיליא_געתון_מעונה.gpx,מוכל-ב,,,,,4.6,20.6,1
הכלה,155,2022-02-10_געתון_יחיעם_עין יעקב.gpx,256,2022-10-24_געתון_יחיעם.gpx,מוכל-ב,,,,,7.2,12.4,1
הכלה,155,2022-02-10_געתון_יחיעם_עין יעקב.gpx,42,2013-08-12_געתון_כברי_לימן.gpx,מוכל-ב,,,,,10.4,43.7,1
הכלה,155,2022-02-10_געתון_יחיעם_עין יעקב.gpx,293,2023-02-20_געתון_יחיעם_עין יעקב.gpx,מוכל-ב,,,,,7.3,15.5,1
הכלה,155,2022-02-10_געתון_יחיעם_עין יעקב.gpx,196,2022-05-19_געתון_מעונה_עין יעקב.gpx,מוכל-ב,,,,,11.4,22.9,1
הכלה,155,2022-02-10_געתון_יחיעם_עין יעקב.gpx,626,יער הדובים השיירה סינגל בני.gpx,מוכל-ב,,,,,10.4,19.9,1
הכלה,155,2022-02-10_געתון_יחיעם_עין יעקב.gpx,107,2021-09-25_מעיליא_געתון_מעונה.gpx,מוכל-ב,,,,,13.1,20.3,1
הכלה,155,2022-02-10_געתון_יחיעם_עין יעקב.gpx,99,2021-09-11_געתון_מעיליא_מעונה.gpx,מוכל-ב,,,,,11.9,17.9,1
הכלה,155,2022-02-10_געתון_יחיעם_עין יעקב.gpx,189,2022-05-06_געתון_יחיעם.gpx,מוכל-ב,,,,,8.9,20.2,1
הכלה,155,2022-02-10_געתון_יחיעם_עין יעקב.gpx,68,2013-09-26_געתון_כפר ורדים_מנות.gpx,מוכל-ב,,,,,18.2,41.5,1
הכלה,155,2022-02-10_געתון_יחיעם_עין יעקב.gpx,475,2026-02-07_מעיליא_מנות_הילה.gpx,מוכל-ב,,,,,11.9,20.6,1
הכלה,155,2022-02-10_געתון_יחיעם_עין יעקב.gpx,478,2026-02-24_עין יעקב_מעונה_געתון.gpx,מוכל-ב,,,,,6,11.7,1
הכלה,155,2022-02-10_געתון_יחיעם_עין יעקב.gpx,91,2021-08-07_געתון_מעיליא_מעונה.gpx,מוכל-ב,,,,,9.8,23.2,1
הכלה,155,2022-02-10_געתון_יחיעם_עין יעקב.gpx,179,2022-04-12_געתון_יחיעם.gpx,מוכל-ב,,,,,7,11.4,1
הכלה,155,2022-02-10_געתון_יחיעם_עין יעקב.gpx,212,2022-06-16_געתון_יחיעם_עין יעקב.gpx,מוכל-ב,,,,,6.3,15.9,1
הכלה,155,2022-02-10_געתון_יחיעם_עין יעקב.gpx,200,2022-05-27_געתון_כברי_לימן.gpx,מוכל-ב,,,,,7.9,13.5,1
הכלה,155,2022-02-10_געתון_יחיעם_עין יעקב.gpx,194,2022-05-15_געתון_יחיעם.gpx,מוכל-ב,,,,,7,10.3,1
זהה,154,2022-02-02_געתון_יחיעם.gpx,345,2023-12-30_געתון_יחיעם_עין יעקב.gpx,זהה,FALSE,1.1,8.6,7.8,14.9,74.5,1
זהה,154,2022-02-02_געתון_יחיעם.gpx,188,2022-05-04_געתון_יחיעם.gpx,זהה,FALSE,0.5,1.1,3,7.4,19.9,1
זהה,154,2022-02-02_געתון_יחיעם.gpx,346,2023-12-31_געתון_יחיעם_עין יעקב.gpx,זהה,TRUE,1.4,20.2,43.6,13.4,88.4,1
זהה,154,2022-02-02_געתון_יחיעם.gpx,189,2022-05-06_געתון_יחיעם.gpx,זהה,TRUE,0.4,2.2,6.2,9.8,20.1,1
זהה,154,2022-02-02_געתון_יחיעם.gpx,179,2022-04-12_געתון_יחיעם.gpx,זהה,FALSE,0.5,1.5,6.4,11.6,20.3,1
זהה,154,2022-02-02_געתון_יחיעם.gpx,194,2022-05-15_געתון_יחיעם.gpx,זהה,FALSE,0.5,7.1,8.9,13,24.2,1
זהה,154,2022-02-02_געתון_יחיעם.gpx,157,2022-02-16_געתון_יחיעם.gpx,זהה,TRUE,0.4,4.8,4.8,9.9,16.4,1
זהה,154,2022-02-02_געתון_יחיעם.gpx,164,2022-02-27_געתון_יחיעם.gpx,זהה,TRUE,0.4,1.1,3.5,10.5,23.6,1
זהה,154,2022-02-02_געתון_יחיעם.gpx,173,2022-04-01_געתון_יחיעם.gpx,זהה,FALSE,0.3,1.5,3.8,12,22.8,1
זהה,154,2022-02-02_געתון_יחיעם.gpx,254,2022-10-21_געתון_יחיעם.gpx,זהה,FALSE,0.1,3.9,3.9,13.4,44.9,1
זהה,154,2022-02-02_געתון_יחיעם.gpx,177,2022-04-07_געתון_יחיעם.gpx,זהה,FALSE,0.9,22.2,3.3,7.8,22.2,1
זהה,154,2022-02-02_געתון_יחיעם.gpx,175,2022-04-03_געתון_יחיעם.gpx,זהה,FALSE,0.4,3,0.9,10.4,22.4,1
חשוד,154,2022-02-02_געתון_יחיעם.gpx,234,2022-08-02_געתון_יחיעם.gpx,חשוד - לבדיקה ידנית,TRUE,1,3.5,5.7,135.5,745.2,0.774
חשוד,154,2022-02-02_געתון_יחיעם.gpx,180,2022-04-13_געתון_יחיעם.gpx,חשוד - לבדיקה ידנית,TRUE,1.3,2.9,62.6,9.5,18.9,1
חשוד,154,2022-02-02_געתון_יחיעם.gpx,341,2023-11-20_געתון_עין יעקב.gpx,חשוד - לבדיקה ידנית,FALSE,1,356.4,5.4,88.4,503.8,0.738
חשוד,154,2022-02-02_געתון_יחיעם.gpx,191,2022-05-11_געתון_יחיעם.gpx,חשוד - לבדיקה ידנית,TRUE,3.8,1.5,1.9,135.6,752,0.774
חשוד,154,2022-02-02_געתון_יחיעם.gpx,233,2022-07-31_געתון_יחיעם.gpx,חשוד - לבדיקה ידנית,TRUE,4.3,1.9,1.2,40.9,229.1,0.831
חשוד,154,2022-02-02_געתון_יחיעם.gpx,261,2022-11-07_געתון_יחיעם_עין יעקב.gpx,חשוד - לבדיקה ידנית,TRUE,4.8,5.3,11.8,193.1,800.2,0.661
חשוד,154,2022-02-02_געתון_יחיעם.gpx,347,2024-01-03_געתון_יחיעם_עין יעקב.gpx,חשוד - לבדיקה ידנית,FALSE,3.6,8.7,7.1,11.6,83.1,1
חשוד,154,2022-02-02_געתון_יחיעם.gpx,344,2023-12-19_געתון_עין יעקב_יחיעם_1.gpx,חשוד - לבדיקה ידנית,TRUE,2.3,3.5,42.7,67.9,475.1,0.817
חשוד,154,2022-02-02_געתון_יחיעם.gpx,236,2022-08-09_געתון_יחיעם.gpx,חשוד - לבדיקה ידנית,FALSE,1.1,4,4.8,186.2,750.3,0.661
הכלה,154,2022-02-02_געתון_יחיעם.gpx,243,2022-08-21_געתון_יחיעם.gpx,מוכל-ב,,,,,16,119.4,1
הכלה,154,2022-02-02_געתון_יחיעם.gpx,210,2022-06-12_געתון_יחיעם.gpx,מוכל-ב,,,,,12.4,24,1
הכלה,154,2022-02-02_געתון_יחיעם.gpx,256,2022-10-24_געתון_יחיעם.gpx,מוכל-ב,,,,,9.8,20.1,1
הכלה,154,2022-02-02_געתון_יחיעם.gpx,48,2013-08-24_מזרעה_שבי ציון_געתון.gpx,מוכל-ב,,,,,33.7,221.8,0.935
הכלה,154,2022-02-02_געתון_יחיעם.gpx,160,2022-02-19_געתון_יחיעם.gpx,מוכל-ב,,,,,10.4,24,1
הכלה,154,2022-02-02_געתון_יחיעם.gpx,185,2022-04-21_געתון_יחיעם.gpx,מוכל-ב,,,,,15.2,71.2,1
הכלה,154,2022-02-02_געתון_יחיעם.gpx,257,2022-10-26_געתון_יחיעם.gpx,מוכל-ב,,,,,8.4,19.1,1
הכלה,154,2022-02-02_געתון_יחיעם.gpx,161,2022-02-22_געתון_יחיעם.gpx,מוכל-ב,,,,,11.7,22.4,1
זהה,153,2022-02-01_געתון_יחיעם.gpx,187,2022-04-24_געתון_יחיעם.gpx,זהה,TRUE,0.8,5.6,3.9,8.9,23.2,1
זהה,153,2022-02-01_געתון_יחיעם.gpx,202,2022-05-31_געתון_יחיעם.gpx,זהה,TRUE,0.5,5.7,6.7,10,24.2,1
זהה,153,2022-02-01_געתון_יחיעם.gpx,172,2022-03-25_געתון_יחיעם.gpx,זהה,FALSE,0.9,10.5,7.1,9.6,18.3,1
זהה,153,2022-02-01_געתון_יחיעם.gpx,198,2022-05-25_געתון_יחיעם.gpx,זהה,FALSE,0.7,8.9,4.5,9.8,23.3,1
זהה,153,2022-02-01_געתון_יחיעם.gpx,166,2022-03-01_געתון_יחיעם.gpx,זהה,TRUE,0,3.9,4.4,9.1,21.7,1
זהה,153,2022-02-01_געתון_יחיעם.gpx,283,2023-01-09_געתון_יחיעם.gpx,זהה,TRUE,1.7,2.2,3.1,5.8,21.4,1
זהה,153,2022-02-01_געתון_יחיעם.gpx,223,2022-07-07_געתון_יחיעם.gpx,זהה,FALSE,0.4,10.4,9.5,7.8,18.4,1
חשוד,153,2022-02-01_געתון_יחיעם.gpx,340,2023-10-21_געתון_עין יעקב_1.gpx,חשוד - לבדיקה ידנית,FALSE,4.5,7,7.9,11.9,97.2,1
הכלה,153,2022-02-01_געתון_יחיעם.gpx,24,2013-07-08_עין יעקב_מעונה_געתון.gpx,מוכל-ב,,,,,15.7,105.1,0.979
הכלה,153,2022-02-01_געתון_יחיעם.gpx,128,2021-12-04_געתון_מעיליא_מעונה.gpx,מוכל-ב,,,,,16.3,112.4,0.979
הכלה,153,2022-02-01_געתון_יחיעם.gpx,179,2022-04-12_געתון_יחיעם.gpx,מוכל-ב,,,,,9.2,16.6,1
הכלה,153,2022-02-01_געתון_יחיעם.gpx,70,2013-09-28_עין יעקב_מזרעה_שבי ציון.gpx,מוכל-ב,,,,,25,110.3,0.979
הכלה,153,2022-02-01_געתון_יחיעם.gpx,34,2013-07-27_געתון_כברי_מנות.gpx,מוכל-ב,,,,,21.2,106.4,0.979
הכלה,153,2022-02-01_געתון_יחיעם.gpx,239,2022-08-14_געתון_כברי_לימן.gpx,מוכל-ב,,,,,11.5,105.4,0.979
הכלה,153,2022-02-01_געתון_יחיעם.gpx,212,2022-06-16_געתון_יחיעם_עין יעקב.gpx,מוכל-ב,,,,,10.3,23,1
הכלה,153,2022-02-01_געתון_יחיעם.gpx,363,2024-03-29_געתון_עין יעקב.gpx,מוכל-ב,,,,,15.7,95.9,1
הכלה,153,2022-02-01_געתון_יחיעם.gpx,200,2022-05-27_געתון_כברי_לימן.gpx,מוכל-ב,,,,,8,17.8,1
הכלה,153,2022-02-01_געתון_יחיעם.gpx,194,2022-05-15_געתון_יחיעם.gpx,מוכל-ב,,,,,7.8,18.1,1
הכלה,153,2022-02-01_געתון_יחיעם.gpx,230,2022-07-19_כברי_געתון_לימן.gpx,מוכל-ב,,,,,15.9,107.7,0.979
הכלה,153,2022-02-01_געתון_יחיעם.gpx,360,2024-03-09_געתון_עין יעקב.gpx,מוכל-ב,,,,,14.9,117.9,0.979
הכלה,153,2022-02-01_געתון_יחיעם.gpx,152,2022-01-30_געתון_יחיעם.gpx,מוכל-ב,,,,,7.4,20.1,1
הכלה,153,2022-02-01_געתון_יחיעם.gpx,453,2025-10-02_געתון_כברי_גשר הזיו.gpx,מוכל-ב,,,,,11.7,112,0.979
הכלה,153,2022-02-01_געתון_יחיעם.gpx,355,2024-02-23_געתון_עין יעקב.gpx,מוכל-ב,,,,,10.5,70.2,1
הכלה,153,2022-02-01_געתון_יחיעם.gpx,455,2025-10-11_געתון_יחיעם_כברי.gpx,מוכל-ב,,,,,16.6,103.8,0.979
הכלה,153,2022-02-01_געתון_יחיעם.gpx,26,2013-07-12_געתון_שלומי_כפר ראש הנקרה.gpx,מוכל-ב,,,,,14.3,115,0.979
הכלה,153,2022-02-01_געתון_יחיעם.gpx,196,2022-05-19_געתון_מעונה_עין יעקב.gpx,מוכל-ב,,,,,14.1,72.9,1
הכלה,153,2022-02-01_געתון_יחיעם.gpx,71,2013-10-01_געתון_עין יעקב.gpx,מוכל-ב,,,,,10.5,112.5,0.979
הכלה,153,2022-02-01_געתון_יחיעם.gpx,452,2025-10-01_שבי ציון_כברי_נהרייה.gpx,מוכל-ב,,,,,12.7,117.6,0.979
הכלה,153,2022-02-01_געתון_יחיעם.gpx,211,2022-06-15_געתון_כברי_לימן.gpx,מוכל-ב,,,,,11,101.5,0.979
הכלה,153,2022-02-01_געתון_יחיעם.gpx,502,2026-05-07_געתון_כברי_לימן.gpx,מוכל-ב,,,,,13,111.6,0.979
הכלה,153,2022-02-01_געתון_יחיעם.gpx,490,2026-03-25_געתון_גשר הזיו_כברי.gpx,מוכל-ב,,,,,11.8,107.2,0.979
הכלה,153,2022-02-01_געתון_יחיעם.gpx,259,2022-10-29_געתון_מעיליא_מעונה.gpx,מוכל-ב,,,,,16.1,133.3,0.979
הכלה,153,2022-02-01_געתון_יחיעם.gpx,156,2022-02-11_געתון_כברי_לימן.gpx,מוכל-ב,,,,,13.5,113.9,0.979
הכלה,153,2022-02-01_געתון_יחיעם.gpx,138,2021-12-25_געתון_מעיליא_מעונה.gpx,מוכל-ב,,,,,15.4,117.4,0.979
הכלה,153,2022-02-01_געתון_יחיעם.gpx,174,2022-04-02_געתון_מעיליא_נווה זיו.gpx,מוכל-ב,,,,,13.1,117.5,0.979
הכלה,153,2022-02-01_געתון_יחיעם.gpx,447,2025-09-22_שבי ציון_כברי_נהרייה.gpx,מוכל-ב,,,,,20.6,117.7,0.979
הכלה,153,2022-02-01_געתון_יחיעם.gpx,164,2022-02-27_געתון_יחיעם.gpx,מוכל-ב,,,,,8.1,19.3,1
הכלה,153,2022-02-01_געתון_יחיעם.gpx,206,2022-06-04_געתון_כברי_נהרייה.gpx,מוכל-ב,,,,,11.9,107.7,0.979
הכלה,153,2022-02-01_געתון_יחיעם.gpx,262,2022-11-09_געתון_יחיעם.gpx,מוכל-ב,,,,,9.4,21.1,1
הכלה,153,2022-02-01_געתון_יחיעם.gpx,32,2013-07-25_געתון_שלומי_כברי.gpx,מוכל-ב,,,,,21.7,110.8,0.979
הכלה,153,2022-02-01_געתון_יחיעם.gpx,226,2022-07-11_געתון_כברי_כפר ראש הנקרה.gpx,מוכל-ב,,,,,16.1,109.2,0.979
הכלה,153,2022-02-01_געתון_יחיעם.gpx,270,2022-12-03_מנות_הילה_מעיליא.gpx,מוכל-ב,,,,,14.2,117.3,0.979
הכלה,153,2022-02-01_געתון_יחיעם.gpx,497,2026-04-20_כברי_געתון_גשר הזיו.gpx,מוכל-ב,,,,,11.4,113.4,0.979
הכלה,153,2022-02-01_געתון_יחיעם.gpx,157,2022-02-16_געתון_יחיעם.gpx,מוכל-ב,,,,,9.5,19.6,1
הכלה,153,2022-02-01_געתון_יחיעם.gpx,286,2023-01-18_געתון_כברי_גשר הזיו.gpx,מוכל-ב,,,,,8.2,19.8,1
הכלה,153,2022-02-01_געתון_יחיעם.gpx,344,2023-12-19_געתון_עין יעקב_יחיעם_1.gpx,מוכל-ב,,,,,13,109,0.979
הכלה,153,2022-02-01_געתון_יחיעם.gpx,25,2013-07-10_עין יעקב_מעונה_געתון.gpx,מוכל-ב,,,,,19.4,109.2,0.979
הכלה,153,2022-02-01_געתון_יחיעם.gpx,108,2021-09-26_געתון_יחיעם.gpx,מוכל-ב,,,,,11.7,23.9,1
הכלה,153,2022-02-01_געתון_יחיעם.gpx,143,2022-01-07_געתון_מעיליא_מעונה.gpx,מוכל-ב,,,,,13.9,119.6,0.979
הכלה,153,2022-02-01_געתון_יחיעם.gpx,216,2022-06-24_מנות_מעיליא_כברי.gpx,מוכל-ב,,,,,16.5,115.1,0.979
הכלה,153,2022-02-01_געתון_יחיעם.gpx,550,2026-08-08_געתון_כברי_מנות.gpx,מוכל-ב,,,,,14.3,114.5,0.979
הכלה,153,2022-02-01_געתון_יחיעם.gpx,214,2022-06-19_געתון_כברי_לימן.gpx,מוכל-ב,,,,,10.8,110.9,0.979
הכלה,153,2022-02-01_געתון_יחיעם.gpx,195,2022-05-18_געתון_יחיעם.gpx,מוכל-ב,,,,,7.9,25.4,1
הכלה,153,2022-02-01_געתון_יחיעם.gpx,265,2022-11-18_געתון_יחיעם_עין יעקב.gpx,מוכל-ב,,,,,11.6,102.2,0.979
הכלה,153,2022-02-01_געתון_יחיעם.gpx,145,2022-01-14_געתון_יחיעם.gpx,מוכל-ב,,,,,11.8,24.7,1
הכלה,153,2022-02-01_געתון_יחיעם.gpx,536,2026-07-07_עבדון_געתון_יערה.gpx,מוכל-ב,,,,,11.2,115.2,0.979
הכלה,153,2022-02-01_געתון_יחיעם.gpx,541,2026-07-14_שבי ציון_כברי_נהרייה.gpx,מוכל-ב,,,,,15.7,117.5,0.979
הכלה,153,2022-02-01_געתון_יחיעם.gpx,528,2026-06-24 געתון_נהריה_ראש-הנקרה_נהריה_געתון.gpx,מוכל-ב,,,,,11.1,101.3,0.979
הכלה,153,2022-02-01_געתון_יחיעם.gpx,277,2022-12-16_געתון_יחיעם_עין יעקב.gpx,מוכל-ב,,,,,8.5,22.7,1
הכלה,153,2022-02-01_געתון_יחיעם.gpx,27,2013-07-13_געתון_מעיליא_נווה זיו.gpx,מוכל-ב,,,,,17.5,110.5,0.979
הכלה,153,2022-02-01_געתון_יחיעם.gpx,36,2013-08-01_מעונה_עין יעקב_געתון.gpx,מוכל-ב,,,,,16.5,71.9,1
הכלה,153,2022-02-01_געתון_יחיעם.gpx,162,2022-02-23_געתון_יחיעם.gpx,מוכל-ב,,,,,7.5,16.4,1
הכלה,153,2022-02-01_געתון_יחיעם.gpx,151,2022-01-29_געתון_יחיעם.gpx,מוכל-ב,,,,,9.8,18.3,1
הכלה,153,2022-02-01_געתון_יחיעם.gpx,255,2022-10-23_געתון_יחיעם.gpx,מוכל-ב,,,,,7.8,24.6,1
הכלה,153,2022-02-01_געתון_יחיעם.gpx,140,2021-12-31_געתון_מעיליא_מעונה.gpx,מוכל-ב,,,,,15.2,117.7,0.979
הכלה,153,2022-02-01_געתון_יחיעם.gpx,535,2026-07-04_מעיליא_מנות_הילה.gpx,מוכל-ב,,,,,10.9,113.2,0.979
הכלה,153,2022-02-01_געתון_יחיעם.gpx,492,2026-04-08_געתון_כברי_גשר הזיו.gpx,מוכל-ב,,,,,13,110.5,0.979
הכלה,153,2022-02-01_געתון_יחיעם.gpx,28,2013-07-15_געתון_שבי ציון_גשר הזיו.gpx,מוכל-ב,,,,,18.7,110.8,0.979
הכלה,153,2022-02-01_געתון_יחיעם.gpx,543,2026-07-19_עין יעקב_מנות_עבדון.gpx,מוכל-ב,,,,,12.7,111.9,0.979
הכלה,153,2022-02-01_געתון_יחיעם.gpx,228,2022-07-16_מנות_געתון_מעיליא.gpx,מוכל-ב,,,,,15.5,114.5,0.979
הכלה,153,2022-02-01_געתון_יחיעם.gpx,62,2013-09-18_געתון_מעיליא_מנות.gpx,מוכל-ב,,,,,12.6,115.3,0.979
הכלה,153,2022-02-01_געתון_יחיעם.gpx,201,2022-05-29_געתון_כברי_לימן.gpx,מוכל-ב,,,,,12.6,106.4,0.979
הכלה,153,2022-02-01_געתון_יחיעם.gpx,221,2022-07-02_יחיעם_געתון_עין יעקב.gpx,מוכל-ב,,,,,11.9,71,1
הכלה,153,2022-02-01_געתון_יחיעם.gpx,551,2026-08-08_מנות_כברי_הילה.gpx,מוכל-ב,,,,,12.4,110.4,0.979
הכלה,153,2022-02-01_געתון_יחיעם.gpx,520,2026-06-06_געתון_בוסתן הגליל_נתיב השיירה.gpx,מוכל-ב,,,,,18.5,104.3,0.979
הכלה,153,2022-02-01_געתון_יחיעם.gpx,505,2026-05-13_עבדון_כברי_גורן.gpx,מוכל-ב,,,,,16,116,0.979
הכלה,153,2022-02-01_געתון_יחיעם.gpx,446,2025-09-20_געתון_יחיעם_עין יעקב.gpx,מוכל-ב,,,,,10.7,106.7,0.979
הכלה,153,2022-02-01_געתון_יחיעם.gpx,40,2013-08-08_געתון_כברי.gpx,מוכל-ב,,,,,14.6,104.5,0.979
הכלה,153,2022-02-01_געתון_יחיעם.gpx,488,2026-03-18_געתון_כברי_גשר הזיו.gpx,מוכל-ב,,,,,16.6,103.3,0.979
הכלה,153,2022-02-01_געתון_יחיעם.gpx,199,2022-05-26_געתון_יחיעם.gpx,מוכל-ב,,,,,12,23.7,1
הכלה,153,2022-02-01_געתון_יחיעם.gpx,557,2026-08-14_געתון_כברי.gpx,מוכל-ב,,,,,18.3,111.1,0.979
הכלה,153,2022-02-01_געתון_יחיעם.gpx,429,2025-03-02_געתון_עין יעקב_יחיעם.gpx,מוכל-ב,,,,,8.9,38.6,1
הכלה,153,2022-02-01_געתון_יחיעם.gpx,117,2021-11-06_מעיליא_געתון_מעונה.gpx,מוכל-ב,,,,,20.1,117,0.979
הכלה,153,2022-02-01_געתון_יחיעם.gpx,278,2022-12-17_מנות_מעיליא_הילה.gpx,מוכל-ב,,,,,14,117.9,0.979
הכלה,153,2022-02-01_געתון_יחיעם.gpx,173,2022-04-01_געתון_יחיעם.gpx,מוכל-ב,,,,,8.8,17.9,1
הכלה,153,2022-02-01_געתון_יחיעם.gpx,122,2021-11-19_געתון_יחיעם.gpx,מוכל-ב,,,,,11.5,25.2,1
הכלה,153,2022-02-01_געתון_יחיעם.gpx,139,2021-12-29_געתון_יחיעם.gpx,מוכל-ב,,,,,12,24.3,1
הכלה,153,2022-02-01_געתון_יחיעם.gpx,72,2013-10-02_געתון_עין יעקב_מעיליא.gpx,מוכל-ב,,,,,14.4,111.1,0.979
הכלה,153,2022-02-01_געתון_יחיעם.gpx,280,2022-12-23_געתון_כברי_לימן.gpx,מוכל-ב,,,,,12.6,107.3,0.979
הכלה,153,2022-02-01_געתון_יחיעם.gpx,558,2026-08-14_געתון_כברי_מצובה.gpx,מוכל-ב,,,,,11.1,106.5,0.979
הכלה,153,2022-02-01_געתון_יחיעם.gpx,160,2022-02-19_געתון_יחיעם.gpx,מוכל-ב,,,,,6.3,15.5,1
הכלה,153,2022-02-01_געתון_יחיעם.gpx,42,2013-08-12_געתון_כברי_לימן.gpx,מוכל-ב,,,,,17.7,128.5,0.957
הכלה,153,2022-02-01_געתון_יחיעם.gpx,185,2022-04-21_געתון_יחיעם.gpx,מוכל-ב,,,,,7.4,14.8,1
הכלה,153,2022-02-01_געתון_יחיעם.gpx,159,2022-02-18_געתון_כברי_גשר הזיו.gpx,מוכל-ב,,,,,12.8,111.1,0.979
הכלה,153,2022-02-01_געתון_יחיעם.gpx,254,2022-10-21_געתון_יחיעם.gpx,מוכל-ב,,,,,8.5,37.2,1
הכלה,153,2022-02-01_געתון_יחיעם.gpx,107,2021-09-25_מעיליא_געתון_מעונה.gpx,מוכל-ב,,,,,19.2,115.3,0.979
הכלה,153,2022-02-01_געתון_יחיעם.gpx,275,2022-12-10_מנות_הילה_כברי.gpx,מוכל-ב,,,,,16.6,115.9,0.979
הכלה,153,2022-02-01_געתון_יחיעם.gpx,260,2022-11-04_מעיליא_געתון_מעונה.gpx,מוכל-ב,,,,,14.4,117.9,0.979
הכלה,153,2022-02-01_געתון_יחיעם.gpx,99,2021-09-11_געתון_מעיליא_מעונה.gpx,מוכל-ב,,,,,18.7,115.9,0.979
הכלה,153,2022-02-01_געתון_יחיעם.gpx,68,2013-09-26_געתון_כפר ורדים_מנות.gpx,מוכל-ב,,,,,20.3,111.1,0.979
הכלה,153,2022-02-01_געתון_יחיעם.gpx,91,2021-08-07_געתון_מעיליא_מעונה.gpx,מוכל-ב,,,,,14.8,113.4,0.979
הכלה,153,2022-02-01_געתון_יחיעם.gpx,193,2022-05-14_מנות_געתון_מעיליא.gpx,מוכל-ב,,,,,14.7,114,0.979
הכלה,153,2022-02-01_געתון_יחיעם.gpx,479,2026-02-25_שבי ציון_נהרייה_כברי.gpx,מוכל-ב,,,,,13.7,110.9,0.979
הכלה,153,2022-02-01_געתון_יחיעם.gpx,534,2026-07-04 געתון_חרדלית_מנות_הילה_עין_זיו_חרדלית_געתון.gpx,מוכל-ב,,,,,19.1,109.8,0.979
הכלה,153,2022-02-01_געתון_יחיעם.gpx,257,2022-10-26_געתון_יחיעם.gpx,מוכל-ב,,,,,10.2,22.7,1
הכלה,153,2022-02-01_געתון_יחיעם.gpx,282,2022-12-30_געתון_כברי_לימן.gpx,מוכל-ב,,,,,11.9,108.6,0.979
הכלה,153,2022-02-01_געתון_יחיעם.gpx,209,2022-06-11_מנות_מעיליא_כברי.gpx,מוכל-ב,,,,,14,118.5,0.979
הכלה,153,2022-02-01_געתון_יחיעם.gpx,177,2022-04-07_געתון_יחיעם.gpx,מוכל-ב,,,,,10.1,33.7,1
הכלה,153,2022-02-01_געתון_יחיעם.gpx,175,2022-04-03_געתון_יחיעם.gpx,מוכל-ב,,,,,8.7,19.3,1
הכלה,153,2022-02-01_געתון_יחיעם.gpx,44,2013-08-16_געתון_שלומי_כפר ראש הנקרה.gpx,מוכל-ב,,,,,11.6,113.8,0.979
הכלה,153,2022-02-01_געתון_יחיעם.gpx,123,2021-11-22_געתון_יחיעם.gpx,מוכל-ב,,,,,7.1,21.4,1
הכלה,153,2022-02-01_געתון_יחיעם.gpx,197,2022-05-20_געתון_כברי_לימן.gpx,מוכל-ב,,,,,12.2,113.5,0.979
הכלה,153,2022-02-01_געתון_יחיעם.gpx,234,2022-08-02_געתון_יחיעם.gpx,מוכל-ב,,,,,9.3,55.1,1
הכלה,153,2022-02-01_געתון_יחיעם.gpx,519,2026-06-06 געתון_רגבה_עכו.gpx,מוכל-ב,,,,,14.9,110.9,0.979
הכלה,153,2022-02-01_געתון_יחיעם.gpx,180,2022-04-13_געתון_יחיעם.gpx,מוכל-ב,,,,,13.6,23.9,1
הכלה,153,2022-02-01_געתון_יחיעם.gpx,137,2021-12-21_געתון_יחיעם.gpx,מוכל-ב,,,,,8.9,23.6,1
הכלה,153,2022-02-01_געתון_יחיעם.gpx,540,2026-07-14_שבי ציון_געתון_נהרייה.gpx,מוכל-ב,,,,,20.1,108.6,0.979
הכלה,153,2022-02-01_געתון_יחיעם.gpx,23,2013-06-30_געתון_יחיעם_עין יעקב.gpx,מוכל-ב,,,,,12.4,105.3,0.979
הכלה,153,2022-02-01_געתון_יחיעם.gpx,439,2025-08-28_געתון_כברי_לימן.gpx,מוכל-ב,,,,,12.8,113.5,0.979
הכלה,153,2022-02-01_געתון_יחיעם.gpx,483,2026-03-05_געתון_כברי.gpx,מוכל-ב,,,,,18.4,80.2,1
הכלה,153,2022-02-01_געתון_יחיעם.gpx,243,2022-08-21_געתון_יחיעם.gpx,מוכל-ב,,,,,12.6,117.3,0.979
הכלה,153,2022-02-01_געתון_יחיעם.gpx,167,2022-03-04_געתון_כברי_יחיעם.gpx,מוכל-ב,,,,,4.8,9.8,1
הכלה,153,2022-02-01_געתון_יחיעם.gpx,161,2022-02-22_געתון_יחיעם.gpx,מוכל-ב,,,,,7.4,14.8,1
הכלה,153,2022-02-01_געתון_יחיעם.gpx,238,2022-08-13_מנות_הילה_מעיליא.gpx,מוכל-ב,,,,,16.8,120.3,0.979
הכלה,153,2022-02-01_געתון_יחיעם.gpx,253,2022-10-17_געתון_מעיליא_מעונה.gpx,מוכל-ב,,,,,15,116.1,0.979
הכלה,153,2022-02-01_געתון_יחיעם.gpx,142,2022-01-04_געתון_יחיעם.gpx,מוכל-ב,,,,,7.7,17.7,1
הכלה,153,2022-02-01_געתון_יחיעם.gpx,341,2023-11-20_געתון_עין יעקב.gpx,מוכל-ב,,,,,18.9,143.3,0.957
הכלה,153,2022-02-01_געתון_יחיעם.gpx,191,2022-05-11_געתון_יחיעם.gpx,מוכל-ב,,,,,9.2,22.3,1
הכלה,153,2022-02-01_געתון_יחיעם.gpx,448,2025-09-23_געתון_כברי_לימן.gpx,מוכל-ב,,,,,21.5,115.9,0.979
הכלה,153,2022-02-01_געתון_יחיעם.gpx,146,2022-01-15_געתון_יחיעם.gpx,מוכל-ב,,,,,9.2,21.3,1
הכלה,153,2022-02-01_געתון_יחיעם.gpx,124,2021-11-23_געתון_יחיעם.gpx,מוכל-ב,,,,,7.6,23,1
הכלה,153,2022-02-01_געתון_יחיעם.gpx,35,2013-07-30_מעונה_עין יעקב_געתון.gpx,מוכל-ב,,,,,13.4,65.9,1
הכלה,153,2022-02-01_געתון_יחיעם.gpx,188,2022-05-04_געתון_יחיעם.gpx,מוכל-ב,,,,,10.9,23.3,1
הכלה,153,2022-02-01_געתון_יחיעם.gpx,356,2024-02-25_געתון_עין יעקב.gpx,מוכל-ב,,,,,16.7,95.1,1
הכלה,153,2022-02-01_געתון_יחיעם.gpx,263,2022-11-11_געתון_יחיעם.gpx,מוכל-ב,,,,,9.2,36.4,1
הכלה,153,2022-02-01_געתון_יחיעם.gpx,227,2022-07-15_געתון_כברי_לימן.gpx,מוכל-ב,,,,,10.8,103.4,0.979
הכלה,153,2022-02-01_געתון_יחיעם.gpx,345,2023-12-30_געתון_יחיעם_עין יעקב.gpx,מוכל-ב,,,,,16.7,103.9,0.979
הכלה,153,2022-02-01_געתון_יחיעם.gpx,154,2022-02-02_געתון_יחיעם.gpx,מוכל-ב,,,,,15.3,25.6,1
הכלה,153,2022-02-01_געתון_יחיעם.gpx,92,2021-09-03_געתון_מעיליא_מעונה.gpx,מוכל-ב,,,,,19.4,112,0.979
הכלה,153,2022-02-01_געתון_יחיעם.gpx,93,2021-09-04_געתון_מעיליא_מעונה.gpx,מוכל-ב,,,,,21.6,112.2,0.979
הכלה,153,2022-02-01_געתון_יחיעם.gpx,67,2013-09-25_געתון_עין יעקב_מעיליא.gpx,מוכל-ב,,,,,17.6,105.3,0.979
הכלה,153,2022-02-01_געתון_יחיעם.gpx,192,2022-05-12_געתון_יחיעם.gpx,מוכל-ב,,,,,6.4,22.1,1
הכלה,153,2022-02-01_געתון_יחיעם.gpx,183,2022-04-16_מנות_הילה_מעיליא.gpx,מוכל-ב,,,,,13.8,119.3,0.979
הכלה,153,2022-02-01_געתון_יחיעם.gpx,150,2022-01-21_געתון_יחיעם.gpx,מוכל-ב,,,,,9.3,24.5,1
הכלה,153,2022-02-01_געתון_יחיעם.gpx,102,2021-09-16_געתון_יחיעם.gpx,מוכל-ב,,,,,8.9,18.9,1
הכלה,153,2022-02-01_געתון_יחיעם.gpx,241,2022-08-19_געתון_כברי_לימן.gpx,מוכל-ב,,,,,11,108.6,0.979
הכלה,153,2022-02-01_געתון_יחיעם.gpx,496,2026-04-16_עין יעקב_מעונה_געתון.gpx,מוכל-ב,,,,,14.5,112.3,0.979
הכלה,153,2022-02-01_געתון_יחיעם.gpx,60,2013-09-13_עין יעקב_מעיליא_מנות.gpx,מוכל-ב,,,,,21.4,105.5,0.979
הכלה,153,2022-02-01_געתון_יחיעם.gpx,105,2021-09-21_מעיליא_געתון_מעונה.gpx,מוכל-ב,,,,,13.2,115,0.979
הכלה,153,2022-02-01_געתון_יחיעם.gpx,57,2013-09-08_געתון_יחיעם_עין יעקב.gpx,מוכל-ב,,,,,11,113.8,0.979
הכלה,153,2022-02-01_געתון_יחיעם.gpx,284,2023-01-10_געתון_כברי_לימן.gpx,מוכל-ב,,,,,13.6,112.8,0.979
הכלה,153,2022-02-01_געתון_יחיעם.gpx,74,2013-10-06_מעונה_עין יעקב_געתון.gpx,מוכל-ב,,,,,16.7,108.5,0.979
הכלה,153,2022-02-01_געתון_יחיעם.gpx,61,2013-09-14_עין המפרץ_געתון_מזרעה.gpx,מוכל-ב,,,,,13.7,110,0.979
הכלה,153,2022-02-01_געתון_יחיעם.gpx,125,2021-11-27_מעיליא_געתון_נווה זיו.gpx,מוכל-ב,,,,,12.9,113.9,0.979
הכלה,153,2022-02-01_געתון_יחיעם.gpx,48,2013-08-24_מזרעה_שבי ציון_געתון.gpx,מוכל-ב,,,,,15.2,108.7,0.979
הכלה,153,2022-02-01_געתון_יחיעם.gpx,224,2022-07-08_מנות_געתון_הילה.gpx,מוכל-ב,,,,,18.7,115,0.979
הכלה,153,2022-02-01_געתון_יחיעם.gpx,346,2023-12-31_געתון_יחיעם_עין יעקב.gpx,מוכל-ב,,,,,19.5,136.9,0.979
הכלה,153,2022-02-01_געתון_יחיעם.gpx,210,2022-06-12_געתון_יחיעם.gpx,מוכל-ב,,,,,7.3,15.9,1
הכלה,153,2022-02-01_געתון_יחיעם.gpx,50,2013-08-28_געתון_יחיעם_עין יעקב.gpx,מוכל-ב,,,,,16.9,119.4,0.957
הכלה,153,2022-02-01_געתון_יחיעם.gpx,281,2022-12-28_געתון_גשר הזיו_כברי.gpx,מוכל-ב,,,,,10.7,103.6,0.979
הכלה,153,2022-02-01_געתון_יחיעם.gpx,242,2022-08-20_געתון_מנות_מעיליא.gpx,מוכל-ב,,,,,16.8,116.2,0.979
הכלה,153,2022-02-01_געתון_יחיעם.gpx,233,2022-07-31_געתון_יחיעם.gpx,מוכל-ב,,,,,7.5,20.7,1
הכלה,153,2022-02-01_געתון_יחיעם.gpx,484,2026-03-06_עין יעקב_געתון_כברי.gpx,מוכל-ב,,,,,23.7,112.8,0.979
הכלה,153,2022-02-01_געתון_יחיעם.gpx,208,2022-06-09_געתון_יחיעם_עין יעקב.gpx,מוכל-ב,,,,,7.9,18.7,1
הכלה,153,2022-02-01_געתון_יחיעם.gpx,52,2013-08-30_מעונה_עין יעקב_געתון.gpx,מוכל-ב,,,,,13.6,91.5,1
הכלה,153,2022-02-01_געתון_יחיעם.gpx,215,2022-06-21_געתון_יחיעם_עין יעקב.gpx,מוכל-ב,,,,,8.6,24.2,1
הכלה,153,2022-02-01_געתון_יחיעם.gpx,232,2022-07-23_געתון_נווה זיו.gpx,מוכל-ב,,,,,10.8,103.7,0.979
הכלה,153,2022-02-01_געתון_יחיעם.gpx,131,2021-12-09_געתון_יחיעם.gpx,מוכל-ב,,,,,9.8,21.7,1
הכלה,153,2022-02-01_געתון_יחיעם.gpx,56,2013-09-07_געתון_מעונה_גשר הזיו.gpx,מוכל-ב,,,,,13.9,107.3,0.979
הכלה,153,2022-02-01_געתון_יחיעם.gpx,442,2025-09-08_געתון_יחיעם_כברי.gpx,מוכל-ב,,,,,12.5,105,0.979
הכלה,153,2022-02-01_געתון_יחיעם.gpx,482,2026-02-28_געתון_כברי.gpx,מוכל-ב,,,,,15.4,108,0.979
הכלה,153,2022-02-01_געתון_יחיעם.gpx,348,2024-01-03_געתון_יחיעם_עין יעקב_1.gpx,מוכל-ב,,,,,14.8,64.2,1
הכלה,153,2022-02-01_געתון_יחיעם.gpx,165,2022-02-28_געתון_כברי_לימן.gpx,מוכל-ב,,,,,9.7,101,0.979
הכלה,153,2022-02-01_געתון_יחיעם.gpx,266,2022-11-19_מעיליא_געתון_מעונה.gpx,מוכל-ב,,,,,14.4,113.9,0.979
הכלה,153,2022-02-01_געתון_יחיעם.gpx,256,2022-10-24_געתון_יחיעם.gpx,מוכל-ב,,,,,8.9,20.2,1
הכלה,153,2022-02-01_געתון_יחיעם.gpx,626,יער הדובים השיירה סינגל בני.gpx,מוכל-ב,,,,,13.8,79.4,1
הכלה,153,2022-02-01_געתון_יחיעם.gpx,443,2025-09-10_געתון_יחיעם_כברי.gpx,מוכל-ב,,,,,12.5,113.2,0.979
הכלה,153,2022-02-01_געתון_יחיעם.gpx,347,2024-01-03_געתון_יחיעם_עין יעקב.gpx,מוכל-ב,,,,,17,104.5,0.979
הכלה,153,2022-02-01_געתון_יחיעם.gpx,29,2013-07-19_עין יעקב_מעונה_מנות.gpx,מוכל-ב,,,,,13,108.5,0.979
הכלה,153,2022-02-01_געתון_יחיעם.gpx,189,2022-05-06_געתון_יחיעם.gpx,מוכל-ב,,,,,11,25.3,1
הכלה,153,2022-02-01_געתון_יחיעם.gpx,43,2013-08-14_געתון_מעונה_עין יעקב.gpx,מוכל-ב,,,,,12.4,110,0.979
הכלה,153,2022-02-01_געתון_יחיעם.gpx,475,2026-02-07_מעיליא_מנות_הילה.gpx,מוכל-ב,,,,,15.8,105.5,0.979
זהה,152,2022-01-30_געתון_יחיעם.gpx,164,2022-02-27_געתון_יחיעם.gpx,זהה,FALSE,0.1,2.9,5.6,11.4,24.2,1
זהה,152,2022-01-30_געתון_יחיעם.gpx,157,2022-02-16_געתון_יחיעם.gpx,זהה,FALSE,0.1,3,1.9,10.5,22,1
זהה,152,2022-01-30_געתון_יחיעם.gpx,173,2022-04-01_געתון_יחיעם.gpx,זהה,FALSE,0.2,4.4,4.5,8.7,22.3,1
זהה,152,2022-01-30_געתון_יחיעם.gpx,254,2022-10-21_געתון_יחיעם.gpx,זהה,TRUE,0.6,2.1,4,9.7,31.7,1
זהה,152,2022-01-30_געתון_יחיעם.gpx,177,2022-04-07_געתון_יחיעם.gpx,זהה,TRUE,0.4,2.4,19.8,8,19.8,1
זהה,152,2022-01-30_געתון_יחיעם.gpx,175,2022-04-03_געתון_יחיעם.gpx,זהה,TRUE,0.1,5.6,4.4,10.7,24.1,1
זהה,152,2022-01-30_געתון_יחיעם.gpx,188,2022-05-04_געתון_יחיעם.gpx,זהה,TRUE,0,4.8,5.6,7.3,16.7,1
זהה,152,2022-01-30_געתון_יחיעם.gpx,345,2023-12-30_געתון_יחיעם_עין יעקב.gpx,זהה,TRUE,1.6,2.2,9.9,16.9,97.8,1
זהה,152,2022-01-30_געתון_יחיעם.gpx,154,2022-02-02_געתון_יחיעם.gpx,זהה,TRUE,0.5,5.6,4.4,10.6,20,1
זהה,152,2022-01-30_געתון_יחיעם.gpx,346,2023-12-31_געתון_יחיעם_עין יעקב.gpx,זהה,FALSE,1.9,49.2,17.3,18.2,130.9,0.984
זהה,152,2022-01-30_געתון_יחיעם.gpx,189,2022-05-06_געתון_יחיעם.gpx,זהה,FALSE,0.1,3.7,2.2,8.9,20.9,1
זהה,152,2022-01-30_געתון_יחיעם.gpx,179,2022-04-12_געתון_יחיעם.gpx,זהה,TRUE,0,5.7,5.6,7,14.4,1
זהה,152,2022-01-30_געתון_יחיעם.gpx,194,2022-05-15_געתון_יחיעם.gpx,זהה,TRUE,0,3.8,5.6,8.1,22.4,1
חשוד,152,2022-01-30_געתון_יחיעם.gpx,344,2023-12-19_געתון_עין יעקב_יחיעם_1.gpx,חשוד - לבדיקה ידנית,FALSE,1.8,47.9,2.8,67.6,475.9,0.817
חשוד,152,2022-01-30_געתון_יחיעם.gpx,236,2022-08-09_געתון_יחיעם.gpx,חשוד - לבדיקה ידנית,TRUE,1.6,1,1.7,184.4,758.5,0.661
חשוד,152,2022-01-30_געתון_יחיעם.gpx,234,2022-08-02_געתון_יחיעם.gpx,חשוד - לבדיקה ידנית,FALSE,1.5,8.6,2,133.3,754,0.774
חשוד,152,2022-01-30_געתון_יחיעם.gpx,180,2022-04-13_געתון_יחיעם.gpx,חשוד - לבדיקה ידנית,FALSE,0.8,67.7,6.9,13.4,24.3,1
חשוד,152,2022-01-30_געתון_יחיעם.gpx,191,2022-05-11_געתון_יחיעם.gpx,חשוד - לבדיקה ידנית,FALSE,4.3,5.6,3.5,133.7,760.9,0.774
חשוד,152,2022-01-30_געתון_יחיעם.gpx,341,2023-11-20_געתון_עין יעקב.gpx,חשוד - לבדיקה ידנית,TRUE,0.5,2.8,358.4,90.5,501.3,0.738
חשוד,152,2022-01-30_געתון_יחיעם.gpx,261,2022-11-07_געתון_יחיעם_עין יעקב.gpx,חשוד - לבדיקה ידנית,FALSE,4.4,10.7,9.3,193.3,806.4,0.661
חשוד,152,2022-01-30_געתון_יחיעם.gpx,233,2022-07-31_געתון_יחיעם.gpx,חשוד - לבדיקה ידנית,FALSE,3.8,4.7,3.9,39.6,235.9,0.831
חשוד,152,2022-01-30_געתון_יחיעם.gpx,347,2024-01-03_געתון_יחיעם_עין יעקב.gpx,חשוד - לבדיקה ידנית,TRUE,4.1,9.8,10.8,14,99.4,1
הכלה,152,2022-01-30_געתון_יחיעם.gpx,48,2013-08-24_מזרעה_שבי ציון_געתון.gpx,מוכל-ב,,,,,30.8,238.8,0.919
הכלה,152,2022-01-30_געתון_יחיעם.gpx,160,2022-02-19_געתון_יחיעם.gpx,מוכל-ב,,,,,7.5,21.2,1
הכלה,152,2022-01-30_געתון_יחיעם.gpx,185,2022-04-21_געתון_יחיעם.gpx,מוכל-ב,,,,,10.2,86.6,1
הכלה,152,2022-01-30_געתון_יחיעם.gpx,257,2022-10-26_געתון_יחיעם.gpx,מוכל-ב,,,,,6.8,18,1
הכלה,152,2022-01-30_געתון_יחיעם.gpx,161,2022-02-22_געתון_יחיעם.gpx,מוכל-ב,,,,,8.3,24.6,1
הכלה,152,2022-01-30_געתון_יחיעם.gpx,243,2022-08-21_געתון_יחיעם.gpx,מוכל-ב,,,,,14.5,120.8,0.984
הכלה,152,2022-01-30_געתון_יחיעם.gpx,210,2022-06-12_געתון_יחיעם.gpx,מוכל-ב,,,,,5.6,15,1
הכלה,152,2022-01-30_געתון_יחיעם.gpx,256,2022-10-24_געתון_יחיעם.gpx,מוכל-ב,,,,,7.3,24.5,1
זהה,151,2022-01-29_געתון_יחיעם.gpx,346,2023-12-31_געתון_יחיעם_עין יעקב.gpx,זהה,FALSE,1.6,45.9,18.8,16.7,115.4,1
זהה,151,2022-01-29_געתון_יחיעם.gpx,189,2022-05-06_געתון_יחיעם.gpx,זהה,TRUE,0.3,3.8,4.8,10.2,23,1
זהה,151,2022-01-29_געתון_יחיעם.gpx,179,2022-04-12_געתון_יחיעם.gpx,זהה,TRUE,0.3,6,2.9,6,12.4,1
זהה,151,2022-01-29_געתון_יחיעם.gpx,194,2022-05-15_געתון_יחיעם.gpx,זהה,TRUE,0.4,6.9,7.3,10,19.9,1
זהה,151,2022-01-29_געתון_יחיעם.gpx,157,2022-02-16_געתון_יחיעם.gpx,זהה,FALSE,0.3,3.6,3.5,11.7,24.5,1
זהה,151,2022-01-29_געתון_יחיעם.gpx,164,2022-02-27_געתון_יחיעם.gpx,זהה,FALSE,0.3,2.2,2.4,14.5,24.7,1
זהה,151,2022-01-29_געתון_יחיעם.gpx,152,2022-01-30_געתון_יחיעם.gpx,זהה,FALSE,0.4,3.3,3.5,5.1,10.1,1
זהה,151,2022-01-29_געתון_יחיעם.gpx,177,2022-04-07_געתון_יחיעם.gpx,זהה,TRUE,0.8,1.5,22.3,11.8,22.3,1
זהה,151,2022-01-29_געתון_יחיעם.gpx,173,2022-04-01_געתון_יחיעם.gpx,זהה,FALSE,0.2,2.8,1.1,9.3,21.6,1
זהה,151,2022-01-29_געתון_יחיעם.gpx,254,2022-10-21_געתון_יחיעם.gpx,זהה,TRUE,0.2,2,4.3,12.9,44.7,1
זהה,151,2022-01-29_געתון_יחיעם.gpx,175,2022-04-03_געתון_יחיעם.gpx,זהה,TRUE,0.3,2.2,1.9,14.2,23.4,1
זהה,151,2022-01-29_געתון_יחיעם.gpx,188,2022-05-04_געתון_יחיעם.gpx,זהה,TRUE,0.4,2.2,2.4,10.9,16.6,1
זהה,151,2022-01-29_געתון_יחיעם.gpx,345,2023-12-30_געתון_יחיעם_עין יעקב.gpx,זהה,TRUE,1.3,5.5,9.7,17.3,81.6,1
זהה,151,2022-01-29_געתון_יחיעם.gpx,154,2022-02-02_געתון_יחיעם.gpx,זהה,TRUE,0.1,2.4,1.5,10.1,27.3,1
חשוד,151,2022-01-29_געתון_יחיעם.gpx,341,2023-11-20_געתון_עין יעקב.gpx,חשוד - לבדיקה ידנית,FALSE,0.8,357.5,3.7,90.3,498.5,0.738
חשוד,151,2022-01-29_געתון_יחיעם.gpx,191,2022-05-11_געתון_יחיעם.gpx,חשוד - לבדיקה ידנית,FALSE,3.9,2.4,0,132.7,761.2,0.774
חשוד,151,2022-01-29_געתון_יחיעם.gpx,233,2022-07-31_געתון_יחיעם.gpx,חשוד - לבדיקה ידנית,FALSE,4.2,1.8,2.6,41.7,235.9,0.831
חשוד,151,2022-01-29_געתון_יחיעם.gpx,261,2022-11-07_געתון_יחיעם_עין יעקב.gpx,חשוד - לבדיקה ידנית,FALSE,4.7,11.5,5.9,195.3,805.2,0.661
חשוד,151,2022-01-29_געתון_יחיעם.gpx,347,2024-01-03_געתון_יחיעם_עין יעקב.gpx,חשוד - לבדיקה ידנית,TRUE,3.8,8.3,8.2,13.1,84.3,1
חשוד,151,2022-01-29_געתון_יחיעם.gpx,344,2023-12-19_געתון_עין יעקב_יחיעם_1.gpx,חשוד - לבדיקה ידנית,FALSE,2.2,44.7,2,68.2,472.5,0.817
חשוד,151,2022-01-29_געתון_יחיעם.gpx,236,2022-08-09_געתון_יחיעם.gpx,חשוד - לבדיקה ידנית,TRUE,1.3,2.4,2.6,185,758.8,0.661
חשוד,151,2022-01-29_געתון_יחיעם.gpx,234,2022-08-02_געתון_יחיעם.gpx,חשוד - לבדיקה ידנית,FALSE,1.1,6,2.1,132.3,754.3,0.774
חשוד,151,2022-01-29_געתון_יחיעם.gpx,180,2022-04-13_געתון_יחיעם.gpx,חשוד - לבדיקה ידנית,FALSE,1.1,64.5,3.5,14.5,22.6,1
הכלה,151,2022-01-29_געתון_יחיעם.gpx,48,2013-08-24_מזרעה_שבי ציון_געתון.gpx,מוכל-ב,,,,,29.8,238.9,0.919
הכלה,151,2022-01-29_געתון_יחיעם.gpx,210,2022-06-12_געתון_יחיעם.gpx,מוכל-ב,,,,,6.5,12.5,1
הכלה,151,2022-01-29_געתון_יחיעם.gpx,256,2022-10-24_געתון_יחיעם.gpx,מוכל-ב,,,,,8.9,24,1
הכלה,151,2022-01-29_געתון_יחיעם.gpx,257,2022-10-26_געתון_יחיעם.gpx,מוכל-ב,,,,,6.8,20.8,1
הכלה,151,2022-01-29_געתון_יחיעם.gpx,160,2022-02-19_געתון_יחיעם.gpx,מוכל-ב,,,,,9.7,20.3,1
הכלה,151,2022-01-29_געתון_יחיעם.gpx,185,2022-04-21_געתון_יחיעם.gpx,מוכל-ב,,,,,11.8,86.7,1
הכלה,151,2022-01-29_געתון_יחיעם.gpx,161,2022-02-22_געתון_יחיעם.gpx,מוכל-ב,,,,,8.4,23.6,1
הכלה,151,2022-01-29_געתון_יחיעם.gpx,243,2022-08-21_געתון_יחיעם.gpx,מוכל-ב,,,,,13.8,118.8,1
זהה,150,2022-01-21_געתון_יחיעם.gpx,151,2022-01-29_געתון_יחיעם.gpx,זהה,FALSE,0.2,4.4,8.6,11.2,22.6,1
זהה,150,2022-01-21_געתון_יחיעם.gpx,173,2022-04-01_געתון_יחיעם.gpx,זהה,FALSE,0,5.3,9.3,12,23.6,1
זהה,150,2022-01-21_געתון_יחיעם.gpx,254,2022-10-21_געתון_יחיעם.gpx,זהה,FALSE,0.5,5.3,7.5,9.5,33,1
זהה,150,2022-01-21_געתון_יחיעם.gpx,152,2022-01-30_געתון_יחיעם.gpx,זהה,TRUE,0.1,2.2,7.1,7.2,21.9,1
זהה,150,2022-01-21_געתון_יחיעם.gpx,177,2022-04-07_געתון_יחיעם.gpx,זהה,FALSE,0.5,22,8.1,5.7,22,1
זהה,150,2022-01-21_געתון_יחיעם.gpx,175,2022-04-03_געתון_יחיעם.gpx,זהה,TRUE,0,6.7,7.3,6.5,16,1
זהה,150,2022-01-21_געתון_יחיעם.gpx,188,2022-05-04_געתון_יחיעם.gpx,זהה,TRUE,0.1,5.9,10.8,5,15.6,1
זהה,150,2022-01-21_געתון_יחיעם.gpx,345,2023-12-30_געתון_יחיעם_עין יעקב.gpx,זהה,FALSE,1.5,11.1,6,15.2,89.7,1
זהה,150,2022-01-21_געתון_יחיעם.gpx,154,2022-02-02_געתון_יחיעם.gpx,זהה,TRUE,0.4,6.7,10,8.2,22.1,1
זהה,150,2022-01-21_געתון_יחיעם.gpx,346,2023-12-31_געתון_יחיעם_עין יעקב.gpx,זהה,FALSE,1.8,50.3,10.3,16.3,123.9,0.984
זהה,150,2022-01-21_געתון_יחיעם.gpx,189,2022-05-06_געתון_יחיעם.gpx,זהה,TRUE,0,2.2,4.8,6.6,12.7,1
זהה,150,2022-01-21_געתון_יחיעם.gpx,179,2022-04-12_געתון_יחיעם.gpx,זהה,FALSE,0.1,5.3,5.6,11.5,22,1
זהה,150,2022-01-21_געתון_יחיעם.gpx,194,2022-05-15_געתון_יחיעם.gpx,זהה,FALSE,0.1,7.5,3.9,8.5,23.6,1
זהה,150,2022-01-21_געתון_יחיעם.gpx,164,2022-02-27_געתון_יחיעם.gpx,זהה,TRUE,0.1,4.8,7.6,6.7,18.9,1
זהה,150,2022-01-21_געתון_יחיעם.gpx,157,2022-02-16_געתון_יחיעם.gpx,זהה,FALSE,0,3.6,6,7.3,17.7,1
חשוד,150,2022-01-21_געתון_יחיעם.gpx,236,2022-08-09_געתון_יחיעם.gpx,חשוד - לבדיקה ידנית,TRUE,1.5,2.1,6.6,184.2,754.4,0.661
חשוד,150,2022-01-21_געתון_יחיעם.gpx,234,2022-08-02_געתון_יחיעם.gpx,חשוד - לבדיקה ידנית,FALSE,1.4,9.6,6.9,135.1,749.4,0.774
חשוד,150,2022-01-21_געתון_יחיעם.gpx,180,2022-04-13_געתון_יחיעם.gpx,חשוד - לבדיקה ידנית,FALSE,0.9,68.8,10.5,9.8,22.3,1
חשוד,150,2022-01-21_געתון_יחיעם.gpx,191,2022-05-11_געתון_יחיעם.gpx,חשוד - לבדיקה ידנית,FALSE,4.1,6.7,8.6,136.1,756.2,0.774
חשוד,150,2022-01-21_געתון_יחיעם.gpx,341,2023-11-20_געתון_עין יעקב.gpx,חשוד - לבדיקה ידנית,FALSE,0.6,359.5,5.7,90.3,498.3,0.738
חשוד,150,2022-01-21_געתון_יחיעם.gpx,261,2022-11-07_געתון_יחיעם_עין יעקב.gpx,חשוד - לבדיקה ידנית,TRUE,4.5,7.9,6.1,193.2,807.6,0.661
חשוד,150,2022-01-21_געתון_יחיעם.gpx,233,2022-07-31_געתון_יחיעם.gpx,חשוד - לבדיקה ידנית,TRUE,4,4.3,9.9,39.5,238,0.831
חשוד,150,2022-01-21_געתון_יחיעם.gpx,347,2024-01-03_געתון_יחיעם_עין יעקב.gpx,חשוד - לבדיקה ידנית,FALSE,4,8.7,10.3,13.3,96.1,1
חשוד,150,2022-01-21_געתון_יחיעם.gpx,344,2023-12-19_געתון_עין יעקב_יחיעם_1.gpx,חשוד - לבדיקה ידנית,FALSE,1.9,49,6.6,68.1,468.6,0.817
הכלה,150,2022-01-21_געתון_יחיעם.gpx,160,2022-02-19_געתון_יחיעם.gpx,מוכל-ב,,,,,8,20.3,1
הכלה,150,2022-01-21_געתון_יחיעם.gpx,185,2022-04-21_געתון_יחיעם.gpx,מוכל-ב,,,,,13,71.4,1
הכלה,150,2022-01-21_געתון_יחיעם.gpx,257,2022-10-26_געתון_יחיעם.gpx,מוכל-ב,,,,,7.8,24.2,1
הכלה,150,2022-01-21_געתון_יחיעם.gpx,161,2022-02-22_געתון_יחיעם.gpx,מוכל-ב,,,,,8.5,23.9,1
הכלה,150,2022-01-21_געתון_יחיעם.gpx,243,2022-08-21_געתון_יחיעם.gpx,מוכל-ב,,,,,14.4,113.4,1
הכלה,150,2022-01-21_געתון_יחיעם.gpx,210,2022-06-12_געתון_יחיעם.gpx,מוכל-ב,,,,,9.9,24,1
הכלה,150,2022-01-21_געתון_יחיעם.gpx,256,2022-10-24_געתון_יחיעם.gpx,מוכל-ב,,,,,8.6,18.3,1
הכלה,150,2022-01-21_געתון_יחיעם.gpx,48,2013-08-24_מזרעה_שבי ציון_געתון.gpx,מוכל-ב,,,,,32.1,223.1,0.919
חשוד,149,2022-01-19_נווה זוהר_ערד.gpx,170,2022-03-08_נווה זוהר_ערד.gpx,חשוד - לבדיקה ידנית,FALSE,3.7,402.1,437.5,67.5,591.5,0.898
חשוד,149,2022-01-19_נווה זוהר_ערד.gpx,426,2025-02-12_נווה זוהר_ערד.gpx,חשוד - לבדיקה ידנית,TRUE,2.3,461.8,454.6,239.3,1437.2,0.558
חשוד,149,2022-01-19_נווה זוהר_ערד.gpx,424,2025-02-10_נווה זוהר_ערד.gpx,חשוד - לבדיקה ידנית,TRUE,2.1,462.5,453.1,321.2,845.9,0.193
הכלה,149,2022-01-19_נווה זוהר_ערד.gpx,171,2022-03-10_נווה זוהר_ערד.gpx,מוכל-ב,,,,,58.6,594.7,0.92
חשוד,148,2022-01-18_נווה זוהר_ערד.gpx,374,2024-05-21_נווה זוהר_ערד.gpx,חשוד - לבדיקה ידנית,TRUE,2.6,170,163.7,119,1072.2,0.867
חשוד,148,2022-01-18_נווה זוהר_ערד.gpx,171,2022-03-10_נווה זוהר_ערד.gpx,חשוד - לבדיקה ידנית,TRUE,1.5,454.4,461.6,70.4,638.5,0.88
חשוד,148,2022-01-18_נווה זוהר_ערד.gpx,375,2024-05-22_נווה זוהר_ערד.gpx,חשוד - לבדיקה ידנית,TRUE,0.2,170.2,162.3,126.2,1168.4,0.879
חשוד,148,2022-01-18_נווה זוהר_ערד.gpx,274,2022-12-08_נווה זוהר_ערד.gpx,חשוד - לבדיקה ידנית,TRUE,4.4,418.3,426.1,31.2,359,0.961
חשוד,148,2022-01-18_נווה זוהר_ערד.gpx,288,2023-01-26_נווה זוהר_ערד.gpx,חשוד - לבדיקה ידנית,FALSE,3.8,467.7,475.9,83.6,390.6,0.904
הכלה,148,2022-01-18_נווה זוהר_ערד.gpx,298,2023-03-23_נווה זוהר_ערד.gpx,מוכל-ב,,,,,57.6,638.2,0.926
חשוד,147,2022-01-17_נווה זוהר_ערד.gpx,219,2022-06-29_נווה זוהר_ערד.gpx,חשוד - לבדיקה ידנית,FALSE,1.9,474.3,475.4,89.3,677.1,0.835
חשוד,147,2022-01-17_נווה זוהר_ערד.gpx,295,2023-03-20_נווה זוהר_ערד.gpx,חשוד - לבדיקה ידנית,FALSE,2.2,159.4,729.6,227.6,887.1,0.468
חשוד,147,2022-01-17_נווה זוהר_ערד.gpx,458,2025-10-20_נווה זוהר_ערד.gpx,חשוד - לבדיקה ידנית,FALSE,3.6,601.8,593.5,115.4,667.8,0.823
חשוד,147,2022-01-17_נווה זוהר_ערד.gpx,218,2022-06-28_נווה זוהר_ערד.gpx,חשוד - לבדיקה ידנית,FALSE,0.5,464,467.5,87.4,676.2,0.835
חשוד,147,2022-01-17_נווה זוהר_ערד.gpx,290,2023-01-28_נווה זוהר_ערד.gpx,חשוד - לבדיקה ידנית,TRUE,0.6,413.8,457.6,229.2,876.3,0.443
הכלה,147,2022-01-17_נווה זוהר_ערד.gpx,298,2023-03-23_נווה זוהר_ערד.gpx,מוכל-ב,,,,,62.8,396.1,0.924
הכלה,147,2022-01-17_נווה זוהר_ערד.gpx,273,2022-12-07_נווה זוהר_ערד.gpx,מוכל-ב,,,,,45.7,396.9,0.937
הכלה,147,2022-01-17_נווה זוהר_ערד.gpx,134,2021-12-14_נווה זוהר_ערד.gpx,מוכל-ב,,,,,40.1,397.9,0.937
הכלה,147,2022-01-17_נווה זוהר_ערד.gpx,287,2023-01-25_נווה זוהר_ערד.gpx,מוכל-ב,,,,,48.6,396.6,0.937
הכלה,147,2022-01-17_נווה זוהר_ערד.gpx,272,2022-12-06_נווה זוהר_ערד.gpx,מוכל-ב,,,,,40.7,396.9,0.937
הכלה,147,2022-01-17_נווה זוהר_ערד.gpx,297,2023-03-22_נווה זוהר_ערד.gpx,מוכל-ב,,,,,62.8,396.7,0.924
הכלה,147,2022-01-17_נווה זוהר_ערד.gpx,296,2023-03-21_נווה זוהר_ערד.gpx,מוכל-ב,,,,,62.2,398.7,0.924
הכלה,147,2022-01-17_נווה זוהר_ערד.gpx,271,2022-12-05_נווה זוהר_ערד.gpx,מוכל-ב,,,,,41.6,396,0.937
הכלה,147,2022-01-17_נווה זוהר_ערד.gpx,274,2022-12-08_נווה זוהר_ערד.gpx,מוכל-ב,,,,,45.8,396.8,0.937
הכלה,147,2022-01-17_נווה זוהר_ערד.gpx,148,2022-01-18_נווה זוהר_ערד.gpx,מוכל-ב,,,,,35.6,393.5,0.937
הכלה,147,2022-01-17_נווה זוהר_ערד.gpx,427,2025-02-13_נווה זוהר_ערד.gpx,מוכל-ב,,,,,51.3,397.2,0.937
זהה,146,2022-01-15_געתון_יחיעם.gpx,173,2022-04-01_געתון_יחיעם.gpx,זהה,TRUE,0.2,6.4,3.3,11.3,23.3,1
זהה,146,2022-01-15_געתון_יחיעם.gpx,151,2022-01-29_געתון_יחיעם.gpx,זהה,TRUE,0.4,5.8,3,8.3,23.2,1
זהה,146,2022-01-15_געתון_יחיעם.gpx,152,2022-01-30_געתון_יחיעם.gpx,זהה,FALSE,0.1,4.6,2.9,7.1,22.5,1
זהה,146,2022-01-15_געתון_יחיעם.gpx,177,2022-04-07_געתון_יחיעם.gpx,זהה,TRUE,0.3,4.9,21.8,7.8,21.8,1
זהה,146,2022-01-15_געתון_יחיעם.gpx,175,2022-04-03_געתון_יחיעם.gpx,זהה,FALSE,0.2,4.2,5.1,9.3,22.1,1
זהה,146,2022-01-15_געתון_יחיעם.gpx,254,2022-10-21_געתון_יחיעם.gpx,זהה,TRUE,0.7,4.3,4,12.1,36,1
זהה,146,2022-01-15_געתון_יחיעם.gpx,188,2022-05-04_געתון_יחיעם.gpx,זהה,FALSE,0.1,7.8,4,8.2,17.8,1
זהה,146,2022-01-15_געתון_יחיעם.gpx,345,2023-12-30_געתון_יחיעם_עין יעקב.gpx,זהה,TRUE,1.7,4.4,9.6,18.2,92.2,1
זהה,146,2022-01-15_געתון_יחיעם.gpx,154,2022-02-02_געתון_יחיעם.gpx,זהה,FALSE,0.6,7.2,5.4,9.8,19.1,1
זהה,146,2022-01-15_געתון_יחיעם.gpx,346,2023-12-31_געתון_יחיעם_עין יעקב.gpx,זהה,TRUE,2,13.6,48.8,18.4,126.2,0.984
זהה,146,2022-01-15_געתון_יחיעם.gpx,189,2022-05-06_געתון_יחיעם.gpx,זהה,FALSE,0.2,1.4,0.9,6.7,21.9,1
זהה,146,2022-01-15_געתון_יחיעם.gpx,179,2022-04-12_געתון_יחיעם.gpx,זהה,TRUE,0.1,2.7,3.3,8.9,21.7,1
זהה,146,2022-01-15_געתון_יחיעם.gpx,194,2022-05-15_געתון_יחיעם.gpx,זהה,TRUE,0.1,3.3,6.9,7.4,23.6,1
זהה,146,2022-01-15_געתון_יחיעם.gpx,164,2022-02-27_געתון_יחיעם.gpx,זהה,FALSE,0.1,4.3,2.9,9.9,23.2,1
זהה,146,2022-01-15_געתון_יחיעם.gpx,157,2022-02-16_געתון_יחיעם.gpx,זהה,FALSE,0.2,2.9,3,7.4,22.8,1
זהה,146,2022-01-15_געתון_יחיעם.gpx,150,2022-01-21_געתון_יחיעם.gpx,זהה,TRUE,0.2,3.4,2,7.3,22.9,1
חשוד,146,2022-01-15_געתון_יחיעם.gpx,236,2022-08-09_געתון_יחיעם.gpx,חשוד - לבדיקה ידנית,FALSE,1.7,4.7,0.9,184.4,766.7,0.672
חשוד,146,2022-01-15_געתון_יחיעם.gpx,234,2022-08-02_געתון_יחיעם.gpx,חשוד - לבדיקה ידנית,TRUE,1.5,4.8,7.6,134.5,763.9,0.787
חשוד,146,2022-01-15_געתון_יחיעם.gpx,180,2022-04-13_געתון_יחיעם.gpx,חשוד - לבדיקה ידנית,TRUE,0.7,7.2,66.9,11,21.2,1
חשוד,146,2022-01-15_געתון_יחיעם.gpx,191,2022-05-11_געתון_יחיעם.gpx,חשוד - לבדיקה ידנית,TRUE,4.3,5.8,5,135.3,771.2,0.787
חשוד,146,2022-01-15_געתון_יחיעם.gpx,341,2023-11-20_געתון_עין יעקב.gpx,חשוד - לבדיקה ידנית,TRUE,0.4,2.4,357.8,91.1,501.5,0.738
חשוד,146,2022-01-15_געתון_יחיעם.gpx,233,2022-07-31_געתון_יחיעם.gpx,חשוד - לבדיקה ידנית,FALSE,3.8,6.5,2.5,40.4,237,0.831
חשוד,146,2022-01-15_געתון_יחיעם.gpx,261,2022-11-07_געתון_יחיעם_עין יעקב.gpx,חשוד - לבדיקה ידנית,FALSE,4.3,6.3,6.5,194.3,807.4,0.661
חשוד,146,2022-01-15_געתון_יחיעם.gpx,347,2024-01-03_געתון_יחיעם_עין יעקב.gpx,חשוד - לבדיקה ידנית,TRUE,4.2,7.7,8.6,13.8,97.7,1
חשוד,146,2022-01-15_געתון_יחיעם.gpx,344,2023-12-19_געתון_עין יעקב_יחיעם_1.gpx,חשוד - לבדיקה ידנית,TRUE,1.7,4.1,47.2,70.1,476.3,0.817
הכלה,146,2022-01-15_געתון_יחיעם.gpx,185,2022-04-21_געתון_יחיעם.gpx,מוכל-ב,,,,,13.1,135.7,0.984
הכלה,146,2022-01-15_געתון_יחיעם.gpx,257,2022-10-26_געתון_יחיעם.gpx,מוכל-ב,,,,,4,18.1,1
הכלה,146,2022-01-15_געתון_יחיעם.gpx,160,2022-02-19_געתון_יחיעם.gpx,מוכל-ב,,,,,10.3,22.5,1
הכלה,146,2022-01-15_געתון_יחיעם.gpx,161,2022-02-22_געתון_יחיעם.gpx,מוכל-ב,,,,,7.2,21.7,1
הכלה,146,2022-01-15_געתון_יחיעם.gpx,243,2022-08-21_געתון_יחיעם.gpx,מוכל-ב,,,,,14.7,128.2,0.967
הכלה,146,2022-01-15_געתון_יחיעם.gpx,210,2022-06-12_געתון_יחיעם.gpx,מוכל-ב,,,,,6.8,23.3,1
הכלה,146,2022-01-15_געתון_יחיעם.gpx,48,2013-08-24_מזרעה_שבי ציון_געתון.gpx,מוכל-ב,,,,,31.5,287.8,0.951
הכלה,146,2022-01-15_געתון_יחיעם.gpx,256,2022-10-24_געתון_יחיעם.gpx,מוכל-ב,,,,,8.8,20.8,1
זהה,145,2022-01-14_געתון_יחיעם.gpx,346,2023-12-31_געתון_יחיעם_עין יעקב.gpx,זהה,TRUE,2.4,16.3,48.6,18.3,118.6,1
זהה,145,2022-01-14_געתון_יחיעם.gpx,146,2022-01-15_געתון_יחיעם.gpx,זהה,FALSE,0.4,4,1.6,4.4,10.7,1
זהה,145,2022-01-14_געתון_יחיעם.gpx,189,2022-05-06_געתון_יחיעם.gpx,זהה,TRUE,0.6,2.5,3.3,6.6,20.4,1
זהה,145,2022-01-14_געתון_יחיעם.gpx,179,2022-04-12_געתון_יחיעם.gpx,זהה,FALSE,0.5,5.4,5.2,7.8,23.7,1
זהה,145,2022-01-14_געתון_יחיעם.gpx,194,2022-05-15_געתון_יחיעם.gpx,זהה,FALSE,0.5,8,4.1,8.4,20.9,1
זהה,145,2022-01-14_געתון_יחיעם.gpx,157,2022-02-16_געתון_יחיעם.gpx,זהה,TRUE,0.6,1.3,2.4,7.3,27.2,1
זהה,145,2022-01-14_געתון_יחיעם.gpx,164,2022-02-27_געתון_יחיעם.gpx,זהה,FALSE,0.5,3.5,3.6,11.5,24.8,1
זהה,145,2022-01-14_געתון_יחיעם.gpx,150,2022-01-21_געתון_יחיעם.gpx,זהה,TRUE,0.6,6.2,1.7,9.2,22.9,1
זהה,145,2022-01-14_געתון_יחיעם.gpx,151,2022-01-29_געתון_יחיעם.gpx,זהה,TRUE,0.8,2.5,2.8,5.4,26.9,1
זהה,145,2022-01-14_געתון_יחיעם.gpx,152,2022-01-30_געתון_יחיעם.gpx,זהה,TRUE,0.5,2.6,0.7,7.5,25.5,1
זהה,145,2022-01-14_געתון_יחיעם.gpx,173,2022-04-01_געתון_יחיעם.gpx,זהה,TRUE,0.6,3.5,4.3,11.1,27,1
זהה,145,2022-01-14_געתון_יחיעם.gpx,254,2022-10-21_געתון_יחיעם.gpx,זהה,TRUE,1.1,2.8,5.6,13.6,57.7,1
זהה,145,2022-01-14_געתון_יחיעם.gpx,177,2022-04-07_געתון_יחיעם.gpx,זהה,FALSE,0.1,22.4,1.7,8.9,28,1
זהה,145,2022-01-14_געתון_יחיעם.gpx,175,2022-04-03_געתון_יחיעם.gpx,זהה,FALSE,0.6,2.2,5,11.4,23.7,1
זהה,145,2022-01-14_געתון_יחיעם.gpx,188,2022-05-04_געתון_יחיעם.gpx,זהה,FALSE,0.5,4.9,4.5,8.9,25.6,1
זהה,145,2022-01-14_געתון_יחיעם.gpx,345,2023-12-30_געתון_יחיעם_עין יעקב.gpx,זהה,TRUE,2.1,1.3,11.1,18.5,107.3,1
זהה,145,2022-01-14_געתון_יחיעם.gpx,154,2022-02-02_געתון_יחיעם.gpx,זהה,FALSE,1,4,5,9.1,27.7,1
חשוד,145,2022-01-14_געתון_יחיעם.gpx,261,2022-11-07_געתון_יחיעם_עין יעקב.gpx,חשוד - לבדיקה ידנית,FALSE,3.9,10.2,6.2,196.3,805.5,0.661
חשוד,145,2022-01-14_געתון_יחיעם.gpx,347,2024-01-03_געתון_יחיעם_עין יעקב.gpx,חשוד - לבדיקה ידנית,FALSE,4.6,8.3,9.1,12.9,107.4,1
חשוד,145,2022-01-14_געתון_יחיעם.gpx,344,2023-12-19_געתון_עין יעקב_יחיעם_1.gpx,חשוד - לבדיקה ידנית,TRUE,1.3,0.5,47.5,71.5,475.4,0.817
חשוד,145,2022-01-14_געתון_יחיעם.gpx,236,2022-08-09_געתון_יחיעם.gpx,חשוד - לבדיקה ידנית,FALSE,2.1,0.9,0.9,184.6,765.4,0.672
חשוד,145,2022-01-14_געתון_יחיעם.gpx,234,2022-08-02_געתון_יחיעם.gpx,חשוד - לבדיקה ידנית,TRUE,2,0.8,8.4,134.1,761.6,0.77
חשוד,145,2022-01-14_געתון_יחיעם.gpx,180,2022-04-13_געתון_יחיעם.gpx,חשוד - לבדיקה ידנית,TRUE,0.3,5.5,67.3,13.5,24.4,1
חשוד,145,2022-01-14_געתון_יחיעם.gpx,341,2023-11-20_געתון_עין יעקב.gpx,חשוד - לבדיקה ידנית,TRUE,0,2.7,359.2,114.8,712.8,0.754
חשוד,145,2022-01-14_געתון_יחיעם.gpx,191,2022-05-11_געתון_יחיעם.gpx,חשוד - לבדיקה ידנית,TRUE,4.7,2.5,5.2,134,768.7,0.77
חשוד,145,2022-01-14_געתון_יחיעם.gpx,233,2022-07-31_געתון_יחיעם.gpx,חשוד - לבדיקה ידנית,TRUE,3.4,4.6,4.1,41.9,236.4,0.831
הכלה,145,2022-01-14_געתון_יחיעם.gpx,210,2022-06-12_געתון_יחיעם.gpx,מוכל-ב,,,,,7.8,25,1
הכלה,145,2022-01-14_געתון_יחיעם.gpx,256,2022-10-24_געתון_יחיעם.gpx,מוכל-ב,,,,,8.4,26.6,1
הכלה,145,2022-01-14_געתון_יחיעם.gpx,48,2013-08-24_מזרעה_שבי ציון_געתון.gpx,מוכל-ב,,,,,31.6,261.7,0.918
הכלה,145,2022-01-14_געתון_יחיעם.gpx,160,2022-02-19_געתון_יחיעם.gpx,מוכל-ב,,,,,11.8,24.1,1
הכלה,145,2022-01-14_געתון_יחיעם.gpx,185,2022-04-21_געתון_יחיעם.gpx,מוכל-ב,,,,,13.2,109,1
הכלה,145,2022-01-14_געתון_יחיעם.gpx,257,2022-10-26_געתון_יחיעם.gpx,מוכל-ב,,,,,5,27.8,1
הכלה,145,2022-01-14_געתון_יחיעם.gpx,161,2022-02-22_געתון_יחיעם.gpx,מוכל-ב,,,,,7.1,26.4,1
הכלה,145,2022-01-14_געתון_יחיעם.gpx,243,2022-08-21_געתון_יחיעם.gpx,מוכל-ב,,,,,15.9,102,1
חשוד,144,2022-01-10_יחיעם_געתון_עין יעקב.gpx,476,2026-02-13_עין יעקב_געתון.gpx,חשוד - לבדיקה ידנית,FALSE,3,10.6,8.7,299.3,839.4,0.362
זהה,143,2022-01-07_געתון_מעיליא_מעונה.gpx,266,2022-11-19_מעיליא_געתון_מעונה.gpx,זהה,FALSE,0.8,13.7,21.9,6,23.3,1
זהה,143,2022-01-07_געתון_מעיליא_מעונה.gpx,259,2022-10-29_געתון_מעיליא_מעונה.gpx,זהה,FALSE,0,14.1,34,8,89.1,1
חשוד,143,2022-01-07_געתון_מעיליא_מעונה.gpx,174,2022-04-02_געתון_מעיליא_נווה זיו.gpx,חשוד - לבדיקה ידנית,FALSE,3.7,4,6.2,10.2,59.1,1
חשוד,143,2022-01-07_געתון_מעיליא_מעונה.gpx,260,2022-11-04_מעיליא_געתון_מעונה.gpx,חשוד - לבדיקה ידנית,FALSE,4.7,2.5,8.6,22.7,304.8,0.958
חשוד,143,2022-01-07_געתון_מעיליא_מעונה.gpx,253,2022-10-17_געתון_מעיליא_מעונה.gpx,חשוד - לבדיקה ידנית,FALSE,3.6,5.3,4.6,9.3,52.8,1
הכלה,143,2022-01-07_געתון_מעיליא_מעונה.gpx,25,2013-07-10_עין יעקב_מעונה_געתון.gpx,מוכל-ב,,,,,28.4,230.5,0.972
הכלה,143,2022-01-07_געתון_מעיליא_מעונה.gpx,72,2013-10-02_געתון_עין יעקב_מעיליא.gpx,מוכל-ב,,,,,44.9,520.1,0.931
הכלה,143,2022-01-07_געתון_מעיליא_מעונה.gpx,35,2013-07-30_מעונה_עין יעקב_געתון.gpx,מוכל-ב,,,,,24.7,233.6,0.972
הכלה,143,2022-01-07_געתון_מעיליא_מעונה.gpx,67,2013-09-25_געתון_עין יעקב_מעיליא.gpx,מוכל-ב,,,,,49.6,515.3,0.931
הכלה,143,2022-01-07_געתון_מעיליא_מעונה.gpx,74,2013-10-06_מעונה_עין יעקב_געתון.gpx,מוכל-ב,,,,,19.7,230.9,0.972
הכלה,143,2022-01-07_געתון_מעיליא_מעונה.gpx,56,2013-09-07_געתון_מעונה_גשר הזיו.gpx,מוכל-ב,,,,,26.6,234.1,0.972
הכלה,143,2022-01-07_געתון_מעיליא_מעונה.gpx,43,2013-08-14_געתון_מעונה_עין יעקב.gpx,מוכל-ב,,,,,19.7,231.2,0.972
הכלה,143,2022-01-07_געתון_מעיליא_מעונה.gpx,24,2013-07-08_עין יעקב_מעונה_געתון.gpx,מוכל-ב,,,,,19.8,232.2,0.972
זהה,142,2022-01-04_געתון_יחיעם.gpx,151,2022-01-29_געתון_יחיעם.gpx,זהה,TRUE,1.7,1.9,11.4,9,23.6,1
זהה,142,2022-01-04_געתון_יחיעם.gpx,152,2022-01-30_געתון_יחיעם.gpx,זהה,TRUE,1.3,4.1,14.2,8.6,22.6,1
זהה,142,2022-01-04_געתון_יחיעם.gpx,177,2022-04-07_געתון_יחיעם.gpx,זהה,FALSE,0.9,21.3,11.8,9.2,27.4,1
זהה,142,2022-01-04_געתון_יחיעם.gpx,173,2022-04-01_געתון_יחיעם.gpx,זהה,FALSE,1.4,1.5,12.8,10.6,24.1,1
זהה,142,2022-01-04_געתון_יחיעם.gpx,254,2022-10-21_געתון_יחיעם.gpx,זהה,FALSE,1.9,3,12.2,10.5,59.8,1
זהה,142,2022-01-04_געתון_יחיעם.gpx,175,2022-04-03_געתון_יחיעם.gpx,זהה,FALSE,1.4,3.7,9.6,8.8,23,1
זהה,142,2022-01-04_געתון_יחיעם.gpx,180,2022-04-13_געתון_יחיעם.gpx,זהה,TRUE,0.5,3.8,58,12.4,23.1,1
זהה,142,2022-01-04_געתון_יחיעם.gpx,188,2022-05-04_געתון_יחיעם.gpx,זהה,FALSE,1.3,1.7,11.8,10.3,19.1,1
זהה,142,2022-01-04_געתון_יחיעם.gpx,345,2023-12-30_געתון_יחיעם_עין יעקב.gpx,זהה,FALSE,2.9,7.8,16.2,20,87.4,1
זהה,142,2022-01-04_געתון_יחיעם.gpx,154,2022-02-02_געתון_יחיעם.gpx,זהה,FALSE,1.8,0.9,9,11.5,24.1,1
זהה,142,2022-01-04_געתון_יחיעם.gpx,145,2022-01-14_געתון_יחיעם.gpx,זהה,FALSE,0.8,4.2,13.5,8.7,20.4,1
זהה,142,2022-01-04_געתון_יחיעם.gpx,146,2022-01-15_געתון_יחיעם.gpx,זהה,TRUE,1.2,2,14,7.7,20.4,1
זהה,142,2022-01-04_געתון_יחיעם.gpx,189,2022-05-06_געתון_יחיעם.gpx,זהה,TRUE,1.4,2,12.9,7.5,20.6,1
זהה,142,2022-01-04_געתון_יחיעם.gpx,179,2022-04-12_געתון_יחיעם.gpx,זהה,FALSE,1.3,1.5,11.5,10.3,23.9,1
זהה,142,2022-01-04_געתון_יחיעם.gpx,194,2022-05-15_געתון_יחיעם.gpx,זהה,FALSE,1.3,6.2,16.6,7.7,19.7,1
זהה,142,2022-01-04_געתון_יחיעם.gpx,157,2022-02-16_געתון_יחיעם.gpx,זהה,TRUE,1.4,4.8,12.1,7.3,22.8,1
זהה,142,2022-01-04_געתון_יחיעם.gpx,164,2022-02-27_געתון_יחיעם.gpx,זהה,TRUE,1.3,1.7,11.4,9,23.2,1
זהה,142,2022-01-04_געתון_יחיעם.gpx,150,2022-01-21_געתון_יחיעם.gpx,זהה,TRUE,1.4,10.4,15.2,8.5,16.9,1
חשוד,142,2022-01-04_געתון_יחיעם.gpx,236,2022-08-09_געתון_יחיעם.gpx,חשוד - לבדיקה ידנית,FALSE,2.9,4,13.5,183.9,765.9,0.656
חשוד,142,2022-01-04_געתון_יחיעם.gpx,234,2022-08-02_געתון_יחיעם.gpx,חשוד - לבדיקה ידנית,TRUE,2.8,3.6,12.3,135.3,762.3,0.77
חשוד,142,2022-01-04_געתון_יחיעם.gpx,341,2023-11-20_געתון_עין יעקב.gpx,חשוד - לבדיקה ידנית,FALSE,0.8,355.8,12.7,116,712.7,0.738
חשוד,142,2022-01-04_געתון_יחיעם.gpx,346,2023-12-31_געתון_יחיעם_עין יעקב.gpx,חשוד - לבדיקה ידנית,TRUE,3.2,20.5,36.3,18.2,97.2,1
חשוד,142,2022-01-04_געתון_יחיעם.gpx,233,2022-07-31_געתון_יחיעם.gpx,חשוד - לבדיקה ידנית,TRUE,2.6,0.9,9.6,38.6,235.4,0.831
חשוד,142,2022-01-04_געתון_יחיעם.gpx,261,2022-11-07_געתון_יחיעם_עין יעקב.gpx,חשוד - לבדיקה ידנית,FALSE,3.1,13.7,8.2,195,805,0.661
חשוד,142,2022-01-04_געתון_יחיעם.gpx,344,2023-12-19_געתון_עין יעקב_יחיעם_1.gpx,חשוד - לבדיקה ידנית,TRUE,0.5,3.8,38.1,67.3,469.1,0.817
הכלה,142,2022-01-04_געתון_יחיעם.gpx,257,2022-10-26_געתון_יחיעם.gpx,מוכל-ב,,,,,9.5,21.9,1
הכלה,142,2022-01-04_געתון_יחיעם.gpx,160,2022-02-19_געתון_יחיעם.gpx,מוכל-ב,,,,,9.4,18.9,1
הכלה,142,2022-01-04_געתון_יחיעם.gpx,185,2022-04-21_געתון_יחיעם.gpx,מוכל-ב,,,,,13.3,113.6,1
הכלה,142,2022-01-04_געתון_יחיעם.gpx,161,2022-02-22_געתון_יחיעם.gpx,מוכל-ב,,,,,5.7,18.1,1
הכלה,142,2022-01-04_געתון_יחיעם.gpx,243,2022-08-21_געתון_יחיעם.gpx,מוכל-ב,,,,,16.7,126.7,0.984
הכלה,142,2022-01-04_געתון_יחיעם.gpx,48,2013-08-24_מזרעה_שבי ציון_געתון.gpx,מוכל-ב,,,,,30.6,266.2,0.902
הכלה,142,2022-01-04_געתון_יחיעם.gpx,348,2024-01-03_געתון_יחיעם_עין יעקב_1.gpx,מוכל-ב,,,,,15.7,59.7,1
הכלה,142,2022-01-04_געתון_יחיעם.gpx,210,2022-06-12_געתון_יחיעם.gpx,מוכל-ב,,,,,7.9,21.3,1
הכלה,142,2022-01-04_געתון_יחיעם.gpx,256,2022-10-24_געתון_יחיעם.gpx,מוכל-ב,,,,,8,16.2,1
חשוד,141,2022-01-02_געתון_יחיעם.gpx,456,2025-10-16_געתון_יחיעם.gpx,חשוד - לבדיקה ידנית,TRUE,4.5,2.3,4.7,168.6,836.2,0.647
זהה,140,2021-12-31_געתון_מעיליא_מעונה.gpx,266,2022-11-19_מעיליא_געתון_מעונה.gpx,זהה,FALSE,2.9,13.4,9.7,12.8,97.2,1
זהה,140,2021-12-31_געתון_מעיליא_מעונה.gpx,174,2022-04-02_געתון_מעיליא_נווה זיו.gpx,זהה,FALSE,0.1,2.6,13.2,9.6,24,1
זהה,140,2021-12-31_געתון_מעיליא_מעונה.gpx,253,2022-10-17_געתון_מעיליא_מעונה.gpx,זהה,FALSE,0.1,5.5,8.6,8,52.6,1
חשוד,140,2021-12-31_געתון_מעיליא_מעונה.gpx,143,2022-01-07_געתון_מעיליא_מעונה.gpx,חשוד - לבדיקה ידנית,FALSE,3.7,2.3,12.2,9.6,95.8,1
חשוד,140,2021-12-31_געתון_מעיליא_מעונה.gpx,259,2022-10-29_געתון_מעיליא_מעונה.gpx,חשוד - לבדיקה ידנית,FALSE,3.7,16.3,22.1,10,95.1,1
חשוד,140,2021-12-31_געתון_מעיליא_מעונה.gpx,367,2024-04-06_געתון_מעיליא_מעונה.gpx,חשוד - לבדיקה ידנית,FALSE,3,408.2,14.4,12.1,47.4,1
הכלה,140,2021-12-31_געתון_מעיליא_מעונה.gpx,25,2013-07-10_עין יעקב_מעונה_געתון.gpx,מוכל-ב,,,,,16.3,43.9,1
הכלה,140,2021-12-31_געתון_מעיליא_מעונה.gpx,72,2013-10-02_געתון_עין יעקב_מעיליא.gpx,מוכל-ב,,,,,30.3,416.1,0.971
הכלה,140,2021-12-31_געתון_מעיליא_מעונה.gpx,35,2013-07-30_מעונה_עין יעקב_געתון.gpx,מוכל-ב,,,,,19.3,41.4,1
הכלה,140,2021-12-31_געתון_מעיליא_מעונה.gpx,67,2013-09-25_געתון_עין יעקב_מעיליא.gpx,מוכל-ב,,,,,28.9,411.3,0.971
הכלה,140,2021-12-31_געתון_מעיליא_מעונה.gpx,74,2013-10-06_מעונה_עין יעקב_געתון.gpx,מוכל-ב,,,,,11.2,44.6,1
הכלה,140,2021-12-31_געתון_מעיליא_מעונה.gpx,56,2013-09-07_געתון_מעונה_גשר הזיו.gpx,מוכל-ב,,,,,19,43.3,1
הכלה,140,2021-12-31_געתון_מעיליא_מעונה.gpx,43,2013-08-14_געתון_מעונה_עין יעקב.gpx,מוכל-ב,,,,,14.7,38.8,1
הכלה,140,2021-12-31_געתון_מעיליא_מעונה.gpx,24,2013-07-08_עין יעקב_מעונה_געתון.gpx,מוכל-ב,,,,,9.6,40.4,1
זהה,139,2021-12-29_געתון_יחיעם.gpx,188,2022-05-04_געתון_יחיעם.gpx,זהה,TRUE,0.4,3.3,6.6,8.9,20,1
זהה,139,2021-12-29_געתון_יחיעם.gpx,345,2023-12-30_געתון_יחיעם_עין יעקב.gpx,זהה,FALSE,1.2,8.3,1.1,15.9,73.3,1
זהה,139,2021-12-29_געתון_יחיעם.gpx,154,2022-02-02_געתון_יחיעם.gpx,זהה,TRUE,0.1,5.5,5.6,8.4,14.2,1
זהה,139,2021-12-29_געתון_יחיעם.gpx,145,2022-01-14_געתון_יחיעם.gpx,זהה,TRUE,0.9,2.8,1.7,3.6,25.2,1
זהה,139,2021-12-29_געתון_יחיעם.gpx,142,2022-01-04_געתון_יחיעם.gpx,זהה,TRUE,1.7,14.5,5.7,8.3,18.6,1
זהה,139,2021-12-29_געתון_יחיעם.gpx,346,2023-12-31_געתון_יחיעם_עין יעקב.gpx,זהה,FALSE,1.5,48.4,14.8,16.4,99.2,1
זהה,139,2021-12-29_געתון_יחיעם.gpx,146,2022-01-15_געתון_יחיעם.gpx,זהה,TRUE,0.4,1.3,3.6,4.9,15.9,1
זהה,139,2021-12-29_געתון_יחיעם.gpx,189,2022-05-06_געתון_יחיעם.gpx,זהה,TRUE,0.3,1.2,3.7,6.8,21.2,1
זהה,139,2021-12-29_געתון_יחיעם.gpx,179,2022-04-12_געתון_יחיעם.gpx,זהה,FALSE,0.4,2.2,5.8,7.6,19.2,1
זהה,139,2021-12-29_געתון_יחיעם.gpx,194,2022-05-15_געתון_יחיעם.gpx,זהה,FALSE,0.4,6.2,1.1,8.8,20.9,1
זהה,139,2021-12-29_געתון_יחיעם.gpx,164,2022-02-27_געתון_יחיעם.gpx,זהה,TRUE,0.3,2.2,4.8,9.7,20.6,1
זהה,139,2021-12-29_געתון_יחיעם.gpx,157,2022-02-16_געתון_יחיעם.gpx,זהה,TRUE,0.3,4.1,4.1,6.5,19.2,1
זהה,139,2021-12-29_געתון_יחיעם.gpx,150,2022-01-21_געתון_יחיעם.gpx,זהה,FALSE,0.2,3.2,4.9,8.2,19.1,1
זהה,139,2021-12-29_געתון_יחיעם.gpx,173,2022-04-01_געתון_יחיעם.gpx,זהה,FALSE,0.2,2.2,5.2,10,19.9,1
זהה,139,2021-12-29_געתון_יחיעם.gpx,151,2022-01-29_געתון_יחיעם.gpx,זהה,FALSE,0,3.2,4.2,5.5,20.1,1
זהה,139,2021-12-29_געתון_יחיעם.gpx,152,2022-01-30_געתון_יחיעם.gpx,זהה,FALSE,0.4,2.6,2.9,7.9,20.1,1
זהה,139,2021-12-29_געתון_יחיעם.gpx,177,2022-04-07_געתון_יחיעם.gpx,זהה,FALSE,0.8,21.2,4.8,10,21.3,1
זהה,139,2021-12-29_געתון_יחיעם.gpx,175,2022-04-03_געתון_יחיעם.gpx,זהה,TRUE,0.3,5,3.7,9.5,20,1
זהה,139,2021-12-29_געתון_יחיעם.gpx,254,2022-10-21_געתון_יחיעם.gpx,זהה,FALSE,0.2,3,4.2,14.2,51.6,1
חשוד,139,2021-12-29_געתון_יחיעם.gpx,341,2023-11-20_געתון_עין יעקב.gpx,חשוד - לבדיקה ידנית,FALSE,0.8,356.4,3.5,90.6,508.2,0.738
חשוד,139,2021-12-29_געתון_יחיעם.gpx,191,2022-05-11_געתון_יחיעם.gpx,חשוד - לבדיקה ידנית,FALSE,3.9,4.6,4.2,132.5,769.7,0.774
חשוד,139,2021-12-29_געתון_יחיעם.gpx,233,2022-07-31_געתון_יחיעם.gpx,חשוד - לבדיקה ידנית,FALSE,4.2,5,6,41.8,236.6,0.831
חשוד,139,2021-12-29_געתון_יחיעם.gpx,261,2022-11-07_געתון_יחיעם_עין יעקב.gpx,חשוד - לבדיקה ידנית,TRUE,4.7,6.4,9.8,195.3,807.5,0.661
חשוד,139,2021-12-29_געתון_יחיעם.gpx,347,2024-01-03_געתון_יחיעם_עין יעקב.gpx,חשוד - לבדיקה ידנית,FALSE,3.8,9.5,10.7,13.3,81,1
חשוד,139,2021-12-29_געתון_יחיעם.gpx,344,2023-12-19_געתון_עין יעקב_יחיעם_1.gpx,חשוד - לבדיקה ידנית,FALSE,2.2,46.4,2.2,70.6,481,0.817
חשוד,139,2021-12-29_געתון_יחיעם.gpx,236,2022-08-09_געתון_יחיעם.gpx,חשוד - לבדיקה ידנית,TRUE,1.2,2,1.7,184.4,766.4,0.661
חשוד,139,2021-12-29_געתון_יחיעם.gpx,234,2022-08-02_געתון_יחיעם.gpx,חשוד - לבדיקה ידנית,FALSE,1.1,6.6,2.1,132.4,762.7,0.774
חשוד,139,2021-12-29_געתון_יחיעם.gpx,180,2022-04-13_געתון_יחיעם.gpx,חשוד - לבדיקה ידנית,FALSE,1.2,66.1,7.1,11.1,24.3,1
הכלה,139,2021-12-29_געתון_יחיעם.gpx,161,2022-02-22_געתון_יחיעם.gpx,מוכל-ב,,,,,7.4,25.1,1
הכלה,139,2021-12-29_געתון_יחיעם.gpx,48,2013-08-24_מזרעה_שבי ציון_געתון.gpx,מוכל-ב,,,,,31.6,260.1,0.919
הכלה,139,2021-12-29_געתון_יחיעם.gpx,243,2022-08-21_געתון_יחיעם.gpx,מוכל-ב,,,,,13.5,116.8,1
הכלה,139,2021-12-29_געתון_יחיעם.gpx,210,2022-06-12_געתון_יחיעם.gpx,מוכל-ב,,,,,8.3,21.3,1
הכלה,139,2021-12-29_געתון_יחיעם.gpx,256,2022-10-24_געתון_יחיעם.gpx,מוכל-ב,,,,,8.4,14.9,1
הכלה,139,2021-12-29_געתון_יחיעם.gpx,185,2022-04-21_געתון_יחיעם.gpx,מוכל-ב,,,,,13.5,107.2,1
הכלה,139,2021-12-29_געתון_יחיעם.gpx,257,2022-10-26_געתון_יחיעם.gpx,מוכל-ב,,,,,5,16.2,1
הכלה,139,2021-12-29_געתון_יחיעם.gpx,160,2022-02-19_געתון_יחיעם.gpx,מוכל-ב,,,,,10.4,21.4,1
זהה,138,2021-12-25_געתון_מעיליא_מעונה.gpx,140,2021-12-31_געתון_מעיליא_מעונה.gpx,זהה,FALSE,0.9,0.7,9.5,6.7,26.3,1
זהה,138,2021-12-25_געתון_מעיליא_מעונה.gpx,174,2022-04-02_געתון_מעיליא_נווה זיו.gpx,זהה,FALSE,1,2,5,10.3,24.6,1
זהה,138,2021-12-25_געתון_מעיליא_מעונה.gpx,253,2022-10-17_געתון_מעיליא_מעונה.gpx,זהה,FALSE,1,6.1,4.6,6,51.5,1
חשוד,138,2021-12-25_געתון_מעיליא_מעונה.gpx,143,2022-01-07_געתון_מעיליא_מעונה.gpx,חשוד - לבדיקה ידנית,FALSE,4.6,2.9,8.7,10.8,46,1
חשוד,138,2021-12-25_געתון_מעיליא_מעונה.gpx,266,2022-11-19_מעיליא_געתון_מעונה.gpx,חשוד - לבדיקה ידנית,FALSE,3.8,12.9,18.1,10.4,61.7,1
חשוד,138,2021-12-25_געתון_מעיליא_מעונה.gpx,259,2022-10-29_געתון_מעיליא_מעונה.gpx,חשוד - לבדיקה ידנית,FALSE,4.6,16.8,30.6,8.8,73.8,1
חשוד,138,2021-12-25_געתון_מעיליא_מעונה.gpx,367,2024-04-06_געתון_מעיליא_מעונה.gpx,חשוד - לבדיקה ידנית,FALSE,2.1,407.9,5,10.4,36.8,1
הכלה,138,2021-12-25_געתון_מעיליא_מעונה.gpx,72,2013-10-02_געתון_עין יעקב_מעיליא.gpx,מוכל-ב,,,,,35.4,406.9,0.957
הכלה,138,2021-12-25_געתון_מעיליא_מעונה.gpx,35,2013-07-30_מעונה_עין יעקב_געתון.gpx,מוכל-ב,,,,,22.1,38.2,1
הכלה,138,2021-12-25_געתון_מעיליא_מעונה.gpx,67,2013-09-25_געתון_עין יעקב_מעיליא.gpx,מוכל-ב,,,,,30.7,402,0.957
הכלה,138,2021-12-25_געתון_מעיליא_מעונה.gpx,74,2013-10-06_מעונה_עין יעקב_געתון.gpx,מוכל-ב,,,,,13,40.7,1
הכלה,138,2021-12-25_געתון_מעיליא_מעונה.gpx,56,2013-09-07_געתון_מעונה_גשר הזיו.gpx,מוכל-ב,,,,,20.4,39.3,1
הכלה,138,2021-12-25_געתון_מעיליא_מעונה.gpx,43,2013-08-14_געתון_מעונה_עין יעקב.gpx,מוכל-ב,,,,,18.3,35.8,1
הכלה,138,2021-12-25_געתון_מעיליא_מעונה.gpx,24,2013-07-08_עין יעקב_מעונה_געתון.gpx,מוכל-ב,,,,,8.9,42.5,1
הכלה,138,2021-12-25_געתון_מעיליא_מעונה.gpx,25,2013-07-10_עין יעקב_מעונה_געתון.gpx,מוכל-ב,,,,,15.8,38.2,1
זהה,137,2021-12-21_געתון_יחיעם.gpx,152,2022-01-30_געתון_יחיעם.gpx,זהה,FALSE,0.9,10.3,2.9,8.5,20.7,1
זהה,137,2021-12-21_געתון_יחיעם.gpx,177,2022-04-07_געתון_יחיעם.gpx,זהה,TRUE,1.2,9.8,21.3,7.8,21.3,1
זהה,137,2021-12-21_געתון_יחיעם.gpx,173,2022-04-01_געתון_יחיעם.gpx,זהה,FALSE,0.7,6.1,6.3,9.4,22.9,1
זהה,137,2021-12-21_געתון_יחיעם.gpx,254,2022-10-21_געתון_יחיעם.gpx,זהה,FALSE,0.3,7.3,5.6,13.8,213.8,0.968
זהה,137,2021-12-21_געתון_יחיעם.gpx,175,2022-04-03_געתון_יחיעם.gpx,זהה,TRUE,0.8,7.8,5,6.9,17.2,1
זהה,137,2021-12-21_געתון_יחיעם.gpx,180,2022-04-13_געתון_יחיעם.gpx,זהה,FALSE,1.6,59.4,8.4,10,21.7,1
זהה,137,2021-12-21_געתון_יחיעם.gpx,188,2022-05-04_געתון_יחיעם.gpx,זהה,TRUE,0.9,6.3,7.6,8.2,15,1
זהה,137,2021-12-21_געתון_יחיעם.gpx,345,2023-12-30_געתון_יחיעם_עין יעקב.gpx,זהה,FALSE,0.8,5,1.8,14,116.2,1
זהה,137,2021-12-21_געתון_יחיעם.gpx,154,2022-02-02_געתון_יחיעם.gpx,זהה,TRUE,0.4,8.7,6.6,8.6,23.8,1
זהה,137,2021-12-21_געתון_יחיעם.gpx,142,2022-01-04_געתון_יחיעם.gpx,זהה,TRUE,2.1,15.4,6.6,9.8,21.2,1
זהה,137,2021-12-21_געתון_יחיעם.gpx,346,2023-12-31_געתון_יחיעם_עין יעקב.gpx,זהה,FALSE,1.1,44.1,14.3,16.4,122.1,0.984
זהה,137,2021-12-21_געתון_יחיעם.gpx,145,2022-01-14_געתון_יחיעם.gpx,זהה,TRUE,1.3,10.3,2.9,7.2,18.4,1
זהה,137,2021-12-21_געתון_יחיעם.gpx,146,2022-01-15_געתון_יחיעם.gpx,זהה,TRUE,0.9,9.1,4.7,6.6,11.8,1
זהה,137,2021-12-21_געתון_יחיעם.gpx,189,2022-05-06_געתון_יחיעם.gpx,זהה,TRUE,0.8,9,5.1,9,15.7,1
זהה,137,2021-12-21_געתון_יחיעם.gpx,179,2022-04-12_געתון_יחיעם.gpx,זהה,FALSE,0.8,6.1,7.1,9.1,17.5,1
זהה,137,2021-12-21_געתון_יחיעם.gpx,194,2022-05-15_געתון_יחיעם.gpx,זהה,FALSE,0.8,9.1,1.5,8.5,16.3,1
זהה,137,2021-12-21_געתון_יחיעם.gpx,157,2022-02-16_געתון_יחיעם.gpx,זהה,TRUE,0.8,11.9,5.5,8.8,16.4,1
זהה,137,2021-12-21_געתון_יחיעם.gpx,164,2022-02-27_געתון_יחיעם.gpx,זהה,TRUE,0.8,6.8,6.3,6,15.1,1
זהה,137,2021-12-21_געתון_יחיעם.gpx,150,2022-01-21_געתון_יחיעם.gpx,זהה,FALSE,0.7,11.1,5.1,7.1,14.8,1
זהה,137,2021-12-21_געתון_יחיעם.gpx,139,2021-12-29_געתון_יחיעם.gpx,זהה,FALSE,0.5,7.9,1.5,5.6,17.1,1
זהה,137,2021-12-21_געתון_יחיעם.gpx,151,2022-01-29_געתון_יחיעם.gpx,זהה,FALSE,0.5,8.5,5.2,8.7,23.4,1
חשוד,137,2021-12-21_געתון_יחיעם.gpx,236,2022-08-09_געתון_יחיעם.gpx,חשוד - לבדיקה ידנית,TRUE,0.8,9.5,2.6,184.9,774.8,0.661
חשוד,137,2021-12-21_געתון_יחיעם.gpx,234,2022-08-02_געתון_יחיעם.gpx,חשוד - לבדיקה ידנית,FALSE,0.6,3.3,3.1,136.5,772.1,0.774
חשוד,137,2021-12-21_געתון_יחיעם.gpx,341,2023-11-20_געתון_עין יעקב.gpx,חשוד - לבדיקה ידנית,FALSE,1.3,349.1,4.9,88.2,511.2,0.738
חשוד,137,2021-12-21_געתון_יחיעם.gpx,191,2022-05-11_געתון_יחיעם.gpx,חשוד - לבדיקה ידנית,FALSE,3.4,6.9,5.2,138.1,779.3,0.774
חשוד,137,2021-12-21_געתון_יחיעם.gpx,233,2022-07-31_געתון_יחיעם.gpx,חשוד - לבדיקה ידנית,TRUE,4.7,7,8.5,38.7,237,0.831
חשוד,137,2021-12-21_געתון_יחיעם.gpx,347,2024-01-03_געתון_יחיעם_עין יעקב.gpx,חשוד - לבדיקה ידנית,FALSE,3.3,14.4,12.1,15.3,123.7,0.984
חשוד,137,2021-12-21_געתון_יחיעם.gpx,355,2024-02-23_געתון_עין יעקב.gpx,חשוד - לבדיקה ידנית,TRUE,5,13.1,2.9,142.7,851.9,0.774
חשוד,137,2021-12-21_געתון_יחיעם.gpx,344,2023-12-19_געתון_עין יעקב_יחיעם_1.gpx,חשוד - לבדיקה ידנית,FALSE,2.6,40.2,3.4,66.6,479.5,0.817
חשוד,137,2021-12-21_געתון_יחיעם.gpx,162,2022-02-23_געתון_יחיעם.gpx,חשוד - לבדיקה ידנית,TRUE,5,10.5,7.4,10.1,23.8,1
הכלה,137,2021-12-21_געתון_יחיעם.gpx,257,2022-10-26_געתון_יחיעם.gpx,מוכל-ב,,,,,6.6,13,1
הכלה,137,2021-12-21_געתון_יחיעם.gpx,160,2022-02-19_געתון_יחיעם.gpx,מוכל-ב,,,,,6.9,22.5,1
הכלה,137,2021-12-21_געתון_יחיעם.gpx,185,2022-04-21_געתון_יחיעם.gpx,מוכל-ב,,,,,11,137.2,0.984
הכלה,137,2021-12-21_געתון_יחיעם.gpx,161,2022-02-22_געתון_יחיעם.gpx,מוכל-ב,,,,,9.9,22.7,1
הכלה,137,2021-12-21_געתון_יחיעם.gpx,243,2022-08-21_געתון_יחיעם.gpx,מוכל-ב,,,,,12,143.7,0.968
הכלה,137,2021-12-21_געתון_יחיעם.gpx,48,2013-08-24_מזרעה_שבי ציון_געתון.gpx,מוכל-ב,,,,,36.6,291.6,0.919
הכלה,137,2021-12-21_געתון_יחיעם.gpx,210,2022-06-12_געתון_יחיעם.gpx,מוכל-ב,,,,,10.2,22,1
הכלה,137,2021-12-21_געתון_יחיעם.gpx,256,2022-10-24_געתון_יחיעם.gpx,מוכל-ב,,,,,9,18.1,1
חשוד,136,2021-12-16_נווה זוהר_ערד.gpx,147,2022-01-17_נווה זוהר_ערד.gpx,חשוד - לבדיקה ידנית,TRUE,1.4,13.2,17.2,203.9,872.6,0.474
חשוד,136,2021-12-16_נווה זוהר_ערד.gpx,218,2022-06-28_נווה זוהר_ערד.gpx,חשוד - לבדיקה ידנית,FALSE,1.8,465.4,459.7,16.7,92.7,1
חשוד,136,2021-12-16_נווה זוהר_ערד.gpx,290,2023-01-28_נווה זוהר_ערד.gpx,חשוד - לבדיקה ידנית,TRUE,0.7,415.1,445.6,32.3,138.8,1
חשוד,136,2021-12-16_נווה זוהר_ערד.gpx,219,2022-06-29_נווה זוהר_ערד.gpx,חשוד - לבדיקה ידנית,FALSE,3.2,475.6,467.6,17.9,93,1
חשוד,136,2021-12-16_נווה זוהר_ערד.gpx,295,2023-03-20_נווה זוהר_ערד.gpx,חשוד - לבדיקה ידנית,FALSE,0.9,161.1,724.8,32.9,185.4,0.948
חשוד,136,2021-12-16_נווה זוהר_ערד.gpx,458,2025-10-20_נווה זוהר_ערד.gpx,חשוד - לבדיקה ידנית,FALSE,4.9,602,594.7,32.7,141.4,1
הכלה,136,2021-12-16_נווה זוהר_ערד.gpx,148,2022-01-18_נווה זוהר_ערד.gpx,מוכל-ב,,,,,12.7,25.2,1
הכלה,136,2021-12-16_נווה זוהר_ערד.gpx,171,2022-03-10_נווה זוהר_ערד.gpx,מוכל-ב,,,,,40.3,348.6,0.91
הכלה,136,2021-12-16_נווה זוהר_ערד.gpx,298,2023-03-23_נווה זוהר_ערד.gpx,מוכל-ב,,,,,31.9,138.2,1
הכלה,136,2021-12-16_נווה זוהר_ערד.gpx,297,2023-03-22_נווה זוהר_ערד.gpx,מוכל-ב,,,,,31.4,138.8,1
הכלה,136,2021-12-16_נווה זוהר_ערד.gpx,170,2022-03-08_נווה זוהר_ערד.gpx,מוכל-ב,,,,,20.5,164.8,0.974
הכלה,136,2021-12-16_נווה זוהר_ערד.gpx,274,2022-12-08_נווה זוהר_ערד.gpx,מוכל-ב,,,,,27.7,102,1
הכלה,136,2021-12-16_נווה זוהר_ערד.gpx,296,2023-03-21_נווה זוהר_ערד.gpx,מוכל-ב,,,,,27.8,136.7,1
חשוד,135,2021-12-15_נווה זוהר_ערד.gpx,365,2024-04-02_נווה זוהר_ערד.gpx,חשוד - לבדיקה ידנית,FALSE,2.1,380.6,379,69.2,359,0.759
הכלה,135,2021-12-15_נווה זוהר_ערד.gpx,218,2022-06-28_נווה זוהר_ערד.gpx,מוכל-ב,,,,,20.9,96,1
הכלה,135,2021-12-15_נווה זוהר_ערד.gpx,170,2022-03-08_נווה זוהר_ערד.gpx,מוכל-ב,,,,,31.8,198.6,0.944
הכלה,135,2021-12-15_נווה זוהר_ערד.gpx,427,2025-02-13_נווה זוהר_ערד.gpx,מוכל-ב,,,,,31.1,91.5,1
הכלה,135,2021-12-15_נווה זוהר_ערד.gpx,134,2021-12-14_נווה זוהר_ערד.gpx,מוכל-ב,,,,,11.8,32,1
הכלה,135,2021-12-15_נווה זוהר_ערד.gpx,273,2022-12-07_נווה זוהר_ערד.gpx,מוכל-ב,,,,,24.9,84.8,1
הכלה,135,2021-12-15_נווה זוהר_ערד.gpx,133,2021-12-13_נווה זוהר_ערד.gpx,מוכל-ב,,,,,9.1,26.8,1
הכלה,135,2021-12-15_נווה זוהר_ערד.gpx,287,2023-01-25_נווה זוהר_ערד.gpx,מוכל-ב,,,,,30.2,109.4,0.963
הכלה,135,2021-12-15_נווה זוהר_ערד.gpx,219,2022-06-29_נווה זוהר_ערד.gpx,מוכל-ב,,,,,25.6,96.2,1
הכלה,135,2021-12-15_נווה זוהר_ערד.gpx,169,2022-03-07_נווה זוהר_ערד.gpx,מוכל-ב,,,,,30.6,197.7,0.944
הכלה,135,2021-12-15_נווה זוהר_ערד.gpx,272,2022-12-06_נווה זוהר_ערד.gpx,מוכל-ב,,,,,23.7,80.6,1
הכלה,135,2021-12-15_נווה זוהר_ערד.gpx,136,2021-12-16_נווה זוהר_ערד.gpx,מוכל-ב,,,,,15,32.2,1
הכלה,135,2021-12-15_נווה זוהר_ערד.gpx,274,2022-12-08_נווה זוהר_ערד.gpx,מוכל-ב,,,,,30.2,106.7,0.981
הכלה,135,2021-12-15_נווה זוהר_ערד.gpx,271,2022-12-05_נווה זוהר_ערד.gpx,מוכל-ב,,,,,23.1,79,1
הכלה,135,2021-12-15_נווה זוהר_ערד.gpx,148,2022-01-18_נווה זוהר_ערד.gpx,מוכל-ב,,,,,17.4,32.8,1
הכלה,135,2021-12-15_נווה זוהר_ערד.gpx,217,2022-06-27_נווה זוהר_ערד.gpx,מוכל-ב,,,,,23.8,96.6,1
הכלה,135,2021-12-15_נווה זוהר_ערד.gpx,147,2022-01-17_נווה זוהר_ערד.gpx,מוכל-ב,,,,,9.3,35.1,1
חשוד,134,2021-12-14_נווה זוהר_ערד.gpx,271,2022-12-05_נווה זוהר_ערד.gpx,חשוד - לבדיקה ידנית,TRUE,2.3,419.2,414,26.7,185.6,1
חשוד,134,2021-12-14_נווה זוהר_ערד.gpx,273,2022-12-07_נווה זוהר_ערד.gpx,חשוד - לבדיקה ידנית,TRUE,1.9,419.1,414.6,30.6,192.8,0.99
חשוד,134,2021-12-14_נווה זוהר_ערד.gpx,287,2023-01-25_נווה זוהר_ערד.gpx,חשוד - לבדיקה ידנית,FALSE,1.3,450.7,458.6,41.8,261.1,0.969
חשוד,134,2021-12-14_נווה זוהר_ערד.gpx,289,2023-01-27_נווה זוהר_ערד.gpx,חשוד - לבדיקה ידנית,FALSE,2,459.5,460.7,52.2,260.1,0.979
חשוד,134,2021-12-14_נווה זוהר_ערד.gpx,272,2022-12-06_נווה זוהר_ערד.gpx,חשוד - לבדיקה ידנית,FALSE,3.2,412.7,414.2,27.5,183.5,1
חשוד,134,2021-12-14_נווה זוהר_ערד.gpx,296,2023-03-21_נווה זוהר_ערד.gpx,חשוד - לבדיקה ידנית,TRUE,1.6,180.9,189.1,62,652.5,0.927
הכלה,134,2021-12-14_נווה זוהר_ערד.gpx,298,2023-03-23_נווה זוהר_ערד.gpx,מוכל-ב,,,,,26.9,148.9,1
הכלה,134,2021-12-14_נווה זוהר_ערד.gpx,171,2022-03-10_נווה זוהר_ערד.gpx,מוכל-ב,,,,,38.2,341.4,0.938
הכלה,134,2021-12-14_נווה זוהר_ערד.gpx,297,2023-03-22_נווה זוהר_ערד.gpx,מוכל-ב,,,,,36.6,239.6,0.99
הכלה,133,2021-12-13_נווה זוהר_ערד.gpx,274,2022-12-08_נווה זוהר_ערד.gpx,מוכל-ב,,,,,40.7,158.5,0.938
הכלה,133,2021-12-13_נווה זוהר_ערד.gpx,271,2022-12-05_נווה זוהר_ערד.gpx,מוכל-ב,,,,,36,190.8,0.954
הכלה,133,2021-12-13_נווה זוהר_ערד.gpx,148,2022-01-18_נווה זוהר_ערד.gpx,מוכל-ב,,,,,26,139.5,0.969
הכלה,133,2021-12-13_נווה זוהר_ערד.gpx,147,2022-01-17_נווה זוהר_ערד.gpx,מוכל-ב,,,,,24.2,173.1,0.954
הכלה,133,2021-12-13_נווה זוהר_ערד.gpx,218,2022-06-28_נווה זוהר_ערד.gpx,מוכל-ב,,,,,31.5,161.9,0.954
הכלה,133,2021-12-13_נווה זוהר_ערד.gpx,170,2022-03-08_נווה זוהר_ערד.gpx,מוכל-ב,,,,,40.5,186.3,0.923
הכלה,133,2021-12-13_נווה זוהר_ערד.gpx,427,2025-02-13_נווה זוהר_ערד.gpx,מוכל-ב,,,,,40.8,178.5,0.985
הכלה,133,2021-12-13_נווה זוהר_ערד.gpx,134,2021-12-14_נווה זוהר_ערד.gpx,מוכל-ב,,,,,22.2,140.4,0.969
הכלה,133,2021-12-13_נווה זוהר_ערד.gpx,136,2021-12-16_נווה זוהר_ערד.gpx,מוכל-ב,,,,,22.7,140.8,0.969
הכלה,133,2021-12-13_נווה זוהר_ערד.gpx,273,2022-12-07_נווה זוהר_ערד.gpx,מוכל-ב,,,,,37.1,195.3,0.938
הכלה,133,2021-12-13_נווה זוהר_ערד.gpx,287,2023-01-25_נווה זוהר_ערד.gpx,מוכל-ב,,,,,46.6,270.7,0.908
הכלה,133,2021-12-13_נווה זוהר_ערד.gpx,219,2022-06-29_נווה זוהר_ערד.gpx,מוכל-ב,,,,,35,160.2,0.954
הכלה,133,2021-12-13_נווה זוהר_ערד.gpx,272,2022-12-06_נווה זוהר_ערד.gpx,מוכל-ב,,,,,36.8,192.5,0.954
הכלה,132,2021-12-10_געתון_יחיעם.gpx,552,2026-08-09_יחיעם_געתון_עין יעקב.gpx,מוכל-ב,,,,,20.3,196.1,0.947
הכלה,132,2021-12-10_געתון_יחיעם.gpx,243,2022-08-21_געתון_יחיעם.gpx,מוכל-ב,,,,,18,126.3,0.982
הכלה,132,2021-12-10_געתון_יחיעם.gpx,185,2022-04-21_געתון_יחיעם.gpx,מוכל-ב,,,,,18.8,192.3,0.947
הכלה,132,2021-12-10_געתון_יחיעם.gpx,160,2022-02-19_געתון_יחיעם.gpx,מוכל-ב,,,,,25.7,198.9,0.912
זהה,131,2021-12-09_געתון_יחיעם.gpx,157,2022-02-16_געתון_יחיעם.gpx,זהה,FALSE,0.5,4.9,7.6,6.1,19,1
זהה,131,2021-12-09_געתון_יחיעם.gpx,150,2022-01-21_געתון_יחיעם.gpx,זהה,FALSE,0.5,1.4,5.7,7,22.3,1
זהה,131,2021-12-09_געתון_יחיעם.gpx,151,2022-01-29_געתון_יחיעם.gpx,זהה,FALSE,0.7,4.8,11.1,7.1,21.8,1
זהה,131,2021-12-09_געתון_יחיעם.gpx,173,2022-04-01_געתון_יחיעם.gpx,זהה,FALSE,0.5,4.8,12.1,11.4,24.4,1
זהה,131,2021-12-09_געתון_יחיעם.gpx,139,2021-12-29_געתון_יחיעם.gpx,זהה,FALSE,0.8,2.6,7,4.8,7.8,1
זהה,131,2021-12-09_געתון_יחיעם.gpx,254,2022-10-21_געתון_יחיעם.gpx,זהה,FALSE,1,3.9,11.1,10.6,57.8,1
זהה,131,2021-12-09_געתון_יחיעם.gpx,152,2022-01-30_געתון_יחיעם.gpx,זהה,FALSE,0.4,1.9,8.5,6,18.3,1
זהה,131,2021-12-09_געתון_יחיעם.gpx,177,2022-04-07_געתון_יחיעם.gpx,זהה,FALSE,0,20.6,11.7,8.5,22.8,1
זהה,131,2021-12-09_געתון_יחיעם.gpx,175,2022-04-03_געתון_יחיעם.gpx,זהה,TRUE,0.5,7,10.6,8.9,20.8,1
זהה,131,2021-12-09_געתון_יחיעם.gpx,137,2021-12-21_געתון_יחיעם.gpx,זהה,FALSE,1.2,10.3,5.9,8.5,16.5,1
זהה,131,2021-12-09_געתון_יחיעם.gpx,188,2022-05-04_געתון_יחיעם.gpx,זהה,TRUE,0.4,5.7,13.5,8.2,15.1,1
זהה,131,2021-12-09_געתון_יחיעם.gpx,345,2023-12-30_געתון_יחיעם_עין יעקב.gpx,זהה,FALSE,2,9.8,7.6,20.5,104.1,1
זהה,131,2021-12-09_געתון_יחיעם.gpx,154,2022-02-02_געתון_יחיעם.gpx,זהה,TRUE,0.9,7.2,12.5,10.5,18.1,1
זהה,131,2021-12-09_געתון_יחיעם.gpx,145,2022-01-14_געתון_יחיעם.gpx,זהה,TRUE,0.1,2.6,8.7,5,19.3,1
זהה,131,2021-12-09_געתון_יחיעם.gpx,142,2022-01-04_געתון_יחיעם.gpx,זהה,TRUE,0.9,16,12.4,7.6,22,1
זהה,131,2021-12-09_געתון_יחיעם.gpx,346,2023-12-31_געתון_יחיעם_עין יעקב.gpx,זהה,FALSE,2.3,50.7,9.8,19.7,115.2,1
זהה,131,2021-12-09_געתון_יחיעם.gpx,146,2022-01-15_געתון_יחיעם.gpx,זהה,TRUE,0.3,1.9,8.2,4.2,8.2,1
זהה,131,2021-12-09_געתון_יחיעם.gpx,189,2022-05-06_געתון_יחיעם.gpx,זהה,TRUE,0.5,1.3,9.4,5.9,19.9,1
זהה,131,2021-12-09_געתון_יחיעם.gpx,179,2022-04-12_געתון_יחיעם.gpx,זהה,FALSE,0.4,4.8,10.8,8.9,24.3,1
זהה,131,2021-12-09_געתון_יחיעם.gpx,194,2022-05-15_געתון_יחיעם.gpx,זהה,FALSE,0.4,6.1,6.1,5.6,22.9,1
זהה,131,2021-12-09_געתון_יחיעם.gpx,164,2022-02-27_געתון_יחיעם.gpx,זהה,TRUE,0.4,4.6,11.6,9.5,19.5,1
חשוד,131,2021-12-09_געתון_יחיעם.gpx,344,2023-12-19_געתון_עין יעקב_יחיעם_1.gpx,חשוד - לבדיקה ידנית,FALSE,1.4,48.9,9.2,71.6,476.6,0.817
חשוד,131,2021-12-09_געתון_יחיעם.gpx,236,2022-08-09_געתון_יחיעם.gpx,חשוד - לבדיקה ידנית,TRUE,2,2.5,8.5,186.9,768.1,0.656
חשוד,131,2021-12-09_געתון_יחיעם.gpx,234,2022-08-02_געתון_יחיעם.gpx,חשוד - לבדיקה ידנית,FALSE,1.9,9.1,9,133.5,764.6,0.77
חשוד,131,2021-12-09_געתון_יחיעם.gpx,180,2022-04-13_געתון_יחיעם.gpx,חשוד - לבדיקה ידנית,FALSE,0.4,68.6,14.1,13.9,23.8,1
חשוד,131,2021-12-09_געתון_יחיעם.gpx,191,2022-05-11_געתון_יחיעם.gpx,חשוד - לבדיקה ידנית,FALSE,4.6,6.9,11.1,134.7,771.7,0.77
חשוד,131,2021-12-09_געתון_יחיעם.gpx,341,2023-11-20_געתון_עין יעקב.gpx,חשוד - לבדיקה ידנית,FALSE,0.1,358.3,9.8,93.1,502.5,0.738
חשוד,131,2021-12-09_געתון_יחיעם.gpx,261,2022-11-07_געתון_יחיעם_עין יעקב.gpx,חשוד - לבדיקה ידנית,TRUE,4,8.3,11.5,196.6,807.5,0.661
חשוד,131,2021-12-09_געתון_יחיעם.gpx,233,2022-07-31_געתון_יחיעם.gpx,חשוד - לבדיקה ידנית,FALSE,3.5,6.4,12.4,40.6,238.9,0.831
חשוד,131,2021-12-09_געתון_יחיעם.gpx,347,2024-01-03_געתון_יחיעם_עין יעקב.gpx,חשוד - לבדיקה ידנית,TRUE,4.5,11.7,14.4,14.3,104.3,1
הכלה,131,2021-12-09_געתון_יחיעם.gpx,48,2013-08-24_מזרעה_שבי ציון_געתון.gpx,מוכל-ב,,,,,30.8,267.5,0.918
הכלה,131,2021-12-09_געתון_יחיעם.gpx,160,2022-02-19_געתון_יחיעם.gpx,מוכל-ב,,,,,11,24.9,1
הכלה,131,2021-12-09_געתון_יחיעם.gpx,185,2022-04-21_געתון_יחיעם.gpx,מוכל-ב,,,,,12.5,114.6,1
הכלה,131,2021-12-09_געתון_יחיעם.gpx,257,2022-10-26_געתון_יחיעם.gpx,מוכל-ב,,,,,6.4,14.7,1
הכלה,131,2021-12-09_געתון_יחיעם.gpx,161,2022-02-22_געתון_יחיעם.gpx,מוכל-ב,,,,,5.9,24.1,1
הכלה,131,2021-12-09_געתון_יחיעם.gpx,243,2022-08-21_געתון_יחיעם.gpx,מוכל-ב,,,,,17.8,106.6,1
הכלה,131,2021-12-09_געתון_יחיעם.gpx,210,2022-06-12_געתון_יחיעם.gpx,מוכל-ב,,,,,6.3,21.6,1
הכלה,131,2021-12-09_געתון_יחיעם.gpx,256,2022-10-24_געתון_יחיעם.gpx,מוכל-ב,,,,,8.2,18.7,1
הכלה,130,2021-12-08_געתון_יחיעם.gpx,160,2022-02-19_געתון_יחיעם.gpx,מוכל-ב,,,,,15.7,24.7,1
הכלה,130,2021-12-08_געתון_יחיעם.gpx,552,2026-08-09_יחיעם_געתון_עין יעקב.gpx,מוכל-ב,,,,,15.7,99.5,1
הכלה,130,2021-12-08_געתון_יחיעם.gpx,243,2022-08-21_געתון_יחיעם.gpx,מוכל-ב,,,,,19.2,131.8,0.984
זהה,128,2021-12-04_געתון_מעיליא_מעונה.gpx,174,2022-04-02_געתון_מעיליא_נווה זיו.gpx,זהה,FALSE,1,8.7,11.1,11.6,34.9,1
זהה,128,2021-12-04_געתון_מעיליא_מעונה.gpx,253,2022-10-17_געתון_מעיליא_מעונה.gpx,זהה,FALSE,1,4.2,6.4,7.9,55,1
זהה,128,2021-12-04_געתון_מעיליא_מעונה.gpx,138,2021-12-25_געתון_מעיליא_מעונה.gpx,זהה,FALSE,0,6.8,7.8,6.2,26.1,1
זהה,128,2021-12-04_געתון_מעיליא_מעונה.gpx,140,2021-12-31_געתון_מעיליא_מעונה.gpx,זהה,FALSE,0.9,6.6,2.2,7.9,29.5,1
חשוד,128,2021-12-04_געתון_מעיליא_מעונה.gpx,259,2022-10-29_געתון_מעיליא_מעונה.gpx,חשוד - לבדיקה ידנית,FALSE,4.6,20.9,24.3,12.1,86.9,1
חשוד,128,2021-12-04_געתון_מעיליא_מעונה.gpx,367,2024-04-06_געתון_מעיליא_מעונה.gpx,חשוד - לבדיקה ידנית,FALSE,2.1,414.7,12.8,10.4,32.3,1
חשוד,128,2021-12-04_געתון_מעיליא_מעונה.gpx,143,2022-01-07_געתון_מעיליא_מעונה.gpx,חשוד - לבדיקה ידנית,FALSE,4.6,7.8,10,12.9,60.1,1
חשוד,128,2021-12-04_געתון_מעיליא_מעונה.gpx,266,2022-11-19_מעיליא_געתון_מעונה.gpx,חשוד - לבדיקה ידנית,FALSE,3.8,19.5,11.9,13.6,75.1,1
הכלה,128,2021-12-04_געתון_מעיליא_מעונה.gpx,35,2013-07-30_מעונה_עין יעקב_געתון.gpx,מוכל-ב,,,,,19.3,41.8,1
הכלה,128,2021-12-04_געתון_מעיליא_מעונה.gpx,67,2013-09-25_געתון_עין יעקב_מעיליא.gpx,מוכל-ב,,,,,27.4,409.8,0.957
הכלה,128,2021-12-04_געתון_מעיליא_מעונה.gpx,74,2013-10-06_מעונה_עין יעקב_געתון.gpx,מוכל-ב,,,,,12.6,46.2,1
הכלה,128,2021-12-04_געתון_מעיליא_מעונה.gpx,56,2013-09-07_געתון_מעונה_גשר הזיו.gpx,מוכל-ב,,,,,17.3,43.5,1
הכלה,128,2021-12-04_געתון_מעיליא_מעונה.gpx,43,2013-08-14_געתון_מעונה_עין יעקב.gpx,מוכל-ב,,,,,18.8,39.2,1
הכלה,128,2021-12-04_געתון_מעיליא_מעונה.gpx,24,2013-07-08_עין יעקב_מעונה_געתון.gpx,מוכל-ב,,,,,11.3,41.9,1
הכלה,128,2021-12-04_געתון_מעיליא_מעונה.gpx,25,2013-07-10_עין יעקב_מעונה_געתון.gpx,מוכל-ב,,,,,12.2,43.7,1
הכלה,128,2021-12-04_געתון_מעיליא_מעונה.gpx,72,2013-10-02_געתון_עין יעקב_מעיליא.gpx,מוכל-ב,,,,,32.8,414.7,0.957
חשוד,127,2021-12-03_יחיעם_געתון.gpx,130,2021-12-08_געתון_יחיעם.gpx,חשוד - לבדיקה ידנית,TRUE,4.7,2.5,1.3,22.5,196.7,0.938
הכלה,127,2021-12-03_יחיעם_געתון.gpx,160,2022-02-19_געתון_יחיעם.gpx,מוכל-ב,,,,,33.1,203.7,0.91
הכלה,127,2021-12-03_יחיעם_געתון.gpx,243,2022-08-21_געתון_יחיעם.gpx,מוכל-ב,,,,,19.8,143.2,0.985
זהה,126,2021-11-28_געתון_יחיעם.gpx,130,2021-12-08_געתון_יחיעם.gpx,זהה,FALSE,1.6,10.6,3.7,7.3,48.7,1
חשוד,126,2021-11-28_געתון_יחיעם.gpx,127,2021-12-03_יחיעם_געתון.gpx,חשוד - לבדיקה ידנית,TRUE,3.2,10,1.9,14.4,196.6,0.969
הכלה,126,2021-11-28_געתון_יחיעם.gpx,552,2026-08-09_יחיעם_געתון_עין יעקב.gpx,מוכל-ב,,,,,22.2,200.7,0.954
הכלה,126,2021-11-28_געתון_יחיעם.gpx,243,2022-08-21_געתון_יחיעם.gpx,מוכל-ב,,,,,20.1,132.4,0.985
הכלה,126,2021-11-28_געתון_יחיעם.gpx,160,2022-02-19_געתון_יחיעם.gpx,מוכל-ב,,,,,26.1,200.9,0.954
זהה,125,2021-11-27_מעיליא_געתון_נווה זיו.gpx,128,2021-12-04_געתון_מעיליא_מעונה.gpx,זהה,FALSE,0.1,3.2,2.6,14.8,18.2,1
זהה,125,2021-11-27_מעיליא_געתון_נווה זיו.gpx,253,2022-10-17_געתון_מעיליא_מעונה.gpx,זהה,FALSE,0.9,4.9,6,10.2,56.9,1
זהה,125,2021-11-27_מעיליא_געתון_נווה זיו.gpx,138,2021-12-25_געתון_מעיליא_מעונה.gpx,זהה,FALSE,0.1,3.9,5.8,12.5,30.7,1
זהה,125,2021-11-27_מעיליא_געתון_נווה זיו.gpx,140,2021-12-31_געתון_מעיליא_מעונה.gpx,זהה,FALSE,0.8,3.9,3.8,11.1,29.3,1
זהה,125,2021-11-27_מעיליא_געתון_נווה זיו.gpx,174,2022-04-02_געתון_מעיליא_נווה זיו.gpx,זהה,FALSE,0.8,5.6,9.9,11.4,28.3,1
חשוד,125,2021-11-27_מעיליא_געתון_נווה זיו.gpx,143,2022-01-07_געתון_מעיליא_מעונה.gpx,חשוד - לבדיקה ידנית,FALSE,4.5,5.8,10.4,9.3,76.6,1
חשוד,125,2021-11-27_מעיליא_געתון_נווה זיו.gpx,266,2022-11-19_מעיליא_געתון_מעונה.gpx,חשוד - לבדיקה ידנית,FALSE,3.7,16.4,12.5,7,92.4,1
חשוד,125,2021-11-27_מעיליא_געתון_נווה זיו.gpx,259,2022-10-29_געתון_מעיליא_מעונה.gpx,חשוד - לבדיקה ידנית,FALSE,4.4,19.7,25.1,9.4,104.3,1
חשוד,125,2021-11-27_מעיליא_געתון_נווה זיו.gpx,367,2024-04-06_געתון_מעיליא_מעונה.gpx,חשוד - לבדיקה ידנית,FALSE,2.3,411.7,10.7,16.3,30.9,1
הכלה,125,2021-11-27_מעיליא_געתון_נווה זיו.gpx,56,2013-09-07_געתון_מעונה_גשר הזיו.gpx,מוכל-ב,,,,,16.8,42,1
הכלה,125,2021-11-27_מעיליא_געתון_נווה זיו.gpx,43,2013-08-14_געתון_מעונה_עין יעקב.gpx,מוכל-ב,,,,,10.9,42.4,1
הכלה,125,2021-11-27_מעיליא_געתון_נווה זיו.gpx,24,2013-07-08_עין יעקב_מעונה_געתון.gpx,מוכל-ב,,,,,11.4,42.1,1
הכלה,125,2021-11-27_מעיליא_געתון_נווה זיו.gpx,25,2013-07-10_עין יעקב_מעונה_געתון.gpx,מוכל-ב,,,,,20.6,41.6,1
הכלה,125,2021-11-27_מעיליא_געתון_נווה זיו.gpx,72,2013-10-02_געתון_עין יעקב_מעיליא.gpx,מוכל-ב,,,,,26.5,412.4,0.957
הכלה,125,2021-11-27_מעיליא_געתון_נווה זיו.gpx,35,2013-07-30_מעונה_עין יעקב_געתון.gpx,מוכל-ב,,,,,14.8,43.9,1
הכלה,125,2021-11-27_מעיליא_געתון_נווה זיו.gpx,67,2013-09-25_געתון_עין יעקב_מעיליא.gpx,מוכל-ב,,,,,32.2,407.6,0.957
הכלה,125,2021-11-27_מעיליא_געתון_נווה זיו.gpx,74,2013-10-06_מעונה_עין יעקב_געתון.gpx,מוכל-ב,,,,,14.2,43.6,1
זהה,124,2021-11-23_געתון_יחיעם.gpx,131,2021-12-09_געתון_יחיעם.gpx,זהה,TRUE,0,11.2,5.3,5,12.1,1
זהה,124,2021-11-23_געתון_יחיעם.gpx,139,2021-12-29_געתון_יחיעם.gpx,זהה,FALSE,0.7,6.7,6.4,7.2,16.8,1
זהה,124,2021-11-23_געתון_יחיעם.gpx,151,2022-01-29_געתון_יחיעם.gpx,זהה,TRUE,0.7,7.7,0.5,9,20.7,1
זהה,124,2021-11-23_געתון_יחיעם.gpx,152,2022-01-30_געתון_יחיעם.gpx,זהה,TRUE,0.3,5.2,3.8,6.6,15.6,1
זהה,124,2021-11-23_געתון_יחיעם.gpx,177,2022-04-07_געתון_יחיעם.gpx,זהה,FALSE,0.1,14.7,1.7,7.1,19.4,1
זהה,124,2021-11-23_געתון_יחיעם.gpx,173,2022-04-01_געתון_יחיעם.gpx,זהה,FALSE,0.5,8.1,2,11,23.5,1
זהה,124,2021-11-23_געתון_יחיעם.gpx,254,2022-10-21_געתון_יחיעם.gpx,זהה,FALSE,0.9,4.2,2.3,9.4,56.8,1
זהה,124,2021-11-23_געתון_יחיעם.gpx,175,2022-04-03_געתון_יחיעם.gpx,זהה,FALSE,0.4,9.2,1.8,8.3,23.8,1
זהה,124,2021-11-23_געתון_יחיעם.gpx,137,2021-12-21_געתון_יחיעם.gpx,זהה,TRUE,1.2,7.4,8.6,5.6,13.5,1
זהה,124,2021-11-23_געתון_יחיעם.gpx,188,2022-05-04_געתון_יחיעם.gpx,זהה,FALSE,0.3,8.7,2.2,7.7,17.9,1
זהה,124,2021-11-23_געתון_יחיעם.gpx,345,2023-12-30_געתון_יחיעם_עין יעקב.gpx,זהה,FALSE,1.9,7.3,6,16.7,103.7,1
זהה,124,2021-11-23_געתון_יחיעם.gpx,154,2022-02-02_געתון_יחיעם.gpx,זהה,FALSE,0.8,7.8,1.9,11.1,23.6,1
זהה,124,2021-11-23_געתון_יחיעם.gpx,145,2022-01-14_געתון_יחיעם.gpx,זהה,FALSE,0.1,7.8,3.2,4.2,23,1
זהה,124,2021-11-23_געתון_יחיעם.gpx,142,2022-01-04_געתון_יחיעם.gpx,זהה,FALSE,1,6.9,10.8,8,20.4,1
זהה,124,2021-11-23_געתון_יחיעם.gpx,346,2023-12-31_געתון_יחיעם_עין יעקב.gpx,זהה,TRUE,2.2,20.9,45.4,18.2,114.6,1
זהה,124,2021-11-23_געתון_יחיעם.gpx,146,2022-01-15_געתון_יחיעם.gpx,זהה,TRUE,0.3,7.2,6.5,5.1,9.6,1
זהה,124,2021-11-23_געתון_יחיעם.gpx,189,2022-05-06_געתון_יחיעם.gpx,זהה,TRUE,0.4,6.3,5.1,8.6,21.4,1
זהה,124,2021-11-23_געתון_יחיעם.gpx,179,2022-04-12_געתון_יחיעם.gpx,זהה,FALSE,0.4,8.1,6,9,22.8,1
זהה,124,2021-11-23_געתון_יחיעם.gpx,194,2022-05-15_געתון_יחיעם.gpx,זהה,FALSE,0.3,1.6,7.3,8.7,21.3,1
זהה,124,2021-11-23_געתון_יחיעם.gpx,164,2022-02-27_געתון_יחיעם.gpx,זהה,TRUE,0.4,8.7,2.2,7.9,23.9,1
זהה,124,2021-11-23_געתון_יחיעם.gpx,157,2022-02-16_געתון_יחיעם.gpx,זהה,TRUE,0.4,7.1,3.7,8.8,24.1,1
זהה,124,2021-11-23_געתון_יחיעם.gpx,150,2022-01-21_געתון_יחיעם.gpx,זהה,FALSE,0.5,7.4,9.8,7.2,20,1
חשוד,124,2021-11-23_געתון_יחיעם.gpx,236,2022-08-09_געתון_יחיעם.gpx,חשוד - לבדיקה ידנית,FALSE,2,6.9,2.9,187.5,760.7,0.656
חשוד,124,2021-11-23_געתון_יחיעם.gpx,234,2022-08-02_געתון_יחיעם.gpx,חשוד - לבדיקה ידנית,TRUE,1.8,7.1,5.9,134.9,757,0.77
חשוד,124,2021-11-23_געתון_יחיעם.gpx,180,2022-04-13_געתון_יחיעם.gpx,חשוד - לבדיקה ידנית,TRUE,0.4,10.7,64.1,12.3,18.8,1
חשוד,124,2021-11-23_געתון_יחיעם.gpx,341,2023-11-20_געתון_עין יעקב.gpx,חשוד - לבדיקה ידנית,FALSE,0.1,354.6,4.2,90.4,502,0.738
חשוד,124,2021-11-23_געתון_יחיעם.gpx,191,2022-05-11_געתון_יחיעם.gpx,חשוד - לבדיקה ידנית,TRUE,4.6,7.7,2.1,135.9,764,0.77
חשוד,124,2021-11-23_געתון_יחיעם.gpx,233,2022-07-31_געתון_יחיעם.gpx,חשוד - לבדיקה ידנית,TRUE,3.5,6.1,1.3,37.9,232.9,0.831
חשוד,124,2021-11-23_געתון_יחיעם.gpx,261,2022-11-07_געתון_יחיעם_עין יעקב.gpx,חשוד - לבדיקה ידנית,TRUE,4.1,13,11.5,193.2,802.7,0.661
חשוד,124,2021-11-23_געתון_יחיעם.gpx,347,2024-01-03_געתון_יחיעם_עין יעקב.gpx,חשוד - לבדיקה ידנית,FALSE,4.4,15.8,8,14.5,104,1
חשוד,124,2021-11-23_געתון_יחיעם.gpx,344,2023-12-19_געתון_עין יעקב_יחיעם_1.gpx,חשוד - לבדיקה ידנית,TRUE,1.5,7.9,44.3,68.2,476.7,0.817
הכלה,124,2021-11-23_געתון_יחיעם.gpx,257,2022-10-26_געתון_יחיעם.gpx,מוכל-ב,,,,,5.4,15.4,1
הכלה,124,2021-11-23_געתון_יחיעם.gpx,160,2022-02-19_געתון_יחיעם.gpx,מוכל-ב,,,,,7.8,25,1
הכלה,124,2021-11-23_געתון_יחיעם.gpx,185,2022-04-21_געתון_יחיעם.gpx,מוכל-ב,,,,,10.2,108.6,1
הכלה,124,2021-11-23_געתון_יחיעם.gpx,161,2022-02-22_געתון_יחיעם.gpx,מוכל-ב,,,,,7.8,24.3,1
הכלה,124,2021-11-23_געתון_יחיעם.gpx,243,2022-08-21_געתון_יחיעם.gpx,מוכל-ב,,,,,13.8,102.1,1
הכלה,124,2021-11-23_געתון_יחיעם.gpx,210,2022-06-12_געתון_יחיעם.gpx,מוכל-ב,,,,,7.7,22.3,1
הכלה,124,2021-11-23_געתון_יחיעם.gpx,48,2013-08-24_מזרעה_שבי ציון_געתון.gpx,מוכל-ב,,,,,32.8,260.6,0.918
הכלה,124,2021-11-23_געתון_יחיעם.gpx,256,2022-10-24_געתון_יחיעם.gpx,מוכל-ב,,,,,7.7,16.6,1
זהה,123,2021-11-22_געתון_יחיעם.gpx,254,2022-10-21_געתון_יחיעם.gpx,זהה,FALSE,1.2,2.9,7.1,9,68.8,1
זהה,123,2021-11-22_געתון_יחיעם.gpx,137,2021-12-21_געתון_יחיעם.gpx,זהה,FALSE,1.4,9.1,4.2,9.5,20.1,1
זהה,123,2021-11-22_געתון_יחיעם.gpx,188,2022-05-04_געתון_יחיעם.gpx,זהה,TRUE,0.6,4.9,10.2,7.3,23.6,1
זהה,123,2021-11-22_געתון_יחיעם.gpx,345,2023-12-30_געתון_יחיעם_עין יעקב.gpx,זהה,FALSE,2.2,8.8,5.1,20.8,104.2,1
זהה,123,2021-11-22_געתון_יחיעם.gpx,154,2022-02-02_געתון_יחיעם.gpx,זהה,TRUE,1.1,6.8,9.3,11.9,24.2,1
זהה,123,2021-11-22_געתון_יחיעם.gpx,145,2022-01-14_געתון_יחיעם.gpx,זהה,TRUE,0.1,2.9,5.5,8.9,13.7,1
זהה,123,2021-11-22_געתון_יחיעם.gpx,142,2022-01-04_געתון_יחיעם.gpx,זהה,TRUE,0.7,15.7,9.7,7.4,22.3,1
זהה,123,2021-11-22_געתון_יחיעם.gpx,346,2023-12-31_געתון_יחיעם_עין יעקב.gpx,זהה,FALSE,2.5,49.9,10.9,18.8,110.6,1
זהה,123,2021-11-22_געתון_יחיעם.gpx,124,2021-11-23_געתון_יחיעם.gpx,זהה,FALSE,0.2,5.7,9.3,7.3,16,1
זהה,123,2021-11-22_געתון_יחיעם.gpx,146,2022-01-15_געתון_יחיעם.gpx,זהה,TRUE,0.5,1.5,3.2,5.7,15.8,1
זהה,123,2021-11-22_געתון_יחיעם.gpx,189,2022-05-06_געתון_יחיעם.gpx,זהה,TRUE,0.7,0.6,4.6,8.3,20.7,1
זהה,123,2021-11-22_געתון_יחיעם.gpx,179,2022-04-12_געתון_יחיעם.gpx,זהה,FALSE,0.6,3.8,5.7,8.7,22.2,1
זהה,123,2021-11-22_געתון_יחיעם.gpx,194,2022-05-15_געתון_יחיעם.gpx,זהה,FALSE,0.6,5.5,3,5.1,18.5,1
זהה,123,2021-11-22_געתון_יחיעם.gpx,164,2022-02-27_געתון_יחיעם.gpx,זהה,TRUE,0.6,3.8,7.2,8.3,23.8,1
זהה,123,2021-11-22_געתון_יחיעם.gpx,157,2022-02-16_געתון_יחיעם.gpx,זהה,FALSE,0.7,5.3,5.2,7.9,23.2,1
זהה,123,2021-11-22_געתון_יחיעם.gpx,150,2022-01-21_געתון_יחיעם.gpx,זהה,FALSE,0.7,2.4,1,5,18.4,1
זהה,123,2021-11-22_געתון_יחיעם.gpx,131,2021-12-09_געתון_יחיעם.gpx,זהה,FALSE,0.2,1.2,5.2,5.9,14,1
זהה,123,2021-11-22_געתון_יחיעם.gpx,173,2022-04-01_געתון_יחיעם.gpx,זהה,FALSE,0.7,3.8,8.7,10.5,23,1
זהה,123,2021-11-22_געתון_יחיעם.gpx,139,2021-12-29_געתון_יחיעם.gpx,זהה,FALSE,1,1.6,4.1,9.4,16.1,1
זהה,123,2021-11-22_געתון_יחיעם.gpx,151,2022-01-29_געתון_יחיעם.gpx,זהה,FALSE,0.9,4.4,7.9,8.7,16.9,1
זהה,123,2021-11-22_געתון_יחיעם.gpx,152,2022-01-30_געתון_יחיעם.gpx,זהה,TRUE,0.6,1.9,6.4,5.4,15.2,1
זהה,123,2021-11-22_געתון_יחיעם.gpx,177,2022-04-07_געתון_יחיעם.gpx,זהה,FALSE,0.2,20.4,7.7,6.4,32.5,1
זהה,123,2021-11-22_געתון_יחיעם.gpx,175,2022-04-03_געתון_יחיעם.gpx,זהה,TRUE,0.7,6.4,6.7,7.7,22.7,1
חשוד,123,2021-11-22_געתון_יחיעם.gpx,234,2022-08-02_געתון_יחיעם.gpx,חשוד - לבדיקה ידנית,FALSE,2.1,8.1,6.1,133.8,769.7,0.77
חשוד,123,2021-11-22_געתון_יחיעם.gpx,180,2022-04-13_געתון_יחיעם.gpx,חשוד - לבדיקה ידנית,FALSE,0.2,67.6,10.1,12.7,22.7,1
חשוד,123,2021-11-22_געתון_יחיעם.gpx,341,2023-11-20_געתון_עין יעקב.gpx,חשוד - לבדיקה ידנית,FALSE,0.1,357.2,5.3,117.4,720.3,0.77
חשוד,123,2021-11-22_געתון_יחיעם.gpx,191,2022-05-11_געתון_יחיעם.gpx,חשוד - לבדיקה ידנית,FALSE,4.8,6.1,7.9,135,776.8,0.77
חשוד,123,2021-11-22_געתון_יחיעם.gpx,233,2022-07-31_געתון_יחיעם.gpx,חשוד - לבדיקה ידנית,TRUE,3.3,2.1,9.5,39.2,237.2,0.831
חשוד,123,2021-11-22_געתון_יחיעם.gpx,261,2022-11-07_געתון_יחיעם_עין יעקב.gpx,חשוד - לבדיקה ידנית,TRUE,3.8,7.8,6.9,194.5,806.6,0.661
חשוד,123,2021-11-22_געתון_יחיעם.gpx,347,2024-01-03_געתון_יחיעם_עין יעקב.gpx,חשוד - לבדיקה ידנית,FALSE,4.7,10.1,10.6,16.1,103.9,1
חשוד,123,2021-11-22_געתון_יחיעם.gpx,344,2023-12-19_געתון_עין יעקב_יחיעם_1.gpx,חשוד - לבדיקה ידנית,FALSE,1.2,47.9,5.9,69.4,466.7,0.817
חשוד,123,2021-11-22_געתון_יחיעם.gpx,236,2022-08-09_געתון_יחיעם.gpx,חשוד - לבדיקה ידנית,TRUE,2.2,2.3,5.8,188.2,773.3,0.656
הכלה,123,2021-11-22_געתון_יחיעם.gpx,160,2022-02-19_געתון_יחיעם.gpx,מוכל-ב,,,,,8.9,20,1
הכלה,123,2021-11-22_געתון_יחיעם.gpx,161,2022-02-22_געתון_יחיעם.gpx,מוכל-ב,,,,,6.5,22.3,1
הכלה,123,2021-11-22_געתון_יחיעם.gpx,243,2022-08-21_געתון_יחיעם.gpx,מוכל-ב,,,,,16.6,110.7,1
הכלה,123,2021-11-22_געתון_יחיעם.gpx,210,2022-06-12_געתון_יחיעם.gpx,מוכל-ב,,,,,5.3,21.6,1
הכלה,123,2021-11-22_געתון_יחיעם.gpx,256,2022-10-24_געתון_יחיעם.gpx,מוכל-ב,,,,,10,24.5,1
הכלה,123,2021-11-22_געתון_יחיעם.gpx,185,2022-04-21_געתון_יחיעם.gpx,מוכל-ב,,,,,11.9,112.4,1
הכלה,123,2021-11-22_געתון_יחיעם.gpx,48,2013-08-24_מזרעה_שבי ציון_געתון.gpx,מוכל-ב,,,,,31.5,267.1,0.918
הכלה,123,2021-11-22_געתון_יחיעם.gpx,257,2022-10-26_געתון_יחיעם.gpx,מוכל-ב,,,,,7.9,18.2,1
זהה,122,2021-11-19_געתון_יחיעם.gpx,137,2021-12-21_געתון_יחיעם.gpx,זהה,TRUE,0.5,6.2,7.9,9.5,14.4,1
זהה,122,2021-11-19_געתון_יחיעם.gpx,188,2022-05-04_געתון_יחיעם.gpx,זהה,FALSE,0.3,1.5,1.6,8.3,24.4,1
זהה,122,2021-11-19_געתון_יחיעם.gpx,345,2023-12-30_געתון_יחיעם_עין יעקב.gpx,זהה,FALSE,1.3,9.4,5.9,20.3,70.2,1
זהה,122,2021-11-19_געתון_יחיעם.gpx,154,2022-02-02_געתון_יחיעם.gpx,זהה,FALSE,0.2,0.8,2.3,9.3,22.2,1
זהה,122,2021-11-19_געתון_יחיעם.gpx,142,2022-01-04_געתון_יחיעם.gpx,זהה,FALSE,1.6,1.6,11.4,7.1,20,1
זהה,122,2021-11-19_געתון_יחיעם.gpx,346,2023-12-31_געתון_יחיעם_עין יעקב.gpx,זהה,TRUE,1.6,19.6,45.6,19.4,93.1,1
זהה,122,2021-11-19_געתון_יחיעם.gpx,145,2022-01-14_געתון_יחיעם.gpx,זהה,FALSE,0.8,3.5,3.3,4.1,9.7,1
זהה,122,2021-11-19_געתון_יחיעם.gpx,124,2021-11-23_געתון_יחיעם.gpx,זהה,FALSE,0.6,8.2,0.7,7,13.3,1
זהה,122,2021-11-19_געתון_יחיעם.gpx,146,2022-01-15_געתון_יחיעם.gpx,זהה,FALSE,0.4,6.4,3.2,4.8,9.7,1
זהה,122,2021-11-19_געתון_יחיעם.gpx,189,2022-05-06_געתון_יחיעם.gpx,זהה,FALSE,0.2,5.3,4,8.6,26.1,1
זהה,122,2021-11-19_געתון_יחיעם.gpx,179,2022-04-12_געתון_יחיעם.gpx,זהה,FALSE,0.3,2.1,6.6,7.2,23.4,1
זהה,122,2021-11-19_געתון_יחיעם.gpx,194,2022-05-15_געתון_יחיעם.gpx,זהה,FALSE,0.3,7.7,7.4,9,23.9,1
זהה,122,2021-11-19_געתון_יחיעם.gpx,157,2022-02-16_געתון_יחיעם.gpx,זהה,TRUE,0.2,4.5,4.1,6.7,23.5,1
זהה,122,2021-11-19_געתון_יחיעם.gpx,164,2022-02-27_געתון_יחיעם.gpx,זהה,TRUE,0.3,1.5,2.7,9.7,23.9,1
זהה,122,2021-11-19_געתון_יחיעם.gpx,150,2022-01-21_געתון_יחיעם.gpx,זהה,TRUE,0.2,9.4,4.8,8.9,23.6,1
זהה,122,2021-11-19_געתון_יחיעם.gpx,123,2021-11-22_געתון_יחיעם.gpx,זהה,TRUE,0.9,8.7,4.5,7.5,20.6,1
זהה,122,2021-11-19_געתון_יחיעם.gpx,131,2021-12-09_געתון_יחיעם.gpx,זהה,TRUE,0.7,12.1,5.1,4.7,12.1,1
זהה,122,2021-11-19_געתון_יחיעם.gpx,139,2021-12-29_געתון_יחיעם.gpx,זהה,TRUE,0.1,5.1,3.1,4.1,19.4,1
זהה,122,2021-11-19_געתון_יחיעם.gpx,151,2022-01-29_געתון_יחיעם.gpx,זהה,TRUE,0.1,1,0.6,6.3,21.3,1
זהה,122,2021-11-19_געתון_יחיעם.gpx,152,2022-01-30_געתון_יחיעם.gpx,זהה,TRUE,0.3,4.4,3.7,8,23.2,1
זהה,122,2021-11-19_געתון_יחיעם.gpx,177,2022-04-07_געתון_יחיעם.gpx,זהה,FALSE,0.7,22.7,2,9.7,22.7,1
זהה,122,2021-11-19_געתון_יחיעם.gpx,173,2022-04-01_געתון_יחיעם.gpx,זהה,FALSE,0.2,2.1,1.5,12.7,24.8,1
זהה,122,2021-11-19_געתון_יחיעם.gpx,254,2022-10-21_געתון_יחיעם.gpx,זהה,FALSE,0.3,4.5,2.6,11.6,44.9,1
זהה,122,2021-11-19_געתון_יחיעם.gpx,175,2022-04-03_געתון_יחיעם.gpx,זהה,FALSE,0.2,2.3,1.9,9.1,23.5,1
חשוד,122,2021-11-19_געתון_יחיעם.gpx,234,2022-08-02_געתון_יחיעם.gpx,חשוד - לבדיקה ידנית,TRUE,1.2,3.1,5.4,132.1,763.4,0.774
חשוד,122,2021-11-19_געתון_יחיעם.gpx,180,2022-04-13_געתון_יחיעם.gpx,חשוד - לבדיקה ידנית,TRUE,1.1,2.6,64,12.8,24,1
חשוד,122,2021-11-19_געתון_יחיעם.gpx,341,2023-11-20_געתון_עין יעקב.gpx,חשוד - לבדיקה ידנית,TRUE,0.8,4.2,357,93.8,504.8,0.738
חשוד,122,2021-11-19_געתון_יחיעם.gpx,191,2022-05-11_געתון_יחיעם.gpx,חשוד - לבדיקה ידנית,TRUE,4,1,1.9,130.2,770.5,0.774
חשוד,122,2021-11-19_געתון_יחיעם.gpx,233,2022-07-31_געתון_יחיעם.gpx,חשוד - לבדיקה ידנית,TRUE,4.1,2.5,2,41.3,234,0.831
חשוד,122,2021-11-19_געתון_יחיעם.gpx,261,2022-11-07_געתון_יחיעם_עין יעקב.gpx,חשוד - לבדיקה ידנית,TRUE,4.7,5,12.1,195,805.1,0.661
חשוד,122,2021-11-19_געתון_יחיעם.gpx,347,2024-01-03_געתון_יחיעם_עין יעקב.gpx,חשוד - לבדיקה ידנית,FALSE,3.8,8,8.7,13.4,78.2,1
חשוד,122,2021-11-19_געתון_יחיעם.gpx,344,2023-12-19_געתון_עין יעקב_יחיעם_1.gpx,חשוד - לבדיקה ידנית,TRUE,2.1,3,44.2,72.4,479.2,0.817
חשוד,122,2021-11-19_געתון_יחיעם.gpx,236,2022-08-09_געתון_יחיעם.gpx,חשוד - לבדיקה ידנית,FALSE,1.3,3.6,2.8,182.8,767.1,0.661
הכלה,122,2021-11-19_געתון_יחיעם.gpx,161,2022-02-22_געתון_יחיעם.gpx,מוכל-ב,,,,,5.2,22.2,1
הכלה,122,2021-11-19_געתון_יחיעם.gpx,48,2013-08-24_מזרעה_שבי ציון_געתון.gpx,מוכל-ב,,,,,30.8,264.3,0.919
הכלה,122,2021-11-19_געתון_יחיעם.gpx,243,2022-08-21_געתון_יחיעם.gpx,מוכל-ב,,,,,16.6,117.2,1
הכלה,122,2021-11-19_געתון_יחיעם.gpx,210,2022-06-12_געתון_יחיעם.gpx,מוכל-ב,,,,,6.1,20.5,1
הכלה,122,2021-11-19_געתון_יחיעם.gpx,256,2022-10-24_געתון_יחיעם.gpx,מוכל-ב,,,,,7.4,20.8,1
הכלה,122,2021-11-19_געתון_יחיעם.gpx,257,2022-10-26_געתון_יחיעם.gpx,מוכל-ב,,,,,5.6,21.9,1
הכלה,122,2021-11-19_געתון_יחיעם.gpx,160,2022-02-19_געתון_יחיעם.gpx,מוכל-ב,,,,,11.8,23.9,1
הכלה,122,2021-11-19_געתון_יחיעם.gpx,185,2022-04-21_געתון_יחיעם.gpx,מוכל-ב,,,,,13.7,111.4,1
חשוד,121,2021-11-11_נווה זוהר_ערד.gpx,169,2022-03-07_נווה זוהר_ערד.gpx,חשוד - לבדיקה ידנית,TRUE,1.3,454.9,458,113.6,395.3,0.614
חשוד,121,2021-11-11_נווה זוהר_ערד.gpx,217,2022-06-27_נווה זוהר_ערד.gpx,חשוד - לבדיקה ידנית,FALSE,4.6,501.6,504.4,179.3,862.3,0.5
חשוד,121,2021-11-11_נווה זוהר_ערד.gpx,366,2024-04-03_נווה זוהר_ערד.gpx,חשוד - לבדיקה ידנית,FALSE,3,389.6,386.5,190.4,972.2,0.551
חשוד,121,2021-11-11_נווה זוהר_ערד.gpx,373,2024-05-20_נווה זוהר_ערד.gpx,חשוד - לבדיקה ידנית,TRUE,2.1,187.6,180.3,178.3,367.6,0.408
חשוד,121,2021-11-11_נווה זוהר_ערד.gpx,425,2025-02-11_נווה זוהר_ערד.gpx,חשוד - לבדיקה ידנית,TRUE,0,503.3,504.7,156.8,424.4,0.521
הכלה,121,2021-11-11_נווה זוהר_ערד.gpx,171,2022-03-10_נווה זוהר_ערד.gpx,מוכל-ב,,,,,35.8,160.2,0.944
הכלה,121,2021-11-11_נווה זוהר_ערד.gpx,149,2022-01-19_נווה זוהר_ערד.gpx,מוכל-ב,,,,,45.5,405.2,0.915
הכלה,121,2021-11-11_נווה זוהר_ערד.gpx,427,2025-02-13_נווה זוהר_ערד.gpx,מוכל-ב,,,,,40,222.7,0.915
חשוד,120,2021-11-10_נווה זוהר_ערד.gpx,219,2022-06-29_נווה זוהר_ערד.gpx,חשוד - לבדיקה ידנית,TRUE,2.3,500.3,501.3,44.9,244.5,0.899
חשוד,120,2021-11-10_נווה זוהר_ערד.gpx,295,2023-03-20_נווה זוהר_ערד.gpx,חשוד - לבדיקה ידנית,TRUE,1.8,750.4,191.3,75,374.6,0.792
חשוד,120,2021-11-10_נווה זוהר_ערד.gpx,136,2021-12-16_נווה זוהר_ערד.gpx,חשוד - לבדיקה ידנית,TRUE,1,55.6,49,52.1,347.2,0.885
חשוד,120,2021-11-10_נווה זוהר_ערד.gpx,147,2022-01-17_נווה זוהר_ערד.gpx,חשוד - לבדיקה ידנית,FALSE,0.4,41.3,46.6,229.8,863.8,0.367
חשוד,120,2021-11-10_נווה זוהר_ערד.gpx,458,2025-10-20_נווה זוהר_ערד.gpx,חשוד - לבדיקה ידנית,TRUE,3.9,606.2,608.9,58,248.1,0.899
חשוד,120,2021-11-10_נווה זוהר_ערד.gpx,290,2023-01-28_נווה זוהר_ערד.gpx,חשוד - לבדיקה ידנית,FALSE,0.2,487,440.2,71.2,360,0.835
חשוד,120,2021-11-10_נווה זוהר_ערד.gpx,218,2022-06-28_נווה זוהר_ערד.gpx,חשוד - לבדיקה ידנית,TRUE,0.9,492.4,491.4,43.1,245.1,0.899
הכלה,120,2021-11-10_נווה זוהר_ערד.gpx,171,2022-03-10_נווה זוהר_ערד.gpx,מוכל-ב,,,,,22.3,165.6,0.987
הכלה,120,2021-11-10_נווה זוהר_ערד.gpx,274,2022-12-08_נווה זוהר_ערד.gpx,מוכל-ב,,,,,36.1,244,0.911
הכלה,120,2021-11-10_נווה זוהר_ערד.gpx,148,2022-01-18_נווה זוהר_ערד.gpx,מוכל-ב,,,,,35.4,245.6,0.924
הכלה,120,2021-11-10_נווה זוהר_ערד.gpx,170,2022-03-08_נווה זוהר_ערד.gpx,מוכל-ב,,,,,33.3,242.9,0.949
זהה,119,2021-11-09_נווה זוהר_ערד.gpx,120,2021-11-10_נווה זוהר_ערד.gpx,זהה,FALSE,0,4.8,3.8,3.8,7.5,1
חשוד,119,2021-11-09_נווה זוהר_ערד.gpx,295,2023-03-20_נווה זוהר_ערד.gpx,חשוד - לבדיקה ידנית,TRUE,1.9,753.7,194.9,75.6,377.6,0.818
חשוד,119,2021-11-09_נווה זוהר_ערד.gpx,458,2025-10-20_נווה זוהר_ערד.gpx,חשוד - לבדיקה ידנית,TRUE,3.9,608.6,605.6,59.2,250.5,0.899
חשוד,119,2021-11-09_נווה זוהר_ערד.gpx,136,2021-12-16_נווה זוהר_ערד.gpx,חשוד - לבדיקה ידנית,TRUE,1,60.2,50.6,51.9,350,0.885
חשוד,119,2021-11-09_נווה זוהר_ערד.gpx,147,2022-01-17_נווה זוהר_ערד.gpx,חשוד - לבדיקה ידנית,FALSE,0.4,45.6,47.2,230.4,866.4,0.367
חשוד,119,2021-11-09_נווה זוהר_ערד.gpx,290,2023-01-28_נווה זוהר_ערד.gpx,חשוד - לבדיקה ידנית,FALSE,0.3,491.4,438.1,70.1,364,0.835
חשוד,119,2021-11-09_נווה זוהר_ערד.gpx,218,2022-06-28_נווה זוהר_ערד.gpx,חשוד - לבדיקה ידנית,TRUE,0.9,496.3,489.3,44.2,245.9,0.899
חשוד,119,2021-11-09_נווה זוהר_ערד.gpx,219,2022-06-29_נווה זוהר_ערד.gpx,חשוד - לבדיקה ידנית,TRUE,2.3,504.2,499.1,43.7,245.2,0.899
הכלה,119,2021-11-09_נווה זוהר_ערד.gpx,274,2022-12-08_נווה זוהר_ערד.gpx,מוכל-ב,,,,,35.4,244.5,0.911
הכלה,119,2021-11-09_נווה זוהר_ערד.gpx,148,2022-01-18_נווה זוהר_ערד.gpx,מוכל-ב,,,,,36.7,245.8,0.924
הכלה,119,2021-11-09_נווה זוהר_ערד.gpx,170,2022-03-08_נווה זוהר_ערד.gpx,מוכל-ב,,,,,34.7,243.9,0.949
הכלה,119,2021-11-09_נווה זוהר_ערד.gpx,171,2022-03-10_נווה זוהר_ערד.gpx,מוכל-ב,,,,,20.9,163.9,0.987
חשוד,118,2021-11-08_נווה זוהר_ערד.gpx,136,2021-12-16_נווה זוהר_ערד.gpx,חשוד - לבדיקה ידנית,TRUE,1.1,65.5,50.5,123.3,1017.5,0.769
חשוד,118,2021-11-08_נווה זוהר_ערד.gpx,120,2021-11-10_נווה זוהר_ערד.gpx,חשוד - לבדיקה ידנית,FALSE,0.1,10.8,3,100,975.6,0.848
חשוד,118,2021-11-08_נווה זוהר_ערד.gpx,147,2022-01-17_נווה זוהר_ערד.gpx,חשוד - לבדיקה ידנית,FALSE,0.3,50.3,47.3,211,868,0.443
חשוד,118,2021-11-08_נווה זוהר_ערד.gpx,290,2023-01-28_נווה זוהר_ערד.gpx,חשוד - לבדיקה ידנית,TRUE,0.3,440.5,496.9,147.8,1003.1,0.759
חשוד,118,2021-11-08_נווה זוהר_ערד.gpx,218,2022-06-28_נווה זוהר_ערד.gpx,חשוד - לבדיקה ידנית,FALSE,0.8,491.6,500.6,45.7,242.2,0.899
חשוד,118,2021-11-08_נווה זוהר_ערד.gpx,119,2021-11-09_נווה זוהר_ערד.gpx,חשוד - לבדיקה ידנית,FALSE,0.1,6.2,0.9,100.3,978.8,0.848
חשוד,118,2021-11-08_נווה זוהר_ערד.gpx,219,2022-06-29_נווה זוהר_ערד.gpx,חשוד - לבדיקה ידנית,FALSE,2.2,501.5,508.5,53.3,240.2,0.899
חשוד,118,2021-11-08_נווה זוהר_ערד.gpx,295,2023-03-20_נווה זוהר_ערד.gpx,חשוד - לבדיקה ידנית,FALSE,2,189,756.9,144,988.2,0.714
חשוד,118,2021-11-08_נווה זוהר_ערד.gpx,458,2025-10-20_נווה זוהר_ערד.gpx,חשוד - לבדיקה ידנית,FALSE,3.8,610,609.8,61.6,242.6,0.873
הכלה,118,2021-11-08_נווה זוהר_ערד.gpx,148,2022-01-18_נווה זוהר_ערד.gpx,מוכל-ב,,,,,36.8,241.8,0.924
הכלה,118,2021-11-08_נווה זוהר_ערד.gpx,170,2022-03-08_נווה זוהר_ערד.gpx,מוכל-ב,,,,,36,241.4,0.949
הכלה,118,2021-11-08_נווה זוהר_ערד.gpx,171,2022-03-10_נווה זוהר_ערד.gpx,מוכל-ב,,,,,35.7,168.5,0.987
זהה,117,2021-11-06_מעיליא_געתון_מעונה.gpx,143,2022-01-07_געתון_מעיליא_מעונה.gpx,זהה,FALSE,1.1,2.7,5.2,13.9,89.9,1
זהה,117,2021-11-06_מעיליא_געתון_מעונה.gpx,140,2021-12-31_געתון_מעיליא_מעונה.gpx,זהה,FALSE,2.6,1.1,7,9.7,38.9,1
זהה,117,2021-11-06_מעיליא_געתון_מעונה.gpx,266,2022-11-19_מעיליא_געתון_מעונה.gpx,זהה,FALSE,0.3,14.5,16.8,13.9,91.3,1
זהה,117,2021-11-06_מעיליא_געתון_מעונה.gpx,259,2022-10-29_געתון_מעיליא_מעונה.gpx,זהה,FALSE,1.1,16.7,29,11.1,89.5,1
זהה,117,2021-11-06_מעיליא_געתון_מעונה.gpx,174,2022-04-02_געתון_מעיליא_נווה זיו.gpx,זהה,FALSE,2.6,3.6,7.5,13.6,31.2,1
זהה,117,2021-11-06_מעיליא_געתון_מעונה.gpx,253,2022-10-17_געתון_מעיליא_מעונה.gpx,זהה,FALSE,2.6,4.5,2.4,8.8,52.6,1
חשוד,117,2021-11-06_מעיליא_געתון_מעונה.gpx,138,2021-12-25_געתון_מעיליא_מעונה.gpx,חשוד - לבדיקה ידנית,FALSE,3.5,1.6,6.5,9,33.1,1
חשוד,117,2021-11-06_מעיליא_געתון_מעונה.gpx,125,2021-11-27_מעיליא_געתון_נווה זיו.gpx,חשוד - לבדיקה ידנית,FALSE,3.4,3.1,5.5,12.1,23.7,1
חשוד,117,2021-11-06_מעיליא_געתון_מעונה.gpx,128,2021-12-04_געתון_מעיליא_מעונה.gpx,חשוד - לבדיקה ידנית,FALSE,3.5,5.5,4.9,9.5,23.9,1
הכלה,117,2021-11-06_מעיליא_געתון_מעונה.gpx,72,2013-10-02_געתון_עין יעקב_מעיליא.gpx,מוכל-ב,,,,,31.7,412.4,0.972
הכלה,117,2021-11-06_מעיליא_געתון_מעונה.gpx,35,2013-07-30_מעונה_עין יעקב_געתון.gpx,מוכל-ב,,,,,21.3,55.9,1
הכלה,117,2021-11-06_מעיליא_געתון_מעונה.gpx,67,2013-09-25_געתון_עין יעקב_מעיליא.gpx,מוכל-ב,,,,,26.5,407.4,0.972
הכלה,117,2021-11-06_מעיליא_געתון_מעונה.gpx,74,2013-10-06_מעונה_עין יעקב_געתון.gpx,מוכל-ב,,,,,14.8,53.9,1
הכלה,117,2021-11-06_מעיליא_געתון_מעונה.gpx,56,2013-09-07_געתון_מעונה_גשר הזיו.gpx,מוכל-ב,,,,,18.5,56.2,1
הכלה,117,2021-11-06_מעיליא_געתון_מעונה.gpx,43,2013-08-14_געתון_מעונה_עין יעקב.gpx,מוכל-ב,,,,,19.3,54.2,1
הכלה,117,2021-11-06_מעיליא_געתון_מעונה.gpx,24,2013-07-08_עין יעקב_מעונה_געתון.gpx,מוכל-ב,,,,,10.3,55.9,1
הכלה,117,2021-11-06_מעיליא_געתון_מעונה.gpx,25,2013-07-10_עין יעקב_מעונה_געתון.gpx,מוכל-ב,,,,,13.9,53.7,1
חשוד,116,2021-11-05_געתון_יחיעם.gpx,474,2026-02-06_יחיעם_געתון_עין יעקב.gpx,חשוד - לבדיקה ידנית,TRUE,3.8,2.3,3.1,103.8,858,0.833
חשוד,116,2021-11-05_געתון_יחיעם.gpx,132,2021-12-10_געתון_יחיעם.gpx,חשוד - לבדיקה ידנית,FALSE,4.8,5.8,4.6,20,201.7,0.965
הכלה,116,2021-11-05_געתון_יחיעם.gpx,185,2022-04-21_געתון_יחיעם.gpx,מוכל-ב,,,,,55.4,623.1,0.9
הכלה,116,2021-11-05_געתון_יחיעם.gpx,160,2022-02-19_געתון_יחיעם.gpx,מוכל-ב,,,,,18.9,192.5,0.967
הכלה,116,2021-11-05_געתון_יחיעם.gpx,552,2026-08-09_יחיעם_געתון_עין יעקב.gpx,מוכל-ב,,,,,15.3,100.5,1
הכלה,116,2021-11-05_געתון_יחיעם.gpx,243,2022-08-21_געתון_יחיעם.gpx,מוכל-ב,,,,,16.3,132.6,0.983
זהה,115,2021-11-03_געתון_יחיעם.gpx,116,2021-11-05_געתון_יחיעם.gpx,זהה,FALSE,0.3,7.2,5.8,12.2,24.9,1
חשוד,115,2021-11-03_געתון_יחיעם.gpx,474,2026-02-06_יחיעם_געתון_עין יעקב.gpx,חשוד - לבדיקה ידנית,TRUE,3.5,5.9,4.7,102.8,878.1,0.833
הכלה,115,2021-11-03_געתון_יחיעם.gpx,160,2022-02-19_געתון_יחיעם.gpx,מוכל-ב,,,,,22.9,221.4,0.967
הכלה,115,2021-11-03_געתון_יחיעם.gpx,185,2022-04-21_געתון_יחיעם.gpx,מוכל-ב,,,,,57.4,646.1,0.9
הכלה,115,2021-11-03_געתון_יחיעם.gpx,552,2026-08-09_יחיעם_געתון_עין יעקב.gpx,מוכל-ב,,,,,17.6,117.3,0.983
הכלה,115,2021-11-03_געתון_יחיעם.gpx,243,2022-08-21_געתון_יחיעם.gpx,מוכל-ב,,,,,22.8,135.8,0.983
חשוד,114,2021-11-01_געתון_יחיעם.gpx,132,2021-12-10_געתון_יחיעם.gpx,חשוד - לבדיקה ידנית,FALSE,1.7,6.8,6.2,90.4,539.7,0.737
חשוד,114,2021-11-01_געתון_יחיעם.gpx,116,2021-11-05_געתון_יחיעם.gpx,חשוד - לבדיקה ידנית,FALSE,3.1,2.6,1.6,18.6,24.1,1
חשוד,114,2021-11-01_געתון_יחיעם.gpx,115,2021-11-03_געתון_יחיעם.gpx,חשוד - לבדיקה ידנית,FALSE,3.4,5.1,7.4,5,13.8,1
הכלה,114,2021-11-01_געתון_יחיעם.gpx,12,2013-05-17_געתון_יחיעם_נהרייה.gpx,מוכל-ב,,,,,31.4,201,0.914
הכלה,114,2021-11-01_געתון_יחיעם.gpx,160,2022-02-19_געתון_יחיעם.gpx,מוכל-ב,,,,,26.9,219.4,0.931
הכלה,114,2021-11-01_געתון_יחיעם.gpx,552,2026-08-09_יחיעם_געתון_עין יעקב.gpx,מוכל-ב,,,,,16.1,118.4,0.983
הכלה,114,2021-11-01_געתון_יחיעם.gpx,243,2022-08-21_געתון_יחיעם.gpx,מוכל-ב,,,,,22.5,134.3,0.983
זהה,113,2021-10-30_געתון_יחיעם.gpx,115,2021-11-03_געתון_יחיעם.gpx,זהה,FALSE,0.1,4.7,3.7,5,17.6,1
זהה,113,2021-10-30_געתון_יחיעם.gpx,116,2021-11-05_געתון_יחיעם.gpx,זהה,FALSE,0.4,3,4.3,12.8,24.4,1
חשוד,113,2021-10-30_געתון_יחיעם.gpx,114,2021-11-01_געתון_יחיעם.gpx,חשוד - לבדיקה ידנית,FALSE,3.5,2.5,5.8,6.6,17,1
חשוד,113,2021-10-30_געתון_יחיעם.gpx,474,2026-02-06_יחיעם_געתון_עין יעקב.gpx,חשוד - לבדיקה ידנית,TRUE,3.4,1.2,1.5,102.1,880.8,0.833
הכלה,113,2021-10-30_געתון_יחיעם.gpx,160,2022-02-19_געתון_יחיעם.gpx,מוכל-ב,,,,,19.5,169.4,0.967
הכלה,113,2021-10-30_געתון_יחיעם.gpx,185,2022-04-21_געתון_יחיעם.gpx,מוכל-ב,,,,,56.6,650,0.9
הכלה,113,2021-10-30_געתון_יחיעם.gpx,552,2026-08-09_יחיעם_געתון_עין יעקב.gpx,מוכל-ב,,,,,16.8,117.2,0.983
הכלה,113,2021-10-30_געתון_יחיעם.gpx,243,2022-08-21_געתון_יחיעם.gpx,מוכל-ב,,,,,21.9,122.4,0.983
חשוד,109,2021-10-03_געתון_יחיעם.gpx,338,2023-10-14_געתון_עין יעקב_יחיעם_1.gpx,חשוד - לבדיקה ידנית,TRUE,0.7,1,19.7,205,527.2,0.409
חשוד,109,2021-10-03_געתון_יחיעם.gpx,110,2021-10-06_געתון_יחיעם.gpx,חשוד - לבדיקה ידנית,FALSE,3.6,3.7,3.7,8.9,19.5,1
הכלה,108,2021-09-26_געתון_יחיעם.gpx,124,2021-11-23_געתון_יחיעם.gpx,מוכל-ב,,,,,26.4,266.1,0.964
הכלה,108,2021-09-26_געתון_יחיעם.gpx,143,2022-01-07_געתון_מעיליא_מעונה.gpx,מוכל-ב,,,,,33.2,268.8,0.945
הכלה,108,2021-09-26_געתון_יחיעם.gpx,484,2026-03-06_עין יעקב_געתון_כברי.gpx,מוכל-ב,,,,,20.5,126.1,0.982
הכלה,108,2021-09-26_געתון_יחיעם.gpx,146,2022-01-15_געתון_יחיעם.gpx,מוכל-ב,,,,,24.7,270.7,0.964
הכלה,108,2021-09-26_געתון_יחיעם.gpx,208,2022-06-09_געתון_יחיעם_עין יעקב.gpx,מוכל-ב,,,,,12.9,33.3,1
הכלה,108,2021-09-26_געתון_יחיעם.gpx,443,2025-09-10_געתון_יחיעם_כברי.gpx,מוכל-ב,,,,,28.4,270.1,0.945
הכלה,108,2021-09-26_געתון_יחיעם.gpx,347,2024-01-03_געתון_יחיעם_עין יעקב.gpx,מוכל-ב,,,,,29.5,263.4,0.964
הכלה,108,2021-09-26_געתון_יחיעם.gpx,29,2013-07-19_עין יעקב_מעונה_מנות.gpx,מוכל-ב,,,,,33.9,274.3,0.945
הכלה,108,2021-09-26_געתון_יחיעם.gpx,43,2013-08-14_געתון_מעונה_עין יעקב.gpx,מוכל-ב,,,,,31.2,262.9,0.945
הכלה,108,2021-09-26_געתון_יחיעם.gpx,24,2013-07-08_עין יעקב_מעונה_געתון.gpx,מוכל-ב,,,,,29.5,278.3,0.945
הכלה,108,2021-09-26_געתון_יחיעם.gpx,215,2022-06-21_געתון_יחיעם_עין יעקב.gpx,מוכל-ב,,,,,13.9,33,1
הכלה,108,2021-09-26_געתון_יחיעם.gpx,70,2013-09-28_עין יעקב_מזרעה_שבי ציון.gpx,מוכל-ב,,,,,34.6,268.4,0.927
הכלה,108,2021-09-26_געתון_יחיעם.gpx,34,2013-07-27_געתון_כברי_מנות.gpx,מוכל-ב,,,,,31.2,275.8,0.964
הכלה,108,2021-09-26_געתון_יחיעם.gpx,232,2022-07-23_געתון_נווה זיו.gpx,מוכל-ב,,,,,30.3,272.2,0.945
הכלה,108,2021-09-26_געתון_יחיעם.gpx,140,2021-12-31_געתון_מעיליא_מעונה.gpx,מוכל-ב,,,,,31.1,269.2,0.945
הכלה,108,2021-09-26_געתון_יחיעם.gpx,239,2022-08-14_געתון_כברי_לימן.gpx,מוכל-ב,,,,,26.2,269.5,0.945
הכלה,108,2021-09-26_געתון_יחיעם.gpx,363,2024-03-29_געתון_עין יעקב.gpx,מוכל-ב,,,,,27.2,271,0.964
הכלה,108,2021-09-26_געתון_יחיעם.gpx,230,2022-07-19_כברי_געתון_לימן.gpx,מוכל-ב,,,,,17,114.6,0.982
הכלה,108,2021-09-26_געתון_יחיעם.gpx,360,2024-03-09_געתון_עין יעקב.gpx,מוכל-ב,,,,,23.6,217.7,0.964
הכלה,108,2021-09-26_געתון_יחיעם.gpx,26,2013-07-12_געתון_שלומי_כפר ראש הנקרה.gpx,מוכל-ב,,,,,33.5,275.5,0.945
הכלה,108,2021-09-26_געתון_יחיעם.gpx,165,2022-02-28_געתון_כברי_לימן.gpx,מוכל-ב,,,,,28.8,264.8,0.945
הכלה,108,2021-09-26_געתון_יחיעם.gpx,266,2022-11-19_מעיליא_געתון_מעונה.gpx,מוכל-ב,,,,,34.5,266.3,0.945
הכלה,108,2021-09-26_געתון_יחיעם.gpx,256,2022-10-24_געתון_יחיעם.gpx,מוכל-ב,,,,,24.4,262.9,0.964
הכלה,108,2021-09-26_געתון_יחיעם.gpx,196,2022-05-19_געתון_מעונה_עין יעקב.gpx,מוכל-ב,,,,,28.8,270,0.964
הכלה,108,2021-09-26_געתון_יחיעם.gpx,626,יער הדובים השיירה סינגל בני.gpx,מוכל-ב,,,,,15.5,73.4,1
הכלה,108,2021-09-26_געתון_יחיעם.gpx,452,2025-10-01_שבי ציון_כברי_נהרייה.gpx,מוכל-ב,,,,,33.9,269.2,0.945
הכלה,108,2021-09-26_געתון_יחיעם.gpx,189,2022-05-06_געתון_יחיעם.gpx,מוכל-ב,,,,,25.1,269.3,0.964
הכלה,108,2021-09-26_געתון_יחיעם.gpx,475,2026-02-07_מעיליא_מנות_הילה.gpx,מוכל-ב,,,,,29.4,263.8,0.945
הכלה,108,2021-09-26_געתון_יחיעם.gpx,179,2022-04-12_געתון_יחיעם.gpx,מוכל-ב,,,,,25.4,261.1,0.964
הכלה,108,2021-09-26_געתון_יחיעם.gpx,156,2022-02-11_געתון_כברי_לימן.gpx,מוכל-ב,,,,,26.9,267.8,0.945
הכלה,108,2021-09-26_געתון_יחיעם.gpx,212,2022-06-16_געתון_יחיעם_עין יעקב.gpx,מוכל-ב,,,,,13.5,34,1
הכלה,108,2021-09-26_געתון_יחיעם.gpx,200,2022-05-27_געתון_כברי_לימן.gpx,מוכל-ב,,,,,12.3,32.8,1
הכלה,108,2021-09-26_געתון_יחיעם.gpx,194,2022-05-15_געתון_יחיעם.gpx,מוכל-ב,,,,,26.8,271.4,0.964
הכלה,108,2021-09-26_געתון_יחיעם.gpx,206,2022-06-04_געתון_כברי_נהרייה.gpx,מוכל-ב,,,,,25.7,273.3,0.945
הכלה,108,2021-09-26_געתון_יחיעם.gpx,32,2013-07-25_געתון_שלומי_כברי.gpx,מוכל-ב,,,,,28.4,271.7,0.945
הכלה,108,2021-09-26_געתון_יחיעם.gpx,262,2022-11-09_געתון_יחיעם.gpx,מוכל-ב,,,,,26.2,266.9,0.964
הכלה,108,2021-09-26_געתון_יחיעם.gpx,453,2025-10-02_געתון_כברי_גשר הזיו.gpx,מוכל-ב,,,,,28.7,264.1,0.945
הכלה,108,2021-09-26_געתון_יחיעם.gpx,355,2024-02-23_געתון_עין יעקב.gpx,מוכל-ב,,,,,30.6,271.9,0.964
הכלה,108,2021-09-26_געתון_יחיעם.gpx,455,2025-10-11_געתון_יחיעם_כברי.gpx,מוכל-ב,,,,,25.1,264.1,0.945
הכלה,108,2021-09-26_געתון_יחיעם.gpx,71,2013-10-01_געתון_עין יעקב.gpx,מוכל-ב,,,,,27.3,267.1,0.945
הכלה,108,2021-09-26_געתון_יחיעם.gpx,157,2022-02-16_געתון_יחיעם.gpx,מוכל-ב,,,,,25.4,268.3,0.964
הכלה,108,2021-09-26_געתון_יחיעם.gpx,286,2023-01-18_געתון_כברי_גשר הזיו.gpx,מוכל-ב,,,,,25.2,265.1,0.964
הכלה,108,2021-09-26_געתון_יחיעם.gpx,211,2022-06-15_געתון_כברי_לימן.gpx,מוכל-ב,,,,,27.2,269.4,0.945
הכלה,108,2021-09-26_געתון_יחיעם.gpx,502,2026-05-07_געתון_כברי_לימן.gpx,מוכל-ב,,,,,29.9,268.3,0.945
הכלה,108,2021-09-26_געתון_יחיעם.gpx,490,2026-03-25_געתון_גשר הזיו_כברי.gpx,מוכל-ב,,,,,28.6,269,0.945
הכלה,108,2021-09-26_געתון_יחיעם.gpx,25,2013-07-10_עין יעקב_מעונה_געתון.gpx,מוכל-ב,,,,,28.2,273.9,0.945
הכלה,108,2021-09-26_געתון_יחיעם.gpx,259,2022-10-29_געתון_מעיליא_מעונה.gpx,מוכל-ב,,,,,33.5,268.2,0.945
הכלה,108,2021-09-26_געתון_יחיעם.gpx,174,2022-04-02_געתון_מעיליא_נווה זיו.gpx,מוכל-ב,,,,,33.4,267.5,0.945
הכלה,108,2021-09-26_געתון_יחיעם.gpx,447,2025-09-22_שבי ציון_כברי_נהרייה.gpx,מוכל-ב,,,,,28,271.3,0.945
הכלה,108,2021-09-26_געתון_יחיעם.gpx,125,2021-11-27_מעיליא_געתון_נווה זיו.gpx,מוכל-ב,,,,,33.7,266.8,0.945
הכלה,108,2021-09-26_געתון_יחיעם.gpx,164,2022-02-27_געתון_יחיעם.gpx,מוכל-ב,,,,,26.4,263.6,0.964
הכלה,108,2021-09-26_געתון_יחיעם.gpx,226,2022-07-11_געתון_כברי_כפר ראש הנקרה.gpx,מוכל-ב,,,,,26.5,270.8,0.945
הכלה,108,2021-09-26_געתון_יחיעם.gpx,550,2026-08-08_געתון_כברי_מנות.gpx,מוכל-ב,,,,,30.5,267.6,0.945
הכלה,108,2021-09-26_געתון_יחיעם.gpx,270,2022-12-03_מנות_הילה_מעיליא.gpx,מוכל-ב,,,,,32.8,269.7,0.945
הכלה,108,2021-09-26_געתון_יחיעם.gpx,497,2026-04-20_כברי_געתון_גשר הזיו.gpx,מוכל-ב,,,,,27.7,271.9,0.945
הכלה,108,2021-09-26_געתון_יחיעם.gpx,541,2026-07-14_שבי ציון_כברי_נהרייה.gpx,מוכל-ב,,,,,29.2,270.4,0.945
הכלה,108,2021-09-26_געתון_יחיעם.gpx,528,2026-06-24 געתון_נהריה_ראש-הנקרה_נהריה_געתון.gpx,מוכל-ב,,,,,31.6,263.5,0.945
הכלה,108,2021-09-26_געתון_יחיעם.gpx,150,2022-01-21_געתון_יחיעם.gpx,מוכל-ב,,,,,24.7,268.8,0.964
הכלה,108,2021-09-26_געתון_יחיעם.gpx,27,2013-07-13_געתון_מעיליא_נווה זיו.gpx,מוכל-ב,,,,,29.4,278.7,0.945
הכלה,108,2021-09-26_געתון_יחיעם.gpx,36,2013-08-01_מעונה_עין יעקב_געתון.gpx,מוכל-ב,,,,,13.6,93.3,1
הכלה,108,2021-09-26_געתון_יחיעם.gpx,123,2021-11-22_געתון_יחיעם.gpx,מוכל-ב,,,,,27.7,268,0.964
הכלה,108,2021-09-26_געתון_יחיעם.gpx,28,2013-07-15_געתון_שבי ציון_גשר הזיו.gpx,מוכל-ב,,,,,32.4,276.5,0.945
הכלה,108,2021-09-26_געתון_יחיעם.gpx,216,2022-06-24_מנות_מעיליא_כברי.gpx,מוכל-ב,,,,,30.3,269,0.945
הכלה,108,2021-09-26_געתון_יחיעם.gpx,214,2022-06-19_געתון_כברי_לימן.gpx,מוכל-ב,,,,,29.2,270.7,0.945
הכלה,108,2021-09-26_געתון_יחיעם.gpx,62,2013-09-18_געתון_מעיליא_מנות.gpx,מוכל-ב,,,,,34.4,266.2,0.945
הכלה,108,2021-09-26_געתון_יחיעם.gpx,195,2022-05-18_געתון_יחיעם.gpx,מוכל-ב,,,,,13.8,33,1
הכלה,108,2021-09-26_געתון_יחיעם.gpx,122,2021-11-19_געתון_יחיעם.gpx,מוכל-ב,,,,,26.5,266.6,0.964
הכלה,108,2021-09-26_געתון_יחיעם.gpx,265,2022-11-18_געתון_יחיעם_עין יעקב.gpx,מוכל-ב,,,,,29,263.7,0.945
הכלה,108,2021-09-26_געתון_יחיעם.gpx,536,2026-07-07_עבדון_געתון_יערה.gpx,מוכל-ב,,,,,29.6,265.8,0.945
הכלה,108,2021-09-26_געתון_יחיעם.gpx,201,2022-05-29_געתון_כברי_לימן.gpx,מוכל-ב,,,,,14.3,118.6,0.982
הכלה,108,2021-09-26_געתון_יחיעם.gpx,551,2026-08-08_מנות_כברי_הילה.gpx,מוכל-ב,,,,,32.5,267.1,0.945
הכלה,108,2021-09-26_געתון_יחיעם.gpx,277,2022-12-16_געתון_יחיעם_עין יעקב.gpx,מוכל-ב,,,,,29.2,262.2,0.964
הכלה,108,2021-09-26_געתון_יחיעם.gpx,40,2013-08-08_געתון_כברי.gpx,מוכל-ב,,,,,25.7,264.3,0.945
הכלה,108,2021-09-26_געתון_יחיעם.gpx,162,2022-02-23_געתון_יחיעם.gpx,מוכל-ב,,,,,26.5,263.7,0.964
הכלה,108,2021-09-26_געתון_יחיעם.gpx,255,2022-10-23_געתון_יחיעם.gpx,מוכל-ב,,,,,23.7,263.2,0.964
הכלה,108,2021-09-26_געתון_יחיעם.gpx,199,2022-05-26_געתון_יחיעם.gpx,מוכל-ב,,,,,13,31.4,1
הכלה,108,2021-09-26_געתון_יחיעם.gpx,535,2026-07-04_מעיליא_מנות_הילה.gpx,מוכל-ב,,,,,25.4,270.9,0.945
הכלה,108,2021-09-26_געתון_יחיעם.gpx,492,2026-04-08_געתון_כברי_גשר הזיו.gpx,מוכל-ב,,,,,26.6,269.1,0.945
הכלה,108,2021-09-26_געתון_יחיעם.gpx,139,2021-12-29_געתון_יחיעם.gpx,מוכל-ב,,,,,23.8,268.5,0.964
הכלה,108,2021-09-26_געתון_יחיעם.gpx,543,2026-07-19_עין יעקב_מנות_עבדון.gpx,מוכל-ב,,,,,33.3,271.3,0.945
הכלה,108,2021-09-26_געתון_יחיעם.gpx,151,2022-01-29_געתון_יחיעם.gpx,מוכל-ב,,,,,23.7,266.7,0.964
הכלה,108,2021-09-26_געתון_יחיעם.gpx,42,2013-08-12_געתון_כברי_לימן.gpx,מוכל-ב,,,,,36.9,274.2,0.945
הכלה,108,2021-09-26_געתון_יחיעם.gpx,107,2021-09-25_מעיליא_געתון_מעונה.gpx,מוכל-ב,,,,,29.5,269.9,0.945
הכלה,108,2021-09-26_געתון_יחיעם.gpx,275,2022-12-10_מנות_הילה_כברי.gpx,מוכל-ב,,,,,30,266.1,0.945
הכלה,108,2021-09-26_געתון_יחיעם.gpx,228,2022-07-16_מנות_געתון_מעיליא.gpx,מוכל-ב,,,,,30.5,270.3,0.945
הכלה,108,2021-09-26_געתון_יחיעם.gpx,99,2021-09-11_געתון_מעיליא_מעונה.gpx,מוכל-ב,,,,,30,267.1,0.945
הכלה,108,2021-09-26_געתון_יחיעם.gpx,68,2013-09-26_געתון_כפר ורדים_מנות.gpx,מוכל-ב,,,,,30.2,270.6,0.945
הכלה,108,2021-09-26_געתון_יחיעם.gpx,131,2021-12-09_געתון_יחיעם.gpx,מוכל-ב,,,,,26.7,270.9,0.964
הכלה,108,2021-09-26_געתון_יחיעם.gpx,91,2021-08-07_געתון_מעיליא_מעונה.gpx,מוכל-ב,,,,,34.5,273.1,0.945
הכלה,108,2021-09-26_געתון_יחיעם.gpx,221,2022-07-02_יחיעם_געתון_עין יעקב.gpx,מוכל-ב,,,,,31,272.6,0.964
הכלה,108,2021-09-26_געתון_יחיעם.gpx,520,2026-06-06_געתון_בוסתן הגליל_נתיב השיירה.gpx,מוכל-ב,,,,,31.5,267.6,0.945
הכלה,108,2021-09-26_געתון_יחיעם.gpx,505,2026-05-13_עבדון_כברי_גורן.gpx,מוכל-ב,,,,,29.3,270.1,0.945
הכלה,108,2021-09-26_געתון_יחיעם.gpx,446,2025-09-20_געתון_יחיעם_עין יעקב.gpx,מוכל-ב,,,,,30.4,270.1,0.945
הכלה,108,2021-09-26_געתון_יחיעם.gpx,282,2022-12-30_געתון_כברי_לימן.gpx,מוכל-ב,,,,,29.5,265.1,0.945
הכלה,108,2021-09-26_געתון_יחיעם.gpx,152,2022-01-30_געתון_יחיעם.gpx,מוכל-ב,,,,,24.6,267.4,0.964
הכלה,108,2021-09-26_געתון_יחיעם.gpx,488,2026-03-18_געתון_כברי_גשר הזיו.gpx,מוכל-ב,,,,,28.4,266.8,0.945
הכלה,108,2021-09-26_געתון_יחיעם.gpx,177,2022-04-07_געתון_יחיעם.gpx,מוכל-ב,,,,,25.7,266,0.964
הכלה,108,2021-09-26_געתון_יחיעם.gpx,44,2013-08-16_געתון_שלומי_כפר ראש הנקרה.gpx,מוכל-ב,,,,,34,267.9,0.945
הכלה,108,2021-09-26_געתון_יחיעם.gpx,128,2021-12-04_געתון_מעיליא_מעונה.gpx,מוכל-ב,,,,,30.4,273.4,0.945
הכלה,108,2021-09-26_געתון_יחיעם.gpx,429,2025-03-02_געתון_עין יעקב_יחיעם.gpx,מוכל-ב,,,,,23.8,269.3,0.964
הכלה,108,2021-09-26_געתון_יחיעם.gpx,278,2022-12-17_מנות_מעיליא_הילה.gpx,מוכל-ב,,,,,32.4,266.2,0.945
הכלה,108,2021-09-26_געתון_יחיעם.gpx,173,2022-04-01_געתון_יחיעם.gpx,מוכל-ב,,,,,24.4,268,0.964
הכלה,108,2021-09-26_געתון_יחיעם.gpx,72,2013-10-02_געתון_עין יעקב_מעיליא.gpx,מוכל-ב,,,,,33.4,268.8,0.945
הכלה,108,2021-09-26_געתון_יחיעם.gpx,280,2022-12-23_געתון_כברי_לימן.gpx,מוכל-ב,,,,,24.1,263.9,0.945
הכלה,108,2021-09-26_געתון_יחיעם.gpx,558,2026-08-14_געתון_כברי_מצובה.gpx,מוכל-ב,,,,,28.4,269.7,0.945
הכלה,108,2021-09-26_געתון_יחיעם.gpx,160,2022-02-19_געתון_יחיעם.gpx,מוכל-ב,,,,,22.6,268.3,0.964
הכלה,108,2021-09-26_געתון_יחיעם.gpx,185,2022-04-21_געתון_יחיעם.gpx,מוכל-ב,,,,,26.2,268.1,0.964
הכלה,108,2021-09-26_געתון_יחיעם.gpx,159,2022-02-18_געתון_כברי_גשר הזיו.gpx,מוכל-ב,,,,,26.4,266.2,0.945
הכלה,108,2021-09-26_געתון_יחיעם.gpx,254,2022-10-21_געתון_יחיעם.gpx,מוכל-ב,,,,,28.4,265.2,0.964
הכלה,108,2021-09-26_געתון_יחיעם.gpx,260,2022-11-04_מעיליא_געתון_מעונה.gpx,מוכל-ב,,,,,31.3,270.3,0.945
הכלה,108,2021-09-26_געתון_יחיעם.gpx,193,2022-05-14_מנות_געתון_מעיליא.gpx,מוכל-ב,,,,,31.5,268.3,0.945
הכלה,108,2021-09-26_געתון_יחיעם.gpx,479,2026-02-25_שבי ציון_נהרייה_כברי.gpx,מוכל-ב,,,,,25.7,268.7,0.945
הכלה,108,2021-09-26_געתון_יחיעם.gpx,534,2026-07-04 געתון_חרדלית_מנות_הילה_עין_זיו_חרדלית_געתון.gpx,מוכל-ב,,,,,25,271.3,0.945
הכלה,108,2021-09-26_געתון_יחיעם.gpx,23,2013-06-30_געתון_יחיעם_עין יעקב.gpx,מוכל-ב,,,,,25.9,271.4,0.945
הכלה,108,2021-09-26_געתון_יחיעם.gpx,540,2026-07-14_שבי ציון_געתון_נהרייה.gpx,מוכל-ב,,,,,30.7,274.7,0.945
הכלה,108,2021-09-26_געתון_יחיעם.gpx,257,2022-10-26_געתון_יחיעם.gpx,מוכל-ב,,,,,24.7,264.1,0.964
הכלה,108,2021-09-26_געתון_יחיעם.gpx,209,2022-06-11_מנות_מעיליא_כברי.gpx,מוכל-ב,,,,,31.8,272.7,0.945
הכלה,108,2021-09-26_געתון_יחיעם.gpx,175,2022-04-03_געתון_יחיעם.gpx,מוכל-ב,,,,,26.1,267.6,0.964
הכלה,108,2021-09-26_געתון_יחיעם.gpx,161,2022-02-22_געתון_יחיעם.gpx,מוכל-ב,,,,,26.1,262.7,0.964
הכלה,108,2021-09-26_געתון_יחיעם.gpx,197,2022-05-20_געתון_כברי_לימן.gpx,מוכל-ב,,,,,14.3,124.2,0.982
הכלה,108,2021-09-26_געתון_יחיעם.gpx,253,2022-10-17_געתון_מעיליא_מעונה.gpx,מוכל-ב,,,,,32.2,269.1,0.945
הכלה,108,2021-09-26_געתון_יחיעם.gpx,234,2022-08-02_געתון_יחיעם.gpx,מוכל-ב,,,,,25.8,265.4,0.964
הכלה,108,2021-09-26_געתון_יחיעם.gpx,137,2021-12-21_געתון_יחיעם.gpx,מוכל-ב,,,,,23.9,266.6,0.964
הכלה,108,2021-09-26_געתון_יחיעם.gpx,519,2026-06-06 געתון_רגבה_עכו.gpx,מוכל-ב,,,,,32.2,271.1,0.945
הכלה,108,2021-09-26_געתון_יחיעם.gpx,180,2022-04-13_געתון_יחיעם.gpx,מוכל-ב,,,,,23,263.8,0.964
הכלה,108,2021-09-26_געתון_יחיעם.gpx,35,2013-07-30_מעונה_עין יעקב_געתון.gpx,מוכל-ב,,,,,33.4,274.8,0.964
הכלה,108,2021-09-26_געתון_יחיעם.gpx,188,2022-05-04_געתון_יחיעם.gpx,מוכל-ב,,,,,25.6,263.2,0.964
הכלה,108,2021-09-26_געתון_יחיעם.gpx,439,2025-08-28_געתון_כברי_לימן.gpx,מוכל-ב,,,,,34.5,267.1,0.945
הכלה,108,2021-09-26_געתון_יחיעם.gpx,483,2026-03-05_געתון_כברי.gpx,מוכל-ב,,,,,12.5,90.4,1
הכלה,108,2021-09-26_געתון_יחיעם.gpx,345,2023-12-30_געתון_יחיעם_עין יעקב.gpx,מוכל-ב,,,,,28.6,264.9,0.964
הכלה,108,2021-09-26_געתון_יחיעם.gpx,243,2022-08-21_געתון_יחיעם.gpx,מוכל-ב,,,,,28.2,269.8,0.945
הכלה,108,2021-09-26_געתון_יחיעם.gpx,167,2022-03-04_געתון_כברי_יחיעם.gpx,מוכל-ב,,,,,26.4,263.8,0.964
הכלה,108,2021-09-26_געתון_יחיעם.gpx,238,2022-08-13_מנות_הילה_מעיליא.gpx,מוכל-ב,,,,,29.3,270.8,0.945
הכלה,108,2021-09-26_געתון_יחיעם.gpx,92,2021-09-03_געתון_מעיליא_מעונה.gpx,מוכל-ב,,,,,29.8,269.5,0.945
הכלה,108,2021-09-26_געתון_יחיעם.gpx,93,2021-09-04_געתון_מעיליא_מעונה.gpx,מוכל-ב,,,,,26.2,271.8,0.945
הכלה,108,2021-09-26_געתון_יחיעם.gpx,67,2013-09-25_געתון_עין יעקב_מעיליא.gpx,מוכל-ב,,,,,30.4,267.6,0.945
הכלה,108,2021-09-26_געתון_יחיעם.gpx,341,2023-11-20_געתון_עין יעקב.gpx,מוכל-ב,,,,,31.5,266,0.945
הכלה,108,2021-09-26_געתון_יחיעם.gpx,192,2022-05-12_געתון_יחיעם.gpx,מוכל-ב,,,,,13.5,35,1
הכלה,108,2021-09-26_געתון_יחיעם.gpx,191,2022-05-11_געתון_יחיעם.gpx,מוכל-ב,,,,,12.3,35,1
הכלה,108,2021-09-26_געתון_יחיעם.gpx,448,2025-09-23_געתון_כברי_לימן.gpx,מוכל-ב,,,,,26.8,271.2,0.945
הכלה,108,2021-09-26_געתון_יחיעם.gpx,60,2013-09-13_עין יעקב_מעיליא_מנות.gpx,מוכל-ב,,,,,27.9,271.2,0.945
הכלה,108,2021-09-26_געתון_יחיעם.gpx,105,2021-09-21_מעיליא_געתון_מעונה.gpx,מוכל-ב,,,,,33.1,271.5,0.945
הכלה,108,2021-09-26_געתון_יחיעם.gpx,57,2013-09-08_געתון_יחיעם_עין יעקב.gpx,מוכל-ב,,,,,29.7,266.5,0.945
הכלה,108,2021-09-26_געתון_יחיעם.gpx,284,2023-01-10_געתון_כברי_לימן.gpx,מוכל-ב,,,,,29.2,261.6,0.945
הכלה,108,2021-09-26_געתון_יחיעם.gpx,74,2013-10-06_מעונה_עין יעקב_געתון.gpx,מוכל-ב,,,,,29.3,265.1,0.945
הכלה,108,2021-09-26_געתון_יחיעם.gpx,61,2013-09-14_עין המפרץ_געתון_מזרעה.gpx,מוכל-ב,,,,,35.1,270.7,0.945
הכלה,108,2021-09-26_געתון_יחיעם.gpx,356,2024-02-25_געתון_עין יעקב.gpx,מוכל-ב,,,,,27.7,268,0.964
הכלה,108,2021-09-26_געתון_יחיעם.gpx,48,2013-08-24_מזרעה_שבי ציון_געתון.gpx,מוכל-ב,,,,,30.2,275.8,0.945
הכלה,108,2021-09-26_געתון_יחיעם.gpx,263,2022-11-11_געתון_יחיעם.gpx,מוכל-ב,,,,,28.5,263.5,0.964
הכלה,108,2021-09-26_געתון_יחיעם.gpx,227,2022-07-15_געתון_כברי_לימן.gpx,מוכל-ב,,,,,18.5,122.3,0.982
הכלה,108,2021-09-26_געתון_יחיעם.gpx,117,2021-11-06_מעיליא_געתון_מעונה.gpx,מוכל-ב,,,,,26.8,269.7,0.945
הכלה,108,2021-09-26_געתון_יחיעם.gpx,50,2013-08-28_געתון_יחיעם_עין יעקב.gpx,מוכל-ב,,,,,31.7,265.8,0.945
הכלה,108,2021-09-26_געתון_יחיעם.gpx,281,2022-12-28_געתון_גשר הזיו_כברי.gpx,מוכל-ב,,,,,26.2,265.5,0.945
הכלה,108,2021-09-26_געתון_יחיעם.gpx,242,2022-08-20_געתון_מנות_מעיליא.gpx,מוכל-ב,,,,,29.5,271,0.945
הכלה,108,2021-09-26_געתון_יחיעם.gpx,154,2022-02-02_געתון_יחיעם.gpx,מוכל-ב,,,,,24.7,262.2,0.964
הכלה,108,2021-09-26_געתון_יחיעם.gpx,52,2013-08-30_מעונה_עין יעקב_געתון.gpx,מוכל-ב,,,,,33.4,269,0.945
הכלה,108,2021-09-26_געתון_יחיעם.gpx,183,2022-04-16_מנות_הילה_מעיליא.gpx,מוכל-ב,,,,,32.8,268.9,0.945
הכלה,108,2021-09-26_געתון_יחיעם.gpx,241,2022-08-19_געתון_כברי_לימן.gpx,מוכל-ב,,,,,31.5,267.9,0.945
הכלה,108,2021-09-26_געתון_יחיעם.gpx,496,2026-04-16_עין יעקב_מעונה_געתון.gpx,מוכל-ב,,,,,30.9,268.5,0.945
הכלה,108,2021-09-26_געתון_יחיעם.gpx,138,2021-12-25_געתון_מעיליא_מעונה.gpx,מוכל-ב,,,,,31.2,270.3,0.945
הכלה,108,2021-09-26_געתון_יחיעם.gpx,145,2022-01-14_געתון_יחיעם.gpx,מוכל-ב,,,,,25.5,264,0.964
הכלה,108,2021-09-26_געתון_יחיעם.gpx,56,2013-09-07_געתון_מעונה_גשר הזיו.gpx,מוכל-ב,,,,,29,269.4,0.945
הכלה,108,2021-09-26_געתון_יחיעם.gpx,442,2025-09-08_געתון_יחיעם_כברי.gpx,מוכל-ב,,,,,26,269.2,0.945
הכלה,108,2021-09-26_געתון_יחיעם.gpx,482,2026-02-28_געתון_כברי.gpx,מוכל-ב,,,,,23.5,269.7,0.945
הכלה,108,2021-09-26_געתון_יחיעם.gpx,348,2024-01-03_געתון_יחיעם_עין יעקב_1.gpx,מוכל-ב,,,,,29.2,264.3,0.964
הכלה,108,2021-09-26_געתון_יחיעם.gpx,224,2022-07-08_מנות_געתון_הילה.gpx,מוכל-ב,,,,,27.9,269.9,0.945
הכלה,108,2021-09-26_געתון_יחיעם.gpx,346,2023-12-31_געתון_יחיעם_עין יעקב.gpx,מוכל-ב,,,,,30.9,265.7,0.964
הכלה,108,2021-09-26_געתון_יחיעם.gpx,210,2022-06-12_געתון_יחיעם.gpx,מוכל-ב,,,,,26.1,264.6,0.964
זהה,107,2021-09-25_מעיליא_געתון_מעונה.gpx,117,2021-11-06_מעיליא_געתון_מעונה.gpx,זהה,FALSE,2.6,3,6.7,10.4,24.4,1
זהה,107,2021-09-25_מעיליא_געתון_מעונה.gpx,138,2021-12-25_געתון_מעיליא_מעונה.gpx,זהה,FALSE,1,3.5,2.4,14,29.4,1
זהה,107,2021-09-25_מעיליא_געתון_מעונה.gpx,266,2022-11-19_מעיליא_געתון_מעונה.gpx,זהה,FALSE,2.9,14.3,15.8,14.2,71.9,1
זהה,107,2021-09-25_מעיליא_געתון_מעונה.gpx,140,2021-12-31_געתון_מעיליא_מעונה.gpx,זהה,FALSE,0.1,2.9,7.7,12.7,46,1
זהה,107,2021-09-25_מעיליא_געתון_מעונה.gpx,174,2022-04-02_געתון_מעיליא_נווה זיו.gpx,זהה,FALSE,0,4.7,7.3,15.4,34.6,1
זהה,107,2021-09-25_מעיליא_געתון_מעונה.gpx,125,2021-11-27_מעיליא_געתון_נווה זיו.gpx,זהה,FALSE,0.8,6,4,11.5,22.8,1
זהה,107,2021-09-25_מעיליא_געתון_מעונה.gpx,128,2021-12-04_געתון_מעיליא_מעונה.gpx,זהה,FALSE,1,7.8,6.4,12.6,24.1,1
זהה,107,2021-09-25_מעיליא_געתון_מעונה.gpx,253,2022-10-17_געתון_מעיליא_מעונה.gpx,זהה,FALSE,0,5,5.6,13.7,57.1,1
חשוד,107,2021-09-25_מעיליא_געתון_מעונה.gpx,143,2022-01-07_געתון_מעיליא_מעונה.gpx,חשוד - לבדיקה ידנית,FALSE,3.7,0.7,10.1,15,71.9,1
חשוד,107,2021-09-25_מעיליא_געתון_מעונה.gpx,259,2022-10-29_געתון_מעיליא_מעונה.gpx,חשוד - לבדיקה ידנית,FALSE,3.6,13.7,28.3,15.7,71.8,1
חשוד,107,2021-09-25_מעיליא_געתון_מעונה.gpx,367,2024-04-06_געתון_מעיליא_מעונה.gpx,חשוד - לבדיקה ידנית,FALSE,3.1,407.8,6.8,11.4,28.1,1
הכלה,107,2021-09-25_מעיליא_געתון_מעונה.gpx,43,2013-08-14_געתון_מעונה_עין יעקב.gpx,מוכל-ב,,,,,19.4,58.5,1
הכלה,107,2021-09-25_מעיליא_געתון_מעונה.gpx,24,2013-07-08_עין יעקב_מעונה_געתון.gpx,מוכל-ב,,,,,15.2,53.6,1
הכלה,107,2021-09-25_מעיליא_געתון_מעונה.gpx,25,2013-07-10_עין יעקב_מעונה_געתון.gpx,מוכל-ב,,,,,12.8,55.2,1
הכלה,107,2021-09-25_מעיליא_געתון_מעונה.gpx,72,2013-10-02_געתון_עין יעקב_מעיליא.gpx,מוכל-ב,,,,,32.6,408.4,0.957
הכלה,107,2021-09-25_מעיליא_געתון_מעונה.gpx,35,2013-07-30_מעונה_עין יעקב_געתון.gpx,מוכל-ב,,,,,17.3,59.7,1
הכלה,107,2021-09-25_מעיליא_געתון_מעונה.gpx,67,2013-09-25_געתון_עין יעקב_מעיליא.gpx,מוכל-ב,,,,,28.5,403.6,0.957
הכלה,107,2021-09-25_מעיליא_געתון_מעונה.gpx,74,2013-10-06_מעונה_עין יעקב_געתון.gpx,מוכל-ב,,,,,19.1,57.1,1
הכלה,107,2021-09-25_מעיליא_געתון_מעונה.gpx,56,2013-09-07_געתון_מעונה_גשר הזיו.gpx,מוכל-ב,,,,,15.7,59.1,1
זהה,106,2021-09-24_געתון_יחיעם.gpx,113,2021-10-30_געתון_יחיעם.gpx,זהה,FALSE,1.3,3.5,3.9,9,24.3,1
זהה,106,2021-09-24_געתון_יחיעם.gpx,114,2021-11-01_געתון_יחיעם.gpx,זהה,FALSE,2.3,4,8.7,11.3,22.7,1
זהה,106,2021-09-24_געתון_יחיעם.gpx,116,2021-11-05_געתון_יחיעם.gpx,זהה,FALSE,0.9,6,7,11.4,25.6,1
זהה,106,2021-09-24_געתון_יחיעם.gpx,115,2021-11-03_געתון_יחיעם.gpx,זהה,FALSE,1.1,1.2,1.7,11.3,24.8,1
חשוד,106,2021-09-24_געתון_יחיעם.gpx,132,2021-12-10_געתון_יחיעם.gpx,חשוד - לבדיקה ידנית,TRUE,3.9,3.8,5.9,93.4,541.8,0.737
חשוד,106,2021-09-24_געתון_יחיעם.gpx,474,2026-02-06_יחיעם_געתון_עין יעקב.gpx,חשוד - לבדיקה ידנית,TRUE,4.6,4.7,5.3,104.5,925.7,0.814
הכלה,106,2021-09-24_געתון_יחיעם.gpx,552,2026-08-09_יחיעם_געתון_עין יעקב.gpx,מוכל-ב,,,,,15.8,110.5,1
הכלה,106,2021-09-24_געתון_יחיעם.gpx,243,2022-08-21_געתון_יחיעם.gpx,מוכל-ב,,,,,18.1,115.5,1
הכלה,106,2021-09-24_געתון_יחיעם.gpx,160,2022-02-19_געתון_יחיעם.gpx,מוכל-ב,,,,,26.6,223.3,0.932
זהה,105,2021-09-21_מעיליא_געתון_מעונה.gpx,253,2022-10-17_געתון_מעיליא_מעונה.gpx,זהה,FALSE,2.4,2.5,2.7,14.2,49,1
זהה,105,2021-09-21_מעיליא_געתון_מעונה.gpx,117,2021-11-06_מעיליא_געתון_מעונה.gpx,זהה,FALSE,0.2,3.1,4.7,17.7,118.9,1
זהה,105,2021-09-21_מעיליא_געתון_מעונה.gpx,143,2022-01-07_געתון_מעיליא_מעונה.gpx,זהה,FALSE,1.3,5.1,6.7,17.6,85.3,1
זהה,105,2021-09-21_מעיליא_געתון_מעונה.gpx,266,2022-11-19_מעיליא_געתון_מעונה.gpx,זהה,FALSE,0.5,17.6,18.3,15.3,96.9,1
זהה,105,2021-09-21_מעיליא_געתון_מעונה.gpx,140,2021-12-31_געתון_מעיליא_מעונה.gpx,זהה,FALSE,2.5,4.2,9.2,16.1,25.1,1
זהה,105,2021-09-21_מעיליא_געתון_מעונה.gpx,107,2021-09-25_מעיליא_געתון_מעונה.gpx,זהה,FALSE,2.4,5.1,3.6,15.9,54.2,1
זהה,105,2021-09-21_מעיליא_געתון_מעונה.gpx,259,2022-10-29_געתון_מעיליא_מעונה.gpx,זהה,FALSE,1.2,18.3,30.9,18.8,118.2,1
זהה,105,2021-09-21_מעיליא_געתון_מעונה.gpx,174,2022-04-02_געתון_מעיליא_נווה זיו.gpx,זהה,FALSE,2.4,6.6,4.2,10,24.8,1
חשוד,105,2021-09-21_מעיליא_געתון_מעונה.gpx,128,2021-12-04_געתון_מעיליא_מעונה.gpx,חשוד - לבדיקה ידנית,FALSE,3.4,2.7,7.2,13.4,36.9,1
חשוד,105,2021-09-21_מעיליא_געתון_מעונה.gpx,138,2021-12-25_געתון_מעיליא_מעונה.gpx,חשוד - לבדיקה ידנית,FALSE,3.4,4.6,2,14.7,34.6,1
חשוד,105,2021-09-21_מעיליא_געתון_מעונה.gpx,125,2021-11-27_מעיליא_געתון_נווה זיו.gpx,חשוד - לבדיקה ידנית,FALSE,3.2,2.4,5.8,13,38.5,1
הכלה,105,2021-09-21_מעיליא_געתון_מעונה.gpx,35,2013-07-30_מעונה_עין יעקב_געתון.gpx,מוכל-ב,,,,,11.3,40.2,1
הכלה,105,2021-09-21_מעיליא_געתון_מעונה.gpx,67,2013-09-25_געתון_עין יעקב_מעיליא.gpx,מוכל-ב,,,,,29.3,510.9,0.944
הכלה,105,2021-09-21_מעיליא_געתון_מעונה.gpx,74,2013-10-06_מעונה_עין יעקב_געתון.gpx,מוכל-ב,,,,,17.6,59.2,1
הכלה,105,2021-09-21_מעיליא_געתון_מעונה.gpx,56,2013-09-07_געתון_מעונה_גשר הזיו.gpx,מוכל-ב,,,,,10.2,61.1,1
הכלה,105,2021-09-21_מעיליא_געתון_מעונה.gpx,43,2013-08-14_געתון_מעונה_עין יעקב.gpx,מוכל-ב,,,,,13.5,37.7,1
הכלה,105,2021-09-21_מעיליא_געתון_מעונה.gpx,24,2013-07-08_עין יעקב_מעונה_געתון.gpx,מוכל-ב,,,,,14.8,44.1,1
הכלה,105,2021-09-21_מעיליא_געתון_מעונה.gpx,25,2013-07-10_עין יעקב_מעונה_געתון.gpx,מוכל-ב,,,,,11.3,40.1,1
הכלה,105,2021-09-21_מעיליא_געתון_מעונה.gpx,72,2013-10-02_געתון_עין יעקב_מעיליא.gpx,מוכל-ב,,,,,29.7,513.8,0.944
חשוד,103,2021-09-17_געתון_יחיעם.gpx,141,2022-01-02_געתון_יחיעם.gpx,חשוד - לבדיקה ידנית,FALSE,0.3,2,4.3,42.1,261.1,0.811
חשוד,103,2021-09-17_געתון_יחיעם.gpx,456,2025-10-16_געתון_יחיעם.gpx,חשוד - לבדיקה ידנית,TRUE,4.8,2.8,5.1,11.3,68.6,1
הכלה,103,2021-09-17_געתון_יחיעם.gpx,552,2026-08-09_יחיעם_געתון_עין יעקב.gpx,מוכל-ב,,,,,16.7,119.3,0.981
הכלה,103,2021-09-17_געתון_יחיעם.gpx,243,2022-08-21_געתון_יחיעם.gpx,מוכל-ב,,,,,17.3,124.6,0.981
הכלה,103,2021-09-17_געתון_יחיעם.gpx,474,2026-02-06_יחיעם_געתון_עין יעקב.gpx,מוכל-ב,,,,,28.8,293.8,0.925
הכלה,103,2021-09-17_געתון_יחיעם.gpx,113,2021-10-30_געתון_יחיעם.gpx,מוכל-ב,,,,,11,25,1
הכלה,103,2021-09-17_געתון_יחיעם.gpx,116,2021-11-05_געתון_יחיעם.gpx,מוכל-ב,,,,,13.1,25.1,1
הכלה,103,2021-09-17_געתון_יחיעם.gpx,185,2022-04-21_געתון_יחיעם.gpx,מוכל-ב,,,,,10.9,24.3,1
הכלה,103,2021-09-17_געתון_יחיעם.gpx,115,2021-11-03_געתון_יחיעם.gpx,מוכל-ב,,,,,12,24,1
הכלה,103,2021-09-17_געתון_יחיעם.gpx,160,2022-02-19_געתון_יחיעם.gpx,מוכל-ב,,,,,18.5,178.8,0.962
זהה,102,2021-09-16_געתון_יחיעם.gpx,233,2022-07-31_געתון_יחיעם.gpx,זהה,TRUE,1.4,5.2,5.1,9.4,22.1,1
חשוד,102,2021-09-16_געתון_יחיעם.gpx,139,2021-12-29_געתון_יחיעם.gpx,חשוד - לבדיקה ידנית,FALSE,2.8,4.8,3.3,38.5,230.1,0.85
חשוד,102,2021-09-16_געתון_יחיעם.gpx,151,2022-01-29_געתון_יחיעם.gpx,חשוד - לבדיקה ידנית,TRUE,2.8,4.9,4.9,39.1,229.8,0.817
חשוד,102,2021-09-16_געתון_יחיעם.gpx,131,2021-12-09_געתון_יחיעם.gpx,חשוד - לבדיקה ידנית,TRUE,2.1,7.4,4.9,40.2,231.7,0.817
חשוד,102,2021-09-16_געתון_יחיעם.gpx,152,2022-01-30_געתון_יחיעם.gpx,חשוד - לבדיקה ידנית,TRUE,2.5,1.4,3.4,38.8,228.4,0.833
חשוד,102,2021-09-16_געתון_יחיעם.gpx,177,2022-04-07_געתון_יחיעם.gpx,חשוד - לבדיקה ידנית,FALSE,2.1,19.1,3.4,40.6,227.1,0.833
חשוד,102,2021-09-16_געתון_יחיעם.gpx,173,2022-04-01_געתון_יחיעם.gpx,חשוד - לבדיקה ידנית,FALSE,2.6,7,4.9,41.3,229.1,0.833
חשוד,102,2021-09-16_געתון_יחיעם.gpx,254,2022-10-21_געתון_יחיעם.gpx,חשוד - לבדיקה ידנית,FALSE,3.1,4.9,2.9,42.9,226.2,0.833
חשוד,102,2021-09-16_געתון_יחיעם.gpx,236,2022-08-09_געתון_יחיעם.gpx,חשוד - לבדיקה ידנית,FALSE,4,2.8,3.9,120.7,918.9,0.817
חשוד,102,2021-09-16_געתון_יחיעם.gpx,175,2022-04-03_געתון_יחיעם.gpx,חשוד - לבדיקה ידנית,FALSE,2.5,5.6,6.7,41.3,225.2,0.833
חשוד,102,2021-09-16_געתון_יחיעם.gpx,234,2022-08-02_געתון_יחיעם.gpx,חשוד - לבדיקה ידנית,TRUE,3.9,3.2,10.9,18.3,214.2,0.95
חשוד,102,2021-09-16_געתון_יחיעם.gpx,137,2021-12-21_געתון_יחיעם.gpx,חשוד - לבדיקה ידנית,FALSE,3.3,12,4.7,39.1,229.7,0.833
חשוד,102,2021-09-16_געתון_יחיעם.gpx,180,2022-04-13_געתון_יחיעם.gpx,חשוד - לבדיקה ידנית,TRUE,1.7,8.4,68.8,40.7,226,0.833
חשוד,102,2021-09-16_געתון_יחיעם.gpx,188,2022-05-04_געתון_יחיעם.gpx,חשוד - לבדיקה ידנית,FALSE,2.5,7,7,39.9,222.6,0.833
חשוד,102,2021-09-16_געתון_יחיעם.gpx,345,2023-12-30_געתון_יחיעם_עין יעקב.gpx,חשוד - לבדיקה ידנית,FALSE,4,10.5,3.9,44.9,224.2,0.85
חשוד,102,2021-09-16_געתון_יחיעם.gpx,341,2023-11-20_געתון_עין יעקב.gpx,חשוד - לבדיקה ידנית,FALSE,2,358.8,0.9,46.8,230,0.8
חשוד,102,2021-09-16_געתון_יחיעם.gpx,142,2022-01-04_געתון_יחיעם.gpx,חשוד - לבדיקה ידנית,FALSE,1.2,5.5,13.2,41.8,228.6,0.833
חשוד,102,2021-09-16_געתון_יחיעם.gpx,154,2022-02-02_געתון_יחיעם.gpx,חשוד - לבדיקה ידנית,FALSE,2.9,5.9,6.2,39.2,224.1,0.85
חשוד,102,2021-09-16_געתון_יחיעם.gpx,145,2022-01-14_געתון_יחיעם.gpx,חשוד - לבדיקה ידנית,FALSE,2,3.6,3,39.4,230.2,0.833
חשוד,102,2021-09-16_געתון_יחיעם.gpx,261,2022-11-07_געתון_יחיעם_עין יעקב.gpx,חשוד - לבדיקה ידנית,TRUE,2,10.8,7.4,154.6,576.8,0.661
חשוד,102,2021-09-16_געתון_יחיעם.gpx,346,2023-12-31_געתון_יחיעם_עין יעקב.gpx,חשוד - לבדיקה ידנית,TRUE,4.3,16.6,49.1,46.7,231.9,0.833
חשוד,102,2021-09-16_געתון_יחיעם.gpx,124,2021-11-23_געתון_יחיעם.gpx,חשוד - לבדיקה ידנית,FALSE,2.1,4.8,5,39.8,225.6,0.833
חשוד,102,2021-09-16_געתון_יחיעם.gpx,146,2022-01-15_געתון_יחיעם.gpx,חשוד - לבדיקה ידנית,TRUE,2.4,4.3,1.5,38.5,229.4,0.833
חשוד,102,2021-09-16_געתון_יחיעם.gpx,189,2022-05-06_געתון_יחיעם.gpx,חשוד - לבדיקה ידנית,TRUE,2.6,3.7,0.4,40.5,230.3,0.817
חשוד,102,2021-09-16_געתון_יחיעם.gpx,179,2022-04-12_געתון_יחיעם.gpx,חשוד - לבדיקה ידנית,FALSE,2.5,7,2.6,38.9,220.6,0.85
חשוד,102,2021-09-16_געתון_יחיעם.gpx,194,2022-05-15_געתון_יחיעם.gpx,חשוד - לבדיקה ידנית,FALSE,2.5,5.6,3.5,40.6,233.1,0.817
חשוד,102,2021-09-16_געתון_יחיעם.gpx,157,2022-02-16_געתון_יחיעם.gpx,חשוד - לבדיקה ידנית,TRUE,2.6,2.5,1.4,39.9,229.9,0.833
חשוד,102,2021-09-16_געתון_יחיעם.gpx,164,2022-02-27_געתון_יחיעם.gpx,חשוד - לבדיקה ידנית,TRUE,2.5,7,2.8,41.7,225.1,0.833
חשוד,102,2021-09-16_געתון_יחיעם.gpx,150,2022-01-21_געתון_יחיעם.gpx,חשוד - לבדיקה ידנית,FALSE,2.6,3.3,4.8,40.2,230,0.833
חשוד,102,2021-09-16_געתון_יחיעם.gpx,344,2023-12-19_געתון_עין יעקב_יחיעם_1.gpx,חשוד - לבדיקה ידנית,TRUE,0.7,4,48.9,42.9,221,0.85
חשוד,102,2021-09-16_געתון_יחיעם.gpx,123,2021-11-22_געתון_יחיעם.gpx,חשוד - לבדיקה ידנית,FALSE,1.9,3.3,4.5,40.8,229.1,0.817
חשוד,102,2021-09-16_געתון_יחיעם.gpx,122,2021-11-19_געתון_יחיעם.gpx,חשוד - לבדיקה ידנית,FALSE,2.8,5.8,5.4,40.6,227.3,0.833
הכלה,102,2021-09-16_געתון_יחיעם.gpx,197,2022-05-20_געתון_כברי_לימן.gpx,מוכל-ב,,,,,22.2,226.6,0.95
הכלה,102,2021-09-16_געתון_יחיעם.gpx,483,2026-03-05_געתון_כברי.gpx,מוכל-ב,,,,,15.1,106.8,1
הכלה,102,2021-09-16_געתון_יחיעם.gpx,192,2022-05-12_געתון_יחיעם.gpx,מוכל-ב,,,,,20.8,225.4,0.95
הכלה,102,2021-09-16_געתון_יחיעם.gpx,356,2024-02-25_געתון_עין יעקב.gpx,מוכל-ב,,,,,16.7,121.9,0.983
הכלה,102,2021-09-16_געתון_יחיעם.gpx,263,2022-11-11_געתון_יחיעם.gpx,מוכל-ב,,,,,14,71.7,1
הכלה,102,2021-09-16_געתון_יחיעם.gpx,227,2022-07-15_געתון_כברי_לימן.gpx,מוכל-ב,,,,,16.7,137.1,0.983
הכלה,102,2021-09-16_געתון_יחיעם.gpx,241,2022-08-19_געתון_כברי_לימן.gpx,מוכל-ב,,,,,16.8,137.7,0.983
הכלה,102,2021-09-16_געתון_יחיעם.gpx,208,2022-06-09_געתון_יחיעם_עין יעקב.gpx,מוכל-ב,,,,,21,228.8,0.95
הכלה,102,2021-09-16_געתון_יחיעם.gpx,215,2022-06-21_געתון_יחיעם_עין יעקב.gpx,מוכל-ב,,,,,20.1,229.8,0.95
הכלה,102,2021-09-16_געתון_יחיעם.gpx,239,2022-08-14_געתון_כברי_לימן.gpx,מוכל-ב,,,,,13.2,140.4,0.983
הכלה,102,2021-09-16_געתון_יחיעם.gpx,363,2024-03-29_געתון_עין יעקב.gpx,מוכל-ב,,,,,13.8,110.3,1
הכלה,102,2021-09-16_געתון_יחיעם.gpx,360,2024-03-09_געתון_עין יעקב.gpx,מוכל-ב,,,,,25.2,211.8,0.967
הכלה,102,2021-09-16_געתון_יחיעם.gpx,626,יער הדובים השיירה סינגל בני.gpx,מוכל-ב,,,,,30.6,164.2,0.9
הכלה,102,2021-09-16_געתון_יחיעם.gpx,212,2022-06-16_געתון_יחיעם_עין יעקב.gpx,מוכל-ב,,,,,21.3,232.5,0.95
הכלה,102,2021-09-16_געתון_יחיעם.gpx,200,2022-05-27_געתון_כברי_לימן.gpx,מוכל-ב,,,,,17.8,226,0.967
הכלה,102,2021-09-16_געתון_יחיעם.gpx,206,2022-06-04_געתון_כברי_נהרייה.gpx,מוכל-ב,,,,,13.1,142,0.983
הכלה,102,2021-09-16_געתון_יחיעם.gpx,226,2022-07-11_געתון_כברי_כפר ראש הנקרה.gpx,מוכל-ב,,,,,12.5,140.1,0.983
הכלה,102,2021-09-16_געתון_יחיעם.gpx,195,2022-05-18_געתון_יחיעם.gpx,מוכל-ב,,,,,20.6,226.9,0.95
הכלה,102,2021-09-16_געתון_יחיעם.gpx,265,2022-11-18_געתון_יחיעם_עין יעקב.gpx,מוכל-ב,,,,,13.8,137.5,0.983
הכלה,102,2021-09-16_געתון_יחיעם.gpx,201,2022-05-29_געתון_כברי_לימן.gpx,מוכל-ב,,,,,21.7,210.2,0.95
הכלה,102,2021-09-16_געתון_יחיעם.gpx,277,2022-12-16_געתון_יחיעם_עין יעקב.gpx,מוכל-ב,,,,,11.8,23.7,1
זהה,101,2021-09-14_געתון_יחיעם.gpx,198,2022-05-25_געתון_יחיעם.gpx,זהה,FALSE,0.3,8.7,5.1,7.8,16.6,1
זהה,101,2021-09-14_געתון_יחיעם.gpx,283,2023-01-09_געתון_יחיעם.gpx,זהה,FALSE,1.3,3.5,5.5,6.4,22,1
זהה,101,2021-09-14_געתון_יחיעם.gpx,166,2022-03-01_געתון_יחיעם.gpx,זהה,TRUE,0.4,7.2,4.8,8.7,21.7,1
זהה,101,2021-09-14_געתון_יחיעם.gpx,223,2022-07-07_געתון_יחיעם.gpx,זהה,FALSE,0.1,11.3,10.7,9.1,18.1,1
זהה,101,2021-09-14_געתון_יחיעם.gpx,153,2022-02-01_געתון_יחיעם.gpx,זהה,TRUE,0.4,2.3,3.4,8.3,23.6,1
זהה,101,2021-09-14_געתון_יחיעם.gpx,187,2022-04-24_געתון_יחיעם.gpx,זהה,TRUE,0.5,6.6,5.2,8.2,17.8,1
זהה,101,2021-09-14_געתון_יחיעם.gpx,172,2022-03-25_געתון_יחיעם.gpx,זהה,FALSE,0.6,12.3,8.3,9.4,18.4,1
זהה,101,2021-09-14_געתון_יחיעם.gpx,202,2022-05-31_געתון_יחיעם.gpx,זהה,TRUE,0.2,9,6.8,6.5,18.4,1
חשוד,101,2021-09-14_געתון_יחיעם.gpx,340,2023-10-21_געתון_עין יעקב_1.gpx,חשוד - לבדיקה ידנית,TRUE,4.8,5.7,10.3,13.4,101.3,0.957
הכלה,101,2021-09-14_געתון_יחיעם.gpx,536,2026-07-07_עבדון_געתון_יערה.gpx,מוכל-ב,,,,,12.4,106.8,0.978
הכלה,101,2021-09-14_געתון_יחיעם.gpx,201,2022-05-29_געתון_כברי_לימן.gpx,מוכל-ב,,,,,13.8,97.5,1
הכלה,101,2021-09-14_געתון_יחיעם.gpx,221,2022-07-02_יחיעם_געתון_עין יעקב.gpx,מוכל-ב,,,,,15.6,101.8,0.978
הכלה,101,2021-09-14_געתון_יחיעם.gpx,551,2026-08-08_מנות_כברי_הילה.gpx,מוכל-ב,,,,,15,103.9,0.978
הכלה,101,2021-09-14_געתון_יחיעם.gpx,520,2026-06-06_געתון_בוסתן הגליל_נתיב השיירה.gpx,מוכל-ב,,,,,17.8,108.5,0.978
הכלה,101,2021-09-14_געתון_יחיעם.gpx,505,2026-05-13_עבדון_כברי_גורן.gpx,מוכל-ב,,,,,17.3,108.7,0.978
הכלה,101,2021-09-14_געתון_יחיעם.gpx,446,2025-09-20_געתון_יחיעם_עין יעקב.gpx,מוכל-ב,,,,,14.5,103.5,0.978
הכלה,101,2021-09-14_געתון_יחיעם.gpx,27,2013-07-13_געתון_מעיליא_נווה זיו.gpx,מוכל-ב,,,,,18.7,102.8,0.978
הכלה,101,2021-09-14_געתון_יחיעם.gpx,488,2026-03-18_געתון_כברי_גשר הזיו.gpx,מוכל-ב,,,,,15.7,104.4,0.978
הכלה,101,2021-09-14_געתון_יחיעם.gpx,199,2022-05-26_געתון_יחיעם.gpx,מוכל-ב,,,,,11.1,23.7,1
הכלה,101,2021-09-14_געתון_יחיעם.gpx,535,2026-07-04_מעיליא_מנות_הילה.gpx,מוכל-ב,,,,,11.8,106.4,0.978
הכלה,101,2021-09-14_געתון_יחיעם.gpx,557,2026-08-14_געתון_כברי.gpx,מוכל-ב,,,,,18,108.4,0.978
הכלה,101,2021-09-14_געתון_יחיעם.gpx,128,2021-12-04_געתון_מעיליא_מעונה.gpx,מוכל-ב,,,,,17.5,101.2,0.978
הכלה,101,2021-09-14_געתון_יחיעם.gpx,429,2025-03-02_געתון_עין יעקב_יחיעם.gpx,מוכל-ב,,,,,10.6,70.3,1
הכלה,101,2021-09-14_געתון_יחיעם.gpx,25,2013-07-10_עין יעקב_מעונה_געתון.gpx,מוכל-ב,,,,,17.5,105.6,0.978
הכלה,101,2021-09-14_געתון_יחיעם.gpx,278,2022-12-17_מנות_מעיליא_הילה.gpx,מוכל-ב,,,,,16.3,107.1,0.978
הכלה,101,2021-09-14_געתון_יחיעם.gpx,173,2022-04-01_געתון_יחיעם.gpx,מוכל-ב,,,,,9.9,20.8,1
הכלה,101,2021-09-14_געתון_יחיעם.gpx,139,2021-12-29_געתון_יחיעם.gpx,מוכל-ב,,,,,10.4,20,1
הכלה,101,2021-09-14_געתון_יחיעם.gpx,280,2022-12-23_געתון_כברי_לימן.gpx,מוכל-ב,,,,,12.7,105.2,0.978
הכלה,101,2021-09-14_געתון_יחיעם.gpx,102,2021-09-16_געתון_יחיעם.gpx,מוכל-ב,,,,,8.9,20.3,1
הכלה,101,2021-09-14_געתון_יחיעם.gpx,151,2022-01-29_געתון_יחיעם.gpx,מוכל-ב,,,,,9.2,21.5,1
הכלה,101,2021-09-14_געתון_יחיעם.gpx,160,2022-02-19_געתון_יחיעם.gpx,מוכל-ב,,,,,8.1,20.2,1
הכלה,101,2021-09-14_געתון_יחיעם.gpx,185,2022-04-21_געתון_יחיעם.gpx,מוכל-ב,,,,,6.3,21.2,1
הכלה,101,2021-09-14_געתון_יחיעם.gpx,159,2022-02-18_געתון_כברי_גשר הזיו.gpx,מוכל-ב,,,,,13,104.7,0.978
הכלה,101,2021-09-14_געתון_יחיעם.gpx,254,2022-10-21_געתון_יחיעם.gpx,מוכל-ב,,,,,10.7,67.1,1
הכלה,101,2021-09-14_געתון_יחיעם.gpx,275,2022-12-10_מנות_הילה_כברי.gpx,מוכל-ב,,,,,18,104,0.978
הכלה,101,2021-09-14_געתון_יחיעם.gpx,260,2022-11-04_מעיליא_געתון_מעונה.gpx,מוכל-ב,,,,,16.4,104.9,0.978
הכלה,101,2021-09-14_געתון_יחיעם.gpx,193,2022-05-14_מנות_געתון_מעיליא.gpx,מוכל-ב,,,,,16.8,108.3,0.978
הכלה,101,2021-09-14_געתון_יחיעם.gpx,479,2026-02-25_שבי ציון_נהרייה_כברי.gpx,מוכל-ב,,,,,11.6,108.2,0.978
הכלה,101,2021-09-14_געתון_יחיעם.gpx,257,2022-10-26_געתון_יחיעם.gpx,מוכל-ב,,,,,7.7,15.4,1
הכלה,101,2021-09-14_געתון_יחיעם.gpx,282,2022-12-30_געתון_כברי_לימן.gpx,מוכל-ב,,,,,12.9,107.8,0.978
הכלה,101,2021-09-14_געתון_יחיעם.gpx,36,2013-08-01_מעונה_עין יעקב_געתון.gpx,מוכל-ב,,,,,17.2,103.2,0.978
הכלה,101,2021-09-14_געתון_יחיעם.gpx,105,2021-09-21_מעיליא_געתון_מעונה.gpx,מוכל-ב,,,,,15.8,103,0.978
הכלה,101,2021-09-14_געתון_יחיעם.gpx,209,2022-06-11_מנות_מעיליא_כברי.gpx,מוכל-ב,,,,,16.4,109,0.978
הכלה,101,2021-09-14_געתון_יחיעם.gpx,152,2022-01-30_געתון_יחיעם.gpx,מוכל-ב,,,,,7.4,16,1
הכלה,101,2021-09-14_געתון_יחיעם.gpx,177,2022-04-07_געתון_יחיעם.gpx,מוכל-ב,,,,,8.8,32.3,1
הכלה,101,2021-09-14_געתון_יחיעם.gpx,175,2022-04-03_געתון_יחיעם.gpx,מוכל-ב,,,,,9.4,25.2,1
הכלה,101,2021-09-14_געתון_יחיעם.gpx,558,2026-08-14_געתון_כברי_מצובה.gpx,מוכל-ב,,,,,14.3,102.4,0.978
הכלה,101,2021-09-14_געתון_יחיעם.gpx,197,2022-05-20_געתון_כברי_לימן.gpx,מוכל-ב,,,,,13.8,103.2,0.978
הכלה,101,2021-09-14_געתון_יחיעם.gpx,28,2013-07-15_געתון_שבי ציון_גשר הזיו.gpx,מוכל-ב,,,,,18.7,109,0.978
הכלה,101,2021-09-14_געתון_יחיעם.gpx,234,2022-08-02_געתון_יחיעם.gpx,מוכל-ב,,,,,10.7,54.9,1
הכלה,101,2021-09-14_געתון_יחיעם.gpx,519,2026-06-06 געתון_רגבה_עכו.gpx,מוכל-ב,,,,,16.5,102.9,0.978
הכלה,101,2021-09-14_געתון_יחיעם.gpx,62,2013-09-18_געתון_מעיליא_מנות.gpx,מוכל-ב,,,,,16,105.4,0.978
הכלה,101,2021-09-14_געתון_יחיעם.gpx,68,2013-09-26_געתון_כפר ורדים_מנות.gpx,מוכל-ב,,,,,18.5,104.7,0.978
הכלה,101,2021-09-14_געתון_יחיעם.gpx,180,2022-04-13_געתון_יחיעם.gpx,מוכל-ב,,,,,11.2,25.2,1
הכלה,101,2021-09-14_געתון_יחיעם.gpx,91,2021-08-07_געתון_מעיליא_מעונה.gpx,מוכל-ב,,,,,18.1,103.3,0.978
הכלה,101,2021-09-14_געתון_יחיעם.gpx,534,2026-07-04 געתון_חרדלית_מנות_הילה_עין_זיו_חרדלית_געתון.gpx,מוכל-ב,,,,,16.3,105.5,0.978
הכלה,101,2021-09-14_געתון_יחיעם.gpx,540,2026-07-14_שבי ציון_געתון_נהרייה.gpx,מוכל-ב,,,,,18.6,105.3,0.978
הכלה,101,2021-09-14_געתון_יחיעם.gpx,439,2025-08-28_געתון_כברי_לימן.gpx,מוכל-ב,,,,,15.6,106.7,0.978
הכלה,101,2021-09-14_געתון_יחיעם.gpx,483,2026-03-05_געתון_כברי.gpx,מוכל-ב,,,,,18.3,77.7,1
הכלה,101,2021-09-14_געתון_יחיעם.gpx,40,2013-08-08_געתון_כברי.gpx,מוכל-ב,,,,,16.1,109.3,0.978
הכלה,101,2021-09-14_געתון_יחיעם.gpx,44,2013-08-16_געתון_שלומי_כפר ראש הנקרה.gpx,מוכל-ב,,,,,15.9,99,1
הכלה,101,2021-09-14_געתון_יחיעם.gpx,167,2022-03-04_געתון_כברי_יחיעם.gpx,מוכל-ב,,,,,9,20.3,1
הכלה,101,2021-09-14_געתון_יחיעם.gpx,161,2022-02-22_געתון_יחיעם.gpx,מוכל-ב,,,,,9.9,22.4,1
הכלה,101,2021-09-14_געתון_יחיעם.gpx,238,2022-08-13_מנות_הילה_מעיליא.gpx,מוכל-ב,,,,,17.9,105.1,0.978
הכלה,101,2021-09-14_געתון_יחיעם.gpx,253,2022-10-17_געתון_מעיליא_מעונה.gpx,מוכל-ב,,,,,16.2,102,0.978
הכלה,101,2021-09-14_געתון_יחיעם.gpx,72,2013-10-02_געתון_עין יעקב_מעיליא.gpx,מוכל-ב,,,,,16.5,103.3,0.978
הכלה,101,2021-09-14_געתון_יחיעם.gpx,42,2013-08-12_געתון_כברי_לימן.gpx,מוכל-ב,,,,,19.5,145.6,0.957
הכלה,101,2021-09-14_געתון_יחיעם.gpx,191,2022-05-11_געתון_יחיעם.gpx,מוכל-ב,,,,,9.9,19.7,1
הכלה,101,2021-09-14_געתון_יחיעם.gpx,448,2025-09-23_געתון_כברי_לימן.gpx,מוכל-ב,,,,,19.6,107,0.978
הכלה,101,2021-09-14_געתון_יחיעם.gpx,137,2021-12-21_געתון_יחיעם.gpx,מוכל-ב,,,,,6,17.9,1
הכלה,101,2021-09-14_געתון_יחיעם.gpx,99,2021-09-11_געתון_מעיליא_מעונה.gpx,מוכל-ב,,,,,17.4,109,0.978
הכלה,101,2021-09-14_געתון_יחיעם.gpx,188,2022-05-04_געתון_יחיעם.gpx,מוכל-ב,,,,,9.5,17.6,1
הכלה,101,2021-09-14_געתון_יחיעם.gpx,356,2024-02-25_געתון_עין יעקב.gpx,מוכל-ב,,,,,15.7,104.2,0.978
הכלה,101,2021-09-14_געתון_יחיעם.gpx,227,2022-07-15_געתון_כברי_לימן.gpx,מוכל-ב,,,,,14,102.5,0.978
הכלה,101,2021-09-14_געתון_יחיעם.gpx,345,2023-12-30_געתון_יחיעם_עין יעקב.gpx,מוכל-ב,,,,,15.7,103.3,0.978
הכלה,101,2021-09-14_געתון_יחיעם.gpx,243,2022-08-21_געתון_יחיעם.gpx,מוכל-ב,,,,,10.6,109.8,0.978
הכלה,101,2021-09-14_געתון_יחיעם.gpx,117,2021-11-06_מעיליא_געתון_מעונה.gpx,מוכל-ב,,,,,19.3,106.1,0.978
הכלה,101,2021-09-14_געתון_יחיעם.gpx,154,2022-02-02_געתון_יחיעם.gpx,מוכל-ב,,,,,12.1,22.7,1
הכלה,101,2021-09-14_געתון_יחיעם.gpx,341,2023-11-20_געתון_עין יעקב.gpx,מוכל-ב,,,,,16.7,112.6,0.957
הכלה,101,2021-09-14_געתון_יחיעם.gpx,192,2022-05-12_געתון_יחיעם.gpx,מוכל-ב,,,,,8.4,19,1
הכלה,101,2021-09-14_געתון_יחיעם.gpx,183,2022-04-16_מנות_הילה_מעיליא.gpx,מוכל-ב,,,,,16.7,112.5,0.978
הכלה,101,2021-09-14_געתון_יחיעם.gpx,241,2022-08-19_געתון_כברי_לימן.gpx,מוכל-ב,,,,,13.7,104.1,0.978
הכלה,101,2021-09-14_געתון_יחיעם.gpx,496,2026-04-16_עין יעקב_מעונה_געתון.gpx,מוכל-ב,,,,,16.3,104.7,0.978
הכלה,101,2021-09-14_געתון_יחיעם.gpx,138,2021-12-25_געתון_מעיליא_מעונה.gpx,מוכל-ב,,,,,17.1,107.7,0.978
הכלה,101,2021-09-14_געתון_יחיעם.gpx,145,2022-01-14_געתון_יחיעם.gpx,מוכל-ב,,,,,10.4,17.9,1
הכלה,101,2021-09-14_געתון_יחיעם.gpx,142,2022-01-04_געתון_יחיעם.gpx,מוכל-ב,,,,,9.6,24.3,1
הכלה,101,2021-09-14_געתון_יחיעם.gpx,284,2023-01-10_געתון_כברי_לימן.gpx,מוכל-ב,,,,,15.3,100.9,0.978
הכלה,101,2021-09-14_געתון_יחיעם.gpx,263,2022-11-11_געתון_יחיעם.gpx,מוכל-ב,,,,,12.1,70.4,1
הכלה,101,2021-09-14_געתון_יחיעם.gpx,23,2013-06-30_געתון_יחיעם_עין יעקב.gpx,מוכל-ב,,,,,13.1,103.4,0.978
הכלה,101,2021-09-14_געתון_יחיעם.gpx,224,2022-07-08_מנות_געתון_הילה.gpx,מוכל-ב,,,,,19.1,106.1,0.978
הכלה,101,2021-09-14_געתון_יחיעם.gpx,346,2023-12-31_געתון_יחיעם_עין יעקב.gpx,מוכל-ב,,,,,18,109.6,0.978
הכלה,101,2021-09-14_געתון_יחיעם.gpx,210,2022-06-12_געתון_יחיעם.gpx,מוכל-ב,,,,,8.5,18.2,1
הכלה,101,2021-09-14_געתון_יחיעם.gpx,281,2022-12-28_געתון_גשר הזיו_כברי.gpx,מוכל-ב,,,,,9.7,106,0.978
הכלה,101,2021-09-14_געתון_יחיעם.gpx,242,2022-08-20_געתון_מנות_מעיליא.gpx,מוכל-ב,,,,,18,104.2,0.978
הכלה,101,2021-09-14_געתון_יחיעם.gpx,124,2021-11-23_געתון_יחיעם.gpx,מוכל-ב,,,,,5.5,18.5,1
הכלה,101,2021-09-14_געתון_יחיעם.gpx,233,2022-07-31_געתון_יחיעם.gpx,מוכל-ב,,,,,8.3,19.4,1
הכלה,101,2021-09-14_געתון_יחיעם.gpx,143,2022-01-07_געתון_מעיליא_מעונה.gpx,מוכל-ב,,,,,16.6,107.3,0.978
הכלה,101,2021-09-14_געתון_יחיעם.gpx,484,2026-03-06_עין יעקב_געתון_כברי.gpx,מוכל-ב,,,,,24.2,103.7,0.978
הכלה,101,2021-09-14_געתון_יחיעם.gpx,208,2022-06-09_געתון_יחיעם_עין יעקב.gpx,מוכל-ב,,,,,9.6,15.6,1
הכלה,101,2021-09-14_געתון_יחיעם.gpx,215,2022-06-21_געתון_יחיעם_עין יעקב.gpx,מוכל-ב,,,,,8.9,20.8,1
הכלה,101,2021-09-14_געתון_יחיעם.gpx,232,2022-07-23_געתון_נווה זיו.gpx,מוכל-ב,,,,,13.6,98.5,1
הכלה,101,2021-09-14_געתון_יחיעם.gpx,442,2025-09-08_געתון_יחיעם_כברי.gpx,מוכל-ב,,,,,11.6,101.2,0.978
הכלה,101,2021-09-14_געתון_יחיעם.gpx,482,2026-02-28_געתון_כברי.gpx,מוכל-ב,,,,,15.2,96.4,1
הכלה,101,2021-09-14_געתון_יחיעם.gpx,35,2013-07-30_מעונה_עין יעקב_געתון.gpx,מוכל-ב,,,,,16.1,100.2,0.978
הכלה,101,2021-09-14_געתון_יחיעם.gpx,48,2013-08-24_מזרעה_שבי ציון_געתון.gpx,מוכל-ב,,,,,17.5,106.1,0.978
הכלה,101,2021-09-14_געתון_יחיעם.gpx,348,2024-01-03_געתון_יחיעם_עין יעקב_1.gpx,מוכל-ב,,,,,13,76.7,1
הכלה,101,2021-09-14_געתון_יחיעם.gpx,165,2022-02-28_געתון_כברי_לימן.gpx,מוכל-ב,,,,,13.1,105.4,0.978
הכלה,101,2021-09-14_געתון_יחיעם.gpx,266,2022-11-19_מעיליא_געתון_מעונה.gpx,מוכל-ב,,,,,16.4,120.6,0.978
הכלה,101,2021-09-14_געתון_יחיעם.gpx,256,2022-10-24_געתון_יחיעם.gpx,מוכל-ב,,,,,11.9,24,1
הכלה,101,2021-09-14_געתון_יחיעם.gpx,626,יער הדובים השיירה סינגל בני.gpx,מוכל-ב,,,,,14.7,71.5,1
הכלה,101,2021-09-14_געתון_יחיעם.gpx,146,2022-01-15_געתון_יחיעם.gpx,מוכל-ב,,,,,7.9,15.1,1
הכלה,101,2021-09-14_געתון_יחיעם.gpx,50,2013-08-28_געתון_יחיעם_עין יעקב.gpx,מוכל-ב,,,,,18.5,108.2,0.957
הכלה,101,2021-09-14_געתון_יחיעם.gpx,443,2025-09-10_געתון_יחיעם_כברי.gpx,מוכל-ב,,,,,11.1,104.7,0.978
הכלה,101,2021-09-14_געתון_יחיעם.gpx,347,2024-01-03_געתון_יחיעם_עין יעקב.gpx,מוכל-ב,,,,,14.9,103.3,0.978
הכלה,101,2021-09-14_געתון_יחיעם.gpx,92,2021-09-03_געתון_מעיליא_מעונה.gpx,מוכל-ב,,,,,17.6,105.5,0.978
הכלה,101,2021-09-14_געתון_יחיעם.gpx,189,2022-05-06_געתון_יחיעם.gpx,מוכל-ב,,,,,9.6,20.9,1
הכלה,101,2021-09-14_געתון_יחיעם.gpx,93,2021-09-04_געתון_מעיליא_מעונה.gpx,מוכל-ב,,,,,18.5,105.7,0.978
הכלה,101,2021-09-14_געתון_יחיעם.gpx,67,2013-09-25_געתון_עין יעקב_מעיליא.gpx,מוכל-ב,,,,,17.3,104,0.978
הכלה,101,2021-09-14_געתון_יחיעם.gpx,475,2026-02-07_מעיליא_מנות_הילה.gpx,מוכל-ב,,,,,16.4,104.5,0.978
הכלה,101,2021-09-14_געתון_יחיעם.gpx,179,2022-04-12_געתון_יחיעם.gpx,מוכל-ב,,,,,10.1,22.1,1
הכלה,101,2021-09-14_געתון_יחיעם.gpx,140,2021-12-31_געתון_מעיליא_מעונה.gpx,מוכל-ב,,,,,16.8,107.2,0.978
הכלה,101,2021-09-14_געתון_יחיעם.gpx,239,2022-08-14_געתון_כברי_לימן.gpx,מוכל-ב,,,,,11.6,104.9,0.978
הכלה,101,2021-09-14_געתון_יחיעם.gpx,60,2013-09-13_עין יעקב_מעיליא_מנות.gpx,מוכל-ב,,,,,19.7,101.8,0.978
הכלה,101,2021-09-14_געתון_יחיעם.gpx,212,2022-06-16_געתון_יחיעם_עין יעקב.gpx,מוכל-ב,,,,,8.3,23.5,1
הכלה,101,2021-09-14_געתון_יחיעם.gpx,363,2024-03-29_געתון_עין יעקב.gpx,מוכל-ב,,,,,16.1,105.1,0.957
הכלה,101,2021-09-14_געתון_יחיעם.gpx,200,2022-05-27_געתון_כברי_לימן.gpx,מוכל-ב,,,,,8.6,16.3,1
הכלה,101,2021-09-14_געתון_יחיעם.gpx,57,2013-09-08_געתון_יחיעם_עין יעקב.gpx,מוכל-ב,,,,,14.1,100.2,0.978
הכלה,101,2021-09-14_געתון_יחיעם.gpx,230,2022-07-19_כברי_געתון_לימן.gpx,מוכל-ב,,,,,17.4,94.5,1
הכלה,101,2021-09-14_געתון_יחיעם.gpx,360,2024-03-09_געתון_עין יעקב.gpx,מוכל-ב,,,,,14.9,110.9,0.978
הכלה,101,2021-09-14_געתון_יחיעם.gpx,74,2013-10-06_מעונה_עין יעקב_געתון.gpx,מוכל-ב,,,,,17.3,106.1,0.978
הכלה,101,2021-09-14_געתון_יחיעם.gpx,61,2013-09-14_עין המפרץ_געתון_מזרעה.gpx,מוכל-ב,,,,,16.3,83.7,1
הכלה,101,2021-09-14_געתון_יחיעם.gpx,453,2025-10-02_געתון_כברי_גשר הזיו.gpx,מוכל-ב,,,,,13.7,106.4,0.978
הכלה,101,2021-09-14_געתון_יחיעם.gpx,355,2024-02-23_געתון_עין יעקב.gpx,מוכל-ב,,,,,12.1,101,0.978
הכלה,101,2021-09-14_געתון_יחיעם.gpx,455,2025-10-11_געתון_יחיעם_כברי.gpx,מוכל-ב,,,,,14.9,104.2,0.978
הכלה,101,2021-09-14_געתון_יחיעם.gpx,196,2022-05-19_געתון_מעונה_עין יעקב.gpx,מוכל-ב,,,,,15.7,104.7,0.978
הכלה,101,2021-09-14_געתון_יחיעם.gpx,452,2025-10-01_שבי ציון_כברי_נהרייה.gpx,מוכל-ב,,,,,15.5,107.3,0.978
הכלה,101,2021-09-14_געתון_יחיעם.gpx,211,2022-06-15_געתון_כברי_לימן.gpx,מוכל-ב,,,,,12.4,106.8,0.978
הכלה,101,2021-09-14_געתון_יחיעם.gpx,502,2026-05-07_געתון_כברי_לימן.gpx,מוכל-ב,,,,,15.5,104.7,0.978
הכלה,101,2021-09-14_געתון_יחיעם.gpx,52,2013-08-30_מעונה_עין יעקב_געתון.gpx,מוכל-ב,,,,,17,103.5,0.978
הכלה,101,2021-09-14_געתון_יחיעם.gpx,490,2026-03-25_געתון_גשר הזיו_כברי.gpx,מוכל-ב,,,,,13.8,101.3,0.978
הכלה,101,2021-09-14_געתון_יחיעם.gpx,107,2021-09-25_מעיליא_געתון_מעונה.gpx,מוכל-ב,,,,,17.4,106.9,0.978
הכלה,101,2021-09-14_געתון_יחיעם.gpx,259,2022-10-29_געתון_מעיליא_מעונה.gpx,מוכל-ב,,,,,17.3,112.5,0.957
הכלה,101,2021-09-14_געתון_יחיעם.gpx,108,2021-09-26_געתון_יחיעם.gpx,מוכל-ב,,,,,9.7,18.1,1
הכלה,101,2021-09-14_געתון_יחיעם.gpx,156,2022-02-11_געתון_כברי_לימן.gpx,מוכל-ב,,,,,13,108.6,0.978
הכלה,101,2021-09-14_געתון_יחיעם.gpx,194,2022-05-15_געתון_יחיעם.gpx,מוכל-ב,,,,,8.6,17.5,1
הכלה,101,2021-09-14_געתון_יחיעם.gpx,174,2022-04-02_געתון_מעיליא_נווה זיו.gpx,מוכל-ב,,,,,15.9,109.7,0.978
הכלה,101,2021-09-14_געתון_יחיעם.gpx,447,2025-09-22_שבי ציון_כברי_נהרייה.gpx,מוכל-ב,,,,,19.9,111.1,0.978
הכלה,101,2021-09-14_געתון_יחיעם.gpx,164,2022-02-27_געתון_יחיעם.gpx,מוכל-ב,,,,,9.3,24.7,1
הכלה,101,2021-09-14_געתון_יחיעם.gpx,206,2022-06-04_געתון_כברי_נהרייה.gpx,מוכל-ב,,,,,14.9,106.1,0.978
הכלה,101,2021-09-14_געתון_יחיעם.gpx,56,2013-09-07_געתון_מעונה_גשר הזיו.gpx,מוכל-ב,,,,,14.3,98.5,1
הכלה,101,2021-09-14_געתון_יחיעם.gpx,262,2022-11-09_געתון_יחיעם.gpx,מוכל-ב,,,,,11.2,24.6,1
הכלה,101,2021-09-14_געתון_יחיעם.gpx,226,2022-07-11_געתון_כברי_כפר ראש הנקרה.gpx,מוכל-ב,,,,,15.8,104.9,0.978
הכלה,101,2021-09-14_געתון_יחיעם.gpx,270,2022-12-03_מנות_הילה_מעיליא.gpx,מוכל-ב,,,,,16.3,115.1,0.978
הכלה,101,2021-09-14_געתון_יחיעם.gpx,497,2026-04-20_כברי_געתון_גשר הזיו.gpx,מוכל-ב,,,,,12.7,108.4,0.978
הכלה,101,2021-09-14_געתון_יחיעם.gpx,157,2022-02-16_געתון_יחיעם.gpx,מוכל-ב,,,,,9.7,24,1
הכלה,101,2021-09-14_געתון_יחיעם.gpx,286,2023-01-18_געתון_כברי_גשר הזיו.gpx,מוכל-ב,,,,,9.6,24.6,1
הכלה,101,2021-09-14_געתון_יחיעם.gpx,29,2013-07-19_עין יעקב_מעונה_מנות.gpx,מוכל-ב,,,,,17.3,103.6,0.978
הכלה,101,2021-09-14_געתון_יחיעם.gpx,43,2013-08-14_געתון_מעונה_עין יעקב.gpx,מוכל-ב,,,,,15.7,101.1,0.978
הכלה,101,2021-09-14_געתון_יחיעם.gpx,24,2013-07-08_עין יעקב_מעונה_געתון.gpx,מוכל-ב,,,,,17.6,101.1,0.978
הכלה,101,2021-09-14_געתון_יחיעם.gpx,70,2013-09-28_עין יעקב_מזרעה_שבי ציון.gpx,מוכל-ב,,,,,23.3,107.8,0.957
הכלה,101,2021-09-14_געתון_יחיעם.gpx,34,2013-07-27_געתון_כברי_מנות.gpx,מוכל-ב,,,,,19.3,82.5,1
הכלה,101,2021-09-14_געתון_יחיעם.gpx,123,2021-11-22_געתון_יחיעם.gpx,מוכל-ב,,,,,7.5,16,1
הכלה,101,2021-09-14_געתון_יחיעם.gpx,125,2021-11-27_מעיליא_געתון_נווה זיו.gpx,מוכל-ב,,,,,15.1,104.3,0.978
הכלה,101,2021-09-14_געתון_יחיעם.gpx,550,2026-08-08_געתון_כברי_מנות.gpx,מוכל-ב,,,,,16.5,104.6,0.978
הכלה,101,2021-09-14_געתון_יחיעם.gpx,214,2022-06-19_געתון_כברי_לימן.gpx,מוכל-ב,,,,,13.5,101.9,0.978
הכלה,101,2021-09-14_געתון_יחיעם.gpx,195,2022-05-18_געתון_יחיעם.gpx,מוכל-ב,,,,,8,22,1
הכלה,101,2021-09-14_געתון_יחיעם.gpx,122,2021-11-19_געתון_יחיעם.gpx,מוכל-ב,,,,,10.8,19.7,1
הכלה,101,2021-09-14_געתון_יחיעם.gpx,26,2013-07-12_געתון_שלומי_כפר ראש הנקרה.gpx,מוכל-ב,,,,,17.8,111.1,0.978
הכלה,101,2021-09-14_געתון_יחיעם.gpx,265,2022-11-18_געתון_יחיעם_עין יעקב.gpx,מוכל-ב,,,,,13.7,103,0.978
הכלה,101,2021-09-14_געתון_יחיעם.gpx,541,2026-07-14_שבי ציון_כברי_נהרייה.gpx,מוכל-ב,,,,,16.9,108.2,0.978
הכלה,101,2021-09-14_געתון_יחיעם.gpx,528,2026-06-24 געתון_נהריה_ראש-הנקרה_נהריה_געתון.gpx,מוכל-ב,,,,,15.2,104.4,0.978
הכלה,101,2021-09-14_געתון_יחיעם.gpx,277,2022-12-16_געתון_יחיעם_עין יעקב.gpx,מוכל-ב,,,,,10.2,23.5,1
הכלה,101,2021-09-14_געתון_יחיעם.gpx,150,2022-01-21_געתון_יחיעם.gpx,מוכל-ב,,,,,8.1,23,1
הכלה,101,2021-09-14_געתון_יחיעם.gpx,71,2013-10-01_געתון_עין יעקב.gpx,מוכל-ב,,,,,12.4,98.9,1
הכלה,101,2021-09-14_געתון_יחיעם.gpx,162,2022-02-23_געתון_יחיעם.gpx,מוכל-ב,,,,,7.8,20.9,1
הכלה,101,2021-09-14_געתון_יחיעם.gpx,255,2022-10-23_געתון_יחיעם.gpx,מוכל-ב,,,,,8.9,17.2,1
הכלה,101,2021-09-14_געתון_יחיעם.gpx,344,2023-12-19_געתון_עין יעקב_יחיעם_1.gpx,מוכל-ב,,,,,15.2,78.1,1
הכלה,101,2021-09-14_געתון_יחיעם.gpx,492,2026-04-08_געתון_כברי_גשר הזיו.gpx,מוכל-ב,,,,,11.8,105.5,0.978
הכלה,101,2021-09-14_געתון_יחיעם.gpx,543,2026-07-19_עין יעקב_מנות_עבדון.gpx,מוכל-ב,,,,,16.3,105.1,0.978
הכלה,101,2021-09-14_געתון_יחיעם.gpx,216,2022-06-24_מנות_מעיליא_כברי.gpx,מוכל-ב,,,,,17.6,111.2,0.978
הכלה,101,2021-09-14_געתון_יחיעם.gpx,32,2013-07-25_געתון_שלומי_כברי.gpx,מוכל-ב,,,,,18.8,111.9,0.978
הכלה,101,2021-09-14_געתון_יחיעם.gpx,228,2022-07-16_מנות_געתון_מעיליא.gpx,מוכל-ב,,,,,17,105.3,0.978
הכלה,101,2021-09-14_געתון_יחיעם.gpx,131,2021-12-09_געתון_יחיעם.gpx,מוכל-ב,,,,,9.2,19.2,1
זהה,100,2021-09-12_געתון_יחיעם.gpx,153,2022-02-01_געתון_יחיעם.gpx,זהה,FALSE,1,3.4,1.7,11.1,24.4,1
זהה,100,2021-09-12_געתון_יחיעם.gpx,187,2022-04-24_געתון_יחיעם.gpx,זהה,TRUE,1.9,4.8,3,12.5,24.8,1
זהה,100,2021-09-12_געתון_יחיעם.gpx,202,2022-05-31_געתון_יחיעם.gpx,זהה,FALSE,1.5,3.4,7.7,11.1,23.2,1
זהה,100,2021-09-12_געתון_יחיעם.gpx,172,2022-03-25_געתון_יחיעם.gpx,זהה,FALSE,1.9,10.5,7.7,11.6,23.9,1
זהה,100,2021-09-12_געתון_יחיעם.gpx,283,2023-01-09_געתון_יחיעם.gpx,זהה,TRUE,2.7,5.3,3.4,11.9,23.1,1
זהה,100,2021-09-12_געתון_יחיעם.gpx,198,2022-05-25_געתון_יחיעם.gpx,זהה,FALSE,1.7,6.9,5.9,12.2,21.5,1
זהה,100,2021-09-12_געתון_יחיעם.gpx,166,2022-03-01_געתון_יחיעם.gpx,זהה,FALSE,1,1.3,6.1,10.7,25.3,1
זהה,100,2021-09-12_געתון_יחיעם.gpx,101,2021-09-14_געתון_יחיעם.gpx,זהה,FALSE,1.4,1.9,2.5,11,19.9,1
זהה,100,2021-09-12_געתון_יחיעם.gpx,223,2022-07-07_געתון_יחיעם.gpx,זהה,FALSE,1.5,9.5,8.2,12.4,23.3,1
חשוד,100,2021-09-12_געתון_יחיעם.gpx,340,2023-10-21_געתון_עין יעקב_1.gpx,חשוד - לבדיקה ידנית,TRUE,3.5,4.8,8.7,11.6,99.3,1
הכלה,100,2021-09-12_געתון_יחיעם.gpx,452,2025-10-01_שבי ציון_כברי_נהרייה.gpx,מוכל-ב,,,,,17.1,127.4,0.979
הכלה,100,2021-09-12_געתון_יחיעם.gpx,157,2022-02-16_געתון_יחיעם.gpx,מוכל-ב,,,,,12.5,26.8,1
הכלה,100,2021-09-12_געתון_יחיעם.gpx,211,2022-06-15_געתון_כברי_לימן.gpx,מוכל-ב,,,,,12.7,125.8,0.979
הכלה,100,2021-09-12_געתון_יחיעם.gpx,502,2026-05-07_געתון_כברי_לימן.gpx,מוכל-ב,,,,,20.4,123.1,0.979
הכלה,100,2021-09-12_געתון_יחיעם.gpx,56,2013-09-07_געתון_מעונה_גשר הזיו.gpx,מוכל-ב,,,,,9.7,120.3,0.979
הכלה,100,2021-09-12_געתון_יחיעם.gpx,490,2026-03-25_געתון_גשר הזיו_כברי.gpx,מוכל-ב,,,,,11.8,121.6,0.979
הכלה,100,2021-09-12_געתון_יחיעם.gpx,259,2022-10-29_געתון_מעיליא_מעונה.gpx,מוכל-ב,,,,,22.9,136.2,0.979
הכלה,100,2021-09-12_געתון_יחיעם.gpx,108,2021-09-26_געתון_יחיעם.gpx,מוכל-ב,,,,,7.4,22.3,1
הכלה,100,2021-09-12_געתון_יחיעם.gpx,156,2022-02-11_געתון_כברי_לימן.gpx,מוכל-ב,,,,,13,127.8,0.979
הכלה,100,2021-09-12_געתון_יחיעם.gpx,174,2022-04-02_געתון_מעיליא_נווה זיו.gpx,מוכל-ב,,,,,21.2,129.1,0.979
הכלה,100,2021-09-12_געתון_יחיעם.gpx,447,2025-09-22_שבי ציון_כברי_נהרייה.gpx,מוכל-ב,,,,,18,130.9,0.979
הכלה,100,2021-09-12_געתון_יחיעם.gpx,125,2021-11-27_מעיליא_געתון_נווה זיו.gpx,מוכל-ב,,,,,17.1,123.5,0.979
הכלה,100,2021-09-12_געתון_יחיעם.gpx,164,2022-02-27_געתון_יחיעם.gpx,מוכל-ב,,,,,10.5,28.8,1
הכלה,100,2021-09-12_געתון_יחיעם.gpx,206,2022-06-04_געתון_כברי_נהרייה.gpx,מוכל-ב,,,,,9.2,126.6,0.979
הכלה,100,2021-09-12_געתון_יחיעם.gpx,262,2022-11-09_געתון_יחיעם.gpx,מוכל-ב,,,,,15.8,25,1
הכלה,100,2021-09-12_געתון_יחיעם.gpx,226,2022-07-11_געתון_כברי_כפר ראש הנקרה.gpx,מוכל-ב,,,,,15.6,124.4,0.979
הכלה,100,2021-09-12_געתון_יחיעם.gpx,550,2026-08-08_געתון_כברי_מנות.gpx,מוכל-ב,,,,,21.6,125.4,0.979
הכלה,100,2021-09-12_געתון_יחיעם.gpx,270,2022-12-03_מנות_הילה_מעיליא.gpx,מוכל-ב,,,,,21.6,134.5,0.979
הכלה,100,2021-09-12_געתון_יחיעם.gpx,43,2013-08-14_געתון_מעונה_עין יעקב.gpx,מוכל-ב,,,,,18.9,121.9,0.979
הכלה,100,2021-09-12_געתון_יחיעם.gpx,497,2026-04-20_כברי_געתון_גשר הזיו.gpx,מוכל-ב,,,,,16.4,126.5,0.979
הכלה,100,2021-09-12_געתון_יחיעם.gpx,24,2013-07-08_עין יעקב_מעונה_געתון.gpx,מוכל-ב,,,,,20.5,118.2,0.979
הכלה,100,2021-09-12_געתון_יחיעם.gpx,528,2026-06-24 געתון_נהריה_ראש-הנקרה_נהריה_געתון.gpx,מוכל-ב,,,,,16.6,120.8,0.979
הכלה,100,2021-09-12_געתון_יחיעם.gpx,150,2022-01-21_געתון_יחיעם.gpx,מוכל-ב,,,,,10.3,31.1,1
הכלה,100,2021-09-12_געתון_יחיעם.gpx,286,2023-01-18_געתון_כברי_גשר הזיו.gpx,מוכל-ב,,,,,15.4,23.6,1
הכלה,100,2021-09-12_געתון_יחיעם.gpx,344,2023-12-19_געתון_עין יעקב_יחיעם_1.gpx,מוכל-ב,,,,,9.8,59.6,1
הכלה,100,2021-09-12_געתון_יחיעם.gpx,123,2021-11-22_געתון_יחיעם.gpx,מוכל-ב,,,,,14.5,23.1,1
הכלה,100,2021-09-12_געתון_יחיעם.gpx,26,2013-07-12_געתון_שלומי_כפר ראש הנקרה.gpx,מוכל-ב,,,,,21.7,130.8,0.979
הכלה,100,2021-09-12_געתון_יחיעם.gpx,216,2022-06-24_מנות_מעיליא_כברי.gpx,מוכל-ב,,,,,20.5,129.3,0.979
הכלה,100,2021-09-12_געתון_יחיעם.gpx,71,2013-10-01_געתון_עין יעקב.gpx,מוכל-ב,,,,,11.7,118.8,0.979
הכלה,100,2021-09-12_געתון_יחיעם.gpx,214,2022-06-19_געתון_כברי_לימן.gpx,מוכל-ב,,,,,14.8,120.6,0.979
הכלה,100,2021-09-12_געתון_יחיעם.gpx,195,2022-05-18_געתון_יחיעם.gpx,מוכל-ב,,,,,13.5,24.3,1
הכלה,100,2021-09-12_געתון_יחיעם.gpx,122,2021-11-19_געתון_יחיעם.gpx,מוכל-ב,,,,,16.2,24,1
הכלה,100,2021-09-12_געתון_יחיעם.gpx,265,2022-11-18_געתון_יחיעם_עין יעקב.gpx,מוכל-ב,,,,,16.4,121.7,0.979
הכלה,100,2021-09-12_געתון_יחיעם.gpx,536,2026-07-07_עבדון_געתון_יערה.gpx,מוכל-ב,,,,,14.2,125.9,0.979
הכלה,100,2021-09-12_געתון_יחיעם.gpx,551,2026-08-08_מנות_כברי_הילה.gpx,מוכל-ב,,,,,16.7,122,0.979
הכלה,100,2021-09-12_געתון_יחיעם.gpx,541,2026-07-14_שבי ציון_כברי_נהרייה.gpx,מוכל-ב,,,,,21.1,128,0.979
הכלה,100,2021-09-12_געתון_יחיעם.gpx,25,2013-07-10_עין יעקב_מעונה_געתון.gpx,מוכל-ב,,,,,11,125.3,0.979
הכלה,100,2021-09-12_געתון_יחיעם.gpx,277,2022-12-16_געתון_יחיעם_עין יעקב.gpx,מוכל-ב,,,,,11.2,24.9,1
הכלה,100,2021-09-12_געתון_יחיעם.gpx,162,2022-02-23_געתון_יחיעם.gpx,מוכל-ב,,,,,12.7,24.7,1
הכלה,100,2021-09-12_געתון_יחיעם.gpx,255,2022-10-23_געתון_יחיעם.gpx,מוכל-ב,,,,,6.9,22.5,1
הכלה,100,2021-09-12_געתון_יחיעם.gpx,199,2022-05-26_געתון_יחיעם.gpx,מוכל-ב,,,,,9.5,23.3,1
הכלה,100,2021-09-12_געתון_יחיעם.gpx,535,2026-07-04_מעיליא_מנות_הילה.gpx,מוכל-ב,,,,,11.3,126.4,0.979
הכלה,100,2021-09-12_געתון_יחיעם.gpx,32,2013-07-25_געתון_שלומי_כברי.gpx,מוכל-ב,,,,,13.4,130.1,0.979
הכלה,100,2021-09-12_געתון_יחיעם.gpx,492,2026-04-08_געתון_כברי_גשר הזיו.gpx,מוכל-ב,,,,,11.1,123.3,0.979
הכלה,100,2021-09-12_געתון_יחיעם.gpx,139,2021-12-29_געתון_יחיעם.gpx,מוכל-ב,,,,,11.9,19.3,1
הכלה,100,2021-09-12_געתון_יחיעם.gpx,543,2026-07-19_עין יעקב_מנות_עבדון.gpx,מוכל-ב,,,,,20.4,123.5,0.979
הכלה,100,2021-09-12_געתון_יחיעם.gpx,102,2021-09-16_געתון_יחיעם.gpx,מוכל-ב,,,,,9.9,23.6,1
הכלה,100,2021-09-12_געתון_יחיעם.gpx,151,2022-01-29_געתון_יחיעם.gpx,מוכל-ב,,,,,11.2,20.5,1
הכלה,100,2021-09-12_געתון_יחיעם.gpx,27,2013-07-13_געתון_מעיליא_נווה זיו.gpx,מוכל-ב,,,,,21.1,121.2,0.979
הכלה,100,2021-09-12_געתון_יחיעם.gpx,36,2013-08-01_מעונה_עין יעקב_געתון.gpx,מוכל-ב,,,,,18.2,97,1
הכלה,100,2021-09-12_געתון_יחיעם.gpx,228,2022-07-16_מנות_געתון_מעיליא.gpx,מוכל-ב,,,,,20.7,124.5,0.979
הכלה,100,2021-09-12_געתון_יחיעם.gpx,131,2021-12-09_געתון_יחיעם.gpx,מוכל-ב,,,,,16.1,22.8,1
הכלה,100,2021-09-12_געתון_יחיעם.gpx,201,2022-05-29_געתון_כברי_לימן.gpx,מוכל-ב,,,,,17.9,117.5,0.979
הכלה,100,2021-09-12_געתון_יחיעם.gpx,221,2022-07-02_יחיעם_געתון_עין יעקב.gpx,מוכל-ב,,,,,16.1,97.1,1
הכלה,100,2021-09-12_געתון_יחיעם.gpx,520,2026-06-06_געתון_בוסתן הגליל_נתיב השיירה.gpx,מוכל-ב,,,,,11.5,128.1,0.979
הכלה,100,2021-09-12_געתון_יחיעם.gpx,505,2026-05-13_עבדון_כברי_גורן.gpx,מוכל-ב,,,,,21,127.6,0.979
הכלה,100,2021-09-12_געתון_יחיעם.gpx,446,2025-09-20_געתון_יחיעם_עין יעקב.gpx,מוכל-ב,,,,,12.5,120.4,0.979
הכלה,100,2021-09-12_געתון_יחיעם.gpx,282,2022-12-30_געתון_כברי_לימן.gpx,מוכל-ב,,,,,16.3,126.8,0.979
הכלה,100,2021-09-12_געתון_יחיעם.gpx,152,2022-01-30_געתון_יחיעם.gpx,מוכל-ב,,,,,10.9,24.8,1
הכלה,100,2021-09-12_געתון_יחיעם.gpx,488,2026-03-18_געתון_כברי_גשר הזיו.gpx,מוכל-ב,,,,,9.6,125.1,0.979
הכלה,100,2021-09-12_געתון_יחיעם.gpx,557,2026-08-14_געתון_כברי.gpx,מוכל-ב,,,,,12.6,128.4,0.979
הכלה,100,2021-09-12_געתון_יחיעם.gpx,128,2021-12-04_געתון_מעיליא_מעונה.gpx,מוכל-ב,,,,,20,120.5,0.979
הכלה,100,2021-09-12_געתון_יחיעם.gpx,429,2025-03-02_געתון_עין יעקב_יחיעם.gpx,מוכל-ב,,,,,10.9,59.2,1
הכלה,100,2021-09-12_געתון_יחיעם.gpx,278,2022-12-17_מנות_מעיליא_הילה.gpx,מוכל-ב,,,,,21.1,127,0.979
הכלה,100,2021-09-12_געתון_יחיעם.gpx,173,2022-04-01_געתון_יחיעם.gpx,מוכל-ב,,,,,6,26.1,1
הכלה,100,2021-09-12_געתון_יחיעם.gpx,62,2013-09-18_געתון_מעיליא_מנות.gpx,מוכל-ב,,,,,18,124.8,0.979
הכלה,100,2021-09-12_געתון_יחיעם.gpx,280,2022-12-23_געתון_כברי_לימן.gpx,מוכל-ב,,,,,12.1,124.1,0.979
הכלה,100,2021-09-12_געתון_יחיעם.gpx,558,2026-08-14_געתון_כברי_מצובה.gpx,מוכל-ב,,,,,11.1,123.4,0.979
הכלה,100,2021-09-12_געתון_יחיעם.gpx,160,2022-02-19_געתון_יחיעם.gpx,מוכל-ב,,,,,5.9,31.5,1
הכלה,100,2021-09-12_געתון_יחיעם.gpx,185,2022-04-21_געתון_יחיעם.gpx,מוכל-ב,,,,,9.9,34.3,1
הכלה,100,2021-09-12_געתון_יחיעם.gpx,159,2022-02-18_געתון_כברי_גשר הזיו.gpx,מוכל-ב,,,,,13.6,124.4,0.979
הכלה,100,2021-09-12_געתון_יחיעם.gpx,254,2022-10-21_געתון_יחיעם.gpx,מוכל-ב,,,,,11.2,55.8,1
הכלה,100,2021-09-12_געתון_יחיעם.gpx,275,2022-12-10_מנות_הילה_כברי.gpx,מוכל-ב,,,,,19.7,124,0.979
הכלה,100,2021-09-12_געתון_יחיעם.gpx,40,2013-08-08_געתון_כברי.gpx,מוכל-ב,,,,,16.2,124.2,0.979
הכלה,100,2021-09-12_געתון_יחיעם.gpx,260,2022-11-04_מעיליא_געתון_מעונה.gpx,מוכל-ב,,,,,20.7,125.3,0.979
הכלה,100,2021-09-12_געתון_יחיעם.gpx,193,2022-05-14_מנות_געתון_מעיליא.gpx,מוכל-ב,,,,,21.5,126.7,0.979
הכלה,100,2021-09-12_געתון_יחיעם.gpx,479,2026-02-25_שבי ציון_נהרייה_כברי.gpx,מוכל-ב,,,,,10.6,127.7,0.979
הכלה,100,2021-09-12_געתון_יחיעם.gpx,534,2026-07-04 געתון_חרדלית_מנות_הילה_עין_זיו_חרדלית_געתון.gpx,מוכל-ב,,,,,12.1,124,0.979
הכלה,100,2021-09-12_געתון_יחיעם.gpx,257,2022-10-26_געתון_יחיעם.gpx,מוכל-ב,,,,,12.3,24.2,1
הכלה,100,2021-09-12_געתון_יחיעם.gpx,28,2013-07-15_געתון_שבי ציון_גשר הזיו.gpx,מוכל-ב,,,,,12.4,128.7,0.979
הכלה,100,2021-09-12_געתון_יחיעם.gpx,105,2021-09-21_מעיליא_געתון_מעונה.gpx,מוכל-ב,,,,,16.7,122.9,0.979
הכלה,100,2021-09-12_געתון_יחיעם.gpx,209,2022-06-11_מנות_מעיליא_כברי.gpx,מוכל-ב,,,,,21.6,129.1,0.979
הכלה,100,2021-09-12_געתון_יחיעם.gpx,177,2022-04-07_געתון_יחיעם.gpx,מוכל-ב,,,,,11.6,37.1,1
הכלה,100,2021-09-12_געתון_יחיעם.gpx,175,2022-04-03_געתון_יחיעם.gpx,מוכל-ב,,,,,10.5,29.7,1
הכלה,100,2021-09-12_געתון_יחיעם.gpx,99,2021-09-11_געתון_מעיליא_מעונה.gpx,מוכל-ב,,,,,10.8,130.1,0.979
הכלה,100,2021-09-12_געתון_יחיעם.gpx,161,2022-02-22_געתון_יחיעם.gpx,מוכל-ב,,,,,12.2,23,1
הכלה,100,2021-09-12_געתון_יחיעם.gpx,68,2013-09-26_געתון_כפר ורדים_מנות.gpx,מוכל-ב,,,,,12.6,125.3,0.979
הכלה,100,2021-09-12_געתון_יחיעם.gpx,197,2022-05-20_געתון_כברי_לימן.gpx,מוכל-ב,,,,,17.7,123.1,0.979
הכלה,100,2021-09-12_געתון_יחיעם.gpx,253,2022-10-17_געתון_מעיליא_מעונה.gpx,מוכל-ב,,,,,21.4,122.5,0.979
הכלה,100,2021-09-12_געתון_יחיעם.gpx,234,2022-08-02_געתון_יחיעם.gpx,מוכל-ב,,,,,14.8,47.4,1
הכלה,100,2021-09-12_געתון_יחיעם.gpx,91,2021-08-07_געתון_מעיליא_מעונה.gpx,מוכל-ב,,,,,14.6,123.5,0.979
הכלה,100,2021-09-12_געתון_יחיעם.gpx,137,2021-12-21_געתון_יחיעם.gpx,מוכל-ב,,,,,9.9,28.5,1
הכלה,100,2021-09-12_געתון_יחיעם.gpx,519,2026-06-06 געתון_רגבה_עכו.gpx,מוכל-ב,,,,,15.1,123.4,0.979
הכלה,100,2021-09-12_געתון_יחיעם.gpx,180,2022-04-13_געתון_יחיעם.gpx,מוכל-ב,,,,,8.3,37,1
הכלה,100,2021-09-12_געתון_יחיעם.gpx,44,2013-08-16_געתון_שלומי_כפר ראש הנקרה.gpx,מוכל-ב,,,,,17.7,119.3,0.979
הכלה,100,2021-09-12_געתון_יחיעם.gpx,540,2026-07-14_שבי ציון_געתון_נהרייה.gpx,מוכל-ב,,,,,11.9,124.5,0.979
הכלה,100,2021-09-12_געתון_יחיעם.gpx,72,2013-10-02_געתון_עין יעקב_מעיליא.gpx,מוכל-ב,,,,,14.8,124,0.979
הכלה,100,2021-09-12_געתון_יחיעם.gpx,439,2025-08-28_געתון_כברי_לימן.gpx,מוכל-ב,,,,,19.7,127.2,0.979
הכלה,100,2021-09-12_געתון_יחיעם.gpx,483,2026-03-05_געתון_כברי.gpx,מוכל-ב,,,,,15.1,89.9,1
הכלה,100,2021-09-12_געתון_יחיעם.gpx,42,2013-08-12_געתון_כברי_לימן.gpx,מוכל-ב,,,,,17.7,168.5,0.979
הכלה,100,2021-09-12_געתון_יחיעם.gpx,345,2023-12-30_געתון_יחיעם_עין יעקב.gpx,מוכל-ב,,,,,11.9,95.3,1
הכלה,100,2021-09-12_געתון_יחיעם.gpx,243,2022-08-21_געתון_יחיעם.gpx,מוכל-ב,,,,,13.5,130.2,0.979
הכלה,100,2021-09-12_געתון_יחיעם.gpx,167,2022-03-04_געתון_כברי_יחיעם.gpx,מוכל-ב,,,,,11.4,21.4,1
הכלה,100,2021-09-12_געתון_יחיעם.gpx,238,2022-08-13_מנות_הילה_מעיליא.gpx,מוכל-ב,,,,,19.5,126.2,0.979
הכלה,100,2021-09-12_געתון_יחיעם.gpx,341,2023-11-20_געתון_עין יעקב.gpx,מוכל-ב,,,,,16.4,146.5,0.957
הכלה,100,2021-09-12_געתון_יחיעם.gpx,191,2022-05-11_געתון_יחיעם.gpx,מוכל-ב,,,,,13.5,25.2,1
הכלה,100,2021-09-12_געתון_יחיעם.gpx,448,2025-09-23_געתון_כברי_לימן.gpx,מוכל-ב,,,,,15.3,126.3,0.979
הכלה,100,2021-09-12_געתון_יחיעם.gpx,188,2022-05-04_געתון_יחיעם.gpx,מוכל-ב,,,,,11.9,26.5,1
הכלה,100,2021-09-12_געתון_יחיעם.gpx,356,2024-02-25_געתון_עין יעקב.gpx,מוכל-ב,,,,,12.1,102.8,0.979
הכלה,100,2021-09-12_געתון_יחיעם.gpx,263,2022-11-11_געתון_יחיעם.gpx,מוכל-ב,,,,,15.3,58,1
הכלה,100,2021-09-12_געתון_יחיעם.gpx,227,2022-07-15_געתון_כברי_לימן.gpx,מוכל-ב,,,,,15.4,121.3,0.979
הכלה,100,2021-09-12_געתון_יחיעם.gpx,117,2021-11-06_מעיליא_געתון_מעונה.gpx,מוכל-ב,,,,,17,126,0.979
הכלה,100,2021-09-12_געתון_יחיעם.gpx,242,2022-08-20_געתון_מנות_מעיליא.gpx,מוכל-ב,,,,,19.6,124.2,0.979
הכלה,100,2021-09-12_געתון_יחיעם.gpx,233,2022-07-31_געתון_יחיעם.gpx,מוכל-ב,,,,,9.9,30.7,1
הכלה,100,2021-09-12_געתון_יחיעם.gpx,154,2022-02-02_געתון_יחיעם.gpx,מוכל-ב,,,,,11.5,24.6,1
הכלה,100,2021-09-12_געתון_יחיעם.gpx,192,2022-05-12_געתון_יחיעם.gpx,מוכל-ב,,,,,15.5,24.9,1
הכלה,100,2021-09-12_געתון_יחיעם.gpx,183,2022-04-16_מנות_הילה_מעיליא.gpx,מוכל-ב,,,,,22.1,131.7,0.979
הכלה,100,2021-09-12_געתון_יחיעם.gpx,35,2013-07-30_מעונה_עין יעקב_געתון.gpx,מוכל-ב,,,,,13.4,91.8,1
הכלה,100,2021-09-12_געתון_יחיעם.gpx,23,2013-06-30_געתון_יחיעם_עין יעקב.gpx,מוכל-ב,,,,,10.8,121.5,0.979
הכלה,100,2021-09-12_געתון_יחיעם.gpx,241,2022-08-19_געתון_כברי_לימן.gpx,מוכל-ב,,,,,15.4,121.5,0.979
הכלה,100,2021-09-12_געתון_יחיעם.gpx,496,2026-04-16_עין יעקב_מעונה_געתון.gpx,מוכל-ב,,,,,20.5,123.3,0.979
הכלה,100,2021-09-12_געתון_יחיעם.gpx,138,2021-12-25_געתון_מעיליא_מעונה.gpx,מוכל-ב,,,,,20.3,127.3,0.979
הכלה,100,2021-09-12_געתון_יחיעם.gpx,145,2022-01-14_געתון_יחיעם.gpx,מוכל-ב,,,,,15.3,27,1
הכלה,100,2021-09-12_געתון_יחיעם.gpx,142,2022-01-04_געתון_יחיעם.gpx,מוכל-ב,,,,,13.2,31.7,1
הכלה,100,2021-09-12_געתון_יחיעם.gpx,284,2023-01-10_געתון_כברי_לימן.gpx,מוכל-ב,,,,,12.6,120.4,0.979
הכלה,100,2021-09-12_געתון_יחיעם.gpx,92,2021-09-03_געתון_מעיליא_מעונה.gpx,מוכל-ב,,,,,10.7,123.8,0.979
הכלה,100,2021-09-12_געתון_יחיעם.gpx,93,2021-09-04_געתון_מעיליא_מעונה.gpx,מוכל-ב,,,,,14.7,125.5,0.979
הכלה,100,2021-09-12_געתון_יחיעם.gpx,67,2013-09-25_געתון_עין יעקב_מעיליא.gpx,מוכל-ב,,,,,10.6,121.1,0.979
הכלה,100,2021-09-12_געתון_יחיעם.gpx,224,2022-07-08_מנות_געתון_הילה.gpx,מוכל-ב,,,,,18.7,125.3,0.979
הכלה,100,2021-09-12_געתון_יחיעם.gpx,346,2023-12-31_געתון_יחיעם_עין יעקב.gpx,מוכל-ב,,,,,15.4,103.6,0.979
הכלה,100,2021-09-12_געתון_יחיעם.gpx,210,2022-06-12_געתון_יחיעם.gpx,מוכל-ב,,,,,12,26.8,1
הכלה,100,2021-09-12_געתון_יחיעם.gpx,281,2022-12-28_געתון_גשר הזיו_כברי.gpx,מוכל-ב,,,,,14.8,126,0.979
הכלה,100,2021-09-12_געתון_יחיעם.gpx,60,2013-09-13_עין יעקב_מעיליא_מנות.gpx,מוכל-ב,,,,,19.9,122.1,0.979
הכלה,100,2021-09-12_געתון_יחיעם.gpx,124,2021-11-23_געתון_יחיעם.gpx,מוכל-ב,,,,,14,22.6,1
הכלה,100,2021-09-12_געתון_יחיעם.gpx,143,2022-01-07_געתון_מעיליא_מעונה.gpx,מוכל-ב,,,,,20.7,127.8,0.979
הכלה,100,2021-09-12_געתון_יחיעם.gpx,484,2026-03-06_עין יעקב_געתון_כברי.gpx,מוכל-ב,,,,,25.5,124.9,0.979
הכלה,100,2021-09-12_געתון_יחיעם.gpx,146,2022-01-15_געתון_יחיעם.gpx,מוכל-ב,,,,,13,40.8,1
הכלה,100,2021-09-12_געתון_יחיעם.gpx,208,2022-06-09_געתון_יחיעם_עין יעקב.gpx,מוכל-ב,,,,,14.3,24.4,1
הכלה,100,2021-09-12_געתון_יחיעם.gpx,443,2025-09-10_געתון_יחיעם_כברי.gpx,מוכל-ב,,,,,12,124.1,0.979
הכלה,100,2021-09-12_געתון_יחיעם.gpx,347,2024-01-03_געתון_יחיעם_עין יעקב.gpx,מוכל-ב,,,,,17.6,105,0.979
הכלה,100,2021-09-12_געתון_יחיעם.gpx,74,2013-10-06_מעונה_עין יעקב_געתון.gpx,מוכל-ב,,,,,21.8,126.6,0.979
הכלה,100,2021-09-12_געתון_יחיעם.gpx,215,2022-06-21_געתון_יחיעם_עין יעקב.gpx,מוכל-ב,,,,,15.3,25.4,1
הכלה,100,2021-09-12_געתון_יחיעם.gpx,48,2013-08-24_מזרעה_שבי ציון_געתון.gpx,מוכל-ב,,,,,22.4,124.9,0.979
הכלה,100,2021-09-12_געתון_יחיעם.gpx,232,2022-07-23_געתון_נווה זיו.gpx,מוכל-ב,,,,,18.9,118.6,0.979
הכלה,100,2021-09-12_געתון_יחיעם.gpx,239,2022-08-14_געתון_כברי_לימן.gpx,מוכל-ב,,,,,16.1,124.9,0.979
הכלה,100,2021-09-12_געתון_יחיעם.gpx,363,2024-03-29_געתון_עין יעקב.gpx,מוכל-ב,,,,,18.9,97.9,1
הכלה,100,2021-09-12_געתון_יחיעם.gpx,442,2025-09-08_געתון_יחיעם_כברי.gpx,מוכל-ב,,,,,10.1,120.5,0.979
הכלה,100,2021-09-12_געתון_יחיעם.gpx,482,2026-02-28_געתון_כברי.gpx,מוכל-ב,,,,,11.4,117,0.979
הכלה,100,2021-09-12_געתון_יחיעם.gpx,50,2013-08-28_געתון_יחיעם_עין יעקב.gpx,מוכל-ב,,,,,12.6,122.7,0.957
הכלה,100,2021-09-12_געתון_יחיעם.gpx,52,2013-08-30_מעונה_עין יעקב_געתון.gpx,מוכל-ב,,,,,23.7,103.1,0.979
הכלה,100,2021-09-12_געתון_יחיעם.gpx,348,2024-01-03_געתון_יחיעם_עין יעקב_1.gpx,מוכל-ב,,,,,16.7,66.1,1
הכלה,100,2021-09-12_געתון_יחיעם.gpx,165,2022-02-28_געתון_כברי_לימן.gpx,מוכל-ב,,,,,13.6,124,0.979
הכלה,100,2021-09-12_געתון_יחיעם.gpx,266,2022-11-19_מעיליא_געתון_מעונה.gpx,מוכל-ב,,,,,19.4,139.7,0.979
הכלה,100,2021-09-12_געתון_יחיעם.gpx,256,2022-10-24_געתון_יחיעם.gpx,מוכל-ב,,,,,7.3,27.9,1
הכלה,100,2021-09-12_געתון_יחיעם.gpx,196,2022-05-19_געתון_מעונה_עין יעקב.gpx,מוכל-ב,,,,,15.4,102,0.979
הכלה,100,2021-09-12_געתון_יחיעם.gpx,626,יער הדובים השיירה סינגל בני.gpx,מוכל-ב,,,,,19.8,72.7,1
הכלה,100,2021-09-12_געתון_יחיעם.gpx,57,2013-09-08_געתון_יחיעם_עין יעקב.gpx,מוכל-ב,,,,,10.6,121,0.979
הכלה,100,2021-09-12_געתון_יחיעם.gpx,189,2022-05-06_געתון_יחיעם.gpx,מוכל-ב,,,,,11.7,29,1
הכלה,100,2021-09-12_געתון_יחיעם.gpx,475,2026-02-07_מעיליא_מנות_הילה.gpx,מוכל-ב,,,,,20.8,120.8,0.979
הכלה,100,2021-09-12_געתון_יחיעם.gpx,61,2013-09-14_עין המפרץ_געתון_מזרעה.gpx,מוכל-ב,,,,,18.8,105.5,0.979
הכלה,100,2021-09-12_געתון_יחיעם.gpx,179,2022-04-12_געתון_יחיעם.gpx,מוכל-ב,,,,,11.4,22.9,1
הכלה,100,2021-09-12_געתון_יחיעם.gpx,107,2021-09-25_מעיליא_געתון_מעונה.gpx,מוכל-ב,,,,,10.3,127.5,0.979
הכלה,100,2021-09-12_געתון_יחיעם.gpx,140,2021-12-31_געתון_מעיליא_מעונה.gpx,מוכל-ב,,,,,20.7,127,0.979
הכלה,100,2021-09-12_געתון_יחיעם.gpx,212,2022-06-16_געתון_יחיעם_עין יעקב.gpx,מוכל-ב,,,,,12.3,26.3,1
הכלה,100,2021-09-12_געתון_יחיעם.gpx,200,2022-05-27_געתון_כברי_לימן.gpx,מוכל-ב,,,,,14.2,23.5,1
הכלה,100,2021-09-12_געתון_יחיעם.gpx,194,2022-05-15_געתון_יחיעם.gpx,מוכל-ב,,,,,12.9,36.4,1
הכלה,100,2021-09-12_געתון_יחיעם.gpx,230,2022-07-19_כברי_געתון_לימן.gpx,מוכל-ב,,,,,21,113.6,0.979
הכלה,100,2021-09-12_געתון_יחיעם.gpx,360,2024-03-09_געתון_עין יעקב.gpx,מוכל-ב,,,,,12.8,98,1
הכלה,100,2021-09-12_געתון_יחיעם.gpx,453,2025-10-02_געתון_כברי_גשר הזיו.gpx,מוכל-ב,,,,,15.8,124.5,0.979
הכלה,100,2021-09-12_געתון_יחיעם.gpx,355,2024-02-23_געתון_עין יעקב.gpx,מוכל-ב,,,,,12.6,94.4,1
הכלה,100,2021-09-12_געתון_יחיעם.gpx,455,2025-10-11_געתון_יחיעם_כברי.gpx,מוכל-ב,,,,,12.8,124.2,0.979
הכלה,100,2021-09-12_געתון_יחיעם.gpx,29,2013-07-19_עין יעקב_מעונה_מנות.gpx,מוכל-ב,,,,,15.2,121.1,0.979
הכלה,100,2021-09-12_געתון_יחיעם.gpx,70,2013-09-28_עין יעקב_מזרעה_שבי ציון.gpx,מוכל-ב,,,,,18,160.9,0.936
הכלה,100,2021-09-12_געתון_יחיעם.gpx,34,2013-07-27_געתון_כברי_מנות.gpx,מוכל-ב,,,,,13.4,103.5,0.979
זהה,99,2021-09-11_געתון_מעיליא_מעונה.gpx,253,2022-10-17_געתון_מעיליא_מעונה.gpx,זהה,FALSE,1.4,7.6,4.3,14.4,47.9,1
זהה,99,2021-09-11_געתון_מעיליא_מעונה.gpx,117,2021-11-06_מעיליא_געתון_מעונה.gpx,זהה,FALSE,1.1,5.7,2.5,12.8,65.8,1
זהה,99,2021-09-11_געתון_מעיליא_מעונה.gpx,138,2021-12-25_געתון_מעיליא_מעונה.gpx,זהה,FALSE,2.4,5.6,6.9,14,31.6,1
זהה,99,2021-09-11_געתון_מעיליא_מעונה.gpx,143,2022-01-07_געתון_מעיליא_מעונה.gpx,זהה,FALSE,2.2,3.1,7.7,18.5,104.3,1
זהה,99,2021-09-11_געתון_מעיליא_מעונה.gpx,266,2022-11-19_מעיליא_געתון_מעונה.gpx,זהה,FALSE,1.4,13.1,14.3,15.4,105.6,1
זהה,99,2021-09-11_געתון_מעיליא_מעונה.gpx,107,2021-09-25_מעיליא_געתון_מעונה.gpx,זהה,FALSE,1.5,2.9,6.2,6.9,54.6,1
זהה,99,2021-09-11_געתון_מעיליא_מעונה.gpx,140,2021-12-31_געתון_מעיליא_מעונה.gpx,זהה,FALSE,1.5,5.2,4.5,15.2,33.4,1
זהה,99,2021-09-11_געתון_מעיליא_מעונה.gpx,259,2022-10-29_געתון_מעיליא_מעונה.gpx,זהה,FALSE,2.2,11.1,26.5,17.5,104.3,1
זהה,99,2021-09-11_געתון_מעיליא_מעונה.gpx,174,2022-04-02_געתון_מעיליא_נווה זיו.gpx,זהה,FALSE,1.5,5.9,9.3,15.6,25.2,1
זהה,99,2021-09-11_געתון_מעיליא_מעונה.gpx,125,2021-11-27_מעיליא_געתון_נווה זיו.gpx,זהה,FALSE,2.3,8.8,3.6,13.7,43.4,1
זהה,99,2021-09-11_געתון_מעיליא_מעונה.gpx,128,2021-12-04_געתון_מעיליא_מעונה.gpx,זהה,FALSE,2.4,10.7,2.4,13.9,32.4,1
זהה,99,2021-09-11_געתון_מעיליא_מעונה.gpx,105,2021-09-21_מעיליא_געתון_מעונה.gpx,זהה,FALSE,1,8,5.7,12.1,19.9,1
חשוד,99,2021-09-11_געתון_מעיליא_מעונה.gpx,367,2024-04-06_געתון_מעיליא_מעונה.gpx,חשוד - לבדיקה ידנית,FALSE,4.5,405.3,11.7,13.3,52.5,1
הכלה,99,2021-09-11_געתון_מעיליא_מעונה.gpx,56,2013-09-07_געתון_מעונה_גשר הזיו.gpx,מוכל-ב,,,,,13.7,44.4,1
הכלה,99,2021-09-11_געתון_מעיליא_מעונה.gpx,43,2013-08-14_געתון_מעונה_עין יעקב.gpx,מוכל-ב,,,,,18,40.4,1
הכלה,99,2021-09-11_געתון_מעיליא_מעונה.gpx,24,2013-07-08_עין יעקב_מעונה_געתון.gpx,מוכל-ב,,,,,14.5,43.9,1
הכלה,99,2021-09-11_געתון_מעיליא_מעונה.gpx,25,2013-07-10_עין יעקב_מעונה_געתון.gpx,מוכל-ב,,,,,11.7,44.2,1
הכלה,99,2021-09-11_געתון_מעיליא_מעונה.gpx,72,2013-10-02_געתון_עין יעקב_מעיליא.gpx,מוכל-ב,,,,,37.3,455.1,0.944
הכלה,99,2021-09-11_געתון_מעיליא_מעונה.gpx,35,2013-07-30_מעונה_עין יעקב_געתון.gpx,מוכל-ב,,,,,15.6,42.9,1
הכלה,99,2021-09-11_געתון_מעיליא_מעונה.gpx,67,2013-09-25_געתון_עין יעקב_מעיליא.gpx,מוכל-ב,,,,,32.8,451.5,0.944
הכלה,99,2021-09-11_געתון_מעיליא_מעונה.gpx,74,2013-10-06_מעונה_עין יעקב_געתון.gpx,מוכל-ב,,,,,18.9,47.5,1
זהה,98,2021-09-10_געתון_יחיעם.gpx,103,2021-09-17_געתון_יחיעם.gpx,זהה,FALSE,0.4,14,2.4,10.3,23.1,1
חשוד,98,2021-09-10_געתון_יחיעם.gpx,141,2022-01-02_געתון_יחיעם.gpx,חשוד - לבדיקה ידנית,FALSE,0.7,12.9,4.9,41.6,265.9,0.849
הכלה,98,2021-09-10_געתון_יחיעם.gpx,474,2026-02-06_יחיעם_געתון_עין יעקב.gpx,מוכל-ב,,,,,25.4,294.2,0.944
הכלה,98,2021-09-10_געתון_יחיעם.gpx,113,2021-10-30_געתון_יחיעם.gpx,מוכל-ב,,,,,10.7,25.2,1
הכלה,98,2021-09-10_געתון_יחיעם.gpx,116,2021-11-05_געתון_יחיעם.gpx,מוכל-ב,,,,,13.3,26.9,1
הכלה,98,2021-09-10_געתון_יחיעם.gpx,115,2021-11-03_געתון_יחיעם.gpx,מוכל-ב,,,,,9.9,24.5,1
הכלה,98,2021-09-10_געתון_יחיעם.gpx,160,2022-02-19_געתון_יחיעם.gpx,מוכל-ב,,,,,20.7,177,0.963
הכלה,98,2021-09-10_געתון_יחיעם.gpx,185,2022-04-21_געתון_יחיעם.gpx,מוכל-ב,,,,,12.2,24.6,1
הכלה,98,2021-09-10_געתון_יחיעם.gpx,552,2026-08-09_יחיעם_געתון_עין יעקב.gpx,מוכל-ב,,,,,17.3,72.7,1
הכלה,98,2021-09-10_געתון_יחיעם.gpx,243,2022-08-21_געתון_יחיעם.gpx,מוכל-ב,,,,,19.2,113.9,0.981
הכלה,97,2021-09-09_געתון_יחיעם.gpx,110,2021-10-06_געתון_יחיעם.gpx,מוכל-ב,,,,,11.8,23.8,1
הכלה,97,2021-09-09_געתון_יחיעם.gpx,254,2022-10-21_געתון_יחיעם.gpx,מוכל-ב,,,,,23.6,104.6,0.919
הכלה,97,2021-09-09_געתון_יחיעם.gpx,144,2022-01-10_יחיעם_געתון_עין יעקב.gpx,מוכל-ב,,,,,10.8,25.2,1
הכלה,97,2021-09-09_געתון_יחיעם.gpx,210,2022-06-12_געתון_יחיעם.gpx,מוכל-ב,,,,,12.8,25.1,1
הכלה,97,2021-09-09_געתון_יחיעם.gpx,109,2021-10-03_געתון_יחיעם.gpx,מוכל-ב,,,,,8.1,18.8,1
הכלה,97,2021-09-09_געתון_יחיעם.gpx,141,2022-01-02_געתון_יחיעם.gpx,מוכל-ב,,,,,10,23.2,1
זהה,96,2021-09-08_געתון_יחיעם.gpx,187,2022-04-24_געתון_יחיעם.gpx,זהה,FALSE,0.9,6.1,8.7,9.8,19.2,1
זהה,96,2021-09-08_געתון_יחיעם.gpx,202,2022-05-31_געתון_יחיעם.gpx,זהה,TRUE,0.5,7,9.3,9.9,22.6,1
זהה,96,2021-09-08_געתון_יחיעם.gpx,172,2022-03-25_געתון_יחיעם.gpx,זהה,TRUE,0.9,9.7,13,8.9,22,1
זהה,96,2021-09-08_געתון_יחיעם.gpx,198,2022-05-25_געתון_יחיעם.gpx,זהה,TRUE,0.7,12,12.1,9.3,17.9,1
זהה,96,2021-09-08_געתון_יחיעם.gpx,166,2022-03-01_געתון_יחיעם.gpx,זהה,TRUE,0,7.6,6.9,10.9,22.5,1
זהה,96,2021-09-08_געתון_יחיעם.gpx,283,2023-01-09_געתון_יחיעם.gpx,זהה,TRUE,1.7,7.4,5.2,10.1,18,1
זהה,96,2021-09-08_געתון_יחיעם.gpx,223,2022-07-07_געתון_יחיעם.gpx,זהה,TRUE,0.4,0.4,13.3,9.8,21.3,1
זהה,96,2021-09-08_געתון_יחיעם.gpx,101,2021-09-14_געתון_יחיעם.gpx,זהה,TRUE,0.4,11,5.5,7.3,16.2,1
זהה,96,2021-09-08_געתון_יחיעם.gpx,100,2021-09-12_געתון_יחיעם.gpx,זהה,TRUE,1,8.6,6.2,5.6,9.5,1
זהה,96,2021-09-08_געתון_יחיעם.gpx,153,2022-02-01_געתון_יחיעם.gpx,זהה,FALSE,0,9,3.2,9,16.6,1
חשוד,96,2021-09-08_געתון_יחיעם.gpx,340,2023-10-21_געתון_עין יעקב_1.gpx,חשוד - לבדיקה ידנית,FALSE,4.4,6.5,10.9,12.2,95.2,1
הכלה,96,2021-09-08_געתון_יחיעם.gpx,270,2022-12-03_מנות_הילה_מעיליא.gpx,מוכל-ב,,,,,19.5,121.8,0.979
הכלה,96,2021-09-08_געתון_יחיעם.gpx,497,2026-04-20_כברי_געתון_גשר הזיו.gpx,מוכל-ב,,,,,13.9,117.7,0.979
הכלה,96,2021-09-08_געתון_יחיעם.gpx,25,2013-07-10_עין יעקב_מעונה_געתון.gpx,מוכל-ב,,,,,14.4,114.1,0.979
הכלה,96,2021-09-08_געתון_יחיעם.gpx,150,2022-01-21_געתון_יחיעם.gpx,מוכל-ב,,,,,9.7,21.9,1
הכלה,96,2021-09-08_געתון_יחיעם.gpx,157,2022-02-16_געתון_יחיעם.gpx,מוכל-ב,,,,,10.8,23.4,1
הכלה,96,2021-09-08_געתון_יחיעם.gpx,286,2023-01-18_געתון_כברי_גשר הזיו.gpx,מוכל-ב,,,,,12,23.8,1
הכלה,96,2021-09-08_געתון_יחיעם.gpx,99,2021-09-11_געתון_מעיליא_מעונה.gpx,מוכל-ב,,,,,15.6,120.6,0.979
הכלה,96,2021-09-08_געתון_יחיעם.gpx,344,2023-12-19_געתון_עין יעקב_יחיעם_1.gpx,מוכל-ב,,,,,12.1,113.8,0.979
הכלה,96,2021-09-08_געתון_יחיעם.gpx,123,2021-11-22_געתון_יחיעם.gpx,מוכל-ב,,,,,11.8,20.4,1
הכלה,96,2021-09-08_געתון_יחיעם.gpx,216,2022-06-24_מנות_מעיליא_כברי.gpx,מוכל-ב,,,,,18.7,120.6,0.979
הכלה,96,2021-09-08_געתון_יחיעם.gpx,27,2013-07-13_געתון_מעיליא_נווה זיו.gpx,מוכל-ב,,,,,19.4,116.2,0.979
הכלה,96,2021-09-08_געתון_יחיעם.gpx,550,2026-08-08_געתון_כברי_מנות.gpx,מוכל-ב,,,,,18.2,118.4,0.979
הכלה,96,2021-09-08_געתון_יחיעם.gpx,36,2013-08-01_מעונה_עין יעקב_געתון.gpx,מוכל-ב,,,,,15.8,77.5,1
הכלה,96,2021-09-08_געתון_יחיעם.gpx,214,2022-06-19_געתון_כברי_לימן.gpx,מוכל-ב,,,,,14.3,116.7,0.979
הכלה,96,2021-09-08_געתון_יחיעם.gpx,195,2022-05-18_געתון_יחיעם.gpx,מוכל-ב,,,,,12.5,24.5,1
הכלה,96,2021-09-08_געתון_יחיעם.gpx,122,2021-11-19_געתון_יחיעם.gpx,מוכל-ב,,,,,14.2,24.7,1
הכלה,96,2021-09-08_געתון_יחיעם.gpx,265,2022-11-18_געתון_יחיעם_עין יעקב.gpx,מוכל-ב,,,,,15,107.5,0.979
הכלה,96,2021-09-08_געתון_יחיעם.gpx,536,2026-07-07_עבדון_געתון_יערה.gpx,מוכל-ב,,,,,16.5,120.3,0.979
הכלה,96,2021-09-08_געתון_יחיעם.gpx,541,2026-07-14_שבי ציון_כברי_נהרייה.gpx,מוכל-ב,,,,,18.1,121.6,0.979
הכלה,96,2021-09-08_געתון_יחיעם.gpx,528,2026-06-24 געתון_נהריה_ראש-הנקרה_נהריה_געתון.gpx,מוכל-ב,,,,,16.8,106.7,0.979
הכלה,96,2021-09-08_געתון_יחיעם.gpx,277,2022-12-16_געתון_יחיעם_עין יעקב.gpx,מוכל-ב,,,,,12.5,24.8,1
הכלה,96,2021-09-08_געתון_יחיעם.gpx,28,2013-07-15_געתון_שבי ציון_גשר הזיו.gpx,מוכל-ב,,,,,16,115.5,0.979
הכלה,96,2021-09-08_געתון_יחיעם.gpx,162,2022-02-23_געתון_יחיעם.gpx,מוכל-ב,,,,,11.6,22.7,1
הכלה,96,2021-09-08_געתון_יחיעם.gpx,255,2022-10-23_געתון_יחיעם.gpx,מוכל-ב,,,,,8.8,24.1,1
הכלה,96,2021-09-08_געתון_יחיעם.gpx,535,2026-07-04_מעיליא_מנות_הילה.gpx,מוכל-ב,,,,,10.2,117.9,0.979
הכלה,96,2021-09-08_געתון_יחיעם.gpx,62,2013-09-18_געתון_מעיליא_מנות.gpx,מוכל-ב,,,,,19.8,120.7,0.979
הכלה,96,2021-09-08_געתון_יחיעם.gpx,492,2026-04-08_געתון_כברי_גשר הזיו.gpx,מוכל-ב,,,,,12.1,116,0.979
הכלה,96,2021-09-08_געתון_יחיעם.gpx,543,2026-07-19_עין יעקב_מנות_עבדון.gpx,מוכל-ב,,,,,18.8,117.5,0.979
הכלה,96,2021-09-08_געתון_יחיעם.gpx,151,2022-01-29_געתון_יחיעם.gpx,מוכל-ב,,,,,9.3,19.8,1
הכלה,96,2021-09-08_געתון_יחיעם.gpx,40,2013-08-08_געתון_כברי.gpx,מוכל-ב,,,,,14.6,109.8,0.979
הכלה,96,2021-09-08_געתון_יחיעם.gpx,228,2022-07-16_מנות_געתון_מעיליא.gpx,מוכל-ב,,,,,18.6,120.2,0.979
הכלה,96,2021-09-08_געתון_יחיעם.gpx,131,2021-12-09_געתון_יחיעם.gpx,מוכל-ב,,,,,13.2,25.2,1
הכלה,96,2021-09-08_געתון_יחיעם.gpx,201,2022-05-29_געתון_כברי_לימן.gpx,מוכל-ב,,,,,16.1,112,0.979
הכלה,96,2021-09-08_געתון_יחיעם.gpx,221,2022-07-02_יחיעם_געתון_עין יעקב.gpx,מוכל-ב,,,,,14.8,76.4,1
הכלה,96,2021-09-08_געתון_יחיעם.gpx,551,2026-08-08_מנות_כברי_הילה.gpx,מוכל-ב,,,,,19,116.1,0.979
הכלה,96,2021-09-08_געתון_יחיעם.gpx,520,2026-06-06_געתון_בוסתן הגליל_נתיב השיירה.gpx,מוכל-ב,,,,,15.2,109.3,0.979
הכלה,96,2021-09-08_געתון_יחיעם.gpx,505,2026-05-13_עבדון_כברי_גורן.gpx,מוכל-ב,,,,,18.6,121.5,0.979
הכלה,96,2021-09-08_געתון_יחיעם.gpx,446,2025-09-20_געתון_יחיעם_עין יעקב.gpx,מוכל-ב,,,,,15.7,112.3,0.979
הכלה,96,2021-09-08_געתון_יחיעם.gpx,42,2013-08-12_געתון_כברי_לימן.gpx,מוכל-ב,,,,,20.7,126.6,0.957
הכלה,96,2021-09-08_געתון_יחיעם.gpx,488,2026-03-18_געתון_כברי_גשר הזיו.gpx,מוכל-ב,,,,,13.1,108.3,0.979
הכלה,96,2021-09-08_געתון_יחיעם.gpx,199,2022-05-26_געתון_יחיעם.gpx,מוכל-ב,,,,,11.3,23.3,1
הכלה,96,2021-09-08_געתון_יחיעם.gpx,557,2026-08-14_געתון_כברי.gpx,מוכל-ב,,,,,15.4,116.1,0.979
הכלה,96,2021-09-08_געתון_יחיעם.gpx,128,2021-12-04_געתון_מעיליא_מעונה.gpx,מוכל-ב,,,,,17.9,118.2,0.979
הכלה,96,2021-09-08_געתון_יחיעם.gpx,429,2025-03-02_געתון_עין יעקב_יחיעם.gpx,מוכל-ב,,,,,7.7,43.2,1
הכלה,96,2021-09-08_געתון_יחיעם.gpx,68,2013-09-26_געתון_כפר ורדים_מנות.gpx,מוכל-ב,,,,,15.1,116.1,0.979
הכלה,96,2021-09-08_געתון_יחיעם.gpx,278,2022-12-17_מנות_מעיליא_הילה.gpx,מוכל-ב,,,,,19.1,122.1,0.979
הכלה,96,2021-09-08_געתון_יחיעם.gpx,173,2022-04-01_געתון_יחיעם.gpx,מוכל-ב,,,,,8.1,25.2,1
הכלה,96,2021-09-08_געתון_יחיעם.gpx,139,2021-12-29_געתון_יחיעם.gpx,מוכל-ב,,,,,10.1,21,1
הכלה,96,2021-09-08_געתון_יחיעם.gpx,280,2022-12-23_געתון_כברי_לימן.gpx,מוכל-ב,,,,,12.6,112.1,0.979
הכלה,96,2021-09-08_געתון_יחיעם.gpx,558,2026-08-14_געתון_כברי_מצובה.gpx,מוכל-ב,,,,,14,111.7,0.979
הכלה,96,2021-09-08_געתון_יחיעם.gpx,102,2021-09-16_געתון_יחיעם.gpx,מוכל-ב,,,,,8.1,20.1,1
הכלה,96,2021-09-08_געתון_יחיעם.gpx,91,2021-08-07_געתון_מעיליא_מעונה.gpx,מוכל-ב,,,,,16.8,118,0.979
הכלה,96,2021-09-08_געתון_יחיעם.gpx,160,2022-02-19_געתון_יחיעם.gpx,מוכל-ב,,,,,6.8,13.4,1
הכלה,96,2021-09-08_געתון_יחיעם.gpx,185,2022-04-21_געתון_יחיעם.gpx,מוכל-ב,,,,,9.4,21.1,1
הכלה,96,2021-09-08_געתון_יחיעם.gpx,159,2022-02-18_געתון_כברי_גשר הזיו.gpx,מוכל-ב,,,,,13.7,115.3,0.979
הכלה,96,2021-09-08_געתון_יחיעם.gpx,254,2022-10-21_געתון_יחיעם.gpx,מוכל-ב,,,,,12.8,37.9,1
הכלה,96,2021-09-08_געתון_יחיעם.gpx,275,2022-12-10_מנות_הילה_כברי.gpx,מוכל-ב,,,,,17.8,121.7,0.979
הכלה,96,2021-09-08_געתון_יחיעם.gpx,260,2022-11-04_מעיליא_געתון_מעונה.gpx,מוכל-ב,,,,,18.5,122.3,0.979
הכלה,96,2021-09-08_געתון_יחיעם.gpx,44,2013-08-16_געתון_שלומי_כפר ראש הנקרה.gpx,מוכל-ב,,,,,18.6,119.7,0.979
הכלה,96,2021-09-08_געתון_יחיעם.gpx,193,2022-05-14_מנות_געתון_מעיליא.gpx,מוכל-ב,,,,,19.2,119.5,0.979
הכלה,96,2021-09-08_געתון_יחיעם.gpx,479,2026-02-25_שבי ציון_נהרייה_כברי.gpx,מוכל-ב,,,,,9.4,115.8,0.979
הכלה,96,2021-09-08_געתון_יחיעם.gpx,534,2026-07-04 געתון_חרדלית_מנות_הילה_עין_זיו_חרדלית_געתון.gpx,מוכל-ב,,,,,13.2,115.2,0.979
הכלה,96,2021-09-08_געתון_יחיעם.gpx,72,2013-10-02_געתון_עין יעקב_מעיליא.gpx,מוכל-ב,,,,,16.9,116,0.979
הכלה,96,2021-09-08_געתון_יחיעם.gpx,257,2022-10-26_געתון_יחיעם.gpx,מוכל-ב,,,,,10,24.3,1
הכלה,96,2021-09-08_געתון_יחיעם.gpx,282,2022-12-30_געתון_כברי_לימן.gpx,מוכל-ב,,,,,15.2,113.9,0.979
הכלה,96,2021-09-08_געתון_יחיעם.gpx,105,2021-09-21_מעיליא_געתון_מעונה.gpx,מוכל-ב,,,,,18,120.2,0.979
הכלה,96,2021-09-08_געתון_יחיעם.gpx,209,2022-06-11_מנות_מעיליא_כברי.gpx,מוכל-ב,,,,,19,122.6,0.979
הכלה,96,2021-09-08_געתון_יחיעם.gpx,152,2022-01-30_געתון_יחיעם.gpx,מוכל-ב,,,,,9.5,20.1,1
הכלה,96,2021-09-08_געתון_יחיעם.gpx,177,2022-04-07_געתון_יחיעם.gpx,מוכל-ב,,,,,10.9,39.9,1
הכלה,96,2021-09-08_געתון_יחיעם.gpx,175,2022-04-03_געתון_יחיעם.gpx,מוכל-ב,,,,,10.6,22.8,1
הכלה,96,2021-09-08_געתון_יחיעם.gpx,197,2022-05-20_געתון_כברי_לימן.gpx,מוכל-ב,,,,,16.1,117.7,0.979
הכלה,96,2021-09-08_געתון_יחיעם.gpx,234,2022-08-02_געתון_יחיעם.gpx,מוכל-ב,,,,,11.7,41.5,1
הכלה,96,2021-09-08_געתון_יחיעם.gpx,137,2021-12-21_געתון_יחיעם.gpx,מוכל-ב,,,,,7.8,25.1,1
הכלה,96,2021-09-08_געתון_יחיעם.gpx,519,2026-06-06 געתון_רגבה_עכו.gpx,מוכל-ב,,,,,17.6,115.3,0.979
הכלה,96,2021-09-08_געתון_יחיעם.gpx,180,2022-04-13_געתון_יחיעם.gpx,מוכל-ב,,,,,9.8,22,1
הכלה,96,2021-09-08_געתון_יחיעם.gpx,540,2026-07-14_שבי ציון_געתון_נהרייה.gpx,מוכל-ב,,,,,15.4,113.3,0.979
הכלה,96,2021-09-08_געתון_יחיעם.gpx,439,2025-08-28_געתון_כברי_לימן.gpx,מוכל-ב,,,,,18.8,117.7,0.979
הכלה,96,2021-09-08_געתון_יחיעם.gpx,483,2026-03-05_געתון_כברי.gpx,מוכל-ב,,,,,14.3,86.1,1
הכלה,96,2021-09-08_געתון_יחיעם.gpx,243,2022-08-21_געתון_יחיעם.gpx,מוכל-ב,,,,,12.2,121.7,0.979
הכלה,96,2021-09-08_געתון_יחיעם.gpx,167,2022-03-04_געתון_כברי_יחיעם.gpx,מוכל-ב,,,,,10.5,21.1,1
הכלה,96,2021-09-08_געתון_יחיעם.gpx,161,2022-02-22_געתון_יחיעם.gpx,מוכל-ב,,,,,10.9,23.9,1
הכלה,96,2021-09-08_געתון_יחיעם.gpx,238,2022-08-13_מנות_הילה_מעיליא.gpx,מוכל-ב,,,,,17.6,124.6,0.979
הכלה,96,2021-09-08_געתון_יחיעם.gpx,253,2022-10-17_געתון_מעיליא_מעונה.gpx,מוכל-ב,,,,,19.2,120.8,0.979
הכלה,96,2021-09-08_געתון_יחיעם.gpx,35,2013-07-30_מעונה_עין יעקב_געתון.gpx,מוכל-ב,,,,,15.2,72.3,1
הכלה,96,2021-09-08_געתון_יחיעם.gpx,341,2023-11-20_געתון_עין יעקב.gpx,מוכל-ב,,,,,14,136,0.957
הכלה,96,2021-09-08_געתון_יחיעם.gpx,23,2013-06-30_געתון_יחיעם_עין יעקב.gpx,מוכל-ב,,,,,12.5,110.5,0.979
הכלה,96,2021-09-08_געתון_יחיעם.gpx,191,2022-05-11_געתון_יחיעם.gpx,מוכל-ב,,,,,12.1,25,1
הכלה,96,2021-09-08_געתון_יחיעם.gpx,448,2025-09-23_געתון_כברי_לימן.gpx,מוכל-ב,,,,,15.3,121.6,0.979
הכלה,96,2021-09-08_געתון_יחיעם.gpx,188,2022-05-04_געתון_יחיעם.gpx,מוכל-ב,,,,,11.5,21.4,1
הכלה,96,2021-09-08_געתון_יחיעם.gpx,356,2024-02-25_געתון_עין יעקב.gpx,מוכל-ב,,,,,11.7,95.7,1
הכלה,96,2021-09-08_געתון_יחיעם.gpx,263,2022-11-11_געתון_יחיעם.gpx,מוכל-ב,,,,,12.6,38.8,1
הכלה,96,2021-09-08_געתון_יחיעם.gpx,227,2022-07-15_געתון_כברי_לימן.gpx,מוכל-ב,,,,,16.9,108.6,0.979
הכלה,96,2021-09-08_געתון_יחיעם.gpx,92,2021-09-03_געתון_מעיליא_מעונה.gpx,מוכל-ב,,,,,15.3,117.7,0.979
הכלה,96,2021-09-08_געתון_יחיעם.gpx,93,2021-09-04_געתון_מעיליא_מעונה.gpx,מוכל-ב,,,,,14.1,117.1,0.979
הכלה,96,2021-09-08_געתון_יחיעם.gpx,67,2013-09-25_געתון_עין יעקב_מעיליא.gpx,מוכל-ב,,,,,14.7,110.8,0.979
הכלה,96,2021-09-08_געתון_יחיעם.gpx,345,2023-12-30_געתון_יחיעם_עין יעקב.gpx,מוכל-ב,,,,,13.2,101.5,0.979
הכלה,96,2021-09-08_געתון_יחיעם.gpx,117,2021-11-06_מעיליא_געתון_מעונה.gpx,מוכל-ב,,,,,15.8,121.6,0.979
הכלה,96,2021-09-08_געתון_יחיעם.gpx,60,2013-09-13_עין יעקב_מעיליא_מנות.gpx,מוכל-ב,,,,,17.6,111,0.979
הכלה,96,2021-09-08_געתון_יחיעם.gpx,57,2013-09-08_געתון_יחיעם_עין יעקב.gpx,מוכל-ב,,,,,13.5,118.4,0.979
הכלה,96,2021-09-08_געתון_יחיעם.gpx,154,2022-02-02_געתון_יחיעם.gpx,מוכל-ב,,,,,10.5,23.6,1
הכלה,96,2021-09-08_געתון_יחיעם.gpx,192,2022-05-12_געתון_יחיעם.gpx,מוכל-ב,,,,,12.5,23.1,1
הכלה,96,2021-09-08_געתון_יחיעם.gpx,74,2013-10-06_מעונה_עין יעקב_געתון.gpx,מוכל-ב,,,,,18.3,113.6,0.979
הכלה,96,2021-09-08_געתון_יחיעם.gpx,61,2013-09-14_עין המפרץ_געתון_מזרעה.gpx,מוכל-ב,,,,,19.6,116.2,0.979
הכלה,96,2021-09-08_געתון_יחיעם.gpx,183,2022-04-16_מנות_הילה_מעיליא.gpx,מוכל-ב,,,,,19.7,123.5,0.979
הכלה,96,2021-09-08_געתון_יחיעם.gpx,48,2013-08-24_מזרעה_שבי ציון_געתון.gpx,מוכל-ב,,,,,19.1,114.2,0.979
הכלה,96,2021-09-08_געתון_יחיעם.gpx,241,2022-08-19_געתון_כברי_לימן.gpx,מוכל-ב,,,,,17.3,114.2,0.979
הכלה,96,2021-09-08_געתון_יחיעם.gpx,496,2026-04-16_עין יעקב_מעונה_געתון.gpx,מוכל-ב,,,,,18.2,118,0.979
הכלה,96,2021-09-08_געתון_יחיעם.gpx,138,2021-12-25_געתון_מעיליא_מעונה.gpx,מוכל-ב,,,,,18.5,123.1,0.979
הכלה,96,2021-09-08_געתון_יחיעם.gpx,145,2022-01-14_געתון_יחיעם.gpx,מוכל-ב,,,,,12.7,22.9,1
הכלה,96,2021-09-08_געתון_יחיעם.gpx,142,2022-01-04_געתון_יחיעם.gpx,מוכל-ב,,,,,10.6,22.2,1
הכלה,96,2021-09-08_געתון_יחיעם.gpx,284,2023-01-10_געתון_כברי_לימן.gpx,מוכל-ב,,,,,15.8,117.7,0.979
הכלה,96,2021-09-08_געתון_יחיעם.gpx,50,2013-08-28_געתון_יחיעם_עין יעקב.gpx,מוכל-ב,,,,,15.9,117.6,0.957
הכלה,96,2021-09-08_געתון_יחיעם.gpx,52,2013-08-30_מעונה_עין יעקב_געתון.gpx,מוכל-ב,,,,,18.3,86.7,1
הכלה,96,2021-09-08_געתון_יחיעם.gpx,224,2022-07-08_מנות_געתון_הילה.gpx,מוכל-ב,,,,,16.8,120.6,0.979
הכלה,96,2021-09-08_געתון_יחיעם.gpx,346,2023-12-31_געתון_יחיעם_עין יעקב.gpx,מוכל-ב,,,,,14,132.1,0.979
הכלה,96,2021-09-08_געתון_יחיעם.gpx,210,2022-06-12_געתון_יחיעם.gpx,מוכל-ב,,,,,11.5,24.1,1
הכלה,96,2021-09-08_געתון_יחיעם.gpx,281,2022-12-28_געתון_גשר הזיו_כברי.gpx,מוכל-ב,,,,,11.8,108.6,0.979
הכלה,96,2021-09-08_געתון_יחיעם.gpx,242,2022-08-20_געתון_מנות_מעיליא.gpx,מוכל-ב,,,,,17.5,121.9,0.979
הכלה,96,2021-09-08_געתון_יחיעם.gpx,124,2021-11-23_געתון_יחיעם.gpx,מוכל-ב,,,,,10.8,25.3,1
הכלה,96,2021-09-08_געתון_יחיעם.gpx,233,2022-07-31_געתון_יחיעם.gpx,מוכל-ב,,,,,11.2,23.7,1
הכלה,96,2021-09-08_געתון_יחיעם.gpx,143,2022-01-07_געתון_מעיליא_מעונה.gpx,מוכל-ב,,,,,19.6,124,0.979
הכלה,96,2021-09-08_געתון_יחיעם.gpx,484,2026-03-06_עין יעקב_געתון_כברי.gpx,מוכל-ב,,,,,24,117.3,0.979
הכלה,96,2021-09-08_געתון_יחיעם.gpx,146,2022-01-15_געתון_יחיעם.gpx,מוכל-ב,,,,,10.2,23.2,1
הכלה,96,2021-09-08_געתון_יחיעם.gpx,208,2022-06-09_געתון_יחיעם_עין יעקב.gpx,מוכל-ב,,,,,11.9,26,1
הכלה,96,2021-09-08_געתון_יחיעם.gpx,56,2013-09-07_געתון_מעונה_גשר הזיו.gpx,מוכל-ב,,,,,12.8,112.6,0.979
הכלה,96,2021-09-08_געתון_יחיעם.gpx,215,2022-06-21_געתון_יחיעם_עין יעקב.gpx,מוכל-ב,,,,,13.4,24.5,1
הכלה,96,2021-09-08_געתון_יחיעם.gpx,232,2022-07-23_געתון_נווה זיו.gpx,מוכל-ב,,,,,15.8,109.2,0.979
הכלה,96,2021-09-08_געתון_יחיעם.gpx,442,2025-09-08_געתון_יחיעם_כברי.gpx,מוכל-ב,,,,,8.5,109.9,0.979
הכלה,96,2021-09-08_געתון_יחיעם.gpx,482,2026-02-28_געתון_כברי.gpx,מוכל-ב,,,,,13.9,113.5,0.979
הכלה,96,2021-09-08_געתון_יחיעם.gpx,29,2013-07-19_עין יעקב_מעונה_מנות.gpx,מוכל-ב,,,,,17.7,114.1,0.979
הכלה,96,2021-09-08_געתון_יחיעם.gpx,43,2013-08-14_געתון_מעונה_עין יעקב.gpx,מוכל-ב,,,,,18.2,114.7,0.979
הכלה,96,2021-09-08_געתון_יחיעם.gpx,348,2024-01-03_געתון_יחיעם_עין יעקב_1.gpx,מוכל-ב,,,,,16.6,68.4,1
הכלה,96,2021-09-08_געתון_יחיעם.gpx,165,2022-02-28_געתון_כברי_לימן.gpx,מוכל-ב,,,,,14.1,106.1,0.979
הכלה,96,2021-09-08_געתון_יחיעם.gpx,266,2022-11-19_מעיליא_געתון_מעונה.gpx,מוכל-ב,,,,,20.7,118.5,0.979
הכלה,96,2021-09-08_געתון_יחיעם.gpx,256,2022-10-24_געתון_יחיעם.gpx,מוכל-ב,,,,,10.4,23.9,1
הכלה,96,2021-09-08_געתון_יחיעם.gpx,70,2013-09-28_עין יעקב_מזרעה_שבי ציון.gpx,מוכל-ב,,,,,20.4,115.1,0.957
הכלה,96,2021-09-08_געתון_יחיעם.gpx,34,2013-07-27_געתון_כברי_מנות.gpx,מוכל-ב,,,,,16,112.7,0.979
הכלה,96,2021-09-08_געתון_יחיעם.gpx,626,יער הדובים השיירה סינגל בני.gpx,מוכל-ב,,,,,16.9,86,1
הכלה,96,2021-09-08_געתון_יחיעם.gpx,443,2025-09-10_געתון_יחיעם_כברי.gpx,מוכל-ב,,,,,11.1,117.7,0.979
הכלה,96,2021-09-08_געתון_יחיעם.gpx,347,2024-01-03_געתון_יחיעם_עין יעקב.gpx,מוכל-ב,,,,,15.4,103.8,0.979
הכלה,96,2021-09-08_געתון_יחיעם.gpx,189,2022-05-06_געתון_יחיעם.gpx,מוכל-ב,,,,,10.7,22.7,1
הכלה,96,2021-09-08_געתון_יחיעם.gpx,475,2026-02-07_מעיליא_מנות_הילה.gpx,מוכל-ב,,,,,17.8,111,0.979
הכלה,96,2021-09-08_געתון_יחיעם.gpx,179,2022-04-12_געתון_יחיעם.gpx,מוכל-ב,,,,,11.2,21.9,1
הכלה,96,2021-09-08_געתון_יחיעם.gpx,107,2021-09-25_מעיליא_געתון_מעונה.gpx,מוכל-ב,,,,,15.1,119.9,0.979
הכלה,96,2021-09-08_געתון_יחיעם.gpx,140,2021-12-31_געתון_מעיליא_מעונה.gpx,מוכל-ב,,,,,18.8,123,0.979
הכלה,96,2021-09-08_געתון_יחיעם.gpx,239,2022-08-14_געתון_כברי_לימן.gpx,מוכל-ב,,,,,13.4,110.4,0.979
הכלה,96,2021-09-08_געתון_יחיעם.gpx,26,2013-07-12_געתון_שלומי_כפר ראש הנקרה.gpx,מוכל-ב,,,,,19.9,119.2,0.979
הכלה,96,2021-09-08_געתון_יחיעם.gpx,212,2022-06-16_געתון_יחיעם_עין יעקב.gpx,מוכל-ב,,,,,13.3,26.5,1
הכלה,96,2021-09-08_געתון_יחיעם.gpx,363,2024-03-29_געתון_עין יעקב.gpx,מוכל-ב,,,,,15.8,96.1,1
הכלה,96,2021-09-08_געתון_יחיעם.gpx,200,2022-05-27_געתון_כברי_לימן.gpx,מוכל-ב,,,,,11.9,24.8,1
הכלה,96,2021-09-08_געתון_יחיעם.gpx,194,2022-05-15_געתון_יחיעם.gpx,מוכל-ב,,,,,12.4,24.1,1
הכלה,96,2021-09-08_געתון_יחיעם.gpx,230,2022-07-19_כברי_געתון_לימן.gpx,מוכל-ב,,,,,18.5,113.6,0.979
הכלה,96,2021-09-08_געתון_יחיעם.gpx,360,2024-03-09_געתון_עין יעקב.gpx,מוכל-ב,,,,,15.5,113.8,0.979
הכלה,96,2021-09-08_געתון_יחיעם.gpx,453,2025-10-02_געתון_כברי_גשר הזיו.gpx,מוכל-ב,,,,,13.6,117,0.979
הכלה,96,2021-09-08_געתון_יחיעם.gpx,355,2024-02-23_געתון_עין יעקב.gpx,מוכל-ב,,,,,10.2,75.6,1
הכלה,96,2021-09-08_געתון_יחיעם.gpx,455,2025-10-11_געתון_יחיעם_כברי.gpx,מוכל-ב,,,,,14.5,108.3,0.979
הכלה,96,2021-09-08_געתון_יחיעם.gpx,24,2013-07-08_עין יעקב_מעונה_געתון.gpx,מוכל-ב,,,,,18.3,110.6,0.979
הכלה,96,2021-09-08_געתון_יחיעם.gpx,196,2022-05-19_געתון_מעונה_עין יעקב.gpx,מוכל-ב,,,,,13.7,78.7,1
הכלה,96,2021-09-08_געתון_יחיעם.gpx,452,2025-10-01_שבי ציון_כברי_נהרייה.gpx,מוכל-ב,,,,,19.1,121.7,0.979
הכלה,96,2021-09-08_געתון_יחיעם.gpx,211,2022-06-15_געתון_כברי_לימן.gpx,מוכל-ב,,,,,12.6,106.7,0.979
הכלה,96,2021-09-08_געתון_יחיעם.gpx,502,2026-05-07_געתון_כברי_לימן.gpx,מוכל-ב,,,,,17.9,117.3,0.979
הכלה,96,2021-09-08_געתון_יחיעם.gpx,32,2013-07-25_געתון_שלומי_כברי.gpx,מוכל-ב,,,,,15.7,115.6,0.979
הכלה,96,2021-09-08_געתון_יחיעם.gpx,490,2026-03-25_געתון_גשר הזיו_כברי.gpx,מוכל-ב,,,,,14.7,111.9,0.979
הכלה,96,2021-09-08_געתון_יחיעם.gpx,259,2022-10-29_געתון_מעיליא_מעונה.gpx,מוכל-ב,,,,,20.8,139.1,0.979
הכלה,96,2021-09-08_געתון_יחיעם.gpx,108,2021-09-26_געתון_יחיעם.gpx,מוכל-ב,,,,,8.6,24.7,1
הכלה,96,2021-09-08_געתון_יחיעם.gpx,156,2022-02-11_געתון_כברי_לימן.gpx,מוכל-ב,,,,,14,117.9,0.979
הכלה,96,2021-09-08_געתון_יחיעם.gpx,174,2022-04-02_געתון_מעיליא_נווה זיו.gpx,מוכל-ב,,,,,19.2,121.7,0.979
הכלה,96,2021-09-08_געתון_יחיעם.gpx,447,2025-09-22_שבי ציון_כברי_נהרייה.gpx,מוכל-ב,,,,,16.7,121.9,0.979
הכלה,96,2021-09-08_געתון_יחיעם.gpx,125,2021-11-27_מעיליא_געתון_נווה זיו.gpx,מוכל-ב,,,,,19.1,119.2,0.979
הכלה,96,2021-09-08_געתון_יחיעם.gpx,164,2022-02-27_געתון_יחיעם.gpx,מוכל-ב,,,,,11,24.5,1
הכלה,96,2021-09-08_געתון_יחיעם.gpx,71,2013-10-01_געתון_עין יעקב.gpx,מוכל-ב,,,,,12.6,117.9,0.979
הכלה,96,2021-09-08_געתון_יחיעם.gpx,206,2022-06-04_געתון_כברי_נהרייה.gpx,מוכל-ב,,,,,12.3,113,0.979
הכלה,96,2021-09-08_געתון_יחיעם.gpx,262,2022-11-09_געתון_יחיעם.gpx,מוכל-ב,,,,,12.2,22.4,1
הכלה,96,2021-09-08_געתון_יחיעם.gpx,226,2022-07-11_געתון_כברי_כפר ראש הנקרה.gpx,מוכל-ב,,,,,13.9,113.9,0.979
הכלה,95,2021-09-07_געתון_יחיעם.gpx,141,2022-01-02_געתון_יחיעם.gpx,מוכל-ב,,,,,25.9,287.5,0.95
הכלה,95,2021-09-07_געתון_יחיעם.gpx,254,2022-10-21_געתון_יחיעם.gpx,מוכל-ב,,,,,41.9,289.9,0.9
הכלה,95,2021-09-07_געתון_יחיעם.gpx,144,2022-01-10_יחיעם_געתון_עין יעקב.gpx,מוכל-ב,,,,,25.8,287.1,0.95
הכלה,95,2021-09-07_געתון_יחיעם.gpx,210,2022-06-12_געתון_יחיעם.gpx,מוכל-ב,,,,,28.8,287.9,0.95
זהה,94,2021-09-05_געתון_יחיעם.gpx,103,2021-09-17_געתון_יחיעם.gpx,זהה,TRUE,2,3.7,5.5,12.1,24.2,1
זהה,94,2021-09-05_געתון_יחיעם.gpx,98,2021-09-10_געתון_יחיעם.gpx,זהה,FALSE,1.6,14.9,2.2,10.4,23.6,1
חשוד,94,2021-09-05_געתון_יחיעם.gpx,132,2021-12-10_געתון_יחיעם.gpx,חשוד - לבדיקה ידנית,FALSE,4.7,8,3.4,11.8,31.2,1
חשוד,94,2021-09-05_געתון_יחיעם.gpx,141,2022-01-02_געתון_יחיעם.gpx,חשוד - לבדיקה ידנית,TRUE,2.3,0.8,6.1,40.2,256.8,0.849
הכלה,94,2021-09-05_געתון_יחיעם.gpx,160,2022-02-19_געתון_יחיעם.gpx,מוכל-ב,,,,,19.9,170.3,0.963
הכלה,94,2021-09-05_געתון_יחיעם.gpx,185,2022-04-21_געתון_יחיעם.gpx,מוכל-ב,,,,,12.2,31.2,1
הכלה,94,2021-09-05_געתון_יחיעם.gpx,552,2026-08-09_יחיעם_געתון_עין יעקב.gpx,מוכל-ב,,,,,15.5,92.1,1
הכלה,94,2021-09-05_געתון_יחיעם.gpx,243,2022-08-21_געתון_יחיעם.gpx,מוכל-ב,,,,,18,109.3,0.981
הכלה,94,2021-09-05_געתון_יחיעם.gpx,474,2026-02-06_יחיעם_געתון_עין יעקב.gpx,מוכל-ב,,,,,28.9,311.2,0.944
זהה,93,2021-09-04_געתון_מעיליא_מעונה.gpx,128,2021-12-04_געתון_מעיליא_מעונה.gpx,זהה,FALSE,1.4,5.1,8.8,12.2,24.8,1
זהה,93,2021-09-04_געתון_מעיליא_מעונה.gpx,105,2021-09-21_מעיליא_געתון_מעונה.gpx,זהה,FALSE,2,2.7,3.2,20.3,43.1,1
זהה,93,2021-09-04_געתון_מעיליא_מעונה.gpx,253,2022-10-17_געתון_מעיליא_מעונה.gpx,זהה,FALSE,0.4,4.1,5.9,12.6,52.6,1
זהה,93,2021-09-04_געתון_מעיליא_מעונה.gpx,117,2021-11-06_מעיליא_געתון_מעונה.gpx,זהה,FALSE,2.1,0.5,7.8,9.1,24.5,1
זהה,93,2021-09-04_געתון_מעיליא_מעונה.gpx,138,2021-12-25_געתון_מעיליא_מעונה.gpx,זהה,FALSE,1.5,2.1,1.3,12.8,28.6,1
זהה,93,2021-09-04_געתון_מעיליא_מעונה.gpx,266,2022-11-19_מעיליא_געתון_מעונה.gpx,זהה,FALSE,2.4,15,18.5,15.2,68.3,1
זהה,93,2021-09-04_געתון_מעיליא_מעונה.gpx,107,2021-09-25_מעיליא_געתון_מעונה.gpx,זהה,FALSE,0.5,3.2,2.8,6.9,18.8,1
זהה,93,2021-09-04_געתון_מעיליא_מעונה.gpx,140,2021-12-31_געתון_מעיליא_מעונה.gpx,זהה,FALSE,0.5,1.6,10.4,10.3,40.3,1
זהה,93,2021-09-04_געתון_מעיליא_מעונה.gpx,174,2022-04-02_געתון_מעיליא_נווה זיו.gpx,זהה,FALSE,0.5,4.1,5.4,15.7,38.3,1
זהה,93,2021-09-04_געתון_מעיליא_מעונה.gpx,125,2021-11-27_מעיליא_געתון_נווה זיו.gpx,זהה,FALSE,1.3,2.8,6.6,12.8,24.6,1
זהה,93,2021-09-04_געתון_מעיליא_מעונה.gpx,99,2021-09-11_געתון_מעיליא_מעונה.gpx,זהה,FALSE,1,6,8.1,11.3,41.6,1
חשוד,93,2021-09-04_געתון_מעיליא_מעונה.gpx,143,2022-01-07_געתון_מעיליא_מעונה.gpx,חשוד - לבדיקה ידנית,FALSE,3.2,2.9,9.8,13.2,68.3,1
חשוד,93,2021-09-04_געתון_מעיליא_מעונה.gpx,259,2022-10-29_געתון_מעיליא_מעונה.gpx,חשוד - לבדיקה ידנית,FALSE,3.2,16.9,31,14.1,75.5,1
חשוד,93,2021-09-04_געתון_מעיליא_מעונה.gpx,367,2024-04-06_געתון_מעיליא_מעונה.gpx,חשוד - לבדיקה ידנית,FALSE,3.6,409.7,4.1,10.6,26.6,1
הכלה,93,2021-09-04_געתון_מעיליא_מעונה.gpx,35,2013-07-30_מעונה_עין יעקב_געתון.gpx,מוכל-ב,,,,,19.7,48.9,1
הכלה,93,2021-09-04_געתון_מעיליא_מעונה.gpx,67,2013-09-25_געתון_עין יעקב_מעיליא.gpx,מוכל-ב,,,,,32.2,416.3,0.957
הכלה,93,2021-09-04_געתון_מעיליא_מעונה.gpx,74,2013-10-06_מעונה_עין יעקב_געתון.gpx,מוכל-ב,,,,,14,54.3,1
הכלה,93,2021-09-04_געתון_מעיליא_מעונה.gpx,56,2013-09-07_געתון_מעונה_גשר הזיו.gpx,מוכל-ב,,,,,18.1,50.7,1
הכלה,93,2021-09-04_געתון_מעיליא_מעונה.gpx,43,2013-08-14_געתון_מעונה_עין יעקב.gpx,מוכל-ב,,,,,18.1,45.1,1
הכלה,93,2021-09-04_געתון_מעיליא_מעונה.gpx,24,2013-07-08_עין יעקב_מעונה_געתון.gpx,מוכל-ב,,,,,12.5,41.8,1
הכלה,93,2021-09-04_געתון_מעיליא_מעונה.gpx,25,2013-07-10_עין יעקב_מעונה_געתון.gpx,מוכל-ב,,,,,14.7,45.9,1
הכלה,93,2021-09-04_געתון_מעיליא_מעונה.gpx,72,2013-10-02_געתון_עין יעקב_מעיליא.gpx,מוכל-ב,,,,,34.3,421.1,0.957
זהה,92,2021-09-03_געתון_מעיליא_מעונה.gpx,128,2021-12-04_געתון_מעיליא_מעונה.gpx,זהה,FALSE,2.4,5.2,9.2,13.9,36.7,1
זהה,92,2021-09-03_געתון_מעיליא_מעונה.gpx,93,2021-09-04_געתון_מעיליא_מעונה.gpx,זהה,FALSE,1,5.3,1.5,12.1,43,1
זהה,92,2021-09-03_געתון_מעיליא_מעונה.gpx,105,2021-09-21_מעיליא_געתון_מעונה.gpx,זהה,FALSE,0.9,5.5,2.5,11.3,27.6,1
זהה,92,2021-09-03_געתון_מעיליא_מעונה.gpx,253,2022-10-17_געתון_מעיליא_מעונה.gpx,זהה,FALSE,1.5,8,5.1,15.7,57.9,1
זהה,92,2021-09-03_געתון_מעיליא_מעונה.gpx,138,2021-12-25_געתון_מעיליא_מעונה.gpx,זהה,FALSE,2.5,5.4,1.4,14.5,37.6,1
זהה,92,2021-09-03_געתון_מעיליא_מעונה.gpx,117,2021-11-06_מעיליא_געתון_מעונה.gpx,זהה,FALSE,1.1,5.4,7.3,14.3,75.3,1
זהה,92,2021-09-03_געתון_מעיליא_מעונה.gpx,143,2022-01-07_געתון_מעיליא_מעונה.gpx,זהה,FALSE,2.2,8,8.6,18.5,111.7,1
זהה,92,2021-09-03_געתון_מעיליא_מעונה.gpx,266,2022-11-19_מעיליא_געתון_מעונה.gpx,זהה,FALSE,1.4,15.9,19.5,16.9,113,1
זהה,92,2021-09-03_געתון_מעיליא_מעונה.gpx,140,2021-12-31_געתון_מעיליא_מעונה.gpx,זהה,FALSE,1.6,5.8,10.9,15.8,25.6,1
זהה,92,2021-09-03_געתון_מעיליא_מעונה.gpx,107,2021-09-25_מעיליא_געתון_מעונה.gpx,זהה,FALSE,1.5,8.5,3.8,7.9,54.1,1
זהה,92,2021-09-03_געתון_מעיליא_מעונה.gpx,259,2022-10-29_געתון_מעיליא_מעונה.gpx,זהה,FALSE,2.2,22.1,32.1,19.7,111.4,1
זהה,92,2021-09-03_געתון_מעיליא_מעונה.gpx,174,2022-04-02_געתון_מעיליא_נווה זיו.gpx,זהה,FALSE,1.5,6.2,3.9,13.7,24.9,1
זהה,92,2021-09-03_געתון_מעיליא_מעונה.gpx,99,2021-09-11_געתון_מעיליא_מעונה.gpx,זהה,FALSE,0,11,8,6.5,17.4,1
זהה,92,2021-09-03_געתון_מעיליא_מעונה.gpx,125,2021-11-27_מעיליא_געתון_נווה זיו.gpx,זהה,FALSE,2.3,3.1,7.3,15.3,38.5,1
חשוד,92,2021-09-03_געתון_מעיליא_מעונה.gpx,367,2024-04-06_געתון_מעיליא_מעונה.gpx,חשוד - לבדיקה ידנית,FALSE,4.5,411.5,3.7,14.3,49.6,1
הכלה,92,2021-09-03_געתון_מעיליא_מעונה.gpx,25,2013-07-10_עין יעקב_מעונה_געתון.gpx,מוכל-ב,,,,,9.3,37.8,1
הכלה,92,2021-09-03_געתון_מעיליא_מעונה.gpx,72,2013-10-02_געתון_עין יעקב_מעיליא.gpx,מוכל-ב,,,,,37.4,465.6,0.944
הכלה,92,2021-09-03_געתון_מעיליא_מעונה.gpx,35,2013-07-30_מעונה_עין יעקב_געתון.gpx,מוכל-ב,,,,,15.2,38.3,1
הכלה,92,2021-09-03_געתון_מעיליא_מעונה.gpx,67,2013-09-25_געתון_עין יעקב_מעיליא.gpx,מוכל-ב,,,,,31.4,462,0.944
הכלה,92,2021-09-03_געתון_מעיליא_מעונה.gpx,74,2013-10-06_מעונה_עין יעקב_געתון.gpx,מוכל-ב,,,,,19.3,45.1,1
הכלה,92,2021-09-03_געתון_מעיליא_מעונה.gpx,56,2013-09-07_געתון_מעונה_גשר הזיו.gpx,מוכל-ב,,,,,11.9,39.2,1
הכלה,92,2021-09-03_געתון_מעיליא_מעונה.gpx,43,2013-08-14_געתון_מעונה_עין יעקב.gpx,מוכל-ב,,,,,18.3,35.9,1
הכלה,92,2021-09-03_געתון_מעיליא_מעונה.gpx,24,2013-07-08_עין יעקב_מעונה_געתון.gpx,מוכל-ב,,,,,15.5,43.3,1
זהה,91,2021-08-07_געתון_מעיליא_מעונה.gpx,117,2021-11-06_מעיליא_געתון_מעונה.gpx,זהה,TRUE,2.7,19.8,3.1,24.1,39.3,1
זהה,91,2021-08-07_געתון_מעיליא_מעונה.gpx,138,2021-12-25_געתון_מעיליא_מעונה.gpx,זהה,TRUE,0.9,22.8,4.7,22.6,29.5,1
זהה,91,2021-08-07_געתון_מעיליא_מעונה.gpx,92,2021-09-03_געתון_מעיליא_מעונה.gpx,זהה,TRUE,1.6,24.2,6.8,18.4,29.5,1
זהה,91,2021-08-07_געתון_מעיליא_מעונה.gpx,266,2022-11-19_מעיליא_געתון_מעונה.gpx,זהה,TRUE,3,6.5,17.5,19.7,75.7,1
זהה,91,2021-08-07_געתון_מעיליא_מעונה.gpx,107,2021-09-25_מעיליא_געתון_מעונה.gpx,זהה,TRUE,0.1,20.7,4.1,18.7,32.9,1
זהה,91,2021-08-07_געתון_מעיליא_מעונה.gpx,140,2021-12-31_געתון_מעיליא_מעונה.gpx,זהה,TRUE,0,13.4,4.1,20.1,31.5,1
זהה,91,2021-08-07_געתון_מעיליא_מעונה.gpx,99,2021-09-11_געתון_מעיליא_מעונה.gpx,זהה,TRUE,1.6,17.5,6.9,19.4,29.6,1
זהה,91,2021-08-07_געתון_מעיליא_מעונה.gpx,174,2022-04-02_געתון_מעיליא_נווה זיו.gpx,זהה,TRUE,0.1,26.6,6.7,17.5,30.9,1
זהה,91,2021-08-07_געתון_מעיליא_מעונה.gpx,125,2021-11-27_מעיליא_געתון_נווה זיו.gpx,זהה,TRUE,0.7,16.9,3.8,17,30.7,1
זהה,91,2021-08-07_געתון_מעיליא_מעונה.gpx,93,2021-09-04_געתון_מעיליא_מעונה.gpx,זהה,TRUE,0.6,23.4,2.7,20.7,32.7,1
זהה,91,2021-08-07_געתון_מעיליא_מעונה.gpx,128,2021-12-04_געתון_מעיליא_מעונה.gpx,זהה,TRUE,0.9,15.4,4,21.2,34.2,1
זהה,91,2021-08-07_געתון_מעיליא_מעונה.gpx,105,2021-09-21_מעיליא_געתון_מעונה.gpx,זהה,TRUE,2.5,22.5,1.6,16.5,28.7,1
זהה,91,2021-08-07_געתון_מעיליא_מעונה.gpx,253,2022-10-17_געתון_מעיליא_מעונה.gpx,זהה,TRUE,0.1,21.7,1.5,23.9,63.9,1
חשוד,91,2021-08-07_געתון_מעיליא_מעונה.gpx,143,2022-01-07_געתון_מעיליא_מעונה.gpx,חשוד - לבדיקה ידנית,TRUE,3.8,24.6,4.2,18.6,75.7,1
חשוד,91,2021-08-07_געתון_מעיליא_מעונה.gpx,259,2022-10-29_געתון_מעיליא_מעונה.gpx,חשוד - לבדיקה ידנית,TRUE,3.7,10.2,16.8,23,75.6,1
חשוד,91,2021-08-07_געתון_מעיליא_מעונה.gpx,367,2024-04-06_געתון_מעיליא_מעונה.gpx,חשוד - לבדיקה ידנית,TRUE,3,27.5,411.7,24.9,41.1,1
הכלה,91,2021-08-07_געתון_מעיליא_מעונה.gpx,56,2013-09-07_געתון_מעונה_גשר הזיו.gpx,מוכל-ב,,,,,16.6,44.1,1
הכלה,91,2021-08-07_געתון_מעיליא_מעונה.gpx,43,2013-08-14_געתון_מעונה_עין יעקב.gpx,מוכל-ב,,,,,14.9,43.6,1
הכלה,91,2021-08-07_געתון_מעיליא_מעונה.gpx,24,2013-07-08_עין יעקב_מעונה_געתון.gpx,מוכל-ב,,,,,23.6,38.1,1
הכלה,91,2021-08-07_געתון_מעיליא_מעונה.gpx,25,2013-07-10_עין יעקב_מעונה_געתון.gpx,מוכל-ב,,,,,19.2,38.8,1
הכלה,91,2021-08-07_געתון_מעיליא_מעונה.gpx,72,2013-10-02_געתון_עין יעקב_מעיליא.gpx,מוכל-ב,,,,,25.8,427.9,0.971
הכלה,91,2021-08-07_געתון_מעיליא_מעונה.gpx,35,2013-07-30_מעונה_עין יעקב_געתון.gpx,מוכל-ב,,,,,14.5,45.4,1
הכלה,91,2021-08-07_געתון_מעיליא_מעונה.gpx,67,2013-09-25_געתון_עין יעקב_מעיליא.gpx,מוכל-ב,,,,,28.6,423.3,0.971
הכלה,91,2021-08-07_געתון_מעיליא_מעונה.gpx,74,2013-10-06_מעונה_עין יעקב_געתון.gpx,מוכל-ב,,,,,21.2,48.8,1
הכלה,90,2021-08-06_געתון_יחיעם.gpx,115,2021-11-03_געתון_יחיעם.gpx,מוכל-ב,,,,,15.5,122.7,0.97
הכלה,90,2021-08-06_געתון_יחיעם.gpx,257,2022-10-26_געתון_יחיעם.gpx,מוכל-ב,,,,,25.1,294.2,0.909
הכלה,90,2021-08-06_געתון_יחיעם.gpx,152,2022-01-30_געתון_יחיעם.gpx,מוכל-ב,,,,,25.1,291.9,0.939
הכלה,90,2021-08-06_געתון_יחיעם.gpx,177,2022-04-07_געתון_יחיעם.gpx,מוכל-ב,,,,,30.1,296.2,0.909
הכלה,90,2021-08-06_געתון_יחיעם.gpx,175,2022-04-03_געתון_יחיעם.gpx,מוכל-ב,,,,,30.5,293.7,0.909
הכלה,90,2021-08-06_געתון_יחיעם.gpx,160,2022-02-19_געתון_יחיעם.gpx,מוכל-ב,,,,,6.7,14.3,1
הכלה,90,2021-08-06_געתון_יחיעם.gpx,254,2022-10-21_געתון_יחיעם.gpx,מוכל-ב,,,,,28.6,293.7,0.909
הכלה,90,2021-08-06_געתון_יחיעם.gpx,456,2025-10-16_געתון_יחיעם.gpx,מוכל-ב,,,,,17.8,122.1,0.97
הכלה,90,2021-08-06_געתון_יחיעם.gpx,180,2022-04-13_געתון_יחיעם.gpx,מוכל-ב,,,,,31.7,291,0.909
הכלה,90,2021-08-06_געתון_יחיעם.gpx,97,2021-09-09_געתון_יחיעם.gpx,מוכל-ב,,,,,27.7,295.5,0.909
הכלה,90,2021-08-06_געתון_יחיעם.gpx,161,2022-02-22_געתון_יחיעם.gpx,מוכל-ב,,,,,8.7,23.1,1
הכלה,90,2021-08-06_געתון_יחיעם.gpx,95,2021-09-07_געתון_יחיעם.gpx,מוכל-ב,,,,,8.8,18.1,1
הכלה,90,2021-08-06_געתון_יחיעם.gpx,137,2021-12-21_געתון_יחיעם.gpx,מוכל-ב,,,,,24.5,291,0.939
הכלה,90,2021-08-06_געתון_יחיעם.gpx,188,2022-05-04_געתון_יחיעם.gpx,מוכל-ב,,,,,29.9,296.1,0.909
הכלה,90,2021-08-06_געתון_יחיעם.gpx,104,2021-09-20_יחיעם_געתון_עין יעקב.gpx,מוכל-ב,,,,,25.5,290.3,0.939
הכלה,90,2021-08-06_געתון_יחיעם.gpx,552,2026-08-09_יחיעם_געתון_עין יעקב.gpx,מוכל-ב,,,,,18.3,94,1
הכלה,90,2021-08-06_געתון_יחיעם.gpx,345,2023-12-30_געתון_יחיעם_עין יעקב.gpx,מוכל-ב,,,,,37.3,288.9,0.939
הכלה,90,2021-08-06_געתון_יחיעם.gpx,243,2022-08-21_געתון_יחיעם.gpx,מוכל-ב,,,,,17.7,128.2,0.939
הכלה,90,2021-08-06_געתון_יחיעם.gpx,144,2022-01-10_יחיעם_געתון_עין יעקב.gpx,מוכל-ב,,,,,25.9,291.7,0.939
הכלה,90,2021-08-06_געתון_יחיעם.gpx,154,2022-02-02_געתון_יחיעם.gpx,מוכל-ב,,,,,28.6,294.6,0.909
הכלה,90,2021-08-06_געתון_יחיעם.gpx,145,2022-01-14_געתון_יחיעם.gpx,מוכל-ב,,,,,23.4,292.5,0.939
הכלה,90,2021-08-06_געתון_יחיעם.gpx,142,2022-01-04_געתון_יחיעם.gpx,מוכל-ב,,,,,23.5,289.2,0.939
הכלה,90,2021-08-06_געתון_יחיעם.gpx,126,2021-11-28_געתון_יחיעם.gpx,מוכל-ב,,,,,11.8,24.6,1
הכלה,90,2021-08-06_געתון_יחיעם.gpx,346,2023-12-31_געתון_יחיעם_עין יעקב.gpx,מוכל-ב,,,,,42.3,292.8,0.939
הכלה,90,2021-08-06_געתון_יחיעם.gpx,210,2022-06-12_געתון_יחיעם.gpx,מוכל-ב,,,,,24.4,292.6,0.939
הכלה,90,2021-08-06_געתון_יחיעם.gpx,109,2021-10-03_געתון_יחיעם.gpx,מוכל-ב,,,,,8.1,23.4,1
הכלה,90,2021-08-06_געתון_יחיעם.gpx,348,2024-01-03_געתון_יחיעם_עין יעקב_1.gpx,מוכל-ב,,,,,34.6,271.6,0.939
הכלה,90,2021-08-06_געתון_יחיעם.gpx,124,2021-11-23_געתון_יחיעם.gpx,מוכל-ב,,,,,24.1,294.1,0.909
הכלה,90,2021-08-06_געתון_יחיעם.gpx,130,2021-12-08_געתון_יחיעם.gpx,מוכל-ב,,,,,10.9,23,1
הכלה,90,2021-08-06_געתון_יחיעם.gpx,146,2022-01-15_געתון_יחיעם.gpx,מוכל-ב,,,,,24.9,293.9,0.909
הכלה,90,2021-08-06_געתון_יחיעם.gpx,103,2021-09-17_געתון_יחיעם.gpx,מוכל-ב,,,,,10.7,127.9,0.97
הכלה,90,2021-08-06_געתון_יחיעם.gpx,347,2024-01-03_געתון_יחיעם_עין יעקב.gpx,מוכל-ב,,,,,35.7,284.5,0.939
הכלה,90,2021-08-06_געתון_יחיעם.gpx,94,2021-09-05_געתון_יחיעם.gpx,מוכל-ב,,,,,13.3,123.8,0.97
הכלה,90,2021-08-06_געתון_יחיעם.gpx,189,2022-05-06_געתון_יחיעם.gpx,מוכל-ב,,,,,26.2,285,0.939
הכלה,90,2021-08-06_געתון_יחיעם.gpx,179,2022-04-12_געתון_יחיעם.gpx,מוכל-ב,,,,,25.3,292.8,0.939
הכלה,90,2021-08-06_געתון_יחיעם.gpx,474,2026-02-06_יחיעם_געתון_עין יעקב.gpx,מוכל-ב,,,,,24.7,94.6,1
הכלה,90,2021-08-06_געתון_יחיעם.gpx,132,2021-12-10_געתון_יחיעם.gpx,מוכל-ב,,,,,8.5,24.5,1
הכלה,90,2021-08-06_געתון_יחיעם.gpx,256,2022-10-24_געתון_יחיעם.gpx,מוכל-ב,,,,,24.3,292.4,0.939
הכלה,90,2021-08-06_געתון_יחיעם.gpx,141,2022-01-02_געתון_יחיעם.gpx,מוכל-ב,,,,,25.4,292,0.939
הכלה,90,2021-08-06_געתון_יחיעם.gpx,194,2022-05-15_געתון_יחיעם.gpx,מוכל-ב,,,,,23.9,276.6,0.939
הכלה,90,2021-08-06_געתון_יחיעם.gpx,164,2022-02-27_געתון_יחיעם.gpx,מוכל-ב,,,,,29.5,292.3,0.939
הכלה,90,2021-08-06_געתון_יחיעם.gpx,113,2021-10-30_געתון_יחיעם.gpx,מוכל-ב,,,,,12.6,127.3,0.97
הכלה,90,2021-08-06_געתון_יחיעם.gpx,157,2022-02-16_געתון_יחיעם.gpx,מוכל-ב,,,,,30,294.3,0.909
הכלה,90,2021-08-06_געתון_יחיעם.gpx,123,2021-11-22_געתון_יחיעם.gpx,מוכל-ב,,,,,26.7,291.9,0.939
הכלה,90,2021-08-06_געתון_יחיעם.gpx,98,2021-09-10_געתון_יחיעם.gpx,מוכל-ב,,,,,16,127,0.97
הכלה,90,2021-08-06_געתון_יחיעם.gpx,150,2022-01-21_געתון_יחיעם.gpx,מוכל-ב,,,,,28.7,292.6,0.939
הכלה,90,2021-08-06_געתון_יחיעם.gpx,162,2022-02-23_געתון_יחיעם.gpx,מוכל-ב,,,,,26,296.6,0.909
הכלה,90,2021-08-06_געתון_יחיעם.gpx,110,2021-10-06_געתון_יחיעם.gpx,מוכל-ב,,,,,4.9,10.5,1
הכלה,90,2021-08-06_געתון_יחיעם.gpx,127,2021-12-03_יחיעם_געתון.gpx,מוכל-ב,,,,,11.2,21.1,1
הכלה,90,2021-08-06_געתון_יחיעם.gpx,122,2021-11-19_געתון_יחיעם.gpx,מוכל-ב,,,,,24.6,295.1,0.909
הכלה,90,2021-08-06_געתון_יחיעם.gpx,131,2021-12-09_געתון_יחיעם.gpx,מוכל-ב,,,,,25.9,292.5,0.909
הכלה,90,2021-08-06_געתון_יחיעם.gpx,173,2022-04-01_געתון_יחיעם.gpx,מוכל-ב,,,,,24.2,292.9,0.939
הכלה,90,2021-08-06_געתון_יחיעם.gpx,139,2021-12-29_געתון_יחיעם.gpx,מוכל-ב,,,,,23.6,292.5,0.939
הכלה,90,2021-08-06_געתון_יחיעם.gpx,151,2022-01-29_געתון_יחיעם.gpx,מוכל-ב,,,,,24.3,292.6,0.939
הכלה,90,2021-08-06_געתון_יחיעם.gpx,116,2021-11-05_געתון_יחיעם.gpx,מוכל-ב,,,,,16.3,127.2,0.97
הכלה,90,2021-08-06_געתון_יחיעם.gpx,185,2022-04-21_געתון_יחיעם.gpx,מוכל-ב,,,,,12.8,135.8,0.97
חשוד,89,2021-08-04_געתון_יחיעם.gpx,337,2023-10-14_געתון_עין יעקב_יחיעם.gpx,חשוד - לבדיקה ידנית,FALSE,4.1,505.2,89.5,250.5,532,0.321
הכלה,89,2021-08-04_געתון_יחיעם.gpx,137,2021-12-21_געתון_יחיעם.gpx,מוכל-ב,,,,,7.3,17.9,1
הכלה,89,2021-08-04_געתון_יחיעם.gpx,188,2022-05-04_געתון_יחיעם.gpx,מוכל-ב,,,,,8.6,14.3,1
הכלה,89,2021-08-04_געתון_יחיעם.gpx,552,2026-08-09_יחיעם_געתון_עין יעקב.gpx,מוכל-ב,,,,,23.8,117,0.966
הכלה,89,2021-08-04_געתון_יחיעם.gpx,345,2023-12-30_געתון_יחיעם_עין יעקב.gpx,מוכל-ב,,,,,23.5,113.5,0.966
הכלה,89,2021-08-04_געתון_יחיעם.gpx,243,2022-08-21_געתון_יחיעם.gpx,מוכל-ב,,,,,25.6,146.8,0.931
הכלה,89,2021-08-04_געתון_יחיעם.gpx,144,2022-01-10_יחיעם_געתון_עין יעקב.gpx,מוכל-ב,,,,,8.7,18.3,1
הכלה,89,2021-08-04_געתון_יחיעם.gpx,154,2022-02-02_געתון_יחיעם.gpx,מוכל-ב,,,,,9,20.5,1
הכלה,89,2021-08-04_געתון_יחיעם.gpx,145,2022-01-14_געתון_יחיעם.gpx,מוכל-ב,,,,,7.4,14.1,1
הכלה,89,2021-08-04_געתון_יחיעם.gpx,142,2022-01-04_געתון_יחיעם.gpx,מוכל-ב,,,,,10.8,22.7,1
הכלה,89,2021-08-04_געתון_יחיעם.gpx,126,2021-11-28_געתון_יחיעם.gpx,מוכל-ב,,,,,12.3,24.5,1
הכלה,89,2021-08-04_געתון_יחיעם.gpx,346,2023-12-31_געתון_יחיעם_עין יעקב.gpx,מוכל-ב,,,,,25.9,121.1,0.966
הכלה,89,2021-08-04_געתון_יחיעם.gpx,210,2022-06-12_געתון_יחיעם.gpx,מוכל-ב,,,,,9.9,22.2,1
הכלה,89,2021-08-04_געתון_יחיעם.gpx,19,2013-06-21_געתון_נהרייה_כפר ראש הנקרה.gpx,מוכל-ב,,,,,33.6,295.4,0.931
הכלה,89,2021-08-04_געתון_יחיעם.gpx,109,2021-10-03_געתון_יחיעם.gpx,מוכל-ב,,,,,10.6,22.4,1
הכלה,89,2021-08-04_געתון_יחיעם.gpx,348,2024-01-03_געתון_יחיעם_עין יעקב_1.gpx,מוכל-ב,,,,,20.3,86.2,1
הכלה,89,2021-08-04_געתון_יחיעם.gpx,256,2022-10-24_געתון_יחיעם.gpx,מוכל-ב,,,,,11.6,22,1
הכלה,89,2021-08-04_געתון_יחיעם.gpx,124,2021-11-23_געתון_יחיעם.gpx,מוכל-ב,,,,,8.2,16.2,1
הכלה,89,2021-08-04_געתון_יחיעם.gpx,130,2021-12-08_געתון_יחיעם.gpx,מוכל-ב,,,,,9.1,20.7,1
הכלה,89,2021-08-04_געתון_יחיעם.gpx,146,2022-01-15_געתון_יחיעם.gpx,מוכל-ב,,,,,6.2,11.6,1
הכלה,89,2021-08-04_געתון_יחיעם.gpx,90,2021-08-06_געתון_יחיעם.gpx,מוכל-ב,,,,,13.5,22.9,1
הכלה,89,2021-08-04_געתון_יחיעם.gpx,103,2021-09-17_געתון_יחיעם.gpx,מוכל-ב,,,,,16.2,126.7,0.966
הכלה,89,2021-08-04_געתון_יחיעם.gpx,347,2024-01-03_געתון_יחיעם_עין יעקב.gpx,מוכל-ב,,,,,21.1,120.2,0.966
הכלה,89,2021-08-04_געתון_יחיעם.gpx,94,2021-09-05_געתון_יחיעם.gpx,מוכל-ב,,,,,11.9,120.1,0.966
הכלה,89,2021-08-04_געתון_יחיעם.gpx,189,2022-05-06_געתון_יחיעם.gpx,מוכל-ב,,,,,7.9,19.5,1
הכלה,89,2021-08-04_געתון_יחיעם.gpx,179,2022-04-12_געתון_יחיעם.gpx,מוכל-ב,,,,,11,24,1
הכלה,89,2021-08-04_געתון_יחיעם.gpx,474,2026-02-06_יחיעם_געתון_עין יעקב.gpx,מוכל-ב,,,,,21.2,119.9,0.966
הכלה,89,2021-08-04_געתון_יחיעם.gpx,106,2021-09-24_געתון_יחיעם.gpx,מוכל-ב,,,,,26.7,286.8,0.931
הכלה,89,2021-08-04_געתון_יחיעם.gpx,132,2021-12-10_געתון_יחיעם.gpx,מוכל-ב,,,,,12.1,26,1
הכלה,89,2021-08-04_געתון_יחיעם.gpx,141,2022-01-02_געתון_יחיעם.gpx,מוכל-ב,,,,,7.1,16,1
הכלה,89,2021-08-04_געתון_יחיעם.gpx,194,2022-05-15_געתון_יחיעם.gpx,מוכל-ב,,,,,7.8,21.3,1
הכלה,89,2021-08-04_געתון_יחיעם.gpx,164,2022-02-27_געתון_יחיעם.gpx,מוכל-ב,,,,,8.5,21.5,1
הכלה,89,2021-08-04_געתון_יחיעם.gpx,113,2021-10-30_געתון_יחיעם.gpx,מוכל-ב,,,,,13,122.7,0.966
הכלה,89,2021-08-04_געתון_יחיעם.gpx,157,2022-02-16_געתון_יחיעם.gpx,מוכל-ב,,,,,9.7,22.2,1
הכלה,89,2021-08-04_געתון_יחיעם.gpx,123,2021-11-22_געתון_יחיעם.gpx,מוכל-ב,,,,,8.3,20,1
הכלה,89,2021-08-04_געתון_יחיעם.gpx,98,2021-09-10_געתון_יחיעם.gpx,מוכל-ב,,,,,13.4,122.6,0.966
הכלה,89,2021-08-04_געתון_יחיעם.gpx,122,2021-11-19_געתון_יחיעם.gpx,מוכל-ב,,,,,7.9,19.3,1
הכלה,89,2021-08-04_געתון_יחיעם.gpx,150,2022-01-21_געתון_יחיעם.gpx,מוכל-ב,,,,,8.6,15.6,1
הכלה,89,2021-08-04_געתון_יחיעם.gpx,162,2022-02-23_געתון_יחיעם.gpx,מוכל-ב,,,,,12,21.6,1
הכלה,89,2021-08-04_געתון_יחיעם.gpx,110,2021-10-06_געתון_יחיעם.gpx,מוכל-ב,,,,,12.5,24.2,1
הכלה,89,2021-08-04_געתון_יחיעם.gpx,127,2021-12-03_יחיעם_געתון.gpx,מוכל-ב,,,,,5.8,15.5,1
הכלה,89,2021-08-04_געתון_יחיעם.gpx,131,2021-12-09_געתון_יחיעם.gpx,מוכל-ב,,,,,5.6,12.3,1
הכלה,89,2021-08-04_געתון_יחיעם.gpx,173,2022-04-01_געתון_יחיעם.gpx,מוכל-ב,,,,,12.7,28.2,1
הכלה,89,2021-08-04_געתון_יחיעם.gpx,139,2021-12-29_געתון_יחיעם.gpx,מוכל-ב,,,,,7.1,15.9,1
הכלה,89,2021-08-04_געתון_יחיעם.gpx,114,2021-11-01_געתון_יחיעם.gpx,מוכל-ב,,,,,25.7,289.5,0.931
הכלה,89,2021-08-04_געתון_יחיעם.gpx,151,2022-01-29_געתון_יחיעם.gpx,מוכל-ב,,,,,11.6,22.2,1
הכלה,89,2021-08-04_געתון_יחיעם.gpx,116,2021-11-05_געתון_יחיעם.gpx,מוכל-ב,,,,,15.6,122.9,0.966
הכלה,89,2021-08-04_געתון_יחיעם.gpx,185,2022-04-21_געתון_יחיעם.gpx,מוכל-ב,,,,,17.4,134.9,0.966
הכלה,89,2021-08-04_געתון_יחיעם.gpx,115,2021-11-03_געתון_יחיעם.gpx,מוכל-ב,,,,,10.3,118.6,0.966
הכלה,89,2021-08-04_געתון_יחיעם.gpx,257,2022-10-26_געתון_יחיעם.gpx,מוכל-ב,,,,,7.5,18.1,1
הכלה,89,2021-08-04_געתון_יחיעם.gpx,152,2022-01-30_געתון_יחיעם.gpx,מוכל-ב,,,,,9.8,19,1
הכלה,89,2021-08-04_געתון_יחיעם.gpx,177,2022-04-07_געתון_יחיעם.gpx,מוכל-ב,,,,,8.9,26.9,1
הכלה,89,2021-08-04_געתון_יחיעם.gpx,175,2022-04-03_געתון_יחיעם.gpx,מוכל-ב,,,,,9.4,24.6,1
הכלה,89,2021-08-04_געתון_יחיעם.gpx,160,2022-02-19_געתון_יחיעם.gpx,מוכל-ב,,,,,12,25.7,1
הכלה,89,2021-08-04_געתון_יחיעם.gpx,12,2013-05-17_געתון_יחיעם_נהרייה.gpx,מוכל-ב,,,,,25.9,181.3,0.931
הכלה,89,2021-08-04_געתון_יחיעם.gpx,254,2022-10-21_געתון_יחיעם.gpx,מוכל-ב,,,,,11.3,76.4,1
הכלה,89,2021-08-04_געתון_יחיעם.gpx,456,2025-10-16_געתון_יחיעם.gpx,מוכל-ב,,,,,19.6,140.6,0.966
הכלה,89,2021-08-04_געתון_יחיעם.gpx,180,2022-04-13_געתון_יחיעם.gpx,מוכל-ב,,,,,10.1,23.4,1
הכלה,89,2021-08-04_געתון_יחיעם.gpx,97,2021-09-09_געתון_יחיעם.gpx,מוכל-ב,,,,,10,23.1,1
הכלה,89,2021-08-04_געתון_יחיעם.gpx,104,2021-09-20_יחיעם_געתון_עין יעקב.gpx,מוכל-ב,,,,,12.6,24.1,1
הכלה,89,2021-08-04_געתון_יחיעם.gpx,161,2022-02-22_געתון_יחיעם.gpx,מוכל-ב,,,,,9.3,25,1
הכלה,89,2021-08-04_געתון_יחיעם.gpx,95,2021-09-07_געתון_יחיעם.gpx,מוכל-ב,,,,,10.8,23.3,1
הכלה,88,2021-08-03_געתון_יחיעם.gpx,109,2021-10-03_געתון_יחיעם.gpx,מוכל-ב,,,,,9.3,21.6,1
הכלה,88,2021-08-03_געתון_יחיעם.gpx,348,2024-01-03_געתון_יחיעם_עין יעקב_1.gpx,מוכל-ב,,,,,15.5,68.5,1
הכלה,88,2021-08-03_געתון_יחיעם.gpx,124,2021-11-23_געתון_יחיעם.gpx,מוכל-ב,,,,,7.2,17.9,1
הכלה,88,2021-08-03_געתון_יחיעם.gpx,130,2021-12-08_געתון_יחיעם.gpx,מוכל-ב,,,,,7.1,15.9,1
הכלה,88,2021-08-03_געתון_יחיעם.gpx,146,2022-01-15_געתון_יחיעם.gpx,מוכל-ב,,,,,5.6,14.7,1
הכלה,88,2021-08-03_געתון_יחיעם.gpx,90,2021-08-06_געתון_יחיעם.gpx,מוכל-ב,,,,,12.2,23.1,1
הכלה,88,2021-08-03_געתון_יחיעם.gpx,103,2021-09-17_געתון_יחיעם.gpx,מוכל-ב,,,,,16.6,127.4,0.963
הכלה,88,2021-08-03_געתון_יחיעם.gpx,347,2024-01-03_געתון_יחיעם_עין יעקב.gpx,מוכל-ב,,,,,14.5,72.1,1
הכלה,88,2021-08-03_געתון_יחיעם.gpx,94,2021-09-05_געתון_יחיעם.gpx,מוכל-ב,,,,,10.4,121,0.963
הכלה,88,2021-08-03_געתון_יחיעם.gpx,189,2022-05-06_געתון_יחיעם.gpx,מוכל-ב,,,,,8,19.7,1
הכלה,88,2021-08-03_געתון_יחיעם.gpx,179,2022-04-12_געתון_יחיעם.gpx,מוכל-ב,,,,,12,23.9,1
הכלה,88,2021-08-03_געתון_יחיעם.gpx,474,2026-02-06_יחיעם_געתון_עין יעקב.gpx,מוכל-ב,,,,,14,91.9,1
הכלה,88,2021-08-03_געתון_יחיעם.gpx,106,2021-09-24_געתון_יחיעם.gpx,מוכל-ב,,,,,26.2,288,0.926
הכלה,88,2021-08-03_געתון_יחיעם.gpx,132,2021-12-10_געתון_יחיעם.gpx,מוכל-ב,,,,,11.2,24.5,1
הכלה,88,2021-08-03_געתון_יחיעם.gpx,256,2022-10-24_געתון_יחיעם.gpx,מוכל-ב,,,,,10.9,21.3,1
הכלה,88,2021-08-03_געתון_יחיעם.gpx,141,2022-01-02_געתון_יחיעם.gpx,מוכל-ב,,,,,6.3,15.1,1
הכלה,88,2021-08-03_געתון_יחיעם.gpx,12,2013-05-17_געתון_יחיעם_נהרייה.gpx,מוכל-ב,,,,,17.5,182.6,0.963
הכלה,88,2021-08-03_געתון_יחיעם.gpx,194,2022-05-15_געתון_יחיעם.gpx,מוכל-ב,,,,,8.7,20.4,1
הכלה,88,2021-08-03_געתון_יחיעם.gpx,164,2022-02-27_געתון_יחיעם.gpx,מוכל-ב,,,,,6.9,17.6,1
הכלה,88,2021-08-03_געתון_יחיעם.gpx,113,2021-10-30_געתון_יחיעם.gpx,מוכל-ב,,,,,11.6,123.7,0.963
הכלה,88,2021-08-03_געתון_יחיעם.gpx,45,2013-08-17_נתיב השיירה_כברי_געתון.gpx,מוכל-ב,,,,,29.3,298,0.926
הכלה,88,2021-08-03_געתון_יחיעם.gpx,157,2022-02-16_געתון_יחיעם.gpx,מוכל-ב,,,,,8.4,18,1
הכלה,88,2021-08-03_געתון_יחיעם.gpx,54,2013-09-04_עין יעקב_געתון_יחיעם.gpx,מוכל-ב,,,,,31,294.3,0.926
הכלה,88,2021-08-03_געתון_יחיעם.gpx,123,2021-11-22_געתון_יחיעם.gpx,מוכל-ב,,,,,7.2,13.9,1
הכלה,88,2021-08-03_געתון_יחיעם.gpx,98,2021-09-10_געתון_יחיעם.gpx,מוכל-ב,,,,,14.9,123.6,0.963
הכלה,88,2021-08-03_געתון_יחיעם.gpx,150,2022-01-21_געתון_יחיעם.gpx,מוכל-ב,,,,,8,15.7,1
הכלה,88,2021-08-03_געתון_יחיעם.gpx,162,2022-02-23_געתון_יחיעם.gpx,מוכל-ב,,,,,11.6,21.5,1
הכלה,88,2021-08-03_געתון_יחיעם.gpx,110,2021-10-06_געתון_יחיעם.gpx,מוכל-ב,,,,,11.6,24.3,1
הכלה,88,2021-08-03_געתון_יחיעם.gpx,127,2021-12-03_יחיעם_געתון.gpx,מוכל-ב,,,,,5.5,13.9,1
הכלה,88,2021-08-03_געתון_יחיעם.gpx,122,2021-11-19_געתון_יחיעם.gpx,מוכל-ב,,,,,7.1,14.4,1
הכלה,88,2021-08-03_געתון_יחיעם.gpx,131,2021-12-09_געתון_יחיעם.gpx,מוכל-ב,,,,,5.1,11.7,1
הכלה,88,2021-08-03_געתון_יחיעם.gpx,173,2022-04-01_געתון_יחיעם.gpx,מוכל-ב,,,,,11,19.9,1
הכלה,88,2021-08-03_געתון_יחיעם.gpx,139,2021-12-29_געתון_יחיעם.gpx,מוכל-ב,,,,,6.5,15,1
הכלה,88,2021-08-03_געתון_יחיעם.gpx,114,2021-11-01_געתון_יחיעם.gpx,מוכל-ב,,,,,26.5,290.8,0.926
הכלה,88,2021-08-03_געתון_יחיעם.gpx,151,2022-01-29_געתון_יחיעם.gpx,מוכל-ב,,,,,12.8,22.2,1
הכלה,88,2021-08-03_געתון_יחיעם.gpx,116,2021-11-05_געתון_יחיעם.gpx,מוכל-ב,,,,,15,123.9,0.963
הכלה,88,2021-08-03_געתון_יחיעם.gpx,185,2022-04-21_געתון_יחיעם.gpx,מוכל-ב,,,,,17.2,135.6,0.963
הכלה,88,2021-08-03_געתון_יחיעם.gpx,19,2013-06-21_געתון_נהרייה_כפר ראש הנקרה.gpx,מוכל-ב,,,,,33.3,296.6,0.926
הכלה,88,2021-08-03_געתון_יחיעם.gpx,115,2021-11-03_געתון_יחיעם.gpx,מוכל-ב,,,,,11.1,119.6,0.963
הכלה,88,2021-08-03_געתון_יחיעם.gpx,257,2022-10-26_געתון_יחיעם.gpx,מוכל-ב,,,,,6.7,16.5,1
הכלה,88,2021-08-03_געתון_יחיעם.gpx,152,2022-01-30_געתון_יחיעם.gpx,מוכל-ב,,,,,10.1,19.2,1
הכלה,88,2021-08-03_געתון_יחיעם.gpx,177,2022-04-07_געתון_יחיעם.gpx,מוכל-ב,,,,,10.7,55.9,1
הכלה,88,2021-08-03_געתון_יחיעם.gpx,175,2022-04-03_געתון_יחיעם.gpx,מוכל-ב,,,,,7.8,19.8,1
הכלה,88,2021-08-03_געתון_יחיעם.gpx,160,2022-02-19_געתון_יחיעם.gpx,מוכל-ב,,,,,10.8,23.5,1
הכלה,88,2021-08-03_געתון_יחיעם.gpx,254,2022-10-21_געתון_יחיעם.gpx,מוכל-ב,,,,,7.6,24.7,1
הכלה,88,2021-08-03_געתון_יחיעם.gpx,456,2025-10-16_געתון_יחיעם.gpx,מוכל-ב,,,,,12.6,69.1,1
הכלה,88,2021-08-03_געתון_יחיעם.gpx,180,2022-04-13_געתון_יחיעם.gpx,מוכל-ב,,,,,8.8,22.9,1
הכלה,88,2021-08-03_געתון_יחיעם.gpx,47,2013-08-23_געתון_יחיעם.gpx,מוכל-ב,,,,,33.6,291,0.926
הכלה,88,2021-08-03_געתון_יחיעם.gpx,161,2022-02-22_געתון_יחיעם.gpx,מוכל-ב,,,,,7.6,15.9,1
הכלה,88,2021-08-03_געתון_יחיעם.gpx,95,2021-09-07_געתון_יחיעם.gpx,מוכל-ב,,,,,9.6,22.3,1
הכלה,88,2021-08-03_געתון_יחיעם.gpx,137,2021-12-21_געתון_יחיעם.gpx,מוכל-ב,,,,,6.2,16.9,1
הכלה,88,2021-08-03_געתון_יחיעם.gpx,188,2022-05-04_געתון_יחיעם.gpx,מוכל-ב,,,,,8.8,20,1
הכלה,88,2021-08-03_געתון_יחיעם.gpx,97,2021-09-09_געתון_יחיעם.gpx,מוכל-ב,,,,,9.7,21,1
הכלה,88,2021-08-03_געתון_יחיעם.gpx,104,2021-09-20_יחיעם_געתון_עין יעקב.gpx,מוכל-ב,,,,,11.3,24,1
הכלה,88,2021-08-03_געתון_יחיעם.gpx,552,2026-08-09_יחיעם_געתון_עין יעקב.gpx,מוכל-ב,,,,,18.9,90.7,1
הכלה,88,2021-08-03_געתון_יחיעם.gpx,345,2023-12-30_געתון_יחיעם_עין יעקב.gpx,מוכל-ב,,,,,18.6,90.3,1
הכלה,88,2021-08-03_געתון_יחיעם.gpx,243,2022-08-21_געתון_יחיעם.gpx,מוכל-ב,,,,,17,127.2,0.963
הכלה,88,2021-08-03_געתון_יחיעם.gpx,144,2022-01-10_יחיעם_געתון_עין יעקב.gpx,מוכל-ב,,,,,8.4,14.7,1
הכלה,88,2021-08-03_געתון_יחיעם.gpx,154,2022-02-02_געתון_יחיעם.gpx,מוכל-ב,,,,,7.9,17.2,1
הכלה,88,2021-08-03_געתון_יחיעם.gpx,145,2022-01-14_געתון_יחיעם.gpx,מוכל-ב,,,,,6.8,12.4,1
הכלה,88,2021-08-03_געתון_יחיעם.gpx,142,2022-01-04_געתון_יחיעם.gpx,מוכל-ב,,,,,10.1,18,1
הכלה,88,2021-08-03_געתון_יחיעם.gpx,126,2021-11-28_געתון_יחיעם.gpx,מוכל-ב,,,,,11.5,21.1,1
הכלה,88,2021-08-03_געתון_יחיעם.gpx,346,2023-12-31_געתון_יחיעם_עין יעקב.gpx,מוכל-ב,,,,,20.7,78.3,1
הכלה,88,2021-08-03_געתון_יחיעם.gpx,210,2022-06-12_געתון_יחיעם.gpx,מוכל-ב,,,,,10.1,22.9,1
זהה,87,2021-08-01_געתון_יחיעם.gpx,88,2021-08-03_געתון_יחיעם.gpx,זהה,TRUE,0.1,0,3.9,7.3,13,1
הכלה,87,2021-08-01_געתון_יחיעם.gpx,122,2021-11-19_געתון_יחיעם.gpx,מוכל-ב,,,,,7.5,22,1
הכלה,87,2021-08-01_געתון_יחיעם.gpx,19,2013-06-21_געתון_נהרייה_כפר ראש הנקרה.gpx,מוכל-ב,,,,,31.3,286.9,0.926
הכלה,87,2021-08-01_געתון_יחיעם.gpx,162,2022-02-23_געתון_יחיעם.gpx,מוכל-ב,,,,,12.2,20.8,1
הכלה,87,2021-08-01_געתון_יחיעם.gpx,110,2021-10-06_געתון_יחיעם.gpx,מוכל-ב,,,,,13.7,19.7,1
הכלה,87,2021-08-01_געתון_יחיעם.gpx,139,2021-12-29_געתון_יחיעם.gpx,מוכל-ב,,,,,9.1,21.6,1
הכלה,87,2021-08-01_געתון_יחיעם.gpx,114,2021-11-01_געתון_יחיעם.gpx,מוכל-ב,,,,,26.7,280.8,0.926
הכלה,87,2021-08-01_געתון_יחיעם.gpx,151,2022-01-29_געתון_יחיעם.gpx,מוכל-ב,,,,,11.2,20.8,1
הכלה,87,2021-08-01_געתון_יחיעם.gpx,131,2021-12-09_געתון_יחיעם.gpx,מוכל-ב,,,,,9.1,18.3,1
הכלה,87,2021-08-01_געתון_יחיעם.gpx,152,2022-01-30_געתון_יחיעם.gpx,מוכל-ב,,,,,10,17.7,1
הכלה,87,2021-08-01_געתון_יחיעם.gpx,177,2022-04-07_געתון_יחיעם.gpx,מוכל-ב,,,,,11.6,64,1
הכלה,87,2021-08-01_געתון_יחיעם.gpx,47,2013-08-23_געתון_יחיעם.gpx,מוכל-ב,,,,,31,281.2,0.926
הכלה,87,2021-08-01_געתון_יחיעם.gpx,173,2022-04-01_געתון_יחיעם.gpx,מוכל-ב,,,,,12.2,20.7,1
הכלה,87,2021-08-01_געתון_יחיעם.gpx,160,2022-02-19_געתון_יחיעם.gpx,מוכל-ב,,,,,15.2,23.6,1
הכלה,87,2021-08-01_געתון_יחיעם.gpx,116,2021-11-05_געתון_יחיעם.gpx,מוכל-ב,,,,,13.9,114.8,0.963
הכלה,87,2021-08-01_געתון_יחיעם.gpx,185,2022-04-21_געתון_יחיעם.gpx,מוכל-ב,,,,,20.1,126.9,0.963
הכלה,87,2021-08-01_געתון_יחיעם.gpx,254,2022-10-21_געתון_יחיעם.gpx,מוכל-ב,,,,,10.1,17.1,1
הכלה,87,2021-08-01_געתון_יחיעם.gpx,456,2025-10-16_געתון_יחיעם.gpx,מוכל-ב,,,,,9,59.3,1
הכלה,87,2021-08-01_געתון_יחיעם.gpx,115,2021-11-03_געתון_יחיעם.gpx,מוכל-ב,,,,,9,110.6,0.963
הכלה,87,2021-08-01_געתון_יחיעם.gpx,257,2022-10-26_געתון_יחיעם.gpx,מוכל-ב,,,,,9.8,17.1,1
הכלה,87,2021-08-01_געתון_יחיעם.gpx,175,2022-04-03_געתון_יחיעם.gpx,מוכל-ב,,,,,8.6,21.5,1
הכלה,87,2021-08-01_געתון_יחיעם.gpx,161,2022-02-22_געתון_יחיעם.gpx,מוכל-ב,,,,,8.3,22.5,1
הכלה,87,2021-08-01_געתון_יחיעם.gpx,95,2021-09-07_געתון_יחיעם.gpx,מוכל-ב,,,,,9.6,15.1,1
הכלה,87,2021-08-01_געתון_יחיעם.gpx,137,2021-12-21_געתון_יחיעם.gpx,מוכל-ב,,,,,10.8,18.2,1
הכלה,87,2021-08-01_געתון_יחיעם.gpx,180,2022-04-13_געתון_יחיעם.gpx,מוכל-ב,,,,,7.7,21.1,1
הכלה,87,2021-08-01_געתון_יחיעם.gpx,188,2022-05-04_געתון_יחיעם.gpx,מוכל-ב,,,,,7.7,19.2,1
הכלה,87,2021-08-01_געתון_יחיעם.gpx,97,2021-09-09_געתון_יחיעם.gpx,מוכל-ב,,,,,10,19.9,1
הכלה,87,2021-08-01_געתון_יחיעם.gpx,104,2021-09-20_יחיעם_געתון_עין יעקב.gpx,מוכל-ב,,,,,13.1,21.2,1
הכלה,87,2021-08-01_געתון_יחיעם.gpx,552,2026-08-09_יחיעם_געתון_עין יעקב.gpx,מוכל-ב,,,,,21.3,81.5,1
הכלה,87,2021-08-01_געתון_יחיעם.gpx,345,2023-12-30_געתון_יחיעם_עין יעקב.gpx,מוכל-ב,,,,,20,80.4,1
הכלה,87,2021-08-01_געתון_יחיעם.gpx,243,2022-08-21_געתון_יחיעם.gpx,מוכל-ב,,,,,20.2,119.2,0.963
הכלה,87,2021-08-01_געתון_יחיעם.gpx,142,2022-01-04_געתון_יחיעם.gpx,מוכל-ב,,,,,8.3,18.7,1
הכלה,87,2021-08-01_געתון_יחיעם.gpx,144,2022-01-10_יחיעם_געתון_עין יעקב.gpx,מוכל-ב,,,,,7.1,23.6,1
הכלה,87,2021-08-01_געתון_יחיעם.gpx,154,2022-02-02_געתון_יחיעם.gpx,מוכל-ב,,,,,8.4,16.1,1
הכלה,87,2021-08-01_געתון_יחיעם.gpx,145,2022-01-14_געתון_יחיעם.gpx,מוכל-ב,,,,,11.4,18.3,1
הכלה,87,2021-08-01_געתון_יחיעם.gpx,348,2024-01-03_געתון_יחיעם_עין יעקב_1.gpx,מוכל-ב,,,,,16.4,58.3,1
הכלה,87,2021-08-01_געתון_יחיעם.gpx,126,2021-11-28_געתון_יחיעם.gpx,מוכל-ב,,,,,10.6,20.9,1
הכלה,87,2021-08-01_געתון_יחיעם.gpx,346,2023-12-31_געתון_יחיעם_עין יעקב.gpx,מוכל-ב,,,,,21,89,1
הכלה,87,2021-08-01_געתון_יחיעם.gpx,210,2022-06-12_געתון_יחיעם.gpx,מוכל-ב,,,,,9.2,17.3,1
הכלה,87,2021-08-01_געתון_יחיעם.gpx,124,2021-11-23_געתון_יחיעם.gpx,מוכל-ב,,,,,12.2,20,1
הכלה,87,2021-08-01_געתון_יחיעם.gpx,146,2022-01-15_געתון_יחיעם.gpx,מוכל-ב,,,,,8.5,17.9,1
הכלה,87,2021-08-01_געתון_יחיעם.gpx,90,2021-08-06_געתון_יחיעם.gpx,מוכל-ב,,,,,14.4,20.6,1
הכלה,87,2021-08-01_געתון_יחיעם.gpx,103,2021-09-17_געתון_יחיעם.gpx,מוכל-ב,,,,,18.2,119.6,0.963
הכלה,87,2021-08-01_געתון_יחיעם.gpx,347,2024-01-03_געתון_יחיעם_עין יעקב.gpx,מוכל-ב,,,,,17.2,62.7,1
הכלה,87,2021-08-01_געתון_יחיעם.gpx,94,2021-09-05_געתון_יחיעם.gpx,מוכל-ב,,,,,10.3,112.1,0.963
הכלה,87,2021-08-01_געתון_יחיעם.gpx,12,2013-05-17_געתון_יחיעם_נהרייה.gpx,מוכל-ב,,,,,15.6,172.8,0.963
הכלה,87,2021-08-01_געתון_יחיעם.gpx,474,2026-02-06_יחיעם_געתון_עין יעקב.gpx,מוכל-ב,,,,,15.6,95.3,1
הכלה,87,2021-08-01_געתון_יחיעם.gpx,109,2021-10-03_געתון_יחיעם.gpx,מוכל-ב,,,,,11.7,21.8,1
הכלה,87,2021-08-01_געתון_יחיעם.gpx,106,2021-09-24_געתון_יחיעם.gpx,מוכל-ב,,,,,26.7,278.1,0.926
הכלה,87,2021-08-01_געתון_יחיעם.gpx,132,2021-12-10_געתון_יחיעם.gpx,מוכל-ב,,,,,12.3,19.1,1
הכלה,87,2021-08-01_געתון_יחיעם.gpx,256,2022-10-24_געתון_יחיעם.gpx,מוכל-ב,,,,,13.9,23.3,1
הכלה,87,2021-08-01_געתון_יחיעם.gpx,130,2021-12-08_געתון_יחיעם.gpx,מוכל-ב,,,,,5.4,13.5,1
הכלה,87,2021-08-01_געתון_יחיעם.gpx,141,2022-01-02_געתון_יחיעם.gpx,מוכל-ב,,,,,8.7,18.2,1
הכלה,87,2021-08-01_געתון_יחיעם.gpx,189,2022-05-06_געתון_יחיעם.gpx,מוכל-ב,,,,,8.3,18.4,1
הכלה,87,2021-08-01_געתון_יחיעם.gpx,179,2022-04-12_געתון_יחיעם.gpx,מוכל-ב,,,,,11.5,20.8,1
הכלה,87,2021-08-01_געתון_יחיעם.gpx,54,2013-09-04_עין יעקב_געתון_יחיעם.gpx,מוכל-ב,,,,,31.9,284.5,0.926
הכלה,87,2021-08-01_געתון_יחיעם.gpx,194,2022-05-15_געתון_יחיעם.gpx,מוכל-ב,,,,,7.3,18.1,1
הכלה,87,2021-08-01_געתון_יחיעם.gpx,157,2022-02-16_געתון_יחיעם.gpx,מוכל-ב,,,,,8.3,24,1
הכלה,87,2021-08-01_געתון_יחיעם.gpx,45,2013-08-17_נתיב השיירה_כברי_געתון.gpx,מוכל-ב,,,,,29.6,287.9,0.926
הכלה,87,2021-08-01_געתון_יחיעם.gpx,164,2022-02-27_געתון_יחיעם.gpx,מוכל-ב,,,,,8.1,21.6,1
הכלה,87,2021-08-01_געתון_יחיעם.gpx,113,2021-10-30_געתון_יחיעם.gpx,מוכל-ב,,,,,12.3,114.5,0.963
הכלה,87,2021-08-01_געתון_יחיעם.gpx,150,2022-01-21_געתון_יחיעם.gpx,מוכל-ב,,,,,7,17.7,1
הכלה,87,2021-08-01_געתון_יחיעם.gpx,77,2013-10-11_כברי_נהרייה_שלומי.gpx,מוכל-ב,,,,,33.7,289,0.926
הכלה,87,2021-08-01_געתון_יחיעם.gpx,127,2021-12-03_יחיעם_געתון.gpx,מוכל-ב,,,,,7.1,20,1
הכלה,87,2021-08-01_געתון_יחיעם.gpx,123,2021-11-22_געתון_יחיעם.gpx,מוכל-ב,,,,,5.4,12.4,1
הכלה,87,2021-08-01_געתון_יחיעם.gpx,98,2021-09-10_געתון_יחיעם.gpx,מוכל-ב,,,,,12.9,114.5,0.963
זהה,86,2021-07-29_געתון_יחיעם.gpx,88,2021-08-03_געתון_יחיעם.gpx,זהה,TRUE,0.4,3.7,7.2,11.4,19.4,1
זהה,86,2021-07-29_געתון_יחיעם.gpx,87,2021-08-01_געתון_יחיעם.gpx,זהה,FALSE,0.5,3.7,5.6,16.2,24.4,1
הכלה,86,2021-07-29_געתון_יחיעם.gpx,123,2021-11-22_געתון_יחיעם.gpx,מוכל-ב,,,,,13.4,23.2,1
הכלה,86,2021-07-29_געתון_יחיעם.gpx,98,2021-09-10_געתון_יחיעם.gpx,מוכל-ב,,,,,13.4,126,0.963
הכלה,86,2021-07-29_געתון_יחיעם.gpx,122,2021-11-19_געתון_יחיעם.gpx,מוכל-ב,,,,,11.8,23.2,1
הכלה,86,2021-07-29_געתון_יחיעם.gpx,150,2022-01-21_געתון_יחיעם.gpx,מוכל-ב,,,,,10.8,22.1,1
הכלה,86,2021-07-29_געתון_יחיעם.gpx,162,2022-02-23_געתון_יחיעם.gpx,מוכל-ב,,,,,9.6,21.1,1
הכלה,86,2021-07-29_געתון_יחיעם.gpx,110,2021-10-06_געתון_יחיעם.gpx,מוכל-ב,,,,,6.9,17.7,1
הכלה,86,2021-07-29_געתון_יחיעם.gpx,127,2021-12-03_יחיעם_געתון.gpx,מוכל-ב,,,,,11.8,21.6,1
הכלה,86,2021-07-29_געתון_יחיעם.gpx,131,2021-12-09_געתון_יחיעם.gpx,מוכל-ב,,,,,11.8,22.1,1
הכלה,86,2021-07-29_געתון_יחיעם.gpx,173,2022-04-01_געתון_יחיעם.gpx,מוכל-ב,,,,,8.7,21.8,1
הכלה,86,2021-07-29_געתון_יחיעם.gpx,139,2021-12-29_געתון_יחיעם.gpx,מוכל-ב,,,,,9.9,22.1,1
הכלה,86,2021-07-29_געתון_יחיעם.gpx,151,2022-01-29_געתון_יחיעם.gpx,מוכל-ב,,,,,9,23.1,1
הכלה,86,2021-07-29_געתון_יחיעם.gpx,116,2021-11-05_געתון_יחיעם.gpx,מוכל-ב,,,,,19.4,126.1,0.963
הכלה,86,2021-07-29_געתון_יחיעם.gpx,185,2022-04-21_געתון_יחיעם.gpx,מוכל-ב,,,,,12.7,135.1,0.963
הכלה,86,2021-07-29_געתון_יחיעם.gpx,115,2021-11-03_געתון_יחיעם.gpx,מוכל-ב,,,,,18.3,121.7,0.963
הכלה,86,2021-07-29_געתון_יחיעם.gpx,257,2022-10-26_געתון_יחיעם.gpx,מוכל-ב,,,,,9.7,20.3,1
הכלה,86,2021-07-29_געתון_יחיעם.gpx,152,2022-01-30_געתון_יחיעם.gpx,מוכל-ב,,,,,8.2,21.9,1
הכלה,86,2021-07-29_געתון_יחיעם.gpx,177,2022-04-07_געתון_יחיעם.gpx,מוכל-ב,,,,,13.9,46.5,1
הכלה,86,2021-07-29_געתון_יחיעם.gpx,175,2022-04-03_געתון_יחיעם.gpx,מוכל-ב,,,,,13.5,21,1
הכלה,86,2021-07-29_געתון_יחיעם.gpx,12,2013-05-17_געתון_יחיעם_נהרייה.gpx,מוכל-ב,,,,,24,186.4,0.963
הכלה,86,2021-07-29_געתון_יחיעם.gpx,160,2022-02-19_געתון_יחיעם.gpx,מוכל-ב,,,,,7,18.6,1
הכלה,86,2021-07-29_געתון_יחיעם.gpx,254,2022-10-21_געתון_יחיעם.gpx,מוכל-ב,,,,,12.7,19.7,1
הכלה,86,2021-07-29_געתון_יחיעם.gpx,456,2025-10-16_געתון_יחיעם.gpx,מוכל-ב,,,,,11.2,74,1
הכלה,86,2021-07-29_געתון_יחיעם.gpx,180,2022-04-13_געתון_יחיעם.gpx,מוכל-ב,,,,,14.7,24,1
הכלה,86,2021-07-29_געתון_יחיעם.gpx,97,2021-09-09_געתון_יחיעם.gpx,מוכל-ב,,,,,13.2,18.6,1
הכלה,86,2021-07-29_געתון_יחיעם.gpx,104,2021-09-20_יחיעם_געתון_עין יעקב.gpx,מוכל-ב,,,,,11,19.6,1
הכלה,86,2021-07-29_געתון_יחיעם.gpx,161,2022-02-22_געתון_יחיעם.gpx,מוכל-ב,,,,,12.1,24.3,1
הכלה,86,2021-07-29_געתון_יחיעם.gpx,95,2021-09-07_געתון_יחיעם.gpx,מוכל-ב,,,,,7.2,15.3,1
הכלה,86,2021-07-29_געתון_יחיעם.gpx,137,2021-12-21_געתון_יחיעם.gpx,מוכל-ב,,,,,9.3,24.8,1
הכלה,86,2021-07-29_געתון_יחיעם.gpx,188,2022-05-04_געתון_יחיעם.gpx,מוכל-ב,,,,,9.7,22.2,1
הכלה,86,2021-07-29_געתון_יחיעם.gpx,552,2026-08-09_יחיעם_געתון_עין יעקב.gpx,מוכל-ב,,,,,15.6,86.8,1
הכלה,86,2021-07-29_געתון_יחיעם.gpx,345,2023-12-30_געתון_יחיעם_עין יעקב.gpx,מוכל-ב,,,,,13.6,95,1
הכלה,86,2021-07-29_געתון_יחיעם.gpx,243,2022-08-21_געתון_יחיעם.gpx,מוכל-ב,,,,,13.3,127.2,0.963
הכלה,86,2021-07-29_געתון_יחיעם.gpx,144,2022-01-10_יחיעם_געתון_עין יעקב.gpx,מוכל-ב,,,,,10.8,25,1
הכלה,86,2021-07-29_געתון_יחיעם.gpx,154,2022-02-02_געתון_יחיעם.gpx,מוכל-ב,,,,,12.3,23.8,1
הכלה,86,2021-07-29_געתון_יחיעם.gpx,145,2022-01-14_געתון_יחיעם.gpx,מוכל-ב,,,,,9.6,22.2,1
הכלה,86,2021-07-29_געתון_יחיעם.gpx,142,2022-01-04_געתון_יחיעם.gpx,מוכל-ב,,,,,13.7,22.4,1
הכלה,86,2021-07-29_געתון_יחיעם.gpx,126,2021-11-28_געתון_יחיעם.gpx,מוכל-ב,,,,,14,20.9,1
הכלה,86,2021-07-29_געתון_יחיעם.gpx,346,2023-12-31_געתון_יחיעם_עין יעקב.gpx,מוכל-ב,,,,,23.3,77.1,1
הכלה,86,2021-07-29_געתון_יחיעם.gpx,210,2022-06-12_געתון_יחיעם.gpx,מוכל-ב,,,,,9.8,21.5,1
הכלה,86,2021-07-29_געתון_יחיעם.gpx,109,2021-10-03_געתון_יחיעם.gpx,מוכל-ב,,,,,8.3,17.1,1
הכלה,86,2021-07-29_געתון_יחיעם.gpx,348,2024-01-03_געתון_יחיעם_עין יעקב_1.gpx,מוכל-ב,,,,,18.4,74.2,1
הכלה,86,2021-07-29_געתון_יחיעם.gpx,256,2022-10-24_געתון_יחיעם.gpx,מוכל-ב,,,,,10.3,22.4,1
הכלה,86,2021-07-29_געתון_יחיעם.gpx,124,2021-11-23_געתון_יחיעם.gpx,מוכל-ב,,,,,8.6,19.1,1
הכלה,86,2021-07-29_געתון_יחיעם.gpx,130,2021-12-08_געתון_יחיעם.gpx,מוכל-ב,,,,,15.3,23.6,1
הכלה,86,2021-07-29_געתון_יחיעם.gpx,146,2022-01-15_געתון_יחיעם.gpx,מוכל-ב,,,,,10.6,22.5,1
הכלה,86,2021-07-29_געתון_יחיעם.gpx,90,2021-08-06_געתון_יחיעם.gpx,מוכל-ב,,,,,8.2,21.2,1
הכלה,86,2021-07-29_געתון_יחיעם.gpx,103,2021-09-17_געתון_יחיעם.gpx,מוכל-ב,,,,,10.8,127.2,0.963
הכלה,86,2021-07-29_געתון_יחיעם.gpx,347,2024-01-03_געתון_יחיעם_עין יעקב.gpx,מוכל-ב,,,,,17.4,75.7,1
הכלה,86,2021-07-29_געתון_יחיעם.gpx,94,2021-09-05_געתון_יחיעם.gpx,מוכל-ב,,,,,17.9,122.8,0.963
הכלה,86,2021-07-29_געתון_יחיעם.gpx,189,2022-05-06_געתון_יחיעם.gpx,מוכל-ב,,,,,9.4,22.7,1
הכלה,86,2021-07-29_געתון_יחיעם.gpx,179,2022-04-12_געתון_יחיעם.gpx,מוכל-ב,,,,,8.9,21.7,1
הכלה,86,2021-07-29_געתון_יחיעם.gpx,474,2026-02-06_יחיעם_געתון_עין יעקב.gpx,מוכל-ב,,,,,18.2,80,1
הכלה,86,2021-07-29_געתון_יחיעם.gpx,106,2021-09-24_געתון_יחיעם.gpx,מוכל-ב,,,,,25.4,292.2,0.926
הכלה,86,2021-07-29_געתון_יחיעם.gpx,132,2021-12-10_געתון_יחיעם.gpx,מוכל-ב,,,,,9.6,24,1
הכלה,86,2021-07-29_געתון_יחיעם.gpx,141,2022-01-02_געתון_יחיעם.gpx,מוכל-ב,,,,,9.6,24.8,1
הכלה,86,2021-07-29_געתון_יחיעם.gpx,194,2022-05-15_געתון_יחיעם.gpx,מוכל-ב,,,,,11.2,24.4,1
הכלה,86,2021-07-29_געתון_יחיעם.gpx,164,2022-02-27_געתון_יחיעם.gpx,מוכל-ב,,,,,13.5,21.7,1
הכלה,86,2021-07-29_געתון_יחיעם.gpx,113,2021-10-30_געתון_יחיעם.gpx,מוכל-ב,,,,,17.6,126.2,0.963
הכלה,86,2021-07-29_געתון_יחיעם.gpx,157,2022-02-16_געתון_יחיעם.gpx,מוכל-ב,,,,,14.5,23.9,1
זהה,85,2021-07-26_געתון_יחיעם.gpx,88,2021-08-03_געתון_יחיעם.gpx,זהה,TRUE,0.8,24.2,21.5,15.5,87.8,1
זהה,85,2021-07-26_געתון_יחיעם.gpx,86,2021-07-29_געתון_יחיעם.gpx,זהה,FALSE,1.3,20.5,15.9,11.9,89.9,1
זהה,85,2021-07-26_געתון_יחיעם.gpx,87,2021-08-01_געתון_יחיעם.gpx,זהה,FALSE,0.7,24.2,17.9,16.3,88.9,1
הכלה,85,2021-07-26_געתון_יחיעם.gpx,180,2022-04-13_געתון_יחיעם.gpx,מוכל-ב,,,,,14.3,24.2,1
הכלה,85,2021-07-26_געתון_יחיעם.gpx,188,2022-05-04_געתון_יחיעם.gpx,מוכל-ב,,,,,12.4,21.4,1
הכלה,85,2021-07-26_געתון_יחיעם.gpx,97,2021-09-09_געתון_יחיעם.gpx,מוכל-ב,,,,,10.2,19.3,1
הכלה,85,2021-07-26_געתון_יחיעם.gpx,104,2021-09-20_יחיעם_געתון_עין יעקב.gpx,מוכל-ב,,,,,15.2,25.2,1
הכלה,85,2021-07-26_געתון_יחיעם.gpx,552,2026-08-09_יחיעם_געתון_עין יעקב.gpx,מוכל-ב,,,,,20.8,91.4,1
הכלה,85,2021-07-26_געתון_יחיעם.gpx,345,2023-12-30_געתון_יחיעם_עין יעקב.gpx,מוכל-ב,,,,,18.4,87.8,1
הכלה,85,2021-07-26_געתון_יחיעם.gpx,243,2022-08-21_געתון_יחיעם.gpx,מוכל-ב,,,,,19.9,117.8,0.963
הכלה,85,2021-07-26_געתון_יחיעם.gpx,144,2022-01-10_יחיעם_געתון_עין יעקב.gpx,מוכל-ב,,,,,10.7,29.6,1
הכלה,85,2021-07-26_געתון_יחיעם.gpx,154,2022-02-02_געתון_יחיעם.gpx,מוכל-ב,,,,,13.1,23.5,1
הכלה,85,2021-07-26_געתון_יחיעם.gpx,142,2022-01-04_געתון_יחיעם.gpx,מוכל-ב,,,,,9.6,22.7,1
הכלה,85,2021-07-26_געתון_יחיעם.gpx,346,2023-12-31_געתון_יחיעם_עין יעקב.gpx,מוכל-ב,,,,,24.6,102,0.963
הכלה,85,2021-07-26_געתון_יחיעם.gpx,210,2022-06-12_געתון_יחיעם.gpx,מוכל-ב,,,,,12.4,24.9,1
הכלה,85,2021-07-26_געתון_יחיעם.gpx,145,2022-01-14_געתון_יחיעם.gpx,מוכל-ב,,,,,9.7,21.3,1
הכלה,85,2021-07-26_געתון_יחיעם.gpx,348,2024-01-03_געתון_יחיעם_עין יעקב_1.gpx,מוכל-ב,,,,,17.6,68,1
הכלה,85,2021-07-26_געתון_יחיעם.gpx,126,2021-11-28_געתון_יחיעם.gpx,מוכל-ב,,,,,14.4,25.4,1
הכלה,85,2021-07-26_געתון_יחיעם.gpx,124,2021-11-23_געתון_יחיעם.gpx,מוכל-ב,,,,,9.9,18.7,1
הכלה,85,2021-07-26_געתון_יחיעם.gpx,146,2022-01-15_געתון_יחיעם.gpx,מוכל-ב,,,,,10.9,23.9,1
הכלה,85,2021-07-26_געתון_יחיעם.gpx,90,2021-08-06_געתון_יחיעם.gpx,מוכל-ב,,,,,10.1,18.2,1
הכלה,85,2021-07-26_געתון_יחיעם.gpx,103,2021-09-17_געתון_יחיעם.gpx,מוכל-ב,,,,,12.5,117.8,0.963
הכלה,85,2021-07-26_געתון_יחיעם.gpx,347,2024-01-03_געתון_יחיעם_עין יעקב.gpx,מוכל-ב,,,,,20.7,83.9,1
הכלה,85,2021-07-26_געתון_יחיעם.gpx,94,2021-09-05_געתון_יחיעם.gpx,מוכל-ב,,,,,16,114,0.963
הכלה,85,2021-07-26_געתון_יחיעם.gpx,474,2026-02-06_יחיעם_געתון_עין יעקב.gpx,מוכל-ב,,,,,23.9,93.8,1
הכלה,85,2021-07-26_געתון_יחיעם.gpx,109,2021-10-03_געתון_יחיעם.gpx,מוכל-ב,,,,,9.5,17.1,1
הכלה,85,2021-07-26_געתון_יחיעם.gpx,106,2021-09-24_געתון_יחיעם.gpx,מוכל-ב,,,,,28.3,284.3,0.926
הכלה,85,2021-07-26_געתון_יחיעם.gpx,132,2021-12-10_געתון_יחיעם.gpx,מוכל-ב,,,,,9.4,23.9,1
הכלה,85,2021-07-26_געתון_יחיעם.gpx,256,2022-10-24_געתון_יחיעם.gpx,מוכל-ב,,,,,10.2,24.8,1
הכלה,85,2021-07-26_געתון_יחיעם.gpx,130,2021-12-08_געתון_יחיעם.gpx,מוכל-ב,,,,,12.9,20.7,1
הכלה,85,2021-07-26_געתון_יחיעם.gpx,141,2022-01-02_געתון_יחיעם.gpx,מוכל-ב,,,,,9.9,22.2,1
הכלה,85,2021-07-26_געתון_יחיעם.gpx,12,2013-05-17_געתון_יחיעם_נהרייה.gpx,מוכל-ב,,,,,26,178.4,0.963
הכלה,85,2021-07-26_געתון_יחיעם.gpx,189,2022-05-06_געתון_יחיעם.gpx,מוכל-ב,,,,,11.6,21.6,1
הכלה,85,2021-07-26_געתון_יחיעם.gpx,179,2022-04-12_געתון_יחיעם.gpx,מוכל-ב,,,,,10.8,22.5,1
הכלה,85,2021-07-26_געתון_יחיעם.gpx,194,2022-05-15_געתון_יחיעם.gpx,מוכל-ב,,,,,12.1,23.2,1
הכלה,85,2021-07-26_געתון_יחיעם.gpx,45,2013-08-17_נתיב השיירה_כברי_געתון.gpx,מוכל-ב,,,,,36.3,294.9,0.926
הכלה,85,2021-07-26_געתון_יחיעם.gpx,54,2013-09-04_עין יעקב_געתון_יחיעם.gpx,מוכל-ב,,,,,36.6,289.8,0.926
הכלה,85,2021-07-26_געתון_יחיעם.gpx,157,2022-02-16_געתון_יחיעם.gpx,מוכל-ב,,,,,14.9,24.1,1
הכלה,85,2021-07-26_געתון_יחיעם.gpx,164,2022-02-27_געתון_יחיעם.gpx,מוכל-ב,,,,,14.4,23.9,1
הכלה,85,2021-07-26_געתון_יחיעם.gpx,113,2021-10-30_געתון_יחיעם.gpx,מוכל-ב,,,,,15.1,117.7,0.963
הכלה,85,2021-07-26_געתון_יחיעם.gpx,77,2013-10-11_כברי_נהרייה_שלומי.gpx,מוכל-ב,,,,,34.7,295.6,0.926
הכלה,85,2021-07-26_געתון_יחיעם.gpx,150,2022-01-21_געתון_יחיעם.gpx,מוכל-ב,,,,,13.2,20.7,1
הכלה,85,2021-07-26_געתון_יחיעם.gpx,127,2021-12-03_יחיעם_געתון.gpx,מוכל-ב,,,,,12.7,21.7,1
הכלה,85,2021-07-26_געתון_יחיעם.gpx,123,2021-11-22_געתון_יחיעם.gpx,מוכל-ב,,,,,12.7,25.5,1
הכלה,85,2021-07-26_געתון_יחיעם.gpx,98,2021-09-10_געתון_יחיעם.gpx,מוכל-ב,,,,,15.2,117.4,0.963
הכלה,85,2021-07-26_געתון_יחיעם.gpx,122,2021-11-19_געתון_יחיעם.gpx,מוכל-ב,,,,,11.3,22,1
הכלה,85,2021-07-26_געתון_יחיעם.gpx,131,2021-12-09_געתון_יחיעם.gpx,מוכל-ב,,,,,11.3,21.3,1
הכלה,85,2021-07-26_געתון_יחיעם.gpx,162,2022-02-23_געתון_יחיעם.gpx,מוכל-ב,,,,,12,23.1,1
הכלה,85,2021-07-26_געתון_יחיעם.gpx,110,2021-10-06_געתון_יחיעם.gpx,מוכל-ב,,,,,9.3,21,1
הכלה,85,2021-07-26_געתון_יחיעם.gpx,139,2021-12-29_געתון_יחיעם.gpx,מוכל-ב,,,,,9.5,21.2,1
הכלה,85,2021-07-26_געתון_יחיעם.gpx,114,2021-11-01_געתון_יחיעם.gpx,מוכל-ב,,,,,29.6,287.4,0.926
הכלה,85,2021-07-26_געתון_יחיעם.gpx,151,2022-01-29_געתון_יחיעם.gpx,מוכל-ב,,,,,9.9,24.7,1
הכלה,85,2021-07-26_געתון_יחיעם.gpx,116,2021-11-05_געתון_יחיעם.gpx,מוכל-ב,,,,,18.5,117.5,0.963
הכלה,85,2021-07-26_געתון_יחיעם.gpx,19,2013-06-21_געתון_נהרייה_כפר ראש הנקרה.gpx,מוכל-ב,,,,,36,291.7,0.926
הכלה,85,2021-07-26_געתון_יחיעם.gpx,115,2021-11-03_געתון_יחיעם.gpx,מוכל-ב,,,,,15.5,113.1,0.963
הכלה,85,2021-07-26_געתון_יחיעם.gpx,257,2022-10-26_געתון_יחיעם.gpx,מוכל-ב,,,,,11.4,23.9,1
הכלה,85,2021-07-26_געתון_יחיעם.gpx,152,2022-01-30_געתון_יחיעם.gpx,מוכל-ב,,,,,10.4,24.6,1
הכלה,85,2021-07-26_געתון_יחיעם.gpx,177,2022-04-07_געתון_יחיעם.gpx,מוכל-ב,,,,,12.4,41,1
הכלה,85,2021-07-26_געתון_יחיעם.gpx,173,2022-04-01_געתון_יחיעם.gpx,מוכל-ב,,,,,10.9,25,1
הכלה,85,2021-07-26_געתון_יחיעם.gpx,160,2022-02-19_געתון_יחיעם.gpx,מוכל-ב,,,,,9.9,21.3,1
הכלה,85,2021-07-26_געתון_יחיעם.gpx,185,2022-04-21_געתון_יחיעם.gpx,מוכל-ב,,,,,16.4,125.6,0.963
הכלה,85,2021-07-26_געתון_יחיעם.gpx,254,2022-10-21_געתון_יחיעם.gpx,מוכל-ב,,,,,13.9,89.9,1
הכלה,85,2021-07-26_געתון_יחיעם.gpx,456,2025-10-16_געתון_יחיעם.gpx,מוכל-ב,,,,,15.3,92.2,1
הכלה,85,2021-07-26_געתון_יחיעם.gpx,47,2013-08-23_געתון_יחיעם.gpx,מוכל-ב,,,,,32.6,286.8,0.926
הכלה,85,2021-07-26_געתון_יחיעם.gpx,175,2022-04-03_געתון_יחיעם.gpx,מוכל-ב,,,,,15.3,23.8,1
הכלה,85,2021-07-26_געתון_יחיעם.gpx,161,2022-02-22_געתון_יחיעם.gpx,מוכל-ב,,,,,12,24.9,1
הכלה,85,2021-07-26_געתון_יחיעם.gpx,95,2021-09-07_געתון_יחיעם.gpx,מוכל-ב,,,,,9.5,21.3,1
הכלה,85,2021-07-26_געתון_יחיעם.gpx,137,2021-12-21_געתון_יחיעם.gpx,מוכל-ב,,,,,10.6,20.1,1
הכלה,83,2017_0620_Yarkon_TA_RG.gpx,575,tlv.gpx,מוכל-ב,,,,,62.8,230.5,0.929
חשוד,79,2015-07-06_געתון_עין יעקב_יחיעם.gpx,192,2022-05-12_געתון_יחיעם.gpx,חשוד - לבדיקה ידנית,TRUE,2.4,106,3.6,307,1619.9,0.629
חשוד,79,2015-07-06_געתון_עין יעקב_יחיעם.gpx,237,2022-08-10_געתון_יחיעם_עין יעקב.gpx,חשוד - לבדיקה ידנית,TRUE,0.5,99.4,3.9,158.1,886.9,0.69
חשוד,79,2015-07-06_געתון_עין יעקב_יחיעם.gpx,210,2022-06-12_געתון_יחיעם.gpx,חשוד - לבדיקה ידנית,FALSE,0.6,96.1,4.5,279.6,1622.2,0.62
חשוד,79,2015-07-06_געתון_עין יעקב_יחיעם.gpx,208,2022-06-09_געתון_יחיעם_עין יעקב.gpx,חשוד - לבדיקה ידנית,FALSE,2.5,99.1,2.9,303.8,1623.5,0.629
חשוד,79,2015-07-06_געתון_עין יעקב_יחיעם.gpx,215,2022-06-21_געתון_יחיעם_עין יעקב.gpx,חשוד - לבדיקה ידנית,TRUE,2.5,102.1,2.9,308,1617.6,0.614
חשוד,79,2015-07-06_געתון_עין יעקב_יחיעם.gpx,212,2022-06-16_געתון_יחיעם_עין יעקב.gpx,חשוד - לבדיקה ידנית,TRUE,1.4,97.8,3.5,315.1,1611,0.62
חשוד,79,2015-07-06_געתון_עין יעקב_יחיעם.gpx,360,2024-03-09_געתון_עין יעקב.gpx,חשוד - לבדיקה ידנית,FALSE,3.9,70.8,7.8,373.5,1655.9,0.594
חשוד,79,2015-07-06_געתון_עין יעקב_יחיעם.gpx,264,2022-11-17_געתון_יחיעם.gpx,חשוד - לבדיקה ידנית,FALSE,1.4,101.9,3.4,387.1,1450.4,0.486
חשוד,79,2015-07-06_געתון_עין יעקב_יחיעם.gpx,195,2022-05-18_געתון_יחיעם.gpx,חשוד - לבדיקה ידנית,TRUE,2.7,102.3,2,301.9,1614.1,0.629
חשוד,79,2015-07-06_געתון_עין יעקב_יחיעם.gpx,429,2025-03-02_געתון_עין יעקב_יחיעם.gpx,חשוד - לבדיקה ידנית,TRUE,4.2,102.3,2.2,403.3,1289.5,0.444
חשוד,79,2015-07-06_געתון_עין יעקב_יחיעם.gpx,291,2023-02-17_געתון_יחיעם_עין יעקב.gpx,חשוד - לבדיקה ידנית,TRUE,2.8,102.6,10.6,393.2,1447.8,0.444
חשוד,76,2013-10-09_עין יעקב_געתון.gpx,291,2023-02-17_געתון_יחיעם_עין יעקב.gpx,חשוד - לבדיקה ידנית,TRUE,2.8,25.2,7.5,129.6,862.7,0.757
חשוד,76,2013-10-09_עין יעקב_געתון.gpx,264,2022-11-17_געתון_יחיעם.gpx,חשוד - לבדיקה ידנית,FALSE,4.1,23.8,1.2,133,822.7,0.74
חשוד,75,2013-10-06_עין יעקב_געתון.gpx,104,2021-09-20_יחיעם_געתון_עין יעקב.gpx,חשוד - לבדיקה ידנית,FALSE,2.7,12.6,4.6,289.6,951.3,0.49
חשוד,75,2013-10-06_עין יעקב_געתון.gpx,512,2026-05-27_עין יעקב_געתון.gpx,חשוד - לבדיקה ידנית,FALSE,1.5,6.5,5.2,208,636.8,0.449
חשוד,75,2013-10-06_עין יעקב_געתון.gpx,144,2022-01-10_יחיעם_געתון_עין יעקב.gpx,חשוד - לבדיקה ידנית,FALSE,4.1,11.5,7.9,261,835.5,0.383
הכלה,75,2013-10-06_עין יעקב_געתון.gpx,76,2013-10-09_עין יעקב_געתון.gpx,מוכל-ב,,,,,12,23.3,1
חשוד,74,2013-10-06_מעונה_עין יעקב_געתון.gpx,513,2026-05-30_געתון_עין יעקב_מעיליא.gpx,חשוד - לבדיקה ידנית,TRUE,2,362.4,4.6,168.5,901.2,0.716
חשוד,72,2013-10-02_געתון_עין יעקב_מעיליא.gpx,484,2026-03-06_עין יעקב_געתון_כברי.gpx,חשוד - לבדיקה ידנית,FALSE,3,457,1.8,374.4,1660.4,0.448
חשוד,72,2013-10-02_געתון_עין יעקב_מעיליא.gpx,256,2022-10-24_געתון_יחיעם.gpx,חשוד - לבדיקה ידנית,FALSE,3.2,477.9,8,329.3,1507.5,0.514
חשוד,72,2013-10-02_געתון_עין יעקב_מעיליא.gpx,513,2026-05-30_געתון_עין יעקב_מעיליא.gpx,חשוד - לבדיקה ידנית,TRUE,1.2,481,2.1,210.9,1119.4,0.685
חשוד,72,2013-10-02_געתון_עין יעקב_מעיליא.gpx,277,2022-12-16_געתון_יחיעם_עין יעקב.gpx,חשוד - לבדיקה ידנית,FALSE,4.8,480.6,5.5,280.5,1560,0.583
חשוד,72,2013-10-02_געתון_עין יעקב_מעיליא.gpx,257,2022-10-26_געתון_יחיעם.gpx,חשוד - לבדיקה ידנית,FALSE,3,478.5,6.8,333.3,1548.9,0.514
חשוד,72,2013-10-02_געתון_עין יעקב_מעיליא.gpx,74,2013-10-06_מעונה_עין יעקב_געתון.gpx,חשוד - לבדיקה ידנית,FALSE,3.2,127.8,2.9,59.1,884.6,0.935
הכלה,72,2013-10-02_געתון_עין יעקב_מעיליא.gpx,67,2013-09-25_געתון_עין יעקב_מעיליא.gpx,מוכל-ב,,,,,12.7,109.1,1
חשוד,71,2013-10-01_געתון_עין יעקב.gpx,293,2023-02-20_געתון_יחיעם_עין יעקב.gpx,חשוד - לבדיקה ידנית,TRUE,0.1,10.1,10.8,135.6,796.2,0.747
חשוד,71,2013-10-01_געתון_עין יעקב.gpx,478,2026-02-24_עין יעקב_מעונה_געתון.gpx,חשוד - לבדיקה ידנית,TRUE,3.3,7.6,5.1,81.4,794.5,0.863
חשוד,71,2013-10-01_געתון_עין יעקב.gpx,255,2022-10-23_געתון_יחיעם.gpx,חשוד - לבדיקה ידנית,FALSE,4,7,3,351.5,1793.9,0.56
חשוד,71,2013-10-01_געתון_עין יעקב.gpx,279,2022-12-21_געתון_יחיעם.gpx,חשוד - לבדיקה ידנית,FALSE,0.3,9.4,8.8,136.7,802.2,0.737
הכלה,71,2013-10-01_געתון_עין יעקב.gpx,196,2022-05-19_געתון_מעונה_עין יעקב.gpx,מוכל-ב,,,,,34.7,311.4,0.947
הכלה,71,2013-10-01_געתון_עין יעקב.gpx,626,יער הדובים השיירה סינגל בני.gpx,מוכל-ב,,,,,16.5,119.1,1
הכלה,71,2013-10-01_געתון_עין יעקב.gpx,475,2026-02-07_מעיליא_מנות_הילה.gpx,מוכל-ב,,,,,30.1,252.5,0.958
הכלה,71,2013-10-01_געתון_עין יעקב.gpx,551,2026-08-08_מנות_כברי_הילה.gpx,מוכל-ב,,,,,13.6,116.4,1
הכלה,71,2013-10-01_געתון_עין יעקב.gpx,543,2026-07-19_עין יעקב_מנות_עבדון.gpx,מוכל-ב,,,,,29.4,259.4,0.958
הכלה,71,2013-10-01_געתון_עין יעקב.gpx,67,2013-09-25_געתון_עין יעקב_מעיליא.gpx,מוכל-ב,,,,,13,23,1
הכלה,71,2013-10-01_געתון_עין יעקב.gpx,60,2013-09-13_עין יעקב_מעיליא_מנות.gpx,מוכל-ב,,,,,14.2,59.3,1
הכלה,71,2013-10-01_געתון_עין יעקב.gpx,74,2013-10-06_מעונה_עין יעקב_געתון.gpx,מוכל-ב,,,,,14.3,26,1
הכלה,71,2013-10-01_געתון_עין יעקב.gpx,52,2013-08-30_מעונה_עין יעקב_געתון.gpx,מוכל-ב,,,,,34,299.6,0.968
הכלה,71,2013-10-01_געתון_עין יעקב.gpx,56,2013-09-07_געתון_מעונה_גשר הזיו.gpx,מוכל-ב,,,,,9.7,21.8,1
הכלה,71,2013-10-01_געתון_עין יעקב.gpx,29,2013-07-19_עין יעקב_מעונה_מנות.gpx,מוכל-ב,,,,,12.5,35.5,1
הכלה,71,2013-10-01_געתון_עין יעקב.gpx,43,2013-08-14_געתון_מעונה_עין יעקב.gpx,מוכל-ב,,,,,14.2,36.1,1
הכלה,71,2013-10-01_געתון_עין יעקב.gpx,24,2013-07-08_עין יעקב_מעונה_געתון.gpx,מוכל-ב,,,,,14.4,36,1
הכלה,71,2013-10-01_געתון_עין יעקב.gpx,70,2013-09-28_עין יעקב_מזרעה_שבי ציון.gpx,מוכל-ב,,,,,20.3,151.2,1
הכלה,71,2013-10-01_געתון_עין יעקב.gpx,72,2013-10-02_געתון_עין יעקב_מעיליא.gpx,מוכל-ב,,,,,11.9,26.4,1
הכלה,71,2013-10-01_געתון_עין יעקב.gpx,496,2026-04-16_עין יעקב_מעונה_געתון.gpx,מוכל-ב,,,,,15.5,120.5,1
הכלה,71,2013-10-01_געתון_עין יעקב.gpx,25,2013-07-10_עין יעקב_מעונה_געתון.gpx,מוכל-ב,,,,,12.5,27.9,1
הכלה,71,2013-10-01_געתון_עין יעקב.gpx,36,2013-08-01_מעונה_עין יעקב_געתון.gpx,מוכל-ב,,,,,15.6,35,1
חשוד,70,2013-09-28_עין יעקב_מזרעה_שבי ציון.gpx,226,2022-07-11_געתון_כברי_כפר ראש הנקרה.gpx,חשוד - לבדיקה ידנית,FALSE,1.1,944.5,13.5,780,4833.4,0.575
חשוד,70,2013-09-28_עין יעקב_מזרעה_שבי ציון.gpx,543,2026-07-19_עין יעקב_מנות_עבדון.gpx,חשוד - לבדיקה ידנית,TRUE,2.6,939.5,15.8,1077.5,4525,0.549
חשוד,70,2013-09-28_עין יעקב_מזרעה_שבי ציון.gpx,201,2022-05-29_געתון_כברי_לימן.gpx,חשוד - לבדיקה ידנית,FALSE,3.6,943.1,19.8,817.1,4847.4,0.556
חשוד,70,2013-09-28_עין יעקב_מזרעה_שבי ציון.gpx,227,2022-07-15_געתון_כברי_לימן.gpx,חשוד - לבדיקה ידנית,TRUE,5,944.4,16.9,808.8,4833.9,0.554
חשוד,70,2013-09-28_עין יעקב_מזרעה_שבי ציון.gpx,241,2022-08-19_געתון_כברי_לימן.gpx,חשוד - לבדיקה ידנית,FALSE,4.8,941.4,12.2,818.7,4850.8,0.552
חשוד,67,2013-09-25_געתון_עין יעקב_מעיליא.gpx,265,2022-11-18_געתון_יחיעם_עין יעקב.gpx,חשוד - לבדיקה ידנית,FALSE,3.4,11.2,6.3,314.8,1563,0.512
חשוד,66,2013-09-23_עין יעקב_מעונה_מעיליא.gpx,547,2026-07-30_06-19-24_fi_EF2EA3AB-B22D-4FEF-A61B-A6DEA644C568.gpx,חשוד - לבדיקה ידנית,TRUE,3.1,368,9.6,193.7,917,0.702
חשוד,66,2013-09-23_עין יעקב_מעונה_מעיליא.gpx,559,2026-08-15_עין יעקב_הילה_געתון.gpx,חשוד - לבדיקה ידנית,FALSE,4.7,332.8,4.9,224.3,922.4,0.638
חשוד,65,2013-09-21_כברי_נהרייה_געתון.gpx,536,2026-07-07_עבדון_געתון_יערה.gpx,חשוד - לבדיקה ידנית,FALSE,0.2,597.6,737.7,1008.1,2589.4,0.336
חשוד,65,2013-09-21_כברי_נהרייה_געתון.gpx,551,2026-08-08_מנות_כברי_הילה.gpx,חשוד - לבדיקה ידנית,TRUE,3.3,596.7,744.6,1368.9,5258.3,0.492
הכלה,64,2013-09-20_עבדון_יערה_אילון.gpx,536,2026-07-07_עבדון_געתון_יערה.gpx,מוכל-ב,,,,,57.7,802.3,0.932
הכלה,64,2013-09-20_עבדון_יערה_אילון.gpx,524,2026-06-13 כברי_גורן-הקטן_נוף-חניתה_כברי.gpx,מוכל-ב,,,,,54.6,798.7,0.932
חשוד,63,2013-09-19_עין יעקב_מעיליא_געתון.gpx,405,2024-10-19_געתון_עין יעקב_יחיעם.gpx,חשוד - לבדיקה ידנית,FALSE,2.7,69.7,3.7,135.5,422.4,0.649
חשוד,60,2013-09-13_עין יעקב_מעיליא_מנות.gpx,167,2022-03-04_געתון_כברי_יחיעם.gpx,חשוד - לבדיקה ידנית,TRUE,3.4,740.9,2.2,280.4,2016.9,0.797
חשוד,60,2013-09-13_עין יעקב_מעיליא_מנות.gpx,66,2013-09-23_עין יעקב_מעונה_מעיליא.gpx,חשוד - לבדיקה ידנית,FALSE,1.5,402.5,6.2,267.8,1181.9,0.582
הכלה,60,2013-09-13_עין יעקב_מעיליא_מנות.gpx,543,2026-07-19_עין יעקב_מנות_עבדון.gpx,מוכל-ב,,,,,58.6,401.5,0.986
חשוד,59,2013-09-12_עין יעקב_מעיליא_מעונה.gpx,63,2013-09-19_עין יעקב_מעיליא_געתון.gpx,חשוד - לבדיקה ידנית,TRUE,3.9,8,33.5,75.4,647.3,0.848
הכלה,59,2013-09-12_עין יעקב_מעיליא_מעונה.gpx,67,2013-09-25_געתון_עין יעקב_מעיליא.gpx,מוכל-ב,,,,,14.8,132.4,1
הכלה,59,2013-09-12_עין יעקב_מעיליא_מעונה.gpx,60,2013-09-13_עין יעקב_מעיליא_מנות.gpx,מוכל-ב,,,,,69.6,830.5,0.902
הכלה,59,2013-09-12_עין יעקב_מעיליא_מעונה.gpx,72,2013-10-02_געתון_עין יעקב_מעיליא.gpx,מוכל-ב,,,,,16,43.3,1
הכלה,59,2013-09-12_עין יעקב_מעיליא_מעונה.gpx,66,2013-09-23_עין יעקב_מעונה_מעיליא.gpx,מוכל-ב,,,,,16.3,49.9,1
חשוד,57,2013-09-08_געתון_יחיעם_עין יעקב.gpx,268,2022-11-24_געתון_יחיעם_עין יעקב.gpx,חשוד - לבדיקה ידנית,TRUE,4.3,12,6.5,192,783.6,0.579
חשוד,57,2013-09-08_געתון_יחיעם_עין יעקב.gpx,276,2022-12-12_געתון_יחיעם_עין יעקב.gpx,חשוד - לבדיקה ידנית,TRUE,3.6,16.4,64.8,208.9,792.5,0.545
חשוד,57,2013-09-08_געתון_יחיעם_עין יעקב.gpx,356,2024-02-25_געתון_עין יעקב.gpx,חשוד - לבדיקה ידנית,TRUE,4.9,27.9,25.5,200.3,1325.9,0.658
חשוד,57,2013-09-08_געתון_יחיעם_עין יעקב.gpx,263,2022-11-11_געתון_יחיעם.gpx,חשוד - לבדיקה ידנית,FALSE,0.3,15,11.5,170.4,808.4,0.696
חשוד,57,2013-09-08_געתון_יחיעם_עין יעקב.gpx,363,2024-03-29_געתון_עין יעקב.gpx,חשוד - לבדיקה ידנית,TRUE,3.9,15.7,53.9,204.8,1358.9,0.688
חשוד,57,2013-09-08_געתון_יחיעם_עין יעקב.gpx,405,2024-10-19_געתון_עין יעקב_יחיעם.gpx,חשוד - לבדיקה ידנית,FALSE,3.3,89.4,5.5,298.6,620.1,0.286
הכלה,57,2013-09-08_געתון_יחיעם_עין יעקב.gpx,265,2022-11-18_געתון_יחיעם_עין יעקב.gpx,מוכל-ב,,,,,10.2,33.6,1
הכלה,57,2013-09-08_געתון_יחיעם_עין יעקב.gpx,541,2026-07-14_שבי ציון_כברי_נהרייה.gpx,מוכל-ב,,,,,18.3,25.7,1
הכלה,57,2013-09-08_געתון_יחיעם_עין יעקב.gpx,528,2026-06-24 געתון_נהריה_ראש-הנקרה_נהריה_געתון.gpx,מוכל-ב,,,,,8.7,32.7,1
הכלה,57,2013-09-08_געתון_יחיעם_עין יעקב.gpx,492,2026-04-08_געתון_כברי_גשר הזיו.gpx,מוכל-ב,,,,,8.1,32.3,1
הכלה,57,2013-09-08_געתון_יחיעם_עין יעקב.gpx,543,2026-07-19_עין יעקב_מנות_עבדון.gpx,מוכל-ב,,,,,11.8,33.4,1
הכלה,57,2013-09-08_געתון_יחיעם_עין יעקב.gpx,216,2022-06-24_מנות_מעיליא_כברי.gpx,מוכל-ב,,,,,18.5,31.9,1
הכלה,57,2013-09-08_געתון_יחיעם_עין יעקב.gpx,68,2013-09-26_געתון_כפר ורדים_מנות.gpx,מוכל-ב,,,,,13.1,25.8,1
הכלה,57,2013-09-08_געתון_יחיעם_עין יעקב.gpx,25,2013-07-10_עין יעקב_מעונה_געתון.gpx,מוכל-ב,,,,,13.5,30.4,1
הכלה,57,2013-09-08_געתון_יחיעם_עין יעקב.gpx,214,2022-06-19_געתון_כברי_לימן.gpx,מוכל-ב,,,,,8.1,31.8,1
הכלה,57,2013-09-08_געתון_יחיעם_עין יעקב.gpx,536,2026-07-07_עבדון_געתון_יערה.gpx,מוכל-ב,,,,,7.6,35.4,1
הכלה,57,2013-09-08_געתון_יחיעם_עין יעקב.gpx,201,2022-05-29_געתון_כברי_לימן.gpx,מוכל-ב,,,,,13.7,31.3,1
הכלה,57,2013-09-08_געתון_יחיעם_עין יעקב.gpx,221,2022-07-02_יחיעם_געתון_עין יעקב.gpx,מוכל-ב,,,,,11.9,31.4,1
הכלה,57,2013-09-08_געתון_יחיעם_עין יעקב.gpx,32,2013-07-25_געתון_שלומי_כברי.gpx,מוכל-ב,,,,,15.9,32.2,1
הכלה,57,2013-09-08_געתון_יחיעם_עין יעקב.gpx,551,2026-08-08_מנות_כברי_הילה.gpx,מוכל-ב,,,,,8.9,32.4,1
הכלה,57,2013-09-08_געתון_יחיעם_עין יעקב.gpx,277,2022-12-16_געתון_יחיעם_עין יעקב.gpx,מוכל-ב,,,,,7.8,36.1,1
הכלה,57,2013-09-08_געתון_יחיעם_עין יעקב.gpx,520,2026-06-06_געתון_בוסתן הגליל_נתיב השיירה.gpx,מוכל-ב,,,,,9.6,33.5,1
הכלה,57,2013-09-08_געתון_יחיעם_עין יעקב.gpx,255,2022-10-23_געתון_יחיעם.gpx,מוכל-ב,,,,,6.9,21.1,1
הכלה,57,2013-09-08_געתון_יחיעם_עין יעקב.gpx,488,2026-03-18_געתון_כברי_גשר הזיו.gpx,מוכל-ב,,,,,9.2,33,1
הכלה,57,2013-09-08_געתון_יחיעם_עין יעקב.gpx,535,2026-07-04_מעיליא_מנות_הילה.gpx,מוכל-ב,,,,,8.6,27,1
הכלה,57,2013-09-08_געתון_יחיעם_עין יעקב.gpx,36,2013-08-01_מעונה_עין יעקב_געתון.gpx,מוכל-ב,,,,,20,33.7,1
הכלה,57,2013-09-08_געתון_יחיעם_עין יעקב.gpx,278,2022-12-17_מנות_מעיליא_הילה.gpx,מוכל-ב,,,,,14.5,38.3,1
הכלה,57,2013-09-08_געתון_יחיעם_עין יעקב.gpx,280,2022-12-23_געתון_כברי_לימן.gpx,מוכל-ב,,,,,10.5,34.5,1
הכלה,57,2013-09-08_געתון_יחיעם_עין יעקב.gpx,70,2013-09-28_עין יעקב_מזרעה_שבי ציון.gpx,מוכל-ב,,,,,18.8,146.4,1
הכלה,57,2013-09-08_געתון_יחיעם_עין יעקב.gpx,159,2022-02-18_געתון_כברי_גשר הזיו.gpx,מוכל-ב,,,,,10.7,38.2,1
הכלה,57,2013-09-08_געתון_יחיעם_עין יעקב.gpx,275,2022-12-10_מנות_הילה_כברי.gpx,מוכל-ב,,,,,18.1,34.6,1
הכלה,57,2013-09-08_געתון_יחיעם_עין יעקב.gpx,228,2022-07-16_מנות_געתון_מעיליא.gpx,מוכל-ב,,,,,17.6,32.2,1
הכלה,57,2013-09-08_געתון_יחיעם_עין יעקב.gpx,505,2026-05-13_עבדון_כברי_גורן.gpx,מוכל-ב,,,,,18.9,33,1
הכלה,57,2013-09-08_געתון_יחיעם_עין יעקב.gpx,257,2022-10-26_געתון_יחיעם.gpx,מוכל-ב,,,,,11.8,40.2,1
הכלה,57,2013-09-08_געתון_יחיעם_עין יעקב.gpx,282,2022-12-30_געתון_כברי_לימן.gpx,מוכל-ב,,,,,9.2,39.4,1
הכלה,57,2013-09-08_געתון_יחיעם_עין יעקב.gpx,558,2026-08-14_געתון_כברי_מצובה.gpx,מוכל-ב,,,,,5.3,33.6,1
הכלה,57,2013-09-08_געתון_יחיעם_עין יעקב.gpx,197,2022-05-20_געתון_כברי_לימן.gpx,מוכל-ב,,,,,13.2,32.7,1
הכלה,57,2013-09-08_געתון_יחיעם_עין יעקב.gpx,74,2013-10-06_מעונה_עין יעקב_געתון.gpx,מוכל-ב,,,,,19.1,26.5,1
הכלה,57,2013-09-08_געתון_יחיעם_עין יעקב.gpx,160,2022-02-19_געתון_יחיעם.gpx,מוכל-ב,,,,,7,36.7,1
הכלה,57,2013-09-08_געתון_יחיעם_עין יעקב.gpx,519,2026-06-06 געתון_רגבה_עכו.gpx,מוכל-ב,,,,,10.7,37.8,1
הכלה,57,2013-09-08_געתון_יחיעם_עין יעקב.gpx,28,2013-07-15_געתון_שבי ציון_גשר הזיו.gpx,מוכל-ב,,,,,10.4,34.9,1
הכלה,57,2013-09-08_געתון_יחיעם_עין יעקב.gpx,193,2022-05-14_מנות_געתון_מעיליא.gpx,מוכל-ב,,,,,16.1,34.5,1
הכלה,57,2013-09-08_געתון_יחיעם_עין יעקב.gpx,479,2026-02-25_שבי ציון_נהרייה_כברי.gpx,מוכל-ב,,,,,7.4,34.2,1
הכלה,57,2013-09-08_געתון_יחיעם_עין יעקב.gpx,534,2026-07-04 געתון_חרדלית_מנות_הילה_עין_זיו_חרדלית_געתון.gpx,מוכל-ב,,,,,15,25.2,1
הכלה,57,2013-09-08_געתון_יחיעם_עין יעקב.gpx,540,2026-07-14_שבי ציון_געתון_נהרייה.gpx,מוכל-ב,,,,,12.3,38.8,1
הכלה,57,2013-09-08_געתון_יחיעם_עין יעקב.gpx,439,2025-08-28_געתון_כברי_לימן.gpx,מוכל-ב,,,,,10.8,41.2,1
הכלה,57,2013-09-08_געתון_יחיעם_עין יעקב.gpx,209,2022-06-11_מנות_מעיליא_כברי.gpx,מוכל-ב,,,,,15.8,33.3,1
הכלה,57,2013-09-08_געתון_יחיעם_עין יעקב.gpx,60,2013-09-13_עין יעקב_מעיליא_מנות.gpx,מוכל-ב,,,,,20.3,56.4,1
הכלה,57,2013-09-08_געתון_יחיעם_עין יעקב.gpx,161,2022-02-22_געתון_יחיעם.gpx,מוכל-ב,,,,,10.5,35.2,1
הכלה,57,2013-09-08_געתון_יחיעם_עין יעקב.gpx,238,2022-08-13_מנות_הילה_מעיליא.gpx,מוכל-ב,,,,,18.7,32.7,1
הכלה,57,2013-09-08_געתון_יחיעם_עין יעקב.gpx,44,2013-08-16_געתון_שלומי_כפר ראש הנקרה.gpx,מוכל-ב,,,,,9,42,1
הכלה,57,2013-09-08_געתון_יחיעם_עין יעקב.gpx,72,2013-10-02_געתון_עין יעקב_מעיליא.gpx,מוכל-ב,,,,,7.3,22,1
הכלה,57,2013-09-08_געתון_יחיעם_עין יעקב.gpx,67,2013-09-25_געתון_עין יעקב_מעיליא.gpx,מוכל-ב,,,,,8.8,17.5,1
הכלה,57,2013-09-08_געתון_יחיעם_עין יעקב.gpx,42,2013-08-12_געתון_כברי_לימן.gpx,מוכל-ב,,,,,8.3,47.9,1
הכלה,57,2013-09-08_געתון_יחיעם_עין יעקב.gpx,562,Gaaton shomrat.gpx,מוכל-ב,,,,,34.1,318.2,0.938
הכלה,57,2013-09-08_געתון_יחיעם_עין יעקב.gpx,227,2022-07-15_געתון_כברי_לימן.gpx,מוכל-ב,,,,,8.1,30.1,1
הכלה,57,2013-09-08_געתון_יחיעם_עין יעקב.gpx,167,2022-03-04_געתון_כברי_יחיעם.gpx,מוכל-ב,,,,,8.1,40.2,1
הכלה,57,2013-09-08_געתון_יחיעם_עין יעקב.gpx,71,2013-10-01_געתון_עין יעקב.gpx,מוכל-ב,,,,,6.7,11.6,1
הכלה,57,2013-09-08_געתון_יחיעם_עין יעקב.gpx,448,2025-09-23_געתון_כברי_לימן.gpx,מוכל-ב,,,,,18.5,32.3,1
הכלה,57,2013-09-08_געתון_יחיעם_עין יעקב.gpx,183,2022-04-16_מנות_הילה_מעיליא.gpx,מוכל-ב,,,,,14.3,36.1,1
הכלה,57,2013-09-08_געתון_יחיעם_עין יעקב.gpx,62,2013-09-18_געתון_מעיליא_מנות.gpx,מוכל-ב,,,,,8.5,16.1,1
הכלה,57,2013-09-08_געתון_יחיעם_עין יעקב.gpx,284,2023-01-10_געתון_כברי_לימן.gpx,מוכל-ב,,,,,7.1,35.3,1
הכלה,57,2013-09-08_געתון_יחיעם_עין יעקב.gpx,224,2022-07-08_מנות_געתון_הילה.gpx,מוכל-ב,,,,,19.6,32.5,1
הכלה,57,2013-09-08_געתון_יחיעם_עין יעקב.gpx,35,2013-07-30_מעונה_עין יעקב_געתון.gpx,מוכל-ב,,,,,7.9,38.9,1
הכלה,57,2013-09-08_געתון_יחיעם_עין יעקב.gpx,65,2013-09-21_כברי_נהרייה_געתון.gpx,מוכל-ב,,,,,61.3,602,0.912
הכלה,57,2013-09-08_געתון_יחיעם_עין יעקב.gpx,281,2022-12-28_געתון_גשר הזיו_כברי.gpx,מוכל-ב,,,,,9.5,35.6,1
הכלה,57,2013-09-08_געתון_יחיעם_עין יעקב.gpx,242,2022-08-20_געתון_מנות_מעיליא.gpx,מוכל-ב,,,,,18.5,32,1
הכלה,57,2013-09-08_געתון_יחיעם_עין יעקב.gpx,241,2022-08-19_געתון_כברי_לימן.gpx,מוכל-ב,,,,,7.7,34,1
הכלה,57,2013-09-08_געתון_יחיעם_עין יעקב.gpx,496,2026-04-16_עין יעקב_מעונה_געתון.gpx,מוכל-ב,,,,,16.2,36.4,1
הכלה,57,2013-09-08_געתון_יחיעם_עין יעקב.gpx,482,2026-02-28_געתון_כברי.gpx,מוכל-ב,,,,,13.3,33.6,1
הכלה,57,2013-09-08_געתון_יחיעם_עין יעקב.gpx,165,2022-02-28_געתון_כברי_לימן.gpx,מוכל-ב,,,,,7.8,32.9,1
הכלה,57,2013-09-08_געתון_יחיעם_עין יעקב.gpx,48,2013-08-24_מזרעה_שבי ציון_געתון.gpx,מוכל-ב,,,,,17.6,29.6,1
הכלה,57,2013-09-08_געתון_יחיעם_עין יעקב.gpx,626,יער הדובים השיירה סינגל בני.gpx,מוכל-ב,,,,,17,33.8,1
הכלה,57,2013-09-08_געתון_יחיעם_עין יעקב.gpx,484,2026-03-06_עין יעקב_געתון_כברי.gpx,מוכל-ב,,,,,23.4,51.9,1
הכלה,57,2013-09-08_געתון_יחיעם_עין יעקב.gpx,232,2022-07-23_געתון_נווה זיו.gpx,מוכל-ב,,,,,10.4,34.2,1
הכלה,57,2013-09-08_געתון_יחיעם_עין יעקב.gpx,239,2022-08-14_געתון_כברי_לימן.gpx,מוכל-ב,,,,,11.8,29.8,1
הכלה,57,2013-09-08_געתון_יחיעם_עין יעקב.gpx,52,2013-08-30_מעונה_עין יעקב_געתון.gpx,מוכל-ב,,,,,15.1,85.4,1
הכלה,57,2013-09-08_געתון_יחיעם_עין יעקב.gpx,200,2022-05-27_געתון_כברי_לימן.gpx,מוכל-ב,,,,,14,36.8,1
הכלה,57,2013-09-08_געתון_יחיעם_עין יעקב.gpx,230,2022-07-19_כברי_געתון_לימן.gpx,מוכל-ב,,,,,17.8,38.9,1
הכלה,57,2013-09-08_געתון_יחיעם_עין יעקב.gpx,453,2025-10-02_געתון_כברי_גשר הזיו.gpx,מוכל-ב,,,,,10.4,37.7,1
הכלה,57,2013-09-08_געתון_יחיעם_עין יעקב.gpx,256,2022-10-24_געתון_יחיעם.gpx,מוכל-ב,,,,,8.6,34.1,1
הכלה,57,2013-09-08_געתון_יחיעם_עין יעקב.gpx,196,2022-05-19_געתון_מעונה_עין יעקב.gpx,מוכל-ב,,,,,14.8,36.2,1
הכלה,57,2013-09-08_געתון_יחיעם_עין יעקב.gpx,452,2025-10-01_שבי ציון_כברי_נהרייה.gpx,מוכל-ב,,,,,8.8,39.2,1
הכלה,57,2013-09-08_געתון_יחיעם_עין יעקב.gpx,475,2026-02-07_מעיליא_מנות_הילה.gpx,מוכל-ב,,,,,17.2,33.2,1
הכלה,57,2013-09-08_געתון_יחיעם_עין יעקב.gpx,156,2022-02-11_געתון_כברי_לימן.gpx,מוכל-ב,,,,,8.9,38,1
הכלה,57,2013-09-08_געתון_יחיעם_עין יעקב.gpx,29,2013-07-19_עין יעקב_מעונה_מנות.gpx,מוכל-ב,,,,,8.1,39.1,1
הכלה,57,2013-09-08_געתון_יחיעם_עין יעקב.gpx,447,2025-09-22_שבי ציון_כברי_נהרייה.gpx,מוכל-ב,,,,,19.6,36.2,1
הכלה,57,2013-09-08_געתון_יחיעם_עין יעקב.gpx,206,2022-06-04_געתון_כברי_נהרייה.gpx,מוכל-ב,,,,,10,34.3,1
הכלה,57,2013-09-08_געתון_יחיעם_עין יעקב.gpx,34,2013-07-27_געתון_כברי_מנות.gpx,מוכל-ב,,,,,13.8,32.1,1
הכלה,57,2013-09-08_געתון_יחיעם_עין יעקב.gpx,262,2022-11-09_געתון_יחיעם.gpx,מוכל-ב,,,,,15.2,35.3,1
הכלה,57,2013-09-08_געתון_יחיעם_עין יעקב.gpx,226,2022-07-11_געתון_כברי_כפר ראש הנקרה.gpx,מוכל-ב,,,,,15.1,35.9,1
הכלה,57,2013-09-08_געתון_יחיעם_עין יעקב.gpx,270,2022-12-03_מנות_הילה_מעיליא.gpx,מוכל-ב,,,,,14.5,37.8,1
הכלה,57,2013-09-08_געתון_יחיעם_עין יעקב.gpx,56,2013-09-07_געתון_מעונה_גשר הזיו.gpx,מוכל-ב,,,,,5.9,11.4,1
הכלה,57,2013-09-08_געתון_יחיעם_עין יעקב.gpx,497,2026-04-20_כברי_געתון_גשר הזיו.gpx,מוכל-ב,,,,,11.2,31.7,1
הכלה,57,2013-09-08_געתון_יחיעם_עין יעקב.gpx,286,2023-01-18_געתון_כברי_גשר הזיו.gpx,מוכל-ב,,,,,13.5,38.7,1
הכלה,57,2013-09-08_געתון_יחיעם_עין יעקב.gpx,26,2013-07-12_געתון_שלומי_כפר ראש הנקרה.gpx,מוכל-ב,,,,,14.8,39.9,1
הכלה,57,2013-09-08_געתון_יחיעם_עין יעקב.gpx,211,2022-06-15_געתון_כברי_לימן.gpx,מוכל-ב,,,,,8,32.3,1
הכלה,57,2013-09-08_געתון_יחיעם_עין יעקב.gpx,502,2026-05-07_געתון_כברי_לימן.gpx,מוכל-ב,,,,,15.2,32.9,1
הכלה,57,2013-09-08_געתון_יחיעם_עין יעקב.gpx,490,2026-03-25_געתון_גשר הזיו_כברי.gpx,מוכל-ב,,,,,7.9,36,1
הכלה,57,2013-09-08_געתון_יחיעם_עין יעקב.gpx,43,2013-08-14_געתון_מעונה_עין יעקב.gpx,מוכל-ב,,,,,10.7,38.2,1
הכלה,57,2013-09-08_געתון_יחיעם_עין יעקב.gpx,24,2013-07-08_עין יעקב_מעונה_געתון.gpx,מוכל-ב,,,,,18.6,30.4,1
הכלה,57,2013-09-08_געתון_יחיעם_עין יעקב.gpx,61,2013-09-14_עין המפרץ_געתון_מזרעה.gpx,מוכל-ב,,,,,8.5,18.3,1
הכלה,57,2013-09-08_געתון_יחיעם_עין יעקב.gpx,550,2026-08-08_געתון_כברי_מנות.gpx,מוכל-ב,,,,,15.8,32,1
הכלה,55,2013-09-05_געתון_יחיעם_עין יעקב.gpx,227,2022-07-15_געתון_כברי_לימן.gpx,מוכל-ב,,,,,16.7,54.6,1
הכלה,55,2013-09-05_געתון_יחיעם_עין יעקב.gpx,279,2022-12-21_געתון_יחיעם.gpx,מוכל-ב,,,,,14.2,56.8,1
הכלה,55,2013-09-05_געתון_יחיעם_עין יעקב.gpx,192,2022-05-12_געתון_יחיעם.gpx,מוכל-ב,,,,,16.6,54.5,1
הכלה,55,2013-09-05_געתון_יחיעם_עין יעקב.gpx,241,2022-08-19_געתון_כברי_לימן.gpx,מוכל-ב,,,,,15.9,57.5,1
הכלה,55,2013-09-05_געתון_יחיעם_עין יעקב.gpx,208,2022-06-09_געתון_יחיעם_עין יעקב.gpx,מוכל-ב,,,,,13.9,57.1,1
הכלה,55,2013-09-05_געתון_יחיעם_עין יעקב.gpx,215,2022-06-21_געתון_יחיעם_עין יעקב.gpx,מוכל-ב,,,,,15.2,56.5,1
הכלה,55,2013-09-05_געתון_יחיעם_עין יעקב.gpx,79,2015-07-06_געתון_עין יעקב_יחיעם.gpx,מוכל-ב,,,,,21.8,114.5,0.926
הכלה,55,2013-09-05_געתון_יחיעם_עין יעקב.gpx,47,2013-08-23_געתון_יחיעם.gpx,מוכל-ב,,,,,9.3,28.2,1
הכלה,55,2013-09-05_געתון_יחיעם_עין יעקב.gpx,293,2023-02-20_געתון_יחיעם_עין יעקב.gpx,מוכל-ב,,,,,11.7,60.4,1
הכלה,55,2013-09-05_געתון_יחיעם_עין יעקב.gpx,292,2023-02-18_געתון_יחיעם_עין יעקב.gpx,מוכל-ב,,,,,18.8,65.8,1
הכלה,55,2013-09-05_געתון_יחיעם_עין יעקב.gpx,239,2022-08-14_געתון_כברי_לימן.gpx,מוכל-ב,,,,,15.2,53.3,1
הכלה,55,2013-09-05_געתון_יחיעם_עין יעקב.gpx,212,2022-06-16_געתון_יחיעם_עין יעקב.gpx,מוכל-ב,,,,,18.6,58.6,1
הכלה,55,2013-09-05_געתון_יחיעם_עין יעקב.gpx,200,2022-05-27_געתון_כברי_לימן.gpx,מוכל-ב,,,,,14,51.8,1
הכלה,55,2013-09-05_געתון_יחיעם_עין יעקב.gpx,76,2013-10-09_עין יעקב_געתון.gpx,מוכל-ב,,,,,28.8,109.4,0.926
הכלה,55,2013-09-05_געתון_יחיעם_עין יעקב.gpx,206,2022-06-04_געתון_כברי_נהרייה.gpx,מוכל-ב,,,,,16.2,53.7,1
הכלה,55,2013-09-05_געתון_יחיעם_עין יעקב.gpx,226,2022-07-11_געתון_כברי_כפר ראש הנקרה.gpx,מוכל-ב,,,,,11.6,52.2,1
הכלה,55,2013-09-05_געתון_יחיעם_עין יעקב.gpx,195,2022-05-18_געתון_יחיעם.gpx,מוכל-ב,,,,,17.9,56.6,1
הכלה,55,2013-09-05_געתון_יחיעם_עין יעקב.gpx,265,2022-11-18_געתון_יחיעם_עין יעקב.gpx,מוכל-ב,,,,,10.8,55.7,1
הכלה,55,2013-09-05_געתון_יחיעם_עין יעקב.gpx,264,2022-11-17_געתון_יחיעם.gpx,מוכל-ב,,,,,13.3,56.3,1
הכלה,55,2013-09-05_געתון_יחיעם_עין יעקב.gpx,201,2022-05-29_געתון_כברי_לימן.gpx,מוכל-ב,,,,,14.6,57.7,1
הכלה,55,2013-09-05_געתון_יחיעם_עין יעקב.gpx,199,2022-05-26_געתון_יחיעם.gpx,מוכל-ב,,,,,17.2,54.5,1
הכלה,55,2013-09-05_געתון_יחיעם_עין יעקב.gpx,268,2022-11-24_געתון_יחיעם_עין יעקב.gpx,מוכל-ב,,,,,12.5,60.3,1
הכלה,55,2013-09-05_געתון_יחיעם_עין יעקב.gpx,236,2022-08-09_געתון_יחיעם.gpx,מוכל-ב,,,,,13.3,54.7,1
הכלה,55,2013-09-05_געתון_יחיעם_עין יעקב.gpx,276,2022-12-12_געתון_יחיעם_עין יעקב.gpx,מוכל-ב,,,,,15.2,56.3,1
הכלה,55,2013-09-05_געתון_יחיעם_עין יעקב.gpx,197,2022-05-20_געתון_כברי_לימן.gpx,מוכל-ב,,,,,13,56.4,1
הכלה,55,2013-09-05_געתון_יחיעם_עין יעקב.gpx,46,2013-08-20_געתון_כברי_שייח' דנון.gpx,מוכל-ב,,,,,34.1,353.5,0.926
הכלה,55,2013-09-05_געתון_יחיעם_עין יעקב.gpx,483,2026-03-05_געתון_כברי.gpx,מוכל-ב,,,,,13.5,49,1
הכלה,55,2013-09-05_געתון_יחיעם_עין יעקב.gpx,291,2023-02-17_געתון_יחיעם_עין יעקב.gpx,מוכל-ב,,,,,17.5,55.6,1
הכלה,55,2013-09-05_געתון_יחיעם_עין יעקב.gpx,237,2022-08-10_געתון_יחיעם_עין יעקב.gpx,מוכל-ב,,,,,14.7,53.5,1
הכלה,55,2013-09-05_געתון_יחיעם_עין יעקב.gpx,191,2022-05-11_געתון_יחיעם.gpx,מוכל-ב,,,,,16.9,54.7,1
חשוד,54,2013-09-04_עין יעקב_געתון_יחיעם.gpx,626,יער הדובים השיירה סינגל בני.gpx,חשוד - לבדיקה ידנית,TRUE,4.2,35.9,7.2,598.9,1889.9,0.333
זהה,52,2013-08-30_מעונה_עין יעקב_געתון.gpx,196,2022-05-19_געתון_מעונה_עין יעקב.gpx,זהה,FALSE,1.1,6.2,3,24.9,433.1,0.988
חשוד,52,2013-08-30_מעונה_עין יעקב_געתון.gpx,496,2026-04-16_עין יעקב_מעונה_געתון.gpx,חשוד - לבדיקה ידנית,TRUE,3.9,7.3,29.8,36.5,449,0.988
הכלה,51,2013-08-29_עין יעקב_געתון.gpx,59,2013-09-12_עין יעקב_מעיליא_מעונה.gpx,מוכל-ב,,,,,29.2,257.6,0.944
הכלה,51,2013-08-29_עין יעקב_געתון.gpx,67,2013-09-25_געתון_עין יעקב_מעיליא.gpx,מוכל-ב,,,,,33.1,260.7,0.926
הכלה,51,2013-08-29_עין יעקב_געתון.gpx,72,2013-10-02_געתון_עין יעקב_מעיליא.gpx,מוכל-ב,,,,,27.1,262.2,0.944
הכלה,51,2013-08-29_עין יעקב_געתון.gpx,66,2013-09-23_עין יעקב_מעונה_מעיליא.gpx,מוכל-ב,,,,,22.6,259.4,0.944
חשוד,50,2013-08-28_געתון_יחיעם_עין יעקב.gpx,268,2022-11-24_געתון_יחיעם_עין יעקב.gpx,חשוד - לבדיקה ידנית,TRUE,0.2,584.8,8.2,96,787,0.829
חשוד,50,2013-08-28_געתון_יחיעם_עין יעקב.gpx,429,2025-03-02_געתון_עין יעקב_יחיעם.gpx,חשוד - לבדיקה ידנית,TRUE,1.8,584.5,2.4,313.7,1796,0.6
חשוד,50,2013-08-28_געתון_יחיעם_עין יעקב.gpx,276,2022-12-12_געתון_יחיעם_עין יעקב.gpx,חשוד - לבדיקה ידנית,FALSE,0.9,562.2,7.2,98.1,781.6,0.829
חשוד,50,2013-08-28_געתון_יחיעם_עין יעקב.gpx,291,2023-02-17_געתון_יחיעם_עין יעקב.gpx,חשוד - לבדיקה ידנית,TRUE,3.3,591,9.6,185.9,807.5,0.568
חשוד,50,2013-08-28_געתון_יחיעם_עין יעקב.gpx,243,2022-08-21_געתון_יחיעם.gpx,חשוד - לבדיקה ידנית,FALSE,2.5,579.2,805.9,9.4,76.3,1
חשוד,50,2013-08-28_געתון_יחיעם_עין יעקב.gpx,356,2024-02-25_געתון_עין יעקב.gpx,חשוד - לבדיקה ידנית,TRUE,0.5,575.1,25.6,198.4,1329.9,0.658
חשוד,50,2013-08-28_געתון_יחיעם_עין יעקב.gpx,263,2022-11-11_געתון_יחיעם.gpx,חשוד - לבדיקה ידנית,FALSE,4.2,579.7,11.9,14.1,65.1,1
חשוד,50,2013-08-28_געתון_יחיעם_עין יעקב.gpx,363,2024-03-29_געתון_עין יעקב.gpx,חשוד - לבדיקה ידנית,FALSE,0.6,558,8.2,16.5,52.4,1
חשוד,50,2013-08-28_געתון_יחיעם_עין יעקב.gpx,57,2013-09-08_געתון_יחיעם_עין יעקב.gpx,חשוד - לבדיקה ידנית,FALSE,4.5,585.8,1.9,5.5,72.8,1
חשוד,50,2013-08-28_געתון_יחיעם_עין יעקב.gpx,264,2022-11-17_געתון_יחיעם.gpx,חשוד - לבדיקה ידנית,FALSE,4.6,585.1,2.5,188.9,782.2,0.575
הכלה,50,2013-08-28_געתון_יחיעם_עין יעקב.gpx,42,2013-08-12_געתון_כברי_לימן.gpx,מוכל-ב,,,,,8.9,73.5,1
הכלה,50,2013-08-28_געתון_יחיעם_עין יעקב.gpx,216,2022-06-24_מנות_מעיליא_כברי.gpx,מוכל-ב,,,,,20.4,75.6,1
הכלה,50,2013-08-28_געתון_יחיעם_עין יעקב.gpx,68,2013-09-26_געתון_כפר ורדים_מנות.gpx,מוכל-ב,,,,,13.3,76.2,1
הכלה,50,2013-08-28_געתון_יחיעם_עין יעקב.gpx,214,2022-06-19_געתון_כברי_לימן.gpx,מוכל-ב,,,,,10.3,75.3,1
הכלה,50,2013-08-28_געתון_יחיעם_עין יעקב.gpx,265,2022-11-18_געתון_יחיעם_עין יעקב.gpx,מוכל-ב,,,,,13.3,70.2,1
הכלה,50,2013-08-28_געתון_יחיעם_עין יעקב.gpx,536,2026-07-07_עבדון_געתון_יערה.gpx,מוכל-ב,,,,,9.5,71.6,1
הכלה,50,2013-08-28_געתון_יחיעם_עין יעקב.gpx,201,2022-05-29_געתון_כברי_לימן.gpx,מוכל-ב,,,,,16,63.5,1
הכלה,50,2013-08-28_געתון_יחיעם_עין יעקב.gpx,551,2026-08-08_מנות_כברי_הילה.gpx,מוכל-ב,,,,,11.9,71.3,1
הכלה,50,2013-08-28_געתון_יחיעם_עין יעקב.gpx,277,2022-12-16_געתון_יחיעם_עין יעקב.gpx,מוכל-ב,,,,,9.8,67.2,1
הכלה,50,2013-08-28_געתון_יחיעם_עין יעקב.gpx,255,2022-10-23_געתון_יחיעם.gpx,מוכל-ב,,,,,7.2,74.8,1
הכלה,50,2013-08-28_געתון_יחיעם_עין יעקב.gpx,488,2026-03-18_געתון_כברי_גשר הזיו.gpx,מוכל-ב,,,,,8.7,78,1
הכלה,50,2013-08-28_געתון_יחיעם_עין יעקב.gpx,535,2026-07-04_מעיליא_מנות_הילה.gpx,מוכל-ב,,,,,8.9,73.7,1
הכלה,50,2013-08-28_געתון_יחיעם_עין יעקב.gpx,278,2022-12-17_מנות_מעיליא_הילה.gpx,מוכל-ב,,,,,17.8,72.9,1
הכלה,50,2013-08-28_געתון_יחיעם_עין יעקב.gpx,492,2026-04-08_געתון_כברי_גשר הזיו.gpx,מוכל-ב,,,,,8.4,74.8,1
הכלה,50,2013-08-28_געתון_יחיעם_עין יעקב.gpx,543,2026-07-19_עין יעקב_מנות_עבדון.gpx,מוכל-ב,,,,,15.4,74.8,1
הכלה,50,2013-08-28_געתון_יחיעם_עין יעקב.gpx,70,2013-09-28_עין יעקב_מזרעה_שבי ציון.gpx,מוכל-ב,,,,,19.5,152,0.987
הכלה,50,2013-08-28_געתון_יחיעם_עין יעקב.gpx,275,2022-12-10_מנות_הילה_כברי.gpx,מוכל-ב,,,,,20.4,76.3,1
הכלה,50,2013-08-28_געתון_יחיעם_עין יעקב.gpx,228,2022-07-16_מנות_געתון_מעיליא.gpx,מוכל-ב,,,,,19.9,73.5,1
הכלה,50,2013-08-28_געתון_יחיעם_עין יעקב.gpx,221,2022-07-02_יחיעם_געתון_עין יעקב.gpx,מוכל-ב,,,,,12.8,74.1,1
הכלה,50,2013-08-28_געתון_יחיעם_עין יעקב.gpx,520,2026-06-06_געתון_בוסתן הגליל_נתיב השיירה.gpx,מוכל-ב,,,,,9.3,72.6,1
הכלה,50,2013-08-28_געתון_יחיעם_עין יעקב.gpx,505,2026-05-13_עבדון_כברי_גורן.gpx,מוכל-ב,,,,,20.6,80.2,1
הכלה,50,2013-08-28_געתון_יחיעם_עין יעקב.gpx,282,2022-12-30_געתון_כברי_לימן.gpx,מוכל-ב,,,,,12,70.1,1
הכלה,50,2013-08-28_געתון_יחיעם_עין יעקב.gpx,280,2022-12-23_געתון_כברי_לימן.gpx,מוכל-ב,,,,,12.3,70.1,1
הכלה,50,2013-08-28_געתון_יחיעם_עין יעקב.gpx,558,2026-08-14_געתון_כברי_מצובה.gpx,מוכל-ב,,,,,8.2,73.6,1
הכלה,50,2013-08-28_געתון_יחיעם_עין יעקב.gpx,74,2013-10-06_מעונה_עין יעקב_געתון.gpx,מוכל-ב,,,,,22.1,79.3,1
הכלה,50,2013-08-28_געתון_יחיעם_עין יעקב.gpx,160,2022-02-19_געתון_יחיעם.gpx,מוכל-ב,,,,,8.6,70.9,1
הכלה,50,2013-08-28_געתון_יחיעם_עין יעקב.gpx,185,2022-04-21_געתון_יחיעם.gpx,מוכל-ב,,,,,8.4,64.6,1
הכלה,50,2013-08-28_געתון_יחיעם_עין יעקב.gpx,159,2022-02-18_געתון_כברי_גשר הזיו.gpx,מוכל-ב,,,,,13.1,74.5,1
הכלה,50,2013-08-28_געתון_יחיעם_עין יעקב.gpx,35,2013-07-30_מעונה_עין יעקב_געתון.gpx,מוכל-ב,,,,,8,73.2,1
הכלה,50,2013-08-28_געתון_יחיעם_עין יעקב.gpx,48,2013-08-24_מזרעה_שבי ציון_געתון.gpx,מוכל-ב,,,,,18.8,77.6,1
הכלה,50,2013-08-28_געתון_יחיעם_עין יעקב.gpx,193,2022-05-14_מנות_געתון_מעיליא.gpx,מוכל-ב,,,,,19.1,71.3,1
הכלה,50,2013-08-28_געתון_יחיעם_עין יעקב.gpx,479,2026-02-25_שבי ציון_נהרייה_כברי.gpx,מוכל-ב,,,,,7.6,72.5,1
הכלה,50,2013-08-28_געתון_יחיעם_עין יעקב.gpx,534,2026-07-04 געתון_חרדלית_מנות_הילה_עין_זיו_חרדלית_געתון.gpx,מוכל-ב,,,,,13.6,23.6,1
הכלה,50,2013-08-28_געתון_יחיעם_עין יעקב.gpx,540,2026-07-14_שבי ציון_געתון_נהרייה.gpx,מוכל-ב,,,,,11.1,58.4,1
הכלה,50,2013-08-28_געתון_יחיעם_עין יעקב.gpx,257,2022-10-26_געתון_יחיעם.gpx,מוכל-ב,,,,,14.2,68,1
הכלה,50,2013-08-28_געתון_יחיעם_עין יעקב.gpx,209,2022-06-11_מנות_מעיליא_כברי.gpx,מוכל-ב,,,,,18.5,74.9,1
הכלה,50,2013-08-28_געתון_יחיעם_עין יעקב.gpx,161,2022-02-22_געתון_יחיעם.gpx,מוכל-ב,,,,,12.5,68.1,1
הכלה,50,2013-08-28_געתון_יחיעם_עין יעקב.gpx,197,2022-05-20_געתון_כברי_לימן.gpx,מוכל-ב,,,,,15.5,65,1
הכלה,50,2013-08-28_געתון_יחיעם_עין יעקב.gpx,519,2026-06-06 געתון_רגבה_עכו.gpx,מוכל-ב,,,,,11.7,71.9,1
הכלה,50,2013-08-28_געתון_יחיעם_עין יעקב.gpx,67,2013-09-25_געתון_עין יעקב_מעיליא.gpx,מוכל-ב,,,,,9.6,71.8,1
הכלה,50,2013-08-28_געתון_יחיעם_עין יעקב.gpx,46,2013-08-20_געתון_כברי_שייח' דנון.gpx,מוכל-ב,,,,,23.3,365,0.974
הכלה,50,2013-08-28_געתון_יחיעם_עין יעקב.gpx,227,2022-07-15_געתון_כברי_לימן.gpx,מוכל-ב,,,,,10,72.9,1
הכלה,50,2013-08-28_געתון_יחיעם_עין יעקב.gpx,439,2025-08-28_געתון_כברי_לימן.gpx,מוכל-ב,,,,,14.3,74.1,1
הכלה,50,2013-08-28_געתון_יחיעם_עין יעקב.gpx,60,2013-09-13_עין יעקב_מעיליא_מנות.gpx,מוכל-ב,,,,,21.9,77.5,1
הכלה,50,2013-08-28_געתון_יחיעם_עין יעקב.gpx,483,2026-03-05_געתון_כברי.gpx,מוכל-ב,,,,,18.2,79.8,1
הכלה,50,2013-08-28_געתון_יחיעם_עין יעקב.gpx,167,2022-03-04_געתון_כברי_יחיעם.gpx,מוכל-ב,,,,,10.8,72.7,1
הכלה,50,2013-08-28_געתון_יחיעם_עין יעקב.gpx,238,2022-08-13_מנות_הילה_מעיליא.gpx,מוכל-ב,,,,,20.5,76.5,1
הכלה,50,2013-08-28_געתון_יחיעם_עין יעקב.gpx,71,2013-10-01_געתון_עין יעקב.gpx,מוכל-ב,,,,,10.3,68,1
הכלה,50,2013-08-28_געתון_יחיעם_עין יעקב.gpx,448,2025-09-23_געתון_כברי_לימן.gpx,מוכל-ב,,,,,18.1,78.5,1
הכלה,50,2013-08-28_געתון_יחיעם_עין יעקב.gpx,72,2013-10-02_געתון_עין יעקב_מעיליא.gpx,מוכל-ב,,,,,9.8,80.7,1
הכלה,50,2013-08-28_געתון_יחיעם_עין יעקב.gpx,62,2013-09-18_געתון_מעיליא_מנות.gpx,מוכל-ב,,,,,12.9,73.6,1
הכלה,50,2013-08-28_געתון_יחיעם_עין יעקב.gpx,284,2023-01-10_געתון_כברי_לימן.gpx,מוכל-ב,,,,,9.3,67,1
הכלה,50,2013-08-28_געתון_יחיעם_עין יעקב.gpx,562,Gaaton shomrat.gpx,מוכל-ב,,,,,27.7,316.5,0.974
הכלה,50,2013-08-28_געתון_יחיעם_עין יעקב.gpx,29,2013-07-19_עין יעקב_מעונה_מנות.gpx,מוכל-ב,,,,,7.9,24.9,1
הכלה,50,2013-08-28_געתון_יחיעם_עין יעקב.gpx,43,2013-08-14_געתון_מעונה_עין יעקב.gpx,מוכל-ב,,,,,14.4,72.6,1
הכלה,50,2013-08-28_געתון_יחיעם_עין יעקב.gpx,65,2013-09-21_כברי_נהרייה_געתון.gpx,מוכל-ב,,,,,40.8,600.2,0.947
הכלה,50,2013-08-28_געתון_יחיעם_עין יעקב.gpx,24,2013-07-08_עין יעקב_מעונה_געתון.gpx,מוכל-ב,,,,,19.5,70.6,1
הכלה,50,2013-08-28_געתון_יחיעם_עין יעקב.gpx,281,2022-12-28_געתון_גשר הזיו_כברי.gpx,מוכל-ב,,,,,12.2,71.4,1
הכלה,50,2013-08-28_געתון_יחיעם_עין יעקב.gpx,242,2022-08-20_געתון_מנות_מעיליא.gpx,מוכל-ב,,,,,20.3,79.2,1
הכלה,50,2013-08-28_געתון_יחיעם_עין יעקב.gpx,52,2013-08-30_מעונה_עין יעקב_געתון.gpx,מוכל-ב,,,,,16.6,34.5,1
הכלה,50,2013-08-28_געתון_יחיעם_עין יעקב.gpx,34,2013-07-27_געתון_כברי_מנות.gpx,מוכל-ב,,,,,13,75,1
הכלה,50,2013-08-28_געתון_יחיעם_עין יעקב.gpx,183,2022-04-16_מנות_הילה_מעיליא.gpx,מוכל-ב,,,,,17.9,73.9,1
הכלה,50,2013-08-28_געתון_יחיעם_עין יעקב.gpx,241,2022-08-19_געתון_כברי_לימן.gpx,מוכל-ב,,,,,9.8,71.9,1
הכלה,50,2013-08-28_געתון_יחיעם_עין יעקב.gpx,496,2026-04-16_עין יעקב_מעונה_געתון.gpx,מוכל-ב,,,,,19,65,1
הכלה,50,2013-08-28_געתון_יחיעם_עין יעקב.gpx,26,2013-07-12_געתון_שלומי_כפר ראש הנקרה.gpx,מוכל-ב,,,,,16.2,74,1
הכלה,50,2013-08-28_געתון_יחיעם_עין יעקב.gpx,482,2026-02-28_געתון_כברי.gpx,מוכל-ב,,,,,13.4,48.7,1
הכלה,50,2013-08-28_געתון_יחיעם_עין יעקב.gpx,224,2022-07-08_מנות_געתון_הילה.gpx,מוכל-ב,,,,,20.6,77.1,1
הכלה,50,2013-08-28_געתון_יחיעם_עין יעקב.gpx,484,2026-03-06_עין יעקב_געתון_כברי.gpx,מוכל-ב,,,,,24.2,62.1,1
הכלה,50,2013-08-28_געתון_יחיעם_עין יעקב.gpx,232,2022-07-23_געתון_נווה זיו.gpx,מוכל-ב,,,,,13.7,72.5,1
הכלה,50,2013-08-28_געתון_יחיעם_עין יעקב.gpx,239,2022-08-14_געתון_כברי_לימן.gpx,מוכל-ב,,,,,14.3,76.7,1
הכלה,50,2013-08-28_געתון_יחיעם_עין יעקב.gpx,32,2013-07-25_געתון_שלומי_כברי.gpx,מוכל-ב,,,,,14.7,75.2,1
הכלה,50,2013-08-28_געתון_יחיעם_עין יעקב.gpx,200,2022-05-27_געתון_כברי_לימן.gpx,מוכל-ב,,,,,16.1,72.7,1
הכלה,50,2013-08-28_געתון_יחיעם_עין יעקב.gpx,230,2022-07-19_כברי_געתון_לימן.gpx,מוכל-ב,,,,,20.2,74.3,1
הכלה,50,2013-08-28_געתון_יחיעם_עין יעקב.gpx,165,2022-02-28_געתון_כברי_לימן.gpx,מוכל-ב,,,,,10,69.2,1
הכלה,50,2013-08-28_געתון_יחיעם_עין יעקב.gpx,256,2022-10-24_געתון_יחיעם.gpx,מוכל-ב,,,,,10.2,69.2,1
הכלה,50,2013-08-28_געתון_יחיעם_עין יעקב.gpx,196,2022-05-19_געתון_מעונה_עין יעקב.gpx,מוכל-ב,,,,,15.9,74.2,1
הכלה,50,2013-08-28_געתון_יחיעם_עין יעקב.gpx,626,יער הדובים השיירה סינגל בני.gpx,מוכל-ב,,,,,20.1,68.6,1
הכלה,50,2013-08-28_געתון_יחיעם_עין יעקב.gpx,452,2025-10-01_שבי ציון_כברי_נהרייה.gpx,מוכל-ב,,,,,11.4,75,1
הכלה,50,2013-08-28_געתון_יחיעם_עין יעקב.gpx,25,2013-07-10_עין יעקב_מעונה_געתון.gpx,מוכל-ב,,,,,12.9,71.9,1
הכלה,50,2013-08-28_געתון_יחיעם_עין יעקב.gpx,475,2026-02-07_מעיליא_מנות_הילה.gpx,מוכל-ב,,,,,19.7,73.4,1
הכלה,50,2013-08-28_געתון_יחיעם_עין יעקב.gpx,156,2022-02-11_געתון_כברי_לימן.gpx,מוכל-ב,,,,,11.6,71.2,1
הכלה,50,2013-08-28_געתון_יחיעם_עין יעקב.gpx,206,2022-06-04_געתון_כברי_נהרייה.gpx,מוכל-ב,,,,,10.1,72.4,1
הכלה,50,2013-08-28_געתון_יחיעם_עין יעקב.gpx,262,2022-11-09_געתון_יחיעם.gpx,מוכל-ב,,,,,17.8,69.6,1
הכלה,50,2013-08-28_געתון_יחיעם_עין יעקב.gpx,453,2025-10-02_געתון_כברי_גשר הזיו.gpx,מוכל-ב,,,,,12,72.1,1
הכלה,50,2013-08-28_געתון_יחיעם_עין יעקב.gpx,36,2013-08-01_מעונה_עין יעקב_געתון.gpx,מוכל-ב,,,,,20.7,78.3,1
הכלה,50,2013-08-28_געתון_יחיעם_עין יעקב.gpx,56,2013-09-07_געתון_מעונה_גשר הזיו.gpx,מוכל-ב,,,,,7.5,73.3,1
הכלה,50,2013-08-28_געתון_יחיעם_עין יעקב.gpx,286,2023-01-18_געתון_כברי_גשר הזיו.gpx,מוכל-ב,,,,,16.9,74.4,1
הכלה,50,2013-08-28_געתון_יחיעם_עין יעקב.gpx,211,2022-06-15_געתון_כברי_לימן.gpx,מוכל-ב,,,,,10.4,74.5,1
הכלה,50,2013-08-28_געתון_יחיעם_עין יעקב.gpx,502,2026-05-07_געתון_כברי_לימן.gpx,מוכל-ב,,,,,17.9,72.9,1
הכלה,50,2013-08-28_געתון_יחיעם_עין יעקב.gpx,28,2013-07-15_געתון_שבי ציון_גשר הזיו.gpx,מוכל-ב,,,,,10.3,74.9,1
הכלה,50,2013-08-28_געתון_יחיעם_עין יעקב.gpx,490,2026-03-25_געתון_גשר הזיו_כברי.gpx,מוכל-ב,,,,,8.6,72.7,1
הכלה,50,2013-08-28_געתון_יחיעם_עין יעקב.gpx,447,2025-09-22_שבי ציון_כברי_נהרייה.gpx,מוכל-ב,,,,,20.3,75,1
הכלה,50,2013-08-28_געתון_יחיעם_עין יעקב.gpx,61,2013-09-14_עין המפרץ_געתון_מזרעה.gpx,מוכל-ב,,,,,12.2,70.3,1
הכלה,50,2013-08-28_געתון_יחיעם_עין יעקב.gpx,226,2022-07-11_געתון_כברי_כפר ראש הנקרה.gpx,מוכל-ב,,,,,15.8,71.7,1
הכלה,50,2013-08-28_געתון_יחיעם_עין יעקב.gpx,550,2026-08-08_געתון_כברי_מנות.gpx,מוכל-ב,,,,,19,73.6,1
הכלה,50,2013-08-28_געתון_יחיעם_עין יעקב.gpx,270,2022-12-03_מנות_הילה_מעיליא.gpx,מוכל-ב,,,,,17.7,75.2,1
הכלה,50,2013-08-28_געתון_יחיעם_עין יעקב.gpx,497,2026-04-20_כברי_געתון_גשר הזיו.gpx,מוכל-ב,,,,,12.8,72.9,1
הכלה,50,2013-08-28_געתון_יחיעם_עין יעקב.gpx,541,2026-07-14_שבי ציון_כברי_נהרייה.gpx,מוכל-ב,,,,,20.5,76.9,1
הכלה,50,2013-08-28_געתון_יחיעם_עין יעקב.gpx,528,2026-06-24 געתון_נהריה_ראש-הנקרה_נהריה_געתון.gpx,מוכל-ב,,,,,11.1,72.1,1
הכלה,50,2013-08-28_געתון_יחיעם_עין יעקב.gpx,44,2013-08-16_געתון_שלומי_כפר ראש הנקרה.gpx,מוכל-ב,,,,,11.9,75.4,1
חשוד,48,2013-08-24_מזרעה_שבי ציון_געתון.gpx,282,2022-12-30_געתון_כברי_לימן.gpx,חשוד - לבדיקה ידנית,FALSE,3.8,683.4,10.3,645.2,4856.3,0.755
חשוד,48,2013-08-24_מזרעה_שבי ציון_געתון.gpx,284,2023-01-10_געתון_כברי_לימן.gpx,חשוד - לבדיקה ידנית,TRUE,2.2,685.6,6.5,631.1,4821.1,0.764
חשוד,48,2013-08-24_מזרעה_שבי ציון_געתון.gpx,211,2022-06-15_געתון_כברי_לימן.gpx,חשוד - לבדיקה ידנית,FALSE,0.9,680.7,2.4,480.3,3862.7,0.718
חשוד,48,2013-08-24_מזרעה_שבי ציון_געתון.gpx,502,2026-05-07_געתון_כברי_לימן.gpx,חשוד - לבדיקה ידנית,TRUE,3.2,682.7,1.4,710.1,4755,0.687
חשוד,48,2013-08-24_מזרעה_שבי ציון_געתון.gpx,156,2022-02-11_געתון_כברי_לימן.gpx,חשוד - לבדיקה ידנית,FALSE,0.3,480.5,5.6,767.8,4814.3,0.662
חשוד,47,2013-08-23_געתון_יחיעם.gpx,626,יער הדובים השיירה סינגל בני.gpx,חשוד - לבדיקה ידנית,FALSE,4.6,594.7,57.1,495.8,1916.5,0.577
חשוד,47,2013-08-23_געתון_יחיעם.gpx,54,2013-09-04_עין יעקב_געתון_יחיעם.gpx,חשוד - לבדיקה ידנית,TRUE,0.3,597.8,21.5,231.1,1334.8,0.676
הכלה,45,2013-08-17_נתיב השיירה_כברי_געתון.gpx,65,2013-09-21_כברי_נהרייה_געתון.gpx,מוכל-ב,,,,,77.6,809.8,0.922
חשוד,43,2013-08-14_געתון_מעונה_עין יעקב.gpx,513,2026-05-30_געתון_עין יעקב_מעיליא.gpx,חשוד - לבדיקה ידנית,TRUE,1.1,182.9,2.3,164.7,900.7,0.716
חשוד,43,2013-08-14_געתון_מעונה_עין יעקב.gpx,74,2013-10-06_מעונה_עין יעקב_געתון.gpx,חשוד - לבדיקה ידנית,FALSE,0.9,184.9,5,17.5,120.3,1
חשוד,43,2013-08-14_געתון_מעונה_עין יעקב.gpx,72,2013-10-02_געתון_עין יעקב_מעיליא.gpx,חשוד - לבדיקה ידנית,FALSE,2.3,298.6,2.2,56.5,896.3,0.926
הכלה,43,2013-08-14_געתון_מעונה_עין יעקב.gpx,67,2013-09-25_געתון_עין יעקב_מעיליא.gpx,מוכל-ב,,,,,45.6,636.8,0.936
חשוד,42,2013-08-12_געתון_כברי_לימן.gpx,448,2025-09-23_געתון_כברי_לימן.gpx,חשוד - לבדיקה ידנית,TRUE,4.9,1263.8,43.2,19.8,207.5,1
הכלה,42,2013-08-12_געתון_כברי_לימן.gpx,209,2022-06-11_מנות_מעיליא_כברי.gpx,מוכל-ב,,,,,34.4,391.2,0.994
הכלה,42,2013-08-12_געתון_כברי_לימן.gpx,227,2022-07-15_געתון_כברי_לימן.gpx,מוכל-ב,,,,,32.9,287.4,1
הכלה,42,2013-08-12_געתון_כברי_לימן.gpx,284,2023-01-10_געתון_כברי_לימן.gpx,מוכל-ב,,,,,10.1,192.7,1
הכלה,42,2013-08-12_געתון_כברי_לימן.gpx,281,2022-12-28_געתון_גשר הזיו_כברי.gpx,מוכל-ב,,,,,21.1,263.1,1
הכלה,42,2013-08-12_געתון_כברי_לימן.gpx,241,2022-08-19_געתון_כברי_לימן.gpx,מוכל-ב,,,,,29.7,290.5,1
הכלה,42,2013-08-12_געתון_כברי_לימן.gpx,165,2022-02-28_געתון_כברי_לימן.gpx,מוכל-ב,,,,,12.6,190.7,1
הכלה,42,2013-08-12_געתון_כברי_לימן.gpx,239,2022-08-14_געתון_כברי_לימן.gpx,מוכל-ב,,,,,33.9,286.8,1
הכלה,42,2013-08-12_געתון_כברי_לימן.gpx,200,2022-05-27_געתון_כברי_לימן.gpx,מוכל-ב,,,,,27.5,287.2,1
הכלה,42,2013-08-12_געתון_כברי_לימן.gpx,230,2022-07-19_כברי_געתון_לימן.gpx,מוכל-ב,,,,,31.6,287.4,1
הכלה,42,2013-08-12_געתון_כברי_לימן.gpx,156,2022-02-11_געתון_כברי_לימן.gpx,מוכל-ב,,,,,11,197.3,1
הכלה,42,2013-08-12_געתון_כברי_לימן.gpx,206,2022-06-04_געתון_כברי_נהרייה.gpx,מוכל-ב,,,,,43.5,960.8,0.958
הכלה,42,2013-08-12_געתון_כברי_לימן.gpx,497,2026-04-20_כברי_געתון_גשר הזיו.gpx,מוכל-ב,,,,,19.3,310.9,1
הכלה,42,2013-08-12_געתון_כברי_לימן.gpx,211,2022-06-15_געתון_כברי_לימן.gpx,מוכל-ב,,,,,42.2,958.7,0.958
הכלה,42,2013-08-12_געתון_כברי_לימן.gpx,502,2026-05-07_געתון_כברי_לימן.gpx,מוכל-ב,,,,,34.3,287,1
הכלה,42,2013-08-12_געתון_כברי_לימן.gpx,226,2022-07-11_געתון_כברי_כפר ראש הנקרה.gpx,מוכל-ב,,,,,32.9,288.4,1
הכלה,42,2013-08-12_געתון_כברי_לימן.gpx,492,2026-04-08_געתון_כברי_גשר הזיו.gpx,מוכל-ב,,,,,24.5,309.3,1
הכלה,42,2013-08-12_געתון_כברי_לימן.gpx,216,2022-06-24_מנות_מעיליא_כברי.gpx,מוכל-ב,,,,,34,287.9,1
הכלה,42,2013-08-12_געתון_כברי_לימן.gpx,214,2022-06-19_געתון_כברי_לימן.gpx,מוכל-ב,,,,,39.6,383.7,0.994
הכלה,42,2013-08-12_געתון_כברי_לימן.gpx,201,2022-05-29_געתון_כברי_לימן.gpx,מוכל-ב,,,,,26,287.2,1
הכלה,42,2013-08-12_געתון_כברי_לימן.gpx,280,2022-12-23_געתון_כברי_לימן.gpx,מוכל-ב,,,,,23.8,243,1
הכלה,42,2013-08-12_געתון_כברי_לימן.gpx,282,2022-12-30_געתון_כברי_לימן.gpx,מוכל-ב,,,,,9.3,191.5,1
הכלה,42,2013-08-12_געתון_כברי_לימן.gpx,197,2022-05-20_געתון_כברי_לימן.gpx,מוכל-ב,,,,,28.7,287,1
חשוד,40,2013-08-08_געתון_כברי.gpx,263,2022-11-11_געתון_יחיעם.gpx,חשוד - לבדיקה ידנית,TRUE,3.3,6,485.5,167.7,806.7,0.684
חשוד,40,2013-08-08_געתון_כברי.gpx,57,2013-09-08_געתון_יחיעם_עין יעקב.gpx,חשוד - לבדיקה ידנית,TRUE,3,17.3,489.6,13.8,32.2,1
חשוד,36,2013-08-01_מעונה_עין יעקב_געתון.gpx,265,2022-11-18_געתון_יחיעם_עין יעקב.gpx,חשוד - לבדיקה ידנית,TRUE,1.2,4.1,8.1,251.5,1653.2,0.645
חשוד,36,2013-08-01_מעונה_עין יעקב_געתון.gpx,67,2013-09-25_געתון_עין יעקב_מעיליא.gpx,חשוד - לבדיקה ידנית,TRUE,2.3,2.2,19.1,88.4,701.8,0.854
חשוד,35,2013-07-30_מעונה_עין יעקב_געתון.gpx,478,2026-02-24_עין יעקב_מעונה_געתון.gpx,חשוד - לבדיקה ידנית,TRUE,3.6,10.2,5.1,59.4,545.7,0.878
הכלה,35,2013-07-30_מעונה_עין יעקב_געתון.gpx,67,2013-09-25_געתון_עין יעקב_מעיליא.gpx,מוכל-ב,,,,,49,682.9,0.931
הכלה,34,2013-07-27_געתון_כברי_מנות.gpx,535,2026-07-04_מעיליא_מנות_הילה.gpx,מוכל-ב,,,,,24.2,322.5,1
הכלה,34,2013-07-27_געתון_כברי_מנות.gpx,534,2026-07-04 געתון_חרדלית_מנות_הילה_עין_זיו_חרדלית_געתון.gpx,מוכל-ב,,,,,22.7,318.6,1
הכלה,34,2013-07-27_געתון_כברי_מנות.gpx,62,2013-09-18_געתון_מעיליא_מנות.gpx,מוכל-ב,,,,,29,316.7,1
הכלה,33,2013-07-26_געתון_יחיעם_עין יעקב.gpx,469,2026-01-23_עין יעקב_געתון.gpx,מוכל-ב,,,,,23.6,209.5,0.952
הכלה,32,2013-07-25_געתון_שלומי_כברי.gpx,26,2013-07-12_געתון_שלומי_כפר ראש הנקרה.gpx,מוכל-ב,,,,,15.7,40.5,1
הכלה,32,2013-07-25_געתון_שלומי_כברי.gpx,543,2026-07-19_עין יעקב_מנות_עבדון.gpx,מוכל-ב,,,,,62.7,661,0.942
הכלה,32,2013-07-25_געתון_שלומי_כברי.gpx,44,2013-08-16_געתון_שלומי_כפר ראש הנקרה.gpx,מוכל-ב,,,,,14.4,25.6,1
הכלה,31,2013-07-24_עין יעקב_יחיעם_מעונה.gpx,38,2013-08-05_עין יעקב_מעונה.gpx,מוכל-ב,,,,,11.4,69.8,1
הכלה,30,2013-07-20_עין יעקב_מעונה_מנות.gpx,52,2013-08-30_מעונה_עין יעקב_געתון.gpx,מוכל-ב,,,,,29.2,243.6,1
הכלה,30,2013-07-20_עין יעקב_מעונה_מנות.gpx,496,2026-04-16_עין יעקב_מעונה_געתון.gpx,מוכל-ב,,,,,35.3,444.6,0.969
הכלה,30,2013-07-20_עין יעקב_מעונה_מנות.gpx,196,2022-05-19_געתון_מעונה_עין יעקב.gpx,מוכל-ב,,,,,44.3,428.9,0.961
חשוד,29,2013-07-19_עין יעקב_מעונה_מנות.gpx,559,2026-08-15_עין יעקב_הילה_געתון.gpx,חשוד - לבדיקה ידנית,FALSE,3.6,55.1,7.9,399.3,1659,0.541
הכלה,29,2013-07-19_עין יעקב_מעונה_מנות.gpx,543,2026-07-19_עין יעקב_מנות_עבדון.gpx,מוכל-ב,,,,,71,637.6,0.954
חשוד,27,2013-07-13_געתון_מעיליא_נווה זיו.gpx,367,2024-04-06_געתון_מעיליא_מעונה.gpx,חשוד - לבדיקה ידנית,FALSE,3.2,394.5,804.8,23.8,394.5,0.954
הכלה,27,2013-07-13_געתון_מעיליא_נווה זיו.gpx,43,2013-08-14_געתון_מעונה_עין יעקב.gpx,מוכל-ב,,,,,15.5,50.2,1
הכלה,27,2013-07-13_געתון_מעיליא_נווה זיו.gpx,56,2013-09-07_געתון_מעונה_גשר הזיו.gpx,מוכל-ב,,,,,23.2,64.9,1
הכלה,27,2013-07-13_געתון_מעיליא_נווה זיו.gpx,24,2013-07-08_עין יעקב_מעונה_געתון.gpx,מוכל-ב,,,,,4.4,58.1,1
הכלה,27,2013-07-13_געתון_מעיליא_נווה זיו.gpx,25,2013-07-10_עין יעקב_מעונה_געתון.gpx,מוכל-ב,,,,,17.9,52.4,1
הכלה,27,2013-07-13_געתון_מעיליא_נווה זיו.gpx,74,2013-10-06_מעונה_עין יעקב_געתון.gpx,מוכל-ב,,,,,12.5,66.1,1
הכלה,27,2013-07-13_געתון_מעיליא_נווה זיו.gpx,260,2022-11-04_מעיליא_געתון_מעונה.gpx,מוכל-ב,,,,,8.9,38.7,1
הכלה,27,2013-07-13_געתון_מעיליא_נווה זיו.gpx,67,2013-09-25_געתון_עין יעקב_מעיליא.gpx,מוכל-ב,,,,,22.1,62.2,1
הכלה,27,2013-07-13_געתון_מעיליא_נווה זיו.gpx,72,2013-10-02_געתון_עין יעקב_מעיליא.gpx,מוכל-ב,,,,,20.9,63,1
הכלה,27,2013-07-13_געתון_מעיליא_נווה זיו.gpx,35,2013-07-30_מעונה_עין יעקב_געתון.gpx,מוכל-ב,,,,,20.6,52.8,1
הכלה,26,2013-07-12_געתון_שלומי_כפר ראש הנקרה.gpx,44,2013-08-16_געתון_שלומי_כפר ראש הנקרה.gpx,מוכל-ב,,,,,24.9,628.3,0.978
חשוד,25,2013-07-10_עין יעקב_מעונה_געתון.gpx,484,2026-03-06_עין יעקב_געתון_כברי.gpx,חשוד - לבדיקה ידנית,FALSE,2.2,11.6,4.5,375.4,1669.2,0.448
חשוד,25,2013-07-10_עין יעקב_מעונה_געתון.gpx,43,2013-08-14_געתון_מעונה_עין יעקב.gpx,חשוד - לבדיקה ידנית,FALSE,3.2,169.6,5.3,17.7,25.8,1
חשוד,25,2013-07-10_עין יעקב_מעונה_געתון.gpx,256,2022-10-24_געתון_יחיעם.gpx,חשוד - לבדיקה ידנית,FALSE,2.3,11.6,5.4,331.4,1515.5,0.514
חשוד,25,2013-07-10_עין יעקב_מעונה_געתון.gpx,277,2022-12-16_געתון_יחיעם_עין יעקב.gpx,חשוד - לבדיקה ידנית,FALSE,4,13.6,3.8,285.3,1567.6,0.583
חשוד,25,2013-07-10_עין יעקב_מעונה_געתון.gpx,513,2026-05-30_געתון_עין יעקב_מעיליא.gpx,חשוד - לבדיקה ידנית,FALSE,2,15.6,16.3,171.4,1102.7,0.766
חשוד,25,2013-07-10_עין יעקב_מעונה_געתון.gpx,257,2022-10-26_געתון_יחיעם.gpx,חשוד - לבדיקה ידנית,FALSE,2.1,12.7,5,334.8,1556.7,0.524
חשוד,25,2013-07-10_עין יעקב_מעונה_געתון.gpx,74,2013-10-06_מעונה_עין יעקב_געתון.gpx,חשוד - לבדיקה ידנית,FALSE,4,351.4,1.5,15.7,183.2,1
חשוד,25,2013-07-10_עין יעקב_מעונה_געתון.gpx,72,2013-10-02_געתון_עין יעקב_מעיליא.gpx,חשוד - לבדיקה ידנית,FALSE,0.9,468.2,3.5,44,684.1,0.944
חשוד,25,2013-07-10_עין יעקב_מעונה_געתון.gpx,35,2013-07-30_מעונה_עין יעקב_געתון.gpx,חשוד - לבדיקה ידנית,TRUE,5,14.7,11.2,17.7,310.7,0.99
הכלה,25,2013-07-10_עין יעקב_מעונה_געתון.gpx,67,2013-09-25_געתון_עין יעקב_מעיליא.gpx,מוכל-ב,,,,,37.8,684.2,0.944
זהה,24,2013-07-08_עין יעקב_מעונה_געתון.gpx,25,2013-07-10_עין יעקב_מעונה_געתון.gpx,זהה,FALSE,0,26.4,6.6,16.3,21.9,1
חשוד,24,2013-07-08_עין יעקב_מעונה_געתון.gpx,513,2026-05-30_געתון_עין יעקב_מעיליא.gpx,חשוד - לבדיקה ידנית,FALSE,2,28.7,13.9,171.4,1087.7,0.766
חשוד,24,2013-07-08_עין יעקב_מעונה_געתון.gpx,277,2022-12-16_געתון_יחיעם_עין יעקב.gpx,חשוד - לבדיקה ידנית,TRUE,4,34.2,6.7,284.7,1568,0.583
חשוד,24,2013-07-08_עין יעקב_מעונה_געתון.gpx,257,2022-10-26_געתון_יחיעם.gpx,חשוד - לבדיקה ידנית,TRUE,2.2,35.4,9.6,332.5,1557.2,0.524
חשוד,24,2013-07-08_עין יעקב_מעונה_געתון.gpx,74,2013-10-06_מעונה_עין יעקב_געתון.gpx,חשוד - לבדיקה ידנית,FALSE,4,347.3,7.8,14.6,172.1,1
חשוד,24,2013-07-08_עין יעקב_מעונה_געתון.gpx,72,2013-10-02_געתון_עין יעקב_מעיליא.gpx,חשוד - לבדיקה ידנית,FALSE,0.8,460.6,7.1,47.4,678,0.944
חשוד,24,2013-07-08_עין יעקב_מעונה_געתון.gpx,484,2026-03-06_עין יעקב_געתון_כברי.gpx,חשוד - לבדיקה ידנית,FALSE,2.2,28.2,8.9,373.5,1670.9,0.448
חשוד,24,2013-07-08_עין יעקב_מעונה_געתון.gpx,43,2013-08-14_געתון_מעונה_עין יעקב.gpx,חשוד - לבדיקה ידנית,FALSE,3.1,162.9,6.7,15.8,31,1
חשוד,24,2013-07-08_עין יעקב_מעונה_געתון.gpx,256,2022-10-24_געתון_יחיעם.gpx,חשוד - לבדיקה ידנית,TRUE,2.4,35.5,9.3,331,1516.4,0.514
הכלה,24,2013-07-08_עין יעקב_מעונה_געתון.gpx,67,2013-09-25_געתון_עין יעקב_מעיליא.gpx,מוכל-ב,,,,,47,677.6,0.944
זהה,23,2013-06-30_געתון_יחיעם_עין יעקב.gpx,57,2013-09-08_געתון_יחיעם_עין יעקב.gpx,זהה,TRUE,0.1,18.5,16.3,9.1,41.4,1
חשוד,23,2013-06-30_געתון_יחיעם_עין יעקב.gpx,268,2022-11-24_געתון_יחיעם_עין יעקב.gpx,חשוד - לבדיקה ידנית,TRUE,4.1,14.7,4.6,196.8,790.5,0.579
חשוד,23,2013-06-30_געתון_יחיעם_עין יעקב.gpx,276,2022-12-12_געתון_יחיעם_עין יעקב.gpx,חשוד - לבדיקה ידנית,FALSE,3.4,56.4,4.6,211.5,800.2,0.545
חשוד,23,2013-06-30_געתון_יחיעם_עין יעקב.gpx,50,2013-08-28_געתון_יחיעם_עין יעקב.gpx,חשוד - לבדיקה ידנית,FALSE,4.3,570.1,6.7,8.9,70.3,1
חשוד,23,2013-06-30_געתון_יחיעם_עין יעקב.gpx,356,2024-02-25_געתון_עין יעקב.gpx,חשוד - לבדיקה ידנית,TRUE,4.8,13.8,20,197.7,1321.3,0.671
חשוד,23,2013-06-30_געתון_יחיעם_עין יעקב.gpx,263,2022-11-11_געתון_יחיעם.gpx,חשוד - לבדיקה ידנית,FALSE,0.1,9.6,5.8,174.7,815.7,0.671
חשוד,23,2013-06-30_געתון_יחיעם_עין יעקב.gpx,40,2013-08-08_געתון_כברי.gpx,חשוד - לבדיקה ידנית,TRUE,3.1,475.9,11.5,12.4,23.2,1
חשוד,23,2013-06-30_געתון_יחיעם_עין יעקב.gpx,363,2024-03-29_געתון_עין יעקב.gpx,חשוד - לבדיקה ידנית,FALSE,3.8,43.1,8.4,200.1,1354.3,0.688
חשוד,23,2013-06-30_געתון_יחיעם_עין יעקב.gpx,405,2024-10-19_געתון_עין יעקב_יחיעם.gpx,חשוד - לבדיקה ידנית,TRUE,3.2,13.1,97.3,292.3,617.9,0.247
הכלה,23,2013-06-30_געתון_יחיעם_עין יעקב.gpx,275,2022-12-10_מנות_הילה_כברי.gpx,מוכל-ב,,,,,16.3,28.2,1
הכלה,23,2013-06-30_געתון_יחיעם_עין יעקב.gpx,228,2022-07-16_מנות_געתון_מעיליא.gpx,מוכל-ב,,,,,15.9,26.6,1
הכלה,23,2013-06-30_געתון_יחיעם_עין יעקב.gpx,221,2022-07-02_יחיעם_געתון_עין יעקב.gpx,מוכל-ב,,,,,14.1,24.6,1
הכלה,23,2013-06-30_געתון_יחיעם_עין יעקב.gpx,520,2026-06-06_געתון_בוסתן הגליל_נתיב השיירה.gpx,מוכל-ב,,,,,11.8,24.6,1
הכלה,23,2013-06-30_געתון_יחיעם_עין יעקב.gpx,505,2026-05-13_עבדון_כברי_גורן.gpx,מוכל-ב,,,,,15.5,25.7,1
הכלה,23,2013-06-30_געתון_יחיעם_עין יעקב.gpx,257,2022-10-26_געתון_יחיעם.gpx,מוכל-ב,,,,,12,20.9,1
הכלה,23,2013-06-30_געתון_יחיעם_עין יעקב.gpx,282,2022-12-30_געתון_כברי_לימן.gpx,מוכל-ב,,,,,13.1,22.7,1
הכלה,23,2013-06-30_געתון_יחיעם_עין יעקב.gpx,558,2026-08-14_געתון_כברי_מצובה.gpx,מוכל-ב,,,,,8.4,19.3,1
הכלה,23,2013-06-30_געתון_יחיעם_עין יעקב.gpx,197,2022-05-20_געתון_כברי_לימן.gpx,מוכל-ב,,,,,12.8,25.1,1
הכלה,23,2013-06-30_געתון_יחיעם_עין יעקב.gpx,74,2013-10-06_מעונה_עין יעקב_געתון.gpx,מוכל-ב,,,,,17.2,49.6,1
הכלה,23,2013-06-30_געתון_יחיעם_עין יעקב.gpx,160,2022-02-19_געתון_יחיעם.gpx,מוכל-ב,,,,,8.7,17.8,1
הכלה,23,2013-06-30_געתון_יחיעם_עין יעקב.gpx,48,2013-08-24_מזרעה_שבי ציון_געתון.gpx,מוכל-ב,,,,,15.1,25.3,1
הכלה,23,2013-06-30_געתון_יחיעם_עין יעקב.gpx,159,2022-02-18_געתון_כברי_גשר הזיו.gpx,מוכל-ב,,,,,10.1,23.2,1
הכלה,23,2013-06-30_געתון_יחיעם_עין יעקב.gpx,519,2026-06-06 געתון_רגבה_עכו.gpx,מוכל-ב,,,,,12.5,24.7,1
הכלה,23,2013-06-30_געתון_יחיעם_עין יעקב.gpx,193,2022-05-14_מנות_געתון_מעיליא.gpx,מוכל-ב,,,,,16.7,26.8,1
הכלה,23,2013-06-30_געתון_יחיעם_עין יעקב.gpx,479,2026-02-25_שבי ציון_נהרייה_כברי.gpx,מוכל-ב,,,,,9.3,16.7,1
הכלה,23,2013-06-30_געתון_יחיעם_עין יעקב.gpx,534,2026-07-04 געתון_חרדלית_מנות_הילה_עין_זיו_חרדלית_געתון.gpx,מוכל-ב,,,,,8.6,17.1,1
הכלה,23,2013-06-30_געתון_יחיעם_עין יעקב.gpx,540,2026-07-14_שבי ציון_געתון_נהרייה.gpx,מוכל-ב,,,,,10.8,25.1,1
הכלה,23,2013-06-30_געתון_יחיעם_עין יעקב.gpx,209,2022-06-11_מנות_מעיליא_כברי.gpx,מוכל-ב,,,,,16.2,26.8,1
הכלה,23,2013-06-30_געתון_יחיעם_עין יעקב.gpx,34,2013-07-27_געתון_כברי_מנות.gpx,מוכל-ב,,,,,10.6,25.5,1
הכלה,23,2013-06-30_געתון_יחיעם_עין יעקב.gpx,161,2022-02-22_געתון_יחיעם.gpx,מוכל-ב,,,,,12.6,26.2,1
הכלה,23,2013-06-30_געתון_יחיעם_עין יעקב.gpx,238,2022-08-13_מנות_הילה_מעיליא.gpx,מוכל-ב,,,,,15.1,25.8,1
הכלה,23,2013-06-30_געתון_יחיעם_עין יעקב.gpx,42,2013-08-12_געתון_כברי_לימן.gpx,מוכל-ב,,,,,15.2,50.5,1
הכלה,23,2013-06-30_געתון_יחיעם_עין יעקב.gpx,24,2013-07-08_עין יעקב_מעונה_געתון.gpx,מוכל-ב,,,,,14.5,25.2,1
הכלה,23,2013-06-30_געתון_יחיעם_עין יעקב.gpx,67,2013-09-25_געתון_עין יעקב_מעיליא.gpx,מוכל-ב,,,,,12.4,43.3,1
הכלה,23,2013-06-30_געתון_יחיעם_עין יעקב.gpx,562,Gaaton shomrat.gpx,מוכל-ב,,,,,31.3,317.5,0.938
הכלה,23,2013-06-30_געתון_יחיעם_עין יעקב.gpx,35,2013-07-30_מעונה_עין יעקב_געתון.gpx,מוכל-ב,,,,,14,24.9,1
הכלה,23,2013-06-30_געתון_יחיעם_עין יעקב.gpx,227,2022-07-15_געתון_כברי_לימן.gpx,מוכל-ב,,,,,13.5,23.8,1
הכלה,23,2013-06-30_געתון_יחיעם_עין יעקב.gpx,439,2025-08-28_געתון_כברי_לימן.gpx,מוכל-ב,,,,,16.1,24.9,1
הכלה,23,2013-06-30_געתון_יחיעם_עין יעקב.gpx,60,2013-09-13_עין יעקב_מעיליא_מנות.gpx,מוכל-ב,,,,,14.5,56.7,1
הכלה,23,2013-06-30_געתון_יחיעם_עין יעקב.gpx,167,2022-03-04_געתון_כברי_יחיעם.gpx,מוכל-ב,,,,,12.3,22.3,1
הכלה,23,2013-06-30_געתון_יחיעם_עין יעקב.gpx,26,2013-07-12_געתון_שלומי_כפר ראש הנקרה.gpx,מוכל-ב,,,,,15.4,25,1
הכלה,23,2013-06-30_געתון_יחיעם_עין יעקב.gpx,71,2013-10-01_געתון_עין יעקב.gpx,מוכל-ב,,,,,8,41.1,1
הכלה,23,2013-06-30_געתון_יחיעם_עין יעקב.gpx,448,2025-09-23_געתון_כברי_לימן.gpx,מוכל-ב,,,,,13.2,25,1
הכלה,23,2013-06-30_געתון_יחיעם_עין יעקב.gpx,72,2013-10-02_געתון_עין יעקב_מעיליא.gpx,מוכל-ב,,,,,15,43.6,1
הכלה,23,2013-06-30_געתון_יחיעם_עין יעקב.gpx,62,2013-09-18_געתון_מעיליא_מנות.gpx,מוכל-ב,,,,,16.6,45.6,1
הכלה,23,2013-06-30_געתון_יחיעם_עין יעקב.gpx,284,2023-01-10_געתון_כברי_לימן.gpx,מוכל-ב,,,,,12.8,24.1,1
הכלה,23,2013-06-30_געתון_יחיעם_עין יעקב.gpx,25,2013-07-10_עין יעקב_מעונה_געתון.gpx,מוכל-ב,,,,,9.8,24.3,1
הכלה,23,2013-06-30_געתון_יחיעם_עין יעקב.gpx,28,2013-07-15_געתון_שבי ציון_גשר הזיו.gpx,מוכל-ב,,,,,10.6,23.1,1
הכלה,23,2013-06-30_געתון_יחיעם_עין יעקב.gpx,65,2013-09-21_כברי_נהרייה_געתון.gpx,מוכל-ב,,,,,55.6,602.3,0.912
הכלה,23,2013-06-30_געתון_יחיעם_עין יעקב.gpx,281,2022-12-28_געתון_גשר הזיו_כברי.gpx,מוכל-ב,,,,,11.2,19.5,1
הכלה,23,2013-06-30_געתון_יחיעם_עין יעקב.gpx,242,2022-08-20_געתון_מנות_מעיליא.gpx,מוכל-ב,,,,,14.8,25.9,1
הכלה,23,2013-06-30_געתון_יחיעם_עין יעקב.gpx,52,2013-08-30_מעונה_עין יעקב_געתון.gpx,מוכל-ב,,,,,17.3,59.9,1
הכלה,23,2013-06-30_געתון_יחיעם_עין יעקב.gpx,183,2022-04-16_מנות_הילה_מעיליא.gpx,מוכל-ב,,,,,17.1,26.1,1
הכלה,23,2013-06-30_געתון_יחיעם_עין יעקב.gpx,241,2022-08-19_געתון_כברי_לימן.gpx,מוכל-ב,,,,,13.4,23.2,1
הכלה,23,2013-06-30_געתון_יחיעם_עין יעקב.gpx,496,2026-04-16_עין יעקב_מעונה_געתון.gpx,מוכל-ב,,,,,16.3,26.8,1
הכלה,23,2013-06-30_געתון_יחיעם_עין יעקב.gpx,482,2026-02-28_געתון_כברי.gpx,מוכל-ב,,,,,7.8,17.3,1
הכלה,23,2013-06-30_געתון_יחיעם_עין יעקב.gpx,44,2013-08-16_געתון_שלומי_כפר ראש הנקרה.gpx,מוכל-ב,,,,,15.6,25.9,1
הכלה,23,2013-06-30_געתון_יחיעם_עין יעקב.gpx,224,2022-07-08_מנות_געתון_הילה.gpx,מוכל-ב,,,,,14,24.5,1
הכלה,23,2013-06-30_געתון_יחיעם_עין יעקב.gpx,165,2022-02-28_געתון_כברי_לימן.gpx,מוכל-ב,,,,,11.5,24.4,1
הכלה,23,2013-06-30_געתון_יחיעם_עין יעקב.gpx,626,יער הדובים השיירה סינגל בני.gpx,מוכל-ב,,,,,16.4,28.1,1
הכלה,23,2013-06-30_געתון_יחיעם_עין יעקב.gpx,484,2026-03-06_עין יעקב_געתון_כברי.gpx,מוכל-ב,,,,,19.4,44.4,1
הכלה,23,2013-06-30_געתון_יחיעם_עין יעקב.gpx,36,2013-08-01_מעונה_עין יעקב_געתון.gpx,מוכל-ב,,,,,11.9,24.2,1
הכלה,23,2013-06-30_געתון_יחיעם_עין יעקב.gpx,232,2022-07-23_געתון_נווה זיו.gpx,מוכל-ב,,,,,13.4,24.4,1
הכלה,23,2013-06-30_געתון_יחיעם_עין יעקב.gpx,239,2022-08-14_געתון_כברי_לימן.gpx,מוכל-ב,,,,,10.7,25.5,1
הכלה,23,2013-06-30_געתון_יחיעם_עין יעקב.gpx,200,2022-05-27_געתון_כברי_לימן.gpx,מוכל-ב,,,,,12.8,24.4,1
הכלה,23,2013-06-30_געתון_יחיעם_עין יעקב.gpx,230,2022-07-19_כברי_געתון_לימן.gpx,מוכל-ב,,,,,16.8,27.3,1
הכלה,23,2013-06-30_געתון_יחיעם_עין יעקב.gpx,43,2013-08-14_געתון_מעונה_עין יעקב.gpx,מוכל-ב,,,,,16.5,26.1,1
הכלה,23,2013-06-30_געתון_יחיעם_עין יעקב.gpx,256,2022-10-24_געתון_יחיעם.gpx,מוכל-ב,,,,,9.5,24.2,1
הכלה,23,2013-06-30_געתון_יחיעם_עין יעקב.gpx,196,2022-05-19_געתון_מעונה_עין יעקב.gpx,מוכל-ב,,,,,12.8,24.8,1
הכלה,23,2013-06-30_געתון_יחיעם_עין יעקב.gpx,452,2025-10-01_שבי ציון_כברי_נהרייה.gpx,מוכל-ב,,,,,15.2,25.8,1
הכלה,23,2013-06-30_געתון_יחיעם_עין יעקב.gpx,475,2026-02-07_מעיליא_מנות_הילה.gpx,מוכל-ב,,,,,16.1,27.2,1
הכלה,23,2013-06-30_געתון_יחיעם_עין יעקב.gpx,156,2022-02-11_געתון_כברי_לימן.gpx,מוכל-ב,,,,,10,22.2,1
הכלה,23,2013-06-30_געתון_יחיעם_עין יעקב.gpx,206,2022-06-04_געתון_כברי_נהרייה.gpx,מוכל-ב,,,,,9.4,24.2,1
הכלה,23,2013-06-30_געתון_יחיעם_עין יעקב.gpx,262,2022-11-09_געתון_יחיעם.gpx,מוכל-ב,,,,,14.1,24.7,1
הכלה,23,2013-06-30_געתון_יחיעם_עין יעקב.gpx,453,2025-10-02_געתון_כברי_גשר הזיו.gpx,מוכל-ב,,,,,12.9,22.9,1
הכלה,23,2013-06-30_געתון_יחיעם_עין יעקב.gpx,497,2026-04-20_כברי_געתון_גשר הזיו.gpx,מוכל-ב,,,,,11.8,19.4,1
הכלה,23,2013-06-30_געתון_יחיעם_עין יעקב.gpx,56,2013-09-07_געתון_מעונה_גשר הזיו.gpx,מוכל-ב,,,,,11.1,44.2,1
הכלה,23,2013-06-30_געתון_יחיעם_עין יעקב.gpx,286,2023-01-18_געתון_כברי_גשר הזיו.gpx,מוכל-ב,,,,,14.1,24.3,1
הכלה,23,2013-06-30_געתון_יחיעם_עין יעקב.gpx,211,2022-06-15_געתון_כברי_לימן.gpx,מוכל-ב,,,,,9.8,19.7,1
הכלה,23,2013-06-30_געתון_יחיעם_עין יעקב.gpx,502,2026-05-07_געתון_כברי_לימן.gpx,מוכל-ב,,,,,14.7,24.7,1
הכלה,23,2013-06-30_געתון_יחיעם_עין יעקב.gpx,490,2026-03-25_געתון_גשר הזיו_כברי.gpx,מוכל-ב,,,,,8.7,18.7,1
הכלה,23,2013-06-30_געתון_יחיעם_עין יעקב.gpx,447,2025-09-22_שבי ציון_כברי_נהרייה.gpx,מוכל-ב,,,,,14.1,24.6,1
הכלה,23,2013-06-30_געתון_יחיעם_עין יעקב.gpx,61,2013-09-14_עין המפרץ_געתון_מזרעה.gpx,מוכל-ב,,,,,15.8,43.6,1
הכלה,23,2013-06-30_געתון_יחיעם_עין יעקב.gpx,226,2022-07-11_געתון_כברי_כפר ראש הנקרה.gpx,מוכל-ב,,,,,11.1,22.2,1
הכלה,23,2013-06-30_געתון_יחיעם_עין יעקב.gpx,550,2026-08-08_געתון_כברי_מנות.gpx,מוכל-ב,,,,,17.2,27.5,1
הכלה,23,2013-06-30_געתון_יחיעם_עין יעקב.gpx,270,2022-12-03_מנות_הילה_מעיליא.gpx,מוכל-ב,,,,,16.3,25.8,1
הכלה,23,2013-06-30_געתון_יחיעם_עין יעקב.gpx,541,2026-07-14_שבי ציון_כברי_נהרייה.gpx,מוכל-ב,,,,,15.8,26.2,1
הכלה,23,2013-06-30_געתון_יחיעם_עין יעקב.gpx,528,2026-06-24 געתון_נהריה_ראש-הנקרה_נהריה_געתון.gpx,מוכל-ב,,,,,14.1,24,1
הכלה,23,2013-06-30_געתון_יחיעם_עין יעקב.gpx,492,2026-04-08_געתון_כברי_גשר הזיו.gpx,מוכל-ב,,,,,7.6,14.6,1
הכלה,23,2013-06-30_געתון_יחיעם_עין יעקב.gpx,543,2026-07-19_עין יעקב_מנות_עבדון.gpx,מוכל-ב,,,,,16.2,24.8,1
הכלה,23,2013-06-30_געתון_יחיעם_עין יעקב.gpx,216,2022-06-24_מנות_מעיליא_כברי.gpx,מוכל-ב,,,,,15.6,27.3,1
הכלה,23,2013-06-30_געתון_יחיעם_עין יעקב.gpx,68,2013-09-26_געתון_כפר ורדים_מנות.gpx,מוכל-ב,,,,,11,44.3,1
הכלה,23,2013-06-30_געתון_יחיעם_עין יעקב.gpx,214,2022-06-19_געתון_כברי_לימן.gpx,מוכל-ב,,,,,10.6,23,1
הכלה,23,2013-06-30_געתון_יחיעם_עין יעקב.gpx,29,2013-07-19_עין יעקב_מעונה_מנות.gpx,מוכל-ב,,,,,14.5,25,1
הכלה,23,2013-06-30_געתון_יחיעם_עין יעקב.gpx,265,2022-11-18_געתון_יחיעם_עין יעקב.gpx,מוכל-ב,,,,,13.5,24.1,1
הכלה,23,2013-06-30_געתון_יחיעם_עין יעקב.gpx,536,2026-07-07_עבדון_געתון_יערה.gpx,מוכל-ב,,,,,11.4,18.7,1
הכלה,23,2013-06-30_געתון_יחיעם_עין יעקב.gpx,201,2022-05-29_געתון_כברי_לימן.gpx,מוכל-ב,,,,,12.8,24.8,1
הכלה,23,2013-06-30_געתון_יחיעם_עין יעקב.gpx,551,2026-08-08_מנות_כברי_הילה.gpx,מוכל-ב,,,,,15.8,26.3,1
הכלה,23,2013-06-30_געתון_יחיעם_עין יעקב.gpx,277,2022-12-16_געתון_יחיעם_עין יעקב.gpx,מוכל-ב,,,,,13.8,25.8,1
הכלה,23,2013-06-30_געתון_יחיעם_עין יעקב.gpx,32,2013-07-25_געתון_שלומי_כברי.gpx,מוכל-ב,,,,,10.5,22.1,1
הכלה,23,2013-06-30_געתון_יחיעם_עין יעקב.gpx,255,2022-10-23_געתון_יחיעם.gpx,מוכל-ב,,,,,10.8,20.2,1
הכלה,23,2013-06-30_געתון_יחיעם_עין יעקב.gpx,488,2026-03-18_געתון_כברי_גשר הזיו.gpx,מוכל-ב,,,,,9.4,25,1
הכלה,23,2013-06-30_געתון_יחיעם_עין יעקב.gpx,535,2026-07-04_מעיליא_מנות_הילה.gpx,מוכל-ב,,,,,9.7,16.8,1
הכלה,23,2013-06-30_געתון_יחיעם_עין יעקב.gpx,278,2022-12-17_מנות_מעיליא_הילה.gpx,מוכל-ב,,,,,16.8,26.3,1
הכלה,23,2013-06-30_געתון_יחיעם_עין יעקב.gpx,280,2022-12-23_געתון_כברי_לימן.gpx,מוכל-ב,,,,,10.3,21.2,1
הכלה,23,2013-06-30_געתון_יחיעם_עין יעקב.gpx,70,2013-09-28_עין יעקב_מזרעה_שבי ציון.gpx,מוכל-ב,,,,,18.6,168.3,0.988
זהה,21,2013-06-26_געתון_עין יעקב.gpx,340,2023-10-21_געתון_עין יעקב_1.gpx,זהה,FALSE,0.6,15.9,9.6,12,48.7,1
חשוד,21,2013-06-26_געתון_עין יעקב.gpx,476,2026-02-13_עין יעקב_געתון.gpx,חשוד - לבדיקה ידנית,TRUE,1.7,20.2,10,281.9,788.4,0.375
חשוד,21,2013-06-26_געתון_עין יעקב.gpx,100,2021-09-12_געתון_יחיעם.gpx,חשוד - לבדיקה ידנית,TRUE,4,21.6,4.8,14.7,94.7,1
חשוד,21,2013-06-26_געתון_עין יעקב.gpx,166,2022-03-01_געתון_יחיעם.gpx,חשוד - לבדיקה ידנית,TRUE,5,18.7,5.3,16.1,43.8,1
חשוד,21,2013-06-26_געתון_עין יעקב.gpx,339,2023-10-21_געתון_עין יעקב.gpx,חשוד - לבדיקה ידנית,FALSE,3.4,9.6,7.6,12.5,77.7,1
חשוד,21,2013-06-26_געתון_עין יעקב.gpx,96,2021-09-08_געתון_יחיעם.gpx,חשוד - לבדיקה ידנית,FALSE,5,13.1,2,12.5,61.9,1
הכלה,21,2013-06-26_געתון_עין יעקב.gpx,355,2024-02-23_געתון_עין יעקב.gpx,מוכל-ב,,,,,13.1,65.4,1
הכלה,21,2013-06-26_געתון_עין יעקב.gpx,56,2013-09-07_געתון_מעונה_גשר הזיו.gpx,מוכל-ב,,,,,30,300.2,0.939
הכלה,21,2013-06-26_געתון_עין יעקב.gpx,344,2023-12-19_געתון_עין יעקב_יחיעם_1.gpx,מוכל-ב,,,,,23.7,184.5,0.959
הכלה,21,2013-06-26_געתון_עין יעקב.gpx,551,2026-08-08_מנות_כברי_הילה.gpx,מוכל-ב,,,,,32,300.4,0.939
הכלה,21,2013-06-26_געתון_עין יעקב.gpx,29,2013-07-19_עין יעקב_מעונה_מנות.gpx,מוכל-ב,,,,,31.6,299.5,0.939
הכלה,21,2013-06-26_געתון_עין יעקב.gpx,221,2022-07-02_יחיעם_געתון_עין יעקב.gpx,מוכל-ב,,,,,30.2,247,0.939
הכלה,21,2013-06-26_געתון_עין יעקב.gpx,429,2025-03-02_געתון_עין יעקב_יחיעם.gpx,מוכל-ב,,,,,25.9,250.6,0.939
הכלה,21,2013-06-26_געתון_עין יעקב.gpx,74,2013-10-06_מעונה_עין יעקב_געתון.gpx,מוכל-ב,,,,,27.7,301,0.939
הכלה,21,2013-06-26_געתון_עין יעקב.gpx,24,2013-07-08_עין יעקב_מעונה_געתון.gpx,מוכל-ב,,,,,22.2,296.6,0.939
הכלה,21,2013-06-26_געתון_עין יעקב.gpx,67,2013-09-25_געתון_עין יעקב_מעיליא.gpx,מוכל-ב,,,,,30.9,297.6,0.939
הכלה,21,2013-06-26_געתון_עין יעקב.gpx,60,2013-09-13_עין יעקב_מעיליא_מנות.gpx,מוכל-ב,,,,,25.3,300.6,0.939
הכלה,21,2013-06-26_געתון_עין יעקב.gpx,345,2023-12-30_געתון_יחיעם_עין יעקב.gpx,מוכל-ב,,,,,15.8,66.8,1
הכלה,21,2013-06-26_געתון_עין יעקב.gpx,341,2023-11-20_געתון_עין יעקב.gpx,מוכל-ב,,,,,18.2,101.3,0.98
הכלה,21,2013-06-26_געתון_עין יעקב.gpx,71,2013-10-01_געתון_עין יעקב.gpx,מוכל-ב,,,,,22.8,293.2,0.939
הכלה,21,2013-06-26_געתון_עין יעקב.gpx,72,2013-10-02_געתון_עין יעקב_מעיליא.gpx,מוכל-ב,,,,,32.5,298.9,0.939
הכלה,21,2013-06-26_געתון_עין יעקב.gpx,356,2024-02-25_געתון_עין יעקב.gpx,מוכל-ב,,,,,13.5,67.5,1
הכלה,21,2013-06-26_געתון_עין יעקב.gpx,25,2013-07-10_עין יעקב_מעונה_געתון.gpx,מוכל-ב,,,,,25.5,295.8,0.939
הכלה,21,2013-06-26_געתון_עין יעקב.gpx,35,2013-07-30_מעונה_עין יעקב_געתון.gpx,מוכל-ב,,,,,32.3,238.5,0.939
הכלה,21,2013-06-26_געתון_עין יעקב.gpx,52,2013-08-30_מעונה_עין יעקב_געתון.gpx,מוכל-ב,,,,,27.2,237.8,0.939
הכלה,21,2013-06-26_געתון_עין יעקב.gpx,496,2026-04-16_עין יעקב_מעונה_געתון.gpx,מוכל-ב,,,,,27.4,301,0.939
הכלה,21,2013-06-26_געתון_עין יעקב.gpx,348,2024-01-03_געתון_יחיעם_עין יעקב_1.gpx,מוכל-ב,,,,,17.1,53.7,1
הכלה,21,2013-06-26_געתון_עין יעקב.gpx,346,2023-12-31_געתון_יחיעם_עין יעקב.gpx,מוכל-ב,,,,,16.9,73.2,1
הכלה,21,2013-06-26_געתון_עין יעקב.gpx,484,2026-03-06_עין יעקב_געתון_כברי.gpx,מוכל-ב,,,,,32.8,306.6,0.939
הכלה,21,2013-06-26_געתון_עין יעקב.gpx,347,2024-01-03_געתון_יחיעם_עין יעקב.gpx,מוכל-ב,,,,,14.6,68.8,1
הכלה,21,2013-06-26_געתון_עין יעקב.gpx,36,2013-08-01_מעונה_עין יעקב_געתון.gpx,מוכל-ב,,,,,8.6,19.9,1
הכלה,21,2013-06-26_געתון_עין יעקב.gpx,363,2024-03-29_געתון_עין יעקב.gpx,מוכל-ב,,,,,10.3,67.8,1
הכלה,21,2013-06-26_געתון_עין יעקב.gpx,360,2024-03-09_געתון_עין יעקב.gpx,מוכל-ב,,,,,17.7,66.5,1
הכלה,21,2013-06-26_געתון_עין יעקב.gpx,43,2013-08-14_געתון_מעונה_עין יעקב.gpx,מוכל-ב,,,,,30.8,298.6,0.939
הכלה,21,2013-06-26_געתון_עין יעקב.gpx,196,2022-05-19_געתון_מעונה_עין יעקב.gpx,מוכל-ב,,,,,27.8,240.6,0.939
הכלה,21,2013-06-26_געתון_עין יעקב.gpx,626,יער הדובים השיירה סינגל בני.gpx,מוכל-ב,,,,,25.9,290.1,0.939
חשוד,18,2013-06-19_שלומי_כברי_מצובה.gpx,504,2026-05-09_מצובה_כברי.gpx,חשוד - לבדיקה ידנית,TRUE,2.5,2.3,3.4,483.9,1537.1,0.528
הכלה,18,2013-06-19_שלומי_כברי_מצובה.gpx,32,2013-07-25_געתון_שלומי_כברי.gpx,מוכל-ב,,,,,12.9,44.5,1
הכלה,18,2013-06-19_שלומי_כברי_מצובה.gpx,543,2026-07-19_עין יעקב_מנות_עבדון.gpx,מוכל-ב,,,,,16.2,41.9,1
הכלה,18,2013-06-19_שלומי_כברי_מצובה.gpx,524,2026-06-13 כברי_גורן-הקטן_נוף-חניתה_כברי.gpx,מוכל-ב,,,,,12.4,26.6,1
הכלה,18,2013-06-19_שלומי_כברי_מצובה.gpx,26,2013-07-12_געתון_שלומי_כפר ראש הנקרה.gpx,מוכל-ב,,,,,14.6,55.3,1
הכלה,18,2013-06-19_שלומי_כברי_מצובה.gpx,44,2013-08-16_געתון_שלומי_כפר ראש הנקרה.gpx,מוכל-ב,,,,,11.6,53.7,1
הכלה,17,2013-06-15_נהרייה_גשר הזיו_כפר ראש הנקרה.gpx,65,2013-09-21_כברי_נהרייה_געתון.gpx,מוכל-ב,,,,,93.9,1118.2,0.908
הכלה,17,2013-06-15_נהרייה_גשר הזיו_כפר ראש הנקרה.gpx,544,2026-07-21_שבי ציון_כברי_נהרייה.gpx,מוכל-ב,,,,,41,302.2,0.993
הכלה,17,2013-06-15_נהרייה_גשר הזיו_כפר ראש הנקרה.gpx,78,2013-10-12_מזרעה_כפר ורדים_מנות.gpx,מוכל-ב,,,,,114.7,1137.4,0.908
הכלה,15,2013-06-12_נהרייה_לימן_גשר הזיו.gpx,44,2013-08-16_געתון_שלומי_כפר ראש הנקרה.gpx,מוכל-ב,,,,,63.8,956.9,0.914
הכלה,15,2013-06-12_נהרייה_לימן_גשר הזיו.gpx,17,2013-06-15_נהרייה_גשר הזיו_כפר ראש הנקרה.gpx,מוכל-ב,,,,,12.7,241.6,0.981
הכלה,15,2013-06-12_נהרייה_לימן_גשר הזיו.gpx,544,2026-07-21_שבי ציון_כברי_נהרייה.gpx,מוכל-ב,,,,,23.4,240.2,0.981
הכלה,15,2013-06-12_נהרייה_לימן_גשר הזיו.gpx,78,2013-10-12_מזרעה_כפר ורדים_מנות.gpx,מוכל-ב,,,,,22.4,203.8,1
הכלה,15,2013-06-12_נהרייה_לימן_גשר הזיו.gpx,65,2013-09-21_כברי_נהרייה_געתון.gpx,מוכל-ב,,,,,16.8,231.7,0.99
הכלה,15,2013-06-12_נהרייה_לימן_גשר הזיו.gpx,19,2013-06-21_געתון_נהרייה_כפר ראש הנקרה.gpx,מוכל-ב,,,,,66.1,967.3,0.914
חשוד,13,2013-06-06_געתון_עין יעקב.gpx,153,2022-02-01_געתון_יחיעם.gpx,חשוד - לבדיקה ידנית,TRUE,2.5,104.3,6.5,13.3,74.4,1
חשוד,13,2013-06-06_געתון_עין יעקב.gpx,100,2021-09-12_געתון_יחיעם.gpx,חשוד - לבדיקה ידנית,FALSE,1.5,102.6,9,11.3,92.8,1
חשוד,13,2013-06-06_געתון_עין יעקב.gpx,187,2022-04-24_געתון_יחיעם.gpx,חשוד - לבדיקה ידנית,TRUE,3.3,105.1,6.7,16.4,101.1,0.978
חשוד,13,2013-06-06_געתון_עין יעקב.gpx,172,2022-03-25_געתון_יחיעם.gpx,חשוד - לבדיקה ידנית,TRUE,3.4,108.4,5.6,17.2,108.6,0.978
חשוד,13,2013-06-06_געתון_עין יעקב.gpx,202,2022-05-31_געתון_יחיעם.gpx,חשוד - לבדיקה ידנית,FALSE,3,101.5,2.2,12.3,92.4,1
חשוד,13,2013-06-06_געתון_עין יעקב.gpx,198,2022-05-25_געתון_יחיעם.gpx,חשוד - לבדיקה ידנית,FALSE,3.2,102.5,6.5,16,101.6,0.978
חשוד,13,2013-06-06_געתון_עין יעקב.gpx,283,2023-01-09_געתון_יחיעם.gpx,חשוד - לבדיקה ידנית,FALSE,4.1,102.4,4.8,15.2,82,1
חשוד,13,2013-06-06_געתון_עין יעקב.gpx,166,2022-03-01_געתון_יחיעם.gpx,חשוד - לבדיקה ידנית,FALSE,2.4,103,2.9,12.9,56.2,1
חשוד,13,2013-06-06_געתון_עין יעקב.gpx,21,2013-06-26_געתון_עין יעקב.gpx,חשוד - לבדיקה ידנית,TRUE,2.6,107,18.6,12.1,30,1
חשוד,13,2013-06-06_געתון_עין יעקב.gpx,96,2021-09-08_געתון_יחיעם.gpx,חשוד - לבדיקה ידנית,TRUE,2.5,107.4,9.2,10.3,79.6,1
חשוד,13,2013-06-06_געתון_עין יעקב.gpx,223,2022-07-07_געתון_יחיעם.gpx,חשוד - לבדיקה ידנית,FALSE,2.9,105.9,8.9,16.1,109.8,0.978
חשוד,13,2013-06-06_געתון_עין יעקב.gpx,101,2021-09-14_געתון_יחיעם.gpx,חשוד - לבדיקה ידנית,FALSE,2.8,102.3,9.9,12.8,104,0.978
חשוד,13,2013-06-06_געתון_עין יעקב.gpx,340,2023-10-21_געתון_עין יעקב_1.gpx,חשוד - לבדיקה ידנית,TRUE,2,98.6,2.9,12,86,1
הכלה,13,2013-06-06_געתון_עין יעקב.gpx,43,2013-08-14_געתון_מעונה_עין יעקב.gpx,מוכל-ב,,,,,31.1,308.2,0.938
הכלה,13,2013-06-06_געתון_עין יעקב.gpx,348,2024-01-03_געתון_יחיעם_עין יעקב_1.gpx,מוכל-ב,,,,,16.2,72.4,1
הכלה,13,2013-06-06_געתון_עין יעקב.gpx,626,יער הדובים השיירה סינגל בני.gpx,מוכל-ב,,,,,30.4,271.5,0.938
הכלה,13,2013-06-06_געתון_עין יעקב.gpx,347,2024-01-03_געתון_יחיעם_עין יעקב.gpx,מוכל-ב,,,,,16.2,87.9,1
הכלה,13,2013-06-06_געתון_עין יעקב.gpx,36,2013-08-01_מעונה_עין יעקב_געתון.gpx,מוכל-ב,,,,,17.1,38.8,1
הכלה,13,2013-06-06_געתון_עין יעקב.gpx,363,2024-03-29_געתון_עין יעקב.gpx,מוכל-ב,,,,,15.8,81.5,1
הכלה,13,2013-06-06_געתון_עין יעקב.gpx,360,2024-03-09_געתון_עין יעקב.gpx,מוכל-ב,,,,,13.3,87.4,1
הכלה,13,2013-06-06_געתון_עין יעקב.gpx,355,2024-02-23_געתון_עין יעקב.gpx,מוכל-ב,,,,,12.5,84,1
הכלה,13,2013-06-06_געתון_עין יעקב.gpx,56,2013-09-07_געתון_מעונה_גשר הזיו.gpx,מוכל-ב,,,,,22.6,306.3,0.938
הכלה,13,2013-06-06_געתון_עין יעקב.gpx,196,2022-05-19_געתון_מעונה_עין יעקב.gpx,מוכל-ב,,,,,29.4,245.5,0.938
הכלה,13,2013-06-06_געתון_עין יעקב.gpx,344,2023-12-19_געתון_עין יעקב_יחיעם_1.gpx,מוכל-ב,,,,,18.4,164.2,0.938
הכלה,13,2013-06-06_געתון_עין יעקב.gpx,29,2013-07-19_עין יעקב_מעונה_מנות.gpx,מוכל-ב,,,,,26.1,307.3,0.938
הכלה,13,2013-06-06_געתון_עין יעקב.gpx,221,2022-07-02_יחיעם_געתון_עין יעקב.gpx,מוכל-ב,,,,,29.6,254.7,0.938
הכלה,13,2013-06-06_געתון_עין יעקב.gpx,551,2026-08-08_מנות_כברי_הילה.gpx,מוכל-ב,,,,,29,309.2,0.938
הכלה,13,2013-06-06_געתון_עין יעקב.gpx,429,2025-03-02_געתון_עין יעקב_יחיעם.gpx,מוכל-ב,,,,,27.1,258.9,0.938
הכלה,13,2013-06-06_געתון_עין יעקב.gpx,70,2013-09-28_עין יעקב_מזרעה_שבי ציון.gpx,מוכל-ב,,,,,28.8,308.6,0.917
הכלה,13,2013-06-06_געתון_עין יעקב.gpx,74,2013-10-06_מעונה_עין יעקב_געתון.gpx,מוכל-ב,,,,,32.4,307.5,0.938
הכלה,13,2013-06-06_געתון_עין יעקב.gpx,67,2013-09-25_געתון_עין יעקב_מעיליא.gpx,מוכל-ב,,,,,23.8,304.2,0.938
הכלה,13,2013-06-06_געתון_עין יעקב.gpx,60,2013-09-13_עין יעקב_מעיליא_מנות.gpx,מוכל-ב,,,,,31.1,304.5,0.938
הכלה,13,2013-06-06_געתון_עין יעקב.gpx,24,2013-07-08_עין יעקב_מעונה_געתון.gpx,מוכל-ב,,,,,30.5,304,0.938
הכלה,13,2013-06-06_געתון_עין יעקב.gpx,72,2013-10-02_געתון_עין יעקב_מעיליא.gpx,מוכל-ב,,,,,25.3,309.8,0.938
הכלה,13,2013-06-06_געתון_עין יעקב.gpx,356,2024-02-25_געתון_עין יעקב.gpx,מוכל-ב,,,,,11.9,87.4,1
הכלה,13,2013-06-06_געתון_עין יעקב.gpx,35,2013-07-30_מעונה_עין יעקב_געתון.gpx,מוכל-ב,,,,,23.8,243.9,0.938
הכלה,13,2013-06-06_געתון_עין יעקב.gpx,345,2023-12-30_געתון_יחיעם_עין יעקב.gpx,מוכל-ב,,,,,12.2,82.2,1
הכלה,13,2013-06-06_געתון_עין יעקב.gpx,341,2023-11-20_געתון_עין יעקב.gpx,מוכל-ב,,,,,12.3,103.6,0.979
הכלה,13,2013-06-06_געתון_עין יעקב.gpx,71,2013-10-01_געתון_עין יעקב.gpx,מוכל-ב,,,,,20.4,310.2,0.938
הכלה,13,2013-06-06_געתון_עין יעקב.gpx,25,2013-07-10_עין יעקב_מעונה_געתון.gpx,מוכל-ב,,,,,23.1,307.8,0.938
הכלה,13,2013-06-06_געתון_עין יעקב.gpx,346,2023-12-31_געתון_יחיעם_עין יעקב.gpx,מוכל-ב,,,,,12.5,98.2,1
הכלה,13,2013-06-06_געתון_עין יעקב.gpx,484,2026-03-06_עין יעקב_געתון_כברי.gpx,מוכל-ב,,,,,38.6,310.5,0.938
הכלה,13,2013-06-06_געתון_עין יעקב.gpx,52,2013-08-30_מעונה_עין יעקב_געתון.gpx,מוכל-ב,,,,,31.4,214.6,0.938
הכלה,13,2013-06-06_געתון_עין יעקב.gpx,496,2026-04-16_עין יעקב_מעונה_געתון.gpx,מוכל-ב,,,,,32.1,310.5,0.938
הכלה,9,2013-05-04_נהרייה_לימן_גשר הזיו.gpx,65,2013-09-21_כברי_נהרייה_געתון.gpx,מוכל-ב,,,,,9.7,43.4,1
הכלה,9,2013-05-04_נהרייה_לימן_גשר הזיו.gpx,44,2013-08-16_געתון_שלומי_כפר ראש הנקרה.gpx,מוכל-ב,,,,,17.4,38.1,1
הכלה,9,2013-05-04_נהרייה_לימן_גשר הזיו.gpx,17,2013-06-15_נהרייה_גשר הזיו_כפר ראש הנקרה.gpx,מוכל-ב,,,,,13,43.1,1
הכלה,9,2013-05-04_נהרייה_לימן_גשר הזיו.gpx,471,2026-01-30_כברי_לימן_גשר הזיו.gpx,מוכל-ב,,,,,70.5,801.6,0.905
הכלה,9,2013-05-04_נהרייה_לימן_גשר הזיו.gpx,15,2013-06-12_נהרייה_לימן_גשר הזיו.gpx,מוכל-ב,,,,,9.6,39.1,1
הכלה,9,2013-05-04_נהרייה_לימן_גשר הזיו.gpx,156,2022-02-11_געתון_כברי_לימן.gpx,מוכל-ב,,,,,22.7,364.8,0.952
הכלה,9,2013-05-04_נהרייה_לימן_גשר הזיו.gpx,206,2022-06-04_געתון_כברי_נהרייה.gpx,מוכל-ב,,,,,25.5,356.4,0.952
הכלה,9,2013-05-04_נהרייה_לימן_גשר הזיו.gpx,497,2026-04-20_כברי_געתון_גשר הזיו.gpx,מוכל-ב,,,,,67.2,796.9,0.905
הכלה,9,2013-05-04_נהרייה_לימן_גשר הזיו.gpx,465,2026-01-10_כברי_לימן_גשר הזיו.gpx,מוכל-ב,,,,,77.3,800.2,0.905
הכלה,9,2013-05-04_נהרייה_לימן_גשר הזיו.gpx,409,2024-12-17_כברי_כפר ראש הנקרה_לימן.gpx,מוכל-ב,,,,,65.9,797.5,0.905
הכלה,9,2013-05-04_נהרייה_לימן_גשר הזיו.gpx,550,2026-08-08_געתון_כברי_מנות.gpx,מוכל-ב,,,,,76.5,804.9,0.905
הכלה,9,2013-05-04_נהרייה_לימן_גשר הזיו.gpx,528,2026-06-24 געתון_נהריה_ראש-הנקרה_נהריה_געתון.gpx,מוכל-ב,,,,,72.3,803,0.905
הכלה,9,2013-05-04_נהרייה_לימן_גשר הזיו.gpx,411,2024-12-25_כברי_כפר ראש הנקרה_לימן.gpx,מוכל-ב,,,,,66.1,803.2,0.905
הכלה,9,2013-05-04_נהרייה_לימן_גשר הזיו.gpx,492,2026-04-08_געתון_כברי_גשר הזיו.gpx,מוכל-ב,,,,,74.7,800.8,0.905
הכלה,9,2013-05-04_נהרייה_לימן_גשר הזיו.gpx,544,2026-07-21_שבי ציון_כברי_נהרייה.gpx,מוכל-ב,,,,,19.6,69.6,1
הכלה,9,2013-05-04_נהרייה_לימן_גשר הזיו.gpx,551,2026-08-08_מנות_כברי_הילה.gpx,מוכל-ב,,,,,71.6,803.7,0.905
הכלה,9,2013-05-04_נהרייה_לימן_גשר הזיו.gpx,78,2013-10-12_מזרעה_כפר ורדים_מנות.gpx,מוכל-ב,,,,,13.5,39.5,1
הכלה,9,2013-05-04_נהרייה_לימן_גשר הזיו.gpx,26,2013-07-12_געתון_שלומי_כפר ראש הנקרה.gpx,מוכל-ב,,,,,16.2,23.8,1
הכלה,9,2013-05-04_נהרייה_לימן_גשר הזיו.gpx,19,2013-06-21_געתון_נהרייה_כפר ראש הנקרה.gpx,מוכל-ב,,,,,10.7,42,1
הכלה,8,2013-04-27_שבי ציון_שמרת_גשר הזיו.gpx,14,2013-06-08_שבי ציון_געתון_כברי.gpx,מוכל-ב,,,,,16.2,168.9,1
הכלה,3,2013-04-16_געתון_יחיעם_עין יעקב.gpx,257,2022-10-26_געתון_יחיעם.gpx,מוכל-ב,,,,,18.5,37.7,1
הכלה,3,2013-04-16_געתון_יחיעם_עין יעקב.gpx,236,2022-08-09_געתון_יחיעם.gpx,מוכל-ב,,,,,19.2,37.2,1
הכלה,3,2013-04-16_געתון_יחיעם_עין יעקב.gpx,276,2022-12-12_געתון_יחיעם_עין יעקב.gpx,מוכל-ב,,,,,19.4,39.2,1
הכלה,3,2013-04-16_געתון_יחיעם_עין יעקב.gpx,282,2022-12-30_געתון_כברי_לימן.gpx,מוכל-ב,,,,,18.1,68.7,1
הכלה,3,2013-04-16_געתון_יחיעם_עין יעקב.gpx,105,2021-09-21_מעיליא_געתון_מעונה.gpx,מוכל-ב,,,,,17.1,61.4,1
הכלה,3,2013-04-16_געתון_יחיעם_עין יעקב.gpx,209,2022-06-11_מנות_מעיליא_כברי.gpx,מוכל-ב,,,,,19.5,61.7,1
הכלה,3,2013-04-16_געתון_יחיעם_עין יעקב.gpx,152,2022-01-30_געתון_יחיעם.gpx,מוכל-ב,,,,,14.6,33.9,1
הכלה,3,2013-04-16_געתון_יחיעם_עין יעקב.gpx,177,2022-04-07_געתון_יחיעם.gpx,מוכל-ב,,,,,16.5,31.2,1
הכלה,3,2013-04-16_געתון_יחיעם_עין יעקב.gpx,175,2022-04-03_געתון_יחיעם.gpx,מוכל-ב,,,,,18.4,34.3,1
הכלה,3,2013-04-16_געתון_יחיעם_עין יעקב.gpx,34,2013-07-27_געתון_כברי_מנות.gpx,מוכל-ב,,,,,19.3,62.8,1
הכלה,3,2013-04-16_געתון_יחיעם_עין יעקב.gpx,93,2021-09-04_געתון_מעיליא_מעונה.gpx,מוכל-ב,,,,,19.6,61.2,1
הכלה,3,2013-04-16_געתון_יחיעם_עין יעקב.gpx,197,2022-05-20_געתון_כברי_לימן.gpx,מוכל-ב,,,,,17.6,59.9,1
הכלה,3,2013-04-16_געתון_יחיעם_עין יעקב.gpx,42,2013-08-12_געתון_כברי_לימן.gpx,מוכל-ב,,,,,18.2,40.3,1
הכלה,3,2013-04-16_געתון_יחיעם_עין יעקב.gpx,74,2013-10-06_מעונה_עין יעקב_געתון.gpx,מוכל-ב,,,,,18.5,34.4,1
הכלה,3,2013-04-16_געתון_יחיעם_עין יעקב.gpx,234,2022-08-02_געתון_יחיעם.gpx,מוכל-ב,,,,,14.8,34.7,1
הכלה,3,2013-04-16_געתון_יחיעם_עין יעקב.gpx,48,2013-08-24_מזרעה_שבי ציון_געתון.gpx,מוכל-ב,,,,,17.6,59.8,1
הכלה,3,2013-04-16_געתון_יחיעם_עין יעקב.gpx,24,2013-07-08_עין יעקב_מעונה_געתון.gpx,מוכל-ב,,,,,17.7,59.9,1
הכלה,3,2013-04-16_געתון_יחיעם_עין יעקב.gpx,137,2021-12-21_געתון_יחיעם.gpx,מוכל-ב,,,,,17.3,37,1
הכלה,3,2013-04-16_געתון_יחיעם_עין יעקב.gpx,519,2026-06-06 געתון_רגבה_עכו.gpx,מוכל-ב,,,,,19,67.5,1
הכלה,3,2013-04-16_געתון_יחיעם_עין יעקב.gpx,67,2013-09-25_געתון_עין יעקב_מעיליא.gpx,מוכל-ב,,,,,17.2,38.3,1
הכלה,3,2013-04-16_געתון_יחיעם_עין יעקב.gpx,180,2022-04-13_געתון_יחיעם.gpx,מוכל-ב,,,,,18.5,36.4,1
הכלה,3,2013-04-16_געתון_יחיעם_עין יעקב.gpx,540,2026-07-14_שבי ציון_געתון_נהרייה.gpx,מוכל-ב,,,,,20.7,68.5,1
הכלה,3,2013-04-16_געתון_יחיעם_עין יעקב.gpx,439,2025-08-28_געתון_כברי_לימן.gpx,מוכל-ב,,,,,19.8,66.2,1
הכלה,3,2013-04-16_געתון_יחיעם_עין יעקב.gpx,60,2013-09-13_עין יעקב_מעיליא_מנות.gpx,מוכל-ב,,,,,18.2,39.4,1
הכלה,3,2013-04-16_געתון_יחיעם_עין יעקב.gpx,483,2026-03-05_געתון_כברי.gpx,מוכל-ב,,,,,18.3,63.7,1
הכלה,3,2013-04-16_געתון_יחיעם_עין יעקב.gpx,50,2013-08-28_געתון_יחיעם_עין יעקב.gpx,מוכל-ב,,,,,19.3,111.1,0.971
הכלה,3,2013-04-16_געתון_יחיעם_עין יעקב.gpx,291,2023-02-17_געתון_יחיעם_עין יעקב.gpx,מוכל-ב,,,,,19.9,35.1,1
הכלה,3,2013-04-16_געתון_יחיעם_עין יעקב.gpx,243,2022-08-21_געתון_יחיעם.gpx,מוכל-ב,,,,,17.9,65.6,1
הכלה,3,2013-04-16_געתון_יחיעם_עין יעקב.gpx,167,2022-03-04_געתון_כברי_יחיעם.gpx,מוכל-ב,,,,,15.3,33.8,1
הכלה,3,2013-04-16_געתון_יחיעם_עין יעקב.gpx,161,2022-02-22_געתון_יחיעם.gpx,מוכל-ב,,,,,17,34.3,1
הכלה,3,2013-04-16_געתון_יחיעם_עין יעקב.gpx,238,2022-08-13_מנות_הילה_מעיליא.gpx,מוכל-ב,,,,,20.4,60.6,1
הכלה,3,2013-04-16_געתון_יחיעם_עין יעקב.gpx,253,2022-10-17_געתון_מעיליא_מעונה.gpx,מוכל-ב,,,,,19.6,39.8,1
הכלה,3,2013-04-16_געתון_יחיעם_עין יעקב.gpx,341,2023-11-20_געתון_עין יעקב.gpx,מוכל-ב,,,,,26.7,177.9,0.943
הכלה,3,2013-04-16_געתון_יחיעם_עין יעקב.gpx,237,2022-08-10_געתון_יחיעם_עין יעקב.gpx,מוכל-ב,,,,,15.9,34.6,1
הכלה,3,2013-04-16_געתון_יחיעם_עין יעקב.gpx,191,2022-05-11_געתון_יחיעם.gpx,מוכל-ב,,,,,16.6,33.3,1
הכלה,3,2013-04-16_געתון_יחיעם_עין יעקב.gpx,448,2025-09-23_געתון_כברי_לימן.gpx,מוכל-ב,,,,,20.5,62.4,1
הכלה,3,2013-04-16_געתון_יחיעם_עין יעקב.gpx,72,2013-10-02_געתון_עין יעקב_מעיליא.gpx,מוכל-ב,,,,,16.1,37.3,1
הכלה,3,2013-04-16_געתון_יחיעם_עין יעקב.gpx,13,2013-06-06_געתון_עין יעקב.gpx,מוכל-ב,,,,,14.6,46.1,1
הכלה,3,2013-04-16_געתון_יחיעם_עין יעקב.gpx,188,2022-05-04_געתון_יחיעם.gpx,מוכל-ב,,,,,18.6,37.9,1
הכלה,3,2013-04-16_געתון_יחיעם_עין יעקב.gpx,356,2024-02-25_געתון_עין יעקב.gpx,מוכל-ב,,,,,20.7,77.3,1
הכלה,3,2013-04-16_געתון_יחיעם_עין יעקב.gpx,25,2013-07-10_עין יעקב_מעונה_געתון.gpx,מוכל-ב,,,,,18.6,60.9,1
הכלה,3,2013-04-16_געתון_יחיעם_עין יעקב.gpx,21,2013-06-26_געתון_עין יעקב.gpx,מוכל-ב,,,,,16.1,56.3,1
הכלה,3,2013-04-16_געתון_יחיעם_עין יעקב.gpx,263,2022-11-11_געתון_יחיעם.gpx,מוכל-ב,,,,,19.1,63.2,1
הכלה,3,2013-04-16_געתון_יחיעם_עין יעקב.gpx,35,2013-07-30_מעונה_עין יעקב_געתון.gpx,מוכל-ב,,,,,18,69,1
הכלה,3,2013-04-16_געתון_יחיעם_עין יעקב.gpx,227,2022-07-15_געתון_כברי_לימן.gpx,מוכל-ב,,,,,15.2,61.1,1
הכלה,3,2013-04-16_געתון_יחיעם_עין יעקב.gpx,345,2023-12-30_געתון_יחיעם_עין יעקב.gpx,מוכל-ב,,,,,21.4,74.4,1
הכלה,3,2013-04-16_געתון_יחיעם_עין יעקב.gpx,117,2021-11-06_מעיליא_געתון_מעונה.gpx,מוכל-ב,,,,,21.7,62.6,1
הכלה,3,2013-04-16_געתון_יחיעם_עין יעקב.gpx,154,2022-02-02_געתון_יחיעם.gpx,מוכל-ב,,,,,19,37.9,1
הכלה,3,2013-04-16_געתון_יחיעם_עין יעקב.gpx,26,2013-07-12_געתון_שלומי_כפר ראש הנקרה.gpx,מוכל-ב,,,,,18.2,67.1,1
הכלה,3,2013-04-16_געתון_יחיעם_עין יעקב.gpx,279,2022-12-21_געתון_יחיעם.gpx,מוכל-ב,,,,,17.2,37.5,1
הכלה,3,2013-04-16_געתון_יחיעם_עין יעקב.gpx,71,2013-10-01_געתון_עין יעקב.gpx,מוכל-ב,,,,,15,29.6,1
הכלה,3,2013-04-16_געתון_יחיעם_עין יעקב.gpx,192,2022-05-12_געתון_יחיעם.gpx,מוכל-ב,,,,,14.6,32.9,1
הכלה,3,2013-04-16_געתון_יחיעם_עין יעקב.gpx,183,2022-04-16_מנות_הילה_מעיליא.gpx,מוכל-ב,,,,,20.1,63.5,1
הכלה,3,2013-04-16_געתון_יחיעם_עין יעקב.gpx,241,2022-08-19_געתון_כברי_לימן.gpx,מוכל-ב,,,,,16.5,62.2,1
הכלה,3,2013-04-16_געתון_יחיעם_עין יעקב.gpx,496,2026-04-16_עין יעקב_מעונה_געתון.gpx,מוכל-ב,,,,,19.7,64,1
הכלה,3,2013-04-16_געתון_יחיעם_עין יעקב.gpx,62,2013-09-18_געתון_מעיליא_מנות.gpx,מוכל-ב,,,,,18.6,34.6,1
הכלה,3,2013-04-16_געתון_יחיעם_עין יעקב.gpx,138,2021-12-25_געתון_מעיליא_מעונה.gpx,מוכל-ב,,,,,20.9,58.8,1
הכלה,3,2013-04-16_געתון_יחיעם_עין יעקב.gpx,145,2022-01-14_געתון_יחיעם.gpx,מוכל-ב,,,,,19.4,38.4,1
הכלה,3,2013-04-16_געתון_יחיעם_עין יעקב.gpx,142,2022-01-04_געתון_יחיעם.gpx,מוכל-ב,,,,,14.5,39.3,1
הכלה,3,2013-04-16_געתון_יחיעם_עין יעקב.gpx,284,2023-01-10_געתון_כברי_לימן.gpx,מוכל-ב,,,,,18.9,65.1,1
הכלה,3,2013-04-16_געתון_יחיעם_עין יעקב.gpx,339,2023-10-21_געתון_עין יעקב.gpx,מוכל-ב,,,,,21,70.4,1
הכלה,3,2013-04-16_געתון_יחיעם_עין יעקב.gpx,261,2022-11-07_געתון_יחיעם_עין יעקב.gpx,מוכל-ב,,,,,17.8,36.8,1
הכלה,3,2013-04-16_געתון_יחיעם_עין יעקב.gpx,224,2022-07-08_מנות_געתון_הילה.gpx,מוכל-ב,,,,,20.8,61.5,1
הכלה,3,2013-04-16_געתון_יחיעם_עין יעקב.gpx,28,2013-07-15_געתון_שבי ציון_גשר הזיו.gpx,מוכל-ב,,,,,17.7,64.8,1
הכלה,3,2013-04-16_געתון_יחיעם_עין יעקב.gpx,346,2023-12-31_געתון_יחיעם_עין יעקב.gpx,מוכל-ב,,,,,22,108.8,0.971
הכלה,3,2013-04-16_געתון_יחיעם_עין יעקב.gpx,210,2022-06-12_געתון_יחיעם.gpx,מוכל-ב,,,,,14.4,34,1
הכלה,3,2013-04-16_געתון_יחיעם_עין יעקב.gpx,281,2022-12-28_געתון_גשר הזיו_כברי.gpx,מוכל-ב,,,,,17,64.3,1
הכלה,3,2013-04-16_געתון_יחיעם_עין יעקב.gpx,242,2022-08-20_געתון_מנות_מעיליא.gpx,מוכל-ב,,,,,20.6,60.3,1
הכלה,3,2013-04-16_געתון_יחיעם_עין יעקב.gpx,124,2021-11-23_געתון_יחיעם.gpx,מוכל-ב,,,,,17.3,34.1,1
הכלה,3,2013-04-16_געתון_יחיעם_עין יעקב.gpx,233,2022-07-31_געתון_יחיעם.gpx,מוכל-ב,,,,,15.2,39.3,1
הכלה,3,2013-04-16_געתון_יחיעם_עין יעקב.gpx,143,2022-01-07_געתון_מעיליא_מעונה.gpx,מוכל-ב,,,,,19.4,59.4,1
הכלה,3,2013-04-16_געתון_יחיעם_עין יעקב.gpx,484,2026-03-06_עין יעקב_געתון_כברי.gpx,מוכל-ב,,,,,23,74.2,1
הכלה,3,2013-04-16_געתון_יחיעם_עין יעקב.gpx,146,2022-01-15_געתון_יחיעם.gpx,מוכל-ב,,,,,17.5,36.7,1
הכלה,3,2013-04-16_געתון_יחיעם_עין יעקב.gpx,52,2013-08-30_מעונה_עין יעקב_געתון.gpx,מוכל-ב,,,,,24.4,104.7,0.943
הכלה,3,2013-04-16_געתון_יחיעם_עין יעקב.gpx,208,2022-06-09_געתון_יחיעם_עין יעקב.gpx,מוכל-ב,,,,,16.1,33,1
הכלה,3,2013-04-16_געתון_יחיעם_עין יעקב.gpx,96,2021-09-08_געתון_יחיעם.gpx,מוכל-ב,,,,,13.1,39.2,1
הכלה,3,2013-04-16_געתון_יחיעם_עין יעקב.gpx,92,2021-09-03_געתון_מעיליא_מעונה.gpx,מוכל-ב,,,,,21.4,63.3,1
הכלה,3,2013-04-16_געתון_יחיעם_עין יעקב.gpx,215,2022-06-21_געתון_יחיעם_עין יעקב.gpx,מוכל-ב,,,,,16.4,36.6,1
הכלה,3,2013-04-16_געתון_יחיעם_עין יעקב.gpx,223,2022-07-07_געתון_יחיעם.gpx,מוכל-ב,,,,,13.3,35.8,1
הכלה,3,2013-04-16_געתון_יחיעם_עין יעקב.gpx,232,2022-07-23_געתון_נווה זיו.gpx,מוכל-ב,,,,,17.3,64,1
הכלה,3,2013-04-16_געתון_יחיעם_עין יעקב.gpx,101,2021-09-14_געתון_יחיעם.gpx,מוכל-ב,,,,,14.4,33.4,1
הכלה,3,2013-04-16_געתון_יחיעם_עין יעקב.gpx,442,2025-09-08_געתון_יחיעם_כברי.gpx,מוכל-ב,,,,,14,63.7,1
הכלה,3,2013-04-16_געתון_יחיעם_עין יעקב.gpx,482,2026-02-28_געתון_כברי.gpx,מוכל-ב,,,,,16.8,63.1,1
הכלה,3,2013-04-16_געתון_יחיעם_עין יעקב.gpx,44,2013-08-16_געתון_שלומי_כפר ראש הנקרה.gpx,מוכל-ב,,,,,19.4,70.4,1
הכלה,3,2013-04-16_געתון_יחיעם_עין יעקב.gpx,340,2023-10-21_געתון_עין יעקב_1.gpx,מוכל-ב,,,,,19.9,75.8,1
הכלה,3,2013-04-16_געתון_יחיעם_עין יעקב.gpx,57,2013-09-08_געתון_יחיעם_עין יעקב.gpx,מוכל-ב,,,,,13.8,34.3,1
הכלה,3,2013-04-16_געתון_יחיעם_עין יעקב.gpx,43,2013-08-14_געתון_מעונה_עין יעקב.gpx,מוכל-ב,,,,,18.6,68,1
הכלה,3,2013-04-16_געתון_יחיעם_עין יעקב.gpx,348,2024-01-03_געתון_יחיעם_עין יעקב_1.gpx,מוכל-ב,,,,,21.9,67.6,1
הכלה,3,2013-04-16_געתון_יחיעם_עין יעקב.gpx,165,2022-02-28_געתון_כברי_לימן.gpx,מוכל-ב,,,,,16.9,63.4,1
הכלה,3,2013-04-16_געתון_יחיעם_עין יעקב.gpx,266,2022-11-19_מעיליא_געתון_מעונה.gpx,מוכל-ב,,,,,20.1,69,1
הכלה,3,2013-04-16_געתון_יחיעם_עין יעקב.gpx,256,2022-10-24_געתון_יחיעם.gpx,מוכל-ב,,,,,16.7,34.7,1
הכלה,3,2013-04-16_געתון_יחיעם_עין יעקב.gpx,293,2023-02-20_געתון_יחיעם_עין יעקב.gpx,מוכל-ב,,,,,17.9,31.5,1
הכלה,3,2013-04-16_געתון_יחיעם_עין יעקב.gpx,626,יער הדובים השיירה סינגל בני.gpx,מוכל-ב,,,,,19.2,64.8,1
הכלה,3,2013-04-16_געתון_יחיעם_עין יעקב.gpx,443,2025-09-10_געתון_יחיעם_כברי.gpx,מוכל-ב,,,,,15.2,58.2,1
הכלה,3,2013-04-16_געתון_יחיעם_עין יעקב.gpx,347,2024-01-03_געתון_יחיעם_עין יעקב.gpx,מוכל-ב,,,,,21,79.4,1
הכלה,3,2013-04-16_געתון_יחיעם_עין יעקב.gpx,189,2022-05-06_געתון_יחיעם.gpx,מוכל-ב,,,,,17,44.8,1
הכלה,3,2013-04-16_געתון_יחיעם_עין יעקב.gpx,475,2026-02-07_מעיליא_מנות_הילה.gpx,מוכל-ב,,,,,18.4,63.6,1
הכלה,3,2013-04-16_געתון_יחיעם_עין יעקב.gpx,478,2026-02-24_עין יעקב_מעונה_געתון.gpx,מוכל-ב,,,,,18.2,61.3,1
הכלה,3,2013-04-16_געתון_יחיעם_עין יעקב.gpx,36,2013-08-01_מעונה_עין יעקב_געתון.gpx,מוכל-ב,,,,,19.6,63.4,1
הכלה,3,2013-04-16_געתון_יחיעם_עין יעקב.gpx,292,2023-02-18_געתון_יחיעם_עין יעקב.gpx,מוכל-ב,,,,,20.2,39.6,1
הכלה,3,2013-04-16_געתון_יחיעם_עין יעקב.gpx,40,2013-08-08_געתון_כברי.gpx,מוכל-ב,,,,,16.6,63.1,1
הכלה,3,2013-04-16_געתון_יחיעם_עין יעקב.gpx,179,2022-04-12_געתון_יחיעם.gpx,מוכל-ב,,,,,14.9,36.2,1
הכלה,3,2013-04-16_געתון_יחיעם_עין יעקב.gpx,107,2021-09-25_מעיליא_געתון_מעונה.gpx,מוכל-ב,,,,,20.7,62.3,1
הכלה,3,2013-04-16_געתון_יחיעם_עין יעקב.gpx,140,2021-12-31_געתון_מעיליא_מעונה.gpx,מוכל-ב,,,,,20.6,62.6,1
הכלה,3,2013-04-16_געתון_יחיעם_עין יעקב.gpx,239,2022-08-14_געתון_כברי_לימן.gpx,מוכל-ב,,,,,15.5,60.9,1
הכלה,3,2013-04-16_געתון_יחיעם_עין יעקב.gpx,212,2022-06-16_געתון_יחיעם_עין יעקב.gpx,מוכל-ב,,,,,17.3,36.9,1
הכלה,3,2013-04-16_געתון_יחיעם_עין יעקב.gpx,363,2024-03-29_געתון_עין יעקב.gpx,מוכל-ב,,,,,21.9,75.8,1
הכלה,3,2013-04-16_געתון_יחיעם_עין יעקב.gpx,200,2022-05-27_געתון_כברי_לימן.gpx,מוכל-ב,,,,,15.4,34.7,1
הכלה,3,2013-04-16_געתון_יחיעם_עין יעקב.gpx,194,2022-05-15_געתון_יחיעם.gpx,מוכל-ב,,,,,15.1,38.4,1
הכלה,3,2013-04-16_געתון_יחיעם_עין יעקב.gpx,230,2022-07-19_כברי_געתון_לימן.gpx,מוכל-ב,,,,,21.4,66.7,1
הכלה,3,2013-04-16_געתון_יחיעם_עין יעקב.gpx,360,2024-03-09_געתון_עין יעקב.gpx,מוכל-ב,,,,,20.4,85.7,1
הכלה,3,2013-04-16_געתון_יחיעם_עין יעקב.gpx,453,2025-10-02_געתון_כברי_גשר הזיו.gpx,מוכל-ב,,,,,18.1,66.1,1
הכלה,3,2013-04-16_געתון_יחיעם_עין יעקב.gpx,355,2024-02-23_געתון_עין יעקב.gpx,מוכל-ב,,,,,16.3,60.4,1
הכלה,3,2013-04-16_געתון_יחיעם_עין יעקב.gpx,455,2025-10-11_געתון_יחיעם_כברי.gpx,מוכל-ב,,,,,19.8,63,1
הכלה,3,2013-04-16_געתון_יחיעם_עין יעקב.gpx,100,2021-09-12_געתון_יחיעם.gpx,מוכל-ב,,,,,14,39.8,1
הכלה,3,2013-04-16_געתון_יחיעם_עין יעקב.gpx,56,2013-09-07_געתון_מעונה_גשר הזיו.gpx,מוכל-ב,,,,,15.4,36.3,1
הכלה,3,2013-04-16_געתון_יחיעם_עין יעקב.gpx,196,2022-05-19_געתון_מעונה_עין יעקב.gpx,מוכל-ב,,,,,15.9,67.1,1
הכלה,3,2013-04-16_געתון_יחיעם_עין יעקב.gpx,452,2025-10-01_שבי ציון_כברי_נהרייה.gpx,מוכל-ב,,,,,18.4,67.2,1
הכלה,3,2013-04-16_געתון_יחיעם_עין יעקב.gpx,153,2022-02-01_געתון_יחיעם.gpx,מוכל-ב,,,,,13.1,34,1
הכלה,3,2013-04-16_געתון_יחיעם_עין יעקב.gpx,211,2022-06-15_געתון_כברי_לימן.gpx,מוכל-ב,,,,,15.8,62.2,1
הכלה,3,2013-04-16_געתון_יחיעם_עין יעקב.gpx,502,2026-05-07_געתון_כברי_לימן.gpx,מוכל-ב,,,,,18,61.7,1
הכלה,3,2013-04-16_געתון_יחיעם_עין יעקב.gpx,490,2026-03-25_געתון_גשר הזיו_כברי.gpx,מוכל-ב,,,,,15.4,65.5,1
הכלה,3,2013-04-16_געתון_יחיעם_עין יעקב.gpx,259,2022-10-29_געתון_מעיליא_מעונה.gpx,מוכל-ב,,,,,19.6,38.8,1
הכלה,3,2013-04-16_געתון_יחיעם_עין יעקב.gpx,108,2021-09-26_געתון_יחיעם.gpx,מוכל-ב,,,,,16.5,41.6,1
הכלה,3,2013-04-16_געתון_יחיעם_עין יעקב.gpx,156,2022-02-11_געתון_כברי_לימן.gpx,מוכל-ב,,,,,18.3,63.7,1
הכלה,3,2013-04-16_געתון_יחיעם_עין יעקב.gpx,174,2022-04-02_געתון_מעיליא_נווה זיו.gpx,מוכל-ב,,,,,19.9,64.8,1
הכלה,3,2013-04-16_געתון_יחיעם_עין יעקב.gpx,447,2025-09-22_שבי ציון_כברי_נהרייה.gpx,מוכל-ב,,,,,20.8,64.9,1
הכלה,3,2013-04-16_געתון_יחיעם_עין יעקב.gpx,125,2021-11-27_מעיליא_געתון_נווה זיו.gpx,מוכל-ב,,,,,19.3,61.8,1
הכלה,3,2013-04-16_געתון_יחיעם_עין יעקב.gpx,164,2022-02-27_געתון_יחיעם.gpx,מוכל-ב,,,,,18.7,36,1
הכלה,3,2013-04-16_געתון_יחיעם_עין יעקב.gpx,61,2013-09-14_עין המפרץ_געתון_מזרעה.gpx,מוכל-ב,,,,,18.6,35.3,1
הכלה,3,2013-04-16_געתון_יחיעם_עין יעקב.gpx,206,2022-06-04_געתון_כברי_נהרייה.gpx,מוכל-ב,,,,,15,62.8,1
הכלה,3,2013-04-16_געתון_יחיעם_עין יעקב.gpx,262,2022-11-09_געתון_יחיעם.gpx,מוכל-ב,,,,,17.5,33.9,1
הכלה,3,2013-04-16_געתון_יחיעם_עין יעקב.gpx,226,2022-07-11_געתון_כברי_כפר ראש הנקרה.gpx,מוכל-ב,,,,,19.2,63.3,1
הכלה,3,2013-04-16_געתון_יחיעם_עין יעקב.gpx,270,2022-12-03_מנות_הילה_מעיליא.gpx,מוכל-ב,,,,,20.1,63.6,1
הכלה,3,2013-04-16_געתון_יחיעם_עין יעקב.gpx,497,2026-04-20_כברי_געתון_גשר הזיו.gpx,מוכל-ב,,,,,15.9,61,1
הכלה,3,2013-04-16_געתון_יחיעם_עין יעקב.gpx,187,2022-04-24_געתון_יחיעם.gpx,מוכל-ב,,,,,15.5,34.3,1
הכלה,3,2013-04-16_געתון_יחיעם_עין יעקב.gpx,150,2022-01-21_געתון_יחיעם.gpx,מוכל-ב,,,,,17.2,39.7,1
הכלה,3,2013-04-16_געתון_יחיעם_עין יעקב.gpx,157,2022-02-16_געתון_יחיעם.gpx,מוכל-ב,,,,,18.8,35.4,1
הכלה,3,2013-04-16_געתון_יחיעם_עין יעקב.gpx,286,2023-01-18_געתון_כברי_גשר הזיו.gpx,מוכל-ב,,,,,16.9,36.3,1
הכלה,3,2013-04-16_געתון_יחיעם_עין יעקב.gpx,99,2021-09-11_געתון_מעיליא_מעונה.gpx,מוכל-ב,,,,,20.2,65.7,1
הכלה,3,2013-04-16_געתון_יחיעם_עין יעקב.gpx,344,2023-12-19_געתון_עין יעקב_יחיעם_1.gpx,מוכל-ב,,,,,17.7,67.5,1
הכלה,3,2013-04-16_געתון_יחיעם_עין יעקב.gpx,91,2021-08-07_געתון_מעיליא_מעונה.gpx,מוכל-ב,,,,,16.4,66.3,1
הכלה,3,2013-04-16_געתון_יחיעם_עין יעקב.gpx,202,2022-05-31_געתון_יחיעם.gpx,מוכל-ב,,,,,18,36.7,1
הכלה,3,2013-04-16_געתון_יחיעם_עין יעקב.gpx,123,2021-11-22_געתון_יחיעם.gpx,מוכל-ב,,,,,15.7,34.2,1
הכלה,3,2013-04-16_געתון_יחיעם_עין יעקב.gpx,216,2022-06-24_מנות_מעיליא_כברי.gpx,מוכל-ב,,,,,20.9,60.1,1
הכלה,3,2013-04-16_געתון_יחיעם_עין יעקב.gpx,68,2013-09-26_געתון_כפר ורדים_מנות.gpx,מוכל-ב,,,,,17.2,45.7,1
הכלה,3,2013-04-16_געתון_יחיעם_עין יעקב.gpx,550,2026-08-08_געתון_כברי_מנות.gpx,מוכל-ב,,,,,18.9,61.3,1
הכלה,3,2013-04-16_געתון_יחיעם_עין יעקב.gpx,23,2013-06-30_געתון_יחיעם_עין יעקב.gpx,מוכל-ב,,,,,13.4,60.5,1
הכלה,3,2013-04-16_געתון_יחיעם_עין יעקב.gpx,214,2022-06-19_געתון_כברי_לימן.gpx,מוכל-ב,,,,,16.1,62.5,1
הכלה,3,2013-04-16_געתון_יחיעם_עין יעקב.gpx,195,2022-05-18_געתון_יחיעם.gpx,מוכל-ב,,,,,15.8,36.8,1
הכלה,3,2013-04-16_געתון_יחיעם_עין יעקב.gpx,122,2021-11-19_געתון_יחיעם.gpx,מוכל-ב,,,,,19.1,35,1
הכלה,3,2013-04-16_געתון_יחיעם_עין יעקב.gpx,265,2022-11-18_געתון_יחיעם_עין יעקב.gpx,מוכל-ב,,,,,17.6,63.2,1
הכלה,3,2013-04-16_געתון_יחיעם_עין יעקב.gpx,536,2026-07-07_עבדון_געתון_יערה.gpx,מוכל-ב,,,,,15.8,43.4,1
הכלה,3,2013-04-16_געתון_יחיעם_עין יעקב.gpx,541,2026-07-14_שבי ציון_כברי_נהרייה.gpx,מוכל-ב,,,,,18.7,56.1,1
הכלה,3,2013-04-16_געתון_יחיעם_עין יעקב.gpx,528,2026-06-24 געתון_נהריה_ראש-הנקרה_נהריה_געתון.gpx,מוכל-ב,,,,,17.2,61,1
הכלה,3,2013-04-16_געתון_יחיעם_עין יעקב.gpx,277,2022-12-16_געתון_יחיעם_עין יעקב.gpx,מוכל-ב,,,,,17.6,36.8,1
הכלה,3,2013-04-16_געתון_יחיעם_עין יעקב.gpx,32,2013-07-25_געתון_שלומי_כברי.gpx,מוכל-ב,,,,,18.9,61.1,1
הכלה,3,2013-04-16_געתון_יחיעם_עין יעקב.gpx,162,2022-02-23_געתון_יחיעם.gpx,מוכל-ב,,,,,16.9,37.2,1
הכלה,3,2013-04-16_געתון_יחיעם_עין יעקב.gpx,255,2022-10-23_געתון_יחיעם.gpx,מוכל-ב,,,,,13.6,37.1,1
הכלה,3,2013-04-16_געתון_יחיעם_עין יעקב.gpx,264,2022-11-17_געתון_יחיעם.gpx,מוכל-ב,,,,,19,61.6,1
הכלה,3,2013-04-16_געתון_יחיעם_עין יעקב.gpx,535,2026-07-04_מעיליא_מנות_הילה.gpx,מוכל-ב,,,,,15.1,57,1
הכלה,3,2013-04-16_געתון_יחיעם_עין יעקב.gpx,172,2022-03-25_געתון_יחיעם.gpx,מוכל-ב,,,,,17.7,37.7,1
הכלה,3,2013-04-16_געתון_יחיעם_עין יעקב.gpx,492,2026-04-08_געתון_כברי_גשר הזיו.gpx,מוכל-ב,,,,,15.2,61,1
הכלה,3,2013-04-16_געתון_יחיעם_עין יעקב.gpx,543,2026-07-19_עין יעקב_מנות_עבדון.gpx,מוכל-ב,,,,,18.8,60.9,1
הכלה,3,2013-04-16_געתון_יחיעם_עין יעקב.gpx,151,2022-01-29_געתון_יחיעם.gpx,מוכל-ב,,,,,13.6,35.3,1
הכלה,3,2013-04-16_געתון_יחיעם_עין יעקב.gpx,513,2026-05-30_געתון_עין יעקב_מעיליא.gpx,מוכל-ב,,,,,20,61.2,1
הכלה,3,2013-04-16_געתון_יחיעם_עין יעקב.gpx,228,2022-07-16_מנות_געתון_מעיליא.gpx,מוכל-ב,,,,,20.6,60.1,1
הכלה,3,2013-04-16_געתון_יחיעם_עין יעקב.gpx,29,2013-07-19_עין יעקב_מעונה_מנות.gpx,מוכל-ב,,,,,16.7,66,1
הכלה,3,2013-04-16_געתון_יחיעם_עין יעקב.gpx,131,2021-12-09_געתון_יחיעם.gpx,מוכל-ב,,,,,18,35.1,1
הכלה,3,2013-04-16_געתון_יחיעם_עין יעקב.gpx,201,2022-05-29_געתון_כברי_לימן.gpx,מוכל-ב,,,,,17,59.1,1
הכלה,3,2013-04-16_געתון_יחיעם_עין יעקב.gpx,221,2022-07-02_יחיעם_געתון_עין יעקב.gpx,מוכל-ב,,,,,19.8,61.7,1
הכלה,3,2013-04-16_געתון_יחיעם_עין יעקב.gpx,551,2026-08-08_מנות_כברי_הילה.gpx,מוכל-ב,,,,,17.6,62.2,1
הכלה,3,2013-04-16_געתון_יחיעם_עין יעקב.gpx,520,2026-06-06_געתון_בוסתן הגליל_נתיב השיירה.gpx,מוכל-ב,,,,,19.3,64.2,1
הכלה,3,2013-04-16_געתון_יחיעם_עין יעקב.gpx,505,2026-05-13_עבדון_כברי_גורן.gpx,מוכל-ב,,,,,19.5,62.3,1
הכלה,3,2013-04-16_געתון_יחיעם_עין יעקב.gpx,446,2025-09-20_געתון_יחיעם_עין יעקב.gpx,מוכל-ב,,,,,15.5,62.9,1
הכלה,3,2013-04-16_געתון_יחיעם_עין יעקב.gpx,488,2026-03-18_געתון_כברי_גשר הזיו.gpx,מוכל-ב,,,,,16.5,64.1,1
הכלה,3,2013-04-16_געתון_יחיעם_עין יעקב.gpx,199,2022-05-26_געתון_יחיעם.gpx,מוכל-ב,,,,,14.3,34.9,1
הכלה,3,2013-04-16_געתון_יחיעם_עין יעקב.gpx,557,2026-08-14_געתון_כברי.gpx,מוכל-ב,,,,,17.8,58.8,1
הכלה,3,2013-04-16_געתון_יחיעם_עין יעקב.gpx,27,2013-07-13_געתון_מעיליא_נווה זיו.gpx,מוכל-ב,,,,,19.5,61.6,1
הכלה,3,2013-04-16_געתון_יחיעם_עין יעקב.gpx,128,2021-12-04_געתון_מעיליא_מעונה.gpx,מוכל-ב,,,,,21.6,64.4,1
הכלה,3,2013-04-16_געתון_יחיעם_עין יעקב.gpx,429,2025-03-02_געתון_עין יעקב_יחיעם.gpx,מוכל-ב,,,,,15,58.4,1
הכלה,3,2013-04-16_געתון_יחיעם_עין יעקב.gpx,278,2022-12-17_מנות_מעיליא_הילה.gpx,מוכל-ב,,,,,20.6,64.2,1
הכלה,3,2013-04-16_געתון_יחיעם_עין יעקב.gpx,173,2022-04-01_געתון_יחיעם.gpx,מוכל-ב,,,,,14.5,37.5,1
הכלה,3,2013-04-16_געתון_יחיעם_עין יעקב.gpx,139,2021-12-29_געתון_יחיעם.gpx,מוכל-ב,,,,,18.3,39.5,1
הכלה,3,2013-04-16_געתון_יחיעם_עין יעקב.gpx,280,2022-12-23_געתון_כברי_לימן.gpx,מוכל-ב,,,,,17.6,65.6,1
הכלה,3,2013-04-16_געתון_יחיעם_עין יעקב.gpx,558,2026-08-14_געתון_כברי_מצובה.gpx,מוכל-ב,,,,,14.9,64.4,1
הכלה,3,2013-04-16_געתון_יחיעם_עין יעקב.gpx,102,2021-09-16_געתון_יחיעם.gpx,מוכל-ב,,,,,14.6,40.6,1
הכלה,3,2013-04-16_געתון_יחיעם_עין יעקב.gpx,160,2022-02-19_געתון_יחיעם.gpx,מוכל-ב,,,,,15.6,33.1,1
הכלה,3,2013-04-16_געתון_יחיעם_עין יעקב.gpx,198,2022-05-25_געתון_יחיעם.gpx,מוכל-ב,,,,,15.3,32.1,1
הכלה,3,2013-04-16_געתון_יחיעם_עין יעקב.gpx,70,2013-09-28_עין יעקב_מזרעה_שבי ציון.gpx,מוכל-ב,,,,,26.5,157.9,0.943
הכלה,3,2013-04-16_געתון_יחיעם_עין יעקב.gpx,185,2022-04-21_געתון_יחיעם.gpx,מוכל-ב,,,,,15.9,38,1
הכלה,3,2013-04-16_געתון_יחיעם_עין יעקב.gpx,159,2022-02-18_געתון_כברי_גשר הזיו.gpx,מוכל-ב,,,,,16.4,64,1
הכלה,3,2013-04-16_געתון_יחיעם_עין יעקב.gpx,254,2022-10-21_געתון_יחיעם.gpx,מוכל-ב,,,,,17.6,67.4,1
הכלה,3,2013-04-16_געתון_יחיעם_עין יעקב.gpx,275,2022-12-10_מנות_הילה_כברי.gpx,מוכל-ב,,,,,21.2,62.1,1
הכלה,3,2013-04-16_געתון_יחיעם_עין יעקב.gpx,260,2022-11-04_מעיליא_געתון_מעונה.gpx,מוכל-ב,,,,,20.8,65.3,1
הכלה,3,2013-04-16_געתון_יחיעם_עין יעקב.gpx,166,2022-03-01_געתון_יחיעם.gpx,מוכל-ב,,,,,18.2,41.2,1
הכלה,3,2013-04-16_געתון_יחיעם_עין יעקב.gpx,283,2023-01-09_געתון_יחיעם.gpx,מוכל-ב,,,,,17,40.2,1
הכלה,3,2013-04-16_געתון_יחיעם_עין יעקב.gpx,193,2022-05-14_מנות_געתון_מעיליא.gpx,מוכל-ב,,,,,20.7,62.1,1
הכלה,3,2013-04-16_געתון_יחיעם_עין יעקב.gpx,479,2026-02-25_שבי ציון_נהרייה_כברי.gpx,מוכל-ב,,,,,14.9,65.2,1
הכלה,3,2013-04-16_געתון_יחיעם_עין יעקב.gpx,534,2026-07-04 געתון_חרדלית_מנות_הילה_עין_זיו_חרדלית_געתון.gpx,מוכל-ב,,,,,17.1,55.3,1
הכלה,3,2013-04-16_געתון_יחיעם_עין יעקב.gpx,268,2022-11-24_געתון_יחיעם_עין יעקב.gpx,מוכל-ב,,,,,15.8,33.4,1
הכלה,2,2013-04-15_געתון_יחיעם_עין יעקב.gpx,484,2026-03-06_עין יעקב_געתון_כברי.gpx,מוכל-ב,,,,,29.1,45.8,1
הכלה,2,2013-04-15_געתון_יחיעם_עין יעקב.gpx,146,2022-01-15_געתון_יחיעם.gpx,מוכל-ב,,,,,13.5,19.3,1
הכלה,2,2013-04-15_געתון_יחיעם_עין יעקב.gpx,208,2022-06-09_געתון_יחיעם_עין יעקב.gpx,מוכל-ב,,,,,15.1,23.2,1
הכלה,2,2013-04-15_געתון_יחיעם_עין יעקב.gpx,443,2025-09-10_געתון_יחיעם_כברי.gpx,מוכל-ב,,,,,11.1,15.2,1
הכלה,2,2013-04-15_געתון_יחיעם_עין יעקב.gpx,96,2021-09-08_געתון_יחיעם.gpx,מוכל-ב,,,,,10.1,28.6,1
הכלה,2,2013-04-15_געתון_יחיעם_עין יעקב.gpx,347,2024-01-03_געתון_יחיעם_עין יעקב.gpx,מוכל-ב,,,,,18.3,64.8,1
הכלה,2,2013-04-15_געתון_יחיעם_עין יעקב.gpx,92,2021-09-03_געתון_מעיליא_מעונה.gpx,מוכל-ב,,,,,10.9,20.2,1
הכלה,2,2013-04-15_געתון_יחיעם_עין יעקב.gpx,36,2013-08-01_מעונה_עין יעקב_געתון.gpx,מוכל-ב,,,,,12.2,23,1
הכלה,2,2013-04-15_געתון_יחיעם_עין יעקב.gpx,292,2023-02-18_געתון_יחיעם_עין יעקב.gpx,מוכל-ב,,,,,12,29.3,1
הכלה,2,2013-04-15_געתון_יחיעם_עין יעקב.gpx,215,2022-06-21_געתון_יחיעם_עין יעקב.gpx,מוכל-ב,,,,,12.1,22.9,1
הכלה,2,2013-04-15_געתון_יחיעם_עין יעקב.gpx,232,2022-07-23_געתון_נווה זיו.gpx,מוכל-ב,,,,,16.8,23.5,1
הכלה,2,2013-04-15_געתון_יחיעם_עין יעקב.gpx,239,2022-08-14_געתון_כברי_לימן.gpx,מוכל-ב,,,,,8.1,18.9,1
הכלה,2,2013-04-15_געתון_יחיעם_עין יעקב.gpx,363,2024-03-29_געתון_עין יעקב.gpx,מוכל-ב,,,,,13.3,47.6,1
הכלה,2,2013-04-15_געתון_יחיעם_עין יעקב.gpx,79,2015-07-06_געתון_עין יעקב_יחיעם.gpx,מוכל-ב,,,,,10.6,21.1,1
הכלה,2,2013-04-15_געתון_יחיעם_עין יעקב.gpx,482,2026-02-28_געתון_כברי.gpx,מוכל-ב,,,,,9,18.6,1
הכלה,2,2013-04-15_געתון_יחיעם_עין יעקב.gpx,44,2013-08-16_געתון_שלומי_כפר ראש הנקרה.gpx,מוכל-ב,,,,,20.9,24.8,1
הכלה,2,2013-04-15_געתון_יחיעם_עין יעקב.gpx,230,2022-07-19_כברי_געתון_לימן.gpx,מוכל-ב,,,,,18.8,26,1
הכלה,2,2013-04-15_געתון_יחיעם_עין יעקב.gpx,360,2024-03-09_געתון_עין יעקב.gpx,מוכל-ב,,,,,19.4,68.3,1
הכלה,2,2013-04-15_געתון_יחיעם_עין יעקב.gpx,57,2013-09-08_געתון_יחיעם_עין יעקב.gpx,מוכל-ב,,,,,12.4,20.3,1
הכלה,2,2013-04-15_געתון_יחיעם_עין יעקב.gpx,184,2022-04-19_געתון_יחיעם_כברי.gpx,מוכל-ב,,,,,18.6,24.9,1
הכלה,2,2013-04-15_געתון_יחיעם_עין יעקב.gpx,43,2013-08-14_געתון_מעונה_עין יעקב.gpx,מוכל-ב,,,,,18.2,24.8,1
הכלה,2,2013-04-15_געתון_יחיעם_עין יעקב.gpx,165,2022-02-28_געתון_כברי_לימן.gpx,מוכל-ב,,,,,15.7,20.6,1
הכלה,2,2013-04-15_געתון_יחיעם_עין יעקב.gpx,266,2022-11-19_מעיליא_געתון_מעונה.gpx,מוכל-ב,,,,,19.3,25.6,1
הכלה,2,2013-04-15_געתון_יחיעם_עין יעקב.gpx,256,2022-10-24_געתון_יחיעם.gpx,מוכל-ב,,,,,13.5,21.7,1
הכלה,2,2013-04-15_געתון_יחיעם_עין יעקב.gpx,293,2023-02-20_געתון_יחיעם_עין יעקב.gpx,מוכל-ב,,,,,14.5,28.8,1
הכלה,2,2013-04-15_געתון_יחיעם_עין יעקב.gpx,196,2022-05-19_געתון_מעונה_עין יעקב.gpx,מוכל-ב,,,,,13.9,32.2,1
הכלה,2,2013-04-15_געתון_יחיעם_עין יעקב.gpx,626,יער הדובים השיירה סינגל בני.gpx,מוכל-ב,,,,,17.2,24.2,1
הכלה,2,2013-04-15_געתון_יחיעם_עין יעקב.gpx,452,2025-10-01_שבי ציון_כברי_נהרייה.gpx,מוכל-ב,,,,,18.9,23.6,1
הכלה,2,2013-04-15_געתון_יחיעם_עין יעקב.gpx,189,2022-05-06_געתון_יחיעם.gpx,מוכל-ב,,,,,13.3,19.6,1
הכלה,2,2013-04-15_געתון_יחיעם_עין יעקב.gpx,475,2026-02-07_מעיליא_מנות_הילה.gpx,מוכל-ב,,,,,17.1,25.7,1
הכלה,2,2013-04-15_געתון_יחיעם_עין יעקב.gpx,478,2026-02-24_עין יעקב_מעונה_געתון.gpx,מוכל-ב,,,,,15.9,26.1,1
הכלה,2,2013-04-15_געתון_יחיעם_עין יעקב.gpx,40,2013-08-08_געתון_כברי.gpx,מוכל-ב,,,,,11.9,30,1
הכלה,2,2013-04-15_געתון_יחיעם_עין יעקב.gpx,179,2022-04-12_געתון_יחיעם.gpx,מוכל-ב,,,,,13.3,23.6,1
הכלה,2,2013-04-15_געתון_יחיעם_עין יעקב.gpx,107,2021-09-25_מעיליא_געתון_מעונה.gpx,מוכל-ב,,,,,10.6,21,1
הכלה,2,2013-04-15_געתון_יחיעם_עין יעקב.gpx,140,2021-12-31_געתון_מעיליא_מעונה.gpx,מוכל-ב,,,,,19.9,24.7,1
הכלה,2,2013-04-15_געתון_יחיעם_עין יעקב.gpx,156,2022-02-11_געתון_כברי_לימן.gpx,מוכל-ב,,,,,11.7,21.5,1
הכלה,2,2013-04-15_געתון_יחיעם_עין יעקב.gpx,212,2022-06-16_געתון_יחיעם_עין יעקב.gpx,מוכל-ב,,,,,10.5,27.3,1
הכלה,2,2013-04-15_געתון_יחיעם_עין יעקב.gpx,200,2022-05-27_געתון_כברי_לימן.gpx,מוכל-ב,,,,,13.6,23.3,1
הכלה,2,2013-04-15_געתון_יחיעם_עין יעקב.gpx,194,2022-05-15_געתון_יחיעם.gpx,מוכל-ב,,,,,12.5,20.2,1
הכלה,2,2013-04-15_געתון_יחיעם_עין יעקב.gpx,206,2022-06-04_געתון_כברי_נהרייה.gpx,מוכל-ב,,,,,8.8,17,1
הכלה,2,2013-04-15_געתון_יחיעם_עין יעקב.gpx,262,2022-11-09_געתון_יחיעם.gpx,מוכל-ב,,,,,17.1,23.3,1
הכלה,2,2013-04-15_געתון_יחיעם_עין יעקב.gpx,453,2025-10-02_געתון_כברי_גשר הזיו.gpx,מוכל-ב,,,,,16.9,23.8,1
הכלה,2,2013-04-15_געתון_יחיעם_עין יעקב.gpx,355,2024-02-23_געתון_עין יעקב.gpx,מוכל-ב,,,,,16,24.6,1
הכלה,2,2013-04-15_געתון_יחיעם_עין יעקב.gpx,455,2025-10-11_געתון_יחיעם_כברי.gpx,מוכל-ב,,,,,8.9,17.2,1
הכלה,2,2013-04-15_געתון_יחיעם_עין יעקב.gpx,476,2026-02-13_עין יעקב_געתון.gpx,מוכל-ב,,,,,12.5,26.8,1
הכלה,2,2013-04-15_געתון_יחיעם_עין יעקב.gpx,76,2013-10-09_עין יעקב_געתון.gpx,מוכל-ב,,,,,10.8,18.9,1
הכלה,2,2013-04-15_געתון_יחיעם_עין יעקב.gpx,100,2021-09-12_געתון_יחיעם.gpx,מוכל-ב,,,,,9.1,24.3,1
הכלה,2,2013-04-15_געתון_יחיעם_עין יעקב.gpx,56,2013-09-07_געתון_מעונה_גשר הזיו.gpx,מוכל-ב,,,,,10.4,19.7,1
הכלה,2,2013-04-15_געתון_יחיעם_עין יעקב.gpx,157,2022-02-16_געתון_יחיעם.gpx,מוכל-ב,,,,,13.2,19.5,1
הכלה,2,2013-04-15_געתון_יחיעם_עין יעקב.gpx,153,2022-02-01_געתון_יחיעם.gpx,מוכל-ב,,,,,14.7,21.7,1
הכלה,2,2013-04-15_געתון_יחיעם_עין יעקב.gpx,286,2023-01-18_געתון_כברי_גשר הזיו.gpx,מוכל-ב,,,,,16.6,24.5,1
הכלה,2,2013-04-15_געתון_יחיעם_עין יעקב.gpx,99,2021-09-11_געתון_מעיליא_מעונה.gpx,מוכל-ב,,,,,10.7,21.4,1
הכלה,2,2013-04-15_געתון_יחיעם_עין יעקב.gpx,211,2022-06-15_געתון_כברי_לימן.gpx,מוכל-ב,,,,,11.5,16.5,1
הכלה,2,2013-04-15_געתון_יחיעם_עין יעקב.gpx,502,2026-05-07_געתון_כברי_לימן.gpx,מוכל-ב,,,,,18,24.5,1
הכלה,2,2013-04-15_געתון_יחיעם_עין יעקב.gpx,490,2026-03-25_געתון_גשר הזיו_כברי.gpx,מוכל-ב,,,,,13.7,26.3,1
הכלה,2,2013-04-15_געתון_יחיעם_עין יעקב.gpx,259,2022-10-29_געתון_מעיליא_מעונה.gpx,מוכל-ב,,,,,22.2,51.1,1
הכלה,2,2013-04-15_געתון_יחיעם_עין יעקב.gpx,108,2021-09-26_געתון_יחיעם.gpx,מוכל-ב,,,,,6.8,28.7,1
הכלה,2,2013-04-15_געתון_יחיעם_עין יעקב.gpx,174,2022-04-02_געתון_מעיליא_נווה זיו.gpx,מוכל-ב,,,,,20.5,25,1
הכלה,2,2013-04-15_געתון_יחיעם_עין יעקב.gpx,447,2025-09-22_שבי ציון_כברי_נהרייה.gpx,מוכל-ב,,,,,10.7,19.4,1
הכלה,2,2013-04-15_געתון_יחיעם_עין יעקב.gpx,125,2021-11-27_מעיליא_געתון_נווה זיו.gpx,מוכל-ב,,,,,18.5,25.4,1
הכלה,2,2013-04-15_געתון_יחיעם_עין יעקב.gpx,164,2022-02-27_געתון_יחיעם.gpx,מוכל-ב,,,,,14.6,22.3,1
הכלה,2,2013-04-15_געתון_יחיעם_עין יעקב.gpx,61,2013-09-14_עין המפרץ_געתון_מזרעה.gpx,מוכל-ב,,,,,21,32.2,1
הכלה,2,2013-04-15_געתון_יחיעם_עין יעקב.gpx,226,2022-07-11_געתון_כברי_כפר ראש הנקרה.gpx,מוכל-ב,,,,,11.6,21.1,1
הכלה,2,2013-04-15_געתון_יחיעם_עין יעקב.gpx,550,2026-08-08_געתון_כברי_מנות.gpx,מוכל-ב,,,,,18.3,24.6,1
הכלה,2,2013-04-15_געתון_יחיעם_עין יעקב.gpx,55,2013-09-05_געתון_יחיעם_עין יעקב.gpx,מוכל-ב,,,,,16.1,24,1
הכלה,2,2013-04-15_געתון_יחיעם_עין יעקב.gpx,270,2022-12-03_מנות_הילה_מעיליא.gpx,מוכל-ב,,,,,20.3,26.1,1
הכלה,2,2013-04-15_געתון_יחיעם_עין יעקב.gpx,497,2026-04-20_כברי_געתון_גשר הזיו.gpx,מוכל-ב,,,,,13.7,20,1
הכלה,2,2013-04-15_געתון_יחיעם_עין יעקב.gpx,541,2026-07-14_שבי ציון_כברי_נהרייה.gpx,מוכל-ב,,,,,15.3,24.1,1
הכלה,2,2013-04-15_געתון_יחיעם_עין יעקב.gpx,528,2026-06-24 געתון_נהריה_ראש-הנקרה_נהריה_געתון.gpx,מוכל-ב,,,,,17.8,21.4,1
הכלה,2,2013-04-15_געתון_יחיעם_עין יעקב.gpx,187,2022-04-24_געתון_יחיעם.gpx,מוכל-ב,,,,,12.3,28.1,1
הכלה,2,2013-04-15_געתון_יחיעם_עין יעקב.gpx,150,2022-01-21_געתון_יחיעם.gpx,מוכל-ב,,,,,12.4,20.6,1
הכלה,2,2013-04-15_געתון_יחיעם_עין יעקב.gpx,264,2022-11-17_געתון_יחיעם.gpx,מוכל-ב,,,,,17.6,22.5,1
הכלה,2,2013-04-15_געתון_יחיעם_עין יעקב.gpx,344,2023-12-19_געתון_עין יעקב_יחיעם_1.gpx,מוכל-ב,,,,,13.9,29.1,1
הכלה,2,2013-04-15_געתון_יחיעם_עין יעקב.gpx,91,2021-08-07_געתון_מעיליא_מעונה.gpx,מוכל-ב,,,,,18,24.6,1
הכלה,2,2013-04-15_געתון_יחיעם_עין יעקב.gpx,202,2022-05-31_געתון_יחיעם.gpx,מוכל-ב,,,,,11.6,22.6,1
הכלה,2,2013-04-15_געתון_יחיעם_עין יעקב.gpx,123,2021-11-22_געתון_יחיעם.gpx,מוכל-ב,,,,,13.6,21.6,1
הכלה,2,2013-04-15_געתון_יחיעם_עין יעקב.gpx,216,2022-06-24_מנות_מעיליא_כברי.gpx,מוכל-ב,,,,,17.7,24.5,1
הכלה,2,2013-04-15_געתון_יחיעם_עין יעקב.gpx,68,2013-09-26_געתון_כפר ורדים_מנות.gpx,מוכל-ב,,,,,9.9,22.3,1
הכלה,2,2013-04-15_געתון_יחיעם_עין יעקב.gpx,3,2013-04-16_געתון_יחיעם_עין יעקב.gpx,מוכל-ב,,,,,8.7,18.8,1
הכלה,2,2013-04-15_געתון_יחיעם_עין יעקב.gpx,23,2013-06-30_געתון_יחיעם_עין יעקב.gpx,מוכל-ב,,,,,8,24.8,1
הכלה,2,2013-04-15_געתון_יחיעם_עין יעקב.gpx,513,2026-05-30_געתון_עין יעקב_מעיליא.gpx,מוכל-ב,,,,,19.5,25.8,1
הכלה,2,2013-04-15_געתון_יחיעם_עין יעקב.gpx,214,2022-06-19_געתון_כברי_לימן.gpx,מוכל-ב,,,,,14.7,22,1
הכלה,2,2013-04-15_געתון_יחיעם_עין יעקב.gpx,195,2022-05-18_געתון_יחיעם.gpx,מוכל-ב,,,,,11.1,20.7,1
הכלה,2,2013-04-15_געתון_יחיעם_עין יעקב.gpx,122,2021-11-19_געתון_יחיעם.gpx,מוכל-ב,,,,,15.9,22.7,1
הכלה,2,2013-04-15_געתון_יחיעם_עין יעקב.gpx,265,2022-11-18_געתון_יחיעם_עין יעקב.gpx,מוכל-ב,,,,,13.4,19.1,1
הכלה,2,2013-04-15_געתון_יחיעם_עין יעקב.gpx,536,2026-07-07_עבדון_געתון_יערה.gpx,מוכל-ב,,,,,13.7,21.4,1
הכלה,2,2013-04-15_געתון_יחיעם_עין יעקב.gpx,201,2022-05-29_געתון_כברי_לימן.gpx,מוכל-ב,,,,,12,24.7,1
הכלה,2,2013-04-15_געתון_יחיעם_עין יעקב.gpx,551,2026-08-08_מנות_כברי_הילה.gpx,מוכל-ב,,,,,16.4,25.7,1
הכלה,2,2013-04-15_געתון_יחיעם_עין יעקב.gpx,277,2022-12-16_געתון_יחיעם_עין יעקב.gpx,מוכל-ב,,,,,18.5,27.5,1
הכלה,2,2013-04-15_געתון_יחיעם_עין יעקב.gpx,511,2026-05-27_געתון_עין יעקב.gpx,מוכל-ב,,,,,19.4,83.7,1
הכלה,2,2013-04-15_געתון_יחיעם_עין יעקב.gpx,32,2013-07-25_געתון_שלומי_כברי.gpx,מוכל-ב,,,,,9.2,24.3,1
הכלה,2,2013-04-15_געתון_יחיעם_עין יעקב.gpx,162,2022-02-23_געתון_יחיעם.gpx,מוכל-ב,,,,,14.5,19.9,1
הכלה,2,2013-04-15_געתון_יחיעם_עין יעקב.gpx,255,2022-10-23_געתון_יחיעם.gpx,מוכל-ב,,,,,9.5,18,1
הכלה,2,2013-04-15_געתון_יחיעם_עין יעקב.gpx,199,2022-05-26_געתון_יחיעם.gpx,מוכל-ב,,,,,9.1,29.7,1
הכלה,2,2013-04-15_געתון_יחיעם_עין יעקב.gpx,535,2026-07-04_מעיליא_מנות_הילה.gpx,מוכל-ב,,,,,9.5,14.1,1
הכלה,2,2013-04-15_געתון_יחיעם_עין יעקב.gpx,16,2013-06-14_געתון_נהרייה_נתיב השיירה.gpx,מוכל-ב,,,,,10.2,23.9,1
הכלה,2,2013-04-15_געתון_יחיעם_עין יעקב.gpx,172,2022-03-25_געתון_יחיעם.gpx,מוכל-ב,,,,,16.1,19.4,1
הכלה,2,2013-04-15_געתון_יחיעם_עין יעקב.gpx,492,2026-04-08_געתון_כברי_גשר הזיו.gpx,מוכל-ב,,,,,9.9,15.6,1
הכלה,2,2013-04-15_געתון_יחיעם_עין יעקב.gpx,139,2021-12-29_געתון_יחיעם.gpx,מוכל-ב,,,,,14,22.8,1
הכלה,2,2013-04-15_געתון_יחיעם_עין יעקב.gpx,543,2026-07-19_עין יעקב_מנות_עבדון.gpx,מוכל-ב,,,,,18.9,24.2,1
הכלה,2,2013-04-15_געתון_יחיעם_עין יעקב.gpx,102,2021-09-16_געתון_יחיעם.gpx,מוכל-ב,,,,,9.8,25.5,1
הכלה,2,2013-04-15_געתון_יחיעם_עין יעקב.gpx,151,2022-01-29_געתון_יחיעם.gpx,מוכל-ב,,,,,12,23,1
הכלה,2,2013-04-15_געתון_יחיעם_עין יעקב.gpx,275,2022-12-10_מנות_הילה_כברי.gpx,מוכל-ב,,,,,18.7,23.9,1
הכלה,2,2013-04-15_געתון_יחיעם_עין יעקב.gpx,228,2022-07-16_מנות_געתון_מעיליא.gpx,מוכל-ב,,,,,18.7,26.1,1
הכלה,2,2013-04-15_געתון_יחיעם_עין יעקב.gpx,29,2013-07-19_עין יעקב_מעונה_מנות.gpx,מוכל-ב,,,,,19.2,25.5,1
הכלה,2,2013-04-15_געתון_יחיעם_עין יעקב.gpx,131,2021-12-09_געתון_יחיעם.gpx,מוכל-ב,,,,,17,22.7,1
הכלה,2,2013-04-15_געתון_יחיעם_עין יעקב.gpx,221,2022-07-02_יחיעם_געתון_עין יעקב.gpx,מוכל-ב,,,,,17.7,24,1
הכלה,2,2013-04-15_געתון_יחיעם_עין יעקב.gpx,283,2023-01-09_געתון_יחיעם.gpx,מוכל-ב,,,,,17.4,22.8,1
הכלה,2,2013-04-15_געתון_יחיעם_עין יעקב.gpx,520,2026-06-06_געתון_בוסתן הגליל_נתיב השיירה.gpx,מוכל-ב,,,,,13,30.5,1
הכלה,2,2013-04-15_געתון_יחיעם_עין יעקב.gpx,505,2026-05-13_עבדון_כברי_גורן.gpx,מוכל-ב,,,,,15.4,23.5,1
הכלה,2,2013-04-15_געתון_יחיעם_עין יעקב.gpx,268,2022-11-24_געתון_יחיעם_עין יעקב.gpx,מוכל-ב,,,,,12.1,27,1
הכלה,2,2013-04-15_געתון_יחיעם_עין יעקב.gpx,446,2025-09-20_געתון_יחיעם_עין יעקב.gpx,מוכל-ב,,,,,15.1,20,1
הכלה,2,2013-04-15_געתון_יחיעם_עין יעקב.gpx,282,2022-12-30_געתון_כברי_לימן.gpx,מוכל-ב,,,,,16.7,24.4,1
הכלה,2,2013-04-15_געתון_יחיעם_עין יעקב.gpx,152,2022-01-30_געתון_יחיעם.gpx,מוכל-ב,,,,,11.2,21.4,1
הכלה,2,2013-04-15_געתון_יחיעם_עין יעקב.gpx,488,2026-03-18_געתון_כברי_גשר הזיו.gpx,מוכל-ב,,,,,8.8,25.2,1
הכלה,2,2013-04-15_געתון_יחיעם_עין יעקב.gpx,557,2026-08-14_געתון_כברי.gpx,מוכל-ב,,,,,11.1,26.3,1
הכלה,2,2013-04-15_געתון_יחיעם_עין יעקב.gpx,27,2013-07-13_געתון_מעיליא_נווה זיו.gpx,מוכל-ב,,,,,13.9,24.6,1
הכלה,2,2013-04-15_געתון_יחיעם_עין יעקב.gpx,93,2021-09-04_געתון_מעיליא_מעונה.gpx,מוכל-ב,,,,,9.2,26.2,1
הכלה,2,2013-04-15_געתון_יחיעם_עין יעקב.gpx,128,2021-12-04_געתון_מעיליא_מעונה.gpx,מוכל-ב,,,,,19.1,24.9,1
הכלה,2,2013-04-15_געתון_יחיעם_עין יעקב.gpx,429,2025-03-02_געתון_עין יעקב_יחיעם.gpx,מוכל-ב,,,,,10.4,16.4,1
הכלה,2,2013-04-15_געתון_יחיעם_עין יעקב.gpx,278,2022-12-17_מנות_מעיליא_הילה.gpx,מוכל-ב,,,,,20.8,25.5,1
הכלה,2,2013-04-15_געתון_יחיעם_עין יעקב.gpx,173,2022-04-01_געתון_יחיעם.gpx,מוכל-ב,,,,,10.5,25.9,1
הכלה,2,2013-04-15_געתון_יחיעם_עין יעקב.gpx,280,2022-12-23_געתון_כברי_לימן.gpx,מוכל-ב,,,,,8.6,26.7,1
הכלה,2,2013-04-15_געתון_יחיעם_עין יעקב.gpx,558,2026-08-14_געתון_כברי_מצובה.gpx,מוכל-ב,,,,,11.6,20.4,1
הכלה,2,2013-04-15_געתון_יחיעם_עין יעקב.gpx,74,2013-10-06_מעונה_עין יעקב_געתון.gpx,מוכל-ב,,,,,14.2,27.8,1
הכלה,2,2013-04-15_געתון_יחיעם_עין יעקב.gpx,160,2022-02-19_געתון_יחיעם.gpx,מוכל-ב,,,,,10.4,25.2,1
הכלה,2,2013-04-15_געתון_יחיעם_עין יעקב.gpx,198,2022-05-25_געתון_יחיעם.gpx,מוכל-ב,,,,,11.6,19.9,1
הכלה,2,2013-04-15_געתון_יחיעם_עין יעקב.gpx,185,2022-04-21_געתון_יחיעם.gpx,מוכל-ב,,,,,14.1,25,1
הכלה,2,2013-04-15_געתון_יחיעם_עין יעקב.gpx,159,2022-02-18_געתון_כברי_גשר הזיו.gpx,מוכל-ב,,,,,10.9,18.9,1
הכלה,2,2013-04-15_געתון_יחיעם_עין יעקב.gpx,14,2013-06-08_שבי ציון_געתון_כברי.gpx,מוכל-ב,,,,,17.3,29.4,1
הכלה,2,2013-04-15_געתון_יחיעם_עין יעקב.gpx,254,2022-10-21_געתון_יחיעם.gpx,מוכל-ב,,,,,14,25.8,1
הכלה,2,2013-04-15_געתון_יחיעם_עין יעקב.gpx,260,2022-11-04_מעיליא_געתון_מעונה.gpx,מוכל-ב,,,,,20.3,25.1,1
הכלה,2,2013-04-15_געתון_יחיעם_עין יעקב.gpx,166,2022-03-01_געתון_יחיעם.gpx,מוכל-ב,,,,,16.2,30.5,1
הכלה,2,2013-04-15_געתון_יחיעם_עין יעקב.gpx,193,2022-05-14_מנות_געתון_מעיליא.gpx,מוכל-ב,,,,,19.5,24.6,1
הכלה,2,2013-04-15_געתון_יחיעם_עין יעקב.gpx,479,2026-02-25_שבי ציון_נהרייה_כברי.gpx,מוכל-ב,,,,,9.4,29.6,1
הכלה,2,2013-04-15_געתון_יחיעם_עין יעקב.gpx,534,2026-07-04 געתון_חרדלית_מנות_הילה_עין_זיו_חרדלית_געתון.gpx,מוכל-ב,,,,,6.2,17.1,1
הכלה,2,2013-04-15_געתון_יחיעם_עין יעקב.gpx,540,2026-07-14_שבי ציון_געתון_נהרייה.gpx,מוכל-ב,,,,,11.9,25.7,1
הכלה,2,2013-04-15_געתון_יחיעם_עין יעקב.gpx,257,2022-10-26_געתון_יחיעם.gpx,מוכל-ב,,,,,13.5,21,1
הכלה,2,2013-04-15_געתון_יחיעם_עין יעקב.gpx,236,2022-08-09_געתון_יחיעם.gpx,מוכל-ב,,,,,16.7,23.6,1
הכלה,2,2013-04-15_געתון_יחיעם_עין יעקב.gpx,276,2022-12-12_געתון_יחיעם_עין יעקב.gpx,מוכל-ב,,,,,8.2,20.8,1
הכלה,2,2013-04-15_געתון_יחיעם_עין יעקב.gpx,105,2021-09-21_מעיליא_געתון_מעונה.gpx,מוכל-ב,,,,,17.3,28.9,1
הכלה,2,2013-04-15_געתון_יחיעם_עין יעקב.gpx,209,2022-06-11_מנות_מעיליא_כברי.gpx,מוכל-ב,,,,,19.3,24.8,1
הכלה,2,2013-04-15_געתון_יחיעם_עין יעקב.gpx,177,2022-04-07_געתון_יחיעם.gpx,מוכל-ב,,,,,9.3,14.4,1
הכלה,2,2013-04-15_געתון_יחיעם_עין יעקב.gpx,175,2022-04-03_געתון_יחיעם.gpx,מוכל-ב,,,,,15.2,23.9,1
הכלה,2,2013-04-15_געתון_יחיעם_עין יעקב.gpx,34,2013-07-27_געתון_כברי_מנות.gpx,מוכל-ב,,,,,13.2,30.9,1
הכלה,2,2013-04-15_געתון_יחיעם_עין יעקב.gpx,50,2013-08-28_געתון_יחיעם_עין יעקב.gpx,מוכל-ב,,,,,17.2,69.5,1
הכלה,2,2013-04-15_געתון_יחיעם_עין יעקב.gpx,161,2022-02-22_געתון_יחיעם.gpx,מוכל-ב,,,,,17.2,22.2,1
הכלה,2,2013-04-15_געתון_יחיעם_עין יעקב.gpx,197,2022-05-20_געתון_כברי_לימן.gpx,מוכל-ב,,,,,13.5,24.4,1
הכלה,2,2013-04-15_געתון_יחיעם_עין יעקב.gpx,42,2013-08-12_געתון_כברי_לימן.gpx,מוכל-ב,,,,,18.7,31,1
הכלה,2,2013-04-15_געתון_יחיעם_עין יעקב.gpx,253,2022-10-17_געתון_מעיליא_מעונה.gpx,מוכל-ב,,,,,22.2,50.9,1
הכלה,2,2013-04-15_געתון_יחיעם_עין יעקב.gpx,234,2022-08-02_געתון_יחיעם.gpx,מוכל-ב,,,,,17.1,57.5,1
הכלה,2,2013-04-15_געתון_יחיעם_עין יעקב.gpx,48,2013-08-24_מזרעה_שבי ציון_געתון.gpx,מוכל-ב,,,,,16.2,28.9,1
הכלה,2,2013-04-15_געתון_יחיעם_עין יעקב.gpx,24,2013-07-08_עין יעקב_מעונה_געתון.gpx,מוכל-ב,,,,,15.9,28.9,1
הכלה,2,2013-04-15_געתון_יחיעם_עין יעקב.gpx,137,2021-12-21_געתון_יחיעם.gpx,מוכל-ב,,,,,11.6,21,1
הכלה,2,2013-04-15_געתון_יחיעם_עין יעקב.gpx,519,2026-06-06 געתון_רגבה_עכו.gpx,מוכל-ב,,,,,16,23.8,1
הכלה,2,2013-04-15_געתון_יחיעם_עין יעקב.gpx,67,2013-09-25_געתון_עין יעקב_מעיליא.gpx,מוכל-ב,,,,,11.6,20.1,1
הכלה,2,2013-04-15_געתון_יחיעם_עין יעקב.gpx,180,2022-04-13_געתון_יחיעם.gpx,מוכל-ב,,,,,9.2,26.9,1
הכלה,2,2013-04-15_געתון_יחיעם_עין יעקב.gpx,188,2022-05-04_געתון_יחיעם.gpx,מוכל-ב,,,,,12.3,23.8,1
הכלה,2,2013-04-15_געתון_יחיעם_עין יעקב.gpx,439,2025-08-28_געתון_כברי_לימן.gpx,מוכל-ב,,,,,20.3,24.4,1
הכלה,2,2013-04-15_געתון_יחיעם_עין יעקב.gpx,60,2013-09-13_עין יעקב_מעיליא_מנות.gpx,מוכל-ב,,,,,13.1,34.8,1
הכלה,2,2013-04-15_געתון_יחיעם_עין יעקב.gpx,483,2026-03-05_געתון_כברי.gpx,מוכל-ב,,,,,10.1,18.7,1
הכלה,2,2013-04-15_געתון_יחיעם_עין יעקב.gpx,291,2023-02-17_געתון_יחיעם_עין יעקב.gpx,מוכל-ב,,,,,12.3,25,1
הכלה,2,2013-04-15_געתון_יחיעם_עין יעקב.gpx,345,2023-12-30_געתון_יחיעם_עין יעקב.gpx,מוכל-ב,,,,,12.5,54.4,1
הכלה,2,2013-04-15_געתון_יחיעם_עין יעקב.gpx,243,2022-08-21_געתון_יחיעם.gpx,מוכל-ב,,,,,12.1,23.5,1
הכלה,2,2013-04-15_געתון_יחיעם_עין יעקב.gpx,167,2022-03-04_געתון_כברי_יחיעם.gpx,מוכל-ב,,,,,16.6,22.1,1
הכלה,2,2013-04-15_געתון_יחיעם_עין יעקב.gpx,238,2022-08-13_מנות_הילה_מעיליא.gpx,מוכל-ב,,,,,16.5,23.8,1
הכלה,2,2013-04-15_געתון_יחיעם_עין יעקב.gpx,26,2013-07-12_געתון_שלומי_כפר ראש הנקרה.gpx,מוכל-ב,,,,,20.3,28.2,1
הכלה,2,2013-04-15_געתון_יחיעם_עין יעקב.gpx,279,2022-12-21_געתון_יחיעם.gpx,מוכל-ב,,,,,17.1,24,1
הכלה,2,2013-04-15_געתון_יחיעם_עין יעקב.gpx,341,2023-11-20_געתון_עין יעקב.gpx,מוכל-ב,,,,,21.6,105.2,0.929
הכלה,2,2013-04-15_געתון_יחיעם_עין יעקב.gpx,71,2013-10-01_געתון_עין יעקב.gpx,מוכל-ב,,,,,10.5,20.3,1
הכלה,2,2013-04-15_געתון_יחיעם_עין יעקב.gpx,192,2022-05-12_געתון_יחיעם.gpx,מוכל-ב,,,,,14.4,23.5,1
הכלה,2,2013-04-15_געתון_יחיעם_עין יעקב.gpx,237,2022-08-10_געתון_יחיעם_עין יעקב.gpx,מוכל-ב,,,,,11.4,23.1,1
הכלה,2,2013-04-15_געתון_יחיעם_עין יעקב.gpx,191,2022-05-11_געתון_יחיעם.gpx,מוכל-ב,,,,,14,23.6,1
הכלה,2,2013-04-15_געתון_יחיעם_עין יעקב.gpx,448,2025-09-23_געתון_כברי_לימן.gpx,מוכל-ב,,,,,9.6,19,1
הכלה,2,2013-04-15_געתון_יחיעם_עין יעקב.gpx,72,2013-10-02_געתון_עין יעקב_מעיליא.gpx,מוכל-ב,,,,,15.7,25.6,1
הכלה,2,2013-04-15_געתון_יחיעם_עין יעקב.gpx,62,2013-09-18_געתון_מעיליא_מנות.gpx,מוכל-ב,,,,,20.4,24.7,1
הכלה,2,2013-04-15_געתון_יחיעם_עין יעקב.gpx,512,2026-05-27_עין יעקב_געתון.gpx,מוכל-ב,,,,,13.3,20,1
הכלה,2,2013-04-15_געתון_יחיעם_עין יעקב.gpx,13,2013-06-06_געתון_עין יעקב.gpx,מוכל-ב,,,,,11.3,24,1
הכלה,2,2013-04-15_געתון_יחיעם_עין יעקב.gpx,142,2022-01-04_געתון_יחיעם.gpx,מוכל-ב,,,,,15.6,21.6,1
הכלה,2,2013-04-15_געתון_יחיעם_עין יעקב.gpx,284,2023-01-10_געתון_כברי_לימן.gpx,מוכל-ב,,,,,14.3,25.1,1
הכלה,2,2013-04-15_געתון_יחיעם_עין יעקב.gpx,356,2024-02-25_געתון_עין יעקב.gpx,מוכל-ב,,,,,13,46.6,1
הכלה,2,2013-04-15_געתון_יחיעם_עין יעקב.gpx,25,2013-07-10_עין יעקב_מעונה_געתון.gpx,מוכל-ב,,,,,8.7,16.9,1
הכלה,2,2013-04-15_געתון_יחיעם_עין יעקב.gpx,21,2013-06-26_געתון_עין יעקב.gpx,מוכל-ב,,,,,9.8,21.5,1
הכלה,2,2013-04-15_געתון_יחיעם_עין יעקב.gpx,263,2022-11-11_געתון_יחיעם.gpx,מוכל-ב,,,,,20.3,27.8,1
הכלה,2,2013-04-15_געתון_יחיעם_עין יעקב.gpx,35,2013-07-30_מעונה_עין יעקב_געתון.gpx,מוכל-ב,,,,,18.3,28.2,1
הכלה,2,2013-04-15_געתון_יחיעם_עין יעקב.gpx,227,2022-07-15_געתון_כברי_לימן.gpx,מוכל-ב,,,,,14.9,23,1
הכלה,2,2013-04-15_געתון_יחיעם_עין יעקב.gpx,117,2021-11-06_מעיליא_געתון_מעונה.gpx,מוכל-ב,,,,,13.2,24.4,1
הכלה,2,2013-04-15_געתון_יחיעם_עין יעקב.gpx,281,2022-12-28_געתון_גשר הזיו_כברי.gpx,מוכל-ב,,,,,10.9,21.4,1
הכלה,2,2013-04-15_געתון_יחיעם_עין יעקב.gpx,242,2022-08-20_געתון_מנות_מעיליא.gpx,מוכל-ב,,,,,17.3,24.4,1
הכלה,2,2013-04-15_געתון_יחיעם_עין יעקב.gpx,233,2022-07-31_געתון_יחיעם.gpx,מוכל-ב,,,,,14.1,18.8,1
הכלה,2,2013-04-15_געתון_יחיעם_עין יעקב.gpx,52,2013-08-30_מעונה_עין יעקב_געתון.gpx,מוכל-ב,,,,,22.8,54.1,1
הכלה,2,2013-04-15_געתון_יחיעם_עין יעקב.gpx,154,2022-02-02_געתון_יחיעם.gpx,מוכל-ב,,,,,10.6,21.3,1
הכלה,2,2013-04-15_געתון_יחיעם_עין יעקב.gpx,183,2022-04-16_מנות_הילה_מעיליא.gpx,מוכל-ב,,,,,20,25,1
הכלה,2,2013-04-15_געתון_יחיעם_עין יעקב.gpx,241,2022-08-19_געתון_כברי_לימן.gpx,מוכל-ב,,,,,14.8,20.9,1
הכלה,2,2013-04-15_געתון_יחיעם_עין יעקב.gpx,496,2026-04-16_עין יעקב_מעונה_געתון.gpx,מוכל-ב,,,,,19.3,24.7,1
הכלה,2,2013-04-15_געתון_יחיעם_עין יעקב.gpx,223,2022-07-07_געתון_יחיעם.gpx,מוכל-ב,,,,,14.5,23.5,1
הכלה,2,2013-04-15_געתון_יחיעם_עין יעקב.gpx,138,2021-12-25_געתון_מעיליא_מעונה.gpx,מוכל-ב,,,,,19.4,25.6,1
הכלה,2,2013-04-15_געתון_יחיעם_עין יעקב.gpx,145,2022-01-14_געתון_יחיעם.gpx,מוכל-ב,,,,,15.1,23,1
הכלה,2,2013-04-15_געתון_יחיעם_עין יעקב.gpx,101,2021-09-14_געתון_יחיעם.gpx,מוכל-ב,,,,,8.4,18.4,1
הכלה,2,2013-04-15_געתון_יחיעם_עין יעקב.gpx,442,2025-09-08_געתון_יחיעם_כברי.gpx,מוכל-ב,,,,,8.4,18.1,1
הכלה,2,2013-04-15_געתון_יחיעם_עין יעקב.gpx,340,2023-10-21_געתון_עין יעקב_1.gpx,מוכל-ב,,,,,11.9,50.3,1
הכלה,2,2013-04-15_געתון_יחיעם_עין יעקב.gpx,339,2023-10-21_געתון_עין יעקב.gpx,מוכל-ב,,,,,13.1,38.7,1
הכלה,2,2013-04-15_געתון_יחיעם_עין יעקב.gpx,261,2022-11-07_געתון_יחיעם_עין יעקב.gpx,מוכל-ב,,,,,12.7,26.5,1
הכלה,2,2013-04-15_געתון_יחיעם_עין יעקב.gpx,348,2024-01-03_געתון_יחיעם_עין יעקב_1.gpx,מוכל-ב,,,,,18,49.2,1
הכלה,2,2013-04-15_געתון_יחיעם_עין יעקב.gpx,224,2022-07-08_מנות_געתון_הילה.gpx,מוכל-ב,,,,,13.6,19.6,1
הכלה,2,2013-04-15_געתון_יחיעם_עין יעקב.gpx,47,2013-08-23_געתון_יחיעם.gpx,מוכל-ב,,,,,12.1,19.9,1
הכלה,2,2013-04-15_געתון_יחיעם_עין יעקב.gpx,28,2013-07-15_געתון_שבי ציון_גשר הזיו.gpx,מוכל-ב,,,,,13.2,25.2,1
הכלה,2,2013-04-15_געתון_יחיעם_עין יעקב.gpx,346,2023-12-31_געתון_יחיעם_עין יעקב.gpx,מוכל-ב,,,,,19.5,85.9,1
הכלה,2,2013-04-15_געתון_יחיעם_עין יעקב.gpx,210,2022-06-12_געתון_יחיעם.gpx,מוכל-ב,,,,,14.2,22.6,1
הכלה,2,2013-04-15_געתון_יחיעם_עין יעקב.gpx,124,2021-11-23_געתון_יחיעם.gpx,מוכל-ב,,,,,14.3,21.6,1
הכלה,2,2013-04-15_געתון_יחיעם_עין יעקב.gpx,143,2022-01-07_געתון_מעיליא_מעונה.gpx,מוכל-ב,,,,,18.6,24.3,1
הכלה,1,2013-04-13_געתון_עין יעקב.gpx,10,2013-05-11_געתון_עין יעקב.gpx,מוכל-ב,,,,,16.8,45.7,1
